"tissue","model","analysis_set","distance_to_tss_kb","density","bandwidth_kb","kernel","normalization","n_cs_selected","n_cs_total","n_cs_in_window","n_cs_missing_distance","n_cs_outside_window","plot_limit_kb"
"All tissues","SuSiE","CSs without a shared biological lead SNP",-200,0.000125080038189176,10,"gaussian","all finite selected distances; unit area over full domain",441,441,372,0,69,200
"All tissues","SuSiE","CSs without a shared biological lead SNP",-199.609375,0.000131171656631739,10,"gaussian","all finite selected distances; unit area over full domain",441,441,372,0,69,200
"All tissues","SuSiE","CSs without a shared biological lead SNP",-199.21875,0.000137442864037517,10,"gaussian","all finite selected distances; unit area over full domain",441,441,372,0,69,200
"All tissues","SuSiE","CSs without a shared biological lead SNP",-198.828125,0.000143896300468638,10,"gaussian","all finite selected distances; unit area over full domain",441,441,372,0,69,200
"All tissues","SuSiE","CSs without a shared biological lead SNP",-198.4375,0.000150508795674655,10,"gaussian","all finite selected distances; unit area over full domain",441,441,372,0,69,200
"All tissues","SuSiE","CSs without a shared biological lead SNP",-198.046875,0.000157277858991528,10,"gaussian","all finite selected distances; unit area over full domain",441,441,372,0,69,200
"All tissues","SuSiE","CSs without a shared biological lead SNP",-197.65625,0.000164202797699753,10,"gaussian","all finite selected distances; unit area over full domain",441,441,372,0,69,200
"All tissues","SuSiE","CSs without a shared biological lead SNP",-197.265625,0.000171261409687137,10,"gaussian","all finite selected distances; unit area over full domain",441,441,372,0,69,200
"All tissues","SuSiE","CSs without a shared biological lead SNP",-196.875,0.000178449172313062,10,"gaussian","all finite selected distances; unit area over full domain",441,441,372,0,69,200
"All tissues","SuSiE","CSs without a shared biological lead SNP",-196.484375,0.000185762099082494,10,"gaussian","all finite selected distances; unit area over full domain",441,441,372,0,69,200
"All tissues","SuSiE","CSs without a shared biological lead SNP",-196.09375,0.000193179495762246,10,"gaussian","all finite selected distances; unit area over full domain",441,441,372,0,69,200
"All tissues","SuSiE","CSs without a shared biological lead SNP",-195.703125,0.000200694859720255,10,"gaussian","all finite selected distances; unit area over full domain",441,441,372,0,69,200
"All tissues","SuSiE","CSs without a shared biological lead SNP",-195.3125,0.000208301129848936,10,"gaussian","all finite selected distances; unit area over full domain",441,441,372,0,69,200
"All tissues","SuSiE","CSs without a shared biological lead SNP",-194.921875,0.000215979685329909,10,"gaussian","all finite selected distances; unit area over full domain",441,441,372,0,69,200
"All tissues","SuSiE","CSs without a shared biological lead SNP",-194.53125,0.000223722213577647,10,"gaussian","all finite selected distances; unit area over full domain",441,441,372,0,69,200
"All tissues","SuSiE","CSs without a shared biological lead SNP",-194.140625,0.000231518977828764,10,"gaussian","all finite selected distances; unit area over full domain",441,441,372,0,69,200
"All tissues","SuSiE","CSs without a shared biological lead SNP",-193.75,0.000239353983098495,10,"gaussian","all finite selected distances; unit area over full domain",441,441,372,0,69,200
"All tissues","SuSiE","CSs without a shared biological lead SNP",-193.359375,0.000247217392404667,10,"gaussian","all finite selected distances; unit area over full domain",441,441,372,0,69,200
"All tissues","SuSiE","CSs without a shared biological lead SNP",-192.96875,0.000255097355660244,10,"gaussian","all finite selected distances; unit area over full domain",441,441,372,0,69,200
"All tissues","SuSiE","CSs without a shared biological lead SNP",-192.578125,0.000262981001074216,10,"gaussian","all finite selected distances; unit area over full domain",441,441,372,0,69,200
"All tissues","SuSiE","CSs without a shared biological lead SNP",-192.1875,0.000270857356396108,10,"gaussian","all finite selected distances; unit area over full domain",441,441,372,0,69,200
"All tissues","SuSiE","CSs without a shared biological lead SNP",-191.796875,0.000278713152692013,10,"gaussian","all finite selected distances; unit area over full domain",441,441,372,0,69,200
"All tissues","SuSiE","CSs without a shared biological lead SNP",-191.40625,0.000286539042872063,10,"gaussian","all finite selected distances; unit area over full domain",441,441,372,0,69,200
"All tissues","SuSiE","CSs without a shared biological lead SNP",-191.015625,0.000294323391831085,10,"gaussian","all finite selected distances; unit area over full domain",441,441,372,0,69,200
"All tissues","SuSiE","CSs without a shared biological lead SNP",-190.625,0.000302052295274036,10,"gaussian","all finite selected distances; unit area over full domain",441,441,372,0,69,200
"All tissues","SuSiE","CSs without a shared biological lead SNP",-190.234375,0.000309720200961749,10,"gaussian","all finite selected distances; unit area over full domain",441,441,372,0,69,200
"All tissues","SuSiE","CSs without a shared biological lead SNP",-189.84375,0.000317315339956806,10,"gaussian","all finite selected distances; unit area over full domain",441,441,372,0,69,200
"All tissues","SuSiE","CSs without a shared biological lead SNP",-189.453125,0.000324823994282198,10,"gaussian","all finite selected distances; unit area over full domain",441,441,372,0,69,200
"All tissues","SuSiE","CSs without a shared biological lead SNP",-189.0625,0.000332244518752427,10,"gaussian","all finite selected distances; unit area over full domain",441,441,372,0,69,200
"All tissues","SuSiE","CSs without a shared biological lead SNP",-188.671875,0.000339565565748966,10,"gaussian","all finite selected distances; unit area over full domain",441,441,372,0,69,200
"All tissues","SuSiE","CSs without a shared biological lead SNP",-188.28125,0.000346774409987573,10,"gaussian","all finite selected distances; unit area over full domain",441,441,372,0,69,200
"All tissues","SuSiE","CSs without a shared biological lead SNP",-187.890625,0.000353873252589569,10,"gaussian","all finite selected distances; unit area over full domain",441,441,372,0,69,200
"All tissues","SuSiE","CSs without a shared biological lead SNP",-187.5,0.000360851717129247,10,"gaussian","all finite selected distances; unit area over full domain",441,441,372,0,69,200
"All tissues","SuSiE","CSs without a shared biological lead SNP",-187.109375,0.000367698811000271,10,"gaussian","all finite selected distances; unit area over full domain",441,441,372,0,69,200
"All tissues","SuSiE","CSs without a shared biological lead SNP",-186.71875,0.000374420345883543,10,"gaussian","all finite selected distances; unit area over full domain",441,441,372,0,69,200
"All tissues","SuSiE","CSs without a shared biological lead SNP",-186.328125,0.000381007431570029,10,"gaussian","all finite selected distances; unit area over full domain",441,441,372,0,69,200
"All tissues","SuSiE","CSs without a shared biological lead SNP",-185.9375,0.00038745143754302,10,"gaussian","all finite selected distances; unit area over full domain",441,441,372,0,69,200
"All tissues","SuSiE","CSs without a shared biological lead SNP",-185.546875,0.000393761386079563,10,"gaussian","all finite selected distances; unit area over full domain",441,441,372,0,69,200
"All tissues","SuSiE","CSs without a shared biological lead SNP",-185.15625,0.000399930327849839,10,"gaussian","all finite selected distances; unit area over full domain",441,441,372,0,69,200
"All tissues","SuSiE","CSs without a shared biological lead SNP",-184.765625,0.000405952479249795,10,"gaussian","all finite selected distances; unit area over full domain",441,441,372,0,69,200
"All tissues","SuSiE","CSs without a shared biological lead SNP",-184.375,0.000411839531011668,10,"gaussian","all finite selected distances; unit area over full domain",441,441,372,0,69,200
"All tissues","SuSiE","CSs without a shared biological lead SNP",-183.984375,0.000417586848899977,10,"gaussian","all finite selected distances; unit area over full domain",441,441,372,0,69,200
"All tissues","SuSiE","CSs without a shared biological lead SNP",-183.59375,0.000423191814246958,10,"gaussian","all finite selected distances; unit area over full domain",441,441,372,0,69,200
"All tissues","SuSiE","CSs without a shared biological lead SNP",-183.203125,0.000428668132417161,10,"gaussian","all finite selected distances; unit area over full domain",441,441,372,0,69,200
"All tissues","SuSiE","CSs without a shared biological lead SNP",-182.8125,0.000434013763687916,10,"gaussian","all finite selected distances; unit area over full domain",441,441,372,0,69,200
"All tissues","SuSiE","CSs without a shared biological lead SNP",-182.421875,0.00043922939503651,10,"gaussian","all finite selected distances; unit area over full domain",441,441,372,0,69,200
"All tissues","SuSiE","CSs without a shared biological lead SNP",-182.03125,0.000444330016338298,10,"gaussian","all finite selected distances; unit area over full domain",441,441,372,0,69,200
"All tissues","SuSiE","CSs without a shared biological lead SNP",-181.640625,0.000449316357669811,10,"gaussian","all finite selected distances; unit area over full domain",441,441,372,0,69,200
"All tissues","SuSiE","CSs without a shared biological lead SNP",-181.25,0.000454192374593358,10,"gaussian","all finite selected distances; unit area over full domain",441,441,372,0,69,200
"All tissues","SuSiE","CSs without a shared biological lead SNP",-180.859375,0.000458973571591771,10,"gaussian","all finite selected distances; unit area over full domain",441,441,372,0,69,200
"All tissues","SuSiE","CSs without a shared biological lead SNP",-180.46875,0.000463663513855128,10,"gaussian","all finite selected distances; unit area over full domain",441,441,372,0,69,200
"All tissues","SuSiE","CSs without a shared biological lead SNP",-180.078125,0.000468269217683809,10,"gaussian","all finite selected distances; unit area over full domain",441,441,372,0,69,200
"All tissues","SuSiE","CSs without a shared biological lead SNP",-179.6875,0.000472805926825251,10,"gaussian","all finite selected distances; unit area over full domain",441,441,372,0,69,200
"All tissues","SuSiE","CSs without a shared biological lead SNP",-179.296875,0.000477279992706273,10,"gaussian","all finite selected distances; unit area over full domain",441,441,372,0,69,200
"All tissues","SuSiE","CSs without a shared biological lead SNP",-178.90625,0.000481701125278996,10,"gaussian","all finite selected distances; unit area over full domain",441,441,372,0,69,200
"All tissues","SuSiE","CSs without a shared biological lead SNP",-178.515625,0.000486083556638967,10,"gaussian","all finite selected distances; unit area over full domain",441,441,372,0,69,200
"All tissues","SuSiE","CSs without a shared biological lead SNP",-178.125,0.000490436257118315,10,"gaussian","all finite selected distances; unit area over full domain",441,441,372,0,69,200
"All tissues","SuSiE","CSs without a shared biological lead SNP",-177.734375,0.000494771117804761,10,"gaussian","all finite selected distances; unit area over full domain",441,441,372,0,69,200
"All tissues","SuSiE","CSs without a shared biological lead SNP",-177.34375,0.00049910065711765,10,"gaussian","all finite selected distances; unit area over full domain",441,441,372,0,69,200
"All tissues","SuSiE","CSs without a shared biological lead SNP",-176.953125,0.000503436173326997,10,"gaussian","all finite selected distances; unit area over full domain",441,441,372,0,69,200
"All tissues","SuSiE","CSs without a shared biological lead SNP",-176.5625,0.000507791095732291,10,"gaussian","all finite selected distances; unit area over full domain",441,441,372,0,69,200
"All tissues","SuSiE","CSs without a shared biological lead SNP",-176.171875,0.000512175595556846,10,"gaussian","all finite selected distances; unit area over full domain",441,441,372,0,69,200
"All tissues","SuSiE","CSs without a shared biological lead SNP",-175.78125,0.000516602878689598,10,"gaussian","all finite selected distances; unit area over full domain",441,441,372,0,69,200
"All tissues","SuSiE","CSs without a shared biological lead SNP",-175.390625,0.000521087156135442,10,"gaussian","all finite selected distances; unit area over full domain",441,441,372,0,69,200
"All tissues","SuSiE","CSs without a shared biological lead SNP",-175,0.000525635703449962,10,"gaussian","all finite selected distances; unit area over full domain",441,441,372,0,69,200
"All tissues","SuSiE","CSs without a shared biological lead SNP",-174.609375,0.00053026308008381,10,"gaussian","all finite selected distances; unit area over full domain",441,441,372,0,69,200
"All tissues","SuSiE","CSs without a shared biological lead SNP",-174.21875,0.000534983429469526,10,"gaussian","all finite selected distances; unit area over full domain",441,441,372,0,69,200
"All tissues","SuSiE","CSs without a shared biological lead SNP",-173.828125,0.000539800684032396,10,"gaussian","all finite selected distances; unit area over full domain",441,441,372,0,69,200
"All tissues","SuSiE","CSs without a shared biological lead SNP",-173.4375,0.00054473006915847,10,"gaussian","all finite selected distances; unit area over full domain",441,441,372,0,69,200
"All tissues","SuSiE","CSs without a shared biological lead SNP",-173.046875,0.000549784746705231,10,"gaussian","all finite selected distances; unit area over full domain",441,441,372,0,69,200
"All tissues","SuSiE","CSs without a shared biological lead SNP",-172.65625,0.00055496497732569,10,"gaussian","all finite selected distances; unit area over full domain",441,441,372,0,69,200
"All tissues","SuSiE","CSs without a shared biological lead SNP",-172.265625,0.00056028583997629,10,"gaussian","all finite selected distances; unit area over full domain",441,441,372,0,69,200
"All tissues","SuSiE","CSs without a shared biological lead SNP",-171.875,0.000565758574867578,10,"gaussian","all finite selected distances; unit area over full domain",441,441,372,0,69,200
"All tissues","SuSiE","CSs without a shared biological lead SNP",-171.484375,0.000571379582275211,10,"gaussian","all finite selected distances; unit area over full domain",441,441,372,0,69,200
"All tissues","SuSiE","CSs without a shared biological lead SNP",-171.09375,0.00057716287928691,10,"gaussian","all finite selected distances; unit area over full domain",441,441,372,0,69,200
"All tissues","SuSiE","CSs without a shared biological lead SNP",-170.703125,0.000583116869902259,10,"gaussian","all finite selected distances; unit area over full domain",441,441,372,0,69,200
"All tissues","SuSiE","CSs without a shared biological lead SNP",-170.3125,0.000589234070030871,10,"gaussian","all finite selected distances; unit area over full domain",441,441,372,0,69,200
"All tissues","SuSiE","CSs without a shared biological lead SNP",-169.921875,0.00059552645410374,10,"gaussian","all finite selected distances; unit area over full domain",441,441,372,0,69,200
"All tissues","SuSiE","CSs without a shared biological lead SNP",-169.53125,0.000601998765424212,10,"gaussian","all finite selected distances; unit area over full domain",441,441,372,0,69,200
"All tissues","SuSiE","CSs without a shared biological lead SNP",-169.140625,0.000608639802037112,10,"gaussian","all finite selected distances; unit area over full domain",441,441,372,0,69,200
"All tissues","SuSiE","CSs without a shared biological lead SNP",-168.75,0.000615458504617109,10,"gaussian","all finite selected distances; unit area over full domain",441,441,372,0,69,200
"All tissues","SuSiE","CSs without a shared biological lead SNP",-168.359375,0.000622455295883372,10,"gaussian","all finite selected distances; unit area over full domain",441,441,372,0,69,200
"All tissues","SuSiE","CSs without a shared biological lead SNP",-167.96875,0.000629615636071432,10,"gaussian","all finite selected distances; unit area over full domain",441,441,372,0,69,200
"All tissues","SuSiE","CSs without a shared biological lead SNP",-167.578125,0.000636944501488746,10,"gaussian","all finite selected distances; unit area over full domain",441,441,372,0,69,200
"All tissues","SuSiE","CSs without a shared biological lead SNP",-167.1875,0.000644437576962067,10,"gaussian","all finite selected distances; unit area over full domain",441,441,372,0,69,200
"All tissues","SuSiE","CSs without a shared biological lead SNP",-166.796875,0.000652077593124276,10,"gaussian","all finite selected distances; unit area over full domain",441,441,372,0,69,200
"All tissues","SuSiE","CSs without a shared biological lead SNP",-166.40625,0.000659864773593983,10,"gaussian","all finite selected distances; unit area over full domain",441,441,372,0,69,200
"All tissues","SuSiE","CSs without a shared biological lead SNP",-166.015625,0.000667789962514067,10,"gaussian","all finite selected distances; unit area over full domain",441,441,372,0,69,200
"All tissues","SuSiE","CSs without a shared biological lead SNP",-165.625,0.000675833997120166,10,"gaussian","all finite selected distances; unit area over full domain",441,441,372,0,69,200
"All tissues","SuSiE","CSs without a shared biological lead SNP",-165.234375,0.000683991787284174,10,"gaussian","all finite selected distances; unit area over full domain",441,441,372,0,69,200
"All tissues","SuSiE","CSs without a shared biological lead SNP",-164.84375,0.00069224960272301,10,"gaussian","all finite selected distances; unit area over full domain",441,441,372,0,69,200
"All tissues","SuSiE","CSs without a shared biological lead SNP",-164.453125,0.000700587430917265,10,"gaussian","all finite selected distances; unit area over full domain",441,441,372,0,69,200
"All tissues","SuSiE","CSs without a shared biological lead SNP",-164.0625,0.000708994612226651,10,"gaussian","all finite selected distances; unit area over full domain",441,441,372,0,69,200
"All tissues","SuSiE","CSs without a shared biological lead SNP",-163.671875,0.000717453502971033,10,"gaussian","all finite selected distances; unit area over full domain",441,441,372,0,69,200
"All tissues","SuSiE","CSs without a shared biological lead SNP",-163.28125,0.000725944447284833,10,"gaussian","all finite selected distances; unit area over full domain",441,441,372,0,69,200
"All tissues","SuSiE","CSs without a shared biological lead SNP",-162.890625,0.000734451325538708,10,"gaussian","all finite selected distances; unit area over full domain",441,441,372,0,69,200
"All tissues","SuSiE","CSs without a shared biological lead SNP",-162.5,0.000742953624054292,10,"gaussian","all finite selected distances; unit area over full domain",441,441,372,0,69,200
"All tissues","SuSiE","CSs without a shared biological lead SNP",-162.109375,0.000751433343448975,10,"gaussian","all finite selected distances; unit area over full domain",441,441,372,0,69,200
"All tissues","SuSiE","CSs without a shared biological lead SNP",-161.71875,0.000759869410528351,10,"gaussian","all finite selected distances; unit area over full domain",441,441,372,0,69,200
"All tissues","SuSiE","CSs without a shared biological lead SNP",-161.328125,0.000768239811726693,10,"gaussian","all finite selected distances; unit area over full domain",441,441,372,0,69,200
"All tissues","SuSiE","CSs without a shared biological lead SNP",-160.9375,0.000776529506670519,10,"gaussian","all finite selected distances; unit area over full domain",441,441,372,0,69,200
"All tissues","SuSiE","CSs without a shared biological lead SNP",-160.546875,0.000784713367336857,10,"gaussian","all finite selected distances; unit area over full domain",441,441,372,0,69,200
"All tissues","SuSiE","CSs without a shared biological lead SNP",-160.15625,0.000792769478816724,10,"gaussian","all finite selected distances; unit area over full domain",441,441,372,0,69,200
"All tissues","SuSiE","CSs without a shared biological lead SNP",-159.765625,0.000800686960140797,10,"gaussian","all finite selected distances; unit area over full domain",441,441,372,0,69,200
"All tissues","SuSiE","CSs without a shared biological lead SNP",-159.375,0.000808437875008067,10,"gaussian","all finite selected distances; unit area over full domain",441,441,372,0,69,200
"All tissues","SuSiE","CSs without a shared biological lead SNP",-158.984375,0.000816002100373188,10,"gaussian","all finite selected distances; unit area over full domain",441,441,372,0,69,200
"All tissues","SuSiE","CSs without a shared biological lead SNP",-158.59375,0.000823373904625214,10,"gaussian","all finite selected distances; unit area over full domain",441,441,372,0,69,200
"All tissues","SuSiE","CSs without a shared biological lead SNP",-158.203125,0.000830524054570716,10,"gaussian","all finite selected distances; unit area over full domain",441,441,372,0,69,200
"All tissues","SuSiE","CSs without a shared biological lead SNP",-157.8125,0.000837435850875952,10,"gaussian","all finite selected distances; unit area over full domain",441,441,372,0,69,200
"All tissues","SuSiE","CSs without a shared biological lead SNP",-157.421875,0.000844109391679375,10,"gaussian","all finite selected distances; unit area over full domain",441,441,372,0,69,200
"All tissues","SuSiE","CSs without a shared biological lead SNP",-157.03125,0.000850515808479326,10,"gaussian","all finite selected distances; unit area over full domain",441,441,372,0,69,200
"All tissues","SuSiE","CSs without a shared biological lead SNP",-156.640625,0.000856643235696217,10,"gaussian","all finite selected distances; unit area over full domain",441,441,372,0,69,200
"All tissues","SuSiE","CSs without a shared biological lead SNP",-156.25,0.000862497895013395,10,"gaussian","all finite selected distances; unit area over full domain",441,441,372,0,69,200
"All tissues","SuSiE","CSs without a shared biological lead SNP",-155.859375,0.000868052959692711,10,"gaussian","all finite selected distances; unit area over full domain",441,441,372,0,69,200
"All tissues","SuSiE","CSs without a shared biological lead SNP",-155.46875,0.000873302441209769,10,"gaussian","all finite selected distances; unit area over full domain",441,441,372,0,69,200
"All tissues","SuSiE","CSs without a shared biological lead SNP",-155.078125,0.000878258548160656,10,"gaussian","all finite selected distances; unit area over full domain",441,441,372,0,69,200
"All tissues","SuSiE","CSs without a shared biological lead SNP",-154.6875,0.000882898048218333,10,"gaussian","all finite selected distances; unit area over full domain",441,441,372,0,69,200
"All tissues","SuSiE","CSs without a shared biological lead SNP",-154.296875,0.000887221396052769,10,"gaussian","all finite selected distances; unit area over full domain",441,441,372,0,69,200
"All tissues","SuSiE","CSs without a shared biological lead SNP",-153.90625,0.000891246216911625,10,"gaussian","all finite selected distances; unit area over full domain",441,441,372,0,69,200
"All tissues","SuSiE","CSs without a shared biological lead SNP",-153.515625,0.000894954172058418,10,"gaussian","all finite selected distances; unit area over full domain",441,441,372,0,69,200
"All tissues","SuSiE","CSs without a shared biological lead SNP",-153.125,0.0008983521874361,10,"gaussian","all finite selected distances; unit area over full domain",441,441,372,0,69,200
"All tissues","SuSiE","CSs without a shared biological lead SNP",-152.734375,0.000901462340836109,10,"gaussian","all finite selected distances; unit area over full domain",441,441,372,0,69,200
"All tissues","SuSiE","CSs without a shared biological lead SNP",-152.34375,0.000904272129527081,10,"gaussian","all finite selected distances; unit area over full domain",441,441,372,0,69,200
"All tissues","SuSiE","CSs without a shared biological lead SNP",-151.953125,0.00090679443783638,10,"gaussian","all finite selected distances; unit area over full domain",441,441,372,0,69,200
"All tissues","SuSiE","CSs without a shared biological lead SNP",-151.5625,0.000909054517557265,10,"gaussian","all finite selected distances; unit area over full domain",441,441,372,0,69,200
"All tissues","SuSiE","CSs without a shared biological lead SNP",-151.171875,0.000911046221492512,10,"gaussian","all finite selected distances; unit area over full domain",441,441,372,0,69,200
"All tissues","SuSiE","CSs without a shared biological lead SNP",-150.78125,0.000912787394007961,10,"gaussian","all finite selected distances; unit area over full domain",441,441,372,0,69,200
"All tissues","SuSiE","CSs without a shared biological lead SNP",-150.390625,0.00091430497819321,10,"gaussian","all finite selected distances; unit area over full domain",441,441,372,0,69,200
"All tissues","SuSiE","CSs without a shared biological lead SNP",-150,0.00091559925632567,10,"gaussian","all finite selected distances; unit area over full domain",441,441,372,0,69,200
"All tissues","SuSiE","CSs without a shared biological lead SNP",-149.609375,0.000916691655138757,10,"gaussian","all finite selected distances; unit area over full domain",441,441,372,0,69,200
"All tissues","SuSiE","CSs without a shared biological lead SNP",-149.21875,0.000917609250280498,10,"gaussian","all finite selected distances; unit area over full domain",441,441,372,0,69,200
"All tissues","SuSiE","CSs without a shared biological lead SNP",-148.828125,0.000918358402732837,10,"gaussian","all finite selected distances; unit area over full domain",441,441,372,0,69,200
"All tissues","SuSiE","CSs without a shared biological lead SNP",-148.4375,0.000918962506577583,10,"gaussian","all finite selected distances; unit area over full domain",441,441,372,0,69,200
"All tissues","SuSiE","CSs without a shared biological lead SNP",-148.046875,0.000919447265933623,10,"gaussian","all finite selected distances; unit area over full domain",441,441,372,0,69,200
"All tissues","SuSiE","CSs without a shared biological lead SNP",-147.65625,0.000919824403677725,10,"gaussian","all finite selected distances; unit area over full domain",441,441,372,0,69,200
"All tissues","SuSiE","CSs without a shared biological lead SNP",-147.265625,0.000920117587368513,10,"gaussian","all finite selected distances; unit area over full domain",441,441,372,0,69,200
"All tissues","SuSiE","CSs without a shared biological lead SNP",-146.875,0.000920349818091224,10,"gaussian","all finite selected distances; unit area over full domain",441,441,372,0,69,200
"All tissues","SuSiE","CSs without a shared biological lead SNP",-146.484375,0.000920537183626064,10,"gaussian","all finite selected distances; unit area over full domain",441,441,372,0,69,200
"All tissues","SuSiE","CSs without a shared biological lead SNP",-146.09375,0.000920702006632899,10,"gaussian","all finite selected distances; unit area over full domain",441,441,372,0,69,200
"All tissues","SuSiE","CSs without a shared biological lead SNP",-145.703125,0.000920863518451323,10,"gaussian","all finite selected distances; unit area over full domain",441,441,372,0,69,200
"All tissues","SuSiE","CSs without a shared biological lead SNP",-145.3125,0.000921040994150633,10,"gaussian","all finite selected distances; unit area over full domain",441,441,372,0,69,200
"All tissues","SuSiE","CSs without a shared biological lead SNP",-144.921875,0.000921254000186743,10,"gaussian","all finite selected distances; unit area over full domain",441,441,372,0,69,200
"All tissues","SuSiE","CSs without a shared biological lead SNP",-144.53125,0.000921517253994107,10,"gaussian","all finite selected distances; unit area over full domain",441,441,372,0,69,200
"All tissues","SuSiE","CSs without a shared biological lead SNP",-144.140625,0.000921851958977184,10,"gaussian","all finite selected distances; unit area over full domain",441,441,372,0,69,200
"All tissues","SuSiE","CSs without a shared biological lead SNP",-143.75,0.000922273816296761,10,"gaussian","all finite selected distances; unit area over full domain",441,441,372,0,69,200
"All tissues","SuSiE","CSs without a shared biological lead SNP",-143.359375,0.000922792627884786,10,"gaussian","all finite selected distances; unit area over full domain",441,441,372,0,69,200
"All tissues","SuSiE","CSs without a shared biological lead SNP",-142.96875,0.000923430272130214,10,"gaussian","all finite selected distances; unit area over full domain",441,441,372,0,69,200
"All tissues","SuSiE","CSs without a shared biological lead SNP",-142.578125,0.000924197829982017,10,"gaussian","all finite selected distances; unit area over full domain",441,441,372,0,69,200
"All tissues","SuSiE","CSs without a shared biological lead SNP",-142.1875,0.000925100113454228,10,"gaussian","all finite selected distances; unit area over full domain",441,441,372,0,69,200
"All tissues","SuSiE","CSs without a shared biological lead SNP",-141.796875,0.000926158494586057,10,"gaussian","all finite selected distances; unit area over full domain",441,441,372,0,69,200
"All tissues","SuSiE","CSs without a shared biological lead SNP",-141.40625,0.000927379042893227,10,"gaussian","all finite selected distances; unit area over full domain",441,441,372,0,69,200
"All tissues","SuSiE","CSs without a shared biological lead SNP",-141.015625,0.000928761789754172,10,"gaussian","all finite selected distances; unit area over full domain",441,441,372,0,69,200
"All tissues","SuSiE","CSs without a shared biological lead SNP",-140.625,0.000930326534275877,10,"gaussian","all finite selected distances; unit area over full domain",441,441,372,0,69,200
"All tissues","SuSiE","CSs without a shared biological lead SNP",-140.234375,0.00093207428150179,10,"gaussian","all finite selected distances; unit area over full domain",441,441,372,0,69,200
"All tissues","SuSiE","CSs without a shared biological lead SNP",-139.84375,0.000934000714217787,10,"gaussian","all finite selected distances; unit area over full domain",441,441,372,0,69,200
"All tissues","SuSiE","CSs without a shared biological lead SNP",-139.453125,0.000936123127870684,10,"gaussian","all finite selected distances; unit area over full domain",441,441,372,0,69,200
"All tissues","SuSiE","CSs without a shared biological lead SNP",-139.0625,0.00093843769963859,10,"gaussian","all finite selected distances; unit area over full domain",441,441,372,0,69,200
"All tissues","SuSiE","CSs without a shared biological lead SNP",-138.671875,0.000940936352062671,10,"gaussian","all finite selected distances; unit area over full domain",441,441,372,0,69,200
"All tissues","SuSiE","CSs without a shared biological lead SNP",-138.28125,0.000943633087886892,10,"gaussian","all finite selected distances; unit area over full domain",441,441,372,0,69,200
"All tissues","SuSiE","CSs without a shared biological lead SNP",-137.890625,0.000946519724889345,10,"gaussian","all finite selected distances; unit area over full domain",441,441,372,0,69,200
"All tissues","SuSiE","CSs without a shared biological lead SNP",-137.5,0.000949585109046435,10,"gaussian","all finite selected distances; unit area over full domain",441,441,372,0,69,200
"All tissues","SuSiE","CSs without a shared biological lead SNP",-137.109375,0.000952839302550223,10,"gaussian","all finite selected distances; unit area over full domain",441,441,372,0,69,200
"All tissues","SuSiE","CSs without a shared biological lead SNP",-136.71875,0.000956270409567843,10,"gaussian","all finite selected distances; unit area over full domain",441,441,372,0,69,200
"All tissues","SuSiE","CSs without a shared biological lead SNP",-136.328125,0.000959864931170868,10,"gaussian","all finite selected distances; unit area over full domain",441,441,372,0,69,200
"All tissues","SuSiE","CSs without a shared biological lead SNP",-135.9375,0.000963628484842724,10,"gaussian","all finite selected distances; unit area over full domain",441,441,372,0,69,200
"All tissues","SuSiE","CSs without a shared biological lead SNP",-135.546875,0.000967546241611723,10,"gaussian","all finite selected distances; unit area over full domain",441,441,372,0,69,200
"All tissues","SuSiE","CSs without a shared biological lead SNP",-135.15625,0.000971603107526025,10,"gaussian","all finite selected distances; unit area over full domain",441,441,372,0,69,200
"All tissues","SuSiE","CSs without a shared biological lead SNP",-134.765625,0.000975799907781942,10,"gaussian","all finite selected distances; unit area over full domain",441,441,372,0,69,200
"All tissues","SuSiE","CSs without a shared biological lead SNP",-134.375,0.00098011976782638,10,"gaussian","all finite selected distances; unit area over full domain",441,441,372,0,69,200
"All tissues","SuSiE","CSs without a shared biological lead SNP",-133.984375,0.000984546753992508,10,"gaussian","all finite selected distances; unit area over full domain",441,441,372,0,69,200
"All tissues","SuSiE","CSs without a shared biological lead SNP",-133.59375,0.000989076735073046,10,"gaussian","all finite selected distances; unit area over full domain",441,441,372,0,69,200
"All tissues","SuSiE","CSs without a shared biological lead SNP",-133.203125,0.000993691770338681,10,"gaussian","all finite selected distances; unit area over full domain",441,441,372,0,69,200
"All tissues","SuSiE","CSs without a shared biological lead SNP",-132.8125,0.000998375846563645,10,"gaussian","all finite selected distances; unit area over full domain",441,441,372,0,69,200
"All tissues","SuSiE","CSs without a shared biological lead SNP",-132.421875,0.00100311993510945,10,"gaussian","all finite selected distances; unit area over full domain",441,441,372,0,69,200
"All tissues","SuSiE","CSs without a shared biological lead SNP",-132.03125,0.00100790608993743,10,"gaussian","all finite selected distances; unit area over full domain",441,441,372,0,69,200
"All tissues","SuSiE","CSs without a shared biological lead SNP",-131.640625,0.00101271898732331,10,"gaussian","all finite selected distances; unit area over full domain",441,441,372,0,69,200
"All tissues","SuSiE","CSs without a shared biological lead SNP",-131.25,0.0010175450294517,10,"gaussian","all finite selected distances; unit area over full domain",441,441,372,0,69,200
"All tissues","SuSiE","CSs without a shared biological lead SNP",-130.859375,0.00102236739155533,10,"gaussian","all finite selected distances; unit area over full domain",441,441,372,0,69,200
"All tissues","SuSiE","CSs without a shared biological lead SNP",-130.46875,0.00102717221748596,10,"gaussian","all finite selected distances; unit area over full domain",441,441,372,0,69,200
"All tissues","SuSiE","CSs without a shared biological lead SNP",-130.078125,0.00103194198044388,10,"gaussian","all finite selected distances; unit area over full domain",441,441,372,0,69,200
"All tissues","SuSiE","CSs without a shared biological lead SNP",-129.6875,0.00103666213797801,10,"gaussian","all finite selected distances; unit area over full domain",441,441,372,0,69,200
"All tissues","SuSiE","CSs without a shared biological lead SNP",-129.296875,0.00104132107717497,10,"gaussian","all finite selected distances; unit area over full domain",441,441,372,0,69,200
"All tissues","SuSiE","CSs without a shared biological lead SNP",-128.90625,0.00104589832134487,10,"gaussian","all finite selected distances; unit area over full domain",441,441,372,0,69,200
"All tissues","SuSiE","CSs without a shared biological lead SNP",-128.515625,0.00105038275187266,10,"gaussian","all finite selected distances; unit area over full domain",441,441,372,0,69,200
"All tissues","SuSiE","CSs without a shared biological lead SNP",-128.125,0.0010547657445201,10,"gaussian","all finite selected distances; unit area over full domain",441,441,372,0,69,200
"All tissues","SuSiE","CSs without a shared biological lead SNP",-127.734375,0.00105902519015919,10,"gaussian","all finite selected distances; unit area over full domain",441,441,372,0,69,200
"All tissues","SuSiE","CSs without a shared biological lead SNP",-127.34375,0.00106315443721367,10,"gaussian","all finite selected distances; unit area over full domain",441,441,372,0,69,200
"All tissues","SuSiE","CSs without a shared biological lead SNP",-126.953125,0.00106714852028634,10,"gaussian","all finite selected distances; unit area over full domain",441,441,372,0,69,200
"All tissues","SuSiE","CSs without a shared biological lead SNP",-126.5625,0.00107098531656247,10,"gaussian","all finite selected distances; unit area over full domain",441,441,372,0,69,200
"All tissues","SuSiE","CSs without a shared biological lead SNP",-126.171875,0.00107466348711028,10,"gaussian","all finite selected distances; unit area over full domain",441,441,372,0,69,200
"All tissues","SuSiE","CSs without a shared biological lead SNP",-125.78125,0.00107818226142292,10,"gaussian","all finite selected distances; unit area over full domain",441,441,372,0,69,200
"All tissues","SuSiE","CSs without a shared biological lead SNP",-125.390625,0.00108152134532497,10,"gaussian","all finite selected distances; unit area over full domain",441,441,372,0,69,200
"All tissues","SuSiE","CSs without a shared biological lead SNP",-125,0.00108468525132601,10,"gaussian","all finite selected distances; unit area over full domain",441,441,372,0,69,200
"All tissues","SuSiE","CSs without a shared biological lead SNP",-124.609375,0.00108767774044564,10,"gaussian","all finite selected distances; unit area over full domain",441,441,372,0,69,200
"All tissues","SuSiE","CSs without a shared biological lead SNP",-124.21875,0.00109048229660629,10,"gaussian","all finite selected distances; unit area over full domain",441,441,372,0,69,200
"All tissues","SuSiE","CSs without a shared biological lead SNP",-123.828125,0.0010931094119145,10,"gaussian","all finite selected distances; unit area over full domain",441,441,372,0,69,200
"All tissues","SuSiE","CSs without a shared biological lead SNP",-123.4375,0.00109556745433188,10,"gaussian","all finite selected distances; unit area over full domain",441,441,372,0,69,200
"All tissues","SuSiE","CSs without a shared biological lead SNP",-123.046875,0.00109784559554669,10,"gaussian","all finite selected distances; unit area over full domain",441,441,372,0,69,200
"All tissues","SuSiE","CSs without a shared biological lead SNP",-122.65625,0.00109995994382881,10,"gaussian","all finite selected distances; unit area over full domain",441,441,372,0,69,200
"All tissues","SuSiE","CSs without a shared biological lead SNP",-122.265625,0.00110192324073788,10,"gaussian","all finite selected distances; unit area over full domain",441,441,372,0,69,200
"All tissues","SuSiE","CSs without a shared biological lead SNP",-121.875,0.00110373205182039,10,"gaussian","all finite selected distances; unit area over full domain",441,441,372,0,69,200
"All tissues","SuSiE","CSs without a shared biological lead SNP",-121.484375,0.00110540720498503,10,"gaussian","all finite selected distances; unit area over full domain",441,441,372,0,69,200
"All tissues","SuSiE","CSs without a shared biological lead SNP",-121.09375,0.00110696524967857,10,"gaussian","all finite selected distances; unit area over full domain",441,441,372,0,69,200
"All tissues","SuSiE","CSs without a shared biological lead SNP",-120.703125,0.00110841148433869,10,"gaussian","all finite selected distances; unit area over full domain",441,441,372,0,69,200
"All tissues","SuSiE","CSs without a shared biological lead SNP",-120.3125,0.00110977003736111,10,"gaussian","all finite selected distances; unit area over full domain",441,441,372,0,69,200
"All tissues","SuSiE","CSs without a shared biological lead SNP",-119.921875,0.00111106037511568,10,"gaussian","all finite selected distances; unit area over full domain",441,441,372,0,69,200
"All tissues","SuSiE","CSs without a shared biological lead SNP",-119.53125,0.00111229735600372,10,"gaussian","all finite selected distances; unit area over full domain",441,441,372,0,69,200
"All tissues","SuSiE","CSs without a shared biological lead SNP",-119.140625,0.00111350653556776,10,"gaussian","all finite selected distances; unit area over full domain",441,441,372,0,69,200
"All tissues","SuSiE","CSs without a shared biological lead SNP",-118.75,0.00111470912139983,10,"gaussian","all finite selected distances; unit area over full domain",441,441,372,0,69,200
"All tissues","SuSiE","CSs without a shared biological lead SNP",-118.359375,0.00111592973747259,10,"gaussian","all finite selected distances; unit area over full domain",441,441,372,0,69,200
"All tissues","SuSiE","CSs without a shared biological lead SNP",-117.96875,0.00111719316350059,10,"gaussian","all finite selected distances; unit area over full domain",441,441,372,0,69,200
"All tissues","SuSiE","CSs without a shared biological lead SNP",-117.578125,0.00111852095984645,10,"gaussian","all finite selected distances; unit area over full domain",441,441,372,0,69,200
"All tissues","SuSiE","CSs without a shared biological lead SNP",-117.1875,0.00111994703914388,10,"gaussian","all finite selected distances; unit area over full domain",441,441,372,0,69,200
"All tissues","SuSiE","CSs without a shared biological lead SNP",-116.796875,0.00112149304358429,10,"gaussian","all finite selected distances; unit area over full domain",441,441,372,0,69,200
"All tissues","SuSiE","CSs without a shared biological lead SNP",-116.40625,0.00112317938229529,10,"gaussian","all finite selected distances; unit area over full domain",441,441,372,0,69,200
"All tissues","SuSiE","CSs without a shared biological lead SNP",-116.015625,0.00112504809219888,10,"gaussian","all finite selected distances; unit area over full domain",441,441,372,0,69,200
"All tissues","SuSiE","CSs without a shared biological lead SNP",-115.625,0.00112711535845444,10,"gaussian","all finite selected distances; unit area over full domain",441,441,372,0,69,200
"All tissues","SuSiE","CSs without a shared biological lead SNP",-115.234375,0.00112939893220657,10,"gaussian","all finite selected distances; unit area over full domain",441,441,372,0,69,200
"All tissues","SuSiE","CSs without a shared biological lead SNP",-114.84375,0.00113194717549132,10,"gaussian","all finite selected distances; unit area over full domain",441,441,372,0,69,200
"All tissues","SuSiE","CSs without a shared biological lead SNP",-114.453125,0.00113476874934354,10,"gaussian","all finite selected distances; unit area over full domain",441,441,372,0,69,200
"All tissues","SuSiE","CSs without a shared biological lead SNP",-114.0625,0.00113787735439129,10,"gaussian","all finite selected distances; unit area over full domain",441,441,372,0,69,200
"All tissues","SuSiE","CSs without a shared biological lead SNP",-113.671875,0.00114132534956598,10,"gaussian","all finite selected distances; unit area over full domain",441,441,372,0,69,200
"All tissues","SuSiE","CSs without a shared biological lead SNP",-113.28125,0.00114511225456101,10,"gaussian","all finite selected distances; unit area over full domain",441,441,372,0,69,200
"All tissues","SuSiE","CSs without a shared biological lead SNP",-112.890625,0.00114924655057965,10,"gaussian","all finite selected distances; unit area over full domain",441,441,372,0,69,200
"All tissues","SuSiE","CSs without a shared biological lead SNP",-112.5,0.00115378188545504,10,"gaussian","all finite selected distances; unit area over full domain",441,441,372,0,69,200
"All tissues","SuSiE","CSs without a shared biological lead SNP",-112.109375,0.00115870763428925,10,"gaussian","all finite selected distances; unit area over full domain",441,441,372,0,69,200
"All tissues","SuSiE","CSs without a shared biological lead SNP",-111.71875,0.0011640262050575,10,"gaussian","all finite selected distances; unit area over full domain",441,441,372,0,69,200
"All tissues","SuSiE","CSs without a shared biological lead SNP",-111.328125,0.00116978962631256,10,"gaussian","all finite selected distances; unit area over full domain",441,441,372,0,69,200
"All tissues","SuSiE","CSs without a shared biological lead SNP",-110.9375,0.00117597685338705,10,"gaussian","all finite selected distances; unit area over full domain",441,441,372,0,69,200
"All tissues","SuSiE","CSs without a shared biological lead SNP",-110.546875,0.00118258374796631,10,"gaussian","all finite selected distances; unit area over full domain",441,441,372,0,69,200
"All tissues","SuSiE","CSs without a shared biological lead SNP",-110.15625,0.00118965780572365,10,"gaussian","all finite selected distances; unit area over full domain",441,441,372,0,69,200
"All tissues","SuSiE","CSs without a shared biological lead SNP",-109.765625,0.00119716806829313,10,"gaussian","all finite selected distances; unit area over full domain",441,441,372,0,69,200
"All tissues","SuSiE","CSs without a shared biological lead SNP",-109.375,0.00120510379375833,10,"gaussian","all finite selected distances; unit area over full domain",441,441,372,0,69,200
"All tissues","SuSiE","CSs without a shared biological lead SNP",-108.984375,0.00121350522038811,10,"gaussian","all finite selected distances; unit area over full domain",441,441,372,0,69,200
"All tissues","SuSiE","CSs without a shared biological lead SNP",-108.59375,0.00122233275119441,10,"gaussian","all finite selected distances; unit area over full domain",441,441,372,0,69,200
"All tissues","SuSiE","CSs without a shared biological lead SNP",-108.203125,0.00123156940194388,10,"gaussian","all finite selected distances; unit area over full domain",441,441,372,0,69,200
"All tissues","SuSiE","CSs without a shared biological lead SNP",-107.8125,0.00124124579778056,10,"gaussian","all finite selected distances; unit area over full domain",441,441,372,0,69,200
"All tissues","SuSiE","CSs without a shared biological lead SNP",-107.421875,0.00125131567135194,10,"gaussian","all finite selected distances; unit area over full domain",441,441,372,0,69,200
"All tissues","SuSiE","CSs without a shared biological lead SNP",-107.03125,0.00126175654806912,10,"gaussian","all finite selected distances; unit area over full domain",441,441,372,0,69,200
"All tissues","SuSiE","CSs without a shared biological lead SNP",-106.640625,0.00127258760545114,10,"gaussian","all finite selected distances; unit area over full domain",441,441,372,0,69,200
"All tissues","SuSiE","CSs without a shared biological lead SNP",-106.25,0.00128375843518856,10,"gaussian","all finite selected distances; unit area over full domain",441,441,372,0,69,200
"All tissues","SuSiE","CSs without a shared biological lead SNP",-105.859375,0.00129524216000212,10,"gaussian","all finite selected distances; unit area over full domain",441,441,372,0,69,200
"All tissues","SuSiE","CSs without a shared biological lead SNP",-105.46875,0.00130704531155715,10,"gaussian","all finite selected distances; unit area over full domain",441,441,372,0,69,200
"All tissues","SuSiE","CSs without a shared biological lead SNP",-105.078125,0.00131911625460614,10,"gaussian","all finite selected distances; unit area over full domain",441,441,372,0,69,200
"All tissues","SuSiE","CSs without a shared biological lead SNP",-104.6875,0.00133142505584377,10,"gaussian","all finite selected distances; unit area over full domain",441,441,372,0,69,200
"All tissues","SuSiE","CSs without a shared biological lead SNP",-104.296875,0.00134396510958309,10,"gaussian","all finite selected distances; unit area over full domain",441,441,372,0,69,200
"All tissues","SuSiE","CSs without a shared biological lead SNP",-103.90625,0.00135668664589717,10,"gaussian","all finite selected distances; unit area over full domain",441,441,372,0,69,200
"All tissues","SuSiE","CSs without a shared biological lead SNP",-103.515625,0.00136955818895248,10,"gaussian","all finite selected distances; unit area over full domain",441,441,372,0,69,200
"All tissues","SuSiE","CSs without a shared biological lead SNP",-103.125,0.00138256023257238,10,"gaussian","all finite selected distances; unit area over full domain",441,441,372,0,69,200
"All tissues","SuSiE","CSs without a shared biological lead SNP",-102.734375,0.00139564792279939,10,"gaussian","all finite selected distances; unit area over full domain",441,441,372,0,69,200
"All tissues","SuSiE","CSs without a shared biological lead SNP",-102.34375,0.00140878982068767,10,"gaussian","all finite selected distances; unit area over full domain",441,441,372,0,69,200
"All tissues","SuSiE","CSs without a shared biological lead SNP",-101.953125,0.00142195445649178,10,"gaussian","all finite selected distances; unit area over full domain",441,441,372,0,69,200
"All tissues","SuSiE","CSs without a shared biological lead SNP",-101.5625,0.0014351046848192,10,"gaussian","all finite selected distances; unit area over full domain",441,441,372,0,69,200
"All tissues","SuSiE","CSs without a shared biological lead SNP",-101.171875,0.00144821064609316,10,"gaussian","all finite selected distances; unit area over full domain",441,441,372,0,69,200
"All tissues","SuSiE","CSs without a shared biological lead SNP",-100.78125,0.00146123046789136,10,"gaussian","all finite selected distances; unit area over full domain",441,441,372,0,69,200
"All tissues","SuSiE","CSs without a shared biological lead SNP",-100.390625,0.0014741370512937,10,"gaussian","all finite selected distances; unit area over full domain",441,441,372,0,69,200
"All tissues","SuSiE","CSs without a shared biological lead SNP",-100,0.00148690352354254,10,"gaussian","all finite selected distances; unit area over full domain",441,441,372,0,69,200
"All tissues","SuSiE","CSs without a shared biological lead SNP",-99.609375,0.00149947967602343,10,"gaussian","all finite selected distances; unit area over full domain",441,441,372,0,69,200
"All tissues","SuSiE","CSs without a shared biological lead SNP",-99.21875,0.00151185017765728,10,"gaussian","all finite selected distances; unit area over full domain",441,441,372,0,69,200
"All tissues","SuSiE","CSs without a shared biological lead SNP",-98.828125,0.00152399232797662,10,"gaussian","all finite selected distances; unit area over full domain",441,441,372,0,69,200
"All tissues","SuSiE","CSs without a shared biological lead SNP",-98.4375,0.00153585000235944,10,"gaussian","all finite selected distances; unit area over full domain",441,441,372,0,69,200
"All tissues","SuSiE","CSs without a shared biological lead SNP",-98.046875,0.00154742062793434,10,"gaussian","all finite selected distances; unit area over full domain",441,441,372,0,69,200
"All tissues","SuSiE","CSs without a shared biological lead SNP",-97.65625,0.00155868657007585,10,"gaussian","all finite selected distances; unit area over full domain",441,441,372,0,69,200
"All tissues","SuSiE","CSs without a shared biological lead SNP",-97.265625,0.0015695883883719,10,"gaussian","all finite selected distances; unit area over full domain",441,441,372,0,69,200
"All tissues","SuSiE","CSs without a shared biological lead SNP",-96.875,0.00158013646970698,10,"gaussian","all finite selected distances; unit area over full domain",441,441,372,0,69,200
"All tissues","SuSiE","CSs without a shared biological lead SNP",-96.484375,0.00159031879899078,10,"gaussian","all finite selected distances; unit area over full domain",441,441,372,0,69,200
"All tissues","SuSiE","CSs without a shared biological lead SNP",-96.09375,0.00160007521885131,10,"gaussian","all finite selected distances; unit area over full domain",441,441,372,0,69,200
"All tissues","SuSiE","CSs without a shared biological lead SNP",-95.703125,0.00160942849246283,10,"gaussian","all finite selected distances; unit area over full domain",441,441,372,0,69,200
"All tissues","SuSiE","CSs without a shared biological lead SNP",-95.3125,0.00161837241586471,10,"gaussian","all finite selected distances; unit area over full domain",441,441,372,0,69,200
"All tissues","SuSiE","CSs without a shared biological lead SNP",-94.921875,0.00162684853822507,10,"gaussian","all finite selected distances; unit area over full domain",441,441,372,0,69,200
"All tissues","SuSiE","CSs without a shared biological lead SNP",-94.53125,0.00163489069587001,10,"gaussian","all finite selected distances; unit area over full domain",441,441,372,0,69,200
"All tissues","SuSiE","CSs without a shared biological lead SNP",-94.140625,0.00164249833086083,10,"gaussian","all finite selected distances; unit area over full domain",441,441,372,0,69,200
"All tissues","SuSiE","CSs without a shared biological lead SNP",-93.75,0.00164961679565715,10,"gaussian","all finite selected distances; unit area over full domain",441,441,372,0,69,200
"All tissues","SuSiE","CSs without a shared biological lead SNP",-93.359375,0.0016562890982444,10,"gaussian","all finite selected distances; unit area over full domain",441,441,372,0,69,200
"All tissues","SuSiE","CSs without a shared biological lead SNP",-92.96875,0.00166251983770108,10,"gaussian","all finite selected distances; unit area over full domain",441,441,372,0,69,200
"All tissues","SuSiE","CSs without a shared biological lead SNP",-92.578125,0.00166825982417917,10,"gaussian","all finite selected distances; unit area over full domain",441,441,372,0,69,200
"All tissues","SuSiE","CSs without a shared biological lead SNP",-92.1875,0.00167355890382629,10,"gaussian","all finite selected distances; unit area over full domain",441,441,372,0,69,200
"All tissues","SuSiE","CSs without a shared biological lead SNP",-91.796875,0.00167842607742714,10,"gaussian","all finite selected distances; unit area over full domain",441,441,372,0,69,200
"All tissues","SuSiE","CSs without a shared biological lead SNP",-91.40625,0.00168281875510137,10,"gaussian","all finite selected distances; unit area over full domain",441,441,372,0,69,200
"All tissues","SuSiE","CSs without a shared biological lead SNP",-91.015625,0.00168679105145825,10,"gaussian","all finite selected distances; unit area over full domain",441,441,372,0,69,200
"All tissues","SuSiE","CSs without a shared biological lead SNP",-90.625,0.00169035542475763,10,"gaussian","all finite selected distances; unit area over full domain",441,441,372,0,69,200
"All tissues","SuSiE","CSs without a shared biological lead SNP",-90.234375,0.00169347649676214,10,"gaussian","all finite selected distances; unit area over full domain",441,441,372,0,69,200
"All tissues","SuSiE","CSs without a shared biological lead SNP",-89.84375,0.00169621005105194,10,"gaussian","all finite selected distances; unit area over full domain",441,441,372,0,69,200
"All tissues","SuSiE","CSs without a shared biological lead SNP",-89.453125,0.00169857096037324,10,"gaussian","all finite selected distances; unit area over full domain",441,441,372,0,69,200
"All tissues","SuSiE","CSs without a shared biological lead SNP",-89.0625,0.00170053117218888,10,"gaussian","all finite selected distances; unit area over full domain",441,441,372,0,69,200
"All tissues","SuSiE","CSs without a shared biological lead SNP",-88.671875,0.00170214570661065,10,"gaussian","all finite selected distances; unit area over full domain",441,441,372,0,69,200
"All tissues","SuSiE","CSs without a shared biological lead SNP",-88.28125,0.00170343080363432,10,"gaussian","all finite selected distances; unit area over full domain",441,441,372,0,69,200
"All tissues","SuSiE","CSs without a shared biological lead SNP",-87.890625,0.0017043654319722,10,"gaussian","all finite selected distances; unit area over full domain",441,441,372,0,69,200
"All tissues","SuSiE","CSs without a shared biological lead SNP",-87.5,0.00170500175083658,10,"gaussian","all finite selected distances; unit area over full domain",441,441,372,0,69,200
"All tissues","SuSiE","CSs without a shared biological lead SNP",-87.109375,0.00170535640585055,10,"gaussian","all finite selected distances; unit area over full domain",441,441,372,0,69,200
"All tissues","SuSiE","CSs without a shared biological lead SNP",-86.71875,0.00170541477892813,10,"gaussian","all finite selected distances; unit area over full domain",441,441,372,0,69,200
"All tissues","SuSiE","CSs without a shared biological lead SNP",-86.328125,0.00170522452881928,10,"gaussian","all finite selected distances; unit area over full domain",441,441,372,0,69,200
"All tissues","SuSiE","CSs without a shared biological lead SNP",-85.9375,0.00170480190736737,10,"gaussian","all finite selected distances; unit area over full domain",441,441,372,0,69,200
"All tissues","SuSiE","CSs without a shared biological lead SNP",-85.546875,0.00170413793452216,10,"gaussian","all finite selected distances; unit area over full domain",441,441,372,0,69,200
"All tissues","SuSiE","CSs without a shared biological lead SNP",-85.15625,0.00170327465346862,10,"gaussian","all finite selected distances; unit area over full domain",441,441,372,0,69,200
"All tissues","SuSiE","CSs without a shared biological lead SNP",-84.765625,0.00170222734111572,10,"gaussian","all finite selected distances; unit area over full domain",441,441,372,0,69,200
"All tissues","SuSiE","CSs without a shared biological lead SNP",-84.375,0.00170099185464227,10,"gaussian","all finite selected distances; unit area over full domain",441,441,372,0,69,200
"All tissues","SuSiE","CSs without a shared biological lead SNP",-83.984375,0.00169960403659594,10,"gaussian","all finite selected distances; unit area over full domain",441,441,372,0,69,200
"All tissues","SuSiE","CSs without a shared biological lead SNP",-83.59375,0.00169807785633381,10,"gaussian","all finite selected distances; unit area over full domain",441,441,372,0,69,200
"All tissues","SuSiE","CSs without a shared biological lead SNP",-83.203125,0.0016964133112528,10,"gaussian","all finite selected distances; unit area over full domain",441,441,372,0,69,200
"All tissues","SuSiE","CSs without a shared biological lead SNP",-82.8125,0.00169463993506802,10,"gaussian","all finite selected distances; unit area over full domain",441,441,372,0,69,200
"All tissues","SuSiE","CSs without a shared biological lead SNP",-82.421875,0.00169277030753543,10,"gaussian","all finite selected distances; unit area over full domain",441,441,372,0,69,200
"All tissues","SuSiE","CSs without a shared biological lead SNP",-82.03125,0.00169080807489587,10,"gaussian","all finite selected distances; unit area over full domain",441,441,372,0,69,200
"All tissues","SuSiE","CSs without a shared biological lead SNP",-81.640625,0.00168877672798203,10,"gaussian","all finite selected distances; unit area over full domain",441,441,372,0,69,200
"All tissues","SuSiE","CSs without a shared biological lead SNP",-81.25,0.00168668759972801,10,"gaussian","all finite selected distances; unit area over full domain",441,441,372,0,69,200
"All tissues","SuSiE","CSs without a shared biological lead SNP",-80.859375,0.00168454776148871,10,"gaussian","all finite selected distances; unit area over full domain",441,441,372,0,69,200
"All tissues","SuSiE","CSs without a shared biological lead SNP",-80.46875,0.00168237516397094,10,"gaussian","all finite selected distances; unit area over full domain",441,441,372,0,69,200
"All tissues","SuSiE","CSs without a shared biological lead SNP",-80.078125,0.0016801802108397,10,"gaussian","all finite selected distances; unit area over full domain",441,441,372,0,69,200
"All tissues","SuSiE","CSs without a shared biological lead SNP",-79.6875,0.00167797345724401,10,"gaussian","all finite selected distances; unit area over full domain",441,441,372,0,69,200
"All tissues","SuSiE","CSs without a shared biological lead SNP",-79.296875,0.00167576790044678,10,"gaussian","all finite selected distances; unit area over full domain",441,441,372,0,69,200
"All tissues","SuSiE","CSs without a shared biological lead SNP",-78.90625,0.00167357345825022,10,"gaussian","all finite selected distances; unit area over full domain",441,441,372,0,69,200
"All tissues","SuSiE","CSs without a shared biological lead SNP",-78.515625,0.00167140441864741,10,"gaussian","all finite selected distances; unit area over full domain",441,441,372,0,69,200
"All tissues","SuSiE","CSs without a shared biological lead SNP",-78.125,0.00166926940654758,10,"gaussian","all finite selected distances; unit area over full domain",441,441,372,0,69,200
"All tissues","SuSiE","CSs without a shared biological lead SNP",-77.734375,0.00166717834643569,10,"gaussian","all finite selected distances; unit area over full domain",441,441,372,0,69,200
"All tissues","SuSiE","CSs without a shared biological lead SNP",-77.34375,0.00166514955774672,10,"gaussian","all finite selected distances; unit area over full domain",441,441,372,0,69,200
"All tissues","SuSiE","CSs without a shared biological lead SNP",-76.953125,0.00166318780923408,10,"gaussian","all finite selected distances; unit area over full domain",441,441,372,0,69,200
"All tissues","SuSiE","CSs without a shared biological lead SNP",-76.5625,0.00166130343679823,10,"gaussian","all finite selected distances; unit area over full domain",441,441,372,0,69,200
"All tissues","SuSiE","CSs without a shared biological lead SNP",-76.171875,0.00165951913942616,10,"gaussian","all finite selected distances; unit area over full domain",441,441,372,0,69,200
"All tissues","SuSiE","CSs without a shared biological lead SNP",-75.78125,0.00165783608990515,10,"gaussian","all finite selected distances; unit area over full domain",441,441,372,0,69,200
"All tissues","SuSiE","CSs without a shared biological lead SNP",-75.390625,0.00165626532195978,10,"gaussian","all finite selected distances; unit area over full domain",441,441,372,0,69,200
"All tissues","SuSiE","CSs without a shared biological lead SNP",-75,0.00165483417595799,10,"gaussian","all finite selected distances; unit area over full domain",441,441,372,0,69,200
"All tissues","SuSiE","CSs without a shared biological lead SNP",-74.609375,0.00165354021339072,10,"gaussian","all finite selected distances; unit area over full domain",441,441,372,0,69,200
"All tissues","SuSiE","CSs without a shared biological lead SNP",-74.21875,0.00165239528002879,10,"gaussian","all finite selected distances; unit area over full domain",441,441,372,0,69,200
"All tissues","SuSiE","CSs without a shared biological lead SNP",-73.828125,0.00165143140417155,10,"gaussian","all finite selected distances; unit area over full domain",441,441,372,0,69,200
"All tissues","SuSiE","CSs without a shared biological lead SNP",-73.4375,0.00165064227750073,10,"gaussian","all finite selected distances; unit area over full domain",441,441,372,0,69,200
"All tissues","SuSiE","CSs without a shared biological lead SNP",-73.046875,0.00165004046980198,10,"gaussian","all finite selected distances; unit area over full domain",441,441,372,0,69,200
"All tissues","SuSiE","CSs without a shared biological lead SNP",-72.65625,0.00164966242933897,10,"gaussian","all finite selected distances; unit area over full domain",441,441,372,0,69,200
"All tissues","SuSiE","CSs without a shared biological lead SNP",-72.265625,0.0016494975531318,10,"gaussian","all finite selected distances; unit area over full domain",441,441,372,0,69,200
"All tissues","SuSiE","CSs without a shared biological lead SNP",-71.875,0.00164955884394591,10,"gaussian","all finite selected distances; unit area over full domain",441,441,372,0,69,200
"All tissues","SuSiE","CSs without a shared biological lead SNP",-71.484375,0.00164988653541221,10,"gaussian","all finite selected distances; unit area over full domain",441,441,372,0,69,200
"All tissues","SuSiE","CSs without a shared biological lead SNP",-71.09375,0.00165046524875198,10,"gaussian","all finite selected distances; unit area over full domain",441,441,372,0,69,200
"All tissues","SuSiE","CSs without a shared biological lead SNP",-70.703125,0.00165130795571053,10,"gaussian","all finite selected distances; unit area over full domain",441,441,372,0,69,200
"All tissues","SuSiE","CSs without a shared biological lead SNP",-70.3125,0.00165245768024756,10,"gaussian","all finite selected distances; unit area over full domain",441,441,372,0,69,200
"All tissues","SuSiE","CSs without a shared biological lead SNP",-69.921875,0.00165389385773294,10,"gaussian","all finite selected distances; unit area over full domain",441,441,372,0,69,200
"All tissues","SuSiE","CSs without a shared biological lead SNP",-69.53125,0.00165562885043653,10,"gaussian","all finite selected distances; unit area over full domain",441,441,372,0,69,200
"All tissues","SuSiE","CSs without a shared biological lead SNP",-69.140625,0.00165770718486116,10,"gaussian","all finite selected distances; unit area over full domain",441,441,372,0,69,200
"All tissues","SuSiE","CSs without a shared biological lead SNP",-68.75,0.00166010289764305,10,"gaussian","all finite selected distances; unit area over full domain",441,441,372,0,69,200
"All tissues","SuSiE","CSs without a shared biological lead SNP",-68.359375,0.0016628271296148,10,"gaussian","all finite selected distances; unit area over full domain",441,441,372,0,69,200
"All tissues","SuSiE","CSs without a shared biological lead SNP",-67.96875,0.00166592445297995,10,"gaussian","all finite selected distances; unit area over full domain",441,441,372,0,69,200
"All tissues","SuSiE","CSs without a shared biological lead SNP",-67.578125,0.00166936359576395,10,"gaussian","all finite selected distances; unit area over full domain",441,441,372,0,69,200
"All tissues","SuSiE","CSs without a shared biological lead SNP",-67.1875,0.00167315392609704,10,"gaussian","all finite selected distances; unit area over full domain",441,441,372,0,69,200
"All tissues","SuSiE","CSs without a shared biological lead SNP",-66.796875,0.0016773386018893,10,"gaussian","all finite selected distances; unit area over full domain",441,441,372,0,69,200
"All tissues","SuSiE","CSs without a shared biological lead SNP",-66.40625,0.00168188150440649,10,"gaussian","all finite selected distances; unit area over full domain",441,441,372,0,69,200
"All tissues","SuSiE","CSs without a shared biological lead SNP",-66.015625,0.00168678983462506,10,"gaussian","all finite selected distances; unit area over full domain",441,441,372,0,69,200
"All tissues","SuSiE","CSs without a shared biological lead SNP",-65.625,0.00169210406068943,10,"gaussian","all finite selected distances; unit area over full domain",441,441,372,0,69,200
"All tissues","SuSiE","CSs without a shared biological lead SNP",-65.234375,0.00169778406983099,10,"gaussian","all finite selected distances; unit area over full domain",441,441,372,0,69,200
"All tissues","SuSiE","CSs without a shared biological lead SNP",-64.84375,0.00170383474408897,10,"gaussian","all finite selected distances; unit area over full domain",441,441,372,0,69,200
"All tissues","SuSiE","CSs without a shared biological lead SNP",-64.453125,0.0017102929558008,10,"gaussian","all finite selected distances; unit area over full domain",441,441,372,0,69,200
"All tissues","SuSiE","CSs without a shared biological lead SNP",-64.0625,0.00171711580503674,10,"gaussian","all finite selected distances; unit area over full domain",441,441,372,0,69,200
"All tissues","SuSiE","CSs without a shared biological lead SNP",-63.671875,0.0017243060098386,10,"gaussian","all finite selected distances; unit area over full domain",441,441,372,0,69,200
"All tissues","SuSiE","CSs without a shared biological lead SNP",-63.28125,0.00173189646683534,10,"gaussian","all finite selected distances; unit area over full domain",441,441,372,0,69,200
"All tissues","SuSiE","CSs without a shared biological lead SNP",-62.890625,0.00173984295823835,10,"gaussian","all finite selected distances; unit area over full domain",441,441,372,0,69,200
"All tissues","SuSiE","CSs without a shared biological lead SNP",-62.5,0.00174814653253785,10,"gaussian","all finite selected distances; unit area over full domain",441,441,372,0,69,200
"All tissues","SuSiE","CSs without a shared biological lead SNP",-62.109375,0.00175683636242397,10,"gaussian","all finite selected distances; unit area over full domain",441,441,372,0,69,200
"All tissues","SuSiE","CSs without a shared biological lead SNP",-61.71875,0.00176586850539571,10,"gaussian","all finite selected distances; unit area over full domain",441,441,372,0,69,200
"All tissues","SuSiE","CSs without a shared biological lead SNP",-61.328125,0.00177524316963334,10,"gaussian","all finite selected distances; unit area over full domain",441,441,372,0,69,200
"All tissues","SuSiE","CSs without a shared biological lead SNP",-60.9375,0.00178498672421406,10,"gaussian","all finite selected distances; unit area over full domain",441,441,372,0,69,200
"All tissues","SuSiE","CSs without a shared biological lead SNP",-60.546875,0.00179505704796716,10,"gaussian","all finite selected distances; unit area over full domain",441,441,372,0,69,200
"All tissues","SuSiE","CSs without a shared biological lead SNP",-60.15625,0.00180545462842333,10,"gaussian","all finite selected distances; unit area over full domain",441,441,372,0,69,200
"All tissues","SuSiE","CSs without a shared biological lead SNP",-59.765625,0.00181620457855128,10,"gaussian","all finite selected distances; unit area over full domain",441,441,372,0,69,200
"All tissues","SuSiE","CSs without a shared biological lead SNP",-59.375,0.00182726791331979,10,"gaussian","all finite selected distances; unit area over full domain",441,441,372,0,69,200
"All tissues","SuSiE","CSs without a shared biological lead SNP",-58.984375,0.00183864672782889,10,"gaussian","all finite selected distances; unit area over full domain",441,441,372,0,69,200
"All tissues","SuSiE","CSs without a shared biological lead SNP",-58.59375,0.00185036693355034,10,"gaussian","all finite selected distances; unit area over full domain",441,441,372,0,69,200
"All tissues","SuSiE","CSs without a shared biological lead SNP",-58.203125,0.00186239358943235,10,"gaussian","all finite selected distances; unit area over full domain",441,441,372,0,69,200
"All tissues","SuSiE","CSs without a shared biological lead SNP",-57.8125,0.00187473182192946,10,"gaussian","all finite selected distances; unit area over full domain",441,441,372,0,69,200
"All tissues","SuSiE","CSs without a shared biological lead SNP",-57.421875,0.00188741071291096,10,"gaussian","all finite selected distances; unit area over full domain",441,441,372,0,69,200
"All tissues","SuSiE","CSs without a shared biological lead SNP",-57.03125,0.0019003997202439,10,"gaussian","all finite selected distances; unit area over full domain",441,441,372,0,69,200
"All tissues","SuSiE","CSs without a shared biological lead SNP",-56.640625,0.00191370838683407,10,"gaussian","all finite selected distances; unit area over full domain",441,441,372,0,69,200
"All tissues","SuSiE","CSs without a shared biological lead SNP",-56.25,0.00192737141192636,10,"gaussian","all finite selected distances; unit area over full domain",441,441,372,0,69,200
"All tissues","SuSiE","CSs without a shared biological lead SNP",-55.859375,0.00194136235695875,10,"gaussian","all finite selected distances; unit area over full domain",441,441,372,0,69,200
"All tissues","SuSiE","CSs without a shared biological lead SNP",-55.46875,0.00195569638456848,10,"gaussian","all finite selected distances; unit area over full domain",441,441,372,0,69,200
"All tissues","SuSiE","CSs without a shared biological lead SNP",-55.078125,0.0019704160627749,10,"gaussian","all finite selected distances; unit area over full domain",441,441,372,0,69,200
"All tissues","SuSiE","CSs without a shared biological lead SNP",-54.6875,0.00198549807603347,10,"gaussian","all finite selected distances; unit area over full domain",441,441,372,0,69,200
"All tissues","SuSiE","CSs without a shared biological lead SNP",-54.296875,0.00200096408985627,10,"gaussian","all finite selected distances; unit area over full domain",441,441,372,0,69,200
"All tissues","SuSiE","CSs without a shared biological lead SNP",-53.90625,0.00201686632558069,10,"gaussian","all finite selected distances; unit area over full domain",441,441,372,0,69,200
"All tissues","SuSiE","CSs without a shared biological lead SNP",-53.515625,0.00203318296002146,10,"gaussian","all finite selected distances; unit area over full domain",441,441,372,0,69,200
"All tissues","SuSiE","CSs without a shared biological lead SNP",-53.125,0.00204994260472102,10,"gaussian","all finite selected distances; unit area over full domain",441,441,372,0,69,200
"All tissues","SuSiE","CSs without a shared biological lead SNP",-52.734375,0.00206720820894497,10,"gaussian","all finite selected distances; unit area over full domain",441,441,372,0,69,200
"All tissues","SuSiE","CSs without a shared biological lead SNP",-52.34375,0.00208495726657446,10,"gaussian","all finite selected distances; unit area over full domain",441,441,372,0,69,200
"All tissues","SuSiE","CSs without a shared biological lead SNP",-51.953125,0.00210322524933861,10,"gaussian","all finite selected distances; unit area over full domain",441,441,372,0,69,200
"All tissues","SuSiE","CSs without a shared biological lead SNP",-51.5625,0.00212208601097642,10,"gaussian","all finite selected distances; unit area over full domain",441,441,372,0,69,200
"All tissues","SuSiE","CSs without a shared biological lead SNP",-51.171875,0.00214151381144672,10,"gaussian","all finite selected distances; unit area over full domain",441,441,372,0,69,200
"All tissues","SuSiE","CSs without a shared biological lead SNP",-50.78125,0.00216155031960501,10,"gaussian","all finite selected distances; unit area over full domain",441,441,372,0,69,200
"All tissues","SuSiE","CSs without a shared biological lead SNP",-50.390625,0.00218227946088031,10,"gaussian","all finite selected distances; unit area over full domain",441,441,372,0,69,200
"All tissues","SuSiE","CSs without a shared biological lead SNP",-50,0.00220366955356053,10,"gaussian","all finite selected distances; unit area over full domain",441,441,372,0,69,200
"All tissues","SuSiE","CSs without a shared biological lead SNP",-49.609375,0.00222576722257243,10,"gaussian","all finite selected distances; unit area over full domain",441,441,372,0,69,200
"All tissues","SuSiE","CSs without a shared biological lead SNP",-49.21875,0.00224866460337348,10,"gaussian","all finite selected distances; unit area over full domain",441,441,372,0,69,200
"All tissues","SuSiE","CSs without a shared biological lead SNP",-48.828125,0.00227232145826996,10,"gaussian","all finite selected distances; unit area over full domain",441,441,372,0,69,200
"All tissues","SuSiE","CSs without a shared biological lead SNP",-48.4375,0.0022967875985987,10,"gaussian","all finite selected distances; unit area over full domain",441,441,372,0,69,200
"All tissues","SuSiE","CSs without a shared biological lead SNP",-48.046875,0.00232216055770487,10,"gaussian","all finite selected distances; unit area over full domain",441,441,372,0,69,200
"All tissues","SuSiE","CSs without a shared biological lead SNP",-47.65625,0.00234838928027501,10,"gaussian","all finite selected distances; unit area over full domain",441,441,372,0,69,200
"All tissues","SuSiE","CSs without a shared biological lead SNP",-47.265625,0.00237552456387036,10,"gaussian","all finite selected distances; unit area over full domain",441,441,372,0,69,200
"All tissues","SuSiE","CSs without a shared biological lead SNP",-46.875,0.002403665750373,10,"gaussian","all finite selected distances; unit area over full domain",441,441,372,0,69,200
"All tissues","SuSiE","CSs without a shared biological lead SNP",-46.484375,0.00243274930250472,10,"gaussian","all finite selected distances; unit area over full domain",441,441,372,0,69,200
"All tissues","SuSiE","CSs without a shared biological lead SNP",-46.09375,0.00246282451449022,10,"gaussian","all finite selected distances; unit area over full domain",441,441,372,0,69,200
"All tissues","SuSiE","CSs without a shared biological lead SNP",-45.703125,0.00249398842611415,10,"gaussian","all finite selected distances; unit area over full domain",441,441,372,0,69,200
"All tissues","SuSiE","CSs without a shared biological lead SNP",-45.3125,0.00252616415816902,10,"gaussian","all finite selected distances; unit area over full domain",441,441,372,0,69,200
"All tissues","SuSiE","CSs without a shared biological lead SNP",-44.921875,0.00255939689742522,10,"gaussian","all finite selected distances; unit area over full domain",441,441,372,0,69,200
"All tissues","SuSiE","CSs without a shared biological lead SNP",-44.53125,0.00259377706791805,10,"gaussian","all finite selected distances; unit area over full domain",441,441,372,0,69,200
"All tissues","SuSiE","CSs without a shared biological lead SNP",-44.140625,0.00262921454235772,10,"gaussian","all finite selected distances; unit area over full domain",441,441,372,0,69,200
"All tissues","SuSiE","CSs without a shared biological lead SNP",-43.75,0.00266574787737642,10,"gaussian","all finite selected distances; unit area over full domain",441,441,372,0,69,200
"All tissues","SuSiE","CSs without a shared biological lead SNP",-43.359375,0.0027034567185449,10,"gaussian","all finite selected distances; unit area over full domain",441,441,372,0,69,200
"All tissues","SuSiE","CSs without a shared biological lead SNP",-42.96875,0.00274223881438994,10,"gaussian","all finite selected distances; unit area over full domain",441,441,372,0,69,200
"All tissues","SuSiE","CSs without a shared biological lead SNP",-42.578125,0.0027821238526381,10,"gaussian","all finite selected distances; unit area over full domain",441,441,372,0,69,200
"All tissues","SuSiE","CSs without a shared biological lead SNP",-42.1875,0.00282317704761782,10,"gaussian","all finite selected distances; unit area over full domain",441,441,372,0,69,200
"All tissues","SuSiE","CSs without a shared biological lead SNP",-41.796875,0.00286528617110076,10,"gaussian","all finite selected distances; unit area over full domain",441,441,372,0,69,200
"All tissues","SuSiE","CSs without a shared biological lead SNP",-41.40625,0.00290847028025115,10,"gaussian","all finite selected distances; unit area over full domain",441,441,372,0,69,200
"All tissues","SuSiE","CSs without a shared biological lead SNP",-41.015625,0.00295277734741758,10,"gaussian","all finite selected distances; unit area over full domain",441,441,372,0,69,200
"All tissues","SuSiE","CSs without a shared biological lead SNP",-40.625,0.00299808824652642,10,"gaussian","all finite selected distances; unit area over full domain",441,441,372,0,69,200
"All tissues","SuSiE","CSs without a shared biological lead SNP",-40.234375,0.00304441028782116,10,"gaussian","all finite selected distances; unit area over full domain",441,441,372,0,69,200
"All tissues","SuSiE","CSs without a shared biological lead SNP",-39.84375,0.00309177250772194,10,"gaussian","all finite selected distances; unit area over full domain",441,441,372,0,69,200
"All tissues","SuSiE","CSs without a shared biological lead SNP",-39.453125,0.00314005271943277,10,"gaussian","all finite selected distances; unit area over full domain",441,441,372,0,69,200
"All tissues","SuSiE","CSs without a shared biological lead SNP",-39.0625,0.00318924614389671,10,"gaussian","all finite selected distances; unit area over full domain",441,441,372,0,69,200
"All tissues","SuSiE","CSs without a shared biological lead SNP",-38.671875,0.00323936249551634,10,"gaussian","all finite selected distances; unit area over full domain",441,441,372,0,69,200
"All tissues","SuSiE","CSs without a shared biological lead SNP",-38.28125,0.00329028087866649,10,"gaussian","all finite selected distances; unit area over full domain",441,441,372,0,69,200
"All tissues","SuSiE","CSs without a shared biological lead SNP",-37.890625,0.00334198493354745,10,"gaussian","all finite selected distances; unit area over full domain",441,441,372,0,69,200
"All tissues","SuSiE","CSs without a shared biological lead SNP",-37.5,0.00339446606180011,10,"gaussian","all finite selected distances; unit area over full domain",441,441,372,0,69,200
"All tissues","SuSiE","CSs without a shared biological lead SNP",-37.109375,0.00344760922894213,10,"gaussian","all finite selected distances; unit area over full domain",441,441,372,0,69,200
"All tissues","SuSiE","CSs without a shared biological lead SNP",-36.71875,0.00350138787015424,10,"gaussian","all finite selected distances; unit area over full domain",441,441,372,0,69,200
"All tissues","SuSiE","CSs without a shared biological lead SNP",-36.328125,0.00355577745108764,10,"gaussian","all finite selected distances; unit area over full domain",441,441,372,0,69,200
"All tissues","SuSiE","CSs without a shared biological lead SNP",-35.9375,0.00361067325802406,10,"gaussian","all finite selected distances; unit area over full domain",441,441,372,0,69,200
"All tissues","SuSiE","CSs without a shared biological lead SNP",-35.546875,0.00366604071444085,10,"gaussian","all finite selected distances; unit area over full domain",441,441,372,0,69,200
"All tissues","SuSiE","CSs without a shared biological lead SNP",-35.15625,0.00372184294871678,10,"gaussian","all finite selected distances; unit area over full domain",441,441,372,0,69,200
"All tissues","SuSiE","CSs without a shared biological lead SNP",-34.765625,0.00377798958149022,10,"gaussian","all finite selected distances; unit area over full domain",441,441,372,0,69,200
"All tissues","SuSiE","CSs without a shared biological lead SNP",-34.375,0.00383444091945588,10,"gaussian","all finite selected distances; unit area over full domain",441,441,372,0,69,200
"All tissues","SuSiE","CSs without a shared biological lead SNP",-33.984375,0.00389115231837674,10,"gaussian","all finite selected distances; unit area over full domain",441,441,372,0,69,200
"All tissues","SuSiE","CSs without a shared biological lead SNP",-33.59375,0.0039480509835745,10,"gaussian","all finite selected distances; unit area over full domain",441,441,372,0,69,200
"All tissues","SuSiE","CSs without a shared biological lead SNP",-33.203125,0.00400509552320568,10,"gaussian","all finite selected distances; unit area over full domain",441,441,372,0,69,200
"All tissues","SuSiE","CSs without a shared biological lead SNP",-32.8125,0.0040622387013361,10,"gaussian","all finite selected distances; unit area over full domain",441,441,372,0,69,200
"All tissues","SuSiE","CSs without a shared biological lead SNP",-32.421875,0.00411942752128524,10,"gaussian","all finite selected distances; unit area over full domain",441,441,372,0,69,200
"All tissues","SuSiE","CSs without a shared biological lead SNP",-32.03125,0.00417662260255597,10,"gaussian","all finite selected distances; unit area over full domain",441,441,372,0,69,200
"All tissues","SuSiE","CSs without a shared biological lead SNP",-31.640625,0.00423377949658836,10,"gaussian","all finite selected distances; unit area over full domain",441,441,372,0,69,200
"All tissues","SuSiE","CSs without a shared biological lead SNP",-31.25,0.00429086597336848,10,"gaussian","all finite selected distances; unit area over full domain",441,441,372,0,69,200
"All tissues","SuSiE","CSs without a shared biological lead SNP",-30.859375,0.00434784839357836,10,"gaussian","all finite selected distances; unit area over full domain",441,441,372,0,69,200
"All tissues","SuSiE","CSs without a shared biological lead SNP",-30.46875,0.00440469021877996,10,"gaussian","all finite selected distances; unit area over full domain",441,441,372,0,69,200
"All tissues","SuSiE","CSs without a shared biological lead SNP",-30.078125,0.00446137958665968,10,"gaussian","all finite selected distances; unit area over full domain",441,441,372,0,69,200
"All tissues","SuSiE","CSs without a shared biological lead SNP",-29.6875,0.00451789205447568,10,"gaussian","all finite selected distances; unit area over full domain",441,441,372,0,69,200
"All tissues","SuSiE","CSs without a shared biological lead SNP",-29.296875,0.00457420340611151,10,"gaussian","all finite selected distances; unit area over full domain",441,441,372,0,69,200
"All tissues","SuSiE","CSs without a shared biological lead SNP",-28.90625,0.00463032035498873,10,"gaussian","all finite selected distances; unit area over full domain",441,441,372,0,69,200
"All tissues","SuSiE","CSs without a shared biological lead SNP",-28.515625,0.00468623053912613,10,"gaussian","all finite selected distances; unit area over full domain",441,441,372,0,69,200
"All tissues","SuSiE","CSs without a shared biological lead SNP",-28.125,0.00474192535079556,10,"gaussian","all finite selected distances; unit area over full domain",441,441,372,0,69,200
"All tissues","SuSiE","CSs without a shared biological lead SNP",-27.734375,0.00479742697270653,10,"gaussian","all finite selected distances; unit area over full domain",441,441,372,0,69,200
"All tissues","SuSiE","CSs without a shared biological lead SNP",-27.34375,0.00485273715943782,10,"gaussian","all finite selected distances; unit area over full domain",441,441,372,0,69,200
"All tissues","SuSiE","CSs without a shared biological lead SNP",-26.953125,0.00490786473163942,10,"gaussian","all finite selected distances; unit area over full domain",441,441,372,0,69,200
"All tissues","SuSiE","CSs without a shared biological lead SNP",-26.5625,0.00496284310150445,10,"gaussian","all finite selected distances; unit area over full domain",441,441,372,0,69,200
"All tissues","SuSiE","CSs without a shared biological lead SNP",-26.171875,0.00501768909212086,10,"gaussian","all finite selected distances; unit area over full domain",441,441,372,0,69,200
"All tissues","SuSiE","CSs without a shared biological lead SNP",-25.78125,0.00507242907446453,10,"gaussian","all finite selected distances; unit area over full domain",441,441,372,0,69,200
"All tissues","SuSiE","CSs without a shared biological lead SNP",-25.390625,0.00512710259166489,10,"gaussian","all finite selected distances; unit area over full domain",441,441,372,0,69,200
"All tissues","SuSiE","CSs without a shared biological lead SNP",-25,0.00518174123008836,10,"gaussian","all finite selected distances; unit area over full domain",441,441,372,0,69,200
"All tissues","SuSiE","CSs without a shared biological lead SNP",-24.609375,0.00523638723552458,10,"gaussian","all finite selected distances; unit area over full domain",441,441,372,0,69,200
"All tissues","SuSiE","CSs without a shared biological lead SNP",-24.21875,0.00529108067615066,10,"gaussian","all finite selected distances; unit area over full domain",441,441,372,0,69,200
"All tissues","SuSiE","CSs without a shared biological lead SNP",-23.828125,0.00534586624495701,10,"gaussian","all finite selected distances; unit area over full domain",441,441,372,0,69,200
"All tissues","SuSiE","CSs without a shared biological lead SNP",-23.4375,0.0054007986369175,10,"gaussian","all finite selected distances; unit area over full domain",441,441,372,0,69,200
"All tissues","SuSiE","CSs without a shared biological lead SNP",-23.046875,0.00545591273684989,10,"gaussian","all finite selected distances; unit area over full domain",441,441,372,0,69,200
"All tissues","SuSiE","CSs without a shared biological lead SNP",-22.65625,0.00551126333298507,10,"gaussian","all finite selected distances; unit area over full domain",441,441,372,0,69,200
"All tissues","SuSiE","CSs without a shared biological lead SNP",-22.265625,0.00556691258996366,10,"gaussian","all finite selected distances; unit area over full domain",441,441,372,0,69,200
"All tissues","SuSiE","CSs without a shared biological lead SNP",-21.875,0.0056228848281082,10,"gaussian","all finite selected distances; unit area over full domain",441,441,372,0,69,200
"All tissues","SuSiE","CSs without a shared biological lead SNP",-21.484375,0.00567924065793841,10,"gaussian","all finite selected distances; unit area over full domain",441,441,372,0,69,200
"All tissues","SuSiE","CSs without a shared biological lead SNP",-21.09375,0.00573604351489923,10,"gaussian","all finite selected distances; unit area over full domain",441,441,372,0,69,200
"All tissues","SuSiE","CSs without a shared biological lead SNP",-20.703125,0.00579330252431059,10,"gaussian","all finite selected distances; unit area over full domain",441,441,372,0,69,200
"All tissues","SuSiE","CSs without a shared biological lead SNP",-20.3125,0.00585107877262106,10,"gaussian","all finite selected distances; unit area over full domain",441,441,372,0,69,200
"All tissues","SuSiE","CSs without a shared biological lead SNP",-19.921875,0.00590942999808124,10,"gaussian","all finite selected distances; unit area over full domain",441,441,372,0,69,200
"All tissues","SuSiE","CSs without a shared biological lead SNP",-19.53125,0.00596834663624278,10,"gaussian","all finite selected distances; unit area over full domain",441,441,372,0,69,200
"All tissues","SuSiE","CSs without a shared biological lead SNP",-19.140625,0.00602788410438035,10,"gaussian","all finite selected distances; unit area over full domain",441,441,372,0,69,200
"All tissues","SuSiE","CSs without a shared biological lead SNP",-18.75,0.00608808723939088,10,"gaussian","all finite selected distances; unit area over full domain",441,441,372,0,69,200
"All tissues","SuSiE","CSs without a shared biological lead SNP",-18.359375,0.00614892574532537,10,"gaussian","all finite selected distances; unit area over full domain",441,441,372,0,69,200
"All tissues","SuSiE","CSs without a shared biological lead SNP",-17.96875,0.00621044277268478,10,"gaussian","all finite selected distances; unit area over full domain",441,441,372,0,69,200
"All tissues","SuSiE","CSs without a shared biological lead SNP",-17.578125,0.00627266339208182,10,"gaussian","all finite selected distances; unit area over full domain",441,441,372,0,69,200
"All tissues","SuSiE","CSs without a shared biological lead SNP",-17.1875,0.0063355362119538,10,"gaussian","all finite selected distances; unit area over full domain",441,441,372,0,69,200
"All tissues","SuSiE","CSs without a shared biological lead SNP",-16.796875,0.00639908546350183,10,"gaussian","all finite selected distances; unit area over full domain",441,441,372,0,69,200
"All tissues","SuSiE","CSs without a shared biological lead SNP",-16.40625,0.00646331049876971,10,"gaussian","all finite selected distances; unit area over full domain",441,441,372,0,69,200
"All tissues","SuSiE","CSs without a shared biological lead SNP",-16.015625,0.00652814025776215,10,"gaussian","all finite selected distances; unit area over full domain",441,441,372,0,69,200
"All tissues","SuSiE","CSs without a shared biological lead SNP",-15.625,0.00659357376967536,10,"gaussian","all finite selected distances; unit area over full domain",441,441,372,0,69,200
"All tissues","SuSiE","CSs without a shared biological lead SNP",-15.234375,0.00665958015499968,10,"gaussian","all finite selected distances; unit area over full domain",441,441,372,0,69,200
"All tissues","SuSiE","CSs without a shared biological lead SNP",-14.84375,0.00672607189632184,10,"gaussian","all finite selected distances; unit area over full domain",441,441,372,0,69,200
"All tissues","SuSiE","CSs without a shared biological lead SNP",-14.453125,0.00679301733340404,10,"gaussian","all finite selected distances; unit area over full domain",441,441,372,0,69,200
"All tissues","SuSiE","CSs without a shared biological lead SNP",-14.0625,0.00686035271965232,10,"gaussian","all finite selected distances; unit area over full domain",441,441,372,0,69,200
"All tissues","SuSiE","CSs without a shared biological lead SNP",-13.671875,0.00692797894477563,10,"gaussian","all finite selected distances; unit area over full domain",441,441,372,0,69,200
"All tissues","SuSiE","CSs without a shared biological lead SNP",-13.28125,0.00699582936587619,10,"gaussian","all finite selected distances; unit area over full domain",441,441,372,0,69,200
"All tissues","SuSiE","CSs without a shared biological lead SNP",-12.890625,0.00706380692515928,10,"gaussian","all finite selected distances; unit area over full domain",441,441,372,0,69,200
"All tissues","SuSiE","CSs without a shared biological lead SNP",-12.5,0.00713180719097212,10,"gaussian","all finite selected distances; unit area over full domain",441,441,372,0,69,200
"All tissues","SuSiE","CSs without a shared biological lead SNP",-12.109375,0.00719972578458327,10,"gaussian","all finite selected distances; unit area over full domain",441,441,372,0,69,200
"All tissues","SuSiE","CSs without a shared biological lead SNP",-11.71875,0.00726743424680561,10,"gaussian","all finite selected distances; unit area over full domain",441,441,372,0,69,200
"All tissues","SuSiE","CSs without a shared biological lead SNP",-11.328125,0.00733483015447737,10,"gaussian","all finite selected distances; unit area over full domain",441,441,372,0,69,200
"All tissues","SuSiE","CSs without a shared biological lead SNP",-10.9375,0.00740177044816733,10,"gaussian","all finite selected distances; unit area over full domain",441,441,372,0,69,200
"All tissues","SuSiE","CSs without a shared biological lead SNP",-10.546875,0.00746809952503253,10,"gaussian","all finite selected distances; unit area over full domain",441,441,372,0,69,200
"All tissues","SuSiE","CSs without a shared biological lead SNP",-10.15625,0.00753372492842621,10,"gaussian","all finite selected distances; unit area over full domain",441,441,372,0,69,200
"All tissues","SuSiE","CSs without a shared biological lead SNP",-9.765625,0.00759846595115178,10,"gaussian","all finite selected distances; unit area over full domain",441,441,372,0,69,200
"All tissues","SuSiE","CSs without a shared biological lead SNP",-9.375,0.00766214627222594,10,"gaussian","all finite selected distances; unit area over full domain",441,441,372,0,69,200
"All tissues","SuSiE","CSs without a shared biological lead SNP",-8.984375,0.00772469150168595,10,"gaussian","all finite selected distances; unit area over full domain",441,441,372,0,69,200
"All tissues","SuSiE","CSs without a shared biological lead SNP",-8.59375,0.00778588634957141,10,"gaussian","all finite selected distances; unit area over full domain",441,441,372,0,69,200
"All tissues","SuSiE","CSs without a shared biological lead SNP",-8.203125,0.00784554202223665,10,"gaussian","all finite selected distances; unit area over full domain",441,441,372,0,69,200
"All tissues","SuSiE","CSs without a shared biological lead SNP",-7.8125,0.00790360992625186,10,"gaussian","all finite selected distances; unit area over full domain",441,441,372,0,69,200
"All tissues","SuSiE","CSs without a shared biological lead SNP",-7.421875,0.00795984521466812,10,"gaussian","all finite selected distances; unit area over full domain",441,441,372,0,69,200
"All tissues","SuSiE","CSs without a shared biological lead SNP",-7.03125,0.00801405618998625,10,"gaussian","all finite selected distances; unit area over full domain",441,441,372,0,69,200
"All tissues","SuSiE","CSs without a shared biological lead SNP",-6.640625,0.00806622690774604,10,"gaussian","all finite selected distances; unit area over full domain",441,441,372,0,69,200
"All tissues","SuSiE","CSs without a shared biological lead SNP",-6.25,0.0081160897509379,10,"gaussian","all finite selected distances; unit area over full domain",441,441,372,0,69,200
"All tissues","SuSiE","CSs without a shared biological lead SNP",-5.859375,0.00816346039575976,10,"gaussian","all finite selected distances; unit area over full domain",441,441,372,0,69,200
"All tissues","SuSiE","CSs without a shared biological lead SNP",-5.46875,0.00820836105277908,10,"gaussian","all finite selected distances; unit area over full domain",441,441,372,0,69,200
"All tissues","SuSiE","CSs without a shared biological lead SNP",-5.078125,0.00825050956110627,10,"gaussian","all finite selected distances; unit area over full domain",441,441,372,0,69,200
"All tissues","SuSiE","CSs without a shared biological lead SNP",-4.6875,0.00828973926608986,10,"gaussian","all finite selected distances; unit area over full domain",441,441,372,0,69,200
"All tissues","SuSiE","CSs without a shared biological lead SNP",-4.296875,0.00832611429420608,10,"gaussian","all finite selected distances; unit area over full domain",441,441,372,0,69,200
"All tissues","SuSiE","CSs without a shared biological lead SNP",-3.90625,0.00835934717758569,10,"gaussian","all finite selected distances; unit area over full domain",441,441,372,0,69,200
"All tissues","SuSiE","CSs without a shared biological lead SNP",-3.515625,0.00838929852737944,10,"gaussian","all finite selected distances; unit area over full domain",441,441,372,0,69,200
"All tissues","SuSiE","CSs without a shared biological lead SNP",-3.125,0.00841607610242704,10,"gaussian","all finite selected distances; unit area over full domain",441,441,372,0,69,200
"All tissues","SuSiE","CSs without a shared biological lead SNP",-2.734375,0.00843939686555993,10,"gaussian","all finite selected distances; unit area over full domain",441,441,372,0,69,200
"All tissues","SuSiE","CSs without a shared biological lead SNP",-2.34375,0.00845915690472511,10,"gaussian","all finite selected distances; unit area over full domain",441,441,372,0,69,200
"All tissues","SuSiE","CSs without a shared biological lead SNP",-1.953125,0.00847550710792468,10,"gaussian","all finite selected distances; unit area over full domain",441,441,372,0,69,200
"All tissues","SuSiE","CSs without a shared biological lead SNP",-1.5625,0.00848817854952935,10,"gaussian","all finite selected distances; unit area over full domain",441,441,372,0,69,200
"All tissues","SuSiE","CSs without a shared biological lead SNP",-1.171875,0.00849710901918639,10,"gaussian","all finite selected distances; unit area over full domain",441,441,372,0,69,200
"All tissues","SuSiE","CSs without a shared biological lead SNP",-0.78125,0.00850248977715201,10,"gaussian","all finite selected distances; unit area over full domain",441,441,372,0,69,200
"All tissues","SuSiE","CSs without a shared biological lead SNP",-0.390625,0.00850407506797884,10,"gaussian","all finite selected distances; unit area over full domain",441,441,372,0,69,200
"All tissues","SuSiE","CSs without a shared biological lead SNP",0,0.00850184815995101,10,"gaussian","all finite selected distances; unit area over full domain",441,441,372,0,69,200
"All tissues","SuSiE","CSs without a shared biological lead SNP",0.390625,0.00849603578967252,10,"gaussian","all finite selected distances; unit area over full domain",441,441,372,0,69,200
"All tissues","SuSiE","CSs without a shared biological lead SNP",0.78125,0.00848642327804403,10,"gaussian","all finite selected distances; unit area over full domain",441,441,372,0,69,200
"All tissues","SuSiE","CSs without a shared biological lead SNP",1.171875,0.00847304041976192,10,"gaussian","all finite selected distances; unit area over full domain",441,441,372,0,69,200
"All tissues","SuSiE","CSs without a shared biological lead SNP",1.5625,0.00845614265263285,10,"gaussian","all finite selected distances; unit area over full domain",441,441,372,0,69,200
"All tissues","SuSiE","CSs without a shared biological lead SNP",1.953125,0.00843555267391785,10,"gaussian","all finite selected distances; unit area over full domain",441,441,372,0,69,200
"All tissues","SuSiE","CSs without a shared biological lead SNP",2.34375,0.00841134504990795,10,"gaussian","all finite selected distances; unit area over full domain",441,441,372,0,69,200
"All tissues","SuSiE","CSs without a shared biological lead SNP",2.734375,0.00838379565427886,10,"gaussian","all finite selected distances; unit area over full domain",441,441,372,0,69,200
"All tissues","SuSiE","CSs without a shared biological lead SNP",3.125,0.00835276891333077,10,"gaussian","all finite selected distances; unit area over full domain",441,441,372,0,69,200
"All tissues","SuSiE","CSs without a shared biological lead SNP",3.515625,0.00831837975018673,10,"gaussian","all finite selected distances; unit area over full domain",441,441,372,0,69,200
"All tissues","SuSiE","CSs without a shared biological lead SNP",3.90625,0.00828091520994491,10,"gaussian","all finite selected distances; unit area over full domain",441,441,372,0,69,200
"All tissues","SuSiE","CSs without a shared biological lead SNP",4.296875,0.00824028365091491,10,"gaussian","all finite selected distances; unit area over full domain",441,441,372,0,69,200
"All tissues","SuSiE","CSs without a shared biological lead SNP",4.6875,0.00819663362497155,10,"gaussian","all finite selected distances; unit area over full domain",441,441,372,0,69,200
"All tissues","SuSiE","CSs without a shared biological lead SNP",5.078125,0.00815025364137627,10,"gaussian","all finite selected distances; unit area over full domain",441,441,372,0,69,200
"All tissues","SuSiE","CSs without a shared biological lead SNP",5.46875,0.00810109599394291,10,"gaussian","all finite selected distances; unit area over full domain",441,441,372,0,69,200
"All tissues","SuSiE","CSs without a shared biological lead SNP",5.859375,0.00804933434079988,10,"gaussian","all finite selected distances; unit area over full domain",441,441,372,0,69,200
"All tissues","SuSiE","CSs without a shared biological lead SNP",6.25,0.00799524908378476,10,"gaussian","all finite selected distances; unit area over full domain",441,441,372,0,69,200
"All tissues","SuSiE","CSs without a shared biological lead SNP",6.640625,0.00793883435895574,10,"gaussian","all finite selected distances; unit area over full domain",441,441,372,0,69,200
"All tissues","SuSiE","CSs without a shared biological lead SNP",7.03125,0.00788027925693789,10,"gaussian","all finite selected distances; unit area over full domain",441,441,372,0,69,200
"All tissues","SuSiE","CSs without a shared biological lead SNP",7.421875,0.00781984719185533,10,"gaussian","all finite selected distances; unit area over full domain",441,441,372,0,69,200
"All tissues","SuSiE","CSs without a shared biological lead SNP",7.8125,0.007757570193461,10,"gaussian","all finite selected distances; unit area over full domain",441,441,372,0,69,200
"All tissues","SuSiE","CSs without a shared biological lead SNP",8.203125,0.00769364266833187,10,"gaussian","all finite selected distances; unit area over full domain",441,441,372,0,69,200
"All tissues","SuSiE","CSs without a shared biological lead SNP",8.59375,0.00762830334421847,10,"gaussian","all finite selected distances; unit area over full domain",441,441,372,0,69,200
"All tissues","SuSiE","CSs without a shared biological lead SNP",8.984375,0.00756161669551248,10,"gaussian","all finite selected distances; unit area over full domain",441,441,372,0,69,200
"All tissues","SuSiE","CSs without a shared biological lead SNP",9.375,0.00749377259597342,10,"gaussian","all finite selected distances; unit area over full domain",441,441,372,0,69,200
"All tissues","SuSiE","CSs without a shared biological lead SNP",9.765625,0.00742497895947942,10,"gaussian","all finite selected distances; unit area over full domain",441,441,372,0,69,200
"All tissues","SuSiE","CSs without a shared biological lead SNP",10.15625,0.0073553261897194,10,"gaussian","all finite selected distances; unit area over full domain",441,441,372,0,69,200
"All tissues","SuSiE","CSs without a shared biological lead SNP",10.546875,0.0072849906987696,10,"gaussian","all finite selected distances; unit area over full domain",441,441,372,0,69,200
"All tissues","SuSiE","CSs without a shared biological lead SNP",10.9375,0.00721414529385318,10,"gaussian","all finite selected distances; unit area over full domain",441,441,372,0,69,200
"All tissues","SuSiE","CSs without a shared biological lead SNP",11.328125,0.00714289920162399,10,"gaussian","all finite selected distances; unit area over full domain",441,441,372,0,69,200
"All tissues","SuSiE","CSs without a shared biological lead SNP",11.71875,0.00707140790562738,10,"gaussian","all finite selected distances; unit area over full domain",441,441,372,0,69,200
"All tissues","SuSiE","CSs without a shared biological lead SNP",12.109375,0.00699980677312406,10,"gaussian","all finite selected distances; unit area over full domain",441,441,372,0,69,200
"All tissues","SuSiE","CSs without a shared biological lead SNP",12.5,0.00692821663402186,10,"gaussian","all finite selected distances; unit area over full domain",441,441,372,0,69,200
"All tissues","SuSiE","CSs without a shared biological lead SNP",12.890625,0.00685676643270735,10,"gaussian","all finite selected distances; unit area over full domain",441,441,372,0,69,200
"All tissues","SuSiE","CSs without a shared biological lead SNP",13.28125,0.00678555370858806,10,"gaussian","all finite selected distances; unit area over full domain",441,441,372,0,69,200
"All tissues","SuSiE","CSs without a shared biological lead SNP",13.671875,0.00671470400616764,10,"gaussian","all finite selected distances; unit area over full domain",441,441,372,0,69,200
"All tissues","SuSiE","CSs without a shared biological lead SNP",14.0625,0.00664431620102446,10,"gaussian","all finite selected distances; unit area over full domain",441,441,372,0,69,200
"All tissues","SuSiE","CSs without a shared biological lead SNP",14.453125,0.00657445142106647,10,"gaussian","all finite selected distances; unit area over full domain",441,441,372,0,69,200
"All tissues","SuSiE","CSs without a shared biological lead SNP",14.84375,0.00650523374959191,10,"gaussian","all finite selected distances; unit area over full domain",441,441,372,0,69,200
"All tissues","SuSiE","CSs without a shared biological lead SNP",15.234375,0.00643673059539831,10,"gaussian","all finite selected distances; unit area over full domain",441,441,372,0,69,200
"All tissues","SuSiE","CSs without a shared biological lead SNP",15.625,0.00636896964835001,10,"gaussian","all finite selected distances; unit area over full domain",441,441,372,0,69,200
"All tissues","SuSiE","CSs without a shared biological lead SNP",16.015625,0.00630206836512389,10,"gaussian","all finite selected distances; unit area over full domain",441,441,372,0,69,200
"All tissues","SuSiE","CSs without a shared biological lead SNP",16.40625,0.00623606330899872,10,"gaussian","all finite selected distances; unit area over full domain",441,441,372,0,69,200
"All tissues","SuSiE","CSs without a shared biological lead SNP",16.796875,0.006170952936808,10,"gaussian","all finite selected distances; unit area over full domain",441,441,372,0,69,200
"All tissues","SuSiE","CSs without a shared biological lead SNP",17.1875,0.00610684412368985,10,"gaussian","all finite selected distances; unit area over full domain",441,441,372,0,69,200
"All tissues","SuSiE","CSs without a shared biological lead SNP",17.578125,0.00604374497598459,10,"gaussian","all finite selected distances; unit area over full domain",441,441,372,0,69,200
"All tissues","SuSiE","CSs without a shared biological lead SNP",17.96875,0.00598162978085641,10,"gaussian","all finite selected distances; unit area over full domain",441,441,372,0,69,200
"All tissues","SuSiE","CSs without a shared biological lead SNP",18.359375,0.00592059218541563,10,"gaussian","all finite selected distances; unit area over full domain",441,441,372,0,69,200
"All tissues","SuSiE","CSs without a shared biological lead SNP",18.75,0.00586061563637783,10,"gaussian","all finite selected distances; unit area over full domain",441,441,372,0,69,200
"All tissues","SuSiE","CSs without a shared biological lead SNP",19.140625,0.00580165578298232,10,"gaussian","all finite selected distances; unit area over full domain",441,441,372,0,69,200
"All tissues","SuSiE","CSs without a shared biological lead SNP",19.53125,0.00574379170486804,10,"gaussian","all finite selected distances; unit area over full domain",441,441,372,0,69,200
"All tissues","SuSiE","CSs without a shared biological lead SNP",19.921875,0.00568698696802852,10,"gaussian","all finite selected distances; unit area over full domain",441,441,372,0,69,200
"All tissues","SuSiE","CSs without a shared biological lead SNP",20.3125,0.00563118420578281,10,"gaussian","all finite selected distances; unit area over full domain",441,441,372,0,69,200
"All tissues","SuSiE","CSs without a shared biological lead SNP",20.703125,0.00557644780665714,10,"gaussian","all finite selected distances; unit area over full domain",441,441,372,0,69,200
"All tissues","SuSiE","CSs without a shared biological lead SNP",21.09375,0.00552272676049016,10,"gaussian","all finite selected distances; unit area over full domain",441,441,372,0,69,200
"All tissues","SuSiE","CSs without a shared biological lead SNP",21.484375,0.00546995605519112,10,"gaussian","all finite selected distances; unit area over full domain",441,441,372,0,69,200
"All tissues","SuSiE","CSs without a shared biological lead SNP",21.875,0.00541818631405997,10,"gaussian","all finite selected distances; unit area over full domain",441,441,372,0,69,200
"All tissues","SuSiE","CSs without a shared biological lead SNP",22.265625,0.00536735733459449,10,"gaussian","all finite selected distances; unit area over full domain",441,441,372,0,69,200
"All tissues","SuSiE","CSs without a shared biological lead SNP",22.65625,0.00531740129227352,10,"gaussian","all finite selected distances; unit area over full domain",441,441,372,0,69,200
"All tissues","SuSiE","CSs without a shared biological lead SNP",23.046875,0.00526835679822611,10,"gaussian","all finite selected distances; unit area over full domain",441,441,372,0,69,200
"All tissues","SuSiE","CSs without a shared biological lead SNP",23.4375,0.00522015951793922,10,"gaussian","all finite selected distances; unit area over full domain",441,441,372,0,69,200
"All tissues","SuSiE","CSs without a shared biological lead SNP",23.828125,0.0051727428932162,10,"gaussian","all finite selected distances; unit area over full domain",441,441,372,0,69,200
"All tissues","SuSiE","CSs without a shared biological lead SNP",24.21875,0.00512613584653222,10,"gaussian","all finite selected distances; unit area over full domain",441,441,372,0,69,200
"All tissues","SuSiE","CSs without a shared biological lead SNP",24.609375,0.00508027431715492,10,"gaussian","all finite selected distances; unit area over full domain",441,441,372,0,69,200
"All tissues","SuSiE","CSs without a shared biological lead SNP",25,0.00503509619812897,10,"gaussian","all finite selected distances; unit area over full domain",441,441,372,0,69,200
"All tissues","SuSiE","CSs without a shared biological lead SNP",25.390625,0.00499062334926765,10,"gaussian","all finite selected distances; unit area over full domain",441,441,372,0,69,200
"All tissues","SuSiE","CSs without a shared biological lead SNP",25.78125,0.00494679549568278,10,"gaussian","all finite selected distances; unit area over full domain",441,441,372,0,69,200
"All tissues","SuSiE","CSs without a shared biological lead SNP",26.171875,0.00490355721212637,10,"gaussian","all finite selected distances; unit area over full domain",441,441,372,0,69,200
"All tissues","SuSiE","CSs without a shared biological lead SNP",26.5625,0.0048609259677182,10,"gaussian","all finite selected distances; unit area over full domain",441,441,372,0,69,200
"All tissues","SuSiE","CSs without a shared biological lead SNP",26.953125,0.00481884775566358,10,"gaussian","all finite selected distances; unit area over full domain",441,441,372,0,69,200
"All tissues","SuSiE","CSs without a shared biological lead SNP",27.34375,0.00477727512317313,10,"gaussian","all finite selected distances; unit area over full domain",441,441,372,0,69,200
"All tissues","SuSiE","CSs without a shared biological lead SNP",27.734375,0.00473622364227335,10,"gaussian","all finite selected distances; unit area over full domain",441,441,372,0,69,200
"All tissues","SuSiE","CSs without a shared biological lead SNP",28.125,0.00469564699537546,10,"gaussian","all finite selected distances; unit area over full domain",441,441,372,0,69,200
"All tissues","SuSiE","CSs without a shared biological lead SNP",28.515625,0.00465550613445895,10,"gaussian","all finite selected distances; unit area over full domain",441,441,372,0,69,200
"All tissues","SuSiE","CSs without a shared biological lead SNP",28.90625,0.00461581687420902,10,"gaussian","all finite selected distances; unit area over full domain",441,441,372,0,69,200
"All tissues","SuSiE","CSs without a shared biological lead SNP",29.296875,0.00457654101176971,10,"gaussian","all finite selected distances; unit area over full domain",441,441,372,0,69,200
"All tissues","SuSiE","CSs without a shared biological lead SNP",29.6875,0.00453764761225559,10,"gaussian","all finite selected distances; unit area over full domain",441,441,372,0,69,200
"All tissues","SuSiE","CSs without a shared biological lead SNP",30.078125,0.00449915440336308,10,"gaussian","all finite selected distances; unit area over full domain",441,441,372,0,69,200
"All tissues","SuSiE","CSs without a shared biological lead SNP",30.46875,0.00446103087272754,10,"gaussian","all finite selected distances; unit area over full domain",441,441,372,0,69,200
"All tissues","SuSiE","CSs without a shared biological lead SNP",30.859375,0.00442325335390614,10,"gaussian","all finite selected distances; unit area over full domain",441,441,372,0,69,200
"All tissues","SuSiE","CSs without a shared biological lead SNP",31.25,0.00438584263709798,10,"gaussian","all finite selected distances; unit area over full domain",441,441,372,0,69,200
"All tissues","SuSiE","CSs without a shared biological lead SNP",31.640625,0.0043487748289146,10,"gaussian","all finite selected distances; unit area over full domain",441,441,372,0,69,200
"All tissues","SuSiE","CSs without a shared biological lead SNP",32.03125,0.0043120323218787,10,"gaussian","all finite selected distances; unit area over full domain",441,441,372,0,69,200
"All tissues","SuSiE","CSs without a shared biological lead SNP",32.421875,0.00427563960667235,10,"gaussian","all finite selected distances; unit area over full domain",441,441,372,0,69,200
"All tissues","SuSiE","CSs without a shared biological lead SNP",32.8125,0.0042395779213086,10,"gaussian","all finite selected distances; unit area over full domain",441,441,372,0,69,200
"All tissues","SuSiE","CSs without a shared biological lead SNP",33.203125,0.00420383432922156,10,"gaussian","all finite selected distances; unit area over full domain",441,441,372,0,69,200
"All tissues","SuSiE","CSs without a shared biological lead SNP",33.59375,0.00416843720787314,10,"gaussian","all finite selected distances; unit area over full domain",441,441,372,0,69,200
"All tissues","SuSiE","CSs without a shared biological lead SNP",33.984375,0.00413337125394245,10,"gaussian","all finite selected distances; unit area over full domain",441,441,372,0,69,200
"All tissues","SuSiE","CSs without a shared biological lead SNP",34.375,0.00409862680130024,10,"gaussian","all finite selected distances; unit area over full domain",441,441,372,0,69,200
"All tissues","SuSiE","CSs without a shared biological lead SNP",34.765625,0.00406423594310107,10,"gaussian","all finite selected distances; unit area over full domain",441,441,372,0,69,200
"All tissues","SuSiE","CSs without a shared biological lead SNP",35.15625,0.00403018518086027,10,"gaussian","all finite selected distances; unit area over full domain",441,441,372,0,69,200
"All tissues","SuSiE","CSs without a shared biological lead SNP",35.546875,0.00399646683750999,10,"gaussian","all finite selected distances; unit area over full domain",441,441,372,0,69,200
"All tissues","SuSiE","CSs without a shared biological lead SNP",35.9375,0.00396311630279033,10,"gaussian","all finite selected distances; unit area over full domain",441,441,372,0,69,200
"All tissues","SuSiE","CSs without a shared biological lead SNP",36.328125,0.00393012040475993,10,"gaussian","all finite selected distances; unit area over full domain",441,441,372,0,69,200
"All tissues","SuSiE","CSs without a shared biological lead SNP",36.71875,0.00389747238048459,10,"gaussian","all finite selected distances; unit area over full domain",441,441,372,0,69,200
"All tissues","SuSiE","CSs without a shared biological lead SNP",37.109375,0.00386521035366338,10,"gaussian","all finite selected distances; unit area over full domain",441,441,372,0,69,200
"All tissues","SuSiE","CSs without a shared biological lead SNP",37.5,0.0038333202732988,10,"gaussian","all finite selected distances; unit area over full domain",441,441,372,0,69,200
"All tissues","SuSiE","CSs without a shared biological lead SNP",37.890625,0.00380179546188875,10,"gaussian","all finite selected distances; unit area over full domain",441,441,372,0,69,200
"All tissues","SuSiE","CSs without a shared biological lead SNP",38.28125,0.0037706761531921,10,"gaussian","all finite selected distances; unit area over full domain",441,441,372,0,69,200
"All tissues","SuSiE","CSs without a shared biological lead SNP",38.671875,0.00373994651987545,10,"gaussian","all finite selected distances; unit area over full domain",441,441,372,0,69,200
"All tissues","SuSiE","CSs without a shared biological lead SNP",39.0625,0.0037095993826518,10,"gaussian","all finite selected distances; unit area over full domain",441,441,372,0,69,200
"All tissues","SuSiE","CSs without a shared biological lead SNP",39.453125,0.00367967644805372,10,"gaussian","all finite selected distances; unit area over full domain",441,441,372,0,69,200
"All tissues","SuSiE","CSs without a shared biological lead SNP",39.84375,0.00365015950536445,10,"gaussian","all finite selected distances; unit area over full domain",441,441,372,0,69,200
"All tissues","SuSiE","CSs without a shared biological lead SNP",40.234375,0.00362104048742374,10,"gaussian","all finite selected distances; unit area over full domain",441,441,372,0,69,200
"All tissues","SuSiE","CSs without a shared biological lead SNP",40.625,0.00359236193152074,10,"gaussian","all finite selected distances; unit area over full domain",441,441,372,0,69,200
"All tissues","SuSiE","CSs without a shared biological lead SNP",41.015625,0.00356410287092234,10,"gaussian","all finite selected distances; unit area over full domain",441,441,372,0,69,200
"All tissues","SuSiE","CSs without a shared biological lead SNP",41.40625,0.00353625410298924,10,"gaussian","all finite selected distances; unit area over full domain",441,441,372,0,69,200
"All tissues","SuSiE","CSs without a shared biological lead SNP",41.796875,0.00350885832160989,10,"gaussian","all finite selected distances; unit area over full domain",441,441,372,0,69,200
"All tissues","SuSiE","CSs without a shared biological lead SNP",42.1875,0.00348189159335858,10,"gaussian","all finite selected distances; unit area over full domain",441,441,372,0,69,200
"All tissues","SuSiE","CSs without a shared biological lead SNP",42.578125,0.00345534340168449,10,"gaussian","all finite selected distances; unit area over full domain",441,441,372,0,69,200
"All tissues","SuSiE","CSs without a shared biological lead SNP",42.96875,0.00342925583796924,10,"gaussian","all finite selected distances; unit area over full domain",441,441,372,0,69,200
"All tissues","SuSiE","CSs without a shared biological lead SNP",43.359375,0.00340360188653772,10,"gaussian","all finite selected distances; unit area over full domain",441,441,372,0,69,200
"All tissues","SuSiE","CSs without a shared biological lead SNP",43.75,0.0033783695471621,10,"gaussian","all finite selected distances; unit area over full domain",441,441,372,0,69,200
"All tissues","SuSiE","CSs without a shared biological lead SNP",44.140625,0.00335359940279325,10,"gaussian","all finite selected distances; unit area over full domain",441,441,372,0,69,200
"All tissues","SuSiE","CSs without a shared biological lead SNP",44.53125,0.00332926129314434,10,"gaussian","all finite selected distances; unit area over full domain",441,441,372,0,69,200
"All tissues","SuSiE","CSs without a shared biological lead SNP",44.921875,0.0033053415343748,10,"gaussian","all finite selected distances; unit area over full domain",441,441,372,0,69,200
"All tissues","SuSiE","CSs without a shared biological lead SNP",45.3125,0.00328187809650975,10,"gaussian","all finite selected distances; unit area over full domain",441,441,372,0,69,200
"All tissues","SuSiE","CSs without a shared biological lead SNP",45.703125,0.00325883766117106,10,"gaussian","all finite selected distances; unit area over full domain",441,441,372,0,69,200
"All tissues","SuSiE","CSs without a shared biological lead SNP",46.09375,0.00323620462188425,10,"gaussian","all finite selected distances; unit area over full domain",441,441,372,0,69,200
"All tissues","SuSiE","CSs without a shared biological lead SNP",46.484375,0.00321401300965531,10,"gaussian","all finite selected distances; unit area over full domain",441,441,372,0,69,200
"All tissues","SuSiE","CSs without a shared biological lead SNP",46.875,0.00319222642038314,10,"gaussian","all finite selected distances; unit area over full domain",441,441,372,0,69,200
"All tissues","SuSiE","CSs without a shared biological lead SNP",47.265625,0.00317082707022956,10,"gaussian","all finite selected distances; unit area over full domain",441,441,372,0,69,200
"All tissues","SuSiE","CSs without a shared biological lead SNP",47.65625,0.00314984352383626,10,"gaussian","all finite selected distances; unit area over full domain",441,441,372,0,69,200
"All tissues","SuSiE","CSs without a shared biological lead SNP",48.046875,0.00312923652163777,10,"gaussian","all finite selected distances; unit area over full domain",441,441,372,0,69,200
"All tissues","SuSiE","CSs without a shared biological lead SNP",48.4375,0.00310898588384159,10,"gaussian","all finite selected distances; unit area over full domain",441,441,372,0,69,200
"All tissues","SuSiE","CSs without a shared biological lead SNP",48.828125,0.00308911305170028,10,"gaussian","all finite selected distances; unit area over full domain",441,441,372,0,69,200
"All tissues","SuSiE","CSs without a shared biological lead SNP",49.21875,0.0030695763903665,10,"gaussian","all finite selected distances; unit area over full domain",441,441,372,0,69,200
"All tissues","SuSiE","CSs without a shared biological lead SNP",49.609375,0.00305035321263586,10,"gaussian","all finite selected distances; unit area over full domain",441,441,372,0,69,200
"All tissues","SuSiE","CSs without a shared biological lead SNP",50,0.00303145617174486,10,"gaussian","all finite selected distances; unit area over full domain",441,441,372,0,69,200
"All tissues","SuSiE","CSs without a shared biological lead SNP",50.390625,0.00301284207834335,10,"gaussian","all finite selected distances; unit area over full domain",441,441,372,0,69,200
"All tissues","SuSiE","CSs without a shared biological lead SNP",50.78125,0.00299448581038094,10,"gaussian","all finite selected distances; unit area over full domain",441,441,372,0,69,200
"All tissues","SuSiE","CSs without a shared biological lead SNP",51.171875,0.00297638972372201,10,"gaussian","all finite selected distances; unit area over full domain",441,441,372,0,69,200
"All tissues","SuSiE","CSs without a shared biological lead SNP",51.5625,0.00295851030141378,10,"gaussian","all finite selected distances; unit area over full domain",441,441,372,0,69,200
"All tissues","SuSiE","CSs without a shared biological lead SNP",51.953125,0.00294082031096091,10,"gaussian","all finite selected distances; unit area over full domain",441,441,372,0,69,200
"All tissues","SuSiE","CSs without a shared biological lead SNP",52.34375,0.00292331064277619,10,"gaussian","all finite selected distances; unit area over full domain",441,441,372,0,69,200
"All tissues","SuSiE","CSs without a shared biological lead SNP",52.734375,0.00290593910385853,10,"gaussian","all finite selected distances; unit area over full domain",441,441,372,0,69,200
"All tissues","SuSiE","CSs without a shared biological lead SNP",53.125,0.00288867697200375,10,"gaussian","all finite selected distances; unit area over full domain",441,441,372,0,69,200
"All tissues","SuSiE","CSs without a shared biological lead SNP",53.515625,0.00287150303123541,10,"gaussian","all finite selected distances; unit area over full domain",441,441,372,0,69,200
"All tissues","SuSiE","CSs without a shared biological lead SNP",53.90625,0.00285437844452634,10,"gaussian","all finite selected distances; unit area over full domain",441,441,372,0,69,200
"All tissues","SuSiE","CSs without a shared biological lead SNP",54.296875,0.00283727392707102,10,"gaussian","all finite selected distances; unit area over full domain",441,441,372,0,69,200
"All tissues","SuSiE","CSs without a shared biological lead SNP",54.6875,0.00282015620283955,10,"gaussian","all finite selected distances; unit area over full domain",441,441,372,0,69,200
"All tissues","SuSiE","CSs without a shared biological lead SNP",55.078125,0.00280299208999531,10,"gaussian","all finite selected distances; unit area over full domain",441,441,372,0,69,200
"All tissues","SuSiE","CSs without a shared biological lead SNP",55.46875,0.00278575294395586,10,"gaussian","all finite selected distances; unit area over full domain",441,441,372,0,69,200
"All tissues","SuSiE","CSs without a shared biological lead SNP",55.859375,0.00276839427247091,10,"gaussian","all finite selected distances; unit area over full domain",441,441,372,0,69,200
"All tissues","SuSiE","CSs without a shared biological lead SNP",56.25,0.00275089093768263,10,"gaussian","all finite selected distances; unit area over full domain",441,441,372,0,69,200
"All tissues","SuSiE","CSs without a shared biological lead SNP",56.640625,0.00273321634219791,10,"gaussian","all finite selected distances; unit area over full domain",441,441,372,0,69,200
"All tissues","SuSiE","CSs without a shared biological lead SNP",57.03125,0.00271531646004793,10,"gaussian","all finite selected distances; unit area over full domain",441,441,372,0,69,200
"All tissues","SuSiE","CSs without a shared biological lead SNP",57.421875,0.00269717644952819,10,"gaussian","all finite selected distances; unit area over full domain",441,441,372,0,69,200
"All tissues","SuSiE","CSs without a shared biological lead SNP",57.8125,0.00267877326496147,10,"gaussian","all finite selected distances; unit area over full domain",441,441,372,0,69,200
"All tissues","SuSiE","CSs without a shared biological lead SNP",58.203125,0.00266004582877266,10,"gaussian","all finite selected distances; unit area over full domain",441,441,372,0,69,200
"All tissues","SuSiE","CSs without a shared biological lead SNP",58.59375,0.00264099146118492,10,"gaussian","all finite selected distances; unit area over full domain",441,441,372,0,69,200
"All tissues","SuSiE","CSs without a shared biological lead SNP",58.984375,0.00262159214001365,10,"gaussian","all finite selected distances; unit area over full domain",441,441,372,0,69,200
"All tissues","SuSiE","CSs without a shared biological lead SNP",59.375,0.00260178289712788,10,"gaussian","all finite selected distances; unit area over full domain",441,441,372,0,69,200
"All tissues","SuSiE","CSs without a shared biological lead SNP",59.765625,0.00258157445139731,10,"gaussian","all finite selected distances; unit area over full domain",441,441,372,0,69,200
"All tissues","SuSiE","CSs without a shared biological lead SNP",60.15625,0.00256095510418729,10,"gaussian","all finite selected distances; unit area over full domain",441,441,372,0,69,200
"All tissues","SuSiE","CSs without a shared biological lead SNP",60.546875,0.0025398596433712,10,"gaussian","all finite selected distances; unit area over full domain",441,441,372,0,69,200
"All tissues","SuSiE","CSs without a shared biological lead SNP",60.9375,0.00251831259071213,10,"gaussian","all finite selected distances; unit area over full domain",441,441,372,0,69,200
"All tissues","SuSiE","CSs without a shared biological lead SNP",61.328125,0.00249630956858333,10,"gaussian","all finite selected distances; unit area over full domain",441,441,372,0,69,200
"All tissues","SuSiE","CSs without a shared biological lead SNP",61.71875,0.00247378900485488,10,"gaussian","all finite selected distances; unit area over full domain",441,441,372,0,69,200
"All tissues","SuSiE","CSs without a shared biological lead SNP",62.109375,0.00245078866056192,10,"gaussian","all finite selected distances; unit area over full domain",441,441,372,0,69,200
"All tissues","SuSiE","CSs without a shared biological lead SNP",62.5,0.0024273120672497,10,"gaussian","all finite selected distances; unit area over full domain",441,441,372,0,69,200
"All tissues","SuSiE","CSs without a shared biological lead SNP",62.890625,0.00240330513656642,10,"gaussian","all finite selected distances; unit area over full domain",441,441,372,0,69,200
"All tissues","SuSiE","CSs without a shared biological lead SNP",63.28125,0.00237881729112804,10,"gaussian","all finite selected distances; unit area over full domain",441,441,372,0,69,200
"All tissues","SuSiE","CSs without a shared biological lead SNP",63.671875,0.00235386008124918,10,"gaussian","all finite selected distances; unit area over full domain",441,441,372,0,69,200
"All tissues","SuSiE","CSs without a shared biological lead SNP",64.0625,0.00232839042755049,10,"gaussian","all finite selected distances; unit area over full domain",441,441,372,0,69,200
"All tissues","SuSiE","CSs without a shared biological lead SNP",64.453125,0.00230246687582632,10,"gaussian","all finite selected distances; unit area over full domain",441,441,372,0,69,200
"All tissues","SuSiE","CSs without a shared biological lead SNP",64.84375,0.00227610860293963,10,"gaussian","all finite selected distances; unit area over full domain",441,441,372,0,69,200
"All tissues","SuSiE","CSs without a shared biological lead SNP",65.234375,0.00224928649484988,10,"gaussian","all finite selected distances; unit area over full domain",441,441,372,0,69,200
"All tissues","SuSiE","CSs without a shared biological lead SNP",65.625,0.00222206487224464,10,"gaussian","all finite selected distances; unit area over full domain",441,441,372,0,69,200
"All tissues","SuSiE","CSs without a shared biological lead SNP",66.015625,0.00219446967012367,10,"gaussian","all finite selected distances; unit area over full domain",441,441,372,0,69,200
"All tissues","SuSiE","CSs without a shared biological lead SNP",66.40625,0.00216648793044515,10,"gaussian","all finite selected distances; unit area over full domain",441,441,372,0,69,200
"All tissues","SuSiE","CSs without a shared biological lead SNP",66.796875,0.00213818582451654,10,"gaussian","all finite selected distances; unit area over full domain",441,441,372,0,69,200
"All tissues","SuSiE","CSs without a shared biological lead SNP",67.1875,0.00210959477219701,10,"gaussian","all finite selected distances; unit area over full domain",441,441,372,0,69,200
"All tissues","SuSiE","CSs without a shared biological lead SNP",67.578125,0.00208071927132947,10,"gaussian","all finite selected distances; unit area over full domain",441,441,372,0,69,200
"All tissues","SuSiE","CSs without a shared biological lead SNP",67.96875,0.00205162313572327,10,"gaussian","all finite selected distances; unit area over full domain",441,441,372,0,69,200
"All tissues","SuSiE","CSs without a shared biological lead SNP",68.359375,0.00202234170027049,10,"gaussian","all finite selected distances; unit area over full domain",441,441,372,0,69,200
"All tissues","SuSiE","CSs without a shared biological lead SNP",68.75,0.00199289728405299,10,"gaussian","all finite selected distances; unit area over full domain",441,441,372,0,69,200
"All tissues","SuSiE","CSs without a shared biological lead SNP",69.140625,0.00196334716993607,10,"gaussian","all finite selected distances; unit area over full domain",441,441,372,0,69,200
"All tissues","SuSiE","CSs without a shared biological lead SNP",69.53125,0.00193372887379764,10,"gaussian","all finite selected distances; unit area over full domain",441,441,372,0,69,200
"All tissues","SuSiE","CSs without a shared biological lead SNP",69.921875,0.0019040820039487,10,"gaussian","all finite selected distances; unit area over full domain",441,441,372,0,69,200
"All tissues","SuSiE","CSs without a shared biological lead SNP",70.3125,0.00187445348380051,10,"gaussian","all finite selected distances; unit area over full domain",441,441,372,0,69,200
"All tissues","SuSiE","CSs without a shared biological lead SNP",70.703125,0.00184488125281311,10,"gaussian","all finite selected distances; unit area over full domain",441,441,372,0,69,200
"All tissues","SuSiE","CSs without a shared biological lead SNP",71.09375,0.00181542088739101,10,"gaussian","all finite selected distances; unit area over full domain",441,441,372,0,69,200
"All tissues","SuSiE","CSs without a shared biological lead SNP",71.484375,0.00178610573717454,10,"gaussian","all finite selected distances; unit area over full domain",441,441,372,0,69,200
"All tissues","SuSiE","CSs without a shared biological lead SNP",71.875,0.00175697251793167,10,"gaussian","all finite selected distances; unit area over full domain",441,441,372,0,69,200
"All tissues","SuSiE","CSs without a shared biological lead SNP",72.265625,0.00172809082554781,10,"gaussian","all finite selected distances; unit area over full domain",441,441,372,0,69,200
"All tissues","SuSiE","CSs without a shared biological lead SNP",72.65625,0.00169947803740598,10,"gaussian","all finite selected distances; unit area over full domain",441,441,372,0,69,200
"All tissues","SuSiE","CSs without a shared biological lead SNP",73.046875,0.00167116822024674,10,"gaussian","all finite selected distances; unit area over full domain",441,441,372,0,69,200
"All tissues","SuSiE","CSs without a shared biological lead SNP",73.4375,0.0016432426056052,10,"gaussian","all finite selected distances; unit area over full domain",441,441,372,0,69,200
"All tissues","SuSiE","CSs without a shared biological lead SNP",73.828125,0.00161570113280565,10,"gaussian","all finite selected distances; unit area over full domain",441,441,372,0,69,200
"All tissues","SuSiE","CSs without a shared biological lead SNP",74.21875,0.001588574095384,10,"gaussian","all finite selected distances; unit area over full domain",441,441,372,0,69,200
"All tissues","SuSiE","CSs without a shared biological lead SNP",74.609375,0.00156195173966925,10,"gaussian","all finite selected distances; unit area over full domain",441,441,372,0,69,200
"All tissues","SuSiE","CSs without a shared biological lead SNP",75,0.00153581606006124,10,"gaussian","all finite selected distances; unit area over full domain",441,441,372,0,69,200
"All tissues","SuSiE","CSs without a shared biological lead SNP",75.390625,0.00151019279423361,10,"gaussian","all finite selected distances; unit area over full domain",441,441,372,0,69,200
"All tissues","SuSiE","CSs without a shared biological lead SNP",75.78125,0.00148517852641094,10,"gaussian","all finite selected distances; unit area over full domain",441,441,372,0,69,200
"All tissues","SuSiE","CSs without a shared biological lead SNP",76.171875,0.00146073769954791,10,"gaussian","all finite selected distances; unit area over full domain",441,441,372,0,69,200
"All tissues","SuSiE","CSs without a shared biological lead SNP",76.5625,0.00143689105479702,10,"gaussian","all finite selected distances; unit area over full domain",441,441,372,0,69,200
"All tissues","SuSiE","CSs without a shared biological lead SNP",76.953125,0.00141373892653771,10,"gaussian","all finite selected distances; unit area over full domain",441,441,372,0,69,200
"All tissues","SuSiE","CSs without a shared biological lead SNP",77.34375,0.00139122937261058,10,"gaussian","all finite selected distances; unit area over full domain",441,441,372,0,69,200
"All tissues","SuSiE","CSs without a shared biological lead SNP",77.734375,0.0013693780036727,10,"gaussian","all finite selected distances; unit area over full domain",441,441,372,0,69,200
"All tissues","SuSiE","CSs without a shared biological lead SNP",78.125,0.00134828650338126,10,"gaussian","all finite selected distances; unit area over full domain",441,441,372,0,69,200
"All tissues","SuSiE","CSs without a shared biological lead SNP",78.515625,0.00132788831056128,10,"gaussian","all finite selected distances; unit area over full domain",441,441,372,0,69,200
"All tissues","SuSiE","CSs without a shared biological lead SNP",78.90625,0.00130819401537074,10,"gaussian","all finite selected distances; unit area over full domain",441,441,372,0,69,200
"All tissues","SuSiE","CSs without a shared biological lead SNP",79.296875,0.00128930448328957,10,"gaussian","all finite selected distances; unit area over full domain",441,441,372,0,69,200
"All tissues","SuSiE","CSs without a shared biological lead SNP",79.6875,0.00127114070825856,10,"gaussian","all finite selected distances; unit area over full domain",441,441,372,0,69,200
"All tissues","SuSiE","CSs without a shared biological lead SNP",80.078125,0.00125370858018396,10,"gaussian","all finite selected distances; unit area over full domain",441,441,372,0,69,200
"All tissues","SuSiE","CSs without a shared biological lead SNP",80.46875,0.00123710607696276,10,"gaussian","all finite selected distances; unit area over full domain",441,441,372,0,69,200
"All tissues","SuSiE","CSs without a shared biological lead SNP",80.859375,0.00122124428107151,10,"gaussian","all finite selected distances; unit area over full domain",441,441,372,0,69,200
"All tissues","SuSiE","CSs without a shared biological lead SNP",81.25,0.0012061253306738,10,"gaussian","all finite selected distances; unit area over full domain",441,441,372,0,69,200
"All tissues","SuSiE","CSs without a shared biological lead SNP",81.640625,0.00119184067301232,10,"gaussian","all finite selected distances; unit area over full domain",441,441,372,0,69,200
"All tissues","SuSiE","CSs without a shared biological lead SNP",82.03125,0.00117829585386647,10,"gaussian","all finite selected distances; unit area over full domain",441,441,372,0,69,200
"All tissues","SuSiE","CSs without a shared biological lead SNP",82.421875,0.00116548897046119,10,"gaussian","all finite selected distances; unit area over full domain",441,441,372,0,69,200
"All tissues","SuSiE","CSs without a shared biological lead SNP",82.8125,0.00115350340806184,10,"gaussian","all finite selected distances; unit area over full domain",441,441,372,0,69,200
"All tissues","SuSiE","CSs without a shared biological lead SNP",83.203125,0.00114224154205214,10,"gaussian","all finite selected distances; unit area over full domain",441,441,372,0,69,200
"All tissues","SuSiE","CSs without a shared biological lead SNP",83.59375,0.00113169770988241,10,"gaussian","all finite selected distances; unit area over full domain",441,441,372,0,69,200
"All tissues","SuSiE","CSs without a shared biological lead SNP",83.984375,0.00112194590868636,10,"gaussian","all finite selected distances; unit area over full domain",441,441,372,0,69,200
"All tissues","SuSiE","CSs without a shared biological lead SNP",84.375,0.00111288749243125,10,"gaussian","all finite selected distances; unit area over full domain",441,441,372,0,69,200
"All tissues","SuSiE","CSs without a shared biological lead SNP",84.765625,0.00110451324691649,10,"gaussian","all finite selected distances; unit area over full domain",441,441,372,0,69,200
"All tissues","SuSiE","CSs without a shared biological lead SNP",85.15625,0.00109688660716052,10,"gaussian","all finite selected distances; unit area over full domain",441,441,372,0,69,200
"All tissues","SuSiE","CSs without a shared biological lead SNP",85.546875,0.00108990983733092,10,"gaussian","all finite selected distances; unit area over full domain",441,441,372,0,69,200
"All tissues","SuSiE","CSs without a shared biological lead SNP",85.9375,0.00108357030243631,10,"gaussian","all finite selected distances; unit area over full domain",441,441,372,0,69,200
"All tissues","SuSiE","CSs without a shared biological lead SNP",86.328125,0.00107791983096192,10,"gaussian","all finite selected distances; unit area over full domain",441,441,372,0,69,200
"All tissues","SuSiE","CSs without a shared biological lead SNP",86.71875,0.0010728633452258,10,"gaussian","all finite selected distances; unit area over full domain",441,441,372,0,69,200
"All tissues","SuSiE","CSs without a shared biological lead SNP",87.109375,0.00106838486428002,10,"gaussian","all finite selected distances; unit area over full domain",441,441,372,0,69,200
"All tissues","SuSiE","CSs without a shared biological lead SNP",87.5,0.00106452370954274,10,"gaussian","all finite selected distances; unit area over full domain",441,441,372,0,69,200
"All tissues","SuSiE","CSs without a shared biological lead SNP",87.890625,0.00106118907713675,10,"gaussian","all finite selected distances; unit area over full domain",441,441,372,0,69,200
"All tissues","SuSiE","CSs without a shared biological lead SNP",88.28125,0.00105836170049043,10,"gaussian","all finite selected distances; unit area over full domain",441,441,372,0,69,200
"All tissues","SuSiE","CSs without a shared biological lead SNP",88.671875,0.00105606768710222,10,"gaussian","all finite selected distances; unit area over full domain",441,441,372,0,69,200
"All tissues","SuSiE","CSs without a shared biological lead SNP",89.0625,0.00105422204212247,10,"gaussian","all finite selected distances; unit area over full domain",441,441,372,0,69,200
"All tissues","SuSiE","CSs without a shared biological lead SNP",89.453125,0.00105280231295196,10,"gaussian","all finite selected distances; unit area over full domain",441,441,372,0,69,200
"All tissues","SuSiE","CSs without a shared biological lead SNP",89.84375,0.00105182095652625,10,"gaussian","all finite selected distances; unit area over full domain",441,441,372,0,69,200
"All tissues","SuSiE","CSs without a shared biological lead SNP",90.234375,0.00105120027866164,10,"gaussian","all finite selected distances; unit area over full domain",441,441,372,0,69,200
"All tissues","SuSiE","CSs without a shared biological lead SNP",90.625,0.0010509148359768,10,"gaussian","all finite selected distances; unit area over full domain",441,441,372,0,69,200
"All tissues","SuSiE","CSs without a shared biological lead SNP",91.015625,0.00105096335742667,10,"gaussian","all finite selected distances; unit area over full domain",441,441,372,0,69,200
"All tissues","SuSiE","CSs without a shared biological lead SNP",91.40625,0.00105127690788968,10,"gaussian","all finite selected distances; unit area over full domain",441,441,372,0,69,200
"All tissues","SuSiE","CSs without a shared biological lead SNP",91.796875,0.00105182739336914,10,"gaussian","all finite selected distances; unit area over full domain",441,441,372,0,69,200
"All tissues","SuSiE","CSs without a shared biological lead SNP",92.1875,0.00105260018100365,10,"gaussian","all finite selected distances; unit area over full domain",441,441,372,0,69,200
"All tissues","SuSiE","CSs without a shared biological lead SNP",92.578125,0.00105353649784628,10,"gaussian","all finite selected distances; unit area over full domain",441,441,372,0,69,200
"All tissues","SuSiE","CSs without a shared biological lead SNP",92.96875,0.0010546061180774,10,"gaussian","all finite selected distances; unit area over full domain",441,441,372,0,69,200
"All tissues","SuSiE","CSs without a shared biological lead SNP",93.359375,0.00105578191932861,10,"gaussian","all finite selected distances; unit area over full domain",441,441,372,0,69,200
"All tissues","SuSiE","CSs without a shared biological lead SNP",93.75,0.00105701658459682,10,"gaussian","all finite selected distances; unit area over full domain",441,441,372,0,69,200
"All tissues","SuSiE","CSs without a shared biological lead SNP",94.140625,0.00105827846576496,10,"gaussian","all finite selected distances; unit area over full domain",441,441,372,0,69,200
"All tissues","SuSiE","CSs without a shared biological lead SNP",94.53125,0.00105952935583432,10,"gaussian","all finite selected distances; unit area over full domain",441,441,372,0,69,200
"All tissues","SuSiE","CSs without a shared biological lead SNP",94.921875,0.00106073449835385,10,"gaussian","all finite selected distances; unit area over full domain",441,441,372,0,69,200
"All tissues","SuSiE","CSs without a shared biological lead SNP",95.3125,0.00106186171081476,10,"gaussian","all finite selected distances; unit area over full domain",441,441,372,0,69,200
"All tissues","SuSiE","CSs without a shared biological lead SNP",95.703125,0.00106286361996161,10,"gaussian","all finite selected distances; unit area over full domain",441,441,372,0,69,200
"All tissues","SuSiE","CSs without a shared biological lead SNP",96.09375,0.0010637188507101,10,"gaussian","all finite selected distances; unit area over full domain",441,441,372,0,69,200
"All tissues","SuSiE","CSs without a shared biological lead SNP",96.484375,0.00106439571619737,10,"gaussian","all finite selected distances; unit area over full domain",441,441,372,0,69,200
"All tissues","SuSiE","CSs without a shared biological lead SNP",96.875,0.00106484004121221,10,"gaussian","all finite selected distances; unit area over full domain",441,441,372,0,69,200
"All tissues","SuSiE","CSs without a shared biological lead SNP",97.265625,0.0010650442733968,10,"gaussian","all finite selected distances; unit area over full domain",441,441,372,0,69,200
"All tissues","SuSiE","CSs without a shared biological lead SNP",97.65625,0.00106497833733426,10,"gaussian","all finite selected distances; unit area over full domain",441,441,372,0,69,200
"All tissues","SuSiE","CSs without a shared biological lead SNP",98.046875,0.00106458395369934,10,"gaussian","all finite selected distances; unit area over full domain",441,441,372,0,69,200
"All tissues","SuSiE","CSs without a shared biological lead SNP",98.4375,0.00106386737255043,10,"gaussian","all finite selected distances; unit area over full domain",441,441,372,0,69,200
"All tissues","SuSiE","CSs without a shared biological lead SNP",98.828125,0.00106280126133377,10,"gaussian","all finite selected distances; unit area over full domain",441,441,372,0,69,200
"All tissues","SuSiE","CSs without a shared biological lead SNP",99.21875,0.00106132612051269,10,"gaussian","all finite selected distances; unit area over full domain",441,441,372,0,69,200
"All tissues","SuSiE","CSs without a shared biological lead SNP",99.609375,0.00105946146484234,10,"gaussian","all finite selected distances; unit area over full domain",441,441,372,0,69,200
"All tissues","SuSiE","CSs without a shared biological lead SNP",100,0.0010571837757226,10,"gaussian","all finite selected distances; unit area over full domain",441,441,372,0,69,200
"All tissues","SuSiE","CSs without a shared biological lead SNP",100.390625,0.00105443523508562,10,"gaussian","all finite selected distances; unit area over full domain",441,441,372,0,69,200
"All tissues","SuSiE","CSs without a shared biological lead SNP",100.78125,0.00105124754775841,10,"gaussian","all finite selected distances; unit area over full domain",441,441,372,0,69,200
"All tissues","SuSiE","CSs without a shared biological lead SNP",101.171875,0.00104760194662893,10,"gaussian","all finite selected distances; unit area over full domain",441,441,372,0,69,200
"All tissues","SuSiE","CSs without a shared biological lead SNP",101.5625,0.00104344504228755,10,"gaussian","all finite selected distances; unit area over full domain",441,441,372,0,69,200
"All tissues","SuSiE","CSs without a shared biological lead SNP",101.953125,0.00103881914008646,10,"gaussian","all finite selected distances; unit area over full domain",441,441,372,0,69,200
"All tissues","SuSiE","CSs without a shared biological lead SNP",102.34375,0.00103371096581452,10,"gaussian","all finite selected distances; unit area over full domain",441,441,372,0,69,200
"All tissues","SuSiE","CSs without a shared biological lead SNP",102.734375,0.00102807399223172,10,"gaussian","all finite selected distances; unit area over full domain",441,441,372,0,69,200
"All tissues","SuSiE","CSs without a shared biological lead SNP",103.125,0.00102195908433264,10,"gaussian","all finite selected distances; unit area over full domain",441,441,372,0,69,200
"All tissues","SuSiE","CSs without a shared biological lead SNP",103.515625,0.00101535896061999,10,"gaussian","all finite selected distances; unit area over full domain",441,441,372,0,69,200
"All tissues","SuSiE","CSs without a shared biological lead SNP",103.90625,0.00100823594487323,10,"gaussian","all finite selected distances; unit area over full domain",441,441,372,0,69,200
"All tissues","SuSiE","CSs without a shared biological lead SNP",104.296875,0.00100064706982836,10,"gaussian","all finite selected distances; unit area over full domain",441,441,372,0,69,200
"All tissues","SuSiE","CSs without a shared biological lead SNP",104.6875,0.000992591280703249,10,"gaussian","all finite selected distances; unit area over full domain",441,441,372,0,69,200
"All tissues","SuSiE","CSs without a shared biological lead SNP",105.078125,0.000984041205063457,10,"gaussian","all finite selected distances; unit area over full domain",441,441,372,0,69,200
"All tissues","SuSiE","CSs without a shared biological lead SNP",105.46875,0.000975057428420967,10,"gaussian","all finite selected distances; unit area over full domain",441,441,372,0,69,200
"All tissues","SuSiE","CSs without a shared biological lead SNP",105.859375,0.000965645089481482,10,"gaussian","all finite selected distances; unit area over full domain",441,441,372,0,69,200
"All tissues","SuSiE","CSs without a shared biological lead SNP",106.25,0.000955787990781204,10,"gaussian","all finite selected distances; unit area over full domain",441,441,372,0,69,200
"All tissues","SuSiE","CSs without a shared biological lead SNP",106.640625,0.000945547576103308,10,"gaussian","all finite selected distances; unit area over full domain",441,441,372,0,69,200
"All tissues","SuSiE","CSs without a shared biological lead SNP",107.03125,0.000934934897372794,10,"gaussian","all finite selected distances; unit area over full domain",441,441,372,0,69,200
"All tissues","SuSiE","CSs without a shared biological lead SNP",107.421875,0.000923945222960072,10,"gaussian","all finite selected distances; unit area over full domain",441,441,372,0,69,200
"All tissues","SuSiE","CSs without a shared biological lead SNP",107.8125,0.000912638226498378,10,"gaussian","all finite selected distances; unit area over full domain",441,441,372,0,69,200
"All tissues","SuSiE","CSs without a shared biological lead SNP",108.203125,0.000901030383962637,10,"gaussian","all finite selected distances; unit area over full domain",441,441,372,0,69,200
"All tissues","SuSiE","CSs without a shared biological lead SNP",108.59375,0.000889128183635569,10,"gaussian","all finite selected distances; unit area over full domain",441,441,372,0,69,200
"All tissues","SuSiE","CSs without a shared biological lead SNP",108.984375,0.000876987101150427,10,"gaussian","all finite selected distances; unit area over full domain",441,441,372,0,69,200
"All tissues","SuSiE","CSs without a shared biological lead SNP",109.375,0.000864628388976082,10,"gaussian","all finite selected distances; unit area over full domain",441,441,372,0,69,200
"All tissues","SuSiE","CSs without a shared biological lead SNP",109.765625,0.000852069049466913,10,"gaussian","all finite selected distances; unit area over full domain",441,441,372,0,69,200
"All tissues","SuSiE","CSs without a shared biological lead SNP",110.15625,0.000839358244869208,10,"gaussian","all finite selected distances; unit area over full domain",441,441,372,0,69,200
"All tissues","SuSiE","CSs without a shared biological lead SNP",110.546875,0.000826521254326382,10,"gaussian","all finite selected distances; unit area over full domain",441,441,372,0,69,200
"All tissues","SuSiE","CSs without a shared biological lead SNP",110.9375,0.00081358452668895,10,"gaussian","all finite selected distances; unit area over full domain",441,441,372,0,69,200
"All tissues","SuSiE","CSs without a shared biological lead SNP",111.328125,0.000800589188751036,10,"gaussian","all finite selected distances; unit area over full domain",441,441,372,0,69,200
"All tissues","SuSiE","CSs without a shared biological lead SNP",111.71875,0.000787563748892056,10,"gaussian","all finite selected distances; unit area over full domain",441,441,372,0,69,200
"All tissues","SuSiE","CSs without a shared biological lead SNP",112.109375,0.000774542779282337,10,"gaussian","all finite selected distances; unit area over full domain",441,441,372,0,69,200
"All tissues","SuSiE","CSs without a shared biological lead SNP",112.5,0.000761558087766574,10,"gaussian","all finite selected distances; unit area over full domain",441,441,372,0,69,200
"All tissues","SuSiE","CSs without a shared biological lead SNP",112.890625,0.000748640613547791,10,"gaussian","all finite selected distances; unit area over full domain",441,441,372,0,69,200
"All tissues","SuSiE","CSs without a shared biological lead SNP",113.28125,0.000735831574531141,10,"gaussian","all finite selected distances; unit area over full domain",441,441,372,0,69,200
"All tissues","SuSiE","CSs without a shared biological lead SNP",113.671875,0.000723152623945007,10,"gaussian","all finite selected distances; unit area over full domain",441,441,372,0,69,200
"All tissues","SuSiE","CSs without a shared biological lead SNP",114.0625,0.000710636365948164,10,"gaussian","all finite selected distances; unit area over full domain",441,441,372,0,69,200
"All tissues","SuSiE","CSs without a shared biological lead SNP",114.453125,0.000698329117728331,10,"gaussian","all finite selected distances; unit area over full domain",441,441,372,0,69,200
"All tissues","SuSiE","CSs without a shared biological lead SNP",114.84375,0.000686241967020341,10,"gaussian","all finite selected distances; unit area over full domain",441,441,372,0,69,200
"All tissues","SuSiE","CSs without a shared biological lead SNP",115.234375,0.000674408466937311,10,"gaussian","all finite selected distances; unit area over full domain",441,441,372,0,69,200
"All tissues","SuSiE","CSs without a shared biological lead SNP",115.625,0.000662878481371168,10,"gaussian","all finite selected distances; unit area over full domain",441,441,372,0,69,200
"All tissues","SuSiE","CSs without a shared biological lead SNP",116.015625,0.000651652498229387,10,"gaussian","all finite selected distances; unit area over full domain",441,441,372,0,69,200
"All tissues","SuSiE","CSs without a shared biological lead SNP",116.40625,0.000640764353986864,10,"gaussian","all finite selected distances; unit area over full domain",441,441,372,0,69,200
"All tissues","SuSiE","CSs without a shared biological lead SNP",116.796875,0.000630265937748089,10,"gaussian","all finite selected distances; unit area over full domain",441,441,372,0,69,200
"All tissues","SuSiE","CSs without a shared biological lead SNP",117.1875,0.000620147415832614,10,"gaussian","all finite selected distances; unit area over full domain",441,441,372,0,69,200
"All tissues","SuSiE","CSs without a shared biological lead SNP",117.578125,0.000610442278683509,10,"gaussian","all finite selected distances; unit area over full domain",441,441,372,0,69,200
"All tissues","SuSiE","CSs without a shared biological lead SNP",117.96875,0.000601202963815181,10,"gaussian","all finite selected distances; unit area over full domain",441,441,372,0,69,200
"All tissues","SuSiE","CSs without a shared biological lead SNP",118.359375,0.000592409837625768,10,"gaussian","all finite selected distances; unit area over full domain",441,441,372,0,69,200
"All tissues","SuSiE","CSs without a shared biological lead SNP",118.75,0.000584095426789598,10,"gaussian","all finite selected distances; unit area over full domain",441,441,372,0,69,200
"All tissues","SuSiE","CSs without a shared biological lead SNP",119.140625,0.000576311281207148,10,"gaussian","all finite selected distances; unit area over full domain",441,441,372,0,69,200
"All tissues","SuSiE","CSs without a shared biological lead SNP",119.53125,0.000569028668292908,10,"gaussian","all finite selected distances; unit area over full domain",441,441,372,0,69,200
"All tissues","SuSiE","CSs without a shared biological lead SNP",119.921875,0.000562278516246351,10,"gaussian","all finite selected distances; unit area over full domain",441,441,372,0,69,200
"All tissues","SuSiE","CSs without a shared biological lead SNP",120.3125,0.000556110079847743,10,"gaussian","all finite selected distances; unit area over full domain",441,441,372,0,69,200
"All tissues","SuSiE","CSs without a shared biological lead SNP",120.703125,0.000550486356949501,10,"gaussian","all finite selected distances; unit area over full domain",441,441,372,0,69,200
"All tissues","SuSiE","CSs without a shared biological lead SNP",121.09375,0.000545436000103715,10,"gaussian","all finite selected distances; unit area over full domain",441,441,372,0,69,200
"All tissues","SuSiE","CSs without a shared biological lead SNP",121.484375,0.000541004579957745,10,"gaussian","all finite selected distances; unit area over full domain",441,441,372,0,69,200
"All tissues","SuSiE","CSs without a shared biological lead SNP",121.875,0.000537147750698618,10,"gaussian","all finite selected distances; unit area over full domain",441,441,372,0,69,200
"All tissues","SuSiE","CSs without a shared biological lead SNP",122.265625,0.000533891154322204,10,"gaussian","all finite selected distances; unit area over full domain",441,441,372,0,69,200
"All tissues","SuSiE","CSs without a shared biological lead SNP",122.65625,0.000531275309123613,10,"gaussian","all finite selected distances; unit area over full domain",441,441,372,0,69,200
"All tissues","SuSiE","CSs without a shared biological lead SNP",123.046875,0.000529249536427011,10,"gaussian","all finite selected distances; unit area over full domain",441,441,372,0,69,200
"All tissues","SuSiE","CSs without a shared biological lead SNP",123.4375,0.000527835675821705,10,"gaussian","all finite selected distances; unit area over full domain",441,441,372,0,69,200
"All tissues","SuSiE","CSs without a shared biological lead SNP",123.828125,0.000527067868104235,10,"gaussian","all finite selected distances; unit area over full domain",441,441,372,0,69,200
"All tissues","SuSiE","CSs without a shared biological lead SNP",124.21875,0.000526890203979008,10,"gaussian","all finite selected distances; unit area over full domain",441,441,372,0,69,200
"All tissues","SuSiE","CSs without a shared biological lead SNP",124.609375,0.000527319892225242,10,"gaussian","all finite selected distances; unit area over full domain",441,441,372,0,69,200
"All tissues","SuSiE","CSs without a shared biological lead SNP",125,0.000528383459951885,10,"gaussian","all finite selected distances; unit area over full domain",441,441,372,0,69,200
"All tissues","SuSiE","CSs without a shared biological lead SNP",125.390625,0.000530020979595341,10,"gaussian","all finite selected distances; unit area over full domain",441,441,372,0,69,200
"All tissues","SuSiE","CSs without a shared biological lead SNP",125.78125,0.000532244204606112,10,"gaussian","all finite selected distances; unit area over full domain",441,441,372,0,69,200
"All tissues","SuSiE","CSs without a shared biological lead SNP",126.171875,0.000535070969283486,10,"gaussian","all finite selected distances; unit area over full domain",441,441,372,0,69,200
"All tissues","SuSiE","CSs without a shared biological lead SNP",126.5625,0.000538438672409623,10,"gaussian","all finite selected distances; unit area over full domain",441,441,372,0,69,200
"All tissues","SuSiE","CSs without a shared biological lead SNP",126.953125,0.000542352849020725,10,"gaussian","all finite selected distances; unit area over full domain",441,441,372,0,69,200
"All tissues","SuSiE","CSs without a shared biological lead SNP",127.34375,0.000546821802380772,10,"gaussian","all finite selected distances; unit area over full domain",441,441,372,0,69,200
"All tissues","SuSiE","CSs without a shared biological lead SNP",127.734375,0.000551781750250319,10,"gaussian","all finite selected distances; unit area over full domain",441,441,372,0,69,200
"All tissues","SuSiE","CSs without a shared biological lead SNP",128.125,0.000557231376139467,10,"gaussian","all finite selected distances; unit area over full domain",441,441,372,0,69,200
"All tissues","SuSiE","CSs without a shared biological lead SNP",128.515625,0.000563168943677313,10,"gaussian","all finite selected distances; unit area over full domain",441,441,372,0,69,200
"All tissues","SuSiE","CSs without a shared biological lead SNP",128.90625,0.000569531130224651,10,"gaussian","all finite selected distances; unit area over full domain",441,441,372,0,69,200
"All tissues","SuSiE","CSs without a shared biological lead SNP",129.296875,0.000576309335638213,10,"gaussian","all finite selected distances; unit area over full domain",441,441,372,0,69,200
"All tissues","SuSiE","CSs without a shared biological lead SNP",129.6875,0.000583491685097242,10,"gaussian","all finite selected distances; unit area over full domain",441,441,372,0,69,200
"All tissues","SuSiE","CSs without a shared biological lead SNP",130.078125,0.000591017081191862,10,"gaussian","all finite selected distances; unit area over full domain",441,441,372,0,69,200
"All tissues","SuSiE","CSs without a shared biological lead SNP",130.46875,0.000598869472772062,10,"gaussian","all finite selected distances; unit area over full domain",441,441,372,0,69,200
"All tissues","SuSiE","CSs without a shared biological lead SNP",130.859375,0.000607027215258631,10,"gaussian","all finite selected distances; unit area over full domain",441,441,372,0,69,200
"All tissues","SuSiE","CSs without a shared biological lead SNP",131.25,0.000615433277667183,10,"gaussian","all finite selected distances; unit area over full domain",441,441,372,0,69,200
"All tissues","SuSiE","CSs without a shared biological lead SNP",131.640625,0.000624064302482766,10,"gaussian","all finite selected distances; unit area over full domain",441,441,372,0,69,200
"All tissues","SuSiE","CSs without a shared biological lead SNP",132.03125,0.000632889735048918,10,"gaussian","all finite selected distances; unit area over full domain",441,441,372,0,69,200
"All tissues","SuSiE","CSs without a shared biological lead SNP",132.421875,0.000641858452689383,10,"gaussian","all finite selected distances; unit area over full domain",441,441,372,0,69,200
"All tissues","SuSiE","CSs without a shared biological lead SNP",132.8125,0.000650940271342771,10,"gaussian","all finite selected distances; unit area over full domain",441,441,372,0,69,200
"All tissues","SuSiE","CSs without a shared biological lead SNP",133.203125,0.000660097058654373,10,"gaussian","all finite selected distances; unit area over full domain",441,441,372,0,69,200
"All tissues","SuSiE","CSs without a shared biological lead SNP",133.59375,0.000669285348146587,10,"gaussian","all finite selected distances; unit area over full domain",441,441,372,0,69,200
"All tissues","SuSiE","CSs without a shared biological lead SNP",133.984375,0.000678468939017875,10,"gaussian","all finite selected distances; unit area over full domain",441,441,372,0,69,200
"All tissues","SuSiE","CSs without a shared biological lead SNP",134.375,0.000687603864457789,10,"gaussian","all finite selected distances; unit area over full domain",441,441,372,0,69,200
"All tissues","SuSiE","CSs without a shared biological lead SNP",134.765625,0.000696655863156105,10,"gaussian","all finite selected distances; unit area over full domain",441,441,372,0,69,200
"All tissues","SuSiE","CSs without a shared biological lead SNP",135.15625,0.000705583823368293,10,"gaussian","all finite selected distances; unit area over full domain",441,441,372,0,69,200
"All tissues","SuSiE","CSs without a shared biological lead SNP",135.546875,0.00071433999705611,10,"gaussian","all finite selected distances; unit area over full domain",441,441,372,0,69,200
"All tissues","SuSiE","CSs without a shared biological lead SNP",135.9375,0.000722900574950563,10,"gaussian","all finite selected distances; unit area over full domain",441,441,372,0,69,200
"All tissues","SuSiE","CSs without a shared biological lead SNP",136.328125,0.000731220876881769,10,"gaussian","all finite selected distances; unit area over full domain",441,441,372,0,69,200
"All tissues","SuSiE","CSs without a shared biological lead SNP",136.71875,0.000739251607002071,10,"gaussian","all finite selected distances; unit area over full domain",441,441,372,0,69,200
"All tissues","SuSiE","CSs without a shared biological lead SNP",137.109375,0.000746980263991828,10,"gaussian","all finite selected distances; unit area over full domain",441,441,372,0,69,200
"All tissues","SuSiE","CSs without a shared biological lead SNP",137.5,0.000754360100833121,10,"gaussian","all finite selected distances; unit area over full domain",441,441,372,0,69,200
"All tissues","SuSiE","CSs without a shared biological lead SNP",137.890625,0.000761342542861479,10,"gaussian","all finite selected distances; unit area over full domain",441,441,372,0,69,200
"All tissues","SuSiE","CSs without a shared biological lead SNP",138.28125,0.000767926798111681,10,"gaussian","all finite selected distances; unit area over full domain",441,441,372,0,69,200
"All tissues","SuSiE","CSs without a shared biological lead SNP",138.671875,0.000774065626322296,10,"gaussian","all finite selected distances; unit area over full domain",441,441,372,0,69,200
"All tissues","SuSiE","CSs without a shared biological lead SNP",139.0625,0.000779713334849517,10,"gaussian","all finite selected distances; unit area over full domain",441,441,372,0,69,200
"All tissues","SuSiE","CSs without a shared biological lead SNP",139.453125,0.000784880757503787,10,"gaussian","all finite selected distances; unit area over full domain",441,441,372,0,69,200
"All tissues","SuSiE","CSs without a shared biological lead SNP",139.84375,0.000789521719599095,10,"gaussian","all finite selected distances; unit area over full domain",441,441,372,0,69,200
"All tissues","SuSiE","CSs without a shared biological lead SNP",140.234375,0.000793595335093923,10,"gaussian","all finite selected distances; unit area over full domain",441,441,372,0,69,200
"All tissues","SuSiE","CSs without a shared biological lead SNP",140.625,0.000797123500809813,10,"gaussian","all finite selected distances; unit area over full domain",441,441,372,0,69,200
"All tissues","SuSiE","CSs without a shared biological lead SNP",141.015625,0.000800062573641127,10,"gaussian","all finite selected distances; unit area over full domain",441,441,372,0,69,200
"All tissues","SuSiE","CSs without a shared biological lead SNP",141.40625,0.000802378061497838,10,"gaussian","all finite selected distances; unit area over full domain",441,441,372,0,69,200
"All tissues","SuSiE","CSs without a shared biological lead SNP",141.796875,0.000804101922694296,10,"gaussian","all finite selected distances; unit area over full domain",441,441,372,0,69,200
"All tissues","SuSiE","CSs without a shared biological lead SNP",142.1875,0.000805194355878554,10,"gaussian","all finite selected distances; unit area over full domain",441,441,372,0,69,200
"All tissues","SuSiE","CSs without a shared biological lead SNP",142.578125,0.000805628445893419,10,"gaussian","all finite selected distances; unit area over full domain",441,441,372,0,69,200
"All tissues","SuSiE","CSs without a shared biological lead SNP",142.96875,0.000805444841344395,10,"gaussian","all finite selected distances; unit area over full domain",441,441,372,0,69,200
"All tissues","SuSiE","CSs without a shared biological lead SNP",143.359375,0.000804608692089137,10,"gaussian","all finite selected distances; unit area over full domain",441,441,372,0,69,200
"All tissues","SuSiE","CSs without a shared biological lead SNP",143.75,0.000803101406652223,10,"gaussian","all finite selected distances; unit area over full domain",441,441,372,0,69,200
"All tissues","SuSiE","CSs without a shared biological lead SNP",144.140625,0.000800970671675858,10,"gaussian","all finite selected distances; unit area over full domain",441,441,372,0,69,200
"All tissues","SuSiE","CSs without a shared biological lead SNP",144.53125,0.000798187470142004,10,"gaussian","all finite selected distances; unit area over full domain",441,441,372,0,69,200
"All tissues","SuSiE","CSs without a shared biological lead SNP",144.921875,0.000794741844876411,10,"gaussian","all finite selected distances; unit area over full domain",441,441,372,0,69,200
"All tissues","SuSiE","CSs without a shared biological lead SNP",145.3125,0.00079068668502038,10,"gaussian","all finite selected distances; unit area over full domain",441,441,372,0,69,200
"All tissues","SuSiE","CSs without a shared biological lead SNP",145.703125,0.000785999449605859,10,"gaussian","all finite selected distances; unit area over full domain",441,441,372,0,69,200
"All tissues","SuSiE","CSs without a shared biological lead SNP",146.09375,0.00078067871570034,10,"gaussian","all finite selected distances; unit area over full domain",441,441,372,0,69,200
"All tissues","SuSiE","CSs without a shared biological lead SNP",146.484375,0.000774780653102315,10,"gaussian","all finite selected distances; unit area over full domain",441,441,372,0,69,200
"All tissues","SuSiE","CSs without a shared biological lead SNP",146.875,0.000768289600525097,10,"gaussian","all finite selected distances; unit area over full domain",441,441,372,0,69,200
"All tissues","SuSiE","CSs without a shared biological lead SNP",147.265625,0.000761212201295909,10,"gaussian","all finite selected distances; unit area over full domain",441,441,372,0,69,200
"All tissues","SuSiE","CSs without a shared biological lead SNP",147.65625,0.000753605986022703,10,"gaussian","all finite selected distances; unit area over full domain",441,441,372,0,69,200
"All tissues","SuSiE","CSs without a shared biological lead SNP",148.046875,0.000745462343780763,10,"gaussian","all finite selected distances; unit area over full domain",441,441,372,0,69,200
"All tissues","SuSiE","CSs without a shared biological lead SNP",148.4375,0.000736795200744268,10,"gaussian","all finite selected distances; unit area over full domain",441,441,372,0,69,200
"All tissues","SuSiE","CSs without a shared biological lead SNP",148.828125,0.000727661605209549,10,"gaussian","all finite selected distances; unit area over full domain",441,441,372,0,69,200
"All tissues","SuSiE","CSs without a shared biological lead SNP",149.21875,0.000718059943772706,10,"gaussian","all finite selected distances; unit area over full domain",441,441,372,0,69,200
"All tissues","SuSiE","CSs without a shared biological lead SNP",149.609375,0.000708010383193967,10,"gaussian","all finite selected distances; unit area over full domain",441,441,372,0,69,200
"All tissues","SuSiE","CSs without a shared biological lead SNP",150,0.000697567782571724,10,"gaussian","all finite selected distances; unit area over full domain",441,441,372,0,69,200
"All tissues","SuSiE","CSs without a shared biological lead SNP",150.390625,0.000686737260356877,10,"gaussian","all finite selected distances; unit area over full domain",441,441,372,0,69,200
"All tissues","SuSiE","CSs without a shared biological lead SNP",150.78125,0.000675543980444626,10,"gaussian","all finite selected distances; unit area over full domain",441,441,372,0,69,200
"All tissues","SuSiE","CSs without a shared biological lead SNP",151.171875,0.000664039087441746,10,"gaussian","all finite selected distances; unit area over full domain",441,441,372,0,69,200
"All tissues","SuSiE","CSs without a shared biological lead SNP",151.5625,0.000652233965317928,10,"gaussian","all finite selected distances; unit area over full domain",441,441,372,0,69,200
"All tissues","SuSiE","CSs without a shared biological lead SNP",151.953125,0.000640157388666205,10,"gaussian","all finite selected distances; unit area over full domain",441,441,372,0,69,200
"All tissues","SuSiE","CSs without a shared biological lead SNP",152.34375,0.000627855477885429,10,"gaussian","all finite selected distances; unit area over full domain",441,441,372,0,69,200
"All tissues","SuSiE","CSs without a shared biological lead SNP",152.734375,0.000615345230942649,10,"gaussian","all finite selected distances; unit area over full domain",441,441,372,0,69,200
"All tissues","SuSiE","CSs without a shared biological lead SNP",153.125,0.000602657563545519,10,"gaussian","all finite selected distances; unit area over full domain",441,441,372,0,69,200
"All tissues","SuSiE","CSs without a shared biological lead SNP",153.515625,0.000589832503570277,10,"gaussian","all finite selected distances; unit area over full domain",441,441,372,0,69,200
"All tissues","SuSiE","CSs without a shared biological lead SNP",153.90625,0.000576891847837819,10,"gaussian","all finite selected distances; unit area over full domain",441,441,372,0,69,200
"All tissues","SuSiE","CSs without a shared biological lead SNP",154.296875,0.000563867163337723,10,"gaussian","all finite selected distances; unit area over full domain",441,441,372,0,69,200
"All tissues","SuSiE","CSs without a shared biological lead SNP",154.6875,0.00055079157864778,10,"gaussian","all finite selected distances; unit area over full domain",441,441,372,0,69,200
"All tissues","SuSiE","CSs without a shared biological lead SNP",155.078125,0.000537690740889073,10,"gaussian","all finite selected distances; unit area over full domain",441,441,372,0,69,200
"All tissues","SuSiE","CSs without a shared biological lead SNP",155.46875,0.000524595424642561,10,"gaussian","all finite selected distances; unit area over full domain",441,441,372,0,69,200
"All tissues","SuSiE","CSs without a shared biological lead SNP",155.859375,0.000511531329339864,10,"gaussian","all finite selected distances; unit area over full domain",441,441,372,0,69,200
"All tissues","SuSiE","CSs without a shared biological lead SNP",156.25,0.000498526910659884,10,"gaussian","all finite selected distances; unit area over full domain",441,441,372,0,69,200
"All tissues","SuSiE","CSs without a shared biological lead SNP",156.640625,0.00048561082161497,10,"gaussian","all finite selected distances; unit area over full domain",441,441,372,0,69,200
"All tissues","SuSiE","CSs without a shared biological lead SNP",157.03125,0.000472801089372799,10,"gaussian","all finite selected distances; unit area over full domain",441,441,372,0,69,200
"All tissues","SuSiE","CSs without a shared biological lead SNP",157.421875,0.000460127892886556,10,"gaussian","all finite selected distances; unit area over full domain",441,441,372,0,69,200
"All tissues","SuSiE","CSs without a shared biological lead SNP",157.8125,0.000447616615594129,10,"gaussian","all finite selected distances; unit area over full domain",441,441,372,0,69,200
"All tissues","SuSiE","CSs without a shared biological lead SNP",158.203125,0.000435277657942386,10,"gaussian","all finite selected distances; unit area over full domain",441,441,372,0,69,200
"All tissues","SuSiE","CSs without a shared biological lead SNP",158.59375,0.000423141849623755,10,"gaussian","all finite selected distances; unit area over full domain",441,441,372,0,69,200
"All tissues","SuSiE","CSs without a shared biological lead SNP",158.984375,0.000411230396879239,10,"gaussian","all finite selected distances; unit area over full domain",441,441,372,0,69,200
"All tissues","SuSiE","CSs without a shared biological lead SNP",159.375,0.000399546398762565,10,"gaussian","all finite selected distances; unit area over full domain",441,441,372,0,69,200
"All tissues","SuSiE","CSs without a shared biological lead SNP",159.765625,0.000388120334155094,10,"gaussian","all finite selected distances; unit area over full domain",441,441,372,0,69,200
"All tissues","SuSiE","CSs without a shared biological lead SNP",160.15625,0.000376968610214209,10,"gaussian","all finite selected distances; unit area over full domain",441,441,372,0,69,200
"All tissues","SuSiE","CSs without a shared biological lead SNP",160.546875,0.000366087607460243,10,"gaussian","all finite selected distances; unit area over full domain",441,441,372,0,69,200
"All tissues","SuSiE","CSs without a shared biological lead SNP",160.9375,0.000355506577737825,10,"gaussian","all finite selected distances; unit area over full domain",441,441,372,0,69,200
"All tissues","SuSiE","CSs without a shared biological lead SNP",161.328125,0.000345236818481442,10,"gaussian","all finite selected distances; unit area over full domain",441,441,372,0,69,200
"All tissues","SuSiE","CSs without a shared biological lead SNP",161.71875,0.000335268795214623,10,"gaussian","all finite selected distances; unit area over full domain",441,441,372,0,69,200
"All tissues","SuSiE","CSs without a shared biological lead SNP",162.109375,0.000325629826358074,10,"gaussian","all finite selected distances; unit area over full domain",441,441,372,0,69,200
"All tissues","SuSiE","CSs without a shared biological lead SNP",162.5,0.000316326101837888,10,"gaussian","all finite selected distances; unit area over full domain",441,441,372,0,69,200
"All tissues","SuSiE","CSs without a shared biological lead SNP",162.890625,0.00030734314572865,10,"gaussian","all finite selected distances; unit area over full domain",441,441,372,0,69,200
"All tissues","SuSiE","CSs without a shared biological lead SNP",163.28125,0.00029870583626003,10,"gaussian","all finite selected distances; unit area over full domain",441,441,372,0,69,200
"All tissues","SuSiE","CSs without a shared biological lead SNP",163.671875,0.000290415547493221,10,"gaussian","all finite selected distances; unit area over full domain",441,441,372,0,69,200
"All tissues","SuSiE","CSs without a shared biological lead SNP",164.0625,0.000282453944159259,10,"gaussian","all finite selected distances; unit area over full domain",441,441,372,0,69,200
"All tissues","SuSiE","CSs without a shared biological lead SNP",164.453125,0.000274843169228494,10,"gaussian","all finite selected distances; unit area over full domain",441,441,372,0,69,200
"All tissues","SuSiE","CSs without a shared biological lead SNP",164.84375,0.000267580315773303,10,"gaussian","all finite selected distances; unit area over full domain",441,441,372,0,69,200
"All tissues","SuSiE","CSs without a shared biological lead SNP",165.234375,0.000260644312549101,10,"gaussian","all finite selected distances; unit area over full domain",441,441,372,0,69,200
"All tissues","SuSiE","CSs without a shared biological lead SNP",165.625,0.000254054477755132,10,"gaussian","all finite selected distances; unit area over full domain",441,441,372,0,69,200
"All tissues","SuSiE","CSs without a shared biological lead SNP",166.015625,0.00024780433800682,10,"gaussian","all finite selected distances; unit area over full domain",441,441,372,0,69,200
"All tissues","SuSiE","CSs without a shared biological lead SNP",166.40625,0.00024187118370324,10,"gaussian","all finite selected distances; unit area over full domain",441,441,372,0,69,200
"All tissues","SuSiE","CSs without a shared biological lead SNP",166.796875,0.000236271601911828,10,"gaussian","all finite selected distances; unit area over full domain",441,441,372,0,69,200
"All tissues","SuSiE","CSs without a shared biological lead SNP",167.1875,0.000230996373654381,10,"gaussian","all finite selected distances; unit area over full domain",441,441,372,0,69,200
"All tissues","SuSiE","CSs without a shared biological lead SNP",167.578125,0.000226022162407952,10,"gaussian","all finite selected distances; unit area over full domain",441,441,372,0,69,200
"All tissues","SuSiE","CSs without a shared biological lead SNP",167.96875,0.000221363066209776,10,"gaussian","all finite selected distances; unit area over full domain",441,441,372,0,69,200
"All tissues","SuSiE","CSs without a shared biological lead SNP",168.359375,0.000217007973169643,10,"gaussian","all finite selected distances; unit area over full domain",441,441,372,0,69,200
"All tissues","SuSiE","CSs without a shared biological lead SNP",168.75,0.00021293379663777,10,"gaussian","all finite selected distances; unit area over full domain",441,441,372,0,69,200
"All tissues","SuSiE","CSs without a shared biological lead SNP",169.140625,0.00020915249440209,10,"gaussian","all finite selected distances; unit area over full domain",441,441,372,0,69,200
"All tissues","SuSiE","CSs without a shared biological lead SNP",169.53125,0.000205651878498847,10,"gaussian","all finite selected distances; unit area over full domain",441,441,372,0,69,200
"All tissues","SuSiE","CSs without a shared biological lead SNP",169.921875,0.000202409821498537,10,"gaussian","all finite selected distances; unit area over full domain",441,441,372,0,69,200
"All tissues","SuSiE","CSs without a shared biological lead SNP",170.3125,0.000199436552941738,10,"gaussian","all finite selected distances; unit area over full domain",441,441,372,0,69,200
"All tissues","SuSiE","CSs without a shared biological lead SNP",170.703125,0.00019671953524022,10,"gaussian","all finite selected distances; unit area over full domain",441,441,372,0,69,200
"All tissues","SuSiE","CSs without a shared biological lead SNP",171.09375,0.000194238126340059,10,"gaussian","all finite selected distances; unit area over full domain",441,441,372,0,69,200
"All tissues","SuSiE","CSs without a shared biological lead SNP",171.484375,0.000192001262341722,10,"gaussian","all finite selected distances; unit area over full domain",441,441,372,0,69,200
"All tissues","SuSiE","CSs without a shared biological lead SNP",171.875,0.000189996654324816,10,"gaussian","all finite selected distances; unit area over full domain",441,441,372,0,69,200
"All tissues","SuSiE","CSs without a shared biological lead SNP",172.265625,0.000188205489018793,10,"gaussian","all finite selected distances; unit area over full domain",441,441,372,0,69,200
"All tissues","SuSiE","CSs without a shared biological lead SNP",172.65625,0.000186635832645646,10,"gaussian","all finite selected distances; unit area over full domain",441,441,372,0,69,200
"All tissues","SuSiE","CSs without a shared biological lead SNP",173.046875,0.000185276094914538,10,"gaussian","all finite selected distances; unit area over full domain",441,441,372,0,69,200
"All tissues","SuSiE","CSs without a shared biological lead SNP",173.4375,0.000184109465828566,10,"gaussian","all finite selected distances; unit area over full domain",441,441,372,0,69,200
"All tissues","SuSiE","CSs without a shared biological lead SNP",173.828125,0.000183143527954146,10,"gaussian","all finite selected distances; unit area over full domain",441,441,372,0,69,200
"All tissues","SuSiE","CSs without a shared biological lead SNP",174.21875,0.000182367686969933,10,"gaussian","all finite selected distances; unit area over full domain",441,441,372,0,69,200
"All tissues","SuSiE","CSs without a shared biological lead SNP",174.609375,0.000181767164902824,10,"gaussian","all finite selected distances; unit area over full domain",441,441,372,0,69,200
"All tissues","SuSiE","CSs without a shared biological lead SNP",175,0.000181349391335348,10,"gaussian","all finite selected distances; unit area over full domain",441,441,372,0,69,200
"All tissues","SuSiE","CSs without a shared biological lead SNP",175.390625,0.000181104920756817,10,"gaussian","all finite selected distances; unit area over full domain",441,441,372,0,69,200
"All tissues","SuSiE","CSs without a shared biological lead SNP",175.78125,0.000181020918317181,10,"gaussian","all finite selected distances; unit area over full domain",441,441,372,0,69,200
"All tissues","SuSiE","CSs without a shared biological lead SNP",176.171875,0.000181104924054684,10,"gaussian","all finite selected distances; unit area over full domain",441,441,372,0,69,200
"All tissues","SuSiE","CSs without a shared biological lead SNP",176.5625,0.000181348665919976,10,"gaussian","all finite selected distances; unit area over full domain",441,441,372,0,69,200
"All tissues","SuSiE","CSs without a shared biological lead SNP",176.953125,0.000181741074605582,10,"gaussian","all finite selected distances; unit area over full domain",441,441,372,0,69,200
"All tissues","SuSiE","CSs without a shared biological lead SNP",177.34375,0.000182289989654246,10,"gaussian","all finite selected distances; unit area over full domain",441,441,372,0,69,200
"All tissues","SuSiE","CSs without a shared biological lead SNP",177.734375,0.000182988229423373,10,"gaussian","all finite selected distances; unit area over full domain",441,441,372,0,69,200
"All tissues","SuSiE","CSs without a shared biological lead SNP",178.125,0.000183826250725744,10,"gaussian","all finite selected distances; unit area over full domain",441,441,372,0,69,200
"All tissues","SuSiE","CSs without a shared biological lead SNP",178.515625,0.000184812302625057,10,"gaussian","all finite selected distances; unit area over full domain",441,441,372,0,69,200
"All tissues","SuSiE","CSs without a shared biological lead SNP",178.90625,0.00018594012475076,10,"gaussian","all finite selected distances; unit area over full domain",441,441,372,0,69,200
"All tissues","SuSiE","CSs without a shared biological lead SNP",179.296875,0.0001872014217886,10,"gaussian","all finite selected distances; unit area over full domain",441,441,372,0,69,200
"All tissues","SuSiE","CSs without a shared biological lead SNP",179.6875,0.000188604879745811,10,"gaussian","all finite selected distances; unit area over full domain",441,441,372,0,69,200
"All tissues","SuSiE","CSs without a shared biological lead SNP",180.078125,0.000190144925390337,10,"gaussian","all finite selected distances; unit area over full domain",441,441,372,0,69,200
"All tissues","SuSiE","CSs without a shared biological lead SNP",180.46875,0.000191814213036353,10,"gaussian","all finite selected distances; unit area over full domain",441,441,372,0,69,200
"All tissues","SuSiE","CSs without a shared biological lead SNP",180.859375,0.000193621807456419,10,"gaussian","all finite selected distances; unit area over full domain",441,441,372,0,69,200
"All tissues","SuSiE","CSs without a shared biological lead SNP",181.25,0.000195562543610498,10,"gaussian","all finite selected distances; unit area over full domain",441,441,372,0,69,200
"All tissues","SuSiE","CSs without a shared biological lead SNP",181.640625,0.000197629722506693,10,"gaussian","all finite selected distances; unit area over full domain",441,441,372,0,69,200
"All tissues","SuSiE","CSs without a shared biological lead SNP",182.03125,0.000199832641911272,10,"gaussian","all finite selected distances; unit area over full domain",441,441,372,0,69,200
"All tissues","SuSiE","CSs without a shared biological lead SNP",182.421875,0.000202166241126529,10,"gaussian","all finite selected distances; unit area over full domain",441,441,372,0,69,200
"All tissues","SuSiE","CSs without a shared biological lead SNP",182.8125,0.000204624173268194,10,"gaussian","all finite selected distances; unit area over full domain",441,441,372,0,69,200
"All tissues","SuSiE","CSs without a shared biological lead SNP",183.203125,0.000207215736012797,10,"gaussian","all finite selected distances; unit area over full domain",441,441,372,0,69,200
"All tissues","SuSiE","CSs without a shared biological lead SNP",183.59375,0.000209935664912729,10,"gaussian","all finite selected distances; unit area over full domain",441,441,372,0,69,200
"All tissues","SuSiE","CSs without a shared biological lead SNP",183.984375,0.000212777691056041,10,"gaussian","all finite selected distances; unit area over full domain",441,441,372,0,69,200
"All tissues","SuSiE","CSs without a shared biological lead SNP",184.375,0.000215750795881384,10,"gaussian","all finite selected distances; unit area over full domain",441,441,372,0,69,200
"All tissues","SuSiE","CSs without a shared biological lead SNP",184.765625,0.000218849221106714,10,"gaussian","all finite selected distances; unit area over full domain",441,441,372,0,69,200
"All tissues","SuSiE","CSs without a shared biological lead SNP",185.15625,0.000222066534266445,10,"gaussian","all finite selected distances; unit area over full domain",441,441,372,0,69,200
"All tissues","SuSiE","CSs without a shared biological lead SNP",185.546875,0.000225411011236516,10,"gaussian","all finite selected distances; unit area over full domain",441,441,372,0,69,200
"All tissues","SuSiE","CSs without a shared biological lead SNP",185.9375,0.000228876151839187,10,"gaussian","all finite selected distances; unit area over full domain",441,441,372,0,69,200
"All tissues","SuSiE","CSs without a shared biological lead SNP",186.328125,0.00023245516373486,10,"gaussian","all finite selected distances; unit area over full domain",441,441,372,0,69,200
"All tissues","SuSiE","CSs without a shared biological lead SNP",186.71875,0.000236155171507406,10,"gaussian","all finite selected distances; unit area over full domain",441,441,372,0,69,200
"All tissues","SuSiE","CSs without a shared biological lead SNP",187.109375,0.000239968752090249,10,"gaussian","all finite selected distances; unit area over full domain",441,441,372,0,69,200
"All tissues","SuSiE","CSs without a shared biological lead SNP",187.5,0.000243888614891447,10,"gaussian","all finite selected distances; unit area over full domain",441,441,372,0,69,200
"All tissues","SuSiE","CSs without a shared biological lead SNP",187.890625,0.000247920255237358,10,"gaussian","all finite selected distances; unit area over full domain",441,441,372,0,69,200
"All tissues","SuSiE","CSs without a shared biological lead SNP",188.28125,0.000252055237683234,10,"gaussian","all finite selected distances; unit area over full domain",441,441,372,0,69,200
"All tissues","SuSiE","CSs without a shared biological lead SNP",188.671875,0.000256285704952464,10,"gaussian","all finite selected distances; unit area over full domain",441,441,372,0,69,200
"All tissues","SuSiE","CSs without a shared biological lead SNP",189.0625,0.000260615044117902,10,"gaussian","all finite selected distances; unit area over full domain",441,441,372,0,69,200
"All tissues","SuSiE","CSs without a shared biological lead SNP",189.453125,0.000265033830887,10,"gaussian","all finite selected distances; unit area over full domain",441,441,372,0,69,200
"All tissues","SuSiE","CSs without a shared biological lead SNP",189.84375,0.000269533652858138,10,"gaussian","all finite selected distances; unit area over full domain",441,441,372,0,69,200
"All tissues","SuSiE","CSs without a shared biological lead SNP",190.234375,0.000274115345849549,10,"gaussian","all finite selected distances; unit area over full domain",441,441,372,0,69,200
"All tissues","SuSiE","CSs without a shared biological lead SNP",190.625,0.000278768649248083,10,"gaussian","all finite selected distances; unit area over full domain",441,441,372,0,69,200
"All tissues","SuSiE","CSs without a shared biological lead SNP",191.015625,0.000283484693849401,10,"gaussian","all finite selected distances; unit area over full domain",441,441,372,0,69,200
"All tissues","SuSiE","CSs without a shared biological lead SNP",191.40625,0.000288261398101781,10,"gaussian","all finite selected distances; unit area over full domain",441,441,372,0,69,200
"All tissues","SuSiE","CSs without a shared biological lead SNP",191.796875,0.00029308795449829,10,"gaussian","all finite selected distances; unit area over full domain",441,441,372,0,69,200
"All tissues","SuSiE","CSs without a shared biological lead SNP",192.1875,0.000297955224428029,10,"gaussian","all finite selected distances; unit area over full domain",441,441,372,0,69,200
"All tissues","SuSiE","CSs without a shared biological lead SNP",192.578125,0.000302857961968981,10,"gaussian","all finite selected distances; unit area over full domain",441,441,372,0,69,200
"All tissues","SuSiE","CSs without a shared biological lead SNP",192.96875,0.0003077852367527,10,"gaussian","all finite selected distances; unit area over full domain",441,441,372,0,69,200
"All tissues","SuSiE","CSs without a shared biological lead SNP",193.359375,0.000312727914173414,10,"gaussian","all finite selected distances; unit area over full domain",441,441,372,0,69,200
"All tissues","SuSiE","CSs without a shared biological lead SNP",193.75,0.000317677496668831,10,"gaussian","all finite selected distances; unit area over full domain",441,441,372,0,69,200
"All tissues","SuSiE","CSs without a shared biological lead SNP",194.140625,0.000322623475664611,10,"gaussian","all finite selected distances; unit area over full domain",441,441,372,0,69,200
"All tissues","SuSiE","CSs without a shared biological lead SNP",194.53125,0.00032755707096687,10,"gaussian","all finite selected distances; unit area over full domain",441,441,372,0,69,200
"All tissues","SuSiE","CSs without a shared biological lead SNP",194.921875,0.000332466641557471,10,"gaussian","all finite selected distances; unit area over full domain",441,441,372,0,69,200
"All tissues","SuSiE","CSs without a shared biological lead SNP",195.3125,0.000337342739515393,10,"gaussian","all finite selected distances; unit area over full domain",441,441,372,0,69,200
"All tissues","SuSiE","CSs without a shared biological lead SNP",195.703125,0.000342177351175481,10,"gaussian","all finite selected distances; unit area over full domain",441,441,372,0,69,200
"All tissues","SuSiE","CSs without a shared biological lead SNP",196.09375,0.000346956022991201,10,"gaussian","all finite selected distances; unit area over full domain",441,441,372,0,69,200
"All tissues","SuSiE","CSs without a shared biological lead SNP",196.484375,0.000351671061937638,10,"gaussian","all finite selected distances; unit area over full domain",441,441,372,0,69,200
"All tissues","SuSiE","CSs without a shared biological lead SNP",196.875,0.000356315673095799,10,"gaussian","all finite selected distances; unit area over full domain",441,441,372,0,69,200
"All tissues","SuSiE","CSs without a shared biological lead SNP",197.265625,0.000360873159167846,10,"gaussian","all finite selected distances; unit area over full domain",441,441,372,0,69,200
"All tissues","SuSiE","CSs without a shared biological lead SNP",197.65625,0.000365338281303331,10,"gaussian","all finite selected distances; unit area over full domain",441,441,372,0,69,200
"All tissues","SuSiE","CSs without a shared biological lead SNP",198.046875,0.00036970592788556,10,"gaussian","all finite selected distances; unit area over full domain",441,441,372,0,69,200
"All tissues","SuSiE","CSs without a shared biological lead SNP",198.4375,0.000373957963608363,10,"gaussian","all finite selected distances; unit area over full domain",441,441,372,0,69,200
"All tissues","SuSiE","CSs without a shared biological lead SNP",198.828125,0.000378092248045171,10,"gaussian","all finite selected distances; unit area over full domain",441,441,372,0,69,200
"All tissues","SuSiE","CSs without a shared biological lead SNP",199.21875,0.000382105796336488,10,"gaussian","all finite selected distances; unit area over full domain",441,441,372,0,69,200
"All tissues","SuSiE","CSs without a shared biological lead SNP",199.609375,0.000385980057418775,10,"gaussian","all finite selected distances; unit area over full domain",441,441,372,0,69,200
"All tissues","SuSiE","CSs without a shared biological lead SNP",200,0.000389716511656366,10,"gaussian","all finite selected distances; unit area over full domain",441,441,372,0,69,200
"All tissues","Weighted SuSiE-mix","CSs without a shared biological lead SNP",-200,0.000436009129864929,10,"gaussian","all finite selected distances; unit area over full domain",302,302,269,0,33,200
"All tissues","Weighted SuSiE-mix","CSs without a shared biological lead SNP",-199.609375,0.000437793917634583,10,"gaussian","all finite selected distances; unit area over full domain",302,302,269,0,33,200
"All tissues","Weighted SuSiE-mix","CSs without a shared biological lead SNP",-199.21875,0.000439561330092596,10,"gaussian","all finite selected distances; unit area over full domain",302,302,269,0,33,200
"All tissues","Weighted SuSiE-mix","CSs without a shared biological lead SNP",-198.828125,0.000441305973759892,10,"gaussian","all finite selected distances; unit area over full domain",302,302,269,0,33,200
"All tissues","Weighted SuSiE-mix","CSs without a shared biological lead SNP",-198.4375,0.000443025854310995,10,"gaussian","all finite selected distances; unit area over full domain",302,302,269,0,33,200
"All tissues","Weighted SuSiE-mix","CSs without a shared biological lead SNP",-198.046875,0.00044471631783162,10,"gaussian","all finite selected distances; unit area over full domain",302,302,269,0,33,200
"All tissues","Weighted SuSiE-mix","CSs without a shared biological lead SNP",-197.65625,0.000446371062560681,10,"gaussian","all finite selected distances; unit area over full domain",302,302,269,0,33,200
"All tissues","Weighted SuSiE-mix","CSs without a shared biological lead SNP",-197.265625,0.000447989168243468,10,"gaussian","all finite selected distances; unit area over full domain",302,302,269,0,33,200
"All tissues","Weighted SuSiE-mix","CSs without a shared biological lead SNP",-196.875,0.000449565716022608,10,"gaussian","all finite selected distances; unit area over full domain",302,302,269,0,33,200
"All tissues","Weighted SuSiE-mix","CSs without a shared biological lead SNP",-196.484375,0.000451094190324428,10,"gaussian","all finite selected distances; unit area over full domain",302,302,269,0,33,200
"All tissues","Weighted SuSiE-mix","CSs without a shared biological lead SNP",-196.09375,0.000452575225986069,10,"gaussian","all finite selected distances; unit area over full domain",302,302,269,0,33,200
"All tissues","Weighted SuSiE-mix","CSs without a shared biological lead SNP",-195.703125,0.000454004162359548,10,"gaussian","all finite selected distances; unit area over full domain",302,302,269,0,33,200
"All tissues","Weighted SuSiE-mix","CSs without a shared biological lead SNP",-195.3125,0.000455374967338001,10,"gaussian","all finite selected distances; unit area over full domain",302,302,269,0,33,200
"All tissues","Weighted SuSiE-mix","CSs without a shared biological lead SNP",-194.921875,0.00045669007564047,10,"gaussian","all finite selected distances; unit area over full domain",302,302,269,0,33,200
"All tissues","Weighted SuSiE-mix","CSs without a shared biological lead SNP",-194.53125,0.00045794556174226,10,"gaussian","all finite selected distances; unit area over full domain",302,302,269,0,33,200
"All tissues","Weighted SuSiE-mix","CSs without a shared biological lead SNP",-194.140625,0.00045913650046127,10,"gaussian","all finite selected distances; unit area over full domain",302,302,269,0,33,200
"All tissues","Weighted SuSiE-mix","CSs without a shared biological lead SNP",-193.75,0.000460267133003959,10,"gaussian","all finite selected distances; unit area over full domain",302,302,269,0,33,200
"All tissues","Weighted SuSiE-mix","CSs without a shared biological lead SNP",-193.359375,0.000461334661345105,10,"gaussian","all finite selected distances; unit area over full domain",302,302,269,0,33,200
"All tissues","Weighted SuSiE-mix","CSs without a shared biological lead SNP",-192.96875,0.0004623357596249,10,"gaussian","all finite selected distances; unit area over full domain",302,302,269,0,33,200
"All tissues","Weighted SuSiE-mix","CSs without a shared biological lead SNP",-192.578125,0.000463276269447461,10,"gaussian","all finite selected distances; unit area over full domain",302,302,269,0,33,200
"All tissues","Weighted SuSiE-mix","CSs without a shared biological lead SNP",-192.1875,0.00046415480588964,10,"gaussian","all finite selected distances; unit area over full domain",302,302,269,0,33,200
"All tissues","Weighted SuSiE-mix","CSs without a shared biological lead SNP",-191.796875,0.000464969972241729,10,"gaussian","all finite selected distances; unit area over full domain",302,302,269,0,33,200
"All tissues","Weighted SuSiE-mix","CSs without a shared biological lead SNP",-191.40625,0.000465728839108181,10,"gaussian","all finite selected distances; unit area over full domain",302,302,269,0,33,200
"All tissues","Weighted SuSiE-mix","CSs without a shared biological lead SNP",-191.015625,0.000466431609192204,10,"gaussian","all finite selected distances; unit area over full domain",302,302,269,0,33,200
"All tissues","Weighted SuSiE-mix","CSs without a shared biological lead SNP",-190.625,0.000467078978107697,10,"gaussian","all finite selected distances; unit area over full domain",302,302,269,0,33,200
"All tissues","Weighted SuSiE-mix","CSs without a shared biological lead SNP",-190.234375,0.000467678769577564,10,"gaussian","all finite selected distances; unit area over full domain",302,302,269,0,33,200
"All tissues","Weighted SuSiE-mix","CSs without a shared biological lead SNP",-189.84375,0.000468232849760227,10,"gaussian","all finite selected distances; unit area over full domain",302,302,269,0,33,200
"All tissues","Weighted SuSiE-mix","CSs without a shared biological lead SNP",-189.453125,0.000468744023192547,10,"gaussian","all finite selected distances; unit area over full domain",302,302,269,0,33,200
"All tissues","Weighted SuSiE-mix","CSs without a shared biological lead SNP",-189.0625,0.000469220350477042,10,"gaussian","all finite selected distances; unit area over full domain",302,302,269,0,33,200
"All tissues","Weighted SuSiE-mix","CSs without a shared biological lead SNP",-188.671875,0.000469665363130094,10,"gaussian","all finite selected distances; unit area over full domain",302,302,269,0,33,200
"All tissues","Weighted SuSiE-mix","CSs without a shared biological lead SNP",-188.28125,0.000470083881237801,10,"gaussian","all finite selected distances; unit area over full domain",302,302,269,0,33,200
"All tissues","Weighted SuSiE-mix","CSs without a shared biological lead SNP",-187.890625,0.000470483702911916,10,"gaussian","all finite selected distances; unit area over full domain",302,302,269,0,33,200
"All tissues","Weighted SuSiE-mix","CSs without a shared biological lead SNP",-187.5,0.000470869983412856,10,"gaussian","all finite selected distances; unit area over full domain",302,302,269,0,33,200
"All tissues","Weighted SuSiE-mix","CSs without a shared biological lead SNP",-187.109375,0.000471249397548471,10,"gaussian","all finite selected distances; unit area over full domain",302,302,269,0,33,200
"All tissues","Weighted SuSiE-mix","CSs without a shared biological lead SNP",-186.71875,0.000471629040174422,10,"gaussian","all finite selected distances; unit area over full domain",302,302,269,0,33,200
"All tissues","Weighted SuSiE-mix","CSs without a shared biological lead SNP",-186.328125,0.000472015633147322,10,"gaussian","all finite selected distances; unit area over full domain",302,302,269,0,33,200
"All tissues","Weighted SuSiE-mix","CSs without a shared biological lead SNP",-185.9375,0.00047241751466883,10,"gaussian","all finite selected distances; unit area over full domain",302,302,269,0,33,200
"All tissues","Weighted SuSiE-mix","CSs without a shared biological lead SNP",-185.546875,0.000472840714972136,10,"gaussian","all finite selected distances; unit area over full domain",302,302,269,0,33,200
"All tissues","Weighted SuSiE-mix","CSs without a shared biological lead SNP",-185.15625,0.000473293467480406,10,"gaussian","all finite selected distances; unit area over full domain",302,302,269,0,33,200
"All tissues","Weighted SuSiE-mix","CSs without a shared biological lead SNP",-184.765625,0.000473785573354778,10,"gaussian","all finite selected distances; unit area over full domain",302,302,269,0,33,200
"All tissues","Weighted SuSiE-mix","CSs without a shared biological lead SNP",-184.375,0.000474321714809726,10,"gaussian","all finite selected distances; unit area over full domain",302,302,269,0,33,200
"All tissues","Weighted SuSiE-mix","CSs without a shared biological lead SNP",-183.984375,0.000474911585099467,10,"gaussian","all finite selected distances; unit area over full domain",302,302,269,0,33,200
"All tissues","Weighted SuSiE-mix","CSs without a shared biological lead SNP",-183.59375,0.000475566238352423,10,"gaussian","all finite selected distances; unit area over full domain",302,302,269,0,33,200
"All tissues","Weighted SuSiE-mix","CSs without a shared biological lead SNP",-183.203125,0.000476288782919051,10,"gaussian","all finite selected distances; unit area over full domain",302,302,269,0,33,200
"All tissues","Weighted SuSiE-mix","CSs without a shared biological lead SNP",-182.8125,0.00047709030516705,10,"gaussian","all finite selected distances; unit area over full domain",302,302,269,0,33,200
"All tissues","Weighted SuSiE-mix","CSs without a shared biological lead SNP",-182.421875,0.000477982869362232,10,"gaussian","all finite selected distances; unit area over full domain",302,302,269,0,33,200
"All tissues","Weighted SuSiE-mix","CSs without a shared biological lead SNP",-182.03125,0.000478967809549378,10,"gaussian","all finite selected distances; unit area over full domain",302,302,269,0,33,200
"All tissues","Weighted SuSiE-mix","CSs without a shared biological lead SNP",-181.640625,0.00048005748690909,10,"gaussian","all finite selected distances; unit area over full domain",302,302,269,0,33,200
"All tissues","Weighted SuSiE-mix","CSs without a shared biological lead SNP",-181.25,0.000481264658992327,10,"gaussian","all finite selected distances; unit area over full domain",302,302,269,0,33,200
"All tissues","Weighted SuSiE-mix","CSs without a shared biological lead SNP",-180.859375,0.000482588676644674,10,"gaussian","all finite selected distances; unit area over full domain",302,302,269,0,33,200
"All tissues","Weighted SuSiE-mix","CSs without a shared biological lead SNP",-180.46875,0.000484042956511406,10,"gaussian","all finite selected distances; unit area over full domain",302,302,269,0,33,200
"All tissues","Weighted SuSiE-mix","CSs without a shared biological lead SNP",-180.078125,0.000485640509705794,10,"gaussian","all finite selected distances; unit area over full domain",302,302,269,0,33,200
"All tissues","Weighted SuSiE-mix","CSs without a shared biological lead SNP",-179.6875,0.000487378461868037,10,"gaussian","all finite selected distances; unit area over full domain",302,302,269,0,33,200
"All tissues","Weighted SuSiE-mix","CSs without a shared biological lead SNP",-179.296875,0.000489270911597738,10,"gaussian","all finite selected distances; unit area over full domain",302,302,269,0,33,200
"All tissues","Weighted SuSiE-mix","CSs without a shared biological lead SNP",-178.90625,0.000491330518277503,10,"gaussian","all finite selected distances; unit area over full domain",302,302,269,0,33,200
"All tissues","Weighted SuSiE-mix","CSs without a shared biological lead SNP",-178.515625,0.000493551901385664,10,"gaussian","all finite selected distances; unit area over full domain",302,302,269,0,33,200
"All tissues","Weighted SuSiE-mix","CSs without a shared biological lead SNP",-178.125,0.000495949268656351,10,"gaussian","all finite selected distances; unit area over full domain",302,302,269,0,33,200
"All tissues","Weighted SuSiE-mix","CSs without a shared biological lead SNP",-177.734375,0.000498534135081505,10,"gaussian","all finite selected distances; unit area over full domain",302,302,269,0,33,200
"All tissues","Weighted SuSiE-mix","CSs without a shared biological lead SNP",-177.34375,0.000501298313365956,10,"gaussian","all finite selected distances; unit area over full domain",302,302,269,0,33,200
"All tissues","Weighted SuSiE-mix","CSs without a shared biological lead SNP",-176.953125,0.000504255323164618,10,"gaussian","all finite selected distances; unit area over full domain",302,302,269,0,33,200
"All tissues","Weighted SuSiE-mix","CSs without a shared biological lead SNP",-176.5625,0.000507414566812898,10,"gaussian","all finite selected distances; unit area over full domain",302,302,269,0,33,200
"All tissues","Weighted SuSiE-mix","CSs without a shared biological lead SNP",-176.171875,0.000510764775858935,10,"gaussian","all finite selected distances; unit area over full domain",302,302,269,0,33,200
"All tissues","Weighted SuSiE-mix","CSs without a shared biological lead SNP",-175.78125,0.000514317765640544,10,"gaussian","all finite selected distances; unit area over full domain",302,302,269,0,33,200
"All tissues","Weighted SuSiE-mix","CSs without a shared biological lead SNP",-175.390625,0.000518079734972032,10,"gaussian","all finite selected distances; unit area over full domain",302,302,269,0,33,200
"All tissues","Weighted SuSiE-mix","CSs without a shared biological lead SNP",-175,0.000522036154456714,10,"gaussian","all finite selected distances; unit area over full domain",302,302,269,0,33,200
"All tissues","Weighted SuSiE-mix","CSs without a shared biological lead SNP",-174.609375,0.000526195942305158,10,"gaussian","all finite selected distances; unit area over full domain",302,302,269,0,33,200
"All tissues","Weighted SuSiE-mix","CSs without a shared biological lead SNP",-174.21875,0.000530560975199755,10,"gaussian","all finite selected distances; unit area over full domain",302,302,269,0,33,200
"All tissues","Weighted SuSiE-mix","CSs without a shared biological lead SNP",-173.828125,0.000535113459083139,10,"gaussian","all finite selected distances; unit area over full domain",302,302,269,0,33,200
"All tissues","Weighted SuSiE-mix","CSs without a shared biological lead SNP",-173.4375,0.000539858126495475,10,"gaussian","all finite selected distances; unit area over full domain",302,302,269,0,33,200
"All tissues","Weighted SuSiE-mix","CSs without a shared biological lead SNP",-173.046875,0.000544791514918973,10,"gaussian","all finite selected distances; unit area over full domain",302,302,269,0,33,200
"All tissues","Weighted SuSiE-mix","CSs without a shared biological lead SNP",-172.65625,0.00054989281922661,10,"gaussian","all finite selected distances; unit area over full domain",302,302,269,0,33,200
"All tissues","Weighted SuSiE-mix","CSs without a shared biological lead SNP",-172.265625,0.000555161316463733,10,"gaussian","all finite selected distances; unit area over full domain",302,302,269,0,33,200
"All tissues","Weighted SuSiE-mix","CSs without a shared biological lead SNP",-171.875,0.000560587438214172,10,"gaussian","all finite selected distances; unit area over full domain",302,302,269,0,33,200
"All tissues","Weighted SuSiE-mix","CSs without a shared biological lead SNP",-171.484375,0.000566147944919727,10,"gaussian","all finite selected distances; unit area over full domain",302,302,269,0,33,200
"All tissues","Weighted SuSiE-mix","CSs without a shared biological lead SNP",-171.09375,0.000571835544444559,10,"gaussian","all finite selected distances; unit area over full domain",302,302,269,0,33,200
"All tissues","Weighted SuSiE-mix","CSs without a shared biological lead SNP",-170.703125,0.000577634194053398,10,"gaussian","all finite selected distances; unit area over full domain",302,302,269,0,33,200
"All tissues","Weighted SuSiE-mix","CSs without a shared biological lead SNP",-170.3125,0.000583519155072684,10,"gaussian","all finite selected distances; unit area over full domain",302,302,269,0,33,200
"All tissues","Weighted SuSiE-mix","CSs without a shared biological lead SNP",-169.921875,0.0005894757536871,10,"gaussian","all finite selected distances; unit area over full domain",302,302,269,0,33,200
"All tissues","Weighted SuSiE-mix","CSs without a shared biological lead SNP",-169.53125,0.000595481626706512,10,"gaussian","all finite selected distances; unit area over full domain",302,302,269,0,33,200
"All tissues","Weighted SuSiE-mix","CSs without a shared biological lead SNP",-169.140625,0.000601511824421285,10,"gaussian","all finite selected distances; unit area over full domain",302,302,269,0,33,200
"All tissues","Weighted SuSiE-mix","CSs without a shared biological lead SNP",-168.75,0.000607543914659408,10,"gaussian","all finite selected distances; unit area over full domain",302,302,269,0,33,200
"All tissues","Weighted SuSiE-mix","CSs without a shared biological lead SNP",-168.359375,0.000613549968177387,10,"gaussian","all finite selected distances; unit area over full domain",302,302,269,0,33,200
"All tissues","Weighted SuSiE-mix","CSs without a shared biological lead SNP",-167.96875,0.000619506411489919,10,"gaussian","all finite selected distances; unit area over full domain",302,302,269,0,33,200
"All tissues","Weighted SuSiE-mix","CSs without a shared biological lead SNP",-167.578125,0.00062538321915011,10,"gaussian","all finite selected distances; unit area over full domain",302,302,269,0,33,200
"All tissues","Weighted SuSiE-mix","CSs without a shared biological lead SNP",-167.1875,0.000631148266197166,10,"gaussian","all finite selected distances; unit area over full domain",302,302,269,0,33,200
"All tissues","Weighted SuSiE-mix","CSs without a shared biological lead SNP",-166.796875,0.000636781141076285,10,"gaussian","all finite selected distances; unit area over full domain",302,302,269,0,33,200
"All tissues","Weighted SuSiE-mix","CSs without a shared biological lead SNP",-166.40625,0.000642244993238211,10,"gaussian","all finite selected distances; unit area over full domain",302,302,269,0,33,200
"All tissues","Weighted SuSiE-mix","CSs without a shared biological lead SNP",-166.015625,0.00064750543146672,10,"gaussian","all finite selected distances; unit area over full domain",302,302,269,0,33,200
"All tissues","Weighted SuSiE-mix","CSs without a shared biological lead SNP",-165.625,0.000652547049866457,10,"gaussian","all finite selected distances; unit area over full domain",302,302,269,0,33,200
"All tissues","Weighted SuSiE-mix","CSs without a shared biological lead SNP",-165.234375,0.000657327549542683,10,"gaussian","all finite selected distances; unit area over full domain",302,302,269,0,33,200
"All tissues","Weighted SuSiE-mix","CSs without a shared biological lead SNP",-164.84375,0.000661812632842578,10,"gaussian","all finite selected distances; unit area over full domain",302,302,269,0,33,200
"All tissues","Weighted SuSiE-mix","CSs without a shared biological lead SNP",-164.453125,0.00066599363481855,10,"gaussian","all finite selected distances; unit area over full domain",302,302,269,0,33,200
"All tissues","Weighted SuSiE-mix","CSs without a shared biological lead SNP",-164.0625,0.000669824738355198,10,"gaussian","all finite selected distances; unit area over full domain",302,302,269,0,33,200
"All tissues","Weighted SuSiE-mix","CSs without a shared biological lead SNP",-163.671875,0.000673274339045652,10,"gaussian","all finite selected distances; unit area over full domain",302,302,269,0,33,200
"All tissues","Weighted SuSiE-mix","CSs without a shared biological lead SNP",-163.28125,0.000676341965341038,10,"gaussian","all finite selected distances; unit area over full domain",302,302,269,0,33,200
"All tissues","Weighted SuSiE-mix","CSs without a shared biological lead SNP",-162.890625,0.000678980651764573,10,"gaussian","all finite selected distances; unit area over full domain",302,302,269,0,33,200
"All tissues","Weighted SuSiE-mix","CSs without a shared biological lead SNP",-162.5,0.000681164093585703,10,"gaussian","all finite selected distances; unit area over full domain",302,302,269,0,33,200
"All tissues","Weighted SuSiE-mix","CSs without a shared biological lead SNP",-162.109375,0.000682901020104234,10,"gaussian","all finite selected distances; unit area over full domain",302,302,269,0,33,200
"All tissues","Weighted SuSiE-mix","CSs without a shared biological lead SNP",-161.71875,0.000684145964311384,10,"gaussian","all finite selected distances; unit area over full domain",302,302,269,0,33,200
"All tissues","Weighted SuSiE-mix","CSs without a shared biological lead SNP",-161.328125,0.000684880284107052,10,"gaussian","all finite selected distances; unit area over full domain",302,302,269,0,33,200
"All tissues","Weighted SuSiE-mix","CSs without a shared biological lead SNP",-160.9375,0.000685122341679739,10,"gaussian","all finite selected distances; unit area over full domain",302,302,269,0,33,200
"All tissues","Weighted SuSiE-mix","CSs without a shared biological lead SNP",-160.546875,0.000684830895569803,10,"gaussian","all finite selected distances; unit area over full domain",302,302,269,0,33,200
"All tissues","Weighted SuSiE-mix","CSs without a shared biological lead SNP",-160.15625,0.000683996846992646,10,"gaussian","all finite selected distances; unit area over full domain",302,302,269,0,33,200
"All tissues","Weighted SuSiE-mix","CSs without a shared biological lead SNP",-159.765625,0.00068264796527778,10,"gaussian","all finite selected distances; unit area over full domain",302,302,269,0,33,200
"All tissues","Weighted SuSiE-mix","CSs without a shared biological lead SNP",-159.375,0.000680749830390009,10,"gaussian","all finite selected distances; unit area over full domain",302,302,269,0,33,200
"All tissues","Weighted SuSiE-mix","CSs without a shared biological lead SNP",-158.984375,0.000678304085683379,10,"gaussian","all finite selected distances; unit area over full domain",302,302,269,0,33,200
"All tissues","Weighted SuSiE-mix","CSs without a shared biological lead SNP",-158.59375,0.000675347000656526,10,"gaussian","all finite selected distances; unit area over full domain",302,302,269,0,33,200
"All tissues","Weighted SuSiE-mix","CSs without a shared biological lead SNP",-158.203125,0.000671853236098766,10,"gaussian","all finite selected distances; unit area over full domain",302,302,269,0,33,200
"All tissues","Weighted SuSiE-mix","CSs without a shared biological lead SNP",-157.8125,0.000667835557434346,10,"gaussian","all finite selected distances; unit area over full domain",302,302,269,0,33,200
"All tissues","Weighted SuSiE-mix","CSs without a shared biological lead SNP",-157.421875,0.000663337185825287,10,"gaussian","all finite selected distances; unit area over full domain",302,302,269,0,33,200
"All tissues","Weighted SuSiE-mix","CSs without a shared biological lead SNP",-157.03125,0.000658343606900158,10,"gaussian","all finite selected distances; unit area over full domain",302,302,269,0,33,200
"All tissues","Weighted SuSiE-mix","CSs without a shared biological lead SNP",-156.640625,0.000652878210726598,10,"gaussian","all finite selected distances; unit area over full domain",302,302,269,0,33,200
"All tissues","Weighted SuSiE-mix","CSs without a shared biological lead SNP",-156.25,0.000646989079931064,10,"gaussian","all finite selected distances; unit area over full domain",302,302,269,0,33,200
"All tissues","Weighted SuSiE-mix","CSs without a shared biological lead SNP",-155.859375,0.000640673618190292,10,"gaussian","all finite selected distances; unit area over full domain",302,302,269,0,33,200
"All tissues","Weighted SuSiE-mix","CSs without a shared biological lead SNP",-155.46875,0.000633964492271412,10,"gaussian","all finite selected distances; unit area over full domain",302,302,269,0,33,200
"All tissues","Weighted SuSiE-mix","CSs without a shared biological lead SNP",-155.078125,0.000626912164724439,10,"gaussian","all finite selected distances; unit area over full domain",302,302,269,0,33,200
"All tissues","Weighted SuSiE-mix","CSs without a shared biological lead SNP",-154.6875,0.000619526320017126,10,"gaussian","all finite selected distances; unit area over full domain",302,302,269,0,33,200
"All tissues","Weighted SuSiE-mix","CSs without a shared biological lead SNP",-154.296875,0.000611846812182839,10,"gaussian","all finite selected distances; unit area over full domain",302,302,269,0,33,200
"All tissues","Weighted SuSiE-mix","CSs without a shared biological lead SNP",-153.90625,0.000603923796690386,10,"gaussian","all finite selected distances; unit area over full domain",302,302,269,0,33,200
"All tissues","Weighted SuSiE-mix","CSs without a shared biological lead SNP",-153.515625,0.000595778853434439,10,"gaussian","all finite selected distances; unit area over full domain",302,302,269,0,33,200
"All tissues","Weighted SuSiE-mix","CSs without a shared biological lead SNP",-153.125,0.000587456371701497,10,"gaussian","all finite selected distances; unit area over full domain",302,302,269,0,33,200
"All tissues","Weighted SuSiE-mix","CSs without a shared biological lead SNP",-152.734375,0.00057900351040596,10,"gaussian","all finite selected distances; unit area over full domain",302,302,269,0,33,200
"All tissues","Weighted SuSiE-mix","CSs without a shared biological lead SNP",-152.34375,0.000570452655637945,10,"gaussian","all finite selected distances; unit area over full domain",302,302,269,0,33,200
"All tissues","Weighted SuSiE-mix","CSs without a shared biological lead SNP",-151.953125,0.000561849746462923,10,"gaussian","all finite selected distances; unit area over full domain",302,302,269,0,33,200
"All tissues","Weighted SuSiE-mix","CSs without a shared biological lead SNP",-151.5625,0.000553236453811077,10,"gaussian","all finite selected distances; unit area over full domain",302,302,269,0,33,200
"All tissues","Weighted SuSiE-mix","CSs without a shared biological lead SNP",-151.171875,0.000544654276827269,10,"gaussian","all finite selected distances; unit area over full domain",302,302,269,0,33,200
"All tissues","Weighted SuSiE-mix","CSs without a shared biological lead SNP",-150.78125,0.000536147640346797,10,"gaussian","all finite selected distances; unit area over full domain",302,302,269,0,33,200
"All tissues","Weighted SuSiE-mix","CSs without a shared biological lead SNP",-150.390625,0.000527750613411408,10,"gaussian","all finite selected distances; unit area over full domain",302,302,269,0,33,200
"All tissues","Weighted SuSiE-mix","CSs without a shared biological lead SNP",-150,0.000519511655698934,10,"gaussian","all finite selected distances; unit area over full domain",302,302,269,0,33,200
"All tissues","Weighted SuSiE-mix","CSs without a shared biological lead SNP",-149.609375,0.00051147078993815,10,"gaussian","all finite selected distances; unit area over full domain",302,302,269,0,33,200
"All tissues","Weighted SuSiE-mix","CSs without a shared biological lead SNP",-149.21875,0.000503652889845366,10,"gaussian","all finite selected distances; unit area over full domain",302,302,269,0,33,200
"All tissues","Weighted SuSiE-mix","CSs without a shared biological lead SNP",-148.828125,0.000496110938216544,10,"gaussian","all finite selected distances; unit area over full domain",302,302,269,0,33,200
"All tissues","Weighted SuSiE-mix","CSs without a shared biological lead SNP",-148.4375,0.000488878073681204,10,"gaussian","all finite selected distances; unit area over full domain",302,302,269,0,33,200
"All tissues","Weighted SuSiE-mix","CSs without a shared biological lead SNP",-148.046875,0.000481968997077441,10,"gaussian","all finite selected distances; unit area over full domain",302,302,269,0,33,200
"All tissues","Weighted SuSiE-mix","CSs without a shared biological lead SNP",-147.65625,0.000475438680182553,10,"gaussian","all finite selected distances; unit area over full domain",302,302,269,0,33,200
"All tissues","Weighted SuSiE-mix","CSs without a shared biological lead SNP",-147.265625,0.000469311485683959,10,"gaussian","all finite selected distances; unit area over full domain",302,302,269,0,33,200
"All tissues","Weighted SuSiE-mix","CSs without a shared biological lead SNP",-146.875,0.000463591622169532,10,"gaussian","all finite selected distances; unit area over full domain",302,302,269,0,33,200
"All tissues","Weighted SuSiE-mix","CSs without a shared biological lead SNP",-146.484375,0.000458333605278717,10,"gaussian","all finite selected distances; unit area over full domain",302,302,269,0,33,200
"All tissues","Weighted SuSiE-mix","CSs without a shared biological lead SNP",-146.09375,0.000453551844355707,10,"gaussian","all finite selected distances; unit area over full domain",302,302,269,0,33,200
"All tissues","Weighted SuSiE-mix","CSs without a shared biological lead SNP",-145.703125,0.000449240383691722,10,"gaussian","all finite selected distances; unit area over full domain",302,302,269,0,33,200
"All tissues","Weighted SuSiE-mix","CSs without a shared biological lead SNP",-145.3125,0.00044545109568076,10,"gaussian","all finite selected distances; unit area over full domain",302,302,269,0,33,200
"All tissues","Weighted SuSiE-mix","CSs without a shared biological lead SNP",-144.921875,0.000442188030359844,10,"gaussian","all finite selected distances; unit area over full domain",302,302,269,0,33,200
"All tissues","Weighted SuSiE-mix","CSs without a shared biological lead SNP",-144.53125,0.000439435984052668,10,"gaussian","all finite selected distances; unit area over full domain",302,302,269,0,33,200
"All tissues","Weighted SuSiE-mix","CSs without a shared biological lead SNP",-144.140625,0.000437242397806473,10,"gaussian","all finite selected distances; unit area over full domain",302,302,269,0,33,200
"All tissues","Weighted SuSiE-mix","CSs without a shared biological lead SNP",-143.75,0.000435601317494429,10,"gaussian","all finite selected distances; unit area over full domain",302,302,269,0,33,200
"All tissues","Weighted SuSiE-mix","CSs without a shared biological lead SNP",-143.359375,0.000434489698254333,10,"gaussian","all finite selected distances; unit area over full domain",302,302,269,0,33,200
"All tissues","Weighted SuSiE-mix","CSs without a shared biological lead SNP",-142.96875,0.000433949266242777,10,"gaussian","all finite selected distances; unit area over full domain",302,302,269,0,33,200
"All tissues","Weighted SuSiE-mix","CSs without a shared biological lead SNP",-142.578125,0.000433965108248652,10,"gaussian","all finite selected distances; unit area over full domain",302,302,269,0,33,200
"All tissues","Weighted SuSiE-mix","CSs without a shared biological lead SNP",-142.1875,0.000434508110341609,10,"gaussian","all finite selected distances; unit area over full domain",302,302,269,0,33,200
"All tissues","Weighted SuSiE-mix","CSs without a shared biological lead SNP",-141.796875,0.000435613571450808,10,"gaussian","all finite selected distances; unit area over full domain",302,302,269,0,33,200
"All tissues","Weighted SuSiE-mix","CSs without a shared biological lead SNP",-141.40625,0.000437259233774829,10,"gaussian","all finite selected distances; unit area over full domain",302,302,269,0,33,200
"All tissues","Weighted SuSiE-mix","CSs without a shared biological lead SNP",-141.015625,0.000439411912304866,10,"gaussian","all finite selected distances; unit area over full domain",302,302,269,0,33,200
"All tissues","Weighted SuSiE-mix","CSs without a shared biological lead SNP",-140.625,0.000442100365511328,10,"gaussian","all finite selected distances; unit area over full domain",302,302,269,0,33,200
"All tissues","Weighted SuSiE-mix","CSs without a shared biological lead SNP",-140.234375,0.000445297019565814,10,"gaussian","all finite selected distances; unit area over full domain",302,302,269,0,33,200
"All tissues","Weighted SuSiE-mix","CSs without a shared biological lead SNP",-139.84375,0.000448966700776164,10,"gaussian","all finite selected distances; unit area over full domain",302,302,269,0,33,200
"All tissues","Weighted SuSiE-mix","CSs without a shared biological lead SNP",-139.453125,0.000453132105095223,10,"gaussian","all finite selected distances; unit area over full domain",302,302,269,0,33,200
"All tissues","Weighted SuSiE-mix","CSs without a shared biological lead SNP",-139.0625,0.000457762610587013,10,"gaussian","all finite selected distances; unit area over full domain",302,302,269,0,33,200
"All tissues","Weighted SuSiE-mix","CSs without a shared biological lead SNP",-138.671875,0.00046282308871458,10,"gaussian","all finite selected distances; unit area over full domain",302,302,269,0,33,200
"All tissues","Weighted SuSiE-mix","CSs without a shared biological lead SNP",-138.28125,0.00046833120282,10,"gaussian","all finite selected distances; unit area over full domain",302,302,269,0,33,200
"All tissues","Weighted SuSiE-mix","CSs without a shared biological lead SNP",-137.890625,0.000474255610512683,10,"gaussian","all finite selected distances; unit area over full domain",302,302,269,0,33,200
"All tissues","Weighted SuSiE-mix","CSs without a shared biological lead SNP",-137.5,0.000480563096959834,10,"gaussian","all finite selected distances; unit area over full domain",302,302,269,0,33,200
"All tissues","Weighted SuSiE-mix","CSs without a shared biological lead SNP",-137.109375,0.000487267809267873,10,"gaussian","all finite selected distances; unit area over full domain",302,302,269,0,33,200
"All tissues","Weighted SuSiE-mix","CSs without a shared biological lead SNP",-136.71875,0.000494339899463107,10,"gaussian","all finite selected distances; unit area over full domain",302,302,269,0,33,200
"All tissues","Weighted SuSiE-mix","CSs without a shared biological lead SNP",-136.328125,0.000501749673677705,10,"gaussian","all finite selected distances; unit area over full domain",302,302,269,0,33,200
"All tissues","Weighted SuSiE-mix","CSs without a shared biological lead SNP",-135.9375,0.000509509678194282,10,"gaussian","all finite selected distances; unit area over full domain",302,302,269,0,33,200
"All tissues","Weighted SuSiE-mix","CSs without a shared biological lead SNP",-135.546875,0.000517593504947964,10,"gaussian","all finite selected distances; unit area over full domain",302,302,269,0,33,200
"All tissues","Weighted SuSiE-mix","CSs without a shared biological lead SNP",-135.15625,0.00052597625314395,10,"gaussian","all finite selected distances; unit area over full domain",302,302,269,0,33,200
"All tissues","Weighted SuSiE-mix","CSs without a shared biological lead SNP",-134.765625,0.000534671076375192,10,"gaussian","all finite selected distances; unit area over full domain",302,302,269,0,33,200
"All tissues","Weighted SuSiE-mix","CSs without a shared biological lead SNP",-134.375,0.000543656547516799,10,"gaussian","all finite selected distances; unit area over full domain",302,302,269,0,33,200
"All tissues","Weighted SuSiE-mix","CSs without a shared biological lead SNP",-133.984375,0.000552913442984184,10,"gaussian","all finite selected distances; unit area over full domain",302,302,269,0,33,200
"All tissues","Weighted SuSiE-mix","CSs without a shared biological lead SNP",-133.59375,0.000562457900945604,10,"gaussian","all finite selected distances; unit area over full domain",302,302,269,0,33,200
"All tissues","Weighted SuSiE-mix","CSs without a shared biological lead SNP",-133.203125,0.000572274501309682,10,"gaussian","all finite selected distances; unit area over full domain",302,302,269,0,33,200
"All tissues","Weighted SuSiE-mix","CSs without a shared biological lead SNP",-132.8125,0.000582350159523966,10,"gaussian","all finite selected distances; unit area over full domain",302,302,269,0,33,200
"All tissues","Weighted SuSiE-mix","CSs without a shared biological lead SNP",-132.421875,0.000592706404476955,10,"gaussian","all finite selected distances; unit area over full domain",302,302,269,0,33,200
"All tissues","Weighted SuSiE-mix","CSs without a shared biological lead SNP",-132.03125,0.000603334250156487,10,"gaussian","all finite selected distances; unit area over full domain",302,302,269,0,33,200
"All tissues","Weighted SuSiE-mix","CSs without a shared biological lead SNP",-131.640625,0.000614226771809303,10,"gaussian","all finite selected distances; unit area over full domain",302,302,269,0,33,200
"All tissues","Weighted SuSiE-mix","CSs without a shared biological lead SNP",-131.25,0.000625413167782936,10,"gaussian","all finite selected distances; unit area over full domain",302,302,269,0,33,200
"All tissues","Weighted SuSiE-mix","CSs without a shared biological lead SNP",-130.859375,0.000636890658192946,10,"gaussian","all finite selected distances; unit area over full domain",302,302,269,0,33,200
"All tissues","Weighted SuSiE-mix","CSs without a shared biological lead SNP",-130.46875,0.000648658052634424,10,"gaussian","all finite selected distances; unit area over full domain",302,302,269,0,33,200
"All tissues","Weighted SuSiE-mix","CSs without a shared biological lead SNP",-130.078125,0.000660754199899005,10,"gaussian","all finite selected distances; unit area over full domain",302,302,269,0,33,200
"All tissues","Weighted SuSiE-mix","CSs without a shared biological lead SNP",-129.6875,0.0006731816184638,10,"gaussian","all finite selected distances; unit area over full domain",302,302,269,0,33,200
"All tissues","Weighted SuSiE-mix","CSs without a shared biological lead SNP",-129.296875,0.000685943988671697,10,"gaussian","all finite selected distances; unit area over full domain",302,302,269,0,33,200
"All tissues","Weighted SuSiE-mix","CSs without a shared biological lead SNP",-128.90625,0.000699091313299258,10,"gaussian","all finite selected distances; unit area over full domain",302,302,269,0,33,200
"All tissues","Weighted SuSiE-mix","CSs without a shared biological lead SNP",-128.515625,0.000712629832639515,10,"gaussian","all finite selected distances; unit area over full domain",302,302,269,0,33,200
"All tissues","Weighted SuSiE-mix","CSs without a shared biological lead SNP",-128.125,0.000726566819014225,10,"gaussian","all finite selected distances; unit area over full domain",302,302,269,0,33,200
"All tissues","Weighted SuSiE-mix","CSs without a shared biological lead SNP",-127.734375,0.000740964274803097,10,"gaussian","all finite selected distances; unit area over full domain",302,302,269,0,33,200
"All tissues","Weighted SuSiE-mix","CSs without a shared biological lead SNP",-127.34375,0.000755829969890007,10,"gaussian","all finite selected distances; unit area over full domain",302,302,269,0,33,200
"All tissues","Weighted SuSiE-mix","CSs without a shared biological lead SNP",-126.953125,0.000771173115973001,10,"gaussian","all finite selected distances; unit area over full domain",302,302,269,0,33,200
"All tissues","Weighted SuSiE-mix","CSs without a shared biological lead SNP",-126.5625,0.000787067734298098,10,"gaussian","all finite selected distances; unit area over full domain",302,302,269,0,33,200
"All tissues","Weighted SuSiE-mix","CSs without a shared biological lead SNP",-126.171875,0.000803520418131611,10,"gaussian","all finite selected distances; unit area over full domain",302,302,269,0,33,200
"All tissues","Weighted SuSiE-mix","CSs without a shared biological lead SNP",-125.78125,0.000820540356118635,10,"gaussian","all finite selected distances; unit area over full domain",302,302,269,0,33,200
"All tissues","Weighted SuSiE-mix","CSs without a shared biological lead SNP",-125.390625,0.000838212641538905,10,"gaussian","all finite selected distances; unit area over full domain",302,302,269,0,33,200
"All tissues","Weighted SuSiE-mix","CSs without a shared biological lead SNP",-125,0.000856539626041723,10,"gaussian","all finite selected distances; unit area over full domain",302,302,269,0,33,200
"All tissues","Weighted SuSiE-mix","CSs without a shared biological lead SNP",-124.609375,0.00087552829348581,10,"gaussian","all finite selected distances; unit area over full domain",302,302,269,0,33,200
"All tissues","Weighted SuSiE-mix","CSs without a shared biological lead SNP",-124.21875,0.000895272804187226,10,"gaussian","all finite selected distances; unit area over full domain",302,302,269,0,33,200
"All tissues","Weighted SuSiE-mix","CSs without a shared biological lead SNP",-123.828125,0.000915768053969597,10,"gaussian","all finite selected distances; unit area over full domain",302,302,269,0,33,200
"All tissues","Weighted SuSiE-mix","CSs without a shared biological lead SNP",-123.4375,0.000937016539698511,10,"gaussian","all finite selected distances; unit area over full domain",302,302,269,0,33,200
"All tissues","Weighted SuSiE-mix","CSs without a shared biological lead SNP",-123.046875,0.00095911840009133,10,"gaussian","all finite selected distances; unit area over full domain",302,302,269,0,33,200
"All tissues","Weighted SuSiE-mix","CSs without a shared biological lead SNP",-122.65625,0.000982057970303608,10,"gaussian","all finite selected distances; unit area over full domain",302,302,269,0,33,200
"All tissues","Weighted SuSiE-mix","CSs without a shared biological lead SNP",-122.265625,0.00100583102294692,10,"gaussian","all finite selected distances; unit area over full domain",302,302,269,0,33,200
"All tissues","Weighted SuSiE-mix","CSs without a shared biological lead SNP",-121.875,0.00103053955986757,10,"gaussian","all finite selected distances; unit area over full domain",302,302,269,0,33,200
"All tissues","Weighted SuSiE-mix","CSs without a shared biological lead SNP",-121.484375,0.00105615465435742,10,"gaussian","all finite selected distances; unit area over full domain",302,302,269,0,33,200
"All tissues","Weighted SuSiE-mix","CSs without a shared biological lead SNP",-121.09375,0.00108266332823088,10,"gaussian","all finite selected distances; unit area over full domain",302,302,269,0,33,200
"All tissues","Weighted SuSiE-mix","CSs without a shared biological lead SNP",-120.703125,0.00111016445374096,10,"gaussian","all finite selected distances; unit area over full domain",302,302,269,0,33,200
"All tissues","Weighted SuSiE-mix","CSs without a shared biological lead SNP",-120.3125,0.00113861385317404,10,"gaussian","all finite selected distances; unit area over full domain",302,302,269,0,33,200
"All tissues","Weighted SuSiE-mix","CSs without a shared biological lead SNP",-119.921875,0.00116798815684107,10,"gaussian","all finite selected distances; unit area over full domain",302,302,269,0,33,200
"All tissues","Weighted SuSiE-mix","CSs without a shared biological lead SNP",-119.53125,0.00119837747948858,10,"gaussian","all finite selected distances; unit area over full domain",302,302,269,0,33,200
"All tissues","Weighted SuSiE-mix","CSs without a shared biological lead SNP",-119.140625,0.00122972140912475,10,"gaussian","all finite selected distances; unit area over full domain",302,302,269,0,33,200
"All tissues","Weighted SuSiE-mix","CSs without a shared biological lead SNP",-118.75,0.00126198509903887,10,"gaussian","all finite selected distances; unit area over full domain",302,302,269,0,33,200
"All tissues","Weighted SuSiE-mix","CSs without a shared biological lead SNP",-118.359375,0.00129524396908626,10,"gaussian","all finite selected distances; unit area over full domain",302,302,269,0,33,200
"All tissues","Weighted SuSiE-mix","CSs without a shared biological lead SNP",-117.96875,0.0013294216417111,10,"gaussian","all finite selected distances; unit area over full domain",302,302,269,0,33,200
"All tissues","Weighted SuSiE-mix","CSs without a shared biological lead SNP",-117.578125,0.00136447140877258,10,"gaussian","all finite selected distances; unit area over full domain",302,302,269,0,33,200
"All tissues","Weighted SuSiE-mix","CSs without a shared biological lead SNP",-117.1875,0.00140044813721137,10,"gaussian","all finite selected distances; unit area over full domain",302,302,269,0,33,200
"All tissues","Weighted SuSiE-mix","CSs without a shared biological lead SNP",-116.796875,0.00143726116961179,10,"gaussian","all finite selected distances; unit area over full domain",302,302,269,0,33,200
"All tissues","Weighted SuSiE-mix","CSs without a shared biological lead SNP",-116.40625,0.00147485235766384,10,"gaussian","all finite selected distances; unit area over full domain",302,302,269,0,33,200
"All tissues","Weighted SuSiE-mix","CSs without a shared biological lead SNP",-116.015625,0.00151325065896954,10,"gaussian","all finite selected distances; unit area over full domain",302,302,269,0,33,200
"All tissues","Weighted SuSiE-mix","CSs without a shared biological lead SNP",-115.625,0.00155235429392235,10,"gaussian","all finite selected distances; unit area over full domain",302,302,269,0,33,200
"All tissues","Weighted SuSiE-mix","CSs without a shared biological lead SNP",-115.234375,0.00159209494859705,10,"gaussian","all finite selected distances; unit area over full domain",302,302,269,0,33,200
"All tissues","Weighted SuSiE-mix","CSs without a shared biological lead SNP",-114.84375,0.00163247123590971,10,"gaussian","all finite selected distances; unit area over full domain",302,302,269,0,33,200
"All tissues","Weighted SuSiE-mix","CSs without a shared biological lead SNP",-114.453125,0.00167337480899039,10,"gaussian","all finite selected distances; unit area over full domain",302,302,269,0,33,200
"All tissues","Weighted SuSiE-mix","CSs without a shared biological lead SNP",-114.0625,0.00171472929615456,10,"gaussian","all finite selected distances; unit area over full domain",302,302,269,0,33,200
"All tissues","Weighted SuSiE-mix","CSs without a shared biological lead SNP",-113.671875,0.00175649982950869,10,"gaussian","all finite selected distances; unit area over full domain",302,302,269,0,33,200
"All tissues","Weighted SuSiE-mix","CSs without a shared biological lead SNP",-113.28125,0.00179857723616267,10,"gaussian","all finite selected distances; unit area over full domain",302,302,269,0,33,200
"All tissues","Weighted SuSiE-mix","CSs without a shared biological lead SNP",-112.890625,0.0018408799364168,10,"gaussian","all finite selected distances; unit area over full domain",302,302,269,0,33,200
"All tissues","Weighted SuSiE-mix","CSs without a shared biological lead SNP",-112.5,0.00188333804512271,10,"gaussian","all finite selected distances; unit area over full domain",302,302,269,0,33,200
"All tissues","Weighted SuSiE-mix","CSs without a shared biological lead SNP",-112.109375,0.00192584815246009,10,"gaussian","all finite selected distances; unit area over full domain",302,302,269,0,33,200
"All tissues","Weighted SuSiE-mix","CSs without a shared biological lead SNP",-111.71875,0.00196832690361262,10,"gaussian","all finite selected distances; unit area over full domain",302,302,269,0,33,200
"All tissues","Weighted SuSiE-mix","CSs without a shared biological lead SNP",-111.328125,0.00201066965246919,10,"gaussian","all finite selected distances; unit area over full domain",302,302,269,0,33,200
"All tissues","Weighted SuSiE-mix","CSs without a shared biological lead SNP",-110.9375,0.0020527857472124,10,"gaussian","all finite selected distances; unit area over full domain",302,302,269,0,33,200
"All tissues","Weighted SuSiE-mix","CSs without a shared biological lead SNP",-110.546875,0.00209459385979877,10,"gaussian","all finite selected distances; unit area over full domain",302,302,269,0,33,200
"All tissues","Weighted SuSiE-mix","CSs without a shared biological lead SNP",-110.15625,0.00213595669839811,10,"gaussian","all finite selected distances; unit area over full domain",302,302,269,0,33,200
"All tissues","Weighted SuSiE-mix","CSs without a shared biological lead SNP",-109.765625,0.00217680326146214,10,"gaussian","all finite selected distances; unit area over full domain",302,302,269,0,33,200
"All tissues","Weighted SuSiE-mix","CSs without a shared biological lead SNP",-109.375,0.00221705816739469,10,"gaussian","all finite selected distances; unit area over full domain",302,302,269,0,33,200
"All tissues","Weighted SuSiE-mix","CSs without a shared biological lead SNP",-108.984375,0.00225655538520827,10,"gaussian","all finite selected distances; unit area over full domain",302,302,269,0,33,200
"All tissues","Weighted SuSiE-mix","CSs without a shared biological lead SNP",-108.59375,0.00229524982406613,10,"gaussian","all finite selected distances; unit area over full domain",302,302,269,0,33,200
"All tissues","Weighted SuSiE-mix","CSs without a shared biological lead SNP",-108.203125,0.00233307582065302,10,"gaussian","all finite selected distances; unit area over full domain",302,302,269,0,33,200
"All tissues","Weighted SuSiE-mix","CSs without a shared biological lead SNP",-107.8125,0.00236984410715426,10,"gaussian","all finite selected distances; unit area over full domain",302,302,269,0,33,200
"All tissues","Weighted SuSiE-mix","CSs without a shared biological lead SNP",-107.421875,0.00240554063143619,10,"gaussian","all finite selected distances; unit area over full domain",302,302,269,0,33,200
"All tissues","Weighted SuSiE-mix","CSs without a shared biological lead SNP",-107.03125,0.00244011281641188,10,"gaussian","all finite selected distances; unit area over full domain",302,302,269,0,33,200
"All tissues","Weighted SuSiE-mix","CSs without a shared biological lead SNP",-106.640625,0.00247335494972093,10,"gaussian","all finite selected distances; unit area over full domain",302,302,269,0,33,200
"All tissues","Weighted SuSiE-mix","CSs without a shared biological lead SNP",-106.25,0.00250528758792577,10,"gaussian","all finite selected distances; unit area over full domain",302,302,269,0,33,200
"All tissues","Weighted SuSiE-mix","CSs without a shared biological lead SNP",-105.859375,0.00253587398016165,10,"gaussian","all finite selected distances; unit area over full domain",302,302,269,0,33,200
"All tissues","Weighted SuSiE-mix","CSs without a shared biological lead SNP",-105.46875,0.00256489966240393,10,"gaussian","all finite selected distances; unit area over full domain",302,302,269,0,33,200
"All tissues","Weighted SuSiE-mix","CSs without a shared biological lead SNP",-105.078125,0.00259242149991701,10,"gaussian","all finite selected distances; unit area over full domain",302,302,269,0,33,200
"All tissues","Weighted SuSiE-mix","CSs without a shared biological lead SNP",-104.6875,0.00261842050617984,10,"gaussian","all finite selected distances; unit area over full domain",302,302,269,0,33,200
"All tissues","Weighted SuSiE-mix","CSs without a shared biological lead SNP",-104.296875,0.00264268161836396,10,"gaussian","all finite selected distances; unit area over full domain",302,302,269,0,33,200
"All tissues","Weighted SuSiE-mix","CSs without a shared biological lead SNP",-103.90625,0.00266529766830719,10,"gaussian","all finite selected distances; unit area over full domain",302,302,269,0,33,200
"All tissues","Weighted SuSiE-mix","CSs without a shared biological lead SNP",-103.515625,0.00268626845837905,10,"gaussian","all finite selected distances; unit area over full domain",302,302,269,0,33,200
"All tissues","Weighted SuSiE-mix","CSs without a shared biological lead SNP",-103.125,0.00270538648183894,10,"gaussian","all finite selected distances; unit area over full domain",302,302,269,0,33,200
"All tissues","Weighted SuSiE-mix","CSs without a shared biological lead SNP",-102.734375,0.00272277813234233,10,"gaussian","all finite selected distances; unit area over full domain",302,302,269,0,33,200
"All tissues","Weighted SuSiE-mix","CSs without a shared biological lead SNP",-102.34375,0.00273846206771403,10,"gaussian","all finite selected distances; unit area over full domain",302,302,269,0,33,200
"All tissues","Weighted SuSiE-mix","CSs without a shared biological lead SNP",-101.953125,0.00275224605101832,10,"gaussian","all finite selected distances; unit area over full domain",302,302,269,0,33,200
"All tissues","Weighted SuSiE-mix","CSs without a shared biological lead SNP",-101.5625,0.00276428569862544,10,"gaussian","all finite selected distances; unit area over full domain",302,302,269,0,33,200
"All tissues","Weighted SuSiE-mix","CSs without a shared biological lead SNP",-101.171875,0.0027746176535285,10,"gaussian","all finite selected distances; unit area over full domain",302,302,269,0,33,200
"All tissues","Weighted SuSiE-mix","CSs without a shared biological lead SNP",-100.78125,0.00278307182009877,10,"gaussian","all finite selected distances; unit area over full domain",302,302,269,0,33,200
"All tissues","Weighted SuSiE-mix","CSs without a shared biological lead SNP",-100.390625,0.00278982702509922,10,"gaussian","all finite selected distances; unit area over full domain",302,302,269,0,33,200
"All tissues","Weighted SuSiE-mix","CSs without a shared biological lead SNP",-100,0.00279493616869276,10,"gaussian","all finite selected distances; unit area over full domain",302,302,269,0,33,200
"All tissues","Weighted SuSiE-mix","CSs without a shared biological lead SNP",-99.609375,0.00279825698804951,10,"gaussian","all finite selected distances; unit area over full domain",302,302,269,0,33,200
"All tissues","Weighted SuSiE-mix","CSs without a shared biological lead SNP",-99.21875,0.0027999842028534,10,"gaussian","all finite selected distances; unit area over full domain",302,302,269,0,33,200
"All tissues","Weighted SuSiE-mix","CSs without a shared biological lead SNP",-98.828125,0.0028001845102781,10,"gaussian","all finite selected distances; unit area over full domain",302,302,269,0,33,200
"All tissues","Weighted SuSiE-mix","CSs without a shared biological lead SNP",-98.4375,0.00279874773139319,10,"gaussian","all finite selected distances; unit area over full domain",302,302,269,0,33,200
"All tissues","Weighted SuSiE-mix","CSs without a shared biological lead SNP",-98.046875,0.00279587629913177,10,"gaussian","all finite selected distances; unit area over full domain",302,302,269,0,33,200
"All tissues","Weighted SuSiE-mix","CSs without a shared biological lead SNP",-97.65625,0.00279164767363942,10,"gaussian","all finite selected distances; unit area over full domain",302,302,269,0,33,200
"All tissues","Weighted SuSiE-mix","CSs without a shared biological lead SNP",-97.265625,0.00278598639530863,10,"gaussian","all finite selected distances; unit area over full domain",302,302,269,0,33,200
"All tissues","Weighted SuSiE-mix","CSs without a shared biological lead SNP",-96.875,0.00277909405197065,10,"gaussian","all finite selected distances; unit area over full domain",302,302,269,0,33,200
"All tissues","Weighted SuSiE-mix","CSs without a shared biological lead SNP",-96.484375,0.0027710554359924,10,"gaussian","all finite selected distances; unit area over full domain",302,302,269,0,33,200
"All tissues","Weighted SuSiE-mix","CSs without a shared biological lead SNP",-96.09375,0.00276183073894764,10,"gaussian","all finite selected distances; unit area over full domain",302,302,269,0,33,200
"All tissues","Weighted SuSiE-mix","CSs without a shared biological lead SNP",-95.703125,0.00275161225746128,10,"gaussian","all finite selected distances; unit area over full domain",302,302,269,0,33,200
"All tissues","Weighted SuSiE-mix","CSs without a shared biological lead SNP",-95.3125,0.00274048847226548,10,"gaussian","all finite selected distances; unit area over full domain",302,302,269,0,33,200
"All tissues","Weighted SuSiE-mix","CSs without a shared biological lead SNP",-94.921875,0.00272845445226719,10,"gaussian","all finite selected distances; unit area over full domain",302,302,269,0,33,200
"All tissues","Weighted SuSiE-mix","CSs without a shared biological lead SNP",-94.53125,0.00271568533780509,10,"gaussian","all finite selected distances; unit area over full domain",302,302,269,0,33,200
"All tissues","Weighted SuSiE-mix","CSs without a shared biological lead SNP",-94.140625,0.00270226962099873,10,"gaussian","all finite selected distances; unit area over full domain",302,302,269,0,33,200
"All tissues","Weighted SuSiE-mix","CSs without a shared biological lead SNP",-93.75,0.00268823484789763,10,"gaussian","all finite selected distances; unit area over full domain",302,302,269,0,33,200
"All tissues","Weighted SuSiE-mix","CSs without a shared biological lead SNP",-93.359375,0.00267373214056573,10,"gaussian","all finite selected distances; unit area over full domain",302,302,269,0,33,200
"All tissues","Weighted SuSiE-mix","CSs without a shared biological lead SNP",-92.96875,0.00265884646146755,10,"gaussian","all finite selected distances; unit area over full domain",302,302,269,0,33,200
"All tissues","Weighted SuSiE-mix","CSs without a shared biological lead SNP",-92.578125,0.00264363396230202,10,"gaussian","all finite selected distances; unit area over full domain",302,302,269,0,33,200
"All tissues","Weighted SuSiE-mix","CSs without a shared biological lead SNP",-92.1875,0.00262821624409375,10,"gaussian","all finite selected distances; unit area over full domain",302,302,269,0,33,200
"All tissues","Weighted SuSiE-mix","CSs without a shared biological lead SNP",-91.796875,0.00261267148791251,10,"gaussian","all finite selected distances; unit area over full domain",302,302,269,0,33,200
"All tissues","Weighted SuSiE-mix","CSs without a shared biological lead SNP",-91.40625,0.0025970793320763,10,"gaussian","all finite selected distances; unit area over full domain",302,302,269,0,33,200
"All tissues","Weighted SuSiE-mix","CSs without a shared biological lead SNP",-91.015625,0.00258152798891771,10,"gaussian","all finite selected distances; unit area over full domain",302,302,269,0,33,200
"All tissues","Weighted SuSiE-mix","CSs without a shared biological lead SNP",-90.625,0.0025660860304804,10,"gaussian","all finite selected distances; unit area over full domain",302,302,269,0,33,200
"All tissues","Weighted SuSiE-mix","CSs without a shared biological lead SNP",-90.234375,0.00255085049944333,10,"gaussian","all finite selected distances; unit area over full domain",302,302,269,0,33,200
"All tissues","Weighted SuSiE-mix","CSs without a shared biological lead SNP",-89.84375,0.0025358741723178,10,"gaussian","all finite selected distances; unit area over full domain",302,302,269,0,33,200
"All tissues","Weighted SuSiE-mix","CSs without a shared biological lead SNP",-89.453125,0.00252121372298166,10,"gaussian","all finite selected distances; unit area over full domain",302,302,269,0,33,200
"All tissues","Weighted SuSiE-mix","CSs without a shared biological lead SNP",-89.0625,0.0025069768878568,10,"gaussian","all finite selected distances; unit area over full domain",302,302,269,0,33,200
"All tissues","Weighted SuSiE-mix","CSs without a shared biological lead SNP",-88.671875,0.00249318086895794,10,"gaussian","all finite selected distances; unit area over full domain",302,302,269,0,33,200
"All tissues","Weighted SuSiE-mix","CSs without a shared biological lead SNP",-88.28125,0.0024798687835756,10,"gaussian","all finite selected distances; unit area over full domain",302,302,269,0,33,200
"All tissues","Weighted SuSiE-mix","CSs without a shared biological lead SNP",-87.890625,0.00246715209571562,10,"gaussian","all finite selected distances; unit area over full domain",302,302,269,0,33,200
"All tissues","Weighted SuSiE-mix","CSs without a shared biological lead SNP",-87.5,0.00245501418882333,10,"gaussian","all finite selected distances; unit area over full domain",302,302,269,0,33,200
"All tissues","Weighted SuSiE-mix","CSs without a shared biological lead SNP",-87.109375,0.00244348366368064,10,"gaussian","all finite selected distances; unit area over full domain",302,302,269,0,33,200
"All tissues","Weighted SuSiE-mix","CSs without a shared biological lead SNP",-86.71875,0.00243266888495682,10,"gaussian","all finite selected distances; unit area over full domain",302,302,269,0,33,200
"All tissues","Weighted SuSiE-mix","CSs without a shared biological lead SNP",-86.328125,0.0024225229508439,10,"gaussian","all finite selected distances; unit area over full domain",302,302,269,0,33,200
"All tissues","Weighted SuSiE-mix","CSs without a shared biological lead SNP",-85.9375,0.00241305972437669,10,"gaussian","all finite selected distances; unit area over full domain",302,302,269,0,33,200
"All tissues","Weighted SuSiE-mix","CSs without a shared biological lead SNP",-85.546875,0.00240437818018098,10,"gaussian","all finite selected distances; unit area over full domain",302,302,269,0,33,200
"All tissues","Weighted SuSiE-mix","CSs without a shared biological lead SNP",-85.15625,0.00239640622308463,10,"gaussian","all finite selected distances; unit area over full domain",302,302,269,0,33,200
"All tissues","Weighted SuSiE-mix","CSs without a shared biological lead SNP",-84.765625,0.00238914350451779,10,"gaussian","all finite selected distances; unit area over full domain",302,302,269,0,33,200
"All tissues","Weighted SuSiE-mix","CSs without a shared biological lead SNP",-84.375,0.00238267423045902,10,"gaussian","all finite selected distances; unit area over full domain",302,302,269,0,33,200
"All tissues","Weighted SuSiE-mix","CSs without a shared biological lead SNP",-83.984375,0.00237690744861066,10,"gaussian","all finite selected distances; unit area over full domain",302,302,269,0,33,200
"All tissues","Weighted SuSiE-mix","CSs without a shared biological lead SNP",-83.59375,0.00237182984550915,10,"gaussian","all finite selected distances; unit area over full domain",302,302,269,0,33,200
"All tissues","Weighted SuSiE-mix","CSs without a shared biological lead SNP",-83.203125,0.00236750672107568,10,"gaussian","all finite selected distances; unit area over full domain",302,302,269,0,33,200
"All tissues","Weighted SuSiE-mix","CSs without a shared biological lead SNP",-82.8125,0.00236383544876597,10,"gaussian","all finite selected distances; unit area over full domain",302,302,269,0,33,200
"All tissues","Weighted SuSiE-mix","CSs without a shared biological lead SNP",-82.421875,0.00236079165196012,10,"gaussian","all finite selected distances; unit area over full domain",302,302,269,0,33,200
"All tissues","Weighted SuSiE-mix","CSs without a shared biological lead SNP",-82.03125,0.00235841908439472,10,"gaussian","all finite selected distances; unit area over full domain",302,302,269,0,33,200
"All tissues","Weighted SuSiE-mix","CSs without a shared biological lead SNP",-81.640625,0.00235661101234905,10,"gaussian","all finite selected distances; unit area over full domain",302,302,269,0,33,200
"All tissues","Weighted SuSiE-mix","CSs without a shared biological lead SNP",-81.25,0.00235533444726568,10,"gaussian","all finite selected distances; unit area over full domain",302,302,269,0,33,200
"All tissues","Weighted SuSiE-mix","CSs without a shared biological lead SNP",-80.859375,0.00235461061291243,10,"gaussian","all finite selected distances; unit area over full domain",302,302,269,0,33,200
"All tissues","Weighted SuSiE-mix","CSs without a shared biological lead SNP",-80.46875,0.00235433611850847,10,"gaussian","all finite selected distances; unit area over full domain",302,302,269,0,33,200
"All tissues","Weighted SuSiE-mix","CSs without a shared biological lead SNP",-80.078125,0.00235447222048598,10,"gaussian","all finite selected distances; unit area over full domain",302,302,269,0,33,200
"All tissues","Weighted SuSiE-mix","CSs without a shared biological lead SNP",-79.6875,0.00235501832845149,10,"gaussian","all finite selected distances; unit area over full domain",302,302,269,0,33,200
"All tissues","Weighted SuSiE-mix","CSs without a shared biological lead SNP",-79.296875,0.00235588122069706,10,"gaussian","all finite selected distances; unit area over full domain",302,302,269,0,33,200
"All tissues","Weighted SuSiE-mix","CSs without a shared biological lead SNP",-78.90625,0.00235701967880372,10,"gaussian","all finite selected distances; unit area over full domain",302,302,269,0,33,200
"All tissues","Weighted SuSiE-mix","CSs without a shared biological lead SNP",-78.515625,0.0023584130489033,10,"gaussian","all finite selected distances; unit area over full domain",302,302,269,0,33,200
"All tissues","Weighted SuSiE-mix","CSs without a shared biological lead SNP",-78.125,0.00235998458705176,10,"gaussian","all finite selected distances; unit area over full domain",302,302,269,0,33,200
"All tissues","Weighted SuSiE-mix","CSs without a shared biological lead SNP",-77.734375,0.00236169329362559,10,"gaussian","all finite selected distances; unit area over full domain",302,302,269,0,33,200
"All tissues","Weighted SuSiE-mix","CSs without a shared biological lead SNP",-77.34375,0.00236350287796983,10,"gaussian","all finite selected distances; unit area over full domain",302,302,269,0,33,200
"All tissues","Weighted SuSiE-mix","CSs without a shared biological lead SNP",-76.953125,0.00236535661149532,10,"gaussian","all finite selected distances; unit area over full domain",302,302,269,0,33,200
"All tissues","Weighted SuSiE-mix","CSs without a shared biological lead SNP",-76.5625,0.00236721666042872,10,"gaussian","all finite selected distances; unit area over full domain",302,302,269,0,33,200
"All tissues","Weighted SuSiE-mix","CSs without a shared biological lead SNP",-76.171875,0.00236903658319877,10,"gaussian","all finite selected distances; unit area over full domain",302,302,269,0,33,200
"All tissues","Weighted SuSiE-mix","CSs without a shared biological lead SNP",-75.78125,0.00237078143308362,10,"gaussian","all finite selected distances; unit area over full domain",302,302,269,0,33,200
"All tissues","Weighted SuSiE-mix","CSs without a shared biological lead SNP",-75.390625,0.00237241916694373,10,"gaussian","all finite selected distances; unit area over full domain",302,302,269,0,33,200
"All tissues","Weighted SuSiE-mix","CSs without a shared biological lead SNP",-75,0.00237389915627841,10,"gaussian","all finite selected distances; unit area over full domain",302,302,269,0,33,200
"All tissues","Weighted SuSiE-mix","CSs without a shared biological lead SNP",-74.609375,0.00237520824722157,10,"gaussian","all finite selected distances; unit area over full domain",302,302,269,0,33,200
"All tissues","Weighted SuSiE-mix","CSs without a shared biological lead SNP",-74.21875,0.00237632228252976,10,"gaussian","all finite selected distances; unit area over full domain",302,302,269,0,33,200
"All tissues","Weighted SuSiE-mix","CSs without a shared biological lead SNP",-73.828125,0.00237719234870664,10,"gaussian","all finite selected distances; unit area over full domain",302,302,269,0,33,200
"All tissues","Weighted SuSiE-mix","CSs without a shared biological lead SNP",-73.4375,0.00237782542100025,10,"gaussian","all finite selected distances; unit area over full domain",302,302,269,0,33,200
"All tissues","Weighted SuSiE-mix","CSs without a shared biological lead SNP",-73.046875,0.00237820664787923,10,"gaussian","all finite selected distances; unit area over full domain",302,302,269,0,33,200
"All tissues","Weighted SuSiE-mix","CSs without a shared biological lead SNP",-72.65625,0.00237829415555516,10,"gaussian","all finite selected distances; unit area over full domain",302,302,269,0,33,200
"All tissues","Weighted SuSiE-mix","CSs without a shared biological lead SNP",-72.265625,0.00237811191918169,10,"gaussian","all finite selected distances; unit area over full domain",302,302,269,0,33,200
"All tissues","Weighted SuSiE-mix","CSs without a shared biological lead SNP",-71.875,0.00237765504563436,10,"gaussian","all finite selected distances; unit area over full domain",302,302,269,0,33,200
"All tissues","Weighted SuSiE-mix","CSs without a shared biological lead SNP",-71.484375,0.00237689300740624,10,"gaussian","all finite selected distances; unit area over full domain",302,302,269,0,33,200
"All tissues","Weighted SuSiE-mix","CSs without a shared biological lead SNP",-71.09375,0.00237586250664403,10,"gaussian","all finite selected distances; unit area over full domain",302,302,269,0,33,200
"All tissues","Weighted SuSiE-mix","CSs without a shared biological lead SNP",-70.703125,0.00237456846718586,10,"gaussian","all finite selected distances; unit area over full domain",302,302,269,0,33,200
"All tissues","Weighted SuSiE-mix","CSs without a shared biological lead SNP",-70.3125,0.00237299467143014,10,"gaussian","all finite selected distances; unit area over full domain",302,302,269,0,33,200
"All tissues","Weighted SuSiE-mix","CSs without a shared biological lead SNP",-69.921875,0.00237118553859079,10,"gaussian","all finite selected distances; unit area over full domain",302,302,269,0,33,200
"All tissues","Weighted SuSiE-mix","CSs without a shared biological lead SNP",-69.53125,0.00236915491550703,10,"gaussian","all finite selected distances; unit area over full domain",302,302,269,0,33,200
"All tissues","Weighted SuSiE-mix","CSs without a shared biological lead SNP",-69.140625,0.00236690233559961,10,"gaussian","all finite selected distances; unit area over full domain",302,302,269,0,33,200
"All tissues","Weighted SuSiE-mix","CSs without a shared biological lead SNP",-68.75,0.0023644746430325,10,"gaussian","all finite selected distances; unit area over full domain",302,302,269,0,33,200
"All tissues","Weighted SuSiE-mix","CSs without a shared biological lead SNP",-68.359375,0.0023618930681391,10,"gaussian","all finite selected distances; unit area over full domain",302,302,269,0,33,200
"All tissues","Weighted SuSiE-mix","CSs without a shared biological lead SNP",-67.96875,0.00235917279262124,10,"gaussian","all finite selected distances; unit area over full domain",302,302,269,0,33,200
"All tissues","Weighted SuSiE-mix","CSs without a shared biological lead SNP",-67.578125,0.00235635797196037,10,"gaussian","all finite selected distances; unit area over full domain",302,302,269,0,33,200
"All tissues","Weighted SuSiE-mix","CSs without a shared biological lead SNP",-67.1875,0.00235347519680238,10,"gaussian","all finite selected distances; unit area over full domain",302,302,269,0,33,200
"All tissues","Weighted SuSiE-mix","CSs without a shared biological lead SNP",-66.796875,0.00235055378256343,10,"gaussian","all finite selected distances; unit area over full domain",302,302,269,0,33,200
"All tissues","Weighted SuSiE-mix","CSs without a shared biological lead SNP",-66.40625,0.00234763068431679,10,"gaussian","all finite selected distances; unit area over full domain",302,302,269,0,33,200
"All tissues","Weighted SuSiE-mix","CSs without a shared biological lead SNP",-66.015625,0.00234473554641499,10,"gaussian","all finite selected distances; unit area over full domain",302,302,269,0,33,200
"All tissues","Weighted SuSiE-mix","CSs without a shared biological lead SNP",-65.625,0.00234190915525791,10,"gaussian","all finite selected distances; unit area over full domain",302,302,269,0,33,200
"All tissues","Weighted SuSiE-mix","CSs without a shared biological lead SNP",-65.234375,0.00233917770284817,10,"gaussian","all finite selected distances; unit area over full domain",302,302,269,0,33,200
"All tissues","Weighted SuSiE-mix","CSs without a shared biological lead SNP",-64.84375,0.00233657151519958,10,"gaussian","all finite selected distances; unit area over full domain",302,302,269,0,33,200
"All tissues","Weighted SuSiE-mix","CSs without a shared biological lead SNP",-64.453125,0.00233413939847491,10,"gaussian","all finite selected distances; unit area over full domain",302,302,269,0,33,200
"All tissues","Weighted SuSiE-mix","CSs without a shared biological lead SNP",-64.0625,0.00233189440848824,10,"gaussian","all finite selected distances; unit area over full domain",302,302,269,0,33,200
"All tissues","Weighted SuSiE-mix","CSs without a shared biological lead SNP",-63.671875,0.00232986532889409,10,"gaussian","all finite selected distances; unit area over full domain",302,302,269,0,33,200
"All tissues","Weighted SuSiE-mix","CSs without a shared biological lead SNP",-63.28125,0.00232810515696957,10,"gaussian","all finite selected distances; unit area over full domain",302,302,269,0,33,200
"All tissues","Weighted SuSiE-mix","CSs without a shared biological lead SNP",-62.890625,0.00232661274421601,10,"gaussian","all finite selected distances; unit area over full domain",302,302,269,0,33,200
"All tissues","Weighted SuSiE-mix","CSs without a shared biological lead SNP",-62.5,0.00232541344374424,10,"gaussian","all finite selected distances; unit area over full domain",302,302,269,0,33,200
"All tissues","Weighted SuSiE-mix","CSs without a shared biological lead SNP",-62.109375,0.00232456065260119,10,"gaussian","all finite selected distances; unit area over full domain",302,302,269,0,33,200
"All tissues","Weighted SuSiE-mix","CSs without a shared biological lead SNP",-61.71875,0.0023240392408497,10,"gaussian","all finite selected distances; unit area over full domain",302,302,269,0,33,200
"All tissues","Weighted SuSiE-mix","CSs without a shared biological lead SNP",-61.328125,0.00232386972341169,10,"gaussian","all finite selected distances; unit area over full domain",302,302,269,0,33,200
"All tissues","Weighted SuSiE-mix","CSs without a shared biological lead SNP",-60.9375,0.00232410251673067,10,"gaussian","all finite selected distances; unit area over full domain",302,302,269,0,33,200
"All tissues","Weighted SuSiE-mix","CSs without a shared biological lead SNP",-60.546875,0.00232470988948907,10,"gaussian","all finite selected distances; unit area over full domain",302,302,269,0,33,200
"All tissues","Weighted SuSiE-mix","CSs without a shared biological lead SNP",-60.15625,0.00232570668113939,10,"gaussian","all finite selected distances; unit area over full domain",302,302,269,0,33,200
"All tissues","Weighted SuSiE-mix","CSs without a shared biological lead SNP",-59.765625,0.00232713765435607,10,"gaussian","all finite selected distances; unit area over full domain",302,302,269,0,33,200
"All tissues","Weighted SuSiE-mix","CSs without a shared biological lead SNP",-59.375,0.00232896478200764,10,"gaussian","all finite selected distances; unit area over full domain",302,302,269,0,33,200
"All tissues","Weighted SuSiE-mix","CSs without a shared biological lead SNP",-58.984375,0.00233119699122249,10,"gaussian","all finite selected distances; unit area over full domain",302,302,269,0,33,200
"All tissues","Weighted SuSiE-mix","CSs without a shared biological lead SNP",-58.59375,0.00233387161968753,10,"gaussian","all finite selected distances; unit area over full domain",302,302,269,0,33,200
"All tissues","Weighted SuSiE-mix","CSs without a shared biological lead SNP",-58.203125,0.00233694327707556,10,"gaussian","all finite selected distances; unit area over full domain",302,302,269,0,33,200
"All tissues","Weighted SuSiE-mix","CSs without a shared biological lead SNP",-57.8125,0.00234041531428157,10,"gaussian","all finite selected distances; unit area over full domain",302,302,269,0,33,200
"All tissues","Weighted SuSiE-mix","CSs without a shared biological lead SNP",-57.421875,0.00234431685820683,10,"gaussian","all finite selected distances; unit area over full domain",302,302,269,0,33,200
"All tissues","Weighted SuSiE-mix","CSs without a shared biological lead SNP",-57.03125,0.00234859838572364,10,"gaussian","all finite selected distances; unit area over full domain",302,302,269,0,33,200
"All tissues","Weighted SuSiE-mix","CSs without a shared biological lead SNP",-56.640625,0.0023532585041003,10,"gaussian","all finite selected distances; unit area over full domain",302,302,269,0,33,200
"All tissues","Weighted SuSiE-mix","CSs without a shared biological lead SNP",-56.25,0.00235831830568849,10,"gaussian","all finite selected distances; unit area over full domain",302,302,269,0,33,200
"All tissues","Weighted SuSiE-mix","CSs without a shared biological lead SNP",-55.859375,0.00236372733885019,10,"gaussian","all finite selected distances; unit area over full domain",302,302,269,0,33,200
"All tissues","Weighted SuSiE-mix","CSs without a shared biological lead SNP",-55.46875,0.00236948068436574,10,"gaussian","all finite selected distances; unit area over full domain",302,302,269,0,33,200
"All tissues","Weighted SuSiE-mix","CSs without a shared biological lead SNP",-55.078125,0.00237559242456098,10,"gaussian","all finite selected distances; unit area over full domain",302,302,269,0,33,200
"All tissues","Weighted SuSiE-mix","CSs without a shared biological lead SNP",-54.6875,0.00238201407106286,10,"gaussian","all finite selected distances; unit area over full domain",302,302,269,0,33,200
"All tissues","Weighted SuSiE-mix","CSs without a shared biological lead SNP",-54.296875,0.00238873864835045,10,"gaussian","all finite selected distances; unit area over full domain",302,302,269,0,33,200
"All tissues","Weighted SuSiE-mix","CSs without a shared biological lead SNP",-53.90625,0.00239577492242313,10,"gaussian","all finite selected distances; unit area over full domain",302,302,269,0,33,200
"All tissues","Weighted SuSiE-mix","CSs without a shared biological lead SNP",-53.515625,0.00240307872291298,10,"gaussian","all finite selected distances; unit area over full domain",302,302,269,0,33,200
"All tissues","Weighted SuSiE-mix","CSs without a shared biological lead SNP",-53.125,0.00241064260658951,10,"gaussian","all finite selected distances; unit area over full domain",302,302,269,0,33,200
"All tissues","Weighted SuSiE-mix","CSs without a shared biological lead SNP",-52.734375,0.00241847217055421,10,"gaussian","all finite selected distances; unit area over full domain",302,302,269,0,33,200
"All tissues","Weighted SuSiE-mix","CSs without a shared biological lead SNP",-52.34375,0.00242652923203998,10,"gaussian","all finite selected distances; unit area over full domain",302,302,269,0,33,200
"All tissues","Weighted SuSiE-mix","CSs without a shared biological lead SNP",-51.953125,0.0024348074636839,10,"gaussian","all finite selected distances; unit area over full domain",302,302,269,0,33,200
"All tissues","Weighted SuSiE-mix","CSs without a shared biological lead SNP",-51.5625,0.00244331167157834,10,"gaussian","all finite selected distances; unit area over full domain",302,302,269,0,33,200
"All tissues","Weighted SuSiE-mix","CSs without a shared biological lead SNP",-51.171875,0.00245201057723088,10,"gaussian","all finite selected distances; unit area over full domain",302,302,269,0,33,200
"All tissues","Weighted SuSiE-mix","CSs without a shared biological lead SNP",-50.78125,0.00246090044615829,10,"gaussian","all finite selected distances; unit area over full domain",302,302,269,0,33,200
"All tissues","Weighted SuSiE-mix","CSs without a shared biological lead SNP",-50.390625,0.00246998769477137,10,"gaussian","all finite selected distances; unit area over full domain",302,302,269,0,33,200
"All tissues","Weighted SuSiE-mix","CSs without a shared biological lead SNP",-50,0.0024792481193099,10,"gaussian","all finite selected distances; unit area over full domain",302,302,269,0,33,200
"All tissues","Weighted SuSiE-mix","CSs without a shared biological lead SNP",-49.609375,0.00248868187479693,10,"gaussian","all finite selected distances; unit area over full domain",302,302,269,0,33,200
"All tissues","Weighted SuSiE-mix","CSs without a shared biological lead SNP",-49.21875,0.00249829923888771,10,"gaussian","all finite selected distances; unit area over full domain",302,302,269,0,33,200
"All tissues","Weighted SuSiE-mix","CSs without a shared biological lead SNP",-48.828125,0.00250808257449827,10,"gaussian","all finite selected distances; unit area over full domain",302,302,269,0,33,200
"All tissues","Weighted SuSiE-mix","CSs without a shared biological lead SNP",-48.4375,0.00251803699720748,10,"gaussian","all finite selected distances; unit area over full domain",302,302,269,0,33,200
"All tissues","Weighted SuSiE-mix","CSs without a shared biological lead SNP",-48.046875,0.00252817861445926,10,"gaussian","all finite selected distances; unit area over full domain",302,302,269,0,33,200
"All tissues","Weighted SuSiE-mix","CSs without a shared biological lead SNP",-47.65625,0.00253849527987489,10,"gaussian","all finite selected distances; unit area over full domain",302,302,269,0,33,200
"All tissues","Weighted SuSiE-mix","CSs without a shared biological lead SNP",-47.265625,0.00254899789512745,10,"gaussian","all finite selected distances; unit area over full domain",302,302,269,0,33,200
"All tissues","Weighted SuSiE-mix","CSs without a shared biological lead SNP",-46.875,0.00255970999443382,10,"gaussian","all finite selected distances; unit area over full domain",302,302,269,0,33,200
"All tissues","Weighted SuSiE-mix","CSs without a shared biological lead SNP",-46.484375,0.00257062341237243,10,"gaussian","all finite selected distances; unit area over full domain",302,302,269,0,33,200
"All tissues","Weighted SuSiE-mix","CSs without a shared biological lead SNP",-46.09375,0.00258175541582426,10,"gaussian","all finite selected distances; unit area over full domain",302,302,269,0,33,200
"All tissues","Weighted SuSiE-mix","CSs without a shared biological lead SNP",-45.703125,0.0025931381399317,10,"gaussian","all finite selected distances; unit area over full domain",302,302,269,0,33,200
"All tissues","Weighted SuSiE-mix","CSs without a shared biological lead SNP",-45.3125,0.00260476559689622,10,"gaussian","all finite selected distances; unit area over full domain",302,302,269,0,33,200
"All tissues","Weighted SuSiE-mix","CSs without a shared biological lead SNP",-44.921875,0.00261666176233523,10,"gaussian","all finite selected distances; unit area over full domain",302,302,269,0,33,200
"All tissues","Weighted SuSiE-mix","CSs without a shared biological lead SNP",-44.53125,0.00262886810230887,10,"gaussian","all finite selected distances; unit area over full domain",302,302,269,0,33,200
"All tissues","Weighted SuSiE-mix","CSs without a shared biological lead SNP",-44.140625,0.00264137884271098,10,"gaussian","all finite selected distances; unit area over full domain",302,302,269,0,33,200
"All tissues","Weighted SuSiE-mix","CSs without a shared biological lead SNP",-43.75,0.00265422479202234,10,"gaussian","all finite selected distances; unit area over full domain",302,302,269,0,33,200
"All tissues","Weighted SuSiE-mix","CSs without a shared biological lead SNP",-43.359375,0.00266745703360038,10,"gaussian","all finite selected distances; unit area over full domain",302,302,269,0,33,200
"All tissues","Weighted SuSiE-mix","CSs without a shared biological lead SNP",-42.96875,0.00268106800049738,10,"gaussian","all finite selected distances; unit area over full domain",302,302,269,0,33,200
"All tissues","Weighted SuSiE-mix","CSs without a shared biological lead SNP",-42.578125,0.00269509525629791,10,"gaussian","all finite selected distances; unit area over full domain",302,302,269,0,33,200
"All tissues","Weighted SuSiE-mix","CSs without a shared biological lead SNP",-42.1875,0.00270959936112922,10,"gaussian","all finite selected distances; unit area over full domain",302,302,269,0,33,200
"All tissues","Weighted SuSiE-mix","CSs without a shared biological lead SNP",-41.796875,0.00272456900665848,10,"gaussian","all finite selected distances; unit area over full domain",302,302,269,0,33,200
"All tissues","Weighted SuSiE-mix","CSs without a shared biological lead SNP",-41.40625,0.00274004825000569,10,"gaussian","all finite selected distances; unit area over full domain",302,302,269,0,33,200
"All tissues","Weighted SuSiE-mix","CSs without a shared biological lead SNP",-41.015625,0.00275610659147283,10,"gaussian","all finite selected distances; unit area over full domain",302,302,269,0,33,200
"All tissues","Weighted SuSiE-mix","CSs without a shared biological lead SNP",-40.625,0.00277272717570626,10,"gaussian","all finite selected distances; unit area over full domain",302,302,269,0,33,200
"All tissues","Weighted SuSiE-mix","CSs without a shared biological lead SNP",-40.234375,0.00278996012902234,10,"gaussian","all finite selected distances; unit area over full domain",302,302,269,0,33,200
"All tissues","Weighted SuSiE-mix","CSs without a shared biological lead SNP",-39.84375,0.00280788300578291,10,"gaussian","all finite selected distances; unit area over full domain",302,302,269,0,33,200
"All tissues","Weighted SuSiE-mix","CSs without a shared biological lead SNP",-39.453125,0.00282647181385394,10,"gaussian","all finite selected distances; unit area over full domain",302,302,269,0,33,200
"All tissues","Weighted SuSiE-mix","CSs without a shared biological lead SNP",-39.0625,0.00284578219017172,10,"gaussian","all finite selected distances; unit area over full domain",302,302,269,0,33,200
"All tissues","Weighted SuSiE-mix","CSs without a shared biological lead SNP",-38.671875,0.00286589857341931,10,"gaussian","all finite selected distances; unit area over full domain",302,302,269,0,33,200
"All tissues","Weighted SuSiE-mix","CSs without a shared biological lead SNP",-38.28125,0.00288678852509559,10,"gaussian","all finite selected distances; unit area over full domain",302,302,269,0,33,200
"All tissues","Weighted SuSiE-mix","CSs without a shared biological lead SNP",-37.890625,0.00290851254083454,10,"gaussian","all finite selected distances; unit area over full domain",302,302,269,0,33,200
"All tissues","Weighted SuSiE-mix","CSs without a shared biological lead SNP",-37.5,0.00293116057863093,10,"gaussian","all finite selected distances; unit area over full domain",302,302,269,0,33,200
"All tissues","Weighted SuSiE-mix","CSs without a shared biological lead SNP",-37.109375,0.00295469078048859,10,"gaussian","all finite selected distances; unit area over full domain",302,302,269,0,33,200
"All tissues","Weighted SuSiE-mix","CSs without a shared biological lead SNP",-36.71875,0.00297916781170505,10,"gaussian","all finite selected distances; unit area over full domain",302,302,269,0,33,200
"All tissues","Weighted SuSiE-mix","CSs without a shared biological lead SNP",-36.328125,0.00300468569970996,10,"gaussian","all finite selected distances; unit area over full domain",302,302,269,0,33,200
"All tissues","Weighted SuSiE-mix","CSs without a shared biological lead SNP",-35.9375,0.00303119257535846,10,"gaussian","all finite selected distances; unit area over full domain",302,302,269,0,33,200
"All tissues","Weighted SuSiE-mix","CSs without a shared biological lead SNP",-35.546875,0.00305875661805369,10,"gaussian","all finite selected distances; unit area over full domain",302,302,269,0,33,200
"All tissues","Weighted SuSiE-mix","CSs without a shared biological lead SNP",-35.15625,0.00308747451593294,10,"gaussian","all finite selected distances; unit area over full domain",302,302,269,0,33,200
"All tissues","Weighted SuSiE-mix","CSs without a shared biological lead SNP",-34.765625,0.00311728420505526,10,"gaussian","all finite selected distances; unit area over full domain",302,302,269,0,33,200
"All tissues","Weighted SuSiE-mix","CSs without a shared biological lead SNP",-34.375,0.00314825683540941,10,"gaussian","all finite selected distances; unit area over full domain",302,302,269,0,33,200
"All tissues","Weighted SuSiE-mix","CSs without a shared biological lead SNP",-33.984375,0.00318049051619976,10,"gaussian","all finite selected distances; unit area over full domain",302,302,269,0,33,200
"All tissues","Weighted SuSiE-mix","CSs without a shared biological lead SNP",-33.59375,0.00321391321129845,10,"gaussian","all finite selected distances; unit area over full domain",302,302,269,0,33,200
"All tissues","Weighted SuSiE-mix","CSs without a shared biological lead SNP",-33.203125,0.00324859868428223,10,"gaussian","all finite selected distances; unit area over full domain",302,302,269,0,33,200
"All tissues","Weighted SuSiE-mix","CSs without a shared biological lead SNP",-32.8125,0.0032846455044466,10,"gaussian","all finite selected distances; unit area over full domain",302,302,269,0,33,200
"All tissues","Weighted SuSiE-mix","CSs without a shared biological lead SNP",-32.421875,0.00332197225250352,10,"gaussian","all finite selected distances; unit area over full domain",302,302,269,0,33,200
"All tissues","Weighted SuSiE-mix","CSs without a shared biological lead SNP",-32.03125,0.00336065518896762,10,"gaussian","all finite selected distances; unit area over full domain",302,302,269,0,33,200
"All tissues","Weighted SuSiE-mix","CSs without a shared biological lead SNP",-31.640625,0.00340079272802507,10,"gaussian","all finite selected distances; unit area over full domain",302,302,269,0,33,200
"All tissues","Weighted SuSiE-mix","CSs without a shared biological lead SNP",-31.25,0.00344229493819471,10,"gaussian","all finite selected distances; unit area over full domain",302,302,269,0,33,200
"All tissues","Weighted SuSiE-mix","CSs without a shared biological lead SNP",-30.859375,0.00348524071522108,10,"gaussian","all finite selected distances; unit area over full domain",302,302,269,0,33,200
"All tissues","Weighted SuSiE-mix","CSs without a shared biological lead SNP",-30.46875,0.00352972805001348,10,"gaussian","all finite selected distances; unit area over full domain",302,302,269,0,33,200
"All tissues","Weighted SuSiE-mix","CSs without a shared biological lead SNP",-30.078125,0.00357565952262294,10,"gaussian","all finite selected distances; unit area over full domain",302,302,269,0,33,200
"All tissues","Weighted SuSiE-mix","CSs without a shared biological lead SNP",-29.6875,0.00362311701567412,10,"gaussian","all finite selected distances; unit area over full domain",302,302,269,0,33,200
"All tissues","Weighted SuSiE-mix","CSs without a shared biological lead SNP",-29.296875,0.00367219809395872,10,"gaussian","all finite selected distances; unit area over full domain",302,302,269,0,33,200
"All tissues","Weighted SuSiE-mix","CSs without a shared biological lead SNP",-28.90625,0.00372279886043553,10,"gaussian","all finite selected distances; unit area over full domain",302,302,269,0,33,200
"All tissues","Weighted SuSiE-mix","CSs without a shared biological lead SNP",-28.515625,0.00377500464060097,10,"gaussian","all finite selected distances; unit area over full domain",302,302,269,0,33,200
"All tissues","Weighted SuSiE-mix","CSs without a shared biological lead SNP",-28.125,0.00382891266553791,10,"gaussian","all finite selected distances; unit area over full domain",302,302,269,0,33,200
"All tissues","Weighted SuSiE-mix","CSs without a shared biological lead SNP",-27.734375,0.00388441337751285,10,"gaussian","all finite selected distances; unit area over full domain",302,302,269,0,33,200
"All tissues","Weighted SuSiE-mix","CSs without a shared biological lead SNP",-27.34375,0.00394159592695561,10,"gaussian","all finite selected distances; unit area over full domain",302,302,269,0,33,200
"All tissues","Weighted SuSiE-mix","CSs without a shared biological lead SNP",-26.953125,0.0040005571507742,10,"gaussian","all finite selected distances; unit area over full domain",302,302,269,0,33,200
"All tissues","Weighted SuSiE-mix","CSs without a shared biological lead SNP",-26.5625,0.00406118227862729,10,"gaussian","all finite selected distances; unit area over full domain",302,302,269,0,33,200
"All tissues","Weighted SuSiE-mix","CSs without a shared biological lead SNP",-26.171875,0.00412356435667481,10,"gaussian","all finite selected distances; unit area over full domain",302,302,269,0,33,200
"All tissues","Weighted SuSiE-mix","CSs without a shared biological lead SNP",-25.78125,0.00418779931571513,10,"gaussian","all finite selected distances; unit area over full domain",302,302,269,0,33,200
"All tissues","Weighted SuSiE-mix","CSs without a shared biological lead SNP",-25.390625,0.0042537671204086,10,"gaussian","all finite selected distances; unit area over full domain",302,302,269,0,33,200
"All tissues","Weighted SuSiE-mix","CSs without a shared biological lead SNP",-25,0.00432156419873297,10,"gaussian","all finite selected distances; unit area over full domain",302,302,269,0,33,200
"All tissues","Weighted SuSiE-mix","CSs without a shared biological lead SNP",-24.609375,0.00439128430603893,10,"gaussian","all finite selected distances; unit area over full domain",302,302,269,0,33,200
"All tissues","Weighted SuSiE-mix","CSs without a shared biological lead SNP",-24.21875,0.00446280153015362,10,"gaussian","all finite selected distances; unit area over full domain",302,302,269,0,33,200
"All tissues","Weighted SuSiE-mix","CSs without a shared biological lead SNP",-23.828125,0.00453621430693852,10,"gaussian","all finite selected distances; unit area over full domain",302,302,269,0,33,200
"All tissues","Weighted SuSiE-mix","CSs without a shared biological lead SNP",-23.4375,0.00461161192993796,10,"gaussian","all finite selected distances; unit area over full domain",302,302,269,0,33,200
"All tissues","Weighted SuSiE-mix","CSs without a shared biological lead SNP",-23.046875,0.00468886147934748,10,"gaussian","all finite selected distances; unit area over full domain",302,302,269,0,33,200
"All tissues","Weighted SuSiE-mix","CSs without a shared biological lead SNP",-22.65625,0.00476806092960301,10,"gaussian","all finite selected distances; unit area over full domain",302,302,269,0,33,200
"All tissues","Weighted SuSiE-mix","CSs without a shared biological lead SNP",-22.265625,0.00484929165216084,10,"gaussian","all finite selected distances; unit area over full domain",302,302,269,0,33,200
"All tissues","Weighted SuSiE-mix","CSs without a shared biological lead SNP",-21.875,0.0049324122245603,10,"gaussian","all finite selected distances; unit area over full domain",302,302,269,0,33,200
"All tissues","Weighted SuSiE-mix","CSs without a shared biological lead SNP",-21.484375,0.00501751644363883,10,"gaussian","all finite selected distances; unit area over full domain",302,302,269,0,33,200
"All tissues","Weighted SuSiE-mix","CSs without a shared biological lead SNP",-21.09375,0.00510467312013164,10,"gaussian","all finite selected distances; unit area over full domain",302,302,269,0,33,200
"All tissues","Weighted SuSiE-mix","CSs without a shared biological lead SNP",-20.703125,0.00519373073756559,10,"gaussian","all finite selected distances; unit area over full domain",302,302,269,0,33,200
"All tissues","Weighted SuSiE-mix","CSs without a shared biological lead SNP",-20.3125,0.005284773923959,10,"gaussian","all finite selected distances; unit area over full domain",302,302,269,0,33,200
"All tissues","Weighted SuSiE-mix","CSs without a shared biological lead SNP",-19.921875,0.00537785329409607,10,"gaussian","all finite selected distances; unit area over full domain",302,302,269,0,33,200
"All tissues","Weighted SuSiE-mix","CSs without a shared biological lead SNP",-19.53125,0.00547280591161049,10,"gaussian","all finite selected distances; unit area over full domain",302,302,269,0,33,200
"All tissues","Weighted SuSiE-mix","CSs without a shared biological lead SNP",-19.140625,0.00556970109294531,10,"gaussian","all finite selected distances; unit area over full domain",302,302,269,0,33,200
"All tissues","Weighted SuSiE-mix","CSs without a shared biological lead SNP",-18.75,0.00566856500295489,10,"gaussian","all finite selected distances; unit area over full domain",302,302,269,0,33,200
"All tissues","Weighted SuSiE-mix","CSs without a shared biological lead SNP",-18.359375,0.00576922264386364,10,"gaussian","all finite selected distances; unit area over full domain",302,302,269,0,33,200
"All tissues","Weighted SuSiE-mix","CSs without a shared biological lead SNP",-17.96875,0.00587172101324987,10,"gaussian","all finite selected distances; unit area over full domain",302,302,269,0,33,200
"All tissues","Weighted SuSiE-mix","CSs without a shared biological lead SNP",-17.578125,0.00597605550875991,10,"gaussian","all finite selected distances; unit area over full domain",302,302,269,0,33,200
"All tissues","Weighted SuSiE-mix","CSs without a shared biological lead SNP",-17.1875,0.00608203953910794,10,"gaussian","all finite selected distances; unit area over full domain",302,302,269,0,33,200
"All tissues","Weighted SuSiE-mix","CSs without a shared biological lead SNP",-16.796875,0.00618969035328956,10,"gaussian","all finite selected distances; unit area over full domain",302,302,269,0,33,200
"All tissues","Weighted SuSiE-mix","CSs without a shared biological lead SNP",-16.40625,0.00629896688687628,10,"gaussian","all finite selected distances; unit area over full domain",302,302,269,0,33,200
"All tissues","Weighted SuSiE-mix","CSs without a shared biological lead SNP",-16.015625,0.00640967290464443,10,"gaussian","all finite selected distances; unit area over full domain",302,302,269,0,33,200
"All tissues","Weighted SuSiE-mix","CSs without a shared biological lead SNP",-15.625,0.00652178862254685,10,"gaussian","all finite selected distances; unit area over full domain",302,302,269,0,33,200
"All tissues","Weighted SuSiE-mix","CSs without a shared biological lead SNP",-15.234375,0.00663523218546551,10,"gaussian","all finite selected distances; unit area over full domain",302,302,269,0,33,200
"All tissues","Weighted SuSiE-mix","CSs without a shared biological lead SNP",-14.84375,0.00674980140575942,10,"gaussian","all finite selected distances; unit area over full domain",302,302,269,0,33,200
"All tissues","Weighted SuSiE-mix","CSs without a shared biological lead SNP",-14.453125,0.00686543297170991,10,"gaussian","all finite selected distances; unit area over full domain",302,302,269,0,33,200
"All tissues","Weighted SuSiE-mix","CSs without a shared biological lead SNP",-14.0625,0.00698200198836644,10,"gaussian","all finite selected distances; unit area over full domain",302,302,269,0,33,200
"All tissues","Weighted SuSiE-mix","CSs without a shared biological lead SNP",-13.671875,0.00709930584641844,10,"gaussian","all finite selected distances; unit area over full domain",302,302,269,0,33,200
"All tissues","Weighted SuSiE-mix","CSs without a shared biological lead SNP",-13.28125,0.00721723265999557,10,"gaussian","all finite selected distances; unit area over full domain",302,302,269,0,33,200
"All tissues","Weighted SuSiE-mix","CSs without a shared biological lead SNP",-12.890625,0.00733561491310317,10,"gaussian","all finite selected distances; unit area over full domain",302,302,269,0,33,200
"All tissues","Weighted SuSiE-mix","CSs without a shared biological lead SNP",-12.5,0.0074542568439772,10,"gaussian","all finite selected distances; unit area over full domain",302,302,269,0,33,200
"All tissues","Weighted SuSiE-mix","CSs without a shared biological lead SNP",-12.109375,0.00757299499568539,10,"gaussian","all finite selected distances; unit area over full domain",302,302,269,0,33,200
"All tissues","Weighted SuSiE-mix","CSs without a shared biological lead SNP",-11.71875,0.00769162269481164,10,"gaussian","all finite selected distances; unit area over full domain",302,302,269,0,33,200
"All tissues","Weighted SuSiE-mix","CSs without a shared biological lead SNP",-11.328125,0.00780995972295796,10,"gaussian","all finite selected distances; unit area over full domain",302,302,269,0,33,200
"All tissues","Weighted SuSiE-mix","CSs without a shared biological lead SNP",-10.9375,0.00792779057950534,10,"gaussian","all finite selected distances; unit area over full domain",302,302,269,0,33,200
"All tissues","Weighted SuSiE-mix","CSs without a shared biological lead SNP",-10.546875,0.00804487604038191,10,"gaussian","all finite selected distances; unit area over full domain",302,302,269,0,33,200
"All tissues","Weighted SuSiE-mix","CSs without a shared biological lead SNP",-10.15625,0.00816106104221897,10,"gaussian","all finite selected distances; unit area over full domain",302,302,269,0,33,200
"All tissues","Weighted SuSiE-mix","CSs without a shared biological lead SNP",-9.765625,0.00827608038004832,10,"gaussian","all finite selected distances; unit area over full domain",302,302,269,0,33,200
"All tissues","Weighted SuSiE-mix","CSs without a shared biological lead SNP",-9.375,0.00838967181178975,10,"gaussian","all finite selected distances; unit area over full domain",302,302,269,0,33,200
"All tissues","Weighted SuSiE-mix","CSs without a shared biological lead SNP",-8.984375,0.00850171528451796,10,"gaussian","all finite selected distances; unit area over full domain",302,302,269,0,33,200
"All tissues","Weighted SuSiE-mix","CSs without a shared biological lead SNP",-8.59375,0.00861190109786161,10,"gaussian","all finite selected distances; unit area over full domain",302,302,269,0,33,200
"All tissues","Weighted SuSiE-mix","CSs without a shared biological lead SNP",-8.203125,0.00871995591717026,10,"gaussian","all finite selected distances; unit area over full domain",302,302,269,0,33,200
"All tissues","Weighted SuSiE-mix","CSs without a shared biological lead SNP",-7.8125,0.00882580402535726,10,"gaussian","all finite selected distances; unit area over full domain",302,302,269,0,33,200
"All tissues","Weighted SuSiE-mix","CSs without a shared biological lead SNP",-7.421875,0.00892909911320605,10,"gaussian","all finite selected distances; unit area over full domain",302,302,269,0,33,200
"All tissues","Weighted SuSiE-mix","CSs without a shared biological lead SNP",-7.03125,0.0090295702612219,10,"gaussian","all finite selected distances; unit area over full domain",302,302,269,0,33,200
"All tissues","Weighted SuSiE-mix","CSs without a shared biological lead SNP",-6.640625,0.00912719408359324,10,"gaussian","all finite selected distances; unit area over full domain",302,302,269,0,33,200
"All tissues","Weighted SuSiE-mix","CSs without a shared biological lead SNP",-6.25,0.00922159779194673,10,"gaussian","all finite selected distances; unit area over full domain",302,302,269,0,33,200
"All tissues","Weighted SuSiE-mix","CSs without a shared biological lead SNP",-5.859375,0.0093125269579742,10,"gaussian","all finite selected distances; unit area over full domain",302,302,269,0,33,200
"All tissues","Weighted SuSiE-mix","CSs without a shared biological lead SNP",-5.46875,0.00940001644937114,10,"gaussian","all finite selected distances; unit area over full domain",302,302,269,0,33,200
"All tissues","Weighted SuSiE-mix","CSs without a shared biological lead SNP",-5.078125,0.00948367872858783,10,"gaussian","all finite selected distances; unit area over full domain",302,302,269,0,33,200
"All tissues","Weighted SuSiE-mix","CSs without a shared biological lead SNP",-4.6875,0.00956328938680063,10,"gaussian","all finite selected distances; unit area over full domain",302,302,269,0,33,200
"All tissues","Weighted SuSiE-mix","CSs without a shared biological lead SNP",-4.296875,0.00963894478818914,10,"gaussian","all finite selected distances; unit area over full domain",302,302,269,0,33,200
"All tissues","Weighted SuSiE-mix","CSs without a shared biological lead SNP",-3.90625,0.00971025518306496,10,"gaussian","all finite selected distances; unit area over full domain",302,302,269,0,33,200
"All tissues","Weighted SuSiE-mix","CSs without a shared biological lead SNP",-3.515625,0.00977703806152759,10,"gaussian","all finite selected distances; unit area over full domain",302,302,269,0,33,200
"All tissues","Weighted SuSiE-mix","CSs without a shared biological lead SNP",-3.125,0.00983945144750098,10,"gaussian","all finite selected distances; unit area over full domain",302,302,269,0,33,200
"All tissues","Weighted SuSiE-mix","CSs without a shared biological lead SNP",-2.734375,0.00989711585520401,10,"gaussian","all finite selected distances; unit area over full domain",302,302,269,0,33,200
"All tissues","Weighted SuSiE-mix","CSs without a shared biological lead SNP",-2.34375,0.00994989993615676,10,"gaussian","all finite selected distances; unit area over full domain",302,302,269,0,33,200
"All tissues","Weighted SuSiE-mix","CSs without a shared biological lead SNP",-1.953125,0.00999802031044879,10,"gaussian","all finite selected distances; unit area over full domain",302,302,269,0,33,200
"All tissues","Weighted SuSiE-mix","CSs without a shared biological lead SNP",-1.5625,0.0100411193129946,10,"gaussian","all finite selected distances; unit area over full domain",302,302,269,0,33,200
"All tissues","Weighted SuSiE-mix","CSs without a shared biological lead SNP",-1.171875,0.0100791226716506,10,"gaussian","all finite selected distances; unit area over full domain",302,302,269,0,33,200
"All tissues","Weighted SuSiE-mix","CSs without a shared biological lead SNP",-0.78125,0.0101122994393858,10,"gaussian","all finite selected distances; unit area over full domain",302,302,269,0,33,200
"All tissues","Weighted SuSiE-mix","CSs without a shared biological lead SNP",-0.390625,0.0101403236445136,10,"gaussian","all finite selected distances; unit area over full domain",302,302,269,0,33,200
"All tissues","Weighted SuSiE-mix","CSs without a shared biological lead SNP",0,0.010163180242645,10,"gaussian","all finite selected distances; unit area over full domain",302,302,269,0,33,200
"All tissues","Weighted SuSiE-mix","CSs without a shared biological lead SNP",0.390625,0.0101811818491089,10,"gaussian","all finite selected distances; unit area over full domain",302,302,269,0,33,200
"All tissues","Weighted SuSiE-mix","CSs without a shared biological lead SNP",0.78125,0.0101940417755387,10,"gaussian","all finite selected distances; unit area over full domain",302,302,269,0,33,200
"All tissues","Weighted SuSiE-mix","CSs without a shared biological lead SNP",1.171875,0.0102018025322728,10,"gaussian","all finite selected distances; unit area over full domain",302,302,269,0,33,200
"All tissues","Weighted SuSiE-mix","CSs without a shared biological lead SNP",1.5625,0.0102048093390368,10,"gaussian","all finite selected distances; unit area over full domain",302,302,269,0,33,200
"All tissues","Weighted SuSiE-mix","CSs without a shared biological lead SNP",1.953125,0.0102028197183768,10,"gaussian","all finite selected distances; unit area over full domain",302,302,269,0,33,200
"All tissues","Weighted SuSiE-mix","CSs without a shared biological lead SNP",2.34375,0.0101959285301166,10,"gaussian","all finite selected distances; unit area over full domain",302,302,269,0,33,200
"All tissues","Weighted SuSiE-mix","CSs without a shared biological lead SNP",2.734375,0.0101845013373648,10,"gaussian","all finite selected distances; unit area over full domain",302,302,269,0,33,200
"All tissues","Weighted SuSiE-mix","CSs without a shared biological lead SNP",3.125,0.0101683420056467,10,"gaussian","all finite selected distances; unit area over full domain",302,302,269,0,33,200
"All tissues","Weighted SuSiE-mix","CSs without a shared biological lead SNP",3.515625,0.0101475896091876,10,"gaussian","all finite selected distances; unit area over full domain",302,302,269,0,33,200
"All tissues","Weighted SuSiE-mix","CSs without a shared biological lead SNP",3.90625,0.0101226173596375,10,"gaussian","all finite selected distances; unit area over full domain",302,302,269,0,33,200
"All tissues","Weighted SuSiE-mix","CSs without a shared biological lead SNP",4.296875,0.0100932749139122,10,"gaussian","all finite selected distances; unit area over full domain",302,302,269,0,33,200
"All tissues","Weighted SuSiE-mix","CSs without a shared biological lead SNP",4.6875,0.0100597353304219,10,"gaussian","all finite selected distances; unit area over full domain",302,302,269,0,33,200
"All tissues","Weighted SuSiE-mix","CSs without a shared biological lead SNP",5.078125,0.0100223672077745,10,"gaussian","all finite selected distances; unit area over full domain",302,302,269,0,33,200
"All tissues","Weighted SuSiE-mix","CSs without a shared biological lead SNP",5.46875,0.00998106308747585,10,"gaussian","all finite selected distances; unit area over full domain",302,302,269,0,33,200
"All tissues","Weighted SuSiE-mix","CSs without a shared biological lead SNP",5.859375,0.00993601865248757,10,"gaussian","all finite selected distances; unit area over full domain",302,302,269,0,33,200
"All tissues","Weighted SuSiE-mix","CSs without a shared biological lead SNP",6.25,0.00988758684158869,10,"gaussian","all finite selected distances; unit area over full domain",302,302,269,0,33,200
"All tissues","Weighted SuSiE-mix","CSs without a shared biological lead SNP",6.640625,0.00983569831312867,10,"gaussian","all finite selected distances; unit area over full domain",302,302,269,0,33,200
"All tissues","Weighted SuSiE-mix","CSs without a shared biological lead SNP",7.03125,0.00978055987174213,10,"gaussian","all finite selected distances; unit area over full domain",302,302,269,0,33,200
"All tissues","Weighted SuSiE-mix","CSs without a shared biological lead SNP",7.421875,0.00972249959059748,10,"gaussian","all finite selected distances; unit area over full domain",302,302,269,0,33,200
"All tissues","Weighted SuSiE-mix","CSs without a shared biological lead SNP",7.8125,0.00966148021120411,10,"gaussian","all finite selected distances; unit area over full domain",302,302,269,0,33,200
"All tissues","Weighted SuSiE-mix","CSs without a shared biological lead SNP",8.203125,0.00959770891564793,10,"gaussian","all finite selected distances; unit area over full domain",302,302,269,0,33,200
"All tissues","Weighted SuSiE-mix","CSs without a shared biological lead SNP",8.59375,0.00953148196942944,10,"gaussian","all finite selected distances; unit area over full domain",302,302,269,0,33,200
"All tissues","Weighted SuSiE-mix","CSs without a shared biological lead SNP",8.984375,0.0094627875234661,10,"gaussian","all finite selected distances; unit area over full domain",302,302,269,0,33,200
"All tissues","Weighted SuSiE-mix","CSs without a shared biological lead SNP",9.375,0.00939182388392749,10,"gaussian","all finite selected distances; unit area over full domain",302,302,269,0,33,200
"All tissues","Weighted SuSiE-mix","CSs without a shared biological lead SNP",9.765625,0.00931885102770522,10,"gaussian","all finite selected distances; unit area over full domain",302,302,269,0,33,200
"All tissues","Weighted SuSiE-mix","CSs without a shared biological lead SNP",10.15625,0.00924387579295738,10,"gaussian","all finite selected distances; unit area over full domain",302,302,269,0,33,200
"All tissues","Weighted SuSiE-mix","CSs without a shared biological lead SNP",10.546875,0.00916708035353873,10,"gaussian","all finite selected distances; unit area over full domain",302,302,269,0,33,200
"All tissues","Weighted SuSiE-mix","CSs without a shared biological lead SNP",10.9375,0.00908868635526098,10,"gaussian","all finite selected distances; unit area over full domain",302,302,269,0,33,200
"All tissues","Weighted SuSiE-mix","CSs without a shared biological lead SNP",11.328125,0.00900871305822144,10,"gaussian","all finite selected distances; unit area over full domain",302,302,269,0,33,200
"All tissues","Weighted SuSiE-mix","CSs without a shared biological lead SNP",11.71875,0.00892732150189856,10,"gaussian","all finite selected distances; unit area over full domain",302,302,269,0,33,200
"All tissues","Weighted SuSiE-mix","CSs without a shared biological lead SNP",12.109375,0.0088446951836758,10,"gaussian","all finite selected distances; unit area over full domain",302,302,269,0,33,200
"All tissues","Weighted SuSiE-mix","CSs without a shared biological lead SNP",12.5,0.00876086036220155,10,"gaussian","all finite selected distances; unit area over full domain",302,302,269,0,33,200
"All tissues","Weighted SuSiE-mix","CSs without a shared biological lead SNP",12.890625,0.00867595421363201,10,"gaussian","all finite selected distances; unit area over full domain",302,302,269,0,33,200
"All tissues","Weighted SuSiE-mix","CSs without a shared biological lead SNP",13.28125,0.00859012413773072,10,"gaussian","all finite selected distances; unit area over full domain",302,302,269,0,33,200
"All tissues","Weighted SuSiE-mix","CSs without a shared biological lead SNP",13.671875,0.0085033990613771,10,"gaussian","all finite selected distances; unit area over full domain",302,302,269,0,33,200
"All tissues","Weighted SuSiE-mix","CSs without a shared biological lead SNP",14.0625,0.0084158916588625,10,"gaussian","all finite selected distances; unit area over full domain",302,302,269,0,33,200
"All tissues","Weighted SuSiE-mix","CSs without a shared biological lead SNP",14.453125,0.00832771670721409,10,"gaussian","all finite selected distances; unit area over full domain",302,302,269,0,33,200
"All tissues","Weighted SuSiE-mix","CSs without a shared biological lead SNP",14.84375,0.00823890268651599,10,"gaussian","all finite selected distances; unit area over full domain",302,302,269,0,33,200
"All tissues","Weighted SuSiE-mix","CSs without a shared biological lead SNP",15.234375,0.00814953889147878,10,"gaussian","all finite selected distances; unit area over full domain",302,302,269,0,33,200
"All tissues","Weighted SuSiE-mix","CSs without a shared biological lead SNP",15.625,0.00805971190122898,10,"gaussian","all finite selected distances; unit area over full domain",302,302,269,0,33,200
"All tissues","Weighted SuSiE-mix","CSs without a shared biological lead SNP",16.015625,0.00796944786174523,10,"gaussian","all finite selected distances; unit area over full domain",302,302,269,0,33,200
"All tissues","Weighted SuSiE-mix","CSs without a shared biological lead SNP",16.40625,0.00787881515605452,10,"gaussian","all finite selected distances; unit area over full domain",302,302,269,0,33,200
"All tissues","Weighted SuSiE-mix","CSs without a shared biological lead SNP",16.796875,0.00778787708579156,10,"gaussian","all finite selected distances; unit area over full domain",302,302,269,0,33,200
"All tissues","Weighted SuSiE-mix","CSs without a shared biological lead SNP",17.1875,0.00769665673293731,10,"gaussian","all finite selected distances; unit area over full domain",302,302,269,0,33,200
"All tissues","Weighted SuSiE-mix","CSs without a shared biological lead SNP",17.578125,0.00760520493904023,10,"gaussian","all finite selected distances; unit area over full domain",302,302,269,0,33,200
"All tissues","Weighted SuSiE-mix","CSs without a shared biological lead SNP",17.96875,0.00751356674644801,10,"gaussian","all finite selected distances; unit area over full domain",302,302,269,0,33,200
"All tissues","Weighted SuSiE-mix","CSs without a shared biological lead SNP",18.359375,0.00742176247613789,10,"gaussian","all finite selected distances; unit area over full domain",302,302,269,0,33,200
"All tissues","Weighted SuSiE-mix","CSs without a shared biological lead SNP",18.75,0.00732982927534625,10,"gaussian","all finite selected distances; unit area over full domain",302,302,269,0,33,200
"All tissues","Weighted SuSiE-mix","CSs without a shared biological lead SNP",19.140625,0.00723779872321517,10,"gaussian","all finite selected distances; unit area over full domain",302,302,269,0,33,200
"All tissues","Weighted SuSiE-mix","CSs without a shared biological lead SNP",19.53125,0.00714568956115688,10,"gaussian","all finite selected distances; unit area over full domain",302,302,269,0,33,200
"All tissues","Weighted SuSiE-mix","CSs without a shared biological lead SNP",19.921875,0.00705352918921666,10,"gaussian","all finite selected distances; unit area over full domain",302,302,269,0,33,200
"All tissues","Weighted SuSiE-mix","CSs without a shared biological lead SNP",20.3125,0.00696134006127509,10,"gaussian","all finite selected distances; unit area over full domain",302,302,269,0,33,200
"All tissues","Weighted SuSiE-mix","CSs without a shared biological lead SNP",20.703125,0.00686914123132953,10,"gaussian","all finite selected distances; unit area over full domain",302,302,269,0,33,200
"All tissues","Weighted SuSiE-mix","CSs without a shared biological lead SNP",21.09375,0.00677695408508861,10,"gaussian","all finite selected distances; unit area over full domain",302,302,269,0,33,200
"All tissues","Weighted SuSiE-mix","CSs without a shared biological lead SNP",21.484375,0.00668479567269994,10,"gaussian","all finite selected distances; unit area over full domain",302,302,269,0,33,200
"All tissues","Weighted SuSiE-mix","CSs without a shared biological lead SNP",21.875,0.00659268779045737,10,"gaussian","all finite selected distances; unit area over full domain",302,302,269,0,33,200
"All tissues","Weighted SuSiE-mix","CSs without a shared biological lead SNP",22.265625,0.00650064907847097,10,"gaussian","all finite selected distances; unit area over full domain",302,302,269,0,33,200
"All tissues","Weighted SuSiE-mix","CSs without a shared biological lead SNP",22.65625,0.00640869419397483,10,"gaussian","all finite selected distances; unit area over full domain",302,302,269,0,33,200
"All tissues","Weighted SuSiE-mix","CSs without a shared biological lead SNP",23.046875,0.00631685046478765,10,"gaussian","all finite selected distances; unit area over full domain",302,302,269,0,33,200
"All tissues","Weighted SuSiE-mix","CSs without a shared biological lead SNP",23.4375,0.00622513639845101,10,"gaussian","all finite selected distances; unit area over full domain",302,302,269,0,33,200
"All tissues","Weighted SuSiE-mix","CSs without a shared biological lead SNP",23.828125,0.00613356651287493,10,"gaussian","all finite selected distances; unit area over full domain",302,302,269,0,33,200
"All tissues","Weighted SuSiE-mix","CSs without a shared biological lead SNP",24.21875,0.00604217662956786,10,"gaussian","all finite selected distances; unit area over full domain",302,302,269,0,33,200
"All tissues","Weighted SuSiE-mix","CSs without a shared biological lead SNP",24.609375,0.00595098693936773,10,"gaussian","all finite selected distances; unit area over full domain",302,302,269,0,33,200
"All tissues","Weighted SuSiE-mix","CSs without a shared biological lead SNP",25,0.00586001330426719,10,"gaussian","all finite selected distances; unit area over full domain",302,302,269,0,33,200
"All tissues","Weighted SuSiE-mix","CSs without a shared biological lead SNP",25.390625,0.00576930297565014,10,"gaussian","all finite selected distances; unit area over full domain",302,302,269,0,33,200
"All tissues","Weighted SuSiE-mix","CSs without a shared biological lead SNP",25.78125,0.00567887874960425,10,"gaussian","all finite selected distances; unit area over full domain",302,302,269,0,33,200
"All tissues","Weighted SuSiE-mix","CSs without a shared biological lead SNP",26.171875,0.00558875855680215,10,"gaussian","all finite selected distances; unit area over full domain",302,302,269,0,33,200
"All tissues","Weighted SuSiE-mix","CSs without a shared biological lead SNP",26.5625,0.00549900377724798,10,"gaussian","all finite selected distances; unit area over full domain",302,302,269,0,33,200
"All tissues","Weighted SuSiE-mix","CSs without a shared biological lead SNP",26.953125,0.00540963978819795,10,"gaussian","all finite selected distances; unit area over full domain",302,302,269,0,33,200
"All tissues","Weighted SuSiE-mix","CSs without a shared biological lead SNP",27.34375,0.00532068658722117,10,"gaussian","all finite selected distances; unit area over full domain",302,302,269,0,33,200
"All tissues","Weighted SuSiE-mix","CSs without a shared biological lead SNP",27.734375,0.00523222192615266,10,"gaussian","all finite selected distances; unit area over full domain",302,302,269,0,33,200
"All tissues","Weighted SuSiE-mix","CSs without a shared biological lead SNP",28.125,0.00514427279113693,10,"gaussian","all finite selected distances; unit area over full domain",302,302,269,0,33,200
"All tissues","Weighted SuSiE-mix","CSs without a shared biological lead SNP",28.515625,0.0050568605737652,10,"gaussian","all finite selected distances; unit area over full domain",302,302,269,0,33,200
"All tissues","Weighted SuSiE-mix","CSs without a shared biological lead SNP",28.90625,0.00497008097342065,10,"gaussian","all finite selected distances; unit area over full domain",302,302,269,0,33,200
"All tissues","Weighted SuSiE-mix","CSs without a shared biological lead SNP",29.296875,0.00488396072096698,10,"gaussian","all finite selected distances; unit area over full domain",302,302,269,0,33,200
"All tissues","Weighted SuSiE-mix","CSs without a shared biological lead SNP",29.6875,0.00479852134075769,10,"gaussian","all finite selected distances; unit area over full domain",302,302,269,0,33,200
"All tissues","Weighted SuSiE-mix","CSs without a shared biological lead SNP",30.078125,0.00471387720050967,10,"gaussian","all finite selected distances; unit area over full domain",302,302,269,0,33,200
"All tissues","Weighted SuSiE-mix","CSs without a shared biological lead SNP",30.46875,0.00463005214243818,10,"gaussian","all finite selected distances; unit area over full domain",302,302,269,0,33,200
"All tissues","Weighted SuSiE-mix","CSs without a shared biological lead SNP",30.859375,0.00454706608841195,10,"gaussian","all finite selected distances; unit area over full domain",302,302,269,0,33,200
"All tissues","Weighted SuSiE-mix","CSs without a shared biological lead SNP",31.25,0.00446505179855152,10,"gaussian","all finite selected distances; unit area over full domain",302,302,269,0,33,200
"All tissues","Weighted SuSiE-mix","CSs without a shared biological lead SNP",31.640625,0.00438402701601821,10,"gaussian","all finite selected distances; unit area over full domain",302,302,269,0,33,200
"All tissues","Weighted SuSiE-mix","CSs without a shared biological lead SNP",32.03125,0.0043040079981658,10,"gaussian","all finite selected distances; unit area over full domain",302,302,269,0,33,200
"All tissues","Weighted SuSiE-mix","CSs without a shared biological lead SNP",32.421875,0.0042251445487699,10,"gaussian","all finite selected distances; unit area over full domain",302,302,269,0,33,200
"All tissues","Weighted SuSiE-mix","CSs without a shared biological lead SNP",32.8125,0.00414744478096051,10,"gaussian","all finite selected distances; unit area over full domain",302,302,269,0,33,200
"All tissues","Weighted SuSiE-mix","CSs without a shared biological lead SNP",33.203125,0.00407091907469114,10,"gaussian","all finite selected distances; unit area over full domain",302,302,269,0,33,200
"All tissues","Weighted SuSiE-mix","CSs without a shared biological lead SNP",33.59375,0.00399573186035481,10,"gaussian","all finite selected distances; unit area over full domain",302,302,269,0,33,200
"All tissues","Weighted SuSiE-mix","CSs without a shared biological lead SNP",33.984375,0.00392187807511914,10,"gaussian","all finite selected distances; unit area over full domain",302,302,269,0,33,200
"All tissues","Weighted SuSiE-mix","CSs without a shared biological lead SNP",34.375,0.00384936005246999,10,"gaussian","all finite selected distances; unit area over full domain",302,302,269,0,33,200
"All tissues","Weighted SuSiE-mix","CSs without a shared biological lead SNP",34.765625,0.00377835345589504,10,"gaussian","all finite selected distances; unit area over full domain",302,302,269,0,33,200
"All tissues","Weighted SuSiE-mix","CSs without a shared biological lead SNP",35.15625,0.00370883681582637,10,"gaussian","all finite selected distances; unit area over full domain",302,302,269,0,33,200
"All tissues","Weighted SuSiE-mix","CSs without a shared biological lead SNP",35.546875,0.0036408024923332,10,"gaussian","all finite selected distances; unit area over full domain",302,302,269,0,33,200
"All tissues","Weighted SuSiE-mix","CSs without a shared biological lead SNP",35.9375,0.00357443318757263,10,"gaussian","all finite selected distances; unit area over full domain",302,302,269,0,33,200
"All tissues","Weighted SuSiE-mix","CSs without a shared biological lead SNP",36.328125,0.00350968843272822,10,"gaussian","all finite selected distances; unit area over full domain",302,302,269,0,33,200
"All tissues","Weighted SuSiE-mix","CSs without a shared biological lead SNP",36.71875,0.00344654911331382,10,"gaussian","all finite selected distances; unit area over full domain",302,302,269,0,33,200
"All tissues","Weighted SuSiE-mix","CSs without a shared biological lead SNP",37.109375,0.00338520022048155,10,"gaussian","all finite selected distances; unit area over full domain",302,302,269,0,33,200
"All tissues","Weighted SuSiE-mix","CSs without a shared biological lead SNP",37.5,0.00332558061398148,10,"gaussian","all finite selected distances; unit area over full domain",302,302,269,0,33,200
"All tissues","Weighted SuSiE-mix","CSs without a shared biological lead SNP",37.890625,0.00326765877998741,10,"gaussian","all finite selected distances; unit area over full domain",302,302,269,0,33,200
"All tissues","Weighted SuSiE-mix","CSs without a shared biological lead SNP",38.28125,0.00321161698719465,10,"gaussian","all finite selected distances; unit area over full domain",302,302,269,0,33,200
"All tissues","Weighted SuSiE-mix","CSs without a shared biological lead SNP",38.671875,0.00315737288164519,10,"gaussian","all finite selected distances; unit area over full domain",302,302,269,0,33,200
"All tissues","Weighted SuSiE-mix","CSs without a shared biological lead SNP",39.0625,0.00310488230329888,10,"gaussian","all finite selected distances; unit area over full domain",302,302,269,0,33,200
"All tissues","Weighted SuSiE-mix","CSs without a shared biological lead SNP",39.453125,0.00305431983871193,10,"gaussian","all finite selected distances; unit area over full domain",302,302,269,0,33,200
"All tissues","Weighted SuSiE-mix","CSs without a shared biological lead SNP",39.84375,0.00300558262092772,10,"gaussian","all finite selected distances; unit area over full domain",302,302,269,0,33,200
"All tissues","Weighted SuSiE-mix","CSs without a shared biological lead SNP",40.234375,0.00295861431673665,10,"gaussian","all finite selected distances; unit area over full domain",302,302,269,0,33,200
"All tissues","Weighted SuSiE-mix","CSs without a shared biological lead SNP",40.625,0.00291357722687074,10,"gaussian","all finite selected distances; unit area over full domain",302,302,269,0,33,200
"All tissues","Weighted SuSiE-mix","CSs without a shared biological lead SNP",41.015625,0.00287034991870778,10,"gaussian","all finite selected distances; unit area over full domain",302,302,269,0,33,200
"All tissues","Weighted SuSiE-mix","CSs without a shared biological lead SNP",41.40625,0.00282886505766568,10,"gaussian","all finite selected distances; unit area over full domain",302,302,269,0,33,200
"All tissues","Weighted SuSiE-mix","CSs without a shared biological lead SNP",41.796875,0.00278926867873995,10,"gaussian","all finite selected distances; unit area over full domain",302,302,269,0,33,200
"All tissues","Weighted SuSiE-mix","CSs without a shared biological lead SNP",42.1875,0.00275142387180468,10,"gaussian","all finite selected distances; unit area over full domain",302,302,269,0,33,200
"All tissues","Weighted SuSiE-mix","CSs without a shared biological lead SNP",42.578125,0.00271525409089283,10,"gaussian","all finite selected distances; unit area over full domain",302,302,269,0,33,200
"All tissues","Weighted SuSiE-mix","CSs without a shared biological lead SNP",42.96875,0.00268088595889171,10,"gaussian","all finite selected distances; unit area over full domain",302,302,269,0,33,200
"All tissues","Weighted SuSiE-mix","CSs without a shared biological lead SNP",43.359375,0.00264817111457813,10,"gaussian","all finite selected distances; unit area over full domain",302,302,269,0,33,200
"All tissues","Weighted SuSiE-mix","CSs without a shared biological lead SNP",43.75,0.00261702607924488,10,"gaussian","all finite selected distances; unit area over full domain",302,302,269,0,33,200
"All tissues","Weighted SuSiE-mix","CSs without a shared biological lead SNP",44.140625,0.00258755588883156,10,"gaussian","all finite selected distances; unit area over full domain",302,302,269,0,33,200
"All tissues","Weighted SuSiE-mix","CSs without a shared biological lead SNP",44.53125,0.00255960541935219,10,"gaussian","all finite selected distances; unit area over full domain",302,302,269,0,33,200
"All tissues","Weighted SuSiE-mix","CSs without a shared biological lead SNP",44.921875,0.00253308686346338,10,"gaussian","all finite selected distances; unit area over full domain",302,302,269,0,33,200
"All tissues","Weighted SuSiE-mix","CSs without a shared biological lead SNP",45.3125,0.00250808252793218,10,"gaussian","all finite selected distances; unit area over full domain",302,302,269,0,33,200
"All tissues","Weighted SuSiE-mix","CSs without a shared biological lead SNP",45.703125,0.00248443555603298,10,"gaussian","all finite selected distances; unit area over full domain",302,302,269,0,33,200
"All tissues","Weighted SuSiE-mix","CSs without a shared biological lead SNP",46.09375,0.00246205656228826,10,"gaussian","all finite selected distances; unit area over full domain",302,302,269,0,33,200
"All tissues","Weighted SuSiE-mix","CSs without a shared biological lead SNP",46.484375,0.00244100500186662,10,"gaussian","all finite selected distances; unit area over full domain",302,302,269,0,33,200
"All tissues","Weighted SuSiE-mix","CSs without a shared biological lead SNP",46.875,0.00242112732506421,10,"gaussian","all finite selected distances; unit area over full domain",302,302,269,0,33,200
"All tissues","Weighted SuSiE-mix","CSs without a shared biological lead SNP",47.265625,0.00240233528800152,10,"gaussian","all finite selected distances; unit area over full domain",302,302,269,0,33,200
"All tissues","Weighted SuSiE-mix","CSs without a shared biological lead SNP",47.65625,0.00238466631449659,10,"gaussian","all finite selected distances; unit area over full domain",302,302,269,0,33,200
"All tissues","Weighted SuSiE-mix","CSs without a shared biological lead SNP",48.046875,0.00236797489808648,10,"gaussian","all finite selected distances; unit area over full domain",302,302,269,0,33,200
"All tissues","Weighted SuSiE-mix","CSs without a shared biological lead SNP",48.4375,0.00235217646564781,10,"gaussian","all finite selected distances; unit area over full domain",302,302,269,0,33,200
"All tissues","Weighted SuSiE-mix","CSs without a shared biological lead SNP",48.828125,0.002337288045088,10,"gaussian","all finite selected distances; unit area over full domain",302,302,269,0,33,200
"All tissues","Weighted SuSiE-mix","CSs without a shared biological lead SNP",49.21875,0.00232317633637584,10,"gaussian","all finite selected distances; unit area over full domain",302,302,269,0,33,200
"All tissues","Weighted SuSiE-mix","CSs without a shared biological lead SNP",49.609375,0.00230976264487578,10,"gaussian","all finite selected distances; unit area over full domain",302,302,269,0,33,200
"All tissues","Weighted SuSiE-mix","CSs without a shared biological lead SNP",50,0.00229704589132951,10,"gaussian","all finite selected distances; unit area over full domain",302,302,269,0,33,200
"All tissues","Weighted SuSiE-mix","CSs without a shared biological lead SNP",50.390625,0.00228490836430571,10,"gaussian","all finite selected distances; unit area over full domain",302,302,269,0,33,200
"All tissues","Weighted SuSiE-mix","CSs without a shared biological lead SNP",50.78125,0.00227327903899862,10,"gaussian","all finite selected distances; unit area over full domain",302,302,269,0,33,200
"All tissues","Weighted SuSiE-mix","CSs without a shared biological lead SNP",51.171875,0.0022621414906005,10,"gaussian","all finite selected distances; unit area over full domain",302,302,269,0,33,200
"All tissues","Weighted SuSiE-mix","CSs without a shared biological lead SNP",51.5625,0.002251396060433,10,"gaussian","all finite selected distances; unit area over full domain",302,302,269,0,33,200
"All tissues","Weighted SuSiE-mix","CSs without a shared biological lead SNP",51.953125,0.002240980711741,10,"gaussian","all finite selected distances; unit area over full domain",302,302,269,0,33,200
"All tissues","Weighted SuSiE-mix","CSs without a shared biological lead SNP",52.34375,0.00223086672393286,10,"gaussian","all finite selected distances; unit area over full domain",302,302,269,0,33,200
"All tissues","Weighted SuSiE-mix","CSs without a shared biological lead SNP",52.734375,0.00222097397305466,10,"gaussian","all finite selected distances; unit area over full domain",302,302,269,0,33,200
"All tissues","Weighted SuSiE-mix","CSs without a shared biological lead SNP",53.125,0.00221125023547052,10,"gaussian","all finite selected distances; unit area over full domain",302,302,269,0,33,200
"All tissues","Weighted SuSiE-mix","CSs without a shared biological lead SNP",53.515625,0.00220165765554678,10,"gaussian","all finite selected distances; unit area over full domain",302,302,269,0,33,200
"All tissues","Weighted SuSiE-mix","CSs without a shared biological lead SNP",53.90625,0.00219213614803895,10,"gaussian","all finite selected distances; unit area over full domain",302,302,269,0,33,200
"All tissues","Weighted SuSiE-mix","CSs without a shared biological lead SNP",54.296875,0.00218264364672368,10,"gaussian","all finite selected distances; unit area over full domain",302,302,269,0,33,200
"All tissues","Weighted SuSiE-mix","CSs without a shared biological lead SNP",54.6875,0.00217313627224547,10,"gaussian","all finite selected distances; unit area over full domain",302,302,269,0,33,200
"All tissues","Weighted SuSiE-mix","CSs without a shared biological lead SNP",55.078125,0.0021635735676949,10,"gaussian","all finite selected distances; unit area over full domain",302,302,269,0,33,200
"All tissues","Weighted SuSiE-mix","CSs without a shared biological lead SNP",55.46875,0.00215392352671743,10,"gaussian","all finite selected distances; unit area over full domain",302,302,269,0,33,200
"All tissues","Weighted SuSiE-mix","CSs without a shared biological lead SNP",55.859375,0.0021441391713491,10,"gaussian","all finite selected distances; unit area over full domain",302,302,269,0,33,200
"All tissues","Weighted SuSiE-mix","CSs without a shared biological lead SNP",56.25,0.002134198459746,10,"gaussian","all finite selected distances; unit area over full domain",302,302,269,0,33,200
"All tissues","Weighted SuSiE-mix","CSs without a shared biological lead SNP",56.640625,0.00212407896517348,10,"gaussian","all finite selected distances; unit area over full domain",302,302,269,0,33,200
"All tissues","Weighted SuSiE-mix","CSs without a shared biological lead SNP",57.03125,0.00211373324162506,10,"gaussian","all finite selected distances; unit area over full domain",302,302,269,0,33,200
"All tissues","Weighted SuSiE-mix","CSs without a shared biological lead SNP",57.421875,0.00210315579264998,10,"gaussian","all finite selected distances; unit area over full domain",302,302,269,0,33,200
"All tissues","Weighted SuSiE-mix","CSs without a shared biological lead SNP",57.8125,0.00209233298130973,10,"gaussian","all finite selected distances; unit area over full domain",302,302,269,0,33,200
"All tissues","Weighted SuSiE-mix","CSs without a shared biological lead SNP",58.203125,0.00208121915279723,10,"gaussian","all finite selected distances; unit area over full domain",302,302,269,0,33,200
"All tissues","Weighted SuSiE-mix","CSs without a shared biological lead SNP",58.59375,0.0020698229984445,10,"gaussian","all finite selected distances; unit area over full domain",302,302,269,0,33,200
"All tissues","Weighted SuSiE-mix","CSs without a shared biological lead SNP",58.984375,0.00205813865312756,10,"gaussian","all finite selected distances; unit area over full domain",302,302,269,0,33,200
"All tissues","Weighted SuSiE-mix","CSs without a shared biological lead SNP",59.375,0.00204612409741064,10,"gaussian","all finite selected distances; unit area over full domain",302,302,269,0,33,200
"All tissues","Weighted SuSiE-mix","CSs without a shared biological lead SNP",59.765625,0.00203379954252904,10,"gaussian","all finite selected distances; unit area over full domain",302,302,269,0,33,200
"All tissues","Weighted SuSiE-mix","CSs without a shared biological lead SNP",60.15625,0.00202116573350406,10,"gaussian","all finite selected distances; unit area over full domain",302,302,269,0,33,200
"All tissues","Weighted SuSiE-mix","CSs without a shared biological lead SNP",60.546875,0.00200818570428526,10,"gaussian","all finite selected distances; unit area over full domain",302,302,269,0,33,200
"All tissues","Weighted SuSiE-mix","CSs without a shared biological lead SNP",60.9375,0.00199488838253968,10,"gaussian","all finite selected distances; unit area over full domain",302,302,269,0,33,200
"All tissues","Weighted SuSiE-mix","CSs without a shared biological lead SNP",61.328125,0.00198127990068332,10,"gaussian","all finite selected distances; unit area over full domain",302,302,269,0,33,200
"All tissues","Weighted SuSiE-mix","CSs without a shared biological lead SNP",61.71875,0.00196732935694245,10,"gaussian","all finite selected distances; unit area over full domain",302,302,269,0,33,200
"All tissues","Weighted SuSiE-mix","CSs without a shared biological lead SNP",62.109375,0.0019530716166939,10,"gaussian","all finite selected distances; unit area over full domain",302,302,269,0,33,200
"All tissues","Weighted SuSiE-mix","CSs without a shared biological lead SNP",62.5,0.0019385169919132,10,"gaussian","all finite selected distances; unit area over full domain",302,302,269,0,33,200
"All tissues","Weighted SuSiE-mix","CSs without a shared biological lead SNP",62.890625,0.00192364129308262,10,"gaussian","all finite selected distances; unit area over full domain",302,302,269,0,33,200
"All tissues","Weighted SuSiE-mix","CSs without a shared biological lead SNP",63.28125,0.00190848270528978,10,"gaussian","all finite selected distances; unit area over full domain",302,302,269,0,33,200
"All tissues","Weighted SuSiE-mix","CSs without a shared biological lead SNP",63.671875,0.0018930545919912,10,"gaussian","all finite selected distances; unit area over full domain",302,302,269,0,33,200
"All tissues","Weighted SuSiE-mix","CSs without a shared biological lead SNP",64.0625,0.00187733982305218,10,"gaussian","all finite selected distances; unit area over full domain",302,302,269,0,33,200
"All tissues","Weighted SuSiE-mix","CSs without a shared biological lead SNP",64.453125,0.00186137754960007,10,"gaussian","all finite selected distances; unit area over full domain",302,302,269,0,33,200
"All tissues","Weighted SuSiE-mix","CSs without a shared biological lead SNP",64.84375,0.00184518318785904,10,"gaussian","all finite selected distances; unit area over full domain",302,302,269,0,33,200
"All tissues","Weighted SuSiE-mix","CSs without a shared biological lead SNP",65.234375,0.00182874678405059,10,"gaussian","all finite selected distances; unit area over full domain",302,302,269,0,33,200
"All tissues","Weighted SuSiE-mix","CSs without a shared biological lead SNP",65.625,0.00181210643216436,10,"gaussian","all finite selected distances; unit area over full domain",302,302,269,0,33,200
"All tissues","Weighted SuSiE-mix","CSs without a shared biological lead SNP",66.015625,0.00179527876310213,10,"gaussian","all finite selected distances; unit area over full domain",302,302,269,0,33,200
"All tissues","Weighted SuSiE-mix","CSs without a shared biological lead SNP",66.40625,0.00177826095549419,10,"gaussian","all finite selected distances; unit area over full domain",302,302,269,0,33,200
"All tissues","Weighted SuSiE-mix","CSs without a shared biological lead SNP",66.796875,0.00176108838095783,10,"gaussian","all finite selected distances; unit area over full domain",302,302,269,0,33,200
"All tissues","Weighted SuSiE-mix","CSs without a shared biological lead SNP",67.1875,0.00174377821894722,10,"gaussian","all finite selected distances; unit area over full domain",302,302,269,0,33,200
"All tissues","Weighted SuSiE-mix","CSs without a shared biological lead SNP",67.578125,0.00172633463380015,10,"gaussian","all finite selected distances; unit area over full domain",302,302,269,0,33,200
"All tissues","Weighted SuSiE-mix","CSs without a shared biological lead SNP",67.96875,0.00170878895925707,10,"gaussian","all finite selected distances; unit area over full domain",302,302,269,0,33,200
"All tissues","Weighted SuSiE-mix","CSs without a shared biological lead SNP",68.359375,0.00169115842109612,10,"gaussian","all finite selected distances; unit area over full domain",302,302,269,0,33,200
"All tissues","Weighted SuSiE-mix","CSs without a shared biological lead SNP",68.75,0.00167345395946322,10,"gaussian","all finite selected distances; unit area over full domain",302,302,269,0,33,200
"All tissues","Weighted SuSiE-mix","CSs without a shared biological lead SNP",69.140625,0.00165570186790498,10,"gaussian","all finite selected distances; unit area over full domain",302,302,269,0,33,200
"All tissues","Weighted SuSiE-mix","CSs without a shared biological lead SNP",69.53125,0.00163791905555731,10,"gaussian","all finite selected distances; unit area over full domain",302,302,269,0,33,200
"All tissues","Weighted SuSiE-mix","CSs without a shared biological lead SNP",69.921875,0.0016201229821273,10,"gaussian","all finite selected distances; unit area over full domain",302,302,269,0,33,200
"All tissues","Weighted SuSiE-mix","CSs without a shared biological lead SNP",70.3125,0.00160233415775748,10,"gaussian","all finite selected distances; unit area over full domain",302,302,269,0,33,200
"All tissues","Weighted SuSiE-mix","CSs without a shared biological lead SNP",70.703125,0.0015845689150807,10,"gaussian","all finite selected distances; unit area over full domain",302,302,269,0,33,200
"All tissues","Weighted SuSiE-mix","CSs without a shared biological lead SNP",71.09375,0.00156685092515909,10,"gaussian","all finite selected distances; unit area over full domain",302,302,269,0,33,200
"All tissues","Weighted SuSiE-mix","CSs without a shared biological lead SNP",71.484375,0.00154919437169995,10,"gaussian","all finite selected distances; unit area over full domain",302,302,269,0,33,200
"All tissues","Weighted SuSiE-mix","CSs without a shared biological lead SNP",71.875,0.00153161481305395,10,"gaussian","all finite selected distances; unit area over full domain",302,302,269,0,33,200
"All tissues","Weighted SuSiE-mix","CSs without a shared biological lead SNP",72.265625,0.00151414174810269,10,"gaussian","all finite selected distances; unit area over full domain",302,302,269,0,33,200
"All tissues","Weighted SuSiE-mix","CSs without a shared biological lead SNP",72.65625,0.00149678263997989,10,"gaussian","all finite selected distances; unit area over full domain",302,302,269,0,33,200
"All tissues","Weighted SuSiE-mix","CSs without a shared biological lead SNP",73.046875,0.00147955209844788,10,"gaussian","all finite selected distances; unit area over full domain",302,302,269,0,33,200
"All tissues","Weighted SuSiE-mix","CSs without a shared biological lead SNP",73.4375,0.00146248495861493,10,"gaussian","all finite selected distances; unit area over full domain",302,302,269,0,33,200
"All tissues","Weighted SuSiE-mix","CSs without a shared biological lead SNP",73.828125,0.00144558168418014,10,"gaussian","all finite selected distances; unit area over full domain",302,302,269,0,33,200
"All tissues","Weighted SuSiE-mix","CSs without a shared biological lead SNP",74.21875,0.0014288557559738,10,"gaussian","all finite selected distances; unit area over full domain",302,302,269,0,33,200
"All tissues","Weighted SuSiE-mix","CSs without a shared biological lead SNP",74.609375,0.00141234671412279,10,"gaussian","all finite selected distances; unit area over full domain",302,302,269,0,33,200
"All tissues","Weighted SuSiE-mix","CSs without a shared biological lead SNP",75,0.00139604784898879,10,"gaussian","all finite selected distances; unit area over full domain",302,302,269,0,33,200
"All tissues","Weighted SuSiE-mix","CSs without a shared biological lead SNP",75.390625,0.00137997131054021,10,"gaussian","all finite selected distances; unit area over full domain",302,302,269,0,33,200
"All tissues","Weighted SuSiE-mix","CSs without a shared biological lead SNP",75.78125,0.00136416055324555,10,"gaussian","all finite selected distances; unit area over full domain",302,302,269,0,33,200
"All tissues","Weighted SuSiE-mix","CSs without a shared biological lead SNP",76.171875,0.0013486016382096,10,"gaussian","all finite selected distances; unit area over full domain",302,302,269,0,33,200
"All tissues","Weighted SuSiE-mix","CSs without a shared biological lead SNP",76.5625,0.00133330516151398,10,"gaussian","all finite selected distances; unit area over full domain",302,302,269,0,33,200
"All tissues","Weighted SuSiE-mix","CSs without a shared biological lead SNP",76.953125,0.00131831754196377,10,"gaussian","all finite selected distances; unit area over full domain",302,302,269,0,33,200
"All tissues","Weighted SuSiE-mix","CSs without a shared biological lead SNP",77.34375,0.00130361770422605,10,"gaussian","all finite selected distances; unit area over full domain",302,302,269,0,33,200
"All tissues","Weighted SuSiE-mix","CSs without a shared biological lead SNP",77.734375,0.00128921446172414,10,"gaussian","all finite selected distances; unit area over full domain",302,302,269,0,33,200
"All tissues","Weighted SuSiE-mix","CSs without a shared biological lead SNP",78.125,0.00127515611253053,10,"gaussian","all finite selected distances; unit area over full domain",302,302,269,0,33,200
"All tissues","Weighted SuSiE-mix","CSs without a shared biological lead SNP",78.515625,0.00126141472476162,10,"gaussian","all finite selected distances; unit area over full domain",302,302,269,0,33,200
"All tissues","Weighted SuSiE-mix","CSs without a shared biological lead SNP",78.90625,0.00124799712057361,10,"gaussian","all finite selected distances; unit area over full domain",302,302,269,0,33,200
"All tissues","Weighted SuSiE-mix","CSs without a shared biological lead SNP",79.296875,0.00123495230439001,10,"gaussian","all finite selected distances; unit area over full domain",302,302,269,0,33,200
"All tissues","Weighted SuSiE-mix","CSs without a shared biological lead SNP",79.6875,0.00122224598809429,10,"gaussian","all finite selected distances; unit area over full domain",302,302,269,0,33,200
"All tissues","Weighted SuSiE-mix","CSs without a shared biological lead SNP",80.078125,0.00120988286524729,10,"gaussian","all finite selected distances; unit area over full domain",302,302,269,0,33,200
"All tissues","Weighted SuSiE-mix","CSs without a shared biological lead SNP",80.46875,0.00119791138568575,10,"gaussian","all finite selected distances; unit area over full domain",302,302,269,0,33,200
"All tissues","Weighted SuSiE-mix","CSs without a shared biological lead SNP",80.859375,0.00118629170589066,10,"gaussian","all finite selected distances; unit area over full domain",302,302,269,0,33,200
"All tissues","Weighted SuSiE-mix","CSs without a shared biological lead SNP",81.25,0.00117502659278773,10,"gaussian","all finite selected distances; unit area over full domain",302,302,269,0,33,200
"All tissues","Weighted SuSiE-mix","CSs without a shared biological lead SNP",81.640625,0.00116416187252108,10,"gaussian","all finite selected distances; unit area over full domain",302,302,269,0,33,200
"All tissues","Weighted SuSiE-mix","CSs without a shared biological lead SNP",82.03125,0.00115365402724721,10,"gaussian","all finite selected distances; unit area over full domain",302,302,269,0,33,200
"All tissues","Weighted SuSiE-mix","CSs without a shared biological lead SNP",82.421875,0.00114350359928761,10,"gaussian","all finite selected distances; unit area over full domain",302,302,269,0,33,200
"All tissues","Weighted SuSiE-mix","CSs without a shared biological lead SNP",82.8125,0.00113375275006301,10,"gaussian","all finite selected distances; unit area over full domain",302,302,269,0,33,200
"All tissues","Weighted SuSiE-mix","CSs without a shared biological lead SNP",83.203125,0.00112435543551194,10,"gaussian","all finite selected distances; unit area over full domain",302,302,269,0,33,200
"All tissues","Weighted SuSiE-mix","CSs without a shared biological lead SNP",83.59375,0.00111531005101344,10,"gaussian","all finite selected distances; unit area over full domain",302,302,269,0,33,200
"All tissues","Weighted SuSiE-mix","CSs without a shared biological lead SNP",83.984375,0.00110665426895026,10,"gaussian","all finite selected distances; unit area over full domain",302,302,269,0,33,200
"All tissues","Weighted SuSiE-mix","CSs without a shared biological lead SNP",84.375,0.00109834072304792,10,"gaussian","all finite selected distances; unit area over full domain",302,302,269,0,33,200
"All tissues","Weighted SuSiE-mix","CSs without a shared biological lead SNP",84.765625,0.00109036581501643,10,"gaussian","all finite selected distances; unit area over full domain",302,302,269,0,33,200
"All tissues","Weighted SuSiE-mix","CSs without a shared biological lead SNP",85.15625,0.00108276212708993,10,"gaussian","all finite selected distances; unit area over full domain",302,302,269,0,33,200
"All tissues","Weighted SuSiE-mix","CSs without a shared biological lead SNP",85.546875,0.00107548215705465,10,"gaussian","all finite selected distances; unit area over full domain",302,302,269,0,33,200
"All tissues","Weighted SuSiE-mix","CSs without a shared biological lead SNP",85.9375,0.00106852050960622,10,"gaussian","all finite selected distances; unit area over full domain",302,302,269,0,33,200
"All tissues","Weighted SuSiE-mix","CSs without a shared biological lead SNP",86.328125,0.00106190427087024,10,"gaussian","all finite selected distances; unit area over full domain",302,302,269,0,33,200
"All tissues","Weighted SuSiE-mix","CSs without a shared biological lead SNP",86.71875,0.00105558689867057,10,"gaussian","all finite selected distances; unit area over full domain",302,302,269,0,33,200
"All tissues","Weighted SuSiE-mix","CSs without a shared biological lead SNP",87.109375,0.00104956139824747,10,"gaussian","all finite selected distances; unit area over full domain",302,302,269,0,33,200
"All tissues","Weighted SuSiE-mix","CSs without a shared biological lead SNP",87.5,0.00104384909243613,10,"gaussian","all finite selected distances; unit area over full domain",302,302,269,0,33,200
"All tissues","Weighted SuSiE-mix","CSs without a shared biological lead SNP",87.890625,0.00103840534681881,10,"gaussian","all finite selected distances; unit area over full domain",302,302,269,0,33,200
"All tissues","Weighted SuSiE-mix","CSs without a shared biological lead SNP",88.28125,0.00103322172144415,10,"gaussian","all finite selected distances; unit area over full domain",302,302,269,0,33,200
"All tissues","Weighted SuSiE-mix","CSs without a shared biological lead SNP",88.671875,0.0010283135758274,10,"gaussian","all finite selected distances; unit area over full domain",302,302,269,0,33,200
"All tissues","Weighted SuSiE-mix","CSs without a shared biological lead SNP",89.0625,0.00102363895098532,10,"gaussian","all finite selected distances; unit area over full domain",302,302,269,0,33,200
"All tissues","Weighted SuSiE-mix","CSs without a shared biological lead SNP",89.453125,0.00101918803669268,10,"gaussian","all finite selected distances; unit area over full domain",302,302,269,0,33,200
"All tissues","Weighted SuSiE-mix","CSs without a shared biological lead SNP",89.84375,0.00101497002693109,10,"gaussian","all finite selected distances; unit area over full domain",302,302,269,0,33,200
"All tissues","Weighted SuSiE-mix","CSs without a shared biological lead SNP",90.234375,0.00101094622709146,10,"gaussian","all finite selected distances; unit area over full domain",302,302,269,0,33,200
"All tissues","Weighted SuSiE-mix","CSs without a shared biological lead SNP",90.625,0.0010071054336177,10,"gaussian","all finite selected distances; unit area over full domain",302,302,269,0,33,200
"All tissues","Weighted SuSiE-mix","CSs without a shared biological lead SNP",91.015625,0.00100345042202694,10,"gaussian","all finite selected distances; unit area over full domain",302,302,269,0,33,200
"All tissues","Weighted SuSiE-mix","CSs without a shared biological lead SNP",91.40625,0.000999946207143659,10,"gaussian","all finite selected distances; unit area over full domain",302,302,269,0,33,200
"All tissues","Weighted SuSiE-mix","CSs without a shared biological lead SNP",91.796875,0.000996580076551217,10,"gaussian","all finite selected distances; unit area over full domain",302,302,269,0,33,200
"All tissues","Weighted SuSiE-mix","CSs without a shared biological lead SNP",92.1875,0.000993348071464918,10,"gaussian","all finite selected distances; unit area over full domain",302,302,269,0,33,200
"All tissues","Weighted SuSiE-mix","CSs without a shared biological lead SNP",92.578125,0.000990219279112586,10,"gaussian","all finite selected distances; unit area over full domain",302,302,269,0,33,200
"All tissues","Weighted SuSiE-mix","CSs without a shared biological lead SNP",92.96875,0.000987179302403401,10,"gaussian","all finite selected distances; unit area over full domain",302,302,269,0,33,200
"All tissues","Weighted SuSiE-mix","CSs without a shared biological lead SNP",93.359375,0.000984217102647347,10,"gaussian","all finite selected distances; unit area over full domain",302,302,269,0,33,200
"All tissues","Weighted SuSiE-mix","CSs without a shared biological lead SNP",93.75,0.000981306196242491,10,"gaussian","all finite selected distances; unit area over full domain",302,302,269,0,33,200
"All tissues","Weighted SuSiE-mix","CSs without a shared biological lead SNP",94.140625,0.000978430321729977,10,"gaussian","all finite selected distances; unit area over full domain",302,302,269,0,33,200
"All tissues","Weighted SuSiE-mix","CSs without a shared biological lead SNP",94.53125,0.000975571063602437,10,"gaussian","all finite selected distances; unit area over full domain",302,302,269,0,33,200
"All tissues","Weighted SuSiE-mix","CSs without a shared biological lead SNP",94.921875,0.000972706791081485,10,"gaussian","all finite selected distances; unit area over full domain",302,302,269,0,33,200
"All tissues","Weighted SuSiE-mix","CSs without a shared biological lead SNP",95.3125,0.000969819267927576,10,"gaussian","all finite selected distances; unit area over full domain",302,302,269,0,33,200
"All tissues","Weighted SuSiE-mix","CSs without a shared biological lead SNP",95.703125,0.000966882567611454,10,"gaussian","all finite selected distances; unit area over full domain",302,302,269,0,33,200
"All tissues","Weighted SuSiE-mix","CSs without a shared biological lead SNP",96.09375,0.000963880455174352,10,"gaussian","all finite selected distances; unit area over full domain",302,302,269,0,33,200
"All tissues","Weighted SuSiE-mix","CSs without a shared biological lead SNP",96.484375,0.000960792756943347,10,"gaussian","all finite selected distances; unit area over full domain",302,302,269,0,33,200
"All tissues","Weighted SuSiE-mix","CSs without a shared biological lead SNP",96.875,0.000957586195110085,10,"gaussian","all finite selected distances; unit area over full domain",302,302,269,0,33,200
"All tissues","Weighted SuSiE-mix","CSs without a shared biological lead SNP",97.265625,0.000954250609401302,10,"gaussian","all finite selected distances; unit area over full domain",302,302,269,0,33,200
"All tissues","Weighted SuSiE-mix","CSs without a shared biological lead SNP",97.65625,0.000950764143995501,10,"gaussian","all finite selected distances; unit area over full domain",302,302,269,0,33,200
"All tissues","Weighted SuSiE-mix","CSs without a shared biological lead SNP",98.046875,0.000947086747980975,10,"gaussian","all finite selected distances; unit area over full domain",302,302,269,0,33,200
"All tissues","Weighted SuSiE-mix","CSs without a shared biological lead SNP",98.4375,0.000943215121517327,10,"gaussian","all finite selected distances; unit area over full domain",302,302,269,0,33,200
"All tissues","Weighted SuSiE-mix","CSs without a shared biological lead SNP",98.828125,0.000939126248236604,10,"gaussian","all finite selected distances; unit area over full domain",302,302,269,0,33,200
"All tissues","Weighted SuSiE-mix","CSs without a shared biological lead SNP",99.21875,0.000934774393015159,10,"gaussian","all finite selected distances; unit area over full domain",302,302,269,0,33,200
"All tissues","Weighted SuSiE-mix","CSs without a shared biological lead SNP",99.609375,0.00093016393292781,10,"gaussian","all finite selected distances; unit area over full domain",302,302,269,0,33,200
"All tissues","Weighted SuSiE-mix","CSs without a shared biological lead SNP",100,0.000925271494567423,10,"gaussian","all finite selected distances; unit area over full domain",302,302,269,0,33,200
"All tissues","Weighted SuSiE-mix","CSs without a shared biological lead SNP",100.390625,0.000920047296001493,10,"gaussian","all finite selected distances; unit area over full domain",302,302,269,0,33,200
"All tissues","Weighted SuSiE-mix","CSs without a shared biological lead SNP",100.78125,0.000914504122268107,10,"gaussian","all finite selected distances; unit area over full domain",302,302,269,0,33,200
"All tissues","Weighted SuSiE-mix","CSs without a shared biological lead SNP",101.171875,0.000908619304661567,10,"gaussian","all finite selected distances; unit area over full domain",302,302,269,0,33,200
"All tissues","Weighted SuSiE-mix","CSs without a shared biological lead SNP",101.5625,0.000902341168764483,10,"gaussian","all finite selected distances; unit area over full domain",302,302,269,0,33,200
"All tissues","Weighted SuSiE-mix","CSs without a shared biological lead SNP",101.953125,0.000895691412154601,10,"gaussian","all finite selected distances; unit area over full domain",302,302,269,0,33,200
"All tissues","Weighted SuSiE-mix","CSs without a shared biological lead SNP",102.34375,0.000888649327222146,10,"gaussian","all finite selected distances; unit area over full domain",302,302,269,0,33,200
"All tissues","Weighted SuSiE-mix","CSs without a shared biological lead SNP",102.734375,0.000881163912813589,10,"gaussian","all finite selected distances; unit area over full domain",302,302,269,0,33,200
"All tissues","Weighted SuSiE-mix","CSs without a shared biological lead SNP",103.125,0.000873265912174952,10,"gaussian","all finite selected distances; unit area over full domain",302,302,269,0,33,200
"All tissues","Weighted SuSiE-mix","CSs without a shared biological lead SNP",103.515625,0.00086493793184697,10,"gaussian","all finite selected distances; unit area over full domain",302,302,269,0,33,200
"All tissues","Weighted SuSiE-mix","CSs without a shared biological lead SNP",103.90625,0.00085613244878247,10,"gaussian","all finite selected distances; unit area over full domain",302,302,269,0,33,200
"All tissues","Weighted SuSiE-mix","CSs without a shared biological lead SNP",104.296875,0.000846888888026567,10,"gaussian","all finite selected distances; unit area over full domain",302,302,269,0,33,200
"All tissues","Weighted SuSiE-mix","CSs without a shared biological lead SNP",104.6875,0.000837194498500038,10,"gaussian","all finite selected distances; unit area over full domain",302,302,269,0,33,200
"All tissues","Weighted SuSiE-mix","CSs without a shared biological lead SNP",105.078125,0.000827008057885789,10,"gaussian","all finite selected distances; unit area over full domain",302,302,269,0,33,200
"All tissues","Weighted SuSiE-mix","CSs without a shared biological lead SNP",105.46875,0.000816376727999867,10,"gaussian","all finite selected distances; unit area over full domain",302,302,269,0,33,200
"All tissues","Weighted SuSiE-mix","CSs without a shared biological lead SNP",105.859375,0.000805293573307324,10,"gaussian","all finite selected distances; unit area over full domain",302,302,269,0,33,200
"All tissues","Weighted SuSiE-mix","CSs without a shared biological lead SNP",106.25,0.000793726268308292,10,"gaussian","all finite selected distances; unit area over full domain",302,302,269,0,33,200
"All tissues","Weighted SuSiE-mix","CSs without a shared biological lead SNP",106.640625,0.000781728159540714,10,"gaussian","all finite selected distances; unit area over full domain",302,302,269,0,33,200
"All tissues","Weighted SuSiE-mix","CSs without a shared biological lead SNP",107.03125,0.000769299022436525,10,"gaussian","all finite selected distances; unit area over full domain",302,302,269,0,33,200
"All tissues","Weighted SuSiE-mix","CSs without a shared biological lead SNP",107.421875,0.000756417560627566,10,"gaussian","all finite selected distances; unit area over full domain",302,302,269,0,33,200
"All tissues","Weighted SuSiE-mix","CSs without a shared biological lead SNP",107.8125,0.000743141187778711,10,"gaussian","all finite selected distances; unit area over full domain",302,302,269,0,33,200
"All tissues","Weighted SuSiE-mix","CSs without a shared biological lead SNP",108.203125,0.00072947690830811,10,"gaussian","all finite selected distances; unit area over full domain",302,302,269,0,33,200
"All tissues","Weighted SuSiE-mix","CSs without a shared biological lead SNP",108.59375,0.000715415922938469,10,"gaussian","all finite selected distances; unit area over full domain",302,302,269,0,33,200
"All tissues","Weighted SuSiE-mix","CSs without a shared biological lead SNP",108.984375,0.000701017137783986,10,"gaussian","all finite selected distances; unit area over full domain",302,302,269,0,33,200
"All tissues","Weighted SuSiE-mix","CSs without a shared biological lead SNP",109.375,0.000686294862550418,10,"gaussian","all finite selected distances; unit area over full domain",302,302,269,0,33,200
"All tissues","Weighted SuSiE-mix","CSs without a shared biological lead SNP",109.765625,0.000671253459363655,10,"gaussian","all finite selected distances; unit area over full domain",302,302,269,0,33,200
"All tissues","Weighted SuSiE-mix","CSs without a shared biological lead SNP",110.15625,0.000655950460769038,10,"gaussian","all finite selected distances; unit area over full domain",302,302,269,0,33,200
"All tissues","Weighted SuSiE-mix","CSs without a shared biological lead SNP",110.546875,0.000640407094908364,10,"gaussian","all finite selected distances; unit area over full domain",302,302,269,0,33,200
"All tissues","Weighted SuSiE-mix","CSs without a shared biological lead SNP",110.9375,0.000624640684214296,10,"gaussian","all finite selected distances; unit area over full domain",302,302,269,0,33,200
"All tissues","Weighted SuSiE-mix","CSs without a shared biological lead SNP",111.328125,0.000608704435764642,10,"gaussian","all finite selected distances; unit area over full domain",302,302,269,0,33,200
"All tissues","Weighted SuSiE-mix","CSs without a shared biological lead SNP",111.71875,0.000592625669448923,10,"gaussian","all finite selected distances; unit area over full domain",302,302,269,0,33,200
"All tissues","Weighted SuSiE-mix","CSs without a shared biological lead SNP",112.109375,0.000576433623128359,10,"gaussian","all finite selected distances; unit area over full domain",302,302,269,0,33,200
"All tissues","Weighted SuSiE-mix","CSs without a shared biological lead SNP",112.5,0.000560174363083982,10,"gaussian","all finite selected distances; unit area over full domain",302,302,269,0,33,200
"All tissues","Weighted SuSiE-mix","CSs without a shared biological lead SNP",112.890625,0.000543880098755365,10,"gaussian","all finite selected distances; unit area over full domain",302,302,269,0,33,200
"All tissues","Weighted SuSiE-mix","CSs without a shared biological lead SNP",113.28125,0.000527590195005849,10,"gaussian","all finite selected distances; unit area over full domain",302,302,269,0,33,200
"All tissues","Weighted SuSiE-mix","CSs without a shared biological lead SNP",113.671875,0.000511341113460197,10,"gaussian","all finite selected distances; unit area over full domain",302,302,269,0,33,200
"All tissues","Weighted SuSiE-mix","CSs without a shared biological lead SNP",114.0625,0.000495168472275192,10,"gaussian","all finite selected distances; unit area over full domain",302,302,269,0,33,200
"All tissues","Weighted SuSiE-mix","CSs without a shared biological lead SNP",114.453125,0.000479119396123908,10,"gaussian","all finite selected distances; unit area over full domain",302,302,269,0,33,200
"All tissues","Weighted SuSiE-mix","CSs without a shared biological lead SNP",114.84375,0.000463218814027442,10,"gaussian","all finite selected distances; unit area over full domain",302,302,269,0,33,200
"All tissues","Weighted SuSiE-mix","CSs without a shared biological lead SNP",115.234375,0.000447504111134661,10,"gaussian","all finite selected distances; unit area over full domain",302,302,269,0,33,200
"All tissues","Weighted SuSiE-mix","CSs without a shared biological lead SNP",115.625,0.000432027434591945,10,"gaussian","all finite selected distances; unit area over full domain",302,302,269,0,33,200
"All tissues","Weighted SuSiE-mix","CSs without a shared biological lead SNP",116.015625,0.000416800924457001,10,"gaussian","all finite selected distances; unit area over full domain",302,302,269,0,33,200
"All tissues","Weighted SuSiE-mix","CSs without a shared biological lead SNP",116.40625,0.0004018620558036,10,"gaussian","all finite selected distances; unit area over full domain",302,302,269,0,33,200
"All tissues","Weighted SuSiE-mix","CSs without a shared biological lead SNP",116.796875,0.00038726511920219,10,"gaussian","all finite selected distances; unit area over full domain",302,302,269,0,33,200
"All tissues","Weighted SuSiE-mix","CSs without a shared biological lead SNP",117.1875,0.0003730089562373,10,"gaussian","all finite selected distances; unit area over full domain",302,302,269,0,33,200
"All tissues","Weighted SuSiE-mix","CSs without a shared biological lead SNP",117.578125,0.000359129540231592,10,"gaussian","all finite selected distances; unit area over full domain",302,302,269,0,33,200
"All tissues","Weighted SuSiE-mix","CSs without a shared biological lead SNP",117.96875,0.000345680508726063,10,"gaussian","all finite selected distances; unit area over full domain",302,302,269,0,33,200
"All tissues","Weighted SuSiE-mix","CSs without a shared biological lead SNP",118.359375,0.000332647652954352,10,"gaussian","all finite selected distances; unit area over full domain",302,302,269,0,33,200
"All tissues","Weighted SuSiE-mix","CSs without a shared biological lead SNP",118.75,0.000320064043450657,10,"gaussian","all finite selected distances; unit area over full domain",302,302,269,0,33,200
"All tissues","Weighted SuSiE-mix","CSs without a shared biological lead SNP",119.140625,0.000307980150174503,10,"gaussian","all finite selected distances; unit area over full domain",302,302,269,0,33,200
"All tissues","Weighted SuSiE-mix","CSs without a shared biological lead SNP",119.53125,0.000296369669331122,10,"gaussian","all finite selected distances; unit area over full domain",302,302,269,0,33,200
"All tissues","Weighted SuSiE-mix","CSs without a shared biological lead SNP",119.921875,0.000285261640330245,10,"gaussian","all finite selected distances; unit area over full domain",302,302,269,0,33,200
"All tissues","Weighted SuSiE-mix","CSs without a shared biological lead SNP",120.3125,0.000274701291463875,10,"gaussian","all finite selected distances; unit area over full domain",302,302,269,0,33,200
"All tissues","Weighted SuSiE-mix","CSs without a shared biological lead SNP",120.703125,0.000264651784153103,10,"gaussian","all finite selected distances; unit area over full domain",302,302,269,0,33,200
"All tissues","Weighted SuSiE-mix","CSs without a shared biological lead SNP",121.09375,0.000255137325620901,10,"gaussian","all finite selected distances; unit area over full domain",302,302,269,0,33,200
"All tissues","Weighted SuSiE-mix","CSs without a shared biological lead SNP",121.484375,0.000246196377135836,10,"gaussian","all finite selected distances; unit area over full domain",302,302,269,0,33,200
"All tissues","Weighted SuSiE-mix","CSs without a shared biological lead SNP",121.875,0.000237783589953039,10,"gaussian","all finite selected distances; unit area over full domain",302,302,269,0,33,200
"All tissues","Weighted SuSiE-mix","CSs without a shared biological lead SNP",122.265625,0.000229917891355798,10,"gaussian","all finite selected distances; unit area over full domain",302,302,269,0,33,200
"All tissues","Weighted SuSiE-mix","CSs without a shared biological lead SNP",122.65625,0.000222630053565337,10,"gaussian","all finite selected distances; unit area over full domain",302,302,269,0,33,200
"All tissues","Weighted SuSiE-mix","CSs without a shared biological lead SNP",123.046875,0.000215868543469437,10,"gaussian","all finite selected distances; unit area over full domain",302,302,269,0,33,200
"All tissues","Weighted SuSiE-mix","CSs without a shared biological lead SNP",123.4375,0.00020964691311708,10,"gaussian","all finite selected distances; unit area over full domain",302,302,269,0,33,200
"All tissues","Weighted SuSiE-mix","CSs without a shared biological lead SNP",123.828125,0.000203987929966467,10,"gaussian","all finite selected distances; unit area over full domain",302,302,269,0,33,200
"All tissues","Weighted SuSiE-mix","CSs without a shared biological lead SNP",124.21875,0.000198836333291175,10,"gaussian","all finite selected distances; unit area over full domain",302,302,269,0,33,200
"All tissues","Weighted SuSiE-mix","CSs without a shared biological lead SNP",124.609375,0.000194200532872943,10,"gaussian","all finite selected distances; unit area over full domain",302,302,269,0,33,200
"All tissues","Weighted SuSiE-mix","CSs without a shared biological lead SNP",125,0.00019009553948234,10,"gaussian","all finite selected distances; unit area over full domain",302,302,269,0,33,200
"All tissues","Weighted SuSiE-mix","CSs without a shared biological lead SNP",125.390625,0.000186464789171968,10,"gaussian","all finite selected distances; unit area over full domain",302,302,269,0,33,200
"All tissues","Weighted SuSiE-mix","CSs without a shared biological lead SNP",125.78125,0.000183312067724019,10,"gaussian","all finite selected distances; unit area over full domain",302,302,269,0,33,200
"All tissues","Weighted SuSiE-mix","CSs without a shared biological lead SNP",126.171875,0.000180645361832007,10,"gaussian","all finite selected distances; unit area over full domain",302,302,269,0,33,200
"All tissues","Weighted SuSiE-mix","CSs without a shared biological lead SNP",126.5625,0.00017840905114124,10,"gaussian","all finite selected distances; unit area over full domain",302,302,269,0,33,200
"All tissues","Weighted SuSiE-mix","CSs without a shared biological lead SNP",126.953125,0.000176603044166754,10,"gaussian","all finite selected distances; unit area over full domain",302,302,269,0,33,200
"All tissues","Weighted SuSiE-mix","CSs without a shared biological lead SNP",127.34375,0.000175229414692261,10,"gaussian","all finite selected distances; unit area over full domain",302,302,269,0,33,200
"All tissues","Weighted SuSiE-mix","CSs without a shared biological lead SNP",127.734375,0.000174235435999463,10,"gaussian","all finite selected distances; unit area over full domain",302,302,269,0,33,200
"All tissues","Weighted SuSiE-mix","CSs without a shared biological lead SNP",128.125,0.000173618048511365,10,"gaussian","all finite selected distances; unit area over full domain",302,302,269,0,33,200
"All tissues","Weighted SuSiE-mix","CSs without a shared biological lead SNP",128.515625,0.000173374780337686,10,"gaussian","all finite selected distances; unit area over full domain",302,302,269,0,33,200
"All tissues","Weighted SuSiE-mix","CSs without a shared biological lead SNP",128.90625,0.000173457363225799,10,"gaussian","all finite selected distances; unit area over full domain",302,302,269,0,33,200
"All tissues","Weighted SuSiE-mix","CSs without a shared biological lead SNP",129.296875,0.000173860770148779,10,"gaussian","all finite selected distances; unit area over full domain",302,302,269,0,33,200
"All tissues","Weighted SuSiE-mix","CSs without a shared biological lead SNP",129.6875,0.00017457947755658,10,"gaussian","all finite selected distances; unit area over full domain",302,302,269,0,33,200
"All tissues","Weighted SuSiE-mix","CSs without a shared biological lead SNP",130.078125,0.000175570799471381,10,"gaussian","all finite selected distances; unit area over full domain",302,302,269,0,33,200
"All tissues","Weighted SuSiE-mix","CSs without a shared biological lead SNP",130.46875,0.000176828761333144,10,"gaussian","all finite selected distances; unit area over full domain",302,302,269,0,33,200
"All tissues","Weighted SuSiE-mix","CSs without a shared biological lead SNP",130.859375,0.000178346281455709,10,"gaussian","all finite selected distances; unit area over full domain",302,302,269,0,33,200
"All tissues","Weighted SuSiE-mix","CSs without a shared biological lead SNP",131.25,0.000180086915398411,10,"gaussian","all finite selected distances; unit area over full domain",302,302,269,0,33,200
"All tissues","Weighted SuSiE-mix","CSs without a shared biological lead SNP",131.640625,0.000182044710190655,10,"gaussian","all finite selected distances; unit area over full domain",302,302,269,0,33,200
"All tissues","Weighted SuSiE-mix","CSs without a shared biological lead SNP",132.03125,0.000184212401575578,10,"gaussian","all finite selected distances; unit area over full domain",302,302,269,0,33,200
"All tissues","Weighted SuSiE-mix","CSs without a shared biological lead SNP",132.421875,0.000186559988089961,10,"gaussian","all finite selected distances; unit area over full domain",302,302,269,0,33,200
"All tissues","Weighted SuSiE-mix","CSs without a shared biological lead SNP",132.8125,0.00018908239181595,10,"gaussian","all finite selected distances; unit area over full domain",302,302,269,0,33,200
"All tissues","Weighted SuSiE-mix","CSs without a shared biological lead SNP",133.203125,0.000191773322539072,10,"gaussian","all finite selected distances; unit area over full domain",302,302,269,0,33,200
"All tissues","Weighted SuSiE-mix","CSs without a shared biological lead SNP",133.59375,0.000194608999158607,10,"gaussian","all finite selected distances; unit area over full domain",302,302,269,0,33,200
"All tissues","Weighted SuSiE-mix","CSs without a shared biological lead SNP",133.984375,0.000197585899868738,10,"gaussian","all finite selected distances; unit area over full domain",302,302,269,0,33,200
"All tissues","Weighted SuSiE-mix","CSs without a shared biological lead SNP",134.375,0.000200699567129832,10,"gaussian","all finite selected distances; unit area over full domain",302,302,269,0,33,200
"All tissues","Weighted SuSiE-mix","CSs without a shared biological lead SNP",134.765625,0.000203931850293954,10,"gaussian","all finite selected distances; unit area over full domain",302,302,269,0,33,200
"All tissues","Weighted SuSiE-mix","CSs without a shared biological lead SNP",135.15625,0.000207281246451561,10,"gaussian","all finite selected distances; unit area over full domain",302,302,269,0,33,200
"All tissues","Weighted SuSiE-mix","CSs without a shared biological lead SNP",135.546875,0.000210745638506717,10,"gaussian","all finite selected distances; unit area over full domain",302,302,269,0,33,200
"All tissues","Weighted SuSiE-mix","CSs without a shared biological lead SNP",135.9375,0.000214311624140101,10,"gaussian","all finite selected distances; unit area over full domain",302,302,269,0,33,200
"All tissues","Weighted SuSiE-mix","CSs without a shared biological lead SNP",136.328125,0.000217979931340986,10,"gaussian","all finite selected distances; unit area over full domain",302,302,269,0,33,200
"All tissues","Weighted SuSiE-mix","CSs without a shared biological lead SNP",136.71875,0.000221750916303944,10,"gaussian","all finite selected distances; unit area over full domain",302,302,269,0,33,200
"All tissues","Weighted SuSiE-mix","CSs without a shared biological lead SNP",137.109375,0.00022561483893969,10,"gaussian","all finite selected distances; unit area over full domain",302,302,269,0,33,200
"All tissues","Weighted SuSiE-mix","CSs without a shared biological lead SNP",137.5,0.000229574602269557,10,"gaussian","all finite selected distances; unit area over full domain",302,302,269,0,33,200
"All tissues","Weighted SuSiE-mix","CSs without a shared biological lead SNP",137.890625,0.000233632799454086,10,"gaussian","all finite selected distances; unit area over full domain",302,302,269,0,33,200
"All tissues","Weighted SuSiE-mix","CSs without a shared biological lead SNP",138.28125,0.000237782158443463,10,"gaussian","all finite selected distances; unit area over full domain",302,302,269,0,33,200
"All tissues","Weighted SuSiE-mix","CSs without a shared biological lead SNP",138.671875,0.000242027433308296,10,"gaussian","all finite selected distances; unit area over full domain",302,302,269,0,33,200
"All tissues","Weighted SuSiE-mix","CSs without a shared biological lead SNP",139.0625,0.000246372883396213,10,"gaussian","all finite selected distances; unit area over full domain",302,302,269,0,33,200
"All tissues","Weighted SuSiE-mix","CSs without a shared biological lead SNP",139.453125,0.000250812500233989,10,"gaussian","all finite selected distances; unit area over full domain",302,302,269,0,33,200
"All tissues","Weighted SuSiE-mix","CSs without a shared biological lead SNP",139.84375,0.000255352314057033,10,"gaussian","all finite selected distances; unit area over full domain",302,302,269,0,33,200
"All tissues","Weighted SuSiE-mix","CSs without a shared biological lead SNP",140.234375,0.000259997406166236,10,"gaussian","all finite selected distances; unit area over full domain",302,302,269,0,33,200
"All tissues","Weighted SuSiE-mix","CSs without a shared biological lead SNP",140.625,0.000264741911022249,10,"gaussian","all finite selected distances; unit area over full domain",302,302,269,0,33,200
"All tissues","Weighted SuSiE-mix","CSs without a shared biological lead SNP",141.015625,0.000269592343628125,10,"gaussian","all finite selected distances; unit area over full domain",302,302,269,0,33,200
"All tissues","Weighted SuSiE-mix","CSs without a shared biological lead SNP",141.40625,0.000274553572438006,10,"gaussian","all finite selected distances; unit area over full domain",302,302,269,0,33,200
"All tissues","Weighted SuSiE-mix","CSs without a shared biological lead SNP",141.796875,0.000279618923037903,10,"gaussian","all finite selected distances; unit area over full domain",302,302,269,0,33,200
"All tissues","Weighted SuSiE-mix","CSs without a shared biological lead SNP",142.1875,0.000284794437627728,10,"gaussian","all finite selected distances; unit area over full domain",302,302,269,0,33,200
"All tissues","Weighted SuSiE-mix","CSs without a shared biological lead SNP",142.578125,0.000290083645390116,10,"gaussian","all finite selected distances; unit area over full domain",302,302,269,0,33,200
"All tissues","Weighted SuSiE-mix","CSs without a shared biological lead SNP",142.96875,0.000295478351236227,10,"gaussian","all finite selected distances; unit area over full domain",302,302,269,0,33,200
"All tissues","Weighted SuSiE-mix","CSs without a shared biological lead SNP",143.359375,0.000300983064971716,10,"gaussian","all finite selected distances; unit area over full domain",302,302,269,0,33,200
"All tissues","Weighted SuSiE-mix","CSs without a shared biological lead SNP",143.75,0.000306598866528155,10,"gaussian","all finite selected distances; unit area over full domain",302,302,269,0,33,200
"All tissues","Weighted SuSiE-mix","CSs without a shared biological lead SNP",144.140625,0.00031231562174675,10,"gaussian","all finite selected distances; unit area over full domain",302,302,269,0,33,200
"All tissues","Weighted SuSiE-mix","CSs without a shared biological lead SNP",144.53125,0.000318135221404164,10,"gaussian","all finite selected distances; unit area over full domain",302,302,269,0,33,200
"All tissues","Weighted SuSiE-mix","CSs without a shared biological lead SNP",144.921875,0.000324055312225169,10,"gaussian","all finite selected distances; unit area over full domain",302,302,269,0,33,200
"All tissues","Weighted SuSiE-mix","CSs without a shared biological lead SNP",145.3125,0.000330063728656837,10,"gaussian","all finite selected distances; unit area over full domain",302,302,269,0,33,200
"All tissues","Weighted SuSiE-mix","CSs without a shared biological lead SNP",145.703125,0.000336158710780237,10,"gaussian","all finite selected distances; unit area over full domain",302,302,269,0,33,200
"All tissues","Weighted SuSiE-mix","CSs without a shared biological lead SNP",146.09375,0.000342333717339418,10,"gaussian","all finite selected distances; unit area over full domain",302,302,269,0,33,200
"All tissues","Weighted SuSiE-mix","CSs without a shared biological lead SNP",146.484375,0.000348574795175871,10,"gaussian","all finite selected distances; unit area over full domain",302,302,269,0,33,200
"All tissues","Weighted SuSiE-mix","CSs without a shared biological lead SNP",146.875,0.000354875641487881,10,"gaussian","all finite selected distances; unit area over full domain",302,302,269,0,33,200
"All tissues","Weighted SuSiE-mix","CSs without a shared biological lead SNP",147.265625,0.000361225090312237,10,"gaussian","all finite selected distances; unit area over full domain",302,302,269,0,33,200
"All tissues","Weighted SuSiE-mix","CSs without a shared biological lead SNP",147.65625,0.000367607967389378,10,"gaussian","all finite selected distances; unit area over full domain",302,302,269,0,33,200
"All tissues","Weighted SuSiE-mix","CSs without a shared biological lead SNP",148.046875,0.000374012756116216,10,"gaussian","all finite selected distances; unit area over full domain",302,302,269,0,33,200
"All tissues","Weighted SuSiE-mix","CSs without a shared biological lead SNP",148.4375,0.000380423614272523,10,"gaussian","all finite selected distances; unit area over full domain",302,302,269,0,33,200
"All tissues","Weighted SuSiE-mix","CSs without a shared biological lead SNP",148.828125,0.000386824999146193,10,"gaussian","all finite selected distances; unit area over full domain",302,302,269,0,33,200
"All tissues","Weighted SuSiE-mix","CSs without a shared biological lead SNP",149.21875,0.000393199803960274,10,"gaussian","all finite selected distances; unit area over full domain",302,302,269,0,33,200
"All tissues","Weighted SuSiE-mix","CSs without a shared biological lead SNP",149.609375,0.000399527882658729,10,"gaussian","all finite selected distances; unit area over full domain",302,302,269,0,33,200
"All tissues","Weighted SuSiE-mix","CSs without a shared biological lead SNP",150,0.000405794404489762,10,"gaussian","all finite selected distances; unit area over full domain",302,302,269,0,33,200
"All tissues","Weighted SuSiE-mix","CSs without a shared biological lead SNP",150.390625,0.000411976649316762,10,"gaussian","all finite selected distances; unit area over full domain",302,302,269,0,33,200
"All tissues","Weighted SuSiE-mix","CSs without a shared biological lead SNP",150.78125,0.000418050968851491,10,"gaussian","all finite selected distances; unit area over full domain",302,302,269,0,33,200
"All tissues","Weighted SuSiE-mix","CSs without a shared biological lead SNP",151.171875,0.000424004474840339,10,"gaussian","all finite selected distances; unit area over full domain",302,302,269,0,33,200
"All tissues","Weighted SuSiE-mix","CSs without a shared biological lead SNP",151.5625,0.000429809201727975,10,"gaussian","all finite selected distances; unit area over full domain",302,302,269,0,33,200
"All tissues","Weighted SuSiE-mix","CSs without a shared biological lead SNP",151.953125,0.000435439198119174,10,"gaussian","all finite selected distances; unit area over full domain",302,302,269,0,33,200
"All tissues","Weighted SuSiE-mix","CSs without a shared biological lead SNP",152.34375,0.000440884805866115,10,"gaussian","all finite selected distances; unit area over full domain",302,302,269,0,33,200
"All tissues","Weighted SuSiE-mix","CSs without a shared biological lead SNP",152.734375,0.000446113584877895,10,"gaussian","all finite selected distances; unit area over full domain",302,302,269,0,33,200
"All tissues","Weighted SuSiE-mix","CSs without a shared biological lead SNP",153.125,0.000451098808097515,10,"gaussian","all finite selected distances; unit area over full domain",302,302,269,0,33,200
"All tissues","Weighted SuSiE-mix","CSs without a shared biological lead SNP",153.515625,0.000455835288930285,10,"gaussian","all finite selected distances; unit area over full domain",302,302,269,0,33,200
"All tissues","Weighted SuSiE-mix","CSs without a shared biological lead SNP",153.90625,0.000460287268205616,10,"gaussian","all finite selected distances; unit area over full domain",302,302,269,0,33,200
"All tissues","Weighted SuSiE-mix","CSs without a shared biological lead SNP",154.296875,0.000464428994792139,10,"gaussian","all finite selected distances; unit area over full domain",302,302,269,0,33,200
"All tissues","Weighted SuSiE-mix","CSs without a shared biological lead SNP",154.6875,0.000468260842174367,10,"gaussian","all finite selected distances; unit area over full domain",302,302,269,0,33,200
"All tissues","Weighted SuSiE-mix","CSs without a shared biological lead SNP",155.078125,0.000471745221656445,10,"gaussian","all finite selected distances; unit area over full domain",302,302,269,0,33,200
"All tissues","Weighted SuSiE-mix","CSs without a shared biological lead SNP",155.46875,0.000474859200810947,10,"gaussian","all finite selected distances; unit area over full domain",302,302,269,0,33,200
"All tissues","Weighted SuSiE-mix","CSs without a shared biological lead SNP",155.859375,0.000477609546376718,10,"gaussian","all finite selected distances; unit area over full domain",302,302,269,0,33,200
"All tissues","Weighted SuSiE-mix","CSs without a shared biological lead SNP",156.25,0.000479958582116412,10,"gaussian","all finite selected distances; unit area over full domain",302,302,269,0,33,200
"All tissues","Weighted SuSiE-mix","CSs without a shared biological lead SNP",156.640625,0.00048188797641968,10,"gaussian","all finite selected distances; unit area over full domain",302,302,269,0,33,200
"All tissues","Weighted SuSiE-mix","CSs without a shared biological lead SNP",157.03125,0.000483411377642643,10,"gaussian","all finite selected distances; unit area over full domain",302,302,269,0,33,200
"All tissues","Weighted SuSiE-mix","CSs without a shared biological lead SNP",157.421875,0.000484492907735329,10,"gaussian","all finite selected distances; unit area over full domain",302,302,269,0,33,200
"All tissues","Weighted SuSiE-mix","CSs without a shared biological lead SNP",157.8125,0.000485120399636925,10,"gaussian","all finite selected distances; unit area over full domain",302,302,269,0,33,200
"All tissues","Weighted SuSiE-mix","CSs without a shared biological lead SNP",158.203125,0.000485314459067419,10,"gaussian","all finite selected distances; unit area over full domain",302,302,269,0,33,200
"All tissues","Weighted SuSiE-mix","CSs without a shared biological lead SNP",158.59375,0.00048504290743451,10,"gaussian","all finite selected distances; unit area over full domain",302,302,269,0,33,200
"All tissues","Weighted SuSiE-mix","CSs without a shared biological lead SNP",158.984375,0.000484300939161916,10,"gaussian","all finite selected distances; unit area over full domain",302,302,269,0,33,200
"All tissues","Weighted SuSiE-mix","CSs without a shared biological lead SNP",159.375,0.000483115742102887,10,"gaussian","all finite selected distances; unit area over full domain",302,302,269,0,33,200
"All tissues","Weighted SuSiE-mix","CSs without a shared biological lead SNP",159.765625,0.000481460616582337,10,"gaussian","all finite selected distances; unit area over full domain",302,302,269,0,33,200
"All tissues","Weighted SuSiE-mix","CSs without a shared biological lead SNP",160.15625,0.000479338825215321,10,"gaussian","all finite selected distances; unit area over full domain",302,302,269,0,33,200
"All tissues","Weighted SuSiE-mix","CSs without a shared biological lead SNP",160.546875,0.000476783308682558,10,"gaussian","all finite selected distances; unit area over full domain",302,302,269,0,33,200
"All tissues","Weighted SuSiE-mix","CSs without a shared biological lead SNP",160.9375,0.000473774369685098,10,"gaussian","all finite selected distances; unit area over full domain",302,302,269,0,33,200
"All tissues","Weighted SuSiE-mix","CSs without a shared biological lead SNP",161.328125,0.000470323471354904,10,"gaussian","all finite selected distances; unit area over full domain",302,302,269,0,33,200
"All tissues","Weighted SuSiE-mix","CSs without a shared biological lead SNP",161.71875,0.000466468058836605,10,"gaussian","all finite selected distances; unit area over full domain",302,302,269,0,33,200
"All tissues","Weighted SuSiE-mix","CSs without a shared biological lead SNP",162.109375,0.000462196586547529,10,"gaussian","all finite selected distances; unit area over full domain",302,302,269,0,33,200
"All tissues","Weighted SuSiE-mix","CSs without a shared biological lead SNP",162.5,0.000457528242115253,10,"gaussian","all finite selected distances; unit area over full domain",302,302,269,0,33,200
"All tissues","Weighted SuSiE-mix","CSs without a shared biological lead SNP",162.890625,0.00045250338000347,10,"gaussian","all finite selected distances; unit area over full domain",302,302,269,0,33,200
"All tissues","Weighted SuSiE-mix","CSs without a shared biological lead SNP",163.28125,0.00044711929145747,10,"gaussian","all finite selected distances; unit area over full domain",302,302,269,0,33,200
"All tissues","Weighted SuSiE-mix","CSs without a shared biological lead SNP",163.671875,0.000441401826266654,10,"gaussian","all finite selected distances; unit area over full domain",302,302,269,0,33,200
"All tissues","Weighted SuSiE-mix","CSs without a shared biological lead SNP",164.0625,0.000435392410948221,10,"gaussian","all finite selected distances; unit area over full domain",302,302,269,0,33,200
"All tissues","Weighted SuSiE-mix","CSs without a shared biological lead SNP",164.453125,0.000429097341756366,10,"gaussian","all finite selected distances; unit area over full domain",302,302,269,0,33,200
"All tissues","Weighted SuSiE-mix","CSs without a shared biological lead SNP",164.84375,0.000422547559621961,10,"gaussian","all finite selected distances; unit area over full domain",302,302,269,0,33,200
"All tissues","Weighted SuSiE-mix","CSs without a shared biological lead SNP",165.234375,0.000415783612113075,10,"gaussian","all finite selected distances; unit area over full domain",302,302,269,0,33,200
"All tissues","Weighted SuSiE-mix","CSs without a shared biological lead SNP",165.625,0.000408820442003116,10,"gaussian","all finite selected distances; unit area over full domain",302,302,269,0,33,200
"All tissues","Weighted SuSiE-mix","CSs without a shared biological lead SNP",166.015625,0.000401692127951543,10,"gaussian","all finite selected distances; unit area over full domain",302,302,269,0,33,200
"All tissues","Weighted SuSiE-mix","CSs without a shared biological lead SNP",166.40625,0.000394436414292701,10,"gaussian","all finite selected distances; unit area over full domain",302,302,269,0,33,200
"All tissues","Weighted SuSiE-mix","CSs without a shared biological lead SNP",166.796875,0.000387076039266274,10,"gaussian","all finite selected distances; unit area over full domain",302,302,269,0,33,200
"All tissues","Weighted SuSiE-mix","CSs without a shared biological lead SNP",167.1875,0.000379646045620217,10,"gaussian","all finite selected distances; unit area over full domain",302,302,269,0,33,200
"All tissues","Weighted SuSiE-mix","CSs without a shared biological lead SNP",167.578125,0.000372179616049558,10,"gaussian","all finite selected distances; unit area over full domain",302,302,269,0,33,200
"All tissues","Weighted SuSiE-mix","CSs without a shared biological lead SNP",167.96875,0.000364706014615699,10,"gaussian","all finite selected distances; unit area over full domain",302,302,269,0,33,200
"All tissues","Weighted SuSiE-mix","CSs without a shared biological lead SNP",168.359375,0.000357259035175293,10,"gaussian","all finite selected distances; unit area over full domain",302,302,269,0,33,200
"All tissues","Weighted SuSiE-mix","CSs without a shared biological lead SNP",168.75,0.000349865830630416,10,"gaussian","all finite selected distances; unit area over full domain",302,302,269,0,33,200
"All tissues","Weighted SuSiE-mix","CSs without a shared biological lead SNP",169.140625,0.000342560608089768,10,"gaussian","all finite selected distances; unit area over full domain",302,302,269,0,33,200
"All tissues","Weighted SuSiE-mix","CSs without a shared biological lead SNP",169.53125,0.000335373840496839,10,"gaussian","all finite selected distances; unit area over full domain",302,302,269,0,33,200
"All tissues","Weighted SuSiE-mix","CSs without a shared biological lead SNP",169.921875,0.000328325570685432,10,"gaussian","all finite selected distances; unit area over full domain",302,302,269,0,33,200
"All tissues","Weighted SuSiE-mix","CSs without a shared biological lead SNP",170.3125,0.000321453178182491,10,"gaussian","all finite selected distances; unit area over full domain",302,302,269,0,33,200
"All tissues","Weighted SuSiE-mix","CSs without a shared biological lead SNP",170.703125,0.000314782044715322,10,"gaussian","all finite selected distances; unit area over full domain",302,302,269,0,33,200
"All tissues","Weighted SuSiE-mix","CSs without a shared biological lead SNP",171.09375,0.000308324472598981,10,"gaussian","all finite selected distances; unit area over full domain",302,302,269,0,33,200
"All tissues","Weighted SuSiE-mix","CSs without a shared biological lead SNP",171.484375,0.000302119186944259,10,"gaussian","all finite selected distances; unit area over full domain",302,302,269,0,33,200
"All tissues","Weighted SuSiE-mix","CSs without a shared biological lead SNP",171.875,0.0002961851347978,10,"gaussian","all finite selected distances; unit area over full domain",302,302,269,0,33,200
"All tissues","Weighted SuSiE-mix","CSs without a shared biological lead SNP",172.265625,0.000290526718781402,10,"gaussian","all finite selected distances; unit area over full domain",302,302,269,0,33,200
"All tissues","Weighted SuSiE-mix","CSs without a shared biological lead SNP",172.65625,0.000285182251132642,10,"gaussian","all finite selected distances; unit area over full domain",302,302,269,0,33,200
"All tissues","Weighted SuSiE-mix","CSs without a shared biological lead SNP",173.046875,0.000280163405854722,10,"gaussian","all finite selected distances; unit area over full domain",302,302,269,0,33,200
"All tissues","Weighted SuSiE-mix","CSs without a shared biological lead SNP",173.4375,0.000275466978768874,10,"gaussian","all finite selected distances; unit area over full domain",302,302,269,0,33,200
"All tissues","Weighted SuSiE-mix","CSs without a shared biological lead SNP",173.828125,0.000271129284957103,10,"gaussian","all finite selected distances; unit area over full domain",302,302,269,0,33,200
"All tissues","Weighted SuSiE-mix","CSs without a shared biological lead SNP",174.21875,0.000267154418507923,10,"gaussian","all finite selected distances; unit area over full domain",302,302,269,0,33,200
"All tissues","Weighted SuSiE-mix","CSs without a shared biological lead SNP",174.609375,0.00026353225792214,10,"gaussian","all finite selected distances; unit area over full domain",302,302,269,0,33,200
"All tissues","Weighted SuSiE-mix","CSs without a shared biological lead SNP",175,0.00026029578947009,10,"gaussian","all finite selected distances; unit area over full domain",302,302,269,0,33,200
"All tissues","Weighted SuSiE-mix","CSs without a shared biological lead SNP",175.390625,0.000257441728032444,10,"gaussian","all finite selected distances; unit area over full domain",302,302,269,0,33,200
"All tissues","Weighted SuSiE-mix","CSs without a shared biological lead SNP",175.78125,0.000254954037344014,10,"gaussian","all finite selected distances; unit area over full domain",302,302,269,0,33,200
"All tissues","Weighted SuSiE-mix","CSs without a shared biological lead SNP",176.171875,0.000252861342484616,10,"gaussian","all finite selected distances; unit area over full domain",302,302,269,0,33,200
"All tissues","Weighted SuSiE-mix","CSs without a shared biological lead SNP",176.5625,0.000251153620782574,10,"gaussian","all finite selected distances; unit area over full domain",302,302,269,0,33,200
"All tissues","Weighted SuSiE-mix","CSs without a shared biological lead SNP",176.953125,0.000249810136176283,10,"gaussian","all finite selected distances; unit area over full domain",302,302,269,0,33,200
"All tissues","Weighted SuSiE-mix","CSs without a shared biological lead SNP",177.34375,0.000248854434287873,10,"gaussian","all finite selected distances; unit area over full domain",302,302,269,0,33,200
"All tissues","Weighted SuSiE-mix","CSs without a shared biological lead SNP",177.734375,0.000248270740340911,10,"gaussian","all finite selected distances; unit area over full domain",302,302,269,0,33,200
"All tissues","Weighted SuSiE-mix","CSs without a shared biological lead SNP",178.125,0.000248034940081596,10,"gaussian","all finite selected distances; unit area over full domain",302,302,269,0,33,200
"All tissues","Weighted SuSiE-mix","CSs without a shared biological lead SNP",178.515625,0.000248165082642129,10,"gaussian","all finite selected distances; unit area over full domain",302,302,269,0,33,200
"All tissues","Weighted SuSiE-mix","CSs without a shared biological lead SNP",178.90625,0.000248640857464517,10,"gaussian","all finite selected distances; unit area over full domain",302,302,269,0,33,200
"All tissues","Weighted SuSiE-mix","CSs without a shared biological lead SNP",179.296875,0.000249436100993997,10,"gaussian","all finite selected distances; unit area over full domain",302,302,269,0,33,200
"All tissues","Weighted SuSiE-mix","CSs without a shared biological lead SNP",179.6875,0.000250563216804579,10,"gaussian","all finite selected distances; unit area over full domain",302,302,269,0,33,200
"All tissues","Weighted SuSiE-mix","CSs without a shared biological lead SNP",180.078125,0.000251998692118318,10,"gaussian","all finite selected distances; unit area over full domain",302,302,269,0,33,200
"All tissues","Weighted SuSiE-mix","CSs without a shared biological lead SNP",180.46875,0.000253715566949397,10,"gaussian","all finite selected distances; unit area over full domain",302,302,269,0,33,200
"All tissues","Weighted SuSiE-mix","CSs without a shared biological lead SNP",180.859375,0.000255720673714802,10,"gaussian","all finite selected distances; unit area over full domain",302,302,269,0,33,200
"All tissues","Weighted SuSiE-mix","CSs without a shared biological lead SNP",181.25,0.000257988646941925,10,"gaussian","all finite selected distances; unit area over full domain",302,302,269,0,33,200
"All tissues","Weighted SuSiE-mix","CSs without a shared biological lead SNP",181.640625,0.000260492846306905,10,"gaussian","all finite selected distances; unit area over full domain",302,302,269,0,33,200
"All tissues","Weighted SuSiE-mix","CSs without a shared biological lead SNP",182.03125,0.000263234784648295,10,"gaussian","all finite selected distances; unit area over full domain",302,302,269,0,33,200
"All tissues","Weighted SuSiE-mix","CSs without a shared biological lead SNP",182.421875,0.000266188529697542,10,"gaussian","all finite selected distances; unit area over full domain",302,302,269,0,33,200
"All tissues","Weighted SuSiE-mix","CSs without a shared biological lead SNP",182.8125,0.000269328704665278,10,"gaussian","all finite selected distances; unit area over full domain",302,302,269,0,33,200
"All tissues","Weighted SuSiE-mix","CSs without a shared biological lead SNP",183.203125,0.000272651891570653,10,"gaussian","all finite selected distances; unit area over full domain",302,302,269,0,33,200
"All tissues","Weighted SuSiE-mix","CSs without a shared biological lead SNP",183.59375,0.000276132760169103,10,"gaussian","all finite selected distances; unit area over full domain",302,302,269,0,33,200
"All tissues","Weighted SuSiE-mix","CSs without a shared biological lead SNP",183.984375,0.000279747957637489,10,"gaussian","all finite selected distances; unit area over full domain",302,302,269,0,33,200
"All tissues","Weighted SuSiE-mix","CSs without a shared biological lead SNP",184.375,0.00028348963284259,10,"gaussian","all finite selected distances; unit area over full domain",302,302,269,0,33,200
"All tissues","Weighted SuSiE-mix","CSs without a shared biological lead SNP",184.765625,0.000287334081332446,10,"gaussian","all finite selected distances; unit area over full domain",302,302,269,0,33,200
"All tissues","Weighted SuSiE-mix","CSs without a shared biological lead SNP",185.15625,0.000291260559783844,10,"gaussian","all finite selected distances; unit area over full domain",302,302,269,0,33,200
"All tissues","Weighted SuSiE-mix","CSs without a shared biological lead SNP",185.546875,0.000295257375855101,10,"gaussian","all finite selected distances; unit area over full domain",302,302,269,0,33,200
"All tissues","Weighted SuSiE-mix","CSs without a shared biological lead SNP",185.9375,0.000299303321987143,10,"gaussian","all finite selected distances; unit area over full domain",302,302,269,0,33,200
"All tissues","Weighted SuSiE-mix","CSs without a shared biological lead SNP",186.328125,0.000303380696435221,10,"gaussian","all finite selected distances; unit area over full domain",302,302,269,0,33,200
"All tissues","Weighted SuSiE-mix","CSs without a shared biological lead SNP",186.71875,0.000307474649063512,10,"gaussian","all finite selected distances; unit area over full domain",302,302,269,0,33,200
"All tissues","Weighted SuSiE-mix","CSs without a shared biological lead SNP",187.109375,0.0003115671922016,10,"gaussian","all finite selected distances; unit area over full domain",302,302,269,0,33,200
"All tissues","Weighted SuSiE-mix","CSs without a shared biological lead SNP",187.5,0.000315643970691537,10,"gaussian","all finite selected distances; unit area over full domain",302,302,269,0,33,200
"All tissues","Weighted SuSiE-mix","CSs without a shared biological lead SNP",187.890625,0.000319687755417641,10,"gaussian","all finite selected distances; unit area over full domain",302,302,269,0,33,200
"All tissues","Weighted SuSiE-mix","CSs without a shared biological lead SNP",188.28125,0.000323684360937982,10,"gaussian","all finite selected distances; unit area over full domain",302,302,269,0,33,200
"All tissues","Weighted SuSiE-mix","CSs without a shared biological lead SNP",188.671875,0.000327622980334164,10,"gaussian","all finite selected distances; unit area over full domain",302,302,269,0,33,200
"All tissues","Weighted SuSiE-mix","CSs without a shared biological lead SNP",189.0625,0.000331484883110611,10,"gaussian","all finite selected distances; unit area over full domain",302,302,269,0,33,200
"All tissues","Weighted SuSiE-mix","CSs without a shared biological lead SNP",189.453125,0.000335260129746147,10,"gaussian","all finite selected distances; unit area over full domain",302,302,269,0,33,200
"All tissues","Weighted SuSiE-mix","CSs without a shared biological lead SNP",189.84375,0.000338941574976784,10,"gaussian","all finite selected distances; unit area over full domain",302,302,269,0,33,200
"All tissues","Weighted SuSiE-mix","CSs without a shared biological lead SNP",190.234375,0.000342509958210825,10,"gaussian","all finite selected distances; unit area over full domain",302,302,269,0,33,200
"All tissues","Weighted SuSiE-mix","CSs without a shared biological lead SNP",190.625,0.000345959881971763,10,"gaussian","all finite selected distances; unit area over full domain",302,302,269,0,33,200
"All tissues","Weighted SuSiE-mix","CSs without a shared biological lead SNP",191.015625,0.000349287891124162,10,"gaussian","all finite selected distances; unit area over full domain",302,302,269,0,33,200
"All tissues","Weighted SuSiE-mix","CSs without a shared biological lead SNP",191.40625,0.000352475239461051,10,"gaussian","all finite selected distances; unit area over full domain",302,302,269,0,33,200
"All tissues","Weighted SuSiE-mix","CSs without a shared biological lead SNP",191.796875,0.00035552119887894,10,"gaussian","all finite selected distances; unit area over full domain",302,302,269,0,33,200
"All tissues","Weighted SuSiE-mix","CSs without a shared biological lead SNP",192.1875,0.000358425939379307,10,"gaussian","all finite selected distances; unit area over full domain",302,302,269,0,33,200
"All tissues","Weighted SuSiE-mix","CSs without a shared biological lead SNP",192.578125,0.000361172306678264,10,"gaussian","all finite selected distances; unit area over full domain",302,302,269,0,33,200
"All tissues","Weighted SuSiE-mix","CSs without a shared biological lead SNP",192.96875,0.000363764170204181,10,"gaussian","all finite selected distances; unit area over full domain",302,302,269,0,33,200
"All tissues","Weighted SuSiE-mix","CSs without a shared biological lead SNP",193.359375,0.000366205149436016,10,"gaussian","all finite selected distances; unit area over full domain",302,302,269,0,33,200
"All tissues","Weighted SuSiE-mix","CSs without a shared biological lead SNP",193.75,0.00036848073233017,10,"gaussian","all finite selected distances; unit area over full domain",302,302,269,0,33,200
"All tissues","Weighted SuSiE-mix","CSs without a shared biological lead SNP",194.140625,0.000370599082479678,10,"gaussian","all finite selected distances; unit area over full domain",302,302,269,0,33,200
"All tissues","Weighted SuSiE-mix","CSs without a shared biological lead SNP",194.53125,0.000372566962265992,10,"gaussian","all finite selected distances; unit area over full domain",302,302,269,0,33,200
"All tissues","Weighted SuSiE-mix","CSs without a shared biological lead SNP",194.921875,0.000374373448343772,10,"gaussian","all finite selected distances; unit area over full domain",302,302,269,0,33,200
"All tissues","Weighted SuSiE-mix","CSs without a shared biological lead SNP",195.3125,0.000376030438994533,10,"gaussian","all finite selected distances; unit area over full domain",302,302,269,0,33,200
"All tissues","Weighted SuSiE-mix","CSs without a shared biological lead SNP",195.703125,0.00037754738570056,10,"gaussian","all finite selected distances; unit area over full domain",302,302,269,0,33,200
"All tissues","Weighted SuSiE-mix","CSs without a shared biological lead SNP",196.09375,0.000378917711156265,10,"gaussian","all finite selected distances; unit area over full domain",302,302,269,0,33,200
"All tissues","Weighted SuSiE-mix","CSs without a shared biological lead SNP",196.484375,0.000380156226249131,10,"gaussian","all finite selected distances; unit area over full domain",302,302,269,0,33,200
"All tissues","Weighted SuSiE-mix","CSs without a shared biological lead SNP",196.875,0.000381274465087695,10,"gaussian","all finite selected distances; unit area over full domain",302,302,269,0,33,200
"All tissues","Weighted SuSiE-mix","CSs without a shared biological lead SNP",197.265625,0.000382270681384069,10,"gaussian","all finite selected distances; unit area over full domain",302,302,269,0,33,200
"All tissues","Weighted SuSiE-mix","CSs without a shared biological lead SNP",197.65625,0.00038316153413063,10,"gaussian","all finite selected distances; unit area over full domain",302,302,269,0,33,200
"All tissues","Weighted SuSiE-mix","CSs without a shared biological lead SNP",198.046875,0.000383959891789453,10,"gaussian","all finite selected distances; unit area over full domain",302,302,269,0,33,200
"All tissues","Weighted SuSiE-mix","CSs without a shared biological lead SNP",198.4375,0.000384668982320282,10,"gaussian","all finite selected distances; unit area over full domain",302,302,269,0,33,200
"All tissues","Weighted SuSiE-mix","CSs without a shared biological lead SNP",198.828125,0.000385306057611997,10,"gaussian","all finite selected distances; unit area over full domain",302,302,269,0,33,200
"All tissues","Weighted SuSiE-mix","CSs without a shared biological lead SNP",199.21875,0.000385884460424696,10,"gaussian","all finite selected distances; unit area over full domain",302,302,269,0,33,200
"All tissues","Weighted SuSiE-mix","CSs without a shared biological lead SNP",199.609375,0.000386412150031775,10,"gaussian","all finite selected distances; unit area over full domain",302,302,269,0,33,200
"All tissues","Weighted SuSiE-mix","CSs without a shared biological lead SNP",200,0.000386905608208892,10,"gaussian","all finite selected distances; unit area over full domain",302,302,269,0,33,200
