tissue,model,distance_to_tss_kb,bin_lower_kb,bin_upper_kb,count,proportion,percentage,n_cs_total,n_cs_in_window
Adipose Tissue,SuSiE,-200,-205,-195,0,0,0,915,882
Adipose Tissue,SuSiE,-190,-195,-185,0,0,0,915,882
Adipose Tissue,SuSiE,-180,-185,-175,5,0.00566893424036281,0.566893424036281,915,882
Adipose Tissue,SuSiE,-170,-175,-165,2,0.00226757369614512,0.226757369614512,915,882
Adipose Tissue,SuSiE,-160,-165,-155,3,0.00340136054421769,0.340136054421769,915,882
Adipose Tissue,SuSiE,-150,-155,-145,3,0.00340136054421769,0.340136054421769,915,882
Adipose Tissue,SuSiE,-140,-145,-135,5,0.00566893424036281,0.566893424036281,915,882
Adipose Tissue,SuSiE,-130,-135,-125,3,0.00340136054421769,0.340136054421769,915,882
Adipose Tissue,SuSiE,-120,-125,-115,6,0.00680272108843537,0.680272108843537,915,882
Adipose Tissue,SuSiE,-110,-115,-105,4,0.00453514739229025,0.453514739229025,915,882
Adipose Tissue,SuSiE,-100,-105,-95,10,0.0113378684807256,1.13378684807256,915,882
Adipose Tissue,SuSiE,-90,-95,-85,9,0.0102040816326531,1.02040816326531,915,882
Adipose Tissue,SuSiE,-80,-85,-75,11,0.0124716553287982,1.24716553287982,915,882
Adipose Tissue,SuSiE,-70,-75,-65,15,0.0170068027210884,1.70068027210884,915,882
Adipose Tissue,SuSiE,-60,-65,-55,12,0.0136054421768707,1.36054421768707,915,882
Adipose Tissue,SuSiE,-50,-55,-45,17,0.0192743764172336,1.92743764172336,915,882
Adipose Tissue,SuSiE,-40,-45,-35,30,0.0340136054421769,3.40136054421769,915,882
Adipose Tissue,SuSiE,-30,-35,-25,42,0.0476190476190476,4.76190476190476,915,882
Adipose Tissue,SuSiE,-20,-25,-15,66,0.0748299319727891,7.48299319727891,915,882
Adipose Tissue,SuSiE,-10,-15,-5,79,0.0895691609977324,8.95691609977324,915,882
Adipose Tissue,SuSiE,0,-5,5,248,0.281179138321996,28.1179138321996,915,882
Adipose Tissue,SuSiE,10,5,15,81,0.0918367346938776,9.18367346938776,915,882
Adipose Tissue,SuSiE,20,15,25,53,0.0600907029478458,6.00907029478458,915,882
Adipose Tissue,SuSiE,30,25,35,49,0.0555555555555556,5.55555555555556,915,882
Adipose Tissue,SuSiE,40,35,45,30,0.0340136054421769,3.40136054421769,915,882
Adipose Tissue,SuSiE,50,45,55,18,0.0204081632653061,2.04081632653061,915,882
Adipose Tissue,SuSiE,60,55,65,17,0.0192743764172336,1.92743764172336,915,882
Adipose Tissue,SuSiE,70,65,75,13,0.0147392290249433,1.47392290249433,915,882
Adipose Tissue,SuSiE,80,75,85,12,0.0136054421768707,1.36054421768707,915,882
Adipose Tissue,SuSiE,90,85,95,4,0.00453514739229025,0.453514739229025,915,882
Adipose Tissue,SuSiE,100,95,105,3,0.00340136054421769,0.340136054421769,915,882
Adipose Tissue,SuSiE,110,105,115,8,0.0090702947845805,0.90702947845805,915,882
Adipose Tissue,SuSiE,120,115,125,2,0.00226757369614512,0.226757369614512,915,882
Adipose Tissue,SuSiE,130,125,135,3,0.00340136054421769,0.340136054421769,915,882
Adipose Tissue,SuSiE,140,135,145,4,0.00453514739229025,0.453514739229025,915,882
Adipose Tissue,SuSiE,150,145,155,7,0.00793650793650794,0.793650793650794,915,882
Adipose Tissue,SuSiE,160,155,165,1,0.00113378684807256,0.113378684807256,915,882
Adipose Tissue,SuSiE,170,165,175,2,0.00226757369614512,0.226757369614512,915,882
Adipose Tissue,SuSiE,180,175,185,2,0.00226757369614512,0.226757369614512,915,882
Adipose Tissue,SuSiE,190,185,195,1,0.00113378684807256,0.113378684807256,915,882
Adipose Tissue,SuSiE,200,195,205,2,0.00226757369614512,0.226757369614512,915,882
Adipose Tissue,SuSiE-mix,-200,-205,-195,0,0,0,912,877
Adipose Tissue,SuSiE-mix,-190,-195,-185,0,0,0,912,877
Adipose Tissue,SuSiE-mix,-180,-185,-175,5,0.00570125427594071,0.570125427594071,912,877
Adipose Tissue,SuSiE-mix,-170,-175,-165,2,0.00228050171037628,0.228050171037628,912,877
Adipose Tissue,SuSiE-mix,-160,-165,-155,3,0.00342075256556442,0.342075256556442,912,877
Adipose Tissue,SuSiE-mix,-150,-155,-145,2,0.00228050171037628,0.228050171037628,912,877
Adipose Tissue,SuSiE-mix,-140,-145,-135,5,0.00570125427594071,0.570125427594071,912,877
Adipose Tissue,SuSiE-mix,-130,-135,-125,2,0.00228050171037628,0.228050171037628,912,877
Adipose Tissue,SuSiE-mix,-120,-125,-115,5,0.00570125427594071,0.570125427594071,912,877
Adipose Tissue,SuSiE-mix,-110,-115,-105,4,0.00456100342075257,0.456100342075257,912,877
Adipose Tissue,SuSiE-mix,-100,-105,-95,10,0.0114025085518814,1.14025085518814,912,877
Adipose Tissue,SuSiE-mix,-90,-95,-85,8,0.00912200684150513,0.912200684150513,912,877
Adipose Tissue,SuSiE-mix,-80,-85,-75,13,0.0148232611174458,1.48232611174458,912,877
Adipose Tissue,SuSiE-mix,-70,-75,-65,17,0.0193842645381984,1.93842645381984,912,877
Adipose Tissue,SuSiE-mix,-60,-65,-55,14,0.015963511972634,1.5963511972634,912,877
Adipose Tissue,SuSiE-mix,-50,-55,-45,17,0.0193842645381984,1.93842645381984,912,877
Adipose Tissue,SuSiE-mix,-40,-45,-35,32,0.0364880273660205,3.64880273660205,912,877
Adipose Tissue,SuSiE-mix,-30,-35,-25,42,0.0478905359179019,4.78905359179019,912,877
Adipose Tissue,SuSiE-mix,-20,-25,-15,64,0.0729760547320411,7.29760547320411,912,877
Adipose Tissue,SuSiE-mix,-10,-15,-5,79,0.0900798175598632,9.00798175598632,912,877
Adipose Tissue,SuSiE-mix,0,-5,5,244,0.278221208665907,27.8221208665907,912,877
Adipose Tissue,SuSiE-mix,10,5,15,80,0.0912200684150513,9.12200684150513,912,877
Adipose Tissue,SuSiE-mix,20,15,25,54,0.0615735461801596,6.15735461801596,912,877
Adipose Tissue,SuSiE-mix,30,25,35,47,0.0535917901938426,5.35917901938426,912,877
Adipose Tissue,SuSiE-mix,40,35,45,29,0.0330672748004561,3.30672748004561,912,877
Adipose Tissue,SuSiE-mix,50,45,55,14,0.015963511972634,1.5963511972634,912,877
Adipose Tissue,SuSiE-mix,60,55,65,16,0.0182440136830103,1.82440136830103,912,877
Adipose Tissue,SuSiE-mix,70,65,75,15,0.0171037628278221,1.71037628278221,912,877
Adipose Tissue,SuSiE-mix,80,75,85,15,0.0171037628278221,1.71037628278221,912,877
Adipose Tissue,SuSiE-mix,90,85,95,4,0.00456100342075257,0.456100342075257,912,877
Adipose Tissue,SuSiE-mix,100,95,105,1,0.00114025085518814,0.114025085518814,912,877
Adipose Tissue,SuSiE-mix,110,105,115,9,0.0102622576966933,1.02622576966933,912,877
Adipose Tissue,SuSiE-mix,120,115,125,3,0.00342075256556442,0.342075256556442,912,877
Adipose Tissue,SuSiE-mix,130,125,135,3,0.00342075256556442,0.342075256556442,912,877
Adipose Tissue,SuSiE-mix,140,135,145,4,0.00456100342075257,0.456100342075257,912,877
Adipose Tissue,SuSiE-mix,150,145,155,5,0.00570125427594071,0.570125427594071,912,877
Adipose Tissue,SuSiE-mix,160,155,165,1,0.00114025085518814,0.114025085518814,912,877
Adipose Tissue,SuSiE-mix,170,165,175,2,0.00228050171037628,0.228050171037628,912,877
Adipose Tissue,SuSiE-mix,180,175,185,2,0.00228050171037628,0.228050171037628,912,877
Adipose Tissue,SuSiE-mix,190,185,195,1,0.00114025085518814,0.114025085518814,912,877
Adipose Tissue,SuSiE-mix,200,195,205,4,0.00456100342075257,0.456100342075257,912,877
Adrenal Gland,SuSiE,-200,-205,-195,2,0.00793650793650794,0.793650793650794,265,252
Adrenal Gland,SuSiE,-190,-195,-185,1,0.00396825396825397,0.396825396825397,265,252
Adrenal Gland,SuSiE,-180,-185,-175,0,0,0,265,252
Adrenal Gland,SuSiE,-170,-175,-165,1,0.00396825396825397,0.396825396825397,265,252
Adrenal Gland,SuSiE,-160,-165,-155,0,0,0,265,252
Adrenal Gland,SuSiE,-150,-155,-145,3,0.0119047619047619,1.19047619047619,265,252
Adrenal Gland,SuSiE,-140,-145,-135,1,0.00396825396825397,0.396825396825397,265,252
Adrenal Gland,SuSiE,-130,-135,-125,2,0.00793650793650794,0.793650793650794,265,252
Adrenal Gland,SuSiE,-120,-125,-115,2,0.00793650793650794,0.793650793650794,265,252
Adrenal Gland,SuSiE,-110,-115,-105,1,0.00396825396825397,0.396825396825397,265,252
Adrenal Gland,SuSiE,-100,-105,-95,2,0.00793650793650794,0.793650793650794,265,252
Adrenal Gland,SuSiE,-90,-95,-85,1,0.00396825396825397,0.396825396825397,265,252
Adrenal Gland,SuSiE,-80,-85,-75,1,0.00396825396825397,0.396825396825397,265,252
Adrenal Gland,SuSiE,-70,-75,-65,7,0.0277777777777778,2.77777777777778,265,252
Adrenal Gland,SuSiE,-60,-65,-55,6,0.0238095238095238,2.38095238095238,265,252
Adrenal Gland,SuSiE,-50,-55,-45,10,0.0396825396825397,3.96825396825397,265,252
Adrenal Gland,SuSiE,-40,-45,-35,10,0.0396825396825397,3.96825396825397,265,252
Adrenal Gland,SuSiE,-30,-35,-25,14,0.0555555555555556,5.55555555555556,265,252
Adrenal Gland,SuSiE,-20,-25,-15,20,0.0793650793650794,7.93650793650794,265,252
Adrenal Gland,SuSiE,-10,-15,-5,28,0.111111111111111,11.1111111111111,265,252
Adrenal Gland,SuSiE,0,-5,5,58,0.23015873015873,23.015873015873,265,252
Adrenal Gland,SuSiE,10,5,15,23,0.0912698412698413,9.12698412698413,265,252
Adrenal Gland,SuSiE,20,15,25,28,0.111111111111111,11.1111111111111,265,252
Adrenal Gland,SuSiE,30,25,35,6,0.0238095238095238,2.38095238095238,265,252
Adrenal Gland,SuSiE,40,35,45,6,0.0238095238095238,2.38095238095238,265,252
Adrenal Gland,SuSiE,50,45,55,2,0.00793650793650794,0.793650793650794,265,252
Adrenal Gland,SuSiE,60,55,65,3,0.0119047619047619,1.19047619047619,265,252
Adrenal Gland,SuSiE,70,65,75,1,0.00396825396825397,0.396825396825397,265,252
Adrenal Gland,SuSiE,80,75,85,3,0.0119047619047619,1.19047619047619,265,252
Adrenal Gland,SuSiE,90,85,95,1,0.00396825396825397,0.396825396825397,265,252
Adrenal Gland,SuSiE,100,95,105,2,0.00793650793650794,0.793650793650794,265,252
Adrenal Gland,SuSiE,110,105,115,1,0.00396825396825397,0.396825396825397,265,252
Adrenal Gland,SuSiE,120,115,125,1,0.00396825396825397,0.396825396825397,265,252
Adrenal Gland,SuSiE,130,125,135,0,0,0,265,252
Adrenal Gland,SuSiE,140,135,145,2,0.00793650793650794,0.793650793650794,265,252
Adrenal Gland,SuSiE,150,145,155,0,0,0,265,252
Adrenal Gland,SuSiE,160,155,165,1,0.00396825396825397,0.396825396825397,265,252
Adrenal Gland,SuSiE,170,165,175,2,0.00793650793650794,0.793650793650794,265,252
Adrenal Gland,SuSiE,180,175,185,0,0,0,265,252
Adrenal Gland,SuSiE,190,185,195,0,0,0,265,252
Adrenal Gland,SuSiE,200,195,205,0,0,0,265,252
Adrenal Gland,SuSiE-mix,-200,-205,-195,1,0.00398406374501992,0.398406374501992,263,251
Adrenal Gland,SuSiE-mix,-190,-195,-185,1,0.00398406374501992,0.398406374501992,263,251
Adrenal Gland,SuSiE-mix,-180,-185,-175,0,0,0,263,251
Adrenal Gland,SuSiE-mix,-170,-175,-165,1,0.00398406374501992,0.398406374501992,263,251
Adrenal Gland,SuSiE-mix,-160,-165,-155,0,0,0,263,251
Adrenal Gland,SuSiE-mix,-150,-155,-145,3,0.0119521912350598,1.19521912350598,263,251
Adrenal Gland,SuSiE-mix,-140,-145,-135,1,0.00398406374501992,0.398406374501992,263,251
Adrenal Gland,SuSiE-mix,-130,-135,-125,1,0.00398406374501992,0.398406374501992,263,251
Adrenal Gland,SuSiE-mix,-120,-125,-115,2,0.00796812749003984,0.796812749003984,263,251
Adrenal Gland,SuSiE-mix,-110,-115,-105,2,0.00796812749003984,0.796812749003984,263,251
Adrenal Gland,SuSiE-mix,-100,-105,-95,2,0.00796812749003984,0.796812749003984,263,251
Adrenal Gland,SuSiE-mix,-90,-95,-85,1,0.00398406374501992,0.398406374501992,263,251
Adrenal Gland,SuSiE-mix,-80,-85,-75,1,0.00398406374501992,0.398406374501992,263,251
Adrenal Gland,SuSiE-mix,-70,-75,-65,7,0.0278884462151394,2.78884462151394,263,251
Adrenal Gland,SuSiE-mix,-60,-65,-55,6,0.0239043824701195,2.39043824701195,263,251
Adrenal Gland,SuSiE-mix,-50,-55,-45,9,0.0358565737051793,3.58565737051793,263,251
Adrenal Gland,SuSiE-mix,-40,-45,-35,11,0.0438247011952191,4.38247011952191,263,251
Adrenal Gland,SuSiE-mix,-30,-35,-25,14,0.0557768924302789,5.57768924302789,263,251
Adrenal Gland,SuSiE-mix,-20,-25,-15,21,0.0836653386454183,8.36653386454183,263,251
Adrenal Gland,SuSiE-mix,-10,-15,-5,26,0.103585657370518,10.3585657370518,263,251
Adrenal Gland,SuSiE-mix,0,-5,5,60,0.239043824701195,23.9043824701195,263,251
Adrenal Gland,SuSiE-mix,10,5,15,21,0.0836653386454183,8.36653386454183,263,251
Adrenal Gland,SuSiE-mix,20,15,25,29,0.115537848605578,11.5537848605578,263,251
Adrenal Gland,SuSiE-mix,30,25,35,6,0.0239043824701195,2.39043824701195,263,251
Adrenal Gland,SuSiE-mix,40,35,45,6,0.0239043824701195,2.39043824701195,263,251
Adrenal Gland,SuSiE-mix,50,45,55,2,0.00796812749003984,0.796812749003984,263,251
Adrenal Gland,SuSiE-mix,60,55,65,3,0.0119521912350598,1.19521912350598,263,251
Adrenal Gland,SuSiE-mix,70,65,75,1,0.00398406374501992,0.398406374501992,263,251
Adrenal Gland,SuSiE-mix,80,75,85,3,0.0119521912350598,1.19521912350598,263,251
Adrenal Gland,SuSiE-mix,90,85,95,2,0.00796812749003984,0.796812749003984,263,251
Adrenal Gland,SuSiE-mix,100,95,105,2,0.00796812749003984,0.796812749003984,263,251
Adrenal Gland,SuSiE-mix,110,105,115,1,0.00398406374501992,0.398406374501992,263,251
Adrenal Gland,SuSiE-mix,120,115,125,1,0.00398406374501992,0.398406374501992,263,251
Adrenal Gland,SuSiE-mix,130,125,135,0,0,0,263,251
Adrenal Gland,SuSiE-mix,140,135,145,2,0.00796812749003984,0.796812749003984,263,251
Adrenal Gland,SuSiE-mix,150,145,155,0,0,0,263,251
Adrenal Gland,SuSiE-mix,160,155,165,1,0.00398406374501992,0.398406374501992,263,251
Adrenal Gland,SuSiE-mix,170,165,175,1,0.00398406374501992,0.398406374501992,263,251
Adrenal Gland,SuSiE-mix,180,175,185,0,0,0,263,251
Adrenal Gland,SuSiE-mix,190,185,195,0,0,0,263,251
Adrenal Gland,SuSiE-mix,200,195,205,0,0,0,263,251
Blood,SuSiE,-200,-205,-195,1,0.00259067357512953,0.259067357512953,418,386
Blood,SuSiE,-190,-195,-185,0,0,0,418,386
Blood,SuSiE,-180,-185,-175,0,0,0,418,386
Blood,SuSiE,-170,-175,-165,0,0,0,418,386
Blood,SuSiE,-160,-165,-155,1,0.00259067357512953,0.259067357512953,418,386
Blood,SuSiE,-150,-155,-145,2,0.00518134715025907,0.518134715025907,418,386
Blood,SuSiE,-140,-145,-135,0,0,0,418,386
Blood,SuSiE,-130,-135,-125,6,0.0155440414507772,1.55440414507772,418,386
Blood,SuSiE,-120,-125,-115,3,0.0077720207253886,0.77720207253886,418,386
Blood,SuSiE,-110,-115,-105,2,0.00518134715025907,0.518134715025907,418,386
Blood,SuSiE,-100,-105,-95,4,0.0103626943005181,1.03626943005181,418,386
Blood,SuSiE,-90,-95,-85,4,0.0103626943005181,1.03626943005181,418,386
Blood,SuSiE,-80,-85,-75,6,0.0155440414507772,1.55440414507772,418,386
Blood,SuSiE,-70,-75,-65,7,0.0181347150259067,1.81347150259067,418,386
Blood,SuSiE,-60,-65,-55,5,0.0129533678756477,1.29533678756477,418,386
Blood,SuSiE,-50,-55,-45,7,0.0181347150259067,1.81347150259067,418,386
Blood,SuSiE,-40,-45,-35,10,0.0259067357512953,2.59067357512953,418,386
Blood,SuSiE,-30,-35,-25,15,0.038860103626943,3.8860103626943,418,386
Blood,SuSiE,-20,-25,-15,30,0.077720207253886,7.7720207253886,418,386
Blood,SuSiE,-10,-15,-5,41,0.106217616580311,10.6217616580311,418,386
Blood,SuSiE,0,-5,5,102,0.264248704663212,26.4248704663213,418,386
Blood,SuSiE,10,5,15,38,0.0984455958549223,9.84455958549223,418,386
Blood,SuSiE,20,15,25,21,0.0544041450777202,5.44041450777202,418,386
Blood,SuSiE,30,25,35,23,0.0595854922279793,5.95854922279793,418,386
Blood,SuSiE,40,35,45,12,0.0310880829015544,3.10880829015544,418,386
Blood,SuSiE,50,45,55,12,0.0310880829015544,3.10880829015544,418,386
Blood,SuSiE,60,55,65,3,0.0077720207253886,0.77720207253886,418,386
Blood,SuSiE,70,65,75,4,0.0103626943005181,1.03626943005181,418,386
Blood,SuSiE,80,75,85,3,0.0077720207253886,0.77720207253886,418,386
Blood,SuSiE,90,85,95,8,0.0207253886010363,2.07253886010363,418,386
Blood,SuSiE,100,95,105,5,0.0129533678756477,1.29533678756477,418,386
Blood,SuSiE,110,105,115,3,0.0077720207253886,0.77720207253886,418,386
Blood,SuSiE,120,115,125,1,0.00259067357512953,0.259067357512953,418,386
Blood,SuSiE,130,125,135,1,0.00259067357512953,0.259067357512953,418,386
Blood,SuSiE,140,135,145,1,0.00259067357512953,0.259067357512953,418,386
Blood,SuSiE,150,145,155,1,0.00259067357512953,0.259067357512953,418,386
Blood,SuSiE,160,155,165,0,0,0,418,386
Blood,SuSiE,170,165,175,1,0.00259067357512953,0.259067357512953,418,386
Blood,SuSiE,180,175,185,2,0.00518134715025907,0.518134715025907,418,386
Blood,SuSiE,190,185,195,0,0,0,418,386
Blood,SuSiE,200,195,205,1,0.00259067357512953,0.259067357512953,418,386
Blood,SuSiE-mix,-200,-205,-195,0,0,0,412,382
Blood,SuSiE-mix,-190,-195,-185,0,0,0,412,382
Blood,SuSiE-mix,-180,-185,-175,0,0,0,412,382
Blood,SuSiE-mix,-170,-175,-165,0,0,0,412,382
Blood,SuSiE-mix,-160,-165,-155,1,0.00261780104712042,0.261780104712042,412,382
Blood,SuSiE-mix,-150,-155,-145,2,0.00523560209424084,0.523560209424084,412,382
Blood,SuSiE-mix,-140,-145,-135,0,0,0,412,382
Blood,SuSiE-mix,-130,-135,-125,6,0.0157068062827225,1.57068062827225,412,382
Blood,SuSiE-mix,-120,-125,-115,4,0.0104712041884817,1.04712041884817,412,382
Blood,SuSiE-mix,-110,-115,-105,2,0.00523560209424084,0.523560209424084,412,382
Blood,SuSiE-mix,-100,-105,-95,6,0.0157068062827225,1.57068062827225,412,382
Blood,SuSiE-mix,-90,-95,-85,3,0.00785340314136126,0.785340314136126,412,382
Blood,SuSiE-mix,-80,-85,-75,6,0.0157068062827225,1.57068062827225,412,382
Blood,SuSiE-mix,-70,-75,-65,7,0.0183246073298429,1.83246073298429,412,382
Blood,SuSiE-mix,-60,-65,-55,6,0.0157068062827225,1.57068062827225,412,382
Blood,SuSiE-mix,-50,-55,-45,5,0.0130890052356021,1.30890052356021,412,382
Blood,SuSiE-mix,-40,-45,-35,15,0.0392670157068063,3.92670157068063,412,382
Blood,SuSiE-mix,-30,-35,-25,14,0.0366492146596859,3.66492146596859,412,382
Blood,SuSiE-mix,-20,-25,-15,29,0.0759162303664922,7.59162303664922,412,382
Blood,SuSiE-mix,-10,-15,-5,44,0.115183246073298,11.5183246073298,412,382
Blood,SuSiE-mix,0,-5,5,99,0.259162303664922,25.9162303664922,412,382
Blood,SuSiE-mix,10,5,15,42,0.109947643979058,10.9947643979058,412,382
Blood,SuSiE-mix,20,15,25,16,0.0418848167539267,4.18848167539267,412,382
Blood,SuSiE-mix,30,25,35,20,0.0523560209424084,5.23560209424084,412,382
Blood,SuSiE-mix,40,35,45,12,0.031413612565445,3.1413612565445,412,382
Blood,SuSiE-mix,50,45,55,11,0.0287958115183246,2.87958115183246,412,382
Blood,SuSiE-mix,60,55,65,2,0.00523560209424084,0.523560209424084,412,382
Blood,SuSiE-mix,70,65,75,4,0.0104712041884817,1.04712041884817,412,382
Blood,SuSiE-mix,80,75,85,4,0.0104712041884817,1.04712041884817,412,382
Blood,SuSiE-mix,90,85,95,8,0.0209424083769634,2.09424083769634,412,382
Blood,SuSiE-mix,100,95,105,4,0.0104712041884817,1.04712041884817,412,382
Blood,SuSiE-mix,110,105,115,2,0.00523560209424084,0.523560209424084,412,382
Blood,SuSiE-mix,120,115,125,1,0.00261780104712042,0.261780104712042,412,382
Blood,SuSiE-mix,130,125,135,1,0.00261780104712042,0.261780104712042,412,382
Blood,SuSiE-mix,140,135,145,1,0.00261780104712042,0.261780104712042,412,382
Blood,SuSiE-mix,150,145,155,1,0.00261780104712042,0.261780104712042,412,382
Blood,SuSiE-mix,160,155,165,0,0,0,412,382
Blood,SuSiE-mix,170,165,175,1,0.00261780104712042,0.261780104712042,412,382
Blood,SuSiE-mix,180,175,185,2,0.00523560209424084,0.523560209424084,412,382
Blood,SuSiE-mix,190,185,195,0,0,0,412,382
Blood,SuSiE-mix,200,195,205,1,0.00261780104712042,0.261780104712042,412,382
Blood Vessel,SuSiE,-200,-205,-195,4,0.0041025641025641,0.41025641025641,1029,975
Blood Vessel,SuSiE,-190,-195,-185,4,0.0041025641025641,0.41025641025641,1029,975
Blood Vessel,SuSiE,-180,-185,-175,2,0.00205128205128205,0.205128205128205,1029,975
Blood Vessel,SuSiE,-170,-175,-165,1,0.00102564102564103,0.102564102564103,1029,975
Blood Vessel,SuSiE,-160,-165,-155,5,0.00512820512820513,0.512820512820513,1029,975
Blood Vessel,SuSiE,-150,-155,-145,9,0.00923076923076923,0.923076923076923,1029,975
Blood Vessel,SuSiE,-140,-145,-135,4,0.0041025641025641,0.41025641025641,1029,975
Blood Vessel,SuSiE,-130,-135,-125,7,0.00717948717948718,0.717948717948718,1029,975
Blood Vessel,SuSiE,-120,-125,-115,4,0.0041025641025641,0.41025641025641,1029,975
Blood Vessel,SuSiE,-110,-115,-105,7,0.00717948717948718,0.717948717948718,1029,975
Blood Vessel,SuSiE,-100,-105,-95,7,0.00717948717948718,0.717948717948718,1029,975
Blood Vessel,SuSiE,-90,-95,-85,11,0.0112820512820513,1.12820512820513,1029,975
Blood Vessel,SuSiE,-80,-85,-75,14,0.0143589743589744,1.43589743589744,1029,975
Blood Vessel,SuSiE,-70,-75,-65,17,0.0174358974358974,1.74358974358974,1029,975
Blood Vessel,SuSiE,-60,-65,-55,12,0.0123076923076923,1.23076923076923,1029,975
Blood Vessel,SuSiE,-50,-55,-45,19,0.0194871794871795,1.94871794871795,1029,975
Blood Vessel,SuSiE,-40,-45,-35,33,0.0338461538461538,3.38461538461538,1029,975
Blood Vessel,SuSiE,-30,-35,-25,40,0.041025641025641,4.1025641025641,1029,975
Blood Vessel,SuSiE,-20,-25,-15,63,0.0646153846153846,6.46153846153846,1029,975
Blood Vessel,SuSiE,-10,-15,-5,107,0.10974358974359,10.974358974359,1029,975
Blood Vessel,SuSiE,0,-5,5,254,0.260512820512821,26.0512820512821,1029,975
Blood Vessel,SuSiE,10,5,15,94,0.0964102564102564,9.64102564102564,1029,975
Blood Vessel,SuSiE,20,15,25,60,0.0615384615384615,6.15384615384615,1029,975
Blood Vessel,SuSiE,30,25,35,42,0.0430769230769231,4.30769230769231,1029,975
Blood Vessel,SuSiE,40,35,45,38,0.038974358974359,3.8974358974359,1029,975
Blood Vessel,SuSiE,50,45,55,25,0.0256410256410256,2.56410256410256,1029,975
Blood Vessel,SuSiE,60,55,65,18,0.0184615384615385,1.84615384615385,1029,975
Blood Vessel,SuSiE,70,65,75,12,0.0123076923076923,1.23076923076923,1029,975
Blood Vessel,SuSiE,80,75,85,9,0.00923076923076923,0.923076923076923,1029,975
Blood Vessel,SuSiE,90,85,95,13,0.0133333333333333,1.33333333333333,1029,975
Blood Vessel,SuSiE,100,95,105,6,0.00615384615384615,0.615384615384615,1029,975
Blood Vessel,SuSiE,110,105,115,7,0.00717948717948718,0.717948717948718,1029,975
Blood Vessel,SuSiE,120,115,125,5,0.00512820512820513,0.512820512820513,1029,975
Blood Vessel,SuSiE,130,125,135,4,0.0041025641025641,0.41025641025641,1029,975
Blood Vessel,SuSiE,140,135,145,5,0.00512820512820513,0.512820512820513,1029,975
Blood Vessel,SuSiE,150,145,155,4,0.0041025641025641,0.41025641025641,1029,975
Blood Vessel,SuSiE,160,155,165,2,0.00205128205128205,0.205128205128205,1029,975
Blood Vessel,SuSiE,170,165,175,2,0.00205128205128205,0.205128205128205,1029,975
Blood Vessel,SuSiE,180,175,185,2,0.00205128205128205,0.205128205128205,1029,975
Blood Vessel,SuSiE,190,185,195,0,0,0,1029,975
Blood Vessel,SuSiE,200,195,205,3,0.00307692307692308,0.307692307692308,1029,975
Blood Vessel,SuSiE-mix,-200,-205,-195,5,0.00516528925619835,0.516528925619835,1022,968
Blood Vessel,SuSiE-mix,-190,-195,-185,4,0.00413223140495868,0.413223140495868,1022,968
Blood Vessel,SuSiE-mix,-180,-185,-175,3,0.00309917355371901,0.309917355371901,1022,968
Blood Vessel,SuSiE-mix,-170,-175,-165,1,0.00103305785123967,0.103305785123967,1022,968
Blood Vessel,SuSiE-mix,-160,-165,-155,5,0.00516528925619835,0.516528925619835,1022,968
Blood Vessel,SuSiE-mix,-150,-155,-145,8,0.00826446280991736,0.826446280991736,1022,968
Blood Vessel,SuSiE-mix,-140,-145,-135,5,0.00516528925619835,0.516528925619835,1022,968
Blood Vessel,SuSiE-mix,-130,-135,-125,5,0.00516528925619835,0.516528925619835,1022,968
Blood Vessel,SuSiE-mix,-120,-125,-115,5,0.00516528925619835,0.516528925619835,1022,968
Blood Vessel,SuSiE-mix,-110,-115,-105,8,0.00826446280991736,0.826446280991736,1022,968
Blood Vessel,SuSiE-mix,-100,-105,-95,7,0.00723140495867769,0.723140495867769,1022,968
Blood Vessel,SuSiE-mix,-90,-95,-85,11,0.0113636363636364,1.13636363636364,1022,968
Blood Vessel,SuSiE-mix,-80,-85,-75,13,0.0134297520661157,1.34297520661157,1022,968
Blood Vessel,SuSiE-mix,-70,-75,-65,17,0.0175619834710744,1.75619834710744,1022,968
Blood Vessel,SuSiE-mix,-60,-65,-55,12,0.012396694214876,1.2396694214876,1022,968
Blood Vessel,SuSiE-mix,-50,-55,-45,20,0.0206611570247934,2.06611570247934,1022,968
Blood Vessel,SuSiE-mix,-40,-45,-35,32,0.0330578512396694,3.30578512396694,1022,968
Blood Vessel,SuSiE-mix,-30,-35,-25,41,0.0423553719008264,4.23553719008264,1022,968
Blood Vessel,SuSiE-mix,-20,-25,-15,65,0.0671487603305785,6.71487603305785,1022,968
Blood Vessel,SuSiE-mix,-10,-15,-5,105,0.108471074380165,10.8471074380165,1022,968
Blood Vessel,SuSiE-mix,0,-5,5,254,0.262396694214876,26.2396694214876,1022,968
Blood Vessel,SuSiE-mix,10,5,15,93,0.0960743801652893,9.60743801652893,1022,968
Blood Vessel,SuSiE-mix,20,15,25,61,0.0630165289256198,6.30165289256198,1022,968
Blood Vessel,SuSiE-mix,30,25,35,39,0.0402892561983471,4.02892561983471,1022,968
Blood Vessel,SuSiE-mix,40,35,45,37,0.0382231404958678,3.82231404958678,1022,968
Blood Vessel,SuSiE-mix,50,45,55,26,0.0268595041322314,2.68595041322314,1022,968
Blood Vessel,SuSiE-mix,60,55,65,17,0.0175619834710744,1.75619834710744,1022,968
Blood Vessel,SuSiE-mix,70,65,75,11,0.0113636363636364,1.13636363636364,1022,968
Blood Vessel,SuSiE-mix,80,75,85,9,0.00929752066115702,0.929752066115702,1022,968
Blood Vessel,SuSiE-mix,90,85,95,11,0.0113636363636364,1.13636363636364,1022,968
Blood Vessel,SuSiE-mix,100,95,105,4,0.00413223140495868,0.413223140495868,1022,968
Blood Vessel,SuSiE-mix,110,105,115,7,0.00723140495867769,0.723140495867769,1022,968
Blood Vessel,SuSiE-mix,120,115,125,5,0.00516528925619835,0.516528925619835,1022,968
Blood Vessel,SuSiE-mix,130,125,135,3,0.00309917355371901,0.309917355371901,1022,968
Blood Vessel,SuSiE-mix,140,135,145,5,0.00516528925619835,0.516528925619835,1022,968
Blood Vessel,SuSiE-mix,150,145,155,5,0.00516528925619835,0.516528925619835,1022,968
Blood Vessel,SuSiE-mix,160,155,165,2,0.00206611570247934,0.206611570247934,1022,968
Blood Vessel,SuSiE-mix,170,165,175,2,0.00206611570247934,0.206611570247934,1022,968
Blood Vessel,SuSiE-mix,180,175,185,2,0.00206611570247934,0.206611570247934,1022,968
Blood Vessel,SuSiE-mix,190,185,195,0,0,0,1022,968
Blood Vessel,SuSiE-mix,200,195,205,3,0.00309917355371901,0.309917355371901,1022,968
Brain,SuSiE,-200,-205,-195,0,0,0,162,151
Brain,SuSiE,-190,-195,-185,0,0,0,162,151
Brain,SuSiE,-180,-185,-175,0,0,0,162,151
Brain,SuSiE,-170,-175,-165,1,0.00662251655629139,0.662251655629139,162,151
Brain,SuSiE,-160,-165,-155,0,0,0,162,151
Brain,SuSiE,-150,-155,-145,1,0.00662251655629139,0.662251655629139,162,151
Brain,SuSiE,-140,-145,-135,0,0,0,162,151
Brain,SuSiE,-130,-135,-125,3,0.0198675496688742,1.98675496688742,162,151
Brain,SuSiE,-120,-125,-115,0,0,0,162,151
Brain,SuSiE,-110,-115,-105,1,0.00662251655629139,0.662251655629139,162,151
Brain,SuSiE,-100,-105,-95,1,0.00662251655629139,0.662251655629139,162,151
Brain,SuSiE,-90,-95,-85,0,0,0,162,151
Brain,SuSiE,-80,-85,-75,4,0.0264900662251656,2.64900662251656,162,151
Brain,SuSiE,-70,-75,-65,2,0.0132450331125828,1.32450331125828,162,151
Brain,SuSiE,-60,-65,-55,5,0.033112582781457,3.3112582781457,162,151
Brain,SuSiE,-50,-55,-45,3,0.0198675496688742,1.98675496688742,162,151
Brain,SuSiE,-40,-45,-35,7,0.0463576158940397,4.63576158940397,162,151
Brain,SuSiE,-30,-35,-25,4,0.0264900662251656,2.64900662251656,162,151
Brain,SuSiE,-20,-25,-15,15,0.0993377483443709,9.93377483443709,162,151
Brain,SuSiE,-10,-15,-5,19,0.125827814569536,12.5827814569536,162,151
Brain,SuSiE,0,-5,5,29,0.19205298013245,19.205298013245,162,151
Brain,SuSiE,10,5,15,9,0.0596026490066225,5.96026490066225,162,151
Brain,SuSiE,20,15,25,14,0.0927152317880795,9.27152317880795,162,151
Brain,SuSiE,30,25,35,10,0.0662251655629139,6.62251655629139,162,151
Brain,SuSiE,40,35,45,7,0.0463576158940397,4.63576158940397,162,151
Brain,SuSiE,50,45,55,3,0.0198675496688742,1.98675496688742,162,151
Brain,SuSiE,60,55,65,1,0.00662251655629139,0.662251655629139,162,151
Brain,SuSiE,70,65,75,1,0.00662251655629139,0.662251655629139,162,151
Brain,SuSiE,80,75,85,2,0.0132450331125828,1.32450331125828,162,151
Brain,SuSiE,90,85,95,0,0,0,162,151
Brain,SuSiE,100,95,105,0,0,0,162,151
Brain,SuSiE,110,105,115,2,0.0132450331125828,1.32450331125828,162,151
Brain,SuSiE,120,115,125,2,0.0132450331125828,1.32450331125828,162,151
Brain,SuSiE,130,125,135,1,0.00662251655629139,0.662251655629139,162,151
Brain,SuSiE,140,135,145,0,0,0,162,151
Brain,SuSiE,150,145,155,0,0,0,162,151
Brain,SuSiE,160,155,165,3,0.0198675496688742,1.98675496688742,162,151
Brain,SuSiE,170,165,175,0,0,0,162,151
Brain,SuSiE,180,175,185,0,0,0,162,151
Brain,SuSiE,190,185,195,0,0,0,162,151
Brain,SuSiE,200,195,205,1,0.00662251655629139,0.662251655629139,162,151
Brain,SuSiE-mix,-200,-205,-195,0,0,0,162,151
Brain,SuSiE-mix,-190,-195,-185,0,0,0,162,151
Brain,SuSiE-mix,-180,-185,-175,0,0,0,162,151
Brain,SuSiE-mix,-170,-175,-165,1,0.00662251655629139,0.662251655629139,162,151
Brain,SuSiE-mix,-160,-165,-155,0,0,0,162,151
Brain,SuSiE-mix,-150,-155,-145,1,0.00662251655629139,0.662251655629139,162,151
Brain,SuSiE-mix,-140,-145,-135,0,0,0,162,151
Brain,SuSiE-mix,-130,-135,-125,3,0.0198675496688742,1.98675496688742,162,151
Brain,SuSiE-mix,-120,-125,-115,0,0,0,162,151
Brain,SuSiE-mix,-110,-115,-105,1,0.00662251655629139,0.662251655629139,162,151
Brain,SuSiE-mix,-100,-105,-95,2,0.0132450331125828,1.32450331125828,162,151
Brain,SuSiE-mix,-90,-95,-85,0,0,0,162,151
Brain,SuSiE-mix,-80,-85,-75,3,0.0198675496688742,1.98675496688742,162,151
Brain,SuSiE-mix,-70,-75,-65,2,0.0132450331125828,1.32450331125828,162,151
Brain,SuSiE-mix,-60,-65,-55,4,0.0264900662251656,2.64900662251656,162,151
Brain,SuSiE-mix,-50,-55,-45,3,0.0198675496688742,1.98675496688742,162,151
Brain,SuSiE-mix,-40,-45,-35,6,0.0397350993377483,3.97350993377483,162,151
Brain,SuSiE-mix,-30,-35,-25,5,0.033112582781457,3.3112582781457,162,151
Brain,SuSiE-mix,-20,-25,-15,17,0.112582781456954,11.2582781456954,162,151
Brain,SuSiE-mix,-10,-15,-5,19,0.125827814569536,12.5827814569536,162,151
Brain,SuSiE-mix,0,-5,5,28,0.185430463576159,18.5430463576159,162,151
Brain,SuSiE-mix,10,5,15,9,0.0596026490066225,5.96026490066225,162,151
Brain,SuSiE-mix,20,15,25,14,0.0927152317880795,9.27152317880795,162,151
Brain,SuSiE-mix,30,25,35,10,0.0662251655629139,6.62251655629139,162,151
Brain,SuSiE-mix,40,35,45,7,0.0463576158940397,4.63576158940397,162,151
Brain,SuSiE-mix,50,45,55,3,0.0198675496688742,1.98675496688742,162,151
Brain,SuSiE-mix,60,55,65,1,0.00662251655629139,0.662251655629139,162,151
Brain,SuSiE-mix,70,65,75,0,0,0,162,151
Brain,SuSiE-mix,80,75,85,2,0.0132450331125828,1.32450331125828,162,151
Brain,SuSiE-mix,90,85,95,0,0,0,162,151
Brain,SuSiE-mix,100,95,105,0,0,0,162,151
Brain,SuSiE-mix,110,105,115,1,0.00662251655629139,0.662251655629139,162,151
Brain,SuSiE-mix,120,115,125,2,0.0132450331125828,1.32450331125828,162,151
Brain,SuSiE-mix,130,125,135,1,0.00662251655629139,0.662251655629139,162,151
Brain,SuSiE-mix,140,135,145,1,0.00662251655629139,0.662251655629139,162,151
Brain,SuSiE-mix,150,145,155,0,0,0,162,151
Brain,SuSiE-mix,160,155,165,4,0.0264900662251656,2.64900662251656,162,151
Brain,SuSiE-mix,170,165,175,0,0,0,162,151
Brain,SuSiE-mix,180,175,185,0,0,0,162,151
Brain,SuSiE-mix,190,185,195,0,0,0,162,151
Brain,SuSiE-mix,200,195,205,1,0.00662251655629139,0.662251655629139,162,151
Breast,SuSiE,-200,-205,-195,1,0.00246305418719212,0.246305418719212,436,406
Breast,SuSiE,-190,-195,-185,0,0,0,436,406
Breast,SuSiE,-180,-185,-175,2,0.00492610837438424,0.492610837438424,436,406
Breast,SuSiE,-170,-175,-165,1,0.00246305418719212,0.246305418719212,436,406
Breast,SuSiE,-160,-165,-155,4,0.00985221674876847,0.985221674876847,436,406
Breast,SuSiE,-150,-155,-145,0,0,0,436,406
Breast,SuSiE,-140,-145,-135,2,0.00492610837438424,0.492610837438424,436,406
Breast,SuSiE,-130,-135,-125,3,0.00738916256157635,0.738916256157635,436,406
Breast,SuSiE,-120,-125,-115,1,0.00246305418719212,0.246305418719212,436,406
Breast,SuSiE,-110,-115,-105,5,0.0123152709359606,1.23152709359606,436,406
Breast,SuSiE,-100,-105,-95,4,0.00985221674876847,0.985221674876847,436,406
Breast,SuSiE,-90,-95,-85,3,0.00738916256157635,0.738916256157635,436,406
Breast,SuSiE,-80,-85,-75,1,0.00246305418719212,0.246305418719212,436,406
Breast,SuSiE,-70,-75,-65,6,0.0147783251231527,1.47783251231527,436,406
Breast,SuSiE,-60,-65,-55,8,0.0197044334975369,1.97044334975369,436,406
Breast,SuSiE,-50,-55,-45,4,0.00985221674876847,0.985221674876847,436,406
Breast,SuSiE,-40,-45,-35,12,0.0295566502463054,2.95566502463054,436,406
Breast,SuSiE,-30,-35,-25,19,0.0467980295566503,4.67980295566503,436,406
Breast,SuSiE,-20,-25,-15,29,0.0714285714285714,7.14285714285714,436,406
Breast,SuSiE,-10,-15,-5,43,0.105911330049261,10.5911330049261,436,406
Breast,SuSiE,0,-5,5,110,0.270935960591133,27.0935960591133,436,406
Breast,SuSiE,10,5,15,36,0.0886699507389163,8.86699507389163,436,406
Breast,SuSiE,20,15,25,29,0.0714285714285714,7.14285714285714,436,406
Breast,SuSiE,30,25,35,26,0.0640394088669951,6.40394088669951,436,406
Breast,SuSiE,40,35,45,13,0.0320197044334975,3.20197044334975,436,406
Breast,SuSiE,50,45,55,13,0.0320197044334975,3.20197044334975,436,406
Breast,SuSiE,60,55,65,3,0.00738916256157635,0.738916256157635,436,406
Breast,SuSiE,70,65,75,4,0.00985221674876847,0.985221674876847,436,406
Breast,SuSiE,80,75,85,5,0.0123152709359606,1.23152709359606,436,406
Breast,SuSiE,90,85,95,1,0.00246305418719212,0.246305418719212,436,406
Breast,SuSiE,100,95,105,2,0.00492610837438424,0.492610837438424,436,406
Breast,SuSiE,110,105,115,2,0.00492610837438424,0.492610837438424,436,406
Breast,SuSiE,120,115,125,0,0,0,436,406
Breast,SuSiE,130,125,135,3,0.00738916256157635,0.738916256157635,436,406
Breast,SuSiE,140,135,145,3,0.00738916256157635,0.738916256157635,436,406
Breast,SuSiE,150,145,155,5,0.0123152709359606,1.23152709359606,436,406
Breast,SuSiE,160,155,165,0,0,0,436,406
Breast,SuSiE,170,165,175,0,0,0,436,406
Breast,SuSiE,180,175,185,2,0.00492610837438424,0.492610837438424,436,406
Breast,SuSiE,190,185,195,0,0,0,436,406
Breast,SuSiE,200,195,205,1,0.00246305418719212,0.246305418719212,436,406
Breast,SuSiE-mix,-200,-205,-195,1,0.00248138957816377,0.248138957816377,430,403
Breast,SuSiE-mix,-190,-195,-185,0,0,0,430,403
Breast,SuSiE-mix,-180,-185,-175,2,0.00496277915632754,0.496277915632754,430,403
Breast,SuSiE-mix,-170,-175,-165,1,0.00248138957816377,0.248138957816377,430,403
Breast,SuSiE-mix,-160,-165,-155,4,0.00992555831265509,0.992555831265509,430,403
Breast,SuSiE-mix,-150,-155,-145,0,0,0,430,403
Breast,SuSiE-mix,-140,-145,-135,2,0.00496277915632754,0.496277915632754,430,403
Breast,SuSiE-mix,-130,-135,-125,3,0.00744416873449132,0.744416873449132,430,403
Breast,SuSiE-mix,-120,-125,-115,1,0.00248138957816377,0.248138957816377,430,403
Breast,SuSiE-mix,-110,-115,-105,6,0.0148883374689826,1.48883374689826,430,403
Breast,SuSiE-mix,-100,-105,-95,5,0.0124069478908189,1.24069478908189,430,403
Breast,SuSiE-mix,-90,-95,-85,3,0.00744416873449132,0.744416873449132,430,403
Breast,SuSiE-mix,-80,-85,-75,1,0.00248138957816377,0.248138957816377,430,403
Breast,SuSiE-mix,-70,-75,-65,6,0.0148883374689826,1.48883374689826,430,403
Breast,SuSiE-mix,-60,-65,-55,6,0.0148883374689826,1.48883374689826,430,403
Breast,SuSiE-mix,-50,-55,-45,6,0.0148883374689826,1.48883374689826,430,403
Breast,SuSiE-mix,-40,-45,-35,12,0.0297766749379653,2.97766749379653,430,403
Breast,SuSiE-mix,-30,-35,-25,19,0.0471464019851117,4.71464019851117,430,403
Breast,SuSiE-mix,-20,-25,-15,29,0.0719602977667494,7.19602977667494,430,403
Breast,SuSiE-mix,-10,-15,-5,43,0.106699751861042,10.6699751861042,430,403
Breast,SuSiE-mix,0,-5,5,111,0.275434243176179,27.5434243176179,430,403
Breast,SuSiE-mix,10,5,15,35,0.086848635235732,8.6848635235732,430,403
Breast,SuSiE-mix,20,15,25,26,0.0645161290322581,6.45161290322581,430,403
Breast,SuSiE-mix,30,25,35,25,0.0620347394540943,6.20347394540943,430,403
Breast,SuSiE-mix,40,35,45,14,0.0347394540942928,3.47394540942928,430,403
Breast,SuSiE-mix,50,45,55,12,0.0297766749379653,2.97766749379653,430,403
Breast,SuSiE-mix,60,55,65,3,0.00744416873449132,0.744416873449132,430,403
Breast,SuSiE-mix,70,65,75,4,0.00992555831265509,0.992555831265509,430,403
Breast,SuSiE-mix,80,75,85,4,0.00992555831265509,0.992555831265509,430,403
Breast,SuSiE-mix,90,85,95,2,0.00496277915632754,0.496277915632754,430,403
Breast,SuSiE-mix,100,95,105,2,0.00496277915632754,0.496277915632754,430,403
Breast,SuSiE-mix,110,105,115,2,0.00496277915632754,0.496277915632754,430,403
Breast,SuSiE-mix,120,115,125,0,0,0,430,403
Breast,SuSiE-mix,130,125,135,5,0.0124069478908189,1.24069478908189,430,403
Breast,SuSiE-mix,140,135,145,3,0.00744416873449132,0.744416873449132,430,403
Breast,SuSiE-mix,150,145,155,2,0.00496277915632754,0.496277915632754,430,403
Breast,SuSiE-mix,160,155,165,0,0,0,430,403
Breast,SuSiE-mix,170,165,175,0,0,0,430,403
Breast,SuSiE-mix,180,175,185,2,0.00496277915632754,0.496277915632754,430,403
Breast,SuSiE-mix,190,185,195,0,0,0,430,403
Breast,SuSiE-mix,200,195,205,1,0.00248138957816377,0.248138957816377,430,403
Colon,SuSiE,-200,-205,-195,1,0.00184162062615101,0.184162062615101,570,543
Colon,SuSiE,-190,-195,-185,1,0.00184162062615101,0.184162062615101,570,543
Colon,SuSiE,-180,-185,-175,4,0.00736648250460405,0.736648250460405,570,543
Colon,SuSiE,-170,-175,-165,3,0.00552486187845304,0.552486187845304,570,543
Colon,SuSiE,-160,-165,-155,2,0.00368324125230203,0.368324125230203,570,543
Colon,SuSiE,-150,-155,-145,2,0.00368324125230203,0.368324125230203,570,543
Colon,SuSiE,-140,-145,-135,3,0.00552486187845304,0.552486187845304,570,543
Colon,SuSiE,-130,-135,-125,0,0,0,570,543
Colon,SuSiE,-120,-125,-115,5,0.00920810313075506,0.920810313075506,570,543
Colon,SuSiE,-110,-115,-105,5,0.00920810313075506,0.920810313075506,570,543
Colon,SuSiE,-100,-105,-95,6,0.0110497237569061,1.10497237569061,570,543
Colon,SuSiE,-90,-95,-85,4,0.00736648250460405,0.736648250460405,570,543
Colon,SuSiE,-80,-85,-75,6,0.0110497237569061,1.10497237569061,570,543
Colon,SuSiE,-70,-75,-65,14,0.0257826887661142,2.57826887661142,570,543
Colon,SuSiE,-60,-65,-55,9,0.0165745856353591,1.65745856353591,570,543
Colon,SuSiE,-50,-55,-45,13,0.0239410681399632,2.39410681399632,570,543
Colon,SuSiE,-40,-45,-35,14,0.0257826887661142,2.57826887661142,570,543
Colon,SuSiE,-30,-35,-25,25,0.0460405156537753,4.60405156537753,570,543
Colon,SuSiE,-20,-25,-15,45,0.0828729281767956,8.28729281767956,570,543
Colon,SuSiE,-10,-15,-5,51,0.0939226519337017,9.39226519337017,570,543
Colon,SuSiE,0,-5,5,130,0.239410681399632,23.9410681399632,570,543
Colon,SuSiE,10,5,15,61,0.112338858195212,11.2338858195212,570,543
Colon,SuSiE,20,15,25,36,0.0662983425414365,6.62983425414365,570,543
Colon,SuSiE,30,25,35,28,0.0515653775322284,5.15653775322284,570,543
Colon,SuSiE,40,35,45,17,0.0313075506445672,3.13075506445672,570,543
Colon,SuSiE,50,45,55,9,0.0165745856353591,1.65745856353591,570,543
Colon,SuSiE,60,55,65,9,0.0165745856353591,1.65745856353591,570,543
Colon,SuSiE,70,65,75,7,0.0128913443830571,1.28913443830571,570,543
Colon,SuSiE,80,75,85,2,0.00368324125230203,0.368324125230203,570,543
Colon,SuSiE,90,85,95,4,0.00736648250460405,0.736648250460405,570,543
Colon,SuSiE,100,95,105,1,0.00184162062615101,0.184162062615101,570,543
Colon,SuSiE,110,105,115,3,0.00552486187845304,0.552486187845304,570,543
Colon,SuSiE,120,115,125,2,0.00368324125230203,0.368324125230203,570,543
Colon,SuSiE,130,125,135,6,0.0110497237569061,1.10497237569061,570,543
Colon,SuSiE,140,135,145,3,0.00552486187845304,0.552486187845304,570,543
Colon,SuSiE,150,145,155,5,0.00920810313075506,0.920810313075506,570,543
Colon,SuSiE,160,155,165,2,0.00368324125230203,0.368324125230203,570,543
Colon,SuSiE,170,165,175,0,0,0,570,543
Colon,SuSiE,180,175,185,1,0.00184162062615101,0.184162062615101,570,543
Colon,SuSiE,190,185,195,2,0.00368324125230203,0.368324125230203,570,543
Colon,SuSiE,200,195,205,2,0.00368324125230203,0.368324125230203,570,543
Colon,SuSiE-mix,-200,-205,-195,1,0.00185528756957328,0.185528756957328,564,539
Colon,SuSiE-mix,-190,-195,-185,1,0.00185528756957328,0.185528756957328,564,539
Colon,SuSiE-mix,-180,-185,-175,5,0.00927643784786642,0.927643784786642,564,539
Colon,SuSiE-mix,-170,-175,-165,3,0.00556586270871985,0.556586270871985,564,539
Colon,SuSiE-mix,-160,-165,-155,2,0.00371057513914657,0.371057513914657,564,539
Colon,SuSiE-mix,-150,-155,-145,2,0.00371057513914657,0.371057513914657,564,539
Colon,SuSiE-mix,-140,-145,-135,1,0.00185528756957328,0.185528756957328,564,539
Colon,SuSiE-mix,-130,-135,-125,2,0.00371057513914657,0.371057513914657,564,539
Colon,SuSiE-mix,-120,-125,-115,4,0.00742115027829314,0.742115027829314,564,539
Colon,SuSiE-mix,-110,-115,-105,5,0.00927643784786642,0.927643784786642,564,539
Colon,SuSiE-mix,-100,-105,-95,6,0.0111317254174397,1.11317254174397,564,539
Colon,SuSiE-mix,-90,-95,-85,5,0.00927643784786642,0.927643784786642,564,539
Colon,SuSiE-mix,-80,-85,-75,4,0.00742115027829314,0.742115027829314,564,539
Colon,SuSiE-mix,-70,-75,-65,16,0.0296846011131725,2.96846011131725,564,539
Colon,SuSiE-mix,-60,-65,-55,9,0.0166975881261596,1.66975881261596,564,539
Colon,SuSiE-mix,-50,-55,-45,13,0.0241187384044527,2.41187384044527,564,539
Colon,SuSiE-mix,-40,-45,-35,15,0.0278293135435993,2.78293135435993,564,539
Colon,SuSiE-mix,-30,-35,-25,26,0.0482374768089054,4.82374768089054,564,539
Colon,SuSiE-mix,-20,-25,-15,45,0.0834879406307978,8.34879406307978,564,539
Colon,SuSiE-mix,-10,-15,-5,51,0.0946196660482375,9.46196660482375,564,539
Colon,SuSiE-mix,0,-5,5,128,0.23747680890538,23.747680890538,564,539
Colon,SuSiE-mix,10,5,15,61,0.11317254174397,11.317254174397,564,539
Colon,SuSiE-mix,20,15,25,35,0.0649350649350649,6.49350649350649,564,539
Colon,SuSiE-mix,30,25,35,27,0.0500927643784787,5.00927643784787,564,539
Colon,SuSiE-mix,40,35,45,16,0.0296846011131725,2.96846011131725,564,539
Colon,SuSiE-mix,50,45,55,8,0.0148423005565863,1.48423005565863,564,539
Colon,SuSiE-mix,60,55,65,10,0.0185528756957328,1.85528756957328,564,539
Colon,SuSiE-mix,70,65,75,7,0.012987012987013,1.2987012987013,564,539
Colon,SuSiE-mix,80,75,85,1,0.00185528756957328,0.185528756957328,564,539
Colon,SuSiE-mix,90,85,95,4,0.00742115027829314,0.742115027829314,564,539
Colon,SuSiE-mix,100,95,105,2,0.00371057513914657,0.371057513914657,564,539
Colon,SuSiE-mix,110,105,115,3,0.00556586270871985,0.556586270871985,564,539
Colon,SuSiE-mix,120,115,125,3,0.00556586270871985,0.556586270871985,564,539
Colon,SuSiE-mix,130,125,135,4,0.00742115027829314,0.742115027829314,564,539
Colon,SuSiE-mix,140,135,145,3,0.00556586270871985,0.556586270871985,564,539
Colon,SuSiE-mix,150,145,155,4,0.00742115027829314,0.742115027829314,564,539
Colon,SuSiE-mix,160,155,165,2,0.00371057513914657,0.371057513914657,564,539
Colon,SuSiE-mix,170,165,175,0,0,0,564,539
Colon,SuSiE-mix,180,175,185,1,0.00185528756957328,0.185528756957328,564,539
Colon,SuSiE-mix,190,185,195,2,0.00371057513914657,0.371057513914657,564,539
Colon,SuSiE-mix,200,195,205,2,0.00371057513914657,0.371057513914657,564,539
Esophagus,SuSiE,-200,-205,-195,0,0,0,468,444
Esophagus,SuSiE,-190,-195,-185,3,0.00675675675675676,0.675675675675676,468,444
Esophagus,SuSiE,-180,-185,-175,1,0.00225225225225225,0.225225225225225,468,444
Esophagus,SuSiE,-170,-175,-165,3,0.00675675675675676,0.675675675675676,468,444
Esophagus,SuSiE,-160,-165,-155,2,0.00450450450450451,0.450450450450451,468,444
Esophagus,SuSiE,-150,-155,-145,2,0.00450450450450451,0.450450450450451,468,444
Esophagus,SuSiE,-140,-145,-135,1,0.00225225225225225,0.225225225225225,468,444
Esophagus,SuSiE,-130,-135,-125,0,0,0,468,444
Esophagus,SuSiE,-120,-125,-115,2,0.00450450450450451,0.450450450450451,468,444
Esophagus,SuSiE,-110,-115,-105,4,0.00900900900900901,0.900900900900901,468,444
Esophagus,SuSiE,-100,-105,-95,1,0.00225225225225225,0.225225225225225,468,444
Esophagus,SuSiE,-90,-95,-85,1,0.00225225225225225,0.225225225225225,468,444
Esophagus,SuSiE,-80,-85,-75,3,0.00675675675675676,0.675675675675676,468,444
Esophagus,SuSiE,-70,-75,-65,9,0.0202702702702703,2.02702702702703,468,444
Esophagus,SuSiE,-60,-65,-55,10,0.0225225225225225,2.25225225225225,468,444
Esophagus,SuSiE,-50,-55,-45,11,0.0247747747747748,2.47747747747748,468,444
Esophagus,SuSiE,-40,-45,-35,17,0.0382882882882883,3.82882882882883,468,444
Esophagus,SuSiE,-30,-35,-25,19,0.0427927927927928,4.27927927927928,468,444
Esophagus,SuSiE,-20,-25,-15,35,0.0788288288288288,7.88288288288288,468,444
Esophagus,SuSiE,-10,-15,-5,53,0.119369369369369,11.9369369369369,468,444
Esophagus,SuSiE,0,-5,5,106,0.238738738738739,23.8738738738739,468,444
Esophagus,SuSiE,10,5,15,42,0.0945945945945946,9.45945945945946,468,444
Esophagus,SuSiE,20,15,25,33,0.0743243243243243,7.43243243243243,468,444
Esophagus,SuSiE,30,25,35,25,0.0563063063063063,5.63063063063063,468,444
Esophagus,SuSiE,40,35,45,9,0.0202702702702703,2.02702702702703,468,444
Esophagus,SuSiE,50,45,55,4,0.00900900900900901,0.900900900900901,468,444
Esophagus,SuSiE,60,55,65,11,0.0247747747747748,2.47747747747748,468,444
Esophagus,SuSiE,70,65,75,10,0.0225225225225225,2.25225225225225,468,444
Esophagus,SuSiE,80,75,85,3,0.00675675675675676,0.675675675675676,468,444
Esophagus,SuSiE,90,85,95,4,0.00900900900900901,0.900900900900901,468,444
Esophagus,SuSiE,100,95,105,3,0.00675675675675676,0.675675675675676,468,444
Esophagus,SuSiE,110,105,115,1,0.00225225225225225,0.225225225225225,468,444
Esophagus,SuSiE,120,115,125,1,0.00225225225225225,0.225225225225225,468,444
Esophagus,SuSiE,130,125,135,5,0.0112612612612613,1.12612612612613,468,444
Esophagus,SuSiE,140,135,145,2,0.00450450450450451,0.450450450450451,468,444
Esophagus,SuSiE,150,145,155,2,0.00450450450450451,0.450450450450451,468,444
Esophagus,SuSiE,160,155,165,1,0.00225225225225225,0.225225225225225,468,444
Esophagus,SuSiE,170,165,175,1,0.00225225225225225,0.225225225225225,468,444
Esophagus,SuSiE,180,175,185,1,0.00225225225225225,0.225225225225225,468,444
Esophagus,SuSiE,190,185,195,0,0,0,468,444
Esophagus,SuSiE,200,195,205,3,0.00675675675675676,0.675675675675676,468,444
Esophagus,SuSiE-mix,-200,-205,-195,0,0,0,460,437
Esophagus,SuSiE-mix,-190,-195,-185,3,0.0068649885583524,0.68649885583524,460,437
Esophagus,SuSiE-mix,-180,-185,-175,1,0.0022883295194508,0.22883295194508,460,437
Esophagus,SuSiE-mix,-170,-175,-165,2,0.0045766590389016,0.45766590389016,460,437
Esophagus,SuSiE-mix,-160,-165,-155,2,0.0045766590389016,0.45766590389016,460,437
Esophagus,SuSiE-mix,-150,-155,-145,1,0.0022883295194508,0.22883295194508,460,437
Esophagus,SuSiE-mix,-140,-145,-135,1,0.0022883295194508,0.22883295194508,460,437
Esophagus,SuSiE-mix,-130,-135,-125,1,0.0022883295194508,0.22883295194508,460,437
Esophagus,SuSiE-mix,-120,-125,-115,1,0.0022883295194508,0.22883295194508,460,437
Esophagus,SuSiE-mix,-110,-115,-105,4,0.0091533180778032,0.91533180778032,460,437
Esophagus,SuSiE-mix,-100,-105,-95,2,0.0045766590389016,0.45766590389016,460,437
Esophagus,SuSiE-mix,-90,-95,-85,1,0.0022883295194508,0.22883295194508,460,437
Esophagus,SuSiE-mix,-80,-85,-75,3,0.0068649885583524,0.68649885583524,460,437
Esophagus,SuSiE-mix,-70,-75,-65,7,0.0160183066361556,1.60183066361556,460,437
Esophagus,SuSiE-mix,-60,-65,-55,11,0.0251716247139588,2.51716247139588,460,437
Esophagus,SuSiE-mix,-50,-55,-45,10,0.022883295194508,2.2883295194508,460,437
Esophagus,SuSiE-mix,-40,-45,-35,18,0.0411899313501144,4.11899313501144,460,437
Esophagus,SuSiE-mix,-30,-35,-25,19,0.0434782608695652,4.34782608695652,460,437
Esophagus,SuSiE-mix,-20,-25,-15,31,0.0709382151029748,7.09382151029748,460,437
Esophagus,SuSiE-mix,-10,-15,-5,52,0.118993135011442,11.8993135011442,460,437
Esophagus,SuSiE-mix,0,-5,5,109,0.249427917620137,24.9427917620137,460,437
Esophagus,SuSiE-mix,10,5,15,42,0.0961098398169336,9.61098398169336,460,437
Esophagus,SuSiE-mix,20,15,25,33,0.0755148741418764,7.55148741418764,460,437
Esophagus,SuSiE-mix,30,25,35,25,0.05720823798627,5.720823798627,460,437
Esophagus,SuSiE-mix,40,35,45,9,0.0205949656750572,2.05949656750572,460,437
Esophagus,SuSiE-mix,50,45,55,4,0.0091533180778032,0.91533180778032,460,437
Esophagus,SuSiE-mix,60,55,65,11,0.0251716247139588,2.51716247139588,460,437
Esophagus,SuSiE-mix,70,65,75,8,0.0183066361556064,1.83066361556064,460,437
Esophagus,SuSiE-mix,80,75,85,1,0.0022883295194508,0.22883295194508,460,437
Esophagus,SuSiE-mix,90,85,95,4,0.0091533180778032,0.91533180778032,460,437
Esophagus,SuSiE-mix,100,95,105,4,0.0091533180778032,0.91533180778032,460,437
Esophagus,SuSiE-mix,110,105,115,2,0.0045766590389016,0.45766590389016,460,437
Esophagus,SuSiE-mix,120,115,125,1,0.0022883295194508,0.22883295194508,460,437
Esophagus,SuSiE-mix,130,125,135,5,0.011441647597254,1.1441647597254,460,437
Esophagus,SuSiE-mix,140,135,145,2,0.0045766590389016,0.45766590389016,460,437
Esophagus,SuSiE-mix,150,145,155,2,0.0045766590389016,0.45766590389016,460,437
Esophagus,SuSiE-mix,160,155,165,1,0.0022883295194508,0.22883295194508,460,437
Esophagus,SuSiE-mix,170,165,175,0,0,0,460,437
Esophagus,SuSiE-mix,180,175,185,1,0.0022883295194508,0.22883295194508,460,437
Esophagus,SuSiE-mix,190,185,195,0,0,0,460,437
Esophagus,SuSiE-mix,200,195,205,3,0.0068649885583524,0.68649885583524,460,437
Heart,SuSiE,-200,-205,-195,0,0,0,365,348
Heart,SuSiE,-190,-195,-185,1,0.0028735632183908,0.28735632183908,365,348
Heart,SuSiE,-180,-185,-175,1,0.0028735632183908,0.28735632183908,365,348
Heart,SuSiE,-170,-175,-165,1,0.0028735632183908,0.28735632183908,365,348
Heart,SuSiE,-160,-165,-155,1,0.0028735632183908,0.28735632183908,365,348
Heart,SuSiE,-150,-155,-145,2,0.00574712643678161,0.574712643678161,365,348
Heart,SuSiE,-140,-145,-135,2,0.00574712643678161,0.574712643678161,365,348
Heart,SuSiE,-130,-135,-125,2,0.00574712643678161,0.574712643678161,365,348
Heart,SuSiE,-120,-125,-115,1,0.0028735632183908,0.28735632183908,365,348
Heart,SuSiE,-110,-115,-105,0,0,0,365,348
Heart,SuSiE,-100,-105,-95,3,0.00862068965517241,0.862068965517241,365,348
Heart,SuSiE,-90,-95,-85,1,0.0028735632183908,0.28735632183908,365,348
Heart,SuSiE,-80,-85,-75,5,0.014367816091954,1.4367816091954,365,348
Heart,SuSiE,-70,-75,-65,6,0.0172413793103448,1.72413793103448,365,348
Heart,SuSiE,-60,-65,-55,7,0.0201149425287356,2.01149425287356,365,348
Heart,SuSiE,-50,-55,-45,2,0.00574712643678161,0.574712643678161,365,348
Heart,SuSiE,-40,-45,-35,7,0.0201149425287356,2.01149425287356,365,348
Heart,SuSiE,-30,-35,-25,18,0.0517241379310345,5.17241379310345,365,348
Heart,SuSiE,-20,-25,-15,35,0.100574712643678,10.0574712643678,365,348
Heart,SuSiE,-10,-15,-5,38,0.109195402298851,10.9195402298851,365,348
Heart,SuSiE,0,-5,5,92,0.264367816091954,26.4367816091954,365,348
Heart,SuSiE,10,5,15,38,0.109195402298851,10.9195402298851,365,348
Heart,SuSiE,20,15,25,23,0.0660919540229885,6.60919540229885,365,348
Heart,SuSiE,30,25,35,12,0.0344827586206897,3.44827586206897,365,348
Heart,SuSiE,40,35,45,15,0.0431034482758621,4.31034482758621,365,348
Heart,SuSiE,50,45,55,7,0.0201149425287356,2.01149425287356,365,348
Heart,SuSiE,60,55,65,5,0.014367816091954,1.4367816091954,365,348
Heart,SuSiE,70,65,75,3,0.00862068965517241,0.862068965517241,365,348
Heart,SuSiE,80,75,85,2,0.00574712643678161,0.574712643678161,365,348
Heart,SuSiE,90,85,95,3,0.00862068965517241,0.862068965517241,365,348
Heart,SuSiE,100,95,105,3,0.00862068965517241,0.862068965517241,365,348
Heart,SuSiE,110,105,115,4,0.0114942528735632,1.14942528735632,365,348
Heart,SuSiE,120,115,125,2,0.00574712643678161,0.574712643678161,365,348
Heart,SuSiE,130,125,135,4,0.0114942528735632,1.14942528735632,365,348
Heart,SuSiE,140,135,145,1,0.0028735632183908,0.28735632183908,365,348
Heart,SuSiE,150,145,155,1,0.0028735632183908,0.28735632183908,365,348
Heart,SuSiE,160,155,165,0,0,0,365,348
Heart,SuSiE,170,165,175,0,0,0,365,348
Heart,SuSiE,180,175,185,0,0,0,365,348
Heart,SuSiE,190,185,195,0,0,0,365,348
Heart,SuSiE,200,195,205,0,0,0,365,348
Heart,SuSiE-mix,-200,-205,-195,0,0,0,357,341
Heart,SuSiE-mix,-190,-195,-185,1,0.00293255131964809,0.293255131964809,357,341
Heart,SuSiE-mix,-180,-185,-175,1,0.00293255131964809,0.293255131964809,357,341
Heart,SuSiE-mix,-170,-175,-165,1,0.00293255131964809,0.293255131964809,357,341
Heart,SuSiE-mix,-160,-165,-155,1,0.00293255131964809,0.293255131964809,357,341
Heart,SuSiE-mix,-150,-155,-145,2,0.00586510263929619,0.586510263929619,357,341
Heart,SuSiE-mix,-140,-145,-135,1,0.00293255131964809,0.293255131964809,357,341
Heart,SuSiE-mix,-130,-135,-125,2,0.00586510263929619,0.586510263929619,357,341
Heart,SuSiE-mix,-120,-125,-115,2,0.00586510263929619,0.586510263929619,357,341
Heart,SuSiE-mix,-110,-115,-105,0,0,0,357,341
Heart,SuSiE-mix,-100,-105,-95,3,0.00879765395894428,0.879765395894428,357,341
Heart,SuSiE-mix,-90,-95,-85,1,0.00293255131964809,0.293255131964809,357,341
Heart,SuSiE-mix,-80,-85,-75,6,0.0175953079178886,1.75953079178886,357,341
Heart,SuSiE-mix,-70,-75,-65,3,0.00879765395894428,0.879765395894428,357,341
Heart,SuSiE-mix,-60,-65,-55,7,0.0205278592375367,2.05278592375367,357,341
Heart,SuSiE-mix,-50,-55,-45,2,0.00586510263929619,0.586510263929619,357,341
Heart,SuSiE-mix,-40,-45,-35,7,0.0205278592375367,2.05278592375367,357,341
Heart,SuSiE-mix,-30,-35,-25,19,0.0557184750733138,5.57184750733138,357,341
Heart,SuSiE-mix,-20,-25,-15,31,0.0909090909090909,9.09090909090909,357,341
Heart,SuSiE-mix,-10,-15,-5,40,0.117302052785924,11.7302052785924,357,341
Heart,SuSiE-mix,0,-5,5,91,0.266862170087977,26.6862170087977,357,341
Heart,SuSiE-mix,10,5,15,37,0.108504398826979,10.8504398826979,357,341
Heart,SuSiE-mix,20,15,25,26,0.0762463343108504,7.62463343108504,357,341
Heart,SuSiE-mix,30,25,35,12,0.0351906158357771,3.51906158357771,357,341
Heart,SuSiE-mix,40,35,45,12,0.0351906158357771,3.51906158357771,357,341
Heart,SuSiE-mix,50,45,55,7,0.0205278592375367,2.05278592375367,357,341
Heart,SuSiE-mix,60,55,65,5,0.0146627565982405,1.46627565982405,357,341
Heart,SuSiE-mix,70,65,75,3,0.00879765395894428,0.879765395894428,357,341
Heart,SuSiE-mix,80,75,85,2,0.00586510263929619,0.586510263929619,357,341
Heart,SuSiE-mix,90,85,95,2,0.00586510263929619,0.586510263929619,357,341
Heart,SuSiE-mix,100,95,105,2,0.00586510263929619,0.586510263929619,357,341
Heart,SuSiE-mix,110,105,115,4,0.0117302052785924,1.17302052785924,357,341
Heart,SuSiE-mix,120,115,125,2,0.00586510263929619,0.586510263929619,357,341
Heart,SuSiE-mix,130,125,135,3,0.00879765395894428,0.879765395894428,357,341
Heart,SuSiE-mix,140,135,145,2,0.00586510263929619,0.586510263929619,357,341
Heart,SuSiE-mix,150,145,155,1,0.00293255131964809,0.293255131964809,357,341
Heart,SuSiE-mix,160,155,165,0,0,0,357,341
Heart,SuSiE-mix,170,165,175,0,0,0,357,341
Heart,SuSiE-mix,180,175,185,0,0,0,357,341
Heart,SuSiE-mix,190,185,195,0,0,0,357,341
Heart,SuSiE-mix,200,195,205,0,0,0,357,341
Kidney,SuSiE,-200,-205,-195,2,0.0714285714285714,7.14285714285714,32,28
Kidney,SuSiE,-190,-195,-185,0,0,0,32,28
Kidney,SuSiE,-180,-185,-175,0,0,0,32,28
Kidney,SuSiE,-170,-175,-165,0,0,0,32,28
Kidney,SuSiE,-160,-165,-155,0,0,0,32,28
Kidney,SuSiE,-150,-155,-145,0,0,0,32,28
Kidney,SuSiE,-140,-145,-135,0,0,0,32,28
Kidney,SuSiE,-130,-135,-125,0,0,0,32,28
Kidney,SuSiE,-120,-125,-115,0,0,0,32,28
Kidney,SuSiE,-110,-115,-105,1,0.0357142857142857,3.57142857142857,32,28
Kidney,SuSiE,-100,-105,-95,0,0,0,32,28
Kidney,SuSiE,-90,-95,-85,0,0,0,32,28
Kidney,SuSiE,-80,-85,-75,0,0,0,32,28
Kidney,SuSiE,-70,-75,-65,0,0,0,32,28
Kidney,SuSiE,-60,-65,-55,1,0.0357142857142857,3.57142857142857,32,28
Kidney,SuSiE,-50,-55,-45,0,0,0,32,28
Kidney,SuSiE,-40,-45,-35,0,0,0,32,28
Kidney,SuSiE,-30,-35,-25,5,0.178571428571429,17.8571428571429,32,28
Kidney,SuSiE,-20,-25,-15,3,0.107142857142857,10.7142857142857,32,28
Kidney,SuSiE,-10,-15,-5,5,0.178571428571429,17.8571428571429,32,28
Kidney,SuSiE,0,-5,5,4,0.142857142857143,14.2857142857143,32,28
Kidney,SuSiE,10,5,15,1,0.0357142857142857,3.57142857142857,32,28
Kidney,SuSiE,20,15,25,3,0.107142857142857,10.7142857142857,32,28
Kidney,SuSiE,30,25,35,0,0,0,32,28
Kidney,SuSiE,40,35,45,1,0.0357142857142857,3.57142857142857,32,28
Kidney,SuSiE,50,45,55,2,0.0714285714285714,7.14285714285714,32,28
Kidney,SuSiE,60,55,65,0,0,0,32,28
Kidney,SuSiE,70,65,75,0,0,0,32,28
Kidney,SuSiE,80,75,85,0,0,0,32,28
Kidney,SuSiE,90,85,95,0,0,0,32,28
Kidney,SuSiE,100,95,105,0,0,0,32,28
Kidney,SuSiE,110,105,115,0,0,0,32,28
Kidney,SuSiE,120,115,125,0,0,0,32,28
Kidney,SuSiE,130,125,135,0,0,0,32,28
Kidney,SuSiE,140,135,145,0,0,0,32,28
Kidney,SuSiE,150,145,155,0,0,0,32,28
Kidney,SuSiE,160,155,165,0,0,0,32,28
Kidney,SuSiE,170,165,175,0,0,0,32,28
Kidney,SuSiE,180,175,185,0,0,0,32,28
Kidney,SuSiE,190,185,195,0,0,0,32,28
Kidney,SuSiE,200,195,205,0,0,0,32,28
Kidney,SuSiE-mix,-200,-205,-195,2,0.0714285714285714,7.14285714285714,32,28
Kidney,SuSiE-mix,-190,-195,-185,0,0,0,32,28
Kidney,SuSiE-mix,-180,-185,-175,0,0,0,32,28
Kidney,SuSiE-mix,-170,-175,-165,0,0,0,32,28
Kidney,SuSiE-mix,-160,-165,-155,0,0,0,32,28
Kidney,SuSiE-mix,-150,-155,-145,0,0,0,32,28
Kidney,SuSiE-mix,-140,-145,-135,0,0,0,32,28
Kidney,SuSiE-mix,-130,-135,-125,0,0,0,32,28
Kidney,SuSiE-mix,-120,-125,-115,0,0,0,32,28
Kidney,SuSiE-mix,-110,-115,-105,1,0.0357142857142857,3.57142857142857,32,28
Kidney,SuSiE-mix,-100,-105,-95,0,0,0,32,28
Kidney,SuSiE-mix,-90,-95,-85,0,0,0,32,28
Kidney,SuSiE-mix,-80,-85,-75,0,0,0,32,28
Kidney,SuSiE-mix,-70,-75,-65,0,0,0,32,28
Kidney,SuSiE-mix,-60,-65,-55,1,0.0357142857142857,3.57142857142857,32,28
Kidney,SuSiE-mix,-50,-55,-45,0,0,0,32,28
Kidney,SuSiE-mix,-40,-45,-35,0,0,0,32,28
Kidney,SuSiE-mix,-30,-35,-25,5,0.178571428571429,17.8571428571429,32,28
Kidney,SuSiE-mix,-20,-25,-15,3,0.107142857142857,10.7142857142857,32,28
Kidney,SuSiE-mix,-10,-15,-5,5,0.178571428571429,17.8571428571429,32,28
Kidney,SuSiE-mix,0,-5,5,4,0.142857142857143,14.2857142857143,32,28
Kidney,SuSiE-mix,10,5,15,1,0.0357142857142857,3.57142857142857,32,28
Kidney,SuSiE-mix,20,15,25,3,0.107142857142857,10.7142857142857,32,28
Kidney,SuSiE-mix,30,25,35,0,0,0,32,28
Kidney,SuSiE-mix,40,35,45,1,0.0357142857142857,3.57142857142857,32,28
Kidney,SuSiE-mix,50,45,55,2,0.0714285714285714,7.14285714285714,32,28
Kidney,SuSiE-mix,60,55,65,0,0,0,32,28
Kidney,SuSiE-mix,70,65,75,0,0,0,32,28
Kidney,SuSiE-mix,80,75,85,0,0,0,32,28
Kidney,SuSiE-mix,90,85,95,0,0,0,32,28
Kidney,SuSiE-mix,100,95,105,0,0,0,32,28
Kidney,SuSiE-mix,110,105,115,0,0,0,32,28
Kidney,SuSiE-mix,120,115,125,0,0,0,32,28
Kidney,SuSiE-mix,130,125,135,0,0,0,32,28
Kidney,SuSiE-mix,140,135,145,0,0,0,32,28
Kidney,SuSiE-mix,150,145,155,0,0,0,32,28
Kidney,SuSiE-mix,160,155,165,0,0,0,32,28
Kidney,SuSiE-mix,170,165,175,0,0,0,32,28
Kidney,SuSiE-mix,180,175,185,0,0,0,32,28
Kidney,SuSiE-mix,190,185,195,0,0,0,32,28
Kidney,SuSiE-mix,200,195,205,0,0,0,32,28
Liver,SuSiE,-200,-205,-195,1,0.00446428571428571,0.446428571428571,233,224
Liver,SuSiE,-190,-195,-185,0,0,0,233,224
Liver,SuSiE,-180,-185,-175,0,0,0,233,224
Liver,SuSiE,-170,-175,-165,0,0,0,233,224
Liver,SuSiE,-160,-165,-155,0,0,0,233,224
Liver,SuSiE,-150,-155,-145,0,0,0,233,224
Liver,SuSiE,-140,-145,-135,0,0,0,233,224
Liver,SuSiE,-130,-135,-125,1,0.00446428571428571,0.446428571428571,233,224
Liver,SuSiE,-120,-125,-115,2,0.00892857142857143,0.892857142857143,233,224
Liver,SuSiE,-110,-115,-105,0,0,0,233,224
Liver,SuSiE,-100,-105,-95,1,0.00446428571428571,0.446428571428571,233,224
Liver,SuSiE,-90,-95,-85,6,0.0267857142857143,2.67857142857143,233,224
Liver,SuSiE,-80,-85,-75,5,0.0223214285714286,2.23214285714286,233,224
Liver,SuSiE,-70,-75,-65,6,0.0267857142857143,2.67857142857143,233,224
Liver,SuSiE,-60,-65,-55,4,0.0178571428571429,1.78571428571429,233,224
Liver,SuSiE,-50,-55,-45,5,0.0223214285714286,2.23214285714286,233,224
Liver,SuSiE,-40,-45,-35,6,0.0267857142857143,2.67857142857143,233,224
Liver,SuSiE,-30,-35,-25,11,0.0491071428571429,4.91071428571429,233,224
Liver,SuSiE,-20,-25,-15,12,0.0535714285714286,5.35714285714286,233,224
Liver,SuSiE,-10,-15,-5,27,0.120535714285714,12.0535714285714,233,224
Liver,SuSiE,0,-5,5,47,0.209821428571429,20.9821428571429,233,224
Liver,SuSiE,10,5,15,33,0.147321428571429,14.7321428571429,233,224
Liver,SuSiE,20,15,25,10,0.0446428571428571,4.46428571428571,233,224
Liver,SuSiE,30,25,35,12,0.0535714285714286,5.35714285714286,233,224
Liver,SuSiE,40,35,45,6,0.0267857142857143,2.67857142857143,233,224
Liver,SuSiE,50,45,55,7,0.03125,3.125,233,224
Liver,SuSiE,60,55,65,3,0.0133928571428571,1.33928571428571,233,224
Liver,SuSiE,70,65,75,3,0.0133928571428571,1.33928571428571,233,224
Liver,SuSiE,80,75,85,1,0.00446428571428571,0.446428571428571,233,224
Liver,SuSiE,90,85,95,2,0.00892857142857143,0.892857142857143,233,224
Liver,SuSiE,100,95,105,2,0.00892857142857143,0.892857142857143,233,224
Liver,SuSiE,110,105,115,3,0.0133928571428571,1.33928571428571,233,224
Liver,SuSiE,120,115,125,1,0.00446428571428571,0.446428571428571,233,224
Liver,SuSiE,130,125,135,3,0.0133928571428571,1.33928571428571,233,224
Liver,SuSiE,140,135,145,2,0.00892857142857143,0.892857142857143,233,224
Liver,SuSiE,150,145,155,1,0.00446428571428571,0.446428571428571,233,224
Liver,SuSiE,160,155,165,0,0,0,233,224
Liver,SuSiE,170,165,175,1,0.00446428571428571,0.446428571428571,233,224
Liver,SuSiE,180,175,185,0,0,0,233,224
Liver,SuSiE,190,185,195,0,0,0,233,224
Liver,SuSiE,200,195,205,0,0,0,233,224
Liver,SuSiE-mix,-200,-205,-195,1,0.00450450450450451,0.450450450450451,231,222
Liver,SuSiE-mix,-190,-195,-185,0,0,0,231,222
Liver,SuSiE-mix,-180,-185,-175,0,0,0,231,222
Liver,SuSiE-mix,-170,-175,-165,0,0,0,231,222
Liver,SuSiE-mix,-160,-165,-155,0,0,0,231,222
Liver,SuSiE-mix,-150,-155,-145,1,0.00450450450450451,0.450450450450451,231,222
Liver,SuSiE-mix,-140,-145,-135,0,0,0,231,222
Liver,SuSiE-mix,-130,-135,-125,1,0.00450450450450451,0.450450450450451,231,222
Liver,SuSiE-mix,-120,-125,-115,2,0.00900900900900901,0.900900900900901,231,222
Liver,SuSiE-mix,-110,-115,-105,0,0,0,231,222
Liver,SuSiE-mix,-100,-105,-95,1,0.00450450450450451,0.450450450450451,231,222
Liver,SuSiE-mix,-90,-95,-85,5,0.0225225225225225,2.25225225225225,231,222
Liver,SuSiE-mix,-80,-85,-75,4,0.018018018018018,1.8018018018018,231,222
Liver,SuSiE-mix,-70,-75,-65,5,0.0225225225225225,2.25225225225225,231,222
Liver,SuSiE-mix,-60,-65,-55,4,0.018018018018018,1.8018018018018,231,222
Liver,SuSiE-mix,-50,-55,-45,5,0.0225225225225225,2.25225225225225,231,222
Liver,SuSiE-mix,-40,-45,-35,7,0.0315315315315315,3.15315315315315,231,222
Liver,SuSiE-mix,-30,-35,-25,10,0.0450450450450451,4.50450450450451,231,222
Liver,SuSiE-mix,-20,-25,-15,13,0.0585585585585586,5.85585585585586,231,222
Liver,SuSiE-mix,-10,-15,-5,28,0.126126126126126,12.6126126126126,231,222
Liver,SuSiE-mix,0,-5,5,49,0.220720720720721,22.0720720720721,231,222
Liver,SuSiE-mix,10,5,15,29,0.130630630630631,13.0630630630631,231,222
Liver,SuSiE-mix,20,15,25,12,0.0540540540540541,5.40540540540541,231,222
Liver,SuSiE-mix,30,25,35,11,0.0495495495495496,4.95495495495496,231,222
Liver,SuSiE-mix,40,35,45,6,0.027027027027027,2.7027027027027,231,222
Liver,SuSiE-mix,50,45,55,6,0.027027027027027,2.7027027027027,231,222
Liver,SuSiE-mix,60,55,65,3,0.0135135135135135,1.35135135135135,231,222
Liver,SuSiE-mix,70,65,75,3,0.0135135135135135,1.35135135135135,231,222
Liver,SuSiE-mix,80,75,85,1,0.00450450450450451,0.450450450450451,231,222
Liver,SuSiE-mix,90,85,95,2,0.00900900900900901,0.900900900900901,231,222
Liver,SuSiE-mix,100,95,105,2,0.00900900900900901,0.900900900900901,231,222
Liver,SuSiE-mix,110,105,115,3,0.0135135135135135,1.35135135135135,231,222
Liver,SuSiE-mix,120,115,125,1,0.00450450450450451,0.450450450450451,231,222
Liver,SuSiE-mix,130,125,135,3,0.0135135135135135,1.35135135135135,231,222
Liver,SuSiE-mix,140,135,145,2,0.00900900900900901,0.900900900900901,231,222
Liver,SuSiE-mix,150,145,155,1,0.00450450450450451,0.450450450450451,231,222
Liver,SuSiE-mix,160,155,165,0,0,0,231,222
Liver,SuSiE-mix,170,165,175,1,0.00450450450450451,0.450450450450451,231,222
Liver,SuSiE-mix,180,175,185,0,0,0,231,222
Liver,SuSiE-mix,190,185,195,0,0,0,231,222
Liver,SuSiE-mix,200,195,205,0,0,0,231,222
Lung,SuSiE,-200,-205,-195,1,0.00178571428571429,0.178571428571429,589,560
Lung,SuSiE,-190,-195,-185,1,0.00178571428571429,0.178571428571429,589,560
Lung,SuSiE,-180,-185,-175,0,0,0,589,560
Lung,SuSiE,-170,-175,-165,4,0.00714285714285714,0.714285714285714,589,560
Lung,SuSiE,-160,-165,-155,1,0.00178571428571429,0.178571428571429,589,560
Lung,SuSiE,-150,-155,-145,0,0,0,589,560
Lung,SuSiE,-140,-145,-135,4,0.00714285714285714,0.714285714285714,589,560
Lung,SuSiE,-130,-135,-125,5,0.00892857142857143,0.892857142857143,589,560
Lung,SuSiE,-120,-125,-115,3,0.00535714285714286,0.535714285714286,589,560
Lung,SuSiE,-110,-115,-105,4,0.00714285714285714,0.714285714285714,589,560
Lung,SuSiE,-100,-105,-95,7,0.0125,1.25,589,560
Lung,SuSiE,-90,-95,-85,4,0.00714285714285714,0.714285714285714,589,560
Lung,SuSiE,-80,-85,-75,8,0.0142857142857143,1.42857142857143,589,560
Lung,SuSiE,-70,-75,-65,8,0.0142857142857143,1.42857142857143,589,560
Lung,SuSiE,-60,-65,-55,6,0.0107142857142857,1.07142857142857,589,560
Lung,SuSiE,-50,-55,-45,10,0.0178571428571429,1.78571428571429,589,560
Lung,SuSiE,-40,-45,-35,17,0.0303571428571429,3.03571428571429,589,560
Lung,SuSiE,-30,-35,-25,24,0.0428571428571429,4.28571428571429,589,560
Lung,SuSiE,-20,-25,-15,40,0.0714285714285714,7.14285714285714,589,560
Lung,SuSiE,-10,-15,-5,61,0.108928571428571,10.8928571428571,589,560
Lung,SuSiE,0,-5,5,149,0.266071428571429,26.6071428571429,589,560
Lung,SuSiE,10,5,15,64,0.114285714285714,11.4285714285714,589,560
Lung,SuSiE,20,15,25,41,0.0732142857142857,7.32142857142857,589,560
Lung,SuSiE,30,25,35,23,0.0410714285714286,4.10714285714286,589,560
Lung,SuSiE,40,35,45,20,0.0357142857142857,3.57142857142857,589,560
Lung,SuSiE,50,45,55,8,0.0142857142857143,1.42857142857143,589,560
Lung,SuSiE,60,55,65,4,0.00714285714285714,0.714285714285714,589,560
Lung,SuSiE,70,65,75,8,0.0142857142857143,1.42857142857143,589,560
Lung,SuSiE,80,75,85,7,0.0125,1.25,589,560
Lung,SuSiE,90,85,95,7,0.0125,1.25,589,560
Lung,SuSiE,100,95,105,5,0.00892857142857143,0.892857142857143,589,560
Lung,SuSiE,110,105,115,6,0.0107142857142857,1.07142857142857,589,560
Lung,SuSiE,120,115,125,0,0,0,589,560
Lung,SuSiE,130,125,135,1,0.00178571428571429,0.178571428571429,589,560
Lung,SuSiE,140,135,145,2,0.00357142857142857,0.357142857142857,589,560
Lung,SuSiE,150,145,155,2,0.00357142857142857,0.357142857142857,589,560
Lung,SuSiE,160,155,165,0,0,0,589,560
Lung,SuSiE,170,165,175,0,0,0,589,560
Lung,SuSiE,180,175,185,2,0.00357142857142857,0.357142857142857,589,560
Lung,SuSiE,190,185,195,1,0.00178571428571429,0.178571428571429,589,560
Lung,SuSiE,200,195,205,2,0.00357142857142857,0.357142857142857,589,560
Lung,SuSiE-mix,-200,-205,-195,2,0.003584229390681,0.3584229390681,585,558
Lung,SuSiE-mix,-190,-195,-185,0,0,0,585,558
Lung,SuSiE-mix,-180,-185,-175,0,0,0,585,558
Lung,SuSiE-mix,-170,-175,-165,4,0.00716845878136201,0.716845878136201,585,558
Lung,SuSiE-mix,-160,-165,-155,1,0.0017921146953405,0.17921146953405,585,558
Lung,SuSiE-mix,-150,-155,-145,0,0,0,585,558
Lung,SuSiE-mix,-140,-145,-135,3,0.00537634408602151,0.537634408602151,585,558
Lung,SuSiE-mix,-130,-135,-125,7,0.0125448028673835,1.25448028673835,585,558
Lung,SuSiE-mix,-120,-125,-115,3,0.00537634408602151,0.537634408602151,585,558
Lung,SuSiE-mix,-110,-115,-105,4,0.00716845878136201,0.716845878136201,585,558
Lung,SuSiE-mix,-100,-105,-95,5,0.00896057347670251,0.896057347670251,585,558
Lung,SuSiE-mix,-90,-95,-85,4,0.00716845878136201,0.716845878136201,585,558
Lung,SuSiE-mix,-80,-85,-75,7,0.0125448028673835,1.25448028673835,585,558
Lung,SuSiE-mix,-70,-75,-65,8,0.014336917562724,1.4336917562724,585,558
Lung,SuSiE-mix,-60,-65,-55,5,0.00896057347670251,0.896057347670251,585,558
Lung,SuSiE-mix,-50,-55,-45,12,0.021505376344086,2.1505376344086,585,558
Lung,SuSiE-mix,-40,-45,-35,17,0.0304659498207885,3.04659498207885,585,558
Lung,SuSiE-mix,-30,-35,-25,22,0.039426523297491,3.9426523297491,585,558
Lung,SuSiE-mix,-20,-25,-15,40,0.0716845878136201,7.16845878136201,585,558
Lung,SuSiE-mix,-10,-15,-5,63,0.112903225806452,11.2903225806452,585,558
Lung,SuSiE-mix,0,-5,5,148,0.265232974910394,26.5232974910394,585,558
Lung,SuSiE-mix,10,5,15,63,0.112903225806452,11.2903225806452,585,558
Lung,SuSiE-mix,20,15,25,41,0.0734767025089606,7.34767025089606,585,558
Lung,SuSiE-mix,30,25,35,26,0.0465949820788531,4.65949820788531,585,558
Lung,SuSiE-mix,40,35,45,18,0.032258064516129,3.2258064516129,585,558
Lung,SuSiE-mix,50,45,55,10,0.017921146953405,1.7921146953405,585,558
Lung,SuSiE-mix,60,55,65,4,0.00716845878136201,0.716845878136201,585,558
Lung,SuSiE-mix,70,65,75,7,0.0125448028673835,1.25448028673835,585,558
Lung,SuSiE-mix,80,75,85,8,0.014336917562724,1.4336917562724,585,558
Lung,SuSiE-mix,90,85,95,7,0.0125448028673835,1.25448028673835,585,558
Lung,SuSiE-mix,100,95,105,4,0.00716845878136201,0.716845878136201,585,558
Lung,SuSiE-mix,110,105,115,6,0.010752688172043,1.0752688172043,585,558
Lung,SuSiE-mix,120,115,125,1,0.0017921146953405,0.17921146953405,585,558
Lung,SuSiE-mix,130,125,135,0,0,0,585,558
Lung,SuSiE-mix,140,135,145,2,0.003584229390681,0.3584229390681,585,558
Lung,SuSiE-mix,150,145,155,2,0.003584229390681,0.3584229390681,585,558
Lung,SuSiE-mix,160,155,165,0,0,0,585,558
Lung,SuSiE-mix,170,165,175,0,0,0,585,558
Lung,SuSiE-mix,180,175,185,2,0.003584229390681,0.3584229390681,585,558
Lung,SuSiE-mix,190,185,195,0,0,0,585,558
Lung,SuSiE-mix,200,195,205,2,0.003584229390681,0.3584229390681,585,558
Muscle,SuSiE,-200,-205,-195,1,0.00113122171945701,0.113122171945701,939,884
Muscle,SuSiE,-190,-195,-185,4,0.00452488687782806,0.452488687782805,939,884
Muscle,SuSiE,-180,-185,-175,3,0.00339366515837104,0.339366515837104,939,884
Muscle,SuSiE,-170,-175,-165,4,0.00452488687782806,0.452488687782805,939,884
Muscle,SuSiE,-160,-165,-155,3,0.00339366515837104,0.339366515837104,939,884
Muscle,SuSiE,-150,-155,-145,2,0.00226244343891403,0.226244343891403,939,884
Muscle,SuSiE,-140,-145,-135,1,0.00113122171945701,0.113122171945701,939,884
Muscle,SuSiE,-130,-135,-125,3,0.00339366515837104,0.339366515837104,939,884
Muscle,SuSiE,-120,-125,-115,9,0.0101809954751131,1.01809954751131,939,884
Muscle,SuSiE,-110,-115,-105,2,0.00226244343891403,0.226244343891403,939,884
Muscle,SuSiE,-100,-105,-95,12,0.0135746606334842,1.35746606334842,939,884
Muscle,SuSiE,-90,-95,-85,9,0.0101809954751131,1.01809954751131,939,884
Muscle,SuSiE,-80,-85,-75,9,0.0101809954751131,1.01809954751131,939,884
Muscle,SuSiE,-70,-75,-65,11,0.0124434389140271,1.24434389140272,939,884
Muscle,SuSiE,-60,-65,-55,22,0.0248868778280543,2.48868778280543,939,884
Muscle,SuSiE,-50,-55,-45,19,0.0214932126696833,2.14932126696833,939,884
Muscle,SuSiE,-40,-45,-35,23,0.0260180995475113,2.60180995475113,939,884
Muscle,SuSiE,-30,-35,-25,31,0.0350678733031674,3.50678733031674,939,884
Muscle,SuSiE,-20,-25,-15,54,0.0610859728506787,6.10859728506787,939,884
Muscle,SuSiE,-10,-15,-5,91,0.102941176470588,10.2941176470588,939,884
Muscle,SuSiE,0,-5,5,233,0.263574660633484,26.3574660633484,939,884
Muscle,SuSiE,10,5,15,102,0.115384615384615,11.5384615384615,939,884
Muscle,SuSiE,20,15,25,52,0.0588235294117647,5.88235294117647,939,884
Muscle,SuSiE,30,25,35,33,0.0373303167420815,3.73303167420815,939,884
Muscle,SuSiE,40,35,45,34,0.0384615384615385,3.84615384615385,939,884
Muscle,SuSiE,50,45,55,27,0.0305429864253394,3.05429864253394,939,884
Muscle,SuSiE,60,55,65,12,0.0135746606334842,1.35746606334842,939,884
Muscle,SuSiE,70,65,75,12,0.0135746606334842,1.35746606334842,939,884
Muscle,SuSiE,80,75,85,12,0.0135746606334842,1.35746606334842,939,884
Muscle,SuSiE,90,85,95,5,0.00565610859728507,0.565610859728507,939,884
Muscle,SuSiE,100,95,105,9,0.0101809954751131,1.01809954751131,939,884
Muscle,SuSiE,110,105,115,7,0.00791855203619909,0.791855203619909,939,884
Muscle,SuSiE,120,115,125,3,0.00339366515837104,0.339366515837104,939,884
Muscle,SuSiE,130,125,135,6,0.00678733031674208,0.678733031674208,939,884
Muscle,SuSiE,140,135,145,5,0.00565610859728507,0.565610859728507,939,884
Muscle,SuSiE,150,145,155,4,0.00452488687782806,0.452488687782805,939,884
Muscle,SuSiE,160,155,165,2,0.00226244343891403,0.226244343891403,939,884
Muscle,SuSiE,170,165,175,2,0.00226244343891403,0.226244343891403,939,884
Muscle,SuSiE,180,175,185,6,0.00678733031674208,0.678733031674208,939,884
Muscle,SuSiE,190,185,195,2,0.00226244343891403,0.226244343891403,939,884
Muscle,SuSiE,200,195,205,3,0.00339366515837104,0.339366515837104,939,884
Muscle,SuSiE-mix,-200,-205,-195,1,0.00112994350282486,0.112994350282486,932,885
Muscle,SuSiE-mix,-190,-195,-185,5,0.00564971751412429,0.564971751412429,932,885
Muscle,SuSiE-mix,-180,-185,-175,3,0.00338983050847458,0.338983050847458,932,885
Muscle,SuSiE-mix,-170,-175,-165,3,0.00338983050847458,0.338983050847458,932,885
Muscle,SuSiE-mix,-160,-165,-155,3,0.00338983050847458,0.338983050847458,932,885
Muscle,SuSiE-mix,-150,-155,-145,3,0.00338983050847458,0.338983050847458,932,885
Muscle,SuSiE-mix,-140,-145,-135,1,0.00112994350282486,0.112994350282486,932,885
Muscle,SuSiE-mix,-130,-135,-125,4,0.00451977401129944,0.451977401129944,932,885
Muscle,SuSiE-mix,-120,-125,-115,9,0.0101694915254237,1.01694915254237,932,885
Muscle,SuSiE-mix,-110,-115,-105,3,0.00338983050847458,0.338983050847458,932,885
Muscle,SuSiE-mix,-100,-105,-95,10,0.0112994350282486,1.12994350282486,932,885
Muscle,SuSiE-mix,-90,-95,-85,10,0.0112994350282486,1.12994350282486,932,885
Muscle,SuSiE-mix,-80,-85,-75,11,0.0124293785310734,1.24293785310734,932,885
Muscle,SuSiE-mix,-70,-75,-65,11,0.0124293785310734,1.24293785310734,932,885
Muscle,SuSiE-mix,-60,-65,-55,23,0.0259887005649718,2.59887005649718,932,885
Muscle,SuSiE-mix,-50,-55,-45,16,0.0180790960451977,1.80790960451977,932,885
Muscle,SuSiE-mix,-40,-45,-35,22,0.0248587570621469,2.48587570621469,932,885
Muscle,SuSiE-mix,-30,-35,-25,32,0.0361581920903955,3.61581920903955,932,885
Muscle,SuSiE-mix,-20,-25,-15,54,0.0610169491525424,6.10169491525424,932,885
Muscle,SuSiE-mix,-10,-15,-5,84,0.0949152542372881,9.49152542372881,932,885
Muscle,SuSiE-mix,0,-5,5,236,0.266666666666667,26.6666666666667,932,885
Muscle,SuSiE-mix,10,5,15,104,0.117514124293785,11.7514124293785,932,885
Muscle,SuSiE-mix,20,15,25,51,0.0576271186440678,5.76271186440678,932,885
Muscle,SuSiE-mix,30,25,35,38,0.0429378531073446,4.29378531073446,932,885
Muscle,SuSiE-mix,40,35,45,30,0.0338983050847458,3.38983050847458,932,885
Muscle,SuSiE-mix,50,45,55,25,0.0282485875706215,2.82485875706215,932,885
Muscle,SuSiE-mix,60,55,65,12,0.0135593220338983,1.35593220338983,932,885
Muscle,SuSiE-mix,70,65,75,10,0.0112994350282486,1.12994350282486,932,885
Muscle,SuSiE-mix,80,75,85,12,0.0135593220338983,1.35593220338983,932,885
Muscle,SuSiE-mix,90,85,95,7,0.00790960451977401,0.790960451977401,932,885
Muscle,SuSiE-mix,100,95,105,10,0.0112994350282486,1.12994350282486,932,885
Muscle,SuSiE-mix,110,105,115,8,0.00903954802259887,0.903954802259887,932,885
Muscle,SuSiE-mix,120,115,125,3,0.00338983050847458,0.338983050847458,932,885
Muscle,SuSiE-mix,130,125,135,8,0.00903954802259887,0.903954802259887,932,885
Muscle,SuSiE-mix,140,135,145,5,0.00564971751412429,0.564971751412429,932,885
Muscle,SuSiE-mix,150,145,155,2,0.00225988700564972,0.225988700564972,932,885
Muscle,SuSiE-mix,160,155,165,2,0.00225988700564972,0.225988700564972,932,885
Muscle,SuSiE-mix,170,165,175,3,0.00338983050847458,0.338983050847458,932,885
Muscle,SuSiE-mix,180,175,185,6,0.00677966101694915,0.677966101694915,932,885
Muscle,SuSiE-mix,190,185,195,2,0.00225988700564972,0.225988700564972,932,885
Muscle,SuSiE-mix,200,195,205,3,0.00338983050847458,0.338983050847458,932,885
Nerve,SuSiE,-200,-205,-195,3,0.00230769230769231,0.230769230769231,1364,1300
Nerve,SuSiE,-190,-195,-185,1,0.000769230769230769,0.0769230769230769,1364,1300
Nerve,SuSiE,-180,-185,-175,5,0.00384615384615385,0.384615384615385,1364,1300
Nerve,SuSiE,-170,-175,-165,2,0.00153846153846154,0.153846153846154,1364,1300
Nerve,SuSiE,-160,-165,-155,6,0.00461538461538462,0.461538461538462,1364,1300
Nerve,SuSiE,-150,-155,-145,10,0.00769230769230769,0.769230769230769,1364,1300
Nerve,SuSiE,-140,-145,-135,4,0.00307692307692308,0.307692307692308,1364,1300
Nerve,SuSiE,-130,-135,-125,2,0.00153846153846154,0.153846153846154,1364,1300
Nerve,SuSiE,-120,-125,-115,8,0.00615384615384615,0.615384615384615,1364,1300
Nerve,SuSiE,-110,-115,-105,7,0.00538461538461538,0.538461538461538,1364,1300
Nerve,SuSiE,-100,-105,-95,9,0.00692307692307692,0.692307692307692,1364,1300
Nerve,SuSiE,-90,-95,-85,11,0.00846153846153846,0.846153846153846,1364,1300
Nerve,SuSiE,-80,-85,-75,12,0.00923076923076923,0.923076923076923,1364,1300
Nerve,SuSiE,-70,-75,-65,28,0.0215384615384615,2.15384615384615,1364,1300
Nerve,SuSiE,-60,-65,-55,23,0.0176923076923077,1.76923076923077,1364,1300
Nerve,SuSiE,-50,-55,-45,25,0.0192307692307692,1.92307692307692,1364,1300
Nerve,SuSiE,-40,-45,-35,33,0.0253846153846154,2.53846153846154,1364,1300
Nerve,SuSiE,-30,-35,-25,66,0.0507692307692308,5.07692307692308,1364,1300
Nerve,SuSiE,-20,-25,-15,102,0.0784615384615385,7.84615384615385,1364,1300
Nerve,SuSiE,-10,-15,-5,139,0.106923076923077,10.6923076923077,1364,1300
Nerve,SuSiE,0,-5,5,312,0.24,24,1364,1300
Nerve,SuSiE,10,5,15,126,0.0969230769230769,9.69230769230769,1364,1300
Nerve,SuSiE,20,15,25,88,0.0676923076923077,6.76923076923077,1364,1300
Nerve,SuSiE,30,25,35,58,0.0446153846153846,4.46153846153846,1364,1300
Nerve,SuSiE,40,35,45,53,0.0407692307692308,4.07692307692308,1364,1300
Nerve,SuSiE,50,45,55,33,0.0253846153846154,2.53846153846154,1364,1300
Nerve,SuSiE,60,55,65,23,0.0176923076923077,1.76923076923077,1364,1300
Nerve,SuSiE,70,65,75,24,0.0184615384615385,1.84615384615385,1364,1300
Nerve,SuSiE,80,75,85,12,0.00923076923076923,0.923076923076923,1364,1300
Nerve,SuSiE,90,85,95,7,0.00538461538461538,0.538461538461538,1364,1300
Nerve,SuSiE,100,95,105,12,0.00923076923076923,0.923076923076923,1364,1300
Nerve,SuSiE,110,105,115,8,0.00615384615384615,0.615384615384615,1364,1300
Nerve,SuSiE,120,115,125,8,0.00615384615384615,0.615384615384615,1364,1300
Nerve,SuSiE,130,125,135,8,0.00615384615384615,0.615384615384615,1364,1300
Nerve,SuSiE,140,135,145,9,0.00692307692307692,0.692307692307692,1364,1300
Nerve,SuSiE,150,145,155,7,0.00538461538461538,0.538461538461538,1364,1300
Nerve,SuSiE,160,155,165,2,0.00153846153846154,0.153846153846154,1364,1300
Nerve,SuSiE,170,165,175,4,0.00307692307692308,0.307692307692308,1364,1300
Nerve,SuSiE,180,175,185,5,0.00384615384615385,0.384615384615385,1364,1300
Nerve,SuSiE,190,185,195,3,0.00230769230769231,0.230769230769231,1364,1300
Nerve,SuSiE,200,195,205,2,0.00153846153846154,0.153846153846154,1364,1300
Nerve,SuSiE-mix,-200,-205,-195,4,0.00311526479750779,0.311526479750779,1342,1284
Nerve,SuSiE-mix,-190,-195,-185,1,0.000778816199376947,0.0778816199376947,1342,1284
Nerve,SuSiE-mix,-180,-185,-175,5,0.00389408099688474,0.389408099688474,1342,1284
Nerve,SuSiE-mix,-170,-175,-165,2,0.00155763239875389,0.155763239875389,1342,1284
Nerve,SuSiE-mix,-160,-165,-155,5,0.00389408099688474,0.389408099688474,1342,1284
Nerve,SuSiE-mix,-150,-155,-145,11,0.00856697819314642,0.856697819314642,1342,1284
Nerve,SuSiE-mix,-140,-145,-135,5,0.00389408099688474,0.389408099688474,1342,1284
Nerve,SuSiE-mix,-130,-135,-125,2,0.00155763239875389,0.155763239875389,1342,1284
Nerve,SuSiE-mix,-120,-125,-115,8,0.00623052959501558,0.623052959501558,1342,1284
Nerve,SuSiE-mix,-110,-115,-105,9,0.00700934579439252,0.700934579439252,1342,1284
Nerve,SuSiE-mix,-100,-105,-95,10,0.00778816199376947,0.778816199376947,1342,1284
Nerve,SuSiE-mix,-90,-95,-85,9,0.00700934579439252,0.700934579439252,1342,1284
Nerve,SuSiE-mix,-80,-85,-75,12,0.00934579439252336,0.934579439252336,1342,1284
Nerve,SuSiE-mix,-70,-75,-65,29,0.0225856697819315,2.25856697819315,1342,1284
Nerve,SuSiE-mix,-60,-65,-55,22,0.0171339563862928,1.71339563862928,1342,1284
Nerve,SuSiE-mix,-50,-55,-45,22,0.0171339563862928,1.71339563862928,1342,1284
Nerve,SuSiE-mix,-40,-45,-35,34,0.0264797507788162,2.64797507788162,1342,1284
Nerve,SuSiE-mix,-30,-35,-25,63,0.0490654205607477,4.90654205607477,1342,1284
Nerve,SuSiE-mix,-20,-25,-15,101,0.0786604361370717,7.86604361370717,1342,1284
Nerve,SuSiE-mix,-10,-15,-5,139,0.108255451713396,10.8255451713396,1342,1284
Nerve,SuSiE-mix,0,-5,5,305,0.237538940809969,23.7538940809969,1342,1284
Nerve,SuSiE-mix,10,5,15,124,0.0965732087227414,9.65732087227414,1342,1284
Nerve,SuSiE-mix,20,15,25,91,0.0708722741433022,7.08722741433022,1342,1284
Nerve,SuSiE-mix,30,25,35,58,0.0451713395638629,4.51713395638629,1342,1284
Nerve,SuSiE-mix,40,35,45,52,0.0404984423676012,4.04984423676012,1342,1284
Nerve,SuSiE-mix,50,45,55,34,0.0264797507788162,2.64797507788162,1342,1284
Nerve,SuSiE-mix,60,55,65,22,0.0171339563862928,1.71339563862928,1342,1284
Nerve,SuSiE-mix,70,65,75,22,0.0171339563862928,1.71339563862928,1342,1284
Nerve,SuSiE-mix,80,75,85,13,0.0101246105919003,1.01246105919003,1342,1284
Nerve,SuSiE-mix,90,85,95,6,0.00467289719626168,0.467289719626168,1342,1284
Nerve,SuSiE-mix,100,95,105,11,0.00856697819314642,0.856697819314642,1342,1284
Nerve,SuSiE-mix,110,105,115,8,0.00623052959501558,0.623052959501558,1342,1284
Nerve,SuSiE-mix,120,115,125,8,0.00623052959501558,0.623052959501558,1342,1284
Nerve,SuSiE-mix,130,125,135,7,0.00545171339563863,0.545171339563863,1342,1284
Nerve,SuSiE-mix,140,135,145,6,0.00467289719626168,0.467289719626168,1342,1284
Nerve,SuSiE-mix,150,145,155,8,0.00623052959501558,0.623052959501558,1342,1284
Nerve,SuSiE-mix,160,155,165,2,0.00155763239875389,0.155763239875389,1342,1284
Nerve,SuSiE-mix,170,165,175,4,0.00311526479750779,0.311526479750779,1342,1284
Nerve,SuSiE-mix,180,175,185,5,0.00389408099688474,0.389408099688474,1342,1284
Nerve,SuSiE-mix,190,185,195,3,0.00233644859813084,0.233644859813084,1342,1284
Nerve,SuSiE-mix,200,195,205,2,0.00155763239875389,0.155763239875389,1342,1284
Ovary,SuSiE,-200,-205,-195,0,0,0,142,132
Ovary,SuSiE,-190,-195,-185,0,0,0,142,132
Ovary,SuSiE,-180,-185,-175,0,0,0,142,132
Ovary,SuSiE,-170,-175,-165,0,0,0,142,132
Ovary,SuSiE,-160,-165,-155,1,0.00757575757575758,0.757575757575758,142,132
Ovary,SuSiE,-150,-155,-145,0,0,0,142,132
Ovary,SuSiE,-140,-145,-135,0,0,0,142,132
Ovary,SuSiE,-130,-135,-125,2,0.0151515151515152,1.51515151515152,142,132
Ovary,SuSiE,-120,-125,-115,0,0,0,142,132
Ovary,SuSiE,-110,-115,-105,2,0.0151515151515152,1.51515151515152,142,132
Ovary,SuSiE,-100,-105,-95,0,0,0,142,132
Ovary,SuSiE,-90,-95,-85,1,0.00757575757575758,0.757575757575758,142,132
Ovary,SuSiE,-80,-85,-75,1,0.00757575757575758,0.757575757575758,142,132
Ovary,SuSiE,-70,-75,-65,3,0.0227272727272727,2.27272727272727,142,132
Ovary,SuSiE,-60,-65,-55,3,0.0227272727272727,2.27272727272727,142,132
Ovary,SuSiE,-50,-55,-45,4,0.0303030303030303,3.03030303030303,142,132
Ovary,SuSiE,-40,-45,-35,2,0.0151515151515152,1.51515151515152,142,132
Ovary,SuSiE,-30,-35,-25,11,0.0833333333333333,8.33333333333333,142,132
Ovary,SuSiE,-20,-25,-15,13,0.0984848484848485,9.84848484848485,142,132
Ovary,SuSiE,-10,-15,-5,15,0.113636363636364,11.3636363636364,142,132
Ovary,SuSiE,0,-5,5,34,0.257575757575758,25.7575757575758,142,132
Ovary,SuSiE,10,5,15,12,0.0909090909090909,9.09090909090909,142,132
Ovary,SuSiE,20,15,25,6,0.0454545454545455,4.54545454545455,142,132
Ovary,SuSiE,30,25,35,6,0.0454545454545455,4.54545454545455,142,132
Ovary,SuSiE,40,35,45,3,0.0227272727272727,2.27272727272727,142,132
Ovary,SuSiE,50,45,55,0,0,0,142,132
Ovary,SuSiE,60,55,65,2,0.0151515151515152,1.51515151515152,142,132
Ovary,SuSiE,70,65,75,3,0.0227272727272727,2.27272727272727,142,132
Ovary,SuSiE,80,75,85,3,0.0227272727272727,2.27272727272727,142,132
Ovary,SuSiE,90,85,95,1,0.00757575757575758,0.757575757575758,142,132
Ovary,SuSiE,100,95,105,0,0,0,142,132
Ovary,SuSiE,110,105,115,1,0.00757575757575758,0.757575757575758,142,132
Ovary,SuSiE,120,115,125,0,0,0,142,132
Ovary,SuSiE,130,125,135,0,0,0,142,132
Ovary,SuSiE,140,135,145,0,0,0,142,132
Ovary,SuSiE,150,145,155,1,0.00757575757575758,0.757575757575758,142,132
Ovary,SuSiE,160,155,165,1,0.00757575757575758,0.757575757575758,142,132
Ovary,SuSiE,170,165,175,0,0,0,142,132
Ovary,SuSiE,180,175,185,1,0.00757575757575758,0.757575757575758,142,132
Ovary,SuSiE,190,185,195,0,0,0,142,132
Ovary,SuSiE,200,195,205,0,0,0,142,132
Ovary,SuSiE-mix,-200,-205,-195,0,0,0,141,130
Ovary,SuSiE-mix,-190,-195,-185,0,0,0,141,130
Ovary,SuSiE-mix,-180,-185,-175,0,0,0,141,130
Ovary,SuSiE-mix,-170,-175,-165,1,0.00769230769230769,0.769230769230769,141,130
Ovary,SuSiE-mix,-160,-165,-155,1,0.00769230769230769,0.769230769230769,141,130
Ovary,SuSiE-mix,-150,-155,-145,0,0,0,141,130
Ovary,SuSiE-mix,-140,-145,-135,0,0,0,141,130
Ovary,SuSiE-mix,-130,-135,-125,2,0.0153846153846154,1.53846153846154,141,130
Ovary,SuSiE-mix,-120,-125,-115,0,0,0,141,130
Ovary,SuSiE-mix,-110,-115,-105,2,0.0153846153846154,1.53846153846154,141,130
Ovary,SuSiE-mix,-100,-105,-95,0,0,0,141,130
Ovary,SuSiE-mix,-90,-95,-85,0,0,0,141,130
Ovary,SuSiE-mix,-80,-85,-75,1,0.00769230769230769,0.769230769230769,141,130
Ovary,SuSiE-mix,-70,-75,-65,3,0.0230769230769231,2.30769230769231,141,130
Ovary,SuSiE-mix,-60,-65,-55,3,0.0230769230769231,2.30769230769231,141,130
Ovary,SuSiE-mix,-50,-55,-45,4,0.0307692307692308,3.07692307692308,141,130
Ovary,SuSiE-mix,-40,-45,-35,2,0.0153846153846154,1.53846153846154,141,130
Ovary,SuSiE-mix,-30,-35,-25,10,0.0769230769230769,7.69230769230769,141,130
Ovary,SuSiE-mix,-20,-25,-15,12,0.0923076923076923,9.23076923076923,141,130
Ovary,SuSiE-mix,-10,-15,-5,14,0.107692307692308,10.7692307692308,141,130
Ovary,SuSiE-mix,0,-5,5,33,0.253846153846154,25.3846153846154,141,130
Ovary,SuSiE-mix,10,5,15,12,0.0923076923076923,9.23076923076923,141,130
Ovary,SuSiE-mix,20,15,25,9,0.0692307692307692,6.92307692307692,141,130
Ovary,SuSiE-mix,30,25,35,6,0.0461538461538462,4.61538461538462,141,130
Ovary,SuSiE-mix,40,35,45,3,0.0230769230769231,2.30769230769231,141,130
Ovary,SuSiE-mix,50,45,55,1,0.00769230769230769,0.769230769230769,141,130
Ovary,SuSiE-mix,60,55,65,1,0.00769230769230769,0.769230769230769,141,130
Ovary,SuSiE-mix,70,65,75,3,0.0230769230769231,2.30769230769231,141,130
Ovary,SuSiE-mix,80,75,85,2,0.0153846153846154,1.53846153846154,141,130
Ovary,SuSiE-mix,90,85,95,1,0.00769230769230769,0.769230769230769,141,130
Ovary,SuSiE-mix,100,95,105,0,0,0,141,130
Ovary,SuSiE-mix,110,105,115,1,0.00769230769230769,0.769230769230769,141,130
Ovary,SuSiE-mix,120,115,125,0,0,0,141,130
Ovary,SuSiE-mix,130,125,135,0,0,0,141,130
Ovary,SuSiE-mix,140,135,145,0,0,0,141,130
Ovary,SuSiE-mix,150,145,155,1,0.00769230769230769,0.769230769230769,141,130
Ovary,SuSiE-mix,160,155,165,1,0.00769230769230769,0.769230769230769,141,130
Ovary,SuSiE-mix,170,165,175,0,0,0,141,130
Ovary,SuSiE-mix,180,175,185,1,0.00769230769230769,0.769230769230769,141,130
Ovary,SuSiE-mix,190,185,195,0,0,0,141,130
Ovary,SuSiE-mix,200,195,205,0,0,0,141,130
Pancreas,SuSiE,-200,-205,-195,1,0.00284090909090909,0.284090909090909,368,352
Pancreas,SuSiE,-190,-195,-185,1,0.00284090909090909,0.284090909090909,368,352
Pancreas,SuSiE,-180,-185,-175,1,0.00284090909090909,0.284090909090909,368,352
Pancreas,SuSiE,-170,-175,-165,0,0,0,368,352
Pancreas,SuSiE,-160,-165,-155,6,0.0170454545454545,1.70454545454545,368,352
Pancreas,SuSiE,-150,-155,-145,1,0.00284090909090909,0.284090909090909,368,352
Pancreas,SuSiE,-140,-145,-135,2,0.00568181818181818,0.568181818181818,368,352
Pancreas,SuSiE,-130,-135,-125,2,0.00568181818181818,0.568181818181818,368,352
Pancreas,SuSiE,-120,-125,-115,0,0,0,368,352
Pancreas,SuSiE,-110,-115,-105,1,0.00284090909090909,0.284090909090909,368,352
Pancreas,SuSiE,-100,-105,-95,2,0.00568181818181818,0.568181818181818,368,352
Pancreas,SuSiE,-90,-95,-85,2,0.00568181818181818,0.568181818181818,368,352
Pancreas,SuSiE,-80,-85,-75,4,0.0113636363636364,1.13636363636364,368,352
Pancreas,SuSiE,-70,-75,-65,10,0.0284090909090909,2.84090909090909,368,352
Pancreas,SuSiE,-60,-65,-55,4,0.0113636363636364,1.13636363636364,368,352
Pancreas,SuSiE,-50,-55,-45,8,0.0227272727272727,2.27272727272727,368,352
Pancreas,SuSiE,-40,-45,-35,12,0.0340909090909091,3.40909090909091,368,352
Pancreas,SuSiE,-30,-35,-25,18,0.0511363636363636,5.11363636363636,368,352
Pancreas,SuSiE,-20,-25,-15,23,0.0653409090909091,6.53409090909091,368,352
Pancreas,SuSiE,-10,-15,-5,43,0.122159090909091,12.2159090909091,368,352
Pancreas,SuSiE,0,-5,5,90,0.255681818181818,25.5681818181818,368,352
Pancreas,SuSiE,10,5,15,29,0.0823863636363636,8.23863636363636,368,352
Pancreas,SuSiE,20,15,25,21,0.0596590909090909,5.96590909090909,368,352
Pancreas,SuSiE,30,25,35,18,0.0511363636363636,5.11363636363636,368,352
Pancreas,SuSiE,40,35,45,9,0.0255681818181818,2.55681818181818,368,352
Pancreas,SuSiE,50,45,55,11,0.03125,3.125,368,352
Pancreas,SuSiE,60,55,65,8,0.0227272727272727,2.27272727272727,368,352
Pancreas,SuSiE,70,65,75,3,0.00852272727272727,0.852272727272727,368,352
Pancreas,SuSiE,80,75,85,5,0.0142045454545455,1.42045454545455,368,352
Pancreas,SuSiE,90,85,95,2,0.00568181818181818,0.568181818181818,368,352
Pancreas,SuSiE,100,95,105,0,0,0,368,352
Pancreas,SuSiE,110,105,115,2,0.00568181818181818,0.568181818181818,368,352
Pancreas,SuSiE,120,115,125,3,0.00852272727272727,0.852272727272727,368,352
Pancreas,SuSiE,130,125,135,2,0.00568181818181818,0.568181818181818,368,352
Pancreas,SuSiE,140,135,145,2,0.00568181818181818,0.568181818181818,368,352
Pancreas,SuSiE,150,145,155,3,0.00852272727272727,0.852272727272727,368,352
Pancreas,SuSiE,160,155,165,0,0,0,368,352
Pancreas,SuSiE,170,165,175,0,0,0,368,352
Pancreas,SuSiE,180,175,185,0,0,0,368,352
Pancreas,SuSiE,190,185,195,2,0.00568181818181818,0.568181818181818,368,352
Pancreas,SuSiE,200,195,205,1,0.00284090909090909,0.284090909090909,368,352
Pancreas,SuSiE-mix,-200,-205,-195,1,0.00289855072463768,0.289855072463768,362,345
Pancreas,SuSiE-mix,-190,-195,-185,1,0.00289855072463768,0.289855072463768,362,345
Pancreas,SuSiE-mix,-180,-185,-175,0,0,0,362,345
Pancreas,SuSiE-mix,-170,-175,-165,1,0.00289855072463768,0.289855072463768,362,345
Pancreas,SuSiE-mix,-160,-165,-155,4,0.0115942028985507,1.15942028985507,362,345
Pancreas,SuSiE-mix,-150,-155,-145,0,0,0,362,345
Pancreas,SuSiE-mix,-140,-145,-135,2,0.00579710144927536,0.579710144927536,362,345
Pancreas,SuSiE-mix,-130,-135,-125,2,0.00579710144927536,0.579710144927536,362,345
Pancreas,SuSiE-mix,-120,-125,-115,0,0,0,362,345
Pancreas,SuSiE-mix,-110,-115,-105,1,0.00289855072463768,0.289855072463768,362,345
Pancreas,SuSiE-mix,-100,-105,-95,2,0.00579710144927536,0.579710144927536,362,345
Pancreas,SuSiE-mix,-90,-95,-85,2,0.00579710144927536,0.579710144927536,362,345
Pancreas,SuSiE-mix,-80,-85,-75,4,0.0115942028985507,1.15942028985507,362,345
Pancreas,SuSiE-mix,-70,-75,-65,9,0.0260869565217391,2.60869565217391,362,345
Pancreas,SuSiE-mix,-60,-65,-55,4,0.0115942028985507,1.15942028985507,362,345
Pancreas,SuSiE-mix,-50,-55,-45,8,0.0231884057971015,2.31884057971015,362,345
Pancreas,SuSiE-mix,-40,-45,-35,12,0.0347826086956522,3.47826086956522,362,345
Pancreas,SuSiE-mix,-30,-35,-25,17,0.0492753623188406,4.92753623188406,362,345
Pancreas,SuSiE-mix,-20,-25,-15,24,0.0695652173913044,6.95652173913044,362,345
Pancreas,SuSiE-mix,-10,-15,-5,41,0.118840579710145,11.8840579710145,362,345
Pancreas,SuSiE-mix,0,-5,5,87,0.252173913043478,25.2173913043478,362,345
Pancreas,SuSiE-mix,10,5,15,31,0.0898550724637681,8.98550724637681,362,345
Pancreas,SuSiE-mix,20,15,25,25,0.072463768115942,7.2463768115942,362,345
Pancreas,SuSiE-mix,30,25,35,15,0.0434782608695652,4.34782608695652,362,345
Pancreas,SuSiE-mix,40,35,45,10,0.0289855072463768,2.89855072463768,362,345
Pancreas,SuSiE-mix,50,45,55,11,0.0318840579710145,3.18840579710145,362,345
Pancreas,SuSiE-mix,60,55,65,8,0.0231884057971015,2.31884057971015,362,345
Pancreas,SuSiE-mix,70,65,75,4,0.0115942028985507,1.15942028985507,362,345
Pancreas,SuSiE-mix,80,75,85,4,0.0115942028985507,1.15942028985507,362,345
Pancreas,SuSiE-mix,90,85,95,1,0.00289855072463768,0.289855072463768,362,345
Pancreas,SuSiE-mix,100,95,105,0,0,0,362,345
Pancreas,SuSiE-mix,110,105,115,3,0.00869565217391304,0.869565217391304,362,345
Pancreas,SuSiE-mix,120,115,125,3,0.00869565217391304,0.869565217391304,362,345
Pancreas,SuSiE-mix,130,125,135,2,0.00579710144927536,0.579710144927536,362,345
Pancreas,SuSiE-mix,140,135,145,2,0.00579710144927536,0.579710144927536,362,345
Pancreas,SuSiE-mix,150,145,155,2,0.00579710144927536,0.579710144927536,362,345
Pancreas,SuSiE-mix,160,155,165,0,0,0,362,345
Pancreas,SuSiE-mix,170,165,175,0,0,0,362,345
Pancreas,SuSiE-mix,180,175,185,0,0,0,362,345
Pancreas,SuSiE-mix,190,185,195,2,0.00579710144927536,0.579710144927536,362,345
Pancreas,SuSiE-mix,200,195,205,0,0,0,362,345
Pituitary,SuSiE,-200,-205,-195,0,0,0,531,513
Pituitary,SuSiE,-190,-195,-185,1,0.00194931773879142,0.194931773879142,531,513
Pituitary,SuSiE,-180,-185,-175,2,0.00389863547758285,0.389863547758285,531,513
Pituitary,SuSiE,-170,-175,-165,0,0,0,531,513
Pituitary,SuSiE,-160,-165,-155,1,0.00194931773879142,0.194931773879142,531,513
Pituitary,SuSiE,-150,-155,-145,7,0.01364522417154,1.364522417154,531,513
Pituitary,SuSiE,-140,-145,-135,2,0.00389863547758285,0.389863547758285,531,513
Pituitary,SuSiE,-130,-135,-125,1,0.00194931773879142,0.194931773879142,531,513
Pituitary,SuSiE,-120,-125,-115,1,0.00194931773879142,0.194931773879142,531,513
Pituitary,SuSiE,-110,-115,-105,5,0.00974658869395711,0.974658869395711,531,513
Pituitary,SuSiE,-100,-105,-95,6,0.0116959064327485,1.16959064327485,531,513
Pituitary,SuSiE,-90,-95,-85,9,0.0175438596491228,1.75438596491228,531,513
Pituitary,SuSiE,-80,-85,-75,7,0.01364522417154,1.364522417154,531,513
Pituitary,SuSiE,-70,-75,-65,12,0.0233918128654971,2.33918128654971,531,513
Pituitary,SuSiE,-60,-65,-55,8,0.0155945419103314,1.55945419103314,531,513
Pituitary,SuSiE,-50,-55,-45,7,0.01364522417154,1.364522417154,531,513
Pituitary,SuSiE,-40,-45,-35,22,0.0428849902534113,4.28849902534113,531,513
Pituitary,SuSiE,-30,-35,-25,31,0.0604288499025341,6.04288499025341,531,513
Pituitary,SuSiE,-20,-25,-15,36,0.0701754385964912,7.01754385964912,531,513
Pituitary,SuSiE,-10,-15,-5,55,0.107212475633528,10.7212475633528,531,513
Pituitary,SuSiE,0,-5,5,110,0.214424951267057,21.4424951267057,531,513
Pituitary,SuSiE,10,5,15,54,0.105263157894737,10.5263157894737,531,513
Pituitary,SuSiE,20,15,25,42,0.0818713450292398,8.18713450292398,531,513
Pituitary,SuSiE,30,25,35,25,0.0487329434697856,4.87329434697856,531,513
Pituitary,SuSiE,40,35,45,14,0.0272904483430799,2.72904483430799,531,513
Pituitary,SuSiE,50,45,55,9,0.0175438596491228,1.75438596491228,531,513
Pituitary,SuSiE,60,55,65,7,0.01364522417154,1.364522417154,531,513
Pituitary,SuSiE,70,65,75,6,0.0116959064327485,1.16959064327485,531,513
Pituitary,SuSiE,80,75,85,4,0.00779727095516569,0.779727095516569,531,513
Pituitary,SuSiE,90,85,95,6,0.0116959064327485,1.16959064327485,531,513
Pituitary,SuSiE,100,95,105,7,0.01364522417154,1.364522417154,531,513
Pituitary,SuSiE,110,105,115,6,0.0116959064327485,1.16959064327485,531,513
Pituitary,SuSiE,120,115,125,1,0.00194931773879142,0.194931773879142,531,513
Pituitary,SuSiE,130,125,135,3,0.00584795321637427,0.584795321637427,531,513
Pituitary,SuSiE,140,135,145,2,0.00389863547758285,0.389863547758285,531,513
Pituitary,SuSiE,150,145,155,2,0.00389863547758285,0.389863547758285,531,513
Pituitary,SuSiE,160,155,165,0,0,0,531,513
Pituitary,SuSiE,170,165,175,0,0,0,531,513
Pituitary,SuSiE,180,175,185,0,0,0,531,513
Pituitary,SuSiE,190,185,195,0,0,0,531,513
Pituitary,SuSiE,200,195,205,2,0.00389863547758285,0.389863547758285,531,513
Pituitary,SuSiE-mix,-200,-205,-195,1,0.00196078431372549,0.196078431372549,528,510
Pituitary,SuSiE-mix,-190,-195,-185,0,0,0,528,510
Pituitary,SuSiE-mix,-180,-185,-175,2,0.00392156862745098,0.392156862745098,528,510
Pituitary,SuSiE-mix,-170,-175,-165,0,0,0,528,510
Pituitary,SuSiE-mix,-160,-165,-155,1,0.00196078431372549,0.196078431372549,528,510
Pituitary,SuSiE-mix,-150,-155,-145,6,0.0117647058823529,1.17647058823529,528,510
Pituitary,SuSiE-mix,-140,-145,-135,2,0.00392156862745098,0.392156862745098,528,510
Pituitary,SuSiE-mix,-130,-135,-125,1,0.00196078431372549,0.196078431372549,528,510
Pituitary,SuSiE-mix,-120,-125,-115,2,0.00392156862745098,0.392156862745098,528,510
Pituitary,SuSiE-mix,-110,-115,-105,5,0.00980392156862745,0.980392156862745,528,510
Pituitary,SuSiE-mix,-100,-105,-95,6,0.0117647058823529,1.17647058823529,528,510
Pituitary,SuSiE-mix,-90,-95,-85,9,0.0176470588235294,1.76470588235294,528,510
Pituitary,SuSiE-mix,-80,-85,-75,6,0.0117647058823529,1.17647058823529,528,510
Pituitary,SuSiE-mix,-70,-75,-65,12,0.0235294117647059,2.35294117647059,528,510
Pituitary,SuSiE-mix,-60,-65,-55,9,0.0176470588235294,1.76470588235294,528,510
Pituitary,SuSiE-mix,-50,-55,-45,6,0.0117647058823529,1.17647058823529,528,510
Pituitary,SuSiE-mix,-40,-45,-35,21,0.0411764705882353,4.11764705882353,528,510
Pituitary,SuSiE-mix,-30,-35,-25,33,0.0647058823529412,6.47058823529412,528,510
Pituitary,SuSiE-mix,-20,-25,-15,35,0.0686274509803922,6.86274509803922,528,510
Pituitary,SuSiE-mix,-10,-15,-5,55,0.107843137254902,10.7843137254902,528,510
Pituitary,SuSiE-mix,0,-5,5,109,0.213725490196078,21.3725490196078,528,510
Pituitary,SuSiE-mix,10,5,15,52,0.101960784313725,10.1960784313725,528,510
Pituitary,SuSiE-mix,20,15,25,44,0.0862745098039216,8.62745098039216,528,510
Pituitary,SuSiE-mix,30,25,35,24,0.0470588235294118,4.70588235294118,528,510
Pituitary,SuSiE-mix,40,35,45,14,0.0274509803921569,2.74509803921569,528,510
Pituitary,SuSiE-mix,50,45,55,9,0.0176470588235294,1.76470588235294,528,510
Pituitary,SuSiE-mix,60,55,65,9,0.0176470588235294,1.76470588235294,528,510
Pituitary,SuSiE-mix,70,65,75,6,0.0117647058823529,1.17647058823529,528,510
Pituitary,SuSiE-mix,80,75,85,3,0.00588235294117647,0.588235294117647,528,510
Pituitary,SuSiE-mix,90,85,95,5,0.00980392156862745,0.980392156862745,528,510
Pituitary,SuSiE-mix,100,95,105,7,0.0137254901960784,1.37254901960784,528,510
Pituitary,SuSiE-mix,110,105,115,6,0.0117647058823529,1.17647058823529,528,510
Pituitary,SuSiE-mix,120,115,125,0,0,0,528,510
Pituitary,SuSiE-mix,130,125,135,3,0.00588235294117647,0.588235294117647,528,510
Pituitary,SuSiE-mix,140,135,145,3,0.00588235294117647,0.588235294117647,528,510
Pituitary,SuSiE-mix,150,145,155,2,0.00392156862745098,0.392156862745098,528,510
Pituitary,SuSiE-mix,160,155,165,0,0,0,528,510
Pituitary,SuSiE-mix,170,165,175,0,0,0,528,510
Pituitary,SuSiE-mix,180,175,185,0,0,0,528,510
Pituitary,SuSiE-mix,190,185,195,0,0,0,528,510
Pituitary,SuSiE-mix,200,195,205,2,0.00392156862745098,0.392156862745098,528,510
Prostate,SuSiE,-200,-205,-195,1,0.00529100529100529,0.529100529100529,199,189
Prostate,SuSiE,-190,-195,-185,1,0.00529100529100529,0.529100529100529,199,189
Prostate,SuSiE,-180,-185,-175,0,0,0,199,189
Prostate,SuSiE,-170,-175,-165,0,0,0,199,189
Prostate,SuSiE,-160,-165,-155,0,0,0,199,189
Prostate,SuSiE,-150,-155,-145,0,0,0,199,189
Prostate,SuSiE,-140,-145,-135,0,0,0,199,189
Prostate,SuSiE,-130,-135,-125,1,0.00529100529100529,0.529100529100529,199,189
Prostate,SuSiE,-120,-125,-115,5,0.0264550264550265,2.64550264550265,199,189
Prostate,SuSiE,-110,-115,-105,2,0.0105820105820106,1.05820105820106,199,189
Prostate,SuSiE,-100,-105,-95,0,0,0,199,189
Prostate,SuSiE,-90,-95,-85,1,0.00529100529100529,0.529100529100529,199,189
Prostate,SuSiE,-80,-85,-75,2,0.0105820105820106,1.05820105820106,199,189
Prostate,SuSiE,-70,-75,-65,4,0.0211640211640212,2.11640211640212,199,189
Prostate,SuSiE,-60,-65,-55,5,0.0264550264550265,2.64550264550265,199,189
Prostate,SuSiE,-50,-55,-45,3,0.0158730158730159,1.58730158730159,199,189
Prostate,SuSiE,-40,-45,-35,10,0.0529100529100529,5.29100529100529,199,189
Prostate,SuSiE,-30,-35,-25,9,0.0476190476190476,4.76190476190476,199,189
Prostate,SuSiE,-20,-25,-15,17,0.0899470899470899,8.994708994709,199,189
Prostate,SuSiE,-10,-15,-5,18,0.0952380952380952,9.52380952380952,199,189
Prostate,SuSiE,0,-5,5,51,0.26984126984127,26.984126984127,199,189
Prostate,SuSiE,10,5,15,20,0.105820105820106,10.5820105820106,199,189
Prostate,SuSiE,20,15,25,9,0.0476190476190476,4.76190476190476,199,189
Prostate,SuSiE,30,25,35,11,0.0582010582010582,5.82010582010582,199,189
Prostate,SuSiE,40,35,45,5,0.0264550264550265,2.64550264550265,199,189
Prostate,SuSiE,50,45,55,4,0.0211640211640212,2.11640211640212,199,189
Prostate,SuSiE,60,55,65,0,0,0,199,189
Prostate,SuSiE,70,65,75,1,0.00529100529100529,0.529100529100529,199,189
Prostate,SuSiE,80,75,85,3,0.0158730158730159,1.58730158730159,199,189
Prostate,SuSiE,90,85,95,1,0.00529100529100529,0.529100529100529,199,189
Prostate,SuSiE,100,95,105,0,0,0,199,189
Prostate,SuSiE,110,105,115,1,0.00529100529100529,0.529100529100529,199,189
Prostate,SuSiE,120,115,125,0,0,0,199,189
Prostate,SuSiE,130,125,135,1,0.00529100529100529,0.529100529100529,199,189
Prostate,SuSiE,140,135,145,0,0,0,199,189
Prostate,SuSiE,150,145,155,1,0.00529100529100529,0.529100529100529,199,189
Prostate,SuSiE,160,155,165,0,0,0,199,189
Prostate,SuSiE,170,165,175,0,0,0,199,189
Prostate,SuSiE,180,175,185,1,0.00529100529100529,0.529100529100529,199,189
Prostate,SuSiE,190,185,195,0,0,0,199,189
Prostate,SuSiE,200,195,205,1,0.00529100529100529,0.529100529100529,199,189
Prostate,SuSiE-mix,-200,-205,-195,1,0.00531914893617021,0.531914893617021,199,188
Prostate,SuSiE-mix,-190,-195,-185,1,0.00531914893617021,0.531914893617021,199,188
Prostate,SuSiE-mix,-180,-185,-175,0,0,0,199,188
Prostate,SuSiE-mix,-170,-175,-165,0,0,0,199,188
Prostate,SuSiE-mix,-160,-165,-155,0,0,0,199,188
Prostate,SuSiE-mix,-150,-155,-145,0,0,0,199,188
Prostate,SuSiE-mix,-140,-145,-135,0,0,0,199,188
Prostate,SuSiE-mix,-130,-135,-125,1,0.00531914893617021,0.531914893617021,199,188
Prostate,SuSiE-mix,-120,-125,-115,3,0.0159574468085106,1.59574468085106,199,188
Prostate,SuSiE-mix,-110,-115,-105,3,0.0159574468085106,1.59574468085106,199,188
Prostate,SuSiE-mix,-100,-105,-95,0,0,0,199,188
Prostate,SuSiE-mix,-90,-95,-85,1,0.00531914893617021,0.531914893617021,199,188
Prostate,SuSiE-mix,-80,-85,-75,2,0.0106382978723404,1.06382978723404,199,188
Prostate,SuSiE-mix,-70,-75,-65,5,0.0265957446808511,2.65957446808511,199,188
Prostate,SuSiE-mix,-60,-65,-55,5,0.0265957446808511,2.65957446808511,199,188
Prostate,SuSiE-mix,-50,-55,-45,4,0.0212765957446809,2.12765957446809,199,188
Prostate,SuSiE-mix,-40,-45,-35,9,0.0478723404255319,4.78723404255319,199,188
Prostate,SuSiE-mix,-30,-35,-25,10,0.0531914893617021,5.31914893617021,199,188
Prostate,SuSiE-mix,-20,-25,-15,17,0.0904255319148936,9.04255319148936,199,188
Prostate,SuSiE-mix,-10,-15,-5,18,0.0957446808510638,9.57446808510638,199,188
Prostate,SuSiE-mix,0,-5,5,52,0.276595744680851,27.6595744680851,199,188
Prostate,SuSiE-mix,10,5,15,21,0.111702127659574,11.1702127659574,199,188
Prostate,SuSiE-mix,20,15,25,9,0.0478723404255319,4.78723404255319,199,188
Prostate,SuSiE-mix,30,25,35,11,0.0585106382978723,5.85106382978723,199,188
Prostate,SuSiE-mix,40,35,45,5,0.0265957446808511,2.65957446808511,199,188
Prostate,SuSiE-mix,50,45,55,2,0.0106382978723404,1.06382978723404,199,188
Prostate,SuSiE-mix,60,55,65,0,0,0,199,188
Prostate,SuSiE-mix,70,65,75,1,0.00531914893617021,0.531914893617021,199,188
Prostate,SuSiE-mix,80,75,85,3,0.0159574468085106,1.59574468085106,199,188
Prostate,SuSiE-mix,90,85,95,0,0,0,199,188
Prostate,SuSiE-mix,100,95,105,0,0,0,199,188
Prostate,SuSiE-mix,110,105,115,1,0.00531914893617021,0.531914893617021,199,188
Prostate,SuSiE-mix,120,115,125,0,0,0,199,188
Prostate,SuSiE-mix,130,125,135,1,0.00531914893617021,0.531914893617021,199,188
Prostate,SuSiE-mix,140,135,145,0,0,0,199,188
Prostate,SuSiE-mix,150,145,155,1,0.00531914893617021,0.531914893617021,199,188
Prostate,SuSiE-mix,160,155,165,0,0,0,199,188
Prostate,SuSiE-mix,170,165,175,0,0,0,199,188
Prostate,SuSiE-mix,180,175,185,1,0.00531914893617021,0.531914893617021,199,188
Prostate,SuSiE-mix,190,185,195,0,0,0,199,188
Prostate,SuSiE-mix,200,195,205,0,0,0,199,188
Salivary Gland,SuSiE,-200,-205,-195,1,0.00694444444444444,0.694444444444445,152,144
Salivary Gland,SuSiE,-190,-195,-185,1,0.00694444444444444,0.694444444444445,152,144
Salivary Gland,SuSiE,-180,-185,-175,0,0,0,152,144
Salivary Gland,SuSiE,-170,-175,-165,0,0,0,152,144
Salivary Gland,SuSiE,-160,-165,-155,1,0.00694444444444444,0.694444444444445,152,144
Salivary Gland,SuSiE,-150,-155,-145,0,0,0,152,144
Salivary Gland,SuSiE,-140,-145,-135,0,0,0,152,144
Salivary Gland,SuSiE,-130,-135,-125,1,0.00694444444444444,0.694444444444445,152,144
Salivary Gland,SuSiE,-120,-125,-115,1,0.00694444444444444,0.694444444444445,152,144
Salivary Gland,SuSiE,-110,-115,-105,0,0,0,152,144
Salivary Gland,SuSiE,-100,-105,-95,1,0.00694444444444444,0.694444444444445,152,144
Salivary Gland,SuSiE,-90,-95,-85,1,0.00694444444444444,0.694444444444445,152,144
Salivary Gland,SuSiE,-80,-85,-75,1,0.00694444444444444,0.694444444444445,152,144
Salivary Gland,SuSiE,-70,-75,-65,2,0.0138888888888889,1.38888888888889,152,144
Salivary Gland,SuSiE,-60,-65,-55,3,0.0208333333333333,2.08333333333333,152,144
Salivary Gland,SuSiE,-50,-55,-45,2,0.0138888888888889,1.38888888888889,152,144
Salivary Gland,SuSiE,-40,-45,-35,8,0.0555555555555556,5.55555555555556,152,144
Salivary Gland,SuSiE,-30,-35,-25,4,0.0277777777777778,2.77777777777778,152,144
Salivary Gland,SuSiE,-20,-25,-15,14,0.0972222222222222,9.72222222222222,152,144
Salivary Gland,SuSiE,-10,-15,-5,17,0.118055555555556,11.8055555555556,152,144
Salivary Gland,SuSiE,0,-5,5,34,0.236111111111111,23.6111111111111,152,144
Salivary Gland,SuSiE,10,5,15,20,0.138888888888889,13.8888888888889,152,144
Salivary Gland,SuSiE,20,15,25,11,0.0763888888888889,7.63888888888889,152,144
Salivary Gland,SuSiE,30,25,35,3,0.0208333333333333,2.08333333333333,152,144
Salivary Gland,SuSiE,40,35,45,2,0.0138888888888889,1.38888888888889,152,144
Salivary Gland,SuSiE,50,45,55,1,0.00694444444444444,0.694444444444445,152,144
Salivary Gland,SuSiE,60,55,65,1,0.00694444444444444,0.694444444444445,152,144
Salivary Gland,SuSiE,70,65,75,0,0,0,152,144
Salivary Gland,SuSiE,80,75,85,2,0.0138888888888889,1.38888888888889,152,144
Salivary Gland,SuSiE,90,85,95,1,0.00694444444444444,0.694444444444445,152,144
Salivary Gland,SuSiE,100,95,105,1,0.00694444444444444,0.694444444444445,152,144
Salivary Gland,SuSiE,110,105,115,3,0.0208333333333333,2.08333333333333,152,144
Salivary Gland,SuSiE,120,115,125,0,0,0,152,144
Salivary Gland,SuSiE,130,125,135,2,0.0138888888888889,1.38888888888889,152,144
Salivary Gland,SuSiE,140,135,145,1,0.00694444444444444,0.694444444444445,152,144
Salivary Gland,SuSiE,150,145,155,0,0,0,152,144
Salivary Gland,SuSiE,160,155,165,0,0,0,152,144
Salivary Gland,SuSiE,170,165,175,0,0,0,152,144
Salivary Gland,SuSiE,180,175,185,1,0.00694444444444444,0.694444444444445,152,144
Salivary Gland,SuSiE,190,185,195,0,0,0,152,144
Salivary Gland,SuSiE,200,195,205,3,0.0208333333333333,2.08333333333333,152,144
Salivary Gland,SuSiE-mix,-200,-205,-195,1,0.00709219858156028,0.709219858156028,150,141
Salivary Gland,SuSiE-mix,-190,-195,-185,1,0.00709219858156028,0.709219858156028,150,141
Salivary Gland,SuSiE-mix,-180,-185,-175,0,0,0,150,141
Salivary Gland,SuSiE-mix,-170,-175,-165,0,0,0,150,141
Salivary Gland,SuSiE-mix,-160,-165,-155,0,0,0,150,141
Salivary Gland,SuSiE-mix,-150,-155,-145,1,0.00709219858156028,0.709219858156028,150,141
Salivary Gland,SuSiE-mix,-140,-145,-135,0,0,0,150,141
Salivary Gland,SuSiE-mix,-130,-135,-125,1,0.00709219858156028,0.709219858156028,150,141
Salivary Gland,SuSiE-mix,-120,-125,-115,1,0.00709219858156028,0.709219858156028,150,141
Salivary Gland,SuSiE-mix,-110,-115,-105,1,0.00709219858156028,0.709219858156028,150,141
Salivary Gland,SuSiE-mix,-100,-105,-95,0,0,0,150,141
Salivary Gland,SuSiE-mix,-90,-95,-85,1,0.00709219858156028,0.709219858156028,150,141
Salivary Gland,SuSiE-mix,-80,-85,-75,1,0.00709219858156028,0.709219858156028,150,141
Salivary Gland,SuSiE-mix,-70,-75,-65,3,0.0212765957446809,2.12765957446809,150,141
Salivary Gland,SuSiE-mix,-60,-65,-55,2,0.0141843971631206,1.41843971631206,150,141
Salivary Gland,SuSiE-mix,-50,-55,-45,2,0.0141843971631206,1.41843971631206,150,141
Salivary Gland,SuSiE-mix,-40,-45,-35,6,0.0425531914893617,4.25531914893617,150,141
Salivary Gland,SuSiE-mix,-30,-35,-25,4,0.0283687943262411,2.83687943262411,150,141
Salivary Gland,SuSiE-mix,-20,-25,-15,11,0.0780141843971631,7.80141843971631,150,141
Salivary Gland,SuSiE-mix,-10,-15,-5,17,0.120567375886525,12.0567375886525,150,141
Salivary Gland,SuSiE-mix,0,-5,5,33,0.234042553191489,23.4042553191489,150,141
Salivary Gland,SuSiE-mix,10,5,15,20,0.141843971631206,14.1843971631206,150,141
Salivary Gland,SuSiE-mix,20,15,25,11,0.0780141843971631,7.80141843971631,150,141
Salivary Gland,SuSiE-mix,30,25,35,4,0.0283687943262411,2.83687943262411,150,141
Salivary Gland,SuSiE-mix,40,35,45,2,0.0141843971631206,1.41843971631206,150,141
Salivary Gland,SuSiE-mix,50,45,55,1,0.00709219858156028,0.709219858156028,150,141
Salivary Gland,SuSiE-mix,60,55,65,1,0.00709219858156028,0.709219858156028,150,141
Salivary Gland,SuSiE-mix,70,65,75,2,0.0141843971631206,1.41843971631206,150,141
Salivary Gland,SuSiE-mix,80,75,85,3,0.0212765957446809,2.12765957446809,150,141
Salivary Gland,SuSiE-mix,90,85,95,2,0.0141843971631206,1.41843971631206,150,141
Salivary Gland,SuSiE-mix,100,95,105,0,0,0,150,141
Salivary Gland,SuSiE-mix,110,105,115,3,0.0212765957446809,2.12765957446809,150,141
Salivary Gland,SuSiE-mix,120,115,125,0,0,0,150,141
Salivary Gland,SuSiE-mix,130,125,135,2,0.0141843971631206,1.41843971631206,150,141
Salivary Gland,SuSiE-mix,140,135,145,0,0,0,150,141
Salivary Gland,SuSiE-mix,150,145,155,0,0,0,150,141
Salivary Gland,SuSiE-mix,160,155,165,0,0,0,150,141
Salivary Gland,SuSiE-mix,170,165,175,0,0,0,150,141
Salivary Gland,SuSiE-mix,180,175,185,1,0.00709219858156028,0.709219858156028,150,141
Salivary Gland,SuSiE-mix,190,185,195,0,0,0,150,141
Salivary Gland,SuSiE-mix,200,195,205,3,0.0212765957446809,2.12765957446809,150,141
Skin,SuSiE,-200,-205,-195,1,0.00137741046831956,0.137741046831956,775,726
Skin,SuSiE,-190,-195,-185,1,0.00137741046831956,0.137741046831956,775,726
Skin,SuSiE,-180,-185,-175,3,0.00413223140495868,0.413223140495868,775,726
Skin,SuSiE,-170,-175,-165,2,0.00275482093663912,0.275482093663912,775,726
Skin,SuSiE,-160,-165,-155,3,0.00413223140495868,0.413223140495868,775,726
Skin,SuSiE,-150,-155,-145,7,0.00964187327823691,0.964187327823691,775,726
Skin,SuSiE,-140,-145,-135,1,0.00137741046831956,0.137741046831956,775,726
Skin,SuSiE,-130,-135,-125,5,0.0068870523415978,0.68870523415978,775,726
Skin,SuSiE,-120,-125,-115,3,0.00413223140495868,0.413223140495868,775,726
Skin,SuSiE,-110,-115,-105,8,0.0110192837465565,1.10192837465565,775,726
Skin,SuSiE,-100,-105,-95,6,0.00826446280991736,0.826446280991736,775,726
Skin,SuSiE,-90,-95,-85,6,0.00826446280991736,0.826446280991736,775,726
Skin,SuSiE,-80,-85,-75,9,0.012396694214876,1.2396694214876,775,726
Skin,SuSiE,-70,-75,-65,13,0.0179063360881543,1.79063360881543,775,726
Skin,SuSiE,-60,-65,-55,19,0.0261707988980716,2.61707988980716,775,726
Skin,SuSiE,-50,-55,-45,14,0.0192837465564738,1.92837465564738,775,726
Skin,SuSiE,-40,-45,-35,23,0.0316804407713499,3.16804407713499,775,726
Skin,SuSiE,-30,-35,-25,32,0.0440771349862259,4.40771349862259,775,726
Skin,SuSiE,-20,-25,-15,50,0.068870523415978,6.8870523415978,775,726
Skin,SuSiE,-10,-15,-5,67,0.0922865013774105,9.22865013774105,775,726
Skin,SuSiE,0,-5,5,165,0.227272727272727,22.7272727272727,775,726
Skin,SuSiE,10,5,15,85,0.117079889807163,11.7079889807163,775,726
Skin,SuSiE,20,15,25,52,0.0716253443526171,7.16253443526171,775,726
Skin,SuSiE,30,25,35,34,0.046831955922865,4.6831955922865,775,726
Skin,SuSiE,40,35,45,20,0.0275482093663912,2.75482093663912,775,726
Skin,SuSiE,50,45,55,19,0.0261707988980716,2.61707988980716,775,726
Skin,SuSiE,60,55,65,12,0.0165289256198347,1.65289256198347,775,726
Skin,SuSiE,70,65,75,6,0.00826446280991736,0.826446280991736,775,726
Skin,SuSiE,80,75,85,12,0.0165289256198347,1.65289256198347,775,726
Skin,SuSiE,90,85,95,12,0.0165289256198347,1.65289256198347,775,726
Skin,SuSiE,100,95,105,5,0.0068870523415978,0.68870523415978,775,726
Skin,SuSiE,110,105,115,5,0.0068870523415978,0.68870523415978,775,726
Skin,SuSiE,120,115,125,1,0.00137741046831956,0.137741046831956,775,726
Skin,SuSiE,130,125,135,6,0.00826446280991736,0.826446280991736,775,726
Skin,SuSiE,140,135,145,0,0,0,775,726
Skin,SuSiE,150,145,155,5,0.0068870523415978,0.68870523415978,775,726
Skin,SuSiE,160,155,165,5,0.0068870523415978,0.68870523415978,775,726
Skin,SuSiE,170,165,175,1,0.00137741046831956,0.137741046831956,775,726
Skin,SuSiE,180,175,185,3,0.00413223140495868,0.413223140495868,775,726
Skin,SuSiE,190,185,195,2,0.00275482093663912,0.275482093663912,775,726
Skin,SuSiE,200,195,205,3,0.00413223140495868,0.413223140495868,775,726
Skin,SuSiE-mix,-200,-205,-195,1,0.00140646976090014,0.140646976090014,760,711
Skin,SuSiE-mix,-190,-195,-185,2,0.00281293952180028,0.281293952180028,760,711
Skin,SuSiE-mix,-180,-185,-175,3,0.00421940928270042,0.421940928270042,760,711
Skin,SuSiE-mix,-170,-175,-165,1,0.00140646976090014,0.140646976090014,760,711
Skin,SuSiE-mix,-160,-165,-155,4,0.00562587904360056,0.562587904360056,760,711
Skin,SuSiE-mix,-150,-155,-145,5,0.0070323488045007,0.70323488045007,760,711
Skin,SuSiE-mix,-140,-145,-135,1,0.00140646976090014,0.140646976090014,760,711
Skin,SuSiE-mix,-130,-135,-125,5,0.0070323488045007,0.70323488045007,760,711
Skin,SuSiE-mix,-120,-125,-115,2,0.00281293952180028,0.281293952180028,760,711
Skin,SuSiE-mix,-110,-115,-105,8,0.0112517580872011,1.12517580872011,760,711
Skin,SuSiE-mix,-100,-105,-95,5,0.0070323488045007,0.70323488045007,760,711
Skin,SuSiE-mix,-90,-95,-85,6,0.00843881856540084,0.843881856540084,760,711
Skin,SuSiE-mix,-80,-85,-75,12,0.0168776371308017,1.68776371308017,760,711
Skin,SuSiE-mix,-70,-75,-65,13,0.0182841068917018,1.82841068917018,760,711
Skin,SuSiE-mix,-60,-65,-55,16,0.0225035161744023,2.25035161744023,760,711
Skin,SuSiE-mix,-50,-55,-45,14,0.019690576652602,1.9690576652602,760,711
Skin,SuSiE-mix,-40,-45,-35,23,0.0323488045007032,3.23488045007032,760,711
Skin,SuSiE-mix,-30,-35,-25,31,0.0436005625879044,4.36005625879044,760,711
Skin,SuSiE-mix,-20,-25,-15,47,0.0661040787623066,6.61040787623066,760,711
Skin,SuSiE-mix,-10,-15,-5,67,0.0942334739803094,9.42334739803094,760,711
Skin,SuSiE-mix,0,-5,5,173,0.243319268635724,24.3319268635724,760,711
Skin,SuSiE-mix,10,5,15,80,0.112517580872011,11.2517580872011,760,711
Skin,SuSiE-mix,20,15,25,47,0.0661040787623066,6.61040787623066,760,711
Skin,SuSiE-mix,30,25,35,30,0.0421940928270042,4.21940928270042,760,711
Skin,SuSiE-mix,40,35,45,23,0.0323488045007032,3.23488045007032,760,711
Skin,SuSiE-mix,50,45,55,18,0.0253164556962025,2.53164556962025,760,711
Skin,SuSiE-mix,60,55,65,11,0.0154711673699015,1.54711673699015,760,711
Skin,SuSiE-mix,70,65,75,6,0.00843881856540084,0.843881856540084,760,711
Skin,SuSiE-mix,80,75,85,10,0.0140646976090014,1.40646976090014,760,711
Skin,SuSiE-mix,90,85,95,13,0.0182841068917018,1.82841068917018,760,711
Skin,SuSiE-mix,100,95,105,5,0.0070323488045007,0.70323488045007,760,711
Skin,SuSiE-mix,110,105,115,4,0.00562587904360056,0.562587904360056,760,711
Skin,SuSiE-mix,120,115,125,1,0.00140646976090014,0.140646976090014,760,711
Skin,SuSiE-mix,130,125,135,6,0.00843881856540084,0.843881856540084,760,711
Skin,SuSiE-mix,140,135,145,0,0,0,760,711
Skin,SuSiE-mix,150,145,155,5,0.0070323488045007,0.70323488045007,760,711
Skin,SuSiE-mix,160,155,165,5,0.0070323488045007,0.70323488045007,760,711
Skin,SuSiE-mix,170,165,175,1,0.00140646976090014,0.140646976090014,760,711
Skin,SuSiE-mix,180,175,185,3,0.00421940928270042,0.421940928270042,760,711
Skin,SuSiE-mix,190,185,195,2,0.00281293952180028,0.281293952180028,760,711
Skin,SuSiE-mix,200,195,205,2,0.00281293952180028,0.281293952180028,760,711
Small Intestine,SuSiE,-200,-205,-195,0,0,0,121,114
Small Intestine,SuSiE,-190,-195,-185,1,0.0087719298245614,0.87719298245614,121,114
Small Intestine,SuSiE,-180,-185,-175,1,0.0087719298245614,0.87719298245614,121,114
Small Intestine,SuSiE,-170,-175,-165,0,0,0,121,114
Small Intestine,SuSiE,-160,-165,-155,0,0,0,121,114
Small Intestine,SuSiE,-150,-155,-145,0,0,0,121,114
Small Intestine,SuSiE,-140,-145,-135,0,0,0,121,114
Small Intestine,SuSiE,-130,-135,-125,0,0,0,121,114
Small Intestine,SuSiE,-120,-125,-115,0,0,0,121,114
Small Intestine,SuSiE,-110,-115,-105,2,0.0175438596491228,1.75438596491228,121,114
Small Intestine,SuSiE,-100,-105,-95,1,0.0087719298245614,0.87719298245614,121,114
Small Intestine,SuSiE,-90,-95,-85,2,0.0175438596491228,1.75438596491228,121,114
Small Intestine,SuSiE,-80,-85,-75,0,0,0,121,114
Small Intestine,SuSiE,-70,-75,-65,0,0,0,121,114
Small Intestine,SuSiE,-60,-65,-55,1,0.0087719298245614,0.87719298245614,121,114
Small Intestine,SuSiE,-50,-55,-45,1,0.0087719298245614,0.87719298245614,121,114
Small Intestine,SuSiE,-40,-45,-35,3,0.0263157894736842,2.63157894736842,121,114
Small Intestine,SuSiE,-30,-35,-25,6,0.0526315789473684,5.26315789473684,121,114
Small Intestine,SuSiE,-20,-25,-15,15,0.131578947368421,13.1578947368421,121,114
Small Intestine,SuSiE,-10,-15,-5,12,0.105263157894737,10.5263157894737,121,114
Small Intestine,SuSiE,0,-5,5,33,0.289473684210526,28.9473684210526,121,114
Small Intestine,SuSiE,10,5,15,7,0.0614035087719298,6.14035087719298,121,114
Small Intestine,SuSiE,20,15,25,7,0.0614035087719298,6.14035087719298,121,114
Small Intestine,SuSiE,30,25,35,3,0.0263157894736842,2.63157894736842,121,114
Small Intestine,SuSiE,40,35,45,5,0.043859649122807,4.3859649122807,121,114
Small Intestine,SuSiE,50,45,55,1,0.0087719298245614,0.87719298245614,121,114
Small Intestine,SuSiE,60,55,65,2,0.0175438596491228,1.75438596491228,121,114
Small Intestine,SuSiE,70,65,75,3,0.0263157894736842,2.63157894736842,121,114
Small Intestine,SuSiE,80,75,85,2,0.0175438596491228,1.75438596491228,121,114
Small Intestine,SuSiE,90,85,95,2,0.0175438596491228,1.75438596491228,121,114
Small Intestine,SuSiE,100,95,105,0,0,0,121,114
Small Intestine,SuSiE,110,105,115,0,0,0,121,114
Small Intestine,SuSiE,120,115,125,0,0,0,121,114
Small Intestine,SuSiE,130,125,135,1,0.0087719298245614,0.87719298245614,121,114
Small Intestine,SuSiE,140,135,145,0,0,0,121,114
Small Intestine,SuSiE,150,145,155,2,0.0175438596491228,1.75438596491228,121,114
Small Intestine,SuSiE,160,155,165,1,0.0087719298245614,0.87719298245614,121,114
Small Intestine,SuSiE,170,165,175,0,0,0,121,114
Small Intestine,SuSiE,180,175,185,0,0,0,121,114
Small Intestine,SuSiE,190,185,195,0,0,0,121,114
Small Intestine,SuSiE,200,195,205,0,0,0,121,114
Small Intestine,SuSiE-mix,-200,-205,-195,0,0,0,121,113
Small Intestine,SuSiE-mix,-190,-195,-185,0,0,0,121,113
Small Intestine,SuSiE-mix,-180,-185,-175,1,0.00884955752212389,0.88495575221239,121,113
Small Intestine,SuSiE-mix,-170,-175,-165,0,0,0,121,113
Small Intestine,SuSiE-mix,-160,-165,-155,0,0,0,121,113
Small Intestine,SuSiE-mix,-150,-155,-145,0,0,0,121,113
Small Intestine,SuSiE-mix,-140,-145,-135,0,0,0,121,113
Small Intestine,SuSiE-mix,-130,-135,-125,0,0,0,121,113
Small Intestine,SuSiE-mix,-120,-125,-115,0,0,0,121,113
Small Intestine,SuSiE-mix,-110,-115,-105,3,0.0265486725663717,2.65486725663717,121,113
Small Intestine,SuSiE-mix,-100,-105,-95,0,0,0,121,113
Small Intestine,SuSiE-mix,-90,-95,-85,2,0.0176991150442478,1.76991150442478,121,113
Small Intestine,SuSiE-mix,-80,-85,-75,0,0,0,121,113
Small Intestine,SuSiE-mix,-70,-75,-65,0,0,0,121,113
Small Intestine,SuSiE-mix,-60,-65,-55,0,0,0,121,113
Small Intestine,SuSiE-mix,-50,-55,-45,2,0.0176991150442478,1.76991150442478,121,113
Small Intestine,SuSiE-mix,-40,-45,-35,3,0.0265486725663717,2.65486725663717,121,113
Small Intestine,SuSiE-mix,-30,-35,-25,6,0.0530973451327434,5.30973451327434,121,113
Small Intestine,SuSiE-mix,-20,-25,-15,15,0.132743362831858,13.2743362831858,121,113
Small Intestine,SuSiE-mix,-10,-15,-5,12,0.106194690265487,10.6194690265487,121,113
Small Intestine,SuSiE-mix,0,-5,5,33,0.292035398230089,29.2035398230089,121,113
Small Intestine,SuSiE-mix,10,5,15,7,0.0619469026548673,6.19469026548673,121,113
Small Intestine,SuSiE-mix,20,15,25,7,0.0619469026548673,6.19469026548673,121,113
Small Intestine,SuSiE-mix,30,25,35,3,0.0265486725663717,2.65486725663717,121,113
Small Intestine,SuSiE-mix,40,35,45,6,0.0530973451327434,5.30973451327434,121,113
Small Intestine,SuSiE-mix,50,45,55,1,0.00884955752212389,0.88495575221239,121,113
Small Intestine,SuSiE-mix,60,55,65,2,0.0176991150442478,1.76991150442478,121,113
Small Intestine,SuSiE-mix,70,65,75,2,0.0176991150442478,1.76991150442478,121,113
Small Intestine,SuSiE-mix,80,75,85,2,0.0176991150442478,1.76991150442478,121,113
Small Intestine,SuSiE-mix,90,85,95,2,0.0176991150442478,1.76991150442478,121,113
Small Intestine,SuSiE-mix,100,95,105,0,0,0,121,113
Small Intestine,SuSiE-mix,110,105,115,0,0,0,121,113
Small Intestine,SuSiE-mix,120,115,125,0,0,0,121,113
Small Intestine,SuSiE-mix,130,125,135,1,0.00884955752212389,0.88495575221239,121,113
Small Intestine,SuSiE-mix,140,135,145,0,0,0,121,113
Small Intestine,SuSiE-mix,150,145,155,2,0.0176991150442478,1.76991150442478,121,113
Small Intestine,SuSiE-mix,160,155,165,1,0.00884955752212389,0.88495575221239,121,113
Small Intestine,SuSiE-mix,170,165,175,0,0,0,121,113
Small Intestine,SuSiE-mix,180,175,185,0,0,0,121,113
Small Intestine,SuSiE-mix,190,185,195,0,0,0,121,113
Small Intestine,SuSiE-mix,200,195,205,0,0,0,121,113
Spleen,SuSiE,-200,-205,-195,2,0.00455580865603645,0.455580865603645,457,439
Spleen,SuSiE,-190,-195,-185,0,0,0,457,439
Spleen,SuSiE,-180,-185,-175,3,0.00683371298405467,0.683371298405467,457,439
Spleen,SuSiE,-170,-175,-165,0,0,0,457,439
Spleen,SuSiE,-160,-165,-155,1,0.00227790432801822,0.227790432801822,457,439
Spleen,SuSiE,-150,-155,-145,0,0,0,457,439
Spleen,SuSiE,-140,-145,-135,4,0.00911161731207289,0.911161731207289,457,439
Spleen,SuSiE,-130,-135,-125,1,0.00227790432801822,0.227790432801822,457,439
Spleen,SuSiE,-120,-125,-115,2,0.00455580865603645,0.455580865603645,457,439
Spleen,SuSiE,-110,-115,-105,4,0.00911161731207289,0.911161731207289,457,439
Spleen,SuSiE,-100,-105,-95,4,0.00911161731207289,0.911161731207289,457,439
Spleen,SuSiE,-90,-95,-85,5,0.0113895216400911,1.13895216400911,457,439
Spleen,SuSiE,-80,-85,-75,4,0.00911161731207289,0.911161731207289,457,439
Spleen,SuSiE,-70,-75,-65,7,0.0159453302961276,1.59453302961276,457,439
Spleen,SuSiE,-60,-65,-55,8,0.0182232346241458,1.82232346241458,457,439
Spleen,SuSiE,-50,-55,-45,15,0.0341685649202734,3.41685649202734,457,439
Spleen,SuSiE,-40,-45,-35,18,0.041002277904328,4.1002277904328,457,439
Spleen,SuSiE,-30,-35,-25,19,0.0432801822323462,4.32801822323462,457,439
Spleen,SuSiE,-20,-25,-15,26,0.0592255125284738,5.92255125284738,457,439
Spleen,SuSiE,-10,-15,-5,47,0.107061503416857,10.7061503416857,457,439
Spleen,SuSiE,0,-5,5,118,0.26879271070615,26.879271070615,457,439
Spleen,SuSiE,10,5,15,35,0.0797266514806378,7.97266514806378,457,439
Spleen,SuSiE,20,15,25,30,0.0683371298405467,6.83371298405467,457,439
Spleen,SuSiE,30,25,35,20,0.0455580865603645,4.55580865603645,457,439
Spleen,SuSiE,40,35,45,17,0.0387243735763098,3.87243735763098,457,439
Spleen,SuSiE,50,45,55,8,0.0182232346241458,1.82232346241458,457,439
Spleen,SuSiE,60,55,65,3,0.00683371298405467,0.683371298405467,457,439
Spleen,SuSiE,70,65,75,4,0.00911161731207289,0.911161731207289,457,439
Spleen,SuSiE,80,75,85,7,0.0159453302961276,1.59453302961276,457,439
Spleen,SuSiE,90,85,95,5,0.0113895216400911,1.13895216400911,457,439
Spleen,SuSiE,100,95,105,4,0.00911161731207289,0.911161731207289,457,439
Spleen,SuSiE,110,105,115,3,0.00683371298405467,0.683371298405467,457,439
Spleen,SuSiE,120,115,125,3,0.00683371298405467,0.683371298405467,457,439
Spleen,SuSiE,130,125,135,4,0.00911161731207289,0.911161731207289,457,439
Spleen,SuSiE,140,135,145,1,0.00227790432801822,0.227790432801822,457,439
Spleen,SuSiE,150,145,155,2,0.00455580865603645,0.455580865603645,457,439
Spleen,SuSiE,160,155,165,2,0.00455580865603645,0.455580865603645,457,439
Spleen,SuSiE,170,165,175,0,0,0,457,439
Spleen,SuSiE,180,175,185,1,0.00227790432801822,0.227790432801822,457,439
Spleen,SuSiE,190,185,195,1,0.00227790432801822,0.227790432801822,457,439
Spleen,SuSiE,200,195,205,1,0.00227790432801822,0.227790432801822,457,439
Spleen,SuSiE-mix,-200,-205,-195,2,0.00460829493087558,0.460829493087558,452,434
Spleen,SuSiE-mix,-190,-195,-185,0,0,0,452,434
Spleen,SuSiE-mix,-180,-185,-175,3,0.00691244239631337,0.691244239631336,452,434
Spleen,SuSiE-mix,-170,-175,-165,0,0,0,452,434
Spleen,SuSiE-mix,-160,-165,-155,1,0.00230414746543779,0.230414746543779,452,434
Spleen,SuSiE-mix,-150,-155,-145,0,0,0,452,434
Spleen,SuSiE-mix,-140,-145,-135,3,0.00691244239631337,0.691244239631336,452,434
Spleen,SuSiE-mix,-130,-135,-125,1,0.00230414746543779,0.230414746543779,452,434
Spleen,SuSiE-mix,-120,-125,-115,2,0.00460829493087558,0.460829493087558,452,434
Spleen,SuSiE-mix,-110,-115,-105,4,0.00921658986175115,0.921658986175115,452,434
Spleen,SuSiE-mix,-100,-105,-95,4,0.00921658986175115,0.921658986175115,452,434
Spleen,SuSiE-mix,-90,-95,-85,5,0.0115207373271889,1.15207373271889,452,434
Spleen,SuSiE-mix,-80,-85,-75,3,0.00691244239631337,0.691244239631336,452,434
Spleen,SuSiE-mix,-70,-75,-65,8,0.0184331797235023,1.84331797235023,452,434
Spleen,SuSiE-mix,-60,-65,-55,8,0.0184331797235023,1.84331797235023,452,434
Spleen,SuSiE-mix,-50,-55,-45,15,0.0345622119815668,3.45622119815668,452,434
Spleen,SuSiE-mix,-40,-45,-35,17,0.0391705069124424,3.91705069124424,452,434
Spleen,SuSiE-mix,-30,-35,-25,16,0.0368663594470046,3.68663594470046,452,434
Spleen,SuSiE-mix,-20,-25,-15,25,0.0576036866359447,5.76036866359447,452,434
Spleen,SuSiE-mix,-10,-15,-5,47,0.108294930875576,10.8294930875576,452,434
Spleen,SuSiE-mix,0,-5,5,119,0.274193548387097,27.4193548387097,452,434
Spleen,SuSiE-mix,10,5,15,36,0.0829493087557604,8.29493087557604,452,434
Spleen,SuSiE-mix,20,15,25,32,0.0737327188940092,7.37327188940092,452,434
Spleen,SuSiE-mix,30,25,35,21,0.0483870967741936,4.83870967741936,452,434
Spleen,SuSiE-mix,40,35,45,14,0.032258064516129,3.2258064516129,452,434
Spleen,SuSiE-mix,50,45,55,6,0.0138248847926267,1.38248847926267,452,434
Spleen,SuSiE-mix,60,55,65,4,0.00921658986175115,0.921658986175115,452,434
Spleen,SuSiE-mix,70,65,75,4,0.00921658986175115,0.921658986175115,452,434
Spleen,SuSiE-mix,80,75,85,7,0.0161290322580645,1.61290322580645,452,434
Spleen,SuSiE-mix,90,85,95,6,0.0138248847926267,1.38248847926267,452,434
Spleen,SuSiE-mix,100,95,105,3,0.00691244239631337,0.691244239631336,452,434
Spleen,SuSiE-mix,110,105,115,3,0.00691244239631337,0.691244239631336,452,434
Spleen,SuSiE-mix,120,115,125,2,0.00460829493087558,0.460829493087558,452,434
Spleen,SuSiE-mix,130,125,135,4,0.00921658986175115,0.921658986175115,452,434
Spleen,SuSiE-mix,140,135,145,1,0.00230414746543779,0.230414746543779,452,434
Spleen,SuSiE-mix,150,145,155,2,0.00460829493087558,0.460829493087558,452,434
Spleen,SuSiE-mix,160,155,165,3,0.00691244239631337,0.691244239631336,452,434
Spleen,SuSiE-mix,170,165,175,0,0,0,452,434
Spleen,SuSiE-mix,180,175,185,1,0.00230414746543779,0.230414746543779,452,434
Spleen,SuSiE-mix,190,185,195,1,0.00230414746543779,0.230414746543779,452,434
Spleen,SuSiE-mix,200,195,205,1,0.00230414746543779,0.230414746543779,452,434
Stomach,SuSiE,-200,-205,-195,1,0.0050761421319797,0.50761421319797,202,197
Stomach,SuSiE,-190,-195,-185,0,0,0,202,197
Stomach,SuSiE,-180,-185,-175,3,0.0152284263959391,1.52284263959391,202,197
Stomach,SuSiE,-170,-175,-165,1,0.0050761421319797,0.50761421319797,202,197
Stomach,SuSiE,-160,-165,-155,0,0,0,202,197
Stomach,SuSiE,-150,-155,-145,0,0,0,202,197
Stomach,SuSiE,-140,-145,-135,1,0.0050761421319797,0.50761421319797,202,197
Stomach,SuSiE,-130,-135,-125,1,0.0050761421319797,0.50761421319797,202,197
Stomach,SuSiE,-120,-125,-115,2,0.0101522842639594,1.01522842639594,202,197
Stomach,SuSiE,-110,-115,-105,1,0.0050761421319797,0.50761421319797,202,197
Stomach,SuSiE,-100,-105,-95,2,0.0101522842639594,1.01522842639594,202,197
Stomach,SuSiE,-90,-95,-85,2,0.0101522842639594,1.01522842639594,202,197
Stomach,SuSiE,-80,-85,-75,2,0.0101522842639594,1.01522842639594,202,197
Stomach,SuSiE,-70,-75,-65,3,0.0152284263959391,1.52284263959391,202,197
Stomach,SuSiE,-60,-65,-55,7,0.0355329949238579,3.55329949238579,202,197
Stomach,SuSiE,-50,-55,-45,5,0.0253807106598985,2.53807106598985,202,197
Stomach,SuSiE,-40,-45,-35,10,0.050761421319797,5.0761421319797,202,197
Stomach,SuSiE,-30,-35,-25,8,0.0406091370558376,4.06091370558376,202,197
Stomach,SuSiE,-20,-25,-15,18,0.0913705583756345,9.13705583756345,202,197
Stomach,SuSiE,-10,-15,-5,20,0.101522842639594,10.1522842639594,202,197
Stomach,SuSiE,0,-5,5,50,0.253807106598985,25.3807106598985,202,197
Stomach,SuSiE,10,5,15,15,0.0761421319796954,7.61421319796954,202,197
Stomach,SuSiE,20,15,25,15,0.0761421319796954,7.61421319796954,202,197
Stomach,SuSiE,30,25,35,5,0.0253807106598985,2.53807106598985,202,197
Stomach,SuSiE,40,35,45,4,0.0203045685279188,2.03045685279188,202,197
Stomach,SuSiE,50,45,55,2,0.0101522842639594,1.01522842639594,202,197
Stomach,SuSiE,60,55,65,2,0.0101522842639594,1.01522842639594,202,197
Stomach,SuSiE,70,65,75,1,0.0050761421319797,0.50761421319797,202,197
Stomach,SuSiE,80,75,85,2,0.0101522842639594,1.01522842639594,202,197
Stomach,SuSiE,90,85,95,1,0.0050761421319797,0.50761421319797,202,197
Stomach,SuSiE,100,95,105,1,0.0050761421319797,0.50761421319797,202,197
Stomach,SuSiE,110,105,115,2,0.0101522842639594,1.01522842639594,202,197
Stomach,SuSiE,120,115,125,0,0,0,202,197
Stomach,SuSiE,130,125,135,2,0.0101522842639594,1.01522842639594,202,197
Stomach,SuSiE,140,135,145,0,0,0,202,197
Stomach,SuSiE,150,145,155,3,0.0152284263959391,1.52284263959391,202,197
Stomach,SuSiE,160,155,165,0,0,0,202,197
Stomach,SuSiE,170,165,175,1,0.0050761421319797,0.50761421319797,202,197
Stomach,SuSiE,180,175,185,3,0.0152284263959391,1.52284263959391,202,197
Stomach,SuSiE,190,185,195,0,0,0,202,197
Stomach,SuSiE,200,195,205,1,0.0050761421319797,0.50761421319797,202,197
Stomach,SuSiE-mix,-200,-205,-195,1,0.0050761421319797,0.50761421319797,203,197
Stomach,SuSiE-mix,-190,-195,-185,0,0,0,203,197
Stomach,SuSiE-mix,-180,-185,-175,2,0.0101522842639594,1.01522842639594,203,197
Stomach,SuSiE-mix,-170,-175,-165,1,0.0050761421319797,0.50761421319797,203,197
Stomach,SuSiE-mix,-160,-165,-155,1,0.0050761421319797,0.50761421319797,203,197
Stomach,SuSiE-mix,-150,-155,-145,0,0,0,203,197
Stomach,SuSiE-mix,-140,-145,-135,1,0.0050761421319797,0.50761421319797,203,197
Stomach,SuSiE-mix,-130,-135,-125,1,0.0050761421319797,0.50761421319797,203,197
Stomach,SuSiE-mix,-120,-125,-115,2,0.0101522842639594,1.01522842639594,203,197
Stomach,SuSiE-mix,-110,-115,-105,1,0.0050761421319797,0.50761421319797,203,197
Stomach,SuSiE-mix,-100,-105,-95,2,0.0101522842639594,1.01522842639594,203,197
Stomach,SuSiE-mix,-90,-95,-85,2,0.0101522842639594,1.01522842639594,203,197
Stomach,SuSiE-mix,-80,-85,-75,2,0.0101522842639594,1.01522842639594,203,197
Stomach,SuSiE-mix,-70,-75,-65,3,0.0152284263959391,1.52284263959391,203,197
Stomach,SuSiE-mix,-60,-65,-55,6,0.0304568527918782,3.04568527918782,203,197
Stomach,SuSiE-mix,-50,-55,-45,5,0.0253807106598985,2.53807106598985,203,197
Stomach,SuSiE-mix,-40,-45,-35,9,0.0456852791878173,4.56852791878173,203,197
Stomach,SuSiE-mix,-30,-35,-25,8,0.0406091370558376,4.06091370558376,203,197
Stomach,SuSiE-mix,-20,-25,-15,20,0.101522842639594,10.1522842639594,203,197
Stomach,SuSiE-mix,-10,-15,-5,20,0.101522842639594,10.1522842639594,203,197
Stomach,SuSiE-mix,0,-5,5,50,0.253807106598985,25.3807106598985,203,197
Stomach,SuSiE-mix,10,5,15,15,0.0761421319796954,7.61421319796954,203,197
Stomach,SuSiE-mix,20,15,25,15,0.0761421319796954,7.61421319796954,203,197
Stomach,SuSiE-mix,30,25,35,6,0.0304568527918782,3.04568527918782,203,197
Stomach,SuSiE-mix,40,35,45,4,0.0203045685279188,2.03045685279188,203,197
Stomach,SuSiE-mix,50,45,55,2,0.0101522842639594,1.01522842639594,203,197
Stomach,SuSiE-mix,60,55,65,3,0.0152284263959391,1.52284263959391,203,197
Stomach,SuSiE-mix,70,65,75,1,0.0050761421319797,0.50761421319797,203,197
Stomach,SuSiE-mix,80,75,85,2,0.0101522842639594,1.01522842639594,203,197
Stomach,SuSiE-mix,90,85,95,1,0.0050761421319797,0.50761421319797,203,197
Stomach,SuSiE-mix,100,95,105,1,0.0050761421319797,0.50761421319797,203,197
Stomach,SuSiE-mix,110,105,115,1,0.0050761421319797,0.50761421319797,203,197
Stomach,SuSiE-mix,120,115,125,0,0,0,203,197
Stomach,SuSiE-mix,130,125,135,2,0.0101522842639594,1.01522842639594,203,197
Stomach,SuSiE-mix,140,135,145,0,0,0,203,197
Stomach,SuSiE-mix,150,145,155,3,0.0152284263959391,1.52284263959391,203,197
Stomach,SuSiE-mix,160,155,165,0,0,0,203,197
Stomach,SuSiE-mix,170,165,175,0,0,0,203,197
Stomach,SuSiE-mix,180,175,185,3,0.0152284263959391,1.52284263959391,203,197
Stomach,SuSiE-mix,190,185,195,0,0,0,203,197
Stomach,SuSiE-mix,200,195,205,1,0.0050761421319797,0.50761421319797,203,197
Testis,SuSiE,-200,-205,-195,1,0.00131578947368421,0.131578947368421,808,760
Testis,SuSiE,-190,-195,-185,0,0,0,808,760
Testis,SuSiE,-180,-185,-175,2,0.00263157894736842,0.263157894736842,808,760
Testis,SuSiE,-170,-175,-165,2,0.00263157894736842,0.263157894736842,808,760
Testis,SuSiE,-160,-165,-155,2,0.00263157894736842,0.263157894736842,808,760
Testis,SuSiE,-150,-155,-145,0,0,0,808,760
Testis,SuSiE,-140,-145,-135,4,0.00526315789473684,0.526315789473684,808,760
Testis,SuSiE,-130,-135,-125,2,0.00263157894736842,0.263157894736842,808,760
Testis,SuSiE,-120,-125,-115,3,0.00394736842105263,0.394736842105263,808,760
Testis,SuSiE,-110,-115,-105,6,0.00789473684210526,0.789473684210526,808,760
Testis,SuSiE,-100,-105,-95,8,0.0105263157894737,1.05263157894737,808,760
Testis,SuSiE,-90,-95,-85,5,0.00657894736842105,0.657894736842105,808,760
Testis,SuSiE,-80,-85,-75,6,0.00789473684210526,0.789473684210526,808,760
Testis,SuSiE,-70,-75,-65,13,0.0171052631578947,1.71052631578947,808,760
Testis,SuSiE,-60,-65,-55,14,0.0184210526315789,1.84210526315789,808,760
Testis,SuSiE,-50,-55,-45,15,0.0197368421052632,1.97368421052632,808,760
Testis,SuSiE,-40,-45,-35,30,0.0394736842105263,3.94736842105263,808,760
Testis,SuSiE,-30,-35,-25,42,0.0552631578947368,5.52631578947368,808,760
Testis,SuSiE,-20,-25,-15,49,0.0644736842105263,6.44736842105263,808,760
Testis,SuSiE,-10,-15,-5,86,0.113157894736842,11.3157894736842,808,760
Testis,SuSiE,0,-5,5,194,0.255263157894737,25.5263157894737,808,760
Testis,SuSiE,10,5,15,75,0.0986842105263158,9.86842105263158,808,760
Testis,SuSiE,20,15,25,52,0.068421052631579,6.8421052631579,808,760
Testis,SuSiE,30,25,35,40,0.0526315789473684,5.26315789473684,808,760
Testis,SuSiE,40,35,45,24,0.0315789473684211,3.15789473684211,808,760
Testis,SuSiE,50,45,55,14,0.0184210526315789,1.84210526315789,808,760
Testis,SuSiE,60,55,65,6,0.00789473684210526,0.789473684210526,808,760
Testis,SuSiE,70,65,75,13,0.0171052631578947,1.71052631578947,808,760
Testis,SuSiE,80,75,85,8,0.0105263157894737,1.05263157894737,808,760
Testis,SuSiE,90,85,95,5,0.00657894736842105,0.657894736842105,808,760
Testis,SuSiE,100,95,105,8,0.0105263157894737,1.05263157894737,808,760
Testis,SuSiE,110,105,115,5,0.00657894736842105,0.657894736842105,808,760
Testis,SuSiE,120,115,125,7,0.00921052631578947,0.921052631578947,808,760
Testis,SuSiE,130,125,135,2,0.00263157894736842,0.263157894736842,808,760
Testis,SuSiE,140,135,145,3,0.00394736842105263,0.394736842105263,808,760
Testis,SuSiE,150,145,155,4,0.00526315789473684,0.526315789473684,808,760
Testis,SuSiE,160,155,165,1,0.00131578947368421,0.131578947368421,808,760
Testis,SuSiE,170,165,175,1,0.00131578947368421,0.131578947368421,808,760
Testis,SuSiE,180,175,185,1,0.00131578947368421,0.131578947368421,808,760
Testis,SuSiE,190,185,195,4,0.00526315789473684,0.526315789473684,808,760
Testis,SuSiE,200,195,205,3,0.00394736842105263,0.394736842105263,808,760
Testis,SuSiE-mix,-200,-205,-195,1,0.00132275132275132,0.132275132275132,800,756
Testis,SuSiE-mix,-190,-195,-185,0,0,0,800,756
Testis,SuSiE-mix,-180,-185,-175,2,0.00264550264550265,0.264550264550265,800,756
Testis,SuSiE-mix,-170,-175,-165,2,0.00264550264550265,0.264550264550265,800,756
Testis,SuSiE-mix,-160,-165,-155,3,0.00396825396825397,0.396825396825397,800,756
Testis,SuSiE-mix,-150,-155,-145,1,0.00132275132275132,0.132275132275132,800,756
Testis,SuSiE-mix,-140,-145,-135,3,0.00396825396825397,0.396825396825397,800,756
Testis,SuSiE-mix,-130,-135,-125,2,0.00264550264550265,0.264550264550265,800,756
Testis,SuSiE-mix,-120,-125,-115,3,0.00396825396825397,0.396825396825397,800,756
Testis,SuSiE-mix,-110,-115,-105,6,0.00793650793650794,0.793650793650794,800,756
Testis,SuSiE-mix,-100,-105,-95,8,0.0105820105820106,1.05820105820106,800,756
Testis,SuSiE-mix,-90,-95,-85,6,0.00793650793650794,0.793650793650794,800,756
Testis,SuSiE-mix,-80,-85,-75,6,0.00793650793650794,0.793650793650794,800,756
Testis,SuSiE-mix,-70,-75,-65,13,0.0171957671957672,1.71957671957672,800,756
Testis,SuSiE-mix,-60,-65,-55,16,0.0211640211640212,2.11640211640212,800,756
Testis,SuSiE-mix,-50,-55,-45,15,0.0198412698412698,1.98412698412698,800,756
Testis,SuSiE-mix,-40,-45,-35,26,0.0343915343915344,3.43915343915344,800,756
Testis,SuSiE-mix,-30,-35,-25,41,0.0542328042328042,5.42328042328042,800,756
Testis,SuSiE-mix,-20,-25,-15,48,0.0634920634920635,6.34920634920635,800,756
Testis,SuSiE-mix,-10,-15,-5,82,0.108465608465608,10.8465608465608,800,756
Testis,SuSiE-mix,0,-5,5,196,0.259259259259259,25.9259259259259,800,756
Testis,SuSiE-mix,10,5,15,74,0.0978835978835979,9.78835978835979,800,756
Testis,SuSiE-mix,20,15,25,52,0.0687830687830688,6.87830687830688,800,756
Testis,SuSiE-mix,30,25,35,40,0.0529100529100529,5.29100529100529,800,756
Testis,SuSiE-mix,40,35,45,24,0.0317460317460317,3.17460317460317,800,756
Testis,SuSiE-mix,50,45,55,13,0.0171957671957672,1.71957671957672,800,756
Testis,SuSiE-mix,60,55,65,9,0.0119047619047619,1.19047619047619,800,756
Testis,SuSiE-mix,70,65,75,10,0.0132275132275132,1.32275132275132,800,756
Testis,SuSiE-mix,80,75,85,8,0.0105820105820106,1.05820105820106,800,756
Testis,SuSiE-mix,90,85,95,5,0.00661375661375661,0.661375661375661,800,756
Testis,SuSiE-mix,100,95,105,10,0.0132275132275132,1.32275132275132,800,756
Testis,SuSiE-mix,110,105,115,5,0.00661375661375661,0.661375661375661,800,756
Testis,SuSiE-mix,120,115,125,7,0.00925925925925926,0.925925925925926,800,756
Testis,SuSiE-mix,130,125,135,2,0.00264550264550265,0.264550264550265,800,756
Testis,SuSiE-mix,140,135,145,3,0.00396825396825397,0.396825396825397,800,756
Testis,SuSiE-mix,150,145,155,4,0.00529100529100529,0.529100529100529,800,756
Testis,SuSiE-mix,160,155,165,1,0.00132275132275132,0.132275132275132,800,756
Testis,SuSiE-mix,170,165,175,1,0.00132275132275132,0.132275132275132,800,756
Testis,SuSiE-mix,180,175,185,2,0.00264550264550265,0.264550264550265,800,756
Testis,SuSiE-mix,190,185,195,3,0.00396825396825397,0.396825396825397,800,756
Testis,SuSiE-mix,200,195,205,3,0.00396825396825397,0.396825396825397,800,756
Thyroid,SuSiE,-200,-205,-195,3,0.00212314225053079,0.212314225053079,1482,1413
Thyroid,SuSiE,-190,-195,-185,3,0.00212314225053079,0.212314225053079,1482,1413
Thyroid,SuSiE,-180,-185,-175,6,0.00424628450106157,0.424628450106157,1482,1413
Thyroid,SuSiE,-170,-175,-165,6,0.00424628450106157,0.424628450106157,1482,1413
Thyroid,SuSiE,-160,-165,-155,10,0.00707714083510262,0.707714083510262,1482,1413
Thyroid,SuSiE,-150,-155,-145,11,0.00778485491861288,0.778485491861288,1482,1413
Thyroid,SuSiE,-140,-145,-135,7,0.00495399858457183,0.495399858457183,1482,1413
Thyroid,SuSiE,-130,-135,-125,7,0.00495399858457183,0.495399858457183,1482,1413
Thyroid,SuSiE,-120,-125,-115,9,0.00636942675159236,0.636942675159236,1482,1413
Thyroid,SuSiE,-110,-115,-105,10,0.00707714083510262,0.707714083510262,1482,1413
Thyroid,SuSiE,-100,-105,-95,9,0.00636942675159236,0.636942675159236,1482,1413
Thyroid,SuSiE,-90,-95,-85,21,0.0148619957537155,1.48619957537155,1482,1413
Thyroid,SuSiE,-80,-85,-75,21,0.0148619957537155,1.48619957537155,1482,1413
Thyroid,SuSiE,-70,-75,-65,25,0.0176928520877565,1.76928520877565,1482,1413
Thyroid,SuSiE,-60,-65,-55,29,0.0205237084217976,2.05237084217976,1482,1413
Thyroid,SuSiE,-50,-55,-45,30,0.0212314225053079,2.12314225053079,1482,1413
Thyroid,SuSiE,-40,-45,-35,35,0.0247699929228592,2.47699929228592,1482,1413
Thyroid,SuSiE,-30,-35,-25,67,0.0474168435951876,4.74168435951876,1482,1413
Thyroid,SuSiE,-20,-25,-15,95,0.0672328379334749,6.72328379334749,1482,1413
Thyroid,SuSiE,-10,-15,-5,138,0.0976645435244161,9.76645435244161,1482,1413
Thyroid,SuSiE,0,-5,5,331,0.234253361641897,23.4253361641897,1482,1413
Thyroid,SuSiE,10,5,15,152,0.10757254069356,10.757254069356,1482,1413
Thyroid,SuSiE,20,15,25,83,0.0587402689313517,5.87402689313517,1482,1413
Thyroid,SuSiE,30,25,35,70,0.0495399858457183,4.95399858457183,1482,1413
Thyroid,SuSiE,40,35,45,46,0.032554847841472,3.2554847841472,1482,1413
Thyroid,SuSiE,50,45,55,28,0.0198159943382873,1.98159943382873,1482,1413
Thyroid,SuSiE,60,55,65,32,0.0226468506723284,2.26468506723284,1482,1413
Thyroid,SuSiE,70,65,75,17,0.0120311394196745,1.20311394196745,1482,1413
Thyroid,SuSiE,80,75,85,20,0.0141542816702052,1.41542816702052,1482,1413
Thyroid,SuSiE,90,85,95,14,0.00990799716914367,0.990799716914367,1482,1413
Thyroid,SuSiE,100,95,105,16,0.0113234253361642,1.13234253361642,1482,1413
Thyroid,SuSiE,110,105,115,12,0.00849256900212314,0.849256900212314,1482,1413
Thyroid,SuSiE,120,115,125,4,0.00283085633404105,0.283085633404105,1482,1413
Thyroid,SuSiE,130,125,135,9,0.00636942675159236,0.636942675159236,1482,1413
Thyroid,SuSiE,140,135,145,7,0.00495399858457183,0.495399858457183,1482,1413
Thyroid,SuSiE,150,145,155,6,0.00424628450106157,0.424628450106157,1482,1413
Thyroid,SuSiE,160,155,165,6,0.00424628450106157,0.424628450106157,1482,1413
Thyroid,SuSiE,170,165,175,5,0.00353857041755131,0.353857041755131,1482,1413
Thyroid,SuSiE,180,175,185,3,0.00212314225053079,0.212314225053079,1482,1413
Thyroid,SuSiE,190,185,195,5,0.00353857041755131,0.353857041755131,1482,1413
Thyroid,SuSiE,200,195,205,5,0.00353857041755131,0.353857041755131,1482,1413
Thyroid,SuSiE-mix,-200,-205,-195,3,0.00215672178289001,0.215672178289001,1456,1391
Thyroid,SuSiE-mix,-190,-195,-185,3,0.00215672178289001,0.215672178289001,1456,1391
Thyroid,SuSiE-mix,-180,-185,-175,5,0.00359453630481668,0.359453630481668,1456,1391
Thyroid,SuSiE-mix,-170,-175,-165,5,0.00359453630481668,0.359453630481668,1456,1391
Thyroid,SuSiE-mix,-160,-165,-155,10,0.00718907260963336,0.718907260963336,1456,1391
Thyroid,SuSiE-mix,-150,-155,-145,13,0.00934579439252336,0.934579439252336,1456,1391
Thyroid,SuSiE-mix,-140,-145,-135,6,0.00431344356578001,0.431344356578001,1456,1391
Thyroid,SuSiE-mix,-130,-135,-125,7,0.00503235082674335,0.503235082674335,1456,1391
Thyroid,SuSiE-mix,-120,-125,-115,7,0.00503235082674335,0.503235082674335,1456,1391
Thyroid,SuSiE-mix,-110,-115,-105,8,0.00575125808770669,0.575125808770669,1456,1391
Thyroid,SuSiE-mix,-100,-105,-95,12,0.00862688713156003,0.862688713156003,1456,1391
Thyroid,SuSiE-mix,-90,-95,-85,19,0.0136592379583034,1.36592379583034,1456,1391
Thyroid,SuSiE-mix,-80,-85,-75,20,0.0143781452192667,1.43781452192667,1456,1391
Thyroid,SuSiE-mix,-70,-75,-65,27,0.0194104960460101,1.94104960460101,1456,1391
Thyroid,SuSiE-mix,-60,-65,-55,30,0.0215672178289001,2.15672178289001,1456,1391
Thyroid,SuSiE-mix,-50,-55,-45,25,0.0179726815240834,1.79726815240834,1456,1391
Thyroid,SuSiE-mix,-40,-45,-35,35,0.0251617541337168,2.51617541337168,1456,1391
Thyroid,SuSiE-mix,-30,-35,-25,63,0.0452911574406902,4.52911574406902,1456,1391
Thyroid,SuSiE-mix,-20,-25,-15,95,0.0682961897915169,6.82961897915169,1456,1391
Thyroid,SuSiE-mix,-10,-15,-5,133,0.0956146657081237,9.56146657081237,1456,1391
Thyroid,SuSiE-mix,0,-5,5,330,0.237239396117901,23.7239396117901,1456,1391
Thyroid,SuSiE-mix,10,5,15,151,0.108554996405464,10.8554996405464,1456,1391
Thyroid,SuSiE-mix,20,15,25,86,0.0618260244428469,6.18260244428469,1456,1391
Thyroid,SuSiE-mix,30,25,35,72,0.0517613227893602,5.17613227893602,1456,1391
Thyroid,SuSiE-mix,40,35,45,39,0.0280373831775701,2.80373831775701,1456,1391
Thyroid,SuSiE-mix,50,45,55,33,0.0237239396117901,2.37239396117901,1456,1391
Thyroid,SuSiE-mix,60,55,65,27,0.0194104960460101,1.94104960460101,1456,1391
Thyroid,SuSiE-mix,70,65,75,17,0.0122214234363767,1.22214234363767,1456,1391
Thyroid,SuSiE-mix,80,75,85,17,0.0122214234363767,1.22214234363767,1456,1391
Thyroid,SuSiE-mix,90,85,95,17,0.0122214234363767,1.22214234363767,1456,1391
Thyroid,SuSiE-mix,100,95,105,17,0.0122214234363767,1.22214234363767,1456,1391
Thyroid,SuSiE-mix,110,105,115,9,0.00647016534867002,0.647016534867002,1456,1391
Thyroid,SuSiE-mix,120,115,125,4,0.00287562904385334,0.287562904385334,1456,1391
Thyroid,SuSiE-mix,130,125,135,9,0.00647016534867002,0.647016534867002,1456,1391
Thyroid,SuSiE-mix,140,135,145,8,0.00575125808770669,0.575125808770669,1456,1391
Thyroid,SuSiE-mix,150,145,155,7,0.00503235082674335,0.503235082674335,1456,1391
Thyroid,SuSiE-mix,160,155,165,8,0.00575125808770669,0.575125808770669,1456,1391
Thyroid,SuSiE-mix,170,165,175,3,0.00215672178289001,0.215672178289001,1456,1391
Thyroid,SuSiE-mix,180,175,185,2,0.00143781452192667,0.143781452192667,1456,1391
Thyroid,SuSiE-mix,190,185,195,5,0.00359453630481668,0.359453630481668,1456,1391
Thyroid,SuSiE-mix,200,195,205,4,0.00287562904385334,0.287562904385334,1456,1391
Uterus,SuSiE,-200,-205,-195,1,0.0128205128205128,1.28205128205128,82,78
Uterus,SuSiE,-190,-195,-185,0,0,0,82,78
Uterus,SuSiE,-180,-185,-175,0,0,0,82,78
Uterus,SuSiE,-170,-175,-165,0,0,0,82,78
Uterus,SuSiE,-160,-165,-155,0,0,0,82,78
Uterus,SuSiE,-150,-155,-145,0,0,0,82,78
Uterus,SuSiE,-140,-145,-135,0,0,0,82,78
Uterus,SuSiE,-130,-135,-125,0,0,0,82,78
Uterus,SuSiE,-120,-125,-115,1,0.0128205128205128,1.28205128205128,82,78
Uterus,SuSiE,-110,-115,-105,2,0.0256410256410256,2.56410256410256,82,78
Uterus,SuSiE,-100,-105,-95,2,0.0256410256410256,2.56410256410256,82,78
Uterus,SuSiE,-90,-95,-85,0,0,0,82,78
Uterus,SuSiE,-80,-85,-75,0,0,0,82,78
Uterus,SuSiE,-70,-75,-65,1,0.0128205128205128,1.28205128205128,82,78
Uterus,SuSiE,-60,-65,-55,2,0.0256410256410256,2.56410256410256,82,78
Uterus,SuSiE,-50,-55,-45,3,0.0384615384615385,3.84615384615385,82,78
Uterus,SuSiE,-40,-45,-35,1,0.0128205128205128,1.28205128205128,82,78
Uterus,SuSiE,-30,-35,-25,2,0.0256410256410256,2.56410256410256,82,78
Uterus,SuSiE,-20,-25,-15,5,0.0641025641025641,6.41025641025641,82,78
Uterus,SuSiE,-10,-15,-5,14,0.17948717948718,17.948717948718,82,78
Uterus,SuSiE,0,-5,5,19,0.243589743589744,24.3589743589744,82,78
Uterus,SuSiE,10,5,15,5,0.0641025641025641,6.41025641025641,82,78
Uterus,SuSiE,20,15,25,8,0.102564102564103,10.2564102564103,82,78
Uterus,SuSiE,30,25,35,2,0.0256410256410256,2.56410256410256,82,78
Uterus,SuSiE,40,35,45,1,0.0128205128205128,1.28205128205128,82,78
Uterus,SuSiE,50,45,55,1,0.0128205128205128,1.28205128205128,82,78
Uterus,SuSiE,60,55,65,0,0,0,82,78
Uterus,SuSiE,70,65,75,1,0.0128205128205128,1.28205128205128,82,78
Uterus,SuSiE,80,75,85,1,0.0128205128205128,1.28205128205128,82,78
Uterus,SuSiE,90,85,95,0,0,0,82,78
Uterus,SuSiE,100,95,105,1,0.0128205128205128,1.28205128205128,82,78
Uterus,SuSiE,110,105,115,1,0.0128205128205128,1.28205128205128,82,78
Uterus,SuSiE,120,115,125,1,0.0128205128205128,1.28205128205128,82,78
Uterus,SuSiE,130,125,135,0,0,0,82,78
Uterus,SuSiE,140,135,145,0,0,0,82,78
Uterus,SuSiE,150,145,155,0,0,0,82,78
Uterus,SuSiE,160,155,165,1,0.0128205128205128,1.28205128205128,82,78
Uterus,SuSiE,170,165,175,0,0,0,82,78
Uterus,SuSiE,180,175,185,1,0.0128205128205128,1.28205128205128,82,78
Uterus,SuSiE,190,185,195,0,0,0,82,78
Uterus,SuSiE,200,195,205,1,0.0128205128205128,1.28205128205128,82,78
Uterus,SuSiE-mix,-200,-205,-195,1,0.0128205128205128,1.28205128205128,82,78
Uterus,SuSiE-mix,-190,-195,-185,0,0,0,82,78
Uterus,SuSiE-mix,-180,-185,-175,0,0,0,82,78
Uterus,SuSiE-mix,-170,-175,-165,0,0,0,82,78
Uterus,SuSiE-mix,-160,-165,-155,0,0,0,82,78
Uterus,SuSiE-mix,-150,-155,-145,0,0,0,82,78
Uterus,SuSiE-mix,-140,-145,-135,0,0,0,82,78
Uterus,SuSiE-mix,-130,-135,-125,0,0,0,82,78
Uterus,SuSiE-mix,-120,-125,-115,1,0.0128205128205128,1.28205128205128,82,78
Uterus,SuSiE-mix,-110,-115,-105,2,0.0256410256410256,2.56410256410256,82,78
Uterus,SuSiE-mix,-100,-105,-95,2,0.0256410256410256,2.56410256410256,82,78
Uterus,SuSiE-mix,-90,-95,-85,0,0,0,82,78
Uterus,SuSiE-mix,-80,-85,-75,0,0,0,82,78
Uterus,SuSiE-mix,-70,-75,-65,1,0.0128205128205128,1.28205128205128,82,78
Uterus,SuSiE-mix,-60,-65,-55,2,0.0256410256410256,2.56410256410256,82,78
Uterus,SuSiE-mix,-50,-55,-45,3,0.0384615384615385,3.84615384615385,82,78
Uterus,SuSiE-mix,-40,-45,-35,1,0.0128205128205128,1.28205128205128,82,78
Uterus,SuSiE-mix,-30,-35,-25,1,0.0128205128205128,1.28205128205128,82,78
Uterus,SuSiE-mix,-20,-25,-15,5,0.0641025641025641,6.41025641025641,82,78
Uterus,SuSiE-mix,-10,-15,-5,14,0.17948717948718,17.948717948718,82,78
Uterus,SuSiE-mix,0,-5,5,19,0.243589743589744,24.3589743589744,82,78
Uterus,SuSiE-mix,10,5,15,6,0.0769230769230769,7.69230769230769,82,78
Uterus,SuSiE-mix,20,15,25,7,0.0897435897435897,8.97435897435897,82,78
Uterus,SuSiE-mix,30,25,35,2,0.0256410256410256,2.56410256410256,82,78
Uterus,SuSiE-mix,40,35,45,1,0.0128205128205128,1.28205128205128,82,78
Uterus,SuSiE-mix,50,45,55,1,0.0128205128205128,1.28205128205128,82,78
Uterus,SuSiE-mix,60,55,65,0,0,0,82,78
Uterus,SuSiE-mix,70,65,75,1,0.0128205128205128,1.28205128205128,82,78
Uterus,SuSiE-mix,80,75,85,1,0.0128205128205128,1.28205128205128,82,78
Uterus,SuSiE-mix,90,85,95,1,0.0128205128205128,1.28205128205128,82,78
Uterus,SuSiE-mix,100,95,105,1,0.0128205128205128,1.28205128205128,82,78
Uterus,SuSiE-mix,110,105,115,1,0.0128205128205128,1.28205128205128,82,78
Uterus,SuSiE-mix,120,115,125,1,0.0128205128205128,1.28205128205128,82,78
Uterus,SuSiE-mix,130,125,135,0,0,0,82,78
Uterus,SuSiE-mix,140,135,145,0,0,0,82,78
Uterus,SuSiE-mix,150,145,155,0,0,0,82,78
Uterus,SuSiE-mix,160,155,165,1,0.0128205128205128,1.28205128205128,82,78
Uterus,SuSiE-mix,170,165,175,0,0,0,82,78
Uterus,SuSiE-mix,180,175,185,1,0.0128205128205128,1.28205128205128,82,78
Uterus,SuSiE-mix,190,185,195,0,0,0,82,78
Uterus,SuSiE-mix,200,195,205,1,0.0128205128205128,1.28205128205128,82,78
Vagina,SuSiE,-200,-205,-195,0,0,0,52,49
Vagina,SuSiE,-190,-195,-185,0,0,0,52,49
Vagina,SuSiE,-180,-185,-175,0,0,0,52,49
Vagina,SuSiE,-170,-175,-165,0,0,0,52,49
Vagina,SuSiE,-160,-165,-155,0,0,0,52,49
Vagina,SuSiE,-150,-155,-145,0,0,0,52,49
Vagina,SuSiE,-140,-145,-135,0,0,0,52,49
Vagina,SuSiE,-130,-135,-125,0,0,0,52,49
Vagina,SuSiE,-120,-125,-115,1,0.0204081632653061,2.04081632653061,52,49
Vagina,SuSiE,-110,-115,-105,1,0.0204081632653061,2.04081632653061,52,49
Vagina,SuSiE,-100,-105,-95,0,0,0,52,49
Vagina,SuSiE,-90,-95,-85,0,0,0,52,49
Vagina,SuSiE,-80,-85,-75,1,0.0204081632653061,2.04081632653061,52,49
Vagina,SuSiE,-70,-75,-65,0,0,0,52,49
Vagina,SuSiE,-60,-65,-55,0,0,0,52,49
Vagina,SuSiE,-50,-55,-45,2,0.0408163265306122,4.08163265306122,52,49
Vagina,SuSiE,-40,-45,-35,0,0,0,52,49
Vagina,SuSiE,-30,-35,-25,1,0.0204081632653061,2.04081632653061,52,49
Vagina,SuSiE,-20,-25,-15,5,0.102040816326531,10.2040816326531,52,49
Vagina,SuSiE,-10,-15,-5,6,0.122448979591837,12.2448979591837,52,49
Vagina,SuSiE,0,-5,5,16,0.326530612244898,32.6530612244898,52,49
Vagina,SuSiE,10,5,15,5,0.102040816326531,10.2040816326531,52,49
Vagina,SuSiE,20,15,25,5,0.102040816326531,10.2040816326531,52,49
Vagina,SuSiE,30,25,35,2,0.0408163265306122,4.08163265306122,52,49
Vagina,SuSiE,40,35,45,0,0,0,52,49
Vagina,SuSiE,50,45,55,0,0,0,52,49
Vagina,SuSiE,60,55,65,2,0.0408163265306122,4.08163265306122,52,49
Vagina,SuSiE,70,65,75,0,0,0,52,49
Vagina,SuSiE,80,75,85,0,0,0,52,49
Vagina,SuSiE,90,85,95,0,0,0,52,49
Vagina,SuSiE,100,95,105,0,0,0,52,49
Vagina,SuSiE,110,105,115,0,0,0,52,49
Vagina,SuSiE,120,115,125,0,0,0,52,49
Vagina,SuSiE,130,125,135,0,0,0,52,49
Vagina,SuSiE,140,135,145,0,0,0,52,49
Vagina,SuSiE,150,145,155,2,0.0408163265306122,4.08163265306122,52,49
Vagina,SuSiE,160,155,165,0,0,0,52,49
Vagina,SuSiE,170,165,175,0,0,0,52,49
Vagina,SuSiE,180,175,185,0,0,0,52,49
Vagina,SuSiE,190,185,195,0,0,0,52,49
Vagina,SuSiE,200,195,205,0,0,0,52,49
Vagina,SuSiE-mix,-200,-205,-195,1,0.0204081632653061,2.04081632653061,52,49
Vagina,SuSiE-mix,-190,-195,-185,0,0,0,52,49
Vagina,SuSiE-mix,-180,-185,-175,0,0,0,52,49
Vagina,SuSiE-mix,-170,-175,-165,0,0,0,52,49
Vagina,SuSiE-mix,-160,-165,-155,0,0,0,52,49
Vagina,SuSiE-mix,-150,-155,-145,0,0,0,52,49
Vagina,SuSiE-mix,-140,-145,-135,0,0,0,52,49
Vagina,SuSiE-mix,-130,-135,-125,0,0,0,52,49
Vagina,SuSiE-mix,-120,-125,-115,1,0.0204081632653061,2.04081632653061,52,49
Vagina,SuSiE-mix,-110,-115,-105,1,0.0204081632653061,2.04081632653061,52,49
Vagina,SuSiE-mix,-100,-105,-95,0,0,0,52,49
Vagina,SuSiE-mix,-90,-95,-85,0,0,0,52,49
Vagina,SuSiE-mix,-80,-85,-75,1,0.0204081632653061,2.04081632653061,52,49
Vagina,SuSiE-mix,-70,-75,-65,0,0,0,52,49
Vagina,SuSiE-mix,-60,-65,-55,0,0,0,52,49
Vagina,SuSiE-mix,-50,-55,-45,2,0.0408163265306122,4.08163265306122,52,49
Vagina,SuSiE-mix,-40,-45,-35,0,0,0,52,49
Vagina,SuSiE-mix,-30,-35,-25,0,0,0,52,49
Vagina,SuSiE-mix,-20,-25,-15,4,0.0816326530612245,8.16326530612245,52,49
Vagina,SuSiE-mix,-10,-15,-5,8,0.163265306122449,16.3265306122449,52,49
Vagina,SuSiE-mix,0,-5,5,16,0.326530612244898,32.6530612244898,52,49
Vagina,SuSiE-mix,10,5,15,4,0.0816326530612245,8.16326530612245,52,49
Vagina,SuSiE-mix,20,15,25,5,0.102040816326531,10.2040816326531,52,49
Vagina,SuSiE-mix,30,25,35,2,0.0408163265306122,4.08163265306122,52,49
Vagina,SuSiE-mix,40,35,45,0,0,0,52,49
Vagina,SuSiE-mix,50,45,55,0,0,0,52,49
Vagina,SuSiE-mix,60,55,65,2,0.0408163265306122,4.08163265306122,52,49
Vagina,SuSiE-mix,70,65,75,0,0,0,52,49
Vagina,SuSiE-mix,80,75,85,0,0,0,52,49
Vagina,SuSiE-mix,90,85,95,0,0,0,52,49
Vagina,SuSiE-mix,100,95,105,0,0,0,52,49
Vagina,SuSiE-mix,110,105,115,0,0,0,52,49
Vagina,SuSiE-mix,120,115,125,0,0,0,52,49
Vagina,SuSiE-mix,130,125,135,0,0,0,52,49
Vagina,SuSiE-mix,140,135,145,0,0,0,52,49
Vagina,SuSiE-mix,150,145,155,2,0.0408163265306122,4.08163265306122,52,49
Vagina,SuSiE-mix,160,155,165,0,0,0,52,49
Vagina,SuSiE-mix,170,165,175,0,0,0,52,49
Vagina,SuSiE-mix,180,175,185,0,0,0,52,49
Vagina,SuSiE-mix,190,185,195,0,0,0,52,49
Vagina,SuSiE-mix,200,195,205,0,0,0,52,49
