gene,tissue,expected_coding,status,message,mixed_fit_name,additive_n_cs,additive_cs_name,additive_component_index,additive_lead_predictor_index,additive_lead_predictor,additive_lead_snp,additive_lead_coding,additive_lead_pip,additive_cs_size,additive_lead_selection,additive_n_genotype_0,additive_n_genotype_1,additive_n_genotype_2,same_lead_snp,lead_comparison,log_lik_add,log_lik_mix,likelihood_statistic,n_cs,cs_name,component_index,lead_predictor_index,lead_predictor,lead_snp,lead_coding,lead_pip,cs_size,n_genotype_0,n_genotype_1,n_genotype_2,output_file
EIF3C,Blood Vessel,dominant,plotted,Four-panel SuSiE / EM 12 SuSiE-mix comparison created,weighted_fit_mix,1,L1,1,223,chr16_28481454_G_A_b38_G,chr16_28481454_G_A_b38_G,additive,0.0786561479364718,56,Single credible-set lead,177,219,54,FALSE,"Different lead SNP (480.493 kb apart, GRCh38); coding change: additive -> dominant",-623.881952805044,-622.344861096692,3.07418341670382,1,L1,1,2735,chr16_28961947_A_G_b38_A__dominant,chr16_28961947_A_G_b38_A,dominant,0.116848783687597,65,244,168,38,/project2/mstephens/wdenault/susie_mix/results_em/iteration_012/plot/one_cs_dominant/expression/EIF3C_Blood_Vessel_add_vs_mix.png
MAN2C1,Uterus,dominant,plotted,Four-panel SuSiE / EM 12 SuSiE-mix comparison created,weighted_fit_mix,1,L1,1,719,chr15_75336500_C_G_b38_C,chr15_75336500_C_G_b38_C,additive,0.121507574777087,50,Single credible-set lead,38,32,8,FALSE,"Different lead SNP (121.542 kb apart, GRCh38); coding change: additive -> dominant",-94.813505552766,-92.699614353405,4.22778239872196,1,L1,1,2924,chr15_75458042_T_C_b38_T__dominant,chr15_75458042_T_C_b38_T,dominant,0.378533816741416,61,38,35,5,/project2/mstephens/wdenault/susie_mix/results_em/iteration_012/plot/one_cs_dominant/expression/MAN2C1_Uterus_add_vs_mix.png
GOLGA6L9,Salivary Gland,dominant,plotted,Four-panel SuSiE / EM 12 SuSiE-mix comparison created,weighted_fit_mix,1,L1,1,829,chr15_82334321_T_C_b38_T,chr15_82334321_T_C_b38_T,additive,0.298521965235607,42,Single credible-set lead,76,27,8,FALSE,"Different lead SNP (94.64 kb apart, GRCh38); coding change: additive -> dominant",-142.671099236682,-137.072392520962,11.197413431441,1,L1,1,3623,chr15_82428961_T_A_b38_T__dominant,chr15_82428961_T_A_b38_T,dominant,0.0697655043352305,34,74,30,7,/project2/mstephens/wdenault/susie_mix/results_em/iteration_012/plot/one_cs_dominant/expression/GOLGA6L9_Salivary_Gland_add_vs_mix.png
GOLGA6L9,Pancreas,dominant,plotted,Four-panel SuSiE / EM 12 SuSiE-mix comparison created,weighted_fit_mix,1,L1,1,953,chr15_82403397_G_A_b38_G,chr15_82403397_G_A_b38_G,additive,0.219085906062696,36,Single credible-set lead,77,88,15,FALSE,"Different lead SNP (68.837 kb apart, GRCh38); coding change: additive -> dominant",-236.101712348391,-234.847119935172,2.50918482643777,1,L1,1,3809,chr15_82472234_T_C_b38_T__dominant,chr15_82472234_T_C_b38_T,dominant,0.183729296937647,52,110,58,12,/project2/mstephens/wdenault/susie_mix/results_em/iteration_012/plot/one_cs_dominant/expression/GOLGA6L9_Pancreas_add_vs_mix.png
PSG4,Salivary Gland,dominant,plotted,Four-panel SuSiE / EM 12 SuSiE-mix comparison created,weighted_fit_mix,1,L1,1,2033,chr19_43189099_G_C_b38_G,chr19_43189099_G_C_b38_G,additive,0.0397659543532998,25,Single credible-set lead,56,40,15,FALSE,"Different lead SNP (82.506 kb apart, GRCh38); coding change: additive -> dominant",-119.721992290859,-119.001827536589,1.44032950853958,1,L1,1,7386,chr19_43271605_C_T_b38_C__dominant,chr19_43271605_C_T_b38_C,dominant,0.0451422819426052,52,59,43,9,/project2/mstephens/wdenault/susie_mix/results_em/iteration_012/plot/one_cs_dominant/expression/PSG4_Salivary_Gland_add_vs_mix.png
PSG4,Skin,dominant,plotted,Four-panel SuSiE / EM 12 SuSiE-mix comparison created,weighted_fit_mix,1,L1,1,2041,chr19_43189850_C_A_b38_C,chr19_43189850_C_A_b38_C,additive,0.0528053874028351,21,Single credible-set lead,220,229,73,TRUE,Same lead SNP; coding change only: additive -> dominant,-569.702657451893,-541.384519792561,56.6362753186638,1,L1,1,8119,chr19_43189850_C_A_b38_C__dominant,chr19_43189850_C_A_b38_C,dominant,0.0792811463757469,21,220,229,73,/project2/mstephens/wdenault/susie_mix/results_em/iteration_012/plot/one_cs_dominant/expression/PSG4_Skin_add_vs_mix.png
SNX16,Blood Vessel,dominant,plotted,Four-panel SuSiE / EM 12 SuSiE-mix comparison created,weighted_fit_mix,1,L1,1,1167,chr8_81866327_A_G_b38_A,chr8_81866327_A_G_b38_A,additive,0.0380860204448888,47,Single credible-set lead,153,208,89,FALSE,"Different lead SNP (69.743 kb apart, GRCh38); coding change: additive -> dominant",-599.414912694874,-597.731022977591,3.36777943456582,1,L1,1,4375,chr8_81796584_A_G_b38_A__dominant,chr8_81796584_A_G_b38_A,dominant,0.0248119663868875,70,153,208,89,/project2/mstephens/wdenault/susie_mix/results_em/iteration_012/plot/one_cs_dominant/expression/SNX16_Blood_Vessel_add_vs_mix.png
AKR1C2,Skin,dominant,plotted,Four-panel SuSiE / EM 12 SuSiE-mix comparison created,weighted_fit_mix,1,L1,1,1714,chr10_5003612_C_A_b38_C,chr10_5003612_C_A_b38_C,additive,0.129125186850004,37,Single credible-set lead,411,111,0,FALSE,"Different lead SNP (67.06 kb apart, GRCh38); coding change: additive -> dominant",-709.73612586649,-708.705098632564,2.06205446785179,1,L1,1,8474,chr10_4936552_G_A_b38_G__dominant,chr10_4936552_G_A_b38_G,dominant,0.0804900578136453,69,408,105,9,/project2/mstephens/wdenault/susie_mix/results_em/iteration_012/plot/one_cs_dominant/expression/AKR1C2_Skin_add_vs_mix.png
AKR1C2,Brain,dominant,plotted,Four-panel SuSiE / EM 12 SuSiE-mix comparison created,weighted_fit_mix,1,L1,1,1426,chr10_4940020_C_T_b38_C,chr10_4940020_C_T_b38_C,additive,0.142226623390011,37,Single credible-set lead,193,61,3,FALSE,"Different lead SNP (21.892 kb apart, GRCh38); coding change: additive -> dominant",-328.812054941522,-326.932077669603,3.75995454383894,1,L1,1,7919,chr10_4918128_C_G_b38_C__dominant,chr10_4918128_C_G_b38_C,dominant,0.0665358076317359,68,190,60,7,/project2/mstephens/wdenault/susie_mix/results_em/iteration_012/plot/one_cs_dominant/expression/AKR1C2_Brain_add_vs_mix.png
MRE11,Lung,dominant,plotted,Four-panel SuSiE / EM 12 SuSiE-mix comparison created,weighted_fit_mix,1,L1,1,915,chr11_94395789_C_T_b38_C,chr11_94395789_C_T_b38_C,additive,0.425945756655199,6,Single credible-set lead,154,141,28,FALSE,"Different lead SNP (57.566 kb apart, GRCh38); coding change: additive -> dominant",-417.703511734609,-413.293205393438,8.82061268234224,1,L1,1,4306,chr11_94453355_T_C_b38_T__dominant,chr11_94453355_T_C_b38_T,dominant,0.181807517810319,10,159,141,23,/project2/mstephens/wdenault/susie_mix/results_em/iteration_012/plot/one_cs_dominant/expression/MRE11_Lung_add_vs_mix.png
MRE11,Nerve,dominant,plotted,Four-panel SuSiE / EM 12 SuSiE-mix comparison created,weighted_fit_mix,1,L1,1,915,chr11_94395789_C_T_b38_C,chr11_94395789_C_T_b38_C,additive,0.156023892588439,7,Single credible-set lead,166,158,30,FALSE,"Different lead SNP (24.97 kb apart, GRCh38); coding change: additive -> dominant",-466.073166755802,-462.061132604543,8.02406830251846,1,L1,1,4233,chr11_94420759_G_A_b38_G__dominant,chr11_94420759_G_A_b38_G,dominant,0.148869551687804,15,168,157,29,/project2/mstephens/wdenault/susie_mix/results_em/iteration_012/plot/one_cs_dominant/expression/MRE11_Nerve_add_vs_mix.png
HLA-DRB5,Ovary,dominant,plotted,Four-panel SuSiE / EM 12 SuSiE-mix comparison created,weighted_fit_mix,1,L1,1,4670,chr6_32610508_A_C_b38_A,chr6_32610508_A_C_b38_A,additive,0.0293844656093638,43,Single credible-set lead,70,31,5,FALSE,"Different lead SNP (56.544 kb apart, GRCh38); coding change: additive -> dominant",-117.323403959508,-114.725824577164,5.19515876468606,1,L1,1,20840,chr6_32553964_T_C_b38_T__dominant,chr6_32553964_T_C_b38_T,dominant,0.0165249181063284,83,70,30,6,/project2/mstephens/wdenault/susie_mix/results_em/iteration_012/plot/one_cs_dominant/expression/HLA-DRB5_Ovary_add_vs_mix.png
HLA-DRB5,Uterus,dominant,plotted,Four-panel SuSiE / EM 12 SuSiE-mix comparison created,weighted_fit_mix,1,L1,1,3733,chr6_32581819_T_C_b38_T,chr6_32581819_T_C_b38_T,additive,0.0739543352461772,44,Single credible-set lead,55,20,3,FALSE,"Different lead SNP (3.734 kb apart, GRCh38); coding change: additive -> dominant",-83.8126072259291,-80.9854467179651,5.65432101592796,1,L1,1,19596,chr6_32578085_C_T_b38_C__dominant,chr6_32578085_C_T_b38_C,dominant,0.0282103167213852,79,54,20,4,/project2/mstephens/wdenault/susie_mix/results_em/iteration_012/plot/one_cs_dominant/expression/HLA-DRB5_Uterus_add_vs_mix.png
DRAM2,Liver,dominant,plotted,Four-panel SuSiE / EM 12 SuSiE-mix comparison created,weighted_fit_mix,1,L1,1,1193,chr1_111194776_G_A_b38_G,chr1_111194776_G_A_b38_G,additive,0.293716900732326,12,Single credible-set lead,62,63,15,FALSE,"Different lead SNP (55.28 kb apart, GRCh38); coding change: additive -> dominant",-178.852497211202,-178.056142593426,1.59270923555238,1,L1,1,5312,chr1_111139496_C_T_b38_C__dominant,chr1_111139496_C_T_b38_C,dominant,0.181073502216017,22,73,53,14,/project2/mstephens/wdenault/susie_mix/results_em/iteration_012/plot/one_cs_dominant/expression/DRAM2_Liver_add_vs_mix.png
SIRPB1,Lung,dominant,plotted,Four-panel SuSiE / EM 12 SuSiE-mix comparison created,weighted_fit_mix,1,L1,1,1224,chr20_1568756_A_T_b38_A,chr20_1568756_A_T_b38_A,additive,0.257897632924457,7,Single credible-set lead,196,111,16,FALSE,"Different lead SNP (47.071 kb apart, GRCh38); coding change: additive -> dominant",-415.870738854791,-413.247070067105,5.24733757537251,1,L1,1,5738,chr20_1615827_A_G_b38_A__dominant,chr20_1615827_A_G_b38_A,dominant,0.229966593599512,13,195,114,14,/project2/mstephens/wdenault/susie_mix/results_em/iteration_012/plot/one_cs_dominant/expression/SIRPB1_Lung_add_vs_mix.png
SIRPB1,Brain,dominant,plotted,Four-panel SuSiE / EM 12 SuSiE-mix comparison created,weighted_fit_mix,1,L1,1,2098,chr20_1915598_A_G_b38_A,chr20_1915598_A_G_b38_A,additive,0.133365144527697,16,Single credible-set lead,107,115,35,TRUE,Same lead SNP; coding change only: additive -> dominant,-257.293924061398,-254.255250917018,6.07734628875988,1,L1,1,6423,chr20_1915598_A_G_b38_A__dominant,chr20_1915598_A_G_b38_A,dominant,0.085173358749283,27,107,115,35,/project2/mstephens/wdenault/susie_mix/results_em/iteration_012/plot/one_cs_dominant/expression/SIRPB1_Brain_add_vs_mix.png
SIRPB1,Liver,dominant,plotted,Four-panel SuSiE / EM 12 SuSiE-mix comparison created,weighted_fit_mix,1,L1,1,2004,chr20_1904453_C_G_b38_C,chr20_1904453_C_G_b38_C,additive,0.0720936780113828,23,Single credible-set lead,58,64,18,TRUE,Same lead SNP; coding change only: additive -> dominant,-177.187840258226,-176.587091372956,1.2014977705395,1,L1,1,6024,chr20_1904453_C_G_b38_C__dominant,chr20_1904453_C_G_b38_C,dominant,0.0845022625746003,60,58,64,18,/project2/mstephens/wdenault/susie_mix/results_em/iteration_012/plot/one_cs_dominant/expression/SIRPB1_Liver_add_vs_mix.png
APOC2,Lung,dominant,plotted,Four-panel SuSiE / EM 12 SuSiE-mix comparison created,weighted_fit_mix,1,L1,1,1347,chr19_44990377_C_G_b38_C,chr19_44990377_C_G_b38_C,additive,0.31465244625893,11,Single credible-set lead,91,165,67,FALSE,"Different lead SNP (44.35 kb apart, GRCh38); coding change: additive -> dominant",-440.414437696974,-437.697462416425,5.43395056109694,1,L1,1,5187,chr19_44946027_T_G_b38_T__dominant,chr19_44946027_T_G_b38_T,dominant,0.342628102721871,18,95,163,65,/project2/mstephens/wdenault/susie_mix/results_em/iteration_012/plot/one_cs_dominant/expression/APOC2_Lung_add_vs_mix.png
CNIH1,Blood Vessel,dominant,plotted,Four-panel SuSiE / EM 12 SuSiE-mix comparison created,weighted_fit_mix,1,L1,1,1008,chr14_54423661_C_A_b38_C,chr14_54423661_C_A_b38_C,additive,0.173219212578493,9,Single credible-set lead,357,87,6,FALSE,"Different lead SNP (37.237 kb apart, GRCh38); coding change: additive -> dominant",-612.282004361762,-611.700409509863,1.16318970379757,1,L1,1,4537,chr14_54460898_G_C_b38_G__dominant,chr14_54460898_G_C_b38_G,dominant,0.146802612069455,21,337,100,13,/project2/mstephens/wdenault/susie_mix/results_em/iteration_012/plot/one_cs_dominant/expression/CNIH1_Blood_Vessel_add_vs_mix.png
SCAMP5,Adipose Tissue,dominant,plotted,Four-panel SuSiE / EM 12 SuSiE-mix comparison created,weighted_fit_mix,1,L1,1,533,chr15_74989751_A_C_b38_A,chr15_74989751_A_C_b38_A,additive,0.211351814159311,17,Single credible-set lead,397,67,6,FALSE,"Different lead SNP (36.56 kb apart, GRCh38); coding change: additive -> dominant",-643.810747272148,-640.846007920592,5.92947870311218,1,L1,1,2798,chr15_75026311_A_G_b38_A__dominant,chr15_75026311_A_G_b38_A,dominant,0.0847740543107549,29,389,71,10,/project2/mstephens/wdenault/susie_mix/results_em/iteration_012/plot/one_cs_dominant/expression/SCAMP5_Adipose_Tissue_add_vs_mix.png
SCAMP5,Liver,dominant,plotted,Four-panel SuSiE / EM 12 SuSiE-mix comparison created,weighted_fit_mix,1,L1,1,573,chr15_75007427_G_A_b38_G,chr15_75007427_G_A_b38_G,additive,0.128367936589712,28,Single credible-set lead,114,22,4,FALSE,"Different lead SNP (4.304 kb apart, GRCh38); coding change: additive -> dominant",-159.631616150506,-157.387198385729,4.4888355295526,1,L1,1,2506,chr15_75003123_G_C_b38_G__dominant,chr15_75003123_G_C_b38_G,dominant,0.0586954306236351,39,115,21,4,/project2/mstephens/wdenault/susie_mix/results_em/iteration_012/plot/one_cs_dominant/expression/SCAMP5_Liver_add_vs_mix.png
SCAMP5,Esophagus,dominant,plotted,Four-panel SuSiE / EM 12 SuSiE-mix comparison created,weighted_fit_mix,1,L1,1,530,chr15_74988485_T_C_b38_T,chr15_74988485_T_C_b38_T,additive,0.271654779181925,17,Single credible-set lead,345,57,10,TRUE,Same lead SNP; coding change only: additive -> dominant,-557.386785229984,-554.270787531949,6.23199539606912,1,L1,1,2703,chr15_74988485_T_C_b38_T__dominant,chr15_74988485_T_C_b38_T,dominant,0.313449914235413,38,345,57,10,/project2/mstephens/wdenault/susie_mix/results_em/iteration_012/plot/one_cs_dominant/expression/SCAMP5_Esophagus_add_vs_mix.png
SCAMP5,Thyroid,dominant,plotted,Four-panel SuSiE / EM 12 SuSiE-mix comparison created,weighted_fit_mix,1,L1,1,569,chr15_75006419_G_A_b38_G,chr15_75006419_G_A_b38_G,additive,0.301518759311834,11,Single credible-set lead,323,59,8,TRUE,Same lead SNP; coding change only: additive -> dominant,-519.326740333956,-517.705388851104,3.24270296570239,1,L1,1,2738,chr15_75006419_G_A_b38_G__dominant,chr15_75006419_G_A_b38_G,dominant,0.16556917860393,18,323,59,8,/project2/mstephens/wdenault/susie_mix/results_em/iteration_012/plot/one_cs_dominant/expression/SCAMP5_Thyroid_add_vs_mix.png
PPP1R3C,Blood Vessel,dominant,plotted,Four-panel SuSiE / EM 12 SuSiE-mix comparison created,weighted_fit_mix,1,L1,1,810,chr10_91668529_C_T_b38_C,chr10_91668529_C_T_b38_C,additive,0.0334405247647029,62,Single credible-set lead,193,204,53,FALSE,"Different lead SNP (35.278 kb apart, GRCh38); coding change: additive -> dominant",-622.390046949474,-619.352206197436,6.07568150407519,1,L1,1,3702,chr10_91633251_G_C_b38_G__dominant,chr10_91633251_G_C_b38_G,dominant,0.0200360720837799,120,194,208,48,/project2/mstephens/wdenault/susie_mix/results_em/iteration_012/plot/one_cs_dominant/expression/PPP1R3C_Blood_Vessel_add_vs_mix.png
SPINK5,Heart,dominant,plotted,Four-panel SuSiE / EM 12 SuSiE-mix comparison created,weighted_fit_mix,1,L1,1,1010,chr5_148014061_C_T_b38_C,chr5_148014061_C_T_b38_C,additive,0.169217052032228,12,Single credible-set lead,109,156,66,FALSE,"Different lead SNP (33.93 kb apart, GRCh38); coding change: additive -> dominant",-410.707566338418,-399.81962445084,21.7758837751557,1,L1,1,4638,chr5_148047991_A_G_b38_A__dominant,chr5_148047991_A_G_b38_A,dominant,0.313182929688009,5,110,154,67,/project2/mstephens/wdenault/susie_mix/results_em/iteration_012/plot/one_cs_dominant/expression/SPINK5_Heart_add_vs_mix.png
C7orf25,Blood,dominant,plotted,Four-panel SuSiE / EM 12 SuSiE-mix comparison created,weighted_fit_mix,1,L1,1,1168,chr7_42905432_C_T_b38_C,chr7_42905432_C_T_b38_C,additive,0.032131562276859,52,Single credible-set lead,329,89,17,FALSE,"Different lead SNP (33.111 kb apart, GRCh38); coding change: additive -> dominant",-585.458283200777,-584.439118833839,2.03832873387591,1,L1,1,5357,chr7_42938543_G_C_b38_G__dominant,chr7_42938543_G_C_b38_G,dominant,0.0170538987198376,104,329,90,16,/project2/mstephens/wdenault/susie_mix/results_em/iteration_012/plot/one_cs_dominant/expression/C7orf25_Blood_add_vs_mix.png
TADA2A,Skin,dominant,plotted,Four-panel SuSiE / EM 12 SuSiE-mix comparison created,weighted_fit_mix,1,L1,1,650,chr17_37485474_A_G_b38_A,chr17_37485474_A_G_b38_A,additive,0.140282982682035,42,Single credible-set lead,236,227,59,FALSE,"Different lead SNP (28.616 kb apart, GRCh38); coding change: additive -> dominant",-719.583705026846,-716.208922782008,6.74956448967578,1,L1,1,3385,chr17_37514090_A_G_b38_A__dominant,chr17_37514090_A_G_b38_A,dominant,0.0513468337569599,74,236,228,58,/project2/mstephens/wdenault/susie_mix/results_em/iteration_012/plot/one_cs_dominant/expression/TADA2A_Skin_add_vs_mix.png
LBHD1,Breast,dominant,plotted,Four-panel SuSiE / EM 12 SuSiE-mix comparison created,weighted_fit_mix,1,L1,1,911,chr11_62656384_C_G_b38_C,chr11_62656384_C_G_b38_C,additive,0.10427182265516,38,Single credible-set lead,123,117,29,FALSE,"Different lead SNP (23.707 kb apart, GRCh38); coding change: additive -> dominant",-367.26838391656,-365.368892258609,3.79898331590266,1,L1,1,4129,chr11_62680091_C_A_b38_C__dominant,chr11_62680091_C_A_b38_C,dominant,0.150939114344849,59,133,113,23,/project2/mstephens/wdenault/susie_mix/results_em/iteration_012/plot/one_cs_dominant/expression/LBHD1_Breast_add_vs_mix.png
ISOC1,Testis,dominant,plotted,Four-panel SuSiE / EM 12 SuSiE-mix comparison created,weighted_fit_mix,1,L1,1,1148,chr5_128957460_G_T_b38_G,chr5_128957460_G_T_b38_G,additive,0.012954285492739,308,Single credible-set lead,99,97,15,FALSE,"Different lead SNP (20.746 kb apart, GRCh38); coding change: additive -> dominant",-283.853252608389,-281.44914408747,4.8082170418387,1,L1,1,5725,chr5_128936714_T_A_b38_T__dominant,chr5_128936714_T_A_b38_T,dominant,0.0060862187128421,537,100,96,15,/project2/mstephens/wdenault/susie_mix/results_em/iteration_012/plot/one_cs_dominant/expression/ISOC1_Testis_add_vs_mix.png
CNGA1,Colon,dominant,plotted,Four-panel SuSiE / EM 12 SuSiE-mix comparison created,weighted_fit_mix,1,L1,1,750,chr4_47858375_C_T_b38_C,chr4_47858375_C_T_b38_C,additive,0.040729510238818,33,Single credible-set lead,184,121,27,FALSE,"Different lead SNP (20.463 kb apart, GRCh38); coding change: additive -> dominant",-448.674654130057,-446.308074733334,4.73315879344477,1,L1,1,4840,chr4_47837912_C_T_b38_C__dominant,chr4_47837912_C_T_b38_C,dominant,0.0716149483761764,52,185,119,28,/project2/mstephens/wdenault/susie_mix/results_em/iteration_012/plot/one_cs_dominant/expression/CNGA1_Colon_add_vs_mix.png
GGCX,Spleen,dominant,plotted,Four-panel SuSiE / EM 12 SuSiE-mix comparison created,weighted_fit_mix,1,L1,1,1150,chr2_85534156_A_T_b38_A,chr2_85534156_A_T_b38_A,additive,0.0411894795330867,44,Single credible-set lead,36,70,40,FALSE,"Different lead SNP (19.907 kb apart, GRCh38); coding change: additive -> dominant",-189.750749866792,-187.650133893494,4.20123194659675,1,L1,1,4829,chr2_85514249_A_G_b38_A__dominant,chr2_85514249_A_G_b38_A,dominant,0.044103780446234,79,43,70,33,/project2/mstephens/wdenault/susie_mix/results_em/iteration_012/plot/one_cs_dominant/expression/GGCX_Spleen_add_vs_mix.png
LDHAL6A,Testis,dominant,plotted,Four-panel SuSiE / EM 12 SuSiE-mix comparison created,weighted_fit_mix,1,L1,1,1059,chr11_18400136_C_A_b38_C,chr11_18400136_C_A_b38_C,additive,0.282101837264158,10,Single credible-set lead,162,47,2,FALSE,"Different lead SNP (19.816 kb apart, GRCh38); coding change: additive -> dominant",-272.320580057388,-270.575291187529,3.49057773971788,1,L1,1,5369,chr11_18380320_A_G_b38_A__dominant,chr11_18380320_A_G_b38_A,dominant,0.158096445926947,19,165,43,3,/project2/mstephens/wdenault/susie_mix/results_em/iteration_012/plot/one_cs_dominant/expression/LDHAL6A_Testis_add_vs_mix.png
RBM6,Adipose Tissue,dominant,plotted,Four-panel SuSiE / EM 12 SuSiE-mix comparison created,weighted_fit_mix,1,L1,1,625,chr3_49984646_G_A_b38_G,chr3_49984646_G_A_b38_G,additive,0.0501507674765102,88,Single credible-set lead,202,203,65,FALSE,"Different lead SNP (16.585 kb apart, GRCh38); coding change: additive -> dominant",-649.182481337958,-647.320603750368,3.7237551751798,1,L1,1,2519,chr3_50001231_G_A_b38_G__dominant,chr3_50001231_G_A_b38_G,dominant,0.103947455357929,146,122,232,116,/project2/mstephens/wdenault/susie_mix/results_em/iteration_012/plot/one_cs_dominant/expression/RBM6_Adipose_Tissue_add_vs_mix.png
VNN2,Adipose Tissue,dominant,plotted,Four-panel SuSiE / EM 12 SuSiE-mix comparison created,weighted_fit_mix,1,L1,1,1095,chr6_132733044_T_G_b38_T,chr6_132733044_T_G_b38_T,additive,0.178922100855364,12,Single credible-set lead,125,224,121,FALSE,"Different lead SNP (14.41 kb apart, GRCh38); coding change: additive -> dominant",-639.631336242287,-637.88613581419,3.49040085619436,1,L1,1,4962,chr6_132747454_C_T_b38_C__dominant,chr6_132747454_C_T_b38_C,dominant,0.118683534983891,14,167,207,96,/project2/mstephens/wdenault/susie_mix/results_em/iteration_012/plot/one_cs_dominant/expression/VNN2_Adipose_Tissue_add_vs_mix.png
VNN2,Blood Vessel,dominant,plotted,Four-panel SuSiE / EM 12 SuSiE-mix comparison created,weighted_fit_mix,1,L1,1,1102,chr6_132734097_G_A_b38_G,chr6_132734097_G_A_b38_G,additive,0.128941361143578,13,Single credible-set lead,148,200,102,FALSE,"Different lead SNP (4.278 kb apart, GRCh38); coding change: additive -> dominant",-613.538161911206,-611.380809842226,4.3147041379591,1,L1,1,4937,chr6_132738375_T_C_b38_T__dominant,chr6_132738375_T_C_b38_T,dominant,0.117004385373682,25,141,202,107,/project2/mstephens/wdenault/susie_mix/results_em/iteration_012/plot/one_cs_dominant/expression/VNN2_Blood_Vessel_add_vs_mix.png
NAPRT,Blood Vessel,dominant,plotted,Four-panel SuSiE / EM 12 SuSiE-mix comparison created,weighted_fit_mix,2,L1,1,1444,chr8_143580905_G_A_b38_G,chr8_143580905_G_A_b38_G,additive,0.999999971422649,1,Highest-PIP credible-set lead,312,119,19,FALSE,"Different lead SNP (13.787 kb apart, GRCh38); coding change: additive -> dominant",-560.588019661177,-581.291199836983,-41.4063603516124,1,L1,1,5700,chr8_143594692_C_T_b38_C__dominant,chr8_143594692_C_T_b38_C,dominant,0.173749678363244,8,247,150,53,/project2/mstephens/wdenault/susie_mix/results_em/iteration_012/plot/one_cs_dominant/expression/NAPRT_Blood_Vessel_add_vs_mix.png
GOSR2,Skin,dominant,plotted,Four-panel SuSiE / EM 12 SuSiE-mix comparison created,weighted_fit_mix,1,L1,1,399,chr17_46946691_C_T_b38_C,chr17_46946691_C_T_b38_C,additive,0.127119941041447,31,Single credible-set lead,206,254,62,FALSE,"Different lead SNP (13.336 kb apart, GRCh38); coding change: additive -> dominant",-724.326252562114,-723.032567015551,2.58737109312597,1,L1,1,3025,chr17_46933355_G_A_b38_G__dominant,chr17_46933355_G_A_b38_G,dominant,0.125119450939052,50,187,260,75,/project2/mstephens/wdenault/susie_mix/results_em/iteration_012/plot/one_cs_dominant/expression/GOSR2_Skin_add_vs_mix.png
CHST9,Heart,dominant,plotted,Four-panel SuSiE / EM 12 SuSiE-mix comparison created,weighted_fit_mix,1,L1,1,858,chr18_27047712_A_G_b38_A,chr18_27047712_A_G_b38_A,additive,0.101360483739915,16,Single credible-set lead,105,152,74,FALSE,"Different lead SNP (13.209 kb apart, GRCh38); coding change: additive -> dominant",-448.556847532065,-444.509679777483,8.09433550916435,1,L1,1,4343,chr18_27060921_C_T_b38_C__dominant,chr18_27060921_C_T_b38_C,dominant,0.15465862920622,25,121,141,69,/project2/mstephens/wdenault/susie_mix/results_em/iteration_012/plot/one_cs_dominant/expression/CHST9_Heart_add_vs_mix.png
THOC3,Spleen,dominant,plotted,Four-panel SuSiE / EM 12 SuSiE-mix comparison created,weighted_fit_mix,1,L1,1,688,chr5_175954052_A_G_b38_A,chr5_175954052_A_G_b38_A,additive,0.615676219874813,3,Single credible-set lead,96,49,1,FALSE,"Different lead SNP (12.772 kb apart, GRCh38); coding change: additive -> dominant",-181.412638754909,-179.662556509607,3.5001644906028,1,L1,1,3039,chr5_175966824_T_C_b38_T__dominant,chr5_175966824_T_C_b38_T,dominant,0.437461352298087,4,90,53,3,/project2/mstephens/wdenault/susie_mix/results_em/iteration_012/plot/one_cs_dominant/expression/THOC3_Spleen_add_vs_mix.png
THOC3,Adrenal Gland,dominant,plotted,Four-panel SuSiE / EM 12 SuSiE-mix comparison created,weighted_fit_mix,1,L1,1,694,chr5_175966824_T_C_b38_T,chr5_175966824_T_C_b38_T,additive,0.765202476802242,6,Single credible-set lead,95,44,2,TRUE,Same lead SNP; coding change only: additive -> dominant,-176.006363064965,-174.338910798093,3.33490453374452,1,L1,1,3035,chr5_175966824_T_C_b38_T__dominant,chr5_175966824_T_C_b38_T,dominant,0.500639423368312,4,95,44,2,/project2/mstephens/wdenault/susie_mix/results_em/iteration_012/plot/one_cs_dominant/expression/THOC3_Adrenal_Gland_add_vs_mix.png
ZFP1,Thyroid,dominant,plotted,Four-panel SuSiE / EM 12 SuSiE-mix comparison created,weighted_fit_mix,1,L1,1,1201,chr16_75138442_A_G_b38_A,chr16_75138442_A_G_b38_A,additive,0.0948899459184216,36,Single credible-set lead,131,181,78,FALSE,"Different lead SNP (11.974 kb apart, GRCh38); coding change: additive -> dominant",-533.512492653094,-530.19016944843,6.64464640932897,1,L1,1,5603,chr16_75126468_A_G_b38_A__dominant,chr16_75126468_A_G_b38_A,dominant,0.056025504722194,61,183,159,48,/project2/mstephens/wdenault/susie_mix/results_em/iteration_012/plot/one_cs_dominant/expression/ZFP1_Thyroid_add_vs_mix.png
ZC3H3,Liver,dominant,plotted,Four-panel SuSiE / EM 12 SuSiE-mix comparison created,weighted_fit_mix,1,L1,1,1440,chr8_143547232_T_A_b38_T,chr8_143547232_T_A_b38_T,additive,0.132982845617028,12,Single credible-set lead,33,70,37,FALSE,"Different lead SNP (11.711 kb apart, GRCh38); coding change: additive -> dominant",-163.087396709162,-153.944423421751,18.2859465748228,1,L1,1,5182,chr8_143535521_A_G_b38_A__dominant,chr8_143535521_A_G_b38_A,dominant,0.0953013360608381,10,39,70,31,/project2/mstephens/wdenault/susie_mix/results_em/iteration_012/plot/one_cs_dominant/expression/ZC3H3_Liver_add_vs_mix.png
KREMEN1,Thyroid,dominant,plotted,Four-panel SuSiE / EM 12 SuSiE-mix comparison created,weighted_fit_mix,1,L1,1,803,chr22_29099266_G_A_b38_G,chr22_29099266_G_A_b38_G,additive,0.229579284515534,38,Single credible-set lead,217,138,35,FALSE,"Different lead SNP (10.829 kb apart, GRCh38); coding change: additive -> dominant",-536.748505181793,-533.644933495939,6.20714337170648,1,L1,1,3653,chr22_29088437_G_T_b38_G__dominant,chr22_29088437_G_T_b38_G,dominant,0.174647143525776,49,217,137,36,/project2/mstephens/wdenault/susie_mix/results_em/iteration_012/plot/one_cs_dominant/expression/KREMEN1_Thyroid_add_vs_mix.png
MISP3,Testis,dominant,plotted,Four-panel SuSiE / EM 12 SuSiE-mix comparison created,weighted_fit_mix,1,L1,1,608,chr19_13908521_T_C_b38_T,chr19_13908521_T_C_b38_T,additive,0.103220164896099,53,Single credible-set lead,120,70,21,FALSE,"Different lead SNP (9.935 kb apart, GRCh38); coding change: additive -> dominant",-279.141986712759,-276.538574037759,5.20682535000049,1,L1,1,3840,chr19_13918456_A_C_b38_A__dominant,chr19_13918456_A_C_b38_A,dominant,0.0626836765359498,100,125,63,23,/project2/mstephens/wdenault/susie_mix/results_em/iteration_012/plot/one_cs_dominant/expression/MISP3_Testis_add_vs_mix.png
PPIE,Blood,dominant,plotted,Four-panel SuSiE / EM 12 SuSiE-mix comparison created,weighted_fit_mix,1,L1,1,832,chr1_39751586_T_C_b38_T,chr1_39751586_T_C_b38_T,additive,0.0892915750323264,19,Single credible-set lead,186,197,52,FALSE,"Different lead SNP (6.79 kb apart, GRCh38); coding change: additive -> dominant",-598.811388315257,-597.613129763748,2.39651710301791,1,L1,1,3821,chr1_39744796_G_C_b38_G__dominant,chr1_39744796_G_C_b38_G,dominant,0.0429209510700219,37,186,196,53,/project2/mstephens/wdenault/susie_mix/results_em/iteration_012/plot/one_cs_dominant/expression/PPIE_Blood_add_vs_mix.png
TNS2,Blood Vessel,dominant,plotted,Four-panel SuSiE / EM 12 SuSiE-mix comparison created,weighted_fit_mix,1,L1,1,1399,chr12_53049494_T_G_b38_T,chr12_53049494_T_G_b38_T,additive,0.363035863060775,7,Single credible-set lead,135,202,113,FALSE,"Different lead SNP (6.722 kb apart, GRCh38); coding change: additive -> dominant",-619.564121012003,-616.449126471698,6.22998908061004,1,L1,1,5016,chr12_53056216_C_T_b38_C__dominant,chr12_53056216_C_T_b38_C,dominant,0.451471054800954,15,159,212,79,/project2/mstephens/wdenault/susie_mix/results_em/iteration_012/plot/one_cs_dominant/expression/TNS2_Blood_Vessel_add_vs_mix.png
TREML4,Blood,dominant,plotted,Four-panel SuSiE / EM 12 SuSiE-mix comparison created,weighted_fit_mix,1,L1,1,968,chr6_41228867_T_C_b38_T,chr6_41228867_T_C_b38_T,additive,0.0621662932719636,28,Single credible-set lead,256,154,25,FALSE,"Different lead SNP (5.704 kb apart, GRCh38); coding change: additive -> dominant",-503.228141207403,-485.027402909027,36.4014765967527,1,L1,1,4912,chr6_41223163_C_T_b38_C__dominant,chr6_41223163_C_T_b38_C,dominant,0.0382123393323922,29,256,154,25,/project2/mstephens/wdenault/susie_mix/results_em/iteration_012/plot/one_cs_dominant/expression/TREML4_Blood_add_vs_mix.png
ANO7,Brain,dominant,plotted,Four-panel SuSiE / EM 12 SuSiE-mix comparison created,weighted_fit_mix,1,L1,1,1316,chr2_241217826_G_A_b38_G,chr2_241217826_G_A_b38_G,additive,0.550644619646655,4,Single credible-set lead,186,63,8,FALSE,"Different lead SNP (4.758 kb apart, GRCh38); coding change: additive -> dominant",-339.105062291854,-337.059817352408,4.09048987889094,1,L1,1,5665,chr2_241222584_G_T_b38_G__dominant,chr2_241222584_G_T_b38_G,dominant,0.518478980218098,6,186,62,9,/project2/mstephens/wdenault/susie_mix/results_em/iteration_012/plot/one_cs_dominant/expression/ANO7_Brain_add_vs_mix.png
C1GALT1,Blood Vessel,dominant,plotted,Four-panel SuSiE / EM 12 SuSiE-mix comparison created,weighted_fit_mix,1,L1,1,2143,chr7_7187064_G_C_b38_G,chr7_7187064_G_C_b38_G,additive,0.274575310467582,12,Single credible-set lead,146,207,97,FALSE,"Different lead SNP (4.727 kb apart, GRCh38); coding change: additive -> dominant",-621.938470157811,-614.630678789632,14.6155827363591,1,L1,1,8384,chr7_7182337_T_G_b38_T__dominant,chr7_7182337_T_G_b38_T,dominant,0.417357941940439,10,141,211,98,/project2/mstephens/wdenault/susie_mix/results_em/iteration_012/plot/one_cs_dominant/expression/C1GALT1_Blood_Vessel_add_vs_mix.png
KCNK2,Ovary,dominant,plotted,Four-panel SuSiE / EM 12 SuSiE-mix comparison created,weighted_fit_mix,1,L1,1,1176,chr1_215017050_G_A_b38_G,chr1_215017050_G_A_b38_G,additive,0.0471986976462568,64,Single credible-set lead,32,45,29,FALSE,"Different lead SNP (4.403 kb apart, GRCh38); coding change: additive -> dominant",-133.240390941774,-128.921260748376,8.63826038679616,1,L1,1,3915,chr1_215021453_C_T_b38_C__dominant,chr1_215021453_C_T_b38_C,dominant,0.0308473735399659,87,32,44,30,/project2/mstephens/wdenault/susie_mix/results_em/iteration_012/plot/one_cs_dominant/expression/KCNK2_Ovary_add_vs_mix.png
CPXM1,Spleen,dominant,plotted,Four-panel SuSiE / EM 12 SuSiE-mix comparison created,weighted_fit_mix,1,L1,1,1536,chr20_2820394_C_A_b38_C,chr20_2820394_C_A_b38_C,additive,0.970753862284256,1,Single credible-set lead,68,69,9,FALSE,"Different lead SNP (4.025 kb apart, GRCh38); coding change: additive -> dominant",-179.314040093524,-177.579972550411,3.46813508622506,1,L1,1,5439,chr20_2816369_G_A_b38_G__dominant,chr20_2816369_G_A_b38_G,dominant,0.510215700076915,3,48,54,44,/project2/mstephens/wdenault/susie_mix/results_em/iteration_012/plot/one_cs_dominant/expression/CPXM1_Spleen_add_vs_mix.png
WFIKKN1,Ovary,dominant,plotted,Four-panel SuSiE / EM 12 SuSiE-mix comparison created,weighted_fit_mix,1,L1,1,1140,chr16_625215_G_A_b38_G,chr16_625215_G_A_b38_G,additive,0.0705521216380722,20,Single credible-set lead,62,35,9,FALSE,"Different lead SNP (3.175 kb apart, GRCh38); coding change: additive -> dominant",-131.154672133689,-124.636280364445,13.0367835384885,1,L1,1,5435,chr16_622040_G_A_b38_G__dominant,chr16_622040_G_A_b38_G,dominant,0.0738052530988581,13,62,36,8,/project2/mstephens/wdenault/susie_mix/results_em/iteration_012/plot/one_cs_dominant/expression/WFIKKN1_Ovary_add_vs_mix.png
WFIKKN1,Pancreas,dominant,plotted,Four-panel SuSiE / EM 12 SuSiE-mix comparison created,weighted_fit_mix,1,L1,1,1140,chr16_625215_G_A_b38_G,chr16_625215_G_A_b38_G,additive,0.241702120415341,4,Single credible-set lead,112,56,12,TRUE,Same lead SNP; coding change only: additive -> dominant,-213.509055035948,-209.549470374169,7.91916932355838,1,L1,1,5686,chr16_625215_G_A_b38_G__dominant,chr16_625215_G_A_b38_G,dominant,0.207485759922412,8,112,56,12,/project2/mstephens/wdenault/susie_mix/results_em/iteration_012/plot/one_cs_dominant/expression/WFIKKN1_Pancreas_add_vs_mix.png
WFIKKN1,Skin,dominant,plotted,Four-panel SuSiE / EM 12 SuSiE-mix comparison created,weighted_fit_mix,1,L1,1,1140,chr16_625215_G_A_b38_G,chr16_625215_G_A_b38_G,additive,0.225983768568018,20,Single credible-set lead,315,169,38,TRUE,Same lead SNP; coding change only: additive -> dominant,-723.723381444071,-714.730861234147,17.9850404198487,1,L1,1,6177,chr16_625215_G_A_b38_G__dominant,chr16_625215_G_A_b38_G,dominant,0.607514506413895,10,315,169,38,/project2/mstephens/wdenault/susie_mix/results_em/iteration_012/plot/one_cs_dominant/expression/WFIKKN1_Skin_add_vs_mix.png
TLCD2,Muscle,dominant,plotted,Four-panel SuSiE / EM 12 SuSiE-mix comparison created,weighted_fit_mix,1,L1,1,1512,chr17_1714314_T_C_b38_T,chr17_1714314_T_C_b38_T,additive,0.195476761069669,6,Single credible-set lead,228,208,41,FALSE,"Different lead SNP (3.126 kb apart, GRCh38); coding change: additive -> dominant",-656.377596884528,-652.303486985556,8.14821979794306,1,L1,1,6465,chr17_1717440_A_G_b38_A__dominant,chr17_1717440_A_G_b38_A,dominant,0.192842640779233,10,225,210,42,/project2/mstephens/wdenault/susie_mix/results_em/iteration_012/plot/one_cs_dominant/expression/TLCD2_Muscle_add_vs_mix.png
CEP104,Adrenal Gland,dominant,plotted,Four-panel SuSiE / EM 12 SuSiE-mix comparison created,weighted_fit_mix,1,L1,1,1384,chr1_3846325_C_T_b38_C,chr1_3846325_C_T_b38_C,additive,0.0816897907800138,44,Single credible-set lead,74,62,5,FALSE,"Different lead SNP (2.866 kb apart, GRCh38); coding change: additive -> dominant",-180.934622249271,-180.506237369229,0.856769760085797,1,L1,1,6448,chr1_3849191_T_C_b38_T__dominant,chr1_3849191_T_C_b38_T,dominant,0.0824433062747381,75,61,65,15,/project2/mstephens/wdenault/susie_mix/results_em/iteration_012/plot/one_cs_dominant/expression/CEP104_Adrenal_Gland_add_vs_mix.png
TMEM220,Stomach,dominant,plotted,Four-panel SuSiE / EM 12 SuSiE-mix comparison created,weighted_fit_mix,1,L1,1,1127,chr17_10732788_G_C_b38_G,chr17_10732788_G_C_b38_G,additive,0.0662993904000111,79,Single credible-set lead,52,106,31,FALSE,"Different lead SNP (2.747 kb apart, GRCh38); coding change: additive -> dominant",-252.168828045252,-243.732730178811,16.8721957328813,1,L1,1,4631,chr17_10730041_C_T_b38_C__dominant,chr17_10730041_C_T_b38_C,dominant,0.246325195723326,46,51,102,36,/project2/mstephens/wdenault/susie_mix/results_em/iteration_012/plot/one_cs_dominant/expression/TMEM220_Stomach_add_vs_mix.png
TPSD1,Small Intestine,dominant,plotted,Four-panel SuSiE / EM 12 SuSiE-mix comparison created,weighted_fit_mix,1,L1,1,1622,chr16_1247809_A_G_b38_A,chr16_1247809_A_G_b38_A,additive,0.296663991744416,4,Single credible-set lead,29,55,31,FALSE,"Different lead SNP (1.992 kb apart, GRCh38); coding change: additive -> dominant",-130.321003808807,-120.926450148072,18.7891073214703,1,L1,1,5874,chr16_1245817_T_A_b38_T__dominant,chr16_1245817_T_A_b38_T,dominant,0.998260661215189,1,36,53,26,/project2/mstephens/wdenault/susie_mix/results_em/iteration_012/plot/one_cs_dominant/expression/TPSD1_Small_Intestine_add_vs_mix.png
TPSD1,Esophagus,dominant,plotted,Four-panel SuSiE / EM 12 SuSiE-mix comparison created,weighted_fit_mix,1,L1,1,1598,chr16_1244024_A_G_b38_A,chr16_1244024_A_G_b38_A,additive,0.496536350611273,4,Single credible-set lead,108,188,116,TRUE,Same lead SNP; coding change only: additive -> dominant,-506.233441400257,-494.019815882632,24.427251035249,1,L1,1,6528,chr16_1244024_A_G_b38_A__dominant,chr16_1244024_A_G_b38_A,dominant,0.73337384677968,2,108,188,116,/project2/mstephens/wdenault/susie_mix/results_em/iteration_012/plot/one_cs_dominant/expression/TPSD1_Esophagus_add_vs_mix.png
TPSD1,Lung,dominant,plotted,Four-panel SuSiE / EM 12 SuSiE-mix comparison created,weighted_fit_mix,1,L1,1,1604,chr16_1244821_A_G_b38_A,chr16_1244821_A_G_b38_A,additive,0.439698198844397,4,Single credible-set lead,91,145,87,TRUE,Same lead SNP; coding change only: additive -> dominant,-354.987150788943,-347.151192220968,15.671917135951,1,L1,1,6406,chr16_1244821_A_G_b38_A__dominant,chr16_1244821_A_G_b38_A,dominant,0.577859267632425,3,91,145,87,/project2/mstephens/wdenault/susie_mix/results_em/iteration_012/plot/one_cs_dominant/expression/TPSD1_Lung_add_vs_mix.png
TPSD1,Nerve,dominant,plotted,Four-panel SuSiE / EM 12 SuSiE-mix comparison created,weighted_fit_mix,1,L1,1,1598,chr16_1244024_A_G_b38_A,chr16_1244024_A_G_b38_A,additive,0.731182428045185,3,Single credible-set lead,106,153,95,TRUE,Same lead SNP; coding change only: additive -> dominant,-400.409081081022,-394.581913911558,11.6543343389294,1,L1,1,6384,chr16_1244024_A_G_b38_A__dominant,chr16_1244024_A_G_b38_A,dominant,0.90377632480705,2,106,153,95,/project2/mstephens/wdenault/susie_mix/results_em/iteration_012/plot/one_cs_dominant/expression/TPSD1_Nerve_add_vs_mix.png
AMACR,Blood,dominant,plotted,Four-panel SuSiE / EM 12 SuSiE-mix comparison created,weighted_fit_mix,1,L1,1,1145,chr5_34003078_C_G_b38_C,chr5_34003078_C_G_b38_C,additive,0.19367552220059,9,Single credible-set lead,324,103,8,FALSE,"Different lead SNP (1.858 kb apart, GRCh38); coding change: additive -> dominant",-583.878136382028,-581.12898314743,5.49830646919554,1,L1,1,5091,chr5_34001220_G_A_b38_G__dominant,chr5_34001220_G_A_b38_G,dominant,0.120625780769068,15,326,102,7,/project2/mstephens/wdenault/susie_mix/results_em/iteration_012/plot/one_cs_dominant/expression/AMACR_Blood_add_vs_mix.png
IL1RL1,Brain,dominant,plotted,Four-panel SuSiE / EM 12 SuSiE-mix comparison created,weighted_fit_mix,1,L1,1,1023,chr2_102303577_T_C_b38_T,chr2_102303577_T_C_b38_T,additive,0.117149606025778,22,Single credible-set lead,75,125,57,FALSE,"Different lead SNP (1.436 kb apart, GRCh38); coding change: additive -> dominant",-339.671099560462,-335.80300163892,7.73619584308483,1,L1,1,5330,chr2_102302141_C_G_b38_C__dominant,chr2_102302141_C_G_b38_C,dominant,0.0554327417788532,30,75,124,58,/project2/mstephens/wdenault/susie_mix/results_em/iteration_012/plot/one_cs_dominant/expression/IL1RL1_Brain_add_vs_mix.png
CDH20,Muscle,dominant,plotted,Four-panel SuSiE / EM 12 SuSiE-mix comparison created,weighted_fit_mix,1,L1,1,704,chr18_61334469_A_T_b38_A,chr18_61334469_A_T_b38_A,additive,0.546424677527412,2,Single credible-set lead,219,211,47,FALSE,"Different lead SNP (593 bp apart, GRCh38); coding change: additive -> dominant",-655.453751338655,-653.921864415524,3.06377384626217,1,L1,1,3854,chr18_61335062_A_G_b38_A__dominant,chr18_61335062_A_G_b38_A,dominant,0.374343789930814,4,239,204,34,/project2/mstephens/wdenault/susie_mix/results_em/iteration_012/plot/one_cs_dominant/expression/CDH20_Muscle_add_vs_mix.png
CLEC12A,Adipose Tissue,dominant,plotted,Four-panel SuSiE / EM 12 SuSiE-mix comparison created,weighted_fit_mix,1,L1,1,1209,chr12_9965254_T_C_b38_T,chr12_9965254_T_C_b38_T,additive,0.210559558809315,9,Single credible-set lead,248,194,28,FALSE,"Different lead SNP (484 bp apart, GRCh38); coding change: additive -> dominant",-543.710395986046,-531.705696385845,24.0093992004026,1,L1,1,5801,chr12_9964770_A_T_b38_A__dominant,chr12_9964770_A_T_b38_A,dominant,0.139599512400107,11,242,192,36,/project2/mstephens/wdenault/susie_mix/results_em/iteration_012/plot/one_cs_dominant/expression/CLEC12A_Adipose_Tissue_add_vs_mix.png
CLEC12A,Blood,dominant,plotted,Four-panel SuSiE / EM 12 SuSiE-mix comparison created,weighted_fit_mix,1,L1,1,1208,chr12_9965184_T_C_b38_T,chr12_9965184_T_C_b38_T,additive,0.135811258029018,13,Single credible-set lead,223,179,33,FALSE,"Different lead SNP (70 bp apart, GRCh38); coding change: additive -> dominant",-564.789972078888,-562.310575782563,4.9587925926503,1,L1,1,5774,chr12_9965254_T_C_b38_T__dominant,chr12_9965254_T_C_b38_T,dominant,0.0843624851431175,24,227,180,28,/project2/mstephens/wdenault/susie_mix/results_em/iteration_012/plot/one_cs_dominant/expression/CLEC12A_Blood_add_vs_mix.png
AOC1,Liver,dominant,plotted,Four-panel SuSiE / EM 12 SuSiE-mix comparison created,weighted_fit_mix,1,L1,1,1735,chr7_150826456_A_G_b38_A,chr7_150826456_A_G_b38_A,additive,0.332717823562568,4,Single credible-set lead,43,68,29,FALSE,"Different lead SNP (483 bp apart, GRCh38); coding change: additive -> dominant",-149.728830655474,-146.11626941621,7.22512247852774,1,L1,1,6563,chr7_150825973_A_G_b38_A__dominant,chr7_150825973_A_G_b38_A,dominant,0.288415911400532,6,43,67,30,/project2/mstephens/wdenault/susie_mix/results_em/iteration_012/plot/one_cs_dominant/expression/AOC1_Liver_add_vs_mix.png
AOC1,Blood,dominant,plotted,Four-panel SuSiE / EM 12 SuSiE-mix comparison created,weighted_fit_mix,1,L1,1,1548,chr7_150780504_T_G_b38_T,chr7_150780504_T_G_b38_T,additive,0.123902815185966,8,Single credible-set lead,183,197,55,TRUE,Same lead SNP; coding change only: additive -> dominant,-521.654780117191,-509.572314493971,24.1649312464393,1,L1,1,6954,chr7_150780504_T_G_b38_T__dominant,chr7_150780504_T_G_b38_T,dominant,0.124767941876172,8,183,197,55,/project2/mstephens/wdenault/susie_mix/results_em/iteration_012/plot/one_cs_dominant/expression/AOC1_Blood_add_vs_mix.png
ZDHHC11B,Colon,dominant,plotted,Four-panel SuSiE / EM 12 SuSiE-mix comparison created,weighted_fit_mix,1,L1,1,1367,chr5_778901_C_T_b38_C,chr5_778901_C_T_b38_C,additive,0.634119348161967,4,Single credible-set lead,191,135,6,FALSE,"Different lead SNP (413 bp apart, GRCh38); coding change: additive -> dominant",-451.187612669558,-449.658817334218,3.05759067067925,1,L1,1,5509,chr5_778488_G_A_b38_G__dominant,chr5_778488_G_A_b38_G,dominant,0.395159095073272,5,191,137,4,/project2/mstephens/wdenault/susie_mix/results_em/iteration_012/plot/one_cs_dominant/expression/ZDHHC11B_Colon_add_vs_mix.png
ACKR1,Spleen,dominant,plotted,Four-panel SuSiE / EM 12 SuSiE-mix comparison created,weighted_fit_mix,1,L1,1,779,chr1_158933969_T_G_b38_T,chr1_158933969_T_G_b38_T,additive,0.682979190777562,18,Single credible-set lead,123,19,4,TRUE,Same lead SNP; coding change only: additive -> dominant,-191.807928561274,-188.825317394578,5.96522233339135,1,L1,1,4394,chr1_158933969_T_G_b38_T__dominant,chr1_158933969_T_G_b38_T,dominant,0.604515011485041,4,123,19,4,/project2/mstephens/wdenault/susie_mix/results_em/iteration_012/plot/one_cs_dominant/expression/ACKR1_Spleen_add_vs_mix.png
ADAMTS18,Brain,dominant,plotted,Four-panel SuSiE / EM 12 SuSiE-mix comparison created,weighted_fit_mix,1,L1,1,1490,chr16_77355191_T_A_b38_T,chr16_77355191_T_A_b38_T,additive,0.099366013773389,22,Single credible-set lead,89,126,42,TRUE,Same lead SNP; coding change only: additive -> dominant,-349.07522564325,-345.104544671846,7.94136194280873,1,L1,1,8087,chr16_77355191_T_A_b38_T__dominant,chr16_77355191_T_A_b38_T,dominant,0.109543911895559,33,89,126,42,/project2/mstephens/wdenault/susie_mix/results_em/iteration_012/plot/one_cs_dominant/expression/ADAMTS18_Brain_add_vs_mix.png
ADCY3,Blood,dominant,plotted,Four-panel SuSiE / EM 12 SuSiE-mix comparison created,weighted_fit_mix,1,L1,1,673,chr2_24874203_G_C_b38_G,chr2_24874203_G_C_b38_G,additive,0.084955523034159,52,Single credible-set lead,127,204,104,TRUE,Same lead SNP; coding change only: additive -> dominant,-577.07143920516,-573.804244535604,6.53438933911252,1,L1,1,3695,chr2_24874203_G_C_b38_G__dominant,chr2_24874203_G_C_b38_G,dominant,0.0627463562911022,63,127,204,104,/project2/mstephens/wdenault/susie_mix/results_em/iteration_012/plot/one_cs_dominant/expression/ADCY3_Blood_add_vs_mix.png
ADD2,Nerve,dominant,plotted,Four-panel SuSiE / EM 12 SuSiE-mix comparison created,weighted_fit_mix,1,L1,1,1379,chr2_70739788_C_A_b38_C,chr2_70739788_C_A_b38_C,additive,0.333236150696768,3,Single credible-set lead,260,88,6,TRUE,Same lead SNP; coding change only: additive -> dominant,-396.037725303365,-393.019413645529,6.03662331567341,1,L1,1,6456,chr2_70739788_C_A_b38_C__dominant,chr2_70739788_C_A_b38_C,dominant,0.273530758450516,6,260,88,6,/project2/mstephens/wdenault/susie_mix/results_em/iteration_012/plot/one_cs_dominant/expression/ADD2_Nerve_add_vs_mix.png
AIF1L,Blood Vessel,dominant,plotted,Four-panel SuSiE / EM 12 SuSiE-mix comparison created,weighted_fit_mix,1,L1,1,1111,chr9_131101000_C_T_b38_C,chr9_131101000_C_T_b38_C,additive,0.378049529856546,6,Single credible-set lead,125,217,108,TRUE,Same lead SNP; coding change only: additive -> dominant,-623.273531806041,-620.557640841249,5.43178192958385,1,L1,1,4767,chr9_131101000_C_T_b38_C__dominant,chr9_131101000_C_T_b38_C,dominant,0.239303812542039,10,125,217,108,/project2/mstephens/wdenault/susie_mix/results_em/iteration_012/plot/one_cs_dominant/expression/AIF1L_Blood_Vessel_add_vs_mix.png
AMTN,Salivary Gland,dominant,plotted,Four-panel SuSiE / EM 12 SuSiE-mix comparison created,weighted_fit_mix,1,L1,1,1574,chr4_70517222_A_G_b38_A,chr4_70517222_A_G_b38_A,additive,0.0701571701171349,14,Single credible-set lead,47,51,13,TRUE,Same lead SNP; coding change only: additive -> dominant,-140.895230823221,-137.866288759645,6.05788412715305,1,L1,1,4395,chr4_70517222_A_G_b38_A__dominant,chr4_70517222_A_G_b38_A,dominant,0.0594551285377566,25,47,51,13,/project2/mstephens/wdenault/susie_mix/results_em/iteration_012/plot/one_cs_dominant/expression/AMTN_Salivary_Gland_add_vs_mix.png
AMZ1,Lung,dominant,plotted,Four-panel SuSiE / EM 12 SuSiE-mix comparison created,weighted_fit_mix,1,L1,1,1265,chr7_2694042_A_G_b38_A,chr7_2694042_A_G_b38_A,additive,0.999996316173995,1,Single credible-set lead,179,127,17,TRUE,Same lead SNP; coding change only: additive -> dominant,-364.47151611535,-355.61211069793,17.7188108348394,1,L1,1,6694,chr7_2694042_A_G_b38_A__dominant,chr7_2694042_A_G_b38_A,dominant,0.998447159793236,1,179,127,17,/project2/mstephens/wdenault/susie_mix/results_em/iteration_012/plot/one_cs_dominant/expression/AMZ1_Lung_add_vs_mix.png
ANKRD33B,Muscle,dominant,plotted,Four-panel SuSiE / EM 12 SuSiE-mix comparison created,weighted_fit_mix,1,L1,1,1185,chr5_10590583_T_A_b38_T,chr5_10590583_T_A_b38_T,additive,0.227707439030043,6,Single credible-set lead,176,221,80,TRUE,Same lead SNP; coding change only: additive -> dominant,-649.95947757124,-645.123599572528,9.6717559974245,1,L1,1,5949,chr5_10590583_T_A_b38_T__dominant,chr5_10590583_T_A_b38_T,dominant,0.180966273371282,9,176,221,80,/project2/mstephens/wdenault/susie_mix/results_em/iteration_012/plot/one_cs_dominant/expression/ANKRD33B_Muscle_add_vs_mix.png
APOA1,Heart,dominant,plotted,Four-panel SuSiE / EM 12 SuSiE-mix comparison created,weighted_fit_mix,1,L1,1,1465,chr11_116814675_G_A_b38_G,chr11_116814675_G_A_b38_G,additive,0.541763422643921,3,Single credible-set lead,260,69,2,TRUE,Same lead SNP; coding change only: additive -> dominant,-453.280536277532,-451.540587336119,3.47989788282632,1,L1,1,5649,chr11_116814675_G_A_b38_G__dominant,chr11_116814675_G_A_b38_G,dominant,0.348809439883598,6,260,69,2,/project2/mstephens/wdenault/susie_mix/results_em/iteration_012/plot/one_cs_dominant/expression/APOA1_Heart_add_vs_mix.png
APOBEC3D,Nerve,dominant,plotted,Four-panel SuSiE / EM 12 SuSiE-mix comparison created,weighted_fit_mix,1,L1,1,819,chr22_39024088_A_G_b38_A,chr22_39024088_A_G_b38_A,additive,0.258355925461494,15,Single credible-set lead,158,152,44,TRUE,Same lead SNP; coding change only: additive -> dominant,-481.215592858169,-479.478668167841,3.47384938065648,1,L1,1,4544,chr22_39024088_A_G_b38_A__dominant,chr22_39024088_A_G_b38_A,dominant,0.341073814533579,14,158,152,44,/project2/mstephens/wdenault/susie_mix/results_em/iteration_012/plot/one_cs_dominant/expression/APOBEC3D_Nerve_add_vs_mix.png
APOBEC3G,Blood Vessel,dominant,plotted,Four-panel SuSiE / EM 12 SuSiE-mix comparison created,weighted_fit_mix,1,L1,1,876,chr22_39084254_C_T_b38_C,chr22_39084254_C_T_b38_C,additive,0.151574003969891,11,Single credible-set lead,196,212,42,TRUE,Same lead SNP; coding change only: additive -> dominant,-619.087647915416,-616.251149625607,5.67299657961871,1,L1,1,4774,chr22_39084254_C_T_b38_C__dominant,chr22_39084254_C_T_b38_C,dominant,0.158697627132522,21,196,212,42,/project2/mstephens/wdenault/susie_mix/results_em/iteration_012/plot/one_cs_dominant/expression/APOBEC3G_Blood_Vessel_add_vs_mix.png
ATG10,Ovary,dominant,plotted,Four-panel SuSiE / EM 12 SuSiE-mix comparison created,weighted_fit_mix,1,L1,1,830,chr5_81966104_A_G_b38_A,chr5_81966104_A_G_b38_A,additive,0.03920964862585,43,Single credible-set lead,66,33,7,TRUE,Same lead SNP; coding change only: additive -> dominant,-132.500510994415,-130.73131786876,3.53838625131044,1,L1,1,3076,chr5_81966104_A_G_b38_A__dominant,chr5_81966104_A_G_b38_A,dominant,0.0504550881082617,85,66,33,7,/project2/mstephens/wdenault/susie_mix/results_em/iteration_012/plot/one_cs_dominant/expression/ATG10_Ovary_add_vs_mix.png
B4GALNT3,Spleen,dominant,plotted,Four-panel SuSiE / EM 12 SuSiE-mix comparison created,weighted_fit_mix,1,L1,1,1166,chr12_553672_T_C_b38_T,chr12_553672_T_C_b38_T,additive,0.999912663762187,1,Single credible-set lead,81,54,11,TRUE,Same lead SNP; coding change only: additive -> dominant,-151.260737079313,-148.382956027428,5.75556210376885,1,L1,1,4670,chr12_553672_T_C_b38_T__dominant,chr12_553672_T_C_b38_T,dominant,0.740722606389475,2,81,54,11,/project2/mstephens/wdenault/susie_mix/results_em/iteration_012/plot/one_cs_dominant/expression/B4GALNT3_Spleen_add_vs_mix.png
CD22,Breast,dominant,plotted,Four-panel SuSiE / EM 12 SuSiE-mix comparison created,weighted_fit_mix,1,L1,1,1321,chr19_35309759_G_T_b38_G,chr19_35309759_G_T_b38_G,additive,0.915967056157926,2,Single credible-set lead,181,77,11,TRUE,Same lead SNP; coding change only: additive -> dominant,-360.444889907386,-355.125248880349,10.6392820540742,1,L1,1,5529,chr19_35309759_G_T_b38_G__dominant,chr19_35309759_G_T_b38_G,dominant,0.924896401069002,2,181,77,11,/project2/mstephens/wdenault/susie_mix/results_em/iteration_012/plot/one_cs_dominant/expression/CD22_Breast_add_vs_mix.png
CD22,Uterus,dominant,plotted,Four-panel SuSiE / EM 12 SuSiE-mix comparison created,weighted_fit_mix,1,L1,1,1314,chr19_35309759_G_T_b38_G,chr19_35309759_G_T_b38_G,additive,0.996962427950427,1,Single credible-set lead,57,18,3,TRUE,Same lead SNP; coding change only: additive -> dominant,-85.4980386248825,-84.2983654599423,2.39934632988033,1,L1,1,4871,chr19_35309759_G_T_b38_G__dominant,chr19_35309759_G_T_b38_G,dominant,0.561440014461877,2,57,18,3,/project2/mstephens/wdenault/susie_mix/results_em/iteration_012/plot/one_cs_dominant/expression/CD22_Uterus_add_vs_mix.png
CEP192,Prostate,dominant,plotted,Four-panel SuSiE / EM 12 SuSiE-mix comparison created,weighted_fit_mix,1,L1,1,1174,chr18_12991394_T_C_b38_T,chr18_12991394_T_C_b38_T,additive,0.599765968636677,41,Single credible-set lead,62,65,16,TRUE,Same lead SNP; coding change only: additive -> dominant,-164.646573938038,-162.743203940053,3.80673999596991,1,L1,1,4630,chr18_12991394_T_C_b38_T__dominant,chr18_12991394_T_C_b38_T,dominant,0.400893455804676,36,62,65,16,/project2/mstephens/wdenault/susie_mix/results_em/iteration_012/plot/one_cs_dominant/expression/CEP192_Prostate_add_vs_mix.png
CMBL,Blood,dominant,plotted,Four-panel SuSiE / EM 12 SuSiE-mix comparison created,weighted_fit_mix,1,L1,1,1370,chr5_10286630_C_T_b38_C,chr5_10286630_C_T_b38_C,additive,0.69538068483725,2,Single credible-set lead,251,152,32,TRUE,Same lead SNP; coding change only: additive -> dominant,-595.107604101003,-593.577589371571,3.06002945886394,1,L1,1,5957,chr5_10286630_C_T_b38_C__dominant,chr5_10286630_C_T_b38_C,dominant,0.410346100424116,4,251,152,32,/project2/mstephens/wdenault/susie_mix/results_em/iteration_012/plot/one_cs_dominant/expression/CMBL_Blood_add_vs_mix.png
CNDP1,Testis,dominant,plotted,Four-panel SuSiE / EM 12 SuSiE-mix comparison created,weighted_fit_mix,1,L1,1,1405,chr18_74545200_T_C_b38_T,chr18_74545200_T_C_b38_T,additive,0.335766699165661,9,Single credible-set lead,141,62,8,TRUE,Same lead SNP; coding change only: additive -> dominant,-276.019994147021,-272.871103652091,6.29778098985958,1,L1,1,4957,chr18_74545200_T_C_b38_T__dominant,chr18_74545200_T_C_b38_T,dominant,0.359916623814518,17,141,62,8,/project2/mstephens/wdenault/susie_mix/results_em/iteration_012/plot/one_cs_dominant/expression/CNDP1_Testis_add_vs_mix.png
CPAMD8,Blood Vessel,dominant,plotted,Four-panel SuSiE / EM 12 SuSiE-mix comparison created,weighted_fit_mix,1,L1,1,747,chr19_16965078_G_A_b38_G,chr19_16965078_G_A_b38_G,additive,0.173266872731607,14,Single credible-set lead,294,137,19,TRUE,Same lead SNP; coding change only: additive -> dominant,-602.491759874986,-598.601074512033,7.78137072590607,1,L1,1,4885,chr19_16965078_G_A_b38_G__dominant,chr19_16965078_G_A_b38_G,dominant,0.206227730555744,23,294,137,19,/project2/mstephens/wdenault/susie_mix/results_em/iteration_012/plot/one_cs_dominant/expression/CPAMD8_Blood_Vessel_add_vs_mix.png
CRYM,Muscle,dominant,plotted,Four-panel SuSiE / EM 12 SuSiE-mix comparison created,weighted_fit_mix,1,L1,1,781,chr16_21266117_C_T_b38_C,chr16_21266117_C_T_b38_C,additive,0.745603743040738,2,Single credible-set lead,335,124,18,TRUE,Same lead SNP; coding change only: additive -> dominant,-554.581386358178,-526.862239409886,55.4382938965835,1,L1,1,2816,chr16_21266117_C_T_b38_C__dominant,chr16_21266117_C_T_b38_C,dominant,0.882380530975619,2,335,124,18,/project2/mstephens/wdenault/susie_mix/results_em/iteration_012/plot/one_cs_dominant/expression/CRYM_Muscle_add_vs_mix.png
CYFIP2,Colon,dominant,plotted,Four-panel SuSiE / EM 12 SuSiE-mix comparison created,weighted_fit_mix,1,L1,1,1281,chr5_157384037_A_G_b38_A,chr5_157384037_A_G_b38_A,additive,0.249982563619307,4,Single credible-set lead,267,60,5,TRUE,Same lead SNP; coding change only: additive -> dominant,-444.952201574158,-439.954526570773,9.99535000677133,1,L1,1,5527,chr5_157384037_A_G_b38_A__dominant,chr5_157384037_A_G_b38_A,dominant,0.235672372951373,5,267,60,5,/project2/mstephens/wdenault/susie_mix/results_em/iteration_012/plot/one_cs_dominant/expression/CYFIP2_Colon_add_vs_mix.png
CYTH2,Nerve,dominant,plotted,Four-panel SuSiE / EM 12 SuSiE-mix comparison created,weighted_fit_mix,1,L1,1,1559,chr19_48466622_T_C_b38_T,chr19_48466622_T_C_b38_T,additive,0.528779137733009,5,Single credible-set lead,287,61,6,TRUE,Same lead SNP; coding change only: additive -> dominant,-487.004420667516,-484.635804895039,4.73723154495372,1,L1,1,6634,chr19_48466622_T_C_b38_T__dominant,chr19_48466622_T_C_b38_T,dominant,0.355219251750013,9,287,61,6,/project2/mstephens/wdenault/susie_mix/results_em/iteration_012/plot/one_cs_dominant/expression/CYTH2_Nerve_add_vs_mix.png
DACT2,Liver,dominant,plotted,Four-panel SuSiE / EM 12 SuSiE-mix comparison created,weighted_fit_mix,1,L1,1,1557,chr6_168320011_T_C_b38_T,chr6_168320011_T_C_b38_T,additive,0.199848905266625,6,Single credible-set lead,71,58,11,TRUE,Same lead SNP; coding change only: additive -> dominant,-176.868187907047,-173.758826892836,6.21872202842087,1,L1,1,6537,chr6_168320011_T_C_b38_T__dominant,chr6_168320011_T_C_b38_T,dominant,0.152233386030228,13,71,58,11,/project2/mstephens/wdenault/susie_mix/results_em/iteration_012/plot/one_cs_dominant/expression/DACT2_Liver_add_vs_mix.png
ENDOG,Blood Vessel,dominant,plotted,Four-panel SuSiE / EM 12 SuSiE-mix comparison created,weighted_fit_mix,1,L1,1,401,chr9_128805716_G_A_b38_G,chr9_128805716_G_A_b38_G,additive,0.0692205370059407,55,Single credible-set lead,200,182,68,TRUE,Same lead SNP; coding change only: additive -> dominant,-621.892942994978,-619.976645299733,3.83259539049027,1,L1,1,2491,chr9_128805716_G_A_b38_G__dominant,chr9_128805716_G_A_b38_G,dominant,0.095135454104553,89,200,182,68,/project2/mstephens/wdenault/susie_mix/results_em/iteration_012/plot/one_cs_dominant/expression/ENDOG_Blood_Vessel_add_vs_mix.png
ERAP1,Blood,dominant,plotted,Four-panel SuSiE / EM 12 SuSiE-mix comparison created,weighted_fit_mix,1,L1,1,1094,chr5_96784751_C_T_b38_C,chr5_96784751_C_T_b38_C,additive,0.123945734793099,40,Single credible-set lead,312,108,15,TRUE,Same lead SNP; coding change only: additive -> dominant,-601.982008506619,-600.894654615495,2.17470778224742,1,L1,1,5392,chr5_96784751_C_T_b38_C__dominant,chr5_96784751_C_T_b38_C,dominant,0.164637768621902,63,312,108,15,/project2/mstephens/wdenault/susie_mix/results_em/iteration_012/plot/one_cs_dominant/expression/ERAP1_Blood_add_vs_mix.png
ERAP1,Breast,dominant,plotted,Four-panel SuSiE / EM 12 SuSiE-mix comparison created,weighted_fit_mix,1,L1,1,1071,chr5_96781596_G_A_b38_G,chr5_96781596_G_A_b38_G,additive,0.499134584732707,12,Single credible-set lead,182,76,11,TRUE,Same lead SNP; coding change only: additive -> dominant,-362.891866077199,-360.932588970062,3.91855421427567,1,L1,1,5187,chr5_96781596_G_A_b38_G__dominant,chr5_96781596_G_A_b38_G,dominant,0.357690168277498,15,182,76,11,/project2/mstephens/wdenault/susie_mix/results_em/iteration_012/plot/one_cs_dominant/expression/ERAP1_Breast_add_vs_mix.png
FADS2,Blood,dominant,plotted,Four-panel SuSiE / EM 12 SuSiE-mix comparison created,weighted_fit_mix,1,L1,1,421,chr11_61788567_A_C_b38_A,chr11_61788567_A_C_b38_A,additive,0.971041817047006,1,Single credible-set lead,305,122,8,TRUE,Same lead SNP; coding change only: additive -> dominant,-546.566755106273,-541.841498319314,9.45051357391708,1,L1,1,3383,chr11_61788567_A_C_b38_A__dominant,chr11_61788567_A_C_b38_A,dominant,0.936000941371151,2,305,122,8,/project2/mstephens/wdenault/susie_mix/results_em/iteration_012/plot/one_cs_dominant/expression/FADS2_Blood_add_vs_mix.png
FAM118A,Blood,dominant,plotted,Four-panel SuSiE / EM 12 SuSiE-mix comparison created,weighted_fit_mix,1,L1,1,1780,chr22_45340886_A_G_b38_A,chr22_45340886_A_G_b38_A,additive,0.128908492814121,16,Single credible-set lead,334,93,8,TRUE,Same lead SNP; coding change only: additive -> dominant,-542.885664165687,-539.302259881623,7.16680856812877,1,L1,1,7121,chr22_45340886_A_G_b38_A__dominant,chr22_45340886_A_G_b38_A,dominant,0.130663773836452,19,334,93,8,/project2/mstephens/wdenault/susie_mix/results_em/iteration_012/plot/one_cs_dominant/expression/FAM118A_Blood_add_vs_mix.png
FAM118B,Blood,dominant,plotted,Four-panel SuSiE / EM 12 SuSiE-mix comparison created,weighted_fit_mix,1,L1,1,1536,chr11_126236162_A_G_b38_A,chr11_126236162_A_G_b38_A,additive,0.0934308704459355,24,Single credible-set lead,320,108,7,TRUE,Same lead SNP; coding change only: additive -> dominant,-600.09744605726,-599.137572197413,1.91974771969558,1,L1,1,6346,chr11_126236162_A_G_b38_A__dominant,chr11_126236162_A_G_b38_A,dominant,0.0619414554436634,46,320,108,7,/project2/mstephens/wdenault/susie_mix/results_em/iteration_012/plot/one_cs_dominant/expression/FAM118B_Blood_add_vs_mix.png
FAM3B,Thyroid,dominant,plotted,Four-panel SuSiE / EM 12 SuSiE-mix comparison created,weighted_fit_mix,2,L1,1,1360,chr21_41317710_G_T_b38_G,chr21_41317710_G_T_b38_G,additive,0.954833263278045,1,Highest-PIP credible-set lead,281,101,8,TRUE,Same lead SNP; coding change only: additive -> dominant,-438.52001591184,-457.905083699327,-38.7701355749737,1,L1,1,6725,chr21_41317710_G_T_b38_G__dominant,chr21_41317710_G_T_b38_G,dominant,0.447887296942879,7,281,101,8,/project2/mstephens/wdenault/susie_mix/results_em/iteration_012/plot/one_cs_dominant/expression/FAM3B_Thyroid_add_vs_mix.png
FCGBP,Salivary Gland,dominant,plotted,Four-panel SuSiE / EM 12 SuSiE-mix comparison created,weighted_fit_mix,1,L1,1,1285,chr19_39934157_T_C_b38_T,chr19_39934157_T_C_b38_T,additive,0.424135009511909,3,Single credible-set lead,75,31,5,TRUE,Same lead SNP; coding change only: additive -> dominant,-137.333913972685,-130.80030496959,13.0672180061906,1,L1,1,4099,chr19_39934157_T_C_b38_T__dominant,chr19_39934157_T_C_b38_T,dominant,0.471578781058865,3,75,31,5,/project2/mstephens/wdenault/susie_mix/results_em/iteration_012/plot/one_cs_dominant/expression/FCGBP_Salivary_Gland_add_vs_mix.png
FGFBP2,Testis,dominant,plotted,Four-panel SuSiE / EM 12 SuSiE-mix comparison created,weighted_fit_mix,1,L1,1,1029,chr4_15963140_C_T_b38_C,chr4_15963140_C_T_b38_C,additive,0.498194834120726,2,Single credible-set lead,99,88,24,TRUE,Same lead SNP; coding change only: additive -> dominant,-222.936744484971,-214.403615601751,17.0662577664402,1,L1,1,5071,chr4_15963140_C_T_b38_C__dominant,chr4_15963140_C_T_b38_C,dominant,0.497931187003719,2,99,88,24,/project2/mstephens/wdenault/susie_mix/results_em/iteration_012/plot/one_cs_dominant/expression/FGFBP2_Testis_add_vs_mix.png
FGFR3,Nerve,dominant,plotted,Four-panel SuSiE / EM 12 SuSiE-mix comparison created,weighted_fit_mix,1,L1,1,1340,chr4_1755508_T_G_b38_T,chr4_1755508_T_G_b38_T,additive,0.761004549795275,12,Single credible-set lead,232,110,12,TRUE,Same lead SNP; coding change only: additive -> dominant,-485.499890831797,-482.596366382563,5.80704889846879,1,L1,1,4951,chr4_1755508_T_G_b38_T__dominant,chr4_1755508_T_G_b38_T,dominant,0.31778558323415,25,232,110,12,/project2/mstephens/wdenault/susie_mix/results_em/iteration_012/plot/one_cs_dominant/expression/FGFR3_Nerve_add_vs_mix.png
FGFR4,Nerve,dominant,plotted,Four-panel SuSiE / EM 12 SuSiE-mix comparison created,weighted_fit_mix,2,L1,1,682,chr5_177084094_T_C_b38_T,chr5_177084094_T_C_b38_T,additive,0.142773877217116,7,Highest-PIP credible-set lead,214,126,14,TRUE,Same lead SNP; coding change only: additive -> dominant,-371.063204692826,-376.241308327889,-10.3562072701259,1,L1,1,2926,chr5_177084094_T_C_b38_T__dominant,chr5_177084094_T_C_b38_T,dominant,0.115497365564511,13,214,126,14,/project2/mstephens/wdenault/susie_mix/results_em/iteration_012/plot/one_cs_dominant/expression/FGFR4_Nerve_add_vs_mix.png
HAGHL,Adrenal Gland,dominant,plotted,Four-panel SuSiE / EM 12 SuSiE-mix comparison created,weighted_fit_mix,1,L1,1,1204,chr16_728024_T_C_b38_T,chr16_728024_T_C_b38_T,additive,0.209906053718893,19,Single credible-set lead,91,42,8,TRUE,Same lead SNP; coding change only: additive -> dominant,-182.784675947926,-181.593966906731,2.38141808239044,1,L1,1,5727,chr16_728024_T_C_b38_T__dominant,chr16_728024_T_C_b38_T,dominant,0.193042053379674,32,91,42,8,/project2/mstephens/wdenault/susie_mix/results_em/iteration_012/plot/one_cs_dominant/expression/HAGHL_Adrenal_Gland_add_vs_mix.png
HBG2,Blood,dominant,plotted,Four-panel SuSiE / EM 12 SuSiE-mix comparison created,weighted_fit_mix,1,L1,1,1025,chr11_5242916_T_G_b38_T,chr11_5242916_T_G_b38_T,additive,0.198491458277987,18,Single credible-set lead,217,173,45,TRUE,Same lead SNP; coding change only: additive -> dominant,-600.173328031669,-597.50379722936,5.33906160461925,1,L1,1,9283,chr11_5242916_T_G_b38_T__dominant,chr11_5242916_T_G_b38_T,dominant,0.19630022279354,28,217,173,45,/project2/mstephens/wdenault/susie_mix/results_em/iteration_012/plot/one_cs_dominant/expression/HBG2_Blood_add_vs_mix.png
HLA-DOB,Testis,dominant,plotted,Four-panel SuSiE / EM 12 SuSiE-mix comparison created,weighted_fit_mix,1,L1,1,8970,chr6_32804110_C_T_b38_C,chr6_32804110_C_T_b38_C,additive,0.0362705429966194,57,Single credible-set lead,100,91,20,TRUE,Same lead SNP; coding change only: additive -> dominant,-233.594359974833,-224.190296363942,18.8081272217817,1,L1,1,28811,chr6_32804110_C_T_b38_C__dominant,chr6_32804110_C_T_b38_C,dominant,0.0676886750917644,58,100,91,20,/project2/mstephens/wdenault/susie_mix/results_em/iteration_012/plot/one_cs_dominant/expression/HLA-DOB_Testis_add_vs_mix.png
HLA-DQA2,Kidney,dominant,plotted,Four-panel SuSiE / EM 12 SuSiE-mix comparison created,weighted_fit_mix,1,L1,1,5099,chr6_32632511_C_G_b38_C,chr6_32632511_C_G_b38_C,additive,0.0562212447445372,299,Single credible-set lead,23,28,3,TRUE,Same lead SNP; coding change only: additive -> dominant,-60.7653501596768,-57.3138063012211,6.90308771691151,1,L1,1,21011,chr6_32632511_C_G_b38_C__dominant,chr6_32632511_C_G_b38_C,dominant,0.146683629936894,474,23,28,3,/project2/mstephens/wdenault/susie_mix/results_em/iteration_012/plot/one_cs_dominant/expression/HLA-DQA2_Kidney_add_vs_mix.png
HLA-DQA2,Vagina,dominant,plotted,Four-panel SuSiE / EM 12 SuSiE-mix comparison created,weighted_fit_mix,1,L1,1,5224,chr6_32632511_C_G_b38_C,chr6_32632511_C_G_b38_C,additive,0.0110481045726631,208,Single credible-set lead,36,38,9,TRUE,Same lead SNP; coding change only: additive -> dominant,-86.5162877938246,-85.9203343835906,1.19190682046789,1,L1,1,24275,chr6_32632511_C_G_b38_C__dominant,chr6_32632511_C_G_b38_C,dominant,0.0208346904088786,424,36,38,9,/project2/mstephens/wdenault/susie_mix/results_em/iteration_012/plot/one_cs_dominant/expression/HLA-DQA2_Vagina_add_vs_mix.png
HPSE2,Blood Vessel,dominant,plotted,Four-panel SuSiE / EM 12 SuSiE-mix comparison created,weighted_fit_mix,1,L1,1,232,chr10_98942980_G_A_b38_G,chr10_98942980_G_A_b38_G,additive,0.0979084419010577,37,Single credible-set lead,353,88,9,TRUE,Same lead SNP; coding change only: additive -> dominant,-577.434443811262,-576.326883815967,2.21511999058862,1,L1,1,3693,chr10_98942980_G_A_b38_G__dominant,chr10_98942980_G_A_b38_G,dominant,0.0578598846136847,71,353,88,9,/project2/mstephens/wdenault/susie_mix/results_em/iteration_012/plot/one_cs_dominant/expression/HPSE2_Blood_Vessel_add_vs_mix.png
IFIT5,Skin,dominant,plotted,Four-panel SuSiE / EM 12 SuSiE-mix comparison created,weighted_fit_mix,1,L1,1,1155,chr10_89401598_T_C_b38_T,chr10_89401598_T_C_b38_T,additive,0.509815875626905,16,Single credible-set lead,261,209,52,TRUE,Same lead SNP; coding change only: additive -> dominant,-726.607666839336,-724.68818353888,3.83896660091159,1,L1,1,5617,chr10_89401598_T_C_b38_T__dominant,chr10_89401598_T_C_b38_T,dominant,0.416121461052865,18,261,209,52,/project2/mstephens/wdenault/susie_mix/results_em/iteration_012/plot/one_cs_dominant/expression/IFIT5_Skin_add_vs_mix.png
KIAA0930,Muscle,dominant,plotted,Four-panel SuSiE / EM 12 SuSiE-mix comparison created,weighted_fit_mix,1,L1,1,1707,chr22_45212466_G_A_b38_G,chr22_45212466_G_A_b38_G,additive,0.999560379845017,1,Single credible-set lead,231,212,34,TRUE,Same lead SNP; coding change only: additive -> dominant,-580.727736073545,-567.599879709024,26.2557127290422,1,L1,1,7394,chr22_45212466_G_A_b38_G__dominant,chr22_45212466_G_A_b38_G,dominant,0.999888206474792,1,231,212,34,/project2/mstephens/wdenault/susie_mix/results_em/iteration_012/plot/one_cs_dominant/expression/KIAA0930_Muscle_add_vs_mix.png
KLK6,Testis,dominant,plotted,Four-panel SuSiE / EM 12 SuSiE-mix comparison created,weighted_fit_mix,1,L1,1,1420,chr19_50973025_A_G_b38_A,chr19_50973025_A_G_b38_A,additive,0.775509741437765,2,Single credible-set lead,158,47,6,TRUE,Same lead SNP; coding change only: additive -> dominant,-270.639724183494,-263.068334038164,15.1427802906591,1,L1,1,5924,chr19_50973025_A_G_b38_A__dominant,chr19_50973025_A_G_b38_A,dominant,0.826357384566988,2,158,47,6,/project2/mstephens/wdenault/susie_mix/results_em/iteration_012/plot/one_cs_dominant/expression/KLK6_Testis_add_vs_mix.png
KLRG1,Breast,dominant,plotted,Four-panel SuSiE / EM 12 SuSiE-mix comparison created,weighted_fit_mix,1,L1,1,1007,chr12_8932074_A_T_b38_A,chr12_8932074_A_T_b38_A,additive,0.0440679372808601,58,Single credible-set lead,92,134,43,TRUE,Same lead SNP; coding change only: additive -> dominant,-365.424499432997,-359.840062351772,11.1688741624508,1,L1,1,5033,chr12_8932074_A_T_b38_A__dominant,chr12_8932074_A_T_b38_A,dominant,0.0967970420656921,70,92,134,43,/project2/mstephens/wdenault/susie_mix/results_em/iteration_012/plot/one_cs_dominant/expression/KLRG1_Breast_add_vs_mix.png
KNOP1,Brain,dominant,plotted,Four-panel SuSiE / EM 12 SuSiE-mix comparison created,weighted_fit_mix,1,L1,1,1310,chr16_19701994_C_T_b38_C,chr16_19701994_C_T_b38_C,additive,0.112557445939678,32,Single credible-set lead,184,62,11,TRUE,Same lead SNP; coding change only: additive -> dominant,-345.407308949488,-343.699202601402,3.41621269617212,1,L1,1,5078,chr16_19701994_C_T_b38_C__dominant,chr16_19701994_C_T_b38_C,dominant,0.06845874300675,68,184,62,11,/project2/mstephens/wdenault/susie_mix/results_em/iteration_012/plot/one_cs_dominant/expression/KNOP1_Brain_add_vs_mix.png
KNOP1,Pituitary,dominant,plotted,Four-panel SuSiE / EM 12 SuSiE-mix comparison created,weighted_fit_mix,1,L1,1,1305,chr16_19698429_C_T_b38_C,chr16_19698429_C_T_b38_C,additive,0.129837509248295,18,Single credible-set lead,149,47,5,TRUE,Same lead SNP; coding change only: additive -> dominant,-233.710758806268,-231.963620224378,3.49427716378034,1,L1,1,4934,chr16_19698429_C_T_b38_C__dominant,chr16_19698429_C_T_b38_C,dominant,0.0760881733169665,34,149,47,5,/project2/mstephens/wdenault/susie_mix/results_em/iteration_012/plot/one_cs_dominant/expression/KNOP1_Pituitary_add_vs_mix.png
KNSTRN,Muscle,dominant,plotted,Four-panel SuSiE / EM 12 SuSiE-mix comparison created,weighted_fit_mix,1,L1,1,1028,chr15_40410915_A_G_b38_A,chr15_40410915_A_G_b38_A,additive,0.224073984907693,12,Single credible-set lead,385,86,6,TRUE,Same lead SNP; coding change only: additive -> dominant,-615.443256008355,-612.842626624924,5.20125876686143,1,L1,1,4321,chr15_40410915_A_G_b38_A__dominant,chr15_40410915_A_G_b38_A,dominant,0.170721179984666,21,385,86,6,/project2/mstephens/wdenault/susie_mix/results_em/iteration_012/plot/one_cs_dominant/expression/KNSTRN_Muscle_add_vs_mix.png
KNSTRN,Salivary Gland,dominant,plotted,Four-panel SuSiE / EM 12 SuSiE-mix comparison created,weighted_fit_mix,1,L1,1,915,chr15_40357662_A_G_b38_A,chr15_40357662_A_G_b38_A,additive,0.0733996794913632,30,Single credible-set lead,84,24,3,TRUE,Same lead SNP; coding change only: additive -> dominant,-142.555530356203,-140.90127629126,3.3085081298857,1,L1,1,3859,chr15_40357662_A_G_b38_A__dominant,chr15_40357662_A_G_b38_A,dominant,0.0542760335802029,56,84,24,3,/project2/mstephens/wdenault/susie_mix/results_em/iteration_012/plot/one_cs_dominant/expression/KNSTRN_Salivary_Gland_add_vs_mix.png
L3MBTL3,Pancreas,dominant,plotted,Four-panel SuSiE / EM 12 SuSiE-mix comparison created,weighted_fit_mix,1,L1,1,1368,chr6_130053316_T_A_b38_T,chr6_130053316_T_A_b38_T,additive,0.468550305739439,42,Single credible-set lead,101,68,11,TRUE,Same lead SNP; coding change only: additive -> dominant,-241.862240899063,-239.391240627517,4.94200054309306,1,L1,1,5449,chr6_130053316_T_A_b38_T__dominant,chr6_130053316_T_A_b38_T,dominant,0.394030498697174,50,101,68,11,/project2/mstephens/wdenault/susie_mix/results_em/iteration_012/plot/one_cs_dominant/expression/L3MBTL3_Pancreas_add_vs_mix.png
L3MBTL3,Prostate,dominant,plotted,Four-panel SuSiE / EM 12 SuSiE-mix comparison created,weighted_fit_mix,1,L1,1,1368,chr6_130053316_T_A_b38_T,chr6_130053316_T_A_b38_T,additive,0.95808872295466,1,Single credible-set lead,86,50,7,TRUE,Same lead SNP; coding change only: additive -> dominant,-184.001618728221,-178.014410907094,11.9744156422531,1,L1,1,5332,chr6_130053316_T_A_b38_T__dominant,chr6_130053316_T_A_b38_T,dominant,0.965641678024008,1,86,50,7,/project2/mstephens/wdenault/susie_mix/results_em/iteration_012/plot/one_cs_dominant/expression/L3MBTL3_Prostate_add_vs_mix.png
LCN8,Spleen,dominant,plotted,Four-panel SuSiE / EM 12 SuSiE-mix comparison created,weighted_fit_mix,1,L1,1,1169,chr9_136754045_G_A_b38_G,chr9_136754045_G_A_b38_G,additive,0.184535909637682,8,Single credible-set lead,100,44,2,TRUE,Same lead SNP; coding change only: additive -> dominant,-150.624870166648,-147.703245564233,5.84324920482936,1,L1,1,4674,chr9_136754045_G_A_b38_G__dominant,chr9_136754045_G_A_b38_G,dominant,0.136427926131265,14,100,44,2,/project2/mstephens/wdenault/susie_mix/results_em/iteration_012/plot/one_cs_dominant/expression/LCN8_Spleen_add_vs_mix.png
LRRC20,Skin,dominant,plotted,Four-panel SuSiE / EM 12 SuSiE-mix comparison created,weighted_fit_mix,1,L1,1,1214,chr10_70388981_G_A_b38_G,chr10_70388981_G_A_b38_G,additive,0.152722217799341,14,Single credible-set lead,188,237,97,TRUE,Same lead SNP; coding change only: additive -> dominant,-721.153298716627,-719.932320894302,2.44195564464962,1,L1,1,5992,chr10_70388981_G_A_b38_G__dominant,chr10_70388981_G_A_b38_G,dominant,0.127971987639152,20,188,237,97,/project2/mstephens/wdenault/susie_mix/results_em/iteration_012/plot/one_cs_dominant/expression/LRRC20_Skin_add_vs_mix.png
MAP1B,Thyroid,dominant,plotted,Four-panel SuSiE / EM 12 SuSiE-mix comparison created,weighted_fit_mix,1,L1,1,1508,chr5_72210702_C_T_b38_C,chr5_72210702_C_T_b38_C,additive,0.4887812784468,24,Single credible-set lead,203,154,33,TRUE,Same lead SNP; coding change only: additive -> dominant,-536.819633581503,-532.958890397009,7.7214863689876,1,L1,1,5274,chr5_72210702_C_T_b38_C__dominant,chr5_72210702_C_T_b38_C,dominant,0.31617928685804,34,203,154,33,/project2/mstephens/wdenault/susie_mix/results_em/iteration_012/plot/one_cs_dominant/expression/MAP1B_Thyroid_add_vs_mix.png
MDGA1,Adrenal Gland,dominant,plotted,Four-panel SuSiE / EM 12 SuSiE-mix comparison created,weighted_fit_mix,1,L1,1,1102,chr6_37695848_T_C_b38_T,chr6_37695848_T_C_b38_T,additive,0.376316953898457,4,Single credible-set lead,48,66,27,TRUE,Same lead SNP; coding change only: additive -> dominant,-178.721868212899,-175.897655153086,5.64842611962473,1,L1,1,4549,chr6_37695848_T_C_b38_T__dominant,chr6_37695848_T_C_b38_T,dominant,0.363861724856922,8,48,66,27,/project2/mstephens/wdenault/susie_mix/results_em/iteration_012/plot/one_cs_dominant/expression/MDGA1_Adrenal_Gland_add_vs_mix.png
MDGA1,Blood,dominant,plotted,Four-panel SuSiE / EM 12 SuSiE-mix comparison created,weighted_fit_mix,1,L1,1,1102,chr6_37695848_T_C_b38_T,chr6_37695848_T_C_b38_T,additive,0.904106063573882,2,Single credible-set lead,135,207,93,TRUE,Same lead SNP; coding change only: additive -> dominant,-445.271208473966,-432.950651069413,24.641114809107,1,L1,1,5012,chr6_37695848_T_C_b38_T__dominant,chr6_37695848_T_C_b38_T,dominant,0.998001962387478,1,135,207,93,/project2/mstephens/wdenault/susie_mix/results_em/iteration_012/plot/one_cs_dominant/expression/MDGA1_Blood_add_vs_mix.png
MDGA1,Small Intestine,dominant,plotted,Four-panel SuSiE / EM 12 SuSiE-mix comparison created,weighted_fit_mix,1,L1,1,1102,chr6_37695848_T_C_b38_T,chr6_37695848_T_C_b38_T,additive,0.937402814255307,2,Single credible-set lead,36,57,22,TRUE,Same lead SNP; coding change only: additive -> dominant,-140.460188131371,-133.707614522549,13.5051472176426,1,L1,1,4375,chr6_37695848_T_C_b38_T__dominant,chr6_37695848_T_C_b38_T,dominant,0.989646879613894,1,36,57,22,/project2/mstephens/wdenault/susie_mix/results_em/iteration_012/plot/one_cs_dominant/expression/MDGA1_Small_Intestine_add_vs_mix.png
MGMT,Pituitary,dominant,plotted,Four-panel SuSiE / EM 12 SuSiE-mix comparison created,weighted_fit_mix,1,L1,1,1710,chr10_129572256_T_C_b38_T,chr10_129572256_T_C_b38_T,additive,0.337026224868171,27,Single credible-set lead,61,91,49,TRUE,Same lead SNP; coding change only: additive -> dominant,-258.854269378503,-256.102859223866,5.50282030927428,1,L1,1,5961,chr10_129572256_T_C_b38_T__dominant,chr10_129572256_T_C_b38_T,dominant,0.483721706229327,35,61,91,49,/project2/mstephens/wdenault/susie_mix/results_em/iteration_012/plot/one_cs_dominant/expression/MGMT_Pituitary_add_vs_mix.png
MZT2A,Brain,dominant,plotted,Four-panel SuSiE / EM 12 SuSiE-mix comparison created,weighted_fit_mix,1,L1,1,887,chr2_131473357_T_C_b38_T,chr2_131473357_T_C_b38_T,additive,0.0560203145746824,69,Single credible-set lead,199,47,11,TRUE,Same lead SNP; coding change only: additive -> dominant,-347.083708921112,-344.547780082823,5.07185767657779,1,L1,1,5305,chr2_131473357_T_C_b38_T__dominant,chr2_131473357_T_C_b38_T,dominant,0.118891352121934,131,199,47,11,/project2/mstephens/wdenault/susie_mix/results_em/iteration_012/plot/one_cs_dominant/expression/MZT2A_Brain_add_vs_mix.png
MZT2A,Colon,dominant,plotted,Four-panel SuSiE / EM 12 SuSiE-mix comparison created,weighted_fit_mix,1,L1,1,878,chr2_131471969_A_G_b38_A,chr2_131471969_A_G_b38_A,additive,0.410273237908098,49,Single credible-set lead,275,48,9,TRUE,Same lead SNP; coding change only: additive -> dominant,-449.115932131168,-446.11044136651,6.01098152931604,1,L1,1,5477,chr2_131471969_A_G_b38_A__dominant,chr2_131471969_A_G_b38_A,dominant,0.523361060444634,47,275,48,9,/project2/mstephens/wdenault/susie_mix/results_em/iteration_012/plot/one_cs_dominant/expression/MZT2A_Colon_add_vs_mix.png
NBPF10,Blood,dominant,plotted,Four-panel SuSiE / EM 12 SuSiE-mix comparison created,weighted_fit_mix,1,L1,1,262,chr1_145996488_T_G_b38_T,chr1_145996488_T_G_b38_T,additive,0.749559686469203,7,Single credible-set lead,358,73,4,TRUE,Same lead SNP; coding change only: additive -> dominant,-595.832292110514,-593.588664866179,4.48725448866981,1,L1,1,1529,chr1_145996488_T_G_b38_T__dominant,chr1_145996488_T_G_b38_T,dominant,0.398130740602966,11,358,73,4,/project2/mstephens/wdenault/susie_mix/results_em/iteration_012/plot/one_cs_dominant/expression/NBPF10_Blood_add_vs_mix.png
NFXL1,Blood,dominant,plotted,Four-panel SuSiE / EM 12 SuSiE-mix comparison created,weighted_fit_mix,1,L1,1,1147,chr4_47953741_T_C_b38_T,chr4_47953741_T_C_b38_T,additive,0.168191269396202,29,Single credible-set lead,197,180,58,TRUE,Same lead SNP; coding change only: additive -> dominant,-558.628783297214,-556.097848495381,5.06186960366517,1,L1,1,5555,chr4_47953741_T_C_b38_T__dominant,chr4_47953741_T_C_b38_T,dominant,0.182380634009237,54,197,180,58,/project2/mstephens/wdenault/susie_mix/results_em/iteration_012/plot/one_cs_dominant/expression/NFXL1_Blood_add_vs_mix.png
NOL6,Esophagus,dominant,plotted,Four-panel SuSiE / EM 12 SuSiE-mix comparison created,weighted_fit_mix,1,L1,1,1186,chr9_33467579_T_C_b38_T,chr9_33467579_T_C_b38_T,additive,0.631374633505677,4,Single credible-set lead,246,144,22,TRUE,Same lead SNP; coding change only: additive -> dominant,-567.937589717687,-562.410986830913,11.0532057735481,1,L1,1,5769,chr9_33467579_T_C_b38_T__dominant,chr9_33467579_T_C_b38_T,dominant,0.887565538018524,2,246,144,22,/project2/mstephens/wdenault/susie_mix/results_em/iteration_012/plot/one_cs_dominant/expression/NOL6_Esophagus_add_vs_mix.png
NOS2,Nerve,dominant,plotted,Four-panel SuSiE / EM 12 SuSiE-mix comparison created,weighted_fit_mix,1,L1,1,1160,chr17_27879388_C_A_b38_C,chr17_27879388_C_A_b38_C,additive,0.661228381783667,3,Single credible-set lead,194,143,17,TRUE,Same lead SNP; coding change only: additive -> dominant,-388.766653111593,-386.75482796827,4.02365028664462,1,L1,1,3761,chr17_27879388_C_A_b38_C__dominant,chr17_27879388_C_A_b38_C,dominant,0.48236866769909,4,194,143,17,/project2/mstephens/wdenault/susie_mix/results_em/iteration_012/plot/one_cs_dominant/expression/NOS2_Nerve_add_vs_mix.png
NPHP3,Pancreas,dominant,plotted,Four-panel SuSiE / EM 12 SuSiE-mix comparison created,weighted_fit_mix,1,L1,1,959,chr3_132718546_C_T_b38_C,chr3_132718546_C_T_b38_C,additive,0.268879749151955,5,Single credible-set lead,121,53,6,TRUE,Same lead SNP; coding change only: additive -> dominant,-231.609268068301,-227.743683217568,7.731169701466,1,L1,1,4933,chr3_132718546_C_T_b38_C__dominant,chr3_132718546_C_T_b38_C,dominant,0.216573273970049,9,121,53,6,/project2/mstephens/wdenault/susie_mix/results_em/iteration_012/plot/one_cs_dominant/expression/NPHP3_Pancreas_add_vs_mix.png
NSA2,Adipose Tissue,dominant,plotted,Four-panel SuSiE / EM 12 SuSiE-mix comparison created,weighted_fit_mix,1,L1,1,1321,chr5_74742980_C_A_b38_C,chr5_74742980_C_A_b38_C,additive,0.0658733263137056,29,Single credible-set lead,374,93,3,TRUE,Same lead SNP; coding change only: additive -> dominant,-603.917156143455,-601.523045421058,4.78822144479432,1,L1,1,5473,chr5_74742980_C_A_b38_C__dominant,chr5_74742980_C_A_b38_C,dominant,0.0492089630753682,49,374,93,3,/project2/mstephens/wdenault/susie_mix/results_em/iteration_012/plot/one_cs_dominant/expression/NSA2_Adipose_Tissue_add_vs_mix.png
NSG1,Blood,dominant,plotted,Four-panel SuSiE / EM 12 SuSiE-mix comparison created,weighted_fit_mix,1,L1,1,2633,chr4_4348631_G_A_b38_G,chr4_4348631_G_A_b38_G,additive,0.554292356565505,5,Single credible-set lead,150,201,84,TRUE,Same lead SNP; coding change only: additive -> dominant,-595.818626912947,-593.551370708084,4.53451240972527,1,L1,1,9890,chr4_4348631_G_A_b38_G__dominant,chr4_4348631_G_A_b38_G,dominant,0.467832782915013,9,150,201,84,/project2/mstephens/wdenault/susie_mix/results_em/iteration_012/plot/one_cs_dominant/expression/NSG1_Blood_add_vs_mix.png
NT5DC3,Liver,dominant,plotted,Four-panel SuSiE / EM 12 SuSiE-mix comparison created,weighted_fit_mix,1,L1,1,1039,chr12_103787094_G_A_b38_G,chr12_103787094_G_A_b38_G,additive,0.671979030148576,2,Single credible-set lead,85,46,9,TRUE,Same lead SNP; coding change only: additive -> dominant,-177.270963443203,-174.902238372267,4.73745014187261,1,L1,1,4941,chr12_103787094_G_A_b38_G__dominant,chr12_103787094_G_A_b38_G,dominant,0.634608076042223,4,85,46,9,/project2/mstephens/wdenault/susie_mix/results_em/iteration_012/plot/one_cs_dominant/expression/NT5DC3_Liver_add_vs_mix.png
NT5M,Skin,dominant,plotted,Four-panel SuSiE / EM 12 SuSiE-mix comparison created,weighted_fit_mix,1,L1,1,1162,chr17_17305651_G_A_b38_G,chr17_17305651_G_A_b38_G,additive,0.645136198969679,3,Single credible-set lead,463,52,7,TRUE,Same lead SNP; coding change only: additive -> dominant,-724.944663429566,-723.160780943034,3.5677649730651,1,L1,1,4884,chr17_17305651_G_A_b38_G__dominant,chr17_17305651_G_A_b38_G,dominant,0.301925014163118,5,463,52,7,/project2/mstephens/wdenault/susie_mix/results_em/iteration_012/plot/one_cs_dominant/expression/NT5M_Skin_add_vs_mix.png
PAK4,Pancreas,dominant,plotted,Four-panel SuSiE / EM 12 SuSiE-mix comparison created,weighted_fit_mix,1,L1,1,1543,chr19_39168846_G_T_b38_G,chr19_39168846_G_T_b38_G,additive,0.64108840405807,16,Single credible-set lead,75,81,24,TRUE,Same lead SNP; coding change only: additive -> dominant,-237.961523194148,-235.937188244482,4.0486698993314,1,L1,1,5507,chr19_39168846_G_T_b38_G__dominant,chr19_39168846_G_T_b38_G,dominant,0.27662694305694,29,75,81,24,/project2/mstephens/wdenault/susie_mix/results_em/iteration_012/plot/one_cs_dominant/expression/PAK4_Pancreas_add_vs_mix.png
PAPSS1,Blood,dominant,plotted,Four-panel SuSiE / EM 12 SuSiE-mix comparison created,weighted_fit_mix,1,L1,1,858,chr4_107688472_A_C_b38_A,chr4_107688472_A_C_b38_A,additive,0.165407282691525,12,Single credible-set lead,207,171,57,TRUE,Same lead SNP; coding change only: additive -> dominant,-602.389328725276,-596.75212049757,11.2744164554135,1,L1,1,3911,chr4_107688472_A_C_b38_A__dominant,chr4_107688472_A_C_b38_A,dominant,0.211234861826337,10,207,171,57,/project2/mstephens/wdenault/susie_mix/results_em/iteration_012/plot/one_cs_dominant/expression/PAPSS1_Blood_add_vs_mix.png
PCDHB11,Blood Vessel,dominant,plotted,Four-panel SuSiE / EM 12 SuSiE-mix comparison created,weighted_fit_mix,1,L1,1,754,chr5_141178745_T_C_b38_T,chr5_141178745_T_C_b38_T,additive,0.0529580974452658,77,Single credible-set lead,186,187,77,TRUE,Same lead SNP; coding change only: additive -> dominant,-621.873240232572,-621.528004262568,0.690471940006773,1,L1,1,3557,chr5_141178745_T_C_b38_T__dominant,chr5_141178745_T_C_b38_T,dominant,0.0733716401785118,105,186,187,77,/project2/mstephens/wdenault/susie_mix/results_em/iteration_012/plot/one_cs_dominant/expression/PCDHB11_Blood_Vessel_add_vs_mix.png
PDCD5,Pancreas,dominant,plotted,Four-panel SuSiE / EM 12 SuSiE-mix comparison created,weighted_fit_mix,1,L1,1,915,chr19_32581163_G_A_b38_G,chr19_32581163_G_A_b38_G,additive,0.999094074654892,1,Single credible-set lead,92,74,14,TRUE,Same lead SNP; coding change only: additive -> dominant,-237.273813143704,-233.479288598044,7.58904909131923,1,L1,1,4993,chr19_32581163_G_A_b38_G__dominant,chr19_32581163_G_A_b38_G,dominant,0.822633771731236,2,92,74,14,/project2/mstephens/wdenault/susie_mix/results_em/iteration_012/plot/one_cs_dominant/expression/PDCD5_Pancreas_add_vs_mix.png
PLIN4,Testis,dominant,plotted,Four-panel SuSiE / EM 12 SuSiE-mix comparison created,weighted_fit_mix,1,L1,1,1158,chr19_4519720_G_A_b38_G,chr19_4519720_G_A_b38_G,additive,0.996277048370976,1,Single credible-set lead,115,81,15,TRUE,Same lead SNP; coding change only: additive -> dominant,-282.004993255304,-280.143011817927,3.72396287475397,1,L1,1,5441,chr19_4519720_G_A_b38_G__dominant,chr19_4519720_G_A_b38_G,dominant,0.518514263474886,2,115,81,15,/project2/mstephens/wdenault/susie_mix/results_em/iteration_012/plot/one_cs_dominant/expression/PLIN4_Testis_add_vs_mix.png
PMEL,Adipose Tissue,dominant,plotted,Four-panel SuSiE / EM 12 SuSiE-mix comparison created,weighted_fit_mix,1,L1,1,744,chr12_55962775_A_G_b38_A,chr12_55962775_A_G_b38_A,additive,0.244059554064167,4,Single credible-set lead,406,61,3,TRUE,Same lead SNP; coding change only: additive -> dominant,-599.510178873748,-597.563740157335,3.89287743282716,1,L1,1,2737,chr12_55962775_A_G_b38_A__dominant,chr12_55962775_A_G_b38_A,dominant,0.147549490510358,8,406,61,3,/project2/mstephens/wdenault/susie_mix/results_em/iteration_012/plot/one_cs_dominant/expression/PMEL_Adipose_Tissue_add_vs_mix.png
PRUNE2,Blood,dominant,plotted,Four-panel SuSiE / EM 12 SuSiE-mix comparison created,weighted_fit_mix,1,L1,1,720,chr9_76700567_G_C_b38_G,chr9_76700567_G_C_b38_G,additive,0.453308509590182,13,Single credible-set lead,259,159,17,TRUE,Same lead SNP; coding change only: additive -> dominant,-529.151142978199,-513.052771621883,32.1967427126322,1,L1,1,5112,chr9_76700567_G_C_b38_G__dominant,chr9_76700567_G_C_b38_G,dominant,0.527103902886387,10,259,159,17,/project2/mstephens/wdenault/susie_mix/results_em/iteration_012/plot/one_cs_dominant/expression/PRUNE2_Blood_add_vs_mix.png
PTPN5,Lung,dominant,plotted,Four-panel SuSiE / EM 12 SuSiE-mix comparison created,weighted_fit_mix,1,L1,1,1169,chr11_18809319_C_T_b38_C,chr11_18809319_C_T_b38_C,additive,0.579281325981676,8,Single credible-set lead,291,31,1,TRUE,Same lead SNP; coding change only: additive -> dominant,-434.379468182809,-432.242104607535,4.27472715054728,1,L1,1,5520,chr11_18809319_C_T_b38_C__dominant,chr11_18809319_C_T_b38_C,dominant,0.501647514592796,8,291,31,1,/project2/mstephens/wdenault/susie_mix/results_em/iteration_012/plot/one_cs_dominant/expression/PTPN5_Lung_add_vs_mix.png
RAP1GAP,Blood,dominant,plotted,Four-panel SuSiE / EM 12 SuSiE-mix comparison created,weighted_fit_mix,1,L1,1,1334,chr1_21682833_C_T_b38_C,chr1_21682833_C_T_b38_C,additive,0.331865015334104,6,Single credible-set lead,121,223,91,TRUE,Same lead SNP; coding change only: additive -> dominant,-583.304432617257,-579.406213132183,7.79643897014898,1,L1,1,5693,chr1_21682833_C_T_b38_C__dominant,chr1_21682833_C_T_b38_C,dominant,0.318149484561199,8,121,223,91,/project2/mstephens/wdenault/susie_mix/results_em/iteration_012/plot/one_cs_dominant/expression/RAP1GAP_Blood_add_vs_mix.png
RYBP,Blood,dominant,plotted,Four-panel SuSiE / EM 12 SuSiE-mix comparison created,weighted_fit_mix,1,L1,1,1274,chr3_72455503_A_G_b38_A,chr3_72455503_A_G_b38_A,additive,0.488143502473365,6,Single credible-set lead,183,191,61,TRUE,Same lead SNP; coding change only: additive -> dominant,-595.563703096449,-591.586486287205,7.9544336184872,1,L1,1,5103,chr3_72455503_A_G_b38_A__dominant,chr3_72455503_A_G_b38_A,dominant,0.649770698084969,9,183,191,61,/project2/mstephens/wdenault/susie_mix/results_em/iteration_012/plot/one_cs_dominant/expression/RYBP_Blood_add_vs_mix.png
SERPINA5,Muscle,dominant,plotted,Four-panel SuSiE / EM 12 SuSiE-mix comparison created,weighted_fit_mix,1,L1,1,1629,chr14_94606311_A_G_b38_A,chr14_94606311_A_G_b38_A,additive,0.999961045347495,1,Single credible-set lead,113,237,127,TRUE,Same lead SNP; coding change only: additive -> dominant,-626.550136412524,-620.871762899864,11.3567470253195,1,L1,1,7762,chr14_94606311_A_G_b38_A__dominant,chr14_94606311_A_G_b38_A,dominant,0.955406984151759,1,113,237,127,/project2/mstephens/wdenault/susie_mix/results_em/iteration_012/plot/one_cs_dominant/expression/SERPINA5_Muscle_add_vs_mix.png
SERPINF2,Brain,dominant,plotted,Four-panel SuSiE / EM 12 SuSiE-mix comparison created,weighted_fit_mix,1,L1,1,1402,chr17_1734897_G_A_b38_G,chr17_1734897_G_A_b38_G,additive,0.486525090939564,4,Single credible-set lead,156,89,12,TRUE,Same lead SNP; coding change only: additive -> dominant,-341.798383224104,-337.007002273952,9.58276190030404,1,L1,1,5893,chr17_1734897_G_A_b38_G__dominant,chr17_1734897_G_A_b38_G,dominant,0.768392790275435,6,156,89,12,/project2/mstephens/wdenault/susie_mix/results_em/iteration_012/plot/one_cs_dominant/expression/SERPINF2_Brain_add_vs_mix.png
SLC22A31,Stomach,dominant,plotted,Four-panel SuSiE / EM 12 SuSiE-mix comparison created,weighted_fit_mix,1,L1,1,1386,chr16_89185368_G_A_b38_G,chr16_89185368_G_A_b38_G,additive,0.402559211759006,5,Single credible-set lead,118,61,10,TRUE,Same lead SNP; coding change only: additive -> dominant,-218.843463211079,-214.553313733227,8.5802989557032,1,L1,1,5511,chr16_89185368_G_A_b38_G__dominant,chr16_89185368_G_A_b38_G,dominant,0.570356025251939,7,118,61,10,/project2/mstephens/wdenault/susie_mix/results_em/iteration_012/plot/one_cs_dominant/expression/SLC22A31_Stomach_add_vs_mix.png
SLC27A6,Heart,dominant,plotted,Four-panel SuSiE / EM 12 SuSiE-mix comparison created,weighted_fit_mix,1,L1,1,1839,chr5_128917644_C_A_b38_C,chr5_128917644_C_A_b38_C,additive,0.036663061927138,79,Single credible-set lead,210,108,13,TRUE,Same lead SNP; coding change only: additive -> dominant,-452.628298321973,-444.685381169217,15.8858343055105,1,L1,1,6447,chr5_128917644_C_A_b38_C__dominant,chr5_128917644_C_A_b38_C,dominant,0.0576558701633331,35,210,108,13,/project2/mstephens/wdenault/susie_mix/results_em/iteration_012/plot/one_cs_dominant/expression/SLC27A6_Heart_add_vs_mix.png
SNRNP25,Colon,dominant,plotted,Four-panel SuSiE / EM 12 SuSiE-mix comparison created,weighted_fit_mix,1,L1,1,104,chr16_53923_C_G_b38_C,chr16_53923_C_G_b38_C,additive,0.880821727275364,3,Single credible-set lead,133,139,60,TRUE,Same lead SNP; coding change only: additive -> dominant,-451.93089387172,-448.125965021245,7.60985770095067,1,L1,1,2120,chr16_53923_C_G_b38_C__dominant,chr16_53923_C_G_b38_C,dominant,0.785994534569561,3,133,139,60,/project2/mstephens/wdenault/susie_mix/results_em/iteration_012/plot/one_cs_dominant/expression/SNRNP25_Colon_add_vs_mix.png
SNRNP25,Esophagus,dominant,plotted,Four-panel SuSiE / EM 12 SuSiE-mix comparison created,weighted_fit_mix,1,L1,1,52,chr16_41309_C_T_b38_C,chr16_41309_C_T_b38_C,additive,0.798701838637729,3,Single credible-set lead,156,163,93,TRUE,Same lead SNP; coding change only: additive -> dominant,-567.554254312276,-565.013126795272,5.08225503400877,1,L1,1,2105,chr16_41309_C_T_b38_C__dominant,chr16_41309_C_T_b38_C,dominant,0.519334724507545,5,156,163,93,/project2/mstephens/wdenault/susie_mix/results_em/iteration_012/plot/one_cs_dominant/expression/SNRNP25_Esophagus_add_vs_mix.png
STAP2,Nerve,dominant,plotted,Four-panel SuSiE / EM 12 SuSiE-mix comparison created,weighted_fit_mix,1,L1,1,1077,chr19_4332108_A_T_b38_A,chr19_4332108_A_T_b38_A,additive,0.414768858039589,5,Single credible-set lead,161,150,43,TRUE,Same lead SNP; coding change only: additive -> dominant,-472.361460759307,-457.101579261736,30.5197629951432,1,L1,1,5308,chr19_4332108_A_T_b38_A__dominant,chr19_4332108_A_T_b38_A,dominant,0.572509482276384,3,161,150,43,/project2/mstephens/wdenault/susie_mix/results_em/iteration_012/plot/one_cs_dominant/expression/STAP2_Nerve_add_vs_mix.png
STOML1,Nerve,dominant,plotted,Four-panel SuSiE / EM 12 SuSiE-mix comparison created,weighted_fit_mix,1,L1,1,929,chr15_73974979_T_C_b38_T,chr15_73974979_T_C_b38_T,additive,0.248573620261883,22,Single credible-set lead,125,176,53,TRUE,Same lead SNP; coding change only: additive -> dominant,-483.862479060981,-480.524539535203,6.67587905155654,1,L1,1,3856,chr15_73974979_T_C_b38_T__dominant,chr15_73974979_T_C_b38_T,dominant,0.330417868141716,27,125,176,53,/project2/mstephens/wdenault/susie_mix/results_em/iteration_012/plot/one_cs_dominant/expression/STOML1_Nerve_add_vs_mix.png
SULT1A1,Muscle,dominant,plotted,Four-panel SuSiE / EM 12 SuSiE-mix comparison created,weighted_fit_mix,1,L1,1,511,chr16_28609479_C_G_b38_C,chr16_28609479_C_G_b38_C,additive,0.977640874569751,1,Single credible-set lead,163,242,72,TRUE,Same lead SNP; coding change only: additive -> dominant,-659.449142103715,-654.482023197107,9.93423781321644,1,L1,1,2222,chr16_28609479_C_G_b38_C__dominant,chr16_28609479_C_G_b38_C,dominant,0.886678829573382,2,163,242,72,/project2/mstephens/wdenault/susie_mix/results_em/iteration_012/plot/one_cs_dominant/expression/SULT1A1_Muscle_add_vs_mix.png
SULT1A2,Blood,dominant,plotted,Four-panel SuSiE / EM 12 SuSiE-mix comparison created,weighted_fit_mix,1,L1,1,476,chr16_28603413_T_C_b38_T,chr16_28603413_T_C_b38_T,additive,0.135289142140795,29,Single credible-set lead,177,199,59,TRUE,Same lead SNP; coding change only: additive -> dominant,-538.020838872486,-528.744260779819,18.553156185335,1,L1,1,2070,chr16_28603413_T_C_b38_T__dominant,chr16_28603413_T_C_b38_T,dominant,0.432347136790569,23,177,199,59,/project2/mstephens/wdenault/susie_mix/results_em/iteration_012/plot/one_cs_dominant/expression/SULT1A2_Blood_add_vs_mix.png
TAMM41,Pancreas,dominant,plotted,Four-panel SuSiE / EM 12 SuSiE-mix comparison created,weighted_fit_mix,1,L1,1,1040,chr3_11794065_C_T_b38_C,chr3_11794065_C_T_b38_C,additive,0.102756400642151,27,Single credible-set lead,50,82,48,TRUE,Same lead SNP; coding change only: additive -> dominant,-238.180373888377,-236.304304834069,3.75213810861595,1,L1,1,4820,chr3_11794065_C_T_b38_C__dominant,chr3_11794065_C_T_b38_C,dominant,0.114445641634279,33,50,82,48,/project2/mstephens/wdenault/susie_mix/results_em/iteration_012/plot/one_cs_dominant/expression/TAMM41_Pancreas_add_vs_mix.png
TMEM176B,Blood,dominant,plotted,Four-panel SuSiE / EM 12 SuSiE-mix comparison created,weighted_fit_mix,1,L1,1,1587,chr7_150780504_T_G_b38_T,chr7_150780504_T_G_b38_T,additive,0.119847025237461,8,Single credible-set lead,183,197,55,TRUE,Same lead SNP; coding change only: additive -> dominant,-525.918832566478,-522.577275098026,6.68311493690294,1,L1,1,6963,chr7_150780504_T_G_b38_T__dominant,chr7_150780504_T_G_b38_T,dominant,0.107172106887704,15,183,197,55,/project2/mstephens/wdenault/susie_mix/results_em/iteration_012/plot/one_cs_dominant/expression/TMEM176B_Blood_add_vs_mix.png
TMEM45A,Blood,dominant,plotted,Four-panel SuSiE / EM 12 SuSiE-mix comparison created,weighted_fit_mix,1,L1,1,608,chr3_100508123_A_G_b38_A,chr3_100508123_A_G_b38_A,additive,0.31971693919316,7,Single credible-set lead,148,213,74,TRUE,Same lead SNP; coding change only: additive -> dominant,-590.390721342334,-588.303863327189,4.17371603029005,1,L1,1,3774,chr3_100508123_A_G_b38_A__dominant,chr3_100508123_A_G_b38_A,dominant,0.119948216025343,14,148,213,74,/project2/mstephens/wdenault/susie_mix/results_em/iteration_012/plot/one_cs_dominant/expression/TMEM45A_Blood_add_vs_mix.png
TOGARAM2,Thyroid,dominant,plotted,Four-panel SuSiE / EM 12 SuSiE-mix comparison created,weighted_fit_mix,1,L1,1,1124,chr2_28958241_G_A_b38_G,chr2_28958241_G_A_b38_G,additive,0.46956946554812,10,Single credible-set lead,235,137,18,TRUE,Same lead SNP; coding change only: additive -> dominant,-496.313691331904,-493.706635635443,5.21411139292286,1,L1,1,5500,chr2_28958241_G_A_b38_G__dominant,chr2_28958241_G_A_b38_G,dominant,0.311269682845767,19,235,137,18,/project2/mstephens/wdenault/susie_mix/results_em/iteration_012/plot/one_cs_dominant/expression/TOGARAM2_Thyroid_add_vs_mix.png
TRIM9,Liver,dominant,plotted,Four-panel SuSiE / EM 12 SuSiE-mix comparison created,weighted_fit_mix,1,L1,1,1065,chr14_51029484_T_C_b38_T,chr14_51029484_T_C_b38_T,additive,0.461767456710637,3,Single credible-set lead,111,22,7,TRUE,Same lead SNP; coding change only: additive -> dominant,-170.892420505038,-164.461825286312,12.8611904374512,1,L1,1,5122,chr14_51029484_T_C_b38_T__dominant,chr14_51029484_T_C_b38_T,dominant,0.49315691076856,2,111,22,7,/project2/mstephens/wdenault/susie_mix/results_em/iteration_012/plot/one_cs_dominant/expression/TRIM9_Liver_add_vs_mix.png
TUBB2A,Blood,dominant,plotted,Four-panel SuSiE / EM 12 SuSiE-mix comparison created,weighted_fit_mix,1,L1,1,1481,chr6_3162144_C_A_b38_C,chr6_3162144_C_A_b38_C,additive,0.999909317873404,1,Single credible-set lead,179,192,64,TRUE,Same lead SNP; coding change only: additive -> dominant,-500.548759506545,-492.063656838151,16.9702053367871,1,L1,1,6298,chr6_3162144_C_A_b38_C__dominant,chr6_3162144_C_A_b38_C,dominant,0.99889984007192,1,179,192,64,/project2/mstephens/wdenault/susie_mix/results_em/iteration_012/plot/one_cs_dominant/expression/TUBB2A_Blood_add_vs_mix.png
TYW1B,Lung,dominant,plotted,Four-panel SuSiE / EM 12 SuSiE-mix comparison created,weighted_fit_mix,1,L1,1,729,chr7_72723518_A_G_b38_A,chr7_72723518_A_G_b38_A,additive,0.184343765124518,15,Single credible-set lead,193,121,9,TRUE,Same lead SNP; coding change only: additive -> dominant,-377.061670848652,-375.702632991873,2.71807571355748,1,L1,1,2622,chr7_72723518_A_G_b38_A__dominant,chr7_72723518_A_G_b38_A,dominant,0.0936907818297369,30,193,121,9,/project2/mstephens/wdenault/susie_mix/results_em/iteration_012/plot/one_cs_dominant/expression/TYW1B_Lung_add_vs_mix.png
USH1C,Thyroid,dominant,plotted,Four-panel SuSiE / EM 12 SuSiE-mix comparison created,weighted_fit_mix,1,L1,1,922,chr11_17524831_T_C_b38_T,chr11_17524831_T_C_b38_T,additive,0.999999876562894,1,Single credible-set lead,155,176,59,TRUE,Same lead SNP; coding change only: additive -> dominant,-433.072095443639,-430.287059289172,5.57007230893328,1,L1,1,4334,chr11_17524831_T_C_b38_T__dominant,chr11_17524831_T_C_b38_T,dominant,0.684587684419934,2,155,176,59,/project2/mstephens/wdenault/susie_mix/results_em/iteration_012/plot/one_cs_dominant/expression/USH1C_Thyroid_add_vs_mix.png
USP36,Blood Vessel,dominant,plotted,Four-panel SuSiE / EM 12 SuSiE-mix comparison created,weighted_fit_mix,1,L1,1,1362,chr17_78804100_G_C_b38_G,chr17_78804100_G_C_b38_G,additive,0.163700693860886,15,Single credible-set lead,129,215,106,TRUE,Same lead SNP; coding change only: additive -> dominant,-618.269280842572,-616.930186112495,2.67818946015404,1,L1,1,6935,chr17_78804100_G_C_b38_G__dominant,chr17_78804100_G_C_b38_G,dominant,0.0940895448192132,28,129,215,106,/project2/mstephens/wdenault/susie_mix/results_em/iteration_012/plot/one_cs_dominant/expression/USP36_Blood_Vessel_add_vs_mix.png
WDR25,Colon,dominant,plotted,Four-panel SuSiE / EM 12 SuSiE-mix comparison created,weighted_fit_mix,1,L1,1,797,chr14_100338448_G_C_b38_G,chr14_100338448_G_C_b38_G,additive,0.131850631129017,17,Single credible-set lead,101,139,92,TRUE,Same lead SNP; coding change only: additive -> dominant,-456.695037219618,-453.01759101048,7.35489241827531,1,L1,1,3789,chr14_100338448_G_C_b38_G__dominant,chr14_100338448_G_C_b38_G,dominant,0.136895958002545,24,101,139,92,/project2/mstephens/wdenault/susie_mix/results_em/iteration_012/plot/one_cs_dominant/expression/WDR25_Colon_add_vs_mix.png
XRRA1,Kidney,dominant,plotted,Four-panel SuSiE / EM 12 SuSiE-mix comparison created,weighted_fit_mix,1,L1,1,738,chr11_74746011_A_G_b38_A,chr11_74746011_A_G_b38_A,additive,0.0300823146878746,32,Single credible-set lead,28,21,5,TRUE,Same lead SNP; coding change only: additive -> dominant,-56.0000169136775,-54.5125438788237,2.97494606970768,1,L1,1,3278,chr11_74746011_A_G_b38_A__dominant,chr11_74746011_A_G_b38_A,dominant,0.017079542535874,67,28,21,5,/project2/mstephens/wdenault/susie_mix/results_em/iteration_012/plot/one_cs_dominant/expression/XRRA1_Kidney_add_vs_mix.png
ZFP57,Blood Vessel,dominant,plotted,Four-panel SuSiE / EM 12 SuSiE-mix comparison created,weighted_fit_mix,1,L1,1,1134,chr6_29676100_A_G_b38_A,chr6_29676100_A_G_b38_A,additive,0.0666632310198567,15,Single credible-set lead,282,136,32,TRUE,Same lead SNP; coding change only: additive -> dominant,-432.052785462999,-427.924048615981,8.257473694037,1,L1,1,13002,chr6_29676100_A_G_b38_A__dominant,chr6_29676100_A_G_b38_A,dominant,0.0581268714471965,25,282,136,32,/project2/mstephens/wdenault/susie_mix/results_em/iteration_012/plot/one_cs_dominant/expression/ZFP57_Blood_Vessel_add_vs_mix.png
ZFP57,Breast,dominant,plotted,Four-panel SuSiE / EM 12 SuSiE-mix comparison created,weighted_fit_mix,1,L1,1,1136,chr6_29676263_C_T_b38_C,chr6_29676263_C_T_b38_C,additive,0.0706964434008992,14,Single credible-set lead,160,85,24,TRUE,Same lead SNP; coding change only: additive -> dominant,-248.02872831205,-246.624403967816,2.8086486884676,1,L1,1,12190,chr6_29676263_C_T_b38_C__dominant,chr6_29676263_C_T_b38_C,dominant,0.0357711887633763,27,160,85,24,/project2/mstephens/wdenault/susie_mix/results_em/iteration_012/plot/one_cs_dominant/expression/ZFP57_Breast_add_vs_mix.png
ZFP57,Heart,dominant,plotted,Four-panel SuSiE / EM 12 SuSiE-mix comparison created,weighted_fit_mix,1,L1,1,1134,chr6_29676100_A_G_b38_A,chr6_29676100_A_G_b38_A,additive,0.0666647384614407,15,Single credible-set lead,210,101,20,TRUE,Same lead SNP; coding change only: additive -> dominant,-317.066390864851,-310.358326973942,13.4161277818184,1,L1,1,12570,chr6_29676100_A_G_b38_A__dominant,chr6_29676100_A_G_b38_A,dominant,0.0659996221968516,15,210,101,20,/project2/mstephens/wdenault/susie_mix/results_em/iteration_012/plot/one_cs_dominant/expression/ZFP57_Heart_add_vs_mix.png
ZFP57,Salivary Gland,dominant,plotted,Four-panel SuSiE / EM 12 SuSiE-mix comparison created,weighted_fit_mix,1,L1,1,1120,chr6_29676102_A_G_b38_A,chr6_29676102_A_G_b38_A,additive,0.140216945596354,16,Single credible-set lead,65,36,10,TRUE,Same lead SNP; coding change only: additive -> dominant,-121.46471823295,-114.812080501426,13.305275463048,1,L1,1,11546,chr6_29676102_A_G_b38_A__dominant,chr6_29676102_A_G_b38_A,dominant,0.159260936110976,16,65,36,10,/project2/mstephens/wdenault/susie_mix/results_em/iteration_012/plot/one_cs_dominant/expression/ZFP57_Salivary_Gland_add_vs_mix.png
ZNF211,Adipose Tissue,dominant,plotted,Four-panel SuSiE / EM 12 SuSiE-mix comparison created,weighted_fit_mix,1,L1,1,1382,chr19_57644703_A_G_b38_A,chr19_57644703_A_G_b38_A,additive,0.0399992869265908,53,Single credible-set lead,335,121,14,TRUE,Same lead SNP; coding change only: additive -> dominant,-651.952875565472,-649.728429947185,4.44889123657345,1,L1,1,6034,chr19_57644703_A_G_b38_A__dominant,chr19_57644703_A_G_b38_A,dominant,0.0365222882534848,102,335,121,14,/project2/mstephens/wdenault/susie_mix/results_em/iteration_012/plot/one_cs_dominant/expression/ZNF211_Adipose_Tissue_add_vs_mix.png
ZNF586,Adipose Tissue,dominant,plotted,Four-panel SuSiE / EM 12 SuSiE-mix comparison created,weighted_fit_mix,1,L1,1,1190,chr19_57740100_G_A_b38_G,chr19_57740100_G_A_b38_G,additive,0.366395575928408,3,Single credible-set lead,265,172,33,TRUE,Same lead SNP; coding change only: additive -> dominant,-650.041460253021,-648.348779586738,3.38536133256639,1,L1,1,5672,chr19_57740100_G_A_b38_G__dominant,chr19_57740100_G_A_b38_G,dominant,0.21815439437939,6,265,172,33,/project2/mstephens/wdenault/susie_mix/results_em/iteration_012/plot/one_cs_dominant/expression/ZNF586_Adipose_Tissue_add_vs_mix.png
ZNF660,Heart,dominant,plotted,Four-panel SuSiE / EM 12 SuSiE-mix comparison created,weighted_fit_mix,1,L1,1,833,chr3_44678306_G_A_b38_G,chr3_44678306_G_A_b38_G,additive,0.192480572079831,18,Single credible-set lead,239,85,7,TRUE,Same lead SNP; coding change only: additive -> dominant,-441.750706780549,-440.203963807954,3.09348594518872,1,L1,1,3333,chr3_44678306_G_A_b38_G__dominant,chr3_44678306_G_A_b38_G,dominant,0.104966675851339,29,239,85,7,/project2/mstephens/wdenault/susie_mix/results_em/iteration_012/plot/one_cs_dominant/expression/ZNF660_Heart_add_vs_mix.png
ZNF660,Nerve,dominant,plotted,Four-panel SuSiE / EM 12 SuSiE-mix comparison created,weighted_fit_mix,1,L1,1,836,chr3_44681856_A_C_b38_A,chr3_44681856_A_C_b38_A,additive,0.42825210630124,6,Single credible-set lead,260,87,7,TRUE,Same lead SNP; coding change only: additive -> dominant,-421.757745283935,-419.013217166628,5.48905623461417,1,L1,1,3342,chr3_44681856_A_C_b38_A__dominant,chr3_44681856_A_C_b38_A,dominant,0.365277340315705,11,260,87,7,/project2/mstephens/wdenault/susie_mix/results_em/iteration_012/plot/one_cs_dominant/expression/ZNF660_Nerve_add_vs_mix.png
ZNF761,Colon,dominant,plotted,Four-panel SuSiE / EM 12 SuSiE-mix comparison created,weighted_fit_mix,1,L1,1,1859,chr19_53402594_C_T_b38_C,chr19_53402594_C_T_b38_C,additive,0.224212698780326,20,Single credible-set lead,134,150,48,TRUE,Same lead SNP; coding change only: additive -> dominant,-453.760377290791,-452.201643469836,3.11746764191048,1,L1,1,8889,chr19_53402594_C_T_b38_C__dominant,chr19_53402594_C_T_b38_C,dominant,0.316845868656382,22,134,150,48,/project2/mstephens/wdenault/susie_mix/results_em/iteration_012/plot/one_cs_dominant/expression/ZNF761_Colon_add_vs_mix.png
