"gene","status","detail","result_md5","n_fits"
"A1BG","valid","Validated converged fits","388c203b7a19ff7cb380dd449a8b2b59",27
"A1CF","valid","Validated converged fits","425b0bf1f2b199f28e967beb02561db1",27
"A2M","valid","Validated converged fits","80510e5ce329c2585e2c61ddc55ab259",27
"A2ML1","valid","Validated converged fits","05fcb9f3e2f94e85128d124451948f81",27
"A3GALT2","valid","Validated converged fits","42b15e799de8a053cd5ea89e0766aa65",27
"A4GALT","valid","Validated converged fits","cd7a5728d77acdf271e0acc4e333b561",27
"A4GNT","valid","Validated converged fits","8e6e2617b4290ae830971e8a4c59f5ca",27
"AAAS","valid","Validated converged fits","590a21946bf722d602e8bd36e8e0c4a7",27
"AACS","valid","Validated converged fits","fdb71c76e9c3f825af88b904a295d318",27
"AADAC","valid","Validated converged fits","5bec11038615a23d4a1b01468253df2a",27
"AADACL2","valid","Validated converged fits","a53049f0c68eed9549729e4bf0d85b0e",27
"AADACL3","valid","Validated converged fits","42912cd9120829076ca4900842e990a6",27
"AADACL4","valid","Validated converged fits","fc9532f4304fdcb40d85b3933b02ea75",27
"AADAT","valid","Validated converged fits","7ff95c75a80b86a2bfc126f5a8afcadc",27
"AAGAB","valid","Validated converged fits","d4bdfff5f45e289c2b15a9cd63f7e54d",27
"AAK1","valid","Validated converged fits","99e410ea0ada34bdb8fb9834caf996f9",27
"AAMDC","valid","Validated converged fits","15774b87a272772440625f99ea3c438f",27
"AAMP","valid","Validated converged fits","e6fedd4f05349d5470500fd7049309ba",27
"AANAT","valid","Validated converged fits","1457a4c1bb5df33a3ab6f848f2c747df",27
"AAR2","valid","Validated converged fits","954ff90d44c922a3315abf5e1b9c0fde",27
"AARD","valid","Validated converged fits","202060cb15c19b30e8b222a61173eb81",27
"AARS2","retry","Missing result","",0
"AARSD1","retry","Missing result","",0
"AASDH","retry","Missing result","",0
"AASDHPPT","retry","Missing result","",0
"AASS","retry","Missing result","",0
"AATF","retry","Missing result","",0
"AATK","retry","Missing result","",0
"ABAT","retry","Missing result","",0
"ABCA1","retry","Missing result","",0
"ABCA10","retry","Missing result","",0
"ABCA12","retry","Missing result","",0
"ABCA13","retry","Missing result","",0
"ABCA2","retry","Missing result","",0
"ABCA3","retry","Missing result","",0
"ABCA4","retry","Missing result","",0
"ABCA5","retry","Missing result","",0
"ABCA6","retry","Missing result","",0
"ABCA7","retry","Missing result","",0
"ABCA8","retry","Missing result","",0
"ABCA9","retry","Missing result","",0
"ABCB1","retry","Missing result","",0
"ABCB10","retry","Missing result","",0
"ABCB11","retry","Missing result","",0
"ABCB4","retry","Missing result","",0
"ABCB5","retry","Missing result","",0
"ABCB6","retry","Missing result","",0
"ABCB7","retry","Missing result","",0
"ABCB8","retry","Missing result","",0
"ABCB9","retry","Missing result","",0
"ABCC1","retry","Missing result","",0
"ABCC10","retry","Missing result","",0
"ABCC11","retry","Missing result","",0
"ABCC12","retry","Missing result","",0
"ABCC2","retry","Missing result","",0
"ABCC3","retry","Missing result","",0
"ABCC4","retry","Missing result","",0
"ABCC5","retry","Missing result","",0
"ABCC6","retry","Missing result","",0
"ABCC8","retry","Missing result","",0
"ABCC9","retry","Missing result","",0
"ABCD1","retry","Missing result","",0
"ABCD2","valid","Validated converged fits","9988862780b51e1d8ff75d0cf6b7f65c",27
"ABCD3","valid","Validated converged fits","5e65a26b6087e8d6c7545aa8fe411daf",27
"ABCD4","valid","Validated converged fits","684fd5dbae45d0f75e16d67a7df746b4",27
"ABCE1","valid","Validated converged fits","d587910dd7733c2820626dda962532c0",27
"ABCF1","valid","Validated converged fits","aa29e91219eb6e0a07539d5836671efb",27
"ABCF2","valid","Validated converged fits","0f47d07165a7659d72d420027bd85c61",27
"ABCF3","valid","Validated converged fits","fa4177c3f20f905d95d6eef5a32bd31c",27
"ABCG1","valid","Validated converged fits","3f7a1e8a3c57dfb0703db4088f270e34",27
"ABCG2","valid","Validated converged fits","19de97f6af02ff60dbe4b59e1b5d685c",27
"ABCG4","retry","Unconverged slider fit.","c632160068c1b89dea414d03d77b0799",0
"ABCG5","retry","Missing result","",0
"ABCG8","retry","Missing result","",0
"ABHD1","retry","Missing result","",0
"ABHD10","retry","Missing result","",0
"ABHD11","retry","Missing result","",0
"ABHD12","retry","Missing result","",0
"ABHD12B","retry","Missing result","",0
"ABHD13","retry","Missing result","",0
"ABHD14A","retry","Missing result","",0
"ABHD14B","retry","Missing result","",0
"ABHD15","retry","Missing result","",0
"ABHD16A","retry","Missing result","",0
"ABHD17A","retry","Missing result","",0
"ABHD17B","retry","Missing result","",0
"ABHD17C","retry","Missing result","",0
"ABHD18","retry","Missing result","",0
"ABHD2","retry","Missing result","",0
"ABHD3","retry","Missing result","",0
"ABHD4","retry","Missing result","",0
"ABHD5","retry","Missing result","",0
"ABHD6","retry","Missing result","",0
"ABHD8","retry","Missing result","",0
"ABI1","retry","Missing result","",0
"ABI2","retry","Missing result","",0
"ABI3","retry","Missing result","",0
"ABI3BP","retry","Missing result","",0
"ABL1","retry","Missing result","",0
"ABL2","retry","Missing result","",0
"ABLIM1","retry","Missing result","",0
"ABLIM2","retry","Missing result","",0
"ABLIM3","retry","Missing result","",0
"ABO","retry","Missing result","",0
"ABR","retry","Missing result","",0
"ABRA","retry","Missing result","",0
"ABRACL","retry","Missing result","",0
"ABT1","retry","Missing result","",0
"ABTB1","retry","Missing result","",0
"ABTB2","retry","Missing result","",0
"AC002456.2","retry","Missing result","",0
"AC034228.3","retry","Missing result","",0
"AC053503.6","retry","Missing result","",0
"AC068831.6","retry","Missing result","",0
"AC079741.2","retry","Missing result","",0
"AC138647.1","retry","Missing result","",0
"ACAA1","retry","Missing result","",0
"ACAA2","retry","Missing result","",0
"ACACA","retry","Missing result","",0
"ACACB","retry","Missing result","",0
"ACAD10","retry","Missing result","",0
"ACAD11","retry","Missing result","",0
"ACAD8","retry","Missing result","",0
"ACAD9","retry","Missing result","",0
"ACADL","valid","Validated converged fits","1480ec971cd824f23a471783fe4a8c1e",27
"ACADM","valid","Validated converged fits","da2fc7b734312eab0fdf2787c7614ff5",27
"ACADS","valid","Validated converged fits","ae73ca20d13f208eb260b139849f4746",27
"ACADSB","valid","Validated converged fits","52c06e43d79ed0179f46db66fa5f0a6a",27
"ACADVL","valid","Validated converged fits","67fd35edec2709796b07792cce6ac4de",27
"ACAN","valid","Validated converged fits","32f0dcd73b81afc21f04fd78907a20d5",27
"ACAP1","valid","Validated converged fits","f139fe8b5249db4a2161d9b9dc9538f3",27
"ACAP2","valid","Validated converged fits","5a9e29b19275fde1a09c3fc6458bc4a2",27
"ACAP3","valid","Validated converged fits","9a8b5ef655d7fed497c486db17b70fb7",27
"ACAT1","valid","Validated converged fits","b988e6935bf43c054a833a9492e8817c",27
"ACAT2","valid","Validated converged fits","68a72f56ee6464320c0085784a07d511",27
"ACBD3","valid","Validated converged fits","6843cb8047827a0aeb2ffa7eb4f18ce0",27
"ACBD4","retry","Missing result","",0
"ACBD5","retry","Missing result","",0
"ACBD6","retry","Missing result","",0
"ACBD7","retry","Missing result","",0
"ACCS","retry","Missing result","",0
"ACCSL","retry","Missing result","",0
"ACD","retry","Missing result","",0
"ACE","retry","Missing result","",0
"ACE2","retry","Missing result","",0
"ACER1","retry","Missing result","",0
"ACER2","retry","Missing result","",0
"ACER3","retry","Missing result","",0
"ACHE","retry","Missing result","",0
"ACIN1","retry","Missing result","",0
"ACKR1","retry","Missing result","",0
"ACKR2","retry","Missing result","",0
"ACKR3","retry","Missing result","",0
"ACKR4","retry","Missing result","",0
"ACLY","retry","Missing result","",0
"ACMSD","retry","Missing result","",0
"ACO1","retry","Missing result","",0
"ACO2","retry","Missing result","",0
"ACOD1","retry","Missing result","",0
"ACOT1","retry","Missing result","",0
"ACOT11","retry","Missing result","",0
"ACOT12","retry","Missing result","",0
"ACOT13","retry","Missing result","",0
"ACOT2","retry","Missing result","",0
"ACOT4","retry","Missing result","",0
"ACOT6","retry","Missing result","",0
"ACOT7","retry","Missing result","",0
"ACOT8","retry","Missing result","",0
"ACOT9","retry","Missing result","",0
"ACOX1","retry","Missing result","",0
"ACOX2","retry","Missing result","",0
"ACOX3","retry","Missing result","",0
"ACOXL","retry","Missing result","",0
"ACP1","retry","Missing result","",0
"ACP2","retry","Missing result","",0
"ACP5","retry","Missing result","",0
"ACP6","retry","Missing result","",0
"ACP7","retry","Missing result","",0
"ACR","retry","Missing result","",0
"ACRBP","retry","Missing result","",0
"ACRV1","retry","Missing result","",0
"ACSBG1","retry","Missing result","",0
"ACSBG2","retry","Missing result","",0
"ACSF2","retry","Missing result","",0
"ACSF3","retry","Missing result","",0
"ACSL1","retry","Missing result","",0
"ACSL3","valid","Validated converged fits","12654180b8b88ef6df4326ddb3f568cc",27
"ACSL4","retry","PLINK failed for ACSL4 on chromosome X with exit status 7","0d1fc5f24e9c7adfdbf14db64df8d722",0
"ACSL5","valid","Validated converged fits","79653e59db360cd9a1e5190fa2f5a543",27
"ACSL6","valid","Validated converged fits","9997c30902530474d2de13de0a6b4405",27
"ACSM1","valid","Validated converged fits","f74dfdd6e630043eb9be5df8a67ef7b4",27
"ACSM2A","valid","Validated converged fits","4cefa2dc67bafc54ab053521d994c2b4",27
"ACSM2B","valid","Validated converged fits","04fa5009ad0ca116784bff8cce2ae8d3",27
"ACSM3","valid","Validated converged fits","9df1c712266ce9f46eeb9b8a99fd57d0",27
"ACSM4","valid","Validated converged fits","88799834ccf46f74ff9c6b2b4c6ee112",27
"ACSM5","valid","Validated converged fits","35820303db5800effa7d5894e650c9eb",27
"ACSM6","valid","Validated converged fits","e869686d562f81d1f3840343a89eb331",27
"ACSS1","valid","Validated converged fits","1471c28ccaf22100adaed35ff3b4372f",27
"ACSS2","valid","Validated converged fits","f24f8cfe3e7c9f19f0345832ee2ee45d",27
"ACSS3","valid","Validated converged fits","2697dd9c669166261b1dea3a5e4d3fb6",27
"ACTA1","valid","Validated converged fits","c7ffd8467c16e2c73460254ce69435df",27
"ACTA2","valid","Validated converged fits","2d1ec75fd6e9f27d355753efa22c4a81",27
"ACTB","valid","Validated converged fits","41ddc2817c003706d3f975fce038ca8d",27
"ACTBL2","valid","Validated converged fits","84e54c3527930db7cd59e46aeb2f7cea",27
"ACTC1","valid","Validated converged fits","2e3f08197eaad0dd51e2e5d8140b49d4",27
"ACTG1","retry","Missing result","",0
"ACTG2","retry","Missing result","",0
"ACTL10","retry","Missing result","",0
"ACTL6A","retry","Missing result","",0
"ACTL6B","retry","Missing result","",0
"ACTL7A","retry","Missing result","",0
"ACTL7B","retry","Missing result","",0
"ACTL8","retry","Missing result","",0
"ACTL9","retry","Missing result","",0
"ACTN1","retry","Missing result","",0
"ACTN2","retry","Missing result","",0
"ACTN3","retry","Missing result","",0
"ACTN4","retry","Missing result","",0
"ACTR10","retry","Missing result","",0
"ACTR1A","retry","Missing result","",0
"ACTR1B","retry","Missing result","",0
"ACTR2","retry","Missing result","",0
"ACTR3","retry","Missing result","",0
"ACTR3B","retry","Missing result","",0
"ACTR3C","retry","Missing result","",0
"ACTR5","retry","Missing result","",0
"ACTR6","retry","Missing result","",0
"ACTR8","retry","Missing result","",0
"ACTRT1","retry","Missing result","",0
"ACTRT2","retry","Missing result","",0
"ACTRT3","retry","Missing result","",0
"ACVR1","retry","Missing result","",0
"ACVR1B","retry","Missing result","",0
"ACVR1C","retry","Missing result","",0
"ACVR2A","retry","Missing result","",0
"ACVR2B","retry","Missing result","",0
"ACVRL1","retry","Missing result","",0
"ACY1","retry","Missing result","",0
"ACY3","retry","Missing result","",0
"ACYP1","retry","Missing result","",0
"ACYP2","retry","Missing result","",0
"ADA","retry","Missing result","",0
"ADAD1","retry","Missing result","",0
"ADAD2","retry","Missing result","",0
"ADAL","retry","Missing result","",0
"ADAM10","retry","Missing result","",0
"ADAM11","retry","Missing result","",0
"ADAM12","retry","Missing result","",0
"ADAM15","valid","Validated converged fits","a71269b75bf74b86eda49574e310e214",27
"ADAM17","valid","Validated converged fits","fc2f14367099111bcc44ca4428411493",27
"ADAM18","valid","Validated converged fits","5e676a4dfb4cb588fe1e58593d0e5fbc",27
"ADAM19","valid","Validated converged fits","f150e2f36fe6c00fa7ead04f35aa889e",27
"ADAM2","valid","Validated converged fits","42a042e01177c3b7b9f8215344e21ebc",27
"ADAM20","valid","Validated converged fits","ae57254e921b8e5b193ba48544eac358",27
"ADAM21","valid","Validated converged fits","7a9f494af678069e361d916774de8ad1",27
"ADAM22","valid","Validated converged fits","352fd91bca5f13dd43fd44e0aa85e955",27
"ADAM23","valid","Validated converged fits","251931b6f49038b25b1d24aea6b2cd32",27
"ADAM28","valid","Validated converged fits","df1a9f9c142cba2f5f645441b2fc40c1",27
"ADAM29","valid","Validated converged fits","76c92c92db5fdb55403cba62d0611a4e",27
"ADAM30","valid","Validated converged fits","1bbc6f10b9a06dc4d29acec29b4cc165",27
"ADAM32","valid","Validated converged fits","cb3aa407a01ed82c391e8def5d6edbfc",27
"ADAM33","valid","Validated converged fits","d80dad20924594f397e02e43d29a2b03",27
"ADAM7","valid","Validated converged fits","e52817d91c2a863658b4da8ceb64ca48",27
"ADAM8","valid","Validated converged fits","58c328be8029ebe64680ce59c8bbbd7b",27
"ADAM9","valid","Validated converged fits","aed3f4a6f1198ae2c30625b6b5ba6d1f",27
"ADAMDEC1","valid","Validated converged fits","e72276d5ee161a35ffc2b36e4ad7c805",27
"ADAMTS1","retry","Missing result","",0
"ADAMTS10","retry","Missing result","",0
"ADAMTS12","retry","Missing result","",0
"ADAMTS13","retry","Missing result","",0
"ADAMTS14","retry","Missing result","",0
"ADAMTS15","retry","Missing result","",0
"ADAMTS16","retry","Missing result","",0
"ADAMTS17","retry","Missing result","",0
"ADAMTS18","retry","Missing result","",0
"ADAMTS19","retry","Missing result","",0
"ADAMTS2","retry","Missing result","",0
"ADAMTS20","retry","Missing result","",0
"ADAMTS3","retry","Missing result","",0
"ADAMTS4","retry","Missing result","",0
"ADAMTS5","retry","Missing result","",0
"ADAMTS6","retry","Missing result","",0
"ADAMTS7","retry","Missing result","",0
"ADAMTS8","retry","Missing result","",0
"ADAMTS9","retry","Missing result","",0
"ADAMTSL1","retry","Missing result","",0
"ADAMTSL2","retry","Missing result","",0
"ADAMTSL3","retry","Missing result","",0
"ADAMTSL4","retry","Missing result","",0
"ADAMTSL5","retry","Missing result","",0
"ADAP1","retry","Missing result","",0
"ADAP2","retry","Missing result","",0
"ADAR","retry","Missing result","",0
"ADARB1","retry","Missing result","",0
"ADARB2","retry","Missing result","",0
"ADAT1","retry","Missing result","",0
"ADAT2","retry","Missing result","",0
"ADAT3","retry","Missing result","",0
"ADCK1","retry","Missing result","",0
"ADCK2","retry","Missing result","",0
"ADCK5","retry","Missing result","",0
"ADCY1","retry","Missing result","",0
"ADCY10","retry","Missing result","",0
"ADCY2","retry","Missing result","",0
"ADCY3","retry","Missing result","",0
"ADCY4","retry","Missing result","",0
"ADCY5","retry","Missing result","",0
"ADCY6","retry","Missing result","",0
"ADCY7","retry","Missing result","",0
"ADCY8","retry","Missing result","",0
"ADCY9","valid","Validated converged fits","c7fb93e03edd4b58592637ccb11b351b",27
"ADCYAP1","valid","Validated converged fits","992aca7cbfcec6f47fb8537bbbfb9b2e",27
"ADCYAP1R1","valid","Validated converged fits","463a08c865185f9333e04c76b3f8516c",27
"ADD1","valid","Validated converged fits","87e07ad3a50dc026dba54be8adf7bd18",27
"ADD2","valid","Validated converged fits","665f634f64f51ff7a0acd09c95835b61",27
"ADD3","valid","Validated converged fits","b55b8bc8d8b44a7f9220d3f8b5a9689c",27
"ADGB","valid","Validated converged fits","0ee9a6fd0c8c62c6bf2a7e0e9234869c",27
"ADGRA1","valid","Validated converged fits","6c634464800c60da7ac2bf196af1aa0e",27
"ADGRA2","valid","Validated converged fits","249a2ae58ffd1596446686d290c75511",27
"ADGRA3","valid","Validated converged fits","c31fba2e021bbd3202a6668167a3f195",27
"ADGRB1","valid","Validated converged fits","653cc13f60089c8339847e53a511a355",27
"ADGRB2","valid","Validated converged fits","2c88a1a054f9da7c3dfc67531457fe32",27
"ADGRB3","valid","Validated converged fits","174d606ea6150a2152f2e4a70ff80678",27
"ADGRD1","valid","Validated converged fits","00dbcd4d0587d707aaa0b0d67dcbe3a8",27
"ADGRD2","valid","Validated converged fits","730a43ed5f78d5de7566ad9e80a723dc",27
"ADGRE1","valid","Validated converged fits","ed5548da4dae8e7846aa276b5fe925f6",27
"ADGRE2","valid","Validated converged fits","9d705b52697867abedf919e521b8ed63",27
"ADGRE3","retry","Missing result","",0
"ADGRE5","retry","Missing result","",0
"ADGRF1","retry","Missing result","",0
"ADGRF2","retry","Missing result","",0
"ADGRF3","retry","Missing result","",0
"ADGRF4","retry","Missing result","",0
"ADGRF5","retry","Missing result","",0
"ADGRG1","retry","Missing result","",0
"ADGRG2","retry","Missing result","",0
"ADGRG3","retry","Missing result","",0
"ADGRG4","retry","Missing result","",0
"ADGRG5","retry","Missing result","",0
"ADGRG6","retry","Missing result","",0
"ADGRG7","retry","Missing result","",0
"ADGRL1","retry","Missing result","",0
"ADGRL2","retry","Missing result","",0
"ADGRL3","retry","Missing result","",0
"ADGRL4","retry","Missing result","",0
"ADGRV1","retry","Missing result","",0
"ADH1A","retry","Missing result","",0
"ADH1B","retry","Missing result","",0
"ADH1C","retry","Missing result","",0
"ADH4","retry","Missing result","",0
"ADH5","retry","Missing result","",0
"ADH6","retry","Missing result","",0
"ADH7","retry","Missing result","",0
"ADHFE1","retry","Missing result","",0
"ADI1","retry","Missing result","",0
"ADIG","retry","Missing result","",0
"ADIPOQ","retry","Missing result","",0
"ADIPOR1","retry","Missing result","",0
"ADIPOR2","retry","Missing result","",0
"ADIRF","retry","Missing result","",0
"ADK","retry","Missing result","",0
"ADM","retry","Missing result","",0
"ADM2","retry","Missing result","",0
"ADM5","retry","Missing result","",0
"ADNP","retry","Missing result","",0
"ADNP2","retry","Missing result","",0
"ADO","retry","Missing result","",0
"ADORA1","retry","Missing result","",0
"ADORA2A","retry","Missing result","",0
"ADORA2B","retry","Missing result","",0
"ADORA3","retry","Missing result","",0
"ADPGK","retry","Missing result","",0
"ADPRH","valid","Validated converged fits","ebfa031f59d4cb098521585708b1efd5",27
"ADPRHL1","valid","Validated converged fits","2c7a9f5f0b8cddbddc487946a2217c47",27
"ADPRM","valid","Validated converged fits","76b2763559b88fa5829f4b4124a428fe",27
"ADRA1A","valid","Validated converged fits","6c025412070936d445b89e721f4f645f",27
"ADRA1B","valid","Validated converged fits","50d3d558dd85983d5bbb163040bf770e",27
"ADRA1D","valid","Validated converged fits","32e503f3932cf4eb4354e27cd11650bf",27
"ADRA2A","valid","Validated converged fits","e2438bb5466755fc03b95a081a050445",27
"ADRA2B","valid","Validated converged fits","b27848698120ccdd568d4a856c5cf44e",27
"ADRA2C","valid","Validated converged fits","9434669596f493013059695544c69fb2",27
"ADRB1","valid","Validated converged fits","a4b931d12a87aaccf3c56856605a6b51",27
"ADRB2","valid","Validated converged fits","01ed733e93c5543ce876924f4bea7992",27
"ADRB3","valid","Validated converged fits","97defc0bb354e8f1f94137c162ec09de",27
"ADRM1","valid","Validated converged fits","346801efb155f0c2574915a3d93d3758",27
"ADSL","valid","Validated converged fits","c3bbee51ac3687451268135ed8e41857",27
"ADTRP","valid","Validated converged fits","a7e24d77c68ac29e460115aac0bc58d2",27
"AEBP1","valid","Validated converged fits","ed6210a0a3c675a315689a5ce7c72329",27
"AEBP2","valid","Validated converged fits","c34bc66e65f6287bc2d2ba346a0964cc",27
"AEN","retry","Missing result","",0
"AFAP1","retry","Missing result","",0
"AFAP1L1","retry","Missing result","",0
"AFAP1L2","retry","Missing result","",0
"AFDN","retry","Missing result","",0
"AFF1","retry","Missing result","",0
"AFF2","retry","Missing result","",0
"AFF3","retry","Missing result","",0
"AFF4","retry","Missing result","",0
"AFG3L2","retry","Missing result","",0
"AFM","retry","Missing result","",0
"AFMID","retry","Missing result","",0
"AFP","retry","Missing result","",0
"AFTPH","retry","Missing result","",0
"AGA","retry","Missing result","",0
"AGAP1","retry","Missing result","",0
"AGAP2","retry","Missing result","",0
"AGAP3","retry","Missing result","",0
"AGAP4","retry","Missing result","",0
"AGAP5","retry","Missing result","",0
"AGAP6","retry","Missing result","",0
"AGAP9","retry","Missing result","",0
"AGBL1","retry","Missing result","",0
"AGBL2","retry","Missing result","",0
"AGBL3","retry","Missing result","",0
"AGBL4","retry","Missing result","",0
"AGBL5","retry","Missing result","",0
"AGER","retry","Missing result","",0
"AGFG1","retry","Missing result","",0
"AGFG2","retry","Missing result","",0
"AGGF1","retry","Missing result","",0
"AGK","retry","Missing result","",0
"AGL","retry","Missing result","",0
"AGMAT","retry","Missing result","",0
"AGMO","retry","Missing result","",0
"AGO1","retry","Missing result","",0
"AGO2","retry","Missing result","",0
"AGO3","retry","Missing result","",0
"AGO4","retry","Missing result","",0
"AGPAT1","retry","Missing result","",0
"AGPAT2","retry","Missing result","",0
"AGPAT3","retry","Missing result","",0
"AGPAT4","retry","Missing result","",0
"AGPAT5","retry","Missing result","",0
"AGPS","retry","Missing result","",0
"AGR2","retry","Missing result","",0
"AGR3","retry","Missing result","",0
"AGRN","retry","Missing result","",0
"AGRP","retry","Missing result","",0
"AGT","retry","Missing result","",0
"AGTPBP1","retry","Missing result","",0
"AGTR1","retry","Missing result","",0
"AGTR2","retry","Missing result","",0
"AGTRAP","retry","Missing result","",0
"AGXT","retry","Missing result","",0
"AGXT2","retry","Missing result","",0
"AHCTF1","retry","Missing result","",0
"AHCY","retry","Missing result","",0
"AHCYL1","retry","Missing result","",0
"AHCYL2","retry","Missing result","",0
"AHDC1","retry","Missing result","",0
"AHI1","retry","Missing result","",0
"AHNAK","retry","Missing result","",0
"AHNAK2","retry","Missing result","",0
"AHR","retry","Missing result","",0
"AHRR","retry","Missing result","",0
"AHSA1","retry","Missing result","",0
"AHSG","retry","Missing result","",0
"AHSP","retry","Missing result","",0
"AICDA","retry","Missing result","",0
"AIDA","retry","Missing result","",0
"AIF1","retry","Missing result","",0
"AIF1L","retry","Missing result","",0
"AIFM1","retry","Missing result","",0
"AIFM2","retry","Missing result","",0
"AIFM3","retry","Missing result","",0
"AIG1","retry","Missing result","",0
"AIM2","retry","Missing result","",0
"AIMP1","retry","Missing result","",0
"AIMP2","retry","Missing result","",0
"AIP","retry","Missing result","",0
"AIPL1","retry","Missing result","",0
"AIRE","retry","Missing result","",0
"AJAP1","retry","Missing result","",0
"AJUBA","retry","Missing result","",0
"AK1","retry","Missing result","",0
"AK2","retry","Missing result","",0
"AK3","retry","Missing result","",0
"AK4","retry","Missing result","",0
"AK5","retry","Missing result","",0
"AK6","retry","Missing result","",0
"AK7","retry","Missing result","",0
"AK8","retry","Missing result","",0
"AK9","retry","Missing result","",0
"AKAIN1","retry","Missing result","",0
"AKAP1","retry","Missing result","",0
"AKAP10","retry","Missing result","",0
"AKAP11","retry","Missing result","",0
"AKAP12","retry","Missing result","",0
"AKAP13","retry","Missing result","",0
"AKAP14","retry","Missing result","",0
"AKAP17A","retry","Missing result","",0
"AKAP3","retry","Missing result","",0
"AKAP4","retry","Missing result","",0
"AKAP5","retry","Missing result","",0
"AKAP6","retry","Missing result","",0
"AKAP7","retry","Missing result","",0
"AKAP8","valid","Validated converged fits","e1d4c05e28da266e5f21f0d244ce7287",27
"AKAP8L","valid","Validated converged fits","8eba63ea3f088a05c37866d20bf8ef50",27
"AKAP9","retry","Unconverged slider fit.","6124a73abc217c84f223654964085110",0
"AKIP1","valid","Validated converged fits","efd161c2e18a8f8f3eac6f4e23234b74",27
"AKIRIN1","valid","Validated converged fits","a6e390f8626851677022e835a3d2d5d4",27
"AKIRIN2","valid","Validated converged fits","51f7f34a29eb1019d94e7a70589c61c8",27
"AKNA","valid","Validated converged fits","701d3579efafca1685c0c4c358f9a320",27
"AKNAD1","valid","Validated converged fits","04e1725331e7d6c528fd0049755a8acc",27
"AKR1A1","valid","Validated converged fits","e5e272e0f37caf4af4015aee7d3b8e7b",27
"AKR1B1","valid","Validated converged fits","abbb27e143204d411fef23e6ba42a083",27
"AKR1B10","retry","Missing result","",0
"AKR1B15","retry","Missing result","",0
"AKR1C1","retry","Missing result","",0
"AKR1C2","retry","Missing result","",0
"AKR1C3","retry","Missing result","",0
"AKR1C4","retry","Missing result","",0
"AKR1C8P","retry","Missing result","",0
"AKR1D1","retry","Missing result","",0
"AKR1E2","retry","Missing result","",0
"AKR7A2","retry","Missing result","",0
"AKR7A3","retry","Missing result","",0
"AKT1","retry","Missing result","",0
"AKT1S1","retry","Missing result","",0
"AKT2","retry","Missing result","",0
"AKT3","retry","Missing result","",0
"AKTIP","retry","Missing result","",0
"ALAD","retry","Missing result","",0
"ALAS1","retry","Missing result","",0
"ALAS2","retry","Missing result","",0
"ALB","retry","Missing result","",0
"ALCAM","retry","Missing result","",0
"ALDH16A1","retry","Missing result","",0
"ALDH18A1","retry","Missing result","",0
"ALDH1A1","retry","Missing result","",0
"ALDH1A2","retry","Missing result","",0
"ALDH1A3","retry","Missing result","",0
"ALDH1B1","retry","Missing result","",0
"ALDH1L1","retry","Missing result","",0
"ALDH1L2","retry","Missing result","",0
"ALDH2","retry","Missing result","",0
"ALDH3A1","retry","Missing result","",0
"ALDH3A2","retry","Missing result","",0
"ALDH3B1","retry","Missing result","",0
"ALDH3B2","retry","Missing result","",0
"ALDH4A1","retry","Missing result","",0
"ALDH5A1","retry","Missing result","",0
"ALDH6A1","retry","Missing result","",0
"ALDH7A1","retry","Missing result","",0
"ALDH8A1","retry","Missing result","",0
"ALDH9A1","retry","Missing result","",0
"ALDOA","retry","Missing result","",0
"ALDOB","retry","Missing result","",0
"ALDOC","retry","Missing result","",0
"ALG1","retry","Missing result","",0
"ALG10","retry","Missing result","",0
"ALG10B","retry","Missing result","",0
"ALG11","retry","Missing result","",0
"ALG12","retry","Missing result","",0
"ALG13","retry","Missing result","",0
"ALG14","retry","Missing result","",0
"ALG1L","retry","Missing result","",0
"ALG1L2","retry","Missing result","",0
"ALG2","valid","Validated converged fits","e04c2ac144abfb5222ff1995ec68853b",27
"ALG3","valid","Validated converged fits","1c3ddc5ac384cea735d9b1e3cef07ca6",27
"ALG5","retry","Missing result","",0
"ALG6","retry","Missing result","",0
"ALG8","retry","Missing result","",0
"ALG9","retry","Missing result","",0
"ALK","retry","Missing result","",0
"ALKAL1","retry","Missing result","",0
"ALKAL2","retry","Missing result","",0
"ALKBH1","retry","Missing result","",0
"ALKBH2","retry","Missing result","",0
"ALKBH3","retry","Missing result","",0
"ALKBH4","retry","Missing result","",0
"ALKBH5","retry","Missing result","",0
"ALKBH6","retry","Missing result","",0
"ALKBH7","retry","Missing result","",0
"ALKBH8","retry","Missing result","",0
"ALLC","retry","Missing result","",0
"ALMS1","retry","Missing result","",0
"ALOX12","retry","Missing result","",0
"ALOX12B","retry","Missing result","",0
"ALOX15","retry","Missing result","",0
"ALOX15B","retry","Missing result","",0
"ALOX5","retry","Missing result","",0
"ALOX5AP","retry","Missing result","",0
"ALOXE3","retry","Missing result","",0
"ALPI","retry","Missing result","",0
"ALPK1","retry","Missing result","",0
"ALPK2","retry","Missing result","",0
"ALPK3","retry","Missing result","",0
"ALPL","retry","Missing result","",0
"ALPP","retry","Missing result","",0
"ALS2","retry","Missing result","",0
"ALS2CL","retry","Missing result","",0
"ALX1","retry","Missing result","",0
"ALX3","retry","Missing result","",0
"ALX4","retry","Missing result","",0
"ALYREF","retry","Missing result","",0
"AMACR","retry","Missing result","",0
"AMBN","retry","Missing result","",0
"AMBP","retry","Missing result","",0
"AMBRA1","retry","Missing result","",0
"AMD1","retry","Missing result","",0
"AMDHD1","retry","Missing result","",0
"AMDHD2","retry","Missing result","",0
"AMELX","retry","Missing result","",0
"AMELY","retry","Missing result","",0
"AMER1","retry","Missing result","",0
"AMER2","retry","Missing result","",0
"AMER3","retry","Missing result","",0
"AMFR","retry","Missing result","",0
"AMH","retry","Missing result","",0
"AMHR2","retry","Missing result","",0
"AMIGO1","retry","Missing result","",0
"AMIGO2","retry","Missing result","",0
"AMIGO3","retry","Missing result","",0
"AMMECR1","retry","Missing result","",0
"AMMECR1L","retry","Missing result","",0
"AMN","retry","Missing result","",0
"AMN1","retry","Missing result","",0
"AMOT","retry","Missing result","",0
"AMOTL1","retry","Missing result","",0
"AMOTL2","valid","Validated converged fits","51e1043e92f36e6f5a1825e7a2e1ad9a",27
"AMPD1","valid","Validated converged fits","d5aa570aa995bb6fec6e493ef081463d",27
"AMPD2","valid","Validated converged fits","13c28dd4e29eac3e18d6fc9541620cff",27
"AMPD3","valid","Validated converged fits","5d3d5f146f91a99c59e0af5d81b9df35",27
"AMPH","valid","Validated converged fits","3c06ba3f666478f94d9e1a19188f189e",27
"AMT","valid","Validated converged fits","8f0956c709a670784e7c1c413d0d5bb1",27
"AMTN","valid","Validated converged fits","4454e4deb773780cb5c3d54b7446a08e",27
"AMY1A","valid","Validated converged fits","5bcbbc74f0fc90fc8f4f289cb12067c1",27
"AMY1B","valid","Validated converged fits","91df3be9bf29d3e39fccc39365c68388",27
"AMY1C","valid","Validated converged fits","c569be143ea0ebd4a9e960a90d95ee3e",27
"AMY2A","valid","Validated converged fits","eb3f0ca23f2f848d20ce6c2ff4ec5860",27
"AMY2B","valid","Validated converged fits","694bde67388b54cfb9cbbde197e7edad",27
"AMZ1","valid","Validated converged fits","8f0dc95c02c5dbdc4bc04693d149bc86",27
"AMZ2","valid","Validated converged fits","bddce8e2a44d79cd56653e4cff650b2c",27
"ANAPC1","retry","Missing result","",0
"ANAPC10","retry","Missing result","",0
"ANAPC11","retry","Missing result","",0
"ANAPC13","retry","Missing result","",0
"ANAPC15","retry","Missing result","",0
"ANAPC16","retry","Missing result","",0
"ANAPC2","retry","Missing result","",0
"ANAPC4","retry","Missing result","",0
"ANAPC5","retry","Missing result","",0
"ANAPC7","retry","Missing result","",0
"ANG","retry","Missing result","",0
"ANGEL1","retry","Missing result","",0
"ANGEL2","retry","Missing result","",0
"ANGPT1","retry","Missing result","",0
"ANGPT2","retry","Missing result","",0
"ANGPT4","retry","Missing result","",0
"ANGPTL1","retry","Missing result","",0
"ANGPTL2","retry","Missing result","",0
"ANGPTL3","retry","Missing result","",0
"ANGPTL4","retry","Missing result","",0
"ANGPTL5","retry","Missing result","",0
"ANGPTL6","retry","Missing result","",0
"ANGPTL7","retry","Missing result","",0
"ANGPTL8","retry","Missing result","",0
"ANHX","retry","Missing result","",0
"ANK1","retry","Missing result","",0
"ANK2","retry","Missing result","",0
"ANK3","retry","Missing result","",0
"ANKAR","retry","Missing result","",0
"ANKDD1A","retry","Missing result","",0
"ANKDD1B","retry","Missing result","",0
"ANKEF1","retry","Missing result","",0
"ANKFN1","retry","Missing result","",0
"ANKFY1","retry","Missing result","",0
"ANKH","retry","Missing result","",0
"ANKHD1","retry","Missing result","",0
"ANKIB1","retry","Missing result","",0
"ANKK1","retry","Missing result","",0
"ANKLE1","retry","Missing result","",0
"ANKLE2","retry","Missing result","",0
"ANKMY1","retry","Missing result","",0
"ANKMY2","retry","Missing result","",0
"ANKRA2","retry","Missing result","",0
"ANKRD1","retry","Missing result","",0
"ANKRD10","retry","Missing result","",0
"ANKRD11","retry","Missing result","",0
"ANKRD12","retry","Missing result","",0
"ANKRD13A","retry","Missing result","",0
"ANKRD13B","valid","Validated converged fits","e3afb8f3f406329285b041793de16b73",27
"ANKRD13C","valid","Validated converged fits","3619baa93b45617c3158588dabef30f2",27
"ANKRD13D","valid","Validated converged fits","a608b6d91adfe512663d443821c4819c",27
"ANKRD16","valid","Validated converged fits","a8b76447ba54f5d9c3ed96b25c446824",27
"ANKRD17","valid","Validated converged fits","ac83e7908a1ebf7782baee7aa2e9025c",27
"ANKRD18A","valid","Validated converged fits","02eb04313bbaa1c823372829356015b9",27
"ANKRD18B","valid","Validated converged fits","45625edc1adec8a17108383af8af7a32",27
"ANKRD2","valid","Validated converged fits","063ef89a91eb7c9a107677f020334b28",27
"ANKRD20A1","valid","Validated converged fits","3f25b0ad1b75151ee07bf4379058281b",27
"ANKRD22","valid","Validated converged fits","86b29c0936e1a73dd255ade0bf6479a7",27
"ANKRD23","valid","Validated converged fits","4a42a69806f3a0468c6254bf3447716b",27
"ANKRD24","valid","Validated converged fits","df0a0a41544a71bac6ee95793c49071f",27
"ANKRD26","valid","Validated converged fits","d021a75f79c1e2008082b7c35bc25d1a",27
"ANKRD27","valid","Validated converged fits","fa235c8cfce87fca1d373e42ff2c033b",27
"ANKRD28","valid","Validated converged fits","ab17862f8c8125f62d7b3b3322abc3bb",27
"ANKRD29","retry","Missing result","",0
"ANKRD30A","retry","Missing result","",0
"ANKRD30B","retry","Missing result","",0
"ANKRD30BL","retry","Missing result","",0
"ANKRD31","retry","Missing result","",0
"ANKRD33","retry","Missing result","",0
"ANKRD33B","retry","Missing result","",0
"ANKRD34A","retry","Missing result","",0
"ANKRD34B","retry","Missing result","",0
"ANKRD34C","retry","Missing result","",0
"ANKRD35","retry","Missing result","",0
"ANKRD36","retry","Missing result","",0
"ANKRD36B","retry","Missing result","",0
"ANKRD36C","retry","Missing result","",0
"ANKRD37","retry","Missing result","",0
"ANKRD39","retry","Missing result","",0
"ANKRD40","retry","Missing result","",0
"ANKRD42","retry","Missing result","",0
"ANKRD44","retry","Missing result","",0
"ANKRD45","retry","Missing result","",0
"ANKRD46","retry","Missing result","",0
"ANKRD49","retry","Missing result","",0
"ANKRD50","retry","Missing result","",0
"ANKRD52","retry","Missing result","",0
"ANKRD53","retry","Missing result","",0
"ANKRD54","retry","Missing result","",0
"ANKRD55","retry","Missing result","",0
"ANKRD6","retry","Missing result","",0
"ANKRD60","retry","Missing result","",0
"ANKRD61","retry","Missing result","",0
"ANKRD62","retry","Missing result","",0
"ANKRD63","retry","Missing result","",0
"ANKRD65","retry","Missing result","",0
"ANKRD66","retry","Missing result","",0
"ANKRD7","retry","Missing result","",0
"ANKRD9","retry","Missing result","",0
"ANKS1A","retry","Missing result","",0
"ANKS1B","retry","Missing result","",0
"ANKS3","retry","Missing result","",0
"ANKS4B","retry","Missing result","",0
"ANKS6","retry","Missing result","",0
"ANKUB1","retry","Missing result","",0
"ANKZF1","retry","Missing result","",0
"ANLN","retry","Missing result","",0
"ANO1","retry","Missing result","",0
"ANO10","retry","Missing result","",0
"ANO2","retry","Missing result","",0
"ANO3","valid","Validated converged fits","4600e4e4830a8972f9be7a5b004bbdc9",27
"ANO4","valid","Validated converged fits","dc6544b2421e9d11060fcf942e449597",27
"ANO5","valid","Validated converged fits","5dc9ce7f6a41ce6aca45195678a3cb2c",27
"ANO6","valid","Validated converged fits","95bf71e023447a09dd4efb064ea25ab3",27
"ANO7","valid","Validated converged fits","6cf8d857df28cda6b731fa7454f8989f",27
"ANO8","valid","Validated converged fits","cb39cc9cb4cea0034586fed8b8bb4ea2",27
"ANO9","valid","Validated converged fits","05b3d25bcf7c3d480007dffbbe8eba1f",27
"ANOS1","retry","PLINK failed for ANOS1 on chromosome X with exit status 7","fe2b1f4b317c68f765701e784cdc55eb",0
"ANP32A","valid","Validated converged fits","980a63f9c4fca73b17b4066cfa9112b9",27
"ANP32B","valid","Validated converged fits","6b961dc0256202857c9ec372b5c9e02e",27
"ANP32D","valid","Validated converged fits","57f5437832453a5aa8d6aa4823f73c5b",27
"ANP32E","retry","Missing result","",0
"ANPEP","retry","Missing result","",0
"ANTXR1","retry","Missing result","",0
"ANTXR2","retry","Missing result","",0
"ANTXRL","retry","Missing result","",0
"ANXA1","retry","Missing result","",0
"ANXA10","retry","Missing result","",0
"ANXA11","retry","Missing result","",0
"ANXA13","retry","Missing result","",0
"ANXA2","retry","Missing result","",0
"ANXA2R","retry","Missing result","",0
"ANXA3","retry","Missing result","",0
"ANXA4","retry","Missing result","",0
"ANXA5","retry","Missing result","",0
"ANXA6","retry","Missing result","",0
"ANXA7","retry","Missing result","",0
"ANXA8","retry","Missing result","",0
"ANXA8L1","retry","Missing result","",0
"ANXA9","retry","Missing result","",0
"AOAH","retry","Missing result","",0
"AOC1","retry","Missing result","",0
"AOC2","retry","Missing result","",0
"AOC3","retry","Missing result","",0
"AOX1","retry","Missing result","",0
"AP006621.6","retry","Missing result","",0
"AP1AR","retry","Missing result","",0
"AP1B1","retry","Missing result","",0
"AP1G1","retry","Missing result","",0
"AP1G2","retry","Missing result","",0
"AP1M1","retry","Missing result","",0
"AP1M2","retry","Missing result","",0
"AP1S1","retry","Missing result","",0
"AP1S2","retry","Missing result","",0
"AP1S3","retry","Missing result","",0
"AP2A1","retry","Missing result","",0
"AP2A2","retry","Missing result","",0
"AP2B1","retry","Missing result","",0
"AP2M1","retry","Missing result","",0
"AP2S1","retry","Missing result","",0
"AP3B1","retry","Missing result","",0
"AP3B2","retry","Missing result","",0
"AP3D1","retry","Missing result","",0
"AP3M1","retry","Missing result","",0
"AP3M2","retry","Missing result","",0
"AP3S1","retry","Missing result","",0
"AP3S2","retry","Missing result","",0
"AP4B1","retry","Missing result","",0
"AP4E1","retry","Missing result","",0
"AP4M1","retry","Missing result","",0
"AP4S1","retry","Missing result","",0
"AP5B1","retry","Missing result","",0
"AP5M1","valid","Validated converged fits","a8e6daa0222380e84c59ab603ca16393",27
"AP5S1","valid","Validated converged fits","bfe34c7fb066407aec6f6af6e37c8ea3",27
"AP5Z1","valid","Validated converged fits","fa7eb0c7c5259e1022623ed500bd6331",27
"APAF1","valid","Validated converged fits","771b7e462f2e5265c68e8e01bd8e0f22",27
"APBA1","retry","Missing result","",0
"APBA2","retry","Missing result","",0
"APBA3","retry","Missing result","",0
"APBB1","retry","Missing result","",0
"APBB1IP","retry","Missing result","",0
"APBB2","retry","Missing result","",0
"APBB3","retry","Missing result","",0
"APC","retry","Missing result","",0
"APC2","retry","Missing result","",0
"APCDD1","retry","Missing result","",0
"APCDD1L","retry","Missing result","",0
"APCS","retry","Missing result","",0
"APEH","retry","Missing result","",0
"APELA","retry","Missing result","",0
"APEX1","retry","Missing result","",0
"APEX2","retry","Missing result","",0
"APH1A","retry","Missing result","",0
"APH1B","retry","Missing result","",0
"API5","retry","Missing result","",0
"APIP","retry","Missing result","",0
"APLF","retry","Missing result","",0
"APLN","retry","Missing result","",0
"APLNR","retry","Missing result","",0
"APLP1","retry","Missing result","",0
"APLP2","retry","Missing result","",0
"APMAP","retry","Missing result","",0
"APOA1","retry","Missing result","",0
"APOA2","retry","Missing result","",0
"APOA4","retry","Missing result","",0
"APOA5","retry","Missing result","",0
"APOB","retry","Missing result","",0
"APOBEC1","retry","Missing result","",0
"APOBEC2","retry","Missing result","",0
"APOBEC3A","retry","Missing result","",0
"APOBEC3B","retry","Missing result","",0
"APOBEC3C","retry","Missing result","",0
"APOBEC3D","retry","Missing result","",0
"APOBEC3F","retry","Missing result","",0
"APOBEC3G","retry","Missing result","",0
"APOBEC3H","retry","Missing result","",0
"APOBEC4","retry","Missing result","",0
"APOBR","retry","Missing result","",0
"APOC1","retry","Missing result","",0
"APOC2","retry","Missing result","",0
"APOC3","retry","Missing result","",0
"APOC4","retry","Missing result","",0
"APOD","retry","Missing result","",0
"APOE","retry","Missing result","",0
"APOF","retry","Missing result","",0
"APOH","retry","Missing result","",0
"APOL1","retry","Missing result","",0
"APOL2","retry","Missing result","",0
"APOL3","retry","Missing result","",0
"APOL4","retry","Missing result","",0
"APOL5","retry","Missing result","",0
"APOL6","retry","Missing result","",0
"APOLD1","retry","Missing result","",0
"APOM","retry","Missing result","",0
"APOO","retry","PLINK failed for APOO on chromosome X with exit status 7","b83f282ea29bd45345c502ac85969d5c",0
"APOOL","retry","PLINK failed for APOOL on chromosome X with exit status 7","834e95f3183c064ba500e84910cfb491",0
"APP","valid","Validated converged fits","d18a307e578059a5137334dc01b799cf",27
"APPBP2","valid","Validated converged fits","a6dc34e95b0d1463d60b306f1c7ee4d6",27
"APPL1","valid","Validated converged fits","e744a563bc93f029c83c008af60bc9e9",27
"APPL2","valid","Validated converged fits","b70c915db96cea738e2cf05d4cc54c24",27
"APRT","valid","Validated converged fits","9c0921f0b4446d81b976ef4740036eb5",27
"APTX","valid","Validated converged fits","08d0443ff4c5bd39d34c8c7e4bee5ab0",27
"AQP1","valid","Validated converged fits","e08ed1313c24b17e31087dcca99b19ec",27
"AQP10","valid","Validated converged fits","72dd232b23a095f489167a7a6223d774",27
"AQP11","valid","Validated converged fits","c81cb5e7dd7808815a4599f5c0bb0813",27
"AQP12A","valid","Validated converged fits","c56afc606685d7f00e547caf90018879",27
"AQP12B","valid","Validated converged fits","4c2b965f8ea39c4126c489fe04278dcc",27
"AQP2","valid","Validated converged fits","807a61f1858e6a3a6226a77e03e57b5e",27
"AQP3","retry","Missing result","",0
"AQP4","retry","Missing result","",0
"AQP5","retry","Missing result","",0
"AQP6","retry","Missing result","",0
"AQP7","retry","Missing result","",0
"AQP8","retry","Missing result","",0
"AQP9","retry","Missing result","",0
"AQR","retry","Missing result","",0
"AR","retry","Missing result","",0
"ARAF","retry","Missing result","",0
"ARAP1","retry","Missing result","",0
"ARAP2","retry","Missing result","",0
"ARAP3","retry","Missing result","",0
"ARC","retry","Missing result","",0
"ARCN1","retry","Missing result","",0
"AREG","retry","Missing result","",0
"AREL1","retry","Missing result","",0
"ARF1","retry","Missing result","",0
"ARF3","retry","Missing result","",0
"ARF4","retry","Missing result","",0
"ARF5","retry","Missing result","",0
"ARF6","retry","Missing result","",0
"ARFGAP1","retry","Missing result","",0
"ARFGAP2","retry","Missing result","",0
"ARFGAP3","retry","Missing result","",0
"ARFGEF1","retry","Missing result","",0
"ARFGEF2","retry","Missing result","",0
"ARFGEF3","retry","Missing result","",0
"ARFIP1","retry","Missing result","",0
"ARFIP2","retry","Missing result","",0
"ARFRP1","retry","Missing result","",0
"ARG1","retry","Missing result","",0
"ARG2","retry","Missing result","",0
"ARGFX","retry","Missing result","",0
"ARGLU1","retry","Missing result","",0
"ARHGAP1","retry","Missing result","",0
"ARHGAP10","retry","Missing result","",0
"ARHGAP11A","retry","Missing result","",0
"ARHGAP11B","retry","Missing result","",0
"ARHGAP12","retry","Missing result","",0
"ARHGAP15","retry","Missing result","",0
"ARHGAP17","retry","Missing result","",0
"ARHGAP18","retry","Missing result","",0
"ARHGAP19","retry","Missing result","",0
"ARHGAP20","retry","Missing result","",0
"ARHGAP21","retry","Missing result","",0
"ARHGAP22","retry","Missing result","",0
"ARHGAP23","retry","Missing result","",0
"ARHGAP24","valid","Validated converged fits","ccdffc23823e2b809bf50c1315516bb8",27
"ARHGAP25","valid","Validated converged fits","211b43a65629e77286f36b742e4bcb29",27
"ARHGAP26","valid","Validated converged fits","1989a442e445d8464a559167fc30ac94",27
"ARHGAP27","valid","Validated converged fits","c3e3f17269a33e21bf0dade8861278c3",27
"ARHGAP28","valid","Validated converged fits","457444bafd9dab542ca14c3c54179fa3",27
"ARHGAP29","valid","Validated converged fits","3044e2c9cca8d4c8a1367ebc1755a4bb",27
"ARHGAP30","valid","Validated converged fits","ae5b098a087b514f3501331db1b5dd6e",27
"ARHGAP31","valid","Validated converged fits","6fafabc690d6e4cc2a02b0a2bf9231be",27
"ARHGAP32","valid","Validated converged fits","0edf6cf34ca7c4c727b4d2dbe390b7dd",27
"ARHGAP33","valid","Validated converged fits","383d39a53a1a6e832fbffb6137cd8af8",27
"ARHGAP35","valid","Validated converged fits","2ea2f5d832b7b3e9d974573d89f31b96",27
"ARHGAP36","retry","PLINK failed for ARHGAP36 on chromosome X with exit status 7","8befccaf6e70c357946096535f7fe4fe",0
"ARHGAP39","valid","Validated converged fits","405836c329405e75e7d03e529bb09a02",27
"ARHGAP4","retry","PLINK failed for ARHGAP4 on chromosome X with exit status 7","f6693ca0b3e89c261c49ccd6bdd6bb10",0
"ARHGAP40","valid","Validated converged fits","8f8eab3267a5bf13a47ed9a015c93bab",27
"ARHGAP42","valid","Validated converged fits","fd0462efe37c9b1b3e6d02f7cd264a35",27
"ARHGAP44","valid","Validated converged fits","4f17bcd80efb29acb001d38f260f2fc7",27
"ARHGAP45","valid","Validated converged fits","0bde6a404ae52e84b19377922e676175",27
"ARHGAP5","retry","Missing result","",0
"ARHGAP6","retry","Missing result","",0
"ARHGAP8","retry","Missing result","",0
"ARHGAP9","retry","Missing result","",0
"ARHGDIA","retry","Missing result","",0
"ARHGDIB","retry","Missing result","",0
"ARHGDIG","retry","Missing result","",0
"ARHGEF1","retry","Missing result","",0
"ARHGEF10","retry","Missing result","",0
"ARHGEF10L","retry","Missing result","",0
"ARHGEF11","retry","Missing result","",0
"ARHGEF12","retry","Missing result","",0
"ARHGEF15","retry","Missing result","",0
"ARHGEF16","retry","Missing result","",0
"ARHGEF17","retry","Missing result","",0
"ARHGEF18","retry","Missing result","",0
"ARHGEF19","retry","Missing result","",0
"ARHGEF2","retry","Missing result","",0
"ARHGEF25","retry","Missing result","",0
"ARHGEF26","retry","Missing result","",0
"ARHGEF28","retry","Missing result","",0
"ARHGEF3","retry","Missing result","",0
"ARHGEF33","retry","Missing result","",0
"ARHGEF35","retry","Missing result","",0
"ARHGEF37","retry","Missing result","",0
"ARHGEF38","retry","Missing result","",0
"ARHGEF39","retry","Missing result","",0
"ARHGEF4","retry","Missing result","",0
"ARHGEF40","retry","Missing result","",0
"ARHGEF5","retry","Missing result","",0
"ARHGEF6","retry","Missing result","",0
"ARHGEF7","retry","Missing result","",0
"ARHGEF9","retry","Missing result","",0
"ARID1A","retry","Missing result","",0
"ARID1B","retry","Missing result","",0
"ARID2","retry","Missing result","",0
"ARID3A","retry","Missing result","",0
"ARID3B","retry","Missing result","",0
"ARID3C","retry","Missing result","",0
"ARID4A","retry","Missing result","",0
"ARID4B","retry","Missing result","",0
"ARID5A","retry","Missing result","",0
"ARID5B","retry","Missing result","",0
"ARIH1","retry","Missing result","",0
"ARIH2","valid","Validated converged fits","f7405906e68ed2c4a2d7064f523d48f7",27
"ARL1","valid","Validated converged fits","33db24a84e09ddcee7258368c7ea11d0",27
"ARL10","valid","Validated converged fits","7f81ab72462cc80e7e32b10a4d009645",27
"ARL11","valid","Validated converged fits","43da8b24f9e1ace7ac22195fa7003922",27
"ARL13A","retry","PLINK failed for ARL13A on chromosome X with exit status 7","7d58b48f5e50218c0aff6e4855cfa412",0
"ARL13B","valid","Validated converged fits","b3ba443ea4d6d0d5403b186ae5cd410d",27
"ARL14","valid","Validated converged fits","355bee2b0b86ebb758033d8fed2b1c71",27
"ARL14EP","valid","Validated converged fits","dab761092e71983bdfdbd77e9f0f16ff",27
"ARL14EPL","valid","Validated converged fits","d797ebf0bfaa27c7611dd2f9bf1bb561",27
"ARL15","valid","Validated converged fits","bb5de9e47899526fde7bdef8f7c1229b",27
"ARL16","valid","Validated converged fits","8e22861c47794da97179078fffe4c608",27
"ARL17A","valid","Validated converged fits","9ad7796dee1a225da23cbd62e8ac2c9f",27
"ARL17B","valid","Validated converged fits","d924128843806d982881c5fce58c27f7",27
"ARL2","valid","Validated converged fits","140788428592776e29ba41af18a8994a",27
"ARL2BP","valid","Validated converged fits","2e8a4a5421e5203b2b550f8d50fba593",27
"ARL3","valid","Validated converged fits","ac0b5fdf41635536957648c0bc1a0aa6",27
"ARL4A","valid","Validated converged fits","a5d14bdb31e3c2b84ef2482e3f371617",27
"ARL4C","valid","Validated converged fits","89b5ce814e4df343e5a7ba6b2d94e0f9",27
"ARL4D","retry","Missing result","",0
"ARL5A","retry","Missing result","",0
"ARL5B","retry","Missing result","",0
"ARL5C","retry","Missing result","",0
"ARL6","retry","Missing result","",0
"ARL6IP1","retry","Missing result","",0
"ARL6IP4","retry","Missing result","",0
"ARL6IP5","retry","Missing result","",0
"ARL6IP6","retry","Missing result","",0
"ARL8A","retry","Missing result","",0
"ARL8B","retry","Missing result","",0
"ARL9","retry","Missing result","",0
"ARMC1","retry","Missing result","",0
"ARMC10","retry","Missing result","",0
"ARMC12","retry","Missing result","",0
"ARMC2","retry","Missing result","",0
"ARMC3","retry","Missing result","",0
"ARMC4","retry","Missing result","",0
"ARMC5","retry","Missing result","",0
"ARMC6","retry","Missing result","",0
"ARMC7","retry","Missing result","",0
"ARMC8","retry","Missing result","",0
"ARMC9","retry","Missing result","",0
"ARMCX1","retry","Missing result","",0
"ARMCX2","retry","Missing result","",0
"ARMCX3","retry","Missing result","",0
"ARMCX4","retry","Missing result","",0
"ARMCX5","retry","Missing result","",0
"ARMCX5-GPRASP2","retry","Missing result","",0
"ARMCX6","retry","Missing result","",0
"ARMS2","retry","Missing result","",0
"ARMT1","retry","Missing result","",0
"ARNT","retry","Missing result","",0
"ARNT2","retry","Missing result","",0
"ARNTL","retry","Missing result","",0
"ARNTL2","retry","Missing result","",0
"ARPC1A","retry","Missing result","",0
"ARPC1B","retry","Missing result","",0
"ARPC2","retry","Missing result","",0
"ARPC3","retry","Missing result","",0
"ARPC4","retry","Missing result","",0
"ARPC5","retry","Missing result","",0
"ARPC5L","retry","Missing result","",0
"ARPIN","retry","Missing result","",0
"ARPP19","valid","Validated converged fits","54ec07fd73fddb663c9740da8a2d105f",27
"ARPP21","valid","Validated converged fits","9325b97db5e6def1acda5508275b52fc",27
"ARR3","retry","PLINK failed for ARR3 on chromosome X with exit status 7","70b91dc6bbc224c4c7d8d9bf52bf2f40",0
"ARRB1","valid","Validated converged fits","b9e8892ee6c4229f7d962db524bde8b4",27
"ARRB2","valid","Validated converged fits","d27c5f191d1ca3bf675aaa249802da32",27
"ARRDC1","valid","Validated converged fits","c07dbcb48f0c48d0031624ec95c6df62",27
"ARRDC2","valid","Validated converged fits","e4372c0e7858b9edd880d570b6076b2b",27
"ARRDC3","valid","Validated converged fits","4a866fe20619e0b72563a53a36c57a4f",27
"ARRDC4","valid","Validated converged fits","0b1e373fbbeb5870825b192850f92dbe",27
"ARRDC5","valid","Validated converged fits","5687b7ece933d24ced1b35f453bb44c2",27
"ARSA","valid","Validated converged fits","ef4998911c5dda18358799baa80edcdf",27
"ARSB","valid","Validated converged fits","555521b3b75c7ffc943fcb20f5b0e4c5",27
"ARSD","retry","PLINK failed for ARSD on chromosome X with exit status 7","a2f66863a2fbe7c268000d5ad07b6e34",0
"ARSF","retry","PLINK failed for ARSF on chromosome X with exit status 7","ef5c1b68e43563b64c6a25943c61e21c",0
"ARSG","valid","Validated converged fits","259794cfbcfc7b0c41a1c09ff47d9153",27
"ARSH","retry","PLINK failed for ARSH on chromosome X with exit status 7","1b5e21938d551cd95366f94f66969414",0
"ARSI","valid","Validated converged fits","c4d2d51982dc9bfd9ec539de585887a0",27
"ARSJ","valid","Validated converged fits","a7cf2de2821596b4fc8d19fa57db362b",27
"ARSK","valid","Validated converged fits","716f8c2465bf07982fa34dae45e10826",27
"ART1","valid","Validated converged fits","85f9761a7a25562d5e115a865b995c03",27
"ART3","valid","Validated converged fits","c6a0c1e5a4ae119b7f036d9c813109b4",27
"ART4","valid","Validated converged fits","4bec98d5c1f05e7aee777a63d32171bf",27
"ART5","retry","Missing result","",0
"ARTN","retry","Missing result","",0
"ARV1","retry","Missing result","",0
"ARVCF","retry","Missing result","",0
"ARX","retry","Missing result","",0
"AS3MT","retry","Missing result","",0
"ASAH1","retry","Missing result","",0
"ASAH2","retry","Missing result","",0
"ASAH2B","retry","Missing result","",0
"ASAP1","retry","Missing result","",0
"ASAP2","retry","Missing result","",0
"ASAP3","retry","Missing result","",0
"ASB1","retry","Missing result","",0
"ASB10","retry","Missing result","",0
"ASB11","retry","Missing result","",0
"ASB12","retry","Missing result","",0
"ASB13","retry","Missing result","",0
"ASB14","retry","Missing result","",0
"ASB15","retry","Missing result","",0
"ASB16","retry","Missing result","",0
"ASB17","retry","Missing result","",0
"ASB18","retry","Missing result","",0
"ASB2","retry","Missing result","",0
"ASB3","retry","Missing result","",0
"ASB4","retry","Missing result","",0
"ASB5","retry","Missing result","",0
"ASB6","retry","Missing result","",0
"ASB7","retry","Missing result","",0
"ASB8","retry","Missing result","",0
"ASB9","retry","Missing result","",0
"ASCC1","retry","Missing result","",0
"ASCC2","retry","Missing result","",0
"ASCC3","retry","Missing result","",0
"ASCL1","retry","Missing result","",0
"ASCL2","retry","Missing result","",0
"ASCL3","retry","Missing result","",0
"ASCL4","retry","Missing result","",0
"ASCL5","retry","Missing result","",0
"ASF1A","retry","Missing result","",0
"ASF1B","retry","Missing result","",0
"ASGR1","valid","Validated converged fits","f04837cf7c622c10254b9e3afdaed3c7",27
"ASGR2","valid","Validated converged fits","b109005d1c3f1a0f3746bfb80cec45d2",27
"ASH1L","valid","Validated converged fits","0c67e4993ef6a9dfdc901a7e0ca5c01c",27
"ASH2L","valid","Validated converged fits","21508f7bda2ec43d4bf096aa738ed382",27
"ASIC1","valid","Validated converged fits","26d9b423829a436e4daf6b9474415d6e",27
"ASIC2","valid","Validated converged fits","4305d12e5a03f77456966d1462e26c42",27
"ASIC3","valid","Validated converged fits","41861af4da9e45e25222536407f433e9",27
"ASIC4","valid","Validated converged fits","0e348f61393943044e3b1521d1f6cf4c",27
"ASIC5","valid","Validated converged fits","977ac2bd363688173e6e2a52abdb93b1",26
"ASIP","valid","Validated converged fits","e107a394f1b63b0904b26df8918d7d51",27
"ASL","valid","Validated converged fits","47e0ade8eda8be7f825fad12e97da348",27
"ASMT","retry","PLINK failed for ASMT on chromosome X with exit status 7","ce9a8c4c1e39875cd3183062b8967bee",0
"ASMTL","retry","PLINK failed for ASMTL on chromosome X with exit status 7","b23fe58bf1b86e2d8dd844b84c03c1a8",0
"ASNS","valid","Validated converged fits","11d9c350c595b0f11be771818e4f1f9b",27
"ASNSD1","valid","Validated converged fits","f19ff776da27667663d15d0b03e3e590",27
"ASPA","valid","Validated converged fits","483093b8920f2351e1ad1e9d470f15e5",27
"ASPDH","valid","Validated converged fits","de2eb183e41acfdffaf25449c170eb3f",27
"ASPG","valid","Validated converged fits","b26242b91a85e8249f772f1a96399348",27
"ASPH","valid","Validated converged fits","d548054fdb2d694454801d0af09a2d3c",27
"ASPHD1","valid","Validated converged fits","e799791de2398d4372e4fad662aa3a78",27
"ASPHD2","valid","Validated converged fits","990aa30426d550018e46f67ec8ab2429",27
"ASPM","valid","Validated converged fits","1e5fc1619ddadbac7f18a210546eb5fe",27
"ASPN","retry","Missing result","",0
"ASPRV1","retry","Missing result","",0
"ASPSCR1","retry","Missing result","",0
"ASRGL1","retry","Missing result","",0
"ASS1","retry","Missing result","",0
"ASTE1","retry","Missing result","",0
"ASTL","retry","Missing result","",0
"ASTN1","retry","Missing result","",0
"ASTN2","retry","Missing result","",0
"ASXL1","retry","Missing result","",0
"ASXL2","retry","Missing result","",0
"ASXL3","retry","Missing result","",0
"ASZ1","retry","Missing result","",0
"ATAD1","retry","Missing result","",0
"ATAD2","retry","Missing result","",0
"ATAD2B","retry","Missing result","",0
"ATAD3A","retry","Missing result","",0
"ATAD3B","retry","Missing result","",0
"ATAD3C","retry","Missing result","",0
"ATAD5","retry","Missing result","",0
"ATAT1","retry","Missing result","",0
"ATCAY","retry","Missing result","",0
"ATE1","retry","Missing result","",0
"ATF1","retry","Missing result","",0
"ATF2","retry","Missing result","",0
"ATF3","retry","Missing result","",0
"ATF4","retry","Missing result","",0
"ATF5","retry","Missing result","",0
"ATF6","retry","Missing result","",0
"ATF6B","retry","Missing result","",0
"ATF7","retry","Missing result","",0
"ATF7IP","retry","Missing result","",0
"ATF7IP2","retry","Missing result","",0
"ATG10","retry","Missing result","",0
"ATG101","retry","Missing result","",0
"ATG12","retry","Missing result","",0
"ATG13","retry","Missing result","",0
"ATG14","retry","Missing result","",0
"ATG16L1","retry","Missing result","",0
"ATG16L2","retry","Missing result","",0
"ATG2A","valid","Validated converged fits","b5dd2d3756455d7f9997699c954c3b22",27
"ATG2B","valid","Validated converged fits","7d2b490de3659fd926718ce70505ec81",27
"ATG3","valid","Validated converged fits","6f74a3dc6ec8f04a7ab731003555394b",27
"ATG4A","retry","PLINK failed for ATG4A on chromosome X with exit status 7","4ba8f3d56d9a85d456c80993f49ae0cd",0
"ATG4B","valid","Validated converged fits","711fb8d2a7964d793f4287e12644caf1",27
"ATG4C","valid","Validated converged fits","b5eabab4971da385f18750ad9d307bd2",27
"ATG4D","valid","Validated converged fits","b0f497f2d01ecd4d156b58335b7ef72a",27
"ATG5","valid","Validated converged fits","5969890134e8a17eb524425ef8a7edd9",27
"ATG7","valid","Validated converged fits","3b7fbe24319e8c45d5b8568f456fbb74",27
"ATG9A","valid","Validated converged fits","0537c7fd089604ba35180b8595b93245",27
"ATG9B","valid","Validated converged fits","35344448119eafade99eb452b77ceac7",27
"ATIC","valid","Validated converged fits","f45c49ba6a83a3889bfb24261e604ed3",27
"ATL1","valid","Validated converged fits","cd9b150318bb8470576785a80a956130",27
"ATL2","valid","Validated converged fits","4fe9d6b13100458d5b41a6ddd6c48a9b",27
"ATL3","valid","Validated converged fits","03a7254f2ed0121f88244b178a0c863e",27
"ATM","valid","Validated converged fits","78216e3b382305611acada4310477201",27
"ATMIN","valid","Validated converged fits","0d24b67786f645880a3cac3c5c1003f3",27
"ATN1","valid","Validated converged fits","8bca3ddc32ac8bd829ed391dc617d398",27
"ATOH1","retry","Missing result","",0
"ATOH7","retry","Missing result","",0
"ATOH8","retry","Missing result","",0
"ATOX1","retry","Missing result","",0
"ATP10A","retry","Missing result","",0
"ATP10B","retry","Missing result","",0
"ATP10D","retry","Missing result","",0
"ATP11A","retry","Missing result","",0
"ATP11B","retry","Missing result","",0
"ATP11C","retry","Missing result","",0
"ATP12A","retry","Missing result","",0
"ATP13A1","retry","Missing result","",0
"ATP13A2","retry","Missing result","",0
"ATP13A3","retry","Missing result","",0
"ATP13A4","retry","Missing result","",0
"ATP13A5","retry","Missing result","",0
"ATP1A1","retry","Missing result","",0
"ATP1A2","retry","Missing result","",0
"ATP1A3","retry","Missing result","",0
"ATP1A4","retry","Missing result","",0
"ATP1B1","retry","Missing result","",0
"ATP1B2","retry","Missing result","",0
"ATP1B3","retry","Missing result","",0
"ATP1B4","retry","Missing result","",0
"ATP23","retry","Missing result","",0
"ATP2A1","retry","Missing result","",0
"ATP2A2","retry","Missing result","",0
"ATP2A3","retry","Missing result","",0
"ATP2B1","retry","Missing result","",0
"ATP2B2","retry","Missing result","",0
"ATP2B3","retry","Missing result","",0
"ATP2B4","retry","Missing result","",0
"ATP2C1","retry","Missing result","",0
"ATP2C2","retry","Missing result","",0
"ATP4A","retry","Missing result","",0
"ATP4B","retry","Missing result","",0
"ATP6AP1","retry","Missing result","",0
"ATP6AP2","retry","Missing result","",0
"ATP6V0A1","retry","Missing result","",0
"ATP6V0A2","retry","Missing result","",0
"ATP6V0A4","retry","Missing result","",0
"ATP6V0B","retry","Missing result","",0
"ATP6V0C","retry","Missing result","",0
"ATP6V0D1","retry","Missing result","",0
"ATP6V0D2","valid","Validated converged fits","18f8e5585abc567ed350110597ead935",27
"ATP6V0E1","valid","Validated converged fits","22c98c88a744d943a64e3cf8617868b5",27
"ATP6V0E2","valid","Validated converged fits","69785eacba5713d7f49a5e456b6933e2",27
"ATP6V1A","valid","Validated converged fits","7c1628a6b50dd9254151081566924e11",27
"ATP6V1B1","valid","Validated converged fits","80d98de8d7b2a2ee11613ddcd69e54e1",27
"ATP6V1B2","valid","Validated converged fits","0915f4b0fcdd18d4d309c1a4ba7b31a8",27
"ATP6V1C1","retry","PLINK failed for ATP6V1C1 on chromosome 8 with exit status 127","5280bc2134f439cb83ed68285200bf32",0
"ATP6V1C2","valid","Validated converged fits","641bb886e86d61a995e6f446cd87640c",27
"ATP6V1D","retry","PLINK failed for ATP6V1D on chromosome 14 with exit status 127","908fa534d5c3d93155a4174c6f8a064f",0
"ATP6V1E1","valid","Validated converged fits","f4aa8b56b856594286dd84cba50da470",27
"ATP6V1E2","valid","Validated converged fits","396a3fca5b436cb2706bb45f20e9c93a",27
"ATP6V1F","retry","PLINK failed for ATP6V1F on chromosome 7 with exit status 127","74d80065e03c2764443839fcadf99310",0
"ATP6V1G1","retry","PLINK failed for ATP6V1G1 on chromosome 9 with exit status 127","f04ca18d6de04b2404a1a9f8441fca73",0
"ATP6V1G2","retry","PLINK failed for ATP6V1G2 on chromosome 6 with exit status 127","5d11f9aaee27338177b78d4526f60f25",0
"ATP6V1G3","retry","PLINK failed for ATP6V1G3 on chromosome 1 with exit status 127","2f42ee972babd0e173f5978d79f9ba71",0
"ATP6V1H","retry","PLINK failed for ATP6V1H on chromosome 8 with exit status 127","4ed96fc26b2c4afdfc17afb1833601ca",0
"ATP7A","retry","PLINK failed for ATP7A on chromosome X with exit status 127","1138cccfcbaf91da388e0b45053fdd4c",0
"ATP7B","retry","PLINK failed for ATP7B on chromosome 13 with exit status 127","84245ba547566f4c72e7cdc1cda92997",0
"ATP8A1","retry","PLINK failed for ATP8A1 on chromosome 4 with exit status 127","d7757f91058fc9b4f5ed4ffec3a911db",0
"ATP8A2","retry","PLINK failed for ATP8A2 on chromosome 13 with exit status 127","2c8036ac66b51ee42e2f53d79a5ce51f",0
"ATP8B1","retry","PLINK failed for ATP8B1 on chromosome 18 with exit status 127","0ab5b3388cc331f2240fda2fd5e185ef",0
"ATP8B2","retry","PLINK failed for ATP8B2 on chromosome 1 with exit status 127","75d74f7fd7af60567be94f95e5cbab66",0
"ATP8B3","retry","PLINK failed for ATP8B3 on chromosome 19 with exit status 127","3a0ada1553e517d79fda5a798b5d3ebf",0
"ATP8B4","retry","PLINK failed for ATP8B4 on chromosome 15 with exit status 127","a02c589dad9289159f43f7254eee5592",0
"ATP9A","retry","PLINK failed for ATP9A on chromosome 20 with exit status 127","c35ca2b1ef35fd59742597c75d681522",0
"ATP9B","retry","PLINK failed for ATP9B on chromosome 18 with exit status 127","350b1dd408816814e48580cc3e21128d",0
"ATPAF1","retry","PLINK failed for ATPAF1 on chromosome 1 with exit status 127","52eb66fdd910f588d95eabd2ed7d36f8",0
"ATPAF2","retry","PLINK failed for ATPAF2 on chromosome 17 with exit status 127","01e7ea2644bb74cc0b0aac152a52a0de",0
"ATR","valid","Validated converged fits","724891cc7d219c669d05450359c154a4",27
"ATRAID","retry","PLINK failed for ATRAID on chromosome 2 with exit status 127","5405ba2730e51b2c88e2b62478699cce",0
"ATRIP","valid","Validated converged fits","93ca8345e05187a32cc819235e6a6811",27
"ATRN","valid","Validated converged fits","9a4382c674f94c035013d94a105100a5",27
"ATRNL1","valid","Validated converged fits","825ee49884d4203e500c63016de8c811",27
"ATRX","retry","PLINK failed for ATRX on chromosome X with exit status 7","97636590c39a95b63e0d7c4a2fe96581",0
"ATXN1","valid","Validated converged fits","e7b7208783f859f2c2da55e75b944d38",27
"ATXN10","valid","Validated converged fits","268861769a918530a383bd571afa9164",27
"ATXN1L","retry","PLINK failed for ATXN1L on chromosome 16 with exit status 127","9e2a3320d981ff53730ac48c665777e5",0
"ATXN2","retry","PLINK failed for ATXN2 on chromosome 12 with exit status 127","a97834480b8b698edc0be3267b9e0623",0
"ATXN2L","retry","PLINK failed for ATXN2L on chromosome 16 with exit status 127","956d6fc28022b72a3853d444afb32ee6",0
"ATXN3","retry","PLINK failed for ATXN3 on chromosome 14 with exit status 127","50d85e685e3ac943f23c8317b04ccd72",0
"ATXN3L","retry","PLINK failed for ATXN3L on chromosome X with exit status 127","b905c8956a195f76dd513894c1eabcd1",0
"ATXN7","retry","PLINK failed for ATXN7 on chromosome 3 with exit status 127","048f16615bea4cdb68a27f590c63d7e7",0
"ATXN7L1","retry","PLINK failed for ATXN7L1 on chromosome 7 with exit status 127","e867a865c3e5b331a7322b87f1514952",0
"ATXN7L2","retry","PLINK failed for ATXN7L2 on chromosome 1 with exit status 127","d35553679cdb2e1b0ad70a66a0950211",0
"ATXN7L3","retry","PLINK failed for ATXN7L3 on chromosome 17 with exit status 127","65427d984a05f6d81fb261991bf912fc",0
"ATXN7L3B","retry","PLINK failed for ATXN7L3B on chromosome 12 with exit status 127","1333e986d7f60390b8812df4b8d3719f",0
"AUH","retry","PLINK failed for AUH on chromosome 9 with exit status 127","fe95f24ea4bb837bb1d3184124da0662",0
"AUNIP","retry","PLINK failed for AUNIP on chromosome 1 with exit status 127","aacca30345b03eb444a1c7a9ae62f43d",0
"AUP1","retry","PLINK failed for AUP1 on chromosome 2 with exit status 127","5b79995f02e16b5834e25dbad0dfb3dc",0
"AURKA","retry","PLINK failed for AURKA on chromosome 20 with exit status 127","81bb0fe4dab4616261b4f50e22d82d54",0
"AURKAIP1","retry","PLINK failed for AURKAIP1 on chromosome 1 with exit status 127","e269e4ef51d3865fb40a33fa8a18dcae",0
"AURKB","retry","PLINK failed for AURKB on chromosome 17 with exit status 127","aadbdc776997636679b774491205b68e",0
"AURKC","retry","PLINK failed for AURKC on chromosome 19 with exit status 127","80036f7d34ec572daa22a494c626db65",0
"AUTS2","retry","PLINK failed for AUTS2 on chromosome 7 with exit status 127","2f8025219793ff8c970cb298b7427f9e",0
"AVEN","retry","PLINK failed for AVEN on chromosome 15 with exit status 127","698d488a6270a8d804b03d2621507614",0
"AVIL","retry","PLINK failed for AVIL on chromosome 12 with exit status 127","9d7ea67b9edf71044f6127e5f11c4286",0
"AVL9","retry","PLINK failed for AVL9 on chromosome 7 with exit status 127","9e05670c6d00f3c9def886f794604bdd",0
"AVP","retry","PLINK failed for AVP on chromosome 20 with exit status 127","135f0c2ef67bcd5159f7e19d0a732460",0
"AVPI1","retry","PLINK failed for AVPI1 on chromosome 10 with exit status 127","f76e97ee98deb737e2d2960a72f361fd",0
"AVPR1A","retry","PLINK failed for AVPR1A on chromosome 12 with exit status 127","08da7556b738ad88c8fa15d5f964311b",0
"AVPR1B","retry","PLINK failed for AVPR1B on chromosome 1 with exit status 127","7802400a34f09d1ace566017110c7adb",0
"AVPR2","retry","PLINK failed for AVPR2 on chromosome X with exit status 127","bbf32a7fb0061c336dd91eabaf9bf8f2",0
"AWAT1","retry","PLINK failed for AWAT1 on chromosome X with exit status 7","10fb8d3c28ca136ef2d247f700a3d232",0
"AWAT2","retry","PLINK failed for AWAT2 on chromosome X with exit status 7","065c2a0e443274203d26d3bac6648486",0
"AXDND1","valid","Validated converged fits","e7ace2d57dc1cefccf82dba38ef59d33",27
"AXIN1","valid","Validated converged fits","f27ec83055bb992bb12011280f0838c9",27
"AXIN2","valid","Validated converged fits","3cab204020c38203c99100db1f4f10be",27
"AXL","valid","Validated converged fits","217aa9df8d4e5df9d52f6feea283e575",27
"AZGP1","valid","Validated converged fits","401ea4f991e80ea5f3dd3e865d7ebbcd",27
"AZI2","valid","Validated converged fits","b613534e8898068618e0450cb912119b",27
"AZIN1","valid","Validated converged fits","676e5c81ddb6f9fbb3ea681211ce20e3",27
"AZIN2","valid","Validated converged fits","c9bef62fac82a0731af0eed349f506c0",27
"AZU1","valid","Validated converged fits","3568480c3170cd38f81f455f96d158e0",27
"B2M","valid","Validated converged fits","9fd96c4fc74f4b754172a2fe5e7425c0",27
"B3GALNT1","valid","Validated converged fits","2fc0da700a1fb172c566d85ed9955046",27
"B3GALNT2","valid","Validated converged fits","74c9c1c92ff0baad341fc218a0c5c97a",27
"B3GALT1","valid","Validated converged fits","e555cc6fc0318c33df1a12b23e9189a7",27
"B3GALT2","valid","Validated converged fits","499e82109bde201c22be6735f5e0a5e2",27
"B3GALT4","valid","Validated converged fits","064e3629f01ba04a781cb9d110937472",27
"B3GALT5","retry","Missing result","",0
"B3GALT6","retry","Missing result","",0
"B3GAT1","retry","Missing result","",0
"B3GAT2","retry","Missing result","",0
"B3GAT3","retry","Missing result","",0
"B3GLCT","retry","Missing result","",0
"B3GNT2","retry","Missing result","",0
"B3GNT3","retry","Missing result","",0
"B3GNT4","retry","Missing result","",0
"B3GNT5","retry","Missing result","",0
"B3GNT6","retry","Missing result","",0
"B3GNT7","retry","Missing result","",0
"B3GNT8","retry","Missing result","",0
"B3GNT9","retry","Missing result","",0
"B3GNTL1","retry","Missing result","",0
"B4GALNT1","retry","Missing result","",0
"B4GALNT2","retry","Missing result","",0
"B4GALNT3","retry","Missing result","",0
"B4GALNT4","retry","Missing result","",0
"B4GALT1","retry","Missing result","",0
"B4GALT2","retry","Missing result","",0
"B4GALT3","retry","Missing result","",0
"B4GALT4","retry","Missing result","",0
"B4GALT5","retry","Missing result","",0
"B4GALT6","retry","Missing result","",0
"B4GALT7","retry","Missing result","",0
"B4GAT1","retry","Missing result","",0
"B9D1","retry","Missing result","",0
"B9D2","retry","Missing result","",0
"BAALC","retry","Missing result","",0
"BAAT","retry","Missing result","",0
"BABAM1","retry","Missing result","",0
"BACE1","retry","Missing result","",0
"BACE2","retry","Missing result","",0
"BACH1","retry","Missing result","",0
"BACH2","retry","Missing result","",0
"BAD","retry","Missing result","",0
"BAG1","retry","Missing result","",0
"BAG2","retry","Missing result","",0
"BAG3","retry","Missing result","",0
"BAG4","retry","Missing result","",0
"BAG5","retry","Missing result","",0
"BAG6","retry","Missing result","",0
"BAHCC1","retry","Missing result","",0
"BAHD1","retry","Missing result","",0
"BAIAP2","valid","Validated converged fits","d52c3a137064bdfb76f03c3439edee04",27
"BAIAP2L1","valid","Validated converged fits","5f4cf909bc4d5e8bdbe310ce883da983",27
"BAIAP2L2","valid","Validated converged fits","59f561d59c0e3d96d7e05121738f35a3",27
"BAIAP3","valid","Validated converged fits","a036579dce1f516da583a8a1749bfab5",27
"BAK1","valid","Validated converged fits","dfeb743e78367dc241a2dd7ab60aafa2",27
"BAMBI","valid","Validated converged fits","d65db761268723ff681ca715ef3d2330",27
"BANF1","valid","Validated converged fits","8efedc23dc558648374c099bef497e5f",27
"BANF2","valid","Validated converged fits","c27b6a0e6bdb4deb6efacd67eecbfe03",27
"BANK1","valid","Validated converged fits","4e61a80c30419b290b5ebd69205d6b10",27
"BANP","valid","Validated converged fits","17657679aafd6173bb93957d96a23ab5",27
"BAP1","valid","Validated converged fits","5eecbf6e74695f1820c1a081c9d1fc97",27
"BARD1","valid","Validated converged fits","9f8e79a22688b80f55a0248e59ca3312",27
"BARHL1","valid","Validated converged fits","a8c14a43ba9a60d08f1595b7980d9283",27
"BARHL2","valid","Validated converged fits","ee93c1e42cdb4d5427fa35e796199fcd",27
"BARX1","valid","Validated converged fits","2656d699bfc3a47baf99678e46c6396f",27
"BARX2","valid","Validated converged fits","62fce1fab77a71555c7ce4ea106d2239",27
"BASP1","retry","Missing result","",0
"BATF","retry","Missing result","",0
"BATF2","retry","Missing result","",0
"BATF3","retry","Missing result","",0
"BAX","retry","Missing result","",0
"BAZ1A","retry","Missing result","",0
"BAZ1B","retry","Missing result","",0
"BAZ2A","retry","Missing result","",0
"BAZ2B","retry","Missing result","",0
"BBC3","retry","Missing result","",0
"BBIP1","retry","Missing result","",0
"BBOF1","retry","Missing result","",0
"BBOX1","retry","Missing result","",0
"BBS1","retry","Missing result","",0
"BBS10","retry","Missing result","",0
"BBS12","retry","Missing result","",0
"BBS2","retry","Missing result","",0
"BBS4","retry","Missing result","",0
"BBS5","retry","Missing result","",0
"BBS7","retry","Missing result","",0
"BBS9","retry","Missing result","",0
"BBX","retry","Missing result","",0
"BCAM","retry","Missing result","",0
"BCAN","retry","Missing result","",0
"BCAP29","retry","Missing result","",0
"BCAP31","retry","Missing result","",0
"BCAR1","retry","Missing result","",0
"BCAR3","retry","Missing result","",0
"BCAS1","retry","Missing result","",0
"BCAS2","retry","Missing result","",0
"BCAS3","retry","Missing result","",0
"BCAS4","retry","Missing result","",0
"BCAT1","retry","Missing result","",0
"BCAT2","retry","Missing result","",0
"BCCIP","retry","Missing result","",0
"BCDIN3D","retry","Missing result","",0
"BCHE","retry","Missing result","",0
"BCKDHA","retry","Missing result","",0
"BCKDHB","retry","Missing result","",0
"BCKDK","retry","Missing result","",0
"BCL10","retry","Missing result","",0
"BCL11A","retry","Missing result","",0
"BCL11B","retry","Missing result","",0
"BCL2","retry","Missing result","",0
"BCL2A1","retry","Missing result","",0
"BCL2L1","retry","Missing result","",0
"BCL2L10","valid","Validated converged fits","0faf444a6faae43e253576dcbe07a91c",27
"BCL2L11","valid","Validated converged fits","994d187f6d532b7b868e2eff1ebf9b89",27
"BCL2L12","valid","Validated converged fits","ae180087705a8c5369073948834cabd9",27
"BCL2L13","valid","Validated converged fits","87a7effeab17ea19cd70b1983e861a9b",27
"BCL2L14","retry","PLINK failed for BCL2L14 on chromosome 12 with exit status 127","37e9c2ad721da23e67397ff3c307536f",0
"BCL2L15","valid","Validated converged fits","82074d11a5f66d70142a4dc88ce5b5a6",27
"BCL2L2","valid","Validated converged fits","19297f9e1cdad7a3086b41a533f7c12b",27
"BCL2L2-PABPN1","valid","Validated converged fits","7755c370a175ab494c7b0cb83b40bd4e",27
"BCL3","valid","Validated converged fits","5c4b18e6ed1b7509411c94aed65bf3d7",27
"BCL6","valid","Validated converged fits","0e3c346a0acaf77a1aa1775b79743a61",27
"BCL6B","valid","Validated converged fits","f6d3423153f27879f5ab954207d2703c",27
"BCL7A","valid","Validated converged fits","6638b61350096391efe76980e4878f45",27
"BCL7B","valid","Validated converged fits","ebc98531af3aa7654d5fdfe660958905",27
"BCL7C","valid","Validated converged fits","b73424bcb6976ad46c22bfc9f5390c09",27
"BCL9","valid","Validated converged fits","7c9006389f0f2a2ab087d33c219344e7",27
"BCL9L","valid","Validated converged fits","375932aeead8d6283cbb119d28839750",27
"BCLAF1","valid","Validated converged fits","5a11e0d296ca398e1cbf1ae438dfd465",27
"BCO1","valid","Validated converged fits","6a10f711fa009dcca09a83a757e0afb2",27
"BCO2","valid","Validated converged fits","4c1555cf85cd9a006a7fe2b2de1e65ad",27
"BCOR","retry","PLINK failed for BCOR on chromosome X with exit status 7","fd9417ff09500b3d4728fb407300f169",0
"BCORL1","retry","PLINK failed for BCORL1 on chromosome X with exit status 7","e9b21468f4f2caded56fa4e12acdb5ed",0
"BCR","retry","Unconverged slider fit.","8274f119e7462be23d29e2969280c0d9",0
"BCS1L","retry","Missing result","",0
"BDH1","retry","Missing result","",0
"BDH2","retry","Missing result","",0
"BDKRB1","retry","Missing result","",0
"BDKRB2","retry","Missing result","",0
"BDNF","retry","Missing result","",0
"BDP1","retry","Missing result","",0
"BEAN1","retry","Missing result","",0
"BECN1","retry","Missing result","",0
"BECN2","retry","Missing result","",0
"BEGAIN","retry","Missing result","",0
"BEND2","retry","Missing result","",0
"BEND3","retry","Missing result","",0
"BEND4","retry","Missing result","",0
"BEND5","retry","Missing result","",0
"BEND6","retry","Missing result","",0
"BEND7","retry","Missing result","",0
"BEST1","retry","Missing result","",0
"BEST2","retry","Missing result","",0
"BEST3","retry","Missing result","",0
"BEST4","retry","Missing result","",0
"BET1","retry","Missing result","",0
"BET1L","retry","Missing result","",0
"BEX1","retry","Missing result","",0
"BEX2","retry","Missing result","",0
"BEX3","retry","Missing result","",0
"BEX4","retry","Missing result","",0
"BEX5","retry","Missing result","",0
"BFAR","retry","Missing result","",0
"BFSP1","retry","Missing result","",0
"BFSP2","retry","Missing result","",0
"BGLAP","retry","Missing result","",0
"BGN","retry","Missing result","",0
"BHLHA15","retry","Missing result","",0
"BHLHA9","retry","Missing result","",0
"BHLHB9","retry","Missing result","",0
"BHLHE22","retry","Missing result","",0
"BHLHE23","retry","Missing result","",0
"BHLHE40","retry","Missing result","",0
"BHLHE41","retry","Missing result","",0
"BHMT","valid","Validated converged fits","f4122ea46775cf643930b247bc2661c4",27
"BHMT2","valid","Validated converged fits","a361c34fa840f84624fb32a97318e2fe",27
"BICC1","valid","Validated converged fits","f4be6dc59681e8802ce42c2e1d0aa31a",27
"BICD1","valid","Validated converged fits","8f460e3be3910f365ce70cbff48b459f",27
"BICD2","valid","Validated converged fits","4202269509807120f318d6f1cbbcd6f4",27
"BICDL1","valid","Validated converged fits","03c35d521cb8b2e650112143fb6b5e20",27
"BICDL2","valid","Validated converged fits","57cede93dab619c72e317f549f5ffcf8",27
"BID","valid","Validated converged fits","fde38590d85856a17ecbc701f56d0a44",27
"BIK","valid","Validated converged fits","484c4590de36f45dc16eb6450c17425c",27
"BIN1","valid","Validated converged fits","bcf139bf4dd6acf0b67f95e419080102",27
"BIN2","valid","Validated converged fits","e7a899d275052efdf6a7d454bd2a694e",27
"BIN3","valid","Validated converged fits","7d1ea5454df19e325c84ede0a458da58",27
"BIRC2","valid","Validated converged fits","bf023d0c6f0f77e134b5423458c60664",27
"BIRC3","valid","Validated converged fits","8b70bbf5d97180d3b07267f55d3fe4af",27
"BIRC5","valid","Validated converged fits","371d219b0d2702acddf7a94b0dbeb695",27
"BIRC6","valid","Validated converged fits","8b0f10e54e33c8b7a21bab869008a98c",27
"BIRC7","valid","Validated converged fits","ce4d0b52e4e1b6515f998d424c58a413",27
"BIVM","valid","Validated converged fits","03c1c1927c1b33173d457cab6c796e24",27
"BLACAT1","retry","Missing result","",0
"BLCAP","retry","Missing result","",0
"BLID","retry","Missing result","",0
"BLK","retry","Missing result","",0
"BLM","retry","Missing result","",0
"BLMH","retry","Missing result","",0
"BLNK","retry","Missing result","",0
"BLOC1S1","retry","Missing result","",0
"BLOC1S2","retry","Missing result","",0
"BLOC1S3","retry","Missing result","",0
"BLOC1S4","retry","Missing result","",0
"BLOC1S5","retry","Missing result","",0
"BLOC1S6","retry","Missing result","",0
"BLVRA","retry","Missing result","",0
"BLVRB","retry","Missing result","",0
"BLZF1","retry","Missing result","",0
"BMF","retry","Missing result","",0
"BMI1","retry","Missing result","",0
"BMP1","retry","Missing result","",0
"BMP10","retry","Missing result","",0
"BMP15","retry","Missing result","",0
"BMP2","retry","Missing result","",0
"BMP2K","retry","Missing result","",0
"BMP3","retry","Missing result","",0
"BMP4","retry","Missing result","",0
"BMP5","retry","Missing result","",0
"BMP6","retry","Missing result","",0
"BMP7","retry","Missing result","",0
"BMP8A","retry","Missing result","",0
"BMP8B","retry","Missing result","",0
"BMPER","retry","Missing result","",0
"BMPR1A","retry","Missing result","",0
"BMPR1B","retry","Missing result","",0
"BMPR2","retry","Missing result","",0
"BMS1","retry","Missing result","",0
"BMT2","retry","Missing result","",0
"BMX","retry","Missing result","",0
"BNC1","retry","Missing result","",0
"BNC2","retry","Missing result","",0
"BNIP1","retry","Missing result","",0
"BNIP2","retry","Missing result","",0
"BNIP3","retry","Missing result","",0
"BNIP3L","retry","Missing result","",0
"BNIPL","retry","Missing result","",0
"BOC","valid","Validated converged fits","53f3e647eeb5d2b0894a6b6d9c3bcca0",27
"BOD1","valid","Validated converged fits","bf21b15a219fcaf157351a3180da81ee",27
"BOD1L1","valid","Validated converged fits","553351b55e60fc15d94e76abd1705aa7",27
"BOD1L2","valid","Validated converged fits","5d8bbb0ccc014c4716d54153d6e7894c",27
"BOK","valid","Validated converged fits","6f08e12de4a13c0beef84f151c7b4d2c",27
"BOLA1","valid","Validated converged fits","cf53ce1f218d0e406919cfd553856497",27
"BOLA2","valid","Validated converged fits","f1c05cca0149d3e5200d64ce2b4bf73c",27
"BOLA2B","valid","Validated converged fits","6e53c78323497b5261e4ef9c4b79df96",27
"BOLA3","valid","Validated converged fits","bbfeb38b49b559214c52df22f127393d",27
"BOLL","valid","Validated converged fits","ada5ffc9478bec5e078dc8ed830cf092",27
"BOP1","valid","Validated converged fits","87481bce0d93858c4c5ec9d5d53735bb",27
"BORA","valid","Validated converged fits","1e5e6c7136c1d893476ac1dc1497e2c0",27
"BORCS5","valid","Validated converged fits","1a507c3432910b54e0c2a716fdef9f89",27
"BORCS6","valid","Validated converged fits","2f9411b9a5b214d954811ee1505a4b07",27
"BORCS7","valid","Validated converged fits","a46261cfb13a7483bf6c316a13800681",27
"BORCS8","valid","Validated converged fits","a11ec06d03ab0e71d952ff9d1cd82a80",27
"BPGM","retry","Missing result","",0
"BPHL","retry","Missing result","",0
"BPI","retry","Missing result","",0
"BPIFA1","retry","Missing result","",0
"BPIFA2","retry","Missing result","",0
"BPIFA3","retry","Missing result","",0
"BPIFB1","retry","Missing result","",0
"BPIFB2","retry","Missing result","",0
"BPIFB3","retry","Missing result","",0
"BPIFB4","retry","Missing result","",0
"BPIFB6","retry","Missing result","",0
"BPIFC","retry","Missing result","",0
"BPNT1","retry","Missing result","",0
"BPTF","retry","Missing result","",0
"BPY2","retry","Missing result","",0
"BPY2B","retry","Missing result","",0
"BPY2C","retry","Missing result","",0
"BRAF","retry","Missing result","",0
"BRAP","retry","Missing result","",0
"BRAT1","retry","Missing result","",0
"BRCA1","retry","Missing result","",0
"BRCA2","retry","Missing result","",0
"BRCC3","retry","Missing result","",0
"BRD1","retry","Missing result","",0
"BRD2","retry","Missing result","",0
"BRD3","retry","Missing result","",0
"BRD4","retry","Missing result","",0
"BRD7","retry","Missing result","",0
"BRD8","retry","Missing result","",0
"BRD9","retry","Missing result","",0
"BRDT","retry","Missing result","",0
"BRF1","retry","Missing result","",0
"BRF2","retry","Missing result","",0
"BRI3","retry","Missing result","",0
"BRI3BP","retry","Missing result","",0
"BRICD5","retry","Missing result","",0
"BRINP1","retry","Missing result","",0
"BRINP2","retry","Missing result","",0
"BRINP3","retry","Missing result","",0
"BRIP1","retry","Missing result","",0
"BRIX1","retry","Missing result","",0
"BRK1","retry","Missing result","",0
"BRMS1","retry","Missing result","",0
"BRMS1L","retry","Missing result","",0
"BROX","retry","Missing result","",0
"BRPF1","retry","Missing result","",0
"BRPF3","valid","Validated converged fits","6199038d7afa2f1bd5089ae099213efa",27
"BRS3","retry","PLINK failed for BRS3 on chromosome X with exit status 7","c6ca69f315321cc801dbe598f6765c93",0
"BRSK1","valid","Validated converged fits","0d5943c64327bce2cd5cebf31d0dd9ff",27
"BRSK2","valid","Validated converged fits","8bc5d3999351e881e50c15067d93283b",27
"BRWD1","valid","Validated converged fits","9de5e6dfc374d326b3f739d58f080ce5",27
"BRWD3","retry","PLINK failed for BRWD3 on chromosome X with exit status 7","4f0b9ac96b80ce5a085fb575d2a0dd94",0
"BSCL2","valid","Validated converged fits","2d5ef671ac9f0238f4d2475664f60f1d",27
"BSDC1","valid","Validated converged fits","6fb7c305af45ce61783ce135de752db0",27
"BSG","valid","Validated converged fits","941697828dd26af9119060280f056c09",27
"BSN","valid","Validated converged fits","e15e6d0af7ff254afb455af826f37de3",27
"BSND","valid","Validated converged fits","4837ca03edadd88c1820388ed6434b13",27
"BSPH1","valid","Validated converged fits","d9fa7314e4ed36048aae2be82b131b1c",27
"BSPRY","valid","Validated converged fits","d4aa002a0deb0bf235db3e6f7146420a",27
"BST1","valid","Validated converged fits","1d3536ab6644470eeedc9e2773422c7f",27
"BST2","valid","Validated converged fits","cdfa38fc22e91ae0fa231b8b6d7cd44a",27
"BSX","valid","Validated converged fits","e9aed466e051d136a58af567c1af561e",27
"BTAF1","valid","Validated converged fits","c28a7f4064aea67498ae853126ea4930",27
"BTBD1","valid","Validated converged fits","404fe68d535590688c00ce3118e1133d",27
"BTBD10","retry","Missing result","",0
"BTBD11","retry","Missing result","",0
"BTBD16","retry","Missing result","",0
"BTBD17","retry","Missing result","",0
"BTBD18","retry","Missing result","",0
"BTBD19","retry","Missing result","",0
"BTBD2","retry","Missing result","",0
"BTBD3","retry","Missing result","",0
"BTBD6","retry","Missing result","",0
"BTBD7","retry","Missing result","",0
"BTBD8","retry","Missing result","",0
"BTBD9","retry","Missing result","",0
"BTC","retry","Missing result","",0
"BTD","retry","Missing result","",0
"BTF3","retry","Missing result","",0
"BTF3L4","retry","Missing result","",0
"BTG1","retry","Missing result","",0
"BTG2","retry","Missing result","",0
"BTG3","retry","Missing result","",0
"BTG4","retry","Missing result","",0
"BTK","retry","Missing result","",0
"BTLA","retry","Missing result","",0
"BTN1A1","retry","Missing result","",0
"BTN2A1","retry","Missing result","",0
"BTN2A2","retry","Missing result","",0
"BTN3A1","retry","Missing result","",0
"BTN3A2","retry","Missing result","",0
"BTN3A3","retry","Missing result","",0
"BTNL2","retry","Missing result","",0
"BTNL3","retry","Missing result","",0
"BTNL8","retry","Missing result","",0
"BTNL9","retry","Missing result","",0
"BTRC","retry","Missing result","",0
"BUB1","retry","Missing result","",0
"BUB1B","retry","Missing result","",0
"BUB3","retry","Missing result","",0
"BUD13","retry","Missing result","",0
"BUD31","retry","Missing result","",0
"BVES","retry","Missing result","",0
"BYSL","retry","Missing result","",0
"BZW1","retry","Missing result","",0
"BZW2","retry","Missing result","",0
"C10orf105","retry","Missing result","",0
"C10orf120","retry","Missing result","",0
"C10orf53","valid","Validated converged fits","a3e4465226e1b33d99857c984a605aae",27
"C10orf62","valid","Validated converged fits","cb07ae1fd97374c6f6e30acbef1fcd28",27
"C10orf67","valid","Validated converged fits","e5fbabdc96aae9bfb2a7d8a4253007cd",27
"C10orf71","valid","Validated converged fits","7abf510bd030dcc124611f8e763ac4b6",27
"C10orf82","valid","Validated converged fits","a1b9fb436dadaa6a29242f896c9e331c",27
"C10orf88","valid","Validated converged fits","0235a9e14e91db7f309e16cda090e847",27
"C10orf90","valid","Validated converged fits","232e6793ba4ac0e772e143e2466bbd92",27
"C10orf95","valid","Validated converged fits","3b12184294b82cd29f875e479065334d",27
"C10orf99","valid","Validated converged fits","634d75d9984ee3d5a5c69634de1aa075",27
"C11orf1","valid","Validated converged fits","bb5e51d49283013203a61b4de82cb118",27
"C11orf16","valid","Validated converged fits","29219b6e473a12c7fadabe8cfbd8bb24",27
"C11orf21","valid","Validated converged fits","65706c1b724dfa1ca0ca824668a0f35b",27
"C11orf24","valid","Validated converged fits","d7e9f99627f6aeb9ea5de7611e49be5c",27
"C11orf42","valid","Validated converged fits","e5bce823dad92aea2bcbc4fe7d7fc9ec",27
"C11orf45","valid","Validated converged fits","e667919ce0c3815f71e61467f8e1cf47",27
"C11orf49","valid","Validated converged fits","1cc873df164f4bb0725a6bcdd8589b48",27
"C11orf52","valid","Validated converged fits","7dd735b7b690d6b2ee57759f0638c013",27
"C11orf53","valid","Validated converged fits","9a050013b0b6233927d22e6572073a1a",27
"C11orf54","retry","Missing result","",0
"C11orf58","retry","Missing result","",0
"C11orf65","retry","Missing result","",0
"C11orf68","retry","Missing result","",0
"C11orf71","retry","Missing result","",0
"C11orf80","retry","Missing result","",0
"C11orf86","retry","Missing result","",0
"C11orf87","retry","Missing result","",0
"C11orf91","retry","Missing result","",0
"C11orf94","retry","Missing result","",0
"C11orf95","retry","Missing result","",0
"C11orf96","retry","Missing result","",0
"C11orf97","retry","Missing result","",0
"C11orf98","retry","Missing result","",0
"C12orf29","retry","Missing result","",0
"C12orf4","retry","Missing result","",0
"C12orf40","retry","Missing result","",0
"C12orf42","retry","Missing result","",0
"C12orf43","retry","Missing result","",0
"C12orf45","retry","Missing result","",0
"C12orf50","retry","Missing result","",0
"C12orf54","retry","Missing result","",0
"C12orf56","retry","Missing result","",0
"C12orf57","retry","Missing result","",0
"C12orf60","retry","Missing result","",0
"C12orf65","retry","Missing result","",0
"C12orf66","retry","Missing result","",0
"C12orf71","retry","Missing result","",0
"C12orf73","retry","Missing result","",0
"C12orf75","retry","Missing result","",0
"C12orf76","retry","Missing result","",0
"C14orf119","retry","Missing result","",0
"C14orf132","retry","Missing result","",0
"C14orf180","retry","Missing result","",0
"C14orf28","retry","Missing result","",0
"C14orf39","retry","Missing result","",0
"C14orf93","retry","Missing result","",0
"C15orf39","retry","Missing result","",0
"C15orf40","retry","Missing result","",0
"C15orf48","retry","Missing result","",0
"C15orf61","retry","Missing result","",0
"C15orf62","retry","Missing result","",0
"C15orf65","retry","Missing result","",0
"C16orf46","retry","Missing result","",0
"C16orf54","valid","Validated converged fits","91581ebd811ccf87f97e5b5da435b4e1",27
"C16orf70","valid","Validated converged fits","7147190d377f570cf02401f274feab21",27
"C16orf71","valid","Validated converged fits","31c7109eeb5fe0f970e188e0a1fc9d4b",27
"C16orf72","valid","Validated converged fits","b91f5cda466cd7c9c8dbf323eb150b0d",27
"C16orf74","valid","Validated converged fits","572fb0a834cc559701f60f9761f33d21",27
"C16orf78","valid","Validated converged fits","8d30202832e3c7f03a69c4c896d3f9e4",27
"C16orf82","valid","Validated converged fits","1105e014ce8e3f2fa88cf47731a4cac3",27
"C16orf86","valid","Validated converged fits","eb0285db3c3a9d9e43a35bb36a7db759",27
"C16orf87","valid","Validated converged fits","b0f36fe72d9e3fccebee83fba8097e9e",27
"C16orf89","valid","Validated converged fits","afb9b90fa9cfd78f48feb065d236493b",27
"C16orf90","valid","Validated converged fits","0d7d56f509b7a781714239246b518609",27
"C16orf91","valid","Validated converged fits","a6790cae8c4fca5b1069f480cb5b7652",27
"C16orf92","valid","Validated converged fits","8c23c634998568a8dc557d4bf127b3cd",27
"C16orf95","valid","Validated converged fits","6133ac5f3655a45c098304dcaef58eaa",27
"C16orf96","valid","Validated converged fits","712f2803a93daf3e75273ea44bf86c18",27
"C17orf100","valid","Validated converged fits","98836988f889b9c0674e42322215f29b",27
"C17orf107","valid","Validated converged fits","2617e0eba6a2b12a453a843f38729d52",27
"C17orf49","valid","Validated converged fits","20e9c70b854a2b164b1fb28327b0932e",27
"C17orf50","retry","Missing result","",0
"C17orf58","retry","Missing result","",0
"C17orf64","retry","Missing result","",0
"C17orf67","retry","Missing result","",0
"C17orf75","retry","Missing result","",0
"C17orf78","retry","Missing result","",0
"C17orf80","retry","Missing result","",0
"C17orf97","retry","Missing result","",0
"C17orf98","retry","Missing result","",0
"C17orf99","retry","Missing result","",0
"C18orf21","retry","Missing result","",0
"C18orf25","retry","Missing result","",0
"C18orf32","retry","Missing result","",0
"C18orf54","retry","Missing result","",0
"C18orf63","retry","Missing result","",0
"C19orf12","retry","Missing result","",0
"C19orf18","retry","Missing result","",0
"C19orf25","retry","Missing result","",0
"C19orf33","retry","Missing result","",0
"C19orf38","retry","Missing result","",0
"C19orf44","retry","Missing result","",0
"C19orf47","retry","Missing result","",0
"C19orf53","retry","Missing result","",0
"C19orf54","retry","Missing result","",0
"C19orf67","retry","Missing result","",0
"C19orf71","retry","Missing result","",0
"C19orf73","retry","Missing result","",0
"C19orf81","retry","Missing result","",0
"C19orf84","retry","Missing result","",0
"C1D","retry","Missing result","",0
"C1GALT1","retry","Missing result","",0
"C1GALT1C1","retry","Missing result","",0
"C1GALT1C1L","retry","Missing result","",0
"C1QA","retry","Missing result","",0
"C1QB","retry","Missing result","",0
"C1QBP","retry","Missing result","",0
"C1QC","retry","Missing result","",0
"C1QL1","retry","Missing result","",0
"C1QL2","retry","Missing result","",0
"C1QL3","retry","Missing result","",0
"C1QL4","retry","Missing result","",0
"C1QTNF1","retry","Missing result","",0
"C1QTNF12","retry","Missing result","",0
"C1QTNF2","retry","Missing result","",0
"C1QTNF3","valid","Validated converged fits","4495b15f6a0540ec8eb751b65f40066e",27
"C1QTNF4","valid","Validated converged fits","f776ea7a554e83fe069e19989faf959d",27
"C1QTNF5","valid","Validated converged fits","fb06244279f65362ade7ddaa5cedbf00",27
"C1QTNF6","valid","Validated converged fits","728b2df35e557cb05149cef3f5973ad2",27
"C1QTNF7","valid","Validated converged fits","68d7c1a754f955d3818fb75095cd7d2d",27
"C1QTNF8","valid","Validated converged fits","c503fd172b3b1fb83b8c7c39cb2f879b",27
"C1QTNF9","valid","Validated converged fits","1f2a9fc34b3fcd64d2ea453087f4e035",27
"C1QTNF9B","valid","Validated converged fits","ea6bbd67a2f7f633cca21103190c8173",27
"C1R","valid","Validated converged fits","41979618fcf0704c44cdd1b8109f65c1",27
"C1RL","valid","Validated converged fits","61c784131ff82ef10a117c41782e8a75",27
"C1S","valid","Validated converged fits","a404c7cb12680e6d7e9a8b3bf7ff8612",27
"C1orf100","valid","Validated converged fits","d049913240eca87bad88a6b95fe29440",27
"C1orf105","valid","Validated converged fits","18816948812869cfa3ddf18f8099a7c3",27
"C1orf109","valid","Validated converged fits","207e5bbb2f38b0d11e2f7cd4e62a758e",27
"C1orf112","valid","Validated converged fits","423ee1cc6a0948d0597706e5ef07b205",27
"C1orf115","valid","Validated converged fits","85371db0854787ab938ea46b75086d79",27
"C1orf116","valid","Validated converged fits","c5bc5e0cea849717936c2929d047450d",27
"C1orf122","retry","Missing result","",0
"C1orf127","retry","Missing result","",0
"C1orf131","retry","Missing result","",0
"C1orf141","retry","Missing result","",0
"C1orf146","retry","Missing result","",0
"C1orf158","retry","Missing result","",0
"C1orf159","retry","Missing result","",0
"C1orf162","retry","Missing result","",0
"C1orf167","retry","Missing result","",0
"C1orf174","retry","Missing result","",0
"C1orf185","retry","Missing result","",0
"C1orf189","retry","Missing result","",0
"C1orf194","retry","Missing result","",0
"C1orf198","retry","Missing result","",0
"C1orf21","retry","Missing result","",0
"C1orf210","retry","Missing result","",0
"C1orf216","retry","Missing result","",0
"C1orf226","retry","Missing result","",0
"C1orf35","retry","Missing result","",0
"C1orf43","retry","Missing result","",0
"C1orf50","retry","Missing result","",0
"C1orf52","retry","Missing result","",0
"C1orf53","retry","Missing result","",0
"C1orf54","retry","Missing result","",0
"C1orf56","retry","Missing result","",0
"C1orf68","retry","Missing result","",0
"C1orf74","retry","Missing result","",0
"C1orf87","retry","Missing result","",0
"C1orf94","retry","Missing result","",0
"C2","retry","Missing result","",0
"C20orf141","retry","Missing result","",0
"C20orf144","retry","Missing result","",0
"C20orf173","retry","Missing result","",0
"C20orf194","retry","Missing result","",0
"C20orf202","retry","Missing result","",0
"C20orf203","retry","Missing result","",0
"C20orf27","retry","Missing result","",0
"C20orf85","retry","Missing result","",0
"C20orf96","retry","Missing result","",0
"C21orf58","retry","Missing result","",0
"C21orf62","retry","Missing result","",0
"C21orf91","retry","Missing result","",0
"C22orf15","retry","Missing result","",0
"C22orf23","retry","Missing result","",0
"C22orf31","retry","Missing result","",0
"C22orf39","valid","Validated converged fits","4b6f70f7c70a5423a42bf373e686a3d3",27
"C22orf42","valid","Validated converged fits","f0358f787165679135055c7f0acaf98a",27
"C2CD2","valid","Validated converged fits","c36ed2ae5ba06fcf85618d0f0fe504a1",27
"C2CD2L","valid","Validated converged fits","837b247afde9ac18bccf8fd5e96c004a",27
"C2CD3","valid","Validated converged fits","c0db59bcb847d79ec877eb8c9b4c6671",27
"C2CD4A","valid","Validated converged fits","8e139344707d59938fa2ed2ae5bd77e8",27
"C2CD4B","valid","Validated converged fits","246848ac0a0f6447c981c1ace7c2b7ba",27
"C2CD4C","valid","Validated converged fits","6b75693c6bdf39d18bbd10f73e4bb431",27
"C2CD4D","valid","Validated converged fits","685de05a2c87abac025ee6863760b004",27
"C2CD5","valid","Validated converged fits","bd7104b9b592e4f5fee3dfaa8ef704f5",27
"C2orf15","valid","Validated converged fits","cfc577b5299e5628f5dafb3eed47f722",27
"C2orf16","valid","Validated converged fits","a1a2bb554b48c4c15b5cd4c9bc7d3a05",27
"C2orf42","valid","Validated converged fits","195ecec669eaf4e5ad8565cf1999fb3a",27
"C2orf49","valid","Validated converged fits","81719205c818c62e7db76c87aef45213",27
"C2orf50","valid","Validated converged fits","1542e67ff50be913aceb94855ea7fc9d",27
"C2orf66","valid","Validated converged fits","e2c108cd6adbbe5276fd9cd66b7d579e",27
"C2orf68","valid","Validated converged fits","5dbe05c3b47898f5e2aa5a2b8bf2dfec",27
"C2orf69","valid","Validated converged fits","eedf94ace4d8446ef69511b86efd494c",27
"C2orf72","valid","Validated converged fits","4fd0be5ee58eb2c8ec259c508d74db83",27
"C2orf73","retry","Missing result","",0
"C2orf74","retry","Missing result","",0
"C2orf76","retry","Missing result","",0
"C2orf78","retry","Missing result","",0
"C2orf80","retry","Missing result","",0
"C2orf81","retry","Missing result","",0
"C2orf88","retry","Missing result","",0
"C3","retry","Missing result","",0
"C3AR1","retry","Missing result","",0
"C3orf14","retry","Missing result","",0
"C3orf18","retry","Missing result","",0
"C3orf20","retry","Missing result","",0
"C3orf22","retry","Missing result","",0
"C3orf33","retry","Missing result","",0
"C3orf38","retry","Missing result","",0
"C3orf49","retry","Missing result","",0
"C3orf52","retry","Missing result","",0
"C3orf56","retry","Missing result","",0
"C3orf62","retry","Missing result","",0
"C3orf70","retry","Missing result","",0
"C3orf80","retry","Missing result","",0
"C3orf84","retry","Missing result","",0
"C4A","retry","Missing result","",0
"C4B","retry","Missing result","",0
"C4BPA","retry","Missing result","",0
"C4BPB","retry","Missing result","",0
"C4orf17","retry","Missing result","",0
"C4orf19","retry","Missing result","",0
"C4orf3","retry","Missing result","",0
"C4orf33","retry","Missing result","",0
"C4orf36","retry","Missing result","",0
"C4orf45","retry","Missing result","",0
"C4orf46","retry","Missing result","",0
"C4orf47","retry","Missing result","",0
"C4orf48","retry","Missing result","",0
"C4orf50","retry","Missing result","",0
"C4orf51","retry","Missing result","",0
"C5","retry","Missing result","",0
"C5AR1","retry","Missing result","",0
"C5AR2","retry","Missing result","",0
"C5orf15","retry","Missing result","",0
"C5orf22","retry","Missing result","",0
"C5orf24","retry","Missing result","",0
"C5orf34","valid","Validated converged fits","dbeb485b78df43fa1a540a2ef9966dd2",27
"C5orf46","valid","Validated converged fits","3594a66a57066702c53548361c59fca1",27
"C5orf47","valid","Validated converged fits","3e9965afcec19cf77444f5f0fb4bb114",27
"C5orf49","valid","Validated converged fits","262d57fbe680b7a229b82ac453ebd3b7",27
"C5orf51","valid","Validated converged fits","046216df84da162d66d77315d4567e31",27
"C5orf52","valid","Validated converged fits","0566a8fd547f7a9b9403e90e93b021bc",27
"C5orf58","valid","Validated converged fits","25131a8f7ef59f6c9ba94ef3bc7ac8c2",27
"C5orf63","valid","Validated converged fits","79d6bcb02a77ecb01e2518fc5c2739c2",27
"C6","valid","Validated converged fits","737dd82e1461c72cb1cc8cb9656e1bdf",27
"C6orf118","valid","Validated converged fits","8e6912698064f884bfc307f9bb1184d7",27
"C6orf120","valid","Validated converged fits","aeca0666c79e855f81fbf05b70ed95cb",27
"C6orf132","valid","Validated converged fits","9a24470d76daffb91c4efe6bade4c3bd",27
"C6orf136","valid","Validated converged fits","e976c8632e6e0571ce201b7fb8529ee3",27
"C6orf141","valid","Validated converged fits","1ea269c63cc9b6214b594ae2844312af",27
"C6orf15","retry","Missing result","",0
"C6orf163","retry","Missing result","",0
"C6orf226","retry","Missing result","",0
"C6orf47","retry","Missing result","",0
"C6orf52","retry","Missing result","",0
"C6orf58","retry","Missing result","",0
"C6orf62","retry","Missing result","",0
"C6orf89","retry","Missing result","",0
"C7","retry","Missing result","",0
"C7orf25","retry","Missing result","",0
"C7orf26","retry","Missing result","",0
"C7orf31","retry","Missing result","",0
"C7orf33","retry","Missing result","",0
"C7orf50","retry","Missing result","",0
"C7orf57","retry","Missing result","",0
"C7orf61","retry","Missing result","",0
"C8A","retry","Missing result","",0
"C8B","retry","Missing result","",0
"C8G","retry","Missing result","",0
"C8orf33","retry","Missing result","",0
"C8orf34","retry","Missing result","",0
"C8orf37","retry","Missing result","",0
"C8orf48","retry","Missing result","",0
"C8orf58","retry","Missing result","",0
"C8orf74","retry","Missing result","",0
"C8orf76","retry","Missing result","",0
"C8orf82","retry","Missing result","",0
"C8orf88","retry","Missing result","",0
"C8orf89","retry","Missing result","",0
"C9","retry","Missing result","",0
"C9orf116","retry","Missing result","",0
"C9orf131","retry","Missing result","",0
"C9orf135","retry","Missing result","",0
"C9orf152","retry","Missing result","",0
"C9orf153","retry","Missing result","",0
"C9orf16","retry","Missing result","",0
"C9orf24","retry","Missing result","",0
"C9orf40","retry","Missing result","",0
"C9orf43","retry","Missing result","",0
"C9orf50","retry","Missing result","",0
"C9orf57","retry","Missing result","",0
"C9orf64","retry","Missing result","",0
"C9orf72","retry","Missing result","",0
"C9orf78","retry","Missing result","",0
"C9orf85","retry","Missing result","",0
"CA1","retry","Missing result","",0
"CA10","retry","Missing result","",0
"CA11","retry","Missing result","",0
"CA12","valid","Validated converged fits","1d42b062f681c7e625b12cce345323b1",27
"CA13","valid","Validated converged fits","d4d86c2280285b054ea04934a63b6b54",27
"CA14","valid","Validated converged fits","ff628926ed1cbf9fb66e5459ae3bffd6",27
"CA2","valid","Validated converged fits","d21a0c0cadc53d5c898f87588380824b",27
"CA3","valid","Validated converged fits","e6b46fca9366d5ea3652728ea4b3b66c",27
"CA4","valid","Validated converged fits","6fc3bf8f91814e95a2ed2dd816fad81d",27
"CA5A","valid","Validated converged fits","1399bac4be37c0753fe9d232d49043a7",27
"CA5B","retry","PLINK failed for CA5B on chromosome X with exit status 7","7e13a27d2365d8f6438c5e5070a1148e",0
"CA6","valid","Validated converged fits","e431d6fb8a47efb25c283474c1e8319c",27
"CA7","valid","Validated converged fits","16ba3649499c00d4a8d31d5030729a33",27
"CA8","valid","Validated converged fits","ad5fc1990a82275169f35e3bca354cdb",27
"CA9","valid","Validated converged fits","2360d1ca9fb49a74d3143dbd77059a07",27
"CAAP1","valid","Validated converged fits","1a162818a863389afd771c784cdbd2c2",27
"CAB39","retry","Unconverged slider fit.","33102c5324e85ae797da75c888c85700",0
"CAB39L","valid","Validated converged fits","70d446aea61ad014bad1067f3374fd6b",27
"CABIN1","valid","Validated converged fits","eda33fd73ae065047ca6a122dc726567",27
"CABLES1","valid","Validated converged fits","2c2ebf8002f8d0d981dec20ce2675090",27
"CABLES2","valid","Validated converged fits","d6a86a3718d36caf3a4ee3311eef1ae4",27
"CABP1","valid","Validated converged fits","0c3b204375b2cb595bbb7e069586479c",27
"CABP2","valid","Validated converged fits","2149126b873ffcd246d551aaf507c916",27
"CABP4","retry","Missing result","",0
"CABP5","retry","Missing result","",0
"CABP7","retry","Missing result","",0
"CABS1","retry","Missing result","",0
"CABYR","retry","Missing result","",0
"CACFD1","retry","Missing result","",0
"CACHD1","retry","Missing result","",0
"CACNA1A","retry","Missing result","",0
"CACNA1B","retry","Missing result","",0
"CACNA1C","retry","Missing result","",0
"CACNA1D","retry","Missing result","",0
"CACNA1E","retry","Missing result","",0
"CACNA1F","retry","Missing result","",0
"CACNA1G","retry","Missing result","",0
"CACNA1H","retry","Missing result","",0
"CACNA1I","retry","Missing result","",0
"CACNA1S","retry","Missing result","",0
"CACNA2D1","retry","Missing result","",0
"CACNA2D2","retry","Missing result","",0
"CACNA2D3","retry","Missing result","",0
"CACNA2D4","retry","Missing result","",0
"CACNB1","retry","Missing result","",0
"CACNB2","retry","Missing result","",0
"CACNB3","retry","Missing result","",0
"CACNB4","retry","Missing result","",0
"CACNG1","retry","Missing result","",0
"CACNG2","retry","Missing result","",0
"CACNG3","retry","Missing result","",0
"CACNG4","retry","Missing result","",0
"CACNG5","retry","Missing result","",0
"CACNG6","retry","Missing result","",0
"CACNG7","retry","Missing result","",0
"CACNG8","retry","Missing result","",0
"CACTIN","retry","Missing result","",0
"CACUL1","retry","Missing result","",0
"CACYBP","retry","Missing result","",0
"CAD","retry","Missing result","",0
"CADM1","retry","Missing result","",0
"CADM2","retry","Missing result","",0
"CADM3","retry","Missing result","",0
"CADM4","retry","Missing result","",0
"CADPS","retry","Missing result","",0
"CADPS2","valid","Validated converged fits","f13aea9c148416452de552dd9bc2e544",27
"CAGE1","valid","Validated converged fits","a8fc21188b31b51de496d1284a81fca3",27
"CALB1","valid","Validated converged fits","5654a389d732d2e12d9a89340ba00306",27
"CALB2","valid","Validated converged fits","9467563b04398ba9c8ea57aeb3974f12",27
"CALCA","valid","Validated converged fits","a2f27d546686f1d54837c3aff78a84b8",27
"CALCB","valid","Validated converged fits","bf932003455dbc3a8cd5f6c008824743",27
"CALCOCO1","valid","Validated converged fits","2b3cfcd594a89c3a297f891cbc2b84cd",27
"CALCOCO2","retry","Missing result","",0
"CALCR","retry","Missing result","",0
"CALCRL","retry","Missing result","",0
"CALD1","retry","Missing result","",0
"CALHM1","retry","Missing result","",0
"CALHM2","retry","Missing result","",0
"CALHM3","retry","Missing result","",0
"CALM1","retry","Missing result","",0
"CALM2","retry","Missing result","",0
"CALM3","retry","Missing result","",0
"CALML3","retry","Missing result","",0
"CALML4","retry","Missing result","",0
"CALML5","retry","Missing result","",0
"CALML6","retry","Missing result","",0
"CALN1","retry","Missing result","",0
"CALR","retry","Missing result","",0
"CALR3","retry","Missing result","",0
"CALU","retry","Missing result","",0
"CALY","retry","Missing result","",0
"CAMK1","retry","Missing result","",0
"CAMK1D","retry","Missing result","",0
"CAMK1G","retry","Missing result","",0
"CAMK2A","retry","Missing result","",0
"CAMK2B","retry","Missing result","",0
"CAMK2D","retry","Missing result","",0
"CAMK2G","retry","Missing result","",0
"CAMK2N1","retry","Missing result","",0
"CAMK2N2","retry","Missing result","",0
"CAMK4","retry","Missing result","",0
"CAMKK1","retry","Missing result","",0
"CAMKK2","retry","Missing result","",0
"CAMKMT","retry","Missing result","",0
"CAMKV","retry","Missing result","",0
"CAMLG","retry","Missing result","",0
"CAMP","retry","Missing result","",0
"CAMSAP1","retry","Missing result","",0
"CAMSAP2","retry","Missing result","",0
"CAMSAP3","retry","Missing result","",0
"CAMTA1","retry","Missing result","",0
"CAMTA2","retry","Missing result","",0
"CAND1","retry","Missing result","",0
"CAND2","retry","Missing result","",0
"CANT1","retry","Missing result","",0
"CANX","retry","Missing result","",0
"CAP1","retry","Missing result","",0
"CAP2","retry","Missing result","",0
"CAPG","retry","Missing result","",0
"CAPN1","retry","Missing result","",0
"CAPN10","retry","Missing result","",0
"CAPN11","retry","Missing result","",0
"CAPN12","retry","Missing result","",0
"CAPN13","retry","Missing result","",0
"CAPN14","retry","Missing result","",0
"CAPN15","retry","Missing result","",0
"CAPN2","retry","Missing result","",0
"CAPN3","valid","Validated converged fits","f8c415938a6d056994f1a756bc5a9ecb",27
"CAPN5","valid","Validated converged fits","50f188156579b4ff4be3debe88f05b39",27
"CAPN6","retry","PLINK failed for CAPN6 on chromosome X with exit status 7","33a9d6f916dcaf674e07d91cc641f22a",0
"CAPN7","valid","Validated converged fits","f10a307eeaf90ffbe8d49c7fb81e1861",27
"CAPN8","valid","Validated converged fits","9f67ddf991f7518ae68e3ab336fb5a2a",27
"CAPN9","valid","Validated converged fits","7858daccba7d325bea88f4026677c99c",27
"CAPNS1","valid","Validated converged fits","3098b5b781bcdc3e967d062808d34650",27
"CAPNS2","valid","Validated converged fits","d182da0af1193862e30dc14d713fb571",27
"CAPRIN1","valid","Validated converged fits","8ab572b88659a81fbda89e8e56c5de65",27
"CAPRIN2","valid","Validated converged fits","3d0d5b52d5697dde642ca17f537d5a49",27
"CAPS","valid","Validated converged fits","ecdf6123b4ba1192da3593a52e9ad00e",27
"CAPS2","valid","Validated converged fits","5d02c4f45a14948298a391d9aa8cf4c9",27
"CAPSL","valid","Validated converged fits","55007a43843127f05b53d9c28ab0f7d1",27
"CAPZA1","valid","Validated converged fits","97a5f8b83479de0bb3990b8af0ea6cd6",27
"CAPZA2","valid","Validated converged fits","b326cf9dd363e359358b15f0989bec5c",27
"CAPZA3","valid","Validated converged fits","b89e38d3ca58b2b64295fba0cbf85f8d",27
"CAPZB","valid","Validated converged fits","c2fdd38667651e82f888ea2560ba1e29",27
"CARD10","valid","Validated converged fits","e159e1ec45b8932ae81efc2a6f5ee960",27
"CARD11","retry","Missing result","",0
"CARD14","retry","Missing result","",0
"CARD18","retry","Missing result","",0
"CARD19","retry","Missing result","",0
"CARD6","retry","Missing result","",0
"CARD8","retry","Missing result","",0
"CARD9","retry","Missing result","",0
"CARF","retry","Missing result","",0
"CARHSP1","retry","Missing result","",0
"CARM1","retry","Missing result","",0
"CARMIL1","retry","Missing result","",0
"CARMIL2","retry","Missing result","",0
"CARMIL3","retry","Missing result","",0
"CARNMT1","retry","Missing result","",0
"CARNS1","retry","Missing result","",0
"CARS2","retry","Missing result","",0
"CARTPT","retry","Missing result","",0
"CASC3","retry","Missing result","",0
"CASD1","retry","Missing result","",0
"CASK","retry","Missing result","",0
"CASKIN1","retry","Missing result","",0
"CASKIN2","retry","Missing result","",0
"CASP1","retry","Missing result","",0
"CASP10","retry","Missing result","",0
"CASP14","retry","Missing result","",0
"CASP2","retry","Missing result","",0
"CASP3","retry","Missing result","",0
"CASP4","retry","Missing result","",0
"CASP5","retry","Missing result","",0
"CASP6","retry","Missing result","",0
"CASP7","retry","Missing result","",0
"CASP8","retry","Missing result","",0
"CASP8AP2","retry","Missing result","",0
"CASP9","retry","Missing result","",0
"CASQ1","retry","Missing result","",0
"CASQ2","retry","Missing result","",0
"CASR","retry","Missing result","",0
"CASS4","retry","Missing result","",0
"CAST","retry","Missing result","",0
"CASZ1","retry","Missing result","",0
"CAT","retry","Missing result","",0
"CATIP","retry","Missing result","",0
"CATSPER1","retry","Missing result","",0
"CATSPER2","retry","Missing result","",0
"CATSPER3","valid","Validated converged fits","1bd5592e9a95850c97b3690798ea4667",27
"CATSPER4","valid","Validated converged fits","a9167a55d80e68eadb97ec9354831ce5",27
"CATSPERB","valid","Validated converged fits","9e910fea3d5a804e5da80a6e76229c02",27
"CATSPERD","valid","Validated converged fits","4d359aa6526765de824fc83661109ea5",27
"CATSPERG","valid","Validated converged fits","6010e996bd65a742b222da9839357692",27
"CAV1","valid","Validated converged fits","817a02161c1e7d4f07ae684eab81063d",27
"CAV2","valid","Validated converged fits","0d01e1df2aa2c61ab98a3427cf162cdb",27
"CAV3","valid","Validated converged fits","a7073925e7d02c1b7798a164ac4a83a5",27
"CBARP","valid","Validated converged fits","a34856176301ce42acea0b5b934bad51",27
"CBFA2T2","valid","Validated converged fits","9dba71c9950912d981cc90c7a87c4982",27
"CBFA2T3","valid","Validated converged fits","16f8cd2be3f2eca8426291e57774dbab",27
"CBFB","valid","Validated converged fits","fb90f7d9781144656318b2b775f387e1",27
"CBL","retry","Missing result","",0
"CBLB","retry","Missing result","",0
"CBLC","retry","Missing result","",0
"CBLL1","retry","Missing result","",0
"CBLN1","retry","Missing result","",0
"CBLN2","retry","Missing result","",0
"CBLN3","retry","Missing result","",0
"CBLN4","retry","Missing result","",0
"CBR1","retry","Missing result","",0
"CBR3","retry","Missing result","",0
"CBR4","retry","Missing result","",0
"CBS","retry","Missing result","",0
"CBSL","retry","Missing result","",0
"CBWD1","retry","Missing result","",0
"CBWD2","retry","Missing result","",0
"CBWD3","retry","Missing result","",0
"CBWD5","retry","Missing result","",0
"CBX1","retry","Missing result","",0
"CBX2","retry","Missing result","",0
"CBX3","retry","Missing result","",0
"CBX4","retry","Missing result","",0
"CBX5","retry","Missing result","",0
"CBX6","retry","Missing result","",0
"CBX7","retry","Missing result","",0
"CBX8","retry","Missing result","",0
"CBY1","retry","Missing result","",0
"CBY3","retry","Missing result","",0
"CC2D1A","retry","Missing result","",0
"CC2D1B","retry","Missing result","",0
"CC2D2A","retry","Missing result","",0
"CC2D2B","retry","Missing result","",0
"CCAR1","retry","Missing result","",0
"CCAR2","retry","Missing result","",0
"CCBE1","retry","Missing result","",0
"CCDC102A","retry","Missing result","",0
"CCDC102B","retry","Missing result","",0
"CCDC103","retry","Missing result","",0
"CCDC105","retry","Missing result","",0
"CCDC106","retry","Missing result","",0
"CCDC107","retry","Missing result","",0
"CCDC110","retry","Missing result","",0
"CCDC112","retry","Missing result","",0
"CCDC113","retry","Missing result","",0
"CCDC114","retry","Missing result","",0
"CCDC115","retry","Missing result","",0
"CCDC116","retry","Missing result","",0
"CCDC117","retry","Missing result","",0
"CCDC12","retry","Missing result","",0
"CCDC120","retry","Missing result","",0
"CCDC121","retry","Missing result","",0
"CCDC122","valid","Validated converged fits","655af498d9ecd9c1d6841ba6137d25ef",27
"CCDC124","valid","Validated converged fits","8af0abb9b9340a89969f5941730757d1",27
"CCDC125","valid","Validated converged fits","271e607b07c3e2f2d8d103d1fffa288f",27
"CCDC126","valid","Validated converged fits","cb820858f43521bb780fe68d5788a182",27
"CCDC127","valid","Validated converged fits","00c81a25b469263e031dbe8cd9932a1d",27
"CCDC13","valid","Validated converged fits","f0ed9d5a10bee2b5d6e5e59810c247e3",27
"CCDC130","valid","Validated converged fits","e8e05297605e7053651a31f282a1b903",27
"CCDC134","valid","Validated converged fits","6e7607232113b2221cfac46034d75ff6",27
"CCDC136","valid","Validated converged fits","8ae3dfac800d434c0a8ff3c535bbbf6a",27
"CCDC137","valid","Validated converged fits","843fd86b0968f33f0358a05d3d8ec41d",27
"CCDC138","valid","Validated converged fits","55d40d0ef0c8b1b5832dcf7e93193422",27
"CCDC14","valid","Validated converged fits","790fac821d2da0b3f1797230ab2ef6d7",27
"CCDC141","valid","Validated converged fits","d7d15652b8f8adde0e942031ae8c00f5",27
"CCDC142","valid","Validated converged fits","f79785acc441aa1d40ccbb78158618b7",27
"CCDC144A","valid","Validated converged fits","2acaf562046fef70094111ed55ece6e7",27
"CCDC146","valid","Validated converged fits","d8a212caf03b92cb7b3938f49c85413c",27
"CCDC148","valid","Validated converged fits","822a83a46ccd84ffecc473373d191a91",27
"CCDC149","valid","Validated converged fits","4146609b406791bc3561077e6fc0c663",27
"CCDC15","valid","Validated converged fits","f59a5de925d4536d65bfadfdaa302bbd",27
"CCDC150","valid","Validated converged fits","f8c20b3f7d722d3b517c50db1fa7be39",27
"CCDC151","retry","Missing result","",0
"CCDC152","retry","Missing result","",0
"CCDC153","retry","Missing result","",0
"CCDC154","retry","Missing result","",0
"CCDC157","retry","Missing result","",0
"CCDC158","retry","Missing result","",0
"CCDC159","retry","Missing result","",0
"CCDC160","retry","Missing result","",0
"CCDC163","retry","Missing result","",0
"CCDC166","retry","Missing result","",0
"CCDC167","retry","Missing result","",0
"CCDC168","retry","Missing result","",0
"CCDC169","retry","Missing result","",0
"CCDC17","retry","Missing result","",0
"CCDC170","retry","Missing result","",0
"CCDC171","retry","Missing result","",0
"CCDC172","retry","Missing result","",0
"CCDC173","retry","Missing result","",0
"CCDC174","retry","Missing result","",0
"CCDC175","retry","Missing result","",0
"CCDC177","retry","Missing result","",0
"CCDC178","retry","Missing result","",0
"CCDC179","retry","Missing result","",0
"CCDC18","retry","Missing result","",0
"CCDC180","retry","Missing result","",0
"CCDC181","retry","Missing result","",0
"CCDC182","retry","Missing result","",0
"CCDC183","retry","Missing result","",0
"CCDC184","retry","Missing result","",0
"CCDC185","retry","Missing result","",0
"CCDC186","retry","Missing result","",0
"CCDC187","retry","Missing result","",0
"CCDC188","retry","Missing result","",0
"CCDC189","retry","Missing result","",0
"CCDC190","retry","Missing result","",0
"CCDC191","retry","Missing result","",0
"CCDC192","retry","Missing result","",0
"CCDC22","retry","Missing result","",0
"CCDC24","retry","Missing result","",0
"CCDC25","retry","Missing result","",0
"CCDC27","retry","Missing result","",0
"CCDC28A","retry","Missing result","",0
"CCDC28B","valid","Validated converged fits","63aed5ec20dbb29dced61426bb7dec76",27
"CCDC3","valid","Validated converged fits","080786a2051ac9bbb0c54aea5bcbf835",27
"CCDC30","valid","Validated converged fits","2f9f6452ae9d64caf154ec78adcab70e",27
"CCDC33","valid","Validated converged fits","4dfdf039d23684a96c4091bf30fb25ad",27
"CCDC34","valid","Validated converged fits","b02c1a479874724e8cbecfb386bc150f",27
"CCDC38","valid","Validated converged fits","caa032cfc3e7a693becd60074a99ce19",27
"CCDC39","valid","Validated converged fits","bd5698df2c009b032722b042486a92e3",27
"CCDC40","valid","Validated converged fits","e9db67b2f87982ce6a548e0efabcc0ac",27
"CCDC42","valid","Validated converged fits","30282aeddc8502ac65b06ca5ea2cca98",27
"CCDC43","valid","Validated converged fits","f7a7778e39c3de60050312179e681b7a",27
"CCDC47","valid","Validated converged fits","50cbef595e451c209d54bf9dfbb52b28",27
"CCDC50","valid","Validated converged fits","7db620576a6ea9992473c583ea3a3dbc",27
"CCDC51","valid","Validated converged fits","f92e0582d0480c260fde9893b5b772b8",27
"CCDC54","valid","Validated converged fits","d4642d7ac607267863975724e8fb198c",27
"CCDC57","valid","Validated converged fits","44c7de194d5af820c44be4593738b452",27
"CCDC58","valid","Validated converged fits","db66b8a25c6a61a0409ae8964a1c829f",27
"CCDC59","valid","Validated converged fits","f71d602feb238d44e99e0233d7810e20",27
"CCDC6","valid","Validated converged fits","d24b7aec4d30679c674c06e30bf95e9a",27
"CCDC60","valid","Validated converged fits","84e4c0faa425cabeb4aba17546de4aa7",27
"CCDC61","valid","Validated converged fits","fd9e2cc631973407f74edf9a8145872a",27
"CCDC62","retry","Missing result","",0
"CCDC63","retry","Missing result","",0
"CCDC65","retry","Missing result","",0
"CCDC66","retry","Missing result","",0
"CCDC68","retry","Missing result","",0
"CCDC69","retry","Missing result","",0
"CCDC7","retry","Missing result","",0
"CCDC70","retry","Missing result","",0
"CCDC71","retry","Missing result","",0
"CCDC71L","retry","Missing result","",0
"CCDC73","retry","Missing result","",0
"CCDC74A","retry","Missing result","",0
"CCDC74B","retry","Missing result","",0
"CCDC77","retry","Missing result","",0
"CCDC78","retry","Missing result","",0
"CCDC8","retry","Missing result","",0
"CCDC80","retry","Missing result","",0
"CCDC81","retry","Missing result","",0
"CCDC82","retry","Missing result","",0
"CCDC83","retry","Missing result","",0
"CCDC85A","retry","Missing result","",0
"CCDC85B","retry","Missing result","",0
"CCDC85C","retry","Missing result","",0
"CCDC86","retry","Missing result","",0
"CCDC87","retry","Missing result","",0
"CCDC88A","retry","Missing result","",0
"CCDC88B","retry","Missing result","",0
"CCDC88C","retry","Missing result","",0
"CCDC89","retry","Missing result","",0
"CCDC9","retry","Missing result","",0
"CCDC90B","retry","Missing result","",0
"CCDC91","retry","Missing result","",0
"CCDC92","retry","Missing result","",0
"CCDC93","retry","Missing result","",0
"CCDC96","retry","Missing result","",0
"CCDC97","retry","Missing result","",0
"CCER1","retry","Missing result","",0
"CCER2","retry","Missing result","",0
"CCHCR1","retry","Missing result","",0
"CCIN","retry","Missing result","",0
"CCK","retry","Missing result","",0
"CCKAR","retry","Missing result","",0
"CCKBR","valid","Validated converged fits","43584b64b98b6052a7306feda3fb1825",27
"CCL1","valid","Validated converged fits","9da2cdfe7dbce5baa99dd3ea8c901bb7",27
"CCL11","valid","Validated converged fits","5d2a9497dcb629e439ee38089fc021cf",27
"CCL13","valid","Validated converged fits","6b86235a123d1926e5d4a970e68ea2cf",27
"CCL14","valid","Validated converged fits","f34c0a3aabccff6524df925f9f567d1d",27
"CCL15","valid","Validated converged fits","85cede0c2bbd36a0a7404e0299876f46",27
"CCL16","valid","Validated converged fits","016c120dd0fe7eea0906d57314303b6c",27
"CCL17","valid","Validated converged fits","7ccc32ef64bef7bbfa55b08f29d7b6ef",27
"CCL18","valid","Validated converged fits","a49682e06e6455f4e7b845caaa619df8",27
"CCL19","retry","Missing result","",0
"CCL2","retry","Missing result","",0
"CCL20","retry","Missing result","",0
"CCL21","retry","Missing result","",0
"CCL22","retry","Missing result","",0
"CCL23","retry","Missing result","",0
"CCL24","retry","Missing result","",0
"CCL25","retry","Missing result","",0
"CCL26","retry","Missing result","",0
"CCL27","retry","Missing result","",0
"CCL28","retry","Missing result","",0
"CCL3","retry","Missing result","",0
"CCL3L3","retry","Missing result","",0
"CCL4","retry","Missing result","",0
"CCL4L2","retry","Missing result","",0
"CCL5","retry","Missing result","",0
"CCL7","retry","Missing result","",0
"CCL8","retry","Missing result","",0
"CCM2","retry","Missing result","",0
"CCM2L","retry","Missing result","",0
"CCNA1","retry","Missing result","",0
"CCNA2","retry","Missing result","",0
"CCNB1","retry","Missing result","",0
"CCNB1IP1","retry","Missing result","",0
"CCNB2","retry","Missing result","",0
"CCNB3","retry","Missing result","",0
"CCNC","retry","Missing result","",0
"CCND1","retry","Missing result","",0
"CCND2","retry","Missing result","",0
"CCND3","retry","Missing result","",0
"CCNDBP1","retry","Missing result","",0
"CCNE1","retry","Missing result","",0
"CCNE2","retry","Missing result","",0
"CCNF","retry","Missing result","",0
"CCNG1","retry","Missing result","",0
"CCNG2","retry","Missing result","",0
"CCNH","retry","Missing result","",0
"CCNI","retry","Missing result","",0
"CCNI2","retry","Missing result","",0
"CCNJ","retry","Missing result","",0
"CCNJL","retry","Missing result","",0
"CCNK","retry","Missing result","",0
"CCNL1","retry","Missing result","",0
"CCNL2","retry","Missing result","",0
"CCNO","retry","Missing result","",0
"CCNT1","retry","Missing result","",0
"CCNT2","retry","Missing result","",0
"CCNY","retry","Missing result","",0
"CCNYL1","retry","Missing result","",0
"CCP110","retry","Missing result","",0
"CCPG1","retry","Missing result","",0
"CCR1","retry","Missing result","",0
"CCR10","retry","Missing result","",0
"CCR2","valid","Validated converged fits","a24ca88271e136793572094d13adb645",27
"CCR3","valid","Validated converged fits","5e4966e9f32750c1eaf7156e3bfaa9c9",27
"CCR4","valid","Validated converged fits","9a69f47682fb1f2beaa23b5d8604d2e1",27
"CCR5","valid","Validated converged fits","7b1ccbe75119836118adf30551a2ad00",27
"CCR6","valid","Validated converged fits","7c085d0f66b42a6476b066a41359a5ed",27
"CCR7","valid","Validated converged fits","d062e17645ef95afb629d37cee2b8a24",27
"CCR8","valid","Validated converged fits","cf8571898647fe204ea8db59d28f5626",27
"CCR9","valid","Validated converged fits","95fb1c1027c930c93ef0e2928957fd12",27
"CCRL2","valid","Validated converged fits","9b4dd8c10e322493aa58e0e5c3b5e11a",27
"CCS","valid","Validated converged fits","35650a5ba95e4b6f142ce34f6c7a2a7e",27
"CCSAP","valid","Validated converged fits","cdbe35bf21d27c111eb6d5560043cde8",27
"CCSER1","retry","Missing result","",0
"CCSER2","retry","Missing result","",0
"CCT2","retry","Missing result","",0
"CCT3","retry","Missing result","",0
"CCT4","retry","Missing result","",0
"CCT5","retry","Missing result","",0
"CCT6A","retry","Missing result","",0
"CCT6B","retry","Missing result","",0
"CCT7","retry","Missing result","",0
"CCT8","retry","Missing result","",0
"CCT8L2","retry","Missing result","",0
"CCZ1","retry","Missing result","",0
"CCZ1B","retry","Missing result","",0
"CD101","retry","Missing result","",0
"CD109","retry","Missing result","",0
"CD14","retry","Missing result","",0
"CD151","retry","Missing result","",0
"CD160","retry","Missing result","",0
"CD163","retry","Missing result","",0
"CD163L1","retry","Missing result","",0
"CD164","retry","Missing result","",0
"CD164L2","retry","Missing result","",0
"CD177","retry","Missing result","",0
"CD180","retry","Missing result","",0
"CD19","retry","Missing result","",0
"CD1A","retry","Missing result","",0
"CD1B","retry","Missing result","",0
"CD1C","retry","Missing result","",0
"CD1D","retry","Missing result","",0
"CD1E","retry","Missing result","",0
"CD2","retry","Missing result","",0
"CD200","retry","Missing result","",0
"CD200R1","retry","Missing result","",0
"CD200R1L","retry","Missing result","",0
"CD207","retry","Missing result","",0
"CD209","retry","Missing result","",0
"CD22","retry","Missing result","",0
"CD226","retry","Missing result","",0
"CD24","retry","Missing result","",0
"CD244","retry","Missing result","",0
"CD247","retry","Missing result","",0
"CD248","retry","Missing result","",0
"CD27","retry","Missing result","",0
"CD274","retry","Missing result","",0
"CD276","retry","Missing result","",0
"CD28","retry","Missing result","",0
"CD2AP","retry","Missing result","",0
"CD2BP2","retry","Missing result","",0
"CD300A","retry","Missing result","",0
"CD300C","retry","Missing result","",0
"CD300E","retry","Missing result","",0
"CD300LB","valid","Validated converged fits","65d1c870fb39b4073692e7438e32b6f2",27
"CD300LD","valid","Validated converged fits","88eeaf91310777c6659cbb4795d43794",27
"CD300LF","valid","Validated converged fits","1ef9dd4a024ca896c29cd2a9b328bf57",27
"CD300LG","valid","Validated converged fits","10441fb29521ab9055e3dfe2d0c6533d",27
"CD302","valid","Validated converged fits","7797f7cb06b40ffdf07e7b9c32cc722c",27
"CD320","valid","Validated converged fits","f79573db99b91bfe935f39dd54340072",27
"CD33","valid","Validated converged fits","02fa74212690448acb80e884c774ee54",27
"CD34","valid","Validated converged fits","cdf2de68cb610240498dbbc011273212",27
"CD36","valid","Validated converged fits","7e19ce3daf55fc1026c32e97c61c2de5",27
"CD37","valid","Validated converged fits","17667efa308e03b8900b13ae100b25d6",27
"CD38","valid","Validated converged fits","1ddb681b4276a9ba51012124a347c6fb",27
"CD3D","valid","Validated converged fits","9bec9a3490d20f2dbaf3378ea5e26824",27
"CD3E","valid","Validated converged fits","dc1fd4b300962834ba239319c5199523",27
"CD3G","valid","Validated converged fits","f80226eeec52e9f6039559b8a7531492",27
"CD4","valid","Validated converged fits","8be7f43e82c6f8bbe448630c2cb583b0",27
"CD40","valid","Validated converged fits","6f9307b95e4e4da63e1ebb1a1a3144c7",27
"CD40LG","retry","PLINK failed for CD40LG on chromosome X with exit status 7","7202d486028cf4e2e90c30b5641f8415",0
"CD44","valid","Validated converged fits","81cb63752429b04d893454b9be9dab52",27
"CD46","retry","Missing result","",0
"CD47","retry","Missing result","",0
"CD48","retry","Missing result","",0
"CD5","retry","Missing result","",0
"CD52","retry","Missing result","",0
"CD53","retry","Missing result","",0
"CD55","retry","Missing result","",0
"CD58","retry","Missing result","",0
"CD59","retry","Missing result","",0
"CD5L","retry","Missing result","",0
"CD6","retry","Missing result","",0
"CD63","retry","Missing result","",0
"CD68","retry","Missing result","",0
"CD69","retry","Missing result","",0
"CD7","retry","Missing result","",0
"CD70","retry","Missing result","",0
"CD72","retry","Missing result","",0
"CD74","retry","Missing result","",0
"CD79A","retry","Missing result","",0
"CD79B","retry","Missing result","",0
"CD80","retry","Missing result","",0
"CD81","retry","Missing result","",0
"CD82","retry","Missing result","",0
"CD83","retry","Missing result","",0
"CD84","retry","Missing result","",0
"CD86","retry","Missing result","",0
"CD8A","retry","Missing result","",0
"CD8B","retry","Missing result","",0
"CD9","retry","Missing result","",0
"CD93","retry","Missing result","",0
"CD96","retry","Missing result","",0
"CD99","retry","Missing result","",0
"CD99L2","retry","Missing result","",0
"CDA","retry","Missing result","",0
"CDADC1","retry","Missing result","",0
"CDAN1","retry","Missing result","",0
"CDC123","retry","Missing result","",0
"CDC14A","retry","Missing result","",0
"CDC14B","retry","Missing result","",0
"CDC14C","retry","Missing result","",0
"CDC16","retry","Missing result","",0
"CDC20","retry","Missing result","",0
"CDC20B","retry","Missing result","",0
"CDC23","retry","Missing result","",0
"CDC25A","valid","Validated converged fits","2bed76ad09120d04ef29223ed9276abf",27
"CDC25B","valid","Validated converged fits","5be3d58f2d719ea07141e9ad4c51d58c",27
"CDC25C","valid","Validated converged fits","2a00fafbd571888d0e7643a589924f2b",27
"CDC26","valid","Validated converged fits","f635ec78be8f3caa195ac4496faff15b",27
"CDC27","valid","Validated converged fits","602fc05012bf9d2f06ba65dbf0a6c71d",27
"CDC34","valid","Validated converged fits","7017dfa685acfbced66b91db243888d9",27
"CDC37","valid","Validated converged fits","728f296f37ede3bbd5eb32c8404eaf24",27
"CDC37L1","valid","Validated converged fits","91ec0d5f1e0979324514d9bb8536c1e5",27
"CDC40","valid","Validated converged fits","38d13e00672343b22d0a99824ec5b341",27
"CDC42","valid","Validated converged fits","cabcc106f016b9f299035206b609c39f",27
"CDC42BPA","valid","Validated converged fits","8a65b851a98080c5665fdfa8e49f4045",27
"CDC42BPB","valid","Validated converged fits","9850cd1175c973d3a82c3decdf72faa2",27
"CDC42BPG","valid","Validated converged fits","279283f7e115cc45699525a9808a9eec",27
"CDC42EP1","valid","Validated converged fits","f610d51f8cc9ac76d5b2bbe113fffd18",27
"CDC42EP2","valid","Validated converged fits","a95f283aa647c25bdf1b15651941f890",27
"CDC42EP3","valid","Validated converged fits","f3dbcaf9d7519e327eeb376e367f9519",27
"CDC42EP4","valid","Validated converged fits","d5a79101d040e0507ea4562fd45a77e0",27
"CDC42EP5","retry","Missing result","",0
"CDC42SE1","retry","Missing result","",0
"CDC42SE2","retry","Missing result","",0
"CDC45","retry","Missing result","",0
"CDC5L","retry","Missing result","",0
"CDC6","retry","Missing result","",0
"CDC7","retry","Missing result","",0
"CDC73","retry","Missing result","",0
"CDCA2","retry","Missing result","",0
"CDCA3","retry","Missing result","",0
"CDCA4","retry","Missing result","",0
"CDCA5","retry","Missing result","",0
"CDCA7","retry","Missing result","",0
"CDCA7L","retry","Missing result","",0
"CDCA8","retry","Missing result","",0
"CDCP1","retry","Missing result","",0
"CDCP2","retry","Missing result","",0
"CDH1","retry","Missing result","",0
"CDH10","retry","Missing result","",0
"CDH11","retry","Missing result","",0
"CDH12","retry","Missing result","",0
"CDH13","retry","Missing result","",0
"CDH15","retry","Missing result","",0
"CDH16","retry","Missing result","",0
"CDH17","retry","Missing result","",0
"CDH18","retry","Missing result","",0
"CDH19","retry","Missing result","",0
"CDH2","retry","Missing result","",0
"CDH20","retry","Missing result","",0
"CDH22","retry","Missing result","",0
"CDH23","retry","Missing result","",0
"CDH24","retry","Missing result","",0
"CDH26","retry","Missing result","",0
"CDH3","retry","Missing result","",0
"CDH4","retry","Missing result","",0
"CDH5","retry","Missing result","",0
"CDH6","retry","Missing result","",0
"CDH7","retry","Missing result","",0
"CDH8","retry","Missing result","",0
"CDH9","retry","Missing result","",0
"CDHR1","retry","Missing result","",0
"CDHR2","retry","Missing result","",0
"CDHR3","retry","Missing result","",0
"CDHR4","retry","Missing result","",0
"CDHR5","retry","Missing result","",0
"CDIP1","valid","Validated converged fits","e9591839b62891291da89f0d2cc8de0d",27
"CDIPT","valid","Validated converged fits","a7bcdb49c059b6cbd76a72cd12d14856",27
"CDK1","valid","Validated converged fits","8d1db909dd50c21e1f94451ed189bd20",27
"CDK10","valid","Validated converged fits","69f1ae3b59fef4437e3a896197dda581",27
"CDK11A","valid","Validated converged fits","ad05b920273fcbfd41ebd5f034a084fb",27
"CDK11B","valid","Validated converged fits","33725f6a84f57ed82cfad864cdb417d8",27
"CDK12","valid","Validated converged fits","06972279605df6c050c20172f2eee676",27
"CDK13","retry","Unconverged slider fit.","adb954d2d581a337e6a1f42791785467",0
"CDK14","valid","Validated converged fits","eef25de50c96c06a8473d50b4b3293bf",27
"CDK15","valid","Validated converged fits","887795acb85a1590d6064b2d37f2901c",27
"CDK16","retry","PLINK failed for CDK16 on chromosome X with exit status 7","a1977a11d3410c48d9e2d58a08766c25",0
"CDK17","valid","Validated converged fits","4d09871639d471523118b4116e917679",27
"CDK18","valid","Validated converged fits","d9311c901590f94b456db586bcf8e82f",27
"CDK19","retry","Missing result","",0
"CDK2","retry","Missing result","",0
"CDK20","retry","Missing result","",0
"CDK2AP1","retry","Missing result","",0
"CDK2AP2","retry","Missing result","",0
"CDK3","retry","Missing result","",0
"CDK4","retry","Missing result","",0
"CDK5","retry","Missing result","",0
"CDK5R1","retry","Missing result","",0
"CDK5R2","retry","Missing result","",0
"CDK5RAP1","retry","Missing result","",0
"CDK5RAP2","retry","Missing result","",0
"CDK5RAP3","retry","Missing result","",0
"CDK6","retry","Missing result","",0
"CDK7","retry","Missing result","",0
"CDK8","retry","Missing result","",0
"CDK9","retry","Missing result","",0
"CDKAL1","retry","Missing result","",0
"CDKL1","retry","Missing result","",0
"CDKL2","retry","Missing result","",0
"CDKL3","retry","Missing result","",0
"CDKL4","retry","Missing result","",0
"CDKL5","retry","Missing result","",0
"CDKN1A","retry","Missing result","",0
"CDKN1B","retry","Missing result","",0
"CDKN1C","retry","Missing result","",0
"CDKN2A","retry","Missing result","",0
"CDKN2AIP","retry","Missing result","",0
"CDKN2AIPNL","retry","Missing result","",0
"CDKN2B","retry","Missing result","",0
"CDKN2C","retry","Missing result","",0
"CDKN2D","retry","Missing result","",0
"CDKN3","retry","Missing result","",0
"CDNF","retry","Missing result","",0
"CDO1","retry","Missing result","",0
"CDON","retry","Missing result","",0
"CDPF1","retry","Missing result","",0
"CDR1","retry","Missing result","",0
"CDR2","retry","Missing result","",0
"CDR2L","retry","Missing result","",0
"CDRT1","retry","Missing result","",0
"CDRT15","retry","Missing result","",0
"CDRT15L2","retry","Missing result","",0
"CDRT4","retry","Missing result","",0
"CDS1","retry","Missing result","",0
"CDS2","retry","Missing result","",0
"CDSN","retry","Missing result","",0
"CDT1","retry","Missing result","",0
"CDV3","retry","Missing result","",0
"CDX1","valid","Validated converged fits","2693127d37144513971576c418bd37ff",27
"CDX2","valid","Validated converged fits","773371f97a5e7c480434dbdd93a1566e",27
"CDX4","retry","PLINK failed for CDX4 on chromosome X with exit status 7","dfb3ee3972a2790b2973be1016193755",0
"CDY1","retry","PLINK failed for CDY1 on chromosome Y with exit status 7","ffdadca3a8fffa423464ce087b3d16c3",0
"CDY1B","retry","PLINK failed for CDY1B on chromosome Y with exit status 7","8f071bcc6ee4dd80935b1f23d48c18f7",0
"CDY2A","retry","PLINK failed for CDY2A on chromosome Y with exit status 7","02ef75364333a5e3a9faf011d0284d57",0
"CDY2B","retry","PLINK failed for CDY2B on chromosome Y with exit status 7","05791b8bae557329b673fe30285173e5",0
"CDYL","valid","Validated converged fits","92d6dd6c83d7de1a7ce130b94f368e63",27
"CDYL2","valid","Validated converged fits","c0125763a7c076b122eb895daf00dc52",27
"CEACAM1","valid","Validated converged fits","5ef4cf32cb505da18f93688134d3c7a1",27
"CEACAM16","valid","Validated converged fits","d8ebf8726d8d34165b6c3143aaa71752",27
"CEACAM18","valid","Validated converged fits","f8acb5187d9dc02fd5abc87ab141280a",27
"CEACAM19","valid","Validated converged fits","7b5458bd10260b01c63d52f65585e666",27
"CEACAM20","valid","Validated converged fits","074e82ea7539996b15b024ac13b0ec82",27
"CEACAM21","retry","Missing result","",0
"CEACAM3","retry","Missing result","",0
"CEACAM4","retry","Missing result","",0
"CEACAM5","retry","Missing result","",0
"CEACAM6","retry","Missing result","",0
"CEACAM7","retry","Missing result","",0
"CEACAM8","retry","Missing result","",0
"CEBPA","retry","Missing result","",0
"CEBPB","retry","Missing result","",0
"CEBPD","retry","Missing result","",0
"CEBPE","retry","Missing result","",0
"CEBPG","retry","Missing result","",0
"CEBPZ","retry","Missing result","",0
"CEBPZOS","retry","Missing result","",0
"CECR2","retry","Missing result","",0
"CEL","retry","Missing result","",0
"CELA1","retry","Missing result","",0
"CELA2A","retry","Missing result","",0
"CELA2B","retry","Missing result","",0
"CELA3A","retry","Missing result","",0
"CELA3B","retry","Missing result","",0
"CELF1","retry","Missing result","",0
"CELF2","retry","Missing result","",0
"CELF3","retry","Missing result","",0
"CELF4","retry","Missing result","",0
"CELF5","retry","Missing result","",0
"CELF6","retry","Missing result","",0
"CELSR1","retry","Missing result","",0
"CELSR2","retry","Missing result","",0
"CELSR3","retry","Missing result","",0
"CEMIP","retry","Missing result","",0
"CEND1","retry","Missing result","",0
"CENPA","retry","Missing result","",0
"CENPB","retry","Missing result","",0
"CENPC","retry","Missing result","",0
"CENPE","retry","Missing result","",0
"CENPF","retry","Missing result","",0
"CENPH","retry","Missing result","",0
"CENPI","retry","Missing result","",0
"CENPJ","retry","Missing result","",0
"CENPK","retry","Missing result","",0
"CENPL","retry","Missing result","",0
"CENPM","retry","Missing result","",0
"CENPN","retry","Missing result","",0
"CENPO","retry","Missing result","",0
"CENPP","retry","Missing result","",0
"CENPQ","retry","Missing result","",0
"CENPS","retry","Missing result","",0
"CENPT","valid","Validated converged fits","5a43ec2e993a25ff7fe4ff9cd99479f4",27
"CENPU","valid","Validated converged fits","5bfd43c5323c4f2710f4d76c17ecb2b2",27
"CENPV","valid","Validated converged fits","304c4f5d0c9be579717362003bd25bbd",27
"CENPVL1","retry","PLINK failed for CENPVL1 on chromosome X with exit status 7","8dc4928d4b563b50966349ab2d3346b8",0
"CENPVL2","retry","PLINK failed for CENPVL2 on chromosome X with exit status 7","84857eac2c24768ea18c71a48e3d4831",0
"CENPVL3","retry","PLINK failed for CENPVL3 on chromosome X with exit status 7","b96ccc2012c1b3084c3297cd7b8dd370",0
"CENPW","valid","Validated converged fits","3a6e76bb1bfc17f97a5a913dcd4f2276",27
"CENPX","valid","Validated converged fits","0e86bc3e49ac0d1114c971e1b6c37246",27
"CEP104","valid","Validated converged fits","5ed0a65d4c16b7164df283dfda065736",27
"CEP112","valid","Validated converged fits","2d99c6bf5f9560dcfa149b4780103699",27
"CEP120","valid","Validated converged fits","fae2bc85f770b2ea13c524b29331f20b",27
"CEP126","valid","Validated converged fits","cc4093502e58e3c8a335514c6b6049a5",27
"CEP128","valid","Validated converged fits","71785f323da5f41e018a48704ddd73e4",27
"CEP131","valid","Validated converged fits","66e00bbfa1bfdc1edc95deb99373ca22",27
"CEP135","valid","Validated converged fits","949386901f00e0d5df3901a414abfbb7",27
"CEP152","valid","Validated converged fits","a6927c3b31ece10252abb089bc8f906a",27
"CEP162","valid","Validated converged fits","eb3dcf9ebb6d06c65b05e76588f906ca",27
"CEP164","valid","Validated converged fits","bf5d39916e648f6a9ee7e55f408d90d8",27
"CEP170","valid","Validated converged fits","15905749bd6be0f2624b680ecfbd4cfd",27
"CEP170B","valid","Validated converged fits","b7de770691d0de3717f0453aaf69a769",27
"CEP19","valid","Validated converged fits","065ad8e5f781681f8952f71e89d1e236",27
"CEP192","retry","Missing result","",0
"CEP250","retry","Missing result","",0
"CEP290","retry","Missing result","",0
"CEP295","retry","Missing result","",0
"CEP295NL","retry","Missing result","",0
"CEP350","retry","Missing result","",0
"CEP41","retry","Missing result","",0
"CEP44","retry","Missing result","",0
"CEP55","retry","Missing result","",0
"CEP57","retry","Missing result","",0
"CEP57L1","retry","Missing result","",0
"CEP63","retry","Missing result","",0
"CEP68","retry","Missing result","",0
"CEP70","retry","Missing result","",0
"CEP72","retry","Missing result","",0
"CEP76","retry","Missing result","",0
"CEP78","retry","Missing result","",0
"CEP83","retry","Missing result","",0
"CEP85","retry","Missing result","",0
"CEP85L","retry","Missing result","",0
"CEP89","retry","Missing result","",0
"CEP95","retry","Missing result","",0
"CEP97","retry","Missing result","",0
"CEPT1","retry","Missing result","",0
"CER1","retry","Missing result","",0
"CERCAM","retry","Missing result","",0
"CERK","retry","Missing result","",0
"CERKL","retry","Missing result","",0
"CERS1","retry","Missing result","",0
"CERS2","retry","Missing result","",0
"CERS3","retry","Missing result","",0
"CERS4","retry","Missing result","",0
"CERS5","retry","Missing result","",0
"CERS6","retry","Missing result","",0
"CES1","retry","Missing result","",0
"CES2","retry","Missing result","",0
"CES3","retry","Missing result","",0
"CES4A","retry","Missing result","",0
"CES5A","retry","Missing result","",0
"CETN1","retry","Missing result","",0
"CETN2","retry","Missing result","",0
"CETN3","valid","Validated converged fits","3512def4e4ac0de3758e800728248ad5",27
"CETP","valid","Validated converged fits","3e677b0561921ac76c0f646626c2b16e",27
"CFAP100","valid","Validated converged fits","769a8cc191cf8f776033b7ca9df01bea",27
"CFAP157","valid","Validated converged fits","d44d96e5e1678cb18d4268bc5d5b0573",27
"CFAP161","valid","Validated converged fits","56dbd3be487ed4f3497aea5121844a92",27
"CFAP20","valid","Validated converged fits","ddfcb7785c37fb262750939fa95623c6",27
"CFAP206","valid","Validated converged fits","f069cdbae181c322876c7313fdf60d4e",27
"CFAP221","valid","Validated converged fits","a16f8f889b35b8bc2f7d56cc511362b2",27
"CFAP36","valid","Validated converged fits","d9a8d14aca823def12e3af97ff02f69c",27
"CFAP43","valid","Validated converged fits","24e84f4128753b8974ed616aa4858d3e",27
"CFAP44","valid","Validated converged fits","c03c0c757e6d6313d06e473c752a82ee",27
"CFAP45","valid","Validated converged fits","8c4a364fce8e0d890a419545d8eea028",27
"CFAP46","valid","Validated converged fits","4eb81a4b3335b277f54a3cde3b89eced",27
"CFAP47","retry","PLINK failed for CFAP47 on chromosome X with exit status 7","3986868e71242bd5276bf99837387f5a",0
"CFAP52","valid","Validated converged fits","82c9391e0f9e70c888e2fe4d61cf4e00",27
"CFAP53","valid","Validated converged fits","40f8bc245be1b88bff8ec76e7c03df7b",27
"CFAP54","valid","Validated converged fits","640c469ea2038cee9758f10afc0c2708",27
"CFAP57","valid","Validated converged fits","b31aba0d5eea3a48490127c8f3df1691",27
"CFAP58","valid","Validated converged fits","ad4f5b57c048b98e52b8d8da36c10499",27
"CFAP61","valid","Validated converged fits","32cbe5f8397b56276e720e9ab0175fb1",27
"CFAP65","retry","Missing result","",0
"CFAP69","retry","Missing result","",0
"CFAP70","retry","Missing result","",0
"CFAP73","retry","Missing result","",0
"CFAP74","retry","Missing result","",0
"CFAP77","retry","Missing result","",0
"CFAP97","retry","Missing result","",0
"CFAP99","retry","Missing result","",0
"CFB","retry","Missing result","",0
"CFC1","retry","Missing result","",0
"CFC1B","retry","Missing result","",0
"CFD","retry","Missing result","",0
"CFDP1","retry","Missing result","",0
"CFH","retry","Missing result","",0
"CFHR1","retry","Missing result","",0
"CFHR2","retry","Missing result","",0
"CFHR3","retry","Missing result","",0
"CFHR4","retry","Missing result","",0
"CFHR5","retry","Missing result","",0
"CFI","retry","Missing result","",0
"CFL1","retry","Missing result","",0
"CFL2","retry","Missing result","",0
"CFLAR","retry","Missing result","",0
"CFP","retry","Missing result","",0
"CFTR","retry","Missing result","",0
"CGA","retry","Missing result","",0
"CGB1","retry","Missing result","",0
"CGB2","retry","Missing result","",0
"CGB3","retry","Missing result","",0
"CGB5","retry","Missing result","",0
"CGB7","retry","Missing result","",0
"CGB8","retry","Missing result","",0
"CGGBP1","retry","Missing result","",0
"CGN","retry","Missing result","",0
"CGNL1","retry","Missing result","",0
"CGREF1","retry","Missing result","",0
"CGRRF1","retry","Missing result","",0
"CH25H","retry","Missing result","",0
"CHAC1","retry","Missing result","",0
"CHAC2","retry","Missing result","",0
"CHAD","retry","Missing result","",0
"CHADL","retry","Missing result","",0
"CHAF1A","valid","Validated converged fits","5474d8b63e6ab5644c1299aac855b199",27
"CHAF1B","valid","Validated converged fits","734ea99b3faee2f30ea7a799b13baad2",27
"CHAMP1","valid","Validated converged fits","9ac0f291889747b56bfb2be7b29d22c1",27
"CHAT","valid","Validated converged fits","28d1bd0f88ec87f1d714761093a04d3a",27
"CHCHD1","valid","Validated converged fits","2a72e566d1828de22f1bdc597d656f07",27
"CHCHD10","valid","Validated converged fits","0625d8d2cb58398ed90c434ab0543679",27
"CHCHD2","valid","Validated converged fits","3c7f35477475e9587d934d0e20fc28dd",27
"CHCHD3","valid","Validated converged fits","ff01e51cb98e9494a997e35041f95ae8",27
"CHCHD4","valid","Validated converged fits","98c5ce2a36e5a5fd7aa2b8cf14769b97",27
"CHCHD5","valid","Validated converged fits","12a194c36dab0247ce4c3de569712661",27
"CHCHD6","valid","Validated converged fits","26429671e64dc9ce0a063b0328bcd19d",27
"CHCHD7","retry","Missing result","",0
"CHD1","retry","Missing result","",0
"CHD1L","retry","Missing result","",0
"CHD2","retry","Missing result","",0
"CHD3","retry","Missing result","",0
"CHD4","retry","Missing result","",0
"CHD5","retry","Missing result","",0
"CHD6","retry","Missing result","",0
"CHD7","retry","Missing result","",0
"CHD8","retry","Missing result","",0
"CHD9","retry","Missing result","",0
"CHDH","retry","Missing result","",0
"CHEK1","retry","Missing result","",0
"CHEK2","retry","Missing result","",0
"CHERP","retry","Missing result","",0
"CHFR","retry","Missing result","",0
"CHGA","retry","Missing result","",0
"CHGB","retry","Missing result","",0
"CHI3L1","retry","Missing result","",0
"CHI3L2","retry","Missing result","",0
"CHIA","retry","Missing result","",0
"CHIC1","retry","Missing result","",0
"CHIC2","retry","Missing result","",0
"CHID1","retry","Missing result","",0
"CHIT1","retry","Missing result","",0
"CHKA","retry","Missing result","",0
"CHKB","retry","Missing result","",0
"CHL1","retry","Missing result","",0
"CHM","retry","Missing result","",0
"CHML","retry","Missing result","",0
"CHMP1A","retry","Missing result","",0
"CHMP1B","retry","Missing result","",0
"CHMP2A","retry","Missing result","",0
"CHMP2B","retry","Missing result","",0
"CHMP3","retry","Missing result","",0
"CHMP4A","retry","Missing result","",0
"CHMP4B","retry","Missing result","",0
"CHMP4C","retry","Missing result","",0
"CHMP5","retry","Missing result","",0
"CHMP6","retry","Missing result","",0
"CHMP7","retry","Missing result","",0
"CHN1","retry","Missing result","",0
"CHN2","retry","Missing result","",0
"CHODL","retry","Missing result","",0
"CHORDC1","retry","Missing result","",0
"CHP1","retry","Missing result","",0
"CHP2","retry","Missing result","",0
"CHPF","retry","Missing result","",0
"CHPF2","retry","Missing result","",0
"CHPT1","retry","Missing result","",0
"CHRAC1","retry","Missing result","",0
"CHRD","valid","Validated converged fits","c69d2cc7103ac2df635dc27c0d65f875",27
"CHRDL1","retry","PLINK failed for CHRDL1 on chromosome X with exit status 7","abf5e8fa58401bdedd4fdbf5ffa155ac",0
"CHRDL2","valid","Validated converged fits","d18e51ffa009caed1f3981ab9f2b90de",27
"CHRFAM7A","valid","Validated converged fits","1d7fb518de025513b5381beb19b384c3",27
"CHRM1","valid","Validated converged fits","ebff7c193b5ae6d8ece0ebc81943101f",27
"CHRM2","valid","Validated converged fits","a0d6750eaf73f9ed35b094ec1089f694",27
"CHRM3","valid","Validated converged fits","023583140b6a97f05a175ada4f996d19",27
"CHRM4","valid","Validated converged fits","d2d96c4045d5e83608fb3ff4a7c07594",27
"CHRM5","valid","Validated converged fits","85af21d7d8c6e1d0453907e5dec5cfb4",27
"CHRNA1","valid","Validated converged fits","deac00094e518e52f7240d346297db87",27
"CHRNA10","valid","Validated converged fits","0fdfaf63d2ea40d7036bd1a07aa8a39a",27
"CHRNA2","valid","Validated converged fits","8bf445976aabf32bc11b1b4ca152be36",27
"CHRNA3","valid","Validated converged fits","c07a36861f118bce4ee64867b8856c0f",27
"CHRNA4","retry","Missing result","",0
"CHRNA5","retry","Missing result","",0
"CHRNA6","retry","Missing result","",0
"CHRNA7","retry","Missing result","",0
"CHRNA9","retry","Missing result","",0
"CHRNB1","retry","Missing result","",0
"CHRNB2","retry","Missing result","",0
"CHRNB3","retry","Missing result","",0
"CHRNB4","retry","Missing result","",0
"CHRND","retry","Missing result","",0
"CHRNE","retry","Missing result","",0
"CHRNG","retry","Missing result","",0
"CHST1","retry","Missing result","",0
"CHST10","retry","Missing result","",0
"CHST11","retry","Missing result","",0
"CHST12","retry","Missing result","",0
"CHST13","retry","Missing result","",0
"CHST14","retry","Missing result","",0
"CHST15","retry","Missing result","",0
"CHST2","retry","Missing result","",0
"CHST3","retry","Missing result","",0
"CHST4","retry","Missing result","",0
"CHST5","retry","Missing result","",0
"CHST6","retry","Missing result","",0
"CHST7","retry","Missing result","",0
"CHST8","retry","Missing result","",0
"CHST9","retry","Missing result","",0
"CHSY1","retry","Missing result","",0
"CHSY3","retry","Missing result","",0
"CHTF18","retry","Missing result","",0
"CHTF8","retry","Missing result","",0
"CHTOP","retry","Missing result","",0
"CHUK","retry","Missing result","",0
"CHURC1","retry","Missing result","",0
"CIAO1","retry","Missing result","",0
"CIAPIN1","retry","Missing result","",0
"CIART","retry","Missing result","",0
"CIB1","retry","Missing result","",0
"CIB2","retry","Missing result","",0
"CIB3","retry","Missing result","",0
"CIB4","retry","Missing result","",0
"CIC","retry","Missing result","",0
"CIDEA","retry","Missing result","",0
"CIDEC","retry","Missing result","",0
"CIITA","retry","Missing result","",0
"CILP","retry","Missing result","",0
"CILP2","retry","Missing result","",0
"CINP","retry","Missing result","",0
"CIPC","retry","Missing result","",0
"CIR1","valid","Validated converged fits","f9f0f4e726ace795edc80fdf0afef657",27
"CIRBP","valid","Validated converged fits","c1a2c9a916dc1c39092a93872a30262b",27
"CISD1","valid","Validated converged fits","4e23e8d3b4ecf4b3e2309a28d228a29c",27
"CISD2","valid","Validated converged fits","4257b6489cbc7c0536dc69ac67b43961",27
"CISD3","valid","Validated converged fits","e601676c2deab84268b5ca9d50e93119",27
"CISH","valid","Validated converged fits","172f3992636cfa65585e14ab58e5f57f",27
"CIT","retry","Unconverged slider fit.","6767f9d1d8a98df7e88fb99302ca1cb2",0
"CITED1","retry","PLINK failed for CITED1 on chromosome X with exit status 7","2725ad1d8d6d75ad3d3f4fa2aa3bcf66",0
"CITED2","valid","Validated converged fits","ebe22b4dd01c2831a454dda99568163d",27
"CITED4","valid","Validated converged fits","e84629cf4f4c48af2e1d27f4674a6f2f",27
"CIZ1","valid","Validated converged fits","b2c6d94037194e1eddc972cdbb2d7170",27
"CKAP2","valid","Validated converged fits","1a2f57354acf5c09c2170549bc2ed8eb",27
"CKAP2L","valid","Validated converged fits","b3e976d43dab6156c59ff353d16268b7",27
"CKAP4","valid","Validated converged fits","25b6de62a416bd95cfd7bebac37c1db6",27
"CKAP5","valid","Validated converged fits","d52e5bf77a6b74dfd7cadc823911bb24",27
"CKB","valid","Validated converged fits","3d22283c78fbb15a70b97f60114f981e",27
"CKLF","valid","Validated converged fits","1ca15c0d5d6f32ad0f2d7f18aba9f10f",27
"CKM","valid","Validated converged fits","d2897921b6111de91f2555d8d00dec73",27
"CKMT1A","valid","Validated converged fits","c7aec34a74df47cb805295f068edf9a2",27
"CKMT1B","valid","Validated converged fits","a0081361b8f67eb6f6831186915b3356",27
"CKMT2","retry","Missing result","",0
"CKS1B","retry","Missing result","",0
"CKS2","retry","Missing result","",0
"CLASP1","retry","Missing result","",0
"CLASP2","retry","Missing result","",0
"CLASRP","retry","Missing result","",0
"CLC","retry","Missing result","",0
"CLCA1","retry","Missing result","",0
"CLCA2","retry","Missing result","",0
"CLCA4","retry","Missing result","",0
"CLCC1","retry","Missing result","",0
"CLCF1","retry","Missing result","",0
"CLCN1","retry","Missing result","",0
"CLCN2","retry","Missing result","",0
"CLCN3","retry","Missing result","",0
"CLCN4","retry","Missing result","",0
"CLCN5","retry","Missing result","",0
"CLCN6","retry","Missing result","",0
"CLCN7","retry","Missing result","",0
"CLCNKA","retry","Missing result","",0
"CLCNKB","retry","Missing result","",0
"CLDN1","retry","Missing result","",0
"CLDN10","retry","Missing result","",0
"CLDN11","retry","Missing result","",0
"CLDN12","retry","Missing result","",0
"CLDN14","retry","Missing result","",0
"CLDN15","retry","Missing result","",0
"CLDN16","retry","Missing result","",0
"CLDN17","retry","Missing result","",0
"CLDN18","retry","Missing result","",0
"CLDN19","retry","Missing result","",0
"CLDN2","retry","Missing result","",0
"CLDN20","retry","Missing result","",0
"CLDN23","retry","Missing result","",0
"CLDN24","retry","Missing result","",0
"CLDN25","retry","Missing result","",0
"CLDN3","retry","Missing result","",0
"CLDN34","retry","Missing result","",0
"CLDN4","retry","Missing result","",0
"CLDN5","retry","Missing result","",0
"CLDN6","retry","Missing result","",0
"CLDN7","retry","Missing result","",0
"CLDN8","valid","Validated converged fits","dd5278266389b5237ede614e3b2bfd45",27
"CLDN9","valid","Validated converged fits","0e9e2d3a63d2339986c5fccd498857e9",27
"CLDND1","valid","Validated converged fits","b76d779372e9162c218c23805929f90b",27
"CLDND2","valid","Validated converged fits","930812a4f762a15b77b1b96841c47690",27
"CLEC10A","valid","Validated converged fits","f2d5fb8f5c3331298b9abb52d52719cc",27
"CLEC11A","valid","Validated converged fits","07ee270e447acd6510a91d3f8d406b60",27
"CLEC12A","valid","Validated converged fits","a9809fa3bd5135d94029612f979413f8",27
"CLEC12B","valid","Validated converged fits","9fd112d6a655433473e07edcee5d66df",27
"CLEC14A","valid","Validated converged fits","d3e9d671302131ee7d9c7130561a2b54",27
"CLEC16A","valid","Validated converged fits","f26813a729ee86ad9482e781c1413998",27
"CLEC17A","valid","Validated converged fits","0470a6245eec4921ddb52fc893a901c7",27
"CLEC18A","valid","Validated converged fits","83078500bb1e64109287274fddfad486",27
"CLEC18B","valid","Validated converged fits","b0d63f1e92a2d446617f8dcc3113ac3d",27
"CLEC18C","valid","Validated converged fits","47b59e1565aaddb4d7b266927eaedf57",27
"CLEC19A","retry","Missing result","",0
"CLEC1A","retry","Missing result","",0
"CLEC1B","retry","Missing result","",0
"CLEC20A","retry","Missing result","",0
"CLEC2A","retry","Missing result","",0
"CLEC2B","retry","Missing result","",0
"CLEC2D","retry","Missing result","",0
"CLEC2L","retry","Missing result","",0
"CLEC3A","retry","Missing result","",0
"CLEC3B","retry","Missing result","",0
"CLEC4A","retry","Missing result","",0
"CLEC4C","retry","Missing result","",0
"CLEC4D","retry","Missing result","",0
"CLEC4E","retry","Missing result","",0
"CLEC4F","retry","Missing result","",0
"CLEC4G","retry","Missing result","",0
"CLEC4M","retry","Missing result","",0
"CLEC5A","retry","Missing result","",0
"CLEC6A","retry","Missing result","",0
"CLEC7A","retry","Missing result","",0
"CLEC9A","retry","Missing result","",0
"CLECL1","retry","Missing result","",0
"CLGN","retry","Missing result","",0
"CLHC1","retry","Missing result","",0
"CLIC1","retry","Missing result","",0
"CLIC2","retry","Missing result","",0
"CLIC3","retry","Missing result","",0
"CLIC4","retry","Missing result","",0
"CLIC5","retry","Missing result","",0
"CLIC6","retry","Missing result","",0
"CLINT1","retry","Missing result","",0
"CLIP1","retry","Missing result","",0
"CLIP2","retry","Missing result","",0
"CLIP3","retry","Missing result","",0
"CLIP4","retry","Missing result","",0
"CLK1","retry","Missing result","",0
"CLK2","retry","Missing result","",0
"CLK3","retry","Missing result","",0
"CLK4","retry","Missing result","",0
"CLMN","retry","Missing result","",0
"CLMP","retry","Missing result","",0
"CLN3","retry","Missing result","",0
"CLN5","retry","Missing result","",0
"CLN6","retry","Missing result","",0
"CLN8","retry","Missing result","",0
"CLNK","retry","Missing result","",0
"CLNS1A","retry","Missing result","",0
"CLOCK","retry","Missing result","",0
"CLP1","valid","Validated converged fits","98163d50c411fb5ae0ae135757d9b136",27
"CLPB","valid","Validated converged fits","c5e399495a1360abcb30b703ff5e164c",27
"CLPP","valid","Validated converged fits","3f1791b98be8c48fd1104582e969f705",27
"CLPS","valid","Validated converged fits","b10638a48c6aa40ac5897657a15b2df2",27
"CLPSL1","valid","Validated converged fits","3a8c8712b6404fb9c33196d2ba9a78ee",27
"CLPSL2","valid","Validated converged fits","686554b307e547742033fcd25be8ba52",27
"CLPTM1","retry","Missing result","",0
"CLPTM1L","retry","Missing result","",0
"CLPX","retry","Missing result","",0
"CLRN1","retry","Missing result","",0
"CLRN2","retry","Missing result","",0
"CLRN3","retry","Missing result","",0
"CLSPN","retry","Missing result","",0
"CLSTN1","retry","Missing result","",0
"CLSTN2","retry","Missing result","",0
"CLSTN3","retry","Missing result","",0
"CLTA","retry","Missing result","",0
"CLTB","retry","Missing result","",0
"CLTC","retry","Missing result","",0
"CLTCL1","retry","Missing result","",0
"CLU","retry","Missing result","",0
"CLUAP1","retry","Missing result","",0
"CLUH","retry","Missing result","",0
"CLUL1","retry","Missing result","",0
"CLVS1","retry","Missing result","",0
"CLVS2","retry","Missing result","",0
"CLYBL","retry","Missing result","",0
"CMA1","retry","Missing result","",0
"CMAS","retry","Missing result","",0
"CMBL","retry","Missing result","",0
"CMC1","retry","Missing result","",0
"CMC2","retry","Missing result","",0
"CMIP","retry","Missing result","",0
"CMKLR1","retry","Missing result","",0
"CMPK1","retry","Missing result","",0
"CMPK2","retry","Missing result","",0
"CMSS1","retry","Missing result","",0
"CMTM1","retry","Missing result","",0
"CMTM2","retry","Missing result","",0
"CMTM3","retry","Missing result","",0
"CMTM4","retry","Missing result","",0
"CMTM5","retry","Missing result","",0
"CMTM6","retry","Missing result","",0
"CMTM7","retry","Missing result","",0
"CMTM8","retry","Missing result","",0
"CMTR1","retry","Missing result","",0
"CMTR2","retry","Missing result","",0
"CMYA5","retry","Missing result","",0
"CNBD1","retry","Missing result","",0
"CNBD2","retry","Missing result","",0
"CNBP","retry","Missing result","",0
"CNDP1","retry","Missing result","",0
"CNDP2","retry","Missing result","",0
"CNEP1R1","retry","Missing result","",0
"CNFN","retry","Missing result","",0
"CNGA1","retry","Missing result","",0
"CNGA2","retry","Missing result","",0
"CNGA3","retry","Missing result","",0
"CNGA4","retry","Missing result","",0
"CNGB1","retry","Missing result","",0
"CNGB3","retry","Missing result","",0
"CNIH1","retry","Missing result","",0
"CNIH2","valid","Validated converged fits","883b19afabebcdd1763886f794648bdc",27
"CNIH3","valid","Validated converged fits","35ce7d6b223cd0a53cef9ac9a972c75c",27
"CNIH4","valid","Validated converged fits","ae33df4857e7b4a12998036ae397b63a",27
"CNKSR1","valid","Validated converged fits","421b64a02edca1ae446c600ad90e9a95",27
"CNKSR2","retry","PLINK failed for CNKSR2 on chromosome X with exit status 7","437b40e144c5906c5eafed66e9cf7288",0
"CNKSR3","valid","Validated converged fits","32f347266b1e9654e8fa521ee2815361",27
"CNMD","valid","Validated converged fits","7dab9b2f578d0a7f485b49c3e5e8b9eb",27
"CNN1","valid","Validated converged fits","31f96a312b8f6dc504c211f897e53900",27
"CNN2","valid","Validated converged fits","fb8f53a7bbefef207e157c828c9300f2",27
"CNN3","valid","Validated converged fits","fd469078d522111081e17ed73e44347f",27
"CNNM1","valid","Validated converged fits","0c577e530394096ac517fbeb5207ca3c",27
"CNNM2","valid","Validated converged fits","868e75f513e7e87761de4a663180a4ef",27
"CNNM3","valid","Validated converged fits","592bd7a9a2f2d826f814d4e385588b82",27
"CNNM4","valid","Validated converged fits","b64313a957efb21e5fa0aaf0a87afaca",27
"CNOT1","valid","Validated converged fits","78082a8d323be44872b263908051e93e",27
"CNOT10","valid","Validated converged fits","4ac062c10f345775b1580bc168554cfe",27
"CNOT11","valid","Validated converged fits","ef4d62a4725bf4577e424831f00740c7",27
"CNOT2","valid","Validated converged fits","7cf7b6902252065167c56cb2d8e87d6c",27
"CNOT3","retry","Missing result","",0
"CNOT4","retry","Missing result","",0
"CNOT6","retry","Missing result","",0
"CNOT6L","retry","Missing result","",0
"CNOT7","retry","Missing result","",0
"CNOT8","retry","Missing result","",0
"CNOT9","retry","Missing result","",0
"CNP","retry","Missing result","",0
"CNPPD1","retry","Missing result","",0
"CNPY1","retry","Missing result","",0
"CNPY2","retry","Missing result","",0
"CNPY3","retry","Missing result","",0
"CNPY4","retry","Missing result","",0
"CNR1","retry","Missing result","",0
"CNR2","retry","Missing result","",0
"CNRIP1","retry","Missing result","",0
"CNST","retry","Missing result","",0
"CNTD1","retry","Missing result","",0
"CNTF","retry","Missing result","",0
"CNTFR","retry","Missing result","",0
"CNTLN","retry","Missing result","",0
"CNTN1","retry","Missing result","",0
"CNTN2","retry","Missing result","",0
"CNTN3","retry","Missing result","",0
"CNTN4","retry","Missing result","",0
"CNTN5","retry","Missing result","",0
"CNTN6","retry","Missing result","",0
"CNTNAP1","retry","Missing result","",0
"CNTNAP2","retry","Missing result","",0
"CNTNAP3","retry","Missing result","",0
"CNTNAP3B","retry","Missing result","",0
"CNTNAP4","retry","Missing result","",0
"CNTNAP5","retry","Missing result","",0
"CNTRL","retry","Missing result","",0
"CNTROB","retry","Missing result","",0
"COA1","retry","Missing result","",0
"COA3","retry","Missing result","",0
"COA4","retry","Missing result","",0
"COA5","retry","Missing result","",0
"COA6","retry","Missing result","",0
"COA7","retry","Missing result","",0
"COASY","retry","Missing result","",0
"COBL","retry","Missing result","",0
"COBLL1","retry","Missing result","",0
"COCH","valid","Validated converged fits","b38a1147e844c835286c6b26d01ee557",27
"COG1","valid","Validated converged fits","de81d3e28b2c2326a0da3f64b3b8e71a",27
"COG2","retry","Missing result","",0
"COG3","retry","Missing result","",0
"COG4","retry","Missing result","",0
"COG5","retry","Missing result","",0
"COG6","retry","Missing result","",0
"COG7","retry","Missing result","",0
"COG8","retry","Missing result","",0
"COIL","retry","Missing result","",0
"COL10A1","retry","Missing result","",0
"COL11A1","retry","Missing result","",0
"COL11A2","retry","Missing result","",0
"COL12A1","retry","Missing result","",0
"COL13A1","retry","Missing result","",0
"COL14A1","retry","Missing result","",0
"COL15A1","retry","Missing result","",0
"COL16A1","retry","Missing result","",0
"COL17A1","retry","Missing result","",0
"COL18A1","retry","Missing result","",0
"COL19A1","retry","Missing result","",0
"COL1A1","retry","Missing result","",0
"COL1A2","retry","Missing result","",0
"COL20A1","retry","Missing result","",0
"COL21A1","retry","Missing result","",0
"COL22A1","retry","Missing result","",0
"COL23A1","retry","Missing result","",0
"COL24A1","retry","Missing result","",0
"COL25A1","retry","Missing result","",0
"COL26A1","retry","Missing result","",0
"COL27A1","retry","Missing result","",0
"COL28A1","retry","Missing result","",0
"COL2A1","retry","Missing result","",0
"COL3A1","retry","Missing result","",0
"COL4A1","retry","Missing result","",0
"COL4A2","retry","Missing result","",0
"COL4A3","retry","Missing result","",0
"COL4A4","retry","Missing result","",0
"COL4A5","retry","Missing result","",0
"COL4A6","retry","Missing result","",0
"COL5A1","retry","Missing result","",0
"COL5A2","retry","Missing result","",0
"COL5A3","retry","Missing result","",0
"COL6A1","retry","Missing result","",0
"COL6A2","retry","Missing result","",0
"COL6A3","retry","Missing result","",0
"COL6A5","retry","Missing result","",0
"COL6A6","retry","Missing result","",0
"COL7A1","retry","Missing result","",0
"COL8A1","retry","Missing result","",0
"COL8A2","retry","Missing result","",0
"COL9A1","retry","Missing result","",0
"COL9A2","retry","Missing result","",0
"COL9A3","retry","Missing result","",0
"COLCA2","retry","Missing result","",0
"COLEC10","retry","Missing result","",0
"COLEC11","retry","Missing result","",0
"COLEC12","retry","Missing result","",0
"COLGALT1","retry","Missing result","",0
"COLGALT2","retry","Missing result","",0
"COLQ","retry","Missing result","",0
"COMMD1","retry","Missing result","",0
"COMMD10","valid","Validated converged fits","df7bac2e4fbb2b28188a40d3e73583b0",27
"COMMD2","valid","Validated converged fits","9c2797a3ffe405d168502fa4dc3607a2",27
"COMMD3","valid","Validated converged fits","cc9864030baf6ed6782dd89b2bd66345",27
"COMMD4","valid","Validated converged fits","18fc1528f95cf044af4781cea25e25bd",27
"COMMD5","valid","Validated converged fits","9da5a13e40b8fecf744ce1a94e361189",27
"COMMD6","valid","Validated converged fits","6b824a5cb3e97af428a24d20f900caf6",27
"COMMD7","valid","Validated converged fits","10905af0a92632d8e0458849e2231a07",27
"COMMD8","valid","Validated converged fits","c88bd861ec1c579b3efd5c9ed55ad1e8",27
"COMMD9","valid","Validated converged fits","94d424703f755aeada3e3ff17047899d",27
"COMP","valid","Validated converged fits","2fc5eb9a5115341e7d491327452a9e7d",27
"COMT","valid","Validated converged fits","4ad16ae7504abb19daf47eb03160b22e",27
"COMTD1","valid","Validated converged fits","1cb74499f54b05f691b7bc27718f5e48",27
"COPA","valid","Validated converged fits","cd62aa9a2cbe4c1590fb5874fe814413",27
"COPB1","valid","Validated converged fits","9edc9e6eabe1844b49a7efb760a727fe",27
"COPB2","valid","Validated converged fits","fca0e8258270796b59fad0bbbb1a2261",27
"COPE","valid","Validated converged fits","b7560b2a33ee35eac814ffee47b51c39",27
"COPG1","valid","Validated converged fits","c7b39a506977ffae8ce6ac3fd8e3f0ec",27
"COPG2","retry","Unconverged slider fit.","35b0177898243c47c6ce62df4b6ca779",0
"COPRS","valid","Validated converged fits","88ca40a7a7a8ca1c5a6ea9dd90f91abb",27
"COPS2","valid","Validated converged fits","0931d6dcb96c47ec437e7fca38043fc1",27
"COPS3","valid","Validated converged fits","78202a46a07a15f793d507ff4f92a658",27
"COPS4","retry","Missing result","",0
"COPS5","retry","Missing result","",0
"COPS6","retry","Missing result","",0
"COPS7A","retry","Missing result","",0
"COPS7B","retry","Missing result","",0
"COPS8","retry","Missing result","",0
"COPS9","retry","Missing result","",0
"COPZ1","retry","Missing result","",0
"COPZ2","retry","Missing result","",0
"COQ10A","retry","Missing result","",0
"COQ10B","retry","Missing result","",0
"COQ2","retry","Missing result","",0
"COQ3","retry","Missing result","",0
"COQ4","retry","Missing result","",0
"COQ5","retry","Missing result","",0
"COQ6","retry","Missing result","",0
"COQ7","retry","Missing result","",0
"COQ8A","retry","Missing result","",0
"COQ8B","retry","Missing result","",0
"COQ9","retry","Missing result","",0
"CORIN","retry","Missing result","",0
"CORO1A","retry","Missing result","",0
"CORO1B","retry","Missing result","",0
"CORO1C","retry","Missing result","",0
"CORO2A","retry","Missing result","",0
"CORO2B","retry","Missing result","",0
"CORO6","retry","Missing result","",0
"CORO7","retry","Missing result","",0
"CORT","retry","Missing result","",0
"COTL1","retry","Missing result","",0
"COX10","retry","Missing result","",0
"COX11","retry","Missing result","",0
"COX14","retry","Missing result","",0
"COX15","retry","Missing result","",0
"COX16","retry","Missing result","",0
"COX17","retry","Missing result","",0
"COX18","retry","Missing result","",0
"COX19","retry","Missing result","",0
"COX20","retry","Missing result","",0
"COX4I1","retry","Missing result","",0
"COX4I2","retry","Missing result","",0
"COX5A","valid","Validated converged fits","d0bd23cf8549e20c62343ace87cbadf3",27
"COX5B","valid","Validated converged fits","3d0f593b9d5f7edd23b948ab138d1f11",27
"COX6A1","valid","Validated converged fits","d5ea058dcffc348d18b457e7f3202d32",27
"COX6A2","valid","Validated converged fits","5c087afbce37825f4ebaf089cf4e8598",27
"COX6B1","valid","Validated converged fits","9b8d387757fea1767c528cd11d84cdab",27
"COX6B2","valid","Validated converged fits","aa5bff2b3e91c11a9107160ac833f93a",27
"COX6C","valid","Validated converged fits","be816959cdfaa951d598372389ed5248",27
"COX7A1","valid","Validated converged fits","d03b10ff036a281ac0bbb95fd38d8a8d",27
"COX7A2","valid","Validated converged fits","eb744ae260ec8fb2d2e251fec28ed6e7",27
"COX7A2L","valid","Validated converged fits","24b513a00955df48fb09463cb6a8660a",27
"COX7B","retry","PLINK failed for COX7B on chromosome X with exit status 7","38cd2abb06c8e0a09a024cec71c26fff",0
"COX7B2","valid","Validated converged fits","57849190b5443b2bda31d39a03f309aa",27
"COX7C","valid","Validated converged fits","175adea30ee06088802419ec716f1fb2",27
"COX8A","valid","Validated converged fits","e51790cdabc85996a434eda13c4ad19c",27
"COX8C","retry","Missing result","",0
"CP","retry","Missing result","",0
"CPA1","retry","Missing result","",0
"CPA2","retry","Missing result","",0
"CPA3","retry","Missing result","",0
"CPA4","retry","Missing result","",0
"CPA5","retry","Missing result","",0
"CPA6","retry","Missing result","",0
"CPAMD8","retry","Missing result","",0
"CPB1","retry","Missing result","",0
"CPB2","retry","Missing result","",0
"CPD","retry","Missing result","",0
"CPE","retry","Missing result","",0
"CPEB1","retry","Missing result","",0
"CPEB2","retry","Missing result","",0
"CPEB3","retry","Missing result","",0
"CPEB4","retry","Missing result","",0
"CPED1","retry","Missing result","",0
"CPHXL","retry","Missing result","",0
"CPLX1","retry","Missing result","",0
"CPLX2","retry","Missing result","",0
"CPLX3","retry","Missing result","",0
"CPLX4","retry","Missing result","",0
"CPM","retry","Missing result","",0
"CPN1","retry","Missing result","",0
"CPN2","retry","Missing result","",0
"CPNE1","retry","Missing result","",0
"CPNE2","retry","Missing result","",0
"CPNE3","retry","Missing result","",0
"CPNE4","retry","Missing result","",0
"CPNE5","retry","Missing result","",0
"CPNE6","retry","Missing result","",0
"CPNE7","retry","Missing result","",0
"CPNE8","retry","Missing result","",0
"CPNE9","retry","Missing result","",0
"CPO","retry","Missing result","",0
"CPOX","retry","Missing result","",0
"CPPED1","retry","Missing result","",0
"CPQ","retry","Missing result","",0
"CPS1","retry","Missing result","",0
"CPSF1","retry","Missing result","",0
"CPSF2","retry","Missing result","",0
"CPSF3","retry","Missing result","",0
"CPSF4","retry","Missing result","",0
"CPSF4L","retry","Missing result","",0
"CPSF6","retry","Missing result","",0
"CPSF7","retry","Missing result","",0
"CPT1A","retry","Missing result","",0
"CPT1B","valid","Validated converged fits","355325ddaf9f914c60c620ce3a0bf54f",27
"CPT1C","retry","Missing result","",0
"CPT2","retry","Missing result","",0
"CPTP","retry","Missing result","",0
"CPVL","retry","Missing result","",0
"CPXCR1","retry","Missing result","",0
"CPXM1","retry","Missing result","",0
"CPXM2","retry","Missing result","",0
"CPZ","retry","Missing result","",0
"CR1","retry","Missing result","",0
"CR1L","retry","Missing result","",0
"CR2","retry","Missing result","",0
"CRABP1","retry","Missing result","",0
"CRABP2","retry","Missing result","",0
"CRACR2A","retry","Missing result","",0
"CRACR2B","retry","Missing result","",0
"CRADD","retry","Missing result","",0
"CRAMP1","retry","Missing result","",0
"CRAT","retry","Missing result","",0
"CRB1","retry","Missing result","",0
"CRB2","retry","Missing result","",0
"CRB3","retry","Missing result","",0
"CRBN","retry","Missing result","",0
"CRCP","retry","Missing result","",0
"CRCT1","retry","Missing result","",0
"CREB1","retry","Missing result","",0
"CREB3","retry","Missing result","",0
"CREB3L1","retry","Missing result","",0
"CREB3L2","retry","Missing result","",0
"CREB3L3","retry","Missing result","",0
"CREB3L4","retry","Missing result","",0
"CREB5","retry","Missing result","",0
"CREBBP","retry","Missing result","",0
"CREBL2","retry","Missing result","",0
"CREBRF","retry","Missing result","",0
"CREBZF","retry","Missing result","",0
"CREG1","retry","Missing result","",0
"CREG2","retry","Missing result","",0
"CRELD1","retry","Missing result","",0
"CRELD2","retry","Missing result","",0
"CREM","retry","Missing result","",0
"CRH","retry","Missing result","",0
"CRHBP","retry","Missing result","",0
"CRHR1","retry","Missing result","",0
"CRHR2","retry","Missing result","",0
"CRIM1","retry","Missing result","",0
"CRIP1","retry","Missing result","",0
"CRIP2","retry","Missing result","",0
"CRIP3","retry","Missing result","",0
"CRIPT","retry","Missing result","",0
"CRISP1","retry","Missing result","",0
"CRISP2","retry","Missing result","",0
"CRISP3","retry","Missing result","",0
"CRISPLD1","retry","Missing result","",0
"CRISPLD2","retry","Missing result","",0
"CRK","retry","Missing result","",0
"CRKL","retry","Missing result","",0
"CRLF1","retry","Missing result","",0
"CRLF2","retry","Missing result","",0
"CRLF3","retry","Missing result","",0
"CRLS1","retry","Missing result","",0
"CRMP1","retry","Missing result","",0
"CRNKL1","valid","Validated converged fits","3d8cbe78a58d74b5948d9e50ebff28bb",27
"CRNN","valid","Validated converged fits","77d5ef77b436538f433d99710dcff946",27
"CROCC","valid","Validated converged fits","64a502ee83fa67ce0088f0f3dda3e3cd",27
"CROCC2","valid","Validated converged fits","93011ea90a073cc386fc78a8a3e60bb6",27
"CROT","valid","Validated converged fits","7665fb1a55096b3b02d473520c8aef5d",27
"CRP","valid","Validated converged fits","c6a5320a44357b5ae724ee07ad807079",27
"CRTAC1","valid","Validated converged fits","610dd30b632841b3e133bd6a2d2cd07c",27
"CRTAM","valid","Validated converged fits","e2ba145fafcd7f9ba58c1d3dcc096af7",27
"CRTAP","valid","Validated converged fits","f818d888fdb7c58b21491cdfd84db53e",27
"CRTC1","valid","Validated converged fits","e2f38be76e2c425ead1962023a343e31",27
"CRTC2","valid","Validated converged fits","490b256e6e5007b4db6d9722ee555a9e",27
"CRTC3","valid","Validated converged fits","6bec4387127aa21e0e75766ae6ab52b1",27
"CRX","valid","Validated converged fits","15b0b14d1350badd44dc816ffe259adb",27
"CRY1","retry","Missing result","",0
"CRY2","retry","Missing result","",0
"CRYAA","retry","Missing result","",0
"CRYAB","retry","Missing result","",0
"CRYBA1","retry","Missing result","",0
"CRYBA2","retry","Missing result","",0
"CRYBA4","retry","Missing result","",0
"CRYBB1","retry","Missing result","",0
"CRYBB2","retry","Missing result","",0
"CRYBB3","retry","Missing result","",0
"CRYBG3","retry","Missing result","",0
"CRYGA","retry","Missing result","",0
"CRYGB","retry","Missing result","",0
"CRYGC","retry","Missing result","",0
"CRYGD","retry","Missing result","",0
"CRYGN","retry","Missing result","",0
"CRYGS","retry","Missing result","",0
"CRYL1","retry","Missing result","",0
"CRYM","retry","Missing result","",0
"CRYZ","retry","Missing result","",0
"CRYZL1","retry","Missing result","",0
"CS","retry","Missing result","",0
"CSAD","retry","Missing result","",0
"CSAG1","retry","Missing result","",0
"CSAG2","retry","Missing result","",0
"CSAG3","retry","Missing result","",0
"CSDC2","retry","Missing result","",0
"CSDE1","retry","Missing result","",0
"CSE1L","retry","Missing result","",0
"CSF1","retry","Missing result","",0
"CSF1R","retry","Missing result","",0
"CSF2","retry","Missing result","",0
"CSF2RA","retry","Missing result","",0
"CSF2RB","retry","Missing result","",0
"CSF3","retry","Missing result","",0
"CSF3R","retry","Missing result","",0
"CSGALNACT1","retry","Missing result","",0
"CSGALNACT2","retry","Missing result","",0
"CSH1","retry","Missing result","",0
"CSH2","retry","Missing result","",0
"CSHL1","retry","Missing result","",0
"CSK","retry","Missing result","",0
"CSMD1","retry","Missing result","",0
"CSMD2","retry","Missing result","",0
"CSMD3","retry","Missing result","",0
"CSN1S1","retry","Missing result","",0
"CSN2","retry","Missing result","",0
"CSN3","retry","Missing result","",0
"CSNK1A1","retry","Missing result","",0
"CSNK1A1L","valid","Validated converged fits","84de69b3c6f098d84e7ffbb43cbaa131",27
"CSNK1D","valid","Validated converged fits","bf7e11b60b39b1f00baf76ac918bcbc4",27
"CSNK1E","valid","Validated converged fits","fe41040ef193b1f602e370c8402a2b2d",27
"CSNK1G1","valid","Validated converged fits","0aad30d0ae1b64714473027d8dda6bd3",27
"CSNK1G2","valid","Validated converged fits","767ebfb93b0914b61741b1b85d648c29",27
"CSNK1G3","valid","Validated converged fits","a15b0198307d6b48d20a63af0e644ea7",27
"CSNK2A1","valid","Validated converged fits","7e2f5ccb330b713f71757ca0da39a08d",27
"CSNK2A2","valid","Validated converged fits","eb94758637121b6e6716ccd9d3b27ef6",27
"CSNK2A3","valid","Validated converged fits","07385fb67927b5be8e44e42352a29fba",27
"CSNK2B","valid","Validated converged fits","a1a58be713b675ce2fcdf6e7c2f9c1ff",27
"CSPG4","valid","Validated converged fits","2b76e5fbdc81131ddeec886adcc28f42",27
"CSPG5","valid","Validated converged fits","74b741f3ad6db453ec44eaa5f69e2549",27
"CSPP1","retry","Missing result","",0
"CSRNP1","retry","Missing result","",0
"CSRNP2","retry","Missing result","",0
"CSRNP3","retry","Missing result","",0
"CSRP1","retry","Missing result","",0
"CSRP2","retry","Missing result","",0
"CSRP3","retry","Missing result","",0
"CST1","retry","Missing result","",0
"CST11","retry","Missing result","",0
"CST2","retry","Missing result","",0
"CST3","retry","Missing result","",0
"CST4","retry","Missing result","",0
"CST5","retry","Missing result","",0
"CST6","retry","Missing result","",0
"CST7","retry","Missing result","",0
"CST8","retry","Missing result","",0
"CST9","retry","Missing result","",0
"CST9L","retry","Missing result","",0
"CSTA","retry","Missing result","",0
"CSTB","retry","Missing result","",0
"CSTF1","retry","Missing result","",0
"CSTF2","retry","Missing result","",0
"CSTF2T","retry","Missing result","",0
"CSTF3","retry","Missing result","",0
"CSTL1","retry","Missing result","",0
"CT45A1","retry","Missing result","",0
"CT45A10","retry","Missing result","",0
"CT45A2","retry","Missing result","",0
"CT45A3","retry","Missing result","",0
"CT45A5","retry","Missing result","",0
"CT45A6","retry","Missing result","",0
"CT45A7","retry","Missing result","",0
"CT45A8","retry","Missing result","",0
"CT45A9","retry","Missing result","",0
"CT47A1","retry","Missing result","",0
"CT47A10","retry","Missing result","",0
"CT47A11","retry","Missing result","",0
"CT47A12","retry","Missing result","",0
"CT47A2","retry","Missing result","",0
"CT47A3","retry","Missing result","",0
"CT47A4","retry","Missing result","",0
"CT47A5","retry","Missing result","",0
"CT47A6","retry","Missing result","",0
"CT47A7","retry","Missing result","",0
"CT47A8","retry","Missing result","",0
"CT47A9","retry","Missing result","",0
"CT47B1","retry","Missing result","",0
"CT55","retry","Missing result","",0
"CT83","retry","Missing result","",0
"CTAG1A","retry","Missing result","",0
"CTAG1B","retry","PLINK failed for CTAG1B on chromosome X with exit status 7","44a2263f8fb52c264cd20ea0a9ef2913",0
"CTAG2","retry","PLINK failed for CTAG2 on chromosome X with exit status 7","c4e1552a1bd414aa332e14b1e186cac1",0
"CTAGE1","valid","Validated converged fits","a64f2c09d76a15d33d6afcdab3f1007f",27
"CTAGE15","valid","Validated converged fits","078135c545d4d7c440c5cfea7099b355",27
"CTAGE4","valid","Validated converged fits","4f41060f9e599c97115519e8a4af0e35",27
"CTAGE6","valid","Validated converged fits","3f1ca56ddc0aec1e020697dff3ca20cf",27
"CTAGE8","valid","Validated converged fits","f0c9af1037eea21ff0b0eb503c79562b",27
"CTAGE9","valid","Validated converged fits","173ad4d106bb60a2df250477cd4c191a",27
"CTBP1","valid","Validated converged fits","dd5e9828fea329100213d24755379e3f",27
"CTBP2","valid","Validated converged fits","27d38436c2d69fe632a4d5256fcfd0aa",27
"CTBS","valid","Validated converged fits","d94e4a9a52bae0c045b31239269c9106",27
"CTC1","valid","Validated converged fits","08d24c89a3f45c4790c96ea83c3d5b8b",27
"CTCF","valid","Validated converged fits","b395ea8c8e9e9b4a6601c9c061131cd8",27
"CTCFL","valid","Validated converged fits","8cdfcd67c71b63f3998b55a4a755e105",27
"CTDNEP1","valid","Validated converged fits","2add8b66827dec502ac16d9bf8189512",27
"CTDP1","valid","Validated converged fits","f46c0d2d4837bbdc245f198c8bb4dc5d",27
"CTDSP1","valid","Validated converged fits","9762a0b6b84f4e46d12b9737d84eff73",27
"CTDSP2","valid","Validated converged fits","ce021eca2cfc899e38f786635a4d1418",27
"CTDSPL","valid","Validated converged fits","8b531121e1aa0913b7058ace745976e9",27
"CTDSPL2","valid","Validated converged fits","d4a5e333ecbea4a125f15891757bbed4",27
"CTF1","retry","Missing result","",0
"CTH","retry","Missing result","",0
"CTHRC1","retry","Missing result","",0
"CTIF","retry","Missing result","",0
"CTLA4","retry","Missing result","",0
"CTNNA1","retry","Missing result","",0
"CTNNA2","retry","Missing result","",0
"CTNNA3","retry","Missing result","",0
"CTNNAL1","retry","Missing result","",0
"CTNNB1","retry","Missing result","",0
"CTNNBIP1","retry","Missing result","",0
"CTNNBL1","retry","Missing result","",0
"CTNND1","retry","Missing result","",0
"CTNND2","retry","Missing result","",0
"CTNS","retry","Missing result","",0
"CTPS1","retry","Missing result","",0
"CTPS2","retry","Missing result","",0
"CTR9","retry","Missing result","",0
"CTRB1","retry","Missing result","",0
"CTRB2","retry","Missing result","",0
"CTRC","retry","Missing result","",0
"CTRL","retry","Missing result","",0
"CTSA","retry","Missing result","",0
"CTSB","retry","Missing result","",0
"CTSC","retry","Missing result","",0
"CTSD","retry","Missing result","",0
"CTSE","retry","Missing result","",0
"CTSF","retry","Missing result","",0
"CTSG","retry","Missing result","",0
"CTSH","retry","Missing result","",0
"CTSK","retry","Missing result","",0
"CTSL","retry","Missing result","",0
"CTSO","retry","Missing result","",0
"CTSS","retry","Missing result","",0
"CTSV","retry","Missing result","",0
"CTSW","retry","Missing result","",0
"CTSZ","retry","Missing result","",0
"CTTN","retry","Missing result","",0
"CTTNBP2","retry","Missing result","",0
"CTTNBP2NL","retry","Missing result","",0
"CTU1","retry","Missing result","",0
"CTU2","retry","Missing result","",0
"CTXN1","valid","Validated converged fits","58dab33dff0d468cd0fdd02b91e15e7d",27
"CTXN2","valid","Validated converged fits","105fb6bd3dc8ea73459e22c8ca49543d",27
"CTXN3","valid","Validated converged fits","382a84c4ffaa79857055787ba0133204",27
"CUBN","valid","Validated converged fits","fce13889b320ed6f9ed43a7f09b18964",27
"CUEDC1","valid","Validated converged fits","5b66316bb4ebe88e69e89ef93f4e2f65",27
"CUEDC2","valid","Validated converged fits","7d8449d76acf5b47a3b44811dc0ecdf0",27
"CUL1","valid","Validated converged fits","684a4df57b73db94705771059c2a0d04",27
"CUL2","valid","Validated converged fits","729e705b9b8a1882330b75383fde4e27",27
"CUL3","valid","Validated converged fits","51033fcdb87cba954bfbd2231caaa3b8",27
"CUL4A","valid","Validated converged fits","c0a32287d07c78598724aa4842f85ab7",27
"CUL4B","retry","PLINK failed for CUL4B on chromosome X with exit status 7","4d01ad490a174fa8390f4f95ccf33c74",0
"CUL5","valid","Validated converged fits","988b3244523674715aec14a6bc27cc4b",27
"CUL7","valid","Validated converged fits","51b8778e372137424a80519ecab2aa4b",27
"CUL9","retry","Missing result","",0
"CUTA","retry","Missing result","",0
"CUTC","retry","Missing result","",0
"CUX1","retry","Missing result","",0
"CUX2","retry","Missing result","",0
"CUZD1","retry","Missing result","",0
"CWC15","retry","Missing result","",0
"CWC22","retry","Missing result","",0
"CWC25","retry","Missing result","",0
"CWC27","retry","Missing result","",0
"CWF19L1","retry","Missing result","",0
"CWF19L2","retry","Missing result","",0
"CWH43","retry","Missing result","",0
"CX3CL1","retry","Missing result","",0
"CX3CR1","retry","Missing result","",0
"CXADR","retry","Missing result","",0
"CXCL1","retry","Missing result","",0
"CXCL10","retry","Missing result","",0
"CXCL11","retry","Missing result","",0
"CXCL12","retry","Missing result","",0
"CXCL13","retry","Missing result","",0
"CXCL14","retry","Missing result","",0
"CXCL16","retry","Missing result","",0
"CXCL17","retry","Missing result","",0
"CXCL2","retry","Missing result","",0
"CXCL3","retry","Missing result","",0
"CXCL5","retry","Missing result","",0
"CXCL6","retry","Missing result","",0
"CXCL8","retry","Missing result","",0
"CXCL9","retry","Missing result","",0
"CXCR1","retry","Missing result","",0
"CXCR2","retry","Missing result","",0
"CXCR3","retry","Missing result","",0
"CXCR4","retry","Missing result","",0
"CXCR5","retry","Missing result","",0
"CXCR6","retry","Missing result","",0
"CXXC1","retry","Missing result","",0
"CXXC4","retry","Missing result","",0
"CXXC5","retry","Missing result","",0
"CXorf38","retry","Missing result","",0
"CXorf49","retry","Missing result","",0
"CXorf49B","retry","Missing result","",0
"CXorf51A","retry","Missing result","",0
"CXorf51B","retry","Missing result","",0
"CXorf56","retry","Missing result","",0
"CXorf58","retry","Missing result","",0
"CXorf65","retry","Missing result","",0
"CXorf66","retry","Missing result","",0
"CYB561","retry","Missing result","",0
"CYB561A3","valid","Validated converged fits","3a78b4c5d905db037c1c2e3da39167ef",27
"CYB561D1","valid","Validated converged fits","c8df313eb37def3f29c6edd2f59b1281",27
"CYB561D2","valid","Validated converged fits","143aff9cfa67164295d017d85f7ada3a",27
"CYB5A","valid","Validated converged fits","f3bd104ac6d2fd4130bb3658fbfb6f43",27
"CYB5B","valid","Validated converged fits","61c558aaf3a34305d77895d90d177d0d",27
"CYB5D1","valid","Validated converged fits","82e7302fa60234478734b670357d1936",27
"CYB5D2","valid","Validated converged fits","60f5b290d0dc579ea73dcb489372c21e",27
"CYB5R1","valid","Validated converged fits","c7453e79bc4d86b483acfc256d1c6549",27
"CYB5R2","valid","Validated converged fits","72e23991161cd1f3d4b482fc38f05773",27
"CYB5R3","valid","Validated converged fits","d91ca831811b454c06193b6ff36cb9ca",27
"CYB5R4","valid","Validated converged fits","8e8bb71f2b7cde3045be7dc7045bcf52",27
"CYB5RL","valid","Validated converged fits","0a15cc1f7e50f7b7be388e7db3e9f034",27
"CYBA","retry","Missing result","",0
"CYBB","retry","Missing result","",0
"CYBRD1","retry","Missing result","",0
"CYC1","retry","Missing result","",0
"CYCS","retry","Missing result","",0
"CYFIP1","retry","Missing result","",0
"CYFIP2","retry","Missing result","",0
"CYGB","retry","Missing result","",0
"CYHR1","retry","Missing result","",0
"CYLC1","retry","Missing result","",0
"CYLC2","retry","Missing result","",0
"CYLD","retry","Missing result","",0
"CYP11A1","retry","Missing result","",0
"CYP11B1","retry","Missing result","",0
"CYP11B2","retry","Missing result","",0
"CYP17A1","retry","Missing result","",0
"CYP19A1","retry","Missing result","",0
"CYP1A1","retry","Missing result","",0
"CYP1A2","retry","Missing result","",0
"CYP1B1","retry","Missing result","",0
"CYP20A1","retry","Missing result","",0
"CYP21A2","retry","Missing result","",0
"CYP24A1","retry","Missing result","",0
"CYP26A1","retry","Missing result","",0
"CYP26B1","retry","Missing result","",0
"CYP26C1","retry","Missing result","",0
"CYP27A1","retry","Missing result","",0
"CYP27B1","retry","Missing result","",0
"CYP27C1","retry","Missing result","",0
"CYP2A13","retry","Missing result","",0
"CYP2A6","retry","Missing result","",0
"CYP2A7","retry","Missing result","",0
"CYP2B6","retry","Missing result","",0
"CYP2C18","retry","Missing result","",0
"CYP2C19","retry","Missing result","",0
"CYP2C8","retry","Missing result","",0
"CYP2C9","retry","Missing result","",0
"CYP2D6","retry","Missing result","",0
"CYP2E1","retry","Missing result","",0
"CYP2F1","retry","Missing result","",0
"CYP2J2","retry","Missing result","",0
"CYP2R1","retry","Missing result","",0
"CYP2S1","retry","Missing result","",0
"CYP2U1","retry","Missing result","",0
"CYP2W1","retry","Missing result","",0
"CYP39A1","retry","Missing result","",0
"CYP3A4","retry","Missing result","",0
"CYP3A43","retry","Missing result","",0
"CYP3A5","retry","Missing result","",0
"CYP3A7","retry","Missing result","",0
"CYP3A7-CYP3A51P","valid","Validated converged fits","7aff599202231ddfa336ce40c77ec95b",27
"CYP46A1","valid","Validated converged fits","d058f846b84fd63ee36737fc6ea03cca",27
"CYP4A11","valid","Validated converged fits","3154120eb75e5e583317081fd76fe429",27
"CYP4A22","valid","Validated converged fits","11fce3eb55119f4573a2224a59f516da",27
"CYP4B1","valid","Validated converged fits","72f0b5bc708799ef982e1037d2e8c883",27
"CYP4F11","valid","Validated converged fits","04cafe95813326ab78819bffcd599fb4",27
"CYP4F12","valid","Validated converged fits","7d3f3d0910a2db41dfbce34039c8fe6d",27
"CYP4F2","retry","Missing result","",0
"CYP4F22","retry","Missing result","",0
"CYP4F3","retry","Missing result","",0
"CYP4F8","retry","Missing result","",0
"CYP4V2","retry","Missing result","",0
"CYP4X1","retry","Missing result","",0
"CYP4Z1","retry","Missing result","",0
"CYP51A1","retry","Missing result","",0
"CYP7A1","retry","Missing result","",0
"CYP7B1","retry","Missing result","",0
"CYP8B1","retry","Missing result","",0
"CYS1","retry","Missing result","",0
"CYSLTR1","retry","Missing result","",0
"CYSLTR2","retry","Missing result","",0
"CYSRT1","retry","Missing result","",0
"CYSTM1","retry","Missing result","",0
"CYTH1","retry","Missing result","",0
"CYTH2","retry","Missing result","",0
"CYTH3","retry","Missing result","",0
"CYTH4","retry","Missing result","",0
"CYTIP","retry","Missing result","",0
"CYTL1","retry","Missing result","",0
"CYYR1","retry","Missing result","",0
"D2HGDH","retry","Missing result","",0
"DAAM1","retry","Missing result","",0
"DAAM2","retry","Missing result","",0
"DAB1","retry","Missing result","",0
"DAB2","retry","Missing result","",0
"DAB2IP","retry","Missing result","",0
"DACH1","retry","Missing result","",0
"DACH2","retry","Missing result","",0
"DACT1","retry","Missing result","",0
"DACT2","retry","Missing result","",0
"DACT3","retry","Missing result","",0
"DAD1","retry","Missing result","",0
"DAG1","retry","Missing result","",0
"DAGLA","retry","Missing result","",0
"DAGLB","retry","Missing result","",0
"DALRD3","retry","Missing result","",0
"DAND5","retry","Missing result","",0
"DAO","retry","Missing result","",0
"DAOA","retry","Missing result","",0
"DAP","retry","Missing result","",0
"DAP3","retry","Missing result","",0
"DAPK1","retry","Missing result","",0
"DAPK2","retry","Missing result","",0
"DAPK3","retry","Missing result","",0
"DAPL1","retry","Missing result","",0
"DAPP1","retry","Missing result","",0
"DARS2","retry","Missing result","",0
"DAW1","retry","Missing result","",0
"DAXX","retry","Missing result","",0
"DAZ1","retry","Missing result","",0
"DAZ2","retry","Missing result","",0
"DAZ3","retry","Missing result","",0
"DAZ4","retry","PLINK failed for DAZ4 on chromosome Y with exit status 7","05b7026b0f670a7af8f7e909d1b8c32a",0
"DAZAP1","valid","Validated converged fits","fab1444a8534f59dca11c814a7a1e09f",27
"DAZAP2","valid","Validated converged fits","52089329df43e3d5c9ab682a75b7d563",27
"DAZL","valid","Validated converged fits","9cae68629af8c819d0354bc7aff6b869",27
"DBF4","valid","Validated converged fits","1c70e93c03e16f7f4d82de6c76536f62",27
"DBF4B","valid","Validated converged fits","5e934ce3ebddca57bf26d8c616735532",27
"DBH","valid","Validated converged fits","1e7313d3776143d0b9a43191d7783a2c",27
"DBI","valid","Validated converged fits","149d8066d8100fc01f7bc1d09e7dd3ae",27
"DBN1","valid","Validated converged fits","8adec569669ed4207821b181ffaaf4a8",27
"DBNDD1","valid","Validated converged fits","fb6aefa954a05b322e05ae10bdd5546a",27
"DBNDD2","valid","Validated converged fits","a9b0935c932731ba5c8b536a22a8affb",27
"DBNL","valid","Validated converged fits","50341409442b2b9dc02b4ce1ab6d884f",27
"DBP","valid","Validated converged fits","b1c417cbf80b0e8f6c22dcc9d48077b4",27
"DBR1","valid","Validated converged fits","6c639f2dff4b0818f380dc85c27b1c59",27
"DBT","valid","Validated converged fits","afb849b895aa902c7b2f2cee3569eebf",27
"DBX1","retry","Missing result","",0
"DBX2","retry","Missing result","",0
"DCAF1","retry","Missing result","",0
"DCAF10","retry","Missing result","",0
"DCAF11","retry","Missing result","",0
"DCAF12","retry","Missing result","",0
"DCAF12L1","retry","Missing result","",0
"DCAF12L2","retry","Missing result","",0
"DCAF13","retry","Missing result","",0
"DCAF15","retry","Missing result","",0
"DCAF16","retry","Missing result","",0
"DCAF17","retry","Missing result","",0
"DCAF4","retry","Missing result","",0
"DCAF4L1","retry","Missing result","",0
"DCAF4L2","retry","Missing result","",0
"DCAF5","retry","Missing result","",0
"DCAF6","retry","Missing result","",0
"DCAF7","retry","Missing result","",0
"DCAF8","retry","Missing result","",0
"DCAF8L1","retry","Missing result","",0
"DCAF8L2","retry","Missing result","",0
"DCAKD","retry","Missing result","",0
"DCANP1","retry","Missing result","",0
"DCBLD1","retry","Missing result","",0
"DCBLD2","retry","Missing result","",0
"DCC","retry","Missing result","",0
"DCD","retry","Missing result","",0
"DCDC1","retry","Missing result","",0
"DCDC2","retry","Missing result","",0
"DCDC2B","retry","Missing result","",0
"DCDC2C","retry","Missing result","",0
"DCHS1","retry","Missing result","",0
"DCHS2","retry","Missing result","",0
"DCK","retry","Missing result","",0
"DCLK1","retry","Missing result","",0
"DCLK2","retry","Missing result","",0
"DCLK3","retry","Missing result","",0
"DCLRE1A","retry","Missing result","",0
"DCLRE1B","retry","Missing result","",0
"DCLRE1C","retry","Missing result","",0
"DCN","retry","Missing result","",0
"DCP1A","retry","Missing result","",0
"DCP1B","retry","Missing result","",0
"DCP2","retry","Missing result","",0
"DCPS","retry","Missing result","",0
"DCST1","retry","Missing result","",0
"DCST2","retry","Missing result","",0
"DCSTAMP","valid","Validated converged fits","f44d6bab2c0282b6efaeab4764694bd9",27
"DCT","valid","Validated converged fits","0cc6cf0d0b2ec13ab200c7c4fca8bf7a",27
"DCTD","valid","Validated converged fits","9192393c33087ffd32f503e17031eae9",27
"DCTN1","valid","Validated converged fits","4e84a0a4d53ee3147db876fc09695b71",27
"DCTN2","valid","Validated converged fits","26650aaa342d71db2ec2397e1934b8da",27
"DCTN3","valid","Validated converged fits","05cf389c7c75d5def03019fd19c281ea",27
"DCTN4","valid","Validated converged fits","ea4455bf307fb90e43bf050e8c324fb0",27
"DCTN5","valid","Validated converged fits","54ec02d371d07e9032c1f8353747743f",27
"DCTN6","valid","Validated converged fits","fc518ac55ea7e618c51ed3a7321b88a3",27
"DCTPP1","valid","Validated converged fits","d86bfd730ff1b65e41d93e0967ee4e09",27
"DCUN1D1","valid","Validated converged fits","3d2b7004f2588b2f46f594eb294a22ac",27
"DCUN1D2","valid","Validated converged fits","4dcbdda0791a4caec1e8f17d45bea06a",27
"DCUN1D3","valid","Validated converged fits","d80c4b45b9c4838d84e3922712440390",27
"DCUN1D4","valid","Validated converged fits","ab38c2fafb2d954f767181345a4393e5",27
"DCUN1D5","valid","Validated converged fits","e9226524f68f76545cf8486f54558e34",27
"DCX","retry","PLINK failed for DCX on chromosome X with exit status 7","4795d362a2dccc078d8d264e27069002",0
"DCXR","retry","Missing result","",0
"DDA1","retry","Missing result","",0
"DDAH1","retry","Missing result","",0
"DDAH2","retry","Missing result","",0
"DDB1","retry","Missing result","",0
"DDB2","retry","Missing result","",0
"DDC","retry","Missing result","",0
"DDHD1","retry","Missing result","",0
"DDHD2","retry","Missing result","",0
"DDI1","retry","Missing result","",0
"DDI2","retry","Missing result","",0
"DDIAS","retry","Missing result","",0
"DDIT3","retry","Missing result","",0
"DDIT4","retry","Missing result","",0
"DDIT4L","retry","Missing result","",0
"DDN","retry","Missing result","",0
"DDO","retry","Missing result","",0
"DDOST","retry","Missing result","",0
"DDR1","retry","Missing result","",0
"DDR2","retry","Missing result","",0
"DDRGK1","retry","Missing result","",0
"DDT","retry","Missing result","",0
"DDTL","retry","Missing result","",0
"DDX1","retry","Missing result","",0
"DDX10","retry","Missing result","",0
"DDX11","retry","Missing result","",0
"DDX17","retry","Missing result","",0
"DDX18","retry","Missing result","",0
"DDX19A","retry","Missing result","",0
"DDX19B","retry","Missing result","",0
"DDX20","retry","Missing result","",0
"DDX21","retry","Missing result","",0
"DDX23","retry","Missing result","",0
"DDX24","retry","Missing result","",0
"DDX25","retry","Missing result","",0
"DDX27","retry","Missing result","",0
"DDX28","retry","Missing result","",0
"DDX31","retry","Missing result","",0
"DDX39A","retry","Missing result","",0
"DDX39B","retry","Missing result","",0
"DDX3X","retry","Missing result","",0
"DDX3Y","retry","Missing result","",0
"DDX4","retry","Missing result","",0
"DDX41","retry","Missing result","",0
"DDX42","retry","Missing result","",0
"DDX43","retry","Missing result","",0
"DDX46","valid","Validated converged fits","d042121fa7c22d761e7c745dcebc66de",27
"DDX47","valid","Validated converged fits","678f07bad571d3243c7bcbe604fe1cbb",27
"DDX49","valid","Validated converged fits","3434b7ab01707a6011e5b8425bc6e52e",27
"DDX5","valid","Validated converged fits","e3bbe946c2b1ad575cc44e277e5d2199",27
"DDX50","valid","Validated converged fits","384196a79f8f363a701143e706661a2b",27
"DDX51","valid","Validated converged fits","89bd251855d3161f3cb29fbe2fe87712",27
"DDX52","valid","Validated converged fits","70fb835e1841e2324b9bc348eab6b027",27
"DDX53","retry","PLINK failed for DDX53 on chromosome X with exit status 7","034e3d9be168ade528435df1523f8ecb",0
"DDX54","valid","Validated converged fits","b6f6423449dd5adb680d74eec53421b5",27
"DDX55","valid","Validated converged fits","dd76bef5e45656d5cecc7eca0fb49763",27
"DDX56","valid","Validated converged fits","c3a690caba29c42d4ec5395e01978125",27
"DDX58","valid","Validated converged fits","d04399e1c4b1f8dd3bde33caaa8fdee5",27
"DDX59","valid","Validated converged fits","645110f8a1f2f0c82fc009540f86c8d6",27
"DDX6","valid","Validated converged fits","41a40811b10389e052ed46223ebdfbdb",27
"DDX60","valid","Validated converged fits","62f9e95bd685d062be1ff4d73969ef90",27
"DDX60L","valid","Validated converged fits","ec72753eb28f627febc2fce7575f44d3",27
"DEAF1","retry","Missing result","",0
"DECR1","retry","Missing result","",0
"DECR2","retry","Missing result","",0
"DEDD","retry","Missing result","",0
"DEDD2","retry","Missing result","",0
"DEF6","retry","Missing result","",0
"DEF8","retry","Missing result","",0
"DEFA1","retry","Missing result","",0
"DEFA1B","retry","Missing result","",0
"DEFA3","retry","Missing result","",0
"DEFA4","retry","Missing result","",0
"DEFA5","retry","Missing result","",0
"DEFA6","retry","Missing result","",0
"DEFB1","retry","Missing result","",0
"DEFB103A","retry","Missing result","",0
"DEFB103B","retry","Missing result","",0
"DEFB104A","retry","Missing result","",0
"DEFB104B","retry","Missing result","",0
"DEFB105A","retry","Missing result","",0
"DEFB105B","retry","Missing result","",0
"DEFB106A","retry","Missing result","",0
"DEFB106B","retry","Missing result","",0
"DEFB107A","retry","Missing result","",0
"DEFB107B","retry","Missing result","",0
"DEFB108B","retry","Missing result","",0
"DEFB110","retry","Missing result","",0
"DEFB112","retry","Missing result","",0
"DEFB113","retry","Missing result","",0
"DEFB114","retry","Missing result","",0
"DEFB115","retry","Missing result","",0
"DEFB116","retry","Missing result","",0
"DEFB118","retry","Missing result","",0
"DEFB119","retry","Missing result","",0
"DEFB121","retry","Missing result","",0
"DEFB123","retry","Missing result","",0
"DEFB124","retry","Missing result","",0
"DEFB125","retry","Missing result","",0
"DEFB126","retry","Missing result","",0
"DEFB127","retry","Missing result","",0
"DEFB128","retry","Missing result","",0
"DEFB129","retry","Missing result","",0
"DEFB132","retry","Missing result","",0
"DEFB133","retry","Missing result","",0
"DEFB134","retry","Missing result","",0
"DEFB135","retry","Missing result","",0
"DEFB136","retry","Missing result","",0
"DEFB4A","valid","Validated converged fits","54f6590a4388ead55f39f0c1e07847d0",27
"DEFB4B","valid","Validated converged fits","5087de41a84a96bc3d7afa68628a7c31",23
"DEGS1","valid","Validated converged fits","f9b612c5184678a85bc28cd763f342a1",27
"DEGS2","valid","Validated converged fits","f4ab21ebf990d3793416f646d83f1413",27
"DEK","valid","Validated converged fits","1135bc31ecb8bc3e6c05d5c14b47fc42",27
"DENND1A","valid","Validated converged fits","edc8ec7c5b1832ec11ffb1d4409a9502",27
"DENND1B","valid","Validated converged fits","02c53edc171f147ba0ea6c59942a0743",27
"DENND1C","valid","Validated converged fits","f391aa5b5dd0e2c1fa46e7c8ac5b7b18",27
"DENND2A","valid","Validated converged fits","9f987dbbf7d54d8ba53a5b66401b0fae",27
"DENND2C","valid","Validated converged fits","e7e73b4c95bd67e14ed88ff09eeaf259",27
"DENND2D","valid","Validated converged fits","f0f3a9a6d7c0f72dc7a6a4cfc3754d2b",27
"DENND3","valid","Validated converged fits","7d0c34fea8822e24d1bce14d5e142c10",27
"DENND4A","valid","Validated converged fits","c80338086a7bb1b028cfcecdfc1395d4",27
"DENND4B","valid","Validated converged fits","bfff545e11907eb82aea67559b8a1e4b",27
"DENND4C","retry","Missing result","",0
"DENND5A","retry","Missing result","",0
"DENND5B","retry","Missing result","",0
"DENND6A","retry","Missing result","",0
"DENND6B","retry","Missing result","",0
"DENR","retry","Missing result","",0
"DEPDC1","retry","Missing result","",0
"DEPDC1B","retry","Missing result","",0
"DEPDC4","retry","Missing result","",0
"DEPDC5","retry","Missing result","",0
"DEPDC7","retry","Missing result","",0
"DEPTOR","retry","Missing result","",0
"DERA","retry","Missing result","",0
"DERL1","retry","Missing result","",0
"DERL2","retry","Missing result","",0
"DERL3","retry","Missing result","",0
"DES","retry","Missing result","",0
"DESI1","retry","Missing result","",0
"DESI2","retry","Missing result","",0
"DET1","retry","Missing result","",0
"DEUP1","retry","Missing result","",0
"DEXI","retry","Missing result","",0
"DFFA","retry","Missing result","",0
"DFFB","retry","Missing result","",0
"DGAT1","retry","Missing result","",0
"DGAT2","retry","Missing result","",0
"DGAT2L6","retry","Missing result","",0
"DGCR2","retry","Missing result","",0
"DGCR6","retry","Missing result","",0
"DGCR6L","retry","Missing result","",0
"DGCR8","retry","Missing result","",0
"DGKA","retry","Missing result","",0
"DGKB","retry","Missing result","",0
"DGKD","retry","Missing result","",0
"DGKE","retry","Missing result","",0
"DGKG","retry","Missing result","",0
"DGKH","retry","Missing result","",0
"DGKI","retry","Missing result","",0
"DGKK","retry","Missing result","",0
"DGKQ","retry","Missing result","",0
"DGKZ","retry","Missing result","",0
"DGUOK","retry","Missing result","",0
"DHCR24","retry","Missing result","",0
"DHCR7","retry","Missing result","",0
"DHDDS","retry","Missing result","",0
"DHDH","retry","Missing result","",0
"DHFR","retry","Missing result","",0
"DHFR2","retry","Missing result","",0
"DHH","valid","Validated converged fits","8349385a57a0d6412a3329edeec190bb",27
"DHODH","valid","Validated converged fits","65e553a63842527d1ff2bd7f8afe1299",27
"DHPS","valid","Validated converged fits","9221926e48e6ed8bdd51916de0184d42",27
"DHRS1","valid","Validated converged fits","664bcba59aa0905d61354145d1dc37fd",27
"DHRS11","valid","Validated converged fits","c9572c45484e4f4d1bdbbe12dc8ed2b8",27
"DHRS12","valid","Validated converged fits","989d831ff69155c920d1115d1e0148e9",27
"DHRS13","valid","Validated converged fits","b72ec9c8aaff3c4e84c2dd3a76e98238",27
"DHRS2","valid","Validated converged fits","fac606c650d6bc246dd85912d1d7781e",27
"DHRS3","valid","Validated converged fits","50357995fd4688ed8f8e90f32a4c9034",27
"DHRS4","valid","Validated converged fits","bcc38a5468654d6a2e4224c324090ee9",27
"DHRS4L2","retry","Missing result","",0
"DHRS7","retry","Missing result","",0
"DHRS7B","retry","Missing result","",0
"DHRS7C","retry","Missing result","",0
"DHRS9","retry","Missing result","",0
"DHRSX","retry","Missing result","",0
"DHTKD1","retry","Missing result","",0
"DHX15","retry","Missing result","",0
"DHX16","retry","Missing result","",0
"DHX29","retry","Missing result","",0
"DHX30","retry","Missing result","",0
"DHX32","retry","Missing result","",0
"DHX33","retry","Missing result","",0
"DHX34","retry","Missing result","",0
"DHX35","retry","Missing result","",0
"DHX36","retry","Missing result","",0
"DHX37","retry","Missing result","",0
"DHX38","retry","Missing result","",0
"DHX40","retry","Missing result","",0
"DHX57","retry","Missing result","",0
"DHX58","retry","Missing result","",0
"DHX8","retry","Missing result","",0
"DHX9","retry","Missing result","",0
"DIABLO","retry","Missing result","",0
"DIAPH1","retry","Missing result","",0
"DIAPH2","retry","Missing result","",0
"DIAPH3","retry","Missing result","",0
"DICER1","retry","Missing result","",0
"DIDO1","retry","Missing result","",0
"DIMT1","retry","Missing result","",0
"DIO1","retry","Missing result","",0
"DIO2","retry","Missing result","",0
"DIO3","retry","Missing result","",0
"DIP2A","retry","Missing result","",0
"DIP2B","retry","Missing result","",0
"DIP2C","retry","Missing result","",0
"DIRAS1","retry","Missing result","",0
"DIRAS2","retry","Missing result","",0
"DIRAS3","retry","Missing result","",0
"DIS3","retry","Missing result","",0
"DIS3L","retry","Missing result","",0
"DIS3L2","retry","Missing result","",0
"DISC1","retry","Missing result","",0
"DISP1","retry","Missing result","",0
"DISP2","retry","Missing result","",0
"DISP3","retry","Missing result","",0
"DIXDC1","retry","Missing result","",0
"DKC1","retry","Missing result","",0
"DKK1","retry","Missing result","",0
"DKK2","retry","Missing result","",0
"DKK3","retry","Missing result","",0
"DKK4","retry","Missing result","",0
"DKKL1","valid","Validated converged fits","4767ed2f01369be33eaca6544c173769",27
"DLAT","valid","Validated converged fits","8001b930cf8a2ef9152b7f223ee0ef69",27
"DLC1","valid","Validated converged fits","37a18ca87f562496cd0ea53ddf1a6aa4",27
"DLD","valid","Validated converged fits","b5771061870c46fe12a985f78914f58b",27
"DLEC1","valid","Validated converged fits","776033ddd7077bfc308c57f6ff47900e",27
"DLEU7","valid","Validated converged fits","ab4bfa28beca475848a629ac23653f14",27
"DLG1","valid","Validated converged fits","50b268162b30473cba0bc331d040f71c",27
"DLG2","valid","Validated converged fits","f1791f104819f5266323bee1eaaa6dcd",27
"DLG3","retry","PLINK failed for DLG3 on chromosome X with exit status 7","0aa36e2417d989173f07c3a04d8ceffe",0
"DLG4","valid","Validated converged fits","822a064c487c352fde66c505cf1694d9",27
"DLG5","valid","Validated converged fits","b3c7a365c412110e8a04514306198c50",27
"DLGAP1","valid","Validated converged fits","0389626cc7d058386a45b0435b77d38d",27
"DLGAP2","valid","Validated converged fits","8ad7318c3d53d7bf6e21785f6e17fedb",27
"DLGAP3","valid","Validated converged fits","5252811e8fe5168dcd0d598beb9f0771",27
"DLGAP4","valid","Validated converged fits","9aeefbcf687879853032fc2a4b63e631",27
"DLGAP5","valid","Validated converged fits","43ad2e96e18d8fe74dcf9cf859c61880",27
"DLK1","retry","Missing result","",0
"DLK2","retry","Missing result","",0
"DLL1","retry","Missing result","",0
"DLL3","retry","Missing result","",0
"DLL4","retry","Missing result","",0
"DLST","retry","Missing result","",0
"DLX1","retry","Missing result","",0
"DLX2","retry","Missing result","",0
"DLX3","retry","Missing result","",0
"DLX4","retry","Missing result","",0
"DLX5","retry","Missing result","",0
"DLX6","retry","Missing result","",0
"DMAP1","retry","Missing result","",0
"DMBT1","retry","Missing result","",0
"DMBX1","retry","Missing result","",0
"DMC1","retry","Missing result","",0
"DMD","retry","Missing result","",0
"DMGDH","retry","Missing result","",0
"DMKN","retry","Missing result","",0
"DMP1","retry","Missing result","",0
"DMPK","retry","Missing result","",0
"DMRT1","retry","Missing result","",0
"DMRT2","retry","Missing result","",0
"DMRT3","retry","Missing result","",0
"DMRTA1","retry","Missing result","",0
"DMRTA2","retry","Missing result","",0
"DMRTB1","retry","Missing result","",0
"DMRTC1","retry","Missing result","",0
"DMRTC1B","retry","Missing result","",0
"DMRTC2","retry","Missing result","",0
"DMTF1","retry","Missing result","",0
"DMTN","retry","Missing result","",0
"DMWD","retry","Missing result","",0
"DMXL1","retry","Missing result","",0
"DMXL2","retry","Missing result","",0
"DNA2","retry","Missing result","",0
"DNAAF1","retry","Missing result","",0
"DNAAF2","retry","Missing result","",0
"DNAAF3","retry","Missing result","",0
"DNAAF5","retry","Missing result","",0
"DNAH1","retry","Missing result","",0
"DNAH10","retry","Missing result","",0
"DNAH11","retry","Missing result","",0
"DNAH12","retry","Missing result","",0
"DNAH14","retry","Missing result","",0
"DNAH17","retry","Missing result","",0
"DNAH2","valid","Validated converged fits","1e215896c1706773a474639c9f692609",27
"DNAH3","valid","Validated converged fits","00e6f388cfdc8dc1004a1e692eebccbb",27
"DNAH5","valid","Validated converged fits","6d82975b20651aa0b2777f6c466ed79f",27
"DNAH6","valid","Validated converged fits","9f34b4b71350cb0ec596f5ccd46d4420",27
"DNAH7","valid","Validated converged fits","d8f63ea1981c9be6ee6a4815fd91d97a",27
"DNAH8","valid","Validated converged fits","3596cedb20632d7150412e3a40f8600e",27
"DNAH9","valid","Validated converged fits","f391a3ba86f107cb389f85223633c5c1",27
"DNAI1","valid","Validated converged fits","870f7c7d165b08f518a6a1d390e69e1e",27
"DNAI2","valid","Validated converged fits","3fc0726961f89f97b2f612a6b746b9d8",27
"DNAJA1","valid","Validated converged fits","8d6577bf5a0702c3a08563a7b07d751e",27
"DNAJA2","valid","Validated converged fits","67c885eae60f0ea37e7d62354c96ae67",27
"DNAJA3","valid","Validated converged fits","41a60da44904d8f1cf7f0ac2d6ebd7ba",27
"DNAJA4","valid","Validated converged fits","2913e687dca00a72b384bbffa1c62971",27
"DNAJB1","valid","Validated converged fits","1ac620d9a7644c0be52e50d2d33c716d",27
"DNAJB11","valid","Validated converged fits","bd07f9208e45253949db4b06c215cdc8",27
"DNAJB12","valid","Validated converged fits","2c7fee3c224ab21eb77c77333e8ff27a",27
"DNAJB13","valid","Validated converged fits","3c28ad2e4d41821f9e52ba0b7284c251",27
"DNAJB14","valid","Validated converged fits","0afc09c9fcd20d6979c9f20a62669173",27
"DNAJB2","valid","Validated converged fits","a122fe579fd0769e31053653bde92f83",27
"DNAJB4","valid","Validated converged fits","1ef7143498bf4dc95f3b590d1f1aa342",27
"DNAJB5","retry","Missing result","",0
"DNAJB6","retry","Missing result","",0
"DNAJB7","retry","Missing result","",0
"DNAJB8","retry","Missing result","",0
"DNAJB9","retry","Missing result","",0
"DNAJC1","retry","Missing result","",0
"DNAJC10","retry","Missing result","",0
"DNAJC11","retry","Missing result","",0
"DNAJC12","retry","Missing result","",0
"DNAJC13","retry","Missing result","",0
"DNAJC14","retry","Missing result","",0
"DNAJC15","retry","Missing result","",0
"DNAJC16","retry","Missing result","",0
"DNAJC17","retry","Missing result","",0
"DNAJC18","retry","Missing result","",0
"DNAJC19","retry","Missing result","",0
"DNAJC2","retry","Missing result","",0
"DNAJC21","retry","Missing result","",0
"DNAJC22","retry","Missing result","",0
"DNAJC24","retry","Missing result","",0
"DNAJC25","retry","Missing result","",0
"DNAJC27","retry","Missing result","",0
"DNAJC28","retry","Missing result","",0
"DNAJC3","retry","Missing result","",0
"DNAJC30","retry","Missing result","",0
"DNAJC4","retry","Missing result","",0
"DNAJC5","retry","Missing result","",0
"DNAJC5B","retry","Missing result","",0
"DNAJC5G","retry","Missing result","",0
"DNAJC6","retry","Missing result","",0
"DNAJC7","retry","Missing result","",0
"DNAJC8","retry","Missing result","",0
"DNAJC9","retry","Missing result","",0
"DNAL1","retry","Missing result","",0
"DNAL4","retry","Missing result","",0
"DNALI1","retry","Missing result","",0
"DNASE1","retry","Missing result","",0
"DNASE1L1","retry","Missing result","",0
"DNASE1L2","retry","Missing result","",0
"DNASE1L3","retry","Missing result","",0
"DNASE2","retry","Missing result","",0
"DNASE2B","retry","Missing result","",0
"DNER","valid","Validated converged fits","3ea2b253234b963e5eb94a25c3abd9ef",27
"DNHD1","valid","Validated converged fits","47f3d6953e5ede732aa3c8123d80ac1a",27
"DNLZ","valid","Validated converged fits","2eabbafe328cb972ef0a65c28ab6c181",27
"DNM1","valid","Validated converged fits","38ae81765c38e0c66ad6107d6921eaa5",27
"DNM1L","valid","Validated converged fits","8fb8a893192ce70231ba90cfad5b9c42",27
"DNM2","valid","Validated converged fits","1b32cc47f0e3250f50d4481ab27ec52a",27
"DNM3","valid","Validated converged fits","800eefd85f563a00c40584141ed39f0b",27
"DNMBP","valid","Validated converged fits","d846b99c056808138ecf8c8c0d3c869a",27
"DNMT1","valid","Validated converged fits","fdea7c598d08f471b0e2dfd3bd18e891",27
"DNMT3A","valid","Validated converged fits","3ee0830ada645a4b8a6d046184747282",27
"DNMT3B","valid","Validated converged fits","cca0bf7e37c097162b227547ef200045",27
"DNMT3L","valid","Validated converged fits","ec919306cbc1075cfb8bed47688ab5a2",27
"DNPEP","valid","Validated converged fits","30e64487e87b618333588c44057548f8",27
"DNPH1","retry","Missing result","",0
"DNTT","retry","Missing result","",0
"DNTTIP1","retry","Missing result","",0
"DNTTIP2","retry","Missing result","",0
"DOC2A","retry","Missing result","",0
"DOC2B","retry","Missing result","",0
"DOCK1","retry","Missing result","",0
"DOCK10","retry","Missing result","",0
"DOCK11","retry","Missing result","",0
"DOCK2","retry","Missing result","",0
"DOCK3","retry","Missing result","",0
"DOCK4","retry","Missing result","",0
"DOCK5","retry","Missing result","",0
"DOCK6","retry","Missing result","",0
"DOCK7","retry","Missing result","",0
"DOCK8","retry","Missing result","",0
"DOCK9","retry","Missing result","",0
"DOHH","retry","Missing result","",0
"DOK1","retry","Missing result","",0
"DOK2","retry","Missing result","",0
"DOK3","retry","Missing result","",0
"DOK4","retry","Missing result","",0
"DOK5","retry","Missing result","",0
"DOK6","retry","Missing result","",0
"DOK7","retry","Missing result","",0
"DOLK","retry","Missing result","",0
"DOLPP1","retry","Missing result","",0
"DONSON","retry","Missing result","",0
"DOT1L","retry","Missing result","",0
"DPAGT1","retry","Missing result","",0
"DPCD","retry","Missing result","",0
"DPEP1","retry","Missing result","",0
"DPEP2","retry","Missing result","",0
"DPEP3","retry","Missing result","",0
"DPF1","retry","Missing result","",0
"DPF2","retry","Missing result","",0
"DPF3","retry","Missing result","",0
"DPH1","retry","Missing result","",0
"DPH2","retry","Missing result","",0
"DPH3","retry","Missing result","",0
"DPH5","retry","Missing result","",0
"DPH6","retry","Missing result","",0
"DPH7","retry","Missing result","",0
"DPM1","retry","Missing result","",0
"DPM2","retry","Missing result","",0
"DPM3","retry","Missing result","",0
"DPP10","retry","Missing result","",0
"DPP3","retry","Missing result","",0
"DPP4","retry","Missing result","",0
"DPP6","valid","Validated converged fits","a8b45c2494932fb7942059deb89201b3",27
"DPP7","valid","Validated converged fits","9505b1f213db4b191ad86b247261127f",27
"DPP8","valid","Validated converged fits","3107df59970f8fc87ddab2eb55b3a674",27
"DPP9","valid","Validated converged fits","e555eb238e79b18995e5f1c66f84bba7",27
"DPPA2","valid","Validated converged fits","39b9036ccafeafc179acd55abc6b8920",27
"DPPA3","valid","Validated converged fits","4ffaca0920357130bacb9b2660d3357a",27
"DPPA4","valid","Validated converged fits","0f291303e8935e4212c2cc69a4ed62f5",27
"DPPA5","valid","Validated converged fits","36f627c7b357e512d3b01e1bee5805b6",27
"DPRX","valid","Validated converged fits","62a46ca13f16d42ab516a713abb99079",27
"DPT","valid","Validated converged fits","dc36dc4c82d26e33ce23ee5b25ec91fd",27
"DPY19L1","valid","Validated converged fits","f0278fabadda7bf225d3a1ae5ea60b95",27
"DPY19L2","valid","Validated converged fits","1252aa7ad5e198d16a257f05f7bcc9fa",27
"DPY19L3","valid","Validated converged fits","99c3ada8b2bd5f32fa3a71dd08344d62",27
"DPY19L4","valid","Validated converged fits","cd1c9b6afc198fcb86b6483399206b35",27
"DPY30","retry","Missing result","",0
"DPYD","retry","Missing result","",0
"DPYS","retry","Missing result","",0
"DPYSL2","retry","Missing result","",0
"DPYSL3","retry","Missing result","",0
"DPYSL4","retry","Missing result","",0
"DPYSL5","retry","Missing result","",0
"DQX1","retry","Missing result","",0
"DR1","retry","Missing result","",0
"DRAM1","retry","Missing result","",0
"DRAM2","retry","Missing result","",0
"DRAP1","retry","Missing result","",0
"DRAXIN","retry","Missing result","",0
"DRC1","retry","Missing result","",0
"DRC3","retry","Missing result","",0
"DRC7","retry","Missing result","",0
"DRD1","retry","Missing result","",0
"DRD2","retry","Missing result","",0
"DRD3","retry","Missing result","",0
"DRD4","retry","Missing result","",0
"DRD5","retry","Missing result","",0
"DRG1","retry","Missing result","",0
"DRG2","retry","Missing result","",0
"DRGX","retry","Missing result","",0
"DRICH1","retry","Missing result","",0
"DROSHA","retry","Missing result","",0
"DRP2","retry","Missing result","",0
"DSC1","retry","Missing result","",0
"DSC2","retry","Missing result","",0
"DSC3","retry","Missing result","",0
"DSCAM","retry","Missing result","",0
"DSCAML1","retry","Missing result","",0
"DSCC1","retry","Missing result","",0
"DSE","retry","Missing result","",0
"DSEL","retry","Missing result","",0
"DSG1","retry","Missing result","",0
"DSG2","retry","Missing result","",0
"DSG3","retry","Missing result","",0
"DSG4","retry","Missing result","",0
"DSN1","retry","Missing result","",0
"DSP","retry","Missing result","",0
"DSPP","retry","Missing result","",0
"DST","retry","Missing result","",0
"DSTN","retry","Missing result","",0
"DSTYK","retry","Missing result","",0
"DTD1","retry","Missing result","",0
"DTD2","retry","Missing result","",0
"DTHD1","retry","Missing result","",0
"DTL","valid","Validated converged fits","ad865123a29b6097eec54e41e031dad2",27
"DTNA","valid","Validated converged fits","4dc8d10914f53091f5e67de0e06171c4",27
"DTNB","valid","Validated converged fits","d2e98540bb0106739b515ffa26f5e226",27
"DTNBP1","valid","Validated converged fits","c5c1c00e09ea11a9eef6115cfd3d3fce",27
"DTWD1","valid","Validated converged fits","db544e8c09987545bef0dc8a380d03bd",27
"DTWD2","valid","Validated converged fits","848376c35f65c4fcf9797a4a7a8cc533",27
"DTX1","valid","Validated converged fits","667e1f51d0f85e5a0a099cf98edf20ce",27
"DTX2","valid","Validated converged fits","1865534643144b420f501c2160b9cc15",27
"DTX3","valid","Validated converged fits","a3cd1c50971df28893469bfeb943c2aa",27
"DTX3L","retry","Missing result","",0
"DTX4","retry","Missing result","",0
"DTYMK","retry","Missing result","",0
"DUOX1","retry","Missing result","",0
"DUOX2","retry","Missing result","",0
"DUOXA1","retry","Missing result","",0
"DUOXA2","retry","Missing result","",0
"DUS1L","retry","Missing result","",0
"DUS2","retry","Missing result","",0
"DUS3L","retry","Missing result","",0
"DUS4L","retry","Missing result","",0
"DUSP1","retry","Missing result","",0
"DUSP10","retry","Missing result","",0
"DUSP11","retry","Missing result","",0
"DUSP12","retry","Missing result","",0
"DUSP13","retry","Missing result","",0
"DUSP14","retry","Missing result","",0
"DUSP15","retry","Missing result","",0
"DUSP16","retry","Missing result","",0
"DUSP18","retry","Missing result","",0
"DUSP19","retry","Missing result","",0
"DUSP2","retry","Missing result","",0
"DUSP21","retry","Missing result","",0
"DUSP22","retry","Missing result","",0
"DUSP23","retry","Missing result","",0
"DUSP26","retry","Missing result","",0
"DUSP28","retry","Missing result","",0
"DUSP3","retry","Missing result","",0
"DUSP4","retry","Missing result","",0
"DUSP5","retry","Missing result","",0
"DUSP6","retry","Missing result","",0
"DUSP7","retry","Missing result","",0
"DUSP8","retry","Missing result","",0
"DUSP9","retry","Missing result","",0
"DUT","retry","Missing result","",0
"DUX4","retry","Missing result","",0
"DUXA","retry","Missing result","",0
"DUXB","retry","Missing result","",0
"DVL1","retry","Missing result","",0
"DVL2","retry","Missing result","",0
"DVL3","retry","Missing result","",0
"DXO","retry","Missing result","",0
"DYDC1","retry","Missing result","",0
"DYDC2","retry","Missing result","",0
"DYM","retry","Missing result","",0
"DYNAP","retry","Missing result","",0
"DYNC1H1","retry","Missing result","",0
"DYNC1I1","retry","Missing result","",0
"DYNC1I2","retry","Missing result","",0
"DYNC1LI1","retry","Missing result","",0
"DYNC1LI2","retry","Missing result","",0
"DYNC2H1","retry","Missing result","",0
"DYNC2LI1","retry","Missing result","",0
"DYNLL1","valid","Validated converged fits","4d5f8c1fb9a4bcc609fb123623a595c5",27
"DYNLL2","valid","Validated converged fits","219e50cdbd97682aaac49037be702f2c",27
"DYNLRB1","valid","Validated converged fits","70912eb296715d149605573852fdcb57",27
"DYNLRB2","valid","Validated converged fits","2edddff15a6c9384a09fae95629e97de",27
"DYNLT1","valid","Validated converged fits","e5de58e416c3abe00a3a5647116b452d",27
"DYNLT3","retry","PLINK failed for DYNLT3 on chromosome X with exit status 7","64646957c8c1bc8da4bb248245ddfa8b",0
"DYRK1A","valid","Validated converged fits","7ada812fe51647254f21937d64fc391d",27
"DYRK1B","valid","Validated converged fits","23cbc7af27876266e971cc1910a1c3cc",27
"DYRK2","valid","Validated converged fits","65b9bfdcfb8d982fd49db1b90420b481",27
"DYRK3","valid","Validated converged fits","68048609a92ba801c8f4c04cd08a3eb2",27
"DYRK4","valid","Validated converged fits","8664a182b31cda1e7d554d61b1c2f538",27
"DYSF","valid","Validated converged fits","9ea3926cf827d8c3717c52639cb87a54",27
"DYTN","retry","Missing result","",0
"DZANK1","retry","Missing result","",0
"DZIP1","retry","Missing result","",0
"DZIP1L","retry","Missing result","",0
"DZIP3","retry","Missing result","",0
"E2F1","retry","Missing result","",0
"E2F2","retry","Missing result","",0
"E2F3","retry","Missing result","",0
"E2F4","retry","Missing result","",0
"E2F5","retry","Missing result","",0
"E2F6","retry","Missing result","",0
"E2F7","retry","Missing result","",0
"E2F8","retry","Missing result","",0
"E4F1","retry","Missing result","",0
"EAF1","retry","Missing result","",0
"EAF2","retry","Missing result","",0
"EAPP","retry","Missing result","",0
"EARS2","retry","Missing result","",0
"EBAG9","retry","Missing result","",0
"EBF1","retry","Missing result","",0
"EBF2","retry","Missing result","",0
"EBF3","retry","Missing result","",0
"EBF4","retry","Missing result","",0
"EBI3","retry","Missing result","",0
"EBLN1","retry","Missing result","",0
"EBLN2","retry","Missing result","",0
"EBNA1BP2","retry","Missing result","",0
"EBP","retry","Missing result","",0
"EBPL","retry","Missing result","",0
"ECD","retry","Missing result","",0
"ECE1","retry","Missing result","",0
"ECE2","retry","Missing result","",0
"ECEL1","retry","Missing result","",0
"ECH1","retry","Missing result","",0
"ECHDC1","retry","Missing result","",0
"ECHDC2","retry","Missing result","",0
"ECHDC3","retry","Missing result","",0
"ECHS1","retry","Missing result","",0
"ECI1","retry","Missing result","",0
"ECI2","retry","Missing result","",0
"ECM1","retry","Missing result","",0
"ECM2","retry","Missing result","",0
"ECSCR","retry","Missing result","",0
"ECSIT","retry","Missing result","",0
"ECT2","retry","Missing result","",0
"ECT2L","retry","Missing result","",0
"EDA","retry","Missing result","",0
"EDA2R","retry","Missing result","",0
"EDAR","retry","Missing result","",0
"EDARADD","retry","Missing result","",0
"EDC3","valid","Validated converged fits","7d1f13f911a7287b4f2ea5ab16abdf1c",27
"EDC4","valid","Validated converged fits","ab2c26d560229d0a5bbde0bda6a5292b",27
"EDDM3A","valid","Validated converged fits","15a575a17ccf5fadabde016659b73f65",27
"EDDM3B","valid","Validated converged fits","f066498418c94a313a07ad1779926b5e",27
"EDEM1","valid","Validated converged fits","edbd7963a305c352fb7c9b26da3c10a3",27
"EDEM2","valid","Validated converged fits","788aa81bfce663f82ab5e485ae332c74",27
"EDEM3","valid","Validated converged fits","a238143ab7986e55cee99ccfa4b45d57",27
"EDF1","valid","Validated converged fits","7bebda80d873e6340b66e64455dbddbc",27
"EDIL3","retry","Missing result","",0
"EDN1","retry","Missing result","",0
"EDN2","retry","Missing result","",0
"EDN3","retry","Missing result","",0
"EDNRA","retry","Missing result","",0
"EDNRB","retry","Missing result","",0
"EDRF1","retry","Missing result","",0
"EEA1","retry","Missing result","",0
"EED","retry","Missing result","",0
"EEF1A1","retry","Missing result","",0
"EEF1A2","retry","Missing result","",0
"EEF1AKMT1","retry","Missing result","",0
"EEF1B2","retry","Missing result","",0
"EEF1D","retry","Missing result","",0
"EEF1E1","retry","Missing result","",0
"EEF1G","retry","Missing result","",0
"EEF2","retry","Missing result","",0
"EEF2K","retry","Missing result","",0
"EEF2KMT","retry","Missing result","",0
"EEFSEC","retry","Missing result","",0
"EEPD1","retry","Missing result","",0
"EFCAB1","retry","Missing result","",0
"EFCAB10","retry","Missing result","",0
"EFCAB11","retry","Missing result","",0
"EFCAB12","retry","Missing result","",0
"EFCAB13","retry","Missing result","",0
"EFCAB14","retry","Missing result","",0
"EFCAB2","retry","Missing result","",0
"EFCAB3","retry","Missing result","",0
"EFCAB5","retry","Missing result","",0
"EFCAB6","retry","Missing result","",0
"EFCAB7","retry","Missing result","",0
"EFCAB8","retry","Missing result","",0
"EFCAB9","retry","Missing result","",0
"EFCC1","retry","Missing result","",0
"EFEMP1","retry","Missing result","",0
"EFEMP2","retry","Missing result","",0
"EFHB","retry","Missing result","",0
"EFHC1","retry","Missing result","",0
"EFHC2","retry","Missing result","",0
"EFHD1","retry","Missing result","",0
"EFHD2","retry","Missing result","",0
"EFL1","retry","Missing result","",0
"EFNA1","retry","Missing result","",0
"EFNA2","retry","Missing result","",0
"EFNA3","retry","Missing result","",0
"EFNA4","retry","Missing result","",0
"EFNA5","retry","Missing result","",0
"EFNB1","retry","Missing result","",0
"EFNB2","retry","Missing result","",0
"EFNB3","retry","Missing result","",0
"EFR3A","retry","Missing result","",0
"EFR3B","retry","Missing result","",0
"EFS","retry","Missing result","",0
"EFTUD2","valid","Validated converged fits","55f578df59417baab69a04d6c0d99972",27
"EGF","valid","Validated converged fits","dfdc97a8b35f67c3b5c84d0f5fa76cb0",27
"EGFL6","retry","PLINK failed for EGFL6 on chromosome X with exit status 7","945018403a8f4e1fdbdb59b2ba4de1f2",0
"EGFL7","valid","Validated converged fits","cb8709fd6403ba9aa19086b9b22111e1",27
"EGFL8","valid","Validated converged fits","372555a54cd1e52983a6adf550d60f99",27
"EGFLAM","valid","Validated converged fits","01cb989f7a1739b9fc0fb9c9c1288246",27
"EGFR","valid","Validated converged fits","9b055920cca0ea57e65abfd408606345",27
"EGLN1","valid","Validated converged fits","ceb8b470bd40586c1d1e635559e1fc36",27
"EGLN2","retry","Missing result","",0
"EGLN3","retry","Missing result","",0
"EGR1","retry","Missing result","",0
"EGR2","retry","Missing result","",0
"EGR3","retry","Missing result","",0
"EGR4","retry","Missing result","",0
"EHBP1","retry","Missing result","",0
"EHBP1L1","retry","Missing result","",0
"EHD1","retry","Missing result","",0
"EHD2","retry","Missing result","",0
"EHD3","retry","Missing result","",0
"EHD4","retry","Missing result","",0
"EHF","retry","Missing result","",0
"EHHADH","retry","Missing result","",0
"EHMT1","retry","Missing result","",0
"EHMT2","retry","Missing result","",0
"EI24","retry","Missing result","",0
"EID1","retry","Missing result","",0
"EID2","retry","Missing result","",0
"EID2B","retry","Missing result","",0
"EID3","retry","Missing result","",0
"EIF1","retry","Missing result","",0
"EIF1AD","retry","Missing result","",0
"EIF1AX","retry","Missing result","",0
"EIF1AY","retry","Missing result","",0
"EIF1B","retry","Missing result","",0
"EIF2A","retry","Missing result","",0
"EIF2AK1","retry","Missing result","",0
"EIF2AK2","retry","Missing result","",0
"EIF2AK3","retry","Missing result","",0
"EIF2AK4","retry","Missing result","",0
"EIF2B1","retry","Missing result","",0
"EIF2B2","retry","Missing result","",0
"EIF2B3","retry","Missing result","",0
"EIF2B4","retry","Missing result","",0
"EIF2B5","retry","Missing result","",0
"EIF2D","retry","Missing result","",0
"EIF2S1","retry","Missing result","",0
"EIF2S2","retry","Missing result","",0
"EIF2S3","retry","Missing result","",0
"EIF3A","retry","Missing result","",0
"EIF3B","retry","Missing result","",0
"EIF3C","retry","Missing result","",0
"EIF3CL","retry","Missing result","",0
"EIF3D","retry","Missing result","",0
"EIF3E","retry","Missing result","",0
"EIF3F","retry","Missing result","",0
"EIF3G","retry","Missing result","",0
"EIF3H","retry","Missing result","",0
"EIF3I","retry","Missing result","",0
"EIF3J","retry","Missing result","",0
"EIF3K","retry","Missing result","",0
"EIF3L","retry","Missing result","",0
"EIF3M","retry","Missing result","",0
"EIF4A1","valid","Validated converged fits","8ac6f4581fe97bd63de8b9f561b00d8c",27
"EIF4A2","valid","Validated converged fits","4d5b6ddbe1bd818c406a02c9b1a05e77",27
"EIF4A3","valid","Validated converged fits","730ddbd73d0f9da5321026f3e96b4003",27
"EIF4B","valid","Validated converged fits","439002e71f84f6bd099913b9990b20c3",27
"EIF4E","valid","Validated converged fits","e1cf2bc79c11c15f11124e1818c9e720",27
"EIF4E1B","valid","Validated converged fits","7d2f5b3fba51d77a7cb7ae5455ecec84",27
"EIF4E2","valid","Validated converged fits","aae88dcee8be11818d5d612d5b4f8be5",27
"EIF4E3","valid","Validated converged fits","7e84b58aef3df853f41fe00bd77175cf",27
"EIF4EBP1","retry","Missing result","",0
"EIF4EBP2","retry","Missing result","",0
"EIF4EBP3","retry","Missing result","",0
"EIF4ENIF1","retry","Missing result","",0
"EIF4G1","retry","Missing result","",0
"EIF4G2","retry","Missing result","",0
"EIF4G3","retry","Missing result","",0
"EIF4H","retry","Missing result","",0
"EIF5","retry","Missing result","",0
"EIF5A","retry","Missing result","",0
"EIF5A2","retry","Missing result","",0
"EIF5AL1","retry","Missing result","",0
"EIF5B","retry","Missing result","",0
"EIF6","retry","Missing result","",0
"ELAC1","retry","Missing result","",0
"ELAC2","retry","Missing result","",0
"ELANE","retry","Missing result","",0
"ELAVL1","retry","Missing result","",0
"ELAVL2","retry","Missing result","",0
"ELAVL3","retry","Missing result","",0
"ELAVL4","retry","Missing result","",0
"ELF1","retry","Missing result","",0
"ELF2","retry","Missing result","",0
"ELF3","retry","Missing result","",0
"ELF4","retry","Missing result","",0
"ELF5","retry","Missing result","",0
"ELFN1","retry","Missing result","",0
"ELFN2","retry","Missing result","",0
"ELK1","retry","Missing result","",0
"ELK3","retry","Missing result","",0
"ELK4","retry","Missing result","",0
"ELL","retry","Missing result","",0
"ELL2","retry","Missing result","",0
"ELL3","retry","Missing result","",0
"ELMO1","retry","Missing result","",0
"ELMO2","retry","Missing result","",0
"ELMO3","retry","Missing result","",0
"ELMOD1","retry","Missing result","",0
"ELMOD2","retry","Missing result","",0
"ELMOD3","retry","Missing result","",0
"ELN","retry","Missing result","",0
"ELOA","retry","Missing result","",0
"ELOA2","retry","Missing result","",0
"ELOB","retry","Missing result","",0
"ELOC","retry","Missing result","",0
"ELOF1","retry","Missing result","",0
"ELOVL1","retry","Missing result","",0
"ELOVL2","retry","Missing result","",0
"ELOVL3","retry","Missing result","",0
"ELOVL4","retry","Missing result","",0
"ELOVL5","retry","Missing result","",0
"ELOVL6","retry","Missing result","",0
"ELOVL7","retry","Missing result","",0
"ELP2","retry","Missing result","",0
"ELP3","valid","Validated converged fits","1170f248559884a9c4a4ae2e5564c21d",27
"ELP4","valid","Validated converged fits","477ef343a26273296e484cc4e0ccb38d",27
"ELP5","valid","Validated converged fits","4e67d07a7cef561d6eda675036759718",27
"ELP6","valid","Validated converged fits","f2e288fe801444035e56e4b2b89f60a9",27
"ELSPBP1","valid","Validated converged fits","a9863d25253947e4649cdb54c2d9490b",27
"EMB","valid","Validated converged fits","fdcda2c2d149f0fe451f8cb2a072e62c",27
"EMC1","valid","Validated converged fits","6e9bed7e7ed258586fa2408f49895c90",27
"EMC10","valid","Validated converged fits","4c5fe318b631b346b6aa6a55d61fc812",27
"EMC2","valid","Validated converged fits","002965a46c1a0f231ed95f523be767ee",27
"EMC3","retry","Missing result","",0
"EMC4","retry","Missing result","",0
"EMC6","retry","Missing result","",0
"EMC7","retry","Missing result","",0
"EMC8","retry","Missing result","",0
"EMC9","retry","Missing result","",0
"EMCN","retry","Missing result","",0
"EMD","retry","Missing result","",0
"EME1","retry","Missing result","",0
"EME2","retry","Missing result","",0
"EMG1","retry","Missing result","",0
"EMID1","retry","Missing result","",0
"EMILIN1","retry","Missing result","",0
"EMILIN2","retry","Missing result","",0
"EMILIN3","retry","Missing result","",0
"EML1","retry","Missing result","",0
"EML2","retry","Missing result","",0
"EML3","retry","Missing result","",0
"EML4","retry","Missing result","",0
"EML5","retry","Missing result","",0
"EML6","retry","Missing result","",0
"EMP1","retry","Missing result","",0
"EMP2","retry","Missing result","",0
"EMP3","retry","Missing result","",0
"EMSY","retry","Missing result","",0
"EMX1","retry","Missing result","",0
"EMX2","retry","Missing result","",0
"EN1","retry","Missing result","",0
"EN2","retry","Missing result","",0
"ENAH","retry","Missing result","",0
"ENAM","retry","Missing result","",0
"ENC1","retry","Missing result","",0
"ENDOD1","retry","Missing result","",0
"ENDOG","retry","Missing result","",0
"ENDOU","retry","Missing result","",0
"ENDOV","retry","Missing result","",0
"ENG","retry","Missing result","",0
"ENGASE","retry","Missing result","",0
"ENHO","retry","Missing result","",0
"ENKD1","retry","Missing result","",0
"ENKUR","retry","Missing result","",0
"ENO1","retry","Missing result","",0
"ENO2","retry","Missing result","",0
"ENO3","retry","Missing result","",0
"ENO4","retry","Missing result","",0
"ENOPH1","retry","Missing result","",0
"ENOSF1","retry","Missing result","",0
"ENOX1","retry","Missing result","",0
"ENOX2","retry","Missing result","",0
"ENPEP","retry","Missing result","",0
"ENPP1","retry","Missing result","",0
"ENPP2","retry","Missing result","",0
"ENPP3","retry","Missing result","",0
"ENPP4","valid","Validated converged fits","7cda254dba743830cd5333dc2005e150",27
"ENPP5","valid","Validated converged fits","06073a0fd72d8d5a0c7bbc3e789e51d0",27
"ENPP6","valid","Validated converged fits","d1fe873ad44c2ce189e1ce3c56dc92a1",27
"ENPP7","valid","Validated converged fits","9d131929b818181b53a7dbf863815664",27
"ENSA","valid","Validated converged fits","d7044f0be0e0b91db06156f7fcf0cf1b",27
"ENTHD1","valid","Validated converged fits","c76442f57295c0a228b1b835040a561f",27
"ENTPD1","valid","Validated converged fits","32fe0d950e3237431c853a8898456f37",27
"ENTPD2","valid","Validated converged fits","6e893b487d7423c43bbe9b906fa50f04",27
"ENTPD3","valid","Validated converged fits","6add88e6539c88be33536ab45d8aebd7",27
"ENTPD4","retry","Missing result","",0
"ENTPD5","retry","Missing result","",0
"ENTPD6","retry","Missing result","",0
"ENTPD7","retry","Missing result","",0
"ENTPD8","retry","Missing result","",0
"ENY2","retry","Missing result","",0
"EOGT","retry","Missing result","",0
"EOMES","retry","Missing result","",0
"EP300","retry","Missing result","",0
"EP400","retry","Missing result","",0
"EPAS1","retry","Missing result","",0
"EPB41","retry","Missing result","",0
"EPB41L1","retry","Missing result","",0
"EPB41L2","retry","Missing result","",0
"EPB41L3","retry","Missing result","",0
"EPB41L4A","retry","Missing result","",0
"EPB41L4B","retry","Missing result","",0
"EPB41L5","retry","Missing result","",0
"EPB42","retry","Missing result","",0
"EPC1","retry","Missing result","",0
"EPC2","retry","Missing result","",0
"EPCAM","retry","Missing result","",0
"EPDR1","retry","Missing result","",0
"EPG5","retry","Missing result","",0
"EPGN","retry","Missing result","",0
"EPHA1","retry","Missing result","",0
"EPHA10","retry","Missing result","",0
"EPHA2","retry","Missing result","",0
"EPHA3","retry","Missing result","",0
"EPHA4","retry","Missing result","",0
"EPHA5","retry","Missing result","",0
"EPHA6","retry","Missing result","",0
"EPHA7","retry","Missing result","",0
"EPHA8","retry","Missing result","",0
"EPHB1","retry","Missing result","",0
"EPHB2","retry","Missing result","",0
"EPHB3","retry","Missing result","",0
"EPHB4","retry","Missing result","",0
"EPHB6","retry","Missing result","",0
"EPHX1","retry","Missing result","",0
"EPHX2","retry","Missing result","",0
"EPHX3","retry","Missing result","",0
"EPHX4","retry","Missing result","",0
"EPM2A","retry","Missing result","",0
"EPM2AIP1","retry","Missing result","",0
"EPN1","retry","Missing result","",0
"EPN2","retry","Missing result","",0
"EPN3","retry","Missing result","",0
"EPO","retry","Missing result","",0
"EPOP","retry","Missing result","",0
"EPOR","retry","Missing result","",0
"EPPIN","retry","Missing result","",0
"EPPK1","retry","Missing result","",0
"EPS15","valid","Validated converged fits","86df10131cdfc91565e26213cad40324",27
"EPS15L1","valid","Validated converged fits","e1c6f01ad9a33961354282a7df0d0287",27
"EPS8","valid","Validated converged fits","7095e086696f6ee49f88a13370563a23",27
"EPS8L1","valid","Validated converged fits","8eb2243aca762dba4625a5e551244a93",27
"EPS8L2","valid","Validated converged fits","480a26d350a0d99ec4474446b36254af",27
"EPS8L3","valid","Validated converged fits","fa7d43b05390228e783672fd992af5e9",27
"EPSTI1","valid","Validated converged fits","1c261a918b30dfcc6bfaa461df088720",27
"EPX","valid","Validated converged fits","963ab1cb4c52bcc8d23b2abbd1ba7b16",27
"EPYC","retry","Missing result","",0
"EQTN","retry","Missing result","",0
"ERAL1","retry","Missing result","",0
"ERAP1","retry","Missing result","",0
"ERAP2","retry","Missing result","",0
"ERAS","retry","Missing result","",0
"ERBB2","retry","Missing result","",0
"ERBB3","retry","Missing result","",0
"ERBB4","retry","Missing result","",0
"ERBIN","retry","Missing result","",0
"ERC1","retry","Missing result","",0
"ERC2","retry","Missing result","",0
"ERCC1","retry","Missing result","",0
"ERCC2","retry","Missing result","",0
"ERCC3","retry","Missing result","",0
"ERCC4","retry","Missing result","",0
"ERCC5","retry","Missing result","",0
"ERCC6","retry","Missing result","",0
"ERCC6L","retry","Missing result","",0
"ERCC6L2","retry","Missing result","",0
"ERCC8","retry","Missing result","",0
"EREG","retry","Missing result","",0
"ERF","retry","Missing result","",0
"ERFE","retry","Missing result","",0
"ERG","retry","Missing result","",0
"ERGIC1","retry","Missing result","",0
"ERGIC2","retry","Missing result","",0
"ERGIC3","retry","Missing result","",0
"ERH","retry","Missing result","",0
"ERI1","retry","Missing result","",0
"ERI2","retry","Missing result","",0
"ERI3","retry","Missing result","",0
"ERICH1","retry","Missing result","",0
"ERICH2","retry","Missing result","",0
"ERICH3","retry","Missing result","",0
"ERICH4","retry","Missing result","",0
"ERICH5","retry","Missing result","",0
"ERICH6","retry","Missing result","",0
"ERICH6B","retry","Missing result","",0
"ERLEC1","retry","Missing result","",0
"ERLIN1","retry","Missing result","",0
"ERLIN2","retry","Missing result","",0
"ERMAP","retry","Missing result","",0
"ERMARD","retry","Missing result","",0
"ERMN","retry","Missing result","",0
"ERMP1","retry","Missing result","",0
"ERN1","retry","Missing result","",0
"ERN2","retry","Missing result","",0
"ERO1A","retry","Missing result","",0
"ERO1B","retry","Missing result","",0
"ERP27","retry","Missing result","",0
"ERP29","retry","Missing result","",0
"ERP44","retry","Missing result","",0
"ERRFI1","retry","Missing result","",0
"ERV3-1","valid","Validated converged fits","a0a186c7ee1d04795278530303dc29a7",27
"ERVFRD-1","valid","Validated converged fits","dc9442e5a7b08fe80bd5978332b85306",27
"ERVH48-1","valid","Validated converged fits","fbdba81ad7c1444442ee112cb725b74c",27
"ERVK3-1","valid","Validated converged fits","7f8f0fc21238e99e0e4d7ad8ce568506",27
"ERVMER34-1","valid","Validated converged fits","e0554f944641cbd9e980358092ca9c20",27
"ERVV-1","retry","Missing result","",0
"ERVV-2","retry","Missing result","",0
"ERVW-1","retry","Missing result","",0
"ESAM","retry","Missing result","",0
"ESCO1","retry","Missing result","",0
"ESCO2","retry","Missing result","",0
"ESD","retry","Missing result","",0
"ESF1","retry","Missing result","",0
"ESM1","retry","Missing result","",0
"ESPL1","retry","Missing result","",0
"ESPN","retry","Missing result","",0
"ESPNL","retry","Missing result","",0
"ESR1","retry","Missing result","",0
"ESR2","retry","Missing result","",0
"ESRP1","retry","Missing result","",0
"ESRP2","retry","Missing result","",0
"ESRRA","retry","Missing result","",0
"ESRRB","retry","Missing result","",0
"ESRRG","retry","Missing result","",0
"ESX1","retry","Missing result","",0
"ESYT1","retry","Missing result","",0
"ESYT2","retry","Missing result","",0
"ESYT3","retry","Missing result","",0
"ETAA1","retry","Missing result","",0
"ETF1","retry","Missing result","",0
"ETFA","retry","Missing result","",0
"ETFB","retry","Missing result","",0
"ETFBKMT","retry","Missing result","",0
"ETFDH","retry","Missing result","",0
"ETFRF1","retry","Missing result","",0
"ETHE1","retry","Missing result","",0
"ETNK1","retry","Missing result","",0
"ETNK2","retry","Missing result","",0
"ETNPPL","retry","Missing result","",0
"ETS1","retry","Missing result","",0
"ETS2","retry","Missing result","",0
"ETV1","retry","Missing result","",0
"ETV2","retry","Missing result","",0
"ETV3","retry","Missing result","",0
"ETV3L","retry","Missing result","",0
"ETV4","retry","Missing result","",0
"ETV5","retry","Missing result","",0
"ETV6","retry","Missing result","",0
"ETV7","retry","Missing result","",0
"EVA1A","retry","Missing result","",0
"EVA1B","retry","Missing result","",0
"EVA1C","retry","Missing result","",0
"EVC","retry","Missing result","",0
"EVC2","retry","Missing result","",0
"EVI2A","retry","Missing result","",0
"EVI2B","retry","Missing result","",0
"EVI5","retry","Missing result","",0
"EVI5L","retry","Missing result","",0
"EVL","retry","Missing result","",0
"EVPL","retry","Missing result","",0
"EVPLL","retry","Missing result","",0
"EVX1","retry","Missing result","",0
"EVX2","valid","Validated converged fits","17b1d08641b494134755a3777428ffad",27
"EWSR1","valid","Validated converged fits","a2e3df1e683730b2e76e32d273375559",27
"EXD1","valid","Validated converged fits","0869226d7442f056caad47ce67b0466c",27
"EXD2","valid","Validated converged fits","159d81188e4753feffc3cf82c35065a0",27
"EXD3","valid","Validated converged fits","8fd6640d858f88313771b766ff06a9c9",27
"EXO1","valid","Validated converged fits","408c35bacf6a038d577901236f5fa7a5",27
"EXO5","valid","Validated converged fits","805e5e8463e972da75e28affdff79e47",27
"EXOC1","valid","Validated converged fits","063eeea80e180c1354ef5c0f2901b978",27
"EXOC2","valid","Validated converged fits","0c551a5b25a7bcd6fb5c502803ac867c",27
"EXOC3","retry","Missing result","",0
"EXOC3L1","retry","Missing result","",0
"EXOC3L2","retry","Missing result","",0
"EXOC3L4","retry","Missing result","",0
"EXOC4","retry","Missing result","",0
"EXOC5","retry","Missing result","",0
"EXOC6","retry","Missing result","",0
"EXOC6B","retry","Missing result","",0
"EXOC7","retry","Missing result","",0
"EXOC8","retry","Missing result","",0
"EXOG","retry","Missing result","",0
"EXOSC1","retry","Missing result","",0
"EXOSC10","retry","Missing result","",0
"EXOSC2","retry","Missing result","",0
"EXOSC3","retry","Missing result","",0
"EXOSC4","retry","Missing result","",0
"EXOSC5","retry","Missing result","",0
"EXOSC6","retry","Missing result","",0
"EXOSC7","retry","Missing result","",0
"EXOSC8","retry","Missing result","",0
"EXOSC9","retry","Missing result","",0
"EXPH5","retry","Missing result","",0
"EXT1","retry","Missing result","",0
"EXT2","retry","Missing result","",0
"EXTL1","retry","Missing result","",0
"EXTL2","retry","Missing result","",0
"EXTL3","retry","Missing result","",0
"EYA1","retry","Missing result","",0
"EYA2","retry","Missing result","",0
"EYA3","retry","Missing result","",0
"EYA4","retry","Missing result","",0
"EYS","retry","Missing result","",0
"EZH1","retry","Missing result","",0
"EZH2","retry","Missing result","",0
"EZR","retry","Missing result","",0
"F10","retry","Missing result","",0
"F11","retry","Missing result","",0
"F11R","retry","Missing result","",0
"F12","retry","Missing result","",0
"F13A1","retry","Missing result","",0
"F13B","retry","Missing result","",0
"F2","retry","Missing result","",0
"F2R","retry","Missing result","",0
"F2RL1","retry","Missing result","",0
"F2RL2","retry","Missing result","",0
"F2RL3","retry","Missing result","",0
"F3","retry","Missing result","",0
"F5","retry","Missing result","",0
"F7","retry","Missing result","",0
"F8","retry","Missing result","",0
"F8A1","retry","Missing result","",0
"F8A2","retry","Missing result","",0
"F8A3","retry","Missing result","",0
"F9","retry","PLINK failed for F9 on chromosome X with exit status 7","7d5bbe2ad3fc6a730b78d055e6301743",0
"FA2H","valid","Validated converged fits","e223db90c069157f0db2566c70884748",27
"FAAH","valid","Validated converged fits","f22b2662159b039fe5ce4f2291b7d782",27
"FAAH2","retry","PLINK failed for FAAH2 on chromosome X with exit status 7","e33f722423a3902d3fd853846505db04",0
"FAAP100","valid","Validated converged fits","c8a4d9a89575221a169e43bcf819cef0",27
"FAAP20","valid","Validated converged fits","3db9fa0c7facfff714e824ee5ba34720",27
"FAAP24","valid","Validated converged fits","64c839a7ddf888f7fd23b826f18d292c",27
"FABP1","valid","Validated converged fits","4906310e002d5d8a82371ef8dc972b70",27
"FABP12","valid","Validated converged fits","e1cb02505919e33eaa74a8bb969439b4",27
"FABP2","valid","Validated converged fits","6ee250d8bf4be1c715bec5ef93771a0c",27
"FABP3","valid","Validated converged fits","5f8b9888996161f8ef2b648429e89808",27
"FABP4","valid","Validated converged fits","2edfd14b3594dc2bcd39b3c4cdef7e93",27
"FABP5","valid","Validated converged fits","20255e2e382954d318b7737a1ec555c1",27
"FABP6","valid","Validated converged fits","6e210e14ff86198b7dd5692f42e45af1",27
"FABP7","valid","Validated converged fits","bd6fae358a32074c1dbd779bd9c98431",27
"FABP9","valid","Validated converged fits","eb0e69a029a30cfded6830f775670941",27
"FADD","valid","Validated converged fits","72b46b1ec8fde370bad965f624ed067c",27
"FADS1","valid","Validated converged fits","c6828f551fee3b2455410a88d1c6bc47",27
"FADS2","valid","Validated converged fits","897249d46942428415ce8114631665cb",27
"FADS3","retry","Missing result","",0
"FADS6","retry","Missing result","",0
"FAF1","retry","Missing result","",0
"FAF2","retry","Missing result","",0
"FAH","retry","Missing result","",0
"FAHD1","retry","Missing result","",0
"FAHD2A","retry","Missing result","",0
"FAHD2B","retry","Missing result","",0
"FAIM","retry","Missing result","",0
"FAIM2","retry","Missing result","",0
"FAM102A","retry","Missing result","",0
"FAM102B","retry","Missing result","",0
"FAM104A","retry","Missing result","",0
"FAM104B","retry","Missing result","",0
"FAM107A","retry","Missing result","",0
"FAM107B","retry","Missing result","",0
"FAM110A","retry","Missing result","",0
"FAM110B","retry","Missing result","",0
"FAM110C","retry","Missing result","",0
"FAM110D","retry","Missing result","",0
"FAM111A","retry","Missing result","",0
"FAM111B","retry","Missing result","",0
"FAM114A1","retry","Missing result","",0
"FAM114A2","retry","Missing result","",0
"FAM117A","retry","Missing result","",0
"FAM117B","retry","Missing result","",0
"FAM118A","retry","Missing result","",0
"FAM118B","retry","Missing result","",0
"FAM120A","retry","Missing result","",0
"FAM120AOS","retry","Missing result","",0
"FAM120B","retry","Missing result","",0
"FAM120C","retry","Missing result","",0
"FAM122A","retry","Missing result","",0
"FAM122B","retry","Missing result","",0
"FAM122C","retry","Missing result","",0
"FAM124A","retry","Missing result","",0
"FAM124B","retry","Missing result","",0
"FAM126A","retry","Missing result","",0
"FAM126B","retry","Missing result","",0
"FAM131A","retry","Missing result","",0
"FAM131B","retry","Missing result","",0
"FAM131C","retry","Missing result","",0
"FAM133A","retry","Missing result","",0
"FAM133B","valid","Validated converged fits","ddbb669578bf9529c69bab84528e12a6",27
"FAM135A","valid","Validated converged fits","f3e2a146a7a0178886b349e2ce7d6cef",27
"FAM135B","valid","Validated converged fits","ed513a4ff80cf48566a22c6d88b30b10",27
"FAM136A","valid","Validated converged fits","8a2cae2e86f836cbd338dc50229671ce",27
"FAM13A","valid","Validated converged fits","aef14fcce182a980d7b2586b04be96ce",27
"FAM13B","valid","Validated converged fits","437a17800633ee798fd98ffc1cbdf23c",27
"FAM13C","valid","Validated converged fits","61013b510900b0de68e0e122a0b93563",27
"FAM149A","valid","Validated converged fits","37314ce16e409c21fee98ae085a2e77c",27
"FAM149B1","valid","Validated converged fits","d09082dd9c5692fc374b952a5badda92",27
"FAM151A","valid","Validated converged fits","1f5df2cc1bf13c594a7f65d171012059",27
"FAM151B","valid","Validated converged fits","ba0e0677d56a55fcb1cb90ca1a75fd18",27
"FAM153A","valid","Validated converged fits","eddf435afa5214eb89d19447880a8c2a",27
"FAM153B","valid","Validated converged fits","dfbd08c92bd750e7bf76b4a2e7fc12a6",27
"FAM155A","valid","Validated converged fits","5fd08e9bc3638b68b96ebfc0fd6b69ee",27
"FAM155B","retry","PLINK failed for FAM155B on chromosome X with exit status 7","a8a94a7e57c8c18e142fd3e68ca077fe",0
"FAM156A","retry","PLINK failed for FAM156A on chromosome X with exit status 7","99c424dbfa8c0ddab7bf1d52baa59591",0
"FAM156B","retry","PLINK failed for FAM156B on chromosome X with exit status 7","b8952389ee5b11fe6203e73ae03a386f",0
"FAM160A1","valid","Validated converged fits","a6313c1d025dbd6ed063b77b7adc59fb",27
"FAM160A2","valid","Validated converged fits","43b5f5c9e2979cc89d9d6393460fb484",27
"FAM160B1","valid","Validated converged fits","e7a36fcb58d32ce41d5b57b0ed2f8526",27
"FAM160B2","valid","Validated converged fits","cccbdc786689fc89fb947a30a788e2a4",27
"FAM161A","retry","Missing result","",0
"FAM161B","retry","Missing result","",0
"FAM162A","retry","Missing result","",0
"FAM162B","retry","Missing result","",0
"FAM163A","retry","Missing result","",0
"FAM163B","retry","Missing result","",0
"FAM166A","retry","Missing result","",0
"FAM166B","retry","Missing result","",0
"FAM167A","retry","Missing result","",0
"FAM167B","retry","Missing result","",0
"FAM168A","retry","Missing result","",0
"FAM168B","retry","Missing result","",0
"FAM169A","retry","Missing result","",0
"FAM170A","retry","Missing result","",0
"FAM170B","retry","Missing result","",0
"FAM171A1","retry","Missing result","",0
"FAM171A2","retry","Missing result","",0
"FAM171B","retry","Missing result","",0
"FAM172A","retry","Missing result","",0
"FAM174A","retry","Missing result","",0
"FAM174B","retry","Missing result","",0
"FAM177A1","retry","Missing result","",0
"FAM177B","retry","Missing result","",0
"FAM178B","retry","Missing result","",0
"FAM180A","retry","Missing result","",0
"FAM180B","retry","Missing result","",0
"FAM181A","retry","Missing result","",0
"FAM181B","retry","Missing result","",0
"FAM183A","retry","Missing result","",0
"FAM184A","retry","Missing result","",0
"FAM184B","retry","Missing result","",0
"FAM185A","retry","Missing result","",0
"FAM186A","retry","Missing result","",0
"FAM186B","retry","Missing result","",0
"FAM187B","retry","Missing result","",0
"FAM189A1","retry","Missing result","",0
"FAM189A2","retry","Missing result","",0
"FAM189B","retry","Missing result","",0
"FAM193A","retry","Missing result","",0
"FAM193B","retry","Missing result","",0
"FAM199X","retry","Missing result","",0
"FAM200A","valid","Validated converged fits","9cc1f1402308d35f6006e36fe5602252",27
"FAM200B","valid","Validated converged fits","c7ca58407ab3ef60a476c50fd3266079",27
"FAM204A","valid","Validated converged fits","a29fb18b09fa67e8012d994ad1b915d9",27
"FAM205A","valid","Validated converged fits","2c47bccca307590ba82e49eb2cd51f1c",27
"FAM205C","valid","Validated converged fits","86b9154e9a01388b1512f5738b959b40",27
"FAM207A","valid","Validated converged fits","548536c9e5d3673f5962f47892dedd58",27
"FAM209A","valid","Validated converged fits","57b7693653adcaab088f89c7b0fed593",27
"FAM209B","valid","Validated converged fits","95ec6909507da4284f041f9a71574ede",27
"FAM20A","valid","Validated converged fits","c29748cc81b34f69a6d8f9b90189df1d",27
"FAM20B","valid","Validated converged fits","64feb71c9f744fdac3aafa21e94ccf48",27
"FAM20C","valid","Validated converged fits","18c19623993a24ce8a44f52225183228",27
"FAM210A","valid","Validated converged fits","d21cc37fe7becf0bec110d4526308d47",27
"FAM210B","valid","Validated converged fits","e6edb1b7362f9165ff20360104b87fa7",27
"FAM214A","valid","Validated converged fits","836a50a4b5f47bd4f74207ecd7f35c92",27
"FAM214B","valid","Validated converged fits","820509f0bb743f5332fe8e5f55bde180",27
"FAM216A","valid","Validated converged fits","a56a0bc2f116f4da8782f607389d2c22",27
"FAM216B","valid","Validated converged fits","9c4fb7e1914db6862417953d08ca91e1",27
"FAM217A","valid","Validated converged fits","8ac89720138f3d2c31fb546ac2313a02",27
"FAM217B","valid","Validated converged fits","cc07499ee67f3c82ffc350e9596f9294",27
"FAM219A","retry","Missing result","",0
"FAM219B","retry","Missing result","",0
"FAM220A","retry","Missing result","",0
"FAM221A","retry","Missing result","",0
"FAM221B","retry","Missing result","",0
"FAM222A","retry","Missing result","",0
"FAM222B","retry","Missing result","",0
"FAM227A","retry","Missing result","",0
"FAM227B","retry","Missing result","",0
"FAM228A","retry","Missing result","",0
"FAM228B","retry","Missing result","",0
"FAM229A","retry","Missing result","",0
"FAM229B","retry","Missing result","",0
"FAM234A","retry","Missing result","",0
"FAM234B","retry","Missing result","",0
"FAM236A","retry","Missing result","",0
"FAM236B","retry","Missing result","",0
"FAM236C","retry","Missing result","",0
"FAM236D","retry","Missing result","",0
"FAM24A","retry","Missing result","",0
"FAM24B","retry","Missing result","",0
"FAM25A","retry","Missing result","",0
"FAM25C","retry","Missing result","",0
"FAM25G","retry","Missing result","",0
"FAM32A","retry","Missing result","",0
"FAM3A","retry","Missing result","",0
"FAM3B","retry","Missing result","",0
"FAM3C","retry","Missing result","",0
"FAM3D","retry","Missing result","",0
"FAM43A","retry","Missing result","",0
"FAM43B","retry","Missing result","",0
"FAM47A","retry","Missing result","",0
"FAM47B","retry","Missing result","",0
"FAM47C","retry","Missing result","",0
"FAM47E","retry","Missing result","",0
"FAM50A","retry","Missing result","",0
"FAM50B","retry","Missing result","",0
"FAM53A","retry","Missing result","",0
"FAM53B","retry","Missing result","",0
"FAM53C","retry","Missing result","",0
"FAM71A","retry","Missing result","",0
"FAM71B","retry","Missing result","",0
"FAM71C","retry","Missing result","",0
"FAM71D","valid","Validated converged fits","920b9f6dd0b2f52919107be7e4fb92ac",27
"FAM71E1","valid","Validated converged fits","fdb3444ef03c70c7f65c66da6f7b13d6",27
"FAM71E2","valid","Validated converged fits","1cede74a307ea412aa51138be7fb180c",27
"FAM71F1","valid","Validated converged fits","509e94e129d61bc0deeb3a01e73558e4",27
"FAM71F2","valid","Validated converged fits","511d313d226374301719b53e1b946de9",27
"FAM72A","valid","Validated converged fits","a732cc46b5a9b56b6886cfe36767ff71",27
"FAM72B","valid","Validated converged fits","2626bc76a6d874c3c051276613bfcfdd",27
"FAM72C","retry","PLINK failed for FAM72C on chromosome 1 with exit status 127","af866892aa8675da510ec8731bc58808",0
"FAM72D","valid","Validated converged fits","7dc9e92b484b165b089d83abe9e3f095",27
"FAM76A","valid","Validated converged fits","9802e5486c6760cfb41ffca72d20c5e0",27
"FAM76B","valid","Validated converged fits","c684a4ec4d4deb72a74c9c2cd489d8c1",27
"FAM78A","retry","Missing result","",0
"FAM78B","retry","Missing result","",0
"FAM81A","retry","Missing result","",0
"FAM81B","retry","Missing result","",0
"FAM83A","retry","Missing result","",0
"FAM83B","retry","Missing result","",0
"FAM83C","retry","Missing result","",0
"FAM83D","retry","Missing result","",0
"FAM83E","retry","Missing result","",0
"FAM83F","retry","Missing result","",0
"FAM83G","retry","Missing result","",0
"FAM83H","retry","Missing result","",0
"FAM86B1","retry","Missing result","",0
"FAM86B2","retry","Missing result","",0
"FAM89A","retry","Missing result","",0
"FAM89B","retry","Missing result","",0
"FAM8A1","retry","Missing result","",0
"FAM90A1","retry","Missing result","",0
"FAM90A10P","retry","Missing result","",0
"FAM90A14P","retry","Missing result","",0
"FAM90A16P","retry","Missing result","",0
"FAM90A17P","retry","Missing result","",0
"FAM90A18P","retry","Missing result","",0
"FAM90A19P","retry","Missing result","",0
"FAM90A22P","retry","Missing result","",0
"FAM90A23P","retry","Missing result","",0
"FAM90A26","retry","Missing result","",0
"FAM90A7P","retry","Missing result","",0
"FAM90A8P","retry","Missing result","",0
"FAM90A9P","retry","Missing result","",0
"FAM91A1","retry","Missing result","",0
"FAM95C","retry","Missing result","",0
"FAM98A","retry","Missing result","",0
"FAM98B","retry","Missing result","",0
"FAM98C","retry","Missing result","",0
"FAM9A","retry","Missing result","",0
"FAM9B","retry","Missing result","",0
"FAM9C","retry","Missing result","",0
"FAN1","retry","Missing result","",0
"FANCA","retry","Missing result","",0
"FANCB","retry","Missing result","",0
"FANCC","retry","Missing result","",0
"FANCD2","retry","Missing result","",0
"FANCD2OS","retry","Missing result","",0
"FANCE","retry","Missing result","",0
"FANCF","retry","Missing result","",0
"FANCG","retry","Missing result","",0
"FANCI","retry","Missing result","",0
"FANCL","retry","Missing result","",0
"FANCM","retry","Missing result","",0
"FANK1","retry","Missing result","",0
"FAP","valid","Validated converged fits","6d017abc67bc17677359756a89289bbd",27
"FAR1","valid","Validated converged fits","eb1cccc15fd9d0fa5383835dbdf460ae",27
"FAR2","valid","Validated converged fits","62db6e92e0de55359a205ccc81c5a7b5",27
"FARP1","valid","Validated converged fits","693061d31a0309bee9bdbc09cca132ce",27
"FARP2","valid","Validated converged fits","850026d271cd61073a15b3d5bb74a4f6",27
"FARS2","valid","Validated converged fits","3be01f47988fb34f143583b79f5094d4",27
"FARSA","valid","Validated converged fits","ab5347c18cf8bb1eb390bfaa9c2612f4",27
"FARSB","valid","Validated converged fits","d3d36dd00663b081fcdc4c3c81db8037",27
"FAS","valid","Validated converged fits","c6c22c710832ef01380bc727421a0004",27
"FASLG","valid","Validated converged fits","f0eabce1e49b4348922da04c81ffc5b7",27
"FASN","valid","Validated converged fits","405e1d91783be7db3cd22fed0d776fd9",27
"FASTK","valid","Validated converged fits","51a2dbb07d6f68262b60cce87c3b4f68",27
"FASTKD1","valid","Validated converged fits","df4c314c1ebfd2b2d784e36067c7bc9b",27
"FASTKD2","valid","Validated converged fits","a3cd9635ee75a2149c3917c04387c69d",27
"FASTKD3","valid","Validated converged fits","6ec5ed60ed5effb4d2a83a35d03f6552",27
"FASTKD5","valid","Validated converged fits","e762a3447659006920350e468b356006",27
"FAT1","retry","Missing result","",0
"FAT2","retry","Missing result","",0
"FAT3","retry","Missing result","",0
"FAT4","retry","Missing result","",0
"FATE1","retry","Missing result","",0
"FAU","retry","Missing result","",0
"FAXC","retry","Missing result","",0
"FAXDC2","retry","Missing result","",0
"FBF1","retry","Missing result","",0
"FBL","retry","Missing result","",0
"FBLIM1","retry","Missing result","",0
"FBLL1","retry","Missing result","",0
"FBLN1","retry","Missing result","",0
"FBLN2","retry","Missing result","",0
"FBLN5","retry","Missing result","",0
"FBLN7","retry","Missing result","",0
"FBN1","retry","Missing result","",0
"FBN2","retry","Missing result","",0
"FBN3","retry","Missing result","",0
"FBP1","retry","Missing result","",0
"FBP2","retry","Missing result","",0
"FBRS","retry","Missing result","",0
"FBRSL1","retry","Missing result","",0
"FBXL12","retry","Missing result","",0
"FBXL13","retry","Missing result","",0
"FBXL14","retry","Missing result","",0
"FBXL15","retry","Missing result","",0
"FBXL16","retry","Missing result","",0
"FBXL17","retry","Missing result","",0
"FBXL18","retry","Missing result","",0
"FBXL19","retry","Missing result","",0
"FBXL2","retry","Missing result","",0
"FBXL20","retry","Missing result","",0
"FBXL22","retry","Missing result","",0
"FBXL3","retry","Missing result","",0
"FBXL4","retry","Missing result","",0
"FBXL5","retry","Missing result","",0
"FBXL6","retry","Missing result","",0
"FBXL7","retry","Missing result","",0
"FBXL8","retry","Missing result","",0
"FBXO10","retry","Missing result","",0
"FBXO11","retry","Missing result","",0
"FBXO15","retry","Missing result","",0
"FBXO16","retry","Missing result","",0
"FBXO17","retry","Missing result","",0
"FBXO2","retry","Missing result","",0
"FBXO21","valid","Validated converged fits","987d678b35e72588f4bef963e9e7fd31",27
"FBXO22","valid","Validated converged fits","20060ec24b84a0bc37e80719bac5702f",27
"FBXO24","valid","Validated converged fits","9c062c940140867efbecb3c556c4e506",27
"FBXO25","valid","Validated converged fits","1dd78e4b5e5dd263dfe6fa2dcf3ad309",27
"FBXO27","valid","Validated converged fits","4a9cf00352a3d27e910732593d5784af",27
"FBXO28","valid","Validated converged fits","199912af34b9866c5c5a790f1fc07e89",27
"FBXO3","retry","PLINK failed for FBXO3 on chromosome 11 with exit status 127","eff335c157585d59c51c1dc404ea02fe",0
"FBXO30","valid","Validated converged fits","c4bddc0bbdf9fa6bb930e3908f612686",27
"FBXO31","valid","Validated converged fits","d1c598f3f989cd1024c7bcb066dde638",27
"FBXO32","valid","Validated converged fits","deb5e190de07587843059e8d09df08b4",27
"FBXO33","retry","Missing result","",0
"FBXO34","retry","Missing result","",0
"FBXO36","retry","Missing result","",0
"FBXO38","retry","Missing result","",0
"FBXO39","retry","Missing result","",0
"FBXO4","retry","Missing result","",0
"FBXO40","retry","Missing result","",0
"FBXO41","retry","Missing result","",0
"FBXO42","retry","Missing result","",0
"FBXO43","retry","Missing result","",0
"FBXO44","retry","Missing result","",0
"FBXO45","retry","Missing result","",0
"FBXO46","retry","Missing result","",0
"FBXO47","retry","Missing result","",0
"FBXO48","retry","Missing result","",0
"FBXO5","retry","Missing result","",0
"FBXO6","retry","Missing result","",0
"FBXO7","retry","Missing result","",0
"FBXO8","retry","Missing result","",0
"FBXO9","retry","Missing result","",0
"FBXW10","retry","Missing result","",0
"FBXW11","retry","Missing result","",0
"FBXW12","retry","Missing result","",0
"FBXW2","retry","Missing result","",0
"FBXW4","retry","Missing result","",0
"FBXW5","retry","Missing result","",0
"FBXW7","retry","Missing result","",0
"FBXW8","retry","Missing result","",0
"FBXW9","retry","Missing result","",0
"FCAMR","retry","Missing result","",0
"FCAR","retry","Missing result","",0
"FCER1A","retry","Missing result","",0
"FCER1G","retry","Missing result","",0
"FCER2","retry","Missing result","",0
"FCF1","retry","Missing result","",0
"FCGBP","retry","Missing result","",0
"FCGR1A","retry","Missing result","",0
"FCGR1B","retry","Missing result","",0
"FCGR2A","retry","Missing result","",0
"FCGR2B","retry","Missing result","",0
"FCGR3A","retry","Missing result","",0
"FCGR3B","retry","Missing result","",0
"FCGRT","retry","Missing result","",0
"FCHO1","retry","Missing result","",0
"FCHO2","retry","Missing result","",0
"FCHSD1","retry","Missing result","",0
"FCHSD2","retry","Missing result","",0
"FCMR","retry","Missing result","",0
"FCN1","retry","Missing result","",0
"FCN2","retry","Missing result","",0
"FCN3","retry","Missing result","",0
"FCRL1","retry","Missing result","",0
"FCRL2","valid","Validated converged fits","ab1781783ea6585842595e2519c2164d",27
"FCRL3","valid","Validated converged fits","be2f8d21bce2341355eed730736e489c",27
"FCRL4","valid","Validated converged fits","c5d17222819cef15cfc956e6b2a7107b",27
"FCRL5","valid","Validated converged fits","0c16ec0c875419e296bbcc83da3d78d7",27
"FCRL6","valid","Validated converged fits","5a9e524ba8046c8b2c600c7141ad5cd3",27
"FCRLA","valid","Validated converged fits","554f975eef0c64dd801a84a53f753b36",27
"FCRLB","valid","Validated converged fits","49679847584a1844e042bf55164c0f54",27
"FDCSP","valid","Validated converged fits","8e055d1fe31999c3fd3337212dbf9512",27
"FDFT1","retry","Missing result","",0
"FDPS","retry","Missing result","",0
"FDX1","retry","Missing result","",0
"FDX2","retry","Missing result","",0
"FDXACB1","retry","Missing result","",0
"FDXR","retry","Missing result","",0
"FECH","retry","Missing result","",0
"FEM1A","retry","Missing result","",0
"FEM1B","retry","Missing result","",0
"FEM1C","retry","Missing result","",0
"FEN1","retry","Missing result","",0
"FER","retry","Missing result","",0
"FER1L5","retry","Missing result","",0
"FER1L6","retry","Missing result","",0
"FERD3L","retry","Missing result","",0
"FERMT1","retry","Missing result","",0
"FERMT2","retry","Missing result","",0
"FERMT3","retry","Missing result","",0
"FES","retry","Missing result","",0
"FETUB","retry","Missing result","",0
"FEV","retry","Missing result","",0
"FEZ1","retry","Missing result","",0
"FEZ2","retry","Missing result","",0
"FEZF1","retry","Missing result","",0
"FEZF2","retry","Missing result","",0
"FFAR1","retry","Missing result","",0
"FFAR2","retry","Missing result","",0
"FFAR3","retry","Missing result","",0
"FFAR4","retry","Missing result","",0
"FGA","retry","Missing result","",0
"FGB","retry","Missing result","",0
"FGD1","retry","Missing result","",0
"FGD2","retry","Missing result","",0
"FGD3","retry","Missing result","",0
"FGD4","retry","Missing result","",0
"FGD5","retry","Missing result","",0
"FGD6","retry","Missing result","",0
"FGF1","retry","Missing result","",0
"FGF10","retry","Missing result","",0
"FGF11","retry","Missing result","",0
"FGF12","retry","Missing result","",0
"FGF13","retry","Missing result","",0
"FGF14","retry","Missing result","",0
"FGF16","retry","Missing result","",0
"FGF17","retry","Missing result","",0
"FGF18","retry","Missing result","",0
"FGF19","retry","Missing result","",0
"FGF2","retry","Missing result","",0
"FGF20","retry","Missing result","",0
"FGF21","retry","Missing result","",0
"FGF22","retry","Missing result","",0
"FGF23","retry","Missing result","",0
"FGF3","retry","Missing result","",0
"FGF4","retry","Missing result","",0
"FGF5","valid","Validated converged fits","922045f0a44e9ee9b829e2f4604c8dcc",27
"FGF6","valid","Validated converged fits","7ec5458e7f8122e989cfe715f93b96d2",26
"FGF7","valid","Validated converged fits","07324f14878373aa1dcd51388189752a",27
"FGF8","valid","Validated converged fits","80051e46863e7e6692f0ea17c47a1bcd",27
"FGF9","valid","Validated converged fits","de70564a5088521f5c80122a58bdb30c",27
"FGFBP1","valid","Validated converged fits","826de4c830fc26b6182ec7a54edcf9d9",27
"FGFBP2","valid","Validated converged fits","729f13e377a80e8ba832fb4891ac9fe3",27
"FGFBP3","valid","Validated converged fits","bd4d5232e3f0f864d7098f1d70949225",27
"FGFR1","valid","Validated converged fits","5b8b646dbb9fc9e8dc6095247e933b6c",27
"FGFR1OP2","valid","Validated converged fits","0ca5920e8d52734efe2c8de8298f3484",27
"FGFR2","retry","Missing result","",0
"FGFR3","retry","Missing result","",0
"FGFR4","retry","Missing result","",0
"FGFRL1","retry","Missing result","",0
"FGG","retry","Missing result","",0
"FGGY","retry","Missing result","",0
"FGL1","retry","Missing result","",0
"FGL2","retry","Missing result","",0
"FGR","retry","Missing result","",0
"FH","retry","Missing result","",0
"FHAD1","retry","Missing result","",0
"FHDC1","retry","Missing result","",0
"FHIT","retry","Missing result","",0
"FHL1","retry","Missing result","",0
"FHL2","retry","Missing result","",0
"FHL3","retry","Missing result","",0
"FHL5","retry","Missing result","",0
"FHOD1","retry","Missing result","",0
"FHOD3","retry","Missing result","",0
"FIBCD1","retry","Missing result","",0
"FIBIN","retry","Missing result","",0
"FIBP","retry","Missing result","",0
"FICD","retry","Missing result","",0
"FIG4","retry","Missing result","",0
"FIGLA","retry","Missing result","",0
"FIGN","retry","Missing result","",0
"FIGNL1","retry","Missing result","",0
"FIGNL2","retry","Missing result","",0
"FILIP1","retry","Missing result","",0
"FILIP1L","retry","Missing result","",0
"FIP1L1","retry","Missing result","",0
"FIS1","retry","Missing result","",0
"FITM1","retry","Missing result","",0
"FITM2","retry","Missing result","",0
"FIZ1","retry","Missing result","",0
"FJX1","retry","Missing result","",0
"FKBP10","retry","Missing result","",0
"FKBP11","retry","Missing result","",0
"FKBP14","retry","Missing result","",0
"FKBP15","retry","Missing result","",0
"FKBP1A","retry","Missing result","",0
"FKBP1B","retry","Missing result","",0
"FKBP1C","retry","Missing result","",0
"FKBP2","retry","Missing result","",0
"FKBP3","retry","Missing result","",0
"FKBP4","retry","Missing result","",0
"FKBP5","retry","Missing result","",0
"FKBP6","retry","Missing result","",0
"FKBP7","retry","Missing result","",0
"FKBP8","retry","Missing result","",0
"FKBP9","retry","Missing result","",0
"FKBPL","retry","Missing result","",0
"FKRP","valid","Validated converged fits","e2b27a9bb4d8eef2f359115860b633fc",27
"FKTN","valid","Validated converged fits","7ba0423642f24417caf91b59ce152f73",27
"FLAD1","valid","Validated converged fits","23fe68f8e88babb4553261d9e3d00f09",27
"FLCN","valid","Validated converged fits","110450488aaa982ce84f2f3ac6ebe24d",27
"FLG","valid","Validated converged fits","6076fea5a1284a46915f943a9b9589db",27
"FLG2","valid","Validated converged fits","9ad88074232d9906bbad40234cf36c84",27
"FLI1","valid","Validated converged fits","617292b74147fd9b72362a69f3ea800a",27
"FLII","valid","Validated converged fits","3b81d78628021ae06443094aea3c717f",27
"FLNA","retry","PLINK failed for FLNA on chromosome X with exit status 7","d62da4265df56bdcf8c12a0d49cc97e6",0
"FLNB","valid","Validated converged fits","06c8370a448de8d6f95c3bc5c6a5da31",27
"FLNC","retry","Missing result","",0
"FLOT1","retry","Missing result","",0
"FLOT2","retry","Missing result","",0
"FLRT1","retry","Missing result","",0
"FLRT2","retry","Missing result","",0
"FLRT3","retry","Missing result","",0
"FLT1","retry","Missing result","",0
"FLT3","retry","Missing result","",0
"FLT3LG","retry","Missing result","",0
"FLT4","retry","Missing result","",0
"FLVCR1","retry","Missing result","",0
"FLVCR2","retry","Missing result","",0
"FLYWCH1","retry","Missing result","",0
"FLYWCH2","retry","Missing result","",0
"FMC1","retry","Missing result","",0
"FMN1","retry","Missing result","",0
"FMN2","retry","Missing result","",0
"FMNL1","retry","Missing result","",0
"FMNL2","retry","Missing result","",0
"FMNL3","retry","Missing result","",0
"FMO1","retry","Missing result","",0
"FMO2","retry","Missing result","",0
"FMO3","retry","Missing result","",0
"FMO4","retry","Missing result","",0
"FMO5","retry","Missing result","",0
"FMOD","retry","Missing result","",0
"FMR1","retry","Missing result","",0
"FMR1NB","retry","Missing result","",0
"FN1","retry","Missing result","",0
"FN3K","retry","Missing result","",0
"FN3KRP","retry","Missing result","",0
"FNBP1","retry","Missing result","",0
"FNBP1L","retry","Missing result","",0
"FNBP4","retry","Missing result","",0
"FNDC1","retry","Missing result","",0
"FNDC10","retry","Missing result","",0
"FNDC11","retry","Missing result","",0
"FNDC3A","retry","Missing result","",0
"FNDC3B","retry","Missing result","",0
"FNDC4","retry","Missing result","",0
"FNDC5","retry","Missing result","",0
"FNDC7","retry","Missing result","",0
"FNDC8","retry","Missing result","",0
"FNDC9","retry","Missing result","",0
"FNIP1","retry","Missing result","",0
"FNIP2","retry","Missing result","",0
"FNTA","retry","Missing result","",0
"FNTB","retry","Missing result","",0
"FOCAD","retry","Missing result","",0
"FOLH1","retry","Missing result","",0
"FOLR1","retry","Missing result","",0
"FOLR2","retry","Missing result","",0
"FOLR3","valid","Validated converged fits","74a1a724a3e29472cd7f7d572c79a73b",27
"FOS","valid","Validated converged fits","e2c263994bff91af219aa6e13c6764a1",27
"FOSB","valid","Validated converged fits","bbe332cb3376406660c307fd264905c6",27
"FOSL1","valid","Validated converged fits","aed5a23dee442ee27123e497cdab9889",27
"FOSL2","valid","Validated converged fits","52ff2419eca87ac2a7119bb328d3c13e",27
"FOXA1","valid","Validated converged fits","324f40f8944e1e4db916a3f263459cdc",27
"FOXA2","valid","Validated converged fits","b81f099270cccc062f2373dd1b7b2d5e",27
"FOXA3","valid","Validated converged fits","9eed1b820f7cbd01f3167ea263acbc94",27
"FOXB1","retry","Missing result","",0
"FOXB2","retry","Missing result","",0
"FOXC1","retry","Missing result","",0
"FOXC2","retry","Missing result","",0
"FOXD1","retry","Missing result","",0
"FOXD2","retry","Missing result","",0
"FOXD3","retry","Missing result","",0
"FOXD4","retry","Missing result","",0
"FOXD4L1","retry","Missing result","",0
"FOXD4L3","retry","Missing result","",0
"FOXD4L4","retry","Missing result","",0
"FOXD4L5","retry","Missing result","",0
"FOXD4L6","retry","Missing result","",0
"FOXE1","retry","Missing result","",0
"FOXE3","retry","Missing result","",0
"FOXF1","retry","Missing result","",0
"FOXF2","retry","Missing result","",0
"FOXG1","retry","Missing result","",0
"FOXH1","retry","Missing result","",0
"FOXI1","retry","Missing result","",0
"FOXI2","retry","Missing result","",0
"FOXI3","retry","Missing result","",0
"FOXJ1","retry","Missing result","",0
"FOXJ2","retry","Missing result","",0
"FOXJ3","retry","Missing result","",0
"FOXK1","retry","Missing result","",0
"FOXK2","retry","Missing result","",0
"FOXL1","retry","Missing result","",0
"FOXL2","retry","Missing result","",0
"FOXL2NB","retry","Missing result","",0
"FOXM1","retry","Missing result","",0
"FOXN1","retry","Missing result","",0
"FOXN2","retry","Missing result","",0
"FOXN3","retry","Missing result","",0
"FOXN4","retry","Missing result","",0
"FOXO1","retry","Missing result","",0
"FOXO3","retry","Missing result","",0
"FOXO3B","retry","Missing result","",0
"FOXO4","retry","Missing result","",0
"FOXO6","retry","Missing result","",0
"FOXP1","retry","Missing result","",0
"FOXP2","retry","Missing result","",0
"FOXP3","retry","Missing result","",0
"FOXP4","retry","Missing result","",0
"FOXQ1","retry","Missing result","",0
"FOXR1","retry","Missing result","",0
"FOXR2","retry","Missing result","",0
"FOXRED1","retry","Missing result","",0
"FOXRED2","retry","Missing result","",0
"FOXS1","retry","Missing result","",0
"FPGS","retry","Missing result","",0
"FPGT","retry","Missing result","",0
"FPR1","retry","Missing result","",0
"FPR2","retry","Missing result","",0
"FPR3","valid","Validated converged fits","041601cdcbe97e417a9fff2eb0e519bc",27
"FRA10AC1","valid","Validated converged fits","5b95dd11da66154c6b4e7631efab2aa7",27
"FRAS1","valid","Validated converged fits","dcf4370be699b98c857d60625fdcd75b",27
"FRAT1","valid","Validated converged fits","06889e64c85c0513f684ea0660ea1ef6",27
"FRAT2","valid","Validated converged fits","cc39d134050e7a58db32ef06de7e6e75",27
"FREM1","valid","Validated converged fits","a7405959a1dcdb8692444ede2db56423",27
"FREM2","valid","Validated converged fits","b20cab1b3183dc1aaada045c19450e98",27
"FREM3","valid","Validated converged fits","7b449e12949ec5e21311adf0131d5d95",27
"FRG1","valid","Validated converged fits","fa12b4d266a6396f707a736a6020e6e3",27
"FRG2","valid","Validated converged fits","aca0eb8f5ebd172e96ca4523198fa77f",27
"FRG2B","valid","Validated converged fits","6e9db790856ff6267a59c5d58cba0624",27
"FRG2C","valid","Validated converged fits","ad289d749f430f1b38fbf6c9e7bae6c9",27
"FRK","valid","Validated converged fits","ce59f8ede1b6ef484839ca15373edd2c",27
"FRMD1","valid","Validated converged fits","d291a28224f36e097af6fab741e8250c",27
"FRMD3","valid","Validated converged fits","2a87e2e82ff01a7e2e69daf479244a45",27
"FRMD4A","valid","Validated converged fits","ab35d2beb94eaf860a9ef9ad13610c15",27
"FRMD4B","retry","Missing result","",0
"FRMD5","retry","Missing result","",0
"FRMD6","retry","Missing result","",0
"FRMD7","retry","Missing result","",0
"FRMD8","retry","Missing result","",0
"FRMPD1","retry","Missing result","",0
"FRMPD2","retry","Missing result","",0
"FRMPD3","retry","Missing result","",0
"FRMPD4","retry","Missing result","",0
"FRRS1","retry","Missing result","",0
"FRRS1L","retry","Missing result","",0
"FRS2","retry","Missing result","",0
"FRS3","retry","Missing result","",0
"FRY","retry","Missing result","",0
"FRYL","retry","Missing result","",0
"FRZB","retry","Missing result","",0
"FSBP","retry","Missing result","",0
"FSCB","retry","Missing result","",0
"FSCN1","retry","Missing result","",0
"FSCN2","retry","Missing result","",0
"FSCN3","retry","Missing result","",0
"FSD1","retry","Missing result","",0
"FSD1L","retry","Missing result","",0
"FSD2","retry","Missing result","",0
"FSHB","retry","Missing result","",0
"FSHR","retry","Missing result","",0
"FSIP1","retry","Missing result","",0
"FSIP2","retry","Missing result","",0
"FST","retry","Missing result","",0
"FSTL1","retry","Missing result","",0
"FSTL3","retry","Missing result","",0
"FSTL4","retry","Missing result","",0
"FSTL5","retry","Missing result","",0
"FTCD","retry","Missing result","",0
"FTCDNL1","retry","Missing result","",0
"FTH1","retry","Missing result","",0
"FTHL17","retry","Missing result","",0
"FTL","retry","Missing result","",0
"FTMT","retry","Missing result","",0
"FTO","retry","Missing result","",0
"FTSJ1","retry","Missing result","",0
"FTSJ3","retry","Missing result","",0
"FUBP1","retry","Missing result","",0
"FUBP3","retry","Missing result","",0
"FUCA1","retry","Missing result","",0
"FUCA2","retry","Missing result","",0
"FUNDC1","retry","PLINK failed for FUNDC1 on chromosome X with exit status 7","dee9da44b970437567c68fc3bc570bae",0
"FUNDC2","retry","PLINK failed for FUNDC2 on chromosome X with exit status 7","20aa032d86f2342a65688a7af8da58a7",0
"FUOM","valid","Validated converged fits","d22743eb78f1c56bf1853278b0c192df",27
"FURIN","valid","Validated converged fits","c64cdbfdaae8ec29440b3b4aa462403c",27
"FUS","valid","Validated converged fits","eab75823de7e2d62a82097cbac1ea7cf",27
"FUT1","valid","Validated converged fits","3a09df860c0b44f873d04609c6d4da0a",27
"FUT10","valid","Validated converged fits","76a10683d434d5299a607d4328f41671",27
"FUT11","valid","Validated converged fits","84436eee2577113466a281292bb8dca4",27
"FUT2","valid","Validated converged fits","f0eea830ecc41f390b9664afdd483742",27
"FUT3","retry","Missing result","",0
"FUT4","retry","Missing result","",0
"FUT5","retry","Missing result","",0
"FUT6","retry","Missing result","",0
"FUT7","retry","Missing result","",0
"FUT8","retry","Missing result","",0
"FUT9","retry","Missing result","",0
"FUZ","retry","Missing result","",0
"FXN","retry","Missing result","",0
"FXR1","retry","Missing result","",0
"FXR2","retry","Missing result","",0
"FXYD1","retry","Missing result","",0
"FXYD2","retry","Missing result","",0
"FXYD3","retry","Missing result","",0
"FXYD4","retry","Missing result","",0
"FXYD5","retry","Missing result","",0
"FXYD6","retry","Missing result","",0
"FXYD7","retry","Missing result","",0
"FYCO1","retry","Missing result","",0
"FYN","retry","Missing result","",0
"FYTTD1","retry","Missing result","",0
"FZD1","retry","Missing result","",0
"FZD10","retry","Missing result","",0
"FZD2","retry","Missing result","",0
"FZD3","retry","Missing result","",0
"FZD4","retry","Missing result","",0
"FZD5","retry","Missing result","",0
"FZD6","retry","Missing result","",0
"FZD7","retry","Missing result","",0
"FZD8","retry","Missing result","",0
"FZD9","retry","Missing result","",0
"FZR1","retry","Missing result","",0
"G0S2","retry","Missing result","",0
"G2E3","retry","Missing result","",0
"G3BP1","retry","Missing result","",0
"G3BP2","retry","Missing result","",0
"G6PC","retry","Missing result","",0
"G6PC2","retry","Missing result","",0
"G6PC3","retry","Missing result","",0
"G6PD","retry","Missing result","",0
"GAA","retry","Missing result","",0
"GAB1","retry","Missing result","",0
"GAB2","retry","Missing result","",0
"GAB3","retry","Missing result","",0
"GABARAP","retry","Missing result","",0
"GABARAPL1","retry","Missing result","",0
"GABARAPL2","retry","Missing result","",0
"GABBR1","retry","Missing result","",0
"GABBR2","retry","Missing result","",0
"GABPA","retry","Missing result","",0
"GABPB1","retry","Missing result","",0
"GABPB2","retry","Missing result","",0
"GABRA1","retry","Missing result","",0
"GABRA2","valid","Validated converged fits","975a9cf220487408b0adc61e510433d9",27
"GABRA3","retry","PLINK failed for GABRA3 on chromosome X with exit status 7","70c3786975fb9604e197fe1a50cc76fe",0
"GABRA4","valid","Validated converged fits","130bebcb8511a594e9a0addf5f58d7d0",27
"GABRA5","valid","Validated converged fits","24a7d63e649d3bbbaf3265b2feb4d671",27
"GABRA6","valid","Validated converged fits","b356d18299342c49b57030b44af5e297",27
"GABRB1","valid","Validated converged fits","f3274643e81121e629019ce7bb48b8e6",27
"GABRB2","valid","Validated converged fits","e2ecda743355704748923169d3e30fd9",27
"GABRB3","valid","Validated converged fits","d076f2a99a5548f86cbc26d309f2bc7d",27
"GABRD","valid","Validated converged fits","2c5ad3963a14afbd5d4b1d7242631b51",27
"GABRE","retry","PLINK failed for GABRE on chromosome X with exit status 7","a6665ad73ee74eda209165a39925e681",0
"GABRG1","retry","Missing result","",0
"GABRG2","retry","Missing result","",0
"GABRG3","retry","Missing result","",0
"GABRP","retry","Missing result","",0
"GABRQ","retry","Missing result","",0
"GABRR1","retry","Missing result","",0
"GABRR2","retry","Missing result","",0
"GABRR3","retry","Missing result","",0
"GAD1","retry","Missing result","",0
"GAD2","retry","Missing result","",0
"GADD45A","retry","Missing result","",0
"GADD45B","retry","Missing result","",0
"GADD45G","retry","Missing result","",0
"GADD45GIP1","retry","Missing result","",0
"GADL1","retry","Missing result","",0
"GAGE1","retry","Missing result","",0
"GAGE10","retry","Missing result","",0
"GAGE12B","retry","Missing result","",0
"GAGE12C","retry","Missing result","",0
"GAGE12D","retry","Missing result","",0
"GAGE12E","retry","Missing result","",0
"GAGE12F","retry","Missing result","",0
"GAGE12G","retry","Missing result","",0
"GAGE12H","retry","Missing result","",0
"GAGE12J","retry","Missing result","",0
"GAGE13","retry","Missing result","",0
"GAGE2A","retry","Missing result","",0
"GAGE2E","retry","Missing result","",0
"GAK","retry","Missing result","",0
"GAL","retry","Missing result","",0
"GAL3ST1","retry","Missing result","",0
"GAL3ST2","retry","Missing result","",0
"GAL3ST3","retry","Missing result","",0
"GAL3ST4","retry","Missing result","",0
"GALC","retry","Missing result","",0
"GALE","retry","Missing result","",0
"GALK1","retry","Missing result","",0
"GALK2","retry","Missing result","",0
"GALM","retry","Missing result","",0
"GALNS","retry","Missing result","",0
"GALNT1","retry","Missing result","",0
"GALNT10","retry","Missing result","",0
"GALNT11","retry","Missing result","",0
"GALNT12","retry","Missing result","",0
"GALNT13","retry","Missing result","",0
"GALNT14","retry","Missing result","",0
"GALNT15","retry","Missing result","",0
"GALNT16","retry","Missing result","",0
"GALNT18","retry","Missing result","",0
"GALNT2","retry","Missing result","",0
"GALNT3","retry","Missing result","",0
"GALNT4","retry","Missing result","",0
"GALNT5","valid","Validated converged fits","98592ef5b18f8936fea1132184adefa6",27
"GALNT6","valid","Validated converged fits","cb6fc0c6ee918189ea186d4d60076435",27
"GALNT7","valid","Validated converged fits","18649bc89adedd2257734f0c6046561b",27
"GALNT8","valid","Validated converged fits","5ff04281dc1b48883178ab20b09dfb6d",27
"GALNT9","retry","PLINK failed for GALNT9 on chromosome 12 with exit status 127","e162cb0c6bc929b43940ff02e159eedc",0
"GALNTL5","valid","Validated converged fits","9c8a8bae451bd76822276b5fe6195082",27
"GALNTL6","valid","Validated converged fits","dcc9868f856463880315f3cac556fe98",27
"GALP","retry","Missing result","",0
"GALR1","retry","Missing result","",0
"GALR2","retry","Missing result","",0
"GALR3","retry","Missing result","",0
"GALT","retry","Missing result","",0
"GAMT","retry","Missing result","",0
"GAN","retry","Missing result","",0
"GANAB","retry","Missing result","",0
"GANC","retry","Missing result","",0
"GAP43","retry","Missing result","",0
"GAPDH","retry","Missing result","",0
"GAPDHS","retry","Missing result","",0
"GAPT","retry","Missing result","",0
"GAPVD1","retry","Missing result","",0
"GAR1","retry","Missing result","",0
"GAREM1","retry","Missing result","",0
"GAREM2","retry","Missing result","",0
"GARNL3","retry","Missing result","",0
"GART","retry","Missing result","",0
"GAS1","retry","Missing result","",0
"GAS2","retry","Missing result","",0
"GAS2L1","retry","Missing result","",0
"GAS2L2","retry","Missing result","",0
"GAS2L3","retry","Missing result","",0
"GAS6","retry","Missing result","",0
"GAS7","retry","Missing result","",0
"GAS8","retry","Missing result","",0
"GAST","retry","Missing result","",0
"GATA1","retry","Missing result","",0
"GATA2","retry","Missing result","",0
"GATA3","retry","Missing result","",0
"GATA4","retry","Missing result","",0
"GATA5","retry","Missing result","",0
"GATA6","retry","Missing result","",0
"GATAD1","retry","Missing result","",0
"GATAD2A","retry","Missing result","",0
"GATAD2B","retry","Missing result","",0
"GATB","retry","Missing result","",0
"GATC","retry","Missing result","",0
"GATM","retry","Missing result","",0
"GBA","retry","Missing result","",0
"GBA2","retry","Missing result","",0
"GBE1","retry","Missing result","",0
"GBF1","retry","Missing result","",0
"GBGT1","retry","Missing result","",0
"GBP1","retry","Missing result","",0
"GBP2","retry","Missing result","",0
"GBP3","retry","Missing result","",0
"GBP4","retry","Missing result","",0
"GBP5","retry","Missing result","",0
"GBP6","retry","Missing result","",0
"GBP7","retry","Missing result","",0
"GBX1","retry","Missing result","",0
"GBX2","retry","Missing result","",0
"GC","retry","Missing result","",0
"GCA","valid","Validated converged fits","16515ed62d5080ce70a6c64ac41d0762",27
"GCAT","valid","Validated converged fits","b449f3e81c150a4db31357143e8ff385",27
"GCC1","valid","Validated converged fits","8eae97f9d2be20442766d9d5abaf596c",27
"GCC2","valid","Validated converged fits","c8ace19e50adec6d0c0de4eecf1fa081",27
"GCDH","valid","Validated converged fits","7683698c653ca0def9fa9129373d36c2",27
"GCFC2","valid","Validated converged fits","fe87f1851557682229bbdb976eca38c2",27
"GCG","valid","Validated converged fits","7db9baa7d904a77cd924691753317e36",27
"GCGR","valid","Validated converged fits","c31ed5c4be4ac48fbe3ecf56ed381b8b",27
"GCH1","valid","Validated converged fits","e4f7600e2e20a6cc9399d1eb90f56d83",27
"GCHFR","valid","Validated converged fits","c83c9fc4e5098482c6e933b7f5b7371a",27
"GCK","valid","Validated converged fits","b6c021cb3554a53a101570926f40dd5f",27
"GCKR","valid","Validated converged fits","a6918c6a2e6f4fd2f69ff20f8feb186f",27
"GCLC","valid","Validated converged fits","60f2571652e4a523cbaa1331b19f8ab8",27
"GCLM","valid","Validated converged fits","bf703180f2d3d785cdbd181fce2ba739",27
"GCM1","valid","Validated converged fits","283873a474f9c57fc62ec698d02f979e",27
"GCM2","valid","Validated converged fits","3d79cf73dd3e54ce207750d76d2c1890",27
"GCN1","valid","Validated converged fits","e5fe7ce913c9221b504245717d3c786a",27
"GCNA","retry","PLINK failed for GCNA on chromosome X with exit status 7","4abf4393630000be7f83d406beda7fd7",0
"GCNT1","valid","Validated converged fits","a1cd06ef19049ac129f941016f29e19f",27
"GCNT2","valid","Validated converged fits","fb01ad7fe51697b52d91e23ee775360f",27
"GCNT3","valid","Validated converged fits","76ef56ed099d8ceb37ee9451e886dbb5",27
"GCNT4","valid","Validated converged fits","464831c74db6121dc8becf04d602094b",27
"GCNT7","retry","Missing result","",0
"GCSAM","retry","Missing result","",0
"GCSAML","retry","Missing result","",0
"GCSH","retry","Missing result","",0
"GDA","retry","Missing result","",0
"GDAP1","retry","Missing result","",0
"GDAP1L1","retry","Missing result","",0
"GDAP2","retry","Missing result","",0
"GDE1","retry","Missing result","",0
"GDF10","retry","Missing result","",0
"GDF11","retry","Missing result","",0
"GDF15","retry","Missing result","",0
"GDF2","retry","Missing result","",0
"GDF3","retry","Missing result","",0
"GDF5","retry","Missing result","",0
"GDF6","retry","Missing result","",0
"GDF7","retry","Missing result","",0
"GDF9","retry","Missing result","",0
"GDI1","retry","Missing result","",0
"GDI2","retry","Missing result","",0
"GDNF","retry","Missing result","",0
"GDPD1","retry","Missing result","",0
"GDPD2","retry","Missing result","",0
"GDPD3","retry","Missing result","",0
"GDPD4","retry","Missing result","",0
"GDPD5","retry","Missing result","",0
"GDPGP1","retry","Missing result","",0
"GEM","retry","Missing result","",0
"GEMIN2","retry","Missing result","",0
"GEMIN4","retry","Missing result","",0
"GEMIN5","retry","Missing result","",0
"GEMIN6","retry","Missing result","",0
"GEMIN7","retry","Missing result","",0
"GEMIN8","retry","Missing result","",0
"GEN1","retry","Missing result","",0
"GET4","retry","Missing result","",0
"GFAP","retry","Missing result","",0
"GFER","retry","Missing result","",0
"GFI1","retry","Missing result","",0
"GFI1B","retry","Missing result","",0
"GFM1","valid","Validated converged fits","79f6a817101de9a8ce0c7ee021442ccc",27
"GFM2","valid","Validated converged fits","2689714563a544f997b92b71c09d2682",27
"GFOD1","valid","Validated converged fits","0a19098467e4dee13430555699f2f335",27
"GFOD2","valid","Validated converged fits","086c2eb1fc9587c0cd27ed2383031c70",27
"GFPT1","valid","Validated converged fits","25fd2b360c99d54a41e8d304153f38eb",27
"GFPT2","valid","Validated converged fits","0e66c7042560f754c1a5c2d5c91161f1",27
"GFRA1","valid","Validated converged fits","ce46f8566fccc0484cc82e24887c0a7a",27
"GFRA2","valid","Validated converged fits","5c18f69b0f709cc28053915991497f74",27
"GFRA3","valid","Validated converged fits","f4bbcf36c28554fa834e75e31d879cb4",27
"GFRA4","valid","Validated converged fits","f61419ca16fff7d8c533fcf6f5374171",27
"GFRAL","valid","Validated converged fits","22ca12b91457691dba05910d6d734e72",27
"GFY","valid","Validated converged fits","5e540183db948b626abb3db51e35d0f8",27
"GGA1","valid","Validated converged fits","221e3590668432379814b16fd1426473",27
"GGA2","valid","Validated converged fits","d1c5f9bddbdb344fc451515864a98bb5",27
"GGA3","valid","Validated converged fits","ebe9f391f9487325d0c037ddf040f3f3",27
"GGACT","valid","Validated converged fits","89dfc3aec969ef744a8b254ae97f8b80",27
"GGCT","valid","Validated converged fits","2928d6ab1215ed8e1db0cff7dcd3ddd4",27
"GGCX","valid","Validated converged fits","6b2e71fbcdde142bd022d2ea943da6e6",27
"GGH","retry","Missing result","",0
"GGN","retry","Missing result","",0
"GGNBP2","retry","Missing result","",0
"GGPS1","retry","Missing result","",0
"GGT1","retry","Missing result","",0
"GGT2","retry","Missing result","",0
"GGT5","retry","Missing result","",0
"GGT6","retry","Missing result","",0
"GGT7","retry","Missing result","",0
"GGTLC1","retry","Missing result","",0
"GGTLC2","retry","Missing result","",0
"GGTLC3","retry","Missing result","",0
"GH1","retry","Missing result","",0
"GH2","retry","Missing result","",0
"GHDC","retry","Missing result","",0
"GHITM","retry","Missing result","",0
"GHR","retry","Missing result","",0
"GHRH","retry","Missing result","",0
"GHRHR","retry","Missing result","",0
"GHRL","retry","Missing result","",0
"GHSR","retry","Missing result","",0
"GID4","retry","Missing result","",0
"GID8","retry","Missing result","",0
"GIGYF1","retry","Missing result","",0
"GIGYF2","retry","Missing result","",0
"GIMAP1","retry","Missing result","",0
"GIMAP2","retry","Missing result","",0
"GIMAP4","retry","Missing result","",0
"GIMAP5","retry","Missing result","",0
"GIMAP6","retry","Missing result","",0
"GIMAP7","retry","Missing result","",0
"GIMAP8","retry","Missing result","",0
"GIMD1","retry","Missing result","",0
"GIN1","retry","Missing result","",0
"GINM1","retry","Missing result","",0
"GINS1","retry","Missing result","",0
"GINS2","retry","Missing result","",0
"GINS3","retry","Missing result","",0
"GINS4","retry","Missing result","",0
"GIP","retry","Missing result","",0
"GIPC1","retry","Missing result","",0
"GIPC2","retry","Missing result","",0
"GIPC3","retry","Missing result","",0
"GIPR","retry","Missing result","",0
"GIT1","valid","Validated converged fits","c6387a9c93900c0a20565c6cfac08d3c",27
"GIT2","valid","Validated converged fits","825c2fefff23d0ce60bf993d1f333e77",27
"GJA1","valid","Validated converged fits","e7a8238e240a241d24dbda1d157927dd",27
"GJA10","valid","Validated converged fits","317ed687218584e79db3a28a7d3f68d1",27
"GJA3","valid","Validated converged fits","da4786e3e7c5e1d7cf9b8dd7562d83ba",27
"GJA4","valid","Validated converged fits","d8e74e2e6d29c9a0a757f903835d3f00",27
"GJA5","valid","Validated converged fits","4a75ce294c44312021fa6ac39b1382ea",27
"GJA8","valid","Validated converged fits","92f833aa48dcb53821f88a380cec97c9",27
"GJA9","valid","Validated converged fits","ce6c2e0cdb914a3929a9e7fe5aadbfe8",27
"GJB1","retry","PLINK failed for GJB1 on chromosome X with exit status 7","f7a56acd4f1ed29a757016ed6c839f98",0
"GJB2","valid","Validated converged fits","cb75d0b87f8c87db0e96399576602fb0",27
"GJB3","valid","Validated converged fits","b54afaf754a6d7f6eba06c34f2eac489",27
"GJB4","valid","Validated converged fits","84be4398ebafefa381b8b1dc44c6bee3",27
"GJB5","valid","Validated converged fits","fec5c6aea888dc5e626d5c332211d535",27
"GJB6","valid","Validated converged fits","6bc50244beca9c9e5670ed7dd5ca86d6",27
"GJB7","valid","Validated converged fits","5a7bf49f44c8a63fef0d5fe61596aad0",27
"GJC1","valid","Validated converged fits","b034b30c26c7cdb42aa2902e8985a6f5",27
"GJC2","valid","Validated converged fits","d76a4c246ff27d7e27b59bd470cd1cc5",27
"GJC3","valid","Validated converged fits","4baf2a83c071c0da0aaefce060987c22",27
"GJD2","valid","Validated converged fits","c072e32aefac6b90b94e053c1db5da9a",27
"GJD3","valid","Validated converged fits","e85e2f6638a3e5168fbbcc8d010cc646",27
"GJD4","retry","Missing result","",0
"GJE1","retry","Missing result","",0
"GK","retry","Missing result","",0
"GK2","retry","Missing result","",0
"GK3P","retry","Missing result","",0
"GK5","retry","Missing result","",0
"GKAP1","retry","Missing result","",0
"GKN1","retry","Missing result","",0
"GKN2","retry","Missing result","",0
"GLA","retry","Missing result","",0
"GLB1","retry","Missing result","",0
"GLB1L","retry","Missing result","",0
"GLB1L2","retry","Missing result","",0
"GLB1L3","retry","Missing result","",0
"GLCCI1","retry","Missing result","",0
"GLCE","retry","Missing result","",0
"GLDC","retry","Missing result","",0
"GLDN","retry","Missing result","",0
"GLE1","retry","Missing result","",0
"GLG1","retry","Missing result","",0
"GLI1","retry","Missing result","",0
"GLI2","retry","Missing result","",0
"GLI3","retry","Missing result","",0
"GLI4","retry","Missing result","",0
"GLIPR1","retry","Missing result","",0
"GLIPR1L1","retry","Missing result","",0
"GLIPR1L2","retry","Missing result","",0
"GLIPR2","retry","Missing result","",0
"GLIS1","retry","Missing result","",0
"GLIS2","retry","Missing result","",0
"GLIS3","retry","Missing result","",0
"GLMN","retry","Missing result","",0
"GLMP","retry","Missing result","",0
"GLO1","retry","Missing result","",0
"GLOD4","retry","Missing result","",0
"GLOD5","retry","Missing result","",0
"GLP1R","retry","Missing result","",0
"GLP2R","retry","Missing result","",0
"GLRA1","retry","Missing result","",0
"GLRA2","retry","Missing result","",0
"GLRA3","retry","Missing result","",0
"GLRB","valid","Validated converged fits","bcb3e8a617d13735ba20fda6a5b66075",27
"GLRX","valid","Validated converged fits","9688a64cbda3a615f9cde8f7df9cc1d0",27
"GLRX2","valid","Validated converged fits","307088b505191a44a3dc33e5283f3d1c",27
"GLRX3","valid","Validated converged fits","88704de7f717389ca1b923339892e64f",27
"GLRX5","valid","Validated converged fits","60de53638b730f60921f29a9345e3c72",27
"GLS","valid","Validated converged fits","8134dbafad3a54a94d3f59efbca49ec2",27
"GLS2","valid","Validated converged fits","6851ea7f552de9abcffc7fab1bd60a0a",27
"GLT1D1","valid","Validated converged fits","2f91678e2a8b6170cba472b3e5d64c70",27
"GLT6D1","valid","Validated converged fits","9010536eb4fa07b295191d8af5c564a9",27
"GLT8D1","valid","Validated converged fits","c2b876d556dafedd14598b66977ca00f",27
"GLT8D2","valid","Validated converged fits","7eddf32b605e8dd8b2e4c9e92de2c3cd",27
"GLTP","valid","Validated converged fits","2aabb91ce4b1672674112e6d2907b5b1",27
"GLTPD2","valid","Validated converged fits","ee300ab52702b97ffd7ed1ad88ab7468",27
"GLUD1","valid","Validated converged fits","4ff518f51899372e5a965050f9579625",27
"GLUD2","retry","PLINK failed for GLUD2 on chromosome X with exit status 7","61e2eb44dd3833326bfb1614b561200e",0
"GLUL","valid","Validated converged fits","18317365ee755828278642401b35b125",27
"GLYAT","valid","Validated converged fits","2ffeef3326c2efcde42ab801b384e720",27
"GLYATL1","valid","Validated converged fits","49d429e02e7e081426e87c2573264f2c",27
"GLYATL2","retry","Missing result","",0
"GLYATL3","retry","Missing result","",0
"GLYCTK","retry","Missing result","",0
"GLYR1","retry","Missing result","",0
"GM2A","retry","Missing result","",0
"GMCL1","retry","Missing result","",0
"GMDS","retry","Missing result","",0
"GMEB1","retry","Missing result","",0
"GMEB2","retry","Missing result","",0
"GMFB","retry","Missing result","",0
"GMFG","retry","Missing result","",0
"GMIP","retry","Missing result","",0
"GML","retry","Missing result","",0
"GMNC","retry","Missing result","",0
"GMNN","retry","Missing result","",0
"GMPPA","retry","Missing result","",0
"GMPPB","retry","Missing result","",0
"GMPR","retry","Missing result","",0
"GMPR2","retry","Missing result","",0
"GMPS","retry","Missing result","",0
"GNA11","retry","Missing result","",0
"GNA12","retry","Missing result","",0
"GNA13","retry","Missing result","",0
"GNA14","retry","Missing result","",0
"GNA15","retry","Missing result","",0
"GNAI1","retry","Missing result","",0
"GNAI2","retry","Missing result","",0
"GNAI3","retry","Missing result","",0
"GNAL","retry","Missing result","",0
"GNAO1","retry","Missing result","",0
"GNAQ","retry","Missing result","",0
"GNAS","retry","Missing result","",0
"GNAT1","retry","Missing result","",0
"GNAT3","retry","Missing result","",0
"GNAZ","retry","Missing result","",0
"GNB1","retry","Missing result","",0
"GNB1L","retry","Missing result","",0
"GNB2","retry","Missing result","",0
"GNB3","retry","Missing result","",0
"GNB4","retry","Missing result","",0
"GNB5","retry","Missing result","",0
"GNE","retry","Missing result","",0
"GNG10","retry","Missing result","",0
"GNG11","retry","Missing result","",0
"GNG12","valid","Validated converged fits","3976be820778218f594a7edac0d7ff79",27
"GNG13","valid","Validated converged fits","0012438983babac7b2b5f608a9453771",27
"GNG2","valid","Validated converged fits","008d396260f75bb6f7db8269aa40aa72",27
"GNG3","valid","Validated converged fits","9b79e6188ad7e2eefac4ff98f0613f23",27
"GNG4","valid","Validated converged fits","585ca60b18edffc3dc8c8e3eefa8519e",27
"GNG5","valid","Validated converged fits","3df8fc03b27388286d371449f11cd40e",27
"GNG7","valid","Validated converged fits","6d3baac8e4d81ccf91be4cc5fa73a85f",27
"GNG8","valid","Validated converged fits","de4a6a2ca0d70394ced085a9491d7c2f",27
"GNGT1","valid","Validated converged fits","badaa0db98fbe58a579c86d51d2bf03a",27
"GNGT2","valid","Validated converged fits","ddd37b2cfe1886e805b32d6ca024174f",27
"GNL1","valid","Validated converged fits","618af74c5dbbc38c5f8f7076d4ebba70",27
"GNL2","valid","Validated converged fits","ff172bdd15dcb6aa3b11ed4142fea8ef",27
"GNL3","valid","Validated converged fits","ab68c4def33028785827ddbe563e9c3a",27
"GNL3L","retry","PLINK failed for GNL3L on chromosome X with exit status 7","15883492ca2e9ab411c433052ecc05fd",0
"GNLY","retry","Missing result","",0
"GNMT","retry","Missing result","",0
"GNPAT","retry","Missing result","",0
"GNPDA1","retry","Missing result","",0
"GNPDA2","retry","Missing result","",0
"GNPNAT1","retry","Missing result","",0
"GNPTAB","retry","Missing result","",0
"GNPTG","retry","Missing result","",0
"GNRH1","retry","Missing result","",0
"GNRH2","retry","Missing result","",0
"GNRHR","retry","Missing result","",0
"GNS","retry","Missing result","",0
"GOLGA1","retry","Missing result","",0
"GOLGA2","retry","Missing result","",0
"GOLGA3","retry","Missing result","",0
"GOLGA4","retry","Missing result","",0
"GOLGA5","retry","Missing result","",0
"GOLGA6A","retry","Missing result","",0
"GOLGA6B","retry","Missing result","",0
"GOLGA6C","retry","Missing result","",0
"GOLGA6D","retry","Missing result","",0
"GOLGA6L1","retry","Missing result","",0
"GOLGA6L10","retry","Missing result","",0
"GOLGA6L2","retry","Missing result","",0
"GOLGA6L22","retry","Missing result","",0
"GOLGA6L4","retry","Missing result","",0
"GOLGA6L6","retry","Missing result","",0
"GOLGA6L9","retry","Missing result","",0
"GOLGA7","retry","Missing result","",0
"GOLGA7B","retry","Missing result","",0
"GOLGA8A","retry","Missing result","",0
"GOLGA8B","retry","Missing result","",0
"GOLGA8F","retry","Missing result","",0
"GOLGA8G","retry","Missing result","",0
"GOLGA8H","retry","Missing result","",0
"GOLGA8J","retry","Missing result","",0
"GOLGA8K","retry","Missing result","",0
"GOLGA8M","retry","Missing result","",0
"GOLGA8N","retry","Missing result","",0
"GOLGA8O","retry","Missing result","",0
"GOLGA8Q","retry","Missing result","",0
"GOLGA8R","retry","Missing result","",0
"GOLGA8S","retry","Missing result","",0
"GOLGA8T","retry","Missing result","",0
"GOLGB1","retry","Missing result","",0
"GOLIM4","retry","Missing result","",0
"GOLM1","retry","Missing result","",0
"GOLPH3","retry","Missing result","",0
"GOLPH3L","valid","Validated converged fits","c9df53840fc9f37907f3794d58eed380",27
"GOLT1A","valid","Validated converged fits","acf799f83ecbd1a21a613cad11d557b8",27
"GOLT1B","valid","Validated converged fits","1a378bededd23e2b22c88f6eaf4d6839",27
"GON4L","valid","Validated converged fits","612a48b1e24b04cb0d457dbcab6e9a30",27
"GON7","valid","Validated converged fits","29ad842013058afa4be56d77d117d19b",27
"GOPC","valid","Validated converged fits","1633deae8c366b7ae275f3ef92be4d2b",27
"GORAB","valid","Validated converged fits","fd60a54d1cfb7c8dd3525b3889140385",27
"GORASP1","valid","Validated converged fits","3adcf7d54611682735e9cb7fa21cd84c",27
"GORASP2","valid","Validated converged fits","ae1923ca8291ef66ad55781af7282add",27
"GOSR1","valid","Validated converged fits","dc572ab9eb73d7f789e9820b2b64aaf7",27
"GOSR2","valid","Validated converged fits","1a13349e08b1c9d7893181ad82ce9395",27
"GOT1","valid","Validated converged fits","6e6172c201f0f403acacab82bfdeeb15",27
"GOT1L1","valid","Validated converged fits","035314191a3653fec49c455ae4fd6af4",27
"GOT2","valid","Validated converged fits","4c20c5c16f6ce4162a7413ea1c41f785",27
"GP1BA","valid","Validated converged fits","d3ff725e03e3ce6d5135b3b6ccf8532e",27
"GP2","valid","Validated converged fits","0ef1694ca962834be0590a64f41a0d5a",27
"GP5","valid","Validated converged fits","dd5252ce05cfc187933ecd948793bb6e",27
"GP6","valid","Validated converged fits","6be004d442a7b546b6d846481b9f2661",27
"GP9","retry","Missing result","",0
"GPA33","retry","Missing result","",0
"GPAA1","retry","Missing result","",0
"GPALPP1","retry","Missing result","",0
"GPAM","retry","Missing result","",0
"GPANK1","retry","Missing result","",0
"GPAT2","retry","Missing result","",0
"GPAT3","retry","Missing result","",0
"GPAT4","retry","Missing result","",0
"GPATCH1","retry","Missing result","",0
"GPATCH11","retry","Missing result","",0
"GPATCH2","retry","Missing result","",0
"GPATCH2L","retry","Missing result","",0
"GPATCH3","retry","Missing result","",0
"GPATCH4","retry","Missing result","",0
"GPATCH8","retry","Missing result","",0
"GPBAR1","retry","Missing result","",0
"GPBP1","retry","Missing result","",0
"GPBP1L1","retry","Missing result","",0
"GPC1","retry","Missing result","",0
"GPC2","retry","Missing result","",0
"GPC3","retry","Missing result","",0
"GPC4","retry","Missing result","",0
"GPC5","retry","Missing result","",0
"GPC6","retry","Missing result","",0
"GPCPD1","retry","Missing result","",0
"GPD1","retry","Missing result","",0
"GPD1L","retry","Missing result","",0
"GPD2","retry","Missing result","",0
"GPER1","retry","Missing result","",0
"GPHA2","retry","Missing result","",0
"GPHB5","retry","Missing result","",0
"GPHN","retry","Missing result","",0
"GPI","retry","Missing result","",0
"GPIHBP1","retry","Missing result","",0
"GPKOW","retry","Missing result","",0
"GPLD1","retry","Missing result","",0
"GPM6A","retry","Missing result","",0
"GPM6B","retry","Missing result","",0
"GPN1","retry","Missing result","",0
"GPN2","retry","Missing result","",0
"GPN3","retry","Missing result","",0
"GPNMB","retry","Missing result","",0
"GPR1","retry","Missing result","",0
"GPR101","retry","PLINK failed for GPR101 on chromosome X with exit status 7","b87f2f0ef55dfb0120a3056cee8ea9a3",0
"GPR107","valid","Validated converged fits","be468d87123d60d5b7add5cb9c03babf",27
"GPR108","valid","Validated converged fits","5913f6e10e9bba55e82d10cd1a2c35e6",27
"GPR119","retry","PLINK failed for GPR119 on chromosome X with exit status 7","8c5f899c05b48ce717285068ff02360c",0
"GPR12","valid","Validated converged fits","459d98610873c978a4a83727c0ee1cd1",27
"GPR132","valid","Validated converged fits","2b8e80e42672eeb4e6ae4e16d15d38b1",27
"GPR135","valid","Validated converged fits","5bf1b0a69627bceb20dc7b315151a370",27
"GPR137","valid","Validated converged fits","5fac19264096845daa66c01fa1bb456e",27
"GPR137B","valid","Validated converged fits","df81159784e57642944d1bbadf0ac5ec",27
"GPR137C","valid","Validated converged fits","e9b7cdd465dba61fcd514951b23448b1",27
"GPR139","valid","Validated converged fits","bb42d13c296194cc6cd737df92154182",27
"GPR141","valid","Validated converged fits","1cb1b3a278460e2e28f9447a6d3abd35",27
"GPR142","valid","Validated converged fits","fb66c7b2ef19d5347fe10b90305b3c89",27
"GPR143","retry","PLINK failed for GPR143 on chromosome X with exit status 7","121f044aa95d75a51c10da0b988070b6",0
"GPR146","valid","Validated converged fits","70cd5b0e1b8d586be9ddfdf083b63917",27
"GPR148","valid","Validated converged fits","cfeccbb3c1824028370ad402bd80a49c",27
"GPR149","valid","Validated converged fits","ae72cd4ce0364c03ace05fdc72b68706",27
"GPR15","valid","Validated converged fits","d8ebc67b5e8fa389b390cace1e5b75a0",27
"GPR150","retry","Missing result","",0
"GPR151","retry","Missing result","",0
"GPR152","retry","Missing result","",0
"GPR153","retry","Missing result","",0
"GPR155","retry","Missing result","",0
"GPR156","retry","Missing result","",0
"GPR157","retry","Missing result","",0
"GPR158","retry","Missing result","",0
"GPR160","retry","Missing result","",0
"GPR161","retry","Missing result","",0
"GPR162","retry","Missing result","",0
"GPR17","retry","Missing result","",0
"GPR171","retry","Missing result","",0
"GPR173","retry","Missing result","",0
"GPR174","retry","Missing result","",0
"GPR176","retry","Missing result","",0
"GPR179","retry","Missing result","",0
"GPR18","retry","Missing result","",0
"GPR180","retry","Missing result","",0
"GPR182","retry","Missing result","",0
"GPR183","retry","Missing result","",0
"GPR19","retry","Missing result","",0
"GPR20","retry","Missing result","",0
"GPR21","retry","Missing result","",0
"GPR22","retry","Missing result","",0
"GPR25","retry","Missing result","",0
"GPR26","retry","Missing result","",0
"GPR27","retry","Missing result","",0
"GPR3","retry","Missing result","",0
"GPR31","retry","Missing result","",0
"GPR32","retry","Missing result","",0
"GPR33","retry","Missing result","",0
"GPR34","retry","Missing result","",0
"GPR35","retry","Missing result","",0
"GPR37","retry","Missing result","",0
"GPR37L1","retry","Missing result","",0
"GPR39","retry","Missing result","",0
"GPR4","retry","Missing result","",0
"GPR42","retry","Missing result","",0
"GPR45","retry","Missing result","",0
"GPR50","retry","Missing result","",0
"GPR52","retry","Missing result","",0
"GPR55","retry","Missing result","",0
"GPR6","retry","Missing result","",0
"GPR61","valid","Validated converged fits","e180c856233e2e2d1305ddb58d8fe514",27
"GPR62","valid","Validated converged fits","36624f9ac2b0026f8ff06509b58df251",27
"GPR63","valid","Validated converged fits","599dd4e19b2a35a9d65b2592f04cbb3b",27
"GPR65","valid","Validated converged fits","175f18e5a3b9e0a3a075a71b64be839e",27
"GPR68","valid","Validated converged fits","06a32a7c90b4a55666386eb59a321d63",27
"GPR75","valid","Validated converged fits","9fcbc02e25795fe6dffe8db6edfa9594",27
"GPR78","valid","Validated converged fits","ad925c79bf01e62042aaf3232b9d54fb",27
"GPR82","retry","PLINK failed for GPR82 on chromosome X with exit status 7","07f578426ecbcdc09365b37fb8417734",0
"GPR83","valid","Validated converged fits","3daebc05239ef724fb3b511bb9a0371d",27
"GPR84","valid","Validated converged fits","c26781a567014c93a3e36d6c2dc6c8cc",27
"GPR85","valid","Validated converged fits","d51324f14daaa80eefa4daede016e8f2",27
"GPR87","valid","Validated converged fits","ea1d8adc8bce20fbb141b58a2cc1edb5",27
"GPR88","valid","Validated converged fits","973e174230aaa9ba78b9c4cabed0197a",27
"GPR89A","valid","Validated converged fits","c9dc8c03a2f4dbba19c9ff8246ca0ece",27
"GPR89B","valid","Validated converged fits","69dda4976b4eb4b17e4563942a18b242",27
"GPRASP1","retry","PLINK failed for GPRASP1 on chromosome X with exit status 7","50d419567f33825135e9e35ba0737816",0
"GPRASP2","retry","PLINK failed for GPRASP2 on chromosome X with exit status 7","58b9e845f9494b36a7deee0b5fc8a54a",0
"GPRC5A","valid","Validated converged fits","8a2144e025be2f43697b4ab15b27ee4c",27
"GPRC5B","valid","Validated converged fits","00a27a28db2aa59a6054c02f2d3d0cd2",27
"GPRC5C","valid","Validated converged fits","e936fbbf6decd313b39fbf7204030dfd",27
"GPRC5D","valid","Validated converged fits","ead13af3a9814ae0bf206555a973b48e",27
"GPRC6A","retry","Missing result","",0
"GPRIN1","retry","Missing result","",0
"GPRIN2","retry","Missing result","",0
"GPRIN3","retry","Missing result","",0
"GPS1","retry","Missing result","",0
"GPS2","retry","Missing result","",0
"GPSM1","retry","Missing result","",0
"GPSM2","retry","Missing result","",0
"GPSM3","retry","Missing result","",0
"GPT","retry","Missing result","",0
"GPT2","retry","Missing result","",0
"GPX1","retry","Missing result","",0
"GPX2","retry","Missing result","",0
"GPX3","retry","Missing result","",0
"GPX4","retry","Missing result","",0
"GPX5","retry","Missing result","",0
"GPX6","retry","Missing result","",0
"GPX7","retry","Missing result","",0
"GPX8","retry","Missing result","",0
"GRAMD1A","retry","Missing result","",0
"GRAMD1B","retry","Missing result","",0
"GRAMD1C","retry","Missing result","",0
"GRAMD4","retry","Missing result","",0
"GRAP","retry","Missing result","",0
"GRAP2","retry","Missing result","",0
"GRAPL","retry","Missing result","",0
"GRB10","retry","Missing result","",0
"GRB14","retry","Missing result","",0
"GRB2","retry","Missing result","",0
"GRB7","retry","Missing result","",0
"GREB1","retry","Missing result","",0
"GREB1L","retry","Missing result","",0
"GREM1","retry","Missing result","",0
"GREM2","retry","Missing result","",0
"GRHL1","retry","Missing result","",0
"GRHL2","retry","Missing result","",0
"GRHL3","retry","Missing result","",0
"GRHPR","retry","Missing result","",0
"GRIA1","retry","Missing result","",0
"GRIA2","retry","Missing result","",0
"GRIA3","retry","Missing result","",0
"GRIA4","valid","Validated converged fits","658cb0873b39af849d827c72e199a969",27
"GRID1","valid","Validated converged fits","a4beb16a7c6c097771ea0ac7105e02c7",27
"GRID2","valid","Validated converged fits","455366f3a58450b0ecee2fb60a665750",27
"GRID2IP","valid","Validated converged fits","ebbf9d1e6e0b6c31710b983a66bdea17",27
"GRIFIN","valid","Validated converged fits","36af2a5e21a6b47d12d921d34e55a541",27
"GRIK1","valid","Validated converged fits","148235f9c250a79e74d53cca03cdfccf",27
"GRIK2","valid","Validated converged fits","689d850d298783191146a0550cc540cc",27
"GRIK3","valid","Validated converged fits","285782f708f976ba5c75ef9c07962632",27
"GRIK4","valid","Validated converged fits","906b9e5503812f0946b0d23ba421a727",27
"GRIK5","valid","Validated converged fits","5bdfc01cab18da41efefbcde5fd2c1d2",27
"GRIN1","valid","Validated converged fits","21f8746f782370681812f3cb241e551a",27
"GRIN2A","valid","Validated converged fits","2a9ee10d86da17d5b5bd770881cf0136",27
"GRIN2B","valid","Validated converged fits","b5930ef9d3ad051e7f05f086cd5a67de",27
"GRIN2C","valid","Validated converged fits","0573d45e846283bc918ad5e3096841e0",27
"GRIN2D","valid","Validated converged fits","09c6187179daed8e30ee558b6d62e5f3",27
"GRIN3A","retry","Missing result","",0
"GRIN3B","retry","Missing result","",0
"GRINA","retry","Missing result","",0
"GRIP1","retry","Missing result","",0
"GRIP2","retry","Missing result","",0
"GRIPAP1","retry","Missing result","",0
"GRK1","retry","Missing result","",0
"GRK2","retry","Missing result","",0
"GRK3","retry","Missing result","",0
"GRK4","retry","Missing result","",0
"GRK5","retry","Missing result","",0
"GRK6","retry","Missing result","",0
"GRK7","retry","Missing result","",0
"GRM1","retry","Missing result","",0
"GRM2","retry","Missing result","",0
"GRM3","retry","Missing result","",0
"GRM4","retry","Missing result","",0
"GRM5","retry","Missing result","",0
"GRM6","retry","Missing result","",0
"GRM7","retry","Missing result","",0
"GRM8","retry","Missing result","",0
"GRN","retry","Missing result","",0
"GRP","retry","Missing result","",0
"GRPEL1","retry","Missing result","",0
"GRPEL2","retry","Missing result","",0
"GRPR","retry","Missing result","",0
"GRSF1","retry","Missing result","",0
"GRTP1","retry","Missing result","",0
"GRWD1","retry","Missing result","",0
"GRXCR1","retry","Missing result","",0
"GRXCR2","retry","Missing result","",0
"GSAP","retry","Missing result","",0
"GSC","retry","Missing result","",0
"GSC2","retry","Missing result","",0
"GSDMA","retry","Missing result","",0
"GSDMB","retry","Missing result","",0
"GSDMC","retry","Missing result","",0
"GSDMD","retry","Missing result","",0
"GSE1","retry","Missing result","",0
"GSG1","retry","Missing result","",0
"GSG1L","retry","Missing result","",0
"GSG1L2","retry","Missing result","",0
"GSK3A","retry","Missing result","",0
"GSK3B","retry","Missing result","",0
"GSKIP","retry","Missing result","",0
"GSN","retry","Missing result","",0
"GSPT1","retry","Missing result","",0
"GSPT2","retry","PLINK failed for GSPT2 on chromosome X with exit status 7","05923dd169e66e3d50aa044ac4f56949",0
"GSR","valid","Validated converged fits","ebe8b684e616634a26b9b17c577017c9",27
"GSS","valid","Validated converged fits","5ffa8495afa73d065f176b3b0bcc96d9",27
"GSTA1","valid","Validated converged fits","005a567536974cc34f5ace80b2459f1a",27
"GSTA2","valid","Validated converged fits","68de9b47963e20c15ecb854de66495f4",27
"GSTA3","valid","Validated converged fits","90e83268576fc99789dcdee2372bd95e",27
"GSTA4","valid","Validated converged fits","2773926f6a4ee4db1d4c5f79e95c0b49",27
"GSTA5","valid","Validated converged fits","3299b67212fc1bd0bfdfbe32ad11431a",26
"GSTCD","valid","Validated converged fits","d14e9fb57a16294db2dd032fabdb69a8",27
"GSTK1","valid","Validated converged fits","c3ebff00819fd26fce8eb9de60b76968",27
"GSTM1","valid","Validated converged fits","5051fc4422861a2298ea4e2358c6b653",27
"GSTM2","valid","Validated converged fits","11ce9426bb88e7a3ae5ddd5cd03102cd",27
"GSTM3","valid","Validated converged fits","257a2c55326adb8a721c980c42065d3f",27
"GSTM4","valid","Validated converged fits","3faabd1b5980c889a09e4ac8dbf8d686",27
"GSTM5","valid","Validated converged fits","8749758c8e850b5d747fcda9733aa597",27
"GSTO1","valid","Validated converged fits","9c54925f6852bdbf41c7f0724caa2a82",27
"GSTO2","valid","Validated converged fits","f616b27fb95016346ce37b6b6fd67823",27
"GSTP1","valid","Validated converged fits","eeb0996ea6ba717664039e8ce6f2f662",27
"GSTT2B","valid","Validated converged fits","4b6b90eb0538039ce6c9fbc7badf77fb",27
"GSTZ1","valid","Validated converged fits","e62db73671282829f0d403560db0546f",27
"GSX1","retry","Missing result","",0
"GSX2","retry","Missing result","",0
"GTDC1","retry","Missing result","",0
"GTF2A1","retry","Missing result","",0
"GTF2A1L","retry","Missing result","",0
"GTF2A2","retry","Missing result","",0
"GTF2B","retry","Missing result","",0
"GTF2E1","retry","Missing result","",0
"GTF2E2","retry","Missing result","",0
"GTF2F1","retry","Missing result","",0
"GTF2F2","retry","Missing result","",0
"GTF2H1","retry","Missing result","",0
"GTF2H2","retry","Missing result","",0
"GTF2H2C","retry","Missing result","",0
"GTF2H3","retry","Missing result","",0
"GTF2H4","retry","Missing result","",0
"GTF2H5","retry","Missing result","",0
"GTF2I","retry","Missing result","",0
"GTF2IRD1","retry","Missing result","",0
"GTF2IRD2","retry","Missing result","",0
"GTF2IRD2B","retry","Missing result","",0
"GTF3A","retry","Missing result","",0
"GTF3C1","retry","Missing result","",0
"GTF3C2","retry","Missing result","",0
"GTF3C3","retry","Missing result","",0
"GTF3C4","retry","Missing result","",0
"GTF3C5","retry","Missing result","",0
"GTF3C6","retry","Missing result","",0
"GTPBP1","retry","Missing result","",0
"GTPBP10","retry","Missing result","",0
"GTPBP2","retry","Missing result","",0
"GTPBP3","retry","Missing result","",0
"GTPBP4","retry","Missing result","",0
"GTPBP6","retry","Missing result","",0
"GTPBP8","retry","Missing result","",0
"GTSE1","retry","Missing result","",0
"GTSF1","retry","Missing result","",0
"GTSF1L","retry","Missing result","",0
"GUCA1A","retry","Missing result","",0
"GUCA1B","retry","Missing result","",0
"GUCA1C","retry","Missing result","",0
"GUCA2A","retry","Missing result","",0
"GUCA2B","valid","Validated converged fits","5b07dc62e779652c85808249bc28abd5",27
"GUCD1","valid","Validated converged fits","83a49ef936e11d2c7802479a72c8425f",27
"GUCY1A2","valid","Validated converged fits","460324316c887953902b8f45eb2a185f",27
"GUCY2C","valid","Validated converged fits","43ea9f8defd1b1dbced310cf80d9dff8",27
"GUCY2D","valid","Validated converged fits","3475b5d598d545475b5658f0329e7152",27
"GUCY2F","retry","PLINK failed for GUCY2F on chromosome X with exit status 7","b053e0325ba07c87b24012d5cdee6f57",0
"GUF1","valid","Validated converged fits","04e32de1dbd1942e6afcedca203ebb79",27
"GUK1","valid","Validated converged fits","f68e3d1d48e6f21d8151ebade3522cad",27
"GULP1","valid","Validated converged fits","f77aa302d5ae26d759f7705cf7e9a25e",27
"GUSB","valid","Validated converged fits","5c30d29d9679443c62b6195c12ded21f",27
"GXYLT1","valid","Validated converged fits","a8b1d2c3f9568963bd15f6784734fbd5",27
"GXYLT2","valid","Validated converged fits","92d7f40637c8adbf1f6b6a657fb24b0f",27
"GYG1","valid","Validated converged fits","449ab30abba94a405a8f3ab4817efc02",27
"GYG2","retry","PLINK failed for GYG2 on chromosome X with exit status 7","0ed8e35ff61081801b85a66df4fac1c3",0
"GYPA","valid","Validated converged fits","7986c4a11509d4c8262f3fa5da701767",27
"GYPB","valid","Validated converged fits","ac4eb490b8cbf301d61626d3b9b48af6",27
"GYPC","valid","Validated converged fits","50ca4f93bb81b64218baea8108a0e462",27
"GYPE","valid","Validated converged fits","19b93557eec0cbee1951e6a23728418a",27
"GYS1","valid","Validated converged fits","5f1e374a8ee93e377f9eb84c6b4843cb",27
"GYS2","valid","Validated converged fits","9d309e8f3e332078101eb98b2d53f0bf",27
"GZF1","retry","Missing result","",0
"GZMA","retry","Missing result","",0
"GZMB","retry","Missing result","",0
"GZMH","retry","Missing result","",0
"GZMK","retry","Missing result","",0
"GZMM","retry","Missing result","",0
"H6PD","retry","Missing result","",0
"HAAO","retry","Missing result","",0
"HABP2","retry","Missing result","",0
"HABP4","retry","Missing result","",0
"HACD1","retry","Missing result","",0
"HACD2","retry","Missing result","",0
"HACD3","retry","Missing result","",0
"HACD4","retry","Missing result","",0
"HACE1","retry","Missing result","",0
"HACL1","retry","Missing result","",0
"HADH","retry","Missing result","",0
"HADHA","retry","Missing result","",0
"HADHB","retry","Missing result","",0
"HAGH","retry","Missing result","",0
"HAGHL","retry","Missing result","",0
"HAL","retry","Missing result","",0
"HAMP","retry","Missing result","",0
"HAND1","retry","Missing result","",0
"HAND2","retry","Missing result","",0
"HAO1","retry","Missing result","",0
"HAO2","retry","Missing result","",0
"HAP1","retry","Missing result","",0
"HAPLN1","retry","Missing result","",0
"HAPLN2","retry","Missing result","",0
"HAPLN3","retry","Missing result","",0
"HAPLN4","retry","Missing result","",0
"HARBI1","retry","Missing result","",0
"HARS2","retry","Missing result","",0
"HAS1","retry","Missing result","",0
"HAS2","retry","Missing result","",0
"HAS3","retry","Missing result","",0
"HAT1","retry","Missing result","",0
"HAUS1","retry","Missing result","",0
"HAUS2","retry","Missing result","",0
"HAUS3","retry","Missing result","",0
"HAUS4","retry","Missing result","",0
"HAUS5","valid","Validated converged fits","c10f50fa2b6b331cfc0119f1c4e12e5f",27
"HAUS6","valid","Validated converged fits","66af271cc0a920657eb8412b52d44f83",27
"HAUS7","retry","PLINK failed for HAUS7 on chromosome X with exit status 7","b2834df2cbb3d1ae87805dfbe9261132",0
"HAUS8","valid","Validated converged fits","5892c86a7a07f5bea06d73c5fc4e54e4",27
"HAVCR1","valid","Validated converged fits","48bba8218a7df00f89b9c23294d61ff7",27
"HAVCR2","valid","Validated converged fits","ec82f18683b9e4c381e6dd7329774f96",27
"HAX1","valid","Validated converged fits","ca03535bf8ab886142fc4d067aface91",27
"HBA1","valid","Validated converged fits","80f0b2242b179d5784f4e358f42002cd",27
"HBA2","valid","Validated converged fits","6054143a515b4ed5d213a78de4cce0df",27
"HBB","valid","Validated converged fits","55cf9d99f58d5f6a26780de458e0d13e",27
"HBD","valid","Validated converged fits","aa5954942e3cf69f2e2e7cadca7e452e",27
"HBE1","valid","Validated converged fits","18f3b3de9b12bd70cbdfcd4fd1c0ed3e",27
"HBEGF","valid","Validated converged fits","231a790d608ee74833e431efab61c0cd",27
"HBG1","retry","Missing result","",0
"HBG2","retry","Missing result","",0
"HBM","retry","Missing result","",0
"HBP1","retry","Missing result","",0
"HBQ1","retry","Missing result","",0
"HBS1L","retry","Missing result","",0
"HBZ","retry","Missing result","",0
"HCAR1","retry","Missing result","",0
"HCAR2","retry","Missing result","",0
"HCAR3","retry","Missing result","",0
"HCCS","retry","Missing result","",0
"HCFC1","retry","Missing result","",0
"HCFC1R1","retry","Missing result","",0
"HCFC2","retry","Missing result","",0
"HCK","retry","Missing result","",0
"HCLS1","retry","Missing result","",0
"HCN1","retry","Missing result","",0
"HCN2","retry","Missing result","",0
"HCN3","retry","Missing result","",0
"HCN4","retry","Missing result","",0
"HCRT","retry","Missing result","",0
"HCRTR1","retry","Missing result","",0
"HCRTR2","retry","Missing result","",0
"HCST","retry","Missing result","",0
"HDAC1","retry","Missing result","",0
"HDAC10","retry","Missing result","",0
"HDAC11","retry","Missing result","",0
"HDAC2","retry","Missing result","",0
"HDAC3","retry","Missing result","",0
"HDAC4","retry","Missing result","",0
"HDAC5","retry","Missing result","",0
"HDAC6","retry","Missing result","",0
"HDAC7","retry","Missing result","",0
"HDAC8","retry","Missing result","",0
"HDAC9","retry","Missing result","",0
"HDC","retry","Missing result","",0
"HDDC2","retry","Missing result","",0
"HDDC3","retry","Missing result","",0
"HDGF","retry","Missing result","",0
"HDGFL1","retry","Missing result","",0
"HDHD2","retry","Missing result","",0
"HDHD3","retry","Missing result","",0
"HDHD5","retry","Missing result","",0
"HDLBP","retry","Missing result","",0
"HDX","retry","Missing result","",0
"HEATR1","retry","Missing result","",0
"HEATR3","retry","Missing result","",0
"HEATR4","retry","Missing result","",0
"HEATR5A","retry","Missing result","",0
"HEATR5B","valid","Validated converged fits","310b75d36cf690588468ff3f7f2c60fc",27
"HEATR6","valid","Validated converged fits","49235f0ad034a523631595c6a2d28152",27
"HEATR9","valid","Validated converged fits","57618ef2761c280e9854902d0fc3c4ab",27
"HEBP1","valid","Validated converged fits","17b46e38da87acd13ce0317fe94a51c7",27
"HEBP2","valid","Validated converged fits","cbad6296db1383bb4f6abfce8e872cbf",27
"HECA","valid","Validated converged fits","a6ed6aa95dbcf3a978661c72593e917c",27
"HECTD1","valid","Validated converged fits","fc88829e9d1197de8b13ebc992782c39",27
"HECTD2","valid","Validated converged fits","e11a31b9560432b877f64cf007c8f857",27
"HECTD3","valid","Validated converged fits","6c3ea49820330870cdb52f0a61420a42",27
"HECTD4","valid","Validated converged fits","65e76566c53a85cb80b24120141590b8",27
"HECW1","valid","Validated converged fits","cde2ca2172a50ec0cb88f330c6231799",27
"HECW2","valid","Validated converged fits","2afb108bb685794bc82dbf74713f62ea",27
"HEG1","valid","Validated converged fits","1fd0a15ae840cccc263c04dfc530d790",27
"HELB","valid","Validated converged fits","c1a3d032244d189e59c140887cd47471",27
"HELLS","valid","Validated converged fits","2923777ff8a6a85716048662b21c0b4c",27
"HELQ","valid","Validated converged fits","0a32f6b3805fc6c148497038c4ce7ced",27
"HELT","valid","Validated converged fits","2dab24dfa820077acfc8014b8451afb2",27
"HELZ","retry","Missing result","",0
"HELZ2","retry","Missing result","",0
"HEMGN","retry","Missing result","",0
"HEMK1","retry","Missing result","",0
"HENMT1","retry","Missing result","",0
"HEPACAM","retry","Missing result","",0
"HEPACAM2","retry","Missing result","",0
"HEPH","retry","Missing result","",0
"HEPHL1","retry","Missing result","",0
"HERC1","retry","Missing result","",0
"HERC2","retry","Missing result","",0
"HERC3","retry","Missing result","",0
"HERC4","retry","Missing result","",0
"HERC5","retry","Missing result","",0
"HERC6","retry","Missing result","",0
"HERPUD1","retry","Missing result","",0
"HERPUD2","retry","Missing result","",0
"HES1","retry","Missing result","",0
"HES2","retry","Missing result","",0
"HES3","retry","Missing result","",0
"HES4","retry","Missing result","",0
"HES5","retry","Missing result","",0
"HES6","retry","Missing result","",0
"HES7","retry","Missing result","",0
"HESX1","retry","Missing result","",0
"HEXA","retry","Missing result","",0
"HEXB","retry","Missing result","",0
"HEXIM1","retry","Missing result","",0
"HEXIM2","retry","Missing result","",0
"HEY1","retry","Missing result","",0
"HEY2","retry","Missing result","",0
"HEYL","retry","Missing result","",0
"HFE","retry","Missing result","",0
"HFM1","retry","Missing result","",0
"HGD","retry","Missing result","",0
"HGF","retry","Missing result","",0
"HGFAC","retry","Missing result","",0
"HGH1","retry","Missing result","",0
"HGS","retry","Missing result","",0
"HGSNAT","retry","Missing result","",0
"HHAT","retry","Missing result","",0
"HHATL","retry","Missing result","",0
"HHEX","retry","Missing result","",0
"HHIP","retry","Missing result","",0
"HHIPL1","retry","Missing result","",0
"HHIPL2","valid","Validated converged fits","d06babc89c742b04532fa1d7e98a6b5b",27
"HHLA1","valid","Validated converged fits","aabc0bb8e1f3d73f863c4dce5a1ecb0d",27
"HHLA2","valid","Validated converged fits","b8c559624834be854969323572831292",27
"HIBADH","valid","Validated converged fits","226d1f5633f03894db1359dbfe4fe572",27
"HIBCH","valid","Validated converged fits","dfdb0caeee283cb81c08fc04cd46e728",27
"HIC1","valid","Validated converged fits","0d2b6fe812eb094047a782278fb5c523",27
"HIC2","valid","Validated converged fits","448a640a8bbdecc8de515338097746b3",27
"HID1","valid","Validated converged fits","05aa63deaccf0c371c9675644c86dcd9",27
"HIF1A","valid","Validated converged fits","f21db298f1bd4d051c30d5ff2ae84900",27
"HIF1AN","valid","Validated converged fits","3ce632a365f834fc51e5bd392d2840b0",27
"HIF3A","valid","Validated converged fits","f3aea24b73ff7c05237bfdad1d40c458",27
"HIGD1A","valid","Validated converged fits","834949a9fc71b3ff5ea8270493ba7280",27
"HIGD1B","valid","Validated converged fits","c3ad85eecf1d8233379916b95418ecdd",27
"HIGD1C","valid","Validated converged fits","9c97de04d7fe6ac885c4595c1ee78315",27
"HIGD2A","valid","Validated converged fits","61ed6c53a04a84ecfb9f73b80dacbee3",27
"HIGD2B","valid","Validated converged fits","d05df93f9412a534d000114bd5cb19c7",27
"HIKESHI","valid","Validated converged fits","c6be93f4bf7ac868f0bb8aa180b544c5",27
"HILPDA","valid","Validated converged fits","144af3e1a1b7921e99d2ee3b43b9a253",27
"HINFP","retry","Missing result","",0
"HINT1","retry","Missing result","",0
"HINT2","retry","Missing result","",0
"HINT3","retry","Missing result","",0
"HIP1","retry","Missing result","",0
"HIP1R","retry","Missing result","",0
"HIPK1","retry","Missing result","",0
"HIPK2","retry","Missing result","",0
"HIPK3","retry","Missing result","",0
"HIPK4","retry","Missing result","",0
"HIRA","retry","Missing result","",0
"HIRIP3","retry","Missing result","",0
"HIVEP1","retry","Missing result","",0
"HIVEP2","retry","Missing result","",0
"HIVEP3","retry","Missing result","",0
"HJURP","retry","Missing result","",0
"HK1","retry","Missing result","",0
"HK2","retry","Missing result","",0
"HK3","retry","Missing result","",0
"HKDC1","retry","Missing result","",0
"HLA-A","retry","Missing result","",0
"HLA-B","retry","Missing result","",0
"HLA-C","retry","Missing result","",0
"HLA-DMA","retry","Missing result","",0
"HLA-DMB","retry","Missing result","",0
"HLA-DOA","retry","Missing result","",0
"HLA-DOB","retry","Missing result","",0
"HLA-DPA1","retry","Missing result","",0
"HLA-DPB1","retry","Missing result","",0
"HLA-DQA1","retry","Missing result","",0
"HLA-DQA2","retry","Missing result","",0
"HLA-DQB1","retry","Missing result","",0
"HLA-DQB2","retry","Missing result","",0
"HLA-DRA","retry","Missing result","",0
"HLA-DRB1","retry","Missing result","",0
"HLA-DRB5","retry","Missing result","",0
"HLA-E","retry","Missing result","",0
"HLA-F","retry","Missing result","",0
"HLA-G","retry","Missing result","",0
"HLCS","retry","Missing result","",0
"HLF","retry","Missing result","",0
"HLTF","retry","Missing result","",0
"HLX","retry","Missing result","",0
"HM13","retry","Missing result","",0
"HMBOX1","valid","Validated converged fits","dde7734a6ed1c3e4086ecff91a15c701",27
"HMBS","valid","Validated converged fits","44cb110bcb922aba4c05e45c87789de8",27
"HMCES","valid","Validated converged fits","4474ea65c5b7c825aa248d158956f76d",27
"HMCN1","valid","Validated converged fits","7b51fd52bd00bead38e15fe190a7ed36",27
"HMCN2","valid","Validated converged fits","7e6f6d474467b8c475f31a8d8a9feeec",27
"HMG20A","valid","Validated converged fits","a05e74f7e9e472305852475b70c44090",27
"HMG20B","valid","Validated converged fits","6564acaabd40e3c89643a8606716c3fd",27
"HMGA1","valid","Validated converged fits","064dccefd93ac1ca0f4b5111b0aa7e2a",27
"HMGA2","valid","Validated converged fits","4a24932b4ae36a2acbc3ac68407434ce",27
"HMGB1","valid","Validated converged fits","3c375707c87a53be196e65d8b7774319",27
"HMGB2","valid","Validated converged fits","542094ae8c3bfa24d20116d1f6bf40a3",27
"HMGB3","retry","PLINK failed for HMGB3 on chromosome X with exit status 7","0487e6fd442390c57d7333ca030a036a",0
"HMGB4","valid","Validated converged fits","9f5a89355b7ab508156e8f5c42dffd01",27
"HMGCL","valid","Validated converged fits","05273eb4e1a7a2d59c6b3e129bb75ffb",27
"HMGCLL1","valid","Validated converged fits","df46e423625eb258e60af50857d105a0",27
"HMGCR","valid","Validated converged fits","5dc208521dc712fd049f2527c912bf0e",27
"HMGCS1","valid","Validated converged fits","fe5f85e8a98a5bc3eb1d80ba7b92e4b6",27
"HMGCS2","valid","Validated converged fits","9cd6723c17ac4c002c750c64c32bd713",27
"HMGN1","retry","Missing result","",0
"HMGN2","retry","Missing result","",0
"HMGN3","retry","Missing result","",0
"HMGN4","retry","Missing result","",0
"HMGN5","retry","Missing result","",0
"HMGXB3","retry","Missing result","",0
"HMGXB4","retry","Missing result","",0
"HMHB1","retry","Missing result","",0
"HMMR","retry","Missing result","",0
"HMOX1","retry","Missing result","",0
"HMOX2","retry","Missing result","",0
"HMSD","retry","Missing result","",0
"HMX1","retry","Missing result","",0
"HMX2","retry","Missing result","",0
"HMX3","retry","Missing result","",0
"HNF1A","retry","Missing result","",0
"HNF1B","retry","Missing result","",0
"HNF4A","retry","Missing result","",0
"HNF4G","retry","Missing result","",0
"HNMT","retry","Missing result","",0
"HNRNPA0","retry","Missing result","",0
"HNRNPA1","retry","Missing result","",0
"HNRNPA1L2","retry","Missing result","",0
"HNRNPA1P48","retry","Missing result","",0
"HNRNPA2B1","retry","Missing result","",0
"HNRNPA3","retry","Missing result","",0
"HNRNPAB","retry","Missing result","",0
"HNRNPC","retry","Missing result","",0
"HNRNPCL1","retry","Missing result","",0
"HNRNPCL2","retry","Missing result","",0
"HNRNPCL3","retry","Missing result","",0
"HNRNPCL4","retry","Missing result","",0
"HNRNPD","retry","Missing result","",0
"HNRNPDL","retry","Missing result","",0
"HNRNPF","retry","Missing result","",0
"HNRNPH1","retry","Missing result","",0
"HNRNPH2","retry","Missing result","",0
"HNRNPH3","retry","Missing result","",0
"HNRNPK","retry","Missing result","",0
"HNRNPL","retry","Missing result","",0
"HNRNPLL","retry","Missing result","",0
"HNRNPM","retry","Missing result","",0
"HNRNPR","retry","Missing result","",0
"HNRNPU","retry","Missing result","",0
"HNRNPUL1","valid","Validated converged fits","abb870a37def740203cbc8fdd3326a4e",27
"HNRNPUL2","valid","Validated converged fits","34d2c40c40e96f47447380c1f41b3ebd",27
"HOGA1","valid","Validated converged fits","ecf8705813e46f16bcb3c31ba5d3e6c1",27
"HOMER1","valid","Validated converged fits","bc6df6a8e0f7810e44090cac005c64d4",27
"HOMER2","valid","Validated converged fits","431f7c7ee87de436ee86fcb7bfe2e5ea",27
"HOMER3","valid","Validated converged fits","1ed109c8818ef2d0e8eb0319e6d830dd",27
"HOMEZ","valid","Validated converged fits","c2a199c17e6ffa09d995248245d30e60",27
"HOOK1","valid","Validated converged fits","7e714a762cc367f17dcf0bf45d24ab59",27
"HOOK2","valid","Validated converged fits","2036ab71e472a190830e04427f1e96ac",27
"HOOK3","valid","Validated converged fits","d33a8956cbae9fa9a370e2c78c86104a",27
"HOPX","valid","Validated converged fits","966ccf4fccef71a829abca4fcb91a3f1",27
"HORMAD1","valid","Validated converged fits","4e2fd14f347cd01e0ee339b9d01fe1f1",27
"HORMAD2","valid","Validated converged fits","5663fde2f9cbaabe1c7288d875f97d3f",27
"HOXA1","valid","Validated converged fits","eb7cf2d69b64172011b0a32bcb99ffce",27
"HOXA10","valid","Validated converged fits","d0106ba71bdd85d7ed7c1a58887476c5",27
"HOXA11","valid","Validated converged fits","95e45d052cd3f99dbdec14b668710bc3",27
"HOXA13","valid","Validated converged fits","008dda97e799065733061c29fc1ac55b",27
"HOXA2","retry","Missing result","",0
"HOXA3","retry","Missing result","",0
"HOXA4","retry","Missing result","",0
"HOXA5","retry","Missing result","",0
"HOXA6","retry","Missing result","",0
"HOXA7","retry","Missing result","",0
"HOXA9","retry","Missing result","",0
"HOXB1","retry","Missing result","",0
"HOXB13","retry","Missing result","",0
"HOXB2","retry","Missing result","",0
"HOXB3","retry","Missing result","",0
"HOXB4","retry","Missing result","",0
"HOXB5","retry","Missing result","",0
"HOXB6","retry","Missing result","",0
"HOXB7","retry","Missing result","",0
"HOXB8","retry","Missing result","",0
"HOXB9","retry","Missing result","",0
"HOXC10","retry","Missing result","",0
"HOXC11","retry","Missing result","",0
"HOXC12","retry","Missing result","",0
"HOXC13","retry","Missing result","",0
"HOXC4","retry","Missing result","",0
"HOXC5","retry","Missing result","",0
"HOXC6","retry","Missing result","",0
"HOXC8","retry","Missing result","",0
"HOXC9","retry","Missing result","",0
"HOXD1","retry","Missing result","",0
"HOXD10","retry","Missing result","",0
"HOXD11","retry","Missing result","",0
"HOXD12","retry","Missing result","",0
"HOXD13","retry","Missing result","",0
"HOXD3","retry","Missing result","",0
"HOXD4","retry","Missing result","",0
"HOXD8","retry","Missing result","",0
"HOXD9","retry","Missing result","",0
"HP","retry","Missing result","",0
"HP1BP3","retry","Missing result","",0
"HPCA","retry","Missing result","",0
"HPCAL1","retry","Missing result","",0
"HPCAL4","retry","Missing result","",0
"HPD","retry","Missing result","",0
"HPDL","retry","Missing result","",0
"HPF1","retry","Missing result","",0
"HPGD","retry","Missing result","",0
"HPGDS","retry","Missing result","",0
"HPN","valid","Validated converged fits","2478be5c3fdb473adce3bf7e359cda19",27
"HPR","valid","Validated converged fits","fb7811c78db73f19e3cbeac5ad6a6e17",27
"HPRT1","retry","PLINK failed for HPRT1 on chromosome X with exit status 7","d1884f50cc7049bb174fedf412d9c1d2",0
"HPS1","valid","Validated converged fits","eabd52645ca845963909a8bdcd957f9f",27
"HPS3","valid","Validated converged fits","42ae9544e37bd41258159845b9667dc9",27
"HPS4","valid","Validated converged fits","409141063c9d2e7da6ea29930d743c90",27
"HPS5","valid","Validated converged fits","73d6c07062fff7f201105dfafa39955a",27
"HPS6","valid","Validated converged fits","196bfd3608a3953dd0ba41784a15fd5e",27
"HPSE","valid","Validated converged fits","8bfe615ce0ba10a5ad4bf0160faecd14",27
"HPSE2","valid","Validated converged fits","246fcf3d4a78ea19e2b2f604f67aa299",27
"HPX","valid","Validated converged fits","0225a13807f992cf5b716ca576a54d97",27
"HR","valid","Validated converged fits","3199076ab623a96522257d08841f8393",27
"HRAS","valid","Validated converged fits","24a8e70f0e9bd9030cf85296c3990d4f",27
"HRC","valid","Validated converged fits","2cce372fd667d33785b90c4ae7be5542",27
"HRCT1","valid","Validated converged fits","28c77bc6b7aac28f22f688cf5be2a987",27
"HRG","valid","Validated converged fits","8f99034c1abe9624cb9b8f8810507166",27
"HRH1","valid","Validated converged fits","c00dde784b8c37d4745bc33a8ee1f00e",27
"HRH2","valid","Validated converged fits","cfb4076382dd767f562bed759024e569",27
"HRH3","valid","Validated converged fits","a7b147619988210b20ee6c796866705d",27
"HRH4","retry","Missing result","",0
"HRK","retry","Missing result","",0
"HRNR","retry","Missing result","",0
"HS1BP3","retry","Missing result","",0
"HS2ST1","retry","Missing result","",0
"HS3ST1","retry","Missing result","",0
"HS3ST2","retry","Missing result","",0
"HS3ST3A1","retry","Missing result","",0
"HS3ST3B1","retry","Missing result","",0
"HS3ST4","retry","Missing result","",0
"HS3ST5","retry","Missing result","",0
"HS3ST6","retry","Missing result","",0
"HS6ST1","retry","Missing result","",0
"HS6ST2","retry","Missing result","",0
"HS6ST3","retry","Missing result","",0
"HSBP1","retry","Missing result","",0
"HSBP1L1","retry","Missing result","",0
"HSCB","retry","Missing result","",0
"HSD11B1","retry","Missing result","",0
"HSD11B1L","retry","Missing result","",0
"HSD11B2","retry","Missing result","",0
"HSD17B1","retry","Missing result","",0
"HSD17B10","retry","Missing result","",0
"HSD17B11","retry","Missing result","",0
"HSD17B12","retry","Missing result","",0
"HSD17B13","retry","Missing result","",0
"HSD17B14","retry","Missing result","",0
"HSD17B2","retry","Missing result","",0
"HSD17B3","retry","Missing result","",0
"HSD17B4","retry","Missing result","",0
"HSD17B6","retry","Missing result","",0
"HSD17B7","retry","Missing result","",0
"HSD17B8","retry","Missing result","",0
"HSD3B1","retry","Missing result","",0
"HSD3B2","retry","Missing result","",0
"HSD3B7","retry","Missing result","",0
"HSDL1","retry","Missing result","",0
"HSDL2","retry","Missing result","",0
"HSF1","retry","Missing result","",0
"HSF2","retry","Missing result","",0
"HSF2BP","retry","Missing result","",0
"HSF4","retry","Missing result","",0
"HSF5","retry","Missing result","",0
"HSFX1","retry","PLINK failed for HSFX1 on chromosome X with exit status 7","405a8e83498e8860e141cdd1a7a9002d",0
"HSFX2","retry","PLINK failed for HSFX2 on chromosome X with exit status 7","fc2e6e5e33cd2343ac41be9653c11c40",0
"HSFY1","retry","PLINK failed for HSFY1 on chromosome Y with exit status 7","cbe16785c4095283f73b83616f225505",0
"HSFY2","retry","PLINK failed for HSFY2 on chromosome Y with exit status 7","f108de9d115a5139047ec3b640fa6fbb",0
"HSH2D","valid","Validated converged fits","1b12a4cc19b6ec8c4552734c5b4005c2",27
"HSP90AA1","valid","Validated converged fits","9fdcceaa167bf0dd372d530fbc8862fc",27
"HSP90AB1","valid","Validated converged fits","3e030abcba93ce0d2d1436d4924bc6fa",27
"HSP90B1","valid","Validated converged fits","01957b26604d15d490a255974fb22842",27
"HSPA12A","valid","Validated converged fits","20753757f78387e9812f3811d6075522",27
"HSPA12B","valid","Validated converged fits","d83e1ba77f841ef6c5e3bb4d933e5c58",27
"HSPA13","valid","Validated converged fits","89699a2125f25ebfdc5bf8f64bd0792c",27
"HSPA14","valid","Validated converged fits","17b6624c8045c8f373c7b929f5b34d67",27
"HSPA1A","valid","Validated converged fits","69bf0232370baec613e3a11893d1044e",27
"HSPA1B","valid","Validated converged fits","25f2273afe090149bba57c061734a20e",27
"HSPA1L","retry","Missing result","",0
"HSPA2","retry","Missing result","",0
"HSPA4","retry","Missing result","",0
"HSPA4L","retry","Missing result","",0
"HSPA5","retry","Missing result","",0
"HSPA6","retry","Missing result","",0
"HSPA8","retry","Missing result","",0
"HSPA9","retry","Missing result","",0
"HSPB1","retry","Missing result","",0
"HSPB11","retry","Missing result","",0
"HSPB2","retry","Missing result","",0
"HSPB3","retry","Missing result","",0
"HSPB6","retry","Missing result","",0
"HSPB7","retry","Missing result","",0
"HSPB8","retry","Missing result","",0
"HSPB9","retry","Missing result","",0
"HSPBAP1","retry","Missing result","",0
"HSPBP1","retry","Missing result","",0
"HSPD1","retry","Missing result","",0
"HSPE1","retry","Missing result","",0
"HSPG2","retry","Missing result","",0
"HSPH1","retry","Missing result","",0
"HTATIP2","retry","Missing result","",0
"HTATSF1","retry","Missing result","",0
"HTN1","retry","Missing result","",0
"HTN3","retry","Missing result","",0
"HTR1A","retry","Missing result","",0
"HTR1B","retry","Missing result","",0
"HTR1D","retry","Missing result","",0
"HTR1E","retry","Missing result","",0
"HTR1F","retry","Missing result","",0
"HTR2A","retry","Missing result","",0
"HTR2B","retry","Missing result","",0
"HTR2C","retry","Missing result","",0
"HTR3A","retry","Missing result","",0
"HTR3B","retry","Missing result","",0
"HTR3C","retry","Missing result","",0
"HTR3D","retry","Missing result","",0
"HTR3E","retry","Missing result","",0
"HTR4","retry","Missing result","",0
"HTR5A","retry","Missing result","",0
"HTR6","retry","Missing result","",0
"HTR7","retry","Missing result","",0
"HTRA1","retry","Missing result","",0
"HTRA2","retry","Missing result","",0
"HTRA3","retry","Missing result","",0
"HTRA4","retry","Missing result","",0
"HTT","retry","Missing result","",0
"HUNK","valid","Validated converged fits","57abf1265a91d684abb5f9ac0dc28fce",27
"HUS1","valid","Validated converged fits","70ce271bef3ed355c5e050b4d33ebf69",27
"HUS1B","valid","Validated converged fits","e8f99e961df1d04eb72b3e9973adb5fc",27
"HUWE1","retry","PLINK failed for HUWE1 on chromosome X with exit status 7","40dad554dd63a98f1f463e44364d560d",0
"HVCN1","valid","Validated converged fits","7c40bc04f0e883a5dcd355ac58d41a40",27
"HYAL1","valid","Validated converged fits","96a67368c566b9a5cf2b2a9528fbdb23",27
"HYAL2","valid","Validated converged fits","0b69f600055e9f01ab2244c56d6f4637",27
"HYAL3","valid","Validated converged fits","5999280912b7807f6545da3939b755f9",27
"HYAL4","valid","Validated converged fits","bd26a3f386680df82aee70a25684c6cc",27
"HYDIN","valid","Validated converged fits","c7cfef517d18f7f7f985fd1f050fd7e0",27
"HYKK","valid","Validated converged fits","ca8178b599a21e84eb7b79bf43d5dd55",27
"HYLS1","valid","Validated converged fits","9a618415b776b50dc642e90695aebdd0",27
"HYOU1","valid","Validated converged fits","8199e294abbdcacd2032a4d1e752c11a",27
"HYPK","valid","Validated converged fits","17754ce2718e33abdfc7b8c1fc51ebc9",27
"IAH1","valid","Validated converged fits","dc941d77920a697dc03fcf127830e018",27
"IAPP","valid","Validated converged fits","11dcd8fffde5681cf82391c46e08c1b3",27
"IARS2","valid","Validated converged fits","88888b500be85ea5dad21ec7feedafe9",27
"IBA57","valid","Validated converged fits","c6e66c93c7ccbec650a849220de56ec8",27
"IBSP","valid","Validated converged fits","aa20d80a3b784e06c3bdd14fac440c48",27
"IBTK","retry","Missing result","",0
"ICA1","retry","Missing result","",0
"ICA1L","retry","Missing result","",0
"ICAM1","retry","Missing result","",0
"ICAM2","retry","Missing result","",0
"ICAM3","retry","Missing result","",0
"ICAM5","retry","Missing result","",0
"ICE1","retry","Missing result","",0
"ICE2","retry","Missing result","",0
"ICMT","retry","Missing result","",0
"ICOS","retry","Missing result","",0
"ICOSLG","retry","Missing result","",0
"ID1","retry","Missing result","",0
"ID2","retry","Missing result","",0
"ID3","retry","Missing result","",0
"ID4","retry","Missing result","",0
"IDE","retry","Missing result","",0
"IDH1","retry","Missing result","",0
"IDH2","retry","Missing result","",0
"IDH3A","retry","Missing result","",0
"IDH3B","retry","Missing result","",0
"IDH3G","retry","Missing result","",0
"IDI1","retry","Missing result","",0
"IDI2","retry","Missing result","",0
"IDNK","retry","Missing result","",0
"IDO1","retry","Missing result","",0
"IDO2","retry","Missing result","",0
"IDS","retry","Missing result","",0
"IDUA","retry","Missing result","",0
"IER2","retry","Missing result","",0
"IER3","retry","Missing result","",0
"IER3IP1","retry","Missing result","",0
"IER5","retry","Missing result","",0
"IER5L","retry","Missing result","",0
"IFFO1","retry","Missing result","",0
"IFFO2","retry","Missing result","",0
"IFI16","retry","Missing result","",0
"IFI27","retry","Missing result","",0
"IFI27L1","retry","Missing result","",0
"IFI27L2","retry","Missing result","",0
"IFI30","retry","Missing result","",0
"IFI35","retry","Missing result","",0
"IFI44","retry","Missing result","",0
"IFI44L","valid","Validated converged fits","b5033c22e2f34f936a3e13db1a7eed88",27
"IFI6","valid","Validated converged fits","ef305e54a589fc8310cab55941f2baf9",27
"IFIH1","valid","Validated converged fits","713c2d7f324912933be42de373c28002",27
"IFIT1","valid","Validated converged fits","40af46feefc63486f3ea5ca42a838e5b",27
"IFIT1B","valid","Validated converged fits","4b18b369d1f576ae0b0bf12cdd499217",27
"IFIT2","valid","Validated converged fits","6acb1d390a7aeb7383bfb3e421456f58",27
"IFIT3","valid","Validated converged fits","46f3db5f9385cae365a201d168cc9e0c",27
"IFIT5","valid","Validated converged fits","cec1776b8a236e446c12e19b19777b80",27
"IFITM1","valid","Validated converged fits","6b41e832a8b0d8c00540acc7e01059f1",27
"IFITM10","valid","Validated converged fits","f78e4fd07613ec87e0ce7338b463847c",27
"IFITM2","valid","Validated converged fits","256060b55d6f3b6ad81d0506d94f95c1",27
"IFITM3","valid","Validated converged fits","9a6c80862ab5d0bf1a5bfa70a520338d",27
"IFITM5","valid","Validated converged fits","e70aa8df8607dd3552f5d7696a21ea82",27
"IFNA1","valid","Validated converged fits","75e889f5c7ea547da7033a1dc0bcc7bb",27
"IFNA10","valid","Validated converged fits","b5a6a1c01c9d07d82d0acafe06871a0e",26
"IFNA13","valid","Validated converged fits","f4b089887ff2df96cf29e2bf450d1c35",25
"IFNA14","retry","Missing result","",0
"IFNA16","retry","Missing result","",0
"IFNA17","retry","Missing result","",0
"IFNA2","retry","Missing result","",0
"IFNA21","retry","Missing result","",0
"IFNA4","retry","Missing result","",0
"IFNA5","retry","Missing result","",0
"IFNA6","retry","Missing result","",0
"IFNA7","retry","Missing result","",0
"IFNA8","retry","Missing result","",0
"IFNAR1","retry","Missing result","",0
"IFNAR2","retry","Missing result","",0
"IFNB1","retry","Missing result","",0
"IFNE","retry","Missing result","",0
"IFNG","retry","Missing result","",0
"IFNGR1","retry","Missing result","",0
"IFNGR2","retry","Missing result","",0
"IFNK","retry","Missing result","",0
"IFNL1","retry","Missing result","",0
"IFNL2","retry","Missing result","",0
"IFNL3","retry","Missing result","",0
"IFNLR1","retry","Missing result","",0
"IFNW1","retry","Missing result","",0
"IFRD1","retry","Missing result","",0
"IFRD2","retry","Missing result","",0
"IFT122","retry","Missing result","",0
"IFT140","retry","Missing result","",0
"IFT172","retry","Missing result","",0
"IFT20","retry","Missing result","",0
"IFT22","retry","Missing result","",0
"IFT27","retry","Missing result","",0
"IFT43","retry","Missing result","",0
"IFT46","retry","Missing result","",0
"IFT52","retry","Missing result","",0
"IFT57","retry","Missing result","",0
"IFT74","retry","Missing result","",0
"IFT80","retry","Missing result","",0
"IFT81","retry","Missing result","",0
"IFT88","retry","Missing result","",0
"IGBP1","retry","Missing result","",0
"IGDCC3","retry","Missing result","",0
"IGDCC4","retry","Missing result","",0
"IGF1","retry","Missing result","",0
"IGF1R","retry","Missing result","",0
"IGF2","retry","Missing result","",0
"IGF2BP1","retry","Missing result","",0
"IGF2BP2","valid","Validated converged fits","341c54ebfd72f7f34444e2a32deda4e2",27
"IGF2BP3","valid","Validated converged fits","85e8db796a681153cbf9b204d949714e",27
"IGF2R","valid","Validated converged fits","9ff4b9d9a9b42da0c5900b41113d1435",27
"IGFALS","valid","Validated converged fits","160e082b643e846f91cd374a39a677bc",27
"IGFBP1","valid","Validated converged fits","9492a7fde05aeee4674289532c023df9",27
"IGFBP2","valid","Validated converged fits","228befcff4cd24c32378b84495f76d91",27
"IGFBP3","valid","Validated converged fits","353adaf8dc6c4c73eb7dcb605b9bff8f",27
"IGFBP4","valid","Validated converged fits","1455d984c9b96ad95037359035ac93b1",27
"IGFBP5","valid","Validated converged fits","399d6d501e346d1364b65d1b7d1f0d05",27
"IGFBP6","valid","Validated converged fits","aef22bb7b14daeb6fecf990e825f09fe",27
"IGFBP7","valid","Validated converged fits","d82d4008d2d1f685a8dcfc4d94074684",27
"IGFBPL1","valid","Validated converged fits","133789d287aa580f9f7cece42d114d6a",27
"IGFL1","valid","Validated converged fits","abc2ca9f15dd2c0e11d438963aa03da9",27
"IGFL2","valid","Validated converged fits","6ba6b7877e934c01f21f891ed68e7511",27
"IGFL3","valid","Validated converged fits","83fe0b6011b139264af7e56175159ad7",27
"IGFL4","retry","Missing result","",0
"IGFLR1","retry","Missing result","",0
"IGFN1","retry","Missing result","",0
"IGHMBP2","retry","Missing result","",0
"IGIP","retry","Missing result","",0
"IGLL1","retry","Missing result","",0
"IGLON5","retry","Missing result","",0
"IGSF1","retry","Missing result","",0
"IGSF10","retry","Missing result","",0
"IGSF11","retry","Missing result","",0
"IGSF21","retry","Missing result","",0
"IGSF22","retry","Missing result","",0
"IGSF23","retry","Missing result","",0
"IGSF3","retry","Missing result","",0
"IGSF5","retry","Missing result","",0
"IGSF6","retry","Missing result","",0
"IGSF8","retry","Missing result","",0
"IGSF9","retry","Missing result","",0
"IGSF9B","retry","Missing result","",0
"IHH","retry","Missing result","",0
"IK","retry","Missing result","",0
"IKBIP","retry","Missing result","",0
"IKBKB","retry","Missing result","",0
"IKBKE","retry","Missing result","",0
"IKBKG","retry","Missing result","",0
"IKZF1","retry","Missing result","",0
"IKZF2","retry","Missing result","",0
"IKZF3","retry","Missing result","",0
"IKZF4","retry","Missing result","",0
"IKZF5","retry","Missing result","",0
"IL10","retry","Missing result","",0
"IL10RA","retry","Missing result","",0
"IL10RB","retry","Missing result","",0
"IL11","retry","Missing result","",0
"IL11RA","retry","Missing result","",0
"IL12A","retry","Missing result","",0
"IL12B","retry","Missing result","",0
"IL12RB1","retry","Missing result","",0
"IL12RB2","retry","Missing result","",0
"IL13","retry","Missing result","",0
"IL13RA1","retry","Missing result","",0
"IL13RA2","retry","Missing result","",0
"IL15","retry","Missing result","",0
"IL15RA","retry","Missing result","",0
"IL16","retry","Missing result","",0
"IL17A","retry","Missing result","",0
"IL17B","retry","Missing result","",0
"IL17C","valid","Validated converged fits","91a8ed92d2a4ab832212d9e86b8a074d",27
"IL17D","valid","Validated converged fits","afb96b6c822ae99dd8b74672128be842",27
"IL17F","valid","Validated converged fits","8f33757029b02b8a0965ea7405d5c426",27
"IL17RA","valid","Validated converged fits","9538fd9dd33304b66f41747938a184de",27
"IL17RB","valid","Validated converged fits","c70f142416c012abd0f20f1c862671e4",27
"IL17RC","retry","Missing result","",0
"IL17RD","retry","Missing result","",0
"IL17RE","retry","Missing result","",0
"IL17REL","retry","Missing result","",0
"IL18","retry","Missing result","",0
"IL18BP","retry","Missing result","",0
"IL18R1","retry","Missing result","",0
"IL18RAP","retry","Missing result","",0
"IL19","retry","Missing result","",0
"IL1A","retry","Missing result","",0
"IL1B","retry","Missing result","",0
"IL1F10","retry","Missing result","",0
"IL1R1","retry","Missing result","",0
"IL1R2","retry","Missing result","",0
"IL1RAP","retry","Missing result","",0
"IL1RAPL1","retry","Missing result","",0
"IL1RAPL2","retry","Missing result","",0
"IL1RL1","retry","Missing result","",0
"IL1RL2","retry","Missing result","",0
"IL1RN","retry","Missing result","",0
"IL2","retry","Missing result","",0
"IL20","retry","Missing result","",0
"IL20RA","retry","Missing result","",0
"IL20RB","retry","Missing result","",0
"IL21","retry","Missing result","",0
"IL21R","retry","Missing result","",0
"IL22","retry","Missing result","",0
"IL22RA1","retry","Missing result","",0
"IL22RA2","retry","Missing result","",0
"IL23A","retry","Missing result","",0
"IL23R","retry","Missing result","",0
"IL24","retry","Missing result","",0
"IL25","retry","Missing result","",0
"IL26","retry","Missing result","",0
"IL27","retry","Missing result","",0
"IL27RA","retry","Missing result","",0
"IL2RA","retry","Missing result","",0
"IL2RB","retry","Missing result","",0
"IL2RG","retry","Missing result","",0
"IL3","retry","Missing result","",0
"IL31","retry","Missing result","",0
"IL31RA","retry","Missing result","",0
"IL32","retry","Missing result","",0
"IL33","retry","Missing result","",0
"IL34","retry","Missing result","",0
"IL36A","retry","Missing result","",0
"IL36B","retry","Missing result","",0
"IL36G","retry","Missing result","",0
"IL36RN","retry","Missing result","",0
"IL37","retry","Missing result","",0
"IL3RA","retry","Missing result","",0
"IL4","retry","Missing result","",0
"IL4I1","retry","Missing result","",0
"IL4R","retry","Missing result","",0
"IL5","retry","Missing result","",0
"IL5RA","retry","Missing result","",0
"IL6","retry","Missing result","",0
"IL6R","valid","Validated converged fits","d1d713415f9610172daba01b6e138e23",27
"IL6ST","valid","Validated converged fits","88401f1195a3bc0aa95891ca87b1cd2d",27
"IL7","valid","Validated converged fits","b218207d72b2a9f7522fd6a8259c4229",27
"IL7R","valid","Validated converged fits","98615efcdd7238092b94c0266848d9e0",27
"IL9","valid","Validated converged fits","c0c15d2698610a29ccb05ffc2662f176",27
"IL9R","retry","PLINK failed for IL9R on chromosome X with exit status 7","05756bbe2587e4fad461ce67a5e57eb2",0
"ILDR1","valid","Validated converged fits","0743f2348c29644c621c690afa237094",27
"ILDR2","retry","Missing result","",0
"ILF2","retry","Missing result","",0
"ILF3","retry","Missing result","",0
"ILK","retry","Missing result","",0
"ILKAP","retry","Missing result","",0
"ILVBL","retry","Missing result","",0
"IMMP1L","retry","Missing result","",0
"IMMP2L","retry","Missing result","",0
"IMMT","retry","Missing result","",0
"IMP3","retry","Missing result","",0
"IMP4","retry","Missing result","",0
"IMPA1","retry","Missing result","",0
"IMPA2","retry","Missing result","",0
"IMPACT","retry","Missing result","",0
"IMPDH1","retry","Missing result","",0
"IMPDH2","retry","Missing result","",0
"IMPG1","retry","Missing result","",0
"IMPG2","retry","Missing result","",0
"INA","retry","Missing result","",0
"INAFM1","retry","Missing result","",0
"INAFM2","retry","Missing result","",0
"INCA1","retry","Missing result","",0
"INCENP","retry","Missing result","",0
"INF2","retry","Missing result","",0
"ING1","retry","Missing result","",0
"ING2","retry","Missing result","",0
"ING3","retry","Missing result","",0
"ING4","retry","Missing result","",0
"ING5","retry","Missing result","",0
"INHA","retry","Missing result","",0
"INHBA","retry","Missing result","",0
"INHBB","retry","Missing result","",0
"INHBC","retry","Missing result","",0
"INHBE","retry","Missing result","",0
"INIP","retry","Missing result","",0
"INMT","retry","Missing result","",0
"INO80","retry","Missing result","",0
"INO80B","retry","Missing result","",0
"INO80C","retry","Missing result","",0
"INO80D","retry","Missing result","",0
"INO80E","retry","Missing result","",0
"INPP1","retry","Missing result","",0
"INPP4A","retry","Missing result","",0
"INPP4B","retry","Missing result","",0
"INPP5A","retry","Missing result","",0
"INPP5B","retry","Missing result","",0
"INPP5D","retry","Missing result","",0
"INPP5E","retry","Missing result","",0
"INPP5F","retry","Missing result","",0
"INPP5J","retry","Missing result","",0
"INPP5K","retry","Missing result","",0
"INPPL1","retry","Missing result","",0
"INS","retry","Missing result","",0
"INS-IGF2","retry","Missing result","",0
"INSC","retry","Missing result","",0
"INSIG1","valid","Validated converged fits","4612ba99f418f8cfcdb7daf835265f03",27
"INSIG2","valid","Validated converged fits","e47da8b62cb0c15eb59bfaeea017a5bd",27
"INSL3","retry","Missing result","",0
"INSL4","retry","Missing result","",0
"INSL5","retry","Missing result","",0
"INSL6","retry","Missing result","",0
"INSM1","retry","Missing result","",0
"INSM2","retry","Missing result","",0
"INSR","retry","Missing result","",0
"INSRR","retry","Missing result","",0
"INTS1","retry","Missing result","",0
"INTS10","retry","Missing result","",0
"INTS11","retry","Missing result","",0
"INTS12","retry","Missing result","",0
"INTS13","retry","Missing result","",0
"INTS14","retry","Missing result","",0
"INTS2","retry","Missing result","",0
"INTS3","retry","Missing result","",0
"INTS4","retry","Missing result","",0
"INTS5","retry","Missing result","",0
"INTS6","retry","Missing result","",0
"INTS6L","retry","Missing result","",0
"INTS7","retry","Missing result","",0
"INTS8","retry","Missing result","",0
"INTS9","retry","Missing result","",0
"INTU","retry","Missing result","",0
"INVS","retry","Missing result","",0
"IP6K1","retry","Missing result","",0
"IP6K2","retry","Missing result","",0
"IP6K3","retry","Missing result","",0
"IPCEF1","retry","Missing result","",0
"IPMK","retry","Missing result","",0
"IPO11","retry","Missing result","",0
"IPO13","retry","Missing result","",0
"IPO4","retry","Missing result","",0
"IPO5","retry","Missing result","",0
"IPO7","retry","Missing result","",0
"IPO8","retry","Missing result","",0
"IPO9","retry","Missing result","",0
"IPP","retry","Missing result","",0
"IPPK","retry","Missing result","",0
"IQCA1","retry","Missing result","",0
"IQCA1L","retry","Missing result","",0
"IQCB1","retry","Missing result","",0
"IQCC","retry","Missing result","",0
"IQCD","retry","Missing result","",0
"IQCE","retry","Missing result","",0
"IQCF1","retry","Missing result","",0
"IQCF2","retry","Missing result","",0
"IQCF3","retry","Missing result","",0
"IQCF5","retry","Missing result","",0
"IQCF6","retry","Missing result","",0
"IQCG","retry","Missing result","",0
"IQCH","retry","Missing result","",0
"IQCJ","retry","Missing result","",0
"IQCJ-SCHIP1","retry","Missing result","",0
"IQCK","retry","Missing result","",0
"IQGAP1","retry","Missing result","",0
"IQGAP2","retry","Missing result","",0
"IQGAP3","retry","Missing result","",0
"IQSEC1","retry","Missing result","",0
"IQSEC2","retry","Missing result","",0
"IQSEC3","valid","Validated converged fits","fa032f624ab76d05d090f1f7e1295a4c",27
"IQUB","valid","Validated converged fits","eb9e6efd203d479dd098a3fbeb360bb0",27
"IRAK1","retry","PLINK failed for IRAK1 on chromosome X with exit status 7","1a7a083a53097ed364cc078d13076e88",0
"IRAK1BP1","valid","Validated converged fits","c1ba45cfb07496de1b28014be1590b25",27
"IRAK2","retry","Missing result","",0
"IRAK3","retry","Missing result","",0
"IRAK4","retry","Missing result","",0
"IREB2","retry","Missing result","",0
"IRF1","retry","Missing result","",0
"IRF2","retry","Missing result","",0
"IRF2BP1","retry","Missing result","",0
"IRF2BP2","retry","Missing result","",0
"IRF2BPL","retry","Missing result","",0
"IRF3","retry","Missing result","",0
"IRF4","retry","Missing result","",0
"IRF5","retry","Missing result","",0
"IRF6","retry","Missing result","",0
"IRF7","retry","Missing result","",0
"IRF8","retry","Missing result","",0
"IRF9","retry","Missing result","",0
"IRGC","retry","Missing result","",0
"IRGM","retry","Missing result","",0
"IRGQ","retry","Missing result","",0
"IRS1","retry","Missing result","",0
"IRS2","retry","Missing result","",0
"IRS4","retry","Missing result","",0
"IRX1","retry","Missing result","",0
"IRX2","retry","Missing result","",0
"IRX3","retry","Missing result","",0
"IRX4","retry","Missing result","",0
"IRX5","retry","Missing result","",0
"IRX6","retry","Missing result","",0
"ISCA1","retry","Missing result","",0
"ISCA2","retry","Missing result","",0
"ISCU","retry","Missing result","",0
"ISG15","retry","Missing result","",0
"ISG20","retry","Missing result","",0
"ISG20L2","retry","Missing result","",0
"ISL1","retry","Missing result","",0
"ISL2","retry","Missing result","",0
"ISLR","retry","Missing result","",0
"ISLR2","retry","Missing result","",0
"ISM1","retry","Missing result","",0
"ISM2","retry","Missing result","",0
"ISOC1","retry","Missing result","",0
"ISOC2","retry","Missing result","",0
"IST1","retry","Missing result","",0
"ISX","retry","Missing result","",0
"ISY1","retry","Missing result","",0
"ISYNA1","retry","Missing result","",0
"ITCH","retry","Missing result","",0
"ITFG1","retry","Missing result","",0
"ITFG2","retry","Missing result","",0
"ITGA1","retry","Missing result","",0
"ITGA10","retry","Missing result","",0
"ITGA11","retry","Missing result","",0
"ITGA2","retry","Missing result","",0
"ITGA2B","retry","Missing result","",0
"ITGA3","retry","Missing result","",0
"ITGA4","retry","Missing result","",0
"ITGA5","retry","Missing result","",0
"ITGA6","retry","Missing result","",0
"ITGA7","valid","Validated converged fits","facf53344414385dc34f0067d3e23311",27
"ITGA8","valid","Validated converged fits","2b8c0edbab74bbe3399e57bf5016782a",27
"ITGA9","retry","Missing result","",0
"ITGAD","retry","Missing result","",0
"ITGAE","retry","Missing result","",0
"ITGAL","retry","Missing result","",0
"ITGAM","retry","Missing result","",0
"ITGAV","retry","Missing result","",0
"ITGAX","retry","Missing result","",0
"ITGB1","retry","Missing result","",0
"ITGB1BP1","retry","Missing result","",0
"ITGB1BP2","retry","Missing result","",0
"ITGB2","retry","Missing result","",0
"ITGB3","retry","Missing result","",0
"ITGB3BP","retry","Missing result","",0
"ITGB4","retry","Missing result","",0
"ITGB5","retry","Missing result","",0
"ITGB6","retry","Missing result","",0
"ITGB7","retry","Missing result","",0
"ITGB8","retry","Missing result","",0
"ITGBL1","retry","Missing result","",0
"ITIH1","retry","Missing result","",0
"ITIH2","retry","Missing result","",0
"ITIH3","retry","Missing result","",0
"ITIH4","retry","Missing result","",0
"ITIH5","retry","Missing result","",0
"ITIH6","retry","Missing result","",0
"ITK","retry","Missing result","",0
"ITLN1","retry","Missing result","",0
"ITLN2","retry","Missing result","",0
"ITM2A","retry","Missing result","",0
"ITM2B","retry","Missing result","",0
"ITM2C","retry","Missing result","",0
"ITPA","retry","Missing result","",0
"ITPK1","retry","Missing result","",0
"ITPKA","retry","Missing result","",0
"ITPKB","retry","Missing result","",0
"ITPKC","retry","Missing result","",0
"ITPR1","retry","Missing result","",0
"ITPR2","retry","Missing result","",0
"ITPR3","retry","Missing result","",0
"ITPRIP","retry","Missing result","",0
"ITPRIPL1","retry","Missing result","",0
"ITPRIPL2","retry","Missing result","",0
"ITSN1","retry","Missing result","",0
"ITSN2","retry","Missing result","",0
"IVD","retry","Missing result","",0
"IVL","retry","Missing result","",0
"IVNS1ABP","retry","Missing result","",0
"IWS1","retry","Missing result","",0
"IYD","retry","Missing result","",0
"IZUMO1","retry","Missing result","",0
"IZUMO1R","retry","Missing result","",0
"IZUMO2","retry","Missing result","",0
"IZUMO3","retry","Missing result","",0
"IZUMO4","retry","Missing result","",0
"JADE1","retry","Missing result","",0
"JADE2","retry","Missing result","",0
"JADE3","retry","Missing result","",0
"JAG1","retry","Missing result","",0
"JAG2","retry","Missing result","",0
"JAGN1","retry","Missing result","",0
"JAK1","valid","Validated converged fits","091e48eca5df3780ae7b98c7546b4733",27
"JAK2","retry","Missing result","",0
"JAK3","retry","Missing result","",0
"JAKMIP1","retry","Missing result","",0
"JAKMIP2","retry","Missing result","",0
"JAKMIP3","retry","Missing result","",0
"JAM2","retry","Missing result","",0
"JAM3","retry","Missing result","",0
"JAML","retry","Missing result","",0
"JARID2","retry","Missing result","",0
"JAZF1","retry","Missing result","",0
"JCHAIN","retry","Missing result","",0
"JDP2","retry","Missing result","",0
"JKAMP","retry","Missing result","",0
"JMJD1C","retry","Missing result","",0
"JMJD4","retry","Missing result","",0
"JMJD6","retry","Missing result","",0
"JMJD7","retry","Missing result","",0
"JMJD8","retry","Missing result","",0
"JMY","retry","Missing result","",0
"JOSD1","retry","Missing result","",0
"JOSD2","retry","Missing result","",0
"JPH1","retry","Missing result","",0
"JPH2","retry","Missing result","",0
"JPH3","retry","Missing result","",0
"JPH4","retry","Missing result","",0
"JRK","retry","Missing result","",0
"JRKL","retry","Missing result","",0
"JSRP1","retry","Missing result","",0
"JTB","retry","Missing result","",0
"JUN","retry","Missing result","",0
"JUNB","retry","Missing result","",0
"JUND","retry","Missing result","",0
"JUP","retry","Missing result","",0
"KAAG1","retry","Missing result","",0
"KALRN","retry","Missing result","",0
"KANK1","retry","Missing result","",0
"KANK2","retry","Missing result","",0
"KANK3","retry","Missing result","",0
"KANK4","retry","Missing result","",0
"KANSL1","retry","Missing result","",0
"KANSL1L","retry","Missing result","",0
"KANSL2","retry","Missing result","",0
"KANSL3","retry","Missing result","",0
"KANTR","retry","Missing result","",0
"KAT14","retry","Missing result","",0
"KAT2A","retry","Missing result","",0
"KAT2B","retry","Missing result","",0
"KAT5","retry","Missing result","",0
"KAT6A","retry","Missing result","",0
"KAT6B","retry","Missing result","",0
"KAT7","retry","Missing result","",0
"KAT8","retry","Missing result","",0
"KATNA1","retry","Missing result","",0
"KATNAL1","retry","Missing result","",0
"KATNAL2","retry","Missing result","",0
"KATNB1","retry","Missing result","",0
"KATNBL1","retry","Missing result","",0
"KAZALD1","retry","Missing result","",0
"KAZN","retry","Missing result","",0
"KBTBD11","retry","Missing result","",0
"KBTBD11-OT1","retry","Missing result","",0
"KBTBD12","retry","Missing result","",0
"KBTBD13","retry","Missing result","",0
"KBTBD2","retry","Missing result","",0
"KBTBD3","retry","Missing result","",0
"KBTBD4","retry","Missing result","",0
"KBTBD6","retry","Missing result","",0
"KBTBD7","retry","Missing result","",0
"KBTBD8","retry","Missing result","",0
"KCMF1","retry","Missing result","",0
"KCNA1","retry","Missing result","",0
"KCNA10","retry","Missing result","",0
"KCNA2","retry","Missing result","",0
"KCNA3","retry","Missing result","",0
"KCNA4","retry","Missing result","",0
"KCNA5","retry","Missing result","",0
"KCNA7","retry","Missing result","",0
"KCNAB1","retry","Missing result","",0
"KCNAB2","retry","Missing result","",0
"KCNAB3","retry","Missing result","",0
"KCNB1","retry","Missing result","",0
"KCNB2","retry","Missing result","",0
"KCNC1","retry","Missing result","",0
"KCNC2","retry","Missing result","",0
"KCNC3","retry","Missing result","",0
"KCNC4","retry","Missing result","",0
"KCND1","retry","Missing result","",0
"KCND2","retry","Missing result","",0
"KCND3","retry","Missing result","",0
"KCNE1","retry","Missing result","",0
"KCNE1B","retry","Missing result","",0
"KCNE2","retry","Missing result","",0
"KCNE3","retry","Missing result","",0
"KCNE4","retry","Missing result","",0
"KCNE5","retry","Missing result","",0
"KCNF1","retry","Missing result","",0
"KCNG1","retry","Missing result","",0
"KCNG2","retry","Missing result","",0
"KCNG3","retry","Missing result","",0
"KCNG4","retry","Missing result","",0
"KCNH1","retry","Missing result","",0
"KCNH2","retry","Missing result","",0
"KCNH3","retry","Missing result","",0
"KCNH4","retry","Missing result","",0
"KCNH5","retry","Missing result","",0
"KCNH6","retry","Missing result","",0
"KCNH7","retry","Missing result","",0
"KCNH8","retry","Missing result","",0
"KCNIP1","retry","Missing result","",0
"KCNIP2","retry","Missing result","",0
"KCNIP3","retry","Missing result","",0
"KCNIP4","retry","Missing result","",0
"KCNJ1","retry","Missing result","",0
"KCNJ10","retry","Missing result","",0
"KCNJ11","retry","Missing result","",0
"KCNJ12","retry","Missing result","",0
"KCNJ13","retry","Missing result","",0
"KCNJ14","retry","Missing result","",0
"KCNJ15","retry","Missing result","",0
"KCNJ16","retry","Missing result","",0
"KCNJ18","retry","Missing result","",0
"KCNJ2","retry","Missing result","",0
"KCNJ3","retry","Missing result","",0
"KCNJ4","retry","Missing result","",0
"KCNJ5","retry","Missing result","",0
"KCNJ6","retry","Missing result","",0
"KCNJ8","retry","Missing result","",0
"KCNJ9","retry","Missing result","",0
"KCNK1","retry","Missing result","",0
"KCNK10","retry","Missing result","",0
"KCNK12","retry","Missing result","",0
"KCNK13","retry","Missing result","",0
"KCNK15","retry","Missing result","",0
"KCNK16","retry","Missing result","",0
"KCNK17","retry","Missing result","",0
"KCNK18","retry","Missing result","",0
"KCNK2","retry","Missing result","",0
"KCNK3","retry","Missing result","",0
"KCNK4","retry","Missing result","",0
"KCNK5","retry","Missing result","",0
"KCNK6","retry","Missing result","",0
"KCNK7","retry","Missing result","",0
"KCNK9","retry","Missing result","",0
"KCNMA1","retry","Missing result","",0
"KCNMB1","retry","Missing result","",0
"KCNMB2","retry","Missing result","",0
"KCNMB3","retry","Missing result","",0
"KCNMB4","retry","Missing result","",0
"KCNN1","retry","Missing result","",0
"KCNN2","retry","Missing result","",0
"KCNN3","retry","Missing result","",0
"KCNN4","retry","Missing result","",0
"KCNQ1","retry","Missing result","",0
"KCNQ2","retry","Missing result","",0
"KCNQ3","retry","Missing result","",0
"KCNQ4","retry","Missing result","",0
"KCNQ5","retry","Missing result","",0
"KCNRG","retry","Missing result","",0
"KCNS1","retry","Missing result","",0
"KCNS2","retry","Missing result","",0
"KCNS3","retry","Missing result","",0
"KCNT1","retry","Missing result","",0
"KCNT2","retry","Missing result","",0
"KCNU1","retry","Missing result","",0
"KCNV1","retry","Missing result","",0
"KCNV2","retry","Missing result","",0
"KCP","retry","Missing result","",0
"KCTD1","retry","Missing result","",0
"KCTD10","retry","Missing result","",0
"KCTD11","retry","Missing result","",0
"KCTD12","retry","Missing result","",0
"KCTD13","retry","Missing result","",0
"KCTD14","retry","Missing result","",0
"KCTD15","retry","Missing result","",0
"KCTD16","retry","Missing result","",0
"KCTD17","retry","Missing result","",0
"KCTD18","retry","Missing result","",0
"KCTD19","retry","Missing result","",0
"KCTD2","retry","Missing result","",0
"KCTD20","retry","Missing result","",0
"KCTD21","retry","Missing result","",0
"KCTD3","retry","Missing result","",0
"KCTD4","retry","Missing result","",0
"KCTD5","retry","Missing result","",0
"KCTD6","retry","Missing result","",0
"KCTD7","valid","Validated converged fits","62dc7330118736c03410a8ac82854550",27
"KCTD8","valid","Validated converged fits","3d78c483d5084d6595aa6be77c823bfb",27
"KCTD9","valid","Validated converged fits","3fb32daf217cae7e87a6afeaaebcbc2a",27
"KDELR1","retry","Missing result","",0
"KDELR2","retry","Missing result","",0
"KDELR3","retry","Missing result","",0
"KDF1","retry","Missing result","",0
"KDM1A","retry","Missing result","",0
"KDM1B","retry","Missing result","",0
"KDM2A","retry","Missing result","",0
"KDM2B","retry","Missing result","",0
"KDM3A","retry","Missing result","",0
"KDM3B","retry","Missing result","",0
"KDM4A","retry","Missing result","",0
"KDM4B","retry","Missing result","",0
"KDM4C","retry","Missing result","",0
"KDM4D","retry","Missing result","",0
"KDM4E","retry","Missing result","",0
"KDM4F","retry","Missing result","",0
"KDM5A","retry","Missing result","",0
"KDM5B","retry","Missing result","",0
"KDM5C","retry","Missing result","",0
"KDM5D","retry","Missing result","",0
"KDM6A","retry","Missing result","",0
"KDM6B","retry","Missing result","",0
"KDM7A","retry","Missing result","",0
"KDM8","retry","Missing result","",0
"KDR","retry","Missing result","",0
"KDSR","retry","Missing result","",0
"KEAP1","retry","Missing result","",0
"KEL","retry","Missing result","",0
"KERA","retry","Missing result","",0
"KHDC1","retry","Missing result","",0
"KHDC1L","retry","Missing result","",0
"KHDC3L","retry","Missing result","",0
"KHDRBS1","retry","Missing result","",0
"KHDRBS2","retry","Missing result","",0
"KHDRBS3","retry","Missing result","",0
"KHK","retry","Missing result","",0
"KHNYN","retry","Missing result","",0
"KHSRP","retry","Missing result","",0
"KIAA0040","retry","Missing result","",0
"KIAA0100","retry","Missing result","",0
"KIAA0232","retry","Missing result","",0
"KIAA0319","retry","Missing result","",0
"KIAA0319L","retry","Missing result","",0
"KIAA0408","retry","Missing result","",0
"KIAA0513","retry","Missing result","",0
"KIAA0586","retry","Missing result","",0
"KIAA0753","retry","Missing result","",0
"KIAA0825","retry","Missing result","",0
"KIAA0895","retry","Missing result","",0
"KIAA0895L","retry","Missing result","",0
"KIAA0930","retry","Missing result","",0
"KIAA1109","retry","Missing result","",0
"KIAA1143","retry","Missing result","",0
"KIAA1191","retry","Missing result","",0
"KIAA1210","retry","Missing result","",0
"KIAA1217","retry","Missing result","",0
"KIAA1328","retry","Missing result","",0
"KIAA1522","retry","Missing result","",0
"KIAA1549","retry","Missing result","",0
"KIAA1549L","valid","Validated converged fits","955853c0b6b1b5a9af346b7344ea57a5",27
"KIAA1586","valid","Validated converged fits","2a238e5283f5ab76b060a6165614e572",27
"KIAA1614","valid","Validated converged fits","28d74ad7c5407fd73f36e96a868f3955",27
"KIAA1671","retry","Missing result","",0
"KIAA1755","retry","Missing result","",0
"KIAA1841","retry","Missing result","",0
"KIAA1958","retry","Missing result","",0
"KIAA2012","retry","Missing result","",0
"KIAA2013","retry","Missing result","",0
"KIAA2026","retry","Missing result","",0
"KIDINS220","retry","Missing result","",0
"KIF11","retry","Missing result","",0
"KIF12","retry","Missing result","",0
"KIF13A","retry","Missing result","",0
"KIF13B","retry","Missing result","",0
"KIF14","retry","Missing result","",0
"KIF15","retry","Missing result","",0
"KIF16B","retry","Missing result","",0
"KIF17","retry","Missing result","",0
"KIF18A","retry","Missing result","",0
"KIF18B","retry","Missing result","",0
"KIF19","retry","Missing result","",0
"KIF1A","retry","Missing result","",0
"KIF1B","retry","Missing result","",0
"KIF1C","retry","Missing result","",0
"KIF20A","retry","Missing result","",0
"KIF20B","retry","Missing result","",0
"KIF21A","retry","Missing result","",0
"KIF21B","retry","Missing result","",0
"KIF22","retry","Missing result","",0
"KIF23","retry","Missing result","",0
"KIF24","retry","Missing result","",0
"KIF25","retry","Missing result","",0
"KIF26A","retry","Missing result","",0
"KIF26B","retry","Missing result","",0
"KIF27","retry","Missing result","",0
"KIF2A","retry","Missing result","",0
"KIF2B","retry","Missing result","",0
"KIF2C","retry","Missing result","",0
"KIF3A","retry","Missing result","",0
"KIF3B","retry","Missing result","",0
"KIF3C","retry","Missing result","",0
"KIF4A","retry","Missing result","",0
"KIF4B","retry","Missing result","",0
"KIF5A","retry","Missing result","",0
"KIF5B","retry","Missing result","",0
"KIF5C","retry","Missing result","",0
"KIF6","retry","Missing result","",0
"KIF7","retry","Missing result","",0
"KIF9","retry","Missing result","",0
"KIFAP3","retry","Missing result","",0
"KIFC1","retry","Missing result","",0
"KIFC2","retry","Missing result","",0
"KIFC3","retry","Missing result","",0
"KIN","retry","Missing result","",0
"KIR2DL1","retry","Missing result","",0
"KIR2DL3","retry","Missing result","",0
"KIR2DL4","retry","Missing result","",0
"KIR3DL1","retry","Missing result","",0
"KIR3DL2","retry","Missing result","",0
"KIR3DL3","retry","Missing result","",0
"KIRREL2","retry","Missing result","",0
"KIRREL3","valid","Validated converged fits","b3bace815b292ef71b68f858a2012473",27
"KISS1","valid","Validated converged fits","a04590ed59fb3cb46e348e8758e2978b",27
"KISS1R","valid","Validated converged fits","7ebfe53e353ca585470e0cfa8b53292e",27
"KIT","retry","Missing result","",0
"KITLG","retry","Missing result","",0
"KIZ","retry","Missing result","",0
"KL","retry","Missing result","",0
"KLB","retry","Missing result","",0
"KLC1","retry","Missing result","",0
"KLC2","retry","Missing result","",0
"KLC3","retry","Missing result","",0
"KLC4","retry","Missing result","",0
"KLF1","retry","Missing result","",0
"KLF10","retry","Missing result","",0
"KLF11","retry","Missing result","",0
"KLF12","retry","Missing result","",0
"KLF13","retry","Missing result","",0
"KLF14","retry","Missing result","",0
"KLF15","retry","Missing result","",0
"KLF16","retry","Missing result","",0
"KLF17","retry","Missing result","",0
"KLF18","retry","Missing result","",0
"KLF2","retry","Missing result","",0
"KLF3","retry","Missing result","",0
"KLF4","retry","Missing result","",0
"KLF5","retry","Missing result","",0
"KLF6","retry","Missing result","",0
"KLF7","retry","Missing result","",0
"KLF8","retry","Missing result","",0
"KLF9","retry","Missing result","",0
"KLHDC1","retry","Missing result","",0
"KLHDC10","retry","Missing result","",0
"KLHDC2","retry","Missing result","",0
"KLHDC3","retry","Missing result","",0
"KLHDC4","retry","Missing result","",0
"KLHDC7A","retry","Missing result","",0
"KLHDC7B","retry","Missing result","",0
"KLHDC8A","retry","Missing result","",0
"KLHDC8B","retry","Missing result","",0
"KLHDC9","retry","Missing result","",0
"KLHL1","retry","Missing result","",0
"KLHL10","retry","Missing result","",0
"KLHL11","retry","Missing result","",0
"KLHL12","retry","Missing result","",0
"KLHL13","retry","Missing result","",0
"KLHL14","retry","Missing result","",0
"KLHL15","retry","Missing result","",0
"KLHL17","retry","Missing result","",0
"KLHL18","retry","Missing result","",0
"KLHL2","retry","Missing result","",0
"KLHL20","retry","Missing result","",0
"KLHL21","retry","Missing result","",0
"KLHL22","retry","Missing result","",0
"KLHL23","retry","Missing result","",0
"KLHL24","retry","Missing result","",0
"KLHL25","retry","Missing result","",0
"KLHL26","retry","Missing result","",0
"KLHL28","retry","Missing result","",0
"KLHL29","retry","Missing result","",0
"KLHL3","retry","Missing result","",0
"KLHL30","retry","Missing result","",0
"KLHL31","retry","Missing result","",0
"KLHL32","valid","Validated converged fits","4a953941102478b4a98229c8b0bd08ee",27
"KLHL33","valid","Validated converged fits","4c0ee64155b25b065d0593cf38ab9b41",27
"KLHL34","retry","PLINK failed for KLHL34 on chromosome X with exit status 7","cfe9de6713c2315579a8beb1f3774fae",0
"KLHL35","valid","Validated converged fits","a8675b927453088fc0ea9461b2dc6487",27
"KLHL36","retry","Missing result","",0
"KLHL38","retry","Missing result","",0
"KLHL4","retry","Missing result","",0
"KLHL40","retry","Missing result","",0
"KLHL41","retry","Missing result","",0
"KLHL42","retry","Missing result","",0
"KLHL5","retry","Missing result","",0
"KLHL6","retry","Missing result","",0
"KLHL7","retry","Missing result","",0
"KLHL8","retry","Missing result","",0
"KLHL9","retry","Missing result","",0
"KLK1","retry","Missing result","",0
"KLK10","retry","Missing result","",0
"KLK11","retry","Missing result","",0
"KLK12","retry","Missing result","",0
"KLK13","retry","Missing result","",0
"KLK14","retry","Missing result","",0
"KLK15","retry","Missing result","",0
"KLK2","retry","Missing result","",0
"KLK3","retry","Missing result","",0
"KLK4","retry","Missing result","",0
"KLK5","retry","Missing result","",0
"KLK6","retry","Missing result","",0
"KLK7","retry","Missing result","",0
"KLK8","retry","Missing result","",0
"KLK9","retry","Missing result","",0
"KLKB1","retry","Missing result","",0
"KLLN","retry","Missing result","",0
"KLRB1","retry","Missing result","",0
"KLRC1","retry","Missing result","",0
"KLRC2","retry","Missing result","",0
"KLRC3","retry","Missing result","",0
"KLRC4","retry","Missing result","",0
"KLRD1","retry","Missing result","",0
"KLRF1","retry","Missing result","",0
"KLRF2","retry","Missing result","",0
"KLRG1","retry","Missing result","",0
"KLRG2","retry","Missing result","",0
"KLRK1","retry","Missing result","",0
"KMO","retry","Missing result","",0
"KMT2A","retry","Missing result","",0
"KMT2B","retry","Missing result","",0
"KMT2C","retry","Missing result","",0
"KMT2D","retry","Missing result","",0
"KMT2E","retry","Missing result","",0
"KMT5A","retry","Missing result","",0
"KMT5B","retry","Missing result","",0
"KMT5C","retry","Missing result","",0
"KNCN","retry","Missing result","",0
"KNDC1","retry","Missing result","",0
"KNG1","retry","Missing result","",0
"KNL1","retry","Missing result","",0
"KNOP1","retry","Missing result","",0
"KNSTRN","retry","Missing result","",0
"KNTC1","retry","Missing result","",0
"KPNA1","retry","Missing result","",0
"KPNA2","retry","Missing result","",0
"KPNA3","retry","Missing result","",0
"KPNA4","valid","Validated converged fits","aa94cb1b1e0316af0806352c0716f0d3",27
"KPNA5","valid","Validated converged fits","aa72bd3027514b07c47981d6c0fcad98",27
"KPNA6","valid","Validated converged fits","b5b4f03350fe1374f24daf7cf83bbbe5",27
"KPNA7","valid","Validated converged fits","0b5fa05f413e87326ea83e649cd6c790",27
"KPNB1","valid","Validated converged fits","861e1c6ffba1dbcd5358b5e9652f0df9",27
"KPRP","retry","Missing result","",0
"KPTN","retry","Missing result","",0
"KRAS","retry","Missing result","",0
"KRBA1","retry","Missing result","",0
"KRBA2","retry","Missing result","",0
"KRBOX1","retry","Missing result","",0
"KRBOX4","retry","Missing result","",0
"KRCC1","retry","Missing result","",0
"KREMEN1","retry","Missing result","",0
"KREMEN2","retry","Missing result","",0
"KRI1","retry","Missing result","",0
"KRIT1","retry","Missing result","",0
"KRR1","retry","Missing result","",0
"KRT1","retry","Missing result","",0
"KRT10","retry","Missing result","",0
"KRT12","retry","Missing result","",0
"KRT13","retry","Missing result","",0
"KRT14","retry","Missing result","",0
"KRT15","retry","Missing result","",0
"KRT16","retry","Missing result","",0
"KRT17","retry","Missing result","",0
"KRT18","retry","Missing result","",0
"KRT19","retry","Missing result","",0
"KRT2","retry","Missing result","",0
"KRT20","retry","Missing result","",0
"KRT222","retry","Missing result","",0
"KRT23","retry","Missing result","",0
"KRT24","retry","Missing result","",0
"KRT25","retry","Missing result","",0
"KRT26","retry","Missing result","",0
"KRT27","retry","Missing result","",0
"KRT28","retry","Missing result","",0
"KRT3","retry","Missing result","",0
"KRT31","retry","Missing result","",0
"KRT32","retry","Missing result","",0
"KRT33A","retry","Missing result","",0
"KRT33B","retry","Missing result","",0
"KRT34","retry","Missing result","",0
"KRT35","retry","Missing result","",0
"KRT36","retry","Missing result","",0
"KRT37","retry","Missing result","",0
"KRT38","retry","Missing result","",0
"KRT39","retry","Missing result","",0
"KRT4","retry","Missing result","",0
"KRT40","retry","Missing result","",0
"KRT5","retry","Missing result","",0
"KRT6A","retry","Missing result","",0
"KRT6B","retry","Missing result","",0
"KRT6C","retry","Missing result","",0
"KRT7","retry","Missing result","",0
"KRT71","retry","Missing result","",0
"KRT72","retry","Missing result","",0
"KRT73","retry","Missing result","",0
"KRT74","retry","Missing result","",0
"KRT75","retry","Missing result","",0
"KRT76","retry","Missing result","",0
"KRT77","retry","Missing result","",0
"KRT78","valid","Validated converged fits","cead42c3a65f3642ff441185012a3ed4",27
"KRT79","valid","Validated converged fits","93014c2bd65403b9ec8d4edf30fd21f8",27
"KRT8","valid","Validated converged fits","6a4e5de8eddc526714d89b62b00f1a71",27
"KRT80","retry","Missing result","",0
"KRT81","retry","Missing result","",0
"KRT82","retry","Missing result","",0
"KRT83","retry","Missing result","",0
"KRT84","retry","Missing result","",0
"KRT85","retry","Missing result","",0
"KRT86","retry","Missing result","",0
"KRT9","retry","Missing result","",0
"KRTAP1-1","retry","Missing result","",0
"KRTAP1-3","retry","Missing result","",0
"KRTAP1-4","retry","Missing result","",0
"KRTAP1-5","retry","Missing result","",0
"KRTAP10-1","retry","Missing result","",0
"KRTAP10-10","retry","Missing result","",0
"KRTAP10-11","retry","Missing result","",0
"KRTAP10-12","retry","Missing result","",0
"KRTAP10-2","retry","Missing result","",0
"KRTAP10-3","retry","Missing result","",0
"KRTAP10-4","retry","Missing result","",0
"KRTAP10-5","retry","Missing result","",0
"KRTAP10-6","retry","Missing result","",0
"KRTAP10-7","retry","Missing result","",0
"KRTAP10-8","retry","Missing result","",0
"KRTAP10-9","retry","Missing result","",0
"KRTAP11-1","retry","Missing result","",0
"KRTAP12-1","retry","Missing result","",0
"KRTAP12-2","retry","Missing result","",0
"KRTAP12-3","retry","Missing result","",0
"KRTAP12-4","retry","Missing result","",0
"KRTAP13-1","retry","Missing result","",0
"KRTAP13-2","retry","Missing result","",0
"KRTAP13-3","retry","Missing result","",0
"KRTAP13-4","retry","Missing result","",0
"KRTAP15-1","retry","Missing result","",0
"KRTAP16-1","retry","Missing result","",0
"KRTAP17-1","retry","Missing result","",0
"KRTAP19-1","retry","Missing result","",0
"KRTAP19-2","retry","Missing result","",0
"KRTAP19-3","retry","Missing result","",0
"KRTAP19-4","retry","Missing result","",0
"KRTAP19-5","retry","Missing result","",0
"KRTAP19-6","retry","Missing result","",0
"KRTAP19-7","retry","Missing result","",0
"KRTAP19-8","retry","Missing result","",0
"KRTAP2-1","retry","Missing result","",0
"KRTAP2-2","retry","Missing result","",0
"KRTAP2-3","retry","Missing result","",0
"KRTAP2-4","retry","Missing result","",0
"KRTAP20-1","retry","Missing result","",0
"KRTAP20-2","retry","Missing result","",0
"KRTAP20-3","retry","Missing result","",0
"KRTAP20-4","retry","Missing result","",0
"KRTAP21-1","retry","Missing result","",0
"KRTAP21-2","retry","Missing result","",0
"KRTAP21-3","retry","Missing result","",0
"KRTAP22-1","retry","Missing result","",0
"KRTAP22-2","retry","Missing result","",0
"KRTAP23-1","retry","Missing result","",0
"KRTAP24-1","retry","Missing result","",0
"KRTAP25-1","valid","Validated converged fits","f26295a90cf64781f9b7514b1ff6a225",6
"KRTAP26-1","valid","Validated converged fits","34499c41366fc8dcc31b80089fa416f3",27
"KRTAP27-1","valid","Validated converged fits","086c3415d0cff6ef34f9b9a60e38e924",18
"KRTAP29-1","retry","Missing result","",0
"KRTAP3-1","retry","Missing result","",0
"KRTAP3-2","retry","Missing result","",0
"KRTAP3-3","retry","Missing result","",0
"KRTAP4-1","retry","Missing result","",0
"KRTAP4-11","retry","Missing result","",0
"KRTAP4-12","retry","Missing result","",0
"KRTAP4-16","retry","Missing result","",0
"KRTAP4-2","retry","Missing result","",0
"KRTAP4-3","retry","Missing result","",0
"KRTAP4-4","retry","Missing result","",0
"KRTAP4-5","retry","Missing result","",0
"KRTAP4-6","retry","Missing result","",0
"KRTAP4-7","retry","Missing result","",0
"KRTAP4-8","retry","Missing result","",0
"KRTAP4-9","retry","Missing result","",0
"KRTAP5-1","retry","Missing result","",0
"KRTAP5-10","retry","Missing result","",0
"KRTAP5-11","retry","Missing result","",0
"KRTAP5-2","retry","Missing result","",0
"KRTAP5-3","retry","Missing result","",0
"KRTAP5-4","retry","Missing result","",0
"KRTAP5-5","retry","Missing result","",0
"KRTAP5-6","retry","Missing result","",0
"KRTAP5-7","retry","Missing result","",0
"KRTAP5-8","retry","Missing result","",0
"KRTAP5-9","retry","Missing result","",0
"KRTAP6-1","retry","Missing result","",0
"KRTAP6-2","retry","Missing result","",0
"KRTAP6-3","retry","Missing result","",0
"KRTAP7-1","retry","Missing result","",0
"KRTAP8-1","retry","Missing result","",0
"KRTAP9-1","retry","Missing result","",0
"KRTAP9-2","retry","Missing result","",0
"KRTAP9-3","retry","Missing result","",0
"KRTAP9-4","retry","Missing result","",0
"KRTAP9-6","retry","Missing result","",0
"KRTAP9-7","retry","Missing result","",0
"KRTAP9-8","retry","Missing result","",0
"KRTAP9-9","retry","Missing result","",0
"KRTCAP2","retry","Missing result","",0
"KRTCAP3","retry","Missing result","",0
"KRTDAP","retry","Missing result","",0
"KSR1","retry","Missing result","",0
"KSR2","retry","Missing result","",0
"KTI12","retry","Missing result","",0
"KTN1","retry","Missing result","",0
"KXD1","retry","Missing result","",0
"KY","retry","Missing result","",0
"KYAT1","retry","Missing result","",0
"KYAT3","retry","Missing result","",0
"KYNU","retry","Missing result","",0
"L1CAM","retry","Missing result","",0
"L1TD1","retry","Missing result","",0
"L2HGDH","retry","Missing result","",0
"L3HYPDH","retry","Missing result","",0
"L3MBTL1","retry","Missing result","",0
"L3MBTL2","retry","Missing result","",0
"L3MBTL3","retry","Missing result","",0
"L3MBTL4","valid","Validated converged fits","47b70bbd52cfc42001eca6ed64a6f5da",27
"LACC1","valid","Validated converged fits","b102157ec9d89a07e7ee35b47abb36e1",27
"LACRT","valid","Validated converged fits","673ead35760a18ebe89aaa0f0e4aae96",27
"LACTB","valid","Validated converged fits","ebd7d744452473423f1fb99f25bcb1e6",27
"LACTB2","valid","Validated converged fits","24c04542428b78d273327110b6aa3f99",27
"LACTBL1","valid","Validated converged fits","074a1f369ec8762d09550ef9f4f8fb6b",27
"LAD1","valid","Validated converged fits","0fba3eae647576e59eb463ecbe7cbcf8",27
"LAG3","valid","Validated converged fits","3b76a039cdacbc22b882b31f82859b4c",27
"LAGE3","retry","PLINK failed for LAGE3 on chromosome X with exit status 7","f1bd4a3401607a4ff94ed177fe835872",0
"LAIR1","valid","Validated converged fits","2784607eb8995388dba13a23d4ae47e6",27
"LAIR2","valid","Validated converged fits","4bd468fff1d13fdae279d445e57a3c50",27
"LALBA","valid","Validated converged fits","56caa3257c8d6539af6fbdd104cc0f7e",27
"LAMA1","valid","Validated converged fits","e64652c2960c9ee2689ca0654aeb89a1",27
"LAMA2","valid","Validated converged fits","8e45ddcec3df109134e888f8d653bce2",27
"LAMA3","valid","Validated converged fits","98855fe8b88ceefd2c64ca589033847c",27
"LAMA4","valid","Validated converged fits","d69181682bc958f2faa2ad0bf6b94237",27
"LAMA5","valid","Validated converged fits","cf08287baa52249946f299e199987cb7",27
"LAMB1","valid","Validated converged fits","ff6bb72c46549eef946a16279f451bf2",27
"LAMB2","valid","Validated converged fits","4f330815bdf6eea08c51320f5027149a",27
"LAMB3","retry","Missing result","",0
"LAMB4","retry","Missing result","",0
"LAMC1","retry","Missing result","",0
"LAMC2","retry","Missing result","",0
"LAMC3","retry","Missing result","",0
"LAMP1","retry","Missing result","",0
"LAMP2","retry","Missing result","",0
"LAMP3","retry","Missing result","",0
"LAMP5","retry","Missing result","",0
"LAMTOR1","retry","Missing result","",0
"LAMTOR2","retry","Missing result","",0
"LAMTOR3","retry","Missing result","",0
"LAMTOR4","retry","Missing result","",0
"LAMTOR5","retry","Missing result","",0
"LANCL1","retry","Missing result","",0
"LANCL2","retry","Missing result","",0
"LANCL3","retry","Missing result","",0
"LAP3","retry","Missing result","",0
"LAPTM4A","retry","Missing result","",0
"LAPTM4B","retry","Missing result","",0
"LAPTM5","retry","Missing result","",0
"LARGE1","retry","Missing result","",0
"LARGE2","retry","Missing result","",0
"LARP1","retry","Missing result","",0
"LARP1B","retry","Missing result","",0
"LARP4","retry","Missing result","",0
"LARP4B","retry","Missing result","",0
"LARP6","retry","Missing result","",0
"LARP7","retry","Missing result","",0
"LARS2","retry","Missing result","",0
"LAS1L","retry","Missing result","",0
"LASP1","retry","Missing result","",0
"LAT","retry","Missing result","",0
"LAT2","retry","Missing result","",0
"LATS1","retry","Missing result","",0
"LATS2","retry","Missing result","",0
"LAX1","retry","Missing result","",0
"LAYN","retry","Missing result","",0
"LBH","retry","Missing result","",0
"LBHD1","retry","Missing result","",0
"LBP","retry","Missing result","",0
"LBR","retry","Missing result","",0
"LBX1","retry","Missing result","",0
"LBX2","valid","Validated converged fits","0fff9d246e8eda09356f23ea536e48d2",27
"LCA5","valid","Validated converged fits","759444f358493eedffdf9c8ea1b3fba2",27
"LCA5L","valid","Validated converged fits","0fdca7dae70606419665a186abadcc6f",27
"LCAT","valid","Validated converged fits","ce7404b9913f55329947a039eb335dd3",27
"LCE1A","valid","Validated converged fits","9b486c6fff26ec397696ceef1bc51e6a",27
"LCE1B","valid","Validated converged fits","c19af650232e09472b4af16322760f2a",27
"LCE1C","valid","Validated converged fits","8b2df69172053ec7ef3f6e286f94d003",27
"LCE1D","valid","Validated converged fits","980065a2c8215ad07da002c1e0fab877",27
"LCE1E","valid","Validated converged fits","7ae6649942f8320ddcd9a15313621d48",27
"LCE1F","valid","Validated converged fits","68b49b993165ae2bf45cad7c0e70f1e5",27
"LCE2A","valid","Validated converged fits","eedc5b9212c10ac2857d190862ca57d9",27
"LCE2B","valid","Validated converged fits","c8f562fd396c350c0a9ffd9b7ac30a2b",27
"LCE2C","valid","Validated converged fits","1078200a5261cb439859f84242626579",27
"LCE2D","valid","Validated converged fits","e67d7a46fd98c799289abd5ddf8f7c2a",27
"LCE3A","retry","Missing result","",0
"LCE3B","retry","Missing result","",0
"LCE3C","retry","Missing result","",0
"LCE3D","retry","Missing result","",0
"LCE3E","retry","Missing result","",0
"LCE4A","retry","Missing result","",0
"LCE5A","retry","Missing result","",0
"LCE6A","retry","Missing result","",0
"LCK","retry","Missing result","",0
"LCLAT1","retry","Missing result","",0
"LCMT1","retry","Missing result","",0
"LCMT2","retry","Missing result","",0
"LCN1","retry","Missing result","",0
"LCN10","retry","Missing result","",0
"LCN12","retry","Missing result","",0
"LCN15","retry","Missing result","",0
"LCN2","retry","Missing result","",0
"LCN6","retry","Missing result","",0
"LCN8","retry","Missing result","",0
"LCN9","retry","Missing result","",0
"LCNL1","retry","Missing result","",0
"LCOR","retry","Missing result","",0
"LCORL","retry","Missing result","",0
"LCP1","retry","Missing result","",0
"LCP2","retry","Missing result","",0
"LCT","retry","Missing result","",0
"LCTL","retry","Missing result","",0
"LDAH","retry","Missing result","",0
"LDB1","retry","Missing result","",0
"LDB2","retry","Missing result","",0
"LDB3","retry","Missing result","",0
"LDHA","retry","Missing result","",0
"LDHAL6A","retry","Missing result","",0
"LDHAL6B","retry","Missing result","",0
"LDHB","retry","Missing result","",0
"LDHC","retry","Missing result","",0
"LDHD","retry","Missing result","",0
"LDLR","retry","Missing result","",0
"LDLRAD1","retry","Missing result","",0
"LDLRAD2","retry","Missing result","",0
"LDLRAD3","retry","Missing result","",0
"LDLRAD4","retry","Missing result","",0
"LDLRAP1","retry","Missing result","",0
"LDOC1","retry","Missing result","",0
"LEAP2","retry","Missing result","",0
"LECT2","retry","Missing result","",0
"LEF1","retry","Missing result","",0
"LEFTY1","retry","Missing result","",0
"LEFTY2","valid","Validated converged fits","c24732ab56bad92aa02ac22e865dd554",27
"LEKR1","valid","Validated converged fits","a5d0d6546ce3fab36e4557aca2ced72b",27
"LELP1","valid","Validated converged fits","c50f0797953848ea75675ec4be0fce71",27
"LEMD1","valid","Validated converged fits","a455d1b865608835788e0a893f557650",27
"LEMD2","retry","PLINK failed for LEMD2 on chromosome 6 with exit status 127","a6084fd9cf91dafa7f055046f6f3d264",0
"LEMD3","retry","PLINK failed for LEMD3 on chromosome 12 with exit status 127","2fbcda3a06bf44d28fb8185a4d04bcc7",0
"LENEP","valid","Validated converged fits","09aecc5159053cd022eb917a39a5f570",27
"LENG1","retry","PLINK failed for LENG1 on chromosome 19 with exit status 127","3553df73028509cec48ef57f6424fce8",0
"LENG8","retry","PLINK failed for LENG8 on chromosome 19 with exit status 127","838debf4d820fb6dee002540c7715fb7",0
"LENG9","retry","PLINK failed for LENG9 on chromosome 19 with exit status 127","c157d84d5916073b2941639204fad174",0
"LEO1","retry","PLINK failed for LEO1 on chromosome 15 with exit status 127","474e5f4c960d9488f701762b53670c4b",0
"LEP","retry","PLINK failed for LEP on chromosome 7 with exit status 127","0b48889fbc8288546425bc076d9d66f7",0
"LEPR","retry","PLINK failed for LEPR on chromosome 1 with exit status 127","03ac765809a8766dee70353c306533ec",0
"LEPROT","retry","PLINK failed for LEPROT on chromosome 1 with exit status 127","cb69cd6943c1af43faccf72fef302e29",0
"LEPROTL1","retry","PLINK failed for LEPROTL1 on chromosome 8 with exit status 127","ada32f60d29fe627590d0c1707e0cb7f",0
"LETM1","retry","PLINK failed for LETM1 on chromosome 4 with exit status 127","0dc275116e6cc3692834398de3f1c45a",0
"LETM2","retry","PLINK failed for LETM2 on chromosome 8 with exit status 127","3fdf373b8bfa35f28cba135a2b7387fd",0
"LETMD1","retry","PLINK failed for LETMD1 on chromosome 12 with exit status 127","9c810545b0314b37283d4451507c0dfa",0
"LEUTX","retry","PLINK failed for LEUTX on chromosome 19 with exit status 127","aa90648b13eb0b5b9d6bf6e64bea2758",0
"LEXM","retry","PLINK failed for LEXM on chromosome 1 with exit status 127","b4444ba0e15de930efb8f8aa181a2687",0
"LFNG","retry","PLINK failed for LFNG on chromosome 7 with exit status 127","cad1587dc2b1125508ee39403afc2c61",0
"LGALS1","retry","PLINK failed for LGALS1 on chromosome 22 with exit status 127","ed2004eb5c35e7b446a14b1d4e9d8ea5",0
"LGALS12","retry","PLINK failed for LGALS12 on chromosome 11 with exit status 127","f07304284349296dd0e377783f9b25fb",0
"LGALS13","retry","PLINK failed for LGALS13 on chromosome 19 with exit status 127","740cfe01967bc760a2b62f78262e4120",0
"LGALS14","retry","PLINK failed for LGALS14 on chromosome 19 with exit status 127","cb5ef01b76597650971b7845ed37827f",0
"LGALS16","retry","PLINK failed for LGALS16 on chromosome 19 with exit status 127","0b41de4a650118d5411f6a8e3a22b2ab",0
"LGALS2","retry","PLINK failed for LGALS2 on chromosome 22 with exit status 127","6847124daa6058c1fa68928096c7c6ef",0
"LGALS3","retry","PLINK failed for LGALS3 on chromosome 14 with exit status 127","83e518a0b198c3fa5d0ae7449d74ea4b",0
"LGALS3BP","retry","PLINK failed for LGALS3BP on chromosome 17 with exit status 127","e6e64a4e1649163f97c00ec4062d304f",0
"LGALS4","retry","PLINK failed for LGALS4 on chromosome 19 with exit status 127","cdfd3dfaad67e7c7786f60f0803a94db",0
"LGALS7","retry","PLINK failed for LGALS7 on chromosome 19 with exit status 127","ee8d912c815cdbc74cb51b55fd7ad521",0
"LGALS7B","retry","PLINK failed for LGALS7B on chromosome 19 with exit status 127","72e112d6ca3347a246b70ccda210c5e7",0
"LGALS8","retry","PLINK failed for LGALS8 on chromosome 1 with exit status 127","b2b43a3aef09b5cbaedcadd680ae9f38",0
"LGALS9","retry","PLINK failed for LGALS9 on chromosome 17 with exit status 127","2e5ff9f846e57db1ba33323223dd89b5",0
"LGALS9B","retry","PLINK failed for LGALS9B on chromosome 17 with exit status 127","8a400bfd40d6f20f5f0904796b280281",0
"LGALS9C","retry","PLINK failed for LGALS9C on chromosome 17 with exit status 127","d5f151331c0f24ce65fca4b5a46f79a0",0
"LGALSL","retry","PLINK failed for LGALSL on chromosome 2 with exit status 127","121bf819f5d121b66410ea1c93d64588",0
"LGI1","retry","PLINK failed for LGI1 on chromosome 10 with exit status 127","fa5db7d3ce8bb35af35d588cd41bc2ed",0
"LGI2","retry","PLINK failed for LGI2 on chromosome 4 with exit status 127","f6430226a68a98942d4a2000188b651d",0
"LGI3","retry","PLINK failed for LGI3 on chromosome 8 with exit status 127","df734e961dfcde8a2ee4e38bea443f5c",0
"LGI4","retry","PLINK failed for LGI4 on chromosome 19 with exit status 127","72423dde99c250f0cdbae6ba030f952a",0
"LGMN","retry","PLINK failed for LGMN on chromosome 14 with exit status 127","0ae3c93a70cad9b7450cdd4031ead61d",0
"LGR4","retry","PLINK failed for LGR4 on chromosome 11 with exit status 127","9684c121bd1f26d9489e0400403eeaad",0
"LGR5","retry","PLINK failed for LGR5 on chromosome 12 with exit status 127","0a55d3881a714da56a3ab2f11be0fe10",0
"LGR6","retry","PLINK failed for LGR6 on chromosome 1 with exit status 127","81a40c6da60dc7c4ad461db17a8a39b7",0
"LGSN","retry","PLINK failed for LGSN on chromosome 6 with exit status 127","c2fa0ca45972f6bbc788644d56c5a95b",0
"LHB","retry","PLINK failed for LHB on chromosome 19 with exit status 127","a8fdfa9fcabbb46e6de15175ff886ee0",0
"LHCGR","retry","PLINK failed for LHCGR on chromosome 2 with exit status 127","bcd0308e4b5494fcf6a5a09128d8dbd4",0
"LHFPL1","retry","PLINK failed for LHFPL1 on chromosome X with exit status 127","e0a85152fcda86fa4e0914fd28a31ee2",0
"LHFPL2","retry","PLINK failed for LHFPL2 on chromosome 5 with exit status 127","21d9a79f2e4d49cab0dba465f66af670",0
"LHFPL3","retry","PLINK failed for LHFPL3 on chromosome 7 with exit status 127","d10a6737de0cd7eb599f39e5079b3d2e",0
"LHFPL4","retry","PLINK failed for LHFPL4 on chromosome 3 with exit status 127","977b49ff12f2e4982cb940f537a500aa",0
"LHFPL5","retry","PLINK failed for LHFPL5 on chromosome 6 with exit status 127","f2d19c653bc98ba042e550dda8b9baf0",0
"LHPP","retry","PLINK failed for LHPP on chromosome 10 with exit status 127","279e3523e6a1ef5195eaefe105edb82e",0
"LHX1","retry","PLINK failed for LHX1 on chromosome 17 with exit status 127","b3e1b45c3e8d8ad72105c5d13e67cc6e",0
"LHX2","retry","PLINK failed for LHX2 on chromosome 9 with exit status 127","3f9190b391c90a573165f4231e027690",0
"LHX3","retry","PLINK failed for LHX3 on chromosome 9 with exit status 127","435e64a42af6a481ea7204258fe6c31f",0
"LHX4","retry","PLINK failed for LHX4 on chromosome 1 with exit status 127","61fa81f8a5802cee484c1305238f703b",0
"LHX5","retry","PLINK failed for LHX5 on chromosome 12 with exit status 127","b2d76f8701f6f2bc8c4a13654d93a690",0
"LHX6","retry","PLINK failed for LHX6 on chromosome 9 with exit status 127","ca9ba606464cac4277fe5ad3de729a22",0
"LHX8","retry","PLINK failed for LHX8 on chromosome 1 with exit status 127","a5eb2a871f37b069eb08db5c81e5d202",0
"LHX9","retry","PLINK failed for LHX9 on chromosome 1 with exit status 127","0a1e0ac6f73cffdb026828b65332db6f",0
"LIAS","valid","Validated converged fits","233d9e1a29b663024d545486edd6026a",27
"LIF","valid","Validated converged fits","8b693904e39b7b615d4adefddd019dac",27
"LIFR","valid","Validated converged fits","0680427484bf55d6b56bceea4d55bc44",27
"LIG1","valid","Validated converged fits","00848bdab97cea60e4adcff489f31f03",27
"LIG3","valid","Validated converged fits","aba47eddc3a210df241d5cd362d7f37d",27
"LIG4","valid","Validated converged fits","d140eb56f5d4c4c87bf0f120e7fda39a",27
"LILRA1","valid","Validated converged fits","f3cd26a65f4c0e7415cd9738a080b239",27
"LILRA2","valid","Validated converged fits","0e08fc775fd512bc8a4aeabfbdc379c2",27
"LILRA4","valid","Validated converged fits","4bbeb589ce48082cf61e03335c599de1",27
"LILRA5","valid","Validated converged fits","0b275a58272f863e051099e96ad620c5",27
"LILRA6","valid","Validated converged fits","fd470d0261b50e03577f5fb3110c7b14",27
"LILRB1","valid","Validated converged fits","f1ae7a990277e0798f6c3aaf7e68c370",27
"LILRB2","retry","Missing result","",0
"LILRB3","retry","Missing result","",0
"LILRB4","retry","Missing result","",0
"LILRB5","retry","Missing result","",0
"LIM2","retry","Missing result","",0
"LIMA1","retry","Missing result","",0
"LIMCH1","retry","Missing result","",0
"LIMD1","retry","Missing result","",0
"LIMD2","retry","Missing result","",0
"LIME1","retry","Missing result","",0
"LIMK1","retry","Missing result","",0
"LIMK2","retry","Missing result","",0
"LIMS1","retry","Missing result","",0
"LIMS2","retry","Missing result","",0
"LIMS3","retry","Missing result","",0
"LIMS4","retry","Missing result","",0
"LIN28A","retry","Missing result","",0
"LIN28B","retry","Missing result","",0
"LIN37","retry","Missing result","",0
"LIN52","retry","Missing result","",0
"LIN54","retry","Missing result","",0
"LIN7A","retry","Missing result","",0
"LIN7B","retry","Missing result","",0
"LIN7C","retry","Missing result","",0
"LIN9","retry","Missing result","",0
"LINC00514","retry","Missing result","",0
"LINC00634","retry","Missing result","",0
"LINC00672","retry","Missing result","",0
"LINC02218","retry","Missing result","",0
"LINGO1","retry","Missing result","",0
"LINGO2","retry","Missing result","",0
"LINGO3","retry","Missing result","",0
"LINGO4","retry","Missing result","",0
"LINS1","retry","Missing result","",0
"LIPA","retry","Missing result","",0
"LIPC","retry","Missing result","",0
"LIPE","retry","Missing result","",0
"LIPF","retry","Missing result","",0
"LIPG","retry","Missing result","",0
"LIPH","retry","Missing result","",0
"LIPI","retry","Missing result","",0
"LIPJ","retry","Missing result","",0
"LIPK","retry","Missing result","",0
"LIPM","retry","Missing result","",0
"LIPN","retry","Missing result","",0
"LIPT1","retry","Missing result","",0
"LIPT2","retry","Missing result","",0
"LITAF","retry","Missing result","",0
"LIX1","retry","Missing result","",0
"LIX1L","retry","Missing result","",0
"LKAAEAR1","valid","Validated converged fits","eaf883facced8debd6a8c129a3287ff8",27
"LLGL1","valid","Validated converged fits","05413fd6724793b0888690a895da14d8",27
"LLGL2","valid","Validated converged fits","11abdb456f44a010f521dcf88cea65c0",27
"LLPH","valid","Validated converged fits","5a29eb7d21a8a3291323cf71dbbe347b",27
"LMAN1","valid","Validated converged fits","064841e6593b4f62b8acd2c13c1b6978",27
"LMAN1L","valid","Validated converged fits","96a044af4efa3efd97eea3f5e8f28d7c",27
"LMAN2","valid","Validated converged fits","7ae8c700b400aa92a13b2782b6326fd1",27
"LMAN2L","valid","Validated converged fits","a7a8e0b4f98c49aeeb8b50a36bfb3a17",27
"LMBR1","valid","Validated converged fits","4a7470f320661e1011ad6197cfdd8a96",27
"LMBR1L","valid","Validated converged fits","f616b8f29b16c1d3a26757cf64d2d294",27
"LMBRD1","valid","Validated converged fits","39d51b23b181d26da5f2d37de29988b8",27
"LMBRD2","valid","Validated converged fits","074d15ebb7271ea93cc9defc68ece3fd",27
"LMCD1","valid","Validated converged fits","c14a9f1d04e66544b651d118f44a3705",27
"LMF1","valid","Validated converged fits","19abec12151448d7e225d1e5b295ee93",27
"LMF2","valid","Validated converged fits","2a30fd3fdcd4f2efae2bf4e9377387a2",27
"LMLN","valid","Validated converged fits","8887a455823720a5250af6dccdc68eff",27
"LMNA","valid","Validated converged fits","63421131072f3ff153476551fbbf5b84",27
"LMNB1","valid","Validated converged fits","dfd9414a857e9330b844927286e040f9",27
"LMNB2","retry","Missing result","",0
"LMNTD1","retry","Missing result","",0
"LMNTD2","retry","Missing result","",0
"LMO1","retry","Missing result","",0
"LMO2","retry","Missing result","",0
"LMO3","retry","Missing result","",0
"LMO4","retry","Missing result","",0
"LMO7","retry","Missing result","",0
"LMOD1","retry","Missing result","",0
"LMOD2","retry","Missing result","",0
"LMOD3","retry","Missing result","",0
"LMTK2","retry","Missing result","",0
"LMTK3","retry","Missing result","",0
"LMX1A","retry","Missing result","",0
"LMX1B","retry","Missing result","",0
"LNP1","retry","Missing result","",0
"LNPEP","retry","Missing result","",0
"LNPK","retry","Missing result","",0
"LNX1","retry","Missing result","",0
"LNX2","retry","Missing result","",0
"LONP1","retry","Missing result","",0
"LONP2","retry","Missing result","",0
"LONRF1","retry","Missing result","",0
"LONRF2","retry","Missing result","",0
"LONRF3","retry","Missing result","",0
"LOX","retry","Missing result","",0
"LOXHD1","retry","Missing result","",0
"LOXL1","retry","Missing result","",0
"LOXL2","retry","Missing result","",0
"LOXL3","retry","Missing result","",0
"LOXL4","retry","Missing result","",0
"LPA","retry","Missing result","",0
"LPAR1","retry","Missing result","",0
"LPAR2","retry","Missing result","",0
"LPAR3","retry","Missing result","",0
"LPAR4","retry","Missing result","",0
"LPAR5","retry","Missing result","",0
"LPAR6","retry","Missing result","",0
"LPCAT1","retry","Missing result","",0
"LPCAT2","retry","Missing result","",0
"LPCAT3","retry","Missing result","",0
"LPCAT4","retry","Missing result","",0
"LPGAT1","retry","Missing result","",0
"LPIN1","retry","Missing result","",0
"LPIN2","valid","Validated converged fits","30dda4229dc1199aec155ccdb1de9f05",27
"LPIN3","valid","Validated converged fits","f8d8b566173ff40b31aaffe5a01d33b6",27
"LPL","valid","Validated converged fits","f941e646eff34b71c6ffb88573dff00e",27
"LPO","valid","Validated converged fits","5cb127cb7496b84870708b6bcf00e187",27
"LPP","valid","Validated converged fits","bc039ff708be955698a20ed36ee93a52",27
"LPXN","valid","Validated converged fits","1bce1c0185e0a6fbeaa2f8db213e8cff",27
"LRAT","valid","Validated converged fits","8f3f6a80576613d0090f7148998dc58a",27
"LRBA","valid","Validated converged fits","52bd683a11399910d8b4920fab4bed3c",27
"LRCH1","valid","Validated converged fits","e70c3271f6828f4caf81221bf2c8ec82",27
"LRCH2","retry","PLINK failed for LRCH2 on chromosome X with exit status 7","777b473ba196356269da2a04f900bd99",0
"LRCH3","valid","Validated converged fits","78ff5f5f664a8d94fff67d9a28bf46af",27
"LRCH4","valid","Validated converged fits","d9f4499e8d1d274ded16a6c84e0e4959",27
"LRCOL1","valid","Validated converged fits","d9d5cc316f237605153fd07664d7fe06",27
"LRFN1","valid","Validated converged fits","218f2fdfd381030a3200936c55069133",27
"LRFN2","valid","Validated converged fits","b56eb6c99545cc0188eb4a2a3d91880c",27
"LRFN3","valid","Validated converged fits","659f20f0d03179a767b863d06fde532e",27
"LRFN4","valid","Validated converged fits","202de3d4637fdf52edec8eab6603308b",27
"LRFN5","valid","Validated converged fits","508eef2837c460bd2a992435efc6fcc4",27
"LRG1","retry","Missing result","",0
"LRGUK","retry","Missing result","",0
"LRIF1","retry","Missing result","",0
"LRIG1","retry","Missing result","",0
"LRIG2","retry","Missing result","",0
"LRIG3","retry","Missing result","",0
"LRIT1","retry","Missing result","",0
"LRIT2","retry","Missing result","",0
"LRIT3","retry","Missing result","",0
"LRP1","retry","Missing result","",0
"LRP10","retry","Missing result","",0
"LRP11","retry","Missing result","",0
"LRP12","retry","Missing result","",0
"LRP1B","retry","Missing result","",0
"LRP2","retry","Missing result","",0
"LRP2BP","retry","Missing result","",0
"LRP3","retry","Missing result","",0
"LRP4","retry","Missing result","",0
"LRP5","retry","Missing result","",0
"LRP6","retry","Missing result","",0
"LRP8","retry","Missing result","",0
"LRPAP1","retry","Missing result","",0
"LRPPRC","retry","Missing result","",0
"LRR1","retry","Missing result","",0
"LRRC1","retry","Missing result","",0
"LRRC10","retry","Missing result","",0
"LRRC10B","retry","Missing result","",0
"LRRC14","retry","Missing result","",0
"LRRC14B","retry","Missing result","",0
"LRRC15","retry","Missing result","",0
"LRRC17","retry","Missing result","",0
"LRRC18","retry","Missing result","",0
"LRRC19","retry","Missing result","",0
"LRRC2","retry","Missing result","",0
"LRRC20","retry","Missing result","",0
"LRRC23","retry","Missing result","",0
"LRRC25","retry","Missing result","",0
"LRRC26","retry","Missing result","",0
"LRRC27","retry","Missing result","",0
"LRRC28","retry","Missing result","",0
"LRRC3","retry","Missing result","",0
"LRRC30","retry","Missing result","",0
"LRRC31","retry","Missing result","",0
"LRRC32","retry","Missing result","",0
"LRRC34","valid","Validated converged fits","ddff5d6a530d837f316e5027e4cd6727",27
"LRRC36","valid","Validated converged fits","5f49bb80f2de3d67e10b4bd438c65222",27
"LRRC37A","valid","Validated converged fits","07a3e3b348e2f74d8fac9fb1e25ef7d6",27
"LRRC37A2","valid","Validated converged fits","2c6d32b70805b8ebbb44d8685204acc2",27
"LRRC37A3","valid","Validated converged fits","e1161946cf3db6f7247d146bc626383c",27
"LRRC37B","valid","Validated converged fits","5e2a10385b6c58ebac92b2f7d3df8782",27
"LRRC38","valid","Validated converged fits","63af5b1fa3f494e6b7dc7eca1c047cf7",27
"LRRC39","valid","Validated converged fits","e2cb42fddecf52a1a3796d70b406ebfc",27
"LRRC3B","valid","Validated converged fits","7037a1ad89f4477f69bb1cb7b8bc2028",27
"LRRC3C","valid","Validated converged fits","49a9dcd4a20364764f2a656a6658ee11",27
"LRRC4","valid","Validated converged fits","31970ce2324e345eca4efd0dea1ceb9f",27
"LRRC40","valid","Validated converged fits","50ad673fb70897583e8b3d269aad6f5f",27
"LRRC41","valid","Validated converged fits","f8b7ff962a6c8d0b60903ff582d5f25f",27
"LRRC42","valid","Validated converged fits","71d1ac62beac37c533d80813e71e307d",27
"LRRC43","valid","Validated converged fits","05f7cb08374449f81580087e9a8ae4b7",27
"LRRC45","valid","Validated converged fits","9b424bc122f54800f016675513a3a40d",27
"LRRC46","valid","Validated converged fits","66b6fcd9899e69941496d5acd18a43f4",27
"LRRC47","retry","Missing result","",0
"LRRC49","retry","Missing result","",0
"LRRC4B","retry","Missing result","",0
"LRRC4C","retry","Missing result","",0
"LRRC52","retry","Missing result","",0
"LRRC53","retry","Missing result","",0
"LRRC55","retry","Missing result","",0
"LRRC56","retry","Missing result","",0
"LRRC57","retry","Missing result","",0
"LRRC58","retry","Missing result","",0
"LRRC59","retry","Missing result","",0
"LRRC6","retry","Missing result","",0
"LRRC61","retry","Missing result","",0
"LRRC63","retry","Missing result","",0
"LRRC66","retry","Missing result","",0
"LRRC69","retry","Missing result","",0
"LRRC7","retry","Missing result","",0
"LRRC70","retry","Missing result","",0
"LRRC71","retry","Missing result","",0
"LRRC72","retry","Missing result","",0
"LRRC73","retry","Missing result","",0
"LRRC74A","retry","Missing result","",0
"LRRC74B","retry","Missing result","",0
"LRRC75A","retry","Missing result","",0
"LRRC75B","retry","Missing result","",0
"LRRC8A","retry","Missing result","",0
"LRRC8B","retry","Missing result","",0
"LRRC8C","retry","Missing result","",0
"LRRC8D","retry","Missing result","",0
"LRRC8E","retry","Missing result","",0
"LRRC9","retry","Missing result","",0
"LRRCC1","retry","Missing result","",0
"LRRD1","retry","Missing result","",0
"LRRFIP1","retry","Missing result","",0
"LRRFIP2","retry","Missing result","",0
"LRRIQ1","retry","Missing result","",0
"LRRIQ3","retry","Missing result","",0
"LRRIQ4","retry","Missing result","",0
"LRRK1","retry","Missing result","",0
"LRRK2","retry","Missing result","",0
"LRRN1","retry","Missing result","",0
"LRRN2","retry","Missing result","",0
"LRRN3","retry","Missing result","",0
"LRRN4","retry","Missing result","",0
"LRRN4CL","retry","Missing result","",0
"LRRTM1","valid","Validated converged fits","a22d08ee2155bd362fda581bbd8b9466",27
"LRRTM2","valid","Validated converged fits","ed5d8be89d3b8826a7d9b27284acaebc",27
"LRRTM3","valid","Validated converged fits","3cfeb3a9b53a569eef4acd6f4abf42b6",27
"LRRTM4","valid","Validated converged fits","bd11d1a0e7abc547ba9e37041088ed06",27
"LRSAM1","valid","Validated converged fits","3095840b8718daad27e49cef152d16f2",27
"LRTM1","valid","Validated converged fits","639bff4f5e22b0d2d49b3831a0c6f467",27
"LRTM2","valid","Validated converged fits","1693e6580cb2180d4d86145b9ce60fc1",27
"LRTOMT","retry","PLINK failed for LRTOMT on chromosome 11 with exit status 127","69b748632a6b620ff32cb5e6b2142b2a",0
"LRWD1","valid","Validated converged fits","736fd2146624d7123bf70a85ac9e153d",27
"LSAMP","valid","Validated converged fits","f01b3f17fb92603fe5d05b4695a6d306",27
"LSG1","retry","PLINK failed for LSG1 on chromosome 3 with exit status 127","e6fd118b72991f565da804856578128c",0
"LSM1","retry","PLINK failed for LSM1 on chromosome 8 with exit status 127","a7a89ebe5d36858d668a38853a07888a",0
"LSM10","retry","PLINK failed for LSM10 on chromosome 1 with exit status 127","be803e4defacd808e377017ef826ea71",0
"LSM11","retry","PLINK failed for LSM11 on chromosome 5 with exit status 127","0ef06b1c8571a48efe9e8803bdc5b4c9",0
"LSM12","retry","PLINK failed for LSM12 on chromosome 17 with exit status 127","1826087df0c5faf709d71033cbfbf92f",0
"LSM14A","retry","PLINK failed for LSM14A on chromosome 19 with exit status 127","0e2864e3a59fe13006b352fa9a44d7a9",0
"LSM14B","retry","PLINK failed for LSM14B on chromosome 20 with exit status 127","2044c1d74db5c53b71b3c9f8422b5ef7",0
"LSM2","retry","PLINK failed for LSM2 on chromosome 6 with exit status 127","68a28c9922541787f3a3a6a550e56ee7",0
"LSM3","retry","PLINK failed for LSM3 on chromosome 3 with exit status 127","1a830058ce801c2b71700c08d9270b03",0
"LSM4","retry","PLINK failed for LSM4 on chromosome 19 with exit status 127","0a6468d394868815390f40063e83e53c",0
"LSM5","retry","PLINK failed for LSM5 on chromosome 7 with exit status 127","b9b1a7e5eda50a96bb268d5200ea3e55",0
"LSM6","retry","PLINK failed for LSM6 on chromosome 4 with exit status 127","b14871d4dde3fa20acba55e0b6b757f6",0
"LSM7","retry","PLINK failed for LSM7 on chromosome 19 with exit status 127","73793af8e849748ec542a1a0854e66bc",0
"LSM8","retry","PLINK failed for LSM8 on chromosome 7 with exit status 127","95641faa2b528fe38b82e19eb5a3dde9",0
"LSMEM1","retry","PLINK failed for LSMEM1 on chromosome 7 with exit status 127","2205dda8a850d97903c0a6ae7710bb65",0
"LSMEM2","retry","PLINK failed for LSMEM2 on chromosome 3 with exit status 127","b4ade8a60dbd1789d9fa2c4927e0c32d",0
"LSP1","retry","PLINK failed for LSP1 on chromosome 11 with exit status 127","65c054666e8bdd7af49fb3b6d4a790bc",0
"LSR","retry","PLINK failed for LSR on chromosome 19 with exit status 127","6fda250a2c5b4ff53362c62b6ee0d0cf",0
"LSS","retry","PLINK failed for LSS on chromosome 21 with exit status 127","b5a628eb84566a3a45ee1f17b435714a",0
"LST1","retry","PLINK failed for LST1 on chromosome 6 with exit status 127","5df76d0b12acab26b5ebf8a1d47499c4",0
"LTA","retry","PLINK failed for LTA on chromosome 6 with exit status 127","f1057936f78669f5d7c5e0caaf4057c1",0
"LTA4H","retry","PLINK failed for LTA4H on chromosome 12 with exit status 127","c09a855e965eefdc14b8f59c311c5a6d",0
"LTB","retry","PLINK failed for LTB on chromosome 6 with exit status 127","3865a436c71924be631d597d79d0632c",0
"LTB4R","retry","PLINK failed for LTB4R on chromosome 14 with exit status 127","0f975cadb1c0e330d787e5c651c21960",0
"LTB4R2","retry","PLINK failed for LTB4R2 on chromosome 14 with exit status 127","8ff6f2012b232f685f5c51b90d27474c",0
"LTBP1","retry","PLINK failed for LTBP1 on chromosome 2 with exit status 127","8ce99ed226a47262f4bbe094d1fe41db",0
"LTBP2","retry","PLINK failed for LTBP2 on chromosome 14 with exit status 127","afa49c941fa7e16718d476b1ddf0704b",0
"LTBP3","retry","PLINK failed for LTBP3 on chromosome 11 with exit status 127","04fd801bbffa420dbf093e6ce9273a34",0
"LTBP4","retry","PLINK failed for LTBP4 on chromosome 19 with exit status 127","7c719c32632cfcece7a584910e28ba6e",0
"LTBR","retry","PLINK failed for LTBR on chromosome 12 with exit status 127","4c7554dafb81ffe6c7dcce43cead9a43",0
"LTF","retry","PLINK failed for LTF on chromosome 3 with exit status 127","0cbe3a0ee337dbfdad30d526a5001105",0
"LTK","retry","PLINK failed for LTK on chromosome 15 with exit status 127","309ab760d13b072f553a25e999848223",0
"LTN1","retry","PLINK failed for LTN1 on chromosome 21 with exit status 127","513703a0631e016166ff425234ae47f4",0
"LTV1","retry","PLINK failed for LTV1 on chromosome 6 with exit status 127","e7221e625c72bb5225b6ab134afb2d85",0
"LUC7L","retry","PLINK failed for LUC7L on chromosome 16 with exit status 127","b9db89142d324de67fc804156f8c9e88",0
"LUC7L2","retry","PLINK failed for LUC7L2 on chromosome 7 with exit status 127","7836aaaafd4cd9e982ce03da4b97d341",0
"LUC7L3","retry","PLINK failed for LUC7L3 on chromosome 17 with exit status 127","7b10fcc29ec56fbc1689e3c782af75ca",0
"LUM","retry","PLINK failed for LUM on chromosome 12 with exit status 127","1dd06e9017154abc88ffbcafe2495e93",0
"LURAP1","retry","PLINK failed for LURAP1 on chromosome 1 with exit status 127","b8ac5111846953e6457f9cabeb7b7c30",0
"LURAP1L","retry","PLINK failed for LURAP1L on chromosome 9 with exit status 127","0bfb035d9a93d62777d70da54c13b833",0
"LUZP1","valid","Validated converged fits","851e5a941efca2af85330279db4294d6",27
"LUZP2","retry","PLINK failed for LUZP2 on chromosome 11 with exit status 127","9cfd24fad557310e751248fa2b7aa7ed",0
"LUZP4","retry","PLINK failed for LUZP4 on chromosome X with exit status 7","c71514ac1b4774120fcf9c70da645aed",0
"LVRN","valid","Validated converged fits","65b6870760eeaab06964983c88157e2d",27
"LXN","valid","Validated converged fits","2112bf922763d7c19cde7fcf43d9b949",27
"LY6D","valid","Validated converged fits","9a528172cd9133e1da4c8339888f36a8",27
"LY6E","valid","Validated converged fits","d7be60b3ed096f21a6073cf243cfdb9f",27
"LY6G5B","retry","Missing result","",0
"LY6G5C","retry","Missing result","",0
"LY6G6C","retry","Missing result","",0
"LY6G6D","retry","Missing result","",0
"LY6G6E","retry","Missing result","",0
"LY6G6F","valid","Validated converged fits","462555bf6a974bcd87b840cefdc0e8b3",27
"LY6H","valid","Validated converged fits","e15e9b11cb3740a81ae652e39e8e888d",27
"LY6K","valid","Validated converged fits","cbc4a3e6ef2d4bdb0c2d51a775e6f3d0",27
"LY6L","valid","Validated converged fits","43f3cfe4cbc6a61117ee88ed03cbdc70",27
"LY75","valid","Validated converged fits","f495b6fb538f71f1c117b9d776b0ff28",27
"LY86","valid","Validated converged fits","ebdaf72368bad81c205ed055308ca806",27
"LY9","valid","Validated converged fits","1be43c60b6249386bb1d5c36130d30fb",27
"LY96","valid","Validated converged fits","99088cb249a381d3db4a2419508c4923",27
"LYAR","valid","Validated converged fits","3b661e487ab48957cd0df25c9adf90d5",27
"LYG1","valid","Validated converged fits","12210fd0ac40373ceb0536737ad9bece",27
"LYG2","valid","Validated converged fits","118fed121351782892f0b591d1048c39",27
"LYL1","retry","Missing result","",0
"LYN","retry","Missing result","",0
"LYNX1","retry","Missing result","",0
"LYPD1","retry","Missing result","",0
"LYPD2","retry","Missing result","",0
"LYPD3","retry","Missing result","",0
"LYPD4","retry","Missing result","",0
"LYPD5","retry","Missing result","",0
"LYPD6","retry","Missing result","",0
"LYPD6B","retry","Missing result","",0
"LYPD8","retry","Missing result","",0
"LYPLA1","retry","Missing result","",0
"LYPLA2","retry","Missing result","",0
"LYPLAL1","retry","Missing result","",0
"LYRM1","retry","Missing result","",0
"LYRM2","retry","Missing result","",0
"LYRM4","retry","Missing result","",0
"LYRM7","retry","Missing result","",0
"LYRM9","retry","Missing result","",0
"LYSMD1","retry","Missing result","",0
"LYSMD2","retry","Missing result","",0
"LYSMD3","retry","Missing result","",0
"LYSMD4","retry","Missing result","",0
"LYST","retry","Missing result","",0
"LYVE1","retry","Missing result","",0
"LYZ","retry","Missing result","",0
"LYZL1","retry","Missing result","",0
"LYZL2","retry","Missing result","",0
"LYZL4","retry","Missing result","",0
"LYZL6","retry","Missing result","",0
"LZIC","retry","Missing result","",0
"LZTFL1","retry","Missing result","",0
"LZTR1","retry","Missing result","",0
"LZTS1","retry","Missing result","",0
"LZTS2","retry","Missing result","",0
"LZTS3","retry","Missing result","",0
"M1AP","retry","Missing result","",0
"M6PR","retry","Missing result","",0
"MAB21L1","retry","Missing result","",0
"MAB21L2","retry","Missing result","",0
"MAB21L3","retry","Missing result","",0
"MACC1","retry","Missing result","",0
"MACF1","retry","Missing result","",0
"MACROD1","retry","Missing result","",0
"MACROD2","retry","Missing result","",0
"MAD1L1","retry","Missing result","",0
"MAD2L1","retry","Missing result","",0
"MAD2L1BP","retry","Missing result","",0
"MAD2L2","retry","Missing result","",0
"MADCAM1","retry","Missing result","",0
"MADD","retry","Missing result","",0
"MAEA","valid","Validated converged fits","15f16a848e1cf971670ee684e0ebc77a",27
"MAEL","valid","Validated converged fits","412f2df92c698f55bd186ff596ac53d1",27
"MAF","valid","Validated converged fits","2079b49097e800ac9794e84d962de2e4",27
"MAF1","valid","Validated converged fits","c89aaf1a54633d21f3acd103ceda3a15",27
"MAFA","valid","Validated converged fits","0bd3752b1b38ba7ad60c45df91a1274a",27
"MAFB","valid","Validated converged fits","5e79921311026cbadea5eb120ee7fc8f",27
"MAFF","valid","Validated converged fits","455c8d22189bed1c550639ab9742c4b5",27
"MAFG","valid","Validated converged fits","df0c94a2bb43822e6eb84baf8919308b",27
"MAFK","valid","Validated converged fits","b82e01d84b43d6fad924011197ea0850",27
"MAG","valid","Validated converged fits","6f2f221b7b8bd37288b6c0051a05d1c3",27
"MAGEA1","retry","PLINK failed for MAGEA1 on chromosome X with exit status 7","5db27d9ebb1eeb3102d1d955ba878df1",0
"MAGEA10","retry","PLINK failed for MAGEA10 on chromosome X with exit status 7","230c8edd3f37fdf95bc5d749210698b4",0
"MAGEA11","retry","PLINK failed for MAGEA11 on chromosome X with exit status 7","7a20653f9a71813fe28e58dfcdf95d78",0
"MAGEA12","retry","PLINK failed for MAGEA12 on chromosome X with exit status 7","41bece4221b70ac4b97ddb815318a02f",0
"MAGEA2","retry","PLINK failed for MAGEA2 on chromosome X with exit status 7","dfcde2b0df9fa52b35d2c13f359c63af",0
"MAGEA2B","retry","PLINK failed for MAGEA2B on chromosome X with exit status 7","ba6b7722edac1a8f711aee929162df91",0
"MAGEA3","retry","PLINK failed for MAGEA3 on chromosome X with exit status 7","b79471518e2cfd45a931f98384130773",0
"MAGEA4","retry","PLINK failed for MAGEA4 on chromosome X with exit status 7","c3c052b328d1491dc639a74abeda5bb8",0
"MAGEA6","retry","PLINK failed for MAGEA6 on chromosome X with exit status 7","4c3e2fc8c9bef8ec7b20b809db1d1092",0
"MAGEA8","retry","PLINK failed for MAGEA8 on chromosome X with exit status 7","40adecc568d1e64d68cd7ae92cfd8a1d",0
"MAGEA9","retry","PLINK failed for MAGEA9 on chromosome X with exit status 7","66dd13436688c551dbfe9373349a0008",0
"MAGEA9B","retry","PLINK failed for MAGEA9B on chromosome X with exit status 7","3c87eafed257b35b290c2600d5f728de",0
"MAGEB1","retry","PLINK failed for MAGEB1 on chromosome X with exit status 7","5d45fdc96d5470320b055271c8889922",0
"MAGEB10","retry","PLINK failed for MAGEB10 on chromosome X with exit status 7","6ca926cc007d50bb72021cf1982e5e8e",0
"MAGEB16","retry","PLINK failed for MAGEB16 on chromosome X with exit status 7","848886ed3cfb0047f48d96e444a16e85",0
"MAGEB17","retry","PLINK failed for MAGEB17 on chromosome X with exit status 7","7a5eeb87ef738d29e219651d8a9af865",0
"MAGEB18","retry","PLINK failed for MAGEB18 on chromosome X with exit status 7","c58f0cd4709fe634f79e0c6a0b42b945",0
"MAGEB2","retry","PLINK failed for MAGEB2 on chromosome X with exit status 7","4a4f5c45da0152ab5eb340dc2035a2be",0
"MAGEB3","retry","PLINK failed for MAGEB3 on chromosome X with exit status 7","646ea54f40570412f79929bc0b051074",0
"MAGEB4","retry","PLINK failed for MAGEB4 on chromosome X with exit status 7","30e3b50615932fd7683ecf6af4d978c1",0
"MAGEB5","retry","PLINK failed for MAGEB5 on chromosome X with exit status 7","b66ecdce52e2ac8a6dcdbf2644163b61",0
"MAGEB6","retry","PLINK failed for MAGEB6 on chromosome X with exit status 7","8bc8c6524de0c776a83df4565268a884",0
"MAGEC1","retry","PLINK failed for MAGEC1 on chromosome X with exit status 7","4579c25bd194b456c97a0c76a856c484",0
"MAGEC2","retry","PLINK failed for MAGEC2 on chromosome X with exit status 7","8fa77507c4e108310e888b5df4010a8a",0
"MAGEC3","retry","PLINK failed for MAGEC3 on chromosome X with exit status 7","7d3911a0162ae38e0ecc3f61f74ec582",0
"MAGED1","retry","PLINK failed for MAGED1 on chromosome X with exit status 7","17f326903295c017bb75d7369a401784",0
"MAGED2","retry","PLINK failed for MAGED2 on chromosome X with exit status 7","df530297e14849ca566135bf775b1e61",0
"MAGED4","retry","PLINK failed for MAGED4 on chromosome X with exit status 7","4bfb3739d8eefcd74802d1b7fbfe299b",0
"MAGED4B","retry","PLINK failed for MAGED4B on chromosome X with exit status 7","63053a249f4b35300a31d646bbff2974",0
"MAGEE1","retry","PLINK failed for MAGEE1 on chromosome X with exit status 7","0c2de77cb58e598bac6110d63e3206f7",0
"MAGEE2","retry","PLINK failed for MAGEE2 on chromosome X with exit status 7","d31c52dcbac0ed23d959568568a147d1",0
"MAGEF1","valid","Validated converged fits","3a0b003736b72d3d3cde1d17a560841e",27
"MAGEH1","retry","PLINK failed for MAGEH1 on chromosome X with exit status 7","70110bd42ebba0216006e80f4a43db3b",0
"MAGEL2","valid","Validated converged fits","faa493378365cba85a7b1cc8a2ef884d",27
"MAGI1","valid","Validated converged fits","7ce9f41946fe3581d3bbff7d74b41301",27
"MAGI2","valid","Validated converged fits","792bc76364ebc6c5c121ce28f623a3e1",27
"MAGI3","valid","Validated converged fits","5061f137ec8f82f412e0c817984fd82b",27
"MAGIX","retry","PLINK failed for MAGIX on chromosome X with exit status 7","ff24f6635338a9da4b759ff7adaf184f",0
"MAGOH","retry","Missing result","",0
"MAGOHB","retry","Missing result","",0
"MAGT1","retry","Missing result","",0
"MAIP1","retry","Missing result","",0
"MAJIN","retry","Missing result","",0
"MAK","retry","Missing result","",0
"MAK16","retry","Missing result","",0
"MAL","retry","Missing result","",0
"MAL2","retry","Missing result","",0
"MALL","retry","Missing result","",0
"MALRD1","retry","Missing result","",0
"MALSU1","retry","Missing result","",0
"MALT1","retry","Missing result","",0
"MAMDC2","retry","Missing result","",0
"MAMDC4","valid","Validated converged fits","cdb07476d8d8522a9e25885311946652",27
"MAML1","valid","Validated converged fits","350170c8c1579bdfb927306dbb358227",27
"MAML2","valid","Validated converged fits","e3dfc326dd9bb6f9cd20cecb5690963e",27
"MAML3","valid","Validated converged fits","b1fc1d7a75d2a5e1038cc82086664b3e",27
"MAMLD1","retry","PLINK failed for MAMLD1 on chromosome X with exit status 127","2f057d74c06d9b16a4b3d5cb72666381",0
"MAMSTR","valid","Validated converged fits","a842f28eb0f157a5c77e2f9d3ab51696",27
"MAN1A1","valid","Validated converged fits","cce223bdd0373dd04d59ae31f4e7ed36",27
"MAN1A2","valid","Validated converged fits","760842911d0dced8909bd6534efe2457",27
"MAN1B1","valid","Validated converged fits","cf0966ad6f2da4adcfeb91d3d0551b8b",27
"MAN1C1","valid","Validated converged fits","9fb56c82e64c2c09175bf9b83908f301",27
"MAN2A1","valid","Validated converged fits","6a1316f850e71bb67deece263e776422",27
"MAN2A2","valid","Validated converged fits","7162657f6a0ea701ba14830e56120cd7",27
"MAN2B1","valid","Validated converged fits","78de80400e98ce8722d676bb4ca27be2",27
"MAN2B2","valid","Validated converged fits","a54c39dff051f5b1a9995c7fbe49392e",27
"MAN2C1","valid","Validated converged fits","5d7b4cc1fd1eb82e9c28a48d268c9e58",27
"MANBA","valid","Validated converged fits","5835328bf9577a172e2f02014189f152",27
"MANBAL","valid","Validated converged fits","ec857d8b5b6ba65f865ff92eae21711a",27
"MANEA","valid","Validated converged fits","fc021a8f4899225e8e1dc109246daf01",27
"MANEAL","valid","Validated converged fits","0e71ec79caa2de246686a91654d7c1bc",27
"MANF","retry","Missing result","",0
"MANSC1","retry","Missing result","",0
"MANSC4","retry","Missing result","",0
"MAOA","retry","Missing result","",0
"MAOB","retry","Missing result","",0
"MAP10","retry","Missing result","",0
"MAP1A","retry","Missing result","",0
"MAP1B","retry","Missing result","",0
"MAP1LC3A","retry","Missing result","",0
"MAP1LC3B","retry","Missing result","",0
"MAP1LC3B2","retry","Missing result","",0
"MAP1LC3C","retry","Missing result","",0
"MAP1S","retry","Missing result","",0
"MAP2","retry","Missing result","",0
"MAP2K1","retry","Missing result","",0
"MAP2K2","retry","Missing result","",0
"MAP2K3","retry","Missing result","",0
"MAP2K4","retry","Missing result","",0
"MAP2K5","retry","Missing result","",0
"MAP2K6","retry","Missing result","",0
"MAP2K7","retry","Missing result","",0
"MAP3K1","retry","Missing result","",0
"MAP3K10","retry","Missing result","",0
"MAP3K11","retry","Missing result","",0
"MAP3K12","retry","Missing result","",0
"MAP3K13","retry","Missing result","",0
"MAP3K14","retry","Missing result","",0
"MAP3K15","retry","Missing result","",0
"MAP3K19","retry","Missing result","",0
"MAP3K2","retry","Missing result","",0
"MAP3K20","retry","Missing result","",0
"MAP3K21","retry","Missing result","",0
"MAP3K3","retry","Missing result","",0
"MAP3K4","retry","Missing result","",0
"MAP3K5","retry","Missing result","",0
"MAP3K6","retry","Missing result","",0
"MAP3K7","retry","Missing result","",0
"MAP3K7CL","retry","Missing result","",0
"MAP3K8","retry","Missing result","",0
"MAP3K9","retry","Missing result","",0
"MAP4","retry","Missing result","",0
"MAP4K1","retry","Missing result","",0
"MAP4K2","retry","Missing result","",0
"MAP4K3","valid","Validated converged fits","8998052aa435698bc9619722816f7c5d",27
"MAP4K4","valid","Validated converged fits","2986e0a6921d2f5410c9cb3a4486961b",27
"MAP4K5","valid","Validated converged fits","b6761c24cffbca443d14f3ceebe1454a",27
"MAP6","valid","Validated converged fits","d90f56158c9b94f6407c4cedb39de9d6",27
"MAP6D1","valid","Validated converged fits","3cabb36bb01bfb1f192873deca3d4753",27
"MAP7","valid","Validated converged fits","ff296c6b8c34bc5d9491c488c1b7d21d",27
"MAP7D1","valid","Validated converged fits","834cc6105ad33660fb3a3dcf8af85d18",27
"MAP7D2","retry","PLINK failed for MAP7D2 on chromosome X with exit status 7","16b3f3e912a95c27bc9171b8d9b68d36",0
"MAP7D3","retry","PLINK failed for MAP7D3 on chromosome X with exit status 7","5f8e25cce96dd64a847a35c2369219cb",0
"MAP9","valid","Validated converged fits","d3dfa94434e0c7005ca67112bd69b1af",27
"MAPK1","valid","Validated converged fits","1535cc999b73bd3bd70b1c49410f6fc9",27
"MAPK10","valid","Validated converged fits","650c06f1363a6f783d418a2b32aefdd2",27
"MAPK11","valid","Validated converged fits","4148d38c263436152920470764bbe677",27
"MAPK12","valid","Validated converged fits","37e32c17080bb2824f1c3064b2b4211d",27
"MAPK13","valid","Validated converged fits","e373a83202b67b0c17414907a5f56939",27
"MAPK14","valid","Validated converged fits","093a66ebe362438ad780686de3eb2ed4",27
"MAPK15","retry","Missing result","",0
"MAPK1IP1L","retry","Missing result","",0
"MAPK3","retry","Missing result","",0
"MAPK4","retry","Missing result","",0
"MAPK6","retry","Missing result","",0
"MAPK7","retry","Missing result","",0
"MAPK8","retry","Missing result","",0
"MAPK8IP1","retry","Missing result","",0
"MAPK8IP2","retry","Missing result","",0
"MAPK8IP3","retry","Missing result","",0
"MAPK9","retry","Missing result","",0
"MAPKAP1","retry","Missing result","",0
"MAPKAPK2","retry","Missing result","",0
"MAPKAPK3","retry","Missing result","",0
"MAPKAPK5","retry","Missing result","",0
"MAPKBP1","retry","Missing result","",0
"MAPRE1","retry","Missing result","",0
"MAPRE2","retry","Missing result","",0
"MAPRE3","retry","Missing result","",0
"MAPT","retry","Missing result","",0
"MARCKS","retry","Missing result","",0
"MARCKSL1","retry","Missing result","",0
"MARCO","retry","Missing result","",0
"MARK1","retry","Missing result","",0
"MARK2","retry","Missing result","",0
"MARK3","retry","Missing result","",0
"MARK4","retry","Missing result","",0
"MARS2","retry","Missing result","",0
"MARVELD1","retry","Missing result","",0
"MARVELD2","retry","Missing result","",0
"MARVELD3","retry","Missing result","",0
"MAS1","retry","Missing result","",0
"MAS1L","retry","Missing result","",0
"MASP1","retry","Missing result","",0
"MASP2","retry","Missing result","",0
"MAST1","retry","Missing result","",0
"MAST2","retry","Missing result","",0
"MAST3","retry","Missing result","",0
"MAST4","retry","Missing result","",0
"MASTL","retry","Missing result","",0
"MAT1A","retry","Missing result","",0
"MAT2A","retry","Missing result","",0
"MAT2B","retry","Missing result","",0
"MATK","retry","Missing result","",0
"MATN1","retry","Missing result","",0
"MATN2","retry","Missing result","",0
"MATN3","valid","Validated converged fits","505a8ef5a886e71e17e704bc2e567c81",27
"MATN4","valid","Validated converged fits","816245b5e66dcf7b73ba5d88cce9c79a",27
"MATR3","retry","PLINK failed for MATR3 on chromosome 5 with exit status 127","d08da1ce14e9e11d2b0548e028c5b4fd",0
"MAU2","retry","PLINK failed for MAU2 on chromosome 19 with exit status 127","c974f2d40dfaa2f3d1e8499351f85a7d",0
"MAVS","retry","PLINK failed for MAVS on chromosome 20 with exit status 127","81ae3b7aaff6740fec613e8d015b40f6",0
"MAX","retry","PLINK failed for MAX on chromosome 14 with exit status 127","f598a86823ab13c1c5d1a7831f193662",0
"MAZ","retry","PLINK failed for MAZ on chromosome 16 with exit status 127","2f00e1bb1cb6b7e0ceeaf1dafe0fc9ff",0
"MB","retry","PLINK failed for MB on chromosome 22 with exit status 127","1e111d03bef33460e4e1954c4be8a542",0
"MB21D2","retry","PLINK failed for MB21D2 on chromosome 3 with exit status 127","7df9f9214fda62475a3e03833d71af07",0
"MBD1","retry","PLINK failed for MBD1 on chromosome 18 with exit status 127","46f205b036cd5d9392e11ac062df55f1",0
"MBD2","retry","PLINK failed for MBD2 on chromosome 18 with exit status 127","71b727301990dce0de72bfb4369c75e5",0
"MBD3","retry","PLINK failed for MBD3 on chromosome 19 with exit status 127","b67822bd7388f41b8943d55ddd8876e9",0
"MBD3L1","retry","PLINK failed for MBD3L1 on chromosome 19 with exit status 127","ebfeee67d19e77ab1a07516aa57e4c45",0
"MBD3L2","retry","PLINK failed for MBD3L2 on chromosome 19 with exit status 127","d9690dc272a9cb77e64d7ecfce55e4f7",0
"MBD3L3","retry","PLINK failed for MBD3L3 on chromosome 19 with exit status 127","1a201db14c473c45470e592aa6f1a2ed",0
"MBD3L4","retry","PLINK failed for MBD3L4 on chromosome 19 with exit status 127","01e02194c05907d7a7bf08db283fa660",0
"MBD3L5","retry","PLINK failed for MBD3L5 on chromosome 19 with exit status 127","e9ea9e28af0e2c7bab2488fbc9622016",0
"MBD4","retry","PLINK failed for MBD4 on chromosome 3 with exit status 127","d08f87545c2a258e89c235dd71afb887",0
"MBD5","retry","PLINK failed for MBD5 on chromosome 2 with exit status 127","b0bba27d66127d18d99f062a9b96d68b",0
"MBD6","retry","PLINK failed for MBD6 on chromosome 12 with exit status 127","4db6a28211fcedf7d26aa9d6da01bcb7",0
"MBIP","retry","PLINK failed for MBIP on chromosome 14 with exit status 127","b624d205742971bc6e2088629ac2d6ed",0
"MBL2","retry","PLINK failed for MBL2 on chromosome 10 with exit status 127","4db98eb35bb372c17bbd8739bd525416",0
"MBLAC1","retry","PLINK failed for MBLAC1 on chromosome 7 with exit status 127","db17254cd7bf751f3095fc46fd1c7c4a",0
"MBLAC2","retry","PLINK failed for MBLAC2 on chromosome 5 with exit status 127","1ed941376c921556bffe81c257620901",0
"MBNL1","retry","PLINK failed for MBNL1 on chromosome 3 with exit status 127","b71f87d569308862275018fe4af3fec1",0
"MBNL2","retry","PLINK failed for MBNL2 on chromosome 13 with exit status 127","7346adb4a7393b9fd6e75e9a893fc929",0
"MBNL3","retry","PLINK failed for MBNL3 on chromosome X with exit status 127","fb27a1aa14b9ffb4b7f6fa236dbd824a",0
"MBOAT1","retry","PLINK failed for MBOAT1 on chromosome 6 with exit status 127","c7f40bb70f8770ad972c8e9b127e09fc",0
"MBOAT2","retry","PLINK failed for MBOAT2 on chromosome 2 with exit status 127","93a6526077a053f77ce7d69000ff045e",0
"MBOAT4","valid","Validated converged fits","98a968bc763dcdef84e0a88c02cab2bf",27
"MBOAT7","retry","PLINK failed for MBOAT7 on chromosome 19 with exit status 127","b40e2b6b56e480c86fac7d22e9ecc826",0
"MBP","valid","Validated converged fits","f4ac8c4024a90ea2b2099948e6604c60",27
"MBTD1","retry","PLINK failed for MBTD1 on chromosome 17 with exit status 127","32c5689dfdf9bb23ad36f037e1f604d4",0
"MBTPS1","valid","Validated converged fits","957353f861781d39e124c74bc05264c2",27
"MBTPS2","retry","PLINK failed for MBTPS2 on chromosome X with exit status 7","8419ee60cad040719ecf3b9f132f31aa",0
"MC1R","retry","Missing result","",0
"MC2R","retry","Missing result","",0
"MC3R","retry","Missing result","",0
"MC4R","retry","Missing result","",0
"MC5R","retry","Missing result","",0
"MCAM","retry","Missing result","",0
"MCAT","retry","Missing result","",0
"MCC","retry","Missing result","",0
"MCCC1","retry","Missing result","",0
"MCCC2","retry","Missing result","",0
"MCCD1","retry","Missing result","",0
"MCEE","retry","Missing result","",0
"MCEMP1","retry","Missing result","",0
"MCF2","retry","Missing result","",0
"MCF2L","retry","Missing result","",0
"MCF2L2","retry","Missing result","",0
"MCFD2","retry","Missing result","",0
"MCHR1","retry","Missing result","",0
"MCHR2","retry","Missing result","",0
"MCIDAS","retry","Missing result","",0
"MCL1","retry","Missing result","",0
"MCM10","retry","Missing result","",0
"MCM2","retry","Missing result","",0
"MCM3","retry","Missing result","",0
"MCM3AP","retry","Missing result","",0
"MCM4","retry","Missing result","",0
"MCM5","retry","Missing result","",0
"MCM6","valid","Validated converged fits","64e4298e3fd233c192d4806485c8ee0d",27
"MCM7","valid","Validated converged fits","58094a2d9fe8fd5c89955534d3ef0f64",27
"MCM8","valid","Validated converged fits","e3cb10e8581ffe74c649d16ad2d347f3",27
"MCM9","valid","Validated converged fits","cec9476edd57cd88a644e8d6b50ceb00",27
"MCMBP","valid","Validated converged fits","dc795e2aa23de96380e964c56149b020",27
"MCMDC2","valid","Validated converged fits","739067670945da9d6c91dfb043292554",27
"MCOLN1","valid","Validated converged fits","67e415c36b7646e6997024bb2f4a079e",27
"MCOLN2","retry","Missing result","",0
"MCOLN3","retry","Missing result","",0
"MCPH1","retry","Missing result","",0
"MCRIP1","retry","Missing result","",0
"MCRIP2","retry","Missing result","",0
"MCRS1","retry","Missing result","",0
"MCTP1","retry","Missing result","",0
"MCTP2","retry","Missing result","",0
"MCTS1","retry","Missing result","",0
"MCTS2P","retry","Missing result","",0
"MCU","retry","Missing result","",0
"MCUB","retry","Missing result","",0
"MCUR1","retry","Missing result","",0
"MDC1","retry","Missing result","",0
"MDFI","retry","Missing result","",0
"MDFIC","retry","Missing result","",0
"MDGA1","retry","Missing result","",0
"MDGA2","retry","Missing result","",0
"MDH1","retry","Missing result","",0
"MDH1B","retry","Missing result","",0
"MDH2","retry","Missing result","",0
"MDK","retry","Missing result","",0
"MDM1","retry","Missing result","",0
"MDM2","retry","Missing result","",0
"MDM4","retry","Missing result","",0
"MDN1","retry","Missing result","",0
"MDP1","retry","Missing result","",0
"ME1","retry","Missing result","",0
"ME2","retry","Missing result","",0
"ME3","retry","Missing result","",0
"MEA1","retry","Missing result","",0
"MEAF6","retry","Missing result","",0
"MECOM","retry","Missing result","",0
"MECP2","retry","Missing result","",0
"MECR","retry","Missing result","",0
"MED1","retry","Missing result","",0
"MED10","retry","Missing result","",0
"MED11","retry","Missing result","",0
"MED12","retry","Missing result","",0
"MED12L","retry","Missing result","",0
"MED13","retry","Missing result","",0
"MED13L","retry","Missing result","",0
"MED14","retry","Missing result","",0
"MED15","retry","Missing result","",0
"MED16","retry","Missing result","",0
"MED17","retry","Missing result","",0
"MED18","retry","Missing result","",0
"MED19","retry","Missing result","",0
"MED20","retry","Missing result","",0
"MED21","retry","Missing result","",0
"MED22","retry","Missing result","",0
"MED23","retry","Missing result","",0
"MED24","retry","Missing result","",0
"MED25","retry","Missing result","",0
"MED26","retry","Missing result","",0
"MED27","valid","Validated converged fits","f7eb94ce28c145efeb156c5ed216b871",27
"MED28","valid","Validated converged fits","4660b074b90de143a34e0b0670241e62",27
"MED29","valid","Validated converged fits","99ea4842f922733dab1ffb3ca589a0ed",27
"MED30","valid","Validated converged fits","d07513627af61fd75f4774436693a7dc",27
"MED31","valid","Validated converged fits","9c9448ef749340fa1ae30fc446c77c79",27
"MED4","valid","Validated converged fits","d0552bc7288d2af1d54dc85c5018d0af",27
"MED6","retry","Missing result","",0
"MED7","retry","Missing result","",0
"MED8","retry","Missing result","",0
"MED9","retry","Missing result","",0
"MEDAG","retry","Missing result","",0
"MEF2A","retry","Missing result","",0
"MEF2B","retry","Missing result","",0
"MEF2C","retry","Missing result","",0
"MEF2D","retry","Missing result","",0
"MEFV","retry","Missing result","",0
"MEGF10","retry","Missing result","",0
"MEGF11","retry","Missing result","",0
"MEGF6","retry","Missing result","",0
"MEGF8","retry","Missing result","",0
"MEGF9","retry","Missing result","",0
"MEI1","retry","Missing result","",0
"MEI4","retry","Missing result","",0
"MEIG1","retry","Missing result","",0
"MEIKIN","retry","Missing result","",0
"MEIOB","retry","Missing result","",0
"MEIOC","retry","Missing result","",0
"MEIS1","retry","Missing result","",0
"MEIS2","retry","Missing result","",0
"MEIS3","retry","Missing result","",0
"MELK","retry","Missing result","",0
"MELTF","retry","Missing result","",0
"MEMO1","retry","Missing result","",0
"MEN1","retry","Missing result","",0
"MEOX1","retry","Missing result","",0
"MEOX2","retry","Missing result","",0
"MEP1A","retry","Missing result","",0
"MEP1B","retry","Missing result","",0
"MEPCE","retry","Missing result","",0
"MEPE","retry","Missing result","",0
"MERTK","retry","Missing result","",0
"MESP1","retry","Missing result","",0
"MESP2","retry","Missing result","",0
"MEST","retry","Missing result","",0
"MET","retry","Missing result","",0
"METAP1","retry","Missing result","",0
"METAP1D","retry","Missing result","",0
"METAP2","retry","Missing result","",0
"METRN","retry","Missing result","",0
"METRNL","retry","Missing result","",0
"METTL1","retry","Missing result","",0
"METTL11B","retry","Missing result","",0
"METTL14","retry","Missing result","",0
"METTL15","retry","Missing result","",0
"METTL16","retry","Missing result","",0
"METTL17","retry","Missing result","",0
"METTL18","retry","Missing result","",0
"METTL21A","retry","Missing result","",0
"METTL21C","retry","Missing result","",0
"METTL22","retry","Missing result","",0
"METTL23","retry","Missing result","",0
"METTL24","retry","Missing result","",0
"METTL25","valid","Validated converged fits","488434a2903ef91289cfae4ea70d49a8",27
"METTL26","valid","Validated converged fits","1643d7014dcf40504ef5cb343df61410",27
"METTL2A","valid","Validated converged fits","f0f0875e48bd3923251adc72948b7bf1",27
"METTL2B","valid","Validated converged fits","c73c6b1a72aa3b6fd7b39702a15df0f0",27
"METTL3","valid","Validated converged fits","435b89cb4ecc5ed1fb42a624d90ba2a7",27
"METTL4","retry","Missing result","",0
"METTL5","retry","Missing result","",0
"METTL6","retry","Missing result","",0
"METTL7A","retry","Missing result","",0
"METTL7B","retry","Missing result","",0
"METTL8","retry","Missing result","",0
"METTL9","retry","Missing result","",0
"MEX3A","retry","Missing result","",0
"MEX3B","retry","Missing result","",0
"MEX3C","retry","Missing result","",0
"MEX3D","retry","Missing result","",0
"MFAP1","retry","Missing result","",0
"MFAP2","retry","Missing result","",0
"MFAP3","retry","Missing result","",0
"MFAP3L","retry","Missing result","",0
"MFAP4","retry","Missing result","",0
"MFAP5","retry","Missing result","",0
"MFF","retry","Missing result","",0
"MFGE8","retry","Missing result","",0
"MFHAS1","retry","Missing result","",0
"MFN1","retry","Missing result","",0
"MFN2","retry","Missing result","",0
"MFNG","retry","Missing result","",0
"MFRP","retry","Missing result","",0
"MFSD1","retry","Missing result","",0
"MFSD10","retry","Missing result","",0
"MFSD11","retry","Missing result","",0
"MFSD12","retry","Missing result","",0
"MFSD13A","retry","Missing result","",0
"MFSD14A","retry","Missing result","",0
"MFSD14B","retry","Missing result","",0
"MFSD2A","retry","Missing result","",0
"MFSD2B","retry","Missing result","",0
"MFSD3","retry","Missing result","",0
"MFSD4A","retry","Missing result","",0
"MFSD4B","retry","Missing result","",0
"MFSD5","retry","Missing result","",0
"MFSD6","retry","Missing result","",0
"MFSD6L","retry","Missing result","",0
"MFSD8","retry","Missing result","",0
"MFSD9","retry","Missing result","",0
"MGA","retry","Missing result","",0
"MGAM","retry","Missing result","",0
"MGAM2","retry","Missing result","",0
"MGARP","retry","Missing result","",0
"MGAT1","retry","Missing result","",0
"MGAT2","retry","Missing result","",0
"MGAT3","retry","Missing result","",0
"MGAT4A","retry","Missing result","",0
"MGAT4B","retry","Missing result","",0
"MGAT4C","retry","Missing result","",0
"MGAT4D","retry","Missing result","",0
"MGAT5","retry","Missing result","",0
"MGAT5B","retry","Missing result","",0
"MGLL","retry","Missing result","",0
"MGME1","retry","Missing result","",0
"MGMT","retry","Missing result","",0
"MGP","valid","Validated converged fits","601289afd6c5749c4ef3e76e86a602c2",27
"MGRN1","valid","Validated converged fits","c302b870fd84107f008a3edc0d6be516",27
"MGST1","retry","Missing result","",0
"MGST2","retry","Missing result","",0
"MGST3","retry","Missing result","",0
"MIA","retry","Missing result","",0
"MIA2","retry","Missing result","",0
"MIA3","retry","Missing result","",0
"MIB1","retry","Missing result","",0
"MIB2","retry","Missing result","",0
"MICA","retry","Missing result","",0
"MICAL1","retry","Missing result","",0
"MICAL2","retry","Missing result","",0
"MICAL3","retry","Missing result","",0
"MICALL1","retry","Missing result","",0
"MICALL2","retry","Missing result","",0
"MICB","retry","Missing result","",0
"MICU1","retry","Missing result","",0
"MICU2","retry","Missing result","",0
"MICU3","retry","Missing result","",0
"MID1","retry","Missing result","",0
"MID1IP1","retry","Missing result","",0
"MID2","retry","Missing result","",0
"MIDN","retry","Missing result","",0
"MIEF1","retry","Missing result","",0
"MIEF2","retry","Missing result","",0
"MIEN1","retry","Missing result","",0
"MIER1","retry","Missing result","",0
"MIER2","retry","Missing result","",0
"MIER3","retry","Missing result","",0
"MIF","retry","Missing result","",0
"MIF4GD","retry","Missing result","",0
"MIGA1","retry","Missing result","",0
"MIGA2","retry","Missing result","",0
"MIIP","retry","Missing result","",0
"MILR1","retry","Missing result","",0
"MINDY1","retry","Missing result","",0
"MINDY2","retry","Missing result","",0
"MINDY3","retry","Missing result","",0
"MINDY4","retry","Missing result","",0
"MINDY4B","retry","Missing result","",0
"MINK1","retry","Missing result","",0
"MINPP1","retry","Missing result","",0
"MIOS","retry","Missing result","",0
"MIOX","retry","Missing result","",0
"MIP","retry","Missing result","",0
"MIPEP","retry","Missing result","",0
"MIPOL1","retry","Missing result","",0
"MIS12","retry","Missing result","",0
"MIS18A","retry","Missing result","",0
"MIS18BP1","retry","Missing result","",0
"MISP","retry","Missing result","",0
"MISP3","retry","Missing result","",0
"MITD1","retry","Missing result","",0
"MITF","retry","Missing result","",0
"MIXL1","retry","Missing result","",0
"MKI67","retry","Missing result","",0
"MKKS","retry","Missing result","",0
"MKLN1","retry","Missing result","",0
"MKNK1","retry","Missing result","",0
"MKNK2","retry","Missing result","",0
"MKRN1","retry","Missing result","",0
"MKRN2","valid","Validated converged fits","adc8ea99b39fa6b72a7aaa199adbde48",27
"MKRN2OS","valid","Validated converged fits","081a63d2244055830c9cd55acc1e8533",27
"MKRN3","valid","Validated converged fits","7aaefebb55e0fe199170d71d12e98d56",27
"MKS1","retry","Missing result","",0
"MKX","retry","Missing result","",0
"MLANA","retry","Missing result","",0
"MLC1","retry","Missing result","",0
"MLEC","retry","Missing result","",0
"MLF1","retry","Missing result","",0
"MLF2","retry","Missing result","",0
"MLH1","retry","Missing result","",0
"MLH3","retry","Missing result","",0
"MLIP","retry","Missing result","",0
"MLKL","retry","Missing result","",0
"MLLT1","retry","Missing result","",0
"MLLT10","retry","Missing result","",0
"MLLT11","retry","Missing result","",0
"MLLT3","retry","Missing result","",0
"MLLT6","retry","Missing result","",0
"MLN","retry","Missing result","",0
"MLNR","retry","Missing result","",0
"MLPH","retry","Missing result","",0
"MLST8","retry","Missing result","",0
"MLX","retry","Missing result","",0
"MLXIP","retry","Missing result","",0
"MLXIPL","retry","Missing result","",0
"MLYCD","retry","Missing result","",0
"MMAA","retry","Missing result","",0
"MMAB","retry","Missing result","",0
"MMACHC","retry","Missing result","",0
"MMADHC","retry","Missing result","",0
"MMD","retry","Missing result","",0
"MMD2","retry","Missing result","",0
"MME","retry","Missing result","",0
"MMEL1","retry","Missing result","",0
"MMGT1","retry","Missing result","",0
"MMP1","retry","Missing result","",0
"MMP10","retry","Missing result","",0
"MMP11","retry","Missing result","",0
"MMP12","retry","Missing result","",0
"MMP13","retry","Missing result","",0
"MMP14","retry","Missing result","",0
"MMP15","retry","Missing result","",0
"MMP16","retry","Missing result","",0
"MMP17","retry","Missing result","",0
"MMP19","retry","Missing result","",0
"MMP2","retry","Missing result","",0
"MMP20","retry","Missing result","",0
"MMP21","retry","Missing result","",0
"MMP23B","retry","Missing result","",0
"MMP24","retry","Missing result","",0
"MMP25","retry","Missing result","",0
"MMP26","retry","Missing result","",0
"MMP27","retry","Missing result","",0
"MMP28","retry","Missing result","",0
"MMP3","retry","Missing result","",0
"MMP7","retry","Missing result","",0
"MMP8","retry","Missing result","",0
"MMP9","retry","Missing result","",0
"MMRN1","retry","Missing result","",0
"MMRN2","retry","Missing result","",0
"MMS19","retry","Missing result","",0
"MMS22L","valid","Validated converged fits","1547576a99d69eb42bd64ee46b38341b",27
"MN1","valid","Validated converged fits","bdd17fd022c127b6b573003c5d421aa1",27
"MNAT1","valid","Validated converged fits","13d461e4dc7592d6218ee9d7d6357c8b",27
"MND1","valid","Validated converged fits","de6c1d9a1c22672c66215a7619028d42",27
"MNDA","retry","Missing result","",0
"MNS1","retry","Missing result","",0
"MNT","retry","Missing result","",0
"MNX1","retry","Missing result","",0
"MOAP1","retry","Missing result","",0
"MOB1A","retry","Missing result","",0
"MOB1B","retry","Missing result","",0
"MOB2","retry","Missing result","",0
"MOB3A","retry","Missing result","",0
"MOB3B","retry","Missing result","",0
"MOB3C","retry","Missing result","",0
"MOB4","retry","Missing result","",0
"MOBP","retry","Missing result","",0
"MOCOS","retry","Missing result","",0
"MOCS1","retry","Missing result","",0
"MOCS2","retry","Missing result","",0
"MOCS3","retry","Missing result","",0
"MOG","retry","Missing result","",0
"MOGAT1","retry","Missing result","",0
"MOGAT2","retry","Missing result","",0
"MOGAT3","retry","Missing result","",0
"MOGS","retry","Missing result","",0
"MOK","retry","Missing result","",0
"MON1A","retry","Missing result","",0
"MON1B","retry","Missing result","",0
"MON2","retry","Missing result","",0
"MORC1","retry","Missing result","",0
"MORC2","retry","Missing result","",0
"MORC3","retry","Missing result","",0
"MORC4","retry","Missing result","",0
"MORF4L1","retry","Missing result","",0
"MORF4L2","retry","Missing result","",0
"MORN1","retry","Missing result","",0
"MORN2","retry","Missing result","",0
"MORN3","retry","Missing result","",0
"MORN4","retry","Missing result","",0
"MORN5","retry","Missing result","",0
"MOS","retry","Missing result","",0
"MOSPD1","retry","Missing result","",0
"MOSPD2","retry","Missing result","",0
"MOSPD3","retry","Missing result","",0
"MOV10","retry","Missing result","",0
"MOV10L1","retry","Missing result","",0
"MOXD1","retry","Missing result","",0
"MPC1","retry","Missing result","",0
"MPC1L","retry","Missing result","",0
"MPC2","retry","Missing result","",0
"MPDU1","retry","Missing result","",0
"MPDZ","retry","Missing result","",0
"MPEG1","retry","Missing result","",0
"MPG","retry","Missing result","",0
"MPHOSPH10","retry","Missing result","",0
"MPHOSPH6","retry","Missing result","",0
"MPHOSPH8","retry","Missing result","",0
"MPHOSPH9","retry","Missing result","",0
"MPI","retry","Missing result","",0
"MPIG6B","retry","Missing result","",0
"MPL","retry","Missing result","",0
"MPLKIP","valid","Validated converged fits","1558a5b72b7005e57fd2b785c3c9630a",27
"MPND","valid","Validated converged fits","7234b6d2a69dd663c21bc824a7903124",27
"MPO","valid","Validated converged fits","9a1d57c07a2af31012267b98a9c95eae",27
"MPP1","retry","PLINK failed for MPP1 on chromosome X with exit status 7","813080d278590f7933581daed1013ba1",0
"MPP2","valid","Validated converged fits","8123c2b3a0e3e01952394326bbbc9f3a",27
"MPP3","valid","Validated converged fits","79484ee95986d0ebdfa6ecccac2b0e3b",27
"MPP4","valid","Validated converged fits","c98e122d5152991713281e61f72b0f83",27
"MPP5","valid","Validated converged fits","1b690b14777508f20f83305480c378c4",27
"MPP6","valid","Validated converged fits","61e99a064910e56a35c6e10bb8b42db1",27
"MPP7","valid","Validated converged fits","fb8ee11201e480e8c6dbcec3e0ed46e5",27
"MPPE1","valid","Validated converged fits","cd7f121cbe52468826fb0441e6c625b7",27
"MPPED1","valid","Validated converged fits","bbd259121fad909ef3e3bec64859ed85",27
"MPPED2","valid","Validated converged fits","5835aa52b7f40c6175b2f8ae46a19395",27
"MPRIP","valid","Validated converged fits","e04351e6f932bc81688752cffbc76480",27
"MPST","valid","Validated converged fits","661de7ab83f2139dab2107ee53819ba9",27
"MPV17","valid","Validated converged fits","d67e52020e3717df8dfa18c20505c8d9",27
"MPV17L","valid","Validated converged fits","e90616d11fafe3d183ed48ef9470cd7b",27
"MPV17L2","valid","Validated converged fits","d1e334ea779a9942f681c91f57e94dcf",27
"MPZ","valid","Validated converged fits","362ad87a322a51ba7ab99ce805c7ba84",27
"MPZL1","retry","Missing result","",0
"MPZL2","retry","Missing result","",0
"MPZL3","retry","Missing result","",0
"MR1","retry","Missing result","",0
"MRAP","retry","Missing result","",0
"MRAP2","retry","Missing result","",0
"MRAS","retry","Missing result","",0
"MRC1","retry","Missing result","",0
"MRC2","retry","Missing result","",0
"MRE11","retry","Missing result","",0
"MREG","retry","Missing result","",0
"MRFAP1","retry","Missing result","",0
"MRFAP1L1","retry","Missing result","",0
"MRGBP","retry","Missing result","",0
"MRGPRD","retry","Missing result","",0
"MRGPRE","retry","Missing result","",0
"MRGPRF","retry","Missing result","",0
"MRGPRG","retry","Missing result","",0
"MRGPRX1","retry","Missing result","",0
"MRGPRX2","retry","Missing result","",0
"MRGPRX3","retry","Missing result","",0
"MRGPRX4","retry","Missing result","",0
"MRI1","retry","Missing result","",0
"MRLN","retry","Missing result","",0
"MRM1","retry","Missing result","",0
"MRM2","retry","Missing result","",0
"MRM3","retry","Missing result","",0
"MRNIP","retry","Missing result","",0
"MRO","retry","Missing result","",0
"MROH1","retry","Missing result","",0
"MROH2A","retry","Missing result","",0
"MROH2B","retry","Missing result","",0
"MROH6","retry","Missing result","",0
"MROH7","retry","Missing result","",0
"MROH8","retry","Missing result","",0
"MROH9","retry","Missing result","",0
"MRPL1","retry","Missing result","",0
"MRPL10","retry","Missing result","",0
"MRPL11","retry","Missing result","",0
"MRPL12","retry","Missing result","",0
"MRPL13","retry","Missing result","",0
"MRPL14","retry","Missing result","",0
"MRPL15","retry","Missing result","",0
"MRPL16","valid","Validated converged fits","ddc65ff21a0eb8f843d3bb6a405c183b",27
"MRPL17","valid","Validated converged fits","75983367d20a3b8bd5afb13ccc387dfa",27
"MRPL18","valid","Validated converged fits","5d9fba62f93f9ea00a91defba8aa7c84",27
"MRPL19","valid","Validated converged fits","cf5863a94e193ed8f3bc457c73bac29f",27
"MRPL2","valid","Validated converged fits","07a2164077cd29cf5c866ab85ff2e27a",27
"MRPL20","valid","Validated converged fits","75b8a4fafd4ed7a8d8379d5bc5d24b98",27
"MRPL21","valid","Validated converged fits","5a3fc103bbc16d469f3df6ed1d9f7f07",27
"MRPL22","valid","Validated converged fits","496531f66056b2a9286550670be1bc95",27
"MRPL23","valid","Validated converged fits","7f6f55defd827bcdda1270975bf98e7e",27
"MRPL24","valid","Validated converged fits","a37091382c1dd7d17a99886937e5e450",27
"MRPL27","valid","Validated converged fits","3b43c9cda47e3f721420a6bb10820122",27
"MRPL28","valid","Validated converged fits","88a0e936379ef416bc9ba56f29a8a2eb",27
"MRPL3","valid","Validated converged fits","10bc8e561c5cf4b157b54531f6a05379",27
"MRPL30","valid","Validated converged fits","ecc1749ecfa4eb6e5aa588b92b3fff9b",27
"MRPL32","valid","Validated converged fits","f5e0288c04b523b290bf7ebaa7c50bcf",27
"MRPL33","valid","Validated converged fits","9ce87bc9a8a6e7acff96b88f0984f175",27
"MRPL34","valid","Validated converged fits","8230a15eb345fa990db343adaed11ca5",27
"MRPL35","valid","Validated converged fits","b36a3bc33e9c84f01e9c00c738d4629f",27
"MRPL36","retry","Missing result","",0
"MRPL37","retry","Missing result","",0
"MRPL38","retry","Missing result","",0
"MRPL39","retry","Missing result","",0
"MRPL4","retry","Missing result","",0
"MRPL40","retry","Missing result","",0
"MRPL41","retry","Missing result","",0
"MRPL42","retry","Missing result","",0
"MRPL43","retry","Missing result","",0
"MRPL44","retry","Missing result","",0
"MRPL45","retry","Missing result","",0
"MRPL46","retry","Missing result","",0
"MRPL47","retry","Missing result","",0
"MRPL48","retry","Missing result","",0
"MRPL49","retry","Missing result","",0
"MRPL50","retry","Missing result","",0
"MRPL51","retry","Missing result","",0
"MRPL52","retry","Missing result","",0
"MRPL53","retry","Missing result","",0
"MRPL54","retry","Missing result","",0
"MRPL55","retry","Missing result","",0
"MRPL57","retry","Missing result","",0
"MRPL58","retry","Missing result","",0
"MRPL9","retry","Missing result","",0
"MRPS10","retry","Missing result","",0
"MRPS11","retry","Missing result","",0
"MRPS12","retry","Missing result","",0
"MRPS14","retry","Missing result","",0
"MRPS15","retry","Missing result","",0
"MRPS16","retry","Missing result","",0
"MRPS17","retry","Missing result","",0
"MRPS18A","retry","Missing result","",0
"MRPS18B","retry","Missing result","",0
"MRPS18C","retry","Missing result","",0
"MRPS2","retry","Missing result","",0
"MRPS21","retry","Missing result","",0
"MRPS22","retry","Missing result","",0
"MRPS23","retry","Missing result","",0
"MRPS24","retry","Missing result","",0
"MRPS25","retry","Missing result","",0
"MRPS26","retry","Missing result","",0
"MRPS27","retry","Missing result","",0
"MRPS28","retry","Missing result","",0
"MRPS30","retry","Missing result","",0
"MRPS31","valid","Validated converged fits","374489ecc8ee273dee3acbbc1d778fcc",27
"MRPS33","valid","Validated converged fits","fc71dd9912a70d442870cddd605f6c5a",27
"MRPS34","valid","Validated converged fits","7b804d4ee7031c1f91f6ce2db2e1f27f",27
"MRPS35","valid","Validated converged fits","3e26ba56a16bdfa17f2a1cd07ba5fc56",27
"MRPS36","valid","Validated converged fits","2f3904caffb5b29a334217eb24efbd89",27
"MRPS5","valid","Validated converged fits","56e80ad603c0bc41be795abb4ebc25ea",27
"MRPS6","valid","Validated converged fits","14eeb7ac3bfc43b81af21f351858a2cc",27
"MRPS7","valid","Validated converged fits","492bb4c3592c6ef8a0bf17c614e04f2c",27
"MRPS9","valid","Validated converged fits","d83d0114f82b4e68b62c39cb1b180ba0",27
"MRRF","valid","Validated converged fits","b46fee27fccf024e821c0d990c5ac36e",27
"MRS2","valid","Validated converged fits","c9564ee8f6f6ab8d5668208a4b64ca8d",27
"MRTO4","valid","Validated converged fits","03ec9ebdb54b7c8862614cc88c303be2",27
"MS4A1","valid","Validated converged fits","b1df7413dc170cc637d4f747b34bc653",27
"MS4A10","valid","Validated converged fits","5256550db97a0b4dfc0250b0c24a7a97",27
"MS4A12","valid","Validated converged fits","d0b4c0a0d60ce4fd1acf5694257dfd2e",27
"MS4A13","valid","Validated converged fits","5a32f4c3e4deb71c95c478ca8bcbe501",27
"MS4A14","retry","Missing result","",0
"MS4A15","retry","Missing result","",0
"MS4A18","retry","Missing result","",0
"MS4A2","retry","Missing result","",0
"MS4A3","retry","Missing result","",0
"MS4A4A","retry","Missing result","",0
"MS4A4E","retry","Missing result","",0
"MS4A5","retry","Missing result","",0
"MS4A6A","retry","Missing result","",0
"MS4A6E","retry","Missing result","",0
"MS4A7","retry","Missing result","",0
"MS4A8","retry","Missing result","",0
"MSANTD1","retry","Missing result","",0
"MSANTD2","retry","Missing result","",0
"MSANTD3","retry","Missing result","",0
"MSANTD4","retry","Missing result","",0
"MSC","retry","Missing result","",0
"MSGN1","retry","Missing result","",0
"MSH2","retry","Missing result","",0
"MSH3","retry","Missing result","",0
"MSH4","retry","Missing result","",0
"MSH5","retry","Missing result","",0
"MSH6","retry","Missing result","",0
"MSI1","retry","Missing result","",0
"MSI2","retry","Missing result","",0
"MSL1","retry","Missing result","",0
"MSL2","retry","Missing result","",0
"MSL3","retry","Missing result","",0
"MSLN","retry","Missing result","",0
"MSLNL","retry","Missing result","",0
"MSMB","retry","Missing result","",0
"MSMO1","retry","Missing result","",0
"MSN","retry","Missing result","",0
"MSR1","retry","Missing result","",0
"MSRA","retry","Missing result","",0
"MSRB1","retry","Missing result","",0
"MSRB2","retry","Missing result","",0
"MSRB3","retry","Missing result","",0
"MSS51","retry","Missing result","",0
"MST1","retry","Missing result","",0
"MST1R","retry","Missing result","",0
"MSTN","retry","Missing result","",0
"MSTO1","retry","Missing result","",0
"MSX1","retry","Missing result","",0
"MSX2","retry","Missing result","",0
"MT-ATP6","retry","Missing result","",0
"MT-ATP8","retry","PLINK failed for MT-ATP8 on chromosome MT with exit status 7","a34fe5b5c240134e1d145ae353135902",0
"MT-CO1","retry","PLINK failed for MT-CO1 on chromosome MT with exit status 7","e95c74e2ab5412da0892e7bb44d00b24",0
"MT-CO2","retry","PLINK failed for MT-CO2 on chromosome MT with exit status 7","faa2b69767542092f7f64edc88350ec8",0
"MT-CO3","retry","PLINK failed for MT-CO3 on chromosome MT with exit status 7","7f9d98bc9d57c1d6657fe5f834d6d2e6",0
"MT-CYB","retry","PLINK failed for MT-CYB on chromosome MT with exit status 7","7cd67689166469c5c1920b7d3fda3cf9",0
"MT-ND1","retry","PLINK failed for MT-ND1 on chromosome MT with exit status 7","50044a5474e7d7188a7bc3692c948d13",0
"MT-ND2","retry","PLINK failed for MT-ND2 on chromosome MT with exit status 7","7c3c3146658e52a0fd52587befd72013",0
"MT-ND3","retry","PLINK failed for MT-ND3 on chromosome MT with exit status 7","f6f247c22e47a91e32378d493774674e",0
"MT-ND4","retry","PLINK failed for MT-ND4 on chromosome MT with exit status 7","73082777ee6d524e2d318c8cc7fc220f",0
"MT-ND4L","retry","PLINK failed for MT-ND4L on chromosome MT with exit status 7","37d3be16ecee62dea703f6d90034d732",0
"MT-ND5","retry","PLINK failed for MT-ND5 on chromosome MT with exit status 7","035b0453587a1aa0dbd781a3c416a799",0
"MT-ND6","retry","PLINK failed for MT-ND6 on chromosome MT with exit status 7","699f6d47806c8580136a95ab7beb16e0",0
"MT1A","valid","Validated converged fits","e7bf3308669a27d31eb0eb23ec85e29e",27
"MT1B","valid","Validated converged fits","bd6c4398c1f652eaadaaa8c83732a60b",27
"MT1E","valid","Validated converged fits","e1a377ac976c581ed12695bed6378607",27
"MT1F","valid","Validated converged fits","3d3d92237fea649cef071fc9331ae7e4",27
"MT1G","valid","Validated converged fits","a3c7247fec21bd7d2287e02cfc58d2f9",27
"MT1H","valid","Validated converged fits","fc35a8e0348de93080b0015275123d57",27
"MT1HL1","valid","Validated converged fits","e819e9147866769195326f0d58b3854f",27
"MT1M","valid","Validated converged fits","9b8102aa654d1622bb67606fadf4b5d7",27
"MT1X","valid","Validated converged fits","b49f9383f1e1346810c7cb4bfb5fedc7",27
"MT2A","valid","Validated converged fits","e90fbc81a2a7c4f41020e2f73cc81b0c",27
"MT3","valid","Validated converged fits","c4eed17dbfe307af8131f64d55917515",27
"MT4","valid","Validated converged fits","3652791b832de5b84bb7a4ef5355f446",27
"MTA1","valid","Validated converged fits","c39eab64a51a18aab645f229ca5329f0",27
"MTA2","valid","Validated converged fits","8c5e1a8435aa637cff3655997b1081b3",27
"MTA3","retry","Missing result","",0
"MTAP","retry","Missing result","",0
"MTBP","retry","Missing result","",0
"MTCH1","retry","Missing result","",0
"MTCH2","retry","Missing result","",0
"MTCL1","retry","Missing result","",0
"MTCP1","retry","Missing result","",0
"MTDH","retry","Missing result","",0
"MTERF1","retry","Missing result","",0
"MTERF2","retry","Missing result","",0
"MTERF3","retry","Missing result","",0
"MTERF4","retry","Missing result","",0
"MTF1","retry","Missing result","",0
"MTF2","retry","Missing result","",0
"MTFMT","retry","Missing result","",0
"MTFP1","retry","Missing result","",0
"MTFR1","retry","Missing result","",0
"MTFR1L","retry","Missing result","",0
"MTFR2","retry","Missing result","",0
"MTG1","retry","Missing result","",0
"MTG2","retry","Missing result","",0
"MTHFD1","retry","Missing result","",0
"MTHFD1L","retry","Missing result","",0
"MTHFD2","retry","Missing result","",0
"MTHFD2L","retry","Missing result","",0
"MTHFR","retry","Missing result","",0
"MTHFS","retry","Missing result","",0
"MTHFSD","retry","Missing result","",0
"MTIF2","retry","Missing result","",0
"MTIF3","retry","Missing result","",0
"MTM1","retry","Missing result","",0
"MTMR1","retry","Missing result","",0
"MTMR10","retry","Missing result","",0
"MTMR11","retry","Missing result","",0
"MTMR12","retry","Missing result","",0
"MTMR14","retry","Missing result","",0
"MTMR2","valid","Validated converged fits","63238550388b007b0767c3f5a250abb8",27
"MTMR3","valid","Validated converged fits","bef3fa80a0e33830505dce118d4fb9b9",27
"MTMR4","valid","Validated converged fits","d4488a83a637df4667830a16dd743106",27
"MTMR6","valid","Validated converged fits","3f2c6b9f4835b350a4e01810744834bc",27
"MTMR7","valid","Validated converged fits","51fec4cdce3c1c6b4f511a7fb43c05b5",27
"MTMR8","retry","PLINK failed for MTMR8 on chromosome X with exit status 7","2485e9646534d9f12f8c306f18467f40",0
"MTMR9","valid","Validated converged fits","94c43b6a66ddf47ef04bc883ac078f96",27
"MTNR1A","valid","Validated converged fits","364bc5ddff5843b5df305fb1b126be78",27
"MTNR1B","valid","Validated converged fits","42c3edcaf1cd81f3627bb4ae91b2211e",27
"MTO1","valid","Validated converged fits","f825a1448be6e7549f82270ed062288e",27
"MTOR","valid","Validated converged fits","993ff88b67c18e8e73caf42db2243bc4",27
"MTPAP","valid","Validated converged fits","612f40f622933fe4202928ebe14d98a1",27
"MTPN","valid","Validated converged fits","88d93a7d6629bc7d74c1b69b776fc724",27
"MTR","valid","Validated converged fits","2029a4adabab4c0065ae901098d1bda6",27
"MTRF1","valid","Validated converged fits","0546a734fab3ae09985a075b9b0dfe68",27
"MTRF1L","valid","Validated converged fits","efa23abe1a351619c1271333a3b550fa",27
"MTRNR2L1","retry","Missing result","",0
"MTRNR2L10","retry","Missing result","",0
"MTRNR2L11","retry","Missing result","",0
"MTRNR2L12","retry","Missing result","",0
"MTRNR2L13","retry","Missing result","",0
"MTRNR2L3","retry","Missing result","",0
"MTRNR2L4","retry","Missing result","",0
"MTRNR2L5","retry","Missing result","",0
"MTRNR2L6","retry","Missing result","",0
"MTRNR2L7","retry","Missing result","",0
"MTRNR2L8","retry","Missing result","",0
"MTRR","retry","Missing result","",0
"MTSS1","retry","Missing result","",0
"MTTP","retry","Missing result","",0
"MTURN","retry","Missing result","",0
"MTUS1","retry","Missing result","",0
"MTUS2","retry","Missing result","",0
"MTX1","retry","Missing result","",0
"MTX2","retry","Missing result","",0
"MTX3","retry","Missing result","",0
"MUC1","retry","Missing result","",0
"MUC12","retry","Missing result","",0
"MUC13","retry","Missing result","",0
"MUC15","retry","Missing result","",0
"MUC16","retry","Missing result","",0
"MUC17","retry","Missing result","",0
"MUC19","retry","Missing result","",0
"MUC2","retry","Missing result","",0
"MUC20","retry","Missing result","",0
"MUC21","retry","Missing result","",0
"MUC22","retry","Missing result","",0
"MUC3A","retry","Missing result","",0
"MUC4","retry","Missing result","",0
"MUC5AC","retry","Missing result","",0
"MUC5B","retry","Missing result","",0
"MUC6","retry","Missing result","",0
"MUC7","retry","Missing result","",0
"MUCL1","retry","Missing result","",0
"MUL1","retry","Missing result","",0
"MUS81","retry","Missing result","",0
"MUSK","retry","Missing result","",0
"MUSTN1","retry","Missing result","",0
"MUTYH","retry","Missing result","",0
"MVB12A","retry","Missing result","",0
"MVB12B","retry","Missing result","",0
"MVD","retry","Missing result","",0
"MVK","valid","Validated converged fits","3b94c3fac1fc1cf5d77c900029890c26",27
"MVP","valid","Validated converged fits","4dcd7d8adbcd549a1d3994002ae67ee2",27
"MX1","valid","Validated converged fits","ce194364eaf3199cbe74d504adedb770",27
"MX2","valid","Validated converged fits","df7ca07b6d345d18cbc367b971363d0f",27
"MXD1","valid","Validated converged fits","04905cffd98e67f6f99d65bca19a572f",27
"MXD3","valid","Validated converged fits","0c33712f146cc02ea31f5959df04ca1a",27
"MXD4","valid","Validated converged fits","ddacb2556b6ec2b9a4d3c39cbc938958",27
"MXI1","valid","Validated converged fits","13126726a804dc134861dba2be8f6555",27
"MXRA5","retry","PLINK failed for MXRA5 on chromosome X with exit status 7","d2892d7100bc9abb49ddd4a32cde0624",0
"MXRA7","valid","Validated converged fits","f4eb4ba7e60fe5166cdb5310662147e1",27
"MXRA8","valid","Validated converged fits","51d8ed017995d6ca7e7a6ef8ff64b25a",27
"MYADM","valid","Validated converged fits","39600bf3094a5e8fd4899ebb1f16ab8d",27
"MYADML2","retry","Unconverged slider fit.","e0de5114f69e628a2e0166e8fb7f28d8",0
"MYB","valid","Validated converged fits","383cb824d972b46ca123f20682e16fcc",27
"MYBBP1A","valid","Validated converged fits","20d98094772600ff095899d8a1913125",27
"MYBL1","valid","Validated converged fits","4183b5c61a7d0e4ce540f7679dcea20d",27
"MYBL2","valid","Validated converged fits","943e73c9b771f34400ec32567f4c2d47",27
"MYBPC1","valid","Validated converged fits","e34db784650fd376c18ca0f8dbd0c391",27
"MYBPC2","valid","Validated converged fits","f8f072fc450d39db78388f53ccbee5c2",27
"MYBPC3","retry","Missing result","",0
"MYBPH","retry","Missing result","",0
"MYBPHL","retry","Missing result","",0
"MYC","retry","Missing result","",0
"MYCBP","retry","Missing result","",0
"MYCBP2","retry","Missing result","",0
"MYCBPAP","retry","Missing result","",0
"MYCL","retry","Missing result","",0
"MYCN","retry","Missing result","",0
"MYCT1","retry","Missing result","",0
"MYD88","retry","Missing result","",0
"MYDGF","retry","Missing result","",0
"MYEF2","retry","Missing result","",0
"MYEOV","retry","Missing result","",0
"MYF5","retry","Missing result","",0
"MYF6","retry","Missing result","",0
"MYH1","retry","Missing result","",0
"MYH10","retry","Missing result","",0
"MYH11","retry","Missing result","",0
"MYH13","retry","Missing result","",0
"MYH14","retry","Missing result","",0
"MYH15","retry","Missing result","",0
"MYH2","retry","Missing result","",0
"MYH3","retry","Missing result","",0
"MYH4","retry","Missing result","",0
"MYH6","retry","Missing result","",0
"MYH7","retry","Missing result","",0
"MYH7B","retry","Missing result","",0
"MYH8","retry","Missing result","",0
"MYH9","retry","Missing result","",0
"MYL1","retry","Missing result","",0
"MYL10","retry","Missing result","",0
"MYL12A","retry","Missing result","",0
"MYL12B","retry","Missing result","",0
"MYL2","retry","Missing result","",0
"MYL3","retry","Missing result","",0
"MYL4","retry","Missing result","",0
"MYL5","retry","Missing result","",0
"MYL6","retry","Missing result","",0
"MYL6B","retry","Missing result","",0
"MYL7","retry","Missing result","",0
"MYL9","retry","Missing result","",0
"MYLIP","retry","Missing result","",0
"MYLK","valid","Validated converged fits","c4c6f4f3d7047c3facb5113bc1cd8046",27
"MYLK2","valid","Validated converged fits","cb2159134f487d2a6bd98b01970727e8",27
"MYLK3","valid","Validated converged fits","77cb4aa651cce899f33d6e3f5e764ce7",27
"MYLK4","valid","Validated converged fits","d0904cd0f63830a59f927cf13b21d904",27
"MYLPF","valid","Validated converged fits","696927b8817414c493c386a20128f388",27
"MYNN","valid","Validated converged fits","04fcb56544c9799f22f792c992ea3aa2",27
"MYO10","valid","Validated converged fits","21bac50090cd30551e1e28935d9905c3",27
"MYO15A","valid","Validated converged fits","4b76755b7a668c8a730ca6b94ed7f4e7",27
"MYO15B","valid","Validated converged fits","c9180cf57ff485e1951cac522b7563f8",27
"MYO16","valid","Validated converged fits","26111fbb0a9913edc654cfb1568ae8a3",27
"MYO18A","valid","Validated converged fits","049e691f8a3a8e2d592293ca2e64956a",27
"MYO18B","valid","Validated converged fits","f562940c1aba207b22eb1cccb7f621ec",27
"MYO19","valid","Validated converged fits","fcfffbbc8d0778a9061229e652ec7016",27
"MYO1A","valid","Validated converged fits","4b7ead8905906138a9f265032b334d5d",27
"MYO1B","valid","Validated converged fits","45540512a0b390b2bfa5fbcd51e6f220",27
"MYO1C","valid","Validated converged fits","de837a52310c4251f958687c0103c9fb",27
"MYO1D","valid","Validated converged fits","f43760c271a48df3e9773ace1e39d57e",27
"MYO1E","valid","Validated converged fits","c591c4651212c808aeb7b875f32f386f",27
"MYO1F","valid","Validated converged fits","86730da5c968fd41ded482e7314632d8",27
"MYO1G","valid","Validated converged fits","33f3a0ee3597f7fd43ebc11a678f3b88",27
"MYO1H","retry","Missing result","",0
"MYO3A","retry","Missing result","",0
"MYO3B","retry","Missing result","",0
"MYO5A","retry","Missing result","",0
"MYO5B","retry","Missing result","",0
"MYO5C","retry","Missing result","",0
"MYO6","retry","Missing result","",0
"MYO7A","retry","Missing result","",0
"MYO7B","retry","Missing result","",0
"MYO9A","retry","Missing result","",0
"MYO9B","retry","Missing result","",0
"MYOC","retry","Missing result","",0
"MYOCD","retry","Missing result","",0
"MYOD1","retry","Missing result","",0
"MYOF","retry","Missing result","",0
"MYOG","retry","Missing result","",0
"MYOM1","retry","Missing result","",0
"MYOM2","retry","Missing result","",0
"MYOM3","retry","Missing result","",0
"MYOT","retry","Missing result","",0
"MYOZ1","retry","Missing result","",0
"MYOZ2","retry","Missing result","",0
"MYOZ3","retry","Missing result","",0
"MYPN","retry","Missing result","",0
"MYPOP","retry","Missing result","",0
"MYRF","retry","Missing result","",0
"MYRFL","retry","Missing result","",0
"MYRIP","retry","Missing result","",0
"MYSM1","retry","Missing result","",0
"MYT1","retry","Missing result","",0
"MYT1L","retry","Missing result","",0
"MYZAP","retry","Missing result","",0
"MZB1","retry","Missing result","",0
"MZF1","retry","Missing result","",0
"MZT1","retry","Missing result","",0
"MZT2A","retry","Missing result","",0
"MZT2B","retry","Missing result","",0
"N4BP1","retry","Missing result","",0
"N4BP2","retry","Missing result","",0
"N4BP2L1","retry","Missing result","",0
"N4BP2L2","retry","Missing result","",0
"N4BP3","retry","Missing result","",0
"N6AMT1","valid","Validated converged fits","ec44474f154fb5117cae7aba2d7df40c",27
"NAA10","retry","PLINK failed for NAA10 on chromosome X with exit status 7","3267e47c8f9d621d0c4fa3e43237351e",0
"NAA11","valid","Validated converged fits","c14a9164f9fed875d953b8e398edf7aa",27
"NAA15","valid","Validated converged fits","58c9167f1b6c4cb9aa841bf929a063aa",27
"NAA16","valid","Validated converged fits","21ed7b5a48ae2a0bb8fb62409f235a6e",27
"NAA20","valid","Validated converged fits","229898cef4ae26c96e0b8465ee70a45e",27
"NAA25","valid","Validated converged fits","ef6e3ac32d17422470c0ac175b664466",27
"NAA30","valid","Validated converged fits","9457ab31915f63aa6bd6190629749fdc",27
"NAA35","valid","Validated converged fits","acf5d5f76aaaf4e790821a79eabf2d10",27
"NAA38","valid","Validated converged fits","e1a9da9f2221957b13a1efb13448d0fa",27
"NAA40","valid","Validated converged fits","53f870eff1afe4d61c31f060379cf590",27
"NAA50","valid","Validated converged fits","18161470ab596fca10ef63ee1a050dbf",27
"NAA60","valid","Validated converged fits","e9618b832349a0ef1bf4ac3e19f28796",27
"NAAA","valid","Validated converged fits","c4db278f22cdcd4a3af1f28428e903f5",27
"NAALAD2","valid","Validated converged fits","e122a0b3e562689c412106fe173d9f3f",27
"NAALADL1","valid","Validated converged fits","7e155407b6450ac0ee9b586e67335840",27
"NAALADL2","valid","Validated converged fits","acd0d47dd958cb1a742e9921ec9a0bc9",27
"NAB1","valid","Validated converged fits","9979b89cfe7f8809e6be60ab00259c91",27
"NAB2","valid","Validated converged fits","e7cbb513deb15164f89d0b926db6a58d",27
"NABP1","valid","Validated converged fits","5b98f185afd35b0aef01645a422679e8",27
"NABP2","valid","Validated converged fits","73c03e2c6eee026ba299b5b7ed959535",27
"NACA","retry","Missing result","",0
"NACA2","retry","Missing result","",0
"NACAD","retry","Missing result","",0
"NACC1","retry","Missing result","",0
"NACC2","retry","Missing result","",0
"NADK","retry","Missing result","",0
"NADK2","retry","Missing result","",0
"NADSYN1","retry","Missing result","",0
"NAE1","retry","Missing result","",0
"NAF1","retry","Missing result","",0
"NAGA","retry","Missing result","",0
"NAGK","retry","Missing result","",0
"NAGLU","retry","Missing result","",0
"NAGPA","retry","Missing result","",0
"NAGS","retry","Missing result","",0
"NAIF1","retry","Missing result","",0
"NAIP","retry","Missing result","",0
"NALCN","retry","Missing result","",0
"NAMPT","retry","Missing result","",0
"NANOG","retry","Missing result","",0
"NANOGNB","retry","Missing result","",0
"NANOGP8","retry","Missing result","",0
"NANOS1","retry","Missing result","",0
"NANOS2","retry","Missing result","",0
"NANOS3","retry","Missing result","",0
"NANP","retry","Missing result","",0
"NANS","retry","Missing result","",0
"NAP1L1","retry","Missing result","",0
"NAP1L2","retry","Missing result","",0
"NAP1L3","retry","Missing result","",0
"NAP1L4","retry","Missing result","",0
"NAP1L5","retry","Missing result","",0
"NAPA","retry","Missing result","",0
"NAPB","retry","Missing result","",0
"NAPEPLD","retry","Missing result","",0
"NAPG","retry","Missing result","",0
"NAPRT","retry","Missing result","",0
"NAPSA","retry","Missing result","",0
"NARF","retry","Missing result","",0
"NARS2","retry","Missing result","",0
"NASP","retry","Missing result","",0
"NAT1","retry","Unconverged slider fit.","3e86b8faede7578115ec66c9574d9849",0
"NAT10","valid","Validated converged fits","d65f2bb0615eca1b143a6c8b127d529d",27
"NAT14","valid","Validated converged fits","ae0064cc9a376c046dfa7448dbc95da8",27
"NAT16","valid","Validated converged fits","f00bbac14c4a263a8c88d8093186be63",27
"NAT2","valid","Validated converged fits","f1213007ede1dd1b65c1dc9671741daf",27
"NAT8","valid","Validated converged fits","793156e292914b45fd7313c142e4f3f5",27
"NAT8L","valid","Validated converged fits","3c990765bc72332c0a3073c803dcc7fc",27
"NAT9","valid","Validated converged fits","b1ab317005ee0cfc6788b34eb1f19aec",27
"NATD1","valid","Validated converged fits","431a2fce99bdb0f07aaad367dbd38774",27
"NAV1","valid","Validated converged fits","160b0d987af856407c73a4cb596a8075",27
"NAV2","valid","Validated converged fits","e7a451fd66101c9cc4fb038bbfae7479",27
"NAV3","valid","Validated converged fits","2563443ec0d00740865c18d570119672",27
"NAXD","valid","Validated converged fits","c367cda183771124a8f204addf14a346",27
"NAXE","valid","Validated converged fits","c33c1e6d2488feee2858558837ddec8c",27
"NBAS","valid","Validated converged fits","5bc52263b085496998083030ec7cbc10",27
"NBDY","retry","PLINK failed for NBDY on chromosome X with exit status 7","fc515b6379f1166ca95d598d3f721275",0
"NBEA","valid","Validated converged fits","a26d5bd02648274f0711b1f64665b47d",27
"NBEAL1","valid","Validated converged fits","c69d5ea81e8af3587d6b7bbbf0403a5a",27
"NBEAL2","retry","Missing result","",0
"NBL1","retry","Missing result","",0
"NBN","retry","Missing result","",0
"NBPF1","retry","Missing result","",0
"NBPF10","retry","Missing result","",0
"NBPF11","retry","Missing result","",0
"NBPF12","retry","Missing result","",0
"NBPF14","retry","Missing result","",0
"NBPF15","retry","Missing result","",0
"NBPF19","retry","Missing result","",0
"NBPF20","retry","Missing result","",0
"NBPF26","retry","Missing result","",0
"NBPF3","retry","Missing result","",0
"NBPF4","retry","Missing result","",0
"NBPF6","retry","Missing result","",0
"NBPF9","retry","Missing result","",0
"NBR1","retry","Missing result","",0
"NCALD","retry","Missing result","",0
"NCAM1","retry","Missing result","",0
"NCAM2","retry","Missing result","",0
"NCAN","retry","Missing result","",0
"NCAPD2","retry","Missing result","",0
"NCAPD3","retry","Missing result","",0
"NCAPG","retry","Missing result","",0
"NCAPG2","retry","Missing result","",0
"NCAPH","retry","Missing result","",0
"NCAPH2","retry","Missing result","",0
"NCBP1","retry","Missing result","",0
"NCBP2","retry","Missing result","",0
"NCBP2L","retry","Missing result","",0
"NCBP3","retry","Missing result","",0
"NCCRP1","retry","Missing result","",0
"NCDN","retry","Missing result","",0
"NCEH1","retry","Missing result","",0
"NCF1","retry","Missing result","",0
"NCF2","retry","Missing result","",0
"NCF4","retry","Missing result","",0
"NCK1","retry","Missing result","",0
"NCK2","retry","Missing result","",0
"NCKAP1","retry","Missing result","",0
"NCKAP1L","retry","Missing result","",0
"NCKAP5","retry","Missing result","",0
"NCKAP5L","retry","Missing result","",0
"NCKIPSD","retry","Missing result","",0
"NCL","valid","Validated converged fits","6a8c8f3793fe774314a111b474e58699",27
"NCLN","valid","Validated converged fits","a3c5653d326082a29dc0786b0e14c963",27
"NCMAP","valid","Validated converged fits","5e40330efae3ee75d4cc20f1c42d227f",27
"NCOA1","valid","Validated converged fits","3a653bb02eba689e6d42afc2142d82d1",27
"NCOA2","retry","PLINK failed for NCOA2 on chromosome 8 with exit status 127","b134637e6ef269646f5388f226c82ae8",0
"NCOA3","valid","Validated converged fits","4b48095d0d6df91de40f3d40cc0b776c",27
"NCOA4","retry","PLINK failed for NCOA4 on chromosome 10 with exit status 127","ebf51792b3be7f3deedfa5106a570378",0
"NCOA5","valid","Validated converged fits","c6f8022db4b391e5bf0644621e7eb266",27
"NCOA6","valid","Validated converged fits","99017aba219aab4cf169b5a1562fdf6e",27
"NCOA7","valid","Validated converged fits","32921fa4ec9a8c1cedde44039046c6ae",27
"NCOR1","valid","Validated converged fits","2523dbc268c379b35d4ceb16ca11cbcd",27
"NCOR2","valid","Validated converged fits","fc177bfc379194f48ff52f03ac89a2d6",27
"NCR1","retry","PLINK failed for NCR1 on chromosome 19 with exit status 127","c7b898f0c0be536f93b87341cc2e4502",0
"NCR2","valid","Validated converged fits","f6c16b5568adc019e5c30f4402d05b9c",27
"NCR3","valid","Validated converged fits","7d3e3bcba31dbb9ac61a93ff3b853e3a",27
"NCR3LG1","valid","Validated converged fits","2ab135a095267d820ba1fdcad1c0a470",27
"NCS1","valid","Validated converged fits","5b386a61ba0ed74f134a2805cb01044a",27
"NCSTN","retry","Missing result","",0
"NDC1","retry","Missing result","",0
"NDC80","retry","Missing result","",0
"NDE1","retry","Missing result","",0
"NDEL1","retry","Missing result","",0
"NDFIP1","retry","Missing result","",0
"NDFIP2","retry","Missing result","",0
"NDN","retry","Missing result","",0
"NDNF","retry","Missing result","",0
"NDOR1","retry","Missing result","",0
"NDP","retry","Missing result","",0
"NDRG1","retry","Missing result","",0
"NDRG2","retry","Missing result","",0
"NDRG3","retry","Missing result","",0
"NDRG4","retry","Missing result","",0
"NDST1","retry","Missing result","",0
"NDST2","retry","Missing result","",0
"NDST3","retry","Missing result","",0
"NDST4","retry","Missing result","",0
"NDUFA1","retry","Missing result","",0
"NDUFA10","retry","Missing result","",0
"NDUFA11","retry","Missing result","",0
"NDUFA12","retry","Missing result","",0
"NDUFA13","retry","Missing result","",0
"NDUFA2","retry","Missing result","",0
"NDUFA3","retry","Missing result","",0
"NDUFA4","retry","Missing result","",0
"NDUFA4L2","retry","Missing result","",0
"NDUFA5","retry","Missing result","",0
"NDUFA6","retry","Missing result","",0
"NDUFA7","retry","Missing result","",0
"NDUFA8","retry","Missing result","",0
"NDUFA9","retry","Missing result","",0
"NDUFAB1","retry","Missing result","",0
"NDUFAF1","retry","Missing result","",0
"NDUFAF2","retry","Missing result","",0
"NDUFAF3","retry","Missing result","",0
"NDUFAF4","retry","Missing result","",0
"NDUFAF5","retry","Missing result","",0
"NDUFAF6","retry","Missing result","",0
"NDUFAF7","retry","Missing result","",0
"NDUFAF8","retry","Missing result","",0
"NDUFB1","retry","Missing result","",0
"NDUFB10","retry","Missing result","",0
"NDUFB11","retry","Missing result","",0
"NDUFB2","valid","Validated converged fits","6af5ffd710ded34b43c7fed27eff1f65",27
"NDUFB3","valid","Validated converged fits","a58e264ec2457cd53b78902177041a7c",27
"NDUFB4","valid","Validated converged fits","b3c4c630737eae9fd8d959fc0ab5dec6",27
"NDUFB5","valid","Validated converged fits","7e12acfd17050f99136846d02c52c81a",27
"NDUFB6","valid","Validated converged fits","726733926d0a82ba9f6a5fefde3b7d78",27
"NDUFB7","valid","Validated converged fits","bae6daf5bbfd197a9fa580bca68d58c3",27
"NDUFB8","valid","Validated converged fits","036142891bbae4d4af22c086f7bb6c41",27
"NDUFB9","valid","Validated converged fits","aded57d060cb2f6ae3ba78ef3eaf0592",27
"NDUFC1","valid","Validated converged fits","c438b00b34d3e4f4216736e455fac72b",27
"NDUFC2","valid","Validated converged fits","ad286aa5e7b139afa4c8f15bfb98a9ab",27
"NDUFS1","valid","Validated converged fits","d0c5b97d7877f7797abe15af98dfdbff",27
"NDUFS2","valid","Validated converged fits","7c1d45ed94ecbb65d1194074780d1f92",27
"NDUFS3","valid","Validated converged fits","248aa4b795c68abe6cfd8f1472c5b6f7",27
"NDUFS4","valid","Validated converged fits","2990056dcd99de9d65c136a103d0c519",27
"NDUFS5","valid","Validated converged fits","436994e91c05c3ff84bc5a07d917ae5e",27
"NDUFS6","valid","Validated converged fits","3d579a54006d1b3d6c31863928a52354",27
"NDUFS7","valid","Validated converged fits","c57847e385b92ec545ac75a02d40bdd2",27
"NDUFS8","valid","Validated converged fits","7d0ea590be764e03577df6d475f411cf",27
"NDUFV1","retry","Missing result","",0
"NDUFV2","retry","Missing result","",0
"NDUFV3","retry","Missing result","",0
"NEB","retry","Missing result","",0
"NEBL","retry","Missing result","",0
"NECAB1","retry","Missing result","",0
"NECAB2","retry","Missing result","",0
"NECAB3","retry","Missing result","",0
"NECAP1","retry","Missing result","",0
"NECAP2","retry","Missing result","",0
"NECTIN1","retry","Missing result","",0
"NECTIN2","retry","Missing result","",0
"NECTIN3","retry","Missing result","",0
"NECTIN4","retry","Missing result","",0
"NEDD1","retry","Missing result","",0
"NEDD4","retry","Missing result","",0
"NEDD4L","retry","Missing result","",0
"NEDD8","retry","Missing result","",0
"NEDD9","retry","Missing result","",0
"NEFH","retry","Missing result","",0
"NEFL","retry","Missing result","",0
"NEFM","retry","Missing result","",0
"NEGR1","retry","Missing result","",0
"NEIL1","retry","Missing result","",0
"NEIL2","retry","Missing result","",0
"NEIL3","retry","Missing result","",0
"NEK1","retry","Missing result","",0
"NEK10","retry","Missing result","",0
"NEK11","retry","Missing result","",0
"NEK2","retry","Missing result","",0
"NEK3","retry","Missing result","",0
"NEK4","retry","Missing result","",0
"NEK5","retry","Missing result","",0
"NEK6","retry","Missing result","",0
"NEK7","retry","Missing result","",0
"NEK8","retry","Missing result","",0
"NEK9","retry","Missing result","",0
"NELFA","retry","Missing result","",0
"NELFB","retry","Missing result","",0
"NELFCD","retry","Missing result","",0
"NELFE","retry","Missing result","",0
"NELL1","retry","Missing result","",0
"NELL2","retry","Missing result","",0
"NEMF","retry","Missing result","",0
"NEMP1","valid","Validated converged fits","bca01c9665db4635c517bc26b62eded3",27
"NEMP2","valid","Validated converged fits","c5c6039f91aa2b8ce9b6b09e89cfaafc",27
"NENF","valid","Validated converged fits","d82671fdce413e8baa9c28a356cc93d4",27
"NEO1","valid","Validated converged fits","cf1f95c5bbc31aec667ea62ceeae5536",27
"NEPRO","valid","Validated converged fits","bdb563f469724139ae4beda3e41c358d",27
"NES","valid","Validated converged fits","08db0aa184fda699c2655507b5730aff",27
"NET1","valid","Validated converged fits","7d1d1656c52afd1dd3bf5d9604aa0cd2",27
"NETO1","valid","Validated converged fits","e228982445ad57f931c7ceb6033bacbb",27
"NETO2","valid","Validated converged fits","78cd5e3ee9284e55853b7e833957299e",27
"NEU1","valid","Validated converged fits","97f5d4b5703c29af2d1983facb16e9e5",27
"NEU2","valid","Validated converged fits","a2417b8146800b0b4a3f8927cf295a30",27
"NEU3","valid","Validated converged fits","114c858608809a1ceec87a3b80461775",27
"NEU4","valid","Validated converged fits","bafe2e528d6b7890106ba134f1331aee",27
"NEURL1","valid","Validated converged fits","5cc71ce5c55f603277e11d9e9c79fb89",27
"NEURL1B","valid","Validated converged fits","890971302d60628813aaba0bb65d294c",27
"NEURL2","valid","Validated converged fits","60f59d0c0dfbe1ea364ccecb17ebaf96",27
"NEURL3","valid","Validated converged fits","df69089da94ee709eea085b82b9c104a",27
"NEURL4","retry","Missing result","",0
"NEUROD1","retry","Missing result","",0
"NEUROD2","retry","Missing result","",0
"NEUROD4","retry","Missing result","",0
"NEUROD6","retry","Missing result","",0
"NEUROG1","retry","Missing result","",0
"NEUROG2","retry","Missing result","",0
"NEUROG3","retry","Missing result","",0
"NEXN","retry","Missing result","",0
"NF1","retry","Missing result","",0
"NF2","retry","Missing result","",0
"NFAM1","retry","Missing result","",0
"NFASC","retry","Missing result","",0
"NFAT5","retry","Missing result","",0
"NFATC1","retry","Missing result","",0
"NFATC2","retry","Missing result","",0
"NFATC2IP","retry","Missing result","",0
"NFATC3","retry","Missing result","",0
"NFATC4","retry","Missing result","",0
"NFE2","retry","Missing result","",0
"NFE2L1","retry","Missing result","",0
"NFE2L2","retry","Missing result","",0
"NFE2L3","retry","Missing result","",0
"NFIA","retry","Missing result","",0
"NFIB","retry","Missing result","",0
"NFIC","retry","Missing result","",0
"NFIL3","retry","Missing result","",0
"NFIX","retry","Missing result","",0
"NFKB1","retry","Missing result","",0
"NFKB2","retry","Missing result","",0
"NFKBIA","retry","Missing result","",0
"NFKBIB","retry","Missing result","",0
"NFKBID","retry","Missing result","",0
"NFKBIE","retry","Missing result","",0
"NFKBIL1","retry","Missing result","",0
"NFKBIZ","retry","Missing result","",0
"NFRKB","retry","Missing result","",0
"NFS1","retry","Missing result","",0
"NFU1","retry","Missing result","",0
"NFX1","retry","Missing result","",0
"NFXL1","retry","Missing result","",0
"NFYA","retry","Missing result","",0
"NFYB","retry","Missing result","",0
"NFYC","retry","Missing result","",0
"NGB","retry","Missing result","",0
"NGDN","valid","Validated converged fits","b65b2d0c93329962598e5a2d121f46c5",27
"NGEF","valid","Validated converged fits","94c3b656799bb9f4c8a18aa06c24a78f",27
"NGF","valid","Validated converged fits","35938c070ff68e82f1d489b503a65c98",27
"NGFR","valid","Validated converged fits","6f51a4bcdbd5ad1706719105af0702e0",27
"NGLY1","valid","Validated converged fits","d9271c074e97db9a7ca500feb89a5b1e",27
"NGRN","valid","Validated converged fits","dadbd348efa6013cf4533cfe396e1874",27
"NHEJ1","valid","Validated converged fits","f31afd7302414f75212b25b977034283",27
"NHLH1","valid","Validated converged fits","a620ae545b440cbbb7ce5890f741063a",27
"NHLH2","valid","Validated converged fits","24affe939d43f22e1fbcd8314c428bdf",27
"NHLRC1","valid","Validated converged fits","09ead2a6067cda475bdc2fb077e6f07d",27
"NHLRC2","valid","Validated converged fits","485bf150c515ac3b5d2f5edbc8e05506",27
"NHLRC3","valid","Validated converged fits","a59392755823db46fcda7a715fbae927",27
"NHLRC4","valid","Validated converged fits","536e396c629138e4f1a10387c2fb25c9",27
"NHP2","valid","Validated converged fits","f9e529f955fcdf99741a54039927055b",27
"NHS","retry","PLINK failed for NHS on chromosome X with exit status 7","43f49c5e46883ba5e983b96cf44dc694",0
"NHSL1","valid","Validated converged fits","ca8f84789a185cca4844853a54f9c460",27
"NHSL2","retry","PLINK failed for NHSL2 on chromosome X with exit status 7","34f6f47f55178f555a00e58b13f4969b",0
"NICN1","valid","Validated converged fits","bbd0544684dea95d965840c209a3a101",27
"NID1","valid","Validated converged fits","6d542b3687c5b7d273b81df5408a0f90",27
"NID2","retry","Missing result","",0
"NIF3L1","retry","Missing result","",0
"NIFK","retry","Missing result","",0
"NIM1K","retry","Missing result","",0
"NIN","retry","Missing result","",0
"NINJ1","retry","Missing result","",0
"NINJ2","retry","Missing result","",0
"NINL","retry","Missing result","",0
"NIP7","retry","Missing result","",0
"NIPA1","retry","Missing result","",0
"NIPA2","retry","Missing result","",0
"NIPAL1","retry","Missing result","",0
"NIPAL2","retry","Missing result","",0
"NIPAL3","retry","Missing result","",0
"NIPAL4","retry","Missing result","",0
"NIPBL","retry","Missing result","",0
"NIPSNAP1","retry","Missing result","",0
"NIPSNAP3A","retry","Missing result","",0
"NIPSNAP3B","retry","Missing result","",0
"NISCH","retry","Missing result","",0
"NIT1","retry","Missing result","",0
"NIT2","retry","Missing result","",0
"NKAIN1","retry","Missing result","",0
"NKAIN2","retry","Missing result","",0
"NKAIN3","retry","Missing result","",0
"NKAIN4","retry","Missing result","",0
"NKAP","retry","Missing result","",0
"NKAPL","retry","Missing result","",0
"NKD1","retry","Missing result","",0
"NKD2","retry","Missing result","",0
"NKG7","retry","Missing result","",0
"NKIRAS1","retry","Missing result","",0
"NKIRAS2","retry","Missing result","",0
"NKPD1","retry","Missing result","",0
"NKRF","retry","Missing result","",0
"NKTR","retry","Missing result","",0
"NKX1-1","retry","Missing result","",0
"NKX1-2","retry","Missing result","",0
"NKX2-1","retry","Missing result","",0
"NKX2-2","retry","Missing result","",0
"NKX2-3","retry","Missing result","",0
"NKX2-4","retry","Missing result","",0
"NKX2-5","retry","Missing result","",0
"NKX2-6","retry","Missing result","",0
"NKX2-8","retry","Missing result","",0
"NKX3-1","retry","Missing result","",0
"NKX3-2","retry","Missing result","",0
"NKX6-1","retry","Missing result","",0
"NKX6-2","retry","Missing result","",0
"NKX6-3","retry","Missing result","",0
"NLE1","retry","Missing result","",0
"NLGN1","retry","Missing result","",0
"NLGN2","retry","Missing result","",0
"NLGN3","retry","Missing result","",0
"NLGN4X","retry","Missing result","",0
"NLGN4Y","retry","Missing result","",0
"NLK","retry","Missing result","",0
"NLN","retry","Missing result","",0
"NLRC3","retry","Missing result","",0
"NLRC4","retry","Missing result","",0
"NLRC5","retry","Missing result","",0
"NLRP1","retry","Missing result","",0
"NLRP10","retry","Missing result","",0
"NLRP11","retry","Missing result","",0
"NLRP12","retry","Missing result","",0
"NLRP13","retry","Missing result","",0
"NLRP14","retry","Missing result","",0
"NLRP2","retry","Missing result","",0
"NLRP2B","retry","Missing result","",0
"NLRP3","retry","Missing result","",0
"NLRP4","retry","Missing result","",0
"NLRP5","retry","Missing result","",0
"NLRP6","retry","Missing result","",0
"NLRP7","retry","Missing result","",0
"NLRP8","retry","Missing result","",0
"NLRP9","retry","Missing result","",0
"NLRX1","retry","Missing result","",0
"NMB","retry","Missing result","",0
"NMBR","retry","Missing result","",0
"NMD3","retry","Missing result","",0
"NME1","retry","Missing result","",0
"NME2","retry","Missing result","",0
"NME3","retry","Missing result","",0
"NME4","retry","Missing result","",0
"NME5","retry","Missing result","",0
"NME6","retry","Missing result","",0
"NME7","retry","Missing result","",0
"NME8","retry","Missing result","",0
"NME9","retry","Missing result","",0
"NMI","retry","Missing result","",0
"NMNAT1","retry","Missing result","",0
"NMNAT2","retry","Missing result","",0
"NMNAT3","retry","Missing result","",0
"NMRAL1","retry","Missing result","",0
"NMRK1","retry","Missing result","",0
"NMRK2","retry","Missing result","",0
"NMS","retry","Missing result","",0
"NMT1","retry","Missing result","",0
"NMT2","retry","Missing result","",0
"NMU","retry","Missing result","",0
"NMUR1","retry","Missing result","",0
"NMUR2","retry","Missing result","",0
"NNAT","retry","Missing result","",0
"NNMT","retry","Missing result","",0
"NNT","retry","Missing result","",0
"NOA1","valid","Validated converged fits","bb653831153e95acc57b7f9d9da5acc7",27
"NOB1","valid","Validated converged fits","48e138d1db48332525a98f618b6e0ac2",27
"NOBOX","valid","Validated converged fits","afc37dab9c1b0bc945c033fbb9ff144f",27
"NOC2L","valid","Validated converged fits","cf3da9d9498aaf56b81eedda2d9f09e4",27
"NOC3L","valid","Validated converged fits","d0e2592e46e9d00dc644959794607bb4",27
"NOC4L","retry","PLINK failed for NOC4L on chromosome 12 with exit status 127","fba9aa1cd9947f6f6644d0f712fa090a",0
"NOCT","valid","Validated converged fits","fdef561a494ac4fe2d8f29390273b8a3",27
"NOD1","valid","Validated converged fits","4f70bd96436f7a8fa510f3654fbb4f79",27
"NOD2","valid","Validated converged fits","48536516e2acb3128b8e44c0aabed9c2",27
"NODAL","retry","Missing result","",0
"NOG","retry","Missing result","",0
"NOL10","retry","Missing result","",0
"NOL11","retry","Missing result","",0
"NOL12","retry","Missing result","",0
"NOL3","retry","Missing result","",0
"NOL4","retry","Missing result","",0
"NOL4L","retry","Missing result","",0
"NOL6","retry","Missing result","",0
"NOL7","retry","Missing result","",0
"NOL8","retry","Missing result","",0
"NOL9","retry","Missing result","",0
"NOLC1","retry","Missing result","",0
"NOM1","retry","Missing result","",0
"NOMO1","retry","Missing result","",0
"NOMO2","retry","Missing result","",0
"NOMO3","retry","Missing result","",0
"NONO","retry","Missing result","",0
"NOP10","retry","Missing result","",0
"NOP14","retry","Missing result","",0
"NOP16","retry","Missing result","",0
"NOP2","retry","Missing result","",0
"NOP56","retry","Missing result","",0
"NOP58","retry","Missing result","",0
"NOP9","retry","Missing result","",0
"NOS1","retry","Missing result","",0
"NOS1AP","retry","Missing result","",0
"NOS2","retry","Missing result","",0
"NOS3","retry","Missing result","",0
"NOSIP","retry","Missing result","",0
"NOSTRIN","retry","Missing result","",0
"NOTCH1","retry","Missing result","",0
"NOTCH2","retry","Missing result","",0
"NOTCH3","retry","Missing result","",0
"NOTCH4","retry","Missing result","",0
"NOTO","retry","Missing result","",0
"NOTUM","retry","Missing result","",0
"NOVA1","retry","Missing result","",0
"NOVA2","retry","Missing result","",0
"NOX1","retry","Missing result","",0
"NOX3","retry","Missing result","",0
"NOX4","retry","Missing result","",0
"NOX5","retry","Missing result","",0
"NOXA1","retry","Missing result","",0
"NOXO1","retry","Missing result","",0
"NOXRED1","retry","Missing result","",0
"NPAP1","retry","Missing result","",0
"NPAS1","retry","Missing result","",0
"NPAS2","retry","Missing result","",0
"NPAS3","retry","Missing result","",0
"NPAS4","retry","Missing result","",0
"NPAT","retry","Missing result","",0
"NPBWR1","retry","Missing result","",0
"NPBWR2","valid","Validated converged fits","09395537839170cbbe55401fbe02c3b1",27
"NPC1","valid","Validated converged fits","8c84b17e1cccfc6e6361a3363ddf570b",27
"NPC1L1","retry","Missing result","",0
"NPC2","retry","Missing result","",0
"NPDC1","retry","Missing result","",0
"NPEPL1","retry","Missing result","",0
"NPEPPS","retry","Missing result","",0
"NPFF","retry","Missing result","",0
"NPFFR1","retry","Missing result","",0
"NPFFR2","retry","Missing result","",0
"NPHP1","retry","Missing result","",0
"NPHP3","retry","Missing result","",0
"NPHP4","retry","Missing result","",0
"NPHS1","retry","Missing result","",0
"NPHS2","retry","Missing result","",0
"NPIPA1","retry","Missing result","",0
"NPIPA2","retry","Missing result","",0
"NPIPA3","retry","Missing result","",0
"NPIPA5","retry","Missing result","",0
"NPIPA7","retry","Missing result","",0
"NPIPA8","retry","Missing result","",0
"NPIPB11","retry","Missing result","",0
"NPIPB12","retry","Missing result","",0
"NPIPB13","retry","Missing result","",0
"NPIPB15","retry","Missing result","",0
"NPIPB2","retry","Missing result","",0
"NPIPB3","retry","Missing result","",0
"NPIPB4","retry","Missing result","",0
"NPIPB5","retry","Missing result","",0
"NPIPB6","retry","Missing result","",0
"NPIPB7","retry","Missing result","",0
"NPIPB8","retry","Missing result","",0
"NPIPB9","retry","Missing result","",0
"NPL","retry","Missing result","",0
"NPLOC4","retry","Missing result","",0
"NPM1","retry","Missing result","",0
"NPM2","retry","Missing result","",0
"NPM3","retry","Missing result","",0
"NPNT","retry","Missing result","",0
"NPPA","retry","Missing result","",0
"NPPB","retry","Missing result","",0
"NPPC","retry","Missing result","",0
"NPR1","retry","Missing result","",0
"NPR2","retry","Missing result","",0
"NPR3","retry","Missing result","",0
"NPRL2","retry","Missing result","",0
"NPRL3","retry","Missing result","",0
"NPS","retry","Missing result","",0
"NPSR1","retry","Missing result","",0
"NPTN","retry","Missing result","",0
"NPTX1","retry","Missing result","",0
"NPTX2","retry","Missing result","",0
"NPTXR","retry","Missing result","",0
"NPVF","retry","Missing result","",0
"NPW","retry","Missing result","",0
"NPY","retry","Missing result","",0
"NPY1R","retry","Missing result","",0
"NPY2R","retry","Missing result","",0
"NPY4R","retry","Missing result","",0
"NPY5R","retry","Missing result","",0
"NQO1","retry","Missing result","",0
"NQO2","retry","Missing result","",0
"NR0B1","retry","PLINK failed for NR0B1 on chromosome X with exit status 7","984510b8e00cb49db534a2ab84dfe2b8",0
"NR0B2","valid","Validated converged fits","4a0fae0af1fa65942f87d7624d60c702",27
"NR1D1","valid","Validated converged fits","d02dc9072eca17a0782591239bb29348",27
"NR1D2","valid","Validated converged fits","26a98b2a5dc7c4735eaa6ca15e5b2ffe",27
"NR1H2","valid","Validated converged fits","c3448bf74f959d1481ddf5832f6db6e7",27
"NR1H3","valid","Validated converged fits","48ccb4a6411460902ab9a265e6ffeafa",27
"NR1H4","valid","Validated converged fits","e44c346117951836a8d1125b57694c3d",27
"NR1I2","valid","Validated converged fits","cf921cdc33b6913c86a9eed4103605a4",27
"NR1I3","retry","Missing result","",0
"NR2C1","retry","Missing result","",0
"NR2C2","retry","Missing result","",0
"NR2C2AP","retry","Missing result","",0
"NR2E1","retry","Missing result","",0
"NR2E3","retry","Missing result","",0
"NR2F1","retry","Missing result","",0
"NR2F2","retry","Missing result","",0
"NR2F6","retry","Missing result","",0
"NR3C1","retry","Missing result","",0
"NR3C2","retry","Missing result","",0
"NR4A1","retry","Missing result","",0
"NR4A2","retry","Missing result","",0
"NR4A3","retry","Missing result","",0
"NR5A1","retry","Missing result","",0
"NR5A2","retry","Missing result","",0
"NR6A1","retry","Missing result","",0
"NRAP","retry","Missing result","",0
"NRARP","retry","Missing result","",0
"NRAS","retry","Missing result","",0
"NRBF2","retry","Missing result","",0
"NRBP1","retry","Missing result","",0
"NRBP2","retry","Missing result","",0
"NRCAM","retry","Missing result","",0
"NRDC","retry","Missing result","",0
"NRDE2","retry","Missing result","",0
"NREP","retry","Missing result","",0
"NRF1","retry","Missing result","",0
"NRG1","retry","Missing result","",0
"NRG2","retry","Missing result","",0
"NRG3","retry","Missing result","",0
"NRG4","retry","Missing result","",0
"NRGN","retry","Missing result","",0
"NRIP1","retry","Missing result","",0
"NRIP2","retry","Missing result","",0
"NRIP3","retry","Missing result","",0
"NRK","retry","Missing result","",0
"NRL","retry","Missing result","",0
"NRM","retry","Missing result","",0
"NRN1","retry","Missing result","",0
"NRN1L","retry","Missing result","",0
"NRP1","retry","Missing result","",0
"NRP2","retry","Missing result","",0
"NRROS","retry","Missing result","",0
"NRSN1","retry","Missing result","",0
"NRSN2","retry","Missing result","",0
"NRTN","retry","Missing result","",0
"NRXN1","retry","Missing result","",0
"NRXN2","retry","Missing result","",0
"NRXN3","retry","Missing result","",0
"NSA2","retry","Missing result","",0
"NSD1","retry","Missing result","",0
"NSD2","retry","Missing result","",0
"NSD3","retry","Missing result","",0
"NSDHL","retry","PLINK failed for NSDHL on chromosome X with exit status 7","2f31c3cb299f3762960fac386a55ee01",0
"NSF","valid","Validated converged fits","0fe261aa814cbe930e2fcbb2eb0e04e0",27
"NSFL1C","valid","Validated converged fits","6a09b52ad3cc77ee995c36637974874d",27
"NSG1","valid","Validated converged fits","48288b81351c21707bf74a2c9a1c1822",27
"NSL1","valid","Validated converged fits","cf7c70ab4fe60e5780c50e8ceb11be6d",27
"NSMAF","valid","Validated converged fits","afbe85b7d724f7ffbda3650091b04861",27
"NSMCE1","retry","Missing result","",0
"NSMCE2","retry","Missing result","",0
"NSMCE3","retry","Missing result","",0
"NSMCE4A","retry","Missing result","",0
"NSMF","retry","Missing result","",0
"NSRP1","retry","Missing result","",0
"NSUN2","retry","Missing result","",0
"NSUN3","retry","Missing result","",0
"NSUN4","retry","Missing result","",0
"NSUN5","retry","Missing result","",0
"NSUN6","retry","Missing result","",0
"NSUN7","retry","Missing result","",0
"NT5C","retry","Missing result","",0
"NT5C1A","retry","Missing result","",0
"NT5C1B","retry","Missing result","",0
"NT5C2","retry","Missing result","",0
"NT5C3A","retry","Missing result","",0
"NT5C3B","retry","Missing result","",0
"NT5DC1","retry","Missing result","",0
"NT5DC2","retry","Missing result","",0
"NT5DC3","retry","Missing result","",0
"NT5DC4","retry","Missing result","",0
"NT5E","retry","Missing result","",0
"NT5M","retry","Missing result","",0
"NTAN1","retry","Missing result","",0
"NTF3","retry","Missing result","",0
"NTF4","retry","Missing result","",0
"NTHL1","retry","Missing result","",0
"NTM","retry","Missing result","",0
"NTMT1","retry","Missing result","",0
"NTN1","retry","Missing result","",0
"NTN3","retry","Missing result","",0
"NTN4","retry","Missing result","",0
"NTN5","retry","Missing result","",0
"NTNG1","retry","Missing result","",0
"NTNG2","retry","Missing result","",0
"NTPCR","retry","Missing result","",0
"NTRK1","retry","Missing result","",0
"NTRK2","retry","Missing result","",0
"NTRK3","retry","Missing result","",0
"NTS","retry","Missing result","",0
"NTSR1","retry","Missing result","",0
"NTSR2","retry","Missing result","",0
"NUAK1","retry","Missing result","",0
"NUAK2","retry","Missing result","",0
"NUB1","retry","Missing result","",0
"NUBP1","retry","Missing result","",0
"NUBP2","retry","Missing result","",0
"NUBPL","retry","Missing result","",0
"NUCB1","retry","Missing result","",0
"NUCB2","retry","Missing result","",0
"NUCKS1","retry","Missing result","",0
"NUDC","retry","Missing result","",0
"NUDCD1","retry","Missing result","",0
"NUDCD2","retry","Missing result","",0
"NUDCD3","retry","Missing result","",0
"NUDT1","valid","Validated converged fits","ebcd9f498c14ddbb92b5858ed3b9cba4",27
"NUDT10","retry","PLINK failed for NUDT10 on chromosome X with exit status 7","29ac7a3b451f6ce5cba4cf56c7412144",0
"NUDT11","retry","PLINK failed for NUDT11 on chromosome X with exit status 7","ed8c7f8a4451e0e52ea29419ecbfd3a4",0
"NUDT12","valid","Validated converged fits","a6f6a7420f098580c722dc7f93c0c4a1",27
"NUDT13","valid","Validated converged fits","cfe68a4bcdebaaa1bd492684f8ddc2f8",27
"NUDT14","valid","Validated converged fits","bcef26e6c5ae26cc23d9e3afa5e8f58a",27
"NUDT15","valid","Validated converged fits","7436550a805a761cdfddda6c2811ec0d",27
"NUDT16","valid","Validated converged fits","3528f13d06ef9f610a7b975b965c6f64",27
"NUDT16L1","retry","Missing result","",0
"NUDT17","retry","Missing result","",0
"NUDT18","retry","Missing result","",0
"NUDT19","retry","Missing result","",0
"NUDT2","retry","Missing result","",0
"NUDT21","retry","Missing result","",0
"NUDT22","retry","Missing result","",0
"NUDT3","retry","Missing result","",0
"NUDT4","retry","Missing result","",0
"NUDT5","retry","Missing result","",0
"NUDT6","retry","Missing result","",0
"NUDT7","retry","Missing result","",0
"NUDT8","retry","Missing result","",0
"NUDT9","retry","Missing result","",0
"NUF2","retry","Missing result","",0
"NUFIP1","retry","Missing result","",0
"NUFIP2","retry","Missing result","",0
"NUGGC","retry","Missing result","",0
"NUMA1","retry","Missing result","",0
"NUMB","retry","Missing result","",0
"NUMBL","retry","Missing result","",0
"NUP107","retry","Missing result","",0
"NUP133","retry","Missing result","",0
"NUP153","retry","Missing result","",0
"NUP155","retry","Missing result","",0
"NUP160","retry","Missing result","",0
"NUP188","retry","Missing result","",0
"NUP205","retry","Missing result","",0
"NUP210","retry","Missing result","",0
"NUP210L","retry","Missing result","",0
"NUP214","retry","Missing result","",0
"NUP35","retry","Missing result","",0
"NUP37","retry","Missing result","",0
"NUP43","retry","Missing result","",0
"NUP50","retry","Missing result","",0
"NUP54","retry","Missing result","",0
"NUP58","retry","Missing result","",0
"NUP62","retry","Missing result","",0
"NUP62CL","retry","Missing result","",0
"NUP85","retry","Missing result","",0
"NUP88","retry","Missing result","",0
"NUP93","retry","Missing result","",0
"NUP98","retry","Missing result","",0
"NUPR1","retry","Missing result","",0
"NUPR2","retry","Missing result","",0
"NUS1","retry","Missing result","",0
"NUSAP1","retry","Missing result","",0
"NUTF2","retry","Missing result","",0
"NUTM1","retry","Missing result","",0
"NUTM2A","retry","Missing result","",0
"NUTM2B","retry","Missing result","",0
"NUTM2D","retry","Missing result","",0
"NUTM2E","retry","Missing result","",0
"NUTM2F","retry","Missing result","",0
"NUTM2G","valid","Validated converged fits","f59ae8b81204e9b6f67b976e9fcc4bef",27
"NVL","valid","Validated converged fits","1212d1d0aed6de6eee648e017d482a7d",27
"NWD1","retry","Missing result","",0
"NWD2","retry","Missing result","",0
"NXF1","retry","Missing result","",0
"NXF2","retry","Missing result","",0
"NXF2B","retry","Missing result","",0
"NXF3","retry","Missing result","",0
"NXN","retry","Missing result","",0
"NXNL1","retry","Missing result","",0
"NXNL2","retry","Missing result","",0
"NXPE1","retry","Missing result","",0
"NXPE2","retry","Missing result","",0
"NXPE3","retry","Missing result","",0
"NXPE4","retry","Missing result","",0
"NXPH1","retry","Missing result","",0
"NXPH2","retry","Missing result","",0
"NXPH3","retry","Missing result","",0
"NXPH4","retry","Missing result","",0
"NXT1","retry","Missing result","",0
"NXT2","retry","Missing result","",0
"NYAP1","retry","Missing result","",0
"NYAP2","retry","Missing result","",0
"NYNRIN","retry","Missing result","",0
"NYX","retry","Missing result","",0
"OAF","retry","Missing result","",0
"OARD1","retry","Missing result","",0
"OAS1","retry","Missing result","",0
"OAS2","retry","Missing result","",0
"OAS3","retry","Missing result","",0
"OASL","retry","Missing result","",0
"OAT","retry","Missing result","",0
"OAZ1","retry","Missing result","",0
"OAZ2","retry","Missing result","",0
"OAZ3","retry","Missing result","",0
"OBP2A","retry","Missing result","",0
"OBP2B","retry","Missing result","",0
"OBSCN","retry","Missing result","",0
"OBSL1","retry","Missing result","",0
"OC90","retry","Missing result","",0
"OCA2","retry","Missing result","",0
"OCEL1","retry","Missing result","",0
"OCIAD1","retry","Missing result","",0
"OCIAD2","retry","Missing result","",0
"OCLN","retry","Missing result","",0
"OCM","retry","Missing result","",0
"OCM2","retry","Missing result","",0
"OCRL","retry","Missing result","",0
"OCSTAMP","retry","Missing result","",0
"ODAM","retry","Missing result","",0
"ODC1","retry","Missing result","",0
"ODF1","retry","Missing result","",0
"ODF2","retry","Missing result","",0
"ODF2L","retry","Missing result","",0
"ODF3","retry","Missing result","",0
"ODF3B","retry","Missing result","",0
"ODF3L1","retry","Missing result","",0
"ODF3L2","retry","Missing result","",0
"ODF4","retry","Missing result","",0
"OFD1","retry","Missing result","",0
"OGDH","retry","Missing result","",0
"OGDHL","retry","Missing result","",0
"OGFOD1","valid","Validated converged fits","89e828317d5028017df4b1b90a6ff385",27
"OGFOD2","valid","Validated converged fits","9c78fba2fab05dfa3323a97a4b5fed16",27
"OGFOD3","valid","Validated converged fits","7070224bd68c63303451c2c3c668fd09",27
"OGFR","valid","Validated converged fits","95ffd0b858d74b0b826eef2a540390e1",27
"OGFRL1","valid","Validated converged fits","1143a9b23acce8e5cc70ce7d95bcb965",27
"OGG1","valid","Validated converged fits","89e32f3426c677f1e7161f93760776d1",27
"OGN","valid","Validated converged fits","c081a1d224d1e278dd6afd572073797b",27
"OGT","retry","PLINK failed for OGT on chromosome X with exit status 7","85528d3802ea5fed4ded97fd7076ce74",0
"OIP5","valid","Validated converged fits","211254c9e2ef3b0138002acc90bf6727",27
"OIT3","valid","Validated converged fits","95b3ce3f576bdf5715494e0900b51f02",27
"OLA1","valid","Validated converged fits","fc3574c95110d54d2172796ed9b2cea7",27
"OLAH","valid","Validated converged fits","6a871a1f3ed94d19924da0c558993de7",27
"OLFM1","valid","Validated converged fits","3f418fe7b7832dc64216e5f4e0e0bf08",27
"OLFM2","valid","Validated converged fits","ffa6661d8fec2c0a8bf8140e5bed80f5",27
"OLFM3","valid","Validated converged fits","06702e6682f777defbc1be4729a6e865",27
"OLFM4","valid","Validated converged fits","7efd1fd5fcfee359375061a572ae154e",27
"OLFML1","retry","Missing result","",0
"OLFML2A","retry","Missing result","",0
"OLFML2B","retry","Missing result","",0
"OLFML3","retry","Missing result","",0
"OLIG1","retry","Missing result","",0
"OLIG2","retry","Missing result","",0
"OLIG3","retry","Missing result","",0
"OLR1","retry","Missing result","",0
"OMA1","retry","Missing result","",0
"OMD","retry","Missing result","",0
"OMG","retry","Missing result","",0
"OMP","retry","Missing result","",0
"ONECUT1","retry","Missing result","",0
"ONECUT2","retry","Missing result","",0
"ONECUT3","retry","Missing result","",0
"OOEP","retry","Missing result","",0
"OOSP1","retry","Missing result","",0
"OOSP2","retry","Missing result","",0
"OPA1","retry","Missing result","",0
"OPA3","retry","Missing result","",0
"OPALIN","retry","Missing result","",0
"OPCML","retry","Missing result","",0
"OPHN1","retry","Missing result","",0
"OPLAH","retry","Missing result","",0
"OPN1LW","retry","Missing result","",0
"OPN1MW","retry","Missing result","",0
"OPN1MW2","retry","Missing result","",0
"OPN1MW3","retry","Missing result","",0
"OPN1SW","retry","Missing result","",0
"OPN3","retry","Missing result","",0
"OPN4","retry","Missing result","",0
"OPN5","retry","Missing result","",0
"OPRD1","retry","Missing result","",0
"OPRK1","retry","Missing result","",0
"OPRL1","retry","Missing result","",0
"OPRM1","retry","Missing result","",0
"OPRPN","retry","Missing result","",0
"OPTC","retry","Missing result","",0
"OPTN","retry","Missing result","",0
"OR10A2","retry","Missing result","",0
"OR10A3","retry","Missing result","",0
"OR10A4","retry","Missing result","",0
"OR10A5","retry","Missing result","",0
"OR10A6","retry","Missing result","",0
"OR10A7","retry","Missing result","",0
"OR10AD1","retry","Missing result","",0
"OR10AG1","valid","Validated converged fits","77bf748a4cac4e2211a2d48660ae8f93",17
"OR10C1","valid","Validated converged fits","49920ef47338885920d792b6dae2a246",27
"OR10D3","valid","Validated converged fits","63205b9ae234bf9b813e54994bec3948",26
"OR10G2","valid","Validated converged fits","f31835e8ded6f0244281cff2ec2ed9ba",27
"OR10G3","valid","Validated converged fits","b0f15fde08febb9f5dcbd7959437cc00",27
"OR10G4","valid","Validated converged fits","bb7619b30ff2544b50d1adf742dd6bc0",26
"OR10G6","valid","Validated converged fits","b36b6ffe331f7458308f4d15ba1097a6",27
"OR10G7","valid","Validated converged fits","614487b3b4c2797878650cc4d1e10438",27
"OR10G8","valid","Validated converged fits","5968f9be7535a706426d2195e88d25a9",26
"OR10G9","valid","Validated converged fits","faacb645040d463e9dbeda3c0785804e",25
"OR10H1","retry","Missing result","",0
"OR10H2","retry","Missing result","",0
"OR10H3","retry","Missing result","",0
"OR10H4","retry","Missing result","",0
"OR10H5","retry","Missing result","",0
"OR10J1","retry","Missing result","",0
"OR10J5","retry","Missing result","",0
"OR10K1","retry","Missing result","",0
"OR10K2","retry","Missing result","",0
"OR10P1","retry","Missing result","",0
"OR10Q1","retry","Missing result","",0
"OR10R2","retry","Missing result","",0
"OR10S1","retry","Missing result","",0
"OR10T2","retry","Missing result","",0
"OR10V1","retry","Missing result","",0
"OR10W1","retry","Missing result","",0
"OR10X1","retry","Missing result","",0
"OR10Z1","retry","Missing result","",0
"OR11A1","retry","Missing result","",0
"OR11G2","retry","Missing result","",0
"OR11H1","retry","Missing result","",0
"OR11H12","retry","Missing result","",0
"OR11H2","retry","Missing result","",0
"OR11H4","retry","Missing result","",0
"OR11H6","retry","Missing result","",0
"OR11L1","retry","Missing result","",0
"OR12D2","retry","Missing result","",0
"OR12D3","retry","Missing result","",0
"OR13A1","retry","Missing result","",0
"OR13C2","retry","Missing result","",0
"OR13C3","retry","Missing result","",0
"OR13C4","retry","Missing result","",0
"OR13C5","retry","Missing result","",0
"OR13C8","retry","Missing result","",0
"OR13C9","retry","Missing result","",0
"OR13D1","retry","Missing result","",0
"OR13F1","retry","Missing result","",0
"OR13G1","retry","Missing result","",0
"OR13H1","retry","Missing result","",0
"OR13J1","retry","Missing result","",0
"OR14A16","retry","Missing result","",0
"OR14A2","retry","Missing result","",0
"OR14C36","retry","Missing result","",0
"OR14I1","retry","Missing result","",0
"OR14J1","retry","Missing result","",0
"OR14K1","retry","Missing result","",0
"OR14L1P","retry","Missing result","",0
"OR1A1","retry","Missing result","",0
"OR1A2","retry","Missing result","",0
"OR1B1","retry","Missing result","",0
"OR1C1","retry","Missing result","",0
"OR1D2","retry","Missing result","",0
"OR1D5","retry","Missing result","",0
"OR1E1","retry","Missing result","",0
"OR1E2","retry","Missing result","",0
"OR1F1","retry","Missing result","",0
"OR1G1","retry","Missing result","",0
"OR1I1","retry","Missing result","",0
"OR1J1","retry","Missing result","",0
"OR1J2","retry","Missing result","",0
"OR1J4","retry","Missing result","",0
"OR1K1","retry","Missing result","",0
"OR1L1","retry","Missing result","",0
"OR1L3","retry","Missing result","",0
"OR1L4","retry","Missing result","",0
"OR1L6","retry","Missing result","",0
"OR1L8","retry","Missing result","",0
"OR1M1","retry","Missing result","",0
"OR1N1","retry","Missing result","",0
"OR1N2","retry","Missing result","",0
"OR1Q1","retry","Missing result","",0
"OR1R1P","retry","Missing result","",0
"OR1S1","retry","Missing result","",0
"OR1S2","retry","Missing result","",0
"OR2A1","retry","Missing result","",0
"OR2A12","retry","Missing result","",0
"OR2A14","retry","Missing result","",0
"OR2A2","retry","Missing result","",0
"OR2A25","retry","Missing result","",0
"OR2A4","retry","Missing result","",0
"OR2A42","retry","Missing result","",0
"OR2A5","retry","Missing result","",0
"OR2A7","retry","Missing result","",0
"OR2AE1","retry","Missing result","",0
"OR2AG1","retry","Missing result","",0
"OR2AG2","retry","Missing result","",0
"OR2AJ1","retry","Missing result","",0
"OR2AK2","retry","Missing result","",0
"OR2AP1","retry","Missing result","",0
"OR2AT4","retry","Missing result","",0
"OR2B11","retry","Missing result","",0
"OR2B2","retry","Missing result","",0
"OR2B3","retry","Missing result","",0
"OR2B6","retry","Missing result","",0
"OR2C1","retry","Missing result","",0
"OR2C3","retry","Missing result","",0
"OR2D2","retry","Missing result","",0
"OR2D3","retry","Missing result","",0
"OR2F1","retry","Missing result","",0
"OR2F2","retry","Missing result","",0
"OR2G2","retry","Missing result","",0
"OR2G3","retry","Missing result","",0
"OR2G6","retry","Missing result","",0
"OR2H1","retry","Missing result","",0
"OR2H2","retry","Missing result","",0
"OR2I1P","retry","Missing result","",0
"OR2J1","retry","Missing result","",0
"OR2J2","retry","Missing result","",0
"OR2J3","retry","Missing result","",0
"OR2K2","retry","Missing result","",0
"OR2L13","retry","Missing result","",0
"OR2L2","retry","Missing result","",0
"OR2L3","retry","Missing result","",0
"OR2L5","retry","Missing result","",0
"OR2L8","valid","Validated converged fits","c1679e1f29b27eff746a61ebdf304f1b",27
"OR2M2","valid","Validated converged fits","134f90df8a304cea8af936e92b5e3347",24
"OR2M3","valid","Validated converged fits","25e4b5b35fde90cd930b5e2bd2cdb2b8",25
"OR2M4","valid","Validated converged fits","8a18918a70eab006ea5de970a8e33876",27
"OR2M5","valid","Validated converged fits","c63433b5fde0121245b5953bdcb44034",22
"OR2M7","valid","Validated converged fits","3ad34958b16901346146e41cdbfad25d",23
"OR2S2","valid","Validated converged fits","75fc3705917c2699c5488c1fa39a77ac",27
"OR2T1","valid","Validated converged fits","5c24ec7a62943a8c880c57ac0afd9ee5",23
"OR2T10","valid","Validated converged fits","5b6e02f9c04c38508e6ec6f95b4546a6",26
"OR2T11","valid","Validated converged fits","79bdd4af982e90493b5809341d32684a",26
"OR2T12","valid","Validated converged fits","356d2445fe3a5f3003d10afe354e2afd",25
"OR2T2","valid","Validated converged fits","a8f2c063bcef9f54c86e57dd37671262",27
"OR2T27","valid","Validated converged fits","2549c006747e907ab65a8dc355358aae",25
"OR2T29","retry","Missing result","",0
"OR2T3","retry","Missing result","",0
"OR2T33","retry","Missing result","",0
"OR2T34","retry","Missing result","",0
"OR2T35","retry","Missing result","",0
"OR2T4","retry","Missing result","",0
"OR2T5","retry","Missing result","",0
"OR2T6","retry","Missing result","",0
"OR2T8","retry","Missing result","",0
"OR2V1","retry","Missing result","",0
"OR2V2","retry","Missing result","",0
"OR2W1","retry","Missing result","",0
"OR2W3","retry","Missing result","",0
"OR2Y1","retry","Missing result","",0
"OR2Z1","retry","Missing result","",0
"OR3A1","retry","Missing result","",0
"OR3A2","retry","Missing result","",0
"OR3A3","retry","Missing result","",0
"OR4A15","retry","Missing result","",0
"OR4A16","retry","Missing result","",0
"OR4A47","retry","Missing result","",0
"OR4A5","retry","Missing result","",0
"OR4B1","retry","Missing result","",0
"OR4C11","retry","Missing result","",0
"OR4C12","retry","Missing result","",0
"OR4C13","retry","Missing result","",0
"OR4C15","retry","Missing result","",0
"OR4C16","retry","Missing result","",0
"OR4C3","retry","Missing result","",0
"OR4C46","retry","Missing result","",0
"OR4C5","retry","Missing result","",0
"OR4C6","retry","Missing result","",0
"OR4D1","retry","Missing result","",0
"OR4D10","retry","Missing result","",0
"OR4D11","retry","Missing result","",0
"OR4D2","retry","Missing result","",0
"OR4D5","retry","Missing result","",0
"OR4D6","retry","Missing result","",0
"OR4D9","retry","Missing result","",0
"OR4E1","retry","Missing result","",0
"OR4E2","retry","Missing result","",0
"OR4F15","retry","Missing result","",0
"OR4F16","retry","Missing result","",0
"OR4F17","retry","Missing result","",0
"OR4F21","retry","Missing result","",0
"OR4F29","retry","Missing result","",0
"OR4F3","retry","Missing result","",0
"OR4F4","retry","Missing result","",0
"OR4F5","retry","Missing result","",0
"OR4F6","valid","Validated converged fits","8eb00ea3b93ce88818a22e7036768167",27
"OR4K1","valid","Validated converged fits","384edf1730ef9226160e715ebd5e1086",26
"OR4K13","valid","Validated converged fits","b2ca9a314cbdbd78edd209b211127c12",27
"OR4K14","valid","Validated converged fits","2b2bfff0b598668beae097a42db2eec4",27
"OR4K15","valid","Validated converged fits","269aabbaebcbdaee9c20cdfa95534399",27
"OR4K17","valid","Validated converged fits","7eb8f1c8552446746262a474d9dc6895",27
"OR4K2","valid","Validated converged fits","8c866784ff0846ce26dc86e543602ff8",27
"OR4K5","valid","Validated converged fits","0e0c6c6903e1d1d1d936b49699318a9f",25
"OR4L1","valid","Validated converged fits","ae9722f5e1d37d7e96328bb3132ef26d",27
"OR4M1","valid","Validated converged fits","d48d6cb3592d33f02b15313e60b243bd",26
"OR4M2","valid","Validated converged fits","2f957d5203dfadf597e96d6cca64330c",24
"OR4N2","valid","Validated converged fits","df5694c4f326ab9c1b63bad15fa888b9",26
"OR4N4","valid","Validated converged fits","3b73a5ff95c4724f94f66f1e7a5398ee",26
"OR4N5","valid","Validated converged fits","dcc066cff86181cb8436032c9b784b9c",27
"OR4P4","valid","Validated converged fits","2bc5000f4cf130ac85e5b34389ddfdbb",17
"OR4Q3","valid","Validated converged fits","b13fc7b2d45e7157a73e7dae7ebfed5c",27
"OR4S1","retry","Missing result","",0
"OR4S2","retry","Missing result","",0
"OR4X1","retry","Missing result","",0
"OR4X2","retry","Missing result","",0
"OR51A2","retry","Missing result","",0
"OR51A4","retry","Missing result","",0
"OR51A7","retry","Missing result","",0
"OR51B2","retry","Missing result","",0
"OR51B4","retry","Missing result","",0
"OR51B5","retry","Missing result","",0
"OR51B6","retry","Missing result","",0
"OR51C1P","retry","Missing result","",0
"OR51D1","retry","Missing result","",0
"OR51E1","retry","Missing result","",0
"OR51E2","retry","Missing result","",0
"OR51F1","retry","Missing result","",0
"OR51F2","retry","Missing result","",0
"OR51G1","retry","Missing result","",0
"OR51G2","retry","Missing result","",0
"OR51I1","retry","Missing result","",0
"OR51I2","retry","Missing result","",0
"OR51L1","retry","Missing result","",0
"OR51M1","retry","Missing result","",0
"OR51Q1","retry","Missing result","",0
"OR51S1","retry","Missing result","",0
"OR51T1","retry","Missing result","",0
"OR51V1","retry","Missing result","",0
"OR52A1","retry","Missing result","",0
"OR52A5","retry","Missing result","",0
"OR52B2","retry","Missing result","",0
"OR52B4","retry","Missing result","",0
"OR52B6","retry","Missing result","",0
"OR52D1","retry","Missing result","",0
"OR52E2","retry","Missing result","",0
"OR52E4","retry","Missing result","",0
"OR52E5","retry","Missing result","",0
"OR52E6","retry","Missing result","",0
"OR52E8","retry","Missing result","",0
"OR52H1","retry","Missing result","",0
"OR52I1","retry","Missing result","",0
"OR52I2","retry","Missing result","",0
"OR52J3","retry","Missing result","",0
"OR52K1","retry","Missing result","",0
"OR52K2","retry","Missing result","",0
"OR52L1","retry","Missing result","",0
"OR52M1","retry","Missing result","",0
"OR52N1","valid","Validated converged fits","2c428f0c7fc8eb5c5a1533900484868e",27
"OR52N2","valid","Validated converged fits","661c310e12fc75217e4185ab8c512fbe",27
"OR52N4","valid","Validated converged fits","5c6a99cd47090d119ecce9ae96878114",27
"OR52N5","valid","Validated converged fits","fae312e4809652127b57f0b1f793b9a4",27
"OR52R1","valid","Validated converged fits","af43310f008f36dfccaf88a834f095e4",27
"OR52W1","valid","Validated converged fits","655d220bc0ae294d2dff0e9ea0a2ed92",27
"OR56A1","valid","Validated converged fits","0860d0d7e0996afcc9b2b9f466c5c9ed",27
"OR56A3","valid","Validated converged fits","2b854bc15e30bc8af431b30ef576576c",27
"OR56A4","retry","Missing result","",0
"OR56A5","retry","Missing result","",0
"OR56B1","retry","Missing result","",0
"OR56B2P","retry","Missing result","",0
"OR56B4","retry","Missing result","",0
"OR5A1","retry","Missing result","",0
"OR5A2","retry","Missing result","",0
"OR5AC2","retry","Missing result","",0
"OR5AK2","retry","Missing result","",0
"OR5AN1","retry","Missing result","",0
"OR5AP2","retry","Missing result","",0
"OR5AR1","retry","Missing result","",0
"OR5AS1","retry","Missing result","",0
"OR5AU1","retry","Missing result","",0
"OR5B12","retry","Missing result","",0
"OR5B17","retry","Missing result","",0
"OR5B2","retry","Missing result","",0
"OR5B21","retry","Missing result","",0
"OR5B3","retry","Missing result","",0
"OR5BS1P","retry","Missing result","",0
"OR5C1","retry","Missing result","",0
"OR5D13","retry","Missing result","",0
"OR5D14","retry","Missing result","",0
"OR5D16","retry","Missing result","",0
"OR5D18","retry","Missing result","",0
"OR5D3P","retry","Missing result","",0
"OR5F1","retry","Missing result","",0
"OR5H1","retry","Missing result","",0
"OR5H14","retry","Missing result","",0
"OR5H15","retry","Missing result","",0
"OR5H2","retry","Missing result","",0
"OR5H6","retry","Missing result","",0
"OR5I1","retry","Missing result","",0
"OR5J2","retry","Missing result","",0
"OR5K1","retry","Missing result","",0
"OR5K2","retry","Missing result","",0
"OR5K3","retry","Missing result","",0
"OR5K4","retry","Missing result","",0
"OR5L1","retry","Missing result","",0
"OR5L2","retry","Missing result","",0
"OR5M1","retry","Missing result","",0
"OR5M10","retry","Missing result","",0
"OR5M11","retry","Missing result","",0
"OR5M3","retry","Missing result","",0
"OR5M8","retry","Missing result","",0
"OR5M9","retry","Missing result","",0
"OR5P2","retry","Missing result","",0
"OR5P3","retry","Missing result","",0
"OR5T1","retry","Missing result","",0
"OR5T2","retry","Missing result","",0
"OR5T3","retry","Missing result","",0
"OR5V1","retry","Missing result","",0
"OR5W2","retry","Missing result","",0
"OR6A2","retry","Missing result","",0
"OR6B1","valid","Validated converged fits","830288d50d1d2ea749ed7a1fef73fdeb",27
"OR6B2","valid","Validated converged fits","1cdf6cb7dbbdee94ca9b5d33c9a55269",27
"OR6B3","valid","Validated converged fits","db3e114a712335c6363bb3598ebcdee8",26
"OR6C1","valid","Validated converged fits","afa589bfb5cc06d551d26eb89d27c9f8",26
"OR6C2","valid","Validated converged fits","79567a2ce5f5a91f1d442957b6cfb32e",27
"OR6C3","valid","Validated converged fits","8dfe68f8ab8270cb9a27a2eddb3b1fc8",27
"OR6C4","valid","Validated converged fits","abb8bc9c609acb81ac4435b08d75d7da",27
"OR6C6","valid","Validated converged fits","0345a52156d89e7bad379f4cb73b1b23",27
"OR6C65","valid","Validated converged fits","d9c563ea1d6c72cf6e47a8778e708bf3",27
"OR6C68","valid","Validated converged fits","95a9249b5b94d8baeecd8987fe02156c",26
"OR6C70","valid","Validated converged fits","c0b0dce57e3c5b1a1b789f097e3297b8",26
"OR6C74","valid","Validated converged fits","9e62cdad8079dbdff9347c07b605ffcd",27
"OR6C75","valid","Validated converged fits","100aae1559a2c0413108ae8fbad4d84e",27
"OR6C76","valid","Validated converged fits","72a510ae4dc8aaa36e703d9a6a00ab32",27
"OR6F1","retry","Missing result","",0
"OR6J1","retry","Missing result","",0
"OR6K2","retry","Missing result","",0
"OR6K3","retry","Missing result","",0
"OR6K6","retry","Missing result","",0
"OR6M1","retry","Missing result","",0
"OR6N1","retry","Missing result","",0
"OR6N2","retry","Missing result","",0
"OR6P1","retry","Missing result","",0
"OR6Q1","retry","Missing result","",0
"OR6S1","retry","Missing result","",0
"OR6T1","retry","Missing result","",0
"OR6V1","retry","Missing result","",0
"OR6X1","retry","Missing result","",0
"OR6Y1","retry","Missing result","",0
"OR7A10","retry","Missing result","",0
"OR7A17","retry","Missing result","",0
"OR7A5","retry","Missing result","",0
"OR7C1","retry","Missing result","",0
"OR7C2","retry","Missing result","",0
"OR7D2","retry","Missing result","",0
"OR7D4","retry","Missing result","",0
"OR7E24","retry","Missing result","",0
"OR7G1","retry","Missing result","",0
"OR7G2","retry","Missing result","",0
"OR7G3","retry","Missing result","",0
"OR8A1","retry","Missing result","",0
"OR8B12","retry","Missing result","",0
"OR8B2","retry","Missing result","",0
"OR8B3","retry","Missing result","",0
"OR8B4","retry","Missing result","",0
"OR8B8","retry","Missing result","",0
"OR8D1","retry","Missing result","",0
"OR8D2","retry","Missing result","",0
"OR8D4","retry","Missing result","",0
"OR8G1","retry","Missing result","",0
"OR8G5","retry","Missing result","",0
"OR8H1","retry","Missing result","",0
"OR8H2","retry","Missing result","",0
"OR8H3","retry","Missing result","",0
"OR8I2","retry","Missing result","",0
"OR8J1","retry","Missing result","",0
"OR8J3","retry","Missing result","",0
"OR8K1","retry","Missing result","",0
"OR8K3","retry","Missing result","",0
"OR8K5","retry","Missing result","",0
"OR8S1","retry","Missing result","",0
"OR8U1","retry","Missing result","",0
"OR9A2","valid","Validated converged fits","d8af4551124fd581eb0a65c5d3ebbbfb",27
"OR9A4","valid","Validated converged fits","8282b5710df8f78b66feb08b158dc07f",27
"OR9G1","valid","Validated converged fits","ec175d7437ff7fdc631d9e46de1dca27",27
"OR9G4","valid","Validated converged fits","2553a876ef6492fb167df0452b108c20",27
"OR9I1","valid","Validated converged fits","f0c8e9e4bb02b53dc069f4ddea8e136e",27
"OR9K2","valid","Validated converged fits","197f1bdca399d44d717e1b04fcfa415c",27
"OR9Q1","valid","Validated converged fits","aa3a8de0947e6630c802baf4c037d9ed",27
"OR9Q2","valid","Validated converged fits","5c9cec4509641763eaa32536deb92dca",27
"ORAI1","valid","Validated converged fits","85b25eeec125dbd360cc9ed8c3f7285b",27
"ORAI2","valid","Validated converged fits","30647dab8f85128330e0a0ec4583cf78",27
"ORAI3","valid","Validated converged fits","eb0ffcc296f57ac966ccb2f174b8e086",27
"ORC1","valid","Validated converged fits","4702943943f819844583658ff2b07ad8",27
"ORC2","valid","Validated converged fits","171499f381b80f0e4b4ea6e029b2311a",27
"ORC3","valid","Validated converged fits","d3f6ae993ade44f6d3faa79a941147bc",27
"ORC4","valid","Validated converged fits","19f554b91c9809e51ae3c8989bfd27c3",27
"ORC5","valid","Validated converged fits","1103df35e65e7d2e3b816131480c806d",27
"ORC6","valid","Validated converged fits","b031b389dfdbb8d449fc230689f23397",27
"ORM1","retry","Missing result","",0
"ORM2","retry","Missing result","",0
"ORMDL1","retry","Missing result","",0
"ORMDL2","retry","Missing result","",0
"ORMDL3","retry","Missing result","",0
"OS9","retry","Missing result","",0
"OSBP","retry","Missing result","",0
"OSBP2","retry","Missing result","",0
"OSBPL10","retry","Missing result","",0
"OSBPL11","retry","Missing result","",0
"OSBPL1A","retry","Missing result","",0
"OSBPL2","retry","Missing result","",0
"OSBPL3","retry","Missing result","",0
"OSBPL5","retry","Missing result","",0
"OSBPL6","retry","Missing result","",0
"OSBPL7","retry","Missing result","",0
"OSBPL8","retry","Missing result","",0
"OSBPL9","retry","Missing result","",0
"OSCAR","retry","Missing result","",0
"OSCP1","retry","Missing result","",0
"OSER1","retry","Missing result","",0
"OSGEP","retry","Missing result","",0
"OSGEPL1","retry","Missing result","",0
"OSGIN1","retry","Missing result","",0
"OSGIN2","retry","Missing result","",0
"OSM","retry","Missing result","",0
"OSMR","retry","Missing result","",0
"OSR1","retry","Missing result","",0
"OSR2","retry","Missing result","",0
"OST4","retry","Missing result","",0
"OSTC","retry","Missing result","",0
"OSTF1","retry","Missing result","",0
"OSTM1","retry","Missing result","",0
"OSTN","retry","Missing result","",0
"OTC","retry","Missing result","",0
"OTOA","retry","Missing result","",0
"OTOF","retry","Missing result","",0
"OTOG","retry","Missing result","",0
"OTOGL","retry","Missing result","",0
"OTOL1","retry","Missing result","",0
"OTOP1","retry","Missing result","",0
"OTOP2","retry","Missing result","",0
"OTOP3","retry","Missing result","",0
"OTOR","retry","Missing result","",0
"OTOS","retry","Missing result","",0
"OTP","valid","Validated converged fits","aa3b4d1e300c819f185b5a4178bd86b3",27
"OTUB1","retry","Missing result","",0
"OTUB2","retry","Missing result","",0
"OTUD1","retry","Missing result","",0
"OTUD3","retry","Missing result","",0
"OTUD4","retry","Missing result","",0
"OTUD5","retry","Missing result","",0
"OTUD6A","retry","Missing result","",0
"OTUD6B","retry","Missing result","",0
"OTUD7A","retry","Missing result","",0
"OTUD7B","retry","Missing result","",0
"OTULIN","retry","Missing result","",0
"OTX1","retry","Missing result","",0
"OTX2","retry","Missing result","",0
"OVCH1","retry","Missing result","",0
"OVCH2","retry","Missing result","",0
"OVGP1","retry","Missing result","",0
"OVOL1","retry","Missing result","",0
"OVOL2","retry","Missing result","",0
"OVOL3","retry","Missing result","",0
"OXA1L","retry","Missing result","",0
"OXCT1","retry","Missing result","",0
"OXCT2","retry","Missing result","",0
"OXER1","retry","Missing result","",0
"OXGR1","retry","Missing result","",0
"OXLD1","retry","Missing result","",0
"OXNAD1","retry","Missing result","",0
"OXR1","retry","Missing result","",0
"OXSM","retry","Missing result","",0
"OXSR1","retry","Missing result","",0
"OXT","retry","Missing result","",0
"OXTR","retry","Missing result","",0
"P2RX1","retry","Missing result","",0
"P2RX2","retry","Missing result","",0
"P2RX3","retry","Missing result","",0
"P2RX4","retry","Missing result","",0
"P2RX5","retry","Missing result","",0
"P2RX6","retry","Missing result","",0
"P2RX7","retry","Missing result","",0
"P2RY1","retry","Missing result","",0
"P2RY10","retry","Missing result","",0
"P2RY11","retry","Missing result","",0
"P2RY12","retry","Missing result","",0
"P2RY13","retry","Missing result","",0
"P2RY14","retry","Missing result","",0
"P2RY2","retry","Missing result","",0
"P2RY4","retry","Missing result","",0
"P2RY6","retry","Missing result","",0
"P2RY8","retry","Missing result","",0
"P3H1","retry","Missing result","",0
"P3H2","retry","Missing result","",0
"P3H3","retry","Missing result","",0
"P3H4","retry","Missing result","",0
"P4HA1","retry","Missing result","",0
"P4HA2","retry","Missing result","",0
"P4HA3","retry","Missing result","",0
"P4HB","retry","Missing result","",0
"P4HTM","retry","Missing result","",0
"PA2G4","retry","Missing result","",0
"PAAF1","retry","Missing result","",0
"PABPC1","retry","Missing result","",0
"PABPC1L","retry","Missing result","",0
"PABPC1L2A","retry","PLINK failed for PABPC1L2A on chromosome X with exit status 7","68d1dde280ab5edc051db1067e8e06e7",0
"PABPC1L2B","retry","PLINK failed for PABPC1L2B on chromosome X with exit status 7","71262f50deeb04f92540a75b1a96a1ff",0
"PABPC3","valid","Validated converged fits","56074842a19912564602679721a4ab4a",27
"PABPC4","valid","Validated converged fits","3a33bd885f6f9aa9d752cf8e148dc9fe",27
"PABPC4L","valid","Validated converged fits","6b14acb8ff235dbbe8d9111a8f2d9b08",27
"PABPC5","retry","PLINK failed for PABPC5 on chromosome X with exit status 7","91652c17cec6e3305bd73abc502c5662",0
"PABPN1","valid","Validated converged fits","ddeed50b4658d2c5f426a4c15c84ab1b",27
"PABPN1L","valid","Validated converged fits","ab7578988b2b06a6c2affe8fc95cf882",27
"PACRG","valid","Validated converged fits","c9479bc75a3d7b184ab4eb45f59056ce",27
"PACRGL","valid","Validated converged fits","97c54e6991d9105d5b1fb413dcb10125",27
"PACS1","valid","Validated converged fits","bbc7ee46b6b2c5d17986ad8d42f0fa15",27
"PACS2","valid","Validated converged fits","c2508e5d6200f281651740f177a272d1",27
"PACSIN1","valid","Validated converged fits","793aa62154278f47dd662f0889a17720",27
"PACSIN2","valid","Validated converged fits","ea184cadba38c409b35b7eec4df79d21",27
"PACSIN3","valid","Validated converged fits","e9d8c7aecb17172916bcd37fcc9344a4",27
"PADI1","valid","Validated converged fits","52c5385c4b0e787b7e66f1df72116657",27
"PADI2","valid","Validated converged fits","47cc890103650f1cee3e35c48d38be8f",27
"PADI3","valid","Validated converged fits","2503f24883e91f59d1211c60f3406fe6",27
"PADI4","valid","Validated converged fits","868b3a4e5ada3969290ee24845d99bd0",27
"PADI6","retry","Missing result","",0
"PAEP","retry","Missing result","",0
"PAF1","retry","Missing result","",0
"PAFAH1B1","retry","Missing result","",0
"PAFAH1B2","retry","Missing result","",0
"PAFAH1B3","retry","Missing result","",0
"PAFAH2","retry","Missing result","",0
"PAG1","retry","Missing result","",0
"PAGE1","retry","Missing result","",0
"PAGE2","retry","Missing result","",0
"PAGE2B","retry","Missing result","",0
"PAGE3","retry","Missing result","",0
"PAGE4","retry","Missing result","",0
"PAGE5","retry","Missing result","",0
"PAGR1","retry","Missing result","",0
"PAH","retry","Missing result","",0
"PAICS","retry","Missing result","",0
"PAIP1","retry","Missing result","",0
"PAIP2","retry","Missing result","",0
"PAIP2B","retry","Missing result","",0
"PAK1","retry","Missing result","",0
"PAK1IP1","retry","Missing result","",0
"PAK2","retry","Missing result","",0
"PAK3","retry","Missing result","",0
"PAK4","retry","Missing result","",0
"PAK5","retry","Missing result","",0
"PAK6","retry","Missing result","",0
"PALB2","retry","Missing result","",0
"PALD1","retry","Missing result","",0
"PALLD","retry","Missing result","",0
"PALM","retry","Missing result","",0
"PALM3","retry","Missing result","",0
"PALMD","retry","Missing result","",0
"PAM","retry","Missing result","",0
"PAM16","retry","Missing result","",0
"PAMR1","retry","Missing result","",0
"PAN2","retry","Missing result","",0
"PAN3","retry","Missing result","",0
"PANK1","retry","Missing result","",0
"PANK2","retry","Missing result","",0
"PANK3","retry","Missing result","",0
"PANK4","retry","Missing result","",0
"PANX1","retry","Missing result","",0
"PANX2","valid","Validated converged fits","09e1788150c077bd80d00bc9b68d7e34",27
"PANX3","valid","Validated converged fits","8810b8a17567d07a123ebfa14d8b8d90",27
"PAOX","valid","Validated converged fits","057bc53e46a55fd4557bd5a194742f97",27
"PAPLN","valid","Validated converged fits","16b86e00052a569f930170f636c2df59",27
"PAPOLA","valid","Validated converged fits","fc2418eb2f35493466e8f3a5befb2368",27
"PAPOLB","valid","Validated converged fits","50c0cf70e3535207ab1d469198cde29f",27
"PAPOLG","valid","Validated converged fits","1a010515034384c2751945e65ecc93c4",27
"PAPPA","valid","Validated converged fits","46a7a091a44db5676bb87a8c87657d95",27
"PAPPA2","valid","Validated converged fits","b5f0b128ac06647a45e88a88e002aafb",27
"PAPSS1","valid","Validated converged fits","bfb6597863728668ebbf6e95967566ba",27
"PAPSS2","valid","Validated converged fits","e6e491fbd7c65537c59bd832395b9a5e",27
"PAQR3","valid","Validated converged fits","f6f80ada7c15dad07cba723653754387",27
"PAQR4","valid","Validated converged fits","a3fbedb41f08886297d47e7a27b41ba7",27
"PAQR5","valid","Validated converged fits","e085cf29b3544660d9c2f23265970fd2",27
"PAQR6","valid","Validated converged fits","a7e49e42def31d2e60ce19259c0fd4a6",27
"PAQR7","valid","Validated converged fits","72f6b7e62b3560881a3245bb71795631",27
"PAQR8","valid","Validated converged fits","829c62e7d93d36d484dfd0a81249b03a",27
"PAQR9","valid","Validated converged fits","54d0f1e2ce39e401a9ec7deb4c813fd5",27
"PARD3","valid","Validated converged fits","22845c357b1f11da4ec4ebbbb5ee0a1c",27
"PARD3B","retry","Missing result","",0
"PARD6A","retry","Missing result","",0
"PARD6B","retry","Missing result","",0
"PARD6G","retry","Missing result","",0
"PARG","retry","Missing result","",0
"PARK7","retry","Missing result","",0
"PARL","retry","Missing result","",0
"PARM1","retry","Missing result","",0
"PARN","retry","Missing result","",0
"PARP1","retry","Missing result","",0
"PARP10","retry","Missing result","",0
"PARP11","retry","Missing result","",0
"PARP12","retry","Missing result","",0
"PARP14","retry","Missing result","",0
"PARP15","retry","Missing result","",0
"PARP16","retry","Missing result","",0
"PARP2","retry","Missing result","",0
"PARP3","retry","Missing result","",0
"PARP4","retry","Missing result","",0
"PARP6","retry","Missing result","",0
"PARP8","retry","Missing result","",0
"PARP9","retry","Missing result","",0
"PARPBP","retry","Missing result","",0
"PARS2","retry","Missing result","",0
"PARVA","retry","Missing result","",0
"PARVB","retry","Missing result","",0
"PARVG","retry","Missing result","",0
"PASD1","retry","Missing result","",0
"PASK","retry","Missing result","",0
"PATE1","retry","Missing result","",0
"PATE2","retry","Missing result","",0
"PATE3","retry","Missing result","",0
"PATE4","retry","Missing result","",0
"PATJ","retry","Missing result","",0
"PATL1","retry","Missing result","",0
"PATL2","retry","Missing result","",0
"PATZ1","retry","Missing result","",0
"PAWR","retry","Missing result","",0
"PAX1","retry","Missing result","",0
"PAX2","retry","Missing result","",0
"PAX3","retry","Missing result","",0
"PAX4","retry","Missing result","",0
"PAX5","retry","Missing result","",0
"PAX6","valid","Validated converged fits","6687486434b367d164f0e51d1e89f4a8",27
"PAX7","valid","Validated converged fits","5499f7cc384e05e521870e8df5204948",27
"PAX8","valid","Validated converged fits","96b455c2023036bd16726ec7610e42f4",27
"PAX9","valid","Validated converged fits","0c251e035d69750e0664e44f8d546bfb",27
"PAXBP1","valid","Validated converged fits","0546a1bf126c94f3efa411a0803a8ed7",27
"PAXIP1","valid","Validated converged fits","d428c92fa0d345f93b43b163aa12a337",27
"PBDC1","retry","PLINK failed for PBDC1 on chromosome X with exit status 7","763c4061108e5f89cbeaa4f6a2f51c8a",0
"PBK","valid","Validated converged fits","8517874f11b93c3e970085fc0a8d8812",27
"PBLD","valid","Validated converged fits","f5c352a95472ef7aa63ed7aab434070d",27
"PBOV1","valid","Validated converged fits","8642b0834436251837ce3a8b767f1340",27
"PBRM1","valid","Validated converged fits","4e5d43bfdf14286f8bcbd06abd16cdbd",27
"PBX1","valid","Validated converged fits","e34538a86d9529a276a5b178101ec09a",27
"PBX2","valid","Validated converged fits","af3d00716197aa186d580d4e355c3834",27
"PBX3","valid","Validated converged fits","d9441f3d7f6e7e0dbf700cde818af099",27
"PBX4","retry","Missing result","",0
"PBXIP1","retry","Missing result","",0
"PC","retry","Missing result","",0
"PCBD1","retry","Missing result","",0
"PCBD2","retry","Missing result","",0
"PCBP1","retry","Missing result","",0
"PCBP2","retry","Missing result","",0
"PCBP3","retry","Missing result","",0
"PCBP4","retry","Missing result","",0
"PCCA","retry","Missing result","",0
"PCCB","retry","Missing result","",0
"PCDH1","retry","Missing result","",0
"PCDH10","retry","Missing result","",0
"PCDH11X","retry","Missing result","",0
"PCDH11Y","retry","Missing result","",0
"PCDH12","retry","Missing result","",0
"PCDH15","retry","Missing result","",0
"PCDH17","retry","Missing result","",0
"PCDH18","retry","Missing result","",0
"PCDH19","retry","Missing result","",0
"PCDH20","retry","Missing result","",0
"PCDH7","retry","Missing result","",0
"PCDH8","retry","Missing result","",0
"PCDH9","retry","Missing result","",0
"PCDHA1","retry","Missing result","",0
"PCDHA10","retry","Missing result","",0
"PCDHA11","retry","Missing result","",0
"PCDHA12","retry","Missing result","",0
"PCDHA13","retry","Missing result","",0
"PCDHA2","retry","Missing result","",0
"PCDHA3","retry","Missing result","",0
"PCDHA4","retry","Missing result","",0
"PCDHA5","retry","Missing result","",0
"PCDHA6","retry","Missing result","",0
"PCDHA7","retry","Missing result","",0
"PCDHA8","retry","Missing result","",0
"PCDHA9","retry","Missing result","",0
"PCDHAC1","retry","Missing result","",0
"PCDHAC2","retry","Missing result","",0
"PCDHB1","retry","Missing result","",0
"PCDHB10","retry","Missing result","",0
"PCDHB11","retry","Missing result","",0
"PCDHB12","retry","Missing result","",0
"PCDHB13","retry","Missing result","",0
"PCDHB14","retry","Missing result","",0
"PCDHB15","retry","Missing result","",0
"PCDHB16","retry","Missing result","",0
"PCDHB2","retry","Missing result","",0
"PCDHB3","valid","Validated converged fits","6823551a4ef18e50881cb94c114fdbdd",27
"PCDHB4","valid","Validated converged fits","4c8023b64309ea4fb030cbeba7404e53",27
"PCDHB5","valid","Validated converged fits","39b3d9e43a2ec70b02c64af9550c197d",27
"PCDHB6","valid","Validated converged fits","d37fc894d12b4cf904fe77549a2142bc",27
"PCDHB7","valid","Validated converged fits","88407cbabb97f7660563ead82ad13940",27
"PCDHB8","valid","Validated converged fits","1b67898794d52a53187b3cf4d2d86bb4",27
"PCDHB9","valid","Validated converged fits","7532d231bc0ec00e459ca7117ee65c6e",27
"PCDHGA1","valid","Validated converged fits","e4f202133c1b5212e68a5d2307be25d8",27
"PCDHGA10","valid","Validated converged fits","c160ebcdc3b49d800200437763f5cc7a",27
"PCDHGA11","valid","Validated converged fits","13221f41d34779e3d03221ca12cdec21",27
"PCDHGA12","valid","Validated converged fits","e44a4195fa71b44d4c2a85c436c93c62",27
"PCDHGA2","valid","Validated converged fits","eae0fb8c42867471b754ef0b0241a089",27
"PCDHGA3","valid","Validated converged fits","2f0c37c62d6d21eb1127e0ffef74dbef",27
"PCDHGA4","valid","Validated converged fits","46cda6e558c10afeb2ea1aac01a151ff",27
"PCDHGA5","valid","Validated converged fits","deed6674a551a213a95e56ae1f7bc539",27
"PCDHGA6","valid","Validated converged fits","44865965a4748f3ae1e73a573af97163",27
"PCDHGA7","valid","Validated converged fits","2f545a16eb8caf8b30c7613383240071",27
"PCDHGA8","valid","Validated converged fits","9e214840636184943966b73c51161211",27
"PCDHGA9","valid","Validated converged fits","7363faba37d6e31bc77ea81dbdde4fa0",27
"PCDHGB1","valid","Validated converged fits","00d8942b83dc527b0e660aaec9dc7bca",27
"PCDHGB2","retry","Missing result","",0
"PCDHGB3","retry","Missing result","",0
"PCDHGB4","retry","Missing result","",0
"PCDHGB5","retry","Missing result","",0
"PCDHGB6","retry","Missing result","",0
"PCDHGB7","retry","Missing result","",0
"PCDHGC3","retry","Missing result","",0
"PCDHGC4","retry","Missing result","",0
"PCDHGC5","retry","Missing result","",0
"PCED1A","retry","Missing result","",0
"PCED1B","retry","Missing result","",0
"PCF11","retry","Missing result","",0
"PCGF1","retry","Missing result","",0
"PCGF2","retry","Missing result","",0
"PCGF3","retry","Missing result","",0
"PCGF5","retry","Missing result","",0
"PCGF6","retry","Missing result","",0
"PCID2","retry","Missing result","",0
"PCIF1","retry","Missing result","",0
"PCK1","retry","Missing result","",0
"PCK2","retry","Missing result","",0
"PCLAF","retry","Missing result","",0
"PCLO","retry","Missing result","",0
"PCM1","retry","Missing result","",0
"PCMT1","retry","Missing result","",0
"PCMTD1","retry","Missing result","",0
"PCMTD2","retry","Missing result","",0
"PCNA","retry","Missing result","",0
"PCNP","retry","Missing result","",0
"PCNT","retry","Missing result","",0
"PCNX1","retry","Missing result","",0
"PCNX2","retry","Missing result","",0
"PCNX3","retry","Missing result","",0
"PCNX4","retry","Missing result","",0
"PCOLCE","retry","Missing result","",0
"PCOLCE2","retry","Missing result","",0
"PCP2","retry","Missing result","",0
"PCP4","retry","Missing result","",0
"PCP4L1","retry","Missing result","",0
"PCSK1","retry","Missing result","",0
"PCSK1N","retry","Missing result","",0
"PCSK2","retry","Missing result","",0
"PCSK4","valid","Validated converged fits","3b038f537871ea529c838d237d12efa0",27
"PCSK5","valid","Validated converged fits","65327c14bc29d84b24470d4492ca8f86",27
"PCSK6","valid","Validated converged fits","daa4a092d33e38c3c228f0f2a39e3a05",27
"PCSK7","valid","Validated converged fits","64d4aaf7b4f752f72ec01a314e2b1822",27
"PCSK9","valid","Validated converged fits","01bd1ba2ef0647fc78b26e9db6106839",27
"PCTP","valid","Validated converged fits","ec5bb0e78a99290d8159ada555c90cb8",27
"PCYOX1","valid","Validated converged fits","617def52c9c2decaeb56436af713ea58",27
"PCYOX1L","valid","Validated converged fits","4d35406afc514f6742304893f4dca00a",27
"PCYT1A","valid","Validated converged fits","b8357cbb71771f5fe8d9f2908d3ff713",27
"PCYT1B","retry","PLINK failed for PCYT1B on chromosome X with exit status 7","e7f34d364623d6776bdb12bf9c98c5ea",0
"PCYT2","valid","Validated converged fits","1c808ebe028b08c44f0affe1107857a2",27
"PDAP1","valid","Validated converged fits","b783850a86fbe3f5e385b7635c701d75",27
"PDC","valid","Validated converged fits","58ea798f457b86c2a45e4fa4bc63fcfc",27
"PDCD1","valid","Validated converged fits","d6deb49e99a5d204a64fed4befa9ae9e",27
"PDCD10","valid","Validated converged fits","4aab4224adf6f6e98c6e45a718bfc92e",27
"PDCD11","valid","Validated converged fits","9c4ae018bfb665618a03acea2eefa61b",27
"PDCD1LG2","valid","Validated converged fits","6a5174e16da101644b7c3fc93f2158ba",27
"PDCD2","valid","Validated converged fits","f682be021016636ee303d1793e139414",27
"PDCD2L","retry","Missing result","",0
"PDCD4","retry","Missing result","",0
"PDCD5","retry","Missing result","",0
"PDCD6","retry","Missing result","",0
"PDCD6IP","retry","Missing result","",0
"PDCD7","retry","Missing result","",0
"PDCL","retry","Missing result","",0
"PDCL2","retry","Missing result","",0
"PDCL3","retry","Missing result","",0
"PDE10A","retry","Missing result","",0
"PDE11A","retry","Missing result","",0
"PDE12","retry","Missing result","",0
"PDE1A","retry","Missing result","",0
"PDE1B","retry","Missing result","",0
"PDE1C","retry","Missing result","",0
"PDE2A","retry","Missing result","",0
"PDE3A","retry","Missing result","",0
"PDE3B","retry","Missing result","",0
"PDE4A","retry","Missing result","",0
"PDE4B","retry","Missing result","",0
"PDE4C","retry","Missing result","",0
"PDE4D","retry","Missing result","",0
"PDE4DIP","retry","Missing result","",0
"PDE5A","retry","Missing result","",0
"PDE6A","retry","Missing result","",0
"PDE6B","retry","Missing result","",0
"PDE6C","retry","Missing result","",0
"PDE6D","retry","Missing result","",0
"PDE6G","retry","Missing result","",0
"PDE6H","retry","Missing result","",0
"PDE7A","retry","Missing result","",0
"PDE7B","retry","Missing result","",0
"PDE8A","retry","Missing result","",0
"PDE8B","retry","Missing result","",0
"PDE9A","retry","Missing result","",0
"PDF","retry","Missing result","",0
"PDGFA","retry","Missing result","",0
"PDGFB","retry","Missing result","",0
"PDGFC","retry","Missing result","",0
"PDGFD","retry","Missing result","",0
"PDGFRA","retry","Missing result","",0
"PDGFRB","retry","Missing result","",0
"PDGFRL","retry","Missing result","",0
"PDHA1","retry","Missing result","",0
"PDHA2","valid","Validated converged fits","46de1efba71261557e2d487501ffb372",27
"PDHB","valid","Validated converged fits","8f5298bbbbab67c87429db4eb322b76b",27
"PDHX","valid","Validated converged fits","e267823af2b48ec5076b639c26adab5b",27
"PDIA2","valid","Validated converged fits","91ff1cee43699d15bb6faab9b1739a3f",27
"PDIA3","valid","Validated converged fits","270617c8831613b616d6ff2134bfac78",27
"PDIA4","valid","Validated converged fits","27468c89fb2eba4079de43e6bd9fc18b",27
"PDIA5","valid","Validated converged fits","91152b658a42706c18415727633dd102",27
"PDIA6","valid","Validated converged fits","7cd6594daffe54081942161a9b834ba8",27
"PDIK1L","valid","Validated converged fits","f1ad94f5cea2d039efbed420d205e8df",27
"PDILT","valid","Validated converged fits","66649fd1b99e25e61b93a5e16a1055c8",27
"PDK1","valid","Validated converged fits","a03da798a1b395a3b892cb982ae7208e",27
"PDK2","valid","Validated converged fits","2d5947d143eed63ebaf3a187efb8ee91",27
"PDK3","retry","PLINK failed for PDK3 on chromosome X with exit status 7","43d8d1d48de7152a073b29c11a6c701a",0
"PDK4","valid","Validated converged fits","90ab7fe196160c9f85c924bfe701e471",27
"PDLIM1","valid","Validated converged fits","59ebab0d71ea7988aa3b7e640746257a",27
"PDLIM2","valid","Validated converged fits","e5c323802ac29435489a6c97b74d5c9e",27
"PDLIM3","retry","Missing result","",0
"PDLIM4","retry","Missing result","",0
"PDLIM5","retry","Missing result","",0
"PDLIM7","retry","Missing result","",0
"PDP1","retry","Missing result","",0
"PDP2","retry","Missing result","",0
"PDPK1","retry","Missing result","",0
"PDPN","retry","Missing result","",0
"PDPR","retry","Missing result","",0
"PDRG1","retry","Missing result","",0
"PDS5A","retry","Missing result","",0
"PDS5B","retry","Missing result","",0
"PDSS1","retry","Missing result","",0
"PDSS2","retry","Missing result","",0
"PDX1","retry","Missing result","",0
"PDXDC1","retry","Missing result","",0
"PDXK","retry","Missing result","",0
"PDXP","retry","Missing result","",0
"PDYN","retry","Missing result","",0
"PDZD11","retry","Missing result","",0
"PDZD2","retry","Missing result","",0
"PDZD3","retry","Missing result","",0
"PDZD4","retry","Missing result","",0
"PDZD7","retry","Missing result","",0
"PDZD8","retry","Missing result","",0
"PDZD9","retry","Missing result","",0
"PDZK1","retry","Missing result","",0
"PDZK1IP1","retry","Missing result","",0
"PDZRN3","retry","Missing result","",0
"PDZRN4","retry","Missing result","",0
"PEA15","retry","Missing result","",0
"PEAK1","retry","Missing result","",0
"PEAR1","retry","Missing result","",0
"PEBP1","retry","Missing result","",0
"PEBP4","retry","Missing result","",0
"PECAM1","retry","Missing result","",0
"PECR","retry","Missing result","",0
"PEF1","retry","Missing result","",0
"PEG10","retry","Missing result","",0
"PEG3","retry","Missing result","",0
"PELI1","retry","Missing result","",0
"PELI2","retry","Missing result","",0
"PELI3","retry","Missing result","",0
"PELO","retry","Missing result","",0
"PELP1","retry","Missing result","",0
"PEMT","retry","Missing result","",0
"PENK","valid","Validated converged fits","9b2d7e7d43475db7fec1effa93c52ce8",27
"PEPD","valid","Validated converged fits","1fd1f4e080181da7e9a250ef5d562647",27
"PER1","valid","Validated converged fits","97979e9d063719a2407b0b55f5513770",27
"PER2","valid","Validated converged fits","241de6a279d1797e37360574cc666f86",27
"PER3","valid","Validated converged fits","c9ff58c7d6b9c9374e4627033eb9cf8b",27
"PERM1","valid","Validated converged fits","1217b76ea80ebb459a843dcc4c84d606",27
"PERP","valid","Validated converged fits","36af1b670831a3d2a9221c0425954049",27
"PES1","valid","Validated converged fits","559a0dd27af9c096617dde0e9e2aa1c7",27
"PET100","valid","Validated converged fits","69e7ef028d67409f81bfbd49669115cb",27
"PET117","valid","Validated converged fits","91441a1f5d98f36a5336055dd572e059",27
"PEX1","valid","Validated converged fits","b0dde62a73739e16525d9e69189454f5",27
"PEX10","valid","Validated converged fits","5fdded0606fad203af852138a77d75a0",27
"PEX11A","valid","Validated converged fits","17bcdd3f529d931de7bd8c094bed28b3",27
"PEX11B","valid","Validated converged fits","bd5d6a9f51e94d1877196a558ea7f416",27
"PEX11G","valid","Validated converged fits","58bc18935141eddd46ccc751fb23c53f",27
"PEX12","valid","Validated converged fits","9cf52f25516d0c72d745c7a25957c901",27
"PEX13","valid","Validated converged fits","14d327d699a309d9223247c7defd4be9",27
"PEX14","valid","Validated converged fits","1218d985f4ef7402ce25d7fb00cde0c5",27
"PEX16","valid","Validated converged fits","87931f945dd6f2390324cf0207ca8870",27
"PEX19","retry","Missing result","",0
"PEX2","retry","Missing result","",0
"PEX26","retry","Missing result","",0
"PEX3","retry","Missing result","",0
"PEX5","retry","Missing result","",0
"PEX5L","retry","Missing result","",0
"PEX6","retry","Missing result","",0
"PEX7","retry","Missing result","",0
"PF4","retry","Missing result","",0
"PF4V1","retry","Missing result","",0
"PFAS","retry","Missing result","",0
"PFDN1","retry","Missing result","",0
"PFDN2","retry","Missing result","",0
"PFDN4","retry","Missing result","",0
"PFDN5","retry","Missing result","",0
"PFDN6","retry","Missing result","",0
"PFKFB1","retry","Missing result","",0
"PFKFB2","retry","Missing result","",0
"PFKFB3","retry","Missing result","",0
"PFKFB4","retry","Missing result","",0
"PFKL","retry","Missing result","",0
"PFKM","retry","Missing result","",0
"PFKP","retry","Missing result","",0
"PFN1","retry","Missing result","",0
"PFN2","retry","Missing result","",0
"PFN3","retry","Missing result","",0
"PFN4","retry","Missing result","",0
"PGA3","retry","Missing result","",0
"PGA4","retry","Missing result","",0
"PGA5","retry","Missing result","",0
"PGAM1","retry","Missing result","",0
"PGAM4","retry","Missing result","",0
"PGAM5","retry","Missing result","",0
"PGAP1","retry","Missing result","",0
"PGAP2","retry","Missing result","",0
"PGAP3","retry","Missing result","",0
"PGBD1","retry","Missing result","",0
"PGBD2","retry","Missing result","",0
"PGBD4","retry","Missing result","",0
"PGBD5","retry","Missing result","",0
"PGC","retry","Missing result","",0
"PGD","retry","Missing result","",0
"PGF","retry","Missing result","",0
"PGGHG","valid","Validated converged fits","f0ffb2f27400364d9f655a3f49be7bf7",27
"PGGT1B","valid","Validated converged fits","d6674e6b7e37b6439f828deccdd93c40",27
"PGK1","retry","PLINK failed for PGK1 on chromosome X with exit status 7","0446722df0fac246f48de2dd3587961d",0
"PGK2","valid","Validated converged fits","ea1945cdd3bd3b50164aec9e1c5e33f0",27
"PGLS","valid","Validated converged fits","0b01ff03f4ec96ee722391e438cb3519",27
"PGLYRP1","valid","Validated converged fits","3229ccebef537dd295f19800e77fb995",27
"PGLYRP2","retry","PLINK failed for PGLYRP2 on chromosome 19 with exit status 127","94fe792ab6f3f94fd1ddb0bce21397ea",0
"PGLYRP3","valid","Validated converged fits","210dc0f6310edf78e7a27cda9edba451",27
"PGLYRP4","retry","PLINK failed for PGLYRP4 on chromosome 1 with exit status 127","5a4e68bcec6655c40b628cf176bc0111",0
"PGM1","valid","Validated converged fits","8f85b8f9413e037e70b3aecec9646705",27
"PGM2","valid","Validated converged fits","b611117f0bb38642cff84cb1e80b76a8",27
"PGM2L1","retry","PLINK failed for PGM2L1 on chromosome 11 with exit status 127","1e6be663bfd8c477a2c37a47714afbbd",0
"PGM3","retry","PLINK failed for PGM3 on chromosome 6 with exit status 127","5c155025dd82fbeae75667f00942b9dc",0
"PGM5","retry","PLINK failed for PGM5 on chromosome 9 with exit status 127","e29f6bb9c389c184ab3b6cbcb1402363",0
"PGP","retry","PLINK failed for PGP on chromosome 16 with exit status 127","d60adc567ccae25b26ef860c65806b13",0
"PGPEP1","retry","PLINK failed for PGPEP1 on chromosome 19 with exit status 127","97dc915a18491bea9b98c4136e3fb7bc",0
"PGPEP1L","retry","PLINK failed for PGPEP1L on chromosome 15 with exit status 127","1cd49341b3213ca7103d45c126b29504",0
"PGR","retry","PLINK failed for PGR on chromosome 11 with exit status 127","be6c27964ebdf2d21fe247746ee6a47a",0
"PGRMC1","retry","PLINK failed for PGRMC1 on chromosome X with exit status 127","7cff1770d7b99deb032fdc947b530b5a",0
"PGRMC2","retry","PLINK failed for PGRMC2 on chromosome 4 with exit status 127","068fcb869058b5ee0f212a7d1295a796",0
"PGS1","retry","PLINK failed for PGS1 on chromosome 17 with exit status 127","923546a1da36073314895c4fcc768825",0
"PHACTR1","retry","PLINK failed for PHACTR1 on chromosome 6 with exit status 127","98bcbb52442f2c0a955a17791ec7a4ae",0
"PHACTR2","retry","PLINK failed for PHACTR2 on chromosome 6 with exit status 127","6aa9369d60979fb06ea028e7bffc4d28",0
"PHACTR3","retry","PLINK failed for PHACTR3 on chromosome 20 with exit status 127","f5119e13bdcbc207005692bdc621151f",0
"PHACTR4","retry","PLINK failed for PHACTR4 on chromosome 1 with exit status 127","6cf98d273c799bc967f243a4bbce5605",0
"PHAX","retry","PLINK failed for PHAX on chromosome 5 with exit status 127","eabd854fd8bf18a346bc0c8984d0bbd9",0
"PHB","retry","PLINK failed for PHB on chromosome 17 with exit status 127","b445a0b574870c198c6c1707e9d46c1e",0
"PHB2","retry","PLINK failed for PHB2 on chromosome 12 with exit status 127","28ae31e881ff07c3d18ac0b531bfd89f",0
"PHC1","retry","PLINK failed for PHC1 on chromosome 12 with exit status 127","ce80195b4594ef750e3a47d962772c7d",0
"PHC2","retry","PLINK failed for PHC2 on chromosome 1 with exit status 127","739d6a95e956b41878ceed78e8c340a9",0
"PHC3","retry","PLINK failed for PHC3 on chromosome 3 with exit status 127","6fc8eccce2b0ffa3154f20c4145fd12e",0
"PHEX","retry","PLINK failed for PHEX on chromosome X with exit status 127","9d81ad14dcdc44e888cb47b1da01e75e",0
"PHF1","retry","PLINK failed for PHF1 on chromosome 6 with exit status 127","028a60a3906a54fed27276ed64804e00",0
"PHF10","retry","PLINK failed for PHF10 on chromosome 6 with exit status 127","eb3207bd2229ff2603cb78ec56adc950",0
"PHF11","retry","PLINK failed for PHF11 on chromosome 13 with exit status 127","8a96d1382df6bcb49e4323d2113a92b6",0
"PHF12","retry","PLINK failed for PHF12 on chromosome 17 with exit status 127","d73aaad2c9ffd6737c9afaaf69828e58",0
"PHF13","retry","PLINK failed for PHF13 on chromosome 1 with exit status 127","f2ea3153d6d917f5d1e5937f23ca37a4",0
"PHF14","retry","PLINK failed for PHF14 on chromosome 7 with exit status 127","2e3a51ffcf3134adb8d49b94741b28c9",0
"PHF19","retry","PLINK failed for PHF19 on chromosome 9 with exit status 127","9c4681fc0635640dda78635129856f0a",0
"PHF2","retry","PLINK failed for PHF2 on chromosome 9 with exit status 127","f39e08b3917d523ac564871ba09777ea",0
"PHF20","retry","PLINK failed for PHF20 on chromosome 20 with exit status 127","b0b19ad8e365eb3e20da340ea5535163",0
"PHF20L1","retry","PLINK failed for PHF20L1 on chromosome 8 with exit status 127","0b7eb753985a6418b0f0db9ed68123ff",0
"PHF21A","retry","PLINK failed for PHF21A on chromosome 11 with exit status 127","96a1983cc2ff7cb504c6d387140fcc46",0
"PHF21B","retry","PLINK failed for PHF21B on chromosome 22 with exit status 127","ab8c8140a15e1c3f1a8b5d91804e7ac8",0
"PHF23","retry","PLINK failed for PHF23 on chromosome 17 with exit status 127","69fcc0ab246b9b793496d4237f531f93",0
"PHF24","retry","PLINK failed for PHF24 on chromosome 9 with exit status 127","b4ad3b11312a62cedc1b6a6ac45931bf",0
"PHF3","retry","PLINK failed for PHF3 on chromosome 6 with exit status 127","47265e6d5a956fbd8b46070ce6c9ff27",0
"PHF5A","retry","PLINK failed for PHF5A on chromosome 22 with exit status 127","1bd9d2c279b1865c4dd609ba15814e91",0
"PHF6","retry","PLINK failed for PHF6 on chromosome X with exit status 127","22a30fb12e3222e95a8247e891577cd9",0
"PHF7","retry","PLINK failed for PHF7 on chromosome 3 with exit status 127","4f34e6ca111ea1ce92c1b1019f5b8bf1",0
"PHF8","retry","PLINK failed for PHF8 on chromosome X with exit status 127","a2726d24d22382b89c3e4cad1b38f7e0",0
"PHGDH","retry","PLINK failed for PHGDH on chromosome 1 with exit status 127","4abbc2031cfa322bc469ca1afdfce1a6",0
"PHGR1","retry","PLINK failed for PHGR1 on chromosome 15 with exit status 127","83dea38d24b355380b2ffad9f61f3045",0
"PHIP","retry","PLINK failed for PHIP on chromosome 6 with exit status 127","3363ae2de3d795cb7f8e081b52eae27a",0
"PHKA1","retry","PLINK failed for PHKA1 on chromosome X with exit status 127","d480db7a400245bbc824ce4ffc32741e",0
"PHKA2","retry","PLINK failed for PHKA2 on chromosome X with exit status 127","436e56652169dbf7a8c8417c7525cf33",0
"PHKB","retry","PLINK failed for PHKB on chromosome 16 with exit status 127","85ffd8089e4b1a8faefe7b3c3664bee8",0
"PHKG1","retry","PLINK failed for PHKG1 on chromosome 7 with exit status 127","46c1622f78a31b38ec58bea35a79e91a",0
"PHKG2","retry","PLINK failed for PHKG2 on chromosome 16 with exit status 127","49def1278e80153eaa793a6544d5c826",0
"PHLDA1","retry","PLINK failed for PHLDA1 on chromosome 12 with exit status 127","b6750009acbc7f55823e0cb577a3a1b8",0
"PHLDA2","retry","PLINK failed for PHLDA2 on chromosome 11 with exit status 127","ab162cc3a06cafea02408f930053eabd",0
"PHLDA3","retry","PLINK failed for PHLDA3 on chromosome 1 with exit status 127","4c2d29c1c3277acb592f8c614f0b4615",0
"PHLDB1","retry","Missing result","",0
"PHLDB2","retry","Missing result","",0
"PHLDB3","retry","Missing result","",0
"PHLPP1","retry","Missing result","",0
"PHLPP2","retry","Missing result","",0
"PHOSPHO1","retry","Missing result","",0
"PHOSPHO2","retry","Missing result","",0
"PHOX2A","retry","Missing result","",0
"PHOX2B","retry","Missing result","",0
"PHPT1","retry","Missing result","",0
"PHRF1","retry","Missing result","",0
"PHTF1","retry","Missing result","",0
"PHTF2","retry","Missing result","",0
"PHYH","retry","Missing result","",0
"PHYHD1","retry","Missing result","",0
"PHYHIP","retry","Missing result","",0
"PHYHIPL","retry","Missing result","",0
"PHYKPL","retry","Missing result","",0
"PI15","retry","Missing result","",0
"PI16","retry","Missing result","",0
"PI3","retry","Missing result","",0
"PI4K2A","retry","Missing result","",0
"PI4K2B","retry","Missing result","",0
"PI4KA","retry","Missing result","",0
"PI4KB","retry","Missing result","",0
"PIANP","retry","Missing result","",0
"PIAS1","retry","Missing result","",0
"PIAS2","retry","Missing result","",0
"PIAS3","retry","Missing result","",0
"PIAS4","retry","Missing result","",0
"PIBF1","retry","Missing result","",0
"PICALM","retry","Missing result","",0
"PICK1","retry","Missing result","",0
"PID1","retry","Missing result","",0
"PIDD1","retry","Missing result","",0
"PIEZO1","retry","Missing result","",0
"PIEZO2","retry","Missing result","",0
"PIF1","retry","Missing result","",0
"PIFO","retry","Missing result","",0
"PIGA","retry","Missing result","",0
"PIGB","retry","Missing result","",0
"PIGBOS1","retry","Missing result","",0
"PIGC","retry","Missing result","",0
"PIGF","retry","Missing result","",0
"PIGG","retry","Missing result","",0
"PIGH","retry","Missing result","",0
"PIGK","retry","Missing result","",0
"PIGL","retry","Missing result","",0
"PIGM","retry","Missing result","",0
"PIGN","retry","Missing result","",0
"PIGO","retry","Missing result","",0
"PIGP","retry","Missing result","",0
"PIGQ","retry","Missing result","",0
"PIGR","retry","Missing result","",0
"PIGS","retry","Missing result","",0
"PIGT","retry","Missing result","",0
"PIGU","retry","Missing result","",0
"PIGV","retry","Missing result","",0
"PIGW","retry","Missing result","",0
"PIGX","retry","Missing result","",0
"PIGZ","retry","Missing result","",0
"PIH1D1","retry","Missing result","",0
"PIH1D2","valid","Validated converged fits","df9e1c585e01b4f296c7cb7fd9949424",27
"PIK3AP1","valid","Validated converged fits","f8c99ce9650a459e0c1d3130fb36fe49",27
"PIK3C2A","valid","Validated converged fits","6f66d89fae84d81e2511d104a75f500d",27
"PIK3C2B","valid","Validated converged fits","01c5e19845a26dade7633ed57bb1adc4",27
"PIK3C2G","valid","Validated converged fits","c5711fd612178251ad1128b9d5eeda1d",27
"PIK3C3","valid","Validated converged fits","1b6466acb20449361b6ee52c08312b7a",27
"PIK3CA","valid","Validated converged fits","5ec0242c4644ed0b6f153f1c20dbc3fe",27
"PIK3CB","valid","Validated converged fits","0127da806c1df3b96e30a9103ccabfdf",27
"PIK3CD","valid","Validated converged fits","796a11365c60fb7f58ee4a32710a2608",27
"PIK3CG","valid","Validated converged fits","1c862f807ba096aa216656050f132cd8",27
"PIK3IP1","valid","Validated converged fits","331bf7814ce83c47e7aa60fd6000ecca",27
"PIK3R1","valid","Validated converged fits","86c8b989780e08ed8074d3b353427aba",27
"PIK3R2","valid","Validated converged fits","d6d8c6e25ba1b1ced83ab8f258f58d1a",27
"PIK3R3","valid","Validated converged fits","7f7217f18e9f5209b19b56712bd6b0b8",27
"PIK3R4","valid","Validated converged fits","371b78c7d9e6194d8221b29092c5ac6d",27
"PIK3R5","valid","Validated converged fits","d78ec108a46575791a0096f83bb26fe6",27
"PIK3R6","valid","Validated converged fits","1cb5e72f0af41fb43ad2ac6059e981c4",27
"PIKFYVE","valid","Validated converged fits","ccd0ae533514a319c9ed4dedb5215471",27
"PILRA","valid","Validated converged fits","27b7956aa99ac3e3d897ccc1cd898e7d",27
"PILRB","retry","Missing result","",0
"PIM1","retry","Missing result","",0
"PIM2","retry","Missing result","",0
"PIM3","retry","Missing result","",0
"PIN1","retry","Missing result","",0
"PIN4","retry","Missing result","",0
"PINK1","retry","Missing result","",0
"PINLYP","retry","Missing result","",0
"PINX1","retry","Missing result","",0
"PIP","retry","Missing result","",0
"PIP4K2A","retry","Missing result","",0
"PIP4K2B","retry","Missing result","",0
"PIP4K2C","retry","Missing result","",0
"PIP5K1A","retry","Missing result","",0
"PIP5K1B","retry","Missing result","",0
"PIP5K1C","retry","Missing result","",0
"PIP5KL1","retry","Missing result","",0
"PIPOX","retry","Missing result","",0
"PIR","retry","Missing result","",0
"PIRT","retry","Missing result","",0
"PISD","retry","Missing result","",0
"PITHD1","retry","Missing result","",0
"PITPNA","retry","Missing result","",0
"PITPNB","retry","Missing result","",0
"PITPNC1","retry","Missing result","",0
"PITPNM1","retry","Missing result","",0
"PITPNM2","retry","Missing result","",0
"PITPNM3","retry","Missing result","",0
"PITRM1","retry","Missing result","",0
"PITX1","retry","Missing result","",0
"PITX2","retry","Missing result","",0
"PITX3","retry","Missing result","",0
"PIWIL1","retry","Missing result","",0
"PIWIL2","retry","Missing result","",0
"PIWIL3","retry","Missing result","",0
"PIWIL4","retry","Missing result","",0
"PJA1","retry","Missing result","",0
"PJA2","retry","Missing result","",0
"PKD1","retry","Missing result","",0
"PKD1L1","retry","Missing result","",0
"PKD1L3","retry","Missing result","",0
"PKD2","retry","Missing result","",0
"PKD2L1","retry","Missing result","",0
"PKD2L2","valid","Validated converged fits","7036b787041e29ef6036f41a13076665",27
"PKDCC","valid","Validated converged fits","4dbcd3426311381d6c1680203cc02638",27
"PKDREJ","valid","Validated converged fits","ca68b9689d41b598dbe34d67f88ace00",27
"PKHD1","valid","Validated converged fits","c12a6b312352e0eb53ee55fa41efc994",27
"PKHD1L1","valid","Validated converged fits","df056eef08437d3eabe60aafbc8febb5",27
"PKIA","valid","Validated converged fits","d4462ca77418cc773d84dce73dcf14a6",27
"PKIB","valid","Validated converged fits","c5f4f0236ef808ecd3fc7bb556196152",27
"PKIG","valid","Validated converged fits","a7b54a068517eed4530ce72dfdf6d8a0",27
"PKLR","valid","Validated converged fits","e3e9f33405d596e40b35aec4fc56035f",27
"PKM","valid","Validated converged fits","5742850f892f68bd19044470404bcb25",27
"PKMYT1","valid","Validated converged fits","0b107ee1da3772bc82f1050eb5c75676",27
"PKN1","valid","Validated converged fits","a640d2a599e9e3cec94178f77ba0d150",27
"PKN2","valid","Validated converged fits","6f73dbf6c52f93c02fd49990abcf29ea",27
"PKN3","valid","Validated converged fits","c27ca9e3d4044c282c7bd00619c60231",27
"PKNOX1","valid","Validated converged fits","8399c15967473496ec25b4681e86afd7",27
"PKNOX2","valid","Validated converged fits","047b16940a68ce3f1e6c9421d0b331a3",27
"PKP1","valid","Validated converged fits","6c88c1df57f41120fc62722fafddf109",27
"PKP2","retry","Missing result","",0
"PKP3","retry","Missing result","",0
"PKP4","retry","Missing result","",0
"PLA1A","retry","Missing result","",0
"PLA2G10","retry","Missing result","",0
"PLA2G12A","retry","Missing result","",0
"PLA2G12B","retry","Missing result","",0
"PLA2G15","retry","Missing result","",0
"PLA2G1B","retry","Missing result","",0
"PLA2G2A","retry","Missing result","",0
"PLA2G2C","retry","Missing result","",0
"PLA2G2D","retry","Missing result","",0
"PLA2G2E","retry","Missing result","",0
"PLA2G2F","retry","Missing result","",0
"PLA2G3","retry","Missing result","",0
"PLA2G4A","retry","Missing result","",0
"PLA2G4B","retry","Missing result","",0
"PLA2G4C","retry","Missing result","",0
"PLA2G4D","retry","Missing result","",0
"PLA2G4E","retry","Missing result","",0
"PLA2G4F","retry","Missing result","",0
"PLA2G5","retry","Missing result","",0
"PLA2G6","retry","Missing result","",0
"PLA2G7","retry","Missing result","",0
"PLA2R1","retry","Missing result","",0
"PLAA","retry","Missing result","",0
"PLAC1","retry","Missing result","",0
"PLAC8","retry","Missing result","",0
"PLAC8L1","retry","Missing result","",0
"PLAC9","retry","Missing result","",0
"PLAG1","retry","Missing result","",0
"PLAGL1","retry","Missing result","",0
"PLAGL2","retry","Missing result","",0
"PLAT","retry","Missing result","",0
"PLAU","retry","Missing result","",0
"PLAUR","retry","Missing result","",0
"PLB1","retry","Missing result","",0
"PLBD1","retry","Missing result","",0
"PLBD2","retry","Missing result","",0
"PLCB1","retry","Missing result","",0
"PLCB2","retry","Missing result","",0
"PLCB3","retry","Missing result","",0
"PLCB4","retry","Missing result","",0
"PLCD1","retry","Missing result","",0
"PLCD3","retry","Missing result","",0
"PLCD4","valid","Validated converged fits","2d90417ff4dce5f4a4ae86716d3dbaea",27
"PLCE1","valid","Validated converged fits","2a120f6b1343ec49247390e66728a382",27
"PLCG1","valid","Validated converged fits","ad59c8e45eb843bb7fdf84ca3f0d3991",27
"PLCG2","valid","Validated converged fits","271e9fc2815d7a4483daa444da948555",27
"PLCH1","valid","Validated converged fits","719a207f85c925a8d6e404d005dcbcff",27
"PLCH2","valid","Validated converged fits","b53c896be6bbbec39af98baa717dc290",27
"PLCL1","valid","Validated converged fits","02931063bfda34bb72245adda9d946de",27
"PLCL2","valid","Validated converged fits","ee0eff82fdd457da86c30892f67e5ca4",27
"PLCXD1","retry","PLINK failed for PLCXD1 on chromosome X with exit status 7","2877730c487d04b0deb532b79a3bb37d",0
"PLCXD2","valid","Validated converged fits","7c018889b02a5fd6f3a698b60bb769a0",27
"PLCXD3","valid","Validated converged fits","d11d7c10e91c64194177cf7cda6c482b",27
"PLCZ1","valid","Validated converged fits","c2ea3a1b7dfb9e079521cb5188cb84f2",27
"PLD1","valid","Validated converged fits","44835345fa0f6b27a56a0570bd5401c3",27
"PLD2","valid","Validated converged fits","c79cd0e6baf29e81e42e927d48f23be5",27
"PLD3","valid","Validated converged fits","6feb1e212702e4d3a02872e7b25183c2",27
"PLD4","valid","Validated converged fits","c27bd22c3b6164296d41fc77b2d1fa16",27
"PLD5","valid","Validated converged fits","dcf6968a6b5dcabb1855a4b5ff56f807",27
"PLD6","retry","Missing result","",0
"PLEC","retry","Missing result","",0
"PLEK","retry","Missing result","",0
"PLEK2","retry","Missing result","",0
"PLEKHA1","retry","Missing result","",0
"PLEKHA2","retry","Missing result","",0
"PLEKHA3","retry","Missing result","",0
"PLEKHA4","retry","Missing result","",0
"PLEKHA5","retry","Missing result","",0
"PLEKHA6","retry","Missing result","",0
"PLEKHA7","retry","Missing result","",0
"PLEKHA8","retry","Missing result","",0
"PLEKHB1","retry","Missing result","",0
"PLEKHB2","retry","Missing result","",0
"PLEKHD1","retry","Missing result","",0
"PLEKHF1","retry","Missing result","",0
"PLEKHF2","retry","Missing result","",0
"PLEKHG1","retry","Missing result","",0
"PLEKHG2","retry","Missing result","",0
"PLEKHG3","retry","Missing result","",0
"PLEKHG4","retry","Missing result","",0
"PLEKHG4B","retry","Missing result","",0
"PLEKHG5","retry","Missing result","",0
"PLEKHG6","retry","Missing result","",0
"PLEKHG7","retry","Missing result","",0
"PLEKHH1","retry","Missing result","",0
"PLEKHH2","retry","Missing result","",0
"PLEKHH3","retry","Missing result","",0
"PLEKHJ1","retry","Missing result","",0
"PLEKHM1","retry","Missing result","",0
"PLEKHM2","retry","Missing result","",0
"PLEKHM3","retry","Missing result","",0
"PLEKHN1","retry","Missing result","",0
"PLEKHO1","retry","Missing result","",0
"PLEKHO2","retry","Missing result","",0
"PLEKHS1","retry","Missing result","",0
"PLET1","retry","Missing result","",0
"PLG","retry","Missing result","",0
"PLGLB1","retry","Missing result","",0
"PLGLB2","retry","Missing result","",0
"PLGRKT","retry","Missing result","",0
"PLIN1","retry","Missing result","",0
"PLIN2","retry","Missing result","",0
"PLIN3","retry","Missing result","",0
"PLIN4","retry","Missing result","",0
"PLIN5","valid","Validated converged fits","58c0c925059fdc52ea8290c2f6c76578",27
"PLK1","valid","Validated converged fits","7e2c8f97432f10dea6acc48a35ea8592",27
"PLK2","valid","Validated converged fits","7ab434f1aaf3bce4674492c3bfb44fcd",27
"PLK3","valid","Validated converged fits","8ac6116c97b2db4217c7cb7c7ff3bb85",27
"PLK4","valid","Validated converged fits","25dbdb55aa2e1df7f573238fa0c26b09",27
"PLK5","valid","Validated converged fits","3edea9edea62467d08ffb83fdfca749c",27
"PLLP","valid","Validated converged fits","3dcdedff2c91f37269ebd9eba704043f",27
"PLN","valid","Validated converged fits","e00e97d28888ecebe68f7b92ffef3636",27
"PLOD1","valid","Validated converged fits","88d3c4f6d24da183440b89ff8236a8c5",27
"PLOD2","valid","Validated converged fits","8d0a96dfed8ecf72afea2d320df4701e",27
"PLOD3","valid","Validated converged fits","16f8d255fafedb5be17801d19702fb8b",27
"PLP1","retry","PLINK failed for PLP1 on chromosome X with exit status 7","fb8a9691ed6a55082906508d2d667ddf",0
"PLP2","retry","PLINK failed for PLP2 on chromosome X with exit status 7","22825152f388a4c4b3e777c57132fda0",0
"PLPP1","valid","Validated converged fits","772fce50ccf707f26e59372de82ad0eb",27
"PLPP2","valid","Validated converged fits","365fb27337eb0e3ac890cf5e59a3daab",27
"PLPP3","valid","Validated converged fits","1f81731f557ddae32f6cd83e07b36fcf",27
"PLPP4","valid","Validated converged fits","e7e25215f9cf1cf761b5900abf1c720c",27
"PLPP5","valid","Validated converged fits","e4305fc836a22d0f91c8b85d6804f4ba",27
"PLPP6","valid","Validated converged fits","0738dd84e6371a0863e12191b43624d8",27
"PLPP7","valid","Validated converged fits","cc2b4c1d7059725ee1571ecb915e1b19",27
"PLPPR1","retry","Missing result","",0
"PLPPR2","retry","Missing result","",0
"PLPPR3","retry","Missing result","",0
"PLPPR4","retry","Missing result","",0
"PLPPR5","retry","Missing result","",0
"PLRG1","retry","Missing result","",0
"PLS1","retry","Missing result","",0
"PLS3","retry","Missing result","",0
"PLSCR1","retry","Missing result","",0
"PLSCR2","retry","Missing result","",0
"PLSCR3","retry","Missing result","",0
"PLSCR4","retry","Missing result","",0
"PLSCR5","retry","Missing result","",0
"PLTP","retry","Missing result","",0
"PLVAP","retry","Missing result","",0
"PLXDC1","retry","Missing result","",0
"PLXDC2","retry","Missing result","",0
"PLXNA1","retry","Missing result","",0
"PLXNA2","retry","Missing result","",0
"PLXNA3","retry","Missing result","",0
"PLXNA4","retry","Missing result","",0
"PLXNB1","retry","Missing result","",0
"PLXNB2","retry","Missing result","",0
"PLXNB3","retry","Missing result","",0
"PLXNC1","retry","Missing result","",0
"PLXND1","retry","Missing result","",0
"PM20D1","retry","Missing result","",0
"PM20D2","retry","Missing result","",0
"PMAIP1","retry","Missing result","",0
"PMCH","retry","Missing result","",0
"PMEL","retry","Missing result","",0
"PMEPA1","retry","Missing result","",0
"PMF1","retry","Missing result","",0
"PMFBP1","retry","Missing result","",0
"PML","retry","Missing result","",0
"PMM1","retry","Missing result","",0
"PMM2","retry","Missing result","",0
"PMP2","retry","Missing result","",0
"PMP22","retry","Missing result","",0
"PMPCA","retry","Missing result","",0
"PMPCB","retry","Missing result","",0
"PMS1","retry","Missing result","",0
"PMS2","valid","Validated converged fits","8f423aa88ca07a3f8aa84a417554a217",27
"PMVK","valid","Validated converged fits","f83d095b6e2e04a939f0727888670305",27
"PNCK","retry","PLINK failed for PNCK on chromosome X with exit status 7","625343868bd6317ae11128f3c989ba11",0
"PNISR","valid","Validated converged fits","813011d13b9b421c3a0d4319e7e3cd95",27
"PNKD","valid","Validated converged fits","28fa81d8431bb0c6c8e79878ff5019ab",27
"PNKP","valid","Validated converged fits","7f69e73220ffbb248d32c6ea13b42054",27
"PNLDC1","valid","Validated converged fits","9833ae9edb4a4645a2bdaee8a066d5a6",27
"PNLIP","valid","Validated converged fits","59daa523274d3c7056955ba31c703c92",27
"PNLIPRP1","valid","Validated converged fits","9084c0d1ae71d2d03bbf5682a4417843",27
"PNLIPRP3","valid","Validated converged fits","b563d81a2c5f67f8db50acd6fa367e89",27
"PNMA1","valid","Validated converged fits","5e04d1819e5f526f62cf01779dd9d0e2",27
"PNMA2","valid","Validated converged fits","24e574e55bd8a1ace564ebf73def14f6",27
"PNMA3","retry","PLINK failed for PNMA3 on chromosome X with exit status 7","97bd8da7bd47715524001fb1d244eaae",0
"PNMA5","retry","PLINK failed for PNMA5 on chromosome X with exit status 7","ea3d04e819fec28ee936e8ad3b8b127a",0
"PNMA6A","retry","PLINK failed for PNMA6A on chromosome X with exit status 7","e8d6e6babe34a264e45745c08d9513fa",0
"PNMT","valid","Validated converged fits","7f0c37b82ebc36dae2b5654b028cdb4e",27
"PNN","valid","Validated converged fits","288ea5ba9fbf12c173dafde604bc6561",27
"PNO1","valid","Validated converged fits","fb0103d63b07effd8121e5cb6319a9be",27
"PNOC","valid","Validated converged fits","6255954ceb55e5bb9eb6108942a7c5a7",27
"PNP","valid","Validated converged fits","2e53571445530edda7277972e763f7eb",27
"PNPLA1","valid","Validated converged fits","8cb98d7dde85a95ee76c64727fab5934",27
"PNPLA2","retry","Missing result","",0
"PNPLA3","retry","Missing result","",0
"PNPLA4","retry","Missing result","",0
"PNPLA5","retry","Missing result","",0
"PNPLA6","retry","Missing result","",0
"PNPLA7","retry","Missing result","",0
"PNPLA8","retry","Missing result","",0
"PNPO","retry","Missing result","",0
"PNPT1","retry","Missing result","",0
"PNRC1","retry","Missing result","",0
"PNRC2","retry","Missing result","",0
"POC1A","retry","Missing result","",0
"POC1B","retry","Missing result","",0
"POC5","retry","Missing result","",0
"PODN","retry","Missing result","",0
"PODNL1","retry","Missing result","",0
"PODXL","retry","Missing result","",0
"PODXL2","retry","Missing result","",0
"POF1B","retry","Missing result","",0
"POFUT1","retry","Missing result","",0
"POFUT2","retry","Missing result","",0
"POGK","retry","Missing result","",0
"POGLUT1","retry","Missing result","",0
"POGZ","retry","Missing result","",0
"POLA1","retry","Missing result","",0
"POLA2","retry","Missing result","",0
"POLB","retry","Missing result","",0
"POLD1","retry","Missing result","",0
"POLD2","retry","Missing result","",0
"POLD3","retry","Missing result","",0
"POLD4","retry","Missing result","",0
"POLDIP2","retry","Missing result","",0
"POLDIP3","retry","Missing result","",0
"POLE","retry","Missing result","",0
"POLE2","retry","Missing result","",0
"POLE3","retry","Missing result","",0
"POLE4","retry","Missing result","",0
"POLG","retry","Missing result","",0
"POLG2","retry","Missing result","",0
"POLH","retry","Missing result","",0
"POLI","retry","Missing result","",0
"POLK","valid","Validated converged fits","21b913cffc4b71c9756ceed848a9bcdf",27
"POLL","valid","Validated converged fits","a806729768f80f4e7487d7e587bd6529",27
"POLM","valid","Validated converged fits","9467f6ff61fa87b1cc5dce4e66bc0ff9",27
"POLN","valid","Validated converged fits","f70e33ba1c7db481cc5bb880e3aa9b85",27
"POLQ","valid","Validated converged fits","0dfd2f60071f6d0bfef13e8a07442709",27
"POLR1A","valid","Validated converged fits","b928f4e5e3f9c46e465b53e2f122e8b3",27
"POLR1B","retry","Missing result","",0
"POLR1C","retry","Missing result","",0
"POLR1D","retry","Missing result","",0
"POLR1E","retry","Missing result","",0
"POLR2A","retry","Missing result","",0
"POLR2B","retry","Missing result","",0
"POLR2C","retry","Missing result","",0
"POLR2D","retry","Missing result","",0
"POLR2E","retry","Missing result","",0
"POLR2F","retry","Missing result","",0
"POLR2G","retry","Missing result","",0
"POLR2H","retry","Missing result","",0
"POLR2I","retry","Missing result","",0
"POLR2J","retry","Missing result","",0
"POLR2J2","retry","Missing result","",0
"POLR2J3","retry","Missing result","",0
"POLR2K","retry","Missing result","",0
"POLR2L","retry","Missing result","",0
"POLR2M","retry","Missing result","",0
"POLR3A","retry","Missing result","",0
"POLR3B","retry","Missing result","",0
"POLR3C","retry","Missing result","",0
"POLR3D","retry","Missing result","",0
"POLR3E","retry","Missing result","",0
"POLR3F","retry","Missing result","",0
"POLR3G","retry","Missing result","",0
"POLR3GL","retry","Missing result","",0
"POLR3H","retry","Missing result","",0
"POLR3K","retry","Missing result","",0
"POLRMT","retry","Missing result","",0
"POM121","retry","Missing result","",0
"POM121C","retry","Missing result","",0
"POM121L12","retry","Missing result","",0
"POM121L2","retry","Missing result","",0
"POMC","retry","Missing result","",0
"POMGNT1","retry","Missing result","",0
"POMGNT2","retry","Missing result","",0
"POMK","retry","Missing result","",0
"POMP","retry","Missing result","",0
"POMT1","retry","Missing result","",0
"POMT2","retry","Missing result","",0
"POMZP3","retry","Missing result","",0
"PON1","retry","Missing result","",0
"PON2","retry","Missing result","",0
"PON3","retry","Missing result","",0
"POP1","retry","Missing result","",0
"POP4","retry","Missing result","",0
"POP5","retry","Missing result","",0
"POP7","retry","Missing result","",0
"POPDC2","retry","Missing result","",0
"POPDC3","retry","Missing result","",0
"POR","retry","Missing result","",0
"PORCN","retry","Missing result","",0
"POSTN","retry","Missing result","",0
"POT1","retry","Missing result","",0
"POTEB","retry","Missing result","",0
"POTEB2","valid","Validated converged fits","c23da8cad410fc5d9fddbdb997447b3c",20
"POTEB3","valid","Validated converged fits","92ca690a56fb88651a7d5c8232cd4150",26
"POTEC","valid","Validated converged fits","147a7c2ae6934e8ce2ca1582581a41a3",27
"POTED","valid","Validated converged fits","4a9f237d9972ed9419a7d08ca7cfe7e5",27
"POTEE","valid","Validated converged fits","ee7709c662d1535b4179e9a587c2abf2",27
"POTEF","valid","Validated converged fits","68deaf1425b425782efbf524a5e75b57",27
"POTEG","valid","Validated converged fits","96a7b8408bd575fa87c1f818275db5ac",27
"POTEH","valid","Validated converged fits","b2a430156c3e09b37e0f6edcd99e6e49",27
"POTEI","valid","Validated converged fits","104e0a2d07382408b600d9c79e52cedb",27
"POTEJ","valid","Validated converged fits","aecad29e52e1f8096f4196b9c4a6fabe",27
"POTEM","valid","Validated converged fits","70ffdbcb5ce843e969064983c8729130",26
"POU1F1","valid","Validated converged fits","6d70b264d7f85dc53e1cfa63dc452898",27
"POU2AF1","valid","Validated converged fits","f461592f1556682b4fb6c4c3b1c9a9ba",27
"POU2F1","valid","Validated converged fits","cc3b6d33cb4099685a726a8cafe305b3",27
"POU2F2","valid","Validated converged fits","b1d781c10339b7534996eb9ae2f6e531",27
"POU2F3","valid","Validated converged fits","9c3c8ae17b90f2a7c479524ef442b5a1",27
"POU3F1","valid","Validated converged fits","92d1dae826a06017c8cd0152b49d08a0",27
"POU3F2","valid","Validated converged fits","4ba21f0ce25a53f7d1bc0f63a1a4860c",27
"POU3F3","retry","Missing result","",0
"POU3F4","retry","Missing result","",0
"POU4F1","retry","Missing result","",0
"POU4F2","retry","Missing result","",0
"POU4F3","retry","Missing result","",0
"POU5F1","retry","Missing result","",0
"POU5F1B","retry","Missing result","",0
"POU5F2","retry","Missing result","",0
"POU6F1","retry","Missing result","",0
"POU6F2","retry","Missing result","",0
"PP2D1","retry","Missing result","",0
"PPA1","retry","Missing result","",0
"PPA2","retry","Missing result","",0
"PPAN","retry","Missing result","",0
"PPARA","retry","Missing result","",0
"PPARD","retry","Missing result","",0
"PPARG","retry","Missing result","",0
"PPARGC1A","retry","Missing result","",0
"PPARGC1B","retry","Missing result","",0
"PPAT","retry","Missing result","",0
"PPBP","retry","Missing result","",0
"PPCDC","retry","Missing result","",0
"PPCS","retry","Missing result","",0
"PPDPF","retry","Missing result","",0
"PPEF1","retry","Missing result","",0
"PPEF2","retry","Missing result","",0
"PPFIA1","retry","Missing result","",0
"PPFIA2","retry","Missing result","",0
"PPFIA3","retry","Missing result","",0
"PPFIA4","retry","Missing result","",0
"PPFIBP1","retry","Missing result","",0
"PPFIBP2","retry","Missing result","",0
"PPHLN1","retry","Missing result","",0
"PPIA","retry","Missing result","",0
"PPIAL4A","retry","Missing result","",0
"PPIAL4C","retry","Missing result","",0
"PPIAL4D","retry","Missing result","",0
"PPIAL4E","retry","Missing result","",0
"PPIAL4F","retry","Missing result","",0
"PPIAL4G","retry","Missing result","",0
"PPIB","retry","Missing result","",0
"PPIC","retry","Missing result","",0
"PPID","retry","Missing result","",0
"PPIE","retry","Missing result","",0
"PPIF","valid","Validated converged fits","da5a32b32cf326cbc6c65a98271431db",27
"PPIG","valid","Validated converged fits","566aae0820d9db6b0810a03f5b07d3ce",27
"PPIH","valid","Validated converged fits","9445ef40864f34413fdb30b93fbb6cda",27
"PPIL1","valid","Validated converged fits","ef9999034269dbfadb782ed479f18b9c",27
"PPIL2","valid","Validated converged fits","ac6d190ec2536e8d56ee9e41a1b61928",27
"PPIL3","valid","Validated converged fits","cd70cc9a3216da67dab42d58c2637111",27
"PPIL4","valid","Validated converged fits","7e0f979bc9d61f9de77607909921edc9",27
"PPIL6","valid","Validated converged fits","c448e2118d0994b88aedced12c63ffe7",27
"PPIP5K1","valid","Validated converged fits","ebb89c1a915af040dd89675d45bf6a95",27
"PPIP5K2","valid","Validated converged fits","131c3ce80a9dc9086098866c9412fa34",27
"PPL","valid","Validated converged fits","0cb36d870537a73a0637d761d9561c4a",27
"PPM1A","valid","Validated converged fits","af16f6a8ccf5135a0d83bec11deacc28",27
"PPM1B","valid","Validated converged fits","ddb09e39473dca4d2a463f7da573a6a3",27
"PPM1D","valid","Validated converged fits","bc7793c1a6408a7e300778c7378ad031",27
"PPM1E","valid","Validated converged fits","78534b981041769621aea057a2ae4569",27
"PPM1F","valid","Validated converged fits","68b171b59f476ba903475d3952dfe614",27
"PPM1G","valid","Validated converged fits","304ebac75ab0029dbc9de78d1041af87",27
"PPM1H","retry","Missing result","",0
"PPM1J","retry","Missing result","",0
"PPM1K","retry","Missing result","",0
"PPM1L","retry","Missing result","",0
"PPM1M","retry","Missing result","",0
"PPM1N","retry","Missing result","",0
"PPME1","retry","Missing result","",0
"PPOX","retry","Missing result","",0
"PPP1CA","retry","Missing result","",0
"PPP1CB","retry","Missing result","",0
"PPP1CC","retry","Missing result","",0
"PPP1R10","retry","Missing result","",0
"PPP1R11","retry","Missing result","",0
"PPP1R12A","retry","Missing result","",0
"PPP1R12B","retry","Missing result","",0
"PPP1R12C","retry","Missing result","",0
"PPP1R13B","retry","Missing result","",0
"PPP1R13L","retry","Missing result","",0
"PPP1R14A","retry","Missing result","",0
"PPP1R14B","retry","Missing result","",0
"PPP1R14C","retry","Missing result","",0
"PPP1R14D","retry","Missing result","",0
"PPP1R15A","retry","Missing result","",0
"PPP1R15B","retry","Missing result","",0
"PPP1R16A","retry","Missing result","",0
"PPP1R16B","retry","Missing result","",0
"PPP1R17","retry","Missing result","",0
"PPP1R18","retry","Missing result","",0
"PPP1R1A","retry","Missing result","",0
"PPP1R1B","retry","Missing result","",0
"PPP1R1C","retry","Missing result","",0
"PPP1R2","retry","Missing result","",0
"PPP1R21","retry","Missing result","",0
"PPP1R26","retry","Missing result","",0
"PPP1R27","retry","Missing result","",0
"PPP1R32","retry","Missing result","",0
"PPP1R35","retry","Missing result","",0
"PPP1R36","retry","Missing result","",0
"PPP1R37","retry","Missing result","",0
"PPP1R3A","retry","Missing result","",0
"PPP1R3B","retry","Missing result","",0
"PPP1R3C","retry","Missing result","",0
"PPP1R3D","retry","Missing result","",0
"PPP1R3E","retry","Missing result","",0
"PPP1R3F","retry","Missing result","",0
"PPP1R3G","valid","Validated converged fits","ba17160a403b769fe598a0f246120413",27
"PPP1R42","valid","Validated converged fits","4e268854685f56ed3d42d2ec950263b1",27
"PPP1R7","valid","Validated converged fits","4af0e68c8f5cde54411b82983f71d877",27
"PPP1R8","valid","Validated converged fits","195d32b07c8fe69fdf4394c7438cca5a",27
"PPP1R9A","valid","Validated converged fits","3d665b1046bf65e382212db127b676ba",27
"PPP1R9B","valid","Validated converged fits","e066858b11655ab8c681eabbda8b3159",27
"PPP2CA","valid","Validated converged fits","e28a90948ec137e0aee53061751c6d4d",27
"PPP2CB","valid","Validated converged fits","37aa311dea416011d7f1f922b5c0d68d",27
"PPP2R1A","valid","Validated converged fits","fa9b9c53fe34a8bc9251992b2d43ea59",27
"PPP2R1B","valid","Validated converged fits","c0968d8043ffe5cf9ca9a0d624dba6f3",27
"PPP2R2A","valid","Validated converged fits","4d6d012930367687135c0f283cc15a48",27
"PPP2R2B","valid","Validated converged fits","f60be26129a881bd77885d161d9f41c2",27
"PPP2R2C","valid","Validated converged fits","d39baf5c87d2b2bb63799079257d9f06",27
"PPP2R2D","valid","Validated converged fits","1d8603a34bbf5a56411ece46e73efaf9",27
"PPP2R3A","valid","Validated converged fits","0f6ce8647df1dc10339afb11617b57b3",27
"PPP2R3B","retry","PLINK failed for PPP2R3B on chromosome X with exit status 7","2fd944a5ff706a1e8f2a48de373627d9",0
"PPP2R3C","valid","Validated converged fits","f9fa7fa0933fe27d071a2543bfd4a728",27
"PPP2R5A","valid","Validated converged fits","be36b80750ea67c4fb165bc6be8c7661",27
"PPP2R5B","valid","Validated converged fits","1c08a4a0fda29fa2262bbbe91e5c2a80",27
"PPP2R5C","retry","Missing result","",0
"PPP2R5D","retry","Missing result","",0
"PPP2R5E","retry","Missing result","",0
"PPP3CA","retry","Missing result","",0
"PPP3CB","retry","Missing result","",0
"PPP3CC","retry","Missing result","",0
"PPP3R1","retry","Missing result","",0
"PPP3R2","retry","Missing result","",0
"PPP4C","retry","Missing result","",0
"PPP4R1","retry","Missing result","",0
"PPP4R2","retry","Missing result","",0
"PPP4R3A","retry","Missing result","",0
"PPP4R3B","retry","Missing result","",0
"PPP4R4","retry","Missing result","",0
"PPP5C","retry","Missing result","",0
"PPP6C","retry","Missing result","",0
"PPP6R1","retry","Missing result","",0
"PPP6R2","retry","Missing result","",0
"PPP6R3","retry","Missing result","",0
"PPRC1","retry","Missing result","",0
"PPT1","retry","Missing result","",0
"PPT2","retry","Missing result","",0
"PPTC7","retry","Missing result","",0
"PPWD1","retry","Missing result","",0
"PPY","retry","Missing result","",0
"PQBP1","retry","Missing result","",0
"PRAC1","retry","Missing result","",0
"PRAC2","retry","Missing result","",0
"PRADC1","retry","Missing result","",0
"PRAF2","retry","Missing result","",0
"PRAG1","retry","Missing result","",0
"PRAM1","retry","Missing result","",0
"PRAME","retry","Missing result","",0
"PRAMEF1","retry","Missing result","",0
"PRAMEF10","retry","Missing result","",0
"PRAMEF11","retry","Missing result","",0
"PRAMEF12","retry","Missing result","",0
"PRAMEF13","retry","Missing result","",0
"PRAMEF14","retry","Missing result","",0
"PRAMEF15","retry","Missing result","",0
"PRAMEF17","retry","Missing result","",0
"PRAMEF18","retry","Missing result","",0
"PRAMEF19","retry","Missing result","",0
"PRAMEF2","valid","Validated converged fits","bd310e5a06c90d704db9c09bbb86bcab",27
"PRAMEF20","valid","Validated converged fits","8e8deaa4ac1894bccc9292f38fbf5746",27
"PRAMEF25","valid","Validated converged fits","72fc56311386b6e7881ac2c2a6ce2072",17
"PRAMEF26","valid","Validated converged fits","ded0396c5726c694398b214668b681a7",20
"PRAMEF27","valid","Validated converged fits","e3b8096e5efed778f2187af65bad3e95",18
"PRAMEF33","valid","Validated converged fits","8e8f71baa844df23994887661663e053",23
"PRAMEF4","retry","Missing result","",0
"PRAMEF5","retry","Missing result","",0
"PRAMEF6","retry","Missing result","",0
"PRAMEF7","retry","Missing result","",0
"PRAMEF8","retry","Missing result","",0
"PRAMEF9","retry","Missing result","",0
"PRAP1","retry","Missing result","",0
"PRB1","retry","Missing result","",0
"PRB2","retry","Missing result","",0
"PRB3","retry","Missing result","",0
"PRB4","retry","Missing result","",0
"PRC1","retry","Missing result","",0
"PRCC","retry","Missing result","",0
"PRCD","retry","Missing result","",0
"PRCP","retry","Missing result","",0
"PRDM1","retry","Missing result","",0
"PRDM10","retry","Missing result","",0
"PRDM11","retry","Missing result","",0
"PRDM12","retry","Missing result","",0
"PRDM13","retry","Missing result","",0
"PRDM14","retry","Missing result","",0
"PRDM15","retry","Missing result","",0
"PRDM16","retry","Missing result","",0
"PRDM2","retry","Missing result","",0
"PRDM4","retry","Missing result","",0
"PRDM5","retry","Missing result","",0
"PRDM6","retry","Missing result","",0
"PRDM7","retry","Missing result","",0
"PRDM8","retry","Missing result","",0
"PRDM9","retry","Missing result","",0
"PRDX1","retry","Missing result","",0
"PRDX2","retry","Missing result","",0
"PRDX3","retry","Missing result","",0
"PRDX4","retry","Missing result","",0
"PRDX5","retry","Missing result","",0
"PRDX6","retry","Missing result","",0
"PREB","retry","Missing result","",0
"PRELID1","retry","Missing result","",0
"PRELID2","retry","Missing result","",0
"PRELID3A","retry","Missing result","",0
"PRELID3B","retry","Missing result","",0
"PRELP","retry","Missing result","",0
"PREP","retry","Missing result","",0
"PREPL","retry","Missing result","",0
"PREX1","retry","Missing result","",0
"PREX2","retry","Missing result","",0
"PRF1","retry","Missing result","",0
"PRG2","retry","Missing result","",0
"PRG3","retry","Missing result","",0
"PRG4","retry","Missing result","",0
"PRH1","retry","Missing result","",0
"PRH2","retry","Missing result","",0
"PRICKLE1","retry","Missing result","",0
"PRICKLE2","retry","Missing result","",0
"PRICKLE3","retry","Missing result","",0
"PRICKLE4","retry","Missing result","",0
"PRIM1","valid","Validated converged fits","18d600db34db8fa9771acf1cf320ca81",27
"PRIM2","valid","Validated converged fits","cebccf65164481be1128293713a38ea0",27
"PRIMA1","valid","Validated converged fits","1823774cbcd5426200e810c35c8f95f7",27
"PRIMPOL","valid","Validated converged fits","e37fcd1ca4503dc70ea1a94e0a7580cc",27
"PRKAA1","valid","Validated converged fits","0cb539e93c2a1f146307b4fb0425d1b1",27
"PRKAA2","valid","Validated converged fits","f419092cb230456ef1ae0e51b8368d62",27
"PRKAB1","retry","Missing result","",0
"PRKAB2","retry","Missing result","",0
"PRKACA","retry","Missing result","",0
"PRKACB","retry","Missing result","",0
"PRKACG","retry","Missing result","",0
"PRKAG1","retry","Missing result","",0
"PRKAG2","retry","Missing result","",0
"PRKAG3","retry","Missing result","",0
"PRKAR1A","retry","Missing result","",0
"PRKAR1B","retry","Missing result","",0
"PRKAR2A","retry","Missing result","",0
"PRKAR2B","retry","Missing result","",0
"PRKCA","retry","Missing result","",0
"PRKCB","retry","Missing result","",0
"PRKCD","retry","Missing result","",0
"PRKCE","retry","Missing result","",0
"PRKCG","retry","Missing result","",0
"PRKCH","retry","Missing result","",0
"PRKCI","retry","Missing result","",0
"PRKCQ","retry","Missing result","",0
"PRKCSH","retry","Missing result","",0
"PRKCZ","retry","Missing result","",0
"PRKD1","retry","Missing result","",0
"PRKD2","retry","Missing result","",0
"PRKD3","retry","Missing result","",0
"PRKDC","retry","Missing result","",0
"PRKG1","retry","Missing result","",0
"PRKG2","retry","Missing result","",0
"PRKRA","retry","Missing result","",0
"PRKRIP1","retry","Missing result","",0
"PRKX","retry","Missing result","",0
"PRL","retry","Missing result","",0
"PRLH","retry","Missing result","",0
"PRLHR","retry","Missing result","",0
"PRLR","retry","Missing result","",0
"PRM1","retry","Missing result","",0
"PRM2","retry","Missing result","",0
"PRM3","retry","Missing result","",0
"PRMT1","retry","Missing result","",0
"PRMT2","retry","Missing result","",0
"PRMT3","retry","Missing result","",0
"PRMT5","retry","Missing result","",0
"PRMT6","retry","Missing result","",0
"PRMT7","retry","Missing result","",0
"PRMT8","retry","Missing result","",0
"PRMT9","retry","Missing result","",0
"PRND","retry","Missing result","",0
"PRNP","retry","Missing result","",0
"PROB1","retry","Missing result","",0
"PROC","retry","Missing result","",0
"PROCA1","retry","Missing result","",0
"PROCR","retry","Missing result","",0
"PRODH","retry","Missing result","",0
"PRODH2","retry","Missing result","",0
"PROK1","retry","Missing result","",0
"PROK2","retry","Missing result","",0
"PROKR1","valid","Validated converged fits","74486be71449c07d38142814615e7703",27
"PROKR2","valid","Validated converged fits","25157c2b5eccaa33bd670e5e1512a2e3",27
"PROM1","valid","Validated converged fits","423292151b36b477689c57af5b397d51",27
"PROM2","valid","Validated converged fits","dd3507c22498838588a3685631063097",27
"PROP1","valid","Validated converged fits","087de2ab98cf63b17455b916059a7137",27
"PROS1","valid","Validated converged fits","051cceeb4c15540b95b452824b486c30",27
"PROSER1","valid","Validated converged fits","f0168371c6218ff6a0d4a97fc6f03fa6",27
"PROSER2","retry","Missing result","",0
"PROSER3","retry","Missing result","",0
"PROX1","retry","Missing result","",0
"PROX2","retry","Missing result","",0
"PROZ","retry","Missing result","",0
"PRPF18","retry","Missing result","",0
"PRPF19","retry","Missing result","",0
"PRPF3","retry","Missing result","",0
"PRPF31","retry","Missing result","",0
"PRPF38A","retry","Missing result","",0
"PRPF38B","retry","Missing result","",0
"PRPF39","retry","Missing result","",0
"PRPF4","retry","Missing result","",0
"PRPF40A","retry","Missing result","",0
"PRPF40B","retry","Missing result","",0
"PRPF4B","retry","Missing result","",0
"PRPF6","retry","Missing result","",0
"PRPF8","retry","Missing result","",0
"PRPH","retry","Missing result","",0
"PRPH2","retry","Missing result","",0
"PRPS1","retry","Missing result","",0
"PRPS1L1","retry","Missing result","",0
"PRPS2","retry","Missing result","",0
"PRPSAP1","retry","Missing result","",0
"PRPSAP2","retry","Missing result","",0
"PRR11","retry","Missing result","",0
"PRR12","retry","Missing result","",0
"PRR13","retry","Missing result","",0
"PRR14","retry","Missing result","",0
"PRR14L","retry","Missing result","",0
"PRR15","retry","Missing result","",0
"PRR15L","retry","Missing result","",0
"PRR16","retry","Missing result","",0
"PRR18","retry","Missing result","",0
"PRR19","retry","Missing result","",0
"PRR20A","retry","Missing result","",0
"PRR20B","retry","Missing result","",0
"PRR20C","retry","Missing result","",0
"PRR20D","retry","Missing result","",0
"PRR20E","retry","Missing result","",0
"PRR22","retry","Missing result","",0
"PRR23A","retry","Missing result","",0
"PRR23B","retry","Missing result","",0
"PRR23C","retry","Missing result","",0
"PRR23D1","retry","Missing result","",0
"PRR23D2","retry","Missing result","",0
"PRR27","retry","Missing result","",0
"PRR29","retry","Missing result","",0
"PRR3","retry","Missing result","",0
"PRR30","retry","Missing result","",0
"PRR32","retry","Missing result","",0
"PRR33","retry","Missing result","",0
"PRR35","retry","Missing result","",0
"PRR36","retry","Missing result","",0
"PRR4","retry","Missing result","",0
"PRR5","valid","Validated converged fits","fc9439e82b78ca8e9887887abd18d0cd",27
"PRR5L","valid","Validated converged fits","2eb9f1f2bd3bddc42478b926f5f98a7b",27
"PRR7","valid","Validated converged fits","56c61eadd460649d845c6c569e9927e5",27
"PRR9","valid","Validated converged fits","7cf6625d7dcaee748dac0b35df7835a0",27
"PRRC1","valid","Validated converged fits","28a6df324f38ac76689eadac86dc4865",27
"PRRC2A","valid","Validated converged fits","d07e84da9ad25b9cbf0fcdd69013a337",27
"PRRC2C","valid","Validated converged fits","479ecc34f4b78c3605bd613178c86884",27
"PRRG1","retry","PLINK failed for PRRG1 on chromosome X with exit status 7","ed430ecfb4f6f5d14e8aee4b86ff3043",0
"PRRG2","valid","Validated converged fits","a4897a837707c32952c22123b60f4df4",27
"PRRG3","retry","PLINK failed for PRRG3 on chromosome X with exit status 7","dfa42b957ca24780bedda70b845e8aac",0
"PRRG4","valid","Validated converged fits","e52a9c280e032d7aa6cc37801f49cf69",27
"PRRT1","valid","Validated converged fits","dd0da80526bacf0655a885a4936a47a0",27
"PRRT2","retry","Missing result","",0
"PRRT3","retry","Missing result","",0
"PRRT4","retry","Missing result","",0
"PRRX1","retry","Missing result","",0
"PRRX2","retry","Missing result","",0
"PRSS1","retry","Missing result","",0
"PRSS12","retry","Missing result","",0
"PRSS16","retry","Missing result","",0
"PRSS2","retry","Missing result","",0
"PRSS21","retry","Missing result","",0
"PRSS22","retry","Missing result","",0
"PRSS23","retry","Missing result","",0
"PRSS27","retry","Missing result","",0
"PRSS3","retry","Missing result","",0
"PRSS33","retry","Missing result","",0
"PRSS35","retry","Missing result","",0
"PRSS36","retry","Missing result","",0
"PRSS37","retry","Missing result","",0
"PRSS38","retry","Missing result","",0
"PRSS41","retry","Missing result","",0
"PRSS48","retry","Missing result","",0
"PRSS51","retry","Missing result","",0
"PRSS53","retry","Missing result","",0
"PRSS54","retry","Missing result","",0
"PRSS55","retry","Missing result","",0
"PRSS56","retry","Missing result","",0
"PRSS57","retry","Missing result","",0
"PRSS58","retry","Missing result","",0
"PRSS8","retry","Missing result","",0
"PRTFDC1","retry","Missing result","",0
"PRTG","retry","Missing result","",0
"PRTN3","retry","Missing result","",0
"PRUNE1","retry","Missing result","",0
"PRUNE2","retry","Missing result","",0
"PRX","retry","Missing result","",0
"PRY","retry","Missing result","",0
"PRY2","retry","Missing result","",0
"PRYP3","retry","Missing result","",0
"PSAP","retry","Missing result","",0
"PSAPL1","retry","Missing result","",0
"PSAT1","retry","Missing result","",0
"PSCA","retry","Missing result","",0
"PSD","retry","Missing result","",0
"PSD2","retry","Missing result","",0
"PSD3","retry","Missing result","",0
"PSD4","retry","Missing result","",0
"PSEN1","retry","Missing result","",0
"PSEN2","retry","Missing result","",0
"PSENEN","retry","Missing result","",0
"PSG1","retry","Missing result","",0
"PSG11","valid","Validated converged fits","b4d0407844b2004d953db285521a048f",26
"PSG2","valid","Validated converged fits","05df727398d1693d93387802e9ae2d2b",27
"PSG3","valid","Validated converged fits","832f337df3123f33c777eb276b13a52b",27
"PSG4","valid","Validated converged fits","f89c3d9d193c8263a5225e1acc3dcfb5",27
"PSG5","valid","Validated converged fits","a583f64a4805d51edc09bb39186bc809",27
"PSG6","valid","Validated converged fits","0abd8a329f2ddf1bb3313f974faf49cb",27
"PSG7","valid","Validated converged fits","f27c963a559e33f67ce27b39199cd404",27
"PSG8","valid","Validated converged fits","8ce0f87cf2caa2d67dc3ed15c19c38b9",27
"PSG9","valid","Validated converged fits","a159fd5de1a63ff2b96c61d012d26a8e",27
"PSIP1","retry","Missing result","",0
"PSKH1","retry","Missing result","",0
"PSKH2","retry","Missing result","",0
"PSMA1","retry","Missing result","",0
"PSMA2","retry","Missing result","",0
"PSMA3","retry","Missing result","",0
"PSMA4","retry","Missing result","",0
"PSMA5","retry","Missing result","",0
"PSMA6","retry","Missing result","",0
"PSMA7","retry","Missing result","",0
"PSMA8","retry","Missing result","",0
"PSMB1","retry","Missing result","",0
"PSMB10","retry","Missing result","",0
"PSMB11","retry","Missing result","",0
"PSMB2","retry","Missing result","",0
"PSMB3","retry","Missing result","",0
"PSMB4","retry","Missing result","",0
"PSMB5","retry","Missing result","",0
"PSMB6","retry","Missing result","",0
"PSMB7","retry","Missing result","",0
"PSMB8","retry","Missing result","",0
"PSMB9","retry","Missing result","",0
"PSMC1","retry","Missing result","",0
"PSMC2","retry","Missing result","",0
"PSMC3","retry","Missing result","",0
"PSMC3IP","retry","Missing result","",0
"PSMC4","retry","Missing result","",0
"PSMC5","retry","Missing result","",0
"PSMC6","retry","Missing result","",0
"PSMD1","retry","Missing result","",0
"PSMD10","retry","Missing result","",0
"PSMD11","retry","Missing result","",0
"PSMD12","retry","Missing result","",0
"PSMD13","retry","Missing result","",0
"PSMD14","retry","Missing result","",0
"PSMD2","retry","Missing result","",0
"PSMD3","retry","Missing result","",0
"PSMD4","retry","Missing result","",0
"PSMD5","retry","Missing result","",0
"PSMD6","retry","Missing result","",0
"PSMD7","retry","Missing result","",0
"PSMD8","retry","Missing result","",0
"PSMD9","retry","Missing result","",0
"PSME1","retry","Missing result","",0
"PSME2","retry","Missing result","",0
"PSME3","retry","Missing result","",0
"PSME4","retry","Missing result","",0
"PSMF1","retry","Missing result","",0
"PSMG1","retry","Missing result","",0
"PSMG2","retry","Missing result","",0
"PSMG3","retry","Missing result","",0
"PSMG4","retry","Missing result","",0
"PSORS1C1","retry","Missing result","",0
"PSORS1C2","valid","Validated converged fits","c3d5ce7926060ccc73a847f62dc7d7fd",27
"PSPC1","valid","Validated converged fits","d53f37bba73bec4186fed5c0601d8eb3",27
"PSPH","valid","Validated converged fits","b23828eeffdb5c00f4a83ccd2b5e5a48",27
"PSPN","valid","Validated converged fits","d90d8f0ec436e819532c58b7930188f8",27
"PSRC1","valid","Validated converged fits","5b98c37ac7f54a2ff7d83b1ba9279e8b",27
"PSTK","valid","Validated converged fits","3b039c78bf3a6325a01bedbe83cc574e",27
"PSTPIP1","valid","Validated converged fits","41f2ec6b5d040c067068402a1242ab99",27
"PSTPIP2","valid","Validated converged fits","0133dd6fdd289d1fc5d72ec33d1b2902",27
"PTAFR","valid","Validated converged fits","93cf82433df8953902eb5d615c60906a",27
"PTAR1","valid","Validated converged fits","6e3884731190545bbda613403f0acb04",27
"PTBP1","valid","Validated converged fits","83634557bec149694e25d934c21935b9",27
"PTBP2","valid","Validated converged fits","2bd4c0981234e6a3a1f9f9b74ce86594",27
"PTBP3","valid","Validated converged fits","02614db8ec928dcd7b7b9a642272edf1",27
"PTCD1","valid","Validated converged fits","f9bc8f5b43146cf1fba174326caecffd",27
"PTCD2","valid","Validated converged fits","a1ada3dc19bc303d6b62900f82ee234e",27
"PTCD3","valid","Validated converged fits","17a3893c5cf08d7a6f03994d2f50ca7e",27
"PTCH1","retry","Missing result","",0
"PTCH2","retry","Missing result","",0
"PTCHD1","retry","Missing result","",0
"PTCHD4","retry","Missing result","",0
"PTCRA","retry","Missing result","",0
"PTDSS1","retry","Missing result","",0
"PTDSS2","retry","Missing result","",0
"PTEN","retry","Missing result","",0
"PTER","retry","Missing result","",0
"PTF1A","retry","Missing result","",0
"PTGDR","retry","Missing result","",0
"PTGDR2","retry","Missing result","",0
"PTGDS","retry","Missing result","",0
"PTGER1","retry","Missing result","",0
"PTGER2","retry","Missing result","",0
"PTGER3","retry","Missing result","",0
"PTGER4","retry","Missing result","",0
"PTGES","retry","Missing result","",0
"PTGES2","retry","Missing result","",0
"PTGES3","retry","Missing result","",0
"PTGES3L","retry","Missing result","",0
"PTGFR","retry","Missing result","",0
"PTGFRN","retry","Missing result","",0
"PTGIR","retry","Missing result","",0
"PTGIS","retry","Missing result","",0
"PTGR1","retry","Missing result","",0
"PTGR2","retry","Missing result","",0
"PTGS1","retry","Missing result","",0
"PTGS2","retry","Missing result","",0
"PTH","retry","Missing result","",0
"PTH1R","retry","Missing result","",0
"PTH2","retry","Missing result","",0
"PTH2R","retry","Missing result","",0
"PTHLH","retry","Missing result","",0
"PTK2","retry","Missing result","",0
"PTK2B","retry","Missing result","",0
"PTK6","retry","Missing result","",0
"PTK7","retry","Missing result","",0
"PTMA","retry","Missing result","",0
"PTMS","retry","Missing result","",0
"PTN","retry","Missing result","",0
"PTOV1","retry","Missing result","",0
"PTP4A1","retry","Missing result","",0
"PTP4A2","retry","Missing result","",0
"PTP4A3","retry","Missing result","",0
"PTPA","retry","Missing result","",0
"PTPDC1","valid","Validated converged fits","06bd4259b469e3845a68c03238c42562",27
"PTPMT1","valid","Validated converged fits","10ebf5f037b45143b3801ed19c248d78",27
"PTPN1","valid","Validated converged fits","f66244b4d2829ba8792eaa7568d8ac3b",27
"PTPN11","valid","Validated converged fits","edbbff2079db8add468b7704a6587e85",27
"PTPN12","valid","Validated converged fits","c2769b9f278a2449a9b107bea9381f16",27
"PTPN13","valid","Validated converged fits","caf7935bc5dff8f006c0057330f4df06",27
"PTPN14","valid","Validated converged fits","09eda578cf69dc1f28af1afa9dceef3c",27
"PTPN18","valid","Validated converged fits","fc8003c2a95e36f68649dbb7bb4779b3",27
"PTPN2","valid","Validated converged fits","158829cf5b1ae5016aba6f3bd4a62019",27
"PTPN20","valid","Validated converged fits","77682b4b69760e72844d31b355bcc1e1",27
"PTPN21","valid","Validated converged fits","60606121f3ee79a28f0950eb8f54f188",27
"PTPN22","valid","Validated converged fits","7c3193f7b69a2198c77068bb26c52fad",27
"PTPN23","valid","Validated converged fits","084afecf5adeaec13c77db3b99dfee81",27
"PTPN3","valid","Validated converged fits","afd66b530d13742e7bf03e9c5bcc4292",27
"PTPN4","valid","Validated converged fits","15a87c910fbcd3881822589bea54e7a4",27
"PTPN5","valid","Validated converged fits","1ef3940d47d69cec06d8c162ac5a5569",27
"PTPN6","valid","Validated converged fits","47f7f8c2362bb60dea69c076080a7e8e",27
"PTPN7","valid","Validated converged fits","d5079726857825239957db54dd3e0d83",27
"PTPN9","valid","Validated converged fits","5706c9118eb1f594aa563d4b0f962a6e",27
"PTPRA","valid","Validated converged fits","b365759f2c69d487ea46e9e1d92bf0fd",27
"PTPRB","retry","Missing result","",0
"PTPRC","retry","Missing result","",0
"PTPRD","retry","Missing result","",0
"PTPRE","retry","Missing result","",0
"PTPRF","retry","Missing result","",0
"PTPRG","retry","Missing result","",0
"PTPRH","retry","Missing result","",0
"PTPRJ","retry","Missing result","",0
"PTPRK","retry","Missing result","",0
"PTPRM","retry","Missing result","",0
"PTPRN","retry","Missing result","",0
"PTPRN2","retry","Missing result","",0
"PTPRO","retry","Missing result","",0
"PTPRQ","retry","Missing result","",0
"PTPRR","retry","Missing result","",0
"PTPRS","retry","Missing result","",0
"PTPRT","retry","Missing result","",0
"PTPRU","retry","Missing result","",0
"PTPRZ1","retry","Missing result","",0
"PTRH1","retry","Missing result","",0
"PTRH2","retry","Missing result","",0
"PTRHD1","retry","Missing result","",0
"PTS","retry","Missing result","",0
"PTTG1","retry","Missing result","",0
"PTTG1IP","retry","Missing result","",0
"PTTG2","retry","Missing result","",0
"PTX3","retry","Missing result","",0
"PTX4","retry","Missing result","",0
"PUDP","retry","Missing result","",0
"PUF60","retry","Missing result","",0
"PUM1","retry","Missing result","",0
"PUM2","retry","Missing result","",0
"PUM3","retry","Missing result","",0
"PURA","retry","Missing result","",0
"PURB","retry","Missing result","",0
"PURG","retry","Missing result","",0
"PUS1","retry","Missing result","",0
"PUS10","retry","Missing result","",0
"PUS3","retry","Missing result","",0
"PUS7","retry","Missing result","",0
"PUS7L","retry","Missing result","",0
"PUSL1","retry","Missing result","",0
"PVALB","valid","Validated converged fits","5cdeea950df2fa3935f9a033dff535f3",27
"PVR","valid","Validated converged fits","e458a8fed8ab4f693833aa01ae53068d",27
"PVRIG","valid","Validated converged fits","f0c5c75bbf034284865cffee959b302a",27
"PWP1","valid","Validated converged fits","e4150065a305c234701a089fc8390d48",27
"PWP2","valid","Validated converged fits","5c718bdf548e16045f83326c1f1153c2",27
"PWWP2A","valid","Validated converged fits","eb87f062097ef070cc424b5fd9e2817c",27
"PWWP2B","valid","Validated converged fits","cdc579121f87f9cf35cffb7868fe7d1c",27
"PXDC1","valid","Validated converged fits","2a49c9deda6bf04072ac7f367ee71bf4",27
"PXDN","valid","Validated converged fits","e52bdd2de00b08cc3a0cfb0fb9dc3c58",27
"PXDNL","valid","Validated converged fits","b5386023c527a8a2c3faad7d7a0bb5b1",27
"PXK","valid","Validated converged fits","8570566aaaebc2f9e3a04faf9f727621",27
"PXMP2","valid","Validated converged fits","359c800f06963de27693501892d7f97f",27
"PXMP4","valid","Validated converged fits","36004780c1a91790661d54a9c40ffd59",27
"PXN","valid","Validated converged fits","992cdcc7cecf9d6ff2ac877aef0f0c76",27
"PXT1","valid","Validated converged fits","9113dc8c589297a97ef79497584882d7",27
"PXYLP1","valid","Validated converged fits","a81f6a421c4fd02965236d0a3e693e27",27
"PYCARD","valid","Validated converged fits","a8d291b43ee4c4b44649d8ceb10300fa",27
"PYCR1","valid","Validated converged fits","2ccd999d03a55608b83e50a0a26ba106",27
"PYCR2","retry","Missing result","",0
"PYDC1","retry","Missing result","",0
"PYDC2","retry","Missing result","",0
"PYGB","retry","Missing result","",0
"PYGL","retry","Missing result","",0
"PYGM","retry","Missing result","",0
"PYGO1","retry","Missing result","",0
"PYGO2","retry","Missing result","",0
"PYHIN1","retry","Missing result","",0
"PYM1","retry","Missing result","",0
"PYROXD1","retry","Missing result","",0
"PYROXD2","retry","Missing result","",0
"PYURF","retry","Missing result","",0
"PYY","retry","Missing result","",0
"PZP","retry","Missing result","",0
"QDPR","retry","Missing result","",0
"QKI","retry","Missing result","",0
"QPCT","retry","Missing result","",0
"QPCTL","retry","Missing result","",0
"QPRT","retry","Missing result","",0
"QRFP","retry","Missing result","",0
"QRFPR","retry","Missing result","",0
"QRICH1","retry","Missing result","",0
"QRICH2","retry","Missing result","",0
"QRSL1","retry","Missing result","",0
"QSER1","retry","Missing result","",0
"QSOX1","retry","Missing result","",0
"QSOX2","retry","Missing result","",0
"QTRT1","retry","Missing result","",0
"QTRT2","retry","Missing result","",0
"R3HCC1","retry","Missing result","",0
"R3HCC1L","retry","Missing result","",0
"R3HDM1","retry","Missing result","",0
"R3HDM2","retry","Missing result","",0
"R3HDM4","retry","Missing result","",0
"R3HDML","retry","Missing result","",0
"RAB10","retry","Missing result","",0
"RAB11A","retry","Missing result","",0
"RAB11B","retry","Missing result","",0
"RAB11FIP1","retry","Missing result","",0
"RAB11FIP2","retry","Missing result","",0
"RAB11FIP3","retry","Missing result","",0
"RAB11FIP4","retry","Missing result","",0
"RAB11FIP5","retry","Missing result","",0
"RAB12","valid","Validated converged fits","0843e4c841fbb66bada4ef2bbbff3959",27
"RAB13","valid","Validated converged fits","a1beb9c6228941e9e1d27c5295b7aae2",27
"RAB14","valid","Validated converged fits","19e63c1beed9cfd61e938bdc27bfe023",27
"RAB15","valid","Validated converged fits","a673cea9b96a39c2647eafa5c262ec56",27
"RAB17","valid","Validated converged fits","8361108f2c216e246075f10b59949ece",27
"RAB18","valid","Validated converged fits","522c8d00d36827f3f41728ea035419c1",27
"RAB19","valid","Validated converged fits","ce720b9a705c640471a9966408d9dfc5",27
"RAB1A","valid","Validated converged fits","999656a542500dc53a048d6a9e8d175b",27
"RAB1B","valid","Validated converged fits","19a80f2c2e1b99c4615da031dc5a70ea",27
"RAB20","valid","Validated converged fits","b15dd6ee6096928022d45e1b72ce99e8",27
"RAB21","valid","Validated converged fits","3234b2ce093fc815c5cdf2e2c3555988",27
"RAB22A","valid","Validated converged fits","60a82e501de211ad623aa401731b48a4",27
"RAB23","valid","Validated converged fits","bc8bfe43cf616d254023d548a3b095a1",27
"RAB24","valid","Validated converged fits","0fe1effdc92d2901fe0da65ada5830b0",27
"RAB25","valid","Validated converged fits","8de4e28f0e0ce525760befb0b1a379c2",27
"RAB26","valid","Validated converged fits","8871b99266c72571664dca048508c6ba",27
"RAB27A","valid","Validated converged fits","4a5e0386c5c7af1baadb271de0e7689f",27
"RAB27B","valid","Validated converged fits","52c79aa6fc9a65b83b3328157ac548f9",27
"RAB28","retry","Missing result","",0
"RAB29","retry","Missing result","",0
"RAB2A","retry","Missing result","",0
"RAB2B","retry","Missing result","",0
"RAB30","retry","Missing result","",0
"RAB31","retry","Missing result","",0
"RAB32","retry","Missing result","",0
"RAB33A","retry","Missing result","",0
"RAB33B","retry","Missing result","",0
"RAB34","retry","Missing result","",0
"RAB35","retry","Missing result","",0
"RAB36","retry","Missing result","",0
"RAB37","retry","Missing result","",0
"RAB38","retry","Missing result","",0
"RAB39A","retry","Missing result","",0
"RAB39B","retry","Missing result","",0
"RAB3A","retry","Missing result","",0
"RAB3B","retry","Missing result","",0
"RAB3C","retry","Missing result","",0
"RAB3D","retry","Missing result","",0
"RAB3GAP1","retry","Missing result","",0
"RAB3GAP2","retry","Missing result","",0
"RAB3IL1","retry","Missing result","",0
"RAB3IP","retry","Missing result","",0
"RAB40A","retry","Missing result","",0
"RAB40AL","retry","Missing result","",0
"RAB40B","retry","Missing result","",0
"RAB40C","retry","Missing result","",0
"RAB41","retry","Missing result","",0
"RAB42","retry","Missing result","",0
"RAB43","retry","Missing result","",0
"RAB44","retry","Missing result","",0
"RAB4A","retry","Missing result","",0
"RAB4B","retry","Missing result","",0
"RAB5A","retry","Missing result","",0
"RAB5B","retry","Missing result","",0
"RAB5C","retry","Missing result","",0
"RAB6A","retry","Missing result","",0
"RAB6B","retry","Missing result","",0
"RAB6C","retry","Missing result","",0
"RAB7A","retry","Missing result","",0
"RAB7B","retry","Missing result","",0
"RAB8A","retry","Missing result","",0
"RAB8B","retry","Missing result","",0
"RAB9A","retry","PLINK failed for RAB9A on chromosome X with exit status 7","bf1002bc0d49ff8820098c2e861bcd25",0
"RAB9B","retry","PLINK failed for RAB9B on chromosome X with exit status 7","8c2b1493f2d925b8a6913224fbec61d9",0
"RABAC1","valid","Validated converged fits","2ee4f78f6ee148ce7cb522f78564f22b",27
"RABEP1","valid","Validated converged fits","7f5952d463dd84863b327521437b867b",27
"RABEP2","valid","Validated converged fits","0898e6f16802c743794ea110f1f4d416",27
"RABEPK","valid","Validated converged fits","6067dec5974d8e90bd98210dc10f6b24",27
"RABGAP1","valid","Validated converged fits","d3d0bbc4902eb08a8e2eb3b2a59925c2",27
"RABGAP1L","valid","Validated converged fits","7885fb85c15a0509729bfe22b784c960",27
"RABGEF1","valid","Validated converged fits","313c6a4dd07c11b3a8c04ac12ac4a508",27
"RABGGTA","valid","Validated converged fits","f8165bf3389ca20a7bb77effe0a96fff",27
"RABGGTB","valid","Validated converged fits","10a2e20c838c6cf17ea7a9b0308ff967",27
"RABIF","valid","Validated converged fits","ca824864453f876fa26517fe40ef5069",27
"RABL2A","valid","Validated converged fits","22f46d52c61a8d7dd029939b3d9ebbae",27
"RABL2B","valid","Validated converged fits","c0a465018bf9caa8e3146a5d5ad89826",27
"RABL3","valid","Validated converged fits","77f5595114495b501005ffefc65a538c",27
"RABL6","valid","Validated converged fits","9f2a4234f551b4123c2de918947236b1",27
"RAC1","valid","Validated converged fits","d9ce4247701562f954312c7e33e75ffe",27
"RAC2","valid","Validated converged fits","5db9c1ba7faaf1e6ffc330e6ab2507e4",27
"RAC3","valid","Validated converged fits","484be8bdd132da4c7312e3d83a5ca0ef",27
"RACGAP1","valid","Validated converged fits","3f7fe8df369c01966191b0c2e9d7085e",27
"RACK1","valid","Validated converged fits","0f4fd1dcf31da1405cd0895f35c67f85",27
"RAD1","retry","Missing result","",0
"RAD17","retry","Missing result","",0
"RAD18","retry","Missing result","",0
"RAD21","retry","Missing result","",0
"RAD21L1","retry","Missing result","",0
"RAD23A","retry","Missing result","",0
"RAD23B","retry","Missing result","",0
"RAD50","retry","Missing result","",0
"RAD51","retry","Missing result","",0
"RAD51AP1","retry","Missing result","",0
"RAD51AP2","retry","Missing result","",0
"RAD51B","retry","Missing result","",0
"RAD51C","retry","Missing result","",0
"RAD51D","retry","Missing result","",0
"RAD52","retry","Missing result","",0
"RAD54B","retry","Missing result","",0
"RAD54L","retry","Missing result","",0
"RAD54L2","retry","Missing result","",0
"RAD9A","retry","Missing result","",0
"RAD9B","retry","Missing result","",0
"RADIL","retry","Missing result","",0
"RAE1","retry","Missing result","",0
"RAET1E","retry","Missing result","",0
"RAET1G","retry","Missing result","",0
"RAET1L","retry","Missing result","",0
"RAF1","retry","Missing result","",0
"RAG1","retry","Missing result","",0
"RAG2","retry","Missing result","",0
"RAI1","retry","Missing result","",0
"RAI14","retry","Missing result","",0
"RAI2","retry","Missing result","",0
"RALA","retry","Missing result","",0
"RALB","retry","Missing result","",0
"RALBP1","retry","Missing result","",0
"RALGAPA1","retry","Missing result","",0
"RALGAPA2","retry","Missing result","",0
"RALGAPB","retry","Missing result","",0
"RALGDS","retry","Missing result","",0
"RALGPS1","retry","Missing result","",0
"RALGPS2","retry","Missing result","",0
"RALY","retry","Missing result","",0
"RALYL","valid","Validated converged fits","b54c8d1ecb0dc89d0da9f14a78bdcbba",27
"RAMP1","valid","Validated converged fits","8ca04cc186d9c9193e57822ff56db29b",27
"RAMP2","valid","Validated converged fits","57c0134c9b20e2c219a0b190de09221e",27
"RAMP3","valid","Validated converged fits","285ea5ebd50be82af959ea7ee4343526",27
"RAN","retry","PLINK failed for RAN on chromosome 12 with exit status 127","f365c9f2973b90765bd672c129f749c8",0
"RANBP1","valid","Validated converged fits","c1d639081f39ae4dbc0c0f482443f585",27
"RANBP10","retry","PLINK failed for RANBP10 on chromosome 16 with exit status 127","84ad27bb6db2a3298a844cef5d908606",0
"RANBP17","valid","Validated converged fits","b91101ebf6de655ef36ca7265c8315d5",27
"RANBP2","valid","Validated converged fits","893e89524a51d4f06f6c01dd1b61818b",27
"RANBP3","retry","PLINK failed for RANBP3 on chromosome 19 with exit status 127","ad103ea71240cded6d64eefd18009dec",0
"RANBP3L","retry","PLINK failed for RANBP3L on chromosome 5 with exit status 127","5f4863fcc714f69c51635bca24b92ac7",0
"RANBP6","retry","PLINK failed for RANBP6 on chromosome 9 with exit status 127","4a4414ead695ce2509d91489d35062c1",0
"RANBP9","retry","PLINK failed for RANBP9 on chromosome 6 with exit status 127","1c66071e5433ae8fc98aa2a7e3bb82b9",0
"RANGAP1","valid","Validated converged fits","25e01c7eb5361d4eb3d2365adae01cbf",27
"RANGRF","valid","Validated converged fits","5cab69c550de2e2d2bc463953824dc4d",27
"RAP1A","valid","Validated converged fits","495c6b23779e44c38525e976e164cbdb",27
"RAP1B","retry","PLINK failed for RAP1B on chromosome 12 with exit status 127","511aa373dfa057d9199d83ac3da22338",0
"RAP1GAP","valid","Validated converged fits","c6c36e4d8965c6e733f5eb49d9d44d65",27
"RAP1GAP2","valid","Validated converged fits","9df51afbb96992397f8e54b4ffb05252",27
"RAP1GDS1","valid","Validated converged fits","e013cc6a467b1ec77b6c1c0fbb6e6c6b",27
"RAP2A","valid","Validated converged fits","3e5be040ccc6b750e0ddf6c55b936a6f",27
"RAP2B","valid","Validated converged fits","3f199f0c95bf51d0d2f0e37bc3b9b3f9",27
"RAP2C","retry","PLINK failed for RAP2C on chromosome X with exit status 7","1dbb834534ec9dd31bb1dde0e616b452",0
"RAPGEF1","valid","Validated converged fits","b59ed90da65fb778071d3bd48cec440f",27
"RAPGEF2","valid","Validated converged fits","55f4778457b3a0fd3b897243851395ed",27
"RAPGEF3","retry","Missing result","",0
"RAPGEF4","retry","Missing result","",0
"RAPGEF5","retry","Missing result","",0
"RAPGEF6","retry","Missing result","",0
"RAPGEFL1","retry","Missing result","",0
"RAPH1","retry","Missing result","",0
"RAPSN","retry","Missing result","",0
"RARA","retry","Missing result","",0
"RARB","retry","Missing result","",0
"RARG","retry","Missing result","",0
"RARRES1","retry","Missing result","",0
"RARRES2","retry","Missing result","",0
"RARS2","retry","Missing result","",0
"RASA1","retry","Missing result","",0
"RASA2","retry","Missing result","",0
"RASA3","retry","Missing result","",0
"RASA4","retry","Missing result","",0
"RASA4B","retry","Missing result","",0
"RASAL1","retry","Missing result","",0
"RASAL2","retry","Missing result","",0
"RASAL3","retry","Missing result","",0
"RASD1","retry","Missing result","",0
"RASD2","retry","Missing result","",0
"RASEF","retry","Missing result","",0
"RASGEF1A","retry","Missing result","",0
"RASGEF1B","retry","Missing result","",0
"RASGEF1C","retry","Missing result","",0
"RASGRF1","retry","Missing result","",0
"RASGRF2","retry","Missing result","",0
"RASGRP1","retry","Missing result","",0
"RASGRP2","retry","Missing result","",0
"RASGRP3","retry","Missing result","",0
"RASGRP4","retry","Missing result","",0
"RASIP1","retry","Missing result","",0
"RASL10A","retry","Missing result","",0
"RASL10B","retry","Missing result","",0
"RASL11A","retry","Missing result","",0
"RASL11B","valid","Validated converged fits","722032ddf0d62e07e186b962f54ba00d",27
"RASL12","valid","Validated converged fits","f60f759315fd373be65c8232c2cba0e0",27
"RASSF1","valid","Validated converged fits","6e64a19534caffe5e44fc7ab5807e1f5",27
"RASSF10","valid","Validated converged fits","76eab41a4b1faaf1b5d1b81644b94c81",27
"RASSF2","valid","Validated converged fits","0acc55ce2a389dc502ab23174614536a",27
"RASSF3","valid","Validated converged fits","211d0ae3d9e6f7dbe0d0b0046deeca98",27
"RASSF4","valid","Validated converged fits","0dab087abc508ead1b7e8c238e9c40ca",27
"RASSF5","valid","Validated converged fits","c4c6ec5984bdeb81e34ae03b40f3a083",27
"RASSF6","valid","Validated converged fits","513e35a915e9c9fb816d525177238a54",27
"RASSF7","valid","Validated converged fits","abb8b29119d276eb827bf37e8113730e",27
"RASSF8","valid","Validated converged fits","840327bf66cced22d782ddcb2a2256d0",27
"RASSF9","valid","Validated converged fits","5e0b811851cc5e14cf006791dd86cf31",27
"RAVER1","valid","Validated converged fits","274b9aacd4825071843d9165d8d47cb0",27
"RAVER2","valid","Validated converged fits","db64eef931d02e75df1fb66fb4b49fcb",27
"RAX","valid","Validated converged fits","e412c068f28df12ed7eb3c89d3f6eeac",27
"RAX2","valid","Validated converged fits","afa05a4baf24bf707833d9b932b84d9d",27
"RB1","valid","Validated converged fits","16ef1e873f8df18e116a55ff85a82ede",27
"RB1CC1","retry","Missing result","",0
"RBAK","retry","Missing result","",0
"RBBP4","retry","Missing result","",0
"RBBP5","retry","Missing result","",0
"RBBP6","retry","Missing result","",0
"RBBP7","retry","Missing result","",0
"RBBP8","retry","Missing result","",0
"RBBP8NL","retry","Missing result","",0
"RBBP9","retry","Missing result","",0
"RBCK1","retry","Missing result","",0
"RBFA","retry","Missing result","",0
"RBFOX1","retry","Missing result","",0
"RBFOX2","retry","Missing result","",0
"RBFOX3","retry","Missing result","",0
"RBKS","retry","Missing result","",0
"RBL1","retry","Missing result","",0
"RBL2","retry","Missing result","",0
"RBM10","retry","Missing result","",0
"RBM11","retry","Missing result","",0
"RBM12","retry","Missing result","",0
"RBM12B","retry","Missing result","",0
"RBM14","retry","Missing result","",0
"RBM15","retry","Missing result","",0
"RBM15B","retry","Missing result","",0
"RBM17","retry","Missing result","",0
"RBM18","retry","Missing result","",0
"RBM19","retry","Missing result","",0
"RBM20","retry","Missing result","",0
"RBM22","retry","Missing result","",0
"RBM23","retry","Missing result","",0
"RBM24","retry","Missing result","",0
"RBM25","retry","Missing result","",0
"RBM26","retry","Missing result","",0
"RBM27","retry","Missing result","",0
"RBM28","retry","Missing result","",0
"RBM3","retry","Missing result","",0
"RBM33","retry","Missing result","",0
"RBM34","retry","Missing result","",0
"RBM38","retry","Missing result","",0
"RBM39","retry","Missing result","",0
"RBM4","retry","Missing result","",0
"RBM41","retry","Missing result","",0
"RBM42","retry","Missing result","",0
"RBM43","retry","Missing result","",0
"RBM44","retry","Missing result","",0
"RBM45","valid","Validated converged fits","89c154b190a82e0db0ec5d7c281edde5",27
"RBM46","valid","Validated converged fits","1f938b3f3dc75e9498138e0f8fee3bcf",27
"RBM47","retry","Missing result","",0
"RBM48","retry","Missing result","",0
"RBM4B","retry","Missing result","",0
"RBM5","retry","Missing result","",0
"RBM6","retry","Missing result","",0
"RBM7","retry","Missing result","",0
"RBM8A","retry","Missing result","",0
"RBMS1","retry","Missing result","",0
"RBMS2","retry","Missing result","",0
"RBMS3","retry","Missing result","",0
"RBMX","retry","Missing result","",0
"RBMX2","retry","Missing result","",0
"RBMXL1","retry","Missing result","",0
"RBMXL2","retry","Missing result","",0
"RBMXL3","retry","Missing result","",0
"RBMY1A1","retry","Missing result","",0
"RBMY1B","retry","Missing result","",0
"RBMY1D","retry","Missing result","",0
"RBMY1E","retry","Missing result","",0
"RBMY1F","retry","Missing result","",0
"RBMY1J","retry","Missing result","",0
"RBP1","retry","Missing result","",0
"RBP2","retry","Missing result","",0
"RBP3","retry","Missing result","",0
"RBP4","retry","Missing result","",0
"RBP5","retry","Missing result","",0
"RBP7","retry","Missing result","",0
"RBPJ","retry","Missing result","",0
"RBPJL","retry","Missing result","",0
"RBPMS","retry","Missing result","",0
"RBPMS2","retry","Missing result","",0
"RBSN","retry","Missing result","",0
"RBX1","retry","Missing result","",0
"RC3H1","retry","Missing result","",0
"RC3H2","retry","Missing result","",0
"RCAN1","retry","Missing result","",0
"RCAN2","retry","Missing result","",0
"RCAN3","retry","Missing result","",0
"RCBTB1","retry","Missing result","",0
"RCBTB2","retry","Missing result","",0
"RCC1","retry","Missing result","",0
"RCC1L","retry","Missing result","",0
"RCC2","retry","Missing result","",0
"RCCD1","retry","Missing result","",0
"RCE1","retry","Missing result","",0
"RCHY1","retry","Missing result","",0
"RCL1","retry","Missing result","",0
"RCN1","retry","Missing result","",0
"RCN2","retry","Missing result","",0
"RCN3","retry","Missing result","",0
"RCOR1","retry","Missing result","",0
"RCOR2","retry","Missing result","",0
"RCOR3","retry","Missing result","",0
"RCSD1","retry","Missing result","",0
"RCVRN","retry","Missing result","",0
"RD3","retry","Missing result","",0
"RD3L","retry","Missing result","",0
"RDH10","retry","Missing result","",0
"RDH11","retry","Missing result","",0
"RDH12","retry","Missing result","",0
"RDH13","valid","Validated converged fits","7a33e410554494becc79dba7ce6ecc89",27
"RDH14","valid","Validated converged fits","5d3b76a9c17934460e9007040b6692bc",27
"RDH16","valid","Validated converged fits","0cf51d9c35dbe602fcf655ce95acb27e",27
"RDH5","valid","Validated converged fits","5ad3bd8fa9222b9fd35764fc20fe2314",27
"RDH8","valid","Validated converged fits","dfb4f2f2ca4ea0a1cbc8e4f4a07cec29",27
"RDM1","valid","Validated converged fits","2c4b1284ca3af1f4083b704778ca4fe1",27
"RDX","retry","Missing result","",0
"REC114","retry","Missing result","",0
"REC8","retry","Missing result","",0
"RECK","retry","Missing result","",0
"RECQL","retry","Missing result","",0
"RECQL4","retry","Missing result","",0
"RECQL5","retry","Missing result","",0
"REEP1","retry","Missing result","",0
"REEP2","retry","Missing result","",0
"REEP3","retry","Missing result","",0
"REEP4","retry","Missing result","",0
"REEP5","retry","Missing result","",0
"REEP6","retry","Missing result","",0
"REG1A","retry","Missing result","",0
"REG1B","retry","Missing result","",0
"REG3A","retry","Missing result","",0
"REG3G","retry","Missing result","",0
"REG4","retry","Missing result","",0
"REL","retry","Missing result","",0
"RELA","retry","Missing result","",0
"RELB","retry","Missing result","",0
"RELL1","retry","Missing result","",0
"RELL2","retry","Missing result","",0
"RELN","retry","Missing result","",0
"RELT","retry","Missing result","",0
"REM1","retry","Missing result","",0
"REM2","retry","Missing result","",0
"REN","retry","Missing result","",0
"RENBP","retry","Missing result","",0
"REP15","retry","Missing result","",0
"REPIN1","retry","Missing result","",0
"REPS1","retry","Missing result","",0
"REPS2","retry","Missing result","",0
"RER1","retry","Missing result","",0
"RERE","retry","Missing result","",0
"RERG","retry","Missing result","",0
"RERGL","retry","Missing result","",0
"RESP18","retry","Missing result","",0
"REST","retry","Missing result","",0
"RET","retry","Missing result","",0
"RETN","retry","Missing result","",0
"RETNLB","retry","Missing result","",0
"RETSAT","retry","Missing result","",0
"REV1","retry","Missing result","",0
"REV3L","retry","Missing result","",0
"REXO1","retry","Missing result","",0
"REXO2","retry","Missing result","",0
"REXO4","retry","Missing result","",0
"RFC1","retry","Missing result","",0
"RFC2","retry","Missing result","",0
"RFC3","retry","Missing result","",0
"RFC4","retry","Missing result","",0
"RFC5","retry","Missing result","",0
"RFESD","retry","Missing result","",0
"RFFL","retry","Missing result","",0
"RFK","retry","Missing result","",0
"RFLNA","valid","Validated converged fits","8bf1942023785954b02a91fec4f22a10",27
"RFLNB","valid","Validated converged fits","a7746ec88d2310260b49015ae722f511",27
"RFNG","valid","Validated converged fits","73c8e1680249bb8aa9d0bee49181c825",27
"RFPL1","valid","Validated converged fits","9b73d02741f32abeed931e6866f70ccb",27
"RFPL2","valid","Validated converged fits","4afc0c9031a0ee591764ba5d2d1884cc",27
"RFPL3","valid","Validated converged fits","5cd335a8271dbeca8e4d4b62935a5e40",27
"RFPL4A","valid","Validated converged fits","806baed667dae7bdfe97228c4447072b",27
"RFPL4AL1","valid","Validated converged fits","b2be48c35d1b35601d6bd1f39f3f4323",27
"RFPL4B","valid","Validated converged fits","833ce74fbd5c94227d5287836ef21581",27
"RFT1","valid","Validated converged fits","91dcdf8e6d18f31a4b051a32ba76daf4",27
"RFTN1","valid","Validated converged fits","db8d03319e783e2d785a2d33b68d40c4",27
"RFTN2","valid","Validated converged fits","d5dd54b8bb3f053abbef19aa07bdd7e0",27
"RFWD3","valid","Validated converged fits","a027fac07b81988a3483aefe4bd87737",27
"RFX1","valid","Validated converged fits","dd863f81f8d3e49778c070c7cac50873",27
"RFX2","valid","Validated converged fits","b1826432ea637e6a27c7241c4ba04c31",27
"RFX3","valid","Validated converged fits","7eff1b65732450e9a2fca3c5f9ecdd3f",27
"RFX4","valid","Validated converged fits","5588d22562fd5b579855be9b50b88d08",27
"RFX5","retry","Missing result","",0
"RFX6","retry","Missing result","",0
"RFX7","retry","Missing result","",0
"RFX8","retry","Missing result","",0
"RFXANK","retry","Missing result","",0
"RFXAP","retry","Missing result","",0
"RGCC","retry","Missing result","",0
"RGL1","retry","Missing result","",0
"RGL2","retry","Missing result","",0
"RGL3","retry","Missing result","",0
"RGL4","retry","Missing result","",0
"RGMA","retry","Missing result","",0
"RGMB","retry","Missing result","",0
"RGN","retry","Missing result","",0
"RGP1","retry","Missing result","",0
"RGPD1","retry","Missing result","",0
"RGPD2","retry","Missing result","",0
"RGPD3","retry","Missing result","",0
"RGPD4","retry","Missing result","",0
"RGPD5","retry","Missing result","",0
"RGPD6","retry","Missing result","",0
"RGPD8","retry","Missing result","",0
"RGR","retry","Missing result","",0
"RGS1","retry","Missing result","",0
"RGS10","retry","Missing result","",0
"RGS11","retry","Missing result","",0
"RGS12","retry","Missing result","",0
"RGS13","retry","Missing result","",0
"RGS14","retry","Missing result","",0
"RGS16","retry","Missing result","",0
"RGS17","retry","Missing result","",0
"RGS18","retry","Missing result","",0
"RGS19","retry","Missing result","",0
"RGS2","retry","Missing result","",0
"RGS20","retry","Missing result","",0
"RGS21","retry","Missing result","",0
"RGS22","retry","Missing result","",0
"RGS3","retry","Missing result","",0
"RGS4","retry","Missing result","",0
"RGS5","retry","Missing result","",0
"RGS6","retry","Missing result","",0
"RGS7","retry","Missing result","",0
"RGS7BP","retry","Missing result","",0
"RGS8","retry","Missing result","",0
"RGS9","retry","Missing result","",0
"RGS9BP","retry","Missing result","",0
"RGSL1","retry","Missing result","",0
"RHAG","retry","Missing result","",0
"RHBDD1","retry","Missing result","",0
"RHBDD2","retry","Missing result","",0
"RHBDD3","retry","Missing result","",0
"RHBDF1","retry","Missing result","",0
"RHBDF2","retry","Missing result","",0
"RHBDL1","retry","Missing result","",0
"RHBDL2","retry","Missing result","",0
"RHBDL3","retry","Missing result","",0
"RHBG","retry","Missing result","",0
"RHCE","retry","Missing result","",0
"RHCG","retry","Missing result","",0
"RHD","retry","Missing result","",0
"RHEB","retry","Missing result","",0
"RHEBL1","retry","Missing result","",0
"RHNO1","retry","Missing result","",0
"RHO","retry","Missing result","",0
"RHOA","retry","Missing result","",0
"RHOB","retry","Missing result","",0
"RHOBTB1","retry","Missing result","",0
"RHOBTB2","retry","Missing result","",0
"RHOBTB3","retry","Missing result","",0
"RHOC","retry","Missing result","",0
"RHOD","retry","Missing result","",0
"RHOF","retry","Missing result","",0
"RHOG","retry","Missing result","",0
"RHOH","retry","Missing result","",0
"RHOJ","retry","Missing result","",0
"RHOQ","retry","Missing result","",0
"RHOT1","retry","Missing result","",0
"RHOT2","retry","Missing result","",0
"RHOU","retry","Missing result","",0
"RHOV","retry","Missing result","",0
"RHOXF1","retry","Missing result","",0
"RHOXF2","retry","Missing result","",0
"RHOXF2B","retry","Missing result","",0
"RHPN1","retry","Missing result","",0
"RHPN2","retry","Missing result","",0
"RIBC1","retry","Missing result","",0
"RIBC2","retry","Missing result","",0
"RIC1","retry","Missing result","",0
"RIC3","retry","Missing result","",0
"RIC8A","retry","Missing result","",0
"RIC8B","retry","Missing result","",0
"RICTOR","retry","Missing result","",0
"RIDA","retry","Missing result","",0
"RIF1","retry","Missing result","",0
"RIIAD1","retry","Missing result","",0
"RILP","retry","Missing result","",0
"RILPL1","retry","Missing result","",0
"RILPL2","retry","Missing result","",0
"RIMBP2","retry","Missing result","",0
"RIMBP3","retry","Missing result","",0
"RIMBP3B","retry","Missing result","",0
"RIMBP3C","retry","Missing result","",0
"RIMKLA","retry","Missing result","",0
"RIMKLB","retry","Missing result","",0
"RIMS1","retry","Missing result","",0
"RIMS2","retry","Missing result","",0
"RIMS3","retry","Missing result","",0
"RIMS4","valid","Validated converged fits","675caa5401443a581509d6c9d4c967a6",27
"RIN1","valid","Validated converged fits","01b363914912132453309eede07d08c0",27
"RIN2","valid","Validated converged fits","d8358207f7044f1071b52068bcdbdbbc",27
"RIN3","valid","Validated converged fits","84e7334b49eac672a7634d88b8eb851f",27
"RING1","valid","Validated converged fits","fb18cef74824f42480140754dc0644c1",27
"RINL","retry","Missing result","",0
"RINT1","retry","Missing result","",0
"RIOK1","retry","Missing result","",0
"RIOK2","retry","Missing result","",0
"RIOK3","retry","Missing result","",0
"RIOX1","retry","Missing result","",0
"RIOX2","retry","Missing result","",0
"RIPK1","retry","Missing result","",0
"RIPK2","retry","Missing result","",0
"RIPK3","retry","Missing result","",0
"RIPK4","retry","Missing result","",0
"RIPPLY1","retry","Missing result","",0
"RIPPLY2","retry","Missing result","",0
"RIPPLY3","retry","Missing result","",0
"RIT1","retry","Missing result","",0
"RIT2","retry","Missing result","",0
"RITA1","retry","Missing result","",0
"RLBP1","retry","Missing result","",0
"RLF","retry","Missing result","",0
"RLIM","retry","Missing result","",0
"RLN1","retry","Missing result","",0
"RLN2","retry","Missing result","",0
"RLN3","retry","Missing result","",0
"RMDN1","retry","Missing result","",0
"RMDN2","retry","Missing result","",0
"RMDN3","retry","Missing result","",0
"RMI1","retry","Missing result","",0
"RMI2","retry","Missing result","",0
"RMND1","retry","Missing result","",0
"RMND5A","retry","Missing result","",0
"RMND5B","retry","Missing result","",0
"RNASE1","retry","Missing result","",0
"RNASE10","retry","Missing result","",0
"RNASE11","retry","Missing result","",0
"RNASE12","retry","Missing result","",0
"RNASE13","retry","Missing result","",0
"RNASE2","retry","Missing result","",0
"RNASE3","retry","Missing result","",0
"RNASE4","retry","Missing result","",0
"RNASE6","retry","Missing result","",0
"RNASE7","retry","Missing result","",0
"RNASE8","retry","Missing result","",0
"RNASE9","retry","Missing result","",0
"RNASEH1","retry","Missing result","",0
"RNASEH2A","retry","Missing result","",0
"RNASEH2B","retry","Missing result","",0
"RNASEH2C","retry","Missing result","",0
"RNASEK","retry","Missing result","",0
"RNASEL","retry","Missing result","",0
"RNASET2","retry","Missing result","",0
"RND1","retry","Missing result","",0
"RND2","retry","Missing result","",0
"RND3","retry","Missing result","",0
"RNF10","retry","Missing result","",0
"RNF103","retry","Missing result","",0
"RNF11","retry","Missing result","",0
"RNF111","retry","Missing result","",0
"RNF112","valid","Validated converged fits","3215c280f67dc7f853ab7a2b583fabd6",27
"RNF113A","retry","PLINK failed for RNF113A on chromosome X with exit status 7","4aacb8906f865e018650ccc6685bebf3",0
"RNF113B","valid","Validated converged fits","7fce198ee19f593e6f8d7dbe7ae3a3fb",27
"RNF114","valid","Validated converged fits","b3b0d2a553f96d16ca3c198dfcfd34ea",27
"RNF115","valid","Validated converged fits","8fb356159c0395e73c76dc137ff42356",27
"RNF121","valid","Validated converged fits","164a98d8ee93e9f7cc5d42eae684128b",27
"RNF122","valid","Validated converged fits","59edbca962a93f074a985808151eea65",27
"RNF123","valid","Validated converged fits","c01d4832cbe81ec36e9607cf37640740",27
"RNF125","valid","Validated converged fits","90742cb4640f08d47bc1f71fa2e87169",27
"RNF126","valid","Validated converged fits","5668102d361d58fb2f1af94a28793032",27
"RNF128","retry","PLINK failed for RNF128 on chromosome X with exit status 7","cba6d720000c86228f2e85773108dadc",0
"RNF13","valid","Validated converged fits","446deb99a75f11dc675f5347abac7ffe",27
"RNF130","valid","Validated converged fits","77cf41fde9b88625c954f9457715e6a8",27
"RNF133","valid","Validated converged fits","78771117867530686bb80c77af748657",27
"RNF135","valid","Validated converged fits","22055a481a2e33104825d7535bd833f4",27
"RNF138","valid","Validated converged fits","a7bae7bb64d78732bf4d1098707ff5ae",27
"RNF139","valid","Validated converged fits","dabb554310c4c402bea95aabb98e25ab",27
"RNF14","valid","Validated converged fits","86b9f9c9ac9d24ad456dfb054ad3688b",27
"RNF141","valid","Validated converged fits","b96f20e5443f76c4d4a34d431816bb52",27
"RNF144A","valid","Validated converged fits","f72eb89fbf5604f2514dc89059ca4c56",27
"RNF144B","valid","Validated converged fits","ed5c64a2c177dad80e746b9d109bf952",27
"RNF145","valid","Validated converged fits","ad787c09c75184514e7e8f9425553a47",27
"RNF146","retry","Missing result","",0
"RNF148","retry","Missing result","",0
"RNF149","retry","Missing result","",0
"RNF150","retry","Missing result","",0
"RNF151","retry","Missing result","",0
"RNF152","retry","Missing result","",0
"RNF157","retry","Missing result","",0
"RNF165","retry","Missing result","",0
"RNF166","retry","Missing result","",0
"RNF167","retry","Missing result","",0
"RNF168","retry","Missing result","",0
"RNF169","retry","Missing result","",0
"RNF17","retry","Missing result","",0
"RNF170","retry","Missing result","",0
"RNF175","retry","Missing result","",0
"RNF180","retry","Missing result","",0
"RNF181","retry","Missing result","",0
"RNF182","retry","Missing result","",0
"RNF183","retry","Missing result","",0
"RNF185","retry","Missing result","",0
"RNF186","retry","Missing result","",0
"RNF187","retry","Missing result","",0
"RNF19A","retry","Missing result","",0
"RNF19B","retry","Missing result","",0
"RNF2","retry","Missing result","",0
"RNF20","retry","Missing result","",0
"RNF207","retry","Missing result","",0
"RNF208","retry","Missing result","",0
"RNF212","retry","Missing result","",0
"RNF212B","retry","Missing result","",0
"RNF213","retry","Missing result","",0
"RNF214","retry","Missing result","",0
"RNF215","retry","Missing result","",0
"RNF216","retry","Missing result","",0
"RNF217","retry","Missing result","",0
"RNF220","retry","Missing result","",0
"RNF222","retry","Missing result","",0
"RNF223","retry","Missing result","",0
"RNF224","retry","Missing result","",0
"RNF225","retry","Missing result","",0
"RNF24","valid","Validated converged fits","936e71774fabdf51447f08cc386a12b4",27
"RNF25","valid","Validated converged fits","5a65ab47b19b7f5228a28138f1fcec11",27
"RNF26","valid","Validated converged fits","eb5768254520c63b6569c29484a2c11c",27
"RNF31","valid","Validated converged fits","5905be2e5f973c4cb9b568509998a127",27
"RNF32","retry","PLINK failed for RNF32 on chromosome 7 with exit status 127","573de34e3af9bab1beee29c2d7fdd07b",0
"RNF34","valid","Validated converged fits","f987ae192de991648843c81f30355def",27
"RNF38","retry","PLINK failed for RNF38 on chromosome 9 with exit status 127","340348536fbec3b10fc97d3aecc9ec40",0
"RNF39","valid","Validated converged fits","3319e2de440103c6f65e3a8813f7d352",27
"RNF4","valid","Validated converged fits","2327f11d94b20a4018e059ea563a73b6",27
"RNF40","retry","PLINK failed for RNF40 on chromosome 16 with exit status 127","258132b5ea9f54e6644fd7354f0c6de5",0
"RNF41","retry","PLINK failed for RNF41 on chromosome 12 with exit status 127","c4e20151b81805c2cc6cd9d066bae589",0
"RNF43","retry","PLINK failed for RNF43 on chromosome 17 with exit status 127","89de9560644f9aca6548e591d8b34931",0
"RNF44","retry","PLINK failed for RNF44 on chromosome 5 with exit status 127","cca26a79905fdc481dd876e342a18fb2",0
"RNF5","retry","PLINK failed for RNF5 on chromosome 6 with exit status 127","eac9f792ef7b34f9f6f76cafa203a5b4",0
"RNF6","retry","PLINK failed for RNF6 on chromosome 13 with exit status 127","e7ea1c6a140fe19557a7b8f294da9254",0
"RNF7","retry","PLINK failed for RNF7 on chromosome 3 with exit status 127","c45bcab47b448cff9c12ca9d1eac2168",0
"RNF8","retry","PLINK failed for RNF8 on chromosome 6 with exit status 127","4cf563a5f3e424add9367435a4f128d4",0
"RNFT1","retry","PLINK failed for RNFT1 on chromosome 17 with exit status 127","9134cdf1cb45dda366b8b0a240c31e0b",0
"RNFT2","retry","PLINK failed for RNFT2 on chromosome 12 with exit status 127","f59a34cd1483ad986676b9756a97cb73",0
"RNGTT","retry","PLINK failed for RNGTT on chromosome 6 with exit status 127","6743440c9760703a1a9ff254614b737a",0
"RNH1","retry","PLINK failed for RNH1 on chromosome 11 with exit status 127","8580a604f335292fdecc050dcb93e0f1",0
"RNLS","retry","PLINK failed for RNLS on chromosome 10 with exit status 127","9a3abc1bf8830fb2f21f3e906ef2b7aa",0
"RNMT","retry","PLINK failed for RNMT on chromosome 18 with exit status 127","ebab28886518f690b24932cff652cbdc",0
"RNPC3","retry","PLINK failed for RNPC3 on chromosome 1 with exit status 127","97331d1d2b733547ebcdaf2b5cd46b44",0
"RNPEP","retry","PLINK failed for RNPEP on chromosome 1 with exit status 127","6422eb0e47b5ffa3bca4871670633a4e",0
"RNPEPL1","retry","PLINK failed for RNPEPL1 on chromosome 2 with exit status 127","bae4efc36c3ebe92695fa28e8b479d71",0
"RNPS1","retry","PLINK failed for RNPS1 on chromosome 16 with exit status 127","49538c2e8e594d69caa48ee6ea341e8c",0
"ROBO1","retry","PLINK failed for ROBO1 on chromosome 3 with exit status 127","4be24abd29d5219368a5ee06c388bb50",0
"ROBO2","retry","PLINK failed for ROBO2 on chromosome 3 with exit status 127","9c39f8a9e13dd80baad725eac50c8476",0
"ROBO3","retry","PLINK failed for ROBO3 on chromosome 11 with exit status 127","2d2baed0517d3f29e683404e7a07b94d",0
"ROBO4","retry","PLINK failed for ROBO4 on chromosome 11 with exit status 127","2e9600993eee849df9508827a45297c0",0
"ROCK1","retry","PLINK failed for ROCK1 on chromosome 18 with exit status 127","3b0a8e1b1b2ce4cc38979f4235c26531",0
"ROCK2","retry","PLINK failed for ROCK2 on chromosome 2 with exit status 127","5a973d9462addc81094e830bad339be1",0
"ROGDI","retry","PLINK failed for ROGDI on chromosome 16 with exit status 127","3b9a41ecf73d7474df15bb6e7b03e92a",0
"ROM1","retry","PLINK failed for ROM1 on chromosome 11 with exit status 127","bf6ef760d03dffab2c62fc0613aa2163",0
"ROMO1","retry","PLINK failed for ROMO1 on chromosome 20 with exit status 127","128c589b8e2e26ec12db425a137727aa",0
"ROPN1","retry","PLINK failed for ROPN1 on chromosome 3 with exit status 127","52f05fbace947ac806b66f1d1bd1edc3",0
"ROPN1B","retry","PLINK failed for ROPN1B on chromosome 3 with exit status 127","e2338c0ca9a48ae2914f66e98dd1fcc9",0
"ROPN1L","retry","PLINK failed for ROPN1L on chromosome 5 with exit status 127","71cbf8d09e12cf127e5633a9c4755858",0
"ROR1","retry","PLINK failed for ROR1 on chromosome 1 with exit status 127","be64a88b0ecdd702e0be410549e61884",0
"ROR2","retry","PLINK failed for ROR2 on chromosome 9 with exit status 127","9e098964dd70850f91d8756ca297487b",0
"RORA","retry","PLINK failed for RORA on chromosome 15 with exit status 127","d8fe42a28f809a6cbfac618dcc31e90f",0
"RORB","retry","PLINK failed for RORB on chromosome 9 with exit status 127","0f0262b8813fda93075e97b7e8d13d1a",0
"RORC","retry","PLINK failed for RORC on chromosome 1 with exit status 127","17e108f13dba83c09ec59741a3007af4",0
"ROS1","retry","PLINK failed for ROS1 on chromosome 6 with exit status 127","471c2dc9251d19c251d00c459ce8411a",0
"RP1","retry","PLINK failed for RP1 on chromosome 8 with exit status 127","113657fa38979389de95e48d98290e55",0
"RP1L1","retry","PLINK failed for RP1L1 on chromosome 8 with exit status 127","c4f5c5fcbce135c68e20774152f48b9e",0
"RP2","retry","PLINK failed for RP2 on chromosome X with exit status 127","f6dd2cc05906c2f9a8b6891505b31b45",0
"RP9","retry","PLINK failed for RP9 on chromosome 7 with exit status 127","550bcd2df965eb9bbfda47becae6130f",0
"RPA1","retry","PLINK failed for RPA1 on chromosome 17 with exit status 127","5f6a3d5bf7638ea348afd34e81e6eb56",0
"RPA2","retry","PLINK failed for RPA2 on chromosome 1 with exit status 127","2ff223426125878bbd3e7daf6be7d083",0
"RPA3","retry","PLINK failed for RPA3 on chromosome 7 with exit status 127","7a2f27f7e366e50c11ae134749b66db5",0
"RPA4","retry","PLINK failed for RPA4 on chromosome X with exit status 127","53348dfbaa9b58d6f45cb740071fda1b",0
"RPAIN","retry","PLINK failed for RPAIN on chromosome 17 with exit status 127","d5e69fc5e0be66f0b888075c90f0335c",0
"RPAP1","retry","PLINK failed for RPAP1 on chromosome 15 with exit status 127","ddec6ed77101bb45d21eb3ca8f59151c",0
"RPAP2","retry","PLINK failed for RPAP2 on chromosome 1 with exit status 127","e5c80f58cab3f6017eb6820f50411f10",0
"RPAP3","retry","PLINK failed for RPAP3 on chromosome 12 with exit status 127","219715989d3677696df39d23d51b0a0a",0
"RPE","retry","PLINK failed for RPE on chromosome 2 with exit status 127","a42ac0e362b801be4792fca13be12623",0
"RPE65","retry","PLINK failed for RPE65 on chromosome 1 with exit status 127","86a0abf8985aedb85053d3e94770736a",0
"RPEL1","retry","PLINK failed for RPEL1 on chromosome 10 with exit status 127","a9fbbd738ff8d5bd973f9fe6493e7b76",0
"RPF1","retry","PLINK failed for RPF1 on chromosome 1 with exit status 127","9643b54a2d03d3f66dfeb176596240d9",0
"RPF2","retry","PLINK failed for RPF2 on chromosome 6 with exit status 127","b360da9c56530f5a7034ec5b95fd7047",0
"RPGR","retry","PLINK failed for RPGR on chromosome X with exit status 7","c7b07afd20d9191f5762ff5250d1a51f",0
"RPGRIP1","valid","Validated converged fits","a0b530c0fa629bc75edc13c024e61ca4",27
"RPGRIP1L","valid","Validated converged fits","429d7de43278c5d68f1119b3599b6f33",27
"RPH3A","valid","Validated converged fits","3871265045aeb64b5c74974c65b5aef7",27
"RPH3AL","valid","Validated converged fits","a87d21b9d27b0f4f16a1da14cd885a65",27
"RPIA","valid","Validated converged fits","ee450b21420c8a42b32815263a2af17b",27
"RPL10","retry","PLINK failed for RPL10 on chromosome X with exit status 7","6526440a342e86983eb34e59cbcf5414",0
"RPL10A","valid","Validated converged fits","043ead9069eefb71e58e4cab71b3f378",27
"RPL10L","valid","Validated converged fits","1a0a0bf94f6e20a69e79db4db61fff8c",27
"RPL11","valid","Validated converged fits","776536231d9794fd223a7213c074a8c9",27
"RPL12","valid","Validated converged fits","dc3ac3d0c62d85d136044b2bd0c9d7a6",27
"RPL13","valid","Validated converged fits","a31f27e1257009dc35b347765f790cd8",27
"RPL13A","valid","Validated converged fits","47fb89bbd26e11b1751049c072745200",27
"RPL14","valid","Validated converged fits","e612778154141753497e6897423747c4",27
"RPL15","valid","Validated converged fits","83871cb6c2bbc5377a54e38f0903d41a",27
"RPL17","valid","Validated converged fits","d73e7ff0cbf166c6b78b49f21f420ee4",27
"RPL18","valid","Validated converged fits","908945ebbf85e7de7b9bb32c93d19ebd",27
"RPL18A","valid","Validated converged fits","28b5a9dfd967117554b17fbd5c1bf70d",27
"RPL19","valid","Validated converged fits","75e9c16c0dfae01da3b5284742ce7de0",27
"RPL21","valid","Validated converged fits","6857ba513d7019b3e62b8719c7df5ed8",27
"RPL22","retry","Missing result","",0
"RPL22L1","retry","Missing result","",0
"RPL23","retry","Missing result","",0
"RPL23A","retry","Missing result","",0
"RPL24","retry","Missing result","",0
"RPL26","retry","Missing result","",0
"RPL26L1","retry","Missing result","",0
"RPL27","retry","Missing result","",0
"RPL27A","retry","Missing result","",0
"RPL28","retry","Missing result","",0
"RPL29","retry","Missing result","",0
"RPL3","retry","Missing result","",0
"RPL30","retry","Missing result","",0
"RPL31","retry","Missing result","",0
"RPL32","retry","Missing result","",0
"RPL34","retry","Missing result","",0
"RPL35","retry","Missing result","",0
"RPL35A","retry","Missing result","",0
"RPL36","retry","Missing result","",0
"RPL36A","retry","Missing result","",0
"RPL36AL","retry","Missing result","",0
"RPL37","retry","Missing result","",0
"RPL37A","retry","Missing result","",0
"RPL38","retry","Missing result","",0
"RPL39","retry","Missing result","",0
"RPL39L","retry","Missing result","",0
"RPL3L","retry","Missing result","",0
"RPL4","retry","Missing result","",0
"RPL41","retry","Missing result","",0
"RPL5","retry","Missing result","",0
"RPL6","retry","Missing result","",0
"RPL7","retry","Missing result","",0
"RPL7A","retry","Missing result","",0
"RPL7L1","retry","Missing result","",0
"RPL8","retry","Missing result","",0
"RPL9","retry","Missing result","",0
"RPLP0","retry","Missing result","",0
"RPLP1","retry","Missing result","",0
"RPLP2","retry","Missing result","",0
"RPN1","retry","Missing result","",0
"RPN2","retry","Missing result","",0
"RPP14","retry","Missing result","",0
"RPP21","valid","Validated converged fits","dab9d6ea10c84313a80259188b72ba08",27
"RPP25","valid","Validated converged fits","2281ecebcd56a88a0820611794abfada",27
"RPP25L","valid","Validated converged fits","5fe4b79b941b04304a73c6d330cb729d",27
"RPP30","valid","Validated converged fits","6246bdcf1820e2b0ad7a5fc7b359f0a7",27
"RPP38","valid","Validated converged fits","1c957fb9ea420aa58630448b817cd99e",27
"RPP40","valid","Validated converged fits","1fc240c5bf73fa546db3c287891ba7b0",27
"RPRD1A","valid","Validated converged fits","254d4504c8673e6fe2f2bce588d04144",27
"RPRD1B","valid","Validated converged fits","cf82a5a599634ac3e6573170444fd481",27
"RPRD2","valid","Validated converged fits","d15f58d669a8555cf29e48ec79d89350",27
"RPRM","valid","Validated converged fits","f4ba949d107d276ec476e495eb1fd85b",27
"RPRML","valid","Validated converged fits","5533a6fd7be22807ec6e75ba937b2837",27
"RPS10","valid","Validated converged fits","4583b2a186a9eec4bfee765db336413c",27
"RPS11","valid","Validated converged fits","f3e7370ef5fa2f21e99c8927d52b9054",27
"RPS12","valid","Validated converged fits","df45494d1af8cc4771349334b2ede7a2",27
"RPS13","retry","Missing result","",0
"RPS14","retry","Missing result","",0
"RPS15","retry","Missing result","",0
"RPS15A","retry","Missing result","",0
"RPS16","retry","Missing result","",0
"RPS17","retry","Missing result","",0
"RPS18","retry","Missing result","",0
"RPS19","retry","Missing result","",0
"RPS19BP1","retry","Missing result","",0
"RPS2","retry","Missing result","",0
"RPS20","retry","Missing result","",0
"RPS21","retry","Missing result","",0
"RPS23","retry","Missing result","",0
"RPS24","retry","Missing result","",0
"RPS25","retry","Missing result","",0
"RPS26","retry","Missing result","",0
"RPS27","retry","Missing result","",0
"RPS27A","retry","Missing result","",0
"RPS27L","retry","Missing result","",0
"RPS28","retry","Missing result","",0
"RPS29","retry","Missing result","",0
"RPS3","retry","Missing result","",0
"RPS3A","retry","Missing result","",0
"RPS4X","retry","Missing result","",0
"RPS4Y1","retry","Missing result","",0
"RPS4Y2","retry","Missing result","",0
"RPS5","retry","Missing result","",0
"RPS6","retry","Missing result","",0
"RPS6KA1","retry","Missing result","",0
"RPS6KA2","retry","Missing result","",0
"RPS6KA3","retry","Missing result","",0
"RPS6KA4","retry","Missing result","",0
"RPS6KA5","retry","Missing result","",0
"RPS6KA6","retry","Missing result","",0
"RPS6KB1","retry","Missing result","",0
"RPS6KB2","retry","Missing result","",0
"RPS6KC1","retry","Missing result","",0
"RPS6KL1","retry","Missing result","",0
"RPS7","retry","Missing result","",0
"RPS8","retry","Missing result","",0
"RPS9","retry","Missing result","",0
"RPSA","retry","Missing result","",0
"RPTN","retry","Missing result","",0
"RPTOR","retry","Missing result","",0
"RPUSD1","retry","Missing result","",0
"RPUSD2","retry","Missing result","",0
"RPUSD3","retry","Missing result","",0
"RPUSD4","retry","Missing result","",0
"RRAD","valid","Validated converged fits","d2338b71363ab5d1223a1f84fc4f09ea",27
"RRAGA","valid","Validated converged fits","ca4dad2e5c185371a289ba8620d54507",27
"RRAGB","retry","PLINK failed for RRAGB on chromosome X with exit status 7","3b4a576066344b01d14a0e78343f2366",0
"RRAGC","valid","Validated converged fits","c9d5b4f1a2cc36b787d066366a71e677",27
"RRAGD","valid","Validated converged fits","c893312f1f66a2d095640a5aed5a4636",27
"RRAS","valid","Validated converged fits","ba47dbae6a3ba6d4028c2c4bb8665c44",27
"RRAS2","retry","Missing result","",0
"RRBP1","retry","Missing result","",0
"RREB1","retry","Missing result","",0
"RRH","retry","Missing result","",0
"RRM1","retry","Missing result","",0
"RRM2","retry","Missing result","",0
"RRM2B","retry","Missing result","",0
"RRN3","retry","Missing result","",0
"RRNAD1","retry","Missing result","",0
"RRP1","retry","Missing result","",0
"RRP12","retry","Missing result","",0
"RRP15","retry","Missing result","",0
"RRP1B","retry","Missing result","",0
"RRP36","retry","Missing result","",0
"RRP7A","retry","Missing result","",0
"RRP8","retry","Missing result","",0
"RRP9","retry","Missing result","",0
"RRS1","retry","Missing result","",0
"RS1","retry","Missing result","",0
"RSAD1","retry","Missing result","",0
"RSAD2","retry","Missing result","",0
"RSBN1","retry","Missing result","",0
"RSBN1L","retry","Missing result","",0
"RSF1","retry","Missing result","",0
"RSL1D1","retry","Missing result","",0
"RSL24D1","retry","Missing result","",0
"RSPH1","retry","Missing result","",0
"RSPH10B","retry","Missing result","",0
"RSPH10B2","retry","Missing result","",0
"RSPH14","retry","Missing result","",0
"RSPH3","retry","Missing result","",0
"RSPH4A","retry","Missing result","",0
"RSPH6A","retry","Missing result","",0
"RSPH9","retry","Missing result","",0
"RSPO1","retry","Missing result","",0
"RSPO2","retry","Missing result","",0
"RSPO3","retry","Missing result","",0
"RSPO4","retry","Missing result","",0
"RSPRY1","retry","Missing result","",0
"RSRC1","retry","Missing result","",0
"RSRC2","retry","Missing result","",0
"RSRP1","retry","Missing result","",0
"RSU1","retry","Missing result","",0
"RTBDN","retry","Missing result","",0
"RTCA","retry","Missing result","",0
"RTCB","retry","Missing result","",0
"RTEL1","retry","Missing result","",0
"RTF1","retry","Missing result","",0
"RTKN","retry","Missing result","",0
"RTKN2","retry","Missing result","",0
"RTL1","retry","Missing result","",0
"RTN1","retry","Missing result","",0
"RTN2","retry","Missing result","",0
"RTN3","retry","Missing result","",0
"RTN4","retry","Missing result","",0
"RTN4IP1","retry","Missing result","",0
"RTN4R","valid","Validated converged fits","0e4004a4c95c42642b30ed8f7409b427",27
"RTN4RL1","retry","Missing result","",0
"RTN4RL2","retry","Missing result","",0
"RTP1","retry","Missing result","",0
"RTP2","retry","Missing result","",0
"RTP3","retry","Missing result","",0
"RTP4","retry","Missing result","",0
"RTP5","retry","Missing result","",0
"RTTN","retry","Missing result","",0
"RUBCN","retry","Missing result","",0
"RUBCNL","retry","Missing result","",0
"RUFY1","retry","Missing result","",0
"RUFY2","retry","Missing result","",0
"RUFY3","retry","Missing result","",0
"RUFY4","retry","Missing result","",0
"RUNDC1","retry","Missing result","",0
"RUNDC3A","retry","Missing result","",0
"RUNDC3B","retry","Missing result","",0
"RUNX1","retry","Missing result","",0
"RUNX1T1","retry","Missing result","",0
"RUNX2","retry","Missing result","",0
"RUNX3","retry","Missing result","",0
"RUSC1","retry","Missing result","",0
"RUSC2","retry","Missing result","",0
"RUVBL1","retry","Missing result","",0
"RUVBL2","retry","Missing result","",0
"RWDD1","retry","Missing result","",0
"RWDD2A","retry","Missing result","",0
"RWDD2B","retry","Missing result","",0
"RWDD3","retry","Missing result","",0
"RWDD4","retry","Missing result","",0
"RXFP1","retry","Missing result","",0
"RXFP2","retry","Missing result","",0
"RXFP3","retry","Missing result","",0
"RXFP4","retry","Missing result","",0
"RXRA","retry","Missing result","",0
"RXRB","retry","Missing result","",0
"RXRG","retry","Missing result","",0
"RYBP","retry","Missing result","",0
"RYK","retry","Missing result","",0
"RYR1","retry","Missing result","",0
"RYR2","retry","Missing result","",0
"RYR3","retry","Missing result","",0
"S100A1","retry","Missing result","",0
"S100A10","retry","Missing result","",0
"S100A11","retry","Missing result","",0
"S100A12","retry","Missing result","",0
"S100A13","retry","Missing result","",0
"S100A14","retry","Missing result","",0
"S100A16","retry","Missing result","",0
"S100A2","retry","Missing result","",0
"S100A3","retry","Missing result","",0
"S100A4","retry","Missing result","",0
"S100A5","retry","Missing result","",0
"S100A6","retry","Missing result","",0
"S100A7","retry","Missing result","",0
"S100A7A","retry","Missing result","",0
"S100A7L2","retry","Missing result","",0
"S100A8","retry","Missing result","",0
"S100A9","retry","Missing result","",0
"S100B","retry","Missing result","",0
"S100G","retry","Missing result","",0
"S100P","valid","Validated converged fits","61a1fe1cfc04384ed6c52e6e324a4567",27
"S100PBP","valid","Validated converged fits","f0d253b3ba26b9ad7edda1fc9ed3fc1a",27
"S100Z","valid","Validated converged fits","7bc32c8b50b372ed7e0226f4ce23a7c7",27
"S1PR1","valid","Validated converged fits","83f8cff75045d99defe2288851b0b4e3",27
"S1PR2","valid","Validated converged fits","bde71dbf8dce0629d63111f10e935566",27
"S1PR3","valid","Validated converged fits","0f0b27bcfdfb03adbf8deec78b524ff4",27
"S1PR4","valid","Validated converged fits","2ffd62b366ed6fc6744f0ced04e5b4a5",27
"S1PR5","retry","Missing result","",0
"SAA1","retry","Missing result","",0
"SAA2","retry","Missing result","",0
"SAA4","retry","Missing result","",0
"SAAL1","retry","Missing result","",0
"SAC3D1","retry","Missing result","",0
"SACM1L","retry","Missing result","",0
"SACS","retry","Missing result","",0
"SAE1","retry","Missing result","",0
"SAFB","retry","Missing result","",0
"SAFB2","retry","Missing result","",0
"SAG","retry","Missing result","",0
"SAGE1","retry","Missing result","",0
"SALL1","retry","Missing result","",0
"SALL2","retry","Missing result","",0
"SALL3","retry","Missing result","",0
"SALL4","retry","Missing result","",0
"SAMD1","retry","Missing result","",0
"SAMD10","retry","Missing result","",0
"SAMD11","retry","Missing result","",0
"SAMD12","retry","Missing result","",0
"SAMD13","retry","Missing result","",0
"SAMD14","retry","Missing result","",0
"SAMD15","retry","Missing result","",0
"SAMD3","retry","Missing result","",0
"SAMD4A","retry","Missing result","",0
"SAMD4B","retry","Missing result","",0
"SAMD5","retry","Missing result","",0
"SAMD7","retry","Missing result","",0
"SAMD8","retry","Missing result","",0
"SAMD9","retry","Missing result","",0
"SAMD9L","retry","Missing result","",0
"SAMHD1","retry","Missing result","",0
"SAMM50","retry","Missing result","",0
"SAMSN1","retry","Missing result","",0
"SAP130","retry","Missing result","",0
"SAP18","retry","Missing result","",0
"SAP25","retry","Missing result","",0
"SAP30","retry","Missing result","",0
"SAP30BP","retry","Missing result","",0
"SAP30L","retry","Missing result","",0
"SAPCD1","retry","Missing result","",0
"SAPCD2","retry","Missing result","",0
"SAR1A","retry","Missing result","",0
"SAR1B","retry","Missing result","",0
"SARAF","retry","Missing result","",0
"SARDH","retry","Missing result","",0
"SARM1","retry","Missing result","",0
"SARNP","retry","Missing result","",0
"SARS2","retry","Missing result","",0
"SART1","retry","Missing result","",0
"SART3","retry","Missing result","",0
"SASH1","retry","Missing result","",0
"SASH3","retry","Missing result","",0
"SASS6","retry","Missing result","",0
"SAT1","retry","PLINK failed for SAT1 on chromosome X with exit status 7","ed145d487cd171098557511ca96ce253",0
"SAT2","valid","Validated converged fits","433b5616df5025c1b04a80a0d83a4fe9",27
"SATB1","valid","Validated converged fits","5e0883d8606a2224b2e11961555b9f4d",27
"SATB2","valid","Validated converged fits","472bc3d7db6e700cf9919345079d1008",27
"SATL1","retry","PLINK failed for SATL1 on chromosome X with exit status 7","ff7ceb4dcacff1b78bbbddb88f18bace",0
"SAV1","valid","Validated converged fits","6eb7b89435f40ddff5bb549285b78439",27
"SAXO1","valid","Validated converged fits","7ce6d00956647336436a0186dec1bcde",27
"SAXO2","valid","Validated converged fits","1fe3301b04184999646cd8656d484118",27
"SAYSD1","valid","Validated converged fits","3fedb5cb6e71cc50c9c9becbcf0eafa9",27
"SBDS","valid","Validated converged fits","b914f9911c6d48c6cbbbeced33c6e3a5",27
"SBF1","valid","Validated converged fits","bbca03731da0b8ea1c999408e74a86e4",27
"SBF2","valid","Validated converged fits","a5e8713a1a412f177795b418f6a15e7c",27
"SBK1","valid","Validated converged fits","78906a7ab0180e282d8a0197dac49fdf",27
"SBK2","valid","Validated converged fits","92d8f09c3de378945a6199cad764a5b7",27
"SBK3","valid","Validated converged fits","f045b11b13400f9046c42325d384465a",27
"SBNO1","valid","Validated converged fits","233219fa170d21cd25465ac868fea25b",27
"SBNO2","valid","Validated converged fits","929eb7896e6cf025c430d5fa1545646a",27
"SBSN","retry","Missing result","",0
"SBSPON","retry","Missing result","",0
"SC5D","retry","Missing result","",0
"SCAF1","retry","Missing result","",0
"SCAF11","retry","Missing result","",0
"SCAF4","retry","Missing result","",0
"SCAF8","retry","Missing result","",0
"SCAI","retry","Missing result","",0
"SCAMP1","retry","Missing result","",0
"SCAMP2","retry","Missing result","",0
"SCAMP3","retry","Missing result","",0
"SCAMP4","retry","Missing result","",0
"SCAMP5","retry","Missing result","",0
"SCAND1","retry","Missing result","",0
"SCAP","retry","Missing result","",0
"SCAPER","retry","Missing result","",0
"SCARA3","retry","Missing result","",0
"SCARA5","retry","Missing result","",0
"SCARB1","retry","Missing result","",0
"SCARB2","retry","Missing result","",0
"SCARF1","retry","Missing result","",0
"SCARF2","retry","Missing result","",0
"SCART1","retry","Missing result","",0
"SCCPDH","retry","Missing result","",0
"SCD","retry","Missing result","",0
"SCD5","retry","Missing result","",0
"SCEL","retry","Missing result","",0
"SCFD1","retry","Missing result","",0
"SCFD2","retry","Missing result","",0
"SCG2","retry","Missing result","",0
"SCG3","retry","Missing result","",0
"SCG5","retry","Missing result","",0
"SCGB1A1","retry","Missing result","",0
"SCGB1C1","retry","Missing result","",0
"SCGB1C2","retry","Missing result","",0
"SCGB1D1","retry","Missing result","",0
"SCGB1D2","retry","Missing result","",0
"SCGB1D4","retry","Missing result","",0
"SCGB2A1","retry","Missing result","",0
"SCGB2A2","retry","Missing result","",0
"SCGB2B2","retry","Missing result","",0
"SCGB3A1","retry","Missing result","",0
"SCGB3A2","retry","Missing result","",0
"SCGN","retry","Missing result","",0
"SCHIP1","retry","Missing result","",0
"SCIMP","valid","Validated converged fits","9b248d13c0a0a2af0d3779f61b9ea6d4",27
"SCIN","valid","Validated converged fits","0f4b7343d0e64c9ab36a886bf342242c",27
"SCLT1","valid","Validated converged fits","7ba59a27c778483acd50c4787ab24ec1",27
"SCLY","valid","Validated converged fits","0d294936d1cd5135ccd8e8a945b961ee",27
"SCMH1","valid","Validated converged fits","d4fbaa46f632fb7530f3065e8ea21380",27
"SCML1","retry","PLINK failed for SCML1 on chromosome X with exit status 7","15fd47d3ea0b8bec152b68e28869bc75",0
"SCML2","retry","PLINK failed for SCML2 on chromosome X with exit status 7","6b210a587ff3bcb2b1d0fe2e240a4e8c",0
"SCML4","valid","Validated converged fits","0121fa3dce31d1e5bdb2acb2a5965081",27
"SCN10A","valid","Validated converged fits","ddcddf2d2c4efe3d665f7682f9a2f8a3",27
"SCN11A","valid","Validated converged fits","d6544b7b0769deea44483f278924eb75",27
"SCN1A","valid","Validated converged fits","33806b9f6efc29c615d494590031fb8f",27
"SCN1B","valid","Validated converged fits","9303258078a89747d7290913c1d8f267",27
"SCN2A","valid","Validated converged fits","88e9d45e3cae9c09d6fb6b549b620f60",27
"SCN2B","valid","Validated converged fits","dc4f77047cdf4dd26c95184231f2f92c",27
"SCN3A","valid","Validated converged fits","b8f4daa870046eaac3a1ce8e1e6720e9",27
"SCN3B","valid","Validated converged fits","ab6676a9782d646e1821af0ed533a35a",27
"SCN4A","valid","Validated converged fits","17f367995f18bb8ca8160fb023caabfb",27
"SCN4B","valid","Validated converged fits","bf89b4835dbbf22a2d7d40faf453f392",27
"SCN5A","valid","Validated converged fits","d21f30b566437a2715ac94b577eb6d4e",27
"SCN7A","retry","Missing result","",0
"SCN8A","retry","Missing result","",0
"SCN9A","retry","Missing result","",0
"SCNM1","retry","Missing result","",0
"SCNN1A","retry","Missing result","",0
"SCNN1B","retry","Missing result","",0
"SCNN1D","retry","Missing result","",0
"SCNN1G","retry","Missing result","",0
"SCO1","retry","Missing result","",0
"SCO2","retry","Missing result","",0
"SCOC","retry","Missing result","",0
"SCP2","retry","Missing result","",0
"SCP2D1","retry","Missing result","",0
"SCPEP1","retry","Missing result","",0
"SCRG1","retry","Missing result","",0
"SCRIB","retry","Missing result","",0
"SCRN1","retry","Missing result","",0
"SCRN2","retry","Missing result","",0
"SCRN3","retry","Missing result","",0
"SCRT1","retry","Missing result","",0
"SCRT2","retry","Missing result","",0
"SCT","retry","Missing result","",0
"SCTR","retry","Missing result","",0
"SCUBE1","retry","Missing result","",0
"SCUBE2","retry","Missing result","",0
"SCUBE3","retry","Missing result","",0
"SCX","retry","Missing result","",0
"SCYL1","retry","Missing result","",0
"SCYL2","retry","Missing result","",0
"SCYL3","retry","Missing result","",0
"SDAD1","retry","Missing result","",0
"SDC1","retry","Missing result","",0
"SDC2","retry","Missing result","",0
"SDC3","retry","Missing result","",0
"SDC4","retry","Missing result","",0
"SDCBP","retry","Missing result","",0
"SDCBP2","retry","Missing result","",0
"SDCCAG8","retry","Missing result","",0
"SDE2","retry","Missing result","",0
"SDF2","retry","Missing result","",0
"SDF2L1","retry","Missing result","",0
"SDF4","retry","Missing result","",0
"SDHA","retry","Missing result","",0
"SDHAF1","valid","Validated converged fits","2432de8ab2071dd6b8f58703c51693c0",27
"SDHAF2","valid","Validated converged fits","86a101eb919d7499d5d2005a6e4e21b3",27
"SDHAF3","valid","Validated converged fits","a8491bacd1828c0cd7fe9060afc3166e",27
"SDHAF4","valid","Validated converged fits","290c6c73e3e377c632dcaf9438c2ae09",27
"SDHB","valid","Validated converged fits","8c40c125244d73d8254a7bca9d380558",27
"SDHC","valid","Validated converged fits","716b314bb3395e84652fedf3c367b32d",27
"SDHD","valid","Validated converged fits","00e0ba1141db220953385b9d25528114",27
"SDK1","valid","Validated converged fits","7495cb036b1af1ce051b21e78c6b9321",27
"SDK2","valid","Validated converged fits","28956c99dcb27674137f7d52cfebed32",27
"SDR16C5","valid","Validated converged fits","75b7114a9ad4910a0df3b4dccaca03a1",27
"SDR39U1","valid","Validated converged fits","f98c26002054518932ce7c3f35094e6a",27
"SDR42E1","valid","Validated converged fits","15430d6dca60cae81eedaf99a51ac99c",27
"SDR42E2","valid","Validated converged fits","cce3b7c80c7ceb9cd9aecbc56fa4b26b",27
"SDR9C7","valid","Validated converged fits","40666a7f0f748cb55656e8a67bee2224",27
"SDS","valid","Validated converged fits","d113ec1d40d7362e38bd4004c4ffd0c0",27
"SDSL","valid","Validated converged fits","6831f9af90ede69e83f059b61f7490fe",27
"SEBOX","valid","Validated converged fits","59eefe61662f2187ec08dfd41af3639b",27
"SEC11A","valid","Validated converged fits","517abec8deecab7a236496500535e053",27
"SEC11C","retry","Missing result","",0
"SEC13","retry","Missing result","",0
"SEC14L1","retry","Missing result","",0
"SEC14L2","retry","Missing result","",0
"SEC14L3","retry","Missing result","",0
"SEC14L4","retry","Missing result","",0
"SEC14L5","retry","Missing result","",0
"SEC14L6","retry","Missing result","",0
"SEC16A","retry","Missing result","",0
"SEC16B","retry","Missing result","",0
"SEC22A","retry","Missing result","",0
"SEC22B","retry","Missing result","",0
"SEC22C","retry","Missing result","",0
"SEC23A","retry","Missing result","",0
"SEC23B","retry","Missing result","",0
"SEC23IP","retry","Missing result","",0
"SEC24A","retry","Missing result","",0
"SEC24B","retry","Missing result","",0
"SEC24C","retry","Missing result","",0
"SEC24D","retry","Missing result","",0
"SEC31A","retry","Missing result","",0
"SEC31B","retry","Missing result","",0
"SEC61A1","retry","Missing result","",0
"SEC61A2","retry","Missing result","",0
"SEC61B","retry","Missing result","",0
"SEC61G","retry","Missing result","",0
"SEC62","retry","Missing result","",0
"SEC63","retry","Missing result","",0
"SECISBP2","retry","Missing result","",0
"SECISBP2L","retry","Missing result","",0
"SECTM1","retry","Missing result","",0
"SEH1L","retry","Missing result","",0
"SEL1L","retry","Missing result","",0
"SEL1L2","retry","Missing result","",0
"SEL1L3","retry","Missing result","",0
"SELE","retry","Missing result","",0
"SELENBP1","retry","Missing result","",0
"SELENOF","retry","Missing result","",0
"SELENOH","retry","Missing result","",0
"SELENOI","retry","Missing result","",0
"SELENOK","retry","Missing result","",0
"SELENOM","retry","Missing result","",0
"SELENON","retry","Missing result","",0
"SELENOO","retry","Missing result","",0
"SELENOP","valid","Validated converged fits","099aa4922d61cb19415dda7ded9d2c18",27
"SELENOS","valid","Validated converged fits","f2f0e680e6d1830dd7aeb255d1c6396f",27
"SELENOT","valid","Validated converged fits","906107011f2cfc1ef93397f7f8777fc4",27
"SELENOV","valid","Validated converged fits","cb247156f39ffa18823f7bc282048ab7",27
"SELENOW","valid","Validated converged fits","584533756e89eb79bb2960190b52abdf",27
"SELL","retry","Unconverged slider fit.","06df7d6bdb125249554f76e0bbfd3390",0
"SELP","valid","Validated converged fits","056165e963b3b4752190de5508ac3f3e",27
"SELPLG","valid","Validated converged fits","3a10c205d4a27e382f8cdfc2ce8a009e",27
"SEM1","valid","Validated converged fits","6d972dccdb1c4c4e76176c4814754140",27
"SEMA3A","valid","Validated converged fits","bb3f76633fe3554f61381fc3cd5857cd",27
"SEMA3B","valid","Validated converged fits","8c89262491325874d1a6032e43c80db6",27
"SEMA3C","valid","Validated converged fits","fcc1a6f00b2ff316a6b1773f4f65594b",27
"SEMA3D","valid","Validated converged fits","ef6f8bd15d666053df499b08858ca9b1",27
"SEMA3E","valid","Validated converged fits","910b27ec88d99704100b181d6466fde2",27
"SEMA3F","valid","Validated converged fits","b9a77f38ac74de49215c89a018941071",27
"SEMA3G","valid","Validated converged fits","e536062e3b21e4d86226eba50bdc4f4a",27
"SEMA4A","valid","Validated converged fits","d23acec824cc32547374c03087e623cf",27
"SEMA4B","valid","Validated converged fits","82e1609a5a9936078251d00767c1cde7",27
"SEMA4C","valid","Validated converged fits","952fb49f1d5c309ad7ae1723da7a59f2",27
"SEMA4D","retry","Missing result","",0
"SEMA4F","retry","Missing result","",0
"SEMA4G","retry","Missing result","",0
"SEMA5A","retry","Missing result","",0
"SEMA5B","retry","Missing result","",0
"SEMA6A","retry","Missing result","",0
"SEMA6B","retry","Missing result","",0
"SEMA6C","retry","Missing result","",0
"SEMA6D","retry","Missing result","",0
"SEMA7A","retry","Missing result","",0
"SEMG1","retry","Missing result","",0
"SEMG2","retry","Missing result","",0
"SENP1","retry","Missing result","",0
"SENP2","retry","Missing result","",0
"SENP3","retry","Missing result","",0
"SENP5","retry","Missing result","",0
"SENP6","retry","Missing result","",0
"SENP7","retry","Missing result","",0
"SENP8","retry","Missing result","",0
"SEPHS1","retry","Missing result","",0
"SEPHS2","retry","Missing result","",0
"SEPSECS","retry","Missing result","",0
"SERAC1","retry","Missing result","",0
"SERBP1","retry","Missing result","",0
"SERF1A","retry","Missing result","",0
"SERF1B","retry","Missing result","",0
"SERF2","retry","Missing result","",0
"SERGEF","retry","Missing result","",0
"SERHL2","retry","Missing result","",0
"SERINC1","retry","Missing result","",0
"SERINC2","retry","Missing result","",0
"SERINC3","retry","Missing result","",0
"SERINC5","retry","Missing result","",0
"SERP1","retry","Missing result","",0
"SERP2","retry","Missing result","",0
"SERPINA1","retry","Missing result","",0
"SERPINA10","retry","Missing result","",0
"SERPINA11","retry","Missing result","",0
"SERPINA12","retry","Missing result","",0
"SERPINA3","retry","Missing result","",0
"SERPINA4","retry","Missing result","",0
"SERPINA5","retry","Missing result","",0
"SERPINA6","retry","Missing result","",0
"SERPINA7","retry","PLINK failed for SERPINA7 on chromosome X with exit status 7","0f8ff6072ecfd6102372ef658360f40a",0
"SERPINA9","valid","Validated converged fits","049638301debad36815bb9999ff8ca85",27
"SERPINB1","valid","Validated converged fits","a6d7df113413fcb5b788adb7594b36c5",27
"SERPINB10","valid","Validated converged fits","24c64d9988929f9f040d763bd2ee76b7",27
"SERPINB11","valid","Validated converged fits","890f7c11b856640dfb1d412ec9de14bf",27
"SERPINB12","valid","Validated converged fits","78703920aa423cbb2df2d68c53dbe3dd",27
"SERPINB13","valid","Validated converged fits","9ac750276be18e972971da5019fa65c9",27
"SERPINB2","valid","Validated converged fits","347fc81b7e7a68025fecd1d29eec718d",27
"SERPINB3","valid","Validated converged fits","d82ec3021c0c3c00453e03f32dc9fd59",27
"SERPINB4","valid","Validated converged fits","fd755c663ee05e5561c376e7daba0381",27
"SERPINB5","valid","Validated converged fits","dd24d50040c742507f43f9edc30f1d41",27
"SERPINB6","valid","Validated converged fits","159cfbe7bb00df224c4947d14525ac71",27
"SERPINB7","valid","Validated converged fits","fd24cb95e8c3138c01bd17ae968f9059",27
"SERPINB8","valid","Validated converged fits","68621834db442fc3552b8c07208e9de3",27
"SERPINB9","valid","Validated converged fits","f784e41fd1429794003172d89a85aedc",27
"SERPINC1","retry","Missing result","",0
"SERPIND1","retry","Missing result","",0
"SERPINE1","retry","Missing result","",0
"SERPINE2","retry","Missing result","",0
"SERPINE3","retry","Missing result","",0
"SERPINF1","retry","Missing result","",0
"SERPINF2","retry","Missing result","",0
"SERPING1","retry","Missing result","",0
"SERPINH1","retry","Missing result","",0
"SERPINI1","retry","Missing result","",0
"SERPINI2","retry","Missing result","",0
"SERTAD1","retry","Missing result","",0
"SERTAD2","retry","Missing result","",0
"SERTAD3","retry","Missing result","",0
"SERTAD4","retry","Missing result","",0
"SERTM1","retry","Missing result","",0
"SESN1","retry","Missing result","",0
"SESN2","retry","Missing result","",0
"SESN3","retry","Missing result","",0
"SESTD1","retry","Missing result","",0
"SET","retry","Missing result","",0
"SETBP1","retry","Missing result","",0
"SETD1A","retry","Missing result","",0
"SETD1B","retry","Missing result","",0
"SETD2","retry","Missing result","",0
"SETD3","retry","Missing result","",0
"SETD4","retry","Missing result","",0
"SETD5","retry","Missing result","",0
"SETD6","retry","Missing result","",0
"SETD7","retry","Missing result","",0
"SETD9","retry","Missing result","",0
"SETDB1","retry","Missing result","",0
"SETDB2","retry","Missing result","",0
"SETMAR","retry","Missing result","",0
"SETSIP","retry","Missing result","",0
"SETX","retry","Missing result","",0
"SEZ6","retry","Missing result","",0
"SEZ6L","retry","Missing result","",0
"SEZ6L2","retry","Missing result","",0
"SF1","retry","Missing result","",0
"SF3A1","retry","Missing result","",0
"SF3A2","retry","Missing result","",0
"SF3A3","retry","Missing result","",0
"SF3B1","retry","Missing result","",0
"SF3B2","retry","Missing result","",0
"SF3B3","retry","Missing result","",0
"SF3B4","retry","Missing result","",0
"SF3B5","valid","Validated converged fits","6969444e7503ab7f4f82cdfafceccafb",27
"SF3B6","valid","Validated converged fits","1f5d573b0cd84bc023ccfd8839936644",27
"SFI1","valid","Validated converged fits","5c27b474a296e3096cddf4dae2064179",27
"SFMBT1","valid","Validated converged fits","90347826b0e13df0332368aa9d98ceee",27
"SFMBT2","valid","Validated converged fits","7c485cb5feea6dd8dabd3bce61035889",27
"SFN","valid","Validated converged fits","89f2c66e8488ae1cd682dd7e9212cc88",27
"SFPQ","valid","Validated converged fits","79e3e0bdde3ce0f334342534fc78263a",27
"SFR1","valid","Validated converged fits","9ccc01f80e3703affe27b275fc3f6427",27
"SFRP1","valid","Validated converged fits","7886c03909e1dc4c695335295cf8d635",27
"SFRP2","valid","Validated converged fits","ccbe68b7b4df9dcf99bf19e238ef1802",27
"SFRP4","valid","Validated converged fits","fbf3cbb1a945e8d36092377564f0065b",27
"SFRP5","valid","Validated converged fits","618179d8e8dbf33dc9acd6c2f3752273",27
"SFSWAP","valid","Validated converged fits","79dc258c29b8a83f68237455829db14b",27
"SFT2D1","valid","Validated converged fits","02be0dee9663c94493ecf07cf927558e",27
"SFT2D2","valid","Validated converged fits","f532b9c580e284f8d99f67b66d3abee0",27
"SFTA2","retry","Missing result","",0
"SFTA3","retry","Missing result","",0
"SFTPA1","retry","Missing result","",0
"SFTPA2","retry","Missing result","",0
"SFTPB","retry","Missing result","",0
"SFTPC","retry","Missing result","",0
"SFTPD","retry","Missing result","",0
"SFXN1","retry","Missing result","",0
"SFXN2","retry","Missing result","",0
"SFXN3","retry","Missing result","",0
"SFXN4","retry","Missing result","",0
"SFXN5","retry","Missing result","",0
"SGCA","retry","Missing result","",0
"SGCB","retry","Missing result","",0
"SGCD","retry","Missing result","",0
"SGCE","retry","Missing result","",0
"SGCG","retry","Missing result","",0
"SGCZ","retry","Missing result","",0
"SGF29","retry","Missing result","",0
"SGIP1","retry","Missing result","",0
"SGK1","retry","Missing result","",0
"SGK2","retry","Missing result","",0
"SGK3","retry","Missing result","",0
"SGMS1","retry","Missing result","",0
"SGMS2","retry","Missing result","",0
"SGO1","retry","Missing result","",0
"SGO2","retry","Missing result","",0
"SGPL1","retry","Missing result","",0
"SGPP1","retry","Missing result","",0
"SGPP2","retry","Missing result","",0
"SGSH","retry","Missing result","",0
"SGSM1","retry","Missing result","",0
"SGSM2","retry","Missing result","",0
"SGSM3","retry","Missing result","",0
"SGTA","retry","Missing result","",0
"SGTB","retry","Missing result","",0
"SH2B1","retry","Missing result","",0
"SH2B2","retry","Missing result","",0
"SH2B3","retry","Missing result","",0
"SH2D1A","retry","Missing result","",0
"SH2D1B","retry","Missing result","",0
"SH2D2A","retry","Missing result","",0
"SH2D3A","retry","Missing result","",0
"SH2D3C","retry","Missing result","",0
"SH2D4A","retry","Missing result","",0
"SH2D4B","retry","Missing result","",0
"SH2D5","retry","Missing result","",0
"SH2D6","valid","Validated converged fits","cfa67bdb56c7530e5278f09f886622e3",27
"SH2D7","valid","Validated converged fits","c2531f35c1a47fdbe32b0b8fd6b81c4a",27
"SH3BGR","valid","Validated converged fits","62280215b3b6775ecbc8bb99c794090b",27
"SH3BGRL","retry","PLINK failed for SH3BGRL on chromosome X with exit status 7","e584d62be5d7b5519ea303f77cffb714",0
"SH3BGRL2","valid","Validated converged fits","011aba710b96480966eb1cf97db36fe2",27
"SH3BGRL3","valid","Validated converged fits","f0b2ea3a047b304d4d87f8ced576cc70",27
"SH3BP1","valid","Validated converged fits","01b997d47a9aeb595a91e632cedd30a4",27
"SH3BP2","valid","Validated converged fits","cdd4f642b1cc650b519359cf72b23336",27
"SH3BP4","valid","Validated converged fits","0a0f14efaf20bd4bffa9d5da92554403",27
"SH3BP5","valid","Validated converged fits","1e8ffab4c0fee79830b4a6eb1ee55b4a",27
"SH3BP5L","valid","Validated converged fits","0958d3dc8b963165b7b1e3776a8896da",27
"SH3D19","valid","Validated converged fits","356612e0092365a0ee58731cf1c4e2dd",27
"SH3D21","valid","Validated converged fits","dd5b93997015f0c1d560261a798c0fe6",27
"SH3GL1","valid","Validated converged fits","ec8b90199a361236c9d874030f240325",27
"SH3GL2","valid","Validated converged fits","314507ea848966ff946db33c9baeafc5",27
"SH3GL3","valid","Validated converged fits","f74458baa60c7f2d18b8a72f2ceb2900",27
"SH3GLB1","valid","Validated converged fits","78fa0b0f2e55cc4ad83b3a8f6e7193de",27
"SH3GLB2","retry","Missing result","",0
"SH3KBP1","retry","Missing result","",0
"SH3PXD2A","retry","Missing result","",0
"SH3PXD2B","retry","Missing result","",0
"SH3RF1","retry","Missing result","",0
"SH3RF2","retry","Missing result","",0
"SH3RF3","retry","Missing result","",0
"SH3TC1","retry","Missing result","",0
"SH3TC2","retry","Missing result","",0
"SH3YL1","retry","Missing result","",0
"SHANK1","retry","Missing result","",0
"SHANK2","retry","Missing result","",0
"SHANK3","retry","Missing result","",0
"SHARPIN","retry","Missing result","",0
"SHB","retry","Missing result","",0
"SHBG","retry","Missing result","",0
"SHC1","retry","Missing result","",0
"SHC2","retry","Missing result","",0
"SHC3","retry","Missing result","",0
"SHC4","retry","Missing result","",0
"SHCBP1","retry","Missing result","",0
"SHCBP1L","retry","Missing result","",0
"SHD","retry","Missing result","",0
"SHE","retry","Missing result","",0
"SHF","retry","Missing result","",0
"SHH","retry","Missing result","",0
"SHISA2","retry","Missing result","",0
"SHISA3","retry","Missing result","",0
"SHISA4","retry","Missing result","",0
"SHISA5","retry","Missing result","",0
"SHISA6","retry","Missing result","",0
"SHISA7","retry","Missing result","",0
"SHISA8","retry","Missing result","",0
"SHISA9","retry","Missing result","",0
"SHKBP1","retry","Missing result","",0
"SHMT1","retry","Missing result","",0
"SHMT2","retry","Missing result","",0
"SHOC2","retry","Missing result","",0
"SHOX","retry","Missing result","",0
"SHOX2","retry","Missing result","",0
"SHPK","retry","Missing result","",0
"SHPRH","retry","Missing result","",0
"SHQ1","retry","Missing result","",0
"SHROOM1","retry","Missing result","",0
"SHROOM2","retry","Missing result","",0
"SHROOM3","valid","Validated converged fits","58b861a4a03cf76d605c9ecee58a9892",27
"SHROOM4","retry","PLINK failed for SHROOM4 on chromosome X with exit status 7","67e15c3d49a01708dbbe1a2c0da62801",0
"SHTN1","valid","Validated converged fits","5aea1f11a8d927e60a6c6d20b4b325be",27
"SI","valid","Validated converged fits","6299537cb1251620bf944403bd41a835",27
"SIAE","valid","Validated converged fits","16b2e8f2f664689d76cc05ee1e8546e6",27
"SIAH1","valid","Validated converged fits","3c7f06b6549a3338323b527c0f63082a",27
"SIAH2","retry","PLINK failed for SIAH2 on chromosome 3 with exit status 127","339b1461a437d1fa42ed29776aaf2b3e",0
"SIAH3","valid","Validated converged fits","293e368a171fe858d8af2589c0ec9b04",27
"SIDT1","valid","Validated converged fits","f58b12bdaa919b2b01bc0faa2d372ca0",27
"SIDT2","valid","Validated converged fits","d83ec6956f732bcdd79286ac5dda408b",27
"SIGIRR","valid","Validated converged fits","c1fe58f3c69f2f6b848f45c72d0c6b27",27
"SIGLEC1","valid","Validated converged fits","648c65226d16ed9783f9c6ba8aacfa6e",27
"SIGLEC10","valid","Validated converged fits","04f8548e10f0a25fca6dfc2102b85ada",27
"SIGLEC11","valid","Validated converged fits","1cb7415cf1a4a46c1f1d51a1788c1743",27
"SIGLEC12","valid","Validated converged fits","50efb57fe0e1dfa0a88ba7b0d2addb02",27
"SIGLEC14","valid","Validated converged fits","02e6c494965ebdb8113d659346793c69",27
"SIGLEC15","valid","Validated converged fits","571da336b163d91ca9962382463cc491",27
"SIGLEC5","valid","Validated converged fits","655ffaf86948a5960f447b22ff59d7c8",27
"SIGLEC6","retry","Missing result","",0
"SIGLEC7","retry","Missing result","",0
"SIGLEC8","retry","Missing result","",0
"SIGLEC9","retry","Missing result","",0
"SIGLECL1","retry","Missing result","",0
"SIGMAR1","retry","Missing result","",0
"SIK1","retry","Missing result","",0
"SIK2","retry","Missing result","",0
"SIK3","retry","Missing result","",0
"SIKE1","retry","Missing result","",0
"SIL1","retry","Missing result","",0
"SIM1","retry","Missing result","",0
"SIM2","retry","Missing result","",0
"SIMC1","retry","Missing result","",0
"SIN3A","retry","Missing result","",0
"SIN3B","retry","Missing result","",0
"SIPA1","retry","Missing result","",0
"SIPA1L1","retry","Missing result","",0
"SIPA1L2","retry","Missing result","",0
"SIPA1L3","retry","Missing result","",0
"SIRPA","retry","Missing result","",0
"SIRPB1","retry","Missing result","",0
"SIRPB2","retry","Missing result","",0
"SIRPD","retry","Missing result","",0
"SIRPG","retry","Missing result","",0
"SIRT1","retry","Missing result","",0
"SIRT2","retry","Missing result","",0
"SIRT3","retry","Missing result","",0
"SIRT4","retry","Missing result","",0
"SIRT5","retry","Missing result","",0
"SIRT6","retry","Missing result","",0
"SIRT7","retry","Missing result","",0
"SIT1","retry","Missing result","",0
"SIVA1","retry","Missing result","",0
"SIX1","retry","Missing result","",0
"SIX2","retry","Missing result","",0
"SIX3","retry","Missing result","",0
"SIX4","retry","Missing result","",0
"SIX5","retry","Missing result","",0
"SIX6","retry","Missing result","",0
"SKA1","retry","Missing result","",0
"SKA2","retry","Missing result","",0
"SKA3","retry","Missing result","",0
"SKAP1","retry","Missing result","",0
"SKAP2","valid","Validated converged fits","491eb86ac3676be4338ea9a7bd8c0d49",27
"SKI","valid","Validated converged fits","6459a423aeb05d736779b25ba2ad12fd",27
"SKIDA1","valid","Validated converged fits","b83ce2701514362993b994018fa4541f",27
"SKIL","valid","Validated converged fits","583934ee5d029106be0a731cafcc7b1d",27
"SKIV2L","retry","PLINK failed for SKIV2L on chromosome 6 with exit status 127","bca1984ab4e6184755b006ef17901998",0
"SKOR1","valid","Validated converged fits","25a29e24c3602b54b15d2fa6ce4ad743",27
"SKOR2","retry","PLINK failed for SKOR2 on chromosome 18 with exit status 127","a77d10d92847f7d10d0f33fd7853015b",0
"SKP1","valid","Validated converged fits","9c5573dc01dad0cd1a770f9b45a708ae",27
"SKP2","valid","Validated converged fits","12671161d4a0813ad0554b64fe174baa",27
"SLA","retry","PLINK failed for SLA on chromosome 8 with exit status 127","713ecb3b1cc409288265ac1f57b902cf",0
"SLA2","retry","PLINK failed for SLA2 on chromosome 20 with exit status 127","3daa459ea565198c6ff5cb01029a17cf",0
"SLAIN1","retry","PLINK failed for SLAIN1 on chromosome 13 with exit status 127","aa58530ffcd48aba51bcc021aae6ed58",0
"SLAIN2","retry","PLINK failed for SLAIN2 on chromosome 4 with exit status 127","a4beac925c44f07fb834a5870b601807",0
"SLAMF1","retry","PLINK failed for SLAMF1 on chromosome 1 with exit status 127","b8bad46877467a3b3cec3b8c390e6584",0
"SLAMF6","retry","PLINK failed for SLAMF6 on chromosome 1 with exit status 127","cc7e5e66afa898d00e97aa7182253886",0
"SLAMF7","retry","PLINK failed for SLAMF7 on chromosome 1 with exit status 127","850bd8fbf6796e7b684378310560e5bb",0
"SLAMF8","retry","PLINK failed for SLAMF8 on chromosome 1 with exit status 127","6ad6c864cd746e461a2d4090cb618cb5",0
"SLAMF9","retry","PLINK failed for SLAMF9 on chromosome 1 with exit status 127","7367ce3b30c1ea5f23b49dc11c4b9af4",0
"SLBP","retry","PLINK failed for SLBP on chromosome 4 with exit status 127","5c2471cb37c490b151167d112799c567",0
"SLC10A1","retry","PLINK failed for SLC10A1 on chromosome 14 with exit status 127","898ac299aee5417c2e86d96c25a58919",0
"SLC10A2","retry","PLINK failed for SLC10A2 on chromosome 13 with exit status 127","807bf256109eb78228a2aad41a823f0e",0
"SLC10A3","retry","PLINK failed for SLC10A3 on chromosome X with exit status 127","e00da191285e54c4b3edea8c18ff8159",0
"SLC10A4","retry","PLINK failed for SLC10A4 on chromosome 4 with exit status 127","8f5da91846320d7f39b375fabb7af560",0
"SLC10A5","retry","PLINK failed for SLC10A5 on chromosome 8 with exit status 127","db186324b26a41f970c123765f1eaccd",0
"SLC10A6","retry","PLINK failed for SLC10A6 on chromosome 4 with exit status 127","27e1ea2148db745cc42309f5571b92ea",0
"SLC10A7","retry","PLINK failed for SLC10A7 on chromosome 4 with exit status 127","fedf3d364ca002aac89c255a9939cb4a",0
"SLC11A1","retry","PLINK failed for SLC11A1 on chromosome 2 with exit status 127","3c1ddf6a93fdb45882270d7ff9da90c4",0
"SLC11A2","retry","PLINK failed for SLC11A2 on chromosome 12 with exit status 127","ae9d2932fe80f4ea4cf9bee2bbbc8d8e",0
"SLC12A1","retry","PLINK failed for SLC12A1 on chromosome 15 with exit status 127","0822b3ba75fb916988498971c3c78875",0
"SLC12A2","retry","PLINK failed for SLC12A2 on chromosome 5 with exit status 127","4d1a95c37b88ce7cd026d147ebb54acb",0
"SLC12A3","retry","PLINK failed for SLC12A3 on chromosome 16 with exit status 127","7be0875eb920b8ddb9152f285272d2d3",0
"SLC12A4","retry","PLINK failed for SLC12A4 on chromosome 16 with exit status 127","823a5914288079aacc5cf202cb1166ff",0
"SLC12A5","retry","PLINK failed for SLC12A5 on chromosome 20 with exit status 127","a6446b9f2e7d26fe127709b5422f8c4f",0
"SLC12A6","retry","PLINK failed for SLC12A6 on chromosome 15 with exit status 127","ee78ed0d0009ea72645e1b859f87b3b6",0
"SLC12A7","retry","PLINK failed for SLC12A7 on chromosome 5 with exit status 127","0cfeacaa0224c48a9559d6cd39ad86f7",0
"SLC12A8","retry","PLINK failed for SLC12A8 on chromosome 3 with exit status 127","4067fd6143a9b21a23ebda6440650c0a",0
"SLC12A9","retry","PLINK failed for SLC12A9 on chromosome 7 with exit status 127","94968280dbe0100fb4c7c351720bd020",0
"SLC13A1","retry","PLINK failed for SLC13A1 on chromosome 7 with exit status 127","b7514d7569b5c67fcd0aec1c54c55ac9",0
"SLC13A2","retry","PLINK failed for SLC13A2 on chromosome 17 with exit status 127","4ca9e6f2cc1a22bedb5e8ac999c204fc",0
"SLC13A3","retry","PLINK failed for SLC13A3 on chromosome 20 with exit status 127","e3d63e541eef5e05c730d253afe38eba",0
"SLC13A4","retry","PLINK failed for SLC13A4 on chromosome 7 with exit status 127","f7ec7126fc198e46f7c18130e813e151",0
"SLC13A5","retry","PLINK failed for SLC13A5 on chromosome 17 with exit status 127","e52effb932f6931ae96a93ed1f6e8adf",0
"SLC14A1","retry","PLINK failed for SLC14A1 on chromosome 18 with exit status 127","1eccb98c366afdfc4eb8aa5e75e5f9b0",0
"SLC14A2","retry","PLINK failed for SLC14A2 on chromosome 18 with exit status 127","cc45bb7bd8d98b20d6486f6a6ceed282",0
"SLC15A1","retry","PLINK failed for SLC15A1 on chromosome 13 with exit status 127","41a32c11f166a6ee228068214dd9cfbd",0
"SLC15A2","retry","PLINK failed for SLC15A2 on chromosome 3 with exit status 127","464226866d5833eec6f7f94b049d0037",0
"SLC15A3","retry","PLINK failed for SLC15A3 on chromosome 11 with exit status 127","b30f78583794af378789d0cf96386e87",0
"SLC15A4","retry","PLINK failed for SLC15A4 on chromosome 12 with exit status 127","67f5fe61d3c864a0a09473a12a515f64",0
"SLC15A5","retry","Missing result","",0
"SLC16A1","retry","Missing result","",0
"SLC16A10","retry","Missing result","",0
"SLC16A11","retry","Missing result","",0
"SLC16A12","retry","Missing result","",0
"SLC16A13","retry","Missing result","",0
"SLC16A14","retry","Missing result","",0
"SLC16A2","retry","Missing result","",0
"SLC16A3","retry","Missing result","",0
"SLC16A4","retry","Missing result","",0
"SLC16A5","retry","Missing result","",0
"SLC16A6","retry","Missing result","",0
"SLC16A7","retry","Missing result","",0
"SLC16A8","retry","Missing result","",0
"SLC16A9","valid","Validated converged fits","f5cbc8d7747219d7e7671c0b823b6d3a",27
"SLC17A1","valid","Validated converged fits","512d3379f5de38013905151b3940e618",27
"SLC17A2","valid","Validated converged fits","f4bf518a3cc7d5040fcccf6129afc3fa",27
"SLC17A3","valid","Validated converged fits","07fc1835f3fd61b56500ff0b8202c067",27
"SLC17A4","valid","Validated converged fits","9e9452b95d4f809c7e5db741327b0ff8",27
"SLC17A5","valid","Validated converged fits","8923105430b8e78ca737ba5e66a7be85",27
"SLC17A6","valid","Validated converged fits","0b3d3f2e68ad22d9865d47b04ba340ff",27
"SLC17A7","valid","Validated converged fits","aafcaaf194b70fe77c9f4c739d9b9347",27
"SLC17A8","valid","Validated converged fits","cc478746d16d62ee4c1ad5aa037ac15d",27
"SLC17A9","valid","Validated converged fits","0a620026c082857cf0eb7618cd918c9f",27
"SLC18A1","valid","Validated converged fits","321f3618b1834a242c0a4f5633fc30a8",27
"SLC18A2","valid","Validated converged fits","9bea2b44d695db0ee1c508098271d18b",27
"SLC18A3","valid","Validated converged fits","40670b0d36263f420062cf0a8041f2ce",27
"SLC18B1","valid","Validated converged fits","d82d0b9b911a67571c743d20b20a8dbf",27
"SLC19A1","retry","Missing result","",0
"SLC19A2","retry","Missing result","",0
"SLC19A3","retry","Missing result","",0
"SLC1A1","retry","Missing result","",0
"SLC1A2","retry","Missing result","",0
"SLC1A3","retry","Missing result","",0
"SLC1A4","retry","Missing result","",0
"SLC1A5","retry","Missing result","",0
"SLC1A6","retry","Missing result","",0
"SLC1A7","retry","Missing result","",0
"SLC20A1","retry","Missing result","",0
"SLC20A2","retry","Missing result","",0
"SLC22A1","retry","Missing result","",0
"SLC22A10","retry","Missing result","",0
"SLC22A11","retry","Missing result","",0
"SLC22A12","retry","Missing result","",0
"SLC22A13","retry","Missing result","",0
"SLC22A14","retry","Missing result","",0
"SLC22A15","retry","Missing result","",0
"SLC22A16","retry","Missing result","",0
"SLC22A17","retry","Missing result","",0
"SLC22A18","retry","Missing result","",0
"SLC22A18AS","retry","Missing result","",0
"SLC22A2","retry","Missing result","",0
"SLC22A23","retry","Missing result","",0
"SLC22A24","retry","Missing result","",0
"SLC22A25","retry","Missing result","",0
"SLC22A3","retry","Missing result","",0
"SLC22A31","retry","Missing result","",0
"SLC22A4","retry","Missing result","",0
"SLC22A5","retry","Missing result","",0
"SLC22A6","retry","Missing result","",0
"SLC22A7","retry","Missing result","",0
"SLC22A8","retry","Missing result","",0
"SLC22A9","retry","Missing result","",0
"SLC23A1","retry","Missing result","",0
"SLC23A2","retry","Missing result","",0
"SLC23A3","retry","Missing result","",0
"SLC24A1","retry","Missing result","",0
"SLC24A2","retry","Missing result","",0
"SLC24A3","retry","Missing result","",0
"SLC24A4","retry","Missing result","",0
"SLC24A5","retry","Missing result","",0
"SLC25A1","retry","Missing result","",0
"SLC25A10","retry","Missing result","",0
"SLC25A11","retry","Missing result","",0
"SLC25A12","retry","Missing result","",0
"SLC25A13","retry","Missing result","",0
"SLC25A14","retry","PLINK failed for SLC25A14 on chromosome X with exit status 7","01e59a0e2d1f751a58efbeb66e4e0625",0
"SLC25A15","valid","Validated converged fits","66ae42553dec4d85608c019dd2dde04b",27
"SLC25A16","valid","Validated converged fits","814a4de6bb6173233c2b9d67bcbb4fe2",27
"SLC25A17","valid","Validated converged fits","4ccd34cf46de788abc28864b5da601e0",27
"SLC25A18","valid","Validated converged fits","b84df0101d3106c4bcf2f20dea0b8b18",27
"SLC25A19","valid","Validated converged fits","54941feda49b490f6652e4e63751acfc",27
"SLC25A2","valid","Validated converged fits","21ca8aae43b7bae051f61245993de201",27
"SLC25A20","valid","Validated converged fits","fb23f34525a1e8dfbf6243dd890c09ff",27
"SLC25A21","valid","Validated converged fits","985587b479a67b3f63e084c510147dfd",27
"SLC25A22","valid","Validated converged fits","55faa90dcc785ba4fffe5675b8bdc30d",27
"SLC25A23","valid","Validated converged fits","dd5728424b20f25b58800b4161c1d07b",27
"SLC25A24","valid","Validated converged fits","9c9b6d0633f6f36ce241f3f5974409a9",27
"SLC25A25","valid","Validated converged fits","d4a37b48c951bdc981a78b69d42102b5",27
"SLC25A26","valid","Validated converged fits","76d9b0635c9563c0b6e08e4c3f3a04fd",27
"SLC25A27","valid","Validated converged fits","587313675a2baf8ba2a325eab4ac2d2c",27
"SLC25A28","valid","Validated converged fits","36b603da3a30c5c3bb28649bb5d88c04",27
"SLC25A29","valid","Validated converged fits","d83871c593fc0f86b196c5d8e1576410",27
"SLC25A3","valid","Validated converged fits","90dc9450dd2a4932ccf99cc1a0d5b44c",27
"SLC25A30","valid","Validated converged fits","ec8d8fa769a20e06b298633b6b3d6710",27
"SLC25A31","valid","Validated converged fits","9ff0d5773a30b04e5f2e9c1995cbce73",27
"SLC25A32","valid","Validated converged fits","245fe55805995ffe8c75082f218016b8",27
"SLC25A33","retry","Missing result","",0
"SLC25A34","retry","Missing result","",0
"SLC25A35","retry","Missing result","",0
"SLC25A36","retry","Missing result","",0
"SLC25A37","retry","Missing result","",0
"SLC25A38","retry","Missing result","",0
"SLC25A39","retry","Missing result","",0
"SLC25A4","retry","Missing result","",0
"SLC25A40","retry","Missing result","",0
"SLC25A41","retry","Missing result","",0
"SLC25A42","retry","Missing result","",0
"SLC25A43","retry","Missing result","",0
"SLC25A44","retry","Missing result","",0
"SLC25A45","retry","Missing result","",0
"SLC25A46","retry","Missing result","",0
"SLC25A47","retry","Missing result","",0
"SLC25A48","retry","Missing result","",0
"SLC25A5","retry","Missing result","",0
"SLC25A51","retry","Missing result","",0
"SLC25A52","retry","Missing result","",0
"SLC25A53","retry","Missing result","",0
"SLC25A6","retry","Missing result","",0
"SLC26A1","retry","Missing result","",0
"SLC26A11","retry","Missing result","",0
"SLC26A2","retry","Missing result","",0
"SLC26A3","retry","Missing result","",0
"SLC26A4","retry","Missing result","",0
"SLC26A5","retry","Missing result","",0
"SLC26A6","retry","Missing result","",0
"SLC26A7","retry","Missing result","",0
"SLC26A8","retry","Missing result","",0
"SLC26A9","retry","Missing result","",0
"SLC27A1","retry","Missing result","",0
"SLC27A2","retry","Missing result","",0
"SLC27A3","retry","Missing result","",0
"SLC27A4","retry","Missing result","",0
"SLC27A5","retry","Missing result","",0
"SLC27A6","retry","Missing result","",0
"SLC28A1","retry","Missing result","",0
"SLC28A2","retry","Missing result","",0
"SLC28A3","retry","Missing result","",0
"SLC29A1","retry","Missing result","",0
"SLC29A2","retry","Missing result","",0
"SLC29A3","retry","Missing result","",0
"SLC29A4","retry","Missing result","",0
"SLC2A1","retry","Missing result","",0
"SLC2A10","retry","Missing result","",0
"SLC2A11","retry","Missing result","",0
"SLC2A12","retry","Missing result","",0
"SLC2A13","retry","Missing result","",0
"SLC2A14","retry","Missing result","",0
"SLC2A2","retry","Missing result","",0
"SLC2A3","retry","Missing result","",0
"SLC2A4","retry","Missing result","",0
"SLC2A4RG","retry","Missing result","",0
"SLC2A5","retry","Missing result","",0
"SLC2A6","retry","Missing result","",0
"SLC2A7","retry","Missing result","",0
"SLC2A8","retry","Missing result","",0
"SLC2A9","retry","Missing result","",0
"SLC30A1","retry","Missing result","",0
"SLC30A10","retry","Missing result","",0
"SLC30A2","retry","Missing result","",0
"SLC30A3","retry","Missing result","",0
"SLC30A4","retry","Missing result","",0
"SLC30A5","retry","Missing result","",0
"SLC30A6","retry","Missing result","",0
"SLC30A7","retry","Missing result","",0
"SLC30A8","retry","Missing result","",0
"SLC30A9","retry","Missing result","",0
"SLC31A1","retry","Missing result","",0
"SLC31A2","retry","Missing result","",0
"SLC32A1","retry","Missing result","",0
"SLC33A1","retry","Missing result","",0
"SLC34A1","retry","Missing result","",0
"SLC34A2","retry","Missing result","",0
"SLC34A3","retry","Missing result","",0
"SLC35A1","retry","Missing result","",0
"SLC35A2","retry","Missing result","",0
"SLC35A3","retry","Missing result","",0
"SLC35A4","retry","Missing result","",0
"SLC35A5","retry","Missing result","",0
"SLC35B1","retry","Missing result","",0
"SLC35B2","retry","Missing result","",0
"SLC35B3","retry","Missing result","",0
"SLC35B4","retry","Missing result","",0
"SLC35C1","retry","Missing result","",0
"SLC35C2","retry","Missing result","",0
"SLC35D1","retry","Missing result","",0
"SLC35D2","retry","Missing result","",0
"SLC35D3","retry","Missing result","",0
"SLC35E1","retry","Missing result","",0
"SLC35E2B","retry","Missing result","",0
"SLC35E3","retry","Missing result","",0
"SLC35E4","retry","Missing result","",0
"SLC35F1","retry","Missing result","",0
"SLC35F2","retry","Missing result","",0
"SLC35F3","retry","Missing result","",0
"SLC35F4","retry","Missing result","",0
"SLC35F5","retry","Missing result","",0
"SLC35F6","retry","Missing result","",0
"SLC35G1","retry","Missing result","",0
"SLC35G2","retry","Missing result","",0
"SLC35G3","valid","Validated converged fits","9070b50e48e3ce19cb60355c7c294c94",27
"SLC35G4","valid","Validated converged fits","087be24320e3470b0c89b429f09060df",26
"SLC35G5","valid","Validated converged fits","f09876efb3030c95d1befda538d9c629",27
"SLC35G6","valid","Validated converged fits","d6b4964da1ad2df9eb759181feb887c0",27
"SLC36A1","valid","Validated converged fits","2ed3e163f1332ead2076370e86f2c6cb",27
"SLC36A2","valid","Validated converged fits","74c66dcff76c8a40202f6c7c8309954d",27
"SLC36A3","valid","Validated converged fits","2ecfdd1f1020fd4ffb284effbce2b1ae",27
"SLC36A4","valid","Validated converged fits","0272fc6ed9e22c6db6f943e890df8eb5",27
"SLC37A1","valid","Validated converged fits","180563ef6d147d28ffa53f1feae58438",27
"SLC37A2","valid","Validated converged fits","18fc9d98bd8ac84867ef9ea727b714af",27
"SLC37A3","valid","Validated converged fits","c8134bd3fc57398433d28e2992a863e6",27
"SLC37A4","valid","Validated converged fits","3bb4b2c7e6e06823835de515fe62f1c6",27
"SLC38A1","valid","Validated converged fits","06d82ca3dfa37846ab5be8d7fb5739fe",27
"SLC38A10","valid","Validated converged fits","2ecf79f4811572a8f596be786bed70ff",27
"SLC38A11","valid","Validated converged fits","1cd2e407fd6d0230fb4870d2a359a63b",27
"SLC38A2","valid","Validated converged fits","1a4f47880db6b982bb9e9fb37e937b92",27
"SLC38A3","retry","Missing result","",0
"SLC38A4","retry","Missing result","",0
"SLC38A5","retry","Missing result","",0
"SLC38A6","retry","Missing result","",0
"SLC38A7","retry","Missing result","",0
"SLC38A8","retry","Missing result","",0
"SLC38A9","retry","Missing result","",0
"SLC39A1","retry","Missing result","",0
"SLC39A10","retry","Missing result","",0
"SLC39A11","retry","Missing result","",0
"SLC39A12","retry","Missing result","",0
"SLC39A13","retry","Missing result","",0
"SLC39A14","retry","Missing result","",0
"SLC39A2","retry","Missing result","",0
"SLC39A3","retry","Missing result","",0
"SLC39A4","retry","Missing result","",0
"SLC39A5","retry","Missing result","",0
"SLC39A6","retry","Missing result","",0
"SLC39A7","retry","Missing result","",0
"SLC39A8","retry","Missing result","",0
"SLC39A9","retry","Missing result","",0
"SLC3A1","retry","Missing result","",0
"SLC3A2","retry","Missing result","",0
"SLC40A1","retry","Missing result","",0
"SLC41A1","retry","Missing result","",0
"SLC41A2","retry","Missing result","",0
"SLC41A3","retry","Missing result","",0
"SLC43A1","retry","Missing result","",0
"SLC43A2","retry","Missing result","",0
"SLC43A3","retry","Missing result","",0
"SLC44A1","retry","Missing result","",0
"SLC44A2","retry","Missing result","",0
"SLC44A3","retry","Missing result","",0
"SLC44A4","retry","Missing result","",0
"SLC44A5","retry","Missing result","",0
"SLC45A1","retry","Missing result","",0
"SLC45A2","retry","Missing result","",0
"SLC45A3","retry","Missing result","",0
"SLC45A4","retry","Missing result","",0
"SLC46A1","retry","Missing result","",0
"SLC46A2","retry","Missing result","",0
"SLC46A3","retry","Missing result","",0
"SLC47A1","retry","Missing result","",0
"SLC47A2","retry","Missing result","",0
"SLC48A1","retry","Missing result","",0
"SLC4A1","retry","Missing result","",0
"SLC4A10","valid","Validated converged fits","68e6a88b6fe4ee388555882c71a973ee",27
"SLC4A11","valid","Validated converged fits","ca7473de6da53f66fbec00b3d3b46cf5",27
"SLC4A1AP","valid","Validated converged fits","4812868a537de034a0d2d513b065c426",27
"SLC4A2","valid","Validated converged fits","fa6da23c19714d8c2825bd4c93741f8b",27
"SLC4A3","valid","Validated converged fits","1483f1d192ef4e5ae875e7f0d8440484",27
"SLC4A4","valid","Validated converged fits","4ddc7222915436ef384d4625b9cba436",27
"SLC4A5","valid","Validated converged fits","e43a6d0e8ffc4ee2e0fe422559a74720",27
"SLC4A7","valid","Validated converged fits","4917ae9b8bf4abb32158e29376feb180",27
"SLC4A8","valid","Validated converged fits","de248aa733a6f4699a317368d815e524",27
"SLC4A9","valid","Validated converged fits","cb2a50f02df8100d227c870a81dd5ff7",27
"SLC50A1","valid","Validated converged fits","2605e7ee033596e91a4aef2f65d5a2fd",27
"SLC51A","valid","Validated converged fits","d87b69e2de283ed78b34e68a846cf0d0",27
"SLC51B","valid","Validated converged fits","d9ec624e9e9f5cd4c6b165a4487081f8",27
"SLC52A1","valid","Validated converged fits","4a734b5c8d5aadb6a90bde9ddcecf76a",27
"SLC52A2","valid","Validated converged fits","c8c2c26b3c8cc68e4507022d85073d32",27
"SLC52A3","valid","Validated converged fits","07b9278e22dc487c875bff2e8b204e67",27
"SLC5A1","valid","Validated converged fits","f2d4bd79421d29977d5b2c1440eae1a3",27
"SLC5A10","valid","Validated converged fits","6a126a687e2b1c578510cf8c1525d9d4",27
"SLC5A11","valid","Validated converged fits","3cbd085359cfe6e25c046edbb0a2c388",27
"SLC5A12","valid","Validated converged fits","fae11a8a8906ac00718c4be81155757b",27
"SLC5A2","retry","Missing result","",0
"SLC5A3","retry","Missing result","",0
"SLC5A4","retry","Missing result","",0
"SLC5A5","retry","Missing result","",0
"SLC5A6","retry","Missing result","",0
"SLC5A7","retry","Missing result","",0
"SLC5A8","retry","Missing result","",0
"SLC5A9","retry","Missing result","",0
"SLC6A1","retry","Missing result","",0
"SLC6A11","retry","Missing result","",0
"SLC6A12","retry","Missing result","",0
"SLC6A13","retry","Missing result","",0
"SLC6A14","retry","Missing result","",0
"SLC6A15","retry","Missing result","",0
"SLC6A16","retry","Missing result","",0
"SLC6A17","retry","Missing result","",0
"SLC6A18","retry","Missing result","",0
"SLC6A19","retry","Missing result","",0
"SLC6A2","retry","Missing result","",0
"SLC6A20","retry","Missing result","",0
"SLC6A3","retry","Missing result","",0
"SLC6A4","retry","Missing result","",0
"SLC6A5","retry","Missing result","",0
"SLC6A6","retry","Missing result","",0
"SLC6A7","retry","Missing result","",0
"SLC6A8","retry","Missing result","",0
"SLC6A9","retry","Missing result","",0
"SLC7A1","retry","Missing result","",0
"SLC7A10","retry","Missing result","",0
"SLC7A11","retry","Missing result","",0
"SLC7A13","retry","Missing result","",0
"SLC7A14","retry","Missing result","",0
"SLC7A2","retry","Missing result","",0
"SLC7A3","retry","Missing result","",0
"SLC7A4","retry","Missing result","",0
"SLC7A5","retry","Missing result","",0
"SLC7A6","retry","Missing result","",0
"SLC7A6OS","retry","Missing result","",0
"SLC7A7","retry","Missing result","",0
"SLC7A8","retry","Missing result","",0
"SLC7A9","retry","Missing result","",0
"SLC8A1","retry","Missing result","",0
"SLC8A2","valid","Validated converged fits","d992769f3e7f92e532c931cdd58d847d",27
"SLC8A3","valid","Validated converged fits","f2cffd359af5d602ffb46d8d4da88e5a",27
"SLC8B1","valid","Validated converged fits","95ae9188101ee107015124c903c2eb91",27
"SLC9A1","valid","Validated converged fits","5e1d052c29b847ac2a291743d20addd7",27
"SLC9A2","valid","Validated converged fits","cfc7e19b4a8b446789b9a95501c0313d",27
"SLC9A3","valid","Validated converged fits","107618e336467ee4683e4a07f4f9318e",27
"SLC9A3R1","valid","Validated converged fits","f3e047eb880e382068948de00633ba42",27
"SLC9A3R2","valid","Validated converged fits","1b5c6534e15a9b0590e934a66c66d01e",27
"SLC9A4","valid","Validated converged fits","1c480d19586f02a09f83b75f1ce5a63f",27
"SLC9A5","valid","Validated converged fits","914d0ae9108863a934666747bf28672a",27
"SLC9A6","retry","PLINK failed for SLC9A6 on chromosome X with exit status 7","b9d5c7cd026032b3cfdd031f1a1e9275",0
"SLC9A7","retry","PLINK failed for SLC9A7 on chromosome X with exit status 7","61b0b5a37ab8d5fe9b9893719c2e945a",0
"SLC9A8","valid","Validated converged fits","cb301680a56e923f915ef63e0be76f4c",27
"SLC9A9","valid","Validated converged fits","e1f5d4bdcf6530e850f592ebaf8606bb",27
"SLC9B1","valid","Validated converged fits","316cdabaef0ec1b876e9d745d3249b28",27
"SLC9B2","valid","Validated converged fits","d16b5f5363a44c77ae6039d29efcd930",27
"SLC9C1","valid","Validated converged fits","e6d7c075e8913e522b7db7c9df69ef23",27
"SLC9C2","valid","Validated converged fits","ae83550b2d63f20d2d3ec2ed76306753",27
"SLCO1A2","valid","Validated converged fits","866eae1b16584e3f8c261722e1989c77",27
"SLCO1B1","retry","Missing result","",0
"SLCO1B3","retry","Missing result","",0
"SLCO1C1","retry","Missing result","",0
"SLCO2A1","retry","Missing result","",0
"SLCO2B1","retry","Missing result","",0
"SLCO3A1","retry","Missing result","",0
"SLCO4A1","retry","Missing result","",0
"SLCO4C1","retry","Missing result","",0
"SLCO5A1","retry","Missing result","",0
"SLCO6A1","retry","Missing result","",0
"SLF1","retry","Missing result","",0
"SLF2","retry","Missing result","",0
"SLFN11","retry","Missing result","",0
"SLFN12","retry","Missing result","",0
"SLFN12L","retry","Missing result","",0
"SLFN13","retry","Missing result","",0
"SLFN14","retry","Missing result","",0
"SLFN5","retry","Missing result","",0
"SLFNL1","retry","Missing result","",0
"SLIRP","retry","Missing result","",0
"SLIT1","retry","Missing result","",0
"SLIT2","retry","Missing result","",0
"SLIT3","retry","Missing result","",0
"SLITRK1","retry","Missing result","",0
"SLITRK2","retry","Missing result","",0
"SLITRK3","retry","Missing result","",0
"SLITRK4","retry","Missing result","",0
"SLITRK5","retry","Missing result","",0
"SLITRK6","retry","Missing result","",0
"SLK","retry","Missing result","",0
"SLMAP","retry","Missing result","",0
"SLN","retry","Missing result","",0
"SLPI","retry","Missing result","",0
"SLTM","retry","Missing result","",0
"SLU7","retry","Missing result","",0
"SLURP1","retry","Missing result","",0
"SLX1A","retry","Missing result","",0
"SLX1B","retry","Missing result","",0
"SLX4","retry","Missing result","",0
"SLX4IP","retry","Missing result","",0
"SMAD1","retry","Missing result","",0
"SMAD2","retry","Missing result","",0
"SMAD3","retry","Missing result","",0
"SMAD4","valid","Validated converged fits","ad9c75c2b99130e4b6141e35ca00ecc5",27
"SMAD5","valid","Validated converged fits","995a7d5271ddce6c96719c9fef6030bf",27
"SMAD6","valid","Validated converged fits","cba88b9fde08d0aba1db4ad8f91c32b7",27
"SMAD7","valid","Validated converged fits","4f3cbe48df46636898b613edf37e5b92",27
"SMAD9","valid","Validated converged fits","055e4045119b17dadf022de76aeec521",27
"SMAGP","valid","Validated converged fits","0d0132668faf0cbf267ac3767a14db92",27
"SMAP1","valid","Validated converged fits","b4a8cfd2a6b74c33665770902fa57d96",27
"SMAP2","valid","Validated converged fits","59e1a8ef19308c2e1ce9c009bcb2fa68",27
"SMARCA1","retry","PLINK failed for SMARCA1 on chromosome X with exit status 7","63af5ae090057a39e16e710f7be12c95",0
"SMARCA2","valid","Validated converged fits","e68a65696ef8ff3591fbc786af7007d5",27
"SMARCA4","valid","Validated converged fits","ccc63a45ef9b43a75e0e65403cfeb6fa",27
"SMARCA5","valid","Validated converged fits","ea1dc1f1ba59426d4c768007cc50eb65",27
"SMARCAD1","valid","Validated converged fits","a85d4ed5f4b3e92689ceb61548deef1d",27
"SMARCAL1","valid","Validated converged fits","9bf993fe8247aa05dfec23dec7f8d364",27
"SMARCB1","valid","Validated converged fits","85531e367ff28e788b5fca017f61003f",27
"SMARCC1","valid","Validated converged fits","91ce34e6193b8b00ec339ac0d8736c67",27
"SMARCC2","valid","Validated converged fits","5e9fc30ffcccb5e940f82bd6e6eb0dd3",27
"SMARCD1","valid","Validated converged fits","7842a9e25bd778a4f0b3b9474af4a0f3",27
"SMARCD2","retry","Missing result","",0
"SMARCD3","retry","Missing result","",0
"SMARCE1","retry","Missing result","",0
"SMC1A","retry","Missing result","",0
"SMC1B","retry","Missing result","",0
"SMC2","retry","Missing result","",0
"SMC3","retry","Missing result","",0
"SMC4","retry","Missing result","",0
"SMC5","retry","Missing result","",0
"SMC6","retry","Missing result","",0
"SMCHD1","retry","Missing result","",0
"SMCO1","retry","Missing result","",0
"SMCO2","retry","Missing result","",0
"SMCO3","retry","Missing result","",0
"SMCO4","retry","Missing result","",0
"SMCP","retry","Missing result","",0
"SMCR8","retry","Missing result","",0
"SMDT1","retry","Missing result","",0
"SMG1","retry","Missing result","",0
"SMG5","retry","Missing result","",0
"SMG6","retry","Missing result","",0
"SMG7","retry","Missing result","",0
"SMG8","retry","Missing result","",0
"SMG9","retry","Missing result","",0
"SMIM1","retry","Missing result","",0
"SMIM10","retry","Missing result","",0
"SMIM10L1","retry","Missing result","",0
"SMIM10L2A","retry","Missing result","",0
"SMIM10L2B","retry","Missing result","",0
"SMIM11A","retry","Missing result","",0
"SMIM11B","retry","Missing result","",0
"SMIM12","retry","Missing result","",0
"SMIM13","retry","Missing result","",0
"SMIM14","retry","Missing result","",0
"SMIM15","retry","Missing result","",0
"SMIM17","retry","Missing result","",0
"SMIM18","retry","Missing result","",0
"SMIM19","retry","Missing result","",0
"SMIM2","retry","Missing result","",0
"SMIM20","retry","Missing result","",0
"SMIM21","retry","Missing result","",0
"SMIM22","retry","Missing result","",0
"SMIM23","retry","Missing result","",0
"SMIM24","retry","Missing result","",0
"SMIM3","valid","Validated converged fits","2add16341a99275886bcacefe13fb087",27
"SMIM4","valid","Validated converged fits","d374e0e0725c3dc841df3ca0a7839f26",27
"SMIM5","valid","Validated converged fits","10417b430be1ac6d65f8b696b0782b03",27
"SMIM6","valid","Validated converged fits","6e375bb4bf07cbf146e3aa2669a84190",27
"SMIM7","valid","Validated converged fits","d0923bff20526aef48f8c1e58d125ddb",27
"SMIM8","valid","Validated converged fits","2755a2d7969b28798bb1e0864793b048",27
"SMIM9","retry","PLINK failed for SMIM9 on chromosome X with exit status 7","41be9aeb897fe170ab9bfabcb2148dc7",0
"SMKR1","valid","Validated converged fits","e38937d2aed5cd52257cab8f5b07d929",27
"SMLR1","valid","Validated converged fits","1c06a3a984de67ebe392a6455903980c",27
"SMN1","valid","Validated converged fits","e6779350ab8d16842f68d6ebe8e93c09",27
"SMN2","valid","Validated converged fits","d9cefdbd8ead544912904bd8a4c08a20",27
"SMNDC1","valid","Validated converged fits","c27841a170b1361767eaccd81fa2cfb6",27
"SMO","valid","Validated converged fits","d6a0369f0ab455dd708e2d93c31ac5ff",27
"SMOC1","valid","Validated converged fits","c4d4b9018f64646630ee5953c32e4535",27
"SMOC2","valid","Validated converged fits","2e880593b753547b8088a7074526af85",27
"SMOX","valid","Validated converged fits","b186683198c994725b7bb3ed45035332",27
"SMPD1","valid","Validated converged fits","f54685f665927faded2e145527d6f72a",27
"SMPD2","valid","Validated converged fits","09cac3db0021be6f41594077ea7e9d17",27
"SMPD3","retry","Missing result","",0
"SMPD4","retry","Missing result","",0
"SMPDL3A","retry","Missing result","",0
"SMPDL3B","retry","Missing result","",0
"SMPX","retry","Missing result","",0
"SMR3A","retry","Missing result","",0
"SMR3B","retry","Missing result","",0
"SMS","retry","Missing result","",0
"SMTN","retry","Missing result","",0
"SMTNL1","retry","Missing result","",0
"SMTNL2","retry","Missing result","",0
"SMU1","retry","Missing result","",0
"SMUG1","retry","Missing result","",0
"SMURF1","retry","Missing result","",0
"SMURF2","retry","Missing result","",0
"SMYD1","retry","Missing result","",0
"SMYD2","retry","Missing result","",0
"SMYD3","retry","Missing result","",0
"SMYD4","retry","Missing result","",0
"SMYD5","retry","Missing result","",0
"SNAI1","retry","Missing result","",0
"SNAI2","retry","Missing result","",0
"SNAI3","retry","Missing result","",0
"SNAP23","retry","Missing result","",0
"SNAP25","retry","Missing result","",0
"SNAP29","retry","Missing result","",0
"SNAP47","retry","Missing result","",0
"SNAP91","retry","Missing result","",0
"SNAPC1","retry","Missing result","",0
"SNAPC2","retry","Missing result","",0
"SNAPC3","retry","Missing result","",0
"SNAPC4","retry","Missing result","",0
"SNAPC5","retry","Missing result","",0
"SNAPIN","retry","Missing result","",0
"SNCA","retry","Missing result","",0
"SNCAIP","retry","Missing result","",0
"SNCB","retry","Missing result","",0
"SNCG","retry","Missing result","",0
"SND1","retry","Missing result","",0
"SNED1","retry","Missing result","",0
"SNF8","retry","Missing result","",0
"SNIP1","retry","Missing result","",0
"SNN","retry","Missing result","",0
"SNPH","retry","Missing result","",0
"SNRK","valid","Validated converged fits","7daa57a387cede957728e0d56c4f61ad",27
"SNRNP200","valid","Validated converged fits","3c29bd16ac0745e9910b670e53f6dffb",27
"SNRNP25","valid","Validated converged fits","360147f675963e80b4f7d3d03a46e0e0",27
"SNRNP27","valid","Validated converged fits","06eff23827ef959936411f8cb19424e3",27
"SNRNP35","valid","Validated converged fits","41146ce05071cd10e431c9ff40f75a3f",27
"SNRNP40","valid","Validated converged fits","afa85349120d2d99ec0adf1063bfdf2f",27
"SNRNP48","valid","Validated converged fits","b285f50c2d9e959400532d0f6898fee4",27
"SNRNP70","valid","Validated converged fits","ca5a398803c853766f09cbea91141c87",27
"SNRPA","valid","Validated converged fits","34c81c1b6901fae7ba0c8308b186dd8c",27
"SNRPA1","valid","Validated converged fits","1c5d0083523bc6f9f5e12fec788e814a",27
"SNRPB","valid","Validated converged fits","37b19de0ff4339f4324e255ecdf86861",27
"SNRPB2","valid","Validated converged fits","df192118f4feb06e6ec2d009683c3c1b",27
"SNRPC","valid","Validated converged fits","efa23c8a9e32afd65ac2256badc1e855",27
"SNRPD1","valid","Validated converged fits","27508f45f703cbbbc3cec7d6c702211b",27
"SNRPD2","valid","Validated converged fits","b3d5afefa68dfed4c75fa25f1dd3e1a2",27
"SNRPD3","valid","Validated converged fits","79a27900df683b506956593cc452615c",27
"SNRPE","valid","Validated converged fits","6fc315c27c52ad69b2377d4cebc9304a",27
"SNRPF","retry","Missing result","",0
"SNRPG","retry","Missing result","",0
"SNRPN","retry","Missing result","",0
"SNTA1","retry","Missing result","",0
"SNTB1","retry","Missing result","",0
"SNTB2","retry","Missing result","",0
"SNTG1","retry","Missing result","",0
"SNTG2","retry","Missing result","",0
"SNTN","retry","Missing result","",0
"SNU13","retry","Missing result","",0
"SNUPN","retry","Missing result","",0
"SNURF","retry","Missing result","",0
"SNW1","retry","Missing result","",0
"SNX1","retry","Missing result","",0
"SNX10","retry","Missing result","",0
"SNX11","retry","Missing result","",0
"SNX12","retry","Missing result","",0
"SNX13","retry","Missing result","",0
"SNX14","retry","Missing result","",0
"SNX15","retry","Missing result","",0
"SNX16","retry","Missing result","",0
"SNX17","retry","Missing result","",0
"SNX18","retry","Missing result","",0
"SNX19","retry","Missing result","",0
"SNX2","retry","Missing result","",0
"SNX20","retry","Missing result","",0
"SNX21","retry","Missing result","",0
"SNX22","retry","Missing result","",0
"SNX24","retry","Missing result","",0
"SNX25","retry","Missing result","",0
"SNX27","retry","Missing result","",0
"SNX29","retry","Missing result","",0
"SNX3","retry","Missing result","",0
"SNX30","retry","Missing result","",0
"SNX31","retry","Missing result","",0
"SNX32","retry","Missing result","",0
"SNX33","retry","Missing result","",0
"SNX4","retry","Missing result","",0
"SNX5","retry","Missing result","",0
"SNX6","retry","Missing result","",0
"SNX7","retry","Missing result","",0
"SNX8","retry","Missing result","",0
"SNX9","retry","Missing result","",0
"SOAT1","retry","Missing result","",0
"SOAT2","retry","Missing result","",0
"SOBP","valid","Validated converged fits","160f35f0ddaba65b8b4a0d22cddc3bb0",27
"SOCS1","valid","Validated converged fits","2f394d845291e372cc9b67b7c4b294c7",27
"SOCS2","valid","Validated converged fits","63cd060bc57c263a51ad0cfef72be291",27
"SOCS3","valid","Validated converged fits","88463293f0f2a6c1c871f35c141d4794",27
"SOCS4","valid","Validated converged fits","0f78e459836017a29802e41d68ac58a8",27
"SOCS5","valid","Validated converged fits","1842bd1d18cf467c10c96a9b63752591",27
"SOCS6","valid","Validated converged fits","66468f927e26010e74f8f389280c9b74",27
"SOCS7","valid","Validated converged fits","ed4bacb32bbdc51b4f3d6b0c20d120eb",27
"SOD1","valid","Validated converged fits","fa4c01a5e5e7cfb7d71a00664a4f50f4",27
"SOD2","valid","Validated converged fits","23b0d4510179ab2c5cac22037ccae2d1",27
"SOD3","valid","Validated converged fits","e5d220a5c5138dc794aff61cf26148ec",27
"SOGA1","valid","Validated converged fits","2c06b4a041252587699ed267a2fa455e",27
"SOGA3","valid","Validated converged fits","245f606d1d241dedf7a7a1305b93429f",27
"SOHLH1","valid","Validated converged fits","791d38670b2021301067ea0ef61d4e12",27
"SOHLH2","valid","Validated converged fits","20ef9287cdfa7bf4cbccdce1c21837da",27
"SON","valid","Validated converged fits","2f077a5cddba3b6667bad461f97fb68b",27
"SORBS1","retry","Missing result","",0
"SORBS2","retry","Missing result","",0
"SORBS3","retry","Missing result","",0
"SORCS1","retry","Missing result","",0
"SORCS2","retry","Missing result","",0
"SORCS3","retry","Missing result","",0
"SORD","retry","Missing result","",0
"SORL1","retry","Missing result","",0
"SORT1","retry","Missing result","",0
"SOS1","retry","Missing result","",0
"SOS2","retry","Missing result","",0
"SOST","retry","Missing result","",0
"SOSTDC1","retry","Missing result","",0
"SOWAHA","retry","Missing result","",0
"SOWAHB","retry","Missing result","",0
"SOWAHC","retry","Missing result","",0
"SOWAHD","retry","Missing result","",0
"SOX1","retry","Missing result","",0
"SOX11","retry","Missing result","",0
"SOX12","retry","Missing result","",0
"SOX13","retry","Missing result","",0
"SOX14","retry","Missing result","",0
"SOX15","retry","Missing result","",0
"SOX17","retry","Missing result","",0
"SOX18","retry","Missing result","",0
"SOX2","retry","Missing result","",0
"SOX21","retry","Missing result","",0
"SOX3","retry","Missing result","",0
"SOX30","retry","Missing result","",0
"SOX4","retry","Missing result","",0
"SOX5","retry","Missing result","",0
"SOX6","retry","Missing result","",0
"SOX7","retry","Missing result","",0
"SOX8","retry","Missing result","",0
"SOX9","retry","Missing result","",0
"SP1","retry","Missing result","",0
"SP100","retry","Missing result","",0
"SP110","retry","Missing result","",0
"SP140","retry","Missing result","",0
"SP140L","retry","Missing result","",0
"SP2","retry","Missing result","",0
"SP3","retry","Missing result","",0
"SP4","retry","Missing result","",0
"SP5","retry","Missing result","",0
"SP6","retry","Missing result","",0
"SP7","retry","Missing result","",0
"SP8","valid","Validated converged fits","083b6612801faeaab34db38a99e11cc3",27
"SP9","valid","Validated converged fits","0c06dd3444c146b924b10740b9fae9f8",27
"SPA17","valid","Validated converged fits","98472aa171f20613dfba825220243c6b",27
"SPAAR","valid","Validated converged fits","eb099c73f72efd39e0c844b6b5acb6fd",27
"SPACA1","valid","Validated converged fits","34e1a7f2e44ac519f945bf79b6d41593",27
"SPACA3","valid","Validated converged fits","79158c39dfee72dad4d341cc595f7249",27
"SPACA4","valid","Validated converged fits","33b9f53ca47a1b820bb2a0d56ed11e6b",27
"SPACA5","retry","PLINK failed for SPACA5 on chromosome X with exit status 7","a198b60ace4723a434b97f89d66ff8b3",0
"SPACA5B","retry","PLINK failed for SPACA5B on chromosome X with exit status 7","c9d6134a231c298f930634ff2aaf0ca4",0
"SPACA6","valid","Validated converged fits","866c2bacd8bb27841e659d75c7c56cd7",27
"SPACA7","valid","Validated converged fits","6c7aa6459143bc69d6b9b4df75185a2f",27
"SPACA9","valid","Validated converged fits","61d268864ef687cf10ef6c8eecf776fc",27
"SPAG1","valid","Validated converged fits","6e99638859f592707f54e10d1dd2c225",27
"SPAG11A","valid","Validated converged fits","bbc999983c8f84bf3ac930c8de5cc93a",26
"SPAG11B","valid","Validated converged fits","2587829ddd994c07222078bd61e8e30c",27
"SPAG16","valid","Validated converged fits","9d1445d52973f2a63deb338b302ff1dd",27
"SPAG17","valid","Validated converged fits","9c059603ee588c3bb88195f1ec091402",27
"SPAG4","valid","Validated converged fits","1dc2fa1706f23bf094972888690fed08",27
"SPAG5","valid","Validated converged fits","9e53967eb8daddd7a76e62cb7b1e7642",27
"SPAG6","retry","Missing result","",0
"SPAG7","retry","Missing result","",0
"SPAG8","retry","Missing result","",0
"SPAG9","retry","Missing result","",0
"SPAM1","retry","Missing result","",0
"SPANXA1","retry","Missing result","",0
"SPANXA2","retry","Missing result","",0
"SPANXB1","retry","Missing result","",0
"SPANXC","retry","Missing result","",0
"SPANXD","retry","Missing result","",0
"SPANXN1","retry","Missing result","",0
"SPANXN2","retry","Missing result","",0
"SPANXN3","retry","Missing result","",0
"SPANXN4","retry","Missing result","",0
"SPANXN5","retry","Missing result","",0
"SPARC","retry","Missing result","",0
"SPARCL1","retry","Missing result","",0
"SPAST","retry","Missing result","",0
"SPATA1","retry","Missing result","",0
"SPATA12","retry","Missing result","",0
"SPATA13","retry","Missing result","",0
"SPATA16","retry","Missing result","",0
"SPATA17","retry","Missing result","",0
"SPATA18","retry","Missing result","",0
"SPATA19","retry","Missing result","",0
"SPATA2","retry","Missing result","",0
"SPATA20","retry","Missing result","",0
"SPATA21","retry","Missing result","",0
"SPATA22","retry","Missing result","",0
"SPATA24","retry","Missing result","",0
"SPATA25","retry","Missing result","",0
"SPATA2L","retry","Missing result","",0
"SPATA3","retry","Missing result","",0
"SPATA31A1","retry","Missing result","",0
"SPATA31A3","retry","Missing result","",0
"SPATA31A5","retry","Missing result","",0
"SPATA31A6","retry","Missing result","",0
"SPATA31A7","retry","Missing result","",0
"SPATA31D1","retry","Missing result","",0
"SPATA31D3","retry","Missing result","",0
"SPATA31D4","retry","Missing result","",0
"SPATA31E1","retry","Missing result","",0
"SPATA32","retry","Missing result","",0
"SPATA33","valid","Validated converged fits","73b24afaf566faf31677e6a4da4d5db6",27
"SPATA4","valid","Validated converged fits","ee2c8cf1e72ca7d81916157413e37d43",27
"SPATA45","valid","Validated converged fits","fac443743cda1f0827bdb2de41ad3f59",27
"SPATA46","valid","Validated converged fits","c3b82d958aa5829a01368cbc1c86b7bd",27
"SPATA5","valid","Validated converged fits","40a17ace0bb6c8c51771e55b080b4586",27
"SPATA5L1","valid","Validated converged fits","739e95416f3a30105e8149182d71b22c",27
"SPATA6","valid","Validated converged fits","63380e548eeffd8b221bd123ed24445d",27
"SPATA6L","valid","Validated converged fits","978edde912dd3d101297fcaaad66ff18",27
"SPATA7","valid","Validated converged fits","f72aa2c780b9eb9783713fe63362f389",27
"SPATA9","valid","Validated converged fits","0dd69ca86a1b8c31ae7e42a937d17d49",27
"SPATC1","valid","Validated converged fits","ada2aa2df8eef72272474c9e6f389b2a",27
"SPATC1L","valid","Validated converged fits","88b2f72a7c374030a51a7a24bd2d5ee3",27
"SPATS1","valid","Validated converged fits","191ce606500efba84136be6748db1318",27
"SPATS2","valid","Validated converged fits","af7ae599058bd62b9a44ce261af7542d",27
"SPATS2L","valid","Validated converged fits","2b064ea15d777db57223c8b91b89ff5d",27
"SPC24","valid","Validated converged fits","658a8da8620d792bcce8fad2c985498c",27
"SPC25","valid","Validated converged fits","b1eb6c5072117f559cd83fdb51d913ac",27
"SPCS1","retry","Missing result","",0
"SPCS2","retry","Missing result","",0
"SPCS3","retry","Missing result","",0
"SPDEF","retry","Missing result","",0
"SPDL1","retry","Missing result","",0
"SPDYA","retry","Missing result","",0
"SPDYC","retry","Missing result","",0
"SPDYE1","retry","Missing result","",0
"SPDYE11","retry","Missing result","",0
"SPDYE16","retry","Missing result","",0
"SPDYE17","retry","Missing result","",0
"SPDYE2","retry","Missing result","",0
"SPDYE2B","retry","Missing result","",0
"SPDYE3","retry","Missing result","",0
"SPDYE4","retry","Missing result","",0
"SPDYE5","retry","Missing result","",0
"SPDYE6","retry","Missing result","",0
"SPECC1","retry","Missing result","",0
"SPECC1L","retry","Missing result","",0
"SPEF1","retry","Missing result","",0
"SPEF2","retry","Missing result","",0
"SPEG","retry","Missing result","",0
"SPEM1","retry","Missing result","",0
"SPEN","retry","Missing result","",0
"SPESP1","retry","Missing result","",0
"SPG11","retry","Missing result","",0
"SPG21","retry","Missing result","",0
"SPG7","retry","Missing result","",0
"SPHK1","retry","Missing result","",0
"SPHK2","retry","Missing result","",0
"SPHKAP","retry","Missing result","",0
"SPI1","retry","Missing result","",0
"SPIB","retry","Missing result","",0
"SPIC","retry","Missing result","",0
"SPICE1","retry","Missing result","",0
"SPIDR","retry","Missing result","",0
"SPIN1","retry","Missing result","",0
"SPIN2A","retry","Missing result","",0
"SPIN2B","retry","Missing result","",0
"SPIN3","retry","Missing result","",0
"SPIN4","retry","Missing result","",0
"SPINK1","retry","Missing result","",0
"SPINK13","retry","Missing result","",0
"SPINK14","retry","Missing result","",0
"SPINK2","retry","Missing result","",0
"SPINK4","valid","Validated converged fits","909ec1fc8797aad8085c407a3d0032b0",27
"SPINK5","valid","Validated converged fits","672c13d400613c93a4c43659d5aac818",27
"SPINK6","valid","Validated converged fits","da23b15b6dab5d85a6dc6904071d4216",27
"SPINK7","valid","Validated converged fits","94ee1268728943add60ae64b7fe150c8",27
"SPINK8","valid","Validated converged fits","19cea11b3aa34571e93904cb7f6af023",27
"SPINK9","valid","Validated converged fits","aa1079929193652fa3efe239ff5cd1b7",27
"SPINT1","valid","Validated converged fits","451cfec1d5d2f1c3481bb19b112105b2",27
"SPINT2","valid","Validated converged fits","5731c2f7d8e102becc921fc39e0876c1",27
"SPINT3","valid","Validated converged fits","4d3cd584b4a09859dbabc8c1c37a8d8d",27
"SPINT4","valid","Validated converged fits","949c83f95ca798bdb354482283e26914",27
"SPIRE1","valid","Validated converged fits","1c23f9981cb6da31ac323e2dcd91a670",27
"SPIRE2","valid","Validated converged fits","8ef7bc18d09489ff19f44b32196cae7f",27
"SPN","valid","Validated converged fits","28502aea955b5d9c10e92e93e124fb97",27
"SPNS1","valid","Validated converged fits","41e9790d754765ab86a4e07c78057808",27
"SPNS2","valid","Validated converged fits","25b245ed70fe850d424832c5f45b2d8e",27
"SPNS3","valid","Validated converged fits","82cec55f7dece25de9c6f11babd13293",27
"SPO11","valid","Validated converged fits","3d3efa8b2b40c42a5351b519d2fa7bd0",27
"SPOCD1","valid","Validated converged fits","71745f65057c1b1312b54d78e3f1fab6",27
"SPOCK1","valid","Validated converged fits","7698819b8e59dd32d4b80f1e16904039",27
"SPOCK2","retry","Missing result","",0
"SPOCK3","retry","Missing result","",0
"SPON1","retry","Missing result","",0
"SPON2","retry","Missing result","",0
"SPOP","retry","Missing result","",0
"SPOPL","retry","Missing result","",0
"SPOUT1","retry","Missing result","",0
"SPP1","retry","Missing result","",0
"SPP2","retry","Missing result","",0
"SPPL2A","retry","Missing result","",0
"SPPL2B","retry","Missing result","",0
"SPPL2C","retry","Missing result","",0
"SPPL3","retry","Missing result","",0
"SPR","retry","Missing result","",0
"SPRED1","retry","Missing result","",0
"SPRED2","retry","Missing result","",0
"SPRED3","retry","Missing result","",0
"SPRN","retry","Missing result","",0
"SPRR1A","retry","Missing result","",0
"SPRR1B","retry","Missing result","",0
"SPRR2A","retry","Missing result","",0
"SPRR2B","retry","Missing result","",0
"SPRR2D","retry","Missing result","",0
"SPRR2E","retry","Missing result","",0
"SPRR2F","retry","Missing result","",0
"SPRR2G","retry","Missing result","",0
"SPRR3","retry","Missing result","",0
"SPRR4","retry","Missing result","",0
"SPRTN","retry","Missing result","",0
"SPRY1","retry","Missing result","",0
"SPRY2","retry","Missing result","",0
"SPRY3","retry","Missing result","",0
"SPRY4","retry","Missing result","",0
"SPRYD3","retry","Missing result","",0
"SPRYD4","retry","Missing result","",0
"SPRYD7","retry","Missing result","",0
"SPSB1","retry","Missing result","",0
"SPSB2","retry","Missing result","",0
"SPSB3","retry","Missing result","",0
"SPSB4","retry","Missing result","",0
"SPTA1","retry","Missing result","",0
"SPTAN1","retry","Missing result","",0
"SPTB","retry","Missing result","",0
"SPTBN1","valid","Validated converged fits","3f830f61fdbf2699f2561615ff8e94bf",27
"SPTBN2","valid","Validated converged fits","6be47a35b13dac4d15672f609651c341",27
"SPTBN4","valid","Validated converged fits","537811d2d0ff5586515333b5a2c17043",27
"SPTBN5","valid","Validated converged fits","54c0ade29fe385a71b0902b747d44e88",27
"SPTLC1","valid","Validated converged fits","c6a95e642d4054277245b2ff4df7fe3c",27
"SPTLC2","valid","Validated converged fits","0405439bba66cd5086c3f58ced76f587",27
"SPTLC3","valid","Validated converged fits","f50e89eb3ad1399ab74277b07f288e81",27
"SPTSSA","valid","Validated converged fits","0b77b0ecccc17bd5eaa6f04bfbf95745",27
"SPTSSB","valid","Validated converged fits","df6fde02bc41b29cd5baa116e3eca025",27
"SPTY2D1","valid","Validated converged fits","ce91d3d27526b4c372887debbac27cad",27
"SPX","valid","Validated converged fits","3dea74d6414bf55b02bfae125b33f315",27
"SPZ1","valid","Validated converged fits","66ab3cba7425d5002eb1238427f11f22",27
"SQLE","valid","Validated converged fits","ca241e105e60893c90a415a534d7f150",27
"SQSTM1","valid","Validated converged fits","3b254032d841be9d633223be4f504a9c",27
"SRA1","valid","Validated converged fits","63ffdb2669c6a2dc9840bcb6b3d7dda7",27
"SRBD1","valid","Validated converged fits","0319ae5d2ad5f95f5d4103f519edd950",27
"SRC","valid","Validated converged fits","eec2d30619ea1f209a326b4f428ca9a1",27
"SRCAP","valid","Validated converged fits","ca9be522e39280739cfe5e84e967daed",27
"SRCIN1","valid","Validated converged fits","ca217c53a60b050e260540319dae0218",27
"SRD5A1","retry","Missing result","",0
"SRD5A2","retry","Missing result","",0
"SRD5A3","retry","Missing result","",0
"SREBF1","retry","Missing result","",0
"SREBF2","retry","Missing result","",0
"SREK1","retry","Missing result","",0
"SREK1IP1","retry","Missing result","",0
"SRF","retry","Missing result","",0
"SRFBP1","retry","Missing result","",0
"SRGAP1","retry","Missing result","",0
"SRGAP2","retry","Missing result","",0
"SRGAP2B","retry","Missing result","",0
"SRGAP2C","retry","Missing result","",0
"SRGAP3","retry","Missing result","",0
"SRGN","retry","Missing result","",0
"SRI","retry","Missing result","",0
"SRL","retry","Missing result","",0
"SRM","retry","Missing result","",0
"SRMS","retry","Missing result","",0
"SRP14","retry","Missing result","",0
"SRP19","retry","Missing result","",0
"SRP54","retry","Missing result","",0
"SRP68","retry","Missing result","",0
"SRP72","retry","Missing result","",0
"SRP9","retry","Missing result","",0
"SRPK1","retry","Missing result","",0
"SRPK2","retry","Missing result","",0
"SRPK3","retry","Missing result","",0
"SRPRA","retry","Missing result","",0
"SRPRB","retry","Missing result","",0
"SRPX","retry","Missing result","",0
"SRPX2","retry","Missing result","",0
"SRR","retry","Missing result","",0
"SRRD","retry","Missing result","",0
"SRRM1","retry","Missing result","",0
"SRRM2","retry","Missing result","",0
"SRRM3","retry","Missing result","",0
"SRRM4","retry","Missing result","",0
"SRRM5","retry","Missing result","",0
"SRRT","retry","Missing result","",0
"SRSF1","retry","Missing result","",0
"SRSF10","retry","Missing result","",0
"SRSF11","retry","Missing result","",0
"SRSF12","valid","Validated converged fits","77f7064dfa8bb450fcea8cfeb0920b3c",27
"SRSF2","valid","Validated converged fits","88a9f3bce62d8341197c8070ab89f9e4",27
"SRSF3","valid","Validated converged fits","ae1674c23a06a45b7488c5bd69167f07",27
"SRSF4","valid","Validated converged fits","5d68c818cec0446f4d84c34aba129610",27
"SRSF5","valid","Validated converged fits","00a5586bc46622128f2b9fa3210bd992",27
"SRSF6","valid","Validated converged fits","34a94bad8466df5aafdc71a6f3457d20",27
"SRSF7","valid","Validated converged fits","4521c62a0c76022d0be0fa4b13e552e5",27
"SRSF8","valid","Validated converged fits","4c18d17db0d25e611450e35aca617451",27
"SRSF9","valid","Validated converged fits","6da68a142660769930a278941c43ffe0",27
"SRXN1","valid","Validated converged fits","5aea7f24d7a4f1f3f6e4ba609d0ee9c6",27
"SRY","retry","PLINK failed for SRY on chromosome Y with exit status 7","0bca49f08bc5c39bd84cd58c9f2c817e",0
"SS18","valid","Validated converged fits","b8f9addb2ecd87b3202f35ab0273dba8",27
"SS18L1","valid","Validated converged fits","9100c4c447f1e06b5b2304138f24e25a",27
"SS18L2","valid","Validated converged fits","7520fe4e239ce230a212fd86061c3993",27
"SSB","valid","Validated converged fits","74e02c42cd4d7beea1f3ea66553a1265",27
"SSBP1","valid","Validated converged fits","cc7edb0e8c20d0a04a608a2d0aec50eb",27
"SSBP2","valid","Validated converged fits","875fcf44cdaa025345da66b802c9d84e",27
"SSBP3","valid","Validated converged fits","b1a0ab17df15ae4de33d04644591c626",27
"SSBP4","retry","Missing result","",0
"SSC4D","retry","Missing result","",0
"SSC5D","retry","Missing result","",0
"SSH1","retry","Missing result","",0
"SSH2","retry","Missing result","",0
"SSH3","retry","Missing result","",0
"SSMEM1","retry","Missing result","",0
"SSNA1","retry","Missing result","",0
"SSPN","retry","Missing result","",0
"SSR1","retry","Missing result","",0
"SSR2","retry","Missing result","",0
"SSR3","retry","Missing result","",0
"SSR4","retry","Missing result","",0
"SSRP1","retry","Missing result","",0
"SST","retry","Missing result","",0
"SSTR1","retry","Missing result","",0
"SSTR2","retry","Missing result","",0
"SSTR3","retry","Missing result","",0
"SSTR4","retry","Missing result","",0
"SSTR5","retry","Missing result","",0
"SSU72","retry","Missing result","",0
"SSU72P2","retry","Missing result","",0
"SSU72P3","retry","Missing result","",0
"SSU72P4","retry","Missing result","",0
"SSU72P5","retry","Missing result","",0
"SSU72P7","retry","Missing result","",0
"SSU72P8","retry","Missing result","",0
"SSUH2","retry","Missing result","",0
"SSX1","retry","Missing result","",0
"SSX2","retry","Missing result","",0
"SSX2B","retry","Missing result","",0
"SSX2IP","retry","Missing result","",0
"SSX3","retry","Missing result","",0
"SSX4","retry","Missing result","",0
"SSX4B","retry","Missing result","",0
"SSX5","retry","Missing result","",0
"SSX7","retry","Missing result","",0
"ST13","retry","Missing result","",0
"ST14","retry","Missing result","",0
"ST18","retry","Missing result","",0
"ST20","retry","Missing result","",0
"ST3GAL1","retry","Missing result","",0
"ST3GAL2","retry","Missing result","",0
"ST3GAL3","retry","Missing result","",0
"ST3GAL4","valid","Validated converged fits","4f9fb0daad672513aa2168f39b241e41",27
"ST3GAL5","retry","Missing result","",0
"ST3GAL6","retry","Missing result","",0
"ST6GAL1","retry","Missing result","",0
"ST6GAL2","retry","Missing result","",0
"ST6GALNAC1","retry","Missing result","",0
"ST6GALNAC2","retry","Missing result","",0
"ST6GALNAC3","retry","Missing result","",0
"ST6GALNAC4","retry","Missing result","",0
"ST6GALNAC5","retry","Missing result","",0
"ST6GALNAC6","retry","Missing result","",0
"ST7","retry","Missing result","",0
"ST7L","retry","Missing result","",0
"ST8SIA1","retry","Missing result","",0
"ST8SIA2","retry","Missing result","",0
"ST8SIA3","retry","Missing result","",0
"ST8SIA4","retry","Missing result","",0
"ST8SIA5","retry","Missing result","",0
"ST8SIA6","retry","Missing result","",0
"STAB1","retry","Missing result","",0
"STAB2","retry","Missing result","",0
"STAC","retry","Missing result","",0
"STAC2","retry","Missing result","",0
"STAC3","retry","Missing result","",0
"STAG1","retry","Missing result","",0
"STAG2","retry","Missing result","",0
"STAG3","retry","Missing result","",0
"STAM","retry","Missing result","",0
"STAM2","retry","Missing result","",0
"STAMBP","retry","Missing result","",0
"STAMBPL1","retry","Missing result","",0
"STAP1","retry","Missing result","",0
"STAP2","retry","Missing result","",0
"STAR","retry","Missing result","",0
"STARD10","retry","Missing result","",0
"STARD13","retry","Missing result","",0
"STARD3","retry","Missing result","",0
"STARD3NL","retry","Missing result","",0
"STARD4","retry","Missing result","",0
"STARD5","retry","Missing result","",0
"STARD6","retry","Missing result","",0
"STARD7","retry","Missing result","",0
"STARD8","retry","Missing result","",0
"STARD9","retry","Missing result","",0
"STAT1","retry","Missing result","",0
"STAT2","retry","Missing result","",0
"STAT3","retry","Missing result","",0
"STAT4","retry","Missing result","",0
"STAT5A","retry","Missing result","",0
"STAT5B","retry","Missing result","",0
"STAT6","retry","Missing result","",0
"STATH","retry","Missing result","",0
"STAU1","retry","Missing result","",0
"STAU2","retry","Missing result","",0
"STBD1","retry","Missing result","",0
"STC1","retry","Missing result","",0
"STC2","retry","Missing result","",0
"STEAP1","retry","Missing result","",0
"STEAP1B","retry","Missing result","",0
"STEAP2","retry","Missing result","",0
"STEAP3","retry","Missing result","",0
"STEAP4","retry","Missing result","",0
"STH","retry","Missing result","",0
"STIL","retry","Missing result","",0
"STIM1","retry","Missing result","",0
"STIM2","retry","Missing result","",0
"STIP1","retry","Missing result","",0
"STK10","retry","Missing result","",0
"STK11","retry","Missing result","",0
"STK11IP","retry","Missing result","",0
"STK16","retry","Missing result","",0
"STK17A","retry","Missing result","",0
"STK17B","retry","Missing result","",0
"STK19","retry","Missing result","",0
"STK24","retry","Missing result","",0
"STK25","retry","Missing result","",0
"STK26","retry","Missing result","",0
"STK3","retry","Missing result","",0
"STK31","retry","Missing result","",0
"STK32A","retry","Missing result","",0
"STK32B","retry","Missing result","",0
"STK32C","retry","Missing result","",0
"STK33","retry","Missing result","",0
"STK35","retry","Missing result","",0
"STK36","retry","Missing result","",0
"STK38","retry","Missing result","",0
"STK38L","retry","Missing result","",0
"STK39","retry","Missing result","",0
"STK4","retry","Missing result","",0
"STK40","retry","Missing result","",0
"STKLD1","retry","Missing result","",0
"STMN1","retry","Missing result","",0
"STMN2","retry","Missing result","",0
"STMN3","retry","Missing result","",0
"STMN4","retry","Missing result","",0
"STMND1","retry","Missing result","",0
"STN1","retry","Missing result","",0
"STOM","retry","Missing result","",0
"STOML1","retry","Missing result","",0
"STOML2","retry","Missing result","",0
"STOML3","retry","Missing result","",0
"STON1","retry","Missing result","",0
"STON1-GTF2A1L","retry","Missing result","",0
"STON2","retry","Missing result","",0
"STOX1","retry","Missing result","",0
"STOX2","retry","Missing result","",0
"STPG1","retry","Missing result","",0
"STPG2","retry","Missing result","",0
"STPG3","retry","Missing result","",0
"STRA6","retry","Missing result","",0
"STRA8","retry","Missing result","",0
"STRADA","retry","Missing result","",0
"STRADB","retry","Missing result","",0
"STRAP","retry","Missing result","",0
"STRBP","retry","Missing result","",0
"STRC","retry","Missing result","",0
"STRIP1","retry","Missing result","",0
"STRIP2","retry","Missing result","",0
"STRN","retry","Missing result","",0
"STRN3","retry","Missing result","",0
"STRN4","retry","Missing result","",0
"STS","retry","Missing result","",0
"STT3A","retry","Missing result","",0
"STT3B","retry","Missing result","",0
"STUB1","valid","Validated converged fits","0cba94490e6bb353d31ad5505d4330d1",27
"STUM","retry","Missing result","",0
"STX10","retry","Missing result","",0
"STX11","retry","Missing result","",0
"STX12","retry","Missing result","",0
"STX16","retry","Missing result","",0
"STX17","retry","Missing result","",0
"STX18","retry","Missing result","",0
"STX19","retry","Missing result","",0
"STX1A","retry","Missing result","",0
"STX1B","retry","Missing result","",0
"STX2","retry","Missing result","",0
"STX3","retry","Missing result","",0
"STX4","retry","Missing result","",0
"STX5","retry","Missing result","",0
"STX6","retry","Missing result","",0
"STX7","retry","Missing result","",0
"STX8","retry","Missing result","",0
"STXBP1","retry","Missing result","",0
"STXBP2","retry","Missing result","",0
"STXBP3","retry","Missing result","",0
"STXBP4","retry","Missing result","",0
"STXBP5","retry","Missing result","",0
"STXBP5L","retry","Missing result","",0
"STXBP6","retry","Missing result","",0
"STYK1","retry","Missing result","",0
"STYX","retry","Missing result","",0
"STYXL1","retry","Missing result","",0
"SUB1","retry","Missing result","",0
"SUCLA2","retry","Missing result","",0
"SUCLG1","retry","Missing result","",0
"SUCLG2","retry","Missing result","",0
"SUCNR1","retry","Missing result","",0
"SUCO","retry","Missing result","",0
"SUDS3","retry","Missing result","",0
"SUFU","retry","Missing result","",0
"SUGCT","retry","Missing result","",0
"SUGP1","retry","Missing result","",0
"SUGP2","retry","Missing result","",0
"SUGT1","retry","Missing result","",0
"SULF1","retry","Missing result","",0
"SULF2","retry","Missing result","",0
"SULT1A1","retry","Missing result","",0
"SULT1A2","retry","Missing result","",0
"SULT1A3","retry","Missing result","",0
"SULT1A4","retry","Missing result","",0
"SULT1B1","retry","Missing result","",0
"SULT1C2","retry","Missing result","",0
"SULT1C3","retry","Missing result","",0
"SULT1C4","retry","Missing result","",0
"SULT1E1","retry","Missing result","",0
"SULT2A1","retry","Missing result","",0
"SULT2B1","retry","Missing result","",0
"SULT4A1","retry","Missing result","",0
"SULT6B1","retry","Missing result","",0
"SUMF1","retry","Missing result","",0
"SUMF2","retry","Missing result","",0
"SUMO1","retry","Missing result","",0
"SUMO2","retry","Missing result","",0
"SUMO3","retry","Missing result","",0
"SUMO4","retry","Missing result","",0
"SUN1","retry","Missing result","",0
"SUN2","valid","Validated converged fits","94e8f8229bb8e509f2969148bcb646e4",27
"SUN3","valid","Validated converged fits","e52edd648368565e55ed33d1440603a7",27
"SUN5","valid","Validated converged fits","30578c449412833a7d7ae6aa8e00efdb",27
"SUOX","valid","Validated converged fits","8e2c44376fd1ade8f1ec35156429b68d",27
"SUPT16H","retry","Unconverged slider fit.","7ed616e06e1076737f1a19e2593a2ae1",0
"SUPT20H","valid","Validated converged fits","24a1be30f9326b3a89942f5ebd23c30a",27
"SUPT20HL1","retry","PLINK failed for SUPT20HL1 on chromosome X with exit status 7","17dc818cf52d93f7dd0086d75fae018f",0
"SUPT20HL2","retry","PLINK failed for SUPT20HL2 on chromosome X with exit status 7","1a23c45e9ab1e8b72b1bd374f531ea77",0
"SUPT3H","valid","Validated converged fits","2b5b5742aa8b76d8d8b1b421a2b0313c",27
"SUPT4H1","valid","Validated converged fits","746937a30ba6352406d6547e00aa9968",27
"SUPT5H","valid","Validated converged fits","d943e313b95db0d6ca5f86185c651271",27
"SUPT6H","valid","Validated converged fits","4e1614db2789398e307bb0e6b9b433ee",27
"SUPT7L","valid","Validated converged fits","26b63503d02d13b1538bcc6d5d1f7b39",27
"SUPV3L1","valid","Validated converged fits","3c26c9093d6be12495f97d5a915c5336",27
"SURF1","valid","Validated converged fits","8253eb5fc5d31a96f2cdba38a2e098ad",27
"SURF2","valid","Validated converged fits","7fc0e9e79124fd65533215effe1ce61c",27
"SURF4","valid","Validated converged fits","4763a76704f75d68b75509791ca2a34e",27
"SURF6","valid","Validated converged fits","fee1b4d94a42b96f26e550e511e60330",27
"SUSD1","valid","Validated converged fits","7c4a5d773476b45f880d8ade94fafed7",27
"SUSD2","valid","Validated converged fits","7e8565618bf7b2f1ae039374c6183bc7",27
"SUSD3","valid","Validated converged fits","3435b1cdaed9375eea67ff4e9557e347",27
"SUSD4","retry","Missing result","",0
"SUSD5","retry","Missing result","",0
"SUSD6","retry","Missing result","",0
"SUV39H1","retry","Missing result","",0
"SUV39H2","retry","Missing result","",0
"SUZ12","retry","Missing result","",0
"SV2A","retry","Missing result","",0
"SV2B","retry","Missing result","",0
"SV2C","retry","Missing result","",0
"SVBP","retry","Missing result","",0
"SVEP1","retry","Missing result","",0
"SVIL","retry","Missing result","",0
"SVIP","retry","Missing result","",0
"SVOP","retry","Missing result","",0
"SVOPL","retry","Missing result","",0
"SWAP70","retry","Missing result","",0
"SWI5","retry","Missing result","",0
"SWSAP1","retry","Missing result","",0
"SWT1","retry","Missing result","",0
"SYAP1","retry","Missing result","",0
"SYBU","retry","Missing result","",0
"SYCE1","retry","Missing result","",0
"SYCE1L","retry","Missing result","",0
"SYCE2","retry","Missing result","",0
"SYCE3","retry","Missing result","",0
"SYCN","retry","Missing result","",0
"SYCP1","retry","Missing result","",0
"SYCP2","retry","Missing result","",0
"SYCP2L","retry","Missing result","",0
"SYCP3","retry","Missing result","",0
"SYDE1","retry","Missing result","",0
"SYDE2","retry","Missing result","",0
"SYF2","retry","Missing result","",0
"SYK","retry","Missing result","",0
"SYMPK","retry","Missing result","",0
"SYN1","retry","Missing result","",0
"SYN2","retry","Missing result","",0
"SYN3","retry","Missing result","",0
"SYNC","retry","Missing result","",0
"SYNCRIP","retry","Missing result","",0
"SYNDIG1","retry","Missing result","",0
"SYNDIG1L","valid","Validated converged fits","bcff440c98025c614961392f7a55ad9a",27
"SYNE1","valid","Validated converged fits","602a72cb361310db2a85ddcd9094f41b",27
"SYNE2","valid","Validated converged fits","aae0a11f042af56c11e5828feead6a56",27
"SYNE3","valid","Validated converged fits","a833df27e127ffad091c92b3f0d808d2",27
"SYNE4","valid","Validated converged fits","3175f287e4797eaf399b86eaeebbce5f",27
"SYNGAP1","retry","Missing result","",0
"SYNGR1","retry","Missing result","",0
"SYNGR2","retry","Missing result","",0
"SYNGR3","retry","Missing result","",0
"SYNGR4","retry","Missing result","",0
"SYNJ1","retry","Missing result","",0
"SYNJ2","retry","Missing result","",0
"SYNJ2BP","retry","Missing result","",0
"SYNM","retry","Missing result","",0
"SYNPO","retry","Missing result","",0
"SYNPO2","retry","Missing result","",0
"SYNPO2L","retry","Missing result","",0
"SYNPR","retry","Missing result","",0
"SYNRG","retry","Missing result","",0
"SYP","retry","Missing result","",0
"SYPL1","retry","Missing result","",0
"SYPL2","retry","Missing result","",0
"SYS1","retry","Missing result","",0
"SYT1","retry","Missing result","",0
"SYT10","retry","Missing result","",0
"SYT11","retry","Missing result","",0
"SYT12","retry","Missing result","",0
"SYT13","retry","Missing result","",0
"SYT14","retry","Missing result","",0
"SYT15","retry","Missing result","",0
"SYT16","retry","Missing result","",0
"SYT17","retry","Missing result","",0
"SYT2","retry","Missing result","",0
"SYT3","retry","Missing result","",0
"SYT4","retry","Missing result","",0
"SYT5","retry","Missing result","",0
"SYT6","retry","Missing result","",0
"SYT7","retry","Missing result","",0
"SYT8","retry","Missing result","",0
"SYT9","retry","Missing result","",0
"SYTL1","retry","Missing result","",0
"SYTL2","retry","Missing result","",0
"SYTL3","retry","Missing result","",0
"SYTL4","retry","Missing result","",0
"SYTL5","retry","Missing result","",0
"SYVN1","retry","Missing result","",0
"SZRD1","retry","Missing result","",0
"SZT2","retry","Missing result","",0
"TAAR1","retry","Missing result","",0
"TAAR2","retry","Missing result","",0
"TAAR5","retry","Missing result","",0
"TAAR6","retry","Missing result","",0
"TAAR8","retry","Missing result","",0
"TAAR9","retry","Missing result","",0
"TAB1","retry","Missing result","",0
"TAB2","retry","Missing result","",0
"TAB3","retry","Missing result","",0
"TAC1","retry","Missing result","",0
"TAC3","retry","Missing result","",0
"TAC4","retry","Missing result","",0
"TACC1","retry","Missing result","",0
"TACC2","retry","Missing result","",0
"TACC3","valid","Validated converged fits","40cceabd0664840b7f69af4b5e329996",27
"TACO1","valid","Validated converged fits","0d610def9f40bf743537e7659692c36c",27
"TACR1","valid","Validated converged fits","731217bd3f107e7e40af17a741f484b5",27
"TACR2","valid","Validated converged fits","7412264fd93e020ab19105dacf61543a",27
"TACR3","valid","Validated converged fits","ae536de9780b9af6182e7a53180d45a1",27
"TACSTD2","valid","Validated converged fits","676676ab104c9c60cff880b57bea53e8",27
"TADA1","valid","Validated converged fits","8036941e82e162a49cba0dea1f0704e7",27
"TADA2A","valid","Validated converged fits","f4b4ef36dd89cd82fd4dcd46f51184dd",27
"TADA2B","valid","Validated converged fits","e7bedcd2e599be400b97950054608c05",27
"TADA3","valid","Validated converged fits","76b2a8c45648ad1956a899252f073e3d",27
"TAF1","retry","PLINK failed for TAF1 on chromosome X with exit status 7","cbf781bd304f2d1b7144d6b86f69ea7f",0
"TAF10","valid","Validated converged fits","bb0936b67c3a3ff660eb52b7936b5912",27
"TAF11","valid","Validated converged fits","a6d4a41168e915bdbadffa6fa74bcafa",27
"TAF12","valid","Validated converged fits","0e82316ef3bb796c23b8fafe5e358d5f",27
"TAF13","valid","Validated converged fits","4a44d06aead9fe84396392df65788a37",27
"TAF15","valid","Validated converged fits","52f3d4d500a01e5388673fb214c33868",27
"TAF1A","valid","Validated converged fits","a2733232c2a69785c266eb8856eb7231",27
"TAF1B","valid","Validated converged fits","ddfd15b142bb55ff17729a59a221ac8b",27
"TAF1C","retry","Missing result","",0
"TAF1D","retry","Missing result","",0
"TAF1L","retry","Missing result","",0
"TAF2","retry","Missing result","",0
"TAF3","retry","Missing result","",0
"TAF4","retry","Missing result","",0
"TAF4B","retry","Missing result","",0
"TAF5","retry","Missing result","",0
"TAF5L","retry","Missing result","",0
"TAF6","retry","Missing result","",0
"TAF6L","retry","Missing result","",0
"TAF7","retry","Missing result","",0
"TAF7L","retry","Missing result","",0
"TAF8","retry","Missing result","",0
"TAF9","retry","Missing result","",0
"TAF9B","retry","Missing result","",0
"TAGAP","retry","Missing result","",0
"TAGLN","retry","Missing result","",0
"TAGLN2","retry","Missing result","",0
"TAGLN3","retry","Missing result","",0
"TAL1","retry","Missing result","",0
"TAL2","retry","Missing result","",0
"TALDO1","retry","Missing result","",0
"TAMM41","retry","Missing result","",0
"TANC1","retry","Missing result","",0
"TANC2","retry","Missing result","",0
"TANGO2","retry","Missing result","",0
"TANGO6","retry","Missing result","",0
"TANK","retry","Missing result","",0
"TAOK1","retry","Missing result","",0
"TAOK2","retry","Missing result","",0
"TAOK3","retry","Missing result","",0
"TAP1","retry","Missing result","",0
"TAP2","retry","Missing result","",0
"TAPBP","retry","Missing result","",0
"TAPBPL","retry","Missing result","",0
"TAPT1","retry","Missing result","",0
"TARBP1","retry","Missing result","",0
"TARBP2","retry","Missing result","",0
"TARDBP","retry","Missing result","",0
"TARM1","retry","Missing result","",0
"TARS2","retry","Missing result","",0
"TAS1R1","retry","Missing result","",0
"TAS1R2","retry","Missing result","",0
"TAS1R3","valid","Validated converged fits","8e291f95c3dd66a31d55aa9faa478fe5",27
"TAS2R1","valid","Validated converged fits","34f6b8ee744edd05e0261bfbe288d6a8",27
"TAS2R10","valid","Validated converged fits","4182005954c49e9041d179dce767e949",27
"TAS2R13","valid","Validated converged fits","490c149fdada446549dd2d142df15146",27
"TAS2R14","valid","Validated converged fits","0913646e9103a82a85d3541625db8b53",27
"TAS2R16","valid","Validated converged fits","a345a38c4c683b3704d7c69c2baf3e3e",27
"TAS2R19","valid","Validated converged fits","befee2fedd68e07b7ec42a69914c490c",27
"TAS2R20","valid","Validated converged fits","9b0349691297b9efee34c2cee66e74c0",27
"TAS2R3","valid","Validated converged fits","23ce8224bbf7e4eed053eb74a604d5df",27
"TAS2R30","valid","Validated converged fits","234467d6f5beb85ceead1f0fe07519c9",27
"TAS2R31","valid","Validated converged fits","56f5520b7753c8520f0b152fd1da01f7",27
"TAS2R38","valid","Validated converged fits","1988fdceef20b836021fe9cb7051aba8",27
"TAS2R39","valid","Validated converged fits","7da34f363d112e8cdc3da18b80472445",27
"TAS2R4","valid","Validated converged fits","131d403802d30a77fb1139d8a60b1d40",27
"TAS2R40","valid","Validated converged fits","b47bbba39b49c842c7d6d747be9fac98",27
"TAS2R41","valid","Validated converged fits","e6ee3aa11b6a62e30ac3358645b4ef1c",27
"TAS2R42","retry","Missing result","",0
"TAS2R43","retry","Missing result","",0
"TAS2R46","retry","Missing result","",0
"TAS2R5","retry","Missing result","",0
"TAS2R50","retry","Missing result","",0
"TAS2R60","retry","Missing result","",0
"TAS2R7","retry","Missing result","",0
"TAS2R8","retry","Missing result","",0
"TAS2R9","retry","Missing result","",0
"TASP1","retry","Missing result","",0
"TAT","retry","Missing result","",0
"TATDN1","retry","Missing result","",0
"TATDN2","retry","Missing result","",0
"TATDN3","retry","Missing result","",0
"TAX1BP1","retry","Missing result","",0
"TAX1BP3","retry","Missing result","",0
"TAZ","retry","Missing result","",0
"TBATA","retry","Missing result","",0
"TBC1D1","retry","Missing result","",0
"TBC1D10A","retry","Missing result","",0
"TBC1D10B","retry","Missing result","",0
"TBC1D10C","retry","Missing result","",0
"TBC1D12","retry","Missing result","",0
"TBC1D13","retry","Missing result","",0
"TBC1D14","retry","Missing result","",0
"TBC1D15","retry","Missing result","",0
"TBC1D16","retry","Missing result","",0
"TBC1D17","retry","Missing result","",0
"TBC1D19","retry","Missing result","",0
"TBC1D2","retry","Missing result","",0
"TBC1D20","retry","Missing result","",0
"TBC1D21","retry","Missing result","",0
"TBC1D22A","retry","Missing result","",0
"TBC1D22B","retry","Missing result","",0
"TBC1D23","retry","Missing result","",0
"TBC1D24","retry","Missing result","",0
"TBC1D25","retry","Missing result","",0
"TBC1D26","retry","Missing result","",0
"TBC1D28","retry","Missing result","",0
"TBC1D2B","retry","Missing result","",0
"TBC1D3","retry","Missing result","",0
"TBC1D30","retry","Missing result","",0
"TBC1D31","retry","Missing result","",0
"TBC1D32","retry","Missing result","",0
"TBC1D3B","retry","Missing result","",0
"TBC1D3C","retry","Missing result","",0
"TBC1D3D","valid","Validated converged fits","30e4f9ae80ae74c45fd95b83b0e5175d",27
"TBC1D3E","valid","Validated converged fits","2e08d309b21c32ef7f09b06edc422f82",27
"TBC1D3F","valid","Validated converged fits","f03a3e0255661cc5ee147c4747f72b8f",27
"TBC1D3G","valid","Validated converged fits","70d3049964fc950c944c4e88f1597ad5",27
"TBC1D3H","valid","Validated converged fits","1ff0e436e449ffa89f6b718f22ecd170",26
"TBC1D3I","valid","Validated converged fits","60a15c8469bc1cc748421e01e27c555c",27
"TBC1D3K","valid","Validated converged fits","10122c7a6e7b24b8371b62468cc61057",27
"TBC1D3L","valid","Validated converged fits","247d49b261338cae47e92e1d8d18173a",27
"TBC1D4","valid","Validated converged fits","253438832f187d26bf2869bed4421c56",27
"TBC1D5","valid","Validated converged fits","cbcf6c467ae1da0aaa609c09454bd193",27
"TBC1D7","valid","Validated converged fits","fc872245e6b639a4b4a83c11288e9932",27
"TBC1D8","valid","Validated converged fits","03fab5289ed33e92184db8bfcf9dd106",27
"TBC1D8B","retry","PLINK failed for TBC1D8B on chromosome X with exit status 7","2d8adfa6b8cb49554621a5033941f064",0
"TBC1D9","valid","Validated converged fits","6019645c643bd2527a907ee9e3c1de08",27
"TBC1D9B","valid","Validated converged fits","9669546003eb470372e5a62463cd17d2",27
"TBCA","valid","Validated converged fits","0c8235a8f5fb9f3dfc07e91634a249a3",27
"TBCB","valid","Validated converged fits","dd61aa020bd61cc4971393f421d2daa7",27
"TBCC","valid","Validated converged fits","9f3d59f8a41ed555d550283e6fe00cea",27
"TBCCD1","valid","Validated converged fits","c91c52d5e4bb04a7e1dd8a6514468c0a",27
"TBCD","valid","Validated converged fits","e23c4382088c27149cdd00102a600cc9",27
"TBCE","valid","Validated converged fits","a1166abab5881c7bb02562d81d4e9d2c",27
"TBCEL","valid","Validated converged fits","e296df7b33461b8084ac4074fcdb14b5",27
"TBCK","retry","Missing result","",0
"TBK1","retry","Missing result","",0
"TBKBP1","retry","Missing result","",0
"TBL1X","retry","Missing result","",0
"TBL1XR1","retry","Missing result","",0
"TBL1Y","retry","Missing result","",0
"TBL2","retry","Missing result","",0
"TBL3","retry","Missing result","",0
"TBP","retry","Missing result","",0
"TBPL1","retry","Missing result","",0
"TBPL2","retry","Missing result","",0
"TBR1","retry","Missing result","",0
"TBRG1","retry","Missing result","",0
"TBRG4","retry","Missing result","",0
"TBX1","retry","Missing result","",0
"TBX10","retry","Missing result","",0
"TBX15","retry","Missing result","",0
"TBX18","retry","Missing result","",0
"TBX19","retry","Missing result","",0
"TBX2","retry","Missing result","",0
"TBX20","retry","Missing result","",0
"TBX21","retry","Missing result","",0
"TBX22","retry","Missing result","",0
"TBX3","retry","Missing result","",0
"TBX4","retry","Missing result","",0
"TBX5","retry","Missing result","",0
"TBX6","retry","Missing result","",0
"TBXA2R","retry","Missing result","",0
"TBXAS1","retry","Missing result","",0
"TC2N","retry","Missing result","",0
"TCAF1","retry","Missing result","",0
"TCAF2","retry","Missing result","",0
"TCAIM","retry","Missing result","",0
"TCAP","retry","Missing result","",0
"TCEA1","retry","Missing result","",0
"TCEA2","retry","Missing result","",0
"TCEA3","retry","Missing result","",0
"TCEAL1","retry","Missing result","",0
"TCEAL2","retry","Missing result","",0
"TCEAL3","retry","Missing result","",0
"TCEAL4","retry","PLINK failed for TCEAL4 on chromosome X with exit status 7","ddecf4ebfee16aac170113b77fa8cc6e",0
"TCEAL5","retry","PLINK failed for TCEAL5 on chromosome X with exit status 7","b239e329297bc60d762de023981c02b7",0
"TCEAL6","retry","PLINK failed for TCEAL6 on chromosome X with exit status 7","38692fac7ad0055f0da50c44e3727014",0
"TCEAL7","retry","PLINK failed for TCEAL7 on chromosome X with exit status 7","06aec4aa1b200b8f97c3c286db3a9f6d",0
"TCEAL8","retry","PLINK failed for TCEAL8 on chromosome X with exit status 7","5cbbb911da9c4c97adac606268497682",0
"TCEAL9","retry","PLINK failed for TCEAL9 on chromosome X with exit status 7","0ac706b178ce9602539b4dd766700186",0
"TCEANC","retry","PLINK failed for TCEANC on chromosome X with exit status 7","ae7c35f32ebfaa87578891ada8e2a1ac",0
"TCEANC2","retry","Missing result","",0
"TCERG1","retry","Missing result","",0
"TCERG1L","retry","Missing result","",0
"TCF12","retry","Missing result","",0
"TCF15","retry","Missing result","",0
"TCF19","retry","Missing result","",0
"TCF20","retry","Missing result","",0
"TCF21","retry","Missing result","",0
"TCF23","retry","Missing result","",0
"TCF24","retry","Missing result","",0
"TCF25","retry","Missing result","",0
"TCF3","retry","Missing result","",0
"TCF4","retry","Missing result","",0
"TCF7","retry","Missing result","",0
"TCF7L1","retry","Missing result","",0
"TCF7L2","retry","Missing result","",0
"TCFL5","retry","Missing result","",0
"TCHH","retry","Missing result","",0
"TCHHL1","retry","Missing result","",0
"TCHP","retry","Missing result","",0
"TCIRG1","retry","Missing result","",0
"TCL1A","retry","Missing result","",0
"TCL1B","retry","Missing result","",0
"TCN1","retry","Missing result","",0
"TCN2","retry","Missing result","",0
"TCOF1","retry","Missing result","",0
"TCP1","retry","Missing result","",0
"TCP10L","retry","Missing result","",0
"TCP10L2","retry","Missing result","",0
"TCP11","retry","Missing result","",0
"TCP11L1","retry","Missing result","",0
"TCP11L2","retry","Missing result","",0
"TCP11X1","retry","Missing result","",0
"TCP11X2","retry","Missing result","",0
"TCTA","retry","Missing result","",0
"TCTE1","retry","Missing result","",0
"TCTEX1D1","retry","Missing result","",0
"TCTEX1D4","retry","Missing result","",0
"TCTN1","retry","Missing result","",0
"TCTN2","retry","Missing result","",0
"TCTN3","retry","Missing result","",0
"TDG","retry","Missing result","",0
"TDGF1","retry","Missing result","",0
"TDO2","retry","Missing result","",0
"TDP1","retry","Missing result","",0
"TDP2","retry","Missing result","",0
"TDRD1","retry","Missing result","",0
"TDRD10","retry","Missing result","",0
"TDRD12","retry","Missing result","",0
"TDRD15","retry","Missing result","",0
"TDRD3","retry","Missing result","",0
"TDRD5","retry","Missing result","",0
"TDRD6","retry","Missing result","",0
"TDRD7","retry","Missing result","",0
"TDRD9","retry","Missing result","",0
"TDRKH","valid","Validated converged fits","f3b42e3a4448b16754fe79883e5b67a4",27
"TDRP","valid","Validated converged fits","c123a8ece3a6de06f436e3bc73e9454b",27
"TEAD1","valid","Validated converged fits","806162e2356c3a255349f0b5b7430081",27
"TEAD2","valid","Validated converged fits","61b715b73df987055d979d3971ca8731",27
"TEAD3","valid","Validated converged fits","9e2d3478b93d25c5e4aa2d24aed92024",27
"TEAD4","valid","Validated converged fits","c346abe82ea30fd50425a97b6da3907d",27
"TEC","valid","Validated converged fits","4d4a1471372fe99c13975e681231ff50",27
"TECPR1","valid","Validated converged fits","1988b8bc1259f0c0462857c7838fbfcd",27
"TECPR2","valid","Validated converged fits","9a0dd310e79ab721d72b9edca611dbf0",27
"TECR","valid","Validated converged fits","928248fe76d29c65dfb399bf93a1f31e",27
"TECRL","valid","Validated converged fits","c7914e7a70b06b81090058550df73252",27
"TECTA","valid","Validated converged fits","e751fd9d9f571139ac9a5db5ac7df81c",27
"TECTB","valid","Validated converged fits","107dab0b3696a07cd6b6b591e5f1d47e",27
"TEDDM1","valid","Validated converged fits","4008d73636282f8c638af3ed6a6714b3",27
"TEF","valid","Validated converged fits","6779b33d8553bfbb4704bab3ffe9d40b",27
"TEFM","valid","Validated converged fits","e30d4f2542ea193413a1ab70c91d25cb",27
"TEK","retry","Missing result","",0
"TEKT1","retry","Missing result","",0
"TEKT2","retry","Missing result","",0
"TEKT3","retry","Missing result","",0
"TEKT4","retry","Missing result","",0
"TEKT5","retry","Missing result","",0
"TELO2","retry","Missing result","",0
"TEN1","retry","Missing result","",0
"TENM1","retry","Missing result","",0
"TENM2","retry","Missing result","",0
"TENM3","retry","Missing result","",0
"TENM4","retry","Missing result","",0
"TEP1","retry","Missing result","",0
"TEPP","retry","Missing result","",0
"TEPSIN","retry","Missing result","",0
"TERB1","retry","Missing result","",0
"TERB2","retry","Missing result","",0
"TERF1","retry","Missing result","",0
"TERF2","retry","Missing result","",0
"TERF2IP","retry","Missing result","",0
"TERT","retry","Missing result","",0
"TES","retry","Missing result","",0
"TESC","retry","Missing result","",0
"TESK1","retry","Missing result","",0
"TESK2","retry","Missing result","",0
"TESMIN","retry","Missing result","",0
"TESPA1","retry","Missing result","",0
"TET1","retry","Missing result","",0
"TET2","retry","Missing result","",0
"TET3","retry","Missing result","",0
"TEX10","retry","Missing result","",0
"TEX101","retry","Missing result","",0
"TEX11","retry","Missing result","",0
"TEX12","retry","Missing result","",0
"TEX13A","retry","Missing result","",0
"TEX13B","retry","Missing result","",0
"TEX13C","retry","Missing result","",0
"TEX13D","retry","Missing result","",0
"TEX14","retry","Missing result","",0
"TEX15","retry","Missing result","",0
"TEX19","retry","Missing result","",0
"TEX2","retry","Missing result","",0
"TEX22","retry","Missing result","",0
"TEX26","retry","Missing result","",0
"TEX261","retry","Missing result","",0
"TEX264","retry","Missing result","",0
"TEX28","retry","PLINK failed for TEX28 on chromosome X with exit status 7","f6853dc93dba62b653bd15f6adbedf6d",0
"TEX29","valid","Validated converged fits","5061540974438c9a538f104d08a8199e",27
"TEX30","valid","Validated converged fits","94ce32e376a1f8e946c3fb42fc7dc53c",27
"TEX33","valid","Validated converged fits","7de755339fc5ae2d8c55fa8a039e56dc",27
"TEX35","valid","Validated converged fits","e3f5a6a612aff91c1e28999ef9db7a50",27
"TEX36","valid","Validated converged fits","a9f219a4b92fee0d2835dc933e05bc5e",27
"TEX37","valid","Validated converged fits","fcee888e8c618d5d0f0bda3890146f1c",27
"TEX38","valid","Validated converged fits","3b5ebdaebae79d54f5d17269afbce552",27
"TEX43","valid","Validated converged fits","67162182e61197f9a76261e60e04ac8c",27
"TEX44","valid","Validated converged fits","79a2ebaaa25fc1a6eb7eb3a80a3742e6",27
"TEX9","valid","Validated converged fits","3a9ddb6ae1484c107bade61c07fa7386",27
"TF","valid","Validated converged fits","9d15f2bca96c698c48ac264799cccae3",27
"TFAM","valid","Validated converged fits","84d751c010d0b9398f8848705ba99454",27
"TFAP2A","valid","Validated converged fits","8b22fb183be4317979a0571d62b5cc36",27
"TFAP2B","valid","Validated converged fits","e6a0ded31097b411ec0c4a88f230e2da",27
"TFAP2C","valid","Validated converged fits","faddfe1ff8acc5e948de22177a96957c",27
"TFAP2D","retry","Missing result","",0
"TFAP2E","retry","Missing result","",0
"TFAP4","retry","Missing result","",0
"TFB1M","retry","Missing result","",0
"TFB2M","retry","Missing result","",0
"TFCP2","retry","Missing result","",0
"TFCP2L1","retry","Missing result","",0
"TFDP1","retry","Missing result","",0
"TFDP2","retry","Missing result","",0
"TFDP3","retry","Missing result","",0
"TFE3","retry","Missing result","",0
"TFEB","retry","Missing result","",0
"TFEC","retry","Missing result","",0
"TFF1","retry","Missing result","",0
"TFF2","retry","Missing result","",0
"TFF3","retry","Missing result","",0
"TFG","retry","Missing result","",0
"TFIP11","retry","Missing result","",0
"TFPI","retry","Missing result","",0
"TFPI2","retry","Missing result","",0
"TFPT","retry","Missing result","",0
"TFR2","retry","Missing result","",0
"TFRC","retry","Missing result","",0
"TG","retry","Missing result","",0
"TGDS","retry","Missing result","",0
"TGFA","retry","Missing result","",0
"TGFB1","retry","Missing result","",0
"TGFB1I1","retry","Missing result","",0
"TGFB2","retry","Missing result","",0
"TGFB3","retry","Missing result","",0
"TGFBI","retry","Missing result","",0
"TGFBR1","retry","Missing result","",0
"TGFBR2","retry","Missing result","",0
"TGFBR3","retry","Missing result","",0
"TGFBR3L","retry","Missing result","",0
"TGFBRAP1","retry","Missing result","",0
"TGIF1","retry","Missing result","",0
"TGIF2","retry","Missing result","",0
"TGIF2LX","retry","Missing result","",0
"TGIF2LY","retry","Missing result","",0
"TGM1","retry","Missing result","",0
"TGM2","retry","Missing result","",0
"TGM3","retry","Missing result","",0
"TGM4","retry","Missing result","",0
"TGM5","retry","Missing result","",0
"TGM6","retry","Missing result","",0
"TGM7","valid","Validated converged fits","cce65d468925ada2a71435926af0f69e",27
"TGOLN2","valid","Validated converged fits","7d460afd20d215ffc7c34e11b94cf3d3",27
"TGS1","valid","Validated converged fits","27a0d1c131f02bb95bb416796e8728ac",27
"TH","valid","Validated converged fits","d40e2540f1043100184f26a117648fb5",27
"THADA","valid","Validated converged fits","c1dbd5dd1b6c2b8bdbbd9e946f40ae60",27
"THAP1","valid","Validated converged fits","8fa4ab1833633ecc40922f3823bbdf68",27
"THAP10","valid","Validated converged fits","737a88e696e4d159e5b608c4a2c8190f",27
"THAP11","valid","Validated converged fits","1b6c9cced4407456b2e1ecbc54c97268",27
"THAP12","valid","Validated converged fits","6132a576baec7fecb5c836b696f1b2cb",27
"THAP2","valid","Validated converged fits","9ec71008e141e3a53fc82d1d6b7edd36",27
"THAP3","valid","Validated converged fits","0f594c0752989a3287a3ad50216cb183",27
"THAP4","valid","Validated converged fits","b717f673ea9f8cac2f4e3e1d8aa792af",27
"THAP5","valid","Validated converged fits","708079ffb7fa4b006afd25ff6bbb8046",27
"THAP6","valid","Validated converged fits","3905ad7300e7d9b3733a86c3089391dd",27
"THAP7","valid","Validated converged fits","5d785517e88202f33157b85f707269b7",27
"THAP8","valid","Validated converged fits","e1d909bb306b986d94b380ed15c5a846",27
"THAP9","valid","Validated converged fits","d64f0ad89e6c19ef8e6f5a97d18b872c",27
"THBD","retry","Missing result","",0
"THBS1","retry","Missing result","",0
"THBS2","retry","Missing result","",0
"THBS3","retry","Missing result","",0
"THBS4","retry","Missing result","",0
"THEG","retry","Missing result","",0
"THEGL","retry","Missing result","",0
"THEM4","retry","Missing result","",0
"THEM5","retry","Missing result","",0
"THEM6","retry","Missing result","",0
"THEMIS","retry","Missing result","",0
"THEMIS2","retry","Missing result","",0
"THG1L","retry","Missing result","",0
"THNSL1","retry","Missing result","",0
"THNSL2","retry","Missing result","",0
"THOC1","retry","Missing result","",0
"THOC2","retry","Missing result","",0
"THOC3","retry","Missing result","",0
"THOC5","retry","Missing result","",0
"THOC6","retry","Missing result","",0
"THOC7","retry","Missing result","",0
"THOP1","retry","Missing result","",0
"THPO","retry","Missing result","",0
"THRA","retry","Missing result","",0
"THRAP3","retry","Missing result","",0
"THRB","retry","Missing result","",0
"THRSP","retry","Missing result","",0
"THSD1","retry","Missing result","",0
"THSD4","retry","Missing result","",0
"THSD7A","retry","Missing result","",0
"THSD7B","retry","Missing result","",0
"THTPA","retry","Missing result","",0
"THUMPD1","retry","Missing result","",0
"THUMPD2","retry","Missing result","",0
"THUMPD3","retry","Missing result","",0
"THY1","retry","Missing result","",0
"THYN1","retry","Missing result","",0
"TIA1","retry","Missing result","",0
"TIAF1","retry","Missing result","",0
"TIAL1","retry","Missing result","",0
"TIAM1","retry","Missing result","",0
"TIAM2","retry","Missing result","",0
"TICAM1","retry","Missing result","",0
"TICAM2","retry","Missing result","",0
"TICRR","retry","Missing result","",0
"TIE1","valid","Validated converged fits","0c1c22dac61d94579a0f77c528a44abd",27
"TIFA","valid","Validated converged fits","ca87e8b0ab30a5d39109fe636486319b",27
"TIFAB","valid","Validated converged fits","5212def8fe435340daae2c2994d1216a",27
"TIGAR","valid","Validated converged fits","e8979ad9cb7712b0b4048ee1c60e56c8",27
"TIGD1","valid","Validated converged fits","9f0635ca3d19b8f90966c580bc173a26",27
"TIGD2","valid","Validated converged fits","e98baaac255adfb995545ed9f7aaaab1",27
"TIGD3","valid","Validated converged fits","a187ede0ba01e24f7a12137b35714673",27
"TIGD4","valid","Validated converged fits","2bfd1001a0b77ca71ff5038059222b93",27
"TIGD5","valid","Validated converged fits","e8345067d4901723878883632ce853df",27
"TIGD6","valid","Validated converged fits","39d48e216d74f7a4902b5367e24fda47",27
"TIGD7","valid","Validated converged fits","b8dc2ec567dffca5f969fecae53e738b",27
"TIGIT","valid","Validated converged fits","ea1dcad31f0e3bbf5ee747a0282cef17",27
"TIMD4","valid","Validated converged fits","f6037e4af339c2776b53446aa8d2696a",27
"TIMELESS","valid","Validated converged fits","c97936efa6736d916d66bd585bb8c9bb",27
"TIMM10","valid","Validated converged fits","030a306e9ba52177edf2c4e23b2d775e",27
"TIMM10B","valid","Validated converged fits","a54eda7dcc18ee3702db26514f7572b6",27
"TIMM13","valid","Validated converged fits","4db14ee6f79a9a527b8673c5a2d59ef2",27
"TIMM17A","valid","Validated converged fits","a3c5c8f98d2801dd1dee43ce2dd62ac5",27
"TIMM17B","retry","PLINK failed for TIMM17B on chromosome X with exit status 7","e0eab36ae17e13d42fba5a86433b181e",0
"TIMM21","valid","Validated converged fits","6ea71741d0bc1f83ca9721b138776c7b",27
"TIMM22","retry","Missing result","",0
"TIMM23","retry","Missing result","",0
"TIMM23B","retry","Missing result","",0
"TIMM29","retry","Missing result","",0
"TIMM44","retry","Missing result","",0
"TIMM50","retry","Missing result","",0
"TIMM8A","retry","Missing result","",0
"TIMM8B","retry","Missing result","",0
"TIMM9","retry","Missing result","",0
"TIMMDC1","retry","Missing result","",0
"TIMP1","retry","Missing result","",0
"TIMP2","retry","Missing result","",0
"TIMP3","retry","Missing result","",0
"TIMP4","retry","Missing result","",0
"TINAG","retry","Missing result","",0
"TINAGL1","retry","Missing result","",0
"TINCR","retry","Missing result","",0
"TINF2","retry","Missing result","",0
"TIPARP","retry","Missing result","",0
"TIPIN","retry","Missing result","",0
"TIPRL","retry","Missing result","",0
"TIRAP","retry","Missing result","",0
"TJAP1","retry","Missing result","",0
"TJP1","retry","Missing result","",0
"TJP2","retry","Missing result","",0
"TJP3","retry","Missing result","",0
"TK1","retry","Missing result","",0
"TK2","retry","Missing result","",0
"TKFC","retry","Missing result","",0
"TKT","retry","Missing result","",0
"TKTL1","retry","Missing result","",0
"TKTL2","retry","Missing result","",0
"TLCD1","retry","Missing result","",0
"TLCD2","retry","Missing result","",0
"TLDC2","retry","Missing result","",0
"TLE1","retry","Missing result","",0
"TLE2","retry","Missing result","",0
"TLE3","retry","Missing result","",0
"TLE4","retry","Missing result","",0
"TLE6","retry","Missing result","",0
"TLK1","retry","Missing result","",0
"TLK2","retry","Missing result","",0
"TLL1","valid","Validated converged fits","9b18a395807b99546a10f03c6c8f474b",27
"TLL2","valid","Validated converged fits","28910c824ebacd0f9e3063ab2a5503dd",27
"TLN1","valid","Validated converged fits","318454c09a6df05cadbdd89714d71a5a",27
"TLN2","valid","Validated converged fits","ec6a12b307e14e09ee865cfec751d132",27
"TLR1","valid","Validated converged fits","9f31736f8a943a92c925160e0c7384ff",27
"TLR10","valid","Validated converged fits","b86ba5ef3cb56687338baa57c64e1eef",27
"TLR2","valid","Validated converged fits","74ba8d75b43fcf7a90d3c57366135a75",27
"TLR3","valid","Validated converged fits","f57133de29f36b92fa69ff9f41ba3bf2",27
"TLR4","valid","Validated converged fits","9c32a85de5ac8c8b484fb5efb2af3b45",27
"TLR5","valid","Validated converged fits","65d98aea4da1c0b43a1e25c5056d9c2a",27
"TLR6","valid","Validated converged fits","3a6b7f8cf3c16f6ca7183f621ab1e64d",27
"TLR7","retry","PLINK failed for TLR7 on chromosome X with exit status 7","cdb10313715d0aa04a212b6918e1dac2",0
"TLR8","retry","PLINK failed for TLR8 on chromosome X with exit status 7","5e3ca2b90fb707986340452546982969",0
"TLR9","valid","Validated converged fits","1663e68b9610278d212be8cb39597552",27
"TLX1","valid","Validated converged fits","6e607abbb72f26bf39a2ae37a1b040bb",27
"TLX2","valid","Validated converged fits","6640adcf1c13667665a302ca33ecd373",27
"TLX3","retry","Missing result","",0
"TM2D1","retry","Missing result","",0
"TM2D2","retry","Missing result","",0
"TM2D3","retry","Missing result","",0
"TM4SF1","retry","Missing result","",0
"TM4SF18","retry","Missing result","",0
"TM4SF19","retry","Missing result","",0
"TM4SF20","retry","Missing result","",0
"TM4SF4","retry","Missing result","",0
"TM4SF5","retry","Missing result","",0
"TM6SF1","retry","Missing result","",0
"TM6SF2","retry","Missing result","",0
"TM7SF2","retry","Missing result","",0
"TM7SF3","retry","Missing result","",0
"TM9SF1","retry","Missing result","",0
"TM9SF2","retry","Missing result","",0
"TM9SF3","retry","Missing result","",0
"TM9SF4","retry","Missing result","",0
"TMA16","retry","Missing result","",0
"TMA7","retry","Missing result","",0
"TMBIM1","retry","Missing result","",0
"TMBIM4","retry","Missing result","",0
"TMBIM6","retry","Missing result","",0
"TMC1","retry","Missing result","",0
"TMC2","retry","Missing result","",0
"TMC3","retry","Missing result","",0
"TMC4","retry","Missing result","",0
"TMC5","retry","Missing result","",0
"TMC6","retry","Missing result","",0
"TMC7","retry","Missing result","",0
"TMC8","retry","Missing result","",0
"TMCC1","retry","Missing result","",0
"TMCC2","retry","Missing result","",0
"TMCC3","retry","Missing result","",0
"TMCO1","retry","Missing result","",0
"TMCO2","retry","Missing result","",0
"TMCO3","retry","Missing result","",0
"TMCO4","retry","Missing result","",0
"TMCO5A","retry","Missing result","",0
"TMCO6","retry","Missing result","",0
"TMED1","retry","Missing result","",0
"TMED10","retry","Missing result","",0
"TMED2","retry","Missing result","",0
"TMED3","retry","Missing result","",0
"TMED4","retry","Missing result","",0
"TMED5","retry","Missing result","",0
"TMED6","valid","Validated converged fits","929eb444aee173fdbcb594f7f24db3bd",27
"TMED7","valid","Validated converged fits","8c8e9a417888d4ec7c9650569d6510db",27
"TMED8","valid","Validated converged fits","e3239087c8da0293270a7df588c7b901",27
"TMED9","valid","Validated converged fits","d1330661180c84ce58d1c0b36aab2d46",27
"TMEFF1","valid","Validated converged fits","bdc74003fede25f0d143a497414dc81e",27
"TMEFF2","valid","Validated converged fits","4e16e1bd8d09f6eb72bc4b6d17e4e776",27
"TMEM100","valid","Validated converged fits","bd44886a2c9110fe40b653088da7212a",27
"TMEM101","valid","Validated converged fits","4e4e8105f336cf43c6ccac206019d39d",27
"TMEM102","valid","Validated converged fits","2cb6f8322ad6a84dcf3e881a4a6bdcce",27
"TMEM104","valid","Validated converged fits","d46531c6afd84d3d71622df291614cfd",27
"TMEM106A","valid","Validated converged fits","120450663147461979bb8c360344f225",27
"TMEM106B","valid","Validated converged fits","929fcb10cd5b814ecb12e07ac59e1b65",27
"TMEM106C","valid","Validated converged fits","eae83d678f9e933a31435e35e146ba68",27
"TMEM107","valid","Validated converged fits","cff8c30debffff8216b26c181f422751",27
"TMEM108","valid","Validated converged fits","b25d191b6de89816c388f71c80b70fba",27
"TMEM109","valid","Validated converged fits","d2f174f864c58f12d6d39070e0945bfe",27
"TMEM11","valid","Validated converged fits","17065c403770a0308560eb806ac49e49",27
"TMEM114","retry","Missing result","",0
"TMEM115","retry","Missing result","",0
"TMEM116","retry","Missing result","",0
"TMEM117","retry","Missing result","",0
"TMEM119","retry","Missing result","",0
"TMEM120A","retry","Missing result","",0
"TMEM120B","retry","Missing result","",0
"TMEM121","retry","Missing result","",0
"TMEM123","retry","Missing result","",0
"TMEM125","retry","Missing result","",0
"TMEM126A","retry","Missing result","",0
"TMEM126B","retry","Missing result","",0
"TMEM127","retry","Missing result","",0
"TMEM128","retry","Missing result","",0
"TMEM129","retry","Missing result","",0
"TMEM130","retry","Missing result","",0
"TMEM131","retry","Missing result","",0
"TMEM132A","retry","Missing result","",0
"TMEM132B","retry","Missing result","",0
"TMEM132C","retry","Missing result","",0
"TMEM132D","retry","Missing result","",0
"TMEM132E","retry","Missing result","",0
"TMEM134","retry","Missing result","",0
"TMEM135","retry","Missing result","",0
"TMEM138","retry","Missing result","",0
"TMEM139","retry","Missing result","",0
"TMEM140","retry","Missing result","",0
"TMEM141","retry","Missing result","",0
"TMEM143","retry","Missing result","",0
"TMEM144","retry","Missing result","",0
"TMEM145","retry","Missing result","",0
"TMEM147","retry","Missing result","",0
"TMEM14A","retry","Missing result","",0
"TMEM14B","retry","Missing result","",0
"TMEM14C","retry","Missing result","",0
"TMEM150A","retry","Missing result","",0
"TMEM150B","retry","Missing result","",0
"TMEM150C","retry","Missing result","",0
"TMEM151A","retry","Missing result","",0
"TMEM151B","retry","Missing result","",0
"TMEM154","retry","Missing result","",0
"TMEM156","retry","Missing result","",0
"TMEM158","retry","Missing result","",0
"TMEM159","retry","Missing result","",0
"TMEM160","retry","Missing result","",0
"TMEM161A","valid","Validated converged fits","d78a2f910eb8b44871f1d49c2108c48d",27
"TMEM161B","valid","Validated converged fits","c58d87c178c34f595c2f277e23de23f0",27
"TMEM163","valid","Validated converged fits","13ffb2761149e99d9835d78ce19af9e8",27
"TMEM164","retry","PLINK failed for TMEM164 on chromosome X with exit status 7","e2a6e411809868fbed8822ec43386ee4",0
"TMEM165","valid","Validated converged fits","122a46b268a642141a229c5322fb98d7",27
"TMEM167A","valid","Validated converged fits","121e390f6d0cd2ff101a63622474ebd9",27
"TMEM167B","valid","Validated converged fits","e8b14dbcba3b58b580687af577e174fe",27
"TMEM168","valid","Validated converged fits","d418e297f9e0f9b2c90f5c1dfd516675",27
"TMEM169","valid","Validated converged fits","4cb05ba4684fa0ae446dbf84619f82c2",27
"TMEM17","valid","Validated converged fits","4981dcfbddb85162bd409d30ca29cf60",27
"TMEM170A","valid","Validated converged fits","4ee08bbbb42a02d2d763e87247536492",27
"TMEM170B","valid","Validated converged fits","1a48009cd5c9e19321ac3666b0598a24",27
"TMEM171","valid","Validated converged fits","02b5aded7d3942c0a6181674a6664d54",27
"TMEM174","valid","Validated converged fits","ede83c446c20648f27d3a18fd70c3022",27
"TMEM175","valid","Validated converged fits","adec14b6bd5aee4ba456cd0dc116b34d",27
"TMEM176A","valid","Validated converged fits","58a437827c4c8b062376d72107cb7358",27
"TMEM176B","valid","Validated converged fits","434bfe2a1c192a871a67460d443901c1",27
"TMEM177","retry","Missing result","",0
"TMEM178A","retry","Missing result","",0
"TMEM178B","retry","Missing result","",0
"TMEM179","retry","Missing result","",0
"TMEM179B","retry","Missing result","",0
"TMEM18","retry","Missing result","",0
"TMEM181","retry","Missing result","",0
"TMEM182","retry","Missing result","",0
"TMEM183A","retry","Missing result","",0
"TMEM184A","retry","Missing result","",0
"TMEM184B","retry","Missing result","",0
"TMEM184C","retry","Missing result","",0
"TMEM185A","retry","Missing result","",0
"TMEM185B","retry","Missing result","",0
"TMEM186","retry","Missing result","",0
"TMEM187","retry","Missing result","",0
"TMEM19","retry","Missing result","",0
"TMEM190","retry","Missing result","",0
"TMEM191B","retry","Missing result","",0
"TMEM191C","retry","Missing result","",0
"TMEM192","retry","Missing result","",0
"TMEM196","retry","Missing result","",0
"TMEM198","retry","Missing result","",0
"TMEM199","retry","Missing result","",0
"TMEM200A","retry","Missing result","",0
"TMEM200B","retry","Missing result","",0
"TMEM200C","retry","Missing result","",0
"TMEM201","retry","Missing result","",0
"TMEM202","retry","Missing result","",0
"TMEM203","retry","Missing result","",0
"TMEM204","retry","Missing result","",0
"TMEM205","retry","Missing result","",0
"TMEM207","retry","Missing result","",0
"TMEM208","retry","Missing result","",0
"TMEM209","retry","Missing result","",0
"TMEM210","retry","Missing result","",0
"TMEM211","retry","Missing result","",0
"TMEM212","retry","Missing result","",0
"TMEM213","retry","Missing result","",0
"TMEM214","retry","Missing result","",0
"TMEM215","retry","Missing result","",0
"TMEM216","retry","Missing result","",0
"TMEM217","retry","Missing result","",0
"TMEM218","retry","Missing result","",0
"TMEM219","retry","Missing result","",0
"TMEM220","valid","Validated converged fits","448bebcd88623b37713bea728a06f190",27
"TMEM221","valid","Validated converged fits","dbff1baebe8bfac24c4695d49e52dd29",27
"TMEM222","valid","Validated converged fits","77a134c4660e0e302366f5b059bff578",27
"TMEM223","valid","Validated converged fits","8af487bf1591566d74155d4aa0770326",27
"TMEM225","retry","PLINK failed for TMEM225 on chromosome 11 with exit status 127","c41481406d47107a4c5246f170c21420",0
"TMEM229A","valid","Validated converged fits","993e9c52b9d8607e9abc7ab91d62b36e",27
"TMEM229B","retry","PLINK failed for TMEM229B on chromosome 14 with exit status 127","838a8d365e7538ef37a2958ba6f97e26",0
"TMEM230","valid","Validated converged fits","8943b8c576c2f3e9d37aab62eef36a9a",27
"TMEM231","valid","Validated converged fits","1844e3ce400de42c1db9ce24422cc5c0",27
"TMEM232","valid","Validated converged fits","394c8b9236856bb8a9b34d93f7ae3c1f",27
"TMEM233","valid","Validated converged fits","358a84d007b4a8c7b1881a8af664af64",27
"TMEM234","valid","Validated converged fits","c0b14de0d886159fb30f96567aa9e2be",27
"TMEM235","valid","Validated converged fits","39864207afde193d9b44b0a6d6dbc695",27
"TMEM236","retry","PLINK failed for TMEM236 on chromosome 10 with exit status 127","b9fad467632d193ee78cc96b3bc5b8be",0
"TMEM237","valid","Validated converged fits","5b86d8ffe28cf45fae69a114223628df",27
"TMEM238","valid","Validated converged fits","662ad56f93b259993abac64b7e1ebe5e",27
"TMEM239","valid","Validated converged fits","a71d39083fd022e69a290f2c9567c7ba",27
"TMEM240","valid","Validated converged fits","847c199c146dafdf42838f8fb35f0e66",27
"TMEM241","valid","Validated converged fits","3a323cdec2bf942ff7e6f7749e414333",27
"TMEM242","valid","Validated converged fits","b31a8658561758e66390c011639c6e9d",27
"TMEM243","retry","PLINK failed for TMEM243 on chromosome 7 with exit status 127","7b29701413c704c4f1a351ec0cd5d69f",0
"TMEM244","retry","Missing result","",0
"TMEM245","retry","Missing result","",0
"TMEM247","retry","Missing result","",0
"TMEM248","retry","Missing result","",0
"TMEM249","retry","Missing result","",0
"TMEM25","retry","Missing result","",0
"TMEM251","retry","Missing result","",0
"TMEM252","retry","Missing result","",0
"TMEM253","retry","Missing result","",0
"TMEM254","retry","Missing result","",0
"TMEM255A","retry","Missing result","",0
"TMEM255B","retry","Missing result","",0
"TMEM256","retry","Missing result","",0
"TMEM258","retry","Missing result","",0
"TMEM259","retry","Missing result","",0
"TMEM26","retry","Missing result","",0
"TMEM260","retry","Missing result","",0
"TMEM262","retry","Missing result","",0
"TMEM263","retry","Missing result","",0
"TMEM265","retry","Missing result","",0
"TMEM266","retry","Missing result","",0
"TMEM267","retry","Missing result","",0
"TMEM268","retry","Missing result","",0
"TMEM269","retry","Missing result","",0
"TMEM30A","retry","Missing result","",0
"TMEM30B","retry","Missing result","",0
"TMEM31","retry","Missing result","",0
"TMEM33","retry","Missing result","",0
"TMEM35A","retry","Missing result","",0
"TMEM35B","retry","Missing result","",0
"TMEM37","retry","Missing result","",0
"TMEM38A","retry","Missing result","",0
"TMEM38B","retry","Missing result","",0
"TMEM39A","retry","Missing result","",0
"TMEM39B","retry","Missing result","",0
"TMEM40","retry","Missing result","",0
"TMEM41A","retry","Missing result","",0
"TMEM41B","retry","Missing result","",0
"TMEM42","retry","Missing result","",0
"TMEM43","retry","Missing result","",0
"TMEM44","retry","Missing result","",0
"TMEM45A","valid","Validated converged fits","4cf47bc3578a7cd98840eb23a7ccdeda",27
"TMEM45B","valid","Validated converged fits","0039971e2f2aeb8be5db860b8c2fe240",27
"TMEM47","retry","PLINK failed for TMEM47 on chromosome X with exit status 7","75f3af6682777fd876829a8712ce8611",0
"TMEM50A","valid","Validated converged fits","5c1accadeea931c207c8c9eb850e4a91",27
"TMEM50B","valid","Validated converged fits","2f0a7a119f1f588785100eacdb9633a5",27
"TMEM51","retry","PLINK failed for TMEM51 on chromosome 1 with exit status 127","97099f272527b4c197ae7d20d16ec99c",0
"TMEM52","valid","Validated converged fits","df5cbf8579651e46d23f7f3e81cb3b52",27
"TMEM52B","retry","PLINK failed for TMEM52B on chromosome 12 with exit status 127","05e8f9e0a5af255c84c01f4c1ad27274",0
"TMEM53","valid","Validated converged fits","6034c4be270b39b650f34e0cd6375386",27
"TMEM54","valid","Validated converged fits","5926e146c69c0bc2192ce2df405d983f",27
"TMEM59","valid","Validated converged fits","71516f0cbdd6f0ef10f63f3080d37880",27
"TMEM59L","valid","Validated converged fits","307a0afa16b33487fefe0eefa1b51407",27
"TMEM60","valid","Validated converged fits","bad19098851a333cf897862bb3fe5701",27
"TMEM61","valid","Validated converged fits","1b82ccf24803b3595c25c63f7e4ab407",27
"TMEM62","valid","Validated converged fits","f9d8ca2e28e020ddde1de0ca5f592027",27
"TMEM63A","valid","Validated converged fits","153ef49b418972d5e9af8c1cc63029b2",27
"TMEM63B","valid","Validated converged fits","4e66e5f65e5f530e816a42719ecc5bdf",27
"TMEM63C","retry","PLINK failed for TMEM63C on chromosome 14 with exit status 127","74baa2e8d52859460a9038f65372ef93",0
"TMEM64","valid","Validated converged fits","cfb0cf02e2a456e3b29ae36b611572a5",27
"TMEM65","valid","Validated converged fits","5b9665924222a6142b7c350738a4b752",27
"TMEM67","valid","Validated converged fits","a0bd556f57f8e8bac2e9692383f69189",27
"TMEM68","valid","Validated converged fits","65113ede74b961655806687ab1468e35",27
"TMEM69","valid","Validated converged fits","5d27dbfedf9186d950df03115e200f92",27
"TMEM70","retry","Missing result","",0
"TMEM71","retry","Missing result","",0
"TMEM72","retry","Missing result","",0
"TMEM74","retry","Missing result","",0
"TMEM74B","retry","Missing result","",0
"TMEM79","retry","Missing result","",0
"TMEM80","retry","Missing result","",0
"TMEM81","retry","Missing result","",0
"TMEM82","retry","Missing result","",0
"TMEM86A","retry","Missing result","",0
"TMEM86B","retry","Missing result","",0
"TMEM87A","retry","Missing result","",0
"TMEM87B","retry","Missing result","",0
"TMEM88","retry","Missing result","",0
"TMEM88B","retry","Missing result","",0
"TMEM89","retry","Missing result","",0
"TMEM8B","retry","Missing result","",0
"TMEM9","retry","Missing result","",0
"TMEM91","retry","Missing result","",0
"TMEM92","retry","Missing result","",0
"TMEM94","retry","Missing result","",0
"TMEM95","retry","Missing result","",0
"TMEM97","retry","Missing result","",0
"TMEM98","retry","Missing result","",0
"TMEM9B","retry","Missing result","",0
"TMF1","retry","Missing result","",0
"TMIE","retry","Missing result","",0
"TMIGD1","retry","Missing result","",0
"TMIGD2","retry","Missing result","",0
"TMIGD3","retry","Missing result","",0
"TMLHE","retry","Missing result","",0
"TMOD1","retry","Missing result","",0
"TMOD2","retry","Missing result","",0
"TMOD3","retry","Missing result","",0
"TMOD4","retry","Missing result","",0
"TMPO","retry","Missing result","",0
"TMPPE","retry","Missing result","",0
"TMPRSS11A","retry","Missing result","",0
"TMPRSS11B","retry","Missing result","",0
"TMPRSS11D","valid","Validated converged fits","03641ad8f972c33df1cdb268a8f8ec2b",27
"TMPRSS11E","valid","Validated converged fits","1b9629c8ec93ed8317f9ea0d97d2a31e",27
"TMPRSS11F","valid","Validated converged fits","392037150941015183bdd83de626f3e6",27
"TMPRSS12","valid","Validated converged fits","cc229eb7178d60c5f63ed5aeb2f89001",27
"TMPRSS13","valid","Validated converged fits","4ddca27473662cac88d577d4b1d4b2ad",27
"TMPRSS15","valid","Validated converged fits","b2cf226718372551340b86992e23e3c8",27
"TMPRSS2","valid","Validated converged fits","a3d23e3c904c65af31bc16f4c822b6f1",27
"TMPRSS3","valid","Validated converged fits","5b2a92eb551b6a3b924e7efd06756c50",27
"TMPRSS4","valid","Validated converged fits","987583f6054cb867d5c8313fbdd4f6be",27
"TMPRSS5","valid","Validated converged fits","c0272d82077b0a59df07759226a6849a",27
"TMPRSS6","valid","Validated converged fits","97ea4de727b0fcdcd7d8c137bde87c51",27
"TMPRSS7","valid","Validated converged fits","fc37e16d632c954e569e4f0a59032714",27
"TMPRSS9","valid","Validated converged fits","7073e3dbbe63ef8009ec5d7e98ea5a9c",27
"TMSB10","valid","Validated converged fits","16a9b94e251a13c2dbc41d52479df3ae",27
"TMSB15A","retry","PLINK failed for TMSB15A on chromosome X with exit status 7","a313b525d6b240c86778cc97a083a92f",0
"TMSB15B","retry","PLINK failed for TMSB15B on chromosome X with exit status 7","c691bf33489d7b7e8b12e28ee1c00ff5",0
"TMSB4X","retry","PLINK failed for TMSB4X on chromosome X with exit status 7","9ec472aa4c36a480b50908108f9e9eb7",0
"TMSB4Y","retry","PLINK failed for TMSB4Y on chromosome Y with exit status 7","b2dfde585b5c4f15020e0c5db2ae4fa2",0
"TMTC1","retry","Missing result","",0
"TMTC2","retry","Missing result","",0
"TMTC3","retry","Missing result","",0
"TMTC4","retry","Missing result","",0
"TMUB1","retry","Missing result","",0
"TMUB2","retry","Missing result","",0
"TMX1","retry","Missing result","",0
"TMX2","retry","Missing result","",0
"TMX3","retry","Missing result","",0
"TMX4","retry","Missing result","",0
"TNC","retry","Missing result","",0
"TNF","retry","Missing result","",0
"TNFAIP1","retry","Missing result","",0
"TNFAIP2","retry","Missing result","",0
"TNFAIP3","retry","Missing result","",0
"TNFAIP6","retry","Missing result","",0
"TNFAIP8","retry","Missing result","",0
"TNFAIP8L1","retry","Missing result","",0
"TNFAIP8L2","retry","Missing result","",0
"TNFAIP8L3","retry","Missing result","",0
"TNFRSF10A","retry","Missing result","",0
"TNFRSF10B","retry","Missing result","",0
"TNFRSF10C","retry","Missing result","",0
"TNFRSF10D","retry","Missing result","",0
"TNFRSF11A","retry","Missing result","",0
"TNFRSF11B","retry","Missing result","",0
"TNFRSF12A","retry","Missing result","",0
"TNFRSF13B","retry","Missing result","",0
"TNFRSF13C","retry","Missing result","",0
"TNFRSF14","retry","Missing result","",0
"TNFRSF17","retry","Missing result","",0
"TNFRSF18","retry","Missing result","",0
"TNFRSF19","retry","Missing result","",0
"TNFRSF1A","retry","Missing result","",0
"TNFRSF1B","retry","Missing result","",0
"TNFRSF21","retry","Missing result","",0
"TNFRSF25","retry","Missing result","",0
"TNFRSF4","retry","Missing result","",0
"TNFRSF6B","retry","Missing result","",0
"TNFRSF8","retry","Missing result","",0
"TNFRSF9","retry","Missing result","",0
"TNFSF10","retry","Missing result","",0
"TNFSF11","retry","Missing result","",0
"TNFSF12","retry","Missing result","",0
"TNFSF13","valid","Validated converged fits","e9b7b8f52d2a3c0b47d323591ee856c4",27
"TNFSF13B","valid","Validated converged fits","85341f5180f579e21920d02e494f457d",27
"TNFSF14","valid","Validated converged fits","7a70ea37a49ac58ef5451096722d7efc",27
"TNFSF15","valid","Validated converged fits","fa0f2bc9ae614bb25ed9b0ef4d9b69b2",27
"TNFSF18","valid","Validated converged fits","de69b0ed23e48dd257059b70b37d4a72",27
"TNFSF4","valid","Validated converged fits","2147d850ef4457334f533922d73db57e",27
"TNFSF8","valid","Validated converged fits","61a718ea352a4444f7f883d17cfd431b",27
"TNFSF9","valid","Validated converged fits","d79c2c6914a37690aeb26e2c8e470ae2",27
"TNIK","valid","Validated converged fits","5c9fcc115f7543e0091b0cb753d805e9",27
"TNIP1","valid","Validated converged fits","ad3c59d697f33361c6f6b2a58671467d",27
"TNIP2","valid","Validated converged fits","66ce270a95bb7a85aa037a951bc0115d",27
"TNIP3","retry","Missing result","",0
"TNK1","retry","Missing result","",0
"TNK2","retry","Missing result","",0
"TNKS","retry","Missing result","",0
"TNKS1BP1","retry","Missing result","",0
"TNKS2","retry","Missing result","",0
"TNMD","retry","Missing result","",0
"TNN","retry","Missing result","",0
"TNNC1","retry","Missing result","",0
"TNNC2","retry","Missing result","",0
"TNNI1","retry","Missing result","",0
"TNNI2","retry","Missing result","",0
"TNNI3","retry","Missing result","",0
"TNNI3K","retry","Missing result","",0
"TNNT1","retry","Missing result","",0
"TNNT2","retry","Missing result","",0
"TNNT3","retry","Missing result","",0
"TNP1","retry","Missing result","",0
"TNP2","retry","Missing result","",0
"TNPO1","retry","Missing result","",0
"TNPO2","retry","Missing result","",0
"TNPO3","retry","Missing result","",0
"TNR","retry","Missing result","",0
"TNRC18","retry","Missing result","",0
"TNRC6A","retry","Missing result","",0
"TNRC6B","retry","Missing result","",0
"TNRC6C","retry","Missing result","",0
"TNS1","retry","Missing result","",0
"TNS2","retry","Missing result","",0
"TNS3","retry","Missing result","",0
"TNS4","retry","Missing result","",0
"TNXB","retry","Missing result","",0
"TOB1","retry","Missing result","",0
"TOB2","retry","Missing result","",0
"TOE1","retry","Missing result","",0
"TOGARAM1","retry","Missing result","",0
"TOGARAM2","retry","Missing result","",0
"TOLLIP","retry","Missing result","",0
"TOM1","retry","Missing result","",0
"TOM1L1","retry","Missing result","",0
"TOM1L2","retry","Missing result","",0
"TOMM20","retry","Missing result","",0
"TOMM20L","retry","Missing result","",0
"TOMM22","retry","Missing result","",0
"TOMM34","retry","Missing result","",0
"TOMM40","retry","Missing result","",0
"TOMM40L","retry","Missing result","",0
"TOMM5","retry","Missing result","",0
"TOMM6","retry","Missing result","",0
"TOMM7","retry","Missing result","",0
"TOMM70","retry","Missing result","",0
"TONSL","valid","Validated converged fits","7159f00ad7025670c37e0923a7f2f361",27
"TOP1","valid","Validated converged fits","90d0d548a3c22c7be022f0159d11366d",27
"TOP1MT","valid","Validated converged fits","219340fba6cad90581fe0c3f79400d39",27
"TOP2A","retry","PLINK failed for TOP2A on chromosome 17 with exit status 127","0707eac0ce4e82dbefb845393d36f9cb",0
"TOP2B","valid","Validated converged fits","3347e696783f5f8b9cb1adb159e8127f",27
"TOP3A","retry","PLINK failed for TOP3A on chromosome 17 with exit status 127","03be15674907d6a02a0ec10a1c15ef54",0
"TOP3B","valid","Validated converged fits","ec2735900639ce58ef6d88692ef04de3",27
"TOPAZ1","valid","Validated converged fits","c16221fb92437d25e57122c014543e1a",27
"TOPBP1","retry","PLINK failed for TOPBP1 on chromosome 3 with exit status 127","7ef0d1bad4c53f00daa9df9c95e7df82",0
"TOPORS","retry","PLINK failed for TOPORS on chromosome 9 with exit status 127","67c85c56405d800c625c73e9522718b0",0
"TOR1A","retry","PLINK failed for TOR1A on chromosome 9 with exit status 127","24c2f01f9af2f2fdcb822054d1d74ae2",0
"TOR1AIP1","retry","PLINK failed for TOR1AIP1 on chromosome 1 with exit status 127","216c11bb8492796d23f9b0cc7b8f4389",0
"TOR1AIP2","retry","PLINK failed for TOR1AIP2 on chromosome 1 with exit status 127","7e0b01ee68c822d2f4cc5417c260939f",0
"TOR1B","retry","PLINK failed for TOR1B on chromosome 9 with exit status 127","45f511f1ca627c487b5de50bf1bb565e",0
"TOR2A","retry","PLINK failed for TOR2A on chromosome 9 with exit status 127","12f8615540325077785d59e44c83da05",0
"TOR3A","retry","PLINK failed for TOR3A on chromosome 1 with exit status 127","417764f6afd035cb6ab2479f882fcfed",0
"TOR4A","retry","PLINK failed for TOR4A on chromosome 9 with exit status 127","da8d72c14d6322018a3865b24cac38de",0
"TOX","retry","PLINK failed for TOX on chromosome 8 with exit status 127","7c1f42085253b827f7122299eb0e65d3",0
"TOX2","retry","PLINK failed for TOX2 on chromosome 20 with exit status 127","f4ea1c37773d1ab7470dab9eb0988ea5",0
"TOX3","retry","PLINK failed for TOX3 on chromosome 16 with exit status 127","0dd729800d624a4dbad3267d65d8c634",0
"TOX4","retry","PLINK failed for TOX4 on chromosome 14 with exit status 127","d2f0ef560739de0b5b637650564f2b07",0
"TP53","valid","Validated converged fits","75c0e7aaca848ac76031d329efa13666",27
"TP53AIP1","retry","PLINK failed for TP53AIP1 on chromosome 11 with exit status 127","42dce873f8faf2006b444854f6938c16",0
"TP53BP1","retry","Missing result","",0
"TP53BP2","retry","Missing result","",0
"TP53I11","retry","Missing result","",0
"TP53I13","retry","Missing result","",0
"TP53I3","retry","Missing result","",0
"TP53INP1","retry","Missing result","",0
"TP53INP2","retry","Missing result","",0
"TP53RK","retry","Missing result","",0
"TP53TG3","retry","Missing result","",0
"TP53TG3B","retry","Missing result","",0
"TP53TG3C","retry","Missing result","",0
"TP53TG3D","retry","Missing result","",0
"TP53TG3E","retry","Missing result","",0
"TP53TG3F","retry","Missing result","",0
"TP53TG5","retry","Missing result","",0
"TP63","retry","Missing result","",0
"TP73","retry","Missing result","",0
"TPBG","retry","Missing result","",0
"TPBGL","retry","Missing result","",0
"TPCN1","retry","Missing result","",0
"TPCN2","retry","Missing result","",0
"TPD52","retry","Missing result","",0
"TPD52L1","retry","Missing result","",0
"TPD52L2","retry","Missing result","",0
"TPD52L3","retry","Missing result","",0
"TPGS1","retry","Missing result","",0
"TPGS2","retry","Missing result","",0
"TPH1","retry","Missing result","",0
"TPH2","retry","Missing result","",0
"TPI1","retry","Missing result","",0
"TPK1","retry","Missing result","",0
"TPM1","retry","Missing result","",0
"TPM2","retry","Missing result","",0
"TPM3","retry","Missing result","",0
"TPM4","retry","Missing result","",0
"TPMT","retry","Missing result","",0
"TPO","retry","Missing result","",0
"TPP1","retry","Missing result","",0
"TPP2","retry","Missing result","",0
"TPPP","valid","Validated converged fits","37a106398e896b7233c6ad0cfce42bc8",27
"TPPP2","valid","Validated converged fits","7e5c97b335669efaebebd791cf72d80e",27
"TPPP3","valid","Validated converged fits","242290884693521d0c9caa9e52edd22e",27
"TPR","valid","Validated converged fits","868ac65c1e1bca3213ea716d2b8ee870",27
"TPRA1","valid","Validated converged fits","e788d3d6eb31182eadac17a2dd08c9bb",27
"TPRG1","valid","Validated converged fits","6e11f47eed3b3419c4caa1849e43bc80",27
"TPRG1L","valid","Validated converged fits","51fdb8e329d2d6ea91210f99bd1e5d33",27
"TPRKB","retry","Missing result","",0
"TPRN","retry","Missing result","",0
"TPRX1","retry","Missing result","",0
"TPSAB1","retry","Missing result","",0
"TPSB2","retry","Missing result","",0
"TPSD1","retry","Missing result","",0
"TPSG1","retry","Missing result","",0
"TPST1","retry","Missing result","",0
"TPST2","retry","Missing result","",0
"TPT1","retry","Missing result","",0
"TPTE","retry","Missing result","",0
"TPTE2","retry","Missing result","",0
"TPX2","retry","Missing result","",0
"TRA2A","retry","Missing result","",0
"TRA2B","retry","Missing result","",0
"TRABD","retry","Missing result","",0
"TRABD2A","retry","Missing result","",0
"TRABD2B","retry","Missing result","",0
"TRADD","retry","Missing result","",0
"TRAF1","retry","Missing result","",0
"TRAF2","retry","Missing result","",0
"TRAF3","retry","Missing result","",0
"TRAF3IP1","retry","Missing result","",0
"TRAF3IP2","retry","Missing result","",0
"TRAF3IP3","retry","Missing result","",0
"TRAF4","retry","Missing result","",0
"TRAF5","retry","Missing result","",0
"TRAF6","retry","Missing result","",0
"TRAF7","retry","Missing result","",0
"TRAFD1","retry","Missing result","",0
"TRAIP","retry","Missing result","",0
"TRAK1","retry","Missing result","",0
"TRAK2","retry","Missing result","",0
"TRAM1","retry","Missing result","",0
"TRAM1L1","retry","Missing result","",0
"TRAM2","retry","Missing result","",0
"TRANK1","retry","Missing result","",0
"TRAP1","retry","Missing result","",0
"TRAPPC1","retry","Missing result","",0
"TRAPPC10","retry","Missing result","",0
"TRAPPC11","retry","Missing result","",0
"TRAPPC12","retry","Missing result","",0
"TRAPPC13","retry","Missing result","",0
"TRAPPC2","retry","Missing result","",0
"TRAPPC2B","retry","Missing result","",0
"TRAPPC2L","retry","Missing result","",0
"TRAPPC3","retry","Missing result","",0
"TRAPPC3L","retry","Missing result","",0
"TRAPPC4","retry","Missing result","",0
"TRAPPC5","retry","Missing result","",0
"TRAPPC6A","retry","Missing result","",0
"TRAPPC6B","retry","Missing result","",0
"TRAPPC8","retry","Missing result","",0
"TRAPPC9","retry","Missing result","",0
"TRAT1","retry","Missing result","",0
"TRDMT1","valid","Validated converged fits","ed820bee1c655639ff982ee3c7b06843",27
"TRDN","valid","Validated converged fits","a41d9003cdccb484cdb675e0dd44415b",27
"TREH","valid","Validated converged fits","12c7b5141668a8f383c8904cc51979fb",27
"TREM1","valid","Validated converged fits","5021f81577d269f775d3e28f7aa274a2",27
"TREM2","valid","Validated converged fits","f05e9374ccffbdd9b275abba8c481e16",27
"TREML1","valid","Validated converged fits","a90d4f590cda9b806c8ccb20bf2198a3",27
"TREML2","retry","PLINK failed for TREML2 on chromosome 6 with exit status 127","b2807353bf45513fdd95885391d8f088",0
"TREML4","retry","Missing result","",0
"TRERF1","retry","Missing result","",0
"TREX1","retry","Missing result","",0
"TREX2","retry","Missing result","",0
"TRH","retry","Missing result","",0
"TRHDE","retry","Missing result","",0
"TRHR","retry","Missing result","",0
"TRIAP1","retry","Missing result","",0
"TRIB1","retry","Missing result","",0
"TRIB2","retry","Missing result","",0
"TRIB3","retry","Missing result","",0
"TRIL","retry","Missing result","",0
"TRIM10","retry","Missing result","",0
"TRIM11","retry","Missing result","",0
"TRIM13","retry","Missing result","",0
"TRIM14","retry","Missing result","",0
"TRIM15","retry","Missing result","",0
"TRIM16","retry","Missing result","",0
"TRIM17","retry","Missing result","",0
"TRIM2","retry","Missing result","",0
"TRIM21","retry","Missing result","",0
"TRIM22","retry","Missing result","",0
"TRIM23","retry","Missing result","",0
"TRIM24","retry","Missing result","",0
"TRIM25","retry","Missing result","",0
"TRIM26","retry","Missing result","",0
"TRIM27","retry","Missing result","",0
"TRIM28","retry","Missing result","",0
"TRIM29","retry","Missing result","",0
"TRIM3","retry","Missing result","",0
"TRIM31","retry","Missing result","",0
"TRIM32","retry","Missing result","",0
"TRIM33","retry","Missing result","",0
"TRIM34","retry","Missing result","",0
"TRIM35","retry","Missing result","",0
"TRIM36","retry","Missing result","",0
"TRIM37","retry","Missing result","",0
"TRIM38","retry","Missing result","",0
"TRIM39","retry","Missing result","",0
"TRIM4","retry","Missing result","",0
"TRIM40","retry","Missing result","",0
"TRIM41","retry","Missing result","",0
"TRIM42","retry","Missing result","",0
"TRIM43","retry","Missing result","",0
"TRIM43B","retry","Missing result","",0
"TRIM44","retry","Missing result","",0
"TRIM45","retry","Missing result","",0
"TRIM46","retry","Missing result","",0
"TRIM47","retry","Missing result","",0
"TRIM48","retry","Missing result","",0
"TRIM49","retry","Missing result","",0
"TRIM49B","retry","Missing result","",0
"TRIM49C","retry","Missing result","",0
"TRIM49D1","retry","Missing result","",0
"TRIM49D2","retry","Missing result","",0
"TRIM5","valid","Validated converged fits","efbe860b7aba3ecb005c24b6fc624770",27
"TRIM50","valid","Validated converged fits","f65b4fa2e079d8587460ba8130281d77",27
"TRIM51","valid","Validated converged fits","291642bb3d31b7c2a82a2f14ff4a7986",26
"TRIM51GP","valid","Validated converged fits","e4ea6d2edd4a6de90448d6c084e89750",25
"TRIM52","valid","Validated converged fits","d8e4c785edd5e08101cf0c2ff335540c",27
"TRIM54","valid","Validated converged fits","5b60f996a6ee960f6e38db058cb3be3c",27
"TRIM55","retry","Missing result","",0
"TRIM56","retry","Missing result","",0
"TRIM58","retry","Missing result","",0
"TRIM59","retry","Missing result","",0
"TRIM6","retry","Missing result","",0
"TRIM60","retry","Missing result","",0
"TRIM61","retry","Missing result","",0
"TRIM62","retry","Missing result","",0
"TRIM63","retry","Missing result","",0
"TRIM64","retry","Missing result","",0
"TRIM64B","retry","Missing result","",0
"TRIM64C","retry","Missing result","",0
"TRIM65","retry","Missing result","",0
"TRIM66","retry","Missing result","",0
"TRIM67","retry","Missing result","",0
"TRIM68","retry","Missing result","",0
"TRIM69","retry","Missing result","",0
"TRIM7","retry","Missing result","",0
"TRIM71","retry","Missing result","",0
"TRIM72","retry","Missing result","",0
"TRIM73","retry","Missing result","",0
"TRIM74","retry","Missing result","",0
"TRIM75P","retry","Missing result","",0
"TRIM77","retry","Missing result","",0
"TRIM8","retry","Missing result","",0
"TRIM9","retry","Missing result","",0
"TRIML1","retry","Missing result","",0
"TRIML2","retry","Missing result","",0
"TRIO","retry","Missing result","",0
"TRIOBP","retry","Missing result","",0
"TRIP10","retry","Missing result","",0
"TRIP11","retry","Missing result","",0
"TRIP12","retry","Missing result","",0
"TRIP13","retry","Missing result","",0
"TRIP4","retry","Missing result","",0
"TRIP6","retry","Missing result","",0
"TRIQK","retry","Missing result","",0
"TRIT1","retry","Missing result","",0
"TRMO","retry","Missing result","",0
"TRMT1","retry","Missing result","",0
"TRMT10A","retry","Missing result","",0
"TRMT10B","retry","Missing result","",0
"TRMT10C","retry","Missing result","",0
"TRMT11","retry","Missing result","",0
"TRMT112","retry","Missing result","",0
"TRMT12","retry","Missing result","",0
"TRMT13","retry","Missing result","",0
"TRMT1L","retry","Missing result","",0
"TRMT2A","retry","Missing result","",0
"TRMT2B","retry","Missing result","",0
"TRMT44","retry","Missing result","",0
"TRMT5","retry","Missing result","",0
"TRMT6","retry","Missing result","",0
"TRMT61A","retry","Missing result","",0
"TRMT61B","retry","Missing result","",0
"TRMU","retry","Missing result","",0
"TRNAU1AP","retry","Missing result","",0
"TRNP1","retry","Missing result","",0
"TRNT1","retry","Missing result","",0
"TRO","retry","Missing result","",0
"TROAP","retry","Missing result","",0
"TRPA1","retry","Missing result","",0
"TRPC1","retry","Missing result","",0
"TRPC3","retry","Missing result","",0
"TRPC4","retry","Missing result","",0
"TRPC4AP","retry","Missing result","",0
"TRPC5","retry","Missing result","",0
"TRPC5OS","retry","Missing result","",0
"TRPC6","retry","Missing result","",0
"TRPC7","retry","Missing result","",0
"TRPM1","retry","Missing result","",0
"TRPM2","retry","Missing result","",0
"TRPM3","retry","Missing result","",0
"TRPM4","retry","Missing result","",0
"TRPM5","retry","Missing result","",0
"TRPM6","retry","Missing result","",0
"TRPM7","retry","Missing result","",0
"TRPM8","retry","Missing result","",0
"TRPS1","retry","Missing result","",0
"TRPT1","retry","Missing result","",0
"TRPV1","retry","Missing result","",0
"TRPV2","retry","Missing result","",0
"TRPV3","retry","Missing result","",0
"TRPV4","retry","Missing result","",0
"TRPV5","retry","Missing result","",0
"TRPV6","retry","Missing result","",0
"TRRAP","retry","Missing result","",0
"TRUB1","retry","Missing result","",0
"TRUB2","retry","Missing result","",0
"TSACC","retry","Missing result","",0
"TSC1","retry","Missing result","",0
"TSC2","retry","Missing result","",0
"TSC22D1","retry","Missing result","",0
"TSC22D2","retry","Missing result","",0
"TSC22D3","retry","Missing result","",0
"TSC22D4","retry","Missing result","",0
"TSEN15","retry","Missing result","",0
"TSEN2","retry","Missing result","",0
"TSEN34","retry","Missing result","",0
"TSEN54","retry","Missing result","",0
"TSFM","retry","Missing result","",0
"TSG101","retry","Missing result","",0
"TSGA10","retry","Missing result","",0
"TSGA10IP","retry","Missing result","",0
"TSGA13","retry","Missing result","",0
"TSHB","retry","Missing result","",0
"TSHR","retry","Missing result","",0
"TSHZ1","retry","Missing result","",0
"TSHZ2","retry","Missing result","",0
"TSHZ3","retry","Missing result","",0
"TSKS","retry","Missing result","",0
"TSKU","retry","Missing result","",0
"TSLP","retry","Missing result","",0
"TSN","retry","Missing result","",0
"TSNARE1","retry","Missing result","",0
"TSNAX","retry","Missing result","",0
"TSNAXIP1","retry","Missing result","",0
"TSPAN1","retry","Missing result","",0
"TSPAN10","retry","Missing result","",0
"TSPAN11","retry","Missing result","",0
"TSPAN12","retry","Missing result","",0
"TSPAN13","retry","Missing result","",0
"TSPAN14","retry","Missing result","",0
"TSPAN15","retry","Missing result","",0
"TSPAN16","retry","Missing result","",0
"TSPAN17","retry","Missing result","",0
"TSPAN18","retry","Missing result","",0
"TSPAN19","retry","Missing result","",0
"TSPAN2","retry","Missing result","",0
"TSPAN3","retry","Missing result","",0
"TSPAN31","retry","Missing result","",0
"TSPAN32","retry","Missing result","",0
"TSPAN33","retry","Missing result","",0
"TSPAN4","retry","Missing result","",0
"TSPAN5","retry","Missing result","",0
"TSPAN6","retry","Missing result","",0
"TSPAN7","retry","Missing result","",0
"TSPAN8","retry","Missing result","",0
"TSPAN9","retry","Missing result","",0
"TSPEAR","retry","Missing result","",0
"TSPO","retry","Missing result","",0
"TSPO2","retry","Missing result","",0
"TSPOAP1","retry","Missing result","",0
"TSPY1","retry","Missing result","",0
"TSPY10","retry","Missing result","",0
"TSPY2","retry","Missing result","",0
"TSPY3","retry","Missing result","",0
"TSPY4","retry","Missing result","",0
"TSPY8","retry","Missing result","",0
"TSPY9P","retry","Missing result","",0
"TSPYL1","retry","Missing result","",0
"TSPYL2","retry","Missing result","",0
"TSPYL4","retry","Missing result","",0
"TSPYL5","retry","Missing result","",0
"TSPYL6","retry","Missing result","",0
"TSR1","retry","Missing result","",0
"TSR2","retry","Missing result","",0
"TSR3","retry","Missing result","",0
"TSSC4","retry","Missing result","",0
"TSSK1B","retry","Missing result","",0
"TSSK3","retry","Missing result","",0
"TSSK4","retry","Missing result","",0
"TSSK6","retry","Missing result","",0
"TST","retry","Missing result","",0
"TSTD1","retry","Missing result","",0
"TSTD2","retry","Missing result","",0
"TSTD3","retry","Missing result","",0
"TTBK1","retry","Missing result","",0
"TTBK2","retry","Missing result","",0
"TTC1","retry","Missing result","",0
"TTC12","retry","Missing result","",0
"TTC13","retry","Missing result","",0
"TTC14","retry","Missing result","",0
"TTC16","retry","Missing result","",0
"TTC17","retry","Missing result","",0
"TTC19","retry","Missing result","",0
"TTC21A","retry","Missing result","",0
"TTC21B","retry","Missing result","",0
"TTC22","retry","Missing result","",0
"TTC23","retry","Missing result","",0
"TTC23L","retry","Missing result","",0
"TTC24","retry","Missing result","",0
"TTC25","retry","Missing result","",0
"TTC26","retry","Missing result","",0
"TTC27","retry","Missing result","",0
"TTC28","retry","Missing result","",0
"TTC29","retry","Missing result","",0
"TTC3","retry","Missing result","",0
"TTC30A","retry","Missing result","",0
"TTC30B","retry","Missing result","",0
"TTC31","retry","Missing result","",0
"TTC32","retry","Missing result","",0
"TTC33","retry","Missing result","",0
"TTC34","retry","Missing result","",0
"TTC36","retry","Missing result","",0
"TTC37","retry","Missing result","",0
"TTC38","retry","Missing result","",0
"TTC39A","retry","Missing result","",0
"TTC39B","retry","Missing result","",0
"TTC39C","retry","Missing result","",0
"TTC4","retry","Missing result","",0
"TTC5","retry","Missing result","",0
"TTC6","retry","Missing result","",0
"TTC7A","retry","Missing result","",0
"TTC7B","retry","Missing result","",0
"TTC8","retry","Missing result","",0
"TTC9","retry","Missing result","",0
"TTC9B","retry","Missing result","",0
"TTC9C","retry","Missing result","",0
"TTF1","retry","Missing result","",0
"TTF2","retry","Missing result","",0
"TTI1","retry","Missing result","",0
"TTI2","retry","Missing result","",0
"TTK","retry","Missing result","",0
"TTL","retry","Missing result","",0
"TTLL1","retry","Missing result","",0
"TTLL10","retry","Missing result","",0
"TTLL11","retry","Missing result","",0
"TTLL12","retry","Missing result","",0
"TTLL13P","retry","Missing result","",0
"TTLL2","retry","Missing result","",0
"TTLL3","retry","Missing result","",0
"TTLL4","retry","Missing result","",0
"TTLL5","retry","Missing result","",0
"TTLL6","retry","Missing result","",0
"TTLL7","retry","Missing result","",0
"TTLL8","retry","Missing result","",0
"TTLL9","retry","Missing result","",0
"TTN","retry","Missing result","",0
"TTPA","retry","Missing result","",0
"TTPAL","retry","Missing result","",0
"TTR","retry","Missing result","",0
"TTYH1","retry","Missing result","",0
"TTYH2","retry","Missing result","",0
"TTYH3","retry","Missing result","",0
"TUB","retry","Missing result","",0
"TUBA1A","retry","Missing result","",0
"TUBA1B","retry","Missing result","",0
"TUBA1C","retry","Missing result","",0
"TUBA3C","retry","Missing result","",0
"TUBA3D","retry","Missing result","",0
"TUBA3E","retry","Missing result","",0
"TUBA4A","retry","Missing result","",0
"TUBA4B","retry","Missing result","",0
"TUBA8","retry","Missing result","",0
"TUBAL3","retry","Missing result","",0
"TUBB","retry","Missing result","",0
"TUBB1","retry","Missing result","",0
"TUBB2A","retry","Missing result","",0
"TUBB2B","retry","Missing result","",0
"TUBB3","retry","Missing result","",0
"TUBB4A","retry","Missing result","",0
"TUBB4B","retry","Missing result","",0
"TUBB6","retry","Missing result","",0
"TUBB8","retry","Missing result","",0
"TUBD1","retry","Missing result","",0
"TUBE1","retry","Missing result","",0
"TUBG1","retry","Missing result","",0
"TUBG2","retry","Missing result","",0
"TUBGCP2","retry","Missing result","",0
"TUBGCP3","retry","Missing result","",0
"TUBGCP4","retry","Missing result","",0
"TUBGCP5","retry","Missing result","",0
"TUBGCP6","retry","Missing result","",0
"TUFM","retry","Missing result","",0
"TUFT1","retry","Missing result","",0
"TUG1","retry","Missing result","",0
"TULP1","retry","Missing result","",0
"TULP2","retry","Missing result","",0
"TULP3","retry","Missing result","",0
"TULP4","retry","Missing result","",0
"TUNAR","retry","Missing result","",0
"TUSC1","retry","Missing result","",0
"TUSC2","retry","Missing result","",0
"TUSC3","retry","Missing result","",0
"TUT1","retry","Missing result","",0
"TVP23A","retry","Missing result","",0
"TVP23B","retry","Missing result","",0
"TVP23C","retry","Missing result","",0
"TWF1","retry","Missing result","",0
"TWF2","retry","Missing result","",0
"TWIST1","retry","Missing result","",0
"TWIST2","retry","Missing result","",0
"TWNK","retry","Missing result","",0
"TWSG1","retry","Missing result","",0
"TXK","retry","Missing result","",0
"TXLNA","retry","Missing result","",0
"TXLNB","retry","Missing result","",0
"TXLNG","retry","Missing result","",0
"TXN","retry","Missing result","",0
"TXN2","retry","Missing result","",0
"TXNDC11","retry","Missing result","",0
"TXNDC12","retry","Missing result","",0
"TXNDC15","retry","Missing result","",0
"TXNDC16","retry","Missing result","",0
"TXNDC17","retry","Missing result","",0
"TXNDC2","retry","Missing result","",0
"TXNDC5","retry","Missing result","",0
"TXNDC8","retry","Missing result","",0
"TXNDC9","retry","Missing result","",0
"TXNIP","retry","Missing result","",0
"TXNL1","retry","Missing result","",0
"TXNL4A","retry","Missing result","",0
"TXNL4B","retry","Missing result","",0
"TXNRD1","retry","Missing result","",0
"TXNRD2","retry","Missing result","",0
"TXNRD3","retry","Missing result","",0
"TYK2","retry","Missing result","",0
"TYMP","retry","Missing result","",0
"TYMS","retry","Missing result","",0
"TYR","retry","Missing result","",0
"TYRO3","retry","Missing result","",0
"TYROBP","retry","Missing result","",0
"TYRP1","retry","Missing result","",0
"TYSND1","retry","Missing result","",0
"TYW1","retry","Missing result","",0
"TYW1B","retry","Missing result","",0
"TYW3","retry","Missing result","",0
"TYW5","retry","Missing result","",0
"U2AF1","retry","Missing result","",0
"U2AF1L4","retry","Missing result","",0
"U2AF1L5","retry","Missing result","",0
"U2AF2","retry","Missing result","",0
"U2SURP","retry","Missing result","",0
"UACA","retry","Missing result","",0
"UAP1","retry","Missing result","",0
"UAP1L1","retry","Missing result","",0
"UBA1","retry","Missing result","",0
"UBA2","retry","Missing result","",0
"UBA3","retry","Missing result","",0
"UBA5","retry","Missing result","",0
"UBA52","retry","Missing result","",0
"UBA6","retry","Missing result","",0
"UBA7","retry","Missing result","",0
"UBAC1","retry","Missing result","",0
"UBAC2","retry","Missing result","",0
"UBALD1","retry","Missing result","",0
"UBALD2","retry","Missing result","",0
"UBAP1","retry","Missing result","",0
"UBAP1L","retry","Missing result","",0
"UBAP2","retry","Missing result","",0
"UBAP2L","retry","Missing result","",0
"UBASH3A","retry","Missing result","",0
"UBASH3B","retry","Missing result","",0
"UBB","retry","Missing result","",0
"UBC","retry","Missing result","",0
"UBD","retry","Missing result","",0
"UBE2A","retry","Missing result","",0
"UBE2B","retry","Missing result","",0
"UBE2C","retry","Missing result","",0
"UBE2D1","retry","Missing result","",0
"UBE2D2","retry","Missing result","",0
"UBE2D3","retry","Missing result","",0
"UBE2D4","retry","Missing result","",0
"UBE2E1","retry","Missing result","",0
"UBE2E2","retry","Missing result","",0
"UBE2E3","retry","Missing result","",0
"UBE2F","retry","Missing result","",0
"UBE2G1","retry","Missing result","",0
"UBE2G2","retry","Missing result","",0
"UBE2H","retry","Missing result","",0
"UBE2I","retry","Missing result","",0
"UBE2J1","retry","Missing result","",0
"UBE2J2","retry","Missing result","",0
"UBE2K","retry","Missing result","",0
"UBE2L3","retry","Missing result","",0
"UBE2L6","valid","Validated converged fits","d889416ccb2b531e3aa10d96d375dd5a",27
"UBE2M","valid","Validated converged fits","52e43026abffcc26e4a44fc736ec3582",27
"UBE2N","valid","Validated converged fits","c4ad00877e3f27c29df61d3e6644f579",27
"UBE2O","retry","Missing result","",0
"UBE2Q1","retry","Missing result","",0
"UBE2Q2","retry","Missing result","",0
"UBE2QL1","retry","Missing result","",0
"UBE2R2","retry","Missing result","",0
"UBE2S","retry","Missing result","",0
"UBE2T","retry","Missing result","",0
"UBE2U","retry","Missing result","",0
"UBE2V1","retry","Missing result","",0
"UBE2V2","retry","Missing result","",0
"UBE2W","retry","Missing result","",0
"UBE2Z","retry","Missing result","",0
"UBE3A","retry","Missing result","",0
"UBE3B","retry","Missing result","",0
"UBE3C","retry","Missing result","",0
"UBE3D","retry","Missing result","",0
"UBE4A","retry","Missing result","",0
"UBE4B","retry","Missing result","",0
"UBFD1","retry","Missing result","",0
"UBIAD1","retry","Missing result","",0
"UBL3","retry","Missing result","",0
"UBL4A","retry","Missing result","",0
"UBL4B","retry","Missing result","",0
"UBL5","retry","Missing result","",0
"UBL7","retry","Missing result","",0
"UBLCP1","retry","Missing result","",0
"UBN1","retry","Missing result","",0
"UBN2","retry","Missing result","",0
"UBOX5","retry","Missing result","",0
"UBP1","retry","Missing result","",0
"UBQLN1","retry","Missing result","",0
"UBQLN2","retry","Missing result","",0
"UBQLN3","retry","Missing result","",0
"UBQLN4","retry","Missing result","",0
"UBQLNL","retry","Missing result","",0
"UBR1","retry","Missing result","",0
"UBR2","retry","Missing result","",0
"UBR3","retry","Missing result","",0
"UBR4","retry","Missing result","",0
"UBR5","retry","Missing result","",0
"UBR7","retry","Missing result","",0
"UBTD1","retry","Missing result","",0
"UBTD2","retry","Missing result","",0
"UBTF","retry","Missing result","",0
"UBTFL1","retry","Missing result","",0
"UBXN1","retry","Missing result","",0
"UBXN10","retry","Missing result","",0
"UBXN11","retry","Missing result","",0
"UBXN2A","retry","Missing result","",0
"UBXN2B","retry","Missing result","",0
"UBXN4","retry","Missing result","",0
"UBXN6","retry","Missing result","",0
"UBXN7","retry","Missing result","",0
"UBXN8","retry","Missing result","",0
"UCHL1","retry","Missing result","",0
"UCHL3","retry","Missing result","",0
"UCHL5","retry","Missing result","",0
"UCK1","retry","Missing result","",0
"UCK2","retry","Missing result","",0
"UCKL1","valid","Validated converged fits","1711ebad355ebeab8b43d77dd80a3b97",27
"UCMA","valid","Validated converged fits","84c0ca58379711b1d8d7edc387838b6e",27
"UCN","valid","Validated converged fits","51597bb78ae165f09e13a4e1b703ca9b",27
"UCN2","valid","Validated converged fits","18e34157cb8fec519a1f85bc9f96d46d",27
"UCN3","valid","Validated converged fits","6177fda678efcbc9d362bf41183835cf",27
"UCP1","retry","Missing result","",0
"UCP2","retry","Missing result","",0
"UCP3","retry","Missing result","",0
"UEVLD","retry","Missing result","",0
"UFC1","retry","Missing result","",0
"UFL1","retry","Missing result","",0
"UFM1","retry","Missing result","",0
"UFSP1","retry","Missing result","",0
"UFSP2","retry","Missing result","",0
"UGCG","retry","Missing result","",0
"UGDH","retry","Missing result","",0
"UGGT1","retry","Missing result","",0
"UGGT2","retry","Missing result","",0
"UGP2","retry","Missing result","",0
"UGT1A1","retry","Missing result","",0
"UGT1A10","retry","Missing result","",0
"UGT1A3","retry","Missing result","",0
"UGT1A4","retry","Missing result","",0
"UGT1A5","retry","Missing result","",0
"UGT1A6","retry","Missing result","",0
"UGT1A7","retry","Missing result","",0
"UGT1A8","retry","Missing result","",0
"UGT1A9","retry","Missing result","",0
"UGT2A1","retry","Missing result","",0
"UGT2A2","retry","Missing result","",0
"UGT2A3","retry","Missing result","",0
"UGT2B10","retry","Missing result","",0
"UGT2B11","retry","Missing result","",0
"UGT2B15","retry","Missing result","",0
"UGT2B17","retry","Missing result","",0
"UGT2B28","retry","Missing result","",0
"UGT2B4","retry","Missing result","",0
"UGT2B7","retry","Missing result","",0
"UGT3A1","retry","Missing result","",0
"UGT3A2","retry","Missing result","",0
"UGT8","retry","Missing result","",0
"UHMK1","retry","Missing result","",0
"UHRF1","retry","Missing result","",0
"UHRF1BP1","retry","Missing result","",0
"UHRF1BP1L","retry","Missing result","",0
"UHRF2","retry","Missing result","",0
"UIMC1","retry","Missing result","",0
"ULBP1","retry","Missing result","",0
"ULBP2","retry","Missing result","",0
"ULBP3","retry","Missing result","",0
"ULK1","retry","Missing result","",0
"ULK2","retry","Missing result","",0
"ULK3","retry","Missing result","",0
"ULK4","retry","Missing result","",0
"UMAD1","retry","Missing result","",0
"UMOD","retry","Missing result","",0
"UMODL1","retry","Missing result","",0
"UMPS","retry","Missing result","",0
"UNC119","retry","Missing result","",0
"UNC119B","retry","Missing result","",0
"UNC13A","retry","Missing result","",0
"UNC13B","retry","Missing result","",0
"UNC13C","valid","Validated converged fits","e012bfb04ea6352256be81023e37cdda",27
"UNC13D","valid","Validated converged fits","e8a878691376cfc50f6f3e118b0f4ace",27
"UNC45A","valid","Validated converged fits","5b388b9bdfc4cb69882711653453e580",27
"UNC45B","valid","Validated converged fits","7085701ff178e7beec51c9349577da68",27
"UNC50","retry","PLINK failed for UNC50 on chromosome 2 with exit status 127","dbc7e15460541d0cc6a3e7dad0884cea",0
"UNC5A","valid","Validated converged fits","6b748260c3bbce32b675154652fea1d8",27
"UNC5B","retry","Missing result","",0
"UNC5C","retry","Missing result","",0
"UNC5CL","retry","Missing result","",0
"UNC5D","retry","Missing result","",0
"UNC79","retry","Missing result","",0
"UNC80","retry","Missing result","",0
"UNC93A","retry","Missing result","",0
"UNC93B1","retry","Missing result","",0
"UNCX","retry","Missing result","",0
"UNG","retry","Missing result","",0
"UNK","retry","Missing result","",0
"UNKL","retry","Missing result","",0
"UPB1","retry","Missing result","",0
"UPF1","retry","Missing result","",0
"UPF2","retry","Missing result","",0
"UPF3A","retry","Missing result","",0
"UPF3B","retry","Missing result","",0
"UPK1A","retry","Missing result","",0
"UPK1B","retry","Missing result","",0
"UPK2","retry","Missing result","",0
"UPK3A","retry","Missing result","",0
"UPK3B","retry","Missing result","",0
"UPP1","retry","Missing result","",0
"UPP2","retry","Missing result","",0
"UPRT","retry","Missing result","",0
"UQCC1","retry","Missing result","",0
"UQCC2","retry","Missing result","",0
"UQCC3","retry","Missing result","",0
"UQCR10","retry","Missing result","",0
"UQCR11","retry","Missing result","",0
"UQCRB","retry","Missing result","",0
"UQCRC1","retry","Missing result","",0
"UQCRC2","retry","Missing result","",0
"UQCRFS1","retry","Missing result","",0
"UQCRH","retry","Missing result","",0
"UQCRHL","retry","Missing result","",0
"UQCRQ","retry","Missing result","",0
"URAD","retry","Missing result","",0
"URB1","retry","Missing result","",0
"URB2","retry","Missing result","",0
"URGCP","retry","Missing result","",0
"URI1","retry","Missing result","",0
"URM1","retry","Missing result","",0
"UROC1","retry","Missing result","",0
"UROD","retry","Missing result","",0
"UROS","retry","Missing result","",0
"USB1","retry","Missing result","",0
"USE1","retry","Missing result","",0
"USF1","retry","Missing result","",0
"USF2","retry","Missing result","",0
"USF3","retry","Missing result","",0
"USH1C","retry","Missing result","",0
"USH1G","retry","Missing result","",0
"USH2A","retry","Missing result","",0
"USHBP1","retry","Missing result","",0
"USO1","retry","Missing result","",0
"USP1","valid","Validated converged fits","eddf8bcc4cd840dd517d66014c14384e",27
"USP10","valid","Validated converged fits","bd7d44f9dc5d131e551659b0174d0d70",27
"USP11","retry","PLINK failed for USP11 on chromosome X with exit status 7","4b6ad508684bf215d9f01c719267fa20",0
"USP12","retry","Missing result","",0
"USP13","retry","Missing result","",0
"USP14","retry","Missing result","",0
"USP15","retry","Missing result","",0
"USP16","retry","Missing result","",0
"USP17L1","retry","Missing result","",0
"USP17L10","retry","Missing result","",0
"USP17L11","retry","Missing result","",0
"USP17L12","retry","Missing result","",0
"USP17L13","retry","Missing result","",0
"USP17L15","retry","Missing result","",0
"USP17L17","retry","Missing result","",0
"USP17L18","retry","Missing result","",0
"USP17L19","retry","Missing result","",0
"USP17L2","retry","Missing result","",0
"USP17L20","retry","Missing result","",0
"USP17L21","retry","Missing result","",0
"USP17L22","retry","Missing result","",0
"USP17L23","retry","Missing result","",0
"USP17L24","retry","Missing result","",0
"USP17L25","retry","Missing result","",0
"USP17L26","retry","Missing result","",0
"USP17L27","retry","Missing result","",0
"USP17L28","retry","Missing result","",0
"USP17L29","retry","Missing result","",0
"USP17L3","retry","Missing result","",0
"USP17L30","retry","Missing result","",0
"USP17L4","retry","Missing result","",0
"USP17L5","retry","Missing result","",0
"USP17L7","retry","Missing result","",0
"USP17L8","retry","Missing result","",0
"USP18","retry","Missing result","",0
"USP19","retry","Missing result","",0
"USP2","retry","Missing result","",0
"USP20","retry","Missing result","",0
"USP21","retry","Missing result","",0
"USP22","retry","Missing result","",0
"USP24","retry","Missing result","",0
"USP25","retry","Missing result","",0
"USP26","retry","Missing result","",0
"USP27X","retry","Missing result","",0
"USP28","retry","Missing result","",0
"USP29","retry","Missing result","",0
"USP3","retry","Missing result","",0
"USP30","retry","Missing result","",0
"USP31","retry","Missing result","",0
"USP32","retry","Missing result","",0
"USP33","retry","Missing result","",0
"USP34","retry","Missing result","",0
"USP35","retry","Missing result","",0
"USP36","retry","Missing result","",0
"USP37","retry","Missing result","",0
"USP38","retry","Missing result","",0
"USP39","retry","Missing result","",0
"USP4","retry","Missing result","",0
"USP40","retry","Missing result","",0
"USP41","retry","Missing result","",0
"USP42","retry","Missing result","",0
"USP43","retry","Missing result","",0
"USP44","valid","Validated converged fits","5d2f8fe0d9ed596812fd34f74ee562bb",27
"USP45","valid","Validated converged fits","62cf2286c565bdc454d6429d9a52640b",27
"USP46","valid","Validated converged fits","dd19f3a4be381e127a33de284635c9b0",27
"USP47","valid","Validated converged fits","9a6245d78b89752e07275206de27b7db",27
"USP48","valid","Validated converged fits","8459f5b050c15ed81432a87a72d8e01b",27
"USP49","valid","Validated converged fits","68fe4254abaa754b7ada2dda696eb610",27
"USP5","valid","Validated converged fits","afd03beab2031f542526909cae2728a9",27
"USP50","valid","Validated converged fits","8b213595e491113a016d116a57b37ae9",27
"USP51","retry","PLINK failed for USP51 on chromosome X with exit status 7","74f7556edffd8482d19da6853b86fc65",0
"USP53","valid","Validated converged fits","b40863c853be7ed1af4180c142fee53b",27
"USP54","valid","Validated converged fits","c8c358935b6e8d7930ecc3b4d8532bad",27
"USP6","valid","Validated converged fits","b544b28764b57f864f99f45e06c7d65f",27
"USP6NL","valid","Validated converged fits","6c6f0de1edfbebb082ba1c987d2a6b8c",27
"USP7","retry","Missing result","",0
"USP8","retry","Missing result","",0
"USP9X","retry","Missing result","",0
"USP9Y","retry","Missing result","",0
"USPL1","retry","Missing result","",0
"UST","retry","Missing result","",0
"UTF1","retry","Missing result","",0
"UTP11","retry","Missing result","",0
"UTP14A","retry","Missing result","",0
"UTP14C","retry","Missing result","",0
"UTP15","retry","Missing result","",0
"UTP18","retry","Missing result","",0
"UTP20","retry","Missing result","",0
"UTP23","retry","Missing result","",0
"UTP3","retry","Missing result","",0
"UTP4","retry","Missing result","",0
"UTP6","retry","Missing result","",0
"UTRN","retry","Missing result","",0
"UTS2","retry","Missing result","",0
"UTS2B","retry","Missing result","",0
"UTS2R","retry","Missing result","",0
"UTY","retry","Missing result","",0
"UVRAG","retry","Missing result","",0
"UVSSA","retry","Missing result","",0
"UXS1","retry","Missing result","",0
"UXT","retry","Missing result","",0
"VAC14","retry","Missing result","",0
"VAMP1","retry","Missing result","",0
"VAMP2","retry","Missing result","",0
"VAMP3","retry","Missing result","",0
"VAMP4","retry","Missing result","",0
"VAMP5","retry","Missing result","",0
"VAMP7","retry","Missing result","",0
"VAMP8","retry","Missing result","",0
"VANGL1","retry","Missing result","",0
"VANGL2","retry","Missing result","",0
"VAPA","retry","Missing result","",0
"VAPB","retry","Missing result","",0
"VARS2","retry","Missing result","",0
"VASH1","retry","Missing result","",0
"VASH2","retry","Missing result","",0
"VASN","retry","Missing result","",0
"VASP","retry","Missing result","",0
"VAT1","retry","Missing result","",0
"VAT1L","retry","Missing result","",0
"VAV1","retry","Missing result","",0
"VAV2","retry","Missing result","",0
"VAV3","retry","Missing result","",0
"VAX1","retry","Missing result","",0
"VAX2","valid","Validated converged fits","9559d287aee4623c3faeac33e4523f29",27
"VBP1","retry","PLINK failed for VBP1 on chromosome X with exit status 7","48517ff11f04bf0d0e2f1762227ec872",0
"VCAM1","valid","Validated converged fits","49b9db146a76433fa1e96e6f061d73a5",27
"VCAN","valid","Validated converged fits","98439e0f224e834548232c8242e2d256",27
"VCL","valid","Validated converged fits","be1667824606cbb193f750ccb886f267",27
"VCP","valid","Validated converged fits","97074ad0bd2e1c291d2bdccd6fb33b05",27
"VCPIP1","valid","Validated converged fits","c5d964654e5bcbb421b78f88decc58f3",27
"VCPKMT","valid","Validated converged fits","c17bc38e746ab2c61014408925e83346",27
"VCX","retry","PLINK failed for VCX on chromosome X with exit status 7","cd1b12235455dfe2402449aef2663766",0
"VCX2","retry","PLINK failed for VCX2 on chromosome X with exit status 7","8a5be5070c18a590a2c9186a5a0924aa",0
"VCX3A","retry","PLINK failed for VCX3A on chromosome X with exit status 7","44a70c33d16b51eec8fe61188437a71e",0
"VCX3B","retry","PLINK failed for VCX3B on chromosome X with exit status 7","0b35a565536106d0f256d6e4fb414614",0
"VCY","retry","PLINK failed for VCY on chromosome Y with exit status 7","c3db468b5344dbc62de1d35aa398bbf5",0
"VCY1B","retry","PLINK failed for VCY1B on chromosome Y with exit status 7","e13cf01305ae81f113b0e7989c2c742a",0
"VDAC1","valid","Validated converged fits","40c28bfc5459b27d04cfe6aa4776c20c",27
"VDAC2","valid","Validated converged fits","b66d652e5c154bad1e27cd597c147928",27
"VDAC3","valid","Validated converged fits","e948c98892a80b51768785dc30ab555c",27
"VDR","valid","Validated converged fits","9fa77c7d128717c0e740ce663788420f",27
"VEGFA","valid","Validated converged fits","8e0eb00a8698b247d8934090d8236c00",27
"VEGFB","valid","Validated converged fits","4d079bf9fe9d63388f51a10035c95a34",27
"VEGFC","valid","Validated converged fits","d951186e59dd62a97e2aaf16f9290428",27
"VEGFD","retry","PLINK failed for VEGFD on chromosome X with exit status 7","d5ea495729d2573b3bf9f8537b6585cc",0
"VENTX","valid","Validated converged fits","9fd81a545b87ba4f060dce180a57fd17",27
"VEPH1","valid","Validated converged fits","03d9c5eb6d5e83373f49d4a538acfd96",27
"VEZF1","valid","Validated converged fits","4cb516af5e4a866eb4c08bd90a9d7762",27
"VEZT","retry","Missing result","",0
"VGF","retry","Missing result","",0
"VGLL1","retry","Missing result","",0
"VGLL2","retry","Missing result","",0
"VGLL3","retry","Missing result","",0
"VGLL4","retry","Missing result","",0
"VHL","retry","Missing result","",0
"VHLL","retry","Missing result","",0
"VIL1","retry","Missing result","",0
"VILL","retry","Missing result","",0
"VIM","retry","Missing result","",0
"VIP","retry","Missing result","",0
"VIPAS39","retry","Missing result","",0
"VIPR1","retry","Missing result","",0
"VIPR2","retry","Missing result","",0
"VIT","retry","Missing result","",0
"VKORC1","retry","Missing result","",0
"VKORC1L1","retry","Missing result","",0
"VLDLR","retry","Missing result","",0
"VMA21","retry","Missing result","",0
"VMAC","retry","Missing result","",0
"VMO1","retry","Missing result","",0
"VMP1","retry","Missing result","",0
"VN1R1","retry","Missing result","",0
"VN1R2","retry","Missing result","",0
"VN1R4","retry","Missing result","",0
"VNN1","retry","Missing result","",0
"VNN2","retry","Missing result","",0
"VNN3","retry","Missing result","",0
"VOPP1","retry","Missing result","",0
"VPREB1","retry","Missing result","",0
"VPREB3","retry","Missing result","",0
"VPS11","retry","Missing result","",0
"VPS13A","retry","Missing result","",0
"VPS13B","retry","Missing result","",0
"VPS13C","retry","Missing result","",0
"VPS13D","retry","Missing result","",0
"VPS16","valid","Validated converged fits","5e986c4bd62694af5ccd9460bc98a5b7",27
"VPS18","valid","Validated converged fits","497fa2776f3c5c262dd3f0b834d70644",27
"VPS25","valid","Validated converged fits","82457f46d33f040d5af52083c2141d3b",27
"VPS26A","valid","Validated converged fits","9390b6ec02280c83a7a7c96af8d2979a",27
"VPS26B","valid","Validated converged fits","88f46bad60ca74e5f3f519ad76b9e0d2",27
"VPS28","valid","Validated converged fits","72de0724a189be7107f417ddcc470312",27
"VPS29","valid","Validated converged fits","c1ff241482f6bc560a21c896ecc7503d",27
"VPS33A","valid","Validated converged fits","eb68d535036d011eb6295d31a682b822",27
"VPS33B","valid","Validated converged fits","14887139dccd854da4b1e64155116fab",27
"VPS35","valid","Validated converged fits","845b88b9d948e9ce1d5ba97eb4f19bce",27
"VPS36","valid","Validated converged fits","608686bc17e9e6b6797febf0b24ab5e7",27
"VPS37A","valid","Validated converged fits","0ba7f09f1bf67ba8f2fe9232b439d7d4",27
"VPS37B","valid","Validated converged fits","ee5df0c4e258bcb1cc3e1d46a7b781b5",27
"VPS37C","valid","Validated converged fits","5eda7406c49f66761fd69513d2e1811b",27
"VPS37D","valid","Validated converged fits","7c3bcddef24a5bd05fc3fea168765636",27
"VPS39","valid","Validated converged fits","307aedfe866d279056cce05721f682ab",27
"VPS41","retry","Missing result","",0
"VPS45","retry","Missing result","",0
"VPS4A","retry","Missing result","",0
"VPS4B","retry","Missing result","",0
"VPS50","retry","Missing result","",0
"VPS51","retry","Missing result","",0
"VPS52","retry","Missing result","",0
"VPS53","retry","Missing result","",0
"VPS54","retry","Missing result","",0
"VPS72","retry","Missing result","",0
"VPS8","retry","Missing result","",0
"VPS9D1","retry","Missing result","",0
"VRK1","retry","Missing result","",0
"VRK2","retry","Missing result","",0
"VRK3","retry","Missing result","",0
"VRTN","retry","Missing result","",0
"VSIG1","retry","Missing result","",0
"VSIG10","retry","Missing result","",0
"VSIG10L","retry","Missing result","",0
"VSIG2","retry","Missing result","",0
"VSIG4","retry","Missing result","",0
"VSIG8","retry","Missing result","",0
"VSIR","retry","Missing result","",0
"VSNL1","retry","Missing result","",0
"VSTM1","retry","Missing result","",0
"VSTM2A","retry","Missing result","",0
"VSTM2B","retry","Missing result","",0
"VSTM2L","retry","Missing result","",0
"VSTM4","retry","Missing result","",0
"VSTM5","retry","Missing result","",0
"VSX1","retry","Missing result","",0
"VSX2","retry","Missing result","",0
"VTA1","retry","Missing result","",0
"VTCN1","retry","Missing result","",0
"VTI1A","retry","Missing result","",0
"VTI1B","retry","Missing result","",0
"VTN","retry","Missing result","",0
"VWA1","retry","Missing result","",0
"VWA2","retry","Missing result","",0
"VWA3A","retry","Missing result","",0
"VWA3B","retry","Missing result","",0
"VWA5A","retry","Missing result","",0
"VWA5B1","retry","Missing result","",0
"VWA5B2","retry","Missing result","",0
"VWA7","retry","Missing result","",0
"VWA8","retry","Missing result","",0
"VWC2","valid","Validated converged fits","aa806e5a831879873500b4a6095b1837",27
"VWC2L","valid","Validated converged fits","43e9216fd627c8f11721c8bfb5b4a92c",27
"VWCE","valid","Validated converged fits","a0c04315bd09579a5637eaf1acec003f",27
"VWDE","valid","Validated converged fits","b0664ff47a07e8712683a5bbb8e10805",27
"VWF","valid","Validated converged fits","36324e68e1bda44d6830dac1a62cfa85",27
"WAC","valid","Validated converged fits","8c8e90aa74b153664fe3e867a7803880",27
"WAPL","valid","Validated converged fits","760a1c1d0eaf1481c20aa5cc514cfb03",27
"WARS2","valid","Validated converged fits","3fa635857ff66d617285ec87ea493f43",27
"WAS","retry","PLINK failed for WAS on chromosome X with exit status 7","dfaab503b6078232490bfbe424dabdb1",0
"WASF1","valid","Validated converged fits","d952181ce64e4c6b78a3db21c95508fb",27
"WASF2","valid","Validated converged fits","62e21dde3e0a7b821b7cffe816d55904",27
"WASF3","valid","Validated converged fits","371470ab4a4c546b330db403867e3399",27
"WASH6P","retry","PLINK failed for WASH6P on chromosome X with exit status 7","2df5f255f9f6b085b235aaf8917c0134",0
"WASHC1","valid","Validated converged fits","e7883cab4387ac46ce12a27492efa8be",27
"WASHC2A","valid","Validated converged fits","039534b06108bf6877cb8dc58849cd9e",27
"WASHC2C","valid","Validated converged fits","b15ac3186c5ef6112e5c822d1fa8f4b3",27
"WASHC3","valid","Validated converged fits","c693a748192123903f01c6beaa4fe498",27
"WASHC4","retry","Missing result","",0
"WASHC5","retry","Missing result","",0
"WASL","retry","Missing result","",0
"WBP1","retry","Missing result","",0
"WBP11","retry","Missing result","",0
"WBP1L","retry","Missing result","",0
"WBP2","retry","Missing result","",0
"WBP2NL","retry","Missing result","",0
"WBP4","retry","Missing result","",0
"WDCP","retry","Missing result","",0
"WDFY1","retry","Missing result","",0
"WDFY2","retry","Missing result","",0
"WDFY3","retry","Missing result","",0
"WDFY4","retry","Missing result","",0
"WDHD1","retry","Missing result","",0
"WDPCP","retry","Missing result","",0
"WDR1","retry","Missing result","",0
"WDR11","retry","Missing result","",0
"WDR12","retry","Missing result","",0
"WDR13","retry","Missing result","",0
"WDR17","retry","Missing result","",0
"WDR18","retry","Missing result","",0
"WDR19","retry","Missing result","",0
"WDR20","retry","Missing result","",0
"WDR24","retry","Missing result","",0
"WDR25","retry","Missing result","",0
"WDR26","retry","Missing result","",0
"WDR27","retry","Missing result","",0
"WDR3","retry","Missing result","",0
"WDR31","retry","Missing result","",0
"WDR33","retry","Missing result","",0
"WDR35","retry","Missing result","",0
"WDR36","retry","Missing result","",0
"WDR37","retry","Missing result","",0
"WDR38","retry","Missing result","",0
"WDR4","retry","Missing result","",0
"WDR41","retry","Missing result","",0
"WDR43","retry","Missing result","",0
"WDR44","retry","Missing result","",0
"WDR45","retry","Missing result","",0
"WDR45B","retry","Missing result","",0
"WDR46","retry","Missing result","",0
"WDR47","retry","Missing result","",0
"WDR48","retry","Missing result","",0
"WDR49","retry","Missing result","",0
"WDR5","valid","Validated converged fits","41ac7019df32d40ff2e8940917327d2c",27
"WDR53","valid","Validated converged fits","7d5644e98664e65c3ecee20372932597",27
"WDR54","valid","Validated converged fits","1d6d8e69798f7eab5f4512f53228fe67",27
"WDR55","valid","Validated converged fits","fb5f02727aab4a0039e652d40963d1db",27
"WDR59","valid","Validated converged fits","3bedd5aa4f0b970c950b6387c8c64778",27
"WDR5B","valid","Validated converged fits","40a4e4fc24b1fcf162630480e1989f6f",27
"WDR6","valid","Validated converged fits","4270fb6582fa95356fe06ab2e769e6a3",27
"WDR61","valid","Validated converged fits","1b453b3414cba61f32dee9bed4abf7c8",27
"WDR62","valid","Validated converged fits","c08a80e57c7f7e4ffc4ef10b670ae97b",27
"WDR64","valid","Validated converged fits","5ad1499d95590e74b36d311c21b623dc",27
"WDR7","valid","Validated converged fits","eb2e7080eb1851b2bf8cf9587ea1abf1",27
"WDR70","valid","Validated converged fits","189b80680ab355b9415ee5b87abda97a",27
"WDR72","valid","Validated converged fits","9df495b4877a972ff7b0f76fd981b52c",27
"WDR73","valid","Validated converged fits","ced89ac0f6b23602b491113b9c4efbb0",27
"WDR74","valid","Validated converged fits","f54ac33abdd2604cdd5affc8dbf439fe",27
"WDR75","valid","Validated converged fits","eb295f8d5ddb059bc04b4eb14ba38990",27
"WDR76","valid","Validated converged fits","933060670a33492b971dcd7a33a8c246",27
"WDR77","retry","Missing result","",0
"WDR81","retry","Missing result","",0
"WDR82","retry","Missing result","",0
"WDR83","retry","Missing result","",0
"WDR83OS","retry","Missing result","",0
"WDR86","retry","Missing result","",0
"WDR87","retry","Missing result","",0
"WDR88","retry","Missing result","",0
"WDR89","retry","Missing result","",0
"WDR90","retry","Missing result","",0
"WDR91","retry","Missing result","",0
"WDR92","retry","Missing result","",0
"WDR93","retry","Missing result","",0
"WDR97","retry","Missing result","",0
"WDSUB1","retry","Missing result","",0
"WDTC1","retry","Missing result","",0
"WEE1","retry","Missing result","",0
"WEE2","retry","Missing result","",0
"WFDC1","retry","Missing result","",0
"WFDC10A","retry","Missing result","",0
"WFDC10B","retry","Missing result","",0
"WFDC11","retry","Missing result","",0
"WFDC12","retry","Missing result","",0
"WFDC13","retry","Missing result","",0
"WFDC2","retry","Missing result","",0
"WFDC3","retry","Missing result","",0
"WFDC5","retry","Missing result","",0
"WFDC6","retry","Missing result","",0
"WFDC8","retry","Missing result","",0
"WFDC9","retry","Missing result","",0
"WFIKKN1","retry","Missing result","",0
"WFIKKN2","retry","Missing result","",0
"WFS1","retry","Missing result","",0
"WHAMM","retry","Missing result","",0
"WHRN","retry","Missing result","",0
"WIF1","retry","Missing result","",0
"WIPF1","retry","Missing result","",0
"WIPF2","retry","Missing result","",0
"WIPF3","retry","Missing result","",0
"WIPI1","retry","Missing result","",0
"WIPI2","retry","Missing result","",0
"WIZ","retry","Missing result","",0
"WLS","retry","Missing result","",0
"WNK1","retry","Missing result","",0
"WNK2","retry","Missing result","",0
"WNK3","retry","PLINK failed for WNK3 on chromosome X with exit status 7","45a6471bbcc832dd2f252d97479c79e7",0
"WNK4","valid","Validated converged fits","70b796d818823ab88950affe161341b7",27
"WNT1","valid","Validated converged fits","30d0735f484f8194a2f117de9de7f267",27
"WNT10A","valid","Validated converged fits","9db1a0753abae97261fb644e411f6cd7",27
"WNT10B","valid","Validated converged fits","e92c8498d962aa8012dd0099720f4385",27
"WNT11","valid","Validated converged fits","0926b2f6da68a8161dd60cf46f616833",27
"WNT16","valid","Validated converged fits","37cd3cd085da035c73bd78c871abbdc3",27
"WNT2","valid","Validated converged fits","4e0fc5ba5983f98ef6b95a978656cc6d",27
"WNT2B","valid","Validated converged fits","99a3a2788ed7b627799f842aee4f6740",27
"WNT3","valid","Validated converged fits","1df80c5376f8f4c07f96552ac43a80cb",27
"WNT3A","valid","Validated converged fits","91e734d37bdbcd3d82fa1c0701ae2fa6",27
"WNT4","valid","Validated converged fits","6792806b3cb3d582cff91058a7a87b03",27
"WNT5A","valid","Validated converged fits","ccd077a9a0c20eb86462ddb7122b70eb",27
"WNT5B","valid","Validated converged fits","ed3141e9b047a16f058cfb798ed67006",27
"WNT6","valid","Validated converged fits","86c76f3fe9b7d0b91c4457e62c822e28",27
"WNT7A","valid","Validated converged fits","56d4d011520dfd9260d293b3ac99e7c8",27
"WNT7B","valid","Validated converged fits","7c97c37d07197e9eec9089e7ea269584",27
"WNT8A","retry","Missing result","",0
"WNT8B","retry","Missing result","",0
"WNT9A","retry","Missing result","",0
"WNT9B","retry","Missing result","",0
"WRAP53","retry","Missing result","",0
"WRAP73","retry","Missing result","",0
"WRN","retry","Missing result","",0
"WRNIP1","retry","Missing result","",0
"WSB1","retry","Missing result","",0
"WSB2","retry","Missing result","",0
"WSCD1","retry","Missing result","",0
"WSCD2","retry","Missing result","",0
"WT1","retry","Missing result","",0
"WTAP","retry","Missing result","",0
"WTIP","retry","Missing result","",0
"WWC1","retry","Missing result","",0
"WWC2","retry","Missing result","",0
"WWC3","retry","Missing result","",0
"WWOX","retry","Missing result","",0
"WWP1","retry","Missing result","",0
"WWP2","retry","Missing result","",0
"WWTR1","retry","Missing result","",0
"XAB2","retry","Missing result","",0
"XAF1","retry","Missing result","",0
"XAGE1A","retry","Missing result","",0
"XAGE1B","retry","Missing result","",0
"XAGE2","retry","Missing result","",0
"XAGE3","retry","Missing result","",0
"XAGE5","retry","Missing result","",0
"XBP1","retry","Missing result","",0
"XCL1","retry","Missing result","",0
"XCL2","retry","Missing result","",0
"XCR1","retry","Missing result","",0
"XDH","retry","Missing result","",0
"XG","retry","Missing result","",0
"XIAP","retry","Missing result","",0
"XIRP1","retry","Missing result","",0
"XIRP2","retry","Missing result","",0
"XK","retry","Missing result","",0
"XKR3","retry","Missing result","",0
"XKR4","retry","Missing result","",0
"XKR5","retry","Missing result","",0
"XKR6","retry","Missing result","",0
"XKR7","retry","Missing result","",0
"XKR8","retry","Missing result","",0
"XKR9","valid","Validated converged fits","c1d0643e33d01523b9584a0a777ae105",27
"XKRX","retry","PLINK failed for XKRX on chromosome X with exit status 7","4c0765c62ca1aac526aaa922afb0f41f",0
"XPA","valid","Validated converged fits","02b9195d9afa5fb8c7f7ddcbd430c0d3",27
"XPC","valid","Validated converged fits","ea03942cc33575b5240a915b2ff981f9",27
"XPNPEP1","valid","Validated converged fits","456c7503795f5d1cef9c23247db72eba",27
"XPNPEP2","retry","PLINK failed for XPNPEP2 on chromosome X with exit status 7","ad9dd056db178b164ce91d7285489d43",0
"XPNPEP3","valid","Validated converged fits","da30eae2b307860775108a9fbaa55634",27
"XPO1","valid","Validated converged fits","0037f12514dd039a09f4dacd3d69f4fa",27
"XPO4","valid","Validated converged fits","8bdf7a98e5102c65fd758f42d61e26d4",27
"XPO5","valid","Validated converged fits","888560e5482cb49aa0a9d0f994bd2a7c",27
"XPO6","valid","Validated converged fits","9a83cbdbaa04509de0caf1accd0bdf8d",27
"XPO7","valid","Validated converged fits","6ef86cf1851c05ae5cfc80acacd5e9e3",27
"XPOT","valid","Validated converged fits","c77b0efebf988dcd8fa0425dc2134776",27
"XPR1","valid","Validated converged fits","0cf99f6ba473b46ea4748b21e9ec7d86",27
"XRCC1","valid","Validated converged fits","d3b4c53ddd922503723dfb7ca0319dda",27
"XRCC2","valid","Validated converged fits","361cbb97c6a4cf0ca1d18ba5e4e746b2",27
"XRCC3","valid","Validated converged fits","e316fa17f5cad81de9a05d79cd493ea9",27
"XRCC4","retry","Missing result","",0
"XRCC5","retry","Missing result","",0
"XRCC6","retry","Missing result","",0
"XRN1","retry","Missing result","",0
"XRN2","retry","Missing result","",0
"XRRA1","retry","Missing result","",0
"XXYLT1","retry","Missing result","",0
"XYLB","retry","Missing result","",0
"XYLT1","retry","Missing result","",0
"XYLT2","retry","Missing result","",0
"YAF2","retry","Missing result","",0
"YAP1","retry","Missing result","",0
"YARS2","retry","Missing result","",0
"YBEY","retry","Missing result","",0
"YBX1","retry","Missing result","",0
"YBX2","retry","Missing result","",0
"YBX3","retry","Missing result","",0
"YDJC","retry","Missing result","",0
"YEATS2","retry","Missing result","",0
"YEATS4","retry","Missing result","",0
"YES1","retry","Missing result","",0
"YIF1A","retry","Missing result","",0
"YIF1B","retry","Missing result","",0
"YIPF1","retry","Missing result","",0
"YIPF2","retry","Missing result","",0
"YIPF3","retry","Missing result","",0
"YIPF4","retry","Missing result","",0
"YIPF5","retry","Missing result","",0
"YIPF6","retry","Missing result","",0
"YIPF7","retry","Missing result","",0
"YJEFN3","retry","Missing result","",0
"YKT6","retry","Missing result","",0
"YLPM1","retry","Missing result","",0
"YME1L1","retry","Missing result","",0
"YOD1","retry","Missing result","",0
"YPEL1","retry","Missing result","",0
"YPEL2","retry","Missing result","",0
"YPEL3","retry","Missing result","",0
"YPEL4","retry","Missing result","",0
"YPEL5","retry","Missing result","",0
"YRDC","retry","Missing result","",0
"YTHDC1","retry","Missing result","",0
"YTHDC2","retry","Missing result","",0
"YTHDF1","retry","Missing result","",0
"YTHDF2","retry","Missing result","",0
"YTHDF3","valid","Validated converged fits","e1c35c782681c55be0e5562ef8872d07",27
"YWHAB","valid","Validated converged fits","f4f69fc97b3dda0844bc32c8a04f30cc",27
"YWHAE","valid","Validated converged fits","d573e50c57c4457b59700dfc1aedcd85",27
"YWHAG","valid","Validated converged fits","902365dbe346ea7c49b6c5cc648fffd7",27
"YWHAH","valid","Validated converged fits","77e5985e0cc783b1dd65806030424e89",27
"YWHAQ","valid","Validated converged fits","a9a9334f78314d388337de21b0db2677",27
"YWHAZ","valid","Validated converged fits","649c2a784358422c36bba4eec696435d",27
"YY1","valid","Validated converged fits","1f1ff66141c68b3e678761180bb15a95",27
"YY1AP1","valid","Validated converged fits","f1530b226d2ea70d7f03a4c32b7659ce",27
"YY2","retry","PLINK failed for YY2 on chromosome X with exit status 7","2fab3f5a89784d521950a595459689f4",0
"Z83844.1","valid","Validated converged fits","344656ca8c04804d18d3ec99d3c24475",27
"ZACN","valid","Validated converged fits","7a3fd60f9d6d8824380d53a352e1fb9d",27
"ZADH2","valid","Validated converged fits","e333c5705d242745db25cdd273e8cba9",27
"ZAN","valid","Validated converged fits","0ebcaa55e419f61a42bfbdedbb702140",27
"ZAP70","valid","Validated converged fits","d82c5a4dcb4039df77d62849291c3046",27
"ZAR1","valid","Validated converged fits","97ab11eefc6fb66c0483f34ebd1409a3",27
"ZAR1L","valid","Validated converged fits","3b07c6c419749036347b156647590ab4",27
"ZBBX","valid","Validated converged fits","c865850700a25209cb470bc6e7a5e12a",27
"ZBED1","retry","PLINK failed for ZBED1 on chromosome X with exit status 7","73b4ee0c2d717aab1a523b9b03b6953d",0
"ZBED2","retry","Missing result","",0
"ZBED3","retry","Missing result","",0
"ZBED4","retry","Missing result","",0
"ZBED5","retry","Missing result","",0
"ZBED6","retry","Missing result","",0
"ZBED6CL","retry","Missing result","",0
"ZBED8","retry","Missing result","",0
"ZBED9","retry","Missing result","",0
"ZBP1","retry","Missing result","",0
"ZBTB1","retry","Missing result","",0
"ZBTB10","retry","Missing result","",0
"ZBTB11","retry","Missing result","",0
"ZBTB12","retry","Missing result","",0
"ZBTB14","retry","Missing result","",0
"ZBTB16","retry","Missing result","",0
"ZBTB17","retry","Missing result","",0
"ZBTB18","retry","Missing result","",0
"ZBTB2","retry","Missing result","",0
"ZBTB20","retry","Missing result","",0
"ZBTB21","retry","Missing result","",0
"ZBTB22","retry","Missing result","",0
"ZBTB24","retry","Missing result","",0
"ZBTB25","retry","Missing result","",0
"ZBTB26","retry","Missing result","",0
"ZBTB3","retry","Missing result","",0
"ZBTB32","retry","Missing result","",0
"ZBTB33","retry","Missing result","",0
"ZBTB34","retry","Missing result","",0
"ZBTB37","retry","Missing result","",0
"ZBTB38","retry","Missing result","",0
"ZBTB39","retry","Missing result","",0
"ZBTB4","retry","Missing result","",0
"ZBTB40","retry","Missing result","",0
"ZBTB41","retry","Missing result","",0
"ZBTB42","retry","Missing result","",0
"ZBTB43","retry","Missing result","",0
"ZBTB44","retry","Missing result","",0
"ZBTB45","retry","Missing result","",0
"ZBTB46","retry","Missing result","",0
"ZBTB47","retry","Missing result","",0
"ZBTB48","retry","Missing result","",0
"ZBTB49","retry","Missing result","",0
"ZBTB5","retry","Missing result","",0
"ZBTB6","valid","Validated converged fits","f59daefd4042effde59aacfcc9d46c9c",27
"ZBTB7A","valid","Validated converged fits","0ea94ef4bc218ec4867fba08541f56fc",27
"ZBTB7B","valid","Validated converged fits","e039e3d3419de0750e54fc3345383528",27
"ZBTB7C","valid","Validated converged fits","7972735a31a387200ee154b953c686e2",27
"ZBTB8A","valid","Validated converged fits","92bca480f0fad87e167fef3bb5be9597",27
"ZBTB8B","valid","Validated converged fits","4cc6e889d8022a71d92359cdd07d5fe9",27
"ZBTB8OS","valid","Validated converged fits","9474a4757d2dde35b6256f14c5bf8798",27
"ZBTB9","qc_excluded","No eligible tissues under existing input QC","0839bbc46b3a369abe170288d4f792cc",0
"ZC2HC1A","valid","Validated converged fits","e7e51bb4e2d569ec6c45e56145b5c86b",27
"ZC2HC1B","valid","Validated converged fits","ca819d91aef301043c29973997ed8e87",27
"ZC2HC1C","valid","Validated converged fits","72988766476eacfae87bd632fbe16f46",27
"ZC3H10","valid","Validated converged fits","c87cbdca857202906051253aff738b63",27
"ZC3H11A","valid","Validated converged fits","6839b6b3f2210808df71f1b8d466991f",27
"ZC3H11B","valid","Validated converged fits","0f3d27335a34ca725c979b8860ba7e10",27
"ZC3H12A","valid","Validated converged fits","354dbf167812628eee133e0c645a61e9",27
"ZC3H12B","retry","PLINK failed for ZC3H12B on chromosome X with exit status 7","e6a266c77197d7c65dc0a40c4d04e43f",0
"ZC3H12C","valid","Validated converged fits","1fa516a844050f866436b1e716616ede",27
"ZC3H12D","valid","Validated converged fits","3b5e3bd72082435cc85277e4d53df3f9",27
"ZC3H13","retry","Missing result","",0
"ZC3H14","retry","Missing result","",0
"ZC3H15","retry","Missing result","",0
"ZC3H18","retry","Missing result","",0
"ZC3H3","retry","Missing result","",0
"ZC3H4","retry","Missing result","",0
"ZC3H6","retry","Missing result","",0
"ZC3H7A","retry","Missing result","",0
"ZC3H7B","retry","Missing result","",0
"ZC3H8","retry","Missing result","",0
"ZC3HAV1","retry","Missing result","",0
"ZC3HAV1L","retry","Missing result","",0
"ZC3HC1","retry","Missing result","",0
"ZC4H2","retry","Missing result","",0
"ZCCHC10","retry","Missing result","",0
"ZCCHC12","retry","Missing result","",0
"ZCCHC13","retry","Missing result","",0
"ZCCHC14","retry","Missing result","",0
"ZCCHC17","retry","Missing result","",0
"ZCCHC18","retry","Missing result","",0
"ZCCHC2","retry","Missing result","",0
"ZCCHC24","retry","Missing result","",0
"ZCCHC3","retry","Missing result","",0
"ZCCHC4","retry","Missing result","",0
"ZCCHC7","retry","Missing result","",0
"ZCCHC8","retry","Missing result","",0
"ZCCHC9","retry","Missing result","",0
"ZCRB1","retry","Missing result","",0
"ZCWPW1","retry","Missing result","",0
"ZCWPW2","retry","Missing result","",0
"ZDBF2","retry","Missing result","",0
"ZDHHC1","retry","Missing result","",0
"ZDHHC11","retry","Missing result","",0
"ZDHHC11B","retry","Missing result","",0
"ZDHHC12","retry","Missing result","",0
"ZDHHC13","retry","Missing result","",0
"ZDHHC14","retry","Missing result","",0
"ZDHHC15","retry","Missing result","",0
"ZDHHC16","retry","Missing result","",0
"ZDHHC17","retry","Missing result","",0
"ZDHHC18","retry","Missing result","",0
"ZDHHC19","retry","Missing result","",0
"ZDHHC2","retry","Missing result","",0
"ZDHHC20","retry","Missing result","",0
"ZDHHC21","valid","Validated converged fits","b7d9ae4769a7440c6f9c0ae048e22d61",27
"ZDHHC22","valid","Validated converged fits","ed68374a85b36b4ff2972824378875f1",27
"ZDHHC23","valid","Validated converged fits","b3dcf2fd3713674d1b8ebabe4d821b29",27
"ZDHHC24","valid","Validated converged fits","0f8d7110ad5744a120d86b0aa43fab05",27
"ZDHHC3","valid","Validated converged fits","4ddea991d5820ba5208c22d6d78c1391",27
"ZDHHC4","retry","PLINK failed for ZDHHC4 on chromosome 7 with exit status 127","7fa28a4255b1f8dbe880bbf65762192a",0
"ZDHHC5","valid","Validated converged fits","200b27ab6354601a30d47bf2963549fc",27
"ZDHHC6","retry","PLINK failed for ZDHHC6 on chromosome 10 with exit status 127","07a65dd5bc5227d29d9416e1618f2588",0
"ZDHHC7","valid","Validated converged fits","58d27e8bce1a91035b25c271ede60760",27
"ZDHHC8","valid","Validated converged fits","872f090f941fed6fd02e39846a9a4f3a",27
"ZDHHC9","retry","PLINK failed for ZDHHC9 on chromosome X with exit status 7","ac7e51d34bbdc198810b55f0c3f25623",0
"ZEB1","valid","Validated converged fits","6b60f40a470a9416a1990cb6103c71c6",27
"ZEB2","valid","Validated converged fits","d513158ffd9cfe4f9265fe8f266bb00f",27
"ZER1","valid","Validated converged fits","34e46aebd8f23f025f0a9e29a126e2df",27
"ZFAND1","valid","Validated converged fits","f11d6d3ccf7d026b7243ae81936101a4",27
"ZFAND2A","valid","Validated converged fits","4b83b5a8424e4059ec66fe917b31361f",27
"ZFAND2B","valid","Validated converged fits","6519fe6dee42a44ad5205354bd597270",27
"ZFAND3","retry","Missing result","",0
"ZFAND4","retry","Missing result","",0
"ZFAND5","retry","Missing result","",0
"ZFAND6","retry","Missing result","",0
"ZFAT","retry","Missing result","",0
"ZFC3H1","retry","Missing result","",0
"ZFHX2","retry","Missing result","",0
"ZFHX3","retry","Missing result","",0
"ZFHX4","retry","Missing result","",0
"ZFP1","retry","Missing result","",0
"ZFP14","retry","Missing result","",0
"ZFP2","retry","Missing result","",0
"ZFP28","retry","Missing result","",0
"ZFP3","retry","Missing result","",0
"ZFP30","retry","Missing result","",0
"ZFP36","retry","Missing result","",0
"ZFP36L1","retry","Missing result","",0
"ZFP36L2","retry","Missing result","",0
"ZFP37","retry","Missing result","",0
"ZFP41","retry","Missing result","",0
"ZFP42","retry","Missing result","",0
"ZFP57","retry","Missing result","",0
"ZFP62","retry","Missing result","",0
"ZFP64","retry","Missing result","",0
"ZFP69","retry","Missing result","",0
"ZFP69B","retry","Missing result","",0
"ZFP82","retry","Missing result","",0
"ZFP90","retry","Missing result","",0
"ZFP91","retry","Missing result","",0
"ZFP92","retry","Missing result","",0
"ZFPL1","retry","Missing result","",0
"ZFPM1","retry","Missing result","",0
"ZFPM2","retry","Missing result","",0
"ZFR","retry","Missing result","",0
"ZFR2","retry","Missing result","",0
"ZFX","retry","Missing result","",0
"ZFY","retry","Missing result","",0
"ZFYVE1","retry","Missing result","",0
"ZFYVE16","retry","Missing result","",0
"ZFYVE19","retry","Missing result","",0
"ZFYVE21","retry","Missing result","",0
"ZFYVE26","retry","Missing result","",0
"ZFYVE27","retry","Missing result","",0
"ZFYVE28","retry","Missing result","",0
"ZFYVE9","retry","Missing result","",0
"ZG16","valid","Validated converged fits","e4bbe778c9f8bc28a529b088da678d6d",27
"ZG16B","valid","Validated converged fits","d77a62d546418c36cc597246bdd03058",27
"ZGLP1","valid","Validated converged fits","941ff1222bbb795d594a32908e021cd4",27
"ZGPAT","valid","Validated converged fits","e62782ab5b15008a672817bae6d615ec",27
"ZGRF1","valid","Validated converged fits","86832624bc6de9504fca313d728c05d5",27
"ZHX1","valid","Validated converged fits","82749d59f7b1ab0e9239f132a64ee6d0",27
"ZHX2","valid","Validated converged fits","097c6ef548e56897133129e080aad28d",27
"ZHX3","valid","Validated converged fits","5480fd17c29c59f38973ad049415b702",27
"ZIC1","valid","Validated converged fits","c9e1bb4ac293c913c534fc3c42fb2fb0",27
"ZIC2","valid","Validated converged fits","246e91012a22dd748808a544e1470e66",27
"ZIC3","retry","PLINK failed for ZIC3 on chromosome X with exit status 7","1b89a64a42358888a6184eb0c3e2aee0",0
"ZIC4","valid","Validated converged fits","75387cd1dd24940f66e5a348490bf064",27
"ZIC5","valid","Validated converged fits","1d322eb5907753a03ffa7d2d57ec41a1",27
"ZIK1","valid","Validated converged fits","8aa89b6173024b311d36b36a7e06b4e5",27
"ZIM2","valid","Validated converged fits","266b0ffa82815479c023ef162dde22c7",27
"ZIM3","retry","Missing result","",0
"ZKSCAN1","retry","Missing result","",0
"ZKSCAN2","retry","Missing result","",0
"ZKSCAN3","retry","Missing result","",0
"ZKSCAN4","retry","Missing result","",0
"ZKSCAN5","retry","Missing result","",0
"ZKSCAN7","retry","Missing result","",0
"ZKSCAN8","retry","Missing result","",0
"ZMAT1","retry","Missing result","",0
"ZMAT2","retry","Missing result","",0
"ZMAT3","retry","Missing result","",0
"ZMAT4","retry","Missing result","",0
"ZMAT5","retry","Missing result","",0
"ZMIZ1","retry","Missing result","",0
"ZMIZ2","retry","Missing result","",0
"ZMPSTE24","retry","Missing result","",0
"ZMYM1","retry","Missing result","",0
"ZMYM2","retry","Missing result","",0
"ZMYM3","retry","Missing result","",0
"ZMYM4","retry","Missing result","",0
"ZMYM5","retry","Missing result","",0
"ZMYM6","retry","Missing result","",0
"ZMYND10","retry","Missing result","",0
"ZMYND11","retry","Missing result","",0
"ZMYND12","retry","Missing result","",0
"ZMYND15","retry","Missing result","",0
"ZMYND19","retry","Missing result","",0
"ZMYND8","retry","Missing result","",0
"ZNF10","retry","Missing result","",0
"ZNF100","retry","Missing result","",0
"ZNF101","retry","Missing result","",0
"ZNF106","retry","Missing result","",0
"ZNF107","retry","Missing result","",0
"ZNF112","retry","Missing result","",0
"ZNF114","retry","Missing result","",0
"ZNF117","retry","Missing result","",0
"ZNF12","retry","Missing result","",0
"ZNF121","retry","Missing result","",0
"ZNF124","retry","Missing result","",0
"ZNF131","retry","Missing result","",0
"ZNF132","retry","Missing result","",0
"ZNF133","retry","Missing result","",0
"ZNF134","retry","Missing result","",0
"ZNF135","retry","Missing result","",0
"ZNF136","retry","Missing result","",0
"ZNF138","retry","Missing result","",0
"ZNF14","retry","Missing result","",0
"ZNF140","valid","Validated converged fits","54e287fcbbb76cdda09edaf870852c4b",27
"ZNF141","valid","Validated converged fits","151707144e24055e72fb06407f8b59b6",27
"ZNF142","valid","Validated converged fits","9898759339cfa4dec3915f43d2568372",27
"ZNF143","valid","Validated converged fits","a1a51668539ebe8d1bd6c2d469b62dab",27
"ZNF146","retry","PLINK failed for ZNF146 on chromosome 19 with exit status 127","3114b26300c7320d82c2d8db2b5c567b",0
"ZNF148","valid","Validated converged fits","9880cd5545c2ff4e4dbd281e642b8201",27
"ZNF154","retry","PLINK failed for ZNF154 on chromosome 19 with exit status 127","cb8fae1031c51d9277a9c0674d5e8d2f",0
"ZNF155","valid","Validated converged fits","c711fcdd33431439a341fd68576c0f78",27
"ZNF157","retry","PLINK failed for ZNF157 on chromosome X with exit status 7","5d5d2e137d90578efa851e969ecc298b",0
"ZNF16","valid","Validated converged fits","a6ae6f0fd4a371bdc596d9a5864f2859",27
"ZNF160","retry","PLINK failed for ZNF160 on chromosome 19 with exit status 127","c65c5363b550eaa9bf8ff0869d698a58",0
"ZNF165","retry","PLINK failed for ZNF165 on chromosome 6 with exit status 127","5bc0ea105039879023bdf18bc133cb0c",0
"ZNF169","retry","PLINK failed for ZNF169 on chromosome 9 with exit status 127","bdc495368c58440dd355a22a831be806",0
"ZNF17","retry","PLINK failed for ZNF17 on chromosome 19 with exit status 127","2411d59ba425a5cf57fe57600b239f6b",0
"ZNF174","retry","PLINK failed for ZNF174 on chromosome 16 with exit status 127","04624e3245ed0b23c6d0bb9931f55ba7",0
"ZNF175","retry","PLINK failed for ZNF175 on chromosome 19 with exit status 127","33a30139cfedc9cf86eda56578e4ef27",0
"ZNF177","retry","PLINK failed for ZNF177 on chromosome 19 with exit status 127","80fd6c507c63a551c3ce455fa00409dd",0
"ZNF18","retry","PLINK failed for ZNF18 on chromosome 17 with exit status 127","02e9d93483d4b63d1ed0fd4f273f3d50",0
"ZNF180","retry","PLINK failed for ZNF180 on chromosome 19 with exit status 127","d6cbbd62a265de0c6aa4ce2dfd090b59",0
"ZNF181","retry","PLINK failed for ZNF181 on chromosome 19 with exit status 127","5c3caa102c4f6a2ab807a8dddb2cd694",0
"ZNF182","retry","PLINK failed for ZNF182 on chromosome X with exit status 127","fb57ac7bb5b02117a7d76f8cc76b1218",0
"ZNF184","retry","PLINK failed for ZNF184 on chromosome 6 with exit status 127","c228954b1a2a3f2883162111ed583ce5",0
"ZNF185","retry","PLINK failed for ZNF185 on chromosome X with exit status 127","a350371ab51fd3e1ee54ba61eb7e7ec9",0
"ZNF189","retry","PLINK failed for ZNF189 on chromosome 9 with exit status 127","172c42ce42a031a8ec239612e80162a1",0
"ZNF19","retry","PLINK failed for ZNF19 on chromosome 16 with exit status 127","82f82a3fe5261faafb7513d2dd003375",0
"ZNF195","retry","PLINK failed for ZNF195 on chromosome 11 with exit status 127","788e23c6056ec682769182e111a57439",0
"ZNF197","retry","PLINK failed for ZNF197 on chromosome 3 with exit status 127","ce00023d804f07fca0f76a91763f89d4",0
"ZNF2","retry","PLINK failed for ZNF2 on chromosome 2 with exit status 127","a76bcf1d46736d1c100f22a5a0ba763e",0
"ZNF20","retry","PLINK failed for ZNF20 on chromosome 19 with exit status 127","b063929f54436f9ae89b72ac0d144f17",0
"ZNF200","retry","PLINK failed for ZNF200 on chromosome 16 with exit status 127","8be33d38371954f2530e7fb96169eb49",0
"ZNF202","retry","PLINK failed for ZNF202 on chromosome 11 with exit status 127","8b4c2409f0a7ad027ff428e35773d5dc",0
"ZNF205","retry","PLINK failed for ZNF205 on chromosome 16 with exit status 127","0d6e80e158b40ca7cbe2b5a835447d66",0
"ZNF207","retry","PLINK failed for ZNF207 on chromosome 17 with exit status 127","3f06ba44b7f5709861739f64dd93e127",0
"ZNF208","retry","PLINK failed for ZNF208 on chromosome 19 with exit status 127","0c4471bd56a10c1582d3d824ff5ab47e",0
"ZNF211","retry","PLINK failed for ZNF211 on chromosome 19 with exit status 127","e07d8ad302585ec7a96fa85020d11dd0",0
"ZNF212","retry","PLINK failed for ZNF212 on chromosome 7 with exit status 127","190017e2747e89c788a0ab4c9db0f57e",0
"ZNF213","retry","PLINK failed for ZNF213 on chromosome 16 with exit status 127","8fd36365337253df58f0672ba0f40463",0
"ZNF214","retry","PLINK failed for ZNF214 on chromosome 11 with exit status 127","8bac8ed6b6fddc0af5f3e0b0245b1e93",0
"ZNF215","retry","PLINK failed for ZNF215 on chromosome 11 with exit status 127","ca5d08263c02d9c5c1a1cbe47125c0b6",0
"ZNF217","retry","PLINK failed for ZNF217 on chromosome 20 with exit status 127","5f9b68d281c337abe53fcde50535765e",0
"ZNF219","retry","PLINK failed for ZNF219 on chromosome 14 with exit status 127","fd79c216a766ff87bac2e2b45c86f49e",0
"ZNF22","retry","PLINK failed for ZNF22 on chromosome 10 with exit status 127","5bd86433c69668c137c22bb61447b524",0
"ZNF221","retry","PLINK failed for ZNF221 on chromosome 19 with exit status 127","2b69f97e5869a3f9e0030ae43908bcb4",0
"ZNF222","retry","PLINK failed for ZNF222 on chromosome 19 with exit status 127","8fb3a7cc46e5be4f04d04de280c71c3d",0
"ZNF223","retry","PLINK failed for ZNF223 on chromosome 19 with exit status 127","1e922cc445c079f7f68c2e67d2f671cb",0
"ZNF224","retry","PLINK failed for ZNF224 on chromosome 19 with exit status 127","e82e2b18de78bbf5273d6adea75d042c",0
"ZNF225","retry","PLINK failed for ZNF225 on chromosome 19 with exit status 127","7144a7671a8a16163a56320056486848",0
"ZNF226","retry","PLINK failed for ZNF226 on chromosome 19 with exit status 127","001cac60d9a828a3395200fd2e2c63ef",0
"ZNF227","retry","PLINK failed for ZNF227 on chromosome 19 with exit status 127","26b1b26915516a4ebeaa3ad65002dc7d",0
"ZNF229","retry","PLINK failed for ZNF229 on chromosome 19 with exit status 127","34c560f8259c12c70741d14f09a1b119",0
"ZNF23","retry","PLINK failed for ZNF23 on chromosome 16 with exit status 127","d6f88e3e156a9d55cd7d568eeb9ec8a3",0
"ZNF230","retry","PLINK failed for ZNF230 on chromosome 19 with exit status 127","e3747955126ce71e23f6ec7d3640e67c",0
"ZNF232","retry","PLINK failed for ZNF232 on chromosome 17 with exit status 127","2e42586a8e24bc2819785731029581bd",0
"ZNF233","retry","PLINK failed for ZNF233 on chromosome 19 with exit status 127","c8eef4c29b8fed7fcdbb58b8b0ec6095",0
"ZNF234","retry","PLINK failed for ZNF234 on chromosome 19 with exit status 127","0c6bbb4b0e8941da37d25c078dfa2d00",0
"ZNF235","retry","PLINK failed for ZNF235 on chromosome 19 with exit status 127","531306478470ef10eb2d906a14070439",0
"ZNF236","retry","PLINK failed for ZNF236 on chromosome 18 with exit status 127","86439d3773742fd14e2ef5c8158eccd7",0
"ZNF239","retry","PLINK failed for ZNF239 on chromosome 10 with exit status 127","a06084b125d8aa000042322f9f51cb1c",0
"ZNF24","retry","PLINK failed for ZNF24 on chromosome 18 with exit status 127","26398bb940d8ac3dcfee6fbcabab7a32",0
"ZNF248","retry","PLINK failed for ZNF248 on chromosome 10 with exit status 127","6b4a77b856295effe6fc81374d394085",0
"ZNF25","retry","PLINK failed for ZNF25 on chromosome 10 with exit status 127","0d2180a685b5694de910a6ef6c418b10",0
"ZNF250","retry","PLINK failed for ZNF250 on chromosome 8 with exit status 127","aff81d7e0cd40051b22db72e7383a248",0
"ZNF251","valid","Validated converged fits","d870515575fc52a209a028348b68643f",27
"ZNF253","valid","Validated converged fits","b7f6bc052999eb989d0dca8625d310bc",27
"ZNF254","valid","Validated converged fits","6393360d91a59abf930851abce69a74f",27
"ZNF256","valid","Validated converged fits","e3a444a2f27b61bcab687dad778003f1",27
"ZNF257","valid","Validated converged fits","9fb6ce93811bec65d6976682f4094863",27
"ZNF26","valid","Validated converged fits","044710b900e0e8244d2e65fe58e4b912",27
"ZNF260","valid","Validated converged fits","38b02278a5d5bdc275f97a6adb8f1fa7",27
"ZNF263","valid","Validated converged fits","1b26fc54fa027ea7c540f69013051e69",27
"ZNF264","valid","Validated converged fits","6f54d1de58d4de944d87a105f925e394",27
"ZNF266","valid","Validated converged fits","ba2ff748a2e8d99b5d2180b564d49fec",27
"ZNF267","valid","Validated converged fits","26bc8d3efce69ba4037291e219a74bce",27
"ZNF268","valid","Validated converged fits","0c1cc4f6846b5b13f0299b4c079aab3b",27
"ZNF273","valid","Validated converged fits","20541f59d74c3e65c29c77f4f737c2fd",27
"ZNF274","retry","Missing result","",0
"ZNF275","retry","Missing result","",0
"ZNF276","retry","Missing result","",0
"ZNF277","retry","Missing result","",0
"ZNF28","retry","Missing result","",0
"ZNF280A","retry","Missing result","",0
"ZNF280B","retry","Missing result","",0
"ZNF280C","retry","Missing result","",0
"ZNF280D","retry","Missing result","",0
"ZNF281","retry","Missing result","",0
"ZNF282","retry","Missing result","",0
"ZNF283","retry","Missing result","",0
"ZNF284","retry","Missing result","",0
"ZNF285","retry","Missing result","",0
"ZNF286A","retry","Missing result","",0
"ZNF287","retry","Missing result","",0
"ZNF292","retry","Missing result","",0
"ZNF296","retry","Missing result","",0
"ZNF3","retry","Missing result","",0
"ZNF30","retry","Missing result","",0
"ZNF300","retry","Missing result","",0
"ZNF302","retry","Missing result","",0
"ZNF304","retry","Missing result","",0
"ZNF311","retry","Missing result","",0
"ZNF316","retry","Missing result","",0
"ZNF317","retry","Missing result","",0
"ZNF318","retry","Missing result","",0
"ZNF319","retry","Missing result","",0
"ZNF32","retry","Missing result","",0
"ZNF320","retry","Missing result","",0
"ZNF322","retry","Missing result","",0
"ZNF324","retry","Missing result","",0
"ZNF324B","retry","Missing result","",0
"ZNF326","retry","Missing result","",0
"ZNF329","retry","Missing result","",0
"ZNF330","retry","Missing result","",0
"ZNF331","retry","Missing result","",0
"ZNF333","retry","Missing result","",0
"ZNF334","retry","Missing result","",0
"ZNF335","retry","Missing result","",0
"ZNF337","retry","Missing result","",0
"ZNF33A","retry","Missing result","",0
"ZNF33B","retry","Missing result","",0
"ZNF34","retry","Missing result","",0
"ZNF341","retry","Missing result","",0
"ZNF343","retry","Missing result","",0
"ZNF345","retry","Missing result","",0
"ZNF346","retry","Missing result","",0
"ZNF347","valid","Validated converged fits","e153d167b28cf9b98b6c9847baa0269f",27
"ZNF35","valid","Validated converged fits","41910bd295bfbb1990c8265decbb061f",27
"ZNF350","valid","Validated converged fits","6e367a2f3b9a984715dda357f5292540",27
"ZNF354A","valid","Validated converged fits","1cda28f92b47b487205a43ba7a13cd64",27
"ZNF354B","valid","Validated converged fits","d4321855262eae8e607a29495defdd11",27
"ZNF354C","valid","Validated converged fits","cf3d86050db1a017e0a364552b93bcb2",27
"ZNF358","valid","Validated converged fits","e924ef81235aae090fd1473818f222f0",27
"ZNF362","valid","Validated converged fits","588ae90f316ff63d5ef9da9974c5728c",27
"ZNF365","retry","Missing result","",0
"ZNF366","retry","Missing result","",0
"ZNF367","retry","Missing result","",0
"ZNF37A","retry","Missing result","",0
"ZNF382","retry","Missing result","",0
"ZNF383","retry","Missing result","",0
"ZNF384","retry","Missing result","",0
"ZNF385A","retry","Missing result","",0
"ZNF385B","retry","Missing result","",0
"ZNF385C","retry","Missing result","",0
"ZNF385D","retry","Missing result","",0
"ZNF391","retry","Missing result","",0
"ZNF394","retry","Missing result","",0
"ZNF395","retry","Missing result","",0
"ZNF396","retry","Missing result","",0
"ZNF397","retry","Missing result","",0
"ZNF398","retry","Missing result","",0
"ZNF404","retry","Missing result","",0
"ZNF407","retry","Missing result","",0
"ZNF408","retry","Missing result","",0
"ZNF41","retry","Missing result","",0
"ZNF410","retry","Missing result","",0
"ZNF414","retry","Missing result","",0
"ZNF415","retry","Missing result","",0
"ZNF416","retry","Missing result","",0
"ZNF417","retry","Missing result","",0
"ZNF418","retry","Missing result","",0
"ZNF419","retry","Missing result","",0
"ZNF420","retry","Missing result","",0
"ZNF423","retry","Missing result","",0
"ZNF425","retry","Missing result","",0
"ZNF426","retry","Missing result","",0
"ZNF428","retry","Missing result","",0
"ZNF429","retry","Missing result","",0
"ZNF43","retry","Missing result","",0
"ZNF430","retry","Missing result","",0
"ZNF431","retry","Missing result","",0
"ZNF432","retry","Missing result","",0
"ZNF433","retry","Missing result","",0
"ZNF436","retry","Missing result","",0
"ZNF438","retry","Missing result","",0
"ZNF439","retry","Missing result","",0
"ZNF44","retry","Missing result","",0
"ZNF440","retry","Missing result","",0
"ZNF441","retry","Missing result","",0
"ZNF442","retry","Missing result","",0
"ZNF443","retry","Missing result","",0
"ZNF444","retry","Missing result","",0
"ZNF445","retry","Missing result","",0
"ZNF446","retry","Missing result","",0
"ZNF449","retry","Missing result","",0
"ZNF45","retry","Missing result","",0
"ZNF451","retry","Missing result","",0
"ZNF454","retry","Missing result","",0
"ZNF460","retry","Missing result","",0
"ZNF461","retry","Missing result","",0
"ZNF462","retry","Missing result","",0
"ZNF467","retry","Missing result","",0
"ZNF468","retry","Missing result","",0
"ZNF469","retry","Missing result","",0
"ZNF470","retry","Missing result","",0
"ZNF471","retry","Missing result","",0
"ZNF473","retry","Missing result","",0
"ZNF474","retry","Missing result","",0
"ZNF479","retry","Missing result","",0
"ZNF48","retry","Missing result","",0
"ZNF480","retry","Missing result","",0
"ZNF483","retry","Missing result","",0
"ZNF484","retry","Missing result","",0
"ZNF485","retry","Missing result","",0
"ZNF486","retry","Missing result","",0
"ZNF487","retry","Missing result","",0
"ZNF488","retry","Missing result","",0
"ZNF490","retry","Missing result","",0
"ZNF491","retry","Missing result","",0
"ZNF492","retry","Missing result","",0
"ZNF493","retry","Missing result","",0
"ZNF496","retry","Missing result","",0
"ZNF497","retry","Missing result","",0
"ZNF500","retry","Missing result","",0
"ZNF501","retry","Missing result","",0
"ZNF502","retry","Missing result","",0
"ZNF503","retry","Missing result","",0
"ZNF506","retry","Missing result","",0
"ZNF507","retry","Missing result","",0
"ZNF510","retry","Missing result","",0
"ZNF511","retry","Missing result","",0
"ZNF512","retry","Missing result","",0
"ZNF512B","retry","Missing result","",0
"ZNF513","retry","Missing result","",0
"ZNF514","retry","Missing result","",0
"ZNF516","retry","Missing result","",0
"ZNF517","retry","Missing result","",0
"ZNF518A","retry","Missing result","",0
"ZNF518B","retry","Missing result","",0
"ZNF519","retry","Missing result","",0
"ZNF521","retry","Missing result","",0
"ZNF524","retry","Missing result","",0
"ZNF525","retry","Missing result","",0
"ZNF526","retry","Missing result","",0
"ZNF527","retry","Missing result","",0
"ZNF528","retry","Missing result","",0
"ZNF529","retry","Missing result","",0
"ZNF530","retry","Missing result","",0
"ZNF532","retry","Missing result","",0
"ZNF534","retry","Missing result","",0
"ZNF536","retry","Missing result","",0
"ZNF540","retry","Missing result","",0
"ZNF541","retry","Missing result","",0
"ZNF543","retry","Missing result","",0
"ZNF544","retry","Missing result","",0
"ZNF546","retry","Missing result","",0
"ZNF547","retry","Missing result","",0
"ZNF548","retry","Missing result","",0
"ZNF549","retry","Missing result","",0
"ZNF550","retry","Missing result","",0
"ZNF551","retry","Missing result","",0
"ZNF552","retry","Missing result","",0
"ZNF554","retry","Missing result","",0
"ZNF555","retry","Missing result","",0
"ZNF556","retry","Missing result","",0
"ZNF557","retry","Missing result","",0
"ZNF558","retry","Missing result","",0
"ZNF559","retry","Missing result","",0
"ZNF559-ZNF177","retry","Missing result","",0
"ZNF560","retry","Missing result","",0
"ZNF561","retry","Missing result","",0
"ZNF562","retry","Missing result","",0
"ZNF563","retry","Missing result","",0
"ZNF564","retry","Missing result","",0
"ZNF565","retry","Missing result","",0
"ZNF566","retry","Missing result","",0
"ZNF567","retry","Missing result","",0
"ZNF568","retry","Missing result","",0
"ZNF569","retry","Missing result","",0
"ZNF57","retry","Missing result","",0
"ZNF570","retry","Missing result","",0
"ZNF571","retry","Missing result","",0
"ZNF572","retry","Missing result","",0
"ZNF573","retry","Missing result","",0
"ZNF574","retry","Missing result","",0
"ZNF575","retry","Missing result","",0
"ZNF576","retry","Missing result","",0
"ZNF577","retry","Missing result","",0
"ZNF578","retry","Missing result","",0
"ZNF579","retry","Missing result","",0
"ZNF580","retry","Missing result","",0
"ZNF581","retry","Missing result","",0
"ZNF582","retry","Missing result","",0
"ZNF583","retry","Missing result","",0
"ZNF584","retry","Missing result","",0
"ZNF585A","retry","Missing result","",0
"ZNF585B","retry","Missing result","",0
"ZNF586","retry","Missing result","",0
"ZNF587","retry","Missing result","",0
"ZNF587B","retry","Missing result","",0
"ZNF589","retry","Missing result","",0
"ZNF592","retry","Missing result","",0
"ZNF593","retry","Missing result","",0
"ZNF594","retry","Missing result","",0
"ZNF595","retry","Missing result","",0
"ZNF596","retry","Missing result","",0
"ZNF597","retry","Missing result","",0
"ZNF598","retry","Missing result","",0
"ZNF599","retry","Missing result","",0
"ZNF600","retry","Missing result","",0
"ZNF605","retry","Missing result","",0
"ZNF606","retry","Missing result","",0
"ZNF607","retry","Missing result","",0
"ZNF608","retry","Missing result","",0
"ZNF609","retry","Missing result","",0
"ZNF610","retry","Missing result","",0
"ZNF611","retry","Missing result","",0
"ZNF613","retry","Missing result","",0
"ZNF614","retry","Missing result","",0
"ZNF615","valid","Validated converged fits","84e681b5137935fabf033a4e43d56507",27
"ZNF616","valid","Validated converged fits","b182dcba6bba3790efea8d7ad0436d50",27
"ZNF618","valid","Validated converged fits","c5124f9240eb3040e8c47c210f5573ee",27
"ZNF619","valid","Validated converged fits","76bdeca4fb76bfd977af0cb9864eb837",27
"ZNF620","valid","Validated converged fits","447f3b3166c51ff796e401665f43cbb1",27
"ZNF621","valid","Validated converged fits","fb03f257dd68f33ac0a709010e315c4d",27
"ZNF622","valid","Validated converged fits","f0ec13c2427d38e2c3f3ebe4406c0882",27
"ZNF623","valid","Validated converged fits","02a7025c5f2fddb507b906f318ef73dc",27
"ZNF624","valid","Validated converged fits","d16f65186d357ecfc5efc2292576735b",27
"ZNF625","valid","Validated converged fits","f15daa7d2ff272f41abc13974551949c",27
"ZNF626","valid","Validated converged fits","2b06cee37d2a055421fab327c6aea528",27
"ZNF627","retry","Missing result","",0
"ZNF628","retry","Missing result","",0
"ZNF629","retry","Missing result","",0
"ZNF630","retry","Missing result","",0
"ZNF638","retry","Missing result","",0
"ZNF639","retry","Missing result","",0
"ZNF641","retry","Missing result","",0
"ZNF644","retry","Missing result","",0
"ZNF646","retry","Missing result","",0
"ZNF648","retry","Missing result","",0
"ZNF649","retry","Missing result","",0
"ZNF652","retry","Missing result","",0
"ZNF653","retry","Missing result","",0
"ZNF654","retry","Missing result","",0
"ZNF655","retry","Missing result","",0
"ZNF658","retry","Missing result","",0
"ZNF66","retry","Missing result","",0
"ZNF660","retry","Missing result","",0
"ZNF662","retry","Missing result","",0
"ZNF664","retry","Missing result","",0
"ZNF665","retry","Missing result","",0
"ZNF667","retry","Missing result","",0
"ZNF668","retry","Missing result","",0
"ZNF669","retry","Missing result","",0
"ZNF670","retry","Missing result","",0
"ZNF671","retry","Missing result","",0
"ZNF672","retry","Missing result","",0
"ZNF674","retry","Missing result","",0
"ZNF675","retry","Missing result","",0
"ZNF676","retry","Missing result","",0
"ZNF677","retry","Missing result","",0
"ZNF678","retry","Missing result","",0
"ZNF679","retry","Missing result","",0
"ZNF680","retry","Missing result","",0
"ZNF681","retry","Missing result","",0
"ZNF682","retry","Missing result","",0
"ZNF683","retry","Missing result","",0
"ZNF684","retry","Missing result","",0
"ZNF687","retry","Missing result","",0
"ZNF688","retry","Missing result","",0
"ZNF689","retry","Missing result","",0
"ZNF69","retry","Missing result","",0
"ZNF691","retry","Missing result","",0
"ZNF692","retry","Missing result","",0
"ZNF695","retry","Missing result","",0
"ZNF696","retry","Missing result","",0
"ZNF697","retry","Missing result","",0
"ZNF699","retry","Missing result","",0
"ZNF7","retry","Missing result","",0
"ZNF70","retry","Missing result","",0
"ZNF700","valid","Validated converged fits","fea09621500d4ae56713aca5c118dc88",27
"ZNF701","valid","Validated converged fits","8dba339f1e4b44c89cf1013c00194290",27
"ZNF703","valid","Validated converged fits","b6f308c9cc040dbb97cf661755fffe6f",27
"ZNF704","valid","Validated converged fits","10809795f06bdd7b1320b26e21dd969f",27
"ZNF705A","valid","Validated converged fits","fb2a416ff686382f35b2482ff53423bd",27
"ZNF705B","valid","Validated converged fits","240f3e5bedad55e7f17276a0a0bf5d7c",26
"ZNF705D","valid","Validated converged fits","d34602560df76d028613b42e1d1920c6",26
"ZNF705E","valid","Validated converged fits","d9df2b8c48258030567a7fb15843ad39",27
"ZNF705G","valid","Validated converged fits","e22d882a119fbb20dd391adca9908215",27
"ZNF706","valid","Validated converged fits","81e58f96412aa62d0ce6277fca00f9b6",27
"ZNF707","valid","Validated converged fits","fcbc7ea4eba9385ad49d102b5158c5a7",27
"ZNF708","retry","Missing result","",0
"ZNF709","retry","Missing result","",0
"ZNF71","retry","Missing result","",0
"ZNF710","retry","Missing result","",0
"ZNF711","retry","Missing result","",0
"ZNF713","retry","Missing result","",0
"ZNF714","retry","Missing result","",0
"ZNF716","retry","Missing result","",0
"ZNF717","retry","Missing result","",0
"ZNF718","retry","Missing result","",0
"ZNF720","retry","Missing result","",0
"ZNF721","retry","Missing result","",0
"ZNF724","retry","Missing result","",0
"ZNF726","retry","Missing result","",0
"ZNF727","retry","Missing result","",0
"ZNF728","retry","Missing result","",0
"ZNF729","retry","Missing result","",0
"ZNF730","retry","Missing result","",0
"ZNF732","retry","Missing result","",0
"ZNF735","retry","Missing result","",0
"ZNF736","retry","Missing result","",0
"ZNF737","retry","Missing result","",0
"ZNF738","retry","Missing result","",0
"ZNF74","retry","Missing result","",0
"ZNF740","retry","Missing result","",0
"ZNF746","retry","Missing result","",0
"ZNF747","retry","Missing result","",0
"ZNF749","retry","Missing result","",0
"ZNF750","retry","Missing result","",0
"ZNF75A","retry","Missing result","",0
"ZNF75D","retry","Missing result","",0
"ZNF76","retry","Missing result","",0
"ZNF761","retry","Missing result","",0
"ZNF763","retry","Missing result","",0
"ZNF764","retry","Missing result","",0
"ZNF765","retry","Missing result","",0
"ZNF766","retry","Missing result","",0
"ZNF768","retry","Missing result","",0
"ZNF77","retry","Missing result","",0
"ZNF770","retry","Missing result","",0
"ZNF771","retry","Missing result","",0
"ZNF772","retry","Missing result","",0
"ZNF773","retry","Missing result","",0
"ZNF774","retry","Missing result","",0
"ZNF775","retry","Missing result","",0
"ZNF776","retry","Missing result","",0
"ZNF777","retry","Missing result","",0
"ZNF778","retry","Missing result","",0
"ZNF780A","retry","Missing result","",0
"ZNF780B","retry","Missing result","",0
"ZNF781","valid","Validated converged fits","e844fb19dffa82c227a2d5a5d80de412",27
"ZNF782","valid","Validated converged fits","9c789c4605ac17f10dbb519739046574",27
"ZNF783","valid","Validated converged fits","7bbaf27c66f20ffe1d042823b70e466b",27
"ZNF784","valid","Validated converged fits","8c0e2d6a11405c484e50d998df2b0720",27
"ZNF785","valid","Validated converged fits","84c0cb6fc8ba46d988ce9fb11de7fa70",27
"ZNF786","valid","Validated converged fits","360ce74a1157de137e13c73f9496880f",27
"ZNF787","valid","Validated converged fits","7f45efb4b44e25f1e7e62cc859f25556",27
"ZNF789","valid","Validated converged fits","2ac7f9bdddcef953595398a89f27491a",27
"ZNF79","valid","Validated converged fits","ab8946d841f209e5606466543b272b1d",27
"ZNF790","valid","Validated converged fits","0032a84d17b57e0c664cc21083541251",27
"ZNF791","valid","Validated converged fits","c17e665db0da1f673d4c6f946e559132",27
"ZNF792","valid","Validated converged fits","30d5c8135c5ec1a308499541697a30f3",27
"ZNF793","retry","Missing result","",0
"ZNF799","retry","Missing result","",0
"ZNF8","retry","Missing result","",0
"ZNF80","retry","Missing result","",0
"ZNF800","retry","Missing result","",0
"ZNF804A","retry","Missing result","",0
"ZNF804B","retry","Missing result","",0
"ZNF805","retry","Missing result","",0
"ZNF808","retry","Missing result","",0
"ZNF81","retry","Missing result","",0
"ZNF813","retry","Missing result","",0
"ZNF814","retry","Missing result","",0
"ZNF816","retry","Missing result","",0
"ZNF821","retry","Missing result","",0
"ZNF823","retry","Missing result","",0
"ZNF827","retry","Missing result","",0
"ZNF829","retry","Missing result","",0
"ZNF83","retry","Missing result","",0
"ZNF830","retry","Missing result","",0
"ZNF831","retry","Missing result","",0
"ZNF835","retry","Missing result","",0
"ZNF836","retry","Missing result","",0
"ZNF837","retry","Missing result","",0
"ZNF839","retry","Missing result","",0
"ZNF84","retry","Missing result","",0
"ZNF841","retry","Missing result","",0
"ZNF843","retry","Missing result","",0
"ZNF844","retry","Missing result","",0
"ZNF845","retry","Missing result","",0
"ZNF846","retry","Missing result","",0
"ZNF85","retry","Missing result","",0
"ZNF850","retry","Missing result","",0
"ZNF852","retry","Missing result","",0
"ZNF853","retry","Missing result","",0
"ZNF860","retry","Missing result","",0
"ZNF862","retry","Missing result","",0
"ZNF865","retry","Missing result","",0
"ZNF878","retry","Missing result","",0
"ZNF879","retry","Missing result","",0
"ZNF880","retry","Missing result","",0
"ZNF883","retry","Missing result","",0
"ZNF888","retry","Missing result","",0
"ZNF891","retry","Missing result","",0
"ZNF90","retry","Missing result","",0
"ZNF91","retry","Missing result","",0
"ZNF92","retry","Missing result","",0
"ZNF93","retry","Missing result","",0
"ZNF98","retry","Missing result","",0
"ZNF99","retry","Missing result","",0
"ZNFX1","valid","Validated converged fits","8ac460deddfffe30bfd4f9c265f8c11a",27
"ZNHIT1","valid","Validated converged fits","5732226e2cbdd062a41668b3a8a056b6",27
"ZNHIT2","valid","Validated converged fits","d8a42fd7484227f2b3bb7f79c2b2b764",27
"ZNHIT3","valid","Validated converged fits","0331aa0bea8eaa9abb6310f79c2c45bb",27
"ZNHIT6","valid","Validated converged fits","a8897e9a85569db89afb35b2f5c3f555",27
"ZNRF1","valid","Validated converged fits","b664538987dfeb0fdb28c1a940d29695",27
"ZNRF2","valid","Validated converged fits","8a3b041e1cb443e1669791158fd51d3d",27
"ZNRF3","valid","Validated converged fits","0683373fce74f7a2c8d66e5e08bac389",27
"ZNRF4","valid","Validated converged fits","75bc31dbdcf19dc1a04b53dbd38a2713",27
"ZP1","valid","Validated converged fits","7de65cd67ad2c7b6f5cccc2efca8aad0",27
"ZP2","valid","Validated converged fits","04ca727dfab81be4c41bf0a7b5106612",27
"ZP3","valid","Validated converged fits","b3ef471c88351207007a8613b42b8c2f",27
"ZP4","retry","Missing result","",0
"ZPBP","retry","Missing result","",0
"ZPBP2","retry","Missing result","",0
"ZPLD1","retry","Missing result","",0
"ZPR1","retry","Missing result","",0
"ZRANB1","retry","Missing result","",0
"ZRANB2","retry","Missing result","",0
"ZRANB3","retry","Missing result","",0
"ZRSR2","retry","Missing result","",0
"ZSCAN1","retry","Missing result","",0
"ZSCAN10","retry","Missing result","",0
"ZSCAN12","retry","Missing result","",0
"ZSCAN16","retry","Missing result","",0
"ZSCAN18","retry","Missing result","",0
"ZSCAN2","retry","Missing result","",0
"ZSCAN20","retry","Missing result","",0
"ZSCAN21","retry","Missing result","",0
"ZSCAN22","retry","Missing result","",0
"ZSCAN23","retry","Missing result","",0
"ZSCAN25","retry","Missing result","",0
"ZSCAN26","retry","Missing result","",0
"ZSCAN29","retry","Missing result","",0
"ZSCAN30","retry","Missing result","",0
"ZSCAN31","retry","Missing result","",0
"ZSCAN32","retry","Missing result","",0
"ZSCAN4","retry","Missing result","",0
"ZSCAN5A","retry","Missing result","",0
"ZSCAN5B","retry","Missing result","",0
"ZSCAN5C","retry","Missing result","",0
"ZSCAN9","retry","Missing result","",0
"ZSWIM1","retry","Missing result","",0
"ZSWIM2","retry","Missing result","",0
"ZSWIM3","retry","Missing result","",0
"ZSWIM4","retry","Missing result","",0
"ZSWIM5","retry","Missing result","",0
"ZSWIM6","retry","Missing result","",0
"ZSWIM7","retry","Missing result","",0
"ZSWIM8","retry","Missing result","",0
"ZW10","retry","Missing result","",0
"ZWILCH","retry","Missing result","",0
"ZWINT","retry","Missing result","",0
"ZXDA","retry","Missing result","",0
"ZXDB","retry","Missing result","",0
"ZXDC","retry","Missing result","",0
"ZYG11A","retry","Missing result","",0
"ZYG11B","retry","Missing result","",0
"ZYX","retry","Missing result","",0
"ZZEF1","retry","Missing result","",0
"ZZZ3","retry","Missing result","",0
