tissue,model,distance_to_tss_kb,bin_lower_kb,bin_upper_kb,count,proportion,percentage,n_cs_total,n_cs_in_window
Adipose Tissue,SuSiE,-200,-205,-195,0,0,0,915,882
Adipose Tissue,SuSiE,-190,-195,-185,0,0,0,915,882
Adipose Tissue,SuSiE,-180,-185,-175,5,0.00566893424036281,0.566893424036281,915,882
Adipose Tissue,SuSiE,-170,-175,-165,2,0.00226757369614512,0.226757369614512,915,882
Adipose Tissue,SuSiE,-160,-165,-155,3,0.00340136054421769,0.340136054421769,915,882
Adipose Tissue,SuSiE,-150,-155,-145,3,0.00340136054421769,0.340136054421769,915,882
Adipose Tissue,SuSiE,-140,-145,-135,5,0.00566893424036281,0.566893424036281,915,882
Adipose Tissue,SuSiE,-130,-135,-125,3,0.00340136054421769,0.340136054421769,915,882
Adipose Tissue,SuSiE,-120,-125,-115,6,0.00680272108843537,0.680272108843537,915,882
Adipose Tissue,SuSiE,-110,-115,-105,4,0.00453514739229025,0.453514739229025,915,882
Adipose Tissue,SuSiE,-100,-105,-95,10,0.0113378684807256,1.13378684807256,915,882
Adipose Tissue,SuSiE,-90,-95,-85,9,0.0102040816326531,1.02040816326531,915,882
Adipose Tissue,SuSiE,-80,-85,-75,11,0.0124716553287982,1.24716553287982,915,882
Adipose Tissue,SuSiE,-70,-75,-65,15,0.0170068027210884,1.70068027210884,915,882
Adipose Tissue,SuSiE,-60,-65,-55,12,0.0136054421768707,1.36054421768707,915,882
Adipose Tissue,SuSiE,-50,-55,-45,17,0.0192743764172336,1.92743764172336,915,882
Adipose Tissue,SuSiE,-40,-45,-35,30,0.0340136054421769,3.40136054421769,915,882
Adipose Tissue,SuSiE,-30,-35,-25,42,0.0476190476190476,4.76190476190476,915,882
Adipose Tissue,SuSiE,-20,-25,-15,66,0.0748299319727891,7.48299319727891,915,882
Adipose Tissue,SuSiE,-10,-15,-5,79,0.0895691609977324,8.95691609977324,915,882
Adipose Tissue,SuSiE,0,-5,5,248,0.281179138321996,28.1179138321996,915,882
Adipose Tissue,SuSiE,10,5,15,81,0.0918367346938776,9.18367346938776,915,882
Adipose Tissue,SuSiE,20,15,25,53,0.0600907029478458,6.00907029478458,915,882
Adipose Tissue,SuSiE,30,25,35,49,0.0555555555555556,5.55555555555556,915,882
Adipose Tissue,SuSiE,40,35,45,30,0.0340136054421769,3.40136054421769,915,882
Adipose Tissue,SuSiE,50,45,55,18,0.0204081632653061,2.04081632653061,915,882
Adipose Tissue,SuSiE,60,55,65,17,0.0192743764172336,1.92743764172336,915,882
Adipose Tissue,SuSiE,70,65,75,13,0.0147392290249433,1.47392290249433,915,882
Adipose Tissue,SuSiE,80,75,85,12,0.0136054421768707,1.36054421768707,915,882
Adipose Tissue,SuSiE,90,85,95,4,0.00453514739229025,0.453514739229025,915,882
Adipose Tissue,SuSiE,100,95,105,3,0.00340136054421769,0.340136054421769,915,882
Adipose Tissue,SuSiE,110,105,115,8,0.0090702947845805,0.90702947845805,915,882
Adipose Tissue,SuSiE,120,115,125,2,0.00226757369614512,0.226757369614512,915,882
Adipose Tissue,SuSiE,130,125,135,3,0.00340136054421769,0.340136054421769,915,882
Adipose Tissue,SuSiE,140,135,145,4,0.00453514739229025,0.453514739229025,915,882
Adipose Tissue,SuSiE,150,145,155,7,0.00793650793650794,0.793650793650794,915,882
Adipose Tissue,SuSiE,160,155,165,1,0.00113378684807256,0.113378684807256,915,882
Adipose Tissue,SuSiE,170,165,175,2,0.00226757369614512,0.226757369614512,915,882
Adipose Tissue,SuSiE,180,175,185,2,0.00226757369614512,0.226757369614512,915,882
Adipose Tissue,SuSiE,190,185,195,1,0.00113378684807256,0.113378684807256,915,882
Adipose Tissue,SuSiE,200,195,205,2,0.00226757369614512,0.226757369614512,915,882
Adipose Tissue,Weighted SuSiE-mix,-200,-205,-195,0,0,0,913,881
Adipose Tissue,Weighted SuSiE-mix,-190,-195,-185,0,0,0,913,881
Adipose Tissue,Weighted SuSiE-mix,-180,-185,-175,5,0.00567536889897843,0.567536889897843,913,881
Adipose Tissue,Weighted SuSiE-mix,-170,-175,-165,2,0.00227014755959137,0.227014755959137,913,881
Adipose Tissue,Weighted SuSiE-mix,-160,-165,-155,3,0.00340522133938706,0.340522133938706,913,881
Adipose Tissue,Weighted SuSiE-mix,-150,-155,-145,2,0.00227014755959137,0.227014755959137,913,881
Adipose Tissue,Weighted SuSiE-mix,-140,-145,-135,5,0.00567536889897843,0.567536889897843,913,881
Adipose Tissue,Weighted SuSiE-mix,-130,-135,-125,2,0.00227014755959137,0.227014755959137,913,881
Adipose Tissue,Weighted SuSiE-mix,-120,-125,-115,6,0.00681044267877412,0.681044267877412,913,881
Adipose Tissue,Weighted SuSiE-mix,-110,-115,-105,4,0.00454029511918275,0.454029511918275,913,881
Adipose Tissue,Weighted SuSiE-mix,-100,-105,-95,10,0.0113507377979569,1.13507377979569,913,881
Adipose Tissue,Weighted SuSiE-mix,-90,-95,-85,7,0.00794551645856981,0.794551645856981,913,881
Adipose Tissue,Weighted SuSiE-mix,-80,-85,-75,13,0.0147559591373439,1.47559591373439,913,881
Adipose Tissue,Weighted SuSiE-mix,-70,-75,-65,16,0.018161180476731,1.8161180476731,913,881
Adipose Tissue,Weighted SuSiE-mix,-60,-65,-55,12,0.0136208853575482,1.36208853575482,913,881
Adipose Tissue,Weighted SuSiE-mix,-50,-55,-45,17,0.0192962542565267,1.92962542565267,913,881
Adipose Tissue,Weighted SuSiE-mix,-40,-45,-35,30,0.0340522133938706,3.40522133938706,913,881
Adipose Tissue,Weighted SuSiE-mix,-30,-35,-25,42,0.0476730987514188,4.76730987514188,913,881
Adipose Tissue,Weighted SuSiE-mix,-20,-25,-15,67,0.076049943246311,7.6049943246311,913,881
Adipose Tissue,Weighted SuSiE-mix,-10,-15,-5,78,0.0885357548240636,8.85357548240636,913,881
Adipose Tissue,Weighted SuSiE-mix,0,-5,5,250,0.283768444948922,28.3768444948922,913,881
Adipose Tissue,Weighted SuSiE-mix,10,5,15,82,0.0930760499432463,9.30760499432463,913,881
Adipose Tissue,Weighted SuSiE-mix,20,15,25,52,0.0590238365493757,5.90238365493757,913,881
Adipose Tissue,Weighted SuSiE-mix,30,25,35,48,0.054483541430193,5.4483541430193,913,881
Adipose Tissue,Weighted SuSiE-mix,40,35,45,30,0.0340522133938706,3.40522133938706,913,881
Adipose Tissue,Weighted SuSiE-mix,50,45,55,17,0.0192962542565267,1.92962542565267,913,881
Adipose Tissue,Weighted SuSiE-mix,60,55,65,17,0.0192962542565267,1.92962542565267,913,881
Adipose Tissue,Weighted SuSiE-mix,70,65,75,12,0.0136208853575482,1.36208853575482,913,881
Adipose Tissue,Weighted SuSiE-mix,80,75,85,16,0.018161180476731,1.8161180476731,913,881
Adipose Tissue,Weighted SuSiE-mix,90,85,95,4,0.00454029511918275,0.454029511918275,913,881
Adipose Tissue,Weighted SuSiE-mix,100,95,105,1,0.00113507377979569,0.113507377979569,913,881
Adipose Tissue,Weighted SuSiE-mix,110,105,115,8,0.00908059023836549,0.908059023836549,913,881
Adipose Tissue,Weighted SuSiE-mix,120,115,125,2,0.00227014755959137,0.227014755959137,913,881
Adipose Tissue,Weighted SuSiE-mix,130,125,135,3,0.00340522133938706,0.340522133938706,913,881
Adipose Tissue,Weighted SuSiE-mix,140,135,145,4,0.00454029511918275,0.454029511918275,913,881
Adipose Tissue,Weighted SuSiE-mix,150,145,155,5,0.00567536889897843,0.567536889897843,913,881
Adipose Tissue,Weighted SuSiE-mix,160,155,165,1,0.00113507377979569,0.113507377979569,913,881
Adipose Tissue,Weighted SuSiE-mix,170,165,175,2,0.00227014755959137,0.227014755959137,913,881
Adipose Tissue,Weighted SuSiE-mix,180,175,185,2,0.00227014755959137,0.227014755959137,913,881
Adipose Tissue,Weighted SuSiE-mix,190,185,195,1,0.00113507377979569,0.113507377979569,913,881
Adipose Tissue,Weighted SuSiE-mix,200,195,205,3,0.00340522133938706,0.340522133938706,913,881
Adrenal Gland,SuSiE,-200,-205,-195,2,0.00793650793650794,0.793650793650794,265,252
Adrenal Gland,SuSiE,-190,-195,-185,1,0.00396825396825397,0.396825396825397,265,252
Adrenal Gland,SuSiE,-180,-185,-175,0,0,0,265,252
Adrenal Gland,SuSiE,-170,-175,-165,1,0.00396825396825397,0.396825396825397,265,252
Adrenal Gland,SuSiE,-160,-165,-155,0,0,0,265,252
Adrenal Gland,SuSiE,-150,-155,-145,3,0.0119047619047619,1.19047619047619,265,252
Adrenal Gland,SuSiE,-140,-145,-135,1,0.00396825396825397,0.396825396825397,265,252
Adrenal Gland,SuSiE,-130,-135,-125,2,0.00793650793650794,0.793650793650794,265,252
Adrenal Gland,SuSiE,-120,-125,-115,2,0.00793650793650794,0.793650793650794,265,252
Adrenal Gland,SuSiE,-110,-115,-105,1,0.00396825396825397,0.396825396825397,265,252
Adrenal Gland,SuSiE,-100,-105,-95,2,0.00793650793650794,0.793650793650794,265,252
Adrenal Gland,SuSiE,-90,-95,-85,1,0.00396825396825397,0.396825396825397,265,252
Adrenal Gland,SuSiE,-80,-85,-75,1,0.00396825396825397,0.396825396825397,265,252
Adrenal Gland,SuSiE,-70,-75,-65,7,0.0277777777777778,2.77777777777778,265,252
Adrenal Gland,SuSiE,-60,-65,-55,6,0.0238095238095238,2.38095238095238,265,252
Adrenal Gland,SuSiE,-50,-55,-45,10,0.0396825396825397,3.96825396825397,265,252
Adrenal Gland,SuSiE,-40,-45,-35,10,0.0396825396825397,3.96825396825397,265,252
Adrenal Gland,SuSiE,-30,-35,-25,14,0.0555555555555556,5.55555555555556,265,252
Adrenal Gland,SuSiE,-20,-25,-15,20,0.0793650793650794,7.93650793650794,265,252
Adrenal Gland,SuSiE,-10,-15,-5,28,0.111111111111111,11.1111111111111,265,252
Adrenal Gland,SuSiE,0,-5,5,58,0.23015873015873,23.015873015873,265,252
Adrenal Gland,SuSiE,10,5,15,23,0.0912698412698413,9.12698412698413,265,252
Adrenal Gland,SuSiE,20,15,25,28,0.111111111111111,11.1111111111111,265,252
Adrenal Gland,SuSiE,30,25,35,6,0.0238095238095238,2.38095238095238,265,252
Adrenal Gland,SuSiE,40,35,45,6,0.0238095238095238,2.38095238095238,265,252
Adrenal Gland,SuSiE,50,45,55,2,0.00793650793650794,0.793650793650794,265,252
Adrenal Gland,SuSiE,60,55,65,3,0.0119047619047619,1.19047619047619,265,252
Adrenal Gland,SuSiE,70,65,75,1,0.00396825396825397,0.396825396825397,265,252
Adrenal Gland,SuSiE,80,75,85,3,0.0119047619047619,1.19047619047619,265,252
Adrenal Gland,SuSiE,90,85,95,1,0.00396825396825397,0.396825396825397,265,252
Adrenal Gland,SuSiE,100,95,105,2,0.00793650793650794,0.793650793650794,265,252
Adrenal Gland,SuSiE,110,105,115,1,0.00396825396825397,0.396825396825397,265,252
Adrenal Gland,SuSiE,120,115,125,1,0.00396825396825397,0.396825396825397,265,252
Adrenal Gland,SuSiE,130,125,135,0,0,0,265,252
Adrenal Gland,SuSiE,140,135,145,2,0.00793650793650794,0.793650793650794,265,252
Adrenal Gland,SuSiE,150,145,155,0,0,0,265,252
Adrenal Gland,SuSiE,160,155,165,1,0.00396825396825397,0.396825396825397,265,252
Adrenal Gland,SuSiE,170,165,175,2,0.00793650793650794,0.793650793650794,265,252
Adrenal Gland,SuSiE,180,175,185,0,0,0,265,252
Adrenal Gland,SuSiE,190,185,195,0,0,0,265,252
Adrenal Gland,SuSiE,200,195,205,0,0,0,265,252
Adrenal Gland,Weighted SuSiE-mix,-200,-205,-195,2,0.00796812749003984,0.796812749003984,264,251
Adrenal Gland,Weighted SuSiE-mix,-190,-195,-185,1,0.00398406374501992,0.398406374501992,264,251
Adrenal Gland,Weighted SuSiE-mix,-180,-185,-175,0,0,0,264,251
Adrenal Gland,Weighted SuSiE-mix,-170,-175,-165,1,0.00398406374501992,0.398406374501992,264,251
Adrenal Gland,Weighted SuSiE-mix,-160,-165,-155,0,0,0,264,251
Adrenal Gland,Weighted SuSiE-mix,-150,-155,-145,3,0.0119521912350598,1.19521912350598,264,251
Adrenal Gland,Weighted SuSiE-mix,-140,-145,-135,1,0.00398406374501992,0.398406374501992,264,251
Adrenal Gland,Weighted SuSiE-mix,-130,-135,-125,2,0.00796812749003984,0.796812749003984,264,251
Adrenal Gland,Weighted SuSiE-mix,-120,-125,-115,2,0.00796812749003984,0.796812749003984,264,251
Adrenal Gland,Weighted SuSiE-mix,-110,-115,-105,1,0.00398406374501992,0.398406374501992,264,251
Adrenal Gland,Weighted SuSiE-mix,-100,-105,-95,2,0.00796812749003984,0.796812749003984,264,251
Adrenal Gland,Weighted SuSiE-mix,-90,-95,-85,1,0.00398406374501992,0.398406374501992,264,251
Adrenal Gland,Weighted SuSiE-mix,-80,-85,-75,1,0.00398406374501992,0.398406374501992,264,251
Adrenal Gland,Weighted SuSiE-mix,-70,-75,-65,7,0.0278884462151394,2.78884462151394,264,251
Adrenal Gland,Weighted SuSiE-mix,-60,-65,-55,6,0.0239043824701195,2.39043824701195,264,251
Adrenal Gland,Weighted SuSiE-mix,-50,-55,-45,10,0.0398406374501992,3.98406374501992,264,251
Adrenal Gland,Weighted SuSiE-mix,-40,-45,-35,10,0.0398406374501992,3.98406374501992,264,251
Adrenal Gland,Weighted SuSiE-mix,-30,-35,-25,15,0.0597609561752988,5.97609561752988,264,251
Adrenal Gland,Weighted SuSiE-mix,-20,-25,-15,20,0.0796812749003984,7.96812749003984,264,251
Adrenal Gland,Weighted SuSiE-mix,-10,-15,-5,28,0.111553784860558,11.1553784860558,264,251
Adrenal Gland,Weighted SuSiE-mix,0,-5,5,57,0.227091633466135,22.7091633466136,264,251
Adrenal Gland,Weighted SuSiE-mix,10,5,15,23,0.0916334661354582,9.16334661354582,264,251
Adrenal Gland,Weighted SuSiE-mix,20,15,25,28,0.111553784860558,11.1553784860558,264,251
Adrenal Gland,Weighted SuSiE-mix,30,25,35,5,0.0199203187250996,1.99203187250996,264,251
Adrenal Gland,Weighted SuSiE-mix,40,35,45,6,0.0239043824701195,2.39043824701195,264,251
Adrenal Gland,Weighted SuSiE-mix,50,45,55,2,0.00796812749003984,0.796812749003984,264,251
Adrenal Gland,Weighted SuSiE-mix,60,55,65,3,0.0119521912350598,1.19521912350598,264,251
Adrenal Gland,Weighted SuSiE-mix,70,65,75,1,0.00398406374501992,0.398406374501992,264,251
Adrenal Gland,Weighted SuSiE-mix,80,75,85,3,0.0119521912350598,1.19521912350598,264,251
Adrenal Gland,Weighted SuSiE-mix,90,85,95,1,0.00398406374501992,0.398406374501992,264,251
Adrenal Gland,Weighted SuSiE-mix,100,95,105,2,0.00796812749003984,0.796812749003984,264,251
Adrenal Gland,Weighted SuSiE-mix,110,105,115,1,0.00398406374501992,0.398406374501992,264,251
Adrenal Gland,Weighted SuSiE-mix,120,115,125,1,0.00398406374501992,0.398406374501992,264,251
Adrenal Gland,Weighted SuSiE-mix,130,125,135,0,0,0,264,251
Adrenal Gland,Weighted SuSiE-mix,140,135,145,2,0.00796812749003984,0.796812749003984,264,251
Adrenal Gland,Weighted SuSiE-mix,150,145,155,0,0,0,264,251
Adrenal Gland,Weighted SuSiE-mix,160,155,165,1,0.00398406374501992,0.398406374501992,264,251
Adrenal Gland,Weighted SuSiE-mix,170,165,175,2,0.00796812749003984,0.796812749003984,264,251
Adrenal Gland,Weighted SuSiE-mix,180,175,185,0,0,0,264,251
Adrenal Gland,Weighted SuSiE-mix,190,185,195,0,0,0,264,251
Adrenal Gland,Weighted SuSiE-mix,200,195,205,0,0,0,264,251
Blood,SuSiE,-200,-205,-195,1,0.00259067357512953,0.259067357512953,418,386
Blood,SuSiE,-190,-195,-185,0,0,0,418,386
Blood,SuSiE,-180,-185,-175,0,0,0,418,386
Blood,SuSiE,-170,-175,-165,0,0,0,418,386
Blood,SuSiE,-160,-165,-155,1,0.00259067357512953,0.259067357512953,418,386
Blood,SuSiE,-150,-155,-145,2,0.00518134715025907,0.518134715025907,418,386
Blood,SuSiE,-140,-145,-135,0,0,0,418,386
Blood,SuSiE,-130,-135,-125,6,0.0155440414507772,1.55440414507772,418,386
Blood,SuSiE,-120,-125,-115,3,0.0077720207253886,0.77720207253886,418,386
Blood,SuSiE,-110,-115,-105,2,0.00518134715025907,0.518134715025907,418,386
Blood,SuSiE,-100,-105,-95,4,0.0103626943005181,1.03626943005181,418,386
Blood,SuSiE,-90,-95,-85,4,0.0103626943005181,1.03626943005181,418,386
Blood,SuSiE,-80,-85,-75,6,0.0155440414507772,1.55440414507772,418,386
Blood,SuSiE,-70,-75,-65,7,0.0181347150259067,1.81347150259067,418,386
Blood,SuSiE,-60,-65,-55,5,0.0129533678756477,1.29533678756477,418,386
Blood,SuSiE,-50,-55,-45,7,0.0181347150259067,1.81347150259067,418,386
Blood,SuSiE,-40,-45,-35,10,0.0259067357512953,2.59067357512953,418,386
Blood,SuSiE,-30,-35,-25,15,0.038860103626943,3.8860103626943,418,386
Blood,SuSiE,-20,-25,-15,30,0.077720207253886,7.7720207253886,418,386
Blood,SuSiE,-10,-15,-5,41,0.106217616580311,10.6217616580311,418,386
Blood,SuSiE,0,-5,5,102,0.264248704663212,26.4248704663213,418,386
Blood,SuSiE,10,5,15,38,0.0984455958549223,9.84455958549223,418,386
Blood,SuSiE,20,15,25,21,0.0544041450777202,5.44041450777202,418,386
Blood,SuSiE,30,25,35,23,0.0595854922279793,5.95854922279793,418,386
Blood,SuSiE,40,35,45,12,0.0310880829015544,3.10880829015544,418,386
Blood,SuSiE,50,45,55,12,0.0310880829015544,3.10880829015544,418,386
Blood,SuSiE,60,55,65,3,0.0077720207253886,0.77720207253886,418,386
Blood,SuSiE,70,65,75,4,0.0103626943005181,1.03626943005181,418,386
Blood,SuSiE,80,75,85,3,0.0077720207253886,0.77720207253886,418,386
Blood,SuSiE,90,85,95,8,0.0207253886010363,2.07253886010363,418,386
Blood,SuSiE,100,95,105,5,0.0129533678756477,1.29533678756477,418,386
Blood,SuSiE,110,105,115,3,0.0077720207253886,0.77720207253886,418,386
Blood,SuSiE,120,115,125,1,0.00259067357512953,0.259067357512953,418,386
Blood,SuSiE,130,125,135,1,0.00259067357512953,0.259067357512953,418,386
Blood,SuSiE,140,135,145,1,0.00259067357512953,0.259067357512953,418,386
Blood,SuSiE,150,145,155,1,0.00259067357512953,0.259067357512953,418,386
Blood,SuSiE,160,155,165,0,0,0,418,386
Blood,SuSiE,170,165,175,1,0.00259067357512953,0.259067357512953,418,386
Blood,SuSiE,180,175,185,2,0.00518134715025907,0.518134715025907,418,386
Blood,SuSiE,190,185,195,0,0,0,418,386
Blood,SuSiE,200,195,205,1,0.00259067357512953,0.259067357512953,418,386
Blood,Weighted SuSiE-mix,-200,-205,-195,1,0.00260416666666667,0.260416666666667,417,384
Blood,Weighted SuSiE-mix,-190,-195,-185,0,0,0,417,384
Blood,Weighted SuSiE-mix,-180,-185,-175,0,0,0,417,384
Blood,Weighted SuSiE-mix,-170,-175,-165,0,0,0,417,384
Blood,Weighted SuSiE-mix,-160,-165,-155,1,0.00260416666666667,0.260416666666667,417,384
Blood,Weighted SuSiE-mix,-150,-155,-145,2,0.00520833333333333,0.520833333333333,417,384
Blood,Weighted SuSiE-mix,-140,-145,-135,0,0,0,417,384
Blood,Weighted SuSiE-mix,-130,-135,-125,6,0.015625,1.5625,417,384
Blood,Weighted SuSiE-mix,-120,-125,-115,2,0.00520833333333333,0.520833333333333,417,384
Blood,Weighted SuSiE-mix,-110,-115,-105,2,0.00520833333333333,0.520833333333333,417,384
Blood,Weighted SuSiE-mix,-100,-105,-95,6,0.015625,1.5625,417,384
Blood,Weighted SuSiE-mix,-90,-95,-85,4,0.0104166666666667,1.04166666666667,417,384
Blood,Weighted SuSiE-mix,-80,-85,-75,7,0.0182291666666667,1.82291666666667,417,384
Blood,Weighted SuSiE-mix,-70,-75,-65,7,0.0182291666666667,1.82291666666667,417,384
Blood,Weighted SuSiE-mix,-60,-65,-55,5,0.0130208333333333,1.30208333333333,417,384
Blood,Weighted SuSiE-mix,-50,-55,-45,5,0.0130208333333333,1.30208333333333,417,384
Blood,Weighted SuSiE-mix,-40,-45,-35,12,0.03125,3.125,417,384
Blood,Weighted SuSiE-mix,-30,-35,-25,14,0.0364583333333333,3.64583333333333,417,384
Blood,Weighted SuSiE-mix,-20,-25,-15,29,0.0755208333333333,7.55208333333333,417,384
Blood,Weighted SuSiE-mix,-10,-15,-5,43,0.111979166666667,11.1979166666667,417,384
Blood,Weighted SuSiE-mix,0,-5,5,100,0.260416666666667,26.0416666666667,417,384
Blood,Weighted SuSiE-mix,10,5,15,38,0.0989583333333333,9.89583333333333,417,384
Blood,Weighted SuSiE-mix,20,15,25,21,0.0546875,5.46875,417,384
Blood,Weighted SuSiE-mix,30,25,35,22,0.0572916666666667,5.72916666666667,417,384
Blood,Weighted SuSiE-mix,40,35,45,12,0.03125,3.125,417,384
Blood,Weighted SuSiE-mix,50,45,55,12,0.03125,3.125,417,384
Blood,Weighted SuSiE-mix,60,55,65,3,0.0078125,0.78125,417,384
Blood,Weighted SuSiE-mix,70,65,75,4,0.0104166666666667,1.04166666666667,417,384
Blood,Weighted SuSiE-mix,80,75,85,4,0.0104166666666667,1.04166666666667,417,384
Blood,Weighted SuSiE-mix,90,85,95,8,0.0208333333333333,2.08333333333333,417,384
Blood,Weighted SuSiE-mix,100,95,105,3,0.0078125,0.78125,417,384
Blood,Weighted SuSiE-mix,110,105,115,3,0.0078125,0.78125,417,384
Blood,Weighted SuSiE-mix,120,115,125,1,0.00260416666666667,0.260416666666667,417,384
Blood,Weighted SuSiE-mix,130,125,135,1,0.00260416666666667,0.260416666666667,417,384
Blood,Weighted SuSiE-mix,140,135,145,1,0.00260416666666667,0.260416666666667,417,384
Blood,Weighted SuSiE-mix,150,145,155,1,0.00260416666666667,0.260416666666667,417,384
Blood,Weighted SuSiE-mix,160,155,165,0,0,0,417,384
Blood,Weighted SuSiE-mix,170,165,175,1,0.00260416666666667,0.260416666666667,417,384
Blood,Weighted SuSiE-mix,180,175,185,2,0.00520833333333333,0.520833333333333,417,384
Blood,Weighted SuSiE-mix,190,185,195,0,0,0,417,384
Blood,Weighted SuSiE-mix,200,195,205,1,0.00260416666666667,0.260416666666667,417,384
Blood Vessel,SuSiE,-200,-205,-195,4,0.0041025641025641,0.41025641025641,1029,975
Blood Vessel,SuSiE,-190,-195,-185,4,0.0041025641025641,0.41025641025641,1029,975
Blood Vessel,SuSiE,-180,-185,-175,2,0.00205128205128205,0.205128205128205,1029,975
Blood Vessel,SuSiE,-170,-175,-165,1,0.00102564102564103,0.102564102564103,1029,975
Blood Vessel,SuSiE,-160,-165,-155,5,0.00512820512820513,0.512820512820513,1029,975
Blood Vessel,SuSiE,-150,-155,-145,9,0.00923076923076923,0.923076923076923,1029,975
Blood Vessel,SuSiE,-140,-145,-135,4,0.0041025641025641,0.41025641025641,1029,975
Blood Vessel,SuSiE,-130,-135,-125,7,0.00717948717948718,0.717948717948718,1029,975
Blood Vessel,SuSiE,-120,-125,-115,4,0.0041025641025641,0.41025641025641,1029,975
Blood Vessel,SuSiE,-110,-115,-105,7,0.00717948717948718,0.717948717948718,1029,975
Blood Vessel,SuSiE,-100,-105,-95,7,0.00717948717948718,0.717948717948718,1029,975
Blood Vessel,SuSiE,-90,-95,-85,11,0.0112820512820513,1.12820512820513,1029,975
Blood Vessel,SuSiE,-80,-85,-75,14,0.0143589743589744,1.43589743589744,1029,975
Blood Vessel,SuSiE,-70,-75,-65,17,0.0174358974358974,1.74358974358974,1029,975
Blood Vessel,SuSiE,-60,-65,-55,12,0.0123076923076923,1.23076923076923,1029,975
Blood Vessel,SuSiE,-50,-55,-45,19,0.0194871794871795,1.94871794871795,1029,975
Blood Vessel,SuSiE,-40,-45,-35,33,0.0338461538461538,3.38461538461538,1029,975
Blood Vessel,SuSiE,-30,-35,-25,40,0.041025641025641,4.1025641025641,1029,975
Blood Vessel,SuSiE,-20,-25,-15,63,0.0646153846153846,6.46153846153846,1029,975
Blood Vessel,SuSiE,-10,-15,-5,107,0.10974358974359,10.974358974359,1029,975
Blood Vessel,SuSiE,0,-5,5,254,0.260512820512821,26.0512820512821,1029,975
Blood Vessel,SuSiE,10,5,15,94,0.0964102564102564,9.64102564102564,1029,975
Blood Vessel,SuSiE,20,15,25,60,0.0615384615384615,6.15384615384615,1029,975
Blood Vessel,SuSiE,30,25,35,42,0.0430769230769231,4.30769230769231,1029,975
Blood Vessel,SuSiE,40,35,45,38,0.038974358974359,3.8974358974359,1029,975
Blood Vessel,SuSiE,50,45,55,25,0.0256410256410256,2.56410256410256,1029,975
Blood Vessel,SuSiE,60,55,65,18,0.0184615384615385,1.84615384615385,1029,975
Blood Vessel,SuSiE,70,65,75,12,0.0123076923076923,1.23076923076923,1029,975
Blood Vessel,SuSiE,80,75,85,9,0.00923076923076923,0.923076923076923,1029,975
Blood Vessel,SuSiE,90,85,95,13,0.0133333333333333,1.33333333333333,1029,975
Blood Vessel,SuSiE,100,95,105,6,0.00615384615384615,0.615384615384615,1029,975
Blood Vessel,SuSiE,110,105,115,7,0.00717948717948718,0.717948717948718,1029,975
Blood Vessel,SuSiE,120,115,125,5,0.00512820512820513,0.512820512820513,1029,975
Blood Vessel,SuSiE,130,125,135,4,0.0041025641025641,0.41025641025641,1029,975
Blood Vessel,SuSiE,140,135,145,5,0.00512820512820513,0.512820512820513,1029,975
Blood Vessel,SuSiE,150,145,155,4,0.0041025641025641,0.41025641025641,1029,975
Blood Vessel,SuSiE,160,155,165,2,0.00205128205128205,0.205128205128205,1029,975
Blood Vessel,SuSiE,170,165,175,2,0.00205128205128205,0.205128205128205,1029,975
Blood Vessel,SuSiE,180,175,185,2,0.00205128205128205,0.205128205128205,1029,975
Blood Vessel,SuSiE,190,185,195,0,0,0,1029,975
Blood Vessel,SuSiE,200,195,205,3,0.00307692307692308,0.307692307692308,1029,975
Blood Vessel,Weighted SuSiE-mix,-200,-205,-195,4,0.00411099691675231,0.411099691675231,1028,973
Blood Vessel,Weighted SuSiE-mix,-190,-195,-185,4,0.00411099691675231,0.411099691675231,1028,973
Blood Vessel,Weighted SuSiE-mix,-180,-185,-175,2,0.00205549845837616,0.205549845837616,1028,973
Blood Vessel,Weighted SuSiE-mix,-170,-175,-165,1,0.00102774922918808,0.102774922918808,1028,973
Blood Vessel,Weighted SuSiE-mix,-160,-165,-155,5,0.00513874614594039,0.513874614594039,1028,973
Blood Vessel,Weighted SuSiE-mix,-150,-155,-145,9,0.0092497430626927,0.92497430626927,1028,973
Blood Vessel,Weighted SuSiE-mix,-140,-145,-135,5,0.00513874614594039,0.513874614594039,1028,973
Blood Vessel,Weighted SuSiE-mix,-130,-135,-125,7,0.00719424460431655,0.719424460431655,1028,973
Blood Vessel,Weighted SuSiE-mix,-120,-125,-115,5,0.00513874614594039,0.513874614594039,1028,973
Blood Vessel,Weighted SuSiE-mix,-110,-115,-105,7,0.00719424460431655,0.719424460431655,1028,973
Blood Vessel,Weighted SuSiE-mix,-100,-105,-95,7,0.00719424460431655,0.719424460431655,1028,973
Blood Vessel,Weighted SuSiE-mix,-90,-95,-85,11,0.0113052415210689,1.13052415210689,1028,973
Blood Vessel,Weighted SuSiE-mix,-80,-85,-75,14,0.0143884892086331,1.43884892086331,1028,973
Blood Vessel,Weighted SuSiE-mix,-70,-75,-65,17,0.0174717368961973,1.74717368961973,1028,973
Blood Vessel,Weighted SuSiE-mix,-60,-65,-55,12,0.0123329907502569,1.23329907502569,1028,973
Blood Vessel,Weighted SuSiE-mix,-50,-55,-45,20,0.0205549845837616,2.05549845837616,1028,973
Blood Vessel,Weighted SuSiE-mix,-40,-45,-35,33,0.0339157245632066,3.39157245632066,1028,973
Blood Vessel,Weighted SuSiE-mix,-30,-35,-25,40,0.0411099691675231,4.11099691675231,1028,973
Blood Vessel,Weighted SuSiE-mix,-20,-25,-15,62,0.0637204522096608,6.37204522096608,1028,973
Blood Vessel,Weighted SuSiE-mix,-10,-15,-5,109,0.112024665981501,11.2024665981501,1028,973
Blood Vessel,Weighted SuSiE-mix,0,-5,5,254,0.261048304213772,26.1048304213772,1028,973
Blood Vessel,Weighted SuSiE-mix,10,5,15,94,0.0966084275436793,9.66084275436793,1028,973
Blood Vessel,Weighted SuSiE-mix,20,15,25,62,0.0637204522096608,6.37204522096608,1028,973
Blood Vessel,Weighted SuSiE-mix,30,25,35,40,0.0411099691675231,4.11099691675231,1028,973
Blood Vessel,Weighted SuSiE-mix,40,35,45,35,0.0359712230215827,3.59712230215827,1028,973
Blood Vessel,Weighted SuSiE-mix,50,45,55,25,0.025693730729702,2.5693730729702,1028,973
Blood Vessel,Weighted SuSiE-mix,60,55,65,17,0.0174717368961973,1.74717368961973,1028,973
Blood Vessel,Weighted SuSiE-mix,70,65,75,11,0.0113052415210689,1.13052415210689,1028,973
Blood Vessel,Weighted SuSiE-mix,80,75,85,9,0.0092497430626927,0.92497430626927,1028,973
Blood Vessel,Weighted SuSiE-mix,90,85,95,12,0.0123329907502569,1.23329907502569,1028,973
Blood Vessel,Weighted SuSiE-mix,100,95,105,5,0.00513874614594039,0.513874614594039,1028,973
Blood Vessel,Weighted SuSiE-mix,110,105,115,7,0.00719424460431655,0.719424460431655,1028,973
Blood Vessel,Weighted SuSiE-mix,120,115,125,5,0.00513874614594039,0.513874614594039,1028,973
Blood Vessel,Weighted SuSiE-mix,130,125,135,5,0.00513874614594039,0.513874614594039,1028,973
Blood Vessel,Weighted SuSiE-mix,140,135,145,5,0.00513874614594039,0.513874614594039,1028,973
Blood Vessel,Weighted SuSiE-mix,150,145,155,4,0.00411099691675231,0.411099691675231,1028,973
Blood Vessel,Weighted SuSiE-mix,160,155,165,2,0.00205549845837616,0.205549845837616,1028,973
Blood Vessel,Weighted SuSiE-mix,170,165,175,2,0.00205549845837616,0.205549845837616,1028,973
Blood Vessel,Weighted SuSiE-mix,180,175,185,2,0.00205549845837616,0.205549845837616,1028,973
Blood Vessel,Weighted SuSiE-mix,190,185,195,0,0,0,1028,973
Blood Vessel,Weighted SuSiE-mix,200,195,205,3,0.00308324768756423,0.308324768756423,1028,973
Brain,SuSiE,-200,-205,-195,0,0,0,162,151
Brain,SuSiE,-190,-195,-185,0,0,0,162,151
Brain,SuSiE,-180,-185,-175,0,0,0,162,151
Brain,SuSiE,-170,-175,-165,1,0.00662251655629139,0.662251655629139,162,151
Brain,SuSiE,-160,-165,-155,0,0,0,162,151
Brain,SuSiE,-150,-155,-145,1,0.00662251655629139,0.662251655629139,162,151
Brain,SuSiE,-140,-145,-135,0,0,0,162,151
Brain,SuSiE,-130,-135,-125,3,0.0198675496688742,1.98675496688742,162,151
Brain,SuSiE,-120,-125,-115,0,0,0,162,151
Brain,SuSiE,-110,-115,-105,1,0.00662251655629139,0.662251655629139,162,151
Brain,SuSiE,-100,-105,-95,1,0.00662251655629139,0.662251655629139,162,151
Brain,SuSiE,-90,-95,-85,0,0,0,162,151
Brain,SuSiE,-80,-85,-75,4,0.0264900662251656,2.64900662251656,162,151
Brain,SuSiE,-70,-75,-65,2,0.0132450331125828,1.32450331125828,162,151
Brain,SuSiE,-60,-65,-55,5,0.033112582781457,3.3112582781457,162,151
Brain,SuSiE,-50,-55,-45,3,0.0198675496688742,1.98675496688742,162,151
Brain,SuSiE,-40,-45,-35,7,0.0463576158940397,4.63576158940397,162,151
Brain,SuSiE,-30,-35,-25,4,0.0264900662251656,2.64900662251656,162,151
Brain,SuSiE,-20,-25,-15,15,0.0993377483443709,9.93377483443709,162,151
Brain,SuSiE,-10,-15,-5,19,0.125827814569536,12.5827814569536,162,151
Brain,SuSiE,0,-5,5,29,0.19205298013245,19.205298013245,162,151
Brain,SuSiE,10,5,15,9,0.0596026490066225,5.96026490066225,162,151
Brain,SuSiE,20,15,25,14,0.0927152317880795,9.27152317880795,162,151
Brain,SuSiE,30,25,35,10,0.0662251655629139,6.62251655629139,162,151
Brain,SuSiE,40,35,45,7,0.0463576158940397,4.63576158940397,162,151
Brain,SuSiE,50,45,55,3,0.0198675496688742,1.98675496688742,162,151
Brain,SuSiE,60,55,65,1,0.00662251655629139,0.662251655629139,162,151
Brain,SuSiE,70,65,75,1,0.00662251655629139,0.662251655629139,162,151
Brain,SuSiE,80,75,85,2,0.0132450331125828,1.32450331125828,162,151
Brain,SuSiE,90,85,95,0,0,0,162,151
Brain,SuSiE,100,95,105,0,0,0,162,151
Brain,SuSiE,110,105,115,2,0.0132450331125828,1.32450331125828,162,151
Brain,SuSiE,120,115,125,2,0.0132450331125828,1.32450331125828,162,151
Brain,SuSiE,130,125,135,1,0.00662251655629139,0.662251655629139,162,151
Brain,SuSiE,140,135,145,0,0,0,162,151
Brain,SuSiE,150,145,155,0,0,0,162,151
Brain,SuSiE,160,155,165,3,0.0198675496688742,1.98675496688742,162,151
Brain,SuSiE,170,165,175,0,0,0,162,151
Brain,SuSiE,180,175,185,0,0,0,162,151
Brain,SuSiE,190,185,195,0,0,0,162,151
Brain,SuSiE,200,195,205,1,0.00662251655629139,0.662251655629139,162,151
Brain,Weighted SuSiE-mix,-200,-205,-195,0,0,0,162,151
Brain,Weighted SuSiE-mix,-190,-195,-185,0,0,0,162,151
Brain,Weighted SuSiE-mix,-180,-185,-175,0,0,0,162,151
Brain,Weighted SuSiE-mix,-170,-175,-165,1,0.00662251655629139,0.662251655629139,162,151
Brain,Weighted SuSiE-mix,-160,-165,-155,0,0,0,162,151
Brain,Weighted SuSiE-mix,-150,-155,-145,1,0.00662251655629139,0.662251655629139,162,151
Brain,Weighted SuSiE-mix,-140,-145,-135,0,0,0,162,151
Brain,Weighted SuSiE-mix,-130,-135,-125,3,0.0198675496688742,1.98675496688742,162,151
Brain,Weighted SuSiE-mix,-120,-125,-115,0,0,0,162,151
Brain,Weighted SuSiE-mix,-110,-115,-105,1,0.00662251655629139,0.662251655629139,162,151
Brain,Weighted SuSiE-mix,-100,-105,-95,2,0.0132450331125828,1.32450331125828,162,151
Brain,Weighted SuSiE-mix,-90,-95,-85,0,0,0,162,151
Brain,Weighted SuSiE-mix,-80,-85,-75,3,0.0198675496688742,1.98675496688742,162,151
Brain,Weighted SuSiE-mix,-70,-75,-65,2,0.0132450331125828,1.32450331125828,162,151
Brain,Weighted SuSiE-mix,-60,-65,-55,5,0.033112582781457,3.3112582781457,162,151
Brain,Weighted SuSiE-mix,-50,-55,-45,3,0.0198675496688742,1.98675496688742,162,151
Brain,Weighted SuSiE-mix,-40,-45,-35,7,0.0463576158940397,4.63576158940397,162,151
Brain,Weighted SuSiE-mix,-30,-35,-25,4,0.0264900662251656,2.64900662251656,162,151
Brain,Weighted SuSiE-mix,-20,-25,-15,15,0.0993377483443709,9.93377483443709,162,151
Brain,Weighted SuSiE-mix,-10,-15,-5,19,0.125827814569536,12.5827814569536,162,151
Brain,Weighted SuSiE-mix,0,-5,5,29,0.19205298013245,19.205298013245,162,151
Brain,Weighted SuSiE-mix,10,5,15,9,0.0596026490066225,5.96026490066225,162,151
Brain,Weighted SuSiE-mix,20,15,25,14,0.0927152317880795,9.27152317880795,162,151
Brain,Weighted SuSiE-mix,30,25,35,10,0.0662251655629139,6.62251655629139,162,151
Brain,Weighted SuSiE-mix,40,35,45,7,0.0463576158940397,4.63576158940397,162,151
Brain,Weighted SuSiE-mix,50,45,55,2,0.0132450331125828,1.32450331125828,162,151
Brain,Weighted SuSiE-mix,60,55,65,1,0.00662251655629139,0.662251655629139,162,151
Brain,Weighted SuSiE-mix,70,65,75,1,0.00662251655629139,0.662251655629139,162,151
Brain,Weighted SuSiE-mix,80,75,85,2,0.0132450331125828,1.32450331125828,162,151
Brain,Weighted SuSiE-mix,90,85,95,0,0,0,162,151
Brain,Weighted SuSiE-mix,100,95,105,0,0,0,162,151
Brain,Weighted SuSiE-mix,110,105,115,3,0.0198675496688742,1.98675496688742,162,151
Brain,Weighted SuSiE-mix,120,115,125,2,0.0132450331125828,1.32450331125828,162,151
Brain,Weighted SuSiE-mix,130,125,135,1,0.00662251655629139,0.662251655629139,162,151
Brain,Weighted SuSiE-mix,140,135,145,0,0,0,162,151
Brain,Weighted SuSiE-mix,150,145,155,0,0,0,162,151
Brain,Weighted SuSiE-mix,160,155,165,3,0.0198675496688742,1.98675496688742,162,151
Brain,Weighted SuSiE-mix,170,165,175,0,0,0,162,151
Brain,Weighted SuSiE-mix,180,175,185,0,0,0,162,151
Brain,Weighted SuSiE-mix,190,185,195,0,0,0,162,151
Brain,Weighted SuSiE-mix,200,195,205,1,0.00662251655629139,0.662251655629139,162,151
Breast,SuSiE,-200,-205,-195,1,0.00246305418719212,0.246305418719212,436,406
Breast,SuSiE,-190,-195,-185,0,0,0,436,406
Breast,SuSiE,-180,-185,-175,2,0.00492610837438424,0.492610837438424,436,406
Breast,SuSiE,-170,-175,-165,1,0.00246305418719212,0.246305418719212,436,406
Breast,SuSiE,-160,-165,-155,4,0.00985221674876847,0.985221674876847,436,406
Breast,SuSiE,-150,-155,-145,0,0,0,436,406
Breast,SuSiE,-140,-145,-135,2,0.00492610837438424,0.492610837438424,436,406
Breast,SuSiE,-130,-135,-125,3,0.00738916256157635,0.738916256157635,436,406
Breast,SuSiE,-120,-125,-115,1,0.00246305418719212,0.246305418719212,436,406
Breast,SuSiE,-110,-115,-105,5,0.0123152709359606,1.23152709359606,436,406
Breast,SuSiE,-100,-105,-95,4,0.00985221674876847,0.985221674876847,436,406
Breast,SuSiE,-90,-95,-85,3,0.00738916256157635,0.738916256157635,436,406
Breast,SuSiE,-80,-85,-75,1,0.00246305418719212,0.246305418719212,436,406
Breast,SuSiE,-70,-75,-65,6,0.0147783251231527,1.47783251231527,436,406
Breast,SuSiE,-60,-65,-55,8,0.0197044334975369,1.97044334975369,436,406
Breast,SuSiE,-50,-55,-45,4,0.00985221674876847,0.985221674876847,436,406
Breast,SuSiE,-40,-45,-35,12,0.0295566502463054,2.95566502463054,436,406
Breast,SuSiE,-30,-35,-25,19,0.0467980295566503,4.67980295566503,436,406
Breast,SuSiE,-20,-25,-15,29,0.0714285714285714,7.14285714285714,436,406
Breast,SuSiE,-10,-15,-5,43,0.105911330049261,10.5911330049261,436,406
Breast,SuSiE,0,-5,5,110,0.270935960591133,27.0935960591133,436,406
Breast,SuSiE,10,5,15,36,0.0886699507389163,8.86699507389163,436,406
Breast,SuSiE,20,15,25,29,0.0714285714285714,7.14285714285714,436,406
Breast,SuSiE,30,25,35,26,0.0640394088669951,6.40394088669951,436,406
Breast,SuSiE,40,35,45,13,0.0320197044334975,3.20197044334975,436,406
Breast,SuSiE,50,45,55,13,0.0320197044334975,3.20197044334975,436,406
Breast,SuSiE,60,55,65,3,0.00738916256157635,0.738916256157635,436,406
Breast,SuSiE,70,65,75,4,0.00985221674876847,0.985221674876847,436,406
Breast,SuSiE,80,75,85,5,0.0123152709359606,1.23152709359606,436,406
Breast,SuSiE,90,85,95,1,0.00246305418719212,0.246305418719212,436,406
Breast,SuSiE,100,95,105,2,0.00492610837438424,0.492610837438424,436,406
Breast,SuSiE,110,105,115,2,0.00492610837438424,0.492610837438424,436,406
Breast,SuSiE,120,115,125,0,0,0,436,406
Breast,SuSiE,130,125,135,3,0.00738916256157635,0.738916256157635,436,406
Breast,SuSiE,140,135,145,3,0.00738916256157635,0.738916256157635,436,406
Breast,SuSiE,150,145,155,5,0.0123152709359606,1.23152709359606,436,406
Breast,SuSiE,160,155,165,0,0,0,436,406
Breast,SuSiE,170,165,175,0,0,0,436,406
Breast,SuSiE,180,175,185,2,0.00492610837438424,0.492610837438424,436,406
Breast,SuSiE,190,185,195,0,0,0,436,406
Breast,SuSiE,200,195,205,1,0.00246305418719212,0.246305418719212,436,406
Breast,Weighted SuSiE-mix,-200,-205,-195,1,0.00246913580246914,0.246913580246914,434,405
Breast,Weighted SuSiE-mix,-190,-195,-185,0,0,0,434,405
Breast,Weighted SuSiE-mix,-180,-185,-175,1,0.00246913580246914,0.246913580246914,434,405
Breast,Weighted SuSiE-mix,-170,-175,-165,1,0.00246913580246914,0.246913580246914,434,405
Breast,Weighted SuSiE-mix,-160,-165,-155,4,0.00987654320987654,0.987654320987654,434,405
Breast,Weighted SuSiE-mix,-150,-155,-145,0,0,0,434,405
Breast,Weighted SuSiE-mix,-140,-145,-135,2,0.00493827160493827,0.493827160493827,434,405
Breast,Weighted SuSiE-mix,-130,-135,-125,3,0.00740740740740741,0.740740740740741,434,405
Breast,Weighted SuSiE-mix,-120,-125,-115,1,0.00246913580246914,0.246913580246914,434,405
Breast,Weighted SuSiE-mix,-110,-115,-105,6,0.0148148148148148,1.48148148148148,434,405
Breast,Weighted SuSiE-mix,-100,-105,-95,4,0.00987654320987654,0.987654320987654,434,405
Breast,Weighted SuSiE-mix,-90,-95,-85,3,0.00740740740740741,0.740740740740741,434,405
Breast,Weighted SuSiE-mix,-80,-85,-75,1,0.00246913580246914,0.246913580246914,434,405
Breast,Weighted SuSiE-mix,-70,-75,-65,6,0.0148148148148148,1.48148148148148,434,405
Breast,Weighted SuSiE-mix,-60,-65,-55,8,0.0197530864197531,1.97530864197531,434,405
Breast,Weighted SuSiE-mix,-50,-55,-45,4,0.00987654320987654,0.987654320987654,434,405
Breast,Weighted SuSiE-mix,-40,-45,-35,12,0.0296296296296296,2.96296296296296,434,405
Breast,Weighted SuSiE-mix,-30,-35,-25,19,0.0469135802469136,4.69135802469136,434,405
Breast,Weighted SuSiE-mix,-20,-25,-15,30,0.0740740740740741,7.40740740740741,434,405
Breast,Weighted SuSiE-mix,-10,-15,-5,42,0.103703703703704,10.3703703703704,434,405
Breast,Weighted SuSiE-mix,0,-5,5,109,0.269135802469136,26.9135802469136,434,405
Breast,Weighted SuSiE-mix,10,5,15,35,0.0864197530864198,8.64197530864198,434,405
Breast,Weighted SuSiE-mix,20,15,25,30,0.0740740740740741,7.40740740740741,434,405
Breast,Weighted SuSiE-mix,30,25,35,26,0.0641975308641975,6.41975308641975,434,405
Breast,Weighted SuSiE-mix,40,35,45,13,0.0320987654320988,3.20987654320988,434,405
Breast,Weighted SuSiE-mix,50,45,55,13,0.0320987654320988,3.20987654320988,434,405
Breast,Weighted SuSiE-mix,60,55,65,3,0.00740740740740741,0.740740740740741,434,405
Breast,Weighted SuSiE-mix,70,65,75,4,0.00987654320987654,0.987654320987654,434,405
Breast,Weighted SuSiE-mix,80,75,85,5,0.0123456790123457,1.23456790123457,434,405
Breast,Weighted SuSiE-mix,90,85,95,2,0.00493827160493827,0.493827160493827,434,405
Breast,Weighted SuSiE-mix,100,95,105,2,0.00493827160493827,0.493827160493827,434,405
Breast,Weighted SuSiE-mix,110,105,115,2,0.00493827160493827,0.493827160493827,434,405
Breast,Weighted SuSiE-mix,120,115,125,0,0,0,434,405
Breast,Weighted SuSiE-mix,130,125,135,4,0.00987654320987654,0.987654320987654,434,405
Breast,Weighted SuSiE-mix,140,135,145,2,0.00493827160493827,0.493827160493827,434,405
Breast,Weighted SuSiE-mix,150,145,155,4,0.00987654320987654,0.987654320987654,434,405
Breast,Weighted SuSiE-mix,160,155,165,0,0,0,434,405
Breast,Weighted SuSiE-mix,170,165,175,0,0,0,434,405
Breast,Weighted SuSiE-mix,180,175,185,2,0.00493827160493827,0.493827160493827,434,405
Breast,Weighted SuSiE-mix,190,185,195,0,0,0,434,405
Breast,Weighted SuSiE-mix,200,195,205,1,0.00246913580246914,0.246913580246914,434,405
Colon,SuSiE,-200,-205,-195,1,0.00184162062615101,0.184162062615101,570,543
Colon,SuSiE,-190,-195,-185,1,0.00184162062615101,0.184162062615101,570,543
Colon,SuSiE,-180,-185,-175,4,0.00736648250460405,0.736648250460405,570,543
Colon,SuSiE,-170,-175,-165,3,0.00552486187845304,0.552486187845304,570,543
Colon,SuSiE,-160,-165,-155,2,0.00368324125230203,0.368324125230203,570,543
Colon,SuSiE,-150,-155,-145,2,0.00368324125230203,0.368324125230203,570,543
Colon,SuSiE,-140,-145,-135,3,0.00552486187845304,0.552486187845304,570,543
Colon,SuSiE,-130,-135,-125,0,0,0,570,543
Colon,SuSiE,-120,-125,-115,5,0.00920810313075506,0.920810313075506,570,543
Colon,SuSiE,-110,-115,-105,5,0.00920810313075506,0.920810313075506,570,543
Colon,SuSiE,-100,-105,-95,6,0.0110497237569061,1.10497237569061,570,543
Colon,SuSiE,-90,-95,-85,4,0.00736648250460405,0.736648250460405,570,543
Colon,SuSiE,-80,-85,-75,6,0.0110497237569061,1.10497237569061,570,543
Colon,SuSiE,-70,-75,-65,14,0.0257826887661142,2.57826887661142,570,543
Colon,SuSiE,-60,-65,-55,9,0.0165745856353591,1.65745856353591,570,543
Colon,SuSiE,-50,-55,-45,13,0.0239410681399632,2.39410681399632,570,543
Colon,SuSiE,-40,-45,-35,14,0.0257826887661142,2.57826887661142,570,543
Colon,SuSiE,-30,-35,-25,25,0.0460405156537753,4.60405156537753,570,543
Colon,SuSiE,-20,-25,-15,45,0.0828729281767956,8.28729281767956,570,543
Colon,SuSiE,-10,-15,-5,51,0.0939226519337017,9.39226519337017,570,543
Colon,SuSiE,0,-5,5,130,0.239410681399632,23.9410681399632,570,543
Colon,SuSiE,10,5,15,61,0.112338858195212,11.2338858195212,570,543
Colon,SuSiE,20,15,25,36,0.0662983425414365,6.62983425414365,570,543
Colon,SuSiE,30,25,35,28,0.0515653775322284,5.15653775322284,570,543
Colon,SuSiE,40,35,45,17,0.0313075506445672,3.13075506445672,570,543
Colon,SuSiE,50,45,55,9,0.0165745856353591,1.65745856353591,570,543
Colon,SuSiE,60,55,65,9,0.0165745856353591,1.65745856353591,570,543
Colon,SuSiE,70,65,75,7,0.0128913443830571,1.28913443830571,570,543
Colon,SuSiE,80,75,85,2,0.00368324125230203,0.368324125230203,570,543
Colon,SuSiE,90,85,95,4,0.00736648250460405,0.736648250460405,570,543
Colon,SuSiE,100,95,105,1,0.00184162062615101,0.184162062615101,570,543
Colon,SuSiE,110,105,115,3,0.00552486187845304,0.552486187845304,570,543
Colon,SuSiE,120,115,125,2,0.00368324125230203,0.368324125230203,570,543
Colon,SuSiE,130,125,135,6,0.0110497237569061,1.10497237569061,570,543
Colon,SuSiE,140,135,145,3,0.00552486187845304,0.552486187845304,570,543
Colon,SuSiE,150,145,155,5,0.00920810313075506,0.920810313075506,570,543
Colon,SuSiE,160,155,165,2,0.00368324125230203,0.368324125230203,570,543
Colon,SuSiE,170,165,175,0,0,0,570,543
Colon,SuSiE,180,175,185,1,0.00184162062615101,0.184162062615101,570,543
Colon,SuSiE,190,185,195,2,0.00368324125230203,0.368324125230203,570,543
Colon,SuSiE,200,195,205,2,0.00368324125230203,0.368324125230203,570,543
Colon,Weighted SuSiE-mix,-200,-205,-195,1,0.00184842883548983,0.184842883548983,566,541
Colon,Weighted SuSiE-mix,-190,-195,-185,1,0.00184842883548983,0.184842883548983,566,541
Colon,Weighted SuSiE-mix,-180,-185,-175,5,0.00924214417744917,0.924214417744917,566,541
Colon,Weighted SuSiE-mix,-170,-175,-165,3,0.0055452865064695,0.55452865064695,566,541
Colon,Weighted SuSiE-mix,-160,-165,-155,1,0.00184842883548983,0.184842883548983,566,541
Colon,Weighted SuSiE-mix,-150,-155,-145,2,0.00369685767097967,0.369685767097967,566,541
Colon,Weighted SuSiE-mix,-140,-145,-135,3,0.0055452865064695,0.55452865064695,566,541
Colon,Weighted SuSiE-mix,-130,-135,-125,0,0,0,566,541
Colon,Weighted SuSiE-mix,-120,-125,-115,4,0.00739371534195934,0.739371534195934,566,541
Colon,Weighted SuSiE-mix,-110,-115,-105,4,0.00739371534195934,0.739371534195934,566,541
Colon,Weighted SuSiE-mix,-100,-105,-95,7,0.0129390018484288,1.29390018484288,566,541
Colon,Weighted SuSiE-mix,-90,-95,-85,4,0.00739371534195934,0.739371534195934,566,541
Colon,Weighted SuSiE-mix,-80,-85,-75,6,0.011090573012939,1.1090573012939,566,541
Colon,Weighted SuSiE-mix,-70,-75,-65,14,0.0258780036968577,2.58780036968577,566,541
Colon,Weighted SuSiE-mix,-60,-65,-55,9,0.0166358595194085,1.66358595194085,566,541
Colon,Weighted SuSiE-mix,-50,-55,-45,13,0.0240295748613678,2.40295748613678,566,541
Colon,Weighted SuSiE-mix,-40,-45,-35,14,0.0258780036968577,2.58780036968577,566,541
Colon,Weighted SuSiE-mix,-30,-35,-25,25,0.0462107208872458,4.62107208872458,566,541
Colon,Weighted SuSiE-mix,-20,-25,-15,45,0.0831792975970425,8.31792975970425,566,541
Colon,Weighted SuSiE-mix,-10,-15,-5,49,0.0905730129390018,9.05730129390018,566,541
Colon,Weighted SuSiE-mix,0,-5,5,130,0.240295748613678,24.0295748613678,566,541
Colon,Weighted SuSiE-mix,10,5,15,61,0.11275415896488,11.275415896488,566,541
Colon,Weighted SuSiE-mix,20,15,25,35,0.0646950092421442,6.46950092421442,566,541
Colon,Weighted SuSiE-mix,30,25,35,28,0.0517560073937154,5.17560073937153,566,541
Colon,Weighted SuSiE-mix,40,35,45,17,0.0314232902033272,3.14232902033272,566,541
Colon,Weighted SuSiE-mix,50,45,55,9,0.0166358595194085,1.66358595194085,566,541
Colon,Weighted SuSiE-mix,60,55,65,11,0.0203327171903882,2.03327171903882,566,541
Colon,Weighted SuSiE-mix,70,65,75,7,0.0129390018484288,1.29390018484288,566,541
Colon,Weighted SuSiE-mix,80,75,85,1,0.00184842883548983,0.184842883548983,566,541
Colon,Weighted SuSiE-mix,90,85,95,4,0.00739371534195934,0.739371534195934,566,541
Colon,Weighted SuSiE-mix,100,95,105,1,0.00184842883548983,0.184842883548983,566,541
Colon,Weighted SuSiE-mix,110,105,115,3,0.0055452865064695,0.55452865064695,566,541
Colon,Weighted SuSiE-mix,120,115,125,3,0.0055452865064695,0.55452865064695,566,541
Colon,Weighted SuSiE-mix,130,125,135,6,0.011090573012939,1.1090573012939,566,541
Colon,Weighted SuSiE-mix,140,135,145,3,0.0055452865064695,0.55452865064695,566,541
Colon,Weighted SuSiE-mix,150,145,155,5,0.00924214417744917,0.924214417744917,566,541
Colon,Weighted SuSiE-mix,160,155,165,2,0.00369685767097967,0.369685767097967,566,541
Colon,Weighted SuSiE-mix,170,165,175,0,0,0,566,541
Colon,Weighted SuSiE-mix,180,175,185,1,0.00184842883548983,0.184842883548983,566,541
Colon,Weighted SuSiE-mix,190,185,195,2,0.00369685767097967,0.369685767097967,566,541
Colon,Weighted SuSiE-mix,200,195,205,2,0.00369685767097967,0.369685767097967,566,541
Esophagus,SuSiE,-200,-205,-195,0,0,0,468,444
Esophagus,SuSiE,-190,-195,-185,3,0.00675675675675676,0.675675675675676,468,444
Esophagus,SuSiE,-180,-185,-175,1,0.00225225225225225,0.225225225225225,468,444
Esophagus,SuSiE,-170,-175,-165,3,0.00675675675675676,0.675675675675676,468,444
Esophagus,SuSiE,-160,-165,-155,2,0.00450450450450451,0.450450450450451,468,444
Esophagus,SuSiE,-150,-155,-145,2,0.00450450450450451,0.450450450450451,468,444
Esophagus,SuSiE,-140,-145,-135,1,0.00225225225225225,0.225225225225225,468,444
Esophagus,SuSiE,-130,-135,-125,0,0,0,468,444
Esophagus,SuSiE,-120,-125,-115,2,0.00450450450450451,0.450450450450451,468,444
Esophagus,SuSiE,-110,-115,-105,4,0.00900900900900901,0.900900900900901,468,444
Esophagus,SuSiE,-100,-105,-95,1,0.00225225225225225,0.225225225225225,468,444
Esophagus,SuSiE,-90,-95,-85,1,0.00225225225225225,0.225225225225225,468,444
Esophagus,SuSiE,-80,-85,-75,3,0.00675675675675676,0.675675675675676,468,444
Esophagus,SuSiE,-70,-75,-65,9,0.0202702702702703,2.02702702702703,468,444
Esophagus,SuSiE,-60,-65,-55,10,0.0225225225225225,2.25225225225225,468,444
Esophagus,SuSiE,-50,-55,-45,11,0.0247747747747748,2.47747747747748,468,444
Esophagus,SuSiE,-40,-45,-35,17,0.0382882882882883,3.82882882882883,468,444
Esophagus,SuSiE,-30,-35,-25,19,0.0427927927927928,4.27927927927928,468,444
Esophagus,SuSiE,-20,-25,-15,35,0.0788288288288288,7.88288288288288,468,444
Esophagus,SuSiE,-10,-15,-5,53,0.119369369369369,11.9369369369369,468,444
Esophagus,SuSiE,0,-5,5,106,0.238738738738739,23.8738738738739,468,444
Esophagus,SuSiE,10,5,15,42,0.0945945945945946,9.45945945945946,468,444
Esophagus,SuSiE,20,15,25,33,0.0743243243243243,7.43243243243243,468,444
Esophagus,SuSiE,30,25,35,25,0.0563063063063063,5.63063063063063,468,444
Esophagus,SuSiE,40,35,45,9,0.0202702702702703,2.02702702702703,468,444
Esophagus,SuSiE,50,45,55,4,0.00900900900900901,0.900900900900901,468,444
Esophagus,SuSiE,60,55,65,11,0.0247747747747748,2.47747747747748,468,444
Esophagus,SuSiE,70,65,75,10,0.0225225225225225,2.25225225225225,468,444
Esophagus,SuSiE,80,75,85,3,0.00675675675675676,0.675675675675676,468,444
Esophagus,SuSiE,90,85,95,4,0.00900900900900901,0.900900900900901,468,444
Esophagus,SuSiE,100,95,105,3,0.00675675675675676,0.675675675675676,468,444
Esophagus,SuSiE,110,105,115,1,0.00225225225225225,0.225225225225225,468,444
Esophagus,SuSiE,120,115,125,1,0.00225225225225225,0.225225225225225,468,444
Esophagus,SuSiE,130,125,135,5,0.0112612612612613,1.12612612612613,468,444
Esophagus,SuSiE,140,135,145,2,0.00450450450450451,0.450450450450451,468,444
Esophagus,SuSiE,150,145,155,2,0.00450450450450451,0.450450450450451,468,444
Esophagus,SuSiE,160,155,165,1,0.00225225225225225,0.225225225225225,468,444
Esophagus,SuSiE,170,165,175,1,0.00225225225225225,0.225225225225225,468,444
Esophagus,SuSiE,180,175,185,1,0.00225225225225225,0.225225225225225,468,444
Esophagus,SuSiE,190,185,195,0,0,0,468,444
Esophagus,SuSiE,200,195,205,3,0.00675675675675676,0.675675675675676,468,444
Esophagus,Weighted SuSiE-mix,-200,-205,-195,0,0,0,463,442
Esophagus,Weighted SuSiE-mix,-190,-195,-185,3,0.00678733031674208,0.678733031674208,463,442
Esophagus,Weighted SuSiE-mix,-180,-185,-175,1,0.00226244343891403,0.226244343891403,463,442
Esophagus,Weighted SuSiE-mix,-170,-175,-165,3,0.00678733031674208,0.678733031674208,463,442
Esophagus,Weighted SuSiE-mix,-160,-165,-155,2,0.00452488687782806,0.452488687782805,463,442
Esophagus,Weighted SuSiE-mix,-150,-155,-145,1,0.00226244343891403,0.226244343891403,463,442
Esophagus,Weighted SuSiE-mix,-140,-145,-135,1,0.00226244343891403,0.226244343891403,463,442
Esophagus,Weighted SuSiE-mix,-130,-135,-125,0,0,0,463,442
Esophagus,Weighted SuSiE-mix,-120,-125,-115,1,0.00226244343891403,0.226244343891403,463,442
Esophagus,Weighted SuSiE-mix,-110,-115,-105,4,0.00904977375565611,0.904977375565611,463,442
Esophagus,Weighted SuSiE-mix,-100,-105,-95,1,0.00226244343891403,0.226244343891403,463,442
Esophagus,Weighted SuSiE-mix,-90,-95,-85,1,0.00226244343891403,0.226244343891403,463,442
Esophagus,Weighted SuSiE-mix,-80,-85,-75,3,0.00678733031674208,0.678733031674208,463,442
Esophagus,Weighted SuSiE-mix,-70,-75,-65,8,0.0180995475113122,1.80995475113122,463,442
Esophagus,Weighted SuSiE-mix,-60,-65,-55,10,0.0226244343891403,2.26244343891403,463,442
Esophagus,Weighted SuSiE-mix,-50,-55,-45,11,0.0248868778280543,2.48868778280543,463,442
Esophagus,Weighted SuSiE-mix,-40,-45,-35,17,0.0384615384615385,3.84615384615385,463,442
Esophagus,Weighted SuSiE-mix,-30,-35,-25,20,0.0452488687782805,4.52488687782805,463,442
Esophagus,Weighted SuSiE-mix,-20,-25,-15,35,0.0791855203619909,7.9185520361991,463,442
Esophagus,Weighted SuSiE-mix,-10,-15,-5,52,0.117647058823529,11.7647058823529,463,442
Esophagus,Weighted SuSiE-mix,0,-5,5,107,0.242081447963801,24.2081447963801,463,442
Esophagus,Weighted SuSiE-mix,10,5,15,42,0.0950226244343891,9.50226244343891,463,442
Esophagus,Weighted SuSiE-mix,20,15,25,33,0.0746606334841629,7.46606334841629,463,442
Esophagus,Weighted SuSiE-mix,30,25,35,25,0.0565610859728507,5.65610859728507,463,442
Esophagus,Weighted SuSiE-mix,40,35,45,9,0.0203619909502262,2.03619909502262,463,442
Esophagus,Weighted SuSiE-mix,50,45,55,4,0.00904977375565611,0.904977375565611,463,442
Esophagus,Weighted SuSiE-mix,60,55,65,11,0.0248868778280543,2.48868778280543,463,442
Esophagus,Weighted SuSiE-mix,70,65,75,10,0.0226244343891403,2.26244343891403,463,442
Esophagus,Weighted SuSiE-mix,80,75,85,3,0.00678733031674208,0.678733031674208,463,442
Esophagus,Weighted SuSiE-mix,90,85,95,4,0.00904977375565611,0.904977375565611,463,442
Esophagus,Weighted SuSiE-mix,100,95,105,3,0.00678733031674208,0.678733031674208,463,442
Esophagus,Weighted SuSiE-mix,110,105,115,1,0.00226244343891403,0.226244343891403,463,442
Esophagus,Weighted SuSiE-mix,120,115,125,1,0.00226244343891403,0.226244343891403,463,442
Esophagus,Weighted SuSiE-mix,130,125,135,5,0.0113122171945701,1.13122171945701,463,442
Esophagus,Weighted SuSiE-mix,140,135,145,2,0.00452488687782806,0.452488687782805,463,442
Esophagus,Weighted SuSiE-mix,150,145,155,2,0.00452488687782806,0.452488687782805,463,442
Esophagus,Weighted SuSiE-mix,160,155,165,1,0.00226244343891403,0.226244343891403,463,442
Esophagus,Weighted SuSiE-mix,170,165,175,1,0.00226244343891403,0.226244343891403,463,442
Esophagus,Weighted SuSiE-mix,180,175,185,1,0.00226244343891403,0.226244343891403,463,442
Esophagus,Weighted SuSiE-mix,190,185,195,0,0,0,463,442
Esophagus,Weighted SuSiE-mix,200,195,205,3,0.00678733031674208,0.678733031674208,463,442
Heart,SuSiE,-200,-205,-195,0,0,0,365,348
Heart,SuSiE,-190,-195,-185,1,0.0028735632183908,0.28735632183908,365,348
Heart,SuSiE,-180,-185,-175,1,0.0028735632183908,0.28735632183908,365,348
Heart,SuSiE,-170,-175,-165,1,0.0028735632183908,0.28735632183908,365,348
Heart,SuSiE,-160,-165,-155,1,0.0028735632183908,0.28735632183908,365,348
Heart,SuSiE,-150,-155,-145,2,0.00574712643678161,0.574712643678161,365,348
Heart,SuSiE,-140,-145,-135,2,0.00574712643678161,0.574712643678161,365,348
Heart,SuSiE,-130,-135,-125,2,0.00574712643678161,0.574712643678161,365,348
Heart,SuSiE,-120,-125,-115,1,0.0028735632183908,0.28735632183908,365,348
Heart,SuSiE,-110,-115,-105,0,0,0,365,348
Heart,SuSiE,-100,-105,-95,3,0.00862068965517241,0.862068965517241,365,348
Heart,SuSiE,-90,-95,-85,1,0.0028735632183908,0.28735632183908,365,348
Heart,SuSiE,-80,-85,-75,5,0.014367816091954,1.4367816091954,365,348
Heart,SuSiE,-70,-75,-65,6,0.0172413793103448,1.72413793103448,365,348
Heart,SuSiE,-60,-65,-55,7,0.0201149425287356,2.01149425287356,365,348
Heart,SuSiE,-50,-55,-45,2,0.00574712643678161,0.574712643678161,365,348
Heart,SuSiE,-40,-45,-35,7,0.0201149425287356,2.01149425287356,365,348
Heart,SuSiE,-30,-35,-25,18,0.0517241379310345,5.17241379310345,365,348
Heart,SuSiE,-20,-25,-15,35,0.100574712643678,10.0574712643678,365,348
Heart,SuSiE,-10,-15,-5,38,0.109195402298851,10.9195402298851,365,348
Heart,SuSiE,0,-5,5,92,0.264367816091954,26.4367816091954,365,348
Heart,SuSiE,10,5,15,38,0.109195402298851,10.9195402298851,365,348
Heart,SuSiE,20,15,25,23,0.0660919540229885,6.60919540229885,365,348
Heart,SuSiE,30,25,35,12,0.0344827586206897,3.44827586206897,365,348
Heart,SuSiE,40,35,45,15,0.0431034482758621,4.31034482758621,365,348
Heart,SuSiE,50,45,55,7,0.0201149425287356,2.01149425287356,365,348
Heart,SuSiE,60,55,65,5,0.014367816091954,1.4367816091954,365,348
Heart,SuSiE,70,65,75,3,0.00862068965517241,0.862068965517241,365,348
Heart,SuSiE,80,75,85,2,0.00574712643678161,0.574712643678161,365,348
Heart,SuSiE,90,85,95,3,0.00862068965517241,0.862068965517241,365,348
Heart,SuSiE,100,95,105,3,0.00862068965517241,0.862068965517241,365,348
Heart,SuSiE,110,105,115,4,0.0114942528735632,1.14942528735632,365,348
Heart,SuSiE,120,115,125,2,0.00574712643678161,0.574712643678161,365,348
Heart,SuSiE,130,125,135,4,0.0114942528735632,1.14942528735632,365,348
Heart,SuSiE,140,135,145,1,0.0028735632183908,0.28735632183908,365,348
Heart,SuSiE,150,145,155,1,0.0028735632183908,0.28735632183908,365,348
Heart,SuSiE,160,155,165,0,0,0,365,348
Heart,SuSiE,170,165,175,0,0,0,365,348
Heart,SuSiE,180,175,185,0,0,0,365,348
Heart,SuSiE,190,185,195,0,0,0,365,348
Heart,SuSiE,200,195,205,0,0,0,365,348
Heart,Weighted SuSiE-mix,-200,-205,-195,0,0,0,363,347
Heart,Weighted SuSiE-mix,-190,-195,-185,1,0.00288184438040346,0.288184438040346,363,347
Heart,Weighted SuSiE-mix,-180,-185,-175,1,0.00288184438040346,0.288184438040346,363,347
Heart,Weighted SuSiE-mix,-170,-175,-165,1,0.00288184438040346,0.288184438040346,363,347
Heart,Weighted SuSiE-mix,-160,-165,-155,1,0.00288184438040346,0.288184438040346,363,347
Heart,Weighted SuSiE-mix,-150,-155,-145,2,0.00576368876080692,0.576368876080692,363,347
Heart,Weighted SuSiE-mix,-140,-145,-135,1,0.00288184438040346,0.288184438040346,363,347
Heart,Weighted SuSiE-mix,-130,-135,-125,2,0.00576368876080692,0.576368876080692,363,347
Heart,Weighted SuSiE-mix,-120,-125,-115,2,0.00576368876080692,0.576368876080692,363,347
Heart,Weighted SuSiE-mix,-110,-115,-105,0,0,0,363,347
Heart,Weighted SuSiE-mix,-100,-105,-95,3,0.00864553314121038,0.864553314121037,363,347
Heart,Weighted SuSiE-mix,-90,-95,-85,1,0.00288184438040346,0.288184438040346,363,347
Heart,Weighted SuSiE-mix,-80,-85,-75,5,0.0144092219020173,1.44092219020173,363,347
Heart,Weighted SuSiE-mix,-70,-75,-65,6,0.0172910662824208,1.72910662824207,363,347
Heart,Weighted SuSiE-mix,-60,-65,-55,7,0.0201729106628242,2.01729106628242,363,347
Heart,Weighted SuSiE-mix,-50,-55,-45,2,0.00576368876080692,0.576368876080692,363,347
Heart,Weighted SuSiE-mix,-40,-45,-35,7,0.0201729106628242,2.01729106628242,363,347
Heart,Weighted SuSiE-mix,-30,-35,-25,18,0.0518731988472623,5.18731988472623,363,347
Heart,Weighted SuSiE-mix,-20,-25,-15,35,0.100864553314121,10.0864553314121,363,347
Heart,Weighted SuSiE-mix,-10,-15,-5,40,0.115273775216138,11.5273775216138,363,347
Heart,Weighted SuSiE-mix,0,-5,5,90,0.259365994236311,25.9365994236311,363,347
Heart,Weighted SuSiE-mix,10,5,15,36,0.103746397694525,10.3746397694525,363,347
Heart,Weighted SuSiE-mix,20,15,25,26,0.0749279538904899,7.49279538904899,363,347
Heart,Weighted SuSiE-mix,30,25,35,12,0.0345821325648415,3.45821325648415,363,347
Heart,Weighted SuSiE-mix,40,35,45,13,0.037463976945245,3.7463976945245,363,347
Heart,Weighted SuSiE-mix,50,45,55,7,0.0201729106628242,2.01729106628242,363,347
Heart,Weighted SuSiE-mix,60,55,65,5,0.0144092219020173,1.44092219020173,363,347
Heart,Weighted SuSiE-mix,70,65,75,3,0.00864553314121038,0.864553314121037,363,347
Heart,Weighted SuSiE-mix,80,75,85,3,0.00864553314121038,0.864553314121037,363,347
Heart,Weighted SuSiE-mix,90,85,95,2,0.00576368876080692,0.576368876080692,363,347
Heart,Weighted SuSiE-mix,100,95,105,3,0.00864553314121038,0.864553314121037,363,347
Heart,Weighted SuSiE-mix,110,105,115,4,0.0115273775216138,1.15273775216138,363,347
Heart,Weighted SuSiE-mix,120,115,125,2,0.00576368876080692,0.576368876080692,363,347
Heart,Weighted SuSiE-mix,130,125,135,4,0.0115273775216138,1.15273775216138,363,347
Heart,Weighted SuSiE-mix,140,135,145,1,0.00288184438040346,0.288184438040346,363,347
Heart,Weighted SuSiE-mix,150,145,155,1,0.00288184438040346,0.288184438040346,363,347
Heart,Weighted SuSiE-mix,160,155,165,0,0,0,363,347
Heart,Weighted SuSiE-mix,170,165,175,0,0,0,363,347
Heart,Weighted SuSiE-mix,180,175,185,0,0,0,363,347
Heart,Weighted SuSiE-mix,190,185,195,0,0,0,363,347
Heart,Weighted SuSiE-mix,200,195,205,0,0,0,363,347
Kidney,SuSiE,-200,-205,-195,2,0.0714285714285714,7.14285714285714,32,28
Kidney,SuSiE,-190,-195,-185,0,0,0,32,28
Kidney,SuSiE,-180,-185,-175,0,0,0,32,28
Kidney,SuSiE,-170,-175,-165,0,0,0,32,28
Kidney,SuSiE,-160,-165,-155,0,0,0,32,28
Kidney,SuSiE,-150,-155,-145,0,0,0,32,28
Kidney,SuSiE,-140,-145,-135,0,0,0,32,28
Kidney,SuSiE,-130,-135,-125,0,0,0,32,28
Kidney,SuSiE,-120,-125,-115,0,0,0,32,28
Kidney,SuSiE,-110,-115,-105,1,0.0357142857142857,3.57142857142857,32,28
Kidney,SuSiE,-100,-105,-95,0,0,0,32,28
Kidney,SuSiE,-90,-95,-85,0,0,0,32,28
Kidney,SuSiE,-80,-85,-75,0,0,0,32,28
Kidney,SuSiE,-70,-75,-65,0,0,0,32,28
Kidney,SuSiE,-60,-65,-55,1,0.0357142857142857,3.57142857142857,32,28
Kidney,SuSiE,-50,-55,-45,0,0,0,32,28
Kidney,SuSiE,-40,-45,-35,0,0,0,32,28
Kidney,SuSiE,-30,-35,-25,5,0.178571428571429,17.8571428571429,32,28
Kidney,SuSiE,-20,-25,-15,3,0.107142857142857,10.7142857142857,32,28
Kidney,SuSiE,-10,-15,-5,5,0.178571428571429,17.8571428571429,32,28
Kidney,SuSiE,0,-5,5,4,0.142857142857143,14.2857142857143,32,28
Kidney,SuSiE,10,5,15,1,0.0357142857142857,3.57142857142857,32,28
Kidney,SuSiE,20,15,25,3,0.107142857142857,10.7142857142857,32,28
Kidney,SuSiE,30,25,35,0,0,0,32,28
Kidney,SuSiE,40,35,45,1,0.0357142857142857,3.57142857142857,32,28
Kidney,SuSiE,50,45,55,2,0.0714285714285714,7.14285714285714,32,28
Kidney,SuSiE,60,55,65,0,0,0,32,28
Kidney,SuSiE,70,65,75,0,0,0,32,28
Kidney,SuSiE,80,75,85,0,0,0,32,28
Kidney,SuSiE,90,85,95,0,0,0,32,28
Kidney,SuSiE,100,95,105,0,0,0,32,28
Kidney,SuSiE,110,105,115,0,0,0,32,28
Kidney,SuSiE,120,115,125,0,0,0,32,28
Kidney,SuSiE,130,125,135,0,0,0,32,28
Kidney,SuSiE,140,135,145,0,0,0,32,28
Kidney,SuSiE,150,145,155,0,0,0,32,28
Kidney,SuSiE,160,155,165,0,0,0,32,28
Kidney,SuSiE,170,165,175,0,0,0,32,28
Kidney,SuSiE,180,175,185,0,0,0,32,28
Kidney,SuSiE,190,185,195,0,0,0,32,28
Kidney,SuSiE,200,195,205,0,0,0,32,28
Kidney,Weighted SuSiE-mix,-200,-205,-195,2,0.0714285714285714,7.14285714285714,32,28
Kidney,Weighted SuSiE-mix,-190,-195,-185,0,0,0,32,28
Kidney,Weighted SuSiE-mix,-180,-185,-175,0,0,0,32,28
Kidney,Weighted SuSiE-mix,-170,-175,-165,0,0,0,32,28
Kidney,Weighted SuSiE-mix,-160,-165,-155,0,0,0,32,28
Kidney,Weighted SuSiE-mix,-150,-155,-145,0,0,0,32,28
Kidney,Weighted SuSiE-mix,-140,-145,-135,0,0,0,32,28
Kidney,Weighted SuSiE-mix,-130,-135,-125,0,0,0,32,28
Kidney,Weighted SuSiE-mix,-120,-125,-115,0,0,0,32,28
Kidney,Weighted SuSiE-mix,-110,-115,-105,1,0.0357142857142857,3.57142857142857,32,28
Kidney,Weighted SuSiE-mix,-100,-105,-95,0,0,0,32,28
Kidney,Weighted SuSiE-mix,-90,-95,-85,0,0,0,32,28
Kidney,Weighted SuSiE-mix,-80,-85,-75,0,0,0,32,28
Kidney,Weighted SuSiE-mix,-70,-75,-65,0,0,0,32,28
Kidney,Weighted SuSiE-mix,-60,-65,-55,1,0.0357142857142857,3.57142857142857,32,28
Kidney,Weighted SuSiE-mix,-50,-55,-45,0,0,0,32,28
Kidney,Weighted SuSiE-mix,-40,-45,-35,0,0,0,32,28
Kidney,Weighted SuSiE-mix,-30,-35,-25,5,0.178571428571429,17.8571428571429,32,28
Kidney,Weighted SuSiE-mix,-20,-25,-15,3,0.107142857142857,10.7142857142857,32,28
Kidney,Weighted SuSiE-mix,-10,-15,-5,5,0.178571428571429,17.8571428571429,32,28
Kidney,Weighted SuSiE-mix,0,-5,5,4,0.142857142857143,14.2857142857143,32,28
Kidney,Weighted SuSiE-mix,10,5,15,1,0.0357142857142857,3.57142857142857,32,28
Kidney,Weighted SuSiE-mix,20,15,25,3,0.107142857142857,10.7142857142857,32,28
Kidney,Weighted SuSiE-mix,30,25,35,0,0,0,32,28
Kidney,Weighted SuSiE-mix,40,35,45,1,0.0357142857142857,3.57142857142857,32,28
Kidney,Weighted SuSiE-mix,50,45,55,2,0.0714285714285714,7.14285714285714,32,28
Kidney,Weighted SuSiE-mix,60,55,65,0,0,0,32,28
Kidney,Weighted SuSiE-mix,70,65,75,0,0,0,32,28
Kidney,Weighted SuSiE-mix,80,75,85,0,0,0,32,28
Kidney,Weighted SuSiE-mix,90,85,95,0,0,0,32,28
Kidney,Weighted SuSiE-mix,100,95,105,0,0,0,32,28
Kidney,Weighted SuSiE-mix,110,105,115,0,0,0,32,28
Kidney,Weighted SuSiE-mix,120,115,125,0,0,0,32,28
Kidney,Weighted SuSiE-mix,130,125,135,0,0,0,32,28
Kidney,Weighted SuSiE-mix,140,135,145,0,0,0,32,28
Kidney,Weighted SuSiE-mix,150,145,155,0,0,0,32,28
Kidney,Weighted SuSiE-mix,160,155,165,0,0,0,32,28
Kidney,Weighted SuSiE-mix,170,165,175,0,0,0,32,28
Kidney,Weighted SuSiE-mix,180,175,185,0,0,0,32,28
Kidney,Weighted SuSiE-mix,190,185,195,0,0,0,32,28
Kidney,Weighted SuSiE-mix,200,195,205,0,0,0,32,28
Liver,SuSiE,-200,-205,-195,1,0.00446428571428571,0.446428571428571,233,224
Liver,SuSiE,-190,-195,-185,0,0,0,233,224
Liver,SuSiE,-180,-185,-175,0,0,0,233,224
Liver,SuSiE,-170,-175,-165,0,0,0,233,224
Liver,SuSiE,-160,-165,-155,0,0,0,233,224
Liver,SuSiE,-150,-155,-145,0,0,0,233,224
Liver,SuSiE,-140,-145,-135,0,0,0,233,224
Liver,SuSiE,-130,-135,-125,1,0.00446428571428571,0.446428571428571,233,224
Liver,SuSiE,-120,-125,-115,2,0.00892857142857143,0.892857142857143,233,224
Liver,SuSiE,-110,-115,-105,0,0,0,233,224
Liver,SuSiE,-100,-105,-95,1,0.00446428571428571,0.446428571428571,233,224
Liver,SuSiE,-90,-95,-85,6,0.0267857142857143,2.67857142857143,233,224
Liver,SuSiE,-80,-85,-75,5,0.0223214285714286,2.23214285714286,233,224
Liver,SuSiE,-70,-75,-65,6,0.0267857142857143,2.67857142857143,233,224
Liver,SuSiE,-60,-65,-55,4,0.0178571428571429,1.78571428571429,233,224
Liver,SuSiE,-50,-55,-45,5,0.0223214285714286,2.23214285714286,233,224
Liver,SuSiE,-40,-45,-35,6,0.0267857142857143,2.67857142857143,233,224
Liver,SuSiE,-30,-35,-25,11,0.0491071428571429,4.91071428571429,233,224
Liver,SuSiE,-20,-25,-15,12,0.0535714285714286,5.35714285714286,233,224
Liver,SuSiE,-10,-15,-5,27,0.120535714285714,12.0535714285714,233,224
Liver,SuSiE,0,-5,5,47,0.209821428571429,20.9821428571429,233,224
Liver,SuSiE,10,5,15,33,0.147321428571429,14.7321428571429,233,224
Liver,SuSiE,20,15,25,10,0.0446428571428571,4.46428571428571,233,224
Liver,SuSiE,30,25,35,12,0.0535714285714286,5.35714285714286,233,224
Liver,SuSiE,40,35,45,6,0.0267857142857143,2.67857142857143,233,224
Liver,SuSiE,50,45,55,7,0.03125,3.125,233,224
Liver,SuSiE,60,55,65,3,0.0133928571428571,1.33928571428571,233,224
Liver,SuSiE,70,65,75,3,0.0133928571428571,1.33928571428571,233,224
Liver,SuSiE,80,75,85,1,0.00446428571428571,0.446428571428571,233,224
Liver,SuSiE,90,85,95,2,0.00892857142857143,0.892857142857143,233,224
Liver,SuSiE,100,95,105,2,0.00892857142857143,0.892857142857143,233,224
Liver,SuSiE,110,105,115,3,0.0133928571428571,1.33928571428571,233,224
Liver,SuSiE,120,115,125,1,0.00446428571428571,0.446428571428571,233,224
Liver,SuSiE,130,125,135,3,0.0133928571428571,1.33928571428571,233,224
Liver,SuSiE,140,135,145,2,0.00892857142857143,0.892857142857143,233,224
Liver,SuSiE,150,145,155,1,0.00446428571428571,0.446428571428571,233,224
Liver,SuSiE,160,155,165,0,0,0,233,224
Liver,SuSiE,170,165,175,1,0.00446428571428571,0.446428571428571,233,224
Liver,SuSiE,180,175,185,0,0,0,233,224
Liver,SuSiE,190,185,195,0,0,0,233,224
Liver,SuSiE,200,195,205,0,0,0,233,224
Liver,Weighted SuSiE-mix,-200,-205,-195,1,0.00448430493273543,0.448430493273543,232,223
Liver,Weighted SuSiE-mix,-190,-195,-185,0,0,0,232,223
Liver,Weighted SuSiE-mix,-180,-185,-175,0,0,0,232,223
Liver,Weighted SuSiE-mix,-170,-175,-165,0,0,0,232,223
Liver,Weighted SuSiE-mix,-160,-165,-155,0,0,0,232,223
Liver,Weighted SuSiE-mix,-150,-155,-145,0,0,0,232,223
Liver,Weighted SuSiE-mix,-140,-145,-135,0,0,0,232,223
Liver,Weighted SuSiE-mix,-130,-135,-125,1,0.00448430493273543,0.448430493273543,232,223
Liver,Weighted SuSiE-mix,-120,-125,-115,2,0.00896860986547085,0.896860986547085,232,223
Liver,Weighted SuSiE-mix,-110,-115,-105,0,0,0,232,223
Liver,Weighted SuSiE-mix,-100,-105,-95,1,0.00448430493273543,0.448430493273543,232,223
Liver,Weighted SuSiE-mix,-90,-95,-85,6,0.0269058295964126,2.69058295964126,232,223
Liver,Weighted SuSiE-mix,-80,-85,-75,5,0.0224215246636771,2.24215246636771,232,223
Liver,Weighted SuSiE-mix,-70,-75,-65,5,0.0224215246636771,2.24215246636771,232,223
Liver,Weighted SuSiE-mix,-60,-65,-55,4,0.0179372197309417,1.79372197309417,232,223
Liver,Weighted SuSiE-mix,-50,-55,-45,5,0.0224215246636771,2.24215246636771,232,223
Liver,Weighted SuSiE-mix,-40,-45,-35,6,0.0269058295964126,2.69058295964126,232,223
Liver,Weighted SuSiE-mix,-30,-35,-25,11,0.0493273542600897,4.93273542600897,232,223
Liver,Weighted SuSiE-mix,-20,-25,-15,12,0.0538116591928251,5.38116591928251,232,223
Liver,Weighted SuSiE-mix,-10,-15,-5,27,0.121076233183857,12.1076233183857,232,223
Liver,Weighted SuSiE-mix,0,-5,5,49,0.219730941704036,21.9730941704036,232,223
Liver,Weighted SuSiE-mix,10,5,15,32,0.143497757847534,14.3497757847534,232,223
Liver,Weighted SuSiE-mix,20,15,25,10,0.0448430493273543,4.48430493273543,232,223
Liver,Weighted SuSiE-mix,30,25,35,12,0.0538116591928251,5.38116591928251,232,223
Liver,Weighted SuSiE-mix,40,35,45,6,0.0269058295964126,2.69058295964126,232,223
Liver,Weighted SuSiE-mix,50,45,55,6,0.0269058295964126,2.69058295964126,232,223
Liver,Weighted SuSiE-mix,60,55,65,3,0.0134529147982063,1.34529147982063,232,223
Liver,Weighted SuSiE-mix,70,65,75,3,0.0134529147982063,1.34529147982063,232,223
Liver,Weighted SuSiE-mix,80,75,85,1,0.00448430493273543,0.448430493273543,232,223
Liver,Weighted SuSiE-mix,90,85,95,2,0.00896860986547085,0.896860986547085,232,223
Liver,Weighted SuSiE-mix,100,95,105,2,0.00896860986547085,0.896860986547085,232,223
Liver,Weighted SuSiE-mix,110,105,115,3,0.0134529147982063,1.34529147982063,232,223
Liver,Weighted SuSiE-mix,120,115,125,1,0.00448430493273543,0.448430493273543,232,223
Liver,Weighted SuSiE-mix,130,125,135,3,0.0134529147982063,1.34529147982063,232,223
Liver,Weighted SuSiE-mix,140,135,145,2,0.00896860986547085,0.896860986547085,232,223
Liver,Weighted SuSiE-mix,150,145,155,1,0.00448430493273543,0.448430493273543,232,223
Liver,Weighted SuSiE-mix,160,155,165,0,0,0,232,223
Liver,Weighted SuSiE-mix,170,165,175,1,0.00448430493273543,0.448430493273543,232,223
Liver,Weighted SuSiE-mix,180,175,185,0,0,0,232,223
Liver,Weighted SuSiE-mix,190,185,195,0,0,0,232,223
Liver,Weighted SuSiE-mix,200,195,205,0,0,0,232,223
Lung,SuSiE,-200,-205,-195,1,0.00178571428571429,0.178571428571429,589,560
Lung,SuSiE,-190,-195,-185,1,0.00178571428571429,0.178571428571429,589,560
Lung,SuSiE,-180,-185,-175,0,0,0,589,560
Lung,SuSiE,-170,-175,-165,4,0.00714285714285714,0.714285714285714,589,560
Lung,SuSiE,-160,-165,-155,1,0.00178571428571429,0.178571428571429,589,560
Lung,SuSiE,-150,-155,-145,0,0,0,589,560
Lung,SuSiE,-140,-145,-135,4,0.00714285714285714,0.714285714285714,589,560
Lung,SuSiE,-130,-135,-125,5,0.00892857142857143,0.892857142857143,589,560
Lung,SuSiE,-120,-125,-115,3,0.00535714285714286,0.535714285714286,589,560
Lung,SuSiE,-110,-115,-105,4,0.00714285714285714,0.714285714285714,589,560
Lung,SuSiE,-100,-105,-95,7,0.0125,1.25,589,560
Lung,SuSiE,-90,-95,-85,4,0.00714285714285714,0.714285714285714,589,560
Lung,SuSiE,-80,-85,-75,8,0.0142857142857143,1.42857142857143,589,560
Lung,SuSiE,-70,-75,-65,8,0.0142857142857143,1.42857142857143,589,560
Lung,SuSiE,-60,-65,-55,6,0.0107142857142857,1.07142857142857,589,560
Lung,SuSiE,-50,-55,-45,10,0.0178571428571429,1.78571428571429,589,560
Lung,SuSiE,-40,-45,-35,17,0.0303571428571429,3.03571428571429,589,560
Lung,SuSiE,-30,-35,-25,24,0.0428571428571429,4.28571428571429,589,560
Lung,SuSiE,-20,-25,-15,40,0.0714285714285714,7.14285714285714,589,560
Lung,SuSiE,-10,-15,-5,61,0.108928571428571,10.8928571428571,589,560
Lung,SuSiE,0,-5,5,149,0.266071428571429,26.6071428571429,589,560
Lung,SuSiE,10,5,15,64,0.114285714285714,11.4285714285714,589,560
Lung,SuSiE,20,15,25,41,0.0732142857142857,7.32142857142857,589,560
Lung,SuSiE,30,25,35,23,0.0410714285714286,4.10714285714286,589,560
Lung,SuSiE,40,35,45,20,0.0357142857142857,3.57142857142857,589,560
Lung,SuSiE,50,45,55,8,0.0142857142857143,1.42857142857143,589,560
Lung,SuSiE,60,55,65,4,0.00714285714285714,0.714285714285714,589,560
Lung,SuSiE,70,65,75,8,0.0142857142857143,1.42857142857143,589,560
Lung,SuSiE,80,75,85,7,0.0125,1.25,589,560
Lung,SuSiE,90,85,95,7,0.0125,1.25,589,560
Lung,SuSiE,100,95,105,5,0.00892857142857143,0.892857142857143,589,560
Lung,SuSiE,110,105,115,6,0.0107142857142857,1.07142857142857,589,560
Lung,SuSiE,120,115,125,0,0,0,589,560
Lung,SuSiE,130,125,135,1,0.00178571428571429,0.178571428571429,589,560
Lung,SuSiE,140,135,145,2,0.00357142857142857,0.357142857142857,589,560
Lung,SuSiE,150,145,155,2,0.00357142857142857,0.357142857142857,589,560
Lung,SuSiE,160,155,165,0,0,0,589,560
Lung,SuSiE,170,165,175,0,0,0,589,560
Lung,SuSiE,180,175,185,2,0.00357142857142857,0.357142857142857,589,560
Lung,SuSiE,190,185,195,1,0.00178571428571429,0.178571428571429,589,560
Lung,SuSiE,200,195,205,2,0.00357142857142857,0.357142857142857,589,560
Lung,Weighted SuSiE-mix,-200,-205,-195,1,0.00178890876565295,0.178890876565295,588,559
Lung,Weighted SuSiE-mix,-190,-195,-185,1,0.00178890876565295,0.178890876565295,588,559
Lung,Weighted SuSiE-mix,-180,-185,-175,0,0,0,588,559
Lung,Weighted SuSiE-mix,-170,-175,-165,4,0.00715563506261181,0.715563506261181,588,559
Lung,Weighted SuSiE-mix,-160,-165,-155,1,0.00178890876565295,0.178890876565295,588,559
Lung,Weighted SuSiE-mix,-150,-155,-145,0,0,0,588,559
Lung,Weighted SuSiE-mix,-140,-145,-135,4,0.00715563506261181,0.715563506261181,588,559
Lung,Weighted SuSiE-mix,-130,-135,-125,5,0.00894454382826476,0.894454382826476,588,559
Lung,Weighted SuSiE-mix,-120,-125,-115,4,0.00715563506261181,0.715563506261181,588,559
Lung,Weighted SuSiE-mix,-110,-115,-105,4,0.00715563506261181,0.715563506261181,588,559
Lung,Weighted SuSiE-mix,-100,-105,-95,5,0.00894454382826476,0.894454382826476,588,559
Lung,Weighted SuSiE-mix,-90,-95,-85,4,0.00715563506261181,0.715563506261181,588,559
Lung,Weighted SuSiE-mix,-80,-85,-75,8,0.0143112701252236,1.43112701252236,588,559
Lung,Weighted SuSiE-mix,-70,-75,-65,7,0.0125223613595707,1.25223613595707,588,559
Lung,Weighted SuSiE-mix,-60,-65,-55,6,0.0107334525939177,1.07334525939177,588,559
Lung,Weighted SuSiE-mix,-50,-55,-45,10,0.0178890876565295,1.78890876565295,588,559
Lung,Weighted SuSiE-mix,-40,-45,-35,18,0.0322003577817531,3.22003577817531,588,559
Lung,Weighted SuSiE-mix,-30,-35,-25,23,0.0411449016100179,4.11449016100179,588,559
Lung,Weighted SuSiE-mix,-20,-25,-15,40,0.0715563506261181,7.15563506261181,588,559
Lung,Weighted SuSiE-mix,-10,-15,-5,61,0.10912343470483,10.912343470483,588,559
Lung,Weighted SuSiE-mix,0,-5,5,150,0.268336314847943,26.8336314847943,588,559
Lung,Weighted SuSiE-mix,10,5,15,65,0.116279069767442,11.6279069767442,588,559
Lung,Weighted SuSiE-mix,20,15,25,40,0.0715563506261181,7.15563506261181,588,559
Lung,Weighted SuSiE-mix,30,25,35,24,0.0429338103756708,4.29338103756708,588,559
Lung,Weighted SuSiE-mix,40,35,45,19,0.0339892665474061,3.39892665474061,588,559
Lung,Weighted SuSiE-mix,50,45,55,10,0.0178890876565295,1.78890876565295,588,559
Lung,Weighted SuSiE-mix,60,55,65,4,0.00715563506261181,0.715563506261181,588,559
Lung,Weighted SuSiE-mix,70,65,75,8,0.0143112701252236,1.43112701252236,588,559
Lung,Weighted SuSiE-mix,80,75,85,7,0.0125223613595707,1.25223613595707,588,559
Lung,Weighted SuSiE-mix,90,85,95,7,0.0125223613595707,1.25223613595707,588,559
Lung,Weighted SuSiE-mix,100,95,105,4,0.00715563506261181,0.715563506261181,588,559
Lung,Weighted SuSiE-mix,110,105,115,6,0.0107334525939177,1.07334525939177,588,559
Lung,Weighted SuSiE-mix,120,115,125,0,0,0,588,559
Lung,Weighted SuSiE-mix,130,125,135,1,0.00178890876565295,0.178890876565295,588,559
Lung,Weighted SuSiE-mix,140,135,145,2,0.0035778175313059,0.35778175313059,588,559
Lung,Weighted SuSiE-mix,150,145,155,2,0.0035778175313059,0.35778175313059,588,559
Lung,Weighted SuSiE-mix,160,155,165,0,0,0,588,559
Lung,Weighted SuSiE-mix,170,165,175,0,0,0,588,559
Lung,Weighted SuSiE-mix,180,175,185,2,0.0035778175313059,0.35778175313059,588,559
Lung,Weighted SuSiE-mix,190,185,195,0,0,0,588,559
Lung,Weighted SuSiE-mix,200,195,205,2,0.0035778175313059,0.35778175313059,588,559
Muscle,SuSiE,-200,-205,-195,1,0.00113122171945701,0.113122171945701,939,884
Muscle,SuSiE,-190,-195,-185,4,0.00452488687782806,0.452488687782805,939,884
Muscle,SuSiE,-180,-185,-175,3,0.00339366515837104,0.339366515837104,939,884
Muscle,SuSiE,-170,-175,-165,4,0.00452488687782806,0.452488687782805,939,884
Muscle,SuSiE,-160,-165,-155,3,0.00339366515837104,0.339366515837104,939,884
Muscle,SuSiE,-150,-155,-145,2,0.00226244343891403,0.226244343891403,939,884
Muscle,SuSiE,-140,-145,-135,1,0.00113122171945701,0.113122171945701,939,884
Muscle,SuSiE,-130,-135,-125,3,0.00339366515837104,0.339366515837104,939,884
Muscle,SuSiE,-120,-125,-115,9,0.0101809954751131,1.01809954751131,939,884
Muscle,SuSiE,-110,-115,-105,2,0.00226244343891403,0.226244343891403,939,884
Muscle,SuSiE,-100,-105,-95,12,0.0135746606334842,1.35746606334842,939,884
Muscle,SuSiE,-90,-95,-85,9,0.0101809954751131,1.01809954751131,939,884
Muscle,SuSiE,-80,-85,-75,9,0.0101809954751131,1.01809954751131,939,884
Muscle,SuSiE,-70,-75,-65,11,0.0124434389140271,1.24434389140272,939,884
Muscle,SuSiE,-60,-65,-55,22,0.0248868778280543,2.48868778280543,939,884
Muscle,SuSiE,-50,-55,-45,19,0.0214932126696833,2.14932126696833,939,884
Muscle,SuSiE,-40,-45,-35,23,0.0260180995475113,2.60180995475113,939,884
Muscle,SuSiE,-30,-35,-25,31,0.0350678733031674,3.50678733031674,939,884
Muscle,SuSiE,-20,-25,-15,54,0.0610859728506787,6.10859728506787,939,884
Muscle,SuSiE,-10,-15,-5,91,0.102941176470588,10.2941176470588,939,884
Muscle,SuSiE,0,-5,5,233,0.263574660633484,26.3574660633484,939,884
Muscle,SuSiE,10,5,15,102,0.115384615384615,11.5384615384615,939,884
Muscle,SuSiE,20,15,25,52,0.0588235294117647,5.88235294117647,939,884
Muscle,SuSiE,30,25,35,33,0.0373303167420815,3.73303167420815,939,884
Muscle,SuSiE,40,35,45,34,0.0384615384615385,3.84615384615385,939,884
Muscle,SuSiE,50,45,55,27,0.0305429864253394,3.05429864253394,939,884
Muscle,SuSiE,60,55,65,12,0.0135746606334842,1.35746606334842,939,884
Muscle,SuSiE,70,65,75,12,0.0135746606334842,1.35746606334842,939,884
Muscle,SuSiE,80,75,85,12,0.0135746606334842,1.35746606334842,939,884
Muscle,SuSiE,90,85,95,5,0.00565610859728507,0.565610859728507,939,884
Muscle,SuSiE,100,95,105,9,0.0101809954751131,1.01809954751131,939,884
Muscle,SuSiE,110,105,115,7,0.00791855203619909,0.791855203619909,939,884
Muscle,SuSiE,120,115,125,3,0.00339366515837104,0.339366515837104,939,884
Muscle,SuSiE,130,125,135,6,0.00678733031674208,0.678733031674208,939,884
Muscle,SuSiE,140,135,145,5,0.00565610859728507,0.565610859728507,939,884
Muscle,SuSiE,150,145,155,4,0.00452488687782806,0.452488687782805,939,884
Muscle,SuSiE,160,155,165,2,0.00226244343891403,0.226244343891403,939,884
Muscle,SuSiE,170,165,175,2,0.00226244343891403,0.226244343891403,939,884
Muscle,SuSiE,180,175,185,6,0.00678733031674208,0.678733031674208,939,884
Muscle,SuSiE,190,185,195,2,0.00226244343891403,0.226244343891403,939,884
Muscle,SuSiE,200,195,205,3,0.00339366515837104,0.339366515837104,939,884
Muscle,Weighted SuSiE-mix,-200,-205,-195,1,0.00112739571589628,0.112739571589628,938,887
Muscle,Weighted SuSiE-mix,-190,-195,-185,4,0.00450958286358512,0.450958286358512,938,887
Muscle,Weighted SuSiE-mix,-180,-185,-175,3,0.00338218714768884,0.338218714768884,938,887
Muscle,Weighted SuSiE-mix,-170,-175,-165,3,0.00338218714768884,0.338218714768884,938,887
Muscle,Weighted SuSiE-mix,-160,-165,-155,3,0.00338218714768884,0.338218714768884,938,887
Muscle,Weighted SuSiE-mix,-150,-155,-145,3,0.00338218714768884,0.338218714768884,938,887
Muscle,Weighted SuSiE-mix,-140,-145,-135,1,0.00112739571589628,0.112739571589628,938,887
Muscle,Weighted SuSiE-mix,-130,-135,-125,3,0.00338218714768884,0.338218714768884,938,887
Muscle,Weighted SuSiE-mix,-120,-125,-115,9,0.0101465614430665,1.01465614430665,938,887
Muscle,Weighted SuSiE-mix,-110,-115,-105,3,0.00338218714768884,0.338218714768884,938,887
Muscle,Weighted SuSiE-mix,-100,-105,-95,11,0.0124013528748591,1.24013528748591,938,887
Muscle,Weighted SuSiE-mix,-90,-95,-85,10,0.0112739571589628,1.12739571589628,938,887
Muscle,Weighted SuSiE-mix,-80,-85,-75,10,0.0112739571589628,1.12739571589628,938,887
Muscle,Weighted SuSiE-mix,-70,-75,-65,11,0.0124013528748591,1.24013528748591,938,887
Muscle,Weighted SuSiE-mix,-60,-65,-55,22,0.0248027057497182,2.48027057497182,938,887
Muscle,Weighted SuSiE-mix,-50,-55,-45,19,0.0214205186020293,2.14205186020293,938,887
Muscle,Weighted SuSiE-mix,-40,-45,-35,22,0.0248027057497182,2.48027057497182,938,887
Muscle,Weighted SuSiE-mix,-30,-35,-25,32,0.0360766629086809,3.60766629086809,938,887
Muscle,Weighted SuSiE-mix,-20,-25,-15,54,0.0608793686583991,6.08793686583991,938,887
Muscle,Weighted SuSiE-mix,-10,-15,-5,89,0.100338218714769,10.0338218714769,938,887
Muscle,Weighted SuSiE-mix,0,-5,5,234,0.263810597519729,26.3810597519729,938,887
Muscle,Weighted SuSiE-mix,10,5,15,106,0.119503945885006,11.9503945885006,938,887
Muscle,Weighted SuSiE-mix,20,15,25,51,0.0574971815107103,5.74971815107103,938,887
Muscle,Weighted SuSiE-mix,30,25,35,34,0.0383314543404735,3.83314543404735,938,887
Muscle,Weighted SuSiE-mix,40,35,45,34,0.0383314543404735,3.83314543404735,938,887
Muscle,Weighted SuSiE-mix,50,45,55,25,0.028184892897407,2.8184892897407,938,887
Muscle,Weighted SuSiE-mix,60,55,65,12,0.0135287485907554,1.35287485907554,938,887
Muscle,Weighted SuSiE-mix,70,65,75,13,0.0146561443066516,1.46561443066516,938,887
Muscle,Weighted SuSiE-mix,80,75,85,12,0.0135287485907554,1.35287485907554,938,887
Muscle,Weighted SuSiE-mix,90,85,95,6,0.00676437429537768,0.676437429537768,938,887
Muscle,Weighted SuSiE-mix,100,95,105,9,0.0101465614430665,1.01465614430665,938,887
Muscle,Weighted SuSiE-mix,110,105,115,8,0.00901916572717024,0.901916572717024,938,887
Muscle,Weighted SuSiE-mix,120,115,125,2,0.00225479143179256,0.225479143179256,938,887
Muscle,Weighted SuSiE-mix,130,125,135,6,0.00676437429537768,0.676437429537768,938,887
Muscle,Weighted SuSiE-mix,140,135,145,5,0.0056369785794814,0.56369785794814,938,887
Muscle,Weighted SuSiE-mix,150,145,155,2,0.00225479143179256,0.225479143179256,938,887
Muscle,Weighted SuSiE-mix,160,155,165,2,0.00225479143179256,0.225479143179256,938,887
Muscle,Weighted SuSiE-mix,170,165,175,2,0.00225479143179256,0.225479143179256,938,887
Muscle,Weighted SuSiE-mix,180,175,185,6,0.00676437429537768,0.676437429537768,938,887
Muscle,Weighted SuSiE-mix,190,185,195,2,0.00225479143179256,0.225479143179256,938,887
Muscle,Weighted SuSiE-mix,200,195,205,3,0.00338218714768884,0.338218714768884,938,887
Nerve,SuSiE,-200,-205,-195,3,0.00230769230769231,0.230769230769231,1364,1300
Nerve,SuSiE,-190,-195,-185,1,0.000769230769230769,0.0769230769230769,1364,1300
Nerve,SuSiE,-180,-185,-175,5,0.00384615384615385,0.384615384615385,1364,1300
Nerve,SuSiE,-170,-175,-165,2,0.00153846153846154,0.153846153846154,1364,1300
Nerve,SuSiE,-160,-165,-155,6,0.00461538461538462,0.461538461538462,1364,1300
Nerve,SuSiE,-150,-155,-145,10,0.00769230769230769,0.769230769230769,1364,1300
Nerve,SuSiE,-140,-145,-135,4,0.00307692307692308,0.307692307692308,1364,1300
Nerve,SuSiE,-130,-135,-125,2,0.00153846153846154,0.153846153846154,1364,1300
Nerve,SuSiE,-120,-125,-115,8,0.00615384615384615,0.615384615384615,1364,1300
Nerve,SuSiE,-110,-115,-105,7,0.00538461538461538,0.538461538461538,1364,1300
Nerve,SuSiE,-100,-105,-95,9,0.00692307692307692,0.692307692307692,1364,1300
Nerve,SuSiE,-90,-95,-85,11,0.00846153846153846,0.846153846153846,1364,1300
Nerve,SuSiE,-80,-85,-75,12,0.00923076923076923,0.923076923076923,1364,1300
Nerve,SuSiE,-70,-75,-65,28,0.0215384615384615,2.15384615384615,1364,1300
Nerve,SuSiE,-60,-65,-55,23,0.0176923076923077,1.76923076923077,1364,1300
Nerve,SuSiE,-50,-55,-45,25,0.0192307692307692,1.92307692307692,1364,1300
Nerve,SuSiE,-40,-45,-35,33,0.0253846153846154,2.53846153846154,1364,1300
Nerve,SuSiE,-30,-35,-25,66,0.0507692307692308,5.07692307692308,1364,1300
Nerve,SuSiE,-20,-25,-15,102,0.0784615384615385,7.84615384615385,1364,1300
Nerve,SuSiE,-10,-15,-5,139,0.106923076923077,10.6923076923077,1364,1300
Nerve,SuSiE,0,-5,5,312,0.24,24,1364,1300
Nerve,SuSiE,10,5,15,126,0.0969230769230769,9.69230769230769,1364,1300
Nerve,SuSiE,20,15,25,88,0.0676923076923077,6.76923076923077,1364,1300
Nerve,SuSiE,30,25,35,58,0.0446153846153846,4.46153846153846,1364,1300
Nerve,SuSiE,40,35,45,53,0.0407692307692308,4.07692307692308,1364,1300
Nerve,SuSiE,50,45,55,33,0.0253846153846154,2.53846153846154,1364,1300
Nerve,SuSiE,60,55,65,23,0.0176923076923077,1.76923076923077,1364,1300
Nerve,SuSiE,70,65,75,24,0.0184615384615385,1.84615384615385,1364,1300
Nerve,SuSiE,80,75,85,12,0.00923076923076923,0.923076923076923,1364,1300
Nerve,SuSiE,90,85,95,7,0.00538461538461538,0.538461538461538,1364,1300
Nerve,SuSiE,100,95,105,12,0.00923076923076923,0.923076923076923,1364,1300
Nerve,SuSiE,110,105,115,8,0.00615384615384615,0.615384615384615,1364,1300
Nerve,SuSiE,120,115,125,8,0.00615384615384615,0.615384615384615,1364,1300
Nerve,SuSiE,130,125,135,8,0.00615384615384615,0.615384615384615,1364,1300
Nerve,SuSiE,140,135,145,9,0.00692307692307692,0.692307692307692,1364,1300
Nerve,SuSiE,150,145,155,7,0.00538461538461538,0.538461538461538,1364,1300
Nerve,SuSiE,160,155,165,2,0.00153846153846154,0.153846153846154,1364,1300
Nerve,SuSiE,170,165,175,4,0.00307692307692308,0.307692307692308,1364,1300
Nerve,SuSiE,180,175,185,5,0.00384615384615385,0.384615384615385,1364,1300
Nerve,SuSiE,190,185,195,3,0.00230769230769231,0.230769230769231,1364,1300
Nerve,SuSiE,200,195,205,2,0.00153846153846154,0.153846153846154,1364,1300
Nerve,Weighted SuSiE-mix,-200,-205,-195,3,0.00232198142414861,0.232198142414861,1349,1292
Nerve,Weighted SuSiE-mix,-190,-195,-185,1,0.000773993808049536,0.0773993808049536,1349,1292
Nerve,Weighted SuSiE-mix,-180,-185,-175,5,0.00386996904024768,0.386996904024768,1349,1292
Nerve,Weighted SuSiE-mix,-170,-175,-165,2,0.00154798761609907,0.154798761609907,1349,1292
Nerve,Weighted SuSiE-mix,-160,-165,-155,6,0.00464396284829721,0.464396284829721,1349,1292
Nerve,Weighted SuSiE-mix,-150,-155,-145,10,0.00773993808049536,0.773993808049536,1349,1292
Nerve,Weighted SuSiE-mix,-140,-145,-135,4,0.00309597523219814,0.309597523219814,1349,1292
Nerve,Weighted SuSiE-mix,-130,-135,-125,2,0.00154798761609907,0.154798761609907,1349,1292
Nerve,Weighted SuSiE-mix,-120,-125,-115,9,0.00696594427244582,0.696594427244582,1349,1292
Nerve,Weighted SuSiE-mix,-110,-115,-105,8,0.00619195046439629,0.619195046439629,1349,1292
Nerve,Weighted SuSiE-mix,-100,-105,-95,8,0.00619195046439629,0.619195046439629,1349,1292
Nerve,Weighted SuSiE-mix,-90,-95,-85,10,0.00773993808049536,0.773993808049536,1349,1292
Nerve,Weighted SuSiE-mix,-80,-85,-75,12,0.00928792569659443,0.928792569659443,1349,1292
Nerve,Weighted SuSiE-mix,-70,-75,-65,29,0.0224458204334365,2.24458204334365,1349,1292
Nerve,Weighted SuSiE-mix,-60,-65,-55,22,0.0170278637770898,1.70278637770898,1349,1292
Nerve,Weighted SuSiE-mix,-50,-55,-45,24,0.0185758513931889,1.85758513931889,1349,1292
Nerve,Weighted SuSiE-mix,-40,-45,-35,32,0.0247678018575851,2.47678018575851,1349,1292
Nerve,Weighted SuSiE-mix,-30,-35,-25,67,0.0518575851393189,5.18575851393189,1349,1292
Nerve,Weighted SuSiE-mix,-20,-25,-15,100,0.0773993808049536,7.73993808049536,1349,1292
Nerve,Weighted SuSiE-mix,-10,-15,-5,138,0.106811145510836,10.6811145510836,1349,1292
Nerve,Weighted SuSiE-mix,0,-5,5,311,0.240712074303406,24.0712074303406,1349,1292
Nerve,Weighted SuSiE-mix,10,5,15,129,0.0998452012383901,9.98452012383901,1349,1292
Nerve,Weighted SuSiE-mix,20,15,25,88,0.0681114551083591,6.81114551083591,1349,1292
Nerve,Weighted SuSiE-mix,30,25,35,56,0.043343653250774,4.3343653250774,1349,1292
Nerve,Weighted SuSiE-mix,40,35,45,53,0.0410216718266254,4.10216718266254,1349,1292
Nerve,Weighted SuSiE-mix,50,45,55,33,0.0255417956656347,2.55417956656347,1349,1292
Nerve,Weighted SuSiE-mix,60,55,65,22,0.0170278637770898,1.70278637770898,1349,1292
Nerve,Weighted SuSiE-mix,70,65,75,24,0.0185758513931889,1.85758513931889,1349,1292
Nerve,Weighted SuSiE-mix,80,75,85,12,0.00928792569659443,0.928792569659443,1349,1292
Nerve,Weighted SuSiE-mix,90,85,95,6,0.00464396284829721,0.464396284829721,1349,1292
Nerve,Weighted SuSiE-mix,100,95,105,12,0.00928792569659443,0.928792569659443,1349,1292
Nerve,Weighted SuSiE-mix,110,105,115,8,0.00619195046439629,0.619195046439629,1349,1292
Nerve,Weighted SuSiE-mix,120,115,125,8,0.00619195046439629,0.619195046439629,1349,1292
Nerve,Weighted SuSiE-mix,130,125,135,8,0.00619195046439629,0.619195046439629,1349,1292
Nerve,Weighted SuSiE-mix,140,135,145,6,0.00464396284829721,0.464396284829721,1349,1292
Nerve,Weighted SuSiE-mix,150,145,155,8,0.00619195046439629,0.619195046439629,1349,1292
Nerve,Weighted SuSiE-mix,160,155,165,2,0.00154798761609907,0.154798761609907,1349,1292
Nerve,Weighted SuSiE-mix,170,165,175,4,0.00309597523219814,0.309597523219814,1349,1292
Nerve,Weighted SuSiE-mix,180,175,185,5,0.00386996904024768,0.386996904024768,1349,1292
Nerve,Weighted SuSiE-mix,190,185,195,3,0.00232198142414861,0.232198142414861,1349,1292
Nerve,Weighted SuSiE-mix,200,195,205,2,0.00154798761609907,0.154798761609907,1349,1292
Ovary,SuSiE,-200,-205,-195,0,0,0,142,132
Ovary,SuSiE,-190,-195,-185,0,0,0,142,132
Ovary,SuSiE,-180,-185,-175,0,0,0,142,132
Ovary,SuSiE,-170,-175,-165,0,0,0,142,132
Ovary,SuSiE,-160,-165,-155,1,0.00757575757575758,0.757575757575758,142,132
Ovary,SuSiE,-150,-155,-145,0,0,0,142,132
Ovary,SuSiE,-140,-145,-135,0,0,0,142,132
Ovary,SuSiE,-130,-135,-125,2,0.0151515151515152,1.51515151515152,142,132
Ovary,SuSiE,-120,-125,-115,0,0,0,142,132
Ovary,SuSiE,-110,-115,-105,2,0.0151515151515152,1.51515151515152,142,132
Ovary,SuSiE,-100,-105,-95,0,0,0,142,132
Ovary,SuSiE,-90,-95,-85,1,0.00757575757575758,0.757575757575758,142,132
Ovary,SuSiE,-80,-85,-75,1,0.00757575757575758,0.757575757575758,142,132
Ovary,SuSiE,-70,-75,-65,3,0.0227272727272727,2.27272727272727,142,132
Ovary,SuSiE,-60,-65,-55,3,0.0227272727272727,2.27272727272727,142,132
Ovary,SuSiE,-50,-55,-45,4,0.0303030303030303,3.03030303030303,142,132
Ovary,SuSiE,-40,-45,-35,2,0.0151515151515152,1.51515151515152,142,132
Ovary,SuSiE,-30,-35,-25,11,0.0833333333333333,8.33333333333333,142,132
Ovary,SuSiE,-20,-25,-15,13,0.0984848484848485,9.84848484848485,142,132
Ovary,SuSiE,-10,-15,-5,15,0.113636363636364,11.3636363636364,142,132
Ovary,SuSiE,0,-5,5,34,0.257575757575758,25.7575757575758,142,132
Ovary,SuSiE,10,5,15,12,0.0909090909090909,9.09090909090909,142,132
Ovary,SuSiE,20,15,25,6,0.0454545454545455,4.54545454545455,142,132
Ovary,SuSiE,30,25,35,6,0.0454545454545455,4.54545454545455,142,132
Ovary,SuSiE,40,35,45,3,0.0227272727272727,2.27272727272727,142,132
Ovary,SuSiE,50,45,55,0,0,0,142,132
Ovary,SuSiE,60,55,65,2,0.0151515151515152,1.51515151515152,142,132
Ovary,SuSiE,70,65,75,3,0.0227272727272727,2.27272727272727,142,132
Ovary,SuSiE,80,75,85,3,0.0227272727272727,2.27272727272727,142,132
Ovary,SuSiE,90,85,95,1,0.00757575757575758,0.757575757575758,142,132
Ovary,SuSiE,100,95,105,0,0,0,142,132
Ovary,SuSiE,110,105,115,1,0.00757575757575758,0.757575757575758,142,132
Ovary,SuSiE,120,115,125,0,0,0,142,132
Ovary,SuSiE,130,125,135,0,0,0,142,132
Ovary,SuSiE,140,135,145,0,0,0,142,132
Ovary,SuSiE,150,145,155,1,0.00757575757575758,0.757575757575758,142,132
Ovary,SuSiE,160,155,165,1,0.00757575757575758,0.757575757575758,142,132
Ovary,SuSiE,170,165,175,0,0,0,142,132
Ovary,SuSiE,180,175,185,1,0.00757575757575758,0.757575757575758,142,132
Ovary,SuSiE,190,185,195,0,0,0,142,132
Ovary,SuSiE,200,195,205,0,0,0,142,132
Ovary,Weighted SuSiE-mix,-200,-205,-195,0,0,0,142,132
Ovary,Weighted SuSiE-mix,-190,-195,-185,0,0,0,142,132
Ovary,Weighted SuSiE-mix,-180,-185,-175,0,0,0,142,132
Ovary,Weighted SuSiE-mix,-170,-175,-165,1,0.00757575757575758,0.757575757575758,142,132
Ovary,Weighted SuSiE-mix,-160,-165,-155,1,0.00757575757575758,0.757575757575758,142,132
Ovary,Weighted SuSiE-mix,-150,-155,-145,0,0,0,142,132
Ovary,Weighted SuSiE-mix,-140,-145,-135,0,0,0,142,132
Ovary,Weighted SuSiE-mix,-130,-135,-125,2,0.0151515151515152,1.51515151515152,142,132
Ovary,Weighted SuSiE-mix,-120,-125,-115,0,0,0,142,132
Ovary,Weighted SuSiE-mix,-110,-115,-105,2,0.0151515151515152,1.51515151515152,142,132
Ovary,Weighted SuSiE-mix,-100,-105,-95,0,0,0,142,132
Ovary,Weighted SuSiE-mix,-90,-95,-85,1,0.00757575757575758,0.757575757575758,142,132
Ovary,Weighted SuSiE-mix,-80,-85,-75,1,0.00757575757575758,0.757575757575758,142,132
Ovary,Weighted SuSiE-mix,-70,-75,-65,3,0.0227272727272727,2.27272727272727,142,132
Ovary,Weighted SuSiE-mix,-60,-65,-55,3,0.0227272727272727,2.27272727272727,142,132
Ovary,Weighted SuSiE-mix,-50,-55,-45,4,0.0303030303030303,3.03030303030303,142,132
Ovary,Weighted SuSiE-mix,-40,-45,-35,2,0.0151515151515152,1.51515151515152,142,132
Ovary,Weighted SuSiE-mix,-30,-35,-25,11,0.0833333333333333,8.33333333333333,142,132
Ovary,Weighted SuSiE-mix,-20,-25,-15,13,0.0984848484848485,9.84848484848485,142,132
Ovary,Weighted SuSiE-mix,-10,-15,-5,15,0.113636363636364,11.3636363636364,142,132
Ovary,Weighted SuSiE-mix,0,-5,5,33,0.25,25,142,132
Ovary,Weighted SuSiE-mix,10,5,15,11,0.0833333333333333,8.33333333333333,142,132
Ovary,Weighted SuSiE-mix,20,15,25,8,0.0606060606060606,6.06060606060606,142,132
Ovary,Weighted SuSiE-mix,30,25,35,6,0.0454545454545455,4.54545454545455,142,132
Ovary,Weighted SuSiE-mix,40,35,45,3,0.0227272727272727,2.27272727272727,142,132
Ovary,Weighted SuSiE-mix,50,45,55,0,0,0,142,132
Ovary,Weighted SuSiE-mix,60,55,65,2,0.0151515151515152,1.51515151515152,142,132
Ovary,Weighted SuSiE-mix,70,65,75,3,0.0227272727272727,2.27272727272727,142,132
Ovary,Weighted SuSiE-mix,80,75,85,2,0.0151515151515152,1.51515151515152,142,132
Ovary,Weighted SuSiE-mix,90,85,95,1,0.00757575757575758,0.757575757575758,142,132
Ovary,Weighted SuSiE-mix,100,95,105,0,0,0,142,132
Ovary,Weighted SuSiE-mix,110,105,115,1,0.00757575757575758,0.757575757575758,142,132
Ovary,Weighted SuSiE-mix,120,115,125,0,0,0,142,132
Ovary,Weighted SuSiE-mix,130,125,135,0,0,0,142,132
Ovary,Weighted SuSiE-mix,140,135,145,0,0,0,142,132
Ovary,Weighted SuSiE-mix,150,145,155,1,0.00757575757575758,0.757575757575758,142,132
Ovary,Weighted SuSiE-mix,160,155,165,1,0.00757575757575758,0.757575757575758,142,132
Ovary,Weighted SuSiE-mix,170,165,175,0,0,0,142,132
Ovary,Weighted SuSiE-mix,180,175,185,1,0.00757575757575758,0.757575757575758,142,132
Ovary,Weighted SuSiE-mix,190,185,195,0,0,0,142,132
Ovary,Weighted SuSiE-mix,200,195,205,0,0,0,142,132
Pancreas,SuSiE,-200,-205,-195,1,0.00284090909090909,0.284090909090909,368,352
Pancreas,SuSiE,-190,-195,-185,1,0.00284090909090909,0.284090909090909,368,352
Pancreas,SuSiE,-180,-185,-175,1,0.00284090909090909,0.284090909090909,368,352
Pancreas,SuSiE,-170,-175,-165,0,0,0,368,352
Pancreas,SuSiE,-160,-165,-155,6,0.0170454545454545,1.70454545454545,368,352
Pancreas,SuSiE,-150,-155,-145,1,0.00284090909090909,0.284090909090909,368,352
Pancreas,SuSiE,-140,-145,-135,2,0.00568181818181818,0.568181818181818,368,352
Pancreas,SuSiE,-130,-135,-125,2,0.00568181818181818,0.568181818181818,368,352
Pancreas,SuSiE,-120,-125,-115,0,0,0,368,352
Pancreas,SuSiE,-110,-115,-105,1,0.00284090909090909,0.284090909090909,368,352
Pancreas,SuSiE,-100,-105,-95,2,0.00568181818181818,0.568181818181818,368,352
Pancreas,SuSiE,-90,-95,-85,2,0.00568181818181818,0.568181818181818,368,352
Pancreas,SuSiE,-80,-85,-75,4,0.0113636363636364,1.13636363636364,368,352
Pancreas,SuSiE,-70,-75,-65,10,0.0284090909090909,2.84090909090909,368,352
Pancreas,SuSiE,-60,-65,-55,4,0.0113636363636364,1.13636363636364,368,352
Pancreas,SuSiE,-50,-55,-45,8,0.0227272727272727,2.27272727272727,368,352
Pancreas,SuSiE,-40,-45,-35,12,0.0340909090909091,3.40909090909091,368,352
Pancreas,SuSiE,-30,-35,-25,18,0.0511363636363636,5.11363636363636,368,352
Pancreas,SuSiE,-20,-25,-15,23,0.0653409090909091,6.53409090909091,368,352
Pancreas,SuSiE,-10,-15,-5,43,0.122159090909091,12.2159090909091,368,352
Pancreas,SuSiE,0,-5,5,90,0.255681818181818,25.5681818181818,368,352
Pancreas,SuSiE,10,5,15,29,0.0823863636363636,8.23863636363636,368,352
Pancreas,SuSiE,20,15,25,21,0.0596590909090909,5.96590909090909,368,352
Pancreas,SuSiE,30,25,35,18,0.0511363636363636,5.11363636363636,368,352
Pancreas,SuSiE,40,35,45,9,0.0255681818181818,2.55681818181818,368,352
Pancreas,SuSiE,50,45,55,11,0.03125,3.125,368,352
Pancreas,SuSiE,60,55,65,8,0.0227272727272727,2.27272727272727,368,352
Pancreas,SuSiE,70,65,75,3,0.00852272727272727,0.852272727272727,368,352
Pancreas,SuSiE,80,75,85,5,0.0142045454545455,1.42045454545455,368,352
Pancreas,SuSiE,90,85,95,2,0.00568181818181818,0.568181818181818,368,352
Pancreas,SuSiE,100,95,105,0,0,0,368,352
Pancreas,SuSiE,110,105,115,2,0.00568181818181818,0.568181818181818,368,352
Pancreas,SuSiE,120,115,125,3,0.00852272727272727,0.852272727272727,368,352
Pancreas,SuSiE,130,125,135,2,0.00568181818181818,0.568181818181818,368,352
Pancreas,SuSiE,140,135,145,2,0.00568181818181818,0.568181818181818,368,352
Pancreas,SuSiE,150,145,155,3,0.00852272727272727,0.852272727272727,368,352
Pancreas,SuSiE,160,155,165,0,0,0,368,352
Pancreas,SuSiE,170,165,175,0,0,0,368,352
Pancreas,SuSiE,180,175,185,0,0,0,368,352
Pancreas,SuSiE,190,185,195,2,0.00568181818181818,0.568181818181818,368,352
Pancreas,SuSiE,200,195,205,1,0.00284090909090909,0.284090909090909,368,352
Pancreas,Weighted SuSiE-mix,-200,-205,-195,1,0.00285714285714286,0.285714285714286,366,350
Pancreas,Weighted SuSiE-mix,-190,-195,-185,1,0.00285714285714286,0.285714285714286,366,350
Pancreas,Weighted SuSiE-mix,-180,-185,-175,1,0.00285714285714286,0.285714285714286,366,350
Pancreas,Weighted SuSiE-mix,-170,-175,-165,0,0,0,366,350
Pancreas,Weighted SuSiE-mix,-160,-165,-155,5,0.0142857142857143,1.42857142857143,366,350
Pancreas,Weighted SuSiE-mix,-150,-155,-145,1,0.00285714285714286,0.285714285714286,366,350
Pancreas,Weighted SuSiE-mix,-140,-145,-135,2,0.00571428571428571,0.571428571428571,366,350
Pancreas,Weighted SuSiE-mix,-130,-135,-125,2,0.00571428571428571,0.571428571428571,366,350
Pancreas,Weighted SuSiE-mix,-120,-125,-115,0,0,0,366,350
Pancreas,Weighted SuSiE-mix,-110,-115,-105,1,0.00285714285714286,0.285714285714286,366,350
Pancreas,Weighted SuSiE-mix,-100,-105,-95,2,0.00571428571428571,0.571428571428571,366,350
Pancreas,Weighted SuSiE-mix,-90,-95,-85,3,0.00857142857142857,0.857142857142857,366,350
Pancreas,Weighted SuSiE-mix,-80,-85,-75,4,0.0114285714285714,1.14285714285714,366,350
Pancreas,Weighted SuSiE-mix,-70,-75,-65,10,0.0285714285714286,2.85714285714286,366,350
Pancreas,Weighted SuSiE-mix,-60,-65,-55,4,0.0114285714285714,1.14285714285714,366,350
Pancreas,Weighted SuSiE-mix,-50,-55,-45,8,0.0228571428571429,2.28571428571429,366,350
Pancreas,Weighted SuSiE-mix,-40,-45,-35,12,0.0342857142857143,3.42857142857143,366,350
Pancreas,Weighted SuSiE-mix,-30,-35,-25,18,0.0514285714285714,5.14285714285714,366,350
Pancreas,Weighted SuSiE-mix,-20,-25,-15,23,0.0657142857142857,6.57142857142857,366,350
Pancreas,Weighted SuSiE-mix,-10,-15,-5,43,0.122857142857143,12.2857142857143,366,350
Pancreas,Weighted SuSiE-mix,0,-5,5,89,0.254285714285714,25.4285714285714,366,350
Pancreas,Weighted SuSiE-mix,10,5,15,29,0.0828571428571429,8.28571428571429,366,350
Pancreas,Weighted SuSiE-mix,20,15,25,21,0.06,6,366,350
Pancreas,Weighted SuSiE-mix,30,25,35,18,0.0514285714285714,5.14285714285714,366,350
Pancreas,Weighted SuSiE-mix,40,35,45,10,0.0285714285714286,2.85714285714286,366,350
Pancreas,Weighted SuSiE-mix,50,45,55,10,0.0285714285714286,2.85714285714286,366,350
Pancreas,Weighted SuSiE-mix,60,55,65,8,0.0228571428571429,2.28571428571429,366,350
Pancreas,Weighted SuSiE-mix,70,65,75,3,0.00857142857142857,0.857142857142857,366,350
Pancreas,Weighted SuSiE-mix,80,75,85,5,0.0142857142857143,1.42857142857143,366,350
Pancreas,Weighted SuSiE-mix,90,85,95,2,0.00571428571428571,0.571428571428571,366,350
Pancreas,Weighted SuSiE-mix,100,95,105,0,0,0,366,350
Pancreas,Weighted SuSiE-mix,110,105,115,2,0.00571428571428571,0.571428571428571,366,350
Pancreas,Weighted SuSiE-mix,120,115,125,3,0.00857142857142857,0.857142857142857,366,350
Pancreas,Weighted SuSiE-mix,130,125,135,2,0.00571428571428571,0.571428571428571,366,350
Pancreas,Weighted SuSiE-mix,140,135,145,2,0.00571428571428571,0.571428571428571,366,350
Pancreas,Weighted SuSiE-mix,150,145,155,3,0.00857142857142857,0.857142857142857,366,350
Pancreas,Weighted SuSiE-mix,160,155,165,0,0,0,366,350
Pancreas,Weighted SuSiE-mix,170,165,175,0,0,0,366,350
Pancreas,Weighted SuSiE-mix,180,175,185,0,0,0,366,350
Pancreas,Weighted SuSiE-mix,190,185,195,2,0.00571428571428571,0.571428571428571,366,350
Pancreas,Weighted SuSiE-mix,200,195,205,0,0,0,366,350
Pituitary,SuSiE,-200,-205,-195,0,0,0,531,513
Pituitary,SuSiE,-190,-195,-185,1,0.00194931773879142,0.194931773879142,531,513
Pituitary,SuSiE,-180,-185,-175,2,0.00389863547758285,0.389863547758285,531,513
Pituitary,SuSiE,-170,-175,-165,0,0,0,531,513
Pituitary,SuSiE,-160,-165,-155,1,0.00194931773879142,0.194931773879142,531,513
Pituitary,SuSiE,-150,-155,-145,7,0.01364522417154,1.364522417154,531,513
Pituitary,SuSiE,-140,-145,-135,2,0.00389863547758285,0.389863547758285,531,513
Pituitary,SuSiE,-130,-135,-125,1,0.00194931773879142,0.194931773879142,531,513
Pituitary,SuSiE,-120,-125,-115,1,0.00194931773879142,0.194931773879142,531,513
Pituitary,SuSiE,-110,-115,-105,5,0.00974658869395711,0.974658869395711,531,513
Pituitary,SuSiE,-100,-105,-95,6,0.0116959064327485,1.16959064327485,531,513
Pituitary,SuSiE,-90,-95,-85,9,0.0175438596491228,1.75438596491228,531,513
Pituitary,SuSiE,-80,-85,-75,7,0.01364522417154,1.364522417154,531,513
Pituitary,SuSiE,-70,-75,-65,12,0.0233918128654971,2.33918128654971,531,513
Pituitary,SuSiE,-60,-65,-55,8,0.0155945419103314,1.55945419103314,531,513
Pituitary,SuSiE,-50,-55,-45,7,0.01364522417154,1.364522417154,531,513
Pituitary,SuSiE,-40,-45,-35,22,0.0428849902534113,4.28849902534113,531,513
Pituitary,SuSiE,-30,-35,-25,31,0.0604288499025341,6.04288499025341,531,513
Pituitary,SuSiE,-20,-25,-15,36,0.0701754385964912,7.01754385964912,531,513
Pituitary,SuSiE,-10,-15,-5,55,0.107212475633528,10.7212475633528,531,513
Pituitary,SuSiE,0,-5,5,110,0.214424951267057,21.4424951267057,531,513
Pituitary,SuSiE,10,5,15,54,0.105263157894737,10.5263157894737,531,513
Pituitary,SuSiE,20,15,25,42,0.0818713450292398,8.18713450292398,531,513
Pituitary,SuSiE,30,25,35,25,0.0487329434697856,4.87329434697856,531,513
Pituitary,SuSiE,40,35,45,14,0.0272904483430799,2.72904483430799,531,513
Pituitary,SuSiE,50,45,55,9,0.0175438596491228,1.75438596491228,531,513
Pituitary,SuSiE,60,55,65,7,0.01364522417154,1.364522417154,531,513
Pituitary,SuSiE,70,65,75,6,0.0116959064327485,1.16959064327485,531,513
Pituitary,SuSiE,80,75,85,4,0.00779727095516569,0.779727095516569,531,513
Pituitary,SuSiE,90,85,95,6,0.0116959064327485,1.16959064327485,531,513
Pituitary,SuSiE,100,95,105,7,0.01364522417154,1.364522417154,531,513
Pituitary,SuSiE,110,105,115,6,0.0116959064327485,1.16959064327485,531,513
Pituitary,SuSiE,120,115,125,1,0.00194931773879142,0.194931773879142,531,513
Pituitary,SuSiE,130,125,135,3,0.00584795321637427,0.584795321637427,531,513
Pituitary,SuSiE,140,135,145,2,0.00389863547758285,0.389863547758285,531,513
Pituitary,SuSiE,150,145,155,2,0.00389863547758285,0.389863547758285,531,513
Pituitary,SuSiE,160,155,165,0,0,0,531,513
Pituitary,SuSiE,170,165,175,0,0,0,531,513
Pituitary,SuSiE,180,175,185,0,0,0,531,513
Pituitary,SuSiE,190,185,195,0,0,0,531,513
Pituitary,SuSiE,200,195,205,2,0.00389863547758285,0.389863547758285,531,513
Pituitary,Weighted SuSiE-mix,-200,-205,-195,1,0.00194931773879142,0.194931773879142,530,513
Pituitary,Weighted SuSiE-mix,-190,-195,-185,1,0.00194931773879142,0.194931773879142,530,513
Pituitary,Weighted SuSiE-mix,-180,-185,-175,2,0.00389863547758285,0.389863547758285,530,513
Pituitary,Weighted SuSiE-mix,-170,-175,-165,0,0,0,530,513
Pituitary,Weighted SuSiE-mix,-160,-165,-155,1,0.00194931773879142,0.194931773879142,530,513
Pituitary,Weighted SuSiE-mix,-150,-155,-145,6,0.0116959064327485,1.16959064327485,530,513
Pituitary,Weighted SuSiE-mix,-140,-145,-135,2,0.00389863547758285,0.389863547758285,530,513
Pituitary,Weighted SuSiE-mix,-130,-135,-125,1,0.00194931773879142,0.194931773879142,530,513
Pituitary,Weighted SuSiE-mix,-120,-125,-115,1,0.00194931773879142,0.194931773879142,530,513
Pituitary,Weighted SuSiE-mix,-110,-115,-105,5,0.00974658869395711,0.974658869395711,530,513
Pituitary,Weighted SuSiE-mix,-100,-105,-95,5,0.00974658869395711,0.974658869395711,530,513
Pituitary,Weighted SuSiE-mix,-90,-95,-85,9,0.0175438596491228,1.75438596491228,530,513
Pituitary,Weighted SuSiE-mix,-80,-85,-75,7,0.01364522417154,1.364522417154,530,513
Pituitary,Weighted SuSiE-mix,-70,-75,-65,13,0.0253411306042885,2.53411306042885,530,513
Pituitary,Weighted SuSiE-mix,-60,-65,-55,8,0.0155945419103314,1.55945419103314,530,513
Pituitary,Weighted SuSiE-mix,-50,-55,-45,6,0.0116959064327485,1.16959064327485,530,513
Pituitary,Weighted SuSiE-mix,-40,-45,-35,22,0.0428849902534113,4.28849902534113,530,513
Pituitary,Weighted SuSiE-mix,-30,-35,-25,31,0.0604288499025341,6.04288499025341,530,513
Pituitary,Weighted SuSiE-mix,-20,-25,-15,37,0.0721247563352827,7.21247563352827,530,513
Pituitary,Weighted SuSiE-mix,-10,-15,-5,55,0.107212475633528,10.7212475633528,530,513
Pituitary,Weighted SuSiE-mix,0,-5,5,112,0.218323586744639,21.8323586744639,530,513
Pituitary,Weighted SuSiE-mix,10,5,15,54,0.105263157894737,10.5263157894737,530,513
Pituitary,Weighted SuSiE-mix,20,15,25,43,0.0838206627680312,8.38206627680312,530,513
Pituitary,Weighted SuSiE-mix,30,25,35,24,0.0467836257309942,4.67836257309942,530,513
Pituitary,Weighted SuSiE-mix,40,35,45,13,0.0253411306042885,2.53411306042885,530,513
Pituitary,Weighted SuSiE-mix,50,45,55,9,0.0175438596491228,1.75438596491228,530,513
Pituitary,Weighted SuSiE-mix,60,55,65,7,0.01364522417154,1.364522417154,530,513
Pituitary,Weighted SuSiE-mix,70,65,75,6,0.0116959064327485,1.16959064327485,530,513
Pituitary,Weighted SuSiE-mix,80,75,85,3,0.00584795321637427,0.584795321637427,530,513
Pituitary,Weighted SuSiE-mix,90,85,95,6,0.0116959064327485,1.16959064327485,530,513
Pituitary,Weighted SuSiE-mix,100,95,105,7,0.01364522417154,1.364522417154,530,513
Pituitary,Weighted SuSiE-mix,110,105,115,6,0.0116959064327485,1.16959064327485,530,513
Pituitary,Weighted SuSiE-mix,120,115,125,1,0.00194931773879142,0.194931773879142,530,513
Pituitary,Weighted SuSiE-mix,130,125,135,3,0.00584795321637427,0.584795321637427,530,513
Pituitary,Weighted SuSiE-mix,140,135,145,2,0.00389863547758285,0.389863547758285,530,513
Pituitary,Weighted SuSiE-mix,150,145,155,2,0.00389863547758285,0.389863547758285,530,513
Pituitary,Weighted SuSiE-mix,160,155,165,0,0,0,530,513
Pituitary,Weighted SuSiE-mix,170,165,175,0,0,0,530,513
Pituitary,Weighted SuSiE-mix,180,175,185,0,0,0,530,513
Pituitary,Weighted SuSiE-mix,190,185,195,0,0,0,530,513
Pituitary,Weighted SuSiE-mix,200,195,205,2,0.00389863547758285,0.389863547758285,530,513
Prostate,SuSiE,-200,-205,-195,1,0.00529100529100529,0.529100529100529,199,189
Prostate,SuSiE,-190,-195,-185,1,0.00529100529100529,0.529100529100529,199,189
Prostate,SuSiE,-180,-185,-175,0,0,0,199,189
Prostate,SuSiE,-170,-175,-165,0,0,0,199,189
Prostate,SuSiE,-160,-165,-155,0,0,0,199,189
Prostate,SuSiE,-150,-155,-145,0,0,0,199,189
Prostate,SuSiE,-140,-145,-135,0,0,0,199,189
Prostate,SuSiE,-130,-135,-125,1,0.00529100529100529,0.529100529100529,199,189
Prostate,SuSiE,-120,-125,-115,5,0.0264550264550265,2.64550264550265,199,189
Prostate,SuSiE,-110,-115,-105,2,0.0105820105820106,1.05820105820106,199,189
Prostate,SuSiE,-100,-105,-95,0,0,0,199,189
Prostate,SuSiE,-90,-95,-85,1,0.00529100529100529,0.529100529100529,199,189
Prostate,SuSiE,-80,-85,-75,2,0.0105820105820106,1.05820105820106,199,189
Prostate,SuSiE,-70,-75,-65,4,0.0211640211640212,2.11640211640212,199,189
Prostate,SuSiE,-60,-65,-55,5,0.0264550264550265,2.64550264550265,199,189
Prostate,SuSiE,-50,-55,-45,3,0.0158730158730159,1.58730158730159,199,189
Prostate,SuSiE,-40,-45,-35,10,0.0529100529100529,5.29100529100529,199,189
Prostate,SuSiE,-30,-35,-25,9,0.0476190476190476,4.76190476190476,199,189
Prostate,SuSiE,-20,-25,-15,17,0.0899470899470899,8.994708994709,199,189
Prostate,SuSiE,-10,-15,-5,18,0.0952380952380952,9.52380952380952,199,189
Prostate,SuSiE,0,-5,5,51,0.26984126984127,26.984126984127,199,189
Prostate,SuSiE,10,5,15,20,0.105820105820106,10.5820105820106,199,189
Prostate,SuSiE,20,15,25,9,0.0476190476190476,4.76190476190476,199,189
Prostate,SuSiE,30,25,35,11,0.0582010582010582,5.82010582010582,199,189
Prostate,SuSiE,40,35,45,5,0.0264550264550265,2.64550264550265,199,189
Prostate,SuSiE,50,45,55,4,0.0211640211640212,2.11640211640212,199,189
Prostate,SuSiE,60,55,65,0,0,0,199,189
Prostate,SuSiE,70,65,75,1,0.00529100529100529,0.529100529100529,199,189
Prostate,SuSiE,80,75,85,3,0.0158730158730159,1.58730158730159,199,189
Prostate,SuSiE,90,85,95,1,0.00529100529100529,0.529100529100529,199,189
Prostate,SuSiE,100,95,105,0,0,0,199,189
Prostate,SuSiE,110,105,115,1,0.00529100529100529,0.529100529100529,199,189
Prostate,SuSiE,120,115,125,0,0,0,199,189
Prostate,SuSiE,130,125,135,1,0.00529100529100529,0.529100529100529,199,189
Prostate,SuSiE,140,135,145,0,0,0,199,189
Prostate,SuSiE,150,145,155,1,0.00529100529100529,0.529100529100529,199,189
Prostate,SuSiE,160,155,165,0,0,0,199,189
Prostate,SuSiE,170,165,175,0,0,0,199,189
Prostate,SuSiE,180,175,185,1,0.00529100529100529,0.529100529100529,199,189
Prostate,SuSiE,190,185,195,0,0,0,199,189
Prostate,SuSiE,200,195,205,1,0.00529100529100529,0.529100529100529,199,189
Prostate,Weighted SuSiE-mix,-200,-205,-195,1,0.00529100529100529,0.529100529100529,199,189
Prostate,Weighted SuSiE-mix,-190,-195,-185,1,0.00529100529100529,0.529100529100529,199,189
Prostate,Weighted SuSiE-mix,-180,-185,-175,0,0,0,199,189
Prostate,Weighted SuSiE-mix,-170,-175,-165,0,0,0,199,189
Prostate,Weighted SuSiE-mix,-160,-165,-155,0,0,0,199,189
Prostate,Weighted SuSiE-mix,-150,-155,-145,0,0,0,199,189
Prostate,Weighted SuSiE-mix,-140,-145,-135,0,0,0,199,189
Prostate,Weighted SuSiE-mix,-130,-135,-125,1,0.00529100529100529,0.529100529100529,199,189
Prostate,Weighted SuSiE-mix,-120,-125,-115,3,0.0158730158730159,1.58730158730159,199,189
Prostate,Weighted SuSiE-mix,-110,-115,-105,3,0.0158730158730159,1.58730158730159,199,189
Prostate,Weighted SuSiE-mix,-100,-105,-95,0,0,0,199,189
Prostate,Weighted SuSiE-mix,-90,-95,-85,1,0.00529100529100529,0.529100529100529,199,189
Prostate,Weighted SuSiE-mix,-80,-85,-75,2,0.0105820105820106,1.05820105820106,199,189
Prostate,Weighted SuSiE-mix,-70,-75,-65,5,0.0264550264550265,2.64550264550265,199,189
Prostate,Weighted SuSiE-mix,-60,-65,-55,5,0.0264550264550265,2.64550264550265,199,189
Prostate,Weighted SuSiE-mix,-50,-55,-45,3,0.0158730158730159,1.58730158730159,199,189
Prostate,Weighted SuSiE-mix,-40,-45,-35,10,0.0529100529100529,5.29100529100529,199,189
Prostate,Weighted SuSiE-mix,-30,-35,-25,9,0.0476190476190476,4.76190476190476,199,189
Prostate,Weighted SuSiE-mix,-20,-25,-15,17,0.0899470899470899,8.994708994709,199,189
Prostate,Weighted SuSiE-mix,-10,-15,-5,18,0.0952380952380952,9.52380952380952,199,189
Prostate,Weighted SuSiE-mix,0,-5,5,51,0.26984126984127,26.984126984127,199,189
Prostate,Weighted SuSiE-mix,10,5,15,20,0.105820105820106,10.5820105820106,199,189
Prostate,Weighted SuSiE-mix,20,15,25,9,0.0476190476190476,4.76190476190476,199,189
Prostate,Weighted SuSiE-mix,30,25,35,11,0.0582010582010582,5.82010582010582,199,189
Prostate,Weighted SuSiE-mix,40,35,45,5,0.0264550264550265,2.64550264550265,199,189
Prostate,Weighted SuSiE-mix,50,45,55,4,0.0211640211640212,2.11640211640212,199,189
Prostate,Weighted SuSiE-mix,60,55,65,0,0,0,199,189
Prostate,Weighted SuSiE-mix,70,65,75,1,0.00529100529100529,0.529100529100529,199,189
Prostate,Weighted SuSiE-mix,80,75,85,3,0.0158730158730159,1.58730158730159,199,189
Prostate,Weighted SuSiE-mix,90,85,95,1,0.00529100529100529,0.529100529100529,199,189
Prostate,Weighted SuSiE-mix,100,95,105,0,0,0,199,189
Prostate,Weighted SuSiE-mix,110,105,115,1,0.00529100529100529,0.529100529100529,199,189
Prostate,Weighted SuSiE-mix,120,115,125,0,0,0,199,189
Prostate,Weighted SuSiE-mix,130,125,135,1,0.00529100529100529,0.529100529100529,199,189
Prostate,Weighted SuSiE-mix,140,135,145,0,0,0,199,189
Prostate,Weighted SuSiE-mix,150,145,155,1,0.00529100529100529,0.529100529100529,199,189
Prostate,Weighted SuSiE-mix,160,155,165,0,0,0,199,189
Prostate,Weighted SuSiE-mix,170,165,175,0,0,0,199,189
Prostate,Weighted SuSiE-mix,180,175,185,1,0.00529100529100529,0.529100529100529,199,189
Prostate,Weighted SuSiE-mix,190,185,195,0,0,0,199,189
Prostate,Weighted SuSiE-mix,200,195,205,1,0.00529100529100529,0.529100529100529,199,189
Salivary Gland,SuSiE,-200,-205,-195,1,0.00694444444444444,0.694444444444445,152,144
Salivary Gland,SuSiE,-190,-195,-185,1,0.00694444444444444,0.694444444444445,152,144
Salivary Gland,SuSiE,-180,-185,-175,0,0,0,152,144
Salivary Gland,SuSiE,-170,-175,-165,0,0,0,152,144
Salivary Gland,SuSiE,-160,-165,-155,1,0.00694444444444444,0.694444444444445,152,144
Salivary Gland,SuSiE,-150,-155,-145,0,0,0,152,144
Salivary Gland,SuSiE,-140,-145,-135,0,0,0,152,144
Salivary Gland,SuSiE,-130,-135,-125,1,0.00694444444444444,0.694444444444445,152,144
Salivary Gland,SuSiE,-120,-125,-115,1,0.00694444444444444,0.694444444444445,152,144
Salivary Gland,SuSiE,-110,-115,-105,0,0,0,152,144
Salivary Gland,SuSiE,-100,-105,-95,1,0.00694444444444444,0.694444444444445,152,144
Salivary Gland,SuSiE,-90,-95,-85,1,0.00694444444444444,0.694444444444445,152,144
Salivary Gland,SuSiE,-80,-85,-75,1,0.00694444444444444,0.694444444444445,152,144
Salivary Gland,SuSiE,-70,-75,-65,2,0.0138888888888889,1.38888888888889,152,144
Salivary Gland,SuSiE,-60,-65,-55,3,0.0208333333333333,2.08333333333333,152,144
Salivary Gland,SuSiE,-50,-55,-45,2,0.0138888888888889,1.38888888888889,152,144
Salivary Gland,SuSiE,-40,-45,-35,8,0.0555555555555556,5.55555555555556,152,144
Salivary Gland,SuSiE,-30,-35,-25,4,0.0277777777777778,2.77777777777778,152,144
Salivary Gland,SuSiE,-20,-25,-15,14,0.0972222222222222,9.72222222222222,152,144
Salivary Gland,SuSiE,-10,-15,-5,17,0.118055555555556,11.8055555555556,152,144
Salivary Gland,SuSiE,0,-5,5,34,0.236111111111111,23.6111111111111,152,144
Salivary Gland,SuSiE,10,5,15,20,0.138888888888889,13.8888888888889,152,144
Salivary Gland,SuSiE,20,15,25,11,0.0763888888888889,7.63888888888889,152,144
Salivary Gland,SuSiE,30,25,35,3,0.0208333333333333,2.08333333333333,152,144
Salivary Gland,SuSiE,40,35,45,2,0.0138888888888889,1.38888888888889,152,144
Salivary Gland,SuSiE,50,45,55,1,0.00694444444444444,0.694444444444445,152,144
Salivary Gland,SuSiE,60,55,65,1,0.00694444444444444,0.694444444444445,152,144
Salivary Gland,SuSiE,70,65,75,0,0,0,152,144
Salivary Gland,SuSiE,80,75,85,2,0.0138888888888889,1.38888888888889,152,144
Salivary Gland,SuSiE,90,85,95,1,0.00694444444444444,0.694444444444445,152,144
Salivary Gland,SuSiE,100,95,105,1,0.00694444444444444,0.694444444444445,152,144
Salivary Gland,SuSiE,110,105,115,3,0.0208333333333333,2.08333333333333,152,144
Salivary Gland,SuSiE,120,115,125,0,0,0,152,144
Salivary Gland,SuSiE,130,125,135,2,0.0138888888888889,1.38888888888889,152,144
Salivary Gland,SuSiE,140,135,145,1,0.00694444444444444,0.694444444444445,152,144
Salivary Gland,SuSiE,150,145,155,0,0,0,152,144
Salivary Gland,SuSiE,160,155,165,0,0,0,152,144
Salivary Gland,SuSiE,170,165,175,0,0,0,152,144
Salivary Gland,SuSiE,180,175,185,1,0.00694444444444444,0.694444444444445,152,144
Salivary Gland,SuSiE,190,185,195,0,0,0,152,144
Salivary Gland,SuSiE,200,195,205,3,0.0208333333333333,2.08333333333333,152,144
Salivary Gland,Weighted SuSiE-mix,-200,-205,-195,1,0.00704225352112676,0.704225352112676,150,142
Salivary Gland,Weighted SuSiE-mix,-190,-195,-185,1,0.00704225352112676,0.704225352112676,150,142
Salivary Gland,Weighted SuSiE-mix,-180,-185,-175,0,0,0,150,142
Salivary Gland,Weighted SuSiE-mix,-170,-175,-165,0,0,0,150,142
Salivary Gland,Weighted SuSiE-mix,-160,-165,-155,0,0,0,150,142
Salivary Gland,Weighted SuSiE-mix,-150,-155,-145,0,0,0,150,142
Salivary Gland,Weighted SuSiE-mix,-140,-145,-135,0,0,0,150,142
Salivary Gland,Weighted SuSiE-mix,-130,-135,-125,1,0.00704225352112676,0.704225352112676,150,142
Salivary Gland,Weighted SuSiE-mix,-120,-125,-115,1,0.00704225352112676,0.704225352112676,150,142
Salivary Gland,Weighted SuSiE-mix,-110,-115,-105,1,0.00704225352112676,0.704225352112676,150,142
Salivary Gland,Weighted SuSiE-mix,-100,-105,-95,0,0,0,150,142
Salivary Gland,Weighted SuSiE-mix,-90,-95,-85,1,0.00704225352112676,0.704225352112676,150,142
Salivary Gland,Weighted SuSiE-mix,-80,-85,-75,1,0.00704225352112676,0.704225352112676,150,142
Salivary Gland,Weighted SuSiE-mix,-70,-75,-65,3,0.0211267605633803,2.11267605633803,150,142
Salivary Gland,Weighted SuSiE-mix,-60,-65,-55,3,0.0211267605633803,2.11267605633803,150,142
Salivary Gland,Weighted SuSiE-mix,-50,-55,-45,2,0.0140845070422535,1.40845070422535,150,142
Salivary Gland,Weighted SuSiE-mix,-40,-45,-35,6,0.0422535211267606,4.22535211267606,150,142
Salivary Gland,Weighted SuSiE-mix,-30,-35,-25,4,0.028169014084507,2.8169014084507,150,142
Salivary Gland,Weighted SuSiE-mix,-20,-25,-15,12,0.0845070422535211,8.45070422535211,150,142
Salivary Gland,Weighted SuSiE-mix,-10,-15,-5,17,0.119718309859155,11.9718309859155,150,142
Salivary Gland,Weighted SuSiE-mix,0,-5,5,34,0.23943661971831,23.943661971831,150,142
Salivary Gland,Weighted SuSiE-mix,10,5,15,20,0.140845070422535,14.0845070422535,150,142
Salivary Gland,Weighted SuSiE-mix,20,15,25,11,0.0774647887323944,7.74647887323944,150,142
Salivary Gland,Weighted SuSiE-mix,30,25,35,3,0.0211267605633803,2.11267605633803,150,142
Salivary Gland,Weighted SuSiE-mix,40,35,45,2,0.0140845070422535,1.40845070422535,150,142
Salivary Gland,Weighted SuSiE-mix,50,45,55,1,0.00704225352112676,0.704225352112676,150,142
Salivary Gland,Weighted SuSiE-mix,60,55,65,1,0.00704225352112676,0.704225352112676,150,142
Salivary Gland,Weighted SuSiE-mix,70,65,75,1,0.00704225352112676,0.704225352112676,150,142
Salivary Gland,Weighted SuSiE-mix,80,75,85,3,0.0211267605633803,2.11267605633803,150,142
Salivary Gland,Weighted SuSiE-mix,90,85,95,2,0.0140845070422535,1.40845070422535,150,142
Salivary Gland,Weighted SuSiE-mix,100,95,105,1,0.00704225352112676,0.704225352112676,150,142
Salivary Gland,Weighted SuSiE-mix,110,105,115,3,0.0211267605633803,2.11267605633803,150,142
Salivary Gland,Weighted SuSiE-mix,120,115,125,0,0,0,150,142
Salivary Gland,Weighted SuSiE-mix,130,125,135,2,0.0140845070422535,1.40845070422535,150,142
Salivary Gland,Weighted SuSiE-mix,140,135,145,0,0,0,150,142
Salivary Gland,Weighted SuSiE-mix,150,145,155,0,0,0,150,142
Salivary Gland,Weighted SuSiE-mix,160,155,165,0,0,0,150,142
Salivary Gland,Weighted SuSiE-mix,170,165,175,0,0,0,150,142
Salivary Gland,Weighted SuSiE-mix,180,175,185,1,0.00704225352112676,0.704225352112676,150,142
Salivary Gland,Weighted SuSiE-mix,190,185,195,0,0,0,150,142
Salivary Gland,Weighted SuSiE-mix,200,195,205,3,0.0211267605633803,2.11267605633803,150,142
Skin,SuSiE,-200,-205,-195,1,0.00137741046831956,0.137741046831956,775,726
Skin,SuSiE,-190,-195,-185,1,0.00137741046831956,0.137741046831956,775,726
Skin,SuSiE,-180,-185,-175,3,0.00413223140495868,0.413223140495868,775,726
Skin,SuSiE,-170,-175,-165,2,0.00275482093663912,0.275482093663912,775,726
Skin,SuSiE,-160,-165,-155,3,0.00413223140495868,0.413223140495868,775,726
Skin,SuSiE,-150,-155,-145,7,0.00964187327823691,0.964187327823691,775,726
Skin,SuSiE,-140,-145,-135,1,0.00137741046831956,0.137741046831956,775,726
Skin,SuSiE,-130,-135,-125,5,0.0068870523415978,0.68870523415978,775,726
Skin,SuSiE,-120,-125,-115,3,0.00413223140495868,0.413223140495868,775,726
Skin,SuSiE,-110,-115,-105,8,0.0110192837465565,1.10192837465565,775,726
Skin,SuSiE,-100,-105,-95,6,0.00826446280991736,0.826446280991736,775,726
Skin,SuSiE,-90,-95,-85,6,0.00826446280991736,0.826446280991736,775,726
Skin,SuSiE,-80,-85,-75,9,0.012396694214876,1.2396694214876,775,726
Skin,SuSiE,-70,-75,-65,13,0.0179063360881543,1.79063360881543,775,726
Skin,SuSiE,-60,-65,-55,19,0.0261707988980716,2.61707988980716,775,726
Skin,SuSiE,-50,-55,-45,14,0.0192837465564738,1.92837465564738,775,726
Skin,SuSiE,-40,-45,-35,23,0.0316804407713499,3.16804407713499,775,726
Skin,SuSiE,-30,-35,-25,32,0.0440771349862259,4.40771349862259,775,726
Skin,SuSiE,-20,-25,-15,50,0.068870523415978,6.8870523415978,775,726
Skin,SuSiE,-10,-15,-5,67,0.0922865013774105,9.22865013774105,775,726
Skin,SuSiE,0,-5,5,165,0.227272727272727,22.7272727272727,775,726
Skin,SuSiE,10,5,15,85,0.117079889807163,11.7079889807163,775,726
Skin,SuSiE,20,15,25,52,0.0716253443526171,7.16253443526171,775,726
Skin,SuSiE,30,25,35,34,0.046831955922865,4.6831955922865,775,726
Skin,SuSiE,40,35,45,20,0.0275482093663912,2.75482093663912,775,726
Skin,SuSiE,50,45,55,19,0.0261707988980716,2.61707988980716,775,726
Skin,SuSiE,60,55,65,12,0.0165289256198347,1.65289256198347,775,726
Skin,SuSiE,70,65,75,6,0.00826446280991736,0.826446280991736,775,726
Skin,SuSiE,80,75,85,12,0.0165289256198347,1.65289256198347,775,726
Skin,SuSiE,90,85,95,12,0.0165289256198347,1.65289256198347,775,726
Skin,SuSiE,100,95,105,5,0.0068870523415978,0.68870523415978,775,726
Skin,SuSiE,110,105,115,5,0.0068870523415978,0.68870523415978,775,726
Skin,SuSiE,120,115,125,1,0.00137741046831956,0.137741046831956,775,726
Skin,SuSiE,130,125,135,6,0.00826446280991736,0.826446280991736,775,726
Skin,SuSiE,140,135,145,0,0,0,775,726
Skin,SuSiE,150,145,155,5,0.0068870523415978,0.68870523415978,775,726
Skin,SuSiE,160,155,165,5,0.0068870523415978,0.68870523415978,775,726
Skin,SuSiE,170,165,175,1,0.00137741046831956,0.137741046831956,775,726
Skin,SuSiE,180,175,185,3,0.00413223140495868,0.413223140495868,775,726
Skin,SuSiE,190,185,195,2,0.00275482093663912,0.275482093663912,775,726
Skin,SuSiE,200,195,205,3,0.00413223140495868,0.413223140495868,775,726
Skin,Weighted SuSiE-mix,-200,-205,-195,1,0.00138888888888889,0.138888888888889,769,720
Skin,Weighted SuSiE-mix,-190,-195,-185,2,0.00277777777777778,0.277777777777778,769,720
Skin,Weighted SuSiE-mix,-180,-185,-175,2,0.00277777777777778,0.277777777777778,769,720
Skin,Weighted SuSiE-mix,-170,-175,-165,1,0.00138888888888889,0.138888888888889,769,720
Skin,Weighted SuSiE-mix,-160,-165,-155,3,0.00416666666666667,0.416666666666667,769,720
Skin,Weighted SuSiE-mix,-150,-155,-145,7,0.00972222222222222,0.972222222222222,769,720
Skin,Weighted SuSiE-mix,-140,-145,-135,1,0.00138888888888889,0.138888888888889,769,720
Skin,Weighted SuSiE-mix,-130,-135,-125,5,0.00694444444444444,0.694444444444445,769,720
Skin,Weighted SuSiE-mix,-120,-125,-115,3,0.00416666666666667,0.416666666666667,769,720
Skin,Weighted SuSiE-mix,-110,-115,-105,8,0.0111111111111111,1.11111111111111,769,720
Skin,Weighted SuSiE-mix,-100,-105,-95,5,0.00694444444444444,0.694444444444445,769,720
Skin,Weighted SuSiE-mix,-90,-95,-85,6,0.00833333333333333,0.833333333333333,769,720
Skin,Weighted SuSiE-mix,-80,-85,-75,10,0.0138888888888889,1.38888888888889,769,720
Skin,Weighted SuSiE-mix,-70,-75,-65,13,0.0180555555555556,1.80555555555556,769,720
Skin,Weighted SuSiE-mix,-60,-65,-55,18,0.025,2.5,769,720
Skin,Weighted SuSiE-mix,-50,-55,-45,14,0.0194444444444444,1.94444444444444,769,720
Skin,Weighted SuSiE-mix,-40,-45,-35,22,0.0305555555555556,3.05555555555556,769,720
Skin,Weighted SuSiE-mix,-30,-35,-25,31,0.0430555555555556,4.30555555555556,769,720
Skin,Weighted SuSiE-mix,-20,-25,-15,48,0.0666666666666667,6.66666666666667,769,720
Skin,Weighted SuSiE-mix,-10,-15,-5,67,0.0930555555555556,9.30555555555556,769,720
Skin,Weighted SuSiE-mix,0,-5,5,165,0.229166666666667,22.9166666666667,769,720
Skin,Weighted SuSiE-mix,10,5,15,88,0.122222222222222,12.2222222222222,769,720
Skin,Weighted SuSiE-mix,20,15,25,51,0.0708333333333333,7.08333333333333,769,720
Skin,Weighted SuSiE-mix,30,25,35,32,0.0444444444444444,4.44444444444444,769,720
Skin,Weighted SuSiE-mix,40,35,45,20,0.0277777777777778,2.77777777777778,769,720
Skin,Weighted SuSiE-mix,50,45,55,19,0.0263888888888889,2.63888888888889,769,720
Skin,Weighted SuSiE-mix,60,55,65,12,0.0166666666666667,1.66666666666667,769,720
Skin,Weighted SuSiE-mix,70,65,75,6,0.00833333333333333,0.833333333333333,769,720
Skin,Weighted SuSiE-mix,80,75,85,11,0.0152777777777778,1.52777777777778,769,720
Skin,Weighted SuSiE-mix,90,85,95,12,0.0166666666666667,1.66666666666667,769,720
Skin,Weighted SuSiE-mix,100,95,105,5,0.00694444444444444,0.694444444444445,769,720
Skin,Weighted SuSiE-mix,110,105,115,6,0.00833333333333333,0.833333333333333,769,720
Skin,Weighted SuSiE-mix,120,115,125,1,0.00138888888888889,0.138888888888889,769,720
Skin,Weighted SuSiE-mix,130,125,135,6,0.00833333333333333,0.833333333333333,769,720
Skin,Weighted SuSiE-mix,140,135,145,0,0,0,769,720
Skin,Weighted SuSiE-mix,150,145,155,5,0.00694444444444444,0.694444444444445,769,720
Skin,Weighted SuSiE-mix,160,155,165,5,0.00694444444444444,0.694444444444445,769,720
Skin,Weighted SuSiE-mix,170,165,175,1,0.00138888888888889,0.138888888888889,769,720
Skin,Weighted SuSiE-mix,180,175,185,3,0.00416666666666667,0.416666666666667,769,720
Skin,Weighted SuSiE-mix,190,185,195,2,0.00277777777777778,0.277777777777778,769,720
Skin,Weighted SuSiE-mix,200,195,205,3,0.00416666666666667,0.416666666666667,769,720
Small Intestine,SuSiE,-200,-205,-195,0,0,0,121,114
Small Intestine,SuSiE,-190,-195,-185,1,0.0087719298245614,0.87719298245614,121,114
Small Intestine,SuSiE,-180,-185,-175,1,0.0087719298245614,0.87719298245614,121,114
Small Intestine,SuSiE,-170,-175,-165,0,0,0,121,114
Small Intestine,SuSiE,-160,-165,-155,0,0,0,121,114
Small Intestine,SuSiE,-150,-155,-145,0,0,0,121,114
Small Intestine,SuSiE,-140,-145,-135,0,0,0,121,114
Small Intestine,SuSiE,-130,-135,-125,0,0,0,121,114
Small Intestine,SuSiE,-120,-125,-115,0,0,0,121,114
Small Intestine,SuSiE,-110,-115,-105,2,0.0175438596491228,1.75438596491228,121,114
Small Intestine,SuSiE,-100,-105,-95,1,0.0087719298245614,0.87719298245614,121,114
Small Intestine,SuSiE,-90,-95,-85,2,0.0175438596491228,1.75438596491228,121,114
Small Intestine,SuSiE,-80,-85,-75,0,0,0,121,114
Small Intestine,SuSiE,-70,-75,-65,0,0,0,121,114
Small Intestine,SuSiE,-60,-65,-55,1,0.0087719298245614,0.87719298245614,121,114
Small Intestine,SuSiE,-50,-55,-45,1,0.0087719298245614,0.87719298245614,121,114
Small Intestine,SuSiE,-40,-45,-35,3,0.0263157894736842,2.63157894736842,121,114
Small Intestine,SuSiE,-30,-35,-25,6,0.0526315789473684,5.26315789473684,121,114
Small Intestine,SuSiE,-20,-25,-15,15,0.131578947368421,13.1578947368421,121,114
Small Intestine,SuSiE,-10,-15,-5,12,0.105263157894737,10.5263157894737,121,114
Small Intestine,SuSiE,0,-5,5,33,0.289473684210526,28.9473684210526,121,114
Small Intestine,SuSiE,10,5,15,7,0.0614035087719298,6.14035087719298,121,114
Small Intestine,SuSiE,20,15,25,7,0.0614035087719298,6.14035087719298,121,114
Small Intestine,SuSiE,30,25,35,3,0.0263157894736842,2.63157894736842,121,114
Small Intestine,SuSiE,40,35,45,5,0.043859649122807,4.3859649122807,121,114
Small Intestine,SuSiE,50,45,55,1,0.0087719298245614,0.87719298245614,121,114
Small Intestine,SuSiE,60,55,65,2,0.0175438596491228,1.75438596491228,121,114
Small Intestine,SuSiE,70,65,75,3,0.0263157894736842,2.63157894736842,121,114
Small Intestine,SuSiE,80,75,85,2,0.0175438596491228,1.75438596491228,121,114
Small Intestine,SuSiE,90,85,95,2,0.0175438596491228,1.75438596491228,121,114
Small Intestine,SuSiE,100,95,105,0,0,0,121,114
Small Intestine,SuSiE,110,105,115,0,0,0,121,114
Small Intestine,SuSiE,120,115,125,0,0,0,121,114
Small Intestine,SuSiE,130,125,135,1,0.0087719298245614,0.87719298245614,121,114
Small Intestine,SuSiE,140,135,145,0,0,0,121,114
Small Intestine,SuSiE,150,145,155,2,0.0175438596491228,1.75438596491228,121,114
Small Intestine,SuSiE,160,155,165,1,0.0087719298245614,0.87719298245614,121,114
Small Intestine,SuSiE,170,165,175,0,0,0,121,114
Small Intestine,SuSiE,180,175,185,0,0,0,121,114
Small Intestine,SuSiE,190,185,195,0,0,0,121,114
Small Intestine,SuSiE,200,195,205,0,0,0,121,114
Small Intestine,Weighted SuSiE-mix,-200,-205,-195,0,0,0,121,114
Small Intestine,Weighted SuSiE-mix,-190,-195,-185,0,0,0,121,114
Small Intestine,Weighted SuSiE-mix,-180,-185,-175,1,0.0087719298245614,0.87719298245614,121,114
Small Intestine,Weighted SuSiE-mix,-170,-175,-165,0,0,0,121,114
Small Intestine,Weighted SuSiE-mix,-160,-165,-155,0,0,0,121,114
Small Intestine,Weighted SuSiE-mix,-150,-155,-145,0,0,0,121,114
Small Intestine,Weighted SuSiE-mix,-140,-145,-135,0,0,0,121,114
Small Intestine,Weighted SuSiE-mix,-130,-135,-125,1,0.0087719298245614,0.87719298245614,121,114
Small Intestine,Weighted SuSiE-mix,-120,-125,-115,0,0,0,121,114
Small Intestine,Weighted SuSiE-mix,-110,-115,-105,3,0.0263157894736842,2.63157894736842,121,114
Small Intestine,Weighted SuSiE-mix,-100,-105,-95,0,0,0,121,114
Small Intestine,Weighted SuSiE-mix,-90,-95,-85,2,0.0175438596491228,1.75438596491228,121,114
Small Intestine,Weighted SuSiE-mix,-80,-85,-75,0,0,0,121,114
Small Intestine,Weighted SuSiE-mix,-70,-75,-65,0,0,0,121,114
Small Intestine,Weighted SuSiE-mix,-60,-65,-55,1,0.0087719298245614,0.87719298245614,121,114
Small Intestine,Weighted SuSiE-mix,-50,-55,-45,1,0.0087719298245614,0.87719298245614,121,114
Small Intestine,Weighted SuSiE-mix,-40,-45,-35,3,0.0263157894736842,2.63157894736842,121,114
Small Intestine,Weighted SuSiE-mix,-30,-35,-25,6,0.0526315789473684,5.26315789473684,121,114
Small Intestine,Weighted SuSiE-mix,-20,-25,-15,15,0.131578947368421,13.1578947368421,121,114
Small Intestine,Weighted SuSiE-mix,-10,-15,-5,12,0.105263157894737,10.5263157894737,121,114
Small Intestine,Weighted SuSiE-mix,0,-5,5,33,0.289473684210526,28.9473684210526,121,114
Small Intestine,Weighted SuSiE-mix,10,5,15,7,0.0614035087719298,6.14035087719298,121,114
Small Intestine,Weighted SuSiE-mix,20,15,25,7,0.0614035087719298,6.14035087719298,121,114
Small Intestine,Weighted SuSiE-mix,30,25,35,3,0.0263157894736842,2.63157894736842,121,114
Small Intestine,Weighted SuSiE-mix,40,35,45,5,0.043859649122807,4.3859649122807,121,114
Small Intestine,Weighted SuSiE-mix,50,45,55,1,0.0087719298245614,0.87719298245614,121,114
Small Intestine,Weighted SuSiE-mix,60,55,65,2,0.0175438596491228,1.75438596491228,121,114
Small Intestine,Weighted SuSiE-mix,70,65,75,3,0.0263157894736842,2.63157894736842,121,114
Small Intestine,Weighted SuSiE-mix,80,75,85,2,0.0175438596491228,1.75438596491228,121,114
Small Intestine,Weighted SuSiE-mix,90,85,95,2,0.0175438596491228,1.75438596491228,121,114
Small Intestine,Weighted SuSiE-mix,100,95,105,0,0,0,121,114
Small Intestine,Weighted SuSiE-mix,110,105,115,0,0,0,121,114
Small Intestine,Weighted SuSiE-mix,120,115,125,0,0,0,121,114
Small Intestine,Weighted SuSiE-mix,130,125,135,1,0.0087719298245614,0.87719298245614,121,114
Small Intestine,Weighted SuSiE-mix,140,135,145,0,0,0,121,114
Small Intestine,Weighted SuSiE-mix,150,145,155,2,0.0175438596491228,1.75438596491228,121,114
Small Intestine,Weighted SuSiE-mix,160,155,165,1,0.0087719298245614,0.87719298245614,121,114
Small Intestine,Weighted SuSiE-mix,170,165,175,0,0,0,121,114
Small Intestine,Weighted SuSiE-mix,180,175,185,0,0,0,121,114
Small Intestine,Weighted SuSiE-mix,190,185,195,0,0,0,121,114
Small Intestine,Weighted SuSiE-mix,200,195,205,0,0,0,121,114
Spleen,SuSiE,-200,-205,-195,2,0.00455580865603645,0.455580865603645,457,439
Spleen,SuSiE,-190,-195,-185,0,0,0,457,439
Spleen,SuSiE,-180,-185,-175,3,0.00683371298405467,0.683371298405467,457,439
Spleen,SuSiE,-170,-175,-165,0,0,0,457,439
Spleen,SuSiE,-160,-165,-155,1,0.00227790432801822,0.227790432801822,457,439
Spleen,SuSiE,-150,-155,-145,0,0,0,457,439
Spleen,SuSiE,-140,-145,-135,4,0.00911161731207289,0.911161731207289,457,439
Spleen,SuSiE,-130,-135,-125,1,0.00227790432801822,0.227790432801822,457,439
Spleen,SuSiE,-120,-125,-115,2,0.00455580865603645,0.455580865603645,457,439
Spleen,SuSiE,-110,-115,-105,4,0.00911161731207289,0.911161731207289,457,439
Spleen,SuSiE,-100,-105,-95,4,0.00911161731207289,0.911161731207289,457,439
Spleen,SuSiE,-90,-95,-85,5,0.0113895216400911,1.13895216400911,457,439
Spleen,SuSiE,-80,-85,-75,4,0.00911161731207289,0.911161731207289,457,439
Spleen,SuSiE,-70,-75,-65,7,0.0159453302961276,1.59453302961276,457,439
Spleen,SuSiE,-60,-65,-55,8,0.0182232346241458,1.82232346241458,457,439
Spleen,SuSiE,-50,-55,-45,15,0.0341685649202734,3.41685649202734,457,439
Spleen,SuSiE,-40,-45,-35,18,0.041002277904328,4.1002277904328,457,439
Spleen,SuSiE,-30,-35,-25,19,0.0432801822323462,4.32801822323462,457,439
Spleen,SuSiE,-20,-25,-15,26,0.0592255125284738,5.92255125284738,457,439
Spleen,SuSiE,-10,-15,-5,47,0.107061503416857,10.7061503416857,457,439
Spleen,SuSiE,0,-5,5,118,0.26879271070615,26.879271070615,457,439
Spleen,SuSiE,10,5,15,35,0.0797266514806378,7.97266514806378,457,439
Spleen,SuSiE,20,15,25,30,0.0683371298405467,6.83371298405467,457,439
Spleen,SuSiE,30,25,35,20,0.0455580865603645,4.55580865603645,457,439
Spleen,SuSiE,40,35,45,17,0.0387243735763098,3.87243735763098,457,439
Spleen,SuSiE,50,45,55,8,0.0182232346241458,1.82232346241458,457,439
Spleen,SuSiE,60,55,65,3,0.00683371298405467,0.683371298405467,457,439
Spleen,SuSiE,70,65,75,4,0.00911161731207289,0.911161731207289,457,439
Spleen,SuSiE,80,75,85,7,0.0159453302961276,1.59453302961276,457,439
Spleen,SuSiE,90,85,95,5,0.0113895216400911,1.13895216400911,457,439
Spleen,SuSiE,100,95,105,4,0.00911161731207289,0.911161731207289,457,439
Spleen,SuSiE,110,105,115,3,0.00683371298405467,0.683371298405467,457,439
Spleen,SuSiE,120,115,125,3,0.00683371298405467,0.683371298405467,457,439
Spleen,SuSiE,130,125,135,4,0.00911161731207289,0.911161731207289,457,439
Spleen,SuSiE,140,135,145,1,0.00227790432801822,0.227790432801822,457,439
Spleen,SuSiE,150,145,155,2,0.00455580865603645,0.455580865603645,457,439
Spleen,SuSiE,160,155,165,2,0.00455580865603645,0.455580865603645,457,439
Spleen,SuSiE,170,165,175,0,0,0,457,439
Spleen,SuSiE,180,175,185,1,0.00227790432801822,0.227790432801822,457,439
Spleen,SuSiE,190,185,195,1,0.00227790432801822,0.227790432801822,457,439
Spleen,SuSiE,200,195,205,1,0.00227790432801822,0.227790432801822,457,439
Spleen,Weighted SuSiE-mix,-200,-205,-195,2,0.00455580865603645,0.455580865603645,457,439
Spleen,Weighted SuSiE-mix,-190,-195,-185,0,0,0,457,439
Spleen,Weighted SuSiE-mix,-180,-185,-175,3,0.00683371298405467,0.683371298405467,457,439
Spleen,Weighted SuSiE-mix,-170,-175,-165,0,0,0,457,439
Spleen,Weighted SuSiE-mix,-160,-165,-155,1,0.00227790432801822,0.227790432801822,457,439
Spleen,Weighted SuSiE-mix,-150,-155,-145,0,0,0,457,439
Spleen,Weighted SuSiE-mix,-140,-145,-135,4,0.00911161731207289,0.911161731207289,457,439
Spleen,Weighted SuSiE-mix,-130,-135,-125,1,0.00227790432801822,0.227790432801822,457,439
Spleen,Weighted SuSiE-mix,-120,-125,-115,2,0.00455580865603645,0.455580865603645,457,439
Spleen,Weighted SuSiE-mix,-110,-115,-105,4,0.00911161731207289,0.911161731207289,457,439
Spleen,Weighted SuSiE-mix,-100,-105,-95,4,0.00911161731207289,0.911161731207289,457,439
Spleen,Weighted SuSiE-mix,-90,-95,-85,5,0.0113895216400911,1.13895216400911,457,439
Spleen,Weighted SuSiE-mix,-80,-85,-75,3,0.00683371298405467,0.683371298405467,457,439
Spleen,Weighted SuSiE-mix,-70,-75,-65,8,0.0182232346241458,1.82232346241458,457,439
Spleen,Weighted SuSiE-mix,-60,-65,-55,8,0.0182232346241458,1.82232346241458,457,439
Spleen,Weighted SuSiE-mix,-50,-55,-45,15,0.0341685649202734,3.41685649202734,457,439
Spleen,Weighted SuSiE-mix,-40,-45,-35,18,0.041002277904328,4.1002277904328,457,439
Spleen,Weighted SuSiE-mix,-30,-35,-25,18,0.041002277904328,4.1002277904328,457,439
Spleen,Weighted SuSiE-mix,-20,-25,-15,25,0.0569476082004556,5.69476082004556,457,439
Spleen,Weighted SuSiE-mix,-10,-15,-5,47,0.107061503416857,10.7061503416857,457,439
Spleen,Weighted SuSiE-mix,0,-5,5,120,0.273348519362187,27.3348519362187,457,439
Spleen,Weighted SuSiE-mix,10,5,15,36,0.082004555808656,8.2004555808656,457,439
Spleen,Weighted SuSiE-mix,20,15,25,32,0.0728929384965831,7.28929384965831,457,439
Spleen,Weighted SuSiE-mix,30,25,35,20,0.0455580865603645,4.55580865603645,457,439
Spleen,Weighted SuSiE-mix,40,35,45,15,0.0341685649202734,3.41685649202734,457,439
Spleen,Weighted SuSiE-mix,50,45,55,7,0.0159453302961276,1.59453302961276,457,439
Spleen,Weighted SuSiE-mix,60,55,65,4,0.00911161731207289,0.911161731207289,457,439
Spleen,Weighted SuSiE-mix,70,65,75,4,0.00911161731207289,0.911161731207289,457,439
Spleen,Weighted SuSiE-mix,80,75,85,7,0.0159453302961276,1.59453302961276,457,439
Spleen,Weighted SuSiE-mix,90,85,95,5,0.0113895216400911,1.13895216400911,457,439
Spleen,Weighted SuSiE-mix,100,95,105,3,0.00683371298405467,0.683371298405467,457,439
Spleen,Weighted SuSiE-mix,110,105,115,3,0.00683371298405467,0.683371298405467,457,439
Spleen,Weighted SuSiE-mix,120,115,125,2,0.00455580865603645,0.455580865603645,457,439
Spleen,Weighted SuSiE-mix,130,125,135,4,0.00911161731207289,0.911161731207289,457,439
Spleen,Weighted SuSiE-mix,140,135,145,1,0.00227790432801822,0.227790432801822,457,439
Spleen,Weighted SuSiE-mix,150,145,155,2,0.00455580865603645,0.455580865603645,457,439
Spleen,Weighted SuSiE-mix,160,155,165,3,0.00683371298405467,0.683371298405467,457,439
Spleen,Weighted SuSiE-mix,170,165,175,0,0,0,457,439
Spleen,Weighted SuSiE-mix,180,175,185,1,0.00227790432801822,0.227790432801822,457,439
Spleen,Weighted SuSiE-mix,190,185,195,1,0.00227790432801822,0.227790432801822,457,439
Spleen,Weighted SuSiE-mix,200,195,205,1,0.00227790432801822,0.227790432801822,457,439
Stomach,SuSiE,-200,-205,-195,1,0.0050761421319797,0.50761421319797,202,197
Stomach,SuSiE,-190,-195,-185,0,0,0,202,197
Stomach,SuSiE,-180,-185,-175,3,0.0152284263959391,1.52284263959391,202,197
Stomach,SuSiE,-170,-175,-165,1,0.0050761421319797,0.50761421319797,202,197
Stomach,SuSiE,-160,-165,-155,0,0,0,202,197
Stomach,SuSiE,-150,-155,-145,0,0,0,202,197
Stomach,SuSiE,-140,-145,-135,1,0.0050761421319797,0.50761421319797,202,197
Stomach,SuSiE,-130,-135,-125,1,0.0050761421319797,0.50761421319797,202,197
Stomach,SuSiE,-120,-125,-115,2,0.0101522842639594,1.01522842639594,202,197
Stomach,SuSiE,-110,-115,-105,1,0.0050761421319797,0.50761421319797,202,197
Stomach,SuSiE,-100,-105,-95,2,0.0101522842639594,1.01522842639594,202,197
Stomach,SuSiE,-90,-95,-85,2,0.0101522842639594,1.01522842639594,202,197
Stomach,SuSiE,-80,-85,-75,2,0.0101522842639594,1.01522842639594,202,197
Stomach,SuSiE,-70,-75,-65,3,0.0152284263959391,1.52284263959391,202,197
Stomach,SuSiE,-60,-65,-55,7,0.0355329949238579,3.55329949238579,202,197
Stomach,SuSiE,-50,-55,-45,5,0.0253807106598985,2.53807106598985,202,197
Stomach,SuSiE,-40,-45,-35,10,0.050761421319797,5.0761421319797,202,197
Stomach,SuSiE,-30,-35,-25,8,0.0406091370558376,4.06091370558376,202,197
Stomach,SuSiE,-20,-25,-15,18,0.0913705583756345,9.13705583756345,202,197
Stomach,SuSiE,-10,-15,-5,20,0.101522842639594,10.1522842639594,202,197
Stomach,SuSiE,0,-5,5,50,0.253807106598985,25.3807106598985,202,197
Stomach,SuSiE,10,5,15,15,0.0761421319796954,7.61421319796954,202,197
Stomach,SuSiE,20,15,25,15,0.0761421319796954,7.61421319796954,202,197
Stomach,SuSiE,30,25,35,5,0.0253807106598985,2.53807106598985,202,197
Stomach,SuSiE,40,35,45,4,0.0203045685279188,2.03045685279188,202,197
Stomach,SuSiE,50,45,55,2,0.0101522842639594,1.01522842639594,202,197
Stomach,SuSiE,60,55,65,2,0.0101522842639594,1.01522842639594,202,197
Stomach,SuSiE,70,65,75,1,0.0050761421319797,0.50761421319797,202,197
Stomach,SuSiE,80,75,85,2,0.0101522842639594,1.01522842639594,202,197
Stomach,SuSiE,90,85,95,1,0.0050761421319797,0.50761421319797,202,197
Stomach,SuSiE,100,95,105,1,0.0050761421319797,0.50761421319797,202,197
Stomach,SuSiE,110,105,115,2,0.0101522842639594,1.01522842639594,202,197
Stomach,SuSiE,120,115,125,0,0,0,202,197
Stomach,SuSiE,130,125,135,2,0.0101522842639594,1.01522842639594,202,197
Stomach,SuSiE,140,135,145,0,0,0,202,197
Stomach,SuSiE,150,145,155,3,0.0152284263959391,1.52284263959391,202,197
Stomach,SuSiE,160,155,165,0,0,0,202,197
Stomach,SuSiE,170,165,175,1,0.0050761421319797,0.50761421319797,202,197
Stomach,SuSiE,180,175,185,3,0.0152284263959391,1.52284263959391,202,197
Stomach,SuSiE,190,185,195,0,0,0,202,197
Stomach,SuSiE,200,195,205,1,0.0050761421319797,0.50761421319797,202,197
Stomach,Weighted SuSiE-mix,-200,-205,-195,1,0.0050761421319797,0.50761421319797,202,197
Stomach,Weighted SuSiE-mix,-190,-195,-185,0,0,0,202,197
Stomach,Weighted SuSiE-mix,-180,-185,-175,2,0.0101522842639594,1.01522842639594,202,197
Stomach,Weighted SuSiE-mix,-170,-175,-165,1,0.0050761421319797,0.50761421319797,202,197
Stomach,Weighted SuSiE-mix,-160,-165,-155,0,0,0,202,197
Stomach,Weighted SuSiE-mix,-150,-155,-145,0,0,0,202,197
Stomach,Weighted SuSiE-mix,-140,-145,-135,1,0.0050761421319797,0.50761421319797,202,197
Stomach,Weighted SuSiE-mix,-130,-135,-125,1,0.0050761421319797,0.50761421319797,202,197
Stomach,Weighted SuSiE-mix,-120,-125,-115,1,0.0050761421319797,0.50761421319797,202,197
Stomach,Weighted SuSiE-mix,-110,-115,-105,2,0.0101522842639594,1.01522842639594,202,197
Stomach,Weighted SuSiE-mix,-100,-105,-95,2,0.0101522842639594,1.01522842639594,202,197
Stomach,Weighted SuSiE-mix,-90,-95,-85,2,0.0101522842639594,1.01522842639594,202,197
Stomach,Weighted SuSiE-mix,-80,-85,-75,2,0.0101522842639594,1.01522842639594,202,197
Stomach,Weighted SuSiE-mix,-70,-75,-65,4,0.0203045685279188,2.03045685279188,202,197
Stomach,Weighted SuSiE-mix,-60,-65,-55,7,0.0355329949238579,3.55329949238579,202,197
Stomach,Weighted SuSiE-mix,-50,-55,-45,5,0.0253807106598985,2.53807106598985,202,197
Stomach,Weighted SuSiE-mix,-40,-45,-35,10,0.050761421319797,5.0761421319797,202,197
Stomach,Weighted SuSiE-mix,-30,-35,-25,8,0.0406091370558376,4.06091370558376,202,197
Stomach,Weighted SuSiE-mix,-20,-25,-15,18,0.0913705583756345,9.13705583756345,202,197
Stomach,Weighted SuSiE-mix,-10,-15,-5,20,0.101522842639594,10.1522842639594,202,197
Stomach,Weighted SuSiE-mix,0,-5,5,50,0.253807106598985,25.3807106598985,202,197
Stomach,Weighted SuSiE-mix,10,5,15,15,0.0761421319796954,7.61421319796954,202,197
Stomach,Weighted SuSiE-mix,20,15,25,15,0.0761421319796954,7.61421319796954,202,197
Stomach,Weighted SuSiE-mix,30,25,35,5,0.0253807106598985,2.53807106598985,202,197
Stomach,Weighted SuSiE-mix,40,35,45,4,0.0203045685279188,2.03045685279188,202,197
Stomach,Weighted SuSiE-mix,50,45,55,2,0.0101522842639594,1.01522842639594,202,197
Stomach,Weighted SuSiE-mix,60,55,65,2,0.0101522842639594,1.01522842639594,202,197
Stomach,Weighted SuSiE-mix,70,65,75,1,0.0050761421319797,0.50761421319797,202,197
Stomach,Weighted SuSiE-mix,80,75,85,2,0.0101522842639594,1.01522842639594,202,197
Stomach,Weighted SuSiE-mix,90,85,95,1,0.0050761421319797,0.50761421319797,202,197
Stomach,Weighted SuSiE-mix,100,95,105,1,0.0050761421319797,0.50761421319797,202,197
Stomach,Weighted SuSiE-mix,110,105,115,2,0.0101522842639594,1.01522842639594,202,197
Stomach,Weighted SuSiE-mix,120,115,125,0,0,0,202,197
Stomach,Weighted SuSiE-mix,130,125,135,2,0.0101522842639594,1.01522842639594,202,197
Stomach,Weighted SuSiE-mix,140,135,145,0,0,0,202,197
Stomach,Weighted SuSiE-mix,150,145,155,3,0.0152284263959391,1.52284263959391,202,197
Stomach,Weighted SuSiE-mix,160,155,165,0,0,0,202,197
Stomach,Weighted SuSiE-mix,170,165,175,1,0.0050761421319797,0.50761421319797,202,197
Stomach,Weighted SuSiE-mix,180,175,185,3,0.0152284263959391,1.52284263959391,202,197
Stomach,Weighted SuSiE-mix,190,185,195,0,0,0,202,197
Stomach,Weighted SuSiE-mix,200,195,205,1,0.0050761421319797,0.50761421319797,202,197
Testis,SuSiE,-200,-205,-195,1,0.00131578947368421,0.131578947368421,808,760
Testis,SuSiE,-190,-195,-185,0,0,0,808,760
Testis,SuSiE,-180,-185,-175,2,0.00263157894736842,0.263157894736842,808,760
Testis,SuSiE,-170,-175,-165,2,0.00263157894736842,0.263157894736842,808,760
Testis,SuSiE,-160,-165,-155,2,0.00263157894736842,0.263157894736842,808,760
Testis,SuSiE,-150,-155,-145,0,0,0,808,760
Testis,SuSiE,-140,-145,-135,4,0.00526315789473684,0.526315789473684,808,760
Testis,SuSiE,-130,-135,-125,2,0.00263157894736842,0.263157894736842,808,760
Testis,SuSiE,-120,-125,-115,3,0.00394736842105263,0.394736842105263,808,760
Testis,SuSiE,-110,-115,-105,6,0.00789473684210526,0.789473684210526,808,760
Testis,SuSiE,-100,-105,-95,8,0.0105263157894737,1.05263157894737,808,760
Testis,SuSiE,-90,-95,-85,5,0.00657894736842105,0.657894736842105,808,760
Testis,SuSiE,-80,-85,-75,6,0.00789473684210526,0.789473684210526,808,760
Testis,SuSiE,-70,-75,-65,13,0.0171052631578947,1.71052631578947,808,760
Testis,SuSiE,-60,-65,-55,14,0.0184210526315789,1.84210526315789,808,760
Testis,SuSiE,-50,-55,-45,15,0.0197368421052632,1.97368421052632,808,760
Testis,SuSiE,-40,-45,-35,30,0.0394736842105263,3.94736842105263,808,760
Testis,SuSiE,-30,-35,-25,42,0.0552631578947368,5.52631578947368,808,760
Testis,SuSiE,-20,-25,-15,49,0.0644736842105263,6.44736842105263,808,760
Testis,SuSiE,-10,-15,-5,86,0.113157894736842,11.3157894736842,808,760
Testis,SuSiE,0,-5,5,194,0.255263157894737,25.5263157894737,808,760
Testis,SuSiE,10,5,15,75,0.0986842105263158,9.86842105263158,808,760
Testis,SuSiE,20,15,25,52,0.068421052631579,6.8421052631579,808,760
Testis,SuSiE,30,25,35,40,0.0526315789473684,5.26315789473684,808,760
Testis,SuSiE,40,35,45,24,0.0315789473684211,3.15789473684211,808,760
Testis,SuSiE,50,45,55,14,0.0184210526315789,1.84210526315789,808,760
Testis,SuSiE,60,55,65,6,0.00789473684210526,0.789473684210526,808,760
Testis,SuSiE,70,65,75,13,0.0171052631578947,1.71052631578947,808,760
Testis,SuSiE,80,75,85,8,0.0105263157894737,1.05263157894737,808,760
Testis,SuSiE,90,85,95,5,0.00657894736842105,0.657894736842105,808,760
Testis,SuSiE,100,95,105,8,0.0105263157894737,1.05263157894737,808,760
Testis,SuSiE,110,105,115,5,0.00657894736842105,0.657894736842105,808,760
Testis,SuSiE,120,115,125,7,0.00921052631578947,0.921052631578947,808,760
Testis,SuSiE,130,125,135,2,0.00263157894736842,0.263157894736842,808,760
Testis,SuSiE,140,135,145,3,0.00394736842105263,0.394736842105263,808,760
Testis,SuSiE,150,145,155,4,0.00526315789473684,0.526315789473684,808,760
Testis,SuSiE,160,155,165,1,0.00131578947368421,0.131578947368421,808,760
Testis,SuSiE,170,165,175,1,0.00131578947368421,0.131578947368421,808,760
Testis,SuSiE,180,175,185,1,0.00131578947368421,0.131578947368421,808,760
Testis,SuSiE,190,185,195,4,0.00526315789473684,0.526315789473684,808,760
Testis,SuSiE,200,195,205,3,0.00394736842105263,0.394736842105263,808,760
Testis,Weighted SuSiE-mix,-200,-205,-195,1,0.00132275132275132,0.132275132275132,804,756
Testis,Weighted SuSiE-mix,-190,-195,-185,0,0,0,804,756
Testis,Weighted SuSiE-mix,-180,-185,-175,2,0.00264550264550265,0.264550264550265,804,756
Testis,Weighted SuSiE-mix,-170,-175,-165,2,0.00264550264550265,0.264550264550265,804,756
Testis,Weighted SuSiE-mix,-160,-165,-155,2,0.00264550264550265,0.264550264550265,804,756
Testis,Weighted SuSiE-mix,-150,-155,-145,1,0.00132275132275132,0.132275132275132,804,756
Testis,Weighted SuSiE-mix,-140,-145,-135,3,0.00396825396825397,0.396825396825397,804,756
Testis,Weighted SuSiE-mix,-130,-135,-125,2,0.00264550264550265,0.264550264550265,804,756
Testis,Weighted SuSiE-mix,-120,-125,-115,3,0.00396825396825397,0.396825396825397,804,756
Testis,Weighted SuSiE-mix,-110,-115,-105,5,0.00661375661375661,0.661375661375661,804,756
Testis,Weighted SuSiE-mix,-100,-105,-95,8,0.0105820105820106,1.05820105820106,804,756
Testis,Weighted SuSiE-mix,-90,-95,-85,5,0.00661375661375661,0.661375661375661,804,756
Testis,Weighted SuSiE-mix,-80,-85,-75,6,0.00793650793650794,0.793650793650794,804,756
Testis,Weighted SuSiE-mix,-70,-75,-65,12,0.0158730158730159,1.58730158730159,804,756
Testis,Weighted SuSiE-mix,-60,-65,-55,14,0.0185185185185185,1.85185185185185,804,756
Testis,Weighted SuSiE-mix,-50,-55,-45,16,0.0211640211640212,2.11640211640212,804,756
Testis,Weighted SuSiE-mix,-40,-45,-35,29,0.0383597883597884,3.83597883597884,804,756
Testis,Weighted SuSiE-mix,-30,-35,-25,42,0.0555555555555556,5.55555555555556,804,756
Testis,Weighted SuSiE-mix,-20,-25,-15,50,0.0661375661375661,6.61375661375661,804,756
Testis,Weighted SuSiE-mix,-10,-15,-5,86,0.113756613756614,11.3756613756614,804,756
Testis,Weighted SuSiE-mix,0,-5,5,193,0.255291005291005,25.5291005291005,804,756
Testis,Weighted SuSiE-mix,10,5,15,74,0.0978835978835979,9.78835978835979,804,756
Testis,Weighted SuSiE-mix,20,15,25,51,0.0674603174603175,6.74603174603175,804,756
Testis,Weighted SuSiE-mix,30,25,35,39,0.0515873015873016,5.15873015873016,804,756
Testis,Weighted SuSiE-mix,40,35,45,24,0.0317460317460317,3.17460317460317,804,756
Testis,Weighted SuSiE-mix,50,45,55,14,0.0185185185185185,1.85185185185185,804,756
Testis,Weighted SuSiE-mix,60,55,65,7,0.00925925925925926,0.925925925925926,804,756
Testis,Weighted SuSiE-mix,70,65,75,13,0.0171957671957672,1.71957671957672,804,756
Testis,Weighted SuSiE-mix,80,75,85,8,0.0105820105820106,1.05820105820106,804,756
Testis,Weighted SuSiE-mix,90,85,95,4,0.00529100529100529,0.529100529100529,804,756
Testis,Weighted SuSiE-mix,100,95,105,9,0.0119047619047619,1.19047619047619,804,756
Testis,Weighted SuSiE-mix,110,105,115,5,0.00661375661375661,0.661375661375661,804,756
Testis,Weighted SuSiE-mix,120,115,125,7,0.00925925925925926,0.925925925925926,804,756
Testis,Weighted SuSiE-mix,130,125,135,2,0.00264550264550265,0.264550264550265,804,756
Testis,Weighted SuSiE-mix,140,135,145,3,0.00396825396825397,0.396825396825397,804,756
Testis,Weighted SuSiE-mix,150,145,155,4,0.00529100529100529,0.529100529100529,804,756
Testis,Weighted SuSiE-mix,160,155,165,1,0.00132275132275132,0.132275132275132,804,756
Testis,Weighted SuSiE-mix,170,165,175,1,0.00132275132275132,0.132275132275132,804,756
Testis,Weighted SuSiE-mix,180,175,185,2,0.00264550264550265,0.264550264550265,804,756
Testis,Weighted SuSiE-mix,190,185,195,3,0.00396825396825397,0.396825396825397,804,756
Testis,Weighted SuSiE-mix,200,195,205,3,0.00396825396825397,0.396825396825397,804,756
Thyroid,SuSiE,-200,-205,-195,3,0.00212314225053079,0.212314225053079,1482,1413
Thyroid,SuSiE,-190,-195,-185,3,0.00212314225053079,0.212314225053079,1482,1413
Thyroid,SuSiE,-180,-185,-175,6,0.00424628450106157,0.424628450106157,1482,1413
Thyroid,SuSiE,-170,-175,-165,6,0.00424628450106157,0.424628450106157,1482,1413
Thyroid,SuSiE,-160,-165,-155,10,0.00707714083510262,0.707714083510262,1482,1413
Thyroid,SuSiE,-150,-155,-145,11,0.00778485491861288,0.778485491861288,1482,1413
Thyroid,SuSiE,-140,-145,-135,7,0.00495399858457183,0.495399858457183,1482,1413
Thyroid,SuSiE,-130,-135,-125,7,0.00495399858457183,0.495399858457183,1482,1413
Thyroid,SuSiE,-120,-125,-115,9,0.00636942675159236,0.636942675159236,1482,1413
Thyroid,SuSiE,-110,-115,-105,10,0.00707714083510262,0.707714083510262,1482,1413
Thyroid,SuSiE,-100,-105,-95,9,0.00636942675159236,0.636942675159236,1482,1413
Thyroid,SuSiE,-90,-95,-85,21,0.0148619957537155,1.48619957537155,1482,1413
Thyroid,SuSiE,-80,-85,-75,21,0.0148619957537155,1.48619957537155,1482,1413
Thyroid,SuSiE,-70,-75,-65,25,0.0176928520877565,1.76928520877565,1482,1413
Thyroid,SuSiE,-60,-65,-55,29,0.0205237084217976,2.05237084217976,1482,1413
Thyroid,SuSiE,-50,-55,-45,30,0.0212314225053079,2.12314225053079,1482,1413
Thyroid,SuSiE,-40,-45,-35,35,0.0247699929228592,2.47699929228592,1482,1413
Thyroid,SuSiE,-30,-35,-25,67,0.0474168435951876,4.74168435951876,1482,1413
Thyroid,SuSiE,-20,-25,-15,95,0.0672328379334749,6.72328379334749,1482,1413
Thyroid,SuSiE,-10,-15,-5,138,0.0976645435244161,9.76645435244161,1482,1413
Thyroid,SuSiE,0,-5,5,331,0.234253361641897,23.4253361641897,1482,1413
Thyroid,SuSiE,10,5,15,152,0.10757254069356,10.757254069356,1482,1413
Thyroid,SuSiE,20,15,25,83,0.0587402689313517,5.87402689313517,1482,1413
Thyroid,SuSiE,30,25,35,70,0.0495399858457183,4.95399858457183,1482,1413
Thyroid,SuSiE,40,35,45,46,0.032554847841472,3.2554847841472,1482,1413
Thyroid,SuSiE,50,45,55,28,0.0198159943382873,1.98159943382873,1482,1413
Thyroid,SuSiE,60,55,65,32,0.0226468506723284,2.26468506723284,1482,1413
Thyroid,SuSiE,70,65,75,17,0.0120311394196745,1.20311394196745,1482,1413
Thyroid,SuSiE,80,75,85,20,0.0141542816702052,1.41542816702052,1482,1413
Thyroid,SuSiE,90,85,95,14,0.00990799716914367,0.990799716914367,1482,1413
Thyroid,SuSiE,100,95,105,16,0.0113234253361642,1.13234253361642,1482,1413
Thyroid,SuSiE,110,105,115,12,0.00849256900212314,0.849256900212314,1482,1413
Thyroid,SuSiE,120,115,125,4,0.00283085633404105,0.283085633404105,1482,1413
Thyroid,SuSiE,130,125,135,9,0.00636942675159236,0.636942675159236,1482,1413
Thyroid,SuSiE,140,135,145,7,0.00495399858457183,0.495399858457183,1482,1413
Thyroid,SuSiE,150,145,155,6,0.00424628450106157,0.424628450106157,1482,1413
Thyroid,SuSiE,160,155,165,6,0.00424628450106157,0.424628450106157,1482,1413
Thyroid,SuSiE,170,165,175,5,0.00353857041755131,0.353857041755131,1482,1413
Thyroid,SuSiE,180,175,185,3,0.00212314225053079,0.212314225053079,1482,1413
Thyroid,SuSiE,190,185,195,5,0.00353857041755131,0.353857041755131,1482,1413
Thyroid,SuSiE,200,195,205,5,0.00353857041755131,0.353857041755131,1482,1413
Thyroid,Weighted SuSiE-mix,-200,-205,-195,2,0.00141843971631206,0.141843971631206,1477,1410
Thyroid,Weighted SuSiE-mix,-190,-195,-185,3,0.00212765957446809,0.212765957446809,1477,1410
Thyroid,Weighted SuSiE-mix,-180,-185,-175,6,0.00425531914893617,0.425531914893617,1477,1410
Thyroid,Weighted SuSiE-mix,-170,-175,-165,5,0.00354609929078014,0.354609929078014,1477,1410
Thyroid,Weighted SuSiE-mix,-160,-165,-155,10,0.00709219858156028,0.709219858156028,1477,1410
Thyroid,Weighted SuSiE-mix,-150,-155,-145,12,0.00851063829787234,0.851063829787234,1477,1410
Thyroid,Weighted SuSiE-mix,-140,-145,-135,7,0.0049645390070922,0.49645390070922,1477,1410
Thyroid,Weighted SuSiE-mix,-130,-135,-125,7,0.0049645390070922,0.49645390070922,1477,1410
Thyroid,Weighted SuSiE-mix,-120,-125,-115,9,0.00638297872340426,0.638297872340426,1477,1410
Thyroid,Weighted SuSiE-mix,-110,-115,-105,10,0.00709219858156028,0.709219858156028,1477,1410
Thyroid,Weighted SuSiE-mix,-100,-105,-95,9,0.00638297872340426,0.638297872340426,1477,1410
Thyroid,Weighted SuSiE-mix,-90,-95,-85,22,0.0156028368794326,1.56028368794326,1477,1410
Thyroid,Weighted SuSiE-mix,-80,-85,-75,21,0.0148936170212766,1.48936170212766,1477,1410
Thyroid,Weighted SuSiE-mix,-70,-75,-65,23,0.0163120567375887,1.63120567375887,1477,1410
Thyroid,Weighted SuSiE-mix,-60,-65,-55,29,0.0205673758865248,2.05673758865248,1477,1410
Thyroid,Weighted SuSiE-mix,-50,-55,-45,28,0.0198581560283688,1.98581560283688,1477,1410
Thyroid,Weighted SuSiE-mix,-40,-45,-35,35,0.024822695035461,2.4822695035461,1477,1410
Thyroid,Weighted SuSiE-mix,-30,-35,-25,67,0.0475177304964539,4.75177304964539,1477,1410
Thyroid,Weighted SuSiE-mix,-20,-25,-15,97,0.0687943262411348,6.87943262411348,1477,1410
Thyroid,Weighted SuSiE-mix,-10,-15,-5,135,0.0957446808510638,9.57446808510638,1477,1410
Thyroid,Weighted SuSiE-mix,0,-5,5,331,0.234751773049645,23.4751773049645,1477,1410
Thyroid,Weighted SuSiE-mix,10,5,15,153,0.108510638297872,10.8510638297872,1477,1410
Thyroid,Weighted SuSiE-mix,20,15,25,85,0.0602836879432624,6.02836879432624,1477,1410
Thyroid,Weighted SuSiE-mix,30,25,35,69,0.048936170212766,4.8936170212766,1477,1410
Thyroid,Weighted SuSiE-mix,40,35,45,44,0.0312056737588653,3.12056737588653,1477,1410
Thyroid,Weighted SuSiE-mix,50,45,55,29,0.0205673758865248,2.05673758865248,1477,1410
Thyroid,Weighted SuSiE-mix,60,55,65,32,0.0226950354609929,2.26950354609929,1477,1410
Thyroid,Weighted SuSiE-mix,70,65,75,17,0.0120567375886525,1.20567375886525,1477,1410
Thyroid,Weighted SuSiE-mix,80,75,85,18,0.0127659574468085,1.27659574468085,1477,1410
Thyroid,Weighted SuSiE-mix,90,85,95,17,0.0120567375886525,1.20567375886525,1477,1410
Thyroid,Weighted SuSiE-mix,100,95,105,15,0.0106382978723404,1.06382978723404,1477,1410
Thyroid,Weighted SuSiE-mix,110,105,115,12,0.00851063829787234,0.851063829787234,1477,1410
Thyroid,Weighted SuSiE-mix,120,115,125,4,0.00283687943262411,0.283687943262411,1477,1410
Thyroid,Weighted SuSiE-mix,130,125,135,9,0.00638297872340426,0.638297872340426,1477,1410
Thyroid,Weighted SuSiE-mix,140,135,145,8,0.00567375886524823,0.567375886524823,1477,1410
Thyroid,Weighted SuSiE-mix,150,145,155,6,0.00425531914893617,0.425531914893617,1477,1410
Thyroid,Weighted SuSiE-mix,160,155,165,7,0.0049645390070922,0.49645390070922,1477,1410
Thyroid,Weighted SuSiE-mix,170,165,175,5,0.00354609929078014,0.354609929078014,1477,1410
Thyroid,Weighted SuSiE-mix,180,175,185,2,0.00141843971631206,0.141843971631206,1477,1410
Thyroid,Weighted SuSiE-mix,190,185,195,5,0.00354609929078014,0.354609929078014,1477,1410
Thyroid,Weighted SuSiE-mix,200,195,205,5,0.00354609929078014,0.354609929078014,1477,1410
Uterus,SuSiE,-200,-205,-195,1,0.0128205128205128,1.28205128205128,82,78
Uterus,SuSiE,-190,-195,-185,0,0,0,82,78
Uterus,SuSiE,-180,-185,-175,0,0,0,82,78
Uterus,SuSiE,-170,-175,-165,0,0,0,82,78
Uterus,SuSiE,-160,-165,-155,0,0,0,82,78
Uterus,SuSiE,-150,-155,-145,0,0,0,82,78
Uterus,SuSiE,-140,-145,-135,0,0,0,82,78
Uterus,SuSiE,-130,-135,-125,0,0,0,82,78
Uterus,SuSiE,-120,-125,-115,1,0.0128205128205128,1.28205128205128,82,78
Uterus,SuSiE,-110,-115,-105,2,0.0256410256410256,2.56410256410256,82,78
Uterus,SuSiE,-100,-105,-95,2,0.0256410256410256,2.56410256410256,82,78
Uterus,SuSiE,-90,-95,-85,0,0,0,82,78
Uterus,SuSiE,-80,-85,-75,0,0,0,82,78
Uterus,SuSiE,-70,-75,-65,1,0.0128205128205128,1.28205128205128,82,78
Uterus,SuSiE,-60,-65,-55,2,0.0256410256410256,2.56410256410256,82,78
Uterus,SuSiE,-50,-55,-45,3,0.0384615384615385,3.84615384615385,82,78
Uterus,SuSiE,-40,-45,-35,1,0.0128205128205128,1.28205128205128,82,78
Uterus,SuSiE,-30,-35,-25,2,0.0256410256410256,2.56410256410256,82,78
Uterus,SuSiE,-20,-25,-15,5,0.0641025641025641,6.41025641025641,82,78
Uterus,SuSiE,-10,-15,-5,14,0.17948717948718,17.948717948718,82,78
Uterus,SuSiE,0,-5,5,19,0.243589743589744,24.3589743589744,82,78
Uterus,SuSiE,10,5,15,5,0.0641025641025641,6.41025641025641,82,78
Uterus,SuSiE,20,15,25,8,0.102564102564103,10.2564102564103,82,78
Uterus,SuSiE,30,25,35,2,0.0256410256410256,2.56410256410256,82,78
Uterus,SuSiE,40,35,45,1,0.0128205128205128,1.28205128205128,82,78
Uterus,SuSiE,50,45,55,1,0.0128205128205128,1.28205128205128,82,78
Uterus,SuSiE,60,55,65,0,0,0,82,78
Uterus,SuSiE,70,65,75,1,0.0128205128205128,1.28205128205128,82,78
Uterus,SuSiE,80,75,85,1,0.0128205128205128,1.28205128205128,82,78
Uterus,SuSiE,90,85,95,0,0,0,82,78
Uterus,SuSiE,100,95,105,1,0.0128205128205128,1.28205128205128,82,78
Uterus,SuSiE,110,105,115,1,0.0128205128205128,1.28205128205128,82,78
Uterus,SuSiE,120,115,125,1,0.0128205128205128,1.28205128205128,82,78
Uterus,SuSiE,130,125,135,0,0,0,82,78
Uterus,SuSiE,140,135,145,0,0,0,82,78
Uterus,SuSiE,150,145,155,0,0,0,82,78
Uterus,SuSiE,160,155,165,1,0.0128205128205128,1.28205128205128,82,78
Uterus,SuSiE,170,165,175,0,0,0,82,78
Uterus,SuSiE,180,175,185,1,0.0128205128205128,1.28205128205128,82,78
Uterus,SuSiE,190,185,195,0,0,0,82,78
Uterus,SuSiE,200,195,205,1,0.0128205128205128,1.28205128205128,82,78
Uterus,Weighted SuSiE-mix,-200,-205,-195,1,0.0128205128205128,1.28205128205128,82,78
Uterus,Weighted SuSiE-mix,-190,-195,-185,0,0,0,82,78
Uterus,Weighted SuSiE-mix,-180,-185,-175,0,0,0,82,78
Uterus,Weighted SuSiE-mix,-170,-175,-165,0,0,0,82,78
Uterus,Weighted SuSiE-mix,-160,-165,-155,0,0,0,82,78
Uterus,Weighted SuSiE-mix,-150,-155,-145,0,0,0,82,78
Uterus,Weighted SuSiE-mix,-140,-145,-135,0,0,0,82,78
Uterus,Weighted SuSiE-mix,-130,-135,-125,0,0,0,82,78
Uterus,Weighted SuSiE-mix,-120,-125,-115,1,0.0128205128205128,1.28205128205128,82,78
Uterus,Weighted SuSiE-mix,-110,-115,-105,2,0.0256410256410256,2.56410256410256,82,78
Uterus,Weighted SuSiE-mix,-100,-105,-95,2,0.0256410256410256,2.56410256410256,82,78
Uterus,Weighted SuSiE-mix,-90,-95,-85,0,0,0,82,78
Uterus,Weighted SuSiE-mix,-80,-85,-75,0,0,0,82,78
Uterus,Weighted SuSiE-mix,-70,-75,-65,1,0.0128205128205128,1.28205128205128,82,78
Uterus,Weighted SuSiE-mix,-60,-65,-55,2,0.0256410256410256,2.56410256410256,82,78
Uterus,Weighted SuSiE-mix,-50,-55,-45,3,0.0384615384615385,3.84615384615385,82,78
Uterus,Weighted SuSiE-mix,-40,-45,-35,1,0.0128205128205128,1.28205128205128,82,78
Uterus,Weighted SuSiE-mix,-30,-35,-25,1,0.0128205128205128,1.28205128205128,82,78
Uterus,Weighted SuSiE-mix,-20,-25,-15,5,0.0641025641025641,6.41025641025641,82,78
Uterus,Weighted SuSiE-mix,-10,-15,-5,14,0.17948717948718,17.948717948718,82,78
Uterus,Weighted SuSiE-mix,0,-5,5,19,0.243589743589744,24.3589743589744,82,78
Uterus,Weighted SuSiE-mix,10,5,15,6,0.0769230769230769,7.69230769230769,82,78
Uterus,Weighted SuSiE-mix,20,15,25,7,0.0897435897435897,8.97435897435897,82,78
Uterus,Weighted SuSiE-mix,30,25,35,2,0.0256410256410256,2.56410256410256,82,78
Uterus,Weighted SuSiE-mix,40,35,45,1,0.0128205128205128,1.28205128205128,82,78
Uterus,Weighted SuSiE-mix,50,45,55,1,0.0128205128205128,1.28205128205128,82,78
Uterus,Weighted SuSiE-mix,60,55,65,0,0,0,82,78
Uterus,Weighted SuSiE-mix,70,65,75,1,0.0128205128205128,1.28205128205128,82,78
Uterus,Weighted SuSiE-mix,80,75,85,1,0.0128205128205128,1.28205128205128,82,78
Uterus,Weighted SuSiE-mix,90,85,95,1,0.0128205128205128,1.28205128205128,82,78
Uterus,Weighted SuSiE-mix,100,95,105,1,0.0128205128205128,1.28205128205128,82,78
Uterus,Weighted SuSiE-mix,110,105,115,1,0.0128205128205128,1.28205128205128,82,78
Uterus,Weighted SuSiE-mix,120,115,125,1,0.0128205128205128,1.28205128205128,82,78
Uterus,Weighted SuSiE-mix,130,125,135,0,0,0,82,78
Uterus,Weighted SuSiE-mix,140,135,145,0,0,0,82,78
Uterus,Weighted SuSiE-mix,150,145,155,0,0,0,82,78
Uterus,Weighted SuSiE-mix,160,155,165,1,0.0128205128205128,1.28205128205128,82,78
Uterus,Weighted SuSiE-mix,170,165,175,0,0,0,82,78
Uterus,Weighted SuSiE-mix,180,175,185,1,0.0128205128205128,1.28205128205128,82,78
Uterus,Weighted SuSiE-mix,190,185,195,0,0,0,82,78
Uterus,Weighted SuSiE-mix,200,195,205,1,0.0128205128205128,1.28205128205128,82,78
Vagina,SuSiE,-200,-205,-195,0,0,0,52,49
Vagina,SuSiE,-190,-195,-185,0,0,0,52,49
Vagina,SuSiE,-180,-185,-175,0,0,0,52,49
Vagina,SuSiE,-170,-175,-165,0,0,0,52,49
Vagina,SuSiE,-160,-165,-155,0,0,0,52,49
Vagina,SuSiE,-150,-155,-145,0,0,0,52,49
Vagina,SuSiE,-140,-145,-135,0,0,0,52,49
Vagina,SuSiE,-130,-135,-125,0,0,0,52,49
Vagina,SuSiE,-120,-125,-115,1,0.0204081632653061,2.04081632653061,52,49
Vagina,SuSiE,-110,-115,-105,1,0.0204081632653061,2.04081632653061,52,49
Vagina,SuSiE,-100,-105,-95,0,0,0,52,49
Vagina,SuSiE,-90,-95,-85,0,0,0,52,49
Vagina,SuSiE,-80,-85,-75,1,0.0204081632653061,2.04081632653061,52,49
Vagina,SuSiE,-70,-75,-65,0,0,0,52,49
Vagina,SuSiE,-60,-65,-55,0,0,0,52,49
Vagina,SuSiE,-50,-55,-45,2,0.0408163265306122,4.08163265306122,52,49
Vagina,SuSiE,-40,-45,-35,0,0,0,52,49
Vagina,SuSiE,-30,-35,-25,1,0.0204081632653061,2.04081632653061,52,49
Vagina,SuSiE,-20,-25,-15,5,0.102040816326531,10.2040816326531,52,49
Vagina,SuSiE,-10,-15,-5,6,0.122448979591837,12.2448979591837,52,49
Vagina,SuSiE,0,-5,5,16,0.326530612244898,32.6530612244898,52,49
Vagina,SuSiE,10,5,15,5,0.102040816326531,10.2040816326531,52,49
Vagina,SuSiE,20,15,25,5,0.102040816326531,10.2040816326531,52,49
Vagina,SuSiE,30,25,35,2,0.0408163265306122,4.08163265306122,52,49
Vagina,SuSiE,40,35,45,0,0,0,52,49
Vagina,SuSiE,50,45,55,0,0,0,52,49
Vagina,SuSiE,60,55,65,2,0.0408163265306122,4.08163265306122,52,49
Vagina,SuSiE,70,65,75,0,0,0,52,49
Vagina,SuSiE,80,75,85,0,0,0,52,49
Vagina,SuSiE,90,85,95,0,0,0,52,49
Vagina,SuSiE,100,95,105,0,0,0,52,49
Vagina,SuSiE,110,105,115,0,0,0,52,49
Vagina,SuSiE,120,115,125,0,0,0,52,49
Vagina,SuSiE,130,125,135,0,0,0,52,49
Vagina,SuSiE,140,135,145,0,0,0,52,49
Vagina,SuSiE,150,145,155,2,0.0408163265306122,4.08163265306122,52,49
Vagina,SuSiE,160,155,165,0,0,0,52,49
Vagina,SuSiE,170,165,175,0,0,0,52,49
Vagina,SuSiE,180,175,185,0,0,0,52,49
Vagina,SuSiE,190,185,195,0,0,0,52,49
Vagina,SuSiE,200,195,205,0,0,0,52,49
Vagina,Weighted SuSiE-mix,-200,-205,-195,0,0,0,52,49
Vagina,Weighted SuSiE-mix,-190,-195,-185,0,0,0,52,49
Vagina,Weighted SuSiE-mix,-180,-185,-175,0,0,0,52,49
Vagina,Weighted SuSiE-mix,-170,-175,-165,0,0,0,52,49
Vagina,Weighted SuSiE-mix,-160,-165,-155,0,0,0,52,49
Vagina,Weighted SuSiE-mix,-150,-155,-145,0,0,0,52,49
Vagina,Weighted SuSiE-mix,-140,-145,-135,0,0,0,52,49
Vagina,Weighted SuSiE-mix,-130,-135,-125,0,0,0,52,49
Vagina,Weighted SuSiE-mix,-120,-125,-115,1,0.0204081632653061,2.04081632653061,52,49
Vagina,Weighted SuSiE-mix,-110,-115,-105,1,0.0204081632653061,2.04081632653061,52,49
Vagina,Weighted SuSiE-mix,-100,-105,-95,0,0,0,52,49
Vagina,Weighted SuSiE-mix,-90,-95,-85,0,0,0,52,49
Vagina,Weighted SuSiE-mix,-80,-85,-75,1,0.0204081632653061,2.04081632653061,52,49
Vagina,Weighted SuSiE-mix,-70,-75,-65,0,0,0,52,49
Vagina,Weighted SuSiE-mix,-60,-65,-55,0,0,0,52,49
Vagina,Weighted SuSiE-mix,-50,-55,-45,2,0.0408163265306122,4.08163265306122,52,49
Vagina,Weighted SuSiE-mix,-40,-45,-35,0,0,0,52,49
Vagina,Weighted SuSiE-mix,-30,-35,-25,1,0.0204081632653061,2.04081632653061,52,49
Vagina,Weighted SuSiE-mix,-20,-25,-15,5,0.102040816326531,10.2040816326531,52,49
Vagina,Weighted SuSiE-mix,-10,-15,-5,6,0.122448979591837,12.2448979591837,52,49
Vagina,Weighted SuSiE-mix,0,-5,5,16,0.326530612244898,32.6530612244898,52,49
Vagina,Weighted SuSiE-mix,10,5,15,5,0.102040816326531,10.2040816326531,52,49
Vagina,Weighted SuSiE-mix,20,15,25,5,0.102040816326531,10.2040816326531,52,49
Vagina,Weighted SuSiE-mix,30,25,35,2,0.0408163265306122,4.08163265306122,52,49
Vagina,Weighted SuSiE-mix,40,35,45,0,0,0,52,49
Vagina,Weighted SuSiE-mix,50,45,55,0,0,0,52,49
Vagina,Weighted SuSiE-mix,60,55,65,2,0.0408163265306122,4.08163265306122,52,49
Vagina,Weighted SuSiE-mix,70,65,75,0,0,0,52,49
Vagina,Weighted SuSiE-mix,80,75,85,0,0,0,52,49
Vagina,Weighted SuSiE-mix,90,85,95,0,0,0,52,49
Vagina,Weighted SuSiE-mix,100,95,105,0,0,0,52,49
Vagina,Weighted SuSiE-mix,110,105,115,0,0,0,52,49
Vagina,Weighted SuSiE-mix,120,115,125,0,0,0,52,49
Vagina,Weighted SuSiE-mix,130,125,135,0,0,0,52,49
Vagina,Weighted SuSiE-mix,140,135,145,0,0,0,52,49
Vagina,Weighted SuSiE-mix,150,145,155,2,0.0408163265306122,4.08163265306122,52,49
Vagina,Weighted SuSiE-mix,160,155,165,0,0,0,52,49
Vagina,Weighted SuSiE-mix,170,165,175,0,0,0,52,49
Vagina,Weighted SuSiE-mix,180,175,185,0,0,0,52,49
Vagina,Weighted SuSiE-mix,190,185,195,0,0,0,52,49
Vagina,Weighted SuSiE-mix,200,195,205,0,0,0,52,49
