"tissue","model","analysis_set","distance_to_tss_kb","density","bandwidth_kb","kernel","normalization","n_cs_selected","n_cs_total","n_cs_in_window","n_cs_missing_distance","n_cs_outside_window","plot_limit_kb"
"All tissues","SuSiE","CSs without a shared biological lead SNP",-200,9.66977491049899e-05,10,"gaussian","all finite selected distances; unit area over full domain",1845,1845,1712,0,133,200
"All tissues","SuSiE","CSs without a shared biological lead SNP",-199.609375,9.93935245990961e-05,10,"gaussian","all finite selected distances; unit area over full domain",1845,1845,1712,0,133,200
"All tissues","SuSiE","CSs without a shared biological lead SNP",-199.21875,0.00010220310197192,10,"gaussian","all finite selected distances; unit area over full domain",1845,1845,1712,0,133,200
"All tissues","SuSiE","CSs without a shared biological lead SNP",-198.828125,0.000105133212778696,10,"gaussian","all finite selected distances; unit area over full domain",1845,1845,1712,0,133,200
"All tissues","SuSiE","CSs without a shared biological lead SNP",-198.4375,0.000108173034451468,10,"gaussian","all finite selected distances; unit area over full domain",1845,1845,1712,0,133,200
"All tissues","SuSiE","CSs without a shared biological lead SNP",-198.046875,0.000111325254293607,10,"gaussian","all finite selected distances; unit area over full domain",1845,1845,1712,0,133,200
"All tissues","SuSiE","CSs without a shared biological lead SNP",-197.65625,0.000114594734587656,10,"gaussian","all finite selected distances; unit area over full domain",1845,1845,1712,0,133,200
"All tissues","SuSiE","CSs without a shared biological lead SNP",-197.265625,0.000117969571725886,10,"gaussian","all finite selected distances; unit area over full domain",1845,1845,1712,0,133,200
"All tissues","SuSiE","CSs without a shared biological lead SNP",-196.875,0.000121450954577234,10,"gaussian","all finite selected distances; unit area over full domain",1845,1845,1712,0,133,200
"All tissues","SuSiE","CSs without a shared biological lead SNP",-196.484375,0.000125041428066812,10,"gaussian","all finite selected distances; unit area over full domain",1845,1845,1712,0,133,200
"All tissues","SuSiE","CSs without a shared biological lead SNP",-196.09375,0.000128728274330611,10,"gaussian","all finite selected distances; unit area over full domain",1845,1845,1712,0,133,200
"All tissues","SuSiE","CSs without a shared biological lead SNP",-195.703125,0.000132510906909784,10,"gaussian","all finite selected distances; unit area over full domain",1845,1845,1712,0,133,200
"All tissues","SuSiE","CSs without a shared biological lead SNP",-195.3125,0.000136389235781028,10,"gaussian","all finite selected distances; unit area over full domain",1845,1845,1712,0,133,200
"All tissues","SuSiE","CSs without a shared biological lead SNP",-194.921875,0.00014035013322952,10,"gaussian","all finite selected distances; unit area over full domain",1845,1845,1712,0,133,200
"All tissues","SuSiE","CSs without a shared biological lead SNP",-194.53125,0.000144391063129322,10,"gaussian","all finite selected distances; unit area over full domain",1845,1845,1712,0,133,200
"All tissues","SuSiE","CSs without a shared biological lead SNP",-194.140625,0.000148509156208582,10,"gaussian","all finite selected distances; unit area over full domain",1845,1845,1712,0,133,200
"All tissues","SuSiE","CSs without a shared biological lead SNP",-193.75,0.000152691395142909,10,"gaussian","all finite selected distances; unit area over full domain",1845,1845,1712,0,133,200
"All tissues","SuSiE","CSs without a shared biological lead SNP",-193.359375,0.000156933246705283,10,"gaussian","all finite selected distances; unit area over full domain",1845,1845,1712,0,133,200
"All tissues","SuSiE","CSs without a shared biological lead SNP",-192.96875,0.000161229119274035,10,"gaussian","all finite selected distances; unit area over full domain",1845,1845,1712,0,133,200
"All tissues","SuSiE","CSs without a shared biological lead SNP",-192.578125,0.000165566706693648,10,"gaussian","all finite selected distances; unit area over full domain",1845,1845,1712,0,133,200
"All tissues","SuSiE","CSs without a shared biological lead SNP",-192.1875,0.000169939572395085,10,"gaussian","all finite selected distances; unit area over full domain",1845,1845,1712,0,133,200
"All tissues","SuSiE","CSs without a shared biological lead SNP",-191.796875,0.000174339669751357,10,"gaussian","all finite selected distances; unit area over full domain",1845,1845,1712,0,133,200
"All tissues","SuSiE","CSs without a shared biological lead SNP",-191.40625,0.000178756039110292,10,"gaussian","all finite selected distances; unit area over full domain",1845,1845,1712,0,133,200
"All tissues","SuSiE","CSs without a shared biological lead SNP",-191.015625,0.000183180577800853,10,"gaussian","all finite selected distances; unit area over full domain",1845,1845,1712,0,133,200
"All tissues","SuSiE","CSs without a shared biological lead SNP",-190.625,0.000187603250758469,10,"gaussian","all finite selected distances; unit area over full domain",1845,1845,1712,0,133,200
"All tissues","SuSiE","CSs without a shared biological lead SNP",-190.234375,0.000192015062183591,10,"gaussian","all finite selected distances; unit area over full domain",1845,1845,1712,0,133,200
"All tissues","SuSiE","CSs without a shared biological lead SNP",-189.84375,0.000196406613570574,10,"gaussian","all finite selected distances; unit area over full domain",1845,1845,1712,0,133,200
"All tissues","SuSiE","CSs without a shared biological lead SNP",-189.453125,0.000200766516003485,10,"gaussian","all finite selected distances; unit area over full domain",1845,1845,1712,0,133,200
"All tissues","SuSiE","CSs without a shared biological lead SNP",-189.0625,0.000205088282839485,10,"gaussian","all finite selected distances; unit area over full domain",1845,1845,1712,0,133,200
"All tissues","SuSiE","CSs without a shared biological lead SNP",-188.671875,0.000209361700459561,10,"gaussian","all finite selected distances; unit area over full domain",1845,1845,1712,0,133,200
"All tissues","SuSiE","CSs without a shared biological lead SNP",-188.28125,0.000213574780343978,10,"gaussian","all finite selected distances; unit area over full domain",1845,1845,1712,0,133,200
"All tissues","SuSiE","CSs without a shared biological lead SNP",-187.890625,0.000217723968123593,10,"gaussian","all finite selected distances; unit area over full domain",1845,1845,1712,0,133,200
"All tissues","SuSiE","CSs without a shared biological lead SNP",-187.5,0.000221798793531291,10,"gaussian","all finite selected distances; unit area over full domain",1845,1845,1712,0,133,200
"All tissues","SuSiE","CSs without a shared biological lead SNP",-187.109375,0.000225787481743761,10,"gaussian","all finite selected distances; unit area over full domain",1845,1845,1712,0,133,200
"All tissues","SuSiE","CSs without a shared biological lead SNP",-186.71875,0.000229689670587575,10,"gaussian","all finite selected distances; unit area over full domain",1845,1845,1712,0,133,200
"All tissues","SuSiE","CSs without a shared biological lead SNP",-186.328125,0.000233495229666955,10,"gaussian","all finite selected distances; unit area over full domain",1845,1845,1712,0,133,200
"All tissues","SuSiE","CSs without a shared biological lead SNP",-185.9375,0.000237193403746311,10,"gaussian","all finite selected distances; unit area over full domain",1845,1845,1712,0,133,200
"All tissues","SuSiE","CSs without a shared biological lead SNP",-185.546875,0.000240787092062212,10,"gaussian","all finite selected distances; unit area over full domain",1845,1845,1712,0,133,200
"All tissues","SuSiE","CSs without a shared biological lead SNP",-185.15625,0.000244267095959116,10,"gaussian","all finite selected distances; unit area over full domain",1845,1845,1712,0,133,200
"All tissues","SuSiE","CSs without a shared biological lead SNP",-184.765625,0.000247624413044653,10,"gaussian","all finite selected distances; unit area over full domain",1845,1845,1712,0,133,200
"All tissues","SuSiE","CSs without a shared biological lead SNP",-184.375,0.000250865071400703,10,"gaussian","all finite selected distances; unit area over full domain",1845,1845,1712,0,133,200
"All tissues","SuSiE","CSs without a shared biological lead SNP",-183.984375,0.000253981349888623,10,"gaussian","all finite selected distances; unit area over full domain",1845,1845,1712,0,133,200
"All tissues","SuSiE","CSs without a shared biological lead SNP",-183.59375,0.000256966602434011,10,"gaussian","all finite selected distances; unit area over full domain",1845,1845,1712,0,133,200
"All tissues","SuSiE","CSs without a shared biological lead SNP",-183.203125,0.000259829658123349,10,"gaussian","all finite selected distances; unit area over full domain",1845,1845,1712,0,133,200
"All tissues","SuSiE","CSs without a shared biological lead SNP",-182.8125,0.000262564736873603,10,"gaussian","all finite selected distances; unit area over full domain",1845,1845,1712,0,133,200
"All tissues","SuSiE","CSs without a shared biological lead SNP",-182.421875,0.000265167979255794,10,"gaussian","all finite selected distances; unit area over full domain",1845,1845,1712,0,133,200
"All tissues","SuSiE","CSs without a shared biological lead SNP",-182.03125,0.000267650515472523,10,"gaussian","all finite selected distances; unit area over full domain",1845,1845,1712,0,133,200
"All tissues","SuSiE","CSs without a shared biological lead SNP",-181.640625,0.000270008860201492,10,"gaussian","all finite selected distances; unit area over full domain",1845,1845,1712,0,133,200
"All tissues","SuSiE","CSs without a shared biological lead SNP",-181.25,0.000272242172052181,10,"gaussian","all finite selected distances; unit area over full domain",1845,1845,1712,0,133,200
"All tissues","SuSiE","CSs without a shared biological lead SNP",-180.859375,0.000274363247631166,10,"gaussian","all finite selected distances; unit area over full domain",1845,1845,1712,0,133,200
"All tissues","SuSiE","CSs without a shared biological lead SNP",-180.46875,0.000276371123254359,10,"gaussian","all finite selected distances; unit area over full domain",1845,1845,1712,0,133,200
"All tissues","SuSiE","CSs without a shared biological lead SNP",-180.078125,0.000278268001270366,10,"gaussian","all finite selected distances; unit area over full domain",1845,1845,1712,0,133,200
"All tissues","SuSiE","CSs without a shared biological lead SNP",-179.6875,0.000280067622129078,10,"gaussian","all finite selected distances; unit area over full domain",1845,1845,1712,0,133,200
"All tissues","SuSiE","CSs without a shared biological lead SNP",-179.296875,0.000281771638049621,10,"gaussian","all finite selected distances; unit area over full domain",1845,1845,1712,0,133,200
"All tissues","SuSiE","CSs without a shared biological lead SNP",-178.90625,0.000283385126407911,10,"gaussian","all finite selected distances; unit area over full domain",1845,1845,1712,0,133,200
"All tissues","SuSiE","CSs without a shared biological lead SNP",-178.515625,0.000284922012635062,10,"gaussian","all finite selected distances; unit area over full domain",1845,1845,1712,0,133,200
"All tissues","SuSiE","CSs without a shared biological lead SNP",-178.125,0.000286386531078571,10,"gaussian","all finite selected distances; unit area over full domain",1845,1845,1712,0,133,200
"All tissues","SuSiE","CSs without a shared biological lead SNP",-177.734375,0.000287786297192901,10,"gaussian","all finite selected distances; unit area over full domain",1845,1845,1712,0,133,200
"All tissues","SuSiE","CSs without a shared biological lead SNP",-177.34375,0.00028913467694382,10,"gaussian","all finite selected distances; unit area over full domain",1845,1845,1712,0,133,200
"All tissues","SuSiE","CSs without a shared biological lead SNP",-176.953125,0.000290438337825613,10,"gaussian","all finite selected distances; unit area over full domain",1845,1845,1712,0,133,200
"All tissues","SuSiE","CSs without a shared biological lead SNP",-176.5625,0.000291706964581816,10,"gaussian","all finite selected distances; unit area over full domain",1845,1845,1712,0,133,200
"All tissues","SuSiE","CSs without a shared biological lead SNP",-176.171875,0.000292952678673558,10,"gaussian","all finite selected distances; unit area over full domain",1845,1845,1712,0,133,200
"All tissues","SuSiE","CSs without a shared biological lead SNP",-175.78125,0.000294184334714654,10,"gaussian","all finite selected distances; unit area over full domain",1845,1845,1712,0,133,200
"All tissues","SuSiE","CSs without a shared biological lead SNP",-175.390625,0.000295413127349856,10,"gaussian","all finite selected distances; unit area over full domain",1845,1845,1712,0,133,200
"All tissues","SuSiE","CSs without a shared biological lead SNP",-175,0.000296649343416474,10,"gaussian","all finite selected distances; unit area over full domain",1845,1845,1712,0,133,200
"All tissues","SuSiE","CSs without a shared biological lead SNP",-174.609375,0.000297903701828705,10,"gaussian","all finite selected distances; unit area over full domain",1845,1845,1712,0,133,200
"All tissues","SuSiE","CSs without a shared biological lead SNP",-174.21875,0.000299188298059388,10,"gaussian","all finite selected distances; unit area over full domain",1845,1845,1712,0,133,200
"All tissues","SuSiE","CSs without a shared biological lead SNP",-173.828125,0.000300511112981226,10,"gaussian","all finite selected distances; unit area over full domain",1845,1845,1712,0,133,200
"All tissues","SuSiE","CSs without a shared biological lead SNP",-173.4375,0.000301884349570275,10,"gaussian","all finite selected distances; unit area over full domain",1845,1845,1712,0,133,200
"All tissues","SuSiE","CSs without a shared biological lead SNP",-173.046875,0.000303320381779885,10,"gaussian","all finite selected distances; unit area over full domain",1845,1845,1712,0,133,200
"All tissues","SuSiE","CSs without a shared biological lead SNP",-172.65625,0.000304824543735656,10,"gaussian","all finite selected distances; unit area over full domain",1845,1845,1712,0,133,200
"All tissues","SuSiE","CSs without a shared biological lead SNP",-172.265625,0.000306410101090379,10,"gaussian","all finite selected distances; unit area over full domain",1845,1845,1712,0,133,200
"All tissues","SuSiE","CSs without a shared biological lead SNP",-171.875,0.000308089099961242,10,"gaussian","all finite selected distances; unit area over full domain",1845,1845,1712,0,133,200
"All tissues","SuSiE","CSs without a shared biological lead SNP",-171.484375,0.000309864018420666,10,"gaussian","all finite selected distances; unit area over full domain",1845,1845,1712,0,133,200
"All tissues","SuSiE","CSs without a shared biological lead SNP",-171.09375,0.000311748734315373,10,"gaussian","all finite selected distances; unit area over full domain",1845,1845,1712,0,133,200
"All tissues","SuSiE","CSs without a shared biological lead SNP",-170.703125,0.000313754397045417,10,"gaussian","all finite selected distances; unit area over full domain",1845,1845,1712,0,133,200
"All tissues","SuSiE","CSs without a shared biological lead SNP",-170.3125,0.000315880543346538,10,"gaussian","all finite selected distances; unit area over full domain",1845,1845,1712,0,133,200
"All tissues","SuSiE","CSs without a shared biological lead SNP",-169.921875,0.000318141191598903,10,"gaussian","all finite selected distances; unit area over full domain",1845,1845,1712,0,133,200
"All tissues","SuSiE","CSs without a shared biological lead SNP",-169.53125,0.000320546077437879,10,"gaussian","all finite selected distances; unit area over full domain",1845,1845,1712,0,133,200
"All tissues","SuSiE","CSs without a shared biological lead SNP",-169.140625,0.000323091822388164,10,"gaussian","all finite selected distances; unit area over full domain",1845,1845,1712,0,133,200
"All tissues","SuSiE","CSs without a shared biological lead SNP",-168.75,0.000325792097522604,10,"gaussian","all finite selected distances; unit area over full domain",1845,1845,1712,0,133,200
"All tissues","SuSiE","CSs without a shared biological lead SNP",-168.359375,0.000328654769033118,10,"gaussian","all finite selected distances; unit area over full domain",1845,1845,1712,0,133,200
"All tissues","SuSiE","CSs without a shared biological lead SNP",-167.96875,0.000331673666299383,10,"gaussian","all finite selected distances; unit area over full domain",1845,1845,1712,0,133,200
"All tissues","SuSiE","CSs without a shared biological lead SNP",-167.578125,0.000334861613142825,10,"gaussian","all finite selected distances; unit area over full domain",1845,1845,1712,0,133,200
"All tissues","SuSiE","CSs without a shared biological lead SNP",-167.1875,0.00033822421941636,10,"gaussian","all finite selected distances; unit area over full domain",1845,1845,1712,0,133,200
"All tissues","SuSiE","CSs without a shared biological lead SNP",-166.796875,0.000341752728836516,10,"gaussian","all finite selected distances; unit area over full domain",1845,1845,1712,0,133,200
"All tissues","SuSiE","CSs without a shared biological lead SNP",-166.40625,0.000345458611419488,10,"gaussian","all finite selected distances; unit area over full domain",1845,1845,1712,0,133,200
"All tissues","SuSiE","CSs without a shared biological lead SNP",-166.015625,0.000349344910465661,10,"gaussian","all finite selected distances; unit area over full domain",1845,1845,1712,0,133,200
"All tissues","SuSiE","CSs without a shared biological lead SNP",-165.625,0.00035340056318218,10,"gaussian","all finite selected distances; unit area over full domain",1845,1845,1712,0,133,200
"All tissues","SuSiE","CSs without a shared biological lead SNP",-165.234375,0.000357635181681395,10,"gaussian","all finite selected distances; unit area over full domain",1845,1845,1712,0,133,200
"All tissues","SuSiE","CSs without a shared biological lead SNP",-164.84375,0.000362049019371349,10,"gaussian","all finite selected distances; unit area over full domain",1845,1845,1712,0,133,200
"All tissues","SuSiE","CSs without a shared biological lead SNP",-164.453125,0.000366629051440403,10,"gaussian","all finite selected distances; unit area over full domain",1845,1845,1712,0,133,200
"All tissues","SuSiE","CSs without a shared biological lead SNP",-164.0625,0.000371382544585097,10,"gaussian","all finite selected distances; unit area over full domain",1845,1845,1712,0,133,200
"All tissues","SuSiE","CSs without a shared biological lead SNP",-163.671875,0.000376306838892783,10,"gaussian","all finite selected distances; unit area over full domain",1845,1845,1712,0,133,200
"All tissues","SuSiE","CSs without a shared biological lead SNP",-163.28125,0.00038138735285574,10,"gaussian","all finite selected distances; unit area over full domain",1845,1845,1712,0,133,200
"All tissues","SuSiE","CSs without a shared biological lead SNP",-162.890625,0.000386628556514979,10,"gaussian","all finite selected distances; unit area over full domain",1845,1845,1712,0,133,200
"All tissues","SuSiE","CSs without a shared biological lead SNP",-162.5,0.000392024868131313,10,"gaussian","all finite selected distances; unit area over full domain",1845,1845,1712,0,133,200
"All tissues","SuSiE","CSs without a shared biological lead SNP",-162.109375,0.000397560612429814,10,"gaussian","all finite selected distances; unit area over full domain",1845,1845,1712,0,133,200
"All tissues","SuSiE","CSs without a shared biological lead SNP",-161.71875,0.000403237072389273,10,"gaussian","all finite selected distances; unit area over full domain",1845,1845,1712,0,133,200
"All tissues","SuSiE","CSs without a shared biological lead SNP",-161.328125,0.000409045865688603,10,"gaussian","all finite selected distances; unit area over full domain",1845,1845,1712,0,133,200
"All tissues","SuSiE","CSs without a shared biological lead SNP",-160.9375,0.00041497073975801,10,"gaussian","all finite selected distances; unit area over full domain",1845,1845,1712,0,133,200
"All tissues","SuSiE","CSs without a shared biological lead SNP",-160.546875,0.0004210094885859,10,"gaussian","all finite selected distances; unit area over full domain",1845,1845,1712,0,133,200
"All tissues","SuSiE","CSs without a shared biological lead SNP",-160.15625,0.000427151191884839,10,"gaussian","all finite selected distances; unit area over full domain",1845,1845,1712,0,133,200
"All tissues","SuSiE","CSs without a shared biological lead SNP",-159.765625,0.000433379582724999,10,"gaussian","all finite selected distances; unit area over full domain",1845,1845,1712,0,133,200
"All tissues","SuSiE","CSs without a shared biological lead SNP",-159.375,0.000439688780733688,10,"gaussian","all finite selected distances; unit area over full domain",1845,1845,1712,0,133,200
"All tissues","SuSiE","CSs without a shared biological lead SNP",-158.984375,0.000446065736760924,10,"gaussian","all finite selected distances; unit area over full domain",1845,1845,1712,0,133,200
"All tissues","SuSiE","CSs without a shared biological lead SNP",-158.59375,0.000452494767054233,10,"gaussian","all finite selected distances; unit area over full domain",1845,1845,1712,0,133,200
"All tissues","SuSiE","CSs without a shared biological lead SNP",-158.203125,0.00045896627346093,10,"gaussian","all finite selected distances; unit area over full domain",1845,1845,1712,0,133,200
"All tissues","SuSiE","CSs without a shared biological lead SNP",-157.8125,0.000465465629261126,10,"gaussian","all finite selected distances; unit area over full domain",1845,1845,1712,0,133,200
"All tissues","SuSiE","CSs without a shared biological lead SNP",-157.421875,0.000471978348425559,10,"gaussian","all finite selected distances; unit area over full domain",1845,1845,1712,0,133,200
"All tissues","SuSiE","CSs without a shared biological lead SNP",-157.03125,0.000478491233138615,10,"gaussian","all finite selected distances; unit area over full domain",1845,1845,1712,0,133,200
"All tissues","SuSiE","CSs without a shared biological lead SNP",-156.640625,0.000484988756924206,10,"gaussian","all finite selected distances; unit area over full domain",1845,1845,1712,0,133,200
"All tissues","SuSiE","CSs without a shared biological lead SNP",-156.25,0.000491458239767809,10,"gaussian","all finite selected distances; unit area over full domain",1845,1845,1712,0,133,200
"All tissues","SuSiE","CSs without a shared biological lead SNP",-155.859375,0.000497883174925005,10,"gaussian","all finite selected distances; unit area over full domain",1845,1845,1712,0,133,200
"All tissues","SuSiE","CSs without a shared biological lead SNP",-155.46875,0.000504247912871339,10,"gaussian","all finite selected distances; unit area over full domain",1845,1845,1712,0,133,200
"All tissues","SuSiE","CSs without a shared biological lead SNP",-155.078125,0.000510542153816272,10,"gaussian","all finite selected distances; unit area over full domain",1845,1845,1712,0,133,200
"All tissues","SuSiE","CSs without a shared biological lead SNP",-154.6875,0.00051674654610274,10,"gaussian","all finite selected distances; unit area over full domain",1845,1845,1712,0,133,200
"All tissues","SuSiE","CSs without a shared biological lead SNP",-154.296875,0.000522846154098591,10,"gaussian","all finite selected distances; unit area over full domain",1845,1845,1712,0,133,200
"All tissues","SuSiE","CSs without a shared biological lead SNP",-153.90625,0.00052883356794339,10,"gaussian","all finite selected distances; unit area over full domain",1845,1845,1712,0,133,200
"All tissues","SuSiE","CSs without a shared biological lead SNP",-153.515625,0.000534687217686749,10,"gaussian","all finite selected distances; unit area over full domain",1845,1845,1712,0,133,200
"All tissues","SuSiE","CSs without a shared biological lead SNP",-153.125,0.000540393731407456,10,"gaussian","all finite selected distances; unit area over full domain",1845,1845,1712,0,133,200
"All tissues","SuSiE","CSs without a shared biological lead SNP",-152.734375,0.000545949003897253,10,"gaussian","all finite selected distances; unit area over full domain",1845,1845,1712,0,133,200
"All tissues","SuSiE","CSs without a shared biological lead SNP",-152.34375,0.000551330014218423,10,"gaussian","all finite selected distances; unit area over full domain",1845,1845,1712,0,133,200
"All tissues","SuSiE","CSs without a shared biological lead SNP",-151.953125,0.000556525764253697,10,"gaussian","all finite selected distances; unit area over full domain",1845,1845,1712,0,133,200
"All tissues","SuSiE","CSs without a shared biological lead SNP",-151.5625,0.000561535745361208,10,"gaussian","all finite selected distances; unit area over full domain",1845,1845,1712,0,133,200
"All tissues","SuSiE","CSs without a shared biological lead SNP",-151.171875,0.000566336361505001,10,"gaussian","all finite selected distances; unit area over full domain",1845,1845,1712,0,133,200
"All tissues","SuSiE","CSs without a shared biological lead SNP",-150.78125,0.000570919704991171,10,"gaussian","all finite selected distances; unit area over full domain",1845,1845,1712,0,133,200
"All tissues","SuSiE","CSs without a shared biological lead SNP",-150.390625,0.000575289010217846,10,"gaussian","all finite selected distances; unit area over full domain",1845,1845,1712,0,133,200
"All tissues","SuSiE","CSs without a shared biological lead SNP",-150,0.000579421050043532,10,"gaussian","all finite selected distances; unit area over full domain",1845,1845,1712,0,133,200
"All tissues","SuSiE","CSs without a shared biological lead SNP",-149.609375,0.000583311579732719,10,"gaussian","all finite selected distances; unit area over full domain",1845,1845,1712,0,133,200
"All tissues","SuSiE","CSs without a shared biological lead SNP",-149.21875,0.00058696756237202,10,"gaussian","all finite selected distances; unit area over full domain",1845,1845,1712,0,133,200
"All tissues","SuSiE","CSs without a shared biological lead SNP",-148.828125,0.000590367105305462,10,"gaussian","all finite selected distances; unit area over full domain",1845,1845,1712,0,133,200
"All tissues","SuSiE","CSs without a shared biological lead SNP",-148.4375,0.00059351001175672,10,"gaussian","all finite selected distances; unit area over full domain",1845,1845,1712,0,133,200
"All tissues","SuSiE","CSs without a shared biological lead SNP",-148.046875,0.000596406791589845,10,"gaussian","all finite selected distances; unit area over full domain",1845,1845,1712,0,133,200
"All tissues","SuSiE","CSs without a shared biological lead SNP",-147.65625,0.000599037823972771,10,"gaussian","all finite selected distances; unit area over full domain",1845,1845,1712,0,133,200
"All tissues","SuSiE","CSs without a shared biological lead SNP",-147.265625,0.00060140712470407,10,"gaussian","all finite selected distances; unit area over full domain",1845,1845,1712,0,133,200
"All tissues","SuSiE","CSs without a shared biological lead SNP",-146.875,0.000603528403560072,10,"gaussian","all finite selected distances; unit area over full domain",1845,1845,1712,0,133,200
"All tissues","SuSiE","CSs without a shared biological lead SNP",-146.484375,0.000605385170269045,10,"gaussian","all finite selected distances; unit area over full domain",1845,1845,1712,0,133,200
"All tissues","SuSiE","CSs without a shared biological lead SNP",-146.09375,0.000606985577831309,10,"gaussian","all finite selected distances; unit area over full domain",1845,1845,1712,0,133,200
"All tissues","SuSiE","CSs without a shared biological lead SNP",-145.703125,0.000608346036084501,10,"gaussian","all finite selected distances; unit area over full domain",1845,1845,1712,0,133,200
"All tissues","SuSiE","CSs without a shared biological lead SNP",-145.3125,0.000609453917509193,10,"gaussian","all finite selected distances; unit area over full domain",1845,1845,1712,0,133,200
"All tissues","SuSiE","CSs without a shared biological lead SNP",-144.921875,0.000610321192349934,10,"gaussian","all finite selected distances; unit area over full domain",1845,1845,1712,0,133,200
"All tissues","SuSiE","CSs without a shared biological lead SNP",-144.53125,0.000610966338459809,10,"gaussian","all finite selected distances; unit area over full domain",1845,1845,1712,0,133,200
"All tissues","SuSiE","CSs without a shared biological lead SNP",-144.140625,0.0006113811540704,10,"gaussian","all finite selected distances; unit area over full domain",1845,1845,1712,0,133,200
"All tissues","SuSiE","CSs without a shared biological lead SNP",-143.75,0.000611580873382978,10,"gaussian","all finite selected distances; unit area over full domain",1845,1845,1712,0,133,200
"All tissues","SuSiE","CSs without a shared biological lead SNP",-143.359375,0.00061158530664987,10,"gaussian","all finite selected distances; unit area over full domain",1845,1845,1712,0,133,200
"All tissues","SuSiE","CSs without a shared biological lead SNP",-142.96875,0.000611391037094617,10,"gaussian","all finite selected distances; unit area over full domain",1845,1845,1712,0,133,200
"All tissues","SuSiE","CSs without a shared biological lead SNP",-142.578125,0.000611015803268813,10,"gaussian","all finite selected distances; unit area over full domain",1845,1845,1712,0,133,200
"All tissues","SuSiE","CSs without a shared biological lead SNP",-142.1875,0.000610479943743488,10,"gaussian","all finite selected distances; unit area over full domain",1845,1845,1712,0,133,200
"All tissues","SuSiE","CSs without a shared biological lead SNP",-141.796875,0.000609784958313388,10,"gaussian","all finite selected distances; unit area over full domain",1845,1845,1712,0,133,200
"All tissues","SuSiE","CSs without a shared biological lead SNP",-141.40625,0.000608950165664473,10,"gaussian","all finite selected distances; unit area over full domain",1845,1845,1712,0,133,200
"All tissues","SuSiE","CSs without a shared biological lead SNP",-141.015625,0.000607995600053672,10,"gaussian","all finite selected distances; unit area over full domain",1845,1845,1712,0,133,200
"All tissues","SuSiE","CSs without a shared biological lead SNP",-140.625,0.000606927570698766,10,"gaussian","all finite selected distances; unit area over full domain",1845,1845,1712,0,133,200
"All tissues","SuSiE","CSs without a shared biological lead SNP",-140.234375,0.000605765941930603,10,"gaussian","all finite selected distances; unit area over full domain",1845,1845,1712,0,133,200
"All tissues","SuSiE","CSs without a shared biological lead SNP",-139.84375,0.00060452962522812,10,"gaussian","all finite selected distances; unit area over full domain",1845,1845,1712,0,133,200
"All tissues","SuSiE","CSs without a shared biological lead SNP",-139.453125,0.000603229396659971,10,"gaussian","all finite selected distances; unit area over full domain",1845,1845,1712,0,133,200
"All tissues","SuSiE","CSs without a shared biological lead SNP",-139.0625,0.000601884585281777,10,"gaussian","all finite selected distances; unit area over full domain",1845,1845,1712,0,133,200
"All tissues","SuSiE","CSs without a shared biological lead SNP",-138.671875,0.000600512218706586,10,"gaussian","all finite selected distances; unit area over full domain",1845,1845,1712,0,133,200
"All tissues","SuSiE","CSs without a shared biological lead SNP",-138.28125,0.00059912698013425,10,"gaussian","all finite selected distances; unit area over full domain",1845,1845,1712,0,133,200
"All tissues","SuSiE","CSs without a shared biological lead SNP",-137.890625,0.000597746605207766,10,"gaussian","all finite selected distances; unit area over full domain",1845,1845,1712,0,133,200
"All tissues","SuSiE","CSs without a shared biological lead SNP",-137.5,0.000596385575037376,10,"gaussian","all finite selected distances; unit area over full domain",1845,1845,1712,0,133,200
"All tissues","SuSiE","CSs without a shared biological lead SNP",-137.109375,0.00059506173576083,10,"gaussian","all finite selected distances; unit area over full domain",1845,1845,1712,0,133,200
"All tissues","SuSiE","CSs without a shared biological lead SNP",-136.71875,0.000593790263843939,10,"gaussian","all finite selected distances; unit area over full domain",1845,1845,1712,0,133,200
"All tissues","SuSiE","CSs without a shared biological lead SNP",-136.328125,0.000592582565846114,10,"gaussian","all finite selected distances; unit area over full domain",1845,1845,1712,0,133,200
"All tissues","SuSiE","CSs without a shared biological lead SNP",-135.9375,0.000591458767339336,10,"gaussian","all finite selected distances; unit area over full domain",1845,1845,1712,0,133,200
"All tissues","SuSiE","CSs without a shared biological lead SNP",-135.546875,0.000590430676665567,10,"gaussian","all finite selected distances; unit area over full domain",1845,1845,1712,0,133,200
"All tissues","SuSiE","CSs without a shared biological lead SNP",-135.15625,0.000589506260787504,10,"gaussian","all finite selected distances; unit area over full domain",1845,1845,1712,0,133,200
"All tissues","SuSiE","CSs without a shared biological lead SNP",-134.765625,0.000588706956323798,10,"gaussian","all finite selected distances; unit area over full domain",1845,1845,1712,0,133,200
"All tissues","SuSiE","CSs without a shared biological lead SNP",-134.375,0.00058804060511693,10,"gaussian","all finite selected distances; unit area over full domain",1845,1845,1712,0,133,200
"All tissues","SuSiE","CSs without a shared biological lead SNP",-133.984375,0.000587511550701283,10,"gaussian","all finite selected distances; unit area over full domain",1845,1845,1712,0,133,200
"All tissues","SuSiE","CSs without a shared biological lead SNP",-133.59375,0.000587141546836717,10,"gaussian","all finite selected distances; unit area over full domain",1845,1845,1712,0,133,200
"All tissues","SuSiE","CSs without a shared biological lead SNP",-133.203125,0.000586934119182375,10,"gaussian","all finite selected distances; unit area over full domain",1845,1845,1712,0,133,200
"All tissues","SuSiE","CSs without a shared biological lead SNP",-132.8125,0.000586889991415363,10,"gaussian","all finite selected distances; unit area over full domain",1845,1845,1712,0,133,200
"All tissues","SuSiE","CSs without a shared biological lead SNP",-132.421875,0.00058703027432358,10,"gaussian","all finite selected distances; unit area over full domain",1845,1845,1712,0,133,200
"All tissues","SuSiE","CSs without a shared biological lead SNP",-132.03125,0.00058735409521211,10,"gaussian","all finite selected distances; unit area over full domain",1845,1845,1712,0,133,200
"All tissues","SuSiE","CSs without a shared biological lead SNP",-131.640625,0.000587858742196952,10,"gaussian","all finite selected distances; unit area over full domain",1845,1845,1712,0,133,200
"All tissues","SuSiE","CSs without a shared biological lead SNP",-131.25,0.00058856381094286,10,"gaussian","all finite selected distances; unit area over full domain",1845,1845,1712,0,133,200
"All tissues","SuSiE","CSs without a shared biological lead SNP",-130.859375,0.000589464213450121,10,"gaussian","all finite selected distances; unit area over full domain",1845,1845,1712,0,133,200
"All tissues","SuSiE","CSs without a shared biological lead SNP",-130.46875,0.000590554148126304,10,"gaussian","all finite selected distances; unit area over full domain",1845,1845,1712,0,133,200
"All tissues","SuSiE","CSs without a shared biological lead SNP",-130.078125,0.000591850955827005,10,"gaussian","all finite selected distances; unit area over full domain",1845,1845,1712,0,133,200
"All tissues","SuSiE","CSs without a shared biological lead SNP",-129.6875,0.000593345758510575,10,"gaussian","all finite selected distances; unit area over full domain",1845,1845,1712,0,133,200
"All tissues","SuSiE","CSs without a shared biological lead SNP",-129.296875,0.000595030142294911,10,"gaussian","all finite selected distances; unit area over full domain",1845,1845,1712,0,133,200
"All tissues","SuSiE","CSs without a shared biological lead SNP",-128.90625,0.000596918617475146,10,"gaussian","all finite selected distances; unit area over full domain",1845,1845,1712,0,133,200
"All tissues","SuSiE","CSs without a shared biological lead SNP",-128.515625,0.000598999142394331,10,"gaussian","all finite selected distances; unit area over full domain",1845,1845,1712,0,133,200
"All tissues","SuSiE","CSs without a shared biological lead SNP",-128.125,0.000601261261897547,10,"gaussian","all finite selected distances; unit area over full domain",1845,1845,1712,0,133,200
"All tissues","SuSiE","CSs without a shared biological lead SNP",-127.734375,0.000603716260568197,10,"gaussian","all finite selected distances; unit area over full domain",1845,1845,1712,0,133,200
"All tissues","SuSiE","CSs without a shared biological lead SNP",-127.34375,0.000606349706268831,10,"gaussian","all finite selected distances; unit area over full domain",1845,1845,1712,0,133,200
"All tissues","SuSiE","CSs without a shared biological lead SNP",-126.953125,0.000609149724941688,10,"gaussian","all finite selected distances; unit area over full domain",1845,1845,1712,0,133,200
"All tissues","SuSiE","CSs without a shared biological lead SNP",-126.5625,0.00061212416278239,10,"gaussian","all finite selected distances; unit area over full domain",1845,1845,1712,0,133,200
"All tissues","SuSiE","CSs without a shared biological lead SNP",-126.171875,0.00061525705513651,10,"gaussian","all finite selected distances; unit area over full domain",1845,1845,1712,0,133,200
"All tissues","SuSiE","CSs without a shared biological lead SNP",-125.78125,0.000618535740326677,10,"gaussian","all finite selected distances; unit area over full domain",1845,1845,1712,0,133,200
"All tissues","SuSiE","CSs without a shared biological lead SNP",-125.390625,0.000621964584741777,10,"gaussian","all finite selected distances; unit area over full domain",1845,1845,1712,0,133,200
"All tissues","SuSiE","CSs without a shared biological lead SNP",-125,0.000625526971179178,10,"gaussian","all finite selected distances; unit area over full domain",1845,1845,1712,0,133,200
"All tissues","SuSiE","CSs without a shared biological lead SNP",-124.609375,0.000629210051815321,10,"gaussian","all finite selected distances; unit area over full domain",1845,1845,1712,0,133,200
"All tissues","SuSiE","CSs without a shared biological lead SNP",-124.21875,0.000633014821765366,10,"gaussian","all finite selected distances; unit area over full domain",1845,1845,1712,0,133,200
"All tissues","SuSiE","CSs without a shared biological lead SNP",-123.828125,0.000636924855544551,10,"gaussian","all finite selected distances; unit area over full domain",1845,1845,1712,0,133,200
"All tissues","SuSiE","CSs without a shared biological lead SNP",-123.4375,0.000640927659052076,10,"gaussian","all finite selected distances; unit area over full domain",1845,1845,1712,0,133,200
"All tissues","SuSiE","CSs without a shared biological lead SNP",-123.046875,0.000645021086967029,10,"gaussian","all finite selected distances; unit area over full domain",1845,1845,1712,0,133,200
"All tissues","SuSiE","CSs without a shared biological lead SNP",-122.65625,0.000649189666313887,10,"gaussian","all finite selected distances; unit area over full domain",1845,1845,1712,0,133,200
"All tissues","SuSiE","CSs without a shared biological lead SNP",-122.265625,0.000653421712215342,10,"gaussian","all finite selected distances; unit area over full domain",1845,1845,1712,0,133,200
"All tissues","SuSiE","CSs without a shared biological lead SNP",-121.875,0.000657712261897999,10,"gaussian","all finite selected distances; unit area over full domain",1845,1845,1712,0,133,200
"All tissues","SuSiE","CSs without a shared biological lead SNP",-121.484375,0.000662047437389223,10,"gaussian","all finite selected distances; unit area over full domain",1845,1845,1712,0,133,200
"All tissues","SuSiE","CSs without a shared biological lead SNP",-121.09375,0.000666416721216749,10,"gaussian","all finite selected distances; unit area over full domain",1845,1845,1712,0,133,200
"All tissues","SuSiE","CSs without a shared biological lead SNP",-120.703125,0.000670812718926922,10,"gaussian","all finite selected distances; unit area over full domain",1845,1845,1712,0,133,200
"All tissues","SuSiE","CSs without a shared biological lead SNP",-120.3125,0.000675223650859942,10,"gaussian","all finite selected distances; unit area over full domain",1845,1845,1712,0,133,200
"All tissues","SuSiE","CSs without a shared biological lead SNP",-119.921875,0.000679640424155912,10,"gaussian","all finite selected distances; unit area over full domain",1845,1845,1712,0,133,200
"All tissues","SuSiE","CSs without a shared biological lead SNP",-119.53125,0.000684053635044005,10,"gaussian","all finite selected distances; unit area over full domain",1845,1845,1712,0,133,200
"All tissues","SuSiE","CSs without a shared biological lead SNP",-119.140625,0.000688453958474457,10,"gaussian","all finite selected distances; unit area over full domain",1845,1845,1712,0,133,200
"All tissues","SuSiE","CSs without a shared biological lead SNP",-118.75,0.000692833886502419,10,"gaussian","all finite selected distances; unit area over full domain",1845,1845,1712,0,133,200
"All tissues","SuSiE","CSs without a shared biological lead SNP",-118.359375,0.000697182443168201,10,"gaussian","all finite selected distances; unit area over full domain",1845,1845,1712,0,133,200
"All tissues","SuSiE","CSs without a shared biological lead SNP",-117.96875,0.000701492970271419,10,"gaussian","all finite selected distances; unit area over full domain",1845,1845,1712,0,133,200
"All tissues","SuSiE","CSs without a shared biological lead SNP",-117.578125,0.000705759617758376,10,"gaussian","all finite selected distances; unit area over full domain",1845,1845,1712,0,133,200
"All tissues","SuSiE","CSs without a shared biological lead SNP",-117.1875,0.000709970272065073,10,"gaussian","all finite selected distances; unit area over full domain",1845,1845,1712,0,133,200
"All tissues","SuSiE","CSs without a shared biological lead SNP",-116.796875,0.00071412102076556,10,"gaussian","all finite selected distances; unit area over full domain",1845,1845,1712,0,133,200
"All tissues","SuSiE","CSs without a shared biological lead SNP",-116.40625,0.000718207670056961,10,"gaussian","all finite selected distances; unit area over full domain",1845,1845,1712,0,133,200
"All tissues","SuSiE","CSs without a shared biological lead SNP",-116.015625,0.000722217387403043,10,"gaussian","all finite selected distances; unit area over full domain",1845,1845,1712,0,133,200
"All tissues","SuSiE","CSs without a shared biological lead SNP",-115.625,0.00072614896728299,10,"gaussian","all finite selected distances; unit area over full domain",1845,1845,1712,0,133,200
"All tissues","SuSiE","CSs without a shared biological lead SNP",-115.234375,0.000729999809649717,10,"gaussian","all finite selected distances; unit area over full domain",1845,1845,1712,0,133,200
"All tissues","SuSiE","CSs without a shared biological lead SNP",-114.84375,0.000733756755234716,10,"gaussian","all finite selected distances; unit area over full domain",1845,1845,1712,0,133,200
"All tissues","SuSiE","CSs without a shared biological lead SNP",-114.453125,0.000737421166604511,10,"gaussian","all finite selected distances; unit area over full domain",1845,1845,1712,0,133,200
"All tissues","SuSiE","CSs without a shared biological lead SNP",-114.0625,0.000740991927480916,10,"gaussian","all finite selected distances; unit area over full domain",1845,1845,1712,0,133,200
"All tissues","SuSiE","CSs without a shared biological lead SNP",-113.671875,0.000744455909458589,10,"gaussian","all finite selected distances; unit area over full domain",1845,1845,1712,0,133,200
"All tissues","SuSiE","CSs without a shared biological lead SNP",-113.28125,0.000747816823038158,10,"gaussian","all finite selected distances; unit area over full domain",1845,1845,1712,0,133,200
"All tissues","SuSiE","CSs without a shared biological lead SNP",-112.890625,0.000751074890522363,10,"gaussian","all finite selected distances; unit area over full domain",1845,1845,1712,0,133,200
"All tissues","SuSiE","CSs without a shared biological lead SNP",-112.5,0.000754217330981315,10,"gaussian","all finite selected distances; unit area over full domain",1845,1845,1712,0,133,200
"All tissues","SuSiE","CSs without a shared biological lead SNP",-112.109375,0.000757249920097471,10,"gaussian","all finite selected distances; unit area over full domain",1845,1845,1712,0,133,200
"All tissues","SuSiE","CSs without a shared biological lead SNP",-111.71875,0.000760174049628708,10,"gaussian","all finite selected distances; unit area over full domain",1845,1845,1712,0,133,200
"All tissues","SuSiE","CSs without a shared biological lead SNP",-111.328125,0.000762977557717064,10,"gaussian","all finite selected distances; unit area over full domain",1845,1845,1712,0,133,200
"All tissues","SuSiE","CSs without a shared biological lead SNP",-110.9375,0.000765667958745024,10,"gaussian","all finite selected distances; unit area over full domain",1845,1845,1712,0,133,200
"All tissues","SuSiE","CSs without a shared biological lead SNP",-110.546875,0.000768247631619598,10,"gaussian","all finite selected distances; unit area over full domain",1845,1845,1712,0,133,200
"All tissues","SuSiE","CSs without a shared biological lead SNP",-110.15625,0.000770705259376359,10,"gaussian","all finite selected distances; unit area over full domain",1845,1845,1712,0,133,200
"All tissues","SuSiE","CSs without a shared biological lead SNP",-109.765625,0.000773049744099647,10,"gaussian","all finite selected distances; unit area over full domain",1845,1845,1712,0,133,200
"All tissues","SuSiE","CSs without a shared biological lead SNP",-109.375,0.000775284267257516,10,"gaussian","all finite selected distances; unit area over full domain",1845,1845,1712,0,133,200
"All tissues","SuSiE","CSs without a shared biological lead SNP",-108.984375,0.000777398540560345,10,"gaussian","all finite selected distances; unit area over full domain",1845,1845,1712,0,133,200
"All tissues","SuSiE","CSs without a shared biological lead SNP",-108.59375,0.00077940249774739,10,"gaussian","all finite selected distances; unit area over full domain",1845,1845,1712,0,133,200
"All tissues","SuSiE","CSs without a shared biological lead SNP",-108.203125,0.000781299947412853,10,"gaussian","all finite selected distances; unit area over full domain",1845,1845,1712,0,133,200
"All tissues","SuSiE","CSs without a shared biological lead SNP",-107.8125,0.000783081780904126,10,"gaussian","all finite selected distances; unit area over full domain",1845,1845,1712,0,133,200
"All tissues","SuSiE","CSs without a shared biological lead SNP",-107.421875,0.000784758621458787,10,"gaussian","all finite selected distances; unit area over full domain",1845,1845,1712,0,133,200
"All tissues","SuSiE","CSs without a shared biological lead SNP",-107.03125,0.000786334750338084,10,"gaussian","all finite selected distances; unit area over full domain",1845,1845,1712,0,133,200
"All tissues","SuSiE","CSs without a shared biological lead SNP",-106.640625,0.00078780237162684,10,"gaussian","all finite selected distances; unit area over full domain",1845,1845,1712,0,133,200
"All tissues","SuSiE","CSs without a shared biological lead SNP",-106.25,0.000789172486572365,10,"gaussian","all finite selected distances; unit area over full domain",1845,1845,1712,0,133,200
"All tissues","SuSiE","CSs without a shared biological lead SNP",-105.859375,0.000790449726991271,10,"gaussian","all finite selected distances; unit area over full domain",1845,1845,1712,0,133,200
"All tissues","SuSiE","CSs without a shared biological lead SNP",-105.46875,0.00079162774472604,10,"gaussian","all finite selected distances; unit area over full domain",1845,1845,1712,0,133,200
"All tissues","SuSiE","CSs without a shared biological lead SNP",-105.078125,0.000792717650496958,10,"gaussian","all finite selected distances; unit area over full domain",1845,1845,1712,0,133,200
"All tissues","SuSiE","CSs without a shared biological lead SNP",-104.6875,0.00079372434636264,10,"gaussian","all finite selected distances; unit area over full domain",1845,1845,1712,0,133,200
"All tissues","SuSiE","CSs without a shared biological lead SNP",-104.296875,0.000794643091201938,10,"gaussian","all finite selected distances; unit area over full domain",1845,1845,1712,0,133,200
"All tissues","SuSiE","CSs without a shared biological lead SNP",-103.90625,0.000795484884831244,10,"gaussian","all finite selected distances; unit area over full domain",1845,1845,1712,0,133,200
"All tissues","SuSiE","CSs without a shared biological lead SNP",-103.515625,0.000796254866717937,10,"gaussian","all finite selected distances; unit area over full domain",1845,1845,1712,0,133,200
"All tissues","SuSiE","CSs without a shared biological lead SNP",-103.125,0.000796950107695796,10,"gaussian","all finite selected distances; unit area over full domain",1845,1845,1712,0,133,200
"All tissues","SuSiE","CSs without a shared biological lead SNP",-102.734375,0.000797581320421098,10,"gaussian","all finite selected distances; unit area over full domain",1845,1845,1712,0,133,200
"All tissues","SuSiE","CSs without a shared biological lead SNP",-102.34375,0.000798153896502735,10,"gaussian","all finite selected distances; unit area over full domain",1845,1845,1712,0,133,200
"All tissues","SuSiE","CSs without a shared biological lead SNP",-101.953125,0.000798666985379127,10,"gaussian","all finite selected distances; unit area over full domain",1845,1845,1712,0,133,200
"All tissues","SuSiE","CSs without a shared biological lead SNP",-101.5625,0.000799130866082007,10,"gaussian","all finite selected distances; unit area over full domain",1845,1845,1712,0,133,200
"All tissues","SuSiE","CSs without a shared biological lead SNP",-101.171875,0.000799551237809188,10,"gaussian","all finite selected distances; unit area over full domain",1845,1845,1712,0,133,200
"All tissues","SuSiE","CSs without a shared biological lead SNP",-100.78125,0.000799929663329536,10,"gaussian","all finite selected distances; unit area over full domain",1845,1845,1712,0,133,200
"All tissues","SuSiE","CSs without a shared biological lead SNP",-100.390625,0.000800275847444849,10,"gaussian","all finite selected distances; unit area over full domain",1845,1845,1712,0,133,200
"All tissues","SuSiE","CSs without a shared biological lead SNP",-100,0.000800595878884297,10,"gaussian","all finite selected distances; unit area over full domain",1845,1845,1712,0,133,200
"All tissues","SuSiE","CSs without a shared biological lead SNP",-99.609375,0.000800894129413276,10,"gaussian","all finite selected distances; unit area over full domain",1845,1845,1712,0,133,200
"All tissues","SuSiE","CSs without a shared biological lead SNP",-99.21875,0.000801179564045101,10,"gaussian","all finite selected distances; unit area over full domain",1845,1845,1712,0,133,200
"All tissues","SuSiE","CSs without a shared biological lead SNP",-98.828125,0.000801458748656653,10,"gaussian","all finite selected distances; unit area over full domain",1845,1845,1712,0,133,200
"All tissues","SuSiE","CSs without a shared biological lead SNP",-98.4375,0.000801739297825796,10,"gaussian","all finite selected distances; unit area over full domain",1845,1845,1712,0,133,200
"All tissues","SuSiE","CSs without a shared biological lead SNP",-98.046875,0.00080202921324479,10,"gaussian","all finite selected distances; unit area over full domain",1845,1845,1712,0,133,200
"All tissues","SuSiE","CSs without a shared biological lead SNP",-97.65625,0.000802335605847665,10,"gaussian","all finite selected distances; unit area over full domain",1845,1845,1712,0,133,200
"All tissues","SuSiE","CSs without a shared biological lead SNP",-97.265625,0.000802669766596328,10,"gaussian","all finite selected distances; unit area over full domain",1845,1845,1712,0,133,200
"All tissues","SuSiE","CSs without a shared biological lead SNP",-96.875,0.000803038423213112,10,"gaussian","all finite selected distances; unit area over full domain",1845,1845,1712,0,133,200
"All tissues","SuSiE","CSs without a shared biological lead SNP",-96.484375,0.000803449253101317,10,"gaussian","all finite selected distances; unit area over full domain",1845,1845,1712,0,133,200
"All tissues","SuSiE","CSs without a shared biological lead SNP",-96.09375,0.00080391760555641,10,"gaussian","all finite selected distances; unit area over full domain",1845,1845,1712,0,133,200
"All tissues","SuSiE","CSs without a shared biological lead SNP",-95.703125,0.000804448517897435,10,"gaussian","all finite selected distances; unit area over full domain",1845,1845,1712,0,133,200
"All tissues","SuSiE","CSs without a shared biological lead SNP",-95.3125,0.000805050184574906,10,"gaussian","all finite selected distances; unit area over full domain",1845,1845,1712,0,133,200
"All tissues","SuSiE","CSs without a shared biological lead SNP",-94.921875,0.000805742284306837,10,"gaussian","all finite selected distances; unit area over full domain",1845,1845,1712,0,133,200
"All tissues","SuSiE","CSs without a shared biological lead SNP",-94.53125,0.000806527639557446,10,"gaussian","all finite selected distances; unit area over full domain",1845,1845,1712,0,133,200
"All tissues","SuSiE","CSs without a shared biological lead SNP",-94.140625,0.000807414823696569,10,"gaussian","all finite selected distances; unit area over full domain",1845,1845,1712,0,133,200
"All tissues","SuSiE","CSs without a shared biological lead SNP",-93.75,0.000808427945118219,10,"gaussian","all finite selected distances; unit area over full domain",1845,1845,1712,0,133,200
"All tissues","SuSiE","CSs without a shared biological lead SNP",-93.359375,0.000809566997312525,10,"gaussian","all finite selected distances; unit area over full domain",1845,1845,1712,0,133,200
"All tissues","SuSiE","CSs without a shared biological lead SNP",-92.96875,0.000810840697848576,10,"gaussian","all finite selected distances; unit area over full domain",1845,1845,1712,0,133,200
"All tissues","SuSiE","CSs without a shared biological lead SNP",-92.578125,0.00081227746174885,10,"gaussian","all finite selected distances; unit area over full domain",1845,1845,1712,0,133,200
"All tissues","SuSiE","CSs without a shared biological lead SNP",-92.1875,0.000813873790029424,10,"gaussian","all finite selected distances; unit area over full domain",1845,1845,1712,0,133,200
"All tissues","SuSiE","CSs without a shared biological lead SNP",-91.796875,0.000815638217667443,10,"gaussian","all finite selected distances; unit area over full domain",1845,1845,1712,0,133,200
"All tissues","SuSiE","CSs without a shared biological lead SNP",-91.40625,0.000817603083241395,10,"gaussian","all finite selected distances; unit area over full domain",1845,1845,1712,0,133,200
"All tissues","SuSiE","CSs without a shared biological lead SNP",-91.015625,0.000819760742593275,10,"gaussian","all finite selected distances; unit area over full domain",1845,1845,1712,0,133,200
"All tissues","SuSiE","CSs without a shared biological lead SNP",-90.625,0.000822119147030215,10,"gaussian","all finite selected distances; unit area over full domain",1845,1845,1712,0,133,200
"All tissues","SuSiE","CSs without a shared biological lead SNP",-90.234375,0.00082471390160208,10,"gaussian","all finite selected distances; unit area over full domain",1845,1845,1712,0,133,200
"All tissues","SuSiE","CSs without a shared biological lead SNP",-89.84375,0.000827532649639504,10,"gaussian","all finite selected distances; unit area over full domain",1845,1845,1712,0,133,200
"All tissues","SuSiE","CSs without a shared biological lead SNP",-89.453125,0.000830582313503544,10,"gaussian","all finite selected distances; unit area over full domain",1845,1845,1712,0,133,200
"All tissues","SuSiE","CSs without a shared biological lead SNP",-89.0625,0.000833900847005525,10,"gaussian","all finite selected distances; unit area over full domain",1845,1845,1712,0,133,200
"All tissues","SuSiE","CSs without a shared biological lead SNP",-88.671875,0.000837470779455952,10,"gaussian","all finite selected distances; unit area over full domain",1845,1845,1712,0,133,200
"All tissues","SuSiE","CSs without a shared biological lead SNP",-88.28125,0.000841297554434211,10,"gaussian","all finite selected distances; unit area over full domain",1845,1845,1712,0,133,200
"All tissues","SuSiE","CSs without a shared biological lead SNP",-87.890625,0.000845420338376125,10,"gaussian","all finite selected distances; unit area over full domain",1845,1845,1712,0,133,200
"All tissues","SuSiE","CSs without a shared biological lead SNP",-87.5,0.000849816386838831,10,"gaussian","all finite selected distances; unit area over full domain",1845,1845,1712,0,133,200
"All tissues","SuSiE","CSs without a shared biological lead SNP",-87.109375,0.000854489255148664,10,"gaussian","all finite selected distances; unit area over full domain",1845,1845,1712,0,133,200
"All tissues","SuSiE","CSs without a shared biological lead SNP",-86.71875,0.000859478036621289,10,"gaussian","all finite selected distances; unit area over full domain",1845,1845,1712,0,133,200
"All tissues","SuSiE","CSs without a shared biological lead SNP",-86.328125,0.000864754855578099,10,"gaussian","all finite selected distances; unit area over full domain",1845,1845,1712,0,133,200
"All tissues","SuSiE","CSs without a shared biological lead SNP",-85.9375,0.000870321054938779,10,"gaussian","all finite selected distances; unit area over full domain",1845,1845,1712,0,133,200
"All tissues","SuSiE","CSs without a shared biological lead SNP",-85.546875,0.000876214309236354,10,"gaussian","all finite selected distances; unit area over full domain",1845,1845,1712,0,133,200
"All tissues","SuSiE","CSs without a shared biological lead SNP",-85.15625,0.0008824020914346,10,"gaussian","all finite selected distances; unit area over full domain",1845,1845,1712,0,133,200
"All tissues","SuSiE","CSs without a shared biological lead SNP",-84.765625,0.000888883332624855,10,"gaussian","all finite selected distances; unit area over full domain",1845,1845,1712,0,133,200
"All tissues","SuSiE","CSs without a shared biological lead SNP",-84.375,0.000895692984795106,10,"gaussian","all finite selected distances; unit area over full domain",1845,1845,1712,0,133,200
"All tissues","SuSiE","CSs without a shared biological lead SNP",-83.984375,0.000902794689228767,10,"gaussian","all finite selected distances; unit area over full domain",1845,1845,1712,0,133,200
"All tissues","SuSiE","CSs without a shared biological lead SNP",-83.59375,0.000910184919232806,10,"gaussian","all finite selected distances; unit area over full domain",1845,1845,1712,0,133,200
"All tissues","SuSiE","CSs without a shared biological lead SNP",-83.203125,0.000917894745607247,10,"gaussian","all finite selected distances; unit area over full domain",1845,1845,1712,0,133,200
"All tissues","SuSiE","CSs without a shared biological lead SNP",-82.8125,0.000925885103714312,10,"gaussian","all finite selected distances; unit area over full domain",1845,1845,1712,0,133,200
"All tissues","SuSiE","CSs without a shared biological lead SNP",-82.421875,0.000934150130632435,10,"gaussian","all finite selected distances; unit area over full domain",1845,1845,1712,0,133,200
"All tissues","SuSiE","CSs without a shared biological lead SNP",-82.03125,0.000942716095681609,10,"gaussian","all finite selected distances; unit area over full domain",1845,1845,1712,0,133,200
"All tissues","SuSiE","CSs without a shared biological lead SNP",-81.640625,0.000951542591343993,10,"gaussian","all finite selected distances; unit area over full domain",1845,1845,1712,0,133,200
"All tissues","SuSiE","CSs without a shared biological lead SNP",-81.25,0.000960621704593124,10,"gaussian","all finite selected distances; unit area over full domain",1845,1845,1712,0,133,200
"All tissues","SuSiE","CSs without a shared biological lead SNP",-80.859375,0.000969974293982742,10,"gaussian","all finite selected distances; unit area over full domain",1845,1845,1712,0,133,200
"All tissues","SuSiE","CSs without a shared biological lead SNP",-80.46875,0.00097956011129913,10,"gaussian","all finite selected distances; unit area over full domain",1845,1845,1712,0,133,200
"All tissues","SuSiE","CSs without a shared biological lead SNP",-80.078125,0.00098936962392847,10,"gaussian","all finite selected distances; unit area over full domain",1845,1845,1712,0,133,200
"All tissues","SuSiE","CSs without a shared biological lead SNP",-79.6875,0.000999418025079203,10,"gaussian","all finite selected distances; unit area over full domain",1845,1845,1712,0,133,200
"All tissues","SuSiE","CSs without a shared biological lead SNP",-79.296875,0.00100966674955323,10,"gaussian","all finite selected distances; unit area over full domain",1845,1845,1712,0,133,200
"All tissues","SuSiE","CSs without a shared biological lead SNP",-78.90625,0.001020105336003,10,"gaussian","all finite selected distances; unit area over full domain",1845,1845,1712,0,133,200
"All tissues","SuSiE","CSs without a shared biological lead SNP",-78.515625,0.0010307429678736,10,"gaussian","all finite selected distances; unit area over full domain",1845,1845,1712,0,133,200
"All tissues","SuSiE","CSs without a shared biological lead SNP",-78.125,0.00104154463823325,10,"gaussian","all finite selected distances; unit area over full domain",1845,1845,1712,0,133,200
"All tissues","SuSiE","CSs without a shared biological lead SNP",-77.734375,0.00105249935142039,10,"gaussian","all finite selected distances; unit area over full domain",1845,1845,1712,0,133,200
"All tissues","SuSiE","CSs without a shared biological lead SNP",-77.34375,0.00106361089701493,10,"gaussian","all finite selected distances; unit area over full domain",1845,1845,1712,0,133,200
"All tissues","SuSiE","CSs without a shared biological lead SNP",-76.953125,0.00107484886107713,10,"gaussian","all finite selected distances; unit area over full domain",1845,1845,1712,0,133,200
"All tissues","SuSiE","CSs without a shared biological lead SNP",-76.5625,0.00108620231127976,10,"gaussian","all finite selected distances; unit area over full domain",1845,1845,1712,0,133,200
"All tissues","SuSiE","CSs without a shared biological lead SNP",-76.171875,0.00109767058040789,10,"gaussian","all finite selected distances; unit area over full domain",1845,1845,1712,0,133,200
"All tissues","SuSiE","CSs without a shared biological lead SNP",-75.78125,0.00110922852857413,10,"gaussian","all finite selected distances; unit area over full domain",1845,1845,1712,0,133,200
"All tissues","SuSiE","CSs without a shared biological lead SNP",-75.390625,0.00112086586141853,10,"gaussian","all finite selected distances; unit area over full domain",1845,1845,1712,0,133,200
"All tissues","SuSiE","CSs without a shared biological lead SNP",-75,0.00113257857035221,10,"gaussian","all finite selected distances; unit area over full domain",1845,1845,1712,0,133,200
"All tissues","SuSiE","CSs without a shared biological lead SNP",-74.609375,0.00114434711559205,10,"gaussian","all finite selected distances; unit area over full domain",1845,1845,1712,0,133,200
"All tissues","SuSiE","CSs without a shared biological lead SNP",-74.21875,0.00115616233155112,10,"gaussian","all finite selected distances; unit area over full domain",1845,1845,1712,0,133,200
"All tissues","SuSiE","CSs without a shared biological lead SNP",-73.828125,0.00116801804890797,10,"gaussian","all finite selected distances; unit area over full domain",1845,1845,1712,0,133,200
"All tissues","SuSiE","CSs without a shared biological lead SNP",-73.4375,0.00117990029357651,10,"gaussian","all finite selected distances; unit area over full domain",1845,1845,1712,0,133,200
"All tissues","SuSiE","CSs without a shared biological lead SNP",-73.046875,0.00119180139902979,10,"gaussian","all finite selected distances; unit area over full domain",1845,1845,1712,0,133,200
"All tissues","SuSiE","CSs without a shared biological lead SNP",-72.65625,0.00120371417293213,10,"gaussian","all finite selected distances; unit area over full domain",1845,1845,1712,0,133,200
"All tissues","SuSiE","CSs without a shared biological lead SNP",-72.265625,0.00121562984116619,10,"gaussian","all finite selected distances; unit area over full domain",1845,1845,1712,0,133,200
"All tissues","SuSiE","CSs without a shared biological lead SNP",-71.875,0.00122754246479837,10,"gaussian","all finite selected distances; unit area over full domain",1845,1845,1712,0,133,200
"All tissues","SuSiE","CSs without a shared biological lead SNP",-71.484375,0.00123944483314517,10,"gaussian","all finite selected distances; unit area over full domain",1845,1845,1712,0,133,200
"All tissues","SuSiE","CSs without a shared biological lead SNP",-71.09375,0.00125133273423884,10,"gaussian","all finite selected distances; unit area over full domain",1845,1845,1712,0,133,200
"All tissues","SuSiE","CSs without a shared biological lead SNP",-70.703125,0.00126320204002388,10,"gaussian","all finite selected distances; unit area over full domain",1845,1845,1712,0,133,200
"All tissues","SuSiE","CSs without a shared biological lead SNP",-70.3125,0.00127504633098307,10,"gaussian","all finite selected distances; unit area over full domain",1845,1845,1712,0,133,200
"All tissues","SuSiE","CSs without a shared biological lead SNP",-69.921875,0.00128686512854308,10,"gaussian","all finite selected distances; unit area over full domain",1845,1845,1712,0,133,200
"All tissues","SuSiE","CSs without a shared biological lead SNP",-69.53125,0.00129865606772522,10,"gaussian","all finite selected distances; unit area over full domain",1845,1845,1712,0,133,200
"All tissues","SuSiE","CSs without a shared biological lead SNP",-69.140625,0.00131041410609526,10,"gaussian","all finite selected distances; unit area over full domain",1845,1845,1712,0,133,200
"All tissues","SuSiE","CSs without a shared biological lead SNP",-68.75,0.00132214157114532,10,"gaussian","all finite selected distances; unit area over full domain",1845,1845,1712,0,133,200
"All tissues","SuSiE","CSs without a shared biological lead SNP",-68.359375,0.00133383771144729,10,"gaussian","all finite selected distances; unit area over full domain",1845,1845,1712,0,133,200
"All tissues","SuSiE","CSs without a shared biological lead SNP",-67.96875,0.00134549922972253,10,"gaussian","all finite selected distances; unit area over full domain",1845,1845,1712,0,133,200
"All tissues","SuSiE","CSs without a shared biological lead SNP",-67.578125,0.00135713032540863,10,"gaussian","all finite selected distances; unit area over full domain",1845,1845,1712,0,133,200
"All tissues","SuSiE","CSs without a shared biological lead SNP",-67.1875,0.0013687316494392,10,"gaussian","all finite selected distances; unit area over full domain",1845,1845,1712,0,133,200
"All tissues","SuSiE","CSs without a shared biological lead SNP",-66.796875,0.00138030183541263,10,"gaussian","all finite selected distances; unit area over full domain",1845,1845,1712,0,133,200
"All tissues","SuSiE","CSs without a shared biological lead SNP",-66.40625,0.00139184609378661,10,"gaussian","all finite selected distances; unit area over full domain",1845,1845,1712,0,133,200
"All tissues","SuSiE","CSs without a shared biological lead SNP",-66.015625,0.00140336624986969,10,"gaussian","all finite selected distances; unit area over full domain",1845,1845,1712,0,133,200
"All tissues","SuSiE","CSs without a shared biological lead SNP",-65.625,0.00141486292813694,10,"gaussian","all finite selected distances; unit area over full domain",1845,1845,1712,0,133,200
"All tissues","SuSiE","CSs without a shared biological lead SNP",-65.234375,0.00142634162141874,10,"gaussian","all finite selected distances; unit area over full domain",1845,1845,1712,0,133,200
"All tissues","SuSiE","CSs without a shared biological lead SNP",-64.84375,0.00143780512783688,10,"gaussian","all finite selected distances; unit area over full domain",1845,1845,1712,0,133,200
"All tissues","SuSiE","CSs without a shared biological lead SNP",-64.453125,0.00144925606351953,10,"gaussian","all finite selected distances; unit area over full domain",1845,1845,1712,0,133,200
"All tissues","SuSiE","CSs without a shared biological lead SNP",-64.0625,0.00146069963971408,10,"gaussian","all finite selected distances; unit area over full domain",1845,1845,1712,0,133,200
"All tissues","SuSiE","CSs without a shared biological lead SNP",-63.671875,0.00147213948774673,10,"gaussian","all finite selected distances; unit area over full domain",1845,1845,1712,0,133,200
"All tissues","SuSiE","CSs without a shared biological lead SNP",-63.28125,0.00148358022125422,10,"gaussian","all finite selected distances; unit area over full domain",1845,1845,1712,0,133,200
"All tissues","SuSiE","CSs without a shared biological lead SNP",-62.890625,0.00149502637466121,10,"gaussian","all finite selected distances; unit area over full domain",1845,1845,1712,0,133,200
"All tissues","SuSiE","CSs without a shared biological lead SNP",-62.5,0.00150648235789197,10,"gaussian","all finite selected distances; unit area over full domain",1845,1845,1712,0,133,200
"All tissues","SuSiE","CSs without a shared biological lead SNP",-62.109375,0.00151795484419855,10,"gaussian","all finite selected distances; unit area over full domain",1845,1845,1712,0,133,200
"All tissues","SuSiE","CSs without a shared biological lead SNP",-61.71875,0.00152944744271747,10,"gaussian","all finite selected distances; unit area over full domain",1845,1845,1712,0,133,200
"All tissues","SuSiE","CSs without a shared biological lead SNP",-61.328125,0.00154096538009996,10,"gaussian","all finite selected distances; unit area over full domain",1845,1845,1712,0,133,200
"All tissues","SuSiE","CSs without a shared biological lead SNP",-60.9375,0.0015525175374933,10,"gaussian","all finite selected distances; unit area over full domain",1845,1845,1712,0,133,200
"All tissues","SuSiE","CSs without a shared biological lead SNP",-60.546875,0.0015641064551799,10,"gaussian","all finite selected distances; unit area over full domain",1845,1845,1712,0,133,200
"All tissues","SuSiE","CSs without a shared biological lead SNP",-60.15625,0.00157573829929478,10,"gaussian","all finite selected distances; unit area over full domain",1845,1845,1712,0,133,200
"All tissues","SuSiE","CSs without a shared biological lead SNP",-59.765625,0.00158742439785347,10,"gaussian","all finite selected distances; unit area over full domain",1845,1845,1712,0,133,200
"All tissues","SuSiE","CSs without a shared biological lead SNP",-59.375,0.00159916613038719,10,"gaussian","all finite selected distances; unit area over full domain",1845,1845,1712,0,133,200
"All tissues","SuSiE","CSs without a shared biological lead SNP",-58.984375,0.00161097078774936,10,"gaussian","all finite selected distances; unit area over full domain",1845,1845,1712,0,133,200
"All tissues","SuSiE","CSs without a shared biological lead SNP",-58.59375,0.00162285245388124,10,"gaussian","all finite selected distances; unit area over full domain",1845,1845,1712,0,133,200
"All tissues","SuSiE","CSs without a shared biological lead SNP",-58.203125,0.00163481125245893,10,"gaussian","all finite selected distances; unit area over full domain",1845,1845,1712,0,133,200
"All tissues","SuSiE","CSs without a shared biological lead SNP",-57.8125,0.0016468558143397,10,"gaussian","all finite selected distances; unit area over full domain",1845,1845,1712,0,133,200
"All tissues","SuSiE","CSs without a shared biological lead SNP",-57.421875,0.00165900331720964,10,"gaussian","all finite selected distances; unit area over full domain",1845,1845,1712,0,133,200
"All tissues","SuSiE","CSs without a shared biological lead SNP",-57.03125,0.00167125248337412,10,"gaussian","all finite selected distances; unit area over full domain",1845,1845,1712,0,133,200
"All tissues","SuSiE","CSs without a shared biological lead SNP",-56.640625,0.00168361349142548,10,"gaussian","all finite selected distances; unit area over full domain",1845,1845,1712,0,133,200
"All tissues","SuSiE","CSs without a shared biological lead SNP",-56.25,0.00169610692495014,10,"gaussian","all finite selected distances; unit area over full domain",1845,1845,1712,0,133,200
"All tissues","SuSiE","CSs without a shared biological lead SNP",-55.859375,0.0017087298769598,10,"gaussian","all finite selected distances; unit area over full domain",1845,1845,1712,0,133,200
"All tissues","SuSiE","CSs without a shared biological lead SNP",-55.46875,0.00172149423679785,10,"gaussian","all finite selected distances; unit area over full domain",1845,1845,1712,0,133,200
"All tissues","SuSiE","CSs without a shared biological lead SNP",-55.078125,0.00173442422232994,10,"gaussian","all finite selected distances; unit area over full domain",1845,1845,1712,0,133,200
"All tissues","SuSiE","CSs without a shared biological lead SNP",-54.6875,0.00174751497489024,10,"gaussian","all finite selected distances; unit area over full domain",1845,1845,1712,0,133,200
"All tissues","SuSiE","CSs without a shared biological lead SNP",-54.296875,0.00176078018146716,10,"gaussian","all finite selected distances; unit area over full domain",1845,1845,1712,0,133,200
"All tissues","SuSiE","CSs without a shared biological lead SNP",-53.90625,0.00177424778664823,10,"gaussian","all finite selected distances; unit area over full domain",1845,1845,1712,0,133,200
"All tissues","SuSiE","CSs without a shared biological lead SNP",-53.515625,0.00178791057253792,10,"gaussian","all finite selected distances; unit area over full domain",1845,1845,1712,0,133,200
"All tissues","SuSiE","CSs without a shared biological lead SNP",-53.125,0.0018017840131692,10,"gaussian","all finite selected distances; unit area over full domain",1845,1845,1712,0,133,200
"All tissues","SuSiE","CSs without a shared biological lead SNP",-52.734375,0.00181589969854149,10,"gaussian","all finite selected distances; unit area over full domain",1845,1845,1712,0,133,200
"All tissues","SuSiE","CSs without a shared biological lead SNP",-52.34375,0.00183024758756253,10,"gaussian","all finite selected distances; unit area over full domain",1845,1845,1712,0,133,200
"All tissues","SuSiE","CSs without a shared biological lead SNP",-51.953125,0.00184484482463031,10,"gaussian","all finite selected distances; unit area over full domain",1845,1845,1712,0,133,200
"All tissues","SuSiE","CSs without a shared biological lead SNP",-51.5625,0.0018597263726327,10,"gaussian","all finite selected distances; unit area over full domain",1845,1845,1712,0,133,200
"All tissues","SuSiE","CSs without a shared biological lead SNP",-51.171875,0.00187487889047782,10,"gaussian","all finite selected distances; unit area over full domain",1845,1845,1712,0,133,200
"All tissues","SuSiE","CSs without a shared biological lead SNP",-50.78125,0.00189032097539852,10,"gaussian","all finite selected distances; unit area over full domain",1845,1845,1712,0,133,200
"All tissues","SuSiE","CSs without a shared biological lead SNP",-50.390625,0.00190609050533129,10,"gaussian","all finite selected distances; unit area over full domain",1845,1845,1712,0,133,200
"All tissues","SuSiE","CSs without a shared biological lead SNP",-50,0.00192217040148213,10,"gaussian","all finite selected distances; unit area over full domain",1845,1845,1712,0,133,200
"All tissues","SuSiE","CSs without a shared biological lead SNP",-49.609375,0.00193858041396119,10,"gaussian","all finite selected distances; unit area over full domain",1845,1845,1712,0,133,200
"All tissues","SuSiE","CSs without a shared biological lead SNP",-49.21875,0.00195536072175658,10,"gaussian","all finite selected distances; unit area over full domain",1845,1845,1712,0,133,200
"All tissues","SuSiE","CSs without a shared biological lead SNP",-48.828125,0.00197249016285376,10,"gaussian","all finite selected distances; unit area over full domain",1845,1845,1712,0,133,200
"All tissues","SuSiE","CSs without a shared biological lead SNP",-48.4375,0.00198998928753324,10,"gaussian","all finite selected distances; unit area over full domain",1845,1845,1712,0,133,200
"All tissues","SuSiE","CSs without a shared biological lead SNP",-48.046875,0.00200789985529453,10,"gaussian","all finite selected distances; unit area over full domain",1845,1845,1712,0,133,200
"All tissues","SuSiE","CSs without a shared biological lead SNP",-47.65625,0.00202619641491091,10,"gaussian","all finite selected distances; unit area over full domain",1845,1845,1712,0,133,200
"All tissues","SuSiE","CSs without a shared biological lead SNP",-47.265625,0.00204489994950899,10,"gaussian","all finite selected distances; unit area over full domain",1845,1845,1712,0,133,200
"All tissues","SuSiE","CSs without a shared biological lead SNP",-46.875,0.00206405303726941,10,"gaussian","all finite selected distances; unit area over full domain",1845,1845,1712,0,133,200
"All tissues","SuSiE","CSs without a shared biological lead SNP",-46.484375,0.00208362590718252,10,"gaussian","all finite selected distances; unit area over full domain",1845,1845,1712,0,133,200
"All tissues","SuSiE","CSs without a shared biological lead SNP",-46.09375,0.00210363963668614,10,"gaussian","all finite selected distances; unit area over full domain",1845,1845,1712,0,133,200
"All tissues","SuSiE","CSs without a shared biological lead SNP",-45.703125,0.00212413689442475,10,"gaussian","all finite selected distances; unit area over full domain",1845,1845,1712,0,133,200
"All tissues","SuSiE","CSs without a shared biological lead SNP",-45.3125,0.002145083754908,10,"gaussian","all finite selected distances; unit area over full domain",1845,1845,1712,0,133,200
"All tissues","SuSiE","CSs without a shared biological lead SNP",-44.921875,0.00216650112566544,10,"gaussian","all finite selected distances; unit area over full domain",1845,1845,1712,0,133,200
"All tissues","SuSiE","CSs without a shared biological lead SNP",-44.53125,0.00218843114936416,10,"gaussian","all finite selected distances; unit area over full domain",1845,1845,1712,0,133,200
"All tissues","SuSiE","CSs without a shared biological lead SNP",-44.140625,0.00221083611011757,10,"gaussian","all finite selected distances; unit area over full domain",1845,1845,1712,0,133,200
"All tissues","SuSiE","CSs without a shared biological lead SNP",-43.75,0.00223373660040566,10,"gaussian","all finite selected distances; unit area over full domain",1845,1845,1712,0,133,200
"All tissues","SuSiE","CSs without a shared biological lead SNP",-43.359375,0.00225717380746865,10,"gaussian","all finite selected distances; unit area over full domain",1845,1845,1712,0,133,200
"All tissues","SuSiE","CSs without a shared biological lead SNP",-42.96875,0.00228110677291029,10,"gaussian","all finite selected distances; unit area over full domain",1845,1845,1712,0,133,200
"All tissues","SuSiE","CSs without a shared biological lead SNP",-42.578125,0.00230555578956114,10,"gaussian","all finite selected distances; unit area over full domain",1845,1845,1712,0,133,200
"All tissues","SuSiE","CSs without a shared biological lead SNP",-42.1875,0.0023305609133552,10,"gaussian","all finite selected distances; unit area over full domain",1845,1845,1712,0,133,200
"All tissues","SuSiE","CSs without a shared biological lead SNP",-41.796875,0.00235607864326658,10,"gaussian","all finite selected distances; unit area over full domain",1845,1845,1712,0,133,200
"All tissues","SuSiE","CSs without a shared biological lead SNP",-41.40625,0.00238212918431421,10,"gaussian","all finite selected distances; unit area over full domain",1845,1845,1712,0,133,200
"All tissues","SuSiE","CSs without a shared biological lead SNP",-41.015625,0.00240875159169797,10,"gaussian","all finite selected distances; unit area over full domain",1845,1845,1712,0,133,200
"All tissues","SuSiE","CSs without a shared biological lead SNP",-40.625,0.00243590062703936,10,"gaussian","all finite selected distances; unit area over full domain",1845,1845,1712,0,133,200
"All tissues","SuSiE","CSs without a shared biological lead SNP",-40.234375,0.00246359684399274,10,"gaussian","all finite selected distances; unit area over full domain",1845,1845,1712,0,133,200
"All tissues","SuSiE","CSs without a shared biological lead SNP",-39.84375,0.00249187876878029,10,"gaussian","all finite selected distances; unit area over full domain",1845,1845,1712,0,133,200
"All tissues","SuSiE","CSs without a shared biological lead SNP",-39.453125,0.00252070027759826,10,"gaussian","all finite selected distances; unit area over full domain",1845,1845,1712,0,133,200
"All tissues","SuSiE","CSs without a shared biological lead SNP",-39.0625,0.0025500829520302,10,"gaussian","all finite selected distances; unit area over full domain",1845,1845,1712,0,133,200
"All tissues","SuSiE","CSs without a shared biological lead SNP",-38.671875,0.00258006561495994,10,"gaussian","all finite selected distances; unit area over full domain",1845,1845,1712,0,133,200
"All tissues","SuSiE","CSs without a shared biological lead SNP",-38.28125,0.00261060208781942,10,"gaussian","all finite selected distances; unit area over full domain",1845,1845,1712,0,133,200
"All tissues","SuSiE","CSs without a shared biological lead SNP",-37.890625,0.00264171590821898,10,"gaussian","all finite selected distances; unit area over full domain",1845,1845,1712,0,133,200
"All tissues","SuSiE","CSs without a shared biological lead SNP",-37.5,0.00267344736261007,10,"gaussian","all finite selected distances; unit area over full domain",1845,1845,1712,0,133,200
"All tissues","SuSiE","CSs without a shared biological lead SNP",-37.109375,0.00270575095318933,10,"gaussian","all finite selected distances; unit area over full domain",1845,1845,1712,0,133,200
"All tissues","SuSiE","CSs without a shared biological lead SNP",-36.71875,0.00273865334172963,10,"gaussian","all finite selected distances; unit area over full domain",1845,1845,1712,0,133,200
"All tissues","SuSiE","CSs without a shared biological lead SNP",-36.328125,0.00277219774599152,10,"gaussian","all finite selected distances; unit area over full domain",1845,1845,1712,0,133,200
"All tissues","SuSiE","CSs without a shared biological lead SNP",-35.9375,0.00280633991300649,10,"gaussian","all finite selected distances; unit area over full domain",1845,1845,1712,0,133,200
"All tissues","SuSiE","CSs without a shared biological lead SNP",-35.546875,0.00284111101102786,10,"gaussian","all finite selected distances; unit area over full domain",1845,1845,1712,0,133,200
"All tissues","SuSiE","CSs without a shared biological lead SNP",-35.15625,0.00287655888804397,10,"gaussian","all finite selected distances; unit area over full domain",1845,1845,1712,0,133,200
"All tissues","SuSiE","CSs without a shared biological lead SNP",-34.765625,0.00291264085357698,10,"gaussian","all finite selected distances; unit area over full domain",1845,1845,1712,0,133,200
"All tissues","SuSiE","CSs without a shared biological lead SNP",-34.375,0.00294939413389141,10,"gaussian","all finite selected distances; unit area over full domain",1845,1845,1712,0,133,200
"All tissues","SuSiE","CSs without a shared biological lead SNP",-33.984375,0.00298687303846659,10,"gaussian","all finite selected distances; unit area over full domain",1845,1845,1712,0,133,200
"All tissues","SuSiE","CSs without a shared biological lead SNP",-33.59375,0.00302503644119729,10,"gaussian","all finite selected distances; unit area over full domain",1845,1845,1712,0,133,200
"All tissues","SuSiE","CSs without a shared biological lead SNP",-33.203125,0.00306392928165239,10,"gaussian","all finite selected distances; unit area over full domain",1845,1845,1712,0,133,200
"All tissues","SuSiE","CSs without a shared biological lead SNP",-32.8125,0.00310361416826945,10,"gaussian","all finite selected distances; unit area over full domain",1845,1845,1712,0,133,200
"All tissues","SuSiE","CSs without a shared biological lead SNP",-32.421875,0.00314405116622815,10,"gaussian","all finite selected distances; unit area over full domain",1845,1845,1712,0,133,200
"All tissues","SuSiE","CSs without a shared biological lead SNP",-32.03125,0.00318529460109625,10,"gaussian","all finite selected distances; unit area over full domain",1845,1845,1712,0,133,200
"All tissues","SuSiE","CSs without a shared biological lead SNP",-31.640625,0.00322741707440437,10,"gaussian","all finite selected distances; unit area over full domain",1845,1845,1712,0,133,200
"All tissues","SuSiE","CSs without a shared biological lead SNP",-31.25,0.00327037905026329,10,"gaussian","all finite selected distances; unit area over full domain",1845,1845,1712,0,133,200
"All tissues","SuSiE","CSs without a shared biological lead SNP",-30.859375,0.00331424582378287,10,"gaussian","all finite selected distances; unit area over full domain",1845,1845,1712,0,133,200
"All tissues","SuSiE","CSs without a shared biological lead SNP",-30.46875,0.00335910137346833,10,"gaussian","all finite selected distances; unit area over full domain",1845,1845,1712,0,133,200
"All tissues","SuSiE","CSs without a shared biological lead SNP",-30.078125,0.00340490532596882,10,"gaussian","all finite selected distances; unit area over full domain",1845,1845,1712,0,133,200
"All tissues","SuSiE","CSs without a shared biological lead SNP",-29.6875,0.00345173531557596,10,"gaussian","all finite selected distances; unit area over full domain",1845,1845,1712,0,133,200
"All tissues","SuSiE","CSs without a shared biological lead SNP",-29.296875,0.00349968759507908,10,"gaussian","all finite selected distances; unit area over full domain",1845,1845,1712,0,133,200
"All tissues","SuSiE","CSs without a shared biological lead SNP",-28.90625,0.00354871927217599,10,"gaussian","all finite selected distances; unit area over full domain",1845,1845,1712,0,133,200
"All tissues","SuSiE","CSs without a shared biological lead SNP",-28.515625,0.00359892133645347,10,"gaussian","all finite selected distances; unit area over full domain",1845,1845,1712,0,133,200
"All tissues","SuSiE","CSs without a shared biological lead SNP",-28.125,0.00365040254971553,10,"gaussian","all finite selected distances; unit area over full domain",1845,1845,1712,0,133,200
"All tissues","SuSiE","CSs without a shared biological lead SNP",-27.734375,0.00370311540024876,10,"gaussian","all finite selected distances; unit area over full domain",1845,1845,1712,0,133,200
"All tissues","SuSiE","CSs without a shared biological lead SNP",-27.34375,0.00375716474575408,10,"gaussian","all finite selected distances; unit area over full domain",1845,1845,1712,0,133,200
"All tissues","SuSiE","CSs without a shared biological lead SNP",-26.953125,0.00381267126463872,10,"gaussian","all finite selected distances; unit area over full domain",1845,1845,1712,0,133,200
"All tissues","SuSiE","CSs without a shared biological lead SNP",-26.5625,0.00386958036221856,10,"gaussian","all finite selected distances; unit area over full domain",1845,1845,1712,0,133,200
"All tissues","SuSiE","CSs without a shared biological lead SNP",-26.171875,0.00392801062014528,10,"gaussian","all finite selected distances; unit area over full domain",1845,1845,1712,0,133,200
"All tissues","SuSiE","CSs without a shared biological lead SNP",-25.78125,0.00398809307303326,10,"gaussian","all finite selected distances; unit area over full domain",1845,1845,1712,0,133,200
"All tissues","SuSiE","CSs without a shared biological lead SNP",-25.390625,0.00404976330375381,10,"gaussian","all finite selected distances; unit area over full domain",1845,1845,1712,0,133,200
"All tissues","SuSiE","CSs without a shared biological lead SNP",-25,0.00411315266706254,10,"gaussian","all finite selected distances; unit area over full domain",1845,1845,1712,0,133,200
"All tissues","SuSiE","CSs without a shared biological lead SNP",-24.609375,0.00417839992145753,10,"gaussian","all finite selected distances; unit area over full domain",1845,1845,1712,0,133,200
"All tissues","SuSiE","CSs without a shared biological lead SNP",-24.21875,0.00424542793105811,10,"gaussian","all finite selected distances; unit area over full domain",1845,1845,1712,0,133,200
"All tissues","SuSiE","CSs without a shared biological lead SNP",-23.828125,0.00431437893028621,10,"gaussian","all finite selected distances; unit area over full domain",1845,1845,1712,0,133,200
"All tissues","SuSiE","CSs without a shared biological lead SNP",-23.4375,0.00438539564404227,10,"gaussian","all finite selected distances; unit area over full domain",1845,1845,1712,0,133,200
"All tissues","SuSiE","CSs without a shared biological lead SNP",-23.046875,0.00445838531509885,10,"gaussian","all finite selected distances; unit area over full domain",1845,1845,1712,0,133,200
"All tissues","SuSiE","CSs without a shared biological lead SNP",-22.65625,0.00453349811125948,10,"gaussian","all finite selected distances; unit area over full domain",1845,1845,1712,0,133,200
"All tissues","SuSiE","CSs without a shared biological lead SNP",-22.265625,0.00461087585267323,10,"gaussian","all finite selected distances; unit area over full domain",1845,1845,1712,0,133,200
"All tissues","SuSiE","CSs without a shared biological lead SNP",-21.875,0.00469040743228913,10,"gaussian","all finite selected distances; unit area over full domain",1845,1845,1712,0,133,200
"All tissues","SuSiE","CSs without a shared biological lead SNP",-21.484375,0.0047722468813816,10,"gaussian","all finite selected distances; unit area over full domain",1845,1845,1712,0,133,200
"All tissues","SuSiE","CSs without a shared biological lead SNP",-21.09375,0.00485652922010444,10,"gaussian","all finite selected distances; unit area over full domain",1845,1845,1712,0,133,200
"All tissues","SuSiE","CSs without a shared biological lead SNP",-20.703125,0.00494312264430686,10,"gaussian","all finite selected distances; unit area over full domain",1845,1845,1712,0,133,200
"All tissues","SuSiE","CSs without a shared biological lead SNP",-20.3125,0.00503217983916855,10,"gaussian","all finite selected distances; unit area over full domain",1845,1845,1712,0,133,200
"All tissues","SuSiE","CSs without a shared biological lead SNP",-19.921875,0.00512382228460076,10,"gaussian","all finite selected distances; unit area over full domain",1845,1845,1712,0,133,200
"All tissues","SuSiE","CSs without a shared biological lead SNP",-19.53125,0.00521789574159769,10,"gaussian","all finite selected distances; unit area over full domain",1845,1845,1712,0,133,200
"All tissues","SuSiE","CSs without a shared biological lead SNP",-19.140625,0.00531454525434402,10,"gaussian","all finite selected distances; unit area over full domain",1845,1845,1712,0,133,200
"All tissues","SuSiE","CSs without a shared biological lead SNP",-18.75,0.0054138714533107,10,"gaussian","all finite selected distances; unit area over full domain",1845,1845,1712,0,133,200
"All tissues","SuSiE","CSs without a shared biological lead SNP",-18.359375,0.00551569677739889,10,"gaussian","all finite selected distances; unit area over full domain",1845,1845,1712,0,133,200
"All tissues","SuSiE","CSs without a shared biological lead SNP",-17.96875,0.00562015138834693,10,"gaussian","all finite selected distances; unit area over full domain",1845,1845,1712,0,133,200
"All tissues","SuSiE","CSs without a shared biological lead SNP",-17.578125,0.00572730756309517,10,"gaussian","all finite selected distances; unit area over full domain",1845,1845,1712,0,133,200
"All tissues","SuSiE","CSs without a shared biological lead SNP",-17.1875,0.00583696462284593,10,"gaussian","all finite selected distances; unit area over full domain",1845,1845,1712,0,133,200
"All tissues","SuSiE","CSs without a shared biological lead SNP",-16.796875,0.00594922989235504,10,"gaussian","all finite selected distances; unit area over full domain",1845,1845,1712,0,133,200
"All tissues","SuSiE","CSs without a shared biological lead SNP",-16.40625,0.00606414006005895,10,"gaussian","all finite selected distances; unit area over full domain",1845,1845,1712,0,133,200
"All tissues","SuSiE","CSs without a shared biological lead SNP",-16.015625,0.00618147284961493,10,"gaussian","all finite selected distances; unit area over full domain",1845,1845,1712,0,133,200
"All tissues","SuSiE","CSs without a shared biological lead SNP",-15.625,0.0063013044128855,10,"gaussian","all finite selected distances; unit area over full domain",1845,1845,1712,0,133,200
"All tissues","SuSiE","CSs without a shared biological lead SNP",-15.234375,0.00642362941844385,10,"gaussian","all finite selected distances; unit area over full domain",1845,1845,1712,0,133,200
"All tissues","SuSiE","CSs without a shared biological lead SNP",-14.84375,0.00654820701389678,10,"gaussian","all finite selected distances; unit area over full domain",1845,1845,1712,0,133,200
"All tissues","SuSiE","CSs without a shared biological lead SNP",-14.453125,0.00667507388511671,10,"gaussian","all finite selected distances; unit area over full domain",1845,1845,1712,0,133,200
"All tissues","SuSiE","CSs without a shared biological lead SNP",-14.0625,0.00680417762587006,10,"gaussian","all finite selected distances; unit area over full domain",1845,1845,1712,0,133,200
"All tissues","SuSiE","CSs without a shared biological lead SNP",-13.671875,0.00693526345263204,10,"gaussian","all finite selected distances; unit area over full domain",1845,1845,1712,0,133,200
"All tissues","SuSiE","CSs without a shared biological lead SNP",-13.28125,0.00706832083456011,10,"gaussian","all finite selected distances; unit area over full domain",1845,1845,1712,0,133,200
"All tissues","SuSiE","CSs without a shared biological lead SNP",-12.890625,0.00720324717866065,10,"gaussian","all finite selected distances; unit area over full domain",1845,1845,1712,0,133,200
"All tissues","SuSiE","CSs without a shared biological lead SNP",-12.5,0.0073397800710537,10,"gaussian","all finite selected distances; unit area over full domain",1845,1845,1712,0,133,200
"All tissues","SuSiE","CSs without a shared biological lead SNP",-12.109375,0.00747785510151431,10,"gaussian","all finite selected distances; unit area over full domain",1845,1845,1712,0,133,200
"All tissues","SuSiE","CSs without a shared biological lead SNP",-11.71875,0.00761731882733257,10,"gaussian","all finite selected distances; unit area over full domain",1845,1845,1712,0,133,200
"All tissues","SuSiE","CSs without a shared biological lead SNP",-11.328125,0.00775790907959425,10,"gaussian","all finite selected distances; unit area over full domain",1845,1845,1712,0,133,200
"All tissues","SuSiE","CSs without a shared biological lead SNP",-10.9375,0.00789950254544924,10,"gaussian","all finite selected distances; unit area over full domain",1845,1845,1712,0,133,200
"All tissues","SuSiE","CSs without a shared biological lead SNP",-10.546875,0.00804189710466301,10,"gaussian","all finite selected distances; unit area over full domain",1845,1845,1712,0,133,200
"All tissues","SuSiE","CSs without a shared biological lead SNP",-10.15625,0.00818484007006895,10,"gaussian","all finite selected distances; unit area over full domain",1845,1845,1712,0,133,200
"All tissues","SuSiE","CSs without a shared biological lead SNP",-9.765625,0.00832814635064515,10,"gaussian","all finite selected distances; unit area over full domain",1845,1845,1712,0,133,200
"All tissues","SuSiE","CSs without a shared biological lead SNP",-9.375,0.00847157036492147,10,"gaussian","all finite selected distances; unit area over full domain",1845,1845,1712,0,133,200
"All tissues","SuSiE","CSs without a shared biological lead SNP",-8.984375,0.00861487915309211,10,"gaussian","all finite selected distances; unit area over full domain",1845,1845,1712,0,133,200
"All tissues","SuSiE","CSs without a shared biological lead SNP",-8.59375,0.00875782553092106,10,"gaussian","all finite selected distances; unit area over full domain",1845,1845,1712,0,133,200
"All tissues","SuSiE","CSs without a shared biological lead SNP",-8.203125,0.00890012870054984,10,"gaussian","all finite selected distances; unit area over full domain",1845,1845,1712,0,133,200
"All tissues","SuSiE","CSs without a shared biological lead SNP",-7.8125,0.00904158619787157,10,"gaussian","all finite selected distances; unit area over full domain",1845,1845,1712,0,133,200
"All tissues","SuSiE","CSs without a shared biological lead SNP",-7.421875,0.00918189125841957,10,"gaussian","all finite selected distances; unit area over full domain",1845,1845,1712,0,133,200
"All tissues","SuSiE","CSs without a shared biological lead SNP",-7.03125,0.0093207388722486,10,"gaussian","all finite selected distances; unit area over full domain",1845,1845,1712,0,133,200
"All tissues","SuSiE","CSs without a shared biological lead SNP",-6.640625,0.00945796776454682,10,"gaussian","all finite selected distances; unit area over full domain",1845,1845,1712,0,133,200
"All tissues","SuSiE","CSs without a shared biological lead SNP",-6.25,0.00959321701330925,10,"gaussian","all finite selected distances; unit area over full domain",1845,1845,1712,0,133,200
"All tissues","SuSiE","CSs without a shared biological lead SNP",-5.859375,0.00972617063347566,10,"gaussian","all finite selected distances; unit area over full domain",1845,1845,1712,0,133,200
"All tissues","SuSiE","CSs without a shared biological lead SNP",-5.46875,0.00985671848785422,10,"gaussian","all finite selected distances; unit area over full domain",1845,1845,1712,0,133,200
"All tissues","SuSiE","CSs without a shared biological lead SNP",-5.078125,0.00998445370015442,10,"gaussian","all finite selected distances; unit area over full domain",1845,1845,1712,0,133,200
"All tissues","SuSiE","CSs without a shared biological lead SNP",-4.6875,0.0101090640201892,10,"gaussian","all finite selected distances; unit area over full domain",1845,1845,1712,0,133,200
"All tissues","SuSiE","CSs without a shared biological lead SNP",-4.296875,0.0102304989599984,10,"gaussian","all finite selected distances; unit area over full domain",1845,1845,1712,0,133,200
"All tissues","SuSiE","CSs without a shared biological lead SNP",-3.90625,0.0103483163281662,10,"gaussian","all finite selected distances; unit area over full domain",1845,1845,1712,0,133,200
"All tissues","SuSiE","CSs without a shared biological lead SNP",-3.515625,0.0104622228537166,10,"gaussian","all finite selected distances; unit area over full domain",1845,1845,1712,0,133,200
"All tissues","SuSiE","CSs without a shared biological lead SNP",-3.125,0.0105722341216872,10,"gaussian","all finite selected distances; unit area over full domain",1845,1845,1712,0,133,200
"All tissues","SuSiE","CSs without a shared biological lead SNP",-2.734375,0.0106778851584076,10,"gaussian","all finite selected distances; unit area over full domain",1845,1845,1712,0,133,200
"All tissues","SuSiE","CSs without a shared biological lead SNP",-2.34375,0.010778916411833,10,"gaussian","all finite selected distances; unit area over full domain",1845,1845,1712,0,133,200
"All tissues","SuSiE","CSs without a shared biological lead SNP",-1.953125,0.0108754133286404,10,"gaussian","all finite selected distances; unit area over full domain",1845,1845,1712,0,133,200
"All tissues","SuSiE","CSs without a shared biological lead SNP",-1.5625,0.0109669018796324,10,"gaussian","all finite selected distances; unit area over full domain",1845,1845,1712,0,133,200
"All tissues","SuSiE","CSs without a shared biological lead SNP",-1.171875,0.0110531694228637,10,"gaussian","all finite selected distances; unit area over full domain",1845,1845,1712,0,133,200
"All tissues","SuSiE","CSs without a shared biological lead SNP",-0.78125,0.011134372034791,10,"gaussian","all finite selected distances; unit area over full domain",1845,1845,1712,0,133,200
"All tissues","SuSiE","CSs without a shared biological lead SNP",-0.390625,0.0112100407517427,10,"gaussian","all finite selected distances; unit area over full domain",1845,1845,1712,0,133,200
"All tissues","SuSiE","CSs without a shared biological lead SNP",0,0.0112800205363231,10,"gaussian","all finite selected distances; unit area over full domain",1845,1845,1712,0,133,200
"All tissues","SuSiE","CSs without a shared biological lead SNP",0.390625,0.0113445356637396,10,"gaussian","all finite selected distances; unit area over full domain",1845,1845,1712,0,133,200
"All tissues","SuSiE","CSs without a shared biological lead SNP",0.78125,0.011403135921622,10,"gaussian","all finite selected distances; unit area over full domain",1845,1845,1712,0,133,200
"All tissues","SuSiE","CSs without a shared biological lead SNP",1.171875,0.0114557313159739,10,"gaussian","all finite selected distances; unit area over full domain",1845,1845,1712,0,133,200
"All tissues","SuSiE","CSs without a shared biological lead SNP",1.5625,0.0115026087438003,10,"gaussian","all finite selected distances; unit area over full domain",1845,1845,1712,0,133,200
"All tissues","SuSiE","CSs without a shared biological lead SNP",1.953125,0.0115433492078505,10,"gaussian","all finite selected distances; unit area over full domain",1845,1845,1712,0,133,200
"All tissues","SuSiE","CSs without a shared biological lead SNP",2.34375,0.0115779314454836,10,"gaussian","all finite selected distances; unit area over full domain",1845,1845,1712,0,133,200
"All tissues","SuSiE","CSs without a shared biological lead SNP",2.734375,0.0116066965394222,10,"gaussian","all finite selected distances; unit area over full domain",1845,1845,1712,0,133,200
"All tissues","SuSiE","CSs without a shared biological lead SNP",3.125,0.0116292672733049,10,"gaussian","all finite selected distances; unit area over full domain",1845,1845,1712,0,133,200
"All tissues","SuSiE","CSs without a shared biological lead SNP",3.515625,0.0116456908668039,10,"gaussian","all finite selected distances; unit area over full domain",1845,1845,1712,0,133,200
"All tissues","SuSiE","CSs without a shared biological lead SNP",3.90625,0.0116563517907737,10,"gaussian","all finite selected distances; unit area over full domain",1845,1845,1712,0,133,200
"All tissues","SuSiE","CSs without a shared biological lead SNP",4.296875,0.0116609227664244,10,"gaussian","all finite selected distances; unit area over full domain",1845,1845,1712,0,133,200
"All tissues","SuSiE","CSs without a shared biological lead SNP",4.6875,0.0116595154441928,10,"gaussian","all finite selected distances; unit area over full domain",1845,1845,1712,0,133,200
"All tissues","SuSiE","CSs without a shared biological lead SNP",5.078125,0.0116525451878662,10,"gaussian","all finite selected distances; unit area over full domain",1845,1845,1712,0,133,200
"All tissues","SuSiE","CSs without a shared biological lead SNP",5.46875,0.011639740093195,10,"gaussian","all finite selected distances; unit area over full domain",1845,1845,1712,0,133,200
"All tissues","SuSiE","CSs without a shared biological lead SNP",5.859375,0.0116212688190312,10,"gaussian","all finite selected distances; unit area over full domain",1845,1845,1712,0,133,200
"All tissues","SuSiE","CSs without a shared biological lead SNP",6.25,0.0115975641985487,10,"gaussian","all finite selected distances; unit area over full domain",1845,1845,1712,0,133,200
"All tissues","SuSiE","CSs without a shared biological lead SNP",6.640625,0.0115684123222868,10,"gaussian","all finite selected distances; unit area over full domain",1845,1845,1712,0,133,200
"All tissues","SuSiE","CSs without a shared biological lead SNP",7.03125,0.0115340287392744,10,"gaussian","all finite selected distances; unit area over full domain",1845,1845,1712,0,133,200
"All tissues","SuSiE","CSs without a shared biological lead SNP",7.421875,0.0114948502051529,10,"gaussian","all finite selected distances; unit area over full domain",1845,1845,1712,0,133,200
"All tissues","SuSiE","CSs without a shared biological lead SNP",7.8125,0.0114507207164902,10,"gaussian","all finite selected distances; unit area over full domain",1845,1845,1712,0,133,200
"All tissues","SuSiE","CSs without a shared biological lead SNP",8.203125,0.0114018907400167,10,"gaussian","all finite selected distances; unit area over full domain",1845,1845,1712,0,133,200
"All tissues","SuSiE","CSs without a shared biological lead SNP",8.59375,0.0113487880542623,10,"gaussian","all finite selected distances; unit area over full domain",1845,1845,1712,0,133,200
"All tissues","SuSiE","CSs without a shared biological lead SNP",8.984375,0.0112913120483862,10,"gaussian","all finite selected distances; unit area over full domain",1845,1845,1712,0,133,200
"All tissues","SuSiE","CSs without a shared biological lead SNP",9.375,0.0112297352002349,10,"gaussian","all finite selected distances; unit area over full domain",1845,1845,1712,0,133,200
"All tissues","SuSiE","CSs without a shared biological lead SNP",9.765625,0.0111644647331899,10,"gaussian","all finite selected distances; unit area over full domain",1845,1845,1712,0,133,200
"All tissues","SuSiE","CSs without a shared biological lead SNP",10.15625,0.011095450909677,10,"gaussian","all finite selected distances; unit area over full domain",1845,1845,1712,0,133,200
"All tissues","SuSiE","CSs without a shared biological lead SNP",10.546875,0.0110229752878499,10,"gaussian","all finite selected distances; unit area over full domain",1845,1845,1712,0,133,200
"All tissues","SuSiE","CSs without a shared biological lead SNP",10.9375,0.0109474148090811,10,"gaussian","all finite selected distances; unit area over full domain",1845,1845,1712,0,133,200
"All tissues","SuSiE","CSs without a shared biological lead SNP",11.328125,0.0108687645871622,10,"gaussian","all finite selected distances; unit area over full domain",1845,1845,1712,0,133,200
"All tissues","SuSiE","CSs without a shared biological lead SNP",11.71875,0.0107873031263248,10,"gaussian","all finite selected distances; unit area over full domain",1845,1845,1712,0,133,200
"All tissues","SuSiE","CSs without a shared biological lead SNP",12.109375,0.0107033695655015,10,"gaussian","all finite selected distances; unit area over full domain",1845,1845,1712,0,133,200
"All tissues","SuSiE","CSs without a shared biological lead SNP",12.5,0.0106169968819561,10,"gaussian","all finite selected distances; unit area over full domain",1845,1845,1712,0,133,200
"All tissues","SuSiE","CSs without a shared biological lead SNP",12.890625,0.010528449858935,10,"gaussian","all finite selected distances; unit area over full domain",1845,1845,1712,0,133,200
"All tissues","SuSiE","CSs without a shared biological lead SNP",13.28125,0.0104380246895676,10,"gaussian","all finite selected distances; unit area over full domain",1845,1845,1712,0,133,200
"All tissues","SuSiE","CSs without a shared biological lead SNP",13.671875,0.0103457847836163,10,"gaussian","all finite selected distances; unit area over full domain",1845,1845,1712,0,133,200
"All tissues","SuSiE","CSs without a shared biological lead SNP",14.0625,0.0102519724849637,10,"gaussian","all finite selected distances; unit area over full domain",1845,1845,1712,0,133,200
"All tissues","SuSiE","CSs without a shared biological lead SNP",14.453125,0.0101568382687129,10,"gaussian","all finite selected distances; unit area over full domain",1845,1845,1712,0,133,200
"All tissues","SuSiE","CSs without a shared biological lead SNP",14.84375,0.0100604685738332,10,"gaussian","all finite selected distances; unit area over full domain",1845,1845,1712,0,133,200
"All tissues","SuSiE","CSs without a shared biological lead SNP",15.234375,0.00996307681212885,10,"gaussian","all finite selected distances; unit area over full domain",1845,1845,1712,0,133,200
"All tissues","SuSiE","CSs without a shared biological lead SNP",15.625,0.0098648671800781,10,"gaussian","all finite selected distances; unit area over full domain",1845,1845,1712,0,133,200
"All tissues","SuSiE","CSs without a shared biological lead SNP",16.015625,0.00976594216121712,10,"gaussian","all finite selected distances; unit area over full domain",1845,1845,1712,0,133,200
"All tissues","SuSiE","CSs without a shared biological lead SNP",16.40625,0.00966648204662015,10,"gaussian","all finite selected distances; unit area over full domain",1845,1845,1712,0,133,200
"All tissues","SuSiE","CSs without a shared biological lead SNP",16.796875,0.00956664612534577,10,"gaussian","all finite selected distances; unit area over full domain",1845,1845,1712,0,133,200
"All tissues","SuSiE","CSs without a shared biological lead SNP",17.1875,0.0094665466545146,10,"gaussian","all finite selected distances; unit area over full domain",1845,1845,1712,0,133,200
"All tissues","SuSiE","CSs without a shared biological lead SNP",17.578125,0.00936632882294299,10,"gaussian","all finite selected distances; unit area over full domain",1845,1845,1712,0,133,200
"All tissues","SuSiE","CSs without a shared biological lead SNP",17.96875,0.00926610995369623,10,"gaussian","all finite selected distances; unit area over full domain",1845,1845,1712,0,133,200
"All tissues","SuSiE","CSs without a shared biological lead SNP",18.359375,0.00916600671375433,10,"gaussian","all finite selected distances; unit area over full domain",1845,1845,1712,0,133,200
"All tissues","SuSiE","CSs without a shared biological lead SNP",18.75,0.00906612917817273,10,"gaussian","all finite selected distances; unit area over full domain",1845,1845,1712,0,133,200
"All tissues","SuSiE","CSs without a shared biological lead SNP",19.140625,0.00896655681147525,10,"gaussian","all finite selected distances; unit area over full domain",1845,1845,1712,0,133,200
"All tissues","SuSiE","CSs without a shared biological lead SNP",19.53125,0.00886740632983396,10,"gaussian","all finite selected distances; unit area over full domain",1845,1845,1712,0,133,200
"All tissues","SuSiE","CSs without a shared biological lead SNP",19.921875,0.00876875431737623,10,"gaussian","all finite selected distances; unit area over full domain",1845,1845,1712,0,133,200
"All tissues","SuSiE","CSs without a shared biological lead SNP",20.3125,0.00867064724275712,10,"gaussian","all finite selected distances; unit area over full domain",1845,1845,1712,0,133,200
"All tissues","SuSiE","CSs without a shared biological lead SNP",20.703125,0.00857319852230153,10,"gaussian","all finite selected distances; unit area over full domain",1845,1845,1712,0,133,200
"All tissues","SuSiE","CSs without a shared biological lead SNP",21.09375,0.00847645411507051,10,"gaussian","all finite selected distances; unit area over full domain",1845,1845,1712,0,133,200
"All tissues","SuSiE","CSs without a shared biological lead SNP",21.484375,0.00838043272463586,10,"gaussian","all finite selected distances; unit area over full domain",1845,1845,1712,0,133,200
"All tissues","SuSiE","CSs without a shared biological lead SNP",21.875,0.00828524206682574,10,"gaussian","all finite selected distances; unit area over full domain",1845,1845,1712,0,133,200
"All tissues","SuSiE","CSs without a shared biological lead SNP",22.265625,0.008190901177988,10,"gaussian","all finite selected distances; unit area over full domain",1845,1845,1712,0,133,200
"All tissues","SuSiE","CSs without a shared biological lead SNP",22.65625,0.00809740625534309,10,"gaussian","all finite selected distances; unit area over full domain",1845,1845,1712,0,133,200
"All tissues","SuSiE","CSs without a shared biological lead SNP",23.046875,0.00800485774530712,10,"gaussian","all finite selected distances; unit area over full domain",1845,1845,1712,0,133,200
"All tissues","SuSiE","CSs without a shared biological lead SNP",23.4375,0.00791325191355267,10,"gaussian","all finite selected distances; unit area over full domain",1845,1845,1712,0,133,200
"All tissues","SuSiE","CSs without a shared biological lead SNP",23.828125,0.00782256746022319,10,"gaussian","all finite selected distances; unit area over full domain",1845,1845,1712,0,133,200
"All tissues","SuSiE","CSs without a shared biological lead SNP",24.21875,0.00773289667484713,10,"gaussian","all finite selected distances; unit area over full domain",1845,1845,1712,0,133,200
"All tissues","SuSiE","CSs without a shared biological lead SNP",24.609375,0.0076442173148174,10,"gaussian","all finite selected distances; unit area over full domain",1845,1845,1712,0,133,200
"All tissues","SuSiE","CSs without a shared biological lead SNP",25,0.00755649513710153,10,"gaussian","all finite selected distances; unit area over full domain",1845,1845,1712,0,133,200
"All tissues","SuSiE","CSs without a shared biological lead SNP",25.390625,0.00746981390420191,10,"gaussian","all finite selected distances; unit area over full domain",1845,1845,1712,0,133,200
"All tissues","SuSiE","CSs without a shared biological lead SNP",25.78125,0.00738413696571446,10,"gaussian","all finite selected distances; unit area over full domain",1845,1845,1712,0,133,200
"All tissues","SuSiE","CSs without a shared biological lead SNP",26.171875,0.0072994211018833,10,"gaussian","all finite selected distances; unit area over full domain",1845,1845,1712,0,133,200
"All tissues","SuSiE","CSs without a shared biological lead SNP",26.5625,0.00721574153615554,10,"gaussian","all finite selected distances; unit area over full domain",1845,1845,1712,0,133,200
"All tissues","SuSiE","CSs without a shared biological lead SNP",26.953125,0.00713305095474247,10,"gaussian","all finite selected distances; unit area over full domain",1845,1845,1712,0,133,200
"All tissues","SuSiE","CSs without a shared biological lead SNP",27.34375,0.00705130047878491,10,"gaussian","all finite selected distances; unit area over full domain",1845,1845,1712,0,133,200
"All tissues","SuSiE","CSs without a shared biological lead SNP",27.734375,0.00697055700076812,10,"gaussian","all finite selected distances; unit area over full domain",1845,1845,1712,0,133,200
"All tissues","SuSiE","CSs without a shared biological lead SNP",28.125,0.00689076581845206,10,"gaussian","all finite selected distances; unit area over full domain",1845,1845,1712,0,133,200
"All tissues","SuSiE","CSs without a shared biological lead SNP",28.515625,0.00681187506421815,10,"gaussian","all finite selected distances; unit area over full domain",1845,1845,1712,0,133,200
"All tissues","SuSiE","CSs without a shared biological lead SNP",28.90625,0.0067339436239436,10,"gaussian","all finite selected distances; unit area over full domain",1845,1845,1712,0,133,200
"All tissues","SuSiE","CSs without a shared biological lead SNP",29.296875,0.00665691217444788,10,"gaussian","all finite selected distances; unit area over full domain",1845,1845,1712,0,133,200
"All tissues","SuSiE","CSs without a shared biological lead SNP",29.6875,0.00658072793546186,10,"gaussian","all finite selected distances; unit area over full domain",1845,1845,1712,0,133,200
"All tissues","SuSiE","CSs without a shared biological lead SNP",30.078125,0.00650544216542917,10,"gaussian","all finite selected distances; unit area over full domain",1845,1845,1712,0,133,200
"All tissues","SuSiE","CSs without a shared biological lead SNP",30.46875,0.00643099320557413,10,"gaussian","all finite selected distances; unit area over full domain",1845,1845,1712,0,133,200
"All tissues","SuSiE","CSs without a shared biological lead SNP",30.859375,0.00635732893517032,10,"gaussian","all finite selected distances; unit area over full domain",1845,1845,1712,0,133,200
"All tissues","SuSiE","CSs without a shared biological lead SNP",31.25,0.00628449340303079,10,"gaussian","all finite selected distances; unit area over full domain",1845,1845,1712,0,133,200
"All tissues","SuSiE","CSs without a shared biological lead SNP",31.640625,0.00621242448862158,10,"gaussian","all finite selected distances; unit area over full domain",1845,1845,1712,0,133,200
"All tissues","SuSiE","CSs without a shared biological lead SNP",32.03125,0.00614107191074853,10,"gaussian","all finite selected distances; unit area over full domain",1845,1845,1712,0,133,200
"All tissues","SuSiE","CSs without a shared biological lead SNP",32.421875,0.00607047299095999,10,"gaussian","all finite selected distances; unit area over full domain",1845,1845,1712,0,133,200
"All tissues","SuSiE","CSs without a shared biological lead SNP",32.8125,0.00600056670399445,10,"gaussian","all finite selected distances; unit area over full domain",1845,1845,1712,0,133,200
"All tissues","SuSiE","CSs without a shared biological lead SNP",33.203125,0.00593130551275671,10,"gaussian","all finite selected distances; unit area over full domain",1845,1845,1712,0,133,200
"All tissues","SuSiE","CSs without a shared biological lead SNP",33.59375,0.00586272061757561,10,"gaussian","all finite selected distances; unit area over full domain",1845,1845,1712,0,133,200
"All tissues","SuSiE","CSs without a shared biological lead SNP",33.984375,0.00579475342498271,10,"gaussian","all finite selected distances; unit area over full domain",1845,1845,1712,0,133,200
"All tissues","SuSiE","CSs without a shared biological lead SNP",34.375,0.00572735987759893,10,"gaussian","all finite selected distances; unit area over full domain",1845,1845,1712,0,133,200
"All tissues","SuSiE","CSs without a shared biological lead SNP",34.765625,0.00566056586263288,10,"gaussian","all finite selected distances; unit area over full domain",1845,1845,1712,0,133,200
"All tissues","SuSiE","CSs without a shared biological lead SNP",35.15625,0.0055943164115006,10,"gaussian","all finite selected distances; unit area over full domain",1845,1845,1712,0,133,200
"All tissues","SuSiE","CSs without a shared biological lead SNP",35.546875,0.00552857159637801,10,"gaussian","all finite selected distances; unit area over full domain",1845,1845,1712,0,133,200
"All tissues","SuSiE","CSs without a shared biological lead SNP",35.9375,0.00546335308180265,10,"gaussian","all finite selected distances; unit area over full domain",1845,1845,1712,0,133,200
"All tissues","SuSiE","CSs without a shared biological lead SNP",36.328125,0.00539861061515552,10,"gaussian","all finite selected distances; unit area over full domain",1845,1845,1712,0,133,200
"All tissues","SuSiE","CSs without a shared biological lead SNP",36.71875,0.00533430901280844,10,"gaussian","all finite selected distances; unit area over full domain",1845,1845,1712,0,133,200
"All tissues","SuSiE","CSs without a shared biological lead SNP",37.109375,0.00527046715305663,10,"gaussian","all finite selected distances; unit area over full domain",1845,1845,1712,0,133,200
"All tissues","SuSiE","CSs without a shared biological lead SNP",37.5,0.00520704048430102,10,"gaussian","all finite selected distances; unit area over full domain",1845,1845,1712,0,133,200
"All tissues","SuSiE","CSs without a shared biological lead SNP",37.890625,0.00514399915997583,10,"gaussian","all finite selected distances; unit area over full domain",1845,1845,1712,0,133,200
"All tissues","SuSiE","CSs without a shared biological lead SNP",38.28125,0.00508136108418123,10,"gaussian","all finite selected distances; unit area over full domain",1845,1845,1712,0,133,200
"All tissues","SuSiE","CSs without a shared biological lead SNP",38.671875,0.00501908823436007,10,"gaussian","all finite selected distances; unit area over full domain",1845,1845,1712,0,133,200
"All tissues","SuSiE","CSs without a shared biological lead SNP",39.0625,0.00495715664905913,10,"gaussian","all finite selected distances; unit area over full domain",1845,1845,1712,0,133,200
"All tissues","SuSiE","CSs without a shared biological lead SNP",39.453125,0.00489558542795462,10,"gaussian","all finite selected distances; unit area over full domain",1845,1845,1712,0,133,200
"All tissues","SuSiE","CSs without a shared biological lead SNP",39.84375,0.00483434365761753,10,"gaussian","all finite selected distances; unit area over full domain",1845,1845,1712,0,133,200
"All tissues","SuSiE","CSs without a shared biological lead SNP",40.234375,0.0047734137112987,10,"gaussian","all finite selected distances; unit area over full domain",1845,1845,1712,0,133,200
"All tissues","SuSiE","CSs without a shared biological lead SNP",40.625,0.00471281833871533,10,"gaussian","all finite selected distances; unit area over full domain",1845,1845,1712,0,133,200
"All tissues","SuSiE","CSs without a shared biological lead SNP",41.015625,0.00465253395187897,10,"gaussian","all finite selected distances; unit area over full domain",1845,1845,1712,0,133,200
"All tissues","SuSiE","CSs without a shared biological lead SNP",41.40625,0.00459254953593498,10,"gaussian","all finite selected distances; unit area over full domain",1845,1845,1712,0,133,200
"All tissues","SuSiE","CSs without a shared biological lead SNP",41.796875,0.0045328941014305,10,"gaussian","all finite selected distances; unit area over full domain",1845,1845,1712,0,133,200
"All tissues","SuSiE","CSs without a shared biological lead SNP",42.1875,0.00447355111840382,10,"gaussian","all finite selected distances; unit area over full domain",1845,1845,1712,0,133,200
"All tissues","SuSiE","CSs without a shared biological lead SNP",42.578125,0.00441451620783815,10,"gaussian","all finite selected distances; unit area over full domain",1845,1845,1712,0,133,200
"All tissues","SuSiE","CSs without a shared biological lead SNP",42.96875,0.00435582723221018,10,"gaussian","all finite selected distances; unit area over full domain",1845,1845,1712,0,133,200
"All tissues","SuSiE","CSs without a shared biological lead SNP",43.359375,0.00429747386808309,10,"gaussian","all finite selected distances; unit area over full domain",1845,1845,1712,0,133,200
"All tissues","SuSiE","CSs without a shared biological lead SNP",43.75,0.00423945806993997,10,"gaussian","all finite selected distances; unit area over full domain",1845,1845,1712,0,133,200
"All tissues","SuSiE","CSs without a shared biological lead SNP",44.140625,0.00418182891496869,10,"gaussian","all finite selected distances; unit area over full domain",1845,1845,1712,0,133,200
"All tissues","SuSiE","CSs without a shared biological lead SNP",44.53125,0.0041245807929441,10,"gaussian","all finite selected distances; unit area over full domain",1845,1845,1712,0,133,200
"All tissues","SuSiE","CSs without a shared biological lead SNP",44.921875,0.00406772131205144,10,"gaussian","all finite selected distances; unit area over full domain",1845,1845,1712,0,133,200
"All tissues","SuSiE","CSs without a shared biological lead SNP",45.3125,0.00401131267817464,10,"gaussian","all finite selected distances; unit area over full domain",1845,1845,1712,0,133,200
"All tissues","SuSiE","CSs without a shared biological lead SNP",45.703125,0.00395535186288028,10,"gaussian","all finite selected distances; unit area over full domain",1845,1845,1712,0,133,200
"All tissues","SuSiE","CSs without a shared biological lead SNP",46.09375,0.00389985105292467,10,"gaussian","all finite selected distances; unit area over full domain",1845,1845,1712,0,133,200
"All tissues","SuSiE","CSs without a shared biological lead SNP",46.484375,0.00384488683981053,10,"gaussian","all finite selected distances; unit area over full domain",1845,1845,1712,0,133,200
"All tissues","SuSiE","CSs without a shared biological lead SNP",46.875,0.00379045608392402,10,"gaussian","all finite selected distances; unit area over full domain",1845,1845,1712,0,133,200
"All tissues","SuSiE","CSs without a shared biological lead SNP",47.265625,0.00373657410281644,10,"gaussian","all finite selected distances; unit area over full domain",1845,1845,1712,0,133,200
"All tissues","SuSiE","CSs without a shared biological lead SNP",47.65625,0.00368333230182492,10,"gaussian","all finite selected distances; unit area over full domain",1845,1845,1712,0,133,200
"All tissues","SuSiE","CSs without a shared biological lead SNP",48.046875,0.00363072432694188,10,"gaussian","all finite selected distances; unit area over full domain",1845,1845,1712,0,133,200
"All tissues","SuSiE","CSs without a shared biological lead SNP",48.4375,0.00357876687136596,10,"gaussian","all finite selected distances; unit area over full domain",1845,1845,1712,0,133,200
"All tissues","SuSiE","CSs without a shared biological lead SNP",48.828125,0.0035275656404173,10,"gaussian","all finite selected distances; unit area over full domain",1845,1845,1712,0,133,200
"All tissues","SuSiE","CSs without a shared biological lead SNP",49.21875,0.00347710776986526,10,"gaussian","all finite selected distances; unit area over full domain",1845,1845,1712,0,133,200
"All tissues","SuSiE","CSs without a shared biological lead SNP",49.609375,0.00342740937033293,10,"gaussian","all finite selected distances; unit area over full domain",1845,1845,1712,0,133,200
"All tissues","SuSiE","CSs without a shared biological lead SNP",50,0.00337858895225736,10,"gaussian","all finite selected distances; unit area over full domain",1845,1845,1712,0,133,200
"All tissues","SuSiE","CSs without a shared biological lead SNP",50.390625,0.0033306239185061,10,"gaussian","all finite selected distances; unit area over full domain",1845,1845,1712,0,133,200
"All tissues","SuSiE","CSs without a shared biological lead SNP",50.78125,0.00328352777039034,10,"gaussian","all finite selected distances; unit area over full domain",1845,1845,1712,0,133,200
"All tissues","SuSiE","CSs without a shared biological lead SNP",51.171875,0.00323742939149653,10,"gaussian","all finite selected distances; unit area over full domain",1845,1845,1712,0,133,200
"All tissues","SuSiE","CSs without a shared biological lead SNP",51.5625,0.00319229359028161,10,"gaussian","all finite selected distances; unit area over full domain",1845,1845,1712,0,133,200
"All tissues","SuSiE","CSs without a shared biological lead SNP",51.953125,0.00314812931543269,10,"gaussian","all finite selected distances; unit area over full domain",1845,1845,1712,0,133,200
"All tissues","SuSiE","CSs without a shared biological lead SNP",52.34375,0.00310507258096535,10,"gaussian","all finite selected distances; unit area over full domain",1845,1845,1712,0,133,200
"All tissues","SuSiE","CSs without a shared biological lead SNP",52.734375,0.00306307338038558,10,"gaussian","all finite selected distances; unit area over full domain",1845,1845,1712,0,133,200
"All tissues","SuSiE","CSs without a shared biological lead SNP",53.125,0.00302213440375051,10,"gaussian","all finite selected distances; unit area over full domain",1845,1845,1712,0,133,200
"All tissues","SuSiE","CSs without a shared biological lead SNP",53.515625,0.00298239494140888,10,"gaussian","all finite selected distances; unit area over full domain",1845,1845,1712,0,133,200
"All tissues","SuSiE","CSs without a shared biological lead SNP",53.90625,0.00294378883268478,10,"gaussian","all finite selected distances; unit area over full domain",1845,1845,1712,0,133,200
"All tissues","SuSiE","CSs without a shared biological lead SNP",54.296875,0.00290631118005792,10,"gaussian","all finite selected distances; unit area over full domain",1845,1845,1712,0,133,200
"All tissues","SuSiE","CSs without a shared biological lead SNP",54.6875,0.00287010033974932,10,"gaussian","all finite selected distances; unit area over full domain",1845,1845,1712,0,133,200
"All tissues","SuSiE","CSs without a shared biological lead SNP",55.078125,0.00283507371184794,10,"gaussian","all finite selected distances; unit area over full domain",1845,1845,1712,0,133,200
"All tissues","SuSiE","CSs without a shared biological lead SNP",55.46875,0.00280121797022576,10,"gaussian","all finite selected distances; unit area over full domain",1845,1845,1712,0,133,200
"All tissues","SuSiE","CSs without a shared biological lead SNP",55.859375,0.00276866625737243,10,"gaussian","all finite selected distances; unit area over full domain",1845,1845,1712,0,133,200
"All tissues","SuSiE","CSs without a shared biological lead SNP",56.25,0.00273732038747251,10,"gaussian","all finite selected distances; unit area over full domain",1845,1845,1712,0,133,200
"All tissues","SuSiE","CSs without a shared biological lead SNP",56.640625,0.00270715832295335,10,"gaussian","all finite selected distances; unit area over full domain",1845,1845,1712,0,133,200
"All tissues","SuSiE","CSs without a shared biological lead SNP",57.03125,0.00267830393647971,10,"gaussian","all finite selected distances; unit area over full domain",1845,1845,1712,0,133,200
"All tissues","SuSiE","CSs without a shared biological lead SNP",57.421875,0.00265064543196937,10,"gaussian","all finite selected distances; unit area over full domain",1845,1845,1712,0,133,200
"All tissues","SuSiE","CSs without a shared biological lead SNP",57.8125,0.00262415235819682,10,"gaussian","all finite selected distances; unit area over full domain",1845,1845,1712,0,133,200
"All tissues","SuSiE","CSs without a shared biological lead SNP",58.203125,0.00259893575640691,10,"gaussian","all finite selected distances; unit area over full domain",1845,1845,1712,0,133,200
"All tissues","SuSiE","CSs without a shared biological lead SNP",58.59375,0.00257487320130044,10,"gaussian","all finite selected distances; unit area over full domain",1845,1845,1712,0,133,200
"All tissues","SuSiE","CSs without a shared biological lead SNP",58.984375,0.00255192667897878,10,"gaussian","all finite selected distances; unit area over full domain",1845,1845,1712,0,133,200
"All tissues","SuSiE","CSs without a shared biological lead SNP",59.375,0.00253019155712235,10,"gaussian","all finite selected distances; unit area over full domain",1845,1845,1712,0,133,200
"All tissues","SuSiE","CSs without a shared biological lead SNP",59.765625,0.00250953856062513,10,"gaussian","all finite selected distances; unit area over full domain",1845,1845,1712,0,133,200
"All tissues","SuSiE","CSs without a shared biological lead SNP",60.15625,0.0024899234431051,10,"gaussian","all finite selected distances; unit area over full domain",1845,1845,1712,0,133,200
"All tissues","SuSiE","CSs without a shared biological lead SNP",60.546875,0.00247142393591216,10,"gaussian","all finite selected distances; unit area over full domain",1845,1845,1712,0,133,200
"All tissues","SuSiE","CSs without a shared biological lead SNP",60.9375,0.0024539082152459,10,"gaussian","all finite selected distances; unit area over full domain",1845,1845,1712,0,133,200
"All tissues","SuSiE","CSs without a shared biological lead SNP",61.328125,0.00243732749934422,10,"gaussian","all finite selected distances; unit area over full domain",1845,1845,1712,0,133,200
"All tissues","SuSiE","CSs without a shared biological lead SNP",61.71875,0.00242174088310555,10,"gaussian","all finite selected distances; unit area over full domain",1845,1845,1712,0,133,200
"All tissues","SuSiE","CSs without a shared biological lead SNP",62.109375,0.00240701849849621,10,"gaussian","all finite selected distances; unit area over full domain",1845,1845,1712,0,133,200
"All tissues","SuSiE","CSs without a shared biological lead SNP",62.5,0.00239310895381457,10,"gaussian","all finite selected distances; unit area over full domain",1845,1845,1712,0,133,200
"All tissues","SuSiE","CSs without a shared biological lead SNP",62.890625,0.00238005267339127,10,"gaussian","all finite selected distances; unit area over full domain",1845,1845,1712,0,133,200
"All tissues","SuSiE","CSs without a shared biological lead SNP",63.28125,0.0023677261245775,10,"gaussian","all finite selected distances; unit area over full domain",1845,1845,1712,0,133,200
"All tissues","SuSiE","CSs without a shared biological lead SNP",63.671875,0.00235607730902844,10,"gaussian","all finite selected distances; unit area over full domain",1845,1845,1712,0,133,200
"All tissues","SuSiE","CSs without a shared biological lead SNP",64.0625,0.0023451288409968,10,"gaussian","all finite selected distances; unit area over full domain",1845,1845,1712,0,133,200
"All tissues","SuSiE","CSs without a shared biological lead SNP",64.453125,0.0023347674719279,10,"gaussian","all finite selected distances; unit area over full domain",1845,1845,1712,0,133,200
"All tissues","SuSiE","CSs without a shared biological lead SNP",64.84375,0.00232494253059049,10,"gaussian","all finite selected distances; unit area over full domain",1845,1845,1712,0,133,200
"All tissues","SuSiE","CSs without a shared biological lead SNP",65.234375,0.00231566044263326,10,"gaussian","all finite selected distances; unit area over full domain",1845,1845,1712,0,133,200
"All tissues","SuSiE","CSs without a shared biological lead SNP",65.625,0.00230682150576291,10,"gaussian","all finite selected distances; unit area over full domain",1845,1845,1712,0,133,200
"All tissues","SuSiE","CSs without a shared biological lead SNP",66.015625,0.00229837810963934,10,"gaussian","all finite selected distances; unit area over full domain",1845,1845,1712,0,133,200
"All tissues","SuSiE","CSs without a shared biological lead SNP",66.40625,0.00229032269596207,10,"gaussian","all finite selected distances; unit area over full domain",1845,1845,1712,0,133,200
"All tissues","SuSiE","CSs without a shared biological lead SNP",66.796875,0.00228257150058006,10,"gaussian","all finite selected distances; unit area over full domain",1845,1845,1712,0,133,200
"All tissues","SuSiE","CSs without a shared biological lead SNP",67.1875,0.00227508140556225,10,"gaussian","all finite selected distances; unit area over full domain",1845,1845,1712,0,133,200
"All tissues","SuSiE","CSs without a shared biological lead SNP",67.578125,0.00226783345558592,10,"gaussian","all finite selected distances; unit area over full domain",1845,1845,1712,0,133,200
"All tissues","SuSiE","CSs without a shared biological lead SNP",67.96875,0.00226076124677024,10,"gaussian","all finite selected distances; unit area over full domain",1845,1845,1712,0,133,200
"All tissues","SuSiE","CSs without a shared biological lead SNP",68.359375,0.00225382721610376,10,"gaussian","all finite selected distances; unit area over full domain",1845,1845,1712,0,133,200
"All tissues","SuSiE","CSs without a shared biological lead SNP",68.75,0.00224700377779989,10,"gaussian","all finite selected distances; unit area over full domain",1845,1845,1712,0,133,200
"All tissues","SuSiE","CSs without a shared biological lead SNP",69.140625,0.00224024232778973,10,"gaussian","all finite selected distances; unit area over full domain",1845,1845,1712,0,133,200
"All tissues","SuSiE","CSs without a shared biological lead SNP",69.53125,0.00223351152317303,10,"gaussian","all finite selected distances; unit area over full domain",1845,1845,1712,0,133,200
"All tissues","SuSiE","CSs without a shared biological lead SNP",69.921875,0.00222677790857338,10,"gaussian","all finite selected distances; unit area over full domain",1845,1845,1712,0,133,200
"All tissues","SuSiE","CSs without a shared biological lead SNP",70.3125,0.0022200102031918,10,"gaussian","all finite selected distances; unit area over full domain",1845,1845,1712,0,133,200
"All tissues","SuSiE","CSs without a shared biological lead SNP",70.703125,0.00221318356061619,10,"gaussian","all finite selected distances; unit area over full domain",1845,1845,1712,0,133,200
"All tissues","SuSiE","CSs without a shared biological lead SNP",71.09375,0.00220626125767731,10,"gaussian","all finite selected distances; unit area over full domain",1845,1845,1712,0,133,200
"All tissues","SuSiE","CSs without a shared biological lead SNP",71.484375,0.00219922807473831,10,"gaussian","all finite selected distances; unit area over full domain",1845,1845,1712,0,133,200
"All tissues","SuSiE","CSs without a shared biological lead SNP",71.875,0.00219206558914516,10,"gaussian","all finite selected distances; unit area over full domain",1845,1845,1712,0,133,200
"All tissues","SuSiE","CSs without a shared biological lead SNP",72.265625,0.00218473613993994,10,"gaussian","all finite selected distances; unit area over full domain",1845,1845,1712,0,133,200
"All tissues","SuSiE","CSs without a shared biological lead SNP",72.65625,0.00217723869477128,10,"gaussian","all finite selected distances; unit area over full domain",1845,1845,1712,0,133,200
"All tissues","SuSiE","CSs without a shared biological lead SNP",73.046875,0.00216956089523338,10,"gaussian","all finite selected distances; unit area over full domain",1845,1845,1712,0,133,200
"All tissues","SuSiE","CSs without a shared biological lead SNP",73.4375,0.00216166613119905,10,"gaussian","all finite selected distances; unit area over full domain",1845,1845,1712,0,133,200
"All tissues","SuSiE","CSs without a shared biological lead SNP",73.828125,0.00215356526604732,10,"gaussian","all finite selected distances; unit area over full domain",1845,1845,1712,0,133,200
"All tissues","SuSiE","CSs without a shared biological lead SNP",74.21875,0.00214525143408193,10,"gaussian","all finite selected distances; unit area over full domain",1845,1845,1712,0,133,200
"All tissues","SuSiE","CSs without a shared biological lead SNP",74.609375,0.00213669069339604,10,"gaussian","all finite selected distances; unit area over full domain",1845,1845,1712,0,133,200
"All tissues","SuSiE","CSs without a shared biological lead SNP",75,0.00212790328625506,10,"gaussian","all finite selected distances; unit area over full domain",1845,1845,1712,0,133,200
"All tissues","SuSiE","CSs without a shared biological lead SNP",75.390625,0.00211888713296129,10,"gaussian","all finite selected distances; unit area over full domain",1845,1845,1712,0,133,200
"All tissues","SuSiE","CSs without a shared biological lead SNP",75.78125,0.00210961220799312,10,"gaussian","all finite selected distances; unit area over full domain",1845,1845,1712,0,133,200
"All tissues","SuSiE","CSs without a shared biological lead SNP",76.171875,0.00210010556287732,10,"gaussian","all finite selected distances; unit area over full domain",1845,1845,1712,0,133,200
"All tissues","SuSiE","CSs without a shared biological lead SNP",76.5625,0.00209036913195858,10,"gaussian","all finite selected distances; unit area over full domain",1845,1845,1712,0,133,200
"All tissues","SuSiE","CSs without a shared biological lead SNP",76.953125,0.0020803777083556,10,"gaussian","all finite selected distances; unit area over full domain",1845,1845,1712,0,133,200
"All tissues","SuSiE","CSs without a shared biological lead SNP",77.34375,0.0020701626707116,10,"gaussian","all finite selected distances; unit area over full domain",1845,1845,1712,0,133,200
"All tissues","SuSiE","CSs without a shared biological lead SNP",77.734375,0.00205972918657205,10,"gaussian","all finite selected distances; unit area over full domain",1845,1845,1712,0,133,200
"All tissues","SuSiE","CSs without a shared biological lead SNP",78.125,0.00204905745759835,10,"gaussian","all finite selected distances; unit area over full domain",1845,1845,1712,0,133,200
"All tissues","SuSiE","CSs without a shared biological lead SNP",78.515625,0.00203818089726169,10,"gaussian","all finite selected distances; unit area over full domain",1845,1845,1712,0,133,200
"All tissues","SuSiE","CSs without a shared biological lead SNP",78.90625,0.00202710715581214,10,"gaussian","all finite selected distances; unit area over full domain",1845,1845,1712,0,133,200
"All tissues","SuSiE","CSs without a shared biological lead SNP",79.296875,0.00201582215519601,10,"gaussian","all finite selected distances; unit area over full domain",1845,1845,1712,0,133,200
"All tissues","SuSiE","CSs without a shared biological lead SNP",79.6875,0.00200435930662211,10,"gaussian","all finite selected distances; unit area over full domain",1845,1845,1712,0,133,200
"All tissues","SuSiE","CSs without a shared biological lead SNP",80.078125,0.0019927280350678,10,"gaussian","all finite selected distances; unit area over full domain",1845,1845,1712,0,133,200
"All tissues","SuSiE","CSs without a shared biological lead SNP",80.46875,0.00198092007336307,10,"gaussian","all finite selected distances; unit area over full domain",1845,1845,1712,0,133,200
"All tissues","SuSiE","CSs without a shared biological lead SNP",80.859375,0.00196896705413671,10,"gaussian","all finite selected distances; unit area over full domain",1845,1845,1712,0,133,200
"All tissues","SuSiE","CSs without a shared biological lead SNP",81.25,0.00195687944741703,10,"gaussian","all finite selected distances; unit area over full domain",1845,1845,1712,0,133,200
"All tissues","SuSiE","CSs without a shared biological lead SNP",81.640625,0.001944654927896,10,"gaussian","all finite selected distances; unit area over full domain",1845,1845,1712,0,133,200
"All tissues","SuSiE","CSs without a shared biological lead SNP",82.03125,0.00193232160470986,10,"gaussian","all finite selected distances; unit area over full domain",1845,1845,1712,0,133,200
"All tissues","SuSiE","CSs without a shared biological lead SNP",82.421875,0.00191989057785078,10,"gaussian","all finite selected distances; unit area over full domain",1845,1845,1712,0,133,200
"All tissues","SuSiE","CSs without a shared biological lead SNP",82.8125,0.00190736487008017,10,"gaussian","all finite selected distances; unit area over full domain",1845,1845,1712,0,133,200
"All tissues","SuSiE","CSs without a shared biological lead SNP",83.203125,0.00189476813167218,10,"gaussian","all finite selected distances; unit area over full domain",1845,1845,1712,0,133,200
"All tissues","SuSiE","CSs without a shared biological lead SNP",83.59375,0.00188211155669996,10,"gaussian","all finite selected distances; unit area over full domain",1845,1845,1712,0,133,200
"All tissues","SuSiE","CSs without a shared biological lead SNP",83.984375,0.001869402711212,10,"gaussian","all finite selected distances; unit area over full domain",1845,1845,1712,0,133,200
"All tissues","SuSiE","CSs without a shared biological lead SNP",84.375,0.00185666015392576,10,"gaussian","all finite selected distances; unit area over full domain",1845,1845,1712,0,133,200
"All tissues","SuSiE","CSs without a shared biological lead SNP",84.765625,0.00184389467063896,10,"gaussian","all finite selected distances; unit area over full domain",1845,1845,1712,0,133,200
"All tissues","SuSiE","CSs without a shared biological lead SNP",85.15625,0.00183111738774562,10,"gaussian","all finite selected distances; unit area over full domain",1845,1845,1712,0,133,200
"All tissues","SuSiE","CSs without a shared biological lead SNP",85.546875,0.00181834142229906,10,"gaussian","all finite selected distances; unit area over full domain",1845,1845,1712,0,133,200
"All tissues","SuSiE","CSs without a shared biological lead SNP",85.9375,0.00180557668204175,10,"gaussian","all finite selected distances; unit area over full domain",1845,1845,1712,0,133,200
"All tissues","SuSiE","CSs without a shared biological lead SNP",86.328125,0.00179283673320599,10,"gaussian","all finite selected distances; unit area over full domain",1845,1845,1712,0,133,200
"All tissues","SuSiE","CSs without a shared biological lead SNP",86.71875,0.00178012916981597,10,"gaussian","all finite selected distances; unit area over full domain",1845,1845,1712,0,133,200
"All tissues","SuSiE","CSs without a shared biological lead SNP",87.109375,0.00176746259162209,10,"gaussian","all finite selected distances; unit area over full domain",1845,1845,1712,0,133,200
"All tissues","SuSiE","CSs without a shared biological lead SNP",87.5,0.00175485179961273,10,"gaussian","all finite selected distances; unit area over full domain",1845,1845,1712,0,133,200
"All tissues","SuSiE","CSs without a shared biological lead SNP",87.890625,0.00174229904274266,10,"gaussian","all finite selected distances; unit area over full domain",1845,1845,1712,0,133,200
"All tissues","SuSiE","CSs without a shared biological lead SNP",88.28125,0.00172981123863752,10,"gaussian","all finite selected distances; unit area over full domain",1845,1845,1712,0,133,200
"All tissues","SuSiE","CSs without a shared biological lead SNP",88.671875,0.00171740320027183,10,"gaussian","all finite selected distances; unit area over full domain",1845,1845,1712,0,133,200
"All tissues","SuSiE","CSs without a shared biological lead SNP",89.0625,0.00170507225931354,10,"gaussian","all finite selected distances; unit area over full domain",1845,1845,1712,0,133,200
"All tissues","SuSiE","CSs without a shared biological lead SNP",89.453125,0.00169282335582176,10,"gaussian","all finite selected distances; unit area over full domain",1845,1845,1712,0,133,200
"All tissues","SuSiE","CSs without a shared biological lead SNP",89.84375,0.00168067015278902,10,"gaussian","all finite selected distances; unit area over full domain",1845,1845,1712,0,133,200
"All tissues","SuSiE","CSs without a shared biological lead SNP",90.234375,0.0016686057267796,10,"gaussian","all finite selected distances; unit area over full domain",1845,1845,1712,0,133,200
"All tissues","SuSiE","CSs without a shared biological lead SNP",90.625,0.00165663284971815,10,"gaussian","all finite selected distances; unit area over full domain",1845,1845,1712,0,133,200
"All tissues","SuSiE","CSs without a shared biological lead SNP",91.015625,0.00164476301760875,10,"gaussian","all finite selected distances; unit area over full domain",1845,1845,1712,0,133,200
"All tissues","SuSiE","CSs without a shared biological lead SNP",91.40625,0.00163298592153592,10,"gaussian","all finite selected distances; unit area over full domain",1845,1845,1712,0,133,200
"All tissues","SuSiE","CSs without a shared biological lead SNP",91.796875,0.00162130210428923,10,"gaussian","all finite selected distances; unit area over full domain",1845,1845,1712,0,133,200
"All tissues","SuSiE","CSs without a shared biological lead SNP",92.1875,0.00160972010400059,10,"gaussian","all finite selected distances; unit area over full domain",1845,1845,1712,0,133,200
"All tissues","SuSiE","CSs without a shared biological lead SNP",92.578125,0.00159822726087782,10,"gaussian","all finite selected distances; unit area over full domain",1845,1845,1712,0,133,200
"All tissues","SuSiE","CSs without a shared biological lead SNP",92.96875,0.00158682197528249,10,"gaussian","all finite selected distances; unit area over full domain",1845,1845,1712,0,133,200
"All tissues","SuSiE","CSs without a shared biological lead SNP",93.359375,0.00157550933092453,10,"gaussian","all finite selected distances; unit area over full domain",1845,1845,1712,0,133,200
"All tissues","SuSiE","CSs without a shared biological lead SNP",93.75,0.00156427545749944,10,"gaussian","all finite selected distances; unit area over full domain",1845,1845,1712,0,133,200
"All tissues","SuSiE","CSs without a shared biological lead SNP",94.140625,0.00155311685450665,10,"gaussian","all finite selected distances; unit area over full domain",1845,1845,1712,0,133,200
"All tissues","SuSiE","CSs without a shared biological lead SNP",94.53125,0.00154203499476755,10,"gaussian","all finite selected distances; unit area over full domain",1845,1845,1712,0,133,200
"All tissues","SuSiE","CSs without a shared biological lead SNP",94.921875,0.00153101596958521,10,"gaussian","all finite selected distances; unit area over full domain",1845,1845,1712,0,133,200
"All tissues","SuSiE","CSs without a shared biological lead SNP",95.3125,0.00152005476714996,10,"gaussian","all finite selected distances; unit area over full domain",1845,1845,1712,0,133,200
"All tissues","SuSiE","CSs without a shared biological lead SNP",95.703125,0.00150914944889613,10,"gaussian","all finite selected distances; unit area over full domain",1845,1845,1712,0,133,200
"All tissues","SuSiE","CSs without a shared biological lead SNP",96.09375,0.00149828718790837,10,"gaussian","all finite selected distances; unit area over full domain",1845,1845,1712,0,133,200
"All tissues","SuSiE","CSs without a shared biological lead SNP",96.484375,0.0014874619766142,10,"gaussian","all finite selected distances; unit area over full domain",1845,1845,1712,0,133,200
"All tissues","SuSiE","CSs without a shared biological lead SNP",96.875,0.00147666900258733,10,"gaussian","all finite selected distances; unit area over full domain",1845,1845,1712,0,133,200
"All tissues","SuSiE","CSs without a shared biological lead SNP",97.265625,0.00146589750307215,10,"gaussian","all finite selected distances; unit area over full domain",1845,1845,1712,0,133,200
"All tissues","SuSiE","CSs without a shared biological lead SNP",97.65625,0.00145514108020331,10,"gaussian","all finite selected distances; unit area over full domain",1845,1845,1712,0,133,200
"All tissues","SuSiE","CSs without a shared biological lead SNP",98.046875,0.00144439287172209,10,"gaussian","all finite selected distances; unit area over full domain",1845,1845,1712,0,133,200
"All tissues","SuSiE","CSs without a shared biological lead SNP",98.4375,0.00143364494451887,10,"gaussian","all finite selected distances; unit area over full domain",1845,1845,1712,0,133,200
"All tissues","SuSiE","CSs without a shared biological lead SNP",98.828125,0.00142289115875449,10,"gaussian","all finite selected distances; unit area over full domain",1845,1845,1712,0,133,200
"All tissues","SuSiE","CSs without a shared biological lead SNP",99.21875,0.00141212363232751,10,"gaussian","all finite selected distances; unit area over full domain",1845,1845,1712,0,133,200
"All tissues","SuSiE","CSs without a shared biological lead SNP",99.609375,0.00140133774695388,10,"gaussian","all finite selected distances; unit area over full domain",1845,1845,1712,0,133,200
"All tissues","SuSiE","CSs without a shared biological lead SNP",100,0.00139052825858152,10,"gaussian","all finite selected distances; unit area over full domain",1845,1845,1712,0,133,200
"All tissues","SuSiE","CSs without a shared biological lead SNP",100.390625,0.00137968739998208,10,"gaussian","all finite selected distances; unit area over full domain",1845,1845,1712,0,133,200
"All tissues","SuSiE","CSs without a shared biological lead SNP",100.78125,0.00136881403245054,10,"gaussian","all finite selected distances; unit area over full domain",1845,1845,1712,0,133,200
"All tissues","SuSiE","CSs without a shared biological lead SNP",101.171875,0.00135790438081516,10,"gaussian","all finite selected distances; unit area over full domain",1845,1845,1712,0,133,200
"All tissues","SuSiE","CSs without a shared biological lead SNP",101.5625,0.0013469519212029,10,"gaussian","all finite selected distances; unit area over full domain",1845,1845,1712,0,133,200
"All tissues","SuSiE","CSs without a shared biological lead SNP",101.953125,0.00133595882715969,10,"gaussian","all finite selected distances; unit area over full domain",1845,1845,1712,0,133,200
"All tissues","SuSiE","CSs without a shared biological lead SNP",102.34375,0.00132492325183689,10,"gaussian","all finite selected distances; unit area over full domain",1845,1845,1712,0,133,200
"All tissues","SuSiE","CSs without a shared biological lead SNP",102.734375,0.0013138409284305,10,"gaussian","all finite selected distances; unit area over full domain",1845,1845,1712,0,133,200
"All tissues","SuSiE","CSs without a shared biological lead SNP",103.125,0.00130271686209644,10,"gaussian","all finite selected distances; unit area over full domain",1845,1845,1712,0,133,200
"All tissues","SuSiE","CSs without a shared biological lead SNP",103.515625,0.00129155144150838,10,"gaussian","all finite selected distances; unit area over full domain",1845,1845,1712,0,133,200
"All tissues","SuSiE","CSs without a shared biological lead SNP",103.90625,0.00128034346149335,10,"gaussian","all finite selected distances; unit area over full domain",1845,1845,1712,0,133,200
"All tissues","SuSiE","CSs without a shared biological lead SNP",104.296875,0.00126910001251362,10,"gaussian","all finite selected distances; unit area over full domain",1845,1845,1712,0,133,200
"All tissues","SuSiE","CSs without a shared biological lead SNP",104.6875,0.00125782384955388,10,"gaussian","all finite selected distances; unit area over full domain",1845,1845,1712,0,133,200
"All tissues","SuSiE","CSs without a shared biological lead SNP",105.078125,0.00124651735406305,10,"gaussian","all finite selected distances; unit area over full domain",1845,1845,1712,0,133,200
"All tissues","SuSiE","CSs without a shared biological lead SNP",105.46875,0.00123518876152625,10,"gaussian","all finite selected distances; unit area over full domain",1845,1845,1712,0,133,200
"All tissues","SuSiE","CSs without a shared biological lead SNP",105.859375,0.0012238431402115,10,"gaussian","all finite selected distances; unit area over full domain",1845,1845,1712,0,133,200
"All tissues","SuSiE","CSs without a shared biological lead SNP",106.25,0.00121248666387443,10,"gaussian","all finite selected distances; unit area over full domain",1845,1845,1712,0,133,200
"All tissues","SuSiE","CSs without a shared biological lead SNP",106.640625,0.0012011276669574,10,"gaussian","all finite selected distances; unit area over full domain",1845,1845,1712,0,133,200
"All tissues","SuSiE","CSs without a shared biological lead SNP",107.03125,0.00118977330392117,10,"gaussian","all finite selected distances; unit area over full domain",1845,1845,1712,0,133,200
"All tissues","SuSiE","CSs without a shared biological lead SNP",107.421875,0.00117843342107222,10,"gaussian","all finite selected distances; unit area over full domain",1845,1845,1712,0,133,200
"All tissues","SuSiE","CSs without a shared biological lead SNP",107.8125,0.00116711539545776,10,"gaussian","all finite selected distances; unit area over full domain",1845,1845,1712,0,133,200
"All tissues","SuSiE","CSs without a shared biological lead SNP",108.203125,0.00115582809197716,10,"gaussian","all finite selected distances; unit area over full domain",1845,1845,1712,0,133,200
"All tissues","SuSiE","CSs without a shared biological lead SNP",108.59375,0.00114458461069044,10,"gaussian","all finite selected distances; unit area over full domain",1845,1845,1712,0,133,200
"All tissues","SuSiE","CSs without a shared biological lead SNP",108.984375,0.00113339039764213,10,"gaussian","all finite selected distances; unit area over full domain",1845,1845,1712,0,133,200
"All tissues","SuSiE","CSs without a shared biological lead SNP",109.375,0.00112225554163501,10,"gaussian","all finite selected distances; unit area over full domain",1845,1845,1712,0,133,200
"All tissues","SuSiE","CSs without a shared biological lead SNP",109.765625,0.00111119573288308,10,"gaussian","all finite selected distances; unit area over full domain",1845,1845,1712,0,133,200
"All tissues","SuSiE","CSs without a shared biological lead SNP",110.15625,0.00110021367700072,10,"gaussian","all finite selected distances; unit area over full domain",1845,1845,1712,0,133,200
"All tissues","SuSiE","CSs without a shared biological lead SNP",110.546875,0.00108932013539054,10,"gaussian","all finite selected distances; unit area over full domain",1845,1845,1712,0,133,200
"All tissues","SuSiE","CSs without a shared biological lead SNP",110.9375,0.00107853255457626,10,"gaussian","all finite selected distances; unit area over full domain",1845,1845,1712,0,133,200
"All tissues","SuSiE","CSs without a shared biological lead SNP",111.328125,0.00106785031686873,10,"gaussian","all finite selected distances; unit area over full domain",1845,1845,1712,0,133,200
"All tissues","SuSiE","CSs without a shared biological lead SNP",111.71875,0.0010572842893749,10,"gaussian","all finite selected distances; unit area over full domain",1845,1845,1712,0,133,200
"All tissues","SuSiE","CSs without a shared biological lead SNP",112.109375,0.00104685275647567,10,"gaussian","all finite selected distances; unit area over full domain",1845,1845,1712,0,133,200
"All tissues","SuSiE","CSs without a shared biological lead SNP",112.5,0.00103655145914556,10,"gaussian","all finite selected distances; unit area over full domain",1845,1845,1712,0,133,200
"All tissues","SuSiE","CSs without a shared biological lead SNP",112.890625,0.00102639083508402,10,"gaussian","all finite selected distances; unit area over full domain",1845,1845,1712,0,133,200
"All tissues","SuSiE","CSs without a shared biological lead SNP",113.28125,0.00101638909046722,10,"gaussian","all finite selected distances; unit area over full domain",1845,1845,1712,0,133,200
"All tissues","SuSiE","CSs without a shared biological lead SNP",113.671875,0.00100653828377246,10,"gaussian","all finite selected distances; unit area over full domain",1845,1845,1712,0,133,200
"All tissues","SuSiE","CSs without a shared biological lead SNP",114.0625,0.000996847961142634,10,"gaussian","all finite selected distances; unit area over full domain",1845,1845,1712,0,133,200
"All tissues","SuSiE","CSs without a shared biological lead SNP",114.453125,0.00098733541623613,10,"gaussian","all finite selected distances; unit area over full domain",1845,1845,1712,0,133,200
"All tissues","SuSiE","CSs without a shared biological lead SNP",114.84375,0.00097798924725045,10,"gaussian","all finite selected distances; unit area over full domain",1845,1845,1712,0,133,200
"All tissues","SuSiE","CSs without a shared biological lead SNP",115.234375,0.000968817751185839,10,"gaussian","all finite selected distances; unit area over full domain",1845,1845,1712,0,133,200
"All tissues","SuSiE","CSs without a shared biological lead SNP",115.625,0.000959836621030476,10,"gaussian","all finite selected distances; unit area over full domain",1845,1845,1712,0,133,200
"All tissues","SuSiE","CSs without a shared biological lead SNP",116.015625,0.000951031444583861,10,"gaussian","all finite selected distances; unit area over full domain",1845,1845,1712,0,133,200
"All tissues","SuSiE","CSs without a shared biological lead SNP",116.40625,0.000942409036608241,10,"gaussian","all finite selected distances; unit area over full domain",1845,1845,1712,0,133,200
"All tissues","SuSiE","CSs without a shared biological lead SNP",116.796875,0.000933982991943894,10,"gaussian","all finite selected distances; unit area over full domain",1845,1845,1712,0,133,200
"All tissues","SuSiE","CSs without a shared biological lead SNP",117.1875,0.000925736512878386,10,"gaussian","all finite selected distances; unit area over full domain",1845,1845,1712,0,133,200
"All tissues","SuSiE","CSs without a shared biological lead SNP",117.578125,0.000917674830863651,10,"gaussian","all finite selected distances; unit area over full domain",1845,1845,1712,0,133,200
"All tissues","SuSiE","CSs without a shared biological lead SNP",117.96875,0.00090980915809242,10,"gaussian","all finite selected distances; unit area over full domain",1845,1845,1712,0,133,200
"All tissues","SuSiE","CSs without a shared biological lead SNP",118.359375,0.000902121048082813,10,"gaussian","all finite selected distances; unit area over full domain",1845,1845,1712,0,133,200
"All tissues","SuSiE","CSs without a shared biological lead SNP",118.75,0.000894614175615852,10,"gaussian","all finite selected distances; unit area over full domain",1845,1845,1712,0,133,200
"All tissues","SuSiE","CSs without a shared biological lead SNP",119.140625,0.000887297299049201,10,"gaussian","all finite selected distances; unit area over full domain",1845,1845,1712,0,133,200
"All tissues","SuSiE","CSs without a shared biological lead SNP",119.53125,0.000880151104902348,10,"gaussian","all finite selected distances; unit area over full domain",1845,1845,1712,0,133,200
"All tissues","SuSiE","CSs without a shared biological lead SNP",119.921875,0.000873177851070682,10,"gaussian","all finite selected distances; unit area over full domain",1845,1845,1712,0,133,200
"All tissues","SuSiE","CSs without a shared biological lead SNP",120.3125,0.00086638396498296,10,"gaussian","all finite selected distances; unit area over full domain",1845,1845,1712,0,133,200
"All tissues","SuSiE","CSs without a shared biological lead SNP",120.703125,0.000859750028838505,10,"gaussian","all finite selected distances; unit area over full domain",1845,1845,1712,0,133,200
"All tissues","SuSiE","CSs without a shared biological lead SNP",121.09375,0.000853277114064843,10,"gaussian","all finite selected distances; unit area over full domain",1845,1845,1712,0,133,200
"All tissues","SuSiE","CSs without a shared biological lead SNP",121.484375,0.000846969599408942,10,"gaussian","all finite selected distances; unit area over full domain",1845,1845,1712,0,133,200
"All tissues","SuSiE","CSs without a shared biological lead SNP",121.875,0.000840808650283856,10,"gaussian","all finite selected distances; unit area over full domain",1845,1845,1712,0,133,200
"All tissues","SuSiE","CSs without a shared biological lead SNP",122.265625,0.000834794444923818,10,"gaussian","all finite selected distances; unit area over full domain",1845,1845,1712,0,133,200
"All tissues","SuSiE","CSs without a shared biological lead SNP",122.65625,0.000828929709664523,10,"gaussian","all finite selected distances; unit area over full domain",1845,1845,1712,0,133,200
"All tissues","SuSiE","CSs without a shared biological lead SNP",123.046875,0.000823196761483409,10,"gaussian","all finite selected distances; unit area over full domain",1845,1845,1712,0,133,200
"All tissues","SuSiE","CSs without a shared biological lead SNP",123.4375,0.000817595211272812,10,"gaussian","all finite selected distances; unit area over full domain",1845,1845,1712,0,133,200
"All tissues","SuSiE","CSs without a shared biological lead SNP",123.828125,0.000812126592665716,10,"gaussian","all finite selected distances; unit area over full domain",1845,1845,1712,0,133,200
"All tissues","SuSiE","CSs without a shared biological lead SNP",124.21875,0.00080677479371516,10,"gaussian","all finite selected distances; unit area over full domain",1845,1845,1712,0,133,200
"All tissues","SuSiE","CSs without a shared biological lead SNP",124.609375,0.000801539186210497,10,"gaussian","all finite selected distances; unit area over full domain",1845,1845,1712,0,133,200
"All tissues","SuSiE","CSs without a shared biological lead SNP",125,0.000796420583476622,10,"gaussian","all finite selected distances; unit area over full domain",1845,1845,1712,0,133,200
"All tissues","SuSiE","CSs without a shared biological lead SNP",125.390625,0.000791404700872653,10,"gaussian","all finite selected distances; unit area over full domain",1845,1845,1712,0,133,200
"All tissues","SuSiE","CSs without a shared biological lead SNP",125.78125,0.000786490973890805,10,"gaussian","all finite selected distances; unit area over full domain",1845,1845,1712,0,133,200
"All tissues","SuSiE","CSs without a shared biological lead SNP",126.171875,0.000781679934223818,10,"gaussian","all finite selected distances; unit area over full domain",1845,1845,1712,0,133,200
"All tissues","SuSiE","CSs without a shared biological lead SNP",126.5625,0.000776959217741976,10,"gaussian","all finite selected distances; unit area over full domain",1845,1845,1712,0,133,200
"All tissues","SuSiE","CSs without a shared biological lead SNP",126.953125,0.000772328577438488,10,"gaussian","all finite selected distances; unit area over full domain",1845,1845,1712,0,133,200
"All tissues","SuSiE","CSs without a shared biological lead SNP",127.34375,0.000767788629939904,10,"gaussian","all finite selected distances; unit area over full domain",1845,1845,1712,0,133,200
"All tissues","SuSiE","CSs without a shared biological lead SNP",127.734375,0.000763328875154978,10,"gaussian","all finite selected distances; unit area over full domain",1845,1845,1712,0,133,200
"All tissues","SuSiE","CSs without a shared biological lead SNP",128.125,0.000758949570478533,10,"gaussian","all finite selected distances; unit area over full domain",1845,1845,1712,0,133,200
"All tissues","SuSiE","CSs without a shared biological lead SNP",128.515625,0.000754651684210165,10,"gaussian","all finite selected distances; unit area over full domain",1845,1845,1712,0,133,200
"All tissues","SuSiE","CSs without a shared biological lead SNP",128.90625,0.000750426398182185,10,"gaussian","all finite selected distances; unit area over full domain",1845,1845,1712,0,133,200
"All tissues","SuSiE","CSs without a shared biological lead SNP",129.296875,0.000746274582968609,10,"gaussian","all finite selected distances; unit area over full domain",1845,1845,1712,0,133,200
"All tissues","SuSiE","CSs without a shared biological lead SNP",129.6875,0.000742197709982116,10,"gaussian","all finite selected distances; unit area over full domain",1845,1845,1712,0,133,200
"All tissues","SuSiE","CSs without a shared biological lead SNP",130.078125,0.000738188367008429,10,"gaussian","all finite selected distances; unit area over full domain",1845,1845,1712,0,133,200
"All tissues","SuSiE","CSs without a shared biological lead SNP",130.46875,0.000734248064389427,10,"gaussian","all finite selected distances; unit area over full domain",1845,1845,1712,0,133,200
"All tissues","SuSiE","CSs without a shared biological lead SNP",130.859375,0.000730378810002777,10,"gaussian","all finite selected distances; unit area over full domain",1845,1845,1712,0,133,200
"All tissues","SuSiE","CSs without a shared biological lead SNP",131.25,0.000726574264067337,10,"gaussian","all finite selected distances; unit area over full domain",1845,1845,1712,0,133,200
"All tissues","SuSiE","CSs without a shared biological lead SNP",131.640625,0.000722836524163908,10,"gaussian","all finite selected distances; unit area over full domain",1845,1845,1712,0,133,200
"All tissues","SuSiE","CSs without a shared biological lead SNP",132.03125,0.000719168059106325,10,"gaussian","all finite selected distances; unit area over full domain",1845,1845,1712,0,133,200
"All tissues","SuSiE","CSs without a shared biological lead SNP",132.421875,0.00071556324797833,10,"gaussian","all finite selected distances; unit area over full domain",1845,1845,1712,0,133,200
"All tissues","SuSiE","CSs without a shared biological lead SNP",132.8125,0.000712024653590056,10,"gaussian","all finite selected distances; unit area over full domain",1845,1845,1712,0,133,200
"All tissues","SuSiE","CSs without a shared biological lead SNP",133.203125,0.000708555040734026,10,"gaussian","all finite selected distances; unit area over full domain",1845,1845,1712,0,133,200
"All tissues","SuSiE","CSs without a shared biological lead SNP",133.59375,0.000705149169233518,10,"gaussian","all finite selected distances; unit area over full domain",1845,1845,1712,0,133,200
"All tissues","SuSiE","CSs without a shared biological lead SNP",133.984375,0.00070180989071658,10,"gaussian","all finite selected distances; unit area over full domain",1845,1845,1712,0,133,200
"All tissues","SuSiE","CSs without a shared biological lead SNP",134.375,0.000698540038593524,10,"gaussian","all finite selected distances; unit area over full domain",1845,1845,1712,0,133,200
"All tissues","SuSiE","CSs without a shared biological lead SNP",134.765625,0.000695334461335648,10,"gaussian","all finite selected distances; unit area over full domain",1845,1845,1712,0,133,200
"All tissues","SuSiE","CSs without a shared biological lead SNP",135.15625,0.000692196087472916,10,"gaussian","all finite selected distances; unit area over full domain",1845,1845,1712,0,133,200
"All tissues","SuSiE","CSs without a shared biological lead SNP",135.546875,0.000689127560524128,10,"gaussian","all finite selected distances; unit area over full domain",1845,1845,1712,0,133,200
"All tissues","SuSiE","CSs without a shared biological lead SNP",135.9375,0.000686123594889813,10,"gaussian","all finite selected distances; unit area over full domain",1845,1845,1712,0,133,200
"All tissues","SuSiE","CSs without a shared biological lead SNP",136.328125,0.000683186969302142,10,"gaussian","all finite selected distances; unit area over full domain",1845,1845,1712,0,133,200
"All tissues","SuSiE","CSs without a shared biological lead SNP",136.71875,0.000680319879552592,10,"gaussian","all finite selected distances; unit area over full domain",1845,1845,1712,0,133,200
"All tissues","SuSiE","CSs without a shared biological lead SNP",137.109375,0.000677516767106546,10,"gaussian","all finite selected distances; unit area over full domain",1845,1845,1712,0,133,200
"All tissues","SuSiE","CSs without a shared biological lead SNP",137.5,0.000674780039799757,10,"gaussian","all finite selected distances; unit area over full domain",1845,1845,1712,0,133,200
"All tissues","SuSiE","CSs without a shared biological lead SNP",137.890625,0.00067211121736987,10,"gaussian","all finite selected distances; unit area over full domain",1845,1845,1712,0,133,200
"All tissues","SuSiE","CSs without a shared biological lead SNP",138.28125,0.000669504418274766,10,"gaussian","all finite selected distances; unit area over full domain",1845,1845,1712,0,133,200
"All tissues","SuSiE","CSs without a shared biological lead SNP",138.671875,0.000666961481943897,10,"gaussian","all finite selected distances; unit area over full domain",1845,1845,1712,0,133,200
"All tissues","SuSiE","CSs without a shared biological lead SNP",139.0625,0.000664483076101145,10,"gaussian","all finite selected distances; unit area over full domain",1845,1845,1712,0,133,200
"All tissues","SuSiE","CSs without a shared biological lead SNP",139.453125,0.000662063030632398,10,"gaussian","all finite selected distances; unit area over full domain",1845,1845,1712,0,133,200
"All tissues","SuSiE","CSs without a shared biological lead SNP",139.84375,0.000659702456548259,10,"gaussian","all finite selected distances; unit area over full domain",1845,1845,1712,0,133,200
"All tissues","SuSiE","CSs without a shared biological lead SNP",140.234375,0.000657401060807519,10,"gaussian","all finite selected distances; unit area over full domain",1845,1845,1712,0,133,200
"All tissues","SuSiE","CSs without a shared biological lead SNP",140.625,0.000655152491467531,10,"gaussian","all finite selected distances; unit area over full domain",1845,1845,1712,0,133,200
"All tissues","SuSiE","CSs without a shared biological lead SNP",141.015625,0.000652957017375277,10,"gaussian","all finite selected distances; unit area over full domain",1845,1845,1712,0,133,200
"All tissues","SuSiE","CSs without a shared biological lead SNP",141.40625,0.000650813349190515,10,"gaussian","all finite selected distances; unit area over full domain",1845,1845,1712,0,133,200
"All tissues","SuSiE","CSs without a shared biological lead SNP",141.796875,0.000648715114206472,10,"gaussian","all finite selected distances; unit area over full domain",1845,1845,1712,0,133,200
"All tissues","SuSiE","CSs without a shared biological lead SNP",142.1875,0.000646661674980532,10,"gaussian","all finite selected distances; unit area over full domain",1845,1845,1712,0,133,200
"All tissues","SuSiE","CSs without a shared biological lead SNP",142.578125,0.000644650781204038,10,"gaussian","all finite selected distances; unit area over full domain",1845,1845,1712,0,133,200
"All tissues","SuSiE","CSs without a shared biological lead SNP",142.96875,0.000642676233680749,10,"gaussian","all finite selected distances; unit area over full domain",1845,1845,1712,0,133,200
"All tissues","SuSiE","CSs without a shared biological lead SNP",143.359375,0.00064073647262732,10,"gaussian","all finite selected distances; unit area over full domain",1845,1845,1712,0,133,200
"All tissues","SuSiE","CSs without a shared biological lead SNP",143.75,0.000638828383863428,10,"gaussian","all finite selected distances; unit area over full domain",1845,1845,1712,0,133,200
"All tissues","SuSiE","CSs without a shared biological lead SNP",144.140625,0.000636946147773795,10,"gaussian","all finite selected distances; unit area over full domain",1845,1845,1712,0,133,200
"All tissues","SuSiE","CSs without a shared biological lead SNP",144.53125,0.000635087309036891,10,"gaussian","all finite selected distances; unit area over full domain",1845,1845,1712,0,133,200
"All tissues","SuSiE","CSs without a shared biological lead SNP",144.921875,0.00063324803503841,10,"gaussian","all finite selected distances; unit area over full domain",1845,1845,1712,0,133,200
"All tissues","SuSiE","CSs without a shared biological lead SNP",145.3125,0.000631423084461263,10,"gaussian","all finite selected distances; unit area over full domain",1845,1845,1712,0,133,200
"All tissues","SuSiE","CSs without a shared biological lead SNP",145.703125,0.000629609168876778,10,"gaussian","all finite selected distances; unit area over full domain",1845,1845,1712,0,133,200
"All tissues","SuSiE","CSs without a shared biological lead SNP",146.09375,0.000627801916009835,10,"gaussian","all finite selected distances; unit area over full domain",1845,1845,1712,0,133,200
"All tissues","SuSiE","CSs without a shared biological lead SNP",146.484375,0.000625996839274865,10,"gaussian","all finite selected distances; unit area over full domain",1845,1845,1712,0,133,200
"All tissues","SuSiE","CSs without a shared biological lead SNP",146.875,0.00062418990777561,10,"gaussian","all finite selected distances; unit area over full domain",1845,1845,1712,0,133,200
"All tissues","SuSiE","CSs without a shared biological lead SNP",147.265625,0.000622376407655346,10,"gaussian","all finite selected distances; unit area over full domain",1845,1845,1712,0,133,200
"All tissues","SuSiE","CSs without a shared biological lead SNP",147.65625,0.000620552751576299,10,"gaussian","all finite selected distances; unit area over full domain",1845,1845,1712,0,133,200
"All tissues","SuSiE","CSs without a shared biological lead SNP",148.046875,0.000618714279010448,10,"gaussian","all finite selected distances; unit area over full domain",1845,1845,1712,0,133,200
"All tissues","SuSiE","CSs without a shared biological lead SNP",148.4375,0.000616856140759126,10,"gaussian","all finite selected distances; unit area over full domain",1845,1845,1712,0,133,200
"All tissues","SuSiE","CSs without a shared biological lead SNP",148.828125,0.00061497575709861,10,"gaussian","all finite selected distances; unit area over full domain",1845,1845,1712,0,133,200
"All tissues","SuSiE","CSs without a shared biological lead SNP",149.21875,0.000613067969393599,10,"gaussian","all finite selected distances; unit area over full domain",1845,1845,1712,0,133,200
"All tissues","SuSiE","CSs without a shared biological lead SNP",149.609375,0.000611128000189266,10,"gaussian","all finite selected distances; unit area over full domain",1845,1845,1712,0,133,200
"All tissues","SuSiE","CSs without a shared biological lead SNP",150,0.000609154349953921,10,"gaussian","all finite selected distances; unit area over full domain",1845,1845,1712,0,133,200
"All tissues","SuSiE","CSs without a shared biological lead SNP",150.390625,0.000607141511545374,10,"gaussian","all finite selected distances; unit area over full domain",1845,1845,1712,0,133,200
"All tissues","SuSiE","CSs without a shared biological lead SNP",150.78125,0.000605084983580073,10,"gaussian","all finite selected distances; unit area over full domain",1845,1845,1712,0,133,200
"All tissues","SuSiE","CSs without a shared biological lead SNP",151.171875,0.00060298438697287,10,"gaussian","all finite selected distances; unit area over full domain",1845,1845,1712,0,133,200
"All tissues","SuSiE","CSs without a shared biological lead SNP",151.5625,0.000600834035649255,10,"gaussian","all finite selected distances; unit area over full domain",1845,1845,1712,0,133,200
"All tissues","SuSiE","CSs without a shared biological lead SNP",151.953125,0.000598629904889285,10,"gaussian","all finite selected distances; unit area over full domain",1845,1845,1712,0,133,200
"All tissues","SuSiE","CSs without a shared biological lead SNP",152.34375,0.000596372748704641,10,"gaussian","all finite selected distances; unit area over full domain",1845,1845,1712,0,133,200
"All tissues","SuSiE","CSs without a shared biological lead SNP",152.734375,0.000594056894963783,10,"gaussian","all finite selected distances; unit area over full domain",1845,1845,1712,0,133,200
"All tissues","SuSiE","CSs without a shared biological lead SNP",153.125,0.000591678992369806,10,"gaussian","all finite selected distances; unit area over full domain",1845,1845,1712,0,133,200
"All tissues","SuSiE","CSs without a shared biological lead SNP",153.515625,0.000589240917217803,10,"gaussian","all finite selected distances; unit area over full domain",1845,1845,1712,0,133,200
"All tissues","SuSiE","CSs without a shared biological lead SNP",153.90625,0.00058673723066766,10,"gaussian","all finite selected distances; unit area over full domain",1845,1845,1712,0,133,200
"All tissues","SuSiE","CSs without a shared biological lead SNP",154.296875,0.000584165446553161,10,"gaussian","all finite selected distances; unit area over full domain",1845,1845,1712,0,133,200
"All tissues","SuSiE","CSs without a shared biological lead SNP",154.6875,0.000581528531266061,10,"gaussian","all finite selected distances; unit area over full domain",1845,1845,1712,0,133,200
"All tissues","SuSiE","CSs without a shared biological lead SNP",155.078125,0.000578821526300319,10,"gaussian","all finite selected distances; unit area over full domain",1845,1845,1712,0,133,200
"All tissues","SuSiE","CSs without a shared biological lead SNP",155.46875,0.000576042993137568,10,"gaussian","all finite selected distances; unit area over full domain",1845,1845,1712,0,133,200
"All tissues","SuSiE","CSs without a shared biological lead SNP",155.859375,0.000573196933898524,10,"gaussian","all finite selected distances; unit area over full domain",1845,1845,1712,0,133,200
"All tissues","SuSiE","CSs without a shared biological lead SNP",156.25,0.000570279142725088,10,"gaussian","all finite selected distances; unit area over full domain",1845,1845,1712,0,133,200
"All tissues","SuSiE","CSs without a shared biological lead SNP",156.640625,0.000567289393822272,10,"gaussian","all finite selected distances; unit area over full domain",1845,1845,1712,0,133,200
"All tissues","SuSiE","CSs without a shared biological lead SNP",157.03125,0.000564232644699299,10,"gaussian","all finite selected distances; unit area over full domain",1845,1845,1712,0,133,200
"All tissues","SuSiE","CSs without a shared biological lead SNP",157.421875,0.000561105732379227,10,"gaussian","all finite selected distances; unit area over full domain",1845,1845,1712,0,133,200
"All tissues","SuSiE","CSs without a shared biological lead SNP",157.8125,0.000557909778762477,10,"gaussian","all finite selected distances; unit area over full domain",1845,1845,1712,0,133,200
"All tissues","SuSiE","CSs without a shared biological lead SNP",158.203125,0.000554650584334475,10,"gaussian","all finite selected distances; unit area over full domain",1845,1845,1712,0,133,200
"All tissues","SuSiE","CSs without a shared biological lead SNP",158.59375,0.000551326324236616,10,"gaussian","all finite selected distances; unit area over full domain",1845,1845,1712,0,133,200
"All tissues","SuSiE","CSs without a shared biological lead SNP",158.984375,0.000547939556584729,10,"gaussian","all finite selected distances; unit area over full domain",1845,1845,1712,0,133,200
"All tissues","SuSiE","CSs without a shared biological lead SNP",159.375,0.000544496773265036,10,"gaussian","all finite selected distances; unit area over full domain",1845,1845,1712,0,133,200
"All tissues","SuSiE","CSs without a shared biological lead SNP",159.765625,0.000540997769467693,10,"gaussian","all finite selected distances; unit area over full domain",1845,1845,1712,0,133,200
"All tissues","SuSiE","CSs without a shared biological lead SNP",160.15625,0.000537446563258199,10,"gaussian","all finite selected distances; unit area over full domain",1845,1845,1712,0,133,200
"All tissues","SuSiE","CSs without a shared biological lead SNP",160.546875,0.000533850140834702,10,"gaussian","all finite selected distances; unit area over full domain",1845,1845,1712,0,133,200
"All tissues","SuSiE","CSs without a shared biological lead SNP",160.9375,0.000530210163371755,10,"gaussian","all finite selected distances; unit area over full domain",1845,1845,1712,0,133,200
"All tissues","SuSiE","CSs without a shared biological lead SNP",161.328125,0.000526532049990066,10,"gaussian","all finite selected distances; unit area over full domain",1845,1845,1712,0,133,200
"All tissues","SuSiE","CSs without a shared biological lead SNP",161.71875,0.000522823034862476,10,"gaussian","all finite selected distances; unit area over full domain",1845,1845,1712,0,133,200
"All tissues","SuSiE","CSs without a shared biological lead SNP",162.109375,0.000519086829833301,10,"gaussian","all finite selected distances; unit area over full domain",1845,1845,1712,0,133,200
"All tissues","SuSiE","CSs without a shared biological lead SNP",162.5,0.000515330099126848,10,"gaussian","all finite selected distances; unit area over full domain",1845,1845,1712,0,133,200
"All tissues","SuSiE","CSs without a shared biological lead SNP",162.890625,0.000511560029912237,10,"gaussian","all finite selected distances; unit area over full domain",1845,1845,1712,0,133,200
"All tissues","SuSiE","CSs without a shared biological lead SNP",163.28125,0.000507782482763193,10,"gaussian","all finite selected distances; unit area over full domain",1845,1845,1712,0,133,200
"All tissues","SuSiE","CSs without a shared biological lead SNP",163.671875,0.000504005105954593,10,"gaussian","all finite selected distances; unit area over full domain",1845,1845,1712,0,133,200
"All tissues","SuSiE","CSs without a shared biological lead SNP",164.0625,0.000500234702294295,10,"gaussian","all finite selected distances; unit area over full domain",1845,1845,1712,0,133,200
"All tissues","SuSiE","CSs without a shared biological lead SNP",164.453125,0.000496479269876062,10,"gaussian","all finite selected distances; unit area over full domain",1845,1845,1712,0,133,200
"All tissues","SuSiE","CSs without a shared biological lead SNP",164.84375,0.000492747075798134,10,"gaussian","all finite selected distances; unit area over full domain",1845,1845,1712,0,133,200
"All tissues","SuSiE","CSs without a shared biological lead SNP",165.234375,0.000489044171373486,10,"gaussian","all finite selected distances; unit area over full domain",1845,1845,1712,0,133,200
"All tissues","SuSiE","CSs without a shared biological lead SNP",165.625,0.000485380554790621,10,"gaussian","all finite selected distances; unit area over full domain",1845,1845,1712,0,133,200
"All tissues","SuSiE","CSs without a shared biological lead SNP",166.015625,0.000481764654270533,10,"gaussian","all finite selected distances; unit area over full domain",1845,1845,1712,0,133,200
"All tissues","SuSiE","CSs without a shared biological lead SNP",166.40625,0.000478201391583201,10,"gaussian","all finite selected distances; unit area over full domain",1845,1845,1712,0,133,200
"All tissues","SuSiE","CSs without a shared biological lead SNP",166.796875,0.000474702492868671,10,"gaussian","all finite selected distances; unit area over full domain",1845,1845,1712,0,133,200
"All tissues","SuSiE","CSs without a shared biological lead SNP",167.1875,0.00047127602045288,10,"gaussian","all finite selected distances; unit area over full domain",1845,1845,1712,0,133,200
"All tissues","SuSiE","CSs without a shared biological lead SNP",167.578125,0.000467925401810573,10,"gaussian","all finite selected distances; unit area over full domain",1845,1845,1712,0,133,200
"All tissues","SuSiE","CSs without a shared biological lead SNP",167.96875,0.000464663686310263,10,"gaussian","all finite selected distances; unit area over full domain",1845,1845,1712,0,133,200
"All tissues","SuSiE","CSs without a shared biological lead SNP",168.359375,0.000461498007994982,10,"gaussian","all finite selected distances; unit area over full domain",1845,1845,1712,0,133,200
"All tissues","SuSiE","CSs without a shared biological lead SNP",168.75,0.000458429976437986,10,"gaussian","all finite selected distances; unit area over full domain",1845,1845,1712,0,133,200
"All tissues","SuSiE","CSs without a shared biological lead SNP",169.140625,0.000455473441036285,10,"gaussian","all finite selected distances; unit area over full domain",1845,1845,1712,0,133,200
"All tissues","SuSiE","CSs without a shared biological lead SNP",169.53125,0.000452634052433386,10,"gaussian","all finite selected distances; unit area over full domain",1845,1845,1712,0,133,200
"All tissues","SuSiE","CSs without a shared biological lead SNP",169.921875,0.00044991134893851,10,"gaussian","all finite selected distances; unit area over full domain",1845,1845,1712,0,133,200
"All tissues","SuSiE","CSs without a shared biological lead SNP",170.3125,0.000447319364561548,10,"gaussian","all finite selected distances; unit area over full domain",1845,1845,1712,0,133,200
"All tissues","SuSiE","CSs without a shared biological lead SNP",170.703125,0.000444861766585621,10,"gaussian","all finite selected distances; unit area over full domain",1845,1845,1712,0,133,200
"All tissues","SuSiE","CSs without a shared biological lead SNP",171.09375,0.000442535866406674,10,"gaussian","all finite selected distances; unit area over full domain",1845,1845,1712,0,133,200
"All tissues","SuSiE","CSs without a shared biological lead SNP",171.484375,0.000440355212328196,10,"gaussian","all finite selected distances; unit area over full domain",1845,1845,1712,0,133,200
"All tissues","SuSiE","CSs without a shared biological lead SNP",171.875,0.000438321092044834,10,"gaussian","all finite selected distances; unit area over full domain",1845,1845,1712,0,133,200
"All tissues","SuSiE","CSs without a shared biological lead SNP",172.265625,0.000436428554858332,10,"gaussian","all finite selected distances; unit area over full domain",1845,1845,1712,0,133,200
"All tissues","SuSiE","CSs without a shared biological lead SNP",172.65625,0.000434689984055444,10,"gaussian","all finite selected distances; unit area over full domain",1845,1845,1712,0,133,200
"All tissues","SuSiE","CSs without a shared biological lead SNP",173.046875,0.000433104039289293,10,"gaussian","all finite selected distances; unit area over full domain",1845,1845,1712,0,133,200
"All tissues","SuSiE","CSs without a shared biological lead SNP",173.4375,0.000431663608126945,10,"gaussian","all finite selected distances; unit area over full domain",1845,1845,1712,0,133,200
"All tissues","SuSiE","CSs without a shared biological lead SNP",173.828125,0.000430379271369908,10,"gaussian","all finite selected distances; unit area over full domain",1845,1845,1712,0,133,200
"All tissues","SuSiE","CSs without a shared biological lead SNP",174.21875,0.000429246994121189,10,"gaussian","all finite selected distances; unit area over full domain",1845,1845,1712,0,133,200
"All tissues","SuSiE","CSs without a shared biological lead SNP",174.609375,0.000428257743008529,10,"gaussian","all finite selected distances; unit area over full domain",1845,1845,1712,0,133,200
"All tissues","SuSiE","CSs without a shared biological lead SNP",175,0.000427419751842669,10,"gaussian","all finite selected distances; unit area over full domain",1845,1845,1712,0,133,200
"All tissues","SuSiE","CSs without a shared biological lead SNP",175.390625,0.000426726426114452,10,"gaussian","all finite selected distances; unit area over full domain",1845,1845,1712,0,133,200
"All tissues","SuSiE","CSs without a shared biological lead SNP",175.78125,0.000426167185790326,10,"gaussian","all finite selected distances; unit area over full domain",1845,1845,1712,0,133,200
"All tissues","SuSiE","CSs without a shared biological lead SNP",176.171875,0.000425747512408214,10,"gaussian","all finite selected distances; unit area over full domain",1845,1845,1712,0,133,200
"All tissues","SuSiE","CSs without a shared biological lead SNP",176.5625,0.000425458589484565,10,"gaussian","all finite selected distances; unit area over full domain",1845,1845,1712,0,133,200
"All tissues","SuSiE","CSs without a shared biological lead SNP",176.953125,0.000425288778727133,10,"gaussian","all finite selected distances; unit area over full domain",1845,1845,1712,0,133,200
"All tissues","SuSiE","CSs without a shared biological lead SNP",177.34375,0.000425240579633037,10,"gaussian","all finite selected distances; unit area over full domain",1845,1845,1712,0,133,200
"All tissues","SuSiE","CSs without a shared biological lead SNP",177.734375,0.000425303475310034,10,"gaussian","all finite selected distances; unit area over full domain",1845,1845,1712,0,133,200
"All tissues","SuSiE","CSs without a shared biological lead SNP",178.125,0.000425465340724683,10,"gaussian","all finite selected distances; unit area over full domain",1845,1845,1712,0,133,200
"All tissues","SuSiE","CSs without a shared biological lead SNP",178.515625,0.000425725660949712,10,"gaussian","all finite selected distances; unit area over full domain",1845,1845,1712,0,133,200
"All tissues","SuSiE","CSs without a shared biological lead SNP",178.90625,0.000426072885831045,10,"gaussian","all finite selected distances; unit area over full domain",1845,1845,1712,0,133,200
"All tissues","SuSiE","CSs without a shared biological lead SNP",179.296875,0.000426495017682207,10,"gaussian","all finite selected distances; unit area over full domain",1845,1845,1712,0,133,200
"All tissues","SuSiE","CSs without a shared biological lead SNP",179.6875,0.000426988696415709,10,"gaussian","all finite selected distances; unit area over full domain",1845,1845,1712,0,133,200
"All tissues","SuSiE","CSs without a shared biological lead SNP",180.078125,0.000427542096265248,10,"gaussian","all finite selected distances; unit area over full domain",1845,1845,1712,0,133,200
"All tissues","SuSiE","CSs without a shared biological lead SNP",180.46875,0.000428143956839859,10,"gaussian","all finite selected distances; unit area over full domain",1845,1845,1712,0,133,200
"All tissues","SuSiE","CSs without a shared biological lead SNP",180.859375,0.000428788429040638,10,"gaussian","all finite selected distances; unit area over full domain",1845,1845,1712,0,133,200
"All tissues","SuSiE","CSs without a shared biological lead SNP",181.25,0.000429464192924804,10,"gaussian","all finite selected distances; unit area over full domain",1845,1845,1712,0,133,200
"All tissues","SuSiE","CSs without a shared biological lead SNP",181.640625,0.000430161282664508,10,"gaussian","all finite selected distances; unit area over full domain",1845,1845,1712,0,133,200
"All tissues","SuSiE","CSs without a shared biological lead SNP",182.03125,0.000430871870062579,10,"gaussian","all finite selected distances; unit area over full domain",1845,1845,1712,0,133,200
"All tissues","SuSiE","CSs without a shared biological lead SNP",182.421875,0.000431585874743182,10,"gaussian","all finite selected distances; unit area over full domain",1845,1845,1712,0,133,200
"All tissues","SuSiE","CSs without a shared biological lead SNP",182.8125,0.000432295084520275,10,"gaussian","all finite selected distances; unit area over full domain",1845,1845,1712,0,133,200
"All tissues","SuSiE","CSs without a shared biological lead SNP",183.203125,0.000432990307132522,10,"gaussian","all finite selected distances; unit area over full domain",1845,1845,1712,0,133,200
"All tissues","SuSiE","CSs without a shared biological lead SNP",183.59375,0.000433663319485495,10,"gaussian","all finite selected distances; unit area over full domain",1845,1845,1712,0,133,200
"All tissues","SuSiE","CSs without a shared biological lead SNP",183.984375,0.00043430798629832,10,"gaussian","all finite selected distances; unit area over full domain",1845,1845,1712,0,133,200
"All tissues","SuSiE","CSs without a shared biological lead SNP",184.375,0.000434914412031037,10,"gaussian","all finite selected distances; unit area over full domain",1845,1845,1712,0,133,200
"All tissues","SuSiE","CSs without a shared biological lead SNP",184.765625,0.000435476675332175,10,"gaussian","all finite selected distances; unit area over full domain",1845,1845,1712,0,133,200
"All tissues","SuSiE","CSs without a shared biological lead SNP",185.15625,0.00043599087977387,10,"gaussian","all finite selected distances; unit area over full domain",1845,1845,1712,0,133,200
"All tissues","SuSiE","CSs without a shared biological lead SNP",185.546875,0.000436447069265348,10,"gaussian","all finite selected distances; unit area over full domain",1845,1845,1712,0,133,200
"All tissues","SuSiE","CSs without a shared biological lead SNP",185.9375,0.000436841856292808,10,"gaussian","all finite selected distances; unit area over full domain",1845,1845,1712,0,133,200
"All tissues","SuSiE","CSs without a shared biological lead SNP",186.328125,0.000437173573629255,10,"gaussian","all finite selected distances; unit area over full domain",1845,1845,1712,0,133,200
"All tissues","SuSiE","CSs without a shared biological lead SNP",186.71875,0.000437432768132172,10,"gaussian","all finite selected distances; unit area over full domain",1845,1845,1712,0,133,200
"All tissues","SuSiE","CSs without a shared biological lead SNP",187.109375,0.000437618589898353,10,"gaussian","all finite selected distances; unit area over full domain",1845,1845,1712,0,133,200
"All tissues","SuSiE","CSs without a shared biological lead SNP",187.5,0.000437731426078387,10,"gaussian","all finite selected distances; unit area over full domain",1845,1845,1712,0,133,200
"All tissues","SuSiE","CSs without a shared biological lead SNP",187.890625,0.000437762759244337,10,"gaussian","all finite selected distances; unit area over full domain",1845,1845,1712,0,133,200
"All tissues","SuSiE","CSs without a shared biological lead SNP",188.28125,0.000437714062097032,10,"gaussian","all finite selected distances; unit area over full domain",1845,1845,1712,0,133,200
"All tissues","SuSiE","CSs without a shared biological lead SNP",188.671875,0.000437587458962683,10,"gaussian","all finite selected distances; unit area over full domain",1845,1845,1712,0,133,200
"All tissues","SuSiE","CSs without a shared biological lead SNP",189.0625,0.000437375634429314,10,"gaussian","all finite selected distances; unit area over full domain",1845,1845,1712,0,133,200
"All tissues","SuSiE","CSs without a shared biological lead SNP",189.453125,0.00043708198425556,10,"gaussian","all finite selected distances; unit area over full domain",1845,1845,1712,0,133,200
"All tissues","SuSiE","CSs without a shared biological lead SNP",189.84375,0.00043670994729164,10,"gaussian","all finite selected distances; unit area over full domain",1845,1845,1712,0,133,200
"All tissues","SuSiE","CSs without a shared biological lead SNP",190.234375,0.000436253494405248,10,"gaussian","all finite selected distances; unit area over full domain",1845,1845,1712,0,133,200
"All tissues","SuSiE","CSs without a shared biological lead SNP",190.625,0.000435717415311723,10,"gaussian","all finite selected distances; unit area over full domain",1845,1845,1712,0,133,200
"All tissues","SuSiE","CSs without a shared biological lead SNP",191.015625,0.00043510598245266,10,"gaussian","all finite selected distances; unit area over full domain",1845,1845,1712,0,133,200
"All tissues","SuSiE","CSs without a shared biological lead SNP",191.40625,0.000434414361855959,10,"gaussian","all finite selected distances; unit area over full domain",1845,1845,1712,0,133,200
"All tissues","SuSiE","CSs without a shared biological lead SNP",191.796875,0.000433648147578177,10,"gaussian","all finite selected distances; unit area over full domain",1845,1845,1712,0,133,200
"All tissues","SuSiE","CSs without a shared biological lead SNP",192.1875,0.00043281195870408,10,"gaussian","all finite selected distances; unit area over full domain",1845,1845,1712,0,133,200
"All tissues","SuSiE","CSs without a shared biological lead SNP",192.578125,0.00043190191822062,10,"gaussian","all finite selected distances; unit area over full domain",1845,1845,1712,0,133,200
"All tissues","SuSiE","CSs without a shared biological lead SNP",192.96875,0.000430923848867435,10,"gaussian","all finite selected distances; unit area over full domain",1845,1845,1712,0,133,200
"All tissues","SuSiE","CSs without a shared biological lead SNP",193.359375,0.000429882274970615,10,"gaussian","all finite selected distances; unit area over full domain",1845,1845,1712,0,133,200
"All tissues","SuSiE","CSs without a shared biological lead SNP",193.75,0.000428773937907971,10,"gaussian","all finite selected distances; unit area over full domain",1845,1845,1712,0,133,200
"All tissues","SuSiE","CSs without a shared biological lead SNP",194.140625,0.000427604397829159,10,"gaussian","all finite selected distances; unit area over full domain",1845,1845,1712,0,133,200
"All tissues","SuSiE","CSs without a shared biological lead SNP",194.53125,0.000426377733523907,10,"gaussian","all finite selected distances; unit area over full domain",1845,1845,1712,0,133,200
"All tissues","SuSiE","CSs without a shared biological lead SNP",194.921875,0.00042509092538794,10,"gaussian","all finite selected distances; unit area over full domain",1845,1845,1712,0,133,200
"All tissues","SuSiE","CSs without a shared biological lead SNP",195.3125,0.00042374892137335,10,"gaussian","all finite selected distances; unit area over full domain",1845,1845,1712,0,133,200
"All tissues","SuSiE","CSs without a shared biological lead SNP",195.703125,0.000422355128092461,10,"gaussian","all finite selected distances; unit area over full domain",1845,1845,1712,0,133,200
"All tissues","SuSiE","CSs without a shared biological lead SNP",196.09375,0.000420906409906533,10,"gaussian","all finite selected distances; unit area over full domain",1845,1845,1712,0,133,200
"All tissues","SuSiE","CSs without a shared biological lead SNP",196.484375,0.000419406931225991,10,"gaussian","all finite selected distances; unit area over full domain",1845,1845,1712,0,133,200
"All tissues","SuSiE","CSs without a shared biological lead SNP",196.875,0.000417859342143627,10,"gaussian","all finite selected distances; unit area over full domain",1845,1845,1712,0,133,200
"All tissues","SuSiE","CSs without a shared biological lead SNP",197.265625,0.000416260122769573,10,"gaussian","all finite selected distances; unit area over full domain",1845,1845,1712,0,133,200
"All tissues","SuSiE","CSs without a shared biological lead SNP",197.65625,0.000414612671851215,10,"gaussian","all finite selected distances; unit area over full domain",1845,1845,1712,0,133,200
"All tissues","SuSiE","CSs without a shared biological lead SNP",198.046875,0.000412918941684601,10,"gaussian","all finite selected distances; unit area over full domain",1845,1845,1712,0,133,200
"All tissues","SuSiE","CSs without a shared biological lead SNP",198.4375,0.000411174898542181,10,"gaussian","all finite selected distances; unit area over full domain",1845,1845,1712,0,133,200
"All tissues","SuSiE","CSs without a shared biological lead SNP",198.828125,0.000409383366244247,10,"gaussian","all finite selected distances; unit area over full domain",1845,1845,1712,0,133,200
"All tissues","SuSiE","CSs without a shared biological lead SNP",199.21875,0.00040754578437916,10,"gaussian","all finite selected distances; unit area over full domain",1845,1845,1712,0,133,200
"All tissues","SuSiE","CSs without a shared biological lead SNP",199.609375,0.000405657648414286,10,"gaussian","all finite selected distances; unit area over full domain",1845,1845,1712,0,133,200
"All tissues","SuSiE","CSs without a shared biological lead SNP",200,0.000403721529013985,10,"gaussian","all finite selected distances; unit area over full domain",1845,1845,1712,0,133,200
"All tissues","SuSiE-slide","CSs without a shared biological lead SNP",-200,0.000793311903709052,10,"gaussian","all finite selected distances; unit area over full domain",21900,21900,11056,0,10844,200
"All tissues","SuSiE-slide","CSs without a shared biological lead SNP",-199.609375,0.000794187420395609,10,"gaussian","all finite selected distances; unit area over full domain",21900,21900,11056,0,10844,200
"All tissues","SuSiE-slide","CSs without a shared biological lead SNP",-199.21875,0.000795087498219269,10,"gaussian","all finite selected distances; unit area over full domain",21900,21900,11056,0,10844,200
"All tissues","SuSiE-slide","CSs without a shared biological lead SNP",-198.828125,0.000796011700457845,10,"gaussian","all finite selected distances; unit area over full domain",21900,21900,11056,0,10844,200
"All tissues","SuSiE-slide","CSs without a shared biological lead SNP",-198.4375,0.000796956298564711,10,"gaussian","all finite selected distances; unit area over full domain",21900,21900,11056,0,10844,200
"All tissues","SuSiE-slide","CSs without a shared biological lead SNP",-198.046875,0.000797920359446433,10,"gaussian","all finite selected distances; unit area over full domain",21900,21900,11056,0,10844,200
"All tissues","SuSiE-slide","CSs without a shared biological lead SNP",-197.65625,0.00079890307781917,10,"gaussian","all finite selected distances; unit area over full domain",21900,21900,11056,0,10844,200
"All tissues","SuSiE-slide","CSs without a shared biological lead SNP",-197.265625,0.000799901164513252,10,"gaussian","all finite selected distances; unit area over full domain",21900,21900,11056,0,10844,200
"All tissues","SuSiE-slide","CSs without a shared biological lead SNP",-196.875,0.000800913473263856,10,"gaussian","all finite selected distances; unit area over full domain",21900,21900,11056,0,10844,200
"All tissues","SuSiE-slide","CSs without a shared biological lead SNP",-196.484375,0.000801938781214064,10,"gaussian","all finite selected distances; unit area over full domain",21900,21900,11056,0,10844,200
"All tissues","SuSiE-slide","CSs without a shared biological lead SNP",-196.09375,0.000802974197511125,10,"gaussian","all finite selected distances; unit area over full domain",21900,21900,11056,0,10844,200
"All tissues","SuSiE-slide","CSs without a shared biological lead SNP",-195.703125,0.000804018302623816,10,"gaussian","all finite selected distances; unit area over full domain",21900,21900,11056,0,10844,200
"All tissues","SuSiE-slide","CSs without a shared biological lead SNP",-195.3125,0.00080506941638941,10,"gaussian","all finite selected distances; unit area over full domain",21900,21900,11056,0,10844,200
"All tissues","SuSiE-slide","CSs without a shared biological lead SNP",-194.921875,0.000806125036136724,10,"gaussian","all finite selected distances; unit area over full domain",21900,21900,11056,0,10844,200
"All tissues","SuSiE-slide","CSs without a shared biological lead SNP",-194.53125,0.000807183427057266,10,"gaussian","all finite selected distances; unit area over full domain",21900,21900,11056,0,10844,200
"All tissues","SuSiE-slide","CSs without a shared biological lead SNP",-194.140625,0.000808242440274246,10,"gaussian","all finite selected distances; unit area over full domain",21900,21900,11056,0,10844,200
"All tissues","SuSiE-slide","CSs without a shared biological lead SNP",-193.75,0.000809299986381404,10,"gaussian","all finite selected distances; unit area over full domain",21900,21900,11056,0,10844,200
"All tissues","SuSiE-slide","CSs without a shared biological lead SNP",-193.359375,0.000810354003183553,10,"gaussian","all finite selected distances; unit area over full domain",21900,21900,11056,0,10844,200
"All tissues","SuSiE-slide","CSs without a shared biological lead SNP",-192.96875,0.000811401903632212,10,"gaussian","all finite selected distances; unit area over full domain",21900,21900,11056,0,10844,200
"All tissues","SuSiE-slide","CSs without a shared biological lead SNP",-192.578125,0.000812442067770664,10,"gaussian","all finite selected distances; unit area over full domain",21900,21900,11056,0,10844,200
"All tissues","SuSiE-slide","CSs without a shared biological lead SNP",-192.1875,0.000813472130532067,10,"gaussian","all finite selected distances; unit area over full domain",21900,21900,11056,0,10844,200
"All tissues","SuSiE-slide","CSs without a shared biological lead SNP",-191.796875,0.000814489144967913,10,"gaussian","all finite selected distances; unit area over full domain",21900,21900,11056,0,10844,200
"All tissues","SuSiE-slide","CSs without a shared biological lead SNP",-191.40625,0.00081549203659447,10,"gaussian","all finite selected distances; unit area over full domain",21900,21900,11056,0,10844,200
"All tissues","SuSiE-slide","CSs without a shared biological lead SNP",-191.015625,0.000816478199218204,10,"gaussian","all finite selected distances; unit area over full domain",21900,21900,11056,0,10844,200
"All tissues","SuSiE-slide","CSs without a shared biological lead SNP",-190.625,0.000817444448862281,10,"gaussian","all finite selected distances; unit area over full domain",21900,21900,11056,0,10844,200
"All tissues","SuSiE-slide","CSs without a shared biological lead SNP",-190.234375,0.000818390336269856,10,"gaussian","all finite selected distances; unit area over full domain",21900,21900,11056,0,10844,200
"All tissues","SuSiE-slide","CSs without a shared biological lead SNP",-189.84375,0.00081931310748543,10,"gaussian","all finite selected distances; unit area over full domain",21900,21900,11056,0,10844,200
"All tissues","SuSiE-slide","CSs without a shared biological lead SNP",-189.453125,0.000820209497405286,10,"gaussian","all finite selected distances; unit area over full domain",21900,21900,11056,0,10844,200
"All tissues","SuSiE-slide","CSs without a shared biological lead SNP",-189.0625,0.000821079747499453,10,"gaussian","all finite selected distances; unit area over full domain",21900,21900,11056,0,10844,200
"All tissues","SuSiE-slide","CSs without a shared biological lead SNP",-188.671875,0.000821921070060636,10,"gaussian","all finite selected distances; unit area over full domain",21900,21900,11056,0,10844,200
"All tissues","SuSiE-slide","CSs without a shared biological lead SNP",-188.28125,0.000822730289681829,10,"gaussian","all finite selected distances; unit area over full domain",21900,21900,11056,0,10844,200
"All tissues","SuSiE-slide","CSs without a shared biological lead SNP",-187.890625,0.000823508373125978,10,"gaussian","all finite selected distances; unit area over full domain",21900,21900,11056,0,10844,200
"All tissues","SuSiE-slide","CSs without a shared biological lead SNP",-187.5,0.000824252618931263,10,"gaussian","all finite selected distances; unit area over full domain",21900,21900,11056,0,10844,200
"All tissues","SuSiE-slide","CSs without a shared biological lead SNP",-187.109375,0.000824960105502308,10,"gaussian","all finite selected distances; unit area over full domain",21900,21900,11056,0,10844,200
"All tissues","SuSiE-slide","CSs without a shared biological lead SNP",-186.71875,0.000825632516052892,10,"gaussian","all finite selected distances; unit area over full domain",21900,21900,11056,0,10844,200
"All tissues","SuSiE-slide","CSs without a shared biological lead SNP",-186.328125,0.000826267345267809,10,"gaussian","all finite selected distances; unit area over full domain",21900,21900,11056,0,10844,200
"All tissues","SuSiE-slide","CSs without a shared biological lead SNP",-185.9375,0.000826862061230787,10,"gaussian","all finite selected distances; unit area over full domain",21900,21900,11056,0,10844,200
"All tissues","SuSiE-slide","CSs without a shared biological lead SNP",-185.546875,0.000827419005268121,10,"gaussian","all finite selected distances; unit area over full domain",21900,21900,11056,0,10844,200
"All tissues","SuSiE-slide","CSs without a shared biological lead SNP",-185.15625,0.000827935953004547,10,"gaussian","all finite selected distances; unit area over full domain",21900,21900,11056,0,10844,200
"All tissues","SuSiE-slide","CSs without a shared biological lead SNP",-184.765625,0.000828410851986568,10,"gaussian","all finite selected distances; unit area over full domain",21900,21900,11056,0,10844,200
"All tissues","SuSiE-slide","CSs without a shared biological lead SNP",-184.375,0.000828846595248648,10,"gaussian","all finite selected distances; unit area over full domain",21900,21900,11056,0,10844,200
"All tissues","SuSiE-slide","CSs without a shared biological lead SNP",-183.984375,0.000829241287453893,10,"gaussian","all finite selected distances; unit area over full domain",21900,21900,11056,0,10844,200
"All tissues","SuSiE-slide","CSs without a shared biological lead SNP",-183.59375,0.000829593388181807,10,"gaussian","all finite selected distances; unit area over full domain",21900,21900,11056,0,10844,200
"All tissues","SuSiE-slide","CSs without a shared biological lead SNP",-183.203125,0.000829906196577022,10,"gaussian","all finite selected distances; unit area over full domain",21900,21900,11056,0,10844,200
"All tissues","SuSiE-slide","CSs without a shared biological lead SNP",-182.8125,0.00083017815143183,10,"gaussian","all finite selected distances; unit area over full domain",21900,21900,11056,0,10844,200
"All tissues","SuSiE-slide","CSs without a shared biological lead SNP",-182.421875,0.000830408197196281,10,"gaussian","all finite selected distances; unit area over full domain",21900,21900,11056,0,10844,200
"All tissues","SuSiE-slide","CSs without a shared biological lead SNP",-182.03125,0.000830599869393593,10,"gaussian","all finite selected distances; unit area over full domain",21900,21900,11056,0,10844,200
"All tissues","SuSiE-slide","CSs without a shared biological lead SNP",-181.640625,0.000830751903055061,10,"gaussian","all finite selected distances; unit area over full domain",21900,21900,11056,0,10844,200
"All tissues","SuSiE-slide","CSs without a shared biological lead SNP",-181.25,0.000830863647194561,10,"gaussian","all finite selected distances; unit area over full domain",21900,21900,11056,0,10844,200
"All tissues","SuSiE-slide","CSs without a shared biological lead SNP",-180.859375,0.000830938698877559,10,"gaussian","all finite selected distances; unit area over full domain",21900,21900,11056,0,10844,200
"All tissues","SuSiE-slide","CSs without a shared biological lead SNP",-180.46875,0.000830976014990171,10,"gaussian","all finite selected distances; unit area over full domain",21900,21900,11056,0,10844,200
"All tissues","SuSiE-slide","CSs without a shared biological lead SNP",-180.078125,0.000830975230378762,10,"gaussian","all finite selected distances; unit area over full domain",21900,21900,11056,0,10844,200
"All tissues","SuSiE-slide","CSs without a shared biological lead SNP",-179.6875,0.000830939843884692,10,"gaussian","all finite selected distances; unit area over full domain",21900,21900,11056,0,10844,200
"All tissues","SuSiE-slide","CSs without a shared biological lead SNP",-179.296875,0.00083086893548367,10,"gaussian","all finite selected distances; unit area over full domain",21900,21900,11056,0,10844,200
"All tissues","SuSiE-slide","CSs without a shared biological lead SNP",-178.90625,0.000830762289277325,10,"gaussian","all finite selected distances; unit area over full domain",21900,21900,11056,0,10844,200
"All tissues","SuSiE-slide","CSs without a shared biological lead SNP",-178.515625,0.000830623179528149,10,"gaussian","all finite selected distances; unit area over full domain",21900,21900,11056,0,10844,200
"All tissues","SuSiE-slide","CSs without a shared biological lead SNP",-178.125,0.000830450702239567,10,"gaussian","all finite selected distances; unit area over full domain",21900,21900,11056,0,10844,200
"All tissues","SuSiE-slide","CSs without a shared biological lead SNP",-177.734375,0.000830244659603847,10,"gaussian","all finite selected distances; unit area over full domain",21900,21900,11056,0,10844,200
"All tissues","SuSiE-slide","CSs without a shared biological lead SNP",-177.34375,0.00083000802219544,10,"gaussian","all finite selected distances; unit area over full domain",21900,21900,11056,0,10844,200
"All tissues","SuSiE-slide","CSs without a shared biological lead SNP",-176.953125,0.000829739804526816,10,"gaussian","all finite selected distances; unit area over full domain",21900,21900,11056,0,10844,200
"All tissues","SuSiE-slide","CSs without a shared biological lead SNP",-176.5625,0.000829439723507992,10,"gaussian","all finite selected distances; unit area over full domain",21900,21900,11056,0,10844,200
"All tissues","SuSiE-slide","CSs without a shared biological lead SNP",-176.171875,0.000829110421518755,10,"gaussian","all finite selected distances; unit area over full domain",21900,21900,11056,0,10844,200
"All tissues","SuSiE-slide","CSs without a shared biological lead SNP",-175.78125,0.000828750760760383,10,"gaussian","all finite selected distances; unit area over full domain",21900,21900,11056,0,10844,200
"All tissues","SuSiE-slide","CSs without a shared biological lead SNP",-175.390625,0.000828360315414005,10,"gaussian","all finite selected distances; unit area over full domain",21900,21900,11056,0,10844,200
"All tissues","SuSiE-slide","CSs without a shared biological lead SNP",-175,0.000827941429653819,10,"gaussian","all finite selected distances; unit area over full domain",21900,21900,11056,0,10844,200
"All tissues","SuSiE-slide","CSs without a shared biological lead SNP",-174.609375,0.000827492783414851,10,"gaussian","all finite selected distances; unit area over full domain",21900,21900,11056,0,10844,200
"All tissues","SuSiE-slide","CSs without a shared biological lead SNP",-174.21875,0.00082701380786854,10,"gaussian","all finite selected distances; unit area over full domain",21900,21900,11056,0,10844,200
"All tissues","SuSiE-slide","CSs without a shared biological lead SNP",-173.828125,0.000826506626008678,10,"gaussian","all finite selected distances; unit area over full domain",21900,21900,11056,0,10844,200
"All tissues","SuSiE-slide","CSs without a shared biological lead SNP",-173.4375,0.000825969755749758,10,"gaussian","all finite selected distances; unit area over full domain",21900,21900,11056,0,10844,200
"All tissues","SuSiE-slide","CSs without a shared biological lead SNP",-173.046875,0.000825402544931463,10,"gaussian","all finite selected distances; unit area over full domain",21900,21900,11056,0,10844,200
"All tissues","SuSiE-slide","CSs without a shared biological lead SNP",-172.65625,0.000824807005765918,10,"gaussian","all finite selected distances; unit area over full domain",21900,21900,11056,0,10844,200
"All tissues","SuSiE-slide","CSs without a shared biological lead SNP",-172.265625,0.000824181567955996,10,"gaussian","all finite selected distances; unit area over full domain",21900,21900,11056,0,10844,200
"All tissues","SuSiE-slide","CSs without a shared biological lead SNP",-171.875,0.000823525609727561,10,"gaussian","all finite selected distances; unit area over full domain",21900,21900,11056,0,10844,200
"All tissues","SuSiE-slide","CSs without a shared biological lead SNP",-171.484375,0.000822841158390438,10,"gaussian","all finite selected distances; unit area over full domain",21900,21900,11056,0,10844,200
"All tissues","SuSiE-slide","CSs without a shared biological lead SNP",-171.09375,0.000822126679876092,10,"gaussian","all finite selected distances; unit area over full domain",21900,21900,11056,0,10844,200
"All tissues","SuSiE-slide","CSs without a shared biological lead SNP",-170.703125,0.000821381736917739,10,"gaussian","all finite selected distances; unit area over full domain",21900,21900,11056,0,10844,200
"All tissues","SuSiE-slide","CSs without a shared biological lead SNP",-170.3125,0.00082060849362539,10,"gaussian","all finite selected distances; unit area over full domain",21900,21900,11056,0,10844,200
"All tissues","SuSiE-slide","CSs without a shared biological lead SNP",-169.921875,0.00081980561849274,10,"gaussian","all finite selected distances; unit area over full domain",21900,21900,11056,0,10844,200
"All tissues","SuSiE-slide","CSs without a shared biological lead SNP",-169.53125,0.000818973033956137,10,"gaussian","all finite selected distances; unit area over full domain",21900,21900,11056,0,10844,200
"All tissues","SuSiE-slide","CSs without a shared biological lead SNP",-169.140625,0.000818113139603831,10,"gaussian","all finite selected distances; unit area over full domain",21900,21900,11056,0,10844,200
"All tissues","SuSiE-slide","CSs without a shared biological lead SNP",-168.75,0.000817225001340945,10,"gaussian","all finite selected distances; unit area over full domain",21900,21900,11056,0,10844,200
"All tissues","SuSiE-slide","CSs without a shared biological lead SNP",-168.359375,0.000816309075243113,10,"gaussian","all finite selected distances; unit area over full domain",21900,21900,11056,0,10844,200
"All tissues","SuSiE-slide","CSs without a shared biological lead SNP",-167.96875,0.000815368056302613,10,"gaussian","all finite selected distances; unit area over full domain",21900,21900,11056,0,10844,200
"All tissues","SuSiE-slide","CSs without a shared biological lead SNP",-167.578125,0.000814401614804674,10,"gaussian","all finite selected distances; unit area over full domain",21900,21900,11056,0,10844,200
"All tissues","SuSiE-slide","CSs without a shared biological lead SNP",-167.1875,0.000813410890702942,10,"gaussian","all finite selected distances; unit area over full domain",21900,21900,11056,0,10844,200
"All tissues","SuSiE-slide","CSs without a shared biological lead SNP",-166.796875,0.000812398884700335,10,"gaussian","all finite selected distances; unit area over full domain",21900,21900,11056,0,10844,200
"All tissues","SuSiE-slide","CSs without a shared biological lead SNP",-166.40625,0.000811366072946505,10,"gaussian","all finite selected distances; unit area over full domain",21900,21900,11056,0,10844,200
"All tissues","SuSiE-slide","CSs without a shared biological lead SNP",-166.015625,0.000810314385956041,10,"gaussian","all finite selected distances; unit area over full domain",21900,21900,11056,0,10844,200
"All tissues","SuSiE-slide","CSs without a shared biological lead SNP",-165.625,0.000809247085806518,10,"gaussian","all finite selected distances; unit area over full domain",21900,21900,11056,0,10844,200
"All tissues","SuSiE-slide","CSs without a shared biological lead SNP",-165.234375,0.000808165633435861,10,"gaussian","all finite selected distances; unit area over full domain",21900,21900,11056,0,10844,200
"All tissues","SuSiE-slide","CSs without a shared biological lead SNP",-164.84375,0.00080707279787992,10,"gaussian","all finite selected distances; unit area over full domain",21900,21900,11056,0,10844,200
"All tissues","SuSiE-slide","CSs without a shared biological lead SNP",-164.453125,0.000805972004600498,10,"gaussian","all finite selected distances; unit area over full domain",21900,21900,11056,0,10844,200
"All tissues","SuSiE-slide","CSs without a shared biological lead SNP",-164.0625,0.000804865840584263,10,"gaussian","all finite selected distances; unit area over full domain",21900,21900,11056,0,10844,200
"All tissues","SuSiE-slide","CSs without a shared biological lead SNP",-163.671875,0.000803757893474174,10,"gaussian","all finite selected distances; unit area over full domain",21900,21900,11056,0,10844,200
"All tissues","SuSiE-slide","CSs without a shared biological lead SNP",-163.28125,0.000802651606899596,10,"gaussian","all finite selected distances; unit area over full domain",21900,21900,11056,0,10844,200
"All tissues","SuSiE-slide","CSs without a shared biological lead SNP",-162.890625,0.000801550785383503,10,"gaussian","all finite selected distances; unit area over full domain",21900,21900,11056,0,10844,200
"All tissues","SuSiE-slide","CSs without a shared biological lead SNP",-162.5,0.000800459744723452,10,"gaussian","all finite selected distances; unit area over full domain",21900,21900,11056,0,10844,200
"All tissues","SuSiE-slide","CSs without a shared biological lead SNP",-162.109375,0.000799381765009132,10,"gaussian","all finite selected distances; unit area over full domain",21900,21900,11056,0,10844,200
"All tissues","SuSiE-slide","CSs without a shared biological lead SNP",-161.71875,0.000798321901452326,10,"gaussian","all finite selected distances; unit area over full domain",21900,21900,11056,0,10844,200
"All tissues","SuSiE-slide","CSs without a shared biological lead SNP",-161.328125,0.000797285040544204,10,"gaussian","all finite selected distances; unit area over full domain",21900,21900,11056,0,10844,200
"All tissues","SuSiE-slide","CSs without a shared biological lead SNP",-160.9375,0.000796274094226563,10,"gaussian","all finite selected distances; unit area over full domain",21900,21900,11056,0,10844,200
"All tissues","SuSiE-slide","CSs without a shared biological lead SNP",-160.546875,0.000795295338337093,10,"gaussian","all finite selected distances; unit area over full domain",21900,21900,11056,0,10844,200
"All tissues","SuSiE-slide","CSs without a shared biological lead SNP",-160.15625,0.000794354014444542,10,"gaussian","all finite selected distances; unit area over full domain",21900,21900,11056,0,10844,200
"All tissues","SuSiE-slide","CSs without a shared biological lead SNP",-159.765625,0.00079345245375438,10,"gaussian","all finite selected distances; unit area over full domain",21900,21900,11056,0,10844,200
"All tissues","SuSiE-slide","CSs without a shared biological lead SNP",-159.375,0.000792598058079748,10,"gaussian","all finite selected distances; unit area over full domain",21900,21900,11056,0,10844,200
"All tissues","SuSiE-slide","CSs without a shared biological lead SNP",-158.984375,0.000791796163270605,10,"gaussian","all finite selected distances; unit area over full domain",21900,21900,11056,0,10844,200
"All tissues","SuSiE-slide","CSs without a shared biological lead SNP",-158.59375,0.000791048314104331,10,"gaussian","all finite selected distances; unit area over full domain",21900,21900,11056,0,10844,200
"All tissues","SuSiE-slide","CSs without a shared biological lead SNP",-158.203125,0.000790362880927558,10,"gaussian","all finite selected distances; unit area over full domain",21900,21900,11056,0,10844,200
"All tissues","SuSiE-slide","CSs without a shared biological lead SNP",-157.8125,0.000789745003694944,10,"gaussian","all finite selected distances; unit area over full domain",21900,21900,11056,0,10844,200
"All tissues","SuSiE-slide","CSs without a shared biological lead SNP",-157.421875,0.000789195255714117,10,"gaussian","all finite selected distances; unit area over full domain",21900,21900,11056,0,10844,200
"All tissues","SuSiE-slide","CSs without a shared biological lead SNP",-157.03125,0.000788722760223936,10,"gaussian","all finite selected distances; unit area over full domain",21900,21900,11056,0,10844,200
"All tissues","SuSiE-slide","CSs without a shared biological lead SNP",-156.640625,0.000788332159147269,10,"gaussian","all finite selected distances; unit area over full domain",21900,21900,11056,0,10844,200
"All tissues","SuSiE-slide","CSs without a shared biological lead SNP",-156.25,0.000788022901837893,10,"gaussian","all finite selected distances; unit area over full domain",21900,21900,11056,0,10844,200
"All tissues","SuSiE-slide","CSs without a shared biological lead SNP",-155.859375,0.000787804597665716,10,"gaussian","all finite selected distances; unit area over full domain",21900,21900,11056,0,10844,200
"All tissues","SuSiE-slide","CSs without a shared biological lead SNP",-155.46875,0.00078768109444979,10,"gaussian","all finite selected distances; unit area over full domain",21900,21900,11056,0,10844,200
"All tissues","SuSiE-slide","CSs without a shared biological lead SNP",-155.078125,0.000787650607338819,10,"gaussian","all finite selected distances; unit area over full domain",21900,21900,11056,0,10844,200
"All tissues","SuSiE-slide","CSs without a shared biological lead SNP",-154.6875,0.000787722923309564,10,"gaussian","all finite selected distances; unit area over full domain",21900,21900,11056,0,10844,200
"All tissues","SuSiE-slide","CSs without a shared biological lead SNP",-154.296875,0.000787900823883311,10,"gaussian","all finite selected distances; unit area over full domain",21900,21900,11056,0,10844,200
"All tissues","SuSiE-slide","CSs without a shared biological lead SNP",-153.90625,0.000788181229295484,10,"gaussian","all finite selected distances; unit area over full domain",21900,21900,11056,0,10844,200
"All tissues","SuSiE-slide","CSs without a shared biological lead SNP",-153.515625,0.000788573765341174,10,"gaussian","all finite selected distances; unit area over full domain",21900,21900,11056,0,10844,200
"All tissues","SuSiE-slide","CSs without a shared biological lead SNP",-153.125,0.000789079915856677,10,"gaussian","all finite selected distances; unit area over full domain",21900,21900,11056,0,10844,200
"All tissues","SuSiE-slide","CSs without a shared biological lead SNP",-152.734375,0.000789695299950868,10,"gaussian","all finite selected distances; unit area over full domain",21900,21900,11056,0,10844,200
"All tissues","SuSiE-slide","CSs without a shared biological lead SNP",-152.34375,0.000790429026689008,10,"gaussian","all finite selected distances; unit area over full domain",21900,21900,11056,0,10844,200
"All tissues","SuSiE-slide","CSs without a shared biological lead SNP",-151.953125,0.000791281107058352,10,"gaussian","all finite selected distances; unit area over full domain",21900,21900,11056,0,10844,200
"All tissues","SuSiE-slide","CSs without a shared biological lead SNP",-151.5625,0.000792245909954704,10,"gaussian","all finite selected distances; unit area over full domain",21900,21900,11056,0,10844,200
"All tissues","SuSiE-slide","CSs without a shared biological lead SNP",-151.171875,0.000793331670683301,10,"gaussian","all finite selected distances; unit area over full domain",21900,21900,11056,0,10844,200
"All tissues","SuSiE-slide","CSs without a shared biological lead SNP",-150.78125,0.000794536821678261,10,"gaussian","all finite selected distances; unit area over full domain",21900,21900,11056,0,10844,200
"All tissues","SuSiE-slide","CSs without a shared biological lead SNP",-150.390625,0.000795854589968346,10,"gaussian","all finite selected distances; unit area over full domain",21900,21900,11056,0,10844,200
"All tissues","SuSiE-slide","CSs without a shared biological lead SNP",-150,0.000797291995217156,10,"gaussian","all finite selected distances; unit area over full domain",21900,21900,11056,0,10844,200
"All tissues","SuSiE-slide","CSs without a shared biological lead SNP",-149.609375,0.000798845865366612,10,"gaussian","all finite selected distances; unit area over full domain",21900,21900,11056,0,10844,200
"All tissues","SuSiE-slide","CSs without a shared biological lead SNP",-149.21875,0.000800508449262818,10,"gaussian","all finite selected distances; unit area over full domain",21900,21900,11056,0,10844,200
"All tissues","SuSiE-slide","CSs without a shared biological lead SNP",-148.828125,0.000802285241517216,10,"gaussian","all finite selected distances; unit area over full domain",21900,21900,11056,0,10844,200
"All tissues","SuSiE-slide","CSs without a shared biological lead SNP",-148.4375,0.000804171525962149,10,"gaussian","all finite selected distances; unit area over full domain",21900,21900,11056,0,10844,200
"All tissues","SuSiE-slide","CSs without a shared biological lead SNP",-148.046875,0.000806158787675823,10,"gaussian","all finite selected distances; unit area over full domain",21900,21900,11056,0,10844,200
"All tissues","SuSiE-slide","CSs without a shared biological lead SNP",-147.65625,0.000808250736389687,10,"gaussian","all finite selected distances; unit area over full domain",21900,21900,11056,0,10844,200
"All tissues","SuSiE-slide","CSs without a shared biological lead SNP",-147.265625,0.000810441260541957,10,"gaussian","all finite selected distances; unit area over full domain",21900,21900,11056,0,10844,200
"All tissues","SuSiE-slide","CSs without a shared biological lead SNP",-146.875,0.000812721339380935,10,"gaussian","all finite selected distances; unit area over full domain",21900,21900,11056,0,10844,200
"All tissues","SuSiE-slide","CSs without a shared biological lead SNP",-146.484375,0.000815092703326692,10,"gaussian","all finite selected distances; unit area over full domain",21900,21900,11056,0,10844,200
"All tissues","SuSiE-slide","CSs without a shared biological lead SNP",-146.09375,0.000817548079290202,10,"gaussian","all finite selected distances; unit area over full domain",21900,21900,11056,0,10844,200
"All tissues","SuSiE-slide","CSs without a shared biological lead SNP",-145.703125,0.00082007823237323,10,"gaussian","all finite selected distances; unit area over full domain",21900,21900,11056,0,10844,200
"All tissues","SuSiE-slide","CSs without a shared biological lead SNP",-145.3125,0.000822682797999502,10,"gaussian","all finite selected distances; unit area over full domain",21900,21900,11056,0,10844,200
"All tissues","SuSiE-slide","CSs without a shared biological lead SNP",-144.921875,0.000825353651844588,10,"gaussian","all finite selected distances; unit area over full domain",21900,21900,11056,0,10844,200
"All tissues","SuSiE-slide","CSs without a shared biological lead SNP",-144.53125,0.000828081658161472,10,"gaussian","all finite selected distances; unit area over full domain",21900,21900,11056,0,10844,200
"All tissues","SuSiE-slide","CSs without a shared biological lead SNP",-144.140625,0.00083086433021259,10,"gaussian","all finite selected distances; unit area over full domain",21900,21900,11056,0,10844,200
"All tissues","SuSiE-slide","CSs without a shared biological lead SNP",-143.75,0.000833693064946561,10,"gaussian","all finite selected distances; unit area over full domain",21900,21900,11056,0,10844,200
"All tissues","SuSiE-slide","CSs without a shared biological lead SNP",-143.359375,0.000836559146646252,10,"gaussian","all finite selected distances; unit area over full domain",21900,21900,11056,0,10844,200
"All tissues","SuSiE-slide","CSs without a shared biological lead SNP",-142.96875,0.000839458033038059,10,"gaussian","all finite selected distances; unit area over full domain",21900,21900,11056,0,10844,200
"All tissues","SuSiE-slide","CSs without a shared biological lead SNP",-142.578125,0.000842381057925698,10,"gaussian","all finite selected distances; unit area over full domain",21900,21900,11056,0,10844,200
"All tissues","SuSiE-slide","CSs without a shared biological lead SNP",-142.1875,0.000845320238827403,10,"gaussian","all finite selected distances; unit area over full domain",21900,21900,11056,0,10844,200
"All tissues","SuSiE-slide","CSs without a shared biological lead SNP",-141.796875,0.000848269138482688,10,"gaussian","all finite selected distances; unit area over full domain",21900,21900,11056,0,10844,200
"All tissues","SuSiE-slide","CSs without a shared biological lead SNP",-141.40625,0.000851219463156252,10,"gaussian","all finite selected distances; unit area over full domain",21900,21900,11056,0,10844,200
"All tissues","SuSiE-slide","CSs without a shared biological lead SNP",-141.015625,0.000854164253525199,10,"gaussian","all finite selected distances; unit area over full domain",21900,21900,11056,0,10844,200
"All tissues","SuSiE-slide","CSs without a shared biological lead SNP",-140.625,0.000857095426540705,10,"gaussian","all finite selected distances; unit area over full domain",21900,21900,11056,0,10844,200
"All tissues","SuSiE-slide","CSs without a shared biological lead SNP",-140.234375,0.000860005491036867,10,"gaussian","all finite selected distances; unit area over full domain",21900,21900,11056,0,10844,200
"All tissues","SuSiE-slide","CSs without a shared biological lead SNP",-139.84375,0.000862888762494826,10,"gaussian","all finite selected distances; unit area over full domain",21900,21900,11056,0,10844,200
"All tissues","SuSiE-slide","CSs without a shared biological lead SNP",-139.453125,0.00086573583935319,10,"gaussian","all finite selected distances; unit area over full domain",21900,21900,11056,0,10844,200
"All tissues","SuSiE-slide","CSs without a shared biological lead SNP",-139.0625,0.000868540431346789,10,"gaussian","all finite selected distances; unit area over full domain",21900,21900,11056,0,10844,200
"All tissues","SuSiE-slide","CSs without a shared biological lead SNP",-138.671875,0.00087129832871341,10,"gaussian","all finite selected distances; unit area over full domain",21900,21900,11056,0,10844,200
"All tissues","SuSiE-slide","CSs without a shared biological lead SNP",-138.28125,0.000873999201335186,10,"gaussian","all finite selected distances; unit area over full domain",21900,21900,11056,0,10844,200
"All tissues","SuSiE-slide","CSs without a shared biological lead SNP",-137.890625,0.00087663830119719,10,"gaussian","all finite selected distances; unit area over full domain",21900,21900,11056,0,10844,200
"All tissues","SuSiE-slide","CSs without a shared biological lead SNP",-137.5,0.00087921303059924,10,"gaussian","all finite selected distances; unit area over full domain",21900,21900,11056,0,10844,200
"All tissues","SuSiE-slide","CSs without a shared biological lead SNP",-137.109375,0.000881712564069398,10,"gaussian","all finite selected distances; unit area over full domain",21900,21900,11056,0,10844,200
"All tissues","SuSiE-slide","CSs without a shared biological lead SNP",-136.71875,0.000884133957874322,10,"gaussian","all finite selected distances; unit area over full domain",21900,21900,11056,0,10844,200
"All tissues","SuSiE-slide","CSs without a shared biological lead SNP",-136.328125,0.000886476293250864,10,"gaussian","all finite selected distances; unit area over full domain",21900,21900,11056,0,10844,200
"All tissues","SuSiE-slide","CSs without a shared biological lead SNP",-135.9375,0.000888728703393333,10,"gaussian","all finite selected distances; unit area over full domain",21900,21900,11056,0,10844,200
"All tissues","SuSiE-slide","CSs without a shared biological lead SNP",-135.546875,0.000890890213710937,10,"gaussian","all finite selected distances; unit area over full domain",21900,21900,11056,0,10844,200
"All tissues","SuSiE-slide","CSs without a shared biological lead SNP",-135.15625,0.000892961576713921,10,"gaussian","all finite selected distances; unit area over full domain",21900,21900,11056,0,10844,200
"All tissues","SuSiE-slide","CSs without a shared biological lead SNP",-134.765625,0.000894932334917584,10,"gaussian","all finite selected distances; unit area over full domain",21900,21900,11056,0,10844,200
"All tissues","SuSiE-slide","CSs without a shared biological lead SNP",-134.375,0.000896803538528844,10,"gaussian","all finite selected distances; unit area over full domain",21900,21900,11056,0,10844,200
"All tissues","SuSiE-slide","CSs without a shared biological lead SNP",-133.984375,0.000898577528977425,10,"gaussian","all finite selected distances; unit area over full domain",21900,21900,11056,0,10844,200
"All tissues","SuSiE-slide","CSs without a shared biological lead SNP",-133.59375,0.000900244680833919,10,"gaussian","all finite selected distances; unit area over full domain",21900,21900,11056,0,10844,200
"All tissues","SuSiE-slide","CSs without a shared biological lead SNP",-133.203125,0.000901808010310847,10,"gaussian","all finite selected distances; unit area over full domain",21900,21900,11056,0,10844,200
"All tissues","SuSiE-slide","CSs without a shared biological lead SNP",-132.8125,0.000903271294586661,10,"gaussian","all finite selected distances; unit area over full domain",21900,21900,11056,0,10844,200
"All tissues","SuSiE-slide","CSs without a shared biological lead SNP",-132.421875,0.000904626111654561,10,"gaussian","all finite selected distances; unit area over full domain",21900,21900,11056,0,10844,200
"All tissues","SuSiE-slide","CSs without a shared biological lead SNP",-132.03125,0.000905877272619274,10,"gaussian","all finite selected distances; unit area over full domain",21900,21900,11056,0,10844,200
"All tissues","SuSiE-slide","CSs without a shared biological lead SNP",-131.640625,0.000907029774190837,10,"gaussian","all finite selected distances; unit area over full domain",21900,21900,11056,0,10844,200
"All tissues","SuSiE-slide","CSs without a shared biological lead SNP",-131.25,0.00090807669696873,10,"gaussian","all finite selected distances; unit area over full domain",21900,21900,11056,0,10844,200
"All tissues","SuSiE-slide","CSs without a shared biological lead SNP",-130.859375,0.000909024373141986,10,"gaussian","all finite selected distances; unit area over full domain",21900,21900,11056,0,10844,200
"All tissues","SuSiE-slide","CSs without a shared biological lead SNP",-130.46875,0.000909878751045279,10,"gaussian","all finite selected distances; unit area over full domain",21900,21900,11056,0,10844,200
"All tissues","SuSiE-slide","CSs without a shared biological lead SNP",-130.078125,0.000910634624189421,10,"gaussian","all finite selected distances; unit area over full domain",21900,21900,11056,0,10844,200
"All tissues","SuSiE-slide","CSs without a shared biological lead SNP",-129.6875,0.000911299486133588,10,"gaussian","all finite selected distances; unit area over full domain",21900,21900,11056,0,10844,200
"All tissues","SuSiE-slide","CSs without a shared biological lead SNP",-129.296875,0.000911879931692634,10,"gaussian","all finite selected distances; unit area over full domain",21900,21900,11056,0,10844,200
"All tissues","SuSiE-slide","CSs without a shared biological lead SNP",-128.90625,0.000912372577506002,10,"gaussian","all finite selected distances; unit area over full domain",21900,21900,11056,0,10844,200
"All tissues","SuSiE-slide","CSs without a shared biological lead SNP",-128.515625,0.00091278565599147,10,"gaussian","all finite selected distances; unit area over full domain",21900,21900,11056,0,10844,200
"All tissues","SuSiE-slide","CSs without a shared biological lead SNP",-128.125,0.00091312608293387,10,"gaussian","all finite selected distances; unit area over full domain",21900,21900,11056,0,10844,200
"All tissues","SuSiE-slide","CSs without a shared biological lead SNP",-127.734375,0.000913392303619545,10,"gaussian","all finite selected distances; unit area over full domain",21900,21900,11056,0,10844,200
"All tissues","SuSiE-slide","CSs without a shared biological lead SNP",-127.34375,0.000913592832088585,10,"gaussian","all finite selected distances; unit area over full domain",21900,21900,11056,0,10844,200
"All tissues","SuSiE-slide","CSs without a shared biological lead SNP",-126.953125,0.000913734577641579,10,"gaussian","all finite selected distances; unit area over full domain",21900,21900,11056,0,10844,200
"All tissues","SuSiE-slide","CSs without a shared biological lead SNP",-126.5625,0.000913817717736158,10,"gaussian","all finite selected distances; unit area over full domain",21900,21900,11056,0,10844,200
"All tissues","SuSiE-slide","CSs without a shared biological lead SNP",-126.171875,0.000913850587254982,10,"gaussian","all finite selected distances; unit area over full domain",21900,21900,11056,0,10844,200
"All tissues","SuSiE-slide","CSs without a shared biological lead SNP",-125.78125,0.000913839778529604,10,"gaussian","all finite selected distances; unit area over full domain",21900,21900,11056,0,10844,200
"All tissues","SuSiE-slide","CSs without a shared biological lead SNP",-125.390625,0.00091378701292837,10,"gaussian","all finite selected distances; unit area over full domain",21900,21900,11056,0,10844,200
"All tissues","SuSiE-slide","CSs without a shared biological lead SNP",-125,0.000913700013860515,10,"gaussian","all finite selected distances; unit area over full domain",21900,21900,11056,0,10844,200
"All tissues","SuSiE-slide","CSs without a shared biological lead SNP",-124.609375,0.000913584781361688,10,"gaussian","all finite selected distances; unit area over full domain",21900,21900,11056,0,10844,200
"All tissues","SuSiE-slide","CSs without a shared biological lead SNP",-124.21875,0.000913444317926974,10,"gaussian","all finite selected distances; unit area over full domain",21900,21900,11056,0,10844,200
"All tissues","SuSiE-slide","CSs without a shared biological lead SNP",-123.828125,0.000913285361900651,10,"gaussian","all finite selected distances; unit area over full domain",21900,21900,11056,0,10844,200
"All tissues","SuSiE-slide","CSs without a shared biological lead SNP",-123.4375,0.000913113097007612,10,"gaussian","all finite selected distances; unit area over full domain",21900,21900,11056,0,10844,200
"All tissues","SuSiE-slide","CSs without a shared biological lead SNP",-123.046875,0.000912931492737545,10,"gaussian","all finite selected distances; unit area over full domain",21900,21900,11056,0,10844,200
"All tissues","SuSiE-slide","CSs without a shared biological lead SNP",-122.65625,0.000912746013363083,10,"gaussian","all finite selected distances; unit area over full domain",21900,21900,11056,0,10844,200
"All tissues","SuSiE-slide","CSs without a shared biological lead SNP",-122.265625,0.000912560866415649,10,"gaussian","all finite selected distances; unit area over full domain",21900,21900,11056,0,10844,200
"All tissues","SuSiE-slide","CSs without a shared biological lead SNP",-121.875,0.00091238065019171,10,"gaussian","all finite selected distances; unit area over full domain",21900,21900,11056,0,10844,200
"All tissues","SuSiE-slide","CSs without a shared biological lead SNP",-121.484375,0.000912209369460155,10,"gaussian","all finite selected distances; unit area over full domain",21900,21900,11056,0,10844,200
"All tissues","SuSiE-slide","CSs without a shared biological lead SNP",-121.09375,0.000912050168135782,10,"gaussian","all finite selected distances; unit area over full domain",21900,21900,11056,0,10844,200
"All tissues","SuSiE-slide","CSs without a shared biological lead SNP",-120.703125,0.000911907940154093,10,"gaussian","all finite selected distances; unit area over full domain",21900,21900,11056,0,10844,200
"All tissues","SuSiE-slide","CSs without a shared biological lead SNP",-120.3125,0.000911785159046683,10,"gaussian","all finite selected distances; unit area over full domain",21900,21900,11056,0,10844,200
"All tissues","SuSiE-slide","CSs without a shared biological lead SNP",-119.921875,0.000911683893107717,10,"gaussian","all finite selected distances; unit area over full domain",21900,21900,11056,0,10844,200
"All tissues","SuSiE-slide","CSs without a shared biological lead SNP",-119.53125,0.00091160903195594,10,"gaussian","all finite selected distances; unit area over full domain",21900,21900,11056,0,10844,200
"All tissues","SuSiE-slide","CSs without a shared biological lead SNP",-119.140625,0.000911561559865767,10,"gaussian","all finite selected distances; unit area over full domain",21900,21900,11056,0,10844,200
"All tissues","SuSiE-slide","CSs without a shared biological lead SNP",-118.75,0.000911542530057084,10,"gaussian","all finite selected distances; unit area over full domain",21900,21900,11056,0,10844,200
"All tissues","SuSiE-slide","CSs without a shared biological lead SNP",-118.359375,0.000911556585664034,10,"gaussian","all finite selected distances; unit area over full domain",21900,21900,11056,0,10844,200
"All tissues","SuSiE-slide","CSs without a shared biological lead SNP",-117.96875,0.00091160336702864,10,"gaussian","all finite selected distances; unit area over full domain",21900,21900,11056,0,10844,200
"All tissues","SuSiE-slide","CSs without a shared biological lead SNP",-117.578125,0.000911683036746327,10,"gaussian","all finite selected distances; unit area over full domain",21900,21900,11056,0,10844,200
"All tissues","SuSiE-slide","CSs without a shared biological lead SNP",-117.1875,0.000911799825549594,10,"gaussian","all finite selected distances; unit area over full domain",21900,21900,11056,0,10844,200
"All tissues","SuSiE-slide","CSs without a shared biological lead SNP",-116.796875,0.000911952258570849,10,"gaussian","all finite selected distances; unit area over full domain",21900,21900,11056,0,10844,200
"All tissues","SuSiE-slide","CSs without a shared biological lead SNP",-116.40625,0.000912139782311502,10,"gaussian","all finite selected distances; unit area over full domain",21900,21900,11056,0,10844,200
"All tissues","SuSiE-slide","CSs without a shared biological lead SNP",-116.015625,0.000912366135814983,10,"gaussian","all finite selected distances; unit area over full domain",21900,21900,11056,0,10844,200
"All tissues","SuSiE-slide","CSs without a shared biological lead SNP",-115.625,0.000912629013472628,10,"gaussian","all finite selected distances; unit area over full domain",21900,21900,11056,0,10844,200
"All tissues","SuSiE-slide","CSs without a shared biological lead SNP",-115.234375,0.000912927352433577,10,"gaussian","all finite selected distances; unit area over full domain",21900,21900,11056,0,10844,200
"All tissues","SuSiE-slide","CSs without a shared biological lead SNP",-114.84375,0.000913264408488365,10,"gaussian","all finite selected distances; unit area over full domain",21900,21900,11056,0,10844,200
"All tissues","SuSiE-slide","CSs without a shared biological lead SNP",-114.453125,0.000913637352928078,10,"gaussian","all finite selected distances; unit area over full domain",21900,21900,11056,0,10844,200
"All tissues","SuSiE-slide","CSs without a shared biological lead SNP",-114.0625,0.000914044832151806,10,"gaussian","all finite selected distances; unit area over full domain",21900,21900,11056,0,10844,200
"All tissues","SuSiE-slide","CSs without a shared biological lead SNP",-113.671875,0.00091448970639905,10,"gaussian","all finite selected distances; unit area over full domain",21900,21900,11056,0,10844,200
"All tissues","SuSiE-slide","CSs without a shared biological lead SNP",-113.28125,0.000914968920597042,10,"gaussian","all finite selected distances; unit area over full domain",21900,21900,11056,0,10844,200
"All tissues","SuSiE-slide","CSs without a shared biological lead SNP",-112.890625,0.000915481039877694,10,"gaussian","all finite selected distances; unit area over full domain",21900,21900,11056,0,10844,200
"All tissues","SuSiE-slide","CSs without a shared biological lead SNP",-112.5,0.000916028678614717,10,"gaussian","all finite selected distances; unit area over full domain",21900,21900,11056,0,10844,200
"All tissues","SuSiE-slide","CSs without a shared biological lead SNP",-112.109375,0.000916608809305557,10,"gaussian","all finite selected distances; unit area over full domain",21900,21900,11056,0,10844,200
"All tissues","SuSiE-slide","CSs without a shared biological lead SNP",-111.71875,0.000917220096523231,10,"gaussian","all finite selected distances; unit area over full domain",21900,21900,11056,0,10844,200
"All tissues","SuSiE-slide","CSs without a shared biological lead SNP",-111.328125,0.000917865096011144,10,"gaussian","all finite selected distances; unit area over full domain",21900,21900,11056,0,10844,200
"All tissues","SuSiE-slide","CSs without a shared biological lead SNP",-110.9375,0.000918540992780277,10,"gaussian","all finite selected distances; unit area over full domain",21900,21900,11056,0,10844,200
"All tissues","SuSiE-slide","CSs without a shared biological lead SNP",-110.546875,0.000919246686302238,10,"gaussian","all finite selected distances; unit area over full domain",21900,21900,11056,0,10844,200
"All tissues","SuSiE-slide","CSs without a shared biological lead SNP",-110.15625,0.00091998486935893,10,"gaussian","all finite selected distances; unit area over full domain",21900,21900,11056,0,10844,200
"All tissues","SuSiE-slide","CSs without a shared biological lead SNP",-109.765625,0.000920753037920211,10,"gaussian","all finite selected distances; unit area over full domain",21900,21900,11056,0,10844,200
"All tissues","SuSiE-slide","CSs without a shared biological lead SNP",-109.375,0.000921550404831291,10,"gaussian","all finite selected distances; unit area over full domain",21900,21900,11056,0,10844,200
"All tissues","SuSiE-slide","CSs without a shared biological lead SNP",-108.984375,0.000922379973237072,10,"gaussian","all finite selected distances; unit area over full domain",21900,21900,11056,0,10844,200
"All tissues","SuSiE-slide","CSs without a shared biological lead SNP",-108.59375,0.000923239555250597,10,"gaussian","all finite selected distances; unit area over full domain",21900,21900,11056,0,10844,200
"All tissues","SuSiE-slide","CSs without a shared biological lead SNP",-108.203125,0.000924128692715252,10,"gaussian","all finite selected distances; unit area over full domain",21900,21900,11056,0,10844,200
"All tissues","SuSiE-slide","CSs without a shared biological lead SNP",-107.8125,0.000925050820963305,10,"gaussian","all finite selected distances; unit area over full domain",21900,21900,11056,0,10844,200
"All tissues","SuSiE-slide","CSs without a shared biological lead SNP",-107.421875,0.000926003985059508,10,"gaussian","all finite selected distances; unit area over full domain",21900,21900,11056,0,10844,200
"All tissues","SuSiE-slide","CSs without a shared biological lead SNP",-107.03125,0.000926988009179121,10,"gaussian","all finite selected distances; unit area over full domain",21900,21900,11056,0,10844,200
"All tissues","SuSiE-slide","CSs without a shared biological lead SNP",-106.640625,0.000928006806849394,10,"gaussian","all finite selected distances; unit area over full domain",21900,21900,11056,0,10844,200
"All tissues","SuSiE-slide","CSs without a shared biological lead SNP",-106.25,0.000929058500675161,10,"gaussian","all finite selected distances; unit area over full domain",21900,21900,11056,0,10844,200
"All tissues","SuSiE-slide","CSs without a shared biological lead SNP",-105.859375,0.000930143095149749,10,"gaussian","all finite selected distances; unit area over full domain",21900,21900,11056,0,10844,200
"All tissues","SuSiE-slide","CSs without a shared biological lead SNP",-105.46875,0.000931264935539602,10,"gaussian","all finite selected distances; unit area over full domain",21900,21900,11056,0,10844,200
"All tissues","SuSiE-slide","CSs without a shared biological lead SNP",-105.078125,0.000932422020139603,10,"gaussian","all finite selected distances; unit area over full domain",21900,21900,11056,0,10844,200
"All tissues","SuSiE-slide","CSs without a shared biological lead SNP",-104.6875,0.000933614389082156,10,"gaussian","all finite selected distances; unit area over full domain",21900,21900,11056,0,10844,200
"All tissues","SuSiE-slide","CSs without a shared biological lead SNP",-104.296875,0.000934846673631482,10,"gaussian","all finite selected distances; unit area over full domain",21900,21900,11056,0,10844,200
"All tissues","SuSiE-slide","CSs without a shared biological lead SNP",-103.90625,0.000936116532131842,10,"gaussian","all finite selected distances; unit area over full domain",21900,21900,11056,0,10844,200
"All tissues","SuSiE-slide","CSs without a shared biological lead SNP",-103.515625,0.000937423870246363,10,"gaussian","all finite selected distances; unit area over full domain",21900,21900,11056,0,10844,200
"All tissues","SuSiE-slide","CSs without a shared biological lead SNP",-103.125,0.000938773364457161,10,"gaussian","all finite selected distances; unit area over full domain",21900,21900,11056,0,10844,200
"All tissues","SuSiE-slide","CSs without a shared biological lead SNP",-102.734375,0.000940162139633354,10,"gaussian","all finite selected distances; unit area over full domain",21900,21900,11056,0,10844,200
"All tissues","SuSiE-slide","CSs without a shared biological lead SNP",-102.34375,0.000941589791600519,10,"gaussian","all finite selected distances; unit area over full domain",21900,21900,11056,0,10844,200
"All tissues","SuSiE-slide","CSs without a shared biological lead SNP",-101.953125,0.000943060721736077,10,"gaussian","all finite selected distances; unit area over full domain",21900,21900,11056,0,10844,200
"All tissues","SuSiE-slide","CSs without a shared biological lead SNP",-101.5625,0.000944571385097412,10,"gaussian","all finite selected distances; unit area over full domain",21900,21900,11056,0,10844,200
"All tissues","SuSiE-slide","CSs without a shared biological lead SNP",-101.171875,0.00094612090823462,10,"gaussian","all finite selected distances; unit area over full domain",21900,21900,11056,0,10844,200
"All tissues","SuSiE-slide","CSs without a shared biological lead SNP",-100.78125,0.000947713043348181,10,"gaussian","all finite selected distances; unit area over full domain",21900,21900,11056,0,10844,200
"All tissues","SuSiE-slide","CSs without a shared biological lead SNP",-100.390625,0.000949343526608703,10,"gaussian","all finite selected distances; unit area over full domain",21900,21900,11056,0,10844,200
"All tissues","SuSiE-slide","CSs without a shared biological lead SNP",-100,0.000951010891953865,10,"gaussian","all finite selected distances; unit area over full domain",21900,21900,11056,0,10844,200
"All tissues","SuSiE-slide","CSs without a shared biological lead SNP",-99.609375,0.000952717848630457,10,"gaussian","all finite selected distances; unit area over full domain",21900,21900,11056,0,10844,200
"All tissues","SuSiE-slide","CSs without a shared biological lead SNP",-99.21875,0.00095445947338997,10,"gaussian","all finite selected distances; unit area over full domain",21900,21900,11056,0,10844,200
"All tissues","SuSiE-slide","CSs without a shared biological lead SNP",-98.828125,0.000956233637482321,10,"gaussian","all finite selected distances; unit area over full domain",21900,21900,11056,0,10844,200
"All tissues","SuSiE-slide","CSs without a shared biological lead SNP",-98.4375,0.000958041633019129,10,"gaussian","all finite selected distances; unit area over full domain",21900,21900,11056,0,10844,200
"All tissues","SuSiE-slide","CSs without a shared biological lead SNP",-98.046875,0.000959878054824855,10,"gaussian","all finite selected distances; unit area over full domain",21900,21900,11056,0,10844,200
"All tissues","SuSiE-slide","CSs without a shared biological lead SNP",-97.65625,0.000961740107036324,10,"gaussian","all finite selected distances; unit area over full domain",21900,21900,11056,0,10844,200
"All tissues","SuSiE-slide","CSs without a shared biological lead SNP",-97.265625,0.000963627350890552,10,"gaussian","all finite selected distances; unit area over full domain",21900,21900,11056,0,10844,200
"All tissues","SuSiE-slide","CSs without a shared biological lead SNP",-96.875,0.000965534190623447,10,"gaussian","all finite selected distances; unit area over full domain",21900,21900,11056,0,10844,200
"All tissues","SuSiE-slide","CSs without a shared biological lead SNP",-96.484375,0.000967457230732442,10,"gaussian","all finite selected distances; unit area over full domain",21900,21900,11056,0,10844,200
"All tissues","SuSiE-slide","CSs without a shared biological lead SNP",-96.09375,0.000969394086588336,10,"gaussian","all finite selected distances; unit area over full domain",21900,21900,11056,0,10844,200
"All tissues","SuSiE-slide","CSs without a shared biological lead SNP",-95.703125,0.000971339358733613,10,"gaussian","all finite selected distances; unit area over full domain",21900,21900,11056,0,10844,200
"All tissues","SuSiE-slide","CSs without a shared biological lead SNP",-95.3125,0.000973289190677768,10,"gaussian","all finite selected distances; unit area over full domain",21900,21900,11056,0,10844,200
"All tissues","SuSiE-slide","CSs without a shared biological lead SNP",-94.921875,0.000975239167371074,10,"gaussian","all finite selected distances; unit area over full domain",21900,21900,11056,0,10844,200
"All tissues","SuSiE-slide","CSs without a shared biological lead SNP",-94.53125,0.000977184536800375,10,"gaussian","all finite selected distances; unit area over full domain",21900,21900,11056,0,10844,200
"All tissues","SuSiE-slide","CSs without a shared biological lead SNP",-94.140625,0.000979121183432603,10,"gaussian","all finite selected distances; unit area over full domain",21900,21900,11056,0,10844,200
"All tissues","SuSiE-slide","CSs without a shared biological lead SNP",-93.75,0.000981042729113567,10,"gaussian","all finite selected distances; unit area over full domain",21900,21900,11056,0,10844,200
"All tissues","SuSiE-slide","CSs without a shared biological lead SNP",-93.359375,0.000982945542918355,10,"gaussian","all finite selected distances; unit area over full domain",21900,21900,11056,0,10844,200
"All tissues","SuSiE-slide","CSs without a shared biological lead SNP",-92.96875,0.000984825500960071,10,"gaussian","all finite selected distances; unit area over full domain",21900,21900,11056,0,10844,200
"All tissues","SuSiE-slide","CSs without a shared biological lead SNP",-92.578125,0.00098667448954622,10,"gaussian","all finite selected distances; unit area over full domain",21900,21900,11056,0,10844,200
"All tissues","SuSiE-slide","CSs without a shared biological lead SNP",-92.1875,0.000988490446754035,10,"gaussian","all finite selected distances; unit area over full domain",21900,21900,11056,0,10844,200
"All tissues","SuSiE-slide","CSs without a shared biological lead SNP",-91.796875,0.000990269519726952,10,"gaussian","all finite selected distances; unit area over full domain",21900,21900,11056,0,10844,200
"All tissues","SuSiE-slide","CSs without a shared biological lead SNP",-91.40625,0.000992002240769361,10,"gaussian","all finite selected distances; unit area over full domain",21900,21900,11056,0,10844,200
"All tissues","SuSiE-slide","CSs without a shared biological lead SNP",-91.015625,0.00099368848929769,10,"gaussian","all finite selected distances; unit area over full domain",21900,21900,11056,0,10844,200
"All tissues","SuSiE-slide","CSs without a shared biological lead SNP",-90.625,0.000995324967778486,10,"gaussian","all finite selected distances; unit area over full domain",21900,21900,11056,0,10844,200
"All tissues","SuSiE-slide","CSs without a shared biological lead SNP",-90.234375,0.000996901368894869,10,"gaussian","all finite selected distances; unit area over full domain",21900,21900,11056,0,10844,200
"All tissues","SuSiE-slide","CSs without a shared biological lead SNP",-89.84375,0.000998419764067589,10,"gaussian","all finite selected distances; unit area over full domain",21900,21900,11056,0,10844,200
"All tissues","SuSiE-slide","CSs without a shared biological lead SNP",-89.453125,0.000999877674957022,10,"gaussian","all finite selected distances; unit area over full domain",21900,21900,11056,0,10844,200
"All tissues","SuSiE-slide","CSs without a shared biological lead SNP",-89.0625,0.00100126456722762,10,"gaussian","all finite selected distances; unit area over full domain",21900,21900,11056,0,10844,200
"All tissues","SuSiE-slide","CSs without a shared biological lead SNP",-88.671875,0.00100258479620937,10,"gaussian","all finite selected distances; unit area over full domain",21900,21900,11056,0,10844,200
"All tissues","SuSiE-slide","CSs without a shared biological lead SNP",-88.28125,0.00100383692175225,10,"gaussian","all finite selected distances; unit area over full domain",21900,21900,11056,0,10844,200
"All tissues","SuSiE-slide","CSs without a shared biological lead SNP",-87.890625,0.00100501084797525,10,"gaussian","all finite selected distances; unit area over full domain",21900,21900,11056,0,10844,200
"All tissues","SuSiE-slide","CSs without a shared biological lead SNP",-87.5,0.00100611312372198,10,"gaussian","all finite selected distances; unit area over full domain",21900,21900,11056,0,10844,200
"All tissues","SuSiE-slide","CSs without a shared biological lead SNP",-87.109375,0.0010071434999794,10,"gaussian","all finite selected distances; unit area over full domain",21900,21900,11056,0,10844,200
"All tissues","SuSiE-slide","CSs without a shared biological lead SNP",-86.71875,0.00100809298556614,10,"gaussian","all finite selected distances; unit area over full domain",21900,21900,11056,0,10844,200
"All tissues","SuSiE-slide","CSs without a shared biological lead SNP",-86.328125,0.0010089700434214,10,"gaussian","all finite selected distances; unit area over full domain",21900,21900,11056,0,10844,200
"All tissues","SuSiE-slide","CSs without a shared biological lead SNP",-85.9375,0.00100977568680096,10,"gaussian","all finite selected distances; unit area over full domain",21900,21900,11056,0,10844,200
"All tissues","SuSiE-slide","CSs without a shared biological lead SNP",-85.546875,0.00101050264217302,10,"gaussian","all finite selected distances; unit area over full domain",21900,21900,11056,0,10844,200
"All tissues","SuSiE-slide","CSs without a shared biological lead SNP",-85.15625,0.00101116082979751,10,"gaussian","all finite selected distances; unit area over full domain",21900,21900,11056,0,10844,200
"All tissues","SuSiE-slide","CSs without a shared biological lead SNP",-84.765625,0.00101175250577338,10,"gaussian","all finite selected distances; unit area over full domain",21900,21900,11056,0,10844,200
"All tissues","SuSiE-slide","CSs without a shared biological lead SNP",-84.375,0.00101227262293078,10,"gaussian","all finite selected distances; unit area over full domain",21900,21900,11056,0,10844,200
"All tissues","SuSiE-slide","CSs without a shared biological lead SNP",-83.984375,0.0010127319543934,10,"gaussian","all finite selected distances; unit area over full domain",21900,21900,11056,0,10844,200
"All tissues","SuSiE-slide","CSs without a shared biological lead SNP",-83.59375,0.00101313388833687,10,"gaussian","all finite selected distances; unit area over full domain",21900,21900,11056,0,10844,200
"All tissues","SuSiE-slide","CSs without a shared biological lead SNP",-83.203125,0.00101347596548109,10,"gaussian","all finite selected distances; unit area over full domain",21900,21900,11056,0,10844,200
"All tissues","SuSiE-slide","CSs without a shared biological lead SNP",-82.8125,0.00101376910501578,10,"gaussian","all finite selected distances; unit area over full domain",21900,21900,11056,0,10844,200
"All tissues","SuSiE-slide","CSs without a shared biological lead SNP",-82.421875,0.00101401763240821,10,"gaussian","all finite selected distances; unit area over full domain",21900,21900,11056,0,10844,200
"All tissues","SuSiE-slide","CSs without a shared biological lead SNP",-82.03125,0.00101422185979644,10,"gaussian","all finite selected distances; unit area over full domain",21900,21900,11056,0,10844,200
"All tissues","SuSiE-slide","CSs without a shared biological lead SNP",-81.640625,0.00101439210021779,10,"gaussian","all finite selected distances; unit area over full domain",21900,21900,11056,0,10844,200
"All tissues","SuSiE-slide","CSs without a shared biological lead SNP",-81.25,0.00101453335240523,10,"gaussian","all finite selected distances; unit area over full domain",21900,21900,11056,0,10844,200
"All tissues","SuSiE-slide","CSs without a shared biological lead SNP",-80.859375,0.00101464868974237,10,"gaussian","all finite selected distances; unit area over full domain",21900,21900,11056,0,10844,200
"All tissues","SuSiE-slide","CSs without a shared biological lead SNP",-80.46875,0.00101474708456731,10,"gaussian","all finite selected distances; unit area over full domain",21900,21900,11056,0,10844,200
"All tissues","SuSiE-slide","CSs without a shared biological lead SNP",-80.078125,0.00101483389648021,10,"gaussian","all finite selected distances; unit area over full domain",21900,21900,11056,0,10844,200
"All tissues","SuSiE-slide","CSs without a shared biological lead SNP",-79.6875,0.00101491475718069,10,"gaussian","all finite selected distances; unit area over full domain",21900,21900,11056,0,10844,200
"All tissues","SuSiE-slide","CSs without a shared biological lead SNP",-79.296875,0.00101499664455933,10,"gaussian","all finite selected distances; unit area over full domain",21900,21900,11056,0,10844,200
"All tissues","SuSiE-slide","CSs without a shared biological lead SNP",-78.90625,0.00101508495416602,10,"gaussian","all finite selected distances; unit area over full domain",21900,21900,11056,0,10844,200
"All tissues","SuSiE-slide","CSs without a shared biological lead SNP",-78.515625,0.00101518746542789,10,"gaussian","all finite selected distances; unit area over full domain",21900,21900,11056,0,10844,200
"All tissues","SuSiE-slide","CSs without a shared biological lead SNP",-78.125,0.00101530867824524,10,"gaussian","all finite selected distances; unit area over full domain",21900,21900,11056,0,10844,200
"All tissues","SuSiE-slide","CSs without a shared biological lead SNP",-77.734375,0.00101545371184776,10,"gaussian","all finite selected distances; unit area over full domain",21900,21900,11056,0,10844,200
"All tissues","SuSiE-slide","CSs without a shared biological lead SNP",-77.34375,0.00101563188058349,10,"gaussian","all finite selected distances; unit area over full domain",21900,21900,11056,0,10844,200
"All tissues","SuSiE-slide","CSs without a shared biological lead SNP",-76.953125,0.0010158449653366,10,"gaussian","all finite selected distances; unit area over full domain",21900,21900,11056,0,10844,200
"All tissues","SuSiE-slide","CSs without a shared biological lead SNP",-76.5625,0.00101609750138013,10,"gaussian","all finite selected distances; unit area over full domain",21900,21900,11056,0,10844,200
"All tissues","SuSiE-slide","CSs without a shared biological lead SNP",-76.171875,0.00101639964393704,10,"gaussian","all finite selected distances; unit area over full domain",21900,21900,11056,0,10844,200
"All tissues","SuSiE-slide","CSs without a shared biological lead SNP",-75.78125,0.00101675040902864,10,"gaussian","all finite selected distances; unit area over full domain",21900,21900,11056,0,10844,200
"All tissues","SuSiE-slide","CSs without a shared biological lead SNP",-75.390625,0.00101715349045998,10,"gaussian","all finite selected distances; unit area over full domain",21900,21900,11056,0,10844,200
"All tissues","SuSiE-slide","CSs without a shared biological lead SNP",-75,0.00101761917288832,10,"gaussian","all finite selected distances; unit area over full domain",21900,21900,11056,0,10844,200
"All tissues","SuSiE-slide","CSs without a shared biological lead SNP",-74.609375,0.00101814385569855,10,"gaussian","all finite selected distances; unit area over full domain",21900,21900,11056,0,10844,200
"All tissues","SuSiE-slide","CSs without a shared biological lead SNP",-74.21875,0.00101873020448141,10,"gaussian","all finite selected distances; unit area over full domain",21900,21900,11056,0,10844,200
"All tissues","SuSiE-slide","CSs without a shared biological lead SNP",-73.828125,0.00101938796713417,10,"gaussian","all finite selected distances; unit area over full domain",21900,21900,11056,0,10844,200
"All tissues","SuSiE-slide","CSs without a shared biological lead SNP",-73.4375,0.00102011125231007,10,"gaussian","all finite selected distances; unit area over full domain",21900,21900,11056,0,10844,200
"All tissues","SuSiE-slide","CSs without a shared biological lead SNP",-73.046875,0.00102090159585543,10,"gaussian","all finite selected distances; unit area over full domain",21900,21900,11056,0,10844,200
"All tissues","SuSiE-slide","CSs without a shared biological lead SNP",-72.65625,0.00102176764468349,10,"gaussian","all finite selected distances; unit area over full domain",21900,21900,11056,0,10844,200
"All tissues","SuSiE-slide","CSs without a shared biological lead SNP",-72.265625,0.00102270168940851,10,"gaussian","all finite selected distances; unit area over full domain",21900,21900,11056,0,10844,200
"All tissues","SuSiE-slide","CSs without a shared biological lead SNP",-71.875,0.00102370412730734,10,"gaussian","all finite selected distances; unit area over full domain",21900,21900,11056,0,10844,200
"All tissues","SuSiE-slide","CSs without a shared biological lead SNP",-71.484375,0.00102478208791113,10,"gaussian","all finite selected distances; unit area over full domain",21900,21900,11056,0,10844,200
"All tissues","SuSiE-slide","CSs without a shared biological lead SNP",-71.09375,0.00102592662087283,10,"gaussian","all finite selected distances; unit area over full domain",21900,21900,11056,0,10844,200
"All tissues","SuSiE-slide","CSs without a shared biological lead SNP",-70.703125,0.00102713706879847,10,"gaussian","all finite selected distances; unit area over full domain",21900,21900,11056,0,10844,200
"All tissues","SuSiE-slide","CSs without a shared biological lead SNP",-70.3125,0.00102841880644583,10,"gaussian","all finite selected distances; unit area over full domain",21900,21900,11056,0,10844,200
"All tissues","SuSiE-slide","CSs without a shared biological lead SNP",-69.921875,0.00102976227393841,10,"gaussian","all finite selected distances; unit area over full domain",21900,21900,11056,0,10844,200
"All tissues","SuSiE-slide","CSs without a shared biological lead SNP",-69.53125,0.00103116592847631,10,"gaussian","all finite selected distances; unit area over full domain",21900,21900,11056,0,10844,200
"All tissues","SuSiE-slide","CSs without a shared biological lead SNP",-69.140625,0.00103263334579579,10,"gaussian","all finite selected distances; unit area over full domain",21900,21900,11056,0,10844,200
"All tissues","SuSiE-slide","CSs without a shared biological lead SNP",-68.75,0.00103415498903131,10,"gaussian","all finite selected distances; unit area over full domain",21900,21900,11056,0,10844,200
"All tissues","SuSiE-slide","CSs without a shared biological lead SNP",-68.359375,0.00103572867054534,10,"gaussian","all finite selected distances; unit area over full domain",21900,21900,11056,0,10844,200
"All tissues","SuSiE-slide","CSs without a shared biological lead SNP",-67.96875,0.00103735631226748,10,"gaussian","all finite selected distances; unit area over full domain",21900,21900,11056,0,10844,200
"All tissues","SuSiE-slide","CSs without a shared biological lead SNP",-67.578125,0.0010390289820848,10,"gaussian","all finite selected distances; unit area over full domain",21900,21900,11056,0,10844,200
"All tissues","SuSiE-slide","CSs without a shared biological lead SNP",-67.1875,0.00104074413981278,10,"gaussian","all finite selected distances; unit area over full domain",21900,21900,11056,0,10844,200
"All tissues","SuSiE-slide","CSs without a shared biological lead SNP",-66.796875,0.00104250236760777,10,"gaussian","all finite selected distances; unit area over full domain",21900,21900,11056,0,10844,200
"All tissues","SuSiE-slide","CSs without a shared biological lead SNP",-66.40625,0.00104429582280008,10,"gaussian","all finite selected distances; unit area over full domain",21900,21900,11056,0,10844,200
"All tissues","SuSiE-slide","CSs without a shared biological lead SNP",-66.015625,0.00104612193318687,10,"gaussian","all finite selected distances; unit area over full domain",21900,21900,11056,0,10844,200
"All tissues","SuSiE-slide","CSs without a shared biological lead SNP",-65.625,0.00104798038876407,10,"gaussian","all finite selected distances; unit area over full domain",21900,21900,11056,0,10844,200
"All tissues","SuSiE-slide","CSs without a shared biological lead SNP",-65.234375,0.00104986478708661,10,"gaussian","all finite selected distances; unit area over full domain",21900,21900,11056,0,10844,200
"All tissues","SuSiE-slide","CSs without a shared biological lead SNP",-64.84375,0.0010517728472389,10,"gaussian","all finite selected distances; unit area over full domain",21900,21900,11056,0,10844,200
"All tissues","SuSiE-slide","CSs without a shared biological lead SNP",-64.453125,0.00105370390207091,10,"gaussian","all finite selected distances; unit area over full domain",21900,21900,11056,0,10844,200
"All tissues","SuSiE-slide","CSs without a shared biological lead SNP",-64.0625,0.00105565318164113,10,"gaussian","all finite selected distances; unit area over full domain",21900,21900,11056,0,10844,200
"All tissues","SuSiE-slide","CSs without a shared biological lead SNP",-63.671875,0.00105761899706367,10,"gaussian","all finite selected distances; unit area over full domain",21900,21900,11056,0,10844,200
"All tissues","SuSiE-slide","CSs without a shared biological lead SNP",-63.28125,0.00105960089393834,10,"gaussian","all finite selected distances; unit area over full domain",21900,21900,11056,0,10844,200
"All tissues","SuSiE-slide","CSs without a shared biological lead SNP",-62.890625,0.00106159575805842,10,"gaussian","all finite selected distances; unit area over full domain",21900,21900,11056,0,10844,200
"All tissues","SuSiE-slide","CSs without a shared biological lead SNP",-62.5,0.00106360274763243,10,"gaussian","all finite selected distances; unit area over full domain",21900,21900,11056,0,10844,200
"All tissues","SuSiE-slide","CSs without a shared biological lead SNP",-62.109375,0.00106562217202659,10,"gaussian","all finite selected distances; unit area over full domain",21900,21900,11056,0,10844,200
"All tissues","SuSiE-slide","CSs without a shared biological lead SNP",-61.71875,0.00106765243100921,10,"gaussian","all finite selected distances; unit area over full domain",21900,21900,11056,0,10844,200
"All tissues","SuSiE-slide","CSs without a shared biological lead SNP",-61.328125,0.00106969372031609,10,"gaussian","all finite selected distances; unit area over full domain",21900,21900,11056,0,10844,200
"All tissues","SuSiE-slide","CSs without a shared biological lead SNP",-60.9375,0.00107174759533076,10,"gaussian","all finite selected distances; unit area over full domain",21900,21900,11056,0,10844,200
"All tissues","SuSiE-slide","CSs without a shared biological lead SNP",-60.546875,0.00107381368098613,10,"gaussian","all finite selected distances; unit area over full domain",21900,21900,11056,0,10844,200
"All tissues","SuSiE-slide","CSs without a shared biological lead SNP",-60.15625,0.00107589332314094,10,"gaussian","all finite selected distances; unit area over full domain",21900,21900,11056,0,10844,200
"All tissues","SuSiE-slide","CSs without a shared biological lead SNP",-59.765625,0.00107798969529089,10,"gaussian","all finite selected distances; unit area over full domain",21900,21900,11056,0,10844,200
"All tissues","SuSiE-slide","CSs without a shared biological lead SNP",-59.375,0.00108010324156775,10,"gaussian","all finite selected distances; unit area over full domain",21900,21900,11056,0,10844,200
"All tissues","SuSiE-slide","CSs without a shared biological lead SNP",-58.984375,0.00108223648633809,10,"gaussian","all finite selected distances; unit area over full domain",21900,21900,11056,0,10844,200
"All tissues","SuSiE-slide","CSs without a shared biological lead SNP",-58.59375,0.00108439445391834,10,"gaussian","all finite selected distances; unit area over full domain",21900,21900,11056,0,10844,200
"All tissues","SuSiE-slide","CSs without a shared biological lead SNP",-58.203125,0.00108657792340222,10,"gaussian","all finite selected distances; unit area over full domain",21900,21900,11056,0,10844,200
"All tissues","SuSiE-slide","CSs without a shared biological lead SNP",-57.8125,0.00108879054275591,10,"gaussian","all finite selected distances; unit area over full domain",21900,21900,11056,0,10844,200
"All tissues","SuSiE-slide","CSs without a shared biological lead SNP",-57.421875,0.0010910392657062,10,"gaussian","all finite selected distances; unit area over full domain",21900,21900,11056,0,10844,200
"All tissues","SuSiE-slide","CSs without a shared biological lead SNP",-57.03125,0.00109332468794439,10,"gaussian","all finite selected distances; unit area over full domain",21900,21900,11056,0,10844,200
"All tissues","SuSiE-slide","CSs without a shared biological lead SNP",-56.640625,0.00109565145082016,10,"gaussian","all finite selected distances; unit area over full domain",21900,21900,11056,0,10844,200
"All tissues","SuSiE-slide","CSs without a shared biological lead SNP",-56.25,0.00109802836249177,10,"gaussian","all finite selected distances; unit area over full domain",21900,21900,11056,0,10844,200
"All tissues","SuSiE-slide","CSs without a shared biological lead SNP",-55.859375,0.00110045532802577,10,"gaussian","all finite selected distances; unit area over full domain",21900,21900,11056,0,10844,200
"All tissues","SuSiE-slide","CSs without a shared biological lead SNP",-55.46875,0.00110293779079044,10,"gaussian","all finite selected distances; unit area over full domain",21900,21900,11056,0,10844,200
"All tissues","SuSiE-slide","CSs without a shared biological lead SNP",-55.078125,0.00110548619984614,10,"gaussian","all finite selected distances; unit area over full domain",21900,21900,11056,0,10844,200
"All tissues","SuSiE-slide","CSs without a shared biological lead SNP",-54.6875,0.00110809931581827,10,"gaussian","all finite selected distances; unit area over full domain",21900,21900,11056,0,10844,200
"All tissues","SuSiE-slide","CSs without a shared biological lead SNP",-54.296875,0.00111078315043946,10,"gaussian","all finite selected distances; unit area over full domain",21900,21900,11056,0,10844,200
"All tissues","SuSiE-slide","CSs without a shared biological lead SNP",-53.90625,0.00111354946879969,10,"gaussian","all finite selected distances; unit area over full domain",21900,21900,11056,0,10844,200
"All tissues","SuSiE-slide","CSs without a shared biological lead SNP",-53.515625,0.00111639552221447,10,"gaussian","all finite selected distances; unit area over full domain",21900,21900,11056,0,10844,200
"All tissues","SuSiE-slide","CSs without a shared biological lead SNP",-53.125,0.00111932763650228,10,"gaussian","all finite selected distances; unit area over full domain",21900,21900,11056,0,10844,200
"All tissues","SuSiE-slide","CSs without a shared biological lead SNP",-52.734375,0.00112235849253096,10,"gaussian","all finite selected distances; unit area over full domain",21900,21900,11056,0,10844,200
"All tissues","SuSiE-slide","CSs without a shared biological lead SNP",-52.34375,0.00112548358227272,10,"gaussian","all finite selected distances; unit area over full domain",21900,21900,11056,0,10844,200
"All tissues","SuSiE-slide","CSs without a shared biological lead SNP",-51.953125,0.00112870929309532,10,"gaussian","all finite selected distances; unit area over full domain",21900,21900,11056,0,10844,200
"All tissues","SuSiE-slide","CSs without a shared biological lead SNP",-51.5625,0.00113204878658491,10,"gaussian","all finite selected distances; unit area over full domain",21900,21900,11056,0,10844,200
"All tissues","SuSiE-slide","CSs without a shared biological lead SNP",-51.171875,0.00113549567454043,10,"gaussian","all finite selected distances; unit area over full domain",21900,21900,11056,0,10844,200
"All tissues","SuSiE-slide","CSs without a shared biological lead SNP",-50.78125,0.00113905617607095,10,"gaussian","all finite selected distances; unit area over full domain",21900,21900,11056,0,10844,200
"All tissues","SuSiE-slide","CSs without a shared biological lead SNP",-50.390625,0.00114274350443916,10,"gaussian","all finite selected distances; unit area over full domain",21900,21900,11056,0,10844,200
"All tissues","SuSiE-slide","CSs without a shared biological lead SNP",-50,0.00114654940185099,10,"gaussian","all finite selected distances; unit area over full domain",21900,21900,11056,0,10844,200
"All tissues","SuSiE-slide","CSs without a shared biological lead SNP",-49.609375,0.00115047972985921,10,"gaussian","all finite selected distances; unit area over full domain",21900,21900,11056,0,10844,200
"All tissues","SuSiE-slide","CSs without a shared biological lead SNP",-49.21875,0.00115454736741199,10,"gaussian","all finite selected distances; unit area over full domain",21900,21900,11056,0,10844,200
"All tissues","SuSiE-slide","CSs without a shared biological lead SNP",-48.828125,0.0011587423197566,10,"gaussian","all finite selected distances; unit area over full domain",21900,21900,11056,0,10844,200
"All tissues","SuSiE-slide","CSs without a shared biological lead SNP",-48.4375,0.00116306995530131,10,"gaussian","all finite selected distances; unit area over full domain",21900,21900,11056,0,10844,200
"All tissues","SuSiE-slide","CSs without a shared biological lead SNP",-48.046875,0.00116754250568876,10,"gaussian","all finite selected distances; unit area over full domain",21900,21900,11056,0,10844,200
"All tissues","SuSiE-slide","CSs without a shared biological lead SNP",-47.65625,0.00117214847468763,10,"gaussian","all finite selected distances; unit area over full domain",21900,21900,11056,0,10844,200
"All tissues","SuSiE-slide","CSs without a shared biological lead SNP",-47.265625,0.00117689266350366,10,"gaussian","all finite selected distances; unit area over full domain",21900,21900,11056,0,10844,200
"All tissues","SuSiE-slide","CSs without a shared biological lead SNP",-46.875,0.00118178643713919,10,"gaussian","all finite selected distances; unit area over full domain",21900,21900,11056,0,10844,200
"All tissues","SuSiE-slide","CSs without a shared biological lead SNP",-46.484375,0.00118681710972265,10,"gaussian","all finite selected distances; unit area over full domain",21900,21900,11056,0,10844,200
"All tissues","SuSiE-slide","CSs without a shared biological lead SNP",-46.09375,0.00119198890501412,10,"gaussian","all finite selected distances; unit area over full domain",21900,21900,11056,0,10844,200
"All tissues","SuSiE-slide","CSs without a shared biological lead SNP",-45.703125,0.00119731220609988,10,"gaussian","all finite selected distances; unit area over full domain",21900,21900,11056,0,10844,200
"All tissues","SuSiE-slide","CSs without a shared biological lead SNP",-45.3125,0.00120277349499461,10,"gaussian","all finite selected distances; unit area over full domain",21900,21900,11056,0,10844,200
"All tissues","SuSiE-slide","CSs without a shared biological lead SNP",-44.921875,0.00120837646878902,10,"gaussian","all finite selected distances; unit area over full domain",21900,21900,11056,0,10844,200
"All tissues","SuSiE-slide","CSs without a shared biological lead SNP",-44.53125,0.00121413051786876,10,"gaussian","all finite selected distances; unit area over full domain",21900,21900,11056,0,10844,200
"All tissues","SuSiE-slide","CSs without a shared biological lead SNP",-44.140625,0.00122002166373512,10,"gaussian","all finite selected distances; unit area over full domain",21900,21900,11056,0,10844,200
"All tissues","SuSiE-slide","CSs without a shared biological lead SNP",-43.75,0.00122605318169756,10,"gaussian","all finite selected distances; unit area over full domain",21900,21900,11056,0,10844,200
"All tissues","SuSiE-slide","CSs without a shared biological lead SNP",-43.359375,0.00123223355496857,10,"gaussian","all finite selected distances; unit area over full domain",21900,21900,11056,0,10844,200
"All tissues","SuSiE-slide","CSs without a shared biological lead SNP",-42.96875,0.00123854870065877,10,"gaussian","all finite selected distances; unit area over full domain",21900,21900,11056,0,10844,200
"All tissues","SuSiE-slide","CSs without a shared biological lead SNP",-42.578125,0.00124500162159466,10,"gaussian","all finite selected distances; unit area over full domain",21900,21900,11056,0,10844,200
"All tissues","SuSiE-slide","CSs without a shared biological lead SNP",-42.1875,0.00125160006100575,10,"gaussian","all finite selected distances; unit area over full domain",21900,21900,11056,0,10844,200
"All tissues","SuSiE-slide","CSs without a shared biological lead SNP",-41.796875,0.00125833014722407,10,"gaussian","all finite selected distances; unit area over full domain",21900,21900,11056,0,10844,200
"All tissues","SuSiE-slide","CSs without a shared biological lead SNP",-41.40625,0.00126519479327731,10,"gaussian","all finite selected distances; unit area over full domain",21900,21900,11056,0,10844,200
"All tissues","SuSiE-slide","CSs without a shared biological lead SNP",-41.015625,0.00127220123269536,10,"gaussian","all finite selected distances; unit area over full domain",21900,21900,11056,0,10844,200
"All tissues","SuSiE-slide","CSs without a shared biological lead SNP",-40.625,0.00127933606129434,10,"gaussian","all finite selected distances; unit area over full domain",21900,21900,11056,0,10844,200
"All tissues","SuSiE-slide","CSs without a shared biological lead SNP",-40.234375,0.00128660230744536,10,"gaussian","all finite selected distances; unit area over full domain",21900,21900,11056,0,10844,200
"All tissues","SuSiE-slide","CSs without a shared biological lead SNP",-39.84375,0.00129400696843086,10,"gaussian","all finite selected distances; unit area over full domain",21900,21900,11056,0,10844,200
"All tissues","SuSiE-slide","CSs without a shared biological lead SNP",-39.453125,0.00130153729260551,10,"gaussian","all finite selected distances; unit area over full domain",21900,21900,11056,0,10844,200
"All tissues","SuSiE-slide","CSs without a shared biological lead SNP",-39.0625,0.00130919664163154,10,"gaussian","all finite selected distances; unit area over full domain",21900,21900,11056,0,10844,200
"All tissues","SuSiE-slide","CSs without a shared biological lead SNP",-38.671875,0.00131699207411375,10,"gaussian","all finite selected distances; unit area over full domain",21900,21900,11056,0,10844,200
"All tissues","SuSiE-slide","CSs without a shared biological lead SNP",-38.28125,0.00132491159981531,10,"gaussian","all finite selected distances; unit area over full domain",21900,21900,11056,0,10844,200
"All tissues","SuSiE-slide","CSs without a shared biological lead SNP",-37.890625,0.00133295913686406,10,"gaussian","all finite selected distances; unit area over full domain",21900,21900,11056,0,10844,200
"All tissues","SuSiE-slide","CSs without a shared biological lead SNP",-37.5,0.0013411421103158,10,"gaussian","all finite selected distances; unit area over full domain",21900,21900,11056,0,10844,200
"All tissues","SuSiE-slide","CSs without a shared biological lead SNP",-37.109375,0.00134944932507528,10,"gaussian","all finite selected distances; unit area over full domain",21900,21900,11056,0,10844,200
"All tissues","SuSiE-slide","CSs without a shared biological lead SNP",-36.71875,0.00135788547896699,10,"gaussian","all finite selected distances; unit area over full domain",21900,21900,11056,0,10844,200
"All tissues","SuSiE-slide","CSs without a shared biological lead SNP",-36.328125,0.0013664586629768,10,"gaussian","all finite selected distances; unit area over full domain",21900,21900,11056,0,10844,200
"All tissues","SuSiE-slide","CSs without a shared biological lead SNP",-35.9375,0.00137515844140475,10,"gaussian","all finite selected distances; unit area over full domain",21900,21900,11056,0,10844,200
"All tissues","SuSiE-slide","CSs without a shared biological lead SNP",-35.546875,0.00138399051215134,10,"gaussian","all finite selected distances; unit area over full domain",21900,21900,11056,0,10844,200
"All tissues","SuSiE-slide","CSs without a shared biological lead SNP",-35.15625,0.00139296391617257,10,"gaussian","all finite selected distances; unit area over full domain",21900,21900,11056,0,10844,200
"All tissues","SuSiE-slide","CSs without a shared biological lead SNP",-34.765625,0.00140206888048778,10,"gaussian","all finite selected distances; unit area over full domain",21900,21900,11056,0,10844,200
"All tissues","SuSiE-slide","CSs without a shared biological lead SNP",-34.375,0.00141131231937164,10,"gaussian","all finite selected distances; unit area over full domain",21900,21900,11056,0,10844,200
"All tissues","SuSiE-slide","CSs without a shared biological lead SNP",-33.984375,0.00142070448534498,10,"gaussian","all finite selected distances; unit area over full domain",21900,21900,11056,0,10844,200
"All tissues","SuSiE-slide","CSs without a shared biological lead SNP",-33.59375,0.00143023612022394,10,"gaussian","all finite selected distances; unit area over full domain",21900,21900,11056,0,10844,200
"All tissues","SuSiE-slide","CSs without a shared biological lead SNP",-33.203125,0.00143991556639055,10,"gaussian","all finite selected distances; unit area over full domain",21900,21900,11056,0,10844,200
"All tissues","SuSiE-slide","CSs without a shared biological lead SNP",-32.8125,0.00144975452168764,10,"gaussian","all finite selected distances; unit area over full domain",21900,21900,11056,0,10844,200
"All tissues","SuSiE-slide","CSs without a shared biological lead SNP",-32.421875,0.00145974405280551,10,"gaussian","all finite selected distances; unit area over full domain",21900,21900,11056,0,10844,200
"All tissues","SuSiE-slide","CSs without a shared biological lead SNP",-32.03125,0.00146989413649825,10,"gaussian","all finite selected distances; unit area over full domain",21900,21900,11056,0,10844,200
"All tissues","SuSiE-slide","CSs without a shared biological lead SNP",-31.640625,0.00148021811658865,10,"gaussian","all finite selected distances; unit area over full domain",21900,21900,11056,0,10844,200
"All tissues","SuSiE-slide","CSs without a shared biological lead SNP",-31.25,0.00149070716032266,10,"gaussian","all finite selected distances; unit area over full domain",21900,21900,11056,0,10844,200
"All tissues","SuSiE-slide","CSs without a shared biological lead SNP",-30.859375,0.00150137307702149,10,"gaussian","all finite selected distances; unit area over full domain",21900,21900,11056,0,10844,200
"All tissues","SuSiE-slide","CSs without a shared biological lead SNP",-30.46875,0.00151223101735192,10,"gaussian","all finite selected distances; unit area over full domain",21900,21900,11056,0,10844,200
"All tissues","SuSiE-slide","CSs without a shared biological lead SNP",-30.078125,0.00152327199562697,10,"gaussian","all finite selected distances; unit area over full domain",21900,21900,11056,0,10844,200
"All tissues","SuSiE-slide","CSs without a shared biological lead SNP",-29.6875,0.00153450983829131,10,"gaussian","all finite selected distances; unit area over full domain",21900,21900,11056,0,10844,200
"All tissues","SuSiE-slide","CSs without a shared biological lead SNP",-29.296875,0.0015459616143735,10,"gaussian","all finite selected distances; unit area over full domain",21900,21900,11056,0,10844,200
"All tissues","SuSiE-slide","CSs without a shared biological lead SNP",-28.90625,0.00155761790521945,10,"gaussian","all finite selected distances; unit area over full domain",21900,21900,11056,0,10844,200
"All tissues","SuSiE-slide","CSs without a shared biological lead SNP",-28.515625,0.00156949471562265,10,"gaussian","all finite selected distances; unit area over full domain",21900,21900,11056,0,10844,200
"All tissues","SuSiE-slide","CSs without a shared biological lead SNP",-28.125,0.00158161108165066,10,"gaussian","all finite selected distances; unit area over full domain",21900,21900,11056,0,10844,200
"All tissues","SuSiE-slide","CSs without a shared biological lead SNP",-27.734375,0.00159395684540769,10,"gaussian","all finite selected distances; unit area over full domain",21900,21900,11056,0,10844,200
"All tissues","SuSiE-slide","CSs without a shared biological lead SNP",-27.34375,0.00160655031318704,10,"gaussian","all finite selected distances; unit area over full domain",21900,21900,11056,0,10844,200
"All tissues","SuSiE-slide","CSs without a shared biological lead SNP",-26.953125,0.00161941245592925,10,"gaussian","all finite selected distances; unit area over full domain",21900,21900,11056,0,10844,200
"All tissues","SuSiE-slide","CSs without a shared biological lead SNP",-26.5625,0.00163253204272408,10,"gaussian","all finite selected distances; unit area over full domain",21900,21900,11056,0,10844,200
"All tissues","SuSiE-slide","CSs without a shared biological lead SNP",-26.171875,0.00164592974606946,10,"gaussian","all finite selected distances; unit area over full domain",21900,21900,11056,0,10844,200
"All tissues","SuSiE-slide","CSs without a shared biological lead SNP",-25.78125,0.00165962833638437,10,"gaussian","all finite selected distances; unit area over full domain",21900,21900,11056,0,10844,200
"All tissues","SuSiE-slide","CSs without a shared biological lead SNP",-25.390625,0.0016736151468394,10,"gaussian","all finite selected distances; unit area over full domain",21900,21900,11056,0,10844,200
"All tissues","SuSiE-slide","CSs without a shared biological lead SNP",-25,0.00168791319632433,10,"gaussian","all finite selected distances; unit area over full domain",21900,21900,11056,0,10844,200
"All tissues","SuSiE-slide","CSs without a shared biological lead SNP",-24.609375,0.00170254679033068,10,"gaussian","all finite selected distances; unit area over full domain",21900,21900,11056,0,10844,200
"All tissues","SuSiE-slide","CSs without a shared biological lead SNP",-24.21875,0.00171750143363718,10,"gaussian","all finite selected distances; unit area over full domain",21900,21900,11056,0,10844,200
"All tissues","SuSiE-slide","CSs without a shared biological lead SNP",-23.828125,0.00173280235604441,10,"gaussian","all finite selected distances; unit area over full domain",21900,21900,11056,0,10844,200
"All tissues","SuSiE-slide","CSs without a shared biological lead SNP",-23.4375,0.00174847497752046,10,"gaussian","all finite selected distances; unit area over full domain",21900,21900,11056,0,10844,200
"All tissues","SuSiE-slide","CSs without a shared biological lead SNP",-23.046875,0.00176450255507176,10,"gaussian","all finite selected distances; unit area over full domain",21900,21900,11056,0,10844,200
"All tissues","SuSiE-slide","CSs without a shared biological lead SNP",-22.65625,0.00178091224354572,10,"gaussian","all finite selected distances; unit area over full domain",21900,21900,11056,0,10844,200
"All tissues","SuSiE-slide","CSs without a shared biological lead SNP",-22.265625,0.00179772997514957,10,"gaussian","all finite selected distances; unit area over full domain",21900,21900,11056,0,10844,200
"All tissues","SuSiE-slide","CSs without a shared biological lead SNP",-21.875,0.00181493632070813,10,"gaussian","all finite selected distances; unit area over full domain",21900,21900,11056,0,10844,200
"All tissues","SuSiE-slide","CSs without a shared biological lead SNP",-21.484375,0.00183255988817659,10,"gaussian","all finite selected distances; unit area over full domain",21900,21900,11056,0,10844,200
"All tissues","SuSiE-slide","CSs without a shared biological lead SNP",-21.09375,0.00185062631864146,10,"gaussian","all finite selected distances; unit area over full domain",21900,21900,11056,0,10844,200
"All tissues","SuSiE-slide","CSs without a shared biological lead SNP",-20.703125,0.00186911305456962,10,"gaussian","all finite selected distances; unit area over full domain",21900,21900,11056,0,10844,200
"All tissues","SuSiE-slide","CSs without a shared biological lead SNP",-20.3125,0.00188804946609137,10,"gaussian","all finite selected distances; unit area over full domain",21900,21900,11056,0,10844,200
"All tissues","SuSiE-slide","CSs without a shared biological lead SNP",-19.921875,0.00190745989035227,10,"gaussian","all finite selected distances; unit area over full domain",21900,21900,11056,0,10844,200
"All tissues","SuSiE-slide","CSs without a shared biological lead SNP",-19.53125,0.00192731822008786,10,"gaussian","all finite selected distances; unit area over full domain",21900,21900,11056,0,10844,200
"All tissues","SuSiE-slide","CSs without a shared biological lead SNP",-19.140625,0.00194765365237565,10,"gaussian","all finite selected distances; unit area over full domain",21900,21900,11056,0,10844,200
"All tissues","SuSiE-slide","CSs without a shared biological lead SNP",-18.75,0.00196848800661026,10,"gaussian","all finite selected distances; unit area over full domain",21900,21900,11056,0,10844,200
"All tissues","SuSiE-slide","CSs without a shared biological lead SNP",-18.359375,0.0019897912603928,10,"gaussian","all finite selected distances; unit area over full domain",21900,21900,11056,0,10844,200
"All tissues","SuSiE-slide","CSs without a shared biological lead SNP",-17.96875,0.00201159124618085,10,"gaussian","all finite selected distances; unit area over full domain",21900,21900,11056,0,10844,200
"All tissues","SuSiE-slide","CSs without a shared biological lead SNP",-17.578125,0.00203390588153272,10,"gaussian","all finite selected distances; unit area over full domain",21900,21900,11056,0,10844,200
"All tissues","SuSiE-slide","CSs without a shared biological lead SNP",-17.1875,0.00205670096542765,10,"gaussian","all finite selected distances; unit area over full domain",21900,21900,11056,0,10844,200
"All tissues","SuSiE-slide","CSs without a shared biological lead SNP",-16.796875,0.00208000152488515,10,"gaussian","all finite selected distances; unit area over full domain",21900,21900,11056,0,10844,200
"All tissues","SuSiE-slide","CSs without a shared biological lead SNP",-16.40625,0.00210382007845691,10,"gaussian","all finite selected distances; unit area over full domain",21900,21900,11056,0,10844,200
"All tissues","SuSiE-slide","CSs without a shared biological lead SNP",-16.015625,0.0021281181402399,10,"gaussian","all finite selected distances; unit area over full domain",21900,21900,11056,0,10844,200
"All tissues","SuSiE-slide","CSs without a shared biological lead SNP",-15.625,0.0021529162732626,10,"gaussian","all finite selected distances; unit area over full domain",21900,21900,11056,0,10844,200
"All tissues","SuSiE-slide","CSs without a shared biological lead SNP",-15.234375,0.00217822007239029,10,"gaussian","all finite selected distances; unit area over full domain",21900,21900,11056,0,10844,200
"All tissues","SuSiE-slide","CSs without a shared biological lead SNP",-14.84375,0.00220398687909571,10,"gaussian","all finite selected distances; unit area over full domain",21900,21900,11056,0,10844,200
"All tissues","SuSiE-slide","CSs without a shared biological lead SNP",-14.453125,0.00223023097579932,10,"gaussian","all finite selected distances; unit area over full domain",21900,21900,11056,0,10844,200
"All tissues","SuSiE-slide","CSs without a shared biological lead SNP",-14.0625,0.0022569495939578,10,"gaussian","all finite selected distances; unit area over full domain",21900,21900,11056,0,10844,200
"All tissues","SuSiE-slide","CSs without a shared biological lead SNP",-13.671875,0.002284096294949,10,"gaussian","all finite selected distances; unit area over full domain",21900,21900,11056,0,10844,200
"All tissues","SuSiE-slide","CSs without a shared biological lead SNP",-13.28125,0.00231167719486514,10,"gaussian","all finite selected distances; unit area over full domain",21900,21900,11056,0,10844,200
"All tissues","SuSiE-slide","CSs without a shared biological lead SNP",-12.890625,0.00233967994064494,10,"gaussian","all finite selected distances; unit area over full domain",21900,21900,11056,0,10844,200
"All tissues","SuSiE-slide","CSs without a shared biological lead SNP",-12.5,0.0023680550411231,10,"gaussian","all finite selected distances; unit area over full domain",21900,21900,11056,0,10844,200
"All tissues","SuSiE-slide","CSs without a shared biological lead SNP",-12.109375,0.00239679860716294,10,"gaussian","all finite selected distances; unit area over full domain",21900,21900,11056,0,10844,200
"All tissues","SuSiE-slide","CSs without a shared biological lead SNP",-11.71875,0.0024258878433361,10,"gaussian","all finite selected distances; unit area over full domain",21900,21900,11056,0,10844,200
"All tissues","SuSiE-slide","CSs without a shared biological lead SNP",-11.328125,0.00245527130744819,10,"gaussian","all finite selected distances; unit area over full domain",21900,21900,11056,0,10844,200
"All tissues","SuSiE-slide","CSs without a shared biological lead SNP",-10.9375,0.002484933449635,10,"gaussian","all finite selected distances; unit area over full domain",21900,21900,11056,0,10844,200
"All tissues","SuSiE-slide","CSs without a shared biological lead SNP",-10.546875,0.00251484067889524,10,"gaussian","all finite selected distances; unit area over full domain",21900,21900,11056,0,10844,200
"All tissues","SuSiE-slide","CSs without a shared biological lead SNP",-10.15625,0.00254494109147413,10,"gaussian","all finite selected distances; unit area over full domain",21900,21900,11056,0,10844,200
"All tissues","SuSiE-slide","CSs without a shared biological lead SNP",-9.765625,0.00257520615167097,10,"gaussian","all finite selected distances; unit area over full domain",21900,21900,11056,0,10844,200
"All tissues","SuSiE-slide","CSs without a shared biological lead SNP",-9.375,0.00260559174539652,10,"gaussian","all finite selected distances; unit area over full domain",21900,21900,11056,0,10844,200
"All tissues","SuSiE-slide","CSs without a shared biological lead SNP",-8.984375,0.00263604736567997,10,"gaussian","all finite selected distances; unit area over full domain",21900,21900,11056,0,10844,200
"All tissues","SuSiE-slide","CSs without a shared biological lead SNP",-8.59375,0.00266653064011994,10,"gaussian","all finite selected distances; unit area over full domain",21900,21900,11056,0,10844,200
"All tissues","SuSiE-slide","CSs without a shared biological lead SNP",-8.203125,0.00269698791253997,10,"gaussian","all finite selected distances; unit area over full domain",21900,21900,11056,0,10844,200
"All tissues","SuSiE-slide","CSs without a shared biological lead SNP",-7.8125,0.00272737224219879,10,"gaussian","all finite selected distances; unit area over full domain",21900,21900,11056,0,10844,200
"All tissues","SuSiE-slide","CSs without a shared biological lead SNP",-7.421875,0.00275762716859131,10,"gaussian","all finite selected distances; unit area over full domain",21900,21900,11056,0,10844,200
"All tissues","SuSiE-slide","CSs without a shared biological lead SNP",-7.03125,0.00278769121139753,10,"gaussian","all finite selected distances; unit area over full domain",21900,21900,11056,0,10844,200
"All tissues","SuSiE-slide","CSs without a shared biological lead SNP",-6.640625,0.00281752337844137,10,"gaussian","all finite selected distances; unit area over full domain",21900,21900,11056,0,10844,200
"All tissues","SuSiE-slide","CSs without a shared biological lead SNP",-6.25,0.00284705356011515,10,"gaussian","all finite selected distances; unit area over full domain",21900,21900,11056,0,10844,200
"All tissues","SuSiE-slide","CSs without a shared biological lead SNP",-5.859375,0.00287621486910007,10,"gaussian","all finite selected distances; unit area over full domain",21900,21900,11056,0,10844,200
"All tissues","SuSiE-slide","CSs without a shared biological lead SNP",-5.46875,0.00290497472150881,10,"gaussian","all finite selected distances; unit area over full domain",21900,21900,11056,0,10844,200
"All tissues","SuSiE-slide","CSs without a shared biological lead SNP",-5.078125,0.00293325053107179,10,"gaussian","all finite selected distances; unit area over full domain",21900,21900,11056,0,10844,200
"All tissues","SuSiE-slide","CSs without a shared biological lead SNP",-4.6875,0.00296097301092884,10,"gaussian","all finite selected distances; unit area over full domain",21900,21900,11056,0,10844,200
"All tissues","SuSiE-slide","CSs without a shared biological lead SNP",-4.296875,0.00298812035821768,10,"gaussian","all finite selected distances; unit area over full domain",21900,21900,11056,0,10844,200
"All tissues","SuSiE-slide","CSs without a shared biological lead SNP",-3.90625,0.00301459940147257,10,"gaussian","all finite selected distances; unit area over full domain",21900,21900,11056,0,10844,200
"All tissues","SuSiE-slide","CSs without a shared biological lead SNP",-3.515625,0.00304034187547187,10,"gaussian","all finite selected distances; unit area over full domain",21900,21900,11056,0,10844,200
"All tissues","SuSiE-slide","CSs without a shared biological lead SNP",-3.125,0.0030653388641688,10,"gaussian","all finite selected distances; unit area over full domain",21900,21900,11056,0,10844,200
"All tissues","SuSiE-slide","CSs without a shared biological lead SNP",-2.734375,0.00308948914578297,10,"gaussian","all finite selected distances; unit area over full domain",21900,21900,11056,0,10844,200
"All tissues","SuSiE-slide","CSs without a shared biological lead SNP",-2.34375,0.00311272907969374,10,"gaussian","all finite selected distances; unit area over full domain",21900,21900,11056,0,10844,200
"All tissues","SuSiE-slide","CSs without a shared biological lead SNP",-1.953125,0.00313506429691744,10,"gaussian","all finite selected distances; unit area over full domain",21900,21900,11056,0,10844,200
"All tissues","SuSiE-slide","CSs without a shared biological lead SNP",-1.5625,0.00315638856990592,10,"gaussian","all finite selected distances; unit area over full domain",21900,21900,11056,0,10844,200
"All tissues","SuSiE-slide","CSs without a shared biological lead SNP",-1.171875,0.00317664640049473,10,"gaussian","all finite selected distances; unit area over full domain",21900,21900,11056,0,10844,200
"All tissues","SuSiE-slide","CSs without a shared biological lead SNP",-0.78125,0.00319585902291414,10,"gaussian","all finite selected distances; unit area over full domain",21900,21900,11056,0,10844,200
"All tissues","SuSiE-slide","CSs without a shared biological lead SNP",-0.390625,0.00321391857609951,10,"gaussian","all finite selected distances; unit area over full domain",21900,21900,11056,0,10844,200
"All tissues","SuSiE-slide","CSs without a shared biological lead SNP",0,0.00323078086152273,10,"gaussian","all finite selected distances; unit area over full domain",21900,21900,11056,0,10844,200
"All tissues","SuSiE-slide","CSs without a shared biological lead SNP",0.390625,0.00324648304821954,10,"gaussian","all finite selected distances; unit area over full domain",21900,21900,11056,0,10844,200
"All tissues","SuSiE-slide","CSs without a shared biological lead SNP",0.78125,0.00326091912728907,10,"gaussian","all finite selected distances; unit area over full domain",21900,21900,11056,0,10844,200
"All tissues","SuSiE-slide","CSs without a shared biological lead SNP",1.171875,0.00327405874101869,10,"gaussian","all finite selected distances; unit area over full domain",21900,21900,11056,0,10844,200
"All tissues","SuSiE-slide","CSs without a shared biological lead SNP",1.5625,0.00328595453286282,10,"gaussian","all finite selected distances; unit area over full domain",21900,21900,11056,0,10844,200
"All tissues","SuSiE-slide","CSs without a shared biological lead SNP",1.953125,0.00329650571865769,10,"gaussian","all finite selected distances; unit area over full domain",21900,21900,11056,0,10844,200
"All tissues","SuSiE-slide","CSs without a shared biological lead SNP",2.34375,0.00330569749937123,10,"gaussian","all finite selected distances; unit area over full domain",21900,21900,11056,0,10844,200
"All tissues","SuSiE-slide","CSs without a shared biological lead SNP",2.734375,0.00331359673582582,10,"gaussian","all finite selected distances; unit area over full domain",21900,21900,11056,0,10844,200
"All tissues","SuSiE-slide","CSs without a shared biological lead SNP",3.125,0.00332011091102945,10,"gaussian","all finite selected distances; unit area over full domain",21900,21900,11056,0,10844,200
"All tissues","SuSiE-slide","CSs without a shared biological lead SNP",3.515625,0.0033252415427282,10,"gaussian","all finite selected distances; unit area over full domain",21900,21900,11056,0,10844,200
"All tissues","SuSiE-slide","CSs without a shared biological lead SNP",3.90625,0.00332906771636976,10,"gaussian","all finite selected distances; unit area over full domain",21900,21900,11056,0,10844,200
"All tissues","SuSiE-slide","CSs without a shared biological lead SNP",4.296875,0.00333150770765272,10,"gaussian","all finite selected distances; unit area over full domain",21900,21900,11056,0,10844,200
"All tissues","SuSiE-slide","CSs without a shared biological lead SNP",4.6875,0.00333257909862078,10,"gaussian","all finite selected distances; unit area over full domain",21900,21900,11056,0,10844,200
"All tissues","SuSiE-slide","CSs without a shared biological lead SNP",5.078125,0.00333237059311359,10,"gaussian","all finite selected distances; unit area over full domain",21900,21900,11056,0,10844,200
"All tissues","SuSiE-slide","CSs without a shared biological lead SNP",5.46875,0.00333081312875615,10,"gaussian","all finite selected distances; unit area over full domain",21900,21900,11056,0,10844,200
"All tissues","SuSiE-slide","CSs without a shared biological lead SNP",5.859375,0.00332793912838273,10,"gaussian","all finite selected distances; unit area over full domain",21900,21900,11056,0,10844,200
"All tissues","SuSiE-slide","CSs without a shared biological lead SNP",6.25,0.00332384386659649,10,"gaussian","all finite selected distances; unit area over full domain",21900,21900,11056,0,10844,200
"All tissues","SuSiE-slide","CSs without a shared biological lead SNP",6.640625,0.00331847207544897,10,"gaussian","all finite selected distances; unit area over full domain",21900,21900,11056,0,10844,200
"All tissues","SuSiE-slide","CSs without a shared biological lead SNP",7.03125,0.00331186894806379,10,"gaussian","all finite selected distances; unit area over full domain",21900,21900,11056,0,10844,200
"All tissues","SuSiE-slide","CSs without a shared biological lead SNP",7.421875,0.00330413304594362,10,"gaussian","all finite selected distances; unit area over full domain",21900,21900,11056,0,10844,200
"All tissues","SuSiE-slide","CSs without a shared biological lead SNP",7.8125,0.00329522327441877,10,"gaussian","all finite selected distances; unit area over full domain",21900,21900,11056,0,10844,200
"All tissues","SuSiE-slide","CSs without a shared biological lead SNP",8.203125,0.00328519487242267,10,"gaussian","all finite selected distances; unit area over full domain",21900,21900,11056,0,10844,200
"All tissues","SuSiE-slide","CSs without a shared biological lead SNP",8.59375,0.00327414638631192,10,"gaussian","all finite selected distances; unit area over full domain",21900,21900,11056,0,10844,200
"All tissues","SuSiE-slide","CSs without a shared biological lead SNP",8.984375,0.00326205056402542,10,"gaussian","all finite selected distances; unit area over full domain",21900,21900,11056,0,10844,200
"All tissues","SuSiE-slide","CSs without a shared biological lead SNP",9.375,0.00324896955105309,10,"gaussian","all finite selected distances; unit area over full domain",21900,21900,11056,0,10844,200
"All tissues","SuSiE-slide","CSs without a shared biological lead SNP",9.765625,0.00323499876838157,10,"gaussian","all finite selected distances; unit area over full domain",21900,21900,11056,0,10844,200
"All tissues","SuSiE-slide","CSs without a shared biological lead SNP",10.15625,0.00322012386261663,10,"gaussian","all finite selected distances; unit area over full domain",21900,21900,11056,0,10844,200
"All tissues","SuSiE-slide","CSs without a shared biological lead SNP",10.546875,0.00320441059032497,10,"gaussian","all finite selected distances; unit area over full domain",21900,21900,11056,0,10844,200
"All tissues","SuSiE-slide","CSs without a shared biological lead SNP",10.9375,0.0031879485115273,10,"gaussian","all finite selected distances; unit area over full domain",21900,21900,11056,0,10844,200
"All tissues","SuSiE-slide","CSs without a shared biological lead SNP",11.328125,0.00317073474886462,10,"gaussian","all finite selected distances; unit area over full domain",21900,21900,11056,0,10844,200
"All tissues","SuSiE-slide","CSs without a shared biological lead SNP",11.71875,0.00315283546890154,10,"gaussian","all finite selected distances; unit area over full domain",21900,21900,11056,0,10844,200
"All tissues","SuSiE-slide","CSs without a shared biological lead SNP",12.109375,0.00313433215019703,10,"gaussian","all finite selected distances; unit area over full domain",21900,21900,11056,0,10844,200
"All tissues","SuSiE-slide","CSs without a shared biological lead SNP",12.5,0.00311523164639701,10,"gaussian","all finite selected distances; unit area over full domain",21900,21900,11056,0,10844,200
"All tissues","SuSiE-slide","CSs without a shared biological lead SNP",12.890625,0.00309559764586753,10,"gaussian","all finite selected distances; unit area over full domain",21900,21900,11056,0,10844,200
"All tissues","SuSiE-slide","CSs without a shared biological lead SNP",13.28125,0.00307550192886312,10,"gaussian","all finite selected distances; unit area over full domain",21900,21900,11056,0,10844,200
"All tissues","SuSiE-slide","CSs without a shared biological lead SNP",13.671875,0.00305495917341083,10,"gaussian","all finite selected distances; unit area over full domain",21900,21900,11056,0,10844,200
"All tissues","SuSiE-slide","CSs without a shared biological lead SNP",14.0625,0.00303402818228062,10,"gaussian","all finite selected distances; unit area over full domain",21900,21900,11056,0,10844,200
"All tissues","SuSiE-slide","CSs without a shared biological lead SNP",14.453125,0.00301277005753861,10,"gaussian","all finite selected distances; unit area over full domain",21900,21900,11056,0,10844,200
"All tissues","SuSiE-slide","CSs without a shared biological lead SNP",14.84375,0.00299120538302658,10,"gaussian","all finite selected distances; unit area over full domain",21900,21900,11056,0,10844,200
"All tissues","SuSiE-slide","CSs without a shared biological lead SNP",15.234375,0.0029693862557947,10,"gaussian","all finite selected distances; unit area over full domain",21900,21900,11056,0,10844,200
"All tissues","SuSiE-slide","CSs without a shared biological lead SNP",15.625,0.00294736273761278,10,"gaussian","all finite selected distances; unit area over full domain",21900,21900,11056,0,10844,200
"All tissues","SuSiE-slide","CSs without a shared biological lead SNP",16.015625,0.00292515951366247,10,"gaussian","all finite selected distances; unit area over full domain",21900,21900,11056,0,10844,200
"All tissues","SuSiE-slide","CSs without a shared biological lead SNP",16.40625,0.00290282078466564,10,"gaussian","all finite selected distances; unit area over full domain",21900,21900,11056,0,10844,200
"All tissues","SuSiE-slide","CSs without a shared biological lead SNP",16.796875,0.0028803857640005,10,"gaussian","all finite selected distances; unit area over full domain",21900,21900,11056,0,10844,200
"All tissues","SuSiE-slide","CSs without a shared biological lead SNP",17.1875,0.00285788164202696,10,"gaussian","all finite selected distances; unit area over full domain",21900,21900,11056,0,10844,200
"All tissues","SuSiE-slide","CSs without a shared biological lead SNP",17.578125,0.00283534414474051,10,"gaussian","all finite selected distances; unit area over full domain",21900,21900,11056,0,10844,200
"All tissues","SuSiE-slide","CSs without a shared biological lead SNP",17.96875,0.00281280228625982,10,"gaussian","all finite selected distances; unit area over full domain",21900,21900,11056,0,10844,200
"All tissues","SuSiE-slide","CSs without a shared biological lead SNP",18.359375,0.00279028443312652,10,"gaussian","all finite selected distances; unit area over full domain",21900,21900,11056,0,10844,200
"All tissues","SuSiE-slide","CSs without a shared biological lead SNP",18.75,0.00276781780420396,10,"gaussian","all finite selected distances; unit area over full domain",21900,21900,11056,0,10844,200
"All tissues","SuSiE-slide","CSs without a shared biological lead SNP",19.140625,0.00274542220432368,10,"gaussian","all finite selected distances; unit area over full domain",21900,21900,11056,0,10844,200
"All tissues","SuSiE-slide","CSs without a shared biological lead SNP",19.53125,0.00272312613866292,10,"gaussian","all finite selected distances; unit area over full domain",21900,21900,11056,0,10844,200
"All tissues","SuSiE-slide","CSs without a shared biological lead SNP",19.921875,0.00270094873185585,10,"gaussian","all finite selected distances; unit area over full domain",21900,21900,11056,0,10844,200
"All tissues","SuSiE-slide","CSs without a shared biological lead SNP",20.3125,0.00267890178775794,10,"gaussian","all finite selected distances; unit area over full domain",21900,21900,11056,0,10844,200
"All tissues","SuSiE-slide","CSs without a shared biological lead SNP",20.703125,0.00265701319816723,10,"gaussian","all finite selected distances; unit area over full domain",21900,21900,11056,0,10844,200
"All tissues","SuSiE-slide","CSs without a shared biological lead SNP",21.09375,0.00263529473247716,10,"gaussian","all finite selected distances; unit area over full domain",21900,21900,11056,0,10844,200
"All tissues","SuSiE-slide","CSs without a shared biological lead SNP",21.484375,0.00261375150359519,10,"gaussian","all finite selected distances; unit area over full domain",21900,21900,11056,0,10844,200
"All tissues","SuSiE-slide","CSs without a shared biological lead SNP",21.875,0.00259241029412142,10,"gaussian","all finite selected distances; unit area over full domain",21900,21900,11056,0,10844,200
"All tissues","SuSiE-slide","CSs without a shared biological lead SNP",22.265625,0.00257127646074102,10,"gaussian","all finite selected distances; unit area over full domain",21900,21900,11056,0,10844,200
"All tissues","SuSiE-slide","CSs without a shared biological lead SNP",22.65625,0.00255034973578084,10,"gaussian","all finite selected distances; unit area over full domain",21900,21900,11056,0,10844,200
"All tissues","SuSiE-slide","CSs without a shared biological lead SNP",23.046875,0.00252965550822974,10,"gaussian","all finite selected distances; unit area over full domain",21900,21900,11056,0,10844,200
"All tissues","SuSiE-slide","CSs without a shared biological lead SNP",23.4375,0.00250919375506049,10,"gaussian","all finite selected distances; unit area over full domain",21900,21900,11056,0,10844,200
"All tissues","SuSiE-slide","CSs without a shared biological lead SNP",23.828125,0.00248896005870079,10,"gaussian","all finite selected distances; unit area over full domain",21900,21900,11056,0,10844,200
"All tissues","SuSiE-slide","CSs without a shared biological lead SNP",24.21875,0.00246897828922738,10,"gaussian","all finite selected distances; unit area over full domain",21900,21900,11056,0,10844,200
"All tissues","SuSiE-slide","CSs without a shared biological lead SNP",24.609375,0.00244924407296903,10,"gaussian","all finite selected distances; unit area over full domain",21900,21900,11056,0,10844,200
"All tissues","SuSiE-slide","CSs without a shared biological lead SNP",25,0.00242974993751922,10,"gaussian","all finite selected distances; unit area over full domain",21900,21900,11056,0,10844,200
"All tissues","SuSiE-slide","CSs without a shared biological lead SNP",25.390625,0.00241051821506056,10,"gaussian","all finite selected distances; unit area over full domain",21900,21900,11056,0,10844,200
"All tissues","SuSiE-slide","CSs without a shared biological lead SNP",25.78125,0.00239154113596321,10,"gaussian","all finite selected distances; unit area over full domain",21900,21900,11056,0,10844,200
"All tissues","SuSiE-slide","CSs without a shared biological lead SNP",26.171875,0.00237280910032,10,"gaussian","all finite selected distances; unit area over full domain",21900,21900,11056,0,10844,200
"All tissues","SuSiE-slide","CSs without a shared biological lead SNP",26.5625,0.0023543429418914,10,"gaussian","all finite selected distances; unit area over full domain",21900,21900,11056,0,10844,200
"All tissues","SuSiE-slide","CSs without a shared biological lead SNP",26.953125,0.00233613233032924,10,"gaussian","all finite selected distances; unit area over full domain",21900,21900,11056,0,10844,200
"All tissues","SuSiE-slide","CSs without a shared biological lead SNP",27.34375,0.00231816628689093,10,"gaussian","all finite selected distances; unit area over full domain",21900,21900,11056,0,10844,200
"All tissues","SuSiE-slide","CSs without a shared biological lead SNP",27.734375,0.00230046420550106,10,"gaussian","all finite selected distances; unit area over full domain",21900,21900,11056,0,10844,200
"All tissues","SuSiE-slide","CSs without a shared biological lead SNP",28.125,0.00228301388955921,10,"gaussian","all finite selected distances; unit area over full domain",21900,21900,11056,0,10844,200
"All tissues","SuSiE-slide","CSs without a shared biological lead SNP",28.515625,0.00226580355756562,10,"gaussian","all finite selected distances; unit area over full domain",21900,21900,11056,0,10844,200
"All tissues","SuSiE-slide","CSs without a shared biological lead SNP",28.90625,0.00224885121231893,10,"gaussian","all finite selected distances; unit area over full domain",21900,21900,11056,0,10844,200
"All tissues","SuSiE-slide","CSs without a shared biological lead SNP",29.296875,0.00223214334323194,10,"gaussian","all finite selected distances; unit area over full domain",21900,21900,11056,0,10844,200
"All tissues","SuSiE-slide","CSs without a shared biological lead SNP",29.6875,0.00221566778781364,10,"gaussian","all finite selected distances; unit area over full domain",21900,21900,11056,0,10844,200
"All tissues","SuSiE-slide","CSs without a shared biological lead SNP",30.078125,0.00219944117828247,10,"gaussian","all finite selected distances; unit area over full domain",21900,21900,11056,0,10844,200
"All tissues","SuSiE-slide","CSs without a shared biological lead SNP",30.46875,0.00218344911362735,10,"gaussian","all finite selected distances; unit area over full domain",21900,21900,11056,0,10844,200
"All tissues","SuSiE-slide","CSs without a shared biological lead SNP",30.859375,0.00216767934353826,10,"gaussian","all finite selected distances; unit area over full domain",21900,21900,11056,0,10844,200
"All tissues","SuSiE-slide","CSs without a shared biological lead SNP",31.25,0.00215214711377002,10,"gaussian","all finite selected distances; unit area over full domain",21900,21900,11056,0,10844,200
"All tissues","SuSiE-slide","CSs without a shared biological lead SNP",31.640625,0.00213683745095373,10,"gaussian","all finite selected distances; unit area over full domain",21900,21900,11056,0,10844,200
"All tissues","SuSiE-slide","CSs without a shared biological lead SNP",32.03125,0.00212173821057134,10,"gaussian","all finite selected distances; unit area over full domain",21900,21900,11056,0,10844,200
"All tissues","SuSiE-slide","CSs without a shared biological lead SNP",32.421875,0.0021068632000965,10,"gaussian","all finite selected distances; unit area over full domain",21900,21900,11056,0,10844,200
"All tissues","SuSiE-slide","CSs without a shared biological lead SNP",32.8125,0.00209219711450651,10,"gaussian","all finite selected distances; unit area over full domain",21900,21900,11056,0,10844,200
"All tissues","SuSiE-slide","CSs without a shared biological lead SNP",33.203125,0.00207772803825617,10,"gaussian","all finite selected distances; unit area over full domain",21900,21900,11056,0,10844,200
"All tissues","SuSiE-slide","CSs without a shared biological lead SNP",33.59375,0.0020634682605685,10,"gaussian","all finite selected distances; unit area over full domain",21900,21900,11056,0,10844,200
"All tissues","SuSiE-slide","CSs without a shared biological lead SNP",33.984375,0.00204940233721362,10,"gaussian","all finite selected distances; unit area over full domain",21900,21900,11056,0,10844,200
"All tissues","SuSiE-slide","CSs without a shared biological lead SNP",34.375,0.00203551866136116,10,"gaussian","all finite selected distances; unit area over full domain",21900,21900,11056,0,10844,200
"All tissues","SuSiE-slide","CSs without a shared biological lead SNP",34.765625,0.00202182790947673,10,"gaussian","all finite selected distances; unit area over full domain",21900,21900,11056,0,10844,200
"All tissues","SuSiE-slide","CSs without a shared biological lead SNP",35.15625,0.00200831466934831,10,"gaussian","all finite selected distances; unit area over full domain",21900,21900,11056,0,10844,200
"All tissues","SuSiE-slide","CSs without a shared biological lead SNP",35.546875,0.00199496770262749,10,"gaussian","all finite selected distances; unit area over full domain",21900,21900,11056,0,10844,200
"All tissues","SuSiE-slide","CSs without a shared biological lead SNP",35.9375,0.001981795982048,10,"gaussian","all finite selected distances; unit area over full domain",21900,21900,11056,0,10844,200
"All tissues","SuSiE-slide","CSs without a shared biological lead SNP",36.328125,0.00196878430016398,10,"gaussian","all finite selected distances; unit area over full domain",21900,21900,11056,0,10844,200
"All tissues","SuSiE-slide","CSs without a shared biological lead SNP",36.71875,0.00195592184606123,10,"gaussian","all finite selected distances; unit area over full domain",21900,21900,11056,0,10844,200
"All tissues","SuSiE-slide","CSs without a shared biological lead SNP",37.109375,0.00194321582244879,10,"gaussian","all finite selected distances; unit area over full domain",21900,21900,11056,0,10844,200
"All tissues","SuSiE-slide","CSs without a shared biological lead SNP",37.5,0.00193065141775513,10,"gaussian","all finite selected distances; unit area over full domain",21900,21900,11056,0,10844,200
"All tissues","SuSiE-slide","CSs without a shared biological lead SNP",37.890625,0.00191821832106465,10,"gaussian","all finite selected distances; unit area over full domain",21900,21900,11056,0,10844,200
"All tissues","SuSiE-slide","CSs without a shared biological lead SNP",38.28125,0.00190592194614464,10,"gaussian","all finite selected distances; unit area over full domain",21900,21900,11056,0,10844,200
"All tissues","SuSiE-slide","CSs without a shared biological lead SNP",38.671875,0.00189374809648212,10,"gaussian","all finite selected distances; unit area over full domain",21900,21900,11056,0,10844,200
"All tissues","SuSiE-slide","CSs without a shared biological lead SNP",39.0625,0.00188168705673503,10,"gaussian","all finite selected distances; unit area over full domain",21900,21900,11056,0,10844,200
"All tissues","SuSiE-slide","CSs without a shared biological lead SNP",39.453125,0.00186974250257509,10,"gaussian","all finite selected distances; unit area over full domain",21900,21900,11056,0,10844,200
"All tissues","SuSiE-slide","CSs without a shared biological lead SNP",39.84375,0.0018579011014942,10,"gaussian","all finite selected distances; unit area over full domain",21900,21900,11056,0,10844,200
"All tissues","SuSiE-slide","CSs without a shared biological lead SNP",40.234375,0.0018461538564074,10,"gaussian","all finite selected distances; unit area over full domain",21900,21900,11056,0,10844,200
"All tissues","SuSiE-slide","CSs without a shared biological lead SNP",40.625,0.00183450284533745,10,"gaussian","all finite selected distances; unit area over full domain",21900,21900,11056,0,10844,200
"All tissues","SuSiE-slide","CSs without a shared biological lead SNP",41.015625,0.0018229358715779,10,"gaussian","all finite selected distances; unit area over full domain",21900,21900,11056,0,10844,200
"All tissues","SuSiE-slide","CSs without a shared biological lead SNP",41.40625,0.00181144480465986,10,"gaussian","all finite selected distances; unit area over full domain",21900,21900,11056,0,10844,200
"All tissues","SuSiE-slide","CSs without a shared biological lead SNP",41.796875,0.00180003036972038,10,"gaussian","all finite selected distances; unit area over full domain",21900,21900,11056,0,10844,200
"All tissues","SuSiE-slide","CSs without a shared biological lead SNP",42.1875,0.00178868178494579,10,"gaussian","all finite selected distances; unit area over full domain",21900,21900,11056,0,10844,200
"All tissues","SuSiE-slide","CSs without a shared biological lead SNP",42.578125,0.00177739195348688,10,"gaussian","all finite selected distances; unit area over full domain",21900,21900,11056,0,10844,200
"All tissues","SuSiE-slide","CSs without a shared biological lead SNP",42.96875,0.00176616060360644,10,"gaussian","all finite selected distances; unit area over full domain",21900,21900,11056,0,10844,200
"All tissues","SuSiE-slide","CSs without a shared biological lead SNP",43.359375,0.00175497863129582,10,"gaussian","all finite selected distances; unit area over full domain",21900,21900,11056,0,10844,200
"All tissues","SuSiE-slide","CSs without a shared biological lead SNP",43.75,0.00174384014663022,10,"gaussian","all finite selected distances; unit area over full domain",21900,21900,11056,0,10844,200
"All tissues","SuSiE-slide","CSs without a shared biological lead SNP",44.140625,0.00173274434502713,10,"gaussian","all finite selected distances; unit area over full domain",21900,21900,11056,0,10844,200
"All tissues","SuSiE-slide","CSs without a shared biological lead SNP",44.53125,0.00172168401736322,10,"gaussian","all finite selected distances; unit area over full domain",21900,21900,11056,0,10844,200
"All tissues","SuSiE-slide","CSs without a shared biological lead SNP",44.921875,0.00171065464341005,10,"gaussian","all finite selected distances; unit area over full domain",21900,21900,11056,0,10844,200
"All tissues","SuSiE-slide","CSs without a shared biological lead SNP",45.3125,0.00169965544276025,10,"gaussian","all finite selected distances; unit area over full domain",21900,21900,11056,0,10844,200
"All tissues","SuSiE-slide","CSs without a shared biological lead SNP",45.703125,0.00168868123945564,10,"gaussian","all finite selected distances; unit area over full domain",21900,21900,11056,0,10844,200
"All tissues","SuSiE-slide","CSs without a shared biological lead SNP",46.09375,0.00167772901534873,10,"gaussian","all finite selected distances; unit area over full domain",21900,21900,11056,0,10844,200
"All tissues","SuSiE-slide","CSs without a shared biological lead SNP",46.484375,0.00166679863695852,10,"gaussian","all finite selected distances; unit area over full domain",21900,21900,11056,0,10844,200
"All tissues","SuSiE-slide","CSs without a shared biological lead SNP",46.875,0.00165588698858399,10,"gaussian","all finite selected distances; unit area over full domain",21900,21900,11056,0,10844,200
"All tissues","SuSiE-slide","CSs without a shared biological lead SNP",47.265625,0.00164499263538944,10,"gaussian","all finite selected distances; unit area over full domain",21900,21900,11056,0,10844,200
"All tissues","SuSiE-slide","CSs without a shared biological lead SNP",47.65625,0.00163411674088618,10,"gaussian","all finite selected distances; unit area over full domain",21900,21900,11056,0,10844,200
"All tissues","SuSiE-slide","CSs without a shared biological lead SNP",48.046875,0.0016232581383171,10,"gaussian","all finite selected distances; unit area over full domain",21900,21900,11056,0,10844,200
"All tissues","SuSiE-slide","CSs without a shared biological lead SNP",48.4375,0.00161241698713946,10,"gaussian","all finite selected distances; unit area over full domain",21900,21900,11056,0,10844,200
"All tissues","SuSiE-slide","CSs without a shared biological lead SNP",48.828125,0.00160159637838153,10,"gaussian","all finite selected distances; unit area over full domain",21900,21900,11056,0,10844,200
"All tissues","SuSiE-slide","CSs without a shared biological lead SNP",49.21875,0.0015907968271686,10,"gaussian","all finite selected distances; unit area over full domain",21900,21900,11056,0,10844,200
"All tissues","SuSiE-slide","CSs without a shared biological lead SNP",49.609375,0.00158002001331069,10,"gaussian","all finite selected distances; unit area over full domain",21900,21900,11056,0,10844,200
"All tissues","SuSiE-slide","CSs without a shared biological lead SNP",50,0.00156927151523557,10,"gaussian","all finite selected distances; unit area over full domain",21900,21900,11056,0,10844,200
"All tissues","SuSiE-slide","CSs without a shared biological lead SNP",50.390625,0.00155855310376684,10,"gaussian","all finite selected distances; unit area over full domain",21900,21900,11056,0,10844,200
"All tissues","SuSiE-slide","CSs without a shared biological lead SNP",50.78125,0.00154786781248064,10,"gaussian","all finite selected distances; unit area over full domain",21900,21900,11056,0,10844,200
"All tissues","SuSiE-slide","CSs without a shared biological lead SNP",51.171875,0.0015372241463438,10,"gaussian","all finite selected distances; unit area over full domain",21900,21900,11056,0,10844,200
"All tissues","SuSiE-slide","CSs without a shared biological lead SNP",51.5625,0.0015266245598963,10,"gaussian","all finite selected distances; unit area over full domain",21900,21900,11056,0,10844,200
"All tissues","SuSiE-slide","CSs without a shared biological lead SNP",51.953125,0.00151607318233494,10,"gaussian","all finite selected distances; unit area over full domain",21900,21900,11056,0,10844,200
"All tissues","SuSiE-slide","CSs without a shared biological lead SNP",52.34375,0.00150558172009761,10,"gaussian","all finite selected distances; unit area over full domain",21900,21900,11056,0,10844,200
"All tissues","SuSiE-slide","CSs without a shared biological lead SNP",52.734375,0.00149515262442387,10,"gaussian","all finite selected distances; unit area over full domain",21900,21900,11056,0,10844,200
"All tissues","SuSiE-slide","CSs without a shared biological lead SNP",53.125,0.00148479078117039,10,"gaussian","all finite selected distances; unit area over full domain",21900,21900,11056,0,10844,200
"All tissues","SuSiE-slide","CSs without a shared biological lead SNP",53.515625,0.00147451117738631,10,"gaussian","all finite selected distances; unit area over full domain",21900,21900,11056,0,10844,200
"All tissues","SuSiE-slide","CSs without a shared biological lead SNP",53.90625,0.00146431550554981,10,"gaussian","all finite selected distances; unit area over full domain",21900,21900,11056,0,10844,200
"All tissues","SuSiE-slide","CSs without a shared biological lead SNP",54.296875,0.00145420900839131,10,"gaussian","all finite selected distances; unit area over full domain",21900,21900,11056,0,10844,200
"All tissues","SuSiE-slide","CSs without a shared biological lead SNP",54.6875,0.0014442098212903,10,"gaussian","all finite selected distances; unit area over full domain",21900,21900,11056,0,10844,200
"All tissues","SuSiE-slide","CSs without a shared biological lead SNP",55.078125,0.00143431811252154,10,"gaussian","all finite selected distances; unit area over full domain",21900,21900,11056,0,10844,200
"All tissues","SuSiE-slide","CSs without a shared biological lead SNP",55.46875,0.00142453904862055,10,"gaussian","all finite selected distances; unit area over full domain",21900,21900,11056,0,10844,200
"All tissues","SuSiE-slide","CSs without a shared biological lead SNP",55.859375,0.00141489357219028,10,"gaussian","all finite selected distances; unit area over full domain",21900,21900,11056,0,10844,200
"All tissues","SuSiE-slide","CSs without a shared biological lead SNP",56.25,0.00140537961632295,10,"gaussian","all finite selected distances; unit area over full domain",21900,21900,11056,0,10844,200
"All tissues","SuSiE-slide","CSs without a shared biological lead SNP",56.640625,0.00139600183730285,10,"gaussian","all finite selected distances; unit area over full domain",21900,21900,11056,0,10844,200
"All tissues","SuSiE-slide","CSs without a shared biological lead SNP",57.03125,0.00138678345593824,10,"gaussian","all finite selected distances; unit area over full domain",21900,21900,11056,0,10844,200
"All tissues","SuSiE-slide","CSs without a shared biological lead SNP",57.421875,0.00137771957697661,10,"gaussian","all finite selected distances; unit area over full domain",21900,21900,11056,0,10844,200
"All tissues","SuSiE-slide","CSs without a shared biological lead SNP",57.8125,0.00136881394492076,10,"gaussian","all finite selected distances; unit area over full domain",21900,21900,11056,0,10844,200
"All tissues","SuSiE-slide","CSs without a shared biological lead SNP",58.203125,0.00136009137897135,10,"gaussian","all finite selected distances; unit area over full domain",21900,21900,11056,0,10844,200
"All tissues","SuSiE-slide","CSs without a shared biological lead SNP",58.59375,0.00135154373519472,10,"gaussian","all finite selected distances; unit area over full domain",21900,21900,11056,0,10844,200
"All tissues","SuSiE-slide","CSs without a shared biological lead SNP",58.984375,0.00134317350828066,10,"gaussian","all finite selected distances; unit area over full domain",21900,21900,11056,0,10844,200
"All tissues","SuSiE-slide","CSs without a shared biological lead SNP",59.375,0.00133500633450944,10,"gaussian","all finite selected distances; unit area over full domain",21900,21900,11056,0,10844,200
"All tissues","SuSiE-slide","CSs without a shared biological lead SNP",59.765625,0.00132703061403913,10,"gaussian","all finite selected distances; unit area over full domain",21900,21900,11056,0,10844,200
"All tissues","SuSiE-slide","CSs without a shared biological lead SNP",60.15625,0.00131924734220808,10,"gaussian","all finite selected distances; unit area over full domain",21900,21900,11056,0,10844,200
"All tissues","SuSiE-slide","CSs without a shared biological lead SNP",60.546875,0.00131168214571051,10,"gaussian","all finite selected distances; unit area over full domain",21900,21900,11056,0,10844,200
"All tissues","SuSiE-slide","CSs without a shared biological lead SNP",60.9375,0.00130431999566617,10,"gaussian","all finite selected distances; unit area over full domain",21900,21900,11056,0,10844,200
"All tissues","SuSiE-slide","CSs without a shared biological lead SNP",61.328125,0.00129716024342093,10,"gaussian","all finite selected distances; unit area over full domain",21900,21900,11056,0,10844,200
"All tissues","SuSiE-slide","CSs without a shared biological lead SNP",61.71875,0.00129022769121776,10,"gaussian","all finite selected distances; unit area over full domain",21900,21900,11056,0,10844,200
"All tissues","SuSiE-slide","CSs without a shared biological lead SNP",62.109375,0.00128350414168467,10,"gaussian","all finite selected distances; unit area over full domain",21900,21900,11056,0,10844,200
"All tissues","SuSiE-slide","CSs without a shared biological lead SNP",62.5,0.00127698726881782,10,"gaussian","all finite selected distances; unit area over full domain",21900,21900,11056,0,10844,200
"All tissues","SuSiE-slide","CSs without a shared biological lead SNP",62.890625,0.00127070029997164,10,"gaussian","all finite selected distances; unit area over full domain",21900,21900,11056,0,10844,200
"All tissues","SuSiE-slide","CSs without a shared biological lead SNP",63.28125,0.00126462234226612,10,"gaussian","all finite selected distances; unit area over full domain",21900,21900,11056,0,10844,200
"All tissues","SuSiE-slide","CSs without a shared biological lead SNP",63.671875,0.00125874946655948,10,"gaussian","all finite selected distances; unit area over full domain",21900,21900,11056,0,10844,200
"All tissues","SuSiE-slide","CSs without a shared biological lead SNP",64.0625,0.00125310268292176,10,"gaussian","all finite selected distances; unit area over full domain",21900,21900,11056,0,10844,200
"All tissues","SuSiE-slide","CSs without a shared biological lead SNP",64.453125,0.00124765904942366,10,"gaussian","all finite selected distances; unit area over full domain",21900,21900,11056,0,10844,200
"All tissues","SuSiE-slide","CSs without a shared biological lead SNP",64.84375,0.0012424132029468,10,"gaussian","all finite selected distances; unit area over full domain",21900,21900,11056,0,10844,200
"All tissues","SuSiE-slide","CSs without a shared biological lead SNP",65.234375,0.00123738343358887,10,"gaussian","all finite selected distances; unit area over full domain",21900,21900,11056,0,10844,200
"All tissues","SuSiE-slide","CSs without a shared biological lead SNP",65.625,0.00123254551863855,10,"gaussian","all finite selected distances; unit area over full domain",21900,21900,11056,0,10844,200
"All tissues","SuSiE-slide","CSs without a shared biological lead SNP",66.015625,0.0012278929057959,10,"gaussian","all finite selected distances; unit area over full domain",21900,21900,11056,0,10844,200
"All tissues","SuSiE-slide","CSs without a shared biological lead SNP",66.40625,0.00122344082075933,10,"gaussian","all finite selected distances; unit area over full domain",21900,21900,11056,0,10844,200
"All tissues","SuSiE-slide","CSs without a shared biological lead SNP",66.796875,0.001219164591827,10,"gaussian","all finite selected distances; unit area over full domain",21900,21900,11056,0,10844,200
"All tissues","SuSiE-slide","CSs without a shared biological lead SNP",67.1875,0.00121505677473563,10,"gaussian","all finite selected distances; unit area over full domain",21900,21900,11056,0,10844,200
"All tissues","SuSiE-slide","CSs without a shared biological lead SNP",67.578125,0.00121112935056191,10,"gaussian","all finite selected distances; unit area over full domain",21900,21900,11056,0,10844,200
"All tissues","SuSiE-slide","CSs without a shared biological lead SNP",67.96875,0.00120735803522151,10,"gaussian","all finite selected distances; unit area over full domain",21900,21900,11056,0,10844,200
"All tissues","SuSiE-slide","CSs without a shared biological lead SNP",68.359375,0.00120373481793996,10,"gaussian","all finite selected distances; unit area over full domain",21900,21900,11056,0,10844,200
"All tissues","SuSiE-slide","CSs without a shared biological lead SNP",68.75,0.00120026841429301,10,"gaussian","all finite selected distances; unit area over full domain",21900,21900,11056,0,10844,200
"All tissues","SuSiE-slide","CSs without a shared biological lead SNP",69.140625,0.00119693571552992,10,"gaussian","all finite selected distances; unit area over full domain",21900,21900,11056,0,10844,200
"All tissues","SuSiE-slide","CSs without a shared biological lead SNP",69.53125,0.00119372847545409,10,"gaussian","all finite selected distances; unit area over full domain",21900,21900,11056,0,10844,200
"All tissues","SuSiE-slide","CSs without a shared biological lead SNP",69.921875,0.0011906522695071,10,"gaussian","all finite selected distances; unit area over full domain",21900,21900,11056,0,10844,200
"All tissues","SuSiE-slide","CSs without a shared biological lead SNP",70.3125,0.00118768585838244,10,"gaussian","all finite selected distances; unit area over full domain",21900,21900,11056,0,10844,200
"All tissues","SuSiE-slide","CSs without a shared biological lead SNP",70.703125,0.00118482107805947,10,"gaussian","all finite selected distances; unit area over full domain",21900,21900,11056,0,10844,200
"All tissues","SuSiE-slide","CSs without a shared biological lead SNP",71.09375,0.00118206061686388,10,"gaussian","all finite selected distances; unit area over full domain",21900,21900,11056,0,10844,200
"All tissues","SuSiE-slide","CSs without a shared biological lead SNP",71.484375,0.00117938567196442,10,"gaussian","all finite selected distances; unit area over full domain",21900,21900,11056,0,10844,200
"All tissues","SuSiE-slide","CSs without a shared biological lead SNP",71.875,0.00117678845095737,10,"gaussian","all finite selected distances; unit area over full domain",21900,21900,11056,0,10844,200
"All tissues","SuSiE-slide","CSs without a shared biological lead SNP",72.265625,0.00117426911401694,10,"gaussian","all finite selected distances; unit area over full domain",21900,21900,11056,0,10844,200
"All tissues","SuSiE-slide","CSs without a shared biological lead SNP",72.65625,0.00117181171302496,10,"gaussian","all finite selected distances; unit area over full domain",21900,21900,11056,0,10844,200
"All tissues","SuSiE-slide","CSs without a shared biological lead SNP",73.046875,0.00116940907837527,10,"gaussian","all finite selected distances; unit area over full domain",21900,21900,11056,0,10844,200
"All tissues","SuSiE-slide","CSs without a shared biological lead SNP",73.4375,0.00116705928386413,10,"gaussian","all finite selected distances; unit area over full domain",21900,21900,11056,0,10844,200
"All tissues","SuSiE-slide","CSs without a shared biological lead SNP",73.828125,0.00116474949471103,10,"gaussian","all finite selected distances; unit area over full domain",21900,21900,11056,0,10844,200
"All tissues","SuSiE-slide","CSs without a shared biological lead SNP",74.21875,0.00116247337085687,10,"gaussian","all finite selected distances; unit area over full domain",21900,21900,11056,0,10844,200
"All tissues","SuSiE-slide","CSs without a shared biological lead SNP",74.609375,0.00116022740057657,10,"gaussian","all finite selected distances; unit area over full domain",21900,21900,11056,0,10844,200
"All tissues","SuSiE-slide","CSs without a shared biological lead SNP",75,0.00115800195979404,10,"gaussian","all finite selected distances; unit area over full domain",21900,21900,11056,0,10844,200
"All tissues","SuSiE-slide","CSs without a shared biological lead SNP",75.390625,0.00115579169699447,10,"gaussian","all finite selected distances; unit area over full domain",21900,21900,11056,0,10844,200
"All tissues","SuSiE-slide","CSs without a shared biological lead SNP",75.78125,0.00115359205066083,10,"gaussian","all finite selected distances; unit area over full domain",21900,21900,11056,0,10844,200
"All tissues","SuSiE-slide","CSs without a shared biological lead SNP",76.171875,0.00115139654909363,10,"gaussian","all finite selected distances; unit area over full domain",21900,21900,11056,0,10844,200
"All tissues","SuSiE-slide","CSs without a shared biological lead SNP",76.5625,0.00114920093889363,10,"gaussian","all finite selected distances; unit area over full domain",21900,21900,11056,0,10844,200
"All tissues","SuSiE-slide","CSs without a shared biological lead SNP",76.953125,0.00114700015431409,10,"gaussian","all finite selected distances; unit area over full domain",21900,21900,11056,0,10844,200
"All tissues","SuSiE-slide","CSs without a shared biological lead SNP",77.34375,0.00114479067308794,10,"gaussian","all finite selected distances; unit area over full domain",21900,21900,11056,0,10844,200
"All tissues","SuSiE-slide","CSs without a shared biological lead SNP",77.734375,0.0011425693990449,10,"gaussian","all finite selected distances; unit area over full domain",21900,21900,11056,0,10844,200
"All tissues","SuSiE-slide","CSs without a shared biological lead SNP",78.125,0.00114033129133009,10,"gaussian","all finite selected distances; unit area over full domain",21900,21900,11056,0,10844,200
"All tissues","SuSiE-slide","CSs without a shared biological lead SNP",78.515625,0.00113807544506574,10,"gaussian","all finite selected distances; unit area over full domain",21900,21900,11056,0,10844,200
"All tissues","SuSiE-slide","CSs without a shared biological lead SNP",78.90625,0.00113579992900178,10,"gaussian","all finite selected distances; unit area over full domain",21900,21900,11056,0,10844,200
"All tissues","SuSiE-slide","CSs without a shared biological lead SNP",79.296875,0.00113350021228798,10,"gaussian","all finite selected distances; unit area over full domain",21900,21900,11056,0,10844,200
"All tissues","SuSiE-slide","CSs without a shared biological lead SNP",79.6875,0.00113117756588597,10,"gaussian","all finite selected distances; unit area over full domain",21900,21900,11056,0,10844,200
"All tissues","SuSiE-slide","CSs without a shared biological lead SNP",80.078125,0.00112883117732444,10,"gaussian","all finite selected distances; unit area over full domain",21900,21900,11056,0,10844,200
"All tissues","SuSiE-slide","CSs without a shared biological lead SNP",80.46875,0.00112645744305682,10,"gaussian","all finite selected distances; unit area over full domain",21900,21900,11056,0,10844,200
"All tissues","SuSiE-slide","CSs without a shared biological lead SNP",80.859375,0.00112405927823023,10,"gaussian","all finite selected distances; unit area over full domain",21900,21900,11056,0,10844,200
"All tissues","SuSiE-slide","CSs without a shared biological lead SNP",81.25,0.00112163687312509,10,"gaussian","all finite selected distances; unit area over full domain",21900,21900,11056,0,10844,200
"All tissues","SuSiE-slide","CSs without a shared biological lead SNP",81.640625,0.00111918792490615,10,"gaussian","all finite selected distances; unit area over full domain",21900,21900,11056,0,10844,200
"All tissues","SuSiE-slide","CSs without a shared biological lead SNP",82.03125,0.00111671634822387,10,"gaussian","all finite selected distances; unit area over full domain",21900,21900,11056,0,10844,200
"All tissues","SuSiE-slide","CSs without a shared biological lead SNP",82.421875,0.0011142232141169,10,"gaussian","all finite selected distances; unit area over full domain",21900,21900,11056,0,10844,200
"All tissues","SuSiE-slide","CSs without a shared biological lead SNP",82.8125,0.00111170768819286,10,"gaussian","all finite selected distances; unit area over full domain",21900,21900,11056,0,10844,200
"All tissues","SuSiE-slide","CSs without a shared biological lead SNP",83.203125,0.0011091740974624,10,"gaussian","all finite selected distances; unit area over full domain",21900,21900,11056,0,10844,200
"All tissues","SuSiE-slide","CSs without a shared biological lead SNP",83.59375,0.00110662420280454,10,"gaussian","all finite selected distances; unit area over full domain",21900,21900,11056,0,10844,200
"All tissues","SuSiE-slide","CSs without a shared biological lead SNP",83.984375,0.00110405864364975,10,"gaussian","all finite selected distances; unit area over full domain",21900,21900,11056,0,10844,200
"All tissues","SuSiE-slide","CSs without a shared biological lead SNP",84.375,0.00110148160529235,10,"gaussian","all finite selected distances; unit area over full domain",21900,21900,11056,0,10844,200
"All tissues","SuSiE-slide","CSs without a shared biological lead SNP",84.765625,0.00109889530326215,10,"gaussian","all finite selected distances; unit area over full domain",21900,21900,11056,0,10844,200
"All tissues","SuSiE-slide","CSs without a shared biological lead SNP",85.15625,0.00109630169265812,10,"gaussian","all finite selected distances; unit area over full domain",21900,21900,11056,0,10844,200
"All tissues","SuSiE-slide","CSs without a shared biological lead SNP",85.546875,0.00109370432765347,10,"gaussian","all finite selected distances; unit area over full domain",21900,21900,11056,0,10844,200
"All tissues","SuSiE-slide","CSs without a shared biological lead SNP",85.9375,0.00109110560947398,10,"gaussian","all finite selected distances; unit area over full domain",21900,21900,11056,0,10844,200
"All tissues","SuSiE-slide","CSs without a shared biological lead SNP",86.328125,0.0010885084986943,10,"gaussian","all finite selected distances; unit area over full domain",21900,21900,11056,0,10844,200
"All tissues","SuSiE-slide","CSs without a shared biological lead SNP",86.71875,0.00108591552426731,10,"gaussian","all finite selected distances; unit area over full domain",21900,21900,11056,0,10844,200
"All tissues","SuSiE-slide","CSs without a shared biological lead SNP",87.109375,0.00108332898537105,10,"gaussian","all finite selected distances; unit area over full domain",21900,21900,11056,0,10844,200
"All tissues","SuSiE-slide","CSs without a shared biological lead SNP",87.5,0.00108075241080652,10,"gaussian","all finite selected distances; unit area over full domain",21900,21900,11056,0,10844,200
"All tissues","SuSiE-slide","CSs without a shared biological lead SNP",87.890625,0.00107818703278681,10,"gaussian","all finite selected distances; unit area over full domain",21900,21900,11056,0,10844,200
"All tissues","SuSiE-slide","CSs without a shared biological lead SNP",88.28125,0.00107563476088728,10,"gaussian","all finite selected distances; unit area over full domain",21900,21900,11056,0,10844,200
"All tissues","SuSiE-slide","CSs without a shared biological lead SNP",88.671875,0.00107309916569997,10,"gaussian","all finite selected distances; unit area over full domain",21900,21900,11056,0,10844,200
"All tissues","SuSiE-slide","CSs without a shared biological lead SNP",89.0625,0.00107058005490643,10,"gaussian","all finite selected distances; unit area over full domain",21900,21900,11056,0,10844,200
"All tissues","SuSiE-slide","CSs without a shared biological lead SNP",89.453125,0.00106807868296119,10,"gaussian","all finite selected distances; unit area over full domain",21900,21900,11056,0,10844,200
"All tissues","SuSiE-slide","CSs without a shared biological lead SNP",89.84375,0.00106559809523676,10,"gaussian","all finite selected distances; unit area over full domain",21900,21900,11056,0,10844,200
"All tissues","SuSiE-slide","CSs without a shared biological lead SNP",90.234375,0.00106313670307978,10,"gaussian","all finite selected distances; unit area over full domain",21900,21900,11056,0,10844,200
"All tissues","SuSiE-slide","CSs without a shared biological lead SNP",90.625,0.00106069488535368,10,"gaussian","all finite selected distances; unit area over full domain",21900,21900,11056,0,10844,200
"All tissues","SuSiE-slide","CSs without a shared biological lead SNP",91.015625,0.00105827461035265,10,"gaussian","all finite selected distances; unit area over full domain",21900,21900,11056,0,10844,200
"All tissues","SuSiE-slide","CSs without a shared biological lead SNP",91.40625,0.00105587307831715,10,"gaussian","all finite selected distances; unit area over full domain",21900,21900,11056,0,10844,200
"All tissues","SuSiE-slide","CSs without a shared biological lead SNP",91.796875,0.00105348963915916,10,"gaussian","all finite selected distances; unit area over full domain",21900,21900,11056,0,10844,200
"All tissues","SuSiE-slide","CSs without a shared biological lead SNP",92.1875,0.00105112470542132,10,"gaussian","all finite selected distances; unit area over full domain",21900,21900,11056,0,10844,200
"All tissues","SuSiE-slide","CSs without a shared biological lead SNP",92.578125,0.00104877459682747,10,"gaussian","all finite selected distances; unit area over full domain",21900,21900,11056,0,10844,200
"All tissues","SuSiE-slide","CSs without a shared biological lead SNP",92.96875,0.00104643756691431,10,"gaussian","all finite selected distances; unit area over full domain",21900,21900,11056,0,10844,200
"All tissues","SuSiE-slide","CSs without a shared biological lead SNP",93.359375,0.0010441121217984,10,"gaussian","all finite selected distances; unit area over full domain",21900,21900,11056,0,10844,200
"All tissues","SuSiE-slide","CSs without a shared biological lead SNP",93.75,0.00104179415189617,10,"gaussian","all finite selected distances; unit area over full domain",21900,21900,11056,0,10844,200
"All tissues","SuSiE-slide","CSs without a shared biological lead SNP",94.140625,0.0010394808462715,10,"gaussian","all finite selected distances; unit area over full domain",21900,21900,11056,0,10844,200
"All tissues","SuSiE-slide","CSs without a shared biological lead SNP",94.53125,0.0010371686278731,10,"gaussian","all finite selected distances; unit area over full domain",21900,21900,11056,0,10844,200
"All tissues","SuSiE-slide","CSs without a shared biological lead SNP",94.921875,0.00103485349279348,10,"gaussian","all finite selected distances; unit area over full domain",21900,21900,11056,0,10844,200
"All tissues","SuSiE-slide","CSs without a shared biological lead SNP",95.3125,0.00103253170294731,10,"gaussian","all finite selected distances; unit area over full domain",21900,21900,11056,0,10844,200
"All tissues","SuSiE-slide","CSs without a shared biological lead SNP",95.703125,0.0010301976272062,10,"gaussian","all finite selected distances; unit area over full domain",21900,21900,11056,0,10844,200
"All tissues","SuSiE-slide","CSs without a shared biological lead SNP",96.09375,0.00102784793945316,10,"gaussian","all finite selected distances; unit area over full domain",21900,21900,11056,0,10844,200
"All tissues","SuSiE-slide","CSs without a shared biological lead SNP",96.484375,0.0010254782147117,10,"gaussian","all finite selected distances; unit area over full domain",21900,21900,11056,0,10844,200
"All tissues","SuSiE-slide","CSs without a shared biological lead SNP",96.875,0.00102308101651868,10,"gaussian","all finite selected distances; unit area over full domain",21900,21900,11056,0,10844,200
"All tissues","SuSiE-slide","CSs without a shared biological lead SNP",97.265625,0.00102065425285666,10,"gaussian","all finite selected distances; unit area over full domain",21900,21900,11056,0,10844,200
"All tissues","SuSiE-slide","CSs without a shared biological lead SNP",97.65625,0.00101819314344307,10,"gaussian","all finite selected distances; unit area over full domain",21900,21900,11056,0,10844,200
"All tissues","SuSiE-slide","CSs without a shared biological lead SNP",98.046875,0.00101568890818178,10,"gaussian","all finite selected distances; unit area over full domain",21900,21900,11056,0,10844,200
"All tissues","SuSiE-slide","CSs without a shared biological lead SNP",98.4375,0.00101314117484623,10,"gaussian","all finite selected distances; unit area over full domain",21900,21900,11056,0,10844,200
"All tissues","SuSiE-slide","CSs without a shared biological lead SNP",98.828125,0.00101054521034383,10,"gaussian","all finite selected distances; unit area over full domain",21900,21900,11056,0,10844,200
"All tissues","SuSiE-slide","CSs without a shared biological lead SNP",99.21875,0.00100789153793943,10,"gaussian","all finite selected distances; unit area over full domain",21900,21900,11056,0,10844,200
"All tissues","SuSiE-slide","CSs without a shared biological lead SNP",99.609375,0.00100518186850657,10,"gaussian","all finite selected distances; unit area over full domain",21900,21900,11056,0,10844,200
"All tissues","SuSiE-slide","CSs without a shared biological lead SNP",100,0.00100241196151152,10,"gaussian","all finite selected distances; unit area over full domain",21900,21900,11056,0,10844,200
"All tissues","SuSiE-slide","CSs without a shared biological lead SNP",100.390625,0.000999572428872885,10,"gaussian","all finite selected distances; unit area over full domain",21900,21900,11056,0,10844,200
"All tissues","SuSiE-slide","CSs without a shared biological lead SNP",100.78125,0.000996667261728787,10,"gaussian","all finite selected distances; unit area over full domain",21900,21900,11056,0,10844,200
"All tissues","SuSiE-slide","CSs without a shared biological lead SNP",101.171875,0.000993693166680634,10,"gaussian","all finite selected distances; unit area over full domain",21900,21900,11056,0,10844,200
"All tissues","SuSiE-slide","CSs without a shared biological lead SNP",101.5625,0.000990641705257171,10,"gaussian","all finite selected distances; unit area over full domain",21900,21900,11056,0,10844,200
"All tissues","SuSiE-slide","CSs without a shared biological lead SNP",101.953125,0.000987519148598498,10,"gaussian","all finite selected distances; unit area over full domain",21900,21900,11056,0,10844,200
"All tissues","SuSiE-slide","CSs without a shared biological lead SNP",102.34375,0.000984323577582756,10,"gaussian","all finite selected distances; unit area over full domain",21900,21900,11056,0,10844,200
"All tissues","SuSiE-slide","CSs without a shared biological lead SNP",102.734375,0.000981048367106715,10,"gaussian","all finite selected distances; unit area over full domain",21900,21900,11056,0,10844,200
"All tissues","SuSiE-slide","CSs without a shared biological lead SNP",103.125,0.000977701855344708,10,"gaussian","all finite selected distances; unit area over full domain",21900,21900,11056,0,10844,200
"All tissues","SuSiE-slide","CSs without a shared biological lead SNP",103.515625,0.000974283860619154,10,"gaussian","all finite selected distances; unit area over full domain",21900,21900,11056,0,10844,200
"All tissues","SuSiE-slide","CSs without a shared biological lead SNP",103.90625,0.000970790361303484,10,"gaussian","all finite selected distances; unit area over full domain",21900,21900,11056,0,10844,200
"All tissues","SuSiE-slide","CSs without a shared biological lead SNP",104.296875,0.00096723133982791,10,"gaussian","all finite selected distances; unit area over full domain",21900,21900,11056,0,10844,200
"All tissues","SuSiE-slide","CSs without a shared biological lead SNP",104.6875,0.000963608617938613,10,"gaussian","all finite selected distances; unit area over full domain",21900,21900,11056,0,10844,200
"All tissues","SuSiE-slide","CSs without a shared biological lead SNP",105.078125,0.000959921421107508,10,"gaussian","all finite selected distances; unit area over full domain",21900,21900,11056,0,10844,200
"All tissues","SuSiE-slide","CSs without a shared biological lead SNP",105.46875,0.000956180765032936,10,"gaussian","all finite selected distances; unit area over full domain",21900,21900,11056,0,10844,200
"All tissues","SuSiE-slide","CSs without a shared biological lead SNP",105.859375,0.000952390616839958,10,"gaussian","all finite selected distances; unit area over full domain",21900,21900,11056,0,10844,200
"All tissues","SuSiE-slide","CSs without a shared biological lead SNP",106.25,0.000948553884032769,10,"gaussian","all finite selected distances; unit area over full domain",21900,21900,11056,0,10844,200
"All tissues","SuSiE-slide","CSs without a shared biological lead SNP",106.640625,0.000944681855470126,10,"gaussian","all finite selected distances; unit area over full domain",21900,21900,11056,0,10844,200
"All tissues","SuSiE-slide","CSs without a shared biological lead SNP",107.03125,0.000940780643700591,10,"gaussian","all finite selected distances; unit area over full domain",21900,21900,11056,0,10844,200
"All tissues","SuSiE-slide","CSs without a shared biological lead SNP",107.421875,0.000936857019045093,10,"gaussian","all finite selected distances; unit area over full domain",21900,21900,11056,0,10844,200
"All tissues","SuSiE-slide","CSs without a shared biological lead SNP",107.8125,0.000932921687964268,10,"gaussian","all finite selected distances; unit area over full domain",21900,21900,11056,0,10844,200
"All tissues","SuSiE-slide","CSs without a shared biological lead SNP",108.203125,0.000928982759451474,10,"gaussian","all finite selected distances; unit area over full domain",21900,21900,11056,0,10844,200
"All tissues","SuSiE-slide","CSs without a shared biological lead SNP",108.59375,0.000925050769091505,10,"gaussian","all finite selected distances; unit area over full domain",21900,21900,11056,0,10844,200
"All tissues","SuSiE-slide","CSs without a shared biological lead SNP",108.984375,0.000921134953830803,10,"gaussian","all finite selected distances; unit area over full domain",21900,21900,11056,0,10844,200
"All tissues","SuSiE-slide","CSs without a shared biological lead SNP",109.375,0.000917245125644195,10,"gaussian","all finite selected distances; unit area over full domain",21900,21900,11056,0,10844,200
"All tissues","SuSiE-slide","CSs without a shared biological lead SNP",109.765625,0.000913395209056459,10,"gaussian","all finite selected distances; unit area over full domain",21900,21900,11056,0,10844,200
"All tissues","SuSiE-slide","CSs without a shared biological lead SNP",110.15625,0.000909592121544992,10,"gaussian","all finite selected distances; unit area over full domain",21900,21900,11056,0,10844,200
"All tissues","SuSiE-slide","CSs without a shared biological lead SNP",110.546875,0.000905846956143403,10,"gaussian","all finite selected distances; unit area over full domain",21900,21900,11056,0,10844,200
"All tissues","SuSiE-slide","CSs without a shared biological lead SNP",110.9375,0.000902176394716932,10,"gaussian","all finite selected distances; unit area over full domain",21900,21900,11056,0,10844,200
"All tissues","SuSiE-slide","CSs without a shared biological lead SNP",111.328125,0.000898584290103114,10,"gaussian","all finite selected distances; unit area over full domain",21900,21900,11056,0,10844,200
"All tissues","SuSiE-slide","CSs without a shared biological lead SNP",111.71875,0.000895082492329225,10,"gaussian","all finite selected distances; unit area over full domain",21900,21900,11056,0,10844,200
"All tissues","SuSiE-slide","CSs without a shared biological lead SNP",112.109375,0.000891689599020589,10,"gaussian","all finite selected distances; unit area over full domain",21900,21900,11056,0,10844,200
"All tissues","SuSiE-slide","CSs without a shared biological lead SNP",112.5,0.000888405818651431,10,"gaussian","all finite selected distances; unit area over full domain",21900,21900,11056,0,10844,200
"All tissues","SuSiE-slide","CSs without a shared biological lead SNP",112.890625,0.000885243166539398,10,"gaussian","all finite selected distances; unit area over full domain",21900,21900,11056,0,10844,200
"All tissues","SuSiE-slide","CSs without a shared biological lead SNP",113.28125,0.000882221167422672,10,"gaussian","all finite selected distances; unit area over full domain",21900,21900,11056,0,10844,200
"All tissues","SuSiE-slide","CSs without a shared biological lead SNP",113.671875,0.000879336019606204,10,"gaussian","all finite selected distances; unit area over full domain",21900,21900,11056,0,10844,200
"All tissues","SuSiE-slide","CSs without a shared biological lead SNP",114.0625,0.000876599284246895,10,"gaussian","all finite selected distances; unit area over full domain",21900,21900,11056,0,10844,200
"All tissues","SuSiE-slide","CSs without a shared biological lead SNP",114.453125,0.000874030352251369,10,"gaussian","all finite selected distances; unit area over full domain",21900,21900,11056,0,10844,200
"All tissues","SuSiE-slide","CSs without a shared biological lead SNP",114.84375,0.000871621292038507,10,"gaussian","all finite selected distances; unit area over full domain",21900,21900,11056,0,10844,200
"All tissues","SuSiE-slide","CSs without a shared biological lead SNP",115.234375,0.000869382605459687,10,"gaussian","all finite selected distances; unit area over full domain",21900,21900,11056,0,10844,200
"All tissues","SuSiE-slide","CSs without a shared biological lead SNP",115.625,0.000867332496244337,10,"gaussian","all finite selected distances; unit area over full domain",21900,21900,11056,0,10844,200
"All tissues","SuSiE-slide","CSs without a shared biological lead SNP",116.015625,0.000865459042564296,10,"gaussian","all finite selected distances; unit area over full domain",21900,21900,11056,0,10844,200
"All tissues","SuSiE-slide","CSs without a shared biological lead SNP",116.40625,0.000863771137006952,10,"gaussian","all finite selected distances; unit area over full domain",21900,21900,11056,0,10844,200
"All tissues","SuSiE-slide","CSs without a shared biological lead SNP",116.796875,0.000862284828394628,10,"gaussian","all finite selected distances; unit area over full domain",21900,21900,11056,0,10844,200
"All tissues","SuSiE-slide","CSs without a shared biological lead SNP",117.1875,0.000860984597105975,10,"gaussian","all finite selected distances; unit area over full domain",21900,21900,11056,0,10844,200
"All tissues","SuSiE-slide","CSs without a shared biological lead SNP",117.578125,0.000859877268244278,10,"gaussian","all finite selected distances; unit area over full domain",21900,21900,11056,0,10844,200
"All tissues","SuSiE-slide","CSs without a shared biological lead SNP",117.96875,0.000858975923148806,10,"gaussian","all finite selected distances; unit area over full domain",21900,21900,11056,0,10844,200
"All tissues","SuSiE-slide","CSs without a shared biological lead SNP",118.359375,0.000858262064153086,10,"gaussian","all finite selected distances; unit area over full domain",21900,21900,11056,0,10844,200
"All tissues","SuSiE-slide","CSs without a shared biological lead SNP",118.75,0.000857740111913877,10,"gaussian","all finite selected distances; unit area over full domain",21900,21900,11056,0,10844,200
"All tissues","SuSiE-slide","CSs without a shared biological lead SNP",119.140625,0.000857419578332091,10,"gaussian","all finite selected distances; unit area over full domain",21900,21900,11056,0,10844,200
"All tissues","SuSiE-slide","CSs without a shared biological lead SNP",119.53125,0.000857279792653972,10,"gaussian","all finite selected distances; unit area over full domain",21900,21900,11056,0,10844,200
"All tissues","SuSiE-slide","CSs without a shared biological lead SNP",119.921875,0.000857322575822818,10,"gaussian","all finite selected distances; unit area over full domain",21900,21900,11056,0,10844,200
"All tissues","SuSiE-slide","CSs without a shared biological lead SNP",120.3125,0.00085755351624221,10,"gaussian","all finite selected distances; unit area over full domain",21900,21900,11056,0,10844,200
"All tissues","SuSiE-slide","CSs without a shared biological lead SNP",120.703125,0.000857950705308956,10,"gaussian","all finite selected distances; unit area over full domain",21900,21900,11056,0,10844,200
"All tissues","SuSiE-slide","CSs without a shared biological lead SNP",121.09375,0.00085851332078159,10,"gaussian","all finite selected distances; unit area over full domain",21900,21900,11056,0,10844,200
"All tissues","SuSiE-slide","CSs without a shared biological lead SNP",121.484375,0.000859242938139121,10,"gaussian","all finite selected distances; unit area over full domain",21900,21900,11056,0,10844,200
"All tissues","SuSiE-slide","CSs without a shared biological lead SNP",121.875,0.000860117413306375,10,"gaussian","all finite selected distances; unit area over full domain",21900,21900,11056,0,10844,200
"All tissues","SuSiE-slide","CSs without a shared biological lead SNP",122.265625,0.000861133388542552,10,"gaussian","all finite selected distances; unit area over full domain",21900,21900,11056,0,10844,200
"All tissues","SuSiE-slide","CSs without a shared biological lead SNP",122.65625,0.000862288597337126,10,"gaussian","all finite selected distances; unit area over full domain",21900,21900,11056,0,10844,200
"All tissues","SuSiE-slide","CSs without a shared biological lead SNP",123.046875,0.000863561663417249,10,"gaussian","all finite selected distances; unit area over full domain",21900,21900,11056,0,10844,200
"All tissues","SuSiE-slide","CSs without a shared biological lead SNP",123.4375,0.000864946941450381,10,"gaussian","all finite selected distances; unit area over full domain",21900,21900,11056,0,10844,200
"All tissues","SuSiE-slide","CSs without a shared biological lead SNP",123.828125,0.000866438730315861,10,"gaussian","all finite selected distances; unit area over full domain",21900,21900,11056,0,10844,200
"All tissues","SuSiE-slide","CSs without a shared biological lead SNP",124.21875,0.000868017361497767,10,"gaussian","all finite selected distances; unit area over full domain",21900,21900,11056,0,10844,200
"All tissues","SuSiE-slide","CSs without a shared biological lead SNP",124.609375,0.000869675270183763,10,"gaussian","all finite selected distances; unit area over full domain",21900,21900,11056,0,10844,200
"All tissues","SuSiE-slide","CSs without a shared biological lead SNP",125,0.000871403923855664,10,"gaussian","all finite selected distances; unit area over full domain",21900,21900,11056,0,10844,200
"All tissues","SuSiE-slide","CSs without a shared biological lead SNP",125.390625,0.000873186180922602,10,"gaussian","all finite selected distances; unit area over full domain",21900,21900,11056,0,10844,200
"All tissues","SuSiE-slide","CSs without a shared biological lead SNP",125.78125,0.000875013018157625,10,"gaussian","all finite selected distances; unit area over full domain",21900,21900,11056,0,10844,200
"All tissues","SuSiE-slide","CSs without a shared biological lead SNP",126.171875,0.000876873817588436,10,"gaussian","all finite selected distances; unit area over full domain",21900,21900,11056,0,10844,200
"All tissues","SuSiE-slide","CSs without a shared biological lead SNP",126.5625,0.000878754616168327,10,"gaussian","all finite selected distances; unit area over full domain",21900,21900,11056,0,10844,200
"All tissues","SuSiE-slide","CSs without a shared biological lead SNP",126.953125,0.000880645454100315,10,"gaussian","all finite selected distances; unit area over full domain",21900,21900,11056,0,10844,200
"All tissues","SuSiE-slide","CSs without a shared biological lead SNP",127.34375,0.000882534456043245,10,"gaussian","all finite selected distances; unit area over full domain",21900,21900,11056,0,10844,200
"All tissues","SuSiE-slide","CSs without a shared biological lead SNP",127.734375,0.000884411288411412,10,"gaussian","all finite selected distances; unit area over full domain",21900,21900,11056,0,10844,200
"All tissues","SuSiE-slide","CSs without a shared biological lead SNP",128.125,0.00088626560292842,10,"gaussian","all finite selected distances; unit area over full domain",21900,21900,11056,0,10844,200
"All tissues","SuSiE-slide","CSs without a shared biological lead SNP",128.515625,0.000888085114349111,10,"gaussian","all finite selected distances; unit area over full domain",21900,21900,11056,0,10844,200
"All tissues","SuSiE-slide","CSs without a shared biological lead SNP",128.90625,0.000889863350896741,10,"gaussian","all finite selected distances; unit area over full domain",21900,21900,11056,0,10844,200
"All tissues","SuSiE-slide","CSs without a shared biological lead SNP",129.296875,0.000891590115850949,10,"gaussian","all finite selected distances; unit area over full domain",21900,21900,11056,0,10844,200
"All tissues","SuSiE-slide","CSs without a shared biological lead SNP",129.6875,0.000893253521096754,10,"gaussian","all finite selected distances; unit area over full domain",21900,21900,11056,0,10844,200
"All tissues","SuSiE-slide","CSs without a shared biological lead SNP",130.078125,0.00089485096824686,10,"gaussian","all finite selected distances; unit area over full domain",21900,21900,11056,0,10844,200
"All tissues","SuSiE-slide","CSs without a shared biological lead SNP",130.46875,0.000896372912448989,10,"gaussian","all finite selected distances; unit area over full domain",21900,21900,11056,0,10844,200
"All tissues","SuSiE-slide","CSs without a shared biological lead SNP",130.859375,0.000897808576948286,10,"gaussian","all finite selected distances; unit area over full domain",21900,21900,11056,0,10844,200
"All tissues","SuSiE-slide","CSs without a shared biological lead SNP",131.25,0.000899159040160859,10,"gaussian","all finite selected distances; unit area over full domain",21900,21900,11056,0,10844,200
"All tissues","SuSiE-slide","CSs without a shared biological lead SNP",131.640625,0.000900415842671225,10,"gaussian","all finite selected distances; unit area over full domain",21900,21900,11056,0,10844,200
"All tissues","SuSiE-slide","CSs without a shared biological lead SNP",132.03125,0.000901569899055683,10,"gaussian","all finite selected distances; unit area over full domain",21900,21900,11056,0,10844,200
"All tissues","SuSiE-slide","CSs without a shared biological lead SNP",132.421875,0.000902625585216489,10,"gaussian","all finite selected distances; unit area over full domain",21900,21900,11056,0,10844,200
"All tissues","SuSiE-slide","CSs without a shared biological lead SNP",132.8125,0.000903575873111016,10,"gaussian","all finite selected distances; unit area over full domain",21900,21900,11056,0,10844,200
"All tissues","SuSiE-slide","CSs without a shared biological lead SNP",133.203125,0.000904413786066726,10,"gaussian","all finite selected distances; unit area over full domain",21900,21900,11056,0,10844,200
"All tissues","SuSiE-slide","CSs without a shared biological lead SNP",133.59375,0.000905146470877215,10,"gaussian","all finite selected distances; unit area over full domain",21900,21900,11056,0,10844,200
"All tissues","SuSiE-slide","CSs without a shared biological lead SNP",133.984375,0.000905768575283643,10,"gaussian","all finite selected distances; unit area over full domain",21900,21900,11056,0,10844,200
"All tissues","SuSiE-slide","CSs without a shared biological lead SNP",134.375,0.000906275472021934,10,"gaussian","all finite selected distances; unit area over full domain",21900,21900,11056,0,10844,200
"All tissues","SuSiE-slide","CSs without a shared biological lead SNP",134.765625,0.00090667644702244,10,"gaussian","all finite selected distances; unit area over full domain",21900,21900,11056,0,10844,200
"All tissues","SuSiE-slide","CSs without a shared biological lead SNP",135.15625,0.000906967960041168,10,"gaussian","all finite selected distances; unit area over full domain",21900,21900,11056,0,10844,200
"All tissues","SuSiE-slide","CSs without a shared biological lead SNP",135.546875,0.000907147796641584,10,"gaussian","all finite selected distances; unit area over full domain",21900,21900,11056,0,10844,200
"All tissues","SuSiE-slide","CSs without a shared biological lead SNP",135.9375,0.000907226690210713,10,"gaussian","all finite selected distances; unit area over full domain",21900,21900,11056,0,10844,200
"All tissues","SuSiE-slide","CSs without a shared biological lead SNP",136.328125,0.000907202940832659,10,"gaussian","all finite selected distances; unit area over full domain",21900,21900,11056,0,10844,200
"All tissues","SuSiE-slide","CSs without a shared biological lead SNP",136.71875,0.000907076644929585,10,"gaussian","all finite selected distances; unit area over full domain",21900,21900,11056,0,10844,200
"All tissues","SuSiE-slide","CSs without a shared biological lead SNP",137.109375,0.000906859276686212,10,"gaussian","all finite selected distances; unit area over full domain",21900,21900,11056,0,10844,200
"All tissues","SuSiE-slide","CSs without a shared biological lead SNP",137.5,0.00090655090332878,10,"gaussian","all finite selected distances; unit area over full domain",21900,21900,11056,0,10844,200
"All tissues","SuSiE-slide","CSs without a shared biological lead SNP",137.890625,0.000906153686769997,10,"gaussian","all finite selected distances; unit area over full domain",21900,21900,11056,0,10844,200
"All tissues","SuSiE-slide","CSs without a shared biological lead SNP",138.28125,0.000905679162041003,10,"gaussian","all finite selected distances; unit area over full domain",21900,21900,11056,0,10844,200
"All tissues","SuSiE-slide","CSs without a shared biological lead SNP",138.671875,0.000905129000357884,10,"gaussian","all finite selected distances; unit area over full domain",21900,21900,11056,0,10844,200
"All tissues","SuSiE-slide","CSs without a shared biological lead SNP",139.0625,0.000904507069849046,10,"gaussian","all finite selected distances; unit area over full domain",21900,21900,11056,0,10844,200
"All tissues","SuSiE-slide","CSs without a shared biological lead SNP",139.453125,0.000903824349241054,10,"gaussian","all finite selected distances; unit area over full domain",21900,21900,11056,0,10844,200
"All tissues","SuSiE-slide","CSs without a shared biological lead SNP",139.84375,0.000903083876105219,10,"gaussian","all finite selected distances; unit area over full domain",21900,21900,11056,0,10844,200
"All tissues","SuSiE-slide","CSs without a shared biological lead SNP",140.234375,0.000902290785835564,10,"gaussian","all finite selected distances; unit area over full domain",21900,21900,11056,0,10844,200
"All tissues","SuSiE-slide","CSs without a shared biological lead SNP",140.625,0.000901454975409817,10,"gaussian","all finite selected distances; unit area over full domain",21900,21900,11056,0,10844,200
"All tissues","SuSiE-slide","CSs without a shared biological lead SNP",141.015625,0.000900580554923782,10,"gaussian","all finite selected distances; unit area over full domain",21900,21900,11056,0,10844,200
"All tissues","SuSiE-slide","CSs without a shared biological lead SNP",141.40625,0.000899673444739761,10,"gaussian","all finite selected distances; unit area over full domain",21900,21900,11056,0,10844,200
"All tissues","SuSiE-slide","CSs without a shared biological lead SNP",141.796875,0.00089874204721757,10,"gaussian","all finite selected distances; unit area over full domain",21900,21900,11056,0,10844,200
"All tissues","SuSiE-slide","CSs without a shared biological lead SNP",142.1875,0.00089779121498917,10,"gaussian","all finite selected distances; unit area over full domain",21900,21900,11056,0,10844,200
"All tissues","SuSiE-slide","CSs without a shared biological lead SNP",142.578125,0.000896827163807689,10,"gaussian","all finite selected distances; unit area over full domain",21900,21900,11056,0,10844,200
"All tissues","SuSiE-slide","CSs without a shared biological lead SNP",142.96875,0.000895856513747997,10,"gaussian","all finite selected distances; unit area over full domain",21900,21900,11056,0,10844,200
"All tissues","SuSiE-slide","CSs without a shared biological lead SNP",143.359375,0.000894884514696367,10,"gaussian","all finite selected distances; unit area over full domain",21900,21900,11056,0,10844,200
"All tissues","SuSiE-slide","CSs without a shared biological lead SNP",143.75,0.000893917214737415,10,"gaussian","all finite selected distances; unit area over full domain",21900,21900,11056,0,10844,200
"All tissues","SuSiE-slide","CSs without a shared biological lead SNP",144.140625,0.000892959293874823,10,"gaussian","all finite selected distances; unit area over full domain",21900,21900,11056,0,10844,200
"All tissues","SuSiE-slide","CSs without a shared biological lead SNP",144.53125,0.000892016059528592,10,"gaussian","all finite selected distances; unit area over full domain",21900,21900,11056,0,10844,200
"All tissues","SuSiE-slide","CSs without a shared biological lead SNP",144.921875,0.000891092985428858,10,"gaussian","all finite selected distances; unit area over full domain",21900,21900,11056,0,10844,200
"All tissues","SuSiE-slide","CSs without a shared biological lead SNP",145.3125,0.000890192780953593,10,"gaussian","all finite selected distances; unit area over full domain",21900,21900,11056,0,10844,200
"All tissues","SuSiE-slide","CSs without a shared biological lead SNP",145.703125,0.000889320496931909,10,"gaussian","all finite selected distances; unit area over full domain",21900,21900,11056,0,10844,200
"All tissues","SuSiE-slide","CSs without a shared biological lead SNP",146.09375,0.000888480706941013,10,"gaussian","all finite selected distances; unit area over full domain",21900,21900,11056,0,10844,200
"All tissues","SuSiE-slide","CSs without a shared biological lead SNP",146.484375,0.000887674237230264,10,"gaussian","all finite selected distances; unit area over full domain",21900,21900,11056,0,10844,200
"All tissues","SuSiE-slide","CSs without a shared biological lead SNP",146.875,0.00088690561186375,10,"gaussian","all finite selected distances; unit area over full domain",21900,21900,11056,0,10844,200
"All tissues","SuSiE-slide","CSs without a shared biological lead SNP",147.265625,0.000886178277349422,10,"gaussian","all finite selected distances; unit area over full domain",21900,21900,11056,0,10844,200
"All tissues","SuSiE-slide","CSs without a shared biological lead SNP",147.65625,0.000885491367519248,10,"gaussian","all finite selected distances; unit area over full domain",21900,21900,11056,0,10844,200
"All tissues","SuSiE-slide","CSs without a shared biological lead SNP",148.046875,0.000884848669166761,10,"gaussian","all finite selected distances; unit area over full domain",21900,21900,11056,0,10844,200
"All tissues","SuSiE-slide","CSs without a shared biological lead SNP",148.4375,0.000884252384197516,10,"gaussian","all finite selected distances; unit area over full domain",21900,21900,11056,0,10844,200
"All tissues","SuSiE-slide","CSs without a shared biological lead SNP",148.828125,0.000883700228372822,10,"gaussian","all finite selected distances; unit area over full domain",21900,21900,11056,0,10844,200
"All tissues","SuSiE-slide","CSs without a shared biological lead SNP",149.21875,0.000883195112414745,10,"gaussian","all finite selected distances; unit area over full domain",21900,21900,11056,0,10844,200
"All tissues","SuSiE-slide","CSs without a shared biological lead SNP",149.609375,0.000882737987764603,10,"gaussian","all finite selected distances; unit area over full domain",21900,21900,11056,0,10844,200
"All tissues","SuSiE-slide","CSs without a shared biological lead SNP",150,0.00088232548676009,10,"gaussian","all finite selected distances; unit area over full domain",21900,21900,11056,0,10844,200
"All tissues","SuSiE-slide","CSs without a shared biological lead SNP",150.390625,0.000881959584248693,10,"gaussian","all finite selected distances; unit area over full domain",21900,21900,11056,0,10844,200
"All tissues","SuSiE-slide","CSs without a shared biological lead SNP",150.78125,0.000881640080741608,10,"gaussian","all finite selected distances; unit area over full domain",21900,21900,11056,0,10844,200
"All tissues","SuSiE-slide","CSs without a shared biological lead SNP",151.171875,0.000881362894125353,10,"gaussian","all finite selected distances; unit area over full domain",21900,21900,11056,0,10844,200
"All tissues","SuSiE-slide","CSs without a shared biological lead SNP",151.5625,0.000881129084179734,10,"gaussian","all finite selected distances; unit area over full domain",21900,21900,11056,0,10844,200
"All tissues","SuSiE-slide","CSs without a shared biological lead SNP",151.953125,0.000880937490749924,10,"gaussian","all finite selected distances; unit area over full domain",21900,21900,11056,0,10844,200
"All tissues","SuSiE-slide","CSs without a shared biological lead SNP",152.34375,0.000880783693271724,10,"gaussian","all finite selected distances; unit area over full domain",21900,21900,11056,0,10844,200
"All tissues","SuSiE-slide","CSs without a shared biological lead SNP",152.734375,0.000880667933169377,10,"gaussian","all finite selected distances; unit area over full domain",21900,21900,11056,0,10844,200
"All tissues","SuSiE-slide","CSs without a shared biological lead SNP",153.125,0.000880588348405719,10,"gaussian","all finite selected distances; unit area over full domain",21900,21900,11056,0,10844,200
"All tissues","SuSiE-slide","CSs without a shared biological lead SNP",153.515625,0.000880540535927812,10,"gaussian","all finite selected distances; unit area over full domain",21900,21900,11056,0,10844,200
"All tissues","SuSiE-slide","CSs without a shared biological lead SNP",153.90625,0.000880524080251055,10,"gaussian","all finite selected distances; unit area over full domain",21900,21900,11056,0,10844,200
"All tissues","SuSiE-slide","CSs without a shared biological lead SNP",154.296875,0.000880536716617807,10,"gaussian","all finite selected distances; unit area over full domain",21900,21900,11056,0,10844,200
"All tissues","SuSiE-slide","CSs without a shared biological lead SNP",154.6875,0.000880574370337443,10,"gaussian","all finite selected distances; unit area over full domain",21900,21900,11056,0,10844,200
"All tissues","SuSiE-slide","CSs without a shared biological lead SNP",155.078125,0.00088063617804843,10,"gaussian","all finite selected distances; unit area over full domain",21900,21900,11056,0,10844,200
"All tissues","SuSiE-slide","CSs without a shared biological lead SNP",155.46875,0.000880719780111513,10,"gaussian","all finite selected distances; unit area over full domain",21900,21900,11056,0,10844,200
"All tissues","SuSiE-slide","CSs without a shared biological lead SNP",155.859375,0.000880821674730004,10,"gaussian","all finite selected distances; unit area over full domain",21900,21900,11056,0,10844,200
"All tissues","SuSiE-slide","CSs without a shared biological lead SNP",156.25,0.000880940785350153,10,"gaussian","all finite selected distances; unit area over full domain",21900,21900,11056,0,10844,200
"All tissues","SuSiE-slide","CSs without a shared biological lead SNP",156.640625,0.00088107494169389,10,"gaussian","all finite selected distances; unit area over full domain",21900,21900,11056,0,10844,200
"All tissues","SuSiE-slide","CSs without a shared biological lead SNP",157.03125,0.000881221377527792,10,"gaussian","all finite selected distances; unit area over full domain",21900,21900,11056,0,10844,200
"All tissues","SuSiE-slide","CSs without a shared biological lead SNP",157.421875,0.000881379038601609,10,"gaussian","all finite selected distances; unit area over full domain",21900,21900,11056,0,10844,200
"All tissues","SuSiE-slide","CSs without a shared biological lead SNP",157.8125,0.000881546175130317,10,"gaussian","all finite selected distances; unit area over full domain",21900,21900,11056,0,10844,200
"All tissues","SuSiE-slide","CSs without a shared biological lead SNP",158.203125,0.000881720828883441,10,"gaussian","all finite selected distances; unit area over full domain",21900,21900,11056,0,10844,200
"All tissues","SuSiE-slide","CSs without a shared biological lead SNP",158.59375,0.000881902178877386,10,"gaussian","all finite selected distances; unit area over full domain",21900,21900,11056,0,10844,200
"All tissues","SuSiE-slide","CSs without a shared biological lead SNP",158.984375,0.000882089050376317,10,"gaussian","all finite selected distances; unit area over full domain",21900,21900,11056,0,10844,200
"All tissues","SuSiE-slide","CSs without a shared biological lead SNP",159.375,0.000882280275155448,10,"gaussian","all finite selected distances; unit area over full domain",21900,21900,11056,0,10844,200
"All tissues","SuSiE-slide","CSs without a shared biological lead SNP",159.765625,0.00088247542877907,10,"gaussian","all finite selected distances; unit area over full domain",21900,21900,11056,0,10844,200
"All tissues","SuSiE-slide","CSs without a shared biological lead SNP",160.15625,0.000882673974947434,10,"gaussian","all finite selected distances; unit area over full domain",21900,21900,11056,0,10844,200
"All tissues","SuSiE-slide","CSs without a shared biological lead SNP",160.546875,0.000882875435219598,10,"gaussian","all finite selected distances; unit area over full domain",21900,21900,11056,0,10844,200
"All tissues","SuSiE-slide","CSs without a shared biological lead SNP",160.9375,0.000883079879019005,10,"gaussian","all finite selected distances; unit area over full domain",21900,21900,11056,0,10844,200
"All tissues","SuSiE-slide","CSs without a shared biological lead SNP",161.328125,0.000883287376911168,10,"gaussian","all finite selected distances; unit area over full domain",21900,21900,11056,0,10844,200
"All tissues","SuSiE-slide","CSs without a shared biological lead SNP",161.71875,0.000883497973835424,10,"gaussian","all finite selected distances; unit area over full domain",21900,21900,11056,0,10844,200
"All tissues","SuSiE-slide","CSs without a shared biological lead SNP",162.109375,0.000883712253282409,10,"gaussian","all finite selected distances; unit area over full domain",21900,21900,11056,0,10844,200
"All tissues","SuSiE-slide","CSs without a shared biological lead SNP",162.5,0.000883930773887669,10,"gaussian","all finite selected distances; unit area over full domain",21900,21900,11056,0,10844,200
"All tissues","SuSiE-slide","CSs without a shared biological lead SNP",162.890625,0.000884153893802542,10,"gaussian","all finite selected distances; unit area over full domain",21900,21900,11056,0,10844,200
"All tissues","SuSiE-slide","CSs without a shared biological lead SNP",163.28125,0.000884382651308151,10,"gaussian","all finite selected distances; unit area over full domain",21900,21900,11056,0,10844,200
"All tissues","SuSiE-slide","CSs without a shared biological lead SNP",163.671875,0.000884617905662335,10,"gaussian","all finite selected distances; unit area over full domain",21900,21900,11056,0,10844,200
"All tissues","SuSiE-slide","CSs without a shared biological lead SNP",164.0625,0.000884860100861998,10,"gaussian","all finite selected distances; unit area over full domain",21900,21900,11056,0,10844,200
"All tissues","SuSiE-slide","CSs without a shared biological lead SNP",164.453125,0.00088511059823461,10,"gaussian","all finite selected distances; unit area over full domain",21900,21900,11056,0,10844,200
"All tissues","SuSiE-slide","CSs without a shared biological lead SNP",164.84375,0.000885370328888139,10,"gaussian","all finite selected distances; unit area over full domain",21900,21900,11056,0,10844,200
"All tissues","SuSiE-slide","CSs without a shared biological lead SNP",165.234375,0.0008856396060336,10,"gaussian","all finite selected distances; unit area over full domain",21900,21900,11056,0,10844,200
"All tissues","SuSiE-slide","CSs without a shared biological lead SNP",165.625,0.000885919925799917,10,"gaussian","all finite selected distances; unit area over full domain",21900,21900,11056,0,10844,200
"All tissues","SuSiE-slide","CSs without a shared biological lead SNP",166.015625,0.000886212053845908,10,"gaussian","all finite selected distances; unit area over full domain",21900,21900,11056,0,10844,200
"All tissues","SuSiE-slide","CSs without a shared biological lead SNP",166.40625,0.000886515992953922,10,"gaussian","all finite selected distances; unit area over full domain",21900,21900,11056,0,10844,200
"All tissues","SuSiE-slide","CSs without a shared biological lead SNP",166.796875,0.000886833152662225,10,"gaussian","all finite selected distances; unit area over full domain",21900,21900,11056,0,10844,200
"All tissues","SuSiE-slide","CSs without a shared biological lead SNP",167.1875,0.000887163921497353,10,"gaussian","all finite selected distances; unit area over full domain",21900,21900,11056,0,10844,200
"All tissues","SuSiE-slide","CSs without a shared biological lead SNP",167.578125,0.000887507870768281,10,"gaussian","all finite selected distances; unit area over full domain",21900,21900,11056,0,10844,200
"All tissues","SuSiE-slide","CSs without a shared biological lead SNP",167.96875,0.000887866097068098,10,"gaussian","all finite selected distances; unit area over full domain",21900,21900,11056,0,10844,200
"All tissues","SuSiE-slide","CSs without a shared biological lead SNP",168.359375,0.00088823845675201,10,"gaussian","all finite selected distances; unit area over full domain",21900,21900,11056,0,10844,200
"All tissues","SuSiE-slide","CSs without a shared biological lead SNP",168.75,0.000888624041639423,10,"gaussian","all finite selected distances; unit area over full domain",21900,21900,11056,0,10844,200
"All tissues","SuSiE-slide","CSs without a shared biological lead SNP",169.140625,0.00088902343377688,10,"gaussian","all finite selected distances; unit area over full domain",21900,21900,11056,0,10844,200
"All tissues","SuSiE-slide","CSs without a shared biological lead SNP",169.53125,0.000889435882632823,10,"gaussian","all finite selected distances; unit area over full domain",21900,21900,11056,0,10844,200
"All tissues","SuSiE-slide","CSs without a shared biological lead SNP",169.921875,0.000889860031008583,10,"gaussian","all finite selected distances; unit area over full domain",21900,21900,11056,0,10844,200
"All tissues","SuSiE-slide","CSs without a shared biological lead SNP",170.3125,0.000890295797109167,10,"gaussian","all finite selected distances; unit area over full domain",21900,21900,11056,0,10844,200
"All tissues","SuSiE-slide","CSs without a shared biological lead SNP",170.703125,0.000890741842015331,10,"gaussian","all finite selected distances; unit area over full domain",21900,21900,11056,0,10844,200
"All tissues","SuSiE-slide","CSs without a shared biological lead SNP",171.09375,0.000891196464144853,10,"gaussian","all finite selected distances; unit area over full domain",21900,21900,11056,0,10844,200
"All tissues","SuSiE-slide","CSs without a shared biological lead SNP",171.484375,0.000891658842601995,10,"gaussian","all finite selected distances; unit area over full domain",21900,21900,11056,0,10844,200
"All tissues","SuSiE-slide","CSs without a shared biological lead SNP",171.875,0.000892127161740283,10,"gaussian","all finite selected distances; unit area over full domain",21900,21900,11056,0,10844,200
"All tissues","SuSiE-slide","CSs without a shared biological lead SNP",172.265625,0.000892599540586155,10,"gaussian","all finite selected distances; unit area over full domain",21900,21900,11056,0,10844,200
"All tissues","SuSiE-slide","CSs without a shared biological lead SNP",172.65625,0.000893074430648169,10,"gaussian","all finite selected distances; unit area over full domain",21900,21900,11056,0,10844,200
"All tissues","SuSiE-slide","CSs without a shared biological lead SNP",173.046875,0.000893549730863125,10,"gaussian","all finite selected distances; unit area over full domain",21900,21900,11056,0,10844,200
"All tissues","SuSiE-slide","CSs without a shared biological lead SNP",173.4375,0.00089402358436568,10,"gaussian","all finite selected distances; unit area over full domain",21900,21900,11056,0,10844,200
"All tissues","SuSiE-slide","CSs without a shared biological lead SNP",173.828125,0.000894493814807515,10,"gaussian","all finite selected distances; unit area over full domain",21900,21900,11056,0,10844,200
"All tissues","SuSiE-slide","CSs without a shared biological lead SNP",174.21875,0.000894958280995586,10,"gaussian","all finite selected distances; unit area over full domain",21900,21900,11056,0,10844,200
"All tissues","SuSiE-slide","CSs without a shared biological lead SNP",174.609375,0.000895415364744354,10,"gaussian","all finite selected distances; unit area over full domain",21900,21900,11056,0,10844,200
"All tissues","SuSiE-slide","CSs without a shared biological lead SNP",175,0.000895862439057685,10,"gaussian","all finite selected distances; unit area over full domain",21900,21900,11056,0,10844,200
"All tissues","SuSiE-slide","CSs without a shared biological lead SNP",175.390625,0.000896297587093719,10,"gaussian","all finite selected distances; unit area over full domain",21900,21900,11056,0,10844,200
"All tissues","SuSiE-slide","CSs without a shared biological lead SNP",175.78125,0.000896719625224791,10,"gaussian","all finite selected distances; unit area over full domain",21900,21900,11056,0,10844,200
"All tissues","SuSiE-slide","CSs without a shared biological lead SNP",176.171875,0.000897125708043992,10,"gaussian","all finite selected distances; unit area over full domain",21900,21900,11056,0,10844,200
"All tissues","SuSiE-slide","CSs without a shared biological lead SNP",176.5625,0.000897514387369799,10,"gaussian","all finite selected distances; unit area over full domain",21900,21900,11056,0,10844,200
"All tissues","SuSiE-slide","CSs without a shared biological lead SNP",176.953125,0.000897885062935007,10,"gaussian","all finite selected distances; unit area over full domain",21900,21900,11056,0,10844,200
"All tissues","SuSiE-slide","CSs without a shared biological lead SNP",177.34375,0.000898234926227129,10,"gaussian","all finite selected distances; unit area over full domain",21900,21900,11056,0,10844,200
"All tissues","SuSiE-slide","CSs without a shared biological lead SNP",177.734375,0.000898563183399986,10,"gaussian","all finite selected distances; unit area over full domain",21900,21900,11056,0,10844,200
"All tissues","SuSiE-slide","CSs without a shared biological lead SNP",178.125,0.000898869896031847,10,"gaussian","all finite selected distances; unit area over full domain",21900,21900,11056,0,10844,200
"All tissues","SuSiE-slide","CSs without a shared biological lead SNP",178.515625,0.000899152533047205,10,"gaussian","all finite selected distances; unit area over full domain",21900,21900,11056,0,10844,200
"All tissues","SuSiE-slide","CSs without a shared biological lead SNP",178.90625,0.000899411050179282,10,"gaussian","all finite selected distances; unit area over full domain",21900,21900,11056,0,10844,200
"All tissues","SuSiE-slide","CSs without a shared biological lead SNP",179.296875,0.000899646164256624,10,"gaussian","all finite selected distances; unit area over full domain",21900,21900,11056,0,10844,200
"All tissues","SuSiE-slide","CSs without a shared biological lead SNP",179.6875,0.000899855808516002,10,"gaussian","all finite selected distances; unit area over full domain",21900,21900,11056,0,10844,200
"All tissues","SuSiE-slide","CSs without a shared biological lead SNP",180.078125,0.000900040673190661,10,"gaussian","all finite selected distances; unit area over full domain",21900,21900,11056,0,10844,200
"All tissues","SuSiE-slide","CSs without a shared biological lead SNP",180.46875,0.000900202034870377,10,"gaussian","all finite selected distances; unit area over full domain",21900,21900,11056,0,10844,200
"All tissues","SuSiE-slide","CSs without a shared biological lead SNP",180.859375,0.000900338389747524,10,"gaussian","all finite selected distances; unit area over full domain",21900,21900,11056,0,10844,200
"All tissues","SuSiE-slide","CSs without a shared biological lead SNP",181.25,0.000900451033073539,10,"gaussian","all finite selected distances; unit area over full domain",21900,21900,11056,0,10844,200
"All tissues","SuSiE-slide","CSs without a shared biological lead SNP",181.640625,0.000900541625161555,10,"gaussian","all finite selected distances; unit area over full domain",21900,21900,11056,0,10844,200
"All tissues","SuSiE-slide","CSs without a shared biological lead SNP",182.03125,0.000900609210689951,10,"gaussian","all finite selected distances; unit area over full domain",21900,21900,11056,0,10844,200
"All tissues","SuSiE-slide","CSs without a shared biological lead SNP",182.421875,0.0009006554596583,10,"gaussian","all finite selected distances; unit area over full domain",21900,21900,11056,0,10844,200
"All tissues","SuSiE-slide","CSs without a shared biological lead SNP",182.8125,0.000900682179703745,10,"gaussian","all finite selected distances; unit area over full domain",21900,21900,11056,0,10844,200
"All tissues","SuSiE-slide","CSs without a shared biological lead SNP",183.203125,0.000900688825725418,10,"gaussian","all finite selected distances; unit area over full domain",21900,21900,11056,0,10844,200
"All tissues","SuSiE-slide","CSs without a shared biological lead SNP",183.59375,0.000900677142098472,10,"gaussian","all finite selected distances; unit area over full domain",21900,21900,11056,0,10844,200
"All tissues","SuSiE-slide","CSs without a shared biological lead SNP",183.984375,0.000900648817121921,10,"gaussian","all finite selected distances; unit area over full domain",21900,21900,11056,0,10844,200
"All tissues","SuSiE-slide","CSs without a shared biological lead SNP",184.375,0.000900603460327737,10,"gaussian","all finite selected distances; unit area over full domain",21900,21900,11056,0,10844,200
"All tissues","SuSiE-slide","CSs without a shared biological lead SNP",184.765625,0.000900542564484204,10,"gaussian","all finite selected distances; unit area over full domain",21900,21900,11056,0,10844,200
"All tissues","SuSiE-slide","CSs without a shared biological lead SNP",185.15625,0.000900467438217612,10,"gaussian","all finite selected distances; unit area over full domain",21900,21900,11056,0,10844,200
"All tissues","SuSiE-slide","CSs without a shared biological lead SNP",185.546875,0.000900377497232838,10,"gaussian","all finite selected distances; unit area over full domain",21900,21900,11056,0,10844,200
"All tissues","SuSiE-slide","CSs without a shared biological lead SNP",185.9375,0.00090027368374457,10,"gaussian","all finite selected distances; unit area over full domain",21900,21900,11056,0,10844,200
"All tissues","SuSiE-slide","CSs without a shared biological lead SNP",186.328125,0.00090015671122289,10,"gaussian","all finite selected distances; unit area over full domain",21900,21900,11056,0,10844,200
"All tissues","SuSiE-slide","CSs without a shared biological lead SNP",186.71875,0.000900025401007761,10,"gaussian","all finite selected distances; unit area over full domain",21900,21900,11056,0,10844,200
"All tissues","SuSiE-slide","CSs without a shared biological lead SNP",187.109375,0.000899879926259826,10,"gaussian","all finite selected distances; unit area over full domain",21900,21900,11056,0,10844,200
"All tissues","SuSiE-slide","CSs without a shared biological lead SNP",187.5,0.000899720269968565,10,"gaussian","all finite selected distances; unit area over full domain",21900,21900,11056,0,10844,200
"All tissues","SuSiE-slide","CSs without a shared biological lead SNP",187.890625,0.000899544259558559,10,"gaussian","all finite selected distances; unit area over full domain",21900,21900,11056,0,10844,200
"All tissues","SuSiE-slide","CSs without a shared biological lead SNP",188.28125,0.000899351207128825,10,"gaussian","all finite selected distances; unit area over full domain",21900,21900,11056,0,10844,200
"All tissues","SuSiE-slide","CSs without a shared biological lead SNP",188.671875,0.000899140337060606,10,"gaussian","all finite selected distances; unit area over full domain",21900,21900,11056,0,10844,200
"All tissues","SuSiE-slide","CSs without a shared biological lead SNP",189.0625,0.000898908143513368,10,"gaussian","all finite selected distances; unit area over full domain",21900,21900,11056,0,10844,200
"All tissues","SuSiE-slide","CSs without a shared biological lead SNP",189.453125,0.000898653143024013,10,"gaussian","all finite selected distances; unit area over full domain",21900,21900,11056,0,10844,200
"All tissues","SuSiE-slide","CSs without a shared biological lead SNP",189.84375,0.000898373894968041,10,"gaussian","all finite selected distances; unit area over full domain",21900,21900,11056,0,10844,200
"All tissues","SuSiE-slide","CSs without a shared biological lead SNP",190.234375,0.000898065339007747,10,"gaussian","all finite selected distances; unit area over full domain",21900,21900,11056,0,10844,200
"All tissues","SuSiE-slide","CSs without a shared biological lead SNP",190.625,0.000897725429125055,10,"gaussian","all finite selected distances; unit area over full domain",21900,21900,11056,0,10844,200
"All tissues","SuSiE-slide","CSs without a shared biological lead SNP",191.015625,0.000897352274295572,10,"gaussian","all finite selected distances; unit area over full domain",21900,21900,11056,0,10844,200
"All tissues","SuSiE-slide","CSs without a shared biological lead SNP",191.40625,0.000896939205403079,10,"gaussian","all finite selected distances; unit area over full domain",21900,21900,11056,0,10844,200
"All tissues","SuSiE-slide","CSs without a shared biological lead SNP",191.796875,0.000896484000128529,10,"gaussian","all finite selected distances; unit area over full domain",21900,21900,11056,0,10844,200
"All tissues","SuSiE-slide","CSs without a shared biological lead SNP",192.1875,0.00089598463586848,10,"gaussian","all finite selected distances; unit area over full domain",21900,21900,11056,0,10844,200
"All tissues","SuSiE-slide","CSs without a shared biological lead SNP",192.578125,0.000895432980104008,10,"gaussian","all finite selected distances; unit area over full domain",21900,21900,11056,0,10844,200
"All tissues","SuSiE-slide","CSs without a shared biological lead SNP",192.96875,0.00089482713535498,10,"gaussian","all finite selected distances; unit area over full domain",21900,21900,11056,0,10844,200
"All tissues","SuSiE-slide","CSs without a shared biological lead SNP",193.359375,0.000894165338984111,10,"gaussian","all finite selected distances; unit area over full domain",21900,21900,11056,0,10844,200
"All tissues","SuSiE-slide","CSs without a shared biological lead SNP",193.75,0.000893438351410271,10,"gaussian","all finite selected distances; unit area over full domain",21900,21900,11056,0,10844,200
"All tissues","SuSiE-slide","CSs without a shared biological lead SNP",194.140625,0.00089264515729173,10,"gaussian","all finite selected distances; unit area over full domain",21900,21900,11056,0,10844,200
"All tissues","SuSiE-slide","CSs without a shared biological lead SNP",194.53125,0.000891784675440633,10,"gaussian","all finite selected distances; unit area over full domain",21900,21900,11056,0,10844,200
"All tissues","SuSiE-slide","CSs without a shared biological lead SNP",194.921875,0.00089084711372175,10,"gaussian","all finite selected distances; unit area over full domain",21900,21900,11056,0,10844,200
"All tissues","SuSiE-slide","CSs without a shared biological lead SNP",195.3125,0.000889832880207837,10,"gaussian","all finite selected distances; unit area over full domain",21900,21900,11056,0,10844,200
"All tissues","SuSiE-slide","CSs without a shared biological lead SNP",195.703125,0.000888741977525151,10,"gaussian","all finite selected distances; unit area over full domain",21900,21900,11056,0,10844,200
"All tissues","SuSiE-slide","CSs without a shared biological lead SNP",196.09375,0.000887564777050439,10,"gaussian","all finite selected distances; unit area over full domain",21900,21900,11056,0,10844,200
"All tissues","SuSiE-slide","CSs without a shared biological lead SNP",196.484375,0.000886303559044425,10,"gaussian","all finite selected distances; unit area over full domain",21900,21900,11056,0,10844,200
"All tissues","SuSiE-slide","CSs without a shared biological lead SNP",196.875,0.000884959743825842,10,"gaussian","all finite selected distances; unit area over full domain",21900,21900,11056,0,10844,200
"All tissues","SuSiE-slide","CSs without a shared biological lead SNP",197.265625,0.000883524686766083,10,"gaussian","all finite selected distances; unit area over full domain",21900,21900,11056,0,10844,200
"All tissues","SuSiE-slide","CSs without a shared biological lead SNP",197.65625,0.000882002825919426,10,"gaussian","all finite selected distances; unit area over full domain",21900,21900,11056,0,10844,200
"All tissues","SuSiE-slide","CSs without a shared biological lead SNP",198.046875,0.000880397221068729,10,"gaussian","all finite selected distances; unit area over full domain",21900,21900,11056,0,10844,200
"All tissues","SuSiE-slide","CSs without a shared biological lead SNP",198.4375,0.000878701064626933,10,"gaussian","all finite selected distances; unit area over full domain",21900,21900,11056,0,10844,200
"All tissues","SuSiE-slide","CSs without a shared biological lead SNP",198.828125,0.000876921019615781,10,"gaussian","all finite selected distances; unit area over full domain",21900,21900,11056,0,10844,200
"All tissues","SuSiE-slide","CSs without a shared biological lead SNP",199.21875,0.000875061862381728,10,"gaussian","all finite selected distances; unit area over full domain",21900,21900,11056,0,10844,200
"All tissues","SuSiE-slide","CSs without a shared biological lead SNP",199.609375,0.000873119428974715,10,"gaussian","all finite selected distances; unit area over full domain",21900,21900,11056,0,10844,200
"All tissues","SuSiE-slide","CSs without a shared biological lead SNP",200,0.000871102423934229,10,"gaussian","all finite selected distances; unit area over full domain",21900,21900,11056,0,10844,200
