Starting chunk 176 at Tue Sep  1 11:50:39 CDT 2026
[2026-09-01 11:50:39] starting WDR76
Importing covariate data.
Importing gene expression data.
Found 27 tissues for gene WDR76 :
 [1] "Adipose Tissue"  "Adrenal Gland"   "Blood"           "Blood Vessel"   
 [5] "Brain"           "Breast"          "Colon"           "Esophagus"      
 [9] "Heart"           "Kidney"          "Liver"           "Lung"           
[13] "Muscle"          "Nerve"           "Ovary"           "Pancreas"       
[17] "Pituitary"       "Prostate"        "Salivary Gland"  "Skin"           
[21] "Small Intestine" "Spleen"          "Stomach"         "Testis"         
[25] "Thyroid"         "Uterus"          "Vagina"         
112 SNP(s) removed because HWE P < 1e-08 :
  [1] "chr15_43520398_G_C_b38_G" "chr15_43525854_G_A_b38_G"
  [3] "chr15_43532553_T_C_b38_T" "chr15_43537417_G_A_b38_G"
  [5] "chr15_43538269_T_C_b38_T" "chr15_43541635_T_G_b38_T"
  [7] "chr15_43542120_C_T_b38_C" "chr15_43544751_G_A_b38_G"
  [9] "chr15_43545085_A_G_b38_A" "chr15_43553963_C_T_b38_C"
 [11] "chr15_43558288_T_C_b38_T" "chr15_43560929_C_T_b38_C"
 [13] "chr15_43560947_G_A_b38_G" "chr15_43599037_G_C_b38_G"
 [15] "chr15_43600874_G_A_b38_G" "chr15_43628891_C_T_b38_C"
 [17] "chr15_43653354_C_A_b38_C" "chr15_43653473_T_C_b38_T"
 [19] "chr15_43725145_A_G_b38_A" "chr15_43900831_A_C_b38_A"
 [21] "chr15_43900890_A_T_b38_A" "chr15_43903026_T_C_b38_T"
 [23] "chr15_43904423_G_C_b38_G" "chr15_43907111_G_T_b38_G"
 [25] "chr15_43908610_C_G_b38_C" "chr15_43910790_A_T_b38_A"
 [27] "chr15_43910847_A_C_b38_A" "chr15_43919715_G_A_b38_G"
 [29] "chr15_43922083_T_A_b38_T" "chr15_43922088_G_C_b38_G"
 [31] "chr15_43923912_T_C_b38_T" "chr15_43924971_T_C_b38_T"
 [33] "chr15_43928198_A_G_b38_A" "chr15_43930989_A_G_b38_A"
 [35] "chr15_43944043_A_G_b38_A" "chr15_43960164_C_T_b38_C"
 [37] "chr15_44074060_T_A_b38_T" "chr15_44075092_A_C_b38_A"
 [39] "chr15_44093666_G_A_b38_G" "chr15_44097699_G_A_b38_G"
 [41] "chr15_44098088_T_C_b38_T" "chr15_44107342_T_C_b38_T"
 [43] "chr15_44107430_G_A_b38_G" "chr15_44108450_G_A_b38_G"
 [45] "chr15_44114119_G_A_b38_G" "chr15_44117341_C_T_b38_C"
 [47] "chr15_44117672_C_T_b38_C" "chr15_44117884_T_C_b38_T"
 [49] "chr15_44118739_A_G_b38_A" "chr15_44119197_A_C_b38_A"
 [51] "chr15_44120400_C_T_b38_C" "chr15_44120657_G_C_b38_G"
 [53] "chr15_44120963_C_T_b38_C" "chr15_44122130_A_T_b38_A"
 [55] "chr15_44122178_C_G_b38_C" "chr15_44122418_C_T_b38_C"
 [57] "chr15_44122459_T_C_b38_T" "chr15_44122724_C_A_b38_C"
 [59] "chr15_44123073_A_G_b38_A" "chr15_44123404_G_T_b38_G"
 [61] "chr15_44123688_T_A_b38_T" "chr15_44123795_A_T_b38_A"
 [63] "chr15_44124814_A_T_b38_A" "chr15_44124870_C_T_b38_C"
 [65] "chr15_44125178_G_A_b38_G" "chr15_44125408_C_T_b38_C"
 [67] "chr15_44125537_C_A_b38_C" "chr15_44127261_C_T_b38_C"
 [69] "chr15_44127721_A_G_b38_A" "chr15_44128046_G_A_b38_G"
 [71] "chr15_44128702_T_G_b38_T" "chr15_44130040_C_G_b38_C"
 [73] "chr15_44131631_G_A_b38_G" "chr15_44131648_T_C_b38_T"
 [75] "chr15_44132118_T_G_b38_T" "chr15_44133240_A_C_b38_A"
 [77] "chr15_44133359_A_G_b38_A" "chr15_44134355_T_G_b38_T"
 [79] "chr15_44134392_A_G_b38_A" "chr15_44135758_G_A_b38_G"
 [81] "chr15_44136784_C_T_b38_C" "chr15_44138134_G_A_b38_G"
 [83] "chr15_44140696_T_C_b38_T" "chr15_44140789_A_G_b38_A"
 [85] "chr15_44141094_T_G_b38_T" "chr15_44142331_A_T_b38_A"
 [87] "chr15_44143065_T_C_b38_T" "chr15_44143652_G_A_b38_G"
 [89] "chr15_44143758_C_T_b38_C" "chr15_44143782_G_A_b38_G"
 [91] "chr15_44145494_G_T_b38_G" "chr15_44146610_C_T_b38_C"
 [93] "chr15_44158391_T_C_b38_T" "chr15_44165008_G_C_b38_G"
 [95] "chr15_44166436_G_T_b38_G" "chr15_44168604_A_G_b38_A"
 [97] "chr15_44169692_C_T_b38_C" "chr15_44178989_T_C_b38_T"
 [99] "chr15_44180208_C_T_b38_C" "chr15_44181213_T_A_b38_T"
[101] "chr15_44181291_G_A_b38_G" "chr15_44182478_T_C_b38_T"
[103] "chr15_44182531_A_G_b38_A" "chr15_44183130_A_G_b38_A"
[105] "chr15_44190916_T_C_b38_T" "chr15_44191166_G_C_b38_G"
[107] "chr15_44194041_G_C_b38_G" "chr15_44198041_T_A_b38_T"
[109] "chr15_44199406_G_A_b38_G" "chr15_44200051_G_A_b38_G"
[111] "chr15_44229936_G_A_b38_G" "chr15_44235417_A_C_b38_A"

=====================================
Tissue: Adipose Tissue 
=====================================
[1] TRUE
Running SuSiE.

=====================================
Tissue: Adrenal Gland 
=====================================
[1] TRUE
Running SuSiE.

=====================================
Tissue: Blood 
=====================================
[1] TRUE
Running SuSiE.

=====================================
Tissue: Blood Vessel 
=====================================
[1] TRUE
Running SuSiE.

=====================================
Tissue: Brain 
=====================================
[1] TRUE
Running SuSiE.

=====================================
Tissue: Breast 
=====================================
[1] TRUE
Running SuSiE.

=====================================
Tissue: Colon 
=====================================
[1] TRUE
Running SuSiE.

=====================================
Tissue: Esophagus 
=====================================
[1] TRUE
Running SuSiE.

=====================================
Tissue: Heart 
=====================================
[1] TRUE
Running SuSiE.

=====================================
Tissue: Kidney 
=====================================
[1] TRUE
Running SuSiE.

=====================================
Tissue: Liver 
=====================================
[1] TRUE
Running SuSiE.

=====================================
Tissue: Lung 
=====================================
[1] TRUE
Running SuSiE.

=====================================
Tissue: Muscle 
=====================================
[1] TRUE
Running SuSiE.

=====================================
Tissue: Nerve 
=====================================
[1] TRUE
Running SuSiE.

=====================================
Tissue: Ovary 
=====================================
[1] TRUE
Running SuSiE.

=====================================
Tissue: Pancreas 
=====================================
[1] TRUE
Running SuSiE.

=====================================
Tissue: Pituitary 
=====================================
[1] TRUE
Running SuSiE.

=====================================
Tissue: Prostate 
=====================================
[1] TRUE
Running SuSiE.

=====================================
Tissue: Salivary Gland 
=====================================
[1] TRUE
Running SuSiE.

=====================================
Tissue: Skin 
=====================================
[1] TRUE
Running SuSiE.

=====================================
Tissue: Small Intestine 
=====================================
[1] TRUE
Running SuSiE.

=====================================
Tissue: Spleen 
=====================================
[1] TRUE
Running SuSiE.

=====================================
Tissue: Stomach 
=====================================
[1] TRUE
Running SuSiE.

=====================================
Tissue: Testis 
=====================================
[1] TRUE
Running SuSiE.

=====================================
Tissue: Thyroid 
=====================================
[1] TRUE
Running SuSiE.

=====================================
Tissue: Uterus 
=====================================
[1] TRUE
Running SuSiE.

=====================================
Tissue: Vagina 
=====================================
[1] TRUE
Running SuSiE.
[2026-09-01 11:52:29] starting WDR77
Importing covariate data.
Importing gene expression data.
Found 27 tissues for gene WDR77 :
 [1] "Adipose Tissue"  "Adrenal Gland"   "Blood"           "Blood Vessel"   
 [5] "Brain"           "Breast"          "Colon"           "Esophagus"      
 [9] "Heart"           "Kidney"          "Liver"           "Lung"           
[13] "Muscle"          "Nerve"           "Ovary"           "Pancreas"       
[17] "Pituitary"       "Prostate"        "Salivary Gland"  "Skin"           
[21] "Small Intestine" "Spleen"          "Stomach"         "Testis"         
[25] "Thyroid"         "Uterus"          "Vagina"         
7 SNP(s) removed because HWE P < 1e-08 :
[1] "chr1_111134424_A_G_b38_A" "chr1_111233528_G_T_b38_G"
[3] "chr1_111271815_A_C_b38_A" "chr1_111393829_C_T_b38_C"
[5] "chr1_111549909_T_C_b38_T" "chr1_111555044_C_T_b38_C"
[7] "chr1_111584542_A_G_b38_A"

=====================================
Tissue: Adipose Tissue 
=====================================
[1] TRUE
Running SuSiE.

=====================================
Tissue: Adrenal Gland 
=====================================
[1] TRUE
Running SuSiE.

=====================================
Tissue: Blood 
=====================================
[1] TRUE
Running SuSiE.

=====================================
Tissue: Blood Vessel 
=====================================
[1] TRUE
Running SuSiE.

=====================================
Tissue: Brain 
=====================================
[1] TRUE
Running SuSiE.

=====================================
Tissue: Breast 
=====================================
[1] TRUE
Running SuSiE.

=====================================
Tissue: Colon 
=====================================
[1] TRUE
Running SuSiE.

=====================================
Tissue: Esophagus 
=====================================
[1] TRUE
Running SuSiE.

=====================================
Tissue: Heart 
=====================================
[1] TRUE
Running SuSiE.

=====================================
Tissue: Kidney 
=====================================
[1] TRUE
Running SuSiE.

=====================================
Tissue: Liver 
=====================================
[1] TRUE
Running SuSiE.

=====================================
Tissue: Lung 
=====================================
[1] TRUE
Running SuSiE.

=====================================
Tissue: Muscle 
=====================================
[1] TRUE
Running SuSiE.

=====================================
Tissue: Nerve 
=====================================
[1] TRUE
Running SuSiE.

=====================================
Tissue: Ovary 
=====================================
[1] TRUE
Running SuSiE.

=====================================
Tissue: Pancreas 
=====================================
[1] TRUE
Running SuSiE.

=====================================
Tissue: Pituitary 
=====================================
[1] TRUE
Running SuSiE.

=====================================
Tissue: Prostate 
=====================================
[1] TRUE
Running SuSiE.

=====================================
Tissue: Salivary Gland 
=====================================
[1] TRUE
Running SuSiE.

=====================================
Tissue: Skin 
=====================================
[1] TRUE
Running SuSiE.

=====================================
Tissue: Small Intestine 
=====================================
[1] TRUE
Running SuSiE.

=====================================
Tissue: Spleen 
=====================================
[1] TRUE
Running SuSiE.

=====================================
Tissue: Stomach 
=====================================
[1] TRUE
Running SuSiE.

=====================================
Tissue: Testis 
=====================================
[1] TRUE
Running SuSiE.

=====================================
Tissue: Thyroid 
=====================================
[1] TRUE
Running SuSiE.

=====================================
Tissue: Uterus 
=====================================
[1] TRUE
Running SuSiE.

=====================================
Tissue: Vagina 
=====================================
[1] TRUE
Running SuSiE.
[2026-09-01 11:55:32] starting WDR81
Importing covariate data.
Importing gene expression data.
Found 27 tissues for gene WDR81 :
 [1] "Adipose Tissue"  "Adrenal Gland"   "Blood"           "Blood Vessel"   
 [5] "Brain"           "Breast"          "Colon"           "Esophagus"      
 [9] "Heart"           "Kidney"          "Liver"           "Lung"           
[13] "Muscle"          "Nerve"           "Ovary"           "Pancreas"       
[17] "Pituitary"       "Prostate"        "Salivary Gland"  "Skin"           
[21] "Small Intestine" "Spleen"          "Stomach"         "Testis"         
[25] "Thyroid"         "Uterus"          "Vagina"         
31 SNP(s) removed because HWE P < 1e-08 :
 [1] "chr17_1219062_T_A_b38_T" "chr17_1254156_A_G_b38_A"
 [3] "chr17_1254592_A_G_b38_A" "chr17_1259304_G_C_b38_G"
 [5] "chr17_1259818_A_G_b38_A" "chr17_1278000_G_A_b38_G"
 [7] "chr17_1300897_G_C_b38_G" "chr17_1301595_C_T_b38_C"
 [9] "chr17_1302201_A_G_b38_A" "chr17_1320684_C_G_b38_C"
[11] "chr17_1323840_A_C_b38_A" "chr17_1376901_C_T_b38_C"
[13] "chr17_1389712_A_C_b38_A" "chr17_1390769_G_A_b38_G"
[15] "chr17_1396842_G_A_b38_G" "chr17_1403576_T_G_b38_T"
[17] "chr17_1502528_A_C_b38_A" "chr17_1586936_A_C_b38_A"
[19] "chr17_1607795_A_G_b38_A" "chr17_1615445_G_A_b38_G"
[21] "chr17_1616516_G_A_b38_G" "chr17_1649542_G_A_b38_G"
[23] "chr17_1652976_C_G_b38_C" "chr17_1656353_G_A_b38_G"
[25] "chr17_1662167_A_G_b38_A" "chr17_1690492_G_A_b38_G"
[27] "chr17_1761352_C_T_b38_C" "chr17_1762722_G_A_b38_G"
[29] "chr17_1829583_A_C_b38_A" "chr17_1829590_A_C_b38_A"
[31] "chr17_1829593_G_C_b38_G"

=====================================
Tissue: Adipose Tissue 
=====================================
[1] TRUE
Running SuSiE.

=====================================
Tissue: Adrenal Gland 
=====================================
[1] TRUE
Running SuSiE.

=====================================
Tissue: Blood 
=====================================
[1] TRUE
Running SuSiE.

=====================================
Tissue: Blood Vessel 
=====================================
[1] TRUE
Running SuSiE.

=====================================
Tissue: Brain 
=====================================
[1] TRUE
Running SuSiE.

=====================================
Tissue: Breast 
=====================================
[1] TRUE
Running SuSiE.

=====================================
Tissue: Colon 
=====================================
[1] TRUE
Running SuSiE.

=====================================
Tissue: Esophagus 
=====================================
[1] TRUE
Running SuSiE.

=====================================
Tissue: Heart 
=====================================
[1] TRUE
Running SuSiE.

=====================================
Tissue: Kidney 
=====================================
[1] TRUE
Running SuSiE.

=====================================
Tissue: Liver 
=====================================
[1] TRUE
Running SuSiE.

=====================================
Tissue: Lung 
=====================================
[1] TRUE
Running SuSiE.

=====================================
Tissue: Muscle 
=====================================
[1] TRUE
Running SuSiE.

=====================================
Tissue: Nerve 
=====================================
[1] TRUE
Running SuSiE.

=====================================
Tissue: Ovary 
=====================================
[1] TRUE
Running SuSiE.

=====================================
Tissue: Pancreas 
=====================================
[1] TRUE
Running SuSiE.

=====================================
Tissue: Pituitary 
=====================================
[1] TRUE
Running SuSiE.

=====================================
Tissue: Prostate 
=====================================
[1] TRUE
Running SuSiE.

=====================================
Tissue: Salivary Gland 
=====================================
[1] TRUE
Running SuSiE.

=====================================
Tissue: Skin 
=====================================
[1] TRUE
Running SuSiE.

=====================================
Tissue: Small Intestine 
=====================================
[1] TRUE
Running SuSiE.

=====================================
Tissue: Spleen 
=====================================
[1] TRUE
Running SuSiE.

=====================================
Tissue: Stomach 
=====================================
[1] TRUE
Running SuSiE.

=====================================
Tissue: Testis 
=====================================
[1] TRUE
Running SuSiE.

=====================================
Tissue: Thyroid 
=====================================
[1] TRUE
Running SuSiE.

=====================================
Tissue: Uterus 
=====================================
[1] TRUE
Running SuSiE.

=====================================
Tissue: Vagina 
=====================================
[1] TRUE
Running SuSiE.
[2026-09-01 11:58:48] starting WDR82
Importing covariate data.
Importing gene expression data.
Found 27 tissues for gene WDR82 :
 [1] "Adipose Tissue"  "Adrenal Gland"   "Blood"           "Blood Vessel"   
 [5] "Brain"           "Breast"          "Colon"           "Esophagus"      
 [9] "Heart"           "Kidney"          "Liver"           "Lung"           
[13] "Muscle"          "Nerve"           "Ovary"           "Pancreas"       
[17] "Pituitary"       "Prostate"        "Salivary Gland"  "Skin"           
[21] "Small Intestine" "Spleen"          "Stomach"         "Testis"         
[25] "Thyroid"         "Uterus"          "Vagina"         
51 SNP(s) removed because HWE P < 1e-08 :
 [1] "chr3_51803834_T_C_b38_T" "chr3_51805603_C_G_b38_C"
 [3] "chr3_51815860_C_T_b38_C" "chr3_51816626_G_A_b38_G"
 [5] "chr3_51820954_T_C_b38_T" "chr3_51821100_T_C_b38_T"
 [7] "chr3_51821127_T_C_b38_T" "chr3_51824010_A_G_b38_A"
 [9] "chr3_51826801_G_A_b38_G" "chr3_51827931_A_G_b38_A"
[11] "chr3_51828260_C_G_b38_C" "chr3_51828442_T_C_b38_T"
[13] "chr3_51830833_A_G_b38_A" "chr3_51832994_G_A_b38_G"
[15] "chr3_51835486_C_G_b38_C" "chr3_51835906_T_G_b38_T"
[17] "chr3_51836205_A_G_b38_A" "chr3_51837138_C_T_b38_C"
[19] "chr3_51837389_C_T_b38_C" "chr3_51840259_G_A_b38_G"
[21] "chr3_52036017_T_C_b38_T" "chr3_52044767_C_G_b38_C"
[23] "chr3_52535464_C_A_b38_C" "chr3_52544458_A_G_b38_A"
[25] "chr3_52576497_T_C_b38_T" "chr3_52583342_C_T_b38_C"
[27] "chr3_52583446_T_C_b38_T" "chr3_52604453_T_C_b38_T"
[29] "chr3_52611713_A_G_b38_A" "chr3_52615074_C_G_b38_C"
[31] "chr3_52618681_G_A_b38_G" "chr3_52618682_C_G_b38_C"
[33] "chr3_52634622_G_A_b38_G" "chr3_52644515_G_C_b38_G"
[35] "chr3_52649882_G_T_b38_G" "chr3_52653174_G_A_b38_G"
[37] "chr3_52658709_A_C_b38_A" "chr3_52676390_G_A_b38_G"
[39] "chr3_52680384_C_T_b38_C" "chr3_52686473_T_A_b38_T"
[41] "chr3_52693720_A_G_b38_A" "chr3_52716183_T_C_b38_T"
[43] "chr3_52721363_G_C_b38_G" "chr3_52733583_T_C_b38_T"
[45] "chr3_52742592_A_T_b38_A" "chr3_52742648_T_C_b38_T"
[47] "chr3_52744393_A_G_b38_A" "chr3_52745071_A_T_b38_A"
[49] "chr3_52745072_C_A_b38_C" "chr3_52758295_T_C_b38_T"
[51] "chr3_52782819_C_T_b38_C"

=====================================
Tissue: Adipose Tissue 
=====================================
[1] TRUE
Running SuSiE.

=====================================
Tissue: Adrenal Gland 
=====================================
[1] TRUE
Running SuSiE.

=====================================
Tissue: Blood 
=====================================
[1] TRUE
Running SuSiE.

=====================================
Tissue: Blood Vessel 
=====================================
[1] TRUE
Running SuSiE.

=====================================
Tissue: Brain 
=====================================
[1] TRUE
Running SuSiE.

=====================================
Tissue: Breast 
=====================================
[1] TRUE
Running SuSiE.

=====================================
Tissue: Colon 
=====================================
[1] TRUE
Running SuSiE.

=====================================
Tissue: Esophagus 
=====================================
[1] TRUE
Running SuSiE.

=====================================
Tissue: Heart 
=====================================
[1] TRUE
Running SuSiE.

=====================================
Tissue: Kidney 
=====================================
[1] TRUE
Running SuSiE.

=====================================
Tissue: Liver 
=====================================
[1] TRUE
Running SuSiE.

=====================================
Tissue: Lung 
=====================================
[1] TRUE
Running SuSiE.

=====================================
Tissue: Muscle 
=====================================
[1] TRUE
Running SuSiE.

=====================================
Tissue: Nerve 
=====================================
[1] TRUE
Running SuSiE.

=====================================
Tissue: Ovary 
=====================================
[1] TRUE
Running SuSiE.

=====================================
Tissue: Pancreas 
=====================================
[1] TRUE
Running SuSiE.

=====================================
Tissue: Pituitary 
=====================================
[1] TRUE
Running SuSiE.

=====================================
Tissue: Prostate 
=====================================
[1] TRUE
Running SuSiE.

=====================================
Tissue: Salivary Gland 
=====================================
[1] TRUE
Running SuSiE.

=====================================
Tissue: Skin 
=====================================
[1] TRUE
Running SuSiE.

=====================================
Tissue: Small Intestine 
=====================================
[1] TRUE
Running SuSiE.

=====================================
Tissue: Spleen 
=====================================
[1] TRUE
Running SuSiE.

=====================================
Tissue: Stomach 
=====================================
[1] TRUE
Running SuSiE.

=====================================
Tissue: Testis 
=====================================
[1] TRUE
Running SuSiE.

=====================================
Tissue: Thyroid 
=====================================
[1] TRUE
Running SuSiE.

=====================================
Tissue: Uterus 
=====================================
[1] TRUE
Running SuSiE.

=====================================
Tissue: Vagina 
=====================================
[1] TRUE
Running SuSiE.
[2026-09-01 12:00:34] starting WDR83
Importing covariate data.
Importing gene expression data.
Found 27 tissues for gene WDR83 :
 [1] "Adipose Tissue"  "Adrenal Gland"   "Blood"           "Blood Vessel"   
 [5] "Brain"           "Breast"          "Colon"           "Esophagus"      
 [9] "Heart"           "Kidney"          "Liver"           "Lung"           
[13] "Muscle"          "Nerve"           "Ovary"           "Pancreas"       
[17] "Pituitary"       "Prostate"        "Salivary Gland"  "Skin"           
[21] "Small Intestine" "Spleen"          "Stomach"         "Testis"         
[25] "Thyroid"         "Uterus"          "Vagina"         
97 SNP(s) removed because HWE P < 1e-08 :
 [1] "chr19_12293918_C_T_b38_C" "chr19_12293962_A_G_b38_A"
 [3] "chr19_12293975_G_A_b38_G" "chr19_12392260_G_C_b38_G"
 [5] "chr19_12392263_A_G_b38_A" "chr19_12392282_A_G_b38_A"
 [7] "chr19_12396491_C_A_b38_C" "chr19_12396522_G_A_b38_G"
 [9] "chr19_12396523_C_G_b38_C" "chr19_12402097_G_C_b38_G"
[11] "chr19_12402191_A_G_b38_A" "chr19_12402880_C_T_b38_C"
[13] "chr19_12433052_A_G_b38_A" "chr19_12668356_G_A_b38_G"
[15] "chr19_12675090_G_T_b38_G" "chr19_12675092_G_A_b38_G"
[17] "chr19_12679162_A_G_b38_A" "chr19_12684975_C_T_b38_C"
[19] "chr19_12686500_T_C_b38_T" "chr19_12686775_C_T_b38_C"
[21] "chr19_12687022_T_C_b38_T" "chr19_12687213_A_G_b38_A"
[23] "chr19_12687713_A_T_b38_A" "chr19_12688380_G_A_b38_G"
[25] "chr19_12688431_G_C_b38_G" "chr19_12688872_G_A_b38_G"
[27] "chr19_12689676_G_C_b38_G" "chr19_12689894_C_G_b38_C"
[29] "chr19_12690901_A_C_b38_A" "chr19_12691603_G_A_b38_G"
[31] "chr19_12691667_A_C_b38_A" "chr19_12691807_G_A_b38_G"
[33] "chr19_12692100_T_C_b38_T" "chr19_12692505_C_T_b38_C"
[35] "chr19_12693059_A_C_b38_A" "chr19_12693419_A_G_b38_A"
[37] "chr19_12693666_A_G_b38_A" "chr19_12694566_T_C_b38_T"
[39] "chr19_12694617_T_C_b38_T" "chr19_12694711_G_C_b38_G"
[41] "chr19_12695134_G_A_b38_G" "chr19_12695358_A_G_b38_A"
[43] "chr19_12696252_G_C_b38_G" "chr19_12696373_C_T_b38_C"
[45] "chr19_12697512_G_A_b38_G" "chr19_12697688_T_C_b38_T"
[47] "chr19_12698345_T_A_b38_T" "chr19_12698912_T_C_b38_T"
[49] "chr19_12701355_A_G_b38_A" "chr19_12701934_T_C_b38_T"
[51] "chr19_12702392_T_G_b38_T" "chr19_12702785_A_G_b38_A"
[53] "chr19_12702869_T_C_b38_T" "chr19_12705745_G_T_b38_G"
[55] "chr19_12705976_T_C_b38_T" "chr19_12705980_A_G_b38_A"
[57] "chr19_12707030_G_A_b38_G" "chr19_12707159_G_A_b38_G"
[59] "chr19_12707661_A_G_b38_A" "chr19_12708074_G_A_b38_G"
[61] "chr19_12708638_A_G_b38_A" "chr19_12708728_A_G_b38_A"
[63] "chr19_12709026_G_C_b38_G" "chr19_12709311_A_G_b38_A"
[65] "chr19_12709754_A_G_b38_A" "chr19_12710096_C_G_b38_C"
[67] "chr19_12711002_T_C_b38_T" "chr19_12711990_T_C_b38_T"
[69] "chr19_12712225_C_T_b38_C" "chr19_12712761_T_C_b38_T"
[71] "chr19_12713201_G_A_b38_G" "chr19_12713633_G_A_b38_G"
[73] "chr19_12713764_G_A_b38_G" "chr19_12713824_C_T_b38_C"
[75] "chr19_12714039_A_G_b38_A" "chr19_12714390_A_G_b38_A"
[77] "chr19_12714397_C_G_b38_C" "chr19_12715896_A_G_b38_A"
[79] "chr19_12716049_T_C_b38_T" "chr19_12716581_G_A_b38_G"
[81] "chr19_12717109_C_T_b38_C" "chr19_12717561_T_C_b38_T"
[83] "chr19_12718369_A_G_b38_A" "chr19_12718649_C_G_b38_C"
[85] "chr19_12718883_G_A_b38_G" "chr19_12719395_T_C_b38_T"
[87] "chr19_12729223_C_T_b38_C" "chr19_12740139_G_T_b38_G"
[89] "chr19_12745241_T_C_b38_T" "chr19_12777818_C_G_b38_C"
[91] "chr19_12967651_A_G_b38_A" "chr19_12967898_A_G_b38_A"
[93] "chr19_12977552_A_G_b38_A" "chr19_12979602_A_G_b38_A"
[95] "chr19_12983230_C_T_b38_C" "chr19_13042725_A_C_b38_A"
[97] "chr19_13095190_T_C_b38_T"

=====================================
Tissue: Adipose Tissue 
=====================================
[1] TRUE
Running SuSiE.

=====================================
Tissue: Adrenal Gland 
=====================================
[1] TRUE
Running SuSiE.

=====================================
Tissue: Blood 
=====================================
[1] TRUE
Running SuSiE.

=====================================
Tissue: Blood Vessel 
=====================================
[1] TRUE
Running SuSiE.

=====================================
Tissue: Brain 
=====================================
[1] TRUE
Running SuSiE.

=====================================
Tissue: Breast 
=====================================
[1] TRUE
Running SuSiE.

=====================================
Tissue: Colon 
=====================================
[1] TRUE
Running SuSiE.

=====================================
Tissue: Esophagus 
=====================================
[1] TRUE
Running SuSiE.

=====================================
Tissue: Heart 
=====================================
[1] TRUE
Running SuSiE.

=====================================
Tissue: Kidney 
=====================================
[1] TRUE
Running SuSiE.

=====================================
Tissue: Liver 
=====================================
[1] TRUE
Running SuSiE.

=====================================
Tissue: Lung 
=====================================
[1] TRUE
Running SuSiE.

=====================================
Tissue: Muscle 
=====================================
[1] TRUE
Running SuSiE.

=====================================
Tissue: Nerve 
=====================================
[1] TRUE
Running SuSiE.

=====================================
Tissue: Ovary 
=====================================
[1] TRUE
Running SuSiE.

=====================================
Tissue: Pancreas 
=====================================
[1] TRUE
Running SuSiE.

=====================================
Tissue: Pituitary 
=====================================
[1] TRUE
Running SuSiE.

=====================================
Tissue: Prostate 
=====================================
[1] TRUE
Running SuSiE.

=====================================
Tissue: Salivary Gland 
=====================================
[1] TRUE
Running SuSiE.

=====================================
Tissue: Skin 
=====================================
[1] TRUE
Running SuSiE.

=====================================
Tissue: Small Intestine 
=====================================
[1] TRUE
Running SuSiE.

=====================================
Tissue: Spleen 
=====================================
[1] TRUE
Running SuSiE.

=====================================
Tissue: Stomach 
=====================================
[1] TRUE
Running SuSiE.

=====================================
Tissue: Testis 
=====================================
[1] TRUE
Running SuSiE.

=====================================
Tissue: Thyroid 
=====================================
[1] TRUE
Running SuSiE.

=====================================
Tissue: Uterus 
=====================================
[1] TRUE
Running SuSiE.

=====================================
Tissue: Vagina 
=====================================
[1] TRUE
Running SuSiE.
[2026-09-01 12:02:48] starting WDR83OS
Importing covariate data.
Importing gene expression data.
Found 27 tissues for gene WDR83OS :
 [1] "Adipose Tissue"  "Adrenal Gland"   "Blood"           "Blood Vessel"   
 [5] "Brain"           "Breast"          "Colon"           "Esophagus"      
 [9] "Heart"           "Kidney"          "Liver"           "Lung"           
[13] "Muscle"          "Nerve"           "Ovary"           "Pancreas"       
[17] "Pituitary"       "Prostate"        "Salivary Gland"  "Skin"           
[21] "Small Intestine" "Spleen"          "Stomach"         "Testis"         
[25] "Thyroid"         "Uterus"          "Vagina"         
97 SNP(s) removed because HWE P < 1e-08 :
 [1] "chr19_12293918_C_T_b38_C" "chr19_12293962_A_G_b38_A"
 [3] "chr19_12293975_G_A_b38_G" "chr19_12392260_G_C_b38_G"
 [5] "chr19_12392263_A_G_b38_A" "chr19_12392282_A_G_b38_A"
 [7] "chr19_12396491_C_A_b38_C" "chr19_12396522_G_A_b38_G"
 [9] "chr19_12396523_C_G_b38_C" "chr19_12402097_G_C_b38_G"
[11] "chr19_12402191_A_G_b38_A" "chr19_12402880_C_T_b38_C"
[13] "chr19_12433052_A_G_b38_A" "chr19_12668356_G_A_b38_G"
[15] "chr19_12675090_G_T_b38_G" "chr19_12675092_G_A_b38_G"
[17] "chr19_12679162_A_G_b38_A" "chr19_12684975_C_T_b38_C"
[19] "chr19_12686500_T_C_b38_T" "chr19_12686775_C_T_b38_C"
[21] "chr19_12687022_T_C_b38_T" "chr19_12687213_A_G_b38_A"
[23] "chr19_12687713_A_T_b38_A" "chr19_12688380_G_A_b38_G"
[25] "chr19_12688431_G_C_b38_G" "chr19_12688872_G_A_b38_G"
[27] "chr19_12689676_G_C_b38_G" "chr19_12689894_C_G_b38_C"
[29] "chr19_12690901_A_C_b38_A" "chr19_12691603_G_A_b38_G"
[31] "chr19_12691667_A_C_b38_A" "chr19_12691807_G_A_b38_G"
[33] "chr19_12692100_T_C_b38_T" "chr19_12692505_C_T_b38_C"
[35] "chr19_12693059_A_C_b38_A" "chr19_12693419_A_G_b38_A"
[37] "chr19_12693666_A_G_b38_A" "chr19_12694566_T_C_b38_T"
[39] "chr19_12694617_T_C_b38_T" "chr19_12694711_G_C_b38_G"
[41] "chr19_12695134_G_A_b38_G" "chr19_12695358_A_G_b38_A"
[43] "chr19_12696252_G_C_b38_G" "chr19_12696373_C_T_b38_C"
[45] "chr19_12697512_G_A_b38_G" "chr19_12697688_T_C_b38_T"
[47] "chr19_12698345_T_A_b38_T" "chr19_12698912_T_C_b38_T"
[49] "chr19_12701355_A_G_b38_A" "chr19_12701934_T_C_b38_T"
[51] "chr19_12702392_T_G_b38_T" "chr19_12702785_A_G_b38_A"
[53] "chr19_12702869_T_C_b38_T" "chr19_12705745_G_T_b38_G"
[55] "chr19_12705976_T_C_b38_T" "chr19_12705980_A_G_b38_A"
[57] "chr19_12707030_G_A_b38_G" "chr19_12707159_G_A_b38_G"
[59] "chr19_12707661_A_G_b38_A" "chr19_12708074_G_A_b38_G"
[61] "chr19_12708638_A_G_b38_A" "chr19_12708728_A_G_b38_A"
[63] "chr19_12709026_G_C_b38_G" "chr19_12709311_A_G_b38_A"
[65] "chr19_12709754_A_G_b38_A" "chr19_12710096_C_G_b38_C"
[67] "chr19_12711002_T_C_b38_T" "chr19_12711990_T_C_b38_T"
[69] "chr19_12712225_C_T_b38_C" "chr19_12712761_T_C_b38_T"
[71] "chr19_12713201_G_A_b38_G" "chr19_12713633_G_A_b38_G"
[73] "chr19_12713764_G_A_b38_G" "chr19_12713824_C_T_b38_C"
[75] "chr19_12714039_A_G_b38_A" "chr19_12714390_A_G_b38_A"
[77] "chr19_12714397_C_G_b38_C" "chr19_12715896_A_G_b38_A"
[79] "chr19_12716049_T_C_b38_T" "chr19_12716581_G_A_b38_G"
[81] "chr19_12717109_C_T_b38_C" "chr19_12717561_T_C_b38_T"
[83] "chr19_12718369_A_G_b38_A" "chr19_12718649_C_G_b38_C"
[85] "chr19_12718883_G_A_b38_G" "chr19_12719395_T_C_b38_T"
[87] "chr19_12729223_C_T_b38_C" "chr19_12740139_G_T_b38_G"
[89] "chr19_12745241_T_C_b38_T" "chr19_12777818_C_G_b38_C"
[91] "chr19_12967651_A_G_b38_A" "chr19_12967898_A_G_b38_A"
[93] "chr19_12977552_A_G_b38_A" "chr19_12979602_A_G_b38_A"
[95] "chr19_12983230_C_T_b38_C" "chr19_13042725_A_C_b38_A"
[97] "chr19_13095190_T_C_b38_T"

=====================================
Tissue: Adipose Tissue 
=====================================
[1] TRUE
Running SuSiE.

=====================================
Tissue: Adrenal Gland 
=====================================
[1] TRUE
Running SuSiE.

=====================================
Tissue: Blood 
=====================================
[1] TRUE
Running SuSiE.

=====================================
Tissue: Blood Vessel 
=====================================
[1] TRUE
Running SuSiE.

=====================================
Tissue: Brain 
=====================================
[1] TRUE
Running SuSiE.

=====================================
Tissue: Breast 
=====================================
[1] TRUE
Running SuSiE.

=====================================
Tissue: Colon 
=====================================
[1] TRUE
Running SuSiE.

=====================================
Tissue: Esophagus 
=====================================
[1] TRUE
Running SuSiE.

=====================================
Tissue: Heart 
=====================================
[1] TRUE
Running SuSiE.

=====================================
Tissue: Kidney 
=====================================
[1] TRUE
Running SuSiE.

=====================================
Tissue: Liver 
=====================================
[1] TRUE
Running SuSiE.

=====================================
Tissue: Lung 
=====================================
[1] TRUE
Running SuSiE.

=====================================
Tissue: Muscle 
=====================================
[1] TRUE
Running SuSiE.

=====================================
Tissue: Nerve 
=====================================
[1] TRUE
Running SuSiE.

=====================================
Tissue: Ovary 
=====================================
[1] TRUE
Running SuSiE.

=====================================
Tissue: Pancreas 
=====================================
[1] TRUE
Running SuSiE.

=====================================
Tissue: Pituitary 
=====================================
[1] TRUE
Running SuSiE.

=====================================
Tissue: Prostate 
=====================================
[1] TRUE
Running SuSiE.

=====================================
Tissue: Salivary Gland 
=====================================
[1] TRUE
Running SuSiE.

=====================================
Tissue: Skin 
=====================================
[1] TRUE
Running SuSiE.

=====================================
Tissue: Small Intestine 
=====================================
[1] TRUE
Running SuSiE.

=====================================
Tissue: Spleen 
=====================================
[1] TRUE
Running SuSiE.

=====================================
Tissue: Stomach 
=====================================
[1] TRUE
Running SuSiE.

=====================================
Tissue: Testis 
=====================================
[1] TRUE
Running SuSiE.

=====================================
Tissue: Thyroid 
=====================================
[1] TRUE
Running SuSiE.

=====================================
Tissue: Uterus 
=====================================
[1] TRUE
Running SuSiE.

=====================================
Tissue: Vagina 
=====================================
[1] TRUE
Running SuSiE.
[2026-09-01 12:04:58] starting WDR86
Importing covariate data.
Importing gene expression data.
Found 27 tissues for gene WDR86 :
 [1] "Adipose Tissue"  "Adrenal Gland"   "Blood"           "Blood Vessel"   
 [5] "Brain"           "Breast"          "Colon"           "Esophagus"      
 [9] "Heart"           "Kidney"          "Liver"           "Lung"           
[13] "Muscle"          "Nerve"           "Ovary"           "Pancreas"       
[17] "Pituitary"       "Prostate"        "Salivary Gland"  "Skin"           
[21] "Small Intestine" "Spleen"          "Stomach"         "Testis"         
[25] "Thyroid"         "Uterus"          "Vagina"         
43 SNP(s) removed because HWE P < 1e-08 :
 [1] "chr7_151083045_A_C_b38_A" "chr7_151104151_A_G_b38_A"
 [3] "chr7_151119341_C_T_b38_C" "chr7_151119346_C_T_b38_C"
 [5] "chr7_151137452_C_T_b38_C" "chr7_151282628_T_A_b38_T"
 [7] "chr7_151287125_A_T_b38_A" "chr7_151313326_T_G_b38_T"
 [9] "chr7_151339336_T_C_b38_T" "chr7_151371363_A_C_b38_A"
[11] "chr7_151536194_A_G_b38_A" "chr7_151536928_C_T_b38_C"
[13] "chr7_151537009_G_A_b38_G" "chr7_151538896_G_A_b38_G"
[15] "chr7_151541182_G_A_b38_G" "chr7_151541199_C_T_b38_C"
[17] "chr7_151541394_C_T_b38_C" "chr7_151541893_C_T_b38_C"
[19] "chr7_151543400_T_C_b38_T" "chr7_151543894_T_G_b38_T"
[21] "chr7_151544136_G_C_b38_G" "chr7_151548142_T_C_b38_T"
[23] "chr7_151561792_A_G_b38_A" "chr7_151642357_C_A_b38_C"
[25] "chr7_151687158_T_C_b38_T" "chr7_151694615_C_T_b38_C"
[27] "chr7_151715505_T_C_b38_T" "chr7_151721358_C_T_b38_C"
[29] "chr7_151739134_C_T_b38_C" "chr7_151740872_G_A_b38_G"
[31] "chr7_151742330_G_T_b38_G" "chr7_151779390_C_T_b38_C"
[33] "chr7_151784053_T_C_b38_T" "chr7_151784056_C_T_b38_C"
[35] "chr7_151784844_G_A_b38_G" "chr7_151784879_T_C_b38_T"
[37] "chr7_151786810_C_G_b38_C" "chr7_151789765_G_A_b38_G"
[39] "chr7_151791450_C_T_b38_C" "chr7_151791914_C_A_b38_C"
[41] "chr7_151797232_C_T_b38_C" "chr7_151813373_C_T_b38_C"
[43] "chr7_151813637_A_G_b38_A"

=====================================
Tissue: Adipose Tissue 
=====================================
[1] TRUE
Running SuSiE.

=====================================
Tissue: Adrenal Gland 
=====================================
[1] TRUE
Running SuSiE.

=====================================
Tissue: Blood 
=====================================
[1] TRUE
Running SuSiE.

=====================================
Tissue: Blood Vessel 
=====================================
[1] TRUE
Running SuSiE.

=====================================
Tissue: Brain 
=====================================
[1] TRUE
Running SuSiE.

=====================================
Tissue: Breast 
=====================================
[1] TRUE
Running SuSiE.

=====================================
Tissue: Colon 
=====================================
[1] TRUE
Running SuSiE.

=====================================
Tissue: Esophagus 
=====================================
[1] TRUE
Running SuSiE.

=====================================
Tissue: Heart 
=====================================
[1] TRUE
Running SuSiE.

=====================================
Tissue: Kidney 
=====================================
[1] TRUE
Running SuSiE.

=====================================
Tissue: Liver 
=====================================
[1] TRUE
Running SuSiE.

=====================================
Tissue: Lung 
=====================================
[1] TRUE
Running SuSiE.

=====================================
Tissue: Muscle 
=====================================
[1] TRUE
Running SuSiE.

=====================================
Tissue: Nerve 
=====================================
[1] TRUE
Running SuSiE.

=====================================
Tissue: Ovary 
=====================================
[1] TRUE
Running SuSiE.

=====================================
Tissue: Pancreas 
=====================================
[1] TRUE
Running SuSiE.

=====================================
Tissue: Pituitary 
=====================================
[1] TRUE
Running SuSiE.

=====================================
Tissue: Prostate 
=====================================
[1] TRUE
Running SuSiE.

=====================================
Tissue: Salivary Gland 
=====================================
[1] TRUE
Running SuSiE.

=====================================
Tissue: Skin 
=====================================
[1] TRUE
Running SuSiE.

=====================================
Tissue: Small Intestine 
=====================================
[1] TRUE
Running SuSiE.

=====================================
Tissue: Spleen 
=====================================
[1] TRUE
Running SuSiE.

=====================================
Tissue: Stomach 
=====================================
[1] TRUE
Running SuSiE.

=====================================
Tissue: Testis 
=====================================
[1] TRUE
Running SuSiE.

=====================================
Tissue: Thyroid 
=====================================
[1] TRUE
Running SuSiE.

=====================================
Tissue: Uterus 
=====================================
[1] TRUE
Running SuSiE.

=====================================
Tissue: Vagina 
=====================================
[1] TRUE
Running SuSiE.
[2026-09-01 12:07:52] starting WDR87
Importing covariate data.
Importing gene expression data.
Found 27 tissues for gene WDR87 :
 [1] "Adipose Tissue"  "Adrenal Gland"   "Blood"           "Blood Vessel"   
 [5] "Brain"           "Breast"          "Colon"           "Esophagus"      
 [9] "Heart"           "Kidney"          "Liver"           "Lung"           
[13] "Muscle"          "Nerve"           "Ovary"           "Pancreas"       
[17] "Pituitary"       "Prostate"        "Salivary Gland"  "Skin"           
[21] "Small Intestine" "Spleen"          "Stomach"         "Testis"         
[25] "Thyroid"         "Uterus"          "Vagina"         
Extracting genotype data from PLINK file.
PLINK v2.0.0-a.7LM 64-bit Intel (11 Mar 2026)       cog-genomics.org/plink/2.0/
(C) 2005-2026 Shaun Purcell, Christopher Chang    GNU General Public License v3
Logging to /project2/mstephens/wdenault/susie_mix/temp_plink/plink_WDR87.log.
Options in effect:
  --bfile /project2/mstephens/gtex/GTEx_Analysis_2017-06-05_v8_WholeGenomeSeq_866Indiv
  --chr 19
  --export A
  --from-bp 37406677
  --maf 0
  --max-alleles 2
  --memory 8000
  --out /project2/mstephens/wdenault/susie_mix/temp_plink/plink_WDR87
  --rm-dup exclude-all
  --snps-only
  --threads 2
  --to-bp 38406677

Start time: Tue Sep  1 12:08:48 2026
63727 MiB RAM detected, ~23191 available; reserving 8000 MiB for main
workspace.
Using up to 2 compute threads.
866 samples (0 females, 0 males, 866 ambiguous; 866 founders) loaded from
/project2/mstephens/gtex/GTEx_Analysis_2017-06-05_v8_WholeGenomeSeq_866Indiv.fam.
67234533 variants in
/project2/mstephens/gtex/GTEx_Analysis_2017-06-05_v8_WholeGenomeSeq_866Indiv.bim;
65987829 excluded by --chr + --max-alleles + --snps-only, 1246704 remaining.
Note: No phenotype data present.
Note: Skipping --rm-dup since no duplicate IDs are present.
17349 variants remaining after main filters.
--export A pass 1/1: loading... 0%writing... 0%1%2%3%4%5%6%7%8%9%10%11%12%13%14%15%16%17%18%19%20%21%22%23%24%25%26%27%28%29%30%31%32%33%34%35%36%37%38%39%40%41%42%43%44%45%46%47%48%49%50%51%52%53%54%55%56%57%58%59%60%61%62%63%64%65%66%67%68%69%70%71%72%73%74%75%76%77%78%79%80%81%82%83%84%85%86%87%88%89%90%91%92%93%94%95%96%97%98%99% done.
--export A: /project2/mstephens/wdenault/susie_mix/temp_plink/plink_WDR87.raw
written.
End time: Tue Sep  1 12:08:53 2026
7 SNP(s) removed because HWE P < 1e-08 :
[1] "chr19_37538545_A_G_b38_A" "chr19_37788709_G_A_b38_G"
[3] "chr19_37789392_C_T_b38_C" "chr19_38174738_G_T_b38_G"
[5] "chr19_38180796_T_C_b38_T" "chr19_38214597_T_C_b38_T"
[7] "chr19_38214736_T_C_b38_T"

=====================================
Tissue: Adipose Tissue 
=====================================
[1] TRUE
Running SuSiE.

=====================================
Tissue: Adrenal Gland 
=====================================
[1] TRUE
Running SuSiE.

=====================================
Tissue: Blood 
=====================================
[1] TRUE
Running SuSiE.

=====================================
Tissue: Blood Vessel 
=====================================
[1] TRUE
Running SuSiE.

=====================================
Tissue: Brain 
=====================================
[1] TRUE
Running SuSiE.

=====================================
Tissue: Breast 
=====================================
[1] TRUE
Running SuSiE.

=====================================
Tissue: Colon 
=====================================
[1] TRUE
Running SuSiE.

=====================================
Tissue: Esophagus 
=====================================
[1] TRUE
Running SuSiE.

=====================================
Tissue: Heart 
=====================================
[1] TRUE
Running SuSiE.

=====================================
Tissue: Kidney 
=====================================
[1] TRUE
Running SuSiE.

=====================================
Tissue: Liver 
=====================================
[1] TRUE
Running SuSiE.

=====================================
Tissue: Lung 
=====================================
[1] TRUE
Running SuSiE.

=====================================
Tissue: Muscle 
=====================================
[1] TRUE
Running SuSiE.

=====================================
Tissue: Nerve 
=====================================
[1] TRUE
Running SuSiE.

=====================================
Tissue: Ovary 
=====================================
[1] TRUE
Running SuSiE.

=====================================
Tissue: Pancreas 
=====================================
[1] TRUE
Running SuSiE.

=====================================
Tissue: Pituitary 
=====================================
[1] TRUE
Running SuSiE.

=====================================
Tissue: Prostate 
=====================================
[1] TRUE
Running SuSiE.

=====================================
Tissue: Salivary Gland 
=====================================
[1] TRUE
Running SuSiE.

=====================================
Tissue: Skin 
=====================================
[1] TRUE
Running SuSiE.

=====================================
Tissue: Small Intestine 
=====================================
[1] TRUE
Running SuSiE.

=====================================
Tissue: Spleen 
=====================================
[1] TRUE
Running SuSiE.

=====================================
Tissue: Stomach 
=====================================
[1] TRUE
Running SuSiE.

=====================================
Tissue: Testis 
=====================================
[1] TRUE
Running SuSiE.

=====================================
Tissue: Thyroid 
=====================================
[1] TRUE
Running SuSiE.

=====================================
Tissue: Uterus 
=====================================
[1] TRUE
Running SuSiE.

=====================================
Tissue: Vagina 
=====================================
[1] TRUE
Running SuSiE.
[2026-09-01 12:10:26] starting WDR88
Importing covariate data.
Importing gene expression data.
Found 27 tissues for gene WDR88 :
 [1] "Adipose Tissue"  "Adrenal Gland"   "Blood"           "Blood Vessel"   
 [5] "Brain"           "Breast"          "Colon"           "Esophagus"      
 [9] "Heart"           "Kidney"          "Liver"           "Lung"           
[13] "Muscle"          "Nerve"           "Ovary"           "Pancreas"       
[17] "Pituitary"       "Prostate"        "Salivary Gland"  "Skin"           
[21] "Small Intestine" "Spleen"          "Stomach"         "Testis"         
[25] "Thyroid"         "Uterus"          "Vagina"         
Extracting genotype data from PLINK file.
PLINK v2.0.0-a.7LM 64-bit Intel (11 Mar 2026)       cog-genomics.org/plink/2.0/
(C) 2005-2026 Shaun Purcell, Christopher Chang    GNU General Public License v3
Logging to /project2/mstephens/wdenault/susie_mix/temp_plink/plink_WDR88.log.
Options in effect:
  --bfile /project2/mstephens/gtex/GTEx_Analysis_2017-06-05_v8_WholeGenomeSeq_866Indiv
  --chr 19
  --export A
  --from-bp 32632090
  --maf 0
  --max-alleles 2
  --memory 8000
  --out /project2/mstephens/wdenault/susie_mix/temp_plink/plink_WDR88
  --rm-dup exclude-all
  --snps-only
  --threads 2
  --to-bp 33632090

Start time: Tue Sep  1 12:11:20 2026
63727 MiB RAM detected, ~23190 available; reserving 8000 MiB for main
workspace.
Using up to 2 compute threads.
866 samples (0 females, 0 males, 866 ambiguous; 866 founders) loaded from
/project2/mstephens/gtex/GTEx_Analysis_2017-06-05_v8_WholeGenomeSeq_866Indiv.fam.
67234533 variants in
/project2/mstephens/gtex/GTEx_Analysis_2017-06-05_v8_WholeGenomeSeq_866Indiv.bim;
65987829 excluded by --chr + --max-alleles + --snps-only, 1246704 remaining.
Note: No phenotype data present.
Note: Skipping --rm-dup since no duplicate IDs are present.
20686 variants remaining after main filters.
--export A pass 1/1: loading... 0%writing... 0%1%2%3%4%5%6%7%8%9%10%11%12%13%14%15%16%17%18%19%20%21%22%23%24%25%26%27%28%29%30%31%32%33%34%35%36%37%38%39%40%41%42%43%44%45%46%47%48%49%50%51%52%53%54%55%56%57%58%59%60%61%62%63%64%65%66%67%68%69%70%71%72%73%74%75%76%77%78%79%80%81%82%83%84%85%86%87%88%89%90%91%92%93%94%95%96%97%98%99% done.
--export A: /project2/mstephens/wdenault/susie_mix/temp_plink/plink_WDR88.raw
written.
End time: Tue Sep  1 12:11:26 2026
25 SNP(s) removed because HWE P < 1e-08 :
 [1] "chr19_32640517_T_C_b38_T" "chr19_32649813_C_G_b38_C"
 [3] "chr19_32661247_A_C_b38_A" "chr19_33015347_C_T_b38_C"
 [5] "chr19_33015357_A_G_b38_A" "chr19_33015412_G_A_b38_G"
 [7] "chr19_33015458_G_A_b38_G" "chr19_33015475_T_C_b38_T"
 [9] "chr19_33046775_G_C_b38_G" "chr19_33064760_G_C_b38_G"
[11] "chr19_33083982_A_G_b38_A" "chr19_33084158_G_A_b38_G"
[13] "chr19_33143536_T_C_b38_T" "chr19_33152277_T_C_b38_T"
[15] "chr19_33152767_A_G_b38_A" "chr19_33153619_C_T_b38_C"
[17] "chr19_33153749_T_A_b38_T" "chr19_33153907_T_C_b38_T"
[19] "chr19_33154028_T_C_b38_T" "chr19_33155604_G_C_b38_G"
[21] "chr19_33156473_T_C_b38_T" "chr19_33171838_A_C_b38_A"
[23] "chr19_33195705_T_G_b38_T" "chr19_33196068_C_T_b38_C"
[25] "chr19_33287769_C_G_b38_C"

=====================================
Tissue: Adipose Tissue 
=====================================
[1] TRUE
Running SuSiE.

=====================================
Tissue: Adrenal Gland 
=====================================
[1] TRUE
Running SuSiE.

=====================================
Tissue: Blood 
=====================================
[1] TRUE
Running SuSiE.

=====================================
Tissue: Blood Vessel 
=====================================
[1] TRUE
Running SuSiE.

=====================================
Tissue: Brain 
=====================================
[1] TRUE
Running SuSiE.

=====================================
Tissue: Breast 
=====================================
[1] TRUE
Running SuSiE.

=====================================
Tissue: Colon 
=====================================
[1] TRUE
Running SuSiE.

=====================================
Tissue: Esophagus 
=====================================
[1] TRUE
Running SuSiE.

=====================================
Tissue: Heart 
=====================================
[1] TRUE
Running SuSiE.

=====================================
Tissue: Kidney 
=====================================
[1] TRUE
Running SuSiE.

=====================================
Tissue: Liver 
=====================================
[1] TRUE
Running SuSiE.

=====================================
Tissue: Lung 
=====================================
[1] TRUE
Running SuSiE.

=====================================
Tissue: Muscle 
=====================================
[1] TRUE
Running SuSiE.

=====================================
Tissue: Nerve 
=====================================
[1] TRUE
Running SuSiE.

=====================================
Tissue: Ovary 
=====================================
[1] TRUE
Running SuSiE.

=====================================
Tissue: Pancreas 
=====================================
[1] TRUE
Running SuSiE.

=====================================
Tissue: Pituitary 
=====================================
[1] TRUE
Running SuSiE.

=====================================
Tissue: Prostate 
=====================================
[1] TRUE
Running SuSiE.

=====================================
Tissue: Salivary Gland 
=====================================
[1] TRUE
Running SuSiE.

=====================================
Tissue: Skin 
=====================================
[1] TRUE
Running SuSiE.

=====================================
Tissue: Small Intestine 
=====================================
[1] TRUE
Running SuSiE.

=====================================
Tissue: Spleen 
=====================================
[1] TRUE
Running SuSiE.

=====================================
Tissue: Stomach 
=====================================
[1] TRUE
Running SuSiE.

=====================================
Tissue: Testis 
=====================================
[1] TRUE
Running SuSiE.

=====================================
Tissue: Thyroid 
=====================================
[1] TRUE
Running SuSiE.

=====================================
Tissue: Uterus 
=====================================
[1] TRUE
Running SuSiE.

=====================================
Tissue: Vagina 
=====================================
[1] TRUE
Running SuSiE.
[2026-09-01 12:13:54] starting WDR89
Importing covariate data.
Importing gene expression data.
Found 27 tissues for gene WDR89 :
 [1] "Adipose Tissue"  "Adrenal Gland"   "Blood"           "Blood Vessel"   
 [5] "Brain"           "Breast"          "Colon"           "Esophagus"      
 [9] "Heart"           "Kidney"          "Liver"           "Lung"           
[13] "Muscle"          "Nerve"           "Ovary"           "Pancreas"       
[17] "Pituitary"       "Prostate"        "Salivary Gland"  "Skin"           
[21] "Small Intestine" "Spleen"          "Stomach"         "Testis"         
[25] "Thyroid"         "Uterus"          "Vagina"         
Extracting genotype data from PLINK file.
PLINK v2.0.0-a.7LM 64-bit Intel (11 Mar 2026)       cog-genomics.org/plink/2.0/
(C) 2005-2026 Shaun Purcell, Christopher Chang    GNU General Public License v3
Logging to /project2/mstephens/wdenault/susie_mix/temp_plink/plink_WDR89.log.
Options in effect:
  --bfile /project2/mstephens/gtex/GTEx_Analysis_2017-06-05_v8_WholeGenomeSeq_866Indiv
  --chr 14
  --export A
  --from-bp 63141871
  --maf 0
  --max-alleles 2
  --memory 8000
  --out /project2/mstephens/wdenault/susie_mix/temp_plink/plink_WDR89
  --rm-dup exclude-all
  --snps-only
  --threads 2
  --to-bp 64141871

Start time: Tue Sep  1 12:14:48 2026
63727 MiB RAM detected, ~26962 available; reserving 8000 MiB for main
workspace.
Using up to 2 compute threads.
866 samples (0 females, 0 males, 866 ambiguous; 866 founders) loaded from
/project2/mstephens/gtex/GTEx_Analysis_2017-06-05_v8_WholeGenomeSeq_866Indiv.fam.
67234533 variants in
/project2/mstephens/gtex/GTEx_Analysis_2017-06-05_v8_WholeGenomeSeq_866Indiv.bim;
65542670 excluded by --chr + --max-alleles + --snps-only, 1691863 remaining.
Note: No phenotype data present.
Note: Skipping --rm-dup since no duplicate IDs are present.
18892 variants remaining after main filters.
--export A pass 1/1: loading... 0%writing... 0%1%2%3%4%5%6%7%8%9%10%11%12%13%14%15%16%17%18%19%20%21%22%23%24%25%26%27%28%29%30%31%32%33%34%35%36%37%38%39%40%41%42%43%44%45%46%47%48%49%50%51%52%53%54%55%56%57%58%59%60%61%62%63%64%65%66%67%68%69%70%71%72%73%74%75%76%77%78%79%80%81%82%83%84%85%86%87%88%89%90%91%92%93%94%95%96%97%98%99% done.
--export A: /project2/mstephens/wdenault/susie_mix/temp_plink/plink_WDR89.raw
written.
End time: Tue Sep  1 12:14:54 2026
87 SNP(s) removed because HWE P < 1e-08 :
 [1] "chr14_63162527_A_G_b38_A" "chr14_63256884_G_C_b38_G"
 [3] "chr14_63280916_T_C_b38_T" "chr14_63283297_C_T_b38_C"
 [5] "chr14_63286226_A_G_b38_A" "chr14_63286611_T_C_b38_T"
 [7] "chr14_63289954_G_A_b38_G" "chr14_63291714_A_G_b38_A"
 [9] "chr14_63296926_A_G_b38_A" "chr14_63325784_T_C_b38_T"
[11] "chr14_63325873_C_A_b38_C" "chr14_63329404_G_A_b38_G"
[13] "chr14_63331313_C_A_b38_C" "chr14_63334625_G_A_b38_G"
[15] "chr14_63336095_G_A_b38_G" "chr14_63338975_A_C_b38_A"
[17] "chr14_63339318_T_G_b38_T" "chr14_63340510_A_G_b38_A"
[19] "chr14_63341033_G_A_b38_G" "chr14_63342454_T_C_b38_T"
[21] "chr14_63342534_G_C_b38_G" "chr14_63344720_A_G_b38_A"
[23] "chr14_63345258_A_C_b38_A" "chr14_63346021_A_G_b38_A"
[25] "chr14_63346259_G_A_b38_G" "chr14_63346428_G_A_b38_G"
[27] "chr14_63347481_A_G_b38_A" "chr14_63355803_T_C_b38_T"
[29] "chr14_63356975_C_G_b38_C" "chr14_63361901_A_G_b38_A"
[31] "chr14_63368090_G_C_b38_G" "chr14_63368906_T_G_b38_T"
[33] "chr14_63373748_A_G_b38_A" "chr14_63379170_A_C_b38_A"
[35] "chr14_63381503_G_C_b38_G" "chr14_63381929_T_C_b38_T"
[37] "chr14_63388857_C_G_b38_C" "chr14_63389042_C_T_b38_C"
[39] "chr14_63391090_G_A_b38_G" "chr14_63393718_C_A_b38_C"
[41] "chr14_63398583_G_A_b38_G" "chr14_63399207_C_G_b38_C"
[43] "chr14_63399968_A_C_b38_A" "chr14_63400648_C_G_b38_C"
[45] "chr14_63401884_C_A_b38_C" "chr14_63410452_T_G_b38_T"
[47] "chr14_63413456_C_T_b38_C" "chr14_63571877_G_A_b38_G"
[49] "chr14_63572009_G_C_b38_G" "chr14_63574597_A_G_b38_A"
[51] "chr14_63584733_T_C_b38_T" "chr14_63602248_C_G_b38_C"
[53] "chr14_63612129_G_A_b38_G" "chr14_63625912_A_G_b38_A"
[55] "chr14_63636385_G_C_b38_G" "chr14_63641617_T_C_b38_T"
[57] "chr14_63662746_A_T_b38_A" "chr14_63664859_A_G_b38_A"
[59] "chr14_63666957_T_C_b38_T" "chr14_63669007_T_C_b38_T"
[61] "chr14_63669382_T_G_b38_T" "chr14_63670753_G_C_b38_G"
[63] "chr14_63675064_T_A_b38_T" "chr14_63677107_A_G_b38_A"
[65] "chr14_63687584_G_C_b38_G" "chr14_63697110_T_C_b38_T"
[67] "chr14_63699108_C_G_b38_C" "chr14_63705611_C_T_b38_C"
[69] "chr14_63707304_C_T_b38_C" "chr14_63752883_T_C_b38_T"
[71] "chr14_63802200_A_G_b38_A" "chr14_63802201_G_T_b38_G"
[73] "chr14_63802255_T_C_b38_T" "chr14_63802267_C_T_b38_C"
[75] "chr14_63802268_A_G_b38_A" "chr14_64030031_C_T_b38_C"
[77] "chr14_64038239_A_G_b38_A" "chr14_64038246_C_T_b38_C"
[79] "chr14_64038286_G_T_b38_G" "chr14_64038417_A_G_b38_A"
[81] "chr14_64040522_A_G_b38_A" "chr14_64052737_A_G_b38_A"
[83] "chr14_64063619_G_A_b38_G" "chr14_64077950_A_G_b38_A"
[85] "chr14_64092960_G_C_b38_G" "chr14_64105192_A_G_b38_A"
[87] "chr14_64107846_T_A_b38_T"

=====================================
Tissue: Adipose Tissue 
=====================================
[1] TRUE
Running SuSiE.

=====================================
Tissue: Adrenal Gland 
=====================================
[1] TRUE
Running SuSiE.

=====================================
Tissue: Blood 
=====================================
[1] TRUE
Running SuSiE.

=====================================
Tissue: Blood Vessel 
=====================================
[1] TRUE
Running SuSiE.

=====================================
Tissue: Brain 
=====================================
[1] TRUE
Running SuSiE.

=====================================
Tissue: Breast 
=====================================
[1] TRUE
Running SuSiE.

=====================================
Tissue: Colon 
=====================================
[1] TRUE
Running SuSiE.

=====================================
Tissue: Esophagus 
=====================================
[1] TRUE
Running SuSiE.

=====================================
Tissue: Heart 
=====================================
[1] TRUE
Running SuSiE.

=====================================
Tissue: Kidney 
=====================================
[1] TRUE
Running SuSiE.

=====================================
Tissue: Liver 
=====================================
[1] TRUE
Running SuSiE.

=====================================
Tissue: Lung 
=====================================
[1] TRUE
Running SuSiE.

=====================================
Tissue: Muscle 
=====================================
[1] TRUE
Running SuSiE.

=====================================
Tissue: Nerve 
=====================================
[1] TRUE
Running SuSiE.

=====================================
Tissue: Ovary 
=====================================
[1] TRUE
Running SuSiE.

=====================================
Tissue: Pancreas 
=====================================
[1] TRUE
Running SuSiE.

=====================================
Tissue: Pituitary 
=====================================
[1] TRUE
Running SuSiE.

=====================================
Tissue: Prostate 
=====================================
[1] TRUE
Running SuSiE.

=====================================
Tissue: Salivary Gland 
=====================================
[1] TRUE
Running SuSiE.

=====================================
Tissue: Skin 
=====================================
[1] TRUE
Running SuSiE.

=====================================
Tissue: Small Intestine 
=====================================
[1] TRUE
Running SuSiE.

=====================================
Tissue: Spleen 
=====================================
[1] TRUE
Running SuSiE.

=====================================
Tissue: Stomach 
=====================================
[1] TRUE
Running SuSiE.

=====================================
Tissue: Testis 
=====================================
[1] TRUE
Running SuSiE.

=====================================
Tissue: Thyroid 
=====================================
[1] TRUE
Running SuSiE.

=====================================
Tissue: Uterus 
=====================================
[1] TRUE
Running SuSiE.

=====================================
Tissue: Vagina 
=====================================
[1] TRUE
Running SuSiE.
[2026-09-01 12:16:22] starting WDR90
Importing covariate data.
Importing gene expression data.
Found 27 tissues for gene WDR90 :
 [1] "Adipose Tissue"  "Adrenal Gland"   "Blood"           "Blood Vessel"   
 [5] "Brain"           "Breast"          "Colon"           "Esophagus"      
 [9] "Heart"           "Kidney"          "Liver"           "Lung"           
[13] "Muscle"          "Nerve"           "Ovary"           "Pancreas"       
[17] "Pituitary"       "Prostate"        "Salivary Gland"  "Skin"           
[21] "Small Intestine" "Spleen"          "Stomach"         "Testis"         
[25] "Thyroid"         "Uterus"          "Vagina"         
Extracting genotype data from PLINK file.
PLINK v2.0.0-a.7LM 64-bit Intel (11 Mar 2026)       cog-genomics.org/plink/2.0/
(C) 2005-2026 Shaun Purcell, Christopher Chang    GNU General Public License v3
Logging to /project2/mstephens/wdenault/susie_mix/temp_plink/plink_WDR90.log.
Options in effect:
  --bfile /project2/mstephens/gtex/GTEx_Analysis_2017-06-05_v8_WholeGenomeSeq_866Indiv
  --chr 16
  --export A
  --from-bp 149325
  --maf 0
  --max-alleles 2
  --memory 8000
  --out /project2/mstephens/wdenault/susie_mix/temp_plink/plink_WDR90
  --rm-dup exclude-all
  --snps-only
  --threads 2
  --to-bp 1149325

Start time: Tue Sep  1 12:17:17 2026
63727 MiB RAM detected, ~23227 available; reserving 8000 MiB for main
workspace.
Using up to 2 compute threads.
866 samples (0 females, 0 males, 866 ambiguous; 866 founders) loaded from
/project2/mstephens/gtex/GTEx_Analysis_2017-06-05_v8_WholeGenomeSeq_866Indiv.fam.
67234533 variants in
/project2/mstephens/gtex/GTEx_Analysis_2017-06-05_v8_WholeGenomeSeq_866Indiv.bim;
65423567 excluded by --chr + --max-alleles + --snps-only, 1810966 remaining.
Note: No phenotype data present.
Note: Skipping --rm-dup since no duplicate IDs are present.
30689 variants remaining after main filters.
--export A pass 1/1: loading... 0%22% writing... 0%1%2%3%4%5%6%7%8%9%10%11%12%13%14%15%16%17%18%19%20%21%22%23%24%25%26%27%28%29%30%31%32%33%34%35%36%37%38%39%40%41%42%43%44%45%46%47%48%49%50%51%52%53%54%55%56%57%58%59%60%61%62%63%64%65%66%67%68%69%70%71%72%73%74%75%76%77%78%79%80%81%82%83%84%85%86%87%88%89%90%91%92%93%94%95%96%97%98%99% done.
--export A: /project2/mstephens/wdenault/susie_mix/temp_plink/plink_WDR90.raw
written.
End time: Tue Sep  1 12:17:22 2026
88 SNP(s) removed because HWE P < 1e-08 :
 [1] "chr16_153177_C_G_b38_C"  "chr16_175945_C_T_b38_C" 
 [3] "chr16_176044_A_G_b38_A"  "chr16_176332_G_A_b38_G" 
 [5] "chr16_182834_T_C_b38_T"  "chr16_270065_C_A_b38_C" 
 [7] "chr16_270106_G_A_b38_G"  "chr16_278541_A_G_b38_A" 
 [9] "chr16_279211_T_C_b38_T"  "chr16_429010_A_G_b38_A" 
[11] "chr16_434589_C_A_b38_C"  "chr16_441125_T_C_b38_T" 
[13] "chr16_444929_A_G_b38_A"  "chr16_481056_G_A_b38_G" 
[15] "chr16_666273_T_C_b38_T"  "chr16_691298_C_A_b38_C" 
[17] "chr16_693670_C_T_b38_C"  "chr16_698095_G_C_b38_G" 
[19] "chr16_716690_C_T_b38_C"  "chr16_717426_T_G_b38_T" 
[21] "chr16_742193_T_A_b38_T"  "chr16_764307_G_A_b38_G" 
[23] "chr16_765413_C_A_b38_C"  "chr16_770215_T_A_b38_T" 
[25] "chr16_773094_A_G_b38_A"  "chr16_773446_T_C_b38_T" 
[27] "chr16_774141_T_C_b38_T"  "chr16_810673_T_C_b38_T" 
[29] "chr16_811268_G_A_b38_G"  "chr16_811996_T_C_b38_T" 
[31] "chr16_812656_C_T_b38_C"  "chr16_813192_T_C_b38_T" 
[33] "chr16_813336_T_C_b38_T"  "chr16_814097_A_G_b38_A" 
[35] "chr16_814123_A_G_b38_A"  "chr16_814508_A_G_b38_A" 
[37] "chr16_814700_T_C_b38_T"  "chr16_815040_G_A_b38_G" 
[39] "chr16_816225_A_G_b38_A"  "chr16_817460_A_G_b38_A" 
[41] "chr16_820569_G_A_b38_G"  "chr16_849056_T_C_b38_T" 
[43] "chr16_855031_A_G_b38_A"  "chr16_856611_A_G_b38_A" 
[45] "chr16_860029_A_T_b38_A"  "chr16_860394_T_C_b38_T" 
[47] "chr16_860601_A_G_b38_A"  "chr16_860950_T_C_b38_T" 
[49] "chr16_861690_A_G_b38_A"  "chr16_861717_G_A_b38_G" 
[51] "chr16_862137_A_G_b38_A"  "chr16_862160_G_C_b38_G" 
[53] "chr16_863183_C_T_b38_C"  "chr16_863305_C_A_b38_C" 
[55] "chr16_863781_T_G_b38_T"  "chr16_864426_C_T_b38_C" 
[57] "chr16_866122_T_C_b38_T"  "chr16_866890_A_G_b38_A" 
[59] "chr16_870310_C_G_b38_C"  "chr16_872179_T_C_b38_T" 
[61] "chr16_872577_T_C_b38_T"  "chr16_872915_A_G_b38_A" 
[63] "chr16_873249_A_G_b38_A"  "chr16_881686_T_C_b38_T" 
[65] "chr16_885567_C_T_b38_C"  "chr16_1025913_G_A_b38_G"
[67] "chr16_1028251_T_C_b38_T" "chr16_1029291_T_C_b38_T"
[69] "chr16_1036103_G_A_b38_G" "chr16_1037935_T_C_b38_T"
[71] "chr16_1038455_G_A_b38_G" "chr16_1058152_C_A_b38_C"
[73] "chr16_1058884_T_C_b38_T" "chr16_1059653_C_T_b38_C"
[75] "chr16_1061860_T_C_b38_T" "chr16_1084267_T_C_b38_T"
[77] "chr16_1084292_G_A_b38_G" "chr16_1084818_T_G_b38_T"
[79] "chr16_1085582_T_A_b38_T" "chr16_1085768_C_G_b38_C"
[81] "chr16_1085797_C_T_b38_C" "chr16_1085912_G_A_b38_G"
[83] "chr16_1086677_G_A_b38_G" "chr16_1088075_T_C_b38_T"
[85] "chr16_1089954_C_G_b38_C" "chr16_1090020_G_A_b38_G"
[87] "chr16_1090261_C_G_b38_C" "chr16_1136299_G_A_b38_G"

=====================================
Tissue: Adipose Tissue 
=====================================
[1] TRUE
Running SuSiE.

=====================================
Tissue: Adrenal Gland 
=====================================
[1] TRUE
Running SuSiE.

=====================================
Tissue: Blood 
=====================================
[1] TRUE
Running SuSiE.

=====================================
Tissue: Blood Vessel 
=====================================
[1] TRUE
Running SuSiE.

=====================================
Tissue: Brain 
=====================================
[1] TRUE
Running SuSiE.

=====================================
Tissue: Breast 
=====================================
[1] TRUE
Running SuSiE.

=====================================
Tissue: Colon 
=====================================
[1] TRUE
Running SuSiE.

=====================================
Tissue: Esophagus 
=====================================
[1] TRUE
Running SuSiE.

=====================================
Tissue: Heart 
=====================================
[1] TRUE
Running SuSiE.

=====================================
Tissue: Kidney 
=====================================
[1] TRUE
Running SuSiE.

=====================================
Tissue: Liver 
=====================================
[1] TRUE
Running SuSiE.

=====================================
Tissue: Lung 
=====================================
[1] TRUE
Running SuSiE.

=====================================
Tissue: Muscle 
=====================================
[1] TRUE
Running SuSiE.

=====================================
Tissue: Nerve 
=====================================
[1] TRUE
Running SuSiE.

=====================================
Tissue: Ovary 
=====================================
[1] TRUE
Running SuSiE.

=====================================
Tissue: Pancreas 
=====================================
[1] TRUE
Running SuSiE.

=====================================
Tissue: Pituitary 
=====================================
[1] TRUE
Running SuSiE.

=====================================
Tissue: Prostate 
=====================================
[1] TRUE
Running SuSiE.

=====================================
Tissue: Salivary Gland 
=====================================
[1] TRUE
Running SuSiE.

=====================================
Tissue: Skin 
=====================================
[1] TRUE
Running SuSiE.

=====================================
Tissue: Small Intestine 
=====================================
[1] TRUE
Running SuSiE.

=====================================
Tissue: Spleen 
=====================================
[1] TRUE
Running SuSiE.

=====================================
Tissue: Stomach 
=====================================
[1] TRUE
Running SuSiE.

=====================================
Tissue: Testis 
=====================================
[1] TRUE
Running SuSiE.

=====================================
Tissue: Thyroid 
=====================================
[1] TRUE
Running SuSiE.

=====================================
Tissue: Uterus 
=====================================
[1] TRUE
Running SuSiE.

=====================================
Tissue: Vagina 
=====================================
[1] TRUE
Running SuSiE.
[2026-09-01 12:19:56] starting WDR91
Importing covariate data.
Importing gene expression data.
Found 27 tissues for gene WDR91 :
 [1] "Adipose Tissue"  "Adrenal Gland"   "Blood"           "Blood Vessel"   
 [5] "Brain"           "Breast"          "Colon"           "Esophagus"      
 [9] "Heart"           "Kidney"          "Liver"           "Lung"           
[13] "Muscle"          "Nerve"           "Ovary"           "Pancreas"       
[17] "Pituitary"       "Prostate"        "Salivary Gland"  "Skin"           
[21] "Small Intestine" "Spleen"          "Stomach"         "Testis"         
[25] "Thyroid"         "Uterus"          "Vagina"         
Extracting genotype data from PLINK file.
PLINK v2.0.0-a.7LM 64-bit Intel (11 Mar 2026)       cog-genomics.org/plink/2.0/
(C) 2005-2026 Shaun Purcell, Christopher Chang    GNU General Public License v3
Logging to /project2/mstephens/wdenault/susie_mix/temp_plink/plink_WDR91.log.
Options in effect:
  --bfile /project2/mstephens/gtex/GTEx_Analysis_2017-06-05_v8_WholeGenomeSeq_866Indiv
  --chr 7
  --export A
  --from-bp 134711526
  --maf 0
  --max-alleles 2
  --memory 8000
  --out /project2/mstephens/wdenault/susie_mix/temp_plink/plink_WDR91
  --rm-dup exclude-all
  --snps-only
  --threads 2
  --to-bp 135711526

Start time: Tue Sep  1 12:20:51 2026
63727 MiB RAM detected, ~23186 available; reserving 8000 MiB for main
workspace.
Using up to 2 compute threads.
866 samples (0 females, 0 males, 866 ambiguous; 866 founders) loaded from
/project2/mstephens/gtex/GTEx_Analysis_2017-06-05_v8_WholeGenomeSeq_866Indiv.fam.
67234533 variants in
/project2/mstephens/gtex/GTEx_Analysis_2017-06-05_v8_WholeGenomeSeq_866Indiv.bim;
64060212 excluded by --chr + --max-alleles + --snps-only, 3174321 remaining.
Note: No phenotype data present.
Note: Skipping --rm-dup since no duplicate IDs are present.
16573 variants remaining after main filters.
--export A pass 1/1: loading... 0%writing... 0%1%2%3%4%5%6%7%8%9%10%11%12%13%14%15%16%17%18%19%20%21%22%23%24%25%26%27%28%29%30%31%32%33%34%35%36%37%38%39%40%41%42%43%44%45%46%47%48%49%50%51%52%53%54%55%56%57%58%59%60%61%62%63%64%65%66%67%68%69%70%71%72%73%74%75%76%77%78%79%80%81%82%83%84%85%86%87%88%89%90%91%92%93%94%95%96%97%98%99% done.
--export A: /project2/mstephens/wdenault/susie_mix/temp_plink/plink_WDR91.raw
written.
End time: Tue Sep  1 12:20:57 2026
4 SNP(s) removed because HWE P < 1e-08 :
[1] "chr7_134829016_T_C_b38_T" "chr7_135216977_G_A_b38_G"
[3] "chr7_135216999_G_C_b38_G" "chr7_135217147_T_C_b38_T"

=====================================
Tissue: Adipose Tissue 
=====================================
[1] TRUE
Running SuSiE.

=====================================
Tissue: Adrenal Gland 
=====================================
[1] TRUE
Running SuSiE.

=====================================
Tissue: Blood 
=====================================
[1] TRUE
Running SuSiE.

=====================================
Tissue: Blood Vessel 
=====================================
[1] TRUE
Running SuSiE.

=====================================
Tissue: Brain 
=====================================
[1] TRUE
Running SuSiE.

=====================================
Tissue: Breast 
=====================================
[1] TRUE
Running SuSiE.

=====================================
Tissue: Colon 
=====================================
[1] TRUE
Running SuSiE.

=====================================
Tissue: Esophagus 
=====================================
[1] TRUE
Running SuSiE.

=====================================
Tissue: Heart 
=====================================
[1] TRUE
Running SuSiE.

=====================================
Tissue: Kidney 
=====================================
[1] TRUE
Running SuSiE.

=====================================
Tissue: Liver 
=====================================
[1] TRUE
Running SuSiE.

=====================================
Tissue: Lung 
=====================================
[1] TRUE
Running SuSiE.

=====================================
Tissue: Muscle 
=====================================
[1] TRUE
Running SuSiE.

=====================================
Tissue: Nerve 
=====================================
[1] TRUE
Running SuSiE.

=====================================
Tissue: Ovary 
=====================================
[1] TRUE
Running SuSiE.

=====================================
Tissue: Pancreas 
=====================================
[1] TRUE
Running SuSiE.

=====================================
Tissue: Pituitary 
=====================================
[1] TRUE
Running SuSiE.

=====================================
Tissue: Prostate 
=====================================
[1] TRUE
Running SuSiE.

=====================================
Tissue: Salivary Gland 
=====================================
[1] TRUE
Running SuSiE.

=====================================
Tissue: Skin 
=====================================
[1] TRUE
Running SuSiE.

=====================================
Tissue: Small Intestine 
=====================================
[1] TRUE
Running SuSiE.

=====================================
Tissue: Spleen 
=====================================
[1] TRUE
Running SuSiE.

=====================================
Tissue: Stomach 
=====================================
[1] TRUE
Running SuSiE.

=====================================
Tissue: Testis 
=====================================
[1] TRUE
Running SuSiE.

=====================================
Tissue: Thyroid 
=====================================
[1] TRUE
Running SuSiE.

=====================================
Tissue: Uterus 
=====================================
[1] TRUE
Running SuSiE.

=====================================
Tissue: Vagina 
=====================================
[1] TRUE
Running SuSiE.
[2026-09-01 12:22:45] starting WDR92
Importing covariate data.
Importing gene expression data.
Found 27 tissues for gene WDR92 :
 [1] "Adipose Tissue"  "Adrenal Gland"   "Blood"           "Blood Vessel"   
 [5] "Brain"           "Breast"          "Colon"           "Esophagus"      
 [9] "Heart"           "Kidney"          "Liver"           "Lung"           
[13] "Muscle"          "Nerve"           "Ovary"           "Pancreas"       
[17] "Pituitary"       "Prostate"        "Salivary Gland"  "Skin"           
[21] "Small Intestine" "Spleen"          "Stomach"         "Testis"         
[25] "Thyroid"         "Uterus"          "Vagina"         
Extracting genotype data from PLINK file.
PLINK v2.0.0-a.7LM 64-bit Intel (11 Mar 2026)       cog-genomics.org/plink/2.0/
(C) 2005-2026 Shaun Purcell, Christopher Chang    GNU General Public License v3
Logging to /project2/mstephens/wdenault/susie_mix/temp_plink/plink_WDR92.log.
Options in effect:
  --bfile /project2/mstephens/gtex/GTEx_Analysis_2017-06-05_v8_WholeGenomeSeq_866Indiv
  --chr 2
  --export A
  --from-bp 67657546
  --maf 0
  --max-alleles 2
  --memory 8000
  --out /project2/mstephens/wdenault/susie_mix/temp_plink/plink_WDR92
  --rm-dup exclude-all
  --snps-only
  --threads 2
  --to-bp 68657546

Start time: Tue Sep  1 12:23:40 2026
63727 MiB RAM detected, ~23229 available; reserving 8000 MiB for main
workspace.
Using up to 2 compute threads.
866 samples (0 females, 0 males, 866 ambiguous; 866 founders) loaded from
/project2/mstephens/gtex/GTEx_Analysis_2017-06-05_v8_WholeGenomeSeq_866Indiv.fam.
67234533 variants in
/project2/mstephens/gtex/GTEx_Analysis_2017-06-05_v8_WholeGenomeSeq_866Indiv.bim;
62634692 excluded by --chr + --max-alleles + --snps-only, 4599841 remaining.
Note: No phenotype data present.
Note: Skipping --rm-dup since no duplicate IDs are present.
18777 variants remaining after main filters.
--export A pass 1/1: loading... 0%writing... 0%1%2%3%4%5%6%7%8%9%10%11%12%13%14%15%16%17%18%19%20%21%22%23%24%25%26%27%28%29%30%31%32%33%34%35%36%37%38%39%40%41%42%43%44%45%46%47%48%49%50%51%52%53%54%55%56%57%58%59%60%61%62%63%64%65%66%67%68%69%70%71%72%73%74%75%76%77%78%79%80%81%82%83%84%85%86%87%88%89%90%91%92%93%94%95%96%97%98%99% done.
--export A: /project2/mstephens/wdenault/susie_mix/temp_plink/plink_WDR92.raw
written.
End time: Tue Sep  1 12:23:46 2026
28 SNP(s) removed because HWE P < 1e-08 :
 [1] "chr2_68007616_G_A_b38_G" "chr2_68008356_C_T_b38_C"
 [3] "chr2_68008664_C_T_b38_C" "chr2_68311213_A_C_b38_A"
 [5] "chr2_68468159_T_C_b38_T" "chr2_68470559_G_A_b38_G"
 [7] "chr2_68474754_T_C_b38_T" "chr2_68478520_C_G_b38_C"
 [9] "chr2_68494844_C_T_b38_C" "chr2_68501351_G_A_b38_G"
[11] "chr2_68502166_C_T_b38_C" "chr2_68514802_A_G_b38_A"
[13] "chr2_68607157_C_T_b38_C" "chr2_68607168_C_T_b38_C"
[15] "chr2_68607172_T_C_b38_T" "chr2_68607173_G_A_b38_G"
[17] "chr2_68607240_T_C_b38_T" "chr2_68607244_A_G_b38_A"
[19] "chr2_68607251_T_C_b38_T" "chr2_68607252_G_A_b38_G"
[21] "chr2_68607262_T_C_b38_T" "chr2_68607279_T_C_b38_T"
[23] "chr2_68607294_C_T_b38_C" "chr2_68607330_C_T_b38_C"
[25] "chr2_68607381_T_C_b38_T" "chr2_68607422_T_G_b38_T"
[27] "chr2_68607466_C_A_b38_C" "chr2_68618087_T_C_b38_T"

=====================================
Tissue: Adipose Tissue 
=====================================
[1] TRUE
Running SuSiE.

=====================================
Tissue: Adrenal Gland 
=====================================
[1] TRUE
Running SuSiE.

=====================================
Tissue: Blood 
=====================================
[1] TRUE
Running SuSiE.

=====================================
Tissue: Blood Vessel 
=====================================
[1] TRUE
Running SuSiE.

=====================================
Tissue: Brain 
=====================================
[1] TRUE
Running SuSiE.

=====================================
Tissue: Breast 
=====================================
[1] TRUE
Running SuSiE.

=====================================
Tissue: Colon 
=====================================
[1] TRUE
Running SuSiE.

=====================================
Tissue: Esophagus 
=====================================
[1] TRUE
Running SuSiE.

=====================================
Tissue: Heart 
=====================================
[1] TRUE
Running SuSiE.

=====================================
Tissue: Kidney 
=====================================
[1] TRUE
Running SuSiE.

=====================================
Tissue: Liver 
=====================================
[1] TRUE
Running SuSiE.

=====================================
Tissue: Lung 
=====================================
[1] TRUE
Running SuSiE.

=====================================
Tissue: Muscle 
=====================================
[1] TRUE
Running SuSiE.

=====================================
Tissue: Nerve 
=====================================
[1] TRUE
Running SuSiE.

=====================================
Tissue: Ovary 
=====================================
[1] TRUE
Running SuSiE.

=====================================
Tissue: Pancreas 
=====================================
[1] TRUE
Running SuSiE.

=====================================
Tissue: Pituitary 
=====================================
[1] TRUE
Running SuSiE.

=====================================
Tissue: Prostate 
=====================================
[1] TRUE
Running SuSiE.

=====================================
Tissue: Salivary Gland 
=====================================
[1] TRUE
Running SuSiE.

=====================================
Tissue: Skin 
=====================================
[1] TRUE
Running SuSiE.

=====================================
Tissue: Small Intestine 
=====================================
[1] TRUE
Running SuSiE.

=====================================
Tissue: Spleen 
=====================================
[1] TRUE
Running SuSiE.

=====================================
Tissue: Stomach 
=====================================
[1] TRUE
Running SuSiE.

=====================================
Tissue: Testis 
=====================================
[1] TRUE
Running SuSiE.

=====================================
Tissue: Thyroid 
=====================================
[1] TRUE
Running SuSiE.

=====================================
Tissue: Uterus 
=====================================
[1] TRUE
Running SuSiE.

=====================================
Tissue: Vagina 
=====================================
[1] TRUE
Running SuSiE.
[2026-09-01 12:25:54] starting WDR93
Importing covariate data.
Importing gene expression data.
Found 27 tissues for gene WDR93 :
 [1] "Adipose Tissue"  "Adrenal Gland"   "Blood"           "Blood Vessel"   
 [5] "Brain"           "Breast"          "Colon"           "Esophagus"      
 [9] "Heart"           "Kidney"          "Liver"           "Lung"           
[13] "Muscle"          "Nerve"           "Ovary"           "Pancreas"       
[17] "Pituitary"       "Prostate"        "Salivary Gland"  "Skin"           
[21] "Small Intestine" "Spleen"          "Stomach"         "Testis"         
[25] "Thyroid"         "Uterus"          "Vagina"         
Extracting genotype data from PLINK file.
PLINK v2.0.0-a.7LM 64-bit Intel (11 Mar 2026)       cog-genomics.org/plink/2.0/
(C) 2005-2026 Shaun Purcell, Christopher Chang    GNU General Public License v3
Logging to /project2/mstephens/wdenault/susie_mix/temp_plink/plink_WDR93.log.
Options in effect:
  --bfile /project2/mstephens/gtex/GTEx_Analysis_2017-06-05_v8_WholeGenomeSeq_866Indiv
  --chr 15
  --export A
  --from-bp 89190811
  --maf 0
  --max-alleles 2
  --memory 8000
  --out /project2/mstephens/wdenault/susie_mix/temp_plink/plink_WDR93
  --rm-dup exclude-all
  --snps-only
  --threads 2
  --to-bp 90190811

Start time: Tue Sep  1 12:26:49 2026
63727 MiB RAM detected, ~23196 available; reserving 8000 MiB for main
workspace.
Using up to 2 compute threads.
866 samples (0 females, 0 males, 866 ambiguous; 866 founders) loaded from
/project2/mstephens/gtex/GTEx_Analysis_2017-06-05_v8_WholeGenomeSeq_866Indiv.fam.
67234533 variants in
/project2/mstephens/gtex/GTEx_Analysis_2017-06-05_v8_WholeGenomeSeq_866Indiv.bim;
65613623 excluded by --chr + --max-alleles + --snps-only, 1620910 remaining.
Note: No phenotype data present.
Note: Skipping --rm-dup since no duplicate IDs are present.
20471 variants remaining after main filters.
--export A pass 1/1: loading... 0%51% writing... 0%1%2%3%4%5%6%7%8%9%10%11%12%13%14%15%16%17%18%19%20%21%22%23%24%25%26%27%28%29%30%31%32%33%34%35%36%37%38%39%40%41%42%43%44%45%46%47%48%49%50%51%52%53%54%55%56%57%58%59%60%61%62%63%64%65%66%67%68%69%70%71%72%73%74%75%76%77%78%79%80%81%82%83%84%85%86%87%88%89%90%91%92%93%94%95%96%97%98%99% done.
--export A: /project2/mstephens/wdenault/susie_mix/temp_plink/plink_WDR93.raw
written.
End time: Tue Sep  1 12:26:54 2026
101 SNP(s) removed because HWE P < 1e-08 :
  [1] "chr15_89231438_G_A_b38_G" "chr15_89342624_G_C_b38_G"
  [3] "chr15_89347996_C_G_b38_C" "chr15_89358116_G_A_b38_G"
  [5] "chr15_89373619_G_A_b38_G" "chr15_89375065_A_G_b38_A"
  [7] "chr15_89417864_A_G_b38_A" "chr15_89456777_T_C_b38_T"
  [9] "chr15_89458228_T_C_b38_T" "chr15_89458385_T_C_b38_T"
 [11] "chr15_89478316_C_T_b38_C" "chr15_89482276_A_G_b38_A"
 [13] "chr15_89539740_C_T_b38_C" "chr15_89543035_A_G_b38_A"
 [15] "chr15_89545456_T_G_b38_T" "chr15_89545466_T_G_b38_T"
 [17] "chr15_89545507_A_T_b38_A" "chr15_89546598_G_A_b38_G"
 [19] "chr15_89546985_T_G_b38_T" "chr15_89547757_G_A_b38_G"
 [21] "chr15_89549094_T_C_b38_T" "chr15_89550250_G_A_b38_G"
 [23] "chr15_89550469_C_T_b38_C" "chr15_89550486_A_T_b38_A"
 [25] "chr15_89552031_C_A_b38_C" "chr15_89554384_G_A_b38_G"
 [27] "chr15_89917897_C_A_b38_C" "chr15_89923415_A_G_b38_A"
 [29] "chr15_89924560_A_G_b38_A" "chr15_89932731_G_A_b38_G"
 [31] "chr15_89933301_G_C_b38_G" "chr15_89933378_A_G_b38_A"
 [33] "chr15_89933410_G_T_b38_G" "chr15_89934872_G_A_b38_G"
 [35] "chr15_89937354_G_A_b38_G" "chr15_89938095_A_G_b38_A"
 [37] "chr15_89944645_T_C_b38_T" "chr15_89948634_T_C_b38_T"
 [39] "chr15_89949804_G_C_b38_G" "chr15_89950866_G_A_b38_G"
 [41] "chr15_89950875_A_G_b38_A" "chr15_89951183_C_G_b38_C"
 [43] "chr15_89952277_A_G_b38_A" "chr15_89952421_T_C_b38_T"
 [45] "chr15_89952809_T_C_b38_T" "chr15_89952951_A_T_b38_A"
 [47] "chr15_89955488_T_C_b38_T" "chr15_89955547_C_T_b38_C"
 [49] "chr15_89956106_G_T_b38_G" "chr15_89958395_T_C_b38_T"
 [51] "chr15_89958502_T_G_b38_T" "chr15_89959034_G_A_b38_G"
 [53] "chr15_89961557_T_A_b38_T" "chr15_89962096_C_T_b38_C"
 [55] "chr15_89963034_G_T_b38_G" "chr15_89963573_T_A_b38_T"
 [57] "chr15_89966278_T_C_b38_T" "chr15_89966315_A_C_b38_A"
 [59] "chr15_89966362_T_A_b38_T" "chr15_89966420_C_A_b38_C"
 [61] "chr15_89966652_C_T_b38_C" "chr15_89966665_A_C_b38_A"
 [63] "chr15_89966791_C_T_b38_C" "chr15_89967446_C_T_b38_C"
 [65] "chr15_89967944_G_A_b38_G" "chr15_89968001_T_C_b38_T"
 [67] "chr15_89968017_G_C_b38_G" "chr15_89968031_C_T_b38_C"
 [69] "chr15_89968254_G_A_b38_G" "chr15_89968862_C_G_b38_C"
 [71] "chr15_89969550_T_C_b38_T" "chr15_89969714_G_A_b38_G"
 [73] "chr15_89970110_C_T_b38_C" "chr15_89970806_A_G_b38_A"
 [75] "chr15_89971658_A_G_b38_A" "chr15_89971662_A_G_b38_A"
 [77] "chr15_89971715_T_C_b38_T" "chr15_89975519_A_C_b38_A"
 [79] "chr15_89976385_G_A_b38_G" "chr15_89976588_A_G_b38_A"
 [81] "chr15_89983236_C_G_b38_C" "chr15_89992500_A_G_b38_A"
 [83] "chr15_90001254_A_G_b38_A" "chr15_90034423_A_G_b38_A"
 [85] "chr15_90034945_A_G_b38_A" "chr15_90043076_C_G_b38_C"
 [87] "chr15_90053125_T_C_b38_T" "chr15_90056817_C_T_b38_C"
 [89] "chr15_90057619_G_C_b38_G" "chr15_90057957_A_T_b38_A"
 [91] "chr15_90058032_A_G_b38_A" "chr15_90058335_C_A_b38_C"
 [93] "chr15_90058563_G_C_b38_G" "chr15_90058919_A_C_b38_A"
 [95] "chr15_90059039_C_T_b38_C" "chr15_90059211_G_A_b38_G"
 [97] "chr15_90059331_G_A_b38_G" "chr15_90060036_G_A_b38_G"
 [99] "chr15_90060535_T_C_b38_T" "chr15_90061463_C_G_b38_C"
[101] "chr15_90085545_T_C_b38_T"

=====================================
Tissue: Adipose Tissue 
=====================================
[1] TRUE
Running SuSiE.

=====================================
Tissue: Adrenal Gland 
=====================================
[1] TRUE
Running SuSiE.

=====================================
Tissue: Blood 
=====================================
[1] TRUE
Running SuSiE.

=====================================
Tissue: Blood Vessel 
=====================================
[1] TRUE
Running SuSiE.

=====================================
Tissue: Brain 
=====================================
[1] TRUE
Running SuSiE.

=====================================
Tissue: Breast 
=====================================
[1] TRUE
Running SuSiE.

=====================================
Tissue: Colon 
=====================================
[1] TRUE
Running SuSiE.

=====================================
Tissue: Esophagus 
=====================================
[1] TRUE
Running SuSiE.

=====================================
Tissue: Heart 
=====================================
[1] TRUE
Running SuSiE.

=====================================
Tissue: Kidney 
=====================================
[1] TRUE
Running SuSiE.

=====================================
Tissue: Liver 
=====================================
[1] TRUE
Running SuSiE.

=====================================
Tissue: Lung 
=====================================
[1] TRUE
Running SuSiE.

=====================================
Tissue: Muscle 
=====================================
[1] TRUE
Running SuSiE.

=====================================
Tissue: Nerve 
=====================================
[1] TRUE
Running SuSiE.

=====================================
Tissue: Ovary 
=====================================
[1] TRUE
Running SuSiE.

=====================================
Tissue: Pancreas 
=====================================
[1] TRUE
Running SuSiE.

=====================================
Tissue: Pituitary 
=====================================
[1] TRUE
Running SuSiE.

=====================================
Tissue: Prostate 
=====================================
[1] TRUE
Running SuSiE.

=====================================
Tissue: Salivary Gland 
=====================================
[1] TRUE
Running SuSiE.

=====================================
Tissue: Skin 
=====================================
[1] TRUE
Running SuSiE.

=====================================
Tissue: Small Intestine 
=====================================
[1] TRUE
Running SuSiE.

=====================================
Tissue: Spleen 
=====================================
[1] TRUE
Running SuSiE.

=====================================
Tissue: Stomach 
=====================================
[1] TRUE
Running SuSiE.

=====================================
Tissue: Testis 
=====================================
[1] TRUE
Running SuSiE.

=====================================
Tissue: Thyroid 
=====================================
[1] TRUE
Running SuSiE.

=====================================
Tissue: Uterus 
=====================================
[1] TRUE
Running SuSiE.

=====================================
Tissue: Vagina 
=====================================
[1] TRUE
Running SuSiE.
[2026-09-01 12:28:39] starting WDR97
Importing covariate data.
Importing gene expression data.
Found 27 tissues for gene WDR97 :
 [1] "Adipose Tissue"  "Adrenal Gland"   "Blood"           "Blood Vessel"   
 [5] "Brain"           "Breast"          "Colon"           "Esophagus"      
 [9] "Heart"           "Kidney"          "Liver"           "Lung"           
[13] "Muscle"          "Nerve"           "Ovary"           "Pancreas"       
[17] "Pituitary"       "Prostate"        "Salivary Gland"  "Skin"           
[21] "Small Intestine" "Spleen"          "Stomach"         "Testis"         
[25] "Thyroid"         "Uterus"          "Vagina"         
86 SNP(s) removed because HWE P < 1e-08 :
 [1] "chr8_143642172_C_T_b38_C" "chr8_143644992_A_G_b38_A"
 [3] "chr8_143676061_G_A_b38_G" "chr8_143678295_C_T_b38_C"
 [5] "chr8_143678324_G_A_b38_G" "chr8_143698114_A_T_b38_A"
 [7] "chr8_143710469_C_G_b38_C" "chr8_143725009_T_C_b38_T"
 [9] "chr8_143727634_G_A_b38_G" "chr8_143741741_C_T_b38_C"
[11] "chr8_143742865_T_G_b38_T" "chr8_143747237_T_G_b38_T"
[13] "chr8_143752810_A_G_b38_A" "chr8_143754309_G_A_b38_G"
[15] "chr8_143754438_C_T_b38_C" "chr8_143756420_T_G_b38_T"
[17] "chr8_143757127_A_T_b38_A" "chr8_143758697_T_C_b38_T"
[19] "chr8_143760637_G_A_b38_G" "chr8_143761034_C_A_b38_C"
[21] "chr8_143761085_G_A_b38_G" "chr8_143762785_A_G_b38_A"
[23] "chr8_143764661_A_G_b38_A" "chr8_143766477_C_T_b38_C"
[25] "chr8_143766562_C_T_b38_C" "chr8_143769481_T_C_b38_T"
[27] "chr8_143775980_G_A_b38_G" "chr8_143778707_A_G_b38_A"
[29] "chr8_143780790_C_G_b38_C" "chr8_143836877_C_T_b38_C"
[31] "chr8_143844615_C_T_b38_C" "chr8_143887605_A_G_b38_A"
[33] "chr8_143902926_G_A_b38_G" "chr8_143904056_A_G_b38_A"
[35] "chr8_143905064_T_A_b38_T" "chr8_143905117_A_G_b38_A"
[37] "chr8_143927344_T_C_b38_T" "chr8_143929874_C_A_b38_C"
[39] "chr8_143938581_G_A_b38_G" "chr8_143957630_T_C_b38_T"
[41] "chr8_144024153_T_C_b38_T" "chr8_144038163_A_G_b38_A"
[43] "chr8_144045204_A_G_b38_A" "chr8_144046480_T_C_b38_T"
[45] "chr8_144050277_A_C_b38_A" "chr8_144051174_C_G_b38_C"
[47] "chr8_144051279_T_C_b38_T" "chr8_144053829_A_C_b38_A"
[49] "chr8_144053886_C_G_b38_C" "chr8_144055574_T_C_b38_T"
[51] "chr8_144168288_G_A_b38_G" "chr8_144168385_C_T_b38_C"
[53] "chr8_144174497_A_T_b38_A" "chr8_144179605_G_C_b38_G"
[55] "chr8_144184715_G_A_b38_G" "chr8_144185254_C_T_b38_C"
[57] "chr8_144186023_C_G_b38_C" "chr8_144190728_T_C_b38_T"
[59] "chr8_144200964_A_G_b38_A" "chr8_144204360_C_T_b38_C"
[61] "chr8_144221662_G_A_b38_G" "chr8_144225553_T_C_b38_T"
[63] "chr8_144233392_C_A_b38_C" "chr8_144247668_A_G_b38_A"
[65] "chr8_144247936_A_G_b38_A" "chr8_144247976_T_C_b38_T"
[67] "chr8_144277690_A_G_b38_A" "chr8_144277763_G_A_b38_G"
[69] "chr8_144355197_T_C_b38_T" "chr8_144414202_C_T_b38_C"
[71] "chr8_144414297_C_G_b38_C" "chr8_144523369_A_C_b38_A"
[73] "chr8_144523944_T_C_b38_T" "chr8_144528743_G_A_b38_G"
[75] "chr8_144528803_C_G_b38_C" "chr8_144529108_T_C_b38_T"
[77] "chr8_144530986_G_A_b38_G" "chr8_144532825_C_A_b38_C"
[79] "chr8_144533083_T_C_b38_T" "chr8_144533814_T_C_b38_T"
[81] "chr8_144534214_A_T_b38_A" "chr8_144534861_T_G_b38_T"
[83] "chr8_144535804_T_C_b38_T" "chr8_144536446_T_C_b38_T"
[85] "chr8_144544567_T_G_b38_T" "chr8_144574398_T_C_b38_T"

=====================================
Tissue: Adipose Tissue 
=====================================
[1] TRUE
Running SuSiE.

=====================================
Tissue: Adrenal Gland 
=====================================
[1] TRUE
Running SuSiE.

=====================================
Tissue: Blood 
=====================================
[1] TRUE
Running SuSiE.

=====================================
Tissue: Blood Vessel 
=====================================
[1] TRUE
Running SuSiE.

=====================================
Tissue: Brain 
=====================================
[1] TRUE
Running SuSiE.

=====================================
Tissue: Breast 
=====================================
[1] TRUE
Running SuSiE.

=====================================
Tissue: Colon 
=====================================
[1] TRUE
Running SuSiE.

=====================================
Tissue: Esophagus 
=====================================
[1] TRUE
Running SuSiE.

=====================================
Tissue: Heart 
=====================================
[1] TRUE
Running SuSiE.

=====================================
Tissue: Kidney 
=====================================
[1] TRUE
Running SuSiE.

=====================================
Tissue: Liver 
=====================================
[1] TRUE
Running SuSiE.

=====================================
Tissue: Lung 
=====================================
[1] TRUE
Running SuSiE.

=====================================
Tissue: Muscle 
=====================================
[1] TRUE
Running SuSiE.

=====================================
Tissue: Nerve 
=====================================
[1] TRUE
Running SuSiE.

=====================================
Tissue: Ovary 
=====================================
[1] TRUE
Running SuSiE.

=====================================
Tissue: Pancreas 
=====================================
[1] TRUE
Running SuSiE.

=====================================
Tissue: Pituitary 
=====================================
[1] TRUE
Running SuSiE.

=====================================
Tissue: Prostate 
=====================================
[1] TRUE
Running SuSiE.

=====================================
Tissue: Salivary Gland 
=====================================
[1] TRUE
Running SuSiE.

=====================================
Tissue: Skin 
=====================================
[1] TRUE
Running SuSiE.

=====================================
Tissue: Small Intestine 
=====================================
[1] TRUE
Running SuSiE.

=====================================
Tissue: Spleen 
=====================================
[1] TRUE
Running SuSiE.

=====================================
Tissue: Stomach 
=====================================
[1] TRUE
Running SuSiE.

=====================================
Tissue: Testis 
=====================================
[1] TRUE
Running SuSiE.

=====================================
Tissue: Thyroid 
=====================================
[1] TRUE
Running SuSiE.

=====================================
Tissue: Uterus 
=====================================
[1] TRUE
Running SuSiE.

=====================================
Tissue: Vagina 
=====================================
[1] TRUE
Running SuSiE.
[2026-09-01 12:30:51] starting WDSUB1
Importing covariate data.
Importing gene expression data.
Found 27 tissues for gene WDSUB1 :
 [1] "Adipose Tissue"  "Adrenal Gland"   "Blood"           "Blood Vessel"   
 [5] "Brain"           "Breast"          "Colon"           "Esophagus"      
 [9] "Heart"           "Kidney"          "Liver"           "Lung"           
[13] "Muscle"          "Nerve"           "Ovary"           "Pancreas"       
[17] "Pituitary"       "Prostate"        "Salivary Gland"  "Skin"           
[21] "Small Intestine" "Spleen"          "Stomach"         "Testis"         
[25] "Thyroid"         "Uterus"          "Vagina"         
35 SNP(s) removed because HWE P < 1e-08 :
 [1] "chr2_158848285_C_T_b38_C" "chr2_158848310_A_G_b38_A"
 [3] "chr2_158848343_T_C_b38_T" "chr2_158848533_G_C_b38_G"
 [5] "chr2_158848535_G_A_b38_G" "chr2_158868298_T_A_b38_T"
 [7] "chr2_158868300_C_T_b38_C" "chr2_158868366_C_G_b38_C"
 [9] "chr2_158868381_A_G_b38_A" "chr2_158868388_A_G_b38_A"
[11] "chr2_158868391_A_T_b38_A" "chr2_158868392_G_A_b38_G"
[13] "chr2_158868398_G_A_b38_G" "chr2_158868410_G_A_b38_G"
[15] "chr2_158868551_C_T_b38_C" "chr2_158868563_G_A_b38_G"
[17] "chr2_158868575_C_A_b38_C" "chr2_158868596_C_T_b38_C"
[19] "chr2_158868600_A_G_b38_A" "chr2_158868613_T_A_b38_T"
[21] "chr2_158868634_G_A_b38_G" "chr2_158868639_C_T_b38_C"
[23] "chr2_158868640_C_T_b38_C" "chr2_158868658_T_C_b38_T"
[25] "chr2_158868661_C_T_b38_C" "chr2_158868683_T_C_b38_T"
[27] "chr2_158868687_C_T_b38_C" "chr2_158875805_T_C_b38_T"
[29] "chr2_158932439_C_T_b38_C" "chr2_158935521_C_T_b38_C"
[31] "chr2_159100008_C_T_b38_C" "chr2_159221057_G_C_b38_G"
[33] "chr2_159234101_C_T_b38_C" "chr2_159236708_C_A_b38_C"
[35] "chr2_159238082_G_A_b38_G"

=====================================
Tissue: Adipose Tissue 
=====================================
[1] TRUE
Running SuSiE.

=====================================
Tissue: Adrenal Gland 
=====================================
[1] TRUE
Running SuSiE.

=====================================
Tissue: Blood 
=====================================
[1] TRUE
Running SuSiE.

=====================================
Tissue: Blood Vessel 
=====================================
[1] TRUE
Running SuSiE.

=====================================
Tissue: Brain 
=====================================
[1] TRUE
Running SuSiE.

=====================================
Tissue: Breast 
=====================================
[1] TRUE
Running SuSiE.

=====================================
Tissue: Colon 
=====================================
[1] TRUE
Running SuSiE.

=====================================
Tissue: Esophagus 
=====================================
[1] TRUE
Running SuSiE.

=====================================
Tissue: Heart 
=====================================
[1] TRUE
Running SuSiE.

=====================================
Tissue: Kidney 
=====================================
[1] TRUE
Running SuSiE.

=====================================
Tissue: Liver 
=====================================
[1] TRUE
Running SuSiE.

=====================================
Tissue: Lung 
=====================================
[1] TRUE
Running SuSiE.

=====================================
Tissue: Muscle 
=====================================
[1] TRUE
Running SuSiE.

=====================================
Tissue: Nerve 
=====================================
[1] TRUE
Running SuSiE.

=====================================
Tissue: Ovary 
=====================================
[1] TRUE
Running SuSiE.

=====================================
Tissue: Pancreas 
=====================================
[1] TRUE
Running SuSiE.

=====================================
Tissue: Pituitary 
=====================================
[1] TRUE
Running SuSiE.

=====================================
Tissue: Prostate 
=====================================
[1] TRUE
Running SuSiE.

=====================================
Tissue: Salivary Gland 
=====================================
[1] TRUE
Running SuSiE.

=====================================
Tissue: Skin 
=====================================
[1] TRUE
Running SuSiE.

=====================================
Tissue: Small Intestine 
=====================================
[1] TRUE
Running SuSiE.

=====================================
Tissue: Spleen 
=====================================
[1] TRUE
Running SuSiE.

=====================================
Tissue: Stomach 
=====================================
[1] TRUE
Running SuSiE.

=====================================
Tissue: Testis 
=====================================
[1] TRUE
Running SuSiE.

=====================================
Tissue: Thyroid 
=====================================
[1] TRUE
Running SuSiE.

=====================================
Tissue: Uterus 
=====================================
[1] TRUE
Running SuSiE.

=====================================
Tissue: Vagina 
=====================================
[1] TRUE
Running SuSiE.
[2026-09-01 12:33:59] starting WDTC1
Importing covariate data.
Importing gene expression data.
Found 27 tissues for gene WDTC1 :
 [1] "Adipose Tissue"  "Adrenal Gland"   "Blood"           "Blood Vessel"   
 [5] "Brain"           "Breast"          "Colon"           "Esophagus"      
 [9] "Heart"           "Kidney"          "Liver"           "Lung"           
[13] "Muscle"          "Nerve"           "Ovary"           "Pancreas"       
[17] "Pituitary"       "Prostate"        "Salivary Gland"  "Skin"           
[21] "Small Intestine" "Spleen"          "Stomach"         "Testis"         
[25] "Thyroid"         "Uterus"          "Vagina"         
Extracting genotype data from PLINK file.
PLINK v2.0.0-a.7LM 64-bit Intel (11 Mar 2026)       cog-genomics.org/plink/2.0/
(C) 2005-2026 Shaun Purcell, Christopher Chang    GNU General Public License v3
Logging to /project2/mstephens/wdenault/susie_mix/temp_plink/plink_WDTC1.log.
Options in effect:
  --bfile /project2/mstephens/gtex/GTEx_Analysis_2017-06-05_v8_WholeGenomeSeq_866Indiv
  --chr 1
  --export A
  --from-bp 26734632
  --maf 0
  --max-alleles 2
  --memory 8000
  --out /project2/mstephens/wdenault/susie_mix/temp_plink/plink_WDTC1
  --rm-dup exclude-all
  --snps-only
  --threads 2
  --to-bp 27734632

Start time: Tue Sep  1 12:34:54 2026
63727 MiB RAM detected, ~23186 available; reserving 8000 MiB for main
workspace.
Using up to 2 compute threads.
866 samples (0 females, 0 males, 866 ambiguous; 866 founders) loaded from
/project2/mstephens/gtex/GTEx_Analysis_2017-06-05_v8_WholeGenomeSeq_866Indiv.fam.
67234533 variants in
/project2/mstephens/gtex/GTEx_Analysis_2017-06-05_v8_WholeGenomeSeq_866Indiv.bim;
62424502 excluded by --chr + --max-alleles + --snps-only, 4810031 remaining.
Note: No phenotype data present.
Note: Skipping --rm-dup since no duplicate IDs are present.
16700 variants remaining after main filters.
--export A pass 1/1: loading... 0%33% writing... 0%1%2%3%4%5%6%7%8%9%10%11%12%13%14%15%16%17%18%19%20%21%22%23%24%25%26%27%28%29%30%31%32%33%34%35%36%37%38%39%40%41%42%43%44%45%46%47%48%49%50%51%52%53%54%55%56%57%58%59%60%61%62%63%64%65%66%67%68%69%70%71%72%73%74%75%76%77%78%79%80%81%82%83%84%85%86%87%88%89%90%91%92%93%94%95%96%97%98%99% done.
--export A: /project2/mstephens/wdenault/susie_mix/temp_plink/plink_WDTC1.raw
written.
End time: Tue Sep  1 12:35:00 2026
119 SNP(s) removed because HWE P < 1e-08 :
  [1] "chr1_26803370_T_C_b38_T" "chr1_26803461_G_A_b38_G"
  [3] "chr1_26803487_T_C_b38_T" "chr1_27359823_T_C_b38_T"
  [5] "chr1_27507578_T_C_b38_T" "chr1_27569006_A_G_b38_A"
  [7] "chr1_27577141_C_T_b38_C" "chr1_27586717_C_T_b38_C"
  [9] "chr1_27587799_A_G_b38_A" "chr1_27592574_T_C_b38_T"
 [11] "chr1_27599745_A_G_b38_A" "chr1_27604387_T_C_b38_T"
 [13] "chr1_27606513_T_C_b38_T" "chr1_27609835_A_G_b38_A"
 [15] "chr1_27610945_C_T_b38_C" "chr1_27615665_T_C_b38_T"
 [17] "chr1_27616797_T_C_b38_T" "chr1_27618848_A_G_b38_A"
 [19] "chr1_27620074_T_C_b38_T" "chr1_27620871_A_C_b38_A"
 [21] "chr1_27621301_G_A_b38_G" "chr1_27622777_A_G_b38_A"
 [23] "chr1_27625669_A_G_b38_A" "chr1_27626595_A_G_b38_A"
 [25] "chr1_27627516_G_A_b38_G" "chr1_27627904_T_C_b38_T"
 [27] "chr1_27628195_A_C_b38_A" "chr1_27636174_T_C_b38_T"
 [29] "chr1_27636746_A_T_b38_A" "chr1_27636748_A_T_b38_A"
 [31] "chr1_27638264_G_A_b38_G" "chr1_27638825_C_G_b38_C"
 [33] "chr1_27644581_A_G_b38_A" "chr1_27644588_G_A_b38_G"
 [35] "chr1_27645570_C_G_b38_C" "chr1_27646758_C_T_b38_C"
 [37] "chr1_27647237_C_A_b38_C" "chr1_27647516_C_T_b38_C"
 [39] "chr1_27648873_A_G_b38_A" "chr1_27649067_G_A_b38_G"
 [41] "chr1_27649399_C_G_b38_C" "chr1_27651904_T_C_b38_T"
 [43] "chr1_27652929_T_C_b38_T" "chr1_27654298_C_G_b38_C"
 [45] "chr1_27655858_G_A_b38_G" "chr1_27658285_C_T_b38_C"
 [47] "chr1_27658294_G_A_b38_G" "chr1_27662338_C_A_b38_C"
 [49] "chr1_27666749_G_A_b38_G" "chr1_27668566_G_T_b38_G"
 [51] "chr1_27673697_A_G_b38_A" "chr1_27676548_C_A_b38_C"
 [53] "chr1_27677516_G_A_b38_G" "chr1_27681981_G_C_b38_G"
 [55] "chr1_27685769_G_C_b38_G" "chr1_27686989_C_T_b38_C"
 [57] "chr1_27687745_A_G_b38_A" "chr1_27690571_T_C_b38_T"
 [59] "chr1_27690623_G_T_b38_G" "chr1_27691007_G_T_b38_G"
 [61] "chr1_27691232_T_G_b38_T" "chr1_27691424_A_G_b38_A"
 [63] "chr1_27691530_C_T_b38_C" "chr1_27691731_C_T_b38_C"
 [65] "chr1_27692503_G_A_b38_G" "chr1_27693322_A_G_b38_A"
 [67] "chr1_27693357_G_A_b38_G" "chr1_27693371_C_T_b38_C"
 [69] "chr1_27693796_G_C_b38_G" "chr1_27693869_C_T_b38_C"
 [71] "chr1_27695208_A_G_b38_A" "chr1_27695642_C_A_b38_C"
 [73] "chr1_27695669_T_C_b38_T" "chr1_27695831_C_G_b38_C"
 [75] "chr1_27697089_C_T_b38_C" "chr1_27698511_G_A_b38_G"
 [77] "chr1_27699460_G_A_b38_G" "chr1_27699924_C_G_b38_C"
 [79] "chr1_27700065_A_G_b38_A" "chr1_27700390_A_G_b38_A"
 [81] "chr1_27700683_T_A_b38_T" "chr1_27701178_G_A_b38_G"
 [83] "chr1_27701689_A_G_b38_A" "chr1_27701750_T_G_b38_T"
 [85] "chr1_27701908_C_A_b38_C" "chr1_27702040_G_A_b38_G"
 [87] "chr1_27702178_G_A_b38_G" "chr1_27702423_G_A_b38_G"
 [89] "chr1_27702466_C_G_b38_C" "chr1_27702522_T_C_b38_T"
 [91] "chr1_27702598_C_T_b38_C" "chr1_27702628_C_T_b38_C"
 [93] "chr1_27702637_C_T_b38_C" "chr1_27711537_C_T_b38_C"
 [95] "chr1_27713769_C_T_b38_C" "chr1_27716298_A_G_b38_A"
 [97] "chr1_27716477_A_G_b38_A" "chr1_27717966_T_C_b38_T"
 [99] "chr1_27719953_A_C_b38_A" "chr1_27719984_T_G_b38_T"
[101] "chr1_27720887_G_A_b38_G" "chr1_27721072_C_T_b38_C"
[103] "chr1_27725100_G_A_b38_G" "chr1_27726800_G_A_b38_G"
[105] "chr1_27728084_G_A_b38_G" "chr1_27728303_C_T_b38_C"
[107] "chr1_27728708_A_T_b38_A" "chr1_27728846_C_A_b38_C"
[109] "chr1_27728990_G_A_b38_G" "chr1_27729395_G_A_b38_G"
[111] "chr1_27729635_C_A_b38_C" "chr1_27730135_A_G_b38_A"
[113] "chr1_27730824_G_T_b38_G" "chr1_27732423_G_A_b38_G"
[115] "chr1_27732479_G_T_b38_G" "chr1_27732998_G_A_b38_G"
[117] "chr1_27733225_C_T_b38_C" "chr1_27733447_C_G_b38_C"
[119] "chr1_27734063_A_G_b38_A"

=====================================
Tissue: Adipose Tissue 
=====================================
[1] TRUE
Running SuSiE.

=====================================
Tissue: Adrenal Gland 
=====================================
[1] TRUE
Running SuSiE.

=====================================
Tissue: Blood 
=====================================
[1] TRUE
Running SuSiE.

=====================================
Tissue: Blood Vessel 
=====================================
[1] TRUE
Running SuSiE.

=====================================
Tissue: Brain 
=====================================
[1] TRUE
Running SuSiE.

=====================================
Tissue: Breast 
=====================================
[1] TRUE
Running SuSiE.

=====================================
Tissue: Colon 
=====================================
[1] TRUE
Running SuSiE.

=====================================
Tissue: Esophagus 
=====================================
[1] TRUE
Running SuSiE.

=====================================
Tissue: Heart 
=====================================
[1] TRUE
Running SuSiE.

=====================================
Tissue: Kidney 
=====================================
[1] TRUE
Running SuSiE.

=====================================
Tissue: Liver 
=====================================
[1] TRUE
Running SuSiE.

=====================================
Tissue: Lung 
=====================================
[1] TRUE
Running SuSiE.

=====================================
Tissue: Muscle 
=====================================
[1] TRUE
Running SuSiE.

=====================================
Tissue: Nerve 
=====================================
[1] TRUE
Running SuSiE.

=====================================
Tissue: Ovary 
=====================================
[1] TRUE
Running SuSiE.

=====================================
Tissue: Pancreas 
=====================================
[1] TRUE
Running SuSiE.

=====================================
Tissue: Pituitary 
=====================================
[1] TRUE
Running SuSiE.

=====================================
Tissue: Prostate 
=====================================
[1] TRUE
Running SuSiE.

=====================================
Tissue: Salivary Gland 
=====================================
[1] TRUE
Running SuSiE.

=====================================
Tissue: Skin 
=====================================
[1] TRUE
Running SuSiE.

=====================================
Tissue: Small Intestine 
=====================================
[1] TRUE
Running SuSiE.

=====================================
Tissue: Spleen 
=====================================
[1] TRUE
Running SuSiE.

=====================================
Tissue: Stomach 
=====================================
[1] TRUE
Running SuSiE.

=====================================
Tissue: Testis 
=====================================
[1] TRUE
Running SuSiE.

=====================================
Tissue: Thyroid 
=====================================
[1] TRUE
Running SuSiE.

=====================================
Tissue: Uterus 
=====================================
[1] TRUE
Running SuSiE.

=====================================
Tissue: Vagina 
=====================================
[1] TRUE
Running SuSiE.
[2026-09-01 12:35:47] starting WEE1
Importing covariate data.
Importing gene expression data.
Found 27 tissues for gene WEE1 :
 [1] "Adipose Tissue"  "Adrenal Gland"   "Blood"           "Blood Vessel"   
 [5] "Brain"           "Breast"          "Colon"           "Esophagus"      
 [9] "Heart"           "Kidney"          "Liver"           "Lung"           
[13] "Muscle"          "Nerve"           "Ovary"           "Pancreas"       
[17] "Pituitary"       "Prostate"        "Salivary Gland"  "Skin"           
[21] "Small Intestine" "Spleen"          "Stomach"         "Testis"         
[25] "Thyroid"         "Uterus"          "Vagina"         
Extracting genotype data from PLINK file.
PLINK v2.0.0-a.7LM 64-bit Intel (11 Mar 2026)       cog-genomics.org/plink/2.0/
(C) 2005-2026 Shaun Purcell, Christopher Chang    GNU General Public License v3
Logging to /project2/mstephens/wdenault/susie_mix/temp_plink/plink_WEE1.log.
Options in effect:
  --bfile /project2/mstephens/gtex/GTEx_Analysis_2017-06-05_v8_WholeGenomeSeq_866Indiv
  --chr 11
  --export A
  --from-bp 9073670
  --maf 0
  --max-alleles 2
  --memory 8000
  --out /project2/mstephens/wdenault/susie_mix/temp_plink/plink_WEE1
  --rm-dup exclude-all
  --snps-only
  --threads 2
  --to-bp 10073670

Start time: Tue Sep  1 12:36:42 2026
63727 MiB RAM detected, ~26924 available; reserving 8000 MiB for main
workspace.
Using up to 2 compute threads.
866 samples (0 females, 0 males, 866 ambiguous; 866 founders) loaded from
/project2/mstephens/gtex/GTEx_Analysis_2017-06-05_v8_WholeGenomeSeq_866Indiv.fam.
67234533 variants in
/project2/mstephens/gtex/GTEx_Analysis_2017-06-05_v8_WholeGenomeSeq_866Indiv.bim;
64515227 excluded by --chr + --max-alleles + --snps-only, 2719306 remaining.
Note: No phenotype data present.
Note: Skipping --rm-dup since no duplicate IDs are present.
19531 variants remaining after main filters.
--export A pass 1/1: loading... 0%26% writing... 0%1%2%3%4%5%6%7%8%9%10%11%12%13%14%15%16%17%18%19%20%21%22%23%24%25%26%27%28%29%30%31%32%33%34%35%36%37%38%39%40%41%42%43%44%45%46%47%48%49%50%51%52%53%54%55%56%57%58%59%60%61%62%63%64%65%66%67%68%69%70%71%72%73%74%75%76%77%78%79%80%81%82%83%84%85%86%87%88%89%90%91%92%93%94%95%96%97%98%99% done.
--export A: /project2/mstephens/wdenault/susie_mix/temp_plink/plink_WEE1.raw
written.
End time: Tue Sep  1 12:36:48 2026
8 SNP(s) removed because HWE P < 1e-08 :
[1] "chr11_9080603_G_C_b38_G" "chr11_9080777_G_A_b38_G"
[3] "chr11_9085838_T_C_b38_T" "chr11_9537502_T_C_b38_T"
[5] "chr11_9623187_A_G_b38_A" "chr11_9623202_G_A_b38_G"
[7] "chr11_9623356_A_C_b38_A" "chr11_9699363_C_T_b38_C"

=====================================
Tissue: Adipose Tissue 
=====================================
[1] TRUE
Running SuSiE.

=====================================
Tissue: Adrenal Gland 
=====================================
[1] TRUE
Running SuSiE.

=====================================
Tissue: Blood 
=====================================
[1] TRUE
Running SuSiE.

=====================================
Tissue: Blood Vessel 
=====================================
[1] TRUE
Running SuSiE.

=====================================
Tissue: Brain 
=====================================
[1] TRUE
Running SuSiE.

=====================================
Tissue: Breast 
=====================================
[1] TRUE
Running SuSiE.

=====================================
Tissue: Colon 
=====================================
[1] TRUE
Running SuSiE.

=====================================
Tissue: Esophagus 
=====================================
[1] TRUE
Running SuSiE.

=====================================
Tissue: Heart 
=====================================
[1] TRUE
Running SuSiE.

=====================================
Tissue: Kidney 
=====================================
[1] TRUE
Running SuSiE.

=====================================
Tissue: Liver 
=====================================
[1] TRUE
Running SuSiE.

=====================================
Tissue: Lung 
=====================================
[1] TRUE
Running SuSiE.

=====================================
Tissue: Muscle 
=====================================
[1] TRUE
Running SuSiE.

=====================================
Tissue: Nerve 
=====================================
[1] TRUE
Running SuSiE.

=====================================
Tissue: Ovary 
=====================================
[1] TRUE
Running SuSiE.

=====================================
Tissue: Pancreas 
=====================================
[1] TRUE
Running SuSiE.

=====================================
Tissue: Pituitary 
=====================================
[1] TRUE
Running SuSiE.

=====================================
Tissue: Prostate 
=====================================
[1] TRUE
Running SuSiE.

=====================================
Tissue: Salivary Gland 
=====================================
[1] TRUE
Running SuSiE.

=====================================
Tissue: Skin 
=====================================
[1] TRUE
Running SuSiE.

=====================================
Tissue: Small Intestine 
=====================================
[1] TRUE
Running SuSiE.

=====================================
Tissue: Spleen 
=====================================
[1] TRUE
Running SuSiE.

=====================================
Tissue: Stomach 
=====================================
[1] TRUE
Running SuSiE.

=====================================
Tissue: Testis 
=====================================
[1] TRUE
Running SuSiE.

=====================================
Tissue: Thyroid 
=====================================
[1] TRUE
Running SuSiE.

=====================================
Tissue: Uterus 
=====================================
[1] TRUE
Running SuSiE.

=====================================
Tissue: Vagina 
=====================================
[1] TRUE
Running SuSiE.
[2026-09-01 12:38:45] starting WEE2
Importing covariate data.
Importing gene expression data.
Found 27 tissues for gene WEE2 :
 [1] "Adipose Tissue"  "Adrenal Gland"   "Blood"           "Blood Vessel"   
 [5] "Brain"           "Breast"          "Colon"           "Esophagus"      
 [9] "Heart"           "Kidney"          "Liver"           "Lung"           
[13] "Muscle"          "Nerve"           "Ovary"           "Pancreas"       
[17] "Pituitary"       "Prostate"        "Salivary Gland"  "Skin"           
[21] "Small Intestine" "Spleen"          "Stomach"         "Testis"         
[25] "Thyroid"         "Uterus"          "Vagina"         
Extracting genotype data from PLINK file.
PLINK v2.0.0-a.7LM 64-bit Intel (11 Mar 2026)       cog-genomics.org/plink/2.0/
(C) 2005-2026 Shaun Purcell, Christopher Chang    GNU General Public License v3
Logging to /project2/mstephens/wdenault/susie_mix/temp_plink/plink_WEE2.log.
Options in effect:
  --bfile /project2/mstephens/gtex/GTEx_Analysis_2017-06-05_v8_WholeGenomeSeq_866Indiv
  --chr 7
  --export A
  --from-bp 141208353
  --maf 0
  --max-alleles 2
  --memory 8000
  --out /project2/mstephens/wdenault/susie_mix/temp_plink/plink_WEE2
  --rm-dup exclude-all
  --snps-only
  --threads 2
  --to-bp 142208353

Start time: Tue Sep  1 12:39:41 2026
63727 MiB RAM detected, ~26921 available; reserving 8000 MiB for main
workspace.
Using up to 2 compute threads.
866 samples (0 females, 0 males, 866 ambiguous; 866 founders) loaded from
/project2/mstephens/gtex/GTEx_Analysis_2017-06-05_v8_WholeGenomeSeq_866Indiv.fam.
67234533 variants in
/project2/mstephens/gtex/GTEx_Analysis_2017-06-05_v8_WholeGenomeSeq_866Indiv.bim;
64060212 excluded by --chr + --max-alleles + --snps-only, 3174321 remaining.
Note: No phenotype data present.
Note: Skipping --rm-dup since no duplicate IDs are present.
18140 variants remaining after main filters.
--export A pass 1/1: loading... 0%writing... 0%1%2%3%4%5%6%7%8%9%10%11%12%13%14%15%16%17%18%19%20%21%22%23%24%25%26%27%28%29%30%31%32%33%34%35%36%37%38%39%40%41%42%43%44%45%46%47%48%49%50%51%52%53%54%55%56%57%58%59%60%61%62%63%64%65%66%67%68%69%70%71%72%73%74%75%76%77%78%79%80%81%82%83%84%85%86%87%88%89%90%91%92%93%94%95%96%97%98%99% done.
--export A: /project2/mstephens/wdenault/susie_mix/temp_plink/plink_WEE2.raw
written.
End time: Tue Sep  1 12:39:47 2026
60 SNP(s) removed because HWE P < 1e-08 :
 [1] "chr7_141217044_G_A_b38_G" "chr7_141220851_G_A_b38_G"
 [3] "chr7_141463087_A_G_b38_A" "chr7_141467643_G_A_b38_G"
 [5] "chr7_141468203_A_G_b38_A" "chr7_141471560_G_A_b38_G"
 [7] "chr7_141473320_A_G_b38_A" "chr7_141477188_T_C_b38_T"
 [9] "chr7_141481686_A_G_b38_A" "chr7_141484233_T_C_b38_T"
[11] "chr7_141485691_C_G_b38_C" "chr7_141489952_A_G_b38_A"
[13] "chr7_141492007_C_T_b38_C" "chr7_141495023_G_T_b38_G"
[15] "chr7_141496527_A_G_b38_A" "chr7_141496530_T_C_b38_T"
[17] "chr7_141499672_A_T_b38_A" "chr7_141500170_G_C_b38_G"
[19] "chr7_141500231_C_T_b38_C" "chr7_141500263_A_C_b38_A"
[21] "chr7_141500442_T_C_b38_T" "chr7_141500945_G_A_b38_G"
[23] "chr7_141503777_A_G_b38_A" "chr7_141505205_T_C_b38_T"
[25] "chr7_141506471_G_C_b38_G" "chr7_141506681_T_C_b38_T"
[27] "chr7_141507056_A_G_b38_A" "chr7_141507747_T_C_b38_T"
[29] "chr7_141508173_C_T_b38_C" "chr7_141508922_G_A_b38_G"
[31] "chr7_141984849_G_A_b38_G" "chr7_141984855_A_G_b38_A"
[33] "chr7_141984907_A_G_b38_A" "chr7_141984912_T_A_b38_T"
[35] "chr7_141984938_C_G_b38_C" "chr7_141984980_A_T_b38_A"
[37] "chr7_141984993_A_T_b38_A" "chr7_141985015_C_A_b38_C"
[39] "chr7_141985035_T_C_b38_T" "chr7_141991577_T_C_b38_T"
[41] "chr7_141994468_A_G_b38_A" "chr7_141995005_G_A_b38_G"
[43] "chr7_142031538_C_T_b38_C" "chr7_142032413_C_T_b38_C"
[45] "chr7_142034594_T_G_b38_T" "chr7_142060121_T_C_b38_T"
[47] "chr7_142060156_C_G_b38_C" "chr7_142060167_G_A_b38_G"
[49] "chr7_142060194_T_C_b38_T" "chr7_142060195_G_A_b38_G"
[51] "chr7_142060240_C_T_b38_C" "chr7_142060428_T_C_b38_T"
[53] "chr7_142060493_T_G_b38_T" "chr7_142060494_G_C_b38_G"
[55] "chr7_142060512_T_G_b38_T" "chr7_142060604_G_T_b38_G"
[57] "chr7_142060610_A_G_b38_A" "chr7_142060692_C_G_b38_C"
[59] "chr7_142060998_T_C_b38_T" "chr7_142097764_T_C_b38_T"

=====================================
Tissue: Adipose Tissue 
=====================================
[1] TRUE
Running SuSiE.

=====================================
Tissue: Adrenal Gland 
=====================================
[1] TRUE
Running SuSiE.

=====================================
Tissue: Blood 
=====================================
[1] TRUE
Running SuSiE.

=====================================
Tissue: Blood Vessel 
=====================================
[1] TRUE
Running SuSiE.

=====================================
Tissue: Brain 
=====================================
[1] TRUE
Running SuSiE.

=====================================
Tissue: Breast 
=====================================
[1] TRUE
Running SuSiE.

=====================================
Tissue: Colon 
=====================================
[1] TRUE
Running SuSiE.

=====================================
Tissue: Esophagus 
=====================================
[1] TRUE
Running SuSiE.

=====================================
Tissue: Heart 
=====================================
[1] TRUE
Running SuSiE.

=====================================
Tissue: Kidney 
=====================================
[1] TRUE
Running SuSiE.

=====================================
Tissue: Liver 
=====================================
[1] TRUE
Running SuSiE.

=====================================
Tissue: Lung 
=====================================
[1] TRUE
Running SuSiE.

=====================================
Tissue: Muscle 
=====================================
[1] TRUE
Running SuSiE.

=====================================
Tissue: Nerve 
=====================================
[1] TRUE
Running SuSiE.

=====================================
Tissue: Ovary 
=====================================
[1] TRUE
Running SuSiE.

=====================================
Tissue: Pancreas 
=====================================
[1] TRUE
Running SuSiE.

=====================================
Tissue: Pituitary 
=====================================
[1] TRUE
Running SuSiE.

=====================================
Tissue: Prostate 
=====================================
[1] TRUE
Running SuSiE.

=====================================
Tissue: Salivary Gland 
=====================================
[1] TRUE
Running SuSiE.

=====================================
Tissue: Skin 
=====================================
[1] TRUE
Running SuSiE.

=====================================
Tissue: Small Intestine 
=====================================
[1] TRUE
Running SuSiE.

=====================================
Tissue: Spleen 
=====================================
[1] TRUE
Running SuSiE.

=====================================
Tissue: Stomach 
=====================================
[1] TRUE
Running SuSiE.

=====================================
Tissue: Testis 
=====================================
[1] TRUE
Running SuSiE.

=====================================
Tissue: Thyroid 
=====================================
[1] TRUE
Running SuSiE.

=====================================
Tissue: Uterus 
=====================================
[1] TRUE
Running SuSiE.

=====================================
Tissue: Vagina 
=====================================
[1] TRUE
Running SuSiE.
[2026-09-01 12:41:10] starting WFDC1
Importing covariate data.
Importing gene expression data.
Found 27 tissues for gene WFDC1 :
 [1] "Adipose Tissue"  "Adrenal Gland"   "Blood"           "Blood Vessel"   
 [5] "Brain"           "Breast"          "Colon"           "Esophagus"      
 [9] "Heart"           "Kidney"          "Liver"           "Lung"           
[13] "Muscle"          "Nerve"           "Ovary"           "Pancreas"       
[17] "Pituitary"       "Prostate"        "Salivary Gland"  "Skin"           
[21] "Small Intestine" "Spleen"          "Stomach"         "Testis"         
[25] "Thyroid"         "Uterus"          "Vagina"         
Extracting genotype data from PLINK file.
PLINK v2.0.0-a.7LM 64-bit Intel (11 Mar 2026)       cog-genomics.org/plink/2.0/
(C) 2005-2026 Shaun Purcell, Christopher Chang    GNU General Public License v3
Logging to /project2/mstephens/wdenault/susie_mix/temp_plink/plink_WFDC1.log.
Options in effect:
  --bfile /project2/mstephens/gtex/GTEx_Analysis_2017-06-05_v8_WholeGenomeSeq_866Indiv
  --chr 16
  --export A
  --from-bp 83794846
  --maf 0
  --max-alleles 2
  --memory 8000
  --out /project2/mstephens/wdenault/susie_mix/temp_plink/plink_WFDC1
  --rm-dup exclude-all
  --snps-only
  --threads 2
  --to-bp 84794846

Start time: Tue Sep  1 12:42:06 2026
63727 MiB RAM detected, ~23188 available; reserving 8000 MiB for main
workspace.
Using up to 2 compute threads.
866 samples (0 females, 0 males, 866 ambiguous; 866 founders) loaded from
/project2/mstephens/gtex/GTEx_Analysis_2017-06-05_v8_WholeGenomeSeq_866Indiv.fam.
67234533 variants in
/project2/mstephens/gtex/GTEx_Analysis_2017-06-05_v8_WholeGenomeSeq_866Indiv.bim;
65423567 excluded by --chr + --max-alleles + --snps-only, 1810966 remaining.
Note: No phenotype data present.
Note: Skipping --rm-dup since no duplicate IDs are present.
30450 variants remaining after main filters.
--export A pass 1/1: loading... 0%writing... 0%1%2%3%4%5%6%7%8%9%10%11%12%13%14%15%16%17%18%19%20%21%22%23%24%25%26%27%28%29%30%31%32%33%34%35%36%37%38%39%40%41%42%43%44%45%46%47%48%49%50%51%52%53%54%55%56%57%58%59%60%61%62%63%64%65%66%67%68%69%70%71%72%73%74%75%76%77%78%79%80%81%82%83%84%85%86%87%88%89%90%91%92%93%94%95%96%97%98%99% done.
--export A: /project2/mstephens/wdenault/susie_mix/temp_plink/plink_WFDC1.raw
written.
End time: Tue Sep  1 12:42:11 2026
71 SNP(s) removed because HWE P < 1e-08 :
 [1] "chr16_83821060_G_C_b38_G" "chr16_83869906_A_G_b38_A"
 [3] "chr16_83962291_T_C_b38_T" "chr16_83972530_G_T_b38_G"
 [5] "chr16_83972864_C_A_b38_C" "chr16_83973244_C_G_b38_C"
 [7] "chr16_83973960_A_G_b38_A" "chr16_83975797_T_C_b38_T"
 [9] "chr16_83984986_G_C_b38_G" "chr16_83985408_A_G_b38_A"
[11] "chr16_83986050_T_C_b38_T" "chr16_83986753_G_C_b38_G"
[13] "chr16_83986992_A_G_b38_A" "chr16_83987080_G_T_b38_G"
[15] "chr16_83987639_T_G_b38_T" "chr16_83989336_T_A_b38_T"
[17] "chr16_83994518_T_C_b38_T" "chr16_83995067_A_G_b38_A"
[19] "chr16_83995097_A_G_b38_A" "chr16_83995951_C_T_b38_C"
[21] "chr16_83998971_T_C_b38_T" "chr16_83998993_G_C_b38_G"
[23] "chr16_83999289_A_C_b38_A" "chr16_84000327_A_C_b38_A"
[25] "chr16_84000401_T_A_b38_T" "chr16_84000478_A_G_b38_A"
[27] "chr16_84000524_C_T_b38_C" "chr16_84000526_G_A_b38_G"
[29] "chr16_84000563_C_G_b38_C" "chr16_84000705_C_T_b38_C"
[31] "chr16_84000834_A_G_b38_A" "chr16_84000842_G_T_b38_G"
[33] "chr16_84000908_C_G_b38_C" "chr16_84000947_G_C_b38_G"
[35] "chr16_84000981_T_G_b38_T" "chr16_84001017_T_C_b38_T"
[37] "chr16_84001075_G_C_b38_G" "chr16_84001128_A_G_b38_A"
[39] "chr16_84001140_G_A_b38_G" "chr16_84001385_G_A_b38_G"
[41] "chr16_84001426_G_C_b38_G" "chr16_84001432_A_G_b38_A"
[43] "chr16_84001441_A_G_b38_A" "chr16_84001493_G_C_b38_G"
[45] "chr16_84001715_G_A_b38_G" "chr16_84001743_G_T_b38_G"
[47] "chr16_84002752_G_A_b38_G" "chr16_84013900_T_C_b38_T"
[49] "chr16_84013907_C_A_b38_C" "chr16_84014241_T_C_b38_T"
[51] "chr16_84023282_C_T_b38_C" "chr16_84026266_A_G_b38_A"
[53] "chr16_84250065_A_C_b38_A" "chr16_84492864_C_G_b38_C"
[55] "chr16_84493359_C_T_b38_C" "chr16_84494205_C_A_b38_C"
[57] "chr16_84540747_A_G_b38_A" "chr16_84541196_T_C_b38_T"
[59] "chr16_84541672_T_C_b38_T" "chr16_84541826_A_G_b38_A"
[61] "chr16_84541935_T_C_b38_T" "chr16_84542217_A_C_b38_A"
[63] "chr16_84542710_T_C_b38_T" "chr16_84542861_A_G_b38_A"
[65] "chr16_84583779_T_C_b38_T" "chr16_84583963_G_A_b38_G"
[67] "chr16_84628353_C_A_b38_C" "chr16_84637367_A_C_b38_A"
[69] "chr16_84637788_G_A_b38_G" "chr16_84638588_T_C_b38_T"
[71] "chr16_84638596_T_C_b38_T"

=====================================
Tissue: Adipose Tissue 
=====================================
[1] TRUE
Running SuSiE.

=====================================
Tissue: Adrenal Gland 
=====================================
[1] TRUE
Running SuSiE.

=====================================
Tissue: Blood 
=====================================
[1] TRUE
Running SuSiE.

=====================================
Tissue: Blood Vessel 
=====================================
[1] TRUE
Running SuSiE.

=====================================
Tissue: Brain 
=====================================
[1] TRUE
Running SuSiE.

=====================================
Tissue: Breast 
=====================================
[1] TRUE
Running SuSiE.

=====================================
Tissue: Colon 
=====================================
[1] TRUE
Running SuSiE.

=====================================
Tissue: Esophagus 
=====================================
[1] TRUE
Running SuSiE.

=====================================
Tissue: Heart 
=====================================
[1] TRUE
Running SuSiE.

=====================================
Tissue: Kidney 
=====================================
[1] TRUE
Running SuSiE.

=====================================
Tissue: Liver 
=====================================
[1] TRUE
Running SuSiE.

=====================================
Tissue: Lung 
=====================================
[1] TRUE
Running SuSiE.

=====================================
Tissue: Muscle 
=====================================
[1] TRUE
Running SuSiE.

=====================================
Tissue: Nerve 
=====================================
[1] TRUE
Running SuSiE.

=====================================
Tissue: Ovary 
=====================================
[1] TRUE
Running SuSiE.

=====================================
Tissue: Pancreas 
=====================================
[1] TRUE
Running SuSiE.

=====================================
Tissue: Pituitary 
=====================================
[1] TRUE
Running SuSiE.

=====================================
Tissue: Prostate 
=====================================
[1] TRUE
Running SuSiE.

=====================================
Tissue: Salivary Gland 
=====================================
[1] TRUE
Running SuSiE.

=====================================
Tissue: Skin 
=====================================
[1] TRUE
Running SuSiE.

=====================================
Tissue: Small Intestine 
=====================================
[1] TRUE
Running SuSiE.

=====================================
Tissue: Spleen 
=====================================
[1] TRUE
Running SuSiE.

=====================================
Tissue: Stomach 
=====================================
[1] TRUE
Running SuSiE.

=====================================
Tissue: Testis 
=====================================
[1] TRUE
Running SuSiE.

=====================================
Tissue: Thyroid 
=====================================
[1] TRUE
Running SuSiE.

=====================================
Tissue: Uterus 
=====================================
[1] TRUE
Running SuSiE.

=====================================
Tissue: Vagina 
=====================================
[1] TRUE
Running SuSiE.
[2026-09-01 12:46:19] starting WFDC10A
Importing covariate data.
Importing gene expression data.
Found 27 tissues for gene WFDC10A :
 [1] "Adipose Tissue"  "Adrenal Gland"   "Blood"           "Blood Vessel"   
 [5] "Brain"           "Breast"          "Colon"           "Esophagus"      
 [9] "Heart"           "Kidney"          "Liver"           "Lung"           
[13] "Muscle"          "Nerve"           "Ovary"           "Pancreas"       
[17] "Pituitary"       "Prostate"        "Salivary Gland"  "Skin"           
[21] "Small Intestine" "Spleen"          "Stomach"         "Testis"         
[25] "Thyroid"         "Uterus"          "Vagina"         
Extracting genotype data from PLINK file.
PLINK v2.0.0-a.7LM 64-bit Intel (11 Mar 2026)       cog-genomics.org/plink/2.0/
(C) 2005-2026 Shaun Purcell, Christopher Chang    GNU General Public License v3
Logging to /project2/mstephens/wdenault/susie_mix/temp_plink/plink_WFDC10A.log.
Options in effect:
  --bfile /project2/mstephens/gtex/GTEx_Analysis_2017-06-05_v8_WholeGenomeSeq_866Indiv
  --chr 20
  --export A
  --from-bp 45129739
  --maf 0
  --max-alleles 2
  --memory 8000
  --out /project2/mstephens/wdenault/susie_mix/temp_plink/plink_WFDC10A
  --rm-dup exclude-all
  --snps-only
  --threads 2
  --to-bp 46129739

Start time: Tue Sep  1 12:47:15 2026
63727 MiB RAM detected, ~24016 available; reserving 8000 MiB for main
workspace.
Using up to 2 compute threads.
866 samples (0 females, 0 males, 866 ambiguous; 866 founders) loaded from
/project2/mstephens/gtex/GTEx_Analysis_2017-06-05_v8_WholeGenomeSeq_866Indiv.fam.
67234533 variants in
/project2/mstephens/gtex/GTEx_Analysis_2017-06-05_v8_WholeGenomeSeq_866Indiv.bim;
65857659 excluded by --chr + --max-alleles + --snps-only, 1376874 remaining.
Note: No phenotype data present.
Note: Skipping --rm-dup since no duplicate IDs are present.
18233 variants remaining after main filters.
--export A pass 1/1: loading... 0%writing... 0%1%2%3%4%5%6%7%8%9%10%11%12%13%14%15%16%17%18%19%20%21%22%23%24%25%26%27%28%29%30%31%32%33%34%35%36%37%38%39%40%41%42%43%44%45%46%47%48%49%50%51%52%53%54%55%56%57%58%59%60%61%62%63%64%65%66%67%68%69%70%71%72%73%74%75%76%77%78%79%80%81%82%83%84%85%86%87%88%89%90%91%92%93%94%95%96%97%98%99% done.
--export A: /project2/mstephens/wdenault/susie_mix/temp_plink/plink_WFDC10A.raw
written.
End time: Tue Sep  1 12:47:21 2026
13 SNP(s) removed because HWE P < 1e-08 :
 [1] "chr20_45145046_G_C_b38_G" "chr20_45146361_A_G_b38_A"
 [3] "chr20_45148119_C_T_b38_C" "chr20_45268722_T_C_b38_T"
 [5] "chr20_45447208_C_T_b38_C" "chr20_45591154_C_G_b38_C"
 [7] "chr20_45591166_G_A_b38_G" "chr20_45615982_T_C_b38_T"
 [9] "chr20_45615984_G_T_b38_G" "chr20_45615988_G_A_b38_G"
[11] "chr20_45615994_G_A_b38_G" "chr20_45761390_T_C_b38_T"
[13] "chr20_46126217_A_C_b38_A"

=====================================
Tissue: Adipose Tissue 
=====================================
[1] TRUE
Running SuSiE.

=====================================
Tissue: Adrenal Gland 
=====================================
[1] TRUE
Running SuSiE.

=====================================
Tissue: Blood 
=====================================
[1] TRUE
Running SuSiE.

=====================================
Tissue: Blood Vessel 
=====================================
[1] TRUE
Running SuSiE.

=====================================
Tissue: Brain 
=====================================
[1] TRUE
Running SuSiE.

=====================================
Tissue: Breast 
=====================================
[1] TRUE
Running SuSiE.

=====================================
Tissue: Colon 
=====================================
[1] TRUE
Running SuSiE.

=====================================
Tissue: Esophagus 
=====================================
[1] TRUE
Running SuSiE.

=====================================
Tissue: Heart 
=====================================
[1] TRUE
Running SuSiE.

=====================================
Tissue: Kidney 
=====================================
[1] TRUE
Running SuSiE.

=====================================
Tissue: Liver 
=====================================
[1] TRUE
Running SuSiE.

=====================================
Tissue: Lung 
=====================================
[1] TRUE
Running SuSiE.

=====================================
Tissue: Muscle 
=====================================
[1] TRUE
Running SuSiE.

=====================================
Tissue: Nerve 
=====================================
[1] TRUE
Running SuSiE.

=====================================
Tissue: Ovary 
=====================================
[1] TRUE
Running SuSiE.

=====================================
Tissue: Pancreas 
=====================================
[1] TRUE
Running SuSiE.

=====================================
Tissue: Pituitary 
=====================================
[1] TRUE
Running SuSiE.

=====================================
Tissue: Prostate 
=====================================
[1] TRUE
Running SuSiE.

=====================================
Tissue: Salivary Gland 
=====================================
[1] TRUE
Running SuSiE.

=====================================
Tissue: Skin 
=====================================
[1] TRUE
Running SuSiE.

=====================================
Tissue: Small Intestine 
=====================================
[1] TRUE
Running SuSiE.

=====================================
Tissue: Spleen 
=====================================
[1] TRUE
Running SuSiE.

=====================================
Tissue: Stomach 
=====================================
[1] TRUE
Running SuSiE.

=====================================
Tissue: Testis 
=====================================
[1] TRUE
Running SuSiE.

=====================================
Tissue: Thyroid 
=====================================
[1] TRUE
Running SuSiE.

=====================================
Tissue: Uterus 
=====================================
[1] TRUE
Running SuSiE.

=====================================
Tissue: Vagina 
=====================================
[1] TRUE
Running SuSiE.
[2026-09-01 12:49:13] starting WFDC10B
Importing covariate data.
Importing gene expression data.
Found 27 tissues for gene WFDC10B :
 [1] "Adipose Tissue"  "Adrenal Gland"   "Blood"           "Blood Vessel"   
 [5] "Brain"           "Breast"          "Colon"           "Esophagus"      
 [9] "Heart"           "Kidney"          "Liver"           "Lung"           
[13] "Muscle"          "Nerve"           "Ovary"           "Pancreas"       
[17] "Pituitary"       "Prostate"        "Salivary Gland"  "Skin"           
[21] "Small Intestine" "Spleen"          "Stomach"         "Testis"         
[25] "Thyroid"         "Uterus"          "Vagina"         
13 SNP(s) removed because HWE P < 1e-08 :
 [1] "chr20_45268722_T_C_b38_T" "chr20_45447208_C_T_b38_C"
 [3] "chr20_45591154_C_G_b38_C" "chr20_45591166_G_A_b38_G"
 [5] "chr20_45615982_T_C_b38_T" "chr20_45615984_G_T_b38_G"
 [7] "chr20_45615988_G_A_b38_G" "chr20_45615994_G_A_b38_G"
 [9] "chr20_45761390_T_C_b38_T" "chr20_46126217_A_C_b38_A"
[11] "chr20_46161412_A_C_b38_A" "chr20_46188975_A_T_b38_A"
[13] "chr20_46191225_T_C_b38_T"

=====================================
Tissue: Adipose Tissue 
=====================================
[1] TRUE
Running SuSiE.

=====================================
Tissue: Adrenal Gland 
=====================================
[1] TRUE
Running SuSiE.

=====================================
Tissue: Blood 
=====================================
[1] TRUE
Running SuSiE.

=====================================
Tissue: Blood Vessel 
=====================================
[1] TRUE
Running SuSiE.

=====================================
Tissue: Brain 
=====================================
[1] TRUE
Running SuSiE.

=====================================
Tissue: Breast 
=====================================
[1] TRUE
Running SuSiE.

=====================================
Tissue: Colon 
=====================================
[1] TRUE
Running SuSiE.

=====================================
Tissue: Esophagus 
=====================================
[1] TRUE
Running SuSiE.

=====================================
Tissue: Heart 
=====================================
[1] TRUE
Running SuSiE.

=====================================
Tissue: Kidney 
=====================================
[1] TRUE
Running SuSiE.

=====================================
Tissue: Liver 
=====================================
[1] TRUE
Running SuSiE.

=====================================
Tissue: Lung 
=====================================
[1] TRUE
Running SuSiE.

=====================================
Tissue: Muscle 
=====================================
[1] TRUE
Running SuSiE.

=====================================
Tissue: Nerve 
=====================================
[1] TRUE
Running SuSiE.

=====================================
Tissue: Ovary 
=====================================
[1] TRUE
Running SuSiE.

=====================================
Tissue: Pancreas 
=====================================
[1] TRUE
Running SuSiE.

=====================================
Tissue: Pituitary 
=====================================
[1] TRUE
Running SuSiE.

=====================================
Tissue: Prostate 
=====================================
[1] TRUE
Running SuSiE.

=====================================
Tissue: Salivary Gland 
=====================================
[1] TRUE
Running SuSiE.

=====================================
Tissue: Skin 
=====================================
[1] TRUE
Running SuSiE.

=====================================
Tissue: Small Intestine 
=====================================
[1] TRUE
Running SuSiE.

=====================================
Tissue: Spleen 
=====================================
[1] TRUE
Running SuSiE.

=====================================
Tissue: Stomach 
=====================================
[1] TRUE
Running SuSiE.

=====================================
Tissue: Testis 
=====================================
[1] TRUE
Running SuSiE.

=====================================
Tissue: Thyroid 
=====================================
[1] TRUE
Running SuSiE.

=====================================
Tissue: Uterus 
=====================================
[1] TRUE
Running SuSiE.

=====================================
Tissue: Vagina 
=====================================
[1] TRUE
Running SuSiE.
[2026-09-01 12:52:09] starting WFDC11
Importing covariate data.
Importing gene expression data.
Found 27 tissues for gene WFDC11 :
 [1] "Adipose Tissue"  "Adrenal Gland"   "Blood"           "Blood Vessel"   
 [5] "Brain"           "Breast"          "Colon"           "Esophagus"      
 [9] "Heart"           "Kidney"          "Liver"           "Lung"           
[13] "Muscle"          "Nerve"           "Ovary"           "Pancreas"       
[17] "Pituitary"       "Prostate"        "Salivary Gland"  "Skin"           
[21] "Small Intestine" "Spleen"          "Stomach"         "Testis"         
[25] "Thyroid"         "Uterus"          "Vagina"         
Extracting genotype data from PLINK file.
PLINK v2.0.0-a.7LM 64-bit Intel (11 Mar 2026)       cog-genomics.org/plink/2.0/
(C) 2005-2026 Shaun Purcell, Christopher Chang    GNU General Public License v3
Logging to /project2/mstephens/wdenault/susie_mix/temp_plink/plink_WFDC11.log.
Options in effect:
  --bfile /project2/mstephens/gtex/GTEx_Analysis_2017-06-05_v8_WholeGenomeSeq_866Indiv
  --chr 20
  --export A
  --from-bp 45170270
  --maf 0
  --max-alleles 2
  --memory 8000
  --out /project2/mstephens/wdenault/susie_mix/temp_plink/plink_WFDC11
  --rm-dup exclude-all
  --snps-only
  --threads 2
  --to-bp 46170270

Start time: Tue Sep  1 12:53:05 2026
63727 MiB RAM detected, ~26933 available; reserving 8000 MiB for main
workspace.
Using up to 2 compute threads.
866 samples (0 females, 0 males, 866 ambiguous; 866 founders) loaded from
/project2/mstephens/gtex/GTEx_Analysis_2017-06-05_v8_WholeGenomeSeq_866Indiv.fam.
67234533 variants in
/project2/mstephens/gtex/GTEx_Analysis_2017-06-05_v8_WholeGenomeSeq_866Indiv.bim;
65857659 excluded by --chr + --max-alleles + --snps-only, 1376874 remaining.
Note: No phenotype data present.
Note: Skipping --rm-dup since no duplicate IDs are present.
18437 variants remaining after main filters.
--export A pass 1/1: loading... 0%writing... 0%1%2%3%4%5%6%7%8%9%10%11%12%13%14%15%16%17%18%19%20%21%22%23%24%25%26%27%28%29%30%31%32%33%34%35%36%37%38%39%40%41%42%43%44%45%46%47%48%49%50%51%52%53%54%55%56%57%58%59%60%61%62%63%64%65%66%67%68%69%70%71%72%73%74%75%76%77%78%79%80%81%82%83%84%85%86%87%88%89%90%91%92%93%94%95%96%97%98%99% done.
--export A: /project2/mstephens/wdenault/susie_mix/temp_plink/plink_WFDC11.raw
written.
End time: Tue Sep  1 12:53:11 2026
11 SNP(s) removed because HWE P < 1e-08 :
 [1] "chr20_45268722_T_C_b38_T" "chr20_45447208_C_T_b38_C"
 [3] "chr20_45591154_C_G_b38_C" "chr20_45591166_G_A_b38_G"
 [5] "chr20_45615982_T_C_b38_T" "chr20_45615984_G_T_b38_G"
 [7] "chr20_45615988_G_A_b38_G" "chr20_45615994_G_A_b38_G"
 [9] "chr20_45761390_T_C_b38_T" "chr20_46126217_A_C_b38_A"
[11] "chr20_46161412_A_C_b38_A"

=====================================
Tissue: Adipose Tissue 
=====================================
[1] TRUE
Running SuSiE.

=====================================
Tissue: Adrenal Gland 
=====================================
[1] TRUE
Running SuSiE.

=====================================
Tissue: Blood 
=====================================
[1] TRUE
Running SuSiE.

=====================================
Tissue: Blood Vessel 
=====================================
[1] TRUE
Running SuSiE.

=====================================
Tissue: Brain 
=====================================
[1] TRUE
Running SuSiE.

=====================================
Tissue: Breast 
=====================================
[1] TRUE
Running SuSiE.

=====================================
Tissue: Colon 
=====================================
[1] TRUE
Running SuSiE.

=====================================
Tissue: Esophagus 
=====================================
[1] TRUE
Running SuSiE.

=====================================
Tissue: Heart 
=====================================
[1] TRUE
Running SuSiE.

=====================================
Tissue: Kidney 
=====================================
[1] TRUE
Running SuSiE.

=====================================
Tissue: Liver 
=====================================
[1] TRUE
Running SuSiE.

=====================================
Tissue: Lung 
=====================================
[1] TRUE
Running SuSiE.

=====================================
Tissue: Muscle 
=====================================
[1] TRUE
Running SuSiE.

=====================================
Tissue: Nerve 
=====================================
[1] TRUE
Running SuSiE.

=====================================
Tissue: Ovary 
=====================================
[1] TRUE
Running SuSiE.

=====================================
Tissue: Pancreas 
=====================================
[1] TRUE
Running SuSiE.

=====================================
Tissue: Pituitary 
=====================================
[1] TRUE
Running SuSiE.

=====================================
Tissue: Prostate 
=====================================
[1] TRUE
Running SuSiE.

=====================================
Tissue: Salivary Gland 
=====================================
[1] TRUE
Running SuSiE.

=====================================
Tissue: Skin 
=====================================
[1] TRUE
Running SuSiE.

=====================================
Tissue: Small Intestine 
=====================================
[1] TRUE
Running SuSiE.

=====================================
Tissue: Spleen 
=====================================
[1] TRUE
Running SuSiE.

=====================================
Tissue: Stomach 
=====================================
[1] TRUE
Running SuSiE.

=====================================
Tissue: Testis 
=====================================
[1] TRUE
Running SuSiE.

=====================================
Tissue: Thyroid 
=====================================
[1] TRUE
Running SuSiE.

=====================================
Tissue: Uterus 
=====================================
[1] TRUE
Running SuSiE.

=====================================
Tissue: Vagina 
=====================================
[1] TRUE
Running SuSiE.
[2026-09-01 12:55:07] starting WFDC12
Importing covariate data.
Importing gene expression data.
Found 27 tissues for gene WFDC12 :
 [1] "Adipose Tissue"  "Adrenal Gland"   "Blood"           "Blood Vessel"   
 [5] "Brain"           "Breast"          "Colon"           "Esophagus"      
 [9] "Heart"           "Kidney"          "Liver"           "Lung"           
[13] "Muscle"          "Nerve"           "Ovary"           "Pancreas"       
[17] "Pituitary"       "Prostate"        "Salivary Gland"  "Skin"           
[21] "Small Intestine" "Spleen"          "Stomach"         "Testis"         
[25] "Thyroid"         "Uterus"          "Vagina"         
24 SNP(s) removed because HWE P < 1e-08 :
 [1] "chr20_44638314_G_C_b38_G" "chr20_44656383_G_T_b38_G"
 [3] "chr20_44656576_T_C_b38_T" "chr20_44662081_G_A_b38_G"
 [5] "chr20_44671236_A_C_b38_A" "chr20_44672747_A_G_b38_A"
 [7] "chr20_44672749_T_C_b38_T" "chr20_44684112_T_C_b38_T"
 [9] "chr20_44684506_G_C_b38_G" "chr20_44792958_A_G_b38_A"
[11] "chr20_44796825_T_G_b38_T" "chr20_44943576_T_C_b38_T"
[13] "chr20_45108637_T_G_b38_T" "chr20_45145046_G_C_b38_G"
[15] "chr20_45146361_A_G_b38_A" "chr20_45148119_C_T_b38_C"
[17] "chr20_45268722_T_C_b38_T" "chr20_45447208_C_T_b38_C"
[19] "chr20_45591154_C_G_b38_C" "chr20_45591166_G_A_b38_G"
[21] "chr20_45615982_T_C_b38_T" "chr20_45615984_G_T_b38_G"
[23] "chr20_45615988_G_A_b38_G" "chr20_45615994_G_A_b38_G"

=====================================
Tissue: Adipose Tissue 
=====================================
[1] TRUE
Running SuSiE.

=====================================
Tissue: Adrenal Gland 
=====================================
[1] TRUE
Running SuSiE.

=====================================
Tissue: Blood 
=====================================
[1] TRUE
Running SuSiE.

=====================================
Tissue: Blood Vessel 
=====================================
[1] TRUE
Running SuSiE.

=====================================
Tissue: Brain 
=====================================
[1] TRUE
Running SuSiE.

=====================================
Tissue: Breast 
=====================================
[1] TRUE
Running SuSiE.

=====================================
Tissue: Colon 
=====================================
[1] TRUE
Running SuSiE.

=====================================
Tissue: Esophagus 
=====================================
[1] TRUE
Running SuSiE.

=====================================
Tissue: Heart 
=====================================
[1] TRUE
Running SuSiE.

=====================================
Tissue: Kidney 
=====================================
[1] TRUE
Running SuSiE.

=====================================
Tissue: Liver 
=====================================
[1] TRUE
Running SuSiE.

=====================================
Tissue: Lung 
=====================================
[1] TRUE
Running SuSiE.

=====================================
Tissue: Muscle 
=====================================
[1] TRUE
Running SuSiE.

=====================================
Tissue: Nerve 
=====================================
[1] TRUE
Running SuSiE.

=====================================
Tissue: Ovary 
=====================================
[1] TRUE
Running SuSiE.

=====================================
Tissue: Pancreas 
=====================================
[1] TRUE
Running SuSiE.

=====================================
Tissue: Pituitary 
=====================================
[1] TRUE
Running SuSiE.

=====================================
Tissue: Prostate 
=====================================
[1] TRUE
Running SuSiE.

=====================================
Tissue: Salivary Gland 
=====================================
[1] TRUE
Running SuSiE.

=====================================
Tissue: Skin 
=====================================
[1] TRUE
Running SuSiE.

=====================================
Tissue: Small Intestine 
=====================================
[1] TRUE
Running SuSiE.

=====================================
Tissue: Spleen 
=====================================
[1] TRUE
Running SuSiE.

=====================================
Tissue: Stomach 
=====================================
[1] TRUE
Running SuSiE.

=====================================
Tissue: Testis 
=====================================
[1] TRUE
Running SuSiE.

=====================================
Tissue: Thyroid 
=====================================
[1] TRUE
Running SuSiE.

=====================================
Tissue: Uterus 
=====================================
[1] TRUE
Running SuSiE.

=====================================
Tissue: Vagina 
=====================================
[1] TRUE
Running SuSiE.
[2026-09-01 12:57:49] starting WFDC13
Importing covariate data.
Importing gene expression data.
Found 27 tissues for gene WFDC13 :
 [1] "Adipose Tissue"  "Adrenal Gland"   "Blood"           "Blood Vessel"   
 [5] "Brain"           "Breast"          "Colon"           "Esophagus"      
 [9] "Heart"           "Kidney"          "Liver"           "Lung"           
[13] "Muscle"          "Nerve"           "Ovary"           "Pancreas"       
[17] "Pituitary"       "Prostate"        "Salivary Gland"  "Skin"           
[21] "Small Intestine" "Spleen"          "Stomach"         "Testis"         
[25] "Thyroid"         "Uterus"          "Vagina"         
Extracting genotype data from PLINK file.
PLINK v2.0.0-a.7LM 64-bit Intel (11 Mar 2026)       cog-genomics.org/plink/2.0/
(C) 2005-2026 Shaun Purcell, Christopher Chang    GNU General Public License v3
Logging to /project2/mstephens/wdenault/susie_mix/temp_plink/plink_WFDC13.log.
Options in effect:
  --bfile /project2/mstephens/gtex/GTEx_Analysis_2017-06-05_v8_WholeGenomeSeq_866Indiv
  --chr 20
  --export A
  --from-bp 45202038
  --maf 0
  --max-alleles 2
  --memory 8000
  --out /project2/mstephens/wdenault/susie_mix/temp_plink/plink_WFDC13
  --rm-dup exclude-all
  --snps-only
  --threads 2
  --to-bp 46202038

Start time: Tue Sep  1 12:58:44 2026
63727 MiB RAM detected, ~26938 available; reserving 8000 MiB for main
workspace.
Using up to 2 compute threads.
866 samples (0 females, 0 males, 866 ambiguous; 866 founders) loaded from
/project2/mstephens/gtex/GTEx_Analysis_2017-06-05_v8_WholeGenomeSeq_866Indiv.fam.
67234533 variants in
/project2/mstephens/gtex/GTEx_Analysis_2017-06-05_v8_WholeGenomeSeq_866Indiv.bim;
65857659 excluded by --chr + --max-alleles + --snps-only, 1376874 remaining.
Note: No phenotype data present.
Note: Skipping --rm-dup since no duplicate IDs are present.
18496 variants remaining after main filters.
--export A pass 1/1: loading... 0%writing... 0%1%2%3%4%5%6%7%8%9%10%11%12%13%14%15%16%17%18%19%20%21%22%23%24%25%26%27%28%29%30%31%32%33%34%35%36%37%38%39%40%41%42%43%44%45%46%47%48%49%50%51%52%53%54%55%56%57%58%59%60%61%62%63%64%65%66%67%68%69%70%71%72%73%74%75%76%77%78%79%80%81%82%83%84%85%86%87%88%89%90%91%92%93%94%95%96%97%98%99% done.
--export A: /project2/mstephens/wdenault/susie_mix/temp_plink/plink_WFDC13.raw
written.
End time: Tue Sep  1 12:58:50 2026
13 SNP(s) removed because HWE P < 1e-08 :
 [1] "chr20_45268722_T_C_b38_T" "chr20_45447208_C_T_b38_C"
 [3] "chr20_45591154_C_G_b38_C" "chr20_45591166_G_A_b38_G"
 [5] "chr20_45615982_T_C_b38_T" "chr20_45615984_G_T_b38_G"
 [7] "chr20_45615988_G_A_b38_G" "chr20_45615994_G_A_b38_G"
 [9] "chr20_45761390_T_C_b38_T" "chr20_46126217_A_C_b38_A"
[11] "chr20_46161412_A_C_b38_A" "chr20_46188975_A_T_b38_A"
[13] "chr20_46191225_T_C_b38_T"

=====================================
Tissue: Adipose Tissue 
=====================================
[1] TRUE
Running SuSiE.

=====================================
Tissue: Adrenal Gland 
=====================================
[1] TRUE
Running SuSiE.

=====================================
Tissue: Blood 
=====================================
[1] TRUE
Running SuSiE.

=====================================
Tissue: Blood Vessel 
=====================================
[1] TRUE
Running SuSiE.

=====================================
Tissue: Brain 
=====================================
[1] TRUE
Running SuSiE.

=====================================
Tissue: Breast 
=====================================
[1] TRUE
Running SuSiE.

=====================================
Tissue: Colon 
=====================================
[1] TRUE
Running SuSiE.

=====================================
Tissue: Esophagus 
=====================================
[1] TRUE
Running SuSiE.

=====================================
Tissue: Heart 
=====================================
[1] TRUE
Running SuSiE.

=====================================
Tissue: Kidney 
=====================================
[1] TRUE
Running SuSiE.

=====================================
Tissue: Liver 
=====================================
[1] TRUE
Running SuSiE.

=====================================
Tissue: Lung 
=====================================
[1] TRUE
Running SuSiE.

=====================================
Tissue: Muscle 
=====================================
[1] TRUE
Running SuSiE.

=====================================
Tissue: Nerve 
=====================================
[1] TRUE
Running SuSiE.

=====================================
Tissue: Ovary 
=====================================
[1] TRUE
Running SuSiE.

=====================================
Tissue: Pancreas 
=====================================
[1] TRUE
Running SuSiE.

=====================================
Tissue: Pituitary 
=====================================
[1] TRUE
Running SuSiE.

=====================================
Tissue: Prostate 
=====================================
[1] TRUE
Running SuSiE.

=====================================
Tissue: Salivary Gland 
=====================================
[1] TRUE
Running SuSiE.

=====================================
Tissue: Skin 
=====================================
[1] TRUE
Running SuSiE.

=====================================
Tissue: Small Intestine 
=====================================
[1] TRUE
Running SuSiE.

=====================================
Tissue: Spleen 
=====================================
[1] TRUE
Running SuSiE.

=====================================
Tissue: Stomach 
=====================================
[1] TRUE
Running SuSiE.

=====================================
Tissue: Testis 
=====================================
[1] TRUE
Running SuSiE.

=====================================
Tissue: Thyroid 
=====================================
[1] TRUE
Running SuSiE.

=====================================
Tissue: Uterus 
=====================================
[1] TRUE
Running SuSiE.

=====================================
Tissue: Vagina 
=====================================
[1] TRUE
Running SuSiE.
[2026-09-01 13:00:43] starting WFDC2
Importing covariate data.
Importing gene expression data.
Found 27 tissues for gene WFDC2 :
 [1] "Adipose Tissue"  "Adrenal Gland"   "Blood"           "Blood Vessel"   
 [5] "Brain"           "Breast"          "Colon"           "Esophagus"      
 [9] "Heart"           "Kidney"          "Liver"           "Lung"           
[13] "Muscle"          "Nerve"           "Ovary"           "Pancreas"       
[17] "Pituitary"       "Prostate"        "Salivary Gland"  "Skin"           
[21] "Small Intestine" "Spleen"          "Stomach"         "Testis"         
[25] "Thyroid"         "Uterus"          "Vagina"         
Extracting genotype data from PLINK file.
PLINK v2.0.0-a.7LM 64-bit Intel (11 Mar 2026)       cog-genomics.org/plink/2.0/
(C) 2005-2026 Shaun Purcell, Christopher Chang    GNU General Public License v3
Logging to /project2/mstephens/wdenault/susie_mix/temp_plink/plink_WFDC2.log.
Options in effect:
  --bfile /project2/mstephens/gtex/GTEx_Analysis_2017-06-05_v8_WholeGenomeSeq_866Indiv
  --chr 20
  --export A
  --from-bp 44969753
  --maf 0
  --max-alleles 2
  --memory 8000
  --out /project2/mstephens/wdenault/susie_mix/temp_plink/plink_WFDC2
  --rm-dup exclude-all
  --snps-only
  --threads 2
  --to-bp 45969753

Start time: Tue Sep  1 13:01:39 2026
63727 MiB RAM detected, ~26964 available; reserving 8000 MiB for main
workspace.
Using up to 2 compute threads.
866 samples (0 females, 0 males, 866 ambiguous; 866 founders) loaded from
/project2/mstephens/gtex/GTEx_Analysis_2017-06-05_v8_WholeGenomeSeq_866Indiv.fam.
67234533 variants in
/project2/mstephens/gtex/GTEx_Analysis_2017-06-05_v8_WholeGenomeSeq_866Indiv.bim;
65857659 excluded by --chr + --max-alleles + --snps-only, 1376874 remaining.
Note: No phenotype data present.
Note: Skipping --rm-dup since no duplicate IDs are present.
18034 variants remaining after main filters.
--export A pass 1/1: loading... 0%writing... 0%1%2%3%4%5%6%7%8%9%10%11%12%13%14%15%16%17%18%19%20%21%22%23%24%25%26%27%28%29%30%31%32%33%34%35%36%37%38%39%40%41%42%43%44%45%46%47%48%49%50%51%52%53%54%55%56%57%58%59%60%61%62%63%64%65%66%67%68%69%70%71%72%73%74%75%76%77%78%79%80%81%82%83%84%85%86%87%88%89%90%91%92%93%94%95%96%97%98%99% done.
--export A: /project2/mstephens/wdenault/susie_mix/temp_plink/plink_WFDC2.raw
written.
End time: Tue Sep  1 13:01:44 2026
13 SNP(s) removed because HWE P < 1e-08 :
 [1] "chr20_45108637_T_G_b38_T" "chr20_45145046_G_C_b38_G"
 [3] "chr20_45146361_A_G_b38_A" "chr20_45148119_C_T_b38_C"
 [5] "chr20_45268722_T_C_b38_T" "chr20_45447208_C_T_b38_C"
 [7] "chr20_45591154_C_G_b38_C" "chr20_45591166_G_A_b38_G"
 [9] "chr20_45615982_T_C_b38_T" "chr20_45615984_G_T_b38_G"
[11] "chr20_45615988_G_A_b38_G" "chr20_45615994_G_A_b38_G"
[13] "chr20_45761390_T_C_b38_T"

=====================================
Tissue: Adipose Tissue 
=====================================
[1] TRUE
Running SuSiE.

=====================================
Tissue: Adrenal Gland 
=====================================
[1] TRUE
Running SuSiE.

=====================================
Tissue: Blood 
=====================================
[1] TRUE
Running SuSiE.

=====================================
Tissue: Blood Vessel 
=====================================
[1] TRUE
Running SuSiE.

=====================================
Tissue: Brain 
=====================================
[1] TRUE
Running SuSiE.

=====================================
Tissue: Breast 
=====================================
[1] TRUE
Running SuSiE.

=====================================
Tissue: Colon 
=====================================
[1] TRUE
Running SuSiE.

=====================================
Tissue: Esophagus 
=====================================
[1] TRUE
Running SuSiE.

=====================================
Tissue: Heart 
=====================================
[1] TRUE
Running SuSiE.

=====================================
Tissue: Kidney 
=====================================
[1] TRUE
Running SuSiE.

=====================================
Tissue: Liver 
=====================================
[1] TRUE
Running SuSiE.

=====================================
Tissue: Lung 
=====================================
[1] TRUE
Running SuSiE.

=====================================
Tissue: Muscle 
=====================================
[1] TRUE
Running SuSiE.

=====================================
Tissue: Nerve 
=====================================
[1] TRUE
Running SuSiE.

=====================================
Tissue: Ovary 
=====================================
[1] TRUE
Running SuSiE.

=====================================
Tissue: Pancreas 
=====================================
[1] TRUE
Running SuSiE.

=====================================
Tissue: Pituitary 
=====================================
[1] TRUE
Running SuSiE.

=====================================
Tissue: Prostate 
=====================================
[1] TRUE
Running SuSiE.

=====================================
Tissue: Salivary Gland 
=====================================
[1] TRUE
Running SuSiE.

=====================================
Tissue: Skin 
=====================================
[1] TRUE
Running SuSiE.

=====================================
Tissue: Small Intestine 
=====================================
[1] TRUE
Running SuSiE.

=====================================
Tissue: Spleen 
=====================================
[1] TRUE
Running SuSiE.

=====================================
Tissue: Stomach 
=====================================
[1] TRUE
Running SuSiE.

=====================================
Tissue: Testis 
=====================================
[1] TRUE
Running SuSiE.

=====================================
Tissue: Thyroid 
=====================================
[1] TRUE
Running SuSiE.

=====================================
Tissue: Uterus 
=====================================
[1] TRUE
Running SuSiE.

=====================================
Tissue: Vagina 
=====================================
[1] TRUE
Running SuSiE.
[2026-09-01 13:03:36] starting WFDC3
Importing covariate data.
Importing gene expression data.
Found 27 tissues for gene WFDC3 :
 [1] "Adipose Tissue"  "Adrenal Gland"   "Blood"           "Blood Vessel"   
 [5] "Brain"           "Breast"          "Colon"           "Esophagus"      
 [9] "Heart"           "Kidney"          "Liver"           "Lung"           
[13] "Muscle"          "Nerve"           "Ovary"           "Pancreas"       
[17] "Pituitary"       "Prostate"        "Salivary Gland"  "Skin"           
[21] "Small Intestine" "Spleen"          "Stomach"         "Testis"         
[25] "Thyroid"         "Uterus"          "Vagina"         
Extracting genotype data from PLINK file.
PLINK v2.0.0-a.7LM 64-bit Intel (11 Mar 2026)       cog-genomics.org/plink/2.0/
(C) 2005-2026 Shaun Purcell, Christopher Chang    GNU General Public License v3
Logging to /project2/mstephens/wdenault/susie_mix/temp_plink/plink_WFDC3.log.
Options in effect:
  --bfile /project2/mstephens/gtex/GTEx_Analysis_2017-06-05_v8_WholeGenomeSeq_866Indiv
  --chr 20
  --export A
  --from-bp 45291932
  --maf 0
  --max-alleles 2
  --memory 8000
  --out /project2/mstephens/wdenault/susie_mix/temp_plink/plink_WFDC3
  --rm-dup exclude-all
  --snps-only
  --threads 2
  --to-bp 46291932

Start time: Tue Sep  1 13:04:33 2026
63727 MiB RAM detected, ~30691 available; reserving 8000 MiB for main
workspace.
Using up to 2 compute threads.
866 samples (0 females, 0 males, 866 ambiguous; 866 founders) loaded from
/project2/mstephens/gtex/GTEx_Analysis_2017-06-05_v8_WholeGenomeSeq_866Indiv.fam.
67234533 variants in
/project2/mstephens/gtex/GTEx_Analysis_2017-06-05_v8_WholeGenomeSeq_866Indiv.bim;
65857659 excluded by --chr + --max-alleles + --snps-only, 1376874 remaining.
Note: No phenotype data present.
Note: Skipping --rm-dup since no duplicate IDs are present.
18463 variants remaining after main filters.
--export A pass 1/1: loading... 0%writing... 0%1%2%3%4%5%6%7%8%9%10%11%12%13%14%15%16%17%18%19%20%21%22%23%24%25%26%27%28%29%30%31%32%33%34%35%36%37%38%39%40%41%42%43%44%45%46%47%48%49%50%51%52%53%54%55%56%57%58%59%60%61%62%63%64%65%66%67%68%69%70%71%72%73%74%75%76%77%78%79%80%81%82%83%84%85%86%87%88%89%90%91%92%93%94%95%96%97%98%99% done.
--export A: /project2/mstephens/wdenault/susie_mix/temp_plink/plink_WFDC3.raw
written.
End time: Tue Sep  1 13:04:38 2026
12 SNP(s) removed because HWE P < 1e-08 :
 [1] "chr20_45447208_C_T_b38_C" "chr20_45591154_C_G_b38_C"
 [3] "chr20_45591166_G_A_b38_G" "chr20_45615982_T_C_b38_T"
 [5] "chr20_45615984_G_T_b38_G" "chr20_45615988_G_A_b38_G"
 [7] "chr20_45615994_G_A_b38_G" "chr20_45761390_T_C_b38_T"
 [9] "chr20_46126217_A_C_b38_A" "chr20_46161412_A_C_b38_A"
[11] "chr20_46188975_A_T_b38_A" "chr20_46191225_T_C_b38_T"

=====================================
Tissue: Adipose Tissue 
=====================================
[1] TRUE
Running SuSiE.

=====================================
Tissue: Adrenal Gland 
=====================================
[1] TRUE
Running SuSiE.

=====================================
Tissue: Blood 
=====================================
[1] TRUE
Running SuSiE.

=====================================
Tissue: Blood Vessel 
=====================================
[1] TRUE
Running SuSiE.

=====================================
Tissue: Brain 
=====================================
[1] TRUE
Running SuSiE.

=====================================
Tissue: Breast 
=====================================
[1] TRUE
Running SuSiE.

=====================================
Tissue: Colon 
=====================================
[1] TRUE
Running SuSiE.

=====================================
Tissue: Esophagus 
=====================================
[1] TRUE
Running SuSiE.

=====================================
Tissue: Heart 
=====================================
[1] TRUE
Running SuSiE.

=====================================
Tissue: Kidney 
=====================================
[1] TRUE
Running SuSiE.

=====================================
Tissue: Liver 
=====================================
[1] TRUE
Running SuSiE.

=====================================
Tissue: Lung 
=====================================
[1] TRUE
Running SuSiE.

=====================================
Tissue: Muscle 
=====================================
[1] TRUE
Running SuSiE.

=====================================
Tissue: Nerve 
=====================================
[1] TRUE
Running SuSiE.

=====================================
Tissue: Ovary 
=====================================
[1] TRUE
Running SuSiE.

=====================================
Tissue: Pancreas 
=====================================
[1] TRUE
Running SuSiE.

=====================================
Tissue: Pituitary 
=====================================
[1] TRUE
Running SuSiE.

=====================================
Tissue: Prostate 
=====================================
[1] TRUE
Running SuSiE.

=====================================
Tissue: Salivary Gland 
=====================================
[1] TRUE
Running SuSiE.

=====================================
Tissue: Skin 
=====================================
[1] TRUE
Running SuSiE.

=====================================
Tissue: Small Intestine 
=====================================
[1] TRUE
Running SuSiE.

=====================================
Tissue: Spleen 
=====================================
[1] TRUE
Running SuSiE.

=====================================
Tissue: Stomach 
=====================================
[1] TRUE
Running SuSiE.

=====================================
Tissue: Testis 
=====================================
[1] TRUE
Running SuSiE.

=====================================
Tissue: Thyroid 
=====================================
[1] TRUE
Running SuSiE.

=====================================
Tissue: Uterus 
=====================================
[1] TRUE
Running SuSiE.

=====================================
Tissue: Vagina 
=====================================
[1] TRUE
Running SuSiE.
[2026-09-01 13:06:39] starting WFDC5
Importing covariate data.
Importing gene expression data.
Found 27 tissues for gene WFDC5 :
 [1] "Adipose Tissue"  "Adrenal Gland"   "Blood"           "Blood Vessel"   
 [5] "Brain"           "Breast"          "Colon"           "Esophagus"      
 [9] "Heart"           "Kidney"          "Liver"           "Lung"           
[13] "Muscle"          "Nerve"           "Ovary"           "Pancreas"       
[17] "Pituitary"       "Prostate"        "Salivary Gland"  "Skin"           
[21] "Small Intestine" "Spleen"          "Stomach"         "Testis"         
[25] "Thyroid"         "Uterus"          "Vagina"         
Extracting genotype data from PLINK file.
PLINK v2.0.0-a.7LM 64-bit Intel (11 Mar 2026)       cog-genomics.org/plink/2.0/
(C) 2005-2026 Shaun Purcell, Christopher Chang    GNU General Public License v3
Logging to /project2/mstephens/wdenault/susie_mix/temp_plink/plink_WFDC5.log.
Options in effect:
  --bfile /project2/mstephens/gtex/GTEx_Analysis_2017-06-05_v8_WholeGenomeSeq_866Indiv
  --chr 20
  --export A
  --from-bp 44615172
  --maf 0
  --max-alleles 2
  --memory 8000
  --out /project2/mstephens/wdenault/susie_mix/temp_plink/plink_WFDC5
  --rm-dup exclude-all
  --snps-only
  --threads 2
  --to-bp 45615172

Start time: Tue Sep  1 13:07:34 2026
63727 MiB RAM detected, ~34432 available; reserving 8000 MiB for main
workspace.
Using up to 2 compute threads.
866 samples (0 females, 0 males, 866 ambiguous; 866 founders) loaded from
/project2/mstephens/gtex/GTEx_Analysis_2017-06-05_v8_WholeGenomeSeq_866Indiv.fam.
67234533 variants in
/project2/mstephens/gtex/GTEx_Analysis_2017-06-05_v8_WholeGenomeSeq_866Indiv.bim;
65857659 excluded by --chr + --max-alleles + --snps-only, 1376874 remaining.
Note: No phenotype data present.
Note: Skipping --rm-dup since no duplicate IDs are present.
17044 variants remaining after main filters.
--export A pass 1/1: loading... 0%writing... 0%1%2%3%4%5%6%7%8%9%10%11%12%13%14%15%16%17%18%19%20%21%22%23%24%25%26%27%28%29%30%31%32%33%34%35%36%37%38%39%40%41%42%43%44%45%46%47%48%49%50%51%52%53%54%55%56%57%58%59%60%61%62%63%64%65%66%67%68%69%70%71%72%73%74%75%76%77%78%79%80%81%82%83%84%85%86%87%88%89%90%91%92%93%94%95%96%97%98%99% done.
--export A: /project2/mstephens/wdenault/susie_mix/temp_plink/plink_WFDC5.raw
written.
End time: Tue Sep  1 13:07:39 2026
20 SNP(s) removed because HWE P < 1e-08 :
 [1] "chr20_44638314_G_C_b38_G" "chr20_44656383_G_T_b38_G"
 [3] "chr20_44656576_T_C_b38_T" "chr20_44662081_G_A_b38_G"
 [5] "chr20_44671236_A_C_b38_A" "chr20_44672747_A_G_b38_A"
 [7] "chr20_44672749_T_C_b38_T" "chr20_44684112_T_C_b38_T"
 [9] "chr20_44684506_G_C_b38_G" "chr20_44792958_A_G_b38_A"
[11] "chr20_44796825_T_G_b38_T" "chr20_44943576_T_C_b38_T"
[13] "chr20_45108637_T_G_b38_T" "chr20_45145046_G_C_b38_G"
[15] "chr20_45146361_A_G_b38_A" "chr20_45148119_C_T_b38_C"
[17] "chr20_45268722_T_C_b38_T" "chr20_45447208_C_T_b38_C"
[19] "chr20_45591154_C_G_b38_C" "chr20_45591166_G_A_b38_G"

=====================================
Tissue: Adipose Tissue 
=====================================
[1] TRUE
Running SuSiE.

=====================================
Tissue: Adrenal Gland 
=====================================
[1] TRUE
Running SuSiE.

=====================================
Tissue: Blood 
=====================================
[1] TRUE
Running SuSiE.

=====================================
Tissue: Blood Vessel 
=====================================
[1] TRUE
Running SuSiE.

=====================================
Tissue: Brain 
=====================================
[1] TRUE
Running SuSiE.

=====================================
Tissue: Breast 
=====================================
[1] TRUE
Running SuSiE.

=====================================
Tissue: Colon 
=====================================
[1] TRUE
Running SuSiE.

=====================================
Tissue: Esophagus 
=====================================
[1] TRUE
Running SuSiE.

=====================================
Tissue: Heart 
=====================================
[1] TRUE
Running SuSiE.

=====================================
Tissue: Kidney 
=====================================
[1] TRUE
Running SuSiE.

=====================================
Tissue: Liver 
=====================================
[1] TRUE
Running SuSiE.

=====================================
Tissue: Lung 
=====================================
[1] TRUE
Running SuSiE.

=====================================
Tissue: Muscle 
=====================================
[1] TRUE
Running SuSiE.

=====================================
Tissue: Nerve 
=====================================
[1] TRUE
Running SuSiE.

=====================================
Tissue: Ovary 
=====================================
[1] TRUE
Running SuSiE.

=====================================
Tissue: Pancreas 
=====================================
[1] TRUE
Running SuSiE.

=====================================
Tissue: Pituitary 
=====================================
[1] TRUE
Running SuSiE.

=====================================
Tissue: Prostate 
=====================================
[1] TRUE
Running SuSiE.

=====================================
Tissue: Salivary Gland 
=====================================
[1] TRUE
Running SuSiE.

=====================================
Tissue: Skin 
=====================================
[1] TRUE
Running SuSiE.

=====================================
Tissue: Small Intestine 
=====================================
[1] TRUE
Running SuSiE.

=====================================
Tissue: Spleen 
=====================================
[1] TRUE
Running SuSiE.

=====================================
Tissue: Stomach 
=====================================
[1] TRUE
Running SuSiE.

=====================================
Tissue: Testis 
=====================================
[1] TRUE
Running SuSiE.

=====================================
Tissue: Thyroid 
=====================================
[1] TRUE
Running SuSiE.

=====================================
Tissue: Uterus 
=====================================
[1] TRUE
Running SuSiE.

=====================================
Tissue: Vagina 
=====================================
[1] TRUE
Running SuSiE.
[2026-09-01 13:09:20] starting WFDC6
Importing covariate data.
Importing gene expression data.
Found 27 tissues for gene WFDC6 :
 [1] "Adipose Tissue"  "Adrenal Gland"   "Blood"           "Blood Vessel"   
 [5] "Brain"           "Breast"          "Colon"           "Esophagus"      
 [9] "Heart"           "Kidney"          "Liver"           "Lung"           
[13] "Muscle"          "Nerve"           "Ovary"           "Pancreas"       
[17] "Pituitary"       "Prostate"        "Salivary Gland"  "Skin"           
[21] "Small Intestine" "Spleen"          "Stomach"         "Testis"         
[25] "Thyroid"         "Uterus"          "Vagina"         
Extracting genotype data from PLINK file.
PLINK v2.0.0-a.7LM 64-bit Intel (11 Mar 2026)       cog-genomics.org/plink/2.0/
(C) 2005-2026 Shaun Purcell, Christopher Chang    GNU General Public License v3
Logging to /project2/mstephens/wdenault/susie_mix/temp_plink/plink_WFDC6.log.
Options in effect:
  --bfile /project2/mstephens/gtex/GTEx_Analysis_2017-06-05_v8_WholeGenomeSeq_866Indiv
  --chr 20
  --export A
  --from-bp 45039482
  --maf 0
  --max-alleles 2
  --memory 8000
  --out /project2/mstephens/wdenault/susie_mix/temp_plink/plink_WFDC6
  --rm-dup exclude-all
  --snps-only
  --threads 2
  --to-bp 46039482

Start time: Tue Sep  1 13:10:16 2026
63727 MiB RAM detected, ~34400 available; reserving 8000 MiB for main
workspace.
Using up to 2 compute threads.
866 samples (0 females, 0 males, 866 ambiguous; 866 founders) loaded from
/project2/mstephens/gtex/GTEx_Analysis_2017-06-05_v8_WholeGenomeSeq_866Indiv.fam.
67234533 variants in
/project2/mstephens/gtex/GTEx_Analysis_2017-06-05_v8_WholeGenomeSeq_866Indiv.bim;
65857659 excluded by --chr + --max-alleles + --snps-only, 1376874 remaining.
Note: No phenotype data present.
Note: Skipping --rm-dup since no duplicate IDs are present.
18215 variants remaining after main filters.
--export A pass 1/1: loading... 0%writing... 0%1%2%3%4%5%6%7%8%9%10%11%12%13%14%15%16%17%18%19%20%21%22%23%24%25%26%27%28%29%30%31%32%33%34%35%36%37%38%39%40%41%42%43%44%45%46%47%48%49%50%51%52%53%54%55%56%57%58%59%60%61%62%63%64%65%66%67%68%69%70%71%72%73%74%75%76%77%78%79%80%81%82%83%84%85%86%87%88%89%90%91%92%93%94%95%96%97%98%99% done.
--export A: /project2/mstephens/wdenault/susie_mix/temp_plink/plink_WFDC6.raw
written.
End time: Tue Sep  1 13:10:21 2026
13 SNP(s) removed because HWE P < 1e-08 :
 [1] "chr20_45108637_T_G_b38_T" "chr20_45145046_G_C_b38_G"
 [3] "chr20_45146361_A_G_b38_A" "chr20_45148119_C_T_b38_C"
 [5] "chr20_45268722_T_C_b38_T" "chr20_45447208_C_T_b38_C"
 [7] "chr20_45591154_C_G_b38_C" "chr20_45591166_G_A_b38_G"
 [9] "chr20_45615982_T_C_b38_T" "chr20_45615984_G_T_b38_G"
[11] "chr20_45615988_G_A_b38_G" "chr20_45615994_G_A_b38_G"
[13] "chr20_45761390_T_C_b38_T"

=====================================
Tissue: Adipose Tissue 
=====================================
[1] TRUE
Running SuSiE.

=====================================
Tissue: Adrenal Gland 
=====================================
[1] TRUE
Running SuSiE.

=====================================
Tissue: Blood 
=====================================
[1] TRUE
Running SuSiE.

=====================================
Tissue: Blood Vessel 
=====================================
[1] TRUE
Running SuSiE.

=====================================
Tissue: Brain 
=====================================
[1] TRUE
Running SuSiE.

=====================================
Tissue: Breast 
=====================================
[1] TRUE
Running SuSiE.

=====================================
Tissue: Colon 
=====================================
[1] TRUE
Running SuSiE.

=====================================
Tissue: Esophagus 
=====================================
[1] TRUE
Running SuSiE.

=====================================
Tissue: Heart 
=====================================
[1] TRUE
Running SuSiE.

=====================================
Tissue: Kidney 
=====================================
[1] TRUE
Running SuSiE.

=====================================
Tissue: Liver 
=====================================
[1] TRUE
Running SuSiE.

=====================================
Tissue: Lung 
=====================================
[1] TRUE
Running SuSiE.

=====================================
Tissue: Muscle 
=====================================
[1] TRUE
Running SuSiE.

=====================================
Tissue: Nerve 
=====================================
[1] TRUE
Running SuSiE.

=====================================
Tissue: Ovary 
=====================================
[1] TRUE
Running SuSiE.

=====================================
Tissue: Pancreas 
=====================================
[1] TRUE
Running SuSiE.

=====================================
Tissue: Pituitary 
=====================================
[1] TRUE
Running SuSiE.

=====================================
Tissue: Prostate 
=====================================
[1] TRUE
Running SuSiE.

=====================================
Tissue: Salivary Gland 
=====================================
[1] TRUE
Running SuSiE.

=====================================
Tissue: Skin 
=====================================
[1] TRUE
Running SuSiE.

=====================================
Tissue: Small Intestine 
=====================================
[1] TRUE
Running SuSiE.

=====================================
Tissue: Spleen 
=====================================
[1] TRUE
Running SuSiE.

=====================================
Tissue: Stomach 
=====================================
[1] TRUE
Running SuSiE.

=====================================
Tissue: Testis 
=====================================
[1] TRUE
Running SuSiE.

=====================================
Tissue: Thyroid 
=====================================
[1] TRUE
Running SuSiE.

=====================================
Tissue: Uterus 
=====================================
[1] TRUE
Running SuSiE.

=====================================
Tissue: Vagina 
=====================================
[1] TRUE
Running SuSiE.
[2026-09-01 13:12:17] starting WFDC8
Importing covariate data.
Importing gene expression data.
Found 27 tissues for gene WFDC8 :
 [1] "Adipose Tissue"  "Adrenal Gland"   "Blood"           "Blood Vessel"   
 [5] "Brain"           "Breast"          "Colon"           "Esophagus"      
 [9] "Heart"           "Kidney"          "Liver"           "Lung"           
[13] "Muscle"          "Nerve"           "Ovary"           "Pancreas"       
[17] "Pituitary"       "Prostate"        "Salivary Gland"  "Skin"           
[21] "Small Intestine" "Spleen"          "Stomach"         "Testis"         
[25] "Thyroid"         "Uterus"          "Vagina"         
Extracting genotype data from PLINK file.
PLINK v2.0.0-a.7LM 64-bit Intel (11 Mar 2026)       cog-genomics.org/plink/2.0/
(C) 2005-2026 Shaun Purcell, Christopher Chang    GNU General Public License v3
Logging to /project2/mstephens/wdenault/susie_mix/temp_plink/plink_WFDC8.log.
Options in effect:
  --bfile /project2/mstephens/gtex/GTEx_Analysis_2017-06-05_v8_WholeGenomeSeq_866Indiv
  --chr 20
  --export A
  --from-bp 45079326
  --maf 0
  --max-alleles 2
  --memory 8000
  --out /project2/mstephens/wdenault/susie_mix/temp_plink/plink_WFDC8
  --rm-dup exclude-all
  --snps-only
  --threads 2
  --to-bp 46079326

Start time: Tue Sep  1 13:13:13 2026
63727 MiB RAM detected, ~30663 available; reserving 8000 MiB for main
workspace.
Using up to 2 compute threads.
866 samples (0 females, 0 males, 866 ambiguous; 866 founders) loaded from
/project2/mstephens/gtex/GTEx_Analysis_2017-06-05_v8_WholeGenomeSeq_866Indiv.fam.
67234533 variants in
/project2/mstephens/gtex/GTEx_Analysis_2017-06-05_v8_WholeGenomeSeq_866Indiv.bim;
65857659 excluded by --chr + --max-alleles + --snps-only, 1376874 remaining.
Note: No phenotype data present.
Note: Skipping --rm-dup since no duplicate IDs are present.
18171 variants remaining after main filters.
--export A pass 1/1: loading... 0%writing... 0%1%2%3%4%5%6%7%8%9%10%11%12%13%14%15%16%17%18%19%20%21%22%23%24%25%26%27%28%29%30%31%32%33%34%35%36%37%38%39%40%41%42%43%44%45%46%47%48%49%50%51%52%53%54%55%56%57%58%59%60%61%62%63%64%65%66%67%68%69%70%71%72%73%74%75%76%77%78%79%80%81%82%83%84%85%86%87%88%89%90%91%92%93%94%95%96%97%98%99% done.
--export A: /project2/mstephens/wdenault/susie_mix/temp_plink/plink_WFDC8.raw
written.
End time: Tue Sep  1 13:13:18 2026
13 SNP(s) removed because HWE P < 1e-08 :
 [1] "chr20_45108637_T_G_b38_T" "chr20_45145046_G_C_b38_G"
 [3] "chr20_45146361_A_G_b38_A" "chr20_45148119_C_T_b38_C"
 [5] "chr20_45268722_T_C_b38_T" "chr20_45447208_C_T_b38_C"
 [7] "chr20_45591154_C_G_b38_C" "chr20_45591166_G_A_b38_G"
 [9] "chr20_45615982_T_C_b38_T" "chr20_45615984_G_T_b38_G"
[11] "chr20_45615988_G_A_b38_G" "chr20_45615994_G_A_b38_G"
[13] "chr20_45761390_T_C_b38_T"

=====================================
Tissue: Adipose Tissue 
=====================================
[1] TRUE
Running SuSiE.

=====================================
Tissue: Adrenal Gland 
=====================================
[1] TRUE
Running SuSiE.

=====================================
Tissue: Blood 
=====================================
[1] TRUE
Running SuSiE.

=====================================
Tissue: Blood Vessel 
=====================================
[1] TRUE
Running SuSiE.

=====================================
Tissue: Brain 
=====================================
[1] TRUE
Running SuSiE.

=====================================
Tissue: Breast 
=====================================
[1] TRUE
Running SuSiE.

=====================================
Tissue: Colon 
=====================================
[1] TRUE
Running SuSiE.

=====================================
Tissue: Esophagus 
=====================================
[1] TRUE
Running SuSiE.

=====================================
Tissue: Heart 
=====================================
[1] TRUE
Running SuSiE.

=====================================
Tissue: Kidney 
=====================================
[1] TRUE
Running SuSiE.

=====================================
Tissue: Liver 
=====================================
[1] TRUE
Running SuSiE.

=====================================
Tissue: Lung 
=====================================
[1] TRUE
Running SuSiE.

=====================================
Tissue: Muscle 
=====================================
[1] TRUE
Running SuSiE.

=====================================
Tissue: Nerve 
=====================================
[1] TRUE
Running SuSiE.

=====================================
Tissue: Ovary 
=====================================
[1] TRUE
Running SuSiE.

=====================================
Tissue: Pancreas 
=====================================
[1] TRUE
Running SuSiE.

=====================================
Tissue: Pituitary 
=====================================
[1] TRUE
Running SuSiE.

=====================================
Tissue: Prostate 
=====================================
[1] TRUE
Running SuSiE.

=====================================
Tissue: Salivary Gland 
=====================================
[1] TRUE
Running SuSiE.

=====================================
Tissue: Skin 
=====================================
[1] TRUE
Running SuSiE.

=====================================
Tissue: Small Intestine 
=====================================
[1] TRUE
Running SuSiE.

=====================================
Tissue: Spleen 
=====================================
[1] TRUE
Running SuSiE.

=====================================
Tissue: Stomach 
=====================================
[1] TRUE
Running SuSiE.

=====================================
Tissue: Testis 
=====================================
[1] TRUE
Running SuSiE.

=====================================
Tissue: Thyroid 
=====================================
[1] TRUE
Running SuSiE.

=====================================
Tissue: Uterus 
=====================================
[1] TRUE
Running SuSiE.

=====================================
Tissue: Vagina 
=====================================
[1] TRUE
Running SuSiE.
[2026-09-01 13:15:12] starting WFDC9
Importing covariate data.
Importing gene expression data.
Found 27 tissues for gene WFDC9 :
 [1] "Adipose Tissue"  "Adrenal Gland"   "Blood"           "Blood Vessel"   
 [5] "Brain"           "Breast"          "Colon"           "Esophagus"      
 [9] "Heart"           "Kidney"          "Liver"           "Lung"           
[13] "Muscle"          "Nerve"           "Ovary"           "Pancreas"       
[17] "Pituitary"       "Prostate"        "Salivary Gland"  "Skin"           
[21] "Small Intestine" "Spleen"          "Stomach"         "Testis"         
[25] "Thyroid"         "Uterus"          "Vagina"         
Extracting genotype data from PLINK file.
PLINK v2.0.0-a.7LM 64-bit Intel (11 Mar 2026)       cog-genomics.org/plink/2.0/
(C) 2005-2026 Shaun Purcell, Christopher Chang    GNU General Public License v3
Logging to /project2/mstephens/wdenault/susie_mix/temp_plink/plink_WFDC9.log.
Options in effect:
  --bfile /project2/mstephens/gtex/GTEx_Analysis_2017-06-05_v8_WholeGenomeSeq_866Indiv
  --chr 20
  --export A
  --from-bp 45131284
  --maf 0
  --max-alleles 2
  --memory 8000
  --out /project2/mstephens/wdenault/susie_mix/temp_plink/plink_WFDC9
  --rm-dup exclude-all
  --snps-only
  --threads 2
  --to-bp 46131284

Start time: Tue Sep  1 13:16:08 2026
63727 MiB RAM detected, ~34386 available; reserving 8000 MiB for main
workspace.
Using up to 2 compute threads.
866 samples (0 females, 0 males, 866 ambiguous; 866 founders) loaded from
/project2/mstephens/gtex/GTEx_Analysis_2017-06-05_v8_WholeGenomeSeq_866Indiv.fam.
67234533 variants in
/project2/mstephens/gtex/GTEx_Analysis_2017-06-05_v8_WholeGenomeSeq_866Indiv.bim;
65857659 excluded by --chr + --max-alleles + --snps-only, 1376874 remaining.
Note: No phenotype data present.
Note: Skipping --rm-dup since no duplicate IDs are present.
18232 variants remaining after main filters.
--export A pass 1/1: loading... 0%writing... 0%1%2%3%4%5%6%7%8%9%10%11%12%13%14%15%16%17%18%19%20%21%22%23%24%25%26%27%28%29%30%31%32%33%34%35%36%37%38%39%40%41%42%43%44%45%46%47%48%49%50%51%52%53%54%55%56%57%58%59%60%61%62%63%64%65%66%67%68%69%70%71%72%73%74%75%76%77%78%79%80%81%82%83%84%85%86%87%88%89%90%91%92%93%94%95%96%97%98%99% done.
--export A: /project2/mstephens/wdenault/susie_mix/temp_plink/plink_WFDC9.raw
written.
End time: Tue Sep  1 13:16:13 2026
13 SNP(s) removed because HWE P < 1e-08 :
 [1] "chr20_45145046_G_C_b38_G" "chr20_45146361_A_G_b38_A"
 [3] "chr20_45148119_C_T_b38_C" "chr20_45268722_T_C_b38_T"
 [5] "chr20_45447208_C_T_b38_C" "chr20_45591154_C_G_b38_C"
 [7] "chr20_45591166_G_A_b38_G" "chr20_45615982_T_C_b38_T"
 [9] "chr20_45615984_G_T_b38_G" "chr20_45615988_G_A_b38_G"
[11] "chr20_45615994_G_A_b38_G" "chr20_45761390_T_C_b38_T"
[13] "chr20_46126217_A_C_b38_A"

=====================================
Tissue: Adipose Tissue 
=====================================
[1] TRUE
Running SuSiE.

=====================================
Tissue: Adrenal Gland 
=====================================
[1] TRUE
Running SuSiE.

=====================================
Tissue: Blood 
=====================================
[1] TRUE
Running SuSiE.

=====================================
Tissue: Blood Vessel 
=====================================
[1] TRUE
Running SuSiE.

=====================================
Tissue: Brain 
=====================================
[1] TRUE
Running SuSiE.

=====================================
Tissue: Breast 
=====================================
[1] TRUE
Running SuSiE.

=====================================
Tissue: Colon 
=====================================
[1] TRUE
Running SuSiE.

=====================================
Tissue: Esophagus 
=====================================
[1] TRUE
Running SuSiE.

=====================================
Tissue: Heart 
=====================================
[1] TRUE
Running SuSiE.

=====================================
Tissue: Kidney 
=====================================
[1] TRUE
Running SuSiE.

=====================================
Tissue: Liver 
=====================================
[1] TRUE
Running SuSiE.

=====================================
Tissue: Lung 
=====================================
[1] TRUE
Running SuSiE.

=====================================
Tissue: Muscle 
=====================================
[1] TRUE
Running SuSiE.

=====================================
Tissue: Nerve 
=====================================
[1] TRUE
Running SuSiE.

=====================================
Tissue: Ovary 
=====================================
[1] TRUE
Running SuSiE.

=====================================
Tissue: Pancreas 
=====================================
[1] TRUE
Running SuSiE.

=====================================
Tissue: Pituitary 
=====================================
[1] TRUE
Running SuSiE.

=====================================
Tissue: Prostate 
=====================================
[1] TRUE
Running SuSiE.

=====================================
Tissue: Salivary Gland 
=====================================
[1] TRUE
Running SuSiE.

=====================================
Tissue: Skin 
=====================================
[1] TRUE
Running SuSiE.

=====================================
Tissue: Small Intestine 
=====================================
[1] TRUE
Running SuSiE.

=====================================
Tissue: Spleen 
=====================================
[1] TRUE
Running SuSiE.

=====================================
Tissue: Stomach 
=====================================
[1] TRUE
Running SuSiE.

=====================================
Tissue: Testis 
=====================================
[1] TRUE
Running SuSiE.

=====================================
Tissue: Thyroid 
=====================================
[1] TRUE
Running SuSiE.

=====================================
Tissue: Uterus 
=====================================
[1] TRUE
Running SuSiE.

=====================================
Tissue: Vagina 
=====================================
[1] TRUE
Running SuSiE.
[2026-09-01 13:18:06] starting WFIKKN1
Importing covariate data.
Importing gene expression data.
Found 27 tissues for gene WFIKKN1 :
 [1] "Adipose Tissue"  "Adrenal Gland"   "Blood"           "Blood Vessel"   
 [5] "Brain"           "Breast"          "Colon"           "Esophagus"      
 [9] "Heart"           "Kidney"          "Liver"           "Lung"           
[13] "Muscle"          "Nerve"           "Ovary"           "Pancreas"       
[17] "Pituitary"       "Prostate"        "Salivary Gland"  "Skin"           
[21] "Small Intestine" "Spleen"          "Stomach"         "Testis"         
[25] "Thyroid"         "Uterus"          "Vagina"         
Extracting genotype data from PLINK file.
PLINK v2.0.0-a.7LM 64-bit Intel (11 Mar 2026)       cog-genomics.org/plink/2.0/
(C) 2005-2026 Shaun Purcell, Christopher Chang    GNU General Public License v3
Logging to /project2/mstephens/wdenault/susie_mix/temp_plink/plink_WFIKKN1.log.
Options in effect:
  --bfile /project2/mstephens/gtex/GTEx_Analysis_2017-06-05_v8_WholeGenomeSeq_866Indiv
  --chr 16
  --export A
  --from-bp 130985
  --maf 0
  --max-alleles 2
  --memory 8000
  --out /project2/mstephens/wdenault/susie_mix/temp_plink/plink_WFIKKN1
  --rm-dup exclude-all
  --snps-only
  --threads 2
  --to-bp 1130985

Start time: Tue Sep  1 13:19:01 2026
63727 MiB RAM detected, ~34390 available; reserving 8000 MiB for main
workspace.
Using up to 2 compute threads.
866 samples (0 females, 0 males, 866 ambiguous; 866 founders) loaded from
/project2/mstephens/gtex/GTEx_Analysis_2017-06-05_v8_WholeGenomeSeq_866Indiv.fam.
67234533 variants in
/project2/mstephens/gtex/GTEx_Analysis_2017-06-05_v8_WholeGenomeSeq_866Indiv.bim;
65423567 excluded by --chr + --max-alleles + --snps-only, 1810966 remaining.
Note: No phenotype data present.
Note: Skipping --rm-dup since no duplicate IDs are present.
30529 variants remaining after main filters.
--export A pass 1/1: loading... 0%23% writing... 0%1%2%3%4%5%6%7%8%9%10%11%12%13%14%15%16%17%18%19%20%21%22%23%24%25%26%27%28%29%30%31%32%33%34%35%36%37%38%39%40%41%42%43%44%45%46%47%48%49%50%51%52%53%54%55%56%57%58%59%60%61%62%63%64%65%66%67%68%69%70%71%72%73%74%75%76%77%78%79%80%81%82%83%84%85%86%87%88%89%90%91%92%93%94%95%96%97%98%99% done.
--export A: /project2/mstephens/wdenault/susie_mix/temp_plink/plink_WFIKKN1.raw
written.
End time: Tue Sep  1 13:19:06 2026
87 SNP(s) removed because HWE P < 1e-08 :
 [1] "chr16_153177_C_G_b38_C"  "chr16_175945_C_T_b38_C" 
 [3] "chr16_176044_A_G_b38_A"  "chr16_176332_G_A_b38_G" 
 [5] "chr16_182834_T_C_b38_T"  "chr16_270065_C_A_b38_C" 
 [7] "chr16_270106_G_A_b38_G"  "chr16_278541_A_G_b38_A" 
 [9] "chr16_279211_T_C_b38_T"  "chr16_429010_A_G_b38_A" 
[11] "chr16_434589_C_A_b38_C"  "chr16_441125_T_C_b38_T" 
[13] "chr16_444929_A_G_b38_A"  "chr16_481056_G_A_b38_G" 
[15] "chr16_666273_T_C_b38_T"  "chr16_691298_C_A_b38_C" 
[17] "chr16_693670_C_T_b38_C"  "chr16_698095_G_C_b38_G" 
[19] "chr16_716690_C_T_b38_C"  "chr16_717426_T_G_b38_T" 
[21] "chr16_742193_T_A_b38_T"  "chr16_764307_G_A_b38_G" 
[23] "chr16_765413_C_A_b38_C"  "chr16_770215_T_A_b38_T" 
[25] "chr16_773094_A_G_b38_A"  "chr16_773446_T_C_b38_T" 
[27] "chr16_774141_T_C_b38_T"  "chr16_810673_T_C_b38_T" 
[29] "chr16_811268_G_A_b38_G"  "chr16_811996_T_C_b38_T" 
[31] "chr16_812656_C_T_b38_C"  "chr16_813192_T_C_b38_T" 
[33] "chr16_813336_T_C_b38_T"  "chr16_814097_A_G_b38_A" 
[35] "chr16_814123_A_G_b38_A"  "chr16_814508_A_G_b38_A" 
[37] "chr16_814700_T_C_b38_T"  "chr16_815040_G_A_b38_G" 
[39] "chr16_816225_A_G_b38_A"  "chr16_817460_A_G_b38_A" 
[41] "chr16_820569_G_A_b38_G"  "chr16_849056_T_C_b38_T" 
[43] "chr16_855031_A_G_b38_A"  "chr16_856611_A_G_b38_A" 
[45] "chr16_860029_A_T_b38_A"  "chr16_860394_T_C_b38_T" 
[47] "chr16_860601_A_G_b38_A"  "chr16_860950_T_C_b38_T" 
[49] "chr16_861690_A_G_b38_A"  "chr16_861717_G_A_b38_G" 
[51] "chr16_862137_A_G_b38_A"  "chr16_862160_G_C_b38_G" 
[53] "chr16_863183_C_T_b38_C"  "chr16_863305_C_A_b38_C" 
[55] "chr16_863781_T_G_b38_T"  "chr16_864426_C_T_b38_C" 
[57] "chr16_866122_T_C_b38_T"  "chr16_866890_A_G_b38_A" 
[59] "chr16_870310_C_G_b38_C"  "chr16_872179_T_C_b38_T" 
[61] "chr16_872577_T_C_b38_T"  "chr16_872915_A_G_b38_A" 
[63] "chr16_873249_A_G_b38_A"  "chr16_881686_T_C_b38_T" 
[65] "chr16_885567_C_T_b38_C"  "chr16_1025913_G_A_b38_G"
[67] "chr16_1028251_T_C_b38_T" "chr16_1029291_T_C_b38_T"
[69] "chr16_1036103_G_A_b38_G" "chr16_1037935_T_C_b38_T"
[71] "chr16_1038455_G_A_b38_G" "chr16_1058152_C_A_b38_C"
[73] "chr16_1058884_T_C_b38_T" "chr16_1059653_C_T_b38_C"
[75] "chr16_1061860_T_C_b38_T" "chr16_1084267_T_C_b38_T"
[77] "chr16_1084292_G_A_b38_G" "chr16_1084818_T_G_b38_T"
[79] "chr16_1085582_T_A_b38_T" "chr16_1085768_C_G_b38_C"
[81] "chr16_1085797_C_T_b38_C" "chr16_1085912_G_A_b38_G"
[83] "chr16_1086677_G_A_b38_G" "chr16_1088075_T_C_b38_T"
[85] "chr16_1089954_C_G_b38_C" "chr16_1090020_G_A_b38_G"
[87] "chr16_1090261_C_G_b38_C"

=====================================
Tissue: Adipose Tissue 
=====================================
[1] TRUE
Running SuSiE.

=====================================
Tissue: Adrenal Gland 
=====================================
[1] TRUE
Running SuSiE.

=====================================
Tissue: Blood 
=====================================
[1] TRUE
Running SuSiE.

=====================================
Tissue: Blood Vessel 
=====================================
[1] TRUE
Running SuSiE.

=====================================
Tissue: Brain 
=====================================
[1] TRUE
Running SuSiE.

=====================================
Tissue: Breast 
=====================================
[1] TRUE
Running SuSiE.

=====================================
Tissue: Colon 
=====================================
[1] TRUE
Running SuSiE.

=====================================
Tissue: Esophagus 
=====================================
[1] TRUE
Running SuSiE.

=====================================
Tissue: Heart 
=====================================
[1] TRUE
Running SuSiE.

=====================================
Tissue: Kidney 
=====================================
[1] TRUE
Running SuSiE.

=====================================
Tissue: Liver 
=====================================
[1] TRUE
Running SuSiE.

=====================================
Tissue: Lung 
=====================================
[1] TRUE
Running SuSiE.

=====================================
Tissue: Muscle 
=====================================
[1] TRUE
Running SuSiE.

=====================================
Tissue: Nerve 
=====================================
[1] TRUE
Running SuSiE.

=====================================
Tissue: Ovary 
=====================================
[1] TRUE
Running SuSiE.

=====================================
Tissue: Pancreas 
=====================================
[1] TRUE
Running SuSiE.

=====================================
Tissue: Pituitary 
=====================================
[1] TRUE
Running SuSiE.

=====================================
Tissue: Prostate 
=====================================
[1] TRUE
Running SuSiE.

=====================================
Tissue: Salivary Gland 
=====================================
[1] TRUE
Running SuSiE.

=====================================
Tissue: Skin 
=====================================
[1] TRUE
Running SuSiE.

=====================================
Tissue: Small Intestine 
=====================================
[1] TRUE
Running SuSiE.

=====================================
Tissue: Spleen 
=====================================
[1] TRUE
Running SuSiE.

=====================================
Tissue: Stomach 
=====================================
[1] TRUE
Running SuSiE.

=====================================
Tissue: Testis 
=====================================
[1] TRUE
Running SuSiE.

=====================================
Tissue: Thyroid 
=====================================
[1] TRUE
Running SuSiE.

=====================================
Tissue: Uterus 
=====================================
[1] TRUE
Running SuSiE.

=====================================
Tissue: Vagina 
=====================================
[1] TRUE
Running SuSiE.
[2026-09-01 13:21:33] starting WFIKKN2
Importing covariate data.
Importing gene expression data.
Found 27 tissues for gene WFIKKN2 :
 [1] "Adipose Tissue"  "Adrenal Gland"   "Blood"           "Blood Vessel"   
 [5] "Brain"           "Breast"          "Colon"           "Esophagus"      
 [9] "Heart"           "Kidney"          "Liver"           "Lung"           
[13] "Muscle"          "Nerve"           "Ovary"           "Pancreas"       
[17] "Pituitary"       "Prostate"        "Salivary Gland"  "Skin"           
[21] "Small Intestine" "Spleen"          "Stomach"         "Testis"         
[25] "Thyroid"         "Uterus"          "Vagina"         
Extracting genotype data from PLINK file.
PLINK v2.0.0-a.7LM 64-bit Intel (11 Mar 2026)       cog-genomics.org/plink/2.0/
(C) 2005-2026 Shaun Purcell, Christopher Chang    GNU General Public License v3
Logging to /project2/mstephens/wdenault/susie_mix/temp_plink/plink_WFIKKN2.log.
Options in effect:
  --bfile /project2/mstephens/gtex/GTEx_Analysis_2017-06-05_v8_WholeGenomeSeq_866Indiv
  --chr 17
  --export A
  --from-bp 50334650
  --maf 0
  --max-alleles 2
  --memory 8000
  --out /project2/mstephens/wdenault/susie_mix/temp_plink/plink_WFIKKN2
  --rm-dup exclude-all
  --snps-only
  --threads 2
  --to-bp 51334650

Start time: Tue Sep  1 13:22:29 2026
63727 MiB RAM detected, ~34413 available; reserving 8000 MiB for main
workspace.
Using up to 2 compute threads.
866 samples (0 females, 0 males, 866 ambiguous; 866 founders) loaded from
/project2/mstephens/gtex/GTEx_Analysis_2017-06-05_v8_WholeGenomeSeq_866Indiv.fam.
67234533 variants in
/project2/mstephens/gtex/GTEx_Analysis_2017-06-05_v8_WholeGenomeSeq_866Indiv.bim;
65601655 excluded by --chr + --max-alleles + --snps-only, 1632878 remaining.
Note: No phenotype data present.
Note: Skipping --rm-dup since no duplicate IDs are present.
17947 variants remaining after main filters.
--export A pass 1/1: loading... 0%85% writing... 0%1%2%3%4%5%6%7%8%9%10%11%12%13%14%15%16%17%18%19%20%21%22%23%24%25%26%27%28%29%30%31%32%33%34%35%36%37%38%39%40%41%42%43%44%45%46%47%48%49%50%51%52%53%54%55%56%57%58%59%60%61%62%63%64%65%66%67%68%69%70%71%72%73%74%75%76%77%78%79%80%81%82%83%84%85%86%87%88%89%90%91%92%93%94%95%96%97%98%99% done.
--export A: /project2/mstephens/wdenault/susie_mix/temp_plink/plink_WFIKKN2.raw
written.
End time: Tue Sep  1 13:22:34 2026
12 SNP(s) removed because HWE P < 1e-08 :
 [1] "chr17_50398174_T_C_b38_T" "chr17_50585349_G_A_b38_G"
 [3] "chr17_50586650_G_A_b38_G" "chr17_50789922_G_A_b38_G"
 [5] "chr17_50790712_A_G_b38_A" "chr17_50815290_C_G_b38_C"
 [7] "chr17_50817795_T_C_b38_T" "chr17_50819293_A_G_b38_A"
 [9] "chr17_50819423_C_T_b38_C" "chr17_50925198_C_T_b38_C"
[11] "chr17_50956459_T_C_b38_T" "chr17_51063902_G_A_b38_G"

=====================================
Tissue: Adipose Tissue 
=====================================
[1] TRUE
Running SuSiE.

=====================================
Tissue: Adrenal Gland 
=====================================
[1] TRUE
Running SuSiE.

=====================================
Tissue: Blood 
=====================================
[1] TRUE
Running SuSiE.

=====================================
Tissue: Blood Vessel 
=====================================
[1] TRUE
Running SuSiE.

=====================================
Tissue: Brain 
=====================================
[1] TRUE
Running SuSiE.

=====================================
Tissue: Breast 
=====================================
[1] TRUE
Running SuSiE.

=====================================
Tissue: Colon 
=====================================
[1] TRUE
Running SuSiE.

=====================================
Tissue: Esophagus 
=====================================
[1] TRUE
Running SuSiE.

=====================================
Tissue: Heart 
=====================================
[1] TRUE
Running SuSiE.

=====================================
Tissue: Kidney 
=====================================
[1] TRUE
Running SuSiE.

=====================================
Tissue: Liver 
=====================================
[1] TRUE
Running SuSiE.

=====================================
Tissue: Lung 
=====================================
[1] TRUE
Running SuSiE.

=====================================
Tissue: Muscle 
=====================================
[1] TRUE
Running SuSiE.

=====================================
Tissue: Nerve 
=====================================
[1] TRUE
Running SuSiE.

=====================================
Tissue: Ovary 
=====================================
[1] TRUE
Running SuSiE.

=====================================
Tissue: Pancreas 
=====================================
[1] TRUE
Running SuSiE.

=====================================
Tissue: Pituitary 
=====================================
[1] TRUE
Running SuSiE.

=====================================
Tissue: Prostate 
=====================================
[1] TRUE
Running SuSiE.

=====================================
Tissue: Salivary Gland 
=====================================
[1] TRUE
Running SuSiE.

=====================================
Tissue: Skin 
=====================================
[1] TRUE
Running SuSiE.

=====================================
Tissue: Small Intestine 
=====================================
[1] TRUE
Running SuSiE.

=====================================
Tissue: Spleen 
=====================================
[1] TRUE
Running SuSiE.

=====================================
Tissue: Stomach 
=====================================
[1] TRUE
Running SuSiE.

=====================================
Tissue: Testis 
=====================================
[1] TRUE
Running SuSiE.

=====================================
Tissue: Thyroid 
=====================================
[1] TRUE
Running SuSiE.

=====================================
Tissue: Uterus 
=====================================
[1] TRUE
Running SuSiE.

=====================================
Tissue: Vagina 
=====================================
[1] TRUE
Running SuSiE.
[2026-09-01 13:24:08] starting WFS1
Importing covariate data.
Importing gene expression data.
Found 27 tissues for gene WFS1 :
 [1] "Adipose Tissue"  "Adrenal Gland"   "Blood"           "Blood Vessel"   
 [5] "Brain"           "Breast"          "Colon"           "Esophagus"      
 [9] "Heart"           "Kidney"          "Liver"           "Lung"           
[13] "Muscle"          "Nerve"           "Ovary"           "Pancreas"       
[17] "Pituitary"       "Prostate"        "Salivary Gland"  "Skin"           
[21] "Small Intestine" "Spleen"          "Stomach"         "Testis"         
[25] "Thyroid"         "Uterus"          "Vagina"         
Extracting genotype data from PLINK file.
PLINK v2.0.0-a.7LM 64-bit Intel (11 Mar 2026)       cog-genomics.org/plink/2.0/
(C) 2005-2026 Shaun Purcell, Christopher Chang    GNU General Public License v3
Logging to /project2/mstephens/wdenault/susie_mix/temp_plink/plink_WFS1.log.
Options in effect:
  --bfile /project2/mstephens/gtex/GTEx_Analysis_2017-06-05_v8_WholeGenomeSeq_866Indiv
  --chr 4
  --export A
  --from-bp 5769849
  --maf 0
  --max-alleles 2
  --memory 8000
  --out /project2/mstephens/wdenault/susie_mix/temp_plink/plink_WFS1
  --rm-dup exclude-all
  --snps-only
  --threads 2
  --to-bp 6769849

Start time: Tue Sep  1 13:25:04 2026
63727 MiB RAM detected, ~30677 available; reserving 8000 MiB for main
workspace.
Using up to 2 compute threads.
866 samples (0 females, 0 males, 866 ambiguous; 866 founders) loaded from
/project2/mstephens/gtex/GTEx_Analysis_2017-06-05_v8_WholeGenomeSeq_866Indiv.fam.
67234533 variants in
/project2/mstephens/gtex/GTEx_Analysis_2017-06-05_v8_WholeGenomeSeq_866Indiv.bim;
63536433 excluded by --chr + --max-alleles + --snps-only, 3698100 remaining.
Note: No phenotype data present.
Note: Skipping --rm-dup since no duplicate IDs are present.
23930 variants remaining after main filters.
--export A pass 1/1: loading... 0%50% writing... 0%1%2%3%4%5%6%7%8%9%10%11%12%13%14%15%16%17%18%19%20%21%22%23%24%25%26%27%28%29%30%31%32%33%34%35%36%37%38%39%40%41%42%43%44%45%46%47%48%49%50%51%52%53%54%55%56%57%58%59%60%61%62%63%64%65%66%67%68%69%70%71%72%73%74%75%76%77%78%79%80%81%82%83%84%85%86%87%88%89%90%91%92%93%94%95%96%97%98%99% done.
--export A: /project2/mstephens/wdenault/susie_mix/temp_plink/plink_WFS1.raw
written.
End time: Tue Sep  1 13:25:10 2026
43 SNP(s) removed because HWE P < 1e-08 :
 [1] "chr4_5824870_A_G_b38_A" "chr4_5914594_G_A_b38_G" "chr4_6045140_G_A_b38_G"
 [4] "chr4_6054244_C_G_b38_C" "chr4_6054598_G_C_b38_G" "chr4_6054652_T_C_b38_T"
 [7] "chr4_6056974_A_G_b38_A" "chr4_6057895_T_C_b38_T" "chr4_6061094_T_C_b38_T"
[10] "chr4_6068949_T_C_b38_T" "chr4_6081080_G_A_b38_G" "chr4_6142230_T_C_b38_T"
[13] "chr4_6144428_T_C_b38_T" "chr4_6145025_C_G_b38_C" "chr4_6145237_A_G_b38_A"
[16] "chr4_6145759_A_G_b38_A" "chr4_6145767_T_C_b38_T" "chr4_6149113_G_C_b38_G"
[19] "chr4_6172027_C_A_b38_C" "chr4_6329211_C_G_b38_C" "chr4_6354638_G_A_b38_G"
[22] "chr4_6354653_A_C_b38_A" "chr4_6354659_A_C_b38_A" "chr4_6358585_A_C_b38_A"
[25] "chr4_6358665_A_G_b38_A" "chr4_6359039_T_C_b38_T" "chr4_6361881_G_A_b38_G"
[28] "chr4_6365516_G_A_b38_G" "chr4_6368183_T_G_b38_T" "chr4_6370731_C_T_b38_C"
[31] "chr4_6479409_A_C_b38_A" "chr4_6479413_A_C_b38_A" "chr4_6532417_C_A_b38_C"
[34] "chr4_6536378_C_T_b38_C" "chr4_6549413_G_A_b38_G" "chr4_6617277_A_G_b38_A"
[37] "chr4_6617325_A_G_b38_A" "chr4_6617477_G_A_b38_G" "chr4_6617910_C_T_b38_C"
[40] "chr4_6618875_C_G_b38_C" "chr4_6619461_G_C_b38_G" "chr4_6621605_G_A_b38_G"
[43] "chr4_6765143_G_A_b38_G"

=====================================
Tissue: Adipose Tissue 
=====================================
[1] TRUE
Running SuSiE.

=====================================
Tissue: Adrenal Gland 
=====================================
[1] TRUE
Running SuSiE.

=====================================
Tissue: Blood 
=====================================
[1] TRUE
Running SuSiE.

=====================================
Tissue: Blood Vessel 
=====================================
[1] TRUE
Running SuSiE.

=====================================
Tissue: Brain 
=====================================
[1] TRUE
Running SuSiE.

=====================================
Tissue: Breast 
=====================================
[1] TRUE
Running SuSiE.

=====================================
Tissue: Colon 
=====================================
[1] TRUE
Running SuSiE.

=====================================
Tissue: Esophagus 
=====================================
[1] TRUE
Running SuSiE.

=====================================
Tissue: Heart 
=====================================
[1] TRUE
Running SuSiE.

=====================================
Tissue: Kidney 
=====================================
[1] TRUE
Running SuSiE.

=====================================
Tissue: Liver 
=====================================
[1] TRUE
Running SuSiE.

=====================================
Tissue: Lung 
=====================================
[1] TRUE
Running SuSiE.

=====================================
Tissue: Muscle 
=====================================
[1] TRUE
Running SuSiE.

=====================================
Tissue: Nerve 
=====================================
[1] TRUE
Running SuSiE.

=====================================
Tissue: Ovary 
=====================================
[1] TRUE
Running SuSiE.

=====================================
Tissue: Pancreas 
=====================================
[1] TRUE
Running SuSiE.

=====================================
Tissue: Pituitary 
=====================================
[1] TRUE
Running SuSiE.

=====================================
Tissue: Prostate 
=====================================
[1] TRUE
Running SuSiE.

=====================================
Tissue: Salivary Gland 
=====================================
[1] TRUE
Running SuSiE.

=====================================
Tissue: Skin 
=====================================
[1] TRUE
Running SuSiE.

=====================================
Tissue: Small Intestine 
=====================================
[1] TRUE
Running SuSiE.

=====================================
Tissue: Spleen 
=====================================
[1] TRUE
Running SuSiE.

=====================================
Tissue: Stomach 
=====================================
[1] TRUE
Running SuSiE.

=====================================
Tissue: Testis 
=====================================
[1] TRUE
Running SuSiE.

=====================================
Tissue: Thyroid 
=====================================
[1] TRUE
Running SuSiE.

=====================================
Tissue: Uterus 
=====================================
[1] TRUE
Running SuSiE.

=====================================
Tissue: Vagina 
=====================================
[1] TRUE
Running SuSiE.
[2026-09-01 13:27:59] starting WHAMM
Importing covariate data.
Importing gene expression data.
Found 27 tissues for gene WHAMM :
 [1] "Adipose Tissue"  "Adrenal Gland"   "Blood"           "Blood Vessel"   
 [5] "Brain"           "Breast"          "Colon"           "Esophagus"      
 [9] "Heart"           "Kidney"          "Liver"           "Lung"           
[13] "Muscle"          "Nerve"           "Ovary"           "Pancreas"       
[17] "Pituitary"       "Prostate"        "Salivary Gland"  "Skin"           
[21] "Small Intestine" "Spleen"          "Stomach"         "Testis"         
[25] "Thyroid"         "Uterus"          "Vagina"         
Extracting genotype data from PLINK file.
PLINK v2.0.0-a.7LM 64-bit Intel (11 Mar 2026)       cog-genomics.org/plink/2.0/
(C) 2005-2026 Shaun Purcell, Christopher Chang    GNU General Public License v3
Logging to /project2/mstephens/wdenault/susie_mix/temp_plink/plink_WHAMM.log.
Options in effect:
  --bfile /project2/mstephens/gtex/GTEx_Analysis_2017-06-05_v8_WholeGenomeSeq_866Indiv
  --chr 15
  --export A
  --from-bp 82309628
  --maf 0
  --max-alleles 2
  --memory 8000
  --out /project2/mstephens/wdenault/susie_mix/temp_plink/plink_WHAMM
  --rm-dup exclude-all
  --snps-only
  --threads 2
  --to-bp 83309628

Start time: Tue Sep  1 13:28:57 2026
63727 MiB RAM detected, ~30669 available; reserving 8000 MiB for main
workspace.
Using up to 2 compute threads.
866 samples (0 females, 0 males, 866 ambiguous; 866 founders) loaded from
/project2/mstephens/gtex/GTEx_Analysis_2017-06-05_v8_WholeGenomeSeq_866Indiv.fam.
67234533 variants in
/project2/mstephens/gtex/GTEx_Analysis_2017-06-05_v8_WholeGenomeSeq_866Indiv.bim;
65613623 excluded by --chr + --max-alleles + --snps-only, 1620910 remaining.
Note: No phenotype data present.
Note: Skipping --rm-dup since no duplicate IDs are present.
18675 variants remaining after main filters.
--export A pass 1/1: loading... 0%writing... 0%1%2%3%4%5%6%7%8%9%10%11%12%13%14%15%16%17%18%19%20%21%22%23%24%25%26%27%28%29%30%31%32%33%34%35%36%37%38%39%40%41%42%43%44%45%46%47%48%49%50%51%52%53%54%55%56%57%58%59%60%61%62%63%64%65%66%67%68%69%70%71%72%73%74%75%76%77%78%79%80%81%82%83%84%85%86%87%88%89%90%91%92%93%94%95%96%97%98%99% done.
--export A: /project2/mstephens/wdenault/susie_mix/temp_plink/plink_WHAMM.raw
written.
End time: Tue Sep  1 13:29:02 2026
94 SNP(s) removed because HWE P < 1e-08 :
 [1] "chr15_82318260_G_A_b38_G" "chr15_82318495_T_C_b38_T"
 [3] "chr15_82318628_A_G_b38_A" "chr15_82318632_T_G_b38_T"
 [5] "chr15_82321102_C_A_b38_C" "chr15_82321647_A_G_b38_A"
 [7] "chr15_82327941_T_C_b38_T" "chr15_82327951_T_G_b38_T"
 [9] "chr15_82340019_C_T_b38_C" "chr15_82340031_T_A_b38_T"
[11] "chr15_82340056_A_C_b38_A" "chr15_82340077_T_C_b38_T"
[13] "chr15_82340097_C_G_b38_C" "chr15_82340141_G_A_b38_G"
[15] "chr15_82340193_C_G_b38_C" "chr15_82342240_A_C_b38_A"
[17] "chr15_82342469_C_T_b38_C" "chr15_82342829_A_C_b38_A"
[19] "chr15_82342981_C_G_b38_C" "chr15_82343155_C_A_b38_C"
[21] "chr15_82345383_C_T_b38_C" "chr15_82345389_A_T_b38_A"
[23] "chr15_82345980_C_G_b38_C" "chr15_82345981_C_T_b38_C"
[25] "chr15_82347747_C_T_b38_C" "chr15_82348160_T_C_b38_T"
[27] "chr15_82353308_G_C_b38_G" "chr15_82354711_C_G_b38_C"
[29] "chr15_82360555_G_C_b38_G" "chr15_82362146_C_A_b38_C"
[31] "chr15_82365867_G_C_b38_G" "chr15_82406700_T_C_b38_T"
[33] "chr15_82424196_C_T_b38_C" "chr15_82427430_T_G_b38_T"
[35] "chr15_82434465_C_T_b38_C" "chr15_82434516_C_T_b38_C"
[37] "chr15_82434734_T_C_b38_T" "chr15_82441831_A_G_b38_A"
[39] "chr15_82441857_G_T_b38_G" "chr15_82441868_C_G_b38_C"
[41] "chr15_82442575_C_G_b38_C" "chr15_82442611_G_A_b38_G"
[43] "chr15_82445413_T_C_b38_T" "chr15_82445518_A_C_b38_A"
[45] "chr15_82445532_G_T_b38_G" "chr15_82445724_G_A_b38_G"
[47] "chr15_82445780_G_C_b38_G" "chr15_82448913_C_T_b38_C"
[49] "chr15_82449844_A_G_b38_A" "chr15_82450780_G_A_b38_G"
[51] "chr15_82450787_C_T_b38_C" "chr15_82450818_A_C_b38_A"
[53] "chr15_82451107_A_G_b38_A" "chr15_82453119_A_G_b38_A"
[55] "chr15_82453155_T_C_b38_T" "chr15_82453226_G_A_b38_G"
[57] "chr15_82453249_T_C_b38_T" "chr15_82457950_C_T_b38_C"
[59] "chr15_82462579_C_T_b38_C" "chr15_82462806_G_A_b38_G"
[61] "chr15_82462841_C_T_b38_C" "chr15_82474965_G_A_b38_G"
[63] "chr15_82474978_C_T_b38_C" "chr15_82477011_A_C_b38_A"
[65] "chr15_82477375_C_G_b38_C" "chr15_82478724_G_A_b38_G"
[67] "chr15_82479574_T_C_b38_T" "chr15_82479714_T_A_b38_T"
[69] "chr15_82481652_A_G_b38_A" "chr15_82497492_T_A_b38_T"
[71] "chr15_82497541_G_T_b38_G" "chr15_82498150_T_C_b38_T"
[73] "chr15_82498697_T_A_b38_T" "chr15_82499142_T_C_b38_T"
[75] "chr15_82499230_C_T_b38_C" "chr15_82499333_A_T_b38_A"
[77] "chr15_82499460_T_A_b38_T" "chr15_82499527_T_C_b38_T"
[79] "chr15_82502633_G_T_b38_G" "chr15_82503622_T_A_b38_T"
[81] "chr15_82505573_C_G_b38_C" "chr15_82506848_T_A_b38_T"
[83] "chr15_82506883_G_T_b38_G" "chr15_82506911_T_C_b38_T"
[85] "chr15_82507055_G_A_b38_G" "chr15_82507437_G_C_b38_G"
[87] "chr15_82511334_A_C_b38_A" "chr15_82526224_G_C_b38_G"
[89] "chr15_82704732_A_G_b38_A" "chr15_82704742_C_T_b38_C"
[91] "chr15_82704754_T_C_b38_T" "chr15_82704755_T_C_b38_T"
[93] "chr15_82704844_C_T_b38_C" "chr15_82704850_C_T_b38_C"

=====================================
Tissue: Adipose Tissue 
=====================================
[1] TRUE
Running SuSiE.

=====================================
Tissue: Adrenal Gland 
=====================================
[1] TRUE
Running SuSiE.

=====================================
Tissue: Blood 
=====================================
[1] TRUE
Running SuSiE.

=====================================
Tissue: Blood Vessel 
=====================================
[1] TRUE
Running SuSiE.

=====================================
Tissue: Brain 
=====================================
[1] TRUE
Running SuSiE.

=====================================
Tissue: Breast 
=====================================
[1] TRUE
Running SuSiE.

=====================================
Tissue: Colon 
=====================================
[1] TRUE
Running SuSiE.

=====================================
Tissue: Esophagus 
=====================================
[1] TRUE
Running SuSiE.

=====================================
Tissue: Heart 
=====================================
[1] TRUE
Running SuSiE.

=====================================
Tissue: Kidney 
=====================================
[1] TRUE
Running SuSiE.

=====================================
Tissue: Liver 
=====================================
[1] TRUE
Running SuSiE.

=====================================
Tissue: Lung 
=====================================
[1] TRUE
Running SuSiE.

=====================================
Tissue: Muscle 
=====================================
[1] TRUE
Running SuSiE.

=====================================
Tissue: Nerve 
=====================================
[1] TRUE
Running SuSiE.

=====================================
Tissue: Ovary 
=====================================
[1] TRUE
Running SuSiE.

=====================================
Tissue: Pancreas 
=====================================
[1] TRUE
Running SuSiE.

=====================================
Tissue: Pituitary 
=====================================
[1] TRUE
Running SuSiE.

=====================================
Tissue: Prostate 
=====================================
[1] TRUE
Running SuSiE.

=====================================
Tissue: Salivary Gland 
=====================================
[1] TRUE
Running SuSiE.

=====================================
Tissue: Skin 
=====================================
[1] TRUE
Running SuSiE.

=====================================
Tissue: Small Intestine 
=====================================
[1] TRUE
Running SuSiE.

=====================================
Tissue: Spleen 
=====================================
[1] TRUE
Running SuSiE.

=====================================
Tissue: Stomach 
=====================================
[1] TRUE
Running SuSiE.

=====================================
Tissue: Testis 
=====================================
[1] TRUE
Running SuSiE.

=====================================
Tissue: Thyroid 
=====================================
[1] TRUE
Running SuSiE.

=====================================
Tissue: Uterus 
=====================================
[1] TRUE
Running SuSiE.

=====================================
Tissue: Vagina 
=====================================
[1] TRUE
Running SuSiE.
[2026-09-01 13:30:13] starting WHRN
Importing covariate data.
Importing gene expression data.
Found 27 tissues for gene WHRN :
 [1] "Adipose Tissue"  "Adrenal Gland"   "Blood"           "Blood Vessel"   
 [5] "Brain"           "Breast"          "Colon"           "Esophagus"      
 [9] "Heart"           "Kidney"          "Liver"           "Lung"           
[13] "Muscle"          "Nerve"           "Ovary"           "Pancreas"       
[17] "Pituitary"       "Prostate"        "Salivary Gland"  "Skin"           
[21] "Small Intestine" "Spleen"          "Stomach"         "Testis"         
[25] "Thyroid"         "Uterus"          "Vagina"         
Extracting genotype data from PLINK file.
PLINK v2.0.0-a.7LM 64-bit Intel (11 Mar 2026)       cog-genomics.org/plink/2.0/
(C) 2005-2026 Shaun Purcell, Christopher Chang    GNU General Public License v3
Logging to /project2/mstephens/wdenault/susie_mix/temp_plink/plink_WHRN.log.
Options in effect:
  --bfile /project2/mstephens/gtex/GTEx_Analysis_2017-06-05_v8_WholeGenomeSeq_866Indiv
  --chr 9
  --export A
  --from-bp 114005473
  --maf 0
  --max-alleles 2
  --memory 8000
  --out /project2/mstephens/wdenault/susie_mix/temp_plink/plink_WHRN
  --rm-dup exclude-all
  --snps-only
  --threads 2
  --to-bp 115005473

Start time: Tue Sep  1 13:31:09 2026
63727 MiB RAM detected, ~34417 available; reserving 8000 MiB for main
workspace.
Using up to 2 compute threads.
866 samples (0 females, 0 males, 866 ambiguous; 866 founders) loaded from
/project2/mstephens/gtex/GTEx_Analysis_2017-06-05_v8_WholeGenomeSeq_866Indiv.fam.
67234533 variants in
/project2/mstephens/gtex/GTEx_Analysis_2017-06-05_v8_WholeGenomeSeq_866Indiv.bim;
64708045 excluded by --chr + --max-alleles + --snps-only, 2526488 remaining.
Note: No phenotype data present.
Note: Skipping --rm-dup since no duplicate IDs are present.
18515 variants remaining after main filters.
--export A pass 1/1: loading... 0%50% writing... 0%1%2%3%4%5%6%7%8%9%10%11%12%13%14%15%16%17%18%19%20%21%22%23%24%25%26%27%28%29%30%31%32%33%34%35%36%37%38%39%40%41%42%43%44%45%46%47%48%49%50%51%52%53%54%55%56%57%58%59%60%61%62%63%64%65%66%67%68%69%70%71%72%73%74%75%76%77%78%79%80%81%82%83%84%85%86%87%88%89%90%91%92%93%94%95%96%97%98%99% done.
--export A: /project2/mstephens/wdenault/susie_mix/temp_plink/plink_WHRN.raw
written.
End time: Tue Sep  1 13:31:14 2026
61 SNP(s) removed because HWE P < 1e-08 :
 [1] "chr9_114054536_G_A_b38_G" "chr9_114134176_G_C_b38_G"
 [3] "chr9_114206721_T_C_b38_T" "chr9_114234253_T_C_b38_T"
 [5] "chr9_114236027_A_G_b38_A" "chr9_114330086_A_C_b38_A"
 [7] "chr9_114331920_C_T_b38_C" "chr9_114332005_A_G_b38_A"
 [9] "chr9_114335395_G_T_b38_G" "chr9_114335544_G_A_b38_G"
[11] "chr9_114337017_A_C_b38_A" "chr9_114337021_A_C_b38_A"
[13] "chr9_114341853_C_T_b38_C" "chr9_114342734_T_C_b38_T"
[15] "chr9_114344242_A_G_b38_A" "chr9_114346192_C_T_b38_C"
[17] "chr9_114346385_T_C_b38_T" "chr9_114346994_A_C_b38_A"
[19] "chr9_114347154_G_C_b38_G" "chr9_114347461_T_G_b38_T"
[21] "chr9_114347832_T_C_b38_T" "chr9_114349427_A_G_b38_A"
[23] "chr9_114350353_T_C_b38_T" "chr9_114350604_C_G_b38_C"
[25] "chr9_114350606_T_G_b38_T" "chr9_114355301_A_G_b38_A"
[27] "chr9_114355466_T_C_b38_T" "chr9_114356750_G_C_b38_G"
[29] "chr9_114380875_C_T_b38_C" "chr9_114443052_A_G_b38_A"
[31] "chr9_114497986_C_T_b38_C" "chr9_114508922_C_T_b38_C"
[33] "chr9_114512307_A_G_b38_A" "chr9_114515015_C_T_b38_C"
[35] "chr9_114516944_A_G_b38_A" "chr9_114517050_C_G_b38_C"
[37] "chr9_114519043_A_T_b38_A" "chr9_114519781_A_G_b38_A"
[39] "chr9_114520110_A_G_b38_A" "chr9_114520952_C_T_b38_C"
[41] "chr9_114524123_C_G_b38_C" "chr9_114525648_C_T_b38_C"
[43] "chr9_114905163_T_C_b38_T" "chr9_114906081_A_T_b38_A"
[45] "chr9_114907419_A_T_b38_A" "chr9_114909964_T_C_b38_T"
[47] "chr9_114910866_A_C_b38_A" "chr9_114911970_A_G_b38_A"
[49] "chr9_114915545_G_A_b38_G" "chr9_114917522_G_A_b38_G"
[51] "chr9_114919072_C_T_b38_C" "chr9_114919243_C_T_b38_C"
[53] "chr9_114927268_T_C_b38_T" "chr9_114927558_A_G_b38_A"
[55] "chr9_114929084_T_A_b38_T" "chr9_114929278_C_T_b38_C"
[57] "chr9_114930064_G_A_b38_G" "chr9_114931220_T_C_b38_T"
[59] "chr9_114931414_T_C_b38_T" "chr9_114931725_A_G_b38_A"
[61] "chr9_114932242_A_T_b38_A"

=====================================
Tissue: Adipose Tissue 
=====================================
[1] TRUE
Running SuSiE.

=====================================
Tissue: Adrenal Gland 
=====================================
[1] TRUE
Running SuSiE.

=====================================
Tissue: Blood 
=====================================
[1] TRUE
Running SuSiE.

=====================================
Tissue: Blood Vessel 
=====================================
[1] TRUE
Running SuSiE.

=====================================
Tissue: Brain 
=====================================
[1] TRUE
Running SuSiE.

=====================================
Tissue: Breast 
=====================================
[1] TRUE
Running SuSiE.

=====================================
Tissue: Colon 
=====================================
[1] TRUE
Running SuSiE.

=====================================
Tissue: Esophagus 
=====================================
[1] TRUE
Running SuSiE.

=====================================
Tissue: Heart 
=====================================
[1] TRUE
Running SuSiE.

=====================================
Tissue: Kidney 
=====================================
[1] TRUE
Running SuSiE.

=====================================
Tissue: Liver 
=====================================
[1] TRUE
Running SuSiE.

=====================================
Tissue: Lung 
=====================================
[1] TRUE
Running SuSiE.

=====================================
Tissue: Muscle 
=====================================
[1] TRUE
Running SuSiE.

=====================================
Tissue: Nerve 
=====================================
[1] TRUE
Running SuSiE.

=====================================
Tissue: Ovary 
=====================================
[1] TRUE
Running SuSiE.

=====================================
Tissue: Pancreas 
=====================================
[1] TRUE
Running SuSiE.

=====================================
Tissue: Pituitary 
=====================================
[1] TRUE
Running SuSiE.

=====================================
Tissue: Prostate 
=====================================
[1] TRUE
Running SuSiE.

=====================================
Tissue: Salivary Gland 
=====================================
[1] TRUE
Running SuSiE.

=====================================
Tissue: Skin 
=====================================
[1] TRUE
Running SuSiE.

=====================================
Tissue: Small Intestine 
=====================================
[1] TRUE
Running SuSiE.

=====================================
Tissue: Spleen 
=====================================
[1] TRUE
Running SuSiE.

=====================================
Tissue: Stomach 
=====================================
[1] TRUE
Running SuSiE.

=====================================
Tissue: Testis 
=====================================
[1] TRUE
Running SuSiE.

=====================================
Tissue: Thyroid 
=====================================
[1] TRUE
Running SuSiE.

=====================================
Tissue: Uterus 
=====================================
[1] TRUE
Running SuSiE.

=====================================
Tissue: Vagina 
=====================================
[1] TRUE
Running SuSiE.
[2026-09-01 13:33:13] starting WIF1
Importing covariate data.
Importing gene expression data.
Found 27 tissues for gene WIF1 :
 [1] "Adipose Tissue"  "Adrenal Gland"   "Blood"           "Blood Vessel"   
 [5] "Brain"           "Breast"          "Colon"           "Esophagus"      
 [9] "Heart"           "Kidney"          "Liver"           "Lung"           
[13] "Muscle"          "Nerve"           "Ovary"           "Pancreas"       
[17] "Pituitary"       "Prostate"        "Salivary Gland"  "Skin"           
[21] "Small Intestine" "Spleen"          "Stomach"         "Testis"         
[25] "Thyroid"         "Uterus"          "Vagina"         
Extracting genotype data from PLINK file.
PLINK v2.0.0-a.7LM 64-bit Intel (11 Mar 2026)       cog-genomics.org/plink/2.0/
(C) 2005-2026 Shaun Purcell, Christopher Chang    GNU General Public License v3
Logging to /project2/mstephens/wdenault/susie_mix/temp_plink/plink_WIF1.log.
Options in effect:
  --bfile /project2/mstephens/gtex/GTEx_Analysis_2017-06-05_v8_WholeGenomeSeq_866Indiv
  --chr 12
  --export A
  --from-bp 64621305
  --maf 0
  --max-alleles 2
  --memory 8000
  --out /project2/mstephens/wdenault/susie_mix/temp_plink/plink_WIF1
  --rm-dup exclude-all
  --snps-only
  --threads 2
  --to-bp 65621305

Start time: Tue Sep  1 13:34:08 2026
63727 MiB RAM detected, ~34386 available; reserving 8000 MiB for main
workspace.
Using up to 2 compute threads.
866 samples (0 females, 0 males, 866 ambiguous; 866 founders) loaded from
/project2/mstephens/gtex/GTEx_Analysis_2017-06-05_v8_WholeGenomeSeq_866Indiv.fam.
67234533 variants in
/project2/mstephens/gtex/GTEx_Analysis_2017-06-05_v8_WholeGenomeSeq_866Indiv.bim;
64641234 excluded by --chr + --max-alleles + --snps-only, 2593299 remaining.
Note: No phenotype data present.
Note: Skipping --rm-dup since no duplicate IDs are present.
16255 variants remaining after main filters.
--export A pass 1/1: loading... 0%writing... 0%1%2%3%4%5%6%7%8%9%10%11%12%13%14%15%16%17%18%19%20%21%22%23%24%25%26%27%28%29%30%31%32%33%34%35%36%37%38%39%40%41%42%43%44%45%46%47%48%49%50%51%52%53%54%55%56%57%58%59%60%61%62%63%64%65%66%67%68%69%70%71%72%73%74%75%76%77%78%79%80%81%82%83%84%85%86%87%88%89%90%91%92%93%94%95%96%97%98%99% done.
--export A: /project2/mstephens/wdenault/susie_mix/temp_plink/plink_WIF1.raw
written.
End time: Tue Sep  1 13:34:13 2026
29 SNP(s) removed because HWE P < 1e-08 :
 [1] "chr12_64850334_T_C_b38_T" "chr12_64850957_T_C_b38_T"
 [3] "chr12_64854564_A_G_b38_A" "chr12_64857404_A_G_b38_A"
 [5] "chr12_64861673_C_A_b38_C" "chr12_64863540_G_A_b38_G"
 [7] "chr12_64863670_A_G_b38_A" "chr12_64867827_G_A_b38_G"
 [9] "chr12_64870310_C_T_b38_C" "chr12_64872525_T_A_b38_T"
[11] "chr12_64875267_G_A_b38_G" "chr12_64945780_C_G_b38_C"
[13] "chr12_64945797_A_T_b38_A" "chr12_64945961_C_T_b38_C"
[15] "chr12_64946001_A_C_b38_A" "chr12_64946291_A_G_b38_A"
[17] "chr12_64947272_C_A_b38_C" "chr12_64947350_T_G_b38_T"
[19] "chr12_64990782_G_A_b38_G" "chr12_65309444_A_G_b38_A"
[21] "chr12_65526670_T_A_b38_T" "chr12_65527882_A_G_b38_A"
[23] "chr12_65553510_T_A_b38_T" "chr12_65553511_C_T_b38_C"
[25] "chr12_65553542_A_C_b38_A" "chr12_65553544_C_T_b38_C"
[27] "chr12_65553553_C_T_b38_C" "chr12_65553565_T_C_b38_T"
[29] "chr12_65553833_C_T_b38_C"

=====================================
Tissue: Adipose Tissue 
=====================================
[1] TRUE
Running SuSiE.

=====================================
Tissue: Adrenal Gland 
=====================================
[1] TRUE
Running SuSiE.

=====================================
Tissue: Blood 
=====================================
[1] TRUE
Running SuSiE.

=====================================
Tissue: Blood Vessel 
=====================================
[1] TRUE
Running SuSiE.

=====================================
Tissue: Brain 
=====================================
[1] TRUE
Running SuSiE.

=====================================
Tissue: Breast 
=====================================
[1] TRUE
Running SuSiE.

=====================================
Tissue: Colon 
=====================================
[1] TRUE
Running SuSiE.

=====================================
Tissue: Esophagus 
=====================================
[1] TRUE
Running SuSiE.

=====================================
Tissue: Heart 
=====================================
[1] TRUE
Running SuSiE.

=====================================
Tissue: Kidney 
=====================================
[1] TRUE
Running SuSiE.

=====================================
Tissue: Liver 
=====================================
[1] TRUE
Running SuSiE.

=====================================
Tissue: Lung 
=====================================
[1] TRUE
Running SuSiE.

=====================================
Tissue: Muscle 
=====================================
[1] TRUE
Running SuSiE.

=====================================
Tissue: Nerve 
=====================================
[1] TRUE
Running SuSiE.

=====================================
Tissue: Ovary 
=====================================
[1] TRUE
Running SuSiE.

=====================================
Tissue: Pancreas 
=====================================
[1] TRUE
Running SuSiE.

=====================================
Tissue: Pituitary 
=====================================
[1] TRUE
Running SuSiE.

=====================================
Tissue: Prostate 
=====================================
[1] TRUE
Running SuSiE.

=====================================
Tissue: Salivary Gland 
=====================================
[1] TRUE
Running SuSiE.

=====================================
Tissue: Skin 
=====================================
[1] TRUE
Running SuSiE.

=====================================
Tissue: Small Intestine 
=====================================
[1] TRUE
Running SuSiE.

=====================================
Tissue: Spleen 
=====================================
[1] TRUE
Running SuSiE.

=====================================
Tissue: Stomach 
=====================================
[1] TRUE
Running SuSiE.

=====================================
Tissue: Testis 
=====================================
[1] TRUE
Running SuSiE.

=====================================
Tissue: Thyroid 
=====================================
[1] TRUE
Running SuSiE.

=====================================
Tissue: Uterus 
=====================================
[1] TRUE
Running SuSiE.

=====================================
Tissue: Vagina 
=====================================
[1] TRUE
Running SuSiE.
[2026-09-01 13:35:19] starting WIPF1
Importing covariate data.
Importing gene expression data.
Found 27 tissues for gene WIPF1 :
 [1] "Adipose Tissue"  "Adrenal Gland"   "Blood"           "Blood Vessel"   
 [5] "Brain"           "Breast"          "Colon"           "Esophagus"      
 [9] "Heart"           "Kidney"          "Liver"           "Lung"           
[13] "Muscle"          "Nerve"           "Ovary"           "Pancreas"       
[17] "Pituitary"       "Prostate"        "Salivary Gland"  "Skin"           
[21] "Small Intestine" "Spleen"          "Stomach"         "Testis"         
[25] "Thyroid"         "Uterus"          "Vagina"         
Extracting genotype data from PLINK file.
PLINK v2.0.0-a.7LM 64-bit Intel (11 Mar 2026)       cog-genomics.org/plink/2.0/
(C) 2005-2026 Shaun Purcell, Christopher Chang    GNU General Public License v3
Logging to /project2/mstephens/wdenault/susie_mix/temp_plink/plink_WIPF1.log.
Options in effect:
  --bfile /project2/mstephens/gtex/GTEx_Analysis_2017-06-05_v8_WholeGenomeSeq_866Indiv
  --chr 2
  --export A
  --from-bp 174182916
  --maf 0
  --max-alleles 2
  --memory 8000
  --out /project2/mstephens/wdenault/susie_mix/temp_plink/plink_WIPF1
  --rm-dup exclude-all
  --snps-only
  --threads 2
  --to-bp 175182916

Start time: Tue Sep  1 13:36:14 2026
63727 MiB RAM detected, ~34398 available; reserving 8000 MiB for main
workspace.
Using up to 2 compute threads.
866 samples (0 females, 0 males, 866 ambiguous; 866 founders) loaded from
/project2/mstephens/gtex/GTEx_Analysis_2017-06-05_v8_WholeGenomeSeq_866Indiv.fam.
67234533 variants in
/project2/mstephens/gtex/GTEx_Analysis_2017-06-05_v8_WholeGenomeSeq_866Indiv.bim;
62634692 excluded by --chr + --max-alleles + --snps-only, 4599841 remaining.
Note: No phenotype data present.
Note: Skipping --rm-dup since no duplicate IDs are present.
16140 variants remaining after main filters.
--export A pass 1/1: loading... 0%writing... 0%1%2%3%4%5%6%7%8%9%10%11%12%13%14%15%16%17%18%19%20%21%22%23%24%25%26%27%28%29%30%31%32%33%34%35%36%37%38%39%40%41%42%43%44%45%46%47%48%49%50%51%52%53%54%55%56%57%58%59%60%61%62%63%64%65%66%67%68%69%70%71%72%73%74%75%76%77%78%79%80%81%82%83%84%85%86%87%88%89%90%91%92%93%94%95%96%97%98%99% done.
--export A: /project2/mstephens/wdenault/susie_mix/temp_plink/plink_WIPF1.raw
written.
End time: Tue Sep  1 13:36:19 2026
19 SNP(s) removed because HWE P < 1e-08 :
 [1] "chr2_174288298_A_G_b38_A" "chr2_174329770_T_C_b38_T"
 [3] "chr2_174329822_G_A_b38_G" "chr2_174330662_A_G_b38_A"
 [5] "chr2_174331132_C_T_b38_C" "chr2_174706444_C_T_b38_C"
 [7] "chr2_174708816_C_G_b38_C" "chr2_174708821_C_T_b38_C"
 [9] "chr2_174710921_A_G_b38_A" "chr2_174713704_C_T_b38_C"
[11] "chr2_174714132_T_A_b38_T" "chr2_174752950_G_T_b38_G"
[13] "chr2_174755609_G_T_b38_G" "chr2_174756207_C_T_b38_C"
[15] "chr2_174756626_C_T_b38_C" "chr2_174756754_C_T_b38_C"
[17] "chr2_174757118_A_G_b38_A" "chr2_174759035_C_T_b38_C"
[19] "chr2_174759869_G_A_b38_G"

=====================================
Tissue: Adipose Tissue 
=====================================
[1] TRUE
Running SuSiE.

=====================================
Tissue: Adrenal Gland 
=====================================
[1] TRUE
Running SuSiE.

=====================================
Tissue: Blood 
=====================================
[1] TRUE
Running SuSiE.

=====================================
Tissue: Blood Vessel 
=====================================
[1] TRUE
Running SuSiE.

=====================================
Tissue: Brain 
=====================================
[1] TRUE
Running SuSiE.

=====================================
Tissue: Breast 
=====================================
[1] TRUE
Running SuSiE.

=====================================
Tissue: Colon 
=====================================
[1] TRUE
Running SuSiE.

=====================================
Tissue: Esophagus 
=====================================
[1] TRUE
Running SuSiE.

=====================================
Tissue: Heart 
=====================================
[1] TRUE
Running SuSiE.

=====================================
Tissue: Kidney 
=====================================
[1] TRUE
Running SuSiE.

=====================================
Tissue: Liver 
=====================================
[1] TRUE
Running SuSiE.

=====================================
Tissue: Lung 
=====================================
[1] TRUE
Running SuSiE.

=====================================
Tissue: Muscle 
=====================================
[1] TRUE
Running SuSiE.

=====================================
Tissue: Nerve 
=====================================
[1] TRUE
Running SuSiE.

=====================================
Tissue: Ovary 
=====================================
[1] TRUE
Running SuSiE.

=====================================
Tissue: Pancreas 
=====================================
[1] TRUE
Running SuSiE.

=====================================
Tissue: Pituitary 
=====================================
[1] TRUE
Running SuSiE.

=====================================
Tissue: Prostate 
=====================================
[1] TRUE
Running SuSiE.

=====================================
Tissue: Salivary Gland 
=====================================
[1] TRUE
Running SuSiE.

=====================================
Tissue: Skin 
=====================================
[1] TRUE
Running SuSiE.

=====================================
Tissue: Small Intestine 
=====================================
[1] TRUE
Running SuSiE.

=====================================
Tissue: Spleen 
=====================================
[1] TRUE
Running SuSiE.

=====================================
Tissue: Stomach 
=====================================
[1] TRUE
Running SuSiE.

=====================================
Tissue: Testis 
=====================================
[1] TRUE
Running SuSiE.

=====================================
Tissue: Thyroid 
=====================================
[1] TRUE
Running SuSiE.

=====================================
Tissue: Uterus 
=====================================
[1] TRUE
Running SuSiE.

=====================================
Tissue: Vagina 
=====================================
[1] TRUE
Running SuSiE.
[2026-09-01 13:37:47] starting WIPF2
Importing covariate data.
Importing gene expression data.
Found 27 tissues for gene WIPF2 :
 [1] "Adipose Tissue"  "Adrenal Gland"   "Blood"           "Blood Vessel"   
 [5] "Brain"           "Breast"          "Colon"           "Esophagus"      
 [9] "Heart"           "Kidney"          "Liver"           "Lung"           
[13] "Muscle"          "Nerve"           "Ovary"           "Pancreas"       
[17] "Pituitary"       "Prostate"        "Salivary Gland"  "Skin"           
[21] "Small Intestine" "Spleen"          "Stomach"         "Testis"         
[25] "Thyroid"         "Uterus"          "Vagina"         
Extracting genotype data from PLINK file.
PLINK v2.0.0-a.7LM 64-bit Intel (11 Mar 2026)       cog-genomics.org/plink/2.0/
(C) 2005-2026 Shaun Purcell, Christopher Chang    GNU General Public License v3
Logging to /project2/mstephens/wdenault/susie_mix/temp_plink/plink_WIPF2.log.
Options in effect:
  --bfile /project2/mstephens/gtex/GTEx_Analysis_2017-06-05_v8_WholeGenomeSeq_866Indiv
  --chr 17
  --export A
  --from-bp 39719304
  --maf 0
  --max-alleles 2
  --memory 8000
  --out /project2/mstephens/wdenault/susie_mix/temp_plink/plink_WIPF2
  --rm-dup exclude-all
  --snps-only
  --threads 2
  --to-bp 40719304

Start time: Tue Sep  1 13:38:43 2026
63727 MiB RAM detected, ~34392 available; reserving 8000 MiB for main
workspace.
Using up to 2 compute threads.
866 samples (0 females, 0 males, 866 ambiguous; 866 founders) loaded from
/project2/mstephens/gtex/GTEx_Analysis_2017-06-05_v8_WholeGenomeSeq_866Indiv.fam.
67234533 variants in
/project2/mstephens/gtex/GTEx_Analysis_2017-06-05_v8_WholeGenomeSeq_866Indiv.bim;
65601655 excluded by --chr + --max-alleles + --snps-only, 1632878 remaining.
Note: No phenotype data present.
Note: Skipping --rm-dup since no duplicate IDs are present.
17016 variants remaining after main filters.
--export A pass 1/1: loading... 0%4%writing... 0%1%2%3%4%5%6%7%8%9%10%11%12%13%14%15%16%17%18%19%20%21%22%23%24%25%26%27%28%29%30%31%32%33%34%35%36%37%38%39%40%41%42%43%44%45%46%47%48%49%50%51%52%53%54%55%56%57%58%59%60%61%62%63%64%65%66%67%68%69%70%71%72%73%74%75%76%77%78%79%80%81%82%83%84%85%86%87%88%89%90%91%92%93%94%95%96%97%98%99% done.
--export A: /project2/mstephens/wdenault/susie_mix/temp_plink/plink_WIPF2.raw
written.
End time: Tue Sep  1 13:38:48 2026
15 SNP(s) removed because HWE P < 1e-08 :
 [1] "chr17_40078484_G_A_b38_G" "chr17_40435818_G_A_b38_G"
 [3] "chr17_40509552_T_C_b38_T" "chr17_40509559_C_T_b38_C"
 [5] "chr17_40509566_A_G_b38_A" "chr17_40509570_G_A_b38_G"
 [7] "chr17_40509578_A_G_b38_A" "chr17_40509583_C_G_b38_C"
 [9] "chr17_40523213_G_T_b38_G" "chr17_40544234_G_A_b38_G"
[11] "chr17_40561644_T_C_b38_T" "chr17_40562638_T_C_b38_T"
[13] "chr17_40562883_A_G_b38_A" "chr17_40582412_T_C_b38_T"
[15] "chr17_40636744_G_A_b38_G"

=====================================
Tissue: Adipose Tissue 
=====================================
[1] TRUE
Running SuSiE.

=====================================
Tissue: Adrenal Gland 
=====================================
[1] TRUE
Running SuSiE.

=====================================
Tissue: Blood 
=====================================
[1] TRUE
Running SuSiE.

=====================================
Tissue: Blood Vessel 
=====================================
[1] TRUE
Running SuSiE.

=====================================
Tissue: Brain 
=====================================
[1] TRUE
Running SuSiE.

=====================================
Tissue: Breast 
=====================================
[1] TRUE
Running SuSiE.

=====================================
Tissue: Colon 
=====================================
[1] TRUE
Running SuSiE.

=====================================
Tissue: Esophagus 
=====================================
[1] TRUE
Running SuSiE.

=====================================
Tissue: Heart 
=====================================
[1] TRUE
Running SuSiE.

=====================================
Tissue: Kidney 
=====================================
[1] TRUE
Running SuSiE.

=====================================
Tissue: Liver 
=====================================
[1] TRUE
Running SuSiE.

=====================================
Tissue: Lung 
=====================================
[1] TRUE
Running SuSiE.

=====================================
Tissue: Muscle 
=====================================
[1] TRUE
Running SuSiE.

=====================================
Tissue: Nerve 
=====================================
[1] TRUE
Running SuSiE.

=====================================
Tissue: Ovary 
=====================================
[1] TRUE
Running SuSiE.

=====================================
Tissue: Pancreas 
=====================================
[1] TRUE
Running SuSiE.

=====================================
Tissue: Pituitary 
=====================================
[1] TRUE
Running SuSiE.

=====================================
Tissue: Prostate 
=====================================
[1] TRUE
Running SuSiE.

=====================================
Tissue: Salivary Gland 
=====================================
[1] TRUE
Running SuSiE.

=====================================
Tissue: Skin 
=====================================
[1] TRUE
Running SuSiE.

=====================================
Tissue: Small Intestine 
=====================================
[1] TRUE
Running SuSiE.

=====================================
Tissue: Spleen 
=====================================
[1] TRUE
Running SuSiE.

=====================================
Tissue: Stomach 
=====================================
[1] TRUE
Running SuSiE.

=====================================
Tissue: Testis 
=====================================
[1] TRUE
Running SuSiE.

=====================================
Tissue: Thyroid 
=====================================
[1] TRUE
Running SuSiE.

=====================================
Tissue: Uterus 
=====================================
[1] TRUE
Running SuSiE.

=====================================
Tissue: Vagina 
=====================================
[1] TRUE
Running SuSiE.
[2026-09-01 13:39:52] starting WIPF3
Importing covariate data.
Importing gene expression data.
Found 27 tissues for gene WIPF3 :
 [1] "Adipose Tissue"  "Adrenal Gland"   "Blood"           "Blood Vessel"   
 [5] "Brain"           "Breast"          "Colon"           "Esophagus"      
 [9] "Heart"           "Kidney"          "Liver"           "Lung"           
[13] "Muscle"          "Nerve"           "Ovary"           "Pancreas"       
[17] "Pituitary"       "Prostate"        "Salivary Gland"  "Skin"           
[21] "Small Intestine" "Spleen"          "Stomach"         "Testis"         
[25] "Thyroid"         "Uterus"          "Vagina"         
Extracting genotype data from PLINK file.
PLINK v2.0.0-a.7LM 64-bit Intel (11 Mar 2026)       cog-genomics.org/plink/2.0/
(C) 2005-2026 Shaun Purcell, Christopher Chang    GNU General Public License v3
Logging to /project2/mstephens/wdenault/susie_mix/temp_plink/plink_WIPF3.log.
Options in effect:
  --bfile /project2/mstephens/gtex/GTEx_Analysis_2017-06-05_v8_WholeGenomeSeq_866Indiv
  --chr 7
  --export A
  --from-bp 29306486
  --maf 0
  --max-alleles 2
  --memory 8000
  --out /project2/mstephens/wdenault/susie_mix/temp_plink/plink_WIPF3
  --rm-dup exclude-all
  --snps-only
  --threads 2
  --to-bp 30306486

Start time: Tue Sep  1 13:40:54 2026
63727 MiB RAM detected, ~26938 available; reserving 8000 MiB for main
workspace.
Using up to 2 compute threads.
866 samples (0 females, 0 males, 866 ambiguous; 866 founders) loaded from
/project2/mstephens/gtex/GTEx_Analysis_2017-06-05_v8_WholeGenomeSeq_866Indiv.fam.
67234533 variants in
/project2/mstephens/gtex/GTEx_Analysis_2017-06-05_v8_WholeGenomeSeq_866Indiv.bim;
64060212 excluded by --chr + --max-alleles + --snps-only, 3174321 remaining.
Note: No phenotype data present.
Note: Skipping --rm-dup since no duplicate IDs are present.
17559 variants remaining after main filters.
--export A pass 1/1: loading... 0%writing... 0%1%2%3%4%5%6%7%8%9%10%11%12%13%14%15%16%17%18%19%20%21%22%23%24%25%26%27%28%29%30%31%32%33%34%35%36%37%38%39%40%41%42%43%44%45%46%47%48%49%50%51%52%53%54%55%56%57%58%59%60%61%62%63%64%65%66%67%68%69%70%71%72%73%74%75%76%77%78%79%80%81%82%83%84%85%86%87%88%89%90%91%92%93%94%95%96%97%98%99% done.
--export A: /project2/mstephens/wdenault/susie_mix/temp_plink/plink_WIPF3.raw
written.
End time: Tue Sep  1 13:41:00 2026
84 SNP(s) removed because HWE P < 1e-08 :
 [1] "chr7_29384314_T_C_b38_T" "chr7_29500103_G_C_b38_G"
 [3] "chr7_29512597_T_C_b38_T" "chr7_29581742_T_A_b38_T"
 [5] "chr7_29581750_C_G_b38_C" "chr7_29582072_A_G_b38_A"
 [7] "chr7_29582090_G_C_b38_G" "chr7_29582091_A_T_b38_A"
 [9] "chr7_29582183_T_A_b38_T" "chr7_29632715_A_T_b38_A"
[11] "chr7_29632834_G_A_b38_G" "chr7_29632932_G_A_b38_G"
[13] "chr7_29632997_T_G_b38_T" "chr7_29633204_T_C_b38_T"
[15] "chr7_29633260_G_A_b38_G" "chr7_29669828_C_T_b38_C"
[17] "chr7_29684676_C_G_b38_C" "chr7_29684694_G_C_b38_G"
[19] "chr7_29787075_G_A_b38_G" "chr7_29787079_A_C_b38_A"
[21] "chr7_29888510_C_T_b38_C" "chr7_30115825_C_T_b38_C"
[23] "chr7_30206332_G_A_b38_G" "chr7_30207398_A_T_b38_A"
[25] "chr7_30208081_A_G_b38_A" "chr7_30210625_G_A_b38_G"
[27] "chr7_30211638_T_C_b38_T" "chr7_30211651_T_A_b38_T"
[29] "chr7_30212250_C_G_b38_C" "chr7_30212599_C_T_b38_C"
[31] "chr7_30212633_G_A_b38_G" "chr7_30216285_C_T_b38_C"
[33] "chr7_30216427_T_G_b38_T" "chr7_30216692_C_A_b38_C"
[35] "chr7_30216805_A_T_b38_A" "chr7_30216967_C_T_b38_C"
[37] "chr7_30217078_A_T_b38_A" "chr7_30218070_A_T_b38_A"
[39] "chr7_30219306_G_A_b38_G" "chr7_30223163_A_C_b38_A"
[41] "chr7_30223302_A_C_b38_A" "chr7_30226206_C_A_b38_C"
[43] "chr7_30226552_G_A_b38_G" "chr7_30228854_G_C_b38_G"
[45] "chr7_30229915_C_T_b38_C" "chr7_30230044_C_T_b38_C"
[47] "chr7_30230069_A_G_b38_A" "chr7_30230787_G_A_b38_G"
[49] "chr7_30231136_T_G_b38_T" "chr7_30231376_A_C_b38_A"
[51] "chr7_30231390_T_C_b38_T" "chr7_30231413_G_C_b38_G"
[53] "chr7_30232340_G_T_b38_G" "chr7_30232826_A_G_b38_A"
[55] "chr7_30234850_T_C_b38_T" "chr7_30235042_T_C_b38_T"
[57] "chr7_30235150_T_C_b38_T" "chr7_30235241_G_A_b38_G"
[59] "chr7_30235726_A_G_b38_A" "chr7_30235806_C_T_b38_C"
[61] "chr7_30236545_G_A_b38_G" "chr7_30241112_T_G_b38_T"
[63] "chr7_30241343_A_G_b38_A" "chr7_30242112_G_C_b38_G"
[65] "chr7_30242635_G_A_b38_G" "chr7_30249819_T_G_b38_T"
[67] "chr7_30251946_G_C_b38_G" "chr7_30252281_A_T_b38_A"
[69] "chr7_30252718_T_C_b38_T" "chr7_30252768_C_T_b38_C"
[71] "chr7_30252837_A_G_b38_A" "chr7_30260029_G_A_b38_G"
[73] "chr7_30262288_T_C_b38_T" "chr7_30262961_G_A_b38_G"
[75] "chr7_30263219_G_T_b38_G" "chr7_30264379_G_A_b38_G"
[77] "chr7_30265608_T_C_b38_T" "chr7_30265748_C_T_b38_C"
[79] "chr7_30280784_G_A_b38_G" "chr7_30282725_A_G_b38_A"
[81] "chr7_30286609_A_G_b38_A" "chr7_30292205_G_T_b38_G"
[83] "chr7_30297288_T_C_b38_T" "chr7_30305340_C_T_b38_C"

=====================================
Tissue: Adipose Tissue 
=====================================
[1] TRUE
Running SuSiE.

=====================================
Tissue: Adrenal Gland 
=====================================
[1] TRUE
Running SuSiE.

=====================================
Tissue: Blood 
=====================================
[1] TRUE
Running SuSiE.

=====================================
Tissue: Blood Vessel 
=====================================
[1] TRUE
Running SuSiE.

=====================================
Tissue: Brain 
=====================================
[1] TRUE
Running SuSiE.

=====================================
Tissue: Breast 
=====================================
[1] TRUE
Running SuSiE.

=====================================
Tissue: Colon 
=====================================
[1] TRUE
Running SuSiE.

=====================================
Tissue: Esophagus 
=====================================
[1] TRUE
Running SuSiE.

=====================================
Tissue: Heart 
=====================================
[1] TRUE
Running SuSiE.

=====================================
Tissue: Kidney 
=====================================
[1] TRUE
Running SuSiE.

=====================================
Tissue: Liver 
=====================================
[1] TRUE
Running SuSiE.

=====================================
Tissue: Lung 
=====================================
[1] TRUE
Running SuSiE.

=====================================
Tissue: Muscle 
=====================================
[1] TRUE
Running SuSiE.

=====================================
Tissue: Nerve 
=====================================
[1] TRUE
Running SuSiE.

=====================================
Tissue: Ovary 
=====================================
[1] TRUE
Running SuSiE.

=====================================
Tissue: Pancreas 
=====================================
[1] TRUE
Running SuSiE.

=====================================
Tissue: Pituitary 
=====================================
[1] TRUE
Running SuSiE.

=====================================
Tissue: Prostate 
=====================================
[1] TRUE
Running SuSiE.

=====================================
Tissue: Salivary Gland 
=====================================
[1] TRUE
Running SuSiE.

=====================================
Tissue: Skin 
=====================================
[1] TRUE
Running SuSiE.

=====================================
Tissue: Small Intestine 
=====================================
[1] TRUE
Running SuSiE.

=====================================
Tissue: Spleen 
=====================================
[1] TRUE
Running SuSiE.

=====================================
Tissue: Stomach 
=====================================
[1] TRUE
Running SuSiE.

=====================================
Tissue: Testis 
=====================================
[1] TRUE
Running SuSiE.

=====================================
Tissue: Thyroid 
=====================================
[1] TRUE
Running SuSiE.

=====================================
Tissue: Uterus 
=====================================
[1] TRUE
Running SuSiE.

=====================================
Tissue: Vagina 
=====================================
[1] TRUE
Running SuSiE.
[2026-09-01 13:43:05] starting WIPI1
Importing covariate data.
Importing gene expression data.
Found 27 tissues for gene WIPI1 :
 [1] "Adipose Tissue"  "Adrenal Gland"   "Blood"           "Blood Vessel"   
 [5] "Brain"           "Breast"          "Colon"           "Esophagus"      
 [9] "Heart"           "Kidney"          "Liver"           "Lung"           
[13] "Muscle"          "Nerve"           "Ovary"           "Pancreas"       
[17] "Pituitary"       "Prostate"        "Salivary Gland"  "Skin"           
[21] "Small Intestine" "Spleen"          "Stomach"         "Testis"         
[25] "Thyroid"         "Uterus"          "Vagina"         
Extracting genotype data from PLINK file.
PLINK v2.0.0-a.7LM 64-bit Intel (11 Mar 2026)       cog-genomics.org/plink/2.0/
(C) 2005-2026 Shaun Purcell, Christopher Chang    GNU General Public License v3
Logging to /project2/mstephens/wdenault/susie_mix/temp_plink/plink_WIPI1.log.
Options in effect:
  --bfile /project2/mstephens/gtex/GTEx_Analysis_2017-06-05_v8_WholeGenomeSeq_866Indiv
  --chr 17
  --export A
  --from-bp 67957513
  --maf 0
  --max-alleles 2
  --memory 8000
  --out /project2/mstephens/wdenault/susie_mix/temp_plink/plink_WIPI1
  --rm-dup exclude-all
  --snps-only
  --threads 2
  --to-bp 68957513

Start time: Tue Sep  1 13:44:11 2026
63727 MiB RAM detected, ~23171 available; reserving 8000 MiB for main
workspace.
Using up to 2 compute threads.
866 samples (0 females, 0 males, 866 ambiguous; 866 founders) loaded from
/project2/mstephens/gtex/GTEx_Analysis_2017-06-05_v8_WholeGenomeSeq_866Indiv.fam.
67234533 variants in
/project2/mstephens/gtex/GTEx_Analysis_2017-06-05_v8_WholeGenomeSeq_866Indiv.bim;
65601655 excluded by --chr + --max-alleles + --snps-only, 1632878 remaining.
Note: No phenotype data present.
Note: Skipping --rm-dup since no duplicate IDs are present.
19506 variants remaining after main filters.
--export A pass 1/1: loading... 0%85% writing... 0%1%2%3%4%5%6%7%8%9%10%11%12%13%14%15%16%17%18%19%20%21%22%23%24%25%26%27%28%29%30%31%32%33%34%35%36%37%38%39%40%41%42%43%44%45%46%47%48%49%50%51%52%53%54%55%56%57%58%59%60%61%62%63%64%65%66%67%68%69%70%71%72%73%74%75%76%77%78%79%80%81%82%83%84%85%86%87%88%89%90%91%92%93%94%95%96%97%98%99% done.
--export A: /project2/mstephens/wdenault/susie_mix/temp_plink/plink_WIPI1.raw
written.
End time: Tue Sep  1 13:44:17 2026
47 SNP(s) removed because HWE P < 1e-08 :
 [1] "chr17_67959535_T_C_b38_T" "chr17_67961235_A_G_b38_A"
 [3] "chr17_67961898_C_T_b38_C" "chr17_67962035_C_T_b38_C"
 [5] "chr17_67962325_T_A_b38_T" "chr17_67967487_A_G_b38_A"
 [7] "chr17_67967559_C_T_b38_C" "chr17_67967674_C_T_b38_C"
 [9] "chr17_67968329_T_C_b38_T" "chr17_67968616_G_A_b38_G"
[11] "chr17_67968645_G_A_b38_G" "chr17_67968753_G_A_b38_G"
[13] "chr17_67969488_G_A_b38_G" "chr17_67972868_T_C_b38_T"
[15] "chr17_67991484_A_G_b38_A" "chr17_67991485_C_A_b38_C"
[17] "chr17_67991503_C_A_b38_C" "chr17_67991558_C_G_b38_C"
[19] "chr17_67997875_C_T_b38_C" "chr17_67999312_G_A_b38_G"
[21] "chr17_68003355_G_C_b38_G" "chr17_68023146_A_C_b38_A"
[23] "chr17_68029775_G_A_b38_G" "chr17_68034118_C_A_b38_C"
[25] "chr17_68041289_T_C_b38_T" "chr17_68042747_C_T_b38_C"
[27] "chr17_68064764_T_C_b38_T" "chr17_68163293_T_C_b38_T"
[29] "chr17_68164517_C_T_b38_C" "chr17_68167090_C_T_b38_C"
[31] "chr17_68168530_A_G_b38_A" "chr17_68168532_A_G_b38_A"
[33] "chr17_68168778_G_C_b38_G" "chr17_68312060_A_G_b38_A"
[35] "chr17_68313218_G_A_b38_G" "chr17_68386068_T_C_b38_T"
[37] "chr17_68397411_C_G_b38_C" "chr17_68397548_A_G_b38_A"
[39] "chr17_68397603_T_C_b38_T" "chr17_68397635_T_C_b38_T"
[41] "chr17_68398218_A_G_b38_A" "chr17_68399365_G_A_b38_G"
[43] "chr17_68399541_A_G_b38_A" "chr17_68400273_C_G_b38_C"
[45] "chr17_68400988_G_T_b38_G" "chr17_68910738_T_G_b38_T"
[47] "chr17_68912290_G_A_b38_G"

=====================================
Tissue: Adipose Tissue 
=====================================
[1] TRUE
Running SuSiE.

=====================================
Tissue: Adrenal Gland 
=====================================
[1] TRUE
Running SuSiE.

=====================================
Tissue: Blood 
=====================================
[1] TRUE
Running SuSiE.

=====================================
Tissue: Blood Vessel 
=====================================
[1] TRUE
Running SuSiE.

=====================================
Tissue: Brain 
=====================================
[1] TRUE
Running SuSiE.

=====================================
Tissue: Breast 
=====================================
[1] TRUE
Running SuSiE.

=====================================
Tissue: Colon 
=====================================
[1] TRUE
Running SuSiE.

=====================================
Tissue: Esophagus 
=====================================
[1] TRUE
Running SuSiE.

=====================================
Tissue: Heart 
=====================================
[1] TRUE
Running SuSiE.

=====================================
Tissue: Kidney 
=====================================
[1] TRUE
Running SuSiE.

=====================================
Tissue: Liver 
=====================================
[1] TRUE
Running SuSiE.

=====================================
Tissue: Lung 
=====================================
[1] TRUE
Running SuSiE.

=====================================
Tissue: Muscle 
=====================================
[1] TRUE
Running SuSiE.

=====================================
Tissue: Nerve 
=====================================
[1] TRUE
Running SuSiE.

=====================================
Tissue: Ovary 
=====================================
[1] TRUE
Running SuSiE.

=====================================
Tissue: Pancreas 
=====================================
[1] TRUE
Running SuSiE.

=====================================
Tissue: Pituitary 
=====================================
[1] TRUE
Running SuSiE.

=====================================
Tissue: Prostate 
=====================================
[1] TRUE
Running SuSiE.

=====================================
Tissue: Salivary Gland 
=====================================
[1] TRUE
Running SuSiE.

=====================================
Tissue: Skin 
=====================================
[1] TRUE
Running SuSiE.

=====================================
Tissue: Small Intestine 
=====================================
[1] TRUE
Running SuSiE.

=====================================
Tissue: Spleen 
=====================================
[1] TRUE
Running SuSiE.

=====================================
Tissue: Stomach 
=====================================
[1] TRUE
Running SuSiE.

=====================================
Tissue: Testis 
=====================================
[1] TRUE
Running SuSiE.

=====================================
Tissue: Thyroid 
=====================================
[1] TRUE
Running SuSiE.

=====================================
Tissue: Uterus 
=====================================
[1] TRUE
Running SuSiE.

=====================================
Tissue: Vagina 
=====================================
[1] TRUE
Running SuSiE.
[2026-09-01 13:46:16] starting WIPI2
Importing covariate data.
Importing gene expression data.
Found 27 tissues for gene WIPI2 :
 [1] "Adipose Tissue"  "Adrenal Gland"   "Blood"           "Blood Vessel"   
 [5] "Brain"           "Breast"          "Colon"           "Esophagus"      
 [9] "Heart"           "Kidney"          "Liver"           "Lung"           
[13] "Muscle"          "Nerve"           "Ovary"           "Pancreas"       
[17] "Pituitary"       "Prostate"        "Salivary Gland"  "Skin"           
[21] "Small Intestine" "Spleen"          "Stomach"         "Testis"         
[25] "Thyroid"         "Uterus"          "Vagina"         
Extracting genotype data from PLINK file.
PLINK v2.0.0-a.7LM 64-bit Intel (11 Mar 2026)       cog-genomics.org/plink/2.0/
(C) 2005-2026 Shaun Purcell, Christopher Chang    GNU General Public License v3
Logging to /project2/mstephens/wdenault/susie_mix/temp_plink/plink_WIPI2.log.
Options in effect:
  --bfile /project2/mstephens/gtex/GTEx_Analysis_2017-06-05_v8_WholeGenomeSeq_866Indiv
  --chr 7
  --export A
  --from-bp 4690196
  --maf 0
  --max-alleles 2
  --memory 8000
  --out /project2/mstephens/wdenault/susie_mix/temp_plink/plink_WIPI2
  --rm-dup exclude-all
  --snps-only
  --threads 2
  --to-bp 5690196

Start time: Tue Sep  1 13:47:13 2026
63727 MiB RAM detected, ~26930 available; reserving 8000 MiB for main
workspace.
Using up to 2 compute threads.
866 samples (0 females, 0 males, 866 ambiguous; 866 founders) loaded from
/project2/mstephens/gtex/GTEx_Analysis_2017-06-05_v8_WholeGenomeSeq_866Indiv.fam.
67234533 variants in
/project2/mstephens/gtex/GTEx_Analysis_2017-06-05_v8_WholeGenomeSeq_866Indiv.bim;
64060212 excluded by --chr + --max-alleles + --snps-only, 3174321 remaining.
Note: No phenotype data present.
Note: Skipping --rm-dup since no duplicate IDs are present.
28024 variants remaining after main filters.
--export A pass 1/1: loading... 0%64% writing... 0%1%2%3%4%5%6%7%8%9%10%11%12%13%14%15%16%17%18%19%20%21%22%23%24%25%26%27%28%29%30%31%32%33%34%35%36%37%38%39%40%41%42%43%44%45%46%47%48%49%50%51%52%53%54%55%56%57%58%59%60%61%62%63%64%65%66%67%68%69%70%71%72%73%74%75%76%77%78%79%80%81%82%83%84%85%86%87%88%89%90%91%92%93%94%95%96%97%98%99% done.
--export A: /project2/mstephens/wdenault/susie_mix/temp_plink/plink_WIPI2.raw
written.
End time: Tue Sep  1 13:47:19 2026
46 SNP(s) removed because HWE P < 1e-08 :
 [1] "chr7_4692068_G_A_b38_G" "chr7_4692752_T_C_b38_T" "chr7_4700990_A_G_b38_A"
 [4] "chr7_4703091_T_C_b38_T" "chr7_4703743_C_A_b38_C" "chr7_4706473_T_C_b38_T"
 [7] "chr7_4706981_G_C_b38_G" "chr7_4708659_A_G_b38_A" "chr7_4725257_G_A_b38_G"
[10] "chr7_4750258_T_C_b38_T" "chr7_4754989_C_G_b38_C" "chr7_4756523_T_C_b38_T"
[13] "chr7_4765745_C_T_b38_C" "chr7_4766592_A_G_b38_A" "chr7_4769322_C_G_b38_C"
[16] "chr7_4769372_A_G_b38_A" "chr7_4769592_A_C_b38_A" "chr7_4769806_T_G_b38_T"
[19] "chr7_4770029_G_T_b38_G" "chr7_4771170_A_G_b38_A" "chr7_4772138_A_G_b38_A"
[22] "chr7_4772628_A_G_b38_A" "chr7_4775231_A_G_b38_A" "chr7_4775897_T_G_b38_T"
[25] "chr7_4775972_T_C_b38_T" "chr7_4785256_A_G_b38_A" "chr7_4788532_T_C_b38_T"
[28] "chr7_4794008_A_C_b38_A" "chr7_4795755_T_G_b38_T" "chr7_4823046_G_A_b38_G"
[31] "chr7_4833574_A_T_b38_A" "chr7_4871705_C_T_b38_C" "chr7_4877248_T_G_b38_T"
[34] "chr7_4878971_G_A_b38_G" "chr7_4879266_T_C_b38_T" "chr7_5121399_G_A_b38_G"
[37] "chr7_5156846_C_A_b38_C" "chr7_5295151_A_G_b38_A" "chr7_5345539_G_C_b38_G"
[40] "chr7_5377790_A_G_b38_A" "chr7_5379625_A_C_b38_A" "chr7_5381773_C_G_b38_C"
[43] "chr7_5382914_T_G_b38_T" "chr7_5402446_A_G_b38_A" "chr7_5420353_T_C_b38_T"
[46] "chr7_5420821_G_C_b38_G"

=====================================
Tissue: Adipose Tissue 
=====================================
[1] TRUE
Running SuSiE.

=====================================
Tissue: Adrenal Gland 
=====================================
[1] TRUE
Running SuSiE.

=====================================
Tissue: Blood 
=====================================
[1] TRUE
Running SuSiE.

=====================================
Tissue: Blood Vessel 
=====================================
[1] TRUE
Running SuSiE.

=====================================
Tissue: Brain 
=====================================
[1] TRUE
Running SuSiE.

=====================================
Tissue: Breast 
=====================================
[1] TRUE
Running SuSiE.

=====================================
Tissue: Colon 
=====================================
[1] TRUE
Running SuSiE.

=====================================
Tissue: Esophagus 
=====================================
[1] TRUE
Running SuSiE.

=====================================
Tissue: Heart 
=====================================
[1] TRUE
Running SuSiE.

=====================================
Tissue: Kidney 
=====================================
[1] TRUE
Running SuSiE.

=====================================
Tissue: Liver 
=====================================
[1] TRUE
Running SuSiE.

=====================================
Tissue: Lung 
=====================================
[1] TRUE
Running SuSiE.

=====================================
Tissue: Muscle 
=====================================
[1] TRUE
Running SuSiE.

=====================================
Tissue: Nerve 
=====================================
[1] TRUE
Running SuSiE.

=====================================
Tissue: Ovary 
=====================================
[1] TRUE
Running SuSiE.

=====================================
Tissue: Pancreas 
=====================================
[1] TRUE
Running SuSiE.

=====================================
Tissue: Pituitary 
=====================================
[1] TRUE
Running SuSiE.

=====================================
Tissue: Prostate 
=====================================
[1] TRUE
Running SuSiE.

=====================================
Tissue: Salivary Gland 
=====================================
[1] TRUE
Running SuSiE.

=====================================
Tissue: Skin 
=====================================
[1] TRUE
Running SuSiE.

=====================================
Tissue: Small Intestine 
=====================================
[1] TRUE
Running SuSiE.

=====================================
Tissue: Spleen 
=====================================
[1] TRUE
Running SuSiE.

=====================================
Tissue: Stomach 
=====================================
[1] TRUE
Running SuSiE.

=====================================
Tissue: Testis 
=====================================
[1] TRUE
Running SuSiE.

=====================================
Tissue: Thyroid 
=====================================
[1] TRUE
Running SuSiE.

=====================================
Tissue: Uterus 
=====================================
[1] TRUE
Running SuSiE.

=====================================
Tissue: Vagina 
=====================================
[1] TRUE
Running SuSiE.
[2026-09-01 13:49:58] starting WIZ
Importing covariate data.
Importing gene expression data.
Found 27 tissues for gene WIZ :
 [1] "Adipose Tissue"  "Adrenal Gland"   "Blood"           "Blood Vessel"   
 [5] "Brain"           "Breast"          "Colon"           "Esophagus"      
 [9] "Heart"           "Kidney"          "Liver"           "Lung"           
[13] "Muscle"          "Nerve"           "Ovary"           "Pancreas"       
[17] "Pituitary"       "Prostate"        "Salivary Gland"  "Skin"           
[21] "Small Intestine" "Spleen"          "Stomach"         "Testis"         
[25] "Thyroid"         "Uterus"          "Vagina"         
Extracting genotype data from PLINK file.
PLINK v2.0.0-a.7LM 64-bit Intel (11 Mar 2026)       cog-genomics.org/plink/2.0/
(C) 2005-2026 Shaun Purcell, Christopher Chang    GNU General Public License v3
Logging to /project2/mstephens/wdenault/susie_mix/temp_plink/plink_WIZ.log.
Options in effect:
  --bfile /project2/mstephens/gtex/GTEx_Analysis_2017-06-05_v8_WholeGenomeSeq_866Indiv
  --chr 19
  --export A
  --from-bp 14949956
  --maf 0
  --max-alleles 2
  --memory 8000
  --out /project2/mstephens/wdenault/susie_mix/temp_plink/plink_WIZ
  --rm-dup exclude-all
  --snps-only
  --threads 2
  --to-bp 15949956

Start time: Tue Sep  1 13:51:02 2026
63727 MiB RAM detected, ~26939 available; reserving 8000 MiB for main
workspace.
Using up to 2 compute threads.
866 samples (0 females, 0 males, 866 ambiguous; 866 founders) loaded from
/project2/mstephens/gtex/GTEx_Analysis_2017-06-05_v8_WholeGenomeSeq_866Indiv.fam.
67234533 variants in
/project2/mstephens/gtex/GTEx_Analysis_2017-06-05_v8_WholeGenomeSeq_866Indiv.bim;
65987829 excluded by --chr + --max-alleles + --snps-only, 1246704 remaining.
Note: No phenotype data present.
Note: Skipping --rm-dup since no duplicate IDs are present.
21971 variants remaining after main filters.
--export A pass 1/1: loading... 0%writing... 0%1%2%3%4%5%6%7%8%9%10%11%12%13%14%15%16%17%18%19%20%21%22%23%24%25%26%27%28%29%30%31%32%33%34%35%36%37%38%39%40%41%42%43%44%45%46%47%48%49%50%51%52%53%54%55%56%57%58%59%60%61%62%63%64%65%66%67%68%69%70%71%72%73%74%75%76%77%78%79%80%81%82%83%84%85%86%87%88%89%90%91%92%93%94%95%96%97%98%99% done.
--export A: /project2/mstephens/wdenault/susie_mix/temp_plink/plink_WIZ.raw
written.
End time: Tue Sep  1 13:51:08 2026
16 SNP(s) removed because HWE P < 1e-08 :
 [1] "chr19_15197454_G_C_b38_G" "chr19_15206262_G_A_b38_G"
 [3] "chr19_15211743_T_C_b38_T" "chr19_15213437_T_C_b38_T"
 [5] "chr19_15362861_C_A_b38_C" "chr19_15458781_C_G_b38_C"
 [7] "chr19_15777552_C_T_b38_C" "chr19_15777589_C_T_b38_C"
 [9] "chr19_15777590_C_G_b38_C" "chr19_15777727_C_A_b38_C"
[11] "chr19_15777733_A_G_b38_A" "chr19_15904534_A_G_b38_A"
[13] "chr19_15904541_A_G_b38_A" "chr19_15904559_C_T_b38_C"
[15] "chr19_15904562_A_G_b38_A" "chr19_15907677_G_A_b38_G"

=====================================
Tissue: Adipose Tissue 
=====================================
[1] TRUE
Running SuSiE.

=====================================
Tissue: Adrenal Gland 
=====================================
[1] TRUE
Running SuSiE.

=====================================
Tissue: Blood 
=====================================
[1] TRUE
Running SuSiE.

=====================================
Tissue: Blood Vessel 
=====================================
[1] TRUE
Running SuSiE.

=====================================
Tissue: Brain 
=====================================
[1] TRUE
Running SuSiE.

=====================================
Tissue: Breast 
=====================================
[1] TRUE
Running SuSiE.

=====================================
Tissue: Colon 
=====================================
[1] TRUE
Running SuSiE.

=====================================
Tissue: Esophagus 
=====================================
[1] TRUE
Running SuSiE.

=====================================
Tissue: Heart 
=====================================
[1] TRUE
Running SuSiE.

=====================================
Tissue: Kidney 
=====================================
[1] TRUE
Running SuSiE.

=====================================
Tissue: Liver 
=====================================
[1] TRUE
Running SuSiE.

=====================================
Tissue: Lung 
=====================================
[1] TRUE
Running SuSiE.

=====================================
Tissue: Muscle 
=====================================
[1] TRUE
Running SuSiE.

=====================================
Tissue: Nerve 
=====================================
[1] TRUE
Running SuSiE.

=====================================
Tissue: Ovary 
=====================================
[1] TRUE
Running SuSiE.

=====================================
Tissue: Pancreas 
=====================================
[1] TRUE
Running SuSiE.

=====================================
Tissue: Pituitary 
=====================================
[1] TRUE
Running SuSiE.

=====================================
Tissue: Prostate 
=====================================
[1] TRUE
Running SuSiE.

=====================================
Tissue: Salivary Gland 
=====================================
[1] TRUE
Running SuSiE.

=====================================
Tissue: Skin 
=====================================
[1] TRUE
Running SuSiE.

=====================================
Tissue: Small Intestine 
=====================================
[1] TRUE
Running SuSiE.

=====================================
Tissue: Spleen 
=====================================
[1] TRUE
Running SuSiE.

=====================================
Tissue: Stomach 
=====================================
[1] TRUE
Running SuSiE.

=====================================
Tissue: Testis 
=====================================
[1] TRUE
Running SuSiE.

=====================================
Tissue: Thyroid 
=====================================
[1] TRUE
Running SuSiE.

=====================================
Tissue: Uterus 
=====================================
[1] TRUE
Running SuSiE.

=====================================
Tissue: Vagina 
=====================================
[1] TRUE
Running SuSiE.
[2026-09-01 13:54:12] starting WLS
Importing covariate data.
Importing gene expression data.
Found 27 tissues for gene WLS :
 [1] "Adipose Tissue"  "Adrenal Gland"   "Blood"           "Blood Vessel"   
 [5] "Brain"           "Breast"          "Colon"           "Esophagus"      
 [9] "Heart"           "Kidney"          "Liver"           "Lung"           
[13] "Muscle"          "Nerve"           "Ovary"           "Pancreas"       
[17] "Pituitary"       "Prostate"        "Salivary Gland"  "Skin"           
[21] "Small Intestine" "Spleen"          "Stomach"         "Testis"         
[25] "Thyroid"         "Uterus"          "Vagina"         
Extracting genotype data from PLINK file.
PLINK v2.0.0-a.7LM 64-bit Intel (11 Mar 2026)       cog-genomics.org/plink/2.0/
(C) 2005-2026 Shaun Purcell, Christopher Chang    GNU General Public License v3
Logging to /project2/mstephens/wdenault/susie_mix/temp_plink/plink_WLS.log.
Options in effect:
  --bfile /project2/mstephens/gtex/GTEx_Analysis_2017-06-05_v8_WholeGenomeSeq_866Indiv
  --chr 1
  --export A
  --from-bp 67733120
  --maf 0
  --max-alleles 2
  --memory 8000
  --out /project2/mstephens/wdenault/susie_mix/temp_plink/plink_WLS
  --rm-dup exclude-all
  --snps-only
  --threads 2
  --to-bp 68733120

Start time: Tue Sep  1 13:55:17 2026
63727 MiB RAM detected, ~23195 available; reserving 8000 MiB for main
workspace.
Using up to 2 compute threads.
866 samples (0 females, 0 males, 866 ambiguous; 866 founders) loaded from
/project2/mstephens/gtex/GTEx_Analysis_2017-06-05_v8_WholeGenomeSeq_866Indiv.fam.
67234533 variants in
/project2/mstephens/gtex/GTEx_Analysis_2017-06-05_v8_WholeGenomeSeq_866Indiv.bim;
62424502 excluded by --chr + --max-alleles + --snps-only, 4810031 remaining.
Note: No phenotype data present.
Note: Skipping --rm-dup since no duplicate IDs are present.
17064 variants remaining after main filters.
--export A pass 1/1: loading... 0%writing... 0%1%2%3%4%5%6%7%8%9%10%11%12%13%14%15%16%17%18%19%20%21%22%23%24%25%26%27%28%29%30%31%32%33%34%35%36%37%38%39%40%41%42%43%44%45%46%47%48%49%50%51%52%53%54%55%56%57%58%59%60%61%62%63%64%65%66%67%68%69%70%71%72%73%74%75%76%77%78%79%80%81%82%83%84%85%86%87%88%89%90%91%92%93%94%95%96%97%98%99% done.
--export A: /project2/mstephens/wdenault/susie_mix/temp_plink/plink_WLS.raw
written.
End time: Tue Sep  1 13:55:23 2026
62 SNP(s) removed because HWE P < 1e-08 :
 [1] "chr1_67921021_G_A_b38_G" "chr1_67962366_T_C_b38_T"
 [3] "chr1_67964046_T_C_b38_T" "chr1_67965156_C_T_b38_C"
 [5] "chr1_67965458_T_C_b38_T" "chr1_67965655_T_C_b38_T"
 [7] "chr1_67966542_G_T_b38_G" "chr1_67966988_T_G_b38_T"
 [9] "chr1_67967085_C_T_b38_C" "chr1_67967290_A_G_b38_A"
[11] "chr1_67967604_C_T_b38_C" "chr1_67974627_C_A_b38_C"
[13] "chr1_67975810_T_G_b38_T" "chr1_67976266_A_G_b38_A"
[15] "chr1_67980590_C_T_b38_C" "chr1_67982978_A_G_b38_A"
[17] "chr1_67983282_T_C_b38_T" "chr1_67983315_A_G_b38_A"
[19] "chr1_68007160_A_T_b38_A" "chr1_68007166_T_C_b38_T"
[21] "chr1_68022967_C_T_b38_C" "chr1_68026312_G_A_b38_G"
[23] "chr1_68026838_G_A_b38_G" "chr1_68029169_G_A_b38_G"
[25] "chr1_68030883_G_C_b38_G" "chr1_68033331_A_G_b38_A"
[27] "chr1_68033811_A_G_b38_A" "chr1_68041711_G_A_b38_G"
[29] "chr1_68041855_A_G_b38_A" "chr1_68043312_G_A_b38_G"
[31] "chr1_68049031_T_C_b38_T" "chr1_68050500_A_G_b38_A"
[33] "chr1_68050752_T_C_b38_T" "chr1_68051548_A_C_b38_A"
[35] "chr1_68052906_T_G_b38_T" "chr1_68054295_T_C_b38_T"
[37] "chr1_68054537_G_C_b38_G" "chr1_68057670_A_G_b38_A"
[39] "chr1_68058046_T_A_b38_T" "chr1_68058566_T_C_b38_T"
[41] "chr1_68058939_C_T_b38_C" "chr1_68064723_C_A_b38_C"
[43] "chr1_68065653_A_G_b38_A" "chr1_68067092_T_C_b38_T"
[45] "chr1_68070885_A_C_b38_A" "chr1_68072732_T_C_b38_T"
[47] "chr1_68086437_A_G_b38_A" "chr1_68086440_A_T_b38_A"
[49] "chr1_68086443_C_T_b38_C" "chr1_68101939_C_G_b38_C"
[51] "chr1_68102399_G_C_b38_G" "chr1_68120719_C_T_b38_C"
[53] "chr1_68388678_C_T_b38_C" "chr1_68389249_C_T_b38_C"
[55] "chr1_68633334_T_C_b38_T" "chr1_68645335_A_T_b38_A"
[57] "chr1_68650000_G_A_b38_G" "chr1_68655451_T_C_b38_T"
[59] "chr1_68667090_T_A_b38_T" "chr1_68667097_T_C_b38_T"
[61] "chr1_68667184_C_T_b38_C" "chr1_68669069_T_A_b38_T"

=====================================
Tissue: Adipose Tissue 
=====================================
[1] TRUE
Running SuSiE.

=====================================
Tissue: Adrenal Gland 
=====================================
[1] TRUE
Running SuSiE.

=====================================
Tissue: Blood 
=====================================
[1] TRUE
Running SuSiE.

=====================================
Tissue: Blood Vessel 
=====================================
[1] TRUE
Running SuSiE.

=====================================
Tissue: Brain 
=====================================
[1] TRUE
Running SuSiE.

=====================================
Tissue: Breast 
=====================================
[1] TRUE
Running SuSiE.

=====================================
Tissue: Colon 
=====================================
[1] TRUE
Running SuSiE.

=====================================
Tissue: Esophagus 
=====================================
[1] TRUE
Running SuSiE.

=====================================
Tissue: Heart 
=====================================
[1] TRUE
Running SuSiE.

=====================================
Tissue: Kidney 
=====================================
[1] TRUE
Running SuSiE.

=====================================
Tissue: Liver 
=====================================
[1] TRUE
Running SuSiE.

=====================================
Tissue: Lung 
=====================================
[1] TRUE
Running SuSiE.

=====================================
Tissue: Muscle 
=====================================
[1] TRUE
Running SuSiE.

=====================================
Tissue: Nerve 
=====================================
[1] TRUE
Running SuSiE.

=====================================
Tissue: Ovary 
=====================================
[1] TRUE
Running SuSiE.

=====================================
Tissue: Pancreas 
=====================================
[1] TRUE
Running SuSiE.

=====================================
Tissue: Pituitary 
=====================================
[1] TRUE
Running SuSiE.

=====================================
Tissue: Prostate 
=====================================
[1] TRUE
Running SuSiE.

=====================================
Tissue: Salivary Gland 
=====================================
[1] TRUE
Running SuSiE.

=====================================
Tissue: Skin 
=====================================
[1] TRUE
Running SuSiE.

=====================================
Tissue: Small Intestine 
=====================================
[1] TRUE
Running SuSiE.

=====================================
Tissue: Spleen 
=====================================
[1] TRUE
Running SuSiE.

=====================================
Tissue: Stomach 
=====================================
[1] TRUE
Running SuSiE.

=====================================
Tissue: Testis 
=====================================
[1] TRUE
Running SuSiE.

=====================================
Tissue: Thyroid 
=====================================
[1] TRUE
Running SuSiE.

=====================================
Tissue: Uterus 
=====================================
[1] TRUE
Running SuSiE.

=====================================
Tissue: Vagina 
=====================================
[1] TRUE
Running SuSiE.
[2026-09-01 13:57:12] starting WNK1
Importing covariate data.
Importing gene expression data.
Found 27 tissues for gene WNK1 :
 [1] "Adipose Tissue"  "Adrenal Gland"   "Blood"           "Blood Vessel"   
 [5] "Brain"           "Breast"          "Colon"           "Esophagus"      
 [9] "Heart"           "Kidney"          "Liver"           "Lung"           
[13] "Muscle"          "Nerve"           "Ovary"           "Pancreas"       
[17] "Pituitary"       "Prostate"        "Salivary Gland"  "Skin"           
[21] "Small Intestine" "Spleen"          "Stomach"         "Testis"         
[25] "Thyroid"         "Uterus"          "Vagina"         
Extracting genotype data from PLINK file.
PLINK v2.0.0-a.7LM 64-bit Intel (11 Mar 2026)       cog-genomics.org/plink/2.0/
(C) 2005-2026 Shaun Purcell, Christopher Chang    GNU General Public License v3
Logging to /project2/mstephens/wdenault/susie_mix/temp_plink/plink_WNK1.log.
Options in effect:
  --bfile /project2/mstephens/gtex/GTEx_Analysis_2017-06-05_v8_WholeGenomeSeq_866Indiv
  --chr 12
  --export A
  --from-bp 252579
  --maf 0
  --max-alleles 2
  --memory 8000
  --out /project2/mstephens/wdenault/susie_mix/temp_plink/plink_WNK1
  --rm-dup exclude-all
  --snps-only
  --threads 2
  --to-bp 1252579

Start time: Tue Sep  1 13:58:09 2026
63727 MiB RAM detected, ~26939 available; reserving 8000 MiB for main
workspace.
Using up to 2 compute threads.
866 samples (0 females, 0 males, 866 ambiguous; 866 founders) loaded from
/project2/mstephens/gtex/GTEx_Analysis_2017-06-05_v8_WholeGenomeSeq_866Indiv.fam.
67234533 variants in
/project2/mstephens/gtex/GTEx_Analysis_2017-06-05_v8_WholeGenomeSeq_866Indiv.bim;
64641234 excluded by --chr + --max-alleles + --snps-only, 2593299 remaining.
Note: No phenotype data present.
Note: Skipping --rm-dup since no duplicate IDs are present.
20360 variants remaining after main filters.
--export A pass 1/1: loading... 0%writing... 0%1%2%3%4%5%6%7%8%9%10%11%12%13%14%15%16%17%18%19%20%21%22%23%24%25%26%27%28%29%30%31%32%33%34%35%36%37%38%39%40%41%42%43%44%45%46%47%48%49%50%51%52%53%54%55%56%57%58%59%60%61%62%63%64%65%66%67%68%69%70%71%72%73%74%75%76%77%78%79%80%81%82%83%84%85%86%87%88%89%90%91%92%93%94%95%96%97%98%99% done.
--export A: /project2/mstephens/wdenault/susie_mix/temp_plink/plink_WNK1.raw
written.
End time: Tue Sep  1 13:58:15 2026
13 SNP(s) removed because HWE P < 1e-08 :
 [1] "chr12_271933_C_T_b38_C"  "chr12_274405_T_C_b38_T" 
 [3] "chr12_274671_C_G_b38_C"  "chr12_314661_C_T_b38_C" 
 [5] "chr12_323379_C_T_b38_C"  "chr12_382288_A_G_b38_A" 
 [7] "chr12_388792_T_G_b38_T"  "chr12_460782_C_T_b38_C" 
 [9] "chr12_461077_A_G_b38_A"  "chr12_502890_A_T_b38_A" 
[11] "chr12_970841_T_C_b38_T"  "chr12_1129579_A_G_b38_A"
[13] "chr12_1148415_T_A_b38_T"

=====================================
Tissue: Adipose Tissue 
=====================================
[1] TRUE
Running SuSiE.

=====================================
Tissue: Adrenal Gland 
=====================================
[1] TRUE
Running SuSiE.

=====================================
Tissue: Blood 
=====================================
[1] TRUE
Running SuSiE.

=====================================
Tissue: Blood Vessel 
=====================================
[1] TRUE
Running SuSiE.

=====================================
Tissue: Brain 
=====================================
[1] TRUE
Running SuSiE.

=====================================
Tissue: Breast 
=====================================
[1] TRUE
Running SuSiE.

=====================================
Tissue: Colon 
=====================================
[1] TRUE
Running SuSiE.

=====================================
Tissue: Esophagus 
=====================================
[1] TRUE
Running SuSiE.

=====================================
Tissue: Heart 
=====================================
[1] TRUE
Running SuSiE.

=====================================
Tissue: Kidney 
=====================================
[1] TRUE
Running SuSiE.

=====================================
Tissue: Liver 
=====================================
[1] TRUE
Running SuSiE.

=====================================
Tissue: Lung 
=====================================
[1] TRUE
Running SuSiE.

=====================================
Tissue: Muscle 
=====================================
[1] TRUE
Running SuSiE.

=====================================
Tissue: Nerve 
=====================================
[1] TRUE
Running SuSiE.

=====================================
Tissue: Ovary 
=====================================
[1] TRUE
Running SuSiE.

=====================================
Tissue: Pancreas 
=====================================
[1] TRUE
Running SuSiE.

=====================================
Tissue: Pituitary 
=====================================
[1] TRUE
Running SuSiE.

=====================================
Tissue: Prostate 
=====================================
[1] TRUE
Running SuSiE.

=====================================
Tissue: Salivary Gland 
=====================================
[1] TRUE
Running SuSiE.

=====================================
Tissue: Skin 
=====================================
[1] TRUE
Running SuSiE.

=====================================
Tissue: Small Intestine 
=====================================
[1] TRUE
Running SuSiE.

=====================================
Tissue: Spleen 
=====================================
[1] TRUE
Running SuSiE.

=====================================
Tissue: Stomach 
=====================================
[1] TRUE
Running SuSiE.

=====================================
Tissue: Testis 
=====================================
[1] TRUE
Running SuSiE.

=====================================
Tissue: Thyroid 
=====================================
[1] TRUE
Running SuSiE.

=====================================
Tissue: Uterus 
=====================================
[1] TRUE
Running SuSiE.

=====================================
Tissue: Vagina 
=====================================
[1] TRUE
Running SuSiE.
[2026-09-01 14:00:09] starting WNK2
Importing covariate data.
Importing gene expression data.
Found 27 tissues for gene WNK2 :
 [1] "Adipose Tissue"  "Adrenal Gland"   "Blood"           "Blood Vessel"   
 [5] "Brain"           "Breast"          "Colon"           "Esophagus"      
 [9] "Heart"           "Kidney"          "Liver"           "Lung"           
[13] "Muscle"          "Nerve"           "Ovary"           "Pancreas"       
[17] "Pituitary"       "Prostate"        "Salivary Gland"  "Skin"           
[21] "Small Intestine" "Spleen"          "Stomach"         "Testis"         
[25] "Thyroid"         "Uterus"          "Vagina"         
Extracting genotype data from PLINK file.
PLINK v2.0.0-a.7LM 64-bit Intel (11 Mar 2026)       cog-genomics.org/plink/2.0/
(C) 2005-2026 Shaun Purcell, Christopher Chang    GNU General Public License v3
Logging to /project2/mstephens/wdenault/susie_mix/temp_plink/plink_WNK2.log.
Options in effect:
  --bfile /project2/mstephens/gtex/GTEx_Analysis_2017-06-05_v8_WholeGenomeSeq_866Indiv
  --chr 9
  --export A
  --from-bp 92684916
  --maf 0
  --max-alleles 2
  --memory 8000
  --out /project2/mstephens/wdenault/susie_mix/temp_plink/plink_WNK2
  --rm-dup exclude-all
  --snps-only
  --threads 2
  --to-bp 93684916

Start time: Tue Sep  1 14:01:07 2026
63727 MiB RAM detected, ~26939 available; reserving 8000 MiB for main
workspace.
Using up to 2 compute threads.
866 samples (0 females, 0 males, 866 ambiguous; 866 founders) loaded from
/project2/mstephens/gtex/GTEx_Analysis_2017-06-05_v8_WholeGenomeSeq_866Indiv.fam.
67234533 variants in
/project2/mstephens/gtex/GTEx_Analysis_2017-06-05_v8_WholeGenomeSeq_866Indiv.bim;
64708045 excluded by --chr + --max-alleles + --snps-only, 2526488 remaining.
Note: No phenotype data present.
Note: Skipping --rm-dup since no duplicate IDs are present.
18036 variants remaining after main filters.
--export A pass 1/1: loading... 0%writing... 0%1%2%3%4%5%6%7%8%9%10%11%12%13%14%15%16%17%18%19%20%21%22%23%24%25%26%27%28%29%30%31%32%33%34%35%36%37%38%39%40%41%42%43%44%45%46%47%48%49%50%51%52%53%54%55%56%57%58%59%60%61%62%63%64%65%66%67%68%69%70%71%72%73%74%75%76%77%78%79%80%81%82%83%84%85%86%87%88%89%90%91%92%93%94%95%96%97%98%99% done.
--export A: /project2/mstephens/wdenault/susie_mix/temp_plink/plink_WNK2.raw
written.
End time: Tue Sep  1 14:01:13 2026
16 SNP(s) removed because HWE P < 1e-08 :
 [1] "chr9_93064335_C_T_b38_C" "chr9_93068366_C_T_b38_C"
 [3] "chr9_93073332_T_C_b38_T" "chr9_93087260_T_C_b38_T"
 [5] "chr9_93094104_G_A_b38_G" "chr9_93094234_T_C_b38_T"
 [7] "chr9_93095677_C_G_b38_C" "chr9_93101276_G_A_b38_G"
 [9] "chr9_93104572_C_G_b38_C" "chr9_93105821_A_G_b38_A"
[11] "chr9_93107500_C_T_b38_C" "chr9_93349834_A_G_b38_A"
[13] "chr9_93350530_T_C_b38_T" "chr9_93351039_G_A_b38_G"
[15] "chr9_93467390_C_T_b38_C" "chr9_93515315_G_A_b38_G"

=====================================
Tissue: Adipose Tissue 
=====================================
[1] TRUE
Running SuSiE.

=====================================
Tissue: Adrenal Gland 
=====================================
[1] TRUE
Running SuSiE.

=====================================
Tissue: Blood 
=====================================
[1] TRUE
Running SuSiE.

=====================================
Tissue: Blood Vessel 
=====================================
[1] TRUE
Running SuSiE.

=====================================
Tissue: Brain 
=====================================
[1] TRUE
Running SuSiE.

=====================================
Tissue: Breast 
=====================================
[1] TRUE
Running SuSiE.

=====================================
Tissue: Colon 
=====================================
[1] TRUE
Running SuSiE.

=====================================
Tissue: Esophagus 
=====================================
[1] TRUE
Running SuSiE.

=====================================
Tissue: Heart 
=====================================
[1] TRUE
Running SuSiE.

=====================================
Tissue: Kidney 
=====================================
[1] TRUE
Running SuSiE.

=====================================
Tissue: Liver 
=====================================
[1] TRUE
Running SuSiE.

=====================================
Tissue: Lung 
=====================================
[1] TRUE
Running SuSiE.

=====================================
Tissue: Muscle 
=====================================
[1] TRUE
Running SuSiE.

=====================================
Tissue: Nerve 
=====================================
[1] TRUE
Running SuSiE.

=====================================
Tissue: Ovary 
=====================================
[1] TRUE
Running SuSiE.

=====================================
Tissue: Pancreas 
=====================================
[1] TRUE
Running SuSiE.

=====================================
Tissue: Pituitary 
=====================================
[1] TRUE
Running SuSiE.

=====================================
Tissue: Prostate 
=====================================
[1] TRUE
Running SuSiE.

=====================================
Tissue: Salivary Gland 
=====================================
[1] TRUE
Running SuSiE.

=====================================
Tissue: Skin 
=====================================
[1] TRUE
Running SuSiE.

=====================================
Tissue: Small Intestine 
=====================================
[1] TRUE
Running SuSiE.

=====================================
Tissue: Spleen 
=====================================
[1] TRUE
Running SuSiE.

=====================================
Tissue: Stomach 
=====================================
[1] TRUE
Running SuSiE.

=====================================
Tissue: Testis 
=====================================
[1] TRUE
Running SuSiE.

=====================================
Tissue: Thyroid 
=====================================
[1] TRUE
Running SuSiE.

=====================================
Tissue: Uterus 
=====================================
[1] TRUE
Running SuSiE.

=====================================
Tissue: Vagina 
=====================================
[1] TRUE
Running SuSiE.
[2026-09-01 14:03:10] starting WNK3
Importing covariate data.
Importing gene expression data.
Found 27 tissues for gene WNK3 :
 [1] "Adipose Tissue"  "Adrenal Gland"   "Blood"           "Blood Vessel"   
 [5] "Brain"           "Breast"          "Colon"           "Esophagus"      
 [9] "Heart"           "Kidney"          "Liver"           "Lung"           
[13] "Muscle"          "Nerve"           "Ovary"           "Pancreas"       
[17] "Pituitary"       "Prostate"        "Salivary Gland"  "Skin"           
[21] "Small Intestine" "Spleen"          "Stomach"         "Testis"         
[25] "Thyroid"         "Uterus"          "Vagina"         
Extracting genotype data from PLINK file.
PLINK v2.0.0-a.7LM 64-bit Intel (11 Mar 2026)       cog-genomics.org/plink/2.0/
(C) 2005-2026 Shaun Purcell, Christopher Chang    GNU General Public License v3
Logging to /project2/mstephens/wdenault/susie_mix/temp_plink/plink_WNK3.log.
Options in effect:
  --bfile /project2/mstephens/gtex/GTEx_Analysis_2017-06-05_v8_WholeGenomeSeq_866Indiv
  --chr X
  --export A
  --from-bp 53858642
  --maf 0
  --max-alleles 2
  --memory 8000
  --out /project2/mstephens/wdenault/susie_mix/temp_plink/plink_WNK3
  --rm-dup exclude-all
  --snps-only
  --threads 2
  --to-bp 54858642

Start time: Tue Sep  1 14:04:08 2026
63727 MiB RAM detected, ~26963 available; reserving 8000 MiB for main
workspace.
Using up to 2 compute threads.
866 samples (0 females, 0 males, 866 ambiguous; 866 founders) loaded from
/project2/mstephens/gtex/GTEx_Analysis_2017-06-05_v8_WholeGenomeSeq_866Indiv.fam.
End time: Tue Sep  1 14:04:13 2026
[2026-09-01 14:04:14] starting WNK4
Importing covariate data.
Importing gene expression data.
Found 27 tissues for gene WNK4 :
 [1] "Adipose Tissue"  "Adrenal Gland"   "Blood"           "Blood Vessel"   
 [5] "Brain"           "Breast"          "Colon"           "Esophagus"      
 [9] "Heart"           "Kidney"          "Liver"           "Lung"           
[13] "Muscle"          "Nerve"           "Ovary"           "Pancreas"       
[17] "Pituitary"       "Prostate"        "Salivary Gland"  "Skin"           
[21] "Small Intestine" "Spleen"          "Stomach"         "Testis"         
[25] "Thyroid"         "Uterus"          "Vagina"         
Extracting genotype data from PLINK file.
PLINK v2.0.0-a.7LM 64-bit Intel (11 Mar 2026)       cog-genomics.org/plink/2.0/
(C) 2005-2026 Shaun Purcell, Christopher Chang    GNU General Public License v3
Logging to /project2/mstephens/wdenault/susie_mix/temp_plink/plink_WNK4.log.
Options in effect:
  --bfile /project2/mstephens/gtex/GTEx_Analysis_2017-06-05_v8_WholeGenomeSeq_866Indiv
  --chr 17
  --export A
  --from-bp 42280610
  --maf 0
  --max-alleles 2
  --memory 8000
  --out /project2/mstephens/wdenault/susie_mix/temp_plink/plink_WNK4
  --rm-dup exclude-all
  --snps-only
  --threads 2
  --to-bp 43280610

Start time: Tue Sep  1 14:05:10 2026
63727 MiB RAM detected, ~26956 available; reserving 8000 MiB for main
workspace.
Using up to 2 compute threads.
866 samples (0 females, 0 males, 866 ambiguous; 866 founders) loaded from
/project2/mstephens/gtex/GTEx_Analysis_2017-06-05_v8_WholeGenomeSeq_866Indiv.fam.
67234533 variants in
/project2/mstephens/gtex/GTEx_Analysis_2017-06-05_v8_WholeGenomeSeq_866Indiv.bim;
65601655 excluded by --chr + --max-alleles + --snps-only, 1632878 remaining.
Note: No phenotype data present.
Note: Skipping --rm-dup since no duplicate IDs are present.
15729 variants remaining after main filters.
--export A pass 1/1: loading... 0%31% writing... 0%1%2%3%4%5%6%7%8%9%10%11%12%13%14%15%16%17%18%19%20%21%22%23%24%25%26%27%28%29%30%31%32%33%34%35%36%37%38%39%40%41%42%43%44%45%46%47%48%49%50%51%52%53%54%55%56%57%58%59%60%61%62%63%64%65%66%67%68%69%70%71%72%73%74%75%76%77%78%79%80%81%82%83%84%85%86%87%88%89%90%91%92%93%94%95%96%97%98%99% done.
--export A: /project2/mstephens/wdenault/susie_mix/temp_plink/plink_WNK4.raw
written.
End time: Tue Sep  1 14:05:15 2026
36 SNP(s) removed because HWE P < 1e-08 :
 [1] "chr17_42331385_C_T_b38_C" "chr17_42334539_A_G_b38_A"
 [3] "chr17_42556160_C_T_b38_C" "chr17_42556317_G_T_b38_G"
 [5] "chr17_42556461_T_C_b38_T" "chr17_42742128_C_T_b38_C"
 [7] "chr17_42752474_A_G_b38_A" "chr17_42778077_A_G_b38_A"
 [9] "chr17_42874506_A_G_b38_A" "chr17_42888012_G_A_b38_G"
[11] "chr17_42904228_A_G_b38_A" "chr17_42930147_A_C_b38_A"
[13] "chr17_42932593_A_C_b38_A" "chr17_42934702_C_T_b38_C"
[15] "chr17_42972338_T_C_b38_T" "chr17_43038566_G_A_b38_G"
[17] "chr17_43053704_G_A_b38_G" "chr17_43054835_T_C_b38_T"
[19] "chr17_43058399_T_C_b38_T" "chr17_43079681_G_C_b38_G"
[21] "chr17_43113938_G_A_b38_G" "chr17_43126708_C_G_b38_C"
[23] "chr17_43135134_C_G_b38_C" "chr17_43142259_C_T_b38_C"
[25] "chr17_43154829_T_C_b38_T" "chr17_43159815_G_C_b38_G"
[27] "chr17_43165953_C_G_b38_C" "chr17_43166119_C_T_b38_C"
[29] "chr17_43166140_G_C_b38_G" "chr17_43227781_G_A_b38_G"
[31] "chr17_43227906_T_C_b38_T" "chr17_43231738_T_G_b38_T"
[33] "chr17_43231801_G_A_b38_G" "chr17_43231858_T_C_b38_T"
[35] "chr17_43232507_G_C_b38_G" "chr17_43232616_T_C_b38_T"

=====================================
Tissue: Adipose Tissue 
=====================================
[1] TRUE
Running SuSiE.

=====================================
Tissue: Adrenal Gland 
=====================================
[1] TRUE
Running SuSiE.

=====================================
Tissue: Blood 
=====================================
[1] TRUE
Running SuSiE.

=====================================
Tissue: Blood Vessel 
=====================================
[1] TRUE
Running SuSiE.

=====================================
Tissue: Brain 
=====================================
[1] TRUE
Running SuSiE.

=====================================
Tissue: Breast 
=====================================
[1] TRUE
Running SuSiE.

=====================================
Tissue: Colon 
=====================================
[1] TRUE
Running SuSiE.

=====================================
Tissue: Esophagus 
=====================================
[1] TRUE
Running SuSiE.

=====================================
Tissue: Heart 
=====================================
[1] TRUE
Running SuSiE.

=====================================
Tissue: Kidney 
=====================================
[1] TRUE
Running SuSiE.

=====================================
Tissue: Liver 
=====================================
[1] TRUE
Running SuSiE.

=====================================
Tissue: Lung 
=====================================
[1] TRUE
Running SuSiE.

=====================================
Tissue: Muscle 
=====================================
[1] TRUE
Running SuSiE.

=====================================
Tissue: Nerve 
=====================================
[1] TRUE
Running SuSiE.

=====================================
Tissue: Ovary 
=====================================
[1] TRUE
Running SuSiE.

=====================================
Tissue: Pancreas 
=====================================
[1] TRUE
Running SuSiE.

=====================================
Tissue: Pituitary 
=====================================
[1] TRUE
Running SuSiE.

=====================================
Tissue: Prostate 
=====================================
[1] TRUE
Running SuSiE.

=====================================
Tissue: Salivary Gland 
=====================================
[1] TRUE
Running SuSiE.

=====================================
Tissue: Skin 
=====================================
[1] TRUE
Running SuSiE.

=====================================
Tissue: Small Intestine 
=====================================
[1] TRUE
Running SuSiE.

=====================================
Tissue: Spleen 
=====================================
[1] TRUE
Running SuSiE.

=====================================
Tissue: Stomach 
=====================================
[1] TRUE
Running SuSiE.

=====================================
Tissue: Testis 
=====================================
[1] TRUE
Running SuSiE.

=====================================
Tissue: Thyroid 
=====================================
[1] TRUE
Running SuSiE.

=====================================
Tissue: Uterus 
=====================================
[1] TRUE
Running SuSiE.

=====================================
Tissue: Vagina 
=====================================
[1] TRUE
Running SuSiE.
[2026-09-01 14:06:17] starting WNT1
Importing covariate data.
Importing gene expression data.
Found 27 tissues for gene WNT1 :
 [1] "Adipose Tissue"  "Adrenal Gland"   "Blood"           "Blood Vessel"   
 [5] "Brain"           "Breast"          "Colon"           "Esophagus"      
 [9] "Heart"           "Kidney"          "Liver"           "Lung"           
[13] "Muscle"          "Nerve"           "Ovary"           "Pancreas"       
[17] "Pituitary"       "Prostate"        "Salivary Gland"  "Skin"           
[21] "Small Intestine" "Spleen"          "Stomach"         "Testis"         
[25] "Thyroid"         "Uterus"          "Vagina"         
Extracting genotype data from PLINK file.
PLINK v2.0.0-a.7LM 64-bit Intel (11 Mar 2026)       cog-genomics.org/plink/2.0/
(C) 2005-2026 Shaun Purcell, Christopher Chang    GNU General Public License v3
Logging to /project2/mstephens/wdenault/susie_mix/temp_plink/plink_WNT1.log.
Options in effect:
  --bfile /project2/mstephens/gtex/GTEx_Analysis_2017-06-05_v8_WholeGenomeSeq_866Indiv
  --chr 12
  --export A
  --from-bp 48478322
  --maf 0
  --max-alleles 2
  --memory 8000
  --out /project2/mstephens/wdenault/susie_mix/temp_plink/plink_WNT1
  --rm-dup exclude-all
  --snps-only
  --threads 2
  --to-bp 49478322

Start time: Tue Sep  1 14:07:13 2026
63727 MiB RAM detected, ~26663 available; reserving 8000 MiB for main
workspace.
Using up to 2 compute threads.
866 samples (0 females, 0 males, 866 ambiguous; 866 founders) loaded from
/project2/mstephens/gtex/GTEx_Analysis_2017-06-05_v8_WholeGenomeSeq_866Indiv.fam.
67234533 variants in
/project2/mstephens/gtex/GTEx_Analysis_2017-06-05_v8_WholeGenomeSeq_866Indiv.bim;
64641234 excluded by --chr + --max-alleles + --snps-only, 2593299 remaining.
Note: No phenotype data present.
Note: Skipping --rm-dup since no duplicate IDs are present.
17420 variants remaining after main filters.
--export A pass 1/1: loading... 0%writing... 0%1%2%3%4%5%6%7%8%9%10%11%12%13%14%15%16%17%18%19%20%21%22%23%24%25%26%27%28%29%30%31%32%33%34%35%36%37%38%39%40%41%42%43%44%45%46%47%48%49%50%51%52%53%54%55%56%57%58%59%60%61%62%63%64%65%66%67%68%69%70%71%72%73%74%75%76%77%78%79%80%81%82%83%84%85%86%87%88%89%90%91%92%93%94%95%96%97%98%99% done.
--export A: /project2/mstephens/wdenault/susie_mix/temp_plink/plink_WNT1.raw
written.
End time: Tue Sep  1 14:07:19 2026
25 SNP(s) removed because HWE P < 1e-08 :
 [1] "chr12_48732127_C_T_b38_C" "chr12_48877186_G_T_b38_G"
 [3] "chr12_48877932_T_C_b38_T" "chr12_48878214_G_A_b38_G"
 [5] "chr12_48916372_C_T_b38_C" "chr12_48925253_A_C_b38_A"
 [7] "chr12_48950442_T_C_b38_T" "chr12_48956073_A_G_b38_A"
 [9] "chr12_48958536_T_C_b38_T" "chr12_48963564_T_C_b38_T"
[11] "chr12_48967367_C_T_b38_C" "chr12_48968996_T_G_b38_T"
[13] "chr12_49116184_A_G_b38_A" "chr12_49116196_C_T_b38_C"
[15] "chr12_49116224_C_G_b38_C" "chr12_49116248_G_A_b38_G"
[17] "chr12_49116289_T_A_b38_T" "chr12_49116348_A_G_b38_A"
[19] "chr12_49116493_A_G_b38_A" "chr12_49116519_G_A_b38_G"
[21] "chr12_49116525_G_T_b38_G" "chr12_49116551_C_T_b38_C"
[23] "chr12_49116557_T_C_b38_T" "chr12_49116570_A_G_b38_A"
[25] "chr12_49278701_C_T_b38_C"

=====================================
Tissue: Adipose Tissue 
=====================================
[1] TRUE
Running SuSiE.

=====================================
Tissue: Adrenal Gland 
=====================================
[1] TRUE
Running SuSiE.

=====================================
Tissue: Blood 
=====================================
[1] TRUE
Running SuSiE.

=====================================
Tissue: Blood Vessel 
=====================================
[1] TRUE
Running SuSiE.

=====================================
Tissue: Brain 
=====================================
[1] TRUE
Running SuSiE.

=====================================
Tissue: Breast 
=====================================
[1] TRUE
Running SuSiE.

=====================================
Tissue: Colon 
=====================================
[1] TRUE
Running SuSiE.

=====================================
Tissue: Esophagus 
=====================================
[1] TRUE
Running SuSiE.

=====================================
Tissue: Heart 
=====================================
[1] TRUE
Running SuSiE.

=====================================
Tissue: Kidney 
=====================================
[1] TRUE
Running SuSiE.

=====================================
Tissue: Liver 
=====================================
[1] TRUE
Running SuSiE.

=====================================
Tissue: Lung 
=====================================
[1] TRUE
Running SuSiE.

=====================================
Tissue: Muscle 
=====================================
[1] TRUE
Running SuSiE.

=====================================
Tissue: Nerve 
=====================================
[1] TRUE
Running SuSiE.

=====================================
Tissue: Ovary 
=====================================
[1] TRUE
Running SuSiE.

=====================================
Tissue: Pancreas 
=====================================
[1] TRUE
Running SuSiE.

=====================================
Tissue: Pituitary 
=====================================
[1] TRUE
Running SuSiE.

=====================================
Tissue: Prostate 
=====================================
[1] TRUE
Running SuSiE.

=====================================
Tissue: Salivary Gland 
=====================================
[1] TRUE
Running SuSiE.

=====================================
Tissue: Skin 
=====================================
[1] TRUE
Running SuSiE.

=====================================
Tissue: Small Intestine 
=====================================
[1] TRUE
Running SuSiE.

=====================================
Tissue: Spleen 
=====================================
[1] TRUE
Running SuSiE.

=====================================
Tissue: Stomach 
=====================================
[1] TRUE
Running SuSiE.

=====================================
Tissue: Testis 
=====================================
[1] TRUE
Running SuSiE.

=====================================
Tissue: Thyroid 
=====================================
[1] TRUE
Running SuSiE.

=====================================
Tissue: Uterus 
=====================================
[1] TRUE
Running SuSiE.

=====================================
Tissue: Vagina 
=====================================
[1] TRUE
Running SuSiE.
[2026-09-01 14:08:42] starting WNT10A
Importing covariate data.
Importing gene expression data.
Found 27 tissues for gene WNT10A :
 [1] "Adipose Tissue"  "Adrenal Gland"   "Blood"           "Blood Vessel"   
 [5] "Brain"           "Breast"          "Colon"           "Esophagus"      
 [9] "Heart"           "Kidney"          "Liver"           "Lung"           
[13] "Muscle"          "Nerve"           "Ovary"           "Pancreas"       
[17] "Pituitary"       "Prostate"        "Salivary Gland"  "Skin"           
[21] "Small Intestine" "Spleen"          "Stomach"         "Testis"         
[25] "Thyroid"         "Uterus"          "Vagina"         
Extracting genotype data from PLINK file.
PLINK v2.0.0-a.7LM 64-bit Intel (11 Mar 2026)       cog-genomics.org/plink/2.0/
(C) 2005-2026 Shaun Purcell, Christopher Chang    GNU General Public License v3
Logging to /project2/mstephens/wdenault/susie_mix/temp_plink/plink_WNT10A.log.
Options in effect:
  --bfile /project2/mstephens/gtex/GTEx_Analysis_2017-06-05_v8_WholeGenomeSeq_866Indiv
  --chr 2
  --export A
  --from-bp 218380852
  --maf 0
  --max-alleles 2
  --memory 8000
  --out /project2/mstephens/wdenault/susie_mix/temp_plink/plink_WNT10A
  --rm-dup exclude-all
  --snps-only
  --threads 2
  --to-bp 219380852

Start time: Tue Sep  1 14:09:38 2026
63727 MiB RAM detected, ~26927 available; reserving 8000 MiB for main
workspace.
Using up to 2 compute threads.
866 samples (0 females, 0 males, 866 ambiguous; 866 founders) loaded from
/project2/mstephens/gtex/GTEx_Analysis_2017-06-05_v8_WholeGenomeSeq_866Indiv.fam.
67234533 variants in
/project2/mstephens/gtex/GTEx_Analysis_2017-06-05_v8_WholeGenomeSeq_866Indiv.bim;
62634692 excluded by --chr + --max-alleles + --snps-only, 4599841 remaining.
Note: No phenotype data present.
Note: Skipping --rm-dup since no duplicate IDs are present.
16449 variants remaining after main filters.
--export A pass 1/1: loading... 0%writing... 0%1%2%3%4%5%6%7%8%9%10%11%12%13%14%15%16%17%18%19%20%21%22%23%24%25%26%27%28%29%30%31%32%33%34%35%36%37%38%39%40%41%42%43%44%45%46%47%48%49%50%51%52%53%54%55%56%57%58%59%60%61%62%63%64%65%66%67%68%69%70%71%72%73%74%75%76%77%78%79%80%81%82%83%84%85%86%87%88%89%90%91%92%93%94%95%96%97%98%99% done.
--export A: /project2/mstephens/wdenault/susie_mix/temp_plink/plink_WNT10A.raw
written.
End time: Tue Sep  1 14:09:44 2026
78 SNP(s) removed because HWE P < 1e-08 :
 [1] "chr2_218409235_A_G_b38_A" "chr2_218417597_G_A_b38_G"
 [3] "chr2_218420589_T_G_b38_T" "chr2_218477780_A_G_b38_A"
 [5] "chr2_218810922_C_T_b38_C" "chr2_218819301_T_C_b38_T"
 [7] "chr2_218826667_A_G_b38_A" "chr2_218826772_T_G_b38_T"
 [9] "chr2_218827410_A_G_b38_A" "chr2_218829133_T_C_b38_T"
[11] "chr2_218829429_G_T_b38_G" "chr2_218830602_T_C_b38_T"
[13] "chr2_218831822_T_C_b38_T" "chr2_218832338_G_C_b38_G"
[15] "chr2_218833281_A_G_b38_A" "chr2_218833420_A_G_b38_A"
[17] "chr2_218835781_G_A_b38_G" "chr2_218838208_C_T_b38_C"
[19] "chr2_218840410_T_C_b38_T" "chr2_218843175_A_G_b38_A"
[21] "chr2_218844057_T_C_b38_T" "chr2_218848115_T_C_b38_T"
[23] "chr2_218851400_T_C_b38_T" "chr2_218852022_T_A_b38_T"
[25] "chr2_218860595_C_G_b38_C" "chr2_218861775_T_C_b38_T"
[27] "chr2_218862590_T_C_b38_T" "chr2_218863795_A_G_b38_A"
[29] "chr2_218864904_A_G_b38_A" "chr2_218866295_T_C_b38_T"
[31] "chr2_218867420_C_G_b38_C" "chr2_218869251_T_C_b38_T"
[33] "chr2_218881839_T_C_b38_T" "chr2_218889082_A_C_b38_A"
[35] "chr2_218897839_A_G_b38_A" "chr2_218897940_A_G_b38_A"
[37] "chr2_218901903_T_C_b38_T" "chr2_218901904_T_C_b38_T"
[39] "chr2_218901905_G_A_b38_G" "chr2_218901909_T_C_b38_T"
[41] "chr2_218901910_G_A_b38_G" "chr2_218901915_C_T_b38_C"
[43] "chr2_218901917_C_T_b38_C" "chr2_218901920_A_T_b38_A"
[45] "chr2_218901922_C_T_b38_C" "chr2_218901936_A_G_b38_A"
[47] "chr2_218901938_G_A_b38_G" "chr2_218904234_T_C_b38_T"
[49] "chr2_218905256_A_T_b38_A" "chr2_218909978_T_C_b38_T"
[51] "chr2_218910087_T_C_b38_T" "chr2_218911631_T_G_b38_T"
[53] "chr2_218914980_G_A_b38_G" "chr2_218915569_T_C_b38_T"
[55] "chr2_218916780_G_A_b38_G" "chr2_218922716_C_G_b38_C"
[57] "chr2_218930420_G_A_b38_G" "chr2_218939851_A_T_b38_A"
[59] "chr2_218942126_T_C_b38_T" "chr2_218980419_C_T_b38_C"
[61] "chr2_218980424_C_T_b38_C" "chr2_219014034_G_A_b38_G"
[63] "chr2_219014753_C_T_b38_C" "chr2_219014760_C_T_b38_C"
[65] "chr2_219014781_G_A_b38_G" "chr2_219015306_G_A_b38_G"
[67] "chr2_219016877_G_A_b38_G" "chr2_219016880_C_T_b38_C"
[69] "chr2_219224963_G_C_b38_G" "chr2_219264199_C_G_b38_C"
[71] "chr2_219265931_A_G_b38_A" "chr2_219269288_T_C_b38_T"
[73] "chr2_219271629_G_A_b38_G" "chr2_219272114_G_T_b38_G"
[75] "chr2_219276074_G_A_b38_G" "chr2_219277241_A_T_b38_A"
[77] "chr2_219348842_A_G_b38_A" "chr2_219348862_C_T_b38_C"

=====================================
Tissue: Adipose Tissue 
=====================================
[1] TRUE
Running SuSiE.

=====================================
Tissue: Adrenal Gland 
=====================================
[1] TRUE
Running SuSiE.

=====================================
Tissue: Blood 
=====================================
[1] TRUE
Running SuSiE.

=====================================
Tissue: Blood Vessel 
=====================================
[1] TRUE
Running SuSiE.

=====================================
Tissue: Brain 
=====================================
[1] TRUE
Running SuSiE.

=====================================
Tissue: Breast 
=====================================
[1] TRUE
Running SuSiE.

=====================================
Tissue: Colon 
=====================================
[1] TRUE
Running SuSiE.

=====================================
Tissue: Esophagus 
=====================================
[1] TRUE
Running SuSiE.

=====================================
Tissue: Heart 
=====================================
[1] TRUE
Running SuSiE.

=====================================
Tissue: Kidney 
=====================================
[1] TRUE
Running SuSiE.

=====================================
Tissue: Liver 
=====================================
[1] TRUE
Running SuSiE.

=====================================
Tissue: Lung 
=====================================
[1] TRUE
Running SuSiE.

=====================================
Tissue: Muscle 
=====================================
[1] TRUE
Running SuSiE.

=====================================
Tissue: Nerve 
=====================================
[1] TRUE
Running SuSiE.

=====================================
Tissue: Ovary 
=====================================
[1] TRUE
Running SuSiE.

=====================================
Tissue: Pancreas 
=====================================
[1] TRUE
Running SuSiE.

=====================================
Tissue: Pituitary 
=====================================
[1] TRUE
Running SuSiE.

=====================================
Tissue: Prostate 
=====================================
[1] TRUE
Running SuSiE.

=====================================
Tissue: Salivary Gland 
=====================================
[1] TRUE
Running SuSiE.

=====================================
Tissue: Skin 
=====================================
[1] TRUE
Running SuSiE.

=====================================
Tissue: Small Intestine 
=====================================
[1] TRUE
Running SuSiE.

=====================================
Tissue: Spleen 
=====================================
[1] TRUE
Running SuSiE.

=====================================
Tissue: Stomach 
=====================================
[1] TRUE
Running SuSiE.

=====================================
Tissue: Testis 
=====================================
[1] TRUE
Running SuSiE.

=====================================
Tissue: Thyroid 
=====================================
[1] TRUE
Running SuSiE.

=====================================
Tissue: Uterus 
=====================================
[1] TRUE
Running SuSiE.

=====================================
Tissue: Vagina 
=====================================
[1] TRUE
Running SuSiE.
[2026-09-01 14:10:47] starting WNT10B
Importing covariate data.
Importing gene expression data.
Found 27 tissues for gene WNT10B :
 [1] "Adipose Tissue"  "Adrenal Gland"   "Blood"           "Blood Vessel"   
 [5] "Brain"           "Breast"          "Colon"           "Esophagus"      
 [9] "Heart"           "Kidney"          "Liver"           "Lung"           
[13] "Muscle"          "Nerve"           "Ovary"           "Pancreas"       
[17] "Pituitary"       "Prostate"        "Salivary Gland"  "Skin"           
[21] "Small Intestine" "Spleen"          "Stomach"         "Testis"         
[25] "Thyroid"         "Uterus"          "Vagina"         
Extracting genotype data from PLINK file.
PLINK v2.0.0-a.7LM 64-bit Intel (11 Mar 2026)       cog-genomics.org/plink/2.0/
(C) 2005-2026 Shaun Purcell, Christopher Chang    GNU General Public License v3
Logging to /project2/mstephens/wdenault/susie_mix/temp_plink/plink_WNT10B.log.
Options in effect:
  --bfile /project2/mstephens/gtex/GTEx_Analysis_2017-06-05_v8_WholeGenomeSeq_866Indiv
  --chr 12
  --export A
  --from-bp 48471735
  --maf 0
  --max-alleles 2
  --memory 8000
  --out /project2/mstephens/wdenault/susie_mix/temp_plink/plink_WNT10B
  --rm-dup exclude-all
  --snps-only
  --threads 2
  --to-bp 49471735

Start time: Tue Sep  1 14:11:43 2026
63727 MiB RAM detected, ~26934 available; reserving 8000 MiB for main
workspace.
Using up to 2 compute threads.
866 samples (0 females, 0 males, 866 ambiguous; 866 founders) loaded from
/project2/mstephens/gtex/GTEx_Analysis_2017-06-05_v8_WholeGenomeSeq_866Indiv.fam.
67234533 variants in
/project2/mstephens/gtex/GTEx_Analysis_2017-06-05_v8_WholeGenomeSeq_866Indiv.bim;
64641234 excluded by --chr + --max-alleles + --snps-only, 2593299 remaining.
Note: No phenotype data present.
Note: Skipping --rm-dup since no duplicate IDs are present.
17509 variants remaining after main filters.
--export A pass 1/1: loading... 0%writing... 0%1%2%3%4%5%6%7%8%9%10%11%12%13%14%15%16%17%18%19%20%21%22%23%24%25%26%27%28%29%30%31%32%33%34%35%36%37%38%39%40%41%42%43%44%45%46%47%48%49%50%51%52%53%54%55%56%57%58%59%60%61%62%63%64%65%66%67%68%69%70%71%72%73%74%75%76%77%78%79%80%81%82%83%84%85%86%87%88%89%90%91%92%93%94%95%96%97%98%99% done.
--export A: /project2/mstephens/wdenault/susie_mix/temp_plink/plink_WNT10B.raw
written.
End time: Tue Sep  1 14:11:49 2026
25 SNP(s) removed because HWE P < 1e-08 :
 [1] "chr12_48732127_C_T_b38_C" "chr12_48877186_G_T_b38_G"
 [3] "chr12_48877932_T_C_b38_T" "chr12_48878214_G_A_b38_G"
 [5] "chr12_48916372_C_T_b38_C" "chr12_48925253_A_C_b38_A"
 [7] "chr12_48950442_T_C_b38_T" "chr12_48956073_A_G_b38_A"
 [9] "chr12_48958536_T_C_b38_T" "chr12_48963564_T_C_b38_T"
[11] "chr12_48967367_C_T_b38_C" "chr12_48968996_T_G_b38_T"
[13] "chr12_49116184_A_G_b38_A" "chr12_49116196_C_T_b38_C"
[15] "chr12_49116224_C_G_b38_C" "chr12_49116248_G_A_b38_G"
[17] "chr12_49116289_T_A_b38_T" "chr12_49116348_A_G_b38_A"
[19] "chr12_49116493_A_G_b38_A" "chr12_49116519_G_A_b38_G"
[21] "chr12_49116525_G_T_b38_G" "chr12_49116551_C_T_b38_C"
[23] "chr12_49116557_T_C_b38_T" "chr12_49116570_A_G_b38_A"
[25] "chr12_49278701_C_T_b38_C"

=====================================
Tissue: Adipose Tissue 
=====================================
[1] TRUE
Running SuSiE.

=====================================
Tissue: Adrenal Gland 
=====================================
[1] TRUE
Running SuSiE.

=====================================
Tissue: Blood 
=====================================
[1] TRUE
Running SuSiE.

=====================================
Tissue: Blood Vessel 
=====================================
[1] TRUE
Running SuSiE.

=====================================
Tissue: Brain 
=====================================
[1] TRUE
Running SuSiE.

=====================================
Tissue: Breast 
=====================================
[1] TRUE
Running SuSiE.

=====================================
Tissue: Colon 
=====================================
[1] TRUE
Running SuSiE.

=====================================
Tissue: Esophagus 
=====================================
[1] TRUE
Running SuSiE.

=====================================
Tissue: Heart 
=====================================
[1] TRUE
Running SuSiE.

=====================================
Tissue: Kidney 
=====================================
[1] TRUE
Running SuSiE.

=====================================
Tissue: Liver 
=====================================
[1] TRUE
Running SuSiE.

=====================================
Tissue: Lung 
=====================================
[1] TRUE
Running SuSiE.

=====================================
Tissue: Muscle 
=====================================
[1] TRUE
Running SuSiE.

=====================================
Tissue: Nerve 
=====================================
[1] TRUE
Running SuSiE.

=====================================
Tissue: Ovary 
=====================================
[1] TRUE
Running SuSiE.

=====================================
Tissue: Pancreas 
=====================================
[1] TRUE
Running SuSiE.

=====================================
Tissue: Pituitary 
=====================================
[1] TRUE
Running SuSiE.

=====================================
Tissue: Prostate 
=====================================
[1] TRUE
Running SuSiE.

=====================================
Tissue: Salivary Gland 
=====================================
[1] TRUE
Running SuSiE.

=====================================
Tissue: Skin 
=====================================
[1] TRUE
Running SuSiE.

=====================================
Tissue: Small Intestine 
=====================================
[1] TRUE
Running SuSiE.

=====================================
Tissue: Spleen 
=====================================
[1] TRUE
Running SuSiE.

=====================================
Tissue: Stomach 
=====================================
[1] TRUE
Running SuSiE.

=====================================
Tissue: Testis 
=====================================
[1] TRUE
Running SuSiE.

=====================================
Tissue: Thyroid 
=====================================
[1] TRUE
Running SuSiE.

=====================================
Tissue: Uterus 
=====================================
[1] TRUE
Running SuSiE.

=====================================
Tissue: Vagina 
=====================================
[1] TRUE
Running SuSiE.
[2026-09-01 14:13:15] starting WNT11
Importing covariate data.
Importing gene expression data.
Found 27 tissues for gene WNT11 :
 [1] "Adipose Tissue"  "Adrenal Gland"   "Blood"           "Blood Vessel"   
 [5] "Brain"           "Breast"          "Colon"           "Esophagus"      
 [9] "Heart"           "Kidney"          "Liver"           "Lung"           
[13] "Muscle"          "Nerve"           "Ovary"           "Pancreas"       
[17] "Pituitary"       "Prostate"        "Salivary Gland"  "Skin"           
[21] "Small Intestine" "Spleen"          "Stomach"         "Testis"         
[25] "Thyroid"         "Uterus"          "Vagina"         
Extracting genotype data from PLINK file.
PLINK v2.0.0-a.7LM 64-bit Intel (11 Mar 2026)       cog-genomics.org/plink/2.0/
(C) 2005-2026 Shaun Purcell, Christopher Chang    GNU General Public License v3
Logging to /project2/mstephens/wdenault/susie_mix/temp_plink/plink_WNT11.log.
Options in effect:
  --bfile /project2/mstephens/gtex/GTEx_Analysis_2017-06-05_v8_WholeGenomeSeq_866Indiv
  --chr 11
  --export A
  --from-bp 75710736
  --maf 0
  --max-alleles 2
  --memory 8000
  --out /project2/mstephens/wdenault/susie_mix/temp_plink/plink_WNT11
  --rm-dup exclude-all
  --snps-only
  --threads 2
  --to-bp 76710736

Start time: Tue Sep  1 14:14:12 2026
63727 MiB RAM detected, ~26942 available; reserving 8000 MiB for main
workspace.
Using up to 2 compute threads.
866 samples (0 females, 0 males, 866 ambiguous; 866 founders) loaded from
/project2/mstephens/gtex/GTEx_Analysis_2017-06-05_v8_WholeGenomeSeq_866Indiv.fam.
67234533 variants in
/project2/mstephens/gtex/GTEx_Analysis_2017-06-05_v8_WholeGenomeSeq_866Indiv.bim;
64515227 excluded by --chr + --max-alleles + --snps-only, 2719306 remaining.
Note: No phenotype data present.
Note: Skipping --rm-dup since no duplicate IDs are present.
17997 variants remaining after main filters.
--export A pass 1/1: loading... 0%writing... 0%1%2%3%4%5%6%7%8%9%10%11%12%13%14%15%16%17%18%19%20%21%22%23%24%25%26%27%28%29%30%31%32%33%34%35%36%37%38%39%40%41%42%43%44%45%46%47%48%49%50%51%52%53%54%55%56%57%58%59%60%61%62%63%64%65%66%67%68%69%70%71%72%73%74%75%76%77%78%79%80%81%82%83%84%85%86%87%88%89%90%91%92%93%94%95%96%97%98%99% done.
--export A: /project2/mstephens/wdenault/susie_mix/temp_plink/plink_WNT11.raw
written.
End time: Tue Sep  1 14:14:17 2026
43 SNP(s) removed because HWE P < 1e-08 :
 [1] "chr11_75730930_G_A_b38_G" "chr11_75863269_T_C_b38_T"
 [3] "chr11_75871161_C_A_b38_C" "chr11_75872219_G_A_b38_G"
 [5] "chr11_75872677_A_G_b38_A" "chr11_75879625_G_A_b38_G"
 [7] "chr11_75883826_C_T_b38_C" "chr11_75892006_A_C_b38_A"
 [9] "chr11_75916771_A_T_b38_A" "chr11_75920086_T_C_b38_T"
[11] "chr11_75934964_G_C_b38_G" "chr11_75936109_A_G_b38_A"
[13] "chr11_75939627_G_A_b38_G" "chr11_75939995_A_T_b38_A"
[15] "chr11_75944394_G_A_b38_G" "chr11_76040042_T_C_b38_T"
[17] "chr11_76066218_G_A_b38_G" "chr11_76066240_A_G_b38_A"
[19] "chr11_76081230_T_C_b38_T" "chr11_76081915_G_A_b38_G"
[21] "chr11_76088128_A_C_b38_A" "chr11_76092290_G_A_b38_G"
[23] "chr11_76094171_T_C_b38_T" "chr11_76094253_A_G_b38_A"
[25] "chr11_76094332_C_G_b38_C" "chr11_76094680_A_G_b38_A"
[27] "chr11_76095676_C_T_b38_C" "chr11_76096444_C_T_b38_C"
[29] "chr11_76101192_G_A_b38_G" "chr11_76101407_A_G_b38_A"
[31] "chr11_76102884_T_C_b38_T" "chr11_76104455_T_C_b38_T"
[33] "chr11_76105117_C_G_b38_C" "chr11_76106192_T_C_b38_T"
[35] "chr11_76107748_A_G_b38_A" "chr11_76107750_G_A_b38_G"
[37] "chr11_76109463_G_A_b38_G" "chr11_76109565_T_C_b38_T"
[39] "chr11_76123598_T_C_b38_T" "chr11_76124339_C_T_b38_C"
[41] "chr11_76124659_G_A_b38_G" "chr11_76146670_A_G_b38_A"
[43] "chr11_76161714_T_C_b38_T"

=====================================
Tissue: Adipose Tissue 
=====================================
[1] TRUE
Running SuSiE.

=====================================
Tissue: Adrenal Gland 
=====================================
[1] TRUE
Running SuSiE.

=====================================
Tissue: Blood 
=====================================
[1] TRUE
Running SuSiE.

=====================================
Tissue: Blood Vessel 
=====================================
[1] TRUE
Running SuSiE.

=====================================
Tissue: Brain 
=====================================
[1] TRUE
Running SuSiE.

=====================================
Tissue: Breast 
=====================================
[1] TRUE
Running SuSiE.

=====================================
Tissue: Colon 
=====================================
[1] TRUE
Running SuSiE.

=====================================
Tissue: Esophagus 
=====================================
[1] TRUE
Running SuSiE.

=====================================
Tissue: Heart 
=====================================
[1] TRUE
Running SuSiE.

=====================================
Tissue: Kidney 
=====================================
[1] TRUE
Running SuSiE.

=====================================
Tissue: Liver 
=====================================
[1] TRUE
Running SuSiE.

=====================================
Tissue: Lung 
=====================================
[1] TRUE
Running SuSiE.

=====================================
Tissue: Muscle 
=====================================
[1] TRUE
Running SuSiE.

=====================================
Tissue: Nerve 
=====================================
[1] TRUE
Running SuSiE.

=====================================
Tissue: Ovary 
=====================================
[1] TRUE
Running SuSiE.

=====================================
Tissue: Pancreas 
=====================================
[1] TRUE
Running SuSiE.

=====================================
Tissue: Pituitary 
=====================================
[1] TRUE
Running SuSiE.

=====================================
Tissue: Prostate 
=====================================
[1] TRUE
Running SuSiE.

=====================================
Tissue: Salivary Gland 
=====================================
[1] TRUE
Running SuSiE.

=====================================
Tissue: Skin 
=====================================
[1] TRUE
Running SuSiE.

=====================================
Tissue: Small Intestine 
=====================================
[1] TRUE
Running SuSiE.

=====================================
Tissue: Spleen 
=====================================
[1] TRUE
Running SuSiE.

=====================================
Tissue: Stomach 
=====================================
[1] TRUE
Running SuSiE.

=====================================
Tissue: Testis 
=====================================
[1] TRUE
Running SuSiE.

=====================================
Tissue: Thyroid 
=====================================
[1] TRUE
Running SuSiE.

=====================================
Tissue: Uterus 
=====================================
[1] TRUE
Running SuSiE.

=====================================
Tissue: Vagina 
=====================================
[1] TRUE
Running SuSiE.
[2026-09-01 14:15:47] starting WNT16
Importing covariate data.
Importing gene expression data.
Found 27 tissues for gene WNT16 :
 [1] "Adipose Tissue"  "Adrenal Gland"   "Blood"           "Blood Vessel"   
 [5] "Brain"           "Breast"          "Colon"           "Esophagus"      
 [9] "Heart"           "Kidney"          "Liver"           "Lung"           
[13] "Muscle"          "Nerve"           "Ovary"           "Pancreas"       
[17] "Pituitary"       "Prostate"        "Salivary Gland"  "Skin"           
[21] "Small Intestine" "Spleen"          "Stomach"         "Testis"         
[25] "Thyroid"         "Uterus"          "Vagina"         
Extracting genotype data from PLINK file.
PLINK v2.0.0-a.7LM 64-bit Intel (11 Mar 2026)       cog-genomics.org/plink/2.0/
(C) 2005-2026 Shaun Purcell, Christopher Chang    GNU General Public License v3
Logging to /project2/mstephens/wdenault/susie_mix/temp_plink/plink_WNT16.log.
Options in effect:
  --bfile /project2/mstephens/gtex/GTEx_Analysis_2017-06-05_v8_WholeGenomeSeq_866Indiv
  --chr 7
  --export A
  --from-bp 120825367
  --maf 0
  --max-alleles 2
  --memory 8000
  --out /project2/mstephens/wdenault/susie_mix/temp_plink/plink_WNT16
  --rm-dup exclude-all
  --snps-only
  --threads 2
  --to-bp 121825367

Start time: Tue Sep  1 14:16:43 2026
63727 MiB RAM detected, ~26921 available; reserving 8000 MiB for main
workspace.
Using up to 2 compute threads.
866 samples (0 females, 0 males, 866 ambiguous; 866 founders) loaded from
/project2/mstephens/gtex/GTEx_Analysis_2017-06-05_v8_WholeGenomeSeq_866Indiv.fam.
67234533 variants in
/project2/mstephens/gtex/GTEx_Analysis_2017-06-05_v8_WholeGenomeSeq_866Indiv.bim;
64060212 excluded by --chr + --max-alleles + --snps-only, 3174321 remaining.
Note: No phenotype data present.
Note: Skipping --rm-dup since no duplicate IDs are present.
17156 variants remaining after main filters.
--export A pass 1/1: loading... 0%writing... 0%1%2%3%4%5%6%7%8%9%10%11%12%13%14%15%16%17%18%19%20%21%22%23%24%25%26%27%28%29%30%31%32%33%34%35%36%37%38%39%40%41%42%43%44%45%46%47%48%49%50%51%52%53%54%55%56%57%58%59%60%61%62%63%64%65%66%67%68%69%70%71%72%73%74%75%76%77%78%79%80%81%82%83%84%85%86%87%88%89%90%91%92%93%94%95%96%97%98%99% done.
--export A: /project2/mstephens/wdenault/susie_mix/temp_plink/plink_WNT16.raw
written.
End time: Tue Sep  1 14:16:49 2026
25 SNP(s) removed because HWE P < 1e-08 :
 [1] "chr7_120918621_T_C_b38_T" "chr7_120920660_C_T_b38_C"
 [3] "chr7_120921713_A_T_b38_A" "chr7_120927227_T_C_b38_T"
 [5] "chr7_120928260_T_C_b38_T" "chr7_120944260_A_G_b38_A"
 [7] "chr7_120950028_G_C_b38_G" "chr7_120951882_A_G_b38_A"
 [9] "chr7_120954539_C_G_b38_C" "chr7_121276161_G_A_b38_G"
[11] "chr7_121278286_C_T_b38_C" "chr7_121316339_C_T_b38_C"
[13] "chr7_121320649_T_C_b38_T" "chr7_121406753_G_T_b38_G"
[15] "chr7_121408190_A_G_b38_A" "chr7_121413322_C_T_b38_C"
[17] "chr7_121416895_A_G_b38_A" "chr7_121417292_C_T_b38_C"
[19] "chr7_121418216_A_G_b38_A" "chr7_121419314_C_A_b38_C"
[21] "chr7_121419817_G_A_b38_G" "chr7_121420119_C_T_b38_C"
[23] "chr7_121420654_G_A_b38_G" "chr7_121421248_C_T_b38_C"
[25] "chr7_121522419_G_A_b38_G"

=====================================
Tissue: Adipose Tissue 
=====================================
[1] TRUE
Running SuSiE.

=====================================
Tissue: Adrenal Gland 
=====================================
[1] TRUE
Running SuSiE.

=====================================
Tissue: Blood 
=====================================
[1] TRUE
Running SuSiE.

=====================================
Tissue: Blood Vessel 
=====================================
[1] TRUE
Running SuSiE.

=====================================
Tissue: Brain 
=====================================
[1] TRUE
Running SuSiE.

=====================================
Tissue: Breast 
=====================================
[1] TRUE
Running SuSiE.

=====================================
Tissue: Colon 
=====================================
[1] TRUE
Running SuSiE.

=====================================
Tissue: Esophagus 
=====================================
[1] TRUE
Running SuSiE.

=====================================
Tissue: Heart 
=====================================
[1] TRUE
Running SuSiE.

=====================================
Tissue: Kidney 
=====================================
[1] TRUE
Running SuSiE.

=====================================
Tissue: Liver 
=====================================
[1] TRUE
Running SuSiE.

=====================================
Tissue: Lung 
=====================================
[1] TRUE
Running SuSiE.

=====================================
Tissue: Muscle 
=====================================
[1] TRUE
Running SuSiE.

=====================================
Tissue: Nerve 
=====================================
[1] TRUE
Running SuSiE.

=====================================
Tissue: Ovary 
=====================================
[1] TRUE
Running SuSiE.

=====================================
Tissue: Pancreas 
=====================================
[1] TRUE
Running SuSiE.

=====================================
Tissue: Pituitary 
=====================================
[1] TRUE
Running SuSiE.

=====================================
Tissue: Prostate 
=====================================
[1] TRUE
Running SuSiE.

=====================================
Tissue: Salivary Gland 
=====================================
[1] TRUE
Running SuSiE.

=====================================
Tissue: Skin 
=====================================
[1] TRUE
Running SuSiE.

=====================================
Tissue: Small Intestine 
=====================================
[1] TRUE
Running SuSiE.

=====================================
Tissue: Spleen 
=====================================
[1] TRUE
Running SuSiE.

=====================================
Tissue: Stomach 
=====================================
[1] TRUE
Running SuSiE.

=====================================
Tissue: Testis 
=====================================
[1] TRUE
Running SuSiE.

=====================================
Tissue: Thyroid 
=====================================
[1] TRUE
Running SuSiE.

=====================================
Tissue: Uterus 
=====================================
[1] TRUE
Running SuSiE.

=====================================
Tissue: Vagina 
=====================================
[1] TRUE
Running SuSiE.
[2026-09-01 14:18:28] starting WNT2
Importing covariate data.
Importing gene expression data.
Found 27 tissues for gene WNT2 :
 [1] "Adipose Tissue"  "Adrenal Gland"   "Blood"           "Blood Vessel"   
 [5] "Brain"           "Breast"          "Colon"           "Esophagus"      
 [9] "Heart"           "Kidney"          "Liver"           "Lung"           
[13] "Muscle"          "Nerve"           "Ovary"           "Pancreas"       
[17] "Pituitary"       "Prostate"        "Salivary Gland"  "Skin"           
[21] "Small Intestine" "Spleen"          "Stomach"         "Testis"         
[25] "Thyroid"         "Uterus"          "Vagina"         
Extracting genotype data from PLINK file.
PLINK v2.0.0-a.7LM 64-bit Intel (11 Mar 2026)       cog-genomics.org/plink/2.0/
(C) 2005-2026 Shaun Purcell, Christopher Chang    GNU General Public License v3
Logging to /project2/mstephens/wdenault/susie_mix/temp_plink/plink_WNT2.log.
Options in effect:
  --bfile /project2/mstephens/gtex/GTEx_Analysis_2017-06-05_v8_WholeGenomeSeq_866Indiv
  --chr 7
  --export A
  --from-bp 116823114
  --maf 0
  --max-alleles 2
  --memory 8000
  --out /project2/mstephens/wdenault/susie_mix/temp_plink/plink_WNT2
  --rm-dup exclude-all
  --snps-only
  --threads 2
  --to-bp 117823114

Start time: Tue Sep  1 14:19:25 2026
63727 MiB RAM detected, ~26932 available; reserving 8000 MiB for main
workspace.
Using up to 2 compute threads.
866 samples (0 females, 0 males, 866 ambiguous; 866 founders) loaded from
/project2/mstephens/gtex/GTEx_Analysis_2017-06-05_v8_WholeGenomeSeq_866Indiv.fam.
67234533 variants in
/project2/mstephens/gtex/GTEx_Analysis_2017-06-05_v8_WholeGenomeSeq_866Indiv.bim;
64060212 excluded by --chr + --max-alleles + --snps-only, 3174321 remaining.
Note: No phenotype data present.
Note: Skipping --rm-dup since no duplicate IDs are present.
14187 variants remaining after main filters.
--export A pass 1/1: loading... 0%writing... 0%1%2%3%4%5%6%7%8%9%10%11%12%13%14%15%16%17%18%19%20%21%22%23%24%25%26%27%28%29%30%31%32%33%34%35%36%37%38%39%40%41%42%43%44%45%46%47%48%49%50%51%52%53%54%55%56%57%58%59%60%61%62%63%64%65%66%67%68%69%70%71%72%73%74%75%76%77%78%79%80%81%82%83%84%85%86%87%88%89%90%91%92%93%94%95%96%97%98%99% done.
--export A: /project2/mstephens/wdenault/susie_mix/temp_plink/plink_WNT2.raw
written.
End time: Tue Sep  1 14:19:31 2026
22 SNP(s) removed because HWE P < 1e-08 :
 [1] "chr7_116958681_A_G_b38_A" "chr7_117027355_G_A_b38_G"
 [3] "chr7_117032710_G_A_b38_G" "chr7_117045567_G_T_b38_G"
 [5] "chr7_117118707_G_A_b38_G" "chr7_117432376_T_C_b38_T"
 [7] "chr7_117442814_T_C_b38_T" "chr7_117444948_T_G_b38_T"
 [9] "chr7_117548682_C_A_b38_C" "chr7_117548975_G_A_b38_G"
[11] "chr7_117765064_C_T_b38_C" "chr7_117766035_C_T_b38_C"
[13] "chr7_117774618_A_C_b38_A" "chr7_117774622_A_C_b38_A"
[15] "chr7_117776623_T_C_b38_T" "chr7_117778400_T_G_b38_T"
[17] "chr7_117786085_C_T_b38_C" "chr7_117787957_C_T_b38_C"
[19] "chr7_117795229_A_T_b38_A" "chr7_117795910_T_C_b38_T"
[21] "chr7_117802206_C_G_b38_C" "chr7_117804994_T_C_b38_T"

=====================================
Tissue: Adipose Tissue 
=====================================
[1] TRUE
Running SuSiE.

=====================================
Tissue: Adrenal Gland 
=====================================
[1] TRUE
Running SuSiE.

=====================================
Tissue: Blood 
=====================================
[1] TRUE
Running SuSiE.

=====================================
Tissue: Blood Vessel 
=====================================
[1] TRUE
Running SuSiE.

=====================================
Tissue: Brain 
=====================================
[1] TRUE
Running SuSiE.

=====================================
Tissue: Breast 
=====================================
[1] TRUE
Running SuSiE.

=====================================
Tissue: Colon 
=====================================
[1] TRUE
Running SuSiE.

=====================================
Tissue: Esophagus 
=====================================
[1] TRUE
Running SuSiE.

=====================================
Tissue: Heart 
=====================================
[1] TRUE
Running SuSiE.

=====================================
Tissue: Kidney 
=====================================
[1] TRUE
Running SuSiE.

=====================================
Tissue: Liver 
=====================================
[1] TRUE
Running SuSiE.

=====================================
Tissue: Lung 
=====================================
[1] TRUE
Running SuSiE.

=====================================
Tissue: Muscle 
=====================================
[1] TRUE
Running SuSiE.

=====================================
Tissue: Nerve 
=====================================
[1] TRUE
Running SuSiE.

=====================================
Tissue: Ovary 
=====================================
[1] TRUE
Running SuSiE.

=====================================
Tissue: Pancreas 
=====================================
[1] TRUE
Running SuSiE.

=====================================
Tissue: Pituitary 
=====================================
[1] TRUE
Running SuSiE.

=====================================
Tissue: Prostate 
=====================================
[1] TRUE
Running SuSiE.

=====================================
Tissue: Salivary Gland 
=====================================
[1] TRUE
Running SuSiE.

=====================================
Tissue: Skin 
=====================================
[1] TRUE
Running SuSiE.

=====================================
Tissue: Small Intestine 
=====================================
[1] TRUE
Running SuSiE.

=====================================
Tissue: Spleen 
=====================================
[1] TRUE
Running SuSiE.

=====================================
Tissue: Stomach 
=====================================
[1] TRUE
Running SuSiE.

=====================================
Tissue: Testis 
=====================================
[1] TRUE
Running SuSiE.

=====================================
Tissue: Thyroid 
=====================================
[1] TRUE
Running SuSiE.

=====================================
Tissue: Uterus 
=====================================
[1] TRUE
Running SuSiE.

=====================================
Tissue: Vagina 
=====================================
[1] TRUE
Running SuSiE.
[2026-09-01 14:20:31] starting WNT2B
Importing covariate data.
Importing gene expression data.
Found 27 tissues for gene WNT2B :
 [1] "Adipose Tissue"  "Adrenal Gland"   "Blood"           "Blood Vessel"   
 [5] "Brain"           "Breast"          "Colon"           "Esophagus"      
 [9] "Heart"           "Kidney"          "Liver"           "Lung"           
[13] "Muscle"          "Nerve"           "Ovary"           "Pancreas"       
[17] "Pituitary"       "Prostate"        "Salivary Gland"  "Skin"           
[21] "Small Intestine" "Spleen"          "Stomach"         "Testis"         
[25] "Thyroid"         "Uterus"          "Vagina"         
Extracting genotype data from PLINK file.
PLINK v2.0.0-a.7LM 64-bit Intel (11 Mar 2026)       cog-genomics.org/plink/2.0/
(C) 2005-2026 Shaun Purcell, Christopher Chang    GNU General Public License v3
Logging to /project2/mstephens/wdenault/susie_mix/temp_plink/plink_WNT2B.log.
Options in effect:
  --bfile /project2/mstephens/gtex/GTEx_Analysis_2017-06-05_v8_WholeGenomeSeq_866Indiv
  --chr 1
  --export A
  --from-bp 111966541
  --maf 0
  --max-alleles 2
  --memory 8000
  --out /project2/mstephens/wdenault/susie_mix/temp_plink/plink_WNT2B
  --rm-dup exclude-all
  --snps-only
  --threads 2
  --to-bp 112966541

Start time: Tue Sep  1 14:21:27 2026
63727 MiB RAM detected, ~26664 available; reserving 8000 MiB for main
workspace.
Using up to 2 compute threads.
866 samples (0 females, 0 males, 866 ambiguous; 866 founders) loaded from
/project2/mstephens/gtex/GTEx_Analysis_2017-06-05_v8_WholeGenomeSeq_866Indiv.fam.
67234533 variants in
/project2/mstephens/gtex/GTEx_Analysis_2017-06-05_v8_WholeGenomeSeq_866Indiv.bim;
62424502 excluded by --chr + --max-alleles + --snps-only, 4810031 remaining.
Note: No phenotype data present.
Note: Skipping --rm-dup since no duplicate IDs are present.
19291 variants remaining after main filters.
--export A pass 1/1: loading... 0%10% writing... 0%1%2%3%4%5%6%7%8%9%10%11%12%13%14%15%16%17%18%19%20%21%22%23%24%25%26%27%28%29%30%31%32%33%34%35%36%37%38%39%40%41%42%43%44%45%46%47%48%49%50%51%52%53%54%55%56%57%58%59%60%61%62%63%64%65%66%67%68%69%70%71%72%73%74%75%76%77%78%79%80%81%82%83%84%85%86%87%88%89%90%91%92%93%94%95%96%97%98%99% done.
--export A: /project2/mstephens/wdenault/susie_mix/temp_plink/plink_WNT2B.raw
written.
End time: Tue Sep  1 14:21:32 2026
29 SNP(s) removed because HWE P < 1e-08 :
 [1] "chr1_112124039_G_A_b38_G" "chr1_112124081_T_C_b38_T"
 [3] "chr1_112124322_G_A_b38_G" "chr1_112124881_G_A_b38_G"
 [5] "chr1_112124885_C_T_b38_C" "chr1_112125239_A_G_b38_A"
 [7] "chr1_112125255_T_C_b38_T" "chr1_112125394_G_A_b38_G"
 [9] "chr1_112125835_G_A_b38_G" "chr1_112143506_A_G_b38_A"
[11] "chr1_112329223_C_T_b38_C" "chr1_112330082_T_G_b38_T"
[13] "chr1_112330226_A_G_b38_A" "chr1_112330619_G_A_b38_G"
[15] "chr1_112331249_T_C_b38_T" "chr1_112331847_T_C_b38_T"
[17] "chr1_112398512_G_A_b38_G" "chr1_112398941_T_G_b38_T"
[19] "chr1_112399517_A_G_b38_A" "chr1_112399962_G_A_b38_G"
[21] "chr1_112400828_G_A_b38_G" "chr1_112401075_G_A_b38_G"
[23] "chr1_112407256_A_G_b38_A" "chr1_112408668_C_T_b38_C"
[25] "chr1_112410341_A_C_b38_A" "chr1_112758454_A_T_b38_A"
[27] "chr1_112801677_G_A_b38_G" "chr1_112813306_T_C_b38_T"
[29] "chr1_112875259_A_G_b38_A"

=====================================
Tissue: Adipose Tissue 
=====================================
[1] TRUE
Running SuSiE.

=====================================
Tissue: Adrenal Gland 
=====================================
[1] TRUE
Running SuSiE.

=====================================
Tissue: Blood 
=====================================
[1] TRUE
Running SuSiE.

=====================================
Tissue: Blood Vessel 
=====================================
[1] TRUE
Running SuSiE.

=====================================
Tissue: Brain 
=====================================
[1] TRUE
Running SuSiE.

=====================================
Tissue: Breast 
=====================================
[1] TRUE
Running SuSiE.

=====================================
Tissue: Colon 
=====================================
[1] TRUE
Running SuSiE.

=====================================
Tissue: Esophagus 
=====================================
[1] TRUE
Running SuSiE.

=====================================
Tissue: Heart 
=====================================
[1] TRUE
Running SuSiE.

=====================================
Tissue: Kidney 
=====================================
[1] TRUE
Running SuSiE.

=====================================
Tissue: Liver 
=====================================
[1] TRUE
Running SuSiE.

=====================================
Tissue: Lung 
=====================================
[1] TRUE
Running SuSiE.

=====================================
Tissue: Muscle 
=====================================
[1] TRUE
Running SuSiE.

=====================================
Tissue: Nerve 
=====================================
[1] TRUE
Running SuSiE.

=====================================
Tissue: Ovary 
=====================================
[1] TRUE
Running SuSiE.

=====================================
Tissue: Pancreas 
=====================================
[1] TRUE
Running SuSiE.

=====================================
Tissue: Pituitary 
=====================================
[1] TRUE
Running SuSiE.

=====================================
Tissue: Prostate 
=====================================
[1] TRUE
Running SuSiE.

=====================================
Tissue: Salivary Gland 
=====================================
[1] TRUE
Running SuSiE.

=====================================
Tissue: Skin 
=====================================
[1] TRUE
Running SuSiE.

=====================================
Tissue: Small Intestine 
=====================================
[1] TRUE
Running SuSiE.

=====================================
Tissue: Spleen 
=====================================
[1] TRUE
Running SuSiE.

=====================================
Tissue: Stomach 
=====================================
[1] TRUE
Running SuSiE.

=====================================
Tissue: Testis 
=====================================
[1] TRUE
Running SuSiE.

=====================================
Tissue: Thyroid 
=====================================
[1] TRUE
Running SuSiE.

=====================================
Tissue: Uterus 
=====================================
[1] TRUE
Running SuSiE.

=====================================
Tissue: Vagina 
=====================================
[1] TRUE
Running SuSiE.
[2026-09-01 14:23:14] starting WNT3
Importing covariate data.
Importing gene expression data.
Found 27 tissues for gene WNT3 :
 [1] "Adipose Tissue"  "Adrenal Gland"   "Blood"           "Blood Vessel"   
 [5] "Brain"           "Breast"          "Colon"           "Esophagus"      
 [9] "Heart"           "Kidney"          "Liver"           "Lung"           
[13] "Muscle"          "Nerve"           "Ovary"           "Pancreas"       
[17] "Pituitary"       "Prostate"        "Salivary Gland"  "Skin"           
[21] "Small Intestine" "Spleen"          "Stomach"         "Testis"         
[25] "Thyroid"         "Uterus"          "Vagina"         
Extracting genotype data from PLINK file.
PLINK v2.0.0-a.7LM 64-bit Intel (11 Mar 2026)       cog-genomics.org/plink/2.0/
(C) 2005-2026 Shaun Purcell, Christopher Chang    GNU General Public License v3
Logging to /project2/mstephens/wdenault/susie_mix/temp_plink/plink_WNT3.log.
Options in effect:
  --bfile /project2/mstephens/gtex/GTEx_Analysis_2017-06-05_v8_WholeGenomeSeq_866Indiv
  --chr 17
  --export A
  --from-bp 46333058
  --maf 0
  --max-alleles 2
  --memory 8000
  --out /project2/mstephens/wdenault/susie_mix/temp_plink/plink_WNT3
  --rm-dup exclude-all
  --snps-only
  --threads 2
  --to-bp 47333058

Start time: Tue Sep  1 14:24:11 2026
63727 MiB RAM detected, ~26925 available; reserving 8000 MiB for main
workspace.
Using up to 2 compute threads.
866 samples (0 females, 0 males, 866 ambiguous; 866 founders) loaded from
/project2/mstephens/gtex/GTEx_Analysis_2017-06-05_v8_WholeGenomeSeq_866Indiv.fam.
67234533 variants in
/project2/mstephens/gtex/GTEx_Analysis_2017-06-05_v8_WholeGenomeSeq_866Indiv.bim;
65601655 excluded by --chr + --max-alleles + --snps-only, 1632878 remaining.
Note: No phenotype data present.
Note: Skipping --rm-dup since no duplicate IDs are present.
13816 variants remaining after main filters.
--export A pass 1/1: loading... 0%writing... 0%1%2%3%4%5%6%7%8%9%10%11%12%13%14%15%16%17%18%19%20%21%22%23%24%25%26%27%28%29%30%31%32%33%34%35%36%37%38%39%40%41%42%43%44%45%46%47%48%49%50%51%52%53%54%55%56%57%58%59%60%61%62%63%64%65%66%67%68%69%70%71%72%73%74%75%76%77%78%79%80%81%82%83%84%85%86%87%88%89%90%91%92%93%94%95%96%97%98%99% done.
--export A: /project2/mstephens/wdenault/susie_mix/temp_plink/plink_WNT3.raw
written.
End time: Tue Sep  1 14:24:17 2026
32 SNP(s) removed because HWE P < 1e-08 :
 [1] "chr17_46359019_T_A_b38_T" "chr17_46416973_C_T_b38_C"
 [3] "chr17_46417020_C_T_b38_C" "chr17_46429190_A_G_b38_A"
 [5] "chr17_46492840_T_C_b38_T" "chr17_46493633_G_T_b38_G"
 [7] "chr17_46494177_A_G_b38_A" "chr17_46494240_C_T_b38_C"
 [9] "chr17_46494490_G_A_b38_G" "chr17_46494494_G_C_b38_G"
[11] "chr17_46498398_A_C_b38_A" "chr17_46503013_T_C_b38_T"
[13] "chr17_46543415_T_C_b38_T" "chr17_46548670_G_A_b38_G"
[15] "chr17_46548981_T_C_b38_T" "chr17_46553527_A_G_b38_A"
[17] "chr17_46580378_C_T_b38_C" "chr17_46622261_G_T_b38_G"
[19] "chr17_46687615_C_G_b38_C" "chr17_46693425_A_C_b38_A"
[21] "chr17_46699477_T_C_b38_T" "chr17_46704913_C_G_b38_C"
[23] "chr17_46737518_T_C_b38_T" "chr17_46738377_A_G_b38_A"
[25] "chr17_46782647_T_C_b38_T" "chr17_46788777_C_A_b38_C"
[27] "chr17_46901939_T_C_b38_T" "chr17_46971733_C_G_b38_C"
[29] "chr17_47033320_G_C_b38_G" "chr17_47131912_T_C_b38_T"
[31] "chr17_47131914_A_T_b38_A" "chr17_47131922_C_T_b38_C"

=====================================
Tissue: Adipose Tissue 
=====================================
[1] TRUE
Running SuSiE.

=====================================
Tissue: Adrenal Gland 
=====================================
[1] TRUE
Running SuSiE.

=====================================
Tissue: Blood 
=====================================
[1] TRUE
Running SuSiE.

=====================================
Tissue: Blood Vessel 
=====================================
[1] TRUE
Running SuSiE.

=====================================
Tissue: Brain 
=====================================
[1] TRUE
Running SuSiE.

=====================================
Tissue: Breast 
=====================================
[1] TRUE
Running SuSiE.

=====================================
Tissue: Colon 
=====================================
[1] TRUE
Running SuSiE.

=====================================
Tissue: Esophagus 
=====================================
[1] TRUE
Running SuSiE.

=====================================
Tissue: Heart 
=====================================
[1] TRUE
Running SuSiE.

=====================================
Tissue: Kidney 
=====================================
[1] TRUE
Running SuSiE.

=====================================
Tissue: Liver 
=====================================
[1] TRUE
Running SuSiE.

=====================================
Tissue: Lung 
=====================================
[1] TRUE
Running SuSiE.

=====================================
Tissue: Muscle 
=====================================
[1] TRUE
Running SuSiE.

=====================================
Tissue: Nerve 
=====================================
[1] TRUE
Running SuSiE.

=====================================
Tissue: Ovary 
=====================================
[1] TRUE
Running SuSiE.

=====================================
Tissue: Pancreas 
=====================================
[1] TRUE
Running SuSiE.

=====================================
Tissue: Pituitary 
=====================================
[1] TRUE
Running SuSiE.

=====================================
Tissue: Prostate 
=====================================
[1] TRUE
Running SuSiE.

=====================================
Tissue: Salivary Gland 
=====================================
[1] TRUE
Running SuSiE.

=====================================
Tissue: Skin 
=====================================
[1] TRUE
Running SuSiE.

=====================================
Tissue: Small Intestine 
=====================================
[1] TRUE
Running SuSiE.

=====================================
Tissue: Spleen 
=====================================
[1] TRUE
Running SuSiE.

=====================================
Tissue: Stomach 
=====================================
[1] TRUE
Running SuSiE.

=====================================
Tissue: Testis 
=====================================
[1] TRUE
Running SuSiE.

=====================================
Tissue: Thyroid 
=====================================
[1] TRUE
Running SuSiE.

=====================================
Tissue: Uterus 
=====================================
[1] TRUE
Running SuSiE.

=====================================
Tissue: Vagina 
=====================================
[1] TRUE
Running SuSiE.
[2026-09-01 14:25:30] starting WNT3A
Importing covariate data.
Importing gene expression data.
Found 27 tissues for gene WNT3A :
 [1] "Adipose Tissue"  "Adrenal Gland"   "Blood"           "Blood Vessel"   
 [5] "Brain"           "Breast"          "Colon"           "Esophagus"      
 [9] "Heart"           "Kidney"          "Liver"           "Lung"           
[13] "Muscle"          "Nerve"           "Ovary"           "Pancreas"       
[17] "Pituitary"       "Prostate"        "Salivary Gland"  "Skin"           
[21] "Small Intestine" "Spleen"          "Stomach"         "Testis"         
[25] "Thyroid"         "Uterus"          "Vagina"         
Extracting genotype data from PLINK file.
PLINK v2.0.0-a.7LM 64-bit Intel (11 Mar 2026)       cog-genomics.org/plink/2.0/
(C) 2005-2026 Shaun Purcell, Christopher Chang    GNU General Public License v3
Logging to /project2/mstephens/wdenault/susie_mix/temp_plink/plink_WNT3A.log.
Options in effect:
  --bfile /project2/mstephens/gtex/GTEx_Analysis_2017-06-05_v8_WholeGenomeSeq_866Indiv
  --chr 1
  --export A
  --from-bp 227506998
  --maf 0
  --max-alleles 2
  --memory 8000
  --out /project2/mstephens/wdenault/susie_mix/temp_plink/plink_WNT3A
  --rm-dup exclude-all
  --snps-only
  --threads 2
  --to-bp 228506998

Start time: Tue Sep  1 14:26:27 2026
63727 MiB RAM detected, ~26934 available; reserving 8000 MiB for main
workspace.
Using up to 2 compute threads.
866 samples (0 females, 0 males, 866 ambiguous; 866 founders) loaded from
/project2/mstephens/gtex/GTEx_Analysis_2017-06-05_v8_WholeGenomeSeq_866Indiv.fam.
67234533 variants in
/project2/mstephens/gtex/GTEx_Analysis_2017-06-05_v8_WholeGenomeSeq_866Indiv.bim;
62424502 excluded by --chr + --max-alleles + --snps-only, 4810031 remaining.
Note: No phenotype data present.
Note: Skipping --rm-dup since no duplicate IDs are present.
18080 variants remaining after main filters.
--export A pass 1/1: loading... 0%8%writing... 0%1%2%3%4%5%6%7%8%9%10%11%12%13%14%15%16%17%18%19%20%21%22%23%24%25%26%27%28%29%30%31%32%33%34%35%36%37%38%39%40%41%42%43%44%45%46%47%48%49%50%51%52%53%54%55%56%57%58%59%60%61%62%63%64%65%66%67%68%69%70%71%72%73%74%75%76%77%78%79%80%81%82%83%84%85%86%87%88%89%90%91%92%93%94%95%96%97%98%99% done.
--export A: /project2/mstephens/wdenault/susie_mix/temp_plink/plink_WNT3A.raw
written.
End time: Tue Sep  1 14:26:33 2026
49 SNP(s) removed because HWE P < 1e-08 :
 [1] "chr1_227572195_T_A_b38_T" "chr1_227572202_A_G_b38_A"
 [3] "chr1_227572230_A_G_b38_A" "chr1_227572245_G_T_b38_G"
 [5] "chr1_227572251_A_G_b38_A" "chr1_227777755_C_G_b38_C"
 [7] "chr1_227835550_A_G_b38_A" "chr1_227891929_A_G_b38_A"
 [9] "chr1_227892081_A_C_b38_A" "chr1_227892346_A_G_b38_A"
[11] "chr1_227892414_A_G_b38_A" "chr1_227892552_G_A_b38_G"
[13] "chr1_227892709_C_T_b38_C" "chr1_227893386_A_G_b38_A"
[15] "chr1_227898630_T_G_b38_T" "chr1_227899133_C_G_b38_C"
[17] "chr1_227899763_T_C_b38_T" "chr1_227899860_A_G_b38_A"
[19] "chr1_227968442_G_C_b38_G" "chr1_227972218_G_C_b38_G"
[21] "chr1_227972243_T_C_b38_T" "chr1_227972244_G_A_b38_G"
[23] "chr1_227972249_T_C_b38_T" "chr1_227972252_A_G_b38_A"
[25] "chr1_227972276_A_C_b38_A" "chr1_227972286_C_T_b38_C"
[27] "chr1_227972309_C_T_b38_C" "chr1_227973728_C_T_b38_C"
[29] "chr1_227976709_T_C_b38_T" "chr1_228008620_G_A_b38_G"
[31] "chr1_228012752_G_C_b38_G" "chr1_228159651_A_G_b38_A"
[33] "chr1_228412251_G_C_b38_G" "chr1_228417657_A_T_b38_A"
[35] "chr1_228419264_A_G_b38_A" "chr1_228426422_T_C_b38_T"
[37] "chr1_228445366_T_C_b38_T" "chr1_228446093_A_G_b38_A"
[39] "chr1_228446586_T_C_b38_T" "chr1_228447108_C_G_b38_C"
[41] "chr1_228447216_G_A_b38_G" "chr1_228452542_G_A_b38_G"
[43] "chr1_228453692_C_T_b38_C" "chr1_228463159_T_A_b38_T"
[45] "chr1_228466494_C_T_b38_C" "chr1_228467122_A_G_b38_A"
[47] "chr1_228467135_T_C_b38_T" "chr1_228468355_T_G_b38_T"
[49] "chr1_228469079_G_A_b38_G"

=====================================
Tissue: Adipose Tissue 
=====================================
[1] TRUE
Running SuSiE.

=====================================
Tissue: Adrenal Gland 
=====================================
[1] TRUE
Running SuSiE.

=====================================
Tissue: Blood 
=====================================
[1] TRUE
Running SuSiE.

=====================================
Tissue: Blood Vessel 
=====================================
[1] TRUE
Running SuSiE.

=====================================
Tissue: Brain 
=====================================
[1] TRUE
Running SuSiE.

=====================================
Tissue: Breast 
=====================================
[1] TRUE
Running SuSiE.

=====================================
Tissue: Colon 
=====================================
[1] TRUE
Running SuSiE.

=====================================
Tissue: Esophagus 
=====================================
[1] TRUE
Running SuSiE.

=====================================
Tissue: Heart 
=====================================
[1] TRUE
Running SuSiE.

=====================================
Tissue: Kidney 
=====================================
[1] TRUE
Running SuSiE.

=====================================
Tissue: Liver 
=====================================
[1] TRUE
Running SuSiE.

=====================================
Tissue: Lung 
=====================================
[1] TRUE
Running SuSiE.

=====================================
Tissue: Muscle 
=====================================
[1] TRUE
Running SuSiE.

=====================================
Tissue: Nerve 
=====================================
[1] TRUE
Running SuSiE.

=====================================
Tissue: Ovary 
=====================================
[1] TRUE
Running SuSiE.

=====================================
Tissue: Pancreas 
=====================================
[1] TRUE
Running SuSiE.

=====================================
Tissue: Pituitary 
=====================================
[1] TRUE
Running SuSiE.

=====================================
Tissue: Prostate 
=====================================
[1] TRUE
Running SuSiE.

=====================================
Tissue: Salivary Gland 
=====================================
[1] TRUE
Running SuSiE.

=====================================
Tissue: Skin 
=====================================
[1] TRUE
Running SuSiE.

=====================================
Tissue: Small Intestine 
=====================================
[1] TRUE
Running SuSiE.

=====================================
Tissue: Spleen 
=====================================
[1] TRUE
Running SuSiE.

=====================================
Tissue: Stomach 
=====================================
[1] TRUE
Running SuSiE.

=====================================
Tissue: Testis 
=====================================
[1] TRUE
Running SuSiE.

=====================================
Tissue: Thyroid 
=====================================
[1] TRUE
Running SuSiE.

=====================================
Tissue: Uterus 
=====================================
[1] TRUE
Running SuSiE.

=====================================
Tissue: Vagina 
=====================================
[1] TRUE
Running SuSiE.
[2026-09-01 14:28:04] starting WNT4
Importing covariate data.
Importing gene expression data.
Found 27 tissues for gene WNT4 :
 [1] "Adipose Tissue"  "Adrenal Gland"   "Blood"           "Blood Vessel"   
 [5] "Brain"           "Breast"          "Colon"           "Esophagus"      
 [9] "Heart"           "Kidney"          "Liver"           "Lung"           
[13] "Muscle"          "Nerve"           "Ovary"           "Pancreas"       
[17] "Pituitary"       "Prostate"        "Salivary Gland"  "Skin"           
[21] "Small Intestine" "Spleen"          "Stomach"         "Testis"         
[25] "Thyroid"         "Uterus"          "Vagina"         
Extracting genotype data from PLINK file.
PLINK v2.0.0-a.7LM 64-bit Intel (11 Mar 2026)       cog-genomics.org/plink/2.0/
(C) 2005-2026 Shaun Purcell, Christopher Chang    GNU General Public License v3
Logging to /project2/mstephens/wdenault/susie_mix/temp_plink/plink_WNT4.log.
Options in effect:
  --bfile /project2/mstephens/gtex/GTEx_Analysis_2017-06-05_v8_WholeGenomeSeq_866Indiv
  --chr 1
  --export A
  --from-bp 21643969
  --maf 0
  --max-alleles 2
  --memory 8000
  --out /project2/mstephens/wdenault/susie_mix/temp_plink/plink_WNT4
  --rm-dup exclude-all
  --snps-only
  --threads 2
  --to-bp 22643969

Start time: Tue Sep  1 14:29:00 2026
63727 MiB RAM detected, ~26928 available; reserving 8000 MiB for main
workspace.
Using up to 2 compute threads.
866 samples (0 females, 0 males, 866 ambiguous; 866 founders) loaded from
/project2/mstephens/gtex/GTEx_Analysis_2017-06-05_v8_WholeGenomeSeq_866Indiv.fam.
67234533 variants in
/project2/mstephens/gtex/GTEx_Analysis_2017-06-05_v8_WholeGenomeSeq_866Indiv.bim;
62424502 excluded by --chr + --max-alleles + --snps-only, 4810031 remaining.
Note: No phenotype data present.
Note: Skipping --rm-dup since no duplicate IDs are present.
20029 variants remaining after main filters.
--export A pass 1/1: loading... 0%writing... 0%1%2%3%4%5%6%7%8%9%10%11%12%13%14%15%16%17%18%19%20%21%22%23%24%25%26%27%28%29%30%31%32%33%34%35%36%37%38%39%40%41%42%43%44%45%46%47%48%49%50%51%52%53%54%55%56%57%58%59%60%61%62%63%64%65%66%67%68%69%70%71%72%73%74%75%76%77%78%79%80%81%82%83%84%85%86%87%88%89%90%91%92%93%94%95%96%97%98%99% done.
--export A: /project2/mstephens/wdenault/susie_mix/temp_plink/plink_WNT4.raw
written.
End time: Tue Sep  1 14:29:06 2026
75 SNP(s) removed because HWE P < 1e-08 :
 [1] "chr1_21697490_C_T_b38_C" "chr1_21925769_A_G_b38_A"
 [3] "chr1_21969880_C_G_b38_C" "chr1_21969882_A_G_b38_A"
 [5] "chr1_21971546_G_A_b38_G" "chr1_21973030_T_G_b38_T"
 [7] "chr1_21979516_A_G_b38_A" "chr1_21982000_C_T_b38_C"
 [9] "chr1_21983464_T_C_b38_T" "chr1_21983524_T_C_b38_T"
[11] "chr1_21983525_G_C_b38_G" "chr1_21987951_A_C_b38_A"
[13] "chr1_21987982_G_C_b38_G" "chr1_21987983_T_C_b38_T"
[15] "chr1_21988320_G_A_b38_G" "chr1_21988341_C_A_b38_C"
[17] "chr1_21988844_T_C_b38_T" "chr1_21989169_C_T_b38_C"
[19] "chr1_21989173_G_A_b38_G" "chr1_21989217_G_A_b38_G"
[21] "chr1_21989994_A_C_b38_A" "chr1_21992594_G_C_b38_G"
[23] "chr1_21994007_T_C_b38_T" "chr1_21994061_T_C_b38_T"
[25] "chr1_21994074_T_G_b38_T" "chr1_21995073_A_G_b38_A"
[27] "chr1_21995462_A_C_b38_A" "chr1_21998484_C_T_b38_C"
[29] "chr1_21999405_G_A_b38_G" "chr1_21999616_T_C_b38_T"
[31] "chr1_22000921_G_A_b38_G" "chr1_22002569_C_G_b38_C"
[33] "chr1_22002570_C_T_b38_C" "chr1_22002727_G_A_b38_G"
[35] "chr1_22002853_G_A_b38_G" "chr1_22002921_G_A_b38_G"
[37] "chr1_22003194_C_T_b38_C" "chr1_22003333_T_A_b38_T"
[39] "chr1_22003458_A_G_b38_A" "chr1_22003904_G_A_b38_G"
[41] "chr1_22003918_A_G_b38_A" "chr1_22004046_G_C_b38_G"
[43] "chr1_22004504_T_G_b38_T" "chr1_22004607_G_A_b38_G"
[45] "chr1_22004660_C_G_b38_C" "chr1_22004679_C_T_b38_C"
[47] "chr1_22004682_A_G_b38_A" "chr1_22004754_G_T_b38_G"
[49] "chr1_22004866_G_A_b38_G" "chr1_22004897_C_T_b38_C"
[51] "chr1_22004959_C_T_b38_C" "chr1_22005129_G_T_b38_G"
[53] "chr1_22005133_C_T_b38_C" "chr1_22005134_G_A_b38_G"
[55] "chr1_22005212_G_C_b38_G" "chr1_22005329_C_T_b38_C"
[57] "chr1_22005336_C_A_b38_C" "chr1_22005515_T_C_b38_T"
[59] "chr1_22005826_G_A_b38_G" "chr1_22005839_T_C_b38_T"
[61] "chr1_22005840_G_A_b38_G" "chr1_22005918_A_G_b38_A"
[63] "chr1_22006022_G_A_b38_G" "chr1_22006047_A_G_b38_A"
[65] "chr1_22006183_A_C_b38_A" "chr1_22008797_T_G_b38_T"
[67] "chr1_22008798_G_A_b38_G" "chr1_22008911_T_A_b38_T"
[69] "chr1_22008995_T_G_b38_T" "chr1_22010937_G_C_b38_G"
[71] "chr1_22010965_C_A_b38_C" "chr1_22011146_A_G_b38_A"
[73] "chr1_22015779_C_G_b38_C" "chr1_22065776_C_G_b38_C"
[75] "chr1_22230986_A_G_b38_A"

=====================================
Tissue: Adipose Tissue 
=====================================
[1] TRUE
Running SuSiE.

=====================================
Tissue: Adrenal Gland 
=====================================
[1] TRUE
Running SuSiE.

=====================================
Tissue: Blood 
=====================================
[1] TRUE
Running SuSiE.

=====================================
Tissue: Blood Vessel 
=====================================
[1] TRUE
Running SuSiE.

=====================================
Tissue: Brain 
=====================================
[1] TRUE
Running SuSiE.

=====================================
Tissue: Breast 
=====================================
[1] TRUE
Running SuSiE.

=====================================
Tissue: Colon 
=====================================
[1] TRUE
Running SuSiE.

=====================================
Tissue: Esophagus 
=====================================
[1] TRUE
Running SuSiE.

=====================================
Tissue: Heart 
=====================================
[1] TRUE
Running SuSiE.

=====================================
Tissue: Kidney 
=====================================
[1] TRUE
Running SuSiE.

=====================================
Tissue: Liver 
=====================================
[1] TRUE
Running SuSiE.

=====================================
Tissue: Lung 
=====================================
[1] TRUE
Running SuSiE.

=====================================
Tissue: Muscle 
=====================================
[1] TRUE
Running SuSiE.

=====================================
Tissue: Nerve 
=====================================
[1] TRUE
Running SuSiE.

=====================================
Tissue: Ovary 
=====================================
[1] TRUE
Running SuSiE.

=====================================
Tissue: Pancreas 
=====================================
[1] TRUE
Running SuSiE.

=====================================
Tissue: Pituitary 
=====================================
[1] TRUE
Running SuSiE.

=====================================
Tissue: Prostate 
=====================================
[1] TRUE
Running SuSiE.

=====================================
Tissue: Salivary Gland 
=====================================
[1] TRUE
Running SuSiE.

=====================================
Tissue: Skin 
=====================================
[1] TRUE
Running SuSiE.

=====================================
Tissue: Small Intestine 
=====================================
[1] TRUE
Running SuSiE.

=====================================
Tissue: Spleen 
=====================================
[1] TRUE
Running SuSiE.

=====================================
Tissue: Stomach 
=====================================
[1] TRUE
Running SuSiE.

=====================================
Tissue: Testis 
=====================================
[1] TRUE
Running SuSiE.

=====================================
Tissue: Thyroid 
=====================================
[1] TRUE
Running SuSiE.

=====================================
Tissue: Uterus 
=====================================
[1] TRUE
Running SuSiE.

=====================================
Tissue: Vagina 
=====================================
[1] TRUE
Running SuSiE.
[2026-09-01 14:31:23] starting WNT5A
Importing covariate data.
Importing gene expression data.
Found 27 tissues for gene WNT5A :
 [1] "Adipose Tissue"  "Adrenal Gland"   "Blood"           "Blood Vessel"   
 [5] "Brain"           "Breast"          "Colon"           "Esophagus"      
 [9] "Heart"           "Kidney"          "Liver"           "Lung"           
[13] "Muscle"          "Nerve"           "Ovary"           "Pancreas"       
[17] "Pituitary"       "Prostate"        "Salivary Gland"  "Skin"           
[21] "Small Intestine" "Spleen"          "Stomach"         "Testis"         
[25] "Thyroid"         "Uterus"          "Vagina"         
Extracting genotype data from PLINK file.
PLINK v2.0.0-a.7LM 64-bit Intel (11 Mar 2026)       cog-genomics.org/plink/2.0/
(C) 2005-2026 Shaun Purcell, Christopher Chang    GNU General Public License v3
Logging to /project2/mstephens/wdenault/susie_mix/temp_plink/plink_WNT5A.log.
Options in effect:
  --bfile /project2/mstephens/gtex/GTEx_Analysis_2017-06-05_v8_WholeGenomeSeq_866Indiv
  --chr 3
  --export A
  --from-bp 54990539
  --maf 0
  --max-alleles 2
  --memory 8000
  --out /project2/mstephens/wdenault/susie_mix/temp_plink/plink_WNT5A
  --rm-dup exclude-all
  --snps-only
  --threads 2
  --to-bp 55990539

Start time: Tue Sep  1 14:32:21 2026
63727 MiB RAM detected, ~26939 available; reserving 8000 MiB for main
workspace.
Using up to 2 compute threads.
866 samples (0 females, 0 males, 866 ambiguous; 866 founders) loaded from
/project2/mstephens/gtex/GTEx_Analysis_2017-06-05_v8_WholeGenomeSeq_866Indiv.fam.
67234533 variants in
/project2/mstephens/gtex/GTEx_Analysis_2017-06-05_v8_WholeGenomeSeq_866Indiv.bim;
63427992 excluded by --chr + --max-alleles + --snps-only, 3806541 remaining.
Note: No phenotype data present.
Note: Skipping --rm-dup since no duplicate IDs are present.
18494 variants remaining after main filters.
--export A pass 1/1: loading... 0%17% writing... 0%1%2%3%4%5%6%7%8%9%10%11%12%13%14%15%16%17%18%19%20%21%22%23%24%25%26%27%28%29%30%31%32%33%34%35%36%37%38%39%40%41%42%43%44%45%46%47%48%49%50%51%52%53%54%55%56%57%58%59%60%61%62%63%64%65%66%67%68%69%70%71%72%73%74%75%76%77%78%79%80%81%82%83%84%85%86%87%88%89%90%91%92%93%94%95%96%97%98%99% done.
--export A: /project2/mstephens/wdenault/susie_mix/temp_plink/plink_WNT5A.raw
written.
End time: Tue Sep  1 14:32:27 2026
13 SNP(s) removed because HWE P < 1e-08 :
 [1] "chr3_55174396_G_A_b38_G" "chr3_55290933_T_A_b38_T"
 [3] "chr3_55296162_C_T_b38_C" "chr3_55406855_C_T_b38_C"
 [5] "chr3_55416040_T_A_b38_T" "chr3_55416444_T_A_b38_T"
 [7] "chr3_55418405_G_T_b38_G" "chr3_55419407_A_T_b38_A"
 [9] "chr3_55419508_G_T_b38_G" "chr3_55420115_A_G_b38_A"
[11] "chr3_55421084_G_C_b38_G" "chr3_55422701_C_T_b38_C"
[13] "chr3_55549916_T_C_b38_T"

=====================================
Tissue: Adipose Tissue 
=====================================
[1] TRUE
Running SuSiE.

=====================================
Tissue: Adrenal Gland 
=====================================
[1] TRUE
Running SuSiE.

=====================================
Tissue: Blood 
=====================================
[1] TRUE
Running SuSiE.

=====================================
Tissue: Blood Vessel 
=====================================
[1] TRUE
Running SuSiE.

=====================================
Tissue: Brain 
=====================================
[1] TRUE
Running SuSiE.

=====================================
Tissue: Breast 
=====================================
[1] TRUE
Running SuSiE.

=====================================
Tissue: Colon 
=====================================
[1] TRUE
Running SuSiE.

=====================================
Tissue: Esophagus 
=====================================
[1] TRUE
Running SuSiE.

=====================================
Tissue: Heart 
=====================================
[1] TRUE
Running SuSiE.

=====================================
Tissue: Kidney 
=====================================
[1] TRUE
Running SuSiE.

=====================================
Tissue: Liver 
=====================================
[1] TRUE
Running SuSiE.

=====================================
Tissue: Lung 
=====================================
[1] TRUE
Running SuSiE.

=====================================
Tissue: Muscle 
=====================================
[1] TRUE
Running SuSiE.

=====================================
Tissue: Nerve 
=====================================
[1] TRUE
Running SuSiE.

=====================================
Tissue: Ovary 
=====================================
[1] TRUE
Running SuSiE.

=====================================
Tissue: Pancreas 
=====================================
[1] TRUE
Running SuSiE.

=====================================
Tissue: Pituitary 
=====================================
[1] TRUE
Running SuSiE.

=====================================
Tissue: Prostate 
=====================================
[1] TRUE
Running SuSiE.

=====================================
Tissue: Salivary Gland 
=====================================
[1] TRUE
Running SuSiE.

=====================================
Tissue: Skin 
=====================================
[1] TRUE
Running SuSiE.

=====================================
Tissue: Small Intestine 
=====================================
[1] TRUE
Running SuSiE.

=====================================
Tissue: Spleen 
=====================================
[1] TRUE
Running SuSiE.

=====================================
Tissue: Stomach 
=====================================
[1] TRUE
Running SuSiE.

=====================================
Tissue: Testis 
=====================================
[1] TRUE
Running SuSiE.

=====================================
Tissue: Thyroid 
=====================================
[1] TRUE
Running SuSiE.

=====================================
Tissue: Uterus 
=====================================
[1] TRUE
Running SuSiE.

=====================================
Tissue: Vagina 
=====================================
[1] TRUE
Running SuSiE.
[2026-09-01 14:34:27] starting WNT5B
Importing covariate data.
Importing gene expression data.
Found 27 tissues for gene WNT5B :
 [1] "Adipose Tissue"  "Adrenal Gland"   "Blood"           "Blood Vessel"   
 [5] "Brain"           "Breast"          "Colon"           "Esophagus"      
 [9] "Heart"           "Kidney"          "Liver"           "Lung"           
[13] "Muscle"          "Nerve"           "Ovary"           "Pancreas"       
[17] "Pituitary"       "Prostate"        "Salivary Gland"  "Skin"           
[21] "Small Intestine" "Spleen"          "Stomach"         "Testis"         
[25] "Thyroid"         "Uterus"          "Vagina"         
Extracting genotype data from PLINK file.
PLINK v2.0.0-a.7LM 64-bit Intel (11 Mar 2026)       cog-genomics.org/plink/2.0/
(C) 2005-2026 Shaun Purcell, Christopher Chang    GNU General Public License v3
Logging to /project2/mstephens/wdenault/susie_mix/temp_plink/plink_WNT5B.log.
Options in effect:
  --bfile /project2/mstephens/gtex/GTEx_Analysis_2017-06-05_v8_WholeGenomeSeq_866Indiv
  --chr 12
  --export A
  --from-bp 1029891
  --maf 0
  --max-alleles 2
  --memory 8000
  --out /project2/mstephens/wdenault/susie_mix/temp_plink/plink_WNT5B
  --rm-dup exclude-all
  --snps-only
  --threads 2
  --to-bp 2029891

Start time: Tue Sep  1 14:35:24 2026
63727 MiB RAM detected, ~26939 available; reserving 8000 MiB for main
workspace.
Using up to 2 compute threads.
866 samples (0 females, 0 males, 866 ambiguous; 866 founders) loaded from
/project2/mstephens/gtex/GTEx_Analysis_2017-06-05_v8_WholeGenomeSeq_866Indiv.fam.
67234533 variants in
/project2/mstephens/gtex/GTEx_Analysis_2017-06-05_v8_WholeGenomeSeq_866Indiv.bim;
64641234 excluded by --chr + --max-alleles + --snps-only, 2593299 remaining.
Note: No phenotype data present.
Note: Skipping --rm-dup since no duplicate IDs are present.
20922 variants remaining after main filters.
--export A pass 1/1: loading... 0%writing... 0%1%2%3%4%5%6%7%8%9%10%11%12%13%14%15%16%17%18%19%20%21%22%23%24%25%26%27%28%29%30%31%32%33%34%35%36%37%38%39%40%41%42%43%44%45%46%47%48%49%50%51%52%53%54%55%56%57%58%59%60%61%62%63%64%65%66%67%68%69%70%71%72%73%74%75%76%77%78%79%80%81%82%83%84%85%86%87%88%89%90%91%92%93%94%95%96%97%98%99% done.
--export A: /project2/mstephens/wdenault/susie_mix/temp_plink/plink_WNT5B.raw
written.
End time: Tue Sep  1 14:35:30 2026
27 SNP(s) removed because HWE P < 1e-08 :
 [1] "chr12_1129579_A_G_b38_A" "chr12_1148415_T_A_b38_T"
 [3] "chr12_1328249_G_C_b38_G" "chr12_1355952_T_C_b38_T"
 [5] "chr12_1437508_T_C_b38_T" "chr12_1439805_A_G_b38_A"
 [7] "chr12_1440272_T_G_b38_T" "chr12_1444284_T_C_b38_T"
 [9] "chr12_1444631_A_G_b38_A" "chr12_1445405_G_A_b38_G"
[11] "chr12_1446856_C_A_b38_C" "chr12_1451949_C_G_b38_C"
[13] "chr12_1453275_A_G_b38_A" "chr12_1454592_G_A_b38_G"
[15] "chr12_1454605_A_T_b38_A" "chr12_1454686_G_A_b38_G"
[17] "chr12_1454947_T_C_b38_T" "chr12_1454966_C_T_b38_C"
[19] "chr12_1455012_T_C_b38_T" "chr12_1457526_A_G_b38_A"
[21] "chr12_1459931_T_C_b38_T" "chr12_1463307_T_C_b38_T"
[23] "chr12_1463759_T_C_b38_T" "chr12_1464457_G_A_b38_G"
[25] "chr12_1465111_G_A_b38_G" "chr12_1472026_C_T_b38_C"
[27] "chr12_1586511_A_G_b38_A"

=====================================
Tissue: Adipose Tissue 
=====================================
[1] TRUE
Running SuSiE.

=====================================
Tissue: Adrenal Gland 
=====================================
[1] TRUE
Running SuSiE.

=====================================
Tissue: Blood 
=====================================
[1] TRUE
Running SuSiE.

=====================================
Tissue: Blood Vessel 
=====================================
[1] TRUE
Running SuSiE.

=====================================
Tissue: Brain 
=====================================
[1] TRUE
Running SuSiE.

=====================================
Tissue: Breast 
=====================================
[1] TRUE
Running SuSiE.

=====================================
Tissue: Colon 
=====================================
[1] TRUE
Running SuSiE.

=====================================
Tissue: Esophagus 
=====================================
[1] TRUE
Running SuSiE.

=====================================
Tissue: Heart 
=====================================
[1] TRUE
Running SuSiE.

=====================================
Tissue: Kidney 
=====================================
[1] TRUE
Running SuSiE.

=====================================
Tissue: Liver 
=====================================
[1] TRUE
Running SuSiE.

=====================================
Tissue: Lung 
=====================================
[1] TRUE
Running SuSiE.

=====================================
Tissue: Muscle 
=====================================
[1] TRUE
Running SuSiE.

=====================================
Tissue: Nerve 
=====================================
[1] TRUE
Running SuSiE.

=====================================
Tissue: Ovary 
=====================================
[1] TRUE
Running SuSiE.

=====================================
Tissue: Pancreas 
=====================================
[1] TRUE
Running SuSiE.

=====================================
Tissue: Pituitary 
=====================================
[1] TRUE
Running SuSiE.

=====================================
Tissue: Prostate 
=====================================
[1] TRUE
Running SuSiE.

=====================================
Tissue: Salivary Gland 
=====================================
[1] TRUE
Running SuSiE.

=====================================
Tissue: Skin 
=====================================
[1] TRUE
Running SuSiE.

=====================================
Tissue: Small Intestine 
=====================================
[1] TRUE
Running SuSiE.

=====================================
Tissue: Spleen 
=====================================
[1] TRUE
Running SuSiE.

=====================================
Tissue: Stomach 
=====================================
[1] TRUE
Running SuSiE.

=====================================
Tissue: Testis 
=====================================
[1] TRUE
Running SuSiE.

=====================================
Tissue: Thyroid 
=====================================
[1] TRUE
Running SuSiE.

=====================================
Tissue: Uterus 
=====================================
[1] TRUE
Running SuSiE.

=====================================
Tissue: Vagina 
=====================================
[1] TRUE
Running SuSiE.
[2026-09-01 14:37:28] starting WNT6
Importing covariate data.
Importing gene expression data.
Found 27 tissues for gene WNT6 :
 [1] "Adipose Tissue"  "Adrenal Gland"   "Blood"           "Blood Vessel"   
 [5] "Brain"           "Breast"          "Colon"           "Esophagus"      
 [9] "Heart"           "Kidney"          "Liver"           "Lung"           
[13] "Muscle"          "Nerve"           "Ovary"           "Pancreas"       
[17] "Pituitary"       "Prostate"        "Salivary Gland"  "Skin"           
[21] "Small Intestine" "Spleen"          "Stomach"         "Testis"         
[25] "Thyroid"         "Uterus"          "Vagina"         
Extracting genotype data from PLINK file.
PLINK v2.0.0-a.7LM 64-bit Intel (11 Mar 2026)       cog-genomics.org/plink/2.0/
(C) 2005-2026 Shaun Purcell, Christopher Chang    GNU General Public License v3
Logging to /project2/mstephens/wdenault/susie_mix/temp_plink/plink_WNT6.log.
Options in effect:
  --bfile /project2/mstephens/gtex/GTEx_Analysis_2017-06-05_v8_WholeGenomeSeq_866Indiv
  --chr 2
  --export A
  --from-bp 218359805
  --maf 0
  --max-alleles 2
  --memory 8000
  --out /project2/mstephens/wdenault/susie_mix/temp_plink/plink_WNT6
  --rm-dup exclude-all
  --snps-only
  --threads 2
  --to-bp 219359805

Start time: Tue Sep  1 14:38:25 2026
63727 MiB RAM detected, ~26941 available; reserving 8000 MiB for main
workspace.
Using up to 2 compute threads.
866 samples (0 females, 0 males, 866 ambiguous; 866 founders) loaded from
/project2/mstephens/gtex/GTEx_Analysis_2017-06-05_v8_WholeGenomeSeq_866Indiv.fam.
67234533 variants in
/project2/mstephens/gtex/GTEx_Analysis_2017-06-05_v8_WholeGenomeSeq_866Indiv.bim;
62634692 excluded by --chr + --max-alleles + --snps-only, 4599841 remaining.
Note: No phenotype data present.
Note: Skipping --rm-dup since no duplicate IDs are present.
16484 variants remaining after main filters.
--export A pass 1/1: loading... 0%writing... 0%1%2%3%4%5%6%7%8%9%10%11%12%13%14%15%16%17%18%19%20%21%22%23%24%25%26%27%28%29%30%31%32%33%34%35%36%37%38%39%40%41%42%43%44%45%46%47%48%49%50%51%52%53%54%55%56%57%58%59%60%61%62%63%64%65%66%67%68%69%70%71%72%73%74%75%76%77%78%79%80%81%82%83%84%85%86%87%88%89%90%91%92%93%94%95%96%97%98%99% done.
--export A: /project2/mstephens/wdenault/susie_mix/temp_plink/plink_WNT6.raw
written.
End time: Tue Sep  1 14:38:31 2026
78 SNP(s) removed because HWE P < 1e-08 :
 [1] "chr2_218409235_A_G_b38_A" "chr2_218417597_G_A_b38_G"
 [3] "chr2_218420589_T_G_b38_T" "chr2_218477780_A_G_b38_A"
 [5] "chr2_218810922_C_T_b38_C" "chr2_218819301_T_C_b38_T"
 [7] "chr2_218826667_A_G_b38_A" "chr2_218826772_T_G_b38_T"
 [9] "chr2_218827410_A_G_b38_A" "chr2_218829133_T_C_b38_T"
[11] "chr2_218829429_G_T_b38_G" "chr2_218830602_T_C_b38_T"
[13] "chr2_218831822_T_C_b38_T" "chr2_218832338_G_C_b38_G"
[15] "chr2_218833281_A_G_b38_A" "chr2_218833420_A_G_b38_A"
[17] "chr2_218835781_G_A_b38_G" "chr2_218838208_C_T_b38_C"
[19] "chr2_218840410_T_C_b38_T" "chr2_218843175_A_G_b38_A"
[21] "chr2_218844057_T_C_b38_T" "chr2_218848115_T_C_b38_T"
[23] "chr2_218851400_T_C_b38_T" "chr2_218852022_T_A_b38_T"
[25] "chr2_218860595_C_G_b38_C" "chr2_218861775_T_C_b38_T"
[27] "chr2_218862590_T_C_b38_T" "chr2_218863795_A_G_b38_A"
[29] "chr2_218864904_A_G_b38_A" "chr2_218866295_T_C_b38_T"
[31] "chr2_218867420_C_G_b38_C" "chr2_218869251_T_C_b38_T"
[33] "chr2_218881839_T_C_b38_T" "chr2_218889082_A_C_b38_A"
[35] "chr2_218897839_A_G_b38_A" "chr2_218897940_A_G_b38_A"
[37] "chr2_218901903_T_C_b38_T" "chr2_218901904_T_C_b38_T"
[39] "chr2_218901905_G_A_b38_G" "chr2_218901909_T_C_b38_T"
[41] "chr2_218901910_G_A_b38_G" "chr2_218901915_C_T_b38_C"
[43] "chr2_218901917_C_T_b38_C" "chr2_218901920_A_T_b38_A"
[45] "chr2_218901922_C_T_b38_C" "chr2_218901936_A_G_b38_A"
[47] "chr2_218901938_G_A_b38_G" "chr2_218904234_T_C_b38_T"
[49] "chr2_218905256_A_T_b38_A" "chr2_218909978_T_C_b38_T"
[51] "chr2_218910087_T_C_b38_T" "chr2_218911631_T_G_b38_T"
[53] "chr2_218914980_G_A_b38_G" "chr2_218915569_T_C_b38_T"
[55] "chr2_218916780_G_A_b38_G" "chr2_218922716_C_G_b38_C"
[57] "chr2_218930420_G_A_b38_G" "chr2_218939851_A_T_b38_A"
[59] "chr2_218942126_T_C_b38_T" "chr2_218980419_C_T_b38_C"
[61] "chr2_218980424_C_T_b38_C" "chr2_219014034_G_A_b38_G"
[63] "chr2_219014753_C_T_b38_C" "chr2_219014760_C_T_b38_C"
[65] "chr2_219014781_G_A_b38_G" "chr2_219015306_G_A_b38_G"
[67] "chr2_219016877_G_A_b38_G" "chr2_219016880_C_T_b38_C"
[69] "chr2_219224963_G_C_b38_G" "chr2_219264199_C_G_b38_C"
[71] "chr2_219265931_A_G_b38_A" "chr2_219269288_T_C_b38_T"
[73] "chr2_219271629_G_A_b38_G" "chr2_219272114_G_T_b38_G"
[75] "chr2_219276074_G_A_b38_G" "chr2_219277241_A_T_b38_A"
[77] "chr2_219348842_A_G_b38_A" "chr2_219348862_C_T_b38_C"

=====================================
Tissue: Adipose Tissue 
=====================================
[1] TRUE
Running SuSiE.

=====================================
Tissue: Adrenal Gland 
=====================================
[1] TRUE
Running SuSiE.

=====================================
Tissue: Blood 
=====================================
[1] TRUE
Running SuSiE.

=====================================
Tissue: Blood Vessel 
=====================================
[1] TRUE
Running SuSiE.

=====================================
Tissue: Brain 
=====================================
[1] TRUE
Running SuSiE.

=====================================
Tissue: Breast 
=====================================
[1] TRUE
Running SuSiE.

=====================================
Tissue: Colon 
=====================================
[1] TRUE
Running SuSiE.

=====================================
Tissue: Esophagus 
=====================================
[1] TRUE
Running SuSiE.

=====================================
Tissue: Heart 
=====================================
[1] TRUE
Running SuSiE.

=====================================
Tissue: Kidney 
=====================================
[1] TRUE
Running SuSiE.

=====================================
Tissue: Liver 
=====================================
[1] TRUE
Running SuSiE.

=====================================
Tissue: Lung 
=====================================
[1] TRUE
Running SuSiE.

=====================================
Tissue: Muscle 
=====================================
[1] TRUE
Running SuSiE.

=====================================
Tissue: Nerve 
=====================================
[1] TRUE
Running SuSiE.

=====================================
Tissue: Ovary 
=====================================
[1] TRUE
Running SuSiE.

=====================================
Tissue: Pancreas 
=====================================
[1] TRUE
Running SuSiE.

=====================================
Tissue: Pituitary 
=====================================
[1] TRUE
Running SuSiE.

=====================================
Tissue: Prostate 
=====================================
[1] TRUE
Running SuSiE.

=====================================
Tissue: Salivary Gland 
=====================================
[1] TRUE
Running SuSiE.

=====================================
Tissue: Skin 
=====================================
[1] TRUE
Running SuSiE.

=====================================
Tissue: Small Intestine 
=====================================
[1] TRUE
Running SuSiE.

=====================================
Tissue: Spleen 
=====================================
[1] TRUE
Running SuSiE.

=====================================
Tissue: Stomach 
=====================================
[1] TRUE
Running SuSiE.

=====================================
Tissue: Testis 
=====================================
[1] TRUE
Running SuSiE.

=====================================
Tissue: Thyroid 
=====================================
[1] TRUE
Running SuSiE.

=====================================
Tissue: Uterus 
=====================================
[1] TRUE
Running SuSiE.

=====================================
Tissue: Vagina 
=====================================
[1] TRUE
Running SuSiE.
[2026-09-01 14:39:34] starting WNT7A
Importing covariate data.
Importing gene expression data.
Found 27 tissues for gene WNT7A :
 [1] "Adipose Tissue"  "Adrenal Gland"   "Blood"           "Blood Vessel"   
 [5] "Brain"           "Breast"          "Colon"           "Esophagus"      
 [9] "Heart"           "Kidney"          "Liver"           "Lung"           
[13] "Muscle"          "Nerve"           "Ovary"           "Pancreas"       
[17] "Pituitary"       "Prostate"        "Salivary Gland"  "Skin"           
[21] "Small Intestine" "Spleen"          "Stomach"         "Testis"         
[25] "Thyroid"         "Uterus"          "Vagina"         
Extracting genotype data from PLINK file.
PLINK v2.0.0-a.7LM 64-bit Intel (11 Mar 2026)       cog-genomics.org/plink/2.0/
(C) 2005-2026 Shaun Purcell, Christopher Chang    GNU General Public License v3
Logging to /project2/mstephens/wdenault/susie_mix/temp_plink/plink_WNT7A.log.
Options in effect:
  --bfile /project2/mstephens/gtex/GTEx_Analysis_2017-06-05_v8_WholeGenomeSeq_866Indiv
  --chr 3
  --export A
  --from-bp 13380071
  --maf 0
  --max-alleles 2
  --memory 8000
  --out /project2/mstephens/wdenault/susie_mix/temp_plink/plink_WNT7A
  --rm-dup exclude-all
  --snps-only
  --threads 2
  --to-bp 14380071

Start time: Tue Sep  1 14:40:30 2026
63727 MiB RAM detected, ~26920 available; reserving 8000 MiB for main
workspace.
Using up to 2 compute threads.
866 samples (0 females, 0 males, 866 ambiguous; 866 founders) loaded from
/project2/mstephens/gtex/GTEx_Analysis_2017-06-05_v8_WholeGenomeSeq_866Indiv.fam.
67234533 variants in
/project2/mstephens/gtex/GTEx_Analysis_2017-06-05_v8_WholeGenomeSeq_866Indiv.bim;
63427992 excluded by --chr + --max-alleles + --snps-only, 3806541 remaining.
Note: No phenotype data present.
Note: Skipping --rm-dup since no duplicate IDs are present.
19636 variants remaining after main filters.
--export A pass 1/1: loading... 0%25% writing... 0%1%2%3%4%5%6%7%8%9%10%11%12%13%14%15%16%17%18%19%20%21%22%23%24%25%26%27%28%29%30%31%32%33%34%35%36%37%38%39%40%41%42%43%44%45%46%47%48%49%50%51%52%53%54%55%56%57%58%59%60%61%62%63%64%65%66%67%68%69%70%71%72%73%74%75%76%77%78%79%80%81%82%83%84%85%86%87%88%89%90%91%92%93%94%95%96%97%98%99% done.
--export A: /project2/mstephens/wdenault/susie_mix/temp_plink/plink_WNT7A.raw
written.
End time: Tue Sep  1 14:40:36 2026
10 SNP(s) removed because HWE P < 1e-08 :
 [1] "chr3_13573670_A_G_b38_A" "chr3_13600040_A_C_b38_A"
 [3] "chr3_13612694_T_G_b38_T" "chr3_13718483_C_T_b38_C"
 [5] "chr3_14127579_T_C_b38_T" "chr3_14200481_G_A_b38_G"
 [7] "chr3_14200898_G_A_b38_G" "chr3_14268014_T_C_b38_T"
 [9] "chr3_14270243_G_A_b38_G" "chr3_14335570_A_C_b38_A"

=====================================
Tissue: Adipose Tissue 
=====================================
[1] TRUE
Running SuSiE.

=====================================
Tissue: Adrenal Gland 
=====================================
[1] TRUE
Running SuSiE.

=====================================
Tissue: Blood 
=====================================
[1] TRUE
Running SuSiE.

=====================================
Tissue: Blood Vessel 
=====================================
[1] TRUE
Running SuSiE.

=====================================
Tissue: Brain 
=====================================
[1] TRUE
Running SuSiE.

=====================================
Tissue: Breast 
=====================================
[1] TRUE
Running SuSiE.

=====================================
Tissue: Colon 
=====================================
[1] TRUE
Running SuSiE.

=====================================
Tissue: Esophagus 
=====================================
[1] TRUE
Running SuSiE.

=====================================
Tissue: Heart 
=====================================
[1] TRUE
Running SuSiE.

=====================================
Tissue: Kidney 
=====================================
[1] TRUE
Running SuSiE.

=====================================
Tissue: Liver 
=====================================
[1] TRUE
Running SuSiE.

=====================================
Tissue: Lung 
=====================================
[1] TRUE
Running SuSiE.

=====================================
Tissue: Muscle 
=====================================
[1] TRUE
Running SuSiE.

=====================================
Tissue: Nerve 
=====================================
[1] TRUE
Running SuSiE.

=====================================
Tissue: Ovary 
=====================================
[1] TRUE
Running SuSiE.

=====================================
Tissue: Pancreas 
=====================================
[1] TRUE
Running SuSiE.

=====================================
Tissue: Pituitary 
=====================================
[1] TRUE
Running SuSiE.

=====================================
Tissue: Prostate 
=====================================
[1] TRUE
Running SuSiE.

=====================================
Tissue: Salivary Gland 
=====================================
[1] TRUE
Running SuSiE.

=====================================
Tissue: Skin 
=====================================
[1] TRUE
Running SuSiE.

=====================================
Tissue: Small Intestine 
=====================================
[1] TRUE
Running SuSiE.

=====================================
Tissue: Spleen 
=====================================
[1] TRUE
Running SuSiE.

=====================================
Tissue: Stomach 
=====================================
[1] TRUE
Running SuSiE.

=====================================
Tissue: Testis 
=====================================
[1] TRUE
Running SuSiE.

=====================================
Tissue: Thyroid 
=====================================
[1] TRUE
Running SuSiE.

=====================================
Tissue: Uterus 
=====================================
[1] TRUE
Running SuSiE.

=====================================
Tissue: Vagina 
=====================================
[1] TRUE
Running SuSiE.
[2026-09-01 14:42:50] starting WNT7B
Importing covariate data.
Importing gene expression data.
Found 27 tissues for gene WNT7B :
 [1] "Adipose Tissue"  "Adrenal Gland"   "Blood"           "Blood Vessel"   
 [5] "Brain"           "Breast"          "Colon"           "Esophagus"      
 [9] "Heart"           "Kidney"          "Liver"           "Lung"           
[13] "Muscle"          "Nerve"           "Ovary"           "Pancreas"       
[17] "Pituitary"       "Prostate"        "Salivary Gland"  "Skin"           
[21] "Small Intestine" "Spleen"          "Stomach"         "Testis"         
[25] "Thyroid"         "Uterus"          "Vagina"         
Extracting genotype data from PLINK file.
PLINK v2.0.0-a.7LM 64-bit Intel (11 Mar 2026)       cog-genomics.org/plink/2.0/
(C) 2005-2026 Shaun Purcell, Christopher Chang    GNU General Public License v3
Logging to /project2/mstephens/wdenault/susie_mix/temp_plink/plink_WNT7B.log.
Options in effect:
  --bfile /project2/mstephens/gtex/GTEx_Analysis_2017-06-05_v8_WholeGenomeSeq_866Indiv
  --chr 22
  --export A
  --from-bp 45477162
  --maf 0
  --max-alleles 2
  --memory 8000
  --out /project2/mstephens/wdenault/susie_mix/temp_plink/plink_WNT7B
  --rm-dup exclude-all
  --snps-only
  --threads 2
  --to-bp 46477162

Start time: Tue Sep  1 14:43:47 2026
63727 MiB RAM detected, ~26929 available; reserving 8000 MiB for main
workspace.
Using up to 2 compute threads.
866 samples (0 females, 0 males, 866 ambiguous; 866 founders) loaded from
/project2/mstephens/gtex/GTEx_Analysis_2017-06-05_v8_WholeGenomeSeq_866Indiv.fam.
67234533 variants in
/project2/mstephens/gtex/GTEx_Analysis_2017-06-05_v8_WholeGenomeSeq_866Indiv.bim;
66348568 excluded by --chr + --max-alleles + --snps-only, 885965 remaining.
Note: No phenotype data present.
Note: Skipping --rm-dup since no duplicate IDs are present.
21856 variants remaining after main filters.
--export A pass 1/1: loading... 0%writing... 0%1%2%3%4%5%6%7%8%9%10%11%12%13%14%15%16%17%18%19%20%21%22%23%24%25%26%27%28%29%30%31%32%33%34%35%36%37%38%39%40%41%42%43%44%45%46%47%48%49%50%51%52%53%54%55%56%57%58%59%60%61%62%63%64%65%66%67%68%69%70%71%72%73%74%75%76%77%78%79%80%81%82%83%84%85%86%87%88%89%90%91%92%93%94%95%96%97%98%99% done.
--export A: /project2/mstephens/wdenault/susie_mix/temp_plink/plink_WNT7B.raw
written.
End time: Tue Sep  1 14:43:53 2026
116 SNP(s) removed because HWE P < 1e-08 :
  [1] "chr22_45590753_G_C_b38_G" "chr22_45590757_A_G_b38_A"
  [3] "chr22_45595725_C_T_b38_C" "chr22_45595732_T_G_b38_T"
  [5] "chr22_45595735_G_A_b38_G" "chr22_45595762_A_G_b38_A"
  [7] "chr22_45595765_A_G_b38_A" "chr22_45595778_G_A_b38_G"
  [9] "chr22_45595801_A_G_b38_A" "chr22_45596059_C_T_b38_C"
 [11] "chr22_45618184_C_T_b38_C" "chr22_45618225_T_C_b38_T"
 [13] "chr22_45618251_C_T_b38_C" "chr22_45618255_C_G_b38_C"
 [15] "chr22_45618310_T_C_b38_T" "chr22_45831385_T_A_b38_T"
 [17] "chr22_45864000_A_G_b38_A" "chr22_45868196_A_G_b38_A"
 [19] "chr22_45868776_A_G_b38_A" "chr22_45869365_G_A_b38_G"
 [21] "chr22_45891892_C_T_b38_C" "chr22_45892047_C_T_b38_C"
 [23] "chr22_45898633_C_A_b38_C" "chr22_45898634_A_T_b38_A"
 [25] "chr22_45949694_T_C_b38_T" "chr22_45952691_G_A_b38_G"
 [27] "chr22_45996522_A_G_b38_A" "chr22_46105013_C_T_b38_C"
 [29] "chr22_46105129_A_G_b38_A" "chr22_46174445_A_G_b38_A"
 [31] "chr22_46177048_C_A_b38_C" "chr22_46203050_C_T_b38_C"
 [33] "chr22_46221017_C_T_b38_C" "chr22_46226487_T_G_b38_T"
 [35] "chr22_46230535_C_T_b38_C" "chr22_46230609_G_A_b38_G"
 [37] "chr22_46248067_T_C_b38_T" "chr22_46248271_A_G_b38_A"
 [39] "chr22_46248743_A_G_b38_A" "chr22_46251091_A_G_b38_A"
 [41] "chr22_46251491_G_T_b38_G" "chr22_46256166_C_T_b38_C"
 [43] "chr22_46256220_G_A_b38_G" "chr22_46256256_C_T_b38_C"
 [45] "chr22_46263246_A_G_b38_A" "chr22_46263683_C_T_b38_C"
 [47] "chr22_46264028_A_G_b38_A" "chr22_46264414_C_T_b38_C"
 [49] "chr22_46264424_A_G_b38_A" "chr22_46264519_T_C_b38_T"
 [51] "chr22_46264771_C_T_b38_C" "chr22_46265656_T_C_b38_T"
 [53] "chr22_46265962_C_T_b38_C" "chr22_46266195_C_T_b38_C"
 [55] "chr22_46266254_C_G_b38_C" "chr22_46266342_T_C_b38_T"
 [57] "chr22_46266630_C_T_b38_C" "chr22_46267197_G_A_b38_G"
 [59] "chr22_46267425_T_G_b38_T" "chr22_46268958_A_G_b38_A"
 [61] "chr22_46269773_C_T_b38_C" "chr22_46270264_T_C_b38_T"
 [63] "chr22_46271140_T_C_b38_T" "chr22_46271756_C_T_b38_C"
 [65] "chr22_46272182_G_T_b38_G" "chr22_46272455_A_G_b38_A"
 [67] "chr22_46272795_C_T_b38_C" "chr22_46272829_C_T_b38_C"
 [69] "chr22_46277503_A_G_b38_A" "chr22_46277659_G_A_b38_G"
 [71] "chr22_46277874_G_A_b38_G" "chr22_46278315_A_G_b38_A"
 [73] "chr22_46326359_A_G_b38_A" "chr22_46331531_C_G_b38_C"
 [75] "chr22_46339213_A_G_b38_A" "chr22_46346077_C_G_b38_C"
 [77] "chr22_46346260_G_C_b38_G" "chr22_46346589_T_G_b38_T"
 [79] "chr22_46347895_C_T_b38_C" "chr22_46352413_T_C_b38_T"
 [81] "chr22_46354337_T_C_b38_T" "chr22_46354923_A_G_b38_A"
 [83] "chr22_46357358_T_C_b38_T" "chr22_46357546_T_C_b38_T"
 [85] "chr22_46357564_T_G_b38_T" "chr22_46358468_A_G_b38_A"
 [87] "chr22_46359401_C_G_b38_C" "chr22_46360936_C_T_b38_C"
 [89] "chr22_46365600_C_G_b38_C" "chr22_46367924_A_G_b38_A"
 [91] "chr22_46368211_A_G_b38_A" "chr22_46368276_C_A_b38_C"
 [93] "chr22_46368787_G_C_b38_G" "chr22_46369926_G_C_b38_G"
 [95] "chr22_46370098_G_A_b38_G" "chr22_46370527_A_C_b38_A"
 [97] "chr22_46370537_A_G_b38_A" "chr22_46371480_A_T_b38_A"
 [99] "chr22_46374277_G_A_b38_G" "chr22_46374823_A_G_b38_A"
[101] "chr22_46376024_T_C_b38_T" "chr22_46378420_T_C_b38_T"
[103] "chr22_46379094_T_C_b38_T" "chr22_46381516_T_C_b38_T"
[105] "chr22_46385867_C_T_b38_C" "chr22_46399244_C_A_b38_C"
[107] "chr22_46401434_A_G_b38_A" "chr22_46402387_C_T_b38_C"
[109] "chr22_46405197_G_A_b38_G" "chr22_46411801_A_G_b38_A"
[111] "chr22_46412419_A_G_b38_A" "chr22_46413924_A_G_b38_A"
[113] "chr22_46415353_A_T_b38_A" "chr22_46439140_C_T_b38_C"
[115] "chr22_46464191_G_C_b38_G" "chr22_46473177_C_T_b38_C"

=====================================
Tissue: Adipose Tissue 
=====================================
[1] TRUE
Running SuSiE.

=====================================
Tissue: Adrenal Gland 
=====================================
[1] TRUE
Running SuSiE.

=====================================
Tissue: Blood 
=====================================
[1] TRUE
Running SuSiE.

=====================================
Tissue: Blood Vessel 
=====================================
[1] TRUE
Running SuSiE.

=====================================
Tissue: Brain 
=====================================
[1] TRUE
Running SuSiE.

=====================================
Tissue: Breast 
=====================================
[1] TRUE
Running SuSiE.

=====================================
Tissue: Colon 
=====================================
[1] TRUE
Running SuSiE.

=====================================
Tissue: Esophagus 
=====================================
[1] TRUE
Running SuSiE.

=====================================
Tissue: Heart 
=====================================
[1] TRUE
Running SuSiE.

=====================================
Tissue: Kidney 
=====================================
[1] TRUE
Running SuSiE.

=====================================
Tissue: Liver 
=====================================
[1] TRUE
Running SuSiE.

=====================================
Tissue: Lung 
=====================================
[1] TRUE
Running SuSiE.

=====================================
Tissue: Muscle 
=====================================
[1] TRUE
Running SuSiE.

=====================================
Tissue: Nerve 
=====================================
[1] TRUE
Running SuSiE.

=====================================
Tissue: Ovary 
=====================================
[1] TRUE
Running SuSiE.

=====================================
Tissue: Pancreas 
=====================================
[1] TRUE
Running SuSiE.

=====================================
Tissue: Pituitary 
=====================================
[1] TRUE
Running SuSiE.

=====================================
Tissue: Prostate 
=====================================
[1] TRUE
Running SuSiE.

=====================================
Tissue: Salivary Gland 
=====================================
[1] TRUE
Running SuSiE.

=====================================
Tissue: Skin 
=====================================
[1] TRUE
Running SuSiE.

=====================================
Tissue: Small Intestine 
=====================================
[1] TRUE
Running SuSiE.

=====================================
Tissue: Spleen 
=====================================
[1] TRUE
Running SuSiE.

=====================================
Tissue: Stomach 
=====================================
[1] TRUE
Running SuSiE.

=====================================
Tissue: Testis 
=====================================
[1] TRUE
Running SuSiE.

=====================================
Tissue: Thyroid 
=====================================
[1] TRUE
Running SuSiE.

=====================================
Tissue: Uterus 
=====================================
[1] TRUE
Running SuSiE.

=====================================
Tissue: Vagina 
=====================================
[1] TRUE
Running SuSiE.
[2026-09-01 14:45:55] starting WNT8A
Importing covariate data.
Importing gene expression data.
Found 27 tissues for gene WNT8A :
 [1] "Adipose Tissue"  "Adrenal Gland"   "Blood"           "Blood Vessel"   
 [5] "Brain"           "Breast"          "Colon"           "Esophagus"      
 [9] "Heart"           "Kidney"          "Liver"           "Lung"           
[13] "Muscle"          "Nerve"           "Ovary"           "Pancreas"       
[17] "Pituitary"       "Prostate"        "Salivary Gland"  "Skin"           
[21] "Small Intestine" "Spleen"          "Stomach"         "Testis"         
[25] "Thyroid"         "Uterus"          "Vagina"         
Extracting genotype data from PLINK file.
PLINK v2.0.0-a.7LM 64-bit Intel (11 Mar 2026)       cog-genomics.org/plink/2.0/
(C) 2005-2026 Shaun Purcell, Christopher Chang    GNU General Public License v3
Logging to /project2/mstephens/wdenault/susie_mix/temp_plink/plink_WNT8A.log.
Options in effect:
  --bfile /project2/mstephens/gtex/GTEx_Analysis_2017-06-05_v8_WholeGenomeSeq_866Indiv
  --chr 5
  --export A
  --from-bp 137583990
  --maf 0
  --max-alleles 2
  --memory 8000
  --out /project2/mstephens/wdenault/susie_mix/temp_plink/plink_WNT8A
  --rm-dup exclude-all
  --snps-only
  --threads 2
  --to-bp 138583990

Start time: Tue Sep  1 14:46:52 2026
63727 MiB RAM detected, ~26936 available; reserving 8000 MiB for main
workspace.
Using up to 2 compute threads.
866 samples (0 females, 0 males, 866 ambiguous; 866 founders) loaded from
/project2/mstephens/gtex/GTEx_Analysis_2017-06-05_v8_WholeGenomeSeq_866Indiv.fam.
67234533 variants in
/project2/mstephens/gtex/GTEx_Analysis_2017-06-05_v8_WholeGenomeSeq_866Indiv.bim;
63805389 excluded by --chr + --max-alleles + --snps-only, 3429144 remaining.
Note: No phenotype data present.
Note: Skipping --rm-dup since no duplicate IDs are present.
15875 variants remaining after main filters.
--export A pass 1/1: loading... 0%writing... 0%1%2%3%4%5%6%7%8%9%10%11%12%13%14%15%16%17%18%19%20%21%22%23%24%25%26%27%28%29%30%31%32%33%34%35%36%37%38%39%40%41%42%43%44%45%46%47%48%49%50%51%52%53%54%55%56%57%58%59%60%61%62%63%64%65%66%67%68%69%70%71%72%73%74%75%76%77%78%79%80%81%82%83%84%85%86%87%88%89%90%91%92%93%94%95%96%97%98%99% done.
--export A: /project2/mstephens/wdenault/susie_mix/temp_plink/plink_WNT8A.raw
written.
End time: Tue Sep  1 14:46:58 2026
4 SNP(s) removed because HWE P < 1e-08 :
[1] "chr5_137915484_A_G_b38_A" "chr5_137915492_A_G_b38_A"
[3] "chr5_138024818_G_C_b38_G" "chr5_138052196_A_C_b38_A"

=====================================
Tissue: Adipose Tissue 
=====================================
[1] TRUE
Running SuSiE.

=====================================
Tissue: Adrenal Gland 
=====================================
[1] TRUE
Running SuSiE.

=====================================
Tissue: Blood 
=====================================
[1] TRUE
Running SuSiE.

=====================================
Tissue: Blood Vessel 
=====================================
[1] TRUE
Running SuSiE.

=====================================
Tissue: Brain 
=====================================
[1] TRUE
Running SuSiE.

=====================================
Tissue: Breast 
=====================================
[1] TRUE
Running SuSiE.

=====================================
Tissue: Colon 
=====================================
[1] TRUE
Running SuSiE.

=====================================
Tissue: Esophagus 
=====================================
[1] TRUE
Running SuSiE.

=====================================
Tissue: Heart 
=====================================
[1] TRUE
Running SuSiE.

=====================================
Tissue: Kidney 
=====================================
[1] TRUE
Running SuSiE.

=====================================
Tissue: Liver 
=====================================
[1] TRUE
Running SuSiE.

=====================================
Tissue: Lung 
=====================================
[1] TRUE
Running SuSiE.

=====================================
Tissue: Muscle 
=====================================
[1] TRUE
Running SuSiE.

=====================================
Tissue: Nerve 
=====================================
[1] TRUE
Running SuSiE.

=====================================
Tissue: Ovary 
=====================================
[1] TRUE
Running SuSiE.

=====================================
Tissue: Pancreas 
=====================================
[1] TRUE
Running SuSiE.

=====================================
Tissue: Pituitary 
=====================================
[1] TRUE
Running SuSiE.

=====================================
Tissue: Prostate 
=====================================
[1] TRUE
Running SuSiE.

=====================================
Tissue: Salivary Gland 
=====================================
[1] TRUE
Running SuSiE.

=====================================
Tissue: Skin 
=====================================
[1] TRUE
Running SuSiE.

=====================================
Tissue: Small Intestine 
=====================================
[1] TRUE
Running SuSiE.

=====================================
Tissue: Spleen 
=====================================
[1] TRUE
Running SuSiE.

=====================================
Tissue: Stomach 
=====================================
[1] TRUE
Running SuSiE.

=====================================
Tissue: Testis 
=====================================
[1] TRUE
Running SuSiE.

=====================================
Tissue: Thyroid 
=====================================
[1] TRUE
Running SuSiE.

=====================================
Tissue: Uterus 
=====================================
[1] TRUE
Running SuSiE.

=====================================
Tissue: Vagina 
=====================================
[1] TRUE
Running SuSiE.
[2026-09-01 14:48:00] starting WNT8B
Importing covariate data.
Importing gene expression data.
Found 27 tissues for gene WNT8B :
 [1] "Adipose Tissue"  "Adrenal Gland"   "Blood"           "Blood Vessel"   
 [5] "Brain"           "Breast"          "Colon"           "Esophagus"      
 [9] "Heart"           "Kidney"          "Liver"           "Lung"           
[13] "Muscle"          "Nerve"           "Ovary"           "Pancreas"       
[17] "Pituitary"       "Prostate"        "Salivary Gland"  "Skin"           
[21] "Small Intestine" "Spleen"          "Stomach"         "Testis"         
[25] "Thyroid"         "Uterus"          "Vagina"         
Extracting genotype data from PLINK file.
PLINK v2.0.0-a.7LM 64-bit Intel (11 Mar 2026)       cog-genomics.org/plink/2.0/
(C) 2005-2026 Shaun Purcell, Christopher Chang    GNU General Public License v3
Logging to /project2/mstephens/wdenault/susie_mix/temp_plink/plink_WNT8B.log.
Options in effect:
  --bfile /project2/mstephens/gtex/GTEx_Analysis_2017-06-05_v8_WholeGenomeSeq_866Indiv
  --chr 10
  --export A
  --from-bp 99963009
  --maf 0
  --max-alleles 2
  --memory 8000
  --out /project2/mstephens/wdenault/susie_mix/temp_plink/plink_WNT8B
  --rm-dup exclude-all
  --snps-only
  --threads 2
  --to-bp 100963009

Start time: Tue Sep  1 14:48:57 2026
63727 MiB RAM detected, ~23184 available; reserving 8000 MiB for main
workspace.
Using up to 2 compute threads.
866 samples (0 females, 0 males, 866 ambiguous; 866 founders) loaded from
/project2/mstephens/gtex/GTEx_Analysis_2017-06-05_v8_WholeGenomeSeq_866Indiv.fam.
67234533 variants in
/project2/mstephens/gtex/GTEx_Analysis_2017-06-05_v8_WholeGenomeSeq_866Indiv.bim;
64498607 excluded by --chr + --max-alleles + --snps-only, 2735926 remaining.
Note: No phenotype data present.
Note: Skipping --rm-dup since no duplicate IDs are present.
17775 variants remaining after main filters.
--export A pass 1/1: loading... 0%66% writing... 0%1%2%3%4%5%6%7%8%9%10%11%12%13%14%15%16%17%18%19%20%21%22%23%24%25%26%27%28%29%30%31%32%33%34%35%36%37%38%39%40%41%42%43%44%45%46%47%48%49%50%51%52%53%54%55%56%57%58%59%60%61%62%63%64%65%66%67%68%69%70%71%72%73%74%75%76%77%78%79%80%81%82%83%84%85%86%87%88%89%90%91%92%93%94%95%96%97%98%99% done.
--export A: /project2/mstephens/wdenault/susie_mix/temp_plink/plink_WNT8B.raw
written.
End time: Tue Sep  1 14:49:03 2026
84 SNP(s) removed because HWE P < 1e-08 :
 [1] "chr10_100015414_G_A_b38_G" "chr10_100016736_T_C_b38_T"
 [3] "chr10_100018747_A_T_b38_A" "chr10_100018750_C_A_b38_C"
 [5] "chr10_100145446_T_C_b38_T" "chr10_100145764_G_T_b38_G"
 [7] "chr10_100150741_C_T_b38_C" "chr10_100151385_A_G_b38_A"
 [9] "chr10_100155608_A_G_b38_A" "chr10_100157609_G_A_b38_G"
[11] "chr10_100158360_A_G_b38_A" "chr10_100162599_A_G_b38_A"
[13] "chr10_100167290_A_G_b38_A" "chr10_100171278_T_G_b38_T"
[15] "chr10_100175179_A_G_b38_A" "chr10_100178873_G_C_b38_G"
[17] "chr10_100182496_T_C_b38_T" "chr10_100182799_A_G_b38_A"
[19] "chr10_100184568_G_A_b38_G" "chr10_100187980_C_T_b38_C"
[21] "chr10_100190351_G_A_b38_G" "chr10_100195245_A_T_b38_A"
[23] "chr10_100195855_G_A_b38_G" "chr10_100197458_C_A_b38_C"
[25] "chr10_100197612_C_G_b38_C" "chr10_100205801_A_G_b38_A"
[27] "chr10_100213503_A_C_b38_A" "chr10_100215512_G_A_b38_G"
[29] "chr10_100224788_C_T_b38_C" "chr10_100225330_C_T_b38_C"
[31] "chr10_100227298_T_G_b38_T" "chr10_100237733_G_A_b38_G"
[33] "chr10_100238295_A_G_b38_A" "chr10_100242014_C_T_b38_C"
[35] "chr10_100244398_T_C_b38_T" "chr10_100246645_C_T_b38_C"
[37] "chr10_100247616_T_C_b38_T" "chr10_100248726_A_G_b38_A"
[39] "chr10_100255162_C_T_b38_C" "chr10_100256287_C_T_b38_C"
[41] "chr10_100258332_C_T_b38_C" "chr10_100260586_A_G_b38_A"
[43] "chr10_100260869_C_T_b38_C" "chr10_100263981_C_T_b38_C"
[45] "chr10_100264595_C_T_b38_C" "chr10_100272364_A_G_b38_A"
[47] "chr10_100273108_G_A_b38_G" "chr10_100276658_C_T_b38_C"
[49] "chr10_100276846_T_A_b38_T" "chr10_100277067_C_G_b38_C"
[51] "chr10_100278556_C_T_b38_C" "chr10_100283720_T_A_b38_T"
[53] "chr10_100288943_T_C_b38_T" "chr10_100289304_A_C_b38_A"
[55] "chr10_100290590_T_C_b38_T" "chr10_100290757_A_G_b38_A"
[57] "chr10_100291534_T_A_b38_T" "chr10_100294235_C_A_b38_C"
[59] "chr10_100383864_G_A_b38_G" "chr10_100383937_C_G_b38_C"
[61] "chr10_100383958_A_G_b38_A" "chr10_100383962_A_G_b38_A"
[63] "chr10_100383969_T_C_b38_T" "chr10_100383970_C_T_b38_C"
[65] "chr10_100748378_G_C_b38_G" "chr10_100749566_T_C_b38_T"
[67] "chr10_100750214_C_T_b38_C" "chr10_100750537_G_A_b38_G"
[69] "chr10_100752132_G_A_b38_G" "chr10_100753238_T_G_b38_T"
[71] "chr10_100754178_A_C_b38_A" "chr10_100754324_C_T_b38_C"
[73] "chr10_100754517_T_G_b38_T" "chr10_100754569_A_G_b38_A"
[75] "chr10_100754752_G_A_b38_G" "chr10_100754987_A_G_b38_A"
[77] "chr10_100764772_A_G_b38_A" "chr10_100765666_A_G_b38_A"
[79] "chr10_100768449_A_C_b38_A" "chr10_100768450_G_A_b38_G"
[81] "chr10_100770154_G_A_b38_G" "chr10_100780074_C_G_b38_C"
[83] "chr10_100780657_C_G_b38_C" "chr10_100832393_A_G_b38_A"

=====================================
Tissue: Adipose Tissue 
=====================================
[1] TRUE
Running SuSiE.

=====================================
Tissue: Adrenal Gland 
=====================================
[1] TRUE
Running SuSiE.

=====================================
Tissue: Blood 
=====================================
[1] TRUE
Running SuSiE.

=====================================
Tissue: Blood Vessel 
=====================================
[1] TRUE
Running SuSiE.

=====================================
Tissue: Brain 
=====================================
[1] TRUE
Running SuSiE.

=====================================
Tissue: Breast 
=====================================
[1] TRUE
Running SuSiE.

=====================================
Tissue: Colon 
=====================================
[1] TRUE
Running SuSiE.

=====================================
Tissue: Esophagus 
=====================================
[1] TRUE
Running SuSiE.

=====================================
Tissue: Heart 
=====================================
[1] TRUE
Running SuSiE.

=====================================
Tissue: Kidney 
=====================================
[1] TRUE
Running SuSiE.

=====================================
Tissue: Liver 
=====================================
[1] TRUE
Running SuSiE.

=====================================
Tissue: Lung 
=====================================
[1] TRUE
Running SuSiE.

=====================================
Tissue: Muscle 
=====================================
[1] TRUE
Running SuSiE.

=====================================
Tissue: Nerve 
=====================================
[1] TRUE
Running SuSiE.

=====================================
Tissue: Ovary 
=====================================
[1] TRUE
Running SuSiE.

=====================================
Tissue: Pancreas 
=====================================
[1] TRUE
Running SuSiE.

=====================================
Tissue: Pituitary 
=====================================
[1] TRUE
Running SuSiE.

=====================================
Tissue: Prostate 
=====================================
[1] TRUE
Running SuSiE.

=====================================
Tissue: Salivary Gland 
=====================================
[1] TRUE
Running SuSiE.

=====================================
Tissue: Skin 
=====================================
[1] TRUE
Running SuSiE.

=====================================
Tissue: Small Intestine 
=====================================
[1] TRUE
Running SuSiE.

=====================================
Tissue: Spleen 
=====================================
[1] TRUE
Running SuSiE.

=====================================
Tissue: Stomach 
=====================================
[1] TRUE
Running SuSiE.

=====================================
Tissue: Testis 
=====================================
[1] TRUE
Running SuSiE.

=====================================
Tissue: Thyroid 
=====================================
[1] TRUE
Running SuSiE.

=====================================
Tissue: Uterus 
=====================================
[1] TRUE
Running SuSiE.

=====================================
Tissue: Vagina 
=====================================
[1] TRUE
Running SuSiE.
[2026-09-01 14:50:31] starting WNT9A
Importing covariate data.
Importing gene expression data.
Found 27 tissues for gene WNT9A :
 [1] "Adipose Tissue"  "Adrenal Gland"   "Blood"           "Blood Vessel"   
 [5] "Brain"           "Breast"          "Colon"           "Esophagus"      
 [9] "Heart"           "Kidney"          "Liver"           "Lung"           
[13] "Muscle"          "Nerve"           "Ovary"           "Pancreas"       
[17] "Pituitary"       "Prostate"        "Salivary Gland"  "Skin"           
[21] "Small Intestine" "Spleen"          "Stomach"         "Testis"         
[25] "Thyroid"         "Uterus"          "Vagina"         
Extracting genotype data from PLINK file.
PLINK v2.0.0-a.7LM 64-bit Intel (11 Mar 2026)       cog-genomics.org/plink/2.0/
(C) 2005-2026 Shaun Purcell, Christopher Chang    GNU General Public License v3
Logging to /project2/mstephens/wdenault/susie_mix/temp_plink/plink_WNT9A.log.
Options in effect:
  --bfile /project2/mstephens/gtex/GTEx_Analysis_2017-06-05_v8_WholeGenomeSeq_866Indiv
  --chr 1
  --export A
  --from-bp 227447932
  --maf 0
  --max-alleles 2
  --memory 8000
  --out /project2/mstephens/wdenault/susie_mix/temp_plink/plink_WNT9A
  --rm-dup exclude-all
  --snps-only
  --threads 2
  --to-bp 228447932

Start time: Tue Sep  1 14:51:27 2026
63727 MiB RAM detected, ~26946 available; reserving 8000 MiB for main
workspace.
Using up to 2 compute threads.
866 samples (0 females, 0 males, 866 ambiguous; 866 founders) loaded from
/project2/mstephens/gtex/GTEx_Analysis_2017-06-05_v8_WholeGenomeSeq_866Indiv.fam.
67234533 variants in
/project2/mstephens/gtex/GTEx_Analysis_2017-06-05_v8_WholeGenomeSeq_866Indiv.bim;
62424502 excluded by --chr + --max-alleles + --snps-only, 4810031 remaining.
Note: No phenotype data present.
Note: Skipping --rm-dup since no duplicate IDs are present.
18127 variants remaining after main filters.
--export A pass 1/1: loading... 0%15% writing... 0%1%2%3%4%5%6%7%8%9%10%11%12%13%14%15%16%17%18%19%20%21%22%23%24%25%26%27%28%29%30%31%32%33%34%35%36%37%38%39%40%41%42%43%44%45%46%47%48%49%50%51%52%53%54%55%56%57%58%59%60%61%62%63%64%65%66%67%68%69%70%71%72%73%74%75%76%77%78%79%80%81%82%83%84%85%86%87%88%89%90%91%92%93%94%95%96%97%98%99% done.
--export A: /project2/mstephens/wdenault/susie_mix/temp_plink/plink_WNT9A.raw
written.
End time: Tue Sep  1 14:51:33 2026
52 SNP(s) removed because HWE P < 1e-08 :
 [1] "chr1_227493082_T_C_b38_T" "chr1_227493134_C_T_b38_C"
 [3] "chr1_227493167_T_C_b38_T" "chr1_227493191_T_C_b38_T"
 [5] "chr1_227493774_T_C_b38_T" "chr1_227493872_A_C_b38_A"
 [7] "chr1_227493873_G_C_b38_G" "chr1_227493880_G_A_b38_G"
 [9] "chr1_227493884_C_T_b38_C" "chr1_227493885_C_T_b38_C"
[11] "chr1_227496649_T_G_b38_T" "chr1_227572195_T_A_b38_T"
[13] "chr1_227572202_A_G_b38_A" "chr1_227572230_A_G_b38_A"
[15] "chr1_227572245_G_T_b38_G" "chr1_227572251_A_G_b38_A"
[17] "chr1_227777755_C_G_b38_C" "chr1_227835550_A_G_b38_A"
[19] "chr1_227891929_A_G_b38_A" "chr1_227892081_A_C_b38_A"
[21] "chr1_227892346_A_G_b38_A" "chr1_227892414_A_G_b38_A"
[23] "chr1_227892552_G_A_b38_G" "chr1_227892709_C_T_b38_C"
[25] "chr1_227893386_A_G_b38_A" "chr1_227898630_T_G_b38_T"
[27] "chr1_227899133_C_G_b38_C" "chr1_227899763_T_C_b38_T"
[29] "chr1_227899860_A_G_b38_A" "chr1_227968442_G_C_b38_G"
[31] "chr1_227972218_G_C_b38_G" "chr1_227972243_T_C_b38_T"
[33] "chr1_227972244_G_A_b38_G" "chr1_227972249_T_C_b38_T"
[35] "chr1_227972252_A_G_b38_A" "chr1_227972276_A_C_b38_A"
[37] "chr1_227972286_C_T_b38_C" "chr1_227972309_C_T_b38_C"
[39] "chr1_227973728_C_T_b38_C" "chr1_227976709_T_C_b38_T"
[41] "chr1_228008620_G_A_b38_G" "chr1_228012752_G_C_b38_G"
[43] "chr1_228159651_A_G_b38_A" "chr1_228412251_G_C_b38_G"
[45] "chr1_228417657_A_T_b38_A" "chr1_228419264_A_G_b38_A"
[47] "chr1_228426422_T_C_b38_T" "chr1_228445366_T_C_b38_T"
[49] "chr1_228446093_A_G_b38_A" "chr1_228446586_T_C_b38_T"
[51] "chr1_228447108_C_G_b38_C" "chr1_228447216_G_A_b38_G"

=====================================
Tissue: Adipose Tissue 
=====================================
[1] TRUE
Running SuSiE.

=====================================
Tissue: Adrenal Gland 
=====================================
[1] TRUE
Running SuSiE.

=====================================
Tissue: Blood 
=====================================
[1] TRUE
Running SuSiE.

=====================================
Tissue: Blood Vessel 
=====================================
[1] TRUE
Running SuSiE.

=====================================
Tissue: Brain 
=====================================
[1] TRUE
Running SuSiE.

=====================================
Tissue: Breast 
=====================================
[1] TRUE
Running SuSiE.

=====================================
Tissue: Colon 
=====================================
[1] TRUE
Running SuSiE.

=====================================
Tissue: Esophagus 
=====================================
[1] TRUE
Running SuSiE.

=====================================
Tissue: Heart 
=====================================
[1] TRUE
Running SuSiE.

=====================================
Tissue: Kidney 
=====================================
[1] TRUE
Running SuSiE.

=====================================
Tissue: Liver 
=====================================
[1] TRUE
Running SuSiE.

=====================================
Tissue: Lung 
=====================================
[1] TRUE
Running SuSiE.

=====================================
Tissue: Muscle 
=====================================
[1] TRUE
Running SuSiE.

=====================================
Tissue: Nerve 
=====================================
[1] TRUE
Running SuSiE.

=====================================
Tissue: Ovary 
=====================================
[1] TRUE
Running SuSiE.

=====================================
Tissue: Pancreas 
=====================================
[1] TRUE
Running SuSiE.

=====================================
Tissue: Pituitary 
=====================================
[1] TRUE
Running SuSiE.

=====================================
Tissue: Prostate 
=====================================
[1] TRUE
Running SuSiE.

=====================================
Tissue: Salivary Gland 
=====================================
[1] TRUE
Running SuSiE.

=====================================
Tissue: Skin 
=====================================
[1] TRUE
Running SuSiE.

=====================================
Tissue: Small Intestine 
=====================================
[1] TRUE
Running SuSiE.

=====================================
Tissue: Spleen 
=====================================
[1] TRUE
Running SuSiE.

=====================================
Tissue: Stomach 
=====================================
[1] TRUE
Running SuSiE.

=====================================
Tissue: Testis 
=====================================
[1] TRUE
Running SuSiE.

=====================================
Tissue: Thyroid 
=====================================
[1] TRUE
Running SuSiE.

=====================================
Tissue: Uterus 
=====================================
[1] TRUE
Running SuSiE.

=====================================
Tissue: Vagina 
=====================================
[1] TRUE
Running SuSiE.
[2026-09-01 14:53:09] starting WNT9B
Importing covariate data.
Importing gene expression data.
Found 27 tissues for gene WNT9B :
 [1] "Adipose Tissue"  "Adrenal Gland"   "Blood"           "Blood Vessel"   
 [5] "Brain"           "Breast"          "Colon"           "Esophagus"      
 [9] "Heart"           "Kidney"          "Liver"           "Lung"           
[13] "Muscle"          "Nerve"           "Ovary"           "Pancreas"       
[17] "Pituitary"       "Prostate"        "Salivary Gland"  "Skin"           
[21] "Small Intestine" "Spleen"          "Stomach"         "Testis"         
[25] "Thyroid"         "Uterus"          "Vagina"         
Extracting genotype data from PLINK file.
PLINK v2.0.0-a.7LM 64-bit Intel (11 Mar 2026)       cog-genomics.org/plink/2.0/
(C) 2005-2026 Shaun Purcell, Christopher Chang    GNU General Public License v3
Logging to /project2/mstephens/wdenault/susie_mix/temp_plink/plink_WNT9B.log.
Options in effect:
  --bfile /project2/mstephens/gtex/GTEx_Analysis_2017-06-05_v8_WholeGenomeSeq_866Indiv
  --chr 17
  --export A
  --from-bp 46333201
  --maf 0
  --max-alleles 2
  --memory 8000
  --out /project2/mstephens/wdenault/susie_mix/temp_plink/plink_WNT9B
  --rm-dup exclude-all
  --snps-only
  --threads 2
  --to-bp 47333201

Start time: Tue Sep  1 14:54:04 2026
63727 MiB RAM detected, ~26915 available; reserving 8000 MiB for main
workspace.
Using up to 2 compute threads.
866 samples (0 females, 0 males, 866 ambiguous; 866 founders) loaded from
/project2/mstephens/gtex/GTEx_Analysis_2017-06-05_v8_WholeGenomeSeq_866Indiv.fam.
67234533 variants in
/project2/mstephens/gtex/GTEx_Analysis_2017-06-05_v8_WholeGenomeSeq_866Indiv.bim;
65601655 excluded by --chr + --max-alleles + --snps-only, 1632878 remaining.
Note: No phenotype data present.
Note: Skipping --rm-dup since no duplicate IDs are present.
13817 variants remaining after main filters.
--export A pass 1/1: loading... 0%writing... 0%1%2%3%4%5%6%7%8%9%10%11%12%13%14%15%16%17%18%19%20%21%22%23%24%25%26%27%28%29%30%31%32%33%34%35%36%37%38%39%40%41%42%43%44%45%46%47%48%49%50%51%52%53%54%55%56%57%58%59%60%61%62%63%64%65%66%67%68%69%70%71%72%73%74%75%76%77%78%79%80%81%82%83%84%85%86%87%88%89%90%91%92%93%94%95%96%97%98%99% done.
--export A: /project2/mstephens/wdenault/susie_mix/temp_plink/plink_WNT9B.raw
written.
End time: Tue Sep  1 14:54:10 2026
32 SNP(s) removed because HWE P < 1e-08 :
 [1] "chr17_46359019_T_A_b38_T" "chr17_46416973_C_T_b38_C"
 [3] "chr17_46417020_C_T_b38_C" "chr17_46429190_A_G_b38_A"
 [5] "chr17_46492840_T_C_b38_T" "chr17_46493633_G_T_b38_G"
 [7] "chr17_46494177_A_G_b38_A" "chr17_46494240_C_T_b38_C"
 [9] "chr17_46494490_G_A_b38_G" "chr17_46494494_G_C_b38_G"
[11] "chr17_46498398_A_C_b38_A" "chr17_46503013_T_C_b38_T"
[13] "chr17_46543415_T_C_b38_T" "chr17_46548670_G_A_b38_G"
[15] "chr17_46548981_T_C_b38_T" "chr17_46553527_A_G_b38_A"
[17] "chr17_46580378_C_T_b38_C" "chr17_46622261_G_T_b38_G"
[19] "chr17_46687615_C_G_b38_C" "chr17_46693425_A_C_b38_A"
[21] "chr17_46699477_T_C_b38_T" "chr17_46704913_C_G_b38_C"
[23] "chr17_46737518_T_C_b38_T" "chr17_46738377_A_G_b38_A"
[25] "chr17_46782647_T_C_b38_T" "chr17_46788777_C_A_b38_C"
[27] "chr17_46901939_T_C_b38_T" "chr17_46971733_C_G_b38_C"
[29] "chr17_47033320_G_C_b38_G" "chr17_47131912_T_C_b38_T"
[31] "chr17_47131914_A_T_b38_A" "chr17_47131922_C_T_b38_C"

=====================================
Tissue: Adipose Tissue 
=====================================
[1] TRUE
Running SuSiE.

=====================================
Tissue: Adrenal Gland 
=====================================
[1] TRUE
Running SuSiE.

=====================================
Tissue: Blood 
=====================================
[1] TRUE
Running SuSiE.

=====================================
Tissue: Blood Vessel 
=====================================
[1] TRUE
Running SuSiE.

=====================================
Tissue: Brain 
=====================================
[1] TRUE
Running SuSiE.

=====================================
Tissue: Breast 
=====================================
[1] TRUE
Running SuSiE.

=====================================
Tissue: Colon 
=====================================
[1] TRUE
Running SuSiE.

=====================================
Tissue: Esophagus 
=====================================
[1] TRUE
Running SuSiE.

=====================================
Tissue: Heart 
=====================================
[1] TRUE
Running SuSiE.

=====================================
Tissue: Kidney 
=====================================
[1] TRUE
Running SuSiE.

=====================================
Tissue: Liver 
=====================================
[1] TRUE
Running SuSiE.

=====================================
Tissue: Lung 
=====================================
[1] TRUE
Running SuSiE.

=====================================
Tissue: Muscle 
=====================================
[1] TRUE
Running SuSiE.

=====================================
Tissue: Nerve 
=====================================
[1] TRUE
Running SuSiE.

=====================================
Tissue: Ovary 
=====================================
[1] TRUE
Running SuSiE.

=====================================
Tissue: Pancreas 
=====================================
[1] TRUE
Running SuSiE.

=====================================
Tissue: Pituitary 
=====================================
[1] TRUE
Running SuSiE.

=====================================
Tissue: Prostate 
=====================================
[1] TRUE
Running SuSiE.

=====================================
Tissue: Salivary Gland 
=====================================
[1] TRUE
Running SuSiE.

=====================================
Tissue: Skin 
=====================================
[1] TRUE
Running SuSiE.

=====================================
Tissue: Small Intestine 
=====================================
[1] TRUE
Running SuSiE.

=====================================
Tissue: Spleen 
=====================================
[1] TRUE
Running SuSiE.

=====================================
Tissue: Stomach 
=====================================
[1] TRUE
Running SuSiE.

=====================================
Tissue: Testis 
=====================================
[1] TRUE
Running SuSiE.

=====================================
Tissue: Thyroid 
=====================================
[1] TRUE
Running SuSiE.

=====================================
Tissue: Uterus 
=====================================
[1] TRUE
Running SuSiE.

=====================================
Tissue: Vagina 
=====================================
[1] TRUE
Running SuSiE.
[2026-09-01 14:55:18] starting WRAP53
Importing covariate data.
Importing gene expression data.
Found 27 tissues for gene WRAP53 :
 [1] "Adipose Tissue"  "Adrenal Gland"   "Blood"           "Blood Vessel"   
 [5] "Brain"           "Breast"          "Colon"           "Esophagus"      
 [9] "Heart"           "Kidney"          "Liver"           "Lung"           
[13] "Muscle"          "Nerve"           "Ovary"           "Pancreas"       
[17] "Pituitary"       "Prostate"        "Salivary Gland"  "Skin"           
[21] "Small Intestine" "Spleen"          "Stomach"         "Testis"         
[25] "Thyroid"         "Uterus"          "Vagina"         
Extracting genotype data from PLINK file.
PLINK v2.0.0-a.7LM 64-bit Intel (11 Mar 2026)       cog-genomics.org/plink/2.0/
(C) 2005-2026 Shaun Purcell, Christopher Chang    GNU General Public License v3
Logging to /project2/mstephens/wdenault/susie_mix/temp_plink/plink_WRAP53.log.
Options in effect:
  --bfile /project2/mstephens/gtex/GTEx_Analysis_2017-06-05_v8_WholeGenomeSeq_866Indiv
  --chr 17
  --export A
  --from-bp 7186071
  --maf 0
  --max-alleles 2
  --memory 8000
  --out /project2/mstephens/wdenault/susie_mix/temp_plink/plink_WRAP53
  --rm-dup exclude-all
  --snps-only
  --threads 2
  --to-bp 8186071

Start time: Tue Sep  1 14:56:13 2026
63727 MiB RAM detected, ~26938 available; reserving 8000 MiB for main
workspace.
Using up to 2 compute threads.
866 samples (0 females, 0 males, 866 ambiguous; 866 founders) loaded from
/project2/mstephens/gtex/GTEx_Analysis_2017-06-05_v8_WholeGenomeSeq_866Indiv.fam.
67234533 variants in
/project2/mstephens/gtex/GTEx_Analysis_2017-06-05_v8_WholeGenomeSeq_866Indiv.bim;
65601655 excluded by --chr + --max-alleles + --snps-only, 1632878 remaining.
Note: No phenotype data present.
Note: Skipping --rm-dup since no duplicate IDs are present.
19065 variants remaining after main filters.
--export A pass 1/1: loading... 0%59% writing... 0%1%2%3%4%5%6%7%8%9%10%11%12%13%14%15%16%17%18%19%20%21%22%23%24%25%26%27%28%29%30%31%32%33%34%35%36%37%38%39%40%41%42%43%44%45%46%47%48%49%50%51%52%53%54%55%56%57%58%59%60%61%62%63%64%65%66%67%68%69%70%71%72%73%74%75%76%77%78%79%80%81%82%83%84%85%86%87%88%89%90%91%92%93%94%95%96%97%98%99% done.
--export A: /project2/mstephens/wdenault/susie_mix/temp_plink/plink_WRAP53.raw
written.
End time: Tue Sep  1 14:56:19 2026
22 SNP(s) removed because HWE P < 1e-08 :
 [1] "chr17_7269200_G_T_b38_G" "chr17_7280121_A_G_b38_A"
 [3] "chr17_7302512_G_A_b38_G" "chr17_7332748_T_C_b38_T"
 [5] "chr17_7333162_G_T_b38_G" "chr17_7389366_A_G_b38_A"
 [7] "chr17_7395714_A_G_b38_A" "chr17_7397399_G_T_b38_G"
 [9] "chr17_7509701_A_G_b38_A" "chr17_7575899_T_C_b38_T"
[11] "chr17_7681082_T_C_b38_T" "chr17_7683862_T_C_b38_T"
[13] "chr17_7684688_A_C_b38_A" "chr17_7685993_G_C_b38_G"
[15] "chr17_7688850_C_G_b38_C" "chr17_7695548_A_G_b38_A"
[17] "chr17_7695549_T_C_b38_T" "chr17_7778094_C_G_b38_C"
[19] "chr17_7984782_C_T_b38_C" "chr17_8090056_A_G_b38_A"
[21] "chr17_8090165_A_G_b38_A" "chr17_8091865_A_G_b38_A"

=====================================
Tissue: Adipose Tissue 
=====================================
[1] TRUE
Running SuSiE.

=====================================
Tissue: Adrenal Gland 
=====================================
[1] TRUE
Running SuSiE.

=====================================
Tissue: Blood 
=====================================
[1] TRUE
Running SuSiE.

=====================================
Tissue: Blood Vessel 
=====================================
[1] TRUE
Running SuSiE.

=====================================
Tissue: Brain 
=====================================
[1] TRUE
Running SuSiE.

=====================================
Tissue: Breast 
=====================================
[1] TRUE
Running SuSiE.

=====================================
Tissue: Colon 
=====================================
[1] TRUE
Running SuSiE.

=====================================
Tissue: Esophagus 
=====================================
[1] TRUE
Running SuSiE.

=====================================
Tissue: Heart 
=====================================
[1] TRUE
Running SuSiE.

=====================================
Tissue: Kidney 
=====================================
[1] TRUE
Running SuSiE.

=====================================
Tissue: Liver 
=====================================
[1] TRUE
Running SuSiE.

=====================================
Tissue: Lung 
=====================================
[1] TRUE
Running SuSiE.

=====================================
Tissue: Muscle 
=====================================
[1] TRUE
Running SuSiE.

=====================================
Tissue: Nerve 
=====================================
[1] TRUE
Running SuSiE.

=====================================
Tissue: Ovary 
=====================================
[1] TRUE
Running SuSiE.

=====================================
Tissue: Pancreas 
=====================================
[1] TRUE
Running SuSiE.

=====================================
Tissue: Pituitary 
=====================================
[1] TRUE
Running SuSiE.

=====================================
Tissue: Prostate 
=====================================
[1] TRUE
Running SuSiE.

=====================================
Tissue: Salivary Gland 
=====================================
[1] TRUE
Running SuSiE.

=====================================
Tissue: Skin 
=====================================
[1] TRUE
Running SuSiE.

=====================================
Tissue: Small Intestine 
=====================================
[1] TRUE
Running SuSiE.

=====================================
Tissue: Spleen 
=====================================
[1] TRUE
Running SuSiE.

=====================================
Tissue: Stomach 
=====================================
[1] TRUE
Running SuSiE.

=====================================
Tissue: Testis 
=====================================
[1] TRUE
Running SuSiE.

=====================================
Tissue: Thyroid 
=====================================
[1] TRUE
Running SuSiE.

=====================================
Tissue: Uterus 
=====================================
[1] TRUE
Running SuSiE.

=====================================
Tissue: Vagina 
=====================================
[1] TRUE
Running SuSiE.
[2026-09-01 14:57:54] starting WRAP73
Importing covariate data.
Importing gene expression data.
Found 27 tissues for gene WRAP73 :
 [1] "Adipose Tissue"  "Adrenal Gland"   "Blood"           "Blood Vessel"   
 [5] "Brain"           "Breast"          "Colon"           "Esophagus"      
 [9] "Heart"           "Kidney"          "Liver"           "Lung"           
[13] "Muscle"          "Nerve"           "Ovary"           "Pancreas"       
[17] "Pituitary"       "Prostate"        "Salivary Gland"  "Skin"           
[21] "Small Intestine" "Spleen"          "Stomach"         "Testis"         
[25] "Thyroid"         "Uterus"          "Vagina"         
Extracting genotype data from PLINK file.
PLINK v2.0.0-a.7LM 64-bit Intel (11 Mar 2026)       cog-genomics.org/plink/2.0/
(C) 2005-2026 Shaun Purcell, Christopher Chang    GNU General Public License v3
Logging to /project2/mstephens/wdenault/susie_mix/temp_plink/plink_WRAP73.log.
Options in effect:
  --bfile /project2/mstephens/gtex/GTEx_Analysis_2017-06-05_v8_WholeGenomeSeq_866Indiv
  --chr 1
  --export A
  --from-bp 3152761
  --maf 0
  --max-alleles 2
  --memory 8000
  --out /project2/mstephens/wdenault/susie_mix/temp_plink/plink_WRAP73
  --rm-dup exclude-all
  --snps-only
  --threads 2
  --to-bp 4152761

Start time: Tue Sep  1 14:58:50 2026
63727 MiB RAM detected, ~26937 available; reserving 8000 MiB for main
workspace.
Using up to 2 compute threads.
866 samples (0 females, 0 males, 866 ambiguous; 866 founders) loaded from
/project2/mstephens/gtex/GTEx_Analysis_2017-06-05_v8_WholeGenomeSeq_866Indiv.fam.
67234533 variants in
/project2/mstephens/gtex/GTEx_Analysis_2017-06-05_v8_WholeGenomeSeq_866Indiv.bim;
62424502 excluded by --chr + --max-alleles + --snps-only, 4810031 remaining.
Note: No phenotype data present.
Note: Skipping --rm-dup since no duplicate IDs are present.
25075 variants remaining after main filters.
--export A pass 1/1: loading... 0%99% writing... 0%1%2%3%4%5%6%7%8%9%10%11%12%13%14%15%16%17%18%19%20%21%22%23%24%25%26%27%28%29%30%31%32%33%34%35%36%37%38%39%40%41%42%43%44%45%46%47%48%49%50%51%52%53%54%55%56%57%58%59%60%61%62%63%64%65%66%67%68%69%70%71%72%73%74%75%76%77%78%79%80%81%82%83%84%85%86%87%88%89%90%91%92%93%94%95%96%97%98%99% done.
--export A: /project2/mstephens/wdenault/susie_mix/temp_plink/plink_WRAP73.raw
written.
End time: Tue Sep  1 14:58:56 2026
147 SNP(s) removed because HWE P < 1e-08 :
  [1] "chr1_3181184_G_A_b38_G" "chr1_3195105_G_A_b38_G" "chr1_3195853_T_C_b38_T"
  [4] "chr1_3199797_T_G_b38_T" "chr1_3201114_G_C_b38_G" "chr1_3213452_T_C_b38_T"
  [7] "chr1_3214671_C_T_b38_C" "chr1_3215860_T_C_b38_T" "chr1_3216858_T_A_b38_T"
 [10] "chr1_3220635_T_C_b38_T" "chr1_3221572_A_G_b38_A" "chr1_3222421_C_T_b38_C"
 [13] "chr1_3222431_A_G_b38_A" "chr1_3222664_G_A_b38_G" "chr1_3223178_T_C_b38_T"
 [16] "chr1_3223352_G_A_b38_G" "chr1_3223683_G_A_b38_G" "chr1_3223849_A_G_b38_A"
 [19] "chr1_3224807_C_T_b38_C" "chr1_3226820_G_T_b38_G" "chr1_3229990_G_T_b38_G"
 [22] "chr1_3229994_G_A_b38_G" "chr1_3230035_G_C_b38_G" "chr1_3230198_T_C_b38_T"
 [25] "chr1_3230466_T_C_b38_T" "chr1_3230687_T_C_b38_T" "chr1_3230726_C_T_b38_C"
 [28] "chr1_3230727_A_G_b38_A" "chr1_3232010_A_G_b38_A" "chr1_3232844_A_G_b38_A"
 [31] "chr1_3259164_A_G_b38_A" "chr1_3264069_A_G_b38_A" "chr1_3269813_A_G_b38_A"
 [34] "chr1_3269815_T_G_b38_T" "chr1_3275962_T_C_b38_T" "chr1_3282269_A_G_b38_A"
 [37] "chr1_3282820_A_G_b38_A" "chr1_3282920_A_C_b38_A" "chr1_3283435_T_C_b38_T"
 [40] "chr1_3284506_C_A_b38_C" "chr1_3286446_A_C_b38_A" "chr1_3287931_C_G_b38_C"
 [43] "chr1_3290616_C_T_b38_C" "chr1_3291478_C_T_b38_C" "chr1_3294951_C_T_b38_C"
 [46] "chr1_3302799_A_G_b38_A" "chr1_3302871_C_T_b38_C" "chr1_3302932_C_T_b38_C"
 [49] "chr1_3303537_T_C_b38_T" "chr1_3303596_A_G_b38_A" "chr1_3303645_C_G_b38_C"
 [52] "chr1_3303733_C_G_b38_C" "chr1_3304101_C_G_b38_C" "chr1_3305363_G_A_b38_G"
 [55] "chr1_3305377_G_C_b38_G" "chr1_3305549_T_C_b38_T" "chr1_3305770_A_G_b38_A"
 [58] "chr1_3306129_G_A_b38_G" "chr1_3329607_A_G_b38_A" "chr1_3350578_A_G_b38_A"
 [61] "chr1_3376407_T_C_b38_T" "chr1_3376420_C_A_b38_C" "chr1_3406913_A_G_b38_A"
 [64] "chr1_3426370_A_G_b38_A" "chr1_3457796_C_T_b38_C" "chr1_3457820_T_A_b38_T"
 [67] "chr1_3465616_G_T_b38_G" "chr1_3467101_G_A_b38_G" "chr1_3468565_G_A_b38_G"
 [70] "chr1_3490227_A_G_b38_A" "chr1_3545101_A_G_b38_A" "chr1_3546340_T_C_b38_T"
 [73] "chr1_3547887_T_C_b38_T" "chr1_3549132_A_G_b38_A" "chr1_3556364_T_C_b38_T"
 [76] "chr1_3603767_C_A_b38_C" "chr1_3713285_T_A_b38_T" "chr1_3713396_A_G_b38_A"
 [79] "chr1_3716973_G_A_b38_G" "chr1_3755043_C_G_b38_C" "chr1_3762913_G_T_b38_G"
 [82] "chr1_3762950_G_C_b38_G" "chr1_3867009_C_T_b38_C" "chr1_3867056_T_C_b38_T"
 [85] "chr1_3870730_G_A_b38_G" "chr1_3908459_T_A_b38_T" "chr1_3950623_C_T_b38_C"
 [88] "chr1_3962315_T_A_b38_T" "chr1_3962990_T_G_b38_T" "chr1_3963473_G_C_b38_G"
 [91] "chr1_3963800_G_A_b38_G" "chr1_3966038_C_T_b38_C" "chr1_3966668_G_A_b38_G"
 [94] "chr1_3967051_C_T_b38_C" "chr1_3968864_G_C_b38_G" "chr1_3968877_G_A_b38_G"
 [97] "chr1_3969673_T_C_b38_T" "chr1_3970140_C_T_b38_C" "chr1_3970202_C_T_b38_C"
[100] "chr1_3971584_C_G_b38_C" "chr1_3971754_C_T_b38_C" "chr1_3975232_A_T_b38_A"
[103] "chr1_3982919_A_C_b38_A" "chr1_3984731_G_C_b38_G" "chr1_3999305_C_T_b38_C"
[106] "chr1_4002079_G_C_b38_G" "chr1_4002090_G_A_b38_G" "chr1_4002218_C_T_b38_C"
[109] "chr1_4002219_C_T_b38_C" "chr1_4002838_A_G_b38_A" "chr1_4003308_A_G_b38_A"
[112] "chr1_4035968_G_C_b38_G" "chr1_4036476_G_A_b38_G" "chr1_4036550_T_C_b38_T"
[115] "chr1_4036870_C_T_b38_C" "chr1_4036896_G_A_b38_G" "chr1_4036952_C_T_b38_C"
[118] "chr1_4036961_T_C_b38_T" "chr1_4037031_G_C_b38_G" "chr1_4037061_G_A_b38_G"
[121] "chr1_4037228_T_C_b38_T" "chr1_4037483_C_A_b38_C" "chr1_4037842_C_T_b38_C"
[124] "chr1_4038161_C_T_b38_C" "chr1_4038418_G_T_b38_G" "chr1_4038970_G_A_b38_G"
[127] "chr1_4039627_G_T_b38_G" "chr1_4039733_A_T_b38_A" "chr1_4039890_A_G_b38_A"
[130] "chr1_4039925_A_G_b38_A" "chr1_4040148_C_T_b38_C" "chr1_4040231_C_T_b38_C"
[133] "chr1_4040320_T_C_b38_T" "chr1_4040328_C_T_b38_C" "chr1_4040685_A_G_b38_A"
[136] "chr1_4041010_T_C_b38_T" "chr1_4041046_G_A_b38_G" "chr1_4041294_G_T_b38_G"
[139] "chr1_4041553_C_T_b38_C" "chr1_4041877_T_C_b38_T" "chr1_4041994_A_C_b38_A"
[142] "chr1_4042202_T_C_b38_T" "chr1_4042203_G_A_b38_G" "chr1_4042529_C_A_b38_C"
[145] "chr1_4042586_T_C_b38_T" "chr1_4065343_T_C_b38_T" "chr1_4078675_T_C_b38_T"

=====================================
Tissue: Adipose Tissue 
=====================================
[1] TRUE
Running SuSiE.

=====================================
Tissue: Adrenal Gland 
=====================================
[1] TRUE
Running SuSiE.

=====================================
Tissue: Blood 
=====================================
[1] TRUE
Running SuSiE.

=====================================
Tissue: Blood Vessel 
=====================================
[1] TRUE
Running SuSiE.

=====================================
Tissue: Brain 
=====================================
[1] TRUE
Running SuSiE.

=====================================
Tissue: Breast 
=====================================
[1] TRUE
Running SuSiE.

=====================================
Tissue: Colon 
=====================================
[1] TRUE
Running SuSiE.

=====================================
Tissue: Esophagus 
=====================================
[1] TRUE
Running SuSiE.

=====================================
Tissue: Heart 
=====================================
[1] TRUE
Running SuSiE.

=====================================
Tissue: Kidney 
=====================================
[1] TRUE
Running SuSiE.

=====================================
Tissue: Liver 
=====================================
[1] TRUE
Running SuSiE.

=====================================
Tissue: Lung 
=====================================
[1] TRUE
Running SuSiE.

=====================================
Tissue: Muscle 
=====================================
[1] TRUE
Running SuSiE.

=====================================
Tissue: Nerve 
=====================================
[1] TRUE
Running SuSiE.

=====================================
Tissue: Ovary 
=====================================
[1] TRUE
Running SuSiE.

=====================================
Tissue: Pancreas 
=====================================
[1] TRUE
Running SuSiE.

=====================================
Tissue: Pituitary 
=====================================
[1] TRUE
Running SuSiE.

=====================================
Tissue: Prostate 
=====================================
[1] TRUE
Running SuSiE.

=====================================
Tissue: Salivary Gland 
=====================================
[1] TRUE
Running SuSiE.

=====================================
Tissue: Skin 
=====================================
[1] TRUE
Running SuSiE.

=====================================
Tissue: Small Intestine 
=====================================
[1] TRUE
Running SuSiE.

=====================================
Tissue: Spleen 
=====================================
[1] TRUE
Running SuSiE.

=====================================
Tissue: Stomach 
=====================================
[1] TRUE
Running SuSiE.

=====================================
Tissue: Testis 
=====================================
[1] TRUE
Running SuSiE.

=====================================
Tissue: Thyroid 
=====================================
[1] TRUE
Running SuSiE.

=====================================
Tissue: Uterus 
=====================================
[1] TRUE
Running SuSiE.

=====================================
Tissue: Vagina 
=====================================
[1] TRUE
Running SuSiE.
[2026-09-01 15:01:31] starting WRN
Importing covariate data.
Importing gene expression data.
Found 27 tissues for gene WRN :
 [1] "Adipose Tissue"  "Adrenal Gland"   "Blood"           "Blood Vessel"   
 [5] "Brain"           "Breast"          "Colon"           "Esophagus"      
 [9] "Heart"           "Kidney"          "Liver"           "Lung"           
[13] "Muscle"          "Nerve"           "Ovary"           "Pancreas"       
[17] "Pituitary"       "Prostate"        "Salivary Gland"  "Skin"           
[21] "Small Intestine" "Spleen"          "Stomach"         "Testis"         
[25] "Thyroid"         "Uterus"          "Vagina"         
Extracting genotype data from PLINK file.
PLINK v2.0.0-a.7LM 64-bit Intel (11 Mar 2026)       cog-genomics.org/plink/2.0/
(C) 2005-2026 Shaun Purcell, Christopher Chang    GNU General Public License v3
Logging to /project2/mstephens/wdenault/susie_mix/temp_plink/plink_WRN.log.
Options in effect:
  --bfile /project2/mstephens/gtex/GTEx_Analysis_2017-06-05_v8_WholeGenomeSeq_866Indiv
  --chr 8
  --export A
  --from-bp 30533788
  --maf 0
  --max-alleles 2
  --memory 8000
  --out /project2/mstephens/wdenault/susie_mix/temp_plink/plink_WRN
  --rm-dup exclude-all
  --snps-only
  --threads 2
  --to-bp 31533788

Start time: Tue Sep  1 15:02:29 2026
63727 MiB RAM detected, ~23194 available; reserving 8000 MiB for main
workspace.
Using up to 2 compute threads.
866 samples (0 females, 0 males, 866 ambiguous; 866 founders) loaded from
/project2/mstephens/gtex/GTEx_Analysis_2017-06-05_v8_WholeGenomeSeq_866Indiv.fam.
67234533 variants in
/project2/mstephens/gtex/GTEx_Analysis_2017-06-05_v8_WholeGenomeSeq_866Indiv.bim;
64320131 excluded by --chr + --max-alleles + --snps-only, 2914402 remaining.
Note: No phenotype data present.
Note: Skipping --rm-dup since no duplicate IDs are present.
18167 variants remaining after main filters.
--export A pass 1/1: loading... 0%writing... 0%1%2%3%4%5%6%7%8%9%10%11%12%13%14%15%16%17%18%19%20%21%22%23%24%25%26%27%28%29%30%31%32%33%34%35%36%37%38%39%40%41%42%43%44%45%46%47%48%49%50%51%52%53%54%55%56%57%58%59%60%61%62%63%64%65%66%67%68%69%70%71%72%73%74%75%76%77%78%79%80%81%82%83%84%85%86%87%88%89%90%91%92%93%94%95%96%97%98%99% done.
--export A: /project2/mstephens/wdenault/susie_mix/temp_plink/plink_WRN.raw
written.
End time: Tue Sep  1 15:02:34 2026
50 SNP(s) removed because HWE P < 1e-08 :
 [1] "chr8_30717543_T_C_b38_T" "chr8_30717866_C_T_b38_C"
 [3] "chr8_30718696_C_G_b38_C" "chr8_30718926_T_G_b38_T"
 [5] "chr8_30719287_T_A_b38_T" "chr8_30719318_G_A_b38_G"
 [7] "chr8_30719572_T_C_b38_T" "chr8_30719679_C_T_b38_C"
 [9] "chr8_30719950_G_A_b38_G" "chr8_30720389_T_C_b38_T"
[11] "chr8_30720967_C_T_b38_C" "chr8_30720969_G_A_b38_G"
[13] "chr8_30721012_T_C_b38_T" "chr8_30721064_C_A_b38_C"
[15] "chr8_30721421_T_C_b38_T" "chr8_30721451_G_C_b38_G"
[17] "chr8_30721850_G_A_b38_G" "chr8_30721939_C_A_b38_C"
[19] "chr8_30721982_T_C_b38_T" "chr8_30722231_G_T_b38_G"
[21] "chr8_30722236_C_T_b38_C" "chr8_30722589_A_T_b38_A"
[23] "chr8_30722630_G_A_b38_G" "chr8_30722692_C_T_b38_C"
[25] "chr8_30722696_C_A_b38_C" "chr8_30722777_C_T_b38_C"
[27] "chr8_30723060_G_A_b38_G" "chr8_30723067_G_A_b38_G"
[29] "chr8_30723190_G_A_b38_G" "chr8_30723556_T_C_b38_T"
[31] "chr8_30723643_T_A_b38_T" "chr8_30723984_C_A_b38_C"
[33] "chr8_30724078_A_G_b38_A" "chr8_30724261_C_T_b38_C"
[35] "chr8_30724724_C_T_b38_C" "chr8_30724834_T_A_b38_T"
[37] "chr8_30725106_T_G_b38_T" "chr8_30725137_C_T_b38_C"
[39] "chr8_30725414_G_A_b38_G" "chr8_30725491_C_T_b38_C"
[41] "chr8_30725580_C_A_b38_C" "chr8_30726064_C_T_b38_C"
[43] "chr8_30726197_A_G_b38_A" "chr8_30726249_G_A_b38_G"
[45] "chr8_30962994_T_C_b38_T" "chr8_30971664_C_T_b38_C"
[47] "chr8_31007428_C_A_b38_C" "chr8_31008594_A_G_b38_A"
[49] "chr8_31313526_C_T_b38_C" "chr8_31315611_T_A_b38_T"

=====================================
Tissue: Adipose Tissue 
=====================================
[1] TRUE
Running SuSiE.

=====================================
Tissue: Adrenal Gland 
=====================================
[1] TRUE
Running SuSiE.

=====================================
Tissue: Blood 
=====================================
[1] TRUE
Running SuSiE.

=====================================
Tissue: Blood Vessel 
=====================================
[1] TRUE
Running SuSiE.

=====================================
Tissue: Brain 
=====================================
[1] TRUE
Running SuSiE.

=====================================
Tissue: Breast 
=====================================
[1] TRUE
Running SuSiE.

=====================================
Tissue: Colon 
=====================================
[1] TRUE
Running SuSiE.

=====================================
Tissue: Esophagus 
=====================================
[1] TRUE
Running SuSiE.

=====================================
Tissue: Heart 
=====================================
[1] TRUE
Running SuSiE.

=====================================
Tissue: Kidney 
=====================================
[1] TRUE
Running SuSiE.

=====================================
Tissue: Liver 
=====================================
[1] TRUE
Running SuSiE.

=====================================
Tissue: Lung 
=====================================
[1] TRUE
Running SuSiE.

=====================================
Tissue: Muscle 
=====================================
[1] TRUE
Running SuSiE.

=====================================
Tissue: Nerve 
=====================================
[1] TRUE
Running SuSiE.

=====================================
Tissue: Ovary 
=====================================
[1] TRUE
Running SuSiE.

=====================================
Tissue: Pancreas 
=====================================
[1] TRUE
Running SuSiE.

=====================================
Tissue: Pituitary 
=====================================
[1] TRUE
Running SuSiE.

=====================================
Tissue: Prostate 
=====================================
[1] TRUE
Running SuSiE.

=====================================
Tissue: Salivary Gland 
=====================================
[1] TRUE
Running SuSiE.

=====================================
Tissue: Skin 
=====================================
[1] TRUE
Running SuSiE.

=====================================
Tissue: Small Intestine 
=====================================
[1] TRUE
Running SuSiE.

=====================================
Tissue: Spleen 
=====================================
[1] TRUE
Running SuSiE.

=====================================
Tissue: Stomach 
=====================================
[1] TRUE
Running SuSiE.

=====================================
Tissue: Testis 
=====================================
[1] TRUE
Running SuSiE.

=====================================
Tissue: Thyroid 
=====================================
[1] TRUE
Running SuSiE.

=====================================
Tissue: Uterus 
=====================================
[1] TRUE
Running SuSiE.

=====================================
Tissue: Vagina 
=====================================
[1] TRUE
Running SuSiE.
[2026-09-01 15:04:16] starting WRNIP1
Importing covariate data.
Importing gene expression data.
Found 27 tissues for gene WRNIP1 :
 [1] "Adipose Tissue"  "Adrenal Gland"   "Blood"           "Blood Vessel"   
 [5] "Brain"           "Breast"          "Colon"           "Esophagus"      
 [9] "Heart"           "Kidney"          "Liver"           "Lung"           
[13] "Muscle"          "Nerve"           "Ovary"           "Pancreas"       
[17] "Pituitary"       "Prostate"        "Salivary Gland"  "Skin"           
[21] "Small Intestine" "Spleen"          "Stomach"         "Testis"         
[25] "Thyroid"         "Uterus"          "Vagina"         
Extracting genotype data from PLINK file.
PLINK v2.0.0-a.7LM 64-bit Intel (11 Mar 2026)       cog-genomics.org/plink/2.0/
(C) 2005-2026 Shaun Purcell, Christopher Chang    GNU General Public License v3
Logging to /project2/mstephens/wdenault/susie_mix/temp_plink/plink_WRNIP1.log.
Options in effect:
  --bfile /project2/mstephens/gtex/GTEx_Analysis_2017-06-05_v8_WholeGenomeSeq_866Indiv
  --chr 6
  --export A
  --from-bp 2265393
  --maf 0
  --max-alleles 2
  --memory 8000
  --out /project2/mstephens/wdenault/susie_mix/temp_plink/plink_WRNIP1
  --rm-dup exclude-all
  --snps-only
  --threads 2
  --to-bp 3265393

Start time: Tue Sep  1 15:05:13 2026
63727 MiB RAM detected, ~26909 available; reserving 8000 MiB for main
workspace.
Using up to 2 compute threads.
866 samples (0 females, 0 males, 866 ambiguous; 866 founders) loaded from
/project2/mstephens/gtex/GTEx_Analysis_2017-06-05_v8_WholeGenomeSeq_866Indiv.fam.
67234533 variants in
/project2/mstephens/gtex/GTEx_Analysis_2017-06-05_v8_WholeGenomeSeq_866Indiv.bim;
64003927 excluded by --chr + --max-alleles + --snps-only, 3230606 remaining.
Note: No phenotype data present.
Note: Skipping --rm-dup since no duplicate IDs are present.
21211 variants remaining after main filters.
--export A pass 1/1: loading... 0%writing... 0%1%2%3%4%5%6%7%8%9%10%11%12%13%14%15%16%17%18%19%20%21%22%23%24%25%26%27%28%29%30%31%32%33%34%35%36%37%38%39%40%41%42%43%44%45%46%47%48%49%50%51%52%53%54%55%56%57%58%59%60%61%62%63%64%65%66%67%68%69%70%71%72%73%74%75%76%77%78%79%80%81%82%83%84%85%86%87%88%89%90%91%92%93%94%95%96%97%98%99% done.
--export A: /project2/mstephens/wdenault/susie_mix/temp_plink/plink_WRNIP1.raw
written.
End time: Tue Sep  1 15:05:19 2026
120 SNP(s) removed because HWE P < 1e-08 :
  [1] "chr6_2509086_C_T_b38_C" "chr6_2745117_C_G_b38_C" "chr6_2745118_C_G_b38_C"
  [4] "chr6_3040751_G_A_b38_G" "chr6_3085773_C_T_b38_C" "chr6_3085774_T_C_b38_T"
  [7] "chr6_3085866_C_T_b38_C" "chr6_3086255_C_T_b38_C" "chr6_3086622_G_C_b38_G"
 [10] "chr6_3086686_C_T_b38_C" "chr6_3086719_C_G_b38_C" "chr6_3086772_C_G_b38_C"
 [13] "chr6_3087281_G_A_b38_G" "chr6_3088323_C_T_b38_C" "chr6_3088353_C_T_b38_C"
 [16] "chr6_3088383_C_T_b38_C" "chr6_3095154_T_G_b38_T" "chr6_3096505_T_C_b38_T"
 [19] "chr6_3096807_T_C_b38_T" "chr6_3097167_A_G_b38_A" "chr6_3098124_A_G_b38_A"
 [22] "chr6_3098860_C_G_b38_C" "chr6_3098918_G_C_b38_G" "chr6_3099184_A_G_b38_A"
 [25] "chr6_3099530_T_C_b38_T" "chr6_3099650_C_T_b38_C" "chr6_3101442_C_G_b38_C"
 [28] "chr6_3102457_A_G_b38_A" "chr6_3104637_G_A_b38_G" "chr6_3104775_T_C_b38_T"
 [31] "chr6_3105137_C_G_b38_C" "chr6_3105288_T_C_b38_T" "chr6_3106077_G_T_b38_G"
 [34] "chr6_3108673_G_A_b38_G" "chr6_3112296_C_T_b38_C" "chr6_3115292_C_T_b38_C"
 [37] "chr6_3116710_C_T_b38_C" "chr6_3118376_G_C_b38_G" "chr6_3125469_A_G_b38_A"
 [40] "chr6_3126677_T_C_b38_T" "chr6_3129980_G_A_b38_G" "chr6_3130954_G_A_b38_G"
 [43] "chr6_3131917_T_C_b38_T" "chr6_3139787_C_A_b38_C" "chr6_3156193_A_C_b38_A"
 [46] "chr6_3158122_G_C_b38_G" "chr6_3158555_A_T_b38_A" "chr6_3158733_C_T_b38_C"
 [49] "chr6_3158756_C_T_b38_C" "chr6_3158762_C_G_b38_C" "chr6_3158972_T_C_b38_T"
 [52] "chr6_3159057_G_A_b38_G" "chr6_3159131_T_A_b38_T" "chr6_3159384_C_T_b38_C"
 [55] "chr6_3159385_A_G_b38_A" "chr6_3159454_T_C_b38_T" "chr6_3159755_A_C_b38_A"
 [58] "chr6_3170060_G_A_b38_G" "chr6_3171853_T_C_b38_T" "chr6_3173029_T_C_b38_T"
 [61] "chr6_3173303_T_C_b38_T" "chr6_3173695_A_G_b38_A" "chr6_3176654_A_C_b38_A"
 [64] "chr6_3177356_C_A_b38_C" "chr6_3177367_C_T_b38_C" "chr6_3177424_A_T_b38_A"
 [67] "chr6_3177822_C_T_b38_C" "chr6_3178988_T_G_b38_T" "chr6_3179303_T_C_b38_T"
 [70] "chr6_3179753_C_A_b38_C" "chr6_3180588_A_T_b38_A" "chr6_3180968_G_A_b38_G"
 [73] "chr6_3183735_T_C_b38_T" "chr6_3185478_C_T_b38_C" "chr6_3186567_G_A_b38_G"
 [76] "chr6_3187559_C_A_b38_C" "chr6_3189316_C_G_b38_C" "chr6_3189331_C_G_b38_C"
 [79] "chr6_3189554_C_T_b38_C" "chr6_3190383_G_C_b38_G" "chr6_3193206_G_A_b38_G"
 [82] "chr6_3193305_G_T_b38_G" "chr6_3194424_A_G_b38_A" "chr6_3197354_G_C_b38_G"
 [85] "chr6_3198418_C_T_b38_C" "chr6_3198602_T_G_b38_T" "chr6_3199022_T_C_b38_T"
 [88] "chr6_3199695_C_A_b38_C" "chr6_3199867_G_A_b38_G" "chr6_3200728_A_G_b38_A"
 [91] "chr6_3201293_A_T_b38_A" "chr6_3209354_A_G_b38_A" "chr6_3210889_A_T_b38_A"
 [94] "chr6_3210934_G_A_b38_G" "chr6_3210954_G_A_b38_G" "chr6_3211553_T_C_b38_T"
 [97] "chr6_3212148_A_G_b38_A" "chr6_3217588_C_T_b38_C" "chr6_3218014_C_G_b38_C"
[100] "chr6_3218821_T_C_b38_T" "chr6_3223975_G_A_b38_G" "chr6_3226803_G_A_b38_G"
[103] "chr6_3226966_T_G_b38_T" "chr6_3229243_T_G_b38_T" "chr6_3229471_A_G_b38_A"
[106] "chr6_3234189_G_A_b38_G" "chr6_3235513_A_G_b38_A" "chr6_3235773_T_C_b38_T"
[109] "chr6_3236425_C_T_b38_C" "chr6_3243053_C_G_b38_C" "chr6_3250818_G_C_b38_G"
[112] "chr6_3253995_C_A_b38_C" "chr6_3254529_A_G_b38_A" "chr6_3254750_T_C_b38_T"
[115] "chr6_3259776_G_A_b38_G" "chr6_3259877_T_C_b38_T" "chr6_3260690_C_G_b38_C"
[118] "chr6_3261431_T_A_b38_T" "chr6_3264679_G_A_b38_G" "chr6_3264681_G_A_b38_G"

=====================================
Tissue: Adipose Tissue 
=====================================
[1] TRUE
Running SuSiE.

=====================================
Tissue: Adrenal Gland 
=====================================
[1] TRUE
Running SuSiE.

=====================================
Tissue: Blood 
=====================================
[1] TRUE
Running SuSiE.

=====================================
Tissue: Blood Vessel 
=====================================
[1] TRUE
Running SuSiE.

=====================================
Tissue: Brain 
=====================================
[1] TRUE
Running SuSiE.

=====================================
Tissue: Breast 
=====================================
[1] TRUE
Running SuSiE.

=====================================
Tissue: Colon 
=====================================
[1] TRUE
Running SuSiE.

=====================================
Tissue: Esophagus 
=====================================
[1] TRUE
Running SuSiE.

=====================================
Tissue: Heart 
=====================================
[1] TRUE
Running SuSiE.

=====================================
Tissue: Kidney 
=====================================
[1] TRUE
Running SuSiE.

=====================================
Tissue: Liver 
=====================================
[1] TRUE
Running SuSiE.

=====================================
Tissue: Lung 
=====================================
[1] TRUE
Running SuSiE.

=====================================
Tissue: Muscle 
=====================================
[1] TRUE
Running SuSiE.

=====================================
Tissue: Nerve 
=====================================
[1] TRUE
Running SuSiE.

=====================================
Tissue: Ovary 
=====================================
[1] TRUE
Running SuSiE.

=====================================
Tissue: Pancreas 
=====================================
[1] TRUE
Running SuSiE.

=====================================
Tissue: Pituitary 
=====================================
[1] TRUE
Running SuSiE.

=====================================
Tissue: Prostate 
=====================================
[1] TRUE
Running SuSiE.

=====================================
Tissue: Salivary Gland 
=====================================
[1] TRUE
Running SuSiE.

=====================================
Tissue: Skin 
=====================================
[1] TRUE
Running SuSiE.

=====================================
Tissue: Small Intestine 
=====================================
[1] TRUE
Running SuSiE.

=====================================
Tissue: Spleen 
=====================================
[1] TRUE
Running SuSiE.

=====================================
Tissue: Stomach 
=====================================
[1] TRUE
Running SuSiE.

=====================================
Tissue: Testis 
=====================================
[1] TRUE
Running SuSiE.

=====================================
Tissue: Thyroid 
=====================================
[1] TRUE
Running SuSiE.

=====================================
Tissue: Uterus 
=====================================
[1] TRUE
Running SuSiE.

=====================================
Tissue: Vagina 
=====================================
[1] TRUE
Running SuSiE.
[2026-09-01 15:07:35] starting WSB1
Importing covariate data.
Importing gene expression data.
Found 27 tissues for gene WSB1 :
 [1] "Adipose Tissue"  "Adrenal Gland"   "Blood"           "Blood Vessel"   
 [5] "Brain"           "Breast"          "Colon"           "Esophagus"      
 [9] "Heart"           "Kidney"          "Liver"           "Lung"           
[13] "Muscle"          "Nerve"           "Ovary"           "Pancreas"       
[17] "Pituitary"       "Prostate"        "Salivary Gland"  "Skin"           
[21] "Small Intestine" "Spleen"          "Stomach"         "Testis"         
[25] "Thyroid"         "Uterus"          "Vagina"         
Extracting genotype data from PLINK file.
PLINK v2.0.0-a.7LM 64-bit Intel (11 Mar 2026)       cog-genomics.org/plink/2.0/
(C) 2005-2026 Shaun Purcell, Christopher Chang    GNU General Public License v3
Logging to /project2/mstephens/wdenault/susie_mix/temp_plink/plink_WSB1.log.
Options in effect:
  --bfile /project2/mstephens/gtex/GTEx_Analysis_2017-06-05_v8_WholeGenomeSeq_866Indiv
  --chr 17
  --export A
  --from-bp 26794076
  --maf 0
  --max-alleles 2
  --memory 8000
  --out /project2/mstephens/wdenault/susie_mix/temp_plink/plink_WSB1
  --rm-dup exclude-all
  --snps-only
  --threads 2
  --to-bp 27794076

Start time: Tue Sep  1 15:08:32 2026
63727 MiB RAM detected, ~26920 available; reserving 8000 MiB for main
workspace.
Using up to 2 compute threads.
866 samples (0 females, 0 males, 866 ambiguous; 866 founders) loaded from
/project2/mstephens/gtex/GTEx_Analysis_2017-06-05_v8_WholeGenomeSeq_866Indiv.fam.
67234533 variants in
/project2/mstephens/gtex/GTEx_Analysis_2017-06-05_v8_WholeGenomeSeq_866Indiv.bim;
65601655 excluded by --chr + --max-alleles + --snps-only, 1632878 remaining.
Note: No phenotype data present.
Note: Skipping --rm-dup since no duplicate IDs are present.
28348 variants remaining after main filters.
--export A pass 1/1: loading... 0%writing... 0%1%2%3%4%5%6%7%8%9%10%11%12%13%14%15%16%17%18%19%20%21%22%23%24%25%26%27%28%29%30%31%32%33%34%35%36%37%38%39%40%41%42%43%44%45%46%47%48%49%50%51%52%53%54%55%56%57%58%59%60%61%62%63%64%65%66%67%68%69%70%71%72%73%74%75%76%77%78%79%80%81%82%83%84%85%86%87%88%89%90%91%92%93%94%95%96%97%98%99% done.
--export A: /project2/mstephens/wdenault/susie_mix/temp_plink/plink_WSB1.raw
written.
End time: Tue Sep  1 15:08:37 2026
1048 SNP(s) removed because HWE P < 1e-08 :
   [1] "chr17_26796134_G_T_b38_G" "chr17_26796137_T_A_b38_T"
   [3] "chr17_26796172_T_A_b38_T" "chr17_26796177_A_T_b38_A"
   [5] "chr17_26796182_T_G_b38_T" "chr17_26796183_A_T_b38_A"
   [7] "chr17_26796204_A_G_b38_A" "chr17_26799301_G_T_b38_G"
   [9] "chr17_26799305_C_T_b38_C" "chr17_26799314_A_G_b38_A"
  [11] "chr17_26799350_C_T_b38_C" "chr17_26809479_G_A_b38_G"
  [13] "chr17_26809619_G_T_b38_G" "chr17_26811802_T_C_b38_T"
  [15] "chr17_26813227_G_C_b38_G" "chr17_26814219_A_G_b38_A"
  [17] "chr17_26814226_T_C_b38_T" "chr17_26814319_A_G_b38_A"
  [19] "chr17_26818127_G_A_b38_G" "chr17_26820704_C_A_b38_C"
  [21] "chr17_26820738_A_G_b38_A" "chr17_26824093_A_G_b38_A"
  [23] "chr17_26846942_T_A_b38_T" "chr17_26846943_G_A_b38_G"
  [25] "chr17_26848204_A_C_b38_A" "chr17_26848224_G_C_b38_G"
  [27] "chr17_26853194_T_C_b38_T" "chr17_26853195_G_A_b38_G"
  [29] "chr17_26853213_A_T_b38_A" "chr17_26853216_A_G_b38_A"
  [31] "chr17_26853243_A_T_b38_A" "chr17_26853259_T_C_b38_T"
  [33] "chr17_26857556_G_A_b38_G" "chr17_26857568_A_G_b38_A"
  [35] "chr17_26857584_A_T_b38_A" "chr17_26857649_T_C_b38_T"
  [37] "chr17_26857659_A_T_b38_A" "chr17_26857664_C_T_b38_C"
  [39] "chr17_26857665_A_G_b38_A" "chr17_26861129_A_T_b38_A"
  [41] "chr17_26861130_T_G_b38_T" "chr17_26861150_T_C_b38_T"
  [43] "chr17_26861155_T_A_b38_T" "chr17_26861160_T_A_b38_T"
  [45] "chr17_26861163_T_A_b38_T" "chr17_26861172_C_G_b38_C"
  [47] "chr17_26866841_G_T_b38_G" "chr17_26866846_G_A_b38_G"
  [49] "chr17_26877312_T_A_b38_T" "chr17_26877343_G_C_b38_G"
  [51] "chr17_26877344_G_T_b38_G" "chr17_26877347_T_C_b38_T"
  [53] "chr17_26877361_C_A_b38_C" "chr17_26877372_C_A_b38_C"
  [55] "chr17_26877373_G_T_b38_G" "chr17_26877374_G_T_b38_G"
  [57] "chr17_26877378_C_T_b38_C" "chr17_26877387_T_C_b38_T"
  [59] "chr17_26877401_A_T_b38_A" "chr17_26877404_G_C_b38_G"
  [61] "chr17_26877408_C_T_b38_C" "chr17_26877412_T_A_b38_T"
  [63] "chr17_26877423_C_A_b38_C" "chr17_26877424_G_C_b38_G"
  [65] "chr17_26877432_T_A_b38_T" "chr17_26877436_A_G_b38_A"
  [67] "chr17_26877437_T_C_b38_T" "chr17_26877438_A_C_b38_A"
  [69] "chr17_26877439_A_T_b38_A" "chr17_26877441_A_G_b38_A"
  [71] "chr17_26877448_G_C_b38_G" "chr17_26877449_G_C_b38_G"
  [73] "chr17_26885214_A_T_b38_A" "chr17_26885279_T_G_b38_T"
  [75] "chr17_26885342_T_C_b38_T" "chr17_26885372_G_A_b38_G"
  [77] "chr17_26885379_T_C_b38_T" "chr17_26885485_G_A_b38_G"
  [79] "chr17_26885499_A_G_b38_A" "chr17_26885532_C_A_b38_C"
  [81] "chr17_26885557_C_A_b38_C" "chr17_26885581_A_T_b38_A"
  [83] "chr17_26885594_T_G_b38_T" "chr17_26937442_T_G_b38_T"
  [85] "chr17_26937473_G_A_b38_G" "chr17_26937734_G_T_b38_G"
  [87] "chr17_26937849_G_C_b38_G" "chr17_26937872_T_C_b38_T"
  [89] "chr17_26937920_A_T_b38_A" "chr17_26937928_G_A_b38_G"
  [91] "chr17_26937943_G_C_b38_G" "chr17_26937962_C_T_b38_C"
  [93] "chr17_26937992_G_T_b38_G" "chr17_26937995_A_G_b38_A"
  [95] "chr17_26937999_G_A_b38_G" "chr17_26938002_A_C_b38_A"
  [97] "chr17_26938007_T_A_b38_T" "chr17_26938008_G_A_b38_G"
  [99] "chr17_26938013_G_A_b38_G" "chr17_26938117_G_A_b38_G"
 [101] "chr17_26938128_T_C_b38_T" "chr17_26938132_G_T_b38_G"
 [103] "chr17_26938134_G_T_b38_G" "chr17_26938147_G_C_b38_G"
 [105] "chr17_26938814_C_A_b38_C" "chr17_26938815_G_A_b38_G"
 [107] "chr17_26938835_G_A_b38_G" "chr17_26938845_G_C_b38_G"
 [109] "chr17_26938913_T_A_b38_T" "chr17_26938932_G_A_b38_G"
 [111] "chr17_26938942_G_T_b38_G" "chr17_26938957_A_G_b38_A"
 [113] "chr17_26938969_G_C_b38_G" "chr17_26939078_A_C_b38_A"
 [115] "chr17_26939236_G_A_b38_G" "chr17_26939250_T_C_b38_T"
 [117] "chr17_26939266_C_T_b38_C" "chr17_26939267_G_A_b38_G"
 [119] "chr17_26939307_C_G_b38_C" "chr17_26939392_T_C_b38_T"
 [121] "chr17_26939402_A_G_b38_A" "chr17_26939409_G_A_b38_G"
 [123] "chr17_26939415_G_A_b38_G" "chr17_26939445_G_T_b38_G"
 [125] "chr17_26939447_G_A_b38_G" "chr17_26939452_G_A_b38_G"
 [127] "chr17_26939455_G_C_b38_G" "chr17_26939457_G_A_b38_G"
 [129] "chr17_26939462_G_A_b38_G" "chr17_26939523_T_G_b38_T"
 [131] "chr17_26939534_G_A_b38_G" "chr17_26939569_G_T_b38_G"
 [133] "chr17_26940329_A_G_b38_A" "chr17_26940349_A_T_b38_A"
 [135] "chr17_26940361_G_A_b38_G" "chr17_26940367_G_C_b38_G"
 [137] "chr17_26940511_G_A_b38_G" "chr17_26940514_G_A_b38_G"
 [139] "chr17_26940587_T_A_b38_T" "chr17_26941241_C_A_b38_C"
 [141] "chr17_26941272_C_G_b38_C" "chr17_26941282_A_G_b38_A"
 [143] "chr17_26942113_A_G_b38_A" "chr17_26942117_C_T_b38_C"
 [145] "chr17_26943504_C_T_b38_C" "chr17_26943528_C_T_b38_C"
 [147] "chr17_26943764_G_A_b38_G" "chr17_26943828_T_G_b38_T"
 [149] "chr17_26944015_T_G_b38_T" "chr17_26944051_T_A_b38_T"
 [151] "chr17_26944056_T_G_b38_T" "chr17_26944442_A_G_b38_A"
 [153] "chr17_26944455_C_T_b38_C" "chr17_26944507_T_A_b38_T"
 [155] "chr17_26944517_T_C_b38_T" "chr17_26944554_G_C_b38_G"
 [157] "chr17_26944578_A_G_b38_A" "chr17_26944590_A_G_b38_A"
 [159] "chr17_26944596_C_T_b38_C" "chr17_26944621_A_C_b38_A"
 [161] "chr17_26944679_T_C_b38_T" "chr17_26944717_A_T_b38_A"
 [163] "chr17_26944746_G_C_b38_G" "chr17_26944760_C_A_b38_C"
 [165] "chr17_26944779_A_C_b38_A" "chr17_26944840_C_T_b38_C"
 [167] "chr17_26944845_G_A_b38_G" "chr17_26944863_T_G_b38_T"
 [169] "chr17_26944901_A_C_b38_A" "chr17_26944970_G_T_b38_G"
 [171] "chr17_26945004_T_G_b38_T" "chr17_26945028_G_A_b38_G"
 [173] "chr17_26945033_A_C_b38_A" "chr17_26945247_A_G_b38_A"
 [175] "chr17_26945280_A_T_b38_A" "chr17_26945316_G_A_b38_G"
 [177] "chr17_26945321_C_G_b38_C" "chr17_26945396_A_G_b38_A"
 [179] "chr17_26945404_G_A_b38_G" "chr17_26945583_C_T_b38_C"
 [181] "chr17_26945612_G_A_b38_G" "chr17_26945619_A_C_b38_A"
 [183] "chr17_26945704_C_T_b38_C" "chr17_26945714_T_C_b38_T"
 [185] "chr17_26945716_C_T_b38_C" "chr17_26945774_T_C_b38_T"
 [187] "chr17_26945790_C_T_b38_C" "chr17_26945806_C_T_b38_C"
 [189] "chr17_26945930_T_A_b38_T" "chr17_26946049_T_G_b38_T"
 [191] "chr17_26946078_A_G_b38_A" "chr17_26946172_T_A_b38_T"
 [193] "chr17_26946239_C_A_b38_C" "chr17_26946248_A_G_b38_A"
 [195] "chr17_26946292_A_G_b38_A" "chr17_26946302_T_G_b38_T"
 [197] "chr17_26946441_G_A_b38_G" "chr17_26946468_T_A_b38_T"
 [199] "chr17_26946538_T_C_b38_T" "chr17_26946675_C_G_b38_C"
 [201] "chr17_26946683_G_C_b38_G" "chr17_26946690_C_G_b38_C"
 [203] "chr17_26946814_A_G_b38_A" "chr17_26946860_C_A_b38_C"
 [205] "chr17_26946926_G_T_b38_G" "chr17_26946930_G_T_b38_G"
 [207] "chr17_26946947_G_A_b38_G" "chr17_26947003_G_T_b38_G"
 [209] "chr17_26947063_G_T_b38_G" "chr17_26947080_A_G_b38_A"
 [211] "chr17_26947162_A_T_b38_A" "chr17_26947187_T_C_b38_T"
 [213] "chr17_26947213_C_T_b38_C" "chr17_26947234_C_T_b38_C"
 [215] "chr17_26947285_G_A_b38_G" "chr17_26947327_G_A_b38_G"
 [217] "chr17_26947337_G_A_b38_G" "chr17_26947353_T_C_b38_T"
 [219] "chr17_26947473_T_C_b38_T" "chr17_26947480_A_G_b38_A"
 [221] "chr17_26947539_A_G_b38_A" "chr17_26947574_G_T_b38_G"
 [223] "chr17_26947781_C_A_b38_C" "chr17_26948635_A_G_b38_A"
 [225] "chr17_26948672_C_A_b38_C" "chr17_26948850_C_A_b38_C"
 [227] "chr17_26948854_C_T_b38_C" "chr17_26948872_T_C_b38_T"
 [229] "chr17_26948883_A_G_b38_A" "chr17_26948904_A_G_b38_A"
 [231] "chr17_26948940_C_T_b38_C" "chr17_26949010_C_A_b38_C"
 [233] "chr17_26949045_A_G_b38_A" "chr17_26949082_A_T_b38_A"
 [235] "chr17_26949248_A_G_b38_A" "chr17_26949265_C_A_b38_C"
 [237] "chr17_26949277_A_G_b38_A" "chr17_26949360_C_T_b38_C"
 [239] "chr17_26949368_C_A_b38_C" "chr17_26949472_A_T_b38_A"
 [241] "chr17_26949490_T_A_b38_T" "chr17_26949499_C_T_b38_C"
 [243] "chr17_26949555_C_T_b38_C" "chr17_26949558_T_C_b38_T"
 [245] "chr17_26949565_C_T_b38_C" "chr17_26949577_A_G_b38_A"
 [247] "chr17_26949823_A_T_b38_A" "chr17_26949863_T_A_b38_T"
 [249] "chr17_26949887_C_T_b38_C" "chr17_26950336_T_C_b38_T"
 [251] "chr17_26950430_G_A_b38_G" "chr17_26950478_G_T_b38_G"
 [253] "chr17_26950502_T_A_b38_T" "chr17_26950513_T_A_b38_T"
 [255] "chr17_26950601_C_A_b38_C" "chr17_26950628_A_C_b38_A"
 [257] "chr17_26950632_C_A_b38_C" "chr17_26950639_T_C_b38_T"
 [259] "chr17_26950660_C_T_b38_C" "chr17_26950696_C_G_b38_C"
 [261] "chr17_26950780_A_G_b38_A" "chr17_26950818_T_G_b38_T"
 [263] "chr17_26950827_T_C_b38_T" "chr17_26950846_A_G_b38_A"
 [265] "chr17_26950849_G_C_b38_G" "chr17_26951309_T_C_b38_T"
 [267] "chr17_26951387_A_C_b38_A" "chr17_26951400_A_G_b38_A"
 [269] "chr17_26951430_G_A_b38_G" "chr17_26951470_C_A_b38_C"
 [271] "chr17_26951475_T_C_b38_T" "chr17_26951568_A_T_b38_A"
 [273] "chr17_26951652_T_C_b38_T" "chr17_26951674_T_A_b38_T"
 [275] "chr17_26951682_C_T_b38_C" "chr17_26951699_G_A_b38_G"
 [277] "chr17_26951708_G_T_b38_G" "chr17_26952913_A_G_b38_A"
 [279] "chr17_26952953_A_T_b38_A" "chr17_26952960_T_C_b38_T"
 [281] "chr17_26952983_A_G_b38_A" "chr17_26953041_T_A_b38_T"
 [283] "chr17_26953049_T_A_b38_T" "chr17_26953078_G_T_b38_G"
 [285] "chr17_26953090_A_G_b38_A" "chr17_26953167_T_A_b38_T"
 [287] "chr17_26953207_A_C_b38_A" "chr17_26953216_A_G_b38_A"
 [289] "chr17_26953270_C_A_b38_C" "chr17_26953315_G_C_b38_G"
 [291] "chr17_26953372_G_C_b38_G" "chr17_26953387_C_T_b38_C"
 [293] "chr17_26953426_T_A_b38_T" "chr17_26953436_A_C_b38_A"
 [295] "chr17_26953467_G_T_b38_G" "chr17_26953570_A_C_b38_A"
 [297] "chr17_26954117_C_A_b38_C" "chr17_26954124_G_A_b38_G"
 [299] "chr17_26954272_G_T_b38_G" "chr17_26954281_A_G_b38_A"
 [301] "chr17_26954299_A_G_b38_A" "chr17_26954329_C_T_b38_C"
 [303] "chr17_26954343_G_T_b38_G" "chr17_26954498_A_T_b38_A"
 [305] "chr17_26954507_A_G_b38_A" "chr17_26954537_C_T_b38_C"
 [307] "chr17_26954545_C_A_b38_C" "chr17_26954565_A_C_b38_A"
 [309] "chr17_26954574_C_T_b38_C" "chr17_26954625_A_C_b38_A"
 [311] "chr17_26954679_A_C_b38_A" "chr17_26954703_C_T_b38_C"
 [313] "chr17_26954704_C_T_b38_C" "chr17_26954734_C_T_b38_C"
 [315] "chr17_26954807_A_G_b38_A" "chr17_26954868_C_G_b38_C"
 [317] "chr17_26954925_A_C_b38_A" "chr17_26955106_A_G_b38_A"
 [319] "chr17_26955163_G_C_b38_G" "chr17_26955228_G_T_b38_G"
 [321] "chr17_26955229_G_A_b38_G" "chr17_26955404_C_G_b38_C"
 [323] "chr17_26955573_T_A_b38_T" "chr17_26955589_A_G_b38_A"
 [325] "chr17_26955592_T_G_b38_T" "chr17_26956115_G_A_b38_G"
 [327] "chr17_26956144_A_G_b38_A" "chr17_26956166_T_G_b38_T"
 [329] "chr17_26956250_A_G_b38_A" "chr17_26956277_C_T_b38_C"
 [331] "chr17_26956318_T_G_b38_T" "chr17_26956369_C_T_b38_C"
 [333] "chr17_26956390_G_A_b38_G" "chr17_26956402_C_T_b38_C"
 [335] "chr17_26956422_C_T_b38_C" "chr17_26956464_A_T_b38_A"
 [337] "chr17_26956576_A_G_b38_A" "chr17_26956591_T_C_b38_T"
 [339] "chr17_26956611_A_G_b38_A" "chr17_26956662_A_C_b38_A"
 [341] "chr17_26956679_T_C_b38_T" "chr17_26956684_C_T_b38_C"
 [343] "chr17_26956698_T_G_b38_T" "chr17_26956707_T_G_b38_T"
 [345] "chr17_26956726_G_A_b38_G" "chr17_26956746_G_A_b38_G"
 [347] "chr17_26956751_T_C_b38_T" "chr17_26956780_G_A_b38_G"
 [349] "chr17_26956792_G_A_b38_G" "chr17_26956971_G_A_b38_G"
 [351] "chr17_26957024_A_C_b38_A" "chr17_26957060_C_A_b38_C"
 [353] "chr17_26957101_T_C_b38_T" "chr17_26957120_C_G_b38_C"
 [355] "chr17_26957148_G_A_b38_G" "chr17_26957214_G_A_b38_G"
 [357] "chr17_26957353_T_G_b38_T" "chr17_26957403_C_G_b38_C"
 [359] "chr17_26957468_G_A_b38_G" "chr17_26957498_C_T_b38_C"
 [361] "chr17_26957510_C_A_b38_C" "chr17_26957524_T_C_b38_T"
 [363] "chr17_26957565_A_G_b38_A" "chr17_26957655_G_C_b38_G"
 [365] "chr17_26957713_G_T_b38_G" "chr17_26957741_G_C_b38_G"
 [367] "chr17_26957833_T_G_b38_T" "chr17_26957853_T_A_b38_T"
 [369] "chr17_26957892_G_T_b38_G" "chr17_26957904_T_A_b38_T"
 [371] "chr17_26957921_G_T_b38_G" "chr17_26957931_T_A_b38_T"
 [373] "chr17_26957932_G_A_b38_G" "chr17_26957937_T_A_b38_T"
 [375] "chr17_26958094_T_C_b38_T" "chr17_26958108_T_G_b38_T"
 [377] "chr17_26958163_A_G_b38_A" "chr17_26958246_T_C_b38_T"
 [379] "chr17_26958305_A_G_b38_A" "chr17_26958309_A_G_b38_A"
 [381] "chr17_26958329_A_C_b38_A" "chr17_26958440_C_T_b38_C"
 [383] "chr17_26958475_C_A_b38_C" "chr17_26958483_T_G_b38_T"
 [385] "chr17_26958530_C_A_b38_C" "chr17_26958552_A_G_b38_A"
 [387] "chr17_26958692_T_C_b38_T" "chr17_26958693_C_G_b38_C"
 [389] "chr17_26958777_A_G_b38_A" "chr17_26958810_T_A_b38_T"
 [391] "chr17_26958818_T_C_b38_T" "chr17_26958954_T_C_b38_T"
 [393] "chr17_26958989_A_G_b38_A" "chr17_26959008_T_C_b38_T"
 [395] "chr17_26959037_T_A_b38_T" "chr17_26959067_C_A_b38_C"
 [397] "chr17_26959072_A_C_b38_A" "chr17_26959113_T_C_b38_T"
 [399] "chr17_26959166_T_C_b38_T" "chr17_26959217_G_A_b38_G"
 [401] "chr17_26959249_C_A_b38_C" "chr17_26959297_C_A_b38_C"
 [403] "chr17_26959302_A_G_b38_A" "chr17_26959305_T_A_b38_T"
 [405] "chr17_26959325_T_C_b38_T" "chr17_26959332_A_T_b38_A"
 [407] "chr17_26959373_T_C_b38_T" "chr17_26959439_C_T_b38_C"
 [409] "chr17_26959446_C_T_b38_C" "chr17_26959631_G_T_b38_G"
 [411] "chr17_26959659_T_C_b38_T" "chr17_26959668_T_C_b38_T"
 [413] "chr17_26959681_A_C_b38_A" "chr17_26959732_T_G_b38_T"
 [415] "chr17_26959768_A_C_b38_A" "chr17_26959844_C_T_b38_C"
 [417] "chr17_26959871_C_T_b38_C" "chr17_26959890_G_T_b38_G"
 [419] "chr17_26960142_A_G_b38_A" "chr17_26960162_A_G_b38_A"
 [421] "chr17_26960208_T_C_b38_T" "chr17_26960324_C_T_b38_C"
 [423] "chr17_26960325_C_A_b38_C" "chr17_26960327_T_G_b38_T"
 [425] "chr17_26960350_T_C_b38_T" "chr17_26960361_G_C_b38_G"
 [427] "chr17_26960388_T_C_b38_T" "chr17_26960392_T_C_b38_T"
 [429] "chr17_26960419_C_T_b38_C" "chr17_26960431_A_G_b38_A"
 [431] "chr17_26960469_T_G_b38_T" "chr17_26960476_C_T_b38_C"
 [433] "chr17_26960499_G_T_b38_G" "chr17_26960558_T_G_b38_T"
 [435] "chr17_26960651_A_G_b38_A" "chr17_26960686_C_A_b38_C"
 [437] "chr17_26960772_T_G_b38_T" "chr17_26960797_C_T_b38_C"
 [439] "chr17_26960810_T_C_b38_T" "chr17_26960832_A_T_b38_A"
 [441] "chr17_26960836_A_G_b38_A" "chr17_26960843_T_A_b38_T"
 [443] "chr17_26960877_A_T_b38_A" "chr17_26960950_T_C_b38_T"
 [445] "chr17_26960960_T_C_b38_T" "chr17_26961017_A_T_b38_A"
 [447] "chr17_26961112_A_G_b38_A" "chr17_26961165_T_C_b38_T"
 [449] "chr17_26961324_A_T_b38_A" "chr17_26961363_C_A_b38_C"
 [451] "chr17_26961372_A_G_b38_A" "chr17_26961450_T_G_b38_T"
 [453] "chr17_26961586_T_C_b38_T" "chr17_26961627_T_C_b38_T"
 [455] "chr17_26961692_T_C_b38_T" "chr17_26961713_A_C_b38_A"
 [457] "chr17_26961736_T_C_b38_T" "chr17_26961777_C_T_b38_C"
 [459] "chr17_26961807_T_C_b38_T" "chr17_26961873_C_T_b38_C"
 [461] "chr17_26961890_T_C_b38_T" "chr17_26961897_T_G_b38_T"
 [463] "chr17_26961907_T_C_b38_T" "chr17_26961926_A_C_b38_A"
 [465] "chr17_26961930_T_G_b38_T" "chr17_26961952_G_T_b38_G"
 [467] "chr17_26961956_G_T_b38_G" "chr17_26961987_A_G_b38_A"
 [469] "chr17_26962020_T_C_b38_T" "chr17_26962027_T_C_b38_T"
 [471] "chr17_26962031_A_T_b38_A" "chr17_26962056_C_A_b38_C"
 [473] "chr17_26962096_T_G_b38_T" "chr17_26962146_A_G_b38_A"
 [475] "chr17_26962156_C_T_b38_C" "chr17_26962159_T_C_b38_T"
 [477] "chr17_26962212_T_C_b38_T" "chr17_26962216_C_G_b38_C"
 [479] "chr17_26962240_A_T_b38_A" "chr17_26962253_G_A_b38_G"
 [481] "chr17_26962300_G_C_b38_G" "chr17_26962418_G_A_b38_G"
 [483] "chr17_26962487_C_T_b38_C" "chr17_26962780_T_C_b38_T"
 [485] "chr17_26963357_A_G_b38_A" "chr17_26963602_C_A_b38_C"
 [487] "chr17_26963696_C_T_b38_C" "chr17_26963711_A_G_b38_A"
 [489] "chr17_26963712_A_C_b38_A" "chr17_26963787_T_G_b38_T"
 [491] "chr17_26963800_C_G_b38_C" "chr17_26963819_A_T_b38_A"
 [493] "chr17_26963855_C_G_b38_C" "chr17_26964031_C_G_b38_C"
 [495] "chr17_26964057_G_C_b38_G" "chr17_26964070_C_T_b38_C"
 [497] "chr17_26964091_A_G_b38_A" "chr17_26964100_G_T_b38_G"
 [499] "chr17_26964107_C_T_b38_C" "chr17_26964108_G_A_b38_G"
 [501] "chr17_26964120_T_C_b38_T" "chr17_26964124_A_C_b38_A"
 [503] "chr17_26964134_G_A_b38_G" "chr17_26964165_G_A_b38_G"
 [505] "chr17_26964165_G_T_b38_G" "chr17_26964177_G_T_b38_G"
 [507] "chr17_26964181_T_A_b38_T" "chr17_26964309_A_C_b38_A"
 [509] "chr17_26964321_G_C_b38_G" "chr17_26964335_A_C_b38_A"
 [511] "chr17_26964336_G_A_b38_G" "chr17_26964342_T_C_b38_T"
 [513] "chr17_26964343_G_T_b38_G" "chr17_26964374_C_T_b38_C"
 [515] "chr17_26964415_T_G_b38_T" "chr17_26964474_A_G_b38_A"
 [517] "chr17_26964480_G_A_b38_G" "chr17_26964485_A_C_b38_A"
 [519] "chr17_26964535_A_G_b38_A" "chr17_26964626_G_C_b38_G"
 [521] "chr17_26964716_T_C_b38_T" "chr17_26964766_T_C_b38_T"
 [523] "chr17_26964947_A_T_b38_A" "chr17_26965068_A_G_b38_A"
 [525] "chr17_26965108_G_A_b38_G" "chr17_26965165_T_C_b38_T"
 [527] "chr17_26965331_G_T_b38_G" "chr17_26965469_T_C_b38_T"
 [529] "chr17_26965486_A_G_b38_A" "chr17_26965491_C_A_b38_C"
 [531] "chr17_26965506_G_A_b38_G" "chr17_26965518_C_T_b38_C"
 [533] "chr17_26965822_G_A_b38_G" "chr17_26965824_G_A_b38_G"
 [535] "chr17_26965883_G_A_b38_G" "chr17_26965884_C_A_b38_C"
 [537] "chr17_26965904_T_A_b38_T" "chr17_26966786_C_A_b38_C"
 [539] "chr17_26967197_C_T_b38_C" "chr17_26967234_G_C_b38_G"
 [541] "chr17_26967411_A_C_b38_A" "chr17_26967539_G_T_b38_G"
 [543] "chr17_26967562_C_A_b38_C" "chr17_26967567_T_G_b38_T"
 [545] "chr17_26967570_T_C_b38_T" "chr17_26967628_G_A_b38_G"
 [547] "chr17_26967762_T_A_b38_T" "chr17_26967807_A_C_b38_A"
 [549] "chr17_26967830_T_A_b38_T" "chr17_26967873_C_T_b38_C"
 [551] "chr17_26967920_C_T_b38_C" "chr17_26967925_C_T_b38_C"
 [553] "chr17_26967932_A_G_b38_A" "chr17_26968146_A_C_b38_A"
 [555] "chr17_26968159_C_T_b38_C" "chr17_26968201_T_C_b38_T"
 [557] "chr17_26968212_G_A_b38_G" "chr17_26968219_G_T_b38_G"
 [559] "chr17_26968237_T_C_b38_T" "chr17_26968327_T_C_b38_T"
 [561] "chr17_26968392_C_T_b38_C" "chr17_26968507_T_A_b38_T"
 [563] "chr17_26968512_A_T_b38_A" "chr17_26968516_A_T_b38_A"
 [565] "chr17_26968540_C_A_b38_C" "chr17_26969031_C_T_b38_C"
 [567] "chr17_26969063_C_T_b38_C" "chr17_26969106_C_A_b38_C"
 [569] "chr17_26969138_C_T_b38_C" "chr17_26969169_G_T_b38_G"
 [571] "chr17_26969194_G_T_b38_G" "chr17_26969232_G_A_b38_G"
 [573] "chr17_26969240_G_A_b38_G" "chr17_26969265_T_G_b38_T"
 [575] "chr17_26969335_G_C_b38_G" "chr17_26969392_T_A_b38_T"
 [577] "chr17_26969394_G_A_b38_G" "chr17_26969403_C_T_b38_C"
 [579] "chr17_26969409_G_T_b38_G" "chr17_26969412_T_A_b38_T"
 [581] "chr17_26969413_C_T_b38_C" "chr17_26969554_A_C_b38_A"
 [583] "chr17_26969606_G_C_b38_G" "chr17_26969608_T_C_b38_T"
 [585] "chr17_26969665_C_T_b38_C" "chr17_26969711_T_G_b38_T"
 [587] "chr17_26969770_T_C_b38_T" "chr17_26969987_C_A_b38_C"
 [589] "chr17_26970007_T_C_b38_T" "chr17_26970039_T_C_b38_T"
 [591] "chr17_26970046_C_T_b38_C" "chr17_26970067_C_T_b38_C"
 [593] "chr17_26970118_G_T_b38_G" "chr17_26970130_C_A_b38_C"
 [595] "chr17_26970132_G_C_b38_G" "chr17_26970159_A_G_b38_A"
 [597] "chr17_26970172_T_C_b38_T" "chr17_26970221_A_G_b38_A"
 [599] "chr17_26970256_C_A_b38_C" "chr17_26970452_T_A_b38_T"
 [601] "chr17_26970485_T_G_b38_T" "chr17_26970495_T_C_b38_T"
 [603] "chr17_26970518_T_C_b38_T" "chr17_26970534_A_C_b38_A"
 [605] "chr17_26970663_G_T_b38_G" "chr17_26970698_C_G_b38_C"
 [607] "chr17_26970841_A_T_b38_A" "chr17_26970917_A_G_b38_A"
 [609] "chr17_26970973_T_C_b38_T" "chr17_26971298_A_G_b38_A"
 [611] "chr17_26971312_C_G_b38_C" "chr17_26971376_G_A_b38_G"
 [613] "chr17_26971399_C_T_b38_C" "chr17_26971445_G_A_b38_G"
 [615] "chr17_26971508_G_T_b38_G" "chr17_26971750_G_C_b38_G"
 [617] "chr17_26971751_G_A_b38_G" "chr17_26971920_A_G_b38_A"
 [619] "chr17_26972049_G_T_b38_G" "chr17_26972094_G_A_b38_G"
 [621] "chr17_26972132_C_G_b38_C" "chr17_26972133_G_A_b38_G"
 [623] "chr17_26972215_C_G_b38_C" "chr17_26972231_C_A_b38_C"
 [625] "chr17_26972322_T_A_b38_T" "chr17_26972337_G_A_b38_G"
 [627] "chr17_26972417_T_C_b38_T" "chr17_26972444_C_A_b38_C"
 [629] "chr17_26972543_A_G_b38_A" "chr17_26972586_C_A_b38_C"
 [631] "chr17_26972663_T_G_b38_T" "chr17_26972674_G_C_b38_G"
 [633] "chr17_26972732_G_T_b38_G" "chr17_26972808_A_G_b38_A"
 [635] "chr17_26972815_A_G_b38_A" "chr17_26972816_T_A_b38_T"
 [637] "chr17_26972836_A_C_b38_A" "chr17_26972848_C_T_b38_C"
 [639] "chr17_26972853_A_G_b38_A" "chr17_26972889_C_T_b38_C"
 [641] "chr17_26972897_C_T_b38_C" "chr17_26972914_G_A_b38_G"
 [643] "chr17_26972932_T_A_b38_T" "chr17_26972952_T_C_b38_T"
 [645] "chr17_26972988_G_A_b38_G" "chr17_26973026_G_A_b38_G"
 [647] "chr17_26973042_T_C_b38_T" "chr17_26973070_C_T_b38_C"
 [649] "chr17_26973095_G_A_b38_G" "chr17_26973113_T_C_b38_T"
 [651] "chr17_26973114_G_A_b38_G" "chr17_26973284_T_C_b38_T"
 [653] "chr17_26973293_G_C_b38_G" "chr17_26973300_T_C_b38_T"
 [655] "chr17_26973342_T_G_b38_T" "chr17_26973375_C_T_b38_C"
 [657] "chr17_26973376_T_G_b38_T" "chr17_26973413_G_A_b38_G"
 [659] "chr17_26973415_G_T_b38_G" "chr17_26973477_A_C_b38_A"
 [661] "chr17_26973784_C_T_b38_C" "chr17_26973814_A_G_b38_A"
 [663] "chr17_26973888_T_C_b38_T" "chr17_26973939_A_C_b38_A"
 [665] "chr17_26973945_G_A_b38_G" "chr17_26973957_A_C_b38_A"
 [667] "chr17_26973961_A_T_b38_A" "chr17_26973993_T_C_b38_T"
 [669] "chr17_26973998_C_T_b38_C" "chr17_26974019_G_T_b38_G"
 [671] "chr17_26974066_G_T_b38_G" "chr17_26974076_T_A_b38_T"
 [673] "chr17_26974113_A_G_b38_A" "chr17_26974117_C_T_b38_C"
 [675] "chr17_26974211_G_A_b38_G" "chr17_26974228_A_C_b38_A"
 [677] "chr17_26974232_A_C_b38_A" "chr17_26974244_G_T_b38_G"
 [679] "chr17_26974254_C_G_b38_C" "chr17_26974273_A_G_b38_A"
 [681] "chr17_26974310_C_A_b38_C" "chr17_26974333_G_C_b38_G"
 [683] "chr17_26974373_G_T_b38_G" "chr17_26974382_T_C_b38_T"
 [685] "chr17_26974394_C_A_b38_C" "chr17_26974443_T_A_b38_T"
 [687] "chr17_26974460_G_C_b38_G" "chr17_26974465_A_G_b38_A"
 [689] "chr17_26974472_A_T_b38_A" "chr17_26974492_T_G_b38_T"
 [691] "chr17_26974499_G_A_b38_G" "chr17_26974552_A_T_b38_A"
 [693] "chr17_26974556_A_C_b38_A" "chr17_26974569_G_C_b38_G"
 [695] "chr17_26974577_G_T_b38_G" "chr17_26974618_C_A_b38_C"
 [697] "chr17_26974622_G_T_b38_G" "chr17_26974640_G_C_b38_G"
 [699] "chr17_26974646_G_A_b38_G" "chr17_26974657_C_T_b38_C"
 [701] "chr17_26974698_G_A_b38_G" "chr17_26974713_G_A_b38_G"
 [703] "chr17_26974719_G_T_b38_G" "chr17_26974736_T_A_b38_T"
 [705] "chr17_26974768_A_C_b38_A" "chr17_26974785_G_A_b38_G"
 [707] "chr17_26974861_G_T_b38_G" "chr17_26974900_A_G_b38_A"
 [709] "chr17_26974902_T_C_b38_T" "chr17_26974923_A_G_b38_A"
 [711] "chr17_26974931_A_C_b38_A" "chr17_26975011_A_C_b38_A"
 [713] "chr17_26975107_A_G_b38_A" "chr17_26975120_G_A_b38_G"
 [715] "chr17_26975206_A_G_b38_A" "chr17_26975218_T_C_b38_T"
 [717] "chr17_26975228_G_C_b38_G" "chr17_26975250_G_A_b38_G"
 [719] "chr17_26975287_G_A_b38_G" "chr17_26975299_T_A_b38_T"
 [721] "chr17_26975472_G_T_b38_G" "chr17_26975512_C_A_b38_C"
 [723] "chr17_26975525_T_G_b38_T" "chr17_26975796_C_T_b38_C"
 [725] "chr17_26975798_C_T_b38_C" "chr17_26975827_T_C_b38_T"
 [727] "chr17_26975830_C_T_b38_C" "chr17_26975850_A_T_b38_A"
 [729] "chr17_26975975_C_A_b38_C" "chr17_26976008_G_A_b38_G"
 [731] "chr17_26976050_T_C_b38_T" "chr17_26976051_A_G_b38_A"
 [733] "chr17_26976054_A_G_b38_A" "chr17_26976121_G_T_b38_G"
 [735] "chr17_26976163_G_A_b38_G" "chr17_26976184_A_T_b38_A"
 [737] "chr17_26976198_G_A_b38_G" "chr17_26976317_G_A_b38_G"
 [739] "chr17_26976321_T_C_b38_T" "chr17_26976330_A_G_b38_A"
 [741] "chr17_26976347_G_T_b38_G" "chr17_26976412_T_C_b38_T"
 [743] "chr17_26976475_A_G_b38_A" "chr17_26976500_T_C_b38_T"
 [745] "chr17_26976532_A_C_b38_A" "chr17_26976535_A_G_b38_A"
 [747] "chr17_26976539_C_G_b38_C" "chr17_26976577_A_T_b38_A"
 [749] "chr17_26976578_A_G_b38_A" "chr17_26976583_T_G_b38_T"
 [751] "chr17_26976589_A_G_b38_A" "chr17_26976593_C_G_b38_C"
 [753] "chr17_26976614_A_G_b38_A" "chr17_26976617_A_C_b38_A"
 [755] "chr17_26976689_A_T_b38_A" "chr17_26976705_A_T_b38_A"
 [757] "chr17_26976718_T_A_b38_T" "chr17_26977958_T_G_b38_T"
 [759] "chr17_26978001_C_A_b38_C" "chr17_26978031_C_A_b38_C"
 [761] "chr17_26978090_G_T_b38_G" "chr17_26978105_T_C_b38_T"
 [763] "chr17_26978240_A_G_b38_A" "chr17_26978249_G_A_b38_G"
 [765] "chr17_26978325_A_G_b38_A" "chr17_26978345_G_A_b38_G"
 [767] "chr17_26978351_C_G_b38_C" "chr17_26978393_G_A_b38_G"
 [769] "chr17_26978396_C_T_b38_C" "chr17_26980002_A_T_b38_A"
 [771] "chr17_26980052_A_G_b38_A" "chr17_26980056_G_C_b38_G"
 [773] "chr17_26980172_G_A_b38_G" "chr17_26980219_C_T_b38_C"
 [775] "chr17_26980232_T_C_b38_T" "chr17_26980270_G_A_b38_G"
 [777] "chr17_26980272_G_T_b38_G" "chr17_26980343_T_C_b38_T"
 [779] "chr17_26980345_G_C_b38_G" "chr17_26982432_A_G_b38_A"
 [781] "chr17_26982434_T_G_b38_T" "chr17_26982442_G_C_b38_G"
 [783] "chr17_26982443_T_C_b38_T" "chr17_26982444_G_A_b38_G"
 [785] "chr17_26982450_T_G_b38_T" "chr17_26982489_G_A_b38_G"
 [787] "chr17_26982505_G_A_b38_G" "chr17_26982525_A_C_b38_A"
 [789] "chr17_26982613_C_G_b38_C" "chr17_26982614_A_G_b38_A"
 [791] "chr17_26982652_G_A_b38_G" "chr17_26982749_C_G_b38_C"
 [793] "chr17_26982767_A_G_b38_A" "chr17_26982768_G_A_b38_G"
 [795] "chr17_26982782_C_T_b38_C" "chr17_26982784_T_C_b38_T"
 [797] "chr17_26982788_A_G_b38_A" "chr17_26983228_T_C_b38_T"
 [799] "chr17_26985422_A_C_b38_A" "chr17_26985435_G_A_b38_G"
 [801] "chr17_26985524_C_T_b38_C" "chr17_26985540_T_C_b38_T"
 [803] "chr17_26985966_T_C_b38_T" "chr17_26985982_A_G_b38_A"
 [805] "chr17_26985998_A_G_b38_A" "chr17_26986588_C_G_b38_C"
 [807] "chr17_26986589_A_G_b38_A" "chr17_26986604_A_T_b38_A"
 [809] "chr17_26986772_T_C_b38_T" "chr17_26987107_T_C_b38_T"
 [811] "chr17_26987144_T_C_b38_T" "chr17_26987217_A_G_b38_A"
 [813] "chr17_26987291_T_G_b38_T" "chr17_26987304_A_G_b38_A"
 [815] "chr17_26987347_T_G_b38_T" "chr17_26987357_T_C_b38_T"
 [817] "chr17_26987358_G_A_b38_G" "chr17_26987364_G_A_b38_G"
 [819] "chr17_26987426_C_T_b38_C" "chr17_26987446_A_G_b38_A"
 [821] "chr17_26987488_C_T_b38_C" "chr17_26987489_C_T_b38_C"
 [823] "chr17_26987490_C_G_b38_C" "chr17_26987498_T_C_b38_T"
 [825] "chr17_26987499_G_A_b38_G" "chr17_26987521_G_C_b38_G"
 [827] "chr17_26987558_C_T_b38_C" "chr17_26987604_A_G_b38_A"
 [829] "chr17_26987692_A_G_b38_A" "chr17_26987699_A_G_b38_A"
 [831] "chr17_26987708_G_A_b38_G" "chr17_26987885_C_G_b38_C"
 [833] "chr17_26987899_T_C_b38_T" "chr17_26988074_T_C_b38_T"
 [835] "chr17_26988181_A_G_b38_A" "chr17_26988191_A_G_b38_A"
 [837] "chr17_26988201_C_T_b38_C" "chr17_26988227_G_A_b38_G"
 [839] "chr17_26988466_G_A_b38_G" "chr17_26988658_C_A_b38_C"
 [841] "chr17_26988709_G_A_b38_G" "chr17_26988725_A_G_b38_A"
 [843] "chr17_26988740_C_T_b38_C" "chr17_26988747_C_G_b38_C"
 [845] "chr17_26988808_A_C_b38_A" "chr17_26988914_A_G_b38_A"
 [847] "chr17_26988918_T_C_b38_T" "chr17_26988931_T_C_b38_T"
 [849] "chr17_26988967_G_A_b38_G" "chr17_26988996_A_G_b38_A"
 [851] "chr17_26989011_G_C_b38_G" "chr17_26989014_C_T_b38_C"
 [853] "chr17_26989015_A_G_b38_A" "chr17_26989058_G_T_b38_G"
 [855] "chr17_26989066_T_A_b38_T" "chr17_26989085_C_T_b38_C"
 [857] "chr17_26989091_C_T_b38_C" "chr17_26989139_C_T_b38_C"
 [859] "chr17_26989178_A_T_b38_A" "chr17_26989227_C_T_b38_C"
 [861] "chr17_26989258_C_T_b38_C" "chr17_26989259_A_G_b38_A"
 [863] "chr17_26989363_G_C_b38_G" "chr17_26989484_C_T_b38_C"
 [865] "chr17_26989485_A_G_b38_A" "chr17_26989575_G_A_b38_G"
 [867] "chr17_26989581_T_C_b38_T" "chr17_26989584_T_C_b38_T"
 [869] "chr17_26989606_T_C_b38_T" "chr17_26989626_T_C_b38_T"
 [871] "chr17_26989729_G_A_b38_G" "chr17_26989765_T_G_b38_T"
 [873] "chr17_26989783_T_C_b38_T" "chr17_26990257_T_C_b38_T"
 [875] "chr17_26990260_T_C_b38_T" "chr17_26990277_A_G_b38_A"
 [877] "chr17_26990336_G_A_b38_G" "chr17_26990347_T_C_b38_T"
 [879] "chr17_26990390_T_C_b38_T" "chr17_26990635_G_C_b38_G"
 [881] "chr17_26990771_G_A_b38_G" "chr17_26990785_T_C_b38_T"
 [883] "chr17_26990848_A_G_b38_A" "chr17_26990878_C_A_b38_C"
 [885] "chr17_26990922_C_T_b38_C" "chr17_26990940_C_G_b38_C"
 [887] "chr17_26990943_C_A_b38_C" "chr17_26991153_C_A_b38_C"
 [889] "chr17_26991159_G_A_b38_G" "chr17_26991173_G_A_b38_G"
 [891] "chr17_26991198_T_C_b38_T" "chr17_26991383_A_G_b38_A"
 [893] "chr17_26991389_G_T_b38_G" "chr17_26991461_C_T_b38_C"
 [895] "chr17_26991518_G_T_b38_G" "chr17_26991520_T_C_b38_T"
 [897] "chr17_26991690_A_G_b38_A" "chr17_26991718_T_A_b38_T"
 [899] "chr17_26991893_G_A_b38_G" "chr17_26991906_C_T_b38_C"
 [901] "chr17_26991984_T_C_b38_T" "chr17_26991998_T_A_b38_T"
 [903] "chr17_26992006_T_G_b38_T" "chr17_26992035_G_A_b38_G"
 [905] "chr17_26992212_C_A_b38_C" "chr17_26992245_A_C_b38_A"
 [907] "chr17_26992280_C_T_b38_C" "chr17_26993786_T_C_b38_T"
 [909] "chr17_26993798_C_T_b38_C" "chr17_26993863_G_T_b38_G"
 [911] "chr17_26993878_C_T_b38_C" "chr17_26993947_A_G_b38_A"
 [913] "chr17_26993956_C_T_b38_C" "chr17_26993993_T_C_b38_T"
 [915] "chr17_26993994_G_A_b38_G" "chr17_26995287_C_G_b38_C"
 [917] "chr17_26995288_A_G_b38_A" "chr17_26995291_G_A_b38_G"
 [919] "chr17_26995316_G_A_b38_G" "chr17_26995385_T_C_b38_T"
 [921] "chr17_26996108_G_C_b38_G" "chr17_26999633_G_A_b38_G"
 [923] "chr17_26999669_A_T_b38_A" "chr17_26999690_A_G_b38_A"
 [925] "chr17_27000032_A_T_b38_A" "chr17_27000065_T_C_b38_T"
 [927] "chr17_27000303_T_A_b38_T" "chr17_27000311_G_A_b38_G"
 [929] "chr17_27000348_T_A_b38_T" "chr17_27000353_T_G_b38_T"
 [931] "chr17_27000462_C_T_b38_C" "chr17_27000484_T_C_b38_T"
 [933] "chr17_27000603_T_A_b38_T" "chr17_27000623_G_A_b38_G"
 [935] "chr17_27000633_T_A_b38_T" "chr17_27000634_A_G_b38_A"
 [937] "chr17_27000727_G_T_b38_G" "chr17_27000740_C_T_b38_C"
 [939] "chr17_27000744_C_T_b38_C" "chr17_27000753_T_C_b38_T"
 [941] "chr17_27000783_C_T_b38_C" "chr17_27000948_C_A_b38_C"
 [943] "chr17_27001001_C_T_b38_C" "chr17_27001123_G_A_b38_G"
 [945] "chr17_27001399_C_T_b38_C" "chr17_27001741_G_A_b38_G"
 [947] "chr17_27001761_G_A_b38_G" "chr17_27001868_C_T_b38_C"
 [949] "chr17_27001875_A_G_b38_A" "chr17_27002129_C_G_b38_C"
 [951] "chr17_27002136_A_T_b38_A" "chr17_27002374_C_T_b38_C"
 [953] "chr17_27002377_C_T_b38_C" "chr17_27002395_C_A_b38_C"
 [955] "chr17_27002403_T_A_b38_T" "chr17_27002430_G_A_b38_G"
 [957] "chr17_27002449_G_A_b38_G" "chr17_27002496_T_A_b38_T"
 [959] "chr17_27003770_C_T_b38_C" "chr17_27003814_G_A_b38_G"
 [961] "chr17_27003889_C_T_b38_C" "chr17_27003898_T_C_b38_T"
 [963] "chr17_27003917_C_T_b38_C" "chr17_27003983_T_C_b38_T"
 [965] "chr17_27003989_T_C_b38_T" "chr17_27004024_A_G_b38_A"
 [967] "chr17_27004027_A_T_b38_A" "chr17_27004106_G_T_b38_G"
 [969] "chr17_27004156_C_A_b38_C" "chr17_27004252_C_G_b38_C"
 [971] "chr17_27004262_T_G_b38_T" "chr17_27004264_T_C_b38_T"
 [973] "chr17_27004287_C_T_b38_C" "chr17_27004385_C_T_b38_C"
 [975] "chr17_27004405_G_A_b38_G" "chr17_27005335_T_G_b38_T"
 [977] "chr17_27005361_G_A_b38_G" "chr17_27005372_G_A_b38_G"
 [979] "chr17_27005428_C_T_b38_C" "chr17_27005443_A_G_b38_A"
 [981] "chr17_27005605_G_T_b38_G" "chr17_27005607_G_A_b38_G"
 [983] "chr17_27005613_T_C_b38_T" "chr17_27005646_G_T_b38_G"
 [985] "chr17_27005670_T_C_b38_T" "chr17_27005749_G_C_b38_G"
 [987] "chr17_27005938_G_T_b38_G" "chr17_27005978_G_A_b38_G"
 [989] "chr17_27006267_A_G_b38_A" "chr17_27006281_T_C_b38_T"
 [991] "chr17_27006299_T_C_b38_T" "chr17_27006689_G_T_b38_G"
 [993] "chr17_27006734_A_G_b38_A" "chr17_27006764_C_A_b38_C"
 [995] "chr17_27006878_G_A_b38_G" "chr17_27006916_T_C_b38_T"
 [997] "chr17_27006934_C_T_b38_C" "chr17_27006946_G_A_b38_G"
 [999] "chr17_27007015_T_A_b38_T" "chr17_27007040_T_C_b38_T"
[1001] "chr17_27007072_C_G_b38_C" "chr17_27007084_C_A_b38_C"
[1003] "chr17_27007085_G_A_b38_G" "chr17_27007090_C_G_b38_C"
[1005] "chr17_27007104_A_G_b38_A" "chr17_27007266_C_T_b38_C"
[1007] "chr17_27007278_G_A_b38_G" "chr17_27007286_C_T_b38_C"
[1009] "chr17_27007377_A_T_b38_A" "chr17_27007412_T_C_b38_T"
[1011] "chr17_27007415_T_C_b38_T" "chr17_27007475_G_A_b38_G"
[1013] "chr17_27007475_G_T_b38_G" "chr17_27007540_C_A_b38_C"
[1015] "chr17_27007572_T_C_b38_T" "chr17_27007713_G_T_b38_G"
[1017] "chr17_27007737_G_T_b38_G" "chr17_27007743_A_C_b38_A"
[1019] "chr17_27007756_A_G_b38_A" "chr17_27007777_A_G_b38_A"
[1021] "chr17_27007781_A_G_b38_A" "chr17_27007819_A_T_b38_A"
[1023] "chr17_27008130_C_G_b38_C" "chr17_27008132_G_A_b38_G"
[1025] "chr17_27008469_G_C_b38_G" "chr17_27008494_G_A_b38_G"
[1027] "chr17_27008514_G_A_b38_G" "chr17_27008526_A_G_b38_A"
[1029] "chr17_27008574_A_G_b38_A" "chr17_27008583_G_A_b38_G"
[1031] "chr17_27008609_A_G_b38_A" "chr17_27008612_T_C_b38_T"
[1033] "chr17_27008731_C_T_b38_C" "chr17_27008749_C_A_b38_C"
[1035] "chr17_27008756_T_C_b38_T" "chr17_27008762_A_G_b38_A"
[1037] "chr17_27008944_G_A_b38_G" "chr17_27009007_C_T_b38_C"
[1039] "chr17_27009016_A_G_b38_A" "chr17_27464993_A_G_b38_A"
[1041] "chr17_27464999_G_A_b38_G" "chr17_27465004_A_C_b38_A"
[1043] "chr17_27465018_A_G_b38_A" "chr17_27465030_C_T_b38_C"
[1045] "chr17_27711361_T_C_b38_T" "chr17_27752823_T_C_b38_T"
[1047] "chr17_27752982_G_A_b38_G" "chr17_27753069_C_T_b38_C"

=====================================
Tissue: Adipose Tissue 
=====================================
[1] TRUE
Running SuSiE.

=====================================
Tissue: Adrenal Gland 
=====================================
[1] TRUE
Running SuSiE.

=====================================
Tissue: Blood 
=====================================
[1] TRUE
Running SuSiE.

=====================================
Tissue: Blood Vessel 
=====================================
[1] TRUE
Running SuSiE.

=====================================
Tissue: Brain 
=====================================
[1] TRUE
Running SuSiE.

=====================================
Tissue: Breast 
=====================================
[1] TRUE
Running SuSiE.

=====================================
Tissue: Colon 
=====================================
[1] TRUE
Running SuSiE.

=====================================
Tissue: Esophagus 
=====================================
[1] TRUE
Running SuSiE.

=====================================
Tissue: Heart 
=====================================
[1] TRUE
Running SuSiE.

=====================================
Tissue: Kidney 
=====================================
[1] TRUE
Running SuSiE.

=====================================
Tissue: Liver 
=====================================
[1] TRUE
Running SuSiE.

=====================================
Tissue: Lung 
=====================================
[1] TRUE
Running SuSiE.

=====================================
Tissue: Muscle 
=====================================
[1] TRUE
Running SuSiE.

=====================================
Tissue: Nerve 
=====================================
[1] TRUE
Running SuSiE.

=====================================
Tissue: Ovary 
=====================================
[1] TRUE
Running SuSiE.

=====================================
Tissue: Pancreas 
=====================================
[1] TRUE
Running SuSiE.

=====================================
Tissue: Pituitary 
=====================================
[1] TRUE
Running SuSiE.

=====================================
Tissue: Prostate 
=====================================
[1] TRUE
Running SuSiE.

=====================================
Tissue: Salivary Gland 
=====================================
[1] TRUE
Running SuSiE.

=====================================
Tissue: Skin 
=====================================
[1] TRUE
Running SuSiE.

=====================================
Tissue: Small Intestine 
=====================================
[1] TRUE
Running SuSiE.

=====================================
Tissue: Spleen 
=====================================
[1] TRUE
Running SuSiE.

=====================================
Tissue: Stomach 
=====================================
[1] TRUE
Running SuSiE.

=====================================
Tissue: Testis 
=====================================
[1] TRUE
Running SuSiE.

=====================================
Tissue: Thyroid 
=====================================
[1] TRUE
Running SuSiE.

=====================================
Tissue: Uterus 
=====================================
[1] TRUE
Running SuSiE.

=====================================
Tissue: Vagina 
=====================================
[1] TRUE
Running SuSiE.
[2026-09-01 15:10:37] starting WSB2
Importing covariate data.
Importing gene expression data.
Found 27 tissues for gene WSB2 :
 [1] "Adipose Tissue"  "Adrenal Gland"   "Blood"           "Blood Vessel"   
 [5] "Brain"           "Breast"          "Colon"           "Esophagus"      
 [9] "Heart"           "Kidney"          "Liver"           "Lung"           
[13] "Muscle"          "Nerve"           "Ovary"           "Pancreas"       
[17] "Pituitary"       "Prostate"        "Salivary Gland"  "Skin"           
[21] "Small Intestine" "Spleen"          "Stomach"         "Testis"         
[25] "Thyroid"         "Uterus"          "Vagina"         
Extracting genotype data from PLINK file.
PLINK v2.0.0-a.7LM 64-bit Intel (11 Mar 2026)       cog-genomics.org/plink/2.0/
(C) 2005-2026 Shaun Purcell, Christopher Chang    GNU General Public License v3
Logging to /project2/mstephens/wdenault/susie_mix/temp_plink/plink_WSB2.log.
Options in effect:
  --bfile /project2/mstephens/gtex/GTEx_Analysis_2017-06-05_v8_WholeGenomeSeq_866Indiv
  --chr 12
  --export A
  --from-bp 117562430
  --maf 0
  --max-alleles 2
  --memory 8000
  --out /project2/mstephens/wdenault/susie_mix/temp_plink/plink_WSB2
  --rm-dup exclude-all
  --snps-only
  --threads 2
  --to-bp 118562430

Start time: Tue Sep  1 15:11:33 2026
63727 MiB RAM detected, ~26938 available; reserving 8000 MiB for main
workspace.
Using up to 2 compute threads.
866 samples (0 females, 0 males, 866 ambiguous; 866 founders) loaded from
/project2/mstephens/gtex/GTEx_Analysis_2017-06-05_v8_WholeGenomeSeq_866Indiv.fam.
67234533 variants in
/project2/mstephens/gtex/GTEx_Analysis_2017-06-05_v8_WholeGenomeSeq_866Indiv.bim;
64641234 excluded by --chr + --max-alleles + --snps-only, 2593299 remaining.
Note: No phenotype data present.
Note: Skipping --rm-dup since no duplicate IDs are present.
19048 variants remaining after main filters.
--export A pass 1/1: loading... 0%writing... 0%1%2%3%4%5%6%7%8%9%10%11%12%13%14%15%16%17%18%19%20%21%22%23%24%25%26%27%28%29%30%31%32%33%34%35%36%37%38%39%40%41%42%43%44%45%46%47%48%49%50%51%52%53%54%55%56%57%58%59%60%61%62%63%64%65%66%67%68%69%70%71%72%73%74%75%76%77%78%79%80%81%82%83%84%85%86%87%88%89%90%91%92%93%94%95%96%97%98%99% done.
--export A: /project2/mstephens/wdenault/susie_mix/temp_plink/plink_WSB2.raw
written.
End time: Tue Sep  1 15:11:39 2026
9 SNP(s) removed because HWE P < 1e-08 :
[1] "chr12_117594832_C_T_b38_C" "chr12_117594848_G_A_b38_G"
[3] "chr12_117731861_A_C_b38_A" "chr12_117833976_A_T_b38_A"
[5] "chr12_117840002_G_A_b38_G" "chr12_118357482_G_T_b38_G"
[7] "chr12_118371231_G_A_b38_G" "chr12_118417267_C_T_b38_C"
[9] "chr12_118450051_T_C_b38_T"

=====================================
Tissue: Adipose Tissue 
=====================================
[1] TRUE
Running SuSiE.

=====================================
Tissue: Adrenal Gland 
=====================================
[1] TRUE
Running SuSiE.

=====================================
Tissue: Blood 
=====================================
[1] TRUE
Running SuSiE.

=====================================
Tissue: Blood Vessel 
=====================================
[1] TRUE
Running SuSiE.

=====================================
Tissue: Brain 
=====================================
[1] TRUE
Running SuSiE.

=====================================
Tissue: Breast 
=====================================
[1] TRUE
Running SuSiE.

=====================================
Tissue: Colon 
=====================================
[1] TRUE
Running SuSiE.

=====================================
Tissue: Esophagus 
=====================================
[1] TRUE
Running SuSiE.

=====================================
Tissue: Heart 
=====================================
[1] TRUE
Running SuSiE.

=====================================
Tissue: Kidney 
=====================================
[1] TRUE
Running SuSiE.

=====================================
Tissue: Liver 
=====================================
[1] TRUE
Running SuSiE.

=====================================
Tissue: Lung 
=====================================
[1] TRUE
Running SuSiE.

=====================================
Tissue: Muscle 
=====================================
[1] TRUE
Running SuSiE.

=====================================
Tissue: Nerve 
=====================================
[1] TRUE
Running SuSiE.

=====================================
Tissue: Ovary 
=====================================
[1] TRUE
Running SuSiE.

=====================================
Tissue: Pancreas 
=====================================
[1] TRUE
Running SuSiE.

=====================================
Tissue: Pituitary 
=====================================
[1] TRUE
Running SuSiE.

=====================================
Tissue: Prostate 
=====================================
[1] TRUE
Running SuSiE.

=====================================
Tissue: Salivary Gland 
=====================================
[1] TRUE
Running SuSiE.

=====================================
Tissue: Skin 
=====================================
[1] TRUE
Running SuSiE.

=====================================
Tissue: Small Intestine 
=====================================
[1] TRUE
Running SuSiE.

=====================================
Tissue: Spleen 
=====================================
[1] TRUE
Running SuSiE.

=====================================
Tissue: Stomach 
=====================================
[1] TRUE
Running SuSiE.

=====================================
Tissue: Testis 
=====================================
[1] TRUE
Running SuSiE.

=====================================
Tissue: Thyroid 
=====================================
[1] TRUE
Running SuSiE.

=====================================
Tissue: Uterus 
=====================================
[1] TRUE
Running SuSiE.

=====================================
Tissue: Vagina 
=====================================
[1] TRUE
Running SuSiE.
[2026-09-01 15:13:46] starting WSCD1
Importing covariate data.
Importing gene expression data.
Found 27 tissues for gene WSCD1 :
 [1] "Adipose Tissue"  "Adrenal Gland"   "Blood"           "Blood Vessel"   
 [5] "Brain"           "Breast"          "Colon"           "Esophagus"      
 [9] "Heart"           "Kidney"          "Liver"           "Lung"           
[13] "Muscle"          "Nerve"           "Ovary"           "Pancreas"       
[17] "Pituitary"       "Prostate"        "Salivary Gland"  "Skin"           
[21] "Small Intestine" "Spleen"          "Stomach"         "Testis"         
[25] "Thyroid"         "Uterus"          "Vagina"         
Extracting genotype data from PLINK file.
PLINK v2.0.0-a.7LM 64-bit Intel (11 Mar 2026)       cog-genomics.org/plink/2.0/
(C) 2005-2026 Shaun Purcell, Christopher Chang    GNU General Public License v3
Logging to /project2/mstephens/wdenault/susie_mix/temp_plink/plink_WSCD1.log.
Options in effect:
  --bfile /project2/mstephens/gtex/GTEx_Analysis_2017-06-05_v8_WholeGenomeSeq_866Indiv
  --chr 17
  --export A
  --from-bp 5557807
  --maf 0
  --max-alleles 2
  --memory 8000
  --out /project2/mstephens/wdenault/susie_mix/temp_plink/plink_WSCD1
  --rm-dup exclude-all
  --snps-only
  --threads 2
  --to-bp 6557807

Start time: Tue Sep  1 15:14:43 2026
63727 MiB RAM detected, ~26935 available; reserving 8000 MiB for main
workspace.
Using up to 2 compute threads.
866 samples (0 females, 0 males, 866 ambiguous; 866 founders) loaded from
/project2/mstephens/gtex/GTEx_Analysis_2017-06-05_v8_WholeGenomeSeq_866Indiv.fam.
67234533 variants in
/project2/mstephens/gtex/GTEx_Analysis_2017-06-05_v8_WholeGenomeSeq_866Indiv.bim;
65601655 excluded by --chr + --max-alleles + --snps-only, 1632878 remaining.
Note: No phenotype data present.
Note: Skipping --rm-dup since no duplicate IDs are present.
21504 variants remaining after main filters.
--export A pass 1/1: loading... 0%writing... 0%1%2%3%4%5%6%7%8%9%10%11%12%13%14%15%16%17%18%19%20%21%22%23%24%25%26%27%28%29%30%31%32%33%34%35%36%37%38%39%40%41%42%43%44%45%46%47%48%49%50%51%52%53%54%55%56%57%58%59%60%61%62%63%64%65%66%67%68%69%70%71%72%73%74%75%76%77%78%79%80%81%82%83%84%85%86%87%88%89%90%91%92%93%94%95%96%97%98%99% done.
--export A: /project2/mstephens/wdenault/susie_mix/temp_plink/plink_WSCD1.raw
written.
End time: Tue Sep  1 15:14:49 2026
53 SNP(s) removed because HWE P < 1e-08 :
 [1] "chr17_5561726_A_G_b38_A" "chr17_5561732_C_T_b38_C"
 [3] "chr17_5696375_T_C_b38_T" "chr17_5696705_C_T_b38_C"
 [5] "chr17_5696797_T_C_b38_T" "chr17_5696882_A_G_b38_A"
 [7] "chr17_5697199_T_A_b38_T" "chr17_5697204_C_G_b38_C"
 [9] "chr17_5697474_A_G_b38_A" "chr17_5697512_T_C_b38_T"
[11] "chr17_5697542_A_G_b38_A" "chr17_5697594_A_G_b38_A"
[13] "chr17_5697908_T_G_b38_T" "chr17_5699574_G_A_b38_G"
[15] "chr17_5766449_G_A_b38_G" "chr17_5771625_C_T_b38_C"
[17] "chr17_5776246_T_C_b38_T" "chr17_5776488_C_T_b38_C"
[19] "chr17_5776665_G_A_b38_G" "chr17_5781006_G_A_b38_G"
[21] "chr17_5782151_A_G_b38_A" "chr17_5922366_C_A_b38_C"
[23] "chr17_5929732_G_C_b38_G" "chr17_5945746_C_T_b38_C"
[25] "chr17_5945757_C_T_b38_C" "chr17_5945917_A_G_b38_A"
[27] "chr17_5946037_G_A_b38_G" "chr17_5946584_C_T_b38_C"
[29] "chr17_5954995_G_C_b38_G" "chr17_5959292_A_G_b38_A"
[31] "chr17_5959306_T_C_b38_T" "chr17_5960007_A_C_b38_A"
[33] "chr17_5961760_A_G_b38_A" "chr17_5961904_C_T_b38_C"
[35] "chr17_5962195_G_A_b38_G" "chr17_5967844_T_C_b38_T"
[37] "chr17_5970480_C_G_b38_C" "chr17_5973149_T_C_b38_T"
[39] "chr17_5977107_G_A_b38_G" "chr17_5982288_T_C_b38_T"
[41] "chr17_5982381_A_G_b38_A" "chr17_5983562_T_C_b38_T"
[43] "chr17_5983655_G_A_b38_G" "chr17_5983736_A_C_b38_A"
[45] "chr17_6225731_A_G_b38_A" "chr17_6225736_T_C_b38_T"
[47] "chr17_6225757_C_T_b38_C" "chr17_6408077_T_C_b38_T"
[49] "chr17_6513378_C_T_b38_C" "chr17_6520086_T_G_b38_T"
[51] "chr17_6520989_A_G_b38_A" "chr17_6521976_A_G_b38_A"
[53] "chr17_6556961_G_A_b38_G"

=====================================
Tissue: Adipose Tissue 
=====================================
[1] TRUE
Running SuSiE.

=====================================
Tissue: Adrenal Gland 
=====================================
[1] TRUE
Running SuSiE.

=====================================
Tissue: Blood 
=====================================
[1] TRUE
Running SuSiE.

=====================================
Tissue: Blood Vessel 
=====================================
[1] TRUE
Running SuSiE.

=====================================
Tissue: Brain 
=====================================
[1] TRUE
Running SuSiE.

=====================================
Tissue: Breast 
=====================================
[1] TRUE
Running SuSiE.

=====================================
Tissue: Colon 
=====================================
[1] TRUE
Running SuSiE.

=====================================
Tissue: Esophagus 
=====================================
[1] TRUE
Running SuSiE.

=====================================
Tissue: Heart 
=====================================
[1] TRUE
Running SuSiE.

=====================================
Tissue: Kidney 
=====================================
[1] TRUE
Running SuSiE.

=====================================
Tissue: Liver 
=====================================
[1] TRUE
Running SuSiE.

=====================================
Tissue: Lung 
=====================================
[1] TRUE
Running SuSiE.

=====================================
Tissue: Muscle 
=====================================
[1] TRUE
Running SuSiE.

=====================================
Tissue: Nerve 
=====================================
[1] TRUE
Running SuSiE.

=====================================
Tissue: Ovary 
=====================================
[1] TRUE
Running SuSiE.

=====================================
Tissue: Pancreas 
=====================================
[1] TRUE
Running SuSiE.

=====================================
Tissue: Pituitary 
=====================================
[1] TRUE
Running SuSiE.

=====================================
Tissue: Prostate 
=====================================
[1] TRUE
Running SuSiE.

=====================================
Tissue: Salivary Gland 
=====================================
[1] TRUE
Running SuSiE.

=====================================
Tissue: Skin 
=====================================
[1] TRUE
Running SuSiE.

=====================================
Tissue: Small Intestine 
=====================================
[1] TRUE
Running SuSiE.

=====================================
Tissue: Spleen 
=====================================
[1] TRUE
Running SuSiE.

=====================================
Tissue: Stomach 
=====================================
[1] TRUE
Running SuSiE.

=====================================
Tissue: Testis 
=====================================
[1] TRUE
Running SuSiE.

=====================================
Tissue: Thyroid 
=====================================
[1] TRUE
Running SuSiE.

=====================================
Tissue: Uterus 
=====================================
[1] TRUE
Running SuSiE.

=====================================
Tissue: Vagina 
=====================================
[1] TRUE
Running SuSiE.
[2026-09-01 15:17:27] starting WSCD2
Importing covariate data.
Importing gene expression data.
Found 27 tissues for gene WSCD2 :
 [1] "Adipose Tissue"  "Adrenal Gland"   "Blood"           "Blood Vessel"   
 [5] "Brain"           "Breast"          "Colon"           "Esophagus"      
 [9] "Heart"           "Kidney"          "Liver"           "Lung"           
[13] "Muscle"          "Nerve"           "Ovary"           "Pancreas"       
[17] "Pituitary"       "Prostate"        "Salivary Gland"  "Skin"           
[21] "Small Intestine" "Spleen"          "Stomach"         "Testis"         
[25] "Thyroid"         "Uterus"          "Vagina"         
Extracting genotype data from PLINK file.
PLINK v2.0.0-a.7LM 64-bit Intel (11 Mar 2026)       cog-genomics.org/plink/2.0/
(C) 2005-2026 Shaun Purcell, Christopher Chang    GNU General Public License v3
Logging to /project2/mstephens/wdenault/susie_mix/temp_plink/plink_WSCD2.log.
Options in effect:
  --bfile /project2/mstephens/gtex/GTEx_Analysis_2017-06-05_v8_WholeGenomeSeq_866Indiv
  --chr 12
  --export A
  --from-bp 107629288
  --maf 0
  --max-alleles 2
  --memory 8000
  --out /project2/mstephens/wdenault/susie_mix/temp_plink/plink_WSCD2
  --rm-dup exclude-all
  --snps-only
  --threads 2
  --to-bp 108629288

Start time: Tue Sep  1 15:18:23 2026
63727 MiB RAM detected, ~26895 available; reserving 8000 MiB for main
workspace.
Using up to 2 compute threads.
866 samples (0 females, 0 males, 866 ambiguous; 866 founders) loaded from
/project2/mstephens/gtex/GTEx_Analysis_2017-06-05_v8_WholeGenomeSeq_866Indiv.fam.
67234533 variants in
/project2/mstephens/gtex/GTEx_Analysis_2017-06-05_v8_WholeGenomeSeq_866Indiv.bim;
64641234 excluded by --chr + --max-alleles + --snps-only, 2593299 remaining.
Note: No phenotype data present.
Note: Skipping --rm-dup since no duplicate IDs are present.
18609 variants remaining after main filters.
--export A pass 1/1: loading... 0%writing... 0%1%2%3%4%5%6%7%8%9%10%11%12%13%14%15%16%17%18%19%20%21%22%23%24%25%26%27%28%29%30%31%32%33%34%35%36%37%38%39%40%41%42%43%44%45%46%47%48%49%50%51%52%53%54%55%56%57%58%59%60%61%62%63%64%65%66%67%68%69%70%71%72%73%74%75%76%77%78%79%80%81%82%83%84%85%86%87%88%89%90%91%92%93%94%95%96%97%98%99% done.
--export A: /project2/mstephens/wdenault/susie_mix/temp_plink/plink_WSCD2.raw
written.
End time: Tue Sep  1 15:18:29 2026
41 SNP(s) removed because HWE P < 1e-08 :
 [1] "chr12_107637923_T_C_b38_T" "chr12_107957191_T_C_b38_T"
 [3] "chr12_107957197_T_C_b38_T" "chr12_107957203_T_C_b38_T"
 [5] "chr12_107997259_A_G_b38_A" "chr12_107997261_G_C_b38_G"
 [7] "chr12_107997267_G_A_b38_G" "chr12_107997275_T_G_b38_T"
 [9] "chr12_107997279_G_A_b38_G" "chr12_107997333_A_G_b38_A"
[11] "chr12_107997430_C_G_b38_C" "chr12_107997447_T_C_b38_T"
[13] "chr12_107997454_C_T_b38_C" "chr12_107997461_T_C_b38_T"
[15] "chr12_107997473_C_T_b38_C" "chr12_107997515_G_C_b38_G"
[17] "chr12_108029499_C_T_b38_C" "chr12_108029663_A_G_b38_A"
[19] "chr12_108031055_G_A_b38_G" "chr12_108031425_A_G_b38_A"
[21] "chr12_108031648_C_T_b38_C" "chr12_108032009_C_G_b38_C"
[23] "chr12_108032074_A_G_b38_A" "chr12_108032568_T_C_b38_T"
[25] "chr12_108032643_C_T_b38_C" "chr12_108034305_A_T_b38_A"
[27] "chr12_108034487_A_G_b38_A" "chr12_108034711_C_T_b38_C"
[29] "chr12_108035573_A_G_b38_A" "chr12_108036216_C_T_b38_C"
[31] "chr12_108036658_G_T_b38_G" "chr12_108036737_T_G_b38_T"
[33] "chr12_108037104_C_T_b38_C" "chr12_108081490_A_C_b38_A"
[35] "chr12_108363766_G_A_b38_G" "chr12_108502035_T_C_b38_T"
[37] "chr12_108505324_C_T_b38_C" "chr12_108604100_G_A_b38_G"
[39] "chr12_108604405_T_C_b38_T" "chr12_108606517_T_G_b38_T"
[41] "chr12_108623027_C_A_b38_C"

=====================================
Tissue: Adipose Tissue 
=====================================
[1] TRUE
Running SuSiE.

=====================================
Tissue: Adrenal Gland 
=====================================
[1] TRUE
Running SuSiE.

=====================================
Tissue: Blood 
=====================================
[1] TRUE
Running SuSiE.

=====================================
Tissue: Blood Vessel 
=====================================
[1] TRUE
Running SuSiE.

=====================================
Tissue: Brain 
=====================================
[1] TRUE
Running SuSiE.

=====================================
Tissue: Breast 
=====================================
[1] TRUE
Running SuSiE.

=====================================
Tissue: Colon 
=====================================
[1] TRUE
Running SuSiE.

=====================================
Tissue: Esophagus 
=====================================
[1] TRUE
Running SuSiE.

=====================================
Tissue: Heart 
=====================================
[1] TRUE
Running SuSiE.

=====================================
Tissue: Kidney 
=====================================
[1] TRUE
Running SuSiE.

=====================================
Tissue: Liver 
=====================================
[1] TRUE
Running SuSiE.

=====================================
Tissue: Lung 
=====================================
[1] TRUE
Running SuSiE.

=====================================
Tissue: Muscle 
=====================================
[1] TRUE
Running SuSiE.

=====================================
Tissue: Nerve 
=====================================
[1] TRUE
Running SuSiE.

=====================================
Tissue: Ovary 
=====================================
[1] TRUE
Running SuSiE.

=====================================
Tissue: Pancreas 
=====================================
[1] TRUE
Running SuSiE.

=====================================
Tissue: Pituitary 
=====================================
[1] TRUE
Running SuSiE.

=====================================
Tissue: Prostate 
=====================================
[1] TRUE
Running SuSiE.

=====================================
Tissue: Salivary Gland 
=====================================
[1] TRUE
Running SuSiE.

=====================================
Tissue: Skin 
=====================================
[1] TRUE
Running SuSiE.

=====================================
Tissue: Small Intestine 
=====================================
[1] TRUE
Running SuSiE.

=====================================
Tissue: Spleen 
=====================================
[1] TRUE
Running SuSiE.

=====================================
Tissue: Stomach 
=====================================
[1] TRUE
Running SuSiE.

=====================================
Tissue: Testis 
=====================================
[1] TRUE
Running SuSiE.

=====================================
Tissue: Thyroid 
=====================================
[1] TRUE
Running SuSiE.

=====================================
Tissue: Uterus 
=====================================
[1] TRUE
Running SuSiE.

=====================================
Tissue: Vagina 
=====================================
[1] TRUE
Running SuSiE.
[2026-09-01 15:20:42] starting WT1
Importing covariate data.
Importing gene expression data.
Found 27 tissues for gene WT1 :
 [1] "Adipose Tissue"  "Adrenal Gland"   "Blood"           "Blood Vessel"   
 [5] "Brain"           "Breast"          "Colon"           "Esophagus"      
 [9] "Heart"           "Kidney"          "Liver"           "Lung"           
[13] "Muscle"          "Nerve"           "Ovary"           "Pancreas"       
[17] "Pituitary"       "Prostate"        "Salivary Gland"  "Skin"           
[21] "Small Intestine" "Spleen"          "Stomach"         "Testis"         
[25] "Thyroid"         "Uterus"          "Vagina"         
Extracting genotype data from PLINK file.
PLINK v2.0.0-a.7LM 64-bit Intel (11 Mar 2026)       cog-genomics.org/plink/2.0/
(C) 2005-2026 Shaun Purcell, Christopher Chang    GNU General Public License v3
Logging to /project2/mstephens/wdenault/susie_mix/temp_plink/plink_WT1.log.
Options in effect:
  --bfile /project2/mstephens/gtex/GTEx_Analysis_2017-06-05_v8_WholeGenomeSeq_866Indiv
  --chr 11
  --export A
  --from-bp 31935564
  --maf 0
  --max-alleles 2
  --memory 8000
  --out /project2/mstephens/wdenault/susie_mix/temp_plink/plink_WT1
  --rm-dup exclude-all
  --snps-only
  --threads 2
  --to-bp 32935564

Start time: Tue Sep  1 15:21:40 2026
63727 MiB RAM detected, ~26884 available; reserving 8000 MiB for main
workspace.
Using up to 2 compute threads.
866 samples (0 females, 0 males, 866 ambiguous; 866 founders) loaded from
/project2/mstephens/gtex/GTEx_Analysis_2017-06-05_v8_WholeGenomeSeq_866Indiv.fam.
67234533 variants in
/project2/mstephens/gtex/GTEx_Analysis_2017-06-05_v8_WholeGenomeSeq_866Indiv.bim;
64515227 excluded by --chr + --max-alleles + --snps-only, 2719306 remaining.
Note: No phenotype data present.
Note: Skipping --rm-dup since no duplicate IDs are present.
18114 variants remaining after main filters.
--export A pass 1/1: loading... 0%66% writing... 0%1%2%3%4%5%6%7%8%9%10%11%12%13%14%15%16%17%18%19%20%21%22%23%24%25%26%27%28%29%30%31%32%33%34%35%36%37%38%39%40%41%42%43%44%45%46%47%48%49%50%51%52%53%54%55%56%57%58%59%60%61%62%63%64%65%66%67%68%69%70%71%72%73%74%75%76%77%78%79%80%81%82%83%84%85%86%87%88%89%90%91%92%93%94%95%96%97%98%99% done.
--export A: /project2/mstephens/wdenault/susie_mix/temp_plink/plink_WT1.raw
written.
End time: Tue Sep  1 15:21:45 2026
10 SNP(s) removed because HWE P < 1e-08 :
 [1] "chr11_32040969_T_C_b38_T" "chr11_32441828_G_A_b38_G"
 [3] "chr11_32445615_G_A_b38_G" "chr11_32455965_A_G_b38_A"
 [5] "chr11_32463620_C_T_b38_C" "chr11_32463803_C_T_b38_C"
 [7] "chr11_32464646_C_T_b38_C" "chr11_32477554_A_G_b38_A"
 [9] "chr11_32482996_A_G_b38_A" "chr11_32483977_A_G_b38_A"

=====================================
Tissue: Adipose Tissue 
=====================================
[1] TRUE
Running SuSiE.

=====================================
Tissue: Adrenal Gland 
=====================================
[1] TRUE
Running SuSiE.

=====================================
Tissue: Blood 
=====================================
[1] TRUE
Running SuSiE.

=====================================
Tissue: Blood Vessel 
=====================================
[1] TRUE
Running SuSiE.

=====================================
Tissue: Brain 
=====================================
[1] TRUE
Running SuSiE.

=====================================
Tissue: Breast 
=====================================
[1] TRUE
Running SuSiE.

=====================================
Tissue: Colon 
=====================================
[1] TRUE
Running SuSiE.

=====================================
Tissue: Esophagus 
=====================================
[1] TRUE
Running SuSiE.

=====================================
Tissue: Heart 
=====================================
[1] TRUE
Running SuSiE.

=====================================
Tissue: Kidney 
=====================================
[1] TRUE
Running SuSiE.

=====================================
Tissue: Liver 
=====================================
[1] TRUE
Running SuSiE.

=====================================
Tissue: Lung 
=====================================
[1] TRUE
Running SuSiE.

=====================================
Tissue: Muscle 
=====================================
[1] TRUE
Running SuSiE.

=====================================
Tissue: Nerve 
=====================================
[1] TRUE
Running SuSiE.

=====================================
Tissue: Ovary 
=====================================
[1] TRUE
Running SuSiE.

=====================================
Tissue: Pancreas 
=====================================
[1] TRUE
Running SuSiE.

=====================================
Tissue: Pituitary 
=====================================
[1] TRUE
Running SuSiE.

=====================================
Tissue: Prostate 
=====================================
[1] TRUE
Running SuSiE.

=====================================
Tissue: Salivary Gland 
=====================================
[1] TRUE
Running SuSiE.

=====================================
Tissue: Skin 
=====================================
[1] TRUE
Running SuSiE.

=====================================
Tissue: Small Intestine 
=====================================
[1] TRUE
Running SuSiE.

=====================================
Tissue: Spleen 
=====================================
[1] TRUE
Running SuSiE.

=====================================
Tissue: Stomach 
=====================================
[1] TRUE
Running SuSiE.

=====================================
Tissue: Testis 
=====================================
[1] TRUE
Running SuSiE.

=====================================
Tissue: Thyroid 
=====================================
[1] TRUE
Running SuSiE.

=====================================
Tissue: Uterus 
=====================================
[1] TRUE
Running SuSiE.

=====================================
Tissue: Vagina 
=====================================
[1] TRUE
Running SuSiE.
[2026-09-01 15:23:44] starting WTAP
Importing covariate data.
Importing gene expression data.
Found 27 tissues for gene WTAP :
 [1] "Adipose Tissue"  "Adrenal Gland"   "Blood"           "Blood Vessel"   
 [5] "Brain"           "Breast"          "Colon"           "Esophagus"      
 [9] "Heart"           "Kidney"          "Liver"           "Lung"           
[13] "Muscle"          "Nerve"           "Ovary"           "Pancreas"       
[17] "Pituitary"       "Prostate"        "Salivary Gland"  "Skin"           
[21] "Small Intestine" "Spleen"          "Stomach"         "Testis"         
[25] "Thyroid"         "Uterus"          "Vagina"         
Extracting genotype data from PLINK file.
PLINK v2.0.0-a.7LM 64-bit Intel (11 Mar 2026)       cog-genomics.org/plink/2.0/
(C) 2005-2026 Shaun Purcell, Christopher Chang    GNU General Public License v3
Logging to /project2/mstephens/wdenault/susie_mix/temp_plink/plink_WTAP.log.
Options in effect:
  --bfile /project2/mstephens/gtex/GTEx_Analysis_2017-06-05_v8_WholeGenomeSeq_866Indiv
  --chr 6
  --export A
  --from-bp 159225585
  --maf 0
  --max-alleles 2
  --memory 8000
  --out /project2/mstephens/wdenault/susie_mix/temp_plink/plink_WTAP
  --rm-dup exclude-all
  --snps-only
  --threads 2
  --to-bp 160225585

Start time: Tue Sep  1 15:24:41 2026
63727 MiB RAM detected, ~26884 available; reserving 8000 MiB for main
workspace.
Using up to 2 compute threads.
866 samples (0 females, 0 males, 866 ambiguous; 866 founders) loaded from
/project2/mstephens/gtex/GTEx_Analysis_2017-06-05_v8_WholeGenomeSeq_866Indiv.fam.
67234533 variants in
/project2/mstephens/gtex/GTEx_Analysis_2017-06-05_v8_WholeGenomeSeq_866Indiv.bim;
64003927 excluded by --chr + --max-alleles + --snps-only, 3230606 remaining.
Note: No phenotype data present.
Note: Skipping --rm-dup since no duplicate IDs are present.
19899 variants remaining after main filters.
--export A pass 1/1: loading... 0%97% writing... 0%1%2%3%4%5%6%7%8%9%10%11%12%13%14%15%16%17%18%19%20%21%22%23%24%25%26%27%28%29%30%31%32%33%34%35%36%37%38%39%40%41%42%43%44%45%46%47%48%49%50%51%52%53%54%55%56%57%58%59%60%61%62%63%64%65%66%67%68%69%70%71%72%73%74%75%76%77%78%79%80%81%82%83%84%85%86%87%88%89%90%91%92%93%94%95%96%97%98%99% done.
--export A: /project2/mstephens/wdenault/susie_mix/temp_plink/plink_WTAP.raw
written.
End time: Tue Sep  1 15:24:46 2026
7 SNP(s) removed because HWE P < 1e-08 :
[1] "chr6_159327463_G_A_b38_G" "chr6_159378704_C_T_b38_C"
[3] "chr6_159457837_C_T_b38_C" "chr6_159457862_C_T_b38_C"
[5] "chr6_159457863_A_G_b38_A" "chr6_159457879_G_A_b38_G"
[7] "chr6_159505544_A_G_b38_A"

=====================================
Tissue: Adipose Tissue 
=====================================
[1] TRUE
Running SuSiE.

=====================================
Tissue: Adrenal Gland 
=====================================
[1] TRUE
Running SuSiE.

=====================================
Tissue: Blood 
=====================================
[1] TRUE
Running SuSiE.

=====================================
Tissue: Blood Vessel 
=====================================
[1] TRUE
Running SuSiE.

=====================================
Tissue: Brain 
=====================================
[1] TRUE
Running SuSiE.

=====================================
Tissue: Breast 
=====================================
[1] TRUE
Running SuSiE.

=====================================
Tissue: Colon 
=====================================
[1] TRUE
Running SuSiE.

=====================================
Tissue: Esophagus 
=====================================
[1] TRUE
Running SuSiE.

=====================================
Tissue: Heart 
=====================================
[1] TRUE
Running SuSiE.

=====================================
Tissue: Kidney 
=====================================
[1] TRUE
Running SuSiE.

=====================================
Tissue: Liver 
=====================================
[1] TRUE
Running SuSiE.

=====================================
Tissue: Lung 
=====================================
[1] TRUE
Running SuSiE.

=====================================
Tissue: Muscle 
=====================================
[1] TRUE
Running SuSiE.

=====================================
Tissue: Nerve 
=====================================
[1] TRUE
Running SuSiE.

=====================================
Tissue: Ovary 
=====================================
[1] TRUE
Running SuSiE.

=====================================
Tissue: Pancreas 
=====================================
[1] TRUE
Running SuSiE.

=====================================
Tissue: Pituitary 
=====================================
[1] TRUE
Running SuSiE.

=====================================
Tissue: Prostate 
=====================================
[1] TRUE
Running SuSiE.

=====================================
Tissue: Salivary Gland 
=====================================
[1] TRUE
Running SuSiE.

=====================================
Tissue: Skin 
=====================================
[1] TRUE
Running SuSiE.

=====================================
Tissue: Small Intestine 
=====================================
[1] TRUE
Running SuSiE.

=====================================
Tissue: Spleen 
=====================================
[1] TRUE
Running SuSiE.

=====================================
Tissue: Stomach 
=====================================
[1] TRUE
Running SuSiE.

=====================================
Tissue: Testis 
=====================================
[1] TRUE
Running SuSiE.

=====================================
Tissue: Thyroid 
=====================================
[1] TRUE
Running SuSiE.

=====================================
Tissue: Uterus 
=====================================
[1] TRUE
Running SuSiE.

=====================================
Tissue: Vagina 
=====================================
[1] TRUE
Running SuSiE.
[2026-09-01 15:27:01] starting WTIP
Importing covariate data.
Importing gene expression data.
Found 27 tissues for gene WTIP :
 [1] "Adipose Tissue"  "Adrenal Gland"   "Blood"           "Blood Vessel"   
 [5] "Brain"           "Breast"          "Colon"           "Esophagus"      
 [9] "Heart"           "Kidney"          "Liver"           "Lung"           
[13] "Muscle"          "Nerve"           "Ovary"           "Pancreas"       
[17] "Pituitary"       "Prostate"        "Salivary Gland"  "Skin"           
[21] "Small Intestine" "Spleen"          "Stomach"         "Testis"         
[25] "Thyroid"         "Uterus"          "Vagina"         
Extracting genotype data from PLINK file.
PLINK v2.0.0-a.7LM 64-bit Intel (11 Mar 2026)       cog-genomics.org/plink/2.0/
(C) 2005-2026 Shaun Purcell, Christopher Chang    GNU General Public License v3
Logging to /project2/mstephens/wdenault/susie_mix/temp_plink/plink_WTIP.log.
Options in effect:
  --bfile /project2/mstephens/gtex/GTEx_Analysis_2017-06-05_v8_WholeGenomeSeq_866Indiv
  --chr 19
  --export A
  --from-bp 33981758
  --maf 0
  --max-alleles 2
  --memory 8000
  --out /project2/mstephens/wdenault/susie_mix/temp_plink/plink_WTIP
  --rm-dup exclude-all
  --snps-only
  --threads 2
  --to-bp 34981758

Start time: Tue Sep  1 15:27:58 2026
63727 MiB RAM detected, ~26912 available; reserving 8000 MiB for main
workspace.
Using up to 2 compute threads.
866 samples (0 females, 0 males, 866 ambiguous; 866 founders) loaded from
/project2/mstephens/gtex/GTEx_Analysis_2017-06-05_v8_WholeGenomeSeq_866Indiv.fam.
67234533 variants in
/project2/mstephens/gtex/GTEx_Analysis_2017-06-05_v8_WholeGenomeSeq_866Indiv.bim;
65987829 excluded by --chr + --max-alleles + --snps-only, 1246704 remaining.
Note: No phenotype data present.
Note: Skipping --rm-dup since no duplicate IDs are present.
19112 variants remaining after main filters.
--export A pass 1/1: loading... 0%writing... 0%1%2%3%4%5%6%7%8%9%10%11%12%13%14%15%16%17%18%19%20%21%22%23%24%25%26%27%28%29%30%31%32%33%34%35%36%37%38%39%40%41%42%43%44%45%46%47%48%49%50%51%52%53%54%55%56%57%58%59%60%61%62%63%64%65%66%67%68%69%70%71%72%73%74%75%76%77%78%79%80%81%82%83%84%85%86%87%88%89%90%91%92%93%94%95%96%97%98%99% done.
--export A: /project2/mstephens/wdenault/susie_mix/temp_plink/plink_WTIP.raw
written.
End time: Tue Sep  1 15:28:04 2026
28 SNP(s) removed because HWE P < 1e-08 :
 [1] "chr19_34113680_A_G_b38_A" "chr19_34113764_C_T_b38_C"
 [3] "chr19_34248998_C_T_b38_C" "chr19_34249008_T_C_b38_T"
 [5] "chr19_34249009_C_A_b38_C" "chr19_34249018_C_G_b38_C"
 [7] "chr19_34249082_T_C_b38_T" "chr19_34249152_T_C_b38_T"
 [9] "chr19_34249176_G_C_b38_G" "chr19_34249184_A_G_b38_A"
[11] "chr19_34249185_G_A_b38_G" "chr19_34249192_T_C_b38_T"
[13] "chr19_34249202_C_T_b38_C" "chr19_34249203_C_A_b38_C"
[15] "chr19_34249212_C_T_b38_C" "chr19_34249223_T_C_b38_T"
[17] "chr19_34249238_T_C_b38_T" "chr19_34249240_T_G_b38_T"
[19] "chr19_34249264_A_G_b38_A" "chr19_34249268_T_G_b38_T"
[21] "chr19_34249271_A_G_b38_A" "chr19_34878613_G_A_b38_G"
[23] "chr19_34907922_T_G_b38_T" "chr19_34913047_A_G_b38_A"
[25] "chr19_34915378_T_G_b38_T" "chr19_34916066_G_A_b38_G"
[27] "chr19_34916514_T_G_b38_T" "chr19_34917559_T_C_b38_T"

=====================================
Tissue: Adipose Tissue 
=====================================
[1] TRUE
Running SuSiE.

=====================================
Tissue: Adrenal Gland 
=====================================
[1] TRUE
Running SuSiE.

=====================================
Tissue: Blood 
=====================================
[1] TRUE
Running SuSiE.

=====================================
Tissue: Blood Vessel 
=====================================
[1] TRUE
Running SuSiE.

=====================================
Tissue: Brain 
=====================================
[1] TRUE
Running SuSiE.

=====================================
Tissue: Breast 
=====================================
[1] TRUE
Running SuSiE.

=====================================
Tissue: Colon 
=====================================
[1] TRUE
Running SuSiE.

=====================================
Tissue: Esophagus 
=====================================
[1] TRUE
Running SuSiE.

=====================================
Tissue: Heart 
=====================================
[1] TRUE
Running SuSiE.

=====================================
Tissue: Kidney 
=====================================
[1] TRUE
Running SuSiE.

=====================================
Tissue: Liver 
=====================================
[1] TRUE
Running SuSiE.

=====================================
Tissue: Lung 
=====================================
[1] TRUE
Running SuSiE.

=====================================
Tissue: Muscle 
=====================================
[1] TRUE
Running SuSiE.

=====================================
Tissue: Nerve 
=====================================
[1] TRUE
Running SuSiE.

=====================================
Tissue: Ovary 
=====================================
[1] TRUE
Running SuSiE.

=====================================
Tissue: Pancreas 
=====================================
[1] TRUE
Running SuSiE.

=====================================
Tissue: Pituitary 
=====================================
[1] TRUE
Running SuSiE.

=====================================
Tissue: Prostate 
=====================================
[1] TRUE
Running SuSiE.

=====================================
Tissue: Salivary Gland 
=====================================
[1] TRUE
Running SuSiE.

=====================================
Tissue: Skin 
=====================================
[1] TRUE
Running SuSiE.

=====================================
Tissue: Small Intestine 
=====================================
[1] TRUE
Running SuSiE.

=====================================
Tissue: Spleen 
=====================================
[1] TRUE
Running SuSiE.

=====================================
Tissue: Stomach 
=====================================
[1] TRUE
Running SuSiE.

=====================================
Tissue: Testis 
=====================================
[1] TRUE
Running SuSiE.

=====================================
Tissue: Thyroid 
=====================================
[1] TRUE
Running SuSiE.

=====================================
Tissue: Uterus 
=====================================
[1] TRUE
Running SuSiE.

=====================================
Tissue: Vagina 
=====================================
[1] TRUE
Running SuSiE.
[2026-09-01 15:29:55] starting WWC1
Importing covariate data.
Importing gene expression data.
Found 27 tissues for gene WWC1 :
 [1] "Adipose Tissue"  "Adrenal Gland"   "Blood"           "Blood Vessel"   
 [5] "Brain"           "Breast"          "Colon"           "Esophagus"      
 [9] "Heart"           "Kidney"          "Liver"           "Lung"           
[13] "Muscle"          "Nerve"           "Ovary"           "Pancreas"       
[17] "Pituitary"       "Prostate"        "Salivary Gland"  "Skin"           
[21] "Small Intestine" "Spleen"          "Stomach"         "Testis"         
[25] "Thyroid"         "Uterus"          "Vagina"         
Extracting genotype data from PLINK file.
PLINK v2.0.0-a.7LM 64-bit Intel (11 Mar 2026)       cog-genomics.org/plink/2.0/
(C) 2005-2026 Shaun Purcell, Christopher Chang    GNU General Public License v3
Logging to /project2/mstephens/wdenault/susie_mix/temp_plink/plink_WWC1.log.
Options in effect:
  --bfile /project2/mstephens/gtex/GTEx_Analysis_2017-06-05_v8_WholeGenomeSeq_866Indiv
  --chr 5
  --export A
  --from-bp 167791645
  --maf 0
  --max-alleles 2
  --memory 8000
  --out /project2/mstephens/wdenault/susie_mix/temp_plink/plink_WWC1
  --rm-dup exclude-all
  --snps-only
  --threads 2
  --to-bp 168791645

Start time: Tue Sep  1 15:30:53 2026
63727 MiB RAM detected, ~26936 available; reserving 8000 MiB for main
workspace.
Using up to 2 compute threads.
866 samples (0 females, 0 males, 866 ambiguous; 866 founders) loaded from
/project2/mstephens/gtex/GTEx_Analysis_2017-06-05_v8_WholeGenomeSeq_866Indiv.fam.
67234533 variants in
/project2/mstephens/gtex/GTEx_Analysis_2017-06-05_v8_WholeGenomeSeq_866Indiv.bim;
63805389 excluded by --chr + --max-alleles + --snps-only, 3429144 remaining.
Note: No phenotype data present.
Note: Skipping --rm-dup since no duplicate IDs are present.
18295 variants remaining after main filters.
--export A pass 1/1: loading... 0%writing... 0%1%2%3%4%5%6%7%8%9%10%11%12%13%14%15%16%17%18%19%20%21%22%23%24%25%26%27%28%29%30%31%32%33%34%35%36%37%38%39%40%41%42%43%44%45%46%47%48%49%50%51%52%53%54%55%56%57%58%59%60%61%62%63%64%65%66%67%68%69%70%71%72%73%74%75%76%77%78%79%80%81%82%83%84%85%86%87%88%89%90%91%92%93%94%95%96%97%98%99% done.
--export A: /project2/mstephens/wdenault/susie_mix/temp_plink/plink_WWC1.raw
written.
End time: Tue Sep  1 15:30:58 2026
18 SNP(s) removed because HWE P < 1e-08 :
 [1] "chr5_167852730_A_C_b38_A" "chr5_167859046_A_G_b38_A"
 [3] "chr5_167859078_C_T_b38_C" "chr5_167940052_G_T_b38_G"
 [5] "chr5_167940135_A_C_b38_A" "chr5_167940262_G_A_b38_G"
 [7] "chr5_167940332_C_T_b38_C" "chr5_167940469_A_G_b38_A"
 [9] "chr5_168148925_A_T_b38_A" "chr5_168230021_C_A_b38_C"
[11] "chr5_168237347_C_T_b38_C" "chr5_168337215_G_A_b38_G"
[13] "chr5_168337383_C_A_b38_C" "chr5_168455948_C_G_b38_C"
[15] "chr5_168672600_A_C_b38_A" "chr5_168716562_A_G_b38_A"
[17] "chr5_168716593_T_C_b38_T" "chr5_168716669_C_T_b38_C"

=====================================
Tissue: Adipose Tissue 
=====================================
[1] TRUE
Running SuSiE.

=====================================
Tissue: Adrenal Gland 
=====================================
[1] TRUE
Running SuSiE.

=====================================
Tissue: Blood 
=====================================
[1] TRUE
Running SuSiE.

=====================================
Tissue: Blood Vessel 
=====================================
[1] TRUE
Running SuSiE.

=====================================
Tissue: Brain 
=====================================
[1] TRUE
Running SuSiE.

=====================================
Tissue: Breast 
=====================================
[1] TRUE
Running SuSiE.

=====================================
Tissue: Colon 
=====================================
[1] TRUE
Running SuSiE.

=====================================
Tissue: Esophagus 
=====================================
[1] TRUE
Running SuSiE.

=====================================
Tissue: Heart 
=====================================
[1] TRUE
Running SuSiE.

=====================================
Tissue: Kidney 
=====================================
[1] TRUE
Running SuSiE.

=====================================
Tissue: Liver 
=====================================
[1] TRUE
Running SuSiE.

=====================================
Tissue: Lung 
=====================================
[1] TRUE
Running SuSiE.

=====================================
Tissue: Muscle 
=====================================
[1] TRUE
Running SuSiE.

=====================================
Tissue: Nerve 
=====================================
[1] TRUE
Running SuSiE.

=====================================
Tissue: Ovary 
=====================================
[1] TRUE
Running SuSiE.

=====================================
Tissue: Pancreas 
=====================================
[1] TRUE
Running SuSiE.

=====================================
Tissue: Pituitary 
=====================================
[1] TRUE
Running SuSiE.

=====================================
Tissue: Prostate 
=====================================
[1] TRUE
Running SuSiE.

=====================================
Tissue: Salivary Gland 
=====================================
[1] TRUE
Running SuSiE.

=====================================
Tissue: Skin 
=====================================
[1] TRUE
Running SuSiE.

=====================================
Tissue: Small Intestine 
=====================================
[1] TRUE
Running SuSiE.

=====================================
Tissue: Spleen 
=====================================
[1] TRUE
Running SuSiE.

=====================================
Tissue: Stomach 
=====================================
[1] TRUE
Running SuSiE.

=====================================
Tissue: Testis 
=====================================
[1] TRUE
Running SuSiE.

=====================================
Tissue: Thyroid 
=====================================
[1] TRUE
Running SuSiE.

=====================================
Tissue: Uterus 
=====================================
[1] TRUE
Running SuSiE.

=====================================
Tissue: Vagina 
=====================================
[1] TRUE
Running SuSiE.
[2026-09-01 15:32:50] starting WWC2
Importing covariate data.
Importing gene expression data.
Found 27 tissues for gene WWC2 :
 [1] "Adipose Tissue"  "Adrenal Gland"   "Blood"           "Blood Vessel"   
 [5] "Brain"           "Breast"          "Colon"           "Esophagus"      
 [9] "Heart"           "Kidney"          "Liver"           "Lung"           
[13] "Muscle"          "Nerve"           "Ovary"           "Pancreas"       
[17] "Pituitary"       "Prostate"        "Salivary Gland"  "Skin"           
[21] "Small Intestine" "Spleen"          "Stomach"         "Testis"         
[25] "Thyroid"         "Uterus"          "Vagina"         
Extracting genotype data from PLINK file.
PLINK v2.0.0-a.7LM 64-bit Intel (11 Mar 2026)       cog-genomics.org/plink/2.0/
(C) 2005-2026 Shaun Purcell, Christopher Chang    GNU General Public License v3
Logging to /project2/mstephens/wdenault/susie_mix/temp_plink/plink_WWC2.log.
Options in effect:
  --bfile /project2/mstephens/gtex/GTEx_Analysis_2017-06-05_v8_WholeGenomeSeq_866Indiv
  --chr 4
  --export A
  --from-bp 182599257
  --maf 0
  --max-alleles 2
  --memory 8000
  --out /project2/mstephens/wdenault/susie_mix/temp_plink/plink_WWC2
  --rm-dup exclude-all
  --snps-only
  --threads 2
  --to-bp 183599257

Start time: Tue Sep  1 15:33:47 2026
63727 MiB RAM detected, ~26936 available; reserving 8000 MiB for main
workspace.
Using up to 2 compute threads.
866 samples (0 females, 0 males, 866 ambiguous; 866 founders) loaded from
/project2/mstephens/gtex/GTEx_Analysis_2017-06-05_v8_WholeGenomeSeq_866Indiv.fam.
67234533 variants in
/project2/mstephens/gtex/GTEx_Analysis_2017-06-05_v8_WholeGenomeSeq_866Indiv.bim;
63536433 excluded by --chr + --max-alleles + --snps-only, 3698100 remaining.
Note: No phenotype data present.
Note: Skipping --rm-dup since no duplicate IDs are present.
20555 variants remaining after main filters.
--export A pass 1/1: loading... 0%writing... 0%1%2%3%4%5%6%7%8%9%10%11%12%13%14%15%16%17%18%19%20%21%22%23%24%25%26%27%28%29%30%31%32%33%34%35%36%37%38%39%40%41%42%43%44%45%46%47%48%49%50%51%52%53%54%55%56%57%58%59%60%61%62%63%64%65%66%67%68%69%70%71%72%73%74%75%76%77%78%79%80%81%82%83%84%85%86%87%88%89%90%91%92%93%94%95%96%97%98%99% done.
--export A: /project2/mstephens/wdenault/susie_mix/temp_plink/plink_WWC2.raw
written.
End time: Tue Sep  1 15:33:53 2026
5 SNP(s) removed because HWE P < 1e-08 :
[1] "chr4_182606976_G_T_b38_G" "chr4_183268262_C_G_b38_C"
[3] "chr4_183268304_G_A_b38_G" "chr4_183376094_C_G_b38_C"
[5] "chr4_183425940_T_C_b38_T"

=====================================
Tissue: Adipose Tissue 
=====================================
[1] TRUE
Running SuSiE.

=====================================
Tissue: Adrenal Gland 
=====================================
[1] TRUE
Running SuSiE.

=====================================
Tissue: Blood 
=====================================
[1] TRUE
Running SuSiE.

=====================================
Tissue: Blood Vessel 
=====================================
[1] TRUE
Running SuSiE.

=====================================
Tissue: Brain 
=====================================
[1] TRUE
Running SuSiE.

=====================================
Tissue: Breast 
=====================================
[1] TRUE
Running SuSiE.

=====================================
Tissue: Colon 
=====================================
[1] TRUE
Running SuSiE.

=====================================
Tissue: Esophagus 
=====================================
[1] TRUE
Running SuSiE.

=====================================
Tissue: Heart 
=====================================
[1] TRUE
Running SuSiE.

=====================================
Tissue: Kidney 
=====================================
[1] TRUE
Running SuSiE.

=====================================
Tissue: Liver 
=====================================
[1] TRUE
Running SuSiE.

=====================================
Tissue: Lung 
=====================================
[1] TRUE
Running SuSiE.

=====================================
Tissue: Muscle 
=====================================
[1] TRUE
Running SuSiE.

=====================================
Tissue: Nerve 
=====================================
[1] TRUE
Running SuSiE.

=====================================
Tissue: Ovary 
=====================================
[1] TRUE
Running SuSiE.

=====================================
Tissue: Pancreas 
=====================================
[1] TRUE
Running SuSiE.

=====================================
Tissue: Pituitary 
=====================================
[1] TRUE
Running SuSiE.

=====================================
Tissue: Prostate 
=====================================
[1] TRUE
Running SuSiE.

=====================================
Tissue: Salivary Gland 
=====================================
[1] TRUE
Running SuSiE.

=====================================
Tissue: Skin 
=====================================
[1] TRUE
Running SuSiE.

=====================================
Tissue: Small Intestine 
=====================================
[1] TRUE
Running SuSiE.

=====================================
Tissue: Spleen 
=====================================
[1] TRUE
Running SuSiE.

=====================================
Tissue: Stomach 
=====================================
[1] TRUE
Running SuSiE.

=====================================
Tissue: Testis 
=====================================
[1] TRUE
Running SuSiE.

=====================================
Tissue: Thyroid 
=====================================
[1] TRUE
Running SuSiE.

=====================================
Tissue: Uterus 
=====================================
[1] TRUE
Running SuSiE.

=====================================
Tissue: Vagina 
=====================================
[1] TRUE
Running SuSiE.
[2026-09-01 15:36:19] starting WWC3
Importing covariate data.
Importing gene expression data.
Found 27 tissues for gene WWC3 :
 [1] "Adipose Tissue"  "Adrenal Gland"   "Blood"           "Blood Vessel"   
 [5] "Brain"           "Breast"          "Colon"           "Esophagus"      
 [9] "Heart"           "Kidney"          "Liver"           "Lung"           
[13] "Muscle"          "Nerve"           "Ovary"           "Pancreas"       
[17] "Pituitary"       "Prostate"        "Salivary Gland"  "Skin"           
[21] "Small Intestine" "Spleen"          "Stomach"         "Testis"         
[25] "Thyroid"         "Uterus"          "Vagina"         
Extracting genotype data from PLINK file.
PLINK v2.0.0-a.7LM 64-bit Intel (11 Mar 2026)       cog-genomics.org/plink/2.0/
(C) 2005-2026 Shaun Purcell, Christopher Chang    GNU General Public License v3
Logging to /project2/mstephens/wdenault/susie_mix/temp_plink/plink_WWC3.log.
Options in effect:
  --bfile /project2/mstephens/gtex/GTEx_Analysis_2017-06-05_v8_WholeGenomeSeq_866Indiv
  --chr X
  --export A
  --from-bp 9515254
  --maf 0
  --max-alleles 2
  --memory 8000
  --out /project2/mstephens/wdenault/susie_mix/temp_plink/plink_WWC3
  --rm-dup exclude-all
  --snps-only
  --threads 2
  --to-bp 10515254

Start time: Tue Sep  1 15:37:17 2026
63727 MiB RAM detected, ~26964 available; reserving 8000 MiB for main
workspace.
Using up to 2 compute threads.
866 samples (0 females, 0 males, 866 ambiguous; 866 founders) loaded from
/project2/mstephens/gtex/GTEx_Analysis_2017-06-05_v8_WholeGenomeSeq_866Indiv.fam.
End time: Tue Sep  1 15:37:22 2026
[2026-09-01 15:37:22] starting WWOX
Importing covariate data.
Importing gene expression data.
Found 27 tissues for gene WWOX :
 [1] "Adipose Tissue"  "Adrenal Gland"   "Blood"           "Blood Vessel"   
 [5] "Brain"           "Breast"          "Colon"           "Esophagus"      
 [9] "Heart"           "Kidney"          "Liver"           "Lung"           
[13] "Muscle"          "Nerve"           "Ovary"           "Pancreas"       
[17] "Pituitary"       "Prostate"        "Salivary Gland"  "Skin"           
[21] "Small Intestine" "Spleen"          "Stomach"         "Testis"         
[25] "Thyroid"         "Uterus"          "Vagina"         
Extracting genotype data from PLINK file.
PLINK v2.0.0-a.7LM 64-bit Intel (11 Mar 2026)       cog-genomics.org/plink/2.0/
(C) 2005-2026 Shaun Purcell, Christopher Chang    GNU General Public License v3
Logging to /project2/mstephens/wdenault/susie_mix/temp_plink/plink_WWOX.log.
Options in effect:
  --bfile /project2/mstephens/gtex/GTEx_Analysis_2017-06-05_v8_WholeGenomeSeq_866Indiv
  --chr 16
  --export A
  --from-bp 77599430
  --maf 0
  --max-alleles 2
  --memory 8000
  --out /project2/mstephens/wdenault/susie_mix/temp_plink/plink_WWOX
  --rm-dup exclude-all
  --snps-only
  --threads 2
  --to-bp 78599430

Start time: Tue Sep  1 15:38:25 2026
63727 MiB RAM detected, ~26936 available; reserving 8000 MiB for main
workspace.
Using up to 2 compute threads.
866 samples (0 females, 0 males, 866 ambiguous; 866 founders) loaded from
/project2/mstephens/gtex/GTEx_Analysis_2017-06-05_v8_WholeGenomeSeq_866Indiv.fam.
67234533 variants in
/project2/mstephens/gtex/GTEx_Analysis_2017-06-05_v8_WholeGenomeSeq_866Indiv.bim;
65423567 excluded by --chr + --max-alleles + --snps-only, 1810966 remaining.
Note: No phenotype data present.
Note: Skipping --rm-dup since no duplicate IDs are present.
30131 variants remaining after main filters.
--export A pass 1/1: loading... 0%20% writing... 0%1%2%3%4%5%6%7%8%9%10%11%12%13%14%15%16%17%18%19%20%21%22%23%24%25%26%27%28%29%30%31%32%33%34%35%36%37%38%39%40%41%42%43%44%45%46%47%48%49%50%51%52%53%54%55%56%57%58%59%60%61%62%63%64%65%66%67%68%69%70%71%72%73%74%75%76%77%78%79%80%81%82%83%84%85%86%87%88%89%90%91%92%93%94%95%96%97%98%99% done.
--export A: /project2/mstephens/wdenault/susie_mix/temp_plink/plink_WWOX.raw
written.
End time: Tue Sep  1 15:38:31 2026
43 SNP(s) removed because HWE P < 1e-08 :
 [1] "chr16_77653788_C_A_b38_C" "chr16_78044802_G_C_b38_G"
 [3] "chr16_78400796_C_T_b38_C" "chr16_78400874_T_A_b38_T"
 [5] "chr16_78400968_C_G_b38_C" "chr16_78402092_C_A_b38_C"
 [7] "chr16_78402711_C_T_b38_C" "chr16_78403482_G_A_b38_G"
 [9] "chr16_78406125_C_G_b38_C" "chr16_78407163_T_G_b38_T"
[11] "chr16_78408734_A_G_b38_A" "chr16_78409143_C_T_b38_C"
[13] "chr16_78410696_G_C_b38_G" "chr16_78412604_T_C_b38_T"
[15] "chr16_78412705_A_G_b38_A" "chr16_78412799_G_C_b38_G"
[17] "chr16_78414094_G_A_b38_G" "chr16_78414215_A_C_b38_A"
[19] "chr16_78417644_G_A_b38_G" "chr16_78418392_T_C_b38_T"
[21] "chr16_78418451_A_T_b38_A" "chr16_78418483_G_C_b38_G"
[23] "chr16_78419222_G_A_b38_G" "chr16_78419970_G_A_b38_G"
[25] "chr16_78420625_A_G_b38_A" "chr16_78420808_C_T_b38_C"
[27] "chr16_78421328_A_G_b38_A" "chr16_78421581_A_G_b38_A"
[29] "chr16_78423998_C_G_b38_C" "chr16_78424574_G_C_b38_G"
[31] "chr16_78424616_C_T_b38_C" "chr16_78424853_G_A_b38_G"
[33] "chr16_78425258_G_C_b38_G" "chr16_78425449_A_C_b38_A"
[35] "chr16_78425637_G_A_b38_G" "chr16_78428354_A_C_b38_A"
[37] "chr16_78435186_G_A_b38_G" "chr16_78437417_C_T_b38_C"
[39] "chr16_78445738_T_C_b38_T" "chr16_78472095_G_C_b38_G"
[41] "chr16_78498546_T_G_b38_T" "chr16_78501558_A_G_b38_A"
[43] "chr16_78508149_C_G_b38_C"

=====================================
Tissue: Adipose Tissue 
=====================================
[1] TRUE
Running SuSiE.

=====================================
Tissue: Adrenal Gland 
=====================================
[1] TRUE
Running SuSiE.

=====================================
Tissue: Blood 
=====================================
[1] TRUE
Running SuSiE.

=====================================
Tissue: Blood Vessel 
=====================================
[1] TRUE
Running SuSiE.

=====================================
Tissue: Brain 
=====================================
[1] TRUE
Running SuSiE.

=====================================
Tissue: Breast 
=====================================
[1] TRUE
Running SuSiE.

=====================================
Tissue: Colon 
=====================================
[1] TRUE
Running SuSiE.

=====================================
Tissue: Esophagus 
=====================================
[1] TRUE
Running SuSiE.

=====================================
Tissue: Heart 
=====================================
[1] TRUE
Running SuSiE.

=====================================
Tissue: Kidney 
=====================================
[1] TRUE
Running SuSiE.

=====================================
Tissue: Liver 
=====================================
[1] TRUE
Running SuSiE.

=====================================
Tissue: Lung 
=====================================
[1] TRUE
Running SuSiE.

=====================================
Tissue: Muscle 
=====================================
[1] TRUE
Running SuSiE.

=====================================
Tissue: Nerve 
=====================================
[1] TRUE
Running SuSiE.

=====================================
Tissue: Ovary 
=====================================
[1] TRUE
Running SuSiE.

=====================================
Tissue: Pancreas 
=====================================
[1] TRUE
Running SuSiE.

=====================================
Tissue: Pituitary 
=====================================
[1] TRUE
Running SuSiE.

=====================================
Tissue: Prostate 
=====================================
[1] TRUE
Running SuSiE.

=====================================
Tissue: Salivary Gland 
=====================================
[1] TRUE
Running SuSiE.

=====================================
Tissue: Skin 
=====================================
[1] TRUE
Running SuSiE.

=====================================
Tissue: Small Intestine 
=====================================
[1] TRUE
Running SuSiE.

=====================================
Tissue: Spleen 
=====================================
[1] TRUE
Running SuSiE.

=====================================
Tissue: Stomach 
=====================================
[1] TRUE
Running SuSiE.

=====================================
Tissue: Testis 
=====================================
[1] TRUE
Running SuSiE.

=====================================
Tissue: Thyroid 
=====================================
[1] TRUE
Running SuSiE.

=====================================
Tissue: Uterus 
=====================================
[1] TRUE
Running SuSiE.

=====================================
Tissue: Vagina 
=====================================
[1] TRUE
Running SuSiE.
[2026-09-01 15:42:25] starting WWP1
Importing covariate data.
Importing gene expression data.
Found 27 tissues for gene WWP1 :
 [1] "Adipose Tissue"  "Adrenal Gland"   "Blood"           "Blood Vessel"   
 [5] "Brain"           "Breast"          "Colon"           "Esophagus"      
 [9] "Heart"           "Kidney"          "Liver"           "Lung"           
[13] "Muscle"          "Nerve"           "Ovary"           "Pancreas"       
[17] "Pituitary"       "Prostate"        "Salivary Gland"  "Skin"           
[21] "Small Intestine" "Spleen"          "Stomach"         "Testis"         
[25] "Thyroid"         "Uterus"          "Vagina"         
Extracting genotype data from PLINK file.
PLINK v2.0.0-a.7LM 64-bit Intel (11 Mar 2026)       cog-genomics.org/plink/2.0/
(C) 2005-2026 Shaun Purcell, Christopher Chang    GNU General Public License v3
Logging to /project2/mstephens/wdenault/susie_mix/temp_plink/plink_WWP1.log.
Options in effect:
  --bfile /project2/mstephens/gtex/GTEx_Analysis_2017-06-05_v8_WholeGenomeSeq_866Indiv
  --chr 8
  --export A
  --from-bp 85842547
  --maf 0
  --max-alleles 2
  --memory 8000
  --out /project2/mstephens/wdenault/susie_mix/temp_plink/plink_WWP1
  --rm-dup exclude-all
  --snps-only
  --threads 2
  --to-bp 86842547

Start time: Tue Sep  1 15:43:29 2026
63727 MiB RAM detected, ~23196 available; reserving 8000 MiB for main
workspace.
Using up to 2 compute threads.
866 samples (0 females, 0 males, 866 ambiguous; 866 founders) loaded from
/project2/mstephens/gtex/GTEx_Analysis_2017-06-05_v8_WholeGenomeSeq_866Indiv.fam.
67234533 variants in
/project2/mstephens/gtex/GTEx_Analysis_2017-06-05_v8_WholeGenomeSeq_866Indiv.bim;
64320131 excluded by --chr + --max-alleles + --snps-only, 2914402 remaining.
Note: No phenotype data present.
Note: Skipping --rm-dup since no duplicate IDs are present.
18210 variants remaining after main filters.
--export A pass 1/1: loading... 0%22% writing... 0%1%2%3%4%5%6%7%8%9%10%11%12%13%14%15%16%17%18%19%20%21%22%23%24%25%26%27%28%29%30%31%32%33%34%35%36%37%38%39%40%41%42%43%44%45%46%47%48%49%50%51%52%53%54%55%56%57%58%59%60%61%62%63%64%65%66%67%68%69%70%71%72%73%74%75%76%77%78%79%80%81%82%83%84%85%86%87%88%89%90%91%92%93%94%95%96%97%98%99% done.
--export A: /project2/mstephens/wdenault/susie_mix/temp_plink/plink_WWP1.raw
written.
End time: Tue Sep  1 15:43:35 2026
80 SNP(s) removed because HWE P < 1e-08 :
 [1] "chr8_85843422_C_T_b38_C" "chr8_85853393_C_A_b38_C"
 [3] "chr8_85865384_A_G_b38_A" "chr8_85865943_G_A_b38_G"
 [5] "chr8_85870563_A_G_b38_A" "chr8_85871827_T_C_b38_T"
 [7] "chr8_85872623_C_T_b38_C" "chr8_85885661_C_T_b38_C"
 [9] "chr8_85906333_C_T_b38_C" "chr8_85907019_C_T_b38_C"
[11] "chr8_85907679_C_T_b38_C" "chr8_85907771_T_C_b38_T"
[13] "chr8_85908154_C_T_b38_C" "chr8_85909689_T_G_b38_T"
[15] "chr8_85909851_T_G_b38_T" "chr8_85912570_T_C_b38_T"
[17] "chr8_85912990_G_A_b38_G" "chr8_85913321_G_T_b38_G"
[19] "chr8_85916761_G_A_b38_G" "chr8_85918897_G_A_b38_G"
[21] "chr8_85920185_A_G_b38_A" "chr8_85920356_T_C_b38_T"
[23] "chr8_85920542_T_C_b38_T" "chr8_85920972_C_T_b38_C"
[25] "chr8_85922612_A_G_b38_A" "chr8_85924557_T_C_b38_T"
[27] "chr8_85927113_A_G_b38_A" "chr8_85927962_A_G_b38_A"
[29] "chr8_85929028_A_G_b38_A" "chr8_85929051_A_C_b38_A"
[31] "chr8_85929667_T_C_b38_T" "chr8_85929670_G_A_b38_G"
[33] "chr8_85932949_A_G_b38_A" "chr8_85932969_T_C_b38_T"
[35] "chr8_85933329_A_G_b38_A" "chr8_85934099_C_T_b38_C"
[37] "chr8_85934594_G_T_b38_G" "chr8_85939318_T_C_b38_T"
[39] "chr8_85961578_C_T_b38_C" "chr8_85970677_T_C_b38_T"
[41] "chr8_86028792_A_C_b38_A" "chr8_86030267_G_A_b38_G"
[43] "chr8_86030748_C_T_b38_C" "chr8_86031200_G_T_b38_G"
[45] "chr8_86044724_T_C_b38_T" "chr8_86151998_C_T_b38_C"
[47] "chr8_86152234_C_A_b38_C" "chr8_86330416_C_A_b38_C"
[49] "chr8_86334624_T_C_b38_T" "chr8_86344949_A_G_b38_A"
[51] "chr8_86347266_G_A_b38_G" "chr8_86349863_C_T_b38_C"
[53] "chr8_86358546_G_A_b38_G" "chr8_86361349_T_C_b38_T"
[55] "chr8_86369823_C_T_b38_C" "chr8_86372547_A_G_b38_A"
[57] "chr8_86375579_G_A_b38_G" "chr8_86376273_A_T_b38_A"
[59] "chr8_86377608_C_G_b38_C" "chr8_86378581_A_G_b38_A"
[61] "chr8_86381782_T_C_b38_T" "chr8_86387241_G_C_b38_G"
[63] "chr8_86389915_G_A_b38_G" "chr8_86390220_C_T_b38_C"
[65] "chr8_86394133_A_T_b38_A" "chr8_86396791_C_T_b38_C"
[67] "chr8_86409728_G_A_b38_G" "chr8_86417813_A_G_b38_A"
[69] "chr8_86427697_C_T_b38_C" "chr8_86429203_G_T_b38_G"
[71] "chr8_86430246_T_G_b38_T" "chr8_86430524_A_T_b38_A"
[73] "chr8_86440089_C_T_b38_C" "chr8_86445010_A_G_b38_A"
[75] "chr8_86448132_T_A_b38_T" "chr8_86448875_G_A_b38_G"
[77] "chr8_86527524_A_G_b38_A" "chr8_86542815_A_G_b38_A"
[79] "chr8_86545982_G_T_b38_G" "chr8_86619194_A_C_b38_A"

=====================================
Tissue: Adipose Tissue 
=====================================
[1] TRUE
Running SuSiE.

=====================================
Tissue: Adrenal Gland 
=====================================
[1] TRUE
Running SuSiE.

=====================================
Tissue: Blood 
=====================================
[1] TRUE
Running SuSiE.

=====================================
Tissue: Blood Vessel 
=====================================
[1] TRUE
Running SuSiE.

=====================================
Tissue: Brain 
=====================================
[1] TRUE
Running SuSiE.

=====================================
Tissue: Breast 
=====================================
[1] TRUE
Running SuSiE.

=====================================
Tissue: Colon 
=====================================
[1] TRUE
Running SuSiE.

=====================================
Tissue: Esophagus 
=====================================
[1] TRUE
Running SuSiE.

=====================================
Tissue: Heart 
=====================================
[1] TRUE
Running SuSiE.

=====================================
Tissue: Kidney 
=====================================
[1] TRUE
Running SuSiE.

=====================================
Tissue: Liver 
=====================================
[1] TRUE
Running SuSiE.

=====================================
Tissue: Lung 
=====================================
[1] TRUE
Running SuSiE.

=====================================
Tissue: Muscle 
=====================================
[1] TRUE
Running SuSiE.

=====================================
Tissue: Nerve 
=====================================
[1] TRUE
Running SuSiE.

=====================================
Tissue: Ovary 
=====================================
[1] TRUE
Running SuSiE.

=====================================
Tissue: Pancreas 
=====================================
[1] TRUE
Running SuSiE.

=====================================
Tissue: Pituitary 
=====================================
[1] TRUE
Running SuSiE.

=====================================
Tissue: Prostate 
=====================================
[1] TRUE
Running SuSiE.

=====================================
Tissue: Salivary Gland 
=====================================
[1] TRUE
Running SuSiE.

=====================================
Tissue: Skin 
=====================================
[1] TRUE
Running SuSiE.

=====================================
Tissue: Small Intestine 
=====================================
[1] TRUE
Running SuSiE.

=====================================
Tissue: Spleen 
=====================================
[1] TRUE
Running SuSiE.

=====================================
Tissue: Stomach 
=====================================
[1] TRUE
Running SuSiE.

=====================================
Tissue: Testis 
=====================================
[1] TRUE
Running SuSiE.

=====================================
Tissue: Thyroid 
=====================================
[1] TRUE
Running SuSiE.

=====================================
Tissue: Uterus 
=====================================
[1] TRUE
Running SuSiE.

=====================================
Tissue: Vagina 
=====================================
[1] TRUE
Running SuSiE.
[2026-09-01 15:45:22] starting WWP2
Importing covariate data.
Importing gene expression data.
Found 27 tissues for gene WWP2 :
 [1] "Adipose Tissue"  "Adrenal Gland"   "Blood"           "Blood Vessel"   
 [5] "Brain"           "Breast"          "Colon"           "Esophagus"      
 [9] "Heart"           "Kidney"          "Liver"           "Lung"           
[13] "Muscle"          "Nerve"           "Ovary"           "Pancreas"       
[17] "Pituitary"       "Prostate"        "Salivary Gland"  "Skin"           
[21] "Small Intestine" "Spleen"          "Stomach"         "Testis"         
[25] "Thyroid"         "Uterus"          "Vagina"         
Extracting genotype data from PLINK file.
PLINK v2.0.0-a.7LM 64-bit Intel (11 Mar 2026)       cog-genomics.org/plink/2.0/
(C) 2005-2026 Shaun Purcell, Christopher Chang    GNU General Public License v3
Logging to /project2/mstephens/wdenault/susie_mix/temp_plink/plink_WWP2.log.
Options in effect:
  --bfile /project2/mstephens/gtex/GTEx_Analysis_2017-06-05_v8_WholeGenomeSeq_866Indiv
  --chr 16
  --export A
  --from-bp 69262328
  --maf 0
  --max-alleles 2
  --memory 8000
  --out /project2/mstephens/wdenault/susie_mix/temp_plink/plink_WWP2
  --rm-dup exclude-all
  --snps-only
  --threads 2
  --to-bp 70262328

Start time: Tue Sep  1 15:46:19 2026
63727 MiB RAM detected, ~26896 available; reserving 8000 MiB for main
workspace.
Using up to 2 compute threads.
866 samples (0 females, 0 males, 866 ambiguous; 866 founders) loaded from
/project2/mstephens/gtex/GTEx_Analysis_2017-06-05_v8_WholeGenomeSeq_866Indiv.fam.
67234533 variants in
/project2/mstephens/gtex/GTEx_Analysis_2017-06-05_v8_WholeGenomeSeq_866Indiv.bim;
65423567 excluded by --chr + --max-alleles + --snps-only, 1810966 remaining.
Note: No phenotype data present.
Note: Skipping --rm-dup since no duplicate IDs are present.
20143 variants remaining after main filters.
--export A pass 1/1: loading... 0%writing... 0%1%2%3%4%5%6%7%8%9%10%11%12%13%14%15%16%17%18%19%20%21%22%23%24%25%26%27%28%29%30%31%32%33%34%35%36%37%38%39%40%41%42%43%44%45%46%47%48%49%50%51%52%53%54%55%56%57%58%59%60%61%62%63%64%65%66%67%68%69%70%71%72%73%74%75%76%77%78%79%80%81%82%83%84%85%86%87%88%89%90%91%92%93%94%95%96%97%98%99% done.
--export A: /project2/mstephens/wdenault/susie_mix/temp_plink/plink_WWP2.raw
written.
End time: Tue Sep  1 15:46:25 2026
235 SNP(s) removed because HWE P < 1e-08 :
  [1] "chr16_69859875_G_C_b38_G" "chr16_69945369_G_A_b38_G"
  [3] "chr16_69948509_G_A_b38_G" "chr16_69950908_G_A_b38_G"
  [5] "chr16_69951250_T_C_b38_T" "chr16_69951480_G_A_b38_G"
  [7] "chr16_69952524_G_A_b38_G" "chr16_69952891_G_A_b38_G"
  [9] "chr16_69953255_G_A_b38_G" "chr16_69953848_G_A_b38_G"
 [11] "chr16_69954560_C_G_b38_C" "chr16_69954570_G_A_b38_G"
 [13] "chr16_69954599_T_C_b38_T" "chr16_69955210_T_C_b38_T"
 [15] "chr16_69955240_T_C_b38_T" "chr16_69955274_A_G_b38_A"
 [17] "chr16_69955349_A_G_b38_A" "chr16_69955974_G_A_b38_G"
 [19] "chr16_69963082_G_C_b38_G" "chr16_69963347_T_G_b38_T"
 [21] "chr16_69963634_G_C_b38_G" "chr16_69964569_C_G_b38_C"
 [23] "chr16_69964588_C_T_b38_C" "chr16_69964593_A_G_b38_A"
 [25] "chr16_69964890_C_T_b38_C" "chr16_69964971_T_C_b38_T"
 [27] "chr16_69969752_C_G_b38_C" "chr16_69974060_G_C_b38_G"
 [29] "chr16_69974960_G_A_b38_G" "chr16_69976686_T_C_b38_T"
 [31] "chr16_69976707_C_T_b38_C" "chr16_69976743_G_A_b38_G"
 [33] "chr16_69976747_A_G_b38_A" "chr16_69977039_G_A_b38_G"
 [35] "chr16_69977092_C_A_b38_C" "chr16_69984064_T_G_b38_T"
 [37] "chr16_69997181_G_A_b38_G" "chr16_70006358_C_T_b38_C"
 [39] "chr16_70016098_G_A_b38_G" "chr16_70018481_G_A_b38_G"
 [41] "chr16_70019580_T_C_b38_T" "chr16_70020274_C_T_b38_C"
 [43] "chr16_70021843_A_T_b38_A" "chr16_70025230_G_C_b38_G"
 [45] "chr16_70027751_T_C_b38_T" "chr16_70028785_C_G_b38_C"
 [47] "chr16_70029521_T_C_b38_T" "chr16_70029715_A_G_b38_A"
 [49] "chr16_70031110_A_C_b38_A" "chr16_70032830_C_A_b38_C"
 [51] "chr16_70033165_C_T_b38_C" "chr16_70038337_T_C_b38_T"
 [53] "chr16_70041018_T_G_b38_T" "chr16_70045458_C_A_b38_C"
 [55] "chr16_70047939_A_G_b38_A" "chr16_70048119_C_A_b38_C"
 [57] "chr16_70049688_G_A_b38_G" "chr16_70053333_G_A_b38_G"
 [59] "chr16_70060326_G_A_b38_G" "chr16_70061509_C_T_b38_C"
 [61] "chr16_70066006_C_A_b38_C" "chr16_70071317_G_A_b38_G"
 [63] "chr16_70075106_A_G_b38_A" "chr16_70077136_G_A_b38_G"
 [65] "chr16_70077155_A_G_b38_A" "chr16_70082084_A_T_b38_A"
 [67] "chr16_70090244_A_G_b38_A" "chr16_70094507_A_G_b38_A"
 [69] "chr16_70094700_C_T_b38_C" "chr16_70106837_T_C_b38_T"
 [71] "chr16_70116815_A_T_b38_A" "chr16_70118599_A_G_b38_A"
 [73] "chr16_70121276_T_C_b38_T" "chr16_70121432_T_C_b38_T"
 [75] "chr16_70121585_A_G_b38_A" "chr16_70122515_C_T_b38_C"
 [77] "chr16_70122903_G_C_b38_G" "chr16_70123110_C_T_b38_C"
 [79] "chr16_70123202_C_T_b38_C" "chr16_70123438_T_G_b38_T"
 [81] "chr16_70123449_G_C_b38_G" "chr16_70123665_T_G_b38_T"
 [83] "chr16_70123887_T_C_b38_T" "chr16_70123927_G_A_b38_G"
 [85] "chr16_70124034_G_A_b38_G" "chr16_70124046_C_T_b38_C"
 [87] "chr16_70124077_C_G_b38_C" "chr16_70124355_T_C_b38_T"
 [89] "chr16_70124426_G_C_b38_G" "chr16_70124608_G_A_b38_G"
 [91] "chr16_70124977_G_A_b38_G" "chr16_70125118_G_T_b38_G"
 [93] "chr16_70125888_C_T_b38_C" "chr16_70126405_C_G_b38_C"
 [95] "chr16_70126428_G_A_b38_G" "chr16_70126464_T_C_b38_T"
 [97] "chr16_70126495_C_G_b38_C" "chr16_70126606_G_A_b38_G"
 [99] "chr16_70126644_T_C_b38_T" "chr16_70126717_A_T_b38_A"
[101] "chr16_70126770_G_C_b38_G" "chr16_70126948_G_A_b38_G"
[103] "chr16_70127091_T_C_b38_T" "chr16_70127110_C_T_b38_C"
[105] "chr16_70127360_T_C_b38_T" "chr16_70127644_G_A_b38_G"
[107] "chr16_70127927_G_C_b38_G" "chr16_70127947_G_C_b38_G"
[109] "chr16_70127982_T_C_b38_T" "chr16_70127983_C_T_b38_C"
[111] "chr16_70128067_T_C_b38_T" "chr16_70128130_G_A_b38_G"
[113] "chr16_70128629_T_A_b38_T" "chr16_70129601_G_A_b38_G"
[115] "chr16_70129788_C_T_b38_C" "chr16_70129922_G_C_b38_G"
[117] "chr16_70130212_G_A_b38_G" "chr16_70130345_T_C_b38_T"
[119] "chr16_70130431_A_G_b38_A" "chr16_70131536_C_T_b38_C"
[121] "chr16_70131890_G_C_b38_G" "chr16_70132011_T_C_b38_T"
[123] "chr16_70132322_C_A_b38_C" "chr16_70132684_C_T_b38_C"
[125] "chr16_70132819_T_G_b38_T" "chr16_70134389_C_T_b38_C"
[127] "chr16_70134458_C_T_b38_C" "chr16_70134622_G_A_b38_G"
[129] "chr16_70135091_A_G_b38_A" "chr16_70136101_C_A_b38_C"
[131] "chr16_70136113_A_G_b38_A" "chr16_70137081_A_G_b38_A"
[133] "chr16_70137090_C_T_b38_C" "chr16_70138112_G_A_b38_G"
[135] "chr16_70138378_T_C_b38_T" "chr16_70140747_G_A_b38_G"
[137] "chr16_70141045_C_A_b38_C" "chr16_70141179_G_T_b38_G"
[139] "chr16_70141410_A_G_b38_A" "chr16_70143674_G_A_b38_G"
[141] "chr16_70143715_G_A_b38_G" "chr16_70143745_G_A_b38_G"
[143] "chr16_70144170_T_C_b38_T" "chr16_70144910_T_C_b38_T"
[145] "chr16_70147329_T_G_b38_T" "chr16_70147634_C_T_b38_C"
[147] "chr16_70147944_G_A_b38_G" "chr16_70147992_G_A_b38_G"
[149] "chr16_70148122_C_T_b38_C" "chr16_70148346_C_T_b38_C"
[151] "chr16_70148422_T_C_b38_T" "chr16_70148472_T_C_b38_T"
[153] "chr16_70148487_T_G_b38_T" "chr16_70148951_A_G_b38_A"
[155] "chr16_70149259_T_C_b38_T" "chr16_70149704_A_C_b38_A"
[157] "chr16_70149721_T_G_b38_T" "chr16_70149951_C_T_b38_C"
[159] "chr16_70150996_A_G_b38_A" "chr16_70151177_G_A_b38_G"
[161] "chr16_70152241_C_T_b38_C" "chr16_70152385_G_A_b38_G"
[163] "chr16_70152390_C_G_b38_C" "chr16_70152467_G_A_b38_G"
[165] "chr16_70152473_G_A_b38_G" "chr16_70153261_G_A_b38_G"
[167] "chr16_70153367_T_G_b38_T" "chr16_70153647_A_T_b38_A"
[169] "chr16_70153908_G_A_b38_G" "chr16_70154150_C_T_b38_C"
[171] "chr16_70154354_T_C_b38_T" "chr16_70154371_C_T_b38_C"
[173] "chr16_70154746_C_T_b38_C" "chr16_70155355_C_T_b38_C"
[175] "chr16_70155582_G_T_b38_G" "chr16_70155952_G_C_b38_G"
[177] "chr16_70156100_C_A_b38_C" "chr16_70156498_C_T_b38_C"
[179] "chr16_70157126_T_G_b38_T" "chr16_70157258_C_T_b38_C"
[181] "chr16_70157334_G_A_b38_G" "chr16_70157430_T_C_b38_T"
[183] "chr16_70157518_C_T_b38_C" "chr16_70157653_G_A_b38_G"
[185] "chr16_70157663_A_G_b38_A" "chr16_70158110_C_T_b38_C"
[187] "chr16_70158561_A_C_b38_A" "chr16_70159502_G_A_b38_G"
[189] "chr16_70159583_G_A_b38_G" "chr16_70159711_C_T_b38_C"
[191] "chr16_70160761_G_A_b38_G" "chr16_70160988_A_C_b38_A"
[193] "chr16_70161678_C_G_b38_C" "chr16_70162064_T_G_b38_T"
[195] "chr16_70162281_A_G_b38_A" "chr16_70162283_T_G_b38_T"
[197] "chr16_70162738_G_A_b38_G" "chr16_70162761_T_A_b38_T"
[199] "chr16_70163696_A_T_b38_A" "chr16_70163944_G_A_b38_G"
[201] "chr16_70164274_T_C_b38_T" "chr16_70164432_C_G_b38_C"
[203] "chr16_70164448_G_T_b38_G" "chr16_70164847_C_T_b38_C"
[205] "chr16_70165041_A_G_b38_A" "chr16_70165055_A_C_b38_A"
[207] "chr16_70165183_C_T_b38_C" "chr16_70165436_C_T_b38_C"
[209] "chr16_70165638_A_G_b38_A" "chr16_70166284_C_A_b38_C"
[211] "chr16_70166290_G_A_b38_G" "chr16_70169144_C_G_b38_C"
[213] "chr16_70169873_A_G_b38_A" "chr16_70170537_G_A_b38_G"
[215] "chr16_70171865_T_C_b38_T" "chr16_70171923_G_A_b38_G"
[217] "chr16_70173634_C_T_b38_C" "chr16_70173925_T_C_b38_T"
[219] "chr16_70173948_C_T_b38_C" "chr16_70176620_T_C_b38_T"
[221] "chr16_70177387_T_C_b38_T" "chr16_70178255_A_G_b38_A"
[223] "chr16_70179511_C_T_b38_C" "chr16_70179620_T_G_b38_T"
[225] "chr16_70189166_A_G_b38_A" "chr16_70189219_C_T_b38_C"
[227] "chr16_70196041_T_C_b38_T" "chr16_70199196_T_C_b38_T"
[229] "chr16_70199205_C_T_b38_C" "chr16_70199478_C_G_b38_C"
[231] "chr16_70200202_C_T_b38_C" "chr16_70200387_T_G_b38_T"
[233] "chr16_70202396_G_T_b38_G" "chr16_70203008_G_A_b38_G"
[235] "chr16_70203331_A_C_b38_A"

=====================================
Tissue: Adipose Tissue 
=====================================
[1] TRUE
Running SuSiE.

=====================================
Tissue: Adrenal Gland 
=====================================
[1] TRUE
Running SuSiE.

=====================================
Tissue: Blood 
=====================================
[1] TRUE
Running SuSiE.

=====================================
Tissue: Blood Vessel 
=====================================
[1] TRUE
Running SuSiE.

=====================================
Tissue: Brain 
=====================================
[1] TRUE
Running SuSiE.

=====================================
Tissue: Breast 
=====================================
[1] TRUE
Running SuSiE.

=====================================
Tissue: Colon 
=====================================
[1] TRUE
Running SuSiE.

=====================================
Tissue: Esophagus 
=====================================
[1] TRUE
Running SuSiE.

=====================================
Tissue: Heart 
=====================================
[1] TRUE
Running SuSiE.

=====================================
Tissue: Kidney 
=====================================
[1] TRUE
Running SuSiE.

=====================================
Tissue: Liver 
=====================================
[1] TRUE
Running SuSiE.

=====================================
Tissue: Lung 
=====================================
[1] TRUE
Running SuSiE.

=====================================
Tissue: Muscle 
=====================================
[1] TRUE
Running SuSiE.

=====================================
Tissue: Nerve 
=====================================
[1] TRUE
Running SuSiE.

=====================================
Tissue: Ovary 
=====================================
[1] TRUE
Running SuSiE.

=====================================
Tissue: Pancreas 
=====================================
[1] TRUE
Running SuSiE.

=====================================
Tissue: Pituitary 
=====================================
[1] TRUE
Running SuSiE.

=====================================
Tissue: Prostate 
=====================================
[1] TRUE
Running SuSiE.

=====================================
Tissue: Salivary Gland 
=====================================
[1] TRUE
Running SuSiE.

=====================================
Tissue: Skin 
=====================================
[1] TRUE
Running SuSiE.

=====================================
Tissue: Small Intestine 
=====================================
[1] TRUE
Running SuSiE.

=====================================
Tissue: Spleen 
=====================================
[1] TRUE
Running SuSiE.

=====================================
Tissue: Stomach 
=====================================
[1] TRUE
Running SuSiE.

=====================================
Tissue: Testis 
=====================================
[1] TRUE
Running SuSiE.

=====================================
Tissue: Thyroid 
=====================================
[1] TRUE
Running SuSiE.

=====================================
Tissue: Uterus 
=====================================
[1] TRUE
Running SuSiE.

=====================================
Tissue: Vagina 
=====================================
[1] TRUE
Running SuSiE.
[2026-09-01 15:47:52] starting WWTR1
Importing covariate data.
Importing gene expression data.
Found 27 tissues for gene WWTR1 :
 [1] "Adipose Tissue"  "Adrenal Gland"   "Blood"           "Blood Vessel"   
 [5] "Brain"           "Breast"          "Colon"           "Esophagus"      
 [9] "Heart"           "Kidney"          "Liver"           "Lung"           
[13] "Muscle"          "Nerve"           "Ovary"           "Pancreas"       
[17] "Pituitary"       "Prostate"        "Salivary Gland"  "Skin"           
[21] "Small Intestine" "Spleen"          "Stomach"         "Testis"         
[25] "Thyroid"         "Uterus"          "Vagina"         
Extracting genotype data from PLINK file.
PLINK v2.0.0-a.7LM 64-bit Intel (11 Mar 2026)       cog-genomics.org/plink/2.0/
(C) 2005-2026 Shaun Purcell, Christopher Chang    GNU General Public License v3
Logging to /project2/mstephens/wdenault/susie_mix/temp_plink/plink_WWTR1.log.
Options in effect:
  --bfile /project2/mstephens/gtex/GTEx_Analysis_2017-06-05_v8_WholeGenomeSeq_866Indiv
  --chr 3
  --export A
  --from-bp 149236714
  --maf 0
  --max-alleles 2
  --memory 8000
  --out /project2/mstephens/wdenault/susie_mix/temp_plink/plink_WWTR1
  --rm-dup exclude-all
  --snps-only
  --threads 2
  --to-bp 150236714

Start time: Tue Sep  1 15:48:57 2026
63727 MiB RAM detected, ~26910 available; reserving 8000 MiB for main
workspace.
Using up to 2 compute threads.
866 samples (0 females, 0 males, 866 ambiguous; 866 founders) loaded from
/project2/mstephens/gtex/GTEx_Analysis_2017-06-05_v8_WholeGenomeSeq_866Indiv.fam.
67234533 variants in
/project2/mstephens/gtex/GTEx_Analysis_2017-06-05_v8_WholeGenomeSeq_866Indiv.bim;
63427992 excluded by --chr + --max-alleles + --snps-only, 3806541 remaining.
Note: No phenotype data present.
Note: Skipping --rm-dup since no duplicate IDs are present.
17726 variants remaining after main filters.
--export A pass 1/1: loading... 0%16% writing... 0%1%2%3%4%5%6%7%8%9%10%11%12%13%14%15%16%17%18%19%20%21%22%23%24%25%26%27%28%29%30%31%32%33%34%35%36%37%38%39%40%41%42%43%44%45%46%47%48%49%50%51%52%53%54%55%56%57%58%59%60%61%62%63%64%65%66%67%68%69%70%71%72%73%74%75%76%77%78%79%80%81%82%83%84%85%86%87%88%89%90%91%92%93%94%95%96%97%98%99% done.
--export A: /project2/mstephens/wdenault/susie_mix/temp_plink/plink_WWTR1.raw
written.
End time: Tue Sep  1 15:49:02 2026
24 SNP(s) removed because HWE P < 1e-08 :
 [1] "chr3_149237085_T_C_b38_T" "chr3_149259055_G_T_b38_G"
 [3] "chr3_149265556_A_G_b38_A" "chr3_149267504_A_G_b38_A"
 [5] "chr3_149267547_C_T_b38_C" "chr3_149270366_G_A_b38_G"
 [7] "chr3_149271804_G_C_b38_G" "chr3_149287566_G_A_b38_G"
 [9] "chr3_149463362_A_C_b38_A" "chr3_149463368_G_C_b38_G"
[11] "chr3_149463373_A_C_b38_A" "chr3_149500746_T_C_b38_T"
[13] "chr3_149514702_C_T_b38_C" "chr3_149598049_T_C_b38_T"
[15] "chr3_149732702_G_A_b38_G" "chr3_149735513_C_T_b38_C"
[17] "chr3_149741626_C_T_b38_C" "chr3_149751372_C_G_b38_C"
[19] "chr3_149753031_T_C_b38_T" "chr3_149754313_A_G_b38_A"
[21] "chr3_149754440_A_G_b38_A" "chr3_149961653_G_A_b38_G"
[23] "chr3_150207955_T_C_b38_T" "chr3_150234254_T_C_b38_T"

=====================================
Tissue: Adipose Tissue 
=====================================
[1] TRUE
Running SuSiE.

=====================================
Tissue: Adrenal Gland 
=====================================
[1] TRUE
Running SuSiE.

=====================================
Tissue: Blood 
=====================================
[1] TRUE
Running SuSiE.

=====================================
Tissue: Blood Vessel 
=====================================
[1] TRUE
Running SuSiE.

=====================================
Tissue: Brain 
=====================================
[1] TRUE
Running SuSiE.

=====================================
Tissue: Breast 
=====================================
[1] TRUE
Running SuSiE.

=====================================
Tissue: Colon 
=====================================
[1] TRUE
Running SuSiE.

=====================================
Tissue: Esophagus 
=====================================
[1] TRUE
Running SuSiE.

=====================================
Tissue: Heart 
=====================================
[1] TRUE
Running SuSiE.

=====================================
Tissue: Kidney 
=====================================
[1] TRUE
Running SuSiE.

=====================================
Tissue: Liver 
=====================================
[1] TRUE
Running SuSiE.

=====================================
Tissue: Lung 
=====================================
[1] TRUE
Running SuSiE.

=====================================
Tissue: Muscle 
=====================================
[1] TRUE
Running SuSiE.

=====================================
Tissue: Nerve 
=====================================
[1] TRUE
Running SuSiE.

=====================================
Tissue: Ovary 
=====================================
[1] TRUE
Running SuSiE.

=====================================
Tissue: Pancreas 
=====================================
[1] TRUE
Running SuSiE.

=====================================
Tissue: Pituitary 
=====================================
[1] TRUE
Running SuSiE.

=====================================
Tissue: Prostate 
=====================================
[1] TRUE
Running SuSiE.

=====================================
Tissue: Salivary Gland 
=====================================
[1] TRUE
Running SuSiE.

=====================================
Tissue: Skin 
=====================================
[1] TRUE
Running SuSiE.

=====================================
Tissue: Small Intestine 
=====================================
[1] TRUE
Running SuSiE.

=====================================
Tissue: Spleen 
=====================================
[1] TRUE
Running SuSiE.

=====================================
Tissue: Stomach 
=====================================
[1] TRUE
Running SuSiE.

=====================================
Tissue: Testis 
=====================================
[1] TRUE
Running SuSiE.

=====================================
Tissue: Thyroid 
=====================================
[1] TRUE
Running SuSiE.

=====================================
Tissue: Uterus 
=====================================
[1] TRUE
Running SuSiE.

=====================================
Tissue: Vagina 
=====================================
[1] TRUE
Running SuSiE.
[2026-09-01 15:50:49] starting XAB2
Importing covariate data.
Importing gene expression data.
Found 27 tissues for gene XAB2 :
 [1] "Adipose Tissue"  "Adrenal Gland"   "Blood"           "Blood Vessel"   
 [5] "Brain"           "Breast"          "Colon"           "Esophagus"      
 [9] "Heart"           "Kidney"          "Liver"           "Lung"           
[13] "Muscle"          "Nerve"           "Ovary"           "Pancreas"       
[17] "Pituitary"       "Prostate"        "Salivary Gland"  "Skin"           
[21] "Small Intestine" "Spleen"          "Stomach"         "Testis"         
[25] "Thyroid"         "Uterus"          "Vagina"         
Extracting genotype data from PLINK file.
PLINK v2.0.0-a.7LM 64-bit Intel (11 Mar 2026)       cog-genomics.org/plink/2.0/
(C) 2005-2026 Shaun Purcell, Christopher Chang    GNU General Public License v3
Logging to /project2/mstephens/wdenault/susie_mix/temp_plink/plink_XAB2.log.
Options in effect:
  --bfile /project2/mstephens/gtex/GTEx_Analysis_2017-06-05_v8_WholeGenomeSeq_866Indiv
  --chr 19
  --export A
  --from-bp 7129545
  --maf 0
  --max-alleles 2
  --memory 8000
  --out /project2/mstephens/wdenault/susie_mix/temp_plink/plink_XAB2
  --rm-dup exclude-all
  --snps-only
  --threads 2
  --to-bp 8129545

Start time: Tue Sep  1 15:51:47 2026
63727 MiB RAM detected, ~23233 available; reserving 8000 MiB for main
workspace.
Using up to 2 compute threads.
866 samples (0 females, 0 males, 866 ambiguous; 866 founders) loaded from
/project2/mstephens/gtex/GTEx_Analysis_2017-06-05_v8_WholeGenomeSeq_866Indiv.fam.
67234533 variants in
/project2/mstephens/gtex/GTEx_Analysis_2017-06-05_v8_WholeGenomeSeq_866Indiv.bim;
65987829 excluded by --chr + --max-alleles + --snps-only, 1246704 remaining.
Note: No phenotype data present.
Note: Skipping --rm-dup since no duplicate IDs are present.
23495 variants remaining after main filters.
--export A pass 1/1: loading... 0%44% writing... 0%1%2%3%4%5%6%7%8%9%10%11%12%13%14%15%16%17%18%19%20%21%22%23%24%25%26%27%28%29%30%31%32%33%34%35%36%37%38%39%40%41%42%43%44%45%46%47%48%49%50%51%52%53%54%55%56%57%58%59%60%61%62%63%64%65%66%67%68%69%70%71%72%73%74%75%76%77%78%79%80%81%82%83%84%85%86%87%88%89%90%91%92%93%94%95%96%97%98%99% done.
--export A: /project2/mstephens/wdenault/susie_mix/temp_plink/plink_XAB2.raw
written.
End time: Tue Sep  1 15:51:53 2026
104 SNP(s) removed because HWE P < 1e-08 :
  [1] "chr19_7158486_G_T_b38_G" "chr19_7159904_T_C_b38_T"
  [3] "chr19_7248194_G_A_b38_G" "chr19_7248303_G_A_b38_G"
  [5] "chr19_7288768_G_T_b38_G" "chr19_7333118_G_A_b38_G"
  [7] "chr19_7335780_A_G_b38_A" "chr19_7336625_C_T_b38_C"
  [9] "chr19_7344469_T_A_b38_T" "chr19_7346237_G_A_b38_G"
 [11] "chr19_7346506_A_T_b38_A" "chr19_7346563_A_G_b38_A"
 [13] "chr19_7346581_A_G_b38_A" "chr19_7346853_A_G_b38_A"
 [15] "chr19_7346876_A_G_b38_A" "chr19_7347134_A_G_b38_A"
 [17] "chr19_7347842_T_C_b38_T" "chr19_7347843_G_A_b38_G"
 [19] "chr19_7347864_A_G_b38_A" "chr19_7355587_G_C_b38_G"
 [21] "chr19_7356723_C_T_b38_C" "chr19_7357275_G_T_b38_G"
 [23] "chr19_7358071_A_G_b38_A" "chr19_7358100_G_A_b38_G"
 [25] "chr19_7358647_G_T_b38_G" "chr19_7362721_T_C_b38_T"
 [27] "chr19_7365537_C_A_b38_C" "chr19_7370323_A_G_b38_A"
 [29] "chr19_7370379_C_A_b38_C" "chr19_7370557_C_A_b38_C"
 [31] "chr19_7370639_G_A_b38_G" "chr19_7370786_T_C_b38_T"
 [33] "chr19_7370994_T_A_b38_T" "chr19_7371437_C_T_b38_C"
 [35] "chr19_7371501_T_C_b38_T" "chr19_7371587_G_A_b38_G"
 [37] "chr19_7371626_A_G_b38_A" "chr19_7371630_G_A_b38_G"
 [39] "chr19_7371689_T_C_b38_T" "chr19_7372342_T_C_b38_T"
 [41] "chr19_7372364_C_T_b38_C" "chr19_7372389_C_G_b38_C"
 [43] "chr19_7372438_C_A_b38_C" "chr19_7372697_A_G_b38_A"
 [45] "chr19_7373949_T_C_b38_T" "chr19_7374744_A_G_b38_A"
 [47] "chr19_7374768_C_T_b38_C" "chr19_7374790_C_T_b38_C"
 [49] "chr19_7374828_T_C_b38_T" "chr19_7374863_G_A_b38_G"
 [51] "chr19_7375061_G_C_b38_G" "chr19_7375784_G_A_b38_G"
 [53] "chr19_7376942_C_T_b38_C" "chr19_7380274_C_T_b38_C"
 [55] "chr19_7380676_G_C_b38_G" "chr19_7380703_C_A_b38_C"
 [57] "chr19_7395480_C_G_b38_C" "chr19_7398181_C_T_b38_C"
 [59] "chr19_7398708_T_G_b38_T" "chr19_7400991_G_T_b38_G"
 [61] "chr19_7402079_A_G_b38_A" "chr19_7404034_T_C_b38_T"
 [63] "chr19_7406825_T_C_b38_T" "chr19_7408033_T_C_b38_T"
 [65] "chr19_7410397_C_T_b38_C" "chr19_7411131_G_T_b38_G"
 [67] "chr19_7412981_T_C_b38_T" "chr19_7417751_G_A_b38_G"
 [69] "chr19_7417924_T_G_b38_T" "chr19_7418004_G_A_b38_G"
 [71] "chr19_7418378_C_T_b38_C" "chr19_7418571_C_T_b38_C"
 [73] "chr19_7418772_G_A_b38_G" "chr19_7419644_A_G_b38_A"
 [75] "chr19_7419703_T_C_b38_T" "chr19_7419739_T_C_b38_T"
 [77] "chr19_7419855_A_G_b38_A" "chr19_7420030_A_T_b38_A"
 [79] "chr19_7420225_G_T_b38_G" "chr19_7420821_A_G_b38_A"
 [81] "chr19_7714276_A_G_b38_A" "chr19_7714306_A_G_b38_A"
 [83] "chr19_7714473_T_C_b38_T" "chr19_7714576_G_A_b38_G"
 [85] "chr19_7714658_A_T_b38_A" "chr19_7714847_C_T_b38_C"
 [87] "chr19_7718168_C_T_b38_C" "chr19_7719066_C_T_b38_C"
 [89] "chr19_7732629_T_G_b38_T" "chr19_7732822_T_C_b38_T"
 [91] "chr19_7733717_G_A_b38_G" "chr19_7733939_T_C_b38_T"
 [93] "chr19_7734130_C_A_b38_C" "chr19_7735190_C_T_b38_C"
 [95] "chr19_7742596_T_A_b38_T" "chr19_7795878_T_C_b38_T"
 [97] "chr19_7796599_A_C_b38_A" "chr19_7799505_A_G_b38_A"
 [99] "chr19_7806154_G_A_b38_G" "chr19_8070286_A_G_b38_A"
[101] "chr19_8085101_T_C_b38_T" "chr19_8098903_A_C_b38_A"
[103] "chr19_8100262_C_T_b38_C" "chr19_8100275_T_C_b38_T"

=====================================
Tissue: Adipose Tissue 
=====================================
[1] TRUE
Running SuSiE.

=====================================
Tissue: Adrenal Gland 
=====================================
[1] TRUE
Running SuSiE.

=====================================
Tissue: Blood 
=====================================
[1] TRUE
Running SuSiE.

=====================================
Tissue: Blood Vessel 
=====================================
[1] TRUE
Running SuSiE.

=====================================
Tissue: Brain 
=====================================
[1] TRUE
Running SuSiE.

=====================================
Tissue: Breast 
=====================================
[1] TRUE
Running SuSiE.

=====================================
Tissue: Colon 
=====================================
[1] TRUE
Running SuSiE.

=====================================
Tissue: Esophagus 
=====================================
[1] TRUE
Running SuSiE.

=====================================
Tissue: Heart 
=====================================
[1] TRUE
Running SuSiE.

=====================================
Tissue: Kidney 
=====================================
[1] TRUE
Running SuSiE.

=====================================
Tissue: Liver 
=====================================
[1] TRUE
Running SuSiE.

=====================================
Tissue: Lung 
=====================================
[1] TRUE
Running SuSiE.

=====================================
Tissue: Muscle 
=====================================
[1] TRUE
Running SuSiE.

=====================================
Tissue: Nerve 
=====================================
[1] TRUE
Running SuSiE.

=====================================
Tissue: Ovary 
=====================================
[1] TRUE
Running SuSiE.

=====================================
Tissue: Pancreas 
=====================================
[1] TRUE
Running SuSiE.

=====================================
Tissue: Pituitary 
=====================================
[1] TRUE
Running SuSiE.

=====================================
Tissue: Prostate 
=====================================
[1] TRUE
Running SuSiE.

=====================================
Tissue: Salivary Gland 
=====================================
[1] TRUE
Running SuSiE.

=====================================
Tissue: Skin 
=====================================
[1] TRUE
Running SuSiE.

=====================================
Tissue: Small Intestine 
=====================================
[1] TRUE
Running SuSiE.

=====================================
Tissue: Spleen 
=====================================
[1] TRUE
Running SuSiE.

=====================================
Tissue: Stomach 
=====================================
[1] TRUE
Running SuSiE.

=====================================
Tissue: Testis 
=====================================
[1] TRUE
Running SuSiE.

=====================================
Tissue: Thyroid 
=====================================
[1] TRUE
Running SuSiE.

=====================================
Tissue: Uterus 
=====================================
[1] TRUE
Running SuSiE.

=====================================
Tissue: Vagina 
=====================================
[1] TRUE
Running SuSiE.
[2026-09-01 15:54:41] starting XAF1
Importing covariate data.
Importing gene expression data.
Found 27 tissues for gene XAF1 :
 [1] "Adipose Tissue"  "Adrenal Gland"   "Blood"           "Blood Vessel"   
 [5] "Brain"           "Breast"          "Colon"           "Esophagus"      
 [9] "Heart"           "Kidney"          "Liver"           "Lung"           
[13] "Muscle"          "Nerve"           "Ovary"           "Pancreas"       
[17] "Pituitary"       "Prostate"        "Salivary Gland"  "Skin"           
[21] "Small Intestine" "Spleen"          "Stomach"         "Testis"         
[25] "Thyroid"         "Uterus"          "Vagina"         
Extracting genotype data from PLINK file.
PLINK v2.0.0-a.7LM 64-bit Intel (11 Mar 2026)       cog-genomics.org/plink/2.0/
(C) 2005-2026 Shaun Purcell, Christopher Chang    GNU General Public License v3
Logging to /project2/mstephens/wdenault/susie_mix/temp_plink/plink_XAF1.log.
Options in effect:
  --bfile /project2/mstephens/gtex/GTEx_Analysis_2017-06-05_v8_WholeGenomeSeq_866Indiv
  --chr 17
  --export A
  --from-bp 6255448
  --maf 0
  --max-alleles 2
  --memory 8000
  --out /project2/mstephens/wdenault/susie_mix/temp_plink/plink_XAF1
  --rm-dup exclude-all
  --snps-only
  --threads 2
  --to-bp 7255448

Start time: Tue Sep  1 15:55:39 2026
63727 MiB RAM detected, ~23181 available; reserving 8000 MiB for main
workspace.
Using up to 2 compute threads.
866 samples (0 females, 0 males, 866 ambiguous; 866 founders) loaded from
/project2/mstephens/gtex/GTEx_Analysis_2017-06-05_v8_WholeGenomeSeq_866Indiv.fam.
67234533 variants in
/project2/mstephens/gtex/GTEx_Analysis_2017-06-05_v8_WholeGenomeSeq_866Indiv.bim;
65601655 excluded by --chr + --max-alleles + --snps-only, 1632878 remaining.
Note: No phenotype data present.
Note: Skipping --rm-dup since no duplicate IDs are present.
20461 variants remaining after main filters.
--export A pass 1/1: loading... 0%writing... 0%1%2%3%4%5%6%7%8%9%10%11%12%13%14%15%16%17%18%19%20%21%22%23%24%25%26%27%28%29%30%31%32%33%34%35%36%37%38%39%40%41%42%43%44%45%46%47%48%49%50%51%52%53%54%55%56%57%58%59%60%61%62%63%64%65%66%67%68%69%70%71%72%73%74%75%76%77%78%79%80%81%82%83%84%85%86%87%88%89%90%91%92%93%94%95%96%97%98%99% done.
--export A: /project2/mstephens/wdenault/susie_mix/temp_plink/plink_XAF1.raw
written.
End time: Tue Sep  1 15:55:45 2026
35 SNP(s) removed because HWE P < 1e-08 :
 [1] "chr17_6408077_T_C_b38_T" "chr17_6513378_C_T_b38_C"
 [3] "chr17_6520086_T_G_b38_T" "chr17_6520989_A_G_b38_A"
 [5] "chr17_6521976_A_G_b38_A" "chr17_6556961_G_A_b38_G"
 [7] "chr17_6563750_C_T_b38_C" "chr17_6563753_G_A_b38_G"
 [9] "chr17_6656145_T_C_b38_T" "chr17_6656189_G_A_b38_G"
[11] "chr17_6656279_C_T_b38_C" "chr17_6656440_G_C_b38_G"
[13] "chr17_6656866_A_G_b38_A" "chr17_6656895_C_T_b38_C"
[15] "chr17_6656902_G_C_b38_G" "chr17_6657002_T_C_b38_T"
[17] "chr17_6671796_A_G_b38_A" "chr17_6671891_G_A_b38_G"
[19] "chr17_6764031_C_T_b38_C" "chr17_6767438_G_A_b38_G"
[21] "chr17_6774246_G_A_b38_G" "chr17_6776511_A_T_b38_A"
[23] "chr17_6777209_A_T_b38_A" "chr17_6874454_G_A_b38_G"
[25] "chr17_6884287_C_T_b38_C" "chr17_6886190_G_T_b38_G"
[27] "chr17_6891849_G_A_b38_G" "chr17_6904578_T_A_b38_T"
[29] "chr17_6931422_A_G_b38_A" "chr17_6940165_A_G_b38_A"
[31] "chr17_7057775_A_G_b38_A" "chr17_7062517_T_C_b38_T"
[33] "chr17_7078660_G_A_b38_G" "chr17_7080816_T_A_b38_T"
[35] "chr17_7088123_G_A_b38_G"

=====================================
Tissue: Adipose Tissue 
=====================================
[1] TRUE
Running SuSiE.

=====================================
Tissue: Adrenal Gland 
=====================================
[1] TRUE
Running SuSiE.

=====================================
Tissue: Blood 
=====================================
[1] TRUE
Running SuSiE.

=====================================
Tissue: Blood Vessel 
=====================================
[1] TRUE
Running SuSiE.

=====================================
Tissue: Brain 
=====================================
[1] TRUE
Running SuSiE.

=====================================
Tissue: Breast 
=====================================
[1] TRUE
Running SuSiE.

=====================================
Tissue: Colon 
=====================================
[1] TRUE
Running SuSiE.

=====================================
Tissue: Esophagus 
=====================================
[1] TRUE
Running SuSiE.

=====================================
Tissue: Heart 
=====================================
[1] TRUE
Running SuSiE.

=====================================
Tissue: Kidney 
=====================================
[1] TRUE
Running SuSiE.

=====================================
Tissue: Liver 
=====================================
[1] TRUE
Running SuSiE.

=====================================
Tissue: Lung 
=====================================
[1] TRUE
Running SuSiE.

=====================================
Tissue: Muscle 
=====================================
[1] TRUE
Running SuSiE.

=====================================
Tissue: Nerve 
=====================================
[1] TRUE
Running SuSiE.

=====================================
Tissue: Ovary 
=====================================
[1] TRUE
Running SuSiE.

=====================================
Tissue: Pancreas 
=====================================
[1] TRUE
Running SuSiE.

=====================================
Tissue: Pituitary 
=====================================
[1] TRUE
Running SuSiE.

=====================================
Tissue: Prostate 
=====================================
[1] TRUE
Running SuSiE.

=====================================
Tissue: Salivary Gland 
=====================================
[1] TRUE
Running SuSiE.

=====================================
Tissue: Skin 
=====================================
[1] TRUE
Running SuSiE.

=====================================
Tissue: Small Intestine 
=====================================
[1] TRUE
Running SuSiE.

=====================================
Tissue: Spleen 
=====================================
[1] TRUE
Running SuSiE.

=====================================
Tissue: Stomach 
=====================================
[1] TRUE
Running SuSiE.

=====================================
Tissue: Testis 
=====================================
[1] TRUE
Running SuSiE.

=====================================
Tissue: Thyroid 
=====================================
[1] TRUE
Running SuSiE.

=====================================
Tissue: Uterus 
=====================================
[1] TRUE
Running SuSiE.

=====================================
Tissue: Vagina 
=====================================
[1] TRUE
Running SuSiE.
[2026-09-01 15:58:02] starting XAGE1A
Importing covariate data.
Importing gene expression data.
Found 27 tissues for gene XAGE1A :
 [1] "Adipose Tissue"  "Adrenal Gland"   "Blood"           "Blood Vessel"   
 [5] "Brain"           "Breast"          "Colon"           "Esophagus"      
 [9] "Heart"           "Kidney"          "Liver"           "Lung"           
[13] "Muscle"          "Nerve"           "Ovary"           "Pancreas"       
[17] "Pituitary"       "Prostate"        "Salivary Gland"  "Skin"           
[21] "Small Intestine" "Spleen"          "Stomach"         "Testis"         
[25] "Thyroid"         "Uterus"          "Vagina"         
Extracting genotype data from PLINK file.
PLINK v2.0.0-a.7LM 64-bit Intel (11 Mar 2026)       cog-genomics.org/plink/2.0/
(C) 2005-2026 Shaun Purcell, Christopher Chang    GNU General Public License v3
Logging to /project2/mstephens/wdenault/susie_mix/temp_plink/plink_XAGE1A.log.
Options in effect:
  --bfile /project2/mstephens/gtex/GTEx_Analysis_2017-06-05_v8_WholeGenomeSeq_866Indiv
  --chr X
  --export A
  --from-bp 51995808
  --maf 0
  --max-alleles 2
  --memory 8000
  --out /project2/mstephens/wdenault/susie_mix/temp_plink/plink_XAGE1A
  --rm-dup exclude-all
  --snps-only
  --threads 2
  --to-bp 52995808

Start time: Tue Sep  1 15:58:59 2026
63727 MiB RAM detected, ~23231 available; reserving 8000 MiB for main
workspace.
Using up to 2 compute threads.
866 samples (0 females, 0 males, 866 ambiguous; 866 founders) loaded from
/project2/mstephens/gtex/GTEx_Analysis_2017-06-05_v8_WholeGenomeSeq_866Indiv.fam.
End time: Tue Sep  1 15:59:05 2026
[2026-09-01 15:59:05] starting XAGE1B
Importing covariate data.
Importing gene expression data.
Found 27 tissues for gene XAGE1B :
 [1] "Adipose Tissue"  "Adrenal Gland"   "Blood"           "Blood Vessel"   
 [5] "Brain"           "Breast"          "Colon"           "Esophagus"      
 [9] "Heart"           "Kidney"          "Liver"           "Lung"           
[13] "Muscle"          "Nerve"           "Ovary"           "Pancreas"       
[17] "Pituitary"       "Prostate"        "Salivary Gland"  "Skin"           
[21] "Small Intestine" "Spleen"          "Stomach"         "Testis"         
[25] "Thyroid"         "Uterus"          "Vagina"         
Extracting genotype data from PLINK file.
PLINK v2.0.0-a.7LM 64-bit Intel (11 Mar 2026)       cog-genomics.org/plink/2.0/
(C) 2005-2026 Shaun Purcell, Christopher Chang    GNU General Public License v3
Logging to /project2/mstephens/wdenault/susie_mix/temp_plink/plink_XAGE1B.log.
Options in effect:
  --bfile /project2/mstephens/gtex/GTEx_Analysis_2017-06-05_v8_WholeGenomeSeq_866Indiv
  --chr X
  --export A
  --from-bp 52020803
  --maf 0
  --max-alleles 2
  --memory 8000
  --out /project2/mstephens/wdenault/susie_mix/temp_plink/plink_XAGE1B
  --rm-dup exclude-all
  --snps-only
  --threads 2
  --to-bp 53020803

Start time: Tue Sep  1 16:00:04 2026
63727 MiB RAM detected, ~23193 available; reserving 8000 MiB for main
workspace.
Using up to 2 compute threads.
866 samples (0 females, 0 males, 866 ambiguous; 866 founders) loaded from
/project2/mstephens/gtex/GTEx_Analysis_2017-06-05_v8_WholeGenomeSeq_866Indiv.fam.
End time: Tue Sep  1 16:00:10 2026
[2026-09-01 16:00:10] starting XAGE2
Importing covariate data.
Importing gene expression data.
Found 27 tissues for gene XAGE2 :
 [1] "Adipose Tissue"  "Adrenal Gland"   "Blood"           "Blood Vessel"   
 [5] "Brain"           "Breast"          "Colon"           "Esophagus"      
 [9] "Heart"           "Kidney"          "Liver"           "Lung"           
[13] "Muscle"          "Nerve"           "Ovary"           "Pancreas"       
[17] "Pituitary"       "Prostate"        "Salivary Gland"  "Skin"           
[21] "Small Intestine" "Spleen"          "Stomach"         "Testis"         
[25] "Thyroid"         "Uterus"          "Vagina"         
Extracting genotype data from PLINK file.
PLINK v2.0.0-a.7LM 64-bit Intel (11 Mar 2026)       cog-genomics.org/plink/2.0/
(C) 2005-2026 Shaun Purcell, Christopher Chang    GNU General Public License v3
Logging to /project2/mstephens/wdenault/susie_mix/temp_plink/plink_XAGE2.log.
Options in effect:
  --bfile /project2/mstephens/gtex/GTEx_Analysis_2017-06-05_v8_WholeGenomeSeq_866Indiv
  --chr X
  --export A
  --from-bp 51869021
  --maf 0
  --max-alleles 2
  --memory 8000
  --out /project2/mstephens/wdenault/susie_mix/temp_plink/plink_XAGE2
  --rm-dup exclude-all
  --snps-only
  --threads 2
  --to-bp 52869021

Start time: Tue Sep  1 16:01:07 2026
63727 MiB RAM detected, ~23224 available; reserving 8000 MiB for main
workspace.
Using up to 2 compute threads.
866 samples (0 females, 0 males, 866 ambiguous; 866 founders) loaded from
/project2/mstephens/gtex/GTEx_Analysis_2017-06-05_v8_WholeGenomeSeq_866Indiv.fam.
End time: Tue Sep  1 16:01:13 2026
[2026-09-01 16:01:13] starting XAGE3
Importing covariate data.
Importing gene expression data.
Found 27 tissues for gene XAGE3 :
 [1] "Adipose Tissue"  "Adrenal Gland"   "Blood"           "Blood Vessel"   
 [5] "Brain"           "Breast"          "Colon"           "Esophagus"      
 [9] "Heart"           "Kidney"          "Liver"           "Lung"           
[13] "Muscle"          "Nerve"           "Ovary"           "Pancreas"       
[17] "Pituitary"       "Prostate"        "Salivary Gland"  "Skin"           
[21] "Small Intestine" "Spleen"          "Stomach"         "Testis"         
[25] "Thyroid"         "Uterus"          "Vagina"         
Extracting genotype data from PLINK file.
PLINK v2.0.0-a.7LM 64-bit Intel (11 Mar 2026)       cog-genomics.org/plink/2.0/
(C) 2005-2026 Shaun Purcell, Christopher Chang    GNU General Public License v3
Logging to /project2/mstephens/wdenault/susie_mix/temp_plink/plink_XAGE3.log.
Options in effect:
  --bfile /project2/mstephens/gtex/GTEx_Analysis_2017-06-05_v8_WholeGenomeSeq_866Indiv
  --chr X
  --export A
  --from-bp 52368083
  --maf 0
  --max-alleles 2
  --memory 8000
  --out /project2/mstephens/wdenault/susie_mix/temp_plink/plink_XAGE3
  --rm-dup exclude-all
  --snps-only
  --threads 2
  --to-bp 53368083

Start time: Tue Sep  1 16:02:11 2026
63727 MiB RAM detected, ~23226 available; reserving 8000 MiB for main
workspace.
Using up to 2 compute threads.
866 samples (0 females, 0 males, 866 ambiguous; 866 founders) loaded from
/project2/mstephens/gtex/GTEx_Analysis_2017-06-05_v8_WholeGenomeSeq_866Indiv.fam.
End time: Tue Sep  1 16:02:17 2026
[2026-09-01 16:02:17] starting XAGE5
Importing covariate data.
Importing gene expression data.
Found 27 tissues for gene XAGE5 :
 [1] "Adipose Tissue"  "Adrenal Gland"   "Blood"           "Blood Vessel"   
 [5] "Brain"           "Breast"          "Colon"           "Esophagus"      
 [9] "Heart"           "Kidney"          "Liver"           "Lung"           
[13] "Muscle"          "Nerve"           "Ovary"           "Pancreas"       
[17] "Pituitary"       "Prostate"        "Salivary Gland"  "Skin"           
[21] "Small Intestine" "Spleen"          "Stomach"         "Testis"         
[25] "Thyroid"         "Uterus"          "Vagina"         
Extracting genotype data from PLINK file.
PLINK v2.0.0-a.7LM 64-bit Intel (11 Mar 2026)       cog-genomics.org/plink/2.0/
(C) 2005-2026 Shaun Purcell, Christopher Chang    GNU General Public License v3
Logging to /project2/mstephens/wdenault/susie_mix/temp_plink/plink_XAGE5.log.
Options in effect:
  --bfile /project2/mstephens/gtex/GTEx_Analysis_2017-06-05_v8_WholeGenomeSeq_866Indiv
  --chr X
  --export A
  --from-bp 52312204
  --maf 0
  --max-alleles 2
  --memory 8000
  --out /project2/mstephens/wdenault/susie_mix/temp_plink/plink_XAGE5
  --rm-dup exclude-all
  --snps-only
  --threads 2
  --to-bp 53312204

Start time: Tue Sep  1 16:03:19 2026
63727 MiB RAM detected, ~26955 available; reserving 8000 MiB for main
workspace.
Using up to 2 compute threads.
866 samples (0 females, 0 males, 866 ambiguous; 866 founders) loaded from
/project2/mstephens/gtex/GTEx_Analysis_2017-06-05_v8_WholeGenomeSeq_866Indiv.fam.
End time: Tue Sep  1 16:03:25 2026
[2026-09-01 16:03:25] starting XBP1
Importing covariate data.
Importing gene expression data.
Found 27 tissues for gene XBP1 :
 [1] "Adipose Tissue"  "Adrenal Gland"   "Blood"           "Blood Vessel"   
 [5] "Brain"           "Breast"          "Colon"           "Esophagus"      
 [9] "Heart"           "Kidney"          "Liver"           "Lung"           
[13] "Muscle"          "Nerve"           "Ovary"           "Pancreas"       
[17] "Pituitary"       "Prostate"        "Salivary Gland"  "Skin"           
[21] "Small Intestine" "Spleen"          "Stomach"         "Testis"         
[25] "Thyroid"         "Uterus"          "Vagina"         
Extracting genotype data from PLINK file.
PLINK v2.0.0-a.7LM 64-bit Intel (11 Mar 2026)       cog-genomics.org/plink/2.0/
(C) 2005-2026 Shaun Purcell, Christopher Chang    GNU General Public License v3
Logging to /project2/mstephens/wdenault/susie_mix/temp_plink/plink_XBP1.log.
Options in effect:
  --bfile /project2/mstephens/gtex/GTEx_Analysis_2017-06-05_v8_WholeGenomeSeq_866Indiv
  --chr 22
  --export A
  --from-bp 28300597
  --maf 0
  --max-alleles 2
  --memory 8000
  --out /project2/mstephens/wdenault/susie_mix/temp_plink/plink_XBP1
  --rm-dup exclude-all
  --snps-only
  --threads 2
  --to-bp 29300597

Start time: Tue Sep  1 16:04:25 2026
63727 MiB RAM detected, ~23195 available; reserving 8000 MiB for main
workspace.
Using up to 2 compute threads.
866 samples (0 females, 0 males, 866 ambiguous; 866 founders) loaded from
/project2/mstephens/gtex/GTEx_Analysis_2017-06-05_v8_WholeGenomeSeq_866Indiv.fam.
67234533 variants in
/project2/mstephens/gtex/GTEx_Analysis_2017-06-05_v8_WholeGenomeSeq_866Indiv.bim;
66348568 excluded by --chr + --max-alleles + --snps-only, 885965 remaining.
Note: No phenotype data present.
Note: Skipping --rm-dup since no duplicate IDs are present.
17377 variants remaining after main filters.
--export A pass 1/1: loading... 0%writing... 0%1%2%3%4%5%6%7%8%9%10%11%12%13%14%15%16%17%18%19%20%21%22%23%24%25%26%27%28%29%30%31%32%33%34%35%36%37%38%39%40%41%42%43%44%45%46%47%48%49%50%51%52%53%54%55%56%57%58%59%60%61%62%63%64%65%66%67%68%69%70%71%72%73%74%75%76%77%78%79%80%81%82%83%84%85%86%87%88%89%90%91%92%93%94%95%96%97%98%99% done.
--export A: /project2/mstephens/wdenault/susie_mix/temp_plink/plink_XBP1.raw
written.
End time: Tue Sep  1 16:04:31 2026
40 SNP(s) removed because HWE P < 1e-08 :
 [1] "chr22_28683228_C_T_b38_C" "chr22_28683229_G_A_b38_G"
 [3] "chr22_28683244_T_C_b38_T" "chr22_28683266_G_C_b38_G"
 [5] "chr22_28683415_C_T_b38_C" "chr22_28683501_T_C_b38_T"
 [7] "chr22_28683600_A_G_b38_A" "chr22_28683616_T_C_b38_T"
 [9] "chr22_28683637_A_G_b38_A" "chr22_28683733_A_C_b38_A"
[11] "chr22_28683736_A_G_b38_A" "chr22_28683749_C_T_b38_C"
[13] "chr22_28683786_T_C_b38_T" "chr22_28683792_C_A_b38_C"
[15] "chr22_28684427_G_A_b38_G" "chr22_28684448_T_G_b38_T"
[17] "chr22_28684468_G_A_b38_G" "chr22_28684562_G_T_b38_G"
[19] "chr22_28684570_A_G_b38_A" "chr22_28684591_G_A_b38_G"
[21] "chr22_28684595_T_G_b38_T" "chr22_28684676_C_A_b38_C"
[23] "chr22_28684679_A_G_b38_A" "chr22_28684705_A_G_b38_A"
[25] "chr22_28684813_A_G_b38_A" "chr22_28684899_G_A_b38_G"
[27] "chr22_28684915_G_A_b38_G" "chr22_28685000_T_A_b38_T"
[29] "chr22_28685076_G_A_b38_G" "chr22_28688372_T_C_b38_T"
[31] "chr22_28688429_A_G_b38_A" "chr22_28688498_A_T_b38_A"
[33] "chr22_28688513_T_A_b38_T" "chr22_28690770_G_A_b38_G"
[35] "chr22_28691008_G_A_b38_G" "chr22_28691460_A_G_b38_A"
[37] "chr22_28970430_A_G_b38_A" "chr22_29125486_A_C_b38_A"
[39] "chr22_29125490_T_C_b38_T" "chr22_29158542_A_G_b38_A"

=====================================
Tissue: Adipose Tissue 
=====================================
[1] TRUE
Running SuSiE.

=====================================
Tissue: Adrenal Gland 
=====================================
[1] TRUE
Running SuSiE.

=====================================
Tissue: Blood 
=====================================
[1] TRUE
Running SuSiE.

=====================================
Tissue: Blood Vessel 
=====================================
[1] TRUE
Running SuSiE.

=====================================
Tissue: Brain 
=====================================
[1] TRUE
Running SuSiE.

=====================================
Tissue: Breast 
=====================================
[1] TRUE
Running SuSiE.

=====================================
Tissue: Colon 
=====================================
[1] TRUE
Running SuSiE.

=====================================
Tissue: Esophagus 
=====================================
[1] TRUE
Running SuSiE.

=====================================
Tissue: Heart 
=====================================
[1] TRUE
Running SuSiE.

=====================================
Tissue: Kidney 
=====================================
[1] TRUE
Running SuSiE.

=====================================
Tissue: Liver 
=====================================
[1] TRUE
Running SuSiE.

=====================================
Tissue: Lung 
=====================================
[1] TRUE
Running SuSiE.

=====================================
Tissue: Muscle 
=====================================
[1] TRUE
Running SuSiE.

=====================================
Tissue: Nerve 
=====================================
[1] TRUE
Running SuSiE.

=====================================
Tissue: Ovary 
=====================================
[1] TRUE
Running SuSiE.

=====================================
Tissue: Pancreas 
=====================================
[1] TRUE
Running SuSiE.

=====================================
Tissue: Pituitary 
=====================================
[1] TRUE
Running SuSiE.

=====================================
Tissue: Prostate 
=====================================
[1] TRUE
Running SuSiE.

=====================================
Tissue: Salivary Gland 
=====================================
[1] TRUE
Running SuSiE.

=====================================
Tissue: Skin 
=====================================
[1] TRUE
Running SuSiE.

=====================================
Tissue: Small Intestine 
=====================================
[1] TRUE
Running SuSiE.

=====================================
Tissue: Spleen 
=====================================
[1] TRUE
Running SuSiE.

=====================================
Tissue: Stomach 
=====================================
[1] TRUE
Running SuSiE.

=====================================
Tissue: Testis 
=====================================
[1] TRUE
Running SuSiE.

=====================================
Tissue: Thyroid 
=====================================
[1] TRUE
Running SuSiE.

=====================================
Tissue: Uterus 
=====================================
[1] TRUE
Running SuSiE.

=====================================
Tissue: Vagina 
=====================================
[1] TRUE
Running SuSiE.
[2026-09-01 16:05:44] starting XCL1
Importing covariate data.
Importing gene expression data.
Found 27 tissues for gene XCL1 :
 [1] "Adipose Tissue"  "Adrenal Gland"   "Blood"           "Blood Vessel"   
 [5] "Brain"           "Breast"          "Colon"           "Esophagus"      
 [9] "Heart"           "Kidney"          "Liver"           "Lung"           
[13] "Muscle"          "Nerve"           "Ovary"           "Pancreas"       
[17] "Pituitary"       "Prostate"        "Salivary Gland"  "Skin"           
[21] "Small Intestine" "Spleen"          "Stomach"         "Testis"         
[25] "Thyroid"         "Uterus"          "Vagina"         
Extracting genotype data from PLINK file.
PLINK v2.0.0-a.7LM 64-bit Intel (11 Mar 2026)       cog-genomics.org/plink/2.0/
(C) 2005-2026 Shaun Purcell, Christopher Chang    GNU General Public License v3
Logging to /project2/mstephens/wdenault/susie_mix/temp_plink/plink_XCL1.log.
Options in effect:
  --bfile /project2/mstephens/gtex/GTEx_Analysis_2017-06-05_v8_WholeGenomeSeq_866Indiv
  --chr 1
  --export A
  --from-bp 168076605
  --maf 0
  --max-alleles 2
  --memory 8000
  --out /project2/mstephens/wdenault/susie_mix/temp_plink/plink_XCL1
  --rm-dup exclude-all
  --snps-only
  --threads 2
  --to-bp 169076605

Start time: Tue Sep  1 16:06:41 2026
63727 MiB RAM detected, ~26932 available; reserving 8000 MiB for main
workspace.
Using up to 2 compute threads.
866 samples (0 females, 0 males, 866 ambiguous; 866 founders) loaded from
/project2/mstephens/gtex/GTEx_Analysis_2017-06-05_v8_WholeGenomeSeq_866Indiv.fam.
67234533 variants in
/project2/mstephens/gtex/GTEx_Analysis_2017-06-05_v8_WholeGenomeSeq_866Indiv.bim;
62424502 excluded by --chr + --max-alleles + --snps-only, 4810031 remaining.
Note: No phenotype data present.
Note: Skipping --rm-dup since no duplicate IDs are present.
19182 variants remaining after main filters.
--export A pass 1/1: loading... 0%writing... 0%1%2%3%4%5%6%7%8%9%10%11%12%13%14%15%16%17%18%19%20%21%22%23%24%25%26%27%28%29%30%31%32%33%34%35%36%37%38%39%40%41%42%43%44%45%46%47%48%49%50%51%52%53%54%55%56%57%58%59%60%61%62%63%64%65%66%67%68%69%70%71%72%73%74%75%76%77%78%79%80%81%82%83%84%85%86%87%88%89%90%91%92%93%94%95%96%97%98%99% done.
--export A: /project2/mstephens/wdenault/susie_mix/temp_plink/plink_XCL1.raw
written.
End time: Tue Sep  1 16:06:47 2026
18 SNP(s) removed because HWE P < 1e-08 :
 [1] "chr1_168217140_C_T_b38_C" "chr1_168349014_C_T_b38_C"
 [3] "chr1_168349308_A_G_b38_A" "chr1_168349313_A_G_b38_A"
 [5] "chr1_168430390_C_G_b38_C" "chr1_168433005_G_A_b38_G"
 [7] "chr1_168433231_T_C_b38_T" "chr1_168433586_T_G_b38_T"
 [9] "chr1_168433625_T_A_b38_T" "chr1_168434444_G_C_b38_G"
[11] "chr1_168435535_A_G_b38_A" "chr1_168435871_A_G_b38_A"
[13] "chr1_168435968_T_C_b38_T" "chr1_168435997_A_C_b38_A"
[15] "chr1_168437223_C_T_b38_C" "chr1_168579278_C_T_b38_C"
[17] "chr1_168614559_A_C_b38_A" "chr1_168646405_C_G_b38_C"

=====================================
Tissue: Adipose Tissue 
=====================================
[1] TRUE
Running SuSiE.

=====================================
Tissue: Adrenal Gland 
=====================================
[1] TRUE
Running SuSiE.

=====================================
Tissue: Blood 
=====================================
[1] TRUE
Running SuSiE.

=====================================
Tissue: Blood Vessel 
=====================================
[1] TRUE
Running SuSiE.

=====================================
Tissue: Brain 
=====================================
[1] TRUE
Running SuSiE.

=====================================
Tissue: Breast 
=====================================
[1] TRUE
Running SuSiE.

=====================================
Tissue: Colon 
=====================================
[1] TRUE
Running SuSiE.

=====================================
Tissue: Esophagus 
=====================================
[1] TRUE
Running SuSiE.

=====================================
Tissue: Heart 
=====================================
[1] TRUE
Running SuSiE.

=====================================
Tissue: Kidney 
=====================================
[1] TRUE
Running SuSiE.

=====================================
Tissue: Liver 
=====================================
[1] TRUE
Running SuSiE.

=====================================
Tissue: Lung 
=====================================
[1] TRUE
Running SuSiE.

=====================================
Tissue: Muscle 
=====================================
[1] TRUE
Running SuSiE.

=====================================
Tissue: Nerve 
=====================================
[1] TRUE
Running SuSiE.

=====================================
Tissue: Ovary 
=====================================
[1] TRUE
Running SuSiE.

=====================================
Tissue: Pancreas 
=====================================
[1] TRUE
Running SuSiE.

=====================================
Tissue: Pituitary 
=====================================
[1] TRUE
Running SuSiE.

=====================================
Tissue: Prostate 
=====================================
[1] TRUE
Running SuSiE.

=====================================
Tissue: Salivary Gland 
=====================================
[1] TRUE
Running SuSiE.

=====================================
Tissue: Skin 
=====================================
[1] TRUE
Running SuSiE.

=====================================
Tissue: Small Intestine 
=====================================
[1] TRUE
Running SuSiE.

=====================================
Tissue: Spleen 
=====================================
[1] TRUE
Running SuSiE.

=====================================
Tissue: Stomach 
=====================================
[1] TRUE
Running SuSiE.

=====================================
Tissue: Testis 
=====================================
[1] TRUE
Running SuSiE.

=====================================
Tissue: Thyroid 
=====================================
[1] TRUE
Running SuSiE.

=====================================
Tissue: Uterus 
=====================================
[1] TRUE
Running SuSiE.

=====================================
Tissue: Vagina 
=====================================
[1] TRUE
Running SuSiE.
[2026-09-01 16:08:46] starting XCL2
Importing covariate data.
Importing gene expression data.
Found 27 tissues for gene XCL2 :
 [1] "Adipose Tissue"  "Adrenal Gland"   "Blood"           "Blood Vessel"   
 [5] "Brain"           "Breast"          "Colon"           "Esophagus"      
 [9] "Heart"           "Kidney"          "Liver"           "Lung"           
[13] "Muscle"          "Nerve"           "Ovary"           "Pancreas"       
[17] "Pituitary"       "Prostate"        "Salivary Gland"  "Skin"           
[21] "Small Intestine" "Spleen"          "Stomach"         "Testis"         
[25] "Thyroid"         "Uterus"          "Vagina"         
Extracting genotype data from PLINK file.
PLINK v2.0.0-a.7LM 64-bit Intel (11 Mar 2026)       cog-genomics.org/plink/2.0/
(C) 2005-2026 Shaun Purcell, Christopher Chang    GNU General Public License v3
Logging to /project2/mstephens/wdenault/susie_mix/temp_plink/plink_XCL2.log.
Options in effect:
  --bfile /project2/mstephens/gtex/GTEx_Analysis_2017-06-05_v8_WholeGenomeSeq_866Indiv
  --chr 1
  --export A
  --from-bp 168043997
  --maf 0
  --max-alleles 2
  --memory 8000
  --out /project2/mstephens/wdenault/susie_mix/temp_plink/plink_XCL2
  --rm-dup exclude-all
  --snps-only
  --threads 2
  --to-bp 169043997

Start time: Tue Sep  1 16:09:44 2026
63727 MiB RAM detected, ~26903 available; reserving 8000 MiB for main
workspace.
Using up to 2 compute threads.
866 samples (0 females, 0 males, 866 ambiguous; 866 founders) loaded from
/project2/mstephens/gtex/GTEx_Analysis_2017-06-05_v8_WholeGenomeSeq_866Indiv.fam.
67234533 variants in
/project2/mstephens/gtex/GTEx_Analysis_2017-06-05_v8_WholeGenomeSeq_866Indiv.bim;
62424502 excluded by --chr + --max-alleles + --snps-only, 4810031 remaining.
Note: No phenotype data present.
Note: Skipping --rm-dup since no duplicate IDs are present.
19097 variants remaining after main filters.
--export A pass 1/1: loading... 0%writing... 0%1%2%3%4%5%6%7%8%9%10%11%12%13%14%15%16%17%18%19%20%21%22%23%24%25%26%27%28%29%30%31%32%33%34%35%36%37%38%39%40%41%42%43%44%45%46%47%48%49%50%51%52%53%54%55%56%57%58%59%60%61%62%63%64%65%66%67%68%69%70%71%72%73%74%75%76%77%78%79%80%81%82%83%84%85%86%87%88%89%90%91%92%93%94%95%96%97%98%99% done.
--export A: /project2/mstephens/wdenault/susie_mix/temp_plink/plink_XCL2.raw
written.
End time: Tue Sep  1 16:09:50 2026
27 SNP(s) removed because HWE P < 1e-08 :
 [1] "chr1_168045294_T_G_b38_T" "chr1_168045295_G_T_b38_G"
 [3] "chr1_168056007_T_C_b38_T" "chr1_168056024_A_G_b38_A"
 [5] "chr1_168056162_G_C_b38_G" "chr1_168056171_A_G_b38_A"
 [7] "chr1_168056204_A_G_b38_A" "chr1_168056300_T_C_b38_T"
 [9] "chr1_168056339_C_T_b38_C" "chr1_168217140_C_T_b38_C"
[11] "chr1_168349014_C_T_b38_C" "chr1_168349308_A_G_b38_A"
[13] "chr1_168349313_A_G_b38_A" "chr1_168430390_C_G_b38_C"
[15] "chr1_168433005_G_A_b38_G" "chr1_168433231_T_C_b38_T"
[17] "chr1_168433586_T_G_b38_T" "chr1_168433625_T_A_b38_T"
[19] "chr1_168434444_G_C_b38_G" "chr1_168435535_A_G_b38_A"
[21] "chr1_168435871_A_G_b38_A" "chr1_168435968_T_C_b38_T"
[23] "chr1_168435997_A_C_b38_A" "chr1_168437223_C_T_b38_C"
[25] "chr1_168579278_C_T_b38_C" "chr1_168614559_A_C_b38_A"
[27] "chr1_168646405_C_G_b38_C"

=====================================
Tissue: Adipose Tissue 
=====================================
[1] TRUE
Running SuSiE.

=====================================
Tissue: Adrenal Gland 
=====================================
[1] TRUE
Running SuSiE.

=====================================
Tissue: Blood 
=====================================
[1] TRUE
Running SuSiE.

=====================================
Tissue: Blood Vessel 
=====================================
[1] TRUE
Running SuSiE.

=====================================
Tissue: Brain 
=====================================
[1] TRUE
Running SuSiE.

=====================================
Tissue: Breast 
=====================================
[1] TRUE
Running SuSiE.

=====================================
Tissue: Colon 
=====================================
[1] TRUE
Running SuSiE.

=====================================
Tissue: Esophagus 
=====================================
[1] TRUE
Running SuSiE.

=====================================
Tissue: Heart 
=====================================
[1] TRUE
Running SuSiE.

=====================================
Tissue: Kidney 
=====================================
[1] TRUE
Running SuSiE.

=====================================
Tissue: Liver 
=====================================
[1] TRUE
Running SuSiE.

=====================================
Tissue: Lung 
=====================================
[1] TRUE
Running SuSiE.

=====================================
Tissue: Muscle 
=====================================
[1] TRUE
Running SuSiE.

=====================================
Tissue: Nerve 
=====================================
[1] TRUE
Running SuSiE.

=====================================
Tissue: Ovary 
=====================================
[1] TRUE
Running SuSiE.

=====================================
Tissue: Pancreas 
=====================================
[1] TRUE
Running SuSiE.

=====================================
Tissue: Pituitary 
=====================================
[1] TRUE
Running SuSiE.

=====================================
Tissue: Prostate 
=====================================
[1] TRUE
Running SuSiE.

=====================================
Tissue: Salivary Gland 
=====================================
[1] TRUE
Running SuSiE.

=====================================
Tissue: Skin 
=====================================
[1] TRUE
Running SuSiE.

=====================================
Tissue: Small Intestine 
=====================================
[1] TRUE
Running SuSiE.

=====================================
Tissue: Spleen 
=====================================
[1] TRUE
Running SuSiE.

=====================================
Tissue: Stomach 
=====================================
[1] TRUE
Running SuSiE.

=====================================
Tissue: Testis 
=====================================
[1] TRUE
Running SuSiE.

=====================================
Tissue: Thyroid 
=====================================
[1] TRUE
Running SuSiE.

=====================================
Tissue: Uterus 
=====================================
[1] TRUE
Running SuSiE.

=====================================
Tissue: Vagina 
=====================================
[1] TRUE
Running SuSiE.
[2026-09-01 16:11:51] starting XCR1
Importing covariate data.
Importing gene expression data.
Found 27 tissues for gene XCR1 :
 [1] "Adipose Tissue"  "Adrenal Gland"   "Blood"           "Blood Vessel"   
 [5] "Brain"           "Breast"          "Colon"           "Esophagus"      
 [9] "Heart"           "Kidney"          "Liver"           "Lung"           
[13] "Muscle"          "Nerve"           "Ovary"           "Pancreas"       
[17] "Pituitary"       "Prostate"        "Salivary Gland"  "Skin"           
[21] "Small Intestine" "Spleen"          "Stomach"         "Testis"         
[25] "Thyroid"         "Uterus"          "Vagina"         
Extracting genotype data from PLINK file.
PLINK v2.0.0-a.7LM 64-bit Intel (11 Mar 2026)       cog-genomics.org/plink/2.0/
(C) 2005-2026 Shaun Purcell, Christopher Chang    GNU General Public License v3
Logging to /project2/mstephens/wdenault/susie_mix/temp_plink/plink_XCR1.log.
Options in effect:
  --bfile /project2/mstephens/gtex/GTEx_Analysis_2017-06-05_v8_WholeGenomeSeq_866Indiv
  --chr 3
  --export A
  --from-bp 45527487
  --maf 0
  --max-alleles 2
  --memory 8000
  --out /project2/mstephens/wdenault/susie_mix/temp_plink/plink_XCR1
  --rm-dup exclude-all
  --snps-only
  --threads 2
  --to-bp 46527487

Start time: Tue Sep  1 16:12:48 2026
63727 MiB RAM detected, ~26938 available; reserving 8000 MiB for main
workspace.
Using up to 2 compute threads.
866 samples (0 females, 0 males, 866 ambiguous; 866 founders) loaded from
/project2/mstephens/gtex/GTEx_Analysis_2017-06-05_v8_WholeGenomeSeq_866Indiv.fam.
67234533 variants in
/project2/mstephens/gtex/GTEx_Analysis_2017-06-05_v8_WholeGenomeSeq_866Indiv.bim;
63427992 excluded by --chr + --max-alleles + --snps-only, 3806541 remaining.
Note: No phenotype data present.
Note: Skipping --rm-dup since no duplicate IDs are present.
16689 variants remaining after main filters.
--export A pass 1/1: loading... 0%9%writing... 0%1%2%3%4%5%6%7%8%9%10%11%12%13%14%15%16%17%18%19%20%21%22%23%24%25%26%27%28%29%30%31%32%33%34%35%36%37%38%39%40%41%42%43%44%45%46%47%48%49%50%51%52%53%54%55%56%57%58%59%60%61%62%63%64%65%66%67%68%69%70%71%72%73%74%75%76%77%78%79%80%81%82%83%84%85%86%87%88%89%90%91%92%93%94%95%96%97%98%99% done.
--export A: /project2/mstephens/wdenault/susie_mix/temp_plink/plink_XCR1.raw
written.
End time: Tue Sep  1 16:12:53 2026
31 SNP(s) removed because HWE P < 1e-08 :
 [1] "chr3_45530298_G_A_b38_G" "chr3_45535770_C_A_b38_C"
 [3] "chr3_45537042_G_A_b38_G" "chr3_45537183_A_G_b38_A"
 [5] "chr3_45544187_G_A_b38_G" "chr3_45545062_T_A_b38_T"
 [7] "chr3_45547919_A_G_b38_A" "chr3_45549982_A_G_b38_A"
 [9] "chr3_45677573_A_G_b38_A" "chr3_45872029_C_T_b38_C"
[11] "chr3_45877178_C_T_b38_C" "chr3_45884389_G_C_b38_G"
[13] "chr3_45886646_G_A_b38_G" "chr3_45893435_G_A_b38_G"
[15] "chr3_45894830_C_A_b38_C" "chr3_45898432_T_G_b38_T"
[17] "chr3_45907748_C_T_b38_C" "chr3_45978230_T_G_b38_T"
[19] "chr3_45987689_G_A_b38_G" "chr3_45992594_G_A_b38_G"
[21] "chr3_45994772_T_G_b38_T" "chr3_46015732_A_C_b38_A"
[23] "chr3_46015738_G_C_b38_G" "chr3_46066221_G_T_b38_G"
[25] "chr3_46066358_C_T_b38_C" "chr3_46095697_T_C_b38_T"
[27] "chr3_46098510_A_G_b38_A" "chr3_46099996_C_A_b38_C"
[29] "chr3_46204736_C_T_b38_C" "chr3_46424823_G_A_b38_G"
[31] "chr3_46425499_A_G_b38_A"

=====================================
Tissue: Adipose Tissue 
=====================================
[1] TRUE
Running SuSiE.

=====================================
Tissue: Adrenal Gland 
=====================================
[1] TRUE
Running SuSiE.

=====================================
Tissue: Blood 
=====================================
[1] TRUE
Running SuSiE.

=====================================
Tissue: Blood Vessel 
=====================================
[1] TRUE
Running SuSiE.

=====================================
Tissue: Brain 
=====================================
[1] TRUE
Running SuSiE.

=====================================
Tissue: Breast 
=====================================
[1] TRUE
Running SuSiE.

=====================================
Tissue: Colon 
=====================================
[1] TRUE
Running SuSiE.

=====================================
Tissue: Esophagus 
=====================================
[1] TRUE
Running SuSiE.

=====================================
Tissue: Heart 
=====================================
[1] TRUE
Running SuSiE.

=====================================
Tissue: Kidney 
=====================================
[1] TRUE
Running SuSiE.

=====================================
Tissue: Liver 
=====================================
[1] TRUE
Running SuSiE.

=====================================
Tissue: Lung 
=====================================
[1] TRUE
Running SuSiE.

=====================================
Tissue: Muscle 
=====================================
[1] TRUE
Running SuSiE.

=====================================
Tissue: Nerve 
=====================================
[1] TRUE
Running SuSiE.

=====================================
Tissue: Ovary 
=====================================
[1] TRUE
Running SuSiE.

=====================================
Tissue: Pancreas 
=====================================
[1] TRUE
Running SuSiE.

=====================================
Tissue: Pituitary 
=====================================
[1] TRUE
Running SuSiE.

=====================================
Tissue: Prostate 
=====================================
[1] TRUE
Running SuSiE.

=====================================
Tissue: Salivary Gland 
=====================================
[1] TRUE
Running SuSiE.

=====================================
Tissue: Skin 
=====================================
[1] TRUE
Running SuSiE.

=====================================
Tissue: Small Intestine 
=====================================
[1] TRUE
Running SuSiE.

=====================================
Tissue: Spleen 
=====================================
[1] TRUE
Running SuSiE.

=====================================
Tissue: Stomach 
=====================================
[1] TRUE
Running SuSiE.

=====================================
Tissue: Testis 
=====================================
[1] TRUE
Running SuSiE.

=====================================
Tissue: Thyroid 
=====================================
[1] TRUE
Running SuSiE.

=====================================
Tissue: Uterus 
=====================================
[1] TRUE
Running SuSiE.

=====================================
Tissue: Vagina 
=====================================
[1] TRUE
Running SuSiE.
[2026-09-01 16:15:05] starting XDH
Importing covariate data.
Importing gene expression data.
Found 27 tissues for gene XDH :
 [1] "Adipose Tissue"  "Adrenal Gland"   "Blood"           "Blood Vessel"   
 [5] "Brain"           "Breast"          "Colon"           "Esophagus"      
 [9] "Heart"           "Kidney"          "Liver"           "Lung"           
[13] "Muscle"          "Nerve"           "Ovary"           "Pancreas"       
[17] "Pituitary"       "Prostate"        "Salivary Gland"  "Skin"           
[21] "Small Intestine" "Spleen"          "Stomach"         "Testis"         
[25] "Thyroid"         "Uterus"          "Vagina"         
Extracting genotype data from PLINK file.
PLINK v2.0.0-a.7LM 64-bit Intel (11 Mar 2026)       cog-genomics.org/plink/2.0/
(C) 2005-2026 Shaun Purcell, Christopher Chang    GNU General Public License v3
Logging to /project2/mstephens/wdenault/susie_mix/temp_plink/plink_XDH.log.
Options in effect:
  --bfile /project2/mstephens/gtex/GTEx_Analysis_2017-06-05_v8_WholeGenomeSeq_866Indiv
  --chr 2
  --export A
  --from-bp 30914742
  --maf 0
  --max-alleles 2
  --memory 8000
  --out /project2/mstephens/wdenault/susie_mix/temp_plink/plink_XDH
  --rm-dup exclude-all
  --snps-only
  --threads 2
  --to-bp 31914742

Start time: Tue Sep  1 16:16:02 2026
63727 MiB RAM detected, ~26937 available; reserving 8000 MiB for main
workspace.
Using up to 2 compute threads.
866 samples (0 females, 0 males, 866 ambiguous; 866 founders) loaded from
/project2/mstephens/gtex/GTEx_Analysis_2017-06-05_v8_WholeGenomeSeq_866Indiv.fam.
67234533 variants in
/project2/mstephens/gtex/GTEx_Analysis_2017-06-05_v8_WholeGenomeSeq_866Indiv.bim;
62634692 excluded by --chr + --max-alleles + --snps-only, 4599841 remaining.
Note: No phenotype data present.
Note: Skipping --rm-dup since no duplicate IDs are present.
18686 variants remaining after main filters.
--export A pass 1/1: loading... 0%58% writing... 0%1%2%3%4%5%6%7%8%9%10%11%12%13%14%15%16%17%18%19%20%21%22%23%24%25%26%27%28%29%30%31%32%33%34%35%36%37%38%39%40%41%42%43%44%45%46%47%48%49%50%51%52%53%54%55%56%57%58%59%60%61%62%63%64%65%66%67%68%69%70%71%72%73%74%75%76%77%78%79%80%81%82%83%84%85%86%87%88%89%90%91%92%93%94%95%96%97%98%99% done.
--export A: /project2/mstephens/wdenault/susie_mix/temp_plink/plink_XDH.raw
written.
End time: Tue Sep  1 16:16:08 2026
2 SNP(s) removed because HWE P < 1e-08 :
[1] "chr2_30978579_C_T_b38_C" "chr2_31231091_C_T_b38_C"

=====================================
Tissue: Adipose Tissue 
=====================================
[1] TRUE
Running SuSiE.

=====================================
Tissue: Adrenal Gland 
=====================================
[1] TRUE
Running SuSiE.

=====================================
Tissue: Blood 
=====================================
[1] TRUE
Running SuSiE.

=====================================
Tissue: Blood Vessel 
=====================================
[1] TRUE
Running SuSiE.

=====================================
Tissue: Brain 
=====================================
[1] TRUE
Running SuSiE.

=====================================
Tissue: Breast 
=====================================
[1] TRUE
Running SuSiE.

=====================================
Tissue: Colon 
=====================================
[1] TRUE
Running SuSiE.

=====================================
Tissue: Esophagus 
=====================================
[1] TRUE
Running SuSiE.

=====================================
Tissue: Heart 
=====================================
[1] TRUE
Running SuSiE.

=====================================
Tissue: Kidney 
=====================================
[1] TRUE
Running SuSiE.

=====================================
Tissue: Liver 
=====================================
[1] TRUE
Running SuSiE.

=====================================
Tissue: Lung 
=====================================
[1] TRUE
Running SuSiE.

=====================================
Tissue: Muscle 
=====================================
[1] TRUE
Running SuSiE.

=====================================
Tissue: Nerve 
=====================================
[1] TRUE
Running SuSiE.

=====================================
Tissue: Ovary 
=====================================
[1] TRUE
Running SuSiE.

=====================================
Tissue: Pancreas 
=====================================
[1] TRUE
Running SuSiE.

=====================================
Tissue: Pituitary 
=====================================
[1] TRUE
Running SuSiE.

=====================================
Tissue: Prostate 
=====================================
[1] TRUE
Running SuSiE.

=====================================
Tissue: Salivary Gland 
=====================================
[1] TRUE
Running SuSiE.

=====================================
Tissue: Skin 
=====================================
[1] TRUE
Running SuSiE.

=====================================
Tissue: Small Intestine 
=====================================
[1] TRUE
Running SuSiE.

=====================================
Tissue: Spleen 
=====================================
[1] TRUE
Running SuSiE.

=====================================
Tissue: Stomach 
=====================================
[1] TRUE
Running SuSiE.

=====================================
Tissue: Testis 
=====================================
[1] TRUE
Running SuSiE.

=====================================
Tissue: Thyroid 
=====================================
[1] TRUE
Running SuSiE.

=====================================
Tissue: Uterus 
=====================================
[1] TRUE
Running SuSiE.

=====================================
Tissue: Vagina 
=====================================
[1] TRUE
Running SuSiE.
[2026-09-01 16:17:51] starting XG
Importing covariate data.
Importing gene expression data.
Found 27 tissues for gene XG :
 [1] "Adipose Tissue"  "Adrenal Gland"   "Blood"           "Blood Vessel"   
 [5] "Brain"           "Breast"          "Colon"           "Esophagus"      
 [9] "Heart"           "Kidney"          "Liver"           "Lung"           
[13] "Muscle"          "Nerve"           "Ovary"           "Pancreas"       
[17] "Pituitary"       "Prostate"        "Salivary Gland"  "Skin"           
[21] "Small Intestine" "Spleen"          "Stomach"         "Testis"         
[25] "Thyroid"         "Uterus"          "Vagina"         
Extracting genotype data from PLINK file.
PLINK v2.0.0-a.7LM 64-bit Intel (11 Mar 2026)       cog-genomics.org/plink/2.0/
(C) 2005-2026 Shaun Purcell, Christopher Chang    GNU General Public License v3
Logging to /project2/mstephens/wdenault/susie_mix/temp_plink/plink_XG.log.
Options in effect:
  --bfile /project2/mstephens/gtex/GTEx_Analysis_2017-06-05_v8_WholeGenomeSeq_866Indiv
  --chr X
  --export A
  --from-bp 2252040
  --maf 0
  --max-alleles 2
  --memory 8000
  --out /project2/mstephens/wdenault/susie_mix/temp_plink/plink_XG
  --rm-dup exclude-all
  --snps-only
  --threads 2
  --to-bp 3252040

Start time: Tue Sep  1 16:18:49 2026
63727 MiB RAM detected, ~26963 available; reserving 8000 MiB for main
workspace.
Using up to 2 compute threads.
866 samples (0 females, 0 males, 866 ambiguous; 866 founders) loaded from
/project2/mstephens/gtex/GTEx_Analysis_2017-06-05_v8_WholeGenomeSeq_866Indiv.fam.
End time: Tue Sep  1 16:18:54 2026
[2026-09-01 16:18:54] starting XIAP
Importing covariate data.
Importing gene expression data.
Found 27 tissues for gene XIAP :
 [1] "Adipose Tissue"  "Adrenal Gland"   "Blood"           "Blood Vessel"   
 [5] "Brain"           "Breast"          "Colon"           "Esophagus"      
 [9] "Heart"           "Kidney"          "Liver"           "Lung"           
[13] "Muscle"          "Nerve"           "Ovary"           "Pancreas"       
[17] "Pituitary"       "Prostate"        "Salivary Gland"  "Skin"           
[21] "Small Intestine" "Spleen"          "Stomach"         "Testis"         
[25] "Thyroid"         "Uterus"          "Vagina"         
Extracting genotype data from PLINK file.
PLINK v2.0.0-a.7LM 64-bit Intel (11 Mar 2026)       cog-genomics.org/plink/2.0/
(C) 2005-2026 Shaun Purcell, Christopher Chang    GNU General Public License v3
Logging to /project2/mstephens/wdenault/susie_mix/temp_plink/plink_XIAP.log.
Options in effect:
  --bfile /project2/mstephens/gtex/GTEx_Analysis_2017-06-05_v8_WholeGenomeSeq_866Indiv
  --chr X
  --export A
  --from-bp 123359724
  --maf 0
  --max-alleles 2
  --memory 8000
  --out /project2/mstephens/wdenault/susie_mix/temp_plink/plink_XIAP
  --rm-dup exclude-all
  --snps-only
  --threads 2
  --to-bp 124359724

Start time: Tue Sep  1 16:19:53 2026
63727 MiB RAM detected, ~24956 available; reserving 8000 MiB for main
workspace.
Using up to 2 compute threads.
866 samples (0 females, 0 males, 866 ambiguous; 866 founders) loaded from
/project2/mstephens/gtex/GTEx_Analysis_2017-06-05_v8_WholeGenomeSeq_866Indiv.fam.
End time: Tue Sep  1 16:19:58 2026
[2026-09-01 16:19:59] starting XIRP1
Importing covariate data.
Importing gene expression data.
Found 27 tissues for gene XIRP1 :
 [1] "Adipose Tissue"  "Adrenal Gland"   "Blood"           "Blood Vessel"   
 [5] "Brain"           "Breast"          "Colon"           "Esophagus"      
 [9] "Heart"           "Kidney"          "Liver"           "Lung"           
[13] "Muscle"          "Nerve"           "Ovary"           "Pancreas"       
[17] "Pituitary"       "Prostate"        "Salivary Gland"  "Skin"           
[21] "Small Intestine" "Spleen"          "Stomach"         "Testis"         
[25] "Thyroid"         "Uterus"          "Vagina"         
Extracting genotype data from PLINK file.
PLINK v2.0.0-a.7LM 64-bit Intel (11 Mar 2026)       cog-genomics.org/plink/2.0/
(C) 2005-2026 Shaun Purcell, Christopher Chang    GNU General Public License v3
Logging to /project2/mstephens/wdenault/susie_mix/temp_plink/plink_XIRP1.log.
Options in effect:
  --bfile /project2/mstephens/gtex/GTEx_Analysis_2017-06-05_v8_WholeGenomeSeq_866Indiv
  --chr 3
  --export A
  --from-bp 38692596
  --maf 0
  --max-alleles 2
  --memory 8000
  --out /project2/mstephens/wdenault/susie_mix/temp_plink/plink_XIRP1
  --rm-dup exclude-all
  --snps-only
  --threads 2
  --to-bp 39692596

Start time: Tue Sep  1 16:21:05 2026
63727 MiB RAM detected, ~23181 available; reserving 8000 MiB for main
workspace.
Using up to 2 compute threads.
866 samples (0 females, 0 males, 866 ambiguous; 866 founders) loaded from
/project2/mstephens/gtex/GTEx_Analysis_2017-06-05_v8_WholeGenomeSeq_866Indiv.fam.
67234533 variants in
/project2/mstephens/gtex/GTEx_Analysis_2017-06-05_v8_WholeGenomeSeq_866Indiv.bim;
63427992 excluded by --chr + --max-alleles + --snps-only, 3806541 remaining.
Note: No phenotype data present.
Note: Skipping --rm-dup since no duplicate IDs are present.
17522 variants remaining after main filters.
--export A pass 1/1: loading... 0%74% writing... 0%1%2%3%4%5%6%7%8%9%10%11%12%13%14%15%16%17%18%19%20%21%22%23%24%25%26%27%28%29%30%31%32%33%34%35%36%37%38%39%40%41%42%43%44%45%46%47%48%49%50%51%52%53%54%55%56%57%58%59%60%61%62%63%64%65%66%67%68%69%70%71%72%73%74%75%76%77%78%79%80%81%82%83%84%85%86%87%88%89%90%91%92%93%94%95%96%97%98%99% done.
--export A: /project2/mstephens/wdenault/susie_mix/temp_plink/plink_XIRP1.raw
written.
End time: Tue Sep  1 16:21:11 2026
22 SNP(s) removed because HWE P < 1e-08 :
 [1] "chr3_38761839_A_T_b38_A" "chr3_39001993_C_T_b38_C"
 [3] "chr3_39106931_C_G_b38_C" "chr3_39164165_A_G_b38_A"
 [5] "chr3_39164336_A_G_b38_A" "chr3_39166311_T_A_b38_T"
 [7] "chr3_39166893_C_T_b38_C" "chr3_39167443_T_C_b38_T"
 [9] "chr3_39168634_G_C_b38_G" "chr3_39174506_C_T_b38_C"
[11] "chr3_39408319_A_C_b38_A" "chr3_39460293_C_T_b38_C"
[13] "chr3_39461022_C_T_b38_C" "chr3_39463328_G_A_b38_G"
[15] "chr3_39573291_C_G_b38_C" "chr3_39581843_T_C_b38_T"
[17] "chr3_39583998_G_C_b38_G" "chr3_39584162_C_A_b38_C"
[19] "chr3_39589195_G_A_b38_G" "chr3_39599096_G_T_b38_G"
[21] "chr3_39608229_A_C_b38_A" "chr3_39633095_G_A_b38_G"

=====================================
Tissue: Adipose Tissue 
=====================================
[1] TRUE
Running SuSiE.

=====================================
Tissue: Adrenal Gland 
=====================================
[1] TRUE
Running SuSiE.

=====================================
Tissue: Blood 
=====================================
[1] TRUE
Running SuSiE.

=====================================
Tissue: Blood Vessel 
=====================================
[1] TRUE
Running SuSiE.

=====================================
Tissue: Brain 
=====================================
[1] TRUE
Running SuSiE.

=====================================
Tissue: Breast 
=====================================
[1] TRUE
Running SuSiE.

=====================================
Tissue: Colon 
=====================================
[1] TRUE
Running SuSiE.

=====================================
Tissue: Esophagus 
=====================================
[1] TRUE
Running SuSiE.

=====================================
Tissue: Heart 
=====================================
[1] TRUE
Running SuSiE.

=====================================
Tissue: Kidney 
=====================================
[1] TRUE
Running SuSiE.

=====================================
Tissue: Liver 
=====================================
[1] TRUE
Running SuSiE.

=====================================
Tissue: Lung 
=====================================
[1] TRUE
Running SuSiE.

=====================================
Tissue: Muscle 
=====================================
[1] TRUE
Running SuSiE.

=====================================
Tissue: Nerve 
=====================================
[1] TRUE
Running SuSiE.

=====================================
Tissue: Ovary 
=====================================
[1] TRUE
Running SuSiE.

=====================================
Tissue: Pancreas 
=====================================
[1] TRUE
Running SuSiE.

=====================================
Tissue: Pituitary 
=====================================
[1] TRUE
Running SuSiE.

=====================================
Tissue: Prostate 
=====================================
[1] TRUE
Running SuSiE.

=====================================
Tissue: Salivary Gland 
=====================================
[1] TRUE
Running SuSiE.

=====================================
Tissue: Skin 
=====================================
[1] TRUE
Running SuSiE.

=====================================
Tissue: Small Intestine 
=====================================
[1] TRUE
Running SuSiE.

=====================================
Tissue: Spleen 
=====================================
[1] TRUE
Running SuSiE.

=====================================
Tissue: Stomach 
=====================================
[1] TRUE
Running SuSiE.

=====================================
Tissue: Testis 
=====================================
[1] TRUE
Running SuSiE.

=====================================
Tissue: Thyroid 
=====================================
[1] TRUE
Running SuSiE.

=====================================
Tissue: Uterus 
=====================================
[1] TRUE
Running SuSiE.

=====================================
Tissue: Vagina 
=====================================
[1] TRUE
Running SuSiE.
Chunk 176 done.
Finished chunk 176 at Tue Sep  1 16:23:08 CDT 2026
