Starting simulation job 161 at Mon Sep 21 08:56:49 CDT 2026
22 SNP(s) removed because HWE P < 1e-08 :
 [1] "chr13_26820196_C_G_b38_C" "chr13_26973435_C_T_b38_C"
 [3] "chr13_26973459_C_T_b38_C" "chr13_27398688_T_C_b38_T"
 [5] "chr13_27399357_T_C_b38_T" "chr13_27399416_T_C_b38_T"
 [7] "chr13_27399609_T_C_b38_T" "chr13_27399628_A_G_b38_A"
 [9] "chr13_27399990_A_G_b38_A" "chr13_27401086_C_A_b38_C"
[11] "chr13_27401261_A_C_b38_A" "chr13_27401485_T_C_b38_T"
[13] "chr13_27406570_G_C_b38_G" "chr13_27408141_G_A_b38_G"
[15] "chr13_27408146_G_A_b38_G" "chr13_27409683_T_G_b38_T"
[17] "chr13_27411781_A_G_b38_A" "chr13_27411836_G_A_b38_G"
[19] "chr13_27412346_A_C_b38_A" "chr13_27426826_A_G_b38_A"
[21] "chr13_27465491_C_T_b38_C" "chr13_27480034_A_C_b38_A"
22 SNP(s) removed because HWE P < 1e-08 :
 [1] "chr1_162353041_G_C_b38_G" "chr1_162353047_A_C_b38_A"
 [3] "chr1_162477576_G_A_b38_G" "chr1_162481393_G_A_b38_G"
 [5] "chr1_162483630_C_T_b38_C" "chr1_162701799_T_C_b38_T"
 [7] "chr1_162704548_G_A_b38_G" "chr1_162705250_T_C_b38_T"
 [9] "chr1_162706401_C_T_b38_C" "chr1_162710700_T_C_b38_T"
[11] "chr1_162714569_T_C_b38_T" "chr1_162722878_C_G_b38_C"
[13] "chr1_162733892_A_G_b38_A" "chr1_162742199_A_T_b38_A"
[15] "chr1_162742900_G_A_b38_G" "chr1_162743999_G_A_b38_G"
[17] "chr1_162744207_T_C_b38_T" "chr1_162752426_G_A_b38_G"
[19] "chr1_162763446_G_A_b38_G" "chr1_162798738_C_G_b38_C"
[21] "chr1_162803606_G_A_b38_G" "chr1_162909861_T_C_b38_T"
41 SNP(s) removed because HWE P < 1e-08 :
 [1] "chr19_35359658_G_A_b38_G" "chr19_35359770_T_C_b38_T"
 [3] "chr19_35372907_T_A_b38_T" "chr19_35429793_G_A_b38_G"
 [5] "chr19_35572964_T_A_b38_T" "chr19_35572972_C_T_b38_C"
 [7] "chr19_35572980_C_T_b38_C" "chr19_35573078_T_C_b38_T"
 [9] "chr19_35838291_A_G_b38_A" "chr19_35843517_G_A_b38_G"
[11] "chr19_35849955_A_G_b38_A" "chr19_35851201_T_C_b38_T"
[13] "chr19_35865667_T_C_b38_T" "chr19_35870188_T_C_b38_T"
[15] "chr19_35879953_G_A_b38_G" "chr19_35886629_A_G_b38_A"
[17] "chr19_35886838_C_T_b38_C" "chr19_35887097_T_G_b38_T"
[19] "chr19_35889285_G_A_b38_G" "chr19_35889648_A_G_b38_A"
[21] "chr19_35890798_C_A_b38_C" "chr19_35895026_A_G_b38_A"
[23] "chr19_35896979_A_G_b38_A" "chr19_35912107_T_C_b38_T"
[25] "chr19_35914289_T_C_b38_T" "chr19_35916024_T_C_b38_T"
[27] "chr19_35919454_T_C_b38_T" "chr19_35920878_T_C_b38_T"
[29] "chr19_35921024_A_G_b38_A" "chr19_35921472_T_C_b38_T"
[31] "chr19_35924403_T_G_b38_T" "chr19_35926024_A_G_b38_A"
[33] "chr19_35926595_A_G_b38_A" "chr19_35935765_A_G_b38_A"
[35] "chr19_35942039_T_C_b38_T" "chr19_36016417_G_A_b38_G"
[37] "chr19_36021644_G_A_b38_G" "chr19_36021814_C_T_b38_C"
[39] "chr19_36022282_G_A_b38_G" "chr19_36268684_G_T_b38_G"
[41] "chr19_36309452_C_T_b38_C"
86 SNP(s) removed because HWE P < 1e-08 :
 [1] "chr11_12602581_C_A_b38_C" "chr11_12624958_C_A_b38_C"
 [3] "chr11_12709357_A_C_b38_A" "chr11_12711743_G_T_b38_G"
 [5] "chr11_12712147_G_A_b38_G" "chr11_12714195_C_T_b38_C"
 [7] "chr11_12714879_C_G_b38_C" "chr11_12715017_G_A_b38_G"
 [9] "chr11_12715147_C_T_b38_C" "chr11_12715325_A_G_b38_A"
[11] "chr11_12715946_C_T_b38_C" "chr11_12715993_T_C_b38_T"
[13] "chr11_12717103_G_A_b38_G" "chr11_12717141_C_A_b38_C"
[15] "chr11_12722267_A_G_b38_A" "chr11_12722492_G_A_b38_G"
[17] "chr11_12722623_A_G_b38_A" "chr11_12725406_G_A_b38_G"
[19] "chr11_12726375_G_A_b38_G" "chr11_12730213_C_A_b38_C"
[21] "chr11_12731602_A_G_b38_A" "chr11_12750963_G_C_b38_G"
[23] "chr11_12757747_T_C_b38_T" "chr11_12757888_G_T_b38_G"
[25] "chr11_12758617_C_T_b38_C" "chr11_12758709_T_C_b38_T"
[27] "chr11_12759469_G_A_b38_G" "chr11_12775522_G_C_b38_G"
[29] "chr11_12781165_A_G_b38_A" "chr11_12797262_G_A_b38_G"
[31] "chr11_12801705_T_G_b38_T" "chr11_12806545_C_T_b38_C"
[33] "chr11_12810221_C_T_b38_C" "chr11_12820345_A_C_b38_A"
[35] "chr11_12959220_G_C_b38_G" "chr11_13145421_T_C_b38_T"
[37] "chr11_13159063_A_T_b38_A" "chr11_13160043_T_C_b38_T"
[39] "chr11_13161191_T_G_b38_T" "chr11_13162034_C_T_b38_C"
[41] "chr11_13163679_G_A_b38_G" "chr11_13167486_A_G_b38_A"
[43] "chr11_13167824_C_G_b38_C" "chr11_13168039_T_G_b38_T"
[45] "chr11_13168424_A_T_b38_A" "chr11_13168751_C_A_b38_C"
[47] "chr11_13168868_C_G_b38_C" "chr11_13170516_C_T_b38_C"
[49] "chr11_13171300_T_A_b38_T" "chr11_13171711_G_C_b38_G"
[51] "chr11_13172324_A_C_b38_A" "chr11_13172527_T_C_b38_T"
[53] "chr11_13172742_G_A_b38_G" "chr11_13173008_G_A_b38_G"
[55] "chr11_13173311_A_C_b38_A" "chr11_13173332_G_A_b38_G"
[57] "chr11_13173916_G_A_b38_G" "chr11_13174617_C_T_b38_C"
[59] "chr11_13174658_A_G_b38_A" "chr11_13175460_G_T_b38_G"
[61] "chr11_13175491_T_C_b38_T" "chr11_13176427_A_G_b38_A"
[63] "chr11_13176535_G_A_b38_G" "chr11_13176583_C_T_b38_C"
[65] "chr11_13177356_T_C_b38_T" "chr11_13178288_C_T_b38_C"
[67] "chr11_13178878_C_T_b38_C" "chr11_13179392_C_G_b38_C"
[69] "chr11_13179991_G_A_b38_G" "chr11_13180396_T_C_b38_T"
[71] "chr11_13181122_C_T_b38_C" "chr11_13181132_T_A_b38_T"
[73] "chr11_13181163_T_G_b38_T" "chr11_13181254_G_A_b38_G"
[75] "chr11_13181293_C_T_b38_C" "chr11_13181360_G_A_b38_G"
[77] "chr11_13181664_A_G_b38_A" "chr11_13182114_G_A_b38_G"
[79] "chr11_13182203_G_A_b38_G" "chr11_13182610_C_T_b38_C"
[81] "chr11_13182823_T_C_b38_T" "chr11_13183287_G_A_b38_G"
[83] "chr11_13184213_G_A_b38_G" "chr11_13301971_T_C_b38_T"
[85] "chr11_13316281_G_A_b38_G" "chr11_13395112_C_G_b38_C"
22 SNP(s) removed because HWE P < 1e-08 :
 [1] "chr4_8044692_G_T_b38_G" "chr4_8044693_A_C_b38_A" "chr4_8059763_G_A_b38_G"
 [4] "chr4_8100031_G_T_b38_G" "chr4_8100581_C_T_b38_C" "chr4_8306668_C_G_b38_C"
 [7] "chr4_8557849_T_C_b38_T" "chr4_8557938_A_C_b38_A" "chr4_8557958_G_A_b38_G"
[10] "chr4_8557961_C_T_b38_C" "chr4_8585626_A_G_b38_A" "chr4_8603756_G_C_b38_G"
[13] "chr4_8632004_T_A_b38_T" "chr4_8632045_A_G_b38_A" "chr4_8635779_A_G_b38_A"
[16] "chr4_8655103_T_G_b38_T" "chr4_8655200_C_G_b38_C" "chr4_8656155_G_C_b38_G"
[19] "chr4_8659539_G_A_b38_G" "chr4_8661217_T_G_b38_T" "chr4_8674262_C_G_b38_C"
[22] "chr4_8677036_C_A_b38_C"
86 SNP(s) removed because HWE P < 1e-08 :
 [1] "chr11_12602581_C_A_b38_C" "chr11_12624958_C_A_b38_C"
 [3] "chr11_12709357_A_C_b38_A" "chr11_12711743_G_T_b38_G"
 [5] "chr11_12712147_G_A_b38_G" "chr11_12714195_C_T_b38_C"
 [7] "chr11_12714879_C_G_b38_C" "chr11_12715017_G_A_b38_G"
 [9] "chr11_12715147_C_T_b38_C" "chr11_12715325_A_G_b38_A"
[11] "chr11_12715946_C_T_b38_C" "chr11_12715993_T_C_b38_T"
[13] "chr11_12717103_G_A_b38_G" "chr11_12717141_C_A_b38_C"
[15] "chr11_12722267_A_G_b38_A" "chr11_12722492_G_A_b38_G"
[17] "chr11_12722623_A_G_b38_A" "chr11_12725406_G_A_b38_G"
[19] "chr11_12726375_G_A_b38_G" "chr11_12730213_C_A_b38_C"
[21] "chr11_12731602_A_G_b38_A" "chr11_12750963_G_C_b38_G"
[23] "chr11_12757747_T_C_b38_T" "chr11_12757888_G_T_b38_G"
[25] "chr11_12758617_C_T_b38_C" "chr11_12758709_T_C_b38_T"
[27] "chr11_12759469_G_A_b38_G" "chr11_12775522_G_C_b38_G"
[29] "chr11_12781165_A_G_b38_A" "chr11_12797262_G_A_b38_G"
[31] "chr11_12801705_T_G_b38_T" "chr11_12806545_C_T_b38_C"
[33] "chr11_12810221_C_T_b38_C" "chr11_12820345_A_C_b38_A"
[35] "chr11_12959220_G_C_b38_G" "chr11_13145421_T_C_b38_T"
[37] "chr11_13159063_A_T_b38_A" "chr11_13160043_T_C_b38_T"
[39] "chr11_13161191_T_G_b38_T" "chr11_13162034_C_T_b38_C"
[41] "chr11_13163679_G_A_b38_G" "chr11_13167486_A_G_b38_A"
[43] "chr11_13167824_C_G_b38_C" "chr11_13168039_T_G_b38_T"
[45] "chr11_13168424_A_T_b38_A" "chr11_13168751_C_A_b38_C"
[47] "chr11_13168868_C_G_b38_C" "chr11_13170516_C_T_b38_C"
[49] "chr11_13171300_T_A_b38_T" "chr11_13171711_G_C_b38_G"
[51] "chr11_13172324_A_C_b38_A" "chr11_13172527_T_C_b38_T"
[53] "chr11_13172742_G_A_b38_G" "chr11_13173008_G_A_b38_G"
[55] "chr11_13173311_A_C_b38_A" "chr11_13173332_G_A_b38_G"
[57] "chr11_13173916_G_A_b38_G" "chr11_13174617_C_T_b38_C"
[59] "chr11_13174658_A_G_b38_A" "chr11_13175460_G_T_b38_G"
[61] "chr11_13175491_T_C_b38_T" "chr11_13176427_A_G_b38_A"
[63] "chr11_13176535_G_A_b38_G" "chr11_13176583_C_T_b38_C"
[65] "chr11_13177356_T_C_b38_T" "chr11_13178288_C_T_b38_C"
[67] "chr11_13178878_C_T_b38_C" "chr11_13179392_C_G_b38_C"
[69] "chr11_13179991_G_A_b38_G" "chr11_13180396_T_C_b38_T"
[71] "chr11_13181122_C_T_b38_C" "chr11_13181132_T_A_b38_T"
[73] "chr11_13181163_T_G_b38_T" "chr11_13181254_G_A_b38_G"
[75] "chr11_13181293_C_T_b38_C" "chr11_13181360_G_A_b38_G"
[77] "chr11_13181664_A_G_b38_A" "chr11_13182114_G_A_b38_G"
[79] "chr11_13182203_G_A_b38_G" "chr11_13182610_C_T_b38_C"
[81] "chr11_13182823_T_C_b38_T" "chr11_13183287_G_A_b38_G"
[83] "chr11_13184213_G_A_b38_G" "chr11_13301971_T_C_b38_T"
[85] "chr11_13316281_G_A_b38_G" "chr11_13395112_C_G_b38_C"
39 SNP(s) removed because HWE P < 1e-08 :
 [1] "chr22_49765666_G_C_b38_G" "chr22_49770965_G_C_b38_G"
 [3] "chr22_49837507_C_G_b38_C" "chr22_49846939_C_A_b38_C"
 [5] "chr22_49848251_T_C_b38_T" "chr22_49872508_G_A_b38_G"
 [7] "chr22_49880142_T_C_b38_T" "chr22_49880243_G_T_b38_G"
 [9] "chr22_49883047_G_C_b38_G" "chr22_49894697_A_G_b38_A"
[11] "chr22_49906790_T_C_b38_T" "chr22_49921580_T_C_b38_T"
[13] "chr22_49921715_C_A_b38_C" "chr22_49973759_T_C_b38_T"
[15] "chr22_50013858_A_C_b38_A" "chr22_50357867_G_A_b38_G"
[17] "chr22_50371703_G_C_b38_G" "chr22_50418711_G_A_b38_G"
[19] "chr22_50424402_A_C_b38_A" "chr22_50424421_C_A_b38_C"
[21] "chr22_50424423_C_T_b38_C" "chr22_50495487_G_A_b38_G"
[23] "chr22_50495498_T_C_b38_T" "chr22_50495499_G_A_b38_G"
[25] "chr22_50508159_C_G_b38_C" "chr22_50509182_A_G_b38_A"
[27] "chr22_50509488_T_C_b38_T" "chr22_50509962_A_G_b38_A"
[29] "chr22_50510817_C_T_b38_C" "chr22_50510967_T_C_b38_T"
[31] "chr22_50511806_T_C_b38_T" "chr22_50512014_T_C_b38_T"
[33] "chr22_50512298_G_A_b38_G" "chr22_50512549_T_G_b38_T"
[35] "chr22_50513313_G_C_b38_G" "chr22_50513793_G_A_b38_G"
[37] "chr22_50542614_C_T_b38_C" "chr22_50542624_A_T_b38_A"
[39] "chr22_50712000_C_T_b38_C"
39 SNP(s) removed because HWE P < 1e-08 :
 [1] "chr22_49765666_G_C_b38_G" "chr22_49770965_G_C_b38_G"
 [3] "chr22_49837507_C_G_b38_C" "chr22_49846939_C_A_b38_C"
 [5] "chr22_49848251_T_C_b38_T" "chr22_49872508_G_A_b38_G"
 [7] "chr22_49880142_T_C_b38_T" "chr22_49880243_G_T_b38_G"
 [9] "chr22_49883047_G_C_b38_G" "chr22_49894697_A_G_b38_A"
[11] "chr22_49906790_T_C_b38_T" "chr22_49921580_T_C_b38_T"
[13] "chr22_49921715_C_A_b38_C" "chr22_49973759_T_C_b38_T"
[15] "chr22_50013858_A_C_b38_A" "chr22_50357867_G_A_b38_G"
[17] "chr22_50371703_G_C_b38_G" "chr22_50418711_G_A_b38_G"
[19] "chr22_50424402_A_C_b38_A" "chr22_50424421_C_A_b38_C"
[21] "chr22_50424423_C_T_b38_C" "chr22_50495487_G_A_b38_G"
[23] "chr22_50495498_T_C_b38_T" "chr22_50495499_G_A_b38_G"
[25] "chr22_50508159_C_G_b38_C" "chr22_50509182_A_G_b38_A"
[27] "chr22_50509488_T_C_b38_T" "chr22_50509962_A_G_b38_A"
[29] "chr22_50510817_C_T_b38_C" "chr22_50510967_T_C_b38_T"
[31] "chr22_50511806_T_C_b38_T" "chr22_50512014_T_C_b38_T"
[33] "chr22_50512298_G_A_b38_G" "chr22_50512549_T_G_b38_T"
[35] "chr22_50513313_G_C_b38_G" "chr22_50513793_G_A_b38_G"
[37] "chr22_50542614_C_T_b38_C" "chr22_50542624_A_T_b38_A"
[39] "chr22_50712000_C_T_b38_C"
69 SNP(s) removed because HWE P < 1e-08 :
 [1] "chr8_81253423_T_C_b38_T" "chr8_81281143_C_T_b38_C"
 [3] "chr8_81289273_A_T_b38_A" "chr8_81297255_A_G_b38_A"
 [5] "chr8_81299436_C_T_b38_C" "chr8_81300344_T_C_b38_T"
 [7] "chr8_81325559_T_C_b38_T" "chr8_81327049_C_G_b38_C"
 [9] "chr8_81327156_T_G_b38_T" "chr8_81327252_A_G_b38_A"
[11] "chr8_81327333_T_C_b38_T" "chr8_81327394_A_G_b38_A"
[13] "chr8_81328362_A_G_b38_A" "chr8_81328531_C_A_b38_C"
[15] "chr8_81329064_T_A_b38_T" "chr8_81329094_T_G_b38_T"
[17] "chr8_81329957_C_T_b38_C" "chr8_81330786_A_G_b38_A"
[19] "chr8_81330873_T_C_b38_T" "chr8_81331043_A_C_b38_A"
[21] "chr8_81331131_T_C_b38_T" "chr8_81331608_C_T_b38_C"
[23] "chr8_81331614_C_T_b38_C" "chr8_81331709_T_G_b38_T"
[25] "chr8_81331864_A_G_b38_A" "chr8_81331877_C_T_b38_C"
[27] "chr8_81332098_G_A_b38_G" "chr8_81332283_A_G_b38_A"
[29] "chr8_81332524_C_T_b38_C" "chr8_81332904_A_T_b38_A"
[31] "chr8_81332906_C_T_b38_C" "chr8_81333125_G_A_b38_G"
[33] "chr8_81333194_G_T_b38_G" "chr8_81333216_T_C_b38_T"
[35] "chr8_81333791_C_T_b38_C" "chr8_81334313_T_C_b38_T"
[37] "chr8_81335686_A_G_b38_A" "chr8_81336303_C_T_b38_C"
[39] "chr8_81464464_C_T_b38_C" "chr8_81468508_A_T_b38_A"
[41] "chr8_81468888_A_G_b38_A" "chr8_81469332_T_C_b38_T"
[43] "chr8_81469415_G_A_b38_G" "chr8_81470506_G_A_b38_G"
[45] "chr8_81470621_C_T_b38_C" "chr8_81471159_T_G_b38_T"
[47] "chr8_81514819_A_C_b38_A" "chr8_81515555_C_T_b38_C"
[49] "chr8_81518769_T_C_b38_T" "chr8_81527961_G_T_b38_G"
[51] "chr8_81900677_A_T_b38_A" "chr8_81900680_C_T_b38_C"
[53] "chr8_81900761_G_T_b38_G" "chr8_81900762_G_A_b38_G"
[55] "chr8_81900773_G_A_b38_G" "chr8_81900776_G_T_b38_G"
[57] "chr8_81900779_T_C_b38_T" "chr8_81900782_C_T_b38_C"
[59] "chr8_81900783_T_C_b38_T" "chr8_81900784_G_A_b38_G"
[61] "chr8_81900789_T_C_b38_T" "chr8_81900796_C_G_b38_C"
[63] "chr8_81900800_G_C_b38_G" "chr8_82127185_G_A_b38_G"
[65] "chr8_82127192_C_G_b38_C" "chr8_82129772_G_C_b38_G"
[67] "chr8_82130336_C_T_b38_C" "chr8_82136891_C_T_b38_C"
[69] "chr8_82137774_C_G_b38_C"
55 SNP(s) removed because HWE P < 1e-08 :
 [1] "chr8_140959400_A_G_b38_A" "chr8_140965990_G_A_b38_G"
 [3] "chr8_140969163_C_A_b38_C" "chr8_140989125_T_C_b38_T"
 [5] "chr8_141004438_C_T_b38_C" "chr8_141006632_T_C_b38_T"
 [7] "chr8_141071501_T_C_b38_T" "chr8_141071578_A_G_b38_A"
 [9] "chr8_141071645_T_C_b38_T" "chr8_141071802_G_A_b38_G"
[11] "chr8_141121082_T_C_b38_T" "chr8_141180426_C_G_b38_C"
[13] "chr8_141181239_T_A_b38_T" "chr8_141181317_T_C_b38_T"
[15] "chr8_141184712_T_G_b38_T" "chr8_141244962_G_C_b38_G"
[17] "chr8_141286748_T_C_b38_T" "chr8_141286753_A_C_b38_A"
[19] "chr8_141347730_C_T_b38_C" "chr8_141362533_T_C_b38_T"
[21] "chr8_141365345_T_C_b38_T" "chr8_141389756_G_A_b38_G"
[23] "chr8_141390354_T_C_b38_T" "chr8_141390516_C_T_b38_C"
[25] "chr8_141391538_T_C_b38_T" "chr8_141391665_G_C_b38_G"
[27] "chr8_141391872_A_G_b38_A" "chr8_141392529_G_A_b38_G"
[29] "chr8_141397221_T_C_b38_T" "chr8_141400791_G_A_b38_G"
[31] "chr8_141568918_G_C_b38_G" "chr8_141649522_C_T_b38_C"
[33] "chr8_141650734_G_A_b38_G" "chr8_141652128_G_A_b38_G"
[35] "chr8_141653036_G_C_b38_G" "chr8_141654036_C_G_b38_C"
[37] "chr8_141654867_C_G_b38_C" "chr8_141655425_T_G_b38_T"
[39] "chr8_141656968_A_C_b38_A" "chr8_141658248_C_T_b38_C"
[41] "chr8_141658721_C_T_b38_C" "chr8_141671147_G_A_b38_G"
[43] "chr8_141674084_G_C_b38_G" "chr8_141674220_G_C_b38_G"
[45] "chr8_141674531_C_T_b38_C" "chr8_141675852_C_G_b38_C"
[47] "chr8_141688396_T_C_b38_T" "chr8_141756261_G_T_b38_G"
[49] "chr8_141771030_G_A_b38_G" "chr8_141771835_G_T_b38_G"
[51] "chr8_141772151_A_G_b38_A" "chr8_141773031_C_T_b38_C"
[53] "chr8_141773343_T_G_b38_T" "chr8_141797458_C_G_b38_C"
[55] "chr8_141841151_G_T_b38_G"
74 SNP(s) removed because HWE P < 1e-08 :
 [1] "chr21_31920396_G_A_b38_G" "chr21_31935565_G_C_b38_G"
 [3] "chr21_31935580_T_G_b38_T" "chr21_32134286_A_T_b38_A"
 [5] "chr21_32238948_G_A_b38_G" "chr21_32250914_C_T_b38_C"
 [7] "chr21_32311415_A_C_b38_A" "chr21_32410343_C_T_b38_C"
 [9] "chr21_32432979_G_A_b38_G" "chr21_32432987_A_C_b38_A"
[11] "chr21_32432995_G_A_b38_G" "chr21_32433065_T_A_b38_T"
[13] "chr21_32433084_C_T_b38_C" "chr21_32433553_G_A_b38_G"
[15] "chr21_32433554_C_G_b38_C" "chr21_32433562_T_C_b38_T"
[17] "chr21_32433629_A_G_b38_A" "chr21_32433656_G_A_b38_G"
[19] "chr21_32433663_A_T_b38_A" "chr21_32434706_A_G_b38_A"
[21] "chr21_32434713_T_C_b38_T" "chr21_32434721_A_C_b38_A"
[23] "chr21_32434746_A_C_b38_A" "chr21_32434842_G_A_b38_G"
[25] "chr21_32434867_C_T_b38_C" "chr21_32434878_G_A_b38_G"
[27] "chr21_32434919_T_G_b38_T" "chr21_32434927_C_T_b38_C"
[29] "chr21_32434967_T_G_b38_T" "chr21_32434971_T_C_b38_T"
[31] "chr21_32434992_T_C_b38_T" "chr21_32435003_T_G_b38_T"
[33] "chr21_32435004_T_C_b38_T" "chr21_32435117_A_G_b38_A"
[35] "chr21_32435125_T_C_b38_T" "chr21_32435126_G_C_b38_G"
[37] "chr21_32435133_C_A_b38_C" "chr21_32435360_C_T_b38_C"
[39] "chr21_32435400_A_G_b38_A" "chr21_32435408_T_C_b38_T"
[41] "chr21_32435414_A_G_b38_A" "chr21_32435436_C_T_b38_C"
[43] "chr21_32435462_C_T_b38_C" "chr21_32435661_G_C_b38_G"
[45] "chr21_32435666_T_G_b38_T" "chr21_32435667_A_G_b38_A"
[47] "chr21_32435716_C_T_b38_C" "chr21_32435721_G_A_b38_G"
[49] "chr21_32435728_T_C_b38_T" "chr21_32435763_C_T_b38_C"
[51] "chr21_32435766_A_C_b38_A" "chr21_32435898_C_T_b38_C"
[53] "chr21_32435949_T_A_b38_T" "chr21_32435990_T_A_b38_T"
[55] "chr21_32436019_G_A_b38_G" "chr21_32436447_T_A_b38_T"
[57] "chr21_32436465_A_C_b38_A" "chr21_32436477_T_A_b38_T"
[59] "chr21_32436484_T_C_b38_T" "chr21_32436539_G_A_b38_G"
[61] "chr21_32436627_G_A_b38_G" "chr21_32436628_G_A_b38_G"
[63] "chr21_32436637_A_G_b38_A" "chr21_32436702_C_T_b38_C"
[65] "chr21_32436736_G_A_b38_G" "chr21_32436746_A_G_b38_A"
[67] "chr21_32437187_G_C_b38_G" "chr21_32437224_A_G_b38_A"
[69] "chr21_32437249_C_A_b38_C" "chr21_32437250_G_A_b38_G"
[71] "chr21_32437258_C_G_b38_C" "chr21_32621877_A_T_b38_A"
[73] "chr21_32660622_A_G_b38_A" "chr21_32660624_C_T_b38_C"
4 SNP(s) removed because HWE P < 1e-08 :
[1] "chr5_163006321_G_C_b38_G" "chr5_163010219_A_G_b38_A"
[3] "chr5_163029144_T_C_b38_T" "chr5_163034093_T_C_b38_T"
74 SNP(s) removed because HWE P < 1e-08 :
 [1] "chr21_31920396_G_A_b38_G" "chr21_31935565_G_C_b38_G"
 [3] "chr21_31935580_T_G_b38_T" "chr21_32134286_A_T_b38_A"
 [5] "chr21_32238948_G_A_b38_G" "chr21_32250914_C_T_b38_C"
 [7] "chr21_32311415_A_C_b38_A" "chr21_32410343_C_T_b38_C"
 [9] "chr21_32432979_G_A_b38_G" "chr21_32432987_A_C_b38_A"
[11] "chr21_32432995_G_A_b38_G" "chr21_32433065_T_A_b38_T"
[13] "chr21_32433084_C_T_b38_C" "chr21_32433553_G_A_b38_G"
[15] "chr21_32433554_C_G_b38_C" "chr21_32433562_T_C_b38_T"
[17] "chr21_32433629_A_G_b38_A" "chr21_32433656_G_A_b38_G"
[19] "chr21_32433663_A_T_b38_A" "chr21_32434706_A_G_b38_A"
[21] "chr21_32434713_T_C_b38_T" "chr21_32434721_A_C_b38_A"
[23] "chr21_32434746_A_C_b38_A" "chr21_32434842_G_A_b38_G"
[25] "chr21_32434867_C_T_b38_C" "chr21_32434878_G_A_b38_G"
[27] "chr21_32434919_T_G_b38_T" "chr21_32434927_C_T_b38_C"
[29] "chr21_32434967_T_G_b38_T" "chr21_32434971_T_C_b38_T"
[31] "chr21_32434992_T_C_b38_T" "chr21_32435003_T_G_b38_T"
[33] "chr21_32435004_T_C_b38_T" "chr21_32435117_A_G_b38_A"
[35] "chr21_32435125_T_C_b38_T" "chr21_32435126_G_C_b38_G"
[37] "chr21_32435133_C_A_b38_C" "chr21_32435360_C_T_b38_C"
[39] "chr21_32435400_A_G_b38_A" "chr21_32435408_T_C_b38_T"
[41] "chr21_32435414_A_G_b38_A" "chr21_32435436_C_T_b38_C"
[43] "chr21_32435462_C_T_b38_C" "chr21_32435661_G_C_b38_G"
[45] "chr21_32435666_T_G_b38_T" "chr21_32435667_A_G_b38_A"
[47] "chr21_32435716_C_T_b38_C" "chr21_32435721_G_A_b38_G"
[49] "chr21_32435728_T_C_b38_T" "chr21_32435763_C_T_b38_C"
[51] "chr21_32435766_A_C_b38_A" "chr21_32435898_C_T_b38_C"
[53] "chr21_32435949_T_A_b38_T" "chr21_32435990_T_A_b38_T"
[55] "chr21_32436019_G_A_b38_G" "chr21_32436447_T_A_b38_T"
[57] "chr21_32436465_A_C_b38_A" "chr21_32436477_T_A_b38_T"
[59] "chr21_32436484_T_C_b38_T" "chr21_32436539_G_A_b38_G"
[61] "chr21_32436627_G_A_b38_G" "chr21_32436628_G_A_b38_G"
[63] "chr21_32436637_A_G_b38_A" "chr21_32436702_C_T_b38_C"
[65] "chr21_32436736_G_A_b38_G" "chr21_32436746_A_G_b38_A"
[67] "chr21_32437187_G_C_b38_G" "chr21_32437224_A_G_b38_A"
[69] "chr21_32437249_C_A_b38_C" "chr21_32437250_G_A_b38_G"
[71] "chr21_32437258_C_G_b38_C" "chr21_32621877_A_T_b38_A"
[73] "chr21_32660622_A_G_b38_A" "chr21_32660624_C_T_b38_C"
939 SNP(s) removed because HWE P < 1e-08 :
  [1] "chr9_128617688_C_T_b38_C" "chr9_128617870_C_G_b38_C"
  [3] "chr9_128619649_G_C_b38_G" "chr9_128626364_C_T_b38_C"
  [5] "chr9_128628369_G_A_b38_G" "chr9_128636357_C_T_b38_C"
  [7] "chr9_128654861_A_C_b38_A" "chr9_128666278_A_G_b38_A"
  [9] "chr9_128673885_C_T_b38_C" "chr9_128675371_T_C_b38_T"
 [11] "chr9_128681588_A_C_b38_A" "chr9_128686762_A_C_b38_A"
 [13] "chr9_128691841_C_T_b38_C" "chr9_128693624_C_T_b38_C"
 [15] "chr9_128694241_T_G_b38_T" "chr9_128694242_T_G_b38_T"
 [17] "chr9_128694993_G_C_b38_G" "chr9_128697369_A_C_b38_A"
 [19] "chr9_128708734_T_C_b38_T" "chr9_128709177_C_T_b38_C"
 [21] "chr9_128716364_G_A_b38_G" "chr9_129036860_C_T_b38_C"
 [23] "chr9_129044509_A_G_b38_A" "chr9_129045189_T_C_b38_T"
 [25] "chr9_129046964_T_C_b38_T" "chr9_129051571_T_C_b38_T"
 [27] "chr9_129087650_T_G_b38_T" "chr9_129101647_G_C_b38_G"
 [29] "chr9_129104753_A_C_b38_A" "chr9_129230206_G_A_b38_G"
 [31] "chr9_129231343_A_C_b38_A" "chr9_129231350_A_C_b38_A"
 [33] "chr9_129231692_A_G_b38_A" "chr9_129234436_T_G_b38_T"
 [35] "chr9_129265954_T_C_b38_T" "chr9_129276505_T_C_b38_T"
 [37] "chr9_129277385_C_G_b38_C" "chr9_129279111_C_A_b38_C"
 [39] "chr9_129279114_A_G_b38_A" "chr9_129279160_C_T_b38_C"
 [41] "chr9_129279168_T_C_b38_T" "chr9_129286583_G_C_b38_G"
 [43] "chr9_129314696_G_C_b38_G" "chr9_129318151_G_C_b38_G"
 [45] "chr9_129356518_T_C_b38_T" "chr9_129358508_A_G_b38_A"
 [47] "chr9_129365440_T_C_b38_T" "chr9_129367174_G_C_b38_G"
 [49] "chr9_129369112_T_G_b38_T" "chr9_129373360_T_C_b38_T"
 [51] "chr9_129375191_T_C_b38_T" "chr9_129396637_T_C_b38_T"
 [53] "chr9_129396655_A_C_b38_A" "chr9_129396874_A_G_b38_A"
 [55] "chr9_129396882_G_A_b38_G" "chr9_129396909_A_G_b38_A"
 [57] "chr9_129396915_A_G_b38_A" "chr9_129398977_G_T_b38_G"
 [59] "chr9_129398982_G_C_b38_G" "chr9_129400174_T_C_b38_T"
 [61] "chr9_129404209_G_C_b38_G" "chr9_129424659_T_G_b38_T"
 [63] "chr9_129424677_T_A_b38_T" "chr9_129424685_C_T_b38_C"
 [65] "chr9_129424704_T_C_b38_T" "chr9_129424712_G_A_b38_G"
 [67] "chr9_129424715_G_C_b38_G" "chr9_129424723_C_T_b38_C"
 [69] "chr9_129424767_A_G_b38_A" "chr9_129424796_C_T_b38_C"
 [71] "chr9_129424797_A_G_b38_A" "chr9_129424798_G_T_b38_G"
 [73] "chr9_129424851_C_T_b38_C" "chr9_129424854_A_G_b38_A"
 [75] "chr9_129424879_T_C_b38_T" "chr9_129424897_G_A_b38_G"
 [77] "chr9_129424898_G_A_b38_G" "chr9_129424905_G_C_b38_G"
 [79] "chr9_129425079_G_A_b38_G" "chr9_129425082_C_T_b38_C"
 [81] "chr9_129425085_T_C_b38_T" "chr9_129425086_G_T_b38_G"
 [83] "chr9_129425096_A_G_b38_A" "chr9_129425130_G_T_b38_G"
 [85] "chr9_129425131_A_T_b38_A" "chr9_129425145_A_G_b38_A"
 [87] "chr9_129425152_A_C_b38_A" "chr9_129425201_T_C_b38_T"
 [89] "chr9_129425208_A_G_b38_A" "chr9_129425223_T_C_b38_T"
 [91] "chr9_129425233_G_A_b38_G" "chr9_129425387_G_T_b38_G"
 [93] "chr9_129425412_T_C_b38_T" "chr9_129425430_C_G_b38_C"
 [95] "chr9_129425432_T_C_b38_T" "chr9_129425436_A_T_b38_A"
 [97] "chr9_129425481_A_G_b38_A" "chr9_129425491_C_T_b38_C"
 [99] "chr9_129425496_A_G_b38_A" "chr9_129425530_C_T_b38_C"
[101] "chr9_129425535_T_C_b38_T" "chr9_129425614_T_C_b38_T"
[103] "chr9_129425621_C_T_b38_C" "chr9_129425644_A_C_b38_A"
[105] "chr9_129425652_G_C_b38_G" "chr9_129425655_G_A_b38_G"
[107] "chr9_129425660_G_A_b38_G" "chr9_129425680_A_G_b38_A"
[109] "chr9_129425693_C_T_b38_C" "chr9_129425707_A_G_b38_A"
[111] "chr9_129425709_A_G_b38_A" "chr9_129425712_G_A_b38_G"
[113] "chr9_129425715_A_G_b38_A" "chr9_129425737_A_G_b38_A"
[115] "chr9_129425744_A_T_b38_A" "chr9_129425749_G_A_b38_G"
[117] "chr9_129425750_A_G_b38_A" "chr9_129425802_C_G_b38_C"
[119] "chr9_129425842_T_C_b38_T" "chr9_129425858_T_C_b38_T"
[121] "chr9_129425876_A_T_b38_A" "chr9_129425959_T_C_b38_T"
[123] "chr9_129425964_T_G_b38_T" "chr9_129425974_T_C_b38_T"
[125] "chr9_129425979_A_G_b38_A" "chr9_129425984_A_G_b38_A"
[127] "chr9_129425986_C_T_b38_C" "chr9_129425987_A_G_b38_A"
[129] "chr9_129425989_A_G_b38_A" "chr9_129426001_C_T_b38_C"
[131] "chr9_129426014_G_C_b38_G" "chr9_129426016_A_G_b38_A"
[133] "chr9_129426026_C_A_b38_C" "chr9_129426027_T_C_b38_T"
[135] "chr9_129426028_G_A_b38_G" "chr9_129426040_C_T_b38_C"
[137] "chr9_129426055_C_G_b38_C" "chr9_129426152_A_G_b38_A"
[139] "chr9_129426159_A_G_b38_A" "chr9_129426171_T_G_b38_T"
[141] "chr9_129426187_G_A_b38_G" "chr9_129426188_T_A_b38_T"
[143] "chr9_129426189_G_A_b38_G" "chr9_129426193_G_A_b38_G"
[145] "chr9_129426203_C_A_b38_C" "chr9_129426211_G_C_b38_G"
[147] "chr9_129426214_C_T_b38_C" "chr9_129426221_G_C_b38_G"
[149] "chr9_129426222_C_G_b38_C" "chr9_129426224_G_A_b38_G"
[151] "chr9_129426245_G_A_b38_G" "chr9_129426247_A_G_b38_A"
[153] "chr9_129426250_C_T_b38_C" "chr9_129426256_A_T_b38_A"
[155] "chr9_129426268_C_G_b38_C" "chr9_129426269_T_C_b38_T"
[157] "chr9_129426279_G_A_b38_G" "chr9_129426289_A_G_b38_A"
[159] "chr9_129426299_G_A_b38_G" "chr9_129426380_G_C_b38_G"
[161] "chr9_129426389_G_A_b38_G" "chr9_129426394_A_G_b38_A"
[163] "chr9_129426424_T_A_b38_T" "chr9_129426426_C_A_b38_C"
[165] "chr9_129426430_G_A_b38_G" "chr9_129426433_G_A_b38_G"
[167] "chr9_129426447_G_C_b38_G" "chr9_129426458_T_C_b38_T"
[169] "chr9_129426492_A_T_b38_A" "chr9_129426502_T_C_b38_T"
[171] "chr9_129426506_C_T_b38_C" "chr9_129426516_G_C_b38_G"
[173] "chr9_129426517_G_A_b38_G" "chr9_129426551_C_T_b38_C"
[175] "chr9_129426556_C_T_b38_C" "chr9_129426560_C_T_b38_C"
[177] "chr9_129426563_A_G_b38_A" "chr9_129426586_G_C_b38_G"
[179] "chr9_129426587_G_A_b38_G" "chr9_129427118_G_A_b38_G"
[181] "chr9_129427120_T_C_b38_T" "chr9_129427121_G_A_b38_G"
[183] "chr9_129427130_G_A_b38_G" "chr9_129427203_G_T_b38_G"
[185] "chr9_129427222_G_C_b38_G" "chr9_129427227_G_A_b38_G"
[187] "chr9_129427239_G_A_b38_G" "chr9_129427259_A_G_b38_A"
[189] "chr9_129427263_T_A_b38_T" "chr9_129427267_A_T_b38_A"
[191] "chr9_129427271_T_C_b38_T" "chr9_129427277_C_G_b38_C"
[193] "chr9_129427281_T_C_b38_T" "chr9_129427290_G_A_b38_G"
[195] "chr9_129427298_C_T_b38_C" "chr9_129427321_C_A_b38_C"
[197] "chr9_129427322_G_A_b38_G" "chr9_129427326_T_C_b38_T"
[199] "chr9_129427331_C_T_b38_C" "chr9_129427345_G_A_b38_G"
[201] "chr9_129427361_C_T_b38_C" "chr9_129427369_C_T_b38_C"
[203] "chr9_129427421_A_G_b38_A" "chr9_129427429_A_G_b38_A"
[205] "chr9_129427446_G_A_b38_G" "chr9_129427453_G_A_b38_G"
[207] "chr9_129427459_G_A_b38_G" "chr9_129427460_C_T_b38_C"
[209] "chr9_129427470_G_C_b38_G" "chr9_129427472_T_C_b38_T"
[211] "chr9_129427474_T_C_b38_T" "chr9_129427475_G_A_b38_G"
[213] "chr9_129427484_C_T_b38_C" "chr9_129427534_G_A_b38_G"
[215] "chr9_129427546_A_G_b38_A" "chr9_129427549_G_A_b38_G"
[217] "chr9_129427575_G_T_b38_G" "chr9_129427579_T_A_b38_T"
[219] "chr9_129427581_T_A_b38_T" "chr9_129427589_A_G_b38_A"
[221] "chr9_129427596_A_G_b38_A" "chr9_129427597_C_A_b38_C"
[223] "chr9_129427630_G_A_b38_G" "chr9_129427641_G_T_b38_G"
[225] "chr9_129427645_C_T_b38_C" "chr9_129427654_C_G_b38_C"
[227] "chr9_129427660_G_A_b38_G" "chr9_129427670_C_G_b38_C"
[229] "chr9_129427692_A_G_b38_A" "chr9_129427713_G_C_b38_G"
[231] "chr9_129427737_C_T_b38_C" "chr9_129427769_G_A_b38_G"
[233] "chr9_129427793_T_C_b38_T" "chr9_129427815_T_C_b38_T"
[235] "chr9_129427842_C_T_b38_C" "chr9_129427845_G_A_b38_G"
[237] "chr9_129427858_C_T_b38_C" "chr9_129427865_T_C_b38_T"
[239] "chr9_129427882_G_A_b38_G" "chr9_129427894_A_G_b38_A"
[241] "chr9_129427899_G_A_b38_G" "chr9_129427909_G_C_b38_G"
[243] "chr9_129427951_C_T_b38_C" "chr9_129427959_C_T_b38_C"
[245] "chr9_129427981_C_T_b38_C" "chr9_129427991_C_T_b38_C"
[247] "chr9_129428000_C_A_b38_C" "chr9_129428007_C_T_b38_C"
[249] "chr9_129428013_C_T_b38_C" "chr9_129428024_G_T_b38_G"
[251] "chr9_129428028_A_C_b38_A" "chr9_129428029_T_C_b38_T"
[253] "chr9_129428045_T_G_b38_T" "chr9_129428056_T_C_b38_T"
[255] "chr9_129428063_A_C_b38_A" "chr9_129428065_C_T_b38_C"
[257] "chr9_129428069_A_G_b38_A" "chr9_129428089_C_G_b38_C"
[259] "chr9_129428093_G_A_b38_G" "chr9_129428184_C_T_b38_C"
[261] "chr9_129428202_A_G_b38_A" "chr9_129428220_G_A_b38_G"
[263] "chr9_129428551_G_A_b38_G" "chr9_129428561_G_A_b38_G"
[265] "chr9_129428571_C_T_b38_C" "chr9_129428576_C_T_b38_C"
[267] "chr9_129428588_C_T_b38_C" "chr9_129428605_C_T_b38_C"
[269] "chr9_129428609_T_C_b38_T" "chr9_129428619_G_A_b38_G"
[271] "chr9_129428630_C_T_b38_C" "chr9_129428635_C_A_b38_C"
[273] "chr9_129428646_T_C_b38_T" "chr9_129428647_T_C_b38_T"
[275] "chr9_129428654_C_T_b38_C" "chr9_129428670_A_G_b38_A"
[277] "chr9_129428679_T_C_b38_T" "chr9_129428691_G_A_b38_G"
[279] "chr9_129428704_G_A_b38_G" "chr9_129428705_C_T_b38_C"
[281] "chr9_129428709_C_T_b38_C" "chr9_129428720_G_A_b38_G"
[283] "chr9_129429680_G_A_b38_G" "chr9_129429682_G_A_b38_G"
[285] "chr9_129429693_C_A_b38_C" "chr9_129429695_G_C_b38_G"
[287] "chr9_129429702_G_A_b38_G" "chr9_129429743_A_G_b38_A"
[289] "chr9_129429758_G_A_b38_G" "chr9_129429775_A_G_b38_A"
[291] "chr9_129429819_A_G_b38_A" "chr9_129429852_G_C_b38_G"
[293] "chr9_129429870_T_G_b38_T" "chr9_129429885_A_C_b38_A"
[295] "chr9_129429890_C_T_b38_C" "chr9_129429891_A_G_b38_A"
[297] "chr9_129429903_G_A_b38_G" "chr9_129429932_T_A_b38_T"
[299] "chr9_129429937_A_G_b38_A" "chr9_129429951_G_A_b38_G"
[301] "chr9_129429952_T_C_b38_T" "chr9_129429964_C_T_b38_C"
[303] "chr9_129429973_G_A_b38_G" "chr9_129429993_T_C_b38_T"
[305] "chr9_129429995_C_G_b38_C" "chr9_129430003_T_C_b38_T"
[307] "chr9_129430007_A_G_b38_A" "chr9_129430010_C_T_b38_C"
[309] "chr9_129430021_A_G_b38_A" "chr9_129430025_C_T_b38_C"
[311] "chr9_129430114_T_A_b38_T" "chr9_129430142_T_C_b38_T"
[313] "chr9_129430152_A_C_b38_A" "chr9_129430161_G_A_b38_G"
[315] "chr9_129430168_T_C_b38_T" "chr9_129430190_T_C_b38_T"
[317] "chr9_129430206_A_G_b38_A" "chr9_129430208_T_C_b38_T"
[319] "chr9_129430250_G_A_b38_G" "chr9_129430257_T_C_b38_T"
[321] "chr9_129430262_A_T_b38_A" "chr9_129430746_G_A_b38_G"
[323] "chr9_129430778_C_T_b38_C" "chr9_129430779_G_T_b38_G"
[325] "chr9_129430786_T_C_b38_T" "chr9_129430791_G_A_b38_G"
[327] "chr9_129430810_G_T_b38_G" "chr9_129430837_T_C_b38_T"
[329] "chr9_129430841_G_A_b38_G" "chr9_129430851_A_G_b38_A"
[331] "chr9_129430855_C_A_b38_C" "chr9_129430856_A_G_b38_A"
[333] "chr9_129430869_T_C_b38_T" "chr9_129430870_G_A_b38_G"
[335] "chr9_129430900_A_G_b38_A" "chr9_129430902_C_A_b38_C"
[337] "chr9_129430907_G_A_b38_G" "chr9_129430918_G_A_b38_G"
[339] "chr9_129430920_C_T_b38_C" "chr9_129430933_C_G_b38_C"
[341] "chr9_129430939_A_G_b38_A" "chr9_129430942_C_A_b38_C"
[343] "chr9_129430972_C_T_b38_C" "chr9_129430977_G_T_b38_G"
[345] "chr9_129431107_T_C_b38_T" "chr9_129431108_G_A_b38_G"
[347] "chr9_129431111_G_A_b38_G" "chr9_129431120_G_C_b38_G"
[349] "chr9_129431143_G_A_b38_G" "chr9_129431160_C_T_b38_C"
[351] "chr9_129431166_A_G_b38_A" "chr9_129431167_C_T_b38_C"
[353] "chr9_129431182_A_G_b38_A" "chr9_129431214_A_G_b38_A"
[355] "chr9_129431217_A_C_b38_A" "chr9_129431220_C_G_b38_C"
[357] "chr9_129431227_A_G_b38_A" "chr9_129431246_G_A_b38_G"
[359] "chr9_129431275_T_C_b38_T" "chr9_129431276_G_C_b38_G"
[361] "chr9_129431287_A_G_b38_A" "chr9_129431289_G_C_b38_G"
[363] "chr9_129431294_A_G_b38_A" "chr9_129431340_A_G_b38_A"
[365] "chr9_129431341_A_T_b38_A" "chr9_129431350_A_C_b38_A"
[367] "chr9_129431351_A_G_b38_A" "chr9_129431357_A_C_b38_A"
[369] "chr9_129431363_T_C_b38_T" "chr9_129431365_G_A_b38_G"
[371] "chr9_129431368_C_T_b38_C" "chr9_129431390_G_A_b38_G"
[373] "chr9_129431423_A_T_b38_A" "chr9_129431429_G_A_b38_G"
[375] "chr9_129431443_G_C_b38_G" "chr9_129431453_T_C_b38_T"
[377] "chr9_129431494_C_T_b38_C" "chr9_129431495_T_G_b38_T"
[379] "chr9_129431503_G_C_b38_G" "chr9_129431537_T_C_b38_T"
[381] "chr9_129431546_A_G_b38_A" "chr9_129431551_G_T_b38_G"
[383] "chr9_129431555_A_T_b38_A" "chr9_129431558_T_C_b38_T"
[385] "chr9_129431566_C_T_b38_C" "chr9_129431902_T_C_b38_T"
[387] "chr9_129431909_G_A_b38_G" "chr9_129431920_A_C_b38_A"
[389] "chr9_129432010_G_A_b38_G" "chr9_129432025_G_A_b38_G"
[391] "chr9_129432030_T_C_b38_T" "chr9_129432031_G_A_b38_G"
[393] "chr9_129432035_C_A_b38_C" "chr9_129432097_T_C_b38_T"
[395] "chr9_129432098_G_T_b38_G" "chr9_129432129_A_G_b38_A"
[397] "chr9_129432148_G_A_b38_G" "chr9_129432160_T_C_b38_T"
[399] "chr9_129432206_G_A_b38_G" "chr9_129432224_C_T_b38_C"
[401] "chr9_129432286_T_C_b38_T" "chr9_129432293_C_T_b38_C"
[403] "chr9_129432298_T_C_b38_T" "chr9_129432313_C_G_b38_C"
[405] "chr9_129432368_G_A_b38_G" "chr9_129432370_C_T_b38_C"
[407] "chr9_129432376_T_A_b38_T" "chr9_129432404_T_C_b38_T"
[409] "chr9_129432417_G_A_b38_G" "chr9_129432444_G_A_b38_G"
[411] "chr9_129432445_G_A_b38_G" "chr9_129432458_C_G_b38_C"
[413] "chr9_129432486_T_G_b38_T" "chr9_129432488_G_A_b38_G"
[415] "chr9_129432509_T_C_b38_T" "chr9_129432510_G_T_b38_G"
[417] "chr9_129432520_G_A_b38_G" "chr9_129432522_C_T_b38_C"
[419] "chr9_129432599_C_T_b38_C" "chr9_129432604_C_T_b38_C"
[421] "chr9_129432613_A_G_b38_A" "chr9_129432631_G_A_b38_G"
[423] "chr9_129432633_A_G_b38_A" "chr9_129432642_A_G_b38_A"
[425] "chr9_129432647_T_C_b38_T" "chr9_129432659_C_G_b38_C"
[427] "chr9_129432668_C_T_b38_C" "chr9_129432675_G_A_b38_G"
[429] "chr9_129432685_C_T_b38_C" "chr9_129432701_G_A_b38_G"
[431] "chr9_129432702_C_G_b38_C" "chr9_129432710_A_G_b38_A"
[433] "chr9_129432722_T_C_b38_T" "chr9_129432727_A_G_b38_A"
[435] "chr9_129432739_T_G_b38_T" "chr9_129432740_G_C_b38_G"
[437] "chr9_129432763_T_C_b38_T" "chr9_129432785_C_T_b38_C"
[439] "chr9_129432793_T_G_b38_T" "chr9_129432822_A_G_b38_A"
[441] "chr9_129432861_A_C_b38_A" "chr9_129432877_C_T_b38_C"
[443] "chr9_129432919_G_T_b38_G" "chr9_129432928_G_A_b38_G"
[445] "chr9_129432937_C_T_b38_C" "chr9_129432938_A_G_b38_A"
[447] "chr9_129432939_C_T_b38_C" "chr9_129432965_T_G_b38_T"
[449] "chr9_129432970_G_C_b38_G" "chr9_129432982_A_G_b38_A"
[451] "chr9_129432999_G_C_b38_G" "chr9_129433029_C_T_b38_C"
[453] "chr9_129433059_C_T_b38_C" "chr9_129433097_C_T_b38_C"
[455] "chr9_129433102_A_C_b38_A" "chr9_129433114_G_A_b38_G"
[457] "chr9_129433137_A_G_b38_A" "chr9_129433139_T_C_b38_T"
[459] "chr9_129433149_A_C_b38_A" "chr9_129433156_G_A_b38_G"
[461] "chr9_129433168_A_G_b38_A" "chr9_129433169_T_C_b38_T"
[463] "chr9_129433174_C_G_b38_C" "chr9_129433214_C_T_b38_C"
[465] "chr9_129433242_C_T_b38_C" "chr9_129433275_T_C_b38_T"
[467] "chr9_129433276_G_A_b38_G" "chr9_129433276_G_C_b38_G"
[469] "chr9_129433307_C_T_b38_C" "chr9_129433309_A_G_b38_A"
[471] "chr9_129433310_A_G_b38_A" "chr9_129433311_C_T_b38_C"
[473] "chr9_129433339_C_T_b38_C" "chr9_129433341_A_G_b38_A"
[475] "chr9_129433345_T_A_b38_T" "chr9_129433353_C_A_b38_C"
[477] "chr9_129433362_C_T_b38_C" "chr9_129433379_A_G_b38_A"
[479] "chr9_129433382_T_C_b38_T" "chr9_129433393_C_T_b38_C"
[481] "chr9_129433711_G_C_b38_G" "chr9_129433735_A_G_b38_A"
[483] "chr9_129433859_A_C_b38_A" "chr9_129433863_C_T_b38_C"
[485] "chr9_129433866_C_A_b38_C" "chr9_129433868_C_A_b38_C"
[487] "chr9_129433876_C_T_b38_C" "chr9_129433877_A_G_b38_A"
[489] "chr9_129433881_C_T_b38_C" "chr9_129433899_C_T_b38_C"
[491] "chr9_129433902_G_A_b38_G" "chr9_129433905_G_A_b38_G"
[493] "chr9_129433906_C_T_b38_C" "chr9_129433917_C_G_b38_C"
[495] "chr9_129433920_G_T_b38_G" "chr9_129433927_C_A_b38_C"
[497] "chr9_129433977_T_A_b38_T" "chr9_129433993_C_T_b38_C"
[499] "chr9_129434027_G_A_b38_G" "chr9_129434038_G_A_b38_G"
[501] "chr9_129434050_T_C_b38_T" "chr9_129434104_T_A_b38_T"
[503] "chr9_129434116_A_G_b38_A" "chr9_129434128_T_G_b38_T"
[505] "chr9_129434155_G_A_b38_G" "chr9_129434185_C_G_b38_C"
[507] "chr9_129434194_G_T_b38_G" "chr9_129434196_A_C_b38_A"
[509] "chr9_129434197_T_C_b38_T" "chr9_129434202_T_C_b38_T"
[511] "chr9_129434221_T_C_b38_T" "chr9_129434250_A_G_b38_A"
[513] "chr9_129434252_G_T_b38_G" "chr9_129434254_T_C_b38_T"
[515] "chr9_129434260_T_C_b38_T" "chr9_129434265_T_C_b38_T"
[517] "chr9_129434281_C_A_b38_C" "chr9_129434282_A_G_b38_A"
[519] "chr9_129434291_T_C_b38_T" "chr9_129434295_G_A_b38_G"
[521] "chr9_129434308_T_C_b38_T" "chr9_129434313_A_G_b38_A"
[523] "chr9_129434321_C_G_b38_C" "chr9_129434334_C_T_b38_C"
[525] "chr9_129434340_T_C_b38_T" "chr9_129434411_C_G_b38_C"
[527] "chr9_129434414_G_A_b38_G" "chr9_129434421_T_C_b38_T"
[529] "chr9_129434436_T_C_b38_T" "chr9_129434445_G_A_b38_G"
[531] "chr9_129434451_T_A_b38_T" "chr9_129434453_C_A_b38_C"
[533] "chr9_129434459_T_C_b38_T" "chr9_129434463_C_T_b38_C"
[535] "chr9_129434470_T_C_b38_T" "chr9_129434523_A_G_b38_A"
[537] "chr9_129434533_T_A_b38_T" "chr9_129434544_C_T_b38_C"
[539] "chr9_129434588_C_T_b38_C" "chr9_129434622_C_A_b38_C"
[541] "chr9_129434623_G_A_b38_G" "chr9_129434652_C_T_b38_C"
[543] "chr9_129434672_G_A_b38_G" "chr9_129434686_C_T_b38_C"
[545] "chr9_129434713_G_C_b38_G" "chr9_129434729_C_T_b38_C"
[547] "chr9_129434731_G_C_b38_G" "chr9_129434737_T_C_b38_T"
[549] "chr9_129434740_A_G_b38_A" "chr9_129434749_T_A_b38_T"
[551] "chr9_129434751_A_C_b38_A" "chr9_129434767_G_A_b38_G"
[553] "chr9_129434773_C_G_b38_C" "chr9_129434775_T_C_b38_T"
[555] "chr9_129434776_G_A_b38_G" "chr9_129434785_C_T_b38_C"
[557] "chr9_129434796_G_A_b38_G" "chr9_129434811_T_C_b38_T"
[559] "chr9_129435475_A_C_b38_A" "chr9_129435479_G_C_b38_G"
[561] "chr9_129435488_C_A_b38_C" "chr9_129435489_G_T_b38_G"
[563] "chr9_129435496_A_C_b38_A" "chr9_129435498_A_T_b38_A"
[565] "chr9_129435502_T_C_b38_T" "chr9_129435504_C_T_b38_C"
[567] "chr9_129435528_C_T_b38_C" "chr9_129435538_C_T_b38_C"
[569] "chr9_129435552_C_T_b38_C" "chr9_129435553_A_G_b38_A"
[571] "chr9_129435583_G_A_b38_G" "chr9_129435588_A_G_b38_A"
[573] "chr9_129435604_G_C_b38_G" "chr9_129435634_C_T_b38_C"
[575] "chr9_129435651_G_T_b38_G" "chr9_129435658_C_T_b38_C"
[577] "chr9_129435662_A_T_b38_A" "chr9_129435667_G_T_b38_G"
[579] "chr9_129435668_A_T_b38_A" "chr9_129435704_T_C_b38_T"
[581] "chr9_129435759_G_A_b38_G" "chr9_129435766_G_C_b38_G"
[583] "chr9_129435784_C_T_b38_C" "chr9_129435809_C_T_b38_C"
[585] "chr9_129435810_C_G_b38_C" "chr9_129435816_A_C_b38_A"
[587] "chr9_129435833_G_A_b38_G" "chr9_129435839_G_A_b38_G"
[589] "chr9_129435842_A_G_b38_A" "chr9_129435851_A_G_b38_A"
[591] "chr9_129435852_C_G_b38_C" "chr9_129435856_C_T_b38_C"
[593] "chr9_129435877_G_T_b38_G" "chr9_129435879_C_A_b38_C"
[595] "chr9_129435880_T_C_b38_T" "chr9_129435881_G_A_b38_G"
[597] "chr9_129435901_T_C_b38_T" "chr9_129435917_T_A_b38_T"
[599] "chr9_129436000_C_A_b38_C" "chr9_129436004_T_C_b38_T"
[601] "chr9_129436040_T_C_b38_T" "chr9_129436041_G_C_b38_G"
[603] "chr9_129436051_G_A_b38_G" "chr9_129436058_T_C_b38_T"
[605] "chr9_129436075_G_A_b38_G" "chr9_129436088_C_G_b38_C"
[607] "chr9_129436090_T_A_b38_T" "chr9_129436168_G_A_b38_G"
[609] "chr9_129436172_G_A_b38_G" "chr9_129436187_T_C_b38_T"
[611] "chr9_129436188_G_A_b38_G" "chr9_129436222_C_T_b38_C"
[613] "chr9_129436229_A_G_b38_A" "chr9_129436235_T_C_b38_T"
[615] "chr9_129436240_T_C_b38_T" "chr9_129436241_G_A_b38_G"
[617] "chr9_129436271_G_A_b38_G" "chr9_129436281_A_G_b38_A"
[619] "chr9_129436296_T_G_b38_T" "chr9_129436297_G_T_b38_G"
[621] "chr9_129436304_A_G_b38_A" "chr9_129436311_A_G_b38_A"
[623] "chr9_129436329_G_A_b38_G" "chr9_129436341_T_C_b38_T"
[625] "chr9_129436346_T_G_b38_T" "chr9_129436352_T_C_b38_T"
[627] "chr9_129436374_T_C_b38_T" "chr9_129436381_T_A_b38_T"
[629] "chr9_129436390_A_C_b38_A" "chr9_129436395_T_C_b38_T"
[631] "chr9_129436402_G_A_b38_G" "chr9_129436410_T_C_b38_T"
[633] "chr9_129436415_G_A_b38_G" "chr9_129436432_C_A_b38_C"
[635] "chr9_129436443_T_G_b38_T" "chr9_129436486_G_A_b38_G"
[637] "chr9_129436489_T_C_b38_T" "chr9_129436503_C_T_b38_C"
[639] "chr9_129436513_G_C_b38_G" "chr9_129436517_C_A_b38_C"
[641] "chr9_129436544_G_A_b38_G" "chr9_129436547_G_A_b38_G"
[643] "chr9_129436639_A_C_b38_A" "chr9_129436641_T_G_b38_T"
[645] "chr9_129436664_C_G_b38_C" "chr9_129436678_C_G_b38_C"
[647] "chr9_129436691_A_G_b38_A" "chr9_129436692_G_C_b38_G"
[649] "chr9_129436766_A_G_b38_A" "chr9_129436780_C_T_b38_C"
[651] "chr9_129436799_C_T_b38_C" "chr9_129436811_C_G_b38_C"
[653] "chr9_129436829_C_T_b38_C" "chr9_129436851_G_C_b38_G"
[655] "chr9_129436852_A_T_b38_A" "chr9_129436894_A_G_b38_A"
[657] "chr9_129436910_A_G_b38_A" "chr9_129436920_G_C_b38_G"
[659] "chr9_129436924_T_A_b38_T" "chr9_129436931_A_T_b38_A"
[661] "chr9_129436945_C_G_b38_C" "chr9_129436948_A_T_b38_A"
[663] "chr9_129436977_C_T_b38_C" "chr9_129436980_G_T_b38_G"
[665] "chr9_129436982_G_A_b38_G" "chr9_129436992_A_G_b38_A"
[667] "chr9_129437005_C_T_b38_C" "chr9_129437009_C_T_b38_C"
[669] "chr9_129437019_A_G_b38_A" "chr9_129437033_A_T_b38_A"
[671] "chr9_129437058_G_A_b38_G" "chr9_129437077_G_T_b38_G"
[673] "chr9_129437095_G_C_b38_G" "chr9_129437098_G_A_b38_G"
[675] "chr9_129437154_T_G_b38_T" "chr9_129437156_G_C_b38_G"
[677] "chr9_129437157_T_G_b38_T" "chr9_129437165_A_G_b38_A"
[679] "chr9_129437180_C_A_b38_C" "chr9_129437184_G_A_b38_G"
[681] "chr9_129437192_G_T_b38_G" "chr9_129437202_C_T_b38_C"
[683] "chr9_129437222_C_T_b38_C" "chr9_129437227_T_C_b38_T"
[685] "chr9_129437235_A_C_b38_A" "chr9_129437242_C_T_b38_C"
[687] "chr9_129437244_C_A_b38_C" "chr9_129437246_G_T_b38_G"
[689] "chr9_129437253_G_A_b38_G" "chr9_129437254_C_T_b38_C"
[691] "chr9_129437259_C_T_b38_C" "chr9_129437313_C_T_b38_C"
[693] "chr9_129437334_G_C_b38_G" "chr9_129437369_G_A_b38_G"
[695] "chr9_129437410_A_G_b38_A" "chr9_129437414_C_A_b38_C"
[697] "chr9_129437421_G_T_b38_G" "chr9_129437515_A_G_b38_A"
[699] "chr9_129437678_T_C_b38_T" "chr9_129437680_T_G_b38_T"
[701] "chr9_129437687_G_A_b38_G" "chr9_129437704_C_G_b38_C"
[703] "chr9_129437733_G_A_b38_G" "chr9_129437739_A_G_b38_A"
[705] "chr9_129437753_T_C_b38_T" "chr9_129437765_G_T_b38_G"
[707] "chr9_129437808_G_A_b38_G" "chr9_129437815_A_G_b38_A"
[709] "chr9_129437838_C_T_b38_C" "chr9_129437857_T_C_b38_T"
[711] "chr9_129437897_G_C_b38_G" "chr9_129437903_A_G_b38_A"
[713] "chr9_129437904_C_T_b38_C" "chr9_129437932_C_G_b38_C"
[715] "chr9_129437963_G_A_b38_G" "chr9_129437996_A_T_b38_A"
[717] "chr9_129438011_C_T_b38_C" "chr9_129438015_G_A_b38_G"
[719] "chr9_129438017_C_T_b38_C" "chr9_129438020_T_A_b38_T"
[721] "chr9_129438041_G_A_b38_G" "chr9_129438045_G_A_b38_G"
[723] "chr9_129438063_C_A_b38_C" "chr9_129438081_T_G_b38_T"
[725] "chr9_129438085_G_A_b38_G" "chr9_129438116_C_T_b38_C"
[727] "chr9_129438137_G_A_b38_G" "chr9_129438141_C_T_b38_C"
[729] "chr9_129438154_G_C_b38_G" "chr9_129438155_G_A_b38_G"
[731] "chr9_129438158_G_C_b38_G" "chr9_129438172_C_A_b38_C"
[733] "chr9_129438199_A_T_b38_A" "chr9_129438204_C_G_b38_C"
[735] "chr9_129438231_C_A_b38_C" "chr9_129438262_A_C_b38_A"
[737] "chr9_129438272_T_C_b38_T" "chr9_129438351_C_A_b38_C"
[739] "chr9_129438384_G_C_b38_G" "chr9_129438394_C_G_b38_C"
[741] "chr9_129438397_C_T_b38_C" "chr9_129438398_A_G_b38_A"
[743] "chr9_129438403_A_C_b38_A" "chr9_129438406_A_C_b38_A"
[745] "chr9_129438407_A_T_b38_A" "chr9_129438417_G_A_b38_G"
[747] "chr9_129438421_C_T_b38_C" "chr9_129438838_C_T_b38_C"
[749] "chr9_129438851_G_T_b38_G" "chr9_129438855_G_A_b38_G"
[751] "chr9_129438885_T_A_b38_T" "chr9_129438896_T_C_b38_T"
[753] "chr9_129438923_A_T_b38_A" "chr9_129438927_A_G_b38_A"
[755] "chr9_129438928_C_T_b38_C" "chr9_129438952_G_A_b38_G"
[757] "chr9_129438966_C_G_b38_C" "chr9_129439012_T_C_b38_T"
[759] "chr9_129439013_G_A_b38_G" "chr9_129439016_A_G_b38_A"
[761] "chr9_129439023_G_A_b38_G" "chr9_129439032_T_C_b38_T"
[763] "chr9_129439040_A_G_b38_A" "chr9_129439078_C_T_b38_C"
[765] "chr9_129439109_G_C_b38_G" "chr9_129439115_T_A_b38_T"
[767] "chr9_129439117_T_C_b38_T" "chr9_129439164_C_T_b38_C"
[769] "chr9_129439176_T_G_b38_T" "chr9_129439186_C_T_b38_C"
[771] "chr9_129439218_G_T_b38_G" "chr9_129439247_C_A_b38_C"
[773] "chr9_129439250_A_G_b38_A" "chr9_129439256_C_T_b38_C"
[775] "chr9_129439265_T_A_b38_T" "chr9_129439292_A_G_b38_A"
[777] "chr9_129439307_G_T_b38_G" "chr9_129439309_G_C_b38_G"
[779] "chr9_129439324_G_T_b38_G" "chr9_129439329_T_C_b38_T"
[781] "chr9_129439336_A_T_b38_A" "chr9_129439353_A_G_b38_A"
[783] "chr9_129439362_G_A_b38_G" "chr9_129439377_C_T_b38_C"
[785] "chr9_129439384_G_A_b38_G" "chr9_129439388_C_G_b38_C"
[787] "chr9_129439391_T_G_b38_T" "chr9_129439397_T_A_b38_T"
[789] "chr9_129439415_G_T_b38_G" "chr9_129439418_C_A_b38_C"
[791] "chr9_129439428_A_T_b38_A" "chr9_129439488_T_C_b38_T"
[793] "chr9_129439494_G_A_b38_G" "chr9_129439534_C_A_b38_C"
[795] "chr9_129439607_T_A_b38_T" "chr9_129439618_T_C_b38_T"
[797] "chr9_129439640_C_T_b38_C" "chr9_129439664_C_A_b38_C"
[799] "chr9_129439685_T_A_b38_T" "chr9_129439697_G_A_b38_G"
[801] "chr9_129439701_G_T_b38_G" "chr9_129439709_T_C_b38_T"
[803] "chr9_129439710_G_A_b38_G" "chr9_129439724_G_A_b38_G"
[805] "chr9_129439734_C_A_b38_C" "chr9_129439741_A_G_b38_A"
[807] "chr9_129439746_T_C_b38_T" "chr9_129439763_T_G_b38_T"
[809] "chr9_129439766_C_G_b38_C" "chr9_129440307_A_G_b38_A"
[811] "chr9_129440334_C_T_b38_C" "chr9_129440338_T_C_b38_T"
[813] "chr9_129440339_G_A_b38_G" "chr9_129440395_T_C_b38_T"
[815] "chr9_129440415_A_G_b38_A" "chr9_129440420_T_G_b38_T"
[817] "chr9_129440440_G_C_b38_G" "chr9_129440448_T_C_b38_T"
[819] "chr9_129440449_G_A_b38_G" "chr9_129440466_G_A_b38_G"
[821] "chr9_129440486_A_G_b38_A" "chr9_129440509_A_C_b38_A"
[823] "chr9_129440515_C_T_b38_C" "chr9_129440516_A_G_b38_A"
[825] "chr9_129440604_G_A_b38_G" "chr9_129440607_A_G_b38_A"
[827] "chr9_129440613_G_A_b38_G" "chr9_129440621_C_T_b38_C"
[829] "chr9_129440643_G_A_b38_G" "chr9_129441012_G_C_b38_G"
[831] "chr9_129441077_G_C_b38_G" "chr9_129441078_C_A_b38_C"
[833] "chr9_129441093_A_G_b38_A" "chr9_129441099_T_A_b38_T"
[835] "chr9_129441109_C_T_b38_C" "chr9_129441118_C_G_b38_C"
[837] "chr9_129441153_T_C_b38_T" "chr9_129441158_C_T_b38_C"
[839] "chr9_129441192_G_A_b38_G" "chr9_129441211_G_T_b38_G"
[841] "chr9_129441272_T_C_b38_T" "chr9_129441278_C_G_b38_C"
[843] "chr9_129441301_A_G_b38_A" "chr9_129441309_C_T_b38_C"
[845] "chr9_129441310_A_G_b38_A" "chr9_129441320_G_A_b38_G"
[847] "chr9_129441339_C_G_b38_C" "chr9_129441349_A_T_b38_A"
[849] "chr9_129441372_G_A_b38_G" "chr9_129441380_C_T_b38_C"
[851] "chr9_129441383_C_A_b38_C" "chr9_129441387_G_A_b38_G"
[853] "chr9_129441399_G_A_b38_G" "chr9_129441402_A_G_b38_A"
[855] "chr9_129441768_C_T_b38_C" "chr9_129441769_A_G_b38_A"
[857] "chr9_129441780_T_G_b38_T" "chr9_129441786_T_C_b38_T"
[859] "chr9_129441789_C_T_b38_C" "chr9_129441798_T_C_b38_T"
[861] "chr9_129441807_G_A_b38_G" "chr9_129441814_G_C_b38_G"
[863] "chr9_129441847_G_A_b38_G" "chr9_129441851_C_T_b38_C"
[865] "chr9_129441866_A_G_b38_A" "chr9_129441881_A_G_b38_A"
[867] "chr9_129441901_A_G_b38_A" "chr9_129441937_T_C_b38_T"
[869] "chr9_129441941_A_T_b38_A" "chr9_129441959_C_T_b38_C"
[871] "chr9_129442030_C_G_b38_C" "chr9_129442035_G_A_b38_G"
[873] "chr9_129442051_G_A_b38_G" "chr9_129442059_A_G_b38_A"
[875] "chr9_129442092_T_C_b38_T" "chr9_129442111_T_C_b38_T"
[877] "chr9_129442701_C_A_b38_C" "chr9_129442746_C_T_b38_C"
[879] "chr9_129442757_C_A_b38_C" "chr9_129442759_A_G_b38_A"
[881] "chr9_129442775_C_T_b38_C" "chr9_129442785_C_T_b38_C"
[883] "chr9_129442809_G_T_b38_G" "chr9_129442810_C_G_b38_C"
[885] "chr9_129442815_G_A_b38_G" "chr9_129442832_A_G_b38_A"
[887] "chr9_129442835_C_T_b38_C" "chr9_129442838_T_C_b38_T"
[889] "chr9_129442842_C_T_b38_C" "chr9_129442889_T_C_b38_T"
[891] "chr9_129443106_G_A_b38_G" "chr9_129443125_T_C_b38_T"
[893] "chr9_129443132_T_C_b38_T" "chr9_129443144_T_C_b38_T"
[895] "chr9_129443145_C_G_b38_C" "chr9_129443158_C_T_b38_C"
[897] "chr9_129443167_G_A_b38_G" "chr9_129443193_C_G_b38_C"
[899] "chr9_129443257_G_A_b38_G" "chr9_129443300_C_T_b38_C"
[901] "chr9_129443301_C_T_b38_C" "chr9_129443308_T_C_b38_T"
[903] "chr9_129443314_C_T_b38_C" "chr9_129443315_A_G_b38_A"
[905] "chr9_129443319_C_T_b38_C" "chr9_129443350_G_C_b38_G"
[907] "chr9_129443427_T_C_b38_T" "chr9_129443458_A_G_b38_A"
[909] "chr9_129443471_A_C_b38_A" "chr9_129443483_A_G_b38_A"
[911] "chr9_129443501_C_T_b38_C" "chr9_129443502_A_G_b38_A"
[913] "chr9_129443564_G_A_b38_G" "chr9_129443567_T_C_b38_T"
[915] "chr9_129443573_G_T_b38_G" "chr9_129443592_G_A_b38_G"
[917] "chr9_129443596_T_A_b38_T" "chr9_129443607_C_A_b38_C"
[919] "chr9_129443633_T_A_b38_T" "chr9_129443636_T_G_b38_T"
[921] "chr9_129443669_A_G_b38_A" "chr9_129443761_G_A_b38_G"
[923] "chr9_129443765_C_T_b38_C" "chr9_129443774_T_C_b38_T"
[925] "chr9_129443775_G_A_b38_G" "chr9_129443787_C_T_b38_C"
[927] "chr9_129443867_G_A_b38_G" "chr9_129443906_C_T_b38_C"
[929] "chr9_129443929_A_T_b38_A" "chr9_129443962_G_A_b38_G"
[931] "chr9_129443988_C_T_b38_C" "chr9_129443998_C_A_b38_C"
[933] "chr9_129444000_T_C_b38_T" "chr9_129444001_G_A_b38_G"
[935] "chr9_129444016_T_C_b38_T" "chr9_129444017_G_A_b38_G"
[937] "chr9_129467047_T_G_b38_T" "chr9_129478769_A_G_b38_A"
[939] "chr9_129596548_T_C_b38_T"
6 SNP(s) removed because HWE P < 1e-08 :
[1] "chr20_10017841_A_G_b38_A" "chr20_10147095_G_C_b38_G"
[3] "chr20_10474781_A_C_b38_A" "chr20_10571961_A_G_b38_A"
[5] "chr20_10605064_A_G_b38_A" "chr20_10801743_G_C_b38_G"
22 SNP(s) removed because HWE P < 1e-08 :
 [1] "chr4_8044692_G_T_b38_G" "chr4_8044693_A_C_b38_A" "chr4_8059763_G_A_b38_G"
 [4] "chr4_8100031_G_T_b38_G" "chr4_8100581_C_T_b38_C" "chr4_8306668_C_G_b38_C"
 [7] "chr4_8557849_T_C_b38_T" "chr4_8557938_A_C_b38_A" "chr4_8557958_G_A_b38_G"
[10] "chr4_8557961_C_T_b38_C" "chr4_8585626_A_G_b38_A" "chr4_8603756_G_C_b38_G"
[13] "chr4_8632004_T_A_b38_T" "chr4_8632045_A_G_b38_A" "chr4_8635779_A_G_b38_A"
[16] "chr4_8655103_T_G_b38_T" "chr4_8655200_C_G_b38_C" "chr4_8656155_G_C_b38_G"
[19] "chr4_8659539_G_A_b38_G" "chr4_8661217_T_G_b38_T" "chr4_8674262_C_G_b38_C"
[22] "chr4_8677036_C_A_b38_C"
8 SNP(s) removed because HWE P < 1e-08 :
[1] "chr15_64937983_T_C_b38_T" "chr15_64941973_T_A_b38_T"
[3] "chr15_64943304_T_A_b38_T" "chr15_64943631_C_T_b38_C"
[5] "chr15_64945162_C_A_b38_C" "chr15_64961454_C_T_b38_C"
[7] "chr15_65367165_G_A_b38_G" "chr15_65610463_A_C_b38_A"
56 SNP(s) removed because HWE P < 1e-08 :
 [1] "chr2_234571796_G_C_b38_G" "chr2_234679043_G_T_b38_G"
 [3] "chr2_234679188_T_C_b38_T" "chr2_234758936_C_T_b38_C"
 [5] "chr2_234758982_T_C_b38_T" "chr2_234760203_A_G_b38_A"
 [7] "chr2_234760375_C_T_b38_C" "chr2_234888396_A_G_b38_A"
 [9] "chr2_234888758_T_C_b38_T" "chr2_234894832_A_C_b38_A"
[11] "chr2_234894910_G_A_b38_G" "chr2_234894973_T_C_b38_T"
[13] "chr2_234895017_A_G_b38_A" "chr2_234895077_T_C_b38_T"
[15] "chr2_234895138_G_A_b38_G" "chr2_234895180_T_G_b38_T"
[17] "chr2_234895243_G_C_b38_G" "chr2_234895404_A_G_b38_A"
[19] "chr2_234895495_A_G_b38_A" "chr2_234895594_G_T_b38_G"
[21] "chr2_234895605_G_A_b38_G" "chr2_234895717_A_C_b38_A"
[23] "chr2_234895726_G_A_b38_G" "chr2_234895744_C_T_b38_C"
[25] "chr2_234895756_C_A_b38_C" "chr2_234895848_T_A_b38_T"
[27] "chr2_234895974_C_T_b38_C" "chr2_234895996_G_A_b38_G"
[29] "chr2_234896107_C_G_b38_C" "chr2_234896219_G_C_b38_G"
[31] "chr2_234896302_G_C_b38_G" "chr2_234896331_A_G_b38_A"
[33] "chr2_235001953_C_T_b38_C" "chr2_235013109_C_A_b38_C"
[35] "chr2_235013502_C_T_b38_C" "chr2_235014147_A_G_b38_A"
[37] "chr2_235014329_G_T_b38_G" "chr2_235016380_G_A_b38_G"
[39] "chr2_235017019_T_C_b38_T" "chr2_235018342_C_T_b38_C"
[41] "chr2_235031472_C_T_b38_C" "chr2_235062147_T_G_b38_T"
[43] "chr2_235255566_C_A_b38_C" "chr2_235294463_A_G_b38_A"
[45] "chr2_235316147_T_C_b38_T" "chr2_235374434_A_G_b38_A"
[47] "chr2_235375213_T_C_b38_T" "chr2_235375341_T_C_b38_T"
[49] "chr2_235376857_G_A_b38_G" "chr2_235378897_A_T_b38_A"
[51] "chr2_235380311_G_A_b38_G" "chr2_235383464_G_A_b38_G"
[53] "chr2_235385818_T_C_b38_T" "chr2_235399509_A_G_b38_A"
[55] "chr2_235401021_T_A_b38_T" "chr2_235450334_T_C_b38_T"
22 SNP(s) removed because HWE P < 1e-08 :
 [1] "chr4_8044692_G_T_b38_G" "chr4_8044693_A_C_b38_A" "chr4_8059763_G_A_b38_G"
 [4] "chr4_8100031_G_T_b38_G" "chr4_8100581_C_T_b38_C" "chr4_8306668_C_G_b38_C"
 [7] "chr4_8557849_T_C_b38_T" "chr4_8557938_A_C_b38_A" "chr4_8557958_G_A_b38_G"
[10] "chr4_8557961_C_T_b38_C" "chr4_8585626_A_G_b38_A" "chr4_8603756_G_C_b38_G"
[13] "chr4_8632004_T_A_b38_T" "chr4_8632045_A_G_b38_A" "chr4_8635779_A_G_b38_A"
[16] "chr4_8655103_T_G_b38_T" "chr4_8655200_C_G_b38_C" "chr4_8656155_G_C_b38_G"
[19] "chr4_8659539_G_A_b38_G" "chr4_8661217_T_G_b38_T" "chr4_8674262_C_G_b38_C"
[22] "chr4_8677036_C_A_b38_C"
22 SNP(s) removed because HWE P < 1e-08 :
 [1] "chr4_8044692_G_T_b38_G" "chr4_8044693_A_C_b38_A" "chr4_8059763_G_A_b38_G"
 [4] "chr4_8100031_G_T_b38_G" "chr4_8100581_C_T_b38_C" "chr4_8306668_C_G_b38_C"
 [7] "chr4_8557849_T_C_b38_T" "chr4_8557938_A_C_b38_A" "chr4_8557958_G_A_b38_G"
[10] "chr4_8557961_C_T_b38_C" "chr4_8585626_A_G_b38_A" "chr4_8603756_G_C_b38_G"
[13] "chr4_8632004_T_A_b38_T" "chr4_8632045_A_G_b38_A" "chr4_8635779_A_G_b38_A"
[16] "chr4_8655103_T_G_b38_T" "chr4_8655200_C_G_b38_C" "chr4_8656155_G_C_b38_G"
[19] "chr4_8659539_G_A_b38_G" "chr4_8661217_T_G_b38_T" "chr4_8674262_C_G_b38_C"
[22] "chr4_8677036_C_A_b38_C"
51 SNP(s) removed because HWE P < 1e-08 :
 [1] "chr19_50749708_G_C_b38_G" "chr19_50842031_A_G_b38_A"
 [3] "chr19_50896788_T_C_b38_T" "chr19_50897100_A_G_b38_A"
 [5] "chr19_50897145_C_T_b38_C" "chr19_50948431_C_T_b38_C"
 [7] "chr19_50957933_A_G_b38_A" "chr19_51083323_T_G_b38_T"
 [9] "chr19_51107599_A_G_b38_A" "chr19_51107741_T_G_b38_T"
[11] "chr19_51108006_G_A_b38_G" "chr19_51116302_T_C_b38_T"
[13] "chr19_51120922_T_G_b38_T" "chr19_51121015_T_G_b38_T"
[15] "chr19_51121279_T_C_b38_T" "chr19_51121832_A_C_b38_A"
[17] "chr19_51121942_T_C_b38_T" "chr19_51122379_A_G_b38_A"
[19] "chr19_51122568_A_G_b38_A" "chr19_51122642_G_C_b38_G"
[21] "chr19_51123685_A_G_b38_A" "chr19_51136723_A_G_b38_A"
[23] "chr19_51172375_T_C_b38_T" "chr19_51173311_A_G_b38_A"
[25] "chr19_51173876_T_C_b38_T" "chr19_51184134_C_T_b38_C"
[27] "chr19_51201503_A_G_b38_A" "chr19_51208344_T_C_b38_T"
[29] "chr19_51208365_C_T_b38_C" "chr19_51212754_T_C_b38_T"
[31] "chr19_51235665_T_C_b38_T" "chr19_51251278_A_C_b38_A"
[33] "chr19_51280161_A_G_b38_A" "chr19_51280387_C_T_b38_C"
[35] "chr19_51281207_G_A_b38_G" "chr19_51282770_C_G_b38_C"
[37] "chr19_51283428_T_C_b38_T" "chr19_51284112_C_T_b38_C"
[39] "chr19_51284184_A_C_b38_A" "chr19_51285176_C_A_b38_C"
[41] "chr19_51285861_G_A_b38_G" "chr19_51287738_T_C_b38_T"
[43] "chr19_51290510_A_C_b38_A" "chr19_51291857_T_G_b38_T"
[45] "chr19_51293045_T_C_b38_T" "chr19_51298175_C_T_b38_C"
[47] "chr19_51358092_C_G_b38_C" "chr19_51447917_C_T_b38_C"
[49] "chr19_51447928_A_G_b38_A" "chr19_51448049_T_G_b38_T"
[51] "chr19_51457686_A_G_b38_A"
4 SNP(s) removed because HWE P < 1e-08 :
[1] "chr5_163006321_G_C_b38_G" "chr5_163010219_A_G_b38_A"
[3] "chr5_163029144_T_C_b38_T" "chr5_163034093_T_C_b38_T"
6 SNP(s) removed because HWE P < 1e-08 :
[1] "chr13_29549344_C_T_b38_C" "chr13_29949626_G_C_b38_G"
[3] "chr13_30062346_T_C_b38_T" "chr13_30062379_G_C_b38_G"
[5] "chr13_30121793_C_T_b38_C" "chr13_30160356_C_T_b38_C"
51 SNP(s) removed because HWE P < 1e-08 :
 [1] "chr19_50749708_G_C_b38_G" "chr19_50842031_A_G_b38_A"
 [3] "chr19_50896788_T_C_b38_T" "chr19_50897100_A_G_b38_A"
 [5] "chr19_50897145_C_T_b38_C" "chr19_50948431_C_T_b38_C"
 [7] "chr19_50957933_A_G_b38_A" "chr19_51083323_T_G_b38_T"
 [9] "chr19_51107599_A_G_b38_A" "chr19_51107741_T_G_b38_T"
[11] "chr19_51108006_G_A_b38_G" "chr19_51116302_T_C_b38_T"
[13] "chr19_51120922_T_G_b38_T" "chr19_51121015_T_G_b38_T"
[15] "chr19_51121279_T_C_b38_T" "chr19_51121832_A_C_b38_A"
[17] "chr19_51121942_T_C_b38_T" "chr19_51122379_A_G_b38_A"
[19] "chr19_51122568_A_G_b38_A" "chr19_51122642_G_C_b38_G"
[21] "chr19_51123685_A_G_b38_A" "chr19_51136723_A_G_b38_A"
[23] "chr19_51172375_T_C_b38_T" "chr19_51173311_A_G_b38_A"
[25] "chr19_51173876_T_C_b38_T" "chr19_51184134_C_T_b38_C"
[27] "chr19_51201503_A_G_b38_A" "chr19_51208344_T_C_b38_T"
[29] "chr19_51208365_C_T_b38_C" "chr19_51212754_T_C_b38_T"
[31] "chr19_51235665_T_C_b38_T" "chr19_51251278_A_C_b38_A"
[33] "chr19_51280161_A_G_b38_A" "chr19_51280387_C_T_b38_C"
[35] "chr19_51281207_G_A_b38_G" "chr19_51282770_C_G_b38_C"
[37] "chr19_51283428_T_C_b38_T" "chr19_51284112_C_T_b38_C"
[39] "chr19_51284184_A_C_b38_A" "chr19_51285176_C_A_b38_C"
[41] "chr19_51285861_G_A_b38_G" "chr19_51287738_T_C_b38_T"
[43] "chr19_51290510_A_C_b38_A" "chr19_51291857_T_G_b38_T"
[45] "chr19_51293045_T_C_b38_T" "chr19_51298175_C_T_b38_C"
[47] "chr19_51358092_C_G_b38_C" "chr19_51447917_C_T_b38_C"
[49] "chr19_51447928_A_G_b38_A" "chr19_51448049_T_G_b38_T"
[51] "chr19_51457686_A_G_b38_A"
61 SNP(s) removed because HWE P < 1e-08 :
 [1] "chr14_94349903_A_G_b38_A" "chr14_94370690_A_G_b38_A"
 [3] "chr14_94370732_C_A_b38_C" "chr14_94370742_C_T_b38_C"
 [5] "chr14_94370745_G_A_b38_G" "chr14_94378897_G_C_b38_G"
 [7] "chr14_94378898_T_C_b38_T" "chr14_94378900_A_G_b38_A"
 [9] "chr14_94378934_A_T_b38_A" "chr14_94378941_G_A_b38_G"
[11] "chr14_94380003_C_T_b38_C" "chr14_94380014_T_C_b38_T"
[13] "chr14_94380017_G_A_b38_G" "chr14_94380024_T_C_b38_T"
[15] "chr14_94380037_A_G_b38_A" "chr14_94380042_G_A_b38_G"
[17] "chr14_94380048_A_G_b38_A" "chr14_94380049_T_A_b38_T"
[19] "chr14_94380053_A_G_b38_A" "chr14_94380057_T_C_b38_T"
[21] "chr14_94380058_G_A_b38_G" "chr14_94380063_G_C_b38_G"
[23] "chr14_94380085_T_C_b38_T" "chr14_94380106_C_A_b38_C"
[25] "chr14_94380111_C_T_b38_C" "chr14_94380112_C_T_b38_C"
[27] "chr14_94380151_A_G_b38_A" "chr14_94380152_G_T_b38_G"
[29] "chr14_94380164_T_C_b38_T" "chr14_94380166_C_T_b38_C"
[31] "chr14_94380168_G_T_b38_G" "chr14_94380175_A_G_b38_A"
[33] "chr14_94380212_C_T_b38_C" "chr14_94380215_C_G_b38_C"
[35] "chr14_94380222_T_C_b38_T" "chr14_94380244_A_G_b38_A"
[37] "chr14_94380250_C_A_b38_C" "chr14_94380312_G_A_b38_G"
[39] "chr14_94380318_C_T_b38_C" "chr14_94380322_T_C_b38_T"
[41] "chr14_94380324_T_C_b38_T" "chr14_94380333_C_T_b38_C"
[43] "chr14_94380362_C_T_b38_C" "chr14_94380371_T_C_b38_T"
[45] "chr14_94446984_A_T_b38_A" "chr14_94455670_G_T_b38_G"
[47] "chr14_94467053_C_T_b38_C" "chr14_94468771_C_T_b38_C"
[49] "chr14_94578680_G_A_b38_G" "chr14_94637276_C_T_b38_C"
[51] "chr14_94638842_C_T_b38_C" "chr14_94639184_C_T_b38_C"
[53] "chr14_94657781_C_A_b38_C" "chr14_94717842_A_C_b38_A"
[55] "chr14_94757444_A_T_b38_A" "chr14_94763440_G_A_b38_G"
[57] "chr14_94821833_A_G_b38_A" "chr14_94971331_C_G_b38_C"
[59] "chr14_94972891_G_A_b38_G" "chr14_94986440_G_A_b38_G"
[61] "chr14_94988388_C_T_b38_C"
86 SNP(s) removed because HWE P < 1e-08 :
 [1] "chr11_12602581_C_A_b38_C" "chr11_12624958_C_A_b38_C"
 [3] "chr11_12709357_A_C_b38_A" "chr11_12711743_G_T_b38_G"
 [5] "chr11_12712147_G_A_b38_G" "chr11_12714195_C_T_b38_C"
 [7] "chr11_12714879_C_G_b38_C" "chr11_12715017_G_A_b38_G"
 [9] "chr11_12715147_C_T_b38_C" "chr11_12715325_A_G_b38_A"
[11] "chr11_12715946_C_T_b38_C" "chr11_12715993_T_C_b38_T"
[13] "chr11_12717103_G_A_b38_G" "chr11_12717141_C_A_b38_C"
[15] "chr11_12722267_A_G_b38_A" "chr11_12722492_G_A_b38_G"
[17] "chr11_12722623_A_G_b38_A" "chr11_12725406_G_A_b38_G"
[19] "chr11_12726375_G_A_b38_G" "chr11_12730213_C_A_b38_C"
[21] "chr11_12731602_A_G_b38_A" "chr11_12750963_G_C_b38_G"
[23] "chr11_12757747_T_C_b38_T" "chr11_12757888_G_T_b38_G"
[25] "chr11_12758617_C_T_b38_C" "chr11_12758709_T_C_b38_T"
[27] "chr11_12759469_G_A_b38_G" "chr11_12775522_G_C_b38_G"
[29] "chr11_12781165_A_G_b38_A" "chr11_12797262_G_A_b38_G"
[31] "chr11_12801705_T_G_b38_T" "chr11_12806545_C_T_b38_C"
[33] "chr11_12810221_C_T_b38_C" "chr11_12820345_A_C_b38_A"
[35] "chr11_12959220_G_C_b38_G" "chr11_13145421_T_C_b38_T"
[37] "chr11_13159063_A_T_b38_A" "chr11_13160043_T_C_b38_T"
[39] "chr11_13161191_T_G_b38_T" "chr11_13162034_C_T_b38_C"
[41] "chr11_13163679_G_A_b38_G" "chr11_13167486_A_G_b38_A"
[43] "chr11_13167824_C_G_b38_C" "chr11_13168039_T_G_b38_T"
[45] "chr11_13168424_A_T_b38_A" "chr11_13168751_C_A_b38_C"
[47] "chr11_13168868_C_G_b38_C" "chr11_13170516_C_T_b38_C"
[49] "chr11_13171300_T_A_b38_T" "chr11_13171711_G_C_b38_G"
[51] "chr11_13172324_A_C_b38_A" "chr11_13172527_T_C_b38_T"
[53] "chr11_13172742_G_A_b38_G" "chr11_13173008_G_A_b38_G"
[55] "chr11_13173311_A_C_b38_A" "chr11_13173332_G_A_b38_G"
[57] "chr11_13173916_G_A_b38_G" "chr11_13174617_C_T_b38_C"
[59] "chr11_13174658_A_G_b38_A" "chr11_13175460_G_T_b38_G"
[61] "chr11_13175491_T_C_b38_T" "chr11_13176427_A_G_b38_A"
[63] "chr11_13176535_G_A_b38_G" "chr11_13176583_C_T_b38_C"
[65] "chr11_13177356_T_C_b38_T" "chr11_13178288_C_T_b38_C"
[67] "chr11_13178878_C_T_b38_C" "chr11_13179392_C_G_b38_C"
[69] "chr11_13179991_G_A_b38_G" "chr11_13180396_T_C_b38_T"
[71] "chr11_13181122_C_T_b38_C" "chr11_13181132_T_A_b38_T"
[73] "chr11_13181163_T_G_b38_T" "chr11_13181254_G_A_b38_G"
[75] "chr11_13181293_C_T_b38_C" "chr11_13181360_G_A_b38_G"
[77] "chr11_13181664_A_G_b38_A" "chr11_13182114_G_A_b38_G"
[79] "chr11_13182203_G_A_b38_G" "chr11_13182610_C_T_b38_C"
[81] "chr11_13182823_T_C_b38_T" "chr11_13183287_G_A_b38_G"
[83] "chr11_13184213_G_A_b38_G" "chr11_13301971_T_C_b38_T"
[85] "chr11_13316281_G_A_b38_G" "chr11_13395112_C_G_b38_C"
22 SNP(s) removed because HWE P < 1e-08 :
 [1] "chr1_162353041_G_C_b38_G" "chr1_162353047_A_C_b38_A"
 [3] "chr1_162477576_G_A_b38_G" "chr1_162481393_G_A_b38_G"
 [5] "chr1_162483630_C_T_b38_C" "chr1_162701799_T_C_b38_T"
 [7] "chr1_162704548_G_A_b38_G" "chr1_162705250_T_C_b38_T"
 [9] "chr1_162706401_C_T_b38_C" "chr1_162710700_T_C_b38_T"
[11] "chr1_162714569_T_C_b38_T" "chr1_162722878_C_G_b38_C"
[13] "chr1_162733892_A_G_b38_A" "chr1_162742199_A_T_b38_A"
[15] "chr1_162742900_G_A_b38_G" "chr1_162743999_G_A_b38_G"
[17] "chr1_162744207_T_C_b38_T" "chr1_162752426_G_A_b38_G"
[19] "chr1_162763446_G_A_b38_G" "chr1_162798738_C_G_b38_C"
[21] "chr1_162803606_G_A_b38_G" "chr1_162909861_T_C_b38_T"
56 SNP(s) removed because HWE P < 1e-08 :
 [1] "chr2_234571796_G_C_b38_G" "chr2_234679043_G_T_b38_G"
 [3] "chr2_234679188_T_C_b38_T" "chr2_234758936_C_T_b38_C"
 [5] "chr2_234758982_T_C_b38_T" "chr2_234760203_A_G_b38_A"
 [7] "chr2_234760375_C_T_b38_C" "chr2_234888396_A_G_b38_A"
 [9] "chr2_234888758_T_C_b38_T" "chr2_234894832_A_C_b38_A"
[11] "chr2_234894910_G_A_b38_G" "chr2_234894973_T_C_b38_T"
[13] "chr2_234895017_A_G_b38_A" "chr2_234895077_T_C_b38_T"
[15] "chr2_234895138_G_A_b38_G" "chr2_234895180_T_G_b38_T"
[17] "chr2_234895243_G_C_b38_G" "chr2_234895404_A_G_b38_A"
[19] "chr2_234895495_A_G_b38_A" "chr2_234895594_G_T_b38_G"
[21] "chr2_234895605_G_A_b38_G" "chr2_234895717_A_C_b38_A"
[23] "chr2_234895726_G_A_b38_G" "chr2_234895744_C_T_b38_C"
[25] "chr2_234895756_C_A_b38_C" "chr2_234895848_T_A_b38_T"
[27] "chr2_234895974_C_T_b38_C" "chr2_234895996_G_A_b38_G"
[29] "chr2_234896107_C_G_b38_C" "chr2_234896219_G_C_b38_G"
[31] "chr2_234896302_G_C_b38_G" "chr2_234896331_A_G_b38_A"
[33] "chr2_235001953_C_T_b38_C" "chr2_235013109_C_A_b38_C"
[35] "chr2_235013502_C_T_b38_C" "chr2_235014147_A_G_b38_A"
[37] "chr2_235014329_G_T_b38_G" "chr2_235016380_G_A_b38_G"
[39] "chr2_235017019_T_C_b38_T" "chr2_235018342_C_T_b38_C"
[41] "chr2_235031472_C_T_b38_C" "chr2_235062147_T_G_b38_T"
[43] "chr2_235255566_C_A_b38_C" "chr2_235294463_A_G_b38_A"
[45] "chr2_235316147_T_C_b38_T" "chr2_235374434_A_G_b38_A"
[47] "chr2_235375213_T_C_b38_T" "chr2_235375341_T_C_b38_T"
[49] "chr2_235376857_G_A_b38_G" "chr2_235378897_A_T_b38_A"
[51] "chr2_235380311_G_A_b38_G" "chr2_235383464_G_A_b38_G"
[53] "chr2_235385818_T_C_b38_T" "chr2_235399509_A_G_b38_A"
[55] "chr2_235401021_T_A_b38_T" "chr2_235450334_T_C_b38_T"
6 SNP(s) removed because HWE P < 1e-08 :
[1] "chr13_29549344_C_T_b38_C" "chr13_29949626_G_C_b38_G"
[3] "chr13_30062346_T_C_b38_T" "chr13_30062379_G_C_b38_G"
[5] "chr13_30121793_C_T_b38_C" "chr13_30160356_C_T_b38_C"
6 SNP(s) removed because HWE P < 1e-08 :
[1] "chr13_29549344_C_T_b38_C" "chr13_29949626_G_C_b38_G"
[3] "chr13_30062346_T_C_b38_T" "chr13_30062379_G_C_b38_G"
[5] "chr13_30121793_C_T_b38_C" "chr13_30160356_C_T_b38_C"
69 SNP(s) removed because HWE P < 1e-08 :
 [1] "chr8_81253423_T_C_b38_T" "chr8_81281143_C_T_b38_C"
 [3] "chr8_81289273_A_T_b38_A" "chr8_81297255_A_G_b38_A"
 [5] "chr8_81299436_C_T_b38_C" "chr8_81300344_T_C_b38_T"
 [7] "chr8_81325559_T_C_b38_T" "chr8_81327049_C_G_b38_C"
 [9] "chr8_81327156_T_G_b38_T" "chr8_81327252_A_G_b38_A"
[11] "chr8_81327333_T_C_b38_T" "chr8_81327394_A_G_b38_A"
[13] "chr8_81328362_A_G_b38_A" "chr8_81328531_C_A_b38_C"
[15] "chr8_81329064_T_A_b38_T" "chr8_81329094_T_G_b38_T"
[17] "chr8_81329957_C_T_b38_C" "chr8_81330786_A_G_b38_A"
[19] "chr8_81330873_T_C_b38_T" "chr8_81331043_A_C_b38_A"
[21] "chr8_81331131_T_C_b38_T" "chr8_81331608_C_T_b38_C"
[23] "chr8_81331614_C_T_b38_C" "chr8_81331709_T_G_b38_T"
[25] "chr8_81331864_A_G_b38_A" "chr8_81331877_C_T_b38_C"
[27] "chr8_81332098_G_A_b38_G" "chr8_81332283_A_G_b38_A"
[29] "chr8_81332524_C_T_b38_C" "chr8_81332904_A_T_b38_A"
[31] "chr8_81332906_C_T_b38_C" "chr8_81333125_G_A_b38_G"
[33] "chr8_81333194_G_T_b38_G" "chr8_81333216_T_C_b38_T"
[35] "chr8_81333791_C_T_b38_C" "chr8_81334313_T_C_b38_T"
[37] "chr8_81335686_A_G_b38_A" "chr8_81336303_C_T_b38_C"
[39] "chr8_81464464_C_T_b38_C" "chr8_81468508_A_T_b38_A"
[41] "chr8_81468888_A_G_b38_A" "chr8_81469332_T_C_b38_T"
[43] "chr8_81469415_G_A_b38_G" "chr8_81470506_G_A_b38_G"
[45] "chr8_81470621_C_T_b38_C" "chr8_81471159_T_G_b38_T"
[47] "chr8_81514819_A_C_b38_A" "chr8_81515555_C_T_b38_C"
[49] "chr8_81518769_T_C_b38_T" "chr8_81527961_G_T_b38_G"
[51] "chr8_81900677_A_T_b38_A" "chr8_81900680_C_T_b38_C"
[53] "chr8_81900761_G_T_b38_G" "chr8_81900762_G_A_b38_G"
[55] "chr8_81900773_G_A_b38_G" "chr8_81900776_G_T_b38_G"
[57] "chr8_81900779_T_C_b38_T" "chr8_81900782_C_T_b38_C"
[59] "chr8_81900783_T_C_b38_T" "chr8_81900784_G_A_b38_G"
[61] "chr8_81900789_T_C_b38_T" "chr8_81900796_C_G_b38_C"
[63] "chr8_81900800_G_C_b38_G" "chr8_82127185_G_A_b38_G"
[65] "chr8_82127192_C_G_b38_C" "chr8_82129772_G_C_b38_G"
[67] "chr8_82130336_C_T_b38_C" "chr8_82136891_C_T_b38_C"
[69] "chr8_82137774_C_G_b38_C"
74 SNP(s) removed because HWE P < 1e-08 :
 [1] "chr21_31920396_G_A_b38_G" "chr21_31935565_G_C_b38_G"
 [3] "chr21_31935580_T_G_b38_T" "chr21_32134286_A_T_b38_A"
 [5] "chr21_32238948_G_A_b38_G" "chr21_32250914_C_T_b38_C"
 [7] "chr21_32311415_A_C_b38_A" "chr21_32410343_C_T_b38_C"
 [9] "chr21_32432979_G_A_b38_G" "chr21_32432987_A_C_b38_A"
[11] "chr21_32432995_G_A_b38_G" "chr21_32433065_T_A_b38_T"
[13] "chr21_32433084_C_T_b38_C" "chr21_32433553_G_A_b38_G"
[15] "chr21_32433554_C_G_b38_C" "chr21_32433562_T_C_b38_T"
[17] "chr21_32433629_A_G_b38_A" "chr21_32433656_G_A_b38_G"
[19] "chr21_32433663_A_T_b38_A" "chr21_32434706_A_G_b38_A"
[21] "chr21_32434713_T_C_b38_T" "chr21_32434721_A_C_b38_A"
[23] "chr21_32434746_A_C_b38_A" "chr21_32434842_G_A_b38_G"
[25] "chr21_32434867_C_T_b38_C" "chr21_32434878_G_A_b38_G"
[27] "chr21_32434919_T_G_b38_T" "chr21_32434927_C_T_b38_C"
[29] "chr21_32434967_T_G_b38_T" "chr21_32434971_T_C_b38_T"
[31] "chr21_32434992_T_C_b38_T" "chr21_32435003_T_G_b38_T"
[33] "chr21_32435004_T_C_b38_T" "chr21_32435117_A_G_b38_A"
[35] "chr21_32435125_T_C_b38_T" "chr21_32435126_G_C_b38_G"
[37] "chr21_32435133_C_A_b38_C" "chr21_32435360_C_T_b38_C"
[39] "chr21_32435400_A_G_b38_A" "chr21_32435408_T_C_b38_T"
[41] "chr21_32435414_A_G_b38_A" "chr21_32435436_C_T_b38_C"
[43] "chr21_32435462_C_T_b38_C" "chr21_32435661_G_C_b38_G"
[45] "chr21_32435666_T_G_b38_T" "chr21_32435667_A_G_b38_A"
[47] "chr21_32435716_C_T_b38_C" "chr21_32435721_G_A_b38_G"
[49] "chr21_32435728_T_C_b38_T" "chr21_32435763_C_T_b38_C"
[51] "chr21_32435766_A_C_b38_A" "chr21_32435898_C_T_b38_C"
[53] "chr21_32435949_T_A_b38_T" "chr21_32435990_T_A_b38_T"
[55] "chr21_32436019_G_A_b38_G" "chr21_32436447_T_A_b38_T"
[57] "chr21_32436465_A_C_b38_A" "chr21_32436477_T_A_b38_T"
[59] "chr21_32436484_T_C_b38_T" "chr21_32436539_G_A_b38_G"
[61] "chr21_32436627_G_A_b38_G" "chr21_32436628_G_A_b38_G"
[63] "chr21_32436637_A_G_b38_A" "chr21_32436702_C_T_b38_C"
[65] "chr21_32436736_G_A_b38_G" "chr21_32436746_A_G_b38_A"
[67] "chr21_32437187_G_C_b38_G" "chr21_32437224_A_G_b38_A"
[69] "chr21_32437249_C_A_b38_C" "chr21_32437250_G_A_b38_G"
[71] "chr21_32437258_C_G_b38_C" "chr21_32621877_A_T_b38_A"
[73] "chr21_32660622_A_G_b38_A" "chr21_32660624_C_T_b38_C"
22 SNP(s) removed because HWE P < 1e-08 :
 [1] "chr4_8044692_G_T_b38_G" "chr4_8044693_A_C_b38_A" "chr4_8059763_G_A_b38_G"
 [4] "chr4_8100031_G_T_b38_G" "chr4_8100581_C_T_b38_C" "chr4_8306668_C_G_b38_C"
 [7] "chr4_8557849_T_C_b38_T" "chr4_8557938_A_C_b38_A" "chr4_8557958_G_A_b38_G"
[10] "chr4_8557961_C_T_b38_C" "chr4_8585626_A_G_b38_A" "chr4_8603756_G_C_b38_G"
[13] "chr4_8632004_T_A_b38_T" "chr4_8632045_A_G_b38_A" "chr4_8635779_A_G_b38_A"
[16] "chr4_8655103_T_G_b38_T" "chr4_8655200_C_G_b38_C" "chr4_8656155_G_C_b38_G"
[19] "chr4_8659539_G_A_b38_G" "chr4_8661217_T_G_b38_T" "chr4_8674262_C_G_b38_C"
[22] "chr4_8677036_C_A_b38_C"
39 SNP(s) removed because HWE P < 1e-08 :
 [1] "chr22_49765666_G_C_b38_G" "chr22_49770965_G_C_b38_G"
 [3] "chr22_49837507_C_G_b38_C" "chr22_49846939_C_A_b38_C"
 [5] "chr22_49848251_T_C_b38_T" "chr22_49872508_G_A_b38_G"
 [7] "chr22_49880142_T_C_b38_T" "chr22_49880243_G_T_b38_G"
 [9] "chr22_49883047_G_C_b38_G" "chr22_49894697_A_G_b38_A"
[11] "chr22_49906790_T_C_b38_T" "chr22_49921580_T_C_b38_T"
[13] "chr22_49921715_C_A_b38_C" "chr22_49973759_T_C_b38_T"
[15] "chr22_50013858_A_C_b38_A" "chr22_50357867_G_A_b38_G"
[17] "chr22_50371703_G_C_b38_G" "chr22_50418711_G_A_b38_G"
[19] "chr22_50424402_A_C_b38_A" "chr22_50424421_C_A_b38_C"
[21] "chr22_50424423_C_T_b38_C" "chr22_50495487_G_A_b38_G"
[23] "chr22_50495498_T_C_b38_T" "chr22_50495499_G_A_b38_G"
[25] "chr22_50508159_C_G_b38_C" "chr22_50509182_A_G_b38_A"
[27] "chr22_50509488_T_C_b38_T" "chr22_50509962_A_G_b38_A"
[29] "chr22_50510817_C_T_b38_C" "chr22_50510967_T_C_b38_T"
[31] "chr22_50511806_T_C_b38_T" "chr22_50512014_T_C_b38_T"
[33] "chr22_50512298_G_A_b38_G" "chr22_50512549_T_G_b38_T"
[35] "chr22_50513313_G_C_b38_G" "chr22_50513793_G_A_b38_G"
[37] "chr22_50542614_C_T_b38_C" "chr22_50542624_A_T_b38_A"
[39] "chr22_50712000_C_T_b38_C"
74 SNP(s) removed because HWE P < 1e-08 :
 [1] "chr21_31920396_G_A_b38_G" "chr21_31935565_G_C_b38_G"
 [3] "chr21_31935580_T_G_b38_T" "chr21_32134286_A_T_b38_A"
 [5] "chr21_32238948_G_A_b38_G" "chr21_32250914_C_T_b38_C"
 [7] "chr21_32311415_A_C_b38_A" "chr21_32410343_C_T_b38_C"
 [9] "chr21_32432979_G_A_b38_G" "chr21_32432987_A_C_b38_A"
[11] "chr21_32432995_G_A_b38_G" "chr21_32433065_T_A_b38_T"
[13] "chr21_32433084_C_T_b38_C" "chr21_32433553_G_A_b38_G"
[15] "chr21_32433554_C_G_b38_C" "chr21_32433562_T_C_b38_T"
[17] "chr21_32433629_A_G_b38_A" "chr21_32433656_G_A_b38_G"
[19] "chr21_32433663_A_T_b38_A" "chr21_32434706_A_G_b38_A"
[21] "chr21_32434713_T_C_b38_T" "chr21_32434721_A_C_b38_A"
[23] "chr21_32434746_A_C_b38_A" "chr21_32434842_G_A_b38_G"
[25] "chr21_32434867_C_T_b38_C" "chr21_32434878_G_A_b38_G"
[27] "chr21_32434919_T_G_b38_T" "chr21_32434927_C_T_b38_C"
[29] "chr21_32434967_T_G_b38_T" "chr21_32434971_T_C_b38_T"
[31] "chr21_32434992_T_C_b38_T" "chr21_32435003_T_G_b38_T"
[33] "chr21_32435004_T_C_b38_T" "chr21_32435117_A_G_b38_A"
[35] "chr21_32435125_T_C_b38_T" "chr21_32435126_G_C_b38_G"
[37] "chr21_32435133_C_A_b38_C" "chr21_32435360_C_T_b38_C"
[39] "chr21_32435400_A_G_b38_A" "chr21_32435408_T_C_b38_T"
[41] "chr21_32435414_A_G_b38_A" "chr21_32435436_C_T_b38_C"
[43] "chr21_32435462_C_T_b38_C" "chr21_32435661_G_C_b38_G"
[45] "chr21_32435666_T_G_b38_T" "chr21_32435667_A_G_b38_A"
[47] "chr21_32435716_C_T_b38_C" "chr21_32435721_G_A_b38_G"
[49] "chr21_32435728_T_C_b38_T" "chr21_32435763_C_T_b38_C"
[51] "chr21_32435766_A_C_b38_A" "chr21_32435898_C_T_b38_C"
[53] "chr21_32435949_T_A_b38_T" "chr21_32435990_T_A_b38_T"
[55] "chr21_32436019_G_A_b38_G" "chr21_32436447_T_A_b38_T"
[57] "chr21_32436465_A_C_b38_A" "chr21_32436477_T_A_b38_T"
[59] "chr21_32436484_T_C_b38_T" "chr21_32436539_G_A_b38_G"
[61] "chr21_32436627_G_A_b38_G" "chr21_32436628_G_A_b38_G"
[63] "chr21_32436637_A_G_b38_A" "chr21_32436702_C_T_b38_C"
[65] "chr21_32436736_G_A_b38_G" "chr21_32436746_A_G_b38_A"
[67] "chr21_32437187_G_C_b38_G" "chr21_32437224_A_G_b38_A"
[69] "chr21_32437249_C_A_b38_C" "chr21_32437250_G_A_b38_G"
[71] "chr21_32437258_C_G_b38_C" "chr21_32621877_A_T_b38_A"
[73] "chr21_32660622_A_G_b38_A" "chr21_32660624_C_T_b38_C"
61 SNP(s) removed because HWE P < 1e-08 :
 [1] "chr14_94349903_A_G_b38_A" "chr14_94370690_A_G_b38_A"
 [3] "chr14_94370732_C_A_b38_C" "chr14_94370742_C_T_b38_C"
 [5] "chr14_94370745_G_A_b38_G" "chr14_94378897_G_C_b38_G"
 [7] "chr14_94378898_T_C_b38_T" "chr14_94378900_A_G_b38_A"
 [9] "chr14_94378934_A_T_b38_A" "chr14_94378941_G_A_b38_G"
[11] "chr14_94380003_C_T_b38_C" "chr14_94380014_T_C_b38_T"
[13] "chr14_94380017_G_A_b38_G" "chr14_94380024_T_C_b38_T"
[15] "chr14_94380037_A_G_b38_A" "chr14_94380042_G_A_b38_G"
[17] "chr14_94380048_A_G_b38_A" "chr14_94380049_T_A_b38_T"
[19] "chr14_94380053_A_G_b38_A" "chr14_94380057_T_C_b38_T"
[21] "chr14_94380058_G_A_b38_G" "chr14_94380063_G_C_b38_G"
[23] "chr14_94380085_T_C_b38_T" "chr14_94380106_C_A_b38_C"
[25] "chr14_94380111_C_T_b38_C" "chr14_94380112_C_T_b38_C"
[27] "chr14_94380151_A_G_b38_A" "chr14_94380152_G_T_b38_G"
[29] "chr14_94380164_T_C_b38_T" "chr14_94380166_C_T_b38_C"
[31] "chr14_94380168_G_T_b38_G" "chr14_94380175_A_G_b38_A"
[33] "chr14_94380212_C_T_b38_C" "chr14_94380215_C_G_b38_C"
[35] "chr14_94380222_T_C_b38_T" "chr14_94380244_A_G_b38_A"
[37] "chr14_94380250_C_A_b38_C" "chr14_94380312_G_A_b38_G"
[39] "chr14_94380318_C_T_b38_C" "chr14_94380322_T_C_b38_T"
[41] "chr14_94380324_T_C_b38_T" "chr14_94380333_C_T_b38_C"
[43] "chr14_94380362_C_T_b38_C" "chr14_94380371_T_C_b38_T"
[45] "chr14_94446984_A_T_b38_A" "chr14_94455670_G_T_b38_G"
[47] "chr14_94467053_C_T_b38_C" "chr14_94468771_C_T_b38_C"
[49] "chr14_94578680_G_A_b38_G" "chr14_94637276_C_T_b38_C"
[51] "chr14_94638842_C_T_b38_C" "chr14_94639184_C_T_b38_C"
[53] "chr14_94657781_C_A_b38_C" "chr14_94717842_A_C_b38_A"
[55] "chr14_94757444_A_T_b38_A" "chr14_94763440_G_A_b38_G"
[57] "chr14_94821833_A_G_b38_A" "chr14_94971331_C_G_b38_C"
[59] "chr14_94972891_G_A_b38_G" "chr14_94986440_G_A_b38_G"
[61] "chr14_94988388_C_T_b38_C"
39 SNP(s) removed because HWE P < 1e-08 :
 [1] "chr22_49765666_G_C_b38_G" "chr22_49770965_G_C_b38_G"
 [3] "chr22_49837507_C_G_b38_C" "chr22_49846939_C_A_b38_C"
 [5] "chr22_49848251_T_C_b38_T" "chr22_49872508_G_A_b38_G"
 [7] "chr22_49880142_T_C_b38_T" "chr22_49880243_G_T_b38_G"
 [9] "chr22_49883047_G_C_b38_G" "chr22_49894697_A_G_b38_A"
[11] "chr22_49906790_T_C_b38_T" "chr22_49921580_T_C_b38_T"
[13] "chr22_49921715_C_A_b38_C" "chr22_49973759_T_C_b38_T"
[15] "chr22_50013858_A_C_b38_A" "chr22_50357867_G_A_b38_G"
[17] "chr22_50371703_G_C_b38_G" "chr22_50418711_G_A_b38_G"
[19] "chr22_50424402_A_C_b38_A" "chr22_50424421_C_A_b38_C"
[21] "chr22_50424423_C_T_b38_C" "chr22_50495487_G_A_b38_G"
[23] "chr22_50495498_T_C_b38_T" "chr22_50495499_G_A_b38_G"
[25] "chr22_50508159_C_G_b38_C" "chr22_50509182_A_G_b38_A"
[27] "chr22_50509488_T_C_b38_T" "chr22_50509962_A_G_b38_A"
[29] "chr22_50510817_C_T_b38_C" "chr22_50510967_T_C_b38_T"
[31] "chr22_50511806_T_C_b38_T" "chr22_50512014_T_C_b38_T"
[33] "chr22_50512298_G_A_b38_G" "chr22_50512549_T_G_b38_T"
[35] "chr22_50513313_G_C_b38_G" "chr22_50513793_G_A_b38_G"
[37] "chr22_50542614_C_T_b38_C" "chr22_50542624_A_T_b38_A"
[39] "chr22_50712000_C_T_b38_C"
74 SNP(s) removed because HWE P < 1e-08 :
 [1] "chr21_31920396_G_A_b38_G" "chr21_31935565_G_C_b38_G"
 [3] "chr21_31935580_T_G_b38_T" "chr21_32134286_A_T_b38_A"
 [5] "chr21_32238948_G_A_b38_G" "chr21_32250914_C_T_b38_C"
 [7] "chr21_32311415_A_C_b38_A" "chr21_32410343_C_T_b38_C"
 [9] "chr21_32432979_G_A_b38_G" "chr21_32432987_A_C_b38_A"
[11] "chr21_32432995_G_A_b38_G" "chr21_32433065_T_A_b38_T"
[13] "chr21_32433084_C_T_b38_C" "chr21_32433553_G_A_b38_G"
[15] "chr21_32433554_C_G_b38_C" "chr21_32433562_T_C_b38_T"
[17] "chr21_32433629_A_G_b38_A" "chr21_32433656_G_A_b38_G"
[19] "chr21_32433663_A_T_b38_A" "chr21_32434706_A_G_b38_A"
[21] "chr21_32434713_T_C_b38_T" "chr21_32434721_A_C_b38_A"
[23] "chr21_32434746_A_C_b38_A" "chr21_32434842_G_A_b38_G"
[25] "chr21_32434867_C_T_b38_C" "chr21_32434878_G_A_b38_G"
[27] "chr21_32434919_T_G_b38_T" "chr21_32434927_C_T_b38_C"
[29] "chr21_32434967_T_G_b38_T" "chr21_32434971_T_C_b38_T"
[31] "chr21_32434992_T_C_b38_T" "chr21_32435003_T_G_b38_T"
[33] "chr21_32435004_T_C_b38_T" "chr21_32435117_A_G_b38_A"
[35] "chr21_32435125_T_C_b38_T" "chr21_32435126_G_C_b38_G"
[37] "chr21_32435133_C_A_b38_C" "chr21_32435360_C_T_b38_C"
[39] "chr21_32435400_A_G_b38_A" "chr21_32435408_T_C_b38_T"
[41] "chr21_32435414_A_G_b38_A" "chr21_32435436_C_T_b38_C"
[43] "chr21_32435462_C_T_b38_C" "chr21_32435661_G_C_b38_G"
[45] "chr21_32435666_T_G_b38_T" "chr21_32435667_A_G_b38_A"
[47] "chr21_32435716_C_T_b38_C" "chr21_32435721_G_A_b38_G"
[49] "chr21_32435728_T_C_b38_T" "chr21_32435763_C_T_b38_C"
[51] "chr21_32435766_A_C_b38_A" "chr21_32435898_C_T_b38_C"
[53] "chr21_32435949_T_A_b38_T" "chr21_32435990_T_A_b38_T"
[55] "chr21_32436019_G_A_b38_G" "chr21_32436447_T_A_b38_T"
[57] "chr21_32436465_A_C_b38_A" "chr21_32436477_T_A_b38_T"
[59] "chr21_32436484_T_C_b38_T" "chr21_32436539_G_A_b38_G"
[61] "chr21_32436627_G_A_b38_G" "chr21_32436628_G_A_b38_G"
[63] "chr21_32436637_A_G_b38_A" "chr21_32436702_C_T_b38_C"
[65] "chr21_32436736_G_A_b38_G" "chr21_32436746_A_G_b38_A"
[67] "chr21_32437187_G_C_b38_G" "chr21_32437224_A_G_b38_A"
[69] "chr21_32437249_C_A_b38_C" "chr21_32437250_G_A_b38_G"
[71] "chr21_32437258_C_G_b38_C" "chr21_32621877_A_T_b38_A"
[73] "chr21_32660622_A_G_b38_A" "chr21_32660624_C_T_b38_C"
74 SNP(s) removed because HWE P < 1e-08 :
 [1] "chr21_31920396_G_A_b38_G" "chr21_31935565_G_C_b38_G"
 [3] "chr21_31935580_T_G_b38_T" "chr21_32134286_A_T_b38_A"
 [5] "chr21_32238948_G_A_b38_G" "chr21_32250914_C_T_b38_C"
 [7] "chr21_32311415_A_C_b38_A" "chr21_32410343_C_T_b38_C"
 [9] "chr21_32432979_G_A_b38_G" "chr21_32432987_A_C_b38_A"
[11] "chr21_32432995_G_A_b38_G" "chr21_32433065_T_A_b38_T"
[13] "chr21_32433084_C_T_b38_C" "chr21_32433553_G_A_b38_G"
[15] "chr21_32433554_C_G_b38_C" "chr21_32433562_T_C_b38_T"
[17] "chr21_32433629_A_G_b38_A" "chr21_32433656_G_A_b38_G"
[19] "chr21_32433663_A_T_b38_A" "chr21_32434706_A_G_b38_A"
[21] "chr21_32434713_T_C_b38_T" "chr21_32434721_A_C_b38_A"
[23] "chr21_32434746_A_C_b38_A" "chr21_32434842_G_A_b38_G"
[25] "chr21_32434867_C_T_b38_C" "chr21_32434878_G_A_b38_G"
[27] "chr21_32434919_T_G_b38_T" "chr21_32434927_C_T_b38_C"
[29] "chr21_32434967_T_G_b38_T" "chr21_32434971_T_C_b38_T"
[31] "chr21_32434992_T_C_b38_T" "chr21_32435003_T_G_b38_T"
[33] "chr21_32435004_T_C_b38_T" "chr21_32435117_A_G_b38_A"
[35] "chr21_32435125_T_C_b38_T" "chr21_32435126_G_C_b38_G"
[37] "chr21_32435133_C_A_b38_C" "chr21_32435360_C_T_b38_C"
[39] "chr21_32435400_A_G_b38_A" "chr21_32435408_T_C_b38_T"
[41] "chr21_32435414_A_G_b38_A" "chr21_32435436_C_T_b38_C"
[43] "chr21_32435462_C_T_b38_C" "chr21_32435661_G_C_b38_G"
[45] "chr21_32435666_T_G_b38_T" "chr21_32435667_A_G_b38_A"
[47] "chr21_32435716_C_T_b38_C" "chr21_32435721_G_A_b38_G"
[49] "chr21_32435728_T_C_b38_T" "chr21_32435763_C_T_b38_C"
[51] "chr21_32435766_A_C_b38_A" "chr21_32435898_C_T_b38_C"
[53] "chr21_32435949_T_A_b38_T" "chr21_32435990_T_A_b38_T"
[55] "chr21_32436019_G_A_b38_G" "chr21_32436447_T_A_b38_T"
[57] "chr21_32436465_A_C_b38_A" "chr21_32436477_T_A_b38_T"
[59] "chr21_32436484_T_C_b38_T" "chr21_32436539_G_A_b38_G"
[61] "chr21_32436627_G_A_b38_G" "chr21_32436628_G_A_b38_G"
[63] "chr21_32436637_A_G_b38_A" "chr21_32436702_C_T_b38_C"
[65] "chr21_32436736_G_A_b38_G" "chr21_32436746_A_G_b38_A"
[67] "chr21_32437187_G_C_b38_G" "chr21_32437224_A_G_b38_A"
[69] "chr21_32437249_C_A_b38_C" "chr21_32437250_G_A_b38_G"
[71] "chr21_32437258_C_G_b38_C" "chr21_32621877_A_T_b38_A"
[73] "chr21_32660622_A_G_b38_A" "chr21_32660624_C_T_b38_C"
49 SNP(s) removed because HWE P < 1e-08 :
 [1] "chr19_51083323_T_G_b38_T" "chr19_51107599_A_G_b38_A"
 [3] "chr19_51107741_T_G_b38_T" "chr19_51108006_G_A_b38_G"
 [5] "chr19_51116302_T_C_b38_T" "chr19_51120922_T_G_b38_T"
 [7] "chr19_51121015_T_G_b38_T" "chr19_51121279_T_C_b38_T"
 [9] "chr19_51121832_A_C_b38_A" "chr19_51121942_T_C_b38_T"
[11] "chr19_51122379_A_G_b38_A" "chr19_51122568_A_G_b38_A"
[13] "chr19_51122642_G_C_b38_G" "chr19_51123685_A_G_b38_A"
[15] "chr19_51136723_A_G_b38_A" "chr19_51172375_T_C_b38_T"
[17] "chr19_51173311_A_G_b38_A" "chr19_51173876_T_C_b38_T"
[19] "chr19_51184134_C_T_b38_C" "chr19_51201503_A_G_b38_A"
[21] "chr19_51208344_T_C_b38_T" "chr19_51208365_C_T_b38_C"
[23] "chr19_51212754_T_C_b38_T" "chr19_51235665_T_C_b38_T"
[25] "chr19_51251278_A_C_b38_A" "chr19_51280161_A_G_b38_A"
[27] "chr19_51280387_C_T_b38_C" "chr19_51281207_G_A_b38_G"
[29] "chr19_51282770_C_G_b38_C" "chr19_51283428_T_C_b38_T"
[31] "chr19_51284112_C_T_b38_C" "chr19_51284184_A_C_b38_A"
[33] "chr19_51285176_C_A_b38_C" "chr19_51285861_G_A_b38_G"
[35] "chr19_51287738_T_C_b38_T" "chr19_51290510_A_C_b38_A"
[37] "chr19_51291857_T_G_b38_T" "chr19_51293045_T_C_b38_T"
[39] "chr19_51298175_C_T_b38_C" "chr19_51358092_C_G_b38_C"
[41] "chr19_51447917_C_T_b38_C" "chr19_51447928_A_G_b38_A"
[43] "chr19_51448049_T_G_b38_T" "chr19_51457686_A_G_b38_A"
[45] "chr19_51780129_T_C_b38_T" "chr19_51780359_A_G_b38_A"
[47] "chr19_51848424_G_A_b38_G" "chr19_51875933_G_A_b38_G"
[49] "chr19_51876393_G_A_b38_G"
51 SNP(s) removed because HWE P < 1e-08 :
 [1] "chr19_50749708_G_C_b38_G" "chr19_50842031_A_G_b38_A"
 [3] "chr19_50896788_T_C_b38_T" "chr19_50897100_A_G_b38_A"
 [5] "chr19_50897145_C_T_b38_C" "chr19_50948431_C_T_b38_C"
 [7] "chr19_50957933_A_G_b38_A" "chr19_51083323_T_G_b38_T"
 [9] "chr19_51107599_A_G_b38_A" "chr19_51107741_T_G_b38_T"
[11] "chr19_51108006_G_A_b38_G" "chr19_51116302_T_C_b38_T"
[13] "chr19_51120922_T_G_b38_T" "chr19_51121015_T_G_b38_T"
[15] "chr19_51121279_T_C_b38_T" "chr19_51121832_A_C_b38_A"
[17] "chr19_51121942_T_C_b38_T" "chr19_51122379_A_G_b38_A"
[19] "chr19_51122568_A_G_b38_A" "chr19_51122642_G_C_b38_G"
[21] "chr19_51123685_A_G_b38_A" "chr19_51136723_A_G_b38_A"
[23] "chr19_51172375_T_C_b38_T" "chr19_51173311_A_G_b38_A"
[25] "chr19_51173876_T_C_b38_T" "chr19_51184134_C_T_b38_C"
[27] "chr19_51201503_A_G_b38_A" "chr19_51208344_T_C_b38_T"
[29] "chr19_51208365_C_T_b38_C" "chr19_51212754_T_C_b38_T"
[31] "chr19_51235665_T_C_b38_T" "chr19_51251278_A_C_b38_A"
[33] "chr19_51280161_A_G_b38_A" "chr19_51280387_C_T_b38_C"
[35] "chr19_51281207_G_A_b38_G" "chr19_51282770_C_G_b38_C"
[37] "chr19_51283428_T_C_b38_T" "chr19_51284112_C_T_b38_C"
[39] "chr19_51284184_A_C_b38_A" "chr19_51285176_C_A_b38_C"
[41] "chr19_51285861_G_A_b38_G" "chr19_51287738_T_C_b38_T"
[43] "chr19_51290510_A_C_b38_A" "chr19_51291857_T_G_b38_T"
[45] "chr19_51293045_T_C_b38_T" "chr19_51298175_C_T_b38_C"
[47] "chr19_51358092_C_G_b38_C" "chr19_51447917_C_T_b38_C"
[49] "chr19_51447928_A_G_b38_A" "chr19_51448049_T_G_b38_T"
[51] "chr19_51457686_A_G_b38_A"
22 SNP(s) removed because HWE P < 1e-08 :
 [1] "chr4_8044692_G_T_b38_G" "chr4_8044693_A_C_b38_A" "chr4_8059763_G_A_b38_G"
 [4] "chr4_8100031_G_T_b38_G" "chr4_8100581_C_T_b38_C" "chr4_8306668_C_G_b38_C"
 [7] "chr4_8557849_T_C_b38_T" "chr4_8557938_A_C_b38_A" "chr4_8557958_G_A_b38_G"
[10] "chr4_8557961_C_T_b38_C" "chr4_8585626_A_G_b38_A" "chr4_8603756_G_C_b38_G"
[13] "chr4_8632004_T_A_b38_T" "chr4_8632045_A_G_b38_A" "chr4_8635779_A_G_b38_A"
[16] "chr4_8655103_T_G_b38_T" "chr4_8655200_C_G_b38_C" "chr4_8656155_G_C_b38_G"
[19] "chr4_8659539_G_A_b38_G" "chr4_8661217_T_G_b38_T" "chr4_8674262_C_G_b38_C"
[22] "chr4_8677036_C_A_b38_C"
39 SNP(s) removed because HWE P < 1e-08 :
 [1] "chr22_49765666_G_C_b38_G" "chr22_49770965_G_C_b38_G"
 [3] "chr22_49837507_C_G_b38_C" "chr22_49846939_C_A_b38_C"
 [5] "chr22_49848251_T_C_b38_T" "chr22_49872508_G_A_b38_G"
 [7] "chr22_49880142_T_C_b38_T" "chr22_49880243_G_T_b38_G"
 [9] "chr22_49883047_G_C_b38_G" "chr22_49894697_A_G_b38_A"
[11] "chr22_49906790_T_C_b38_T" "chr22_49921580_T_C_b38_T"
[13] "chr22_49921715_C_A_b38_C" "chr22_49973759_T_C_b38_T"
[15] "chr22_50013858_A_C_b38_A" "chr22_50357867_G_A_b38_G"
[17] "chr22_50371703_G_C_b38_G" "chr22_50418711_G_A_b38_G"
[19] "chr22_50424402_A_C_b38_A" "chr22_50424421_C_A_b38_C"
[21] "chr22_50424423_C_T_b38_C" "chr22_50495487_G_A_b38_G"
[23] "chr22_50495498_T_C_b38_T" "chr22_50495499_G_A_b38_G"
[25] "chr22_50508159_C_G_b38_C" "chr22_50509182_A_G_b38_A"
[27] "chr22_50509488_T_C_b38_T" "chr22_50509962_A_G_b38_A"
[29] "chr22_50510817_C_T_b38_C" "chr22_50510967_T_C_b38_T"
[31] "chr22_50511806_T_C_b38_T" "chr22_50512014_T_C_b38_T"
[33] "chr22_50512298_G_A_b38_G" "chr22_50512549_T_G_b38_T"
[35] "chr22_50513313_G_C_b38_G" "chr22_50513793_G_A_b38_G"
[37] "chr22_50542614_C_T_b38_C" "chr22_50542624_A_T_b38_A"
[39] "chr22_50712000_C_T_b38_C"
86 SNP(s) removed because HWE P < 1e-08 :
 [1] "chr11_12602581_C_A_b38_C" "chr11_12624958_C_A_b38_C"
 [3] "chr11_12709357_A_C_b38_A" "chr11_12711743_G_T_b38_G"
 [5] "chr11_12712147_G_A_b38_G" "chr11_12714195_C_T_b38_C"
 [7] "chr11_12714879_C_G_b38_C" "chr11_12715017_G_A_b38_G"
 [9] "chr11_12715147_C_T_b38_C" "chr11_12715325_A_G_b38_A"
[11] "chr11_12715946_C_T_b38_C" "chr11_12715993_T_C_b38_T"
[13] "chr11_12717103_G_A_b38_G" "chr11_12717141_C_A_b38_C"
[15] "chr11_12722267_A_G_b38_A" "chr11_12722492_G_A_b38_G"
[17] "chr11_12722623_A_G_b38_A" "chr11_12725406_G_A_b38_G"
[19] "chr11_12726375_G_A_b38_G" "chr11_12730213_C_A_b38_C"
[21] "chr11_12731602_A_G_b38_A" "chr11_12750963_G_C_b38_G"
[23] "chr11_12757747_T_C_b38_T" "chr11_12757888_G_T_b38_G"
[25] "chr11_12758617_C_T_b38_C" "chr11_12758709_T_C_b38_T"
[27] "chr11_12759469_G_A_b38_G" "chr11_12775522_G_C_b38_G"
[29] "chr11_12781165_A_G_b38_A" "chr11_12797262_G_A_b38_G"
[31] "chr11_12801705_T_G_b38_T" "chr11_12806545_C_T_b38_C"
[33] "chr11_12810221_C_T_b38_C" "chr11_12820345_A_C_b38_A"
[35] "chr11_12959220_G_C_b38_G" "chr11_13145421_T_C_b38_T"
[37] "chr11_13159063_A_T_b38_A" "chr11_13160043_T_C_b38_T"
[39] "chr11_13161191_T_G_b38_T" "chr11_13162034_C_T_b38_C"
[41] "chr11_13163679_G_A_b38_G" "chr11_13167486_A_G_b38_A"
[43] "chr11_13167824_C_G_b38_C" "chr11_13168039_T_G_b38_T"
[45] "chr11_13168424_A_T_b38_A" "chr11_13168751_C_A_b38_C"
[47] "chr11_13168868_C_G_b38_C" "chr11_13170516_C_T_b38_C"
[49] "chr11_13171300_T_A_b38_T" "chr11_13171711_G_C_b38_G"
[51] "chr11_13172324_A_C_b38_A" "chr11_13172527_T_C_b38_T"
[53] "chr11_13172742_G_A_b38_G" "chr11_13173008_G_A_b38_G"
[55] "chr11_13173311_A_C_b38_A" "chr11_13173332_G_A_b38_G"
[57] "chr11_13173916_G_A_b38_G" "chr11_13174617_C_T_b38_C"
[59] "chr11_13174658_A_G_b38_A" "chr11_13175460_G_T_b38_G"
[61] "chr11_13175491_T_C_b38_T" "chr11_13176427_A_G_b38_A"
[63] "chr11_13176535_G_A_b38_G" "chr11_13176583_C_T_b38_C"
[65] "chr11_13177356_T_C_b38_T" "chr11_13178288_C_T_b38_C"
[67] "chr11_13178878_C_T_b38_C" "chr11_13179392_C_G_b38_C"
[69] "chr11_13179991_G_A_b38_G" "chr11_13180396_T_C_b38_T"
[71] "chr11_13181122_C_T_b38_C" "chr11_13181132_T_A_b38_T"
[73] "chr11_13181163_T_G_b38_T" "chr11_13181254_G_A_b38_G"
[75] "chr11_13181293_C_T_b38_C" "chr11_13181360_G_A_b38_G"
[77] "chr11_13181664_A_G_b38_A" "chr11_13182114_G_A_b38_G"
[79] "chr11_13182203_G_A_b38_G" "chr11_13182610_C_T_b38_C"
[81] "chr11_13182823_T_C_b38_T" "chr11_13183287_G_A_b38_G"
[83] "chr11_13184213_G_A_b38_G" "chr11_13301971_T_C_b38_T"
[85] "chr11_13316281_G_A_b38_G" "chr11_13395112_C_G_b38_C"
69 SNP(s) removed because HWE P < 1e-08 :
 [1] "chr8_81253423_T_C_b38_T" "chr8_81281143_C_T_b38_C"
 [3] "chr8_81289273_A_T_b38_A" "chr8_81297255_A_G_b38_A"
 [5] "chr8_81299436_C_T_b38_C" "chr8_81300344_T_C_b38_T"
 [7] "chr8_81325559_T_C_b38_T" "chr8_81327049_C_G_b38_C"
 [9] "chr8_81327156_T_G_b38_T" "chr8_81327252_A_G_b38_A"
[11] "chr8_81327333_T_C_b38_T" "chr8_81327394_A_G_b38_A"
[13] "chr8_81328362_A_G_b38_A" "chr8_81328531_C_A_b38_C"
[15] "chr8_81329064_T_A_b38_T" "chr8_81329094_T_G_b38_T"
[17] "chr8_81329957_C_T_b38_C" "chr8_81330786_A_G_b38_A"
[19] "chr8_81330873_T_C_b38_T" "chr8_81331043_A_C_b38_A"
[21] "chr8_81331131_T_C_b38_T" "chr8_81331608_C_T_b38_C"
[23] "chr8_81331614_C_T_b38_C" "chr8_81331709_T_G_b38_T"
[25] "chr8_81331864_A_G_b38_A" "chr8_81331877_C_T_b38_C"
[27] "chr8_81332098_G_A_b38_G" "chr8_81332283_A_G_b38_A"
[29] "chr8_81332524_C_T_b38_C" "chr8_81332904_A_T_b38_A"
[31] "chr8_81332906_C_T_b38_C" "chr8_81333125_G_A_b38_G"
[33] "chr8_81333194_G_T_b38_G" "chr8_81333216_T_C_b38_T"
[35] "chr8_81333791_C_T_b38_C" "chr8_81334313_T_C_b38_T"
[37] "chr8_81335686_A_G_b38_A" "chr8_81336303_C_T_b38_C"
[39] "chr8_81464464_C_T_b38_C" "chr8_81468508_A_T_b38_A"
[41] "chr8_81468888_A_G_b38_A" "chr8_81469332_T_C_b38_T"
[43] "chr8_81469415_G_A_b38_G" "chr8_81470506_G_A_b38_G"
[45] "chr8_81470621_C_T_b38_C" "chr8_81471159_T_G_b38_T"
[47] "chr8_81514819_A_C_b38_A" "chr8_81515555_C_T_b38_C"
[49] "chr8_81518769_T_C_b38_T" "chr8_81527961_G_T_b38_G"
[51] "chr8_81900677_A_T_b38_A" "chr8_81900680_C_T_b38_C"
[53] "chr8_81900761_G_T_b38_G" "chr8_81900762_G_A_b38_G"
[55] "chr8_81900773_G_A_b38_G" "chr8_81900776_G_T_b38_G"
[57] "chr8_81900779_T_C_b38_T" "chr8_81900782_C_T_b38_C"
[59] "chr8_81900783_T_C_b38_T" "chr8_81900784_G_A_b38_G"
[61] "chr8_81900789_T_C_b38_T" "chr8_81900796_C_G_b38_C"
[63] "chr8_81900800_G_C_b38_G" "chr8_82127185_G_A_b38_G"
[65] "chr8_82127192_C_G_b38_C" "chr8_82129772_G_C_b38_G"
[67] "chr8_82130336_C_T_b38_C" "chr8_82136891_C_T_b38_C"
[69] "chr8_82137774_C_G_b38_C"
64 SNP(s) removed because HWE P < 1e-08 :
 [1] "chr15_98210455_G_C_b38_G" "chr15_98215188_C_T_b38_C"
 [3] "chr15_98278102_C_T_b38_C" "chr15_98278251_C_T_b38_C"
 [5] "chr15_98310051_T_C_b38_T" "chr15_98312899_G_C_b38_G"
 [7] "chr15_98314451_G_A_b38_G" "chr15_98317133_G_A_b38_G"
 [9] "chr15_98587593_G_A_b38_G" "chr15_98606405_A_C_b38_A"
[11] "chr15_98607168_C_G_b38_C" "chr15_98663606_G_A_b38_G"
[13] "chr15_98664810_A_G_b38_A" "chr15_98667602_C_T_b38_C"
[15] "chr15_98669256_G_T_b38_G" "chr15_98670134_A_T_b38_A"
[17] "chr15_98671869_G_A_b38_G" "chr15_98672386_G_A_b38_G"
[19] "chr15_98676369_C_T_b38_C" "chr15_98676676_C_T_b38_C"
[21] "chr15_98706678_C_T_b38_C" "chr15_98709928_A_T_b38_A"
[23] "chr15_98710452_G_A_b38_G" "chr15_98710964_C_T_b38_C"
[25] "chr15_98747177_T_C_b38_T" "chr15_98779819_G_T_b38_G"
[27] "chr15_98784153_T_G_b38_T" "chr15_98786996_G_A_b38_G"
[29] "chr15_98788058_C_G_b38_C" "chr15_98788316_A_G_b38_A"
[31] "chr15_98789488_C_T_b38_C" "chr15_98789780_G_C_b38_G"
[33] "chr15_98791393_A_T_b38_A" "chr15_98791804_G_A_b38_G"
[35] "chr15_98792550_G_A_b38_G" "chr15_98793401_A_C_b38_A"
[37] "chr15_98805044_T_A_b38_T" "chr15_98807105_C_T_b38_C"
[39] "chr15_98808228_C_T_b38_C" "chr15_98808875_T_A_b38_T"
[41] "chr15_98809112_C_T_b38_C" "chr15_98809798_C_T_b38_C"
[43] "chr15_98810192_A_C_b38_A" "chr15_98815957_C_T_b38_C"
[45] "chr15_98818740_A_C_b38_A" "chr15_98818744_A_C_b38_A"
[47] "chr15_98824723_T_C_b38_T" "chr15_98828012_C_A_b38_C"
[49] "chr15_98828192_G_T_b38_G" "chr15_98829933_G_A_b38_G"
[51] "chr15_98830944_T_C_b38_T" "chr15_98833186_A_G_b38_A"
[53] "chr15_98835865_G_A_b38_G" "chr15_98837213_T_C_b38_T"
[55] "chr15_98837628_A_G_b38_A" "chr15_98911765_G_A_b38_G"
[57] "chr15_98931269_G_A_b38_G" "chr15_98932805_C_T_b38_C"
[59] "chr15_98933271_T_A_b38_T" "chr15_98936520_G_A_b38_G"
[61] "chr15_99013370_C_T_b38_C" "chr15_99014709_T_C_b38_T"
[63] "chr15_99049485_C_T_b38_C" "chr15_99050839_T_C_b38_T"
64 SNP(s) removed because HWE P < 1e-08 :
 [1] "chr15_98210455_G_C_b38_G" "chr15_98215188_C_T_b38_C"
 [3] "chr15_98278102_C_T_b38_C" "chr15_98278251_C_T_b38_C"
 [5] "chr15_98310051_T_C_b38_T" "chr15_98312899_G_C_b38_G"
 [7] "chr15_98314451_G_A_b38_G" "chr15_98317133_G_A_b38_G"
 [9] "chr15_98587593_G_A_b38_G" "chr15_98606405_A_C_b38_A"
[11] "chr15_98607168_C_G_b38_C" "chr15_98663606_G_A_b38_G"
[13] "chr15_98664810_A_G_b38_A" "chr15_98667602_C_T_b38_C"
[15] "chr15_98669256_G_T_b38_G" "chr15_98670134_A_T_b38_A"
[17] "chr15_98671869_G_A_b38_G" "chr15_98672386_G_A_b38_G"
[19] "chr15_98676369_C_T_b38_C" "chr15_98676676_C_T_b38_C"
[21] "chr15_98706678_C_T_b38_C" "chr15_98709928_A_T_b38_A"
[23] "chr15_98710452_G_A_b38_G" "chr15_98710964_C_T_b38_C"
[25] "chr15_98747177_T_C_b38_T" "chr15_98779819_G_T_b38_G"
[27] "chr15_98784153_T_G_b38_T" "chr15_98786996_G_A_b38_G"
[29] "chr15_98788058_C_G_b38_C" "chr15_98788316_A_G_b38_A"
[31] "chr15_98789488_C_T_b38_C" "chr15_98789780_G_C_b38_G"
[33] "chr15_98791393_A_T_b38_A" "chr15_98791804_G_A_b38_G"
[35] "chr15_98792550_G_A_b38_G" "chr15_98793401_A_C_b38_A"
[37] "chr15_98805044_T_A_b38_T" "chr15_98807105_C_T_b38_C"
[39] "chr15_98808228_C_T_b38_C" "chr15_98808875_T_A_b38_T"
[41] "chr15_98809112_C_T_b38_C" "chr15_98809798_C_T_b38_C"
[43] "chr15_98810192_A_C_b38_A" "chr15_98815957_C_T_b38_C"
[45] "chr15_98818740_A_C_b38_A" "chr15_98818744_A_C_b38_A"
[47] "chr15_98824723_T_C_b38_T" "chr15_98828012_C_A_b38_C"
[49] "chr15_98828192_G_T_b38_G" "chr15_98829933_G_A_b38_G"
[51] "chr15_98830944_T_C_b38_T" "chr15_98833186_A_G_b38_A"
[53] "chr15_98835865_G_A_b38_G" "chr15_98837213_T_C_b38_T"
[55] "chr15_98837628_A_G_b38_A" "chr15_98911765_G_A_b38_G"
[57] "chr15_98931269_G_A_b38_G" "chr15_98932805_C_T_b38_C"
[59] "chr15_98933271_T_A_b38_T" "chr15_98936520_G_A_b38_G"
[61] "chr15_99013370_C_T_b38_C" "chr15_99014709_T_C_b38_T"
[63] "chr15_99049485_C_T_b38_C" "chr15_99050839_T_C_b38_T"
10 SNP(s) removed because HWE P < 1e-08 :
 [1] "chr11_126132291_C_T_b38_C" "chr11_126133950_A_G_b38_A"
 [3] "chr11_126134180_G_A_b38_G" "chr11_126134888_A_G_b38_A"
 [5] "chr11_126135086_G_A_b38_G" "chr11_126135916_C_T_b38_C"
 [7] "chr11_126136722_A_G_b38_A" "chr11_126137014_G_A_b38_G"
 [9] "chr11_126194518_G_C_b38_G" "chr11_126199265_T_G_b38_T"
51 SNP(s) removed because HWE P < 1e-08 :
 [1] "chr19_50749708_G_C_b38_G" "chr19_50842031_A_G_b38_A"
 [3] "chr19_50896788_T_C_b38_T" "chr19_50897100_A_G_b38_A"
 [5] "chr19_50897145_C_T_b38_C" "chr19_50948431_C_T_b38_C"
 [7] "chr19_50957933_A_G_b38_A" "chr19_51083323_T_G_b38_T"
 [9] "chr19_51107599_A_G_b38_A" "chr19_51107741_T_G_b38_T"
[11] "chr19_51108006_G_A_b38_G" "chr19_51116302_T_C_b38_T"
[13] "chr19_51120922_T_G_b38_T" "chr19_51121015_T_G_b38_T"
[15] "chr19_51121279_T_C_b38_T" "chr19_51121832_A_C_b38_A"
[17] "chr19_51121942_T_C_b38_T" "chr19_51122379_A_G_b38_A"
[19] "chr19_51122568_A_G_b38_A" "chr19_51122642_G_C_b38_G"
[21] "chr19_51123685_A_G_b38_A" "chr19_51136723_A_G_b38_A"
[23] "chr19_51172375_T_C_b38_T" "chr19_51173311_A_G_b38_A"
[25] "chr19_51173876_T_C_b38_T" "chr19_51184134_C_T_b38_C"
[27] "chr19_51201503_A_G_b38_A" "chr19_51208344_T_C_b38_T"
[29] "chr19_51208365_C_T_b38_C" "chr19_51212754_T_C_b38_T"
[31] "chr19_51235665_T_C_b38_T" "chr19_51251278_A_C_b38_A"
[33] "chr19_51280161_A_G_b38_A" "chr19_51280387_C_T_b38_C"
[35] "chr19_51281207_G_A_b38_G" "chr19_51282770_C_G_b38_C"
[37] "chr19_51283428_T_C_b38_T" "chr19_51284112_C_T_b38_C"
[39] "chr19_51284184_A_C_b38_A" "chr19_51285176_C_A_b38_C"
[41] "chr19_51285861_G_A_b38_G" "chr19_51287738_T_C_b38_T"
[43] "chr19_51290510_A_C_b38_A" "chr19_51291857_T_G_b38_T"
[45] "chr19_51293045_T_C_b38_T" "chr19_51298175_C_T_b38_C"
[47] "chr19_51358092_C_G_b38_C" "chr19_51447917_C_T_b38_C"
[49] "chr19_51447928_A_G_b38_A" "chr19_51448049_T_G_b38_T"
[51] "chr19_51457686_A_G_b38_A"
6 SNP(s) removed because HWE P < 1e-08 :
[1] "chr13_29549344_C_T_b38_C" "chr13_29949626_G_C_b38_G"
[3] "chr13_30062346_T_C_b38_T" "chr13_30062379_G_C_b38_G"
[5] "chr13_30121793_C_T_b38_C" "chr13_30160356_C_T_b38_C"
41 SNP(s) removed because HWE P < 1e-08 :
 [1] "chr4_39136041_A_T_b38_A" "chr4_39369496_G_T_b38_G"
 [3] "chr4_39376026_T_C_b38_T" "chr4_39432148_A_G_b38_A"
 [5] "chr4_39503190_T_C_b38_T" "chr4_39538213_A_G_b38_A"
 [7] "chr4_39541780_C_T_b38_C" "chr4_39541898_T_A_b38_T"
 [9] "chr4_39543666_T_A_b38_T" "chr4_39543696_A_G_b38_A"
[11] "chr4_39544022_G_A_b38_G" "chr4_39546313_G_A_b38_G"
[13] "chr4_39551243_C_T_b38_C" "chr4_39556244_T_C_b38_T"
[15] "chr4_39560503_T_C_b38_T" "chr4_39560608_T_C_b38_T"
[17] "chr4_39560632_A_G_b38_A" "chr4_39561498_A_G_b38_A"
[19] "chr4_39561756_C_T_b38_C" "chr4_39562777_A_G_b38_A"
[21] "chr4_39563213_T_A_b38_T" "chr4_39563421_C_G_b38_C"
[23] "chr4_39565949_T_C_b38_T" "chr4_39566096_C_A_b38_C"
[25] "chr4_39566337_T_C_b38_T" "chr4_39566338_G_A_b38_G"
[27] "chr4_39567092_C_T_b38_C" "chr4_39567240_C_T_b38_C"
[29] "chr4_39568233_T_C_b38_T" "chr4_39569002_A_C_b38_A"
[31] "chr4_39569417_C_T_b38_C" "chr4_39569594_A_G_b38_A"
[33] "chr4_39569817_C_T_b38_C" "chr4_39569881_G_A_b38_G"
[35] "chr4_39570192_G_A_b38_G" "chr4_39570403_G_C_b38_G"
[37] "chr4_39570599_G_A_b38_G" "chr4_39570735_C_A_b38_C"
[39] "chr4_39571557_C_T_b38_C" "chr4_39574286_C_T_b38_C"
[41] "chr4_39769687_C_A_b38_C"
69 SNP(s) removed because HWE P < 1e-08 :
 [1] "chr8_81253423_T_C_b38_T" "chr8_81281143_C_T_b38_C"
 [3] "chr8_81289273_A_T_b38_A" "chr8_81297255_A_G_b38_A"
 [5] "chr8_81299436_C_T_b38_C" "chr8_81300344_T_C_b38_T"
 [7] "chr8_81325559_T_C_b38_T" "chr8_81327049_C_G_b38_C"
 [9] "chr8_81327156_T_G_b38_T" "chr8_81327252_A_G_b38_A"
[11] "chr8_81327333_T_C_b38_T" "chr8_81327394_A_G_b38_A"
[13] "chr8_81328362_A_G_b38_A" "chr8_81328531_C_A_b38_C"
[15] "chr8_81329064_T_A_b38_T" "chr8_81329094_T_G_b38_T"
[17] "chr8_81329957_C_T_b38_C" "chr8_81330786_A_G_b38_A"
[19] "chr8_81330873_T_C_b38_T" "chr8_81331043_A_C_b38_A"
[21] "chr8_81331131_T_C_b38_T" "chr8_81331608_C_T_b38_C"
[23] "chr8_81331614_C_T_b38_C" "chr8_81331709_T_G_b38_T"
[25] "chr8_81331864_A_G_b38_A" "chr8_81331877_C_T_b38_C"
[27] "chr8_81332098_G_A_b38_G" "chr8_81332283_A_G_b38_A"
[29] "chr8_81332524_C_T_b38_C" "chr8_81332904_A_T_b38_A"
[31] "chr8_81332906_C_T_b38_C" "chr8_81333125_G_A_b38_G"
[33] "chr8_81333194_G_T_b38_G" "chr8_81333216_T_C_b38_T"
[35] "chr8_81333791_C_T_b38_C" "chr8_81334313_T_C_b38_T"
[37] "chr8_81335686_A_G_b38_A" "chr8_81336303_C_T_b38_C"
[39] "chr8_81464464_C_T_b38_C" "chr8_81468508_A_T_b38_A"
[41] "chr8_81468888_A_G_b38_A" "chr8_81469332_T_C_b38_T"
[43] "chr8_81469415_G_A_b38_G" "chr8_81470506_G_A_b38_G"
[45] "chr8_81470621_C_T_b38_C" "chr8_81471159_T_G_b38_T"
[47] "chr8_81514819_A_C_b38_A" "chr8_81515555_C_T_b38_C"
[49] "chr8_81518769_T_C_b38_T" "chr8_81527961_G_T_b38_G"
[51] "chr8_81900677_A_T_b38_A" "chr8_81900680_C_T_b38_C"
[53] "chr8_81900761_G_T_b38_G" "chr8_81900762_G_A_b38_G"
[55] "chr8_81900773_G_A_b38_G" "chr8_81900776_G_T_b38_G"
[57] "chr8_81900779_T_C_b38_T" "chr8_81900782_C_T_b38_C"
[59] "chr8_81900783_T_C_b38_T" "chr8_81900784_G_A_b38_G"
[61] "chr8_81900789_T_C_b38_T" "chr8_81900796_C_G_b38_C"
[63] "chr8_81900800_G_C_b38_G" "chr8_82127185_G_A_b38_G"
[65] "chr8_82127192_C_G_b38_C" "chr8_82129772_G_C_b38_G"
[67] "chr8_82130336_C_T_b38_C" "chr8_82136891_C_T_b38_C"
[69] "chr8_82137774_C_G_b38_C"
86 SNP(s) removed because HWE P < 1e-08 :
 [1] "chr11_12602581_C_A_b38_C" "chr11_12624958_C_A_b38_C"
 [3] "chr11_12709357_A_C_b38_A" "chr11_12711743_G_T_b38_G"
 [5] "chr11_12712147_G_A_b38_G" "chr11_12714195_C_T_b38_C"
 [7] "chr11_12714879_C_G_b38_C" "chr11_12715017_G_A_b38_G"
 [9] "chr11_12715147_C_T_b38_C" "chr11_12715325_A_G_b38_A"
[11] "chr11_12715946_C_T_b38_C" "chr11_12715993_T_C_b38_T"
[13] "chr11_12717103_G_A_b38_G" "chr11_12717141_C_A_b38_C"
[15] "chr11_12722267_A_G_b38_A" "chr11_12722492_G_A_b38_G"
[17] "chr11_12722623_A_G_b38_A" "chr11_12725406_G_A_b38_G"
[19] "chr11_12726375_G_A_b38_G" "chr11_12730213_C_A_b38_C"
[21] "chr11_12731602_A_G_b38_A" "chr11_12750963_G_C_b38_G"
[23] "chr11_12757747_T_C_b38_T" "chr11_12757888_G_T_b38_G"
[25] "chr11_12758617_C_T_b38_C" "chr11_12758709_T_C_b38_T"
[27] "chr11_12759469_G_A_b38_G" "chr11_12775522_G_C_b38_G"
[29] "chr11_12781165_A_G_b38_A" "chr11_12797262_G_A_b38_G"
[31] "chr11_12801705_T_G_b38_T" "chr11_12806545_C_T_b38_C"
[33] "chr11_12810221_C_T_b38_C" "chr11_12820345_A_C_b38_A"
[35] "chr11_12959220_G_C_b38_G" "chr11_13145421_T_C_b38_T"
[37] "chr11_13159063_A_T_b38_A" "chr11_13160043_T_C_b38_T"
[39] "chr11_13161191_T_G_b38_T" "chr11_13162034_C_T_b38_C"
[41] "chr11_13163679_G_A_b38_G" "chr11_13167486_A_G_b38_A"
[43] "chr11_13167824_C_G_b38_C" "chr11_13168039_T_G_b38_T"
[45] "chr11_13168424_A_T_b38_A" "chr11_13168751_C_A_b38_C"
[47] "chr11_13168868_C_G_b38_C" "chr11_13170516_C_T_b38_C"
[49] "chr11_13171300_T_A_b38_T" "chr11_13171711_G_C_b38_G"
[51] "chr11_13172324_A_C_b38_A" "chr11_13172527_T_C_b38_T"
[53] "chr11_13172742_G_A_b38_G" "chr11_13173008_G_A_b38_G"
[55] "chr11_13173311_A_C_b38_A" "chr11_13173332_G_A_b38_G"
[57] "chr11_13173916_G_A_b38_G" "chr11_13174617_C_T_b38_C"
[59] "chr11_13174658_A_G_b38_A" "chr11_13175460_G_T_b38_G"
[61] "chr11_13175491_T_C_b38_T" "chr11_13176427_A_G_b38_A"
[63] "chr11_13176535_G_A_b38_G" "chr11_13176583_C_T_b38_C"
[65] "chr11_13177356_T_C_b38_T" "chr11_13178288_C_T_b38_C"
[67] "chr11_13178878_C_T_b38_C" "chr11_13179392_C_G_b38_C"
[69] "chr11_13179991_G_A_b38_G" "chr11_13180396_T_C_b38_T"
[71] "chr11_13181122_C_T_b38_C" "chr11_13181132_T_A_b38_T"
[73] "chr11_13181163_T_G_b38_T" "chr11_13181254_G_A_b38_G"
[75] "chr11_13181293_C_T_b38_C" "chr11_13181360_G_A_b38_G"
[77] "chr11_13181664_A_G_b38_A" "chr11_13182114_G_A_b38_G"
[79] "chr11_13182203_G_A_b38_G" "chr11_13182610_C_T_b38_C"
[81] "chr11_13182823_T_C_b38_T" "chr11_13183287_G_A_b38_G"
[83] "chr11_13184213_G_A_b38_G" "chr11_13301971_T_C_b38_T"
[85] "chr11_13316281_G_A_b38_G" "chr11_13395112_C_G_b38_C"
74 SNP(s) removed because HWE P < 1e-08 :
 [1] "chr21_31920396_G_A_b38_G" "chr21_31935565_G_C_b38_G"
 [3] "chr21_31935580_T_G_b38_T" "chr21_32134286_A_T_b38_A"
 [5] "chr21_32238948_G_A_b38_G" "chr21_32250914_C_T_b38_C"
 [7] "chr21_32311415_A_C_b38_A" "chr21_32410343_C_T_b38_C"
 [9] "chr21_32432979_G_A_b38_G" "chr21_32432987_A_C_b38_A"
[11] "chr21_32432995_G_A_b38_G" "chr21_32433065_T_A_b38_T"
[13] "chr21_32433084_C_T_b38_C" "chr21_32433553_G_A_b38_G"
[15] "chr21_32433554_C_G_b38_C" "chr21_32433562_T_C_b38_T"
[17] "chr21_32433629_A_G_b38_A" "chr21_32433656_G_A_b38_G"
[19] "chr21_32433663_A_T_b38_A" "chr21_32434706_A_G_b38_A"
[21] "chr21_32434713_T_C_b38_T" "chr21_32434721_A_C_b38_A"
[23] "chr21_32434746_A_C_b38_A" "chr21_32434842_G_A_b38_G"
[25] "chr21_32434867_C_T_b38_C" "chr21_32434878_G_A_b38_G"
[27] "chr21_32434919_T_G_b38_T" "chr21_32434927_C_T_b38_C"
[29] "chr21_32434967_T_G_b38_T" "chr21_32434971_T_C_b38_T"
[31] "chr21_32434992_T_C_b38_T" "chr21_32435003_T_G_b38_T"
[33] "chr21_32435004_T_C_b38_T" "chr21_32435117_A_G_b38_A"
[35] "chr21_32435125_T_C_b38_T" "chr21_32435126_G_C_b38_G"
[37] "chr21_32435133_C_A_b38_C" "chr21_32435360_C_T_b38_C"
[39] "chr21_32435400_A_G_b38_A" "chr21_32435408_T_C_b38_T"
[41] "chr21_32435414_A_G_b38_A" "chr21_32435436_C_T_b38_C"
[43] "chr21_32435462_C_T_b38_C" "chr21_32435661_G_C_b38_G"
[45] "chr21_32435666_T_G_b38_T" "chr21_32435667_A_G_b38_A"
[47] "chr21_32435716_C_T_b38_C" "chr21_32435721_G_A_b38_G"
[49] "chr21_32435728_T_C_b38_T" "chr21_32435763_C_T_b38_C"
[51] "chr21_32435766_A_C_b38_A" "chr21_32435898_C_T_b38_C"
[53] "chr21_32435949_T_A_b38_T" "chr21_32435990_T_A_b38_T"
[55] "chr21_32436019_G_A_b38_G" "chr21_32436447_T_A_b38_T"
[57] "chr21_32436465_A_C_b38_A" "chr21_32436477_T_A_b38_T"
[59] "chr21_32436484_T_C_b38_T" "chr21_32436539_G_A_b38_G"
[61] "chr21_32436627_G_A_b38_G" "chr21_32436628_G_A_b38_G"
[63] "chr21_32436637_A_G_b38_A" "chr21_32436702_C_T_b38_C"
[65] "chr21_32436736_G_A_b38_G" "chr21_32436746_A_G_b38_A"
[67] "chr21_32437187_G_C_b38_G" "chr21_32437224_A_G_b38_A"
[69] "chr21_32437249_C_A_b38_C" "chr21_32437250_G_A_b38_G"
[71] "chr21_32437258_C_G_b38_C" "chr21_32621877_A_T_b38_A"
[73] "chr21_32660622_A_G_b38_A" "chr21_32660624_C_T_b38_C"
64 SNP(s) removed because HWE P < 1e-08 :
 [1] "chr2_127788561_C_T_b38_C" "chr2_127788785_C_A_b38_C"
 [3] "chr2_127964905_A_G_b38_A" "chr2_128052440_C_T_b38_C"
 [5] "chr2_128059155_A_C_b38_A" "chr2_128062684_C_T_b38_C"
 [7] "chr2_128071792_T_A_b38_T" "chr2_128082441_T_G_b38_T"
 [9] "chr2_128105065_C_T_b38_C" "chr2_128214012_T_G_b38_T"
[11] "chr2_128257566_G_A_b38_G" "chr2_128257790_C_G_b38_C"
[13] "chr2_128259848_C_T_b38_C" "chr2_128260050_T_C_b38_T"
[15] "chr2_128261017_A_G_b38_A" "chr2_128262841_G_T_b38_G"
[17] "chr2_128263287_T_C_b38_T" "chr2_128263337_A_G_b38_A"
[19] "chr2_128263394_C_T_b38_C" "chr2_128266614_T_G_b38_T"
[21] "chr2_128266631_G_C_b38_G" "chr2_128266834_G_A_b38_G"
[23] "chr2_128267410_G_A_b38_G" "chr2_128267411_A_C_b38_A"
[25] "chr2_128268013_C_T_b38_C" "chr2_128268014_A_G_b38_A"
[27] "chr2_128345770_A_G_b38_A" "chr2_128491028_A_C_b38_A"
[29] "chr2_128504185_A_G_b38_A" "chr2_128504349_G_A_b38_G"
[31] "chr2_128511091_C_T_b38_C" "chr2_128511840_G_C_b38_G"
[33] "chr2_128511841_A_G_b38_A" "chr2_128511870_T_C_b38_T"
[35] "chr2_128511893_A_T_b38_A" "chr2_128512119_T_C_b38_T"
[37] "chr2_128512166_T_C_b38_T" "chr2_128512168_C_T_b38_C"
[39] "chr2_128512393_A_G_b38_A" "chr2_128512433_C_T_b38_C"
[41] "chr2_128513024_A_G_b38_A" "chr2_128513159_C_G_b38_C"
[43] "chr2_128514184_T_C_b38_T" "chr2_128516070_A_G_b38_A"
[45] "chr2_128516081_T_C_b38_T" "chr2_128516100_T_C_b38_T"
[47] "chr2_128519146_T_C_b38_T" "chr2_128519712_G_A_b38_G"
[49] "chr2_128521445_C_G_b38_C" "chr2_128523066_G_A_b38_G"
[51] "chr2_128525232_T_C_b38_T" "chr2_128530099_G_A_b38_G"
[53] "chr2_128531089_G_A_b38_G" "chr2_128532391_T_A_b38_T"
[55] "chr2_128532466_A_G_b38_A" "chr2_128535157_T_C_b38_T"
[57] "chr2_128544514_A_G_b38_A" "chr2_128546274_T_C_b38_T"
[59] "chr2_128565245_A_G_b38_A" "chr2_128568429_A_G_b38_A"
[61] "chr2_128568751_C_A_b38_C" "chr2_128573155_G_T_b38_G"
[63] "chr2_128576425_C_T_b38_C" "chr2_128588272_G_C_b38_G"
51 SNP(s) removed because HWE P < 1e-08 :
 [1] "chr19_50749708_G_C_b38_G" "chr19_50842031_A_G_b38_A"
 [3] "chr19_50896788_T_C_b38_T" "chr19_50897100_A_G_b38_A"
 [5] "chr19_50897145_C_T_b38_C" "chr19_50948431_C_T_b38_C"
 [7] "chr19_50957933_A_G_b38_A" "chr19_51083323_T_G_b38_T"
 [9] "chr19_51107599_A_G_b38_A" "chr19_51107741_T_G_b38_T"
[11] "chr19_51108006_G_A_b38_G" "chr19_51116302_T_C_b38_T"
[13] "chr19_51120922_T_G_b38_T" "chr19_51121015_T_G_b38_T"
[15] "chr19_51121279_T_C_b38_T" "chr19_51121832_A_C_b38_A"
[17] "chr19_51121942_T_C_b38_T" "chr19_51122379_A_G_b38_A"
[19] "chr19_51122568_A_G_b38_A" "chr19_51122642_G_C_b38_G"
[21] "chr19_51123685_A_G_b38_A" "chr19_51136723_A_G_b38_A"
[23] "chr19_51172375_T_C_b38_T" "chr19_51173311_A_G_b38_A"
[25] "chr19_51173876_T_C_b38_T" "chr19_51184134_C_T_b38_C"
[27] "chr19_51201503_A_G_b38_A" "chr19_51208344_T_C_b38_T"
[29] "chr19_51208365_C_T_b38_C" "chr19_51212754_T_C_b38_T"
[31] "chr19_51235665_T_C_b38_T" "chr19_51251278_A_C_b38_A"
[33] "chr19_51280161_A_G_b38_A" "chr19_51280387_C_T_b38_C"
[35] "chr19_51281207_G_A_b38_G" "chr19_51282770_C_G_b38_C"
[37] "chr19_51283428_T_C_b38_T" "chr19_51284112_C_T_b38_C"
[39] "chr19_51284184_A_C_b38_A" "chr19_51285176_C_A_b38_C"
[41] "chr19_51285861_G_A_b38_G" "chr19_51287738_T_C_b38_T"
[43] "chr19_51290510_A_C_b38_A" "chr19_51291857_T_G_b38_T"
[45] "chr19_51293045_T_C_b38_T" "chr19_51298175_C_T_b38_C"
[47] "chr19_51358092_C_G_b38_C" "chr19_51447917_C_T_b38_C"
[49] "chr19_51447928_A_G_b38_A" "chr19_51448049_T_G_b38_T"
[51] "chr19_51457686_A_G_b38_A"
86 SNP(s) removed because HWE P < 1e-08 :
 [1] "chr11_12602581_C_A_b38_C" "chr11_12624958_C_A_b38_C"
 [3] "chr11_12709357_A_C_b38_A" "chr11_12711743_G_T_b38_G"
 [5] "chr11_12712147_G_A_b38_G" "chr11_12714195_C_T_b38_C"
 [7] "chr11_12714879_C_G_b38_C" "chr11_12715017_G_A_b38_G"
 [9] "chr11_12715147_C_T_b38_C" "chr11_12715325_A_G_b38_A"
[11] "chr11_12715946_C_T_b38_C" "chr11_12715993_T_C_b38_T"
[13] "chr11_12717103_G_A_b38_G" "chr11_12717141_C_A_b38_C"
[15] "chr11_12722267_A_G_b38_A" "chr11_12722492_G_A_b38_G"
[17] "chr11_12722623_A_G_b38_A" "chr11_12725406_G_A_b38_G"
[19] "chr11_12726375_G_A_b38_G" "chr11_12730213_C_A_b38_C"
[21] "chr11_12731602_A_G_b38_A" "chr11_12750963_G_C_b38_G"
[23] "chr11_12757747_T_C_b38_T" "chr11_12757888_G_T_b38_G"
[25] "chr11_12758617_C_T_b38_C" "chr11_12758709_T_C_b38_T"
[27] "chr11_12759469_G_A_b38_G" "chr11_12775522_G_C_b38_G"
[29] "chr11_12781165_A_G_b38_A" "chr11_12797262_G_A_b38_G"
[31] "chr11_12801705_T_G_b38_T" "chr11_12806545_C_T_b38_C"
[33] "chr11_12810221_C_T_b38_C" "chr11_12820345_A_C_b38_A"
[35] "chr11_12959220_G_C_b38_G" "chr11_13145421_T_C_b38_T"
[37] "chr11_13159063_A_T_b38_A" "chr11_13160043_T_C_b38_T"
[39] "chr11_13161191_T_G_b38_T" "chr11_13162034_C_T_b38_C"
[41] "chr11_13163679_G_A_b38_G" "chr11_13167486_A_G_b38_A"
[43] "chr11_13167824_C_G_b38_C" "chr11_13168039_T_G_b38_T"
[45] "chr11_13168424_A_T_b38_A" "chr11_13168751_C_A_b38_C"
[47] "chr11_13168868_C_G_b38_C" "chr11_13170516_C_T_b38_C"
[49] "chr11_13171300_T_A_b38_T" "chr11_13171711_G_C_b38_G"
[51] "chr11_13172324_A_C_b38_A" "chr11_13172527_T_C_b38_T"
[53] "chr11_13172742_G_A_b38_G" "chr11_13173008_G_A_b38_G"
[55] "chr11_13173311_A_C_b38_A" "chr11_13173332_G_A_b38_G"
[57] "chr11_13173916_G_A_b38_G" "chr11_13174617_C_T_b38_C"
[59] "chr11_13174658_A_G_b38_A" "chr11_13175460_G_T_b38_G"
[61] "chr11_13175491_T_C_b38_T" "chr11_13176427_A_G_b38_A"
[63] "chr11_13176535_G_A_b38_G" "chr11_13176583_C_T_b38_C"
[65] "chr11_13177356_T_C_b38_T" "chr11_13178288_C_T_b38_C"
[67] "chr11_13178878_C_T_b38_C" "chr11_13179392_C_G_b38_C"
[69] "chr11_13179991_G_A_b38_G" "chr11_13180396_T_C_b38_T"
[71] "chr11_13181122_C_T_b38_C" "chr11_13181132_T_A_b38_T"
[73] "chr11_13181163_T_G_b38_T" "chr11_13181254_G_A_b38_G"
[75] "chr11_13181293_C_T_b38_C" "chr11_13181360_G_A_b38_G"
[77] "chr11_13181664_A_G_b38_A" "chr11_13182114_G_A_b38_G"
[79] "chr11_13182203_G_A_b38_G" "chr11_13182610_C_T_b38_C"
[81] "chr11_13182823_T_C_b38_T" "chr11_13183287_G_A_b38_G"
[83] "chr11_13184213_G_A_b38_G" "chr11_13301971_T_C_b38_T"
[85] "chr11_13316281_G_A_b38_G" "chr11_13395112_C_G_b38_C"
39 SNP(s) removed because HWE P < 1e-08 :
 [1] "chr22_49765666_G_C_b38_G" "chr22_49770965_G_C_b38_G"
 [3] "chr22_49837507_C_G_b38_C" "chr22_49846939_C_A_b38_C"
 [5] "chr22_49848251_T_C_b38_T" "chr22_49872508_G_A_b38_G"
 [7] "chr22_49880142_T_C_b38_T" "chr22_49880243_G_T_b38_G"
 [9] "chr22_49883047_G_C_b38_G" "chr22_49894697_A_G_b38_A"
[11] "chr22_49906790_T_C_b38_T" "chr22_49921580_T_C_b38_T"
[13] "chr22_49921715_C_A_b38_C" "chr22_49973759_T_C_b38_T"
[15] "chr22_50013858_A_C_b38_A" "chr22_50357867_G_A_b38_G"
[17] "chr22_50371703_G_C_b38_G" "chr22_50418711_G_A_b38_G"
[19] "chr22_50424402_A_C_b38_A" "chr22_50424421_C_A_b38_C"
[21] "chr22_50424423_C_T_b38_C" "chr22_50495487_G_A_b38_G"
[23] "chr22_50495498_T_C_b38_T" "chr22_50495499_G_A_b38_G"
[25] "chr22_50508159_C_G_b38_C" "chr22_50509182_A_G_b38_A"
[27] "chr22_50509488_T_C_b38_T" "chr22_50509962_A_G_b38_A"
[29] "chr22_50510817_C_T_b38_C" "chr22_50510967_T_C_b38_T"
[31] "chr22_50511806_T_C_b38_T" "chr22_50512014_T_C_b38_T"
[33] "chr22_50512298_G_A_b38_G" "chr22_50512549_T_G_b38_T"
[35] "chr22_50513313_G_C_b38_G" "chr22_50513793_G_A_b38_G"
[37] "chr22_50542614_C_T_b38_C" "chr22_50542624_A_T_b38_A"
[39] "chr22_50712000_C_T_b38_C"
69 SNP(s) removed because HWE P < 1e-08 :
 [1] "chr8_81253423_T_C_b38_T" "chr8_81281143_C_T_b38_C"
 [3] "chr8_81289273_A_T_b38_A" "chr8_81297255_A_G_b38_A"
 [5] "chr8_81299436_C_T_b38_C" "chr8_81300344_T_C_b38_T"
 [7] "chr8_81325559_T_C_b38_T" "chr8_81327049_C_G_b38_C"
 [9] "chr8_81327156_T_G_b38_T" "chr8_81327252_A_G_b38_A"
[11] "chr8_81327333_T_C_b38_T" "chr8_81327394_A_G_b38_A"
[13] "chr8_81328362_A_G_b38_A" "chr8_81328531_C_A_b38_C"
[15] "chr8_81329064_T_A_b38_T" "chr8_81329094_T_G_b38_T"
[17] "chr8_81329957_C_T_b38_C" "chr8_81330786_A_G_b38_A"
[19] "chr8_81330873_T_C_b38_T" "chr8_81331043_A_C_b38_A"
[21] "chr8_81331131_T_C_b38_T" "chr8_81331608_C_T_b38_C"
[23] "chr8_81331614_C_T_b38_C" "chr8_81331709_T_G_b38_T"
[25] "chr8_81331864_A_G_b38_A" "chr8_81331877_C_T_b38_C"
[27] "chr8_81332098_G_A_b38_G" "chr8_81332283_A_G_b38_A"
[29] "chr8_81332524_C_T_b38_C" "chr8_81332904_A_T_b38_A"
[31] "chr8_81332906_C_T_b38_C" "chr8_81333125_G_A_b38_G"
[33] "chr8_81333194_G_T_b38_G" "chr8_81333216_T_C_b38_T"
[35] "chr8_81333791_C_T_b38_C" "chr8_81334313_T_C_b38_T"
[37] "chr8_81335686_A_G_b38_A" "chr8_81336303_C_T_b38_C"
[39] "chr8_81464464_C_T_b38_C" "chr8_81468508_A_T_b38_A"
[41] "chr8_81468888_A_G_b38_A" "chr8_81469332_T_C_b38_T"
[43] "chr8_81469415_G_A_b38_G" "chr8_81470506_G_A_b38_G"
[45] "chr8_81470621_C_T_b38_C" "chr8_81471159_T_G_b38_T"
[47] "chr8_81514819_A_C_b38_A" "chr8_81515555_C_T_b38_C"
[49] "chr8_81518769_T_C_b38_T" "chr8_81527961_G_T_b38_G"
[51] "chr8_81900677_A_T_b38_A" "chr8_81900680_C_T_b38_C"
[53] "chr8_81900761_G_T_b38_G" "chr8_81900762_G_A_b38_G"
[55] "chr8_81900773_G_A_b38_G" "chr8_81900776_G_T_b38_G"
[57] "chr8_81900779_T_C_b38_T" "chr8_81900782_C_T_b38_C"
[59] "chr8_81900783_T_C_b38_T" "chr8_81900784_G_A_b38_G"
[61] "chr8_81900789_T_C_b38_T" "chr8_81900796_C_G_b38_C"
[63] "chr8_81900800_G_C_b38_G" "chr8_82127185_G_A_b38_G"
[65] "chr8_82127192_C_G_b38_C" "chr8_82129772_G_C_b38_G"
[67] "chr8_82130336_C_T_b38_C" "chr8_82136891_C_T_b38_C"
[69] "chr8_82137774_C_G_b38_C"
6 SNP(s) removed because HWE P < 1e-08 :
[1] "chr13_29549344_C_T_b38_C" "chr13_29949626_G_C_b38_G"
[3] "chr13_30062346_T_C_b38_T" "chr13_30062379_G_C_b38_G"
[5] "chr13_30121793_C_T_b38_C" "chr13_30160356_C_T_b38_C"
6 SNP(s) removed because HWE P < 1e-08 :
[1] "chr13_29549344_C_T_b38_C" "chr13_29949626_G_C_b38_G"
[3] "chr13_30062346_T_C_b38_T" "chr13_30062379_G_C_b38_G"
[5] "chr13_30121793_C_T_b38_C" "chr13_30160356_C_T_b38_C"
64 SNP(s) removed because HWE P < 1e-08 :
 [1] "chr15_98210455_G_C_b38_G" "chr15_98215188_C_T_b38_C"
 [3] "chr15_98278102_C_T_b38_C" "chr15_98278251_C_T_b38_C"
 [5] "chr15_98310051_T_C_b38_T" "chr15_98312899_G_C_b38_G"
 [7] "chr15_98314451_G_A_b38_G" "chr15_98317133_G_A_b38_G"
 [9] "chr15_98587593_G_A_b38_G" "chr15_98606405_A_C_b38_A"
[11] "chr15_98607168_C_G_b38_C" "chr15_98663606_G_A_b38_G"
[13] "chr15_98664810_A_G_b38_A" "chr15_98667602_C_T_b38_C"
[15] "chr15_98669256_G_T_b38_G" "chr15_98670134_A_T_b38_A"
[17] "chr15_98671869_G_A_b38_G" "chr15_98672386_G_A_b38_G"
[19] "chr15_98676369_C_T_b38_C" "chr15_98676676_C_T_b38_C"
[21] "chr15_98706678_C_T_b38_C" "chr15_98709928_A_T_b38_A"
[23] "chr15_98710452_G_A_b38_G" "chr15_98710964_C_T_b38_C"
[25] "chr15_98747177_T_C_b38_T" "chr15_98779819_G_T_b38_G"
[27] "chr15_98784153_T_G_b38_T" "chr15_98786996_G_A_b38_G"
[29] "chr15_98788058_C_G_b38_C" "chr15_98788316_A_G_b38_A"
[31] "chr15_98789488_C_T_b38_C" "chr15_98789780_G_C_b38_G"
[33] "chr15_98791393_A_T_b38_A" "chr15_98791804_G_A_b38_G"
[35] "chr15_98792550_G_A_b38_G" "chr15_98793401_A_C_b38_A"
[37] "chr15_98805044_T_A_b38_T" "chr15_98807105_C_T_b38_C"
[39] "chr15_98808228_C_T_b38_C" "chr15_98808875_T_A_b38_T"
[41] "chr15_98809112_C_T_b38_C" "chr15_98809798_C_T_b38_C"
[43] "chr15_98810192_A_C_b38_A" "chr15_98815957_C_T_b38_C"
[45] "chr15_98818740_A_C_b38_A" "chr15_98818744_A_C_b38_A"
[47] "chr15_98824723_T_C_b38_T" "chr15_98828012_C_A_b38_C"
[49] "chr15_98828192_G_T_b38_G" "chr15_98829933_G_A_b38_G"
[51] "chr15_98830944_T_C_b38_T" "chr15_98833186_A_G_b38_A"
[53] "chr15_98835865_G_A_b38_G" "chr15_98837213_T_C_b38_T"
[55] "chr15_98837628_A_G_b38_A" "chr15_98911765_G_A_b38_G"
[57] "chr15_98931269_G_A_b38_G" "chr15_98932805_C_T_b38_C"
[59] "chr15_98933271_T_A_b38_T" "chr15_98936520_G_A_b38_G"
[61] "chr15_99013370_C_T_b38_C" "chr15_99014709_T_C_b38_T"
[63] "chr15_99049485_C_T_b38_C" "chr15_99050839_T_C_b38_T"
64 SNP(s) removed because HWE P < 1e-08 :
 [1] "chr15_98210455_G_C_b38_G" "chr15_98215188_C_T_b38_C"
 [3] "chr15_98278102_C_T_b38_C" "chr15_98278251_C_T_b38_C"
 [5] "chr15_98310051_T_C_b38_T" "chr15_98312899_G_C_b38_G"
 [7] "chr15_98314451_G_A_b38_G" "chr15_98317133_G_A_b38_G"
 [9] "chr15_98587593_G_A_b38_G" "chr15_98606405_A_C_b38_A"
[11] "chr15_98607168_C_G_b38_C" "chr15_98663606_G_A_b38_G"
[13] "chr15_98664810_A_G_b38_A" "chr15_98667602_C_T_b38_C"
[15] "chr15_98669256_G_T_b38_G" "chr15_98670134_A_T_b38_A"
[17] "chr15_98671869_G_A_b38_G" "chr15_98672386_G_A_b38_G"
[19] "chr15_98676369_C_T_b38_C" "chr15_98676676_C_T_b38_C"
[21] "chr15_98706678_C_T_b38_C" "chr15_98709928_A_T_b38_A"
[23] "chr15_98710452_G_A_b38_G" "chr15_98710964_C_T_b38_C"
[25] "chr15_98747177_T_C_b38_T" "chr15_98779819_G_T_b38_G"
[27] "chr15_98784153_T_G_b38_T" "chr15_98786996_G_A_b38_G"
[29] "chr15_98788058_C_G_b38_C" "chr15_98788316_A_G_b38_A"
[31] "chr15_98789488_C_T_b38_C" "chr15_98789780_G_C_b38_G"
[33] "chr15_98791393_A_T_b38_A" "chr15_98791804_G_A_b38_G"
[35] "chr15_98792550_G_A_b38_G" "chr15_98793401_A_C_b38_A"
[37] "chr15_98805044_T_A_b38_T" "chr15_98807105_C_T_b38_C"
[39] "chr15_98808228_C_T_b38_C" "chr15_98808875_T_A_b38_T"
[41] "chr15_98809112_C_T_b38_C" "chr15_98809798_C_T_b38_C"
[43] "chr15_98810192_A_C_b38_A" "chr15_98815957_C_T_b38_C"
[45] "chr15_98818740_A_C_b38_A" "chr15_98818744_A_C_b38_A"
[47] "chr15_98824723_T_C_b38_T" "chr15_98828012_C_A_b38_C"
[49] "chr15_98828192_G_T_b38_G" "chr15_98829933_G_A_b38_G"
[51] "chr15_98830944_T_C_b38_T" "chr15_98833186_A_G_b38_A"
[53] "chr15_98835865_G_A_b38_G" "chr15_98837213_T_C_b38_T"
[55] "chr15_98837628_A_G_b38_A" "chr15_98911765_G_A_b38_G"
[57] "chr15_98931269_G_A_b38_G" "chr15_98932805_C_T_b38_C"
[59] "chr15_98933271_T_A_b38_T" "chr15_98936520_G_A_b38_G"
[61] "chr15_99013370_C_T_b38_C" "chr15_99014709_T_C_b38_T"
[63] "chr15_99049485_C_T_b38_C" "chr15_99050839_T_C_b38_T"
64 SNP(s) removed because HWE P < 1e-08 :
 [1] "chr15_98210455_G_C_b38_G" "chr15_98215188_C_T_b38_C"
 [3] "chr15_98278102_C_T_b38_C" "chr15_98278251_C_T_b38_C"
 [5] "chr15_98310051_T_C_b38_T" "chr15_98312899_G_C_b38_G"
 [7] "chr15_98314451_G_A_b38_G" "chr15_98317133_G_A_b38_G"
 [9] "chr15_98587593_G_A_b38_G" "chr15_98606405_A_C_b38_A"
[11] "chr15_98607168_C_G_b38_C" "chr15_98663606_G_A_b38_G"
[13] "chr15_98664810_A_G_b38_A" "chr15_98667602_C_T_b38_C"
[15] "chr15_98669256_G_T_b38_G" "chr15_98670134_A_T_b38_A"
[17] "chr15_98671869_G_A_b38_G" "chr15_98672386_G_A_b38_G"
[19] "chr15_98676369_C_T_b38_C" "chr15_98676676_C_T_b38_C"
[21] "chr15_98706678_C_T_b38_C" "chr15_98709928_A_T_b38_A"
[23] "chr15_98710452_G_A_b38_G" "chr15_98710964_C_T_b38_C"
[25] "chr15_98747177_T_C_b38_T" "chr15_98779819_G_T_b38_G"
[27] "chr15_98784153_T_G_b38_T" "chr15_98786996_G_A_b38_G"
[29] "chr15_98788058_C_G_b38_C" "chr15_98788316_A_G_b38_A"
[31] "chr15_98789488_C_T_b38_C" "chr15_98789780_G_C_b38_G"
[33] "chr15_98791393_A_T_b38_A" "chr15_98791804_G_A_b38_G"
[35] "chr15_98792550_G_A_b38_G" "chr15_98793401_A_C_b38_A"
[37] "chr15_98805044_T_A_b38_T" "chr15_98807105_C_T_b38_C"
[39] "chr15_98808228_C_T_b38_C" "chr15_98808875_T_A_b38_T"
[41] "chr15_98809112_C_T_b38_C" "chr15_98809798_C_T_b38_C"
[43] "chr15_98810192_A_C_b38_A" "chr15_98815957_C_T_b38_C"
[45] "chr15_98818740_A_C_b38_A" "chr15_98818744_A_C_b38_A"
[47] "chr15_98824723_T_C_b38_T" "chr15_98828012_C_A_b38_C"
[49] "chr15_98828192_G_T_b38_G" "chr15_98829933_G_A_b38_G"
[51] "chr15_98830944_T_C_b38_T" "chr15_98833186_A_G_b38_A"
[53] "chr15_98835865_G_A_b38_G" "chr15_98837213_T_C_b38_T"
[55] "chr15_98837628_A_G_b38_A" "chr15_98911765_G_A_b38_G"
[57] "chr15_98931269_G_A_b38_G" "chr15_98932805_C_T_b38_C"
[59] "chr15_98933271_T_A_b38_T" "chr15_98936520_G_A_b38_G"
[61] "chr15_99013370_C_T_b38_C" "chr15_99014709_T_C_b38_T"
[63] "chr15_99049485_C_T_b38_C" "chr15_99050839_T_C_b38_T"
50 SNP(s) removed because HWE P < 1e-08 :
 [1] "chr1_30260776_G_A_b38_G" "chr1_30261033_C_T_b38_C"
 [3] "chr1_30261035_T_C_b38_T" "chr1_30262498_G_C_b38_G"
 [5] "chr1_30262566_T_C_b38_T" "chr1_30262952_T_C_b38_T"
 [7] "chr1_30263060_A_C_b38_A" "chr1_30267045_T_A_b38_T"
 [9] "chr1_30267695_A_G_b38_A" "chr1_30267838_T_C_b38_T"
[11] "chr1_30271730_G_C_b38_G" "chr1_30319998_A_G_b38_A"
[13] "chr1_30344200_A_C_b38_A" "chr1_30372868_A_G_b38_A"
[15] "chr1_30424972_T_A_b38_T" "chr1_30431921_A_T_b38_A"
[17] "chr1_30432294_T_C_b38_T" "chr1_30457109_G_A_b38_G"
[19] "chr1_30461137_C_T_b38_C" "chr1_30461179_C_G_b38_C"
[21] "chr1_30461281_G_A_b38_G" "chr1_30462864_G_A_b38_G"
[23] "chr1_30463073_G_A_b38_G" "chr1_30464517_T_A_b38_T"
[25] "chr1_30464833_G_A_b38_G" "chr1_30467025_C_T_b38_C"
[27] "chr1_30513007_C_A_b38_C" "chr1_30513542_T_C_b38_T"
[29] "chr1_30515518_G_T_b38_G" "chr1_30527788_T_C_b38_T"
[31] "chr1_30528853_A_G_b38_A" "chr1_30589733_A_G_b38_A"
[33] "chr1_30654444_C_T_b38_C" "chr1_30655897_A_G_b38_A"
[35] "chr1_30655915_C_T_b38_C" "chr1_30659306_G_A_b38_G"
[37] "chr1_30662823_C_T_b38_C" "chr1_30663234_G_C_b38_G"
[39] "chr1_30740421_A_C_b38_A" "chr1_30750010_A_G_b38_A"
[41] "chr1_30750504_A_T_b38_A" "chr1_30878433_T_C_b38_T"
[43] "chr1_30899887_T_C_b38_T" "chr1_31104389_G_A_b38_G"
[45] "chr1_31107824_C_T_b38_C" "chr1_31114298_A_G_b38_A"
[47] "chr1_31114844_T_C_b38_T" "chr1_31115392_C_T_b38_C"
[49] "chr1_31119182_C_T_b38_C" "chr1_31119844_A_G_b38_A"
49 SNP(s) removed because HWE P < 1e-08 :
 [1] "chr19_51083323_T_G_b38_T" "chr19_51107599_A_G_b38_A"
 [3] "chr19_51107741_T_G_b38_T" "chr19_51108006_G_A_b38_G"
 [5] "chr19_51116302_T_C_b38_T" "chr19_51120922_T_G_b38_T"
 [7] "chr19_51121015_T_G_b38_T" "chr19_51121279_T_C_b38_T"
 [9] "chr19_51121832_A_C_b38_A" "chr19_51121942_T_C_b38_T"
[11] "chr19_51122379_A_G_b38_A" "chr19_51122568_A_G_b38_A"
[13] "chr19_51122642_G_C_b38_G" "chr19_51123685_A_G_b38_A"
[15] "chr19_51136723_A_G_b38_A" "chr19_51172375_T_C_b38_T"
[17] "chr19_51173311_A_G_b38_A" "chr19_51173876_T_C_b38_T"
[19] "chr19_51184134_C_T_b38_C" "chr19_51201503_A_G_b38_A"
[21] "chr19_51208344_T_C_b38_T" "chr19_51208365_C_T_b38_C"
[23] "chr19_51212754_T_C_b38_T" "chr19_51235665_T_C_b38_T"
[25] "chr19_51251278_A_C_b38_A" "chr19_51280161_A_G_b38_A"
[27] "chr19_51280387_C_T_b38_C" "chr19_51281207_G_A_b38_G"
[29] "chr19_51282770_C_G_b38_C" "chr19_51283428_T_C_b38_T"
[31] "chr19_51284112_C_T_b38_C" "chr19_51284184_A_C_b38_A"
[33] "chr19_51285176_C_A_b38_C" "chr19_51285861_G_A_b38_G"
[35] "chr19_51287738_T_C_b38_T" "chr19_51290510_A_C_b38_A"
[37] "chr19_51291857_T_G_b38_T" "chr19_51293045_T_C_b38_T"
[39] "chr19_51298175_C_T_b38_C" "chr19_51358092_C_G_b38_C"
[41] "chr19_51447917_C_T_b38_C" "chr19_51447928_A_G_b38_A"
[43] "chr19_51448049_T_G_b38_T" "chr19_51457686_A_G_b38_A"
[45] "chr19_51780129_T_C_b38_T" "chr19_51780359_A_G_b38_A"
[47] "chr19_51848424_G_A_b38_G" "chr19_51875933_G_A_b38_G"
[49] "chr19_51876393_G_A_b38_G"
49 SNP(s) removed because HWE P < 1e-08 :
 [1] "chr19_51083323_T_G_b38_T" "chr19_51107599_A_G_b38_A"
 [3] "chr19_51107741_T_G_b38_T" "chr19_51108006_G_A_b38_G"
 [5] "chr19_51116302_T_C_b38_T" "chr19_51120922_T_G_b38_T"
 [7] "chr19_51121015_T_G_b38_T" "chr19_51121279_T_C_b38_T"
 [9] "chr19_51121832_A_C_b38_A" "chr19_51121942_T_C_b38_T"
[11] "chr19_51122379_A_G_b38_A" "chr19_51122568_A_G_b38_A"
[13] "chr19_51122642_G_C_b38_G" "chr19_51123685_A_G_b38_A"
[15] "chr19_51136723_A_G_b38_A" "chr19_51172375_T_C_b38_T"
[17] "chr19_51173311_A_G_b38_A" "chr19_51173876_T_C_b38_T"
[19] "chr19_51184134_C_T_b38_C" "chr19_51201503_A_G_b38_A"
[21] "chr19_51208344_T_C_b38_T" "chr19_51208365_C_T_b38_C"
[23] "chr19_51212754_T_C_b38_T" "chr19_51235665_T_C_b38_T"
[25] "chr19_51251278_A_C_b38_A" "chr19_51280161_A_G_b38_A"
[27] "chr19_51280387_C_T_b38_C" "chr19_51281207_G_A_b38_G"
[29] "chr19_51282770_C_G_b38_C" "chr19_51283428_T_C_b38_T"
[31] "chr19_51284112_C_T_b38_C" "chr19_51284184_A_C_b38_A"
[33] "chr19_51285176_C_A_b38_C" "chr19_51285861_G_A_b38_G"
[35] "chr19_51287738_T_C_b38_T" "chr19_51290510_A_C_b38_A"
[37] "chr19_51291857_T_G_b38_T" "chr19_51293045_T_C_b38_T"
[39] "chr19_51298175_C_T_b38_C" "chr19_51358092_C_G_b38_C"
[41] "chr19_51447917_C_T_b38_C" "chr19_51447928_A_G_b38_A"
[43] "chr19_51448049_T_G_b38_T" "chr19_51457686_A_G_b38_A"
[45] "chr19_51780129_T_C_b38_T" "chr19_51780359_A_G_b38_A"
[47] "chr19_51848424_G_A_b38_G" "chr19_51875933_G_A_b38_G"
[49] "chr19_51876393_G_A_b38_G"
49 SNP(s) removed because HWE P < 1e-08 :
 [1] "chr19_51083323_T_G_b38_T" "chr19_51107599_A_G_b38_A"
 [3] "chr19_51107741_T_G_b38_T" "chr19_51108006_G_A_b38_G"
 [5] "chr19_51116302_T_C_b38_T" "chr19_51120922_T_G_b38_T"
 [7] "chr19_51121015_T_G_b38_T" "chr19_51121279_T_C_b38_T"
 [9] "chr19_51121832_A_C_b38_A" "chr19_51121942_T_C_b38_T"
[11] "chr19_51122379_A_G_b38_A" "chr19_51122568_A_G_b38_A"
[13] "chr19_51122642_G_C_b38_G" "chr19_51123685_A_G_b38_A"
[15] "chr19_51136723_A_G_b38_A" "chr19_51172375_T_C_b38_T"
[17] "chr19_51173311_A_G_b38_A" "chr19_51173876_T_C_b38_T"
[19] "chr19_51184134_C_T_b38_C" "chr19_51201503_A_G_b38_A"
[21] "chr19_51208344_T_C_b38_T" "chr19_51208365_C_T_b38_C"
[23] "chr19_51212754_T_C_b38_T" "chr19_51235665_T_C_b38_T"
[25] "chr19_51251278_A_C_b38_A" "chr19_51280161_A_G_b38_A"
[27] "chr19_51280387_C_T_b38_C" "chr19_51281207_G_A_b38_G"
[29] "chr19_51282770_C_G_b38_C" "chr19_51283428_T_C_b38_T"
[31] "chr19_51284112_C_T_b38_C" "chr19_51284184_A_C_b38_A"
[33] "chr19_51285176_C_A_b38_C" "chr19_51285861_G_A_b38_G"
[35] "chr19_51287738_T_C_b38_T" "chr19_51290510_A_C_b38_A"
[37] "chr19_51291857_T_G_b38_T" "chr19_51293045_T_C_b38_T"
[39] "chr19_51298175_C_T_b38_C" "chr19_51358092_C_G_b38_C"
[41] "chr19_51447917_C_T_b38_C" "chr19_51447928_A_G_b38_A"
[43] "chr19_51448049_T_G_b38_T" "chr19_51457686_A_G_b38_A"
[45] "chr19_51780129_T_C_b38_T" "chr19_51780359_A_G_b38_A"
[47] "chr19_51848424_G_A_b38_G" "chr19_51875933_G_A_b38_G"
[49] "chr19_51876393_G_A_b38_G"
69 SNP(s) removed because HWE P < 1e-08 :
 [1] "chr8_81253423_T_C_b38_T" "chr8_81281143_C_T_b38_C"
 [3] "chr8_81289273_A_T_b38_A" "chr8_81297255_A_G_b38_A"
 [5] "chr8_81299436_C_T_b38_C" "chr8_81300344_T_C_b38_T"
 [7] "chr8_81325559_T_C_b38_T" "chr8_81327049_C_G_b38_C"
 [9] "chr8_81327156_T_G_b38_T" "chr8_81327252_A_G_b38_A"
[11] "chr8_81327333_T_C_b38_T" "chr8_81327394_A_G_b38_A"
[13] "chr8_81328362_A_G_b38_A" "chr8_81328531_C_A_b38_C"
[15] "chr8_81329064_T_A_b38_T" "chr8_81329094_T_G_b38_T"
[17] "chr8_81329957_C_T_b38_C" "chr8_81330786_A_G_b38_A"
[19] "chr8_81330873_T_C_b38_T" "chr8_81331043_A_C_b38_A"
[21] "chr8_81331131_T_C_b38_T" "chr8_81331608_C_T_b38_C"
[23] "chr8_81331614_C_T_b38_C" "chr8_81331709_T_G_b38_T"
[25] "chr8_81331864_A_G_b38_A" "chr8_81331877_C_T_b38_C"
[27] "chr8_81332098_G_A_b38_G" "chr8_81332283_A_G_b38_A"
[29] "chr8_81332524_C_T_b38_C" "chr8_81332904_A_T_b38_A"
[31] "chr8_81332906_C_T_b38_C" "chr8_81333125_G_A_b38_G"
[33] "chr8_81333194_G_T_b38_G" "chr8_81333216_T_C_b38_T"
[35] "chr8_81333791_C_T_b38_C" "chr8_81334313_T_C_b38_T"
[37] "chr8_81335686_A_G_b38_A" "chr8_81336303_C_T_b38_C"
[39] "chr8_81464464_C_T_b38_C" "chr8_81468508_A_T_b38_A"
[41] "chr8_81468888_A_G_b38_A" "chr8_81469332_T_C_b38_T"
[43] "chr8_81469415_G_A_b38_G" "chr8_81470506_G_A_b38_G"
[45] "chr8_81470621_C_T_b38_C" "chr8_81471159_T_G_b38_T"
[47] "chr8_81514819_A_C_b38_A" "chr8_81515555_C_T_b38_C"
[49] "chr8_81518769_T_C_b38_T" "chr8_81527961_G_T_b38_G"
[51] "chr8_81900677_A_T_b38_A" "chr8_81900680_C_T_b38_C"
[53] "chr8_81900761_G_T_b38_G" "chr8_81900762_G_A_b38_G"
[55] "chr8_81900773_G_A_b38_G" "chr8_81900776_G_T_b38_G"
[57] "chr8_81900779_T_C_b38_T" "chr8_81900782_C_T_b38_C"
[59] "chr8_81900783_T_C_b38_T" "chr8_81900784_G_A_b38_G"
[61] "chr8_81900789_T_C_b38_T" "chr8_81900796_C_G_b38_C"
[63] "chr8_81900800_G_C_b38_G" "chr8_82127185_G_A_b38_G"
[65] "chr8_82127192_C_G_b38_C" "chr8_82129772_G_C_b38_G"
[67] "chr8_82130336_C_T_b38_C" "chr8_82136891_C_T_b38_C"
[69] "chr8_82137774_C_G_b38_C"
22 SNP(s) removed because HWE P < 1e-08 :
 [1] "chr1_162353041_G_C_b38_G" "chr1_162353047_A_C_b38_A"
 [3] "chr1_162477576_G_A_b38_G" "chr1_162481393_G_A_b38_G"
 [5] "chr1_162483630_C_T_b38_C" "chr1_162701799_T_C_b38_T"
 [7] "chr1_162704548_G_A_b38_G" "chr1_162705250_T_C_b38_T"
 [9] "chr1_162706401_C_T_b38_C" "chr1_162710700_T_C_b38_T"
[11] "chr1_162714569_T_C_b38_T" "chr1_162722878_C_G_b38_C"
[13] "chr1_162733892_A_G_b38_A" "chr1_162742199_A_T_b38_A"
[15] "chr1_162742900_G_A_b38_G" "chr1_162743999_G_A_b38_G"
[17] "chr1_162744207_T_C_b38_T" "chr1_162752426_G_A_b38_G"
[19] "chr1_162763446_G_A_b38_G" "chr1_162798738_C_G_b38_C"
[21] "chr1_162803606_G_A_b38_G" "chr1_162909861_T_C_b38_T"
6 SNP(s) removed because HWE P < 1e-08 :
[1] "chr13_29549344_C_T_b38_C" "chr13_29949626_G_C_b38_G"
[3] "chr13_30062346_T_C_b38_T" "chr13_30062379_G_C_b38_G"
[5] "chr13_30121793_C_T_b38_C" "chr13_30160356_C_T_b38_C"
50 SNP(s) removed because HWE P < 1e-08 :
 [1] "chr1_30260776_G_A_b38_G" "chr1_30261033_C_T_b38_C"
 [3] "chr1_30261035_T_C_b38_T" "chr1_30262498_G_C_b38_G"
 [5] "chr1_30262566_T_C_b38_T" "chr1_30262952_T_C_b38_T"
 [7] "chr1_30263060_A_C_b38_A" "chr1_30267045_T_A_b38_T"
 [9] "chr1_30267695_A_G_b38_A" "chr1_30267838_T_C_b38_T"
[11] "chr1_30271730_G_C_b38_G" "chr1_30319998_A_G_b38_A"
[13] "chr1_30344200_A_C_b38_A" "chr1_30372868_A_G_b38_A"
[15] "chr1_30424972_T_A_b38_T" "chr1_30431921_A_T_b38_A"
[17] "chr1_30432294_T_C_b38_T" "chr1_30457109_G_A_b38_G"
[19] "chr1_30461137_C_T_b38_C" "chr1_30461179_C_G_b38_C"
[21] "chr1_30461281_G_A_b38_G" "chr1_30462864_G_A_b38_G"
[23] "chr1_30463073_G_A_b38_G" "chr1_30464517_T_A_b38_T"
[25] "chr1_30464833_G_A_b38_G" "chr1_30467025_C_T_b38_C"
[27] "chr1_30513007_C_A_b38_C" "chr1_30513542_T_C_b38_T"
[29] "chr1_30515518_G_T_b38_G" "chr1_30527788_T_C_b38_T"
[31] "chr1_30528853_A_G_b38_A" "chr1_30589733_A_G_b38_A"
[33] "chr1_30654444_C_T_b38_C" "chr1_30655897_A_G_b38_A"
[35] "chr1_30655915_C_T_b38_C" "chr1_30659306_G_A_b38_G"
[37] "chr1_30662823_C_T_b38_C" "chr1_30663234_G_C_b38_G"
[39] "chr1_30740421_A_C_b38_A" "chr1_30750010_A_G_b38_A"
[41] "chr1_30750504_A_T_b38_A" "chr1_30878433_T_C_b38_T"
[43] "chr1_30899887_T_C_b38_T" "chr1_31104389_G_A_b38_G"
[45] "chr1_31107824_C_T_b38_C" "chr1_31114298_A_G_b38_A"
[47] "chr1_31114844_T_C_b38_T" "chr1_31115392_C_T_b38_C"
[49] "chr1_31119182_C_T_b38_C" "chr1_31119844_A_G_b38_A"
74 SNP(s) removed because HWE P < 1e-08 :
 [1] "chr21_31920396_G_A_b38_G" "chr21_31935565_G_C_b38_G"
 [3] "chr21_31935580_T_G_b38_T" "chr21_32134286_A_T_b38_A"
 [5] "chr21_32238948_G_A_b38_G" "chr21_32250914_C_T_b38_C"
 [7] "chr21_32311415_A_C_b38_A" "chr21_32410343_C_T_b38_C"
 [9] "chr21_32432979_G_A_b38_G" "chr21_32432987_A_C_b38_A"
[11] "chr21_32432995_G_A_b38_G" "chr21_32433065_T_A_b38_T"
[13] "chr21_32433084_C_T_b38_C" "chr21_32433553_G_A_b38_G"
[15] "chr21_32433554_C_G_b38_C" "chr21_32433562_T_C_b38_T"
[17] "chr21_32433629_A_G_b38_A" "chr21_32433656_G_A_b38_G"
[19] "chr21_32433663_A_T_b38_A" "chr21_32434706_A_G_b38_A"
[21] "chr21_32434713_T_C_b38_T" "chr21_32434721_A_C_b38_A"
[23] "chr21_32434746_A_C_b38_A" "chr21_32434842_G_A_b38_G"
[25] "chr21_32434867_C_T_b38_C" "chr21_32434878_G_A_b38_G"
[27] "chr21_32434919_T_G_b38_T" "chr21_32434927_C_T_b38_C"
[29] "chr21_32434967_T_G_b38_T" "chr21_32434971_T_C_b38_T"
[31] "chr21_32434992_T_C_b38_T" "chr21_32435003_T_G_b38_T"
[33] "chr21_32435004_T_C_b38_T" "chr21_32435117_A_G_b38_A"
[35] "chr21_32435125_T_C_b38_T" "chr21_32435126_G_C_b38_G"
[37] "chr21_32435133_C_A_b38_C" "chr21_32435360_C_T_b38_C"
[39] "chr21_32435400_A_G_b38_A" "chr21_32435408_T_C_b38_T"
[41] "chr21_32435414_A_G_b38_A" "chr21_32435436_C_T_b38_C"
[43] "chr21_32435462_C_T_b38_C" "chr21_32435661_G_C_b38_G"
[45] "chr21_32435666_T_G_b38_T" "chr21_32435667_A_G_b38_A"
[47] "chr21_32435716_C_T_b38_C" "chr21_32435721_G_A_b38_G"
[49] "chr21_32435728_T_C_b38_T" "chr21_32435763_C_T_b38_C"
[51] "chr21_32435766_A_C_b38_A" "chr21_32435898_C_T_b38_C"
[53] "chr21_32435949_T_A_b38_T" "chr21_32435990_T_A_b38_T"
[55] "chr21_32436019_G_A_b38_G" "chr21_32436447_T_A_b38_T"
[57] "chr21_32436465_A_C_b38_A" "chr21_32436477_T_A_b38_T"
[59] "chr21_32436484_T_C_b38_T" "chr21_32436539_G_A_b38_G"
[61] "chr21_32436627_G_A_b38_G" "chr21_32436628_G_A_b38_G"
[63] "chr21_32436637_A_G_b38_A" "chr21_32436702_C_T_b38_C"
[65] "chr21_32436736_G_A_b38_G" "chr21_32436746_A_G_b38_A"
[67] "chr21_32437187_G_C_b38_G" "chr21_32437224_A_G_b38_A"
[69] "chr21_32437249_C_A_b38_C" "chr21_32437250_G_A_b38_G"
[71] "chr21_32437258_C_G_b38_C" "chr21_32621877_A_T_b38_A"
[73] "chr21_32660622_A_G_b38_A" "chr21_32660624_C_T_b38_C"
49 SNP(s) removed because HWE P < 1e-08 :
 [1] "chr19_51083323_T_G_b38_T" "chr19_51107599_A_G_b38_A"
 [3] "chr19_51107741_T_G_b38_T" "chr19_51108006_G_A_b38_G"
 [5] "chr19_51116302_T_C_b38_T" "chr19_51120922_T_G_b38_T"
 [7] "chr19_51121015_T_G_b38_T" "chr19_51121279_T_C_b38_T"
 [9] "chr19_51121832_A_C_b38_A" "chr19_51121942_T_C_b38_T"
[11] "chr19_51122379_A_G_b38_A" "chr19_51122568_A_G_b38_A"
[13] "chr19_51122642_G_C_b38_G" "chr19_51123685_A_G_b38_A"
[15] "chr19_51136723_A_G_b38_A" "chr19_51172375_T_C_b38_T"
[17] "chr19_51173311_A_G_b38_A" "chr19_51173876_T_C_b38_T"
[19] "chr19_51184134_C_T_b38_C" "chr19_51201503_A_G_b38_A"
[21] "chr19_51208344_T_C_b38_T" "chr19_51208365_C_T_b38_C"
[23] "chr19_51212754_T_C_b38_T" "chr19_51235665_T_C_b38_T"
[25] "chr19_51251278_A_C_b38_A" "chr19_51280161_A_G_b38_A"
[27] "chr19_51280387_C_T_b38_C" "chr19_51281207_G_A_b38_G"
[29] "chr19_51282770_C_G_b38_C" "chr19_51283428_T_C_b38_T"
[31] "chr19_51284112_C_T_b38_C" "chr19_51284184_A_C_b38_A"
[33] "chr19_51285176_C_A_b38_C" "chr19_51285861_G_A_b38_G"
[35] "chr19_51287738_T_C_b38_T" "chr19_51290510_A_C_b38_A"
[37] "chr19_51291857_T_G_b38_T" "chr19_51293045_T_C_b38_T"
[39] "chr19_51298175_C_T_b38_C" "chr19_51358092_C_G_b38_C"
[41] "chr19_51447917_C_T_b38_C" "chr19_51447928_A_G_b38_A"
[43] "chr19_51448049_T_G_b38_T" "chr19_51457686_A_G_b38_A"
[45] "chr19_51780129_T_C_b38_T" "chr19_51780359_A_G_b38_A"
[47] "chr19_51848424_G_A_b38_G" "chr19_51875933_G_A_b38_G"
[49] "chr19_51876393_G_A_b38_G"
26 SNP(s) removed because HWE P < 1e-08 :
 [1] "chr4_48078519_A_C_b38_A" "chr4_48079528_T_C_b38_T"
 [3] "chr4_48085231_T_C_b38_T" "chr4_48085838_G_A_b38_G"
 [5] "chr4_48086052_C_T_b38_C" "chr4_48086429_A_G_b38_A"
 [7] "chr4_48450863_T_C_b38_T" "chr4_48451209_C_T_b38_C"
 [9] "chr4_48452709_A_G_b38_A" "chr4_48711359_T_C_b38_T"
[11] "chr4_48711393_C_T_b38_C" "chr4_48711401_C_A_b38_C"
[13] "chr4_48711410_A_G_b38_A" "chr4_48711421_A_C_b38_A"
[15] "chr4_48711432_G_C_b38_G" "chr4_48711433_G_A_b38_G"
[17] "chr4_48711441_A_C_b38_A" "chr4_48711445_C_T_b38_C"
[19] "chr4_48711447_G_A_b38_G" "chr4_48711466_C_T_b38_C"
[21] "chr4_48711467_A_T_b38_A" "chr4_48711470_G_A_b38_G"
[23] "chr4_48711609_C_T_b38_C" "chr4_48711661_A_G_b38_A"
[25] "chr4_48711678_T_A_b38_T" "chr4_48711716_T_C_b38_T"
39 SNP(s) removed because HWE P < 1e-08 :
 [1] "chr22_49765666_G_C_b38_G" "chr22_49770965_G_C_b38_G"
 [3] "chr22_49837507_C_G_b38_C" "chr22_49846939_C_A_b38_C"
 [5] "chr22_49848251_T_C_b38_T" "chr22_49872508_G_A_b38_G"
 [7] "chr22_49880142_T_C_b38_T" "chr22_49880243_G_T_b38_G"
 [9] "chr22_49883047_G_C_b38_G" "chr22_49894697_A_G_b38_A"
[11] "chr22_49906790_T_C_b38_T" "chr22_49921580_T_C_b38_T"
[13] "chr22_49921715_C_A_b38_C" "chr22_49973759_T_C_b38_T"
[15] "chr22_50013858_A_C_b38_A" "chr22_50357867_G_A_b38_G"
[17] "chr22_50371703_G_C_b38_G" "chr22_50418711_G_A_b38_G"
[19] "chr22_50424402_A_C_b38_A" "chr22_50424421_C_A_b38_C"
[21] "chr22_50424423_C_T_b38_C" "chr22_50495487_G_A_b38_G"
[23] "chr22_50495498_T_C_b38_T" "chr22_50495499_G_A_b38_G"
[25] "chr22_50508159_C_G_b38_C" "chr22_50509182_A_G_b38_A"
[27] "chr22_50509488_T_C_b38_T" "chr22_50509962_A_G_b38_A"
[29] "chr22_50510817_C_T_b38_C" "chr22_50510967_T_C_b38_T"
[31] "chr22_50511806_T_C_b38_T" "chr22_50512014_T_C_b38_T"
[33] "chr22_50512298_G_A_b38_G" "chr22_50512549_T_G_b38_T"
[35] "chr22_50513313_G_C_b38_G" "chr22_50513793_G_A_b38_G"
[37] "chr22_50542614_C_T_b38_C" "chr22_50542624_A_T_b38_A"
[39] "chr22_50712000_C_T_b38_C"
50 SNP(s) removed because HWE P < 1e-08 :
 [1] "chr1_30260776_G_A_b38_G" "chr1_30261033_C_T_b38_C"
 [3] "chr1_30261035_T_C_b38_T" "chr1_30262498_G_C_b38_G"
 [5] "chr1_30262566_T_C_b38_T" "chr1_30262952_T_C_b38_T"
 [7] "chr1_30263060_A_C_b38_A" "chr1_30267045_T_A_b38_T"
 [9] "chr1_30267695_A_G_b38_A" "chr1_30267838_T_C_b38_T"
[11] "chr1_30271730_G_C_b38_G" "chr1_30319998_A_G_b38_A"
[13] "chr1_30344200_A_C_b38_A" "chr1_30372868_A_G_b38_A"
[15] "chr1_30424972_T_A_b38_T" "chr1_30431921_A_T_b38_A"
[17] "chr1_30432294_T_C_b38_T" "chr1_30457109_G_A_b38_G"
[19] "chr1_30461137_C_T_b38_C" "chr1_30461179_C_G_b38_C"
[21] "chr1_30461281_G_A_b38_G" "chr1_30462864_G_A_b38_G"
[23] "chr1_30463073_G_A_b38_G" "chr1_30464517_T_A_b38_T"
[25] "chr1_30464833_G_A_b38_G" "chr1_30467025_C_T_b38_C"
[27] "chr1_30513007_C_A_b38_C" "chr1_30513542_T_C_b38_T"
[29] "chr1_30515518_G_T_b38_G" "chr1_30527788_T_C_b38_T"
[31] "chr1_30528853_A_G_b38_A" "chr1_30589733_A_G_b38_A"
[33] "chr1_30654444_C_T_b38_C" "chr1_30655897_A_G_b38_A"
[35] "chr1_30655915_C_T_b38_C" "chr1_30659306_G_A_b38_G"
[37] "chr1_30662823_C_T_b38_C" "chr1_30663234_G_C_b38_G"
[39] "chr1_30740421_A_C_b38_A" "chr1_30750010_A_G_b38_A"
[41] "chr1_30750504_A_T_b38_A" "chr1_30878433_T_C_b38_T"
[43] "chr1_30899887_T_C_b38_T" "chr1_31104389_G_A_b38_G"
[45] "chr1_31107824_C_T_b38_C" "chr1_31114298_A_G_b38_A"
[47] "chr1_31114844_T_C_b38_T" "chr1_31115392_C_T_b38_C"
[49] "chr1_31119182_C_T_b38_C" "chr1_31119844_A_G_b38_A"
26 SNP(s) removed because HWE P < 1e-08 :
 [1] "chr4_48078519_A_C_b38_A" "chr4_48079528_T_C_b38_T"
 [3] "chr4_48085231_T_C_b38_T" "chr4_48085838_G_A_b38_G"
 [5] "chr4_48086052_C_T_b38_C" "chr4_48086429_A_G_b38_A"
 [7] "chr4_48450863_T_C_b38_T" "chr4_48451209_C_T_b38_C"
 [9] "chr4_48452709_A_G_b38_A" "chr4_48711359_T_C_b38_T"
[11] "chr4_48711393_C_T_b38_C" "chr4_48711401_C_A_b38_C"
[13] "chr4_48711410_A_G_b38_A" "chr4_48711421_A_C_b38_A"
[15] "chr4_48711432_G_C_b38_G" "chr4_48711433_G_A_b38_G"
[17] "chr4_48711441_A_C_b38_A" "chr4_48711445_C_T_b38_C"
[19] "chr4_48711447_G_A_b38_G" "chr4_48711466_C_T_b38_C"
[21] "chr4_48711467_A_T_b38_A" "chr4_48711470_G_A_b38_G"
[23] "chr4_48711609_C_T_b38_C" "chr4_48711661_A_G_b38_A"
[25] "chr4_48711678_T_A_b38_T" "chr4_48711716_T_C_b38_T"
50 SNP(s) removed because HWE P < 1e-08 :
 [1] "chr1_30260776_G_A_b38_G" "chr1_30261033_C_T_b38_C"
 [3] "chr1_30261035_T_C_b38_T" "chr1_30262498_G_C_b38_G"
 [5] "chr1_30262566_T_C_b38_T" "chr1_30262952_T_C_b38_T"
 [7] "chr1_30263060_A_C_b38_A" "chr1_30267045_T_A_b38_T"
 [9] "chr1_30267695_A_G_b38_A" "chr1_30267838_T_C_b38_T"
[11] "chr1_30271730_G_C_b38_G" "chr1_30319998_A_G_b38_A"
[13] "chr1_30344200_A_C_b38_A" "chr1_30372868_A_G_b38_A"
[15] "chr1_30424972_T_A_b38_T" "chr1_30431921_A_T_b38_A"
[17] "chr1_30432294_T_C_b38_T" "chr1_30457109_G_A_b38_G"
[19] "chr1_30461137_C_T_b38_C" "chr1_30461179_C_G_b38_C"
[21] "chr1_30461281_G_A_b38_G" "chr1_30462864_G_A_b38_G"
[23] "chr1_30463073_G_A_b38_G" "chr1_30464517_T_A_b38_T"
[25] "chr1_30464833_G_A_b38_G" "chr1_30467025_C_T_b38_C"
[27] "chr1_30513007_C_A_b38_C" "chr1_30513542_T_C_b38_T"
[29] "chr1_30515518_G_T_b38_G" "chr1_30527788_T_C_b38_T"
[31] "chr1_30528853_A_G_b38_A" "chr1_30589733_A_G_b38_A"
[33] "chr1_30654444_C_T_b38_C" "chr1_30655897_A_G_b38_A"
[35] "chr1_30655915_C_T_b38_C" "chr1_30659306_G_A_b38_G"
[37] "chr1_30662823_C_T_b38_C" "chr1_30663234_G_C_b38_G"
[39] "chr1_30740421_A_C_b38_A" "chr1_30750010_A_G_b38_A"
[41] "chr1_30750504_A_T_b38_A" "chr1_30878433_T_C_b38_T"
[43] "chr1_30899887_T_C_b38_T" "chr1_31104389_G_A_b38_G"
[45] "chr1_31107824_C_T_b38_C" "chr1_31114298_A_G_b38_A"
[47] "chr1_31114844_T_C_b38_T" "chr1_31115392_C_T_b38_C"
[49] "chr1_31119182_C_T_b38_C" "chr1_31119844_A_G_b38_A"
22 SNP(s) removed because HWE P < 1e-08 :
 [1] "chr4_8044692_G_T_b38_G" "chr4_8044693_A_C_b38_A" "chr4_8059763_G_A_b38_G"
 [4] "chr4_8100031_G_T_b38_G" "chr4_8100581_C_T_b38_C" "chr4_8306668_C_G_b38_C"
 [7] "chr4_8557849_T_C_b38_T" "chr4_8557938_A_C_b38_A" "chr4_8557958_G_A_b38_G"
[10] "chr4_8557961_C_T_b38_C" "chr4_8585626_A_G_b38_A" "chr4_8603756_G_C_b38_G"
[13] "chr4_8632004_T_A_b38_T" "chr4_8632045_A_G_b38_A" "chr4_8635779_A_G_b38_A"
[16] "chr4_8655103_T_G_b38_T" "chr4_8655200_C_G_b38_C" "chr4_8656155_G_C_b38_G"
[19] "chr4_8659539_G_A_b38_G" "chr4_8661217_T_G_b38_T" "chr4_8674262_C_G_b38_C"
[22] "chr4_8677036_C_A_b38_C"
56 SNP(s) removed because HWE P < 1e-08 :
 [1] "chr2_234571796_G_C_b38_G" "chr2_234679043_G_T_b38_G"
 [3] "chr2_234679188_T_C_b38_T" "chr2_234758936_C_T_b38_C"
 [5] "chr2_234758982_T_C_b38_T" "chr2_234760203_A_G_b38_A"
 [7] "chr2_234760375_C_T_b38_C" "chr2_234888396_A_G_b38_A"
 [9] "chr2_234888758_T_C_b38_T" "chr2_234894832_A_C_b38_A"
[11] "chr2_234894910_G_A_b38_G" "chr2_234894973_T_C_b38_T"
[13] "chr2_234895017_A_G_b38_A" "chr2_234895077_T_C_b38_T"
[15] "chr2_234895138_G_A_b38_G" "chr2_234895180_T_G_b38_T"
[17] "chr2_234895243_G_C_b38_G" "chr2_234895404_A_G_b38_A"
[19] "chr2_234895495_A_G_b38_A" "chr2_234895594_G_T_b38_G"
[21] "chr2_234895605_G_A_b38_G" "chr2_234895717_A_C_b38_A"
[23] "chr2_234895726_G_A_b38_G" "chr2_234895744_C_T_b38_C"
[25] "chr2_234895756_C_A_b38_C" "chr2_234895848_T_A_b38_T"
[27] "chr2_234895974_C_T_b38_C" "chr2_234895996_G_A_b38_G"
[29] "chr2_234896107_C_G_b38_C" "chr2_234896219_G_C_b38_G"
[31] "chr2_234896302_G_C_b38_G" "chr2_234896331_A_G_b38_A"
[33] "chr2_235001953_C_T_b38_C" "chr2_235013109_C_A_b38_C"
[35] "chr2_235013502_C_T_b38_C" "chr2_235014147_A_G_b38_A"
[37] "chr2_235014329_G_T_b38_G" "chr2_235016380_G_A_b38_G"
[39] "chr2_235017019_T_C_b38_T" "chr2_235018342_C_T_b38_C"
[41] "chr2_235031472_C_T_b38_C" "chr2_235062147_T_G_b38_T"
[43] "chr2_235255566_C_A_b38_C" "chr2_235294463_A_G_b38_A"
[45] "chr2_235316147_T_C_b38_T" "chr2_235374434_A_G_b38_A"
[47] "chr2_235375213_T_C_b38_T" "chr2_235375341_T_C_b38_T"
[49] "chr2_235376857_G_A_b38_G" "chr2_235378897_A_T_b38_A"
[51] "chr2_235380311_G_A_b38_G" "chr2_235383464_G_A_b38_G"
[53] "chr2_235385818_T_C_b38_T" "chr2_235399509_A_G_b38_A"
[55] "chr2_235401021_T_A_b38_T" "chr2_235450334_T_C_b38_T"
39 SNP(s) removed because HWE P < 1e-08 :
 [1] "chr22_49765666_G_C_b38_G" "chr22_49770965_G_C_b38_G"
 [3] "chr22_49837507_C_G_b38_C" "chr22_49846939_C_A_b38_C"
 [5] "chr22_49848251_T_C_b38_T" "chr22_49872508_G_A_b38_G"
 [7] "chr22_49880142_T_C_b38_T" "chr22_49880243_G_T_b38_G"
 [9] "chr22_49883047_G_C_b38_G" "chr22_49894697_A_G_b38_A"
[11] "chr22_49906790_T_C_b38_T" "chr22_49921580_T_C_b38_T"
[13] "chr22_49921715_C_A_b38_C" "chr22_49973759_T_C_b38_T"
[15] "chr22_50013858_A_C_b38_A" "chr22_50357867_G_A_b38_G"
[17] "chr22_50371703_G_C_b38_G" "chr22_50418711_G_A_b38_G"
[19] "chr22_50424402_A_C_b38_A" "chr22_50424421_C_A_b38_C"
[21] "chr22_50424423_C_T_b38_C" "chr22_50495487_G_A_b38_G"
[23] "chr22_50495498_T_C_b38_T" "chr22_50495499_G_A_b38_G"
[25] "chr22_50508159_C_G_b38_C" "chr22_50509182_A_G_b38_A"
[27] "chr22_50509488_T_C_b38_T" "chr22_50509962_A_G_b38_A"
[29] "chr22_50510817_C_T_b38_C" "chr22_50510967_T_C_b38_T"
[31] "chr22_50511806_T_C_b38_T" "chr22_50512014_T_C_b38_T"
[33] "chr22_50512298_G_A_b38_G" "chr22_50512549_T_G_b38_T"
[35] "chr22_50513313_G_C_b38_G" "chr22_50513793_G_A_b38_G"
[37] "chr22_50542614_C_T_b38_C" "chr22_50542624_A_T_b38_A"
[39] "chr22_50712000_C_T_b38_C"
32 SNP(s) removed because HWE P < 1e-08 :
 [1] "chr19_17504800_T_C_b38_T" "chr19_17504915_T_C_b38_T"
 [3] "chr19_17583443_G_T_b38_G" "chr19_17666011_C_T_b38_C"
 [5] "chr19_17666078_T_C_b38_T" "chr19_17847808_C_T_b38_C"
 [7] "chr19_17847968_T_C_b38_T" "chr19_17901200_G_T_b38_G"
 [9] "chr19_17908396_T_C_b38_T" "chr19_17924720_G_T_b38_G"
[11] "chr19_17928630_T_C_b38_T" "chr19_18036796_G_A_b38_G"
[13] "chr19_18037080_A_T_b38_A" "chr19_18037381_T_C_b38_T"
[15] "chr19_18037783_T_C_b38_T" "chr19_18039165_G_A_b38_G"
[17] "chr19_18039479_C_T_b38_C" "chr19_18039995_T_C_b38_T"
[19] "chr19_18040092_T_C_b38_T" "chr19_18040429_G_T_b38_G"
[21] "chr19_18040432_G_T_b38_G" "chr19_18042127_C_T_b38_C"
[23] "chr19_18042885_A_G_b38_A" "chr19_18043992_G_C_b38_G"
[25] "chr19_18044231_C_G_b38_C" "chr19_18044266_G_C_b38_G"
[27] "chr19_18251693_G_C_b38_G" "chr19_18260387_C_T_b38_C"
[29] "chr19_18262150_C_G_b38_C" "chr19_18265699_G_A_b38_G"
[31] "chr19_18265970_T_C_b38_T" "chr19_18267871_C_A_b38_C"
32 SNP(s) removed because HWE P < 1e-08 :
 [1] "chr19_17504800_T_C_b38_T" "chr19_17504915_T_C_b38_T"
 [3] "chr19_17583443_G_T_b38_G" "chr19_17666011_C_T_b38_C"
 [5] "chr19_17666078_T_C_b38_T" "chr19_17847808_C_T_b38_C"
 [7] "chr19_17847968_T_C_b38_T" "chr19_17901200_G_T_b38_G"
 [9] "chr19_17908396_T_C_b38_T" "chr19_17924720_G_T_b38_G"
[11] "chr19_17928630_T_C_b38_T" "chr19_18036796_G_A_b38_G"
[13] "chr19_18037080_A_T_b38_A" "chr19_18037381_T_C_b38_T"
[15] "chr19_18037783_T_C_b38_T" "chr19_18039165_G_A_b38_G"
[17] "chr19_18039479_C_T_b38_C" "chr19_18039995_T_C_b38_T"
[19] "chr19_18040092_T_C_b38_T" "chr19_18040429_G_T_b38_G"
[21] "chr19_18040432_G_T_b38_G" "chr19_18042127_C_T_b38_C"
[23] "chr19_18042885_A_G_b38_A" "chr19_18043992_G_C_b38_G"
[25] "chr19_18044231_C_G_b38_C" "chr19_18044266_G_C_b38_G"
[27] "chr19_18251693_G_C_b38_G" "chr19_18260387_C_T_b38_C"
[29] "chr19_18262150_C_G_b38_C" "chr19_18265699_G_A_b38_G"
[31] "chr19_18265970_T_C_b38_T" "chr19_18267871_C_A_b38_C"
86 SNP(s) removed because HWE P < 1e-08 :
 [1] "chr11_12602581_C_A_b38_C" "chr11_12624958_C_A_b38_C"
 [3] "chr11_12709357_A_C_b38_A" "chr11_12711743_G_T_b38_G"
 [5] "chr11_12712147_G_A_b38_G" "chr11_12714195_C_T_b38_C"
 [7] "chr11_12714879_C_G_b38_C" "chr11_12715017_G_A_b38_G"
 [9] "chr11_12715147_C_T_b38_C" "chr11_12715325_A_G_b38_A"
[11] "chr11_12715946_C_T_b38_C" "chr11_12715993_T_C_b38_T"
[13] "chr11_12717103_G_A_b38_G" "chr11_12717141_C_A_b38_C"
[15] "chr11_12722267_A_G_b38_A" "chr11_12722492_G_A_b38_G"
[17] "chr11_12722623_A_G_b38_A" "chr11_12725406_G_A_b38_G"
[19] "chr11_12726375_G_A_b38_G" "chr11_12730213_C_A_b38_C"
[21] "chr11_12731602_A_G_b38_A" "chr11_12750963_G_C_b38_G"
[23] "chr11_12757747_T_C_b38_T" "chr11_12757888_G_T_b38_G"
[25] "chr11_12758617_C_T_b38_C" "chr11_12758709_T_C_b38_T"
[27] "chr11_12759469_G_A_b38_G" "chr11_12775522_G_C_b38_G"
[29] "chr11_12781165_A_G_b38_A" "chr11_12797262_G_A_b38_G"
[31] "chr11_12801705_T_G_b38_T" "chr11_12806545_C_T_b38_C"
[33] "chr11_12810221_C_T_b38_C" "chr11_12820345_A_C_b38_A"
[35] "chr11_12959220_G_C_b38_G" "chr11_13145421_T_C_b38_T"
[37] "chr11_13159063_A_T_b38_A" "chr11_13160043_T_C_b38_T"
[39] "chr11_13161191_T_G_b38_T" "chr11_13162034_C_T_b38_C"
[41] "chr11_13163679_G_A_b38_G" "chr11_13167486_A_G_b38_A"
[43] "chr11_13167824_C_G_b38_C" "chr11_13168039_T_G_b38_T"
[45] "chr11_13168424_A_T_b38_A" "chr11_13168751_C_A_b38_C"
[47] "chr11_13168868_C_G_b38_C" "chr11_13170516_C_T_b38_C"
[49] "chr11_13171300_T_A_b38_T" "chr11_13171711_G_C_b38_G"
[51] "chr11_13172324_A_C_b38_A" "chr11_13172527_T_C_b38_T"
[53] "chr11_13172742_G_A_b38_G" "chr11_13173008_G_A_b38_G"
[55] "chr11_13173311_A_C_b38_A" "chr11_13173332_G_A_b38_G"
[57] "chr11_13173916_G_A_b38_G" "chr11_13174617_C_T_b38_C"
[59] "chr11_13174658_A_G_b38_A" "chr11_13175460_G_T_b38_G"
[61] "chr11_13175491_T_C_b38_T" "chr11_13176427_A_G_b38_A"
[63] "chr11_13176535_G_A_b38_G" "chr11_13176583_C_T_b38_C"
[65] "chr11_13177356_T_C_b38_T" "chr11_13178288_C_T_b38_C"
[67] "chr11_13178878_C_T_b38_C" "chr11_13179392_C_G_b38_C"
[69] "chr11_13179991_G_A_b38_G" "chr11_13180396_T_C_b38_T"
[71] "chr11_13181122_C_T_b38_C" "chr11_13181132_T_A_b38_T"
[73] "chr11_13181163_T_G_b38_T" "chr11_13181254_G_A_b38_G"
[75] "chr11_13181293_C_T_b38_C" "chr11_13181360_G_A_b38_G"
[77] "chr11_13181664_A_G_b38_A" "chr11_13182114_G_A_b38_G"
[79] "chr11_13182203_G_A_b38_G" "chr11_13182610_C_T_b38_C"
[81] "chr11_13182823_T_C_b38_T" "chr11_13183287_G_A_b38_G"
[83] "chr11_13184213_G_A_b38_G" "chr11_13301971_T_C_b38_T"
[85] "chr11_13316281_G_A_b38_G" "chr11_13395112_C_G_b38_C"
74 SNP(s) removed because HWE P < 1e-08 :
 [1] "chr21_31920396_G_A_b38_G" "chr21_31935565_G_C_b38_G"
 [3] "chr21_31935580_T_G_b38_T" "chr21_32134286_A_T_b38_A"
 [5] "chr21_32238948_G_A_b38_G" "chr21_32250914_C_T_b38_C"
 [7] "chr21_32311415_A_C_b38_A" "chr21_32410343_C_T_b38_C"
 [9] "chr21_32432979_G_A_b38_G" "chr21_32432987_A_C_b38_A"
[11] "chr21_32432995_G_A_b38_G" "chr21_32433065_T_A_b38_T"
[13] "chr21_32433084_C_T_b38_C" "chr21_32433553_G_A_b38_G"
[15] "chr21_32433554_C_G_b38_C" "chr21_32433562_T_C_b38_T"
[17] "chr21_32433629_A_G_b38_A" "chr21_32433656_G_A_b38_G"
[19] "chr21_32433663_A_T_b38_A" "chr21_32434706_A_G_b38_A"
[21] "chr21_32434713_T_C_b38_T" "chr21_32434721_A_C_b38_A"
[23] "chr21_32434746_A_C_b38_A" "chr21_32434842_G_A_b38_G"
[25] "chr21_32434867_C_T_b38_C" "chr21_32434878_G_A_b38_G"
[27] "chr21_32434919_T_G_b38_T" "chr21_32434927_C_T_b38_C"
[29] "chr21_32434967_T_G_b38_T" "chr21_32434971_T_C_b38_T"
[31] "chr21_32434992_T_C_b38_T" "chr21_32435003_T_G_b38_T"
[33] "chr21_32435004_T_C_b38_T" "chr21_32435117_A_G_b38_A"
[35] "chr21_32435125_T_C_b38_T" "chr21_32435126_G_C_b38_G"
[37] "chr21_32435133_C_A_b38_C" "chr21_32435360_C_T_b38_C"
[39] "chr21_32435400_A_G_b38_A" "chr21_32435408_T_C_b38_T"
[41] "chr21_32435414_A_G_b38_A" "chr21_32435436_C_T_b38_C"
[43] "chr21_32435462_C_T_b38_C" "chr21_32435661_G_C_b38_G"
[45] "chr21_32435666_T_G_b38_T" "chr21_32435667_A_G_b38_A"
[47] "chr21_32435716_C_T_b38_C" "chr21_32435721_G_A_b38_G"
[49] "chr21_32435728_T_C_b38_T" "chr21_32435763_C_T_b38_C"
[51] "chr21_32435766_A_C_b38_A" "chr21_32435898_C_T_b38_C"
[53] "chr21_32435949_T_A_b38_T" "chr21_32435990_T_A_b38_T"
[55] "chr21_32436019_G_A_b38_G" "chr21_32436447_T_A_b38_T"
[57] "chr21_32436465_A_C_b38_A" "chr21_32436477_T_A_b38_T"
[59] "chr21_32436484_T_C_b38_T" "chr21_32436539_G_A_b38_G"
[61] "chr21_32436627_G_A_b38_G" "chr21_32436628_G_A_b38_G"
[63] "chr21_32436637_A_G_b38_A" "chr21_32436702_C_T_b38_C"
[65] "chr21_32436736_G_A_b38_G" "chr21_32436746_A_G_b38_A"
[67] "chr21_32437187_G_C_b38_G" "chr21_32437224_A_G_b38_A"
[69] "chr21_32437249_C_A_b38_C" "chr21_32437250_G_A_b38_G"
[71] "chr21_32437258_C_G_b38_C" "chr21_32621877_A_T_b38_A"
[73] "chr21_32660622_A_G_b38_A" "chr21_32660624_C_T_b38_C"
49 SNP(s) removed because HWE P < 1e-08 :
 [1] "chr19_51083323_T_G_b38_T" "chr19_51107599_A_G_b38_A"
 [3] "chr19_51107741_T_G_b38_T" "chr19_51108006_G_A_b38_G"
 [5] "chr19_51116302_T_C_b38_T" "chr19_51120922_T_G_b38_T"
 [7] "chr19_51121015_T_G_b38_T" "chr19_51121279_T_C_b38_T"
 [9] "chr19_51121832_A_C_b38_A" "chr19_51121942_T_C_b38_T"
[11] "chr19_51122379_A_G_b38_A" "chr19_51122568_A_G_b38_A"
[13] "chr19_51122642_G_C_b38_G" "chr19_51123685_A_G_b38_A"
[15] "chr19_51136723_A_G_b38_A" "chr19_51172375_T_C_b38_T"
[17] "chr19_51173311_A_G_b38_A" "chr19_51173876_T_C_b38_T"
[19] "chr19_51184134_C_T_b38_C" "chr19_51201503_A_G_b38_A"
[21] "chr19_51208344_T_C_b38_T" "chr19_51208365_C_T_b38_C"
[23] "chr19_51212754_T_C_b38_T" "chr19_51235665_T_C_b38_T"
[25] "chr19_51251278_A_C_b38_A" "chr19_51280161_A_G_b38_A"
[27] "chr19_51280387_C_T_b38_C" "chr19_51281207_G_A_b38_G"
[29] "chr19_51282770_C_G_b38_C" "chr19_51283428_T_C_b38_T"
[31] "chr19_51284112_C_T_b38_C" "chr19_51284184_A_C_b38_A"
[33] "chr19_51285176_C_A_b38_C" "chr19_51285861_G_A_b38_G"
[35] "chr19_51287738_T_C_b38_T" "chr19_51290510_A_C_b38_A"
[37] "chr19_51291857_T_G_b38_T" "chr19_51293045_T_C_b38_T"
[39] "chr19_51298175_C_T_b38_C" "chr19_51358092_C_G_b38_C"
[41] "chr19_51447917_C_T_b38_C" "chr19_51447928_A_G_b38_A"
[43] "chr19_51448049_T_G_b38_T" "chr19_51457686_A_G_b38_A"
[45] "chr19_51780129_T_C_b38_T" "chr19_51780359_A_G_b38_A"
[47] "chr19_51848424_G_A_b38_G" "chr19_51875933_G_A_b38_G"
[49] "chr19_51876393_G_A_b38_G"
86 SNP(s) removed because HWE P < 1e-08 :
 [1] "chr11_12602581_C_A_b38_C" "chr11_12624958_C_A_b38_C"
 [3] "chr11_12709357_A_C_b38_A" "chr11_12711743_G_T_b38_G"
 [5] "chr11_12712147_G_A_b38_G" "chr11_12714195_C_T_b38_C"
 [7] "chr11_12714879_C_G_b38_C" "chr11_12715017_G_A_b38_G"
 [9] "chr11_12715147_C_T_b38_C" "chr11_12715325_A_G_b38_A"
[11] "chr11_12715946_C_T_b38_C" "chr11_12715993_T_C_b38_T"
[13] "chr11_12717103_G_A_b38_G" "chr11_12717141_C_A_b38_C"
[15] "chr11_12722267_A_G_b38_A" "chr11_12722492_G_A_b38_G"
[17] "chr11_12722623_A_G_b38_A" "chr11_12725406_G_A_b38_G"
[19] "chr11_12726375_G_A_b38_G" "chr11_12730213_C_A_b38_C"
[21] "chr11_12731602_A_G_b38_A" "chr11_12750963_G_C_b38_G"
[23] "chr11_12757747_T_C_b38_T" "chr11_12757888_G_T_b38_G"
[25] "chr11_12758617_C_T_b38_C" "chr11_12758709_T_C_b38_T"
[27] "chr11_12759469_G_A_b38_G" "chr11_12775522_G_C_b38_G"
[29] "chr11_12781165_A_G_b38_A" "chr11_12797262_G_A_b38_G"
[31] "chr11_12801705_T_G_b38_T" "chr11_12806545_C_T_b38_C"
[33] "chr11_12810221_C_T_b38_C" "chr11_12820345_A_C_b38_A"
[35] "chr11_12959220_G_C_b38_G" "chr11_13145421_T_C_b38_T"
[37] "chr11_13159063_A_T_b38_A" "chr11_13160043_T_C_b38_T"
[39] "chr11_13161191_T_G_b38_T" "chr11_13162034_C_T_b38_C"
[41] "chr11_13163679_G_A_b38_G" "chr11_13167486_A_G_b38_A"
[43] "chr11_13167824_C_G_b38_C" "chr11_13168039_T_G_b38_T"
[45] "chr11_13168424_A_T_b38_A" "chr11_13168751_C_A_b38_C"
[47] "chr11_13168868_C_G_b38_C" "chr11_13170516_C_T_b38_C"
[49] "chr11_13171300_T_A_b38_T" "chr11_13171711_G_C_b38_G"
[51] "chr11_13172324_A_C_b38_A" "chr11_13172527_T_C_b38_T"
[53] "chr11_13172742_G_A_b38_G" "chr11_13173008_G_A_b38_G"
[55] "chr11_13173311_A_C_b38_A" "chr11_13173332_G_A_b38_G"
[57] "chr11_13173916_G_A_b38_G" "chr11_13174617_C_T_b38_C"
[59] "chr11_13174658_A_G_b38_A" "chr11_13175460_G_T_b38_G"
[61] "chr11_13175491_T_C_b38_T" "chr11_13176427_A_G_b38_A"
[63] "chr11_13176535_G_A_b38_G" "chr11_13176583_C_T_b38_C"
[65] "chr11_13177356_T_C_b38_T" "chr11_13178288_C_T_b38_C"
[67] "chr11_13178878_C_T_b38_C" "chr11_13179392_C_G_b38_C"
[69] "chr11_13179991_G_A_b38_G" "chr11_13180396_T_C_b38_T"
[71] "chr11_13181122_C_T_b38_C" "chr11_13181132_T_A_b38_T"
[73] "chr11_13181163_T_G_b38_T" "chr11_13181254_G_A_b38_G"
[75] "chr11_13181293_C_T_b38_C" "chr11_13181360_G_A_b38_G"
[77] "chr11_13181664_A_G_b38_A" "chr11_13182114_G_A_b38_G"
[79] "chr11_13182203_G_A_b38_G" "chr11_13182610_C_T_b38_C"
[81] "chr11_13182823_T_C_b38_T" "chr11_13183287_G_A_b38_G"
[83] "chr11_13184213_G_A_b38_G" "chr11_13301971_T_C_b38_T"
[85] "chr11_13316281_G_A_b38_G" "chr11_13395112_C_G_b38_C"
48 SNP(s) removed because HWE P < 1e-08 :
 [1] "chr11_1682792_A_G_b38_A" "chr11_1684243_C_T_b38_C"
 [3] "chr11_1684255_T_C_b38_T" "chr11_1684283_C_G_b38_C"
 [5] "chr11_1684357_G_A_b38_G" "chr11_1685107_G_C_b38_G"
 [7] "chr11_1685186_G_C_b38_G" "chr11_1685203_C_G_b38_C"
 [9] "chr11_1685242_G_T_b38_G" "chr11_1685299_C_T_b38_C"
[11] "chr11_1685308_T_C_b38_T" "chr11_1685330_C_T_b38_C"
[13] "chr11_1685335_T_G_b38_T" "chr11_1685344_C_G_b38_C"
[15] "chr11_1685353_G_T_b38_G" "chr11_1685355_C_T_b38_C"
[17] "chr11_1685411_T_G_b38_T" "chr11_1685953_T_C_b38_T"
[19] "chr11_1685956_C_T_b38_C" "chr11_1686361_G_A_b38_G"
[21] "chr11_1686438_A_G_b38_A" "chr11_1686446_G_A_b38_G"
[23] "chr11_1686518_G_A_b38_G" "chr11_1827309_A_C_b38_A"
[25] "chr11_1850016_T_C_b38_T" "chr11_2161265_C_G_b38_C"
[27] "chr11_2265421_C_T_b38_C" "chr11_2269209_G_C_b38_G"
[29] "chr11_2270752_T_A_b38_T" "chr11_2271290_C_T_b38_C"
[31] "chr11_2271503_C_G_b38_C" "chr11_2319743_T_C_b38_T"
[33] "chr11_2351126_T_C_b38_T" "chr11_2368550_T_C_b38_T"
[35] "chr11_2370014_C_T_b38_C" "chr11_2378113_G_C_b38_G"
[37] "chr11_2400287_G_A_b38_G" "chr11_2436436_G_A_b38_G"
[39] "chr11_2457202_G_A_b38_G" "chr11_2457965_C_T_b38_C"
[41] "chr11_2459471_C_G_b38_C" "chr11_2523238_G_T_b38_G"
[43] "chr11_2525876_G_C_b38_G" "chr11_2564749_C_G_b38_C"
[45] "chr11_2567006_T_A_b38_T" "chr11_2573594_T_C_b38_T"
[47] "chr11_2581307_A_G_b38_A" "chr11_2588525_C_T_b38_C"
69 SNP(s) removed because HWE P < 1e-08 :
 [1] "chr8_81253423_T_C_b38_T" "chr8_81281143_C_T_b38_C"
 [3] "chr8_81289273_A_T_b38_A" "chr8_81297255_A_G_b38_A"
 [5] "chr8_81299436_C_T_b38_C" "chr8_81300344_T_C_b38_T"
 [7] "chr8_81325559_T_C_b38_T" "chr8_81327049_C_G_b38_C"
 [9] "chr8_81327156_T_G_b38_T" "chr8_81327252_A_G_b38_A"
[11] "chr8_81327333_T_C_b38_T" "chr8_81327394_A_G_b38_A"
[13] "chr8_81328362_A_G_b38_A" "chr8_81328531_C_A_b38_C"
[15] "chr8_81329064_T_A_b38_T" "chr8_81329094_T_G_b38_T"
[17] "chr8_81329957_C_T_b38_C" "chr8_81330786_A_G_b38_A"
[19] "chr8_81330873_T_C_b38_T" "chr8_81331043_A_C_b38_A"
[21] "chr8_81331131_T_C_b38_T" "chr8_81331608_C_T_b38_C"
[23] "chr8_81331614_C_T_b38_C" "chr8_81331709_T_G_b38_T"
[25] "chr8_81331864_A_G_b38_A" "chr8_81331877_C_T_b38_C"
[27] "chr8_81332098_G_A_b38_G" "chr8_81332283_A_G_b38_A"
[29] "chr8_81332524_C_T_b38_C" "chr8_81332904_A_T_b38_A"
[31] "chr8_81332906_C_T_b38_C" "chr8_81333125_G_A_b38_G"
[33] "chr8_81333194_G_T_b38_G" "chr8_81333216_T_C_b38_T"
[35] "chr8_81333791_C_T_b38_C" "chr8_81334313_T_C_b38_T"
[37] "chr8_81335686_A_G_b38_A" "chr8_81336303_C_T_b38_C"
[39] "chr8_81464464_C_T_b38_C" "chr8_81468508_A_T_b38_A"
[41] "chr8_81468888_A_G_b38_A" "chr8_81469332_T_C_b38_T"
[43] "chr8_81469415_G_A_b38_G" "chr8_81470506_G_A_b38_G"
[45] "chr8_81470621_C_T_b38_C" "chr8_81471159_T_G_b38_T"
[47] "chr8_81514819_A_C_b38_A" "chr8_81515555_C_T_b38_C"
[49] "chr8_81518769_T_C_b38_T" "chr8_81527961_G_T_b38_G"
[51] "chr8_81900677_A_T_b38_A" "chr8_81900680_C_T_b38_C"
[53] "chr8_81900761_G_T_b38_G" "chr8_81900762_G_A_b38_G"
[55] "chr8_81900773_G_A_b38_G" "chr8_81900776_G_T_b38_G"
[57] "chr8_81900779_T_C_b38_T" "chr8_81900782_C_T_b38_C"
[59] "chr8_81900783_T_C_b38_T" "chr8_81900784_G_A_b38_G"
[61] "chr8_81900789_T_C_b38_T" "chr8_81900796_C_G_b38_C"
[63] "chr8_81900800_G_C_b38_G" "chr8_82127185_G_A_b38_G"
[65] "chr8_82127192_C_G_b38_C" "chr8_82129772_G_C_b38_G"
[67] "chr8_82130336_C_T_b38_C" "chr8_82136891_C_T_b38_C"
[69] "chr8_82137774_C_G_b38_C"
6 SNP(s) removed because HWE P < 1e-08 :
[1] "chr17_28439190_A_C_b38_A" "chr17_28439714_T_C_b38_T"
[3] "chr17_28441937_G_A_b38_G" "chr17_28452019_C_T_b38_C"
[5] "chr17_28452207_C_G_b38_C" "chr17_28459762_C_A_b38_C"
86 SNP(s) removed because HWE P < 1e-08 :
 [1] "chr11_12602581_C_A_b38_C" "chr11_12624958_C_A_b38_C"
 [3] "chr11_12709357_A_C_b38_A" "chr11_12711743_G_T_b38_G"
 [5] "chr11_12712147_G_A_b38_G" "chr11_12714195_C_T_b38_C"
 [7] "chr11_12714879_C_G_b38_C" "chr11_12715017_G_A_b38_G"
 [9] "chr11_12715147_C_T_b38_C" "chr11_12715325_A_G_b38_A"
[11] "chr11_12715946_C_T_b38_C" "chr11_12715993_T_C_b38_T"
[13] "chr11_12717103_G_A_b38_G" "chr11_12717141_C_A_b38_C"
[15] "chr11_12722267_A_G_b38_A" "chr11_12722492_G_A_b38_G"
[17] "chr11_12722623_A_G_b38_A" "chr11_12725406_G_A_b38_G"
[19] "chr11_12726375_G_A_b38_G" "chr11_12730213_C_A_b38_C"
[21] "chr11_12731602_A_G_b38_A" "chr11_12750963_G_C_b38_G"
[23] "chr11_12757747_T_C_b38_T" "chr11_12757888_G_T_b38_G"
[25] "chr11_12758617_C_T_b38_C" "chr11_12758709_T_C_b38_T"
[27] "chr11_12759469_G_A_b38_G" "chr11_12775522_G_C_b38_G"
[29] "chr11_12781165_A_G_b38_A" "chr11_12797262_G_A_b38_G"
[31] "chr11_12801705_T_G_b38_T" "chr11_12806545_C_T_b38_C"
[33] "chr11_12810221_C_T_b38_C" "chr11_12820345_A_C_b38_A"
[35] "chr11_12959220_G_C_b38_G" "chr11_13145421_T_C_b38_T"
[37] "chr11_13159063_A_T_b38_A" "chr11_13160043_T_C_b38_T"
[39] "chr11_13161191_T_G_b38_T" "chr11_13162034_C_T_b38_C"
[41] "chr11_13163679_G_A_b38_G" "chr11_13167486_A_G_b38_A"
[43] "chr11_13167824_C_G_b38_C" "chr11_13168039_T_G_b38_T"
[45] "chr11_13168424_A_T_b38_A" "chr11_13168751_C_A_b38_C"
[47] "chr11_13168868_C_G_b38_C" "chr11_13170516_C_T_b38_C"
[49] "chr11_13171300_T_A_b38_T" "chr11_13171711_G_C_b38_G"
[51] "chr11_13172324_A_C_b38_A" "chr11_13172527_T_C_b38_T"
[53] "chr11_13172742_G_A_b38_G" "chr11_13173008_G_A_b38_G"
[55] "chr11_13173311_A_C_b38_A" "chr11_13173332_G_A_b38_G"
[57] "chr11_13173916_G_A_b38_G" "chr11_13174617_C_T_b38_C"
[59] "chr11_13174658_A_G_b38_A" "chr11_13175460_G_T_b38_G"
[61] "chr11_13175491_T_C_b38_T" "chr11_13176427_A_G_b38_A"
[63] "chr11_13176535_G_A_b38_G" "chr11_13176583_C_T_b38_C"
[65] "chr11_13177356_T_C_b38_T" "chr11_13178288_C_T_b38_C"
[67] "chr11_13178878_C_T_b38_C" "chr11_13179392_C_G_b38_C"
[69] "chr11_13179991_G_A_b38_G" "chr11_13180396_T_C_b38_T"
[71] "chr11_13181122_C_T_b38_C" "chr11_13181132_T_A_b38_T"
[73] "chr11_13181163_T_G_b38_T" "chr11_13181254_G_A_b38_G"
[75] "chr11_13181293_C_T_b38_C" "chr11_13181360_G_A_b38_G"
[77] "chr11_13181664_A_G_b38_A" "chr11_13182114_G_A_b38_G"
[79] "chr11_13182203_G_A_b38_G" "chr11_13182610_C_T_b38_C"
[81] "chr11_13182823_T_C_b38_T" "chr11_13183287_G_A_b38_G"
[83] "chr11_13184213_G_A_b38_G" "chr11_13301971_T_C_b38_T"
[85] "chr11_13316281_G_A_b38_G" "chr11_13395112_C_G_b38_C"
6 SNP(s) removed because HWE P < 1e-08 :
[1] "chr17_28439190_A_C_b38_A" "chr17_28439714_T_C_b38_T"
[3] "chr17_28441937_G_A_b38_G" "chr17_28452019_C_T_b38_C"
[5] "chr17_28452207_C_G_b38_C" "chr17_28459762_C_A_b38_C"
32 SNP(s) removed because HWE P < 1e-08 :
 [1] "chr19_17504800_T_C_b38_T" "chr19_17504915_T_C_b38_T"
 [3] "chr19_17583443_G_T_b38_G" "chr19_17666011_C_T_b38_C"
 [5] "chr19_17666078_T_C_b38_T" "chr19_17847808_C_T_b38_C"
 [7] "chr19_17847968_T_C_b38_T" "chr19_17901200_G_T_b38_G"
 [9] "chr19_17908396_T_C_b38_T" "chr19_17924720_G_T_b38_G"
[11] "chr19_17928630_T_C_b38_T" "chr19_18036796_G_A_b38_G"
[13] "chr19_18037080_A_T_b38_A" "chr19_18037381_T_C_b38_T"
[15] "chr19_18037783_T_C_b38_T" "chr19_18039165_G_A_b38_G"
[17] "chr19_18039479_C_T_b38_C" "chr19_18039995_T_C_b38_T"
[19] "chr19_18040092_T_C_b38_T" "chr19_18040429_G_T_b38_G"
[21] "chr19_18040432_G_T_b38_G" "chr19_18042127_C_T_b38_C"
[23] "chr19_18042885_A_G_b38_A" "chr19_18043992_G_C_b38_G"
[25] "chr19_18044231_C_G_b38_C" "chr19_18044266_G_C_b38_G"
[27] "chr19_18251693_G_C_b38_G" "chr19_18260387_C_T_b38_C"
[29] "chr19_18262150_C_G_b38_C" "chr19_18265699_G_A_b38_G"
[31] "chr19_18265970_T_C_b38_T" "chr19_18267871_C_A_b38_C"
48 SNP(s) removed because HWE P < 1e-08 :
 [1] "chr11_1682792_A_G_b38_A" "chr11_1684243_C_T_b38_C"
 [3] "chr11_1684255_T_C_b38_T" "chr11_1684283_C_G_b38_C"
 [5] "chr11_1684357_G_A_b38_G" "chr11_1685107_G_C_b38_G"
 [7] "chr11_1685186_G_C_b38_G" "chr11_1685203_C_G_b38_C"
 [9] "chr11_1685242_G_T_b38_G" "chr11_1685299_C_T_b38_C"
[11] "chr11_1685308_T_C_b38_T" "chr11_1685330_C_T_b38_C"
[13] "chr11_1685335_T_G_b38_T" "chr11_1685344_C_G_b38_C"
[15] "chr11_1685353_G_T_b38_G" "chr11_1685355_C_T_b38_C"
[17] "chr11_1685411_T_G_b38_T" "chr11_1685953_T_C_b38_T"
[19] "chr11_1685956_C_T_b38_C" "chr11_1686361_G_A_b38_G"
[21] "chr11_1686438_A_G_b38_A" "chr11_1686446_G_A_b38_G"
[23] "chr11_1686518_G_A_b38_G" "chr11_1827309_A_C_b38_A"
[25] "chr11_1850016_T_C_b38_T" "chr11_2161265_C_G_b38_C"
[27] "chr11_2265421_C_T_b38_C" "chr11_2269209_G_C_b38_G"
[29] "chr11_2270752_T_A_b38_T" "chr11_2271290_C_T_b38_C"
[31] "chr11_2271503_C_G_b38_C" "chr11_2319743_T_C_b38_T"
[33] "chr11_2351126_T_C_b38_T" "chr11_2368550_T_C_b38_T"
[35] "chr11_2370014_C_T_b38_C" "chr11_2378113_G_C_b38_G"
[37] "chr11_2400287_G_A_b38_G" "chr11_2436436_G_A_b38_G"
[39] "chr11_2457202_G_A_b38_G" "chr11_2457965_C_T_b38_C"
[41] "chr11_2459471_C_G_b38_C" "chr11_2523238_G_T_b38_G"
[43] "chr11_2525876_G_C_b38_G" "chr11_2564749_C_G_b38_C"
[45] "chr11_2567006_T_A_b38_T" "chr11_2573594_T_C_b38_T"
[47] "chr11_2581307_A_G_b38_A" "chr11_2588525_C_T_b38_C"
6 SNP(s) removed because HWE P < 1e-08 :
[1] "chr13_29549344_C_T_b38_C" "chr13_29949626_G_C_b38_G"
[3] "chr13_30062346_T_C_b38_T" "chr13_30062379_G_C_b38_G"
[5] "chr13_30121793_C_T_b38_C" "chr13_30160356_C_T_b38_C"
51 SNP(s) removed because HWE P < 1e-08 :
 [1] "chr19_50749708_G_C_b38_G" "chr19_50842031_A_G_b38_A"
 [3] "chr19_50896788_T_C_b38_T" "chr19_50897100_A_G_b38_A"
 [5] "chr19_50897145_C_T_b38_C" "chr19_50948431_C_T_b38_C"
 [7] "chr19_50957933_A_G_b38_A" "chr19_51083323_T_G_b38_T"
 [9] "chr19_51107599_A_G_b38_A" "chr19_51107741_T_G_b38_T"
[11] "chr19_51108006_G_A_b38_G" "chr19_51116302_T_C_b38_T"
[13] "chr19_51120922_T_G_b38_T" "chr19_51121015_T_G_b38_T"
[15] "chr19_51121279_T_C_b38_T" "chr19_51121832_A_C_b38_A"
[17] "chr19_51121942_T_C_b38_T" "chr19_51122379_A_G_b38_A"
[19] "chr19_51122568_A_G_b38_A" "chr19_51122642_G_C_b38_G"
[21] "chr19_51123685_A_G_b38_A" "chr19_51136723_A_G_b38_A"
[23] "chr19_51172375_T_C_b38_T" "chr19_51173311_A_G_b38_A"
[25] "chr19_51173876_T_C_b38_T" "chr19_51184134_C_T_b38_C"
[27] "chr19_51201503_A_G_b38_A" "chr19_51208344_T_C_b38_T"
[29] "chr19_51208365_C_T_b38_C" "chr19_51212754_T_C_b38_T"
[31] "chr19_51235665_T_C_b38_T" "chr19_51251278_A_C_b38_A"
[33] "chr19_51280161_A_G_b38_A" "chr19_51280387_C_T_b38_C"
[35] "chr19_51281207_G_A_b38_G" "chr19_51282770_C_G_b38_C"
[37] "chr19_51283428_T_C_b38_T" "chr19_51284112_C_T_b38_C"
[39] "chr19_51284184_A_C_b38_A" "chr19_51285176_C_A_b38_C"
[41] "chr19_51285861_G_A_b38_G" "chr19_51287738_T_C_b38_T"
[43] "chr19_51290510_A_C_b38_A" "chr19_51291857_T_G_b38_T"
[45] "chr19_51293045_T_C_b38_T" "chr19_51298175_C_T_b38_C"
[47] "chr19_51358092_C_G_b38_C" "chr19_51447917_C_T_b38_C"
[49] "chr19_51447928_A_G_b38_A" "chr19_51448049_T_G_b38_T"
[51] "chr19_51457686_A_G_b38_A"
49 SNP(s) removed because HWE P < 1e-08 :
 [1] "chr19_51083323_T_G_b38_T" "chr19_51107599_A_G_b38_A"
 [3] "chr19_51107741_T_G_b38_T" "chr19_51108006_G_A_b38_G"
 [5] "chr19_51116302_T_C_b38_T" "chr19_51120922_T_G_b38_T"
 [7] "chr19_51121015_T_G_b38_T" "chr19_51121279_T_C_b38_T"
 [9] "chr19_51121832_A_C_b38_A" "chr19_51121942_T_C_b38_T"
[11] "chr19_51122379_A_G_b38_A" "chr19_51122568_A_G_b38_A"
[13] "chr19_51122642_G_C_b38_G" "chr19_51123685_A_G_b38_A"
[15] "chr19_51136723_A_G_b38_A" "chr19_51172375_T_C_b38_T"
[17] "chr19_51173311_A_G_b38_A" "chr19_51173876_T_C_b38_T"
[19] "chr19_51184134_C_T_b38_C" "chr19_51201503_A_G_b38_A"
[21] "chr19_51208344_T_C_b38_T" "chr19_51208365_C_T_b38_C"
[23] "chr19_51212754_T_C_b38_T" "chr19_51235665_T_C_b38_T"
[25] "chr19_51251278_A_C_b38_A" "chr19_51280161_A_G_b38_A"
[27] "chr19_51280387_C_T_b38_C" "chr19_51281207_G_A_b38_G"
[29] "chr19_51282770_C_G_b38_C" "chr19_51283428_T_C_b38_T"
[31] "chr19_51284112_C_T_b38_C" "chr19_51284184_A_C_b38_A"
[33] "chr19_51285176_C_A_b38_C" "chr19_51285861_G_A_b38_G"
[35] "chr19_51287738_T_C_b38_T" "chr19_51290510_A_C_b38_A"
[37] "chr19_51291857_T_G_b38_T" "chr19_51293045_T_C_b38_T"
[39] "chr19_51298175_C_T_b38_C" "chr19_51358092_C_G_b38_C"
[41] "chr19_51447917_C_T_b38_C" "chr19_51447928_A_G_b38_A"
[43] "chr19_51448049_T_G_b38_T" "chr19_51457686_A_G_b38_A"
[45] "chr19_51780129_T_C_b38_T" "chr19_51780359_A_G_b38_A"
[47] "chr19_51848424_G_A_b38_G" "chr19_51875933_G_A_b38_G"
[49] "chr19_51876393_G_A_b38_G"
51 SNP(s) removed because HWE P < 1e-08 :
 [1] "chr19_50749708_G_C_b38_G" "chr19_50842031_A_G_b38_A"
 [3] "chr19_50896788_T_C_b38_T" "chr19_50897100_A_G_b38_A"
 [5] "chr19_50897145_C_T_b38_C" "chr19_50948431_C_T_b38_C"
 [7] "chr19_50957933_A_G_b38_A" "chr19_51083323_T_G_b38_T"
 [9] "chr19_51107599_A_G_b38_A" "chr19_51107741_T_G_b38_T"
[11] "chr19_51108006_G_A_b38_G" "chr19_51116302_T_C_b38_T"
[13] "chr19_51120922_T_G_b38_T" "chr19_51121015_T_G_b38_T"
[15] "chr19_51121279_T_C_b38_T" "chr19_51121832_A_C_b38_A"
[17] "chr19_51121942_T_C_b38_T" "chr19_51122379_A_G_b38_A"
[19] "chr19_51122568_A_G_b38_A" "chr19_51122642_G_C_b38_G"
[21] "chr19_51123685_A_G_b38_A" "chr19_51136723_A_G_b38_A"
[23] "chr19_51172375_T_C_b38_T" "chr19_51173311_A_G_b38_A"
[25] "chr19_51173876_T_C_b38_T" "chr19_51184134_C_T_b38_C"
[27] "chr19_51201503_A_G_b38_A" "chr19_51208344_T_C_b38_T"
[29] "chr19_51208365_C_T_b38_C" "chr19_51212754_T_C_b38_T"
[31] "chr19_51235665_T_C_b38_T" "chr19_51251278_A_C_b38_A"
[33] "chr19_51280161_A_G_b38_A" "chr19_51280387_C_T_b38_C"
[35] "chr19_51281207_G_A_b38_G" "chr19_51282770_C_G_b38_C"
[37] "chr19_51283428_T_C_b38_T" "chr19_51284112_C_T_b38_C"
[39] "chr19_51284184_A_C_b38_A" "chr19_51285176_C_A_b38_C"
[41] "chr19_51285861_G_A_b38_G" "chr19_51287738_T_C_b38_T"
[43] "chr19_51290510_A_C_b38_A" "chr19_51291857_T_G_b38_T"
[45] "chr19_51293045_T_C_b38_T" "chr19_51298175_C_T_b38_C"
[47] "chr19_51358092_C_G_b38_C" "chr19_51447917_C_T_b38_C"
[49] "chr19_51447928_A_G_b38_A" "chr19_51448049_T_G_b38_T"
[51] "chr19_51457686_A_G_b38_A"
11 SNP(s) removed because HWE P < 1e-08 :
 [1] "chr8_97446924_A_T_b38_A" "chr8_97584151_C_T_b38_C"
 [3] "chr8_97639920_C_A_b38_C" "chr8_97643073_G_A_b38_G"
 [5] "chr8_97762421_C_T_b38_C" "chr8_97806967_G_C_b38_G"
 [7] "chr8_97863588_C_T_b38_C" "chr8_97868611_C_T_b38_C"
 [9] "chr8_97868936_G_A_b38_G" "chr8_97898059_C_T_b38_C"
[11] "chr8_97917458_C_A_b38_C"
51 SNP(s) removed because HWE P < 1e-08 :
 [1] "chr19_50749708_G_C_b38_G" "chr19_50842031_A_G_b38_A"
 [3] "chr19_50896788_T_C_b38_T" "chr19_50897100_A_G_b38_A"
 [5] "chr19_50897145_C_T_b38_C" "chr19_50948431_C_T_b38_C"
 [7] "chr19_50957933_A_G_b38_A" "chr19_51083323_T_G_b38_T"
 [9] "chr19_51107599_A_G_b38_A" "chr19_51107741_T_G_b38_T"
[11] "chr19_51108006_G_A_b38_G" "chr19_51116302_T_C_b38_T"
[13] "chr19_51120922_T_G_b38_T" "chr19_51121015_T_G_b38_T"
[15] "chr19_51121279_T_C_b38_T" "chr19_51121832_A_C_b38_A"
[17] "chr19_51121942_T_C_b38_T" "chr19_51122379_A_G_b38_A"
[19] "chr19_51122568_A_G_b38_A" "chr19_51122642_G_C_b38_G"
[21] "chr19_51123685_A_G_b38_A" "chr19_51136723_A_G_b38_A"
[23] "chr19_51172375_T_C_b38_T" "chr19_51173311_A_G_b38_A"
[25] "chr19_51173876_T_C_b38_T" "chr19_51184134_C_T_b38_C"
[27] "chr19_51201503_A_G_b38_A" "chr19_51208344_T_C_b38_T"
[29] "chr19_51208365_C_T_b38_C" "chr19_51212754_T_C_b38_T"
[31] "chr19_51235665_T_C_b38_T" "chr19_51251278_A_C_b38_A"
[33] "chr19_51280161_A_G_b38_A" "chr19_51280387_C_T_b38_C"
[35] "chr19_51281207_G_A_b38_G" "chr19_51282770_C_G_b38_C"
[37] "chr19_51283428_T_C_b38_T" "chr19_51284112_C_T_b38_C"
[39] "chr19_51284184_A_C_b38_A" "chr19_51285176_C_A_b38_C"
[41] "chr19_51285861_G_A_b38_G" "chr19_51287738_T_C_b38_T"
[43] "chr19_51290510_A_C_b38_A" "chr19_51291857_T_G_b38_T"
[45] "chr19_51293045_T_C_b38_T" "chr19_51298175_C_T_b38_C"
[47] "chr19_51358092_C_G_b38_C" "chr19_51447917_C_T_b38_C"
[49] "chr19_51447928_A_G_b38_A" "chr19_51448049_T_G_b38_T"
[51] "chr19_51457686_A_G_b38_A"
37 SNP(s) removed because HWE P < 1e-08 :
 [1] "chr16_24109784_G_A_b38_G" "chr16_24227690_G_C_b38_G"
 [3] "chr16_24233628_G_C_b38_G" "chr16_24496566_C_T_b38_C"
 [5] "chr16_24496764_C_A_b38_C" "chr16_24499309_C_T_b38_C"
 [7] "chr16_24870481_A_C_b38_A" "chr16_24873006_G_A_b38_G"
 [9] "chr16_24884357_A_G_b38_A" "chr16_24917601_A_G_b38_A"
[11] "chr16_24917765_G_A_b38_G" "chr16_24917986_T_C_b38_T"
[13] "chr16_24919227_T_C_b38_T" "chr16_24920477_C_T_b38_C"
[15] "chr16_24920573_A_G_b38_A" "chr16_24921599_T_C_b38_T"
[17] "chr16_24923143_G_T_b38_G" "chr16_24924245_T_C_b38_T"
[19] "chr16_24924716_A_T_b38_A" "chr16_24925306_A_G_b38_A"
[21] "chr16_24927264_T_C_b38_T" "chr16_24932825_T_C_b38_T"
[23] "chr16_24940578_A_G_b38_A" "chr16_24943087_G_A_b38_G"
[25] "chr16_24943465_A_G_b38_A" "chr16_24945135_A_G_b38_A"
[27] "chr16_24945229_T_G_b38_T" "chr16_24945237_A_C_b38_A"
[29] "chr16_24947347_A_C_b38_A" "chr16_24947664_G_A_b38_G"
[31] "chr16_24948730_C_G_b38_C" "chr16_24950568_T_C_b38_T"
[33] "chr16_24952718_T_C_b38_T" "chr16_24953197_T_C_b38_T"
[35] "chr16_24953395_G_T_b38_G" "chr16_24953714_C_T_b38_C"
[37] "chr16_24955202_T_C_b38_T"
19 SNP(s) removed because HWE P < 1e-08 :
 [1] "chr17_48533231_C_T_b38_C" "chr17_48533284_A_C_b38_A"
 [3] "chr17_48533835_T_G_b38_T" "chr17_48533974_A_T_b38_A"
 [5] "chr17_48533975_C_T_b38_C" "chr17_48541819_G_C_b38_G"
 [7] "chr17_48584912_T_C_b38_T" "chr17_48959542_G_C_b38_G"
 [9] "chr17_49150319_T_G_b38_T" "chr17_49409322_T_C_b38_T"
[11] "chr17_49419949_C_T_b38_C" "chr17_49428866_A_G_b38_A"
[13] "chr17_49434097_G_A_b38_G" "chr17_49434320_T_C_b38_T"
[15] "chr17_49434511_T_C_b38_T" "chr17_49435402_G_C_b38_G"
[17] "chr17_49435629_T_C_b38_T" "chr17_49481845_T_C_b38_T"
[19] "chr17_49482709_C_G_b38_C"
49 SNP(s) removed because HWE P < 1e-08 :
 [1] "chr19_51083323_T_G_b38_T" "chr19_51107599_A_G_b38_A"
 [3] "chr19_51107741_T_G_b38_T" "chr19_51108006_G_A_b38_G"
 [5] "chr19_51116302_T_C_b38_T" "chr19_51120922_T_G_b38_T"
 [7] "chr19_51121015_T_G_b38_T" "chr19_51121279_T_C_b38_T"
 [9] "chr19_51121832_A_C_b38_A" "chr19_51121942_T_C_b38_T"
[11] "chr19_51122379_A_G_b38_A" "chr19_51122568_A_G_b38_A"
[13] "chr19_51122642_G_C_b38_G" "chr19_51123685_A_G_b38_A"
[15] "chr19_51136723_A_G_b38_A" "chr19_51172375_T_C_b38_T"
[17] "chr19_51173311_A_G_b38_A" "chr19_51173876_T_C_b38_T"
[19] "chr19_51184134_C_T_b38_C" "chr19_51201503_A_G_b38_A"
[21] "chr19_51208344_T_C_b38_T" "chr19_51208365_C_T_b38_C"
[23] "chr19_51212754_T_C_b38_T" "chr19_51235665_T_C_b38_T"
[25] "chr19_51251278_A_C_b38_A" "chr19_51280161_A_G_b38_A"
[27] "chr19_51280387_C_T_b38_C" "chr19_51281207_G_A_b38_G"
[29] "chr19_51282770_C_G_b38_C" "chr19_51283428_T_C_b38_T"
[31] "chr19_51284112_C_T_b38_C" "chr19_51284184_A_C_b38_A"
[33] "chr19_51285176_C_A_b38_C" "chr19_51285861_G_A_b38_G"
[35] "chr19_51287738_T_C_b38_T" "chr19_51290510_A_C_b38_A"
[37] "chr19_51291857_T_G_b38_T" "chr19_51293045_T_C_b38_T"
[39] "chr19_51298175_C_T_b38_C" "chr19_51358092_C_G_b38_C"
[41] "chr19_51447917_C_T_b38_C" "chr19_51447928_A_G_b38_A"
[43] "chr19_51448049_T_G_b38_T" "chr19_51457686_A_G_b38_A"
[45] "chr19_51780129_T_C_b38_T" "chr19_51780359_A_G_b38_A"
[47] "chr19_51848424_G_A_b38_G" "chr19_51875933_G_A_b38_G"
[49] "chr19_51876393_G_A_b38_G"
11 SNP(s) removed because HWE P < 1e-08 :
 [1] "chr8_97446924_A_T_b38_A" "chr8_97584151_C_T_b38_C"
 [3] "chr8_97639920_C_A_b38_C" "chr8_97643073_G_A_b38_G"
 [5] "chr8_97762421_C_T_b38_C" "chr8_97806967_G_C_b38_G"
 [7] "chr8_97863588_C_T_b38_C" "chr8_97868611_C_T_b38_C"
 [9] "chr8_97868936_G_A_b38_G" "chr8_97898059_C_T_b38_C"
[11] "chr8_97917458_C_A_b38_C"
51 SNP(s) removed because HWE P < 1e-08 :
 [1] "chr19_50749708_G_C_b38_G" "chr19_50842031_A_G_b38_A"
 [3] "chr19_50896788_T_C_b38_T" "chr19_50897100_A_G_b38_A"
 [5] "chr19_50897145_C_T_b38_C" "chr19_50948431_C_T_b38_C"
 [7] "chr19_50957933_A_G_b38_A" "chr19_51083323_T_G_b38_T"
 [9] "chr19_51107599_A_G_b38_A" "chr19_51107741_T_G_b38_T"
[11] "chr19_51108006_G_A_b38_G" "chr19_51116302_T_C_b38_T"
[13] "chr19_51120922_T_G_b38_T" "chr19_51121015_T_G_b38_T"
[15] "chr19_51121279_T_C_b38_T" "chr19_51121832_A_C_b38_A"
[17] "chr19_51121942_T_C_b38_T" "chr19_51122379_A_G_b38_A"
[19] "chr19_51122568_A_G_b38_A" "chr19_51122642_G_C_b38_G"
[21] "chr19_51123685_A_G_b38_A" "chr19_51136723_A_G_b38_A"
[23] "chr19_51172375_T_C_b38_T" "chr19_51173311_A_G_b38_A"
[25] "chr19_51173876_T_C_b38_T" "chr19_51184134_C_T_b38_C"
[27] "chr19_51201503_A_G_b38_A" "chr19_51208344_T_C_b38_T"
[29] "chr19_51208365_C_T_b38_C" "chr19_51212754_T_C_b38_T"
[31] "chr19_51235665_T_C_b38_T" "chr19_51251278_A_C_b38_A"
[33] "chr19_51280161_A_G_b38_A" "chr19_51280387_C_T_b38_C"
[35] "chr19_51281207_G_A_b38_G" "chr19_51282770_C_G_b38_C"
[37] "chr19_51283428_T_C_b38_T" "chr19_51284112_C_T_b38_C"
[39] "chr19_51284184_A_C_b38_A" "chr19_51285176_C_A_b38_C"
[41] "chr19_51285861_G_A_b38_G" "chr19_51287738_T_C_b38_T"
[43] "chr19_51290510_A_C_b38_A" "chr19_51291857_T_G_b38_T"
[45] "chr19_51293045_T_C_b38_T" "chr19_51298175_C_T_b38_C"
[47] "chr19_51358092_C_G_b38_C" "chr19_51447917_C_T_b38_C"
[49] "chr19_51447928_A_G_b38_A" "chr19_51448049_T_G_b38_T"
[51] "chr19_51457686_A_G_b38_A"
27 SNP(s) removed because HWE P < 1e-08 :
 [1] "chr2_233759592_A_C_b38_A" "chr2_233818687_C_G_b38_C"
 [3] "chr2_233923040_T_G_b38_T" "chr2_233923743_A_T_b38_A"
 [5] "chr2_233939587_C_T_b38_C" "chr2_233943859_G_A_b38_G"
 [7] "chr2_233944484_C_T_b38_C" "chr2_233946290_A_G_b38_A"
 [9] "chr2_233946527_G_A_b38_G" "chr2_233948607_G_T_b38_G"
[11] "chr2_233950779_C_G_b38_C" "chr2_233951462_C_T_b38_C"
[13] "chr2_233953396_A_G_b38_A" "chr2_233953667_C_A_b38_C"
[15] "chr2_233955144_G_A_b38_G" "chr2_233957216_A_T_b38_A"
[17] "chr2_233957509_A_C_b38_A" "chr2_233958869_A_G_b38_A"
[19] "chr2_233962198_A_G_b38_A" "chr2_233963868_A_G_b38_A"
[21] "chr2_233964479_G_A_b38_G" "chr2_233965995_C_T_b38_C"
[23] "chr2_234029438_T_C_b38_T" "chr2_234082209_A_G_b38_A"
[25] "chr2_234089352_T_A_b38_T" "chr2_234169550_G_A_b38_G"
[27] "chr2_234221427_A_G_b38_A"
37 SNP(s) removed because HWE P < 1e-08 :
 [1] "chr16_24109784_G_A_b38_G" "chr16_24227690_G_C_b38_G"
 [3] "chr16_24233628_G_C_b38_G" "chr16_24496566_C_T_b38_C"
 [5] "chr16_24496764_C_A_b38_C" "chr16_24499309_C_T_b38_C"
 [7] "chr16_24870481_A_C_b38_A" "chr16_24873006_G_A_b38_G"
 [9] "chr16_24884357_A_G_b38_A" "chr16_24917601_A_G_b38_A"
[11] "chr16_24917765_G_A_b38_G" "chr16_24917986_T_C_b38_T"
[13] "chr16_24919227_T_C_b38_T" "chr16_24920477_C_T_b38_C"
[15] "chr16_24920573_A_G_b38_A" "chr16_24921599_T_C_b38_T"
[17] "chr16_24923143_G_T_b38_G" "chr16_24924245_T_C_b38_T"
[19] "chr16_24924716_A_T_b38_A" "chr16_24925306_A_G_b38_A"
[21] "chr16_24927264_T_C_b38_T" "chr16_24932825_T_C_b38_T"
[23] "chr16_24940578_A_G_b38_A" "chr16_24943087_G_A_b38_G"
[25] "chr16_24943465_A_G_b38_A" "chr16_24945135_A_G_b38_A"
[27] "chr16_24945229_T_G_b38_T" "chr16_24945237_A_C_b38_A"
[29] "chr16_24947347_A_C_b38_A" "chr16_24947664_G_A_b38_G"
[31] "chr16_24948730_C_G_b38_C" "chr16_24950568_T_C_b38_T"
[33] "chr16_24952718_T_C_b38_T" "chr16_24953197_T_C_b38_T"
[35] "chr16_24953395_G_T_b38_G" "chr16_24953714_C_T_b38_C"
[37] "chr16_24955202_T_C_b38_T"
19 SNP(s) removed because HWE P < 1e-08 :
 [1] "chr17_48533231_C_T_b38_C" "chr17_48533284_A_C_b38_A"
 [3] "chr17_48533835_T_G_b38_T" "chr17_48533974_A_T_b38_A"
 [5] "chr17_48533975_C_T_b38_C" "chr17_48541819_G_C_b38_G"
 [7] "chr17_48584912_T_C_b38_T" "chr17_48959542_G_C_b38_G"
 [9] "chr17_49150319_T_G_b38_T" "chr17_49409322_T_C_b38_T"
[11] "chr17_49419949_C_T_b38_C" "chr17_49428866_A_G_b38_A"
[13] "chr17_49434097_G_A_b38_G" "chr17_49434320_T_C_b38_T"
[15] "chr17_49434511_T_C_b38_T" "chr17_49435402_G_C_b38_G"
[17] "chr17_49435629_T_C_b38_T" "chr17_49481845_T_C_b38_T"
[19] "chr17_49482709_C_G_b38_C"
6 SNP(s) removed because HWE P < 1e-08 :
[1] "chr13_29549344_C_T_b38_C" "chr13_29949626_G_C_b38_G"
[3] "chr13_30062346_T_C_b38_T" "chr13_30062379_G_C_b38_G"
[5] "chr13_30121793_C_T_b38_C" "chr13_30160356_C_T_b38_C"
32 SNP(s) removed because HWE P < 1e-08 :
 [1] "chr19_17504800_T_C_b38_T" "chr19_17504915_T_C_b38_T"
 [3] "chr19_17583443_G_T_b38_G" "chr19_17666011_C_T_b38_C"
 [5] "chr19_17666078_T_C_b38_T" "chr19_17847808_C_T_b38_C"
 [7] "chr19_17847968_T_C_b38_T" "chr19_17901200_G_T_b38_G"
 [9] "chr19_17908396_T_C_b38_T" "chr19_17924720_G_T_b38_G"
[11] "chr19_17928630_T_C_b38_T" "chr19_18036796_G_A_b38_G"
[13] "chr19_18037080_A_T_b38_A" "chr19_18037381_T_C_b38_T"
[15] "chr19_18037783_T_C_b38_T" "chr19_18039165_G_A_b38_G"
[17] "chr19_18039479_C_T_b38_C" "chr19_18039995_T_C_b38_T"
[19] "chr19_18040092_T_C_b38_T" "chr19_18040429_G_T_b38_G"
[21] "chr19_18040432_G_T_b38_G" "chr19_18042127_C_T_b38_C"
[23] "chr19_18042885_A_G_b38_A" "chr19_18043992_G_C_b38_G"
[25] "chr19_18044231_C_G_b38_C" "chr19_18044266_G_C_b38_G"
[27] "chr19_18251693_G_C_b38_G" "chr19_18260387_C_T_b38_C"
[29] "chr19_18262150_C_G_b38_C" "chr19_18265699_G_A_b38_G"
[31] "chr19_18265970_T_C_b38_T" "chr19_18267871_C_A_b38_C"
11 SNP(s) removed because HWE P < 1e-08 :
 [1] "chr8_97446924_A_T_b38_A" "chr8_97584151_C_T_b38_C"
 [3] "chr8_97639920_C_A_b38_C" "chr8_97643073_G_A_b38_G"
 [5] "chr8_97762421_C_T_b38_C" "chr8_97806967_G_C_b38_G"
 [7] "chr8_97863588_C_T_b38_C" "chr8_97868611_C_T_b38_C"
 [9] "chr8_97868936_G_A_b38_G" "chr8_97898059_C_T_b38_C"
[11] "chr8_97917458_C_A_b38_C"
51 SNP(s) removed because HWE P < 1e-08 :
 [1] "chr19_50749708_G_C_b38_G" "chr19_50842031_A_G_b38_A"
 [3] "chr19_50896788_T_C_b38_T" "chr19_50897100_A_G_b38_A"
 [5] "chr19_50897145_C_T_b38_C" "chr19_50948431_C_T_b38_C"
 [7] "chr19_50957933_A_G_b38_A" "chr19_51083323_T_G_b38_T"
 [9] "chr19_51107599_A_G_b38_A" "chr19_51107741_T_G_b38_T"
[11] "chr19_51108006_G_A_b38_G" "chr19_51116302_T_C_b38_T"
[13] "chr19_51120922_T_G_b38_T" "chr19_51121015_T_G_b38_T"
[15] "chr19_51121279_T_C_b38_T" "chr19_51121832_A_C_b38_A"
[17] "chr19_51121942_T_C_b38_T" "chr19_51122379_A_G_b38_A"
[19] "chr19_51122568_A_G_b38_A" "chr19_51122642_G_C_b38_G"
[21] "chr19_51123685_A_G_b38_A" "chr19_51136723_A_G_b38_A"
[23] "chr19_51172375_T_C_b38_T" "chr19_51173311_A_G_b38_A"
[25] "chr19_51173876_T_C_b38_T" "chr19_51184134_C_T_b38_C"
[27] "chr19_51201503_A_G_b38_A" "chr19_51208344_T_C_b38_T"
[29] "chr19_51208365_C_T_b38_C" "chr19_51212754_T_C_b38_T"
[31] "chr19_51235665_T_C_b38_T" "chr19_51251278_A_C_b38_A"
[33] "chr19_51280161_A_G_b38_A" "chr19_51280387_C_T_b38_C"
[35] "chr19_51281207_G_A_b38_G" "chr19_51282770_C_G_b38_C"
[37] "chr19_51283428_T_C_b38_T" "chr19_51284112_C_T_b38_C"
[39] "chr19_51284184_A_C_b38_A" "chr19_51285176_C_A_b38_C"
[41] "chr19_51285861_G_A_b38_G" "chr19_51287738_T_C_b38_T"
[43] "chr19_51290510_A_C_b38_A" "chr19_51291857_T_G_b38_T"
[45] "chr19_51293045_T_C_b38_T" "chr19_51298175_C_T_b38_C"
[47] "chr19_51358092_C_G_b38_C" "chr19_51447917_C_T_b38_C"
[49] "chr19_51447928_A_G_b38_A" "chr19_51448049_T_G_b38_T"
[51] "chr19_51457686_A_G_b38_A"
39 SNP(s) removed because HWE P < 1e-08 :
 [1] "chr22_49765666_G_C_b38_G" "chr22_49770965_G_C_b38_G"
 [3] "chr22_49837507_C_G_b38_C" "chr22_49846939_C_A_b38_C"
 [5] "chr22_49848251_T_C_b38_T" "chr22_49872508_G_A_b38_G"
 [7] "chr22_49880142_T_C_b38_T" "chr22_49880243_G_T_b38_G"
 [9] "chr22_49883047_G_C_b38_G" "chr22_49894697_A_G_b38_A"
[11] "chr22_49906790_T_C_b38_T" "chr22_49921580_T_C_b38_T"
[13] "chr22_49921715_C_A_b38_C" "chr22_49973759_T_C_b38_T"
[15] "chr22_50013858_A_C_b38_A" "chr22_50357867_G_A_b38_G"
[17] "chr22_50371703_G_C_b38_G" "chr22_50418711_G_A_b38_G"
[19] "chr22_50424402_A_C_b38_A" "chr22_50424421_C_A_b38_C"
[21] "chr22_50424423_C_T_b38_C" "chr22_50495487_G_A_b38_G"
[23] "chr22_50495498_T_C_b38_T" "chr22_50495499_G_A_b38_G"
[25] "chr22_50508159_C_G_b38_C" "chr22_50509182_A_G_b38_A"
[27] "chr22_50509488_T_C_b38_T" "chr22_50509962_A_G_b38_A"
[29] "chr22_50510817_C_T_b38_C" "chr22_50510967_T_C_b38_T"
[31] "chr22_50511806_T_C_b38_T" "chr22_50512014_T_C_b38_T"
[33] "chr22_50512298_G_A_b38_G" "chr22_50512549_T_G_b38_T"
[35] "chr22_50513313_G_C_b38_G" "chr22_50513793_G_A_b38_G"
[37] "chr22_50542614_C_T_b38_C" "chr22_50542624_A_T_b38_A"
[39] "chr22_50712000_C_T_b38_C"
56 SNP(s) removed because HWE P < 1e-08 :
 [1] "chr2_234571796_G_C_b38_G" "chr2_234679043_G_T_b38_G"
 [3] "chr2_234679188_T_C_b38_T" "chr2_234758936_C_T_b38_C"
 [5] "chr2_234758982_T_C_b38_T" "chr2_234760203_A_G_b38_A"
 [7] "chr2_234760375_C_T_b38_C" "chr2_234888396_A_G_b38_A"
 [9] "chr2_234888758_T_C_b38_T" "chr2_234894832_A_C_b38_A"
[11] "chr2_234894910_G_A_b38_G" "chr2_234894973_T_C_b38_T"
[13] "chr2_234895017_A_G_b38_A" "chr2_234895077_T_C_b38_T"
[15] "chr2_234895138_G_A_b38_G" "chr2_234895180_T_G_b38_T"
[17] "chr2_234895243_G_C_b38_G" "chr2_234895404_A_G_b38_A"
[19] "chr2_234895495_A_G_b38_A" "chr2_234895594_G_T_b38_G"
[21] "chr2_234895605_G_A_b38_G" "chr2_234895717_A_C_b38_A"
[23] "chr2_234895726_G_A_b38_G" "chr2_234895744_C_T_b38_C"
[25] "chr2_234895756_C_A_b38_C" "chr2_234895848_T_A_b38_T"
[27] "chr2_234895974_C_T_b38_C" "chr2_234895996_G_A_b38_G"
[29] "chr2_234896107_C_G_b38_C" "chr2_234896219_G_C_b38_G"
[31] "chr2_234896302_G_C_b38_G" "chr2_234896331_A_G_b38_A"
[33] "chr2_235001953_C_T_b38_C" "chr2_235013109_C_A_b38_C"
[35] "chr2_235013502_C_T_b38_C" "chr2_235014147_A_G_b38_A"
[37] "chr2_235014329_G_T_b38_G" "chr2_235016380_G_A_b38_G"
[39] "chr2_235017019_T_C_b38_T" "chr2_235018342_C_T_b38_C"
[41] "chr2_235031472_C_T_b38_C" "chr2_235062147_T_G_b38_T"
[43] "chr2_235255566_C_A_b38_C" "chr2_235294463_A_G_b38_A"
[45] "chr2_235316147_T_C_b38_T" "chr2_235374434_A_G_b38_A"
[47] "chr2_235375213_T_C_b38_T" "chr2_235375341_T_C_b38_T"
[49] "chr2_235376857_G_A_b38_G" "chr2_235378897_A_T_b38_A"
[51] "chr2_235380311_G_A_b38_G" "chr2_235383464_G_A_b38_G"
[53] "chr2_235385818_T_C_b38_T" "chr2_235399509_A_G_b38_A"
[55] "chr2_235401021_T_A_b38_T" "chr2_235450334_T_C_b38_T"
6 SNP(s) removed because HWE P < 1e-08 :
[1] "chr13_29549344_C_T_b38_C" "chr13_29949626_G_C_b38_G"
[3] "chr13_30062346_T_C_b38_T" "chr13_30062379_G_C_b38_G"
[5] "chr13_30121793_C_T_b38_C" "chr13_30160356_C_T_b38_C"
22 SNP(s) removed because HWE P < 1e-08 :
 [1] "chr1_162353041_G_C_b38_G" "chr1_162353047_A_C_b38_A"
 [3] "chr1_162477576_G_A_b38_G" "chr1_162481393_G_A_b38_G"
 [5] "chr1_162483630_C_T_b38_C" "chr1_162701799_T_C_b38_T"
 [7] "chr1_162704548_G_A_b38_G" "chr1_162705250_T_C_b38_T"
 [9] "chr1_162706401_C_T_b38_C" "chr1_162710700_T_C_b38_T"
[11] "chr1_162714569_T_C_b38_T" "chr1_162722878_C_G_b38_C"
[13] "chr1_162733892_A_G_b38_A" "chr1_162742199_A_T_b38_A"
[15] "chr1_162742900_G_A_b38_G" "chr1_162743999_G_A_b38_G"
[17] "chr1_162744207_T_C_b38_T" "chr1_162752426_G_A_b38_G"
[19] "chr1_162763446_G_A_b38_G" "chr1_162798738_C_G_b38_C"
[21] "chr1_162803606_G_A_b38_G" "chr1_162909861_T_C_b38_T"
69 SNP(s) removed because HWE P < 1e-08 :
 [1] "chr8_81253423_T_C_b38_T" "chr8_81281143_C_T_b38_C"
 [3] "chr8_81289273_A_T_b38_A" "chr8_81297255_A_G_b38_A"
 [5] "chr8_81299436_C_T_b38_C" "chr8_81300344_T_C_b38_T"
 [7] "chr8_81325559_T_C_b38_T" "chr8_81327049_C_G_b38_C"
 [9] "chr8_81327156_T_G_b38_T" "chr8_81327252_A_G_b38_A"
[11] "chr8_81327333_T_C_b38_T" "chr8_81327394_A_G_b38_A"
[13] "chr8_81328362_A_G_b38_A" "chr8_81328531_C_A_b38_C"
[15] "chr8_81329064_T_A_b38_T" "chr8_81329094_T_G_b38_T"
[17] "chr8_81329957_C_T_b38_C" "chr8_81330786_A_G_b38_A"
[19] "chr8_81330873_T_C_b38_T" "chr8_81331043_A_C_b38_A"
[21] "chr8_81331131_T_C_b38_T" "chr8_81331608_C_T_b38_C"
[23] "chr8_81331614_C_T_b38_C" "chr8_81331709_T_G_b38_T"
[25] "chr8_81331864_A_G_b38_A" "chr8_81331877_C_T_b38_C"
[27] "chr8_81332098_G_A_b38_G" "chr8_81332283_A_G_b38_A"
[29] "chr8_81332524_C_T_b38_C" "chr8_81332904_A_T_b38_A"
[31] "chr8_81332906_C_T_b38_C" "chr8_81333125_G_A_b38_G"
[33] "chr8_81333194_G_T_b38_G" "chr8_81333216_T_C_b38_T"
[35] "chr8_81333791_C_T_b38_C" "chr8_81334313_T_C_b38_T"
[37] "chr8_81335686_A_G_b38_A" "chr8_81336303_C_T_b38_C"
[39] "chr8_81464464_C_T_b38_C" "chr8_81468508_A_T_b38_A"
[41] "chr8_81468888_A_G_b38_A" "chr8_81469332_T_C_b38_T"
[43] "chr8_81469415_G_A_b38_G" "chr8_81470506_G_A_b38_G"
[45] "chr8_81470621_C_T_b38_C" "chr8_81471159_T_G_b38_T"
[47] "chr8_81514819_A_C_b38_A" "chr8_81515555_C_T_b38_C"
[49] "chr8_81518769_T_C_b38_T" "chr8_81527961_G_T_b38_G"
[51] "chr8_81900677_A_T_b38_A" "chr8_81900680_C_T_b38_C"
[53] "chr8_81900761_G_T_b38_G" "chr8_81900762_G_A_b38_G"
[55] "chr8_81900773_G_A_b38_G" "chr8_81900776_G_T_b38_G"
[57] "chr8_81900779_T_C_b38_T" "chr8_81900782_C_T_b38_C"
[59] "chr8_81900783_T_C_b38_T" "chr8_81900784_G_A_b38_G"
[61] "chr8_81900789_T_C_b38_T" "chr8_81900796_C_G_b38_C"
[63] "chr8_81900800_G_C_b38_G" "chr8_82127185_G_A_b38_G"
[65] "chr8_82127192_C_G_b38_C" "chr8_82129772_G_C_b38_G"
[67] "chr8_82130336_C_T_b38_C" "chr8_82136891_C_T_b38_C"
[69] "chr8_82137774_C_G_b38_C"
26 SNP(s) removed because HWE P < 1e-08 :
 [1] "chr2_233759592_A_C_b38_A" "chr2_233818687_C_G_b38_C"
 [3] "chr2_233923040_T_G_b38_T" "chr2_233923743_A_T_b38_A"
 [5] "chr2_233939587_C_T_b38_C" "chr2_233943859_G_A_b38_G"
 [7] "chr2_233944484_C_T_b38_C" "chr2_233946290_A_G_b38_A"
 [9] "chr2_233946527_G_A_b38_G" "chr2_233948607_G_T_b38_G"
[11] "chr2_233950779_C_G_b38_C" "chr2_233951462_C_T_b38_C"
[13] "chr2_233953396_A_G_b38_A" "chr2_233953667_C_A_b38_C"
[15] "chr2_233955144_G_A_b38_G" "chr2_233957216_A_T_b38_A"
[17] "chr2_233957509_A_C_b38_A" "chr2_233958869_A_G_b38_A"
[19] "chr2_233962198_A_G_b38_A" "chr2_233963868_A_G_b38_A"
[21] "chr2_233964479_G_A_b38_G" "chr2_233965995_C_T_b38_C"
[23] "chr2_234029438_T_C_b38_T" "chr2_234082209_A_G_b38_A"
[25] "chr2_234089352_T_A_b38_T" "chr2_234169550_G_A_b38_G"
32 SNP(s) removed because HWE P < 1e-08 :
 [1] "chr19_17504800_T_C_b38_T" "chr19_17504915_T_C_b38_T"
 [3] "chr19_17583443_G_T_b38_G" "chr19_17666011_C_T_b38_C"
 [5] "chr19_17666078_T_C_b38_T" "chr19_17847808_C_T_b38_C"
 [7] "chr19_17847968_T_C_b38_T" "chr19_17901200_G_T_b38_G"
 [9] "chr19_17908396_T_C_b38_T" "chr19_17924720_G_T_b38_G"
[11] "chr19_17928630_T_C_b38_T" "chr19_18036796_G_A_b38_G"
[13] "chr19_18037080_A_T_b38_A" "chr19_18037381_T_C_b38_T"
[15] "chr19_18037783_T_C_b38_T" "chr19_18039165_G_A_b38_G"
[17] "chr19_18039479_C_T_b38_C" "chr19_18039995_T_C_b38_T"
[19] "chr19_18040092_T_C_b38_T" "chr19_18040429_G_T_b38_G"
[21] "chr19_18040432_G_T_b38_G" "chr19_18042127_C_T_b38_C"
[23] "chr19_18042885_A_G_b38_A" "chr19_18043992_G_C_b38_G"
[25] "chr19_18044231_C_G_b38_C" "chr19_18044266_G_C_b38_G"
[27] "chr19_18251693_G_C_b38_G" "chr19_18260387_C_T_b38_C"
[29] "chr19_18262150_C_G_b38_C" "chr19_18265699_G_A_b38_G"
[31] "chr19_18265970_T_C_b38_T" "chr19_18267871_C_A_b38_C"
49 SNP(s) removed because HWE P < 1e-08 :
 [1] "chr19_51083323_T_G_b38_T" "chr19_51107599_A_G_b38_A"
 [3] "chr19_51107741_T_G_b38_T" "chr19_51108006_G_A_b38_G"
 [5] "chr19_51116302_T_C_b38_T" "chr19_51120922_T_G_b38_T"
 [7] "chr19_51121015_T_G_b38_T" "chr19_51121279_T_C_b38_T"
 [9] "chr19_51121832_A_C_b38_A" "chr19_51121942_T_C_b38_T"
[11] "chr19_51122379_A_G_b38_A" "chr19_51122568_A_G_b38_A"
[13] "chr19_51122642_G_C_b38_G" "chr19_51123685_A_G_b38_A"
[15] "chr19_51136723_A_G_b38_A" "chr19_51172375_T_C_b38_T"
[17] "chr19_51173311_A_G_b38_A" "chr19_51173876_T_C_b38_T"
[19] "chr19_51184134_C_T_b38_C" "chr19_51201503_A_G_b38_A"
[21] "chr19_51208344_T_C_b38_T" "chr19_51208365_C_T_b38_C"
[23] "chr19_51212754_T_C_b38_T" "chr19_51235665_T_C_b38_T"
[25] "chr19_51251278_A_C_b38_A" "chr19_51280161_A_G_b38_A"
[27] "chr19_51280387_C_T_b38_C" "chr19_51281207_G_A_b38_G"
[29] "chr19_51282770_C_G_b38_C" "chr19_51283428_T_C_b38_T"
[31] "chr19_51284112_C_T_b38_C" "chr19_51284184_A_C_b38_A"
[33] "chr19_51285176_C_A_b38_C" "chr19_51285861_G_A_b38_G"
[35] "chr19_51287738_T_C_b38_T" "chr19_51290510_A_C_b38_A"
[37] "chr19_51291857_T_G_b38_T" "chr19_51293045_T_C_b38_T"
[39] "chr19_51298175_C_T_b38_C" "chr19_51358092_C_G_b38_C"
[41] "chr19_51447917_C_T_b38_C" "chr19_51447928_A_G_b38_A"
[43] "chr19_51448049_T_G_b38_T" "chr19_51457686_A_G_b38_A"
[45] "chr19_51780129_T_C_b38_T" "chr19_51780359_A_G_b38_A"
[47] "chr19_51848424_G_A_b38_G" "chr19_51875933_G_A_b38_G"
[49] "chr19_51876393_G_A_b38_G"
37 SNP(s) removed because HWE P < 1e-08 :
 [1] "chr16_24109784_G_A_b38_G" "chr16_24227690_G_C_b38_G"
 [3] "chr16_24233628_G_C_b38_G" "chr16_24496566_C_T_b38_C"
 [5] "chr16_24496764_C_A_b38_C" "chr16_24499309_C_T_b38_C"
 [7] "chr16_24870481_A_C_b38_A" "chr16_24873006_G_A_b38_G"
 [9] "chr16_24884357_A_G_b38_A" "chr16_24917601_A_G_b38_A"
[11] "chr16_24917765_G_A_b38_G" "chr16_24917986_T_C_b38_T"
[13] "chr16_24919227_T_C_b38_T" "chr16_24920477_C_T_b38_C"
[15] "chr16_24920573_A_G_b38_A" "chr16_24921599_T_C_b38_T"
[17] "chr16_24923143_G_T_b38_G" "chr16_24924245_T_C_b38_T"
[19] "chr16_24924716_A_T_b38_A" "chr16_24925306_A_G_b38_A"
[21] "chr16_24927264_T_C_b38_T" "chr16_24932825_T_C_b38_T"
[23] "chr16_24940578_A_G_b38_A" "chr16_24943087_G_A_b38_G"
[25] "chr16_24943465_A_G_b38_A" "chr16_24945135_A_G_b38_A"
[27] "chr16_24945229_T_G_b38_T" "chr16_24945237_A_C_b38_A"
[29] "chr16_24947347_A_C_b38_A" "chr16_24947664_G_A_b38_G"
[31] "chr16_24948730_C_G_b38_C" "chr16_24950568_T_C_b38_T"
[33] "chr16_24952718_T_C_b38_T" "chr16_24953197_T_C_b38_T"
[35] "chr16_24953395_G_T_b38_G" "chr16_24953714_C_T_b38_C"
[37] "chr16_24955202_T_C_b38_T"
86 SNP(s) removed because HWE P < 1e-08 :
 [1] "chr11_12602581_C_A_b38_C" "chr11_12624958_C_A_b38_C"
 [3] "chr11_12709357_A_C_b38_A" "chr11_12711743_G_T_b38_G"
 [5] "chr11_12712147_G_A_b38_G" "chr11_12714195_C_T_b38_C"
 [7] "chr11_12714879_C_G_b38_C" "chr11_12715017_G_A_b38_G"
 [9] "chr11_12715147_C_T_b38_C" "chr11_12715325_A_G_b38_A"
[11] "chr11_12715946_C_T_b38_C" "chr11_12715993_T_C_b38_T"
[13] "chr11_12717103_G_A_b38_G" "chr11_12717141_C_A_b38_C"
[15] "chr11_12722267_A_G_b38_A" "chr11_12722492_G_A_b38_G"
[17] "chr11_12722623_A_G_b38_A" "chr11_12725406_G_A_b38_G"
[19] "chr11_12726375_G_A_b38_G" "chr11_12730213_C_A_b38_C"
[21] "chr11_12731602_A_G_b38_A" "chr11_12750963_G_C_b38_G"
[23] "chr11_12757747_T_C_b38_T" "chr11_12757888_G_T_b38_G"
[25] "chr11_12758617_C_T_b38_C" "chr11_12758709_T_C_b38_T"
[27] "chr11_12759469_G_A_b38_G" "chr11_12775522_G_C_b38_G"
[29] "chr11_12781165_A_G_b38_A" "chr11_12797262_G_A_b38_G"
[31] "chr11_12801705_T_G_b38_T" "chr11_12806545_C_T_b38_C"
[33] "chr11_12810221_C_T_b38_C" "chr11_12820345_A_C_b38_A"
[35] "chr11_12959220_G_C_b38_G" "chr11_13145421_T_C_b38_T"
[37] "chr11_13159063_A_T_b38_A" "chr11_13160043_T_C_b38_T"
[39] "chr11_13161191_T_G_b38_T" "chr11_13162034_C_T_b38_C"
[41] "chr11_13163679_G_A_b38_G" "chr11_13167486_A_G_b38_A"
[43] "chr11_13167824_C_G_b38_C" "chr11_13168039_T_G_b38_T"
[45] "chr11_13168424_A_T_b38_A" "chr11_13168751_C_A_b38_C"
[47] "chr11_13168868_C_G_b38_C" "chr11_13170516_C_T_b38_C"
[49] "chr11_13171300_T_A_b38_T" "chr11_13171711_G_C_b38_G"
[51] "chr11_13172324_A_C_b38_A" "chr11_13172527_T_C_b38_T"
[53] "chr11_13172742_G_A_b38_G" "chr11_13173008_G_A_b38_G"
[55] "chr11_13173311_A_C_b38_A" "chr11_13173332_G_A_b38_G"
[57] "chr11_13173916_G_A_b38_G" "chr11_13174617_C_T_b38_C"
[59] "chr11_13174658_A_G_b38_A" "chr11_13175460_G_T_b38_G"
[61] "chr11_13175491_T_C_b38_T" "chr11_13176427_A_G_b38_A"
[63] "chr11_13176535_G_A_b38_G" "chr11_13176583_C_T_b38_C"
[65] "chr11_13177356_T_C_b38_T" "chr11_13178288_C_T_b38_C"
[67] "chr11_13178878_C_T_b38_C" "chr11_13179392_C_G_b38_C"
[69] "chr11_13179991_G_A_b38_G" "chr11_13180396_T_C_b38_T"
[71] "chr11_13181122_C_T_b38_C" "chr11_13181132_T_A_b38_T"
[73] "chr11_13181163_T_G_b38_T" "chr11_13181254_G_A_b38_G"
[75] "chr11_13181293_C_T_b38_C" "chr11_13181360_G_A_b38_G"
[77] "chr11_13181664_A_G_b38_A" "chr11_13182114_G_A_b38_G"
[79] "chr11_13182203_G_A_b38_G" "chr11_13182610_C_T_b38_C"
[81] "chr11_13182823_T_C_b38_T" "chr11_13183287_G_A_b38_G"
[83] "chr11_13184213_G_A_b38_G" "chr11_13301971_T_C_b38_T"
[85] "chr11_13316281_G_A_b38_G" "chr11_13395112_C_G_b38_C"
6 SNP(s) removed because HWE P < 1e-08 :
[1] "chr13_29549344_C_T_b38_C" "chr13_29949626_G_C_b38_G"
[3] "chr13_30062346_T_C_b38_T" "chr13_30062379_G_C_b38_G"
[5] "chr13_30121793_C_T_b38_C" "chr13_30160356_C_T_b38_C"
22 SNP(s) removed because HWE P < 1e-08 :
 [1] "chr1_162353041_G_C_b38_G" "chr1_162353047_A_C_b38_A"
 [3] "chr1_162477576_G_A_b38_G" "chr1_162481393_G_A_b38_G"
 [5] "chr1_162483630_C_T_b38_C" "chr1_162701799_T_C_b38_T"
 [7] "chr1_162704548_G_A_b38_G" "chr1_162705250_T_C_b38_T"
 [9] "chr1_162706401_C_T_b38_C" "chr1_162710700_T_C_b38_T"
[11] "chr1_162714569_T_C_b38_T" "chr1_162722878_C_G_b38_C"
[13] "chr1_162733892_A_G_b38_A" "chr1_162742199_A_T_b38_A"
[15] "chr1_162742900_G_A_b38_G" "chr1_162743999_G_A_b38_G"
[17] "chr1_162744207_T_C_b38_T" "chr1_162752426_G_A_b38_G"
[19] "chr1_162763446_G_A_b38_G" "chr1_162798738_C_G_b38_C"
[21] "chr1_162803606_G_A_b38_G" "chr1_162909861_T_C_b38_T"
22 SNP(s) removed because HWE P < 1e-08 :
 [1] "chr4_8044692_G_T_b38_G" "chr4_8044693_A_C_b38_A" "chr4_8059763_G_A_b38_G"
 [4] "chr4_8100031_G_T_b38_G" "chr4_8100581_C_T_b38_C" "chr4_8306668_C_G_b38_C"
 [7] "chr4_8557849_T_C_b38_T" "chr4_8557938_A_C_b38_A" "chr4_8557958_G_A_b38_G"
[10] "chr4_8557961_C_T_b38_C" "chr4_8585626_A_G_b38_A" "chr4_8603756_G_C_b38_G"
[13] "chr4_8632004_T_A_b38_T" "chr4_8632045_A_G_b38_A" "chr4_8635779_A_G_b38_A"
[16] "chr4_8655103_T_G_b38_T" "chr4_8655200_C_G_b38_C" "chr4_8656155_G_C_b38_G"
[19] "chr4_8659539_G_A_b38_G" "chr4_8661217_T_G_b38_T" "chr4_8674262_C_G_b38_C"
[22] "chr4_8677036_C_A_b38_C"
22 SNP(s) removed because HWE P < 1e-08 :
 [1] "chr1_162353041_G_C_b38_G" "chr1_162353047_A_C_b38_A"
 [3] "chr1_162477576_G_A_b38_G" "chr1_162481393_G_A_b38_G"
 [5] "chr1_162483630_C_T_b38_C" "chr1_162701799_T_C_b38_T"
 [7] "chr1_162704548_G_A_b38_G" "chr1_162705250_T_C_b38_T"
 [9] "chr1_162706401_C_T_b38_C" "chr1_162710700_T_C_b38_T"
[11] "chr1_162714569_T_C_b38_T" "chr1_162722878_C_G_b38_C"
[13] "chr1_162733892_A_G_b38_A" "chr1_162742199_A_T_b38_A"
[15] "chr1_162742900_G_A_b38_G" "chr1_162743999_G_A_b38_G"
[17] "chr1_162744207_T_C_b38_T" "chr1_162752426_G_A_b38_G"
[19] "chr1_162763446_G_A_b38_G" "chr1_162798738_C_G_b38_C"
[21] "chr1_162803606_G_A_b38_G" "chr1_162909861_T_C_b38_T"
22 SNP(s) removed because HWE P < 1e-08 :
 [1] "chr4_8044692_G_T_b38_G" "chr4_8044693_A_C_b38_A" "chr4_8059763_G_A_b38_G"
 [4] "chr4_8100031_G_T_b38_G" "chr4_8100581_C_T_b38_C" "chr4_8306668_C_G_b38_C"
 [7] "chr4_8557849_T_C_b38_T" "chr4_8557938_A_C_b38_A" "chr4_8557958_G_A_b38_G"
[10] "chr4_8557961_C_T_b38_C" "chr4_8585626_A_G_b38_A" "chr4_8603756_G_C_b38_G"
[13] "chr4_8632004_T_A_b38_T" "chr4_8632045_A_G_b38_A" "chr4_8635779_A_G_b38_A"
[16] "chr4_8655103_T_G_b38_T" "chr4_8655200_C_G_b38_C" "chr4_8656155_G_C_b38_G"
[19] "chr4_8659539_G_A_b38_G" "chr4_8661217_T_G_b38_T" "chr4_8674262_C_G_b38_C"
[22] "chr4_8677036_C_A_b38_C"
37 SNP(s) removed because HWE P < 1e-08 :
 [1] "chr16_24109784_G_A_b38_G" "chr16_24227690_G_C_b38_G"
 [3] "chr16_24233628_G_C_b38_G" "chr16_24496566_C_T_b38_C"
 [5] "chr16_24496764_C_A_b38_C" "chr16_24499309_C_T_b38_C"
 [7] "chr16_24870481_A_C_b38_A" "chr16_24873006_G_A_b38_G"
 [9] "chr16_24884357_A_G_b38_A" "chr16_24917601_A_G_b38_A"
[11] "chr16_24917765_G_A_b38_G" "chr16_24917986_T_C_b38_T"
[13] "chr16_24919227_T_C_b38_T" "chr16_24920477_C_T_b38_C"
[15] "chr16_24920573_A_G_b38_A" "chr16_24921599_T_C_b38_T"
[17] "chr16_24923143_G_T_b38_G" "chr16_24924245_T_C_b38_T"
[19] "chr16_24924716_A_T_b38_A" "chr16_24925306_A_G_b38_A"
[21] "chr16_24927264_T_C_b38_T" "chr16_24932825_T_C_b38_T"
[23] "chr16_24940578_A_G_b38_A" "chr16_24943087_G_A_b38_G"
[25] "chr16_24943465_A_G_b38_A" "chr16_24945135_A_G_b38_A"
[27] "chr16_24945229_T_G_b38_T" "chr16_24945237_A_C_b38_A"
[29] "chr16_24947347_A_C_b38_A" "chr16_24947664_G_A_b38_G"
[31] "chr16_24948730_C_G_b38_C" "chr16_24950568_T_C_b38_T"
[33] "chr16_24952718_T_C_b38_T" "chr16_24953197_T_C_b38_T"
[35] "chr16_24953395_G_T_b38_G" "chr16_24953714_C_T_b38_C"
[37] "chr16_24955202_T_C_b38_T"
37 SNP(s) removed because HWE P < 1e-08 :
 [1] "chr16_24109784_G_A_b38_G" "chr16_24227690_G_C_b38_G"
 [3] "chr16_24233628_G_C_b38_G" "chr16_24496566_C_T_b38_C"
 [5] "chr16_24496764_C_A_b38_C" "chr16_24499309_C_T_b38_C"
 [7] "chr16_24870481_A_C_b38_A" "chr16_24873006_G_A_b38_G"
 [9] "chr16_24884357_A_G_b38_A" "chr16_24917601_A_G_b38_A"
[11] "chr16_24917765_G_A_b38_G" "chr16_24917986_T_C_b38_T"
[13] "chr16_24919227_T_C_b38_T" "chr16_24920477_C_T_b38_C"
[15] "chr16_24920573_A_G_b38_A" "chr16_24921599_T_C_b38_T"
[17] "chr16_24923143_G_T_b38_G" "chr16_24924245_T_C_b38_T"
[19] "chr16_24924716_A_T_b38_A" "chr16_24925306_A_G_b38_A"
[21] "chr16_24927264_T_C_b38_T" "chr16_24932825_T_C_b38_T"
[23] "chr16_24940578_A_G_b38_A" "chr16_24943087_G_A_b38_G"
[25] "chr16_24943465_A_G_b38_A" "chr16_24945135_A_G_b38_A"
[27] "chr16_24945229_T_G_b38_T" "chr16_24945237_A_C_b38_A"
[29] "chr16_24947347_A_C_b38_A" "chr16_24947664_G_A_b38_G"
[31] "chr16_24948730_C_G_b38_C" "chr16_24950568_T_C_b38_T"
[33] "chr16_24952718_T_C_b38_T" "chr16_24953197_T_C_b38_T"
[35] "chr16_24953395_G_T_b38_G" "chr16_24953714_C_T_b38_C"
[37] "chr16_24955202_T_C_b38_T"
74 SNP(s) removed because HWE P < 1e-08 :
 [1] "chr21_31920396_G_A_b38_G" "chr21_31935565_G_C_b38_G"
 [3] "chr21_31935580_T_G_b38_T" "chr21_32134286_A_T_b38_A"
 [5] "chr21_32238948_G_A_b38_G" "chr21_32250914_C_T_b38_C"
 [7] "chr21_32311415_A_C_b38_A" "chr21_32410343_C_T_b38_C"
 [9] "chr21_32432979_G_A_b38_G" "chr21_32432987_A_C_b38_A"
[11] "chr21_32432995_G_A_b38_G" "chr21_32433065_T_A_b38_T"
[13] "chr21_32433084_C_T_b38_C" "chr21_32433553_G_A_b38_G"
[15] "chr21_32433554_C_G_b38_C" "chr21_32433562_T_C_b38_T"
[17] "chr21_32433629_A_G_b38_A" "chr21_32433656_G_A_b38_G"
[19] "chr21_32433663_A_T_b38_A" "chr21_32434706_A_G_b38_A"
[21] "chr21_32434713_T_C_b38_T" "chr21_32434721_A_C_b38_A"
[23] "chr21_32434746_A_C_b38_A" "chr21_32434842_G_A_b38_G"
[25] "chr21_32434867_C_T_b38_C" "chr21_32434878_G_A_b38_G"
[27] "chr21_32434919_T_G_b38_T" "chr21_32434927_C_T_b38_C"
[29] "chr21_32434967_T_G_b38_T" "chr21_32434971_T_C_b38_T"
[31] "chr21_32434992_T_C_b38_T" "chr21_32435003_T_G_b38_T"
[33] "chr21_32435004_T_C_b38_T" "chr21_32435117_A_G_b38_A"
[35] "chr21_32435125_T_C_b38_T" "chr21_32435126_G_C_b38_G"
[37] "chr21_32435133_C_A_b38_C" "chr21_32435360_C_T_b38_C"
[39] "chr21_32435400_A_G_b38_A" "chr21_32435408_T_C_b38_T"
[41] "chr21_32435414_A_G_b38_A" "chr21_32435436_C_T_b38_C"
[43] "chr21_32435462_C_T_b38_C" "chr21_32435661_G_C_b38_G"
[45] "chr21_32435666_T_G_b38_T" "chr21_32435667_A_G_b38_A"
[47] "chr21_32435716_C_T_b38_C" "chr21_32435721_G_A_b38_G"
[49] "chr21_32435728_T_C_b38_T" "chr21_32435763_C_T_b38_C"
[51] "chr21_32435766_A_C_b38_A" "chr21_32435898_C_T_b38_C"
[53] "chr21_32435949_T_A_b38_T" "chr21_32435990_T_A_b38_T"
[55] "chr21_32436019_G_A_b38_G" "chr21_32436447_T_A_b38_T"
[57] "chr21_32436465_A_C_b38_A" "chr21_32436477_T_A_b38_T"
[59] "chr21_32436484_T_C_b38_T" "chr21_32436539_G_A_b38_G"
[61] "chr21_32436627_G_A_b38_G" "chr21_32436628_G_A_b38_G"
[63] "chr21_32436637_A_G_b38_A" "chr21_32436702_C_T_b38_C"
[65] "chr21_32436736_G_A_b38_G" "chr21_32436746_A_G_b38_A"
[67] "chr21_32437187_G_C_b38_G" "chr21_32437224_A_G_b38_A"
[69] "chr21_32437249_C_A_b38_C" "chr21_32437250_G_A_b38_G"
[71] "chr21_32437258_C_G_b38_C" "chr21_32621877_A_T_b38_A"
[73] "chr21_32660622_A_G_b38_A" "chr21_32660624_C_T_b38_C"
69 SNP(s) removed because HWE P < 1e-08 :
 [1] "chr8_81253423_T_C_b38_T" "chr8_81281143_C_T_b38_C"
 [3] "chr8_81289273_A_T_b38_A" "chr8_81297255_A_G_b38_A"
 [5] "chr8_81299436_C_T_b38_C" "chr8_81300344_T_C_b38_T"
 [7] "chr8_81325559_T_C_b38_T" "chr8_81327049_C_G_b38_C"
 [9] "chr8_81327156_T_G_b38_T" "chr8_81327252_A_G_b38_A"
[11] "chr8_81327333_T_C_b38_T" "chr8_81327394_A_G_b38_A"
[13] "chr8_81328362_A_G_b38_A" "chr8_81328531_C_A_b38_C"
[15] "chr8_81329064_T_A_b38_T" "chr8_81329094_T_G_b38_T"
[17] "chr8_81329957_C_T_b38_C" "chr8_81330786_A_G_b38_A"
[19] "chr8_81330873_T_C_b38_T" "chr8_81331043_A_C_b38_A"
[21] "chr8_81331131_T_C_b38_T" "chr8_81331608_C_T_b38_C"
[23] "chr8_81331614_C_T_b38_C" "chr8_81331709_T_G_b38_T"
[25] "chr8_81331864_A_G_b38_A" "chr8_81331877_C_T_b38_C"
[27] "chr8_81332098_G_A_b38_G" "chr8_81332283_A_G_b38_A"
[29] "chr8_81332524_C_T_b38_C" "chr8_81332904_A_T_b38_A"
[31] "chr8_81332906_C_T_b38_C" "chr8_81333125_G_A_b38_G"
[33] "chr8_81333194_G_T_b38_G" "chr8_81333216_T_C_b38_T"
[35] "chr8_81333791_C_T_b38_C" "chr8_81334313_T_C_b38_T"
[37] "chr8_81335686_A_G_b38_A" "chr8_81336303_C_T_b38_C"
[39] "chr8_81464464_C_T_b38_C" "chr8_81468508_A_T_b38_A"
[41] "chr8_81468888_A_G_b38_A" "chr8_81469332_T_C_b38_T"
[43] "chr8_81469415_G_A_b38_G" "chr8_81470506_G_A_b38_G"
[45] "chr8_81470621_C_T_b38_C" "chr8_81471159_T_G_b38_T"
[47] "chr8_81514819_A_C_b38_A" "chr8_81515555_C_T_b38_C"
[49] "chr8_81518769_T_C_b38_T" "chr8_81527961_G_T_b38_G"
[51] "chr8_81900677_A_T_b38_A" "chr8_81900680_C_T_b38_C"
[53] "chr8_81900761_G_T_b38_G" "chr8_81900762_G_A_b38_G"
[55] "chr8_81900773_G_A_b38_G" "chr8_81900776_G_T_b38_G"
[57] "chr8_81900779_T_C_b38_T" "chr8_81900782_C_T_b38_C"
[59] "chr8_81900783_T_C_b38_T" "chr8_81900784_G_A_b38_G"
[61] "chr8_81900789_T_C_b38_T" "chr8_81900796_C_G_b38_C"
[63] "chr8_81900800_G_C_b38_G" "chr8_82127185_G_A_b38_G"
[65] "chr8_82127192_C_G_b38_C" "chr8_82129772_G_C_b38_G"
[67] "chr8_82130336_C_T_b38_C" "chr8_82136891_C_T_b38_C"
[69] "chr8_82137774_C_G_b38_C"
51 SNP(s) removed because HWE P < 1e-08 :
 [1] "chr19_50749708_G_C_b38_G" "chr19_50842031_A_G_b38_A"
 [3] "chr19_50896788_T_C_b38_T" "chr19_50897100_A_G_b38_A"
 [5] "chr19_50897145_C_T_b38_C" "chr19_50948431_C_T_b38_C"
 [7] "chr19_50957933_A_G_b38_A" "chr19_51083323_T_G_b38_T"
 [9] "chr19_51107599_A_G_b38_A" "chr19_51107741_T_G_b38_T"
[11] "chr19_51108006_G_A_b38_G" "chr19_51116302_T_C_b38_T"
[13] "chr19_51120922_T_G_b38_T" "chr19_51121015_T_G_b38_T"
[15] "chr19_51121279_T_C_b38_T" "chr19_51121832_A_C_b38_A"
[17] "chr19_51121942_T_C_b38_T" "chr19_51122379_A_G_b38_A"
[19] "chr19_51122568_A_G_b38_A" "chr19_51122642_G_C_b38_G"
[21] "chr19_51123685_A_G_b38_A" "chr19_51136723_A_G_b38_A"
[23] "chr19_51172375_T_C_b38_T" "chr19_51173311_A_G_b38_A"
[25] "chr19_51173876_T_C_b38_T" "chr19_51184134_C_T_b38_C"
[27] "chr19_51201503_A_G_b38_A" "chr19_51208344_T_C_b38_T"
[29] "chr19_51208365_C_T_b38_C" "chr19_51212754_T_C_b38_T"
[31] "chr19_51235665_T_C_b38_T" "chr19_51251278_A_C_b38_A"
[33] "chr19_51280161_A_G_b38_A" "chr19_51280387_C_T_b38_C"
[35] "chr19_51281207_G_A_b38_G" "chr19_51282770_C_G_b38_C"
[37] "chr19_51283428_T_C_b38_T" "chr19_51284112_C_T_b38_C"
[39] "chr19_51284184_A_C_b38_A" "chr19_51285176_C_A_b38_C"
[41] "chr19_51285861_G_A_b38_G" "chr19_51287738_T_C_b38_T"
[43] "chr19_51290510_A_C_b38_A" "chr19_51291857_T_G_b38_T"
[45] "chr19_51293045_T_C_b38_T" "chr19_51298175_C_T_b38_C"
[47] "chr19_51358092_C_G_b38_C" "chr19_51447917_C_T_b38_C"
[49] "chr19_51447928_A_G_b38_A" "chr19_51448049_T_G_b38_T"
[51] "chr19_51457686_A_G_b38_A"
22 SNP(s) removed because HWE P < 1e-08 :
 [1] "chr1_162353041_G_C_b38_G" "chr1_162353047_A_C_b38_A"
 [3] "chr1_162477576_G_A_b38_G" "chr1_162481393_G_A_b38_G"
 [5] "chr1_162483630_C_T_b38_C" "chr1_162701799_T_C_b38_T"
 [7] "chr1_162704548_G_A_b38_G" "chr1_162705250_T_C_b38_T"
 [9] "chr1_162706401_C_T_b38_C" "chr1_162710700_T_C_b38_T"
[11] "chr1_162714569_T_C_b38_T" "chr1_162722878_C_G_b38_C"
[13] "chr1_162733892_A_G_b38_A" "chr1_162742199_A_T_b38_A"
[15] "chr1_162742900_G_A_b38_G" "chr1_162743999_G_A_b38_G"
[17] "chr1_162744207_T_C_b38_T" "chr1_162752426_G_A_b38_G"
[19] "chr1_162763446_G_A_b38_G" "chr1_162798738_C_G_b38_C"
[21] "chr1_162803606_G_A_b38_G" "chr1_162909861_T_C_b38_T"
37 SNP(s) removed because HWE P < 1e-08 :
 [1] "chr16_24109784_G_A_b38_G" "chr16_24227690_G_C_b38_G"
 [3] "chr16_24233628_G_C_b38_G" "chr16_24496566_C_T_b38_C"
 [5] "chr16_24496764_C_A_b38_C" "chr16_24499309_C_T_b38_C"
 [7] "chr16_24870481_A_C_b38_A" "chr16_24873006_G_A_b38_G"
 [9] "chr16_24884357_A_G_b38_A" "chr16_24917601_A_G_b38_A"
[11] "chr16_24917765_G_A_b38_G" "chr16_24917986_T_C_b38_T"
[13] "chr16_24919227_T_C_b38_T" "chr16_24920477_C_T_b38_C"
[15] "chr16_24920573_A_G_b38_A" "chr16_24921599_T_C_b38_T"
[17] "chr16_24923143_G_T_b38_G" "chr16_24924245_T_C_b38_T"
[19] "chr16_24924716_A_T_b38_A" "chr16_24925306_A_G_b38_A"
[21] "chr16_24927264_T_C_b38_T" "chr16_24932825_T_C_b38_T"
[23] "chr16_24940578_A_G_b38_A" "chr16_24943087_G_A_b38_G"
[25] "chr16_24943465_A_G_b38_A" "chr16_24945135_A_G_b38_A"
[27] "chr16_24945229_T_G_b38_T" "chr16_24945237_A_C_b38_A"
[29] "chr16_24947347_A_C_b38_A" "chr16_24947664_G_A_b38_G"
[31] "chr16_24948730_C_G_b38_C" "chr16_24950568_T_C_b38_T"
[33] "chr16_24952718_T_C_b38_T" "chr16_24953197_T_C_b38_T"
[35] "chr16_24953395_G_T_b38_G" "chr16_24953714_C_T_b38_C"
[37] "chr16_24955202_T_C_b38_T"
6 SNP(s) removed because HWE P < 1e-08 :
[1] "chr17_28439190_A_C_b38_A" "chr17_28439714_T_C_b38_T"
[3] "chr17_28441937_G_A_b38_G" "chr17_28452019_C_T_b38_C"
[5] "chr17_28452207_C_G_b38_C" "chr17_28459762_C_A_b38_C"
39 SNP(s) removed because HWE P < 1e-08 :
 [1] "chr22_49765666_G_C_b38_G" "chr22_49770965_G_C_b38_G"
 [3] "chr22_49837507_C_G_b38_C" "chr22_49846939_C_A_b38_C"
 [5] "chr22_49848251_T_C_b38_T" "chr22_49872508_G_A_b38_G"
 [7] "chr22_49880142_T_C_b38_T" "chr22_49880243_G_T_b38_G"
 [9] "chr22_49883047_G_C_b38_G" "chr22_49894697_A_G_b38_A"
[11] "chr22_49906790_T_C_b38_T" "chr22_49921580_T_C_b38_T"
[13] "chr22_49921715_C_A_b38_C" "chr22_49973759_T_C_b38_T"
[15] "chr22_50013858_A_C_b38_A" "chr22_50357867_G_A_b38_G"
[17] "chr22_50371703_G_C_b38_G" "chr22_50418711_G_A_b38_G"
[19] "chr22_50424402_A_C_b38_A" "chr22_50424421_C_A_b38_C"
[21] "chr22_50424423_C_T_b38_C" "chr22_50495487_G_A_b38_G"
[23] "chr22_50495498_T_C_b38_T" "chr22_50495499_G_A_b38_G"
[25] "chr22_50508159_C_G_b38_C" "chr22_50509182_A_G_b38_A"
[27] "chr22_50509488_T_C_b38_T" "chr22_50509962_A_G_b38_A"
[29] "chr22_50510817_C_T_b38_C" "chr22_50510967_T_C_b38_T"
[31] "chr22_50511806_T_C_b38_T" "chr22_50512014_T_C_b38_T"
[33] "chr22_50512298_G_A_b38_G" "chr22_50512549_T_G_b38_T"
[35] "chr22_50513313_G_C_b38_G" "chr22_50513793_G_A_b38_G"
[37] "chr22_50542614_C_T_b38_C" "chr22_50542624_A_T_b38_A"
[39] "chr22_50712000_C_T_b38_C"
6 SNP(s) removed because HWE P < 1e-08 :
[1] "chr17_28439190_A_C_b38_A" "chr17_28439714_T_C_b38_T"
[3] "chr17_28441937_G_A_b38_G" "chr17_28452019_C_T_b38_C"
[5] "chr17_28452207_C_G_b38_C" "chr17_28459762_C_A_b38_C"
32 SNP(s) removed because HWE P < 1e-08 :
 [1] "chr19_17504800_T_C_b38_T" "chr19_17504915_T_C_b38_T"
 [3] "chr19_17583443_G_T_b38_G" "chr19_17666011_C_T_b38_C"
 [5] "chr19_17666078_T_C_b38_T" "chr19_17847808_C_T_b38_C"
 [7] "chr19_17847968_T_C_b38_T" "chr19_17901200_G_T_b38_G"
 [9] "chr19_17908396_T_C_b38_T" "chr19_17924720_G_T_b38_G"
[11] "chr19_17928630_T_C_b38_T" "chr19_18036796_G_A_b38_G"
[13] "chr19_18037080_A_T_b38_A" "chr19_18037381_T_C_b38_T"
[15] "chr19_18037783_T_C_b38_T" "chr19_18039165_G_A_b38_G"
[17] "chr19_18039479_C_T_b38_C" "chr19_18039995_T_C_b38_T"
[19] "chr19_18040092_T_C_b38_T" "chr19_18040429_G_T_b38_G"
[21] "chr19_18040432_G_T_b38_G" "chr19_18042127_C_T_b38_C"
[23] "chr19_18042885_A_G_b38_A" "chr19_18043992_G_C_b38_G"
[25] "chr19_18044231_C_G_b38_C" "chr19_18044266_G_C_b38_G"
[27] "chr19_18251693_G_C_b38_G" "chr19_18260387_C_T_b38_C"
[29] "chr19_18262150_C_G_b38_C" "chr19_18265699_G_A_b38_G"
[31] "chr19_18265970_T_C_b38_T" "chr19_18267871_C_A_b38_C"
56 SNP(s) removed because HWE P < 1e-08 :
 [1] "chr2_234571796_G_C_b38_G" "chr2_234679043_G_T_b38_G"
 [3] "chr2_234679188_T_C_b38_T" "chr2_234758936_C_T_b38_C"
 [5] "chr2_234758982_T_C_b38_T" "chr2_234760203_A_G_b38_A"
 [7] "chr2_234760375_C_T_b38_C" "chr2_234888396_A_G_b38_A"
 [9] "chr2_234888758_T_C_b38_T" "chr2_234894832_A_C_b38_A"
[11] "chr2_234894910_G_A_b38_G" "chr2_234894973_T_C_b38_T"
[13] "chr2_234895017_A_G_b38_A" "chr2_234895077_T_C_b38_T"
[15] "chr2_234895138_G_A_b38_G" "chr2_234895180_T_G_b38_T"
[17] "chr2_234895243_G_C_b38_G" "chr2_234895404_A_G_b38_A"
[19] "chr2_234895495_A_G_b38_A" "chr2_234895594_G_T_b38_G"
[21] "chr2_234895605_G_A_b38_G" "chr2_234895717_A_C_b38_A"
[23] "chr2_234895726_G_A_b38_G" "chr2_234895744_C_T_b38_C"
[25] "chr2_234895756_C_A_b38_C" "chr2_234895848_T_A_b38_T"
[27] "chr2_234895974_C_T_b38_C" "chr2_234895996_G_A_b38_G"
[29] "chr2_234896107_C_G_b38_C" "chr2_234896219_G_C_b38_G"
[31] "chr2_234896302_G_C_b38_G" "chr2_234896331_A_G_b38_A"
[33] "chr2_235001953_C_T_b38_C" "chr2_235013109_C_A_b38_C"
[35] "chr2_235013502_C_T_b38_C" "chr2_235014147_A_G_b38_A"
[37] "chr2_235014329_G_T_b38_G" "chr2_235016380_G_A_b38_G"
[39] "chr2_235017019_T_C_b38_T" "chr2_235018342_C_T_b38_C"
[41] "chr2_235031472_C_T_b38_C" "chr2_235062147_T_G_b38_T"
[43] "chr2_235255566_C_A_b38_C" "chr2_235294463_A_G_b38_A"
[45] "chr2_235316147_T_C_b38_T" "chr2_235374434_A_G_b38_A"
[47] "chr2_235375213_T_C_b38_T" "chr2_235375341_T_C_b38_T"
[49] "chr2_235376857_G_A_b38_G" "chr2_235378897_A_T_b38_A"
[51] "chr2_235380311_G_A_b38_G" "chr2_235383464_G_A_b38_G"
[53] "chr2_235385818_T_C_b38_T" "chr2_235399509_A_G_b38_A"
[55] "chr2_235401021_T_A_b38_T" "chr2_235450334_T_C_b38_T"
22 SNP(s) removed because HWE P < 1e-08 :
 [1] "chr1_162353041_G_C_b38_G" "chr1_162353047_A_C_b38_A"
 [3] "chr1_162477576_G_A_b38_G" "chr1_162481393_G_A_b38_G"
 [5] "chr1_162483630_C_T_b38_C" "chr1_162701799_T_C_b38_T"
 [7] "chr1_162704548_G_A_b38_G" "chr1_162705250_T_C_b38_T"
 [9] "chr1_162706401_C_T_b38_C" "chr1_162710700_T_C_b38_T"
[11] "chr1_162714569_T_C_b38_T" "chr1_162722878_C_G_b38_C"
[13] "chr1_162733892_A_G_b38_A" "chr1_162742199_A_T_b38_A"
[15] "chr1_162742900_G_A_b38_G" "chr1_162743999_G_A_b38_G"
[17] "chr1_162744207_T_C_b38_T" "chr1_162752426_G_A_b38_G"
[19] "chr1_162763446_G_A_b38_G" "chr1_162798738_C_G_b38_C"
[21] "chr1_162803606_G_A_b38_G" "chr1_162909861_T_C_b38_T"
22 SNP(s) removed because HWE P < 1e-08 :
 [1] "chr4_8044692_G_T_b38_G" "chr4_8044693_A_C_b38_A" "chr4_8059763_G_A_b38_G"
 [4] "chr4_8100031_G_T_b38_G" "chr4_8100581_C_T_b38_C" "chr4_8306668_C_G_b38_C"
 [7] "chr4_8557849_T_C_b38_T" "chr4_8557938_A_C_b38_A" "chr4_8557958_G_A_b38_G"
[10] "chr4_8557961_C_T_b38_C" "chr4_8585626_A_G_b38_A" "chr4_8603756_G_C_b38_G"
[13] "chr4_8632004_T_A_b38_T" "chr4_8632045_A_G_b38_A" "chr4_8635779_A_G_b38_A"
[16] "chr4_8655103_T_G_b38_T" "chr4_8655200_C_G_b38_C" "chr4_8656155_G_C_b38_G"
[19] "chr4_8659539_G_A_b38_G" "chr4_8661217_T_G_b38_T" "chr4_8674262_C_G_b38_C"
[22] "chr4_8677036_C_A_b38_C"
51 SNP(s) removed because HWE P < 1e-08 :
 [1] "chr19_50749708_G_C_b38_G" "chr19_50842031_A_G_b38_A"
 [3] "chr19_50896788_T_C_b38_T" "chr19_50897100_A_G_b38_A"
 [5] "chr19_50897145_C_T_b38_C" "chr19_50948431_C_T_b38_C"
 [7] "chr19_50957933_A_G_b38_A" "chr19_51083323_T_G_b38_T"
 [9] "chr19_51107599_A_G_b38_A" "chr19_51107741_T_G_b38_T"
[11] "chr19_51108006_G_A_b38_G" "chr19_51116302_T_C_b38_T"
[13] "chr19_51120922_T_G_b38_T" "chr19_51121015_T_G_b38_T"
[15] "chr19_51121279_T_C_b38_T" "chr19_51121832_A_C_b38_A"
[17] "chr19_51121942_T_C_b38_T" "chr19_51122379_A_G_b38_A"
[19] "chr19_51122568_A_G_b38_A" "chr19_51122642_G_C_b38_G"
[21] "chr19_51123685_A_G_b38_A" "chr19_51136723_A_G_b38_A"
[23] "chr19_51172375_T_C_b38_T" "chr19_51173311_A_G_b38_A"
[25] "chr19_51173876_T_C_b38_T" "chr19_51184134_C_T_b38_C"
[27] "chr19_51201503_A_G_b38_A" "chr19_51208344_T_C_b38_T"
[29] "chr19_51208365_C_T_b38_C" "chr19_51212754_T_C_b38_T"
[31] "chr19_51235665_T_C_b38_T" "chr19_51251278_A_C_b38_A"
[33] "chr19_51280161_A_G_b38_A" "chr19_51280387_C_T_b38_C"
[35] "chr19_51281207_G_A_b38_G" "chr19_51282770_C_G_b38_C"
[37] "chr19_51283428_T_C_b38_T" "chr19_51284112_C_T_b38_C"
[39] "chr19_51284184_A_C_b38_A" "chr19_51285176_C_A_b38_C"
[41] "chr19_51285861_G_A_b38_G" "chr19_51287738_T_C_b38_T"
[43] "chr19_51290510_A_C_b38_A" "chr19_51291857_T_G_b38_T"
[45] "chr19_51293045_T_C_b38_T" "chr19_51298175_C_T_b38_C"
[47] "chr19_51358092_C_G_b38_C" "chr19_51447917_C_T_b38_C"
[49] "chr19_51447928_A_G_b38_A" "chr19_51448049_T_G_b38_T"
[51] "chr19_51457686_A_G_b38_A"
32 SNP(s) removed because HWE P < 1e-08 :
 [1] "chr19_17504800_T_C_b38_T" "chr19_17504915_T_C_b38_T"
 [3] "chr19_17583443_G_T_b38_G" "chr19_17666011_C_T_b38_C"
 [5] "chr19_17666078_T_C_b38_T" "chr19_17847808_C_T_b38_C"
 [7] "chr19_17847968_T_C_b38_T" "chr19_17901200_G_T_b38_G"
 [9] "chr19_17908396_T_C_b38_T" "chr19_17924720_G_T_b38_G"
[11] "chr19_17928630_T_C_b38_T" "chr19_18036796_G_A_b38_G"
[13] "chr19_18037080_A_T_b38_A" "chr19_18037381_T_C_b38_T"
[15] "chr19_18037783_T_C_b38_T" "chr19_18039165_G_A_b38_G"
[17] "chr19_18039479_C_T_b38_C" "chr19_18039995_T_C_b38_T"
[19] "chr19_18040092_T_C_b38_T" "chr19_18040429_G_T_b38_G"
[21] "chr19_18040432_G_T_b38_G" "chr19_18042127_C_T_b38_C"
[23] "chr19_18042885_A_G_b38_A" "chr19_18043992_G_C_b38_G"
[25] "chr19_18044231_C_G_b38_C" "chr19_18044266_G_C_b38_G"
[27] "chr19_18251693_G_C_b38_G" "chr19_18260387_C_T_b38_C"
[29] "chr19_18262150_C_G_b38_C" "chr19_18265699_G_A_b38_G"
[31] "chr19_18265970_T_C_b38_T" "chr19_18267871_C_A_b38_C"
39 SNP(s) removed because HWE P < 1e-08 :
 [1] "chr22_49765666_G_C_b38_G" "chr22_49770965_G_C_b38_G"
 [3] "chr22_49837507_C_G_b38_C" "chr22_49846939_C_A_b38_C"
 [5] "chr22_49848251_T_C_b38_T" "chr22_49872508_G_A_b38_G"
 [7] "chr22_49880142_T_C_b38_T" "chr22_49880243_G_T_b38_G"
 [9] "chr22_49883047_G_C_b38_G" "chr22_49894697_A_G_b38_A"
[11] "chr22_49906790_T_C_b38_T" "chr22_49921580_T_C_b38_T"
[13] "chr22_49921715_C_A_b38_C" "chr22_49973759_T_C_b38_T"
[15] "chr22_50013858_A_C_b38_A" "chr22_50357867_G_A_b38_G"
[17] "chr22_50371703_G_C_b38_G" "chr22_50418711_G_A_b38_G"
[19] "chr22_50424402_A_C_b38_A" "chr22_50424421_C_A_b38_C"
[21] "chr22_50424423_C_T_b38_C" "chr22_50495487_G_A_b38_G"
[23] "chr22_50495498_T_C_b38_T" "chr22_50495499_G_A_b38_G"
[25] "chr22_50508159_C_G_b38_C" "chr22_50509182_A_G_b38_A"
[27] "chr22_50509488_T_C_b38_T" "chr22_50509962_A_G_b38_A"
[29] "chr22_50510817_C_T_b38_C" "chr22_50510967_T_C_b38_T"
[31] "chr22_50511806_T_C_b38_T" "chr22_50512014_T_C_b38_T"
[33] "chr22_50512298_G_A_b38_G" "chr22_50512549_T_G_b38_T"
[35] "chr22_50513313_G_C_b38_G" "chr22_50513793_G_A_b38_G"
[37] "chr22_50542614_C_T_b38_C" "chr22_50542624_A_T_b38_A"
[39] "chr22_50712000_C_T_b38_C"
32 SNP(s) removed because HWE P < 1e-08 :
 [1] "chr19_17504800_T_C_b38_T" "chr19_17504915_T_C_b38_T"
 [3] "chr19_17583443_G_T_b38_G" "chr19_17666011_C_T_b38_C"
 [5] "chr19_17666078_T_C_b38_T" "chr19_17847808_C_T_b38_C"
 [7] "chr19_17847968_T_C_b38_T" "chr19_17901200_G_T_b38_G"
 [9] "chr19_17908396_T_C_b38_T" "chr19_17924720_G_T_b38_G"
[11] "chr19_17928630_T_C_b38_T" "chr19_18036796_G_A_b38_G"
[13] "chr19_18037080_A_T_b38_A" "chr19_18037381_T_C_b38_T"
[15] "chr19_18037783_T_C_b38_T" "chr19_18039165_G_A_b38_G"
[17] "chr19_18039479_C_T_b38_C" "chr19_18039995_T_C_b38_T"
[19] "chr19_18040092_T_C_b38_T" "chr19_18040429_G_T_b38_G"
[21] "chr19_18040432_G_T_b38_G" "chr19_18042127_C_T_b38_C"
[23] "chr19_18042885_A_G_b38_A" "chr19_18043992_G_C_b38_G"
[25] "chr19_18044231_C_G_b38_C" "chr19_18044266_G_C_b38_G"
[27] "chr19_18251693_G_C_b38_G" "chr19_18260387_C_T_b38_C"
[29] "chr19_18262150_C_G_b38_C" "chr19_18265699_G_A_b38_G"
[31] "chr19_18265970_T_C_b38_T" "chr19_18267871_C_A_b38_C"
26 SNP(s) removed because HWE P < 1e-08 :
 [1] "chr4_48078519_A_C_b38_A" "chr4_48079528_T_C_b38_T"
 [3] "chr4_48085231_T_C_b38_T" "chr4_48085838_G_A_b38_G"
 [5] "chr4_48086052_C_T_b38_C" "chr4_48086429_A_G_b38_A"
 [7] "chr4_48450863_T_C_b38_T" "chr4_48451209_C_T_b38_C"
 [9] "chr4_48452709_A_G_b38_A" "chr4_48711359_T_C_b38_T"
[11] "chr4_48711393_C_T_b38_C" "chr4_48711401_C_A_b38_C"
[13] "chr4_48711410_A_G_b38_A" "chr4_48711421_A_C_b38_A"
[15] "chr4_48711432_G_C_b38_G" "chr4_48711433_G_A_b38_G"
[17] "chr4_48711441_A_C_b38_A" "chr4_48711445_C_T_b38_C"
[19] "chr4_48711447_G_A_b38_G" "chr4_48711466_C_T_b38_C"
[21] "chr4_48711467_A_T_b38_A" "chr4_48711470_G_A_b38_G"
[23] "chr4_48711609_C_T_b38_C" "chr4_48711661_A_G_b38_A"
[25] "chr4_48711678_T_A_b38_T" "chr4_48711716_T_C_b38_T"
31 SNP(s) removed because HWE P < 1e-08 :
 [1] "chr2_233217060_G_A_b38_G" "chr2_233217142_T_C_b38_T"
 [3] "chr2_233217143_G_A_b38_G" "chr2_233217145_G_A_b38_G"
 [5] "chr2_233217156_T_C_b38_T" "chr2_233759592_A_C_b38_A"
 [7] "chr2_233818687_C_G_b38_C" "chr2_233923040_T_G_b38_T"
 [9] "chr2_233923743_A_T_b38_A" "chr2_233939587_C_T_b38_C"
[11] "chr2_233943859_G_A_b38_G" "chr2_233944484_C_T_b38_C"
[13] "chr2_233946290_A_G_b38_A" "chr2_233946527_G_A_b38_G"
[15] "chr2_233948607_G_T_b38_G" "chr2_233950779_C_G_b38_C"
[17] "chr2_233951462_C_T_b38_C" "chr2_233953396_A_G_b38_A"
[19] "chr2_233953667_C_A_b38_C" "chr2_233955144_G_A_b38_G"
[21] "chr2_233957216_A_T_b38_A" "chr2_233957509_A_C_b38_A"
[23] "chr2_233958869_A_G_b38_A" "chr2_233962198_A_G_b38_A"
[25] "chr2_233963868_A_G_b38_A" "chr2_233964479_G_A_b38_G"
[27] "chr2_233965995_C_T_b38_C" "chr2_234029438_T_C_b38_T"
[29] "chr2_234082209_A_G_b38_A" "chr2_234089352_T_A_b38_T"
[31] "chr2_234169550_G_A_b38_G"
69 SNP(s) removed because HWE P < 1e-08 :
 [1] "chr8_81253423_T_C_b38_T" "chr8_81281143_C_T_b38_C"
 [3] "chr8_81289273_A_T_b38_A" "chr8_81297255_A_G_b38_A"
 [5] "chr8_81299436_C_T_b38_C" "chr8_81300344_T_C_b38_T"
 [7] "chr8_81325559_T_C_b38_T" "chr8_81327049_C_G_b38_C"
 [9] "chr8_81327156_T_G_b38_T" "chr8_81327252_A_G_b38_A"
[11] "chr8_81327333_T_C_b38_T" "chr8_81327394_A_G_b38_A"
[13] "chr8_81328362_A_G_b38_A" "chr8_81328531_C_A_b38_C"
[15] "chr8_81329064_T_A_b38_T" "chr8_81329094_T_G_b38_T"
[17] "chr8_81329957_C_T_b38_C" "chr8_81330786_A_G_b38_A"
[19] "chr8_81330873_T_C_b38_T" "chr8_81331043_A_C_b38_A"
[21] "chr8_81331131_T_C_b38_T" "chr8_81331608_C_T_b38_C"
[23] "chr8_81331614_C_T_b38_C" "chr8_81331709_T_G_b38_T"
[25] "chr8_81331864_A_G_b38_A" "chr8_81331877_C_T_b38_C"
[27] "chr8_81332098_G_A_b38_G" "chr8_81332283_A_G_b38_A"
[29] "chr8_81332524_C_T_b38_C" "chr8_81332904_A_T_b38_A"
[31] "chr8_81332906_C_T_b38_C" "chr8_81333125_G_A_b38_G"
[33] "chr8_81333194_G_T_b38_G" "chr8_81333216_T_C_b38_T"
[35] "chr8_81333791_C_T_b38_C" "chr8_81334313_T_C_b38_T"
[37] "chr8_81335686_A_G_b38_A" "chr8_81336303_C_T_b38_C"
[39] "chr8_81464464_C_T_b38_C" "chr8_81468508_A_T_b38_A"
[41] "chr8_81468888_A_G_b38_A" "chr8_81469332_T_C_b38_T"
[43] "chr8_81469415_G_A_b38_G" "chr8_81470506_G_A_b38_G"
[45] "chr8_81470621_C_T_b38_C" "chr8_81471159_T_G_b38_T"
[47] "chr8_81514819_A_C_b38_A" "chr8_81515555_C_T_b38_C"
[49] "chr8_81518769_T_C_b38_T" "chr8_81527961_G_T_b38_G"
[51] "chr8_81900677_A_T_b38_A" "chr8_81900680_C_T_b38_C"
[53] "chr8_81900761_G_T_b38_G" "chr8_81900762_G_A_b38_G"
[55] "chr8_81900773_G_A_b38_G" "chr8_81900776_G_T_b38_G"
[57] "chr8_81900779_T_C_b38_T" "chr8_81900782_C_T_b38_C"
[59] "chr8_81900783_T_C_b38_T" "chr8_81900784_G_A_b38_G"
[61] "chr8_81900789_T_C_b38_T" "chr8_81900796_C_G_b38_C"
[63] "chr8_81900800_G_C_b38_G" "chr8_82127185_G_A_b38_G"
[65] "chr8_82127192_C_G_b38_C" "chr8_82129772_G_C_b38_G"
[67] "chr8_82130336_C_T_b38_C" "chr8_82136891_C_T_b38_C"
[69] "chr8_82137774_C_G_b38_C"
6 SNP(s) removed because HWE P < 1e-08 :
[1] "chr17_28439190_A_C_b38_A" "chr17_28439714_T_C_b38_T"
[3] "chr17_28441937_G_A_b38_G" "chr17_28452019_C_T_b38_C"
[5] "chr17_28452207_C_G_b38_C" "chr17_28459762_C_A_b38_C"
56 SNP(s) removed because HWE P < 1e-08 :
 [1] "chr2_234571796_G_C_b38_G" "chr2_234679043_G_T_b38_G"
 [3] "chr2_234679188_T_C_b38_T" "chr2_234758936_C_T_b38_C"
 [5] "chr2_234758982_T_C_b38_T" "chr2_234760203_A_G_b38_A"
 [7] "chr2_234760375_C_T_b38_C" "chr2_234888396_A_G_b38_A"
 [9] "chr2_234888758_T_C_b38_T" "chr2_234894832_A_C_b38_A"
[11] "chr2_234894910_G_A_b38_G" "chr2_234894973_T_C_b38_T"
[13] "chr2_234895017_A_G_b38_A" "chr2_234895077_T_C_b38_T"
[15] "chr2_234895138_G_A_b38_G" "chr2_234895180_T_G_b38_T"
[17] "chr2_234895243_G_C_b38_G" "chr2_234895404_A_G_b38_A"
[19] "chr2_234895495_A_G_b38_A" "chr2_234895594_G_T_b38_G"
[21] "chr2_234895605_G_A_b38_G" "chr2_234895717_A_C_b38_A"
[23] "chr2_234895726_G_A_b38_G" "chr2_234895744_C_T_b38_C"
[25] "chr2_234895756_C_A_b38_C" "chr2_234895848_T_A_b38_T"
[27] "chr2_234895974_C_T_b38_C" "chr2_234895996_G_A_b38_G"
[29] "chr2_234896107_C_G_b38_C" "chr2_234896219_G_C_b38_G"
[31] "chr2_234896302_G_C_b38_G" "chr2_234896331_A_G_b38_A"
[33] "chr2_235001953_C_T_b38_C" "chr2_235013109_C_A_b38_C"
[35] "chr2_235013502_C_T_b38_C" "chr2_235014147_A_G_b38_A"
[37] "chr2_235014329_G_T_b38_G" "chr2_235016380_G_A_b38_G"
[39] "chr2_235017019_T_C_b38_T" "chr2_235018342_C_T_b38_C"
[41] "chr2_235031472_C_T_b38_C" "chr2_235062147_T_G_b38_T"
[43] "chr2_235255566_C_A_b38_C" "chr2_235294463_A_G_b38_A"
[45] "chr2_235316147_T_C_b38_T" "chr2_235374434_A_G_b38_A"
[47] "chr2_235375213_T_C_b38_T" "chr2_235375341_T_C_b38_T"
[49] "chr2_235376857_G_A_b38_G" "chr2_235378897_A_T_b38_A"
[51] "chr2_235380311_G_A_b38_G" "chr2_235383464_G_A_b38_G"
[53] "chr2_235385818_T_C_b38_T" "chr2_235399509_A_G_b38_A"
[55] "chr2_235401021_T_A_b38_T" "chr2_235450334_T_C_b38_T"
6 SNP(s) removed because HWE P < 1e-08 :
[1] "chr13_29549344_C_T_b38_C" "chr13_29949626_G_C_b38_G"
[3] "chr13_30062346_T_C_b38_T" "chr13_30062379_G_C_b38_G"
[5] "chr13_30121793_C_T_b38_C" "chr13_30160356_C_T_b38_C"
39 SNP(s) removed because HWE P < 1e-08 :
 [1] "chr22_49765666_G_C_b38_G" "chr22_49770965_G_C_b38_G"
 [3] "chr22_49837507_C_G_b38_C" "chr22_49846939_C_A_b38_C"
 [5] "chr22_49848251_T_C_b38_T" "chr22_49872508_G_A_b38_G"
 [7] "chr22_49880142_T_C_b38_T" "chr22_49880243_G_T_b38_G"
 [9] "chr22_49883047_G_C_b38_G" "chr22_49894697_A_G_b38_A"
[11] "chr22_49906790_T_C_b38_T" "chr22_49921580_T_C_b38_T"
[13] "chr22_49921715_C_A_b38_C" "chr22_49973759_T_C_b38_T"
[15] "chr22_50013858_A_C_b38_A" "chr22_50357867_G_A_b38_G"
[17] "chr22_50371703_G_C_b38_G" "chr22_50418711_G_A_b38_G"
[19] "chr22_50424402_A_C_b38_A" "chr22_50424421_C_A_b38_C"
[21] "chr22_50424423_C_T_b38_C" "chr22_50495487_G_A_b38_G"
[23] "chr22_50495498_T_C_b38_T" "chr22_50495499_G_A_b38_G"
[25] "chr22_50508159_C_G_b38_C" "chr22_50509182_A_G_b38_A"
[27] "chr22_50509488_T_C_b38_T" "chr22_50509962_A_G_b38_A"
[29] "chr22_50510817_C_T_b38_C" "chr22_50510967_T_C_b38_T"
[31] "chr22_50511806_T_C_b38_T" "chr22_50512014_T_C_b38_T"
[33] "chr22_50512298_G_A_b38_G" "chr22_50512549_T_G_b38_T"
[35] "chr22_50513313_G_C_b38_G" "chr22_50513793_G_A_b38_G"
[37] "chr22_50542614_C_T_b38_C" "chr22_50542624_A_T_b38_A"
[39] "chr22_50712000_C_T_b38_C"
32 SNP(s) removed because HWE P < 1e-08 :
 [1] "chr19_17504800_T_C_b38_T" "chr19_17504915_T_C_b38_T"
 [3] "chr19_17583443_G_T_b38_G" "chr19_17666011_C_T_b38_C"
 [5] "chr19_17666078_T_C_b38_T" "chr19_17847808_C_T_b38_C"
 [7] "chr19_17847968_T_C_b38_T" "chr19_17901200_G_T_b38_G"
 [9] "chr19_17908396_T_C_b38_T" "chr19_17924720_G_T_b38_G"
[11] "chr19_17928630_T_C_b38_T" "chr19_18036796_G_A_b38_G"
[13] "chr19_18037080_A_T_b38_A" "chr19_18037381_T_C_b38_T"
[15] "chr19_18037783_T_C_b38_T" "chr19_18039165_G_A_b38_G"
[17] "chr19_18039479_C_T_b38_C" "chr19_18039995_T_C_b38_T"
[19] "chr19_18040092_T_C_b38_T" "chr19_18040429_G_T_b38_G"
[21] "chr19_18040432_G_T_b38_G" "chr19_18042127_C_T_b38_C"
[23] "chr19_18042885_A_G_b38_A" "chr19_18043992_G_C_b38_G"
[25] "chr19_18044231_C_G_b38_C" "chr19_18044266_G_C_b38_G"
[27] "chr19_18251693_G_C_b38_G" "chr19_18260387_C_T_b38_C"
[29] "chr19_18262150_C_G_b38_C" "chr19_18265699_G_A_b38_G"
[31] "chr19_18265970_T_C_b38_T" "chr19_18267871_C_A_b38_C"
86 SNP(s) removed because HWE P < 1e-08 :
 [1] "chr11_12602581_C_A_b38_C" "chr11_12624958_C_A_b38_C"
 [3] "chr11_12709357_A_C_b38_A" "chr11_12711743_G_T_b38_G"
 [5] "chr11_12712147_G_A_b38_G" "chr11_12714195_C_T_b38_C"
 [7] "chr11_12714879_C_G_b38_C" "chr11_12715017_G_A_b38_G"
 [9] "chr11_12715147_C_T_b38_C" "chr11_12715325_A_G_b38_A"
[11] "chr11_12715946_C_T_b38_C" "chr11_12715993_T_C_b38_T"
[13] "chr11_12717103_G_A_b38_G" "chr11_12717141_C_A_b38_C"
[15] "chr11_12722267_A_G_b38_A" "chr11_12722492_G_A_b38_G"
[17] "chr11_12722623_A_G_b38_A" "chr11_12725406_G_A_b38_G"
[19] "chr11_12726375_G_A_b38_G" "chr11_12730213_C_A_b38_C"
[21] "chr11_12731602_A_G_b38_A" "chr11_12750963_G_C_b38_G"
[23] "chr11_12757747_T_C_b38_T" "chr11_12757888_G_T_b38_G"
[25] "chr11_12758617_C_T_b38_C" "chr11_12758709_T_C_b38_T"
[27] "chr11_12759469_G_A_b38_G" "chr11_12775522_G_C_b38_G"
[29] "chr11_12781165_A_G_b38_A" "chr11_12797262_G_A_b38_G"
[31] "chr11_12801705_T_G_b38_T" "chr11_12806545_C_T_b38_C"
[33] "chr11_12810221_C_T_b38_C" "chr11_12820345_A_C_b38_A"
[35] "chr11_12959220_G_C_b38_G" "chr11_13145421_T_C_b38_T"
[37] "chr11_13159063_A_T_b38_A" "chr11_13160043_T_C_b38_T"
[39] "chr11_13161191_T_G_b38_T" "chr11_13162034_C_T_b38_C"
[41] "chr11_13163679_G_A_b38_G" "chr11_13167486_A_G_b38_A"
[43] "chr11_13167824_C_G_b38_C" "chr11_13168039_T_G_b38_T"
[45] "chr11_13168424_A_T_b38_A" "chr11_13168751_C_A_b38_C"
[47] "chr11_13168868_C_G_b38_C" "chr11_13170516_C_T_b38_C"
[49] "chr11_13171300_T_A_b38_T" "chr11_13171711_G_C_b38_G"
[51] "chr11_13172324_A_C_b38_A" "chr11_13172527_T_C_b38_T"
[53] "chr11_13172742_G_A_b38_G" "chr11_13173008_G_A_b38_G"
[55] "chr11_13173311_A_C_b38_A" "chr11_13173332_G_A_b38_G"
[57] "chr11_13173916_G_A_b38_G" "chr11_13174617_C_T_b38_C"
[59] "chr11_13174658_A_G_b38_A" "chr11_13175460_G_T_b38_G"
[61] "chr11_13175491_T_C_b38_T" "chr11_13176427_A_G_b38_A"
[63] "chr11_13176535_G_A_b38_G" "chr11_13176583_C_T_b38_C"
[65] "chr11_13177356_T_C_b38_T" "chr11_13178288_C_T_b38_C"
[67] "chr11_13178878_C_T_b38_C" "chr11_13179392_C_G_b38_C"
[69] "chr11_13179991_G_A_b38_G" "chr11_13180396_T_C_b38_T"
[71] "chr11_13181122_C_T_b38_C" "chr11_13181132_T_A_b38_T"
[73] "chr11_13181163_T_G_b38_T" "chr11_13181254_G_A_b38_G"
[75] "chr11_13181293_C_T_b38_C" "chr11_13181360_G_A_b38_G"
[77] "chr11_13181664_A_G_b38_A" "chr11_13182114_G_A_b38_G"
[79] "chr11_13182203_G_A_b38_G" "chr11_13182610_C_T_b38_C"
[81] "chr11_13182823_T_C_b38_T" "chr11_13183287_G_A_b38_G"
[83] "chr11_13184213_G_A_b38_G" "chr11_13301971_T_C_b38_T"
[85] "chr11_13316281_G_A_b38_G" "chr11_13395112_C_G_b38_C"
74 SNP(s) removed because HWE P < 1e-08 :
 [1] "chr21_31920396_G_A_b38_G" "chr21_31935565_G_C_b38_G"
 [3] "chr21_31935580_T_G_b38_T" "chr21_32134286_A_T_b38_A"
 [5] "chr21_32238948_G_A_b38_G" "chr21_32250914_C_T_b38_C"
 [7] "chr21_32311415_A_C_b38_A" "chr21_32410343_C_T_b38_C"
 [9] "chr21_32432979_G_A_b38_G" "chr21_32432987_A_C_b38_A"
[11] "chr21_32432995_G_A_b38_G" "chr21_32433065_T_A_b38_T"
[13] "chr21_32433084_C_T_b38_C" "chr21_32433553_G_A_b38_G"
[15] "chr21_32433554_C_G_b38_C" "chr21_32433562_T_C_b38_T"
[17] "chr21_32433629_A_G_b38_A" "chr21_32433656_G_A_b38_G"
[19] "chr21_32433663_A_T_b38_A" "chr21_32434706_A_G_b38_A"
[21] "chr21_32434713_T_C_b38_T" "chr21_32434721_A_C_b38_A"
[23] "chr21_32434746_A_C_b38_A" "chr21_32434842_G_A_b38_G"
[25] "chr21_32434867_C_T_b38_C" "chr21_32434878_G_A_b38_G"
[27] "chr21_32434919_T_G_b38_T" "chr21_32434927_C_T_b38_C"
[29] "chr21_32434967_T_G_b38_T" "chr21_32434971_T_C_b38_T"
[31] "chr21_32434992_T_C_b38_T" "chr21_32435003_T_G_b38_T"
[33] "chr21_32435004_T_C_b38_T" "chr21_32435117_A_G_b38_A"
[35] "chr21_32435125_T_C_b38_T" "chr21_32435126_G_C_b38_G"
[37] "chr21_32435133_C_A_b38_C" "chr21_32435360_C_T_b38_C"
[39] "chr21_32435400_A_G_b38_A" "chr21_32435408_T_C_b38_T"
[41] "chr21_32435414_A_G_b38_A" "chr21_32435436_C_T_b38_C"
[43] "chr21_32435462_C_T_b38_C" "chr21_32435661_G_C_b38_G"
[45] "chr21_32435666_T_G_b38_T" "chr21_32435667_A_G_b38_A"
[47] "chr21_32435716_C_T_b38_C" "chr21_32435721_G_A_b38_G"
[49] "chr21_32435728_T_C_b38_T" "chr21_32435763_C_T_b38_C"
[51] "chr21_32435766_A_C_b38_A" "chr21_32435898_C_T_b38_C"
[53] "chr21_32435949_T_A_b38_T" "chr21_32435990_T_A_b38_T"
[55] "chr21_32436019_G_A_b38_G" "chr21_32436447_T_A_b38_T"
[57] "chr21_32436465_A_C_b38_A" "chr21_32436477_T_A_b38_T"
[59] "chr21_32436484_T_C_b38_T" "chr21_32436539_G_A_b38_G"
[61] "chr21_32436627_G_A_b38_G" "chr21_32436628_G_A_b38_G"
[63] "chr21_32436637_A_G_b38_A" "chr21_32436702_C_T_b38_C"
[65] "chr21_32436736_G_A_b38_G" "chr21_32436746_A_G_b38_A"
[67] "chr21_32437187_G_C_b38_G" "chr21_32437224_A_G_b38_A"
[69] "chr21_32437249_C_A_b38_C" "chr21_32437250_G_A_b38_G"
[71] "chr21_32437258_C_G_b38_C" "chr21_32621877_A_T_b38_A"
[73] "chr21_32660622_A_G_b38_A" "chr21_32660624_C_T_b38_C"
49 SNP(s) removed because HWE P < 1e-08 :
 [1] "chr19_51083323_T_G_b38_T" "chr19_51107599_A_G_b38_A"
 [3] "chr19_51107741_T_G_b38_T" "chr19_51108006_G_A_b38_G"
 [5] "chr19_51116302_T_C_b38_T" "chr19_51120922_T_G_b38_T"
 [7] "chr19_51121015_T_G_b38_T" "chr19_51121279_T_C_b38_T"
 [9] "chr19_51121832_A_C_b38_A" "chr19_51121942_T_C_b38_T"
[11] "chr19_51122379_A_G_b38_A" "chr19_51122568_A_G_b38_A"
[13] "chr19_51122642_G_C_b38_G" "chr19_51123685_A_G_b38_A"
[15] "chr19_51136723_A_G_b38_A" "chr19_51172375_T_C_b38_T"
[17] "chr19_51173311_A_G_b38_A" "chr19_51173876_T_C_b38_T"
[19] "chr19_51184134_C_T_b38_C" "chr19_51201503_A_G_b38_A"
[21] "chr19_51208344_T_C_b38_T" "chr19_51208365_C_T_b38_C"
[23] "chr19_51212754_T_C_b38_T" "chr19_51235665_T_C_b38_T"
[25] "chr19_51251278_A_C_b38_A" "chr19_51280161_A_G_b38_A"
[27] "chr19_51280387_C_T_b38_C" "chr19_51281207_G_A_b38_G"
[29] "chr19_51282770_C_G_b38_C" "chr19_51283428_T_C_b38_T"
[31] "chr19_51284112_C_T_b38_C" "chr19_51284184_A_C_b38_A"
[33] "chr19_51285176_C_A_b38_C" "chr19_51285861_G_A_b38_G"
[35] "chr19_51287738_T_C_b38_T" "chr19_51290510_A_C_b38_A"
[37] "chr19_51291857_T_G_b38_T" "chr19_51293045_T_C_b38_T"
[39] "chr19_51298175_C_T_b38_C" "chr19_51358092_C_G_b38_C"
[41] "chr19_51447917_C_T_b38_C" "chr19_51447928_A_G_b38_A"
[43] "chr19_51448049_T_G_b38_T" "chr19_51457686_A_G_b38_A"
[45] "chr19_51780129_T_C_b38_T" "chr19_51780359_A_G_b38_A"
[47] "chr19_51848424_G_A_b38_G" "chr19_51875933_G_A_b38_G"
[49] "chr19_51876393_G_A_b38_G"
37 SNP(s) removed because HWE P < 1e-08 :
 [1] "chr16_24109784_G_A_b38_G" "chr16_24227690_G_C_b38_G"
 [3] "chr16_24233628_G_C_b38_G" "chr16_24496566_C_T_b38_C"
 [5] "chr16_24496764_C_A_b38_C" "chr16_24499309_C_T_b38_C"
 [7] "chr16_24870481_A_C_b38_A" "chr16_24873006_G_A_b38_G"
 [9] "chr16_24884357_A_G_b38_A" "chr16_24917601_A_G_b38_A"
[11] "chr16_24917765_G_A_b38_G" "chr16_24917986_T_C_b38_T"
[13] "chr16_24919227_T_C_b38_T" "chr16_24920477_C_T_b38_C"
[15] "chr16_24920573_A_G_b38_A" "chr16_24921599_T_C_b38_T"
[17] "chr16_24923143_G_T_b38_G" "chr16_24924245_T_C_b38_T"
[19] "chr16_24924716_A_T_b38_A" "chr16_24925306_A_G_b38_A"
[21] "chr16_24927264_T_C_b38_T" "chr16_24932825_T_C_b38_T"
[23] "chr16_24940578_A_G_b38_A" "chr16_24943087_G_A_b38_G"
[25] "chr16_24943465_A_G_b38_A" "chr16_24945135_A_G_b38_A"
[27] "chr16_24945229_T_G_b38_T" "chr16_24945237_A_C_b38_A"
[29] "chr16_24947347_A_C_b38_A" "chr16_24947664_G_A_b38_G"
[31] "chr16_24948730_C_G_b38_C" "chr16_24950568_T_C_b38_T"
[33] "chr16_24952718_T_C_b38_T" "chr16_24953197_T_C_b38_T"
[35] "chr16_24953395_G_T_b38_G" "chr16_24953714_C_T_b38_C"
[37] "chr16_24955202_T_C_b38_T"
86 SNP(s) removed because HWE P < 1e-08 :
 [1] "chr11_12602581_C_A_b38_C" "chr11_12624958_C_A_b38_C"
 [3] "chr11_12709357_A_C_b38_A" "chr11_12711743_G_T_b38_G"
 [5] "chr11_12712147_G_A_b38_G" "chr11_12714195_C_T_b38_C"
 [7] "chr11_12714879_C_G_b38_C" "chr11_12715017_G_A_b38_G"
 [9] "chr11_12715147_C_T_b38_C" "chr11_12715325_A_G_b38_A"
[11] "chr11_12715946_C_T_b38_C" "chr11_12715993_T_C_b38_T"
[13] "chr11_12717103_G_A_b38_G" "chr11_12717141_C_A_b38_C"
[15] "chr11_12722267_A_G_b38_A" "chr11_12722492_G_A_b38_G"
[17] "chr11_12722623_A_G_b38_A" "chr11_12725406_G_A_b38_G"
[19] "chr11_12726375_G_A_b38_G" "chr11_12730213_C_A_b38_C"
[21] "chr11_12731602_A_G_b38_A" "chr11_12750963_G_C_b38_G"
[23] "chr11_12757747_T_C_b38_T" "chr11_12757888_G_T_b38_G"
[25] "chr11_12758617_C_T_b38_C" "chr11_12758709_T_C_b38_T"
[27] "chr11_12759469_G_A_b38_G" "chr11_12775522_G_C_b38_G"
[29] "chr11_12781165_A_G_b38_A" "chr11_12797262_G_A_b38_G"
[31] "chr11_12801705_T_G_b38_T" "chr11_12806545_C_T_b38_C"
[33] "chr11_12810221_C_T_b38_C" "chr11_12820345_A_C_b38_A"
[35] "chr11_12959220_G_C_b38_G" "chr11_13145421_T_C_b38_T"
[37] "chr11_13159063_A_T_b38_A" "chr11_13160043_T_C_b38_T"
[39] "chr11_13161191_T_G_b38_T" "chr11_13162034_C_T_b38_C"
[41] "chr11_13163679_G_A_b38_G" "chr11_13167486_A_G_b38_A"
[43] "chr11_13167824_C_G_b38_C" "chr11_13168039_T_G_b38_T"
[45] "chr11_13168424_A_T_b38_A" "chr11_13168751_C_A_b38_C"
[47] "chr11_13168868_C_G_b38_C" "chr11_13170516_C_T_b38_C"
[49] "chr11_13171300_T_A_b38_T" "chr11_13171711_G_C_b38_G"
[51] "chr11_13172324_A_C_b38_A" "chr11_13172527_T_C_b38_T"
[53] "chr11_13172742_G_A_b38_G" "chr11_13173008_G_A_b38_G"
[55] "chr11_13173311_A_C_b38_A" "chr11_13173332_G_A_b38_G"
[57] "chr11_13173916_G_A_b38_G" "chr11_13174617_C_T_b38_C"
[59] "chr11_13174658_A_G_b38_A" "chr11_13175460_G_T_b38_G"
[61] "chr11_13175491_T_C_b38_T" "chr11_13176427_A_G_b38_A"
[63] "chr11_13176535_G_A_b38_G" "chr11_13176583_C_T_b38_C"
[65] "chr11_13177356_T_C_b38_T" "chr11_13178288_C_T_b38_C"
[67] "chr11_13178878_C_T_b38_C" "chr11_13179392_C_G_b38_C"
[69] "chr11_13179991_G_A_b38_G" "chr11_13180396_T_C_b38_T"
[71] "chr11_13181122_C_T_b38_C" "chr11_13181132_T_A_b38_T"
[73] "chr11_13181163_T_G_b38_T" "chr11_13181254_G_A_b38_G"
[75] "chr11_13181293_C_T_b38_C" "chr11_13181360_G_A_b38_G"
[77] "chr11_13181664_A_G_b38_A" "chr11_13182114_G_A_b38_G"
[79] "chr11_13182203_G_A_b38_G" "chr11_13182610_C_T_b38_C"
[81] "chr11_13182823_T_C_b38_T" "chr11_13183287_G_A_b38_G"
[83] "chr11_13184213_G_A_b38_G" "chr11_13301971_T_C_b38_T"
[85] "chr11_13316281_G_A_b38_G" "chr11_13395112_C_G_b38_C"
22 SNP(s) removed because HWE P < 1e-08 :
 [1] "chr1_162353041_G_C_b38_G" "chr1_162353047_A_C_b38_A"
 [3] "chr1_162477576_G_A_b38_G" "chr1_162481393_G_A_b38_G"
 [5] "chr1_162483630_C_T_b38_C" "chr1_162701799_T_C_b38_T"
 [7] "chr1_162704548_G_A_b38_G" "chr1_162705250_T_C_b38_T"
 [9] "chr1_162706401_C_T_b38_C" "chr1_162710700_T_C_b38_T"
[11] "chr1_162714569_T_C_b38_T" "chr1_162722878_C_G_b38_C"
[13] "chr1_162733892_A_G_b38_A" "chr1_162742199_A_T_b38_A"
[15] "chr1_162742900_G_A_b38_G" "chr1_162743999_G_A_b38_G"
[17] "chr1_162744207_T_C_b38_T" "chr1_162752426_G_A_b38_G"
[19] "chr1_162763446_G_A_b38_G" "chr1_162798738_C_G_b38_C"
[21] "chr1_162803606_G_A_b38_G" "chr1_162909861_T_C_b38_T"
74 SNP(s) removed because HWE P < 1e-08 :
 [1] "chr21_31920396_G_A_b38_G" "chr21_31935565_G_C_b38_G"
 [3] "chr21_31935580_T_G_b38_T" "chr21_32134286_A_T_b38_A"
 [5] "chr21_32238948_G_A_b38_G" "chr21_32250914_C_T_b38_C"
 [7] "chr21_32311415_A_C_b38_A" "chr21_32410343_C_T_b38_C"
 [9] "chr21_32432979_G_A_b38_G" "chr21_32432987_A_C_b38_A"
[11] "chr21_32432995_G_A_b38_G" "chr21_32433065_T_A_b38_T"
[13] "chr21_32433084_C_T_b38_C" "chr21_32433553_G_A_b38_G"
[15] "chr21_32433554_C_G_b38_C" "chr21_32433562_T_C_b38_T"
[17] "chr21_32433629_A_G_b38_A" "chr21_32433656_G_A_b38_G"
[19] "chr21_32433663_A_T_b38_A" "chr21_32434706_A_G_b38_A"
[21] "chr21_32434713_T_C_b38_T" "chr21_32434721_A_C_b38_A"
[23] "chr21_32434746_A_C_b38_A" "chr21_32434842_G_A_b38_G"
[25] "chr21_32434867_C_T_b38_C" "chr21_32434878_G_A_b38_G"
[27] "chr21_32434919_T_G_b38_T" "chr21_32434927_C_T_b38_C"
[29] "chr21_32434967_T_G_b38_T" "chr21_32434971_T_C_b38_T"
[31] "chr21_32434992_T_C_b38_T" "chr21_32435003_T_G_b38_T"
[33] "chr21_32435004_T_C_b38_T" "chr21_32435117_A_G_b38_A"
[35] "chr21_32435125_T_C_b38_T" "chr21_32435126_G_C_b38_G"
[37] "chr21_32435133_C_A_b38_C" "chr21_32435360_C_T_b38_C"
[39] "chr21_32435400_A_G_b38_A" "chr21_32435408_T_C_b38_T"
[41] "chr21_32435414_A_G_b38_A" "chr21_32435436_C_T_b38_C"
[43] "chr21_32435462_C_T_b38_C" "chr21_32435661_G_C_b38_G"
[45] "chr21_32435666_T_G_b38_T" "chr21_32435667_A_G_b38_A"
[47] "chr21_32435716_C_T_b38_C" "chr21_32435721_G_A_b38_G"
[49] "chr21_32435728_T_C_b38_T" "chr21_32435763_C_T_b38_C"
[51] "chr21_32435766_A_C_b38_A" "chr21_32435898_C_T_b38_C"
[53] "chr21_32435949_T_A_b38_T" "chr21_32435990_T_A_b38_T"
[55] "chr21_32436019_G_A_b38_G" "chr21_32436447_T_A_b38_T"
[57] "chr21_32436465_A_C_b38_A" "chr21_32436477_T_A_b38_T"
[59] "chr21_32436484_T_C_b38_T" "chr21_32436539_G_A_b38_G"
[61] "chr21_32436627_G_A_b38_G" "chr21_32436628_G_A_b38_G"
[63] "chr21_32436637_A_G_b38_A" "chr21_32436702_C_T_b38_C"
[65] "chr21_32436736_G_A_b38_G" "chr21_32436746_A_G_b38_A"
[67] "chr21_32437187_G_C_b38_G" "chr21_32437224_A_G_b38_A"
[69] "chr21_32437249_C_A_b38_C" "chr21_32437250_G_A_b38_G"
[71] "chr21_32437258_C_G_b38_C" "chr21_32621877_A_T_b38_A"
[73] "chr21_32660622_A_G_b38_A" "chr21_32660624_C_T_b38_C"
51 SNP(s) removed because HWE P < 1e-08 :
 [1] "chr19_50749708_G_C_b38_G" "chr19_50842031_A_G_b38_A"
 [3] "chr19_50896788_T_C_b38_T" "chr19_50897100_A_G_b38_A"
 [5] "chr19_50897145_C_T_b38_C" "chr19_50948431_C_T_b38_C"
 [7] "chr19_50957933_A_G_b38_A" "chr19_51083323_T_G_b38_T"
 [9] "chr19_51107599_A_G_b38_A" "chr19_51107741_T_G_b38_T"
[11] "chr19_51108006_G_A_b38_G" "chr19_51116302_T_C_b38_T"
[13] "chr19_51120922_T_G_b38_T" "chr19_51121015_T_G_b38_T"
[15] "chr19_51121279_T_C_b38_T" "chr19_51121832_A_C_b38_A"
[17] "chr19_51121942_T_C_b38_T" "chr19_51122379_A_G_b38_A"
[19] "chr19_51122568_A_G_b38_A" "chr19_51122642_G_C_b38_G"
[21] "chr19_51123685_A_G_b38_A" "chr19_51136723_A_G_b38_A"
[23] "chr19_51172375_T_C_b38_T" "chr19_51173311_A_G_b38_A"
[25] "chr19_51173876_T_C_b38_T" "chr19_51184134_C_T_b38_C"
[27] "chr19_51201503_A_G_b38_A" "chr19_51208344_T_C_b38_T"
[29] "chr19_51208365_C_T_b38_C" "chr19_51212754_T_C_b38_T"
[31] "chr19_51235665_T_C_b38_T" "chr19_51251278_A_C_b38_A"
[33] "chr19_51280161_A_G_b38_A" "chr19_51280387_C_T_b38_C"
[35] "chr19_51281207_G_A_b38_G" "chr19_51282770_C_G_b38_C"
[37] "chr19_51283428_T_C_b38_T" "chr19_51284112_C_T_b38_C"
[39] "chr19_51284184_A_C_b38_A" "chr19_51285176_C_A_b38_C"
[41] "chr19_51285861_G_A_b38_G" "chr19_51287738_T_C_b38_T"
[43] "chr19_51290510_A_C_b38_A" "chr19_51291857_T_G_b38_T"
[45] "chr19_51293045_T_C_b38_T" "chr19_51298175_C_T_b38_C"
[47] "chr19_51358092_C_G_b38_C" "chr19_51447917_C_T_b38_C"
[49] "chr19_51447928_A_G_b38_A" "chr19_51448049_T_G_b38_T"
[51] "chr19_51457686_A_G_b38_A"
32 SNP(s) removed because HWE P < 1e-08 :
 [1] "chr19_17504800_T_C_b38_T" "chr19_17504915_T_C_b38_T"
 [3] "chr19_17583443_G_T_b38_G" "chr19_17666011_C_T_b38_C"
 [5] "chr19_17666078_T_C_b38_T" "chr19_17847808_C_T_b38_C"
 [7] "chr19_17847968_T_C_b38_T" "chr19_17901200_G_T_b38_G"
 [9] "chr19_17908396_T_C_b38_T" "chr19_17924720_G_T_b38_G"
[11] "chr19_17928630_T_C_b38_T" "chr19_18036796_G_A_b38_G"
[13] "chr19_18037080_A_T_b38_A" "chr19_18037381_T_C_b38_T"
[15] "chr19_18037783_T_C_b38_T" "chr19_18039165_G_A_b38_G"
[17] "chr19_18039479_C_T_b38_C" "chr19_18039995_T_C_b38_T"
[19] "chr19_18040092_T_C_b38_T" "chr19_18040429_G_T_b38_G"
[21] "chr19_18040432_G_T_b38_G" "chr19_18042127_C_T_b38_C"
[23] "chr19_18042885_A_G_b38_A" "chr19_18043992_G_C_b38_G"
[25] "chr19_18044231_C_G_b38_C" "chr19_18044266_G_C_b38_G"
[27] "chr19_18251693_G_C_b38_G" "chr19_18260387_C_T_b38_C"
[29] "chr19_18262150_C_G_b38_C" "chr19_18265699_G_A_b38_G"
[31] "chr19_18265970_T_C_b38_T" "chr19_18267871_C_A_b38_C"
49 SNP(s) removed because HWE P < 1e-08 :
 [1] "chr19_51083323_T_G_b38_T" "chr19_51107599_A_G_b38_A"
 [3] "chr19_51107741_T_G_b38_T" "chr19_51108006_G_A_b38_G"
 [5] "chr19_51116302_T_C_b38_T" "chr19_51120922_T_G_b38_T"
 [7] "chr19_51121015_T_G_b38_T" "chr19_51121279_T_C_b38_T"
 [9] "chr19_51121832_A_C_b38_A" "chr19_51121942_T_C_b38_T"
[11] "chr19_51122379_A_G_b38_A" "chr19_51122568_A_G_b38_A"
[13] "chr19_51122642_G_C_b38_G" "chr19_51123685_A_G_b38_A"
[15] "chr19_51136723_A_G_b38_A" "chr19_51172375_T_C_b38_T"
[17] "chr19_51173311_A_G_b38_A" "chr19_51173876_T_C_b38_T"
[19] "chr19_51184134_C_T_b38_C" "chr19_51201503_A_G_b38_A"
[21] "chr19_51208344_T_C_b38_T" "chr19_51208365_C_T_b38_C"
[23] "chr19_51212754_T_C_b38_T" "chr19_51235665_T_C_b38_T"
[25] "chr19_51251278_A_C_b38_A" "chr19_51280161_A_G_b38_A"
[27] "chr19_51280387_C_T_b38_C" "chr19_51281207_G_A_b38_G"
[29] "chr19_51282770_C_G_b38_C" "chr19_51283428_T_C_b38_T"
[31] "chr19_51284112_C_T_b38_C" "chr19_51284184_A_C_b38_A"
[33] "chr19_51285176_C_A_b38_C" "chr19_51285861_G_A_b38_G"
[35] "chr19_51287738_T_C_b38_T" "chr19_51290510_A_C_b38_A"
[37] "chr19_51291857_T_G_b38_T" "chr19_51293045_T_C_b38_T"
[39] "chr19_51298175_C_T_b38_C" "chr19_51358092_C_G_b38_C"
[41] "chr19_51447917_C_T_b38_C" "chr19_51447928_A_G_b38_A"
[43] "chr19_51448049_T_G_b38_T" "chr19_51457686_A_G_b38_A"
[45] "chr19_51780129_T_C_b38_T" "chr19_51780359_A_G_b38_A"
[47] "chr19_51848424_G_A_b38_G" "chr19_51875933_G_A_b38_G"
[49] "chr19_51876393_G_A_b38_G"
51 SNP(s) removed because HWE P < 1e-08 :
 [1] "chr19_50749708_G_C_b38_G" "chr19_50842031_A_G_b38_A"
 [3] "chr19_50896788_T_C_b38_T" "chr19_50897100_A_G_b38_A"
 [5] "chr19_50897145_C_T_b38_C" "chr19_50948431_C_T_b38_C"
 [7] "chr19_50957933_A_G_b38_A" "chr19_51083323_T_G_b38_T"
 [9] "chr19_51107599_A_G_b38_A" "chr19_51107741_T_G_b38_T"
[11] "chr19_51108006_G_A_b38_G" "chr19_51116302_T_C_b38_T"
[13] "chr19_51120922_T_G_b38_T" "chr19_51121015_T_G_b38_T"
[15] "chr19_51121279_T_C_b38_T" "chr19_51121832_A_C_b38_A"
[17] "chr19_51121942_T_C_b38_T" "chr19_51122379_A_G_b38_A"
[19] "chr19_51122568_A_G_b38_A" "chr19_51122642_G_C_b38_G"
[21] "chr19_51123685_A_G_b38_A" "chr19_51136723_A_G_b38_A"
[23] "chr19_51172375_T_C_b38_T" "chr19_51173311_A_G_b38_A"
[25] "chr19_51173876_T_C_b38_T" "chr19_51184134_C_T_b38_C"
[27] "chr19_51201503_A_G_b38_A" "chr19_51208344_T_C_b38_T"
[29] "chr19_51208365_C_T_b38_C" "chr19_51212754_T_C_b38_T"
[31] "chr19_51235665_T_C_b38_T" "chr19_51251278_A_C_b38_A"
[33] "chr19_51280161_A_G_b38_A" "chr19_51280387_C_T_b38_C"
[35] "chr19_51281207_G_A_b38_G" "chr19_51282770_C_G_b38_C"
[37] "chr19_51283428_T_C_b38_T" "chr19_51284112_C_T_b38_C"
[39] "chr19_51284184_A_C_b38_A" "chr19_51285176_C_A_b38_C"
[41] "chr19_51285861_G_A_b38_G" "chr19_51287738_T_C_b38_T"
[43] "chr19_51290510_A_C_b38_A" "chr19_51291857_T_G_b38_T"
[45] "chr19_51293045_T_C_b38_T" "chr19_51298175_C_T_b38_C"
[47] "chr19_51358092_C_G_b38_C" "chr19_51447917_C_T_b38_C"
[49] "chr19_51447928_A_G_b38_A" "chr19_51448049_T_G_b38_T"
[51] "chr19_51457686_A_G_b38_A"
32 SNP(s) removed because HWE P < 1e-08 :
 [1] "chr19_17504800_T_C_b38_T" "chr19_17504915_T_C_b38_T"
 [3] "chr19_17583443_G_T_b38_G" "chr19_17666011_C_T_b38_C"
 [5] "chr19_17666078_T_C_b38_T" "chr19_17847808_C_T_b38_C"
 [7] "chr19_17847968_T_C_b38_T" "chr19_17901200_G_T_b38_G"
 [9] "chr19_17908396_T_C_b38_T" "chr19_17924720_G_T_b38_G"
[11] "chr19_17928630_T_C_b38_T" "chr19_18036796_G_A_b38_G"
[13] "chr19_18037080_A_T_b38_A" "chr19_18037381_T_C_b38_T"
[15] "chr19_18037783_T_C_b38_T" "chr19_18039165_G_A_b38_G"
[17] "chr19_18039479_C_T_b38_C" "chr19_18039995_T_C_b38_T"
[19] "chr19_18040092_T_C_b38_T" "chr19_18040429_G_T_b38_G"
[21] "chr19_18040432_G_T_b38_G" "chr19_18042127_C_T_b38_C"
[23] "chr19_18042885_A_G_b38_A" "chr19_18043992_G_C_b38_G"
[25] "chr19_18044231_C_G_b38_C" "chr19_18044266_G_C_b38_G"
[27] "chr19_18251693_G_C_b38_G" "chr19_18260387_C_T_b38_C"
[29] "chr19_18262150_C_G_b38_C" "chr19_18265699_G_A_b38_G"
[31] "chr19_18265970_T_C_b38_T" "chr19_18267871_C_A_b38_C"
69 SNP(s) removed because HWE P < 1e-08 :
 [1] "chr8_81253423_T_C_b38_T" "chr8_81281143_C_T_b38_C"
 [3] "chr8_81289273_A_T_b38_A" "chr8_81297255_A_G_b38_A"
 [5] "chr8_81299436_C_T_b38_C" "chr8_81300344_T_C_b38_T"
 [7] "chr8_81325559_T_C_b38_T" "chr8_81327049_C_G_b38_C"
 [9] "chr8_81327156_T_G_b38_T" "chr8_81327252_A_G_b38_A"
[11] "chr8_81327333_T_C_b38_T" "chr8_81327394_A_G_b38_A"
[13] "chr8_81328362_A_G_b38_A" "chr8_81328531_C_A_b38_C"
[15] "chr8_81329064_T_A_b38_T" "chr8_81329094_T_G_b38_T"
[17] "chr8_81329957_C_T_b38_C" "chr8_81330786_A_G_b38_A"
[19] "chr8_81330873_T_C_b38_T" "chr8_81331043_A_C_b38_A"
[21] "chr8_81331131_T_C_b38_T" "chr8_81331608_C_T_b38_C"
[23] "chr8_81331614_C_T_b38_C" "chr8_81331709_T_G_b38_T"
[25] "chr8_81331864_A_G_b38_A" "chr8_81331877_C_T_b38_C"
[27] "chr8_81332098_G_A_b38_G" "chr8_81332283_A_G_b38_A"
[29] "chr8_81332524_C_T_b38_C" "chr8_81332904_A_T_b38_A"
[31] "chr8_81332906_C_T_b38_C" "chr8_81333125_G_A_b38_G"
[33] "chr8_81333194_G_T_b38_G" "chr8_81333216_T_C_b38_T"
[35] "chr8_81333791_C_T_b38_C" "chr8_81334313_T_C_b38_T"
[37] "chr8_81335686_A_G_b38_A" "chr8_81336303_C_T_b38_C"
[39] "chr8_81464464_C_T_b38_C" "chr8_81468508_A_T_b38_A"
[41] "chr8_81468888_A_G_b38_A" "chr8_81469332_T_C_b38_T"
[43] "chr8_81469415_G_A_b38_G" "chr8_81470506_G_A_b38_G"
[45] "chr8_81470621_C_T_b38_C" "chr8_81471159_T_G_b38_T"
[47] "chr8_81514819_A_C_b38_A" "chr8_81515555_C_T_b38_C"
[49] "chr8_81518769_T_C_b38_T" "chr8_81527961_G_T_b38_G"
[51] "chr8_81900677_A_T_b38_A" "chr8_81900680_C_T_b38_C"
[53] "chr8_81900761_G_T_b38_G" "chr8_81900762_G_A_b38_G"
[55] "chr8_81900773_G_A_b38_G" "chr8_81900776_G_T_b38_G"
[57] "chr8_81900779_T_C_b38_T" "chr8_81900782_C_T_b38_C"
[59] "chr8_81900783_T_C_b38_T" "chr8_81900784_G_A_b38_G"
[61] "chr8_81900789_T_C_b38_T" "chr8_81900796_C_G_b38_C"
[63] "chr8_81900800_G_C_b38_G" "chr8_82127185_G_A_b38_G"
[65] "chr8_82127192_C_G_b38_C" "chr8_82129772_G_C_b38_G"
[67] "chr8_82130336_C_T_b38_C" "chr8_82136891_C_T_b38_C"
[69] "chr8_82137774_C_G_b38_C"
31 SNP(s) removed because HWE P < 1e-08 :
 [1] "chr2_233217060_G_A_b38_G" "chr2_233217142_T_C_b38_T"
 [3] "chr2_233217143_G_A_b38_G" "chr2_233217145_G_A_b38_G"
 [5] "chr2_233217156_T_C_b38_T" "chr2_233759592_A_C_b38_A"
 [7] "chr2_233818687_C_G_b38_C" "chr2_233923040_T_G_b38_T"
 [9] "chr2_233923743_A_T_b38_A" "chr2_233939587_C_T_b38_C"
[11] "chr2_233943859_G_A_b38_G" "chr2_233944484_C_T_b38_C"
[13] "chr2_233946290_A_G_b38_A" "chr2_233946527_G_A_b38_G"
[15] "chr2_233948607_G_T_b38_G" "chr2_233950779_C_G_b38_C"
[17] "chr2_233951462_C_T_b38_C" "chr2_233953396_A_G_b38_A"
[19] "chr2_233953667_C_A_b38_C" "chr2_233955144_G_A_b38_G"
[21] "chr2_233957216_A_T_b38_A" "chr2_233957509_A_C_b38_A"
[23] "chr2_233958869_A_G_b38_A" "chr2_233962198_A_G_b38_A"
[25] "chr2_233963868_A_G_b38_A" "chr2_233964479_G_A_b38_G"
[27] "chr2_233965995_C_T_b38_C" "chr2_234029438_T_C_b38_T"
[29] "chr2_234082209_A_G_b38_A" "chr2_234089352_T_A_b38_T"
[31] "chr2_234169550_G_A_b38_G"
6 SNP(s) removed because HWE P < 1e-08 :
[1] "chr17_28439190_A_C_b38_A" "chr17_28439714_T_C_b38_T"
[3] "chr17_28441937_G_A_b38_G" "chr17_28452019_C_T_b38_C"
[5] "chr17_28452207_C_G_b38_C" "chr17_28459762_C_A_b38_C"
37 SNP(s) removed because HWE P < 1e-08 :
 [1] "chr16_24109784_G_A_b38_G" "chr16_24227690_G_C_b38_G"
 [3] "chr16_24233628_G_C_b38_G" "chr16_24496566_C_T_b38_C"
 [5] "chr16_24496764_C_A_b38_C" "chr16_24499309_C_T_b38_C"
 [7] "chr16_24870481_A_C_b38_A" "chr16_24873006_G_A_b38_G"
 [9] "chr16_24884357_A_G_b38_A" "chr16_24917601_A_G_b38_A"
[11] "chr16_24917765_G_A_b38_G" "chr16_24917986_T_C_b38_T"
[13] "chr16_24919227_T_C_b38_T" "chr16_24920477_C_T_b38_C"
[15] "chr16_24920573_A_G_b38_A" "chr16_24921599_T_C_b38_T"
[17] "chr16_24923143_G_T_b38_G" "chr16_24924245_T_C_b38_T"
[19] "chr16_24924716_A_T_b38_A" "chr16_24925306_A_G_b38_A"
[21] "chr16_24927264_T_C_b38_T" "chr16_24932825_T_C_b38_T"
[23] "chr16_24940578_A_G_b38_A" "chr16_24943087_G_A_b38_G"
[25] "chr16_24943465_A_G_b38_A" "chr16_24945135_A_G_b38_A"
[27] "chr16_24945229_T_G_b38_T" "chr16_24945237_A_C_b38_A"
[29] "chr16_24947347_A_C_b38_A" "chr16_24947664_G_A_b38_G"
[31] "chr16_24948730_C_G_b38_C" "chr16_24950568_T_C_b38_T"
[33] "chr16_24952718_T_C_b38_T" "chr16_24953197_T_C_b38_T"
[35] "chr16_24953395_G_T_b38_G" "chr16_24953714_C_T_b38_C"
[37] "chr16_24955202_T_C_b38_T"
86 SNP(s) removed because HWE P < 1e-08 :
 [1] "chr11_12602581_C_A_b38_C" "chr11_12624958_C_A_b38_C"
 [3] "chr11_12709357_A_C_b38_A" "chr11_12711743_G_T_b38_G"
 [5] "chr11_12712147_G_A_b38_G" "chr11_12714195_C_T_b38_C"
 [7] "chr11_12714879_C_G_b38_C" "chr11_12715017_G_A_b38_G"
 [9] "chr11_12715147_C_T_b38_C" "chr11_12715325_A_G_b38_A"
[11] "chr11_12715946_C_T_b38_C" "chr11_12715993_T_C_b38_T"
[13] "chr11_12717103_G_A_b38_G" "chr11_12717141_C_A_b38_C"
[15] "chr11_12722267_A_G_b38_A" "chr11_12722492_G_A_b38_G"
[17] "chr11_12722623_A_G_b38_A" "chr11_12725406_G_A_b38_G"
[19] "chr11_12726375_G_A_b38_G" "chr11_12730213_C_A_b38_C"
[21] "chr11_12731602_A_G_b38_A" "chr11_12750963_G_C_b38_G"
[23] "chr11_12757747_T_C_b38_T" "chr11_12757888_G_T_b38_G"
[25] "chr11_12758617_C_T_b38_C" "chr11_12758709_T_C_b38_T"
[27] "chr11_12759469_G_A_b38_G" "chr11_12775522_G_C_b38_G"
[29] "chr11_12781165_A_G_b38_A" "chr11_12797262_G_A_b38_G"
[31] "chr11_12801705_T_G_b38_T" "chr11_12806545_C_T_b38_C"
[33] "chr11_12810221_C_T_b38_C" "chr11_12820345_A_C_b38_A"
[35] "chr11_12959220_G_C_b38_G" "chr11_13145421_T_C_b38_T"
[37] "chr11_13159063_A_T_b38_A" "chr11_13160043_T_C_b38_T"
[39] "chr11_13161191_T_G_b38_T" "chr11_13162034_C_T_b38_C"
[41] "chr11_13163679_G_A_b38_G" "chr11_13167486_A_G_b38_A"
[43] "chr11_13167824_C_G_b38_C" "chr11_13168039_T_G_b38_T"
[45] "chr11_13168424_A_T_b38_A" "chr11_13168751_C_A_b38_C"
[47] "chr11_13168868_C_G_b38_C" "chr11_13170516_C_T_b38_C"
[49] "chr11_13171300_T_A_b38_T" "chr11_13171711_G_C_b38_G"
[51] "chr11_13172324_A_C_b38_A" "chr11_13172527_T_C_b38_T"
[53] "chr11_13172742_G_A_b38_G" "chr11_13173008_G_A_b38_G"
[55] "chr11_13173311_A_C_b38_A" "chr11_13173332_G_A_b38_G"
[57] "chr11_13173916_G_A_b38_G" "chr11_13174617_C_T_b38_C"
[59] "chr11_13174658_A_G_b38_A" "chr11_13175460_G_T_b38_G"
[61] "chr11_13175491_T_C_b38_T" "chr11_13176427_A_G_b38_A"
[63] "chr11_13176535_G_A_b38_G" "chr11_13176583_C_T_b38_C"
[65] "chr11_13177356_T_C_b38_T" "chr11_13178288_C_T_b38_C"
[67] "chr11_13178878_C_T_b38_C" "chr11_13179392_C_G_b38_C"
[69] "chr11_13179991_G_A_b38_G" "chr11_13180396_T_C_b38_T"
[71] "chr11_13181122_C_T_b38_C" "chr11_13181132_T_A_b38_T"
[73] "chr11_13181163_T_G_b38_T" "chr11_13181254_G_A_b38_G"
[75] "chr11_13181293_C_T_b38_C" "chr11_13181360_G_A_b38_G"
[77] "chr11_13181664_A_G_b38_A" "chr11_13182114_G_A_b38_G"
[79] "chr11_13182203_G_A_b38_G" "chr11_13182610_C_T_b38_C"
[81] "chr11_13182823_T_C_b38_T" "chr11_13183287_G_A_b38_G"
[83] "chr11_13184213_G_A_b38_G" "chr11_13301971_T_C_b38_T"
[85] "chr11_13316281_G_A_b38_G" "chr11_13395112_C_G_b38_C"
37 SNP(s) removed because HWE P < 1e-08 :
 [1] "chr16_24109784_G_A_b38_G" "chr16_24227690_G_C_b38_G"
 [3] "chr16_24233628_G_C_b38_G" "chr16_24496566_C_T_b38_C"
 [5] "chr16_24496764_C_A_b38_C" "chr16_24499309_C_T_b38_C"
 [7] "chr16_24870481_A_C_b38_A" "chr16_24873006_G_A_b38_G"
 [9] "chr16_24884357_A_G_b38_A" "chr16_24917601_A_G_b38_A"
[11] "chr16_24917765_G_A_b38_G" "chr16_24917986_T_C_b38_T"
[13] "chr16_24919227_T_C_b38_T" "chr16_24920477_C_T_b38_C"
[15] "chr16_24920573_A_G_b38_A" "chr16_24921599_T_C_b38_T"
[17] "chr16_24923143_G_T_b38_G" "chr16_24924245_T_C_b38_T"
[19] "chr16_24924716_A_T_b38_A" "chr16_24925306_A_G_b38_A"
[21] "chr16_24927264_T_C_b38_T" "chr16_24932825_T_C_b38_T"
[23] "chr16_24940578_A_G_b38_A" "chr16_24943087_G_A_b38_G"
[25] "chr16_24943465_A_G_b38_A" "chr16_24945135_A_G_b38_A"
[27] "chr16_24945229_T_G_b38_T" "chr16_24945237_A_C_b38_A"
[29] "chr16_24947347_A_C_b38_A" "chr16_24947664_G_A_b38_G"
[31] "chr16_24948730_C_G_b38_C" "chr16_24950568_T_C_b38_T"
[33] "chr16_24952718_T_C_b38_T" "chr16_24953197_T_C_b38_T"
[35] "chr16_24953395_G_T_b38_G" "chr16_24953714_C_T_b38_C"
[37] "chr16_24955202_T_C_b38_T"
22 SNP(s) removed because HWE P < 1e-08 :
 [1] "chr1_162353041_G_C_b38_G" "chr1_162353047_A_C_b38_A"
 [3] "chr1_162477576_G_A_b38_G" "chr1_162481393_G_A_b38_G"
 [5] "chr1_162483630_C_T_b38_C" "chr1_162701799_T_C_b38_T"
 [7] "chr1_162704548_G_A_b38_G" "chr1_162705250_T_C_b38_T"
 [9] "chr1_162706401_C_T_b38_C" "chr1_162710700_T_C_b38_T"
[11] "chr1_162714569_T_C_b38_T" "chr1_162722878_C_G_b38_C"
[13] "chr1_162733892_A_G_b38_A" "chr1_162742199_A_T_b38_A"
[15] "chr1_162742900_G_A_b38_G" "chr1_162743999_G_A_b38_G"
[17] "chr1_162744207_T_C_b38_T" "chr1_162752426_G_A_b38_G"
[19] "chr1_162763446_G_A_b38_G" "chr1_162798738_C_G_b38_C"
[21] "chr1_162803606_G_A_b38_G" "chr1_162909861_T_C_b38_T"
6 SNP(s) removed because HWE P < 1e-08 :
[1] "chr17_28439190_A_C_b38_A" "chr17_28439714_T_C_b38_T"
[3] "chr17_28441937_G_A_b38_G" "chr17_28452019_C_T_b38_C"
[5] "chr17_28452207_C_G_b38_C" "chr17_28459762_C_A_b38_C"
74 SNP(s) removed because HWE P < 1e-08 :
 [1] "chr21_31920396_G_A_b38_G" "chr21_31935565_G_C_b38_G"
 [3] "chr21_31935580_T_G_b38_T" "chr21_32134286_A_T_b38_A"
 [5] "chr21_32238948_G_A_b38_G" "chr21_32250914_C_T_b38_C"
 [7] "chr21_32311415_A_C_b38_A" "chr21_32410343_C_T_b38_C"
 [9] "chr21_32432979_G_A_b38_G" "chr21_32432987_A_C_b38_A"
[11] "chr21_32432995_G_A_b38_G" "chr21_32433065_T_A_b38_T"
[13] "chr21_32433084_C_T_b38_C" "chr21_32433553_G_A_b38_G"
[15] "chr21_32433554_C_G_b38_C" "chr21_32433562_T_C_b38_T"
[17] "chr21_32433629_A_G_b38_A" "chr21_32433656_G_A_b38_G"
[19] "chr21_32433663_A_T_b38_A" "chr21_32434706_A_G_b38_A"
[21] "chr21_32434713_T_C_b38_T" "chr21_32434721_A_C_b38_A"
[23] "chr21_32434746_A_C_b38_A" "chr21_32434842_G_A_b38_G"
[25] "chr21_32434867_C_T_b38_C" "chr21_32434878_G_A_b38_G"
[27] "chr21_32434919_T_G_b38_T" "chr21_32434927_C_T_b38_C"
[29] "chr21_32434967_T_G_b38_T" "chr21_32434971_T_C_b38_T"
[31] "chr21_32434992_T_C_b38_T" "chr21_32435003_T_G_b38_T"
[33] "chr21_32435004_T_C_b38_T" "chr21_32435117_A_G_b38_A"
[35] "chr21_32435125_T_C_b38_T" "chr21_32435126_G_C_b38_G"
[37] "chr21_32435133_C_A_b38_C" "chr21_32435360_C_T_b38_C"
[39] "chr21_32435400_A_G_b38_A" "chr21_32435408_T_C_b38_T"
[41] "chr21_32435414_A_G_b38_A" "chr21_32435436_C_T_b38_C"
[43] "chr21_32435462_C_T_b38_C" "chr21_32435661_G_C_b38_G"
[45] "chr21_32435666_T_G_b38_T" "chr21_32435667_A_G_b38_A"
[47] "chr21_32435716_C_T_b38_C" "chr21_32435721_G_A_b38_G"
[49] "chr21_32435728_T_C_b38_T" "chr21_32435763_C_T_b38_C"
[51] "chr21_32435766_A_C_b38_A" "chr21_32435898_C_T_b38_C"
[53] "chr21_32435949_T_A_b38_T" "chr21_32435990_T_A_b38_T"
[55] "chr21_32436019_G_A_b38_G" "chr21_32436447_T_A_b38_T"
[57] "chr21_32436465_A_C_b38_A" "chr21_32436477_T_A_b38_T"
[59] "chr21_32436484_T_C_b38_T" "chr21_32436539_G_A_b38_G"
[61] "chr21_32436627_G_A_b38_G" "chr21_32436628_G_A_b38_G"
[63] "chr21_32436637_A_G_b38_A" "chr21_32436702_C_T_b38_C"
[65] "chr21_32436736_G_A_b38_G" "chr21_32436746_A_G_b38_A"
[67] "chr21_32437187_G_C_b38_G" "chr21_32437224_A_G_b38_A"
[69] "chr21_32437249_C_A_b38_C" "chr21_32437250_G_A_b38_G"
[71] "chr21_32437258_C_G_b38_C" "chr21_32621877_A_T_b38_A"
[73] "chr21_32660622_A_G_b38_A" "chr21_32660624_C_T_b38_C"
6 SNP(s) removed because HWE P < 1e-08 :
[1] "chr13_29549344_C_T_b38_C" "chr13_29949626_G_C_b38_G"
[3] "chr13_30062346_T_C_b38_T" "chr13_30062379_G_C_b38_G"
[5] "chr13_30121793_C_T_b38_C" "chr13_30160356_C_T_b38_C"
6 SNP(s) removed because HWE P < 1e-08 :
[1] "chr17_28439190_A_C_b38_A" "chr17_28439714_T_C_b38_T"
[3] "chr17_28441937_G_A_b38_G" "chr17_28452019_C_T_b38_C"
[5] "chr17_28452207_C_G_b38_C" "chr17_28459762_C_A_b38_C"
86 SNP(s) removed because HWE P < 1e-08 :
 [1] "chr11_12602581_C_A_b38_C" "chr11_12624958_C_A_b38_C"
 [3] "chr11_12709357_A_C_b38_A" "chr11_12711743_G_T_b38_G"
 [5] "chr11_12712147_G_A_b38_G" "chr11_12714195_C_T_b38_C"
 [7] "chr11_12714879_C_G_b38_C" "chr11_12715017_G_A_b38_G"
 [9] "chr11_12715147_C_T_b38_C" "chr11_12715325_A_G_b38_A"
[11] "chr11_12715946_C_T_b38_C" "chr11_12715993_T_C_b38_T"
[13] "chr11_12717103_G_A_b38_G" "chr11_12717141_C_A_b38_C"
[15] "chr11_12722267_A_G_b38_A" "chr11_12722492_G_A_b38_G"
[17] "chr11_12722623_A_G_b38_A" "chr11_12725406_G_A_b38_G"
[19] "chr11_12726375_G_A_b38_G" "chr11_12730213_C_A_b38_C"
[21] "chr11_12731602_A_G_b38_A" "chr11_12750963_G_C_b38_G"
[23] "chr11_12757747_T_C_b38_T" "chr11_12757888_G_T_b38_G"
[25] "chr11_12758617_C_T_b38_C" "chr11_12758709_T_C_b38_T"
[27] "chr11_12759469_G_A_b38_G" "chr11_12775522_G_C_b38_G"
[29] "chr11_12781165_A_G_b38_A" "chr11_12797262_G_A_b38_G"
[31] "chr11_12801705_T_G_b38_T" "chr11_12806545_C_T_b38_C"
[33] "chr11_12810221_C_T_b38_C" "chr11_12820345_A_C_b38_A"
[35] "chr11_12959220_G_C_b38_G" "chr11_13145421_T_C_b38_T"
[37] "chr11_13159063_A_T_b38_A" "chr11_13160043_T_C_b38_T"
[39] "chr11_13161191_T_G_b38_T" "chr11_13162034_C_T_b38_C"
[41] "chr11_13163679_G_A_b38_G" "chr11_13167486_A_G_b38_A"
[43] "chr11_13167824_C_G_b38_C" "chr11_13168039_T_G_b38_T"
[45] "chr11_13168424_A_T_b38_A" "chr11_13168751_C_A_b38_C"
[47] "chr11_13168868_C_G_b38_C" "chr11_13170516_C_T_b38_C"
[49] "chr11_13171300_T_A_b38_T" "chr11_13171711_G_C_b38_G"
[51] "chr11_13172324_A_C_b38_A" "chr11_13172527_T_C_b38_T"
[53] "chr11_13172742_G_A_b38_G" "chr11_13173008_G_A_b38_G"
[55] "chr11_13173311_A_C_b38_A" "chr11_13173332_G_A_b38_G"
[57] "chr11_13173916_G_A_b38_G" "chr11_13174617_C_T_b38_C"
[59] "chr11_13174658_A_G_b38_A" "chr11_13175460_G_T_b38_G"
[61] "chr11_13175491_T_C_b38_T" "chr11_13176427_A_G_b38_A"
[63] "chr11_13176535_G_A_b38_G" "chr11_13176583_C_T_b38_C"
[65] "chr11_13177356_T_C_b38_T" "chr11_13178288_C_T_b38_C"
[67] "chr11_13178878_C_T_b38_C" "chr11_13179392_C_G_b38_C"
[69] "chr11_13179991_G_A_b38_G" "chr11_13180396_T_C_b38_T"
[71] "chr11_13181122_C_T_b38_C" "chr11_13181132_T_A_b38_T"
[73] "chr11_13181163_T_G_b38_T" "chr11_13181254_G_A_b38_G"
[75] "chr11_13181293_C_T_b38_C" "chr11_13181360_G_A_b38_G"
[77] "chr11_13181664_A_G_b38_A" "chr11_13182114_G_A_b38_G"
[79] "chr11_13182203_G_A_b38_G" "chr11_13182610_C_T_b38_C"
[81] "chr11_13182823_T_C_b38_T" "chr11_13183287_G_A_b38_G"
[83] "chr11_13184213_G_A_b38_G" "chr11_13301971_T_C_b38_T"
[85] "chr11_13316281_G_A_b38_G" "chr11_13395112_C_G_b38_C"
51 SNP(s) removed because HWE P < 1e-08 :
 [1] "chr19_50749708_G_C_b38_G" "chr19_50842031_A_G_b38_A"
 [3] "chr19_50896788_T_C_b38_T" "chr19_50897100_A_G_b38_A"
 [5] "chr19_50897145_C_T_b38_C" "chr19_50948431_C_T_b38_C"
 [7] "chr19_50957933_A_G_b38_A" "chr19_51083323_T_G_b38_T"
 [9] "chr19_51107599_A_G_b38_A" "chr19_51107741_T_G_b38_T"
[11] "chr19_51108006_G_A_b38_G" "chr19_51116302_T_C_b38_T"
[13] "chr19_51120922_T_G_b38_T" "chr19_51121015_T_G_b38_T"
[15] "chr19_51121279_T_C_b38_T" "chr19_51121832_A_C_b38_A"
[17] "chr19_51121942_T_C_b38_T" "chr19_51122379_A_G_b38_A"
[19] "chr19_51122568_A_G_b38_A" "chr19_51122642_G_C_b38_G"
[21] "chr19_51123685_A_G_b38_A" "chr19_51136723_A_G_b38_A"
[23] "chr19_51172375_T_C_b38_T" "chr19_51173311_A_G_b38_A"
[25] "chr19_51173876_T_C_b38_T" "chr19_51184134_C_T_b38_C"
[27] "chr19_51201503_A_G_b38_A" "chr19_51208344_T_C_b38_T"
[29] "chr19_51208365_C_T_b38_C" "chr19_51212754_T_C_b38_T"
[31] "chr19_51235665_T_C_b38_T" "chr19_51251278_A_C_b38_A"
[33] "chr19_51280161_A_G_b38_A" "chr19_51280387_C_T_b38_C"
[35] "chr19_51281207_G_A_b38_G" "chr19_51282770_C_G_b38_C"
[37] "chr19_51283428_T_C_b38_T" "chr19_51284112_C_T_b38_C"
[39] "chr19_51284184_A_C_b38_A" "chr19_51285176_C_A_b38_C"
[41] "chr19_51285861_G_A_b38_G" "chr19_51287738_T_C_b38_T"
[43] "chr19_51290510_A_C_b38_A" "chr19_51291857_T_G_b38_T"
[45] "chr19_51293045_T_C_b38_T" "chr19_51298175_C_T_b38_C"
[47] "chr19_51358092_C_G_b38_C" "chr19_51447917_C_T_b38_C"
[49] "chr19_51447928_A_G_b38_A" "chr19_51448049_T_G_b38_T"
[51] "chr19_51457686_A_G_b38_A"
206 SNP(s) removed because HWE P < 1e-08 :
  [1] "chr4_69192741_A_G_b38_A" "chr4_69192781_A_G_b38_A"
  [3] "chr4_69192789_C_A_b38_C" "chr4_69221605_C_T_b38_C"
  [5] "chr4_69221647_G_A_b38_G" "chr4_69221653_A_G_b38_A"
  [7] "chr4_69221826_C_T_b38_C" "chr4_69221855_A_C_b38_A"
  [9] "chr4_69221935_C_G_b38_C" "chr4_69221938_A_G_b38_A"
 [11] "chr4_69221950_G_T_b38_G" "chr4_69221973_T_G_b38_T"
 [13] "chr4_69222013_T_C_b38_T" "chr4_69222033_C_T_b38_C"
 [15] "chr4_69222035_C_A_b38_C" "chr4_69222126_T_C_b38_T"
 [17] "chr4_69222132_G_C_b38_G" "chr4_69222257_G_A_b38_G"
 [19] "chr4_69222302_A_G_b38_A" "chr4_69222305_A_G_b38_A"
 [21] "chr4_69222307_C_G_b38_C" "chr4_69222348_A_G_b38_A"
 [23] "chr4_69222354_G_A_b38_G" "chr4_69222359_C_A_b38_C"
 [25] "chr4_69241668_T_G_b38_T" "chr4_69241683_A_T_b38_A"
 [27] "chr4_69241691_C_T_b38_C" "chr4_69242353_T_A_b38_T"
 [29] "chr4_69242514_G_C_b38_G" "chr4_69272168_T_C_b38_T"
 [31] "chr4_69272179_C_T_b38_C" "chr4_69272182_C_G_b38_C"
 [33] "chr4_69272195_G_C_b38_G" "chr4_69272232_T_C_b38_T"
 [35] "chr4_69272732_T_C_b38_T" "chr4_69272750_T_A_b38_T"
 [37] "chr4_69272797_G_A_b38_G" "chr4_69272831_A_G_b38_A"
 [39] "chr4_69272838_G_A_b38_G" "chr4_69272841_T_C_b38_T"
 [41] "chr4_69272846_A_G_b38_A" "chr4_69272858_A_G_b38_A"
 [43] "chr4_69273036_G_A_b38_G" "chr4_69273111_C_A_b38_C"
 [45] "chr4_69273131_A_G_b38_A" "chr4_69273233_T_C_b38_T"
 [47] "chr4_69273260_C_A_b38_C" "chr4_69273285_C_G_b38_C"
 [49] "chr4_69273287_C_A_b38_C" "chr4_69273312_C_T_b38_C"
 [51] "chr4_69273337_A_G_b38_A" "chr4_69273368_T_C_b38_T"
 [53] "chr4_69273399_C_G_b38_C" "chr4_69273406_G_A_b38_G"
 [55] "chr4_69273414_C_T_b38_C" "chr4_69273419_A_T_b38_A"
 [57] "chr4_69273424_G_C_b38_G" "chr4_69273445_A_G_b38_A"
 [59] "chr4_69273450_G_C_b38_G" "chr4_69273464_G_A_b38_G"
 [61] "chr4_69273472_T_C_b38_T" "chr4_69273522_G_T_b38_G"
 [63] "chr4_69273543_T_A_b38_T" "chr4_69273568_C_T_b38_C"
 [65] "chr4_69273571_T_C_b38_T" "chr4_69273572_G_A_b38_G"
 [67] "chr4_69273606_C_T_b38_C" "chr4_69273621_A_G_b38_A"
 [69] "chr4_69273623_T_C_b38_T" "chr4_69273686_G_A_b38_G"
 [71] "chr4_69273898_A_G_b38_A" "chr4_69273901_G_A_b38_G"
 [73] "chr4_69273911_G_T_b38_G" "chr4_69273965_A_G_b38_A"
 [75] "chr4_69273974_C_G_b38_C" "chr4_69274018_T_A_b38_T"
 [77] "chr4_69274019_C_A_b38_C" "chr4_69274041_G_A_b38_G"
 [79] "chr4_69274084_T_G_b38_T" "chr4_69274097_A_G_b38_A"
 [81] "chr4_69274134_G_T_b38_G" "chr4_69274141_A_G_b38_A"
 [83] "chr4_69274183_C_T_b38_C" "chr4_69274220_T_C_b38_T"
 [85] "chr4_69274223_A_G_b38_A" "chr4_69274232_T_C_b38_T"
 [87] "chr4_69274275_A_T_b38_A" "chr4_69274288_G_T_b38_G"
 [89] "chr4_69274343_G_T_b38_G" "chr4_69274358_A_G_b38_A"
 [91] "chr4_69274362_A_G_b38_A" "chr4_69274370_C_T_b38_C"
 [93] "chr4_69274378_T_C_b38_T" "chr4_69274383_C_T_b38_C"
 [95] "chr4_69274384_T_G_b38_T" "chr4_69274407_T_A_b38_T"
 [97] "chr4_69274424_C_T_b38_C" "chr4_69274428_T_G_b38_T"
 [99] "chr4_69274437_G_A_b38_G" "chr4_69339510_G_A_b38_G"
[101] "chr4_69339662_A_G_b38_A" "chr4_69381005_T_A_b38_T"
[103] "chr4_69381020_T_A_b38_T" "chr4_69381022_G_A_b38_G"
[105] "chr4_69381053_C_A_b38_C" "chr4_69381061_G_A_b38_G"
[107] "chr4_69381124_A_C_b38_A" "chr4_69381125_A_G_b38_A"
[109] "chr4_69381146_T_C_b38_T" "chr4_69381157_C_T_b38_C"
[111] "chr4_69381158_A_G_b38_A" "chr4_69381178_T_C_b38_T"
[113] "chr4_69381180_A_C_b38_A" "chr4_69381193_G_A_b38_G"
[115] "chr4_69381233_A_C_b38_A" "chr4_69381237_G_A_b38_G"
[117] "chr4_69381299_T_C_b38_T" "chr4_69381352_T_C_b38_T"
[119] "chr4_69381354_T_C_b38_T" "chr4_69381377_T_A_b38_T"
[121] "chr4_69381396_A_C_b38_A" "chr4_69381434_G_A_b38_G"
[123] "chr4_69381440_A_G_b38_A" "chr4_69381445_A_G_b38_A"
[125] "chr4_69381451_A_T_b38_A" "chr4_69381483_G_A_b38_G"
[127] "chr4_69381494_C_T_b38_C" "chr4_69381500_T_C_b38_T"
[129] "chr4_69381531_C_T_b38_C" "chr4_69381542_G_A_b38_G"
[131] "chr4_69381569_A_C_b38_A" "chr4_69381595_T_G_b38_T"
[133] "chr4_69381596_C_T_b38_C" "chr4_69381627_G_A_b38_G"
[135] "chr4_69381634_C_T_b38_C" "chr4_69381642_G_C_b38_G"
[137] "chr4_69381662_G_C_b38_G" "chr4_69381664_T_C_b38_T"
[139] "chr4_69381682_G_A_b38_G" "chr4_69381749_A_G_b38_A"
[141] "chr4_69381767_G_A_b38_G" "chr4_69381783_T_C_b38_T"
[143] "chr4_69381784_G_A_b38_G" "chr4_69381808_A_G_b38_A"
[145] "chr4_69381823_A_G_b38_A" "chr4_69381835_A_G_b38_A"
[147] "chr4_69381874_T_A_b38_T" "chr4_69381881_T_C_b38_T"
[149] "chr4_69381885_G_A_b38_G" "chr4_69381908_G_A_b38_G"
[151] "chr4_69381986_G_A_b38_G" "chr4_69382249_T_G_b38_T"
[153] "chr4_69382268_C_A_b38_C" "chr4_69382293_C_T_b38_C"
[155] "chr4_69382856_A_G_b38_A" "chr4_69382881_G_A_b38_G"
[157] "chr4_69382923_A_G_b38_A" "chr4_69382987_T_C_b38_T"
[159] "chr4_69382988_G_T_b38_G" "chr4_69382998_T_A_b38_T"
[161] "chr4_69382999_C_A_b38_C" "chr4_69383006_C_G_b38_C"
[163] "chr4_69383023_A_T_b38_A" "chr4_69383031_T_C_b38_T"
[165] "chr4_69383038_T_G_b38_T" "chr4_69383115_G_T_b38_G"
[167] "chr4_69383166_G_T_b38_G" "chr4_69383173_C_G_b38_C"
[169] "chr4_69383179_C_T_b38_C" "chr4_69383191_T_G_b38_T"
[171] "chr4_69383201_T_C_b38_T" "chr4_69383204_A_G_b38_A"
[173] "chr4_69383256_C_T_b38_C" "chr4_69383288_G_A_b38_G"
[175] "chr4_69383307_T_C_b38_T" "chr4_69383316_C_T_b38_C"
[177] "chr4_69383324_G_T_b38_G" "chr4_69383359_T_C_b38_T"
[179] "chr4_69383364_C_T_b38_C" "chr4_69383365_T_G_b38_T"
[181] "chr4_69383368_A_C_b38_A" "chr4_69383377_A_G_b38_A"
[183] "chr4_69383388_T_A_b38_T" "chr4_69383421_G_A_b38_G"
[185] "chr4_69383427_A_C_b38_A" "chr4_69383477_G_A_b38_G"
[187] "chr4_69383483_G_A_b38_G" "chr4_69383489_A_G_b38_A"
[189] "chr4_69383508_A_C_b38_A" "chr4_69383526_A_T_b38_A"
[191] "chr4_69383529_G_C_b38_G" "chr4_69383530_T_C_b38_T"
[193] "chr4_69383537_A_C_b38_A" "chr4_69383549_T_C_b38_T"
[195] "chr4_69383606_G_C_b38_G" "chr4_69383611_T_C_b38_T"
[197] "chr4_69383616_C_T_b38_C" "chr4_69383676_G_T_b38_G"
[199] "chr4_69383682_A_C_b38_A" "chr4_69383701_C_T_b38_C"
[201] "chr4_69383715_A_G_b38_A" "chr4_69383716_A_T_b38_A"
[203] "chr4_69383718_G_C_b38_G" "chr4_69977454_A_G_b38_A"
[205] "chr4_70112024_A_C_b38_A" "chr4_70112374_A_G_b38_A"
6 SNP(s) removed because HWE P < 1e-08 :
[1] "chr17_28439190_A_C_b38_A" "chr17_28439714_T_C_b38_T"
[3] "chr17_28441937_G_A_b38_G" "chr17_28452019_C_T_b38_C"
[5] "chr17_28452207_C_G_b38_C" "chr17_28459762_C_A_b38_C"
74 SNP(s) removed because HWE P < 1e-08 :
 [1] "chr21_31920396_G_A_b38_G" "chr21_31935565_G_C_b38_G"
 [3] "chr21_31935580_T_G_b38_T" "chr21_32134286_A_T_b38_A"
 [5] "chr21_32238948_G_A_b38_G" "chr21_32250914_C_T_b38_C"
 [7] "chr21_32311415_A_C_b38_A" "chr21_32410343_C_T_b38_C"
 [9] "chr21_32432979_G_A_b38_G" "chr21_32432987_A_C_b38_A"
[11] "chr21_32432995_G_A_b38_G" "chr21_32433065_T_A_b38_T"
[13] "chr21_32433084_C_T_b38_C" "chr21_32433553_G_A_b38_G"
[15] "chr21_32433554_C_G_b38_C" "chr21_32433562_T_C_b38_T"
[17] "chr21_32433629_A_G_b38_A" "chr21_32433656_G_A_b38_G"
[19] "chr21_32433663_A_T_b38_A" "chr21_32434706_A_G_b38_A"
[21] "chr21_32434713_T_C_b38_T" "chr21_32434721_A_C_b38_A"
[23] "chr21_32434746_A_C_b38_A" "chr21_32434842_G_A_b38_G"
[25] "chr21_32434867_C_T_b38_C" "chr21_32434878_G_A_b38_G"
[27] "chr21_32434919_T_G_b38_T" "chr21_32434927_C_T_b38_C"
[29] "chr21_32434967_T_G_b38_T" "chr21_32434971_T_C_b38_T"
[31] "chr21_32434992_T_C_b38_T" "chr21_32435003_T_G_b38_T"
[33] "chr21_32435004_T_C_b38_T" "chr21_32435117_A_G_b38_A"
[35] "chr21_32435125_T_C_b38_T" "chr21_32435126_G_C_b38_G"
[37] "chr21_32435133_C_A_b38_C" "chr21_32435360_C_T_b38_C"
[39] "chr21_32435400_A_G_b38_A" "chr21_32435408_T_C_b38_T"
[41] "chr21_32435414_A_G_b38_A" "chr21_32435436_C_T_b38_C"
[43] "chr21_32435462_C_T_b38_C" "chr21_32435661_G_C_b38_G"
[45] "chr21_32435666_T_G_b38_T" "chr21_32435667_A_G_b38_A"
[47] "chr21_32435716_C_T_b38_C" "chr21_32435721_G_A_b38_G"
[49] "chr21_32435728_T_C_b38_T" "chr21_32435763_C_T_b38_C"
[51] "chr21_32435766_A_C_b38_A" "chr21_32435898_C_T_b38_C"
[53] "chr21_32435949_T_A_b38_T" "chr21_32435990_T_A_b38_T"
[55] "chr21_32436019_G_A_b38_G" "chr21_32436447_T_A_b38_T"
[57] "chr21_32436465_A_C_b38_A" "chr21_32436477_T_A_b38_T"
[59] "chr21_32436484_T_C_b38_T" "chr21_32436539_G_A_b38_G"
[61] "chr21_32436627_G_A_b38_G" "chr21_32436628_G_A_b38_G"
[63] "chr21_32436637_A_G_b38_A" "chr21_32436702_C_T_b38_C"
[65] "chr21_32436736_G_A_b38_G" "chr21_32436746_A_G_b38_A"
[67] "chr21_32437187_G_C_b38_G" "chr21_32437224_A_G_b38_A"
[69] "chr21_32437249_C_A_b38_C" "chr21_32437250_G_A_b38_G"
[71] "chr21_32437258_C_G_b38_C" "chr21_32621877_A_T_b38_A"
[73] "chr21_32660622_A_G_b38_A" "chr21_32660624_C_T_b38_C"
37 SNP(s) removed because HWE P < 1e-08 :
 [1] "chr16_24109784_G_A_b38_G" "chr16_24227690_G_C_b38_G"
 [3] "chr16_24233628_G_C_b38_G" "chr16_24496566_C_T_b38_C"
 [5] "chr16_24496764_C_A_b38_C" "chr16_24499309_C_T_b38_C"
 [7] "chr16_24870481_A_C_b38_A" "chr16_24873006_G_A_b38_G"
 [9] "chr16_24884357_A_G_b38_A" "chr16_24917601_A_G_b38_A"
[11] "chr16_24917765_G_A_b38_G" "chr16_24917986_T_C_b38_T"
[13] "chr16_24919227_T_C_b38_T" "chr16_24920477_C_T_b38_C"
[15] "chr16_24920573_A_G_b38_A" "chr16_24921599_T_C_b38_T"
[17] "chr16_24923143_G_T_b38_G" "chr16_24924245_T_C_b38_T"
[19] "chr16_24924716_A_T_b38_A" "chr16_24925306_A_G_b38_A"
[21] "chr16_24927264_T_C_b38_T" "chr16_24932825_T_C_b38_T"
[23] "chr16_24940578_A_G_b38_A" "chr16_24943087_G_A_b38_G"
[25] "chr16_24943465_A_G_b38_A" "chr16_24945135_A_G_b38_A"
[27] "chr16_24945229_T_G_b38_T" "chr16_24945237_A_C_b38_A"
[29] "chr16_24947347_A_C_b38_A" "chr16_24947664_G_A_b38_G"
[31] "chr16_24948730_C_G_b38_C" "chr16_24950568_T_C_b38_T"
[33] "chr16_24952718_T_C_b38_T" "chr16_24953197_T_C_b38_T"
[35] "chr16_24953395_G_T_b38_G" "chr16_24953714_C_T_b38_C"
[37] "chr16_24955202_T_C_b38_T"
22 SNP(s) removed because HWE P < 1e-08 :
 [1] "chr4_8044692_G_T_b38_G" "chr4_8044693_A_C_b38_A" "chr4_8059763_G_A_b38_G"
 [4] "chr4_8100031_G_T_b38_G" "chr4_8100581_C_T_b38_C" "chr4_8306668_C_G_b38_C"
 [7] "chr4_8557849_T_C_b38_T" "chr4_8557938_A_C_b38_A" "chr4_8557958_G_A_b38_G"
[10] "chr4_8557961_C_T_b38_C" "chr4_8585626_A_G_b38_A" "chr4_8603756_G_C_b38_G"
[13] "chr4_8632004_T_A_b38_T" "chr4_8632045_A_G_b38_A" "chr4_8635779_A_G_b38_A"
[16] "chr4_8655103_T_G_b38_T" "chr4_8655200_C_G_b38_C" "chr4_8656155_G_C_b38_G"
[19] "chr4_8659539_G_A_b38_G" "chr4_8661217_T_G_b38_T" "chr4_8674262_C_G_b38_C"
[22] "chr4_8677036_C_A_b38_C"
6 SNP(s) removed because HWE P < 1e-08 :
[1] "chr17_28439190_A_C_b38_A" "chr17_28439714_T_C_b38_T"
[3] "chr17_28441937_G_A_b38_G" "chr17_28452019_C_T_b38_C"
[5] "chr17_28452207_C_G_b38_C" "chr17_28459762_C_A_b38_C"
39 SNP(s) removed because HWE P < 1e-08 :
 [1] "chr22_49765666_G_C_b38_G" "chr22_49770965_G_C_b38_G"
 [3] "chr22_49837507_C_G_b38_C" "chr22_49846939_C_A_b38_C"
 [5] "chr22_49848251_T_C_b38_T" "chr22_49872508_G_A_b38_G"
 [7] "chr22_49880142_T_C_b38_T" "chr22_49880243_G_T_b38_G"
 [9] "chr22_49883047_G_C_b38_G" "chr22_49894697_A_G_b38_A"
[11] "chr22_49906790_T_C_b38_T" "chr22_49921580_T_C_b38_T"
[13] "chr22_49921715_C_A_b38_C" "chr22_49973759_T_C_b38_T"
[15] "chr22_50013858_A_C_b38_A" "chr22_50357867_G_A_b38_G"
[17] "chr22_50371703_G_C_b38_G" "chr22_50418711_G_A_b38_G"
[19] "chr22_50424402_A_C_b38_A" "chr22_50424421_C_A_b38_C"
[21] "chr22_50424423_C_T_b38_C" "chr22_50495487_G_A_b38_G"
[23] "chr22_50495498_T_C_b38_T" "chr22_50495499_G_A_b38_G"
[25] "chr22_50508159_C_G_b38_C" "chr22_50509182_A_G_b38_A"
[27] "chr22_50509488_T_C_b38_T" "chr22_50509962_A_G_b38_A"
[29] "chr22_50510817_C_T_b38_C" "chr22_50510967_T_C_b38_T"
[31] "chr22_50511806_T_C_b38_T" "chr22_50512014_T_C_b38_T"
[33] "chr22_50512298_G_A_b38_G" "chr22_50512549_T_G_b38_T"
[35] "chr22_50513313_G_C_b38_G" "chr22_50513793_G_A_b38_G"
[37] "chr22_50542614_C_T_b38_C" "chr22_50542624_A_T_b38_A"
[39] "chr22_50712000_C_T_b38_C"
86 SNP(s) removed because HWE P < 1e-08 :
 [1] "chr11_12602581_C_A_b38_C" "chr11_12624958_C_A_b38_C"
 [3] "chr11_12709357_A_C_b38_A" "chr11_12711743_G_T_b38_G"
 [5] "chr11_12712147_G_A_b38_G" "chr11_12714195_C_T_b38_C"
 [7] "chr11_12714879_C_G_b38_C" "chr11_12715017_G_A_b38_G"
 [9] "chr11_12715147_C_T_b38_C" "chr11_12715325_A_G_b38_A"
[11] "chr11_12715946_C_T_b38_C" "chr11_12715993_T_C_b38_T"
[13] "chr11_12717103_G_A_b38_G" "chr11_12717141_C_A_b38_C"
[15] "chr11_12722267_A_G_b38_A" "chr11_12722492_G_A_b38_G"
[17] "chr11_12722623_A_G_b38_A" "chr11_12725406_G_A_b38_G"
[19] "chr11_12726375_G_A_b38_G" "chr11_12730213_C_A_b38_C"
[21] "chr11_12731602_A_G_b38_A" "chr11_12750963_G_C_b38_G"
[23] "chr11_12757747_T_C_b38_T" "chr11_12757888_G_T_b38_G"
[25] "chr11_12758617_C_T_b38_C" "chr11_12758709_T_C_b38_T"
[27] "chr11_12759469_G_A_b38_G" "chr11_12775522_G_C_b38_G"
[29] "chr11_12781165_A_G_b38_A" "chr11_12797262_G_A_b38_G"
[31] "chr11_12801705_T_G_b38_T" "chr11_12806545_C_T_b38_C"
[33] "chr11_12810221_C_T_b38_C" "chr11_12820345_A_C_b38_A"
[35] "chr11_12959220_G_C_b38_G" "chr11_13145421_T_C_b38_T"
[37] "chr11_13159063_A_T_b38_A" "chr11_13160043_T_C_b38_T"
[39] "chr11_13161191_T_G_b38_T" "chr11_13162034_C_T_b38_C"
[41] "chr11_13163679_G_A_b38_G" "chr11_13167486_A_G_b38_A"
[43] "chr11_13167824_C_G_b38_C" "chr11_13168039_T_G_b38_T"
[45] "chr11_13168424_A_T_b38_A" "chr11_13168751_C_A_b38_C"
[47] "chr11_13168868_C_G_b38_C" "chr11_13170516_C_T_b38_C"
[49] "chr11_13171300_T_A_b38_T" "chr11_13171711_G_C_b38_G"
[51] "chr11_13172324_A_C_b38_A" "chr11_13172527_T_C_b38_T"
[53] "chr11_13172742_G_A_b38_G" "chr11_13173008_G_A_b38_G"
[55] "chr11_13173311_A_C_b38_A" "chr11_13173332_G_A_b38_G"
[57] "chr11_13173916_G_A_b38_G" "chr11_13174617_C_T_b38_C"
[59] "chr11_13174658_A_G_b38_A" "chr11_13175460_G_T_b38_G"
[61] "chr11_13175491_T_C_b38_T" "chr11_13176427_A_G_b38_A"
[63] "chr11_13176535_G_A_b38_G" "chr11_13176583_C_T_b38_C"
[65] "chr11_13177356_T_C_b38_T" "chr11_13178288_C_T_b38_C"
[67] "chr11_13178878_C_T_b38_C" "chr11_13179392_C_G_b38_C"
[69] "chr11_13179991_G_A_b38_G" "chr11_13180396_T_C_b38_T"
[71] "chr11_13181122_C_T_b38_C" "chr11_13181132_T_A_b38_T"
[73] "chr11_13181163_T_G_b38_T" "chr11_13181254_G_A_b38_G"
[75] "chr11_13181293_C_T_b38_C" "chr11_13181360_G_A_b38_G"
[77] "chr11_13181664_A_G_b38_A" "chr11_13182114_G_A_b38_G"
[79] "chr11_13182203_G_A_b38_G" "chr11_13182610_C_T_b38_C"
[81] "chr11_13182823_T_C_b38_T" "chr11_13183287_G_A_b38_G"
[83] "chr11_13184213_G_A_b38_G" "chr11_13301971_T_C_b38_T"
[85] "chr11_13316281_G_A_b38_G" "chr11_13395112_C_G_b38_C"
206 SNP(s) removed because HWE P < 1e-08 :
  [1] "chr4_69192741_A_G_b38_A" "chr4_69192781_A_G_b38_A"
  [3] "chr4_69192789_C_A_b38_C" "chr4_69221605_C_T_b38_C"
  [5] "chr4_69221647_G_A_b38_G" "chr4_69221653_A_G_b38_A"
  [7] "chr4_69221826_C_T_b38_C" "chr4_69221855_A_C_b38_A"
  [9] "chr4_69221935_C_G_b38_C" "chr4_69221938_A_G_b38_A"
 [11] "chr4_69221950_G_T_b38_G" "chr4_69221973_T_G_b38_T"
 [13] "chr4_69222013_T_C_b38_T" "chr4_69222033_C_T_b38_C"
 [15] "chr4_69222035_C_A_b38_C" "chr4_69222126_T_C_b38_T"
 [17] "chr4_69222132_G_C_b38_G" "chr4_69222257_G_A_b38_G"
 [19] "chr4_69222302_A_G_b38_A" "chr4_69222305_A_G_b38_A"
 [21] "chr4_69222307_C_G_b38_C" "chr4_69222348_A_G_b38_A"
 [23] "chr4_69222354_G_A_b38_G" "chr4_69222359_C_A_b38_C"
 [25] "chr4_69241668_T_G_b38_T" "chr4_69241683_A_T_b38_A"
 [27] "chr4_69241691_C_T_b38_C" "chr4_69242353_T_A_b38_T"
 [29] "chr4_69242514_G_C_b38_G" "chr4_69272168_T_C_b38_T"
 [31] "chr4_69272179_C_T_b38_C" "chr4_69272182_C_G_b38_C"
 [33] "chr4_69272195_G_C_b38_G" "chr4_69272232_T_C_b38_T"
 [35] "chr4_69272732_T_C_b38_T" "chr4_69272750_T_A_b38_T"
 [37] "chr4_69272797_G_A_b38_G" "chr4_69272831_A_G_b38_A"
 [39] "chr4_69272838_G_A_b38_G" "chr4_69272841_T_C_b38_T"
 [41] "chr4_69272846_A_G_b38_A" "chr4_69272858_A_G_b38_A"
 [43] "chr4_69273036_G_A_b38_G" "chr4_69273111_C_A_b38_C"
 [45] "chr4_69273131_A_G_b38_A" "chr4_69273233_T_C_b38_T"
 [47] "chr4_69273260_C_A_b38_C" "chr4_69273285_C_G_b38_C"
 [49] "chr4_69273287_C_A_b38_C" "chr4_69273312_C_T_b38_C"
 [51] "chr4_69273337_A_G_b38_A" "chr4_69273368_T_C_b38_T"
 [53] "chr4_69273399_C_G_b38_C" "chr4_69273406_G_A_b38_G"
 [55] "chr4_69273414_C_T_b38_C" "chr4_69273419_A_T_b38_A"
 [57] "chr4_69273424_G_C_b38_G" "chr4_69273445_A_G_b38_A"
 [59] "chr4_69273450_G_C_b38_G" "chr4_69273464_G_A_b38_G"
 [61] "chr4_69273472_T_C_b38_T" "chr4_69273522_G_T_b38_G"
 [63] "chr4_69273543_T_A_b38_T" "chr4_69273568_C_T_b38_C"
 [65] "chr4_69273571_T_C_b38_T" "chr4_69273572_G_A_b38_G"
 [67] "chr4_69273606_C_T_b38_C" "chr4_69273621_A_G_b38_A"
 [69] "chr4_69273623_T_C_b38_T" "chr4_69273686_G_A_b38_G"
 [71] "chr4_69273898_A_G_b38_A" "chr4_69273901_G_A_b38_G"
 [73] "chr4_69273911_G_T_b38_G" "chr4_69273965_A_G_b38_A"
 [75] "chr4_69273974_C_G_b38_C" "chr4_69274018_T_A_b38_T"
 [77] "chr4_69274019_C_A_b38_C" "chr4_69274041_G_A_b38_G"
 [79] "chr4_69274084_T_G_b38_T" "chr4_69274097_A_G_b38_A"
 [81] "chr4_69274134_G_T_b38_G" "chr4_69274141_A_G_b38_A"
 [83] "chr4_69274183_C_T_b38_C" "chr4_69274220_T_C_b38_T"
 [85] "chr4_69274223_A_G_b38_A" "chr4_69274232_T_C_b38_T"
 [87] "chr4_69274275_A_T_b38_A" "chr4_69274288_G_T_b38_G"
 [89] "chr4_69274343_G_T_b38_G" "chr4_69274358_A_G_b38_A"
 [91] "chr4_69274362_A_G_b38_A" "chr4_69274370_C_T_b38_C"
 [93] "chr4_69274378_T_C_b38_T" "chr4_69274383_C_T_b38_C"
 [95] "chr4_69274384_T_G_b38_T" "chr4_69274407_T_A_b38_T"
 [97] "chr4_69274424_C_T_b38_C" "chr4_69274428_T_G_b38_T"
 [99] "chr4_69274437_G_A_b38_G" "chr4_69339510_G_A_b38_G"
[101] "chr4_69339662_A_G_b38_A" "chr4_69381005_T_A_b38_T"
[103] "chr4_69381020_T_A_b38_T" "chr4_69381022_G_A_b38_G"
[105] "chr4_69381053_C_A_b38_C" "chr4_69381061_G_A_b38_G"
[107] "chr4_69381124_A_C_b38_A" "chr4_69381125_A_G_b38_A"
[109] "chr4_69381146_T_C_b38_T" "chr4_69381157_C_T_b38_C"
[111] "chr4_69381158_A_G_b38_A" "chr4_69381178_T_C_b38_T"
[113] "chr4_69381180_A_C_b38_A" "chr4_69381193_G_A_b38_G"
[115] "chr4_69381233_A_C_b38_A" "chr4_69381237_G_A_b38_G"
[117] "chr4_69381299_T_C_b38_T" "chr4_69381352_T_C_b38_T"
[119] "chr4_69381354_T_C_b38_T" "chr4_69381377_T_A_b38_T"
[121] "chr4_69381396_A_C_b38_A" "chr4_69381434_G_A_b38_G"
[123] "chr4_69381440_A_G_b38_A" "chr4_69381445_A_G_b38_A"
[125] "chr4_69381451_A_T_b38_A" "chr4_69381483_G_A_b38_G"
[127] "chr4_69381494_C_T_b38_C" "chr4_69381500_T_C_b38_T"
[129] "chr4_69381531_C_T_b38_C" "chr4_69381542_G_A_b38_G"
[131] "chr4_69381569_A_C_b38_A" "chr4_69381595_T_G_b38_T"
[133] "chr4_69381596_C_T_b38_C" "chr4_69381627_G_A_b38_G"
[135] "chr4_69381634_C_T_b38_C" "chr4_69381642_G_C_b38_G"
[137] "chr4_69381662_G_C_b38_G" "chr4_69381664_T_C_b38_T"
[139] "chr4_69381682_G_A_b38_G" "chr4_69381749_A_G_b38_A"
[141] "chr4_69381767_G_A_b38_G" "chr4_69381783_T_C_b38_T"
[143] "chr4_69381784_G_A_b38_G" "chr4_69381808_A_G_b38_A"
[145] "chr4_69381823_A_G_b38_A" "chr4_69381835_A_G_b38_A"
[147] "chr4_69381874_T_A_b38_T" "chr4_69381881_T_C_b38_T"
[149] "chr4_69381885_G_A_b38_G" "chr4_69381908_G_A_b38_G"
[151] "chr4_69381986_G_A_b38_G" "chr4_69382249_T_G_b38_T"
[153] "chr4_69382268_C_A_b38_C" "chr4_69382293_C_T_b38_C"
[155] "chr4_69382856_A_G_b38_A" "chr4_69382881_G_A_b38_G"
[157] "chr4_69382923_A_G_b38_A" "chr4_69382987_T_C_b38_T"
[159] "chr4_69382988_G_T_b38_G" "chr4_69382998_T_A_b38_T"
[161] "chr4_69382999_C_A_b38_C" "chr4_69383006_C_G_b38_C"
[163] "chr4_69383023_A_T_b38_A" "chr4_69383031_T_C_b38_T"
[165] "chr4_69383038_T_G_b38_T" "chr4_69383115_G_T_b38_G"
[167] "chr4_69383166_G_T_b38_G" "chr4_69383173_C_G_b38_C"
[169] "chr4_69383179_C_T_b38_C" "chr4_69383191_T_G_b38_T"
[171] "chr4_69383201_T_C_b38_T" "chr4_69383204_A_G_b38_A"
[173] "chr4_69383256_C_T_b38_C" "chr4_69383288_G_A_b38_G"
[175] "chr4_69383307_T_C_b38_T" "chr4_69383316_C_T_b38_C"
[177] "chr4_69383324_G_T_b38_G" "chr4_69383359_T_C_b38_T"
[179] "chr4_69383364_C_T_b38_C" "chr4_69383365_T_G_b38_T"
[181] "chr4_69383368_A_C_b38_A" "chr4_69383377_A_G_b38_A"
[183] "chr4_69383388_T_A_b38_T" "chr4_69383421_G_A_b38_G"
[185] "chr4_69383427_A_C_b38_A" "chr4_69383477_G_A_b38_G"
[187] "chr4_69383483_G_A_b38_G" "chr4_69383489_A_G_b38_A"
[189] "chr4_69383508_A_C_b38_A" "chr4_69383526_A_T_b38_A"
[191] "chr4_69383529_G_C_b38_G" "chr4_69383530_T_C_b38_T"
[193] "chr4_69383537_A_C_b38_A" "chr4_69383549_T_C_b38_T"
[195] "chr4_69383606_G_C_b38_G" "chr4_69383611_T_C_b38_T"
[197] "chr4_69383616_C_T_b38_C" "chr4_69383676_G_T_b38_G"
[199] "chr4_69383682_A_C_b38_A" "chr4_69383701_C_T_b38_C"
[201] "chr4_69383715_A_G_b38_A" "chr4_69383716_A_T_b38_A"
[203] "chr4_69383718_G_C_b38_G" "chr4_69977454_A_G_b38_A"
[205] "chr4_70112024_A_C_b38_A" "chr4_70112374_A_G_b38_A"
6 SNP(s) removed because HWE P < 1e-08 :
[1] "chr17_28439190_A_C_b38_A" "chr17_28439714_T_C_b38_T"
[3] "chr17_28441937_G_A_b38_G" "chr17_28452019_C_T_b38_C"
[5] "chr17_28452207_C_G_b38_C" "chr17_28459762_C_A_b38_C"
6 SNP(s) removed because HWE P < 1e-08 :
[1] "chr13_29549344_C_T_b38_C" "chr13_29949626_G_C_b38_G"
[3] "chr13_30062346_T_C_b38_T" "chr13_30062379_G_C_b38_G"
[5] "chr13_30121793_C_T_b38_C" "chr13_30160356_C_T_b38_C"
56 SNP(s) removed because HWE P < 1e-08 :
 [1] "chr2_234571796_G_C_b38_G" "chr2_234679043_G_T_b38_G"
 [3] "chr2_234679188_T_C_b38_T" "chr2_234758936_C_T_b38_C"
 [5] "chr2_234758982_T_C_b38_T" "chr2_234760203_A_G_b38_A"
 [7] "chr2_234760375_C_T_b38_C" "chr2_234888396_A_G_b38_A"
 [9] "chr2_234888758_T_C_b38_T" "chr2_234894832_A_C_b38_A"
[11] "chr2_234894910_G_A_b38_G" "chr2_234894973_T_C_b38_T"
[13] "chr2_234895017_A_G_b38_A" "chr2_234895077_T_C_b38_T"
[15] "chr2_234895138_G_A_b38_G" "chr2_234895180_T_G_b38_T"
[17] "chr2_234895243_G_C_b38_G" "chr2_234895404_A_G_b38_A"
[19] "chr2_234895495_A_G_b38_A" "chr2_234895594_G_T_b38_G"
[21] "chr2_234895605_G_A_b38_G" "chr2_234895717_A_C_b38_A"
[23] "chr2_234895726_G_A_b38_G" "chr2_234895744_C_T_b38_C"
[25] "chr2_234895756_C_A_b38_C" "chr2_234895848_T_A_b38_T"
[27] "chr2_234895974_C_T_b38_C" "chr2_234895996_G_A_b38_G"
[29] "chr2_234896107_C_G_b38_C" "chr2_234896219_G_C_b38_G"
[31] "chr2_234896302_G_C_b38_G" "chr2_234896331_A_G_b38_A"
[33] "chr2_235001953_C_T_b38_C" "chr2_235013109_C_A_b38_C"
[35] "chr2_235013502_C_T_b38_C" "chr2_235014147_A_G_b38_A"
[37] "chr2_235014329_G_T_b38_G" "chr2_235016380_G_A_b38_G"
[39] "chr2_235017019_T_C_b38_T" "chr2_235018342_C_T_b38_C"
[41] "chr2_235031472_C_T_b38_C" "chr2_235062147_T_G_b38_T"
[43] "chr2_235255566_C_A_b38_C" "chr2_235294463_A_G_b38_A"
[45] "chr2_235316147_T_C_b38_T" "chr2_235374434_A_G_b38_A"
[47] "chr2_235375213_T_C_b38_T" "chr2_235375341_T_C_b38_T"
[49] "chr2_235376857_G_A_b38_G" "chr2_235378897_A_T_b38_A"
[51] "chr2_235380311_G_A_b38_G" "chr2_235383464_G_A_b38_G"
[53] "chr2_235385818_T_C_b38_T" "chr2_235399509_A_G_b38_A"
[55] "chr2_235401021_T_A_b38_T" "chr2_235450334_T_C_b38_T"
6 SNP(s) removed because HWE P < 1e-08 :
[1] "chr13_29549344_C_T_b38_C" "chr13_29949626_G_C_b38_G"
[3] "chr13_30062346_T_C_b38_T" "chr13_30062379_G_C_b38_G"
[5] "chr13_30121793_C_T_b38_C" "chr13_30160356_C_T_b38_C"
69 SNP(s) removed because HWE P < 1e-08 :
 [1] "chr8_81253423_T_C_b38_T" "chr8_81281143_C_T_b38_C"
 [3] "chr8_81289273_A_T_b38_A" "chr8_81297255_A_G_b38_A"
 [5] "chr8_81299436_C_T_b38_C" "chr8_81300344_T_C_b38_T"
 [7] "chr8_81325559_T_C_b38_T" "chr8_81327049_C_G_b38_C"
 [9] "chr8_81327156_T_G_b38_T" "chr8_81327252_A_G_b38_A"
[11] "chr8_81327333_T_C_b38_T" "chr8_81327394_A_G_b38_A"
[13] "chr8_81328362_A_G_b38_A" "chr8_81328531_C_A_b38_C"
[15] "chr8_81329064_T_A_b38_T" "chr8_81329094_T_G_b38_T"
[17] "chr8_81329957_C_T_b38_C" "chr8_81330786_A_G_b38_A"
[19] "chr8_81330873_T_C_b38_T" "chr8_81331043_A_C_b38_A"
[21] "chr8_81331131_T_C_b38_T" "chr8_81331608_C_T_b38_C"
[23] "chr8_81331614_C_T_b38_C" "chr8_81331709_T_G_b38_T"
[25] "chr8_81331864_A_G_b38_A" "chr8_81331877_C_T_b38_C"
[27] "chr8_81332098_G_A_b38_G" "chr8_81332283_A_G_b38_A"
[29] "chr8_81332524_C_T_b38_C" "chr8_81332904_A_T_b38_A"
[31] "chr8_81332906_C_T_b38_C" "chr8_81333125_G_A_b38_G"
[33] "chr8_81333194_G_T_b38_G" "chr8_81333216_T_C_b38_T"
[35] "chr8_81333791_C_T_b38_C" "chr8_81334313_T_C_b38_T"
[37] "chr8_81335686_A_G_b38_A" "chr8_81336303_C_T_b38_C"
[39] "chr8_81464464_C_T_b38_C" "chr8_81468508_A_T_b38_A"
[41] "chr8_81468888_A_G_b38_A" "chr8_81469332_T_C_b38_T"
[43] "chr8_81469415_G_A_b38_G" "chr8_81470506_G_A_b38_G"
[45] "chr8_81470621_C_T_b38_C" "chr8_81471159_T_G_b38_T"
[47] "chr8_81514819_A_C_b38_A" "chr8_81515555_C_T_b38_C"
[49] "chr8_81518769_T_C_b38_T" "chr8_81527961_G_T_b38_G"
[51] "chr8_81900677_A_T_b38_A" "chr8_81900680_C_T_b38_C"
[53] "chr8_81900761_G_T_b38_G" "chr8_81900762_G_A_b38_G"
[55] "chr8_81900773_G_A_b38_G" "chr8_81900776_G_T_b38_G"
[57] "chr8_81900779_T_C_b38_T" "chr8_81900782_C_T_b38_C"
[59] "chr8_81900783_T_C_b38_T" "chr8_81900784_G_A_b38_G"
[61] "chr8_81900789_T_C_b38_T" "chr8_81900796_C_G_b38_C"
[63] "chr8_81900800_G_C_b38_G" "chr8_82127185_G_A_b38_G"
[65] "chr8_82127192_C_G_b38_C" "chr8_82129772_G_C_b38_G"
[67] "chr8_82130336_C_T_b38_C" "chr8_82136891_C_T_b38_C"
[69] "chr8_82137774_C_G_b38_C"
22 SNP(s) removed because HWE P < 1e-08 :
 [1] "chr4_8044692_G_T_b38_G" "chr4_8044693_A_C_b38_A" "chr4_8059763_G_A_b38_G"
 [4] "chr4_8100031_G_T_b38_G" "chr4_8100581_C_T_b38_C" "chr4_8306668_C_G_b38_C"
 [7] "chr4_8557849_T_C_b38_T" "chr4_8557938_A_C_b38_A" "chr4_8557958_G_A_b38_G"
[10] "chr4_8557961_C_T_b38_C" "chr4_8585626_A_G_b38_A" "chr4_8603756_G_C_b38_G"
[13] "chr4_8632004_T_A_b38_T" "chr4_8632045_A_G_b38_A" "chr4_8635779_A_G_b38_A"
[16] "chr4_8655103_T_G_b38_T" "chr4_8655200_C_G_b38_C" "chr4_8656155_G_C_b38_G"
[19] "chr4_8659539_G_A_b38_G" "chr4_8661217_T_G_b38_T" "chr4_8674262_C_G_b38_C"
[22] "chr4_8677036_C_A_b38_C"
86 SNP(s) removed because HWE P < 1e-08 :
 [1] "chr11_12602581_C_A_b38_C" "chr11_12624958_C_A_b38_C"
 [3] "chr11_12709357_A_C_b38_A" "chr11_12711743_G_T_b38_G"
 [5] "chr11_12712147_G_A_b38_G" "chr11_12714195_C_T_b38_C"
 [7] "chr11_12714879_C_G_b38_C" "chr11_12715017_G_A_b38_G"
 [9] "chr11_12715147_C_T_b38_C" "chr11_12715325_A_G_b38_A"
[11] "chr11_12715946_C_T_b38_C" "chr11_12715993_T_C_b38_T"
[13] "chr11_12717103_G_A_b38_G" "chr11_12717141_C_A_b38_C"
[15] "chr11_12722267_A_G_b38_A" "chr11_12722492_G_A_b38_G"
[17] "chr11_12722623_A_G_b38_A" "chr11_12725406_G_A_b38_G"
[19] "chr11_12726375_G_A_b38_G" "chr11_12730213_C_A_b38_C"
[21] "chr11_12731602_A_G_b38_A" "chr11_12750963_G_C_b38_G"
[23] "chr11_12757747_T_C_b38_T" "chr11_12757888_G_T_b38_G"
[25] "chr11_12758617_C_T_b38_C" "chr11_12758709_T_C_b38_T"
[27] "chr11_12759469_G_A_b38_G" "chr11_12775522_G_C_b38_G"
[29] "chr11_12781165_A_G_b38_A" "chr11_12797262_G_A_b38_G"
[31] "chr11_12801705_T_G_b38_T" "chr11_12806545_C_T_b38_C"
[33] "chr11_12810221_C_T_b38_C" "chr11_12820345_A_C_b38_A"
[35] "chr11_12959220_G_C_b38_G" "chr11_13145421_T_C_b38_T"
[37] "chr11_13159063_A_T_b38_A" "chr11_13160043_T_C_b38_T"
[39] "chr11_13161191_T_G_b38_T" "chr11_13162034_C_T_b38_C"
[41] "chr11_13163679_G_A_b38_G" "chr11_13167486_A_G_b38_A"
[43] "chr11_13167824_C_G_b38_C" "chr11_13168039_T_G_b38_T"
[45] "chr11_13168424_A_T_b38_A" "chr11_13168751_C_A_b38_C"
[47] "chr11_13168868_C_G_b38_C" "chr11_13170516_C_T_b38_C"
[49] "chr11_13171300_T_A_b38_T" "chr11_13171711_G_C_b38_G"
[51] "chr11_13172324_A_C_b38_A" "chr11_13172527_T_C_b38_T"
[53] "chr11_13172742_G_A_b38_G" "chr11_13173008_G_A_b38_G"
[55] "chr11_13173311_A_C_b38_A" "chr11_13173332_G_A_b38_G"
[57] "chr11_13173916_G_A_b38_G" "chr11_13174617_C_T_b38_C"
[59] "chr11_13174658_A_G_b38_A" "chr11_13175460_G_T_b38_G"
[61] "chr11_13175491_T_C_b38_T" "chr11_13176427_A_G_b38_A"
[63] "chr11_13176535_G_A_b38_G" "chr11_13176583_C_T_b38_C"
[65] "chr11_13177356_T_C_b38_T" "chr11_13178288_C_T_b38_C"
[67] "chr11_13178878_C_T_b38_C" "chr11_13179392_C_G_b38_C"
[69] "chr11_13179991_G_A_b38_G" "chr11_13180396_T_C_b38_T"
[71] "chr11_13181122_C_T_b38_C" "chr11_13181132_T_A_b38_T"
[73] "chr11_13181163_T_G_b38_T" "chr11_13181254_G_A_b38_G"
[75] "chr11_13181293_C_T_b38_C" "chr11_13181360_G_A_b38_G"
[77] "chr11_13181664_A_G_b38_A" "chr11_13182114_G_A_b38_G"
[79] "chr11_13182203_G_A_b38_G" "chr11_13182610_C_T_b38_C"
[81] "chr11_13182823_T_C_b38_T" "chr11_13183287_G_A_b38_G"
[83] "chr11_13184213_G_A_b38_G" "chr11_13301971_T_C_b38_T"
[85] "chr11_13316281_G_A_b38_G" "chr11_13395112_C_G_b38_C"
69 SNP(s) removed because HWE P < 1e-08 :
 [1] "chr8_81253423_T_C_b38_T" "chr8_81281143_C_T_b38_C"
 [3] "chr8_81289273_A_T_b38_A" "chr8_81297255_A_G_b38_A"
 [5] "chr8_81299436_C_T_b38_C" "chr8_81300344_T_C_b38_T"
 [7] "chr8_81325559_T_C_b38_T" "chr8_81327049_C_G_b38_C"
 [9] "chr8_81327156_T_G_b38_T" "chr8_81327252_A_G_b38_A"
[11] "chr8_81327333_T_C_b38_T" "chr8_81327394_A_G_b38_A"
[13] "chr8_81328362_A_G_b38_A" "chr8_81328531_C_A_b38_C"
[15] "chr8_81329064_T_A_b38_T" "chr8_81329094_T_G_b38_T"
[17] "chr8_81329957_C_T_b38_C" "chr8_81330786_A_G_b38_A"
[19] "chr8_81330873_T_C_b38_T" "chr8_81331043_A_C_b38_A"
[21] "chr8_81331131_T_C_b38_T" "chr8_81331608_C_T_b38_C"
[23] "chr8_81331614_C_T_b38_C" "chr8_81331709_T_G_b38_T"
[25] "chr8_81331864_A_G_b38_A" "chr8_81331877_C_T_b38_C"
[27] "chr8_81332098_G_A_b38_G" "chr8_81332283_A_G_b38_A"
[29] "chr8_81332524_C_T_b38_C" "chr8_81332904_A_T_b38_A"
[31] "chr8_81332906_C_T_b38_C" "chr8_81333125_G_A_b38_G"
[33] "chr8_81333194_G_T_b38_G" "chr8_81333216_T_C_b38_T"
[35] "chr8_81333791_C_T_b38_C" "chr8_81334313_T_C_b38_T"
[37] "chr8_81335686_A_G_b38_A" "chr8_81336303_C_T_b38_C"
[39] "chr8_81464464_C_T_b38_C" "chr8_81468508_A_T_b38_A"
[41] "chr8_81468888_A_G_b38_A" "chr8_81469332_T_C_b38_T"
[43] "chr8_81469415_G_A_b38_G" "chr8_81470506_G_A_b38_G"
[45] "chr8_81470621_C_T_b38_C" "chr8_81471159_T_G_b38_T"
[47] "chr8_81514819_A_C_b38_A" "chr8_81515555_C_T_b38_C"
[49] "chr8_81518769_T_C_b38_T" "chr8_81527961_G_T_b38_G"
[51] "chr8_81900677_A_T_b38_A" "chr8_81900680_C_T_b38_C"
[53] "chr8_81900761_G_T_b38_G" "chr8_81900762_G_A_b38_G"
[55] "chr8_81900773_G_A_b38_G" "chr8_81900776_G_T_b38_G"
[57] "chr8_81900779_T_C_b38_T" "chr8_81900782_C_T_b38_C"
[59] "chr8_81900783_T_C_b38_T" "chr8_81900784_G_A_b38_G"
[61] "chr8_81900789_T_C_b38_T" "chr8_81900796_C_G_b38_C"
[63] "chr8_81900800_G_C_b38_G" "chr8_82127185_G_A_b38_G"
[65] "chr8_82127192_C_G_b38_C" "chr8_82129772_G_C_b38_G"
[67] "chr8_82130336_C_T_b38_C" "chr8_82136891_C_T_b38_C"
[69] "chr8_82137774_C_G_b38_C"
69 SNP(s) removed because HWE P < 1e-08 :
 [1] "chr8_81253423_T_C_b38_T" "chr8_81281143_C_T_b38_C"
 [3] "chr8_81289273_A_T_b38_A" "chr8_81297255_A_G_b38_A"
 [5] "chr8_81299436_C_T_b38_C" "chr8_81300344_T_C_b38_T"
 [7] "chr8_81325559_T_C_b38_T" "chr8_81327049_C_G_b38_C"
 [9] "chr8_81327156_T_G_b38_T" "chr8_81327252_A_G_b38_A"
[11] "chr8_81327333_T_C_b38_T" "chr8_81327394_A_G_b38_A"
[13] "chr8_81328362_A_G_b38_A" "chr8_81328531_C_A_b38_C"
[15] "chr8_81329064_T_A_b38_T" "chr8_81329094_T_G_b38_T"
[17] "chr8_81329957_C_T_b38_C" "chr8_81330786_A_G_b38_A"
[19] "chr8_81330873_T_C_b38_T" "chr8_81331043_A_C_b38_A"
[21] "chr8_81331131_T_C_b38_T" "chr8_81331608_C_T_b38_C"
[23] "chr8_81331614_C_T_b38_C" "chr8_81331709_T_G_b38_T"
[25] "chr8_81331864_A_G_b38_A" "chr8_81331877_C_T_b38_C"
[27] "chr8_81332098_G_A_b38_G" "chr8_81332283_A_G_b38_A"
[29] "chr8_81332524_C_T_b38_C" "chr8_81332904_A_T_b38_A"
[31] "chr8_81332906_C_T_b38_C" "chr8_81333125_G_A_b38_G"
[33] "chr8_81333194_G_T_b38_G" "chr8_81333216_T_C_b38_T"
[35] "chr8_81333791_C_T_b38_C" "chr8_81334313_T_C_b38_T"
[37] "chr8_81335686_A_G_b38_A" "chr8_81336303_C_T_b38_C"
[39] "chr8_81464464_C_T_b38_C" "chr8_81468508_A_T_b38_A"
[41] "chr8_81468888_A_G_b38_A" "chr8_81469332_T_C_b38_T"
[43] "chr8_81469415_G_A_b38_G" "chr8_81470506_G_A_b38_G"
[45] "chr8_81470621_C_T_b38_C" "chr8_81471159_T_G_b38_T"
[47] "chr8_81514819_A_C_b38_A" "chr8_81515555_C_T_b38_C"
[49] "chr8_81518769_T_C_b38_T" "chr8_81527961_G_T_b38_G"
[51] "chr8_81900677_A_T_b38_A" "chr8_81900680_C_T_b38_C"
[53] "chr8_81900761_G_T_b38_G" "chr8_81900762_G_A_b38_G"
[55] "chr8_81900773_G_A_b38_G" "chr8_81900776_G_T_b38_G"
[57] "chr8_81900779_T_C_b38_T" "chr8_81900782_C_T_b38_C"
[59] "chr8_81900783_T_C_b38_T" "chr8_81900784_G_A_b38_G"
[61] "chr8_81900789_T_C_b38_T" "chr8_81900796_C_G_b38_C"
[63] "chr8_81900800_G_C_b38_G" "chr8_82127185_G_A_b38_G"
[65] "chr8_82127192_C_G_b38_C" "chr8_82129772_G_C_b38_G"
[67] "chr8_82130336_C_T_b38_C" "chr8_82136891_C_T_b38_C"
[69] "chr8_82137774_C_G_b38_C"
26 SNP(s) removed because HWE P < 1e-08 :
 [1] "chr4_48078519_A_C_b38_A" "chr4_48079528_T_C_b38_T"
 [3] "chr4_48085231_T_C_b38_T" "chr4_48085838_G_A_b38_G"
 [5] "chr4_48086052_C_T_b38_C" "chr4_48086429_A_G_b38_A"
 [7] "chr4_48450863_T_C_b38_T" "chr4_48451209_C_T_b38_C"
 [9] "chr4_48452709_A_G_b38_A" "chr4_48711359_T_C_b38_T"
[11] "chr4_48711393_C_T_b38_C" "chr4_48711401_C_A_b38_C"
[13] "chr4_48711410_A_G_b38_A" "chr4_48711421_A_C_b38_A"
[15] "chr4_48711432_G_C_b38_G" "chr4_48711433_G_A_b38_G"
[17] "chr4_48711441_A_C_b38_A" "chr4_48711445_C_T_b38_C"
[19] "chr4_48711447_G_A_b38_G" "chr4_48711466_C_T_b38_C"
[21] "chr4_48711467_A_T_b38_A" "chr4_48711470_G_A_b38_G"
[23] "chr4_48711609_C_T_b38_C" "chr4_48711661_A_G_b38_A"
[25] "chr4_48711678_T_A_b38_T" "chr4_48711716_T_C_b38_T"
86 SNP(s) removed because HWE P < 1e-08 :
 [1] "chr11_12602581_C_A_b38_C" "chr11_12624958_C_A_b38_C"
 [3] "chr11_12709357_A_C_b38_A" "chr11_12711743_G_T_b38_G"
 [5] "chr11_12712147_G_A_b38_G" "chr11_12714195_C_T_b38_C"
 [7] "chr11_12714879_C_G_b38_C" "chr11_12715017_G_A_b38_G"
 [9] "chr11_12715147_C_T_b38_C" "chr11_12715325_A_G_b38_A"
[11] "chr11_12715946_C_T_b38_C" "chr11_12715993_T_C_b38_T"
[13] "chr11_12717103_G_A_b38_G" "chr11_12717141_C_A_b38_C"
[15] "chr11_12722267_A_G_b38_A" "chr11_12722492_G_A_b38_G"
[17] "chr11_12722623_A_G_b38_A" "chr11_12725406_G_A_b38_G"
[19] "chr11_12726375_G_A_b38_G" "chr11_12730213_C_A_b38_C"
[21] "chr11_12731602_A_G_b38_A" "chr11_12750963_G_C_b38_G"
[23] "chr11_12757747_T_C_b38_T" "chr11_12757888_G_T_b38_G"
[25] "chr11_12758617_C_T_b38_C" "chr11_12758709_T_C_b38_T"
[27] "chr11_12759469_G_A_b38_G" "chr11_12775522_G_C_b38_G"
[29] "chr11_12781165_A_G_b38_A" "chr11_12797262_G_A_b38_G"
[31] "chr11_12801705_T_G_b38_T" "chr11_12806545_C_T_b38_C"
[33] "chr11_12810221_C_T_b38_C" "chr11_12820345_A_C_b38_A"
[35] "chr11_12959220_G_C_b38_G" "chr11_13145421_T_C_b38_T"
[37] "chr11_13159063_A_T_b38_A" "chr11_13160043_T_C_b38_T"
[39] "chr11_13161191_T_G_b38_T" "chr11_13162034_C_T_b38_C"
[41] "chr11_13163679_G_A_b38_G" "chr11_13167486_A_G_b38_A"
[43] "chr11_13167824_C_G_b38_C" "chr11_13168039_T_G_b38_T"
[45] "chr11_13168424_A_T_b38_A" "chr11_13168751_C_A_b38_C"
[47] "chr11_13168868_C_G_b38_C" "chr11_13170516_C_T_b38_C"
[49] "chr11_13171300_T_A_b38_T" "chr11_13171711_G_C_b38_G"
[51] "chr11_13172324_A_C_b38_A" "chr11_13172527_T_C_b38_T"
[53] "chr11_13172742_G_A_b38_G" "chr11_13173008_G_A_b38_G"
[55] "chr11_13173311_A_C_b38_A" "chr11_13173332_G_A_b38_G"
[57] "chr11_13173916_G_A_b38_G" "chr11_13174617_C_T_b38_C"
[59] "chr11_13174658_A_G_b38_A" "chr11_13175460_G_T_b38_G"
[61] "chr11_13175491_T_C_b38_T" "chr11_13176427_A_G_b38_A"
[63] "chr11_13176535_G_A_b38_G" "chr11_13176583_C_T_b38_C"
[65] "chr11_13177356_T_C_b38_T" "chr11_13178288_C_T_b38_C"
[67] "chr11_13178878_C_T_b38_C" "chr11_13179392_C_G_b38_C"
[69] "chr11_13179991_G_A_b38_G" "chr11_13180396_T_C_b38_T"
[71] "chr11_13181122_C_T_b38_C" "chr11_13181132_T_A_b38_T"
[73] "chr11_13181163_T_G_b38_T" "chr11_13181254_G_A_b38_G"
[75] "chr11_13181293_C_T_b38_C" "chr11_13181360_G_A_b38_G"
[77] "chr11_13181664_A_G_b38_A" "chr11_13182114_G_A_b38_G"
[79] "chr11_13182203_G_A_b38_G" "chr11_13182610_C_T_b38_C"
[81] "chr11_13182823_T_C_b38_T" "chr11_13183287_G_A_b38_G"
[83] "chr11_13184213_G_A_b38_G" "chr11_13301971_T_C_b38_T"
[85] "chr11_13316281_G_A_b38_G" "chr11_13395112_C_G_b38_C"
37 SNP(s) removed because HWE P < 1e-08 :
 [1] "chr16_24109784_G_A_b38_G" "chr16_24227690_G_C_b38_G"
 [3] "chr16_24233628_G_C_b38_G" "chr16_24496566_C_T_b38_C"
 [5] "chr16_24496764_C_A_b38_C" "chr16_24499309_C_T_b38_C"
 [7] "chr16_24870481_A_C_b38_A" "chr16_24873006_G_A_b38_G"
 [9] "chr16_24884357_A_G_b38_A" "chr16_24917601_A_G_b38_A"
[11] "chr16_24917765_G_A_b38_G" "chr16_24917986_T_C_b38_T"
[13] "chr16_24919227_T_C_b38_T" "chr16_24920477_C_T_b38_C"
[15] "chr16_24920573_A_G_b38_A" "chr16_24921599_T_C_b38_T"
[17] "chr16_24923143_G_T_b38_G" "chr16_24924245_T_C_b38_T"
[19] "chr16_24924716_A_T_b38_A" "chr16_24925306_A_G_b38_A"
[21] "chr16_24927264_T_C_b38_T" "chr16_24932825_T_C_b38_T"
[23] "chr16_24940578_A_G_b38_A" "chr16_24943087_G_A_b38_G"
[25] "chr16_24943465_A_G_b38_A" "chr16_24945135_A_G_b38_A"
[27] "chr16_24945229_T_G_b38_T" "chr16_24945237_A_C_b38_A"
[29] "chr16_24947347_A_C_b38_A" "chr16_24947664_G_A_b38_G"
[31] "chr16_24948730_C_G_b38_C" "chr16_24950568_T_C_b38_T"
[33] "chr16_24952718_T_C_b38_T" "chr16_24953197_T_C_b38_T"
[35] "chr16_24953395_G_T_b38_G" "chr16_24953714_C_T_b38_C"
[37] "chr16_24955202_T_C_b38_T"
86 SNP(s) removed because HWE P < 1e-08 :
 [1] "chr11_12602581_C_A_b38_C" "chr11_12624958_C_A_b38_C"
 [3] "chr11_12709357_A_C_b38_A" "chr11_12711743_G_T_b38_G"
 [5] "chr11_12712147_G_A_b38_G" "chr11_12714195_C_T_b38_C"
 [7] "chr11_12714879_C_G_b38_C" "chr11_12715017_G_A_b38_G"
 [9] "chr11_12715147_C_T_b38_C" "chr11_12715325_A_G_b38_A"
[11] "chr11_12715946_C_T_b38_C" "chr11_12715993_T_C_b38_T"
[13] "chr11_12717103_G_A_b38_G" "chr11_12717141_C_A_b38_C"
[15] "chr11_12722267_A_G_b38_A" "chr11_12722492_G_A_b38_G"
[17] "chr11_12722623_A_G_b38_A" "chr11_12725406_G_A_b38_G"
[19] "chr11_12726375_G_A_b38_G" "chr11_12730213_C_A_b38_C"
[21] "chr11_12731602_A_G_b38_A" "chr11_12750963_G_C_b38_G"
[23] "chr11_12757747_T_C_b38_T" "chr11_12757888_G_T_b38_G"
[25] "chr11_12758617_C_T_b38_C" "chr11_12758709_T_C_b38_T"
[27] "chr11_12759469_G_A_b38_G" "chr11_12775522_G_C_b38_G"
[29] "chr11_12781165_A_G_b38_A" "chr11_12797262_G_A_b38_G"
[31] "chr11_12801705_T_G_b38_T" "chr11_12806545_C_T_b38_C"
[33] "chr11_12810221_C_T_b38_C" "chr11_12820345_A_C_b38_A"
[35] "chr11_12959220_G_C_b38_G" "chr11_13145421_T_C_b38_T"
[37] "chr11_13159063_A_T_b38_A" "chr11_13160043_T_C_b38_T"
[39] "chr11_13161191_T_G_b38_T" "chr11_13162034_C_T_b38_C"
[41] "chr11_13163679_G_A_b38_G" "chr11_13167486_A_G_b38_A"
[43] "chr11_13167824_C_G_b38_C" "chr11_13168039_T_G_b38_T"
[45] "chr11_13168424_A_T_b38_A" "chr11_13168751_C_A_b38_C"
[47] "chr11_13168868_C_G_b38_C" "chr11_13170516_C_T_b38_C"
[49] "chr11_13171300_T_A_b38_T" "chr11_13171711_G_C_b38_G"
[51] "chr11_13172324_A_C_b38_A" "chr11_13172527_T_C_b38_T"
[53] "chr11_13172742_G_A_b38_G" "chr11_13173008_G_A_b38_G"
[55] "chr11_13173311_A_C_b38_A" "chr11_13173332_G_A_b38_G"
[57] "chr11_13173916_G_A_b38_G" "chr11_13174617_C_T_b38_C"
[59] "chr11_13174658_A_G_b38_A" "chr11_13175460_G_T_b38_G"
[61] "chr11_13175491_T_C_b38_T" "chr11_13176427_A_G_b38_A"
[63] "chr11_13176535_G_A_b38_G" "chr11_13176583_C_T_b38_C"
[65] "chr11_13177356_T_C_b38_T" "chr11_13178288_C_T_b38_C"
[67] "chr11_13178878_C_T_b38_C" "chr11_13179392_C_G_b38_C"
[69] "chr11_13179991_G_A_b38_G" "chr11_13180396_T_C_b38_T"
[71] "chr11_13181122_C_T_b38_C" "chr11_13181132_T_A_b38_T"
[73] "chr11_13181163_T_G_b38_T" "chr11_13181254_G_A_b38_G"
[75] "chr11_13181293_C_T_b38_C" "chr11_13181360_G_A_b38_G"
[77] "chr11_13181664_A_G_b38_A" "chr11_13182114_G_A_b38_G"
[79] "chr11_13182203_G_A_b38_G" "chr11_13182610_C_T_b38_C"
[81] "chr11_13182823_T_C_b38_T" "chr11_13183287_G_A_b38_G"
[83] "chr11_13184213_G_A_b38_G" "chr11_13301971_T_C_b38_T"
[85] "chr11_13316281_G_A_b38_G" "chr11_13395112_C_G_b38_C"
22 SNP(s) removed because HWE P < 1e-08 :
 [1] "chr4_8044692_G_T_b38_G" "chr4_8044693_A_C_b38_A" "chr4_8059763_G_A_b38_G"
 [4] "chr4_8100031_G_T_b38_G" "chr4_8100581_C_T_b38_C" "chr4_8306668_C_G_b38_C"
 [7] "chr4_8557849_T_C_b38_T" "chr4_8557938_A_C_b38_A" "chr4_8557958_G_A_b38_G"
[10] "chr4_8557961_C_T_b38_C" "chr4_8585626_A_G_b38_A" "chr4_8603756_G_C_b38_G"
[13] "chr4_8632004_T_A_b38_T" "chr4_8632045_A_G_b38_A" "chr4_8635779_A_G_b38_A"
[16] "chr4_8655103_T_G_b38_T" "chr4_8655200_C_G_b38_C" "chr4_8656155_G_C_b38_G"
[19] "chr4_8659539_G_A_b38_G" "chr4_8661217_T_G_b38_T" "chr4_8674262_C_G_b38_C"
[22] "chr4_8677036_C_A_b38_C"
86 SNP(s) removed because HWE P < 1e-08 :
 [1] "chr11_12602581_C_A_b38_C" "chr11_12624958_C_A_b38_C"
 [3] "chr11_12709357_A_C_b38_A" "chr11_12711743_G_T_b38_G"
 [5] "chr11_12712147_G_A_b38_G" "chr11_12714195_C_T_b38_C"
 [7] "chr11_12714879_C_G_b38_C" "chr11_12715017_G_A_b38_G"
 [9] "chr11_12715147_C_T_b38_C" "chr11_12715325_A_G_b38_A"
[11] "chr11_12715946_C_T_b38_C" "chr11_12715993_T_C_b38_T"
[13] "chr11_12717103_G_A_b38_G" "chr11_12717141_C_A_b38_C"
[15] "chr11_12722267_A_G_b38_A" "chr11_12722492_G_A_b38_G"
[17] "chr11_12722623_A_G_b38_A" "chr11_12725406_G_A_b38_G"
[19] "chr11_12726375_G_A_b38_G" "chr11_12730213_C_A_b38_C"
[21] "chr11_12731602_A_G_b38_A" "chr11_12750963_G_C_b38_G"
[23] "chr11_12757747_T_C_b38_T" "chr11_12757888_G_T_b38_G"
[25] "chr11_12758617_C_T_b38_C" "chr11_12758709_T_C_b38_T"
[27] "chr11_12759469_G_A_b38_G" "chr11_12775522_G_C_b38_G"
[29] "chr11_12781165_A_G_b38_A" "chr11_12797262_G_A_b38_G"
[31] "chr11_12801705_T_G_b38_T" "chr11_12806545_C_T_b38_C"
[33] "chr11_12810221_C_T_b38_C" "chr11_12820345_A_C_b38_A"
[35] "chr11_12959220_G_C_b38_G" "chr11_13145421_T_C_b38_T"
[37] "chr11_13159063_A_T_b38_A" "chr11_13160043_T_C_b38_T"
[39] "chr11_13161191_T_G_b38_T" "chr11_13162034_C_T_b38_C"
[41] "chr11_13163679_G_A_b38_G" "chr11_13167486_A_G_b38_A"
[43] "chr11_13167824_C_G_b38_C" "chr11_13168039_T_G_b38_T"
[45] "chr11_13168424_A_T_b38_A" "chr11_13168751_C_A_b38_C"
[47] "chr11_13168868_C_G_b38_C" "chr11_13170516_C_T_b38_C"
[49] "chr11_13171300_T_A_b38_T" "chr11_13171711_G_C_b38_G"
[51] "chr11_13172324_A_C_b38_A" "chr11_13172527_T_C_b38_T"
[53] "chr11_13172742_G_A_b38_G" "chr11_13173008_G_A_b38_G"
[55] "chr11_13173311_A_C_b38_A" "chr11_13173332_G_A_b38_G"
[57] "chr11_13173916_G_A_b38_G" "chr11_13174617_C_T_b38_C"
[59] "chr11_13174658_A_G_b38_A" "chr11_13175460_G_T_b38_G"
[61] "chr11_13175491_T_C_b38_T" "chr11_13176427_A_G_b38_A"
[63] "chr11_13176535_G_A_b38_G" "chr11_13176583_C_T_b38_C"
[65] "chr11_13177356_T_C_b38_T" "chr11_13178288_C_T_b38_C"
[67] "chr11_13178878_C_T_b38_C" "chr11_13179392_C_G_b38_C"
[69] "chr11_13179991_G_A_b38_G" "chr11_13180396_T_C_b38_T"
[71] "chr11_13181122_C_T_b38_C" "chr11_13181132_T_A_b38_T"
[73] "chr11_13181163_T_G_b38_T" "chr11_13181254_G_A_b38_G"
[75] "chr11_13181293_C_T_b38_C" "chr11_13181360_G_A_b38_G"
[77] "chr11_13181664_A_G_b38_A" "chr11_13182114_G_A_b38_G"
[79] "chr11_13182203_G_A_b38_G" "chr11_13182610_C_T_b38_C"
[81] "chr11_13182823_T_C_b38_T" "chr11_13183287_G_A_b38_G"
[83] "chr11_13184213_G_A_b38_G" "chr11_13301971_T_C_b38_T"
[85] "chr11_13316281_G_A_b38_G" "chr11_13395112_C_G_b38_C"
49 SNP(s) removed because HWE P < 1e-08 :
 [1] "chr19_51083323_T_G_b38_T" "chr19_51107599_A_G_b38_A"
 [3] "chr19_51107741_T_G_b38_T" "chr19_51108006_G_A_b38_G"
 [5] "chr19_51116302_T_C_b38_T" "chr19_51120922_T_G_b38_T"
 [7] "chr19_51121015_T_G_b38_T" "chr19_51121279_T_C_b38_T"
 [9] "chr19_51121832_A_C_b38_A" "chr19_51121942_T_C_b38_T"
[11] "chr19_51122379_A_G_b38_A" "chr19_51122568_A_G_b38_A"
[13] "chr19_51122642_G_C_b38_G" "chr19_51123685_A_G_b38_A"
[15] "chr19_51136723_A_G_b38_A" "chr19_51172375_T_C_b38_T"
[17] "chr19_51173311_A_G_b38_A" "chr19_51173876_T_C_b38_T"
[19] "chr19_51184134_C_T_b38_C" "chr19_51201503_A_G_b38_A"
[21] "chr19_51208344_T_C_b38_T" "chr19_51208365_C_T_b38_C"
[23] "chr19_51212754_T_C_b38_T" "chr19_51235665_T_C_b38_T"
[25] "chr19_51251278_A_C_b38_A" "chr19_51280161_A_G_b38_A"
[27] "chr19_51280387_C_T_b38_C" "chr19_51281207_G_A_b38_G"
[29] "chr19_51282770_C_G_b38_C" "chr19_51283428_T_C_b38_T"
[31] "chr19_51284112_C_T_b38_C" "chr19_51284184_A_C_b38_A"
[33] "chr19_51285176_C_A_b38_C" "chr19_51285861_G_A_b38_G"
[35] "chr19_51287738_T_C_b38_T" "chr19_51290510_A_C_b38_A"
[37] "chr19_51291857_T_G_b38_T" "chr19_51293045_T_C_b38_T"
[39] "chr19_51298175_C_T_b38_C" "chr19_51358092_C_G_b38_C"
[41] "chr19_51447917_C_T_b38_C" "chr19_51447928_A_G_b38_A"
[43] "chr19_51448049_T_G_b38_T" "chr19_51457686_A_G_b38_A"
[45] "chr19_51780129_T_C_b38_T" "chr19_51780359_A_G_b38_A"
[47] "chr19_51848424_G_A_b38_G" "chr19_51875933_G_A_b38_G"
[49] "chr19_51876393_G_A_b38_G"
32 SNP(s) removed because HWE P < 1e-08 :
 [1] "chr19_17504800_T_C_b38_T" "chr19_17504915_T_C_b38_T"
 [3] "chr19_17583443_G_T_b38_G" "chr19_17666011_C_T_b38_C"
 [5] "chr19_17666078_T_C_b38_T" "chr19_17847808_C_T_b38_C"
 [7] "chr19_17847968_T_C_b38_T" "chr19_17901200_G_T_b38_G"
 [9] "chr19_17908396_T_C_b38_T" "chr19_17924720_G_T_b38_G"
[11] "chr19_17928630_T_C_b38_T" "chr19_18036796_G_A_b38_G"
[13] "chr19_18037080_A_T_b38_A" "chr19_18037381_T_C_b38_T"
[15] "chr19_18037783_T_C_b38_T" "chr19_18039165_G_A_b38_G"
[17] "chr19_18039479_C_T_b38_C" "chr19_18039995_T_C_b38_T"
[19] "chr19_18040092_T_C_b38_T" "chr19_18040429_G_T_b38_G"
[21] "chr19_18040432_G_T_b38_G" "chr19_18042127_C_T_b38_C"
[23] "chr19_18042885_A_G_b38_A" "chr19_18043992_G_C_b38_G"
[25] "chr19_18044231_C_G_b38_C" "chr19_18044266_G_C_b38_G"
[27] "chr19_18251693_G_C_b38_G" "chr19_18260387_C_T_b38_C"
[29] "chr19_18262150_C_G_b38_C" "chr19_18265699_G_A_b38_G"
[31] "chr19_18265970_T_C_b38_T" "chr19_18267871_C_A_b38_C"
69 SNP(s) removed because HWE P < 1e-08 :
 [1] "chr8_81253423_T_C_b38_T" "chr8_81281143_C_T_b38_C"
 [3] "chr8_81289273_A_T_b38_A" "chr8_81297255_A_G_b38_A"
 [5] "chr8_81299436_C_T_b38_C" "chr8_81300344_T_C_b38_T"
 [7] "chr8_81325559_T_C_b38_T" "chr8_81327049_C_G_b38_C"
 [9] "chr8_81327156_T_G_b38_T" "chr8_81327252_A_G_b38_A"
[11] "chr8_81327333_T_C_b38_T" "chr8_81327394_A_G_b38_A"
[13] "chr8_81328362_A_G_b38_A" "chr8_81328531_C_A_b38_C"
[15] "chr8_81329064_T_A_b38_T" "chr8_81329094_T_G_b38_T"
[17] "chr8_81329957_C_T_b38_C" "chr8_81330786_A_G_b38_A"
[19] "chr8_81330873_T_C_b38_T" "chr8_81331043_A_C_b38_A"
[21] "chr8_81331131_T_C_b38_T" "chr8_81331608_C_T_b38_C"
[23] "chr8_81331614_C_T_b38_C" "chr8_81331709_T_G_b38_T"
[25] "chr8_81331864_A_G_b38_A" "chr8_81331877_C_T_b38_C"
[27] "chr8_81332098_G_A_b38_G" "chr8_81332283_A_G_b38_A"
[29] "chr8_81332524_C_T_b38_C" "chr8_81332904_A_T_b38_A"
[31] "chr8_81332906_C_T_b38_C" "chr8_81333125_G_A_b38_G"
[33] "chr8_81333194_G_T_b38_G" "chr8_81333216_T_C_b38_T"
[35] "chr8_81333791_C_T_b38_C" "chr8_81334313_T_C_b38_T"
[37] "chr8_81335686_A_G_b38_A" "chr8_81336303_C_T_b38_C"
[39] "chr8_81464464_C_T_b38_C" "chr8_81468508_A_T_b38_A"
[41] "chr8_81468888_A_G_b38_A" "chr8_81469332_T_C_b38_T"
[43] "chr8_81469415_G_A_b38_G" "chr8_81470506_G_A_b38_G"
[45] "chr8_81470621_C_T_b38_C" "chr8_81471159_T_G_b38_T"
[47] "chr8_81514819_A_C_b38_A" "chr8_81515555_C_T_b38_C"
[49] "chr8_81518769_T_C_b38_T" "chr8_81527961_G_T_b38_G"
[51] "chr8_81900677_A_T_b38_A" "chr8_81900680_C_T_b38_C"
[53] "chr8_81900761_G_T_b38_G" "chr8_81900762_G_A_b38_G"
[55] "chr8_81900773_G_A_b38_G" "chr8_81900776_G_T_b38_G"
[57] "chr8_81900779_T_C_b38_T" "chr8_81900782_C_T_b38_C"
[59] "chr8_81900783_T_C_b38_T" "chr8_81900784_G_A_b38_G"
[61] "chr8_81900789_T_C_b38_T" "chr8_81900796_C_G_b38_C"
[63] "chr8_81900800_G_C_b38_G" "chr8_82127185_G_A_b38_G"
[65] "chr8_82127192_C_G_b38_C" "chr8_82129772_G_C_b38_G"
[67] "chr8_82130336_C_T_b38_C" "chr8_82136891_C_T_b38_C"
[69] "chr8_82137774_C_G_b38_C"
22 SNP(s) removed because HWE P < 1e-08 :
 [1] "chr4_8044692_G_T_b38_G" "chr4_8044693_A_C_b38_A" "chr4_8059763_G_A_b38_G"
 [4] "chr4_8100031_G_T_b38_G" "chr4_8100581_C_T_b38_C" "chr4_8306668_C_G_b38_C"
 [7] "chr4_8557849_T_C_b38_T" "chr4_8557938_A_C_b38_A" "chr4_8557958_G_A_b38_G"
[10] "chr4_8557961_C_T_b38_C" "chr4_8585626_A_G_b38_A" "chr4_8603756_G_C_b38_G"
[13] "chr4_8632004_T_A_b38_T" "chr4_8632045_A_G_b38_A" "chr4_8635779_A_G_b38_A"
[16] "chr4_8655103_T_G_b38_T" "chr4_8655200_C_G_b38_C" "chr4_8656155_G_C_b38_G"
[19] "chr4_8659539_G_A_b38_G" "chr4_8661217_T_G_b38_T" "chr4_8674262_C_G_b38_C"
[22] "chr4_8677036_C_A_b38_C"
49 SNP(s) removed because HWE P < 1e-08 :
 [1] "chr19_51083323_T_G_b38_T" "chr19_51107599_A_G_b38_A"
 [3] "chr19_51107741_T_G_b38_T" "chr19_51108006_G_A_b38_G"
 [5] "chr19_51116302_T_C_b38_T" "chr19_51120922_T_G_b38_T"
 [7] "chr19_51121015_T_G_b38_T" "chr19_51121279_T_C_b38_T"
 [9] "chr19_51121832_A_C_b38_A" "chr19_51121942_T_C_b38_T"
[11] "chr19_51122379_A_G_b38_A" "chr19_51122568_A_G_b38_A"
[13] "chr19_51122642_G_C_b38_G" "chr19_51123685_A_G_b38_A"
[15] "chr19_51136723_A_G_b38_A" "chr19_51172375_T_C_b38_T"
[17] "chr19_51173311_A_G_b38_A" "chr19_51173876_T_C_b38_T"
[19] "chr19_51184134_C_T_b38_C" "chr19_51201503_A_G_b38_A"
[21] "chr19_51208344_T_C_b38_T" "chr19_51208365_C_T_b38_C"
[23] "chr19_51212754_T_C_b38_T" "chr19_51235665_T_C_b38_T"
[25] "chr19_51251278_A_C_b38_A" "chr19_51280161_A_G_b38_A"
[27] "chr19_51280387_C_T_b38_C" "chr19_51281207_G_A_b38_G"
[29] "chr19_51282770_C_G_b38_C" "chr19_51283428_T_C_b38_T"
[31] "chr19_51284112_C_T_b38_C" "chr19_51284184_A_C_b38_A"
[33] "chr19_51285176_C_A_b38_C" "chr19_51285861_G_A_b38_G"
[35] "chr19_51287738_T_C_b38_T" "chr19_51290510_A_C_b38_A"
[37] "chr19_51291857_T_G_b38_T" "chr19_51293045_T_C_b38_T"
[39] "chr19_51298175_C_T_b38_C" "chr19_51358092_C_G_b38_C"
[41] "chr19_51447917_C_T_b38_C" "chr19_51447928_A_G_b38_A"
[43] "chr19_51448049_T_G_b38_T" "chr19_51457686_A_G_b38_A"
[45] "chr19_51780129_T_C_b38_T" "chr19_51780359_A_G_b38_A"
[47] "chr19_51848424_G_A_b38_G" "chr19_51875933_G_A_b38_G"
[49] "chr19_51876393_G_A_b38_G"
6 SNP(s) removed because HWE P < 1e-08 :
[1] "chr13_29549344_C_T_b38_C" "chr13_29949626_G_C_b38_G"
[3] "chr13_30062346_T_C_b38_T" "chr13_30062379_G_C_b38_G"
[5] "chr13_30121793_C_T_b38_C" "chr13_30160356_C_T_b38_C"
22 SNP(s) removed because HWE P < 1e-08 :
 [1] "chr1_162353041_G_C_b38_G" "chr1_162353047_A_C_b38_A"
 [3] "chr1_162477576_G_A_b38_G" "chr1_162481393_G_A_b38_G"
 [5] "chr1_162483630_C_T_b38_C" "chr1_162701799_T_C_b38_T"
 [7] "chr1_162704548_G_A_b38_G" "chr1_162705250_T_C_b38_T"
 [9] "chr1_162706401_C_T_b38_C" "chr1_162710700_T_C_b38_T"
[11] "chr1_162714569_T_C_b38_T" "chr1_162722878_C_G_b38_C"
[13] "chr1_162733892_A_G_b38_A" "chr1_162742199_A_T_b38_A"
[15] "chr1_162742900_G_A_b38_G" "chr1_162743999_G_A_b38_G"
[17] "chr1_162744207_T_C_b38_T" "chr1_162752426_G_A_b38_G"
[19] "chr1_162763446_G_A_b38_G" "chr1_162798738_C_G_b38_C"
[21] "chr1_162803606_G_A_b38_G" "chr1_162909861_T_C_b38_T"
32 SNP(s) removed because HWE P < 1e-08 :
 [1] "chr19_17504800_T_C_b38_T" "chr19_17504915_T_C_b38_T"
 [3] "chr19_17583443_G_T_b38_G" "chr19_17666011_C_T_b38_C"
 [5] "chr19_17666078_T_C_b38_T" "chr19_17847808_C_T_b38_C"
 [7] "chr19_17847968_T_C_b38_T" "chr19_17901200_G_T_b38_G"
 [9] "chr19_17908396_T_C_b38_T" "chr19_17924720_G_T_b38_G"
[11] "chr19_17928630_T_C_b38_T" "chr19_18036796_G_A_b38_G"
[13] "chr19_18037080_A_T_b38_A" "chr19_18037381_T_C_b38_T"
[15] "chr19_18037783_T_C_b38_T" "chr19_18039165_G_A_b38_G"
[17] "chr19_18039479_C_T_b38_C" "chr19_18039995_T_C_b38_T"
[19] "chr19_18040092_T_C_b38_T" "chr19_18040429_G_T_b38_G"
[21] "chr19_18040432_G_T_b38_G" "chr19_18042127_C_T_b38_C"
[23] "chr19_18042885_A_G_b38_A" "chr19_18043992_G_C_b38_G"
[25] "chr19_18044231_C_G_b38_C" "chr19_18044266_G_C_b38_G"
[27] "chr19_18251693_G_C_b38_G" "chr19_18260387_C_T_b38_C"
[29] "chr19_18262150_C_G_b38_C" "chr19_18265699_G_A_b38_G"
[31] "chr19_18265970_T_C_b38_T" "chr19_18267871_C_A_b38_C"
74 SNP(s) removed because HWE P < 1e-08 :
 [1] "chr21_31920396_G_A_b38_G" "chr21_31935565_G_C_b38_G"
 [3] "chr21_31935580_T_G_b38_T" "chr21_32134286_A_T_b38_A"
 [5] "chr21_32238948_G_A_b38_G" "chr21_32250914_C_T_b38_C"
 [7] "chr21_32311415_A_C_b38_A" "chr21_32410343_C_T_b38_C"
 [9] "chr21_32432979_G_A_b38_G" "chr21_32432987_A_C_b38_A"
[11] "chr21_32432995_G_A_b38_G" "chr21_32433065_T_A_b38_T"
[13] "chr21_32433084_C_T_b38_C" "chr21_32433553_G_A_b38_G"
[15] "chr21_32433554_C_G_b38_C" "chr21_32433562_T_C_b38_T"
[17] "chr21_32433629_A_G_b38_A" "chr21_32433656_G_A_b38_G"
[19] "chr21_32433663_A_T_b38_A" "chr21_32434706_A_G_b38_A"
[21] "chr21_32434713_T_C_b38_T" "chr21_32434721_A_C_b38_A"
[23] "chr21_32434746_A_C_b38_A" "chr21_32434842_G_A_b38_G"
[25] "chr21_32434867_C_T_b38_C" "chr21_32434878_G_A_b38_G"
[27] "chr21_32434919_T_G_b38_T" "chr21_32434927_C_T_b38_C"
[29] "chr21_32434967_T_G_b38_T" "chr21_32434971_T_C_b38_T"
[31] "chr21_32434992_T_C_b38_T" "chr21_32435003_T_G_b38_T"
[33] "chr21_32435004_T_C_b38_T" "chr21_32435117_A_G_b38_A"
[35] "chr21_32435125_T_C_b38_T" "chr21_32435126_G_C_b38_G"
[37] "chr21_32435133_C_A_b38_C" "chr21_32435360_C_T_b38_C"
[39] "chr21_32435400_A_G_b38_A" "chr21_32435408_T_C_b38_T"
[41] "chr21_32435414_A_G_b38_A" "chr21_32435436_C_T_b38_C"
[43] "chr21_32435462_C_T_b38_C" "chr21_32435661_G_C_b38_G"
[45] "chr21_32435666_T_G_b38_T" "chr21_32435667_A_G_b38_A"
[47] "chr21_32435716_C_T_b38_C" "chr21_32435721_G_A_b38_G"
[49] "chr21_32435728_T_C_b38_T" "chr21_32435763_C_T_b38_C"
[51] "chr21_32435766_A_C_b38_A" "chr21_32435898_C_T_b38_C"
[53] "chr21_32435949_T_A_b38_T" "chr21_32435990_T_A_b38_T"
[55] "chr21_32436019_G_A_b38_G" "chr21_32436447_T_A_b38_T"
[57] "chr21_32436465_A_C_b38_A" "chr21_32436477_T_A_b38_T"
[59] "chr21_32436484_T_C_b38_T" "chr21_32436539_G_A_b38_G"
[61] "chr21_32436627_G_A_b38_G" "chr21_32436628_G_A_b38_G"
[63] "chr21_32436637_A_G_b38_A" "chr21_32436702_C_T_b38_C"
[65] "chr21_32436736_G_A_b38_G" "chr21_32436746_A_G_b38_A"
[67] "chr21_32437187_G_C_b38_G" "chr21_32437224_A_G_b38_A"
[69] "chr21_32437249_C_A_b38_C" "chr21_32437250_G_A_b38_G"
[71] "chr21_32437258_C_G_b38_C" "chr21_32621877_A_T_b38_A"
[73] "chr21_32660622_A_G_b38_A" "chr21_32660624_C_T_b38_C"
6 SNP(s) removed because HWE P < 1e-08 :
[1] "chr17_28439190_A_C_b38_A" "chr17_28439714_T_C_b38_T"
[3] "chr17_28441937_G_A_b38_G" "chr17_28452019_C_T_b38_C"
[5] "chr17_28452207_C_G_b38_C" "chr17_28459762_C_A_b38_C"
22 SNP(s) removed because HWE P < 1e-08 :
 [1] "chr4_8044692_G_T_b38_G" "chr4_8044693_A_C_b38_A" "chr4_8059763_G_A_b38_G"
 [4] "chr4_8100031_G_T_b38_G" "chr4_8100581_C_T_b38_C" "chr4_8306668_C_G_b38_C"
 [7] "chr4_8557849_T_C_b38_T" "chr4_8557938_A_C_b38_A" "chr4_8557958_G_A_b38_G"
[10] "chr4_8557961_C_T_b38_C" "chr4_8585626_A_G_b38_A" "chr4_8603756_G_C_b38_G"
[13] "chr4_8632004_T_A_b38_T" "chr4_8632045_A_G_b38_A" "chr4_8635779_A_G_b38_A"
[16] "chr4_8655103_T_G_b38_T" "chr4_8655200_C_G_b38_C" "chr4_8656155_G_C_b38_G"
[19] "chr4_8659539_G_A_b38_G" "chr4_8661217_T_G_b38_T" "chr4_8674262_C_G_b38_C"
[22] "chr4_8677036_C_A_b38_C"
6 SNP(s) removed because HWE P < 1e-08 :
[1] "chr13_29549344_C_T_b38_C" "chr13_29949626_G_C_b38_G"
[3] "chr13_30062346_T_C_b38_T" "chr13_30062379_G_C_b38_G"
[5] "chr13_30121793_C_T_b38_C" "chr13_30160356_C_T_b38_C"
22 SNP(s) removed because HWE P < 1e-08 :
 [1] "chr1_162353041_G_C_b38_G" "chr1_162353047_A_C_b38_A"
 [3] "chr1_162477576_G_A_b38_G" "chr1_162481393_G_A_b38_G"
 [5] "chr1_162483630_C_T_b38_C" "chr1_162701799_T_C_b38_T"
 [7] "chr1_162704548_G_A_b38_G" "chr1_162705250_T_C_b38_T"
 [9] "chr1_162706401_C_T_b38_C" "chr1_162710700_T_C_b38_T"
[11] "chr1_162714569_T_C_b38_T" "chr1_162722878_C_G_b38_C"
[13] "chr1_162733892_A_G_b38_A" "chr1_162742199_A_T_b38_A"
[15] "chr1_162742900_G_A_b38_G" "chr1_162743999_G_A_b38_G"
[17] "chr1_162744207_T_C_b38_T" "chr1_162752426_G_A_b38_G"
[19] "chr1_162763446_G_A_b38_G" "chr1_162798738_C_G_b38_C"
[21] "chr1_162803606_G_A_b38_G" "chr1_162909861_T_C_b38_T"
56 SNP(s) removed because HWE P < 1e-08 :
 [1] "chr2_234571796_G_C_b38_G" "chr2_234679043_G_T_b38_G"
 [3] "chr2_234679188_T_C_b38_T" "chr2_234758936_C_T_b38_C"
 [5] "chr2_234758982_T_C_b38_T" "chr2_234760203_A_G_b38_A"
 [7] "chr2_234760375_C_T_b38_C" "chr2_234888396_A_G_b38_A"
 [9] "chr2_234888758_T_C_b38_T" "chr2_234894832_A_C_b38_A"
[11] "chr2_234894910_G_A_b38_G" "chr2_234894973_T_C_b38_T"
[13] "chr2_234895017_A_G_b38_A" "chr2_234895077_T_C_b38_T"
[15] "chr2_234895138_G_A_b38_G" "chr2_234895180_T_G_b38_T"
[17] "chr2_234895243_G_C_b38_G" "chr2_234895404_A_G_b38_A"
[19] "chr2_234895495_A_G_b38_A" "chr2_234895594_G_T_b38_G"
[21] "chr2_234895605_G_A_b38_G" "chr2_234895717_A_C_b38_A"
[23] "chr2_234895726_G_A_b38_G" "chr2_234895744_C_T_b38_C"
[25] "chr2_234895756_C_A_b38_C" "chr2_234895848_T_A_b38_T"
[27] "chr2_234895974_C_T_b38_C" "chr2_234895996_G_A_b38_G"
[29] "chr2_234896107_C_G_b38_C" "chr2_234896219_G_C_b38_G"
[31] "chr2_234896302_G_C_b38_G" "chr2_234896331_A_G_b38_A"
[33] "chr2_235001953_C_T_b38_C" "chr2_235013109_C_A_b38_C"
[35] "chr2_235013502_C_T_b38_C" "chr2_235014147_A_G_b38_A"
[37] "chr2_235014329_G_T_b38_G" "chr2_235016380_G_A_b38_G"
[39] "chr2_235017019_T_C_b38_T" "chr2_235018342_C_T_b38_C"
[41] "chr2_235031472_C_T_b38_C" "chr2_235062147_T_G_b38_T"
[43] "chr2_235255566_C_A_b38_C" "chr2_235294463_A_G_b38_A"
[45] "chr2_235316147_T_C_b38_T" "chr2_235374434_A_G_b38_A"
[47] "chr2_235375213_T_C_b38_T" "chr2_235375341_T_C_b38_T"
[49] "chr2_235376857_G_A_b38_G" "chr2_235378897_A_T_b38_A"
[51] "chr2_235380311_G_A_b38_G" "chr2_235383464_G_A_b38_G"
[53] "chr2_235385818_T_C_b38_T" "chr2_235399509_A_G_b38_A"
[55] "chr2_235401021_T_A_b38_T" "chr2_235450334_T_C_b38_T"
22 SNP(s) removed because HWE P < 1e-08 :
 [1] "chr1_162353041_G_C_b38_G" "chr1_162353047_A_C_b38_A"
 [3] "chr1_162477576_G_A_b38_G" "chr1_162481393_G_A_b38_G"
 [5] "chr1_162483630_C_T_b38_C" "chr1_162701799_T_C_b38_T"
 [7] "chr1_162704548_G_A_b38_G" "chr1_162705250_T_C_b38_T"
 [9] "chr1_162706401_C_T_b38_C" "chr1_162710700_T_C_b38_T"
[11] "chr1_162714569_T_C_b38_T" "chr1_162722878_C_G_b38_C"
[13] "chr1_162733892_A_G_b38_A" "chr1_162742199_A_T_b38_A"
[15] "chr1_162742900_G_A_b38_G" "chr1_162743999_G_A_b38_G"
[17] "chr1_162744207_T_C_b38_T" "chr1_162752426_G_A_b38_G"
[19] "chr1_162763446_G_A_b38_G" "chr1_162798738_C_G_b38_C"
[21] "chr1_162803606_G_A_b38_G" "chr1_162909861_T_C_b38_T"
37 SNP(s) removed because HWE P < 1e-08 :
 [1] "chr16_24109784_G_A_b38_G" "chr16_24227690_G_C_b38_G"
 [3] "chr16_24233628_G_C_b38_G" "chr16_24496566_C_T_b38_C"
 [5] "chr16_24496764_C_A_b38_C" "chr16_24499309_C_T_b38_C"
 [7] "chr16_24870481_A_C_b38_A" "chr16_24873006_G_A_b38_G"
 [9] "chr16_24884357_A_G_b38_A" "chr16_24917601_A_G_b38_A"
[11] "chr16_24917765_G_A_b38_G" "chr16_24917986_T_C_b38_T"
[13] "chr16_24919227_T_C_b38_T" "chr16_24920477_C_T_b38_C"
[15] "chr16_24920573_A_G_b38_A" "chr16_24921599_T_C_b38_T"
[17] "chr16_24923143_G_T_b38_G" "chr16_24924245_T_C_b38_T"
[19] "chr16_24924716_A_T_b38_A" "chr16_24925306_A_G_b38_A"
[21] "chr16_24927264_T_C_b38_T" "chr16_24932825_T_C_b38_T"
[23] "chr16_24940578_A_G_b38_A" "chr16_24943087_G_A_b38_G"
[25] "chr16_24943465_A_G_b38_A" "chr16_24945135_A_G_b38_A"
[27] "chr16_24945229_T_G_b38_T" "chr16_24945237_A_C_b38_A"
[29] "chr16_24947347_A_C_b38_A" "chr16_24947664_G_A_b38_G"
[31] "chr16_24948730_C_G_b38_C" "chr16_24950568_T_C_b38_T"
[33] "chr16_24952718_T_C_b38_T" "chr16_24953197_T_C_b38_T"
[35] "chr16_24953395_G_T_b38_G" "chr16_24953714_C_T_b38_C"
[37] "chr16_24955202_T_C_b38_T"
56 SNP(s) removed because HWE P < 1e-08 :
 [1] "chr2_234571796_G_C_b38_G" "chr2_234679043_G_T_b38_G"
 [3] "chr2_234679188_T_C_b38_T" "chr2_234758936_C_T_b38_C"
 [5] "chr2_234758982_T_C_b38_T" "chr2_234760203_A_G_b38_A"
 [7] "chr2_234760375_C_T_b38_C" "chr2_234888396_A_G_b38_A"
 [9] "chr2_234888758_T_C_b38_T" "chr2_234894832_A_C_b38_A"
[11] "chr2_234894910_G_A_b38_G" "chr2_234894973_T_C_b38_T"
[13] "chr2_234895017_A_G_b38_A" "chr2_234895077_T_C_b38_T"
[15] "chr2_234895138_G_A_b38_G" "chr2_234895180_T_G_b38_T"
[17] "chr2_234895243_G_C_b38_G" "chr2_234895404_A_G_b38_A"
[19] "chr2_234895495_A_G_b38_A" "chr2_234895594_G_T_b38_G"
[21] "chr2_234895605_G_A_b38_G" "chr2_234895717_A_C_b38_A"
[23] "chr2_234895726_G_A_b38_G" "chr2_234895744_C_T_b38_C"
[25] "chr2_234895756_C_A_b38_C" "chr2_234895848_T_A_b38_T"
[27] "chr2_234895974_C_T_b38_C" "chr2_234895996_G_A_b38_G"
[29] "chr2_234896107_C_G_b38_C" "chr2_234896219_G_C_b38_G"
[31] "chr2_234896302_G_C_b38_G" "chr2_234896331_A_G_b38_A"
[33] "chr2_235001953_C_T_b38_C" "chr2_235013109_C_A_b38_C"
[35] "chr2_235013502_C_T_b38_C" "chr2_235014147_A_G_b38_A"
[37] "chr2_235014329_G_T_b38_G" "chr2_235016380_G_A_b38_G"
[39] "chr2_235017019_T_C_b38_T" "chr2_235018342_C_T_b38_C"
[41] "chr2_235031472_C_T_b38_C" "chr2_235062147_T_G_b38_T"
[43] "chr2_235255566_C_A_b38_C" "chr2_235294463_A_G_b38_A"
[45] "chr2_235316147_T_C_b38_T" "chr2_235374434_A_G_b38_A"
[47] "chr2_235375213_T_C_b38_T" "chr2_235375341_T_C_b38_T"
[49] "chr2_235376857_G_A_b38_G" "chr2_235378897_A_T_b38_A"
[51] "chr2_235380311_G_A_b38_G" "chr2_235383464_G_A_b38_G"
[53] "chr2_235385818_T_C_b38_T" "chr2_235399509_A_G_b38_A"
[55] "chr2_235401021_T_A_b38_T" "chr2_235450334_T_C_b38_T"
86 SNP(s) removed because HWE P < 1e-08 :
 [1] "chr11_12602581_C_A_b38_C" "chr11_12624958_C_A_b38_C"
 [3] "chr11_12709357_A_C_b38_A" "chr11_12711743_G_T_b38_G"
 [5] "chr11_12712147_G_A_b38_G" "chr11_12714195_C_T_b38_C"
 [7] "chr11_12714879_C_G_b38_C" "chr11_12715017_G_A_b38_G"
 [9] "chr11_12715147_C_T_b38_C" "chr11_12715325_A_G_b38_A"
[11] "chr11_12715946_C_T_b38_C" "chr11_12715993_T_C_b38_T"
[13] "chr11_12717103_G_A_b38_G" "chr11_12717141_C_A_b38_C"
[15] "chr11_12722267_A_G_b38_A" "chr11_12722492_G_A_b38_G"
[17] "chr11_12722623_A_G_b38_A" "chr11_12725406_G_A_b38_G"
[19] "chr11_12726375_G_A_b38_G" "chr11_12730213_C_A_b38_C"
[21] "chr11_12731602_A_G_b38_A" "chr11_12750963_G_C_b38_G"
[23] "chr11_12757747_T_C_b38_T" "chr11_12757888_G_T_b38_G"
[25] "chr11_12758617_C_T_b38_C" "chr11_12758709_T_C_b38_T"
[27] "chr11_12759469_G_A_b38_G" "chr11_12775522_G_C_b38_G"
[29] "chr11_12781165_A_G_b38_A" "chr11_12797262_G_A_b38_G"
[31] "chr11_12801705_T_G_b38_T" "chr11_12806545_C_T_b38_C"
[33] "chr11_12810221_C_T_b38_C" "chr11_12820345_A_C_b38_A"
[35] "chr11_12959220_G_C_b38_G" "chr11_13145421_T_C_b38_T"
[37] "chr11_13159063_A_T_b38_A" "chr11_13160043_T_C_b38_T"
[39] "chr11_13161191_T_G_b38_T" "chr11_13162034_C_T_b38_C"
[41] "chr11_13163679_G_A_b38_G" "chr11_13167486_A_G_b38_A"
[43] "chr11_13167824_C_G_b38_C" "chr11_13168039_T_G_b38_T"
[45] "chr11_13168424_A_T_b38_A" "chr11_13168751_C_A_b38_C"
[47] "chr11_13168868_C_G_b38_C" "chr11_13170516_C_T_b38_C"
[49] "chr11_13171300_T_A_b38_T" "chr11_13171711_G_C_b38_G"
[51] "chr11_13172324_A_C_b38_A" "chr11_13172527_T_C_b38_T"
[53] "chr11_13172742_G_A_b38_G" "chr11_13173008_G_A_b38_G"
[55] "chr11_13173311_A_C_b38_A" "chr11_13173332_G_A_b38_G"
[57] "chr11_13173916_G_A_b38_G" "chr11_13174617_C_T_b38_C"
[59] "chr11_13174658_A_G_b38_A" "chr11_13175460_G_T_b38_G"
[61] "chr11_13175491_T_C_b38_T" "chr11_13176427_A_G_b38_A"
[63] "chr11_13176535_G_A_b38_G" "chr11_13176583_C_T_b38_C"
[65] "chr11_13177356_T_C_b38_T" "chr11_13178288_C_T_b38_C"
[67] "chr11_13178878_C_T_b38_C" "chr11_13179392_C_G_b38_C"
[69] "chr11_13179991_G_A_b38_G" "chr11_13180396_T_C_b38_T"
[71] "chr11_13181122_C_T_b38_C" "chr11_13181132_T_A_b38_T"
[73] "chr11_13181163_T_G_b38_T" "chr11_13181254_G_A_b38_G"
[75] "chr11_13181293_C_T_b38_C" "chr11_13181360_G_A_b38_G"
[77] "chr11_13181664_A_G_b38_A" "chr11_13182114_G_A_b38_G"
[79] "chr11_13182203_G_A_b38_G" "chr11_13182610_C_T_b38_C"
[81] "chr11_13182823_T_C_b38_T" "chr11_13183287_G_A_b38_G"
[83] "chr11_13184213_G_A_b38_G" "chr11_13301971_T_C_b38_T"
[85] "chr11_13316281_G_A_b38_G" "chr11_13395112_C_G_b38_C"
39 SNP(s) removed because HWE P < 1e-08 :
 [1] "chr22_49765666_G_C_b38_G" "chr22_49770965_G_C_b38_G"
 [3] "chr22_49837507_C_G_b38_C" "chr22_49846939_C_A_b38_C"
 [5] "chr22_49848251_T_C_b38_T" "chr22_49872508_G_A_b38_G"
 [7] "chr22_49880142_T_C_b38_T" "chr22_49880243_G_T_b38_G"
 [9] "chr22_49883047_G_C_b38_G" "chr22_49894697_A_G_b38_A"
[11] "chr22_49906790_T_C_b38_T" "chr22_49921580_T_C_b38_T"
[13] "chr22_49921715_C_A_b38_C" "chr22_49973759_T_C_b38_T"
[15] "chr22_50013858_A_C_b38_A" "chr22_50357867_G_A_b38_G"
[17] "chr22_50371703_G_C_b38_G" "chr22_50418711_G_A_b38_G"
[19] "chr22_50424402_A_C_b38_A" "chr22_50424421_C_A_b38_C"
[21] "chr22_50424423_C_T_b38_C" "chr22_50495487_G_A_b38_G"
[23] "chr22_50495498_T_C_b38_T" "chr22_50495499_G_A_b38_G"
[25] "chr22_50508159_C_G_b38_C" "chr22_50509182_A_G_b38_A"
[27] "chr22_50509488_T_C_b38_T" "chr22_50509962_A_G_b38_A"
[29] "chr22_50510817_C_T_b38_C" "chr22_50510967_T_C_b38_T"
[31] "chr22_50511806_T_C_b38_T" "chr22_50512014_T_C_b38_T"
[33] "chr22_50512298_G_A_b38_G" "chr22_50512549_T_G_b38_T"
[35] "chr22_50513313_G_C_b38_G" "chr22_50513793_G_A_b38_G"
[37] "chr22_50542614_C_T_b38_C" "chr22_50542624_A_T_b38_A"
[39] "chr22_50712000_C_T_b38_C"
69 SNP(s) removed because HWE P < 1e-08 :
 [1] "chr8_81253423_T_C_b38_T" "chr8_81281143_C_T_b38_C"
 [3] "chr8_81289273_A_T_b38_A" "chr8_81297255_A_G_b38_A"
 [5] "chr8_81299436_C_T_b38_C" "chr8_81300344_T_C_b38_T"
 [7] "chr8_81325559_T_C_b38_T" "chr8_81327049_C_G_b38_C"
 [9] "chr8_81327156_T_G_b38_T" "chr8_81327252_A_G_b38_A"
[11] "chr8_81327333_T_C_b38_T" "chr8_81327394_A_G_b38_A"
[13] "chr8_81328362_A_G_b38_A" "chr8_81328531_C_A_b38_C"
[15] "chr8_81329064_T_A_b38_T" "chr8_81329094_T_G_b38_T"
[17] "chr8_81329957_C_T_b38_C" "chr8_81330786_A_G_b38_A"
[19] "chr8_81330873_T_C_b38_T" "chr8_81331043_A_C_b38_A"
[21] "chr8_81331131_T_C_b38_T" "chr8_81331608_C_T_b38_C"
[23] "chr8_81331614_C_T_b38_C" "chr8_81331709_T_G_b38_T"
[25] "chr8_81331864_A_G_b38_A" "chr8_81331877_C_T_b38_C"
[27] "chr8_81332098_G_A_b38_G" "chr8_81332283_A_G_b38_A"
[29] "chr8_81332524_C_T_b38_C" "chr8_81332904_A_T_b38_A"
[31] "chr8_81332906_C_T_b38_C" "chr8_81333125_G_A_b38_G"
[33] "chr8_81333194_G_T_b38_G" "chr8_81333216_T_C_b38_T"
[35] "chr8_81333791_C_T_b38_C" "chr8_81334313_T_C_b38_T"
[37] "chr8_81335686_A_G_b38_A" "chr8_81336303_C_T_b38_C"
[39] "chr8_81464464_C_T_b38_C" "chr8_81468508_A_T_b38_A"
[41] "chr8_81468888_A_G_b38_A" "chr8_81469332_T_C_b38_T"
[43] "chr8_81469415_G_A_b38_G" "chr8_81470506_G_A_b38_G"
[45] "chr8_81470621_C_T_b38_C" "chr8_81471159_T_G_b38_T"
[47] "chr8_81514819_A_C_b38_A" "chr8_81515555_C_T_b38_C"
[49] "chr8_81518769_T_C_b38_T" "chr8_81527961_G_T_b38_G"
[51] "chr8_81900677_A_T_b38_A" "chr8_81900680_C_T_b38_C"
[53] "chr8_81900761_G_T_b38_G" "chr8_81900762_G_A_b38_G"
[55] "chr8_81900773_G_A_b38_G" "chr8_81900776_G_T_b38_G"
[57] "chr8_81900779_T_C_b38_T" "chr8_81900782_C_T_b38_C"
[59] "chr8_81900783_T_C_b38_T" "chr8_81900784_G_A_b38_G"
[61] "chr8_81900789_T_C_b38_T" "chr8_81900796_C_G_b38_C"
[63] "chr8_81900800_G_C_b38_G" "chr8_82127185_G_A_b38_G"
[65] "chr8_82127192_C_G_b38_C" "chr8_82129772_G_C_b38_G"
[67] "chr8_82130336_C_T_b38_C" "chr8_82136891_C_T_b38_C"
[69] "chr8_82137774_C_G_b38_C"
51 SNP(s) removed because HWE P < 1e-08 :
 [1] "chr19_50749708_G_C_b38_G" "chr19_50842031_A_G_b38_A"
 [3] "chr19_50896788_T_C_b38_T" "chr19_50897100_A_G_b38_A"
 [5] "chr19_50897145_C_T_b38_C" "chr19_50948431_C_T_b38_C"
 [7] "chr19_50957933_A_G_b38_A" "chr19_51083323_T_G_b38_T"
 [9] "chr19_51107599_A_G_b38_A" "chr19_51107741_T_G_b38_T"
[11] "chr19_51108006_G_A_b38_G" "chr19_51116302_T_C_b38_T"
[13] "chr19_51120922_T_G_b38_T" "chr19_51121015_T_G_b38_T"
[15] "chr19_51121279_T_C_b38_T" "chr19_51121832_A_C_b38_A"
[17] "chr19_51121942_T_C_b38_T" "chr19_51122379_A_G_b38_A"
[19] "chr19_51122568_A_G_b38_A" "chr19_51122642_G_C_b38_G"
[21] "chr19_51123685_A_G_b38_A" "chr19_51136723_A_G_b38_A"
[23] "chr19_51172375_T_C_b38_T" "chr19_51173311_A_G_b38_A"
[25] "chr19_51173876_T_C_b38_T" "chr19_51184134_C_T_b38_C"
[27] "chr19_51201503_A_G_b38_A" "chr19_51208344_T_C_b38_T"
[29] "chr19_51208365_C_T_b38_C" "chr19_51212754_T_C_b38_T"
[31] "chr19_51235665_T_C_b38_T" "chr19_51251278_A_C_b38_A"
[33] "chr19_51280161_A_G_b38_A" "chr19_51280387_C_T_b38_C"
[35] "chr19_51281207_G_A_b38_G" "chr19_51282770_C_G_b38_C"
[37] "chr19_51283428_T_C_b38_T" "chr19_51284112_C_T_b38_C"
[39] "chr19_51284184_A_C_b38_A" "chr19_51285176_C_A_b38_C"
[41] "chr19_51285861_G_A_b38_G" "chr19_51287738_T_C_b38_T"
[43] "chr19_51290510_A_C_b38_A" "chr19_51291857_T_G_b38_T"
[45] "chr19_51293045_T_C_b38_T" "chr19_51298175_C_T_b38_C"
[47] "chr19_51358092_C_G_b38_C" "chr19_51447917_C_T_b38_C"
[49] "chr19_51447928_A_G_b38_A" "chr19_51448049_T_G_b38_T"
[51] "chr19_51457686_A_G_b38_A"
32 SNP(s) removed because HWE P < 1e-08 :
 [1] "chr19_17504800_T_C_b38_T" "chr19_17504915_T_C_b38_T"
 [3] "chr19_17583443_G_T_b38_G" "chr19_17666011_C_T_b38_C"
 [5] "chr19_17666078_T_C_b38_T" "chr19_17847808_C_T_b38_C"
 [7] "chr19_17847968_T_C_b38_T" "chr19_17901200_G_T_b38_G"
 [9] "chr19_17908396_T_C_b38_T" "chr19_17924720_G_T_b38_G"
[11] "chr19_17928630_T_C_b38_T" "chr19_18036796_G_A_b38_G"
[13] "chr19_18037080_A_T_b38_A" "chr19_18037381_T_C_b38_T"
[15] "chr19_18037783_T_C_b38_T" "chr19_18039165_G_A_b38_G"
[17] "chr19_18039479_C_T_b38_C" "chr19_18039995_T_C_b38_T"
[19] "chr19_18040092_T_C_b38_T" "chr19_18040429_G_T_b38_G"
[21] "chr19_18040432_G_T_b38_G" "chr19_18042127_C_T_b38_C"
[23] "chr19_18042885_A_G_b38_A" "chr19_18043992_G_C_b38_G"
[25] "chr19_18044231_C_G_b38_C" "chr19_18044266_G_C_b38_G"
[27] "chr19_18251693_G_C_b38_G" "chr19_18260387_C_T_b38_C"
[29] "chr19_18262150_C_G_b38_C" "chr19_18265699_G_A_b38_G"
[31] "chr19_18265970_T_C_b38_T" "chr19_18267871_C_A_b38_C"
51 SNP(s) removed because HWE P < 1e-08 :
 [1] "chr19_50749708_G_C_b38_G" "chr19_50842031_A_G_b38_A"
 [3] "chr19_50896788_T_C_b38_T" "chr19_50897100_A_G_b38_A"
 [5] "chr19_50897145_C_T_b38_C" "chr19_50948431_C_T_b38_C"
 [7] "chr19_50957933_A_G_b38_A" "chr19_51083323_T_G_b38_T"
 [9] "chr19_51107599_A_G_b38_A" "chr19_51107741_T_G_b38_T"
[11] "chr19_51108006_G_A_b38_G" "chr19_51116302_T_C_b38_T"
[13] "chr19_51120922_T_G_b38_T" "chr19_51121015_T_G_b38_T"
[15] "chr19_51121279_T_C_b38_T" "chr19_51121832_A_C_b38_A"
[17] "chr19_51121942_T_C_b38_T" "chr19_51122379_A_G_b38_A"
[19] "chr19_51122568_A_G_b38_A" "chr19_51122642_G_C_b38_G"
[21] "chr19_51123685_A_G_b38_A" "chr19_51136723_A_G_b38_A"
[23] "chr19_51172375_T_C_b38_T" "chr19_51173311_A_G_b38_A"
[25] "chr19_51173876_T_C_b38_T" "chr19_51184134_C_T_b38_C"
[27] "chr19_51201503_A_G_b38_A" "chr19_51208344_T_C_b38_T"
[29] "chr19_51208365_C_T_b38_C" "chr19_51212754_T_C_b38_T"
[31] "chr19_51235665_T_C_b38_T" "chr19_51251278_A_C_b38_A"
[33] "chr19_51280161_A_G_b38_A" "chr19_51280387_C_T_b38_C"
[35] "chr19_51281207_G_A_b38_G" "chr19_51282770_C_G_b38_C"
[37] "chr19_51283428_T_C_b38_T" "chr19_51284112_C_T_b38_C"
[39] "chr19_51284184_A_C_b38_A" "chr19_51285176_C_A_b38_C"
[41] "chr19_51285861_G_A_b38_G" "chr19_51287738_T_C_b38_T"
[43] "chr19_51290510_A_C_b38_A" "chr19_51291857_T_G_b38_T"
[45] "chr19_51293045_T_C_b38_T" "chr19_51298175_C_T_b38_C"
[47] "chr19_51358092_C_G_b38_C" "chr19_51447917_C_T_b38_C"
[49] "chr19_51447928_A_G_b38_A" "chr19_51448049_T_G_b38_T"
[51] "chr19_51457686_A_G_b38_A"
6 SNP(s) removed because HWE P < 1e-08 :
[1] "chr13_29549344_C_T_b38_C" "chr13_29949626_G_C_b38_G"
[3] "chr13_30062346_T_C_b38_T" "chr13_30062379_G_C_b38_G"
[5] "chr13_30121793_C_T_b38_C" "chr13_30160356_C_T_b38_C"
56 SNP(s) removed because HWE P < 1e-08 :
 [1] "chr2_234571796_G_C_b38_G" "chr2_234679043_G_T_b38_G"
 [3] "chr2_234679188_T_C_b38_T" "chr2_234758936_C_T_b38_C"
 [5] "chr2_234758982_T_C_b38_T" "chr2_234760203_A_G_b38_A"
 [7] "chr2_234760375_C_T_b38_C" "chr2_234888396_A_G_b38_A"
 [9] "chr2_234888758_T_C_b38_T" "chr2_234894832_A_C_b38_A"
[11] "chr2_234894910_G_A_b38_G" "chr2_234894973_T_C_b38_T"
[13] "chr2_234895017_A_G_b38_A" "chr2_234895077_T_C_b38_T"
[15] "chr2_234895138_G_A_b38_G" "chr2_234895180_T_G_b38_T"
[17] "chr2_234895243_G_C_b38_G" "chr2_234895404_A_G_b38_A"
[19] "chr2_234895495_A_G_b38_A" "chr2_234895594_G_T_b38_G"
[21] "chr2_234895605_G_A_b38_G" "chr2_234895717_A_C_b38_A"
[23] "chr2_234895726_G_A_b38_G" "chr2_234895744_C_T_b38_C"
[25] "chr2_234895756_C_A_b38_C" "chr2_234895848_T_A_b38_T"
[27] "chr2_234895974_C_T_b38_C" "chr2_234895996_G_A_b38_G"
[29] "chr2_234896107_C_G_b38_C" "chr2_234896219_G_C_b38_G"
[31] "chr2_234896302_G_C_b38_G" "chr2_234896331_A_G_b38_A"
[33] "chr2_235001953_C_T_b38_C" "chr2_235013109_C_A_b38_C"
[35] "chr2_235013502_C_T_b38_C" "chr2_235014147_A_G_b38_A"
[37] "chr2_235014329_G_T_b38_G" "chr2_235016380_G_A_b38_G"
[39] "chr2_235017019_T_C_b38_T" "chr2_235018342_C_T_b38_C"
[41] "chr2_235031472_C_T_b38_C" "chr2_235062147_T_G_b38_T"
[43] "chr2_235255566_C_A_b38_C" "chr2_235294463_A_G_b38_A"
[45] "chr2_235316147_T_C_b38_T" "chr2_235374434_A_G_b38_A"
[47] "chr2_235375213_T_C_b38_T" "chr2_235375341_T_C_b38_T"
[49] "chr2_235376857_G_A_b38_G" "chr2_235378897_A_T_b38_A"
[51] "chr2_235380311_G_A_b38_G" "chr2_235383464_G_A_b38_G"
[53] "chr2_235385818_T_C_b38_T" "chr2_235399509_A_G_b38_A"
[55] "chr2_235401021_T_A_b38_T" "chr2_235450334_T_C_b38_T"
6 SNP(s) removed because HWE P < 1e-08 :
[1] "chr13_29549344_C_T_b38_C" "chr13_29949626_G_C_b38_G"
[3] "chr13_30062346_T_C_b38_T" "chr13_30062379_G_C_b38_G"
[5] "chr13_30121793_C_T_b38_C" "chr13_30160356_C_T_b38_C"
74 SNP(s) removed because HWE P < 1e-08 :
 [1] "chr21_31920396_G_A_b38_G" "chr21_31935565_G_C_b38_G"
 [3] "chr21_31935580_T_G_b38_T" "chr21_32134286_A_T_b38_A"
 [5] "chr21_32238948_G_A_b38_G" "chr21_32250914_C_T_b38_C"
 [7] "chr21_32311415_A_C_b38_A" "chr21_32410343_C_T_b38_C"
 [9] "chr21_32432979_G_A_b38_G" "chr21_32432987_A_C_b38_A"
[11] "chr21_32432995_G_A_b38_G" "chr21_32433065_T_A_b38_T"
[13] "chr21_32433084_C_T_b38_C" "chr21_32433553_G_A_b38_G"
[15] "chr21_32433554_C_G_b38_C" "chr21_32433562_T_C_b38_T"
[17] "chr21_32433629_A_G_b38_A" "chr21_32433656_G_A_b38_G"
[19] "chr21_32433663_A_T_b38_A" "chr21_32434706_A_G_b38_A"
[21] "chr21_32434713_T_C_b38_T" "chr21_32434721_A_C_b38_A"
[23] "chr21_32434746_A_C_b38_A" "chr21_32434842_G_A_b38_G"
[25] "chr21_32434867_C_T_b38_C" "chr21_32434878_G_A_b38_G"
[27] "chr21_32434919_T_G_b38_T" "chr21_32434927_C_T_b38_C"
[29] "chr21_32434967_T_G_b38_T" "chr21_32434971_T_C_b38_T"
[31] "chr21_32434992_T_C_b38_T" "chr21_32435003_T_G_b38_T"
[33] "chr21_32435004_T_C_b38_T" "chr21_32435117_A_G_b38_A"
[35] "chr21_32435125_T_C_b38_T" "chr21_32435126_G_C_b38_G"
[37] "chr21_32435133_C_A_b38_C" "chr21_32435360_C_T_b38_C"
[39] "chr21_32435400_A_G_b38_A" "chr21_32435408_T_C_b38_T"
[41] "chr21_32435414_A_G_b38_A" "chr21_32435436_C_T_b38_C"
[43] "chr21_32435462_C_T_b38_C" "chr21_32435661_G_C_b38_G"
[45] "chr21_32435666_T_G_b38_T" "chr21_32435667_A_G_b38_A"
[47] "chr21_32435716_C_T_b38_C" "chr21_32435721_G_A_b38_G"
[49] "chr21_32435728_T_C_b38_T" "chr21_32435763_C_T_b38_C"
[51] "chr21_32435766_A_C_b38_A" "chr21_32435898_C_T_b38_C"
[53] "chr21_32435949_T_A_b38_T" "chr21_32435990_T_A_b38_T"
[55] "chr21_32436019_G_A_b38_G" "chr21_32436447_T_A_b38_T"
[57] "chr21_32436465_A_C_b38_A" "chr21_32436477_T_A_b38_T"
[59] "chr21_32436484_T_C_b38_T" "chr21_32436539_G_A_b38_G"
[61] "chr21_32436627_G_A_b38_G" "chr21_32436628_G_A_b38_G"
[63] "chr21_32436637_A_G_b38_A" "chr21_32436702_C_T_b38_C"
[65] "chr21_32436736_G_A_b38_G" "chr21_32436746_A_G_b38_A"
[67] "chr21_32437187_G_C_b38_G" "chr21_32437224_A_G_b38_A"
[69] "chr21_32437249_C_A_b38_C" "chr21_32437250_G_A_b38_G"
[71] "chr21_32437258_C_G_b38_C" "chr21_32621877_A_T_b38_A"
[73] "chr21_32660622_A_G_b38_A" "chr21_32660624_C_T_b38_C"
37 SNP(s) removed because HWE P < 1e-08 :
 [1] "chr16_24109784_G_A_b38_G" "chr16_24227690_G_C_b38_G"
 [3] "chr16_24233628_G_C_b38_G" "chr16_24496566_C_T_b38_C"
 [5] "chr16_24496764_C_A_b38_C" "chr16_24499309_C_T_b38_C"
 [7] "chr16_24870481_A_C_b38_A" "chr16_24873006_G_A_b38_G"
 [9] "chr16_24884357_A_G_b38_A" "chr16_24917601_A_G_b38_A"
[11] "chr16_24917765_G_A_b38_G" "chr16_24917986_T_C_b38_T"
[13] "chr16_24919227_T_C_b38_T" "chr16_24920477_C_T_b38_C"
[15] "chr16_24920573_A_G_b38_A" "chr16_24921599_T_C_b38_T"
[17] "chr16_24923143_G_T_b38_G" "chr16_24924245_T_C_b38_T"
[19] "chr16_24924716_A_T_b38_A" "chr16_24925306_A_G_b38_A"
[21] "chr16_24927264_T_C_b38_T" "chr16_24932825_T_C_b38_T"
[23] "chr16_24940578_A_G_b38_A" "chr16_24943087_G_A_b38_G"
[25] "chr16_24943465_A_G_b38_A" "chr16_24945135_A_G_b38_A"
[27] "chr16_24945229_T_G_b38_T" "chr16_24945237_A_C_b38_A"
[29] "chr16_24947347_A_C_b38_A" "chr16_24947664_G_A_b38_G"
[31] "chr16_24948730_C_G_b38_C" "chr16_24950568_T_C_b38_T"
[33] "chr16_24952718_T_C_b38_T" "chr16_24953197_T_C_b38_T"
[35] "chr16_24953395_G_T_b38_G" "chr16_24953714_C_T_b38_C"
[37] "chr16_24955202_T_C_b38_T"
86 SNP(s) removed because HWE P < 1e-08 :
 [1] "chr11_12602581_C_A_b38_C" "chr11_12624958_C_A_b38_C"
 [3] "chr11_12709357_A_C_b38_A" "chr11_12711743_G_T_b38_G"
 [5] "chr11_12712147_G_A_b38_G" "chr11_12714195_C_T_b38_C"
 [7] "chr11_12714879_C_G_b38_C" "chr11_12715017_G_A_b38_G"
 [9] "chr11_12715147_C_T_b38_C" "chr11_12715325_A_G_b38_A"
[11] "chr11_12715946_C_T_b38_C" "chr11_12715993_T_C_b38_T"
[13] "chr11_12717103_G_A_b38_G" "chr11_12717141_C_A_b38_C"
[15] "chr11_12722267_A_G_b38_A" "chr11_12722492_G_A_b38_G"
[17] "chr11_12722623_A_G_b38_A" "chr11_12725406_G_A_b38_G"
[19] "chr11_12726375_G_A_b38_G" "chr11_12730213_C_A_b38_C"
[21] "chr11_12731602_A_G_b38_A" "chr11_12750963_G_C_b38_G"
[23] "chr11_12757747_T_C_b38_T" "chr11_12757888_G_T_b38_G"
[25] "chr11_12758617_C_T_b38_C" "chr11_12758709_T_C_b38_T"
[27] "chr11_12759469_G_A_b38_G" "chr11_12775522_G_C_b38_G"
[29] "chr11_12781165_A_G_b38_A" "chr11_12797262_G_A_b38_G"
[31] "chr11_12801705_T_G_b38_T" "chr11_12806545_C_T_b38_C"
[33] "chr11_12810221_C_T_b38_C" "chr11_12820345_A_C_b38_A"
[35] "chr11_12959220_G_C_b38_G" "chr11_13145421_T_C_b38_T"
[37] "chr11_13159063_A_T_b38_A" "chr11_13160043_T_C_b38_T"
[39] "chr11_13161191_T_G_b38_T" "chr11_13162034_C_T_b38_C"
[41] "chr11_13163679_G_A_b38_G" "chr11_13167486_A_G_b38_A"
[43] "chr11_13167824_C_G_b38_C" "chr11_13168039_T_G_b38_T"
[45] "chr11_13168424_A_T_b38_A" "chr11_13168751_C_A_b38_C"
[47] "chr11_13168868_C_G_b38_C" "chr11_13170516_C_T_b38_C"
[49] "chr11_13171300_T_A_b38_T" "chr11_13171711_G_C_b38_G"
[51] "chr11_13172324_A_C_b38_A" "chr11_13172527_T_C_b38_T"
[53] "chr11_13172742_G_A_b38_G" "chr11_13173008_G_A_b38_G"
[55] "chr11_13173311_A_C_b38_A" "chr11_13173332_G_A_b38_G"
[57] "chr11_13173916_G_A_b38_G" "chr11_13174617_C_T_b38_C"
[59] "chr11_13174658_A_G_b38_A" "chr11_13175460_G_T_b38_G"
[61] "chr11_13175491_T_C_b38_T" "chr11_13176427_A_G_b38_A"
[63] "chr11_13176535_G_A_b38_G" "chr11_13176583_C_T_b38_C"
[65] "chr11_13177356_T_C_b38_T" "chr11_13178288_C_T_b38_C"
[67] "chr11_13178878_C_T_b38_C" "chr11_13179392_C_G_b38_C"
[69] "chr11_13179991_G_A_b38_G" "chr11_13180396_T_C_b38_T"
[71] "chr11_13181122_C_T_b38_C" "chr11_13181132_T_A_b38_T"
[73] "chr11_13181163_T_G_b38_T" "chr11_13181254_G_A_b38_G"
[75] "chr11_13181293_C_T_b38_C" "chr11_13181360_G_A_b38_G"
[77] "chr11_13181664_A_G_b38_A" "chr11_13182114_G_A_b38_G"
[79] "chr11_13182203_G_A_b38_G" "chr11_13182610_C_T_b38_C"
[81] "chr11_13182823_T_C_b38_T" "chr11_13183287_G_A_b38_G"
[83] "chr11_13184213_G_A_b38_G" "chr11_13301971_T_C_b38_T"
[85] "chr11_13316281_G_A_b38_G" "chr11_13395112_C_G_b38_C"
51 SNP(s) removed because HWE P < 1e-08 :
 [1] "chr19_50749708_G_C_b38_G" "chr19_50842031_A_G_b38_A"
 [3] "chr19_50896788_T_C_b38_T" "chr19_50897100_A_G_b38_A"
 [5] "chr19_50897145_C_T_b38_C" "chr19_50948431_C_T_b38_C"
 [7] "chr19_50957933_A_G_b38_A" "chr19_51083323_T_G_b38_T"
 [9] "chr19_51107599_A_G_b38_A" "chr19_51107741_T_G_b38_T"
[11] "chr19_51108006_G_A_b38_G" "chr19_51116302_T_C_b38_T"
[13] "chr19_51120922_T_G_b38_T" "chr19_51121015_T_G_b38_T"
[15] "chr19_51121279_T_C_b38_T" "chr19_51121832_A_C_b38_A"
[17] "chr19_51121942_T_C_b38_T" "chr19_51122379_A_G_b38_A"
[19] "chr19_51122568_A_G_b38_A" "chr19_51122642_G_C_b38_G"
[21] "chr19_51123685_A_G_b38_A" "chr19_51136723_A_G_b38_A"
[23] "chr19_51172375_T_C_b38_T" "chr19_51173311_A_G_b38_A"
[25] "chr19_51173876_T_C_b38_T" "chr19_51184134_C_T_b38_C"
[27] "chr19_51201503_A_G_b38_A" "chr19_51208344_T_C_b38_T"
[29] "chr19_51208365_C_T_b38_C" "chr19_51212754_T_C_b38_T"
[31] "chr19_51235665_T_C_b38_T" "chr19_51251278_A_C_b38_A"
[33] "chr19_51280161_A_G_b38_A" "chr19_51280387_C_T_b38_C"
[35] "chr19_51281207_G_A_b38_G" "chr19_51282770_C_G_b38_C"
[37] "chr19_51283428_T_C_b38_T" "chr19_51284112_C_T_b38_C"
[39] "chr19_51284184_A_C_b38_A" "chr19_51285176_C_A_b38_C"
[41] "chr19_51285861_G_A_b38_G" "chr19_51287738_T_C_b38_T"
[43] "chr19_51290510_A_C_b38_A" "chr19_51291857_T_G_b38_T"
[45] "chr19_51293045_T_C_b38_T" "chr19_51298175_C_T_b38_C"
[47] "chr19_51358092_C_G_b38_C" "chr19_51447917_C_T_b38_C"
[49] "chr19_51447928_A_G_b38_A" "chr19_51448049_T_G_b38_T"
[51] "chr19_51457686_A_G_b38_A"
69 SNP(s) removed because HWE P < 1e-08 :
 [1] "chr8_81253423_T_C_b38_T" "chr8_81281143_C_T_b38_C"
 [3] "chr8_81289273_A_T_b38_A" "chr8_81297255_A_G_b38_A"
 [5] "chr8_81299436_C_T_b38_C" "chr8_81300344_T_C_b38_T"
 [7] "chr8_81325559_T_C_b38_T" "chr8_81327049_C_G_b38_C"
 [9] "chr8_81327156_T_G_b38_T" "chr8_81327252_A_G_b38_A"
[11] "chr8_81327333_T_C_b38_T" "chr8_81327394_A_G_b38_A"
[13] "chr8_81328362_A_G_b38_A" "chr8_81328531_C_A_b38_C"
[15] "chr8_81329064_T_A_b38_T" "chr8_81329094_T_G_b38_T"
[17] "chr8_81329957_C_T_b38_C" "chr8_81330786_A_G_b38_A"
[19] "chr8_81330873_T_C_b38_T" "chr8_81331043_A_C_b38_A"
[21] "chr8_81331131_T_C_b38_T" "chr8_81331608_C_T_b38_C"
[23] "chr8_81331614_C_T_b38_C" "chr8_81331709_T_G_b38_T"
[25] "chr8_81331864_A_G_b38_A" "chr8_81331877_C_T_b38_C"
[27] "chr8_81332098_G_A_b38_G" "chr8_81332283_A_G_b38_A"
[29] "chr8_81332524_C_T_b38_C" "chr8_81332904_A_T_b38_A"
[31] "chr8_81332906_C_T_b38_C" "chr8_81333125_G_A_b38_G"
[33] "chr8_81333194_G_T_b38_G" "chr8_81333216_T_C_b38_T"
[35] "chr8_81333791_C_T_b38_C" "chr8_81334313_T_C_b38_T"
[37] "chr8_81335686_A_G_b38_A" "chr8_81336303_C_T_b38_C"
[39] "chr8_81464464_C_T_b38_C" "chr8_81468508_A_T_b38_A"
[41] "chr8_81468888_A_G_b38_A" "chr8_81469332_T_C_b38_T"
[43] "chr8_81469415_G_A_b38_G" "chr8_81470506_G_A_b38_G"
[45] "chr8_81470621_C_T_b38_C" "chr8_81471159_T_G_b38_T"
[47] "chr8_81514819_A_C_b38_A" "chr8_81515555_C_T_b38_C"
[49] "chr8_81518769_T_C_b38_T" "chr8_81527961_G_T_b38_G"
[51] "chr8_81900677_A_T_b38_A" "chr8_81900680_C_T_b38_C"
[53] "chr8_81900761_G_T_b38_G" "chr8_81900762_G_A_b38_G"
[55] "chr8_81900773_G_A_b38_G" "chr8_81900776_G_T_b38_G"
[57] "chr8_81900779_T_C_b38_T" "chr8_81900782_C_T_b38_C"
[59] "chr8_81900783_T_C_b38_T" "chr8_81900784_G_A_b38_G"
[61] "chr8_81900789_T_C_b38_T" "chr8_81900796_C_G_b38_C"
[63] "chr8_81900800_G_C_b38_G" "chr8_82127185_G_A_b38_G"
[65] "chr8_82127192_C_G_b38_C" "chr8_82129772_G_C_b38_G"
[67] "chr8_82130336_C_T_b38_C" "chr8_82136891_C_T_b38_C"
[69] "chr8_82137774_C_G_b38_C"
86 SNP(s) removed because HWE P < 1e-08 :
 [1] "chr11_12602581_C_A_b38_C" "chr11_12624958_C_A_b38_C"
 [3] "chr11_12709357_A_C_b38_A" "chr11_12711743_G_T_b38_G"
 [5] "chr11_12712147_G_A_b38_G" "chr11_12714195_C_T_b38_C"
 [7] "chr11_12714879_C_G_b38_C" "chr11_12715017_G_A_b38_G"
 [9] "chr11_12715147_C_T_b38_C" "chr11_12715325_A_G_b38_A"
[11] "chr11_12715946_C_T_b38_C" "chr11_12715993_T_C_b38_T"
[13] "chr11_12717103_G_A_b38_G" "chr11_12717141_C_A_b38_C"
[15] "chr11_12722267_A_G_b38_A" "chr11_12722492_G_A_b38_G"
[17] "chr11_12722623_A_G_b38_A" "chr11_12725406_G_A_b38_G"
[19] "chr11_12726375_G_A_b38_G" "chr11_12730213_C_A_b38_C"
[21] "chr11_12731602_A_G_b38_A" "chr11_12750963_G_C_b38_G"
[23] "chr11_12757747_T_C_b38_T" "chr11_12757888_G_T_b38_G"
[25] "chr11_12758617_C_T_b38_C" "chr11_12758709_T_C_b38_T"
[27] "chr11_12759469_G_A_b38_G" "chr11_12775522_G_C_b38_G"
[29] "chr11_12781165_A_G_b38_A" "chr11_12797262_G_A_b38_G"
[31] "chr11_12801705_T_G_b38_T" "chr11_12806545_C_T_b38_C"
[33] "chr11_12810221_C_T_b38_C" "chr11_12820345_A_C_b38_A"
[35] "chr11_12959220_G_C_b38_G" "chr11_13145421_T_C_b38_T"
[37] "chr11_13159063_A_T_b38_A" "chr11_13160043_T_C_b38_T"
[39] "chr11_13161191_T_G_b38_T" "chr11_13162034_C_T_b38_C"
[41] "chr11_13163679_G_A_b38_G" "chr11_13167486_A_G_b38_A"
[43] "chr11_13167824_C_G_b38_C" "chr11_13168039_T_G_b38_T"
[45] "chr11_13168424_A_T_b38_A" "chr11_13168751_C_A_b38_C"
[47] "chr11_13168868_C_G_b38_C" "chr11_13170516_C_T_b38_C"
[49] "chr11_13171300_T_A_b38_T" "chr11_13171711_G_C_b38_G"
[51] "chr11_13172324_A_C_b38_A" "chr11_13172527_T_C_b38_T"
[53] "chr11_13172742_G_A_b38_G" "chr11_13173008_G_A_b38_G"
[55] "chr11_13173311_A_C_b38_A" "chr11_13173332_G_A_b38_G"
[57] "chr11_13173916_G_A_b38_G" "chr11_13174617_C_T_b38_C"
[59] "chr11_13174658_A_G_b38_A" "chr11_13175460_G_T_b38_G"
[61] "chr11_13175491_T_C_b38_T" "chr11_13176427_A_G_b38_A"
[63] "chr11_13176535_G_A_b38_G" "chr11_13176583_C_T_b38_C"
[65] "chr11_13177356_T_C_b38_T" "chr11_13178288_C_T_b38_C"
[67] "chr11_13178878_C_T_b38_C" "chr11_13179392_C_G_b38_C"
[69] "chr11_13179991_G_A_b38_G" "chr11_13180396_T_C_b38_T"
[71] "chr11_13181122_C_T_b38_C" "chr11_13181132_T_A_b38_T"
[73] "chr11_13181163_T_G_b38_T" "chr11_13181254_G_A_b38_G"
[75] "chr11_13181293_C_T_b38_C" "chr11_13181360_G_A_b38_G"
[77] "chr11_13181664_A_G_b38_A" "chr11_13182114_G_A_b38_G"
[79] "chr11_13182203_G_A_b38_G" "chr11_13182610_C_T_b38_C"
[81] "chr11_13182823_T_C_b38_T" "chr11_13183287_G_A_b38_G"
[83] "chr11_13184213_G_A_b38_G" "chr11_13301971_T_C_b38_T"
[85] "chr11_13316281_G_A_b38_G" "chr11_13395112_C_G_b38_C"
51 SNP(s) removed because HWE P < 1e-08 :
 [1] "chr19_50749708_G_C_b38_G" "chr19_50842031_A_G_b38_A"
 [3] "chr19_50896788_T_C_b38_T" "chr19_50897100_A_G_b38_A"
 [5] "chr19_50897145_C_T_b38_C" "chr19_50948431_C_T_b38_C"
 [7] "chr19_50957933_A_G_b38_A" "chr19_51083323_T_G_b38_T"
 [9] "chr19_51107599_A_G_b38_A" "chr19_51107741_T_G_b38_T"
[11] "chr19_51108006_G_A_b38_G" "chr19_51116302_T_C_b38_T"
[13] "chr19_51120922_T_G_b38_T" "chr19_51121015_T_G_b38_T"
[15] "chr19_51121279_T_C_b38_T" "chr19_51121832_A_C_b38_A"
[17] "chr19_51121942_T_C_b38_T" "chr19_51122379_A_G_b38_A"
[19] "chr19_51122568_A_G_b38_A" "chr19_51122642_G_C_b38_G"
[21] "chr19_51123685_A_G_b38_A" "chr19_51136723_A_G_b38_A"
[23] "chr19_51172375_T_C_b38_T" "chr19_51173311_A_G_b38_A"
[25] "chr19_51173876_T_C_b38_T" "chr19_51184134_C_T_b38_C"
[27] "chr19_51201503_A_G_b38_A" "chr19_51208344_T_C_b38_T"
[29] "chr19_51208365_C_T_b38_C" "chr19_51212754_T_C_b38_T"
[31] "chr19_51235665_T_C_b38_T" "chr19_51251278_A_C_b38_A"
[33] "chr19_51280161_A_G_b38_A" "chr19_51280387_C_T_b38_C"
[35] "chr19_51281207_G_A_b38_G" "chr19_51282770_C_G_b38_C"
[37] "chr19_51283428_T_C_b38_T" "chr19_51284112_C_T_b38_C"
[39] "chr19_51284184_A_C_b38_A" "chr19_51285176_C_A_b38_C"
[41] "chr19_51285861_G_A_b38_G" "chr19_51287738_T_C_b38_T"
[43] "chr19_51290510_A_C_b38_A" "chr19_51291857_T_G_b38_T"
[45] "chr19_51293045_T_C_b38_T" "chr19_51298175_C_T_b38_C"
[47] "chr19_51358092_C_G_b38_C" "chr19_51447917_C_T_b38_C"
[49] "chr19_51447928_A_G_b38_A" "chr19_51448049_T_G_b38_T"
[51] "chr19_51457686_A_G_b38_A"
86 SNP(s) removed because HWE P < 1e-08 :
 [1] "chr11_12602581_C_A_b38_C" "chr11_12624958_C_A_b38_C"
 [3] "chr11_12709357_A_C_b38_A" "chr11_12711743_G_T_b38_G"
 [5] "chr11_12712147_G_A_b38_G" "chr11_12714195_C_T_b38_C"
 [7] "chr11_12714879_C_G_b38_C" "chr11_12715017_G_A_b38_G"
 [9] "chr11_12715147_C_T_b38_C" "chr11_12715325_A_G_b38_A"
[11] "chr11_12715946_C_T_b38_C" "chr11_12715993_T_C_b38_T"
[13] "chr11_12717103_G_A_b38_G" "chr11_12717141_C_A_b38_C"
[15] "chr11_12722267_A_G_b38_A" "chr11_12722492_G_A_b38_G"
[17] "chr11_12722623_A_G_b38_A" "chr11_12725406_G_A_b38_G"
[19] "chr11_12726375_G_A_b38_G" "chr11_12730213_C_A_b38_C"
[21] "chr11_12731602_A_G_b38_A" "chr11_12750963_G_C_b38_G"
[23] "chr11_12757747_T_C_b38_T" "chr11_12757888_G_T_b38_G"
[25] "chr11_12758617_C_T_b38_C" "chr11_12758709_T_C_b38_T"
[27] "chr11_12759469_G_A_b38_G" "chr11_12775522_G_C_b38_G"
[29] "chr11_12781165_A_G_b38_A" "chr11_12797262_G_A_b38_G"
[31] "chr11_12801705_T_G_b38_T" "chr11_12806545_C_T_b38_C"
[33] "chr11_12810221_C_T_b38_C" "chr11_12820345_A_C_b38_A"
[35] "chr11_12959220_G_C_b38_G" "chr11_13145421_T_C_b38_T"
[37] "chr11_13159063_A_T_b38_A" "chr11_13160043_T_C_b38_T"
[39] "chr11_13161191_T_G_b38_T" "chr11_13162034_C_T_b38_C"
[41] "chr11_13163679_G_A_b38_G" "chr11_13167486_A_G_b38_A"
[43] "chr11_13167824_C_G_b38_C" "chr11_13168039_T_G_b38_T"
[45] "chr11_13168424_A_T_b38_A" "chr11_13168751_C_A_b38_C"
[47] "chr11_13168868_C_G_b38_C" "chr11_13170516_C_T_b38_C"
[49] "chr11_13171300_T_A_b38_T" "chr11_13171711_G_C_b38_G"
[51] "chr11_13172324_A_C_b38_A" "chr11_13172527_T_C_b38_T"
[53] "chr11_13172742_G_A_b38_G" "chr11_13173008_G_A_b38_G"
[55] "chr11_13173311_A_C_b38_A" "chr11_13173332_G_A_b38_G"
[57] "chr11_13173916_G_A_b38_G" "chr11_13174617_C_T_b38_C"
[59] "chr11_13174658_A_G_b38_A" "chr11_13175460_G_T_b38_G"
[61] "chr11_13175491_T_C_b38_T" "chr11_13176427_A_G_b38_A"
[63] "chr11_13176535_G_A_b38_G" "chr11_13176583_C_T_b38_C"
[65] "chr11_13177356_T_C_b38_T" "chr11_13178288_C_T_b38_C"
[67] "chr11_13178878_C_T_b38_C" "chr11_13179392_C_G_b38_C"
[69] "chr11_13179991_G_A_b38_G" "chr11_13180396_T_C_b38_T"
[71] "chr11_13181122_C_T_b38_C" "chr11_13181132_T_A_b38_T"
[73] "chr11_13181163_T_G_b38_T" "chr11_13181254_G_A_b38_G"
[75] "chr11_13181293_C_T_b38_C" "chr11_13181360_G_A_b38_G"
[77] "chr11_13181664_A_G_b38_A" "chr11_13182114_G_A_b38_G"
[79] "chr11_13182203_G_A_b38_G" "chr11_13182610_C_T_b38_C"
[81] "chr11_13182823_T_C_b38_T" "chr11_13183287_G_A_b38_G"
[83] "chr11_13184213_G_A_b38_G" "chr11_13301971_T_C_b38_T"
[85] "chr11_13316281_G_A_b38_G" "chr11_13395112_C_G_b38_C"
22 SNP(s) removed because HWE P < 1e-08 :
 [1] "chr4_8044692_G_T_b38_G" "chr4_8044693_A_C_b38_A" "chr4_8059763_G_A_b38_G"
 [4] "chr4_8100031_G_T_b38_G" "chr4_8100581_C_T_b38_C" "chr4_8306668_C_G_b38_C"
 [7] "chr4_8557849_T_C_b38_T" "chr4_8557938_A_C_b38_A" "chr4_8557958_G_A_b38_G"
[10] "chr4_8557961_C_T_b38_C" "chr4_8585626_A_G_b38_A" "chr4_8603756_G_C_b38_G"
[13] "chr4_8632004_T_A_b38_T" "chr4_8632045_A_G_b38_A" "chr4_8635779_A_G_b38_A"
[16] "chr4_8655103_T_G_b38_T" "chr4_8655200_C_G_b38_C" "chr4_8656155_G_C_b38_G"
[19] "chr4_8659539_G_A_b38_G" "chr4_8661217_T_G_b38_T" "chr4_8674262_C_G_b38_C"
[22] "chr4_8677036_C_A_b38_C"
86 SNP(s) removed because HWE P < 1e-08 :
 [1] "chr11_12602581_C_A_b38_C" "chr11_12624958_C_A_b38_C"
 [3] "chr11_12709357_A_C_b38_A" "chr11_12711743_G_T_b38_G"
 [5] "chr11_12712147_G_A_b38_G" "chr11_12714195_C_T_b38_C"
 [7] "chr11_12714879_C_G_b38_C" "chr11_12715017_G_A_b38_G"
 [9] "chr11_12715147_C_T_b38_C" "chr11_12715325_A_G_b38_A"
[11] "chr11_12715946_C_T_b38_C" "chr11_12715993_T_C_b38_T"
[13] "chr11_12717103_G_A_b38_G" "chr11_12717141_C_A_b38_C"
[15] "chr11_12722267_A_G_b38_A" "chr11_12722492_G_A_b38_G"
[17] "chr11_12722623_A_G_b38_A" "chr11_12725406_G_A_b38_G"
[19] "chr11_12726375_G_A_b38_G" "chr11_12730213_C_A_b38_C"
[21] "chr11_12731602_A_G_b38_A" "chr11_12750963_G_C_b38_G"
[23] "chr11_12757747_T_C_b38_T" "chr11_12757888_G_T_b38_G"
[25] "chr11_12758617_C_T_b38_C" "chr11_12758709_T_C_b38_T"
[27] "chr11_12759469_G_A_b38_G" "chr11_12775522_G_C_b38_G"
[29] "chr11_12781165_A_G_b38_A" "chr11_12797262_G_A_b38_G"
[31] "chr11_12801705_T_G_b38_T" "chr11_12806545_C_T_b38_C"
[33] "chr11_12810221_C_T_b38_C" "chr11_12820345_A_C_b38_A"
[35] "chr11_12959220_G_C_b38_G" "chr11_13145421_T_C_b38_T"
[37] "chr11_13159063_A_T_b38_A" "chr11_13160043_T_C_b38_T"
[39] "chr11_13161191_T_G_b38_T" "chr11_13162034_C_T_b38_C"
[41] "chr11_13163679_G_A_b38_G" "chr11_13167486_A_G_b38_A"
[43] "chr11_13167824_C_G_b38_C" "chr11_13168039_T_G_b38_T"
[45] "chr11_13168424_A_T_b38_A" "chr11_13168751_C_A_b38_C"
[47] "chr11_13168868_C_G_b38_C" "chr11_13170516_C_T_b38_C"
[49] "chr11_13171300_T_A_b38_T" "chr11_13171711_G_C_b38_G"
[51] "chr11_13172324_A_C_b38_A" "chr11_13172527_T_C_b38_T"
[53] "chr11_13172742_G_A_b38_G" "chr11_13173008_G_A_b38_G"
[55] "chr11_13173311_A_C_b38_A" "chr11_13173332_G_A_b38_G"
[57] "chr11_13173916_G_A_b38_G" "chr11_13174617_C_T_b38_C"
[59] "chr11_13174658_A_G_b38_A" "chr11_13175460_G_T_b38_G"
[61] "chr11_13175491_T_C_b38_T" "chr11_13176427_A_G_b38_A"
[63] "chr11_13176535_G_A_b38_G" "chr11_13176583_C_T_b38_C"
[65] "chr11_13177356_T_C_b38_T" "chr11_13178288_C_T_b38_C"
[67] "chr11_13178878_C_T_b38_C" "chr11_13179392_C_G_b38_C"
[69] "chr11_13179991_G_A_b38_G" "chr11_13180396_T_C_b38_T"
[71] "chr11_13181122_C_T_b38_C" "chr11_13181132_T_A_b38_T"
[73] "chr11_13181163_T_G_b38_T" "chr11_13181254_G_A_b38_G"
[75] "chr11_13181293_C_T_b38_C" "chr11_13181360_G_A_b38_G"
[77] "chr11_13181664_A_G_b38_A" "chr11_13182114_G_A_b38_G"
[79] "chr11_13182203_G_A_b38_G" "chr11_13182610_C_T_b38_C"
[81] "chr11_13182823_T_C_b38_T" "chr11_13183287_G_A_b38_G"
[83] "chr11_13184213_G_A_b38_G" "chr11_13301971_T_C_b38_T"
[85] "chr11_13316281_G_A_b38_G" "chr11_13395112_C_G_b38_C"
39 SNP(s) removed because HWE P < 1e-08 :
 [1] "chr22_49765666_G_C_b38_G" "chr22_49770965_G_C_b38_G"
 [3] "chr22_49837507_C_G_b38_C" "chr22_49846939_C_A_b38_C"
 [5] "chr22_49848251_T_C_b38_T" "chr22_49872508_G_A_b38_G"
 [7] "chr22_49880142_T_C_b38_T" "chr22_49880243_G_T_b38_G"
 [9] "chr22_49883047_G_C_b38_G" "chr22_49894697_A_G_b38_A"
[11] "chr22_49906790_T_C_b38_T" "chr22_49921580_T_C_b38_T"
[13] "chr22_49921715_C_A_b38_C" "chr22_49973759_T_C_b38_T"
[15] "chr22_50013858_A_C_b38_A" "chr22_50357867_G_A_b38_G"
[17] "chr22_50371703_G_C_b38_G" "chr22_50418711_G_A_b38_G"
[19] "chr22_50424402_A_C_b38_A" "chr22_50424421_C_A_b38_C"
[21] "chr22_50424423_C_T_b38_C" "chr22_50495487_G_A_b38_G"
[23] "chr22_50495498_T_C_b38_T" "chr22_50495499_G_A_b38_G"
[25] "chr22_50508159_C_G_b38_C" "chr22_50509182_A_G_b38_A"
[27] "chr22_50509488_T_C_b38_T" "chr22_50509962_A_G_b38_A"
[29] "chr22_50510817_C_T_b38_C" "chr22_50510967_T_C_b38_T"
[31] "chr22_50511806_T_C_b38_T" "chr22_50512014_T_C_b38_T"
[33] "chr22_50512298_G_A_b38_G" "chr22_50512549_T_G_b38_T"
[35] "chr22_50513313_G_C_b38_G" "chr22_50513793_G_A_b38_G"
[37] "chr22_50542614_C_T_b38_C" "chr22_50542624_A_T_b38_A"
[39] "chr22_50712000_C_T_b38_C"
22 SNP(s) removed because HWE P < 1e-08 :
 [1] "chr1_162353041_G_C_b38_G" "chr1_162353047_A_C_b38_A"
 [3] "chr1_162477576_G_A_b38_G" "chr1_162481393_G_A_b38_G"
 [5] "chr1_162483630_C_T_b38_C" "chr1_162701799_T_C_b38_T"
 [7] "chr1_162704548_G_A_b38_G" "chr1_162705250_T_C_b38_T"
 [9] "chr1_162706401_C_T_b38_C" "chr1_162710700_T_C_b38_T"
[11] "chr1_162714569_T_C_b38_T" "chr1_162722878_C_G_b38_C"
[13] "chr1_162733892_A_G_b38_A" "chr1_162742199_A_T_b38_A"
[15] "chr1_162742900_G_A_b38_G" "chr1_162743999_G_A_b38_G"
[17] "chr1_162744207_T_C_b38_T" "chr1_162752426_G_A_b38_G"
[19] "chr1_162763446_G_A_b38_G" "chr1_162798738_C_G_b38_C"
[21] "chr1_162803606_G_A_b38_G" "chr1_162909861_T_C_b38_T"
22 SNP(s) removed because HWE P < 1e-08 :
 [1] "chr1_162353041_G_C_b38_G" "chr1_162353047_A_C_b38_A"
 [3] "chr1_162477576_G_A_b38_G" "chr1_162481393_G_A_b38_G"
 [5] "chr1_162483630_C_T_b38_C" "chr1_162701799_T_C_b38_T"
 [7] "chr1_162704548_G_A_b38_G" "chr1_162705250_T_C_b38_T"
 [9] "chr1_162706401_C_T_b38_C" "chr1_162710700_T_C_b38_T"
[11] "chr1_162714569_T_C_b38_T" "chr1_162722878_C_G_b38_C"
[13] "chr1_162733892_A_G_b38_A" "chr1_162742199_A_T_b38_A"
[15] "chr1_162742900_G_A_b38_G" "chr1_162743999_G_A_b38_G"
[17] "chr1_162744207_T_C_b38_T" "chr1_162752426_G_A_b38_G"
[19] "chr1_162763446_G_A_b38_G" "chr1_162798738_C_G_b38_C"
[21] "chr1_162803606_G_A_b38_G" "chr1_162909861_T_C_b38_T"
74 SNP(s) removed because HWE P < 1e-08 :
 [1] "chr21_31920396_G_A_b38_G" "chr21_31935565_G_C_b38_G"
 [3] "chr21_31935580_T_G_b38_T" "chr21_32134286_A_T_b38_A"
 [5] "chr21_32238948_G_A_b38_G" "chr21_32250914_C_T_b38_C"
 [7] "chr21_32311415_A_C_b38_A" "chr21_32410343_C_T_b38_C"
 [9] "chr21_32432979_G_A_b38_G" "chr21_32432987_A_C_b38_A"
[11] "chr21_32432995_G_A_b38_G" "chr21_32433065_T_A_b38_T"
[13] "chr21_32433084_C_T_b38_C" "chr21_32433553_G_A_b38_G"
[15] "chr21_32433554_C_G_b38_C" "chr21_32433562_T_C_b38_T"
[17] "chr21_32433629_A_G_b38_A" "chr21_32433656_G_A_b38_G"
[19] "chr21_32433663_A_T_b38_A" "chr21_32434706_A_G_b38_A"
[21] "chr21_32434713_T_C_b38_T" "chr21_32434721_A_C_b38_A"
[23] "chr21_32434746_A_C_b38_A" "chr21_32434842_G_A_b38_G"
[25] "chr21_32434867_C_T_b38_C" "chr21_32434878_G_A_b38_G"
[27] "chr21_32434919_T_G_b38_T" "chr21_32434927_C_T_b38_C"
[29] "chr21_32434967_T_G_b38_T" "chr21_32434971_T_C_b38_T"
[31] "chr21_32434992_T_C_b38_T" "chr21_32435003_T_G_b38_T"
[33] "chr21_32435004_T_C_b38_T" "chr21_32435117_A_G_b38_A"
[35] "chr21_32435125_T_C_b38_T" "chr21_32435126_G_C_b38_G"
[37] "chr21_32435133_C_A_b38_C" "chr21_32435360_C_T_b38_C"
[39] "chr21_32435400_A_G_b38_A" "chr21_32435408_T_C_b38_T"
[41] "chr21_32435414_A_G_b38_A" "chr21_32435436_C_T_b38_C"
[43] "chr21_32435462_C_T_b38_C" "chr21_32435661_G_C_b38_G"
[45] "chr21_32435666_T_G_b38_T" "chr21_32435667_A_G_b38_A"
[47] "chr21_32435716_C_T_b38_C" "chr21_32435721_G_A_b38_G"
[49] "chr21_32435728_T_C_b38_T" "chr21_32435763_C_T_b38_C"
[51] "chr21_32435766_A_C_b38_A" "chr21_32435898_C_T_b38_C"
[53] "chr21_32435949_T_A_b38_T" "chr21_32435990_T_A_b38_T"
[55] "chr21_32436019_G_A_b38_G" "chr21_32436447_T_A_b38_T"
[57] "chr21_32436465_A_C_b38_A" "chr21_32436477_T_A_b38_T"
[59] "chr21_32436484_T_C_b38_T" "chr21_32436539_G_A_b38_G"
[61] "chr21_32436627_G_A_b38_G" "chr21_32436628_G_A_b38_G"
[63] "chr21_32436637_A_G_b38_A" "chr21_32436702_C_T_b38_C"
[65] "chr21_32436736_G_A_b38_G" "chr21_32436746_A_G_b38_A"
[67] "chr21_32437187_G_C_b38_G" "chr21_32437224_A_G_b38_A"
[69] "chr21_32437249_C_A_b38_C" "chr21_32437250_G_A_b38_G"
[71] "chr21_32437258_C_G_b38_C" "chr21_32621877_A_T_b38_A"
[73] "chr21_32660622_A_G_b38_A" "chr21_32660624_C_T_b38_C"
51 SNP(s) removed because HWE P < 1e-08 :
 [1] "chr19_50749708_G_C_b38_G" "chr19_50842031_A_G_b38_A"
 [3] "chr19_50896788_T_C_b38_T" "chr19_50897100_A_G_b38_A"
 [5] "chr19_50897145_C_T_b38_C" "chr19_50948431_C_T_b38_C"
 [7] "chr19_50957933_A_G_b38_A" "chr19_51083323_T_G_b38_T"
 [9] "chr19_51107599_A_G_b38_A" "chr19_51107741_T_G_b38_T"
[11] "chr19_51108006_G_A_b38_G" "chr19_51116302_T_C_b38_T"
[13] "chr19_51120922_T_G_b38_T" "chr19_51121015_T_G_b38_T"
[15] "chr19_51121279_T_C_b38_T" "chr19_51121832_A_C_b38_A"
[17] "chr19_51121942_T_C_b38_T" "chr19_51122379_A_G_b38_A"
[19] "chr19_51122568_A_G_b38_A" "chr19_51122642_G_C_b38_G"
[21] "chr19_51123685_A_G_b38_A" "chr19_51136723_A_G_b38_A"
[23] "chr19_51172375_T_C_b38_T" "chr19_51173311_A_G_b38_A"
[25] "chr19_51173876_T_C_b38_T" "chr19_51184134_C_T_b38_C"
[27] "chr19_51201503_A_G_b38_A" "chr19_51208344_T_C_b38_T"
[29] "chr19_51208365_C_T_b38_C" "chr19_51212754_T_C_b38_T"
[31] "chr19_51235665_T_C_b38_T" "chr19_51251278_A_C_b38_A"
[33] "chr19_51280161_A_G_b38_A" "chr19_51280387_C_T_b38_C"
[35] "chr19_51281207_G_A_b38_G" "chr19_51282770_C_G_b38_C"
[37] "chr19_51283428_T_C_b38_T" "chr19_51284112_C_T_b38_C"
[39] "chr19_51284184_A_C_b38_A" "chr19_51285176_C_A_b38_C"
[41] "chr19_51285861_G_A_b38_G" "chr19_51287738_T_C_b38_T"
[43] "chr19_51290510_A_C_b38_A" "chr19_51291857_T_G_b38_T"
[45] "chr19_51293045_T_C_b38_T" "chr19_51298175_C_T_b38_C"
[47] "chr19_51358092_C_G_b38_C" "chr19_51447917_C_T_b38_C"
[49] "chr19_51447928_A_G_b38_A" "chr19_51448049_T_G_b38_T"
[51] "chr19_51457686_A_G_b38_A"
32 SNP(s) removed because HWE P < 1e-08 :
 [1] "chr19_17504800_T_C_b38_T" "chr19_17504915_T_C_b38_T"
 [3] "chr19_17583443_G_T_b38_G" "chr19_17666011_C_T_b38_C"
 [5] "chr19_17666078_T_C_b38_T" "chr19_17847808_C_T_b38_C"
 [7] "chr19_17847968_T_C_b38_T" "chr19_17901200_G_T_b38_G"
 [9] "chr19_17908396_T_C_b38_T" "chr19_17924720_G_T_b38_G"
[11] "chr19_17928630_T_C_b38_T" "chr19_18036796_G_A_b38_G"
[13] "chr19_18037080_A_T_b38_A" "chr19_18037381_T_C_b38_T"
[15] "chr19_18037783_T_C_b38_T" "chr19_18039165_G_A_b38_G"
[17] "chr19_18039479_C_T_b38_C" "chr19_18039995_T_C_b38_T"
[19] "chr19_18040092_T_C_b38_T" "chr19_18040429_G_T_b38_G"
[21] "chr19_18040432_G_T_b38_G" "chr19_18042127_C_T_b38_C"
[23] "chr19_18042885_A_G_b38_A" "chr19_18043992_G_C_b38_G"
[25] "chr19_18044231_C_G_b38_C" "chr19_18044266_G_C_b38_G"
[27] "chr19_18251693_G_C_b38_G" "chr19_18260387_C_T_b38_C"
[29] "chr19_18262150_C_G_b38_C" "chr19_18265699_G_A_b38_G"
[31] "chr19_18265970_T_C_b38_T" "chr19_18267871_C_A_b38_C"
39 SNP(s) removed because HWE P < 1e-08 :
 [1] "chr22_49765666_G_C_b38_G" "chr22_49770965_G_C_b38_G"
 [3] "chr22_49837507_C_G_b38_C" "chr22_49846939_C_A_b38_C"
 [5] "chr22_49848251_T_C_b38_T" "chr22_49872508_G_A_b38_G"
 [7] "chr22_49880142_T_C_b38_T" "chr22_49880243_G_T_b38_G"
 [9] "chr22_49883047_G_C_b38_G" "chr22_49894697_A_G_b38_A"
[11] "chr22_49906790_T_C_b38_T" "chr22_49921580_T_C_b38_T"
[13] "chr22_49921715_C_A_b38_C" "chr22_49973759_T_C_b38_T"
[15] "chr22_50013858_A_C_b38_A" "chr22_50357867_G_A_b38_G"
[17] "chr22_50371703_G_C_b38_G" "chr22_50418711_G_A_b38_G"
[19] "chr22_50424402_A_C_b38_A" "chr22_50424421_C_A_b38_C"
[21] "chr22_50424423_C_T_b38_C" "chr22_50495487_G_A_b38_G"
[23] "chr22_50495498_T_C_b38_T" "chr22_50495499_G_A_b38_G"
[25] "chr22_50508159_C_G_b38_C" "chr22_50509182_A_G_b38_A"
[27] "chr22_50509488_T_C_b38_T" "chr22_50509962_A_G_b38_A"
[29] "chr22_50510817_C_T_b38_C" "chr22_50510967_T_C_b38_T"
[31] "chr22_50511806_T_C_b38_T" "chr22_50512014_T_C_b38_T"
[33] "chr22_50512298_G_A_b38_G" "chr22_50512549_T_G_b38_T"
[35] "chr22_50513313_G_C_b38_G" "chr22_50513793_G_A_b38_G"
[37] "chr22_50542614_C_T_b38_C" "chr22_50542624_A_T_b38_A"
[39] "chr22_50712000_C_T_b38_C"
51 SNP(s) removed because HWE P < 1e-08 :
 [1] "chr19_50749708_G_C_b38_G" "chr19_50842031_A_G_b38_A"
 [3] "chr19_50896788_T_C_b38_T" "chr19_50897100_A_G_b38_A"
 [5] "chr19_50897145_C_T_b38_C" "chr19_50948431_C_T_b38_C"
 [7] "chr19_50957933_A_G_b38_A" "chr19_51083323_T_G_b38_T"
 [9] "chr19_51107599_A_G_b38_A" "chr19_51107741_T_G_b38_T"
[11] "chr19_51108006_G_A_b38_G" "chr19_51116302_T_C_b38_T"
[13] "chr19_51120922_T_G_b38_T" "chr19_51121015_T_G_b38_T"
[15] "chr19_51121279_T_C_b38_T" "chr19_51121832_A_C_b38_A"
[17] "chr19_51121942_T_C_b38_T" "chr19_51122379_A_G_b38_A"
[19] "chr19_51122568_A_G_b38_A" "chr19_51122642_G_C_b38_G"
[21] "chr19_51123685_A_G_b38_A" "chr19_51136723_A_G_b38_A"
[23] "chr19_51172375_T_C_b38_T" "chr19_51173311_A_G_b38_A"
[25] "chr19_51173876_T_C_b38_T" "chr19_51184134_C_T_b38_C"
[27] "chr19_51201503_A_G_b38_A" "chr19_51208344_T_C_b38_T"
[29] "chr19_51208365_C_T_b38_C" "chr19_51212754_T_C_b38_T"
[31] "chr19_51235665_T_C_b38_T" "chr19_51251278_A_C_b38_A"
[33] "chr19_51280161_A_G_b38_A" "chr19_51280387_C_T_b38_C"
[35] "chr19_51281207_G_A_b38_G" "chr19_51282770_C_G_b38_C"
[37] "chr19_51283428_T_C_b38_T" "chr19_51284112_C_T_b38_C"
[39] "chr19_51284184_A_C_b38_A" "chr19_51285176_C_A_b38_C"
[41] "chr19_51285861_G_A_b38_G" "chr19_51287738_T_C_b38_T"
[43] "chr19_51290510_A_C_b38_A" "chr19_51291857_T_G_b38_T"
[45] "chr19_51293045_T_C_b38_T" "chr19_51298175_C_T_b38_C"
[47] "chr19_51358092_C_G_b38_C" "chr19_51447917_C_T_b38_C"
[49] "chr19_51447928_A_G_b38_A" "chr19_51448049_T_G_b38_T"
[51] "chr19_51457686_A_G_b38_A"
86 SNP(s) removed because HWE P < 1e-08 :
 [1] "chr11_12602581_C_A_b38_C" "chr11_12624958_C_A_b38_C"
 [3] "chr11_12709357_A_C_b38_A" "chr11_12711743_G_T_b38_G"
 [5] "chr11_12712147_G_A_b38_G" "chr11_12714195_C_T_b38_C"
 [7] "chr11_12714879_C_G_b38_C" "chr11_12715017_G_A_b38_G"
 [9] "chr11_12715147_C_T_b38_C" "chr11_12715325_A_G_b38_A"
[11] "chr11_12715946_C_T_b38_C" "chr11_12715993_T_C_b38_T"
[13] "chr11_12717103_G_A_b38_G" "chr11_12717141_C_A_b38_C"
[15] "chr11_12722267_A_G_b38_A" "chr11_12722492_G_A_b38_G"
[17] "chr11_12722623_A_G_b38_A" "chr11_12725406_G_A_b38_G"
[19] "chr11_12726375_G_A_b38_G" "chr11_12730213_C_A_b38_C"
[21] "chr11_12731602_A_G_b38_A" "chr11_12750963_G_C_b38_G"
[23] "chr11_12757747_T_C_b38_T" "chr11_12757888_G_T_b38_G"
[25] "chr11_12758617_C_T_b38_C" "chr11_12758709_T_C_b38_T"
[27] "chr11_12759469_G_A_b38_G" "chr11_12775522_G_C_b38_G"
[29] "chr11_12781165_A_G_b38_A" "chr11_12797262_G_A_b38_G"
[31] "chr11_12801705_T_G_b38_T" "chr11_12806545_C_T_b38_C"
[33] "chr11_12810221_C_T_b38_C" "chr11_12820345_A_C_b38_A"
[35] "chr11_12959220_G_C_b38_G" "chr11_13145421_T_C_b38_T"
[37] "chr11_13159063_A_T_b38_A" "chr11_13160043_T_C_b38_T"
[39] "chr11_13161191_T_G_b38_T" "chr11_13162034_C_T_b38_C"
[41] "chr11_13163679_G_A_b38_G" "chr11_13167486_A_G_b38_A"
[43] "chr11_13167824_C_G_b38_C" "chr11_13168039_T_G_b38_T"
[45] "chr11_13168424_A_T_b38_A" "chr11_13168751_C_A_b38_C"
[47] "chr11_13168868_C_G_b38_C" "chr11_13170516_C_T_b38_C"
[49] "chr11_13171300_T_A_b38_T" "chr11_13171711_G_C_b38_G"
[51] "chr11_13172324_A_C_b38_A" "chr11_13172527_T_C_b38_T"
[53] "chr11_13172742_G_A_b38_G" "chr11_13173008_G_A_b38_G"
[55] "chr11_13173311_A_C_b38_A" "chr11_13173332_G_A_b38_G"
[57] "chr11_13173916_G_A_b38_G" "chr11_13174617_C_T_b38_C"
[59] "chr11_13174658_A_G_b38_A" "chr11_13175460_G_T_b38_G"
[61] "chr11_13175491_T_C_b38_T" "chr11_13176427_A_G_b38_A"
[63] "chr11_13176535_G_A_b38_G" "chr11_13176583_C_T_b38_C"
[65] "chr11_13177356_T_C_b38_T" "chr11_13178288_C_T_b38_C"
[67] "chr11_13178878_C_T_b38_C" "chr11_13179392_C_G_b38_C"
[69] "chr11_13179991_G_A_b38_G" "chr11_13180396_T_C_b38_T"
[71] "chr11_13181122_C_T_b38_C" "chr11_13181132_T_A_b38_T"
[73] "chr11_13181163_T_G_b38_T" "chr11_13181254_G_A_b38_G"
[75] "chr11_13181293_C_T_b38_C" "chr11_13181360_G_A_b38_G"
[77] "chr11_13181664_A_G_b38_A" "chr11_13182114_G_A_b38_G"
[79] "chr11_13182203_G_A_b38_G" "chr11_13182610_C_T_b38_C"
[81] "chr11_13182823_T_C_b38_T" "chr11_13183287_G_A_b38_G"
[83] "chr11_13184213_G_A_b38_G" "chr11_13301971_T_C_b38_T"
[85] "chr11_13316281_G_A_b38_G" "chr11_13395112_C_G_b38_C"
69 SNP(s) removed because HWE P < 1e-08 :
 [1] "chr8_81253423_T_C_b38_T" "chr8_81281143_C_T_b38_C"
 [3] "chr8_81289273_A_T_b38_A" "chr8_81297255_A_G_b38_A"
 [5] "chr8_81299436_C_T_b38_C" "chr8_81300344_T_C_b38_T"
 [7] "chr8_81325559_T_C_b38_T" "chr8_81327049_C_G_b38_C"
 [9] "chr8_81327156_T_G_b38_T" "chr8_81327252_A_G_b38_A"
[11] "chr8_81327333_T_C_b38_T" "chr8_81327394_A_G_b38_A"
[13] "chr8_81328362_A_G_b38_A" "chr8_81328531_C_A_b38_C"
[15] "chr8_81329064_T_A_b38_T" "chr8_81329094_T_G_b38_T"
[17] "chr8_81329957_C_T_b38_C" "chr8_81330786_A_G_b38_A"
[19] "chr8_81330873_T_C_b38_T" "chr8_81331043_A_C_b38_A"
[21] "chr8_81331131_T_C_b38_T" "chr8_81331608_C_T_b38_C"
[23] "chr8_81331614_C_T_b38_C" "chr8_81331709_T_G_b38_T"
[25] "chr8_81331864_A_G_b38_A" "chr8_81331877_C_T_b38_C"
[27] "chr8_81332098_G_A_b38_G" "chr8_81332283_A_G_b38_A"
[29] "chr8_81332524_C_T_b38_C" "chr8_81332904_A_T_b38_A"
[31] "chr8_81332906_C_T_b38_C" "chr8_81333125_G_A_b38_G"
[33] "chr8_81333194_G_T_b38_G" "chr8_81333216_T_C_b38_T"
[35] "chr8_81333791_C_T_b38_C" "chr8_81334313_T_C_b38_T"
[37] "chr8_81335686_A_G_b38_A" "chr8_81336303_C_T_b38_C"
[39] "chr8_81464464_C_T_b38_C" "chr8_81468508_A_T_b38_A"
[41] "chr8_81468888_A_G_b38_A" "chr8_81469332_T_C_b38_T"
[43] "chr8_81469415_G_A_b38_G" "chr8_81470506_G_A_b38_G"
[45] "chr8_81470621_C_T_b38_C" "chr8_81471159_T_G_b38_T"
[47] "chr8_81514819_A_C_b38_A" "chr8_81515555_C_T_b38_C"
[49] "chr8_81518769_T_C_b38_T" "chr8_81527961_G_T_b38_G"
[51] "chr8_81900677_A_T_b38_A" "chr8_81900680_C_T_b38_C"
[53] "chr8_81900761_G_T_b38_G" "chr8_81900762_G_A_b38_G"
[55] "chr8_81900773_G_A_b38_G" "chr8_81900776_G_T_b38_G"
[57] "chr8_81900779_T_C_b38_T" "chr8_81900782_C_T_b38_C"
[59] "chr8_81900783_T_C_b38_T" "chr8_81900784_G_A_b38_G"
[61] "chr8_81900789_T_C_b38_T" "chr8_81900796_C_G_b38_C"
[63] "chr8_81900800_G_C_b38_G" "chr8_82127185_G_A_b38_G"
[65] "chr8_82127192_C_G_b38_C" "chr8_82129772_G_C_b38_G"
[67] "chr8_82130336_C_T_b38_C" "chr8_82136891_C_T_b38_C"
[69] "chr8_82137774_C_G_b38_C"
32 SNP(s) removed because HWE P < 1e-08 :
 [1] "chr19_17504800_T_C_b38_T" "chr19_17504915_T_C_b38_T"
 [3] "chr19_17583443_G_T_b38_G" "chr19_17666011_C_T_b38_C"
 [5] "chr19_17666078_T_C_b38_T" "chr19_17847808_C_T_b38_C"
 [7] "chr19_17847968_T_C_b38_T" "chr19_17901200_G_T_b38_G"
 [9] "chr19_17908396_T_C_b38_T" "chr19_17924720_G_T_b38_G"
[11] "chr19_17928630_T_C_b38_T" "chr19_18036796_G_A_b38_G"
[13] "chr19_18037080_A_T_b38_A" "chr19_18037381_T_C_b38_T"
[15] "chr19_18037783_T_C_b38_T" "chr19_18039165_G_A_b38_G"
[17] "chr19_18039479_C_T_b38_C" "chr19_18039995_T_C_b38_T"
[19] "chr19_18040092_T_C_b38_T" "chr19_18040429_G_T_b38_G"
[21] "chr19_18040432_G_T_b38_G" "chr19_18042127_C_T_b38_C"
[23] "chr19_18042885_A_G_b38_A" "chr19_18043992_G_C_b38_G"
[25] "chr19_18044231_C_G_b38_C" "chr19_18044266_G_C_b38_G"
[27] "chr19_18251693_G_C_b38_G" "chr19_18260387_C_T_b38_C"
[29] "chr19_18262150_C_G_b38_C" "chr19_18265699_G_A_b38_G"
[31] "chr19_18265970_T_C_b38_T" "chr19_18267871_C_A_b38_C"
6 SNP(s) removed because HWE P < 1e-08 :
[1] "chr13_29549344_C_T_b38_C" "chr13_29949626_G_C_b38_G"
[3] "chr13_30062346_T_C_b38_T" "chr13_30062379_G_C_b38_G"
[5] "chr13_30121793_C_T_b38_C" "chr13_30160356_C_T_b38_C"
32 SNP(s) removed because HWE P < 1e-08 :
 [1] "chr19_17504800_T_C_b38_T" "chr19_17504915_T_C_b38_T"
 [3] "chr19_17583443_G_T_b38_G" "chr19_17666011_C_T_b38_C"
 [5] "chr19_17666078_T_C_b38_T" "chr19_17847808_C_T_b38_C"
 [7] "chr19_17847968_T_C_b38_T" "chr19_17901200_G_T_b38_G"
 [9] "chr19_17908396_T_C_b38_T" "chr19_17924720_G_T_b38_G"
[11] "chr19_17928630_T_C_b38_T" "chr19_18036796_G_A_b38_G"
[13] "chr19_18037080_A_T_b38_A" "chr19_18037381_T_C_b38_T"
[15] "chr19_18037783_T_C_b38_T" "chr19_18039165_G_A_b38_G"
[17] "chr19_18039479_C_T_b38_C" "chr19_18039995_T_C_b38_T"
[19] "chr19_18040092_T_C_b38_T" "chr19_18040429_G_T_b38_G"
[21] "chr19_18040432_G_T_b38_G" "chr19_18042127_C_T_b38_C"
[23] "chr19_18042885_A_G_b38_A" "chr19_18043992_G_C_b38_G"
[25] "chr19_18044231_C_G_b38_C" "chr19_18044266_G_C_b38_G"
[27] "chr19_18251693_G_C_b38_G" "chr19_18260387_C_T_b38_C"
[29] "chr19_18262150_C_G_b38_C" "chr19_18265699_G_A_b38_G"
[31] "chr19_18265970_T_C_b38_T" "chr19_18267871_C_A_b38_C"
51 SNP(s) removed because HWE P < 1e-08 :
 [1] "chr19_50749708_G_C_b38_G" "chr19_50842031_A_G_b38_A"
 [3] "chr19_50896788_T_C_b38_T" "chr19_50897100_A_G_b38_A"
 [5] "chr19_50897145_C_T_b38_C" "chr19_50948431_C_T_b38_C"
 [7] "chr19_50957933_A_G_b38_A" "chr19_51083323_T_G_b38_T"
 [9] "chr19_51107599_A_G_b38_A" "chr19_51107741_T_G_b38_T"
[11] "chr19_51108006_G_A_b38_G" "chr19_51116302_T_C_b38_T"
[13] "chr19_51120922_T_G_b38_T" "chr19_51121015_T_G_b38_T"
[15] "chr19_51121279_T_C_b38_T" "chr19_51121832_A_C_b38_A"
[17] "chr19_51121942_T_C_b38_T" "chr19_51122379_A_G_b38_A"
[19] "chr19_51122568_A_G_b38_A" "chr19_51122642_G_C_b38_G"
[21] "chr19_51123685_A_G_b38_A" "chr19_51136723_A_G_b38_A"
[23] "chr19_51172375_T_C_b38_T" "chr19_51173311_A_G_b38_A"
[25] "chr19_51173876_T_C_b38_T" "chr19_51184134_C_T_b38_C"
[27] "chr19_51201503_A_G_b38_A" "chr19_51208344_T_C_b38_T"
[29] "chr19_51208365_C_T_b38_C" "chr19_51212754_T_C_b38_T"
[31] "chr19_51235665_T_C_b38_T" "chr19_51251278_A_C_b38_A"
[33] "chr19_51280161_A_G_b38_A" "chr19_51280387_C_T_b38_C"
[35] "chr19_51281207_G_A_b38_G" "chr19_51282770_C_G_b38_C"
[37] "chr19_51283428_T_C_b38_T" "chr19_51284112_C_T_b38_C"
[39] "chr19_51284184_A_C_b38_A" "chr19_51285176_C_A_b38_C"
[41] "chr19_51285861_G_A_b38_G" "chr19_51287738_T_C_b38_T"
[43] "chr19_51290510_A_C_b38_A" "chr19_51291857_T_G_b38_T"
[45] "chr19_51293045_T_C_b38_T" "chr19_51298175_C_T_b38_C"
[47] "chr19_51358092_C_G_b38_C" "chr19_51447917_C_T_b38_C"
[49] "chr19_51447928_A_G_b38_A" "chr19_51448049_T_G_b38_T"
[51] "chr19_51457686_A_G_b38_A"
74 SNP(s) removed because HWE P < 1e-08 :
 [1] "chr21_31920396_G_A_b38_G" "chr21_31935565_G_C_b38_G"
 [3] "chr21_31935580_T_G_b38_T" "chr21_32134286_A_T_b38_A"
 [5] "chr21_32238948_G_A_b38_G" "chr21_32250914_C_T_b38_C"
 [7] "chr21_32311415_A_C_b38_A" "chr21_32410343_C_T_b38_C"
 [9] "chr21_32432979_G_A_b38_G" "chr21_32432987_A_C_b38_A"
[11] "chr21_32432995_G_A_b38_G" "chr21_32433065_T_A_b38_T"
[13] "chr21_32433084_C_T_b38_C" "chr21_32433553_G_A_b38_G"
[15] "chr21_32433554_C_G_b38_C" "chr21_32433562_T_C_b38_T"
[17] "chr21_32433629_A_G_b38_A" "chr21_32433656_G_A_b38_G"
[19] "chr21_32433663_A_T_b38_A" "chr21_32434706_A_G_b38_A"
[21] "chr21_32434713_T_C_b38_T" "chr21_32434721_A_C_b38_A"
[23] "chr21_32434746_A_C_b38_A" "chr21_32434842_G_A_b38_G"
[25] "chr21_32434867_C_T_b38_C" "chr21_32434878_G_A_b38_G"
[27] "chr21_32434919_T_G_b38_T" "chr21_32434927_C_T_b38_C"
[29] "chr21_32434967_T_G_b38_T" "chr21_32434971_T_C_b38_T"
[31] "chr21_32434992_T_C_b38_T" "chr21_32435003_T_G_b38_T"
[33] "chr21_32435004_T_C_b38_T" "chr21_32435117_A_G_b38_A"
[35] "chr21_32435125_T_C_b38_T" "chr21_32435126_G_C_b38_G"
[37] "chr21_32435133_C_A_b38_C" "chr21_32435360_C_T_b38_C"
[39] "chr21_32435400_A_G_b38_A" "chr21_32435408_T_C_b38_T"
[41] "chr21_32435414_A_G_b38_A" "chr21_32435436_C_T_b38_C"
[43] "chr21_32435462_C_T_b38_C" "chr21_32435661_G_C_b38_G"
[45] "chr21_32435666_T_G_b38_T" "chr21_32435667_A_G_b38_A"
[47] "chr21_32435716_C_T_b38_C" "chr21_32435721_G_A_b38_G"
[49] "chr21_32435728_T_C_b38_T" "chr21_32435763_C_T_b38_C"
[51] "chr21_32435766_A_C_b38_A" "chr21_32435898_C_T_b38_C"
[53] "chr21_32435949_T_A_b38_T" "chr21_32435990_T_A_b38_T"
[55] "chr21_32436019_G_A_b38_G" "chr21_32436447_T_A_b38_T"
[57] "chr21_32436465_A_C_b38_A" "chr21_32436477_T_A_b38_T"
[59] "chr21_32436484_T_C_b38_T" "chr21_32436539_G_A_b38_G"
[61] "chr21_32436627_G_A_b38_G" "chr21_32436628_G_A_b38_G"
[63] "chr21_32436637_A_G_b38_A" "chr21_32436702_C_T_b38_C"
[65] "chr21_32436736_G_A_b38_G" "chr21_32436746_A_G_b38_A"
[67] "chr21_32437187_G_C_b38_G" "chr21_32437224_A_G_b38_A"
[69] "chr21_32437249_C_A_b38_C" "chr21_32437250_G_A_b38_G"
[71] "chr21_32437258_C_G_b38_C" "chr21_32621877_A_T_b38_A"
[73] "chr21_32660622_A_G_b38_A" "chr21_32660624_C_T_b38_C"
6 SNP(s) removed because HWE P < 1e-08 :
[1] "chr17_28439190_A_C_b38_A" "chr17_28439714_T_C_b38_T"
[3] "chr17_28441937_G_A_b38_G" "chr17_28452019_C_T_b38_C"
[5] "chr17_28452207_C_G_b38_C" "chr17_28459762_C_A_b38_C"
26 SNP(s) removed because HWE P < 1e-08 :
 [1] "chr4_48078519_A_C_b38_A" "chr4_48079528_T_C_b38_T"
 [3] "chr4_48085231_T_C_b38_T" "chr4_48085838_G_A_b38_G"
 [5] "chr4_48086052_C_T_b38_C" "chr4_48086429_A_G_b38_A"
 [7] "chr4_48450863_T_C_b38_T" "chr4_48451209_C_T_b38_C"
 [9] "chr4_48452709_A_G_b38_A" "chr4_48711359_T_C_b38_T"
[11] "chr4_48711393_C_T_b38_C" "chr4_48711401_C_A_b38_C"
[13] "chr4_48711410_A_G_b38_A" "chr4_48711421_A_C_b38_A"
[15] "chr4_48711432_G_C_b38_G" "chr4_48711433_G_A_b38_G"
[17] "chr4_48711441_A_C_b38_A" "chr4_48711445_C_T_b38_C"
[19] "chr4_48711447_G_A_b38_G" "chr4_48711466_C_T_b38_C"
[21] "chr4_48711467_A_T_b38_A" "chr4_48711470_G_A_b38_G"
[23] "chr4_48711609_C_T_b38_C" "chr4_48711661_A_G_b38_A"
[25] "chr4_48711678_T_A_b38_T" "chr4_48711716_T_C_b38_T"
69 SNP(s) removed because HWE P < 1e-08 :
 [1] "chr8_81253423_T_C_b38_T" "chr8_81281143_C_T_b38_C"
 [3] "chr8_81289273_A_T_b38_A" "chr8_81297255_A_G_b38_A"
 [5] "chr8_81299436_C_T_b38_C" "chr8_81300344_T_C_b38_T"
 [7] "chr8_81325559_T_C_b38_T" "chr8_81327049_C_G_b38_C"
 [9] "chr8_81327156_T_G_b38_T" "chr8_81327252_A_G_b38_A"
[11] "chr8_81327333_T_C_b38_T" "chr8_81327394_A_G_b38_A"
[13] "chr8_81328362_A_G_b38_A" "chr8_81328531_C_A_b38_C"
[15] "chr8_81329064_T_A_b38_T" "chr8_81329094_T_G_b38_T"
[17] "chr8_81329957_C_T_b38_C" "chr8_81330786_A_G_b38_A"
[19] "chr8_81330873_T_C_b38_T" "chr8_81331043_A_C_b38_A"
[21] "chr8_81331131_T_C_b38_T" "chr8_81331608_C_T_b38_C"
[23] "chr8_81331614_C_T_b38_C" "chr8_81331709_T_G_b38_T"
[25] "chr8_81331864_A_G_b38_A" "chr8_81331877_C_T_b38_C"
[27] "chr8_81332098_G_A_b38_G" "chr8_81332283_A_G_b38_A"
[29] "chr8_81332524_C_T_b38_C" "chr8_81332904_A_T_b38_A"
[31] "chr8_81332906_C_T_b38_C" "chr8_81333125_G_A_b38_G"
[33] "chr8_81333194_G_T_b38_G" "chr8_81333216_T_C_b38_T"
[35] "chr8_81333791_C_T_b38_C" "chr8_81334313_T_C_b38_T"
[37] "chr8_81335686_A_G_b38_A" "chr8_81336303_C_T_b38_C"
[39] "chr8_81464464_C_T_b38_C" "chr8_81468508_A_T_b38_A"
[41] "chr8_81468888_A_G_b38_A" "chr8_81469332_T_C_b38_T"
[43] "chr8_81469415_G_A_b38_G" "chr8_81470506_G_A_b38_G"
[45] "chr8_81470621_C_T_b38_C" "chr8_81471159_T_G_b38_T"
[47] "chr8_81514819_A_C_b38_A" "chr8_81515555_C_T_b38_C"
[49] "chr8_81518769_T_C_b38_T" "chr8_81527961_G_T_b38_G"
[51] "chr8_81900677_A_T_b38_A" "chr8_81900680_C_T_b38_C"
[53] "chr8_81900761_G_T_b38_G" "chr8_81900762_G_A_b38_G"
[55] "chr8_81900773_G_A_b38_G" "chr8_81900776_G_T_b38_G"
[57] "chr8_81900779_T_C_b38_T" "chr8_81900782_C_T_b38_C"
[59] "chr8_81900783_T_C_b38_T" "chr8_81900784_G_A_b38_G"
[61] "chr8_81900789_T_C_b38_T" "chr8_81900796_C_G_b38_C"
[63] "chr8_81900800_G_C_b38_G" "chr8_82127185_G_A_b38_G"
[65] "chr8_82127192_C_G_b38_C" "chr8_82129772_G_C_b38_G"
[67] "chr8_82130336_C_T_b38_C" "chr8_82136891_C_T_b38_C"
[69] "chr8_82137774_C_G_b38_C"
74 SNP(s) removed because HWE P < 1e-08 :
 [1] "chr21_31920396_G_A_b38_G" "chr21_31935565_G_C_b38_G"
 [3] "chr21_31935580_T_G_b38_T" "chr21_32134286_A_T_b38_A"
 [5] "chr21_32238948_G_A_b38_G" "chr21_32250914_C_T_b38_C"
 [7] "chr21_32311415_A_C_b38_A" "chr21_32410343_C_T_b38_C"
 [9] "chr21_32432979_G_A_b38_G" "chr21_32432987_A_C_b38_A"
[11] "chr21_32432995_G_A_b38_G" "chr21_32433065_T_A_b38_T"
[13] "chr21_32433084_C_T_b38_C" "chr21_32433553_G_A_b38_G"
[15] "chr21_32433554_C_G_b38_C" "chr21_32433562_T_C_b38_T"
[17] "chr21_32433629_A_G_b38_A" "chr21_32433656_G_A_b38_G"
[19] "chr21_32433663_A_T_b38_A" "chr21_32434706_A_G_b38_A"
[21] "chr21_32434713_T_C_b38_T" "chr21_32434721_A_C_b38_A"
[23] "chr21_32434746_A_C_b38_A" "chr21_32434842_G_A_b38_G"
[25] "chr21_32434867_C_T_b38_C" "chr21_32434878_G_A_b38_G"
[27] "chr21_32434919_T_G_b38_T" "chr21_32434927_C_T_b38_C"
[29] "chr21_32434967_T_G_b38_T" "chr21_32434971_T_C_b38_T"
[31] "chr21_32434992_T_C_b38_T" "chr21_32435003_T_G_b38_T"
[33] "chr21_32435004_T_C_b38_T" "chr21_32435117_A_G_b38_A"
[35] "chr21_32435125_T_C_b38_T" "chr21_32435126_G_C_b38_G"
[37] "chr21_32435133_C_A_b38_C" "chr21_32435360_C_T_b38_C"
[39] "chr21_32435400_A_G_b38_A" "chr21_32435408_T_C_b38_T"
[41] "chr21_32435414_A_G_b38_A" "chr21_32435436_C_T_b38_C"
[43] "chr21_32435462_C_T_b38_C" "chr21_32435661_G_C_b38_G"
[45] "chr21_32435666_T_G_b38_T" "chr21_32435667_A_G_b38_A"
[47] "chr21_32435716_C_T_b38_C" "chr21_32435721_G_A_b38_G"
[49] "chr21_32435728_T_C_b38_T" "chr21_32435763_C_T_b38_C"
[51] "chr21_32435766_A_C_b38_A" "chr21_32435898_C_T_b38_C"
[53] "chr21_32435949_T_A_b38_T" "chr21_32435990_T_A_b38_T"
[55] "chr21_32436019_G_A_b38_G" "chr21_32436447_T_A_b38_T"
[57] "chr21_32436465_A_C_b38_A" "chr21_32436477_T_A_b38_T"
[59] "chr21_32436484_T_C_b38_T" "chr21_32436539_G_A_b38_G"
[61] "chr21_32436627_G_A_b38_G" "chr21_32436628_G_A_b38_G"
[63] "chr21_32436637_A_G_b38_A" "chr21_32436702_C_T_b38_C"
[65] "chr21_32436736_G_A_b38_G" "chr21_32436746_A_G_b38_A"
[67] "chr21_32437187_G_C_b38_G" "chr21_32437224_A_G_b38_A"
[69] "chr21_32437249_C_A_b38_C" "chr21_32437250_G_A_b38_G"
[71] "chr21_32437258_C_G_b38_C" "chr21_32621877_A_T_b38_A"
[73] "chr21_32660622_A_G_b38_A" "chr21_32660624_C_T_b38_C"
32 SNP(s) removed because HWE P < 1e-08 :
 [1] "chr19_17504800_T_C_b38_T" "chr19_17504915_T_C_b38_T"
 [3] "chr19_17583443_G_T_b38_G" "chr19_17666011_C_T_b38_C"
 [5] "chr19_17666078_T_C_b38_T" "chr19_17847808_C_T_b38_C"
 [7] "chr19_17847968_T_C_b38_T" "chr19_17901200_G_T_b38_G"
 [9] "chr19_17908396_T_C_b38_T" "chr19_17924720_G_T_b38_G"
[11] "chr19_17928630_T_C_b38_T" "chr19_18036796_G_A_b38_G"
[13] "chr19_18037080_A_T_b38_A" "chr19_18037381_T_C_b38_T"
[15] "chr19_18037783_T_C_b38_T" "chr19_18039165_G_A_b38_G"
[17] "chr19_18039479_C_T_b38_C" "chr19_18039995_T_C_b38_T"
[19] "chr19_18040092_T_C_b38_T" "chr19_18040429_G_T_b38_G"
[21] "chr19_18040432_G_T_b38_G" "chr19_18042127_C_T_b38_C"
[23] "chr19_18042885_A_G_b38_A" "chr19_18043992_G_C_b38_G"
[25] "chr19_18044231_C_G_b38_C" "chr19_18044266_G_C_b38_G"
[27] "chr19_18251693_G_C_b38_G" "chr19_18260387_C_T_b38_C"
[29] "chr19_18262150_C_G_b38_C" "chr19_18265699_G_A_b38_G"
[31] "chr19_18265970_T_C_b38_T" "chr19_18267871_C_A_b38_C"
6 SNP(s) removed because HWE P < 1e-08 :
[1] "chr13_29549344_C_T_b38_C" "chr13_29949626_G_C_b38_G"
[3] "chr13_30062346_T_C_b38_T" "chr13_30062379_G_C_b38_G"
[5] "chr13_30121793_C_T_b38_C" "chr13_30160356_C_T_b38_C"
6 SNP(s) removed because HWE P < 1e-08 :
[1] "chr13_29549344_C_T_b38_C" "chr13_29949626_G_C_b38_G"
[3] "chr13_30062346_T_C_b38_T" "chr13_30062379_G_C_b38_G"
[5] "chr13_30121793_C_T_b38_C" "chr13_30160356_C_T_b38_C"
51 SNP(s) removed because HWE P < 1e-08 :
 [1] "chr19_50749708_G_C_b38_G" "chr19_50842031_A_G_b38_A"
 [3] "chr19_50896788_T_C_b38_T" "chr19_50897100_A_G_b38_A"
 [5] "chr19_50897145_C_T_b38_C" "chr19_50948431_C_T_b38_C"
 [7] "chr19_50957933_A_G_b38_A" "chr19_51083323_T_G_b38_T"
 [9] "chr19_51107599_A_G_b38_A" "chr19_51107741_T_G_b38_T"
[11] "chr19_51108006_G_A_b38_G" "chr19_51116302_T_C_b38_T"
[13] "chr19_51120922_T_G_b38_T" "chr19_51121015_T_G_b38_T"
[15] "chr19_51121279_T_C_b38_T" "chr19_51121832_A_C_b38_A"
[17] "chr19_51121942_T_C_b38_T" "chr19_51122379_A_G_b38_A"
[19] "chr19_51122568_A_G_b38_A" "chr19_51122642_G_C_b38_G"
[21] "chr19_51123685_A_G_b38_A" "chr19_51136723_A_G_b38_A"
[23] "chr19_51172375_T_C_b38_T" "chr19_51173311_A_G_b38_A"
[25] "chr19_51173876_T_C_b38_T" "chr19_51184134_C_T_b38_C"
[27] "chr19_51201503_A_G_b38_A" "chr19_51208344_T_C_b38_T"
[29] "chr19_51208365_C_T_b38_C" "chr19_51212754_T_C_b38_T"
[31] "chr19_51235665_T_C_b38_T" "chr19_51251278_A_C_b38_A"
[33] "chr19_51280161_A_G_b38_A" "chr19_51280387_C_T_b38_C"
[35] "chr19_51281207_G_A_b38_G" "chr19_51282770_C_G_b38_C"
[37] "chr19_51283428_T_C_b38_T" "chr19_51284112_C_T_b38_C"
[39] "chr19_51284184_A_C_b38_A" "chr19_51285176_C_A_b38_C"
[41] "chr19_51285861_G_A_b38_G" "chr19_51287738_T_C_b38_T"
[43] "chr19_51290510_A_C_b38_A" "chr19_51291857_T_G_b38_T"
[45] "chr19_51293045_T_C_b38_T" "chr19_51298175_C_T_b38_C"
[47] "chr19_51358092_C_G_b38_C" "chr19_51447917_C_T_b38_C"
[49] "chr19_51447928_A_G_b38_A" "chr19_51448049_T_G_b38_T"
[51] "chr19_51457686_A_G_b38_A"
39 SNP(s) removed because HWE P < 1e-08 :
 [1] "chr22_49765666_G_C_b38_G" "chr22_49770965_G_C_b38_G"
 [3] "chr22_49837507_C_G_b38_C" "chr22_49846939_C_A_b38_C"
 [5] "chr22_49848251_T_C_b38_T" "chr22_49872508_G_A_b38_G"
 [7] "chr22_49880142_T_C_b38_T" "chr22_49880243_G_T_b38_G"
 [9] "chr22_49883047_G_C_b38_G" "chr22_49894697_A_G_b38_A"
[11] "chr22_49906790_T_C_b38_T" "chr22_49921580_T_C_b38_T"
[13] "chr22_49921715_C_A_b38_C" "chr22_49973759_T_C_b38_T"
[15] "chr22_50013858_A_C_b38_A" "chr22_50357867_G_A_b38_G"
[17] "chr22_50371703_G_C_b38_G" "chr22_50418711_G_A_b38_G"
[19] "chr22_50424402_A_C_b38_A" "chr22_50424421_C_A_b38_C"
[21] "chr22_50424423_C_T_b38_C" "chr22_50495487_G_A_b38_G"
[23] "chr22_50495498_T_C_b38_T" "chr22_50495499_G_A_b38_G"
[25] "chr22_50508159_C_G_b38_C" "chr22_50509182_A_G_b38_A"
[27] "chr22_50509488_T_C_b38_T" "chr22_50509962_A_G_b38_A"
[29] "chr22_50510817_C_T_b38_C" "chr22_50510967_T_C_b38_T"
[31] "chr22_50511806_T_C_b38_T" "chr22_50512014_T_C_b38_T"
[33] "chr22_50512298_G_A_b38_G" "chr22_50512549_T_G_b38_T"
[35] "chr22_50513313_G_C_b38_G" "chr22_50513793_G_A_b38_G"
[37] "chr22_50542614_C_T_b38_C" "chr22_50542624_A_T_b38_A"
[39] "chr22_50712000_C_T_b38_C"
39 SNP(s) removed because HWE P < 1e-08 :
 [1] "chr22_49765666_G_C_b38_G" "chr22_49770965_G_C_b38_G"
 [3] "chr22_49837507_C_G_b38_C" "chr22_49846939_C_A_b38_C"
 [5] "chr22_49848251_T_C_b38_T" "chr22_49872508_G_A_b38_G"
 [7] "chr22_49880142_T_C_b38_T" "chr22_49880243_G_T_b38_G"
 [9] "chr22_49883047_G_C_b38_G" "chr22_49894697_A_G_b38_A"
[11] "chr22_49906790_T_C_b38_T" "chr22_49921580_T_C_b38_T"
[13] "chr22_49921715_C_A_b38_C" "chr22_49973759_T_C_b38_T"
[15] "chr22_50013858_A_C_b38_A" "chr22_50357867_G_A_b38_G"
[17] "chr22_50371703_G_C_b38_G" "chr22_50418711_G_A_b38_G"
[19] "chr22_50424402_A_C_b38_A" "chr22_50424421_C_A_b38_C"
[21] "chr22_50424423_C_T_b38_C" "chr22_50495487_G_A_b38_G"
[23] "chr22_50495498_T_C_b38_T" "chr22_50495499_G_A_b38_G"
[25] "chr22_50508159_C_G_b38_C" "chr22_50509182_A_G_b38_A"
[27] "chr22_50509488_T_C_b38_T" "chr22_50509962_A_G_b38_A"
[29] "chr22_50510817_C_T_b38_C" "chr22_50510967_T_C_b38_T"
[31] "chr22_50511806_T_C_b38_T" "chr22_50512014_T_C_b38_T"
[33] "chr22_50512298_G_A_b38_G" "chr22_50512549_T_G_b38_T"
[35] "chr22_50513313_G_C_b38_G" "chr22_50513793_G_A_b38_G"
[37] "chr22_50542614_C_T_b38_C" "chr22_50542624_A_T_b38_A"
[39] "chr22_50712000_C_T_b38_C"
49 SNP(s) removed because HWE P < 1e-08 :
 [1] "chr19_51083323_T_G_b38_T" "chr19_51107599_A_G_b38_A"
 [3] "chr19_51107741_T_G_b38_T" "chr19_51108006_G_A_b38_G"
 [5] "chr19_51116302_T_C_b38_T" "chr19_51120922_T_G_b38_T"
 [7] "chr19_51121015_T_G_b38_T" "chr19_51121279_T_C_b38_T"
 [9] "chr19_51121832_A_C_b38_A" "chr19_51121942_T_C_b38_T"
[11] "chr19_51122379_A_G_b38_A" "chr19_51122568_A_G_b38_A"
[13] "chr19_51122642_G_C_b38_G" "chr19_51123685_A_G_b38_A"
[15] "chr19_51136723_A_G_b38_A" "chr19_51172375_T_C_b38_T"
[17] "chr19_51173311_A_G_b38_A" "chr19_51173876_T_C_b38_T"
[19] "chr19_51184134_C_T_b38_C" "chr19_51201503_A_G_b38_A"
[21] "chr19_51208344_T_C_b38_T" "chr19_51208365_C_T_b38_C"
[23] "chr19_51212754_T_C_b38_T" "chr19_51235665_T_C_b38_T"
[25] "chr19_51251278_A_C_b38_A" "chr19_51280161_A_G_b38_A"
[27] "chr19_51280387_C_T_b38_C" "chr19_51281207_G_A_b38_G"
[29] "chr19_51282770_C_G_b38_C" "chr19_51283428_T_C_b38_T"
[31] "chr19_51284112_C_T_b38_C" "chr19_51284184_A_C_b38_A"
[33] "chr19_51285176_C_A_b38_C" "chr19_51285861_G_A_b38_G"
[35] "chr19_51287738_T_C_b38_T" "chr19_51290510_A_C_b38_A"
[37] "chr19_51291857_T_G_b38_T" "chr19_51293045_T_C_b38_T"
[39] "chr19_51298175_C_T_b38_C" "chr19_51358092_C_G_b38_C"
[41] "chr19_51447917_C_T_b38_C" "chr19_51447928_A_G_b38_A"
[43] "chr19_51448049_T_G_b38_T" "chr19_51457686_A_G_b38_A"
[45] "chr19_51780129_T_C_b38_T" "chr19_51780359_A_G_b38_A"
[47] "chr19_51848424_G_A_b38_G" "chr19_51875933_G_A_b38_G"
[49] "chr19_51876393_G_A_b38_G"
69 SNP(s) removed because HWE P < 1e-08 :
 [1] "chr8_81253423_T_C_b38_T" "chr8_81281143_C_T_b38_C"
 [3] "chr8_81289273_A_T_b38_A" "chr8_81297255_A_G_b38_A"
 [5] "chr8_81299436_C_T_b38_C" "chr8_81300344_T_C_b38_T"
 [7] "chr8_81325559_T_C_b38_T" "chr8_81327049_C_G_b38_C"
 [9] "chr8_81327156_T_G_b38_T" "chr8_81327252_A_G_b38_A"
[11] "chr8_81327333_T_C_b38_T" "chr8_81327394_A_G_b38_A"
[13] "chr8_81328362_A_G_b38_A" "chr8_81328531_C_A_b38_C"
[15] "chr8_81329064_T_A_b38_T" "chr8_81329094_T_G_b38_T"
[17] "chr8_81329957_C_T_b38_C" "chr8_81330786_A_G_b38_A"
[19] "chr8_81330873_T_C_b38_T" "chr8_81331043_A_C_b38_A"
[21] "chr8_81331131_T_C_b38_T" "chr8_81331608_C_T_b38_C"
[23] "chr8_81331614_C_T_b38_C" "chr8_81331709_T_G_b38_T"
[25] "chr8_81331864_A_G_b38_A" "chr8_81331877_C_T_b38_C"
[27] "chr8_81332098_G_A_b38_G" "chr8_81332283_A_G_b38_A"
[29] "chr8_81332524_C_T_b38_C" "chr8_81332904_A_T_b38_A"
[31] "chr8_81332906_C_T_b38_C" "chr8_81333125_G_A_b38_G"
[33] "chr8_81333194_G_T_b38_G" "chr8_81333216_T_C_b38_T"
[35] "chr8_81333791_C_T_b38_C" "chr8_81334313_T_C_b38_T"
[37] "chr8_81335686_A_G_b38_A" "chr8_81336303_C_T_b38_C"
[39] "chr8_81464464_C_T_b38_C" "chr8_81468508_A_T_b38_A"
[41] "chr8_81468888_A_G_b38_A" "chr8_81469332_T_C_b38_T"
[43] "chr8_81469415_G_A_b38_G" "chr8_81470506_G_A_b38_G"
[45] "chr8_81470621_C_T_b38_C" "chr8_81471159_T_G_b38_T"
[47] "chr8_81514819_A_C_b38_A" "chr8_81515555_C_T_b38_C"
[49] "chr8_81518769_T_C_b38_T" "chr8_81527961_G_T_b38_G"
[51] "chr8_81900677_A_T_b38_A" "chr8_81900680_C_T_b38_C"
[53] "chr8_81900761_G_T_b38_G" "chr8_81900762_G_A_b38_G"
[55] "chr8_81900773_G_A_b38_G" "chr8_81900776_G_T_b38_G"
[57] "chr8_81900779_T_C_b38_T" "chr8_81900782_C_T_b38_C"
[59] "chr8_81900783_T_C_b38_T" "chr8_81900784_G_A_b38_G"
[61] "chr8_81900789_T_C_b38_T" "chr8_81900796_C_G_b38_C"
[63] "chr8_81900800_G_C_b38_G" "chr8_82127185_G_A_b38_G"
[65] "chr8_82127192_C_G_b38_C" "chr8_82129772_G_C_b38_G"
[67] "chr8_82130336_C_T_b38_C" "chr8_82136891_C_T_b38_C"
[69] "chr8_82137774_C_G_b38_C"
74 SNP(s) removed because HWE P < 1e-08 :
 [1] "chr21_31920396_G_A_b38_G" "chr21_31935565_G_C_b38_G"
 [3] "chr21_31935580_T_G_b38_T" "chr21_32134286_A_T_b38_A"
 [5] "chr21_32238948_G_A_b38_G" "chr21_32250914_C_T_b38_C"
 [7] "chr21_32311415_A_C_b38_A" "chr21_32410343_C_T_b38_C"
 [9] "chr21_32432979_G_A_b38_G" "chr21_32432987_A_C_b38_A"
[11] "chr21_32432995_G_A_b38_G" "chr21_32433065_T_A_b38_T"
[13] "chr21_32433084_C_T_b38_C" "chr21_32433553_G_A_b38_G"
[15] "chr21_32433554_C_G_b38_C" "chr21_32433562_T_C_b38_T"
[17] "chr21_32433629_A_G_b38_A" "chr21_32433656_G_A_b38_G"
[19] "chr21_32433663_A_T_b38_A" "chr21_32434706_A_G_b38_A"
[21] "chr21_32434713_T_C_b38_T" "chr21_32434721_A_C_b38_A"
[23] "chr21_32434746_A_C_b38_A" "chr21_32434842_G_A_b38_G"
[25] "chr21_32434867_C_T_b38_C" "chr21_32434878_G_A_b38_G"
[27] "chr21_32434919_T_G_b38_T" "chr21_32434927_C_T_b38_C"
[29] "chr21_32434967_T_G_b38_T" "chr21_32434971_T_C_b38_T"
[31] "chr21_32434992_T_C_b38_T" "chr21_32435003_T_G_b38_T"
[33] "chr21_32435004_T_C_b38_T" "chr21_32435117_A_G_b38_A"
[35] "chr21_32435125_T_C_b38_T" "chr21_32435126_G_C_b38_G"
[37] "chr21_32435133_C_A_b38_C" "chr21_32435360_C_T_b38_C"
[39] "chr21_32435400_A_G_b38_A" "chr21_32435408_T_C_b38_T"
[41] "chr21_32435414_A_G_b38_A" "chr21_32435436_C_T_b38_C"
[43] "chr21_32435462_C_T_b38_C" "chr21_32435661_G_C_b38_G"
[45] "chr21_32435666_T_G_b38_T" "chr21_32435667_A_G_b38_A"
[47] "chr21_32435716_C_T_b38_C" "chr21_32435721_G_A_b38_G"
[49] "chr21_32435728_T_C_b38_T" "chr21_32435763_C_T_b38_C"
[51] "chr21_32435766_A_C_b38_A" "chr21_32435898_C_T_b38_C"
[53] "chr21_32435949_T_A_b38_T" "chr21_32435990_T_A_b38_T"
[55] "chr21_32436019_G_A_b38_G" "chr21_32436447_T_A_b38_T"
[57] "chr21_32436465_A_C_b38_A" "chr21_32436477_T_A_b38_T"
[59] "chr21_32436484_T_C_b38_T" "chr21_32436539_G_A_b38_G"
[61] "chr21_32436627_G_A_b38_G" "chr21_32436628_G_A_b38_G"
[63] "chr21_32436637_A_G_b38_A" "chr21_32436702_C_T_b38_C"
[65] "chr21_32436736_G_A_b38_G" "chr21_32436746_A_G_b38_A"
[67] "chr21_32437187_G_C_b38_G" "chr21_32437224_A_G_b38_A"
[69] "chr21_32437249_C_A_b38_C" "chr21_32437250_G_A_b38_G"
[71] "chr21_32437258_C_G_b38_C" "chr21_32621877_A_T_b38_A"
[73] "chr21_32660622_A_G_b38_A" "chr21_32660624_C_T_b38_C"
26 SNP(s) removed because HWE P < 1e-08 :
 [1] "chr4_48078519_A_C_b38_A" "chr4_48079528_T_C_b38_T"
 [3] "chr4_48085231_T_C_b38_T" "chr4_48085838_G_A_b38_G"
 [5] "chr4_48086052_C_T_b38_C" "chr4_48086429_A_G_b38_A"
 [7] "chr4_48450863_T_C_b38_T" "chr4_48451209_C_T_b38_C"
 [9] "chr4_48452709_A_G_b38_A" "chr4_48711359_T_C_b38_T"
[11] "chr4_48711393_C_T_b38_C" "chr4_48711401_C_A_b38_C"
[13] "chr4_48711410_A_G_b38_A" "chr4_48711421_A_C_b38_A"
[15] "chr4_48711432_G_C_b38_G" "chr4_48711433_G_A_b38_G"
[17] "chr4_48711441_A_C_b38_A" "chr4_48711445_C_T_b38_C"
[19] "chr4_48711447_G_A_b38_G" "chr4_48711466_C_T_b38_C"
[21] "chr4_48711467_A_T_b38_A" "chr4_48711470_G_A_b38_G"
[23] "chr4_48711609_C_T_b38_C" "chr4_48711661_A_G_b38_A"
[25] "chr4_48711678_T_A_b38_T" "chr4_48711716_T_C_b38_T"
32 SNP(s) removed because HWE P < 1e-08 :
 [1] "chr19_17504800_T_C_b38_T" "chr19_17504915_T_C_b38_T"
 [3] "chr19_17583443_G_T_b38_G" "chr19_17666011_C_T_b38_C"
 [5] "chr19_17666078_T_C_b38_T" "chr19_17847808_C_T_b38_C"
 [7] "chr19_17847968_T_C_b38_T" "chr19_17901200_G_T_b38_G"
 [9] "chr19_17908396_T_C_b38_T" "chr19_17924720_G_T_b38_G"
[11] "chr19_17928630_T_C_b38_T" "chr19_18036796_G_A_b38_G"
[13] "chr19_18037080_A_T_b38_A" "chr19_18037381_T_C_b38_T"
[15] "chr19_18037783_T_C_b38_T" "chr19_18039165_G_A_b38_G"
[17] "chr19_18039479_C_T_b38_C" "chr19_18039995_T_C_b38_T"
[19] "chr19_18040092_T_C_b38_T" "chr19_18040429_G_T_b38_G"
[21] "chr19_18040432_G_T_b38_G" "chr19_18042127_C_T_b38_C"
[23] "chr19_18042885_A_G_b38_A" "chr19_18043992_G_C_b38_G"
[25] "chr19_18044231_C_G_b38_C" "chr19_18044266_G_C_b38_G"
[27] "chr19_18251693_G_C_b38_G" "chr19_18260387_C_T_b38_C"
[29] "chr19_18262150_C_G_b38_C" "chr19_18265699_G_A_b38_G"
[31] "chr19_18265970_T_C_b38_T" "chr19_18267871_C_A_b38_C"
39 SNP(s) removed because HWE P < 1e-08 :
 [1] "chr22_49765666_G_C_b38_G" "chr22_49770965_G_C_b38_G"
 [3] "chr22_49837507_C_G_b38_C" "chr22_49846939_C_A_b38_C"
 [5] "chr22_49848251_T_C_b38_T" "chr22_49872508_G_A_b38_G"
 [7] "chr22_49880142_T_C_b38_T" "chr22_49880243_G_T_b38_G"
 [9] "chr22_49883047_G_C_b38_G" "chr22_49894697_A_G_b38_A"
[11] "chr22_49906790_T_C_b38_T" "chr22_49921580_T_C_b38_T"
[13] "chr22_49921715_C_A_b38_C" "chr22_49973759_T_C_b38_T"
[15] "chr22_50013858_A_C_b38_A" "chr22_50357867_G_A_b38_G"
[17] "chr22_50371703_G_C_b38_G" "chr22_50418711_G_A_b38_G"
[19] "chr22_50424402_A_C_b38_A" "chr22_50424421_C_A_b38_C"
[21] "chr22_50424423_C_T_b38_C" "chr22_50495487_G_A_b38_G"
[23] "chr22_50495498_T_C_b38_T" "chr22_50495499_G_A_b38_G"
[25] "chr22_50508159_C_G_b38_C" "chr22_50509182_A_G_b38_A"
[27] "chr22_50509488_T_C_b38_T" "chr22_50509962_A_G_b38_A"
[29] "chr22_50510817_C_T_b38_C" "chr22_50510967_T_C_b38_T"
[31] "chr22_50511806_T_C_b38_T" "chr22_50512014_T_C_b38_T"
[33] "chr22_50512298_G_A_b38_G" "chr22_50512549_T_G_b38_T"
[35] "chr22_50513313_G_C_b38_G" "chr22_50513793_G_A_b38_G"
[37] "chr22_50542614_C_T_b38_C" "chr22_50542624_A_T_b38_A"
[39] "chr22_50712000_C_T_b38_C"
69 SNP(s) removed because HWE P < 1e-08 :
 [1] "chr8_81253423_T_C_b38_T" "chr8_81281143_C_T_b38_C"
 [3] "chr8_81289273_A_T_b38_A" "chr8_81297255_A_G_b38_A"
 [5] "chr8_81299436_C_T_b38_C" "chr8_81300344_T_C_b38_T"
 [7] "chr8_81325559_T_C_b38_T" "chr8_81327049_C_G_b38_C"
 [9] "chr8_81327156_T_G_b38_T" "chr8_81327252_A_G_b38_A"
[11] "chr8_81327333_T_C_b38_T" "chr8_81327394_A_G_b38_A"
[13] "chr8_81328362_A_G_b38_A" "chr8_81328531_C_A_b38_C"
[15] "chr8_81329064_T_A_b38_T" "chr8_81329094_T_G_b38_T"
[17] "chr8_81329957_C_T_b38_C" "chr8_81330786_A_G_b38_A"
[19] "chr8_81330873_T_C_b38_T" "chr8_81331043_A_C_b38_A"
[21] "chr8_81331131_T_C_b38_T" "chr8_81331608_C_T_b38_C"
[23] "chr8_81331614_C_T_b38_C" "chr8_81331709_T_G_b38_T"
[25] "chr8_81331864_A_G_b38_A" "chr8_81331877_C_T_b38_C"
[27] "chr8_81332098_G_A_b38_G" "chr8_81332283_A_G_b38_A"
[29] "chr8_81332524_C_T_b38_C" "chr8_81332904_A_T_b38_A"
[31] "chr8_81332906_C_T_b38_C" "chr8_81333125_G_A_b38_G"
[33] "chr8_81333194_G_T_b38_G" "chr8_81333216_T_C_b38_T"
[35] "chr8_81333791_C_T_b38_C" "chr8_81334313_T_C_b38_T"
[37] "chr8_81335686_A_G_b38_A" "chr8_81336303_C_T_b38_C"
[39] "chr8_81464464_C_T_b38_C" "chr8_81468508_A_T_b38_A"
[41] "chr8_81468888_A_G_b38_A" "chr8_81469332_T_C_b38_T"
[43] "chr8_81469415_G_A_b38_G" "chr8_81470506_G_A_b38_G"
[45] "chr8_81470621_C_T_b38_C" "chr8_81471159_T_G_b38_T"
[47] "chr8_81514819_A_C_b38_A" "chr8_81515555_C_T_b38_C"
[49] "chr8_81518769_T_C_b38_T" "chr8_81527961_G_T_b38_G"
[51] "chr8_81900677_A_T_b38_A" "chr8_81900680_C_T_b38_C"
[53] "chr8_81900761_G_T_b38_G" "chr8_81900762_G_A_b38_G"
[55] "chr8_81900773_G_A_b38_G" "chr8_81900776_G_T_b38_G"
[57] "chr8_81900779_T_C_b38_T" "chr8_81900782_C_T_b38_C"
[59] "chr8_81900783_T_C_b38_T" "chr8_81900784_G_A_b38_G"
[61] "chr8_81900789_T_C_b38_T" "chr8_81900796_C_G_b38_C"
[63] "chr8_81900800_G_C_b38_G" "chr8_82127185_G_A_b38_G"
[65] "chr8_82127192_C_G_b38_C" "chr8_82129772_G_C_b38_G"
[67] "chr8_82130336_C_T_b38_C" "chr8_82136891_C_T_b38_C"
[69] "chr8_82137774_C_G_b38_C"
6 SNP(s) removed because HWE P < 1e-08 :
[1] "chr17_28439190_A_C_b38_A" "chr17_28439714_T_C_b38_T"
[3] "chr17_28441937_G_A_b38_G" "chr17_28452019_C_T_b38_C"
[5] "chr17_28452207_C_G_b38_C" "chr17_28459762_C_A_b38_C"
49 SNP(s) removed because HWE P < 1e-08 :
 [1] "chr19_51083323_T_G_b38_T" "chr19_51107599_A_G_b38_A"
 [3] "chr19_51107741_T_G_b38_T" "chr19_51108006_G_A_b38_G"
 [5] "chr19_51116302_T_C_b38_T" "chr19_51120922_T_G_b38_T"
 [7] "chr19_51121015_T_G_b38_T" "chr19_51121279_T_C_b38_T"
 [9] "chr19_51121832_A_C_b38_A" "chr19_51121942_T_C_b38_T"
[11] "chr19_51122379_A_G_b38_A" "chr19_51122568_A_G_b38_A"
[13] "chr19_51122642_G_C_b38_G" "chr19_51123685_A_G_b38_A"
[15] "chr19_51136723_A_G_b38_A" "chr19_51172375_T_C_b38_T"
[17] "chr19_51173311_A_G_b38_A" "chr19_51173876_T_C_b38_T"
[19] "chr19_51184134_C_T_b38_C" "chr19_51201503_A_G_b38_A"
[21] "chr19_51208344_T_C_b38_T" "chr19_51208365_C_T_b38_C"
[23] "chr19_51212754_T_C_b38_T" "chr19_51235665_T_C_b38_T"
[25] "chr19_51251278_A_C_b38_A" "chr19_51280161_A_G_b38_A"
[27] "chr19_51280387_C_T_b38_C" "chr19_51281207_G_A_b38_G"
[29] "chr19_51282770_C_G_b38_C" "chr19_51283428_T_C_b38_T"
[31] "chr19_51284112_C_T_b38_C" "chr19_51284184_A_C_b38_A"
[33] "chr19_51285176_C_A_b38_C" "chr19_51285861_G_A_b38_G"
[35] "chr19_51287738_T_C_b38_T" "chr19_51290510_A_C_b38_A"
[37] "chr19_51291857_T_G_b38_T" "chr19_51293045_T_C_b38_T"
[39] "chr19_51298175_C_T_b38_C" "chr19_51358092_C_G_b38_C"
[41] "chr19_51447917_C_T_b38_C" "chr19_51447928_A_G_b38_A"
[43] "chr19_51448049_T_G_b38_T" "chr19_51457686_A_G_b38_A"
[45] "chr19_51780129_T_C_b38_T" "chr19_51780359_A_G_b38_A"
[47] "chr19_51848424_G_A_b38_G" "chr19_51875933_G_A_b38_G"
[49] "chr19_51876393_G_A_b38_G"
32 SNP(s) removed because HWE P < 1e-08 :
 [1] "chr19_17504800_T_C_b38_T" "chr19_17504915_T_C_b38_T"
 [3] "chr19_17583443_G_T_b38_G" "chr19_17666011_C_T_b38_C"
 [5] "chr19_17666078_T_C_b38_T" "chr19_17847808_C_T_b38_C"
 [7] "chr19_17847968_T_C_b38_T" "chr19_17901200_G_T_b38_G"
 [9] "chr19_17908396_T_C_b38_T" "chr19_17924720_G_T_b38_G"
[11] "chr19_17928630_T_C_b38_T" "chr19_18036796_G_A_b38_G"
[13] "chr19_18037080_A_T_b38_A" "chr19_18037381_T_C_b38_T"
[15] "chr19_18037783_T_C_b38_T" "chr19_18039165_G_A_b38_G"
[17] "chr19_18039479_C_T_b38_C" "chr19_18039995_T_C_b38_T"
[19] "chr19_18040092_T_C_b38_T" "chr19_18040429_G_T_b38_G"
[21] "chr19_18040432_G_T_b38_G" "chr19_18042127_C_T_b38_C"
[23] "chr19_18042885_A_G_b38_A" "chr19_18043992_G_C_b38_G"
[25] "chr19_18044231_C_G_b38_C" "chr19_18044266_G_C_b38_G"
[27] "chr19_18251693_G_C_b38_G" "chr19_18260387_C_T_b38_C"
[29] "chr19_18262150_C_G_b38_C" "chr19_18265699_G_A_b38_G"
[31] "chr19_18265970_T_C_b38_T" "chr19_18267871_C_A_b38_C"
6 SNP(s) removed because HWE P < 1e-08 :
[1] "chr13_29549344_C_T_b38_C" "chr13_29949626_G_C_b38_G"
[3] "chr13_30062346_T_C_b38_T" "chr13_30062379_G_C_b38_G"
[5] "chr13_30121793_C_T_b38_C" "chr13_30160356_C_T_b38_C"
74 SNP(s) removed because HWE P < 1e-08 :
 [1] "chr21_31920396_G_A_b38_G" "chr21_31935565_G_C_b38_G"
 [3] "chr21_31935580_T_G_b38_T" "chr21_32134286_A_T_b38_A"
 [5] "chr21_32238948_G_A_b38_G" "chr21_32250914_C_T_b38_C"
 [7] "chr21_32311415_A_C_b38_A" "chr21_32410343_C_T_b38_C"
 [9] "chr21_32432979_G_A_b38_G" "chr21_32432987_A_C_b38_A"
[11] "chr21_32432995_G_A_b38_G" "chr21_32433065_T_A_b38_T"
[13] "chr21_32433084_C_T_b38_C" "chr21_32433553_G_A_b38_G"
[15] "chr21_32433554_C_G_b38_C" "chr21_32433562_T_C_b38_T"
[17] "chr21_32433629_A_G_b38_A" "chr21_32433656_G_A_b38_G"
[19] "chr21_32433663_A_T_b38_A" "chr21_32434706_A_G_b38_A"
[21] "chr21_32434713_T_C_b38_T" "chr21_32434721_A_C_b38_A"
[23] "chr21_32434746_A_C_b38_A" "chr21_32434842_G_A_b38_G"
[25] "chr21_32434867_C_T_b38_C" "chr21_32434878_G_A_b38_G"
[27] "chr21_32434919_T_G_b38_T" "chr21_32434927_C_T_b38_C"
[29] "chr21_32434967_T_G_b38_T" "chr21_32434971_T_C_b38_T"
[31] "chr21_32434992_T_C_b38_T" "chr21_32435003_T_G_b38_T"
[33] "chr21_32435004_T_C_b38_T" "chr21_32435117_A_G_b38_A"
[35] "chr21_32435125_T_C_b38_T" "chr21_32435126_G_C_b38_G"
[37] "chr21_32435133_C_A_b38_C" "chr21_32435360_C_T_b38_C"
[39] "chr21_32435400_A_G_b38_A" "chr21_32435408_T_C_b38_T"
[41] "chr21_32435414_A_G_b38_A" "chr21_32435436_C_T_b38_C"
[43] "chr21_32435462_C_T_b38_C" "chr21_32435661_G_C_b38_G"
[45] "chr21_32435666_T_G_b38_T" "chr21_32435667_A_G_b38_A"
[47] "chr21_32435716_C_T_b38_C" "chr21_32435721_G_A_b38_G"
[49] "chr21_32435728_T_C_b38_T" "chr21_32435763_C_T_b38_C"
[51] "chr21_32435766_A_C_b38_A" "chr21_32435898_C_T_b38_C"
[53] "chr21_32435949_T_A_b38_T" "chr21_32435990_T_A_b38_T"
[55] "chr21_32436019_G_A_b38_G" "chr21_32436447_T_A_b38_T"
[57] "chr21_32436465_A_C_b38_A" "chr21_32436477_T_A_b38_T"
[59] "chr21_32436484_T_C_b38_T" "chr21_32436539_G_A_b38_G"
[61] "chr21_32436627_G_A_b38_G" "chr21_32436628_G_A_b38_G"
[63] "chr21_32436637_A_G_b38_A" "chr21_32436702_C_T_b38_C"
[65] "chr21_32436736_G_A_b38_G" "chr21_32436746_A_G_b38_A"
[67] "chr21_32437187_G_C_b38_G" "chr21_32437224_A_G_b38_A"
[69] "chr21_32437249_C_A_b38_C" "chr21_32437250_G_A_b38_G"
[71] "chr21_32437258_C_G_b38_C" "chr21_32621877_A_T_b38_A"
[73] "chr21_32660622_A_G_b38_A" "chr21_32660624_C_T_b38_C"
69 SNP(s) removed because HWE P < 1e-08 :
 [1] "chr8_81253423_T_C_b38_T" "chr8_81281143_C_T_b38_C"
 [3] "chr8_81289273_A_T_b38_A" "chr8_81297255_A_G_b38_A"
 [5] "chr8_81299436_C_T_b38_C" "chr8_81300344_T_C_b38_T"
 [7] "chr8_81325559_T_C_b38_T" "chr8_81327049_C_G_b38_C"
 [9] "chr8_81327156_T_G_b38_T" "chr8_81327252_A_G_b38_A"
[11] "chr8_81327333_T_C_b38_T" "chr8_81327394_A_G_b38_A"
[13] "chr8_81328362_A_G_b38_A" "chr8_81328531_C_A_b38_C"
[15] "chr8_81329064_T_A_b38_T" "chr8_81329094_T_G_b38_T"
[17] "chr8_81329957_C_T_b38_C" "chr8_81330786_A_G_b38_A"
[19] "chr8_81330873_T_C_b38_T" "chr8_81331043_A_C_b38_A"
[21] "chr8_81331131_T_C_b38_T" "chr8_81331608_C_T_b38_C"
[23] "chr8_81331614_C_T_b38_C" "chr8_81331709_T_G_b38_T"
[25] "chr8_81331864_A_G_b38_A" "chr8_81331877_C_T_b38_C"
[27] "chr8_81332098_G_A_b38_G" "chr8_81332283_A_G_b38_A"
[29] "chr8_81332524_C_T_b38_C" "chr8_81332904_A_T_b38_A"
[31] "chr8_81332906_C_T_b38_C" "chr8_81333125_G_A_b38_G"
[33] "chr8_81333194_G_T_b38_G" "chr8_81333216_T_C_b38_T"
[35] "chr8_81333791_C_T_b38_C" "chr8_81334313_T_C_b38_T"
[37] "chr8_81335686_A_G_b38_A" "chr8_81336303_C_T_b38_C"
[39] "chr8_81464464_C_T_b38_C" "chr8_81468508_A_T_b38_A"
[41] "chr8_81468888_A_G_b38_A" "chr8_81469332_T_C_b38_T"
[43] "chr8_81469415_G_A_b38_G" "chr8_81470506_G_A_b38_G"
[45] "chr8_81470621_C_T_b38_C" "chr8_81471159_T_G_b38_T"
[47] "chr8_81514819_A_C_b38_A" "chr8_81515555_C_T_b38_C"
[49] "chr8_81518769_T_C_b38_T" "chr8_81527961_G_T_b38_G"
[51] "chr8_81900677_A_T_b38_A" "chr8_81900680_C_T_b38_C"
[53] "chr8_81900761_G_T_b38_G" "chr8_81900762_G_A_b38_G"
[55] "chr8_81900773_G_A_b38_G" "chr8_81900776_G_T_b38_G"
[57] "chr8_81900779_T_C_b38_T" "chr8_81900782_C_T_b38_C"
[59] "chr8_81900783_T_C_b38_T" "chr8_81900784_G_A_b38_G"
[61] "chr8_81900789_T_C_b38_T" "chr8_81900796_C_G_b38_C"
[63] "chr8_81900800_G_C_b38_G" "chr8_82127185_G_A_b38_G"
[65] "chr8_82127192_C_G_b38_C" "chr8_82129772_G_C_b38_G"
[67] "chr8_82130336_C_T_b38_C" "chr8_82136891_C_T_b38_C"
[69] "chr8_82137774_C_G_b38_C"
51 SNP(s) removed because HWE P < 1e-08 :
 [1] "chr19_50749708_G_C_b38_G" "chr19_50842031_A_G_b38_A"
 [3] "chr19_50896788_T_C_b38_T" "chr19_50897100_A_G_b38_A"
 [5] "chr19_50897145_C_T_b38_C" "chr19_50948431_C_T_b38_C"
 [7] "chr19_50957933_A_G_b38_A" "chr19_51083323_T_G_b38_T"
 [9] "chr19_51107599_A_G_b38_A" "chr19_51107741_T_G_b38_T"
[11] "chr19_51108006_G_A_b38_G" "chr19_51116302_T_C_b38_T"
[13] "chr19_51120922_T_G_b38_T" "chr19_51121015_T_G_b38_T"
[15] "chr19_51121279_T_C_b38_T" "chr19_51121832_A_C_b38_A"
[17] "chr19_51121942_T_C_b38_T" "chr19_51122379_A_G_b38_A"
[19] "chr19_51122568_A_G_b38_A" "chr19_51122642_G_C_b38_G"
[21] "chr19_51123685_A_G_b38_A" "chr19_51136723_A_G_b38_A"
[23] "chr19_51172375_T_C_b38_T" "chr19_51173311_A_G_b38_A"
[25] "chr19_51173876_T_C_b38_T" "chr19_51184134_C_T_b38_C"
[27] "chr19_51201503_A_G_b38_A" "chr19_51208344_T_C_b38_T"
[29] "chr19_51208365_C_T_b38_C" "chr19_51212754_T_C_b38_T"
[31] "chr19_51235665_T_C_b38_T" "chr19_51251278_A_C_b38_A"
[33] "chr19_51280161_A_G_b38_A" "chr19_51280387_C_T_b38_C"
[35] "chr19_51281207_G_A_b38_G" "chr19_51282770_C_G_b38_C"
[37] "chr19_51283428_T_C_b38_T" "chr19_51284112_C_T_b38_C"
[39] "chr19_51284184_A_C_b38_A" "chr19_51285176_C_A_b38_C"
[41] "chr19_51285861_G_A_b38_G" "chr19_51287738_T_C_b38_T"
[43] "chr19_51290510_A_C_b38_A" "chr19_51291857_T_G_b38_T"
[45] "chr19_51293045_T_C_b38_T" "chr19_51298175_C_T_b38_C"
[47] "chr19_51358092_C_G_b38_C" "chr19_51447917_C_T_b38_C"
[49] "chr19_51447928_A_G_b38_A" "chr19_51448049_T_G_b38_T"
[51] "chr19_51457686_A_G_b38_A"
26 SNP(s) removed because HWE P < 1e-08 :
 [1] "chr4_48078519_A_C_b38_A" "chr4_48079528_T_C_b38_T"
 [3] "chr4_48085231_T_C_b38_T" "chr4_48085838_G_A_b38_G"
 [5] "chr4_48086052_C_T_b38_C" "chr4_48086429_A_G_b38_A"
 [7] "chr4_48450863_T_C_b38_T" "chr4_48451209_C_T_b38_C"
 [9] "chr4_48452709_A_G_b38_A" "chr4_48711359_T_C_b38_T"
[11] "chr4_48711393_C_T_b38_C" "chr4_48711401_C_A_b38_C"
[13] "chr4_48711410_A_G_b38_A" "chr4_48711421_A_C_b38_A"
[15] "chr4_48711432_G_C_b38_G" "chr4_48711433_G_A_b38_G"
[17] "chr4_48711441_A_C_b38_A" "chr4_48711445_C_T_b38_C"
[19] "chr4_48711447_G_A_b38_G" "chr4_48711466_C_T_b38_C"
[21] "chr4_48711467_A_T_b38_A" "chr4_48711470_G_A_b38_G"
[23] "chr4_48711609_C_T_b38_C" "chr4_48711661_A_G_b38_A"
[25] "chr4_48711678_T_A_b38_T" "chr4_48711716_T_C_b38_T"
37 SNP(s) removed because HWE P < 1e-08 :
 [1] "chr16_24109784_G_A_b38_G" "chr16_24227690_G_C_b38_G"
 [3] "chr16_24233628_G_C_b38_G" "chr16_24496566_C_T_b38_C"
 [5] "chr16_24496764_C_A_b38_C" "chr16_24499309_C_T_b38_C"
 [7] "chr16_24870481_A_C_b38_A" "chr16_24873006_G_A_b38_G"
 [9] "chr16_24884357_A_G_b38_A" "chr16_24917601_A_G_b38_A"
[11] "chr16_24917765_G_A_b38_G" "chr16_24917986_T_C_b38_T"
[13] "chr16_24919227_T_C_b38_T" "chr16_24920477_C_T_b38_C"
[15] "chr16_24920573_A_G_b38_A" "chr16_24921599_T_C_b38_T"
[17] "chr16_24923143_G_T_b38_G" "chr16_24924245_T_C_b38_T"
[19] "chr16_24924716_A_T_b38_A" "chr16_24925306_A_G_b38_A"
[21] "chr16_24927264_T_C_b38_T" "chr16_24932825_T_C_b38_T"
[23] "chr16_24940578_A_G_b38_A" "chr16_24943087_G_A_b38_G"
[25] "chr16_24943465_A_G_b38_A" "chr16_24945135_A_G_b38_A"
[27] "chr16_24945229_T_G_b38_T" "chr16_24945237_A_C_b38_A"
[29] "chr16_24947347_A_C_b38_A" "chr16_24947664_G_A_b38_G"
[31] "chr16_24948730_C_G_b38_C" "chr16_24950568_T_C_b38_T"
[33] "chr16_24952718_T_C_b38_T" "chr16_24953197_T_C_b38_T"
[35] "chr16_24953395_G_T_b38_G" "chr16_24953714_C_T_b38_C"
[37] "chr16_24955202_T_C_b38_T"
32 SNP(s) removed because HWE P < 1e-08 :
 [1] "chr19_17504800_T_C_b38_T" "chr19_17504915_T_C_b38_T"
 [3] "chr19_17583443_G_T_b38_G" "chr19_17666011_C_T_b38_C"
 [5] "chr19_17666078_T_C_b38_T" "chr19_17847808_C_T_b38_C"
 [7] "chr19_17847968_T_C_b38_T" "chr19_17901200_G_T_b38_G"
 [9] "chr19_17908396_T_C_b38_T" "chr19_17924720_G_T_b38_G"
[11] "chr19_17928630_T_C_b38_T" "chr19_18036796_G_A_b38_G"
[13] "chr19_18037080_A_T_b38_A" "chr19_18037381_T_C_b38_T"
[15] "chr19_18037783_T_C_b38_T" "chr19_18039165_G_A_b38_G"
[17] "chr19_18039479_C_T_b38_C" "chr19_18039995_T_C_b38_T"
[19] "chr19_18040092_T_C_b38_T" "chr19_18040429_G_T_b38_G"
[21] "chr19_18040432_G_T_b38_G" "chr19_18042127_C_T_b38_C"
[23] "chr19_18042885_A_G_b38_A" "chr19_18043992_G_C_b38_G"
[25] "chr19_18044231_C_G_b38_C" "chr19_18044266_G_C_b38_G"
[27] "chr19_18251693_G_C_b38_G" "chr19_18260387_C_T_b38_C"
[29] "chr19_18262150_C_G_b38_C" "chr19_18265699_G_A_b38_G"
[31] "chr19_18265970_T_C_b38_T" "chr19_18267871_C_A_b38_C"
37 SNP(s) removed because HWE P < 1e-08 :
 [1] "chr16_24109784_G_A_b38_G" "chr16_24227690_G_C_b38_G"
 [3] "chr16_24233628_G_C_b38_G" "chr16_24496566_C_T_b38_C"
 [5] "chr16_24496764_C_A_b38_C" "chr16_24499309_C_T_b38_C"
 [7] "chr16_24870481_A_C_b38_A" "chr16_24873006_G_A_b38_G"
 [9] "chr16_24884357_A_G_b38_A" "chr16_24917601_A_G_b38_A"
[11] "chr16_24917765_G_A_b38_G" "chr16_24917986_T_C_b38_T"
[13] "chr16_24919227_T_C_b38_T" "chr16_24920477_C_T_b38_C"
[15] "chr16_24920573_A_G_b38_A" "chr16_24921599_T_C_b38_T"
[17] "chr16_24923143_G_T_b38_G" "chr16_24924245_T_C_b38_T"
[19] "chr16_24924716_A_T_b38_A" "chr16_24925306_A_G_b38_A"
[21] "chr16_24927264_T_C_b38_T" "chr16_24932825_T_C_b38_T"
[23] "chr16_24940578_A_G_b38_A" "chr16_24943087_G_A_b38_G"
[25] "chr16_24943465_A_G_b38_A" "chr16_24945135_A_G_b38_A"
[27] "chr16_24945229_T_G_b38_T" "chr16_24945237_A_C_b38_A"
[29] "chr16_24947347_A_C_b38_A" "chr16_24947664_G_A_b38_G"
[31] "chr16_24948730_C_G_b38_C" "chr16_24950568_T_C_b38_T"
[33] "chr16_24952718_T_C_b38_T" "chr16_24953197_T_C_b38_T"
[35] "chr16_24953395_G_T_b38_G" "chr16_24953714_C_T_b38_C"
[37] "chr16_24955202_T_C_b38_T"
32 SNP(s) removed because HWE P < 1e-08 :
 [1] "chr19_17504800_T_C_b38_T" "chr19_17504915_T_C_b38_T"
 [3] "chr19_17583443_G_T_b38_G" "chr19_17666011_C_T_b38_C"
 [5] "chr19_17666078_T_C_b38_T" "chr19_17847808_C_T_b38_C"
 [7] "chr19_17847968_T_C_b38_T" "chr19_17901200_G_T_b38_G"
 [9] "chr19_17908396_T_C_b38_T" "chr19_17924720_G_T_b38_G"
[11] "chr19_17928630_T_C_b38_T" "chr19_18036796_G_A_b38_G"
[13] "chr19_18037080_A_T_b38_A" "chr19_18037381_T_C_b38_T"
[15] "chr19_18037783_T_C_b38_T" "chr19_18039165_G_A_b38_G"
[17] "chr19_18039479_C_T_b38_C" "chr19_18039995_T_C_b38_T"
[19] "chr19_18040092_T_C_b38_T" "chr19_18040429_G_T_b38_G"
[21] "chr19_18040432_G_T_b38_G" "chr19_18042127_C_T_b38_C"
[23] "chr19_18042885_A_G_b38_A" "chr19_18043992_G_C_b38_G"
[25] "chr19_18044231_C_G_b38_C" "chr19_18044266_G_C_b38_G"
[27] "chr19_18251693_G_C_b38_G" "chr19_18260387_C_T_b38_C"
[29] "chr19_18262150_C_G_b38_C" "chr19_18265699_G_A_b38_G"
[31] "chr19_18265970_T_C_b38_T" "chr19_18267871_C_A_b38_C"
32 SNP(s) removed because HWE P < 1e-08 :
 [1] "chr19_17504800_T_C_b38_T" "chr19_17504915_T_C_b38_T"
 [3] "chr19_17583443_G_T_b38_G" "chr19_17666011_C_T_b38_C"
 [5] "chr19_17666078_T_C_b38_T" "chr19_17847808_C_T_b38_C"
 [7] "chr19_17847968_T_C_b38_T" "chr19_17901200_G_T_b38_G"
 [9] "chr19_17908396_T_C_b38_T" "chr19_17924720_G_T_b38_G"
[11] "chr19_17928630_T_C_b38_T" "chr19_18036796_G_A_b38_G"
[13] "chr19_18037080_A_T_b38_A" "chr19_18037381_T_C_b38_T"
[15] "chr19_18037783_T_C_b38_T" "chr19_18039165_G_A_b38_G"
[17] "chr19_18039479_C_T_b38_C" "chr19_18039995_T_C_b38_T"
[19] "chr19_18040092_T_C_b38_T" "chr19_18040429_G_T_b38_G"
[21] "chr19_18040432_G_T_b38_G" "chr19_18042127_C_T_b38_C"
[23] "chr19_18042885_A_G_b38_A" "chr19_18043992_G_C_b38_G"
[25] "chr19_18044231_C_G_b38_C" "chr19_18044266_G_C_b38_G"
[27] "chr19_18251693_G_C_b38_G" "chr19_18260387_C_T_b38_C"
[29] "chr19_18262150_C_G_b38_C" "chr19_18265699_G_A_b38_G"
[31] "chr19_18265970_T_C_b38_T" "chr19_18267871_C_A_b38_C"
39 SNP(s) removed because HWE P < 1e-08 :
 [1] "chr22_49765666_G_C_b38_G" "chr22_49770965_G_C_b38_G"
 [3] "chr22_49837507_C_G_b38_C" "chr22_49846939_C_A_b38_C"
 [5] "chr22_49848251_T_C_b38_T" "chr22_49872508_G_A_b38_G"
 [7] "chr22_49880142_T_C_b38_T" "chr22_49880243_G_T_b38_G"
 [9] "chr22_49883047_G_C_b38_G" "chr22_49894697_A_G_b38_A"
[11] "chr22_49906790_T_C_b38_T" "chr22_49921580_T_C_b38_T"
[13] "chr22_49921715_C_A_b38_C" "chr22_49973759_T_C_b38_T"
[15] "chr22_50013858_A_C_b38_A" "chr22_50357867_G_A_b38_G"
[17] "chr22_50371703_G_C_b38_G" "chr22_50418711_G_A_b38_G"
[19] "chr22_50424402_A_C_b38_A" "chr22_50424421_C_A_b38_C"
[21] "chr22_50424423_C_T_b38_C" "chr22_50495487_G_A_b38_G"
[23] "chr22_50495498_T_C_b38_T" "chr22_50495499_G_A_b38_G"
[25] "chr22_50508159_C_G_b38_C" "chr22_50509182_A_G_b38_A"
[27] "chr22_50509488_T_C_b38_T" "chr22_50509962_A_G_b38_A"
[29] "chr22_50510817_C_T_b38_C" "chr22_50510967_T_C_b38_T"
[31] "chr22_50511806_T_C_b38_T" "chr22_50512014_T_C_b38_T"
[33] "chr22_50512298_G_A_b38_G" "chr22_50512549_T_G_b38_T"
[35] "chr22_50513313_G_C_b38_G" "chr22_50513793_G_A_b38_G"
[37] "chr22_50542614_C_T_b38_C" "chr22_50542624_A_T_b38_A"
[39] "chr22_50712000_C_T_b38_C"
11 SNP(s) removed because HWE P < 1e-08 :
 [1] "chr12_103763392_G_C_b38_G" "chr12_103965869_G_A_b38_G"
 [3] "chr12_103965899_A_G_b38_A" "chr12_103965985_C_T_b38_C"
 [5] "chr12_103966001_C_T_b38_C" "chr12_103987577_G_C_b38_G"
 [7] "chr12_103987731_A_G_b38_A" "chr12_103988675_C_G_b38_C"
 [9] "chr12_104138891_A_C_b38_A" "chr12_104138896_T_C_b38_T"
[11] "chr12_104558544_C_T_b38_C"
26 SNP(s) removed because HWE P < 1e-08 :
 [1] "chr4_48078519_A_C_b38_A" "chr4_48079528_T_C_b38_T"
 [3] "chr4_48085231_T_C_b38_T" "chr4_48085838_G_A_b38_G"
 [5] "chr4_48086052_C_T_b38_C" "chr4_48086429_A_G_b38_A"
 [7] "chr4_48450863_T_C_b38_T" "chr4_48451209_C_T_b38_C"
 [9] "chr4_48452709_A_G_b38_A" "chr4_48711359_T_C_b38_T"
[11] "chr4_48711393_C_T_b38_C" "chr4_48711401_C_A_b38_C"
[13] "chr4_48711410_A_G_b38_A" "chr4_48711421_A_C_b38_A"
[15] "chr4_48711432_G_C_b38_G" "chr4_48711433_G_A_b38_G"
[17] "chr4_48711441_A_C_b38_A" "chr4_48711445_C_T_b38_C"
[19] "chr4_48711447_G_A_b38_G" "chr4_48711466_C_T_b38_C"
[21] "chr4_48711467_A_T_b38_A" "chr4_48711470_G_A_b38_G"
[23] "chr4_48711609_C_T_b38_C" "chr4_48711661_A_G_b38_A"
[25] "chr4_48711678_T_A_b38_T" "chr4_48711716_T_C_b38_T"
32 SNP(s) removed because HWE P < 1e-08 :
 [1] "chr19_17504800_T_C_b38_T" "chr19_17504915_T_C_b38_T"
 [3] "chr19_17583443_G_T_b38_G" "chr19_17666011_C_T_b38_C"
 [5] "chr19_17666078_T_C_b38_T" "chr19_17847808_C_T_b38_C"
 [7] "chr19_17847968_T_C_b38_T" "chr19_17901200_G_T_b38_G"
 [9] "chr19_17908396_T_C_b38_T" "chr19_17924720_G_T_b38_G"
[11] "chr19_17928630_T_C_b38_T" "chr19_18036796_G_A_b38_G"
[13] "chr19_18037080_A_T_b38_A" "chr19_18037381_T_C_b38_T"
[15] "chr19_18037783_T_C_b38_T" "chr19_18039165_G_A_b38_G"
[17] "chr19_18039479_C_T_b38_C" "chr19_18039995_T_C_b38_T"
[19] "chr19_18040092_T_C_b38_T" "chr19_18040429_G_T_b38_G"
[21] "chr19_18040432_G_T_b38_G" "chr19_18042127_C_T_b38_C"
[23] "chr19_18042885_A_G_b38_A" "chr19_18043992_G_C_b38_G"
[25] "chr19_18044231_C_G_b38_C" "chr19_18044266_G_C_b38_G"
[27] "chr19_18251693_G_C_b38_G" "chr19_18260387_C_T_b38_C"
[29] "chr19_18262150_C_G_b38_C" "chr19_18265699_G_A_b38_G"
[31] "chr19_18265970_T_C_b38_T" "chr19_18267871_C_A_b38_C"
69 SNP(s) removed because HWE P < 1e-08 :
 [1] "chr8_81253423_T_C_b38_T" "chr8_81281143_C_T_b38_C"
 [3] "chr8_81289273_A_T_b38_A" "chr8_81297255_A_G_b38_A"
 [5] "chr8_81299436_C_T_b38_C" "chr8_81300344_T_C_b38_T"
 [7] "chr8_81325559_T_C_b38_T" "chr8_81327049_C_G_b38_C"
 [9] "chr8_81327156_T_G_b38_T" "chr8_81327252_A_G_b38_A"
[11] "chr8_81327333_T_C_b38_T" "chr8_81327394_A_G_b38_A"
[13] "chr8_81328362_A_G_b38_A" "chr8_81328531_C_A_b38_C"
[15] "chr8_81329064_T_A_b38_T" "chr8_81329094_T_G_b38_T"
[17] "chr8_81329957_C_T_b38_C" "chr8_81330786_A_G_b38_A"
[19] "chr8_81330873_T_C_b38_T" "chr8_81331043_A_C_b38_A"
[21] "chr8_81331131_T_C_b38_T" "chr8_81331608_C_T_b38_C"
[23] "chr8_81331614_C_T_b38_C" "chr8_81331709_T_G_b38_T"
[25] "chr8_81331864_A_G_b38_A" "chr8_81331877_C_T_b38_C"
[27] "chr8_81332098_G_A_b38_G" "chr8_81332283_A_G_b38_A"
[29] "chr8_81332524_C_T_b38_C" "chr8_81332904_A_T_b38_A"
[31] "chr8_81332906_C_T_b38_C" "chr8_81333125_G_A_b38_G"
[33] "chr8_81333194_G_T_b38_G" "chr8_81333216_T_C_b38_T"
[35] "chr8_81333791_C_T_b38_C" "chr8_81334313_T_C_b38_T"
[37] "chr8_81335686_A_G_b38_A" "chr8_81336303_C_T_b38_C"
[39] "chr8_81464464_C_T_b38_C" "chr8_81468508_A_T_b38_A"
[41] "chr8_81468888_A_G_b38_A" "chr8_81469332_T_C_b38_T"
[43] "chr8_81469415_G_A_b38_G" "chr8_81470506_G_A_b38_G"
[45] "chr8_81470621_C_T_b38_C" "chr8_81471159_T_G_b38_T"
[47] "chr8_81514819_A_C_b38_A" "chr8_81515555_C_T_b38_C"
[49] "chr8_81518769_T_C_b38_T" "chr8_81527961_G_T_b38_G"
[51] "chr8_81900677_A_T_b38_A" "chr8_81900680_C_T_b38_C"
[53] "chr8_81900761_G_T_b38_G" "chr8_81900762_G_A_b38_G"
[55] "chr8_81900773_G_A_b38_G" "chr8_81900776_G_T_b38_G"
[57] "chr8_81900779_T_C_b38_T" "chr8_81900782_C_T_b38_C"
[59] "chr8_81900783_T_C_b38_T" "chr8_81900784_G_A_b38_G"
[61] "chr8_81900789_T_C_b38_T" "chr8_81900796_C_G_b38_C"
[63] "chr8_81900800_G_C_b38_G" "chr8_82127185_G_A_b38_G"
[65] "chr8_82127192_C_G_b38_C" "chr8_82129772_G_C_b38_G"
[67] "chr8_82130336_C_T_b38_C" "chr8_82136891_C_T_b38_C"
[69] "chr8_82137774_C_G_b38_C"
32 SNP(s) removed because HWE P < 1e-08 :
 [1] "chr19_17504800_T_C_b38_T" "chr19_17504915_T_C_b38_T"
 [3] "chr19_17583443_G_T_b38_G" "chr19_17666011_C_T_b38_C"
 [5] "chr19_17666078_T_C_b38_T" "chr19_17847808_C_T_b38_C"
 [7] "chr19_17847968_T_C_b38_T" "chr19_17901200_G_T_b38_G"
 [9] "chr19_17908396_T_C_b38_T" "chr19_17924720_G_T_b38_G"
[11] "chr19_17928630_T_C_b38_T" "chr19_18036796_G_A_b38_G"
[13] "chr19_18037080_A_T_b38_A" "chr19_18037381_T_C_b38_T"
[15] "chr19_18037783_T_C_b38_T" "chr19_18039165_G_A_b38_G"
[17] "chr19_18039479_C_T_b38_C" "chr19_18039995_T_C_b38_T"
[19] "chr19_18040092_T_C_b38_T" "chr19_18040429_G_T_b38_G"
[21] "chr19_18040432_G_T_b38_G" "chr19_18042127_C_T_b38_C"
[23] "chr19_18042885_A_G_b38_A" "chr19_18043992_G_C_b38_G"
[25] "chr19_18044231_C_G_b38_C" "chr19_18044266_G_C_b38_G"
[27] "chr19_18251693_G_C_b38_G" "chr19_18260387_C_T_b38_C"
[29] "chr19_18262150_C_G_b38_C" "chr19_18265699_G_A_b38_G"
[31] "chr19_18265970_T_C_b38_T" "chr19_18267871_C_A_b38_C"
26 SNP(s) removed because HWE P < 1e-08 :
 [1] "chr4_48078519_A_C_b38_A" "chr4_48079528_T_C_b38_T"
 [3] "chr4_48085231_T_C_b38_T" "chr4_48085838_G_A_b38_G"
 [5] "chr4_48086052_C_T_b38_C" "chr4_48086429_A_G_b38_A"
 [7] "chr4_48450863_T_C_b38_T" "chr4_48451209_C_T_b38_C"
 [9] "chr4_48452709_A_G_b38_A" "chr4_48711359_T_C_b38_T"
[11] "chr4_48711393_C_T_b38_C" "chr4_48711401_C_A_b38_C"
[13] "chr4_48711410_A_G_b38_A" "chr4_48711421_A_C_b38_A"
[15] "chr4_48711432_G_C_b38_G" "chr4_48711433_G_A_b38_G"
[17] "chr4_48711441_A_C_b38_A" "chr4_48711445_C_T_b38_C"
[19] "chr4_48711447_G_A_b38_G" "chr4_48711466_C_T_b38_C"
[21] "chr4_48711467_A_T_b38_A" "chr4_48711470_G_A_b38_G"
[23] "chr4_48711609_C_T_b38_C" "chr4_48711661_A_G_b38_A"
[25] "chr4_48711678_T_A_b38_T" "chr4_48711716_T_C_b38_T"
11 SNP(s) removed because HWE P < 1e-08 :
 [1] "chr12_103763392_G_C_b38_G" "chr12_103965869_G_A_b38_G"
 [3] "chr12_103965899_A_G_b38_A" "chr12_103965985_C_T_b38_C"
 [5] "chr12_103966001_C_T_b38_C" "chr12_103987577_G_C_b38_G"
 [7] "chr12_103987731_A_G_b38_A" "chr12_103988675_C_G_b38_C"
 [9] "chr12_104138891_A_C_b38_A" "chr12_104138896_T_C_b38_T"
[11] "chr12_104558544_C_T_b38_C"
5 SNP(s) removed because HWE P < 1e-08 :
[1] "chr11_57166748_C_G_b38_C" "chr11_57198465_G_C_b38_G"
[3] "chr11_57418281_T_C_b38_T" "chr11_57965601_A_G_b38_A"
[5] "chr11_57969479_G_A_b38_G"
74 SNP(s) removed because HWE P < 1e-08 :
 [1] "chr21_31920396_G_A_b38_G" "chr21_31935565_G_C_b38_G"
 [3] "chr21_31935580_T_G_b38_T" "chr21_32134286_A_T_b38_A"
 [5] "chr21_32238948_G_A_b38_G" "chr21_32250914_C_T_b38_C"
 [7] "chr21_32311415_A_C_b38_A" "chr21_32410343_C_T_b38_C"
 [9] "chr21_32432979_G_A_b38_G" "chr21_32432987_A_C_b38_A"
[11] "chr21_32432995_G_A_b38_G" "chr21_32433065_T_A_b38_T"
[13] "chr21_32433084_C_T_b38_C" "chr21_32433553_G_A_b38_G"
[15] "chr21_32433554_C_G_b38_C" "chr21_32433562_T_C_b38_T"
[17] "chr21_32433629_A_G_b38_A" "chr21_32433656_G_A_b38_G"
[19] "chr21_32433663_A_T_b38_A" "chr21_32434706_A_G_b38_A"
[21] "chr21_32434713_T_C_b38_T" "chr21_32434721_A_C_b38_A"
[23] "chr21_32434746_A_C_b38_A" "chr21_32434842_G_A_b38_G"
[25] "chr21_32434867_C_T_b38_C" "chr21_32434878_G_A_b38_G"
[27] "chr21_32434919_T_G_b38_T" "chr21_32434927_C_T_b38_C"
[29] "chr21_32434967_T_G_b38_T" "chr21_32434971_T_C_b38_T"
[31] "chr21_32434992_T_C_b38_T" "chr21_32435003_T_G_b38_T"
[33] "chr21_32435004_T_C_b38_T" "chr21_32435117_A_G_b38_A"
[35] "chr21_32435125_T_C_b38_T" "chr21_32435126_G_C_b38_G"
[37] "chr21_32435133_C_A_b38_C" "chr21_32435360_C_T_b38_C"
[39] "chr21_32435400_A_G_b38_A" "chr21_32435408_T_C_b38_T"
[41] "chr21_32435414_A_G_b38_A" "chr21_32435436_C_T_b38_C"
[43] "chr21_32435462_C_T_b38_C" "chr21_32435661_G_C_b38_G"
[45] "chr21_32435666_T_G_b38_T" "chr21_32435667_A_G_b38_A"
[47] "chr21_32435716_C_T_b38_C" "chr21_32435721_G_A_b38_G"
[49] "chr21_32435728_T_C_b38_T" "chr21_32435763_C_T_b38_C"
[51] "chr21_32435766_A_C_b38_A" "chr21_32435898_C_T_b38_C"
[53] "chr21_32435949_T_A_b38_T" "chr21_32435990_T_A_b38_T"
[55] "chr21_32436019_G_A_b38_G" "chr21_32436447_T_A_b38_T"
[57] "chr21_32436465_A_C_b38_A" "chr21_32436477_T_A_b38_T"
[59] "chr21_32436484_T_C_b38_T" "chr21_32436539_G_A_b38_G"
[61] "chr21_32436627_G_A_b38_G" "chr21_32436628_G_A_b38_G"
[63] "chr21_32436637_A_G_b38_A" "chr21_32436702_C_T_b38_C"
[65] "chr21_32436736_G_A_b38_G" "chr21_32436746_A_G_b38_A"
[67] "chr21_32437187_G_C_b38_G" "chr21_32437224_A_G_b38_A"
[69] "chr21_32437249_C_A_b38_C" "chr21_32437250_G_A_b38_G"
[71] "chr21_32437258_C_G_b38_C" "chr21_32621877_A_T_b38_A"
[73] "chr21_32660622_A_G_b38_A" "chr21_32660624_C_T_b38_C"
22 SNP(s) removed because HWE P < 1e-08 :
 [1] "chr4_8044692_G_T_b38_G" "chr4_8044693_A_C_b38_A" "chr4_8059763_G_A_b38_G"
 [4] "chr4_8100031_G_T_b38_G" "chr4_8100581_C_T_b38_C" "chr4_8306668_C_G_b38_C"
 [7] "chr4_8557849_T_C_b38_T" "chr4_8557938_A_C_b38_A" "chr4_8557958_G_A_b38_G"
[10] "chr4_8557961_C_T_b38_C" "chr4_8585626_A_G_b38_A" "chr4_8603756_G_C_b38_G"
[13] "chr4_8632004_T_A_b38_T" "chr4_8632045_A_G_b38_A" "chr4_8635779_A_G_b38_A"
[16] "chr4_8655103_T_G_b38_T" "chr4_8655200_C_G_b38_C" "chr4_8656155_G_C_b38_G"
[19] "chr4_8659539_G_A_b38_G" "chr4_8661217_T_G_b38_T" "chr4_8674262_C_G_b38_C"
[22] "chr4_8677036_C_A_b38_C"
26 SNP(s) removed because HWE P < 1e-08 :
 [1] "chr4_48078519_A_C_b38_A" "chr4_48079528_T_C_b38_T"
 [3] "chr4_48085231_T_C_b38_T" "chr4_48085838_G_A_b38_G"
 [5] "chr4_48086052_C_T_b38_C" "chr4_48086429_A_G_b38_A"
 [7] "chr4_48450863_T_C_b38_T" "chr4_48451209_C_T_b38_C"
 [9] "chr4_48452709_A_G_b38_A" "chr4_48711359_T_C_b38_T"
[11] "chr4_48711393_C_T_b38_C" "chr4_48711401_C_A_b38_C"
[13] "chr4_48711410_A_G_b38_A" "chr4_48711421_A_C_b38_A"
[15] "chr4_48711432_G_C_b38_G" "chr4_48711433_G_A_b38_G"
[17] "chr4_48711441_A_C_b38_A" "chr4_48711445_C_T_b38_C"
[19] "chr4_48711447_G_A_b38_G" "chr4_48711466_C_T_b38_C"
[21] "chr4_48711467_A_T_b38_A" "chr4_48711470_G_A_b38_G"
[23] "chr4_48711609_C_T_b38_C" "chr4_48711661_A_G_b38_A"
[25] "chr4_48711678_T_A_b38_T" "chr4_48711716_T_C_b38_T"
39 SNP(s) removed because HWE P < 1e-08 :
 [1] "chr22_49765666_G_C_b38_G" "chr22_49770965_G_C_b38_G"
 [3] "chr22_49837507_C_G_b38_C" "chr22_49846939_C_A_b38_C"
 [5] "chr22_49848251_T_C_b38_T" "chr22_49872508_G_A_b38_G"
 [7] "chr22_49880142_T_C_b38_T" "chr22_49880243_G_T_b38_G"
 [9] "chr22_49883047_G_C_b38_G" "chr22_49894697_A_G_b38_A"
[11] "chr22_49906790_T_C_b38_T" "chr22_49921580_T_C_b38_T"
[13] "chr22_49921715_C_A_b38_C" "chr22_49973759_T_C_b38_T"
[15] "chr22_50013858_A_C_b38_A" "chr22_50357867_G_A_b38_G"
[17] "chr22_50371703_G_C_b38_G" "chr22_50418711_G_A_b38_G"
[19] "chr22_50424402_A_C_b38_A" "chr22_50424421_C_A_b38_C"
[21] "chr22_50424423_C_T_b38_C" "chr22_50495487_G_A_b38_G"
[23] "chr22_50495498_T_C_b38_T" "chr22_50495499_G_A_b38_G"
[25] "chr22_50508159_C_G_b38_C" "chr22_50509182_A_G_b38_A"
[27] "chr22_50509488_T_C_b38_T" "chr22_50509962_A_G_b38_A"
[29] "chr22_50510817_C_T_b38_C" "chr22_50510967_T_C_b38_T"
[31] "chr22_50511806_T_C_b38_T" "chr22_50512014_T_C_b38_T"
[33] "chr22_50512298_G_A_b38_G" "chr22_50512549_T_G_b38_T"
[35] "chr22_50513313_G_C_b38_G" "chr22_50513793_G_A_b38_G"
[37] "chr22_50542614_C_T_b38_C" "chr22_50542624_A_T_b38_A"
[39] "chr22_50712000_C_T_b38_C"
49 SNP(s) removed because HWE P < 1e-08 :
 [1] "chr19_51083323_T_G_b38_T" "chr19_51107599_A_G_b38_A"
 [3] "chr19_51107741_T_G_b38_T" "chr19_51108006_G_A_b38_G"
 [5] "chr19_51116302_T_C_b38_T" "chr19_51120922_T_G_b38_T"
 [7] "chr19_51121015_T_G_b38_T" "chr19_51121279_T_C_b38_T"
 [9] "chr19_51121832_A_C_b38_A" "chr19_51121942_T_C_b38_T"
[11] "chr19_51122379_A_G_b38_A" "chr19_51122568_A_G_b38_A"
[13] "chr19_51122642_G_C_b38_G" "chr19_51123685_A_G_b38_A"
[15] "chr19_51136723_A_G_b38_A" "chr19_51172375_T_C_b38_T"
[17] "chr19_51173311_A_G_b38_A" "chr19_51173876_T_C_b38_T"
[19] "chr19_51184134_C_T_b38_C" "chr19_51201503_A_G_b38_A"
[21] "chr19_51208344_T_C_b38_T" "chr19_51208365_C_T_b38_C"
[23] "chr19_51212754_T_C_b38_T" "chr19_51235665_T_C_b38_T"
[25] "chr19_51251278_A_C_b38_A" "chr19_51280161_A_G_b38_A"
[27] "chr19_51280387_C_T_b38_C" "chr19_51281207_G_A_b38_G"
[29] "chr19_51282770_C_G_b38_C" "chr19_51283428_T_C_b38_T"
[31] "chr19_51284112_C_T_b38_C" "chr19_51284184_A_C_b38_A"
[33] "chr19_51285176_C_A_b38_C" "chr19_51285861_G_A_b38_G"
[35] "chr19_51287738_T_C_b38_T" "chr19_51290510_A_C_b38_A"
[37] "chr19_51291857_T_G_b38_T" "chr19_51293045_T_C_b38_T"
[39] "chr19_51298175_C_T_b38_C" "chr19_51358092_C_G_b38_C"
[41] "chr19_51447917_C_T_b38_C" "chr19_51447928_A_G_b38_A"
[43] "chr19_51448049_T_G_b38_T" "chr19_51457686_A_G_b38_A"
[45] "chr19_51780129_T_C_b38_T" "chr19_51780359_A_G_b38_A"
[47] "chr19_51848424_G_A_b38_G" "chr19_51875933_G_A_b38_G"
[49] "chr19_51876393_G_A_b38_G"
37 SNP(s) removed because HWE P < 1e-08 :
 [1] "chr16_24109784_G_A_b38_G" "chr16_24227690_G_C_b38_G"
 [3] "chr16_24233628_G_C_b38_G" "chr16_24496566_C_T_b38_C"
 [5] "chr16_24496764_C_A_b38_C" "chr16_24499309_C_T_b38_C"
 [7] "chr16_24870481_A_C_b38_A" "chr16_24873006_G_A_b38_G"
 [9] "chr16_24884357_A_G_b38_A" "chr16_24917601_A_G_b38_A"
[11] "chr16_24917765_G_A_b38_G" "chr16_24917986_T_C_b38_T"
[13] "chr16_24919227_T_C_b38_T" "chr16_24920477_C_T_b38_C"
[15] "chr16_24920573_A_G_b38_A" "chr16_24921599_T_C_b38_T"
[17] "chr16_24923143_G_T_b38_G" "chr16_24924245_T_C_b38_T"
[19] "chr16_24924716_A_T_b38_A" "chr16_24925306_A_G_b38_A"
[21] "chr16_24927264_T_C_b38_T" "chr16_24932825_T_C_b38_T"
[23] "chr16_24940578_A_G_b38_A" "chr16_24943087_G_A_b38_G"
[25] "chr16_24943465_A_G_b38_A" "chr16_24945135_A_G_b38_A"
[27] "chr16_24945229_T_G_b38_T" "chr16_24945237_A_C_b38_A"
[29] "chr16_24947347_A_C_b38_A" "chr16_24947664_G_A_b38_G"
[31] "chr16_24948730_C_G_b38_C" "chr16_24950568_T_C_b38_T"
[33] "chr16_24952718_T_C_b38_T" "chr16_24953197_T_C_b38_T"
[35] "chr16_24953395_G_T_b38_G" "chr16_24953714_C_T_b38_C"
[37] "chr16_24955202_T_C_b38_T"
49 SNP(s) removed because HWE P < 1e-08 :
 [1] "chr19_51083323_T_G_b38_T" "chr19_51107599_A_G_b38_A"
 [3] "chr19_51107741_T_G_b38_T" "chr19_51108006_G_A_b38_G"
 [5] "chr19_51116302_T_C_b38_T" "chr19_51120922_T_G_b38_T"
 [7] "chr19_51121015_T_G_b38_T" "chr19_51121279_T_C_b38_T"
 [9] "chr19_51121832_A_C_b38_A" "chr19_51121942_T_C_b38_T"
[11] "chr19_51122379_A_G_b38_A" "chr19_51122568_A_G_b38_A"
[13] "chr19_51122642_G_C_b38_G" "chr19_51123685_A_G_b38_A"
[15] "chr19_51136723_A_G_b38_A" "chr19_51172375_T_C_b38_T"
[17] "chr19_51173311_A_G_b38_A" "chr19_51173876_T_C_b38_T"
[19] "chr19_51184134_C_T_b38_C" "chr19_51201503_A_G_b38_A"
[21] "chr19_51208344_T_C_b38_T" "chr19_51208365_C_T_b38_C"
[23] "chr19_51212754_T_C_b38_T" "chr19_51235665_T_C_b38_T"
[25] "chr19_51251278_A_C_b38_A" "chr19_51280161_A_G_b38_A"
[27] "chr19_51280387_C_T_b38_C" "chr19_51281207_G_A_b38_G"
[29] "chr19_51282770_C_G_b38_C" "chr19_51283428_T_C_b38_T"
[31] "chr19_51284112_C_T_b38_C" "chr19_51284184_A_C_b38_A"
[33] "chr19_51285176_C_A_b38_C" "chr19_51285861_G_A_b38_G"
[35] "chr19_51287738_T_C_b38_T" "chr19_51290510_A_C_b38_A"
[37] "chr19_51291857_T_G_b38_T" "chr19_51293045_T_C_b38_T"
[39] "chr19_51298175_C_T_b38_C" "chr19_51358092_C_G_b38_C"
[41] "chr19_51447917_C_T_b38_C" "chr19_51447928_A_G_b38_A"
[43] "chr19_51448049_T_G_b38_T" "chr19_51457686_A_G_b38_A"
[45] "chr19_51780129_T_C_b38_T" "chr19_51780359_A_G_b38_A"
[47] "chr19_51848424_G_A_b38_G" "chr19_51875933_G_A_b38_G"
[49] "chr19_51876393_G_A_b38_G"
34 SNP(s) removed because HWE P < 1e-08 :
 [1] "chr12_93024628_G_A_b38_G" "chr12_93200204_C_T_b38_C"
 [3] "chr12_93400754_C_A_b38_C" "chr12_93400796_A_G_b38_A"
 [5] "chr12_93400850_G_T_b38_G" "chr12_93406128_T_C_b38_T"
 [7] "chr12_93412381_T_C_b38_T" "chr12_93424128_G_A_b38_G"
 [9] "chr12_93432164_A_G_b38_A" "chr12_93432763_G_A_b38_G"
[11] "chr12_93433078_A_G_b38_A" "chr12_93433468_A_C_b38_A"
[13] "chr12_93610083_C_T_b38_C" "chr12_93610124_T_C_b38_T"
[15] "chr12_93612195_T_C_b38_T" "chr12_93616411_A_G_b38_A"
[17] "chr12_93618156_A_C_b38_A" "chr12_93627256_C_A_b38_C"
[19] "chr12_93646921_C_T_b38_C" "chr12_93650914_G_A_b38_G"
[21] "chr12_93654929_T_C_b38_T" "chr12_93655032_T_G_b38_T"
[23] "chr12_93655393_T_A_b38_T" "chr12_93656316_A_G_b38_A"
[25] "chr12_93658794_A_G_b38_A" "chr12_93662372_T_A_b38_T"
[27] "chr12_93665355_T_C_b38_T" "chr12_93667220_T_C_b38_T"
[29] "chr12_93670300_T_C_b38_T" "chr12_93670497_C_T_b38_C"
[31] "chr12_93670622_T_C_b38_T" "chr12_93676679_C_G_b38_C"
[33] "chr12_93677140_G_A_b38_G" "chr12_93677214_A_G_b38_A"
56 SNP(s) removed because HWE P < 1e-08 :
 [1] "chr2_234571796_G_C_b38_G" "chr2_234679043_G_T_b38_G"
 [3] "chr2_234679188_T_C_b38_T" "chr2_234758936_C_T_b38_C"
 [5] "chr2_234758982_T_C_b38_T" "chr2_234760203_A_G_b38_A"
 [7] "chr2_234760375_C_T_b38_C" "chr2_234888396_A_G_b38_A"
 [9] "chr2_234888758_T_C_b38_T" "chr2_234894832_A_C_b38_A"
[11] "chr2_234894910_G_A_b38_G" "chr2_234894973_T_C_b38_T"
[13] "chr2_234895017_A_G_b38_A" "chr2_234895077_T_C_b38_T"
[15] "chr2_234895138_G_A_b38_G" "chr2_234895180_T_G_b38_T"
[17] "chr2_234895243_G_C_b38_G" "chr2_234895404_A_G_b38_A"
[19] "chr2_234895495_A_G_b38_A" "chr2_234895594_G_T_b38_G"
[21] "chr2_234895605_G_A_b38_G" "chr2_234895717_A_C_b38_A"
[23] "chr2_234895726_G_A_b38_G" "chr2_234895744_C_T_b38_C"
[25] "chr2_234895756_C_A_b38_C" "chr2_234895848_T_A_b38_T"
[27] "chr2_234895974_C_T_b38_C" "chr2_234895996_G_A_b38_G"
[29] "chr2_234896107_C_G_b38_C" "chr2_234896219_G_C_b38_G"
[31] "chr2_234896302_G_C_b38_G" "chr2_234896331_A_G_b38_A"
[33] "chr2_235001953_C_T_b38_C" "chr2_235013109_C_A_b38_C"
[35] "chr2_235013502_C_T_b38_C" "chr2_235014147_A_G_b38_A"
[37] "chr2_235014329_G_T_b38_G" "chr2_235016380_G_A_b38_G"
[39] "chr2_235017019_T_C_b38_T" "chr2_235018342_C_T_b38_C"
[41] "chr2_235031472_C_T_b38_C" "chr2_235062147_T_G_b38_T"
[43] "chr2_235255566_C_A_b38_C" "chr2_235294463_A_G_b38_A"
[45] "chr2_235316147_T_C_b38_T" "chr2_235374434_A_G_b38_A"
[47] "chr2_235375213_T_C_b38_T" "chr2_235375341_T_C_b38_T"
[49] "chr2_235376857_G_A_b38_G" "chr2_235378897_A_T_b38_A"
[51] "chr2_235380311_G_A_b38_G" "chr2_235383464_G_A_b38_G"
[53] "chr2_235385818_T_C_b38_T" "chr2_235399509_A_G_b38_A"
[55] "chr2_235401021_T_A_b38_T" "chr2_235450334_T_C_b38_T"
56 SNP(s) removed because HWE P < 1e-08 :
 [1] "chr2_234571796_G_C_b38_G" "chr2_234679043_G_T_b38_G"
 [3] "chr2_234679188_T_C_b38_T" "chr2_234758936_C_T_b38_C"
 [5] "chr2_234758982_T_C_b38_T" "chr2_234760203_A_G_b38_A"
 [7] "chr2_234760375_C_T_b38_C" "chr2_234888396_A_G_b38_A"
 [9] "chr2_234888758_T_C_b38_T" "chr2_234894832_A_C_b38_A"
[11] "chr2_234894910_G_A_b38_G" "chr2_234894973_T_C_b38_T"
[13] "chr2_234895017_A_G_b38_A" "chr2_234895077_T_C_b38_T"
[15] "chr2_234895138_G_A_b38_G" "chr2_234895180_T_G_b38_T"
[17] "chr2_234895243_G_C_b38_G" "chr2_234895404_A_G_b38_A"
[19] "chr2_234895495_A_G_b38_A" "chr2_234895594_G_T_b38_G"
[21] "chr2_234895605_G_A_b38_G" "chr2_234895717_A_C_b38_A"
[23] "chr2_234895726_G_A_b38_G" "chr2_234895744_C_T_b38_C"
[25] "chr2_234895756_C_A_b38_C" "chr2_234895848_T_A_b38_T"
[27] "chr2_234895974_C_T_b38_C" "chr2_234895996_G_A_b38_G"
[29] "chr2_234896107_C_G_b38_C" "chr2_234896219_G_C_b38_G"
[31] "chr2_234896302_G_C_b38_G" "chr2_234896331_A_G_b38_A"
[33] "chr2_235001953_C_T_b38_C" "chr2_235013109_C_A_b38_C"
[35] "chr2_235013502_C_T_b38_C" "chr2_235014147_A_G_b38_A"
[37] "chr2_235014329_G_T_b38_G" "chr2_235016380_G_A_b38_G"
[39] "chr2_235017019_T_C_b38_T" "chr2_235018342_C_T_b38_C"
[41] "chr2_235031472_C_T_b38_C" "chr2_235062147_T_G_b38_T"
[43] "chr2_235255566_C_A_b38_C" "chr2_235294463_A_G_b38_A"
[45] "chr2_235316147_T_C_b38_T" "chr2_235374434_A_G_b38_A"
[47] "chr2_235375213_T_C_b38_T" "chr2_235375341_T_C_b38_T"
[49] "chr2_235376857_G_A_b38_G" "chr2_235378897_A_T_b38_A"
[51] "chr2_235380311_G_A_b38_G" "chr2_235383464_G_A_b38_G"
[53] "chr2_235385818_T_C_b38_T" "chr2_235399509_A_G_b38_A"
[55] "chr2_235401021_T_A_b38_T" "chr2_235450334_T_C_b38_T"
93 SNP(s) removed because HWE P < 1e-08 :
 [1] "chr15_77620600_C_T_b38_C" "chr15_77620976_A_C_b38_A"
 [3] "chr15_77623374_A_G_b38_A" "chr15_77623509_T_C_b38_T"
 [5] "chr15_77623763_T_C_b38_T" "chr15_77623902_T_A_b38_T"
 [7] "chr15_77624005_T_C_b38_T" "chr15_77624288_C_T_b38_C"
 [9] "chr15_77624374_T_C_b38_T" "chr15_77624758_G_C_b38_G"
[11] "chr15_77625076_G_A_b38_G" "chr15_77625414_G_A_b38_G"
[13] "chr15_77625974_C_T_b38_C" "chr15_77626137_T_C_b38_T"
[15] "chr15_77626151_A_C_b38_A" "chr15_77626194_G_A_b38_G"
[17] "chr15_77626196_G_A_b38_G" "chr15_77626360_T_A_b38_T"
[19] "chr15_77626781_C_G_b38_C" "chr15_77626846_T_G_b38_T"
[21] "chr15_77626991_T_C_b38_T" "chr15_77627095_T_C_b38_T"
[23] "chr15_77627238_C_T_b38_C" "chr15_77627352_A_T_b38_A"
[25] "chr15_77627811_G_T_b38_G" "chr15_77628387_A_T_b38_A"
[27] "chr15_77628393_A_G_b38_A" "chr15_77628504_T_G_b38_T"
[29] "chr15_77628595_C_T_b38_C" "chr15_77628700_G_A_b38_G"
[31] "chr15_77628727_G_C_b38_G" "chr15_77628834_C_T_b38_C"
[33] "chr15_77629976_G_A_b38_G" "chr15_77630730_A_G_b38_A"
[35] "chr15_77631323_G_C_b38_G" "chr15_77632960_T_C_b38_T"
[37] "chr15_77633592_A_T_b38_A" "chr15_77633761_C_T_b38_C"
[39] "chr15_77634194_A_G_b38_A" "chr15_77636037_T_C_b38_T"
[41] "chr15_77641430_A_G_b38_A" "chr15_77643875_T_C_b38_T"
[43] "chr15_77645210_T_C_b38_T" "chr15_77655928_T_C_b38_T"
[45] "chr15_77687835_C_T_b38_C" "chr15_77818814_T_C_b38_T"
[47] "chr15_77861154_C_G_b38_C" "chr15_77862813_C_T_b38_C"
[49] "chr15_77862843_T_C_b38_T" "chr15_77864131_G_A_b38_G"
[51] "chr15_77864186_A_G_b38_A" "chr15_77866551_C_T_b38_C"
[53] "chr15_77868020_T_C_b38_T" "chr15_77868249_C_T_b38_C"
[55] "chr15_77869032_T_C_b38_T" "chr15_77869088_G_A_b38_G"
[57] "chr15_77869297_G_A_b38_G" "chr15_77869572_A_G_b38_A"
[59] "chr15_77869638_T_C_b38_T" "chr15_77869647_G_A_b38_G"
[61] "chr15_77869691_A_G_b38_A" "chr15_77871689_G_C_b38_G"
[63] "chr15_77877093_T_C_b38_T" "chr15_77888228_G_A_b38_G"
[65] "chr15_77892023_A_G_b38_A" "chr15_77895063_T_C_b38_T"
[67] "chr15_77900427_A_G_b38_A" "chr15_77920633_A_G_b38_A"
[69] "chr15_77949005_C_G_b38_C" "chr15_77950461_C_G_b38_C"
[71] "chr15_77950600_C_T_b38_C" "chr15_77950656_A_G_b38_A"
[73] "chr15_77951237_A_G_b38_A" "chr15_77951364_G_A_b38_G"
[75] "chr15_77951509_T_C_b38_T" "chr15_77951606_C_T_b38_C"
[77] "chr15_77951945_C_A_b38_C" "chr15_77953331_T_C_b38_T"
[79] "chr15_77953512_A_G_b38_A" "chr15_77953513_C_T_b38_C"
[81] "chr15_77953555_C_T_b38_C" "chr15_77979828_A_G_b38_A"
[83] "chr15_77979976_C_G_b38_C" "chr15_77996057_C_T_b38_C"
[85] "chr15_77996148_G_A_b38_G" "chr15_77996193_G_A_b38_G"
[87] "chr15_77996195_G_A_b38_G" "chr15_77996209_A_T_b38_A"
[89] "chr15_78132326_G_C_b38_G" "chr15_78132331_A_G_b38_A"
[91] "chr15_78418816_G_A_b38_G" "chr15_78427859_C_G_b38_C"
[93] "chr15_78430740_C_T_b38_C"
45 SNP(s) removed because HWE P < 1e-08 :
 [1] "chr10_4929431_G_A_b38_G" "chr10_4929666_T_C_b38_T"
 [3] "chr10_4930175_T_A_b38_T" "chr10_4930180_A_G_b38_A"
 [5] "chr10_4930204_A_G_b38_A" "chr10_4930342_C_G_b38_C"
 [7] "chr10_4930365_G_A_b38_G" "chr10_4930371_T_C_b38_T"
 [9] "chr10_4930460_A_G_b38_A" "chr10_4940587_T_C_b38_T"
[11] "chr10_4953954_A_G_b38_A" "chr10_4953957_C_G_b38_C"
[13] "chr10_4957906_T_C_b38_T" "chr10_4957916_T_C_b38_T"
[15] "chr10_4957917_C_T_b38_C" "chr10_4957941_C_G_b38_C"
[17] "chr10_4958014_A_G_b38_A" "chr10_4958263_G_A_b38_G"
[19] "chr10_4958268_C_A_b38_C" "chr10_4958293_G_A_b38_G"
[21] "chr10_4958299_T_C_b38_T" "chr10_4958312_T_A_b38_T"
[23] "chr10_4959123_G_A_b38_G" "chr10_4959134_C_T_b38_C"
[25] "chr10_4959376_C_T_b38_C" "chr10_4959438_C_T_b38_C"
[27] "chr10_4959442_G_T_b38_G" "chr10_4959461_C_T_b38_C"
[29] "chr10_4959521_A_G_b38_A" "chr10_4959555_T_C_b38_T"
[31] "chr10_4972486_G_T_b38_G" "chr10_4972686_A_G_b38_A"
[33] "chr10_5003670_A_G_b38_A" "chr10_5008478_T_C_b38_T"
[35] "chr10_5008551_C_G_b38_C" "chr10_5008575_G_A_b38_G"
[37] "chr10_5008576_A_G_b38_A" "chr10_5008586_A_G_b38_A"
[39] "chr10_5008600_T_C_b38_T" "chr10_5008825_C_T_b38_C"
[41] "chr10_5169337_G_C_b38_G" "chr10_5169347_G_A_b38_G"
[43] "chr10_5562992_T_C_b38_T" "chr10_5722518_A_T_b38_A"
[45] "chr10_5752205_A_G_b38_A"
74 SNP(s) removed because HWE P < 1e-08 :
 [1] "chr21_31920396_G_A_b38_G" "chr21_31935565_G_C_b38_G"
 [3] "chr21_31935580_T_G_b38_T" "chr21_32134286_A_T_b38_A"
 [5] "chr21_32238948_G_A_b38_G" "chr21_32250914_C_T_b38_C"
 [7] "chr21_32311415_A_C_b38_A" "chr21_32410343_C_T_b38_C"
 [9] "chr21_32432979_G_A_b38_G" "chr21_32432987_A_C_b38_A"
[11] "chr21_32432995_G_A_b38_G" "chr21_32433065_T_A_b38_T"
[13] "chr21_32433084_C_T_b38_C" "chr21_32433553_G_A_b38_G"
[15] "chr21_32433554_C_G_b38_C" "chr21_32433562_T_C_b38_T"
[17] "chr21_32433629_A_G_b38_A" "chr21_32433656_G_A_b38_G"
[19] "chr21_32433663_A_T_b38_A" "chr21_32434706_A_G_b38_A"
[21] "chr21_32434713_T_C_b38_T" "chr21_32434721_A_C_b38_A"
[23] "chr21_32434746_A_C_b38_A" "chr21_32434842_G_A_b38_G"
[25] "chr21_32434867_C_T_b38_C" "chr21_32434878_G_A_b38_G"
[27] "chr21_32434919_T_G_b38_T" "chr21_32434927_C_T_b38_C"
[29] "chr21_32434967_T_G_b38_T" "chr21_32434971_T_C_b38_T"
[31] "chr21_32434992_T_C_b38_T" "chr21_32435003_T_G_b38_T"
[33] "chr21_32435004_T_C_b38_T" "chr21_32435117_A_G_b38_A"
[35] "chr21_32435125_T_C_b38_T" "chr21_32435126_G_C_b38_G"
[37] "chr21_32435133_C_A_b38_C" "chr21_32435360_C_T_b38_C"
[39] "chr21_32435400_A_G_b38_A" "chr21_32435408_T_C_b38_T"
[41] "chr21_32435414_A_G_b38_A" "chr21_32435436_C_T_b38_C"
[43] "chr21_32435462_C_T_b38_C" "chr21_32435661_G_C_b38_G"
[45] "chr21_32435666_T_G_b38_T" "chr21_32435667_A_G_b38_A"
[47] "chr21_32435716_C_T_b38_C" "chr21_32435721_G_A_b38_G"
[49] "chr21_32435728_T_C_b38_T" "chr21_32435763_C_T_b38_C"
[51] "chr21_32435766_A_C_b38_A" "chr21_32435898_C_T_b38_C"
[53] "chr21_32435949_T_A_b38_T" "chr21_32435990_T_A_b38_T"
[55] "chr21_32436019_G_A_b38_G" "chr21_32436447_T_A_b38_T"
[57] "chr21_32436465_A_C_b38_A" "chr21_32436477_T_A_b38_T"
[59] "chr21_32436484_T_C_b38_T" "chr21_32436539_G_A_b38_G"
[61] "chr21_32436627_G_A_b38_G" "chr21_32436628_G_A_b38_G"
[63] "chr21_32436637_A_G_b38_A" "chr21_32436702_C_T_b38_C"
[65] "chr21_32436736_G_A_b38_G" "chr21_32436746_A_G_b38_A"
[67] "chr21_32437187_G_C_b38_G" "chr21_32437224_A_G_b38_A"
[69] "chr21_32437249_C_A_b38_C" "chr21_32437250_G_A_b38_G"
[71] "chr21_32437258_C_G_b38_C" "chr21_32621877_A_T_b38_A"
[73] "chr21_32660622_A_G_b38_A" "chr21_32660624_C_T_b38_C"
48 SNP(s) removed because HWE P < 1e-08 :
 [1] "chr20_2814042_A_G_b38_A" "chr20_2817779_G_C_b38_G"
 [3] "chr20_2947150_T_G_b38_T" "chr20_2961009_C_G_b38_C"
 [5] "chr20_2961358_C_A_b38_C" "chr20_2961450_C_A_b38_C"
 [7] "chr20_2961840_T_G_b38_T" "chr20_2965113_C_T_b38_C"
 [9] "chr20_2980378_G_A_b38_G" "chr20_2981458_A_T_b38_A"
[11] "chr20_2982699_T_A_b38_T" "chr20_2993389_T_C_b38_T"
[13] "chr20_2996965_T_A_b38_T" "chr20_3001875_C_T_b38_C"
[15] "chr20_3004522_T_C_b38_T" "chr20_3004530_A_C_b38_A"
[17] "chr20_3004534_A_C_b38_A" "chr20_3009911_C_T_b38_C"
[19] "chr20_3032493_C_T_b38_C" "chr20_3078393_C_T_b38_C"
[21] "chr20_3110624_T_C_b38_T" "chr20_3128588_G_A_b38_G"
[23] "chr20_3129696_C_T_b38_C" "chr20_3131720_C_A_b38_C"
[25] "chr20_3131735_G_T_b38_G" "chr20_3137499_C_A_b38_C"
[27] "chr20_3139694_G_A_b38_G" "chr20_3154880_A_G_b38_A"
[29] "chr20_3156572_G_T_b38_G" "chr20_3229088_T_C_b38_T"
[31] "chr20_3620989_T_A_b38_T" "chr20_3621518_C_T_b38_C"
[33] "chr20_3621703_G_A_b38_G" "chr20_3622250_G_A_b38_G"
[35] "chr20_3622973_C_G_b38_C" "chr20_3629107_T_C_b38_T"
[37] "chr20_3634743_G_A_b38_G" "chr20_3635250_C_T_b38_C"
[39] "chr20_3635692_T_C_b38_T" "chr20_3636717_C_T_b38_C"
[41] "chr20_3638439_G_A_b38_G" "chr20_3638737_G_T_b38_G"
[43] "chr20_3639323_C_T_b38_C" "chr20_3639338_T_C_b38_T"
[45] "chr20_3639496_A_G_b38_A" "chr20_3640437_A_G_b38_A"
[47] "chr20_3646031_C_T_b38_C" "chr20_3700951_G_A_b38_G"
49 SNP(s) removed because HWE P < 1e-08 :
 [1] "chr19_51083323_T_G_b38_T" "chr19_51107599_A_G_b38_A"
 [3] "chr19_51107741_T_G_b38_T" "chr19_51108006_G_A_b38_G"
 [5] "chr19_51116302_T_C_b38_T" "chr19_51120922_T_G_b38_T"
 [7] "chr19_51121015_T_G_b38_T" "chr19_51121279_T_C_b38_T"
 [9] "chr19_51121832_A_C_b38_A" "chr19_51121942_T_C_b38_T"
[11] "chr19_51122379_A_G_b38_A" "chr19_51122568_A_G_b38_A"
[13] "chr19_51122642_G_C_b38_G" "chr19_51123685_A_G_b38_A"
[15] "chr19_51136723_A_G_b38_A" "chr19_51172375_T_C_b38_T"
[17] "chr19_51173311_A_G_b38_A" "chr19_51173876_T_C_b38_T"
[19] "chr19_51184134_C_T_b38_C" "chr19_51201503_A_G_b38_A"
[21] "chr19_51208344_T_C_b38_T" "chr19_51208365_C_T_b38_C"
[23] "chr19_51212754_T_C_b38_T" "chr19_51235665_T_C_b38_T"
[25] "chr19_51251278_A_C_b38_A" "chr19_51280161_A_G_b38_A"
[27] "chr19_51280387_C_T_b38_C" "chr19_51281207_G_A_b38_G"
[29] "chr19_51282770_C_G_b38_C" "chr19_51283428_T_C_b38_T"
[31] "chr19_51284112_C_T_b38_C" "chr19_51284184_A_C_b38_A"
[33] "chr19_51285176_C_A_b38_C" "chr19_51285861_G_A_b38_G"
[35] "chr19_51287738_T_C_b38_T" "chr19_51290510_A_C_b38_A"
[37] "chr19_51291857_T_G_b38_T" "chr19_51293045_T_C_b38_T"
[39] "chr19_51298175_C_T_b38_C" "chr19_51358092_C_G_b38_C"
[41] "chr19_51447917_C_T_b38_C" "chr19_51447928_A_G_b38_A"
[43] "chr19_51448049_T_G_b38_T" "chr19_51457686_A_G_b38_A"
[45] "chr19_51780129_T_C_b38_T" "chr19_51780359_A_G_b38_A"
[47] "chr19_51848424_G_A_b38_G" "chr19_51875933_G_A_b38_G"
[49] "chr19_51876393_G_A_b38_G"
39 SNP(s) removed because HWE P < 1e-08 :
 [1] "chr22_49765666_G_C_b38_G" "chr22_49770965_G_C_b38_G"
 [3] "chr22_49837507_C_G_b38_C" "chr22_49846939_C_A_b38_C"
 [5] "chr22_49848251_T_C_b38_T" "chr22_49872508_G_A_b38_G"
 [7] "chr22_49880142_T_C_b38_T" "chr22_49880243_G_T_b38_G"
 [9] "chr22_49883047_G_C_b38_G" "chr22_49894697_A_G_b38_A"
[11] "chr22_49906790_T_C_b38_T" "chr22_49921580_T_C_b38_T"
[13] "chr22_49921715_C_A_b38_C" "chr22_49973759_T_C_b38_T"
[15] "chr22_50013858_A_C_b38_A" "chr22_50357867_G_A_b38_G"
[17] "chr22_50371703_G_C_b38_G" "chr22_50418711_G_A_b38_G"
[19] "chr22_50424402_A_C_b38_A" "chr22_50424421_C_A_b38_C"
[21] "chr22_50424423_C_T_b38_C" "chr22_50495487_G_A_b38_G"
[23] "chr22_50495498_T_C_b38_T" "chr22_50495499_G_A_b38_G"
[25] "chr22_50508159_C_G_b38_C" "chr22_50509182_A_G_b38_A"
[27] "chr22_50509488_T_C_b38_T" "chr22_50509962_A_G_b38_A"
[29] "chr22_50510817_C_T_b38_C" "chr22_50510967_T_C_b38_T"
[31] "chr22_50511806_T_C_b38_T" "chr22_50512014_T_C_b38_T"
[33] "chr22_50512298_G_A_b38_G" "chr22_50512549_T_G_b38_T"
[35] "chr22_50513313_G_C_b38_G" "chr22_50513793_G_A_b38_G"
[37] "chr22_50542614_C_T_b38_C" "chr22_50542624_A_T_b38_A"
[39] "chr22_50712000_C_T_b38_C"
56 SNP(s) removed because HWE P < 1e-08 :
 [1] "chr2_234571796_G_C_b38_G" "chr2_234679043_G_T_b38_G"
 [3] "chr2_234679188_T_C_b38_T" "chr2_234758936_C_T_b38_C"
 [5] "chr2_234758982_T_C_b38_T" "chr2_234760203_A_G_b38_A"
 [7] "chr2_234760375_C_T_b38_C" "chr2_234888396_A_G_b38_A"
 [9] "chr2_234888758_T_C_b38_T" "chr2_234894832_A_C_b38_A"
[11] "chr2_234894910_G_A_b38_G" "chr2_234894973_T_C_b38_T"
[13] "chr2_234895017_A_G_b38_A" "chr2_234895077_T_C_b38_T"
[15] "chr2_234895138_G_A_b38_G" "chr2_234895180_T_G_b38_T"
[17] "chr2_234895243_G_C_b38_G" "chr2_234895404_A_G_b38_A"
[19] "chr2_234895495_A_G_b38_A" "chr2_234895594_G_T_b38_G"
[21] "chr2_234895605_G_A_b38_G" "chr2_234895717_A_C_b38_A"
[23] "chr2_234895726_G_A_b38_G" "chr2_234895744_C_T_b38_C"
[25] "chr2_234895756_C_A_b38_C" "chr2_234895848_T_A_b38_T"
[27] "chr2_234895974_C_T_b38_C" "chr2_234895996_G_A_b38_G"
[29] "chr2_234896107_C_G_b38_C" "chr2_234896219_G_C_b38_G"
[31] "chr2_234896302_G_C_b38_G" "chr2_234896331_A_G_b38_A"
[33] "chr2_235001953_C_T_b38_C" "chr2_235013109_C_A_b38_C"
[35] "chr2_235013502_C_T_b38_C" "chr2_235014147_A_G_b38_A"
[37] "chr2_235014329_G_T_b38_G" "chr2_235016380_G_A_b38_G"
[39] "chr2_235017019_T_C_b38_T" "chr2_235018342_C_T_b38_C"
[41] "chr2_235031472_C_T_b38_C" "chr2_235062147_T_G_b38_T"
[43] "chr2_235255566_C_A_b38_C" "chr2_235294463_A_G_b38_A"
[45] "chr2_235316147_T_C_b38_T" "chr2_235374434_A_G_b38_A"
[47] "chr2_235375213_T_C_b38_T" "chr2_235375341_T_C_b38_T"
[49] "chr2_235376857_G_A_b38_G" "chr2_235378897_A_T_b38_A"
[51] "chr2_235380311_G_A_b38_G" "chr2_235383464_G_A_b38_G"
[53] "chr2_235385818_T_C_b38_T" "chr2_235399509_A_G_b38_A"
[55] "chr2_235401021_T_A_b38_T" "chr2_235450334_T_C_b38_T"
37 SNP(s) removed because HWE P < 1e-08 :
 [1] "chr16_24109784_G_A_b38_G" "chr16_24227690_G_C_b38_G"
 [3] "chr16_24233628_G_C_b38_G" "chr16_24496566_C_T_b38_C"
 [5] "chr16_24496764_C_A_b38_C" "chr16_24499309_C_T_b38_C"
 [7] "chr16_24870481_A_C_b38_A" "chr16_24873006_G_A_b38_G"
 [9] "chr16_24884357_A_G_b38_A" "chr16_24917601_A_G_b38_A"
[11] "chr16_24917765_G_A_b38_G" "chr16_24917986_T_C_b38_T"
[13] "chr16_24919227_T_C_b38_T" "chr16_24920477_C_T_b38_C"
[15] "chr16_24920573_A_G_b38_A" "chr16_24921599_T_C_b38_T"
[17] "chr16_24923143_G_T_b38_G" "chr16_24924245_T_C_b38_T"
[19] "chr16_24924716_A_T_b38_A" "chr16_24925306_A_G_b38_A"
[21] "chr16_24927264_T_C_b38_T" "chr16_24932825_T_C_b38_T"
[23] "chr16_24940578_A_G_b38_A" "chr16_24943087_G_A_b38_G"
[25] "chr16_24943465_A_G_b38_A" "chr16_24945135_A_G_b38_A"
[27] "chr16_24945229_T_G_b38_T" "chr16_24945237_A_C_b38_A"
[29] "chr16_24947347_A_C_b38_A" "chr16_24947664_G_A_b38_G"
[31] "chr16_24948730_C_G_b38_C" "chr16_24950568_T_C_b38_T"
[33] "chr16_24952718_T_C_b38_T" "chr16_24953197_T_C_b38_T"
[35] "chr16_24953395_G_T_b38_G" "chr16_24953714_C_T_b38_C"
[37] "chr16_24955202_T_C_b38_T"
22 SNP(s) removed because HWE P < 1e-08 :
 [1] "chr4_8044692_G_T_b38_G" "chr4_8044693_A_C_b38_A" "chr4_8059763_G_A_b38_G"
 [4] "chr4_8100031_G_T_b38_G" "chr4_8100581_C_T_b38_C" "chr4_8306668_C_G_b38_C"
 [7] "chr4_8557849_T_C_b38_T" "chr4_8557938_A_C_b38_A" "chr4_8557958_G_A_b38_G"
[10] "chr4_8557961_C_T_b38_C" "chr4_8585626_A_G_b38_A" "chr4_8603756_G_C_b38_G"
[13] "chr4_8632004_T_A_b38_T" "chr4_8632045_A_G_b38_A" "chr4_8635779_A_G_b38_A"
[16] "chr4_8655103_T_G_b38_T" "chr4_8655200_C_G_b38_C" "chr4_8656155_G_C_b38_G"
[19] "chr4_8659539_G_A_b38_G" "chr4_8661217_T_G_b38_T" "chr4_8674262_C_G_b38_C"
[22] "chr4_8677036_C_A_b38_C"
22 SNP(s) removed because HWE P < 1e-08 :
 [1] "chr1_162353041_G_C_b38_G" "chr1_162353047_A_C_b38_A"
 [3] "chr1_162477576_G_A_b38_G" "chr1_162481393_G_A_b38_G"
 [5] "chr1_162483630_C_T_b38_C" "chr1_162701799_T_C_b38_T"
 [7] "chr1_162704548_G_A_b38_G" "chr1_162705250_T_C_b38_T"
 [9] "chr1_162706401_C_T_b38_C" "chr1_162710700_T_C_b38_T"
[11] "chr1_162714569_T_C_b38_T" "chr1_162722878_C_G_b38_C"
[13] "chr1_162733892_A_G_b38_A" "chr1_162742199_A_T_b38_A"
[15] "chr1_162742900_G_A_b38_G" "chr1_162743999_G_A_b38_G"
[17] "chr1_162744207_T_C_b38_T" "chr1_162752426_G_A_b38_G"
[19] "chr1_162763446_G_A_b38_G" "chr1_162798738_C_G_b38_C"
[21] "chr1_162803606_G_A_b38_G" "chr1_162909861_T_C_b38_T"
3 SNP(s) removed because HWE P < 1e-08 :
[1] "chr2_27255363_A_G_b38_A" "chr2_27304453_G_A_b38_G"
[3] "chr2_27792677_C_T_b38_C"
6 SNP(s) removed because HWE P < 1e-08 :
[1] "chr13_29549344_C_T_b38_C" "chr13_29949626_G_C_b38_G"
[3] "chr13_30062346_T_C_b38_T" "chr13_30062379_G_C_b38_G"
[5] "chr13_30121793_C_T_b38_C" "chr13_30160356_C_T_b38_C"
45 SNP(s) removed because HWE P < 1e-08 :
 [1] "chr10_4929431_G_A_b38_G" "chr10_4929666_T_C_b38_T"
 [3] "chr10_4930175_T_A_b38_T" "chr10_4930180_A_G_b38_A"
 [5] "chr10_4930204_A_G_b38_A" "chr10_4930342_C_G_b38_C"
 [7] "chr10_4930365_G_A_b38_G" "chr10_4930371_T_C_b38_T"
 [9] "chr10_4930460_A_G_b38_A" "chr10_4940587_T_C_b38_T"
[11] "chr10_4953954_A_G_b38_A" "chr10_4953957_C_G_b38_C"
[13] "chr10_4957906_T_C_b38_T" "chr10_4957916_T_C_b38_T"
[15] "chr10_4957917_C_T_b38_C" "chr10_4957941_C_G_b38_C"
[17] "chr10_4958014_A_G_b38_A" "chr10_4958263_G_A_b38_G"
[19] "chr10_4958268_C_A_b38_C" "chr10_4958293_G_A_b38_G"
[21] "chr10_4958299_T_C_b38_T" "chr10_4958312_T_A_b38_T"
[23] "chr10_4959123_G_A_b38_G" "chr10_4959134_C_T_b38_C"
[25] "chr10_4959376_C_T_b38_C" "chr10_4959438_C_T_b38_C"
[27] "chr10_4959442_G_T_b38_G" "chr10_4959461_C_T_b38_C"
[29] "chr10_4959521_A_G_b38_A" "chr10_4959555_T_C_b38_T"
[31] "chr10_4972486_G_T_b38_G" "chr10_4972686_A_G_b38_A"
[33] "chr10_5003670_A_G_b38_A" "chr10_5008478_T_C_b38_T"
[35] "chr10_5008551_C_G_b38_C" "chr10_5008575_G_A_b38_G"
[37] "chr10_5008576_A_G_b38_A" "chr10_5008586_A_G_b38_A"
[39] "chr10_5008600_T_C_b38_T" "chr10_5008825_C_T_b38_C"
[41] "chr10_5169337_G_C_b38_G" "chr10_5169347_G_A_b38_G"
[43] "chr10_5562992_T_C_b38_T" "chr10_5722518_A_T_b38_A"
[45] "chr10_5752205_A_G_b38_A"
26 SNP(s) removed because HWE P < 1e-08 :
 [1] "chr7_150615828_T_A_b38_T" "chr7_150615924_C_A_b38_C"
 [3] "chr7_150682417_C_T_b38_C" "chr7_150682546_T_C_b38_T"
 [5] "chr7_151083045_A_C_b38_A" "chr7_151104151_A_G_b38_A"
 [7] "chr7_151119341_C_T_b38_C" "chr7_151119346_C_T_b38_C"
 [9] "chr7_151137452_C_T_b38_C" "chr7_151282628_T_A_b38_T"
[11] "chr7_151287125_A_T_b38_A" "chr7_151313326_T_G_b38_T"
[13] "chr7_151339336_T_C_b38_T" "chr7_151371363_A_C_b38_A"
[15] "chr7_151536194_A_G_b38_A" "chr7_151536928_C_T_b38_C"
[17] "chr7_151537009_G_A_b38_G" "chr7_151538896_G_A_b38_G"
[19] "chr7_151541182_G_A_b38_G" "chr7_151541199_C_T_b38_C"
[21] "chr7_151541394_C_T_b38_C" "chr7_151541893_C_T_b38_C"
[23] "chr7_151543400_T_C_b38_T" "chr7_151543894_T_G_b38_T"
[25] "chr7_151544136_G_C_b38_G" "chr7_151548142_T_C_b38_T"
9 SNP(s) removed because HWE P < 1e-08 :
[1] "chr19_9890369_G_A_b38_G"  "chr19_9921069_T_C_b38_T" 
[3] "chr19_9922226_T_C_b38_T"  "chr19_9924052_G_A_b38_G" 
[5] "chr19_9925788_A_G_b38_A"  "chr19_9925898_G_A_b38_G" 
[7] "chr19_9926042_T_C_b38_T"  "chr19_9938005_T_C_b38_T" 
[9] "chr19_10462408_G_C_b38_G"
32 SNP(s) removed because HWE P < 1e-08 :
 [1] "chr19_17504800_T_C_b38_T" "chr19_17504915_T_C_b38_T"
 [3] "chr19_17583443_G_T_b38_G" "chr19_17666011_C_T_b38_C"
 [5] "chr19_17666078_T_C_b38_T" "chr19_17847808_C_T_b38_C"
 [7] "chr19_17847968_T_C_b38_T" "chr19_17901200_G_T_b38_G"
 [9] "chr19_17908396_T_C_b38_T" "chr19_17924720_G_T_b38_G"
[11] "chr19_17928630_T_C_b38_T" "chr19_18036796_G_A_b38_G"
[13] "chr19_18037080_A_T_b38_A" "chr19_18037381_T_C_b38_T"
[15] "chr19_18037783_T_C_b38_T" "chr19_18039165_G_A_b38_G"
[17] "chr19_18039479_C_T_b38_C" "chr19_18039995_T_C_b38_T"
[19] "chr19_18040092_T_C_b38_T" "chr19_18040429_G_T_b38_G"
[21] "chr19_18040432_G_T_b38_G" "chr19_18042127_C_T_b38_C"
[23] "chr19_18042885_A_G_b38_A" "chr19_18043992_G_C_b38_G"
[25] "chr19_18044231_C_G_b38_C" "chr19_18044266_G_C_b38_G"
[27] "chr19_18251693_G_C_b38_G" "chr19_18260387_C_T_b38_C"
[29] "chr19_18262150_C_G_b38_C" "chr19_18265699_G_A_b38_G"
[31] "chr19_18265970_T_C_b38_T" "chr19_18267871_C_A_b38_C"
74 SNP(s) removed because HWE P < 1e-08 :
 [1] "chr21_31920396_G_A_b38_G" "chr21_31935565_G_C_b38_G"
 [3] "chr21_31935580_T_G_b38_T" "chr21_32134286_A_T_b38_A"
 [5] "chr21_32238948_G_A_b38_G" "chr21_32250914_C_T_b38_C"
 [7] "chr21_32311415_A_C_b38_A" "chr21_32410343_C_T_b38_C"
 [9] "chr21_32432979_G_A_b38_G" "chr21_32432987_A_C_b38_A"
[11] "chr21_32432995_G_A_b38_G" "chr21_32433065_T_A_b38_T"
[13] "chr21_32433084_C_T_b38_C" "chr21_32433553_G_A_b38_G"
[15] "chr21_32433554_C_G_b38_C" "chr21_32433562_T_C_b38_T"
[17] "chr21_32433629_A_G_b38_A" "chr21_32433656_G_A_b38_G"
[19] "chr21_32433663_A_T_b38_A" "chr21_32434706_A_G_b38_A"
[21] "chr21_32434713_T_C_b38_T" "chr21_32434721_A_C_b38_A"
[23] "chr21_32434746_A_C_b38_A" "chr21_32434842_G_A_b38_G"
[25] "chr21_32434867_C_T_b38_C" "chr21_32434878_G_A_b38_G"
[27] "chr21_32434919_T_G_b38_T" "chr21_32434927_C_T_b38_C"
[29] "chr21_32434967_T_G_b38_T" "chr21_32434971_T_C_b38_T"
[31] "chr21_32434992_T_C_b38_T" "chr21_32435003_T_G_b38_T"
[33] "chr21_32435004_T_C_b38_T" "chr21_32435117_A_G_b38_A"
[35] "chr21_32435125_T_C_b38_T" "chr21_32435126_G_C_b38_G"
[37] "chr21_32435133_C_A_b38_C" "chr21_32435360_C_T_b38_C"
[39] "chr21_32435400_A_G_b38_A" "chr21_32435408_T_C_b38_T"
[41] "chr21_32435414_A_G_b38_A" "chr21_32435436_C_T_b38_C"
[43] "chr21_32435462_C_T_b38_C" "chr21_32435661_G_C_b38_G"
[45] "chr21_32435666_T_G_b38_T" "chr21_32435667_A_G_b38_A"
[47] "chr21_32435716_C_T_b38_C" "chr21_32435721_G_A_b38_G"
[49] "chr21_32435728_T_C_b38_T" "chr21_32435763_C_T_b38_C"
[51] "chr21_32435766_A_C_b38_A" "chr21_32435898_C_T_b38_C"
[53] "chr21_32435949_T_A_b38_T" "chr21_32435990_T_A_b38_T"
[55] "chr21_32436019_G_A_b38_G" "chr21_32436447_T_A_b38_T"
[57] "chr21_32436465_A_C_b38_A" "chr21_32436477_T_A_b38_T"
[59] "chr21_32436484_T_C_b38_T" "chr21_32436539_G_A_b38_G"
[61] "chr21_32436627_G_A_b38_G" "chr21_32436628_G_A_b38_G"
[63] "chr21_32436637_A_G_b38_A" "chr21_32436702_C_T_b38_C"
[65] "chr21_32436736_G_A_b38_G" "chr21_32436746_A_G_b38_A"
[67] "chr21_32437187_G_C_b38_G" "chr21_32437224_A_G_b38_A"
[69] "chr21_32437249_C_A_b38_C" "chr21_32437250_G_A_b38_G"
[71] "chr21_32437258_C_G_b38_C" "chr21_32621877_A_T_b38_A"
[73] "chr21_32660622_A_G_b38_A" "chr21_32660624_C_T_b38_C"
26 SNP(s) removed because HWE P < 1e-08 :
 [1] "chr7_150615828_T_A_b38_T" "chr7_150615924_C_A_b38_C"
 [3] "chr7_150682417_C_T_b38_C" "chr7_150682546_T_C_b38_T"
 [5] "chr7_151083045_A_C_b38_A" "chr7_151104151_A_G_b38_A"
 [7] "chr7_151119341_C_T_b38_C" "chr7_151119346_C_T_b38_C"
 [9] "chr7_151137452_C_T_b38_C" "chr7_151282628_T_A_b38_T"
[11] "chr7_151287125_A_T_b38_A" "chr7_151313326_T_G_b38_T"
[13] "chr7_151339336_T_C_b38_T" "chr7_151371363_A_C_b38_A"
[15] "chr7_151536194_A_G_b38_A" "chr7_151536928_C_T_b38_C"
[17] "chr7_151537009_G_A_b38_G" "chr7_151538896_G_A_b38_G"
[19] "chr7_151541182_G_A_b38_G" "chr7_151541199_C_T_b38_C"
[21] "chr7_151541394_C_T_b38_C" "chr7_151541893_C_T_b38_C"
[23] "chr7_151543400_T_C_b38_T" "chr7_151543894_T_G_b38_T"
[25] "chr7_151544136_G_C_b38_G" "chr7_151548142_T_C_b38_T"
39 SNP(s) removed because HWE P < 1e-08 :
 [1] "chr22_49765666_G_C_b38_G" "chr22_49770965_G_C_b38_G"
 [3] "chr22_49837507_C_G_b38_C" "chr22_49846939_C_A_b38_C"
 [5] "chr22_49848251_T_C_b38_T" "chr22_49872508_G_A_b38_G"
 [7] "chr22_49880142_T_C_b38_T" "chr22_49880243_G_T_b38_G"
 [9] "chr22_49883047_G_C_b38_G" "chr22_49894697_A_G_b38_A"
[11] "chr22_49906790_T_C_b38_T" "chr22_49921580_T_C_b38_T"
[13] "chr22_49921715_C_A_b38_C" "chr22_49973759_T_C_b38_T"
[15] "chr22_50013858_A_C_b38_A" "chr22_50357867_G_A_b38_G"
[17] "chr22_50371703_G_C_b38_G" "chr22_50418711_G_A_b38_G"
[19] "chr22_50424402_A_C_b38_A" "chr22_50424421_C_A_b38_C"
[21] "chr22_50424423_C_T_b38_C" "chr22_50495487_G_A_b38_G"
[23] "chr22_50495498_T_C_b38_T" "chr22_50495499_G_A_b38_G"
[25] "chr22_50508159_C_G_b38_C" "chr22_50509182_A_G_b38_A"
[27] "chr22_50509488_T_C_b38_T" "chr22_50509962_A_G_b38_A"
[29] "chr22_50510817_C_T_b38_C" "chr22_50510967_T_C_b38_T"
[31] "chr22_50511806_T_C_b38_T" "chr22_50512014_T_C_b38_T"
[33] "chr22_50512298_G_A_b38_G" "chr22_50512549_T_G_b38_T"
[35] "chr22_50513313_G_C_b38_G" "chr22_50513793_G_A_b38_G"
[37] "chr22_50542614_C_T_b38_C" "chr22_50542624_A_T_b38_A"
[39] "chr22_50712000_C_T_b38_C"
74 SNP(s) removed because HWE P < 1e-08 :
 [1] "chr21_31920396_G_A_b38_G" "chr21_31935565_G_C_b38_G"
 [3] "chr21_31935580_T_G_b38_T" "chr21_32134286_A_T_b38_A"
 [5] "chr21_32238948_G_A_b38_G" "chr21_32250914_C_T_b38_C"
 [7] "chr21_32311415_A_C_b38_A" "chr21_32410343_C_T_b38_C"
 [9] "chr21_32432979_G_A_b38_G" "chr21_32432987_A_C_b38_A"
[11] "chr21_32432995_G_A_b38_G" "chr21_32433065_T_A_b38_T"
[13] "chr21_32433084_C_T_b38_C" "chr21_32433553_G_A_b38_G"
[15] "chr21_32433554_C_G_b38_C" "chr21_32433562_T_C_b38_T"
[17] "chr21_32433629_A_G_b38_A" "chr21_32433656_G_A_b38_G"
[19] "chr21_32433663_A_T_b38_A" "chr21_32434706_A_G_b38_A"
[21] "chr21_32434713_T_C_b38_T" "chr21_32434721_A_C_b38_A"
[23] "chr21_32434746_A_C_b38_A" "chr21_32434842_G_A_b38_G"
[25] "chr21_32434867_C_T_b38_C" "chr21_32434878_G_A_b38_G"
[27] "chr21_32434919_T_G_b38_T" "chr21_32434927_C_T_b38_C"
[29] "chr21_32434967_T_G_b38_T" "chr21_32434971_T_C_b38_T"
[31] "chr21_32434992_T_C_b38_T" "chr21_32435003_T_G_b38_T"
[33] "chr21_32435004_T_C_b38_T" "chr21_32435117_A_G_b38_A"
[35] "chr21_32435125_T_C_b38_T" "chr21_32435126_G_C_b38_G"
[37] "chr21_32435133_C_A_b38_C" "chr21_32435360_C_T_b38_C"
[39] "chr21_32435400_A_G_b38_A" "chr21_32435408_T_C_b38_T"
[41] "chr21_32435414_A_G_b38_A" "chr21_32435436_C_T_b38_C"
[43] "chr21_32435462_C_T_b38_C" "chr21_32435661_G_C_b38_G"
[45] "chr21_32435666_T_G_b38_T" "chr21_32435667_A_G_b38_A"
[47] "chr21_32435716_C_T_b38_C" "chr21_32435721_G_A_b38_G"
[49] "chr21_32435728_T_C_b38_T" "chr21_32435763_C_T_b38_C"
[51] "chr21_32435766_A_C_b38_A" "chr21_32435898_C_T_b38_C"
[53] "chr21_32435949_T_A_b38_T" "chr21_32435990_T_A_b38_T"
[55] "chr21_32436019_G_A_b38_G" "chr21_32436447_T_A_b38_T"
[57] "chr21_32436465_A_C_b38_A" "chr21_32436477_T_A_b38_T"
[59] "chr21_32436484_T_C_b38_T" "chr21_32436539_G_A_b38_G"
[61] "chr21_32436627_G_A_b38_G" "chr21_32436628_G_A_b38_G"
[63] "chr21_32436637_A_G_b38_A" "chr21_32436702_C_T_b38_C"
[65] "chr21_32436736_G_A_b38_G" "chr21_32436746_A_G_b38_A"
[67] "chr21_32437187_G_C_b38_G" "chr21_32437224_A_G_b38_A"
[69] "chr21_32437249_C_A_b38_C" "chr21_32437250_G_A_b38_G"
[71] "chr21_32437258_C_G_b38_C" "chr21_32621877_A_T_b38_A"
[73] "chr21_32660622_A_G_b38_A" "chr21_32660624_C_T_b38_C"
15 SNP(s) removed because HWE P < 1e-08 :
 [1] "chr6_79172992_T_C_b38_T" "chr6_79237515_C_G_b38_C"
 [3] "chr6_79363948_G_A_b38_G" "chr6_79363958_G_T_b38_G"
 [5] "chr6_79363959_T_C_b38_T" "chr6_79363963_G_C_b38_G"
 [7] "chr6_79947515_G_A_b38_G" "chr6_79949626_A_G_b38_A"
 [9] "chr6_79950218_A_G_b38_A" "chr6_79950617_C_A_b38_C"
[11] "chr6_79952009_G_A_b38_G" "chr6_79952127_C_T_b38_C"
[13] "chr6_80081419_G_C_b38_G" "chr6_80101521_C_A_b38_C"
[15] "chr6_80102647_A_G_b38_A"
56 SNP(s) removed because HWE P < 1e-08 :
 [1] "chr2_234571796_G_C_b38_G" "chr2_234679043_G_T_b38_G"
 [3] "chr2_234679188_T_C_b38_T" "chr2_234758936_C_T_b38_C"
 [5] "chr2_234758982_T_C_b38_T" "chr2_234760203_A_G_b38_A"
 [7] "chr2_234760375_C_T_b38_C" "chr2_234888396_A_G_b38_A"
 [9] "chr2_234888758_T_C_b38_T" "chr2_234894832_A_C_b38_A"
[11] "chr2_234894910_G_A_b38_G" "chr2_234894973_T_C_b38_T"
[13] "chr2_234895017_A_G_b38_A" "chr2_234895077_T_C_b38_T"
[15] "chr2_234895138_G_A_b38_G" "chr2_234895180_T_G_b38_T"
[17] "chr2_234895243_G_C_b38_G" "chr2_234895404_A_G_b38_A"
[19] "chr2_234895495_A_G_b38_A" "chr2_234895594_G_T_b38_G"
[21] "chr2_234895605_G_A_b38_G" "chr2_234895717_A_C_b38_A"
[23] "chr2_234895726_G_A_b38_G" "chr2_234895744_C_T_b38_C"
[25] "chr2_234895756_C_A_b38_C" "chr2_234895848_T_A_b38_T"
[27] "chr2_234895974_C_T_b38_C" "chr2_234895996_G_A_b38_G"
[29] "chr2_234896107_C_G_b38_C" "chr2_234896219_G_C_b38_G"
[31] "chr2_234896302_G_C_b38_G" "chr2_234896331_A_G_b38_A"
[33] "chr2_235001953_C_T_b38_C" "chr2_235013109_C_A_b38_C"
[35] "chr2_235013502_C_T_b38_C" "chr2_235014147_A_G_b38_A"
[37] "chr2_235014329_G_T_b38_G" "chr2_235016380_G_A_b38_G"
[39] "chr2_235017019_T_C_b38_T" "chr2_235018342_C_T_b38_C"
[41] "chr2_235031472_C_T_b38_C" "chr2_235062147_T_G_b38_T"
[43] "chr2_235255566_C_A_b38_C" "chr2_235294463_A_G_b38_A"
[45] "chr2_235316147_T_C_b38_T" "chr2_235374434_A_G_b38_A"
[47] "chr2_235375213_T_C_b38_T" "chr2_235375341_T_C_b38_T"
[49] "chr2_235376857_G_A_b38_G" "chr2_235378897_A_T_b38_A"
[51] "chr2_235380311_G_A_b38_G" "chr2_235383464_G_A_b38_G"
[53] "chr2_235385818_T_C_b38_T" "chr2_235399509_A_G_b38_A"
[55] "chr2_235401021_T_A_b38_T" "chr2_235450334_T_C_b38_T"
6 SNP(s) removed because HWE P < 1e-08 :
[1] "chr13_29549344_C_T_b38_C" "chr13_29949626_G_C_b38_G"
[3] "chr13_30062346_T_C_b38_T" "chr13_30062379_G_C_b38_G"
[5] "chr13_30121793_C_T_b38_C" "chr13_30160356_C_T_b38_C"
46 SNP(s) removed because HWE P < 1e-08 :
 [1] "chr11_124224922_G_A_b38_G" "chr11_124224923_T_C_b38_T"
 [3] "chr11_124224924_G_A_b38_G" "chr11_124224931_C_T_b38_C"
 [5] "chr11_124224957_A_G_b38_A" "chr11_124224960_A_T_b38_A"
 [7] "chr11_124225018_A_T_b38_A" "chr11_124383204_G_A_b38_G"
 [9] "chr11_124383251_A_G_b38_A" "chr11_124383265_G_A_b38_G"
[11] "chr11_124383274_G_A_b38_G" "chr11_124383437_G_A_b38_G"
[13] "chr11_124387003_G_C_b38_G" "chr11_124387009_T_G_b38_T"
[15] "chr11_124387019_T_C_b38_T" "chr11_124387035_T_A_b38_T"
[17] "chr11_124387059_T_C_b38_T" "chr11_124387218_C_T_b38_C"
[19] "chr11_124387346_T_C_b38_T" "chr11_124387593_G_T_b38_G"
[21] "chr11_124387635_C_A_b38_C" "chr11_124589184_A_T_b38_A"
[23] "chr11_124590753_T_A_b38_T" "chr11_124596134_C_T_b38_C"
[25] "chr11_124596186_A_G_b38_A" "chr11_124596776_T_A_b38_T"
[27] "chr11_124596855_A_G_b38_A" "chr11_124605124_T_G_b38_T"
[29] "chr11_124637071_C_T_b38_C" "chr11_124643379_C_T_b38_C"
[31] "chr11_124643479_A_T_b38_A" "chr11_124646114_G_C_b38_G"
[33] "chr11_124647225_A_G_b38_A" "chr11_124652272_T_C_b38_T"
[35] "chr11_124652824_T_C_b38_T" "chr11_124654731_A_G_b38_A"
[37] "chr11_124657979_T_C_b38_T" "chr11_124662544_G_A_b38_G"
[39] "chr11_124662604_T_A_b38_T" "chr11_124663271_A_G_b38_A"
[41] "chr11_124663359_A_G_b38_A" "chr11_124663902_A_C_b38_A"
[43] "chr11_124664916_G_A_b38_G" "chr11_124666898_C_T_b38_C"
[45] "chr11_124673907_T_G_b38_T" "chr11_124696295_C_A_b38_C"
42 SNP(s) removed because HWE P < 1e-08 :
 [1] "chr2_219224963_G_C_b38_G" "chr2_219264199_C_G_b38_C"
 [3] "chr2_219265931_A_G_b38_A" "chr2_219269288_T_C_b38_T"
 [5] "chr2_219271629_G_A_b38_G" "chr2_219272114_G_T_b38_G"
 [7] "chr2_219276074_G_A_b38_G" "chr2_219277241_A_T_b38_A"
 [9] "chr2_219348842_A_G_b38_A" "chr2_219348862_C_T_b38_C"
[11] "chr2_219380926_A_G_b38_A" "chr2_219382919_T_G_b38_T"
[13] "chr2_219386104_G_A_b38_G" "chr2_219389230_A_G_b38_A"
[15] "chr2_219416726_A_G_b38_A" "chr2_219417791_T_C_b38_T"
[17] "chr2_219432454_G_A_b38_G" "chr2_219434550_G_T_b38_G"
[19] "chr2_219590519_A_G_b38_A" "chr2_219591423_G_A_b38_G"
[21] "chr2_219593483_T_A_b38_T" "chr2_219594512_C_A_b38_C"
[23] "chr2_219594529_G_C_b38_G" "chr2_219597918_G_T_b38_G"
[25] "chr2_219601477_G_T_b38_G" "chr2_219606394_C_G_b38_C"
[27] "chr2_219607874_G_T_b38_G" "chr2_219608931_C_T_b38_C"
[29] "chr2_219610491_C_T_b38_C" "chr2_219610538_G_A_b38_G"
[31] "chr2_219610862_T_C_b38_T" "chr2_219610916_T_C_b38_T"
[33] "chr2_219611721_C_T_b38_C" "chr2_219611923_T_C_b38_T"
[35] "chr2_219612286_C_T_b38_C" "chr2_219620730_A_G_b38_A"
[37] "chr2_219623994_G_A_b38_G" "chr2_219644532_T_C_b38_T"
[39] "chr2_219645957_G_A_b38_G" "chr2_219835391_T_C_b38_T"
[41] "chr2_219844229_C_T_b38_C" "chr2_220051617_A_G_b38_A"
51 SNP(s) removed because HWE P < 1e-08 :
 [1] "chr19_50749708_G_C_b38_G" "chr19_50842031_A_G_b38_A"
 [3] "chr19_50896788_T_C_b38_T" "chr19_50897100_A_G_b38_A"
 [5] "chr19_50897145_C_T_b38_C" "chr19_50948431_C_T_b38_C"
 [7] "chr19_50957933_A_G_b38_A" "chr19_51083323_T_G_b38_T"
 [9] "chr19_51107599_A_G_b38_A" "chr19_51107741_T_G_b38_T"
[11] "chr19_51108006_G_A_b38_G" "chr19_51116302_T_C_b38_T"
[13] "chr19_51120922_T_G_b38_T" "chr19_51121015_T_G_b38_T"
[15] "chr19_51121279_T_C_b38_T" "chr19_51121832_A_C_b38_A"
[17] "chr19_51121942_T_C_b38_T" "chr19_51122379_A_G_b38_A"
[19] "chr19_51122568_A_G_b38_A" "chr19_51122642_G_C_b38_G"
[21] "chr19_51123685_A_G_b38_A" "chr19_51136723_A_G_b38_A"
[23] "chr19_51172375_T_C_b38_T" "chr19_51173311_A_G_b38_A"
[25] "chr19_51173876_T_C_b38_T" "chr19_51184134_C_T_b38_C"
[27] "chr19_51201503_A_G_b38_A" "chr19_51208344_T_C_b38_T"
[29] "chr19_51208365_C_T_b38_C" "chr19_51212754_T_C_b38_T"
[31] "chr19_51235665_T_C_b38_T" "chr19_51251278_A_C_b38_A"
[33] "chr19_51280161_A_G_b38_A" "chr19_51280387_C_T_b38_C"
[35] "chr19_51281207_G_A_b38_G" "chr19_51282770_C_G_b38_C"
[37] "chr19_51283428_T_C_b38_T" "chr19_51284112_C_T_b38_C"
[39] "chr19_51284184_A_C_b38_A" "chr19_51285176_C_A_b38_C"
[41] "chr19_51285861_G_A_b38_G" "chr19_51287738_T_C_b38_T"
[43] "chr19_51290510_A_C_b38_A" "chr19_51291857_T_G_b38_T"
[45] "chr19_51293045_T_C_b38_T" "chr19_51298175_C_T_b38_C"
[47] "chr19_51358092_C_G_b38_C" "chr19_51447917_C_T_b38_C"
[49] "chr19_51447928_A_G_b38_A" "chr19_51448049_T_G_b38_T"
[51] "chr19_51457686_A_G_b38_A"
42 SNP(s) removed because HWE P < 1e-08 :
 [1] "chr2_219224963_G_C_b38_G" "chr2_219264199_C_G_b38_C"
 [3] "chr2_219265931_A_G_b38_A" "chr2_219269288_T_C_b38_T"
 [5] "chr2_219271629_G_A_b38_G" "chr2_219272114_G_T_b38_G"
 [7] "chr2_219276074_G_A_b38_G" "chr2_219277241_A_T_b38_A"
 [9] "chr2_219348842_A_G_b38_A" "chr2_219348862_C_T_b38_C"
[11] "chr2_219380926_A_G_b38_A" "chr2_219382919_T_G_b38_T"
[13] "chr2_219386104_G_A_b38_G" "chr2_219389230_A_G_b38_A"
[15] "chr2_219416726_A_G_b38_A" "chr2_219417791_T_C_b38_T"
[17] "chr2_219432454_G_A_b38_G" "chr2_219434550_G_T_b38_G"
[19] "chr2_219590519_A_G_b38_A" "chr2_219591423_G_A_b38_G"
[21] "chr2_219593483_T_A_b38_T" "chr2_219594512_C_A_b38_C"
[23] "chr2_219594529_G_C_b38_G" "chr2_219597918_G_T_b38_G"
[25] "chr2_219601477_G_T_b38_G" "chr2_219606394_C_G_b38_C"
[27] "chr2_219607874_G_T_b38_G" "chr2_219608931_C_T_b38_C"
[29] "chr2_219610491_C_T_b38_C" "chr2_219610538_G_A_b38_G"
[31] "chr2_219610862_T_C_b38_T" "chr2_219610916_T_C_b38_T"
[33] "chr2_219611721_C_T_b38_C" "chr2_219611923_T_C_b38_T"
[35] "chr2_219612286_C_T_b38_C" "chr2_219620730_A_G_b38_A"
[37] "chr2_219623994_G_A_b38_G" "chr2_219644532_T_C_b38_T"
[39] "chr2_219645957_G_A_b38_G" "chr2_219835391_T_C_b38_T"
[41] "chr2_219844229_C_T_b38_C" "chr2_220051617_A_G_b38_A"
32 SNP(s) removed because HWE P < 1e-08 :
 [1] "chr19_17504800_T_C_b38_T" "chr19_17504915_T_C_b38_T"
 [3] "chr19_17583443_G_T_b38_G" "chr19_17666011_C_T_b38_C"
 [5] "chr19_17666078_T_C_b38_T" "chr19_17847808_C_T_b38_C"
 [7] "chr19_17847968_T_C_b38_T" "chr19_17901200_G_T_b38_G"
 [9] "chr19_17908396_T_C_b38_T" "chr19_17924720_G_T_b38_G"
[11] "chr19_17928630_T_C_b38_T" "chr19_18036796_G_A_b38_G"
[13] "chr19_18037080_A_T_b38_A" "chr19_18037381_T_C_b38_T"
[15] "chr19_18037783_T_C_b38_T" "chr19_18039165_G_A_b38_G"
[17] "chr19_18039479_C_T_b38_C" "chr19_18039995_T_C_b38_T"
[19] "chr19_18040092_T_C_b38_T" "chr19_18040429_G_T_b38_G"
[21] "chr19_18040432_G_T_b38_G" "chr19_18042127_C_T_b38_C"
[23] "chr19_18042885_A_G_b38_A" "chr19_18043992_G_C_b38_G"
[25] "chr19_18044231_C_G_b38_C" "chr19_18044266_G_C_b38_G"
[27] "chr19_18251693_G_C_b38_G" "chr19_18260387_C_T_b38_C"
[29] "chr19_18262150_C_G_b38_C" "chr19_18265699_G_A_b38_G"
[31] "chr19_18265970_T_C_b38_T" "chr19_18267871_C_A_b38_C"
16 SNP(s) removed because HWE P < 1e-08 :
 [1] "chr16_48088671_G_A_b38_G" "chr16_48110778_T_C_b38_T"
 [3] "chr16_48229589_T_C_b38_T" "chr16_48247044_T_G_b38_T"
 [5] "chr16_48247245_C_T_b38_C" "chr16_48247257_T_C_b38_T"
 [7] "chr16_48247262_A_T_b38_A" "chr16_48247268_T_C_b38_T"
 [9] "chr16_48247341_C_T_b38_C" "chr16_48247342_C_G_b38_C"
[11] "chr16_48247346_A_T_b38_A" "chr16_48247363_T_G_b38_T"
[13] "chr16_48932524_C_T_b38_C" "chr16_48946440_G_A_b38_G"
[15] "chr16_48946698_G_A_b38_G" "chr16_48947436_G_A_b38_G"
18 SNP(s) removed because HWE P < 1e-08 :
 [1] "chr17_34882304_A_T_b38_A" "chr17_34998998_C_G_b38_C"
 [3] "chr17_34999761_G_A_b38_G" "chr17_35052648_C_T_b38_C"
 [5] "chr17_35094404_C_T_b38_C" "chr17_35095012_G_A_b38_G"
 [7] "chr17_35115944_A_G_b38_A" "chr17_35142783_C_T_b38_C"
 [9] "chr17_35150755_A_C_b38_A" "chr17_35192008_G_A_b38_G"
[11] "chr17_35212509_C_T_b38_C" "chr17_35213640_C_T_b38_C"
[13] "chr17_35221909_G_A_b38_G" "chr17_35225366_G_A_b38_G"
[15] "chr17_35228375_T_C_b38_T" "chr17_35229491_G_T_b38_G"
[17] "chr17_35379518_A_C_b38_A" "chr17_35442015_G_A_b38_G"
22 SNP(s) removed because HWE P < 1e-08 :
 [1] "chr4_8044692_G_T_b38_G" "chr4_8044693_A_C_b38_A" "chr4_8059763_G_A_b38_G"
 [4] "chr4_8100031_G_T_b38_G" "chr4_8100581_C_T_b38_C" "chr4_8306668_C_G_b38_C"
 [7] "chr4_8557849_T_C_b38_T" "chr4_8557938_A_C_b38_A" "chr4_8557958_G_A_b38_G"
[10] "chr4_8557961_C_T_b38_C" "chr4_8585626_A_G_b38_A" "chr4_8603756_G_C_b38_G"
[13] "chr4_8632004_T_A_b38_T" "chr4_8632045_A_G_b38_A" "chr4_8635779_A_G_b38_A"
[16] "chr4_8655103_T_G_b38_T" "chr4_8655200_C_G_b38_C" "chr4_8656155_G_C_b38_G"
[19] "chr4_8659539_G_A_b38_G" "chr4_8661217_T_G_b38_T" "chr4_8674262_C_G_b38_C"
[22] "chr4_8677036_C_A_b38_C"
14 SNP(s) removed because HWE P < 1e-08 :
 [1] "chr1_25931035_A_G_b38_A" "chr1_26375410_G_C_b38_G"
 [3] "chr1_26391889_C_T_b38_C" "chr1_26584468_C_T_b38_C"
 [5] "chr1_26586766_C_T_b38_C" "chr1_26587166_A_G_b38_A"
 [7] "chr1_26592414_T_C_b38_T" "chr1_26598045_T_C_b38_T"
 [9] "chr1_26602033_C_T_b38_C" "chr1_26602511_T_G_b38_T"
[11] "chr1_26603625_C_G_b38_C" "chr1_26609222_A_G_b38_A"
[13] "chr1_26616846_C_G_b38_C" "chr1_26619221_T_C_b38_T"
32 SNP(s) removed because HWE P < 1e-08 :
 [1] "chr19_17504800_T_C_b38_T" "chr19_17504915_T_C_b38_T"
 [3] "chr19_17583443_G_T_b38_G" "chr19_17666011_C_T_b38_C"
 [5] "chr19_17666078_T_C_b38_T" "chr19_17847808_C_T_b38_C"
 [7] "chr19_17847968_T_C_b38_T" "chr19_17901200_G_T_b38_G"
 [9] "chr19_17908396_T_C_b38_T" "chr19_17924720_G_T_b38_G"
[11] "chr19_17928630_T_C_b38_T" "chr19_18036796_G_A_b38_G"
[13] "chr19_18037080_A_T_b38_A" "chr19_18037381_T_C_b38_T"
[15] "chr19_18037783_T_C_b38_T" "chr19_18039165_G_A_b38_G"
[17] "chr19_18039479_C_T_b38_C" "chr19_18039995_T_C_b38_T"
[19] "chr19_18040092_T_C_b38_T" "chr19_18040429_G_T_b38_G"
[21] "chr19_18040432_G_T_b38_G" "chr19_18042127_C_T_b38_C"
[23] "chr19_18042885_A_G_b38_A" "chr19_18043992_G_C_b38_G"
[25] "chr19_18044231_C_G_b38_C" "chr19_18044266_G_C_b38_G"
[27] "chr19_18251693_G_C_b38_G" "chr19_18260387_C_T_b38_C"
[29] "chr19_18262150_C_G_b38_C" "chr19_18265699_G_A_b38_G"
[31] "chr19_18265970_T_C_b38_T" "chr19_18267871_C_A_b38_C"
82 SNP(s) removed because HWE P < 1e-08 :
 [1] "chr1_206024034_A_G_b38_A" "chr1_206024159_A_G_b38_A"
 [3] "chr1_206032030_C_T_b38_C" "chr1_206034513_G_A_b38_G"
 [5] "chr1_206034918_T_G_b38_T" "chr1_206035111_A_G_b38_A"
 [7] "chr1_206035285_C_T_b38_C" "chr1_206035438_T_C_b38_T"
 [9] "chr1_206035798_T_C_b38_T" "chr1_206035924_A_C_b38_A"
[11] "chr1_206036118_T_C_b38_T" "chr1_206036175_A_G_b38_A"
[13] "chr1_206036180_G_A_b38_G" "chr1_206036228_A_G_b38_A"
[15] "chr1_206036390_A_G_b38_A" "chr1_206036434_G_A_b38_G"
[17] "chr1_206036584_A_G_b38_A" "chr1_206036977_G_A_b38_G"
[19] "chr1_206037127_C_T_b38_C" "chr1_206037570_G_A_b38_G"
[21] "chr1_206038043_G_A_b38_G" "chr1_206038933_T_C_b38_T"
[23] "chr1_206039862_A_T_b38_A" "chr1_206040350_T_C_b38_T"
[25] "chr1_206040418_T_C_b38_T" "chr1_206040490_A_G_b38_A"
[27] "chr1_206040495_T_A_b38_T" "chr1_206040535_G_C_b38_G"
[29] "chr1_206042429_T_C_b38_T" "chr1_206045445_A_G_b38_A"
[31] "chr1_206054611_C_A_b38_C" "chr1_206055734_G_A_b38_G"
[33] "chr1_206056136_G_A_b38_G" "chr1_206057324_C_G_b38_C"
[35] "chr1_206057595_G_A_b38_G" "chr1_206057820_T_G_b38_T"
[37] "chr1_206057844_G_C_b38_G" "chr1_206057888_T_A_b38_T"
[39] "chr1_206057952_A_C_b38_A" "chr1_206105742_G_A_b38_G"
[41] "chr1_206117948_A_G_b38_A" "chr1_206142517_A_C_b38_A"
[43] "chr1_206164324_C_T_b38_C" "chr1_206167515_C_T_b38_C"
[45] "chr1_206169102_C_T_b38_C" "chr1_206169403_G_T_b38_G"
[47] "chr1_206169563_A_C_b38_A" "chr1_206174259_C_G_b38_C"
[49] "chr1_206174398_G_A_b38_G" "chr1_206184726_G_C_b38_G"
[51] "chr1_206245137_T_C_b38_T" "chr1_206248971_A_T_b38_A"
[53] "chr1_206307513_G_A_b38_G" "chr1_206310850_T_C_b38_T"
[55] "chr1_206310887_G_A_b38_G" "chr1_206347625_T_C_b38_T"
[57] "chr1_206347904_T_C_b38_T" "chr1_206358453_A_C_b38_A"
[59] "chr1_206387293_A_C_b38_A" "chr1_206531883_T_A_b38_T"
[61] "chr1_206912849_T_G_b38_T" "chr1_206917728_T_C_b38_T"
[63] "chr1_206924232_G_A_b38_G" "chr1_206924631_G_A_b38_G"
[65] "chr1_206924638_T_A_b38_T" "chr1_206931468_T_C_b38_T"
[67] "chr1_206933099_A_G_b38_A" "chr1_206933133_G_A_b38_G"
[69] "chr1_206933734_G_A_b38_G" "chr1_206934351_C_T_b38_C"
[71] "chr1_206934354_G_A_b38_G" "chr1_206934883_A_G_b38_A"
[73] "chr1_206936080_A_G_b38_A" "chr1_206937543_G_A_b38_G"
[75] "chr1_206938053_T_A_b38_T" "chr1_206939885_T_G_b38_T"
[77] "chr1_206940692_A_G_b38_A" "chr1_206972719_C_G_b38_C"
[79] "chr1_206978044_A_G_b38_A" "chr1_206979411_A_G_b38_A"
[81] "chr1_206980882_T_G_b38_T" "chr1_207004918_T_G_b38_T"
56 SNP(s) removed because HWE P < 1e-08 :
 [1] "chr2_234571796_G_C_b38_G" "chr2_234679043_G_T_b38_G"
 [3] "chr2_234679188_T_C_b38_T" "chr2_234758936_C_T_b38_C"
 [5] "chr2_234758982_T_C_b38_T" "chr2_234760203_A_G_b38_A"
 [7] "chr2_234760375_C_T_b38_C" "chr2_234888396_A_G_b38_A"
 [9] "chr2_234888758_T_C_b38_T" "chr2_234894832_A_C_b38_A"
[11] "chr2_234894910_G_A_b38_G" "chr2_234894973_T_C_b38_T"
[13] "chr2_234895017_A_G_b38_A" "chr2_234895077_T_C_b38_T"
[15] "chr2_234895138_G_A_b38_G" "chr2_234895180_T_G_b38_T"
[17] "chr2_234895243_G_C_b38_G" "chr2_234895404_A_G_b38_A"
[19] "chr2_234895495_A_G_b38_A" "chr2_234895594_G_T_b38_G"
[21] "chr2_234895605_G_A_b38_G" "chr2_234895717_A_C_b38_A"
[23] "chr2_234895726_G_A_b38_G" "chr2_234895744_C_T_b38_C"
[25] "chr2_234895756_C_A_b38_C" "chr2_234895848_T_A_b38_T"
[27] "chr2_234895974_C_T_b38_C" "chr2_234895996_G_A_b38_G"
[29] "chr2_234896107_C_G_b38_C" "chr2_234896219_G_C_b38_G"
[31] "chr2_234896302_G_C_b38_G" "chr2_234896331_A_G_b38_A"
[33] "chr2_235001953_C_T_b38_C" "chr2_235013109_C_A_b38_C"
[35] "chr2_235013502_C_T_b38_C" "chr2_235014147_A_G_b38_A"
[37] "chr2_235014329_G_T_b38_G" "chr2_235016380_G_A_b38_G"
[39] "chr2_235017019_T_C_b38_T" "chr2_235018342_C_T_b38_C"
[41] "chr2_235031472_C_T_b38_C" "chr2_235062147_T_G_b38_T"
[43] "chr2_235255566_C_A_b38_C" "chr2_235294463_A_G_b38_A"
[45] "chr2_235316147_T_C_b38_T" "chr2_235374434_A_G_b38_A"
[47] "chr2_235375213_T_C_b38_T" "chr2_235375341_T_C_b38_T"
[49] "chr2_235376857_G_A_b38_G" "chr2_235378897_A_T_b38_A"
[51] "chr2_235380311_G_A_b38_G" "chr2_235383464_G_A_b38_G"
[53] "chr2_235385818_T_C_b38_T" "chr2_235399509_A_G_b38_A"
[55] "chr2_235401021_T_A_b38_T" "chr2_235450334_T_C_b38_T"
5 SNP(s) removed because HWE P < 1e-08 :
[1] "chr2_98660131_A_C_b38_A" "chr2_98660135_A_G_b38_A"
[3] "chr2_98810969_A_T_b38_A" "chr2_99082099_C_T_b38_C"
[5] "chr2_99082121_A_C_b38_A"
32 SNP(s) removed because HWE P < 1e-08 :
 [1] "chr19_17504800_T_C_b38_T" "chr19_17504915_T_C_b38_T"
 [3] "chr19_17583443_G_T_b38_G" "chr19_17666011_C_T_b38_C"
 [5] "chr19_17666078_T_C_b38_T" "chr19_17847808_C_T_b38_C"
 [7] "chr19_17847968_T_C_b38_T" "chr19_17901200_G_T_b38_G"
 [9] "chr19_17908396_T_C_b38_T" "chr19_17924720_G_T_b38_G"
[11] "chr19_17928630_T_C_b38_T" "chr19_18036796_G_A_b38_G"
[13] "chr19_18037080_A_T_b38_A" "chr19_18037381_T_C_b38_T"
[15] "chr19_18037783_T_C_b38_T" "chr19_18039165_G_A_b38_G"
[17] "chr19_18039479_C_T_b38_C" "chr19_18039995_T_C_b38_T"
[19] "chr19_18040092_T_C_b38_T" "chr19_18040429_G_T_b38_G"
[21] "chr19_18040432_G_T_b38_G" "chr19_18042127_C_T_b38_C"
[23] "chr19_18042885_A_G_b38_A" "chr19_18043992_G_C_b38_G"
[25] "chr19_18044231_C_G_b38_C" "chr19_18044266_G_C_b38_G"
[27] "chr19_18251693_G_C_b38_G" "chr19_18260387_C_T_b38_C"
[29] "chr19_18262150_C_G_b38_C" "chr19_18265699_G_A_b38_G"
[31] "chr19_18265970_T_C_b38_T" "chr19_18267871_C_A_b38_C"
5 SNP(s) removed because HWE P < 1e-08 :
[1] "chr2_98660131_A_C_b38_A" "chr2_98660135_A_G_b38_A"
[3] "chr2_98810969_A_T_b38_A" "chr2_99082099_C_T_b38_C"
[5] "chr2_99082121_A_C_b38_A"
51 SNP(s) removed because HWE P < 1e-08 :
 [1] "chr19_50749708_G_C_b38_G" "chr19_50842031_A_G_b38_A"
 [3] "chr19_50896788_T_C_b38_T" "chr19_50897100_A_G_b38_A"
 [5] "chr19_50897145_C_T_b38_C" "chr19_50948431_C_T_b38_C"
 [7] "chr19_50957933_A_G_b38_A" "chr19_51083323_T_G_b38_T"
 [9] "chr19_51107599_A_G_b38_A" "chr19_51107741_T_G_b38_T"
[11] "chr19_51108006_G_A_b38_G" "chr19_51116302_T_C_b38_T"
[13] "chr19_51120922_T_G_b38_T" "chr19_51121015_T_G_b38_T"
[15] "chr19_51121279_T_C_b38_T" "chr19_51121832_A_C_b38_A"
[17] "chr19_51121942_T_C_b38_T" "chr19_51122379_A_G_b38_A"
[19] "chr19_51122568_A_G_b38_A" "chr19_51122642_G_C_b38_G"
[21] "chr19_51123685_A_G_b38_A" "chr19_51136723_A_G_b38_A"
[23] "chr19_51172375_T_C_b38_T" "chr19_51173311_A_G_b38_A"
[25] "chr19_51173876_T_C_b38_T" "chr19_51184134_C_T_b38_C"
[27] "chr19_51201503_A_G_b38_A" "chr19_51208344_T_C_b38_T"
[29] "chr19_51208365_C_T_b38_C" "chr19_51212754_T_C_b38_T"
[31] "chr19_51235665_T_C_b38_T" "chr19_51251278_A_C_b38_A"
[33] "chr19_51280161_A_G_b38_A" "chr19_51280387_C_T_b38_C"
[35] "chr19_51281207_G_A_b38_G" "chr19_51282770_C_G_b38_C"
[37] "chr19_51283428_T_C_b38_T" "chr19_51284112_C_T_b38_C"
[39] "chr19_51284184_A_C_b38_A" "chr19_51285176_C_A_b38_C"
[41] "chr19_51285861_G_A_b38_G" "chr19_51287738_T_C_b38_T"
[43] "chr19_51290510_A_C_b38_A" "chr19_51291857_T_G_b38_T"
[45] "chr19_51293045_T_C_b38_T" "chr19_51298175_C_T_b38_C"
[47] "chr19_51358092_C_G_b38_C" "chr19_51447917_C_T_b38_C"
[49] "chr19_51447928_A_G_b38_A" "chr19_51448049_T_G_b38_T"
[51] "chr19_51457686_A_G_b38_A"
57 SNP(s) removed because HWE P < 1e-08 :
 [1] "chr3_150295641_T_A_b38_T" "chr3_150748788_G_A_b38_G"
 [3] "chr3_150749153_G_C_b38_G" "chr3_150750021_G_T_b38_G"
 [5] "chr3_150751948_G_A_b38_G" "chr3_150752071_G_T_b38_G"
 [7] "chr3_150752209_A_G_b38_A" "chr3_150753682_C_T_b38_C"
 [9] "chr3_150754475_G_C_b38_G" "chr3_150756690_T_C_b38_T"
[11] "chr3_150765473_G_A_b38_G" "chr3_150769903_T_C_b38_T"
[13] "chr3_150770082_A_G_b38_A" "chr3_150770115_G_A_b38_G"
[15] "chr3_150770158_G_T_b38_G" "chr3_150770415_T_A_b38_T"
[17] "chr3_150774937_A_G_b38_A" "chr3_150777164_A_G_b38_A"
[19] "chr3_150779749_A_G_b38_A" "chr3_150779783_G_C_b38_G"
[21] "chr3_150781808_A_G_b38_A" "chr3_150783602_C_G_b38_C"
[23] "chr3_150786872_C_G_b38_C" "chr3_150788564_A_C_b38_A"
[25] "chr3_150791817_A_T_b38_A" "chr3_150792053_C_A_b38_C"
[27] "chr3_150792440_G_A_b38_G" "chr3_150793500_T_G_b38_T"
[29] "chr3_150795397_T_C_b38_T" "chr3_150796077_C_T_b38_C"
[31] "chr3_150796078_A_G_b38_A" "chr3_150796384_A_C_b38_A"
[33] "chr3_150796919_G_A_b38_G" "chr3_150796931_T_C_b38_T"
[35] "chr3_150796956_T_C_b38_T" "chr3_150797566_T_C_b38_T"
[37] "chr3_150799124_A_G_b38_A" "chr3_150800152_T_G_b38_T"
[39] "chr3_150800921_A_G_b38_A" "chr3_150801256_A_G_b38_A"
[41] "chr3_150806296_C_T_b38_C" "chr3_150806849_G_T_b38_G"
[43] "chr3_150807349_G_A_b38_G" "chr3_150809470_A_G_b38_A"
[45] "chr3_150811834_C_T_b38_C" "chr3_150812278_G_A_b38_G"
[47] "chr3_150888888_A_G_b38_A" "chr3_150895143_T_C_b38_T"
[49] "chr3_150925205_G_C_b38_G" "chr3_151015649_T_C_b38_T"
[51] "chr3_151017759_G_C_b38_G" "chr3_151022811_A_G_b38_A"
[53] "chr3_151022978_C_G_b38_C" "chr3_151028418_C_T_b38_C"
[55] "chr3_151056995_C_A_b38_C" "chr3_151185937_A_C_b38_A"
[57] "chr3_151197795_G_A_b38_G"
49 SNP(s) removed because HWE P < 1e-08 :
 [1] "chr19_51083323_T_G_b38_T" "chr19_51107599_A_G_b38_A"
 [3] "chr19_51107741_T_G_b38_T" "chr19_51108006_G_A_b38_G"
 [5] "chr19_51116302_T_C_b38_T" "chr19_51120922_T_G_b38_T"
 [7] "chr19_51121015_T_G_b38_T" "chr19_51121279_T_C_b38_T"
 [9] "chr19_51121832_A_C_b38_A" "chr19_51121942_T_C_b38_T"
[11] "chr19_51122379_A_G_b38_A" "chr19_51122568_A_G_b38_A"
[13] "chr19_51122642_G_C_b38_G" "chr19_51123685_A_G_b38_A"
[15] "chr19_51136723_A_G_b38_A" "chr19_51172375_T_C_b38_T"
[17] "chr19_51173311_A_G_b38_A" "chr19_51173876_T_C_b38_T"
[19] "chr19_51184134_C_T_b38_C" "chr19_51201503_A_G_b38_A"
[21] "chr19_51208344_T_C_b38_T" "chr19_51208365_C_T_b38_C"
[23] "chr19_51212754_T_C_b38_T" "chr19_51235665_T_C_b38_T"
[25] "chr19_51251278_A_C_b38_A" "chr19_51280161_A_G_b38_A"
[27] "chr19_51280387_C_T_b38_C" "chr19_51281207_G_A_b38_G"
[29] "chr19_51282770_C_G_b38_C" "chr19_51283428_T_C_b38_T"
[31] "chr19_51284112_C_T_b38_C" "chr19_51284184_A_C_b38_A"
[33] "chr19_51285176_C_A_b38_C" "chr19_51285861_G_A_b38_G"
[35] "chr19_51287738_T_C_b38_T" "chr19_51290510_A_C_b38_A"
[37] "chr19_51291857_T_G_b38_T" "chr19_51293045_T_C_b38_T"
[39] "chr19_51298175_C_T_b38_C" "chr19_51358092_C_G_b38_C"
[41] "chr19_51447917_C_T_b38_C" "chr19_51447928_A_G_b38_A"
[43] "chr19_51448049_T_G_b38_T" "chr19_51457686_A_G_b38_A"
[45] "chr19_51780129_T_C_b38_T" "chr19_51780359_A_G_b38_A"
[47] "chr19_51848424_G_A_b38_G" "chr19_51875933_G_A_b38_G"
[49] "chr19_51876393_G_A_b38_G"
38 SNP(s) removed because HWE P < 1e-08 :
 [1] "chr20_58544164_G_A_b38_G" "chr20_58545217_A_G_b38_A"
 [3] "chr20_58545891_A_G_b38_A" "chr20_58546908_A_C_b38_A"
 [5] "chr20_58652392_G_C_b38_G" "chr20_59137269_T_C_b38_T"
 [7] "chr20_59139218_C_T_b38_C" "chr20_59144236_G_A_b38_G"
 [9] "chr20_59212050_C_T_b38_C" "chr20_59257044_G_A_b38_G"
[11] "chr20_59257120_A_C_b38_A" "chr20_59302829_T_C_b38_T"
[13] "chr20_59308760_C_T_b38_C" "chr20_59309446_T_C_b38_T"
[15] "chr20_59309911_G_A_b38_G" "chr20_59310803_A_G_b38_A"
[17] "chr20_59314488_G_C_b38_G" "chr20_59314884_A_G_b38_A"
[19] "chr20_59316650_T_C_b38_T" "chr20_59316773_T_A_b38_T"
[21] "chr20_59317474_C_T_b38_C" "chr20_59320358_T_C_b38_T"
[23] "chr20_59324068_G_A_b38_G" "chr20_59327749_C_G_b38_C"
[25] "chr20_59328491_T_G_b38_T" "chr20_59338709_G_A_b38_G"
[27] "chr20_59338758_C_T_b38_C" "chr20_59338951_C_T_b38_C"
[29] "chr20_59338978_G_A_b38_G" "chr20_59338983_A_G_b38_A"
[31] "chr20_59338985_G_C_b38_G" "chr20_59338991_T_C_b38_T"
[33] "chr20_59339078_C_T_b38_C" "chr20_59339134_G_A_b38_G"
[35] "chr20_59339197_T_C_b38_T" "chr20_59339199_C_G_b38_C"
[37] "chr20_59339204_G_A_b38_G" "chr20_59339218_G_A_b38_G"
23 SNP(s) removed because HWE P < 1e-08 :
 [1] "chr18_47279549_G_T_b38_G" "chr18_47281950_A_G_b38_A"
 [3] "chr18_47288992_T_C_b38_T" "chr18_47328808_G_C_b38_G"
 [5] "chr18_47457940_G_C_b38_G" "chr18_47463627_C_T_b38_C"
 [7] "chr18_47526805_G_T_b38_G" "chr18_47584462_G_A_b38_G"
 [9] "chr18_47586775_C_T_b38_C" "chr18_47591180_G_A_b38_G"
[11] "chr18_47654760_C_G_b38_C" "chr18_47657590_T_C_b38_T"
[13] "chr18_47658175_T_C_b38_T" "chr18_47658518_T_C_b38_T"
[15] "chr18_47674999_G_A_b38_G" "chr18_47676108_T_C_b38_T"
[17] "chr18_47677348_T_C_b38_T" "chr18_47702814_T_C_b38_T"
[19] "chr18_47731382_A_T_b38_A" "chr18_47736313_T_C_b38_T"
[21] "chr18_47748222_A_G_b38_A" "chr18_47749267_A_C_b38_A"
[23] "chr18_47750081_C_T_b38_C"
22 SNP(s) removed because HWE P < 1e-08 :
 [1] "chr1_162353041_G_C_b38_G" "chr1_162353047_A_C_b38_A"
 [3] "chr1_162477576_G_A_b38_G" "chr1_162481393_G_A_b38_G"
 [5] "chr1_162483630_C_T_b38_C" "chr1_162701799_T_C_b38_T"
 [7] "chr1_162704548_G_A_b38_G" "chr1_162705250_T_C_b38_T"
 [9] "chr1_162706401_C_T_b38_C" "chr1_162710700_T_C_b38_T"
[11] "chr1_162714569_T_C_b38_T" "chr1_162722878_C_G_b38_C"
[13] "chr1_162733892_A_G_b38_A" "chr1_162742199_A_T_b38_A"
[15] "chr1_162742900_G_A_b38_G" "chr1_162743999_G_A_b38_G"
[17] "chr1_162744207_T_C_b38_T" "chr1_162752426_G_A_b38_G"
[19] "chr1_162763446_G_A_b38_G" "chr1_162798738_C_G_b38_C"
[21] "chr1_162803606_G_A_b38_G" "chr1_162909861_T_C_b38_T"
31 SNP(s) removed because HWE P < 1e-08 :
 [1] "chr13_45485135_G_A_b38_G" "chr13_45540994_T_A_b38_T"
 [3] "chr13_45541171_A_T_b38_A" "chr13_45541295_T_C_b38_T"
 [5] "chr13_45544482_A_G_b38_A" "chr13_45558588_C_T_b38_C"
 [7] "chr13_45559581_C_T_b38_C" "chr13_45564530_A_G_b38_A"
 [9] "chr13_45564599_C_T_b38_C" "chr13_45564933_C_G_b38_C"
[11] "chr13_45565309_G_T_b38_G" "chr13_45565445_T_C_b38_T"
[13] "chr13_45566119_T_C_b38_T" "chr13_45566187_G_A_b38_G"
[15] "chr13_45566901_T_C_b38_T" "chr13_45567487_C_T_b38_C"
[17] "chr13_45567933_C_T_b38_C" "chr13_45568085_A_G_b38_A"
[19] "chr13_45570281_T_A_b38_T" "chr13_45570913_G_T_b38_G"
[21] "chr13_45575929_T_C_b38_T" "chr13_45576691_T_C_b38_T"
[23] "chr13_45694719_C_T_b38_C" "chr13_45696127_G_T_b38_G"
[25] "chr13_45839555_A_G_b38_A" "chr13_45845222_G_A_b38_G"
[27] "chr13_45845436_G_A_b38_G" "chr13_45922043_C_T_b38_C"
[29] "chr13_46159105_A_G_b38_A" "chr13_46175582_G_A_b38_G"
[31] "chr13_46175603_C_T_b38_C"
31 SNP(s) removed because HWE P < 1e-08 :
 [1] "chr13_45485135_G_A_b38_G" "chr13_45540994_T_A_b38_T"
 [3] "chr13_45541171_A_T_b38_A" "chr13_45541295_T_C_b38_T"
 [5] "chr13_45544482_A_G_b38_A" "chr13_45558588_C_T_b38_C"
 [7] "chr13_45559581_C_T_b38_C" "chr13_45564530_A_G_b38_A"
 [9] "chr13_45564599_C_T_b38_C" "chr13_45564933_C_G_b38_C"
[11] "chr13_45565309_G_T_b38_G" "chr13_45565445_T_C_b38_T"
[13] "chr13_45566119_T_C_b38_T" "chr13_45566187_G_A_b38_G"
[15] "chr13_45566901_T_C_b38_T" "chr13_45567487_C_T_b38_C"
[17] "chr13_45567933_C_T_b38_C" "chr13_45568085_A_G_b38_A"
[19] "chr13_45570281_T_A_b38_T" "chr13_45570913_G_T_b38_G"
[21] "chr13_45575929_T_C_b38_T" "chr13_45576691_T_C_b38_T"
[23] "chr13_45694719_C_T_b38_C" "chr13_45696127_G_T_b38_G"
[25] "chr13_45839555_A_G_b38_A" "chr13_45845222_G_A_b38_G"
[27] "chr13_45845436_G_A_b38_G" "chr13_45922043_C_T_b38_C"
[29] "chr13_46159105_A_G_b38_A" "chr13_46175582_G_A_b38_G"
[31] "chr13_46175603_C_T_b38_C"
74 SNP(s) removed because HWE P < 1e-08 :
 [1] "chr21_31920396_G_A_b38_G" "chr21_31935565_G_C_b38_G"
 [3] "chr21_31935580_T_G_b38_T" "chr21_32134286_A_T_b38_A"
 [5] "chr21_32238948_G_A_b38_G" "chr21_32250914_C_T_b38_C"
 [7] "chr21_32311415_A_C_b38_A" "chr21_32410343_C_T_b38_C"
 [9] "chr21_32432979_G_A_b38_G" "chr21_32432987_A_C_b38_A"
[11] "chr21_32432995_G_A_b38_G" "chr21_32433065_T_A_b38_T"
[13] "chr21_32433084_C_T_b38_C" "chr21_32433553_G_A_b38_G"
[15] "chr21_32433554_C_G_b38_C" "chr21_32433562_T_C_b38_T"
[17] "chr21_32433629_A_G_b38_A" "chr21_32433656_G_A_b38_G"
[19] "chr21_32433663_A_T_b38_A" "chr21_32434706_A_G_b38_A"
[21] "chr21_32434713_T_C_b38_T" "chr21_32434721_A_C_b38_A"
[23] "chr21_32434746_A_C_b38_A" "chr21_32434842_G_A_b38_G"
[25] "chr21_32434867_C_T_b38_C" "chr21_32434878_G_A_b38_G"
[27] "chr21_32434919_T_G_b38_T" "chr21_32434927_C_T_b38_C"
[29] "chr21_32434967_T_G_b38_T" "chr21_32434971_T_C_b38_T"
[31] "chr21_32434992_T_C_b38_T" "chr21_32435003_T_G_b38_T"
[33] "chr21_32435004_T_C_b38_T" "chr21_32435117_A_G_b38_A"
[35] "chr21_32435125_T_C_b38_T" "chr21_32435126_G_C_b38_G"
[37] "chr21_32435133_C_A_b38_C" "chr21_32435360_C_T_b38_C"
[39] "chr21_32435400_A_G_b38_A" "chr21_32435408_T_C_b38_T"
[41] "chr21_32435414_A_G_b38_A" "chr21_32435436_C_T_b38_C"
[43] "chr21_32435462_C_T_b38_C" "chr21_32435661_G_C_b38_G"
[45] "chr21_32435666_T_G_b38_T" "chr21_32435667_A_G_b38_A"
[47] "chr21_32435716_C_T_b38_C" "chr21_32435721_G_A_b38_G"
[49] "chr21_32435728_T_C_b38_T" "chr21_32435763_C_T_b38_C"
[51] "chr21_32435766_A_C_b38_A" "chr21_32435898_C_T_b38_C"
[53] "chr21_32435949_T_A_b38_T" "chr21_32435990_T_A_b38_T"
[55] "chr21_32436019_G_A_b38_G" "chr21_32436447_T_A_b38_T"
[57] "chr21_32436465_A_C_b38_A" "chr21_32436477_T_A_b38_T"
[59] "chr21_32436484_T_C_b38_T" "chr21_32436539_G_A_b38_G"
[61] "chr21_32436627_G_A_b38_G" "chr21_32436628_G_A_b38_G"
[63] "chr21_32436637_A_G_b38_A" "chr21_32436702_C_T_b38_C"
[65] "chr21_32436736_G_A_b38_G" "chr21_32436746_A_G_b38_A"
[67] "chr21_32437187_G_C_b38_G" "chr21_32437224_A_G_b38_A"
[69] "chr21_32437249_C_A_b38_C" "chr21_32437250_G_A_b38_G"
[71] "chr21_32437258_C_G_b38_C" "chr21_32621877_A_T_b38_A"
[73] "chr21_32660622_A_G_b38_A" "chr21_32660624_C_T_b38_C"
32 SNP(s) removed because HWE P < 1e-08 :
 [1] "chr19_17504800_T_C_b38_T" "chr19_17504915_T_C_b38_T"
 [3] "chr19_17583443_G_T_b38_G" "chr19_17666011_C_T_b38_C"
 [5] "chr19_17666078_T_C_b38_T" "chr19_17847808_C_T_b38_C"
 [7] "chr19_17847968_T_C_b38_T" "chr19_17901200_G_T_b38_G"
 [9] "chr19_17908396_T_C_b38_T" "chr19_17924720_G_T_b38_G"
[11] "chr19_17928630_T_C_b38_T" "chr19_18036796_G_A_b38_G"
[13] "chr19_18037080_A_T_b38_A" "chr19_18037381_T_C_b38_T"
[15] "chr19_18037783_T_C_b38_T" "chr19_18039165_G_A_b38_G"
[17] "chr19_18039479_C_T_b38_C" "chr19_18039995_T_C_b38_T"
[19] "chr19_18040092_T_C_b38_T" "chr19_18040429_G_T_b38_G"
[21] "chr19_18040432_G_T_b38_G" "chr19_18042127_C_T_b38_C"
[23] "chr19_18042885_A_G_b38_A" "chr19_18043992_G_C_b38_G"
[25] "chr19_18044231_C_G_b38_C" "chr19_18044266_G_C_b38_G"
[27] "chr19_18251693_G_C_b38_G" "chr19_18260387_C_T_b38_C"
[29] "chr19_18262150_C_G_b38_C" "chr19_18265699_G_A_b38_G"
[31] "chr19_18265970_T_C_b38_T" "chr19_18267871_C_A_b38_C"
74 SNP(s) removed because HWE P < 1e-08 :
 [1] "chr21_31920396_G_A_b38_G" "chr21_31935565_G_C_b38_G"
 [3] "chr21_31935580_T_G_b38_T" "chr21_32134286_A_T_b38_A"
 [5] "chr21_32238948_G_A_b38_G" "chr21_32250914_C_T_b38_C"
 [7] "chr21_32311415_A_C_b38_A" "chr21_32410343_C_T_b38_C"
 [9] "chr21_32432979_G_A_b38_G" "chr21_32432987_A_C_b38_A"
[11] "chr21_32432995_G_A_b38_G" "chr21_32433065_T_A_b38_T"
[13] "chr21_32433084_C_T_b38_C" "chr21_32433553_G_A_b38_G"
[15] "chr21_32433554_C_G_b38_C" "chr21_32433562_T_C_b38_T"
[17] "chr21_32433629_A_G_b38_A" "chr21_32433656_G_A_b38_G"
[19] "chr21_32433663_A_T_b38_A" "chr21_32434706_A_G_b38_A"
[21] "chr21_32434713_T_C_b38_T" "chr21_32434721_A_C_b38_A"
[23] "chr21_32434746_A_C_b38_A" "chr21_32434842_G_A_b38_G"
[25] "chr21_32434867_C_T_b38_C" "chr21_32434878_G_A_b38_G"
[27] "chr21_32434919_T_G_b38_T" "chr21_32434927_C_T_b38_C"
[29] "chr21_32434967_T_G_b38_T" "chr21_32434971_T_C_b38_T"
[31] "chr21_32434992_T_C_b38_T" "chr21_32435003_T_G_b38_T"
[33] "chr21_32435004_T_C_b38_T" "chr21_32435117_A_G_b38_A"
[35] "chr21_32435125_T_C_b38_T" "chr21_32435126_G_C_b38_G"
[37] "chr21_32435133_C_A_b38_C" "chr21_32435360_C_T_b38_C"
[39] "chr21_32435400_A_G_b38_A" "chr21_32435408_T_C_b38_T"
[41] "chr21_32435414_A_G_b38_A" "chr21_32435436_C_T_b38_C"
[43] "chr21_32435462_C_T_b38_C" "chr21_32435661_G_C_b38_G"
[45] "chr21_32435666_T_G_b38_T" "chr21_32435667_A_G_b38_A"
[47] "chr21_32435716_C_T_b38_C" "chr21_32435721_G_A_b38_G"
[49] "chr21_32435728_T_C_b38_T" "chr21_32435763_C_T_b38_C"
[51] "chr21_32435766_A_C_b38_A" "chr21_32435898_C_T_b38_C"
[53] "chr21_32435949_T_A_b38_T" "chr21_32435990_T_A_b38_T"
[55] "chr21_32436019_G_A_b38_G" "chr21_32436447_T_A_b38_T"
[57] "chr21_32436465_A_C_b38_A" "chr21_32436477_T_A_b38_T"
[59] "chr21_32436484_T_C_b38_T" "chr21_32436539_G_A_b38_G"
[61] "chr21_32436627_G_A_b38_G" "chr21_32436628_G_A_b38_G"
[63] "chr21_32436637_A_G_b38_A" "chr21_32436702_C_T_b38_C"
[65] "chr21_32436736_G_A_b38_G" "chr21_32436746_A_G_b38_A"
[67] "chr21_32437187_G_C_b38_G" "chr21_32437224_A_G_b38_A"
[69] "chr21_32437249_C_A_b38_C" "chr21_32437250_G_A_b38_G"
[71] "chr21_32437258_C_G_b38_C" "chr21_32621877_A_T_b38_A"
[73] "chr21_32660622_A_G_b38_A" "chr21_32660624_C_T_b38_C"
39 SNP(s) removed because HWE P < 1e-08 :
 [1] "chr22_49765666_G_C_b38_G" "chr22_49770965_G_C_b38_G"
 [3] "chr22_49837507_C_G_b38_C" "chr22_49846939_C_A_b38_C"
 [5] "chr22_49848251_T_C_b38_T" "chr22_49872508_G_A_b38_G"
 [7] "chr22_49880142_T_C_b38_T" "chr22_49880243_G_T_b38_G"
 [9] "chr22_49883047_G_C_b38_G" "chr22_49894697_A_G_b38_A"
[11] "chr22_49906790_T_C_b38_T" "chr22_49921580_T_C_b38_T"
[13] "chr22_49921715_C_A_b38_C" "chr22_49973759_T_C_b38_T"
[15] "chr22_50013858_A_C_b38_A" "chr22_50357867_G_A_b38_G"
[17] "chr22_50371703_G_C_b38_G" "chr22_50418711_G_A_b38_G"
[19] "chr22_50424402_A_C_b38_A" "chr22_50424421_C_A_b38_C"
[21] "chr22_50424423_C_T_b38_C" "chr22_50495487_G_A_b38_G"
[23] "chr22_50495498_T_C_b38_T" "chr22_50495499_G_A_b38_G"
[25] "chr22_50508159_C_G_b38_C" "chr22_50509182_A_G_b38_A"
[27] "chr22_50509488_T_C_b38_T" "chr22_50509962_A_G_b38_A"
[29] "chr22_50510817_C_T_b38_C" "chr22_50510967_T_C_b38_T"
[31] "chr22_50511806_T_C_b38_T" "chr22_50512014_T_C_b38_T"
[33] "chr22_50512298_G_A_b38_G" "chr22_50512549_T_G_b38_T"
[35] "chr22_50513313_G_C_b38_G" "chr22_50513793_G_A_b38_G"
[37] "chr22_50542614_C_T_b38_C" "chr22_50542624_A_T_b38_A"
[39] "chr22_50712000_C_T_b38_C"
17 SNP(s) removed because HWE P < 1e-08 :
 [1] "chr5_133677412_G_A_b38_G" "chr5_133679224_C_T_b38_C"
 [3] "chr5_133681651_G_A_b38_G" "chr5_133682249_G_A_b38_G"
 [5] "chr5_133683425_T_C_b38_T" "chr5_133683461_C_T_b38_C"
 [7] "chr5_133683523_T_C_b38_T" "chr5_133685837_C_T_b38_C"
 [9] "chr5_133685927_A_G_b38_A" "chr5_133687244_G_A_b38_G"
[11] "chr5_133687736_G_T_b38_G" "chr5_133783875_G_C_b38_G"
[13] "chr5_134092910_C_T_b38_C" "chr5_134280265_A_G_b38_A"
[15] "chr5_134311489_A_G_b38_A" "chr5_134344803_T_C_b38_T"
[17] "chr5_134394764_G_A_b38_G"
6 SNP(s) removed because HWE P < 1e-08 :
[1] "chr13_29549344_C_T_b38_C" "chr13_29949626_G_C_b38_G"
[3] "chr13_30062346_T_C_b38_T" "chr13_30062379_G_C_b38_G"
[5] "chr13_30121793_C_T_b38_C" "chr13_30160356_C_T_b38_C"
49 SNP(s) removed because HWE P < 1e-08 :
 [1] "chr19_51083323_T_G_b38_T" "chr19_51107599_A_G_b38_A"
 [3] "chr19_51107741_T_G_b38_T" "chr19_51108006_G_A_b38_G"
 [5] "chr19_51116302_T_C_b38_T" "chr19_51120922_T_G_b38_T"
 [7] "chr19_51121015_T_G_b38_T" "chr19_51121279_T_C_b38_T"
 [9] "chr19_51121832_A_C_b38_A" "chr19_51121942_T_C_b38_T"
[11] "chr19_51122379_A_G_b38_A" "chr19_51122568_A_G_b38_A"
[13] "chr19_51122642_G_C_b38_G" "chr19_51123685_A_G_b38_A"
[15] "chr19_51136723_A_G_b38_A" "chr19_51172375_T_C_b38_T"
[17] "chr19_51173311_A_G_b38_A" "chr19_51173876_T_C_b38_T"
[19] "chr19_51184134_C_T_b38_C" "chr19_51201503_A_G_b38_A"
[21] "chr19_51208344_T_C_b38_T" "chr19_51208365_C_T_b38_C"
[23] "chr19_51212754_T_C_b38_T" "chr19_51235665_T_C_b38_T"
[25] "chr19_51251278_A_C_b38_A" "chr19_51280161_A_G_b38_A"
[27] "chr19_51280387_C_T_b38_C" "chr19_51281207_G_A_b38_G"
[29] "chr19_51282770_C_G_b38_C" "chr19_51283428_T_C_b38_T"
[31] "chr19_51284112_C_T_b38_C" "chr19_51284184_A_C_b38_A"
[33] "chr19_51285176_C_A_b38_C" "chr19_51285861_G_A_b38_G"
[35] "chr19_51287738_T_C_b38_T" "chr19_51290510_A_C_b38_A"
[37] "chr19_51291857_T_G_b38_T" "chr19_51293045_T_C_b38_T"
[39] "chr19_51298175_C_T_b38_C" "chr19_51358092_C_G_b38_C"
[41] "chr19_51447917_C_T_b38_C" "chr19_51447928_A_G_b38_A"
[43] "chr19_51448049_T_G_b38_T" "chr19_51457686_A_G_b38_A"
[45] "chr19_51780129_T_C_b38_T" "chr19_51780359_A_G_b38_A"
[47] "chr19_51848424_G_A_b38_G" "chr19_51875933_G_A_b38_G"
[49] "chr19_51876393_G_A_b38_G"
37 SNP(s) removed because HWE P < 1e-08 :
 [1] "chr16_24109784_G_A_b38_G" "chr16_24227690_G_C_b38_G"
 [3] "chr16_24233628_G_C_b38_G" "chr16_24496566_C_T_b38_C"
 [5] "chr16_24496764_C_A_b38_C" "chr16_24499309_C_T_b38_C"
 [7] "chr16_24870481_A_C_b38_A" "chr16_24873006_G_A_b38_G"
 [9] "chr16_24884357_A_G_b38_A" "chr16_24917601_A_G_b38_A"
[11] "chr16_24917765_G_A_b38_G" "chr16_24917986_T_C_b38_T"
[13] "chr16_24919227_T_C_b38_T" "chr16_24920477_C_T_b38_C"
[15] "chr16_24920573_A_G_b38_A" "chr16_24921599_T_C_b38_T"
[17] "chr16_24923143_G_T_b38_G" "chr16_24924245_T_C_b38_T"
[19] "chr16_24924716_A_T_b38_A" "chr16_24925306_A_G_b38_A"
[21] "chr16_24927264_T_C_b38_T" "chr16_24932825_T_C_b38_T"
[23] "chr16_24940578_A_G_b38_A" "chr16_24943087_G_A_b38_G"
[25] "chr16_24943465_A_G_b38_A" "chr16_24945135_A_G_b38_A"
[27] "chr16_24945229_T_G_b38_T" "chr16_24945237_A_C_b38_A"
[29] "chr16_24947347_A_C_b38_A" "chr16_24947664_G_A_b38_G"
[31] "chr16_24948730_C_G_b38_C" "chr16_24950568_T_C_b38_T"
[33] "chr16_24952718_T_C_b38_T" "chr16_24953197_T_C_b38_T"
[35] "chr16_24953395_G_T_b38_G" "chr16_24953714_C_T_b38_C"
[37] "chr16_24955202_T_C_b38_T"
6 SNP(s) removed because HWE P < 1e-08 :
[1] "chr13_29549344_C_T_b38_C" "chr13_29949626_G_C_b38_G"
[3] "chr13_30062346_T_C_b38_T" "chr13_30062379_G_C_b38_G"
[5] "chr13_30121793_C_T_b38_C" "chr13_30160356_C_T_b38_C"
26 SNP(s) removed because HWE P < 1e-08 :
 [1] "chr4_48078519_A_C_b38_A" "chr4_48079528_T_C_b38_T"
 [3] "chr4_48085231_T_C_b38_T" "chr4_48085838_G_A_b38_G"
 [5] "chr4_48086052_C_T_b38_C" "chr4_48086429_A_G_b38_A"
 [7] "chr4_48450863_T_C_b38_T" "chr4_48451209_C_T_b38_C"
 [9] "chr4_48452709_A_G_b38_A" "chr4_48711359_T_C_b38_T"
[11] "chr4_48711393_C_T_b38_C" "chr4_48711401_C_A_b38_C"
[13] "chr4_48711410_A_G_b38_A" "chr4_48711421_A_C_b38_A"
[15] "chr4_48711432_G_C_b38_G" "chr4_48711433_G_A_b38_G"
[17] "chr4_48711441_A_C_b38_A" "chr4_48711445_C_T_b38_C"
[19] "chr4_48711447_G_A_b38_G" "chr4_48711466_C_T_b38_C"
[21] "chr4_48711467_A_T_b38_A" "chr4_48711470_G_A_b38_G"
[23] "chr4_48711609_C_T_b38_C" "chr4_48711661_A_G_b38_A"
[25] "chr4_48711678_T_A_b38_T" "chr4_48711716_T_C_b38_T"
36 SNP(s) removed because HWE P < 1e-08 :
 [1] "chr15_41058574_T_C_b38_T" "chr15_41064211_A_G_b38_A"
 [3] "chr15_41064853_T_C_b38_T" "chr15_41065160_A_G_b38_A"
 [5] "chr15_41066318_A_G_b38_A" "chr15_41068576_A_G_b38_A"
 [7] "chr15_41070762_A_G_b38_A" "chr15_41078172_A_G_b38_A"
 [9] "chr15_41078219_A_G_b38_A" "chr15_41078428_G_C_b38_G"
[11] "chr15_41080194_C_T_b38_C" "chr15_41082525_T_A_b38_T"
[13] "chr15_41082776_A_C_b38_A" "chr15_41089315_A_T_b38_A"
[15] "chr15_41092451_T_C_b38_T" "chr15_41093192_T_C_b38_T"
[17] "chr15_41098878_T_C_b38_T" "chr15_41099090_T_A_b38_T"
[19] "chr15_41105138_C_T_b38_C" "chr15_41105274_T_G_b38_T"
[21] "chr15_41106118_C_T_b38_C" "chr15_41107735_G_T_b38_G"
[23] "chr15_41109383_G_A_b38_G" "chr15_41111853_A_G_b38_A"
[25] "chr15_41113182_C_T_b38_C" "chr15_41113464_A_C_b38_A"
[27] "chr15_41114744_C_G_b38_C" "chr15_41116538_A_G_b38_A"
[29] "chr15_41119095_C_T_b38_C" "chr15_41122194_A_C_b38_A"
[31] "chr15_41123578_C_T_b38_C" "chr15_41127813_A_G_b38_A"
[33] "chr15_41661342_A_C_b38_A" "chr15_41661345_G_C_b38_G"
[35] "chr15_42036346_A_G_b38_A" "chr15_42036365_T_A_b38_T"
70 SNP(s) removed because HWE P < 1e-08 :
 [1] "chr19_54911358_G_A_b38_G" "chr19_54919441_G_A_b38_G"
 [3] "chr19_54919470_C_T_b38_C" "chr19_54964613_A_G_b38_A"
 [5] "chr19_55002955_T_C_b38_T" "chr19_55064801_C_T_b38_C"
 [7] "chr19_55126217_A_G_b38_A" "chr19_55126220_T_C_b38_T"
 [9] "chr19_55126221_G_A_b38_G" "chr19_55493995_T_G_b38_T"
[11] "chr19_55694243_A_C_b38_A" "chr19_55757873_G_T_b38_G"
[13] "chr19_55758078_G_A_b38_G" "chr19_55758437_G_A_b38_G"
[15] "chr19_55758695_T_A_b38_T" "chr19_55759189_T_C_b38_T"
[17] "chr19_55759190_A_T_b38_A" "chr19_55762370_T_A_b38_T"
[19] "chr19_55762536_C_A_b38_C" "chr19_55762538_A_C_b38_A"
[21] "chr19_55762720_G_A_b38_G" "chr19_55763058_C_A_b38_C"
[23] "chr19_55763087_G_A_b38_G" "chr19_55763094_A_G_b38_A"
[25] "chr19_55764136_C_G_b38_C" "chr19_55764828_A_C_b38_A"
[27] "chr19_55766253_T_G_b38_T" "chr19_55766680_T_C_b38_T"
[29] "chr19_55766692_G_A_b38_G" "chr19_55766715_A_G_b38_A"
[31] "chr19_55766733_G_A_b38_G" "chr19_55766739_A_T_b38_A"
[33] "chr19_55766830_G_A_b38_G" "chr19_55766967_G_C_b38_G"
[35] "chr19_55767052_T_C_b38_T" "chr19_55767058_T_C_b38_T"
[37] "chr19_55767186_A_G_b38_A" "chr19_55767215_C_T_b38_C"
[39] "chr19_55767263_T_C_b38_T" "chr19_55767270_C_T_b38_C"
[41] "chr19_55767277_T_C_b38_T" "chr19_55767294_C_G_b38_C"
[43] "chr19_55767314_A_G_b38_A" "chr19_55768157_G_A_b38_G"
[45] "chr19_55768174_C_A_b38_C" "chr19_55768750_G_A_b38_G"
[47] "chr19_55768754_G_T_b38_G" "chr19_55768765_T_G_b38_T"
[49] "chr19_55768784_C_T_b38_C" "chr19_55768785_G_A_b38_G"
[51] "chr19_55768971_C_A_b38_C" "chr19_55769033_A_G_b38_A"
[53] "chr19_55769189_T_C_b38_T" "chr19_55769190_A_T_b38_A"
[55] "chr19_55769875_C_T_b38_C" "chr19_55771226_T_A_b38_T"
[57] "chr19_55771446_T_C_b38_T" "chr19_55771530_C_T_b38_C"
[59] "chr19_55771531_C_T_b38_C" "chr19_55771558_A_T_b38_A"
[61] "chr19_55771572_G_A_b38_G" "chr19_55773141_T_G_b38_T"
[63] "chr19_55773145_C_G_b38_C" "chr19_55773163_C_A_b38_C"
[65] "chr19_55773169_A_G_b38_A" "chr19_55841717_T_G_b38_T"
[67] "chr19_55849065_A_T_b38_A" "chr19_55852844_C_A_b38_C"
[69] "chr19_55878486_G_T_b38_G" "chr19_55878504_G_A_b38_G"
74 SNP(s) removed because HWE P < 1e-08 :
 [1] "chr21_31920396_G_A_b38_G" "chr21_31935565_G_C_b38_G"
 [3] "chr21_31935580_T_G_b38_T" "chr21_32134286_A_T_b38_A"
 [5] "chr21_32238948_G_A_b38_G" "chr21_32250914_C_T_b38_C"
 [7] "chr21_32311415_A_C_b38_A" "chr21_32410343_C_T_b38_C"
 [9] "chr21_32432979_G_A_b38_G" "chr21_32432987_A_C_b38_A"
[11] "chr21_32432995_G_A_b38_G" "chr21_32433065_T_A_b38_T"
[13] "chr21_32433084_C_T_b38_C" "chr21_32433553_G_A_b38_G"
[15] "chr21_32433554_C_G_b38_C" "chr21_32433562_T_C_b38_T"
[17] "chr21_32433629_A_G_b38_A" "chr21_32433656_G_A_b38_G"
[19] "chr21_32433663_A_T_b38_A" "chr21_32434706_A_G_b38_A"
[21] "chr21_32434713_T_C_b38_T" "chr21_32434721_A_C_b38_A"
[23] "chr21_32434746_A_C_b38_A" "chr21_32434842_G_A_b38_G"
[25] "chr21_32434867_C_T_b38_C" "chr21_32434878_G_A_b38_G"
[27] "chr21_32434919_T_G_b38_T" "chr21_32434927_C_T_b38_C"
[29] "chr21_32434967_T_G_b38_T" "chr21_32434971_T_C_b38_T"
[31] "chr21_32434992_T_C_b38_T" "chr21_32435003_T_G_b38_T"
[33] "chr21_32435004_T_C_b38_T" "chr21_32435117_A_G_b38_A"
[35] "chr21_32435125_T_C_b38_T" "chr21_32435126_G_C_b38_G"
[37] "chr21_32435133_C_A_b38_C" "chr21_32435360_C_T_b38_C"
[39] "chr21_32435400_A_G_b38_A" "chr21_32435408_T_C_b38_T"
[41] "chr21_32435414_A_G_b38_A" "chr21_32435436_C_T_b38_C"
[43] "chr21_32435462_C_T_b38_C" "chr21_32435661_G_C_b38_G"
[45] "chr21_32435666_T_G_b38_T" "chr21_32435667_A_G_b38_A"
[47] "chr21_32435716_C_T_b38_C" "chr21_32435721_G_A_b38_G"
[49] "chr21_32435728_T_C_b38_T" "chr21_32435763_C_T_b38_C"
[51] "chr21_32435766_A_C_b38_A" "chr21_32435898_C_T_b38_C"
[53] "chr21_32435949_T_A_b38_T" "chr21_32435990_T_A_b38_T"
[55] "chr21_32436019_G_A_b38_G" "chr21_32436447_T_A_b38_T"
[57] "chr21_32436465_A_C_b38_A" "chr21_32436477_T_A_b38_T"
[59] "chr21_32436484_T_C_b38_T" "chr21_32436539_G_A_b38_G"
[61] "chr21_32436627_G_A_b38_G" "chr21_32436628_G_A_b38_G"
[63] "chr21_32436637_A_G_b38_A" "chr21_32436702_C_T_b38_C"
[65] "chr21_32436736_G_A_b38_G" "chr21_32436746_A_G_b38_A"
[67] "chr21_32437187_G_C_b38_G" "chr21_32437224_A_G_b38_A"
[69] "chr21_32437249_C_A_b38_C" "chr21_32437250_G_A_b38_G"
[71] "chr21_32437258_C_G_b38_C" "chr21_32621877_A_T_b38_A"
[73] "chr21_32660622_A_G_b38_A" "chr21_32660624_C_T_b38_C"
70 SNP(s) removed because HWE P < 1e-08 :
 [1] "chr19_54911358_G_A_b38_G" "chr19_54919441_G_A_b38_G"
 [3] "chr19_54919470_C_T_b38_C" "chr19_54964613_A_G_b38_A"
 [5] "chr19_55002955_T_C_b38_T" "chr19_55064801_C_T_b38_C"
 [7] "chr19_55126217_A_G_b38_A" "chr19_55126220_T_C_b38_T"
 [9] "chr19_55126221_G_A_b38_G" "chr19_55493995_T_G_b38_T"
[11] "chr19_55694243_A_C_b38_A" "chr19_55757873_G_T_b38_G"
[13] "chr19_55758078_G_A_b38_G" "chr19_55758437_G_A_b38_G"
[15] "chr19_55758695_T_A_b38_T" "chr19_55759189_T_C_b38_T"
[17] "chr19_55759190_A_T_b38_A" "chr19_55762370_T_A_b38_T"
[19] "chr19_55762536_C_A_b38_C" "chr19_55762538_A_C_b38_A"
[21] "chr19_55762720_G_A_b38_G" "chr19_55763058_C_A_b38_C"
[23] "chr19_55763087_G_A_b38_G" "chr19_55763094_A_G_b38_A"
[25] "chr19_55764136_C_G_b38_C" "chr19_55764828_A_C_b38_A"
[27] "chr19_55766253_T_G_b38_T" "chr19_55766680_T_C_b38_T"
[29] "chr19_55766692_G_A_b38_G" "chr19_55766715_A_G_b38_A"
[31] "chr19_55766733_G_A_b38_G" "chr19_55766739_A_T_b38_A"
[33] "chr19_55766830_G_A_b38_G" "chr19_55766967_G_C_b38_G"
[35] "chr19_55767052_T_C_b38_T" "chr19_55767058_T_C_b38_T"
[37] "chr19_55767186_A_G_b38_A" "chr19_55767215_C_T_b38_C"
[39] "chr19_55767263_T_C_b38_T" "chr19_55767270_C_T_b38_C"
[41] "chr19_55767277_T_C_b38_T" "chr19_55767294_C_G_b38_C"
[43] "chr19_55767314_A_G_b38_A" "chr19_55768157_G_A_b38_G"
[45] "chr19_55768174_C_A_b38_C" "chr19_55768750_G_A_b38_G"
[47] "chr19_55768754_G_T_b38_G" "chr19_55768765_T_G_b38_T"
[49] "chr19_55768784_C_T_b38_C" "chr19_55768785_G_A_b38_G"
[51] "chr19_55768971_C_A_b38_C" "chr19_55769033_A_G_b38_A"
[53] "chr19_55769189_T_C_b38_T" "chr19_55769190_A_T_b38_A"
[55] "chr19_55769875_C_T_b38_C" "chr19_55771226_T_A_b38_T"
[57] "chr19_55771446_T_C_b38_T" "chr19_55771530_C_T_b38_C"
[59] "chr19_55771531_C_T_b38_C" "chr19_55771558_A_T_b38_A"
[61] "chr19_55771572_G_A_b38_G" "chr19_55773141_T_G_b38_T"
[63] "chr19_55773145_C_G_b38_C" "chr19_55773163_C_A_b38_C"
[65] "chr19_55773169_A_G_b38_A" "chr19_55841717_T_G_b38_T"
[67] "chr19_55849065_A_T_b38_A" "chr19_55852844_C_A_b38_C"
[69] "chr19_55878486_G_T_b38_G" "chr19_55878504_G_A_b38_G"
69 SNP(s) removed because HWE P < 1e-08 :
 [1] "chr8_81253423_T_C_b38_T" "chr8_81281143_C_T_b38_C"
 [3] "chr8_81289273_A_T_b38_A" "chr8_81297255_A_G_b38_A"
 [5] "chr8_81299436_C_T_b38_C" "chr8_81300344_T_C_b38_T"
 [7] "chr8_81325559_T_C_b38_T" "chr8_81327049_C_G_b38_C"
 [9] "chr8_81327156_T_G_b38_T" "chr8_81327252_A_G_b38_A"
[11] "chr8_81327333_T_C_b38_T" "chr8_81327394_A_G_b38_A"
[13] "chr8_81328362_A_G_b38_A" "chr8_81328531_C_A_b38_C"
[15] "chr8_81329064_T_A_b38_T" "chr8_81329094_T_G_b38_T"
[17] "chr8_81329957_C_T_b38_C" "chr8_81330786_A_G_b38_A"
[19] "chr8_81330873_T_C_b38_T" "chr8_81331043_A_C_b38_A"
[21] "chr8_81331131_T_C_b38_T" "chr8_81331608_C_T_b38_C"
[23] "chr8_81331614_C_T_b38_C" "chr8_81331709_T_G_b38_T"
[25] "chr8_81331864_A_G_b38_A" "chr8_81331877_C_T_b38_C"
[27] "chr8_81332098_G_A_b38_G" "chr8_81332283_A_G_b38_A"
[29] "chr8_81332524_C_T_b38_C" "chr8_81332904_A_T_b38_A"
[31] "chr8_81332906_C_T_b38_C" "chr8_81333125_G_A_b38_G"
[33] "chr8_81333194_G_T_b38_G" "chr8_81333216_T_C_b38_T"
[35] "chr8_81333791_C_T_b38_C" "chr8_81334313_T_C_b38_T"
[37] "chr8_81335686_A_G_b38_A" "chr8_81336303_C_T_b38_C"
[39] "chr8_81464464_C_T_b38_C" "chr8_81468508_A_T_b38_A"
[41] "chr8_81468888_A_G_b38_A" "chr8_81469332_T_C_b38_T"
[43] "chr8_81469415_G_A_b38_G" "chr8_81470506_G_A_b38_G"
[45] "chr8_81470621_C_T_b38_C" "chr8_81471159_T_G_b38_T"
[47] "chr8_81514819_A_C_b38_A" "chr8_81515555_C_T_b38_C"
[49] "chr8_81518769_T_C_b38_T" "chr8_81527961_G_T_b38_G"
[51] "chr8_81900677_A_T_b38_A" "chr8_81900680_C_T_b38_C"
[53] "chr8_81900761_G_T_b38_G" "chr8_81900762_G_A_b38_G"
[55] "chr8_81900773_G_A_b38_G" "chr8_81900776_G_T_b38_G"
[57] "chr8_81900779_T_C_b38_T" "chr8_81900782_C_T_b38_C"
[59] "chr8_81900783_T_C_b38_T" "chr8_81900784_G_A_b38_G"
[61] "chr8_81900789_T_C_b38_T" "chr8_81900796_C_G_b38_C"
[63] "chr8_81900800_G_C_b38_G" "chr8_82127185_G_A_b38_G"
[65] "chr8_82127192_C_G_b38_C" "chr8_82129772_G_C_b38_G"
[67] "chr8_82130336_C_T_b38_C" "chr8_82136891_C_T_b38_C"
[69] "chr8_82137774_C_G_b38_C"
69 SNP(s) removed because HWE P < 1e-08 :
 [1] "chr8_81253423_T_C_b38_T" "chr8_81281143_C_T_b38_C"
 [3] "chr8_81289273_A_T_b38_A" "chr8_81297255_A_G_b38_A"
 [5] "chr8_81299436_C_T_b38_C" "chr8_81300344_T_C_b38_T"
 [7] "chr8_81325559_T_C_b38_T" "chr8_81327049_C_G_b38_C"
 [9] "chr8_81327156_T_G_b38_T" "chr8_81327252_A_G_b38_A"
[11] "chr8_81327333_T_C_b38_T" "chr8_81327394_A_G_b38_A"
[13] "chr8_81328362_A_G_b38_A" "chr8_81328531_C_A_b38_C"
[15] "chr8_81329064_T_A_b38_T" "chr8_81329094_T_G_b38_T"
[17] "chr8_81329957_C_T_b38_C" "chr8_81330786_A_G_b38_A"
[19] "chr8_81330873_T_C_b38_T" "chr8_81331043_A_C_b38_A"
[21] "chr8_81331131_T_C_b38_T" "chr8_81331608_C_T_b38_C"
[23] "chr8_81331614_C_T_b38_C" "chr8_81331709_T_G_b38_T"
[25] "chr8_81331864_A_G_b38_A" "chr8_81331877_C_T_b38_C"
[27] "chr8_81332098_G_A_b38_G" "chr8_81332283_A_G_b38_A"
[29] "chr8_81332524_C_T_b38_C" "chr8_81332904_A_T_b38_A"
[31] "chr8_81332906_C_T_b38_C" "chr8_81333125_G_A_b38_G"
[33] "chr8_81333194_G_T_b38_G" "chr8_81333216_T_C_b38_T"
[35] "chr8_81333791_C_T_b38_C" "chr8_81334313_T_C_b38_T"
[37] "chr8_81335686_A_G_b38_A" "chr8_81336303_C_T_b38_C"
[39] "chr8_81464464_C_T_b38_C" "chr8_81468508_A_T_b38_A"
[41] "chr8_81468888_A_G_b38_A" "chr8_81469332_T_C_b38_T"
[43] "chr8_81469415_G_A_b38_G" "chr8_81470506_G_A_b38_G"
[45] "chr8_81470621_C_T_b38_C" "chr8_81471159_T_G_b38_T"
[47] "chr8_81514819_A_C_b38_A" "chr8_81515555_C_T_b38_C"
[49] "chr8_81518769_T_C_b38_T" "chr8_81527961_G_T_b38_G"
[51] "chr8_81900677_A_T_b38_A" "chr8_81900680_C_T_b38_C"
[53] "chr8_81900761_G_T_b38_G" "chr8_81900762_G_A_b38_G"
[55] "chr8_81900773_G_A_b38_G" "chr8_81900776_G_T_b38_G"
[57] "chr8_81900779_T_C_b38_T" "chr8_81900782_C_T_b38_C"
[59] "chr8_81900783_T_C_b38_T" "chr8_81900784_G_A_b38_G"
[61] "chr8_81900789_T_C_b38_T" "chr8_81900796_C_G_b38_C"
[63] "chr8_81900800_G_C_b38_G" "chr8_82127185_G_A_b38_G"
[65] "chr8_82127192_C_G_b38_C" "chr8_82129772_G_C_b38_G"
[67] "chr8_82130336_C_T_b38_C" "chr8_82136891_C_T_b38_C"
[69] "chr8_82137774_C_G_b38_C"
56 SNP(s) removed because HWE P < 1e-08 :
 [1] "chr2_234571796_G_C_b38_G" "chr2_234679043_G_T_b38_G"
 [3] "chr2_234679188_T_C_b38_T" "chr2_234758936_C_T_b38_C"
 [5] "chr2_234758982_T_C_b38_T" "chr2_234760203_A_G_b38_A"
 [7] "chr2_234760375_C_T_b38_C" "chr2_234888396_A_G_b38_A"
 [9] "chr2_234888758_T_C_b38_T" "chr2_234894832_A_C_b38_A"
[11] "chr2_234894910_G_A_b38_G" "chr2_234894973_T_C_b38_T"
[13] "chr2_234895017_A_G_b38_A" "chr2_234895077_T_C_b38_T"
[15] "chr2_234895138_G_A_b38_G" "chr2_234895180_T_G_b38_T"
[17] "chr2_234895243_G_C_b38_G" "chr2_234895404_A_G_b38_A"
[19] "chr2_234895495_A_G_b38_A" "chr2_234895594_G_T_b38_G"
[21] "chr2_234895605_G_A_b38_G" "chr2_234895717_A_C_b38_A"
[23] "chr2_234895726_G_A_b38_G" "chr2_234895744_C_T_b38_C"
[25] "chr2_234895756_C_A_b38_C" "chr2_234895848_T_A_b38_T"
[27] "chr2_234895974_C_T_b38_C" "chr2_234895996_G_A_b38_G"
[29] "chr2_234896107_C_G_b38_C" "chr2_234896219_G_C_b38_G"
[31] "chr2_234896302_G_C_b38_G" "chr2_234896331_A_G_b38_A"
[33] "chr2_235001953_C_T_b38_C" "chr2_235013109_C_A_b38_C"
[35] "chr2_235013502_C_T_b38_C" "chr2_235014147_A_G_b38_A"
[37] "chr2_235014329_G_T_b38_G" "chr2_235016380_G_A_b38_G"
[39] "chr2_235017019_T_C_b38_T" "chr2_235018342_C_T_b38_C"
[41] "chr2_235031472_C_T_b38_C" "chr2_235062147_T_G_b38_T"
[43] "chr2_235255566_C_A_b38_C" "chr2_235294463_A_G_b38_A"
[45] "chr2_235316147_T_C_b38_T" "chr2_235374434_A_G_b38_A"
[47] "chr2_235375213_T_C_b38_T" "chr2_235375341_T_C_b38_T"
[49] "chr2_235376857_G_A_b38_G" "chr2_235378897_A_T_b38_A"
[51] "chr2_235380311_G_A_b38_G" "chr2_235383464_G_A_b38_G"
[53] "chr2_235385818_T_C_b38_T" "chr2_235399509_A_G_b38_A"
[55] "chr2_235401021_T_A_b38_T" "chr2_235450334_T_C_b38_T"
51 SNP(s) removed because HWE P < 1e-08 :
 [1] "chr19_50749708_G_C_b38_G" "chr19_50842031_A_G_b38_A"
 [3] "chr19_50896788_T_C_b38_T" "chr19_50897100_A_G_b38_A"
 [5] "chr19_50897145_C_T_b38_C" "chr19_50948431_C_T_b38_C"
 [7] "chr19_50957933_A_G_b38_A" "chr19_51083323_T_G_b38_T"
 [9] "chr19_51107599_A_G_b38_A" "chr19_51107741_T_G_b38_T"
[11] "chr19_51108006_G_A_b38_G" "chr19_51116302_T_C_b38_T"
[13] "chr19_51120922_T_G_b38_T" "chr19_51121015_T_G_b38_T"
[15] "chr19_51121279_T_C_b38_T" "chr19_51121832_A_C_b38_A"
[17] "chr19_51121942_T_C_b38_T" "chr19_51122379_A_G_b38_A"
[19] "chr19_51122568_A_G_b38_A" "chr19_51122642_G_C_b38_G"
[21] "chr19_51123685_A_G_b38_A" "chr19_51136723_A_G_b38_A"
[23] "chr19_51172375_T_C_b38_T" "chr19_51173311_A_G_b38_A"
[25] "chr19_51173876_T_C_b38_T" "chr19_51184134_C_T_b38_C"
[27] "chr19_51201503_A_G_b38_A" "chr19_51208344_T_C_b38_T"
[29] "chr19_51208365_C_T_b38_C" "chr19_51212754_T_C_b38_T"
[31] "chr19_51235665_T_C_b38_T" "chr19_51251278_A_C_b38_A"
[33] "chr19_51280161_A_G_b38_A" "chr19_51280387_C_T_b38_C"
[35] "chr19_51281207_G_A_b38_G" "chr19_51282770_C_G_b38_C"
[37] "chr19_51283428_T_C_b38_T" "chr19_51284112_C_T_b38_C"
[39] "chr19_51284184_A_C_b38_A" "chr19_51285176_C_A_b38_C"
[41] "chr19_51285861_G_A_b38_G" "chr19_51287738_T_C_b38_T"
[43] "chr19_51290510_A_C_b38_A" "chr19_51291857_T_G_b38_T"
[45] "chr19_51293045_T_C_b38_T" "chr19_51298175_C_T_b38_C"
[47] "chr19_51358092_C_G_b38_C" "chr19_51447917_C_T_b38_C"
[49] "chr19_51447928_A_G_b38_A" "chr19_51448049_T_G_b38_T"
[51] "chr19_51457686_A_G_b38_A"
22 SNP(s) removed because HWE P < 1e-08 :
 [1] "chr1_162353041_G_C_b38_G" "chr1_162353047_A_C_b38_A"
 [3] "chr1_162477576_G_A_b38_G" "chr1_162481393_G_A_b38_G"
 [5] "chr1_162483630_C_T_b38_C" "chr1_162701799_T_C_b38_T"
 [7] "chr1_162704548_G_A_b38_G" "chr1_162705250_T_C_b38_T"
 [9] "chr1_162706401_C_T_b38_C" "chr1_162710700_T_C_b38_T"
[11] "chr1_162714569_T_C_b38_T" "chr1_162722878_C_G_b38_C"
[13] "chr1_162733892_A_G_b38_A" "chr1_162742199_A_T_b38_A"
[15] "chr1_162742900_G_A_b38_G" "chr1_162743999_G_A_b38_G"
[17] "chr1_162744207_T_C_b38_T" "chr1_162752426_G_A_b38_G"
[19] "chr1_162763446_G_A_b38_G" "chr1_162798738_C_G_b38_C"
[21] "chr1_162803606_G_A_b38_G" "chr1_162909861_T_C_b38_T"
32 SNP(s) removed because HWE P < 1e-08 :
 [1] "chr19_17504800_T_C_b38_T" "chr19_17504915_T_C_b38_T"
 [3] "chr19_17583443_G_T_b38_G" "chr19_17666011_C_T_b38_C"
 [5] "chr19_17666078_T_C_b38_T" "chr19_17847808_C_T_b38_C"
 [7] "chr19_17847968_T_C_b38_T" "chr19_17901200_G_T_b38_G"
 [9] "chr19_17908396_T_C_b38_T" "chr19_17924720_G_T_b38_G"
[11] "chr19_17928630_T_C_b38_T" "chr19_18036796_G_A_b38_G"
[13] "chr19_18037080_A_T_b38_A" "chr19_18037381_T_C_b38_T"
[15] "chr19_18037783_T_C_b38_T" "chr19_18039165_G_A_b38_G"
[17] "chr19_18039479_C_T_b38_C" "chr19_18039995_T_C_b38_T"
[19] "chr19_18040092_T_C_b38_T" "chr19_18040429_G_T_b38_G"
[21] "chr19_18040432_G_T_b38_G" "chr19_18042127_C_T_b38_C"
[23] "chr19_18042885_A_G_b38_A" "chr19_18043992_G_C_b38_G"
[25] "chr19_18044231_C_G_b38_C" "chr19_18044266_G_C_b38_G"
[27] "chr19_18251693_G_C_b38_G" "chr19_18260387_C_T_b38_C"
[29] "chr19_18262150_C_G_b38_C" "chr19_18265699_G_A_b38_G"
[31] "chr19_18265970_T_C_b38_T" "chr19_18267871_C_A_b38_C"
17 SNP(s) removed because HWE P < 1e-08 :
 [1] "chr15_64651985_A_T_b38_A" "chr15_64744498_A_C_b38_A"
 [3] "chr15_64748729_C_T_b38_C" "chr15_64748845_C_A_b38_C"
 [5] "chr15_64799239_A_C_b38_A" "chr15_64799248_T_C_b38_T"
 [7] "chr15_64839184_G_C_b38_G" "chr15_64852246_G_A_b38_G"
 [9] "chr15_64915471_A_G_b38_A" "chr15_64921218_A_T_b38_A"
[11] "chr15_64937983_T_C_b38_T" "chr15_64941973_T_A_b38_T"
[13] "chr15_64943304_T_A_b38_T" "chr15_64943631_C_T_b38_C"
[15] "chr15_64945162_C_A_b38_C" "chr15_64961454_C_T_b38_C"
[17] "chr15_65367165_G_A_b38_G"
14 SNP(s) removed because HWE P < 1e-08 :
 [1] "chr6_40802162_G_T_b38_G" "chr6_41185500_G_A_b38_G"
 [3] "chr6_41191118_T_A_b38_T" "chr6_41196219_A_C_b38_A"
 [5] "chr6_41196284_C_G_b38_C" "chr6_41197134_A_G_b38_A"
 [7] "chr6_41197963_C_T_b38_C" "chr6_41258733_C_A_b38_C"
 [9] "chr6_41259085_C_T_b38_C" "chr6_41259415_C_A_b38_C"
[11] "chr6_41260008_C_A_b38_C" "chr6_41261431_T_G_b38_T"
[13] "chr6_41266859_C_G_b38_C" "chr6_41415987_A_T_b38_A"
50 SNP(s) removed because HWE P < 1e-08 :
 [1] "chr8_132676729_G_T_b38_G" "chr8_132677062_C_G_b38_C"
 [3] "chr8_132677460_C_T_b38_C" "chr8_132677677_G_A_b38_G"
 [5] "chr8_132677748_C_T_b38_C" "chr8_132677947_G_A_b38_G"
 [7] "chr8_132678711_A_G_b38_A" "chr8_132679066_G_C_b38_G"
 [9] "chr8_132679070_G_C_b38_G" "chr8_132679694_T_G_b38_T"
[11] "chr8_132679843_A_C_b38_A" "chr8_132680208_G_A_b38_G"
[13] "chr8_132680909_A_G_b38_A" "chr8_132680981_G_C_b38_G"
[15] "chr8_132691947_C_A_b38_C" "chr8_132693686_T_C_b38_T"
[17] "chr8_132694105_G_T_b38_G" "chr8_132694842_G_A_b38_G"
[19] "chr8_132695594_G_C_b38_G" "chr8_132696055_G_T_b38_G"
[21] "chr8_132698417_C_T_b38_C" "chr8_132698583_T_C_b38_T"
[23] "chr8_132698791_A_T_b38_A" "chr8_132698859_T_A_b38_T"
[25] "chr8_132699455_A_G_b38_A" "chr8_132701133_T_G_b38_T"
[27] "chr8_132702767_G_T_b38_G" "chr8_132703376_G_T_b38_G"
[29] "chr8_132703857_C_T_b38_C" "chr8_132704526_G_A_b38_G"
[31] "chr8_132705136_G_T_b38_G" "chr8_132708636_A_G_b38_A"
[33] "chr8_132708782_A_T_b38_A" "chr8_132709350_C_G_b38_C"
[35] "chr8_132709360_C_G_b38_C" "chr8_132709372_A_C_b38_A"
[37] "chr8_132709373_C_T_b38_C" "chr8_132709884_T_C_b38_T"
[39] "chr8_132709905_T_A_b38_T" "chr8_132710423_C_T_b38_C"
[41] "chr8_132711024_C_T_b38_C" "chr8_132712263_G_A_b38_G"
[43] "chr8_132712822_C_T_b38_C" "chr8_132713473_C_T_b38_C"
[45] "chr8_132715178_G_C_b38_G" "chr8_132721976_C_A_b38_C"
[47] "chr8_133327023_T_C_b38_T" "chr8_133343172_G_A_b38_G"
[49] "chr8_133454002_G_A_b38_G" "chr8_133569143_C_G_b38_C"
37 SNP(s) removed because HWE P < 1e-08 :
 [1] "chr16_24109784_G_A_b38_G" "chr16_24227690_G_C_b38_G"
 [3] "chr16_24233628_G_C_b38_G" "chr16_24496566_C_T_b38_C"
 [5] "chr16_24496764_C_A_b38_C" "chr16_24499309_C_T_b38_C"
 [7] "chr16_24870481_A_C_b38_A" "chr16_24873006_G_A_b38_G"
 [9] "chr16_24884357_A_G_b38_A" "chr16_24917601_A_G_b38_A"
[11] "chr16_24917765_G_A_b38_G" "chr16_24917986_T_C_b38_T"
[13] "chr16_24919227_T_C_b38_T" "chr16_24920477_C_T_b38_C"
[15] "chr16_24920573_A_G_b38_A" "chr16_24921599_T_C_b38_T"
[17] "chr16_24923143_G_T_b38_G" "chr16_24924245_T_C_b38_T"
[19] "chr16_24924716_A_T_b38_A" "chr16_24925306_A_G_b38_A"
[21] "chr16_24927264_T_C_b38_T" "chr16_24932825_T_C_b38_T"
[23] "chr16_24940578_A_G_b38_A" "chr16_24943087_G_A_b38_G"
[25] "chr16_24943465_A_G_b38_A" "chr16_24945135_A_G_b38_A"
[27] "chr16_24945229_T_G_b38_T" "chr16_24945237_A_C_b38_A"
[29] "chr16_24947347_A_C_b38_A" "chr16_24947664_G_A_b38_G"
[31] "chr16_24948730_C_G_b38_C" "chr16_24950568_T_C_b38_T"
[33] "chr16_24952718_T_C_b38_T" "chr16_24953197_T_C_b38_T"
[35] "chr16_24953395_G_T_b38_G" "chr16_24953714_C_T_b38_C"
[37] "chr16_24955202_T_C_b38_T"
32 SNP(s) removed because HWE P < 1e-08 :
 [1] "chr19_17504800_T_C_b38_T" "chr19_17504915_T_C_b38_T"
 [3] "chr19_17583443_G_T_b38_G" "chr19_17666011_C_T_b38_C"
 [5] "chr19_17666078_T_C_b38_T" "chr19_17847808_C_T_b38_C"
 [7] "chr19_17847968_T_C_b38_T" "chr19_17901200_G_T_b38_G"
 [9] "chr19_17908396_T_C_b38_T" "chr19_17924720_G_T_b38_G"
[11] "chr19_17928630_T_C_b38_T" "chr19_18036796_G_A_b38_G"
[13] "chr19_18037080_A_T_b38_A" "chr19_18037381_T_C_b38_T"
[15] "chr19_18037783_T_C_b38_T" "chr19_18039165_G_A_b38_G"
[17] "chr19_18039479_C_T_b38_C" "chr19_18039995_T_C_b38_T"
[19] "chr19_18040092_T_C_b38_T" "chr19_18040429_G_T_b38_G"
[21] "chr19_18040432_G_T_b38_G" "chr19_18042127_C_T_b38_C"
[23] "chr19_18042885_A_G_b38_A" "chr19_18043992_G_C_b38_G"
[25] "chr19_18044231_C_G_b38_C" "chr19_18044266_G_C_b38_G"
[27] "chr19_18251693_G_C_b38_G" "chr19_18260387_C_T_b38_C"
[29] "chr19_18262150_C_G_b38_C" "chr19_18265699_G_A_b38_G"
[31] "chr19_18265970_T_C_b38_T" "chr19_18267871_C_A_b38_C"
22 SNP(s) removed because HWE P < 1e-08 :
 [1] "chr1_162353041_G_C_b38_G" "chr1_162353047_A_C_b38_A"
 [3] "chr1_162477576_G_A_b38_G" "chr1_162481393_G_A_b38_G"
 [5] "chr1_162483630_C_T_b38_C" "chr1_162701799_T_C_b38_T"
 [7] "chr1_162704548_G_A_b38_G" "chr1_162705250_T_C_b38_T"
 [9] "chr1_162706401_C_T_b38_C" "chr1_162710700_T_C_b38_T"
[11] "chr1_162714569_T_C_b38_T" "chr1_162722878_C_G_b38_C"
[13] "chr1_162733892_A_G_b38_A" "chr1_162742199_A_T_b38_A"
[15] "chr1_162742900_G_A_b38_G" "chr1_162743999_G_A_b38_G"
[17] "chr1_162744207_T_C_b38_T" "chr1_162752426_G_A_b38_G"
[19] "chr1_162763446_G_A_b38_G" "chr1_162798738_C_G_b38_C"
[21] "chr1_162803606_G_A_b38_G" "chr1_162909861_T_C_b38_T"
26 SNP(s) removed because HWE P < 1e-08 :
 [1] "chr4_48078519_A_C_b38_A" "chr4_48079528_T_C_b38_T"
 [3] "chr4_48085231_T_C_b38_T" "chr4_48085838_G_A_b38_G"
 [5] "chr4_48086052_C_T_b38_C" "chr4_48086429_A_G_b38_A"
 [7] "chr4_48450863_T_C_b38_T" "chr4_48451209_C_T_b38_C"
 [9] "chr4_48452709_A_G_b38_A" "chr4_48711359_T_C_b38_T"
[11] "chr4_48711393_C_T_b38_C" "chr4_48711401_C_A_b38_C"
[13] "chr4_48711410_A_G_b38_A" "chr4_48711421_A_C_b38_A"
[15] "chr4_48711432_G_C_b38_G" "chr4_48711433_G_A_b38_G"
[17] "chr4_48711441_A_C_b38_A" "chr4_48711445_C_T_b38_C"
[19] "chr4_48711447_G_A_b38_G" "chr4_48711466_C_T_b38_C"
[21] "chr4_48711467_A_T_b38_A" "chr4_48711470_G_A_b38_G"
[23] "chr4_48711609_C_T_b38_C" "chr4_48711661_A_G_b38_A"
[25] "chr4_48711678_T_A_b38_T" "chr4_48711716_T_C_b38_T"
22 SNP(s) removed because HWE P < 1e-08 :
 [1] "chr4_8044692_G_T_b38_G" "chr4_8044693_A_C_b38_A" "chr4_8059763_G_A_b38_G"
 [4] "chr4_8100031_G_T_b38_G" "chr4_8100581_C_T_b38_C" "chr4_8306668_C_G_b38_C"
 [7] "chr4_8557849_T_C_b38_T" "chr4_8557938_A_C_b38_A" "chr4_8557958_G_A_b38_G"
[10] "chr4_8557961_C_T_b38_C" "chr4_8585626_A_G_b38_A" "chr4_8603756_G_C_b38_G"
[13] "chr4_8632004_T_A_b38_T" "chr4_8632045_A_G_b38_A" "chr4_8635779_A_G_b38_A"
[16] "chr4_8655103_T_G_b38_T" "chr4_8655200_C_G_b38_C" "chr4_8656155_G_C_b38_G"
[19] "chr4_8659539_G_A_b38_G" "chr4_8661217_T_G_b38_T" "chr4_8674262_C_G_b38_C"
[22] "chr4_8677036_C_A_b38_C"
68 SNP(s) removed because HWE P < 1e-08 :
 [1] "chr4_73206425_T_C_b38_T" "chr4_73480179_T_C_b38_T"
 [3] "chr4_73512022_T_C_b38_T" "chr4_73512227_A_C_b38_A"
 [5] "chr4_73525916_T_C_b38_T" "chr4_73670269_A_C_b38_A"
 [7] "chr4_73671701_A_C_b38_A" "chr4_73671988_A_C_b38_A"
 [9] "chr4_73672521_C_G_b38_C" "chr4_73672998_G_C_b38_G"
[11] "chr4_73673086_C_T_b38_C" "chr4_73677062_G_A_b38_G"
[13] "chr4_73677544_A_G_b38_A" "chr4_73703690_T_C_b38_T"
[15] "chr4_73704926_C_G_b38_C" "chr4_73706322_T_C_b38_T"
[17] "chr4_73756309_G_T_b38_G" "chr4_73756508_A_C_b38_A"
[19] "chr4_73756570_A_G_b38_A" "chr4_73756953_G_C_b38_G"
[21] "chr4_73757133_A_G_b38_A" "chr4_73759808_G_A_b38_G"
[23] "chr4_73766423_G_A_b38_G" "chr4_73772232_T_A_b38_T"
[25] "chr4_73776309_G_A_b38_G" "chr4_73787434_C_T_b38_C"
[27] "chr4_73789873_T_C_b38_T" "chr4_73812558_C_G_b38_C"
[29] "chr4_73822838_T_G_b38_T" "chr4_73911506_C_T_b38_C"
[31] "chr4_73914679_C_A_b38_C" "chr4_73916821_T_C_b38_T"
[33] "chr4_73926314_C_A_b38_C" "chr4_73939206_G_T_b38_G"
[35] "chr4_73940365_C_T_b38_C" "chr4_73940477_A_T_b38_A"
[37] "chr4_73942211_A_G_b38_A" "chr4_73951378_A_G_b38_A"
[39] "chr4_73954231_G_C_b38_G" "chr4_73956357_T_A_b38_T"
[41] "chr4_73956834_G_C_b38_G" "chr4_73957162_A_T_b38_A"
[43] "chr4_73957164_A_G_b38_A" "chr4_73958318_G_A_b38_G"
[45] "chr4_73959772_C_A_b38_C" "chr4_73960051_T_C_b38_T"
[47] "chr4_73960370_C_A_b38_C" "chr4_73962730_G_A_b38_G"
[49] "chr4_73963615_C_A_b38_C" "chr4_73965771_G_A_b38_G"
[51] "chr4_73967656_A_T_b38_A" "chr4_73968741_C_A_b38_C"
[53] "chr4_73968939_C_T_b38_C" "chr4_73969650_A_G_b38_A"
[55] "chr4_73971435_C_A_b38_C" "chr4_73971685_T_C_b38_T"
[57] "chr4_73972755_A_T_b38_A" "chr4_73974728_T_A_b38_T"
[59] "chr4_73974896_A_T_b38_A" "chr4_73976472_C_T_b38_C"
[61] "chr4_73979815_T_G_b38_T" "chr4_73979939_A_G_b38_A"
[63] "chr4_73991991_A_G_b38_A" "chr4_73999357_A_T_b38_A"
[65] "chr4_74002549_A_G_b38_A" "chr4_74003278_C_G_b38_C"
[67] "chr4_74073858_A_C_b38_A" "chr4_74078732_C_G_b38_C"
74 SNP(s) removed because HWE P < 1e-08 :
 [1] "chr21_31920396_G_A_b38_G" "chr21_31935565_G_C_b38_G"
 [3] "chr21_31935580_T_G_b38_T" "chr21_32134286_A_T_b38_A"
 [5] "chr21_32238948_G_A_b38_G" "chr21_32250914_C_T_b38_C"
 [7] "chr21_32311415_A_C_b38_A" "chr21_32410343_C_T_b38_C"
 [9] "chr21_32432979_G_A_b38_G" "chr21_32432987_A_C_b38_A"
[11] "chr21_32432995_G_A_b38_G" "chr21_32433065_T_A_b38_T"
[13] "chr21_32433084_C_T_b38_C" "chr21_32433553_G_A_b38_G"
[15] "chr21_32433554_C_G_b38_C" "chr21_32433562_T_C_b38_T"
[17] "chr21_32433629_A_G_b38_A" "chr21_32433656_G_A_b38_G"
[19] "chr21_32433663_A_T_b38_A" "chr21_32434706_A_G_b38_A"
[21] "chr21_32434713_T_C_b38_T" "chr21_32434721_A_C_b38_A"
[23] "chr21_32434746_A_C_b38_A" "chr21_32434842_G_A_b38_G"
[25] "chr21_32434867_C_T_b38_C" "chr21_32434878_G_A_b38_G"
[27] "chr21_32434919_T_G_b38_T" "chr21_32434927_C_T_b38_C"
[29] "chr21_32434967_T_G_b38_T" "chr21_32434971_T_C_b38_T"
[31] "chr21_32434992_T_C_b38_T" "chr21_32435003_T_G_b38_T"
[33] "chr21_32435004_T_C_b38_T" "chr21_32435117_A_G_b38_A"
[35] "chr21_32435125_T_C_b38_T" "chr21_32435126_G_C_b38_G"
[37] "chr21_32435133_C_A_b38_C" "chr21_32435360_C_T_b38_C"
[39] "chr21_32435400_A_G_b38_A" "chr21_32435408_T_C_b38_T"
[41] "chr21_32435414_A_G_b38_A" "chr21_32435436_C_T_b38_C"
[43] "chr21_32435462_C_T_b38_C" "chr21_32435661_G_C_b38_G"
[45] "chr21_32435666_T_G_b38_T" "chr21_32435667_A_G_b38_A"
[47] "chr21_32435716_C_T_b38_C" "chr21_32435721_G_A_b38_G"
[49] "chr21_32435728_T_C_b38_T" "chr21_32435763_C_T_b38_C"
[51] "chr21_32435766_A_C_b38_A" "chr21_32435898_C_T_b38_C"
[53] "chr21_32435949_T_A_b38_T" "chr21_32435990_T_A_b38_T"
[55] "chr21_32436019_G_A_b38_G" "chr21_32436447_T_A_b38_T"
[57] "chr21_32436465_A_C_b38_A" "chr21_32436477_T_A_b38_T"
[59] "chr21_32436484_T_C_b38_T" "chr21_32436539_G_A_b38_G"
[61] "chr21_32436627_G_A_b38_G" "chr21_32436628_G_A_b38_G"
[63] "chr21_32436637_A_G_b38_A" "chr21_32436702_C_T_b38_C"
[65] "chr21_32436736_G_A_b38_G" "chr21_32436746_A_G_b38_A"
[67] "chr21_32437187_G_C_b38_G" "chr21_32437224_A_G_b38_A"
[69] "chr21_32437249_C_A_b38_C" "chr21_32437250_G_A_b38_G"
[71] "chr21_32437258_C_G_b38_C" "chr21_32621877_A_T_b38_A"
[73] "chr21_32660622_A_G_b38_A" "chr21_32660624_C_T_b38_C"
26 SNP(s) removed because HWE P < 1e-08 :
 [1] "chr4_48078519_A_C_b38_A" "chr4_48079528_T_C_b38_T"
 [3] "chr4_48085231_T_C_b38_T" "chr4_48085838_G_A_b38_G"
 [5] "chr4_48086052_C_T_b38_C" "chr4_48086429_A_G_b38_A"
 [7] "chr4_48450863_T_C_b38_T" "chr4_48451209_C_T_b38_C"
 [9] "chr4_48452709_A_G_b38_A" "chr4_48711359_T_C_b38_T"
[11] "chr4_48711393_C_T_b38_C" "chr4_48711401_C_A_b38_C"
[13] "chr4_48711410_A_G_b38_A" "chr4_48711421_A_C_b38_A"
[15] "chr4_48711432_G_C_b38_G" "chr4_48711433_G_A_b38_G"
[17] "chr4_48711441_A_C_b38_A" "chr4_48711445_C_T_b38_C"
[19] "chr4_48711447_G_A_b38_G" "chr4_48711466_C_T_b38_C"
[21] "chr4_48711467_A_T_b38_A" "chr4_48711470_G_A_b38_G"
[23] "chr4_48711609_C_T_b38_C" "chr4_48711661_A_G_b38_A"
[25] "chr4_48711678_T_A_b38_T" "chr4_48711716_T_C_b38_T"
32 SNP(s) removed because HWE P < 1e-08 :
 [1] "chr19_17504800_T_C_b38_T" "chr19_17504915_T_C_b38_T"
 [3] "chr19_17583443_G_T_b38_G" "chr19_17666011_C_T_b38_C"
 [5] "chr19_17666078_T_C_b38_T" "chr19_17847808_C_T_b38_C"
 [7] "chr19_17847968_T_C_b38_T" "chr19_17901200_G_T_b38_G"
 [9] "chr19_17908396_T_C_b38_T" "chr19_17924720_G_T_b38_G"
[11] "chr19_17928630_T_C_b38_T" "chr19_18036796_G_A_b38_G"
[13] "chr19_18037080_A_T_b38_A" "chr19_18037381_T_C_b38_T"
[15] "chr19_18037783_T_C_b38_T" "chr19_18039165_G_A_b38_G"
[17] "chr19_18039479_C_T_b38_C" "chr19_18039995_T_C_b38_T"
[19] "chr19_18040092_T_C_b38_T" "chr19_18040429_G_T_b38_G"
[21] "chr19_18040432_G_T_b38_G" "chr19_18042127_C_T_b38_C"
[23] "chr19_18042885_A_G_b38_A" "chr19_18043992_G_C_b38_G"
[25] "chr19_18044231_C_G_b38_C" "chr19_18044266_G_C_b38_G"
[27] "chr19_18251693_G_C_b38_G" "chr19_18260387_C_T_b38_C"
[29] "chr19_18262150_C_G_b38_C" "chr19_18265699_G_A_b38_G"
[31] "chr19_18265970_T_C_b38_T" "chr19_18267871_C_A_b38_C"
22 SNP(s) removed because HWE P < 1e-08 :
 [1] "chr1_162353041_G_C_b38_G" "chr1_162353047_A_C_b38_A"
 [3] "chr1_162477576_G_A_b38_G" "chr1_162481393_G_A_b38_G"
 [5] "chr1_162483630_C_T_b38_C" "chr1_162701799_T_C_b38_T"
 [7] "chr1_162704548_G_A_b38_G" "chr1_162705250_T_C_b38_T"
 [9] "chr1_162706401_C_T_b38_C" "chr1_162710700_T_C_b38_T"
[11] "chr1_162714569_T_C_b38_T" "chr1_162722878_C_G_b38_C"
[13] "chr1_162733892_A_G_b38_A" "chr1_162742199_A_T_b38_A"
[15] "chr1_162742900_G_A_b38_G" "chr1_162743999_G_A_b38_G"
[17] "chr1_162744207_T_C_b38_T" "chr1_162752426_G_A_b38_G"
[19] "chr1_162763446_G_A_b38_G" "chr1_162798738_C_G_b38_C"
[21] "chr1_162803606_G_A_b38_G" "chr1_162909861_T_C_b38_T"
69 SNP(s) removed because HWE P < 1e-08 :
 [1] "chr8_81253423_T_C_b38_T" "chr8_81281143_C_T_b38_C"
 [3] "chr8_81289273_A_T_b38_A" "chr8_81297255_A_G_b38_A"
 [5] "chr8_81299436_C_T_b38_C" "chr8_81300344_T_C_b38_T"
 [7] "chr8_81325559_T_C_b38_T" "chr8_81327049_C_G_b38_C"
 [9] "chr8_81327156_T_G_b38_T" "chr8_81327252_A_G_b38_A"
[11] "chr8_81327333_T_C_b38_T" "chr8_81327394_A_G_b38_A"
[13] "chr8_81328362_A_G_b38_A" "chr8_81328531_C_A_b38_C"
[15] "chr8_81329064_T_A_b38_T" "chr8_81329094_T_G_b38_T"
[17] "chr8_81329957_C_T_b38_C" "chr8_81330786_A_G_b38_A"
[19] "chr8_81330873_T_C_b38_T" "chr8_81331043_A_C_b38_A"
[21] "chr8_81331131_T_C_b38_T" "chr8_81331608_C_T_b38_C"
[23] "chr8_81331614_C_T_b38_C" "chr8_81331709_T_G_b38_T"
[25] "chr8_81331864_A_G_b38_A" "chr8_81331877_C_T_b38_C"
[27] "chr8_81332098_G_A_b38_G" "chr8_81332283_A_G_b38_A"
[29] "chr8_81332524_C_T_b38_C" "chr8_81332904_A_T_b38_A"
[31] "chr8_81332906_C_T_b38_C" "chr8_81333125_G_A_b38_G"
[33] "chr8_81333194_G_T_b38_G" "chr8_81333216_T_C_b38_T"
[35] "chr8_81333791_C_T_b38_C" "chr8_81334313_T_C_b38_T"
[37] "chr8_81335686_A_G_b38_A" "chr8_81336303_C_T_b38_C"
[39] "chr8_81464464_C_T_b38_C" "chr8_81468508_A_T_b38_A"
[41] "chr8_81468888_A_G_b38_A" "chr8_81469332_T_C_b38_T"
[43] "chr8_81469415_G_A_b38_G" "chr8_81470506_G_A_b38_G"
[45] "chr8_81470621_C_T_b38_C" "chr8_81471159_T_G_b38_T"
[47] "chr8_81514819_A_C_b38_A" "chr8_81515555_C_T_b38_C"
[49] "chr8_81518769_T_C_b38_T" "chr8_81527961_G_T_b38_G"
[51] "chr8_81900677_A_T_b38_A" "chr8_81900680_C_T_b38_C"
[53] "chr8_81900761_G_T_b38_G" "chr8_81900762_G_A_b38_G"
[55] "chr8_81900773_G_A_b38_G" "chr8_81900776_G_T_b38_G"
[57] "chr8_81900779_T_C_b38_T" "chr8_81900782_C_T_b38_C"
[59] "chr8_81900783_T_C_b38_T" "chr8_81900784_G_A_b38_G"
[61] "chr8_81900789_T_C_b38_T" "chr8_81900796_C_G_b38_C"
[63] "chr8_81900800_G_C_b38_G" "chr8_82127185_G_A_b38_G"
[65] "chr8_82127192_C_G_b38_C" "chr8_82129772_G_C_b38_G"
[67] "chr8_82130336_C_T_b38_C" "chr8_82136891_C_T_b38_C"
[69] "chr8_82137774_C_G_b38_C"
69 SNP(s) removed because HWE P < 1e-08 :
 [1] "chr8_81253423_T_C_b38_T" "chr8_81281143_C_T_b38_C"
 [3] "chr8_81289273_A_T_b38_A" "chr8_81297255_A_G_b38_A"
 [5] "chr8_81299436_C_T_b38_C" "chr8_81300344_T_C_b38_T"
 [7] "chr8_81325559_T_C_b38_T" "chr8_81327049_C_G_b38_C"
 [9] "chr8_81327156_T_G_b38_T" "chr8_81327252_A_G_b38_A"
[11] "chr8_81327333_T_C_b38_T" "chr8_81327394_A_G_b38_A"
[13] "chr8_81328362_A_G_b38_A" "chr8_81328531_C_A_b38_C"
[15] "chr8_81329064_T_A_b38_T" "chr8_81329094_T_G_b38_T"
[17] "chr8_81329957_C_T_b38_C" "chr8_81330786_A_G_b38_A"
[19] "chr8_81330873_T_C_b38_T" "chr8_81331043_A_C_b38_A"
[21] "chr8_81331131_T_C_b38_T" "chr8_81331608_C_T_b38_C"
[23] "chr8_81331614_C_T_b38_C" "chr8_81331709_T_G_b38_T"
[25] "chr8_81331864_A_G_b38_A" "chr8_81331877_C_T_b38_C"
[27] "chr8_81332098_G_A_b38_G" "chr8_81332283_A_G_b38_A"
[29] "chr8_81332524_C_T_b38_C" "chr8_81332904_A_T_b38_A"
[31] "chr8_81332906_C_T_b38_C" "chr8_81333125_G_A_b38_G"
[33] "chr8_81333194_G_T_b38_G" "chr8_81333216_T_C_b38_T"
[35] "chr8_81333791_C_T_b38_C" "chr8_81334313_T_C_b38_T"
[37] "chr8_81335686_A_G_b38_A" "chr8_81336303_C_T_b38_C"
[39] "chr8_81464464_C_T_b38_C" "chr8_81468508_A_T_b38_A"
[41] "chr8_81468888_A_G_b38_A" "chr8_81469332_T_C_b38_T"
[43] "chr8_81469415_G_A_b38_G" "chr8_81470506_G_A_b38_G"
[45] "chr8_81470621_C_T_b38_C" "chr8_81471159_T_G_b38_T"
[47] "chr8_81514819_A_C_b38_A" "chr8_81515555_C_T_b38_C"
[49] "chr8_81518769_T_C_b38_T" "chr8_81527961_G_T_b38_G"
[51] "chr8_81900677_A_T_b38_A" "chr8_81900680_C_T_b38_C"
[53] "chr8_81900761_G_T_b38_G" "chr8_81900762_G_A_b38_G"
[55] "chr8_81900773_G_A_b38_G" "chr8_81900776_G_T_b38_G"
[57] "chr8_81900779_T_C_b38_T" "chr8_81900782_C_T_b38_C"
[59] "chr8_81900783_T_C_b38_T" "chr8_81900784_G_A_b38_G"
[61] "chr8_81900789_T_C_b38_T" "chr8_81900796_C_G_b38_C"
[63] "chr8_81900800_G_C_b38_G" "chr8_82127185_G_A_b38_G"
[65] "chr8_82127192_C_G_b38_C" "chr8_82129772_G_C_b38_G"
[67] "chr8_82130336_C_T_b38_C" "chr8_82136891_C_T_b38_C"
[69] "chr8_82137774_C_G_b38_C"
37 SNP(s) removed because HWE P < 1e-08 :
 [1] "chr16_24109784_G_A_b38_G" "chr16_24227690_G_C_b38_G"
 [3] "chr16_24233628_G_C_b38_G" "chr16_24496566_C_T_b38_C"
 [5] "chr16_24496764_C_A_b38_C" "chr16_24499309_C_T_b38_C"
 [7] "chr16_24870481_A_C_b38_A" "chr16_24873006_G_A_b38_G"
 [9] "chr16_24884357_A_G_b38_A" "chr16_24917601_A_G_b38_A"
[11] "chr16_24917765_G_A_b38_G" "chr16_24917986_T_C_b38_T"
[13] "chr16_24919227_T_C_b38_T" "chr16_24920477_C_T_b38_C"
[15] "chr16_24920573_A_G_b38_A" "chr16_24921599_T_C_b38_T"
[17] "chr16_24923143_G_T_b38_G" "chr16_24924245_T_C_b38_T"
[19] "chr16_24924716_A_T_b38_A" "chr16_24925306_A_G_b38_A"
[21] "chr16_24927264_T_C_b38_T" "chr16_24932825_T_C_b38_T"
[23] "chr16_24940578_A_G_b38_A" "chr16_24943087_G_A_b38_G"
[25] "chr16_24943465_A_G_b38_A" "chr16_24945135_A_G_b38_A"
[27] "chr16_24945229_T_G_b38_T" "chr16_24945237_A_C_b38_A"
[29] "chr16_24947347_A_C_b38_A" "chr16_24947664_G_A_b38_G"
[31] "chr16_24948730_C_G_b38_C" "chr16_24950568_T_C_b38_T"
[33] "chr16_24952718_T_C_b38_T" "chr16_24953197_T_C_b38_T"
[35] "chr16_24953395_G_T_b38_G" "chr16_24953714_C_T_b38_C"
[37] "chr16_24955202_T_C_b38_T"
5 SNP(s) removed because HWE P < 1e-08 :
[1] "chr13_77340956_C_G_b38_C" "chr13_77399205_A_G_b38_A"
[3] "chr13_77399478_C_T_b38_C" "chr13_77401811_G_T_b38_G"
[5] "chr13_77409779_T_G_b38_T"
32 SNP(s) removed because HWE P < 1e-08 :
 [1] "chr19_17504800_T_C_b38_T" "chr19_17504915_T_C_b38_T"
 [3] "chr19_17583443_G_T_b38_G" "chr19_17666011_C_T_b38_C"
 [5] "chr19_17666078_T_C_b38_T" "chr19_17847808_C_T_b38_C"
 [7] "chr19_17847968_T_C_b38_T" "chr19_17901200_G_T_b38_G"
 [9] "chr19_17908396_T_C_b38_T" "chr19_17924720_G_T_b38_G"
[11] "chr19_17928630_T_C_b38_T" "chr19_18036796_G_A_b38_G"
[13] "chr19_18037080_A_T_b38_A" "chr19_18037381_T_C_b38_T"
[15] "chr19_18037783_T_C_b38_T" "chr19_18039165_G_A_b38_G"
[17] "chr19_18039479_C_T_b38_C" "chr19_18039995_T_C_b38_T"
[19] "chr19_18040092_T_C_b38_T" "chr19_18040429_G_T_b38_G"
[21] "chr19_18040432_G_T_b38_G" "chr19_18042127_C_T_b38_C"
[23] "chr19_18042885_A_G_b38_A" "chr19_18043992_G_C_b38_G"
[25] "chr19_18044231_C_G_b38_C" "chr19_18044266_G_C_b38_G"
[27] "chr19_18251693_G_C_b38_G" "chr19_18260387_C_T_b38_C"
[29] "chr19_18262150_C_G_b38_C" "chr19_18265699_G_A_b38_G"
[31] "chr19_18265970_T_C_b38_T" "chr19_18267871_C_A_b38_C"
39 SNP(s) removed because HWE P < 1e-08 :
 [1] "chr22_49765666_G_C_b38_G" "chr22_49770965_G_C_b38_G"
 [3] "chr22_49837507_C_G_b38_C" "chr22_49846939_C_A_b38_C"
 [5] "chr22_49848251_T_C_b38_T" "chr22_49872508_G_A_b38_G"
 [7] "chr22_49880142_T_C_b38_T" "chr22_49880243_G_T_b38_G"
 [9] "chr22_49883047_G_C_b38_G" "chr22_49894697_A_G_b38_A"
[11] "chr22_49906790_T_C_b38_T" "chr22_49921580_T_C_b38_T"
[13] "chr22_49921715_C_A_b38_C" "chr22_49973759_T_C_b38_T"
[15] "chr22_50013858_A_C_b38_A" "chr22_50357867_G_A_b38_G"
[17] "chr22_50371703_G_C_b38_G" "chr22_50418711_G_A_b38_G"
[19] "chr22_50424402_A_C_b38_A" "chr22_50424421_C_A_b38_C"
[21] "chr22_50424423_C_T_b38_C" "chr22_50495487_G_A_b38_G"
[23] "chr22_50495498_T_C_b38_T" "chr22_50495499_G_A_b38_G"
[25] "chr22_50508159_C_G_b38_C" "chr22_50509182_A_G_b38_A"
[27] "chr22_50509488_T_C_b38_T" "chr22_50509962_A_G_b38_A"
[29] "chr22_50510817_C_T_b38_C" "chr22_50510967_T_C_b38_T"
[31] "chr22_50511806_T_C_b38_T" "chr22_50512014_T_C_b38_T"
[33] "chr22_50512298_G_A_b38_G" "chr22_50512549_T_G_b38_T"
[35] "chr22_50513313_G_C_b38_G" "chr22_50513793_G_A_b38_G"
[37] "chr22_50542614_C_T_b38_C" "chr22_50542624_A_T_b38_A"
[39] "chr22_50712000_C_T_b38_C"
23 SNP(s) removed because HWE P < 1e-08 :
 [1] "chr20_3229088_T_C_b38_T" "chr20_3620989_T_A_b38_T"
 [3] "chr20_3621518_C_T_b38_C" "chr20_3621703_G_A_b38_G"
 [5] "chr20_3622250_G_A_b38_G" "chr20_3622973_C_G_b38_C"
 [7] "chr20_3629107_T_C_b38_T" "chr20_3634743_G_A_b38_G"
 [9] "chr20_3635250_C_T_b38_C" "chr20_3635692_T_C_b38_T"
[11] "chr20_3636717_C_T_b38_C" "chr20_3638439_G_A_b38_G"
[13] "chr20_3638737_G_T_b38_G" "chr20_3639323_C_T_b38_C"
[15] "chr20_3639338_T_C_b38_T" "chr20_3639496_A_G_b38_A"
[17] "chr20_3640437_A_G_b38_A" "chr20_3646031_C_T_b38_C"
[19] "chr20_3700951_G_A_b38_G" "chr20_3808671_A_C_b38_A"
[21] "chr20_3813536_C_T_b38_C" "chr20_3859064_A_G_b38_A"
[23] "chr20_4177210_G_C_b38_G"
136 SNP(s) removed because HWE P < 1e-08 :
  [1] "chr4_150835969_C_T_b38_C" "chr4_150850218_T_C_b38_T"
  [3] "chr4_150856047_T_C_b38_T" "chr4_150860145_T_C_b38_T"
  [5] "chr4_150866806_G_A_b38_G" "chr4_150869388_C_A_b38_C"
  [7] "chr4_150870890_T_A_b38_T" "chr4_150888473_G_A_b38_G"
  [9] "chr4_150900424_C_A_b38_C" "chr4_150909623_T_C_b38_T"
 [11] "chr4_150913505_C_T_b38_C" "chr4_150917002_A_C_b38_A"
 [13] "chr4_150917162_A_T_b38_A" "chr4_150919600_A_G_b38_A"
 [15] "chr4_150920503_C_A_b38_C" "chr4_150921975_G_C_b38_G"
 [17] "chr4_150926978_G_A_b38_G" "chr4_150929372_T_G_b38_T"
 [19] "chr4_150929494_G_A_b38_G" "chr4_150930955_G_A_b38_G"
 [21] "chr4_150951372_T_A_b38_T" "chr4_150954011_A_G_b38_A"
 [23] "chr4_150954013_C_T_b38_C" "chr4_150966128_T_C_b38_T"
 [25] "chr4_150967457_A_G_b38_A" "chr4_150969829_A_G_b38_A"
 [27] "chr4_150973331_C_G_b38_C" "chr4_150978838_G_A_b38_G"
 [29] "chr4_150981682_C_T_b38_C" "chr4_150999553_G_A_b38_G"
 [31] "chr4_151003505_T_G_b38_T" "chr4_151018899_C_T_b38_C"
 [33] "chr4_151020582_G_A_b38_G" "chr4_151024140_G_C_b38_G"
 [35] "chr4_151024608_G_A_b38_G" "chr4_151029526_C_T_b38_C"
 [37] "chr4_151030535_C_T_b38_C" "chr4_151038159_T_C_b38_T"
 [39] "chr4_151047143_C_A_b38_C" "chr4_151050285_G_A_b38_G"
 [41] "chr4_151050290_A_G_b38_A" "chr4_151050449_G_T_b38_G"
 [43] "chr4_151052102_T_C_b38_T" "chr4_151052179_A_G_b38_A"
 [45] "chr4_151053822_G_T_b38_G" "chr4_151057190_T_C_b38_T"
 [47] "chr4_151057550_A_G_b38_A" "chr4_151057753_G_A_b38_G"
 [49] "chr4_151059206_G_A_b38_G" "chr4_151061446_G_A_b38_G"
 [51] "chr4_151061650_C_T_b38_C" "chr4_151066713_A_T_b38_A"
 [53] "chr4_151069620_A_C_b38_A" "chr4_151071839_G_A_b38_G"
 [55] "chr4_151072419_A_G_b38_A" "chr4_151075011_G_C_b38_G"
 [57] "chr4_151075145_A_T_b38_A" "chr4_151075235_A_G_b38_A"
 [59] "chr4_151076433_C_G_b38_C" "chr4_151079739_A_G_b38_A"
 [61] "chr4_151081582_C_T_b38_C" "chr4_151083081_C_G_b38_C"
 [63] "chr4_151083632_T_C_b38_T" "chr4_151084268_C_T_b38_C"
 [65] "chr4_151085126_T_A_b38_T" "chr4_151089186_A_G_b38_A"
 [67] "chr4_151093501_G_A_b38_G" "chr4_151094552_T_C_b38_T"
 [69] "chr4_151094624_C_T_b38_C" "chr4_151103174_T_G_b38_T"
 [71] "chr4_151109310_A_C_b38_A" "chr4_151110286_C_T_b38_C"
 [73] "chr4_151111688_G_C_b38_G" "chr4_151116052_C_T_b38_C"
 [75] "chr4_151119334_C_T_b38_C" "chr4_151122912_T_C_b38_T"
 [77] "chr4_151125139_G_A_b38_G" "chr4_151127152_C_T_b38_C"
 [79] "chr4_151132256_G_A_b38_G" "chr4_151133921_C_T_b38_C"
 [81] "chr4_151136855_C_A_b38_C" "chr4_151139052_T_A_b38_T"
 [83] "chr4_151145754_A_C_b38_A" "chr4_151148414_C_T_b38_C"
 [85] "chr4_151148878_A_C_b38_A" "chr4_151149481_T_A_b38_T"
 [87] "chr4_151153608_A_T_b38_A" "chr4_151163111_T_C_b38_T"
 [89] "chr4_151163935_T_C_b38_T" "chr4_151168515_G_C_b38_G"
 [91] "chr4_151170474_C_T_b38_C" "chr4_151173957_G_A_b38_G"
 [93] "chr4_151176810_T_C_b38_T" "chr4_151177434_C_T_b38_C"
 [95] "chr4_151184196_T_C_b38_T" "chr4_151184248_A_G_b38_A"
 [97] "chr4_151187408_A_G_b38_A" "chr4_151192512_T_C_b38_T"
 [99] "chr4_151194131_T_C_b38_T" "chr4_151195166_C_T_b38_C"
[101] "chr4_151195729_A_C_b38_A" "chr4_151196015_G_A_b38_G"
[103] "chr4_151200883_T_C_b38_T" "chr4_151200912_C_T_b38_C"
[105] "chr4_151210652_C_T_b38_C" "chr4_151210706_G_A_b38_G"
[107] "chr4_151213675_A_T_b38_A" "chr4_151215214_A_T_b38_A"
[109] "chr4_151217077_T_A_b38_T" "chr4_151218422_T_C_b38_T"
[111] "chr4_151218763_T_C_b38_T" "chr4_151219293_T_C_b38_T"
[113] "chr4_151219732_A_G_b38_A" "chr4_151220247_C_T_b38_C"
[115] "chr4_151220723_A_G_b38_A" "chr4_151223717_A_G_b38_A"
[117] "chr4_151224106_G_A_b38_G" "chr4_151224643_G_T_b38_G"
[119] "chr4_151227292_T_C_b38_T" "chr4_151227470_C_G_b38_C"
[121] "chr4_151228729_G_T_b38_G" "chr4_151229785_C_G_b38_C"
[123] "chr4_151233599_C_T_b38_C" "chr4_151234970_G_A_b38_G"
[125] "chr4_151236034_C_A_b38_C" "chr4_151236363_T_C_b38_T"
[127] "chr4_151238388_G_A_b38_G" "chr4_151240473_G_A_b38_G"
[129] "chr4_151240901_G_A_b38_G" "chr4_151241414_A_G_b38_A"
[131] "chr4_151241746_T_C_b38_T" "chr4_151280052_A_G_b38_A"
[133] "chr4_151285841_A_G_b38_A" "chr4_151286448_C_G_b38_C"
[135] "chr4_151379036_C_T_b38_C" "chr4_151800803_T_C_b38_T"
68 SNP(s) removed because HWE P < 1e-08 :
 [1] "chr4_73206425_T_C_b38_T" "chr4_73480179_T_C_b38_T"
 [3] "chr4_73512022_T_C_b38_T" "chr4_73512227_A_C_b38_A"
 [5] "chr4_73525916_T_C_b38_T" "chr4_73670269_A_C_b38_A"
 [7] "chr4_73671701_A_C_b38_A" "chr4_73671988_A_C_b38_A"
 [9] "chr4_73672521_C_G_b38_C" "chr4_73672998_G_C_b38_G"
[11] "chr4_73673086_C_T_b38_C" "chr4_73677062_G_A_b38_G"
[13] "chr4_73677544_A_G_b38_A" "chr4_73703690_T_C_b38_T"
[15] "chr4_73704926_C_G_b38_C" "chr4_73706322_T_C_b38_T"
[17] "chr4_73756309_G_T_b38_G" "chr4_73756508_A_C_b38_A"
[19] "chr4_73756570_A_G_b38_A" "chr4_73756953_G_C_b38_G"
[21] "chr4_73757133_A_G_b38_A" "chr4_73759808_G_A_b38_G"
[23] "chr4_73766423_G_A_b38_G" "chr4_73772232_T_A_b38_T"
[25] "chr4_73776309_G_A_b38_G" "chr4_73787434_C_T_b38_C"
[27] "chr4_73789873_T_C_b38_T" "chr4_73812558_C_G_b38_C"
[29] "chr4_73822838_T_G_b38_T" "chr4_73911506_C_T_b38_C"
[31] "chr4_73914679_C_A_b38_C" "chr4_73916821_T_C_b38_T"
[33] "chr4_73926314_C_A_b38_C" "chr4_73939206_G_T_b38_G"
[35] "chr4_73940365_C_T_b38_C" "chr4_73940477_A_T_b38_A"
[37] "chr4_73942211_A_G_b38_A" "chr4_73951378_A_G_b38_A"
[39] "chr4_73954231_G_C_b38_G" "chr4_73956357_T_A_b38_T"
[41] "chr4_73956834_G_C_b38_G" "chr4_73957162_A_T_b38_A"
[43] "chr4_73957164_A_G_b38_A" "chr4_73958318_G_A_b38_G"
[45] "chr4_73959772_C_A_b38_C" "chr4_73960051_T_C_b38_T"
[47] "chr4_73960370_C_A_b38_C" "chr4_73962730_G_A_b38_G"
[49] "chr4_73963615_C_A_b38_C" "chr4_73965771_G_A_b38_G"
[51] "chr4_73967656_A_T_b38_A" "chr4_73968741_C_A_b38_C"
[53] "chr4_73968939_C_T_b38_C" "chr4_73969650_A_G_b38_A"
[55] "chr4_73971435_C_A_b38_C" "chr4_73971685_T_C_b38_T"
[57] "chr4_73972755_A_T_b38_A" "chr4_73974728_T_A_b38_T"
[59] "chr4_73974896_A_T_b38_A" "chr4_73976472_C_T_b38_C"
[61] "chr4_73979815_T_G_b38_T" "chr4_73979939_A_G_b38_A"
[63] "chr4_73991991_A_G_b38_A" "chr4_73999357_A_T_b38_A"
[65] "chr4_74002549_A_G_b38_A" "chr4_74003278_C_G_b38_C"
[67] "chr4_74073858_A_C_b38_A" "chr4_74078732_C_G_b38_C"
69 SNP(s) removed because HWE P < 1e-08 :
 [1] "chr8_81253423_T_C_b38_T" "chr8_81281143_C_T_b38_C"
 [3] "chr8_81289273_A_T_b38_A" "chr8_81297255_A_G_b38_A"
 [5] "chr8_81299436_C_T_b38_C" "chr8_81300344_T_C_b38_T"
 [7] "chr8_81325559_T_C_b38_T" "chr8_81327049_C_G_b38_C"
 [9] "chr8_81327156_T_G_b38_T" "chr8_81327252_A_G_b38_A"
[11] "chr8_81327333_T_C_b38_T" "chr8_81327394_A_G_b38_A"
[13] "chr8_81328362_A_G_b38_A" "chr8_81328531_C_A_b38_C"
[15] "chr8_81329064_T_A_b38_T" "chr8_81329094_T_G_b38_T"
[17] "chr8_81329957_C_T_b38_C" "chr8_81330786_A_G_b38_A"
[19] "chr8_81330873_T_C_b38_T" "chr8_81331043_A_C_b38_A"
[21] "chr8_81331131_T_C_b38_T" "chr8_81331608_C_T_b38_C"
[23] "chr8_81331614_C_T_b38_C" "chr8_81331709_T_G_b38_T"
[25] "chr8_81331864_A_G_b38_A" "chr8_81331877_C_T_b38_C"
[27] "chr8_81332098_G_A_b38_G" "chr8_81332283_A_G_b38_A"
[29] "chr8_81332524_C_T_b38_C" "chr8_81332904_A_T_b38_A"
[31] "chr8_81332906_C_T_b38_C" "chr8_81333125_G_A_b38_G"
[33] "chr8_81333194_G_T_b38_G" "chr8_81333216_T_C_b38_T"
[35] "chr8_81333791_C_T_b38_C" "chr8_81334313_T_C_b38_T"
[37] "chr8_81335686_A_G_b38_A" "chr8_81336303_C_T_b38_C"
[39] "chr8_81464464_C_T_b38_C" "chr8_81468508_A_T_b38_A"
[41] "chr8_81468888_A_G_b38_A" "chr8_81469332_T_C_b38_T"
[43] "chr8_81469415_G_A_b38_G" "chr8_81470506_G_A_b38_G"
[45] "chr8_81470621_C_T_b38_C" "chr8_81471159_T_G_b38_T"
[47] "chr8_81514819_A_C_b38_A" "chr8_81515555_C_T_b38_C"
[49] "chr8_81518769_T_C_b38_T" "chr8_81527961_G_T_b38_G"
[51] "chr8_81900677_A_T_b38_A" "chr8_81900680_C_T_b38_C"
[53] "chr8_81900761_G_T_b38_G" "chr8_81900762_G_A_b38_G"
[55] "chr8_81900773_G_A_b38_G" "chr8_81900776_G_T_b38_G"
[57] "chr8_81900779_T_C_b38_T" "chr8_81900782_C_T_b38_C"
[59] "chr8_81900783_T_C_b38_T" "chr8_81900784_G_A_b38_G"
[61] "chr8_81900789_T_C_b38_T" "chr8_81900796_C_G_b38_C"
[63] "chr8_81900800_G_C_b38_G" "chr8_82127185_G_A_b38_G"
[65] "chr8_82127192_C_G_b38_C" "chr8_82129772_G_C_b38_G"
[67] "chr8_82130336_C_T_b38_C" "chr8_82136891_C_T_b38_C"
[69] "chr8_82137774_C_G_b38_C"
39 SNP(s) removed because HWE P < 1e-08 :
 [1] "chr22_49765666_G_C_b38_G" "chr22_49770965_G_C_b38_G"
 [3] "chr22_49837507_C_G_b38_C" "chr22_49846939_C_A_b38_C"
 [5] "chr22_49848251_T_C_b38_T" "chr22_49872508_G_A_b38_G"
 [7] "chr22_49880142_T_C_b38_T" "chr22_49880243_G_T_b38_G"
 [9] "chr22_49883047_G_C_b38_G" "chr22_49894697_A_G_b38_A"
[11] "chr22_49906790_T_C_b38_T" "chr22_49921580_T_C_b38_T"
[13] "chr22_49921715_C_A_b38_C" "chr22_49973759_T_C_b38_T"
[15] "chr22_50013858_A_C_b38_A" "chr22_50357867_G_A_b38_G"
[17] "chr22_50371703_G_C_b38_G" "chr22_50418711_G_A_b38_G"
[19] "chr22_50424402_A_C_b38_A" "chr22_50424421_C_A_b38_C"
[21] "chr22_50424423_C_T_b38_C" "chr22_50495487_G_A_b38_G"
[23] "chr22_50495498_T_C_b38_T" "chr22_50495499_G_A_b38_G"
[25] "chr22_50508159_C_G_b38_C" "chr22_50509182_A_G_b38_A"
[27] "chr22_50509488_T_C_b38_T" "chr22_50509962_A_G_b38_A"
[29] "chr22_50510817_C_T_b38_C" "chr22_50510967_T_C_b38_T"
[31] "chr22_50511806_T_C_b38_T" "chr22_50512014_T_C_b38_T"
[33] "chr22_50512298_G_A_b38_G" "chr22_50512549_T_G_b38_T"
[35] "chr22_50513313_G_C_b38_G" "chr22_50513793_G_A_b38_G"
[37] "chr22_50542614_C_T_b38_C" "chr22_50542624_A_T_b38_A"
[39] "chr22_50712000_C_T_b38_C"
42 SNP(s) removed because HWE P < 1e-08 :
 [1] "chr2_209432480_G_A_b38_G" "chr2_209432852_T_C_b38_T"
 [3] "chr2_209433214_A_G_b38_A" "chr2_209447308_C_T_b38_C"
 [5] "chr2_209447809_A_G_b38_A" "chr2_209447838_A_T_b38_A"
 [7] "chr2_209448064_C_T_b38_C" "chr2_209449082_C_T_b38_C"
 [9] "chr2_209451486_G_A_b38_G" "chr2_209452665_G_A_b38_G"
[11] "chr2_209453192_G_T_b38_G" "chr2_209453540_A_G_b38_A"
[13] "chr2_209454849_G_A_b38_G" "chr2_209454940_A_C_b38_A"
[15] "chr2_209455728_C_T_b38_C" "chr2_209533508_G_A_b38_G"
[17] "chr2_209535586_C_A_b38_C" "chr2_209539500_C_T_b38_C"
[19] "chr2_209556218_A_G_b38_A" "chr2_209556735_G_A_b38_G"
[21] "chr2_209563544_T_C_b38_T" "chr2_209572754_A_G_b38_A"
[23] "chr2_209573537_A_G_b38_A" "chr2_209583830_T_C_b38_T"
[25] "chr2_209584625_T_C_b38_T" "chr2_209592426_T_C_b38_T"
[27] "chr2_209603047_A_G_b38_A" "chr2_209611461_A_G_b38_A"
[29] "chr2_209614661_C_G_b38_C" "chr2_209627115_C_T_b38_C"
[31] "chr2_209633080_G_A_b38_G" "chr2_209706288_T_A_b38_T"
[33] "chr2_209746551_C_T_b38_C" "chr2_209751141_T_C_b38_T"
[35] "chr2_209824471_G_T_b38_G" "chr2_209824823_T_C_b38_T"
[37] "chr2_209830865_A_G_b38_A" "chr2_209834543_C_T_b38_C"
[39] "chr2_209836377_A_G_b38_A" "chr2_209959048_G_T_b38_G"
[41] "chr2_209962001_T_G_b38_T" "chr2_209977417_G_T_b38_G"
68 SNP(s) removed because HWE P < 1e-08 :
 [1] "chr4_73206425_T_C_b38_T" "chr4_73480179_T_C_b38_T"
 [3] "chr4_73512022_T_C_b38_T" "chr4_73512227_A_C_b38_A"
 [5] "chr4_73525916_T_C_b38_T" "chr4_73670269_A_C_b38_A"
 [7] "chr4_73671701_A_C_b38_A" "chr4_73671988_A_C_b38_A"
 [9] "chr4_73672521_C_G_b38_C" "chr4_73672998_G_C_b38_G"
[11] "chr4_73673086_C_T_b38_C" "chr4_73677062_G_A_b38_G"
[13] "chr4_73677544_A_G_b38_A" "chr4_73703690_T_C_b38_T"
[15] "chr4_73704926_C_G_b38_C" "chr4_73706322_T_C_b38_T"
[17] "chr4_73756309_G_T_b38_G" "chr4_73756508_A_C_b38_A"
[19] "chr4_73756570_A_G_b38_A" "chr4_73756953_G_C_b38_G"
[21] "chr4_73757133_A_G_b38_A" "chr4_73759808_G_A_b38_G"
[23] "chr4_73766423_G_A_b38_G" "chr4_73772232_T_A_b38_T"
[25] "chr4_73776309_G_A_b38_G" "chr4_73787434_C_T_b38_C"
[27] "chr4_73789873_T_C_b38_T" "chr4_73812558_C_G_b38_C"
[29] "chr4_73822838_T_G_b38_T" "chr4_73911506_C_T_b38_C"
[31] "chr4_73914679_C_A_b38_C" "chr4_73916821_T_C_b38_T"
[33] "chr4_73926314_C_A_b38_C" "chr4_73939206_G_T_b38_G"
[35] "chr4_73940365_C_T_b38_C" "chr4_73940477_A_T_b38_A"
[37] "chr4_73942211_A_G_b38_A" "chr4_73951378_A_G_b38_A"
[39] "chr4_73954231_G_C_b38_G" "chr4_73956357_T_A_b38_T"
[41] "chr4_73956834_G_C_b38_G" "chr4_73957162_A_T_b38_A"
[43] "chr4_73957164_A_G_b38_A" "chr4_73958318_G_A_b38_G"
[45] "chr4_73959772_C_A_b38_C" "chr4_73960051_T_C_b38_T"
[47] "chr4_73960370_C_A_b38_C" "chr4_73962730_G_A_b38_G"
[49] "chr4_73963615_C_A_b38_C" "chr4_73965771_G_A_b38_G"
[51] "chr4_73967656_A_T_b38_A" "chr4_73968741_C_A_b38_C"
[53] "chr4_73968939_C_T_b38_C" "chr4_73969650_A_G_b38_A"
[55] "chr4_73971435_C_A_b38_C" "chr4_73971685_T_C_b38_T"
[57] "chr4_73972755_A_T_b38_A" "chr4_73974728_T_A_b38_T"
[59] "chr4_73974896_A_T_b38_A" "chr4_73976472_C_T_b38_C"
[61] "chr4_73979815_T_G_b38_T" "chr4_73979939_A_G_b38_A"
[63] "chr4_73991991_A_G_b38_A" "chr4_73999357_A_T_b38_A"
[65] "chr4_74002549_A_G_b38_A" "chr4_74003278_C_G_b38_C"
[67] "chr4_74073858_A_C_b38_A" "chr4_74078732_C_G_b38_C"
37 SNP(s) removed because HWE P < 1e-08 :
 [1] "chr16_24109784_G_A_b38_G" "chr16_24227690_G_C_b38_G"
 [3] "chr16_24233628_G_C_b38_G" "chr16_24496566_C_T_b38_C"
 [5] "chr16_24496764_C_A_b38_C" "chr16_24499309_C_T_b38_C"
 [7] "chr16_24870481_A_C_b38_A" "chr16_24873006_G_A_b38_G"
 [9] "chr16_24884357_A_G_b38_A" "chr16_24917601_A_G_b38_A"
[11] "chr16_24917765_G_A_b38_G" "chr16_24917986_T_C_b38_T"
[13] "chr16_24919227_T_C_b38_T" "chr16_24920477_C_T_b38_C"
[15] "chr16_24920573_A_G_b38_A" "chr16_24921599_T_C_b38_T"
[17] "chr16_24923143_G_T_b38_G" "chr16_24924245_T_C_b38_T"
[19] "chr16_24924716_A_T_b38_A" "chr16_24925306_A_G_b38_A"
[21] "chr16_24927264_T_C_b38_T" "chr16_24932825_T_C_b38_T"
[23] "chr16_24940578_A_G_b38_A" "chr16_24943087_G_A_b38_G"
[25] "chr16_24943465_A_G_b38_A" "chr16_24945135_A_G_b38_A"
[27] "chr16_24945229_T_G_b38_T" "chr16_24945237_A_C_b38_A"
[29] "chr16_24947347_A_C_b38_A" "chr16_24947664_G_A_b38_G"
[31] "chr16_24948730_C_G_b38_C" "chr16_24950568_T_C_b38_T"
[33] "chr16_24952718_T_C_b38_T" "chr16_24953197_T_C_b38_T"
[35] "chr16_24953395_G_T_b38_G" "chr16_24953714_C_T_b38_C"
[37] "chr16_24955202_T_C_b38_T"
22 SNP(s) removed because HWE P < 1e-08 :
 [1] "chr4_8044692_G_T_b38_G" "chr4_8044693_A_C_b38_A" "chr4_8059763_G_A_b38_G"
 [4] "chr4_8100031_G_T_b38_G" "chr4_8100581_C_T_b38_C" "chr4_8306668_C_G_b38_C"
 [7] "chr4_8557849_T_C_b38_T" "chr4_8557938_A_C_b38_A" "chr4_8557958_G_A_b38_G"
[10] "chr4_8557961_C_T_b38_C" "chr4_8585626_A_G_b38_A" "chr4_8603756_G_C_b38_G"
[13] "chr4_8632004_T_A_b38_T" "chr4_8632045_A_G_b38_A" "chr4_8635779_A_G_b38_A"
[16] "chr4_8655103_T_G_b38_T" "chr4_8655200_C_G_b38_C" "chr4_8656155_G_C_b38_G"
[19] "chr4_8659539_G_A_b38_G" "chr4_8661217_T_G_b38_T" "chr4_8674262_C_G_b38_C"
[22] "chr4_8677036_C_A_b38_C"
40 SNP(s) removed because HWE P < 1e-08 :
 [1] "chr1_35810036_T_G_b38_T" "chr1_35819712_G_A_b38_G"
 [3] "chr1_35827609_T_C_b38_T" "chr1_35842750_C_T_b38_C"
 [5] "chr1_35848598_G_A_b38_G" "chr1_35849260_A_G_b38_A"
 [7] "chr1_35850970_A_C_b38_A" "chr1_35894068_A_G_b38_A"
 [9] "chr1_35900915_T_A_b38_T" "chr1_35902179_A_G_b38_A"
[11] "chr1_35924918_A_G_b38_A" "chr1_36023355_C_T_b38_C"
[13] "chr1_36032475_A_G_b38_A" "chr1_36053026_A_C_b38_A"
[15] "chr1_36070315_A_G_b38_A" "chr1_36096355_C_A_b38_C"
[17] "chr1_36096477_T_C_b38_T" "chr1_36096950_A_G_b38_A"
[19] "chr1_36155055_A_C_b38_A" "chr1_36159501_G_T_b38_G"
[21] "chr1_36162458_C_T_b38_C" "chr1_36180890_A_G_b38_A"
[23] "chr1_36182095_T_C_b38_T" "chr1_36184410_T_C_b38_T"
[25] "chr1_36185545_T_A_b38_T" "chr1_36186689_C_G_b38_C"
[27] "chr1_36187018_T_C_b38_T" "chr1_36193460_G_C_b38_G"
[29] "chr1_36195673_A_G_b38_A" "chr1_36202147_A_G_b38_A"
[31] "chr1_36202652_A_T_b38_A" "chr1_36202964_C_G_b38_C"
[33] "chr1_36203771_G_A_b38_G" "chr1_36390972_T_C_b38_T"
[35] "chr1_36406568_T_G_b38_T" "chr1_36505696_A_C_b38_A"
[37] "chr1_36506000_T_C_b38_T" "chr1_36506262_T_C_b38_T"
[39] "chr1_36534832_C_T_b38_C" "chr1_36535528_A_T_b38_A"
74 SNP(s) removed because HWE P < 1e-08 :
 [1] "chr21_31920396_G_A_b38_G" "chr21_31935565_G_C_b38_G"
 [3] "chr21_31935580_T_G_b38_T" "chr21_32134286_A_T_b38_A"
 [5] "chr21_32238948_G_A_b38_G" "chr21_32250914_C_T_b38_C"
 [7] "chr21_32311415_A_C_b38_A" "chr21_32410343_C_T_b38_C"
 [9] "chr21_32432979_G_A_b38_G" "chr21_32432987_A_C_b38_A"
[11] "chr21_32432995_G_A_b38_G" "chr21_32433065_T_A_b38_T"
[13] "chr21_32433084_C_T_b38_C" "chr21_32433553_G_A_b38_G"
[15] "chr21_32433554_C_G_b38_C" "chr21_32433562_T_C_b38_T"
[17] "chr21_32433629_A_G_b38_A" "chr21_32433656_G_A_b38_G"
[19] "chr21_32433663_A_T_b38_A" "chr21_32434706_A_G_b38_A"
[21] "chr21_32434713_T_C_b38_T" "chr21_32434721_A_C_b38_A"
[23] "chr21_32434746_A_C_b38_A" "chr21_32434842_G_A_b38_G"
[25] "chr21_32434867_C_T_b38_C" "chr21_32434878_G_A_b38_G"
[27] "chr21_32434919_T_G_b38_T" "chr21_32434927_C_T_b38_C"
[29] "chr21_32434967_T_G_b38_T" "chr21_32434971_T_C_b38_T"
[31] "chr21_32434992_T_C_b38_T" "chr21_32435003_T_G_b38_T"
[33] "chr21_32435004_T_C_b38_T" "chr21_32435117_A_G_b38_A"
[35] "chr21_32435125_T_C_b38_T" "chr21_32435126_G_C_b38_G"
[37] "chr21_32435133_C_A_b38_C" "chr21_32435360_C_T_b38_C"
[39] "chr21_32435400_A_G_b38_A" "chr21_32435408_T_C_b38_T"
[41] "chr21_32435414_A_G_b38_A" "chr21_32435436_C_T_b38_C"
[43] "chr21_32435462_C_T_b38_C" "chr21_32435661_G_C_b38_G"
[45] "chr21_32435666_T_G_b38_T" "chr21_32435667_A_G_b38_A"
[47] "chr21_32435716_C_T_b38_C" "chr21_32435721_G_A_b38_G"
[49] "chr21_32435728_T_C_b38_T" "chr21_32435763_C_T_b38_C"
[51] "chr21_32435766_A_C_b38_A" "chr21_32435898_C_T_b38_C"
[53] "chr21_32435949_T_A_b38_T" "chr21_32435990_T_A_b38_T"
[55] "chr21_32436019_G_A_b38_G" "chr21_32436447_T_A_b38_T"
[57] "chr21_32436465_A_C_b38_A" "chr21_32436477_T_A_b38_T"
[59] "chr21_32436484_T_C_b38_T" "chr21_32436539_G_A_b38_G"
[61] "chr21_32436627_G_A_b38_G" "chr21_32436628_G_A_b38_G"
[63] "chr21_32436637_A_G_b38_A" "chr21_32436702_C_T_b38_C"
[65] "chr21_32436736_G_A_b38_G" "chr21_32436746_A_G_b38_A"
[67] "chr21_32437187_G_C_b38_G" "chr21_32437224_A_G_b38_A"
[69] "chr21_32437249_C_A_b38_C" "chr21_32437250_G_A_b38_G"
[71] "chr21_32437258_C_G_b38_C" "chr21_32621877_A_T_b38_A"
[73] "chr21_32660622_A_G_b38_A" "chr21_32660624_C_T_b38_C"
86 SNP(s) removed because HWE P < 1e-08 :
 [1] "chr7_67019086_C_T_b38_C" "chr7_67019138_C_T_b38_C"
 [3] "chr7_67019172_C_T_b38_C" "chr7_67019179_G_A_b38_G"
 [5] "chr7_67019283_A_C_b38_A" "chr7_67019438_T_C_b38_T"
 [7] "chr7_67019495_G_A_b38_G" "chr7_67019504_G_T_b38_G"
 [9] "chr7_67019568_A_T_b38_A" "chr7_67019575_A_G_b38_A"
[11] "chr7_67019593_G_A_b38_G" "chr7_67019607_T_C_b38_T"
[13] "chr7_67019633_C_G_b38_C" "chr7_67019649_A_G_b38_A"
[15] "chr7_67019658_A_G_b38_A" "chr7_67019688_T_C_b38_T"
[17] "chr7_67019733_G_C_b38_G" "chr7_67019771_T_A_b38_T"
[19] "chr7_67019817_G_A_b38_G" "chr7_67019961_C_T_b38_C"
[21] "chr7_67019972_A_G_b38_A" "chr7_67020005_T_G_b38_T"
[23] "chr7_67020074_C_T_b38_C" "chr7_67020081_G_C_b38_G"
[25] "chr7_67020093_A_G_b38_A" "chr7_67020118_A_C_b38_A"
[27] "chr7_67020159_T_C_b38_T" "chr7_67020211_T_C_b38_T"
[29] "chr7_67020214_C_T_b38_C" "chr7_67020484_T_C_b38_T"
[31] "chr7_67020534_G_A_b38_G" "chr7_67020552_A_G_b38_A"
[33] "chr7_67020623_G_A_b38_G" "chr7_67020672_T_C_b38_T"
[35] "chr7_67020713_T_C_b38_T" "chr7_67020715_C_T_b38_C"
[37] "chr7_67020772_A_G_b38_A" "chr7_67020792_A_G_b38_A"
[39] "chr7_67020801_A_G_b38_A" "chr7_67020811_T_C_b38_T"
[41] "chr7_67020817_T_C_b38_T" "chr7_67020888_T_C_b38_T"
[43] "chr7_67020892_C_G_b38_C" "chr7_67020951_T_C_b38_T"
[45] "chr7_67020986_T_C_b38_T" "chr7_67021075_T_C_b38_T"
[47] "chr7_67021078_G_C_b38_G" "chr7_67021136_A_G_b38_A"
[49] "chr7_67021166_T_G_b38_T" "chr7_67021219_G_A_b38_G"
[51] "chr7_67021235_C_T_b38_C" "chr7_67021260_G_A_b38_G"
[53] "chr7_67021267_A_C_b38_A" "chr7_67021335_T_C_b38_T"
[55] "chr7_67021344_A_G_b38_A" "chr7_67021369_T_A_b38_T"
[57] "chr7_67021470_T_C_b38_T" "chr7_67021471_G_A_b38_G"
[59] "chr7_67021519_G_A_b38_G" "chr7_67021533_A_G_b38_A"
[61] "chr7_67021593_T_G_b38_T" "chr7_67021601_C_T_b38_C"
[63] "chr7_67030493_G_A_b38_G" "chr7_67030547_G_A_b38_G"
[65] "chr7_67088327_A_C_b38_A" "chr7_67088345_T_A_b38_T"
[67] "chr7_67150910_T_C_b38_T" "chr7_67150911_G_A_b38_G"
[69] "chr7_67150922_C_G_b38_C" "chr7_67150930_C_G_b38_C"
[71] "chr7_67150990_G_C_b38_G" "chr7_67151212_G_A_b38_G"
[73] "chr7_67151279_C_T_b38_C" "chr7_67253951_T_G_b38_T"
[75] "chr7_67260126_T_C_b38_T" "chr7_67293046_T_A_b38_T"
[77] "chr7_67293048_T_C_b38_T" "chr7_67293095_G_T_b38_G"
[79] "chr7_67300211_T_C_b38_T" "chr7_67304061_A_T_b38_A"
[81] "chr7_67304064_A_G_b38_A" "chr7_67304065_G_A_b38_G"
[83] "chr7_67304085_T_C_b38_T" "chr7_67304145_G_A_b38_G"
[85] "chr7_67304146_A_T_b38_A" "chr7_67417666_G_A_b38_G"
Finished simulation job 161 at Mon Sep 21 14:30:23 CDT 2026
