Starting chunk 116 at Tue Sep  1 10:50:54 CDT 2026
[2026-09-01 10:50:54] starting PFDN1
Importing covariate data.
Importing gene expression data.
Found 27 tissues for gene PFDN1 :
 [1] "Adipose Tissue"  "Adrenal Gland"   "Blood"           "Blood Vessel"   
 [5] "Brain"           "Breast"          "Colon"           "Esophagus"      
 [9] "Heart"           "Kidney"          "Liver"           "Lung"           
[13] "Muscle"          "Nerve"           "Ovary"           "Pancreas"       
[17] "Pituitary"       "Prostate"        "Salivary Gland"  "Skin"           
[21] "Small Intestine" "Spleen"          "Stomach"         "Testis"         
[25] "Thyroid"         "Uterus"          "Vagina"         
6 SNP(s) removed because HWE P < 1e-08 :
[1] "chr5_139807358_T_C_b38_T" "chr5_139807365_G_C_b38_G"
[3] "chr5_139847479_A_C_b38_A" "chr5_140131195_A_C_b38_A"
[5] "chr5_140709201_C_T_b38_C" "chr5_140709207_C_T_b38_C"

=====================================
Tissue: Adipose Tissue 
=====================================
[1] TRUE
Running SuSiE.

=====================================
Tissue: Adrenal Gland 
=====================================
[1] TRUE
Running SuSiE.

=====================================
Tissue: Blood 
=====================================
[1] TRUE
Running SuSiE.

=====================================
Tissue: Blood Vessel 
=====================================
[1] TRUE
Running SuSiE.

=====================================
Tissue: Brain 
=====================================
[1] TRUE
Running SuSiE.

=====================================
Tissue: Breast 
=====================================
[1] TRUE
Running SuSiE.

=====================================
Tissue: Colon 
=====================================
[1] TRUE
Running SuSiE.

=====================================
Tissue: Esophagus 
=====================================
[1] TRUE
Running SuSiE.

=====================================
Tissue: Heart 
=====================================
[1] TRUE
Running SuSiE.

=====================================
Tissue: Kidney 
=====================================
[1] TRUE
Running SuSiE.

=====================================
Tissue: Liver 
=====================================
[1] TRUE
Running SuSiE.

=====================================
Tissue: Lung 
=====================================
[1] TRUE
Running SuSiE.

=====================================
Tissue: Muscle 
=====================================
[1] TRUE
Running SuSiE.

=====================================
Tissue: Nerve 
=====================================
[1] TRUE
Running SuSiE.

=====================================
Tissue: Ovary 
=====================================
[1] TRUE
Running SuSiE.

=====================================
Tissue: Pancreas 
=====================================
[1] TRUE
Running SuSiE.

=====================================
Tissue: Pituitary 
=====================================
[1] TRUE
Running SuSiE.

=====================================
Tissue: Prostate 
=====================================
[1] TRUE
Running SuSiE.

=====================================
Tissue: Salivary Gland 
=====================================
[1] TRUE
Running SuSiE.

=====================================
Tissue: Skin 
=====================================
[1] TRUE
Running SuSiE.

=====================================
Tissue: Small Intestine 
=====================================
[1] TRUE
Running SuSiE.

=====================================
Tissue: Spleen 
=====================================
[1] TRUE
Running SuSiE.

=====================================
Tissue: Stomach 
=====================================
[1] TRUE
Running SuSiE.

=====================================
Tissue: Testis 
=====================================
[1] TRUE
Running SuSiE.

=====================================
Tissue: Thyroid 
=====================================
[1] TRUE
Running SuSiE.

=====================================
Tissue: Uterus 
=====================================
[1] TRUE
Running SuSiE.

=====================================
Tissue: Vagina 
=====================================
[1] TRUE
Running SuSiE.
[2026-09-01 10:53:09] starting PFDN2
Importing covariate data.
Importing gene expression data.
Found 27 tissues for gene PFDN2 :
 [1] "Adipose Tissue"  "Adrenal Gland"   "Blood"           "Blood Vessel"   
 [5] "Brain"           "Breast"          "Colon"           "Esophagus"      
 [9] "Heart"           "Kidney"          "Liver"           "Lung"           
[13] "Muscle"          "Nerve"           "Ovary"           "Pancreas"       
[17] "Pituitary"       "Prostate"        "Salivary Gland"  "Skin"           
[21] "Small Intestine" "Spleen"          "Stomach"         "Testis"         
[25] "Thyroid"         "Uterus"          "Vagina"         
158 SNP(s) removed because HWE P < 1e-08 :
  [1] "chr1_160681123_A_G_b38_A" "chr1_160692806_C_A_b38_C"
  [3] "chr1_160692808_A_G_b38_A" "chr1_160692817_A_C_b38_A"
  [5] "chr1_160692995_A_G_b38_A" "chr1_160693032_G_T_b38_G"
  [7] "chr1_160693129_C_A_b38_C" "chr1_160693287_A_G_b38_A"
  [9] "chr1_160693297_C_T_b38_C" "chr1_160693299_C_T_b38_C"
 [11] "chr1_160693300_G_T_b38_G" "chr1_160693305_G_C_b38_G"
 [13] "chr1_160693334_C_T_b38_C" "chr1_160693352_A_G_b38_A"
 [15] "chr1_160693354_C_T_b38_C" "chr1_160693355_A_G_b38_A"
 [17] "chr1_160693370_A_G_b38_A" "chr1_160693517_A_G_b38_A"
 [19] "chr1_160693540_T_A_b38_T" "chr1_160693562_C_T_b38_C"
 [21] "chr1_160693588_C_G_b38_C" "chr1_160693590_A_G_b38_A"
 [23] "chr1_160693615_G_A_b38_G" "chr1_160693836_C_A_b38_C"
 [25] "chr1_160693911_G_A_b38_G" "chr1_160693937_T_C_b38_T"
 [27] "chr1_160693976_C_A_b38_C" "chr1_160694194_G_A_b38_G"
 [29] "chr1_160694227_A_T_b38_A" "chr1_160694234_A_G_b38_A"
 [31] "chr1_160694955_A_G_b38_A" "chr1_160694970_G_A_b38_G"
 [33] "chr1_160695174_C_A_b38_C" "chr1_160695230_A_C_b38_A"
 [35] "chr1_160695295_T_C_b38_T" "chr1_160695334_G_A_b38_G"
 [37] "chr1_160695336_A_G_b38_A" "chr1_160695367_G_A_b38_G"
 [39] "chr1_160695385_T_C_b38_T" "chr1_160695412_G_T_b38_G"
 [41] "chr1_160695524_C_G_b38_C" "chr1_160695535_G_A_b38_G"
 [43] "chr1_160695622_C_T_b38_C" "chr1_160695748_C_T_b38_C"
 [45] "chr1_160695776_A_G_b38_A" "chr1_160695941_G_A_b38_G"
 [47] "chr1_160695947_G_A_b38_G" "chr1_160695982_G_A_b38_G"
 [49] "chr1_160695987_G_A_b38_G" "chr1_160696005_G_A_b38_G"
 [51] "chr1_160696010_A_G_b38_A" "chr1_160696013_G_T_b38_G"
 [53] "chr1_160696016_A_T_b38_A" "chr1_160696027_A_G_b38_A"
 [55] "chr1_160696045_G_T_b38_G" "chr1_160696048_C_T_b38_C"
 [57] "chr1_160696057_G_A_b38_G" "chr1_160696088_T_C_b38_T"
 [59] "chr1_160696115_G_C_b38_G" "chr1_160696146_T_C_b38_T"
 [61] "chr1_160696147_G_A_b38_G" "chr1_160696169_C_A_b38_C"
 [63] "chr1_160696179_A_C_b38_A" "chr1_160696181_A_G_b38_A"
 [65] "chr1_160696188_A_T_b38_A" "chr1_160696234_A_C_b38_A"
 [67] "chr1_160696267_A_G_b38_A" "chr1_160696327_C_A_b38_C"
 [69] "chr1_160696349_C_A_b38_C" "chr1_160696356_A_G_b38_A"
 [71] "chr1_160696387_C_T_b38_C" "chr1_160697195_G_A_b38_G"
 [73] "chr1_160697196_C_G_b38_C" "chr1_160697198_G_A_b38_G"
 [75] "chr1_160697262_C_T_b38_C" "chr1_160697264_C_T_b38_C"
 [77] "chr1_160697329_T_C_b38_T" "chr1_160697340_G_C_b38_G"
 [79] "chr1_160697367_G_T_b38_G" "chr1_160697370_T_A_b38_T"
 [81] "chr1_160697378_T_G_b38_T" "chr1_160697398_G_C_b38_G"
 [83] "chr1_160697399_C_T_b38_C" "chr1_160697413_G_A_b38_G"
 [85] "chr1_160697470_A_G_b38_A" "chr1_160697475_C_T_b38_C"
 [87] "chr1_160697492_G_A_b38_G" "chr1_160697545_C_T_b38_C"
 [89] "chr1_160697551_T_C_b38_T" "chr1_160697553_A_G_b38_A"
 [91] "chr1_160697568_T_C_b38_T" "chr1_160697617_A_G_b38_A"
 [93] "chr1_160697670_A_C_b38_A" "chr1_160846996_A_C_b38_A"
 [95] "chr1_161289503_G_A_b38_G" "chr1_161514774_T_A_b38_T"
 [97] "chr1_161514813_C_T_b38_C" "chr1_161514846_C_T_b38_C"
 [99] "chr1_161515894_C_T_b38_C" "chr1_161518749_G_C_b38_G"
[101] "chr1_161518767_C_A_b38_C" "chr1_161527631_C_A_b38_C"
[103] "chr1_161527656_T_G_b38_T" "chr1_161527755_T_C_b38_T"
[105] "chr1_161527756_C_T_b38_C" "chr1_161534126_T_C_b38_T"
[107] "chr1_161534306_T_C_b38_T" "chr1_161536235_A_G_b38_A"
[109] "chr1_161543658_A_G_b38_A" "chr1_161543847_A_T_b38_A"
[111] "chr1_161543913_C_T_b38_C" "chr1_161543914_A_G_b38_A"
[113] "chr1_161544117_A_G_b38_A" "chr1_161547516_C_T_b38_C"
[115] "chr1_161547841_T_C_b38_T" "chr1_161547844_T_C_b38_T"
[117] "chr1_161547871_A_G_b38_A" "chr1_161548020_G_C_b38_G"
[119] "chr1_161548052_C_G_b38_C" "chr1_161548104_T_A_b38_T"
[121] "chr1_161548369_C_T_b38_C" "chr1_161548382_C_T_b38_C"
[123] "chr1_161548424_T_C_b38_T" "chr1_161548546_C_T_b38_C"
[125] "chr1_161548828_G_A_b38_G" "chr1_161550184_G_C_b38_G"
[127] "chr1_161550221_G_C_b38_G" "chr1_161550223_T_C_b38_T"
[129] "chr1_161550467_C_T_b38_C" "chr1_161550724_G_T_b38_G"
[131] "chr1_161551068_C_T_b38_C" "chr1_161551129_T_C_b38_T"
[133] "chr1_161551365_G_A_b38_G" "chr1_161552912_C_T_b38_C"
[135] "chr1_161554029_A_T_b38_A" "chr1_161554263_T_G_b38_T"
[137] "chr1_161554534_T_C_b38_T" "chr1_161555240_C_T_b38_C"
[139] "chr1_161555539_A_C_b38_A" "chr1_161558046_T_G_b38_T"
[141] "chr1_161559610_C_T_b38_C" "chr1_161559681_C_A_b38_C"
[143] "chr1_161559730_G_A_b38_G" "chr1_161560030_C_T_b38_C"
[145] "chr1_161561275_T_C_b38_T" "chr1_161561294_T_C_b38_T"
[147] "chr1_161561515_G_A_b38_G" "chr1_161561547_C_T_b38_C"
[149] "chr1_161568896_C_T_b38_C" "chr1_161568930_C_T_b38_C"
[151] "chr1_161568958_T_C_b38_T" "chr1_161569201_G_C_b38_G"
[153] "chr1_161578926_G_A_b38_G" "chr1_161579181_T_C_b38_T"
[155] "chr1_161585671_C_A_b38_C" "chr1_161614775_A_G_b38_A"
[157] "chr1_161614811_A_C_b38_A" "chr1_161614815_A_G_b38_A"

=====================================
Tissue: Adipose Tissue 
=====================================
[1] TRUE
Running SuSiE.

=====================================
Tissue: Adrenal Gland 
=====================================
[1] TRUE
Running SuSiE.

=====================================
Tissue: Blood 
=====================================
[1] TRUE
Running SuSiE.

=====================================
Tissue: Blood Vessel 
=====================================
[1] TRUE
Running SuSiE.

=====================================
Tissue: Brain 
=====================================
[1] TRUE
Running SuSiE.

=====================================
Tissue: Breast 
=====================================
[1] TRUE
Running SuSiE.

=====================================
Tissue: Colon 
=====================================
[1] TRUE
Running SuSiE.

=====================================
Tissue: Esophagus 
=====================================
[1] TRUE
Running SuSiE.

=====================================
Tissue: Heart 
=====================================
[1] TRUE
Running SuSiE.

=====================================
Tissue: Kidney 
=====================================
[1] TRUE
Running SuSiE.

=====================================
Tissue: Liver 
=====================================
[1] TRUE
Running SuSiE.

=====================================
Tissue: Lung 
=====================================
[1] TRUE
Running SuSiE.

=====================================
Tissue: Muscle 
=====================================
[1] TRUE
Running SuSiE.

=====================================
Tissue: Nerve 
=====================================
[1] TRUE
Running SuSiE.

=====================================
Tissue: Ovary 
=====================================
[1] TRUE
Running SuSiE.

=====================================
Tissue: Pancreas 
=====================================
[1] TRUE
Running SuSiE.

=====================================
Tissue: Pituitary 
=====================================
[1] TRUE
Running SuSiE.

=====================================
Tissue: Prostate 
=====================================
[1] TRUE
Running SuSiE.

=====================================
Tissue: Salivary Gland 
=====================================
[1] TRUE
Running SuSiE.

=====================================
Tissue: Skin 
=====================================
[1] TRUE
Running SuSiE.

=====================================
Tissue: Small Intestine 
=====================================
[1] TRUE
Running SuSiE.

=====================================
Tissue: Spleen 
=====================================
[1] TRUE
Running SuSiE.

=====================================
Tissue: Stomach 
=====================================
[1] TRUE
Running SuSiE.

=====================================
Tissue: Testis 
=====================================
[1] TRUE
Running SuSiE.

=====================================
Tissue: Thyroid 
=====================================
[1] TRUE
Running SuSiE.

=====================================
Tissue: Uterus 
=====================================
[1] TRUE
Running SuSiE.

=====================================
Tissue: Vagina 
=====================================
[1] TRUE
Running SuSiE.
[2026-09-01 10:56:08] starting PFDN4
Importing covariate data.
Importing gene expression data.
Found 27 tissues for gene PFDN4 :
 [1] "Adipose Tissue"  "Adrenal Gland"   "Blood"           "Blood Vessel"   
 [5] "Brain"           "Breast"          "Colon"           "Esophagus"      
 [9] "Heart"           "Kidney"          "Liver"           "Lung"           
[13] "Muscle"          "Nerve"           "Ovary"           "Pancreas"       
[17] "Pituitary"       "Prostate"        "Salivary Gland"  "Skin"           
[21] "Small Intestine" "Spleen"          "Stomach"         "Testis"         
[25] "Thyroid"         "Uterus"          "Vagina"         
43 SNP(s) removed because HWE P < 1e-08 :
 [1] "chr20_53753861_G_C_b38_G" "chr20_53754092_G_C_b38_G"
 [3] "chr20_53848608_T_C_b38_T" "chr20_53887846_C_T_b38_C"
 [5] "chr20_53887863_T_G_b38_T" "chr20_53888426_G_A_b38_G"
 [7] "chr20_53889841_G_A_b38_G" "chr20_53890964_G_C_b38_G"
 [9] "chr20_53891365_A_G_b38_A" "chr20_53892305_G_A_b38_G"
[11] "chr20_53911110_G_A_b38_G" "chr20_53936653_C_T_b38_C"
[13] "chr20_54288269_T_G_b38_T" "chr20_54288738_G_A_b38_G"
[15] "chr20_54334682_A_G_b38_A" "chr20_54335461_T_C_b38_T"
[17] "chr20_54338091_A_T_b38_A" "chr20_54339821_T_A_b38_T"
[19] "chr20_54341304_G_A_b38_G" "chr20_54341477_G_A_b38_G"
[21] "chr20_54341703_C_G_b38_C" "chr20_54342064_C_T_b38_C"
[23] "chr20_54379651_G_T_b38_G" "chr20_54380152_T_G_b38_T"
[25] "chr20_54386331_C_T_b38_C" "chr20_54402496_A_G_b38_A"
[27] "chr20_54508657_T_C_b38_T" "chr20_54522306_A_C_b38_A"
[29] "chr20_54522704_A_G_b38_A" "chr20_54525204_G_A_b38_G"
[31] "chr20_54529702_C_T_b38_C" "chr20_54532944_C_T_b38_C"
[33] "chr20_54573609_T_C_b38_T" "chr20_54573628_G_A_b38_G"
[35] "chr20_54575173_C_T_b38_C" "chr20_54579041_G_A_b38_G"
[37] "chr20_54581557_G_T_b38_G" "chr20_54582309_A_T_b38_A"
[39] "chr20_54637860_C_T_b38_C" "chr20_54638046_C_T_b38_C"
[41] "chr20_54640216_A_G_b38_A" "chr20_54641411_G_A_b38_G"
[43] "chr20_54649867_C_T_b38_C"

=====================================
Tissue: Adipose Tissue 
=====================================
[1] TRUE
Running SuSiE.

=====================================
Tissue: Adrenal Gland 
=====================================
[1] TRUE
Running SuSiE.

=====================================
Tissue: Blood 
=====================================
[1] TRUE
Running SuSiE.

=====================================
Tissue: Blood Vessel 
=====================================
[1] TRUE
Running SuSiE.

=====================================
Tissue: Brain 
=====================================
[1] TRUE
Running SuSiE.

=====================================
Tissue: Breast 
=====================================
[1] TRUE
Running SuSiE.

=====================================
Tissue: Colon 
=====================================
[1] TRUE
Running SuSiE.

=====================================
Tissue: Esophagus 
=====================================
[1] TRUE
Running SuSiE.

=====================================
Tissue: Heart 
=====================================
[1] TRUE
Running SuSiE.

=====================================
Tissue: Kidney 
=====================================
[1] TRUE
Running SuSiE.

=====================================
Tissue: Liver 
=====================================
[1] TRUE
Running SuSiE.

=====================================
Tissue: Lung 
=====================================
[1] TRUE
Running SuSiE.

=====================================
Tissue: Muscle 
=====================================
[1] TRUE
Running SuSiE.

=====================================
Tissue: Nerve 
=====================================
[1] TRUE
Running SuSiE.

=====================================
Tissue: Ovary 
=====================================
[1] TRUE
Running SuSiE.

=====================================
Tissue: Pancreas 
=====================================
[1] TRUE
Running SuSiE.

=====================================
Tissue: Pituitary 
=====================================
[1] TRUE
Running SuSiE.

=====================================
Tissue: Prostate 
=====================================
[1] TRUE
Running SuSiE.

=====================================
Tissue: Salivary Gland 
=====================================
[1] TRUE
Running SuSiE.

=====================================
Tissue: Skin 
=====================================
[1] TRUE
Running SuSiE.

=====================================
Tissue: Small Intestine 
=====================================
[1] TRUE
Running SuSiE.

=====================================
Tissue: Spleen 
=====================================
[1] TRUE
Running SuSiE.

=====================================
Tissue: Stomach 
=====================================
[1] TRUE
Running SuSiE.

=====================================
Tissue: Testis 
=====================================
[1] TRUE
Running SuSiE.

=====================================
Tissue: Thyroid 
=====================================
[1] TRUE
Running SuSiE.

=====================================
Tissue: Uterus 
=====================================
[1] TRUE
Running SuSiE.

=====================================
Tissue: Vagina 
=====================================
[1] TRUE
Running SuSiE.
[2026-09-01 10:59:20] starting PFDN5
Importing covariate data.
Importing gene expression data.
Found 27 tissues for gene PFDN5 :
 [1] "Adipose Tissue"  "Adrenal Gland"   "Blood"           "Blood Vessel"   
 [5] "Brain"           "Breast"          "Colon"           "Esophagus"      
 [9] "Heart"           "Kidney"          "Liver"           "Lung"           
[13] "Muscle"          "Nerve"           "Ovary"           "Pancreas"       
[17] "Pituitary"       "Prostate"        "Salivary Gland"  "Skin"           
[21] "Small Intestine" "Spleen"          "Stomach"         "Testis"         
[25] "Thyroid"         "Uterus"          "Vagina"         
144 SNP(s) removed because HWE P < 1e-08 :
  [1] "chr12_52840282_A_G_b38_A" "chr12_52841891_G_A_b38_G"
  [3] "chr12_52842889_C_T_b38_C" "chr12_52843653_A_T_b38_A"
  [5] "chr12_52844328_C_T_b38_C" "chr12_52844440_A_G_b38_A"
  [7] "chr12_52844752_T_C_b38_T" "chr12_52844761_G_A_b38_G"
  [9] "chr12_52845085_G_A_b38_G" "chr12_52846241_C_T_b38_C"
 [11] "chr12_52846317_C_T_b38_C" "chr12_52846342_T_G_b38_T"
 [13] "chr12_52846564_G_A_b38_G" "chr12_52846627_T_C_b38_T"
 [15] "chr12_52847237_C_T_b38_C" "chr12_52847286_A_G_b38_A"
 [17] "chr12_52847373_T_C_b38_T" "chr12_52849211_C_A_b38_C"
 [19] "chr12_52850203_A_T_b38_A" "chr12_52850836_A_G_b38_A"
 [21] "chr12_52850852_G_A_b38_G" "chr12_52851310_C_G_b38_C"
 [23] "chr12_52851322_T_C_b38_T" "chr12_52926151_G_C_b38_G"
 [25] "chr12_52949221_G_A_b38_G" "chr12_52949223_G_A_b38_G"
 [27] "chr12_52949249_G_A_b38_G" "chr12_52949252_C_T_b38_C"
 [29] "chr12_52949256_C_A_b38_C" "chr12_52949267_G_T_b38_G"
 [31] "chr12_52949275_C_A_b38_C" "chr12_52949285_G_T_b38_G"
 [33] "chr12_52949287_C_T_b38_C" "chr12_52949290_T_C_b38_T"
 [35] "chr12_52949300_G_C_b38_G" "chr12_52949314_C_T_b38_C"
 [37] "chr12_52949315_G_A_b38_G" "chr12_52949321_C_T_b38_C"
 [39] "chr12_52949336_A_C_b38_A" "chr12_52949340_G_A_b38_G"
 [41] "chr12_52949348_G_T_b38_G" "chr12_52949350_G_T_b38_G"
 [43] "chr12_52949364_C_G_b38_C" "chr12_52949368_C_G_b38_C"
 [45] "chr12_52949374_A_G_b38_A" "chr12_52949425_G_A_b38_G"
 [47] "chr12_52949441_C_T_b38_C" "chr12_52949447_G_C_b38_G"
 [49] "chr12_52949452_T_C_b38_T" "chr12_52949473_C_G_b38_C"
 [51] "chr12_52949481_C_A_b38_C" "chr12_52949482_C_T_b38_C"
 [53] "chr12_52949489_C_T_b38_C" "chr12_52949519_T_C_b38_T"
 [55] "chr12_52949534_C_T_b38_C" "chr12_52949538_A_C_b38_A"
 [57] "chr12_52949541_T_A_b38_T" "chr12_52959339_A_T_b38_A"
 [59] "chr12_52984880_G_T_b38_G" "chr12_52985241_C_T_b38_C"
 [61] "chr12_52986953_C_T_b38_C" "chr12_52988027_G_A_b38_G"
 [63] "chr12_52988313_T_A_b38_T" "chr12_52988362_C_T_b38_C"
 [65] "chr12_52988602_T_C_b38_T" "chr12_52988896_T_A_b38_T"
 [67] "chr12_52989999_G_C_b38_G" "chr12_52990095_G_A_b38_G"
 [69] "chr12_52990763_C_A_b38_C" "chr12_52991333_C_G_b38_C"
 [71] "chr12_52991340_A_G_b38_A" "chr12_52991708_C_T_b38_C"
 [73] "chr12_52994331_G_C_b38_G" "chr12_52994499_T_C_b38_T"
 [75] "chr12_52997717_G_A_b38_G" "chr12_53000180_A_G_b38_A"
 [77] "chr12_53007697_G_T_b38_G" "chr12_53013054_A_G_b38_A"
 [79] "chr12_53014796_A_G_b38_A" "chr12_53040321_C_A_b38_C"
 [81] "chr12_53043071_T_C_b38_T" "chr12_53136805_G_A_b38_G"
 [83] "chr12_53148299_T_C_b38_T" "chr12_53153995_C_T_b38_C"
 [85] "chr12_53154227_G_A_b38_G" "chr12_53156946_C_A_b38_C"
 [87] "chr12_53170807_G_A_b38_G" "chr12_53172707_C_T_b38_C"
 [89] "chr12_53177015_G_A_b38_G" "chr12_53182612_T_C_b38_T"
 [91] "chr12_53182675_C_T_b38_C" "chr12_53183623_A_G_b38_A"
 [93] "chr12_53186347_T_C_b38_T" "chr12_53189883_A_G_b38_A"
 [95] "chr12_53198548_C_A_b38_C" "chr12_53199661_A_G_b38_A"
 [97] "chr12_53219097_T_C_b38_T" "chr12_53220726_A_G_b38_A"
 [99] "chr12_53222700_C_T_b38_C" "chr12_53285577_T_G_b38_T"
[101] "chr12_53288099_A_T_b38_A" "chr12_53311691_G_C_b38_G"
[103] "chr12_53337788_T_C_b38_T" "chr12_53339998_A_G_b38_A"
[105] "chr12_53354852_T_C_b38_T" "chr12_53354925_C_A_b38_C"
[107] "chr12_53357131_A_C_b38_A" "chr12_53357132_C_A_b38_C"
[109] "chr12_53359614_T_C_b38_T" "chr12_53360937_C_G_b38_C"
[111] "chr12_53363499_G_C_b38_G" "chr12_53363606_A_G_b38_A"
[113] "chr12_53364173_G_T_b38_G" "chr12_53364428_A_G_b38_A"
[115] "chr12_53365012_T_C_b38_T" "chr12_53365647_T_C_b38_T"
[117] "chr12_53370367_T_A_b38_T" "chr12_53371844_G_A_b38_G"
[119] "chr12_53373242_T_C_b38_T" "chr12_53373799_A_G_b38_A"
[121] "chr12_53374261_A_G_b38_A" "chr12_53374296_C_T_b38_C"
[123] "chr12_53377962_T_C_b38_T" "chr12_53390463_G_T_b38_G"
[125] "chr12_53402778_A_C_b38_A" "chr12_53407838_G_A_b38_G"
[127] "chr12_53409768_T_G_b38_T" "chr12_53410580_C_T_b38_C"
[129] "chr12_53418071_G_T_b38_G" "chr12_53424172_C_A_b38_C"
[131] "chr12_53424503_A_G_b38_A" "chr12_53426836_C_T_b38_C"
[133] "chr12_53429523_G_A_b38_G" "chr12_53430624_C_T_b38_C"
[135] "chr12_53430724_G_C_b38_G" "chr12_53432598_T_C_b38_T"
[137] "chr12_53432824_T_C_b38_T" "chr12_53665067_C_A_b38_C"
[139] "chr12_53666847_G_A_b38_G" "chr12_53667053_C_T_b38_C"
[141] "chr12_53701143_G_T_b38_G" "chr12_53785818_C_T_b38_C"
[143] "chr12_53787250_A_G_b38_A" "chr12_53794398_T_G_b38_T"

=====================================
Tissue: Adipose Tissue 
=====================================
[1] TRUE
Running SuSiE.

=====================================
Tissue: Adrenal Gland 
=====================================
[1] TRUE
Running SuSiE.

=====================================
Tissue: Blood 
=====================================
[1] TRUE
Running SuSiE.

=====================================
Tissue: Blood Vessel 
=====================================
[1] TRUE
Running SuSiE.

=====================================
Tissue: Brain 
=====================================
[1] TRUE
Running SuSiE.

=====================================
Tissue: Breast 
=====================================
[1] TRUE
Running SuSiE.

=====================================
Tissue: Colon 
=====================================
[1] TRUE
Running SuSiE.

=====================================
Tissue: Esophagus 
=====================================
[1] TRUE
Running SuSiE.

=====================================
Tissue: Heart 
=====================================
[1] TRUE
Running SuSiE.

=====================================
Tissue: Kidney 
=====================================
[1] TRUE
Running SuSiE.

=====================================
Tissue: Liver 
=====================================
[1] TRUE
Running SuSiE.

=====================================
Tissue: Lung 
=====================================
[1] TRUE
Running SuSiE.

=====================================
Tissue: Muscle 
=====================================
[1] TRUE
Running SuSiE.

=====================================
Tissue: Nerve 
=====================================
[1] TRUE
Running SuSiE.

=====================================
Tissue: Ovary 
=====================================
[1] TRUE
Running SuSiE.

=====================================
Tissue: Pancreas 
=====================================
[1] TRUE
Running SuSiE.

=====================================
Tissue: Pituitary 
=====================================
[1] TRUE
Running SuSiE.

=====================================
Tissue: Prostate 
=====================================
[1] TRUE
Running SuSiE.

=====================================
Tissue: Salivary Gland 
=====================================
[1] TRUE
Running SuSiE.

=====================================
Tissue: Skin 
=====================================
[1] TRUE
Running SuSiE.

=====================================
Tissue: Small Intestine 
=====================================
[1] TRUE
Running SuSiE.

=====================================
Tissue: Spleen 
=====================================
[1] TRUE
Running SuSiE.

=====================================
Tissue: Stomach 
=====================================
[1] TRUE
Running SuSiE.

=====================================
Tissue: Testis 
=====================================
[1] TRUE
Running SuSiE.

=====================================
Tissue: Thyroid 
=====================================
[1] TRUE
Running SuSiE.

=====================================
Tissue: Uterus 
=====================================
[1] TRUE
Running SuSiE.

=====================================
Tissue: Vagina 
=====================================
[1] TRUE
Running SuSiE.
[2026-09-01 11:01:50] starting PFDN6
Importing covariate data.
Importing gene expression data.
Found 27 tissues for gene PFDN6 :
 [1] "Adipose Tissue"  "Adrenal Gland"   "Blood"           "Blood Vessel"   
 [5] "Brain"           "Breast"          "Colon"           "Esophagus"      
 [9] "Heart"           "Kidney"          "Liver"           "Lung"           
[13] "Muscle"          "Nerve"           "Ovary"           "Pancreas"       
[17] "Pituitary"       "Prostate"        "Salivary Gland"  "Skin"           
[21] "Small Intestine" "Spleen"          "Stomach"         "Testis"         
[25] "Thyroid"         "Uterus"          "Vagina"         
6 SNP(s) removed because HWE P < 1e-08 :
[1] "chr6_32885511_C_G_b38_C" "chr6_32885519_G_C_b38_G"
[3] "chr6_32885530_T_C_b38_T" "chr6_32885531_G_A_b38_G"
[5] "chr6_33421126_A_C_b38_A" "chr6_33768305_G_A_b38_G"

=====================================
Tissue: Adipose Tissue 
=====================================
[1] TRUE
Running SuSiE.

=====================================
Tissue: Adrenal Gland 
=====================================
[1] TRUE
Running SuSiE.

=====================================
Tissue: Blood 
=====================================
[1] TRUE
Running SuSiE.

=====================================
Tissue: Blood Vessel 
=====================================
[1] TRUE
Running SuSiE.

=====================================
Tissue: Brain 
=====================================
[1] TRUE
Running SuSiE.

=====================================
Tissue: Breast 
=====================================
[1] TRUE
Running SuSiE.

=====================================
Tissue: Colon 
=====================================
[1] TRUE
Running SuSiE.

=====================================
Tissue: Esophagus 
=====================================
[1] TRUE
Running SuSiE.

=====================================
Tissue: Heart 
=====================================
[1] TRUE
Running SuSiE.

=====================================
Tissue: Kidney 
=====================================
[1] TRUE
Running SuSiE.

=====================================
Tissue: Liver 
=====================================
[1] TRUE
Running SuSiE.

=====================================
Tissue: Lung 
=====================================
[1] TRUE
Running SuSiE.

=====================================
Tissue: Muscle 
=====================================
[1] TRUE
Running SuSiE.

=====================================
Tissue: Nerve 
=====================================
[1] TRUE
Running SuSiE.

=====================================
Tissue: Ovary 
=====================================
[1] TRUE
Running SuSiE.

=====================================
Tissue: Pancreas 
=====================================
[1] TRUE
Running SuSiE.

=====================================
Tissue: Pituitary 
=====================================
[1] TRUE
Running SuSiE.

=====================================
Tissue: Prostate 
=====================================
[1] TRUE
Running SuSiE.

=====================================
Tissue: Salivary Gland 
=====================================
[1] TRUE
Running SuSiE.

=====================================
Tissue: Skin 
=====================================
[1] TRUE
Running SuSiE.

=====================================
Tissue: Small Intestine 
=====================================
[1] TRUE
Running SuSiE.

=====================================
Tissue: Spleen 
=====================================
[1] TRUE
Running SuSiE.

=====================================
Tissue: Stomach 
=====================================
[1] TRUE
Running SuSiE.

=====================================
Tissue: Testis 
=====================================
[1] TRUE
Running SuSiE.

=====================================
Tissue: Thyroid 
=====================================
[1] TRUE
Running SuSiE.

=====================================
Tissue: Uterus 
=====================================
[1] TRUE
Running SuSiE.

=====================================
Tissue: Vagina 
=====================================
[1] TRUE
Running SuSiE.
[2026-09-01 11:07:07] starting PFKFB1
Importing covariate data.
Importing gene expression data.
Found 27 tissues for gene PFKFB1 :
 [1] "Adipose Tissue"  "Adrenal Gland"   "Blood"           "Blood Vessel"   
 [5] "Brain"           "Breast"          "Colon"           "Esophagus"      
 [9] "Heart"           "Kidney"          "Liver"           "Lung"           
[13] "Muscle"          "Nerve"           "Ovary"           "Pancreas"       
[17] "Pituitary"       "Prostate"        "Salivary Gland"  "Skin"           
[21] "Small Intestine" "Spleen"          "Stomach"         "Testis"         
[25] "Thyroid"         "Uterus"          "Vagina"         
Extracting genotype data from PLINK file.
PLINK v2.0.0-a.7LM 64-bit Intel (11 Mar 2026)       cog-genomics.org/plink/2.0/
(C) 2005-2026 Shaun Purcell, Christopher Chang    GNU General Public License v3
Logging to /project2/mstephens/wdenault/susie_mix/temp_plink/plink_PFKFB1.log.
Options in effect:
  --bfile /project2/mstephens/gtex/GTEx_Analysis_2017-06-05_v8_WholeGenomeSeq_866Indiv
  --chr X
  --export A
  --from-bp 54498534
  --maf 0
  --max-alleles 2
  --memory 8000
  --out /project2/mstephens/wdenault/susie_mix/temp_plink/plink_PFKFB1
  --rm-dup exclude-all
  --snps-only
  --threads 2
  --to-bp 55498534

Start time: Tue Sep  1 11:08:05 2026
63727 MiB RAM detected, ~34056 available; reserving 8000 MiB for main
workspace.
Using up to 2 compute threads.
866 samples (0 females, 0 males, 866 ambiguous; 866 founders) loaded from
/project2/mstephens/gtex/GTEx_Analysis_2017-06-05_v8_WholeGenomeSeq_866Indiv.fam.
End time: Tue Sep  1 11:08:10 2026
[2026-09-01 11:08:10] starting PFKFB2
Importing covariate data.
Importing gene expression data.
Found 27 tissues for gene PFKFB2 :
 [1] "Adipose Tissue"  "Adrenal Gland"   "Blood"           "Blood Vessel"   
 [5] "Brain"           "Breast"          "Colon"           "Esophagus"      
 [9] "Heart"           "Kidney"          "Liver"           "Lung"           
[13] "Muscle"          "Nerve"           "Ovary"           "Pancreas"       
[17] "Pituitary"       "Prostate"        "Salivary Gland"  "Skin"           
[21] "Small Intestine" "Spleen"          "Stomach"         "Testis"         
[25] "Thyroid"         "Uterus"          "Vagina"         
36 SNP(s) removed because HWE P < 1e-08 :
 [1] "chr1_206912849_T_G_b38_T" "chr1_206917728_T_C_b38_T"
 [3] "chr1_206924232_G_A_b38_G" "chr1_206924631_G_A_b38_G"
 [5] "chr1_206924638_T_A_b38_T" "chr1_206931468_T_C_b38_T"
 [7] "chr1_206933099_A_G_b38_A" "chr1_206933133_G_A_b38_G"
 [9] "chr1_206933734_G_A_b38_G" "chr1_206934351_C_T_b38_C"
[11] "chr1_206934354_G_A_b38_G" "chr1_206934883_A_G_b38_A"
[13] "chr1_206936080_A_G_b38_A" "chr1_206937543_G_A_b38_G"
[15] "chr1_206938053_T_A_b38_T" "chr1_206939885_T_G_b38_T"
[17] "chr1_206940692_A_G_b38_A" "chr1_206972719_C_G_b38_C"
[19] "chr1_206978044_A_G_b38_A" "chr1_206979411_A_G_b38_A"
[21] "chr1_206980882_T_G_b38_T" "chr1_207004918_T_G_b38_T"
[23] "chr1_207011650_T_G_b38_T" "chr1_207090194_C_T_b38_C"
[25] "chr1_207096574_C_T_b38_C" "chr1_207100456_G_T_b38_G"
[27] "chr1_207113842_C_T_b38_C" "chr1_207138136_T_C_b38_T"
[29] "chr1_207141818_A_C_b38_A" "chr1_207142929_G_A_b38_G"
[31] "chr1_207145377_C_A_b38_C" "chr1_207146225_T_C_b38_T"
[33] "chr1_207146361_C_A_b38_C" "chr1_207146673_A_G_b38_A"
[35] "chr1_207150069_C_T_b38_C" "chr1_207165346_G_T_b38_G"

=====================================
Tissue: Adipose Tissue 
=====================================
[1] TRUE
Running SuSiE.

=====================================
Tissue: Adrenal Gland 
=====================================
[1] TRUE
Running SuSiE.

=====================================
Tissue: Blood 
=====================================
[1] TRUE
Running SuSiE.

=====================================
Tissue: Blood Vessel 
=====================================
[1] TRUE
Running SuSiE.

=====================================
Tissue: Brain 
=====================================
[1] TRUE
Running SuSiE.

=====================================
Tissue: Breast 
=====================================
[1] TRUE
Running SuSiE.

=====================================
Tissue: Colon 
=====================================
[1] TRUE
Running SuSiE.

=====================================
Tissue: Esophagus 
=====================================
[1] TRUE
Running SuSiE.

=====================================
Tissue: Heart 
=====================================
[1] TRUE
Running SuSiE.

=====================================
Tissue: Kidney 
=====================================
[1] TRUE
Running SuSiE.

=====================================
Tissue: Liver 
=====================================
[1] TRUE
Running SuSiE.

=====================================
Tissue: Lung 
=====================================
[1] TRUE
Running SuSiE.

=====================================
Tissue: Muscle 
=====================================
[1] TRUE
Running SuSiE.

=====================================
Tissue: Nerve 
=====================================
[1] TRUE
Running SuSiE.

=====================================
Tissue: Ovary 
=====================================
[1] TRUE
Running SuSiE.

=====================================
Tissue: Pancreas 
=====================================
[1] TRUE
Running SuSiE.

=====================================
Tissue: Pituitary 
=====================================
[1] TRUE
Running SuSiE.

=====================================
Tissue: Prostate 
=====================================
[1] TRUE
Running SuSiE.

=====================================
Tissue: Salivary Gland 
=====================================
[1] TRUE
Running SuSiE.

=====================================
Tissue: Skin 
=====================================
[1] TRUE
Running SuSiE.

=====================================
Tissue: Small Intestine 
=====================================
[1] TRUE
Running SuSiE.

=====================================
Tissue: Spleen 
=====================================
[1] TRUE
Running SuSiE.

=====================================
Tissue: Stomach 
=====================================
[1] TRUE
Running SuSiE.

=====================================
Tissue: Testis 
=====================================
[1] TRUE
Running SuSiE.

=====================================
Tissue: Thyroid 
=====================================
[1] TRUE
Running SuSiE.

=====================================
Tissue: Uterus 
=====================================
[1] TRUE
Running SuSiE.

=====================================
Tissue: Vagina 
=====================================
[1] TRUE
Running SuSiE.
[2026-09-01 11:10:47] starting PFKFB3
Importing covariate data.
Importing gene expression data.
Found 27 tissues for gene PFKFB3 :
 [1] "Adipose Tissue"  "Adrenal Gland"   "Blood"           "Blood Vessel"   
 [5] "Brain"           "Breast"          "Colon"           "Esophagus"      
 [9] "Heart"           "Kidney"          "Liver"           "Lung"           
[13] "Muscle"          "Nerve"           "Ovary"           "Pancreas"       
[17] "Pituitary"       "Prostate"        "Salivary Gland"  "Skin"           
[21] "Small Intestine" "Spleen"          "Stomach"         "Testis"         
[25] "Thyroid"         "Uterus"          "Vagina"         
48 SNP(s) removed because HWE P < 1e-08 :
 [1] "chr10_5722518_A_T_b38_A" "chr10_5752205_A_G_b38_A"
 [3] "chr10_6155042_G_C_b38_G" "chr10_6215909_T_G_b38_T"
 [5] "chr10_6216052_T_C_b38_T" "chr10_6250536_A_G_b38_A"
 [7] "chr10_6251554_A_G_b38_A" "chr10_6252481_G_A_b38_G"
 [9] "chr10_6253585_T_C_b38_T" "chr10_6257810_A_G_b38_A"
[11] "chr10_6258223_C_A_b38_C" "chr10_6273831_C_A_b38_C"
[13] "chr10_6275796_A_G_b38_A" "chr10_6280929_T_A_b38_T"
[15] "chr10_6346730_G_A_b38_G" "chr10_6391177_C_T_b38_C"
[17] "chr10_6395294_G_C_b38_G" "chr10_6396119_T_C_b38_T"
[19] "chr10_6397772_A_C_b38_A" "chr10_6410038_A_G_b38_A"
[21] "chr10_6410363_T_C_b38_T" "chr10_6416010_G_A_b38_G"
[23] "chr10_6431254_T_G_b38_T" "chr10_6630900_C_G_b38_C"
[25] "chr10_6630912_G_A_b38_G" "chr10_6631094_G_T_b38_G"
[27] "chr10_6631374_T_C_b38_T" "chr10_6631384_G_A_b38_G"
[29] "chr10_6631399_C_T_b38_C" "chr10_6631602_G_T_b38_G"
[31] "chr10_6631645_G_C_b38_G" "chr10_6631691_T_C_b38_T"
[33] "chr10_6631695_G_C_b38_G" "chr10_6631722_T_G_b38_T"
[35] "chr10_6631737_C_G_b38_C" "chr10_6631749_T_G_b38_T"
[37] "chr10_6631960_C_G_b38_C" "chr10_6631979_T_C_b38_T"
[39] "chr10_6632164_C_T_b38_C" "chr10_6632165_A_G_b38_A"
[41] "chr10_6632171_A_G_b38_A" "chr10_6632261_A_T_b38_A"
[43] "chr10_6632283_T_G_b38_T" "chr10_6632423_A_G_b38_A"
[45] "chr10_6632564_C_T_b38_C" "chr10_6632579_G_A_b38_G"
[47] "chr10_6632594_A_G_b38_A" "chr10_6632637_A_G_b38_A"

=====================================
Tissue: Adipose Tissue 
=====================================
[1] TRUE
Running SuSiE.

=====================================
Tissue: Adrenal Gland 
=====================================
[1] TRUE
Running SuSiE.

=====================================
Tissue: Blood 
=====================================
[1] TRUE
Running SuSiE.

=====================================
Tissue: Blood Vessel 
=====================================
[1] TRUE
Running SuSiE.

=====================================
Tissue: Brain 
=====================================
[1] TRUE
Running SuSiE.

=====================================
Tissue: Breast 
=====================================
[1] TRUE
Running SuSiE.

=====================================
Tissue: Colon 
=====================================
[1] TRUE
Running SuSiE.

=====================================
Tissue: Esophagus 
=====================================
[1] TRUE
Running SuSiE.

=====================================
Tissue: Heart 
=====================================
[1] TRUE
Running SuSiE.

=====================================
Tissue: Kidney 
=====================================
[1] TRUE
Running SuSiE.

=====================================
Tissue: Liver 
=====================================
[1] TRUE
Running SuSiE.

=====================================
Tissue: Lung 
=====================================
[1] TRUE
Running SuSiE.

=====================================
Tissue: Muscle 
=====================================
[1] TRUE
Running SuSiE.

=====================================
Tissue: Nerve 
=====================================
[1] TRUE
Running SuSiE.

=====================================
Tissue: Ovary 
=====================================
[1] TRUE
Running SuSiE.

=====================================
Tissue: Pancreas 
=====================================
[1] TRUE
Running SuSiE.

=====================================
Tissue: Pituitary 
=====================================
[1] TRUE
Running SuSiE.

=====================================
Tissue: Prostate 
=====================================
[1] TRUE
Running SuSiE.

=====================================
Tissue: Salivary Gland 
=====================================
[1] TRUE
Running SuSiE.

=====================================
Tissue: Skin 
=====================================
[1] TRUE
Running SuSiE.

=====================================
Tissue: Small Intestine 
=====================================
[1] TRUE
Running SuSiE.

=====================================
Tissue: Spleen 
=====================================
[1] TRUE
Running SuSiE.

=====================================
Tissue: Stomach 
=====================================
[1] TRUE
Running SuSiE.

=====================================
Tissue: Testis 
=====================================
[1] TRUE
Running SuSiE.

=====================================
Tissue: Thyroid 
=====================================
[1] TRUE
Running SuSiE.

=====================================
Tissue: Uterus 
=====================================
[1] TRUE
Running SuSiE.

=====================================
Tissue: Vagina 
=====================================
[1] TRUE
Running SuSiE.
[2026-09-01 11:14:15] starting PFKFB4
Importing covariate data.
Importing gene expression data.
Found 27 tissues for gene PFKFB4 :
 [1] "Adipose Tissue"  "Adrenal Gland"   "Blood"           "Blood Vessel"   
 [5] "Brain"           "Breast"          "Colon"           "Esophagus"      
 [9] "Heart"           "Kidney"          "Liver"           "Lung"           
[13] "Muscle"          "Nerve"           "Ovary"           "Pancreas"       
[17] "Pituitary"       "Prostate"        "Salivary Gland"  "Skin"           
[21] "Small Intestine" "Spleen"          "Stomach"         "Testis"         
[25] "Thyroid"         "Uterus"          "Vagina"         
19 SNP(s) removed because HWE P < 1e-08 :
 [1] "chr3_48428823_G_C_b38_G" "chr3_48483662_T_C_b38_T"
 [3] "chr3_48499022_T_C_b38_T" "chr3_48503583_A_C_b38_A"
 [5] "chr3_48503749_A_G_b38_A" "chr3_48508344_A_G_b38_A"
 [7] "chr3_48517649_G_C_b38_G" "chr3_48527074_A_G_b38_A"
 [9] "chr3_48530705_G_C_b38_G" "chr3_48543106_C_T_b38_C"
[11] "chr3_48544415_A_G_b38_A" "chr3_48546217_G_A_b38_G"
[13] "chr3_48553084_A_G_b38_A" "chr3_48553930_T_C_b38_T"
[15] "chr3_48571073_T_C_b38_T" "chr3_48575963_G_A_b38_G"
[17] "chr3_48581233_A_G_b38_A" "chr3_48604538_A_G_b38_A"
[19] "chr3_48617505_T_C_b38_T"

=====================================
Tissue: Adipose Tissue 
=====================================
[1] TRUE
Running SuSiE.

=====================================
Tissue: Adrenal Gland 
=====================================
[1] TRUE
Running SuSiE.

=====================================
Tissue: Blood 
=====================================
[1] TRUE
Running SuSiE.

=====================================
Tissue: Blood Vessel 
=====================================
[1] TRUE
Running SuSiE.

=====================================
Tissue: Brain 
=====================================
[1] TRUE
Running SuSiE.

=====================================
Tissue: Breast 
=====================================
[1] TRUE
Running SuSiE.

=====================================
Tissue: Colon 
=====================================
[1] TRUE
Running SuSiE.

=====================================
Tissue: Esophagus 
=====================================
[1] TRUE
Running SuSiE.

=====================================
Tissue: Heart 
=====================================
[1] TRUE
Running SuSiE.

=====================================
Tissue: Kidney 
=====================================
[1] TRUE
Running SuSiE.

=====================================
Tissue: Liver 
=====================================
[1] TRUE
Running SuSiE.

=====================================
Tissue: Lung 
=====================================
[1] TRUE
Running SuSiE.

=====================================
Tissue: Muscle 
=====================================
[1] TRUE
Running SuSiE.

=====================================
Tissue: Nerve 
=====================================
[1] TRUE
Running SuSiE.

=====================================
Tissue: Ovary 
=====================================
[1] TRUE
Running SuSiE.

=====================================
Tissue: Pancreas 
=====================================
[1] TRUE
Running SuSiE.

=====================================
Tissue: Pituitary 
=====================================
[1] TRUE
Running SuSiE.

=====================================
Tissue: Prostate 
=====================================
[1] TRUE
Running SuSiE.

=====================================
Tissue: Salivary Gland 
=====================================
[1] TRUE
Running SuSiE.

=====================================
Tissue: Skin 
=====================================
[1] TRUE
Running SuSiE.

=====================================
Tissue: Small Intestine 
=====================================
[1] TRUE
Running SuSiE.

=====================================
Tissue: Spleen 
=====================================
[1] TRUE
Running SuSiE.

=====================================
Tissue: Stomach 
=====================================
[1] TRUE
Running SuSiE.

=====================================
Tissue: Testis 
=====================================
[1] TRUE
Running SuSiE.

=====================================
Tissue: Thyroid 
=====================================
[1] TRUE
Running SuSiE.

=====================================
Tissue: Uterus 
=====================================
[1] TRUE
Running SuSiE.

=====================================
Tissue: Vagina 
=====================================
[1] TRUE
Running SuSiE.
[2026-09-01 11:15:54] starting PFKL
Importing covariate data.
Importing gene expression data.
Found 27 tissues for gene PFKL :
 [1] "Adipose Tissue"  "Adrenal Gland"   "Blood"           "Blood Vessel"   
 [5] "Brain"           "Breast"          "Colon"           "Esophagus"      
 [9] "Heart"           "Kidney"          "Liver"           "Lung"           
[13] "Muscle"          "Nerve"           "Ovary"           "Pancreas"       
[17] "Pituitary"       "Prostate"        "Salivary Gland"  "Skin"           
[21] "Small Intestine" "Spleen"          "Stomach"         "Testis"         
[25] "Thyroid"         "Uterus"          "Vagina"         
Extracting genotype data from PLINK file.
PLINK v2.0.0-a.7LM 64-bit Intel (11 Mar 2026)       cog-genomics.org/plink/2.0/
(C) 2005-2026 Shaun Purcell, Christopher Chang    GNU General Public License v3
Logging to /project2/mstephens/wdenault/susie_mix/temp_plink/plink_PFKL.log.
Options in effect:
  --bfile /project2/mstephens/gtex/GTEx_Analysis_2017-06-05_v8_WholeGenomeSeq_866Indiv
  --chr 21
  --export A
  --from-bp 43800051
  --maf 0
  --max-alleles 2
  --memory 8000
  --out /project2/mstephens/wdenault/susie_mix/temp_plink/plink_PFKL
  --rm-dup exclude-all
  --snps-only
  --threads 2
  --to-bp 44800051

Start time: Tue Sep  1 11:16:50 2026
63727 MiB RAM detected, ~30083 available; reserving 8000 MiB for main
workspace.
Using up to 2 compute threads.
866 samples (0 females, 0 males, 866 ambiguous; 866 founders) loaded from
/project2/mstephens/gtex/GTEx_Analysis_2017-06-05_v8_WholeGenomeSeq_866Indiv.fam.
67234533 variants in
/project2/mstephens/gtex/GTEx_Analysis_2017-06-05_v8_WholeGenomeSeq_866Indiv.bim;
66383599 excluded by --chr + --max-alleles + --snps-only, 850934 remaining.
Note: No phenotype data present.
Note: Skipping --rm-dup since no duplicate IDs are present.
21220 variants remaining after main filters.
--export A pass 1/1: loading... 0%writing... 0%1%2%3%4%5%6%7%8%9%10%11%12%13%14%15%16%17%18%19%20%21%22%23%24%25%26%27%28%29%30%31%32%33%34%35%36%37%38%39%40%41%42%43%44%45%46%47%48%49%50%51%52%53%54%55%56%57%58%59%60%61%62%63%64%65%66%67%68%69%70%71%72%73%74%75%76%77%78%79%80%81%82%83%84%85%86%87%88%89%90%91%92%93%94%95%96%97%98%99% done.
--export A: /project2/mstephens/wdenault/susie_mix/temp_plink/plink_PFKL.raw
written.
End time: Tue Sep  1 11:16:56 2026
68 SNP(s) removed because HWE P < 1e-08 :
 [1] "chr21_43917172_G_C_b38_G" "chr21_43917178_G_C_b38_G"
 [3] "chr21_44003816_A_G_b38_A" "chr21_44007609_G_C_b38_G"
 [5] "chr21_44008397_C_T_b38_C" "chr21_44013483_G_A_b38_G"
 [7] "chr21_44022218_T_C_b38_T" "chr21_44028947_G_T_b38_G"
 [9] "chr21_44031072_A_C_b38_A" "chr21_44036577_C_T_b38_C"
[11] "chr21_44038897_G_A_b38_G" "chr21_44073983_T_A_b38_T"
[13] "chr21_44286105_T_C_b38_T" "chr21_44426940_T_A_b38_T"
[15] "chr21_44432191_C_T_b38_C" "chr21_44433586_A_G_b38_A"
[17] "chr21_44484166_C_T_b38_C" "chr21_44484752_C_T_b38_C"
[19] "chr21_44494118_A_G_b38_A" "chr21_44518132_T_C_b38_T"
[21] "chr21_44550088_A_G_b38_A" "chr21_44550116_T_C_b38_T"
[23] "chr21_44550140_A_G_b38_A" "chr21_44550195_G_A_b38_G"
[25] "chr21_44550316_C_T_b38_C" "chr21_44550404_C_G_b38_C"
[27] "chr21_44550420_A_G_b38_A" "chr21_44550492_C_A_b38_C"
[29] "chr21_44550501_A_C_b38_A" "chr21_44550523_C_G_b38_C"
[31] "chr21_44550534_A_G_b38_A" "chr21_44573789_A_G_b38_A"
[33] "chr21_44573942_C_T_b38_C" "chr21_44573974_T_C_b38_T"
[35] "chr21_44574137_C_T_b38_C" "chr21_44574233_A_G_b38_A"
[37] "chr21_44576156_C_T_b38_C" "chr21_44583007_T_C_b38_T"
[39] "chr21_44583088_C_T_b38_C" "chr21_44590979_A_G_b38_A"
[41] "chr21_44591021_G_C_b38_G" "chr21_44591233_G_T_b38_G"
[43] "chr21_44591268_T_C_b38_T" "chr21_44591289_T_C_b38_T"
[45] "chr21_44591417_G_A_b38_G" "chr21_44591443_T_C_b38_T"
[47] "chr21_44591516_A_G_b38_A" "chr21_44591519_G_A_b38_G"
[49] "chr21_44592010_C_T_b38_C" "chr21_44592712_C_G_b38_C"
[51] "chr21_44593868_A_G_b38_A" "chr21_44595409_C_T_b38_C"
[53] "chr21_44596221_C_T_b38_C" "chr21_44596228_C_T_b38_C"
[55] "chr21_44596986_A_G_b38_A" "chr21_44597074_C_T_b38_C"
[57] "chr21_44598139_A_G_b38_A" "chr21_44599948_A_T_b38_A"
[59] "chr21_44600096_T_C_b38_T" "chr21_44603471_C_T_b38_C"
[61] "chr21_44603484_C_T_b38_C" "chr21_44605368_T_C_b38_T"
[63] "chr21_44617309_C_T_b38_C" "chr21_44618269_C_G_b38_C"
[65] "chr21_44621240_T_C_b38_T" "chr21_44622365_G_T_b38_G"
[67] "chr21_44628348_C_T_b38_C" "chr21_44733559_C_T_b38_C"

=====================================
Tissue: Adipose Tissue 
=====================================
[1] TRUE
Running SuSiE.

=====================================
Tissue: Adrenal Gland 
=====================================
[1] TRUE
Running SuSiE.

=====================================
Tissue: Blood 
=====================================
[1] TRUE
Running SuSiE.

=====================================
Tissue: Blood Vessel 
=====================================
[1] TRUE
Running SuSiE.

=====================================
Tissue: Brain 
=====================================
[1] TRUE
Running SuSiE.

=====================================
Tissue: Breast 
=====================================
[1] TRUE
Running SuSiE.

=====================================
Tissue: Colon 
=====================================
[1] TRUE
Running SuSiE.

=====================================
Tissue: Esophagus 
=====================================
[1] TRUE
Running SuSiE.

=====================================
Tissue: Heart 
=====================================
[1] TRUE
Running SuSiE.

=====================================
Tissue: Kidney 
=====================================
[1] TRUE
Running SuSiE.

=====================================
Tissue: Liver 
=====================================
[1] TRUE
Running SuSiE.

=====================================
Tissue: Lung 
=====================================
[1] TRUE
Running SuSiE.

=====================================
Tissue: Muscle 
=====================================
[1] TRUE
Running SuSiE.

=====================================
Tissue: Nerve 
=====================================
[1] TRUE
Running SuSiE.

=====================================
Tissue: Ovary 
=====================================
[1] TRUE
Running SuSiE.

=====================================
Tissue: Pancreas 
=====================================
[1] TRUE
Running SuSiE.

=====================================
Tissue: Pituitary 
=====================================
[1] TRUE
Running SuSiE.

=====================================
Tissue: Prostate 
=====================================
[1] TRUE
Running SuSiE.

=====================================
Tissue: Salivary Gland 
=====================================
[1] TRUE
Running SuSiE.

=====================================
Tissue: Skin 
=====================================
[1] TRUE
Running SuSiE.

=====================================
Tissue: Small Intestine 
=====================================
[1] TRUE
Running SuSiE.

=====================================
Tissue: Spleen 
=====================================
[1] TRUE
Running SuSiE.

=====================================
Tissue: Stomach 
=====================================
[1] TRUE
Running SuSiE.

=====================================
Tissue: Testis 
=====================================
[1] TRUE
Running SuSiE.

=====================================
Tissue: Thyroid 
=====================================
[1] TRUE
Running SuSiE.

=====================================
Tissue: Uterus 
=====================================
[1] TRUE
Running SuSiE.

=====================================
Tissue: Vagina 
=====================================
[1] TRUE
Running SuSiE.
[2026-09-01 11:19:07] starting PFKM
Importing covariate data.
Importing gene expression data.
Found 27 tissues for gene PFKM :
 [1] "Adipose Tissue"  "Adrenal Gland"   "Blood"           "Blood Vessel"   
 [5] "Brain"           "Breast"          "Colon"           "Esophagus"      
 [9] "Heart"           "Kidney"          "Liver"           "Lung"           
[13] "Muscle"          "Nerve"           "Ovary"           "Pancreas"       
[17] "Pituitary"       "Prostate"        "Salivary Gland"  "Skin"           
[21] "Small Intestine" "Spleen"          "Stomach"         "Testis"         
[25] "Thyroid"         "Uterus"          "Vagina"         
Extracting genotype data from PLINK file.
PLINK v2.0.0-a.7LM 64-bit Intel (11 Mar 2026)       cog-genomics.org/plink/2.0/
(C) 2005-2026 Shaun Purcell, Christopher Chang    GNU General Public License v3
Logging to /project2/mstephens/wdenault/susie_mix/temp_plink/plink_PFKM.log.
Options in effect:
  --bfile /project2/mstephens/gtex/GTEx_Analysis_2017-06-05_v8_WholeGenomeSeq_866Indiv
  --chr 12
  --export A
  --from-bp 47605139
  --maf 0
  --max-alleles 2
  --memory 8000
  --out /project2/mstephens/wdenault/susie_mix/temp_plink/plink_PFKM
  --rm-dup exclude-all
  --snps-only
  --threads 2
  --to-bp 48605139

Start time: Tue Sep  1 11:20:06 2026
63727 MiB RAM detected, ~30093 available; reserving 8000 MiB for main
workspace.
Using up to 2 compute threads.
866 samples (0 females, 0 males, 866 ambiguous; 866 founders) loaded from
/project2/mstephens/gtex/GTEx_Analysis_2017-06-05_v8_WholeGenomeSeq_866Indiv.fam.
67234533 variants in
/project2/mstephens/gtex/GTEx_Analysis_2017-06-05_v8_WholeGenomeSeq_866Indiv.bim;
64641234 excluded by --chr + --max-alleles + --snps-only, 2593299 remaining.
Note: No phenotype data present.
Note: Skipping --rm-dup since no duplicate IDs are present.
17739 variants remaining after main filters.
--export A pass 1/1: loading... 0%writing... 0%1%2%3%4%5%6%7%8%9%10%11%12%13%14%15%16%17%18%19%20%21%22%23%24%25%26%27%28%29%30%31%32%33%34%35%36%37%38%39%40%41%42%43%44%45%46%47%48%49%50%51%52%53%54%55%56%57%58%59%60%61%62%63%64%65%66%67%68%69%70%71%72%73%74%75%76%77%78%79%80%81%82%83%84%85%86%87%88%89%90%91%92%93%94%95%96%97%98%99% done.
--export A: /project2/mstephens/wdenault/susie_mix/temp_plink/plink_PFKM.raw
written.
End time: Tue Sep  1 11:20:12 2026
28 SNP(s) removed because HWE P < 1e-08 :
 [1] "chr12_47847651_C_T_b38_C" "chr12_47890499_A_T_b38_A"
 [3] "chr12_47904009_A_G_b38_A" "chr12_47910398_T_C_b38_T"
 [5] "chr12_47910592_C_T_b38_C" "chr12_47911750_C_T_b38_C"
 [7] "chr12_47911861_A_G_b38_A" "chr12_47913858_G_A_b38_G"
 [9] "chr12_47914180_C_T_b38_C" "chr12_47914391_A_G_b38_A"
[11] "chr12_47915726_G_A_b38_G" "chr12_47916072_A_T_b38_A"
[13] "chr12_47918470_G_A_b38_G" "chr12_47918952_C_T_b38_C"
[15] "chr12_47919867_C_A_b38_C" "chr12_47921107_A_G_b38_A"
[17] "chr12_47921117_G_A_b38_G" "chr12_47941296_G_C_b38_G"
[19] "chr12_47941298_T_C_b38_T" "chr12_48334571_G_A_b38_G"
[21] "chr12_48363755_T_G_b38_T" "chr12_48364451_G_A_b38_G"
[23] "chr12_48369451_A_G_b38_A" "chr12_48370783_G_T_b38_G"
[25] "chr12_48379346_T_C_b38_T" "chr12_48381157_T_C_b38_T"
[27] "chr12_48387057_A_T_b38_A" "chr12_48388362_T_A_b38_T"

=====================================
Tissue: Adipose Tissue 
=====================================
[1] TRUE
Running SuSiE.

=====================================
Tissue: Adrenal Gland 
=====================================
[1] TRUE
Running SuSiE.

=====================================
Tissue: Blood 
=====================================
[1] TRUE
Running SuSiE.

=====================================
Tissue: Blood Vessel 
=====================================
[1] TRUE
Running SuSiE.

=====================================
Tissue: Brain 
=====================================
[1] TRUE
Running SuSiE.

=====================================
Tissue: Breast 
=====================================
[1] TRUE
Running SuSiE.

=====================================
Tissue: Colon 
=====================================
[1] TRUE
Running SuSiE.

=====================================
Tissue: Esophagus 
=====================================
[1] TRUE
Running SuSiE.

=====================================
Tissue: Heart 
=====================================
[1] TRUE
Running SuSiE.

=====================================
Tissue: Kidney 
=====================================
[1] TRUE
Running SuSiE.

=====================================
Tissue: Liver 
=====================================
[1] TRUE
Running SuSiE.

=====================================
Tissue: Lung 
=====================================
[1] TRUE
Running SuSiE.

=====================================
Tissue: Muscle 
=====================================
[1] TRUE
Running SuSiE.

=====================================
Tissue: Nerve 
=====================================
[1] TRUE
Running SuSiE.

=====================================
Tissue: Ovary 
=====================================
[1] TRUE
Running SuSiE.

=====================================
Tissue: Pancreas 
=====================================
[1] TRUE
Running SuSiE.

=====================================
Tissue: Pituitary 
=====================================
[1] TRUE
Running SuSiE.

=====================================
Tissue: Prostate 
=====================================
[1] TRUE
Running SuSiE.

=====================================
Tissue: Salivary Gland 
=====================================
[1] TRUE
Running SuSiE.

=====================================
Tissue: Skin 
=====================================
[1] TRUE
Running SuSiE.

=====================================
Tissue: Small Intestine 
=====================================
[1] TRUE
Running SuSiE.

=====================================
Tissue: Spleen 
=====================================
[1] TRUE
Running SuSiE.

=====================================
Tissue: Stomach 
=====================================
[1] TRUE
Running SuSiE.

=====================================
Tissue: Testis 
=====================================
[1] TRUE
Running SuSiE.

=====================================
Tissue: Thyroid 
=====================================
[1] TRUE
Running SuSiE.

=====================================
Tissue: Uterus 
=====================================
[1] TRUE
Running SuSiE.

=====================================
Tissue: Vagina 
=====================================
[1] TRUE
Running SuSiE.
[2026-09-01 11:22:45] starting PFKP
Importing covariate data.
Importing gene expression data.
Found 27 tissues for gene PFKP :
 [1] "Adipose Tissue"  "Adrenal Gland"   "Blood"           "Blood Vessel"   
 [5] "Brain"           "Breast"          "Colon"           "Esophagus"      
 [9] "Heart"           "Kidney"          "Liver"           "Lung"           
[13] "Muscle"          "Nerve"           "Ovary"           "Pancreas"       
[17] "Pituitary"       "Prostate"        "Salivary Gland"  "Skin"           
[21] "Small Intestine" "Spleen"          "Stomach"         "Testis"         
[25] "Thyroid"         "Uterus"          "Vagina"         
Extracting genotype data from PLINK file.
PLINK v2.0.0-a.7LM 64-bit Intel (11 Mar 2026)       cog-genomics.org/plink/2.0/
(C) 2005-2026 Shaun Purcell, Christopher Chang    GNU General Public License v3
Logging to /project2/mstephens/wdenault/susie_mix/temp_plink/plink_PFKP.log.
Options in effect:
  --bfile /project2/mstephens/gtex/GTEx_Analysis_2017-06-05_v8_WholeGenomeSeq_866Indiv
  --chr 10
  --export A
  --from-bp 2566333
  --maf 0
  --max-alleles 2
  --memory 8000
  --out /project2/mstephens/wdenault/susie_mix/temp_plink/plink_PFKP
  --rm-dup exclude-all
  --snps-only
  --threads 2
  --to-bp 3566333

Start time: Tue Sep  1 11:23:43 2026
63727 MiB RAM detected, ~30065 available; reserving 8000 MiB for main
workspace.
Using up to 2 compute threads.
866 samples (0 females, 0 males, 866 ambiguous; 866 founders) loaded from
/project2/mstephens/gtex/GTEx_Analysis_2017-06-05_v8_WholeGenomeSeq_866Indiv.fam.
67234533 variants in
/project2/mstephens/gtex/GTEx_Analysis_2017-06-05_v8_WholeGenomeSeq_866Indiv.bim;
64498607 excluded by --chr + --max-alleles + --snps-only, 2735926 remaining.
Note: No phenotype data present.
Note: Skipping --rm-dup since no duplicate IDs are present.
23714 variants remaining after main filters.
--export A pass 1/1: loading... 0%writing... 0%1%2%3%4%5%6%7%8%9%10%11%12%13%14%15%16%17%18%19%20%21%22%23%24%25%26%27%28%29%30%31%32%33%34%35%36%37%38%39%40%41%42%43%44%45%46%47%48%49%50%51%52%53%54%55%56%57%58%59%60%61%62%63%64%65%66%67%68%69%70%71%72%73%74%75%76%77%78%79%80%81%82%83%84%85%86%87%88%89%90%91%92%93%94%95%96%97%98%99% done.
--export A: /project2/mstephens/wdenault/susie_mix/temp_plink/plink_PFKP.raw
written.
End time: Tue Sep  1 11:23:49 2026
71 SNP(s) removed because HWE P < 1e-08 :
 [1] "chr10_2733235_A_G_b38_A" "chr10_2743504_A_G_b38_A"
 [3] "chr10_2744875_G_T_b38_G" "chr10_2747402_A_C_b38_A"
 [5] "chr10_2750297_C_A_b38_C" "chr10_2750458_A_G_b38_A"
 [7] "chr10_2750556_C_T_b38_C" "chr10_2750613_C_T_b38_C"
 [9] "chr10_2750671_A_T_b38_A" "chr10_2750688_G_T_b38_G"
[11] "chr10_2750700_G_A_b38_G" "chr10_2750732_T_A_b38_T"
[13] "chr10_2750928_C_T_b38_C" "chr10_2750952_C_T_b38_C"
[15] "chr10_2760587_C_G_b38_C" "chr10_2760749_T_C_b38_T"
[17] "chr10_2769970_A_G_b38_A" "chr10_2798831_G_A_b38_G"
[19] "chr10_2936075_T_G_b38_T" "chr10_2956216_C_A_b38_C"
[21] "chr10_2957874_G_A_b38_G" "chr10_2964038_T_A_b38_T"
[23] "chr10_2966427_G_A_b38_G" "chr10_2967159_C_T_b38_C"
[25] "chr10_2970833_T_C_b38_T" "chr10_2977322_G_T_b38_G"
[27] "chr10_2983659_G_A_b38_G" "chr10_2983661_G_T_b38_G"
[29] "chr10_2983753_T_C_b38_T" "chr10_2985615_C_T_b38_C"
[31] "chr10_2988480_T_G_b38_T" "chr10_2988646_A_G_b38_A"
[33] "chr10_2988648_T_C_b38_T" "chr10_2989169_T_C_b38_T"
[35] "chr10_2989214_C_T_b38_C" "chr10_2989410_A_C_b38_A"
[37] "chr10_2989561_A_G_b38_A" "chr10_2989764_T_C_b38_T"
[39] "chr10_2990140_G_A_b38_G" "chr10_2990765_C_T_b38_C"
[41] "chr10_2990935_T_A_b38_T" "chr10_2991411_A_G_b38_A"
[43] "chr10_2991451_A_G_b38_A" "chr10_2991741_C_T_b38_C"
[45] "chr10_2992317_T_G_b38_T" "chr10_2992568_G_A_b38_G"
[47] "chr10_2992803_A_T_b38_A" "chr10_2993880_T_A_b38_T"
[49] "chr10_2994001_C_T_b38_C" "chr10_2996775_G_A_b38_G"
[51] "chr10_2997352_G_T_b38_G" "chr10_3000461_C_T_b38_C"
[53] "chr10_3000826_G_T_b38_G" "chr10_3004396_T_G_b38_T"
[55] "chr10_3006306_C_T_b38_C" "chr10_3007369_C_T_b38_C"
[57] "chr10_3009849_C_T_b38_C" "chr10_3011174_C_A_b38_C"
[59] "chr10_3014875_C_T_b38_C" "chr10_3015514_G_A_b38_G"
[61] "chr10_3016156_G_A_b38_G" "chr10_3016183_G_A_b38_G"
[63] "chr10_3018931_A_G_b38_A" "chr10_3020908_C_T_b38_C"
[65] "chr10_3039176_G_T_b38_G" "chr10_3060978_C_T_b38_C"
[67] "chr10_3079669_G_C_b38_G" "chr10_3124009_G_C_b38_G"
[69] "chr10_3195750_T_C_b38_T" "chr10_3197737_A_G_b38_A"
[71] "chr10_3198601_T_C_b38_T"

=====================================
Tissue: Adipose Tissue 
=====================================
[1] TRUE
Running SuSiE.

=====================================
Tissue: Adrenal Gland 
=====================================
[1] TRUE
Running SuSiE.

=====================================
Tissue: Blood 
=====================================
[1] TRUE
Running SuSiE.

=====================================
Tissue: Blood Vessel 
=====================================
[1] TRUE
Running SuSiE.

=====================================
Tissue: Brain 
=====================================
[1] TRUE
Running SuSiE.

=====================================
Tissue: Breast 
=====================================
[1] TRUE
Running SuSiE.

=====================================
Tissue: Colon 
=====================================
[1] TRUE
Running SuSiE.

=====================================
Tissue: Esophagus 
=====================================
[1] TRUE
Running SuSiE.

=====================================
Tissue: Heart 
=====================================
[1] TRUE
Running SuSiE.

=====================================
Tissue: Kidney 
=====================================
[1] TRUE
Running SuSiE.

=====================================
Tissue: Liver 
=====================================
[1] TRUE
Running SuSiE.

=====================================
Tissue: Lung 
=====================================
[1] TRUE
Running SuSiE.

=====================================
Tissue: Muscle 
=====================================
[1] TRUE
Running SuSiE.

=====================================
Tissue: Nerve 
=====================================
[1] TRUE
Running SuSiE.

=====================================
Tissue: Ovary 
=====================================
[1] TRUE
Running SuSiE.

=====================================
Tissue: Pancreas 
=====================================
[1] TRUE
Running SuSiE.

=====================================
Tissue: Pituitary 
=====================================
[1] TRUE
Running SuSiE.

=====================================
Tissue: Prostate 
=====================================
[1] TRUE
Running SuSiE.

=====================================
Tissue: Salivary Gland 
=====================================
[1] TRUE
Running SuSiE.

=====================================
Tissue: Skin 
=====================================
[1] TRUE
Running SuSiE.

=====================================
Tissue: Small Intestine 
=====================================
[1] TRUE
Running SuSiE.

=====================================
Tissue: Spleen 
=====================================
[1] TRUE
Running SuSiE.

=====================================
Tissue: Stomach 
=====================================
[1] TRUE
Running SuSiE.

=====================================
Tissue: Testis 
=====================================
[1] TRUE
Running SuSiE.

=====================================
Tissue: Thyroid 
=====================================
[1] TRUE
Running SuSiE.

=====================================
Tissue: Uterus 
=====================================
[1] TRUE
Running SuSiE.

=====================================
Tissue: Vagina 
=====================================
[1] TRUE
Running SuSiE.
[2026-09-01 11:26:47] starting PFN1
Importing covariate data.
Importing gene expression data.
Found 27 tissues for gene PFN1 :
 [1] "Adipose Tissue"  "Adrenal Gland"   "Blood"           "Blood Vessel"   
 [5] "Brain"           "Breast"          "Colon"           "Esophagus"      
 [9] "Heart"           "Kidney"          "Liver"           "Lung"           
[13] "Muscle"          "Nerve"           "Ovary"           "Pancreas"       
[17] "Pituitary"       "Prostate"        "Salivary Gland"  "Skin"           
[21] "Small Intestine" "Spleen"          "Stomach"         "Testis"         
[25] "Thyroid"         "Uterus"          "Vagina"         
Extracting genotype data from PLINK file.
PLINK v2.0.0-a.7LM 64-bit Intel (11 Mar 2026)       cog-genomics.org/plink/2.0/
(C) 2005-2026 Shaun Purcell, Christopher Chang    GNU General Public License v3
Logging to /project2/mstephens/wdenault/susie_mix/temp_plink/plink_PFN1.log.
Options in effect:
  --bfile /project2/mstephens/gtex/GTEx_Analysis_2017-06-05_v8_WholeGenomeSeq_866Indiv
  --chr 17
  --export A
  --from-bp 4449061
  --maf 0
  --max-alleles 2
  --memory 8000
  --out /project2/mstephens/wdenault/susie_mix/temp_plink/plink_PFN1
  --rm-dup exclude-all
  --snps-only
  --threads 2
  --to-bp 5449061

Start time: Tue Sep  1 11:27:41 2026
63727 MiB RAM detected, ~30389 available; reserving 8000 MiB for main
workspace.
Using up to 2 compute threads.
866 samples (0 females, 0 males, 866 ambiguous; 866 founders) loaded from
/project2/mstephens/gtex/GTEx_Analysis_2017-06-05_v8_WholeGenomeSeq_866Indiv.fam.
67234533 variants in
/project2/mstephens/gtex/GTEx_Analysis_2017-06-05_v8_WholeGenomeSeq_866Indiv.bim;
65601655 excluded by --chr + --max-alleles + --snps-only, 1632878 remaining.
Note: No phenotype data present.
Note: Skipping --rm-dup since no duplicate IDs are present.
21399 variants remaining after main filters.
--export A pass 1/1: loading... 0%85% writing... 0%1%2%3%4%5%6%7%8%9%10%11%12%13%14%15%16%17%18%19%20%21%22%23%24%25%26%27%28%29%30%31%32%33%34%35%36%37%38%39%40%41%42%43%44%45%46%47%48%49%50%51%52%53%54%55%56%57%58%59%60%61%62%63%64%65%66%67%68%69%70%71%72%73%74%75%76%77%78%79%80%81%82%83%84%85%86%87%88%89%90%91%92%93%94%95%96%97%98%99% done.
--export A: /project2/mstephens/wdenault/susie_mix/temp_plink/plink_PFN1.raw
written.
End time: Tue Sep  1 11:27:47 2026
22 SNP(s) removed because HWE P < 1e-08 :
 [1] "chr17_4497089_C_A_b38_C" "chr17_4497097_C_T_b38_C"
 [3] "chr17_4534658_C_G_b38_C" "chr17_4573890_G_C_b38_G"
 [5] "chr17_4574741_G_T_b38_G" "chr17_4575757_T_G_b38_T"
 [7] "chr17_4609197_G_A_b38_G" "chr17_4637922_C_T_b38_C"
 [9] "chr17_4637988_T_C_b38_T" "chr17_4638009_T_C_b38_T"
[11] "chr17_4638044_A_G_b38_A" "chr17_4638066_G_A_b38_G"
[13] "chr17_4640655_C_T_b38_C" "chr17_4640699_A_G_b38_A"
[15] "chr17_4640912_G_C_b38_G" "chr17_4677537_A_C_b38_A"
[17] "chr17_4697813_G_C_b38_G" "chr17_4712991_T_A_b38_T"
[19] "chr17_5100724_A_C_b38_A" "chr17_5207592_C_T_b38_C"
[21] "chr17_5207608_G_T_b38_G" "chr17_5207632_C_A_b38_C"

=====================================
Tissue: Adipose Tissue 
=====================================
[1] TRUE
Running SuSiE.

=====================================
Tissue: Adrenal Gland 
=====================================
[1] TRUE
Running SuSiE.

=====================================
Tissue: Blood 
=====================================
[1] TRUE
Running SuSiE.

=====================================
Tissue: Blood Vessel 
=====================================
[1] TRUE
Running SuSiE.

=====================================
Tissue: Brain 
=====================================
[1] TRUE
Running SuSiE.

=====================================
Tissue: Breast 
=====================================
[1] TRUE
Running SuSiE.

=====================================
Tissue: Colon 
=====================================
[1] TRUE
Running SuSiE.

=====================================
Tissue: Esophagus 
=====================================
[1] TRUE
Running SuSiE.

=====================================
Tissue: Heart 
=====================================
[1] TRUE
Running SuSiE.

=====================================
Tissue: Kidney 
=====================================
[1] TRUE
Running SuSiE.

=====================================
Tissue: Liver 
=====================================
[1] TRUE
Running SuSiE.

=====================================
Tissue: Lung 
=====================================
[1] TRUE
Running SuSiE.

=====================================
Tissue: Muscle 
=====================================
[1] TRUE
Running SuSiE.

=====================================
Tissue: Nerve 
=====================================
[1] TRUE
Running SuSiE.

=====================================
Tissue: Ovary 
=====================================
[1] TRUE
Running SuSiE.

=====================================
Tissue: Pancreas 
=====================================
[1] TRUE
Running SuSiE.

=====================================
Tissue: Pituitary 
=====================================
[1] TRUE
Running SuSiE.

=====================================
Tissue: Prostate 
=====================================
[1] TRUE
Running SuSiE.

=====================================
Tissue: Salivary Gland 
=====================================
[1] TRUE
Running SuSiE.

=====================================
Tissue: Skin 
=====================================
[1] TRUE
Running SuSiE.

=====================================
Tissue: Small Intestine 
=====================================
[1] TRUE
Running SuSiE.

=====================================
Tissue: Spleen 
=====================================
[1] TRUE
Running SuSiE.

=====================================
Tissue: Stomach 
=====================================
[1] TRUE
Running SuSiE.

=====================================
Tissue: Testis 
=====================================
[1] TRUE
Running SuSiE.

=====================================
Tissue: Thyroid 
=====================================
[1] TRUE
Running SuSiE.

=====================================
Tissue: Uterus 
=====================================
[1] TRUE
Running SuSiE.

=====================================
Tissue: Vagina 
=====================================
[1] TRUE
Running SuSiE.
[2026-09-01 11:30:01] starting PFN2
Importing covariate data.
Importing gene expression data.
Found 27 tissues for gene PFN2 :
 [1] "Adipose Tissue"  "Adrenal Gland"   "Blood"           "Blood Vessel"   
 [5] "Brain"           "Breast"          "Colon"           "Esophagus"      
 [9] "Heart"           "Kidney"          "Liver"           "Lung"           
[13] "Muscle"          "Nerve"           "Ovary"           "Pancreas"       
[17] "Pituitary"       "Prostate"        "Salivary Gland"  "Skin"           
[21] "Small Intestine" "Spleen"          "Stomach"         "Testis"         
[25] "Thyroid"         "Uterus"          "Vagina"         
Extracting genotype data from PLINK file.
PLINK v2.0.0-a.7LM 64-bit Intel (11 Mar 2026)       cog-genomics.org/plink/2.0/
(C) 2005-2026 Shaun Purcell, Christopher Chang    GNU General Public License v3
Logging to /project2/mstephens/wdenault/susie_mix/temp_plink/plink_PFN2.log.
Options in effect:
  --bfile /project2/mstephens/gtex/GTEx_Analysis_2017-06-05_v8_WholeGenomeSeq_866Indiv
  --chr 3
  --export A
  --from-bp 149550788
  --maf 0
  --max-alleles 2
  --memory 8000
  --out /project2/mstephens/wdenault/susie_mix/temp_plink/plink_PFN2
  --rm-dup exclude-all
  --snps-only
  --threads 2
  --to-bp 150550788

Start time: Tue Sep  1 11:30:54 2026
63727 MiB RAM detected, ~31074 available; reserving 8000 MiB for main
workspace.
Using up to 2 compute threads.
866 samples (0 females, 0 males, 866 ambiguous; 866 founders) loaded from
/project2/mstephens/gtex/GTEx_Analysis_2017-06-05_v8_WholeGenomeSeq_866Indiv.fam.
67234533 variants in
/project2/mstephens/gtex/GTEx_Analysis_2017-06-05_v8_WholeGenomeSeq_866Indiv.bim;
63427992 excluded by --chr + --max-alleles + --snps-only, 3806541 remaining.
Note: No phenotype data present.
Note: Skipping --rm-dup since no duplicate IDs are present.
16592 variants remaining after main filters.
--export A pass 1/1: loading... 0%writing... 0%1%2%3%4%5%6%7%8%9%10%11%12%13%14%15%16%17%18%19%20%21%22%23%24%25%26%27%28%29%30%31%32%33%34%35%36%37%38%39%40%41%42%43%44%45%46%47%48%49%50%51%52%53%54%55%56%57%58%59%60%61%62%63%64%65%66%67%68%69%70%71%72%73%74%75%76%77%78%79%80%81%82%83%84%85%86%87%88%89%90%91%92%93%94%95%96%97%98%99% done.
--export A: /project2/mstephens/wdenault/susie_mix/temp_plink/plink_PFN2.raw
written.
End time: Tue Sep  1 11:30:59 2026
13 SNP(s) removed because HWE P < 1e-08 :
 [1] "chr3_149598049_T_C_b38_T" "chr3_149732702_G_A_b38_G"
 [3] "chr3_149735513_C_T_b38_C" "chr3_149741626_C_T_b38_C"
 [5] "chr3_149751372_C_G_b38_C" "chr3_149753031_T_C_b38_T"
 [7] "chr3_149754313_A_G_b38_A" "chr3_149754440_A_G_b38_A"
 [9] "chr3_149961653_G_A_b38_G" "chr3_150207955_T_C_b38_T"
[11] "chr3_150234254_T_C_b38_T" "chr3_150261804_G_A_b38_G"
[13] "chr3_150295641_T_A_b38_T"

=====================================
Tissue: Adipose Tissue 
=====================================
[1] TRUE
Running SuSiE.

=====================================
Tissue: Adrenal Gland 
=====================================
[1] TRUE
Running SuSiE.

=====================================
Tissue: Blood 
=====================================
[1] TRUE
Running SuSiE.

=====================================
Tissue: Blood Vessel 
=====================================
[1] TRUE
Running SuSiE.

=====================================
Tissue: Brain 
=====================================
[1] TRUE
Running SuSiE.

=====================================
Tissue: Breast 
=====================================
[1] TRUE
Running SuSiE.

=====================================
Tissue: Colon 
=====================================
[1] TRUE
Running SuSiE.

=====================================
Tissue: Esophagus 
=====================================
[1] TRUE
Running SuSiE.

=====================================
Tissue: Heart 
=====================================
[1] TRUE
Running SuSiE.

=====================================
Tissue: Kidney 
=====================================
[1] TRUE
Running SuSiE.

=====================================
Tissue: Liver 
=====================================
[1] TRUE
Running SuSiE.

=====================================
Tissue: Lung 
=====================================
[1] TRUE
Running SuSiE.

=====================================
Tissue: Muscle 
=====================================
[1] TRUE
Running SuSiE.

=====================================
Tissue: Nerve 
=====================================
[1] TRUE
Running SuSiE.

=====================================
Tissue: Ovary 
=====================================
[1] TRUE
Running SuSiE.

=====================================
Tissue: Pancreas 
=====================================
[1] TRUE
Running SuSiE.

=====================================
Tissue: Pituitary 
=====================================
[1] TRUE
Running SuSiE.

=====================================
Tissue: Prostate 
=====================================
[1] TRUE
Running SuSiE.

=====================================
Tissue: Salivary Gland 
=====================================
[1] TRUE
Running SuSiE.

=====================================
Tissue: Skin 
=====================================
[1] TRUE
Running SuSiE.

=====================================
Tissue: Small Intestine 
=====================================
[1] TRUE
Running SuSiE.

=====================================
Tissue: Spleen 
=====================================
[1] TRUE
Running SuSiE.

=====================================
Tissue: Stomach 
=====================================
[1] TRUE
Running SuSiE.

=====================================
Tissue: Testis 
=====================================
[1] TRUE
Running SuSiE.

=====================================
Tissue: Thyroid 
=====================================
[1] TRUE
Running SuSiE.

=====================================
Tissue: Uterus 
=====================================
[1] TRUE
Running SuSiE.

=====================================
Tissue: Vagina 
=====================================
[1] TRUE
Running SuSiE.
[2026-09-01 11:32:39] starting PFN3
Importing covariate data.
Importing gene expression data.
Found 27 tissues for gene PFN3 :
 [1] "Adipose Tissue"  "Adrenal Gland"   "Blood"           "Blood Vessel"   
 [5] "Brain"           "Breast"          "Colon"           "Esophagus"      
 [9] "Heart"           "Kidney"          "Liver"           "Lung"           
[13] "Muscle"          "Nerve"           "Ovary"           "Pancreas"       
[17] "Pituitary"       "Prostate"        "Salivary Gland"  "Skin"           
[21] "Small Intestine" "Spleen"          "Stomach"         "Testis"         
[25] "Thyroid"         "Uterus"          "Vagina"         
Extracting genotype data from PLINK file.
PLINK v2.0.0-a.7LM 64-bit Intel (11 Mar 2026)       cog-genomics.org/plink/2.0/
(C) 2005-2026 Shaun Purcell, Christopher Chang    GNU General Public License v3
Logging to /project2/mstephens/wdenault/susie_mix/temp_plink/plink_PFN3.log.
Options in effect:
  --bfile /project2/mstephens/gtex/GTEx_Analysis_2017-06-05_v8_WholeGenomeSeq_866Indiv
  --chr 5
  --export A
  --from-bp 176900661
  --maf 0
  --max-alleles 2
  --memory 8000
  --out /project2/mstephens/wdenault/susie_mix/temp_plink/plink_PFN3
  --rm-dup exclude-all
  --snps-only
  --threads 2
  --to-bp 177900661

Start time: Tue Sep  1 11:33:36 2026
63727 MiB RAM detected, ~34316 available; reserving 8000 MiB for main
workspace.
Using up to 2 compute threads.
866 samples (0 females, 0 males, 866 ambiguous; 866 founders) loaded from
/project2/mstephens/gtex/GTEx_Analysis_2017-06-05_v8_WholeGenomeSeq_866Indiv.fam.
67234533 variants in
/project2/mstephens/gtex/GTEx_Analysis_2017-06-05_v8_WholeGenomeSeq_866Indiv.bim;
63805389 excluded by --chr + --max-alleles + --snps-only, 3429144 remaining.
Note: No phenotype data present.
Note: Skipping --rm-dup since no duplicate IDs are present.
18683 variants remaining after main filters.
--export A pass 1/1: loading... 0%90% writing... 0%1%2%3%4%5%6%7%8%9%10%11%12%13%14%15%16%17%18%19%20%21%22%23%24%25%26%27%28%29%30%31%32%33%34%35%36%37%38%39%40%41%42%43%44%45%46%47%48%49%50%51%52%53%54%55%56%57%58%59%60%61%62%63%64%65%66%67%68%69%70%71%72%73%74%75%76%77%78%79%80%81%82%83%84%85%86%87%88%89%90%91%92%93%94%95%96%97%98%99% done.
--export A: /project2/mstephens/wdenault/susie_mix/temp_plink/plink_PFN3.raw
written.
End time: Tue Sep  1 11:33:42 2026
89 SNP(s) removed because HWE P < 1e-08 :
 [1] "chr5_176903185_T_A_b38_T" "chr5_176906768_A_G_b38_A"
 [3] "chr5_176909991_C_T_b38_C" "chr5_176924895_C_T_b38_C"
 [5] "chr5_176943401_A_G_b38_A" "chr5_176957682_T_C_b38_T"
 [7] "chr5_177004575_C_T_b38_C" "chr5_177012448_G_A_b38_G"
 [9] "chr5_177019044_T_C_b38_T" "chr5_177021800_T_C_b38_T"
[11] "chr5_177021900_C_G_b38_C" "chr5_177022237_G_A_b38_G"
[13] "chr5_177026573_A_G_b38_A" "chr5_177030610_T_C_b38_T"
[15] "chr5_177032203_T_C_b38_T" "chr5_177032436_G_A_b38_G"
[17] "chr5_177033577_G_A_b38_G" "chr5_177034038_T_C_b38_T"
[19] "chr5_177034262_A_G_b38_A" "chr5_177034499_T_G_b38_T"
[21] "chr5_177035546_C_T_b38_C" "chr5_177035935_G_A_b38_G"
[23] "chr5_177036114_A_G_b38_A" "chr5_177039175_C_G_b38_C"
[25] "chr5_177039177_A_C_b38_A" "chr5_177105648_C_T_b38_C"
[27] "chr5_177301816_A_G_b38_A" "chr5_177314396_G_C_b38_G"
[29] "chr5_177315567_C_G_b38_C" "chr5_177486677_C_T_b38_C"
[31] "chr5_177670151_A_G_b38_A" "chr5_177670759_C_T_b38_C"
[33] "chr5_177671270_T_C_b38_T" "chr5_177692258_C_T_b38_C"
[35] "chr5_177699605_G_A_b38_G" "chr5_177703344_T_C_b38_T"
[37] "chr5_177703387_A_G_b38_A" "chr5_177705331_A_C_b38_A"
[39] "chr5_177705603_A_G_b38_A" "chr5_177725546_A_G_b38_A"
[41] "chr5_177725644_T_G_b38_T" "chr5_177725676_A_G_b38_A"
[43] "chr5_177730639_G_T_b38_G" "chr5_177754363_C_T_b38_C"
[45] "chr5_177758734_C_T_b38_C" "chr5_177763971_G_A_b38_G"
[47] "chr5_177784032_C_T_b38_C" "chr5_177784241_G_A_b38_G"
[49] "chr5_177784255_C_T_b38_C" "chr5_177784258_G_A_b38_G"
[51] "chr5_177786941_C_G_b38_C" "chr5_177790731_C_T_b38_C"
[53] "chr5_177790830_G_T_b38_G" "chr5_177791120_C_A_b38_C"
[55] "chr5_177805899_G_C_b38_G" "chr5_177808627_C_T_b38_C"
[57] "chr5_177818004_G_A_b38_G" "chr5_177820088_G_A_b38_G"
[59] "chr5_177821394_G_A_b38_G" "chr5_177822018_C_T_b38_C"
[61] "chr5_177823403_G_A_b38_G" "chr5_177836455_G_A_b38_G"
[63] "chr5_177842051_A_T_b38_A" "chr5_177844511_G_A_b38_G"
[65] "chr5_177844557_G_A_b38_G" "chr5_177846175_A_G_b38_A"
[67] "chr5_177847048_C_T_b38_C" "chr5_177847487_C_T_b38_C"
[69] "chr5_177849686_G_A_b38_G" "chr5_177849993_G_T_b38_G"
[71] "chr5_177852530_C_T_b38_C" "chr5_177852920_G_A_b38_G"
[73] "chr5_177853454_A_G_b38_A" "chr5_177854424_A_G_b38_A"
[75] "chr5_177856756_A_G_b38_A" "chr5_177858296_C_G_b38_C"
[77] "chr5_177876932_A_G_b38_A" "chr5_177876975_A_G_b38_A"
[79] "chr5_177877231_C_T_b38_C" "chr5_177877246_G_A_b38_G"
[81] "chr5_177880247_G_A_b38_G" "chr5_177882471_A_G_b38_A"
[83] "chr5_177889654_C_T_b38_C" "chr5_177889656_T_C_b38_T"
[85] "chr5_177890509_C_T_b38_C" "chr5_177890518_G_C_b38_G"
[87] "chr5_177891550_T_C_b38_T" "chr5_177891594_C_A_b38_C"
[89] "chr5_177891695_A_G_b38_A"

=====================================
Tissue: Adipose Tissue 
=====================================
[1] TRUE
Running SuSiE.

=====================================
Tissue: Adrenal Gland 
=====================================
[1] TRUE
Running SuSiE.

=====================================
Tissue: Blood 
=====================================
[1] TRUE
Running SuSiE.

=====================================
Tissue: Blood Vessel 
=====================================
[1] TRUE
Running SuSiE.

=====================================
Tissue: Brain 
=====================================
[1] TRUE
Running SuSiE.

=====================================
Tissue: Breast 
=====================================
[1] TRUE
Running SuSiE.

=====================================
Tissue: Colon 
=====================================
[1] TRUE
Running SuSiE.

=====================================
Tissue: Esophagus 
=====================================
[1] TRUE
Running SuSiE.

=====================================
Tissue: Heart 
=====================================
[1] TRUE
Running SuSiE.

=====================================
Tissue: Kidney 
=====================================
[1] TRUE
Running SuSiE.

=====================================
Tissue: Liver 
=====================================
[1] TRUE
Running SuSiE.

=====================================
Tissue: Lung 
=====================================
[1] TRUE
Running SuSiE.

=====================================
Tissue: Muscle 
=====================================
[1] TRUE
Running SuSiE.

=====================================
Tissue: Nerve 
=====================================
[1] TRUE
Running SuSiE.

=====================================
Tissue: Ovary 
=====================================
[1] TRUE
Running SuSiE.

=====================================
Tissue: Pancreas 
=====================================
[1] TRUE
Running SuSiE.

=====================================
Tissue: Pituitary 
=====================================
[1] TRUE
Running SuSiE.

=====================================
Tissue: Prostate 
=====================================
[1] TRUE
Running SuSiE.

=====================================
Tissue: Salivary Gland 
=====================================
[1] TRUE
Running SuSiE.

=====================================
Tissue: Skin 
=====================================
[1] TRUE
Running SuSiE.

=====================================
Tissue: Small Intestine 
=====================================
[1] TRUE
Running SuSiE.

=====================================
Tissue: Spleen 
=====================================
[1] TRUE
Running SuSiE.

=====================================
Tissue: Stomach 
=====================================
[1] TRUE
Running SuSiE.

=====================================
Tissue: Testis 
=====================================
[1] TRUE
Running SuSiE.

=====================================
Tissue: Thyroid 
=====================================
[1] TRUE
Running SuSiE.

=====================================
Tissue: Uterus 
=====================================
[1] TRUE
Running SuSiE.

=====================================
Tissue: Vagina 
=====================================
[1] TRUE
Running SuSiE.
[2026-09-01 11:34:50] starting PFN4
Importing covariate data.
Importing gene expression data.
Found 27 tissues for gene PFN4 :
 [1] "Adipose Tissue"  "Adrenal Gland"   "Blood"           "Blood Vessel"   
 [5] "Brain"           "Breast"          "Colon"           "Esophagus"      
 [9] "Heart"           "Kidney"          "Liver"           "Lung"           
[13] "Muscle"          "Nerve"           "Ovary"           "Pancreas"       
[17] "Pituitary"       "Prostate"        "Salivary Gland"  "Skin"           
[21] "Small Intestine" "Spleen"          "Stomach"         "Testis"         
[25] "Thyroid"         "Uterus"          "Vagina"         
Extracting genotype data from PLINK file.
PLINK v2.0.0-a.7LM 64-bit Intel (11 Mar 2026)       cog-genomics.org/plink/2.0/
(C) 2005-2026 Shaun Purcell, Christopher Chang    GNU General Public License v3
Logging to /project2/mstephens/wdenault/susie_mix/temp_plink/plink_PFN4.log.
Options in effect:
  --bfile /project2/mstephens/gtex/GTEx_Analysis_2017-06-05_v8_WholeGenomeSeq_866Indiv
  --chr 2
  --export A
  --from-bp 23623464
  --maf 0
  --max-alleles 2
  --memory 8000
  --out /project2/mstephens/wdenault/susie_mix/temp_plink/plink_PFN4
  --rm-dup exclude-all
  --snps-only
  --threads 2
  --to-bp 24623464

Start time: Tue Sep  1 11:35:48 2026
63727 MiB RAM detected, ~31810 available; reserving 8000 MiB for main
workspace.
Using up to 2 compute threads.
866 samples (0 females, 0 males, 866 ambiguous; 866 founders) loaded from
/project2/mstephens/gtex/GTEx_Analysis_2017-06-05_v8_WholeGenomeSeq_866Indiv.fam.
67234533 variants in
/project2/mstephens/gtex/GTEx_Analysis_2017-06-05_v8_WholeGenomeSeq_866Indiv.bim;
62634692 excluded by --chr + --max-alleles + --snps-only, 4599841 remaining.
Note: No phenotype data present.
Note: Skipping --rm-dup since no duplicate IDs are present.
16636 variants remaining after main filters.
--export A pass 1/1: loading... 0%writing... 0%1%2%3%4%5%6%7%8%9%10%11%12%13%14%15%16%17%18%19%20%21%22%23%24%25%26%27%28%29%30%31%32%33%34%35%36%37%38%39%40%41%42%43%44%45%46%47%48%49%50%51%52%53%54%55%56%57%58%59%60%61%62%63%64%65%66%67%68%69%70%71%72%73%74%75%76%77%78%79%80%81%82%83%84%85%86%87%88%89%90%91%92%93%94%95%96%97%98%99% done.
--export A: /project2/mstephens/wdenault/susie_mix/temp_plink/plink_PFN4.raw
written.
End time: Tue Sep  1 11:35:54 2026
12 SNP(s) removed because HWE P < 1e-08 :
 [1] "chr2_23649318_C_T_b38_C" "chr2_23709559_T_G_b38_T"
 [3] "chr2_24063319_C_T_b38_C" "chr2_24065477_T_A_b38_T"
 [5] "chr2_24066617_T_C_b38_T" "chr2_24068254_C_T_b38_C"
 [7] "chr2_24069803_G_A_b38_G" "chr2_24071497_C_T_b38_C"
 [9] "chr2_24072814_T_C_b38_T" "chr2_24437614_G_T_b38_G"
[11] "chr2_24437774_G_A_b38_G" "chr2_24469770_G_A_b38_G"

=====================================
Tissue: Adipose Tissue 
=====================================
[1] TRUE
Running SuSiE.

=====================================
Tissue: Adrenal Gland 
=====================================
[1] TRUE
Running SuSiE.

=====================================
Tissue: Blood 
=====================================
[1] TRUE
Running SuSiE.

=====================================
Tissue: Blood Vessel 
=====================================
[1] TRUE
Running SuSiE.

=====================================
Tissue: Brain 
=====================================
[1] TRUE
Running SuSiE.

=====================================
Tissue: Breast 
=====================================
[1] TRUE
Running SuSiE.

=====================================
Tissue: Colon 
=====================================
[1] TRUE
Running SuSiE.

=====================================
Tissue: Esophagus 
=====================================
[1] TRUE
Running SuSiE.

=====================================
Tissue: Heart 
=====================================
[1] TRUE
Running SuSiE.

=====================================
Tissue: Kidney 
=====================================
[1] TRUE
Running SuSiE.

=====================================
Tissue: Liver 
=====================================
[1] TRUE
Running SuSiE.

=====================================
Tissue: Lung 
=====================================
[1] TRUE
Running SuSiE.

=====================================
Tissue: Muscle 
=====================================
[1] TRUE
Running SuSiE.

=====================================
Tissue: Nerve 
=====================================
[1] TRUE
Running SuSiE.

=====================================
Tissue: Ovary 
=====================================
[1] TRUE
Running SuSiE.

=====================================
Tissue: Pancreas 
=====================================
[1] TRUE
Running SuSiE.

=====================================
Tissue: Pituitary 
=====================================
[1] TRUE
Running SuSiE.

=====================================
Tissue: Prostate 
=====================================
[1] TRUE
Running SuSiE.

=====================================
Tissue: Salivary Gland 
=====================================
[1] TRUE
Running SuSiE.

=====================================
Tissue: Skin 
=====================================
[1] TRUE
Running SuSiE.

=====================================
Tissue: Small Intestine 
=====================================
[1] TRUE
Running SuSiE.

=====================================
Tissue: Spleen 
=====================================
[1] TRUE
Running SuSiE.

=====================================
Tissue: Stomach 
=====================================
[1] TRUE
Running SuSiE.

=====================================
Tissue: Testis 
=====================================
[1] TRUE
Running SuSiE.

=====================================
Tissue: Thyroid 
=====================================
[1] TRUE
Running SuSiE.

=====================================
Tissue: Uterus 
=====================================
[1] TRUE
Running SuSiE.

=====================================
Tissue: Vagina 
=====================================
[1] TRUE
Running SuSiE.
[2026-09-01 11:37:32] starting PGA3
Importing covariate data.
Importing gene expression data.
Found 27 tissues for gene PGA3 :
 [1] "Adipose Tissue"  "Adrenal Gland"   "Blood"           "Blood Vessel"   
 [5] "Brain"           "Breast"          "Colon"           "Esophagus"      
 [9] "Heart"           "Kidney"          "Liver"           "Lung"           
[13] "Muscle"          "Nerve"           "Ovary"           "Pancreas"       
[17] "Pituitary"       "Prostate"        "Salivary Gland"  "Skin"           
[21] "Small Intestine" "Spleen"          "Stomach"         "Testis"         
[25] "Thyroid"         "Uterus"          "Vagina"         
Extracting genotype data from PLINK file.
PLINK v2.0.0-a.7LM 64-bit Intel (11 Mar 2026)       cog-genomics.org/plink/2.0/
(C) 2005-2026 Shaun Purcell, Christopher Chang    GNU General Public License v3
Logging to /project2/mstephens/wdenault/susie_mix/temp_plink/plink_PGA3.log.
Options in effect:
  --bfile /project2/mstephens/gtex/GTEx_Analysis_2017-06-05_v8_WholeGenomeSeq_866Indiv
  --chr 11
  --export A
  --from-bp 60703515
  --maf 0
  --max-alleles 2
  --memory 8000
  --out /project2/mstephens/wdenault/susie_mix/temp_plink/plink_PGA3
  --rm-dup exclude-all
  --snps-only
  --threads 2
  --to-bp 61703515

Start time: Tue Sep  1 11:38:30 2026
63727 MiB RAM detected, ~30564 available; reserving 8000 MiB for main
workspace.
Using up to 2 compute threads.
866 samples (0 females, 0 males, 866 ambiguous; 866 founders) loaded from
/project2/mstephens/gtex/GTEx_Analysis_2017-06-05_v8_WholeGenomeSeq_866Indiv.fam.
67234533 variants in
/project2/mstephens/gtex/GTEx_Analysis_2017-06-05_v8_WholeGenomeSeq_866Indiv.bim;
64515227 excluded by --chr + --max-alleles + --snps-only, 2719306 remaining.
Note: No phenotype data present.
Note: Skipping --rm-dup since no duplicate IDs are present.
17154 variants remaining after main filters.
--export A pass 1/1: loading... 0%writing... 0%1%2%3%4%5%6%7%8%9%10%11%12%13%14%15%16%17%18%19%20%21%22%23%24%25%26%27%28%29%30%31%32%33%34%35%36%37%38%39%40%41%42%43%44%45%46%47%48%49%50%51%52%53%54%55%56%57%58%59%60%61%62%63%64%65%66%67%68%69%70%71%72%73%74%75%76%77%78%79%80%81%82%83%84%85%86%87%88%89%90%91%92%93%94%95%96%97%98%99% done.
--export A: /project2/mstephens/wdenault/susie_mix/temp_plink/plink_PGA3.raw
written.
End time: Tue Sep  1 11:38:37 2026
159 SNP(s) removed because HWE P < 1e-08 :
  [1] "chr11_60773969_A_C_b38_A" "chr11_60948612_C_T_b38_C"
  [3] "chr11_60948940_T_A_b38_T" "chr11_61073809_G_T_b38_G"
  [5] "chr11_61074762_T_C_b38_T" "chr11_61077601_A_G_b38_A"
  [7] "chr11_61087413_T_C_b38_T" "chr11_61099971_A_G_b38_A"
  [9] "chr11_61203208_T_C_b38_T" "chr11_61203277_C_T_b38_C"
 [11] "chr11_61203278_C_A_b38_C" "chr11_61203311_T_C_b38_T"
 [13] "chr11_61203377_A_G_b38_A" "chr11_61203597_A_G_b38_A"
 [15] "chr11_61204697_G_A_b38_G" "chr11_61204699_C_G_b38_C"
 [17] "chr11_61204711_C_G_b38_C" "chr11_61205040_C_T_b38_C"
 [19] "chr11_61205482_A_G_b38_A" "chr11_61248542_C_T_b38_C"
 [21] "chr11_61250314_A_G_b38_A" "chr11_61251383_A_G_b38_A"
 [23] "chr11_61251853_A_G_b38_A" "chr11_61255331_A_G_b38_A"
 [25] "chr11_61259916_T_C_b38_T" "chr11_61262273_T_C_b38_T"
 [27] "chr11_61266053_A_T_b38_A" "chr11_61268485_T_C_b38_T"
 [29] "chr11_61271587_G_A_b38_G" "chr11_61272605_T_C_b38_T"
 [31] "chr11_61276301_C_G_b38_C" "chr11_61276998_C_G_b38_C"
 [33] "chr11_61279138_A_C_b38_A" "chr11_61279404_C_T_b38_C"
 [35] "chr11_61284133_C_G_b38_C" "chr11_61287420_C_A_b38_C"
 [37] "chr11_61288112_G_A_b38_G" "chr11_61291395_T_C_b38_T"
 [39] "chr11_61295684_T_G_b38_T" "chr11_61301886_T_C_b38_T"
 [41] "chr11_61308052_C_T_b38_C" "chr11_61308900_T_C_b38_T"
 [43] "chr11_61310164_A_G_b38_A" "chr11_61311516_C_T_b38_C"
 [45] "chr11_61313085_C_T_b38_C" "chr11_61316708_A_G_b38_A"
 [47] "chr11_61317315_A_G_b38_A" "chr11_61318027_T_C_b38_T"
 [49] "chr11_61320658_A_G_b38_A" "chr11_61320668_T_G_b38_T"
 [51] "chr11_61321565_T_C_b38_T" "chr11_61325230_T_C_b38_T"
 [53] "chr11_61325773_A_G_b38_A" "chr11_61327896_C_T_b38_C"
 [55] "chr11_61328311_C_T_b38_C" "chr11_61332603_G_A_b38_G"
 [57] "chr11_61335149_T_C_b38_T" "chr11_61339053_C_T_b38_C"
 [59] "chr11_61339420_G_C_b38_G" "chr11_61341502_G_A_b38_G"
 [61] "chr11_61342203_G_A_b38_G" "chr11_61342697_A_C_b38_A"
 [63] "chr11_61344614_C_T_b38_C" "chr11_61345330_C_T_b38_C"
 [65] "chr11_61347144_T_C_b38_T" "chr11_61351532_G_A_b38_G"
 [67] "chr11_61352604_C_T_b38_C" "chr11_61355406_G_A_b38_G"
 [69] "chr11_61359386_C_T_b38_C" "chr11_61365272_T_A_b38_T"
 [71] "chr11_61367060_T_C_b38_T" "chr11_61372397_G_A_b38_G"
 [73] "chr11_61373692_C_T_b38_C" "chr11_61373849_T_A_b38_T"
 [75] "chr11_61374004_G_A_b38_G" "chr11_61377180_C_A_b38_C"
 [77] "chr11_61377235_C_T_b38_C" "chr11_61380697_A_G_b38_A"
 [79] "chr11_61384556_C_A_b38_C" "chr11_61396957_T_C_b38_T"
 [81] "chr11_61398269_G_C_b38_G" "chr11_61398834_G_A_b38_G"
 [83] "chr11_61399988_A_C_b38_A" "chr11_61409167_A_C_b38_A"
 [85] "chr11_61409333_G_A_b38_G" "chr11_61411813_G_A_b38_G"
 [87] "chr11_61412256_G_A_b38_G" "chr11_61413007_A_T_b38_A"
 [89] "chr11_61417685_T_C_b38_T" "chr11_61417732_G_C_b38_G"
 [91] "chr11_61418231_C_A_b38_C" "chr11_61419349_A_C_b38_A"
 [93] "chr11_61428817_G_A_b38_G" "chr11_61429441_G_A_b38_G"
 [95] "chr11_61434831_G_A_b38_G" "chr11_61435974_C_T_b38_C"
 [97] "chr11_61437962_G_A_b38_G" "chr11_61439326_G_A_b38_G"
 [99] "chr11_61440358_G_C_b38_G" "chr11_61441413_T_C_b38_T"
[101] "chr11_61442439_G_C_b38_G" "chr11_61442973_T_C_b38_T"
[103] "chr11_61446527_A_G_b38_A" "chr11_61447580_G_A_b38_G"
[105] "chr11_61447740_A_G_b38_A" "chr11_61448147_G_T_b38_G"
[107] "chr11_61449126_A_G_b38_A" "chr11_61449653_G_T_b38_G"
[109] "chr11_61451709_T_C_b38_T" "chr11_61453646_A_G_b38_A"
[111] "chr11_61454263_G_A_b38_G" "chr11_61454490_C_G_b38_C"
[113] "chr11_61455163_G_A_b38_G" "chr11_61455641_A_G_b38_A"
[115] "chr11_61456808_G_T_b38_G" "chr11_61458926_G_A_b38_G"
[117] "chr11_61459179_G_A_b38_G" "chr11_61462011_G_A_b38_G"
[119] "chr11_61462316_G_A_b38_G" "chr11_61462317_C_T_b38_C"
[121] "chr11_61465977_G_C_b38_G" "chr11_61466005_T_C_b38_T"
[123] "chr11_61466059_C_T_b38_C" "chr11_61466152_C_T_b38_C"
[125] "chr11_61469366_A_G_b38_A" "chr11_61470413_G_A_b38_G"
[127] "chr11_61473276_C_T_b38_C" "chr11_61474731_C_G_b38_C"
[129] "chr11_61475269_G_T_b38_G" "chr11_61519220_G_A_b38_G"
[131] "chr11_61519525_A_T_b38_A" "chr11_61519914_A_G_b38_A"
[133] "chr11_61521350_T_C_b38_T" "chr11_61523605_A_G_b38_A"
[135] "chr11_61524450_A_G_b38_A" "chr11_61527844_A_T_b38_A"
[137] "chr11_61535232_G_T_b38_G" "chr11_61536138_T_C_b38_T"
[139] "chr11_61539457_G_C_b38_G" "chr11_61548662_C_T_b38_C"
[141] "chr11_61548835_T_C_b38_T" "chr11_61556570_C_T_b38_C"
[143] "chr11_61557165_T_G_b38_T" "chr11_61557352_A_G_b38_A"
[145] "chr11_61560366_T_C_b38_T" "chr11_61563505_A_G_b38_A"
[147] "chr11_61571395_T_C_b38_T" "chr11_61573792_T_C_b38_T"
[149] "chr11_61575185_C_T_b38_C" "chr11_61575224_C_T_b38_C"
[151] "chr11_61577147_C_A_b38_C" "chr11_61578020_A_G_b38_A"
[153] "chr11_61578036_T_C_b38_T" "chr11_61583494_A_G_b38_A"
[155] "chr11_61584886_A_G_b38_A" "chr11_61585165_T_C_b38_T"
[157] "chr11_61587740_A_G_b38_A" "chr11_61587896_A_G_b38_A"
[159] "chr11_61589344_G_C_b38_G"

=====================================
Tissue: Adipose Tissue 
=====================================
[1] TRUE
Running SuSiE.

=====================================
Tissue: Adrenal Gland 
=====================================
[1] TRUE
Running SuSiE.

=====================================
Tissue: Blood 
=====================================
[1] TRUE
Running SuSiE.

=====================================
Tissue: Blood Vessel 
=====================================
[1] TRUE
Running SuSiE.

=====================================
Tissue: Brain 
=====================================
[1] TRUE
Running SuSiE.

=====================================
Tissue: Breast 
=====================================
[1] TRUE
Running SuSiE.

=====================================
Tissue: Colon 
=====================================
[1] TRUE
Running SuSiE.

=====================================
Tissue: Esophagus 
=====================================
[1] TRUE
Running SuSiE.

=====================================
Tissue: Heart 
=====================================
[1] TRUE
Running SuSiE.

=====================================
Tissue: Kidney 
=====================================
[1] TRUE
Running SuSiE.

=====================================
Tissue: Liver 
=====================================
[1] TRUE
Running SuSiE.

=====================================
Tissue: Lung 
=====================================
[1] TRUE
Running SuSiE.

=====================================
Tissue: Muscle 
=====================================
[1] TRUE
Running SuSiE.

=====================================
Tissue: Nerve 
=====================================
[1] TRUE
Running SuSiE.

=====================================
Tissue: Ovary 
=====================================
[1] TRUE
Running SuSiE.

=====================================
Tissue: Pancreas 
=====================================
[1] TRUE
Running SuSiE.

=====================================
Tissue: Pituitary 
=====================================
[1] TRUE
Running SuSiE.

=====================================
Tissue: Prostate 
=====================================
[1] TRUE
Running SuSiE.

=====================================
Tissue: Salivary Gland 
=====================================
[1] TRUE
Running SuSiE.

=====================================
Tissue: Skin 
=====================================
[1] TRUE
Running SuSiE.

=====================================
Tissue: Small Intestine 
=====================================
[1] TRUE
Running SuSiE.

=====================================
Tissue: Spleen 
=====================================
[1] TRUE
Running SuSiE.

=====================================
Tissue: Stomach 
=====================================
[1] TRUE
Running SuSiE.

=====================================
Tissue: Testis 
=====================================
[1] TRUE
Running SuSiE.

=====================================
Tissue: Thyroid 
=====================================
[1] TRUE
Running SuSiE.

=====================================
Tissue: Uterus 
=====================================
[1] TRUE
Running SuSiE.

=====================================
Tissue: Vagina 
=====================================
[1] TRUE
Running SuSiE.
[2026-09-01 11:39:52] starting PGA4
Importing covariate data.
Importing gene expression data.
Found 27 tissues for gene PGA4 :
 [1] "Adipose Tissue"  "Adrenal Gland"   "Blood"           "Blood Vessel"   
 [5] "Brain"           "Breast"          "Colon"           "Esophagus"      
 [9] "Heart"           "Kidney"          "Liver"           "Lung"           
[13] "Muscle"          "Nerve"           "Ovary"           "Pancreas"       
[17] "Pituitary"       "Prostate"        "Salivary Gland"  "Skin"           
[21] "Small Intestine" "Spleen"          "Stomach"         "Testis"         
[25] "Thyroid"         "Uterus"          "Vagina"         
Extracting genotype data from PLINK file.
PLINK v2.0.0-a.7LM 64-bit Intel (11 Mar 2026)       cog-genomics.org/plink/2.0/
(C) 2005-2026 Shaun Purcell, Christopher Chang    GNU General Public License v3
Logging to /project2/mstephens/wdenault/susie_mix/temp_plink/plink_PGA4.log.
Options in effect:
  --bfile /project2/mstephens/gtex/GTEx_Analysis_2017-06-05_v8_WholeGenomeSeq_866Indiv
  --chr 11
  --export A
  --from-bp 60722349
  --maf 0
  --max-alleles 2
  --memory 8000
  --out /project2/mstephens/wdenault/susie_mix/temp_plink/plink_PGA4
  --rm-dup exclude-all
  --snps-only
  --threads 2
  --to-bp 61722349

Start time: Tue Sep  1 11:40:50 2026
63727 MiB RAM detected, ~30589 available; reserving 8000 MiB for main
workspace.
Using up to 2 compute threads.
866 samples (0 females, 0 males, 866 ambiguous; 866 founders) loaded from
/project2/mstephens/gtex/GTEx_Analysis_2017-06-05_v8_WholeGenomeSeq_866Indiv.fam.
67234533 variants in
/project2/mstephens/gtex/GTEx_Analysis_2017-06-05_v8_WholeGenomeSeq_866Indiv.bim;
64515227 excluded by --chr + --max-alleles + --snps-only, 2719306 remaining.
Note: No phenotype data present.
Note: Skipping --rm-dup since no duplicate IDs are present.
17089 variants remaining after main filters.
--export A pass 1/1: loading... 0%writing... 0%1%2%3%4%5%6%7%8%9%10%11%12%13%14%15%16%17%18%19%20%21%22%23%24%25%26%27%28%29%30%31%32%33%34%35%36%37%38%39%40%41%42%43%44%45%46%47%48%49%50%51%52%53%54%55%56%57%58%59%60%61%62%63%64%65%66%67%68%69%70%71%72%73%74%75%76%77%78%79%80%81%82%83%84%85%86%87%88%89%90%91%92%93%94%95%96%97%98%99% done.
--export A: /project2/mstephens/wdenault/susie_mix/temp_plink/plink_PGA4.raw
written.
End time: Tue Sep  1 11:40:56 2026
160 SNP(s) removed because HWE P < 1e-08 :
  [1] "chr11_60773969_A_C_b38_A" "chr11_60948612_C_T_b38_C"
  [3] "chr11_60948940_T_A_b38_T" "chr11_61073809_G_T_b38_G"
  [5] "chr11_61074762_T_C_b38_T" "chr11_61077601_A_G_b38_A"
  [7] "chr11_61087413_T_C_b38_T" "chr11_61099971_A_G_b38_A"
  [9] "chr11_61203208_T_C_b38_T" "chr11_61203277_C_T_b38_C"
 [11] "chr11_61203278_C_A_b38_C" "chr11_61203311_T_C_b38_T"
 [13] "chr11_61203377_A_G_b38_A" "chr11_61203597_A_G_b38_A"
 [15] "chr11_61204697_G_A_b38_G" "chr11_61204699_C_G_b38_C"
 [17] "chr11_61204711_C_G_b38_C" "chr11_61205040_C_T_b38_C"
 [19] "chr11_61205482_A_G_b38_A" "chr11_61248542_C_T_b38_C"
 [21] "chr11_61250314_A_G_b38_A" "chr11_61251383_A_G_b38_A"
 [23] "chr11_61251853_A_G_b38_A" "chr11_61255331_A_G_b38_A"
 [25] "chr11_61259916_T_C_b38_T" "chr11_61262273_T_C_b38_T"
 [27] "chr11_61266053_A_T_b38_A" "chr11_61268485_T_C_b38_T"
 [29] "chr11_61271587_G_A_b38_G" "chr11_61272605_T_C_b38_T"
 [31] "chr11_61276301_C_G_b38_C" "chr11_61276998_C_G_b38_C"
 [33] "chr11_61279138_A_C_b38_A" "chr11_61279404_C_T_b38_C"
 [35] "chr11_61284133_C_G_b38_C" "chr11_61287420_C_A_b38_C"
 [37] "chr11_61288112_G_A_b38_G" "chr11_61291395_T_C_b38_T"
 [39] "chr11_61295684_T_G_b38_T" "chr11_61301886_T_C_b38_T"
 [41] "chr11_61308052_C_T_b38_C" "chr11_61308900_T_C_b38_T"
 [43] "chr11_61310164_A_G_b38_A" "chr11_61311516_C_T_b38_C"
 [45] "chr11_61313085_C_T_b38_C" "chr11_61316708_A_G_b38_A"
 [47] "chr11_61317315_A_G_b38_A" "chr11_61318027_T_C_b38_T"
 [49] "chr11_61320658_A_G_b38_A" "chr11_61320668_T_G_b38_T"
 [51] "chr11_61321565_T_C_b38_T" "chr11_61325230_T_C_b38_T"
 [53] "chr11_61325773_A_G_b38_A" "chr11_61327896_C_T_b38_C"
 [55] "chr11_61328311_C_T_b38_C" "chr11_61332603_G_A_b38_G"
 [57] "chr11_61335149_T_C_b38_T" "chr11_61339053_C_T_b38_C"
 [59] "chr11_61339420_G_C_b38_G" "chr11_61341502_G_A_b38_G"
 [61] "chr11_61342203_G_A_b38_G" "chr11_61342697_A_C_b38_A"
 [63] "chr11_61344614_C_T_b38_C" "chr11_61345330_C_T_b38_C"
 [65] "chr11_61347144_T_C_b38_T" "chr11_61351532_G_A_b38_G"
 [67] "chr11_61352604_C_T_b38_C" "chr11_61355406_G_A_b38_G"
 [69] "chr11_61359386_C_T_b38_C" "chr11_61365272_T_A_b38_T"
 [71] "chr11_61367060_T_C_b38_T" "chr11_61372397_G_A_b38_G"
 [73] "chr11_61373692_C_T_b38_C" "chr11_61373849_T_A_b38_T"
 [75] "chr11_61374004_G_A_b38_G" "chr11_61377180_C_A_b38_C"
 [77] "chr11_61377235_C_T_b38_C" "chr11_61380697_A_G_b38_A"
 [79] "chr11_61384556_C_A_b38_C" "chr11_61396957_T_C_b38_T"
 [81] "chr11_61398269_G_C_b38_G" "chr11_61398834_G_A_b38_G"
 [83] "chr11_61399988_A_C_b38_A" "chr11_61409167_A_C_b38_A"
 [85] "chr11_61409333_G_A_b38_G" "chr11_61411813_G_A_b38_G"
 [87] "chr11_61412256_G_A_b38_G" "chr11_61413007_A_T_b38_A"
 [89] "chr11_61417685_T_C_b38_T" "chr11_61417732_G_C_b38_G"
 [91] "chr11_61418231_C_A_b38_C" "chr11_61419349_A_C_b38_A"
 [93] "chr11_61428817_G_A_b38_G" "chr11_61429441_G_A_b38_G"
 [95] "chr11_61434831_G_A_b38_G" "chr11_61435974_C_T_b38_C"
 [97] "chr11_61437962_G_A_b38_G" "chr11_61439326_G_A_b38_G"
 [99] "chr11_61440358_G_C_b38_G" "chr11_61441413_T_C_b38_T"
[101] "chr11_61442439_G_C_b38_G" "chr11_61442973_T_C_b38_T"
[103] "chr11_61446527_A_G_b38_A" "chr11_61447580_G_A_b38_G"
[105] "chr11_61447740_A_G_b38_A" "chr11_61448147_G_T_b38_G"
[107] "chr11_61449126_A_G_b38_A" "chr11_61449653_G_T_b38_G"
[109] "chr11_61451709_T_C_b38_T" "chr11_61453646_A_G_b38_A"
[111] "chr11_61454263_G_A_b38_G" "chr11_61454490_C_G_b38_C"
[113] "chr11_61455163_G_A_b38_G" "chr11_61455641_A_G_b38_A"
[115] "chr11_61456808_G_T_b38_G" "chr11_61458926_G_A_b38_G"
[117] "chr11_61459179_G_A_b38_G" "chr11_61462011_G_A_b38_G"
[119] "chr11_61462316_G_A_b38_G" "chr11_61462317_C_T_b38_C"
[121] "chr11_61465977_G_C_b38_G" "chr11_61466005_T_C_b38_T"
[123] "chr11_61466059_C_T_b38_C" "chr11_61466152_C_T_b38_C"
[125] "chr11_61469366_A_G_b38_A" "chr11_61470413_G_A_b38_G"
[127] "chr11_61473276_C_T_b38_C" "chr11_61474731_C_G_b38_C"
[129] "chr11_61475269_G_T_b38_G" "chr11_61519220_G_A_b38_G"
[131] "chr11_61519525_A_T_b38_A" "chr11_61519914_A_G_b38_A"
[133] "chr11_61521350_T_C_b38_T" "chr11_61523605_A_G_b38_A"
[135] "chr11_61524450_A_G_b38_A" "chr11_61527844_A_T_b38_A"
[137] "chr11_61535232_G_T_b38_G" "chr11_61536138_T_C_b38_T"
[139] "chr11_61539457_G_C_b38_G" "chr11_61548662_C_T_b38_C"
[141] "chr11_61548835_T_C_b38_T" "chr11_61556570_C_T_b38_C"
[143] "chr11_61557165_T_G_b38_T" "chr11_61557352_A_G_b38_A"
[145] "chr11_61560366_T_C_b38_T" "chr11_61563505_A_G_b38_A"
[147] "chr11_61571395_T_C_b38_T" "chr11_61573792_T_C_b38_T"
[149] "chr11_61575185_C_T_b38_C" "chr11_61575224_C_T_b38_C"
[151] "chr11_61577147_C_A_b38_C" "chr11_61578020_A_G_b38_A"
[153] "chr11_61578036_T_C_b38_T" "chr11_61583494_A_G_b38_A"
[155] "chr11_61584886_A_G_b38_A" "chr11_61585165_T_C_b38_T"
[157] "chr11_61587740_A_G_b38_A" "chr11_61587896_A_G_b38_A"
[159] "chr11_61589344_G_C_b38_G" "chr11_61711058_A_C_b38_A"

=====================================
Tissue: Adipose Tissue 
=====================================
[1] TRUE
Running SuSiE.

=====================================
Tissue: Adrenal Gland 
=====================================
[1] TRUE
Running SuSiE.

=====================================
Tissue: Blood 
=====================================
[1] TRUE
Running SuSiE.

=====================================
Tissue: Blood Vessel 
=====================================
[1] TRUE
Running SuSiE.

=====================================
Tissue: Brain 
=====================================
[1] TRUE
Running SuSiE.

=====================================
Tissue: Breast 
=====================================
[1] TRUE
Running SuSiE.

=====================================
Tissue: Colon 
=====================================
[1] TRUE
Running SuSiE.

=====================================
Tissue: Esophagus 
=====================================
[1] TRUE
Running SuSiE.

=====================================
Tissue: Heart 
=====================================
[1] TRUE
Running SuSiE.

=====================================
Tissue: Kidney 
=====================================
[1] TRUE
Running SuSiE.

=====================================
Tissue: Liver 
=====================================
[1] TRUE
Running SuSiE.

=====================================
Tissue: Lung 
=====================================
[1] TRUE
Running SuSiE.

=====================================
Tissue: Muscle 
=====================================
[1] TRUE
Running SuSiE.

=====================================
Tissue: Nerve 
=====================================
[1] TRUE
Running SuSiE.

=====================================
Tissue: Ovary 
=====================================
[1] TRUE
Running SuSiE.

=====================================
Tissue: Pancreas 
=====================================
[1] TRUE
Running SuSiE.

=====================================
Tissue: Pituitary 
=====================================
[1] TRUE
Running SuSiE.

=====================================
Tissue: Prostate 
=====================================
[1] TRUE
Running SuSiE.

=====================================
Tissue: Salivary Gland 
=====================================
[1] TRUE
Running SuSiE.

=====================================
Tissue: Skin 
=====================================
[1] TRUE
Running SuSiE.

=====================================
Tissue: Small Intestine 
=====================================
[1] TRUE
Running SuSiE.

=====================================
Tissue: Spleen 
=====================================
[1] TRUE
Running SuSiE.

=====================================
Tissue: Stomach 
=====================================
[1] TRUE
Running SuSiE.

=====================================
Tissue: Testis 
=====================================
[1] TRUE
Running SuSiE.

=====================================
Tissue: Thyroid 
=====================================
[1] TRUE
Running SuSiE.

=====================================
Tissue: Uterus 
=====================================
[1] TRUE
Running SuSiE.

=====================================
Tissue: Vagina 
=====================================
[1] TRUE
Running SuSiE.
[2026-09-01 11:42:09] starting PGA5
Importing covariate data.
Importing gene expression data.
Found 27 tissues for gene PGA5 :
 [1] "Adipose Tissue"  "Adrenal Gland"   "Blood"           "Blood Vessel"   
 [5] "Brain"           "Breast"          "Colon"           "Esophagus"      
 [9] "Heart"           "Kidney"          "Liver"           "Lung"           
[13] "Muscle"          "Nerve"           "Ovary"           "Pancreas"       
[17] "Pituitary"       "Prostate"        "Salivary Gland"  "Skin"           
[21] "Small Intestine" "Spleen"          "Stomach"         "Testis"         
[25] "Thyroid"         "Uterus"          "Vagina"         
Extracting genotype data from PLINK file.
PLINK v2.0.0-a.7LM 64-bit Intel (11 Mar 2026)       cog-genomics.org/plink/2.0/
(C) 2005-2026 Shaun Purcell, Christopher Chang    GNU General Public License v3
Logging to /project2/mstephens/wdenault/susie_mix/temp_plink/plink_PGA5.log.
Options in effect:
  --bfile /project2/mstephens/gtex/GTEx_Analysis_2017-06-05_v8_WholeGenomeSeq_866Indiv
  --chr 11
  --export A
  --from-bp 60741175
  --maf 0
  --max-alleles 2
  --memory 8000
  --out /project2/mstephens/wdenault/susie_mix/temp_plink/plink_PGA5
  --rm-dup exclude-all
  --snps-only
  --threads 2
  --to-bp 61741175

Start time: Tue Sep  1 11:43:08 2026
63727 MiB RAM detected, ~34807 available; reserving 8000 MiB for main
workspace.
Using up to 2 compute threads.
866 samples (0 females, 0 males, 866 ambiguous; 866 founders) loaded from
/project2/mstephens/gtex/GTEx_Analysis_2017-06-05_v8_WholeGenomeSeq_866Indiv.fam.
67234533 variants in
/project2/mstephens/gtex/GTEx_Analysis_2017-06-05_v8_WholeGenomeSeq_866Indiv.bim;
64515227 excluded by --chr + --max-alleles + --snps-only, 2719306 remaining.
Note: No phenotype data present.
Note: Skipping --rm-dup since no duplicate IDs are present.
17001 variants remaining after main filters.
--export A pass 1/1: loading... 0%writing... 0%1%2%3%4%5%6%7%8%9%10%11%12%13%14%15%16%17%18%19%20%21%22%23%24%25%26%27%28%29%30%31%32%33%34%35%36%37%38%39%40%41%42%43%44%45%46%47%48%49%50%51%52%53%54%55%56%57%58%59%60%61%62%63%64%65%66%67%68%69%70%71%72%73%74%75%76%77%78%79%80%81%82%83%84%85%86%87%88%89%90%91%92%93%94%95%96%97%98%99% done.
--export A: /project2/mstephens/wdenault/susie_mix/temp_plink/plink_PGA5.raw
written.
End time: Tue Sep  1 11:43:13 2026
160 SNP(s) removed because HWE P < 1e-08 :
  [1] "chr11_60773969_A_C_b38_A" "chr11_60948612_C_T_b38_C"
  [3] "chr11_60948940_T_A_b38_T" "chr11_61073809_G_T_b38_G"
  [5] "chr11_61074762_T_C_b38_T" "chr11_61077601_A_G_b38_A"
  [7] "chr11_61087413_T_C_b38_T" "chr11_61099971_A_G_b38_A"
  [9] "chr11_61203208_T_C_b38_T" "chr11_61203277_C_T_b38_C"
 [11] "chr11_61203278_C_A_b38_C" "chr11_61203311_T_C_b38_T"
 [13] "chr11_61203377_A_G_b38_A" "chr11_61203597_A_G_b38_A"
 [15] "chr11_61204697_G_A_b38_G" "chr11_61204699_C_G_b38_C"
 [17] "chr11_61204711_C_G_b38_C" "chr11_61205040_C_T_b38_C"
 [19] "chr11_61205482_A_G_b38_A" "chr11_61248542_C_T_b38_C"
 [21] "chr11_61250314_A_G_b38_A" "chr11_61251383_A_G_b38_A"
 [23] "chr11_61251853_A_G_b38_A" "chr11_61255331_A_G_b38_A"
 [25] "chr11_61259916_T_C_b38_T" "chr11_61262273_T_C_b38_T"
 [27] "chr11_61266053_A_T_b38_A" "chr11_61268485_T_C_b38_T"
 [29] "chr11_61271587_G_A_b38_G" "chr11_61272605_T_C_b38_T"
 [31] "chr11_61276301_C_G_b38_C" "chr11_61276998_C_G_b38_C"
 [33] "chr11_61279138_A_C_b38_A" "chr11_61279404_C_T_b38_C"
 [35] "chr11_61284133_C_G_b38_C" "chr11_61287420_C_A_b38_C"
 [37] "chr11_61288112_G_A_b38_G" "chr11_61291395_T_C_b38_T"
 [39] "chr11_61295684_T_G_b38_T" "chr11_61301886_T_C_b38_T"
 [41] "chr11_61308052_C_T_b38_C" "chr11_61308900_T_C_b38_T"
 [43] "chr11_61310164_A_G_b38_A" "chr11_61311516_C_T_b38_C"
 [45] "chr11_61313085_C_T_b38_C" "chr11_61316708_A_G_b38_A"
 [47] "chr11_61317315_A_G_b38_A" "chr11_61318027_T_C_b38_T"
 [49] "chr11_61320658_A_G_b38_A" "chr11_61320668_T_G_b38_T"
 [51] "chr11_61321565_T_C_b38_T" "chr11_61325230_T_C_b38_T"
 [53] "chr11_61325773_A_G_b38_A" "chr11_61327896_C_T_b38_C"
 [55] "chr11_61328311_C_T_b38_C" "chr11_61332603_G_A_b38_G"
 [57] "chr11_61335149_T_C_b38_T" "chr11_61339053_C_T_b38_C"
 [59] "chr11_61339420_G_C_b38_G" "chr11_61341502_G_A_b38_G"
 [61] "chr11_61342203_G_A_b38_G" "chr11_61342697_A_C_b38_A"
 [63] "chr11_61344614_C_T_b38_C" "chr11_61345330_C_T_b38_C"
 [65] "chr11_61347144_T_C_b38_T" "chr11_61351532_G_A_b38_G"
 [67] "chr11_61352604_C_T_b38_C" "chr11_61355406_G_A_b38_G"
 [69] "chr11_61359386_C_T_b38_C" "chr11_61365272_T_A_b38_T"
 [71] "chr11_61367060_T_C_b38_T" "chr11_61372397_G_A_b38_G"
 [73] "chr11_61373692_C_T_b38_C" "chr11_61373849_T_A_b38_T"
 [75] "chr11_61374004_G_A_b38_G" "chr11_61377180_C_A_b38_C"
 [77] "chr11_61377235_C_T_b38_C" "chr11_61380697_A_G_b38_A"
 [79] "chr11_61384556_C_A_b38_C" "chr11_61396957_T_C_b38_T"
 [81] "chr11_61398269_G_C_b38_G" "chr11_61398834_G_A_b38_G"
 [83] "chr11_61399988_A_C_b38_A" "chr11_61409167_A_C_b38_A"
 [85] "chr11_61409333_G_A_b38_G" "chr11_61411813_G_A_b38_G"
 [87] "chr11_61412256_G_A_b38_G" "chr11_61413007_A_T_b38_A"
 [89] "chr11_61417685_T_C_b38_T" "chr11_61417732_G_C_b38_G"
 [91] "chr11_61418231_C_A_b38_C" "chr11_61419349_A_C_b38_A"
 [93] "chr11_61428817_G_A_b38_G" "chr11_61429441_G_A_b38_G"
 [95] "chr11_61434831_G_A_b38_G" "chr11_61435974_C_T_b38_C"
 [97] "chr11_61437962_G_A_b38_G" "chr11_61439326_G_A_b38_G"
 [99] "chr11_61440358_G_C_b38_G" "chr11_61441413_T_C_b38_T"
[101] "chr11_61442439_G_C_b38_G" "chr11_61442973_T_C_b38_T"
[103] "chr11_61446527_A_G_b38_A" "chr11_61447580_G_A_b38_G"
[105] "chr11_61447740_A_G_b38_A" "chr11_61448147_G_T_b38_G"
[107] "chr11_61449126_A_G_b38_A" "chr11_61449653_G_T_b38_G"
[109] "chr11_61451709_T_C_b38_T" "chr11_61453646_A_G_b38_A"
[111] "chr11_61454263_G_A_b38_G" "chr11_61454490_C_G_b38_C"
[113] "chr11_61455163_G_A_b38_G" "chr11_61455641_A_G_b38_A"
[115] "chr11_61456808_G_T_b38_G" "chr11_61458926_G_A_b38_G"
[117] "chr11_61459179_G_A_b38_G" "chr11_61462011_G_A_b38_G"
[119] "chr11_61462316_G_A_b38_G" "chr11_61462317_C_T_b38_C"
[121] "chr11_61465977_G_C_b38_G" "chr11_61466005_T_C_b38_T"
[123] "chr11_61466059_C_T_b38_C" "chr11_61466152_C_T_b38_C"
[125] "chr11_61469366_A_G_b38_A" "chr11_61470413_G_A_b38_G"
[127] "chr11_61473276_C_T_b38_C" "chr11_61474731_C_G_b38_C"
[129] "chr11_61475269_G_T_b38_G" "chr11_61519220_G_A_b38_G"
[131] "chr11_61519525_A_T_b38_A" "chr11_61519914_A_G_b38_A"
[133] "chr11_61521350_T_C_b38_T" "chr11_61523605_A_G_b38_A"
[135] "chr11_61524450_A_G_b38_A" "chr11_61527844_A_T_b38_A"
[137] "chr11_61535232_G_T_b38_G" "chr11_61536138_T_C_b38_T"
[139] "chr11_61539457_G_C_b38_G" "chr11_61548662_C_T_b38_C"
[141] "chr11_61548835_T_C_b38_T" "chr11_61556570_C_T_b38_C"
[143] "chr11_61557165_T_G_b38_T" "chr11_61557352_A_G_b38_A"
[145] "chr11_61560366_T_C_b38_T" "chr11_61563505_A_G_b38_A"
[147] "chr11_61571395_T_C_b38_T" "chr11_61573792_T_C_b38_T"
[149] "chr11_61575185_C_T_b38_C" "chr11_61575224_C_T_b38_C"
[151] "chr11_61577147_C_A_b38_C" "chr11_61578020_A_G_b38_A"
[153] "chr11_61578036_T_C_b38_T" "chr11_61583494_A_G_b38_A"
[155] "chr11_61584886_A_G_b38_A" "chr11_61585165_T_C_b38_T"
[157] "chr11_61587740_A_G_b38_A" "chr11_61587896_A_G_b38_A"
[159] "chr11_61589344_G_C_b38_G" "chr11_61711058_A_C_b38_A"

=====================================
Tissue: Adipose Tissue 
=====================================
[1] TRUE
Running SuSiE.

=====================================
Tissue: Adrenal Gland 
=====================================
[1] TRUE
Running SuSiE.

=====================================
Tissue: Blood 
=====================================
[1] TRUE
Running SuSiE.

=====================================
Tissue: Blood Vessel 
=====================================
[1] TRUE
Running SuSiE.

=====================================
Tissue: Brain 
=====================================
[1] TRUE
Running SuSiE.

=====================================
Tissue: Breast 
=====================================
[1] TRUE
Running SuSiE.

=====================================
Tissue: Colon 
=====================================
[1] TRUE
Running SuSiE.

=====================================
Tissue: Esophagus 
=====================================
[1] TRUE
Running SuSiE.

=====================================
Tissue: Heart 
=====================================
[1] TRUE
Running SuSiE.

=====================================
Tissue: Kidney 
=====================================
[1] TRUE
Running SuSiE.

=====================================
Tissue: Liver 
=====================================
[1] TRUE
Running SuSiE.

=====================================
Tissue: Lung 
=====================================
[1] TRUE
Running SuSiE.

=====================================
Tissue: Muscle 
=====================================
[1] TRUE
Running SuSiE.

=====================================
Tissue: Nerve 
=====================================
[1] TRUE
Running SuSiE.

=====================================
Tissue: Ovary 
=====================================
[1] TRUE
Running SuSiE.

=====================================
Tissue: Pancreas 
=====================================
[1] TRUE
Running SuSiE.

=====================================
Tissue: Pituitary 
=====================================
[1] TRUE
Running SuSiE.

=====================================
Tissue: Prostate 
=====================================
[1] TRUE
Running SuSiE.

=====================================
Tissue: Salivary Gland 
=====================================
[1] TRUE
Running SuSiE.

=====================================
Tissue: Skin 
=====================================
[1] TRUE
Running SuSiE.

=====================================
Tissue: Small Intestine 
=====================================
[1] TRUE
Running SuSiE.

=====================================
Tissue: Spleen 
=====================================
[1] TRUE
Running SuSiE.

=====================================
Tissue: Stomach 
=====================================
[1] TRUE
Running SuSiE.

=====================================
Tissue: Testis 
=====================================
[1] TRUE
Running SuSiE.

=====================================
Tissue: Thyroid 
=====================================
[1] TRUE
Running SuSiE.

=====================================
Tissue: Uterus 
=====================================
[1] TRUE
Running SuSiE.

=====================================
Tissue: Vagina 
=====================================
[1] TRUE
Running SuSiE.
[2026-09-01 11:44:30] starting PGAM1
Importing covariate data.
Importing gene expression data.
Found 27 tissues for gene PGAM1 :
 [1] "Adipose Tissue"  "Adrenal Gland"   "Blood"           "Blood Vessel"   
 [5] "Brain"           "Breast"          "Colon"           "Esophagus"      
 [9] "Heart"           "Kidney"          "Liver"           "Lung"           
[13] "Muscle"          "Nerve"           "Ovary"           "Pancreas"       
[17] "Pituitary"       "Prostate"        "Salivary Gland"  "Skin"           
[21] "Small Intestine" "Spleen"          "Stomach"         "Testis"         
[25] "Thyroid"         "Uterus"          "Vagina"         
Extracting genotype data from PLINK file.
PLINK v2.0.0-a.7LM 64-bit Intel (11 Mar 2026)       cog-genomics.org/plink/2.0/
(C) 2005-2026 Shaun Purcell, Christopher Chang    GNU General Public License v3
Logging to /project2/mstephens/wdenault/susie_mix/temp_plink/plink_PGAM1.log.
Options in effect:
  --bfile /project2/mstephens/gtex/GTEx_Analysis_2017-06-05_v8_WholeGenomeSeq_866Indiv
  --chr 10
  --export A
  --from-bp 96926191
  --maf 0
  --max-alleles 2
  --memory 8000
  --out /project2/mstephens/wdenault/susie_mix/temp_plink/plink_PGAM1
  --rm-dup exclude-all
  --snps-only
  --threads 2
  --to-bp 97926191

Start time: Tue Sep  1 11:45:25 2026
63727 MiB RAM detected, ~34807 available; reserving 8000 MiB for main
workspace.
Using up to 2 compute threads.
866 samples (0 females, 0 males, 866 ambiguous; 866 founders) loaded from
/project2/mstephens/gtex/GTEx_Analysis_2017-06-05_v8_WholeGenomeSeq_866Indiv.fam.
67234533 variants in
/project2/mstephens/gtex/GTEx_Analysis_2017-06-05_v8_WholeGenomeSeq_866Indiv.bim;
64498607 excluded by --chr + --max-alleles + --snps-only, 2735926 remaining.
Note: No phenotype data present.
Note: Skipping --rm-dup since no duplicate IDs are present.
18416 variants remaining after main filters.
--export A pass 1/1: loading... 0%70% writing... 0%1%2%3%4%5%6%7%8%9%10%11%12%13%14%15%16%17%18%19%20%21%22%23%24%25%26%27%28%29%30%31%32%33%34%35%36%37%38%39%40%41%42%43%44%45%46%47%48%49%50%51%52%53%54%55%56%57%58%59%60%61%62%63%64%65%66%67%68%69%70%71%72%73%74%75%76%77%78%79%80%81%82%83%84%85%86%87%88%89%90%91%92%93%94%95%96%97%98%99% done.
--export A: /project2/mstephens/wdenault/susie_mix/temp_plink/plink_PGAM1.raw
written.
End time: Tue Sep  1 11:45:30 2026
45 SNP(s) removed because HWE P < 1e-08 :
 [1] "chr10_96935200_A_G_b38_A" "chr10_96935618_G_A_b38_G"
 [3] "chr10_96939379_C_A_b38_C" "chr10_97001579_C_T_b38_C"
 [5] "chr10_97209116_C_T_b38_C" "chr10_97210907_G_A_b38_G"
 [7] "chr10_97211153_A_C_b38_A" "chr10_97211367_C_G_b38_C"
 [9] "chr10_97241106_G_A_b38_G" "chr10_97241867_G_A_b38_G"
[11] "chr10_97244414_G_A_b38_G" "chr10_97247534_C_T_b38_C"
[13] "chr10_97247723_T_C_b38_T" "chr10_97277829_T_G_b38_T"
[15] "chr10_97330305_C_G_b38_C" "chr10_97331629_C_T_b38_C"
[17] "chr10_97529078_T_C_b38_T" "chr10_97529317_T_C_b38_T"
[19] "chr10_97567211_G_C_b38_G" "chr10_97581428_A_G_b38_A"
[21] "chr10_97623782_C_T_b38_C" "chr10_97625729_A_C_b38_A"
[23] "chr10_97627985_T_C_b38_T" "chr10_97635895_G_T_b38_G"
[25] "chr10_97636531_C_T_b38_C" "chr10_97637654_T_A_b38_T"
[27] "chr10_97648051_G_A_b38_G" "chr10_97648210_C_T_b38_C"
[29] "chr10_97700517_C_T_b38_C" "chr10_97700520_C_T_b38_C"
[31] "chr10_97700530_C_T_b38_C" "chr10_97700531_A_G_b38_A"
[33] "chr10_97700541_C_T_b38_C" "chr10_97700567_A_G_b38_A"
[35] "chr10_97700574_T_A_b38_T" "chr10_97764756_C_T_b38_C"
[37] "chr10_97765102_T_C_b38_T" "chr10_97765561_A_G_b38_A"
[39] "chr10_97766328_C_T_b38_C" "chr10_97766750_G_A_b38_G"
[41] "chr10_97768182_A_G_b38_A" "chr10_97772192_A_G_b38_A"
[43] "chr10_97775955_C_G_b38_C" "chr10_97776902_C_G_b38_C"
[45] "chr10_97776941_T_C_b38_T"

=====================================
Tissue: Adipose Tissue 
=====================================
[1] TRUE
Running SuSiE.

=====================================
Tissue: Adrenal Gland 
=====================================
[1] TRUE
Running SuSiE.

=====================================
Tissue: Blood 
=====================================
[1] TRUE
Running SuSiE.

=====================================
Tissue: Blood Vessel 
=====================================
[1] TRUE
Running SuSiE.

=====================================
Tissue: Brain 
=====================================
[1] TRUE
Running SuSiE.

=====================================
Tissue: Breast 
=====================================
[1] TRUE
Running SuSiE.

=====================================
Tissue: Colon 
=====================================
[1] TRUE
Running SuSiE.

=====================================
Tissue: Esophagus 
=====================================
[1] TRUE
Running SuSiE.

=====================================
Tissue: Heart 
=====================================
[1] TRUE
Running SuSiE.

=====================================
Tissue: Kidney 
=====================================
[1] TRUE
Running SuSiE.

=====================================
Tissue: Liver 
=====================================
[1] TRUE
Running SuSiE.

=====================================
Tissue: Lung 
=====================================
[1] TRUE
Running SuSiE.

=====================================
Tissue: Muscle 
=====================================
[1] TRUE
Running SuSiE.

=====================================
Tissue: Nerve 
=====================================
[1] TRUE
Running SuSiE.

=====================================
Tissue: Ovary 
=====================================
[1] TRUE
Running SuSiE.

=====================================
Tissue: Pancreas 
=====================================
[1] TRUE
Running SuSiE.

=====================================
Tissue: Pituitary 
=====================================
[1] TRUE
Running SuSiE.

=====================================
Tissue: Prostate 
=====================================
[1] TRUE
Running SuSiE.

=====================================
Tissue: Salivary Gland 
=====================================
[1] TRUE
Running SuSiE.

=====================================
Tissue: Skin 
=====================================
[1] TRUE
Running SuSiE.

=====================================
Tissue: Small Intestine 
=====================================
[1] TRUE
Running SuSiE.

=====================================
Tissue: Spleen 
=====================================
[1] TRUE
Running SuSiE.

=====================================
Tissue: Stomach 
=====================================
[1] TRUE
Running SuSiE.

=====================================
Tissue: Testis 
=====================================
[1] TRUE
Running SuSiE.

=====================================
Tissue: Thyroid 
=====================================
[1] TRUE
Running SuSiE.

=====================================
Tissue: Uterus 
=====================================
[1] TRUE
Running SuSiE.

=====================================
Tissue: Vagina 
=====================================
[1] TRUE
Running SuSiE.
[2026-09-01 11:47:14] starting PGAM4
Importing covariate data.
Importing gene expression data.
Found 27 tissues for gene PGAM4 :
 [1] "Adipose Tissue"  "Adrenal Gland"   "Blood"           "Blood Vessel"   
 [5] "Brain"           "Breast"          "Colon"           "Esophagus"      
 [9] "Heart"           "Kidney"          "Liver"           "Lung"           
[13] "Muscle"          "Nerve"           "Ovary"           "Pancreas"       
[17] "Pituitary"       "Prostate"        "Salivary Gland"  "Skin"           
[21] "Small Intestine" "Spleen"          "Stomach"         "Testis"         
[25] "Thyroid"         "Uterus"          "Vagina"         
Extracting genotype data from PLINK file.
PLINK v2.0.0-a.7LM 64-bit Intel (11 Mar 2026)       cog-genomics.org/plink/2.0/
(C) 2005-2026 Shaun Purcell, Christopher Chang    GNU General Public License v3
Logging to /project2/mstephens/wdenault/susie_mix/temp_plink/plink_PGAM4.log.
Options in effect:
  --bfile /project2/mstephens/gtex/GTEx_Analysis_2017-06-05_v8_WholeGenomeSeq_866Indiv
  --chr X
  --export A
  --from-bp 77469638
  --maf 0
  --max-alleles 2
  --memory 8000
  --out /project2/mstephens/wdenault/susie_mix/temp_plink/plink_PGAM4
  --rm-dup exclude-all
  --snps-only
  --threads 2
  --to-bp 78469638

Start time: Tue Sep  1 11:48:09 2026
63727 MiB RAM detected, ~30107 available; reserving 8000 MiB for main
workspace.
Using up to 2 compute threads.
866 samples (0 females, 0 males, 866 ambiguous; 866 founders) loaded from
/project2/mstephens/gtex/GTEx_Analysis_2017-06-05_v8_WholeGenomeSeq_866Indiv.fam.
End time: Tue Sep  1 11:48:15 2026
[2026-09-01 11:48:15] starting PGAM5
Importing covariate data.
Importing gene expression data.
Found 27 tissues for gene PGAM5 :
 [1] "Adipose Tissue"  "Adrenal Gland"   "Blood"           "Blood Vessel"   
 [5] "Brain"           "Breast"          "Colon"           "Esophagus"      
 [9] "Heart"           "Kidney"          "Liver"           "Lung"           
[13] "Muscle"          "Nerve"           "Ovary"           "Pancreas"       
[17] "Pituitary"       "Prostate"        "Salivary Gland"  "Skin"           
[21] "Small Intestine" "Spleen"          "Stomach"         "Testis"         
[25] "Thyroid"         "Uterus"          "Vagina"         
Extracting genotype data from PLINK file.
PLINK v2.0.0-a.7LM 64-bit Intel (11 Mar 2026)       cog-genomics.org/plink/2.0/
(C) 2005-2026 Shaun Purcell, Christopher Chang    GNU General Public License v3
Logging to /project2/mstephens/wdenault/susie_mix/temp_plink/plink_PGAM5.log.
Options in effect:
  --bfile /project2/mstephens/gtex/GTEx_Analysis_2017-06-05_v8_WholeGenomeSeq_866Indiv
  --chr 12
  --export A
  --from-bp 132210819
  --maf 0
  --max-alleles 2
  --memory 8000
  --out /project2/mstephens/wdenault/susie_mix/temp_plink/plink_PGAM5
  --rm-dup exclude-all
  --snps-only
  --threads 2
  --to-bp 133210819

Start time: Tue Sep  1 11:49:10 2026
63727 MiB RAM detected, ~31068 available; reserving 8000 MiB for main
workspace.
Using up to 2 compute threads.
866 samples (0 females, 0 males, 866 ambiguous; 866 founders) loaded from
/project2/mstephens/gtex/GTEx_Analysis_2017-06-05_v8_WholeGenomeSeq_866Indiv.fam.
67234533 variants in
/project2/mstephens/gtex/GTEx_Analysis_2017-06-05_v8_WholeGenomeSeq_866Indiv.bim;
64641234 excluded by --chr + --max-alleles + --snps-only, 2593299 remaining.
Note: No phenotype data present.
Note: Skipping --rm-dup since no duplicate IDs are present.
26448 variants remaining after main filters.
--export A pass 1/1: loading... 0%writing... 0%1%2%3%4%5%6%7%8%9%10%11%12%13%14%15%16%17%18%19%20%21%22%23%24%25%26%27%28%29%30%31%32%33%34%35%36%37%38%39%40%41%42%43%44%45%46%47%48%49%50%51%52%53%54%55%56%57%58%59%60%61%62%63%64%65%66%67%68%69%70%71%72%73%74%75%76%77%78%79%80%81%82%83%84%85%86%87%88%89%90%91%92%93%94%95%96%97%98%99% done.
--export A: /project2/mstephens/wdenault/susie_mix/temp_plink/plink_PGAM5.raw
written.
End time: Tue Sep  1 11:49:16 2026
46 SNP(s) removed because HWE P < 1e-08 :
 [1] "chr12_132219893_A_G_b38_A" "chr12_132257537_C_T_b38_C"
 [3] "chr12_132275467_C_T_b38_C" "chr12_132280740_T_C_b38_T"
 [5] "chr12_132381475_A_G_b38_A" "chr12_132381494_A_G_b38_A"
 [7] "chr12_132408793_G_A_b38_G" "chr12_132435728_A_G_b38_A"
 [9] "chr12_132485339_A_G_b38_A" "chr12_132486520_T_C_b38_T"
[11] "chr12_132486636_A_G_b38_A" "chr12_132487075_G_A_b38_G"
[13] "chr12_132488213_T_A_b38_T" "chr12_132830657_A_G_b38_A"
[15] "chr12_132834959_C_T_b38_C" "chr12_132844923_A_G_b38_A"
[17] "chr12_132846476_T_C_b38_T" "chr12_132849526_C_T_b38_C"
[19] "chr12_132855393_G_A_b38_G" "chr12_132856158_C_T_b38_C"
[21] "chr12_132867289_G_T_b38_G" "chr12_132868270_C_T_b38_C"
[23] "chr12_132870236_C_T_b38_C" "chr12_132871269_C_T_b38_C"
[25] "chr12_132881792_C_T_b38_C" "chr12_132883626_T_C_b38_T"
[27] "chr12_132885743_C_A_b38_C" "chr12_132886173_A_C_b38_A"
[29] "chr12_132891833_A_G_b38_A" "chr12_132892982_G_C_b38_G"
[31] "chr12_132893620_A_G_b38_A" "chr12_132901042_A_G_b38_A"
[33] "chr12_132903063_G_T_b38_G" "chr12_132908470_T_C_b38_T"
[35] "chr12_132910543_T_C_b38_T" "chr12_132940033_G_T_b38_G"
[37] "chr12_132964487_T_C_b38_T" "chr12_132965319_A_T_b38_A"
[39] "chr12_132965963_T_C_b38_T" "chr12_132983092_T_A_b38_T"
[41] "chr12_132983622_T_C_b38_T" "chr12_132984498_T_C_b38_T"
[43] "chr12_133095749_G_A_b38_G" "chr12_133095783_G_A_b38_G"
[45] "chr12_133095802_A_G_b38_A" "chr12_133095820_C_T_b38_C"

=====================================
Tissue: Adipose Tissue 
=====================================
[1] TRUE
Running SuSiE.

=====================================
Tissue: Adrenal Gland 
=====================================
[1] TRUE
Running SuSiE.

=====================================
Tissue: Blood 
=====================================
[1] TRUE
Running SuSiE.

=====================================
Tissue: Blood Vessel 
=====================================
[1] TRUE
Running SuSiE.

=====================================
Tissue: Brain 
=====================================
[1] TRUE
Running SuSiE.

=====================================
Tissue: Breast 
=====================================
[1] TRUE
Running SuSiE.

=====================================
Tissue: Colon 
=====================================
[1] TRUE
Running SuSiE.

=====================================
Tissue: Esophagus 
=====================================
[1] TRUE
Running SuSiE.

=====================================
Tissue: Heart 
=====================================
[1] TRUE
Running SuSiE.

=====================================
Tissue: Kidney 
=====================================
[1] TRUE
Running SuSiE.

=====================================
Tissue: Liver 
=====================================
[1] TRUE
Running SuSiE.

=====================================
Tissue: Lung 
=====================================
[1] TRUE
Running SuSiE.

=====================================
Tissue: Muscle 
=====================================
[1] TRUE
Running SuSiE.

=====================================
Tissue: Nerve 
=====================================
[1] TRUE
Running SuSiE.

=====================================
Tissue: Ovary 
=====================================
[1] TRUE
Running SuSiE.

=====================================
Tissue: Pancreas 
=====================================
[1] TRUE
Running SuSiE.

=====================================
Tissue: Pituitary 
=====================================
[1] TRUE
Running SuSiE.

=====================================
Tissue: Prostate 
=====================================
[1] TRUE
Running SuSiE.

=====================================
Tissue: Salivary Gland 
=====================================
[1] TRUE
Running SuSiE.

=====================================
Tissue: Skin 
=====================================
[1] TRUE
Running SuSiE.

=====================================
Tissue: Small Intestine 
=====================================
[1] TRUE
Running SuSiE.

=====================================
Tissue: Spleen 
=====================================
[1] TRUE
Running SuSiE.

=====================================
Tissue: Stomach 
=====================================
[1] TRUE
Running SuSiE.

=====================================
Tissue: Testis 
=====================================
[1] TRUE
Running SuSiE.

=====================================
Tissue: Thyroid 
=====================================
[1] TRUE
Running SuSiE.

=====================================
Tissue: Uterus 
=====================================
[1] TRUE
Running SuSiE.

=====================================
Tissue: Vagina 
=====================================
[1] TRUE
Running SuSiE.
[2026-09-01 11:51:46] starting PGAP1
Importing covariate data.
Importing gene expression data.
Found 27 tissues for gene PGAP1 :
 [1] "Adipose Tissue"  "Adrenal Gland"   "Blood"           "Blood Vessel"   
 [5] "Brain"           "Breast"          "Colon"           "Esophagus"      
 [9] "Heart"           "Kidney"          "Liver"           "Lung"           
[13] "Muscle"          "Nerve"           "Ovary"           "Pancreas"       
[17] "Pituitary"       "Prostate"        "Salivary Gland"  "Skin"           
[21] "Small Intestine" "Spleen"          "Stomach"         "Testis"         
[25] "Thyroid"         "Uterus"          "Vagina"         
Extracting genotype data from PLINK file.
PLINK v2.0.0-a.7LM 64-bit Intel (11 Mar 2026)       cog-genomics.org/plink/2.0/
(C) 2005-2026 Shaun Purcell, Christopher Chang    GNU General Public License v3
Logging to /project2/mstephens/wdenault/susie_mix/temp_plink/plink_PGAP1.log.
Options in effect:
  --bfile /project2/mstephens/gtex/GTEx_Analysis_2017-06-05_v8_WholeGenomeSeq_866Indiv
  --chr 2
  --export A
  --from-bp 196427796
  --maf 0
  --max-alleles 2
  --memory 8000
  --out /project2/mstephens/wdenault/susie_mix/temp_plink/plink_PGAP1
  --rm-dup exclude-all
  --snps-only
  --threads 2
  --to-bp 197427796

Start time: Tue Sep  1 11:52:43 2026
63727 MiB RAM detected, ~31079 available; reserving 8000 MiB for main
workspace.
Using up to 2 compute threads.
866 samples (0 females, 0 males, 866 ambiguous; 866 founders) loaded from
/project2/mstephens/gtex/GTEx_Analysis_2017-06-05_v8_WholeGenomeSeq_866Indiv.fam.
67234533 variants in
/project2/mstephens/gtex/GTEx_Analysis_2017-06-05_v8_WholeGenomeSeq_866Indiv.bim;
62634692 excluded by --chr + --max-alleles + --snps-only, 4599841 remaining.
Note: No phenotype data present.
Note: Skipping --rm-dup since no duplicate IDs are present.
15601 variants remaining after main filters.
--export A pass 1/1: loading... 0%writing... 0%1%2%3%4%5%6%7%8%9%10%11%12%13%14%15%16%17%18%19%20%21%22%23%24%25%26%27%28%29%30%31%32%33%34%35%36%37%38%39%40%41%42%43%44%45%46%47%48%49%50%51%52%53%54%55%56%57%58%59%60%61%62%63%64%65%66%67%68%69%70%71%72%73%74%75%76%77%78%79%80%81%82%83%84%85%86%87%88%89%90%91%92%93%94%95%96%97%98%99% done.
--export A: /project2/mstephens/wdenault/susie_mix/temp_plink/plink_PGAP1.raw
written.
End time: Tue Sep  1 11:52:49 2026
11 SNP(s) removed because HWE P < 1e-08 :
 [1] "chr2_196539990_G_A_b38_G" "chr2_197112718_A_G_b38_A"
 [3] "chr2_197125803_G_A_b38_G" "chr2_197140635_T_C_b38_T"
 [5] "chr2_197166462_G_C_b38_G" "chr2_197192062_C_G_b38_C"
 [7] "chr2_197204542_C_T_b38_C" "chr2_197207949_T_C_b38_T"
 [9] "chr2_197283385_C_T_b38_C" "chr2_197297279_T_C_b38_T"
[11] "chr2_197312042_G_A_b38_G"

=====================================
Tissue: Adipose Tissue 
=====================================
[1] TRUE
Running SuSiE.

=====================================
Tissue: Adrenal Gland 
=====================================
[1] TRUE
Running SuSiE.

=====================================
Tissue: Blood 
=====================================
[1] TRUE
Running SuSiE.

=====================================
Tissue: Blood Vessel 
=====================================
[1] TRUE
Running SuSiE.

=====================================
Tissue: Brain 
=====================================
[1] TRUE
Running SuSiE.

=====================================
Tissue: Breast 
=====================================
[1] TRUE
Running SuSiE.

=====================================
Tissue: Colon 
=====================================
[1] TRUE
Running SuSiE.

=====================================
Tissue: Esophagus 
=====================================
[1] TRUE
Running SuSiE.

=====================================
Tissue: Heart 
=====================================
[1] TRUE
Running SuSiE.

=====================================
Tissue: Kidney 
=====================================
[1] TRUE
Running SuSiE.

=====================================
Tissue: Liver 
=====================================
[1] TRUE
Running SuSiE.

=====================================
Tissue: Lung 
=====================================
[1] TRUE
Running SuSiE.

=====================================
Tissue: Muscle 
=====================================
[1] TRUE
Running SuSiE.

=====================================
Tissue: Nerve 
=====================================
[1] TRUE
Running SuSiE.

=====================================
Tissue: Ovary 
=====================================
[1] TRUE
Running SuSiE.

=====================================
Tissue: Pancreas 
=====================================
[1] TRUE
Running SuSiE.

=====================================
Tissue: Pituitary 
=====================================
[1] TRUE
Running SuSiE.

=====================================
Tissue: Prostate 
=====================================
[1] TRUE
Running SuSiE.

=====================================
Tissue: Salivary Gland 
=====================================
[1] TRUE
Running SuSiE.

=====================================
Tissue: Skin 
=====================================
[1] TRUE
Running SuSiE.

=====================================
Tissue: Small Intestine 
=====================================
[1] TRUE
Running SuSiE.

=====================================
Tissue: Spleen 
=====================================
[1] TRUE
Running SuSiE.

=====================================
Tissue: Stomach 
=====================================
[1] TRUE
Running SuSiE.

=====================================
Tissue: Testis 
=====================================
[1] TRUE
Running SuSiE.

=====================================
Tissue: Thyroid 
=====================================
[1] TRUE
Running SuSiE.

=====================================
Tissue: Uterus 
=====================================
[1] TRUE
Running SuSiE.

=====================================
Tissue: Vagina 
=====================================
[1] TRUE
Running SuSiE.
[2026-09-01 11:54:10] starting PGAP2
Importing covariate data.
Importing gene expression data.
Found 27 tissues for gene PGAP2 :
 [1] "Adipose Tissue"  "Adrenal Gland"   "Blood"           "Blood Vessel"   
 [5] "Brain"           "Breast"          "Colon"           "Esophagus"      
 [9] "Heart"           "Kidney"          "Liver"           "Lung"           
[13] "Muscle"          "Nerve"           "Ovary"           "Pancreas"       
[17] "Pituitary"       "Prostate"        "Salivary Gland"  "Skin"           
[21] "Small Intestine" "Spleen"          "Stomach"         "Testis"         
[25] "Thyroid"         "Uterus"          "Vagina"         
Extracting genotype data from PLINK file.
PLINK v2.0.0-a.7LM 64-bit Intel (11 Mar 2026)       cog-genomics.org/plink/2.0/
(C) 2005-2026 Shaun Purcell, Christopher Chang    GNU General Public License v3
Logging to /project2/mstephens/wdenault/susie_mix/temp_plink/plink_PGAP2.log.
Options in effect:
  --bfile /project2/mstephens/gtex/GTEx_Analysis_2017-06-05_v8_WholeGenomeSeq_866Indiv
  --chr 11
  --export A
  --from-bp 3297724
  --maf 0
  --max-alleles 2
  --memory 8000
  --out /project2/mstephens/wdenault/susie_mix/temp_plink/plink_PGAP2
  --rm-dup exclude-all
  --snps-only
  --threads 2
  --to-bp 4297724

Start time: Tue Sep  1 11:55:06 2026
63727 MiB RAM detected, ~30096 available; reserving 8000 MiB for main
workspace.
Using up to 2 compute threads.
866 samples (0 females, 0 males, 866 ambiguous; 866 founders) loaded from
/project2/mstephens/gtex/GTEx_Analysis_2017-06-05_v8_WholeGenomeSeq_866Indiv.fam.
67234533 variants in
/project2/mstephens/gtex/GTEx_Analysis_2017-06-05_v8_WholeGenomeSeq_866Indiv.bim;
64515227 excluded by --chr + --max-alleles + --snps-only, 2719306 remaining.
Note: No phenotype data present.
Note: Skipping --rm-dup since no duplicate IDs are present.
27348 variants remaining after main filters.
--export A pass 1/1: loading... 0%writing... 0%1%2%3%4%5%6%7%8%9%10%11%12%13%14%15%16%17%18%19%20%21%22%23%24%25%26%27%28%29%30%31%32%33%34%35%36%37%38%39%40%41%42%43%44%45%46%47%48%49%50%51%52%53%54%55%56%57%58%59%60%61%62%63%64%65%66%67%68%69%70%71%72%73%74%75%76%77%78%79%80%81%82%83%84%85%86%87%88%89%90%91%92%93%94%95%96%97%98%99% done.
--export A: /project2/mstephens/wdenault/susie_mix/temp_plink/plink_PGAP2.raw
written.
End time: Tue Sep  1 11:55:12 2026
142 SNP(s) removed because HWE P < 1e-08 :
  [1] "chr11_3394461_T_A_b38_T" "chr11_3414438_A_G_b38_A"
  [3] "chr11_3414603_T_C_b38_T" "chr11_3442940_G_C_b38_G"
  [5] "chr11_3446864_G_A_b38_G" "chr11_3448759_C_T_b38_C"
  [7] "chr11_3448766_G_A_b38_G" "chr11_3448794_A_C_b38_A"
  [9] "chr11_3448822_T_G_b38_T" "chr11_3448895_T_C_b38_T"
 [11] "chr11_3448937_T_C_b38_T" "chr11_3448948_T_C_b38_T"
 [13] "chr11_3448950_T_C_b38_T" "chr11_3449048_G_C_b38_G"
 [15] "chr11_3449049_C_T_b38_C" "chr11_3449050_G_A_b38_G"
 [17] "chr11_3453108_A_C_b38_A" "chr11_3453138_C_T_b38_C"
 [19] "chr11_3453221_T_C_b38_T" "chr11_3453395_C_A_b38_C"
 [21] "chr11_3453412_C_T_b38_C" "chr11_3453485_C_A_b38_C"
 [23] "chr11_3453511_C_G_b38_C" "chr11_3463667_C_T_b38_C"
 [25] "chr11_3463713_T_G_b38_T" "chr11_3463725_G_T_b38_G"
 [27] "chr11_3463726_A_C_b38_A" "chr11_3463793_G_A_b38_G"
 [29] "chr11_3463801_G_A_b38_G" "chr11_3463979_G_A_b38_G"
 [31] "chr11_3463985_G_C_b38_G" "chr11_3464240_A_G_b38_A"
 [33] "chr11_3464292_G_C_b38_G" "chr11_3464322_C_G_b38_C"
 [35] "chr11_3464364_C_A_b38_C" "chr11_3464587_A_T_b38_A"
 [37] "chr11_3464608_C_T_b38_C" "chr11_3464816_C_T_b38_C"
 [39] "chr11_3464896_C_A_b38_C" "chr11_3465033_G_A_b38_G"
 [41] "chr11_3465118_G_T_b38_G" "chr11_3465209_A_G_b38_A"
 [43] "chr11_3465219_A_G_b38_A" "chr11_3465234_A_G_b38_A"
 [45] "chr11_3465253_T_A_b38_T" "chr11_3465291_G_A_b38_G"
 [47] "chr11_3465323_C_G_b38_C" "chr11_3465428_A_G_b38_A"
 [49] "chr11_3465494_A_G_b38_A" "chr11_3465531_T_C_b38_T"
 [51] "chr11_3465535_C_A_b38_C" "chr11_3465891_A_G_b38_A"
 [53] "chr11_3465895_T_C_b38_T" "chr11_3466004_C_T_b38_C"
 [55] "chr11_3466006_T_C_b38_T" "chr11_3466033_G_T_b38_G"
 [57] "chr11_3466161_C_T_b38_C" "chr11_3466195_T_C_b38_T"
 [59] "chr11_3473205_A_G_b38_A" "chr11_3487654_C_T_b38_C"
 [61] "chr11_3487674_G_T_b38_G" "chr11_3487696_A_C_b38_A"
 [63] "chr11_3487826_T_G_b38_T" "chr11_3487881_G_A_b38_G"
 [65] "chr11_3488018_T_G_b38_T" "chr11_3488231_A_G_b38_A"
 [67] "chr11_3488252_C_T_b38_C" "chr11_3546254_G_A_b38_G"
 [69] "chr11_3546263_C_A_b38_C" "chr11_3546288_C_T_b38_C"
 [71] "chr11_3546299_T_G_b38_T" "chr11_3546322_C_T_b38_C"
 [73] "chr11_3546352_G_A_b38_G" "chr11_3546355_G_A_b38_G"
 [75] "chr11_3546394_G_T_b38_G" "chr11_3546403_C_A_b38_C"
 [77] "chr11_3546404_G_A_b38_G" "chr11_3546430_A_G_b38_A"
 [79] "chr11_3546481_A_G_b38_A" "chr11_3551521_T_C_b38_T"
 [81] "chr11_3563840_G_A_b38_G" "chr11_3563910_A_G_b38_A"
 [83] "chr11_3578309_T_C_b38_T" "chr11_3578485_G_A_b38_G"
 [85] "chr11_3578571_G_T_b38_G" "chr11_3578578_T_A_b38_T"
 [87] "chr11_3578579_G_T_b38_G" "chr11_3580965_T_C_b38_T"
 [89] "chr11_3580992_C_T_b38_C" "chr11_3581044_C_G_b38_C"
 [91] "chr11_3581046_C_A_b38_C" "chr11_3581108_G_A_b38_G"
 [93] "chr11_3581128_G_C_b38_G" "chr11_3581228_G_T_b38_G"
 [95] "chr11_3583037_T_A_b38_T" "chr11_3583050_A_T_b38_A"
 [97] "chr11_3583143_C_G_b38_C" "chr11_3583170_C_T_b38_C"
 [99] "chr11_3583173_A_C_b38_A" "chr11_3583181_C_T_b38_C"
[101] "chr11_3583203_G_T_b38_G" "chr11_3583209_G_A_b38_G"
[103] "chr11_3583211_G_T_b38_G" "chr11_3583239_C_G_b38_C"
[105] "chr11_3583281_G_A_b38_G" "chr11_3583339_G_A_b38_G"
[107] "chr11_3583342_C_T_b38_C" "chr11_3583362_A_G_b38_A"
[109] "chr11_3583406_G_C_b38_G" "chr11_3583408_C_A_b38_C"
[111] "chr11_3583454_T_G_b38_T" "chr11_3583465_A_G_b38_A"
[113] "chr11_3583469_C_G_b38_C" "chr11_3585731_C_T_b38_C"
[115] "chr11_3595418_C_T_b38_C" "chr11_3619693_C_T_b38_C"
[117] "chr11_3649685_C_A_b38_C" "chr11_3649686_A_G_b38_A"
[119] "chr11_3652235_C_G_b38_C" "chr11_3819585_C_T_b38_C"
[121] "chr11_3820534_T_C_b38_T" "chr11_4072720_C_T_b38_C"
[123] "chr11_4077783_A_G_b38_A" "chr11_4081185_A_G_b38_A"
[125] "chr11_4082857_T_C_b38_T" "chr11_4167500_G_A_b38_G"
[127] "chr11_4171379_C_T_b38_C" "chr11_4217920_C_T_b38_C"
[129] "chr11_4218192_C_T_b38_C" "chr11_4218227_A_G_b38_A"
[131] "chr11_4218313_G_A_b38_G" "chr11_4242558_T_C_b38_T"
[133] "chr11_4242658_A_G_b38_A" "chr11_4242787_T_G_b38_T"
[135] "chr11_4242896_A_C_b38_A" "chr11_4242897_G_A_b38_G"
[137] "chr11_4242907_C_T_b38_C" "chr11_4242913_C_T_b38_C"
[139] "chr11_4242927_C_T_b38_C" "chr11_4242944_G_C_b38_G"
[141] "chr11_4249798_T_G_b38_T" "chr11_4290746_T_C_b38_T"

=====================================
Tissue: Adipose Tissue 
=====================================
[1] TRUE
Running SuSiE.

=====================================
Tissue: Adrenal Gland 
=====================================
[1] TRUE
Running SuSiE.

=====================================
Tissue: Blood 
=====================================
[1] TRUE
Running SuSiE.

=====================================
Tissue: Blood Vessel 
=====================================
[1] TRUE
Running SuSiE.

=====================================
Tissue: Brain 
=====================================
[1] TRUE
Running SuSiE.

=====================================
Tissue: Breast 
=====================================
[1] TRUE
Running SuSiE.

=====================================
Tissue: Colon 
=====================================
[1] TRUE
Running SuSiE.

=====================================
Tissue: Esophagus 
=====================================
[1] TRUE
Running SuSiE.

=====================================
Tissue: Heart 
=====================================
[1] TRUE
Running SuSiE.

=====================================
Tissue: Kidney 
=====================================
[1] TRUE
Running SuSiE.

=====================================
Tissue: Liver 
=====================================
[1] TRUE
Running SuSiE.

=====================================
Tissue: Lung 
=====================================
[1] TRUE
Running SuSiE.

=====================================
Tissue: Muscle 
=====================================
[1] TRUE
Running SuSiE.

=====================================
Tissue: Nerve 
=====================================
[1] TRUE
Running SuSiE.

=====================================
Tissue: Ovary 
=====================================
[1] TRUE
Running SuSiE.

=====================================
Tissue: Pancreas 
=====================================
[1] TRUE
Running SuSiE.

=====================================
Tissue: Pituitary 
=====================================
[1] TRUE
Running SuSiE.

=====================================
Tissue: Prostate 
=====================================
[1] TRUE
Running SuSiE.

=====================================
Tissue: Salivary Gland 
=====================================
[1] TRUE
Running SuSiE.

=====================================
Tissue: Skin 
=====================================
[1] TRUE
Running SuSiE.

=====================================
Tissue: Small Intestine 
=====================================
[1] TRUE
Running SuSiE.

=====================================
Tissue: Spleen 
=====================================
[1] TRUE
Running SuSiE.

=====================================
Tissue: Stomach 
=====================================
[1] TRUE
Running SuSiE.

=====================================
Tissue: Testis 
=====================================
[1] TRUE
Running SuSiE.

=====================================
Tissue: Thyroid 
=====================================
[1] TRUE
Running SuSiE.

=====================================
Tissue: Uterus 
=====================================
[1] TRUE
Running SuSiE.

=====================================
Tissue: Vagina 
=====================================
[1] TRUE
Running SuSiE.
[2026-09-01 11:58:02] starting PGAP3
Importing covariate data.
Importing gene expression data.
Found 27 tissues for gene PGAP3 :
 [1] "Adipose Tissue"  "Adrenal Gland"   "Blood"           "Blood Vessel"   
 [5] "Brain"           "Breast"          "Colon"           "Esophagus"      
 [9] "Heart"           "Kidney"          "Liver"           "Lung"           
[13] "Muscle"          "Nerve"           "Ovary"           "Pancreas"       
[17] "Pituitary"       "Prostate"        "Salivary Gland"  "Skin"           
[21] "Small Intestine" "Spleen"          "Stomach"         "Testis"         
[25] "Thyroid"         "Uterus"          "Vagina"         
Extracting genotype data from PLINK file.
PLINK v2.0.0-a.7LM 64-bit Intel (11 Mar 2026)       cog-genomics.org/plink/2.0/
(C) 2005-2026 Shaun Purcell, Christopher Chang    GNU General Public License v3
Logging to /project2/mstephens/wdenault/susie_mix/temp_plink/plink_PGAP3.log.
Options in effect:
  --bfile /project2/mstephens/gtex/GTEx_Analysis_2017-06-05_v8_WholeGenomeSeq_866Indiv
  --chr 17
  --export A
  --from-bp 39196797
  --maf 0
  --max-alleles 2
  --memory 8000
  --out /project2/mstephens/wdenault/susie_mix/temp_plink/plink_PGAP3
  --rm-dup exclude-all
  --snps-only
  --threads 2
  --to-bp 40196797

Start time: Tue Sep  1 11:58:55 2026
63727 MiB RAM detected, ~34825 available; reserving 8000 MiB for main
workspace.
Using up to 2 compute threads.
866 samples (0 females, 0 males, 866 ambiguous; 866 founders) loaded from
/project2/mstephens/gtex/GTEx_Analysis_2017-06-05_v8_WholeGenomeSeq_866Indiv.fam.
67234533 variants in
/project2/mstephens/gtex/GTEx_Analysis_2017-06-05_v8_WholeGenomeSeq_866Indiv.bim;
65601655 excluded by --chr + --max-alleles + --snps-only, 1632878 remaining.
Note: No phenotype data present.
Note: Skipping --rm-dup since no duplicate IDs are present.
17652 variants remaining after main filters.
--export A pass 1/1: loading... 0%58% writing... 0%1%2%3%4%5%6%7%8%9%10%11%12%13%14%15%16%17%18%19%20%21%22%23%24%25%26%27%28%29%30%31%32%33%34%35%36%37%38%39%40%41%42%43%44%45%46%47%48%49%50%51%52%53%54%55%56%57%58%59%60%61%62%63%64%65%66%67%68%69%70%71%72%73%74%75%76%77%78%79%80%81%82%83%84%85%86%87%88%89%90%91%92%93%94%95%96%97%98%99% done.
--export A: /project2/mstephens/wdenault/susie_mix/temp_plink/plink_PGAP3.raw
written.
End time: Tue Sep  1 11:59:00 2026
10 SNP(s) removed because HWE P < 1e-08 :
 [1] "chr17_39214175_T_C_b38_T" "chr17_39215771_C_T_b38_C"
 [3] "chr17_39216170_T_C_b38_T" "chr17_39225598_G_C_b38_G"
 [5] "chr17_39549990_C_T_b38_C" "chr17_39590524_G_T_b38_G"
 [7] "chr17_39595752_T_G_b38_T" "chr17_39597505_A_C_b38_A"
 [9] "chr17_39599491_A_C_b38_A" "chr17_40078484_G_A_b38_G"

=====================================
Tissue: Adipose Tissue 
=====================================
[1] TRUE
Running SuSiE.

=====================================
Tissue: Adrenal Gland 
=====================================
[1] TRUE
Running SuSiE.

=====================================
Tissue: Blood 
=====================================
[1] TRUE
Running SuSiE.

=====================================
Tissue: Blood Vessel 
=====================================
[1] TRUE
Running SuSiE.

=====================================
Tissue: Brain 
=====================================
[1] TRUE
Running SuSiE.

=====================================
Tissue: Breast 
=====================================
[1] TRUE
Running SuSiE.

=====================================
Tissue: Colon 
=====================================
[1] TRUE
Running SuSiE.

=====================================
Tissue: Esophagus 
=====================================
[1] TRUE
Running SuSiE.

=====================================
Tissue: Heart 
=====================================
[1] TRUE
Running SuSiE.

=====================================
Tissue: Kidney 
=====================================
[1] TRUE
Running SuSiE.

=====================================
Tissue: Liver 
=====================================
[1] TRUE
Running SuSiE.

=====================================
Tissue: Lung 
=====================================
[1] TRUE
Running SuSiE.

=====================================
Tissue: Muscle 
=====================================
[1] TRUE
Running SuSiE.

=====================================
Tissue: Nerve 
=====================================
[1] TRUE
Running SuSiE.

=====================================
Tissue: Ovary 
=====================================
[1] TRUE
Running SuSiE.

=====================================
Tissue: Pancreas 
=====================================
[1] TRUE
Running SuSiE.

=====================================
Tissue: Pituitary 
=====================================
[1] TRUE
Running SuSiE.

=====================================
Tissue: Prostate 
=====================================
[1] TRUE
Running SuSiE.

=====================================
Tissue: Salivary Gland 
=====================================
[1] TRUE
Running SuSiE.

=====================================
Tissue: Skin 
=====================================
[1] TRUE
Running SuSiE.

=====================================
Tissue: Small Intestine 
=====================================
[1] TRUE
Running SuSiE.

=====================================
Tissue: Spleen 
=====================================
[1] TRUE
Running SuSiE.

=====================================
Tissue: Stomach 
=====================================
[1] TRUE
Running SuSiE.

=====================================
Tissue: Testis 
=====================================
[1] TRUE
Running SuSiE.

=====================================
Tissue: Thyroid 
=====================================
[1] TRUE
Running SuSiE.

=====================================
Tissue: Uterus 
=====================================
[1] TRUE
Running SuSiE.

=====================================
Tissue: Vagina 
=====================================
[1] TRUE
Running SuSiE.
[2026-09-01 12:00:20] starting PGBD1
Importing covariate data.
Importing gene expression data.
Found 27 tissues for gene PGBD1 :
 [1] "Adipose Tissue"  "Adrenal Gland"   "Blood"           "Blood Vessel"   
 [5] "Brain"           "Breast"          "Colon"           "Esophagus"      
 [9] "Heart"           "Kidney"          "Liver"           "Lung"           
[13] "Muscle"          "Nerve"           "Ovary"           "Pancreas"       
[17] "Pituitary"       "Prostate"        "Salivary Gland"  "Skin"           
[21] "Small Intestine" "Spleen"          "Stomach"         "Testis"         
[25] "Thyroid"         "Uterus"          "Vagina"         
Extracting genotype data from PLINK file.
PLINK v2.0.0-a.7LM 64-bit Intel (11 Mar 2026)       cog-genomics.org/plink/2.0/
(C) 2005-2026 Shaun Purcell, Christopher Chang    GNU General Public License v3
Logging to /project2/mstephens/wdenault/susie_mix/temp_plink/plink_PGBD1.log.
Options in effect:
  --bfile /project2/mstephens/gtex/GTEx_Analysis_2017-06-05_v8_WholeGenomeSeq_866Indiv
  --chr 6
  --export A
  --from-bp 27781572
  --maf 0
  --max-alleles 2
  --memory 8000
  --out /project2/mstephens/wdenault/susie_mix/temp_plink/plink_PGBD1
  --rm-dup exclude-all
  --snps-only
  --threads 2
  --to-bp 28781572

Start time: Tue Sep  1 12:01:13 2026
63727 MiB RAM detected, ~31084 available; reserving 8000 MiB for main
workspace.
Using up to 2 compute threads.
866 samples (0 females, 0 males, 866 ambiguous; 866 founders) loaded from
/project2/mstephens/gtex/GTEx_Analysis_2017-06-05_v8_WholeGenomeSeq_866Indiv.fam.
67234533 variants in
/project2/mstephens/gtex/GTEx_Analysis_2017-06-05_v8_WholeGenomeSeq_866Indiv.bim;
64003927 excluded by --chr + --max-alleles + --snps-only, 3230606 remaining.
Note: No phenotype data present.
Note: Skipping --rm-dup since no duplicate IDs are present.
16131 variants remaining after main filters.
--export A pass 1/1: loading... 0%69% writing... 0%1%2%3%4%5%6%7%8%9%10%11%12%13%14%15%16%17%18%19%20%21%22%23%24%25%26%27%28%29%30%31%32%33%34%35%36%37%38%39%40%41%42%43%44%45%46%47%48%49%50%51%52%53%54%55%56%57%58%59%60%61%62%63%64%65%66%67%68%69%70%71%72%73%74%75%76%77%78%79%80%81%82%83%84%85%86%87%88%89%90%91%92%93%94%95%96%97%98%99% done.
--export A: /project2/mstephens/wdenault/susie_mix/temp_plink/plink_PGBD1.raw
written.
End time: Tue Sep  1 12:01:19 2026
4 SNP(s) removed because HWE P < 1e-08 :
[1] "chr6_27988277_G_A_b38_G" "chr6_28458601_G_C_b38_G"
[3] "chr6_28463474_C_T_b38_C" "chr6_28622395_G_A_b38_G"

=====================================
Tissue: Adipose Tissue 
=====================================
[1] TRUE
Running SuSiE.

=====================================
Tissue: Adrenal Gland 
=====================================
[1] TRUE
Running SuSiE.

=====================================
Tissue: Blood 
=====================================
[1] TRUE
Running SuSiE.

=====================================
Tissue: Blood Vessel 
=====================================
[1] TRUE
Running SuSiE.

=====================================
Tissue: Brain 
=====================================
[1] TRUE
Running SuSiE.

=====================================
Tissue: Breast 
=====================================
[1] TRUE
Running SuSiE.

=====================================
Tissue: Colon 
=====================================
[1] TRUE
Running SuSiE.

=====================================
Tissue: Esophagus 
=====================================
[1] TRUE
Running SuSiE.

=====================================
Tissue: Heart 
=====================================
[1] TRUE
Running SuSiE.

=====================================
Tissue: Kidney 
=====================================
[1] TRUE
Running SuSiE.

=====================================
Tissue: Liver 
=====================================
[1] TRUE
Running SuSiE.

=====================================
Tissue: Lung 
=====================================
[1] TRUE
Running SuSiE.

=====================================
Tissue: Muscle 
=====================================
[1] TRUE
Running SuSiE.

=====================================
Tissue: Nerve 
=====================================
[1] TRUE
Running SuSiE.

=====================================
Tissue: Ovary 
=====================================
[1] TRUE
Running SuSiE.

=====================================
Tissue: Pancreas 
=====================================
[1] TRUE
Running SuSiE.

=====================================
Tissue: Pituitary 
=====================================
[1] TRUE
Running SuSiE.

=====================================
Tissue: Prostate 
=====================================
[1] TRUE
Running SuSiE.

=====================================
Tissue: Salivary Gland 
=====================================
[1] TRUE
Running SuSiE.

=====================================
Tissue: Skin 
=====================================
[1] TRUE
Running SuSiE.

=====================================
Tissue: Small Intestine 
=====================================
[1] TRUE
Running SuSiE.

=====================================
Tissue: Spleen 
=====================================
[1] TRUE
Running SuSiE.

=====================================
Tissue: Stomach 
=====================================
[1] TRUE
Running SuSiE.

=====================================
Tissue: Testis 
=====================================
[1] TRUE
Running SuSiE.

=====================================
Tissue: Thyroid 
=====================================
[1] TRUE
Running SuSiE.

=====================================
Tissue: Uterus 
=====================================
[1] TRUE
Running SuSiE.

=====================================
Tissue: Vagina 
=====================================
[1] TRUE
Running SuSiE.
[2026-09-01 12:02:52] starting PGBD2
Importing covariate data.
Importing gene expression data.
Found 27 tissues for gene PGBD2 :
 [1] "Adipose Tissue"  "Adrenal Gland"   "Blood"           "Blood Vessel"   
 [5] "Brain"           "Breast"          "Colon"           "Esophagus"      
 [9] "Heart"           "Kidney"          "Liver"           "Lung"           
[13] "Muscle"          "Nerve"           "Ovary"           "Pancreas"       
[17] "Pituitary"       "Prostate"        "Salivary Gland"  "Skin"           
[21] "Small Intestine" "Spleen"          "Stomach"         "Testis"         
[25] "Thyroid"         "Uterus"          "Vagina"         
Extracting genotype data from PLINK file.
PLINK v2.0.0-a.7LM 64-bit Intel (11 Mar 2026)       cog-genomics.org/plink/2.0/
(C) 2005-2026 Shaun Purcell, Christopher Chang    GNU General Public License v3
Logging to /project2/mstephens/wdenault/susie_mix/temp_plink/plink_PGBD2.log.
Options in effect:
  --bfile /project2/mstephens/gtex/GTEx_Analysis_2017-06-05_v8_WholeGenomeSeq_866Indiv
  --chr 1
  --export A
  --from-bp 248406196
  --maf 0
  --max-alleles 2
  --memory 8000
  --out /project2/mstephens/wdenault/susie_mix/temp_plink/plink_PGBD2
  --rm-dup exclude-all
  --snps-only
  --threads 2
  --to-bp 249406196

Start time: Tue Sep  1 12:03:44 2026
63727 MiB RAM detected, ~31084 available; reserving 8000 MiB for main
workspace.
Using up to 2 compute threads.
866 samples (0 females, 0 males, 866 ambiguous; 866 founders) loaded from
/project2/mstephens/gtex/GTEx_Analysis_2017-06-05_v8_WholeGenomeSeq_866Indiv.fam.
67234533 variants in
/project2/mstephens/gtex/GTEx_Analysis_2017-06-05_v8_WholeGenomeSeq_866Indiv.bim;
62424502 excluded by --chr + --max-alleles + --snps-only, 4810031 remaining.
Note: No phenotype data present.
Note: Skipping --rm-dup since no duplicate IDs are present.
13596 variants remaining after main filters.
--export A pass 1/1: loading... 0%writing... 0%1%2%3%4%5%6%7%8%9%10%11%12%13%14%15%16%17%18%19%20%21%22%23%24%25%26%27%28%29%30%31%32%33%34%35%36%37%38%39%40%41%42%43%44%45%46%47%48%49%50%51%52%53%54%55%56%57%58%59%60%61%62%63%64%65%66%67%68%69%70%71%72%73%74%75%76%77%78%79%80%81%82%83%84%85%86%87%88%89%90%91%92%93%94%95%96%97%98%99% done.
--export A: /project2/mstephens/wdenault/susie_mix/temp_plink/plink_PGBD2.raw
written.
End time: Tue Sep  1 12:03:50 2026
186 SNP(s) removed because HWE P < 1e-08 :
  [1] "chr1_248426885_G_C_b38_G" "chr1_248426990_C_T_b38_C"
  [3] "chr1_248432045_A_G_b38_A" "chr1_248433004_C_G_b38_C"
  [5] "chr1_248433007_G_A_b38_G" "chr1_248433460_A_G_b38_A"
  [7] "chr1_248433485_T_C_b38_T" "chr1_248433646_C_T_b38_C"
  [9] "chr1_248434921_T_A_b38_T" "chr1_248434928_A_G_b38_A"
 [11] "chr1_248435041_T_G_b38_T" "chr1_248435157_G_A_b38_G"
 [13] "chr1_248435205_G_T_b38_G" "chr1_248435206_A_G_b38_A"
 [15] "chr1_248435925_T_C_b38_T" "chr1_248436077_C_T_b38_C"
 [17] "chr1_248436082_A_G_b38_A" "chr1_248436223_A_G_b38_A"
 [19] "chr1_248436282_C_A_b38_C" "chr1_248436414_T_C_b38_T"
 [21] "chr1_248436431_C_T_b38_C" "chr1_248436469_C_T_b38_C"
 [23] "chr1_248436475_A_G_b38_A" "chr1_248436582_C_T_b38_C"
 [25] "chr1_248436693_A_T_b38_A" "chr1_248436750_T_C_b38_T"
 [27] "chr1_248436787_C_T_b38_C" "chr1_248436940_T_C_b38_T"
 [29] "chr1_248436952_T_C_b38_T" "chr1_248436959_A_G_b38_A"
 [31] "chr1_248437498_C_T_b38_C" "chr1_248437917_T_G_b38_T"
 [33] "chr1_248437981_A_G_b38_A" "chr1_248438048_G_A_b38_G"
 [35] "chr1_248438190_C_A_b38_C" "chr1_248438351_T_C_b38_T"
 [37] "chr1_248438529_C_T_b38_C" "chr1_248438554_A_G_b38_A"
 [39] "chr1_248438558_G_A_b38_G" "chr1_248438571_T_C_b38_T"
 [41] "chr1_248438596_G_T_b38_G" "chr1_248438627_A_T_b38_A"
 [43] "chr1_248438633_A_G_b38_A" "chr1_248438683_A_G_b38_A"
 [45] "chr1_248438701_G_C_b38_G" "chr1_248438736_T_A_b38_T"
 [47] "chr1_248438761_C_T_b38_C" "chr1_248438762_T_C_b38_T"
 [49] "chr1_248438885_A_G_b38_A" "chr1_248438933_A_G_b38_A"
 [51] "chr1_248438969_A_C_b38_A" "chr1_248438978_G_C_b38_G"
 [53] "chr1_248439017_A_G_b38_A" "chr1_248439183_T_C_b38_T"
 [55] "chr1_248439194_C_T_b38_C" "chr1_248439247_C_T_b38_C"
 [57] "chr1_248439469_G_A_b38_G" "chr1_248439558_G_A_b38_G"
 [59] "chr1_248439567_T_C_b38_T" "chr1_248439571_G_A_b38_G"
 [61] "chr1_248439590_T_C_b38_T" "chr1_248440070_G_A_b38_G"
 [63] "chr1_248440142_A_G_b38_A" "chr1_248440146_C_T_b38_C"
 [65] "chr1_248440860_C_T_b38_C" "chr1_248440887_A_G_b38_A"
 [67] "chr1_248440894_C_T_b38_C" "chr1_248441064_A_G_b38_A"
 [69] "chr1_248441164_C_T_b38_C" "chr1_248441313_A_T_b38_A"
 [71] "chr1_248441393_C_T_b38_C" "chr1_248443190_C_T_b38_C"
 [73] "chr1_248444120_C_A_b38_C" "chr1_248444391_G_T_b38_G"
 [75] "chr1_248444595_A_G_b38_A" "chr1_248444617_T_C_b38_T"
 [77] "chr1_248444620_G_T_b38_G" "chr1_248444700_T_G_b38_T"
 [79] "chr1_248444862_T_C_b38_T" "chr1_248444984_C_G_b38_C"
 [81] "chr1_248444989_A_G_b38_A" "chr1_248445361_T_C_b38_T"
 [83] "chr1_248445504_C_T_b38_C" "chr1_248447243_C_T_b38_C"
 [85] "chr1_248447537_C_T_b38_C" "chr1_248447744_G_T_b38_G"
 [87] "chr1_248448216_T_A_b38_T" "chr1_248453100_G_A_b38_G"
 [89] "chr1_248453107_C_T_b38_C" "chr1_248453448_C_G_b38_C"
 [91] "chr1_248458827_T_C_b38_T" "chr1_248458903_C_G_b38_C"
 [93] "chr1_248459010_G_A_b38_G" "chr1_248459578_T_C_b38_T"
 [95] "chr1_248463131_A_C_b38_A" "chr1_248464876_C_T_b38_C"
 [97] "chr1_248464954_A_G_b38_A" "chr1_248464984_A_G_b38_A"
 [99] "chr1_248465197_G_A_b38_G" "chr1_248468480_G_T_b38_G"
[101] "chr1_248470341_T_C_b38_T" "chr1_248471974_C_G_b38_C"
[103] "chr1_248472288_A_G_b38_A" "chr1_248473745_G_A_b38_G"
[105] "chr1_248474061_C_T_b38_C" "chr1_248474066_A_G_b38_A"
[107] "chr1_248474115_G_C_b38_G" "chr1_248474116_C_T_b38_C"
[109] "chr1_248474242_C_T_b38_C" "chr1_248474384_T_C_b38_T"
[111] "chr1_248474438_G_A_b38_G" "chr1_248475336_C_T_b38_C"
[113] "chr1_248475418_G_T_b38_G" "chr1_248475421_C_T_b38_C"
[115] "chr1_248477526_G_A_b38_G" "chr1_248477530_G_C_b38_G"
[117] "chr1_248481279_A_C_b38_A" "chr1_248481354_A_T_b38_A"
[119] "chr1_248481632_C_A_b38_C" "chr1_248481708_C_A_b38_C"
[121] "chr1_248482467_C_G_b38_C" "chr1_248482502_G_A_b38_G"
[123] "chr1_248482749_C_G_b38_C" "chr1_248499308_A_G_b38_A"
[125] "chr1_248557060_C_T_b38_C" "chr1_248574433_G_A_b38_G"
[127] "chr1_248635524_A_G_b38_A" "chr1_248635561_A_G_b38_A"
[129] "chr1_248636204_G_A_b38_G" "chr1_248648316_G_A_b38_G"
[131] "chr1_248648646_T_C_b38_T" "chr1_248650825_G_A_b38_G"
[133] "chr1_248656570_T_A_b38_T" "chr1_248656571_G_A_b38_G"
[135] "chr1_248657716_G_A_b38_G" "chr1_248658588_A_G_b38_A"
[137] "chr1_248658613_T_C_b38_T" "chr1_248658699_T_C_b38_T"
[139] "chr1_248660178_T_C_b38_T" "chr1_248660181_C_G_b38_C"
[141] "chr1_248684883_A_C_b38_A" "chr1_248746498_T_C_b38_T"
[143] "chr1_248822510_T_C_b38_T" "chr1_248826485_T_G_b38_T"
[145] "chr1_248826595_G_A_b38_G" "chr1_248833202_C_G_b38_C"
[147] "chr1_248842161_G_A_b38_G" "chr1_248844034_G_A_b38_G"
[149] "chr1_248852087_A_G_b38_A" "chr1_248855287_T_C_b38_T"
[151] "chr1_248863546_A_C_b38_A" "chr1_248869331_G_A_b38_G"
[153] "chr1_248869484_G_A_b38_G" "chr1_248872330_G_A_b38_G"
[155] "chr1_248872366_A_C_b38_A" "chr1_248874411_C_T_b38_C"
[157] "chr1_248880483_G_A_b38_G" "chr1_248881038_A_G_b38_A"
[159] "chr1_248882418_C_T_b38_C" "chr1_248882587_C_T_b38_C"
[161] "chr1_248883670_T_C_b38_T" "chr1_248883696_G_A_b38_G"
[163] "chr1_248885099_G_C_b38_G" "chr1_248885657_T_C_b38_T"
[165] "chr1_248889007_A_G_b38_A" "chr1_248890188_C_A_b38_C"
[167] "chr1_248894986_T_G_b38_T" "chr1_248897218_C_A_b38_C"
[169] "chr1_248897533_T_C_b38_T" "chr1_248897833_C_T_b38_C"
[171] "chr1_248898118_T_C_b38_T" "chr1_248899093_C_G_b38_C"
[173] "chr1_248900706_A_G_b38_A" "chr1_248902068_T_A_b38_T"
[175] "chr1_248903861_G_A_b38_G" "chr1_248903965_G_A_b38_G"
[177] "chr1_248907868_T_C_b38_T" "chr1_248911769_C_T_b38_C"
[179] "chr1_248911778_T_C_b38_T" "chr1_248914885_G_A_b38_G"
[181] "chr1_248926326_A_G_b38_A" "chr1_248933470_A_G_b38_A"
[183] "chr1_248933677_A_C_b38_A" "chr1_248940544_G_C_b38_G"
[185] "chr1_248944055_C_T_b38_C" "chr1_248945460_T_G_b38_T"

=====================================
Tissue: Adipose Tissue 
=====================================
[1] TRUE
Running SuSiE.

=====================================
Tissue: Adrenal Gland 
=====================================
[1] TRUE
Running SuSiE.

=====================================
Tissue: Blood 
=====================================
[1] TRUE
Running SuSiE.

=====================================
Tissue: Blood Vessel 
=====================================
[1] TRUE
Running SuSiE.

=====================================
Tissue: Brain 
=====================================
[1] TRUE
Running SuSiE.

=====================================
Tissue: Breast 
=====================================
[1] TRUE
Running SuSiE.

=====================================
Tissue: Colon 
=====================================
[1] TRUE
Running SuSiE.

=====================================
Tissue: Esophagus 
=====================================
[1] TRUE
Running SuSiE.

=====================================
Tissue: Heart 
=====================================
[1] TRUE
Running SuSiE.

=====================================
Tissue: Kidney 
=====================================
[1] TRUE
Running SuSiE.

=====================================
Tissue: Liver 
=====================================
[1] TRUE
Running SuSiE.

=====================================
Tissue: Lung 
=====================================
[1] TRUE
Running SuSiE.

=====================================
Tissue: Muscle 
=====================================
[1] TRUE
Running SuSiE.

=====================================
Tissue: Nerve 
=====================================
[1] TRUE
Running SuSiE.

=====================================
Tissue: Ovary 
=====================================
[1] TRUE
Running SuSiE.

=====================================
Tissue: Pancreas 
=====================================
[1] TRUE
Running SuSiE.

=====================================
Tissue: Pituitary 
=====================================
[1] TRUE
Running SuSiE.

=====================================
Tissue: Prostate 
=====================================
[1] TRUE
Running SuSiE.

=====================================
Tissue: Salivary Gland 
=====================================
[1] TRUE
Running SuSiE.

=====================================
Tissue: Skin 
=====================================
[1] TRUE
Running SuSiE.

=====================================
Tissue: Small Intestine 
=====================================
[1] TRUE
Running SuSiE.

=====================================
Tissue: Spleen 
=====================================
[1] TRUE
Running SuSiE.

=====================================
Tissue: Stomach 
=====================================
[1] TRUE
Running SuSiE.

=====================================
Tissue: Testis 
=====================================
[1] TRUE
Running SuSiE.

=====================================
Tissue: Thyroid 
=====================================
[1] TRUE
Running SuSiE.

=====================================
Tissue: Uterus 
=====================================
[1] TRUE
Running SuSiE.

=====================================
Tissue: Vagina 
=====================================
[1] TRUE
Running SuSiE.
[2026-09-01 12:04:43] starting PGBD4
Importing covariate data.
Importing gene expression data.
Found 27 tissues for gene PGBD4 :
 [1] "Adipose Tissue"  "Adrenal Gland"   "Blood"           "Blood Vessel"   
 [5] "Brain"           "Breast"          "Colon"           "Esophagus"      
 [9] "Heart"           "Kidney"          "Liver"           "Lung"           
[13] "Muscle"          "Nerve"           "Ovary"           "Pancreas"       
[17] "Pituitary"       "Prostate"        "Salivary Gland"  "Skin"           
[21] "Small Intestine" "Spleen"          "Stomach"         "Testis"         
[25] "Thyroid"         "Uterus"          "Vagina"         
Extracting genotype data from PLINK file.
PLINK v2.0.0-a.7LM 64-bit Intel (11 Mar 2026)       cog-genomics.org/plink/2.0/
(C) 2005-2026 Shaun Purcell, Christopher Chang    GNU General Public License v3
Logging to /project2/mstephens/wdenault/susie_mix/temp_plink/plink_PGBD4.log.
Options in effect:
  --bfile /project2/mstephens/gtex/GTEx_Analysis_2017-06-05_v8_WholeGenomeSeq_866Indiv
  --chr 15
  --export A
  --from-bp 33602083
  --maf 0
  --max-alleles 2
  --memory 8000
  --out /project2/mstephens/wdenault/susie_mix/temp_plink/plink_PGBD4
  --rm-dup exclude-all
  --snps-only
  --threads 2
  --to-bp 34602083

Start time: Tue Sep  1 12:05:36 2026
63727 MiB RAM detected, ~34824 available; reserving 8000 MiB for main
workspace.
Using up to 2 compute threads.
866 samples (0 females, 0 males, 866 ambiguous; 866 founders) loaded from
/project2/mstephens/gtex/GTEx_Analysis_2017-06-05_v8_WholeGenomeSeq_866Indiv.fam.
67234533 variants in
/project2/mstephens/gtex/GTEx_Analysis_2017-06-05_v8_WholeGenomeSeq_866Indiv.bim;
65613623 excluded by --chr + --max-alleles + --snps-only, 1620910 remaining.
Note: No phenotype data present.
Note: Skipping --rm-dup since no duplicate IDs are present.
20287 variants remaining after main filters.
--export A pass 1/1: loading... 0%writing... 0%1%2%3%4%5%6%7%8%9%10%11%12%13%14%15%16%17%18%19%20%21%22%23%24%25%26%27%28%29%30%31%32%33%34%35%36%37%38%39%40%41%42%43%44%45%46%47%48%49%50%51%52%53%54%55%56%57%58%59%60%61%62%63%64%65%66%67%68%69%70%71%72%73%74%75%76%77%78%79%80%81%82%83%84%85%86%87%88%89%90%91%92%93%94%95%96%97%98%99% done.
--export A: /project2/mstephens/wdenault/susie_mix/temp_plink/plink_PGBD4.raw
written.
End time: Tue Sep  1 12:05:41 2026
160 SNP(s) removed because HWE P < 1e-08 :
  [1] "chr15_33660931_T_C_b38_T" "chr15_33805720_G_A_b38_G"
  [3] "chr15_33889619_G_C_b38_G" "chr15_33889888_G_A_b38_G"
  [5] "chr15_33890551_G_A_b38_G" "chr15_33890945_C_A_b38_C"
  [7] "chr15_33890978_G_A_b38_G" "chr15_33891188_T_C_b38_T"
  [9] "chr15_33891216_G_A_b38_G" "chr15_33891506_C_T_b38_C"
 [11] "chr15_33891614_C_T_b38_C" "chr15_33891689_T_C_b38_T"
 [13] "chr15_33891823_G_T_b38_G" "chr15_33891929_T_G_b38_T"
 [15] "chr15_33892070_T_A_b38_T" "chr15_33892164_G_C_b38_G"
 [17] "chr15_33892291_A_G_b38_A" "chr15_33892387_G_T_b38_G"
 [19] "chr15_33892430_C_T_b38_C" "chr15_33892443_A_G_b38_A"
 [21] "chr15_33892507_C_T_b38_C" "chr15_33892537_A_G_b38_A"
 [23] "chr15_33892851_G_A_b38_G" "chr15_33892946_G_C_b38_G"
 [25] "chr15_33893112_A_T_b38_A" "chr15_33893184_T_C_b38_T"
 [27] "chr15_33893498_C_T_b38_C" "chr15_33893981_G_A_b38_G"
 [29] "chr15_33894351_C_G_b38_C" "chr15_33894449_A_C_b38_A"
 [31] "chr15_33894483_A_C_b38_A" "chr15_33894665_G_C_b38_G"
 [33] "chr15_33894679_G_A_b38_G" "chr15_33895361_T_C_b38_T"
 [35] "chr15_33896324_C_T_b38_C" "chr15_33896385_G_C_b38_G"
 [37] "chr15_33896513_C_G_b38_C" "chr15_33897181_A_G_b38_A"
 [39] "chr15_33897257_T_G_b38_T" "chr15_33897302_A_T_b38_A"
 [41] "chr15_33897377_A_G_b38_A" "chr15_33897426_T_C_b38_T"
 [43] "chr15_33897427_G_A_b38_G" "chr15_33897593_A_G_b38_A"
 [45] "chr15_33897815_T_C_b38_T" "chr15_33897890_G_A_b38_G"
 [47] "chr15_33898041_T_C_b38_T" "chr15_33898136_C_T_b38_C"
 [49] "chr15_33898183_C_G_b38_C" "chr15_33898285_C_T_b38_C"
 [51] "chr15_33898406_G_A_b38_G" "chr15_33903116_G_A_b38_G"
 [53] "chr15_33903464_C_T_b38_C" "chr15_33903813_T_G_b38_T"
 [55] "chr15_33904157_C_T_b38_C" "chr15_33904560_C_T_b38_C"
 [57] "chr15_33906261_A_G_b38_A" "chr15_33961541_A_C_b38_A"
 [59] "chr15_33961541_A_T_b38_A" "chr15_33961630_G_A_b38_G"
 [61] "chr15_33961730_G_A_b38_G" "chr15_33961762_G_A_b38_G"
 [63] "chr15_33964059_T_C_b38_T" "chr15_33964525_C_A_b38_C"
 [65] "chr15_33964667_A_C_b38_A" "chr15_33964776_C_T_b38_C"
 [67] "chr15_33965600_C_T_b38_C" "chr15_33966197_A_G_b38_A"
 [69] "chr15_33966757_T_C_b38_T" "chr15_33967097_T_C_b38_T"
 [71] "chr15_33972744_A_G_b38_A" "chr15_33972900_T_A_b38_T"
 [73] "chr15_33973629_G_T_b38_G" "chr15_33974858_C_G_b38_C"
 [75] "chr15_33974968_A_G_b38_A" "chr15_33974988_C_A_b38_C"
 [77] "chr15_33976135_G_A_b38_G" "chr15_33977774_T_C_b38_T"
 [79] "chr15_33978521_G_A_b38_G" "chr15_33978619_C_T_b38_C"
 [81] "chr15_33979037_T_C_b38_T" "chr15_33979366_G_A_b38_G"
 [83] "chr15_33979447_T_C_b38_T" "chr15_33979810_G_A_b38_G"
 [85] "chr15_33979971_G_T_b38_G" "chr15_33980113_G_A_b38_G"
 [87] "chr15_33980160_T_C_b38_T" "chr15_33980423_C_T_b38_C"
 [89] "chr15_33980473_T_C_b38_T" "chr15_33980526_C_T_b38_C"
 [91] "chr15_33980720_G_A_b38_G" "chr15_33980809_A_G_b38_A"
 [93] "chr15_33980853_T_C_b38_T" "chr15_33980913_A_G_b38_A"
 [95] "chr15_33981076_A_G_b38_A" "chr15_33981099_A_G_b38_A"
 [97] "chr15_33981107_C_G_b38_C" "chr15_33981145_T_A_b38_T"
 [99] "chr15_33999068_A_G_b38_A" "chr15_34108484_C_G_b38_C"
[101] "chr15_34108738_G_C_b38_G" "chr15_34110044_C_T_b38_C"
[103] "chr15_34111119_T_C_b38_T" "chr15_34111168_C_T_b38_C"
[105] "chr15_34112062_G_C_b38_G" "chr15_34112232_T_C_b38_T"
[107] "chr15_34112385_T_C_b38_T" "chr15_34112911_T_G_b38_T"
[109] "chr15_34114613_C_T_b38_C" "chr15_34115112_T_C_b38_T"
[111] "chr15_34115172_A_G_b38_A" "chr15_34115266_G_A_b38_G"
[113] "chr15_34115731_C_G_b38_C" "chr15_34115757_T_G_b38_T"
[115] "chr15_34116433_A_G_b38_A" "chr15_34117832_C_A_b38_C"
[117] "chr15_34117912_G_A_b38_G" "chr15_34119917_T_G_b38_T"
[119] "chr15_34121949_A_G_b38_A" "chr15_34133871_C_A_b38_C"
[121] "chr15_34178764_A_G_b38_A" "chr15_34256755_T_C_b38_T"
[123] "chr15_34257261_C_T_b38_C" "chr15_34257917_C_T_b38_C"
[125] "chr15_34292874_G_A_b38_G" "chr15_34360993_G_T_b38_G"
[127] "chr15_34376111_C_T_b38_C" "chr15_34376150_G_A_b38_G"
[129] "chr15_34376174_T_A_b38_T" "chr15_34376187_T_C_b38_T"
[131] "chr15_34376196_T_C_b38_T" "chr15_34376236_G_A_b38_G"
[133] "chr15_34376256_G_A_b38_G" "chr15_34376272_C_A_b38_C"
[135] "chr15_34376282_A_G_b38_A" "chr15_34376392_A_C_b38_A"
[137] "chr15_34376399_T_C_b38_T" "chr15_34376400_G_A_b38_G"
[139] "chr15_34376415_A_G_b38_A" "chr15_34376433_C_T_b38_C"
[141] "chr15_34381521_C_T_b38_C" "chr15_34400419_G_A_b38_G"
[143] "chr15_34404555_G_A_b38_G" "chr15_34404743_T_C_b38_T"
[145] "chr15_34412714_G_C_b38_G" "chr15_34416110_T_C_b38_T"
[147] "chr15_34416120_G_T_b38_G" "chr15_34416139_T_A_b38_T"
[149] "chr15_34416165_G_C_b38_G" "chr15_34416171_C_G_b38_C"
[151] "chr15_34420691_C_T_b38_C" "chr15_34424000_T_C_b38_T"
[153] "chr15_34550776_G_A_b38_G" "chr15_34556545_G_A_b38_G"
[155] "chr15_34556686_C_T_b38_C" "chr15_34556792_G_C_b38_G"
[157] "chr15_34556810_C_T_b38_C" "chr15_34556842_G_A_b38_G"
[159] "chr15_34563397_G_C_b38_G" "chr15_34569519_A_T_b38_A"

=====================================
Tissue: Adipose Tissue 
=====================================
[1] TRUE
Running SuSiE.

=====================================
Tissue: Adrenal Gland 
=====================================
[1] TRUE
Running SuSiE.

=====================================
Tissue: Blood 
=====================================
[1] TRUE
Running SuSiE.

=====================================
Tissue: Blood Vessel 
=====================================
[1] TRUE
Running SuSiE.

=====================================
Tissue: Brain 
=====================================
[1] TRUE
Running SuSiE.

=====================================
Tissue: Breast 
=====================================
[1] TRUE
Running SuSiE.

=====================================
Tissue: Colon 
=====================================
[1] TRUE
Running SuSiE.

=====================================
Tissue: Esophagus 
=====================================
[1] TRUE
Running SuSiE.

=====================================
Tissue: Heart 
=====================================
[1] TRUE
Running SuSiE.

=====================================
Tissue: Kidney 
=====================================
[1] TRUE
Running SuSiE.

=====================================
Tissue: Liver 
=====================================
[1] TRUE
Running SuSiE.

=====================================
Tissue: Lung 
=====================================
[1] TRUE
Running SuSiE.

=====================================
Tissue: Muscle 
=====================================
[1] TRUE
Running SuSiE.

=====================================
Tissue: Nerve 
=====================================
[1] TRUE
Running SuSiE.

=====================================
Tissue: Ovary 
=====================================
[1] TRUE
Running SuSiE.

=====================================
Tissue: Pancreas 
=====================================
[1] TRUE
Running SuSiE.

=====================================
Tissue: Pituitary 
=====================================
[1] TRUE
Running SuSiE.

=====================================
Tissue: Prostate 
=====================================
[1] TRUE
Running SuSiE.

=====================================
Tissue: Salivary Gland 
=====================================
[1] TRUE
Running SuSiE.

=====================================
Tissue: Skin 
=====================================
[1] TRUE
Running SuSiE.

=====================================
Tissue: Small Intestine 
=====================================
[1] TRUE
Running SuSiE.

=====================================
Tissue: Spleen 
=====================================
[1] TRUE
Running SuSiE.

=====================================
Tissue: Stomach 
=====================================
[1] TRUE
Running SuSiE.

=====================================
Tissue: Testis 
=====================================
[1] TRUE
Running SuSiE.

=====================================
Tissue: Thyroid 
=====================================
[1] TRUE
Running SuSiE.

=====================================
Tissue: Uterus 
=====================================
[1] TRUE
Running SuSiE.

=====================================
Tissue: Vagina 
=====================================
[1] TRUE
Running SuSiE.
[2026-09-01 12:07:34] starting PGBD5
Importing covariate data.
Importing gene expression data.
Found 27 tissues for gene PGBD5 :
 [1] "Adipose Tissue"  "Adrenal Gland"   "Blood"           "Blood Vessel"   
 [5] "Brain"           "Breast"          "Colon"           "Esophagus"      
 [9] "Heart"           "Kidney"          "Liver"           "Lung"           
[13] "Muscle"          "Nerve"           "Ovary"           "Pancreas"       
[17] "Pituitary"       "Prostate"        "Salivary Gland"  "Skin"           
[21] "Small Intestine" "Spleen"          "Stomach"         "Testis"         
[25] "Thyroid"         "Uterus"          "Vagina"         
54 SNP(s) removed because HWE P < 1e-08 :
 [1] "chr1_229927933_T_C_b38_T" "chr1_229938173_G_C_b38_G"
 [3] "chr1_229939068_C_T_b38_C" "chr1_229941299_A_G_b38_A"
 [5] "chr1_229941585_A_G_b38_A" "chr1_229952301_G_T_b38_G"
 [7] "chr1_229952967_T_G_b38_T" "chr1_229953565_G_A_b38_G"
 [9] "chr1_229954633_A_T_b38_A" "chr1_229956708_A_T_b38_A"
[11] "chr1_229957806_A_G_b38_A" "chr1_229977851_C_G_b38_C"
[13] "chr1_230061938_T_A_b38_T" "chr1_230063651_C_T_b38_C"
[15] "chr1_230065181_C_A_b38_C" "chr1_230067546_C_G_b38_C"
[17] "chr1_230070949_A_G_b38_A" "chr1_230071144_G_A_b38_G"
[19] "chr1_230071547_G_T_b38_G" "chr1_230071602_G_A_b38_G"
[21] "chr1_230071686_A_C_b38_A" "chr1_230071715_A_G_b38_A"
[23] "chr1_230071728_A_G_b38_A" "chr1_230072750_G_A_b38_G"
[25] "chr1_230075651_G_A_b38_G" "chr1_230156246_T_A_b38_T"
[27] "chr1_230178499_T_A_b38_T" "chr1_230212817_C_T_b38_C"
[29] "chr1_230219692_C_T_b38_C" "chr1_230220761_G_A_b38_G"
[31] "chr1_230350793_G_A_b38_G" "chr1_230353563_G_A_b38_G"
[33] "chr1_230353583_G_A_b38_G" "chr1_230353827_C_T_b38_C"
[35] "chr1_230354905_G_A_b38_G" "chr1_230355487_T_C_b38_T"
[37] "chr1_230355525_T_G_b38_T" "chr1_230358909_T_C_b38_T"
[39] "chr1_230360358_C_T_b38_C" "chr1_230360366_T_C_b38_T"
[41] "chr1_230360432_C_T_b38_C" "chr1_230360751_T_C_b38_T"
[43] "chr1_230361062_C_T_b38_C" "chr1_230361548_G_C_b38_G"
[45] "chr1_230361747_C_T_b38_C" "chr1_230361887_T_C_b38_T"
[47] "chr1_230362315_C_T_b38_C" "chr1_230362348_A_C_b38_A"
[49] "chr1_230362522_G_T_b38_G" "chr1_230362660_C_G_b38_C"
[51] "chr1_230363016_G_A_b38_G" "chr1_230511797_C_G_b38_C"
[53] "chr1_230838515_A_T_b38_A" "chr1_230838583_A_G_b38_A"

=====================================
Tissue: Adipose Tissue 
=====================================
[1] TRUE
Running SuSiE.

=====================================
Tissue: Adrenal Gland 
=====================================
[1] TRUE
Running SuSiE.

=====================================
Tissue: Blood 
=====================================
[1] TRUE
Running SuSiE.

=====================================
Tissue: Blood Vessel 
=====================================
[1] TRUE
Running SuSiE.

=====================================
Tissue: Brain 
=====================================
[1] TRUE
Running SuSiE.

=====================================
Tissue: Breast 
=====================================
[1] TRUE
Running SuSiE.

=====================================
Tissue: Colon 
=====================================
[1] TRUE
Running SuSiE.

=====================================
Tissue: Esophagus 
=====================================
[1] TRUE
Running SuSiE.

=====================================
Tissue: Heart 
=====================================
[1] TRUE
Running SuSiE.

=====================================
Tissue: Kidney 
=====================================
[1] TRUE
Running SuSiE.

=====================================
Tissue: Liver 
=====================================
[1] TRUE
Running SuSiE.

=====================================
Tissue: Lung 
=====================================
[1] TRUE
Running SuSiE.

=====================================
Tissue: Muscle 
=====================================
[1] TRUE
Running SuSiE.

=====================================
Tissue: Nerve 
=====================================
[1] TRUE
Running SuSiE.

=====================================
Tissue: Ovary 
=====================================
[1] TRUE
Running SuSiE.

=====================================
Tissue: Pancreas 
=====================================
[1] TRUE
Running SuSiE.

=====================================
Tissue: Pituitary 
=====================================
[1] TRUE
Running SuSiE.

=====================================
Tissue: Prostate 
=====================================
[1] TRUE
Running SuSiE.

=====================================
Tissue: Salivary Gland 
=====================================
[1] TRUE
Running SuSiE.

=====================================
Tissue: Skin 
=====================================
[1] TRUE
Running SuSiE.

=====================================
Tissue: Small Intestine 
=====================================
[1] TRUE
Running SuSiE.

=====================================
Tissue: Spleen 
=====================================
[1] TRUE
Running SuSiE.

=====================================
Tissue: Stomach 
=====================================
[1] TRUE
Running SuSiE.

=====================================
Tissue: Testis 
=====================================
[1] TRUE
Running SuSiE.

=====================================
Tissue: Thyroid 
=====================================
[1] TRUE
Running SuSiE.

=====================================
Tissue: Uterus 
=====================================
[1] TRUE
Running SuSiE.

=====================================
Tissue: Vagina 
=====================================
[1] TRUE
Running SuSiE.
[2026-09-01 12:11:06] starting PGC
Importing covariate data.
Importing gene expression data.
Found 27 tissues for gene PGC :
 [1] "Adipose Tissue"  "Adrenal Gland"   "Blood"           "Blood Vessel"   
 [5] "Brain"           "Breast"          "Colon"           "Esophagus"      
 [9] "Heart"           "Kidney"          "Liver"           "Lung"           
[13] "Muscle"          "Nerve"           "Ovary"           "Pancreas"       
[17] "Pituitary"       "Prostate"        "Salivary Gland"  "Skin"           
[21] "Small Intestine" "Spleen"          "Stomach"         "Testis"         
[25] "Thyroid"         "Uterus"          "Vagina"         
Extracting genotype data from PLINK file.
PLINK v2.0.0-a.7LM 64-bit Intel (11 Mar 2026)       cog-genomics.org/plink/2.0/
(C) 2005-2026 Shaun Purcell, Christopher Chang    GNU General Public License v3
Logging to /project2/mstephens/wdenault/susie_mix/temp_plink/plink_PGC.log.
Options in effect:
  --bfile /project2/mstephens/gtex/GTEx_Analysis_2017-06-05_v8_WholeGenomeSeq_866Indiv
  --chr 6
  --export A
  --from-bp 41254109
  --maf 0
  --max-alleles 2
  --memory 8000
  --out /project2/mstephens/wdenault/susie_mix/temp_plink/plink_PGC
  --rm-dup exclude-all
  --snps-only
  --threads 2
  --to-bp 42254109

Start time: Tue Sep  1 12:12:04 2026
63727 MiB RAM detected, ~37794 available; reserving 8000 MiB for main
workspace.
Using up to 2 compute threads.
866 samples (0 females, 0 males, 866 ambiguous; 866 founders) loaded from
/project2/mstephens/gtex/GTEx_Analysis_2017-06-05_v8_WholeGenomeSeq_866Indiv.fam.
67234533 variants in
/project2/mstephens/gtex/GTEx_Analysis_2017-06-05_v8_WholeGenomeSeq_866Indiv.bim;
64003927 excluded by --chr + --max-alleles + --snps-only, 3230606 remaining.
Note: No phenotype data present.
Note: Skipping --rm-dup since no duplicate IDs are present.
19158 variants remaining after main filters.
--export A pass 1/1: loading... 0%writing... 0%1%2%3%4%5%6%7%8%9%10%11%12%13%14%15%16%17%18%19%20%21%22%23%24%25%26%27%28%29%30%31%32%33%34%35%36%37%38%39%40%41%42%43%44%45%46%47%48%49%50%51%52%53%54%55%56%57%58%59%60%61%62%63%64%65%66%67%68%69%70%71%72%73%74%75%76%77%78%79%80%81%82%83%84%85%86%87%88%89%90%91%92%93%94%95%96%97%98%99% done.
--export A: /project2/mstephens/wdenault/susie_mix/temp_plink/plink_PGC.raw
written.
End time: Tue Sep  1 12:12:09 2026
12 SNP(s) removed because HWE P < 1e-08 :
 [1] "chr6_41258733_C_A_b38_C" "chr6_41259085_C_T_b38_C"
 [3] "chr6_41259415_C_A_b38_C" "chr6_41260008_C_A_b38_C"
 [5] "chr6_41261431_T_G_b38_T" "chr6_41266859_C_G_b38_C"
 [7] "chr6_41415987_A_T_b38_A" "chr6_42009350_A_G_b38_A"
 [9] "chr6_42173588_A_G_b38_A" "chr6_42175975_T_C_b38_T"
[11] "chr6_42176408_G_A_b38_G" "chr6_42176447_T_G_b38_T"

=====================================
Tissue: Adipose Tissue 
=====================================
[1] TRUE
Running SuSiE.

=====================================
Tissue: Adrenal Gland 
=====================================
[1] TRUE
Running SuSiE.

=====================================
Tissue: Blood 
=====================================
[1] TRUE
Running SuSiE.

=====================================
Tissue: Blood Vessel 
=====================================
[1] TRUE
Running SuSiE.

=====================================
Tissue: Brain 
=====================================
[1] TRUE
Running SuSiE.

=====================================
Tissue: Breast 
=====================================
[1] TRUE
Running SuSiE.

=====================================
Tissue: Colon 
=====================================
[1] TRUE
Running SuSiE.

=====================================
Tissue: Esophagus 
=====================================
[1] TRUE
Running SuSiE.

=====================================
Tissue: Heart 
=====================================
[1] TRUE
Running SuSiE.

=====================================
Tissue: Kidney 
=====================================
[1] TRUE
Running SuSiE.

=====================================
Tissue: Liver 
=====================================
[1] TRUE
Running SuSiE.

=====================================
Tissue: Lung 
=====================================
[1] TRUE
Running SuSiE.

=====================================
Tissue: Muscle 
=====================================
[1] TRUE
Running SuSiE.

=====================================
Tissue: Nerve 
=====================================
[1] TRUE
Running SuSiE.

=====================================
Tissue: Ovary 
=====================================
[1] TRUE
Running SuSiE.

=====================================
Tissue: Pancreas 
=====================================
[1] TRUE
Running SuSiE.

=====================================
Tissue: Pituitary 
=====================================
[1] TRUE
Running SuSiE.

=====================================
Tissue: Prostate 
=====================================
[1] TRUE
Running SuSiE.

=====================================
Tissue: Salivary Gland 
=====================================
[1] TRUE
Running SuSiE.

=====================================
Tissue: Skin 
=====================================
[1] TRUE
Running SuSiE.

=====================================
Tissue: Small Intestine 
=====================================
[1] TRUE
Running SuSiE.

=====================================
Tissue: Spleen 
=====================================
[1] TRUE
Running SuSiE.

=====================================
Tissue: Stomach 
=====================================
[1] TRUE
Running SuSiE.

=====================================
Tissue: Testis 
=====================================
[1] TRUE
Running SuSiE.

=====================================
Tissue: Thyroid 
=====================================
[1] TRUE
Running SuSiE.

=====================================
Tissue: Uterus 
=====================================
[1] TRUE
Running SuSiE.

=====================================
Tissue: Vagina 
=====================================
[1] TRUE
Running SuSiE.
[2026-09-01 12:14:20] starting PGD
Importing covariate data.
Importing gene expression data.
Found 27 tissues for gene PGD :
 [1] "Adipose Tissue"  "Adrenal Gland"   "Blood"           "Blood Vessel"   
 [5] "Brain"           "Breast"          "Colon"           "Esophagus"      
 [9] "Heart"           "Kidney"          "Liver"           "Lung"           
[13] "Muscle"          "Nerve"           "Ovary"           "Pancreas"       
[17] "Pituitary"       "Prostate"        "Salivary Gland"  "Skin"           
[21] "Small Intestine" "Spleen"          "Stomach"         "Testis"         
[25] "Thyroid"         "Uterus"          "Vagina"         
Extracting genotype data from PLINK file.
PLINK v2.0.0-a.7LM 64-bit Intel (11 Mar 2026)       cog-genomics.org/plink/2.0/
(C) 2005-2026 Shaun Purcell, Christopher Chang    GNU General Public License v3
Logging to /project2/mstephens/wdenault/susie_mix/temp_plink/plink_PGD.log.
Options in effect:
  --bfile /project2/mstephens/gtex/GTEx_Analysis_2017-06-05_v8_WholeGenomeSeq_866Indiv
  --chr 1
  --export A
  --from-bp 9898592
  --maf 0
  --max-alleles 2
  --memory 8000
  --out /project2/mstephens/wdenault/susie_mix/temp_plink/plink_PGD
  --rm-dup exclude-all
  --snps-only
  --threads 2
  --to-bp 10898592

Start time: Tue Sep  1 12:15:17 2026
63727 MiB RAM detected, ~38546 available; reserving 8000 MiB for main
workspace.
Using up to 2 compute threads.
866 samples (0 females, 0 males, 866 ambiguous; 866 founders) loaded from
/project2/mstephens/gtex/GTEx_Analysis_2017-06-05_v8_WholeGenomeSeq_866Indiv.fam.
67234533 variants in
/project2/mstephens/gtex/GTEx_Analysis_2017-06-05_v8_WholeGenomeSeq_866Indiv.bim;
62424502 excluded by --chr + --max-alleles + --snps-only, 4810031 remaining.
Note: No phenotype data present.
Note: Skipping --rm-dup since no duplicate IDs are present.
19133 variants remaining after main filters.
--export A pass 1/1: loading... 0%writing... 0%1%2%3%4%5%6%7%8%9%10%11%12%13%14%15%16%17%18%19%20%21%22%23%24%25%26%27%28%29%30%31%32%33%34%35%36%37%38%39%40%41%42%43%44%45%46%47%48%49%50%51%52%53%54%55%56%57%58%59%60%61%62%63%64%65%66%67%68%69%70%71%72%73%74%75%76%77%78%79%80%81%82%83%84%85%86%87%88%89%90%91%92%93%94%95%96%97%98%99% done.
--export A: /project2/mstephens/wdenault/susie_mix/temp_plink/plink_PGD.raw
written.
End time: Tue Sep  1 12:15:22 2026
109 SNP(s) removed because HWE P < 1e-08 :
  [1] "chr1_9905431_T_C_b38_T"  "chr1_9906309_A_G_b38_A" 
  [3] "chr1_9915143_C_T_b38_C"  "chr1_9943262_G_A_b38_G" 
  [5] "chr1_9948372_C_T_b38_C"  "chr1_9949056_C_T_b38_C" 
  [7] "chr1_9951013_C_A_b38_C"  "chr1_9962744_C_T_b38_C" 
  [9] "chr1_9962770_C_T_b38_C"  "chr1_9962783_G_A_b38_G" 
 [11] "chr1_9962818_A_G_b38_A"  "chr1_9962833_C_A_b38_C" 
 [13] "chr1_9962916_C_T_b38_C"  "chr1_9965189_G_C_b38_G" 
 [15] "chr1_9965206_G_A_b38_G"  "chr1_9967482_G_A_b38_G" 
 [17] "chr1_9968542_G_A_b38_G"  "chr1_9977410_A_T_b38_A" 
 [19] "chr1_9981919_G_A_b38_G"  "chr1_9989119_T_G_b38_T" 
 [21] "chr1_9992156_G_A_b38_G"  "chr1_9992638_G_A_b38_G" 
 [23] "chr1_9997612_G_A_b38_G"  "chr1_9999317_C_T_b38_C" 
 [25] "chr1_10000458_T_C_b38_T" "chr1_10003040_A_G_b38_A"
 [27] "chr1_10009698_G_A_b38_G" "chr1_10011243_T_C_b38_T"
 [29] "chr1_10012539_T_C_b38_T" "chr1_10023878_A_G_b38_A"
 [31] "chr1_10032712_T_A_b38_T" "chr1_10033399_C_T_b38_C"
 [33] "chr1_10037614_A_G_b38_A" "chr1_10048049_G_A_b38_G"
 [35] "chr1_10080604_C_G_b38_C" "chr1_10080605_T_C_b38_T"
 [37] "chr1_10086121_G_A_b38_G" "chr1_10092824_A_G_b38_A"
 [39] "chr1_10114131_G_A_b38_G" "chr1_10117732_A_G_b38_A"
 [41] "chr1_10133763_C_T_b38_C" "chr1_10135475_A_G_b38_A"
 [43] "chr1_10135548_T_C_b38_T" "chr1_10135882_G_A_b38_G"
 [45] "chr1_10135912_A_T_b38_A" "chr1_10138159_A_G_b38_A"
 [47] "chr1_10140516_C_T_b38_C" "chr1_10142698_G_C_b38_G"
 [49] "chr1_10143387_T_C_b38_T" "chr1_10143930_T_C_b38_T"
 [51] "chr1_10148710_T_C_b38_T" "chr1_10150913_C_G_b38_C"
 [53] "chr1_10150916_T_C_b38_T" "chr1_10150926_T_C_b38_T"
 [55] "chr1_10150932_C_T_b38_C" "chr1_10158319_A_G_b38_A"
 [57] "chr1_10158381_T_C_b38_T" "chr1_10161789_C_T_b38_C"
 [59] "chr1_10163560_T_C_b38_T" "chr1_10167836_A_G_b38_A"
 [61] "chr1_10171405_C_T_b38_C" "chr1_10594495_C_T_b38_C"
 [63] "chr1_10596267_C_T_b38_C" "chr1_10691664_T_C_b38_T"
 [65] "chr1_10692522_T_G_b38_T" "chr1_10726257_A_G_b38_A"
 [67] "chr1_10733725_A_G_b38_A" "chr1_10771161_G_C_b38_G"
 [69] "chr1_10787727_T_C_b38_T" "chr1_10803155_C_G_b38_C"
 [71] "chr1_10803870_G_C_b38_G" "chr1_10857756_A_C_b38_A"
 [73] "chr1_10868952_G_A_b38_G" "chr1_10875208_G_A_b38_G"
 [75] "chr1_10875380_C_T_b38_C" "chr1_10875573_G_C_b38_G"
 [77] "chr1_10876487_A_G_b38_A" "chr1_10877863_A_G_b38_A"
 [79] "chr1_10880445_A_C_b38_A" "chr1_10880704_G_C_b38_G"
 [81] "chr1_10880838_C_A_b38_C" "chr1_10881349_G_A_b38_G"
 [83] "chr1_10881498_G_A_b38_G" "chr1_10881613_A_C_b38_A"
 [85] "chr1_10881842_T_C_b38_T" "chr1_10881914_C_T_b38_C"
 [87] "chr1_10882556_G_A_b38_G" "chr1_10883055_C_A_b38_C"
 [89] "chr1_10883345_G_A_b38_G" "chr1_10883495_T_C_b38_T"
 [91] "chr1_10883611_C_T_b38_C" "chr1_10884010_A_G_b38_A"
 [93] "chr1_10884388_C_G_b38_C" "chr1_10884673_A_G_b38_A"
 [95] "chr1_10884681_T_G_b38_T" "chr1_10885111_G_A_b38_G"
 [97] "chr1_10885199_T_C_b38_T" "chr1_10885817_A_G_b38_A"
 [99] "chr1_10885997_C_T_b38_C" "chr1_10885998_A_G_b38_A"
[101] "chr1_10886147_T_C_b38_T" "chr1_10886299_A_G_b38_A"
[103] "chr1_10886302_A_G_b38_A" "chr1_10887374_G_C_b38_G"
[105] "chr1_10887538_C_T_b38_C" "chr1_10890004_C_G_b38_C"
[107] "chr1_10891118_A_G_b38_A" "chr1_10892291_T_C_b38_T"
[109] "chr1_10892330_T_C_b38_T"

=====================================
Tissue: Adipose Tissue 
=====================================
[1] TRUE
Running SuSiE.

=====================================
Tissue: Adrenal Gland 
=====================================
[1] TRUE
Running SuSiE.

=====================================
Tissue: Blood 
=====================================
[1] TRUE
Running SuSiE.

=====================================
Tissue: Blood Vessel 
=====================================
[1] TRUE
Running SuSiE.

=====================================
Tissue: Brain 
=====================================
[1] TRUE
Running SuSiE.

=====================================
Tissue: Breast 
=====================================
[1] TRUE
Running SuSiE.

=====================================
Tissue: Colon 
=====================================
[1] TRUE
Running SuSiE.

=====================================
Tissue: Esophagus 
=====================================
[1] TRUE
Running SuSiE.

=====================================
Tissue: Heart 
=====================================
[1] TRUE
Running SuSiE.

=====================================
Tissue: Kidney 
=====================================
[1] TRUE
Running SuSiE.

=====================================
Tissue: Liver 
=====================================
[1] TRUE
Running SuSiE.

=====================================
Tissue: Lung 
=====================================
[1] TRUE
Running SuSiE.

=====================================
Tissue: Muscle 
=====================================
[1] TRUE
Running SuSiE.

=====================================
Tissue: Nerve 
=====================================
[1] TRUE
Running SuSiE.

=====================================
Tissue: Ovary 
=====================================
[1] TRUE
Running SuSiE.

=====================================
Tissue: Pancreas 
=====================================
[1] TRUE
Running SuSiE.

=====================================
Tissue: Pituitary 
=====================================
[1] TRUE
Running SuSiE.

=====================================
Tissue: Prostate 
=====================================
[1] TRUE
Running SuSiE.

=====================================
Tissue: Salivary Gland 
=====================================
[1] TRUE
Running SuSiE.

=====================================
Tissue: Skin 
=====================================
[1] TRUE
Running SuSiE.

=====================================
Tissue: Small Intestine 
=====================================
[1] TRUE
Running SuSiE.

=====================================
Tissue: Spleen 
=====================================
[1] TRUE
Running SuSiE.

=====================================
Tissue: Stomach 
=====================================
[1] TRUE
Running SuSiE.

=====================================
Tissue: Testis 
=====================================
[1] TRUE
Running SuSiE.

=====================================
Tissue: Thyroid 
=====================================
[1] TRUE
Running SuSiE.

=====================================
Tissue: Uterus 
=====================================
[1] TRUE
Running SuSiE.

=====================================
Tissue: Vagina 
=====================================
[1] TRUE
Running SuSiE.
[2026-09-01 12:16:43] starting PGF
Importing covariate data.
Importing gene expression data.
Found 27 tissues for gene PGF :
 [1] "Adipose Tissue"  "Adrenal Gland"   "Blood"           "Blood Vessel"   
 [5] "Brain"           "Breast"          "Colon"           "Esophagus"      
 [9] "Heart"           "Kidney"          "Liver"           "Lung"           
[13] "Muscle"          "Nerve"           "Ovary"           "Pancreas"       
[17] "Pituitary"       "Prostate"        "Salivary Gland"  "Skin"           
[21] "Small Intestine" "Spleen"          "Stomach"         "Testis"         
[25] "Thyroid"         "Uterus"          "Vagina"         
Extracting genotype data from PLINK file.
PLINK v2.0.0-a.7LM 64-bit Intel (11 Mar 2026)       cog-genomics.org/plink/2.0/
(C) 2005-2026 Shaun Purcell, Christopher Chang    GNU General Public License v3
Logging to /project2/mstephens/wdenault/susie_mix/temp_plink/plink_PGF.log.
Options in effect:
  --bfile /project2/mstephens/gtex/GTEx_Analysis_2017-06-05_v8_WholeGenomeSeq_866Indiv
  --chr 14
  --export A
  --from-bp 74455626
  --maf 0
  --max-alleles 2
  --memory 8000
  --out /project2/mstephens/wdenault/susie_mix/temp_plink/plink_PGF
  --rm-dup exclude-all
  --snps-only
  --threads 2
  --to-bp 75455626

Start time: Tue Sep  1 12:17:38 2026
63727 MiB RAM detected, ~37545 available; reserving 8000 MiB for main
workspace.
Using up to 2 compute threads.
866 samples (0 females, 0 males, 866 ambiguous; 866 founders) loaded from
/project2/mstephens/gtex/GTEx_Analysis_2017-06-05_v8_WholeGenomeSeq_866Indiv.fam.
67234533 variants in
/project2/mstephens/gtex/GTEx_Analysis_2017-06-05_v8_WholeGenomeSeq_866Indiv.bim;
65542670 excluded by --chr + --max-alleles + --snps-only, 1691863 remaining.
Note: No phenotype data present.
Note: Skipping --rm-dup since no duplicate IDs are present.
16665 variants remaining after main filters.
--export A pass 1/1: loading... 0%writing... 0%1%2%3%4%5%6%7%8%9%10%11%12%13%14%15%16%17%18%19%20%21%22%23%24%25%26%27%28%29%30%31%32%33%34%35%36%37%38%39%40%41%42%43%44%45%46%47%48%49%50%51%52%53%54%55%56%57%58%59%60%61%62%63%64%65%66%67%68%69%70%71%72%73%74%75%76%77%78%79%80%81%82%83%84%85%86%87%88%89%90%91%92%93%94%95%96%97%98%99% done.
--export A: /project2/mstephens/wdenault/susie_mix/temp_plink/plink_PGF.raw
written.
End time: Tue Sep  1 12:17:44 2026
19 SNP(s) removed because HWE P < 1e-08 :
 [1] "chr14_74464494_A_G_b38_A" "chr14_74539516_A_G_b38_A"
 [3] "chr14_74539954_T_C_b38_T" "chr14_74540710_A_G_b38_A"
 [5] "chr14_74544838_G_A_b38_G" "chr14_74546471_C_T_b38_C"
 [7] "chr14_74546636_A_G_b38_A" "chr14_74548325_G_C_b38_G"
 [9] "chr14_74549191_A_G_b38_A" "chr14_74550167_G_A_b38_G"
[11] "chr14_74550216_G_A_b38_G" "chr14_75242011_T_A_b38_T"
[13] "chr14_75243222_C_T_b38_C" "chr14_75319928_T_C_b38_T"
[15] "chr14_75320279_C_A_b38_C" "chr14_75436464_A_G_b38_A"
[17] "chr14_75439679_T_C_b38_T" "chr14_75446769_T_C_b38_T"
[19] "chr14_75454385_G_A_b38_G"

=====================================
Tissue: Adipose Tissue 
=====================================
[1] TRUE
Running SuSiE.

=====================================
Tissue: Adrenal Gland 
=====================================
[1] TRUE
Running SuSiE.

=====================================
Tissue: Blood 
=====================================
[1] TRUE
Running SuSiE.

=====================================
Tissue: Blood Vessel 
=====================================
[1] TRUE
Running SuSiE.

=====================================
Tissue: Brain 
=====================================
[1] TRUE
Running SuSiE.

=====================================
Tissue: Breast 
=====================================
[1] TRUE
Running SuSiE.

=====================================
Tissue: Colon 
=====================================
[1] TRUE
Running SuSiE.

=====================================
Tissue: Esophagus 
=====================================
[1] TRUE
Running SuSiE.

=====================================
Tissue: Heart 
=====================================
[1] TRUE
Running SuSiE.

=====================================
Tissue: Kidney 
=====================================
[1] TRUE
Running SuSiE.

=====================================
Tissue: Liver 
=====================================
[1] TRUE
Running SuSiE.

=====================================
Tissue: Lung 
=====================================
[1] TRUE
Running SuSiE.

=====================================
Tissue: Muscle 
=====================================
[1] TRUE
Running SuSiE.

=====================================
Tissue: Nerve 
=====================================
[1] TRUE
Running SuSiE.

=====================================
Tissue: Ovary 
=====================================
[1] TRUE
Running SuSiE.

=====================================
Tissue: Pancreas 
=====================================
[1] TRUE
Running SuSiE.

=====================================
Tissue: Pituitary 
=====================================
[1] TRUE
Running SuSiE.

=====================================
Tissue: Prostate 
=====================================
[1] TRUE
Running SuSiE.

=====================================
Tissue: Salivary Gland 
=====================================
[1] TRUE
Running SuSiE.

=====================================
Tissue: Skin 
=====================================
[1] TRUE
Running SuSiE.

=====================================
Tissue: Small Intestine 
=====================================
[1] TRUE
Running SuSiE.

=====================================
Tissue: Spleen 
=====================================
[1] TRUE
Running SuSiE.

=====================================
Tissue: Stomach 
=====================================
[1] TRUE
Running SuSiE.

=====================================
Tissue: Testis 
=====================================
[1] TRUE
Running SuSiE.

=====================================
Tissue: Thyroid 
=====================================
[1] TRUE
Running SuSiE.

=====================================
Tissue: Uterus 
=====================================
[1] TRUE
Running SuSiE.

=====================================
Tissue: Vagina 
=====================================
[1] TRUE
Running SuSiE.
[2026-09-01 12:19:10] starting PGGHG
Importing covariate data.
Importing gene expression data.
Found 27 tissues for gene PGGHG :
 [1] "Adipose Tissue"  "Adrenal Gland"   "Blood"           "Blood Vessel"   
 [5] "Brain"           "Breast"          "Colon"           "Esophagus"      
 [9] "Heart"           "Kidney"          "Liver"           "Lung"           
[13] "Muscle"          "Nerve"           "Ovary"           "Pancreas"       
[17] "Pituitary"       "Prostate"        "Salivary Gland"  "Skin"           
[21] "Small Intestine" "Spleen"          "Stomach"         "Testis"         
[25] "Thyroid"         "Uterus"          "Vagina"         
Extracting genotype data from PLINK file.
PLINK v2.0.0-a.7LM 64-bit Intel (11 Mar 2026)       cog-genomics.org/plink/2.0/
(C) 2005-2026 Shaun Purcell, Christopher Chang    GNU General Public License v3
Logging to /project2/mstephens/wdenault/susie_mix/temp_plink/plink_PGGHG.log.
Options in effect:
  --bfile /project2/mstephens/gtex/GTEx_Analysis_2017-06-05_v8_WholeGenomeSeq_866Indiv
  --chr 11
  --export A
  --from-bp 0
  --maf 0
  --max-alleles 2
  --memory 8000
  --out /project2/mstephens/wdenault/susie_mix/temp_plink/plink_PGGHG
  --rm-dup exclude-all
  --snps-only
  --threads 2
  --to-bp 789126

Start time: Tue Sep  1 12:20:02 2026
63727 MiB RAM detected, ~38559 available; reserving 8000 MiB for main
workspace.
Using up to 2 compute threads.
866 samples (0 females, 0 males, 866 ambiguous; 866 founders) loaded from
/project2/mstephens/gtex/GTEx_Analysis_2017-06-05_v8_WholeGenomeSeq_866Indiv.fam.
67234533 variants in
/project2/mstephens/gtex/GTEx_Analysis_2017-06-05_v8_WholeGenomeSeq_866Indiv.bim;
64515227 excluded by --chr + --max-alleles + --snps-only, 2719306 remaining.
Note: No phenotype data present.
Note: Skipping --rm-dup since no duplicate IDs are present.
18002 variants remaining after main filters.
--export A pass 1/1: loading... 0%writing... 0%1%2%3%4%5%6%7%8%9%10%11%12%13%14%15%16%17%18%19%20%21%22%23%24%25%26%27%28%29%30%31%32%33%34%35%36%37%38%39%40%41%42%43%44%45%46%47%48%49%50%51%52%53%54%55%56%57%58%59%60%61%62%63%64%65%66%67%68%69%70%71%72%73%74%75%76%77%78%79%80%81%82%83%84%85%86%87%88%89%90%91%92%93%94%95%96%97%98%99% done.
--export A: /project2/mstephens/wdenault/susie_mix/temp_plink/plink_PGGHG.raw
written.
End time: Tue Sep  1 12:20:07 2026
44 SNP(s) removed because HWE P < 1e-08 :
 [1] "chr11_132591_C_T_b38_C" "chr11_133621_C_T_b38_C" "chr11_135029_C_T_b38_C"
 [4] "chr11_135138_C_G_b38_C" "chr11_178089_A_G_b38_A" "chr11_179401_T_C_b38_T"
 [7] "chr11_184029_T_C_b38_T" "chr11_184074_A_G_b38_A" "chr11_184145_A_G_b38_A"
[10] "chr11_184397_A_G_b38_A" "chr11_188498_T_C_b38_T" "chr11_189317_G_A_b38_G"
[13] "chr11_189356_G_A_b38_G" "chr11_189420_A_T_b38_A" "chr11_189780_G_A_b38_G"
[16] "chr11_189848_C_A_b38_C" "chr11_190287_C_T_b38_C" "chr11_190488_T_C_b38_T"
[19] "chr11_190551_G_T_b38_G" "chr11_190556_G_A_b38_G" "chr11_190567_T_G_b38_T"
[22] "chr11_190571_T_C_b38_T" "chr11_190650_A_G_b38_A" "chr11_190688_T_G_b38_T"
[25] "chr11_190699_C_T_b38_C" "chr11_190716_A_C_b38_A" "chr11_190727_C_T_b38_C"
[28] "chr11_190729_G_A_b38_G" "chr11_190761_A_G_b38_A" "chr11_190790_C_T_b38_C"
[31] "chr11_190838_T_G_b38_T" "chr11_190878_G_A_b38_G" "chr11_190917_T_G_b38_T"
[34] "chr11_191650_T_G_b38_T" "chr11_191770_C_T_b38_C" "chr11_191948_C_T_b38_C"
[37] "chr11_284299_A_G_b38_A" "chr11_307808_A_G_b38_A" "chr11_308022_C_T_b38_C"
[40] "chr11_321017_A_C_b38_A" "chr11_321090_T_G_b38_T" "chr11_365502_A_G_b38_A"
[43] "chr11_574121_T_C_b38_T" "chr11_574335_G_A_b38_G"

=====================================
Tissue: Adipose Tissue 
=====================================
[1] TRUE
Running SuSiE.

=====================================
Tissue: Adrenal Gland 
=====================================
[1] TRUE
Running SuSiE.

=====================================
Tissue: Blood 
=====================================
[1] TRUE
Running SuSiE.

=====================================
Tissue: Blood Vessel 
=====================================
[1] TRUE
Running SuSiE.

=====================================
Tissue: Brain 
=====================================
[1] TRUE
Running SuSiE.

=====================================
Tissue: Breast 
=====================================
[1] TRUE
Running SuSiE.

=====================================
Tissue: Colon 
=====================================
[1] TRUE
Running SuSiE.

=====================================
Tissue: Esophagus 
=====================================
[1] TRUE
Running SuSiE.

=====================================
Tissue: Heart 
=====================================
[1] TRUE
Running SuSiE.

=====================================
Tissue: Kidney 
=====================================
[1] TRUE
Running SuSiE.

=====================================
Tissue: Liver 
=====================================
[1] TRUE
Running SuSiE.

=====================================
Tissue: Lung 
=====================================
[1] TRUE
Running SuSiE.

=====================================
Tissue: Muscle 
=====================================
[1] TRUE
Running SuSiE.

=====================================
Tissue: Nerve 
=====================================
[1] TRUE
Running SuSiE.

=====================================
Tissue: Ovary 
=====================================
[1] TRUE
Running SuSiE.

=====================================
Tissue: Pancreas 
=====================================
[1] TRUE
Running SuSiE.

=====================================
Tissue: Pituitary 
=====================================
[1] TRUE
Running SuSiE.

=====================================
Tissue: Prostate 
=====================================
[1] TRUE
Running SuSiE.

=====================================
Tissue: Salivary Gland 
=====================================
[1] TRUE
Running SuSiE.

=====================================
Tissue: Skin 
=====================================
[1] TRUE
Running SuSiE.

=====================================
Tissue: Small Intestine 
=====================================
[1] TRUE
Running SuSiE.

=====================================
Tissue: Spleen 
=====================================
[1] TRUE
Running SuSiE.

=====================================
Tissue: Stomach 
=====================================
[1] TRUE
Running SuSiE.

=====================================
Tissue: Testis 
=====================================
[1] TRUE
Running SuSiE.

=====================================
Tissue: Thyroid 
=====================================
[1] TRUE
Running SuSiE.

=====================================
Tissue: Uterus 
=====================================
[1] TRUE
Running SuSiE.

=====================================
Tissue: Vagina 
=====================================
[1] TRUE
Running SuSiE.
[2026-09-01 12:21:58] starting PGGT1B
Importing covariate data.
Importing gene expression data.
Found 27 tissues for gene PGGT1B :
 [1] "Adipose Tissue"  "Adrenal Gland"   "Blood"           "Blood Vessel"   
 [5] "Brain"           "Breast"          "Colon"           "Esophagus"      
 [9] "Heart"           "Kidney"          "Liver"           "Lung"           
[13] "Muscle"          "Nerve"           "Ovary"           "Pancreas"       
[17] "Pituitary"       "Prostate"        "Salivary Gland"  "Skin"           
[21] "Small Intestine" "Spleen"          "Stomach"         "Testis"         
[25] "Thyroid"         "Uterus"          "Vagina"         
3 SNP(s) removed because HWE P < 1e-08 :
[1] "chr5_115148067_T_C_b38_T" "chr5_115179175_G_A_b38_G"
[3] "chr5_115758286_G_A_b38_G"

=====================================
Tissue: Adipose Tissue 
=====================================
[1] TRUE
Running SuSiE.

=====================================
Tissue: Adrenal Gland 
=====================================
[1] TRUE
Running SuSiE.

=====================================
Tissue: Blood 
=====================================
[1] TRUE
Running SuSiE.

=====================================
Tissue: Blood Vessel 
=====================================
[1] TRUE
Running SuSiE.

=====================================
Tissue: Brain 
=====================================
[1] TRUE
Running SuSiE.

=====================================
Tissue: Breast 
=====================================
[1] TRUE
Running SuSiE.

=====================================
Tissue: Colon 
=====================================
[1] TRUE
Running SuSiE.

=====================================
Tissue: Esophagus 
=====================================
[1] TRUE
Running SuSiE.

=====================================
Tissue: Heart 
=====================================
[1] TRUE
Running SuSiE.

=====================================
Tissue: Kidney 
=====================================
[1] TRUE
Running SuSiE.

=====================================
Tissue: Liver 
=====================================
[1] TRUE
Running SuSiE.

=====================================
Tissue: Lung 
=====================================
[1] TRUE
Running SuSiE.

=====================================
Tissue: Muscle 
=====================================
[1] TRUE
Running SuSiE.

=====================================
Tissue: Nerve 
=====================================
[1] TRUE
Running SuSiE.

=====================================
Tissue: Ovary 
=====================================
[1] TRUE
Running SuSiE.

=====================================
Tissue: Pancreas 
=====================================
[1] TRUE
Running SuSiE.

=====================================
Tissue: Pituitary 
=====================================
[1] TRUE
Running SuSiE.

=====================================
Tissue: Prostate 
=====================================
[1] TRUE
Running SuSiE.

=====================================
Tissue: Salivary Gland 
=====================================
[1] TRUE
Running SuSiE.

=====================================
Tissue: Skin 
=====================================
[1] TRUE
Running SuSiE.

=====================================
Tissue: Small Intestine 
=====================================
[1] TRUE
Running SuSiE.

=====================================
Tissue: Spleen 
=====================================
[1] TRUE
Running SuSiE.

=====================================
Tissue: Stomach 
=====================================
[1] TRUE
Running SuSiE.

=====================================
Tissue: Testis 
=====================================
[1] TRUE
Running SuSiE.

=====================================
Tissue: Thyroid 
=====================================
[1] TRUE
Running SuSiE.

=====================================
Tissue: Uterus 
=====================================
[1] TRUE
Running SuSiE.

=====================================
Tissue: Vagina 
=====================================
[1] TRUE
Running SuSiE.
[2026-09-01 12:25:09] starting PGK1
Importing covariate data.
Importing gene expression data.
Found 27 tissues for gene PGK1 :
 [1] "Adipose Tissue"  "Adrenal Gland"   "Blood"           "Blood Vessel"   
 [5] "Brain"           "Breast"          "Colon"           "Esophagus"      
 [9] "Heart"           "Kidney"          "Liver"           "Lung"           
[13] "Muscle"          "Nerve"           "Ovary"           "Pancreas"       
[17] "Pituitary"       "Prostate"        "Salivary Gland"  "Skin"           
[21] "Small Intestine" "Spleen"          "Stomach"         "Testis"         
[25] "Thyroid"         "Uterus"          "Vagina"         
Extracting genotype data from PLINK file.
PLINK v2.0.0-a.7LM 64-bit Intel (11 Mar 2026)       cog-genomics.org/plink/2.0/
(C) 2005-2026 Shaun Purcell, Christopher Chang    GNU General Public License v3
Logging to /project2/mstephens/wdenault/susie_mix/temp_plink/plink_PGK1.log.
Options in effect:
  --bfile /project2/mstephens/gtex/GTEx_Analysis_2017-06-05_v8_WholeGenomeSeq_866Indiv
  --chr X
  --export A
  --from-bp 77410739
  --maf 0
  --max-alleles 2
  --memory 8000
  --out /project2/mstephens/wdenault/susie_mix/temp_plink/plink_PGK1
  --rm-dup exclude-all
  --snps-only
  --threads 2
  --to-bp 78410739

Start time: Tue Sep  1 12:26:02 2026
63727 MiB RAM detected, ~38556 available; reserving 8000 MiB for main
workspace.
Using up to 2 compute threads.
866 samples (0 females, 0 males, 866 ambiguous; 866 founders) loaded from
/project2/mstephens/gtex/GTEx_Analysis_2017-06-05_v8_WholeGenomeSeq_866Indiv.fam.
End time: Tue Sep  1 12:26:07 2026
[2026-09-01 12:26:07] starting PGK2
Importing covariate data.
Importing gene expression data.
Found 27 tissues for gene PGK2 :
 [1] "Adipose Tissue"  "Adrenal Gland"   "Blood"           "Blood Vessel"   
 [5] "Brain"           "Breast"          "Colon"           "Esophagus"      
 [9] "Heart"           "Kidney"          "Liver"           "Lung"           
[13] "Muscle"          "Nerve"           "Ovary"           "Pancreas"       
[17] "Pituitary"       "Prostate"        "Salivary Gland"  "Skin"           
[21] "Small Intestine" "Spleen"          "Stomach"         "Testis"         
[25] "Thyroid"         "Uterus"          "Vagina"         
Extracting genotype data from PLINK file.
PLINK v2.0.0-a.7LM 64-bit Intel (11 Mar 2026)       cog-genomics.org/plink/2.0/
(C) 2005-2026 Shaun Purcell, Christopher Chang    GNU General Public License v3
Logging to /project2/mstephens/wdenault/susie_mix/temp_plink/plink_PGK2.log.
Options in effect:
  --bfile /project2/mstephens/gtex/GTEx_Analysis_2017-06-05_v8_WholeGenomeSeq_866Indiv
  --chr 6
  --export A
  --from-bp 49287285
  --maf 0
  --max-alleles 2
  --memory 8000
  --out /project2/mstephens/wdenault/susie_mix/temp_plink/plink_PGK2
  --rm-dup exclude-all
  --snps-only
  --threads 2
  --to-bp 50287285

Start time: Tue Sep  1 12:26:58 2026
63727 MiB RAM detected, ~34820 available; reserving 8000 MiB for main
workspace.
Using up to 2 compute threads.
866 samples (0 females, 0 males, 866 ambiguous; 866 founders) loaded from
/project2/mstephens/gtex/GTEx_Analysis_2017-06-05_v8_WholeGenomeSeq_866Indiv.fam.
67234533 variants in
/project2/mstephens/gtex/GTEx_Analysis_2017-06-05_v8_WholeGenomeSeq_866Indiv.bim;
64003927 excluded by --chr + --max-alleles + --snps-only, 3230606 remaining.
Note: No phenotype data present.
Note: Skipping --rm-dup since no duplicate IDs are present.
18329 variants remaining after main filters.
--export A pass 1/1: loading... 0%writing... 0%1%2%3%4%5%6%7%8%9%10%11%12%13%14%15%16%17%18%19%20%21%22%23%24%25%26%27%28%29%30%31%32%33%34%35%36%37%38%39%40%41%42%43%44%45%46%47%48%49%50%51%52%53%54%55%56%57%58%59%60%61%62%63%64%65%66%67%68%69%70%71%72%73%74%75%76%77%78%79%80%81%82%83%84%85%86%87%88%89%90%91%92%93%94%95%96%97%98%99% done.
--export A: /project2/mstephens/wdenault/susie_mix/temp_plink/plink_PGK2.raw
written.
End time: Tue Sep  1 12:27:04 2026

=====================================
Tissue: Adipose Tissue 
=====================================
[1] TRUE
Running SuSiE.

=====================================
Tissue: Adrenal Gland 
=====================================
[1] TRUE
Running SuSiE.

=====================================
Tissue: Blood 
=====================================
[1] TRUE
Running SuSiE.

=====================================
Tissue: Blood Vessel 
=====================================
[1] TRUE
Running SuSiE.

=====================================
Tissue: Brain 
=====================================
[1] TRUE
Running SuSiE.

=====================================
Tissue: Breast 
=====================================
[1] TRUE
Running SuSiE.

=====================================
Tissue: Colon 
=====================================
[1] TRUE
Running SuSiE.

=====================================
Tissue: Esophagus 
=====================================
[1] TRUE
Running SuSiE.

=====================================
Tissue: Heart 
=====================================
[1] TRUE
Running SuSiE.

=====================================
Tissue: Kidney 
=====================================
[1] TRUE
Running SuSiE.

=====================================
Tissue: Liver 
=====================================
[1] TRUE
Running SuSiE.

=====================================
Tissue: Lung 
=====================================
[1] TRUE
Running SuSiE.

=====================================
Tissue: Muscle 
=====================================
[1] TRUE
Running SuSiE.

=====================================
Tissue: Nerve 
=====================================
[1] TRUE
Running SuSiE.

=====================================
Tissue: Ovary 
=====================================
[1] TRUE
Running SuSiE.

=====================================
Tissue: Pancreas 
=====================================
[1] TRUE
Running SuSiE.

=====================================
Tissue: Pituitary 
=====================================
[1] TRUE
Running SuSiE.

=====================================
Tissue: Prostate 
=====================================
[1] TRUE
Running SuSiE.

=====================================
Tissue: Salivary Gland 
=====================================
[1] TRUE
Running SuSiE.

=====================================
Tissue: Skin 
=====================================
[1] TRUE
Running SuSiE.

=====================================
Tissue: Small Intestine 
=====================================
[1] TRUE
Running SuSiE.

=====================================
Tissue: Spleen 
=====================================
[1] TRUE
Running SuSiE.

=====================================
Tissue: Stomach 
=====================================
[1] TRUE
Running SuSiE.

=====================================
Tissue: Testis 
=====================================
[1] TRUE
Running SuSiE.

=====================================
Tissue: Thyroid 
=====================================
[1] TRUE
Running SuSiE.

=====================================
Tissue: Uterus 
=====================================
[1] TRUE
Running SuSiE.

=====================================
Tissue: Vagina 
=====================================
[1] TRUE
Running SuSiE.
[2026-09-01 12:28:45] starting PGLS
Importing covariate data.
Importing gene expression data.
Found 27 tissues for gene PGLS :
 [1] "Adipose Tissue"  "Adrenal Gland"   "Blood"           "Blood Vessel"   
 [5] "Brain"           "Breast"          "Colon"           "Esophagus"      
 [9] "Heart"           "Kidney"          "Liver"           "Lung"           
[13] "Muscle"          "Nerve"           "Ovary"           "Pancreas"       
[17] "Pituitary"       "Prostate"        "Salivary Gland"  "Skin"           
[21] "Small Intestine" "Spleen"          "Stomach"         "Testis"         
[25] "Thyroid"         "Uterus"          "Vagina"         
Extracting genotype data from PLINK file.
PLINK v2.0.0-a.7LM 64-bit Intel (11 Mar 2026)       cog-genomics.org/plink/2.0/
(C) 2005-2026 Shaun Purcell, Christopher Chang    GNU General Public License v3
Logging to /project2/mstephens/wdenault/susie_mix/temp_plink/plink_PGLS.log.
Options in effect:
  --bfile /project2/mstephens/gtex/GTEx_Analysis_2017-06-05_v8_WholeGenomeSeq_866Indiv
  --chr 19
  --export A
  --from-bp 17011636
  --maf 0
  --max-alleles 2
  --memory 8000
  --out /project2/mstephens/wdenault/susie_mix/temp_plink/plink_PGLS
  --rm-dup exclude-all
  --snps-only
  --threads 2
  --to-bp 18011636

Start time: Tue Sep  1 12:29:42 2026
63727 MiB RAM detected, ~31080 available; reserving 8000 MiB for main
workspace.
Using up to 2 compute threads.
866 samples (0 females, 0 males, 866 ambiguous; 866 founders) loaded from
/project2/mstephens/gtex/GTEx_Analysis_2017-06-05_v8_WholeGenomeSeq_866Indiv.fam.
67234533 variants in
/project2/mstephens/gtex/GTEx_Analysis_2017-06-05_v8_WholeGenomeSeq_866Indiv.bim;
65987829 excluded by --chr + --max-alleles + --snps-only, 1246704 remaining.
Note: No phenotype data present.
Note: Skipping --rm-dup since no duplicate IDs are present.
21619 variants remaining after main filters.
--export A pass 1/1: loading... 0%writing... 0%1%2%3%4%5%6%7%8%9%10%11%12%13%14%15%16%17%18%19%20%21%22%23%24%25%26%27%28%29%30%31%32%33%34%35%36%37%38%39%40%41%42%43%44%45%46%47%48%49%50%51%52%53%54%55%56%57%58%59%60%61%62%63%64%65%66%67%68%69%70%71%72%73%74%75%76%77%78%79%80%81%82%83%84%85%86%87%88%89%90%91%92%93%94%95%96%97%98%99% done.
--export A: /project2/mstephens/wdenault/susie_mix/temp_plink/plink_PGLS.raw
written.
End time: Tue Sep  1 12:29:48 2026
18 SNP(s) removed because HWE P < 1e-08 :
 [1] "chr19_17119562_C_A_b38_C" "chr19_17206230_A_C_b38_A"
 [3] "chr19_17244365_A_C_b38_A" "chr19_17244371_A_C_b38_A"
 [5] "chr19_17358990_G_A_b38_G" "chr19_17370023_A_G_b38_A"
 [7] "chr19_17370678_T_C_b38_T" "chr19_17504800_T_C_b38_T"
 [9] "chr19_17504915_T_C_b38_T" "chr19_17583443_G_T_b38_G"
[11] "chr19_17666011_C_T_b38_C" "chr19_17666078_T_C_b38_T"
[13] "chr19_17847808_C_T_b38_C" "chr19_17847968_T_C_b38_T"
[15] "chr19_17901200_G_T_b38_G" "chr19_17908396_T_C_b38_T"
[17] "chr19_17924720_G_T_b38_G" "chr19_17928630_T_C_b38_T"

=====================================
Tissue: Adipose Tissue 
=====================================
[1] TRUE
Running SuSiE.

=====================================
Tissue: Adrenal Gland 
=====================================
[1] TRUE
Running SuSiE.

=====================================
Tissue: Blood 
=====================================
[1] TRUE
Running SuSiE.

=====================================
Tissue: Blood Vessel 
=====================================
[1] TRUE
Running SuSiE.

=====================================
Tissue: Brain 
=====================================
[1] TRUE
Running SuSiE.

=====================================
Tissue: Breast 
=====================================
[1] TRUE
Running SuSiE.

=====================================
Tissue: Colon 
=====================================
[1] TRUE
Running SuSiE.

=====================================
Tissue: Esophagus 
=====================================
[1] TRUE
Running SuSiE.

=====================================
Tissue: Heart 
=====================================
[1] TRUE
Running SuSiE.

=====================================
Tissue: Kidney 
=====================================
[1] TRUE
Running SuSiE.

=====================================
Tissue: Liver 
=====================================
[1] TRUE
Running SuSiE.

=====================================
Tissue: Lung 
=====================================
[1] TRUE
Running SuSiE.

=====================================
Tissue: Muscle 
=====================================
[1] TRUE
Running SuSiE.

=====================================
Tissue: Nerve 
=====================================
[1] TRUE
Running SuSiE.

=====================================
Tissue: Ovary 
=====================================
[1] TRUE
Running SuSiE.

=====================================
Tissue: Pancreas 
=====================================
[1] TRUE
Running SuSiE.

=====================================
Tissue: Pituitary 
=====================================
[1] TRUE
Running SuSiE.

=====================================
Tissue: Prostate 
=====================================
[1] TRUE
Running SuSiE.

=====================================
Tissue: Salivary Gland 
=====================================
[1] TRUE
Running SuSiE.

=====================================
Tissue: Skin 
=====================================
[1] TRUE
Running SuSiE.

=====================================
Tissue: Small Intestine 
=====================================
[1] TRUE
Running SuSiE.

=====================================
Tissue: Spleen 
=====================================
[1] TRUE
Running SuSiE.

=====================================
Tissue: Stomach 
=====================================
[1] TRUE
Running SuSiE.

=====================================
Tissue: Testis 
=====================================
[1] TRUE
Running SuSiE.

=====================================
Tissue: Thyroid 
=====================================
[1] TRUE
Running SuSiE.

=====================================
Tissue: Uterus 
=====================================
[1] TRUE
Running SuSiE.

=====================================
Tissue: Vagina 
=====================================
[1] TRUE
Running SuSiE.
[2026-09-01 12:32:17] starting PGLYRP1
Importing covariate data.
Importing gene expression data.
Found 27 tissues for gene PGLYRP1 :
 [1] "Adipose Tissue"  "Adrenal Gland"   "Blood"           "Blood Vessel"   
 [5] "Brain"           "Breast"          "Colon"           "Esophagus"      
 [9] "Heart"           "Kidney"          "Liver"           "Lung"           
[13] "Muscle"          "Nerve"           "Ovary"           "Pancreas"       
[17] "Pituitary"       "Prostate"        "Salivary Gland"  "Skin"           
[21] "Small Intestine" "Spleen"          "Stomach"         "Testis"         
[25] "Thyroid"         "Uterus"          "Vagina"         
Extracting genotype data from PLINK file.
PLINK v2.0.0-a.7LM 64-bit Intel (11 Mar 2026)       cog-genomics.org/plink/2.0/
(C) 2005-2026 Shaun Purcell, Christopher Chang    GNU General Public License v3
Logging to /project2/mstephens/wdenault/susie_mix/temp_plink/plink_PGLYRP1.log.
Options in effect:
  --bfile /project2/mstephens/gtex/GTEx_Analysis_2017-06-05_v8_WholeGenomeSeq_866Indiv
  --chr 19
  --export A
  --from-bp 45523053
  --maf 0
  --max-alleles 2
  --memory 8000
  --out /project2/mstephens/wdenault/susie_mix/temp_plink/plink_PGLYRP1
  --rm-dup exclude-all
  --snps-only
  --threads 2
  --to-bp 46523053

Start time: Tue Sep  1 12:33:15 2026
63727 MiB RAM detected, ~30138 available; reserving 8000 MiB for main
workspace.
Using up to 2 compute threads.
866 samples (0 females, 0 males, 866 ambiguous; 866 founders) loaded from
/project2/mstephens/gtex/GTEx_Analysis_2017-06-05_v8_WholeGenomeSeq_866Indiv.fam.
67234533 variants in
/project2/mstephens/gtex/GTEx_Analysis_2017-06-05_v8_WholeGenomeSeq_866Indiv.bim;
65987829 excluded by --chr + --max-alleles + --snps-only, 1246704 remaining.
Note: No phenotype data present.
Note: Skipping --rm-dup since no duplicate IDs are present.
20559 variants remaining after main filters.
--export A pass 1/1: loading... 0%74% writing... 0%1%2%3%4%5%6%7%8%9%10%11%12%13%14%15%16%17%18%19%20%21%22%23%24%25%26%27%28%29%30%31%32%33%34%35%36%37%38%39%40%41%42%43%44%45%46%47%48%49%50%51%52%53%54%55%56%57%58%59%60%61%62%63%64%65%66%67%68%69%70%71%72%73%74%75%76%77%78%79%80%81%82%83%84%85%86%87%88%89%90%91%92%93%94%95%96%97%98%99% done.
--export A: /project2/mstephens/wdenault/susie_mix/temp_plink/plink_PGLYRP1.raw
written.
End time: Tue Sep  1 12:33:21 2026
4 SNP(s) removed because HWE P < 1e-08 :
[1] "chr19_45606843_C_G_b38_C" "chr19_46258965_G_T_b38_G"
[3] "chr19_46259160_G_A_b38_G" "chr19_46261116_T_A_b38_T"

=====================================
Tissue: Adipose Tissue 
=====================================
[1] TRUE
Running SuSiE.

=====================================
Tissue: Adrenal Gland 
=====================================
[1] TRUE
Running SuSiE.

=====================================
Tissue: Blood 
=====================================
[1] TRUE
Running SuSiE.

=====================================
Tissue: Blood Vessel 
=====================================
[1] TRUE
Running SuSiE.

=====================================
Tissue: Brain 
=====================================
[1] TRUE
Running SuSiE.

=====================================
Tissue: Breast 
=====================================
[1] TRUE
Running SuSiE.

=====================================
Tissue: Colon 
=====================================
[1] TRUE
Running SuSiE.

=====================================
Tissue: Esophagus 
=====================================
[1] TRUE
Running SuSiE.

=====================================
Tissue: Heart 
=====================================
[1] TRUE
Running SuSiE.

=====================================
Tissue: Kidney 
=====================================
[1] TRUE
Running SuSiE.

=====================================
Tissue: Liver 
=====================================
[1] TRUE
Running SuSiE.

=====================================
Tissue: Lung 
=====================================
[1] TRUE
Running SuSiE.

=====================================
Tissue: Muscle 
=====================================
[1] TRUE
Running SuSiE.

=====================================
Tissue: Nerve 
=====================================
[1] TRUE
Running SuSiE.

=====================================
Tissue: Ovary 
=====================================
[1] TRUE
Running SuSiE.

=====================================
Tissue: Pancreas 
=====================================
[1] TRUE
Running SuSiE.

=====================================
Tissue: Pituitary 
=====================================
[1] TRUE
Running SuSiE.

=====================================
Tissue: Prostate 
=====================================
[1] TRUE
Running SuSiE.

=====================================
Tissue: Salivary Gland 
=====================================
[1] TRUE
Running SuSiE.

=====================================
Tissue: Skin 
=====================================
[1] TRUE
Running SuSiE.

=====================================
Tissue: Small Intestine 
=====================================
[1] TRUE
Running SuSiE.

=====================================
Tissue: Spleen 
=====================================
[1] TRUE
Running SuSiE.

=====================================
Tissue: Stomach 
=====================================
[1] TRUE
Running SuSiE.

=====================================
Tissue: Testis 
=====================================
[1] TRUE
Running SuSiE.

=====================================
Tissue: Thyroid 
=====================================
[1] TRUE
Running SuSiE.

=====================================
Tissue: Uterus 
=====================================
[1] TRUE
Running SuSiE.

=====================================
Tissue: Vagina 
=====================================
[1] TRUE
Running SuSiE.
[2026-09-01 12:35:34] starting PGLYRP2
Importing covariate data.
Importing gene expression data.
Found 27 tissues for gene PGLYRP2 :
 [1] "Adipose Tissue"  "Adrenal Gland"   "Blood"           "Blood Vessel"   
 [5] "Brain"           "Breast"          "Colon"           "Esophagus"      
 [9] "Heart"           "Kidney"          "Liver"           "Lung"           
[13] "Muscle"          "Nerve"           "Ovary"           "Pancreas"       
[17] "Pituitary"       "Prostate"        "Salivary Gland"  "Skin"           
[21] "Small Intestine" "Spleen"          "Stomach"         "Testis"         
[25] "Thyroid"         "Uterus"          "Vagina"         
Extracting genotype data from PLINK file.
PLINK v2.0.0-a.7LM 64-bit Intel (11 Mar 2026)       cog-genomics.org/plink/2.0/
(C) 2005-2026 Shaun Purcell, Christopher Chang    GNU General Public License v3
Logging to /project2/mstephens/wdenault/susie_mix/temp_plink/plink_PGLYRP2.log.
Options in effect:
  --bfile /project2/mstephens/gtex/GTEx_Analysis_2017-06-05_v8_WholeGenomeSeq_866Indiv
  --chr 19
  --export A
  --from-bp 14998956
  --maf 0
  --max-alleles 2
  --memory 8000
  --out /project2/mstephens/wdenault/susie_mix/temp_plink/plink_PGLYRP2
  --rm-dup exclude-all
  --snps-only
  --threads 2
  --to-bp 15998956

Start time: Tue Sep  1 12:36:31 2026
63727 MiB RAM detected, ~33837 available; reserving 8000 MiB for main
workspace.
Using up to 2 compute threads.
866 samples (0 females, 0 males, 866 ambiguous; 866 founders) loaded from
/project2/mstephens/gtex/GTEx_Analysis_2017-06-05_v8_WholeGenomeSeq_866Indiv.fam.
67234533 variants in
/project2/mstephens/gtex/GTEx_Analysis_2017-06-05_v8_WholeGenomeSeq_866Indiv.bim;
65987829 excluded by --chr + --max-alleles + --snps-only, 1246704 remaining.
Note: No phenotype data present.
Note: Skipping --rm-dup since no duplicate IDs are present.
22221 variants remaining after main filters.
--export A pass 1/1: loading... 0%writing... 0%1%2%3%4%5%6%7%8%9%10%11%12%13%14%15%16%17%18%19%20%21%22%23%24%25%26%27%28%29%30%31%32%33%34%35%36%37%38%39%40%41%42%43%44%45%46%47%48%49%50%51%52%53%54%55%56%57%58%59%60%61%62%63%64%65%66%67%68%69%70%71%72%73%74%75%76%77%78%79%80%81%82%83%84%85%86%87%88%89%90%91%92%93%94%95%96%97%98%99% done.
--export A: /project2/mstephens/wdenault/susie_mix/temp_plink/plink_PGLYRP2.raw
written.
End time: Tue Sep  1 12:36:37 2026
16 SNP(s) removed because HWE P < 1e-08 :
 [1] "chr19_15197454_G_C_b38_G" "chr19_15206262_G_A_b38_G"
 [3] "chr19_15211743_T_C_b38_T" "chr19_15213437_T_C_b38_T"
 [5] "chr19_15362861_C_A_b38_C" "chr19_15458781_C_G_b38_C"
 [7] "chr19_15777552_C_T_b38_C" "chr19_15777589_C_T_b38_C"
 [9] "chr19_15777590_C_G_b38_C" "chr19_15777727_C_A_b38_C"
[11] "chr19_15777733_A_G_b38_A" "chr19_15904534_A_G_b38_A"
[13] "chr19_15904541_A_G_b38_A" "chr19_15904559_C_T_b38_C"
[15] "chr19_15904562_A_G_b38_A" "chr19_15907677_G_A_b38_G"

=====================================
Tissue: Adipose Tissue 
=====================================
[1] TRUE
Running SuSiE.

=====================================
Tissue: Adrenal Gland 
=====================================
[1] TRUE
Running SuSiE.

=====================================
Tissue: Blood 
=====================================
[1] TRUE
Running SuSiE.

=====================================
Tissue: Blood Vessel 
=====================================
[1] TRUE
Running SuSiE.

=====================================
Tissue: Brain 
=====================================
[1] TRUE
Running SuSiE.

=====================================
Tissue: Breast 
=====================================
[1] TRUE
Running SuSiE.

=====================================
Tissue: Colon 
=====================================
[1] TRUE
Running SuSiE.

=====================================
Tissue: Esophagus 
=====================================
[1] TRUE
Running SuSiE.

=====================================
Tissue: Heart 
=====================================
[1] TRUE
Running SuSiE.

=====================================
Tissue: Kidney 
=====================================
[1] TRUE
Running SuSiE.

=====================================
Tissue: Liver 
=====================================
[1] TRUE
Running SuSiE.

=====================================
Tissue: Lung 
=====================================
[1] TRUE
Running SuSiE.

=====================================
Tissue: Muscle 
=====================================
[1] TRUE
Running SuSiE.

=====================================
Tissue: Nerve 
=====================================
[1] TRUE
Running SuSiE.

=====================================
Tissue: Ovary 
=====================================
[1] TRUE
Running SuSiE.

=====================================
Tissue: Pancreas 
=====================================
[1] TRUE
Running SuSiE.

=====================================
Tissue: Pituitary 
=====================================
[1] TRUE
Running SuSiE.

=====================================
Tissue: Prostate 
=====================================
[1] TRUE
Running SuSiE.

=====================================
Tissue: Salivary Gland 
=====================================
[1] TRUE
Running SuSiE.

=====================================
Tissue: Skin 
=====================================
[1] TRUE
Running SuSiE.

=====================================
Tissue: Small Intestine 
=====================================
[1] TRUE
Running SuSiE.

=====================================
Tissue: Spleen 
=====================================
[1] TRUE
Running SuSiE.

=====================================
Tissue: Stomach 
=====================================
[1] TRUE
Running SuSiE.

=====================================
Tissue: Testis 
=====================================
[1] TRUE
Running SuSiE.

=====================================
Tissue: Thyroid 
=====================================
[1] TRUE
Running SuSiE.

=====================================
Tissue: Uterus 
=====================================
[1] TRUE
Running SuSiE.

=====================================
Tissue: Vagina 
=====================================
[1] TRUE
Running SuSiE.
[2026-09-01 12:39:55] starting PGLYRP3
Importing covariate data.
Importing gene expression data.
Found 27 tissues for gene PGLYRP3 :
 [1] "Adipose Tissue"  "Adrenal Gland"   "Blood"           "Blood Vessel"   
 [5] "Brain"           "Breast"          "Colon"           "Esophagus"      
 [9] "Heart"           "Kidney"          "Liver"           "Lung"           
[13] "Muscle"          "Nerve"           "Ovary"           "Pancreas"       
[17] "Pituitary"       "Prostate"        "Salivary Gland"  "Skin"           
[21] "Small Intestine" "Spleen"          "Stomach"         "Testis"         
[25] "Thyroid"         "Uterus"          "Vagina"         
Extracting genotype data from PLINK file.
PLINK v2.0.0-a.7LM 64-bit Intel (11 Mar 2026)       cog-genomics.org/plink/2.0/
(C) 2005-2026 Shaun Purcell, Christopher Chang    GNU General Public License v3
Logging to /project2/mstephens/wdenault/susie_mix/temp_plink/plink_PGLYRP3.log.
Options in effect:
  --bfile /project2/mstephens/gtex/GTEx_Analysis_2017-06-05_v8_WholeGenomeSeq_866Indiv
  --chr 1
  --export A
  --from-bp 152810718
  --maf 0
  --max-alleles 2
  --memory 8000
  --out /project2/mstephens/wdenault/susie_mix/temp_plink/plink_PGLYRP3
  --rm-dup exclude-all
  --snps-only
  --threads 2
  --to-bp 153810718

Start time: Tue Sep  1 12:40:54 2026
63727 MiB RAM detected, ~33843 available; reserving 8000 MiB for main
workspace.
Using up to 2 compute threads.
866 samples (0 females, 0 males, 866 ambiguous; 866 founders) loaded from
/project2/mstephens/gtex/GTEx_Analysis_2017-06-05_v8_WholeGenomeSeq_866Indiv.fam.
67234533 variants in
/project2/mstephens/gtex/GTEx_Analysis_2017-06-05_v8_WholeGenomeSeq_866Indiv.bim;
62424502 excluded by --chr + --max-alleles + --snps-only, 4810031 remaining.
Note: No phenotype data present.
Note: Skipping --rm-dup since no duplicate IDs are present.
20279 variants remaining after main filters.
--export A pass 1/1: loading... 0%22% writing... 0%1%2%3%4%5%6%7%8%9%10%11%12%13%14%15%16%17%18%19%20%21%22%23%24%25%26%27%28%29%30%31%32%33%34%35%36%37%38%39%40%41%42%43%44%45%46%47%48%49%50%51%52%53%54%55%56%57%58%59%60%61%62%63%64%65%66%67%68%69%70%71%72%73%74%75%76%77%78%79%80%81%82%83%84%85%86%87%88%89%90%91%92%93%94%95%96%97%98%99% done.
--export A: /project2/mstephens/wdenault/susie_mix/temp_plink/plink_PGLYRP3.raw
written.
End time: Tue Sep  1 12:40:59 2026
49 SNP(s) removed because HWE P < 1e-08 :
 [1] "chr1_152815685_A_C_b38_A" "chr1_152816652_G_A_b38_G"
 [3] "chr1_152820729_A_G_b38_A" "chr1_152823495_T_C_b38_T"
 [5] "chr1_152823776_G_T_b38_G" "chr1_152836985_T_C_b38_T"
 [7] "chr1_152837389_A_C_b38_A" "chr1_152844089_A_G_b38_A"
 [9] "chr1_152844577_A_G_b38_A" "chr1_152845832_A_G_b38_A"
[11] "chr1_152848116_G_A_b38_G" "chr1_152849091_A_T_b38_A"
[13] "chr1_152850904_A_C_b38_A" "chr1_152859828_T_G_b38_T"
[15] "chr1_152863533_G_A_b38_G" "chr1_152869824_G_A_b38_G"
[17] "chr1_152870454_G_C_b38_G" "chr1_152871666_G_A_b38_G"
[19] "chr1_152874075_T_G_b38_T" "chr1_152874247_A_G_b38_A"
[21] "chr1_152875416_T_C_b38_T" "chr1_152876363_G_A_b38_G"
[23] "chr1_152876823_A_G_b38_A" "chr1_152907036_G_T_b38_G"
[25] "chr1_152908196_T_C_b38_T" "chr1_152909213_A_G_b38_A"
[27] "chr1_152909270_C_G_b38_C" "chr1_152909326_G_A_b38_G"
[29] "chr1_152909659_A_G_b38_A" "chr1_152910134_A_G_b38_A"
[31] "chr1_152911132_G_A_b38_G" "chr1_152911204_A_G_b38_A"
[33] "chr1_152911235_G_C_b38_G" "chr1_152911635_G_A_b38_G"
[35] "chr1_152911770_G_T_b38_G" "chr1_152911771_A_G_b38_A"
[37] "chr1_152968897_G_A_b38_G" "chr1_152969361_T_C_b38_T"
[39] "chr1_153093786_T_C_b38_T" "chr1_153094169_A_G_b38_A"
[41] "chr1_153405907_T_C_b38_T" "chr1_153441959_C_T_b38_C"
[43] "chr1_153542644_T_C_b38_T" "chr1_153567710_C_A_b38_C"
[45] "chr1_153567844_C_T_b38_C" "chr1_153605829_G_A_b38_G"
[47] "chr1_153609591_A_G_b38_A" "chr1_153611147_A_C_b38_A"
[49] "chr1_153697837_C_T_b38_C"

=====================================
Tissue: Adipose Tissue 
=====================================
[1] TRUE
Running SuSiE.

=====================================
Tissue: Adrenal Gland 
=====================================
[1] TRUE
Running SuSiE.

=====================================
Tissue: Blood 
=====================================
[1] TRUE
Running SuSiE.

=====================================
Tissue: Blood Vessel 
=====================================
[1] TRUE
Running SuSiE.

=====================================
Tissue: Brain 
=====================================
[1] TRUE
Running SuSiE.

=====================================
Tissue: Breast 
=====================================
[1] TRUE
Running SuSiE.

=====================================
Tissue: Colon 
=====================================
[1] TRUE
Running SuSiE.

=====================================
Tissue: Esophagus 
=====================================
[1] TRUE
Running SuSiE.

=====================================
Tissue: Heart 
=====================================
[1] TRUE
Running SuSiE.

=====================================
Tissue: Kidney 
=====================================
[1] TRUE
Running SuSiE.

=====================================
Tissue: Liver 
=====================================
[1] TRUE
Running SuSiE.

=====================================
Tissue: Lung 
=====================================
[1] TRUE
Running SuSiE.

=====================================
Tissue: Muscle 
=====================================
[1] TRUE
Running SuSiE.

=====================================
Tissue: Nerve 
=====================================
[1] TRUE
Running SuSiE.

=====================================
Tissue: Ovary 
=====================================
[1] TRUE
Running SuSiE.

=====================================
Tissue: Pancreas 
=====================================
[1] TRUE
Running SuSiE.

=====================================
Tissue: Pituitary 
=====================================
[1] TRUE
Running SuSiE.

=====================================
Tissue: Prostate 
=====================================
[1] TRUE
Running SuSiE.

=====================================
Tissue: Salivary Gland 
=====================================
[1] TRUE
Running SuSiE.

=====================================
Tissue: Skin 
=====================================
[1] TRUE
Running SuSiE.

=====================================
Tissue: Small Intestine 
=====================================
[1] TRUE
Running SuSiE.

=====================================
Tissue: Spleen 
=====================================
[1] TRUE
Running SuSiE.

=====================================
Tissue: Stomach 
=====================================
[1] TRUE
Running SuSiE.

=====================================
Tissue: Testis 
=====================================
[1] TRUE
Running SuSiE.

=====================================
Tissue: Thyroid 
=====================================
[1] TRUE
Running SuSiE.

=====================================
Tissue: Uterus 
=====================================
[1] TRUE
Running SuSiE.

=====================================
Tissue: Vagina 
=====================================
[1] TRUE
Running SuSiE.
[2026-09-01 12:42:49] starting PGLYRP4
Importing covariate data.
Importing gene expression data.
Found 27 tissues for gene PGLYRP4 :
 [1] "Adipose Tissue"  "Adrenal Gland"   "Blood"           "Blood Vessel"   
 [5] "Brain"           "Breast"          "Colon"           "Esophagus"      
 [9] "Heart"           "Kidney"          "Liver"           "Lung"           
[13] "Muscle"          "Nerve"           "Ovary"           "Pancreas"       
[17] "Pituitary"       "Prostate"        "Salivary Gland"  "Skin"           
[21] "Small Intestine" "Spleen"          "Stomach"         "Testis"         
[25] "Thyroid"         "Uterus"          "Vagina"         
Extracting genotype data from PLINK file.
PLINK v2.0.0-a.7LM 64-bit Intel (11 Mar 2026)       cog-genomics.org/plink/2.0/
(C) 2005-2026 Shaun Purcell, Christopher Chang    GNU General Public License v3
Logging to /project2/mstephens/wdenault/susie_mix/temp_plink/plink_PGLYRP4.log.
Options in effect:
  --bfile /project2/mstephens/gtex/GTEx_Analysis_2017-06-05_v8_WholeGenomeSeq_866Indiv
  --chr 1
  --export A
  --from-bp 152848841
  --maf 0
  --max-alleles 2
  --memory 8000
  --out /project2/mstephens/wdenault/susie_mix/temp_plink/plink_PGLYRP4
  --rm-dup exclude-all
  --snps-only
  --threads 2
  --to-bp 153848841

Start time: Tue Sep  1 12:43:48 2026
63727 MiB RAM detected, ~34830 available; reserving 8000 MiB for main
workspace.
Using up to 2 compute threads.
866 samples (0 females, 0 males, 866 ambiguous; 866 founders) loaded from
/project2/mstephens/gtex/GTEx_Analysis_2017-06-05_v8_WholeGenomeSeq_866Indiv.fam.
67234533 variants in
/project2/mstephens/gtex/GTEx_Analysis_2017-06-05_v8_WholeGenomeSeq_866Indiv.bim;
62424502 excluded by --chr + --max-alleles + --snps-only, 4810031 remaining.
Note: No phenotype data present.
Note: Skipping --rm-dup since no duplicate IDs are present.
20101 variants remaining after main filters.
--export A pass 1/1: loading... 0%17% writing... 0%1%2%3%4%5%6%7%8%9%10%11%12%13%14%15%16%17%18%19%20%21%22%23%24%25%26%27%28%29%30%31%32%33%34%35%36%37%38%39%40%41%42%43%44%45%46%47%48%49%50%51%52%53%54%55%56%57%58%59%60%61%62%63%64%65%66%67%68%69%70%71%72%73%74%75%76%77%78%79%80%81%82%83%84%85%86%87%88%89%90%91%92%93%94%95%96%97%98%99% done.
--export A: /project2/mstephens/wdenault/susie_mix/temp_plink/plink_PGLYRP4.raw
written.
End time: Tue Sep  1 12:43:53 2026
38 SNP(s) removed because HWE P < 1e-08 :
 [1] "chr1_152849091_A_T_b38_A" "chr1_152850904_A_C_b38_A"
 [3] "chr1_152859828_T_G_b38_T" "chr1_152863533_G_A_b38_G"
 [5] "chr1_152869824_G_A_b38_G" "chr1_152870454_G_C_b38_G"
 [7] "chr1_152871666_G_A_b38_G" "chr1_152874075_T_G_b38_T"
 [9] "chr1_152874247_A_G_b38_A" "chr1_152875416_T_C_b38_T"
[11] "chr1_152876363_G_A_b38_G" "chr1_152876823_A_G_b38_A"
[13] "chr1_152907036_G_T_b38_G" "chr1_152908196_T_C_b38_T"
[15] "chr1_152909213_A_G_b38_A" "chr1_152909270_C_G_b38_C"
[17] "chr1_152909326_G_A_b38_G" "chr1_152909659_A_G_b38_A"
[19] "chr1_152910134_A_G_b38_A" "chr1_152911132_G_A_b38_G"
[21] "chr1_152911204_A_G_b38_A" "chr1_152911235_G_C_b38_G"
[23] "chr1_152911635_G_A_b38_G" "chr1_152911770_G_T_b38_G"
[25] "chr1_152911771_A_G_b38_A" "chr1_152968897_G_A_b38_G"
[27] "chr1_152969361_T_C_b38_T" "chr1_153093786_T_C_b38_T"
[29] "chr1_153094169_A_G_b38_A" "chr1_153405907_T_C_b38_T"
[31] "chr1_153441959_C_T_b38_C" "chr1_153542644_T_C_b38_T"
[33] "chr1_153567710_C_A_b38_C" "chr1_153567844_C_T_b38_C"
[35] "chr1_153605829_G_A_b38_G" "chr1_153609591_A_G_b38_A"
[37] "chr1_153611147_A_C_b38_A" "chr1_153697837_C_T_b38_C"

=====================================
Tissue: Adipose Tissue 
=====================================
[1] TRUE
Running SuSiE.

=====================================
Tissue: Adrenal Gland 
=====================================
[1] TRUE
Running SuSiE.

=====================================
Tissue: Blood 
=====================================
[1] TRUE
Running SuSiE.

=====================================
Tissue: Blood Vessel 
=====================================
[1] TRUE
Running SuSiE.

=====================================
Tissue: Brain 
=====================================
[1] TRUE
Running SuSiE.

=====================================
Tissue: Breast 
=====================================
[1] TRUE
Running SuSiE.

=====================================
Tissue: Colon 
=====================================
[1] TRUE
Running SuSiE.

=====================================
Tissue: Esophagus 
=====================================
[1] TRUE
Running SuSiE.

=====================================
Tissue: Heart 
=====================================
[1] TRUE
Running SuSiE.

=====================================
Tissue: Kidney 
=====================================
[1] TRUE
Running SuSiE.

=====================================
Tissue: Liver 
=====================================
[1] TRUE
Running SuSiE.

=====================================
Tissue: Lung 
=====================================
[1] TRUE
Running SuSiE.

=====================================
Tissue: Muscle 
=====================================
[1] TRUE
Running SuSiE.

=====================================
Tissue: Nerve 
=====================================
[1] TRUE
Running SuSiE.

=====================================
Tissue: Ovary 
=====================================
[1] TRUE
Running SuSiE.

=====================================
Tissue: Pancreas 
=====================================
[1] TRUE
Running SuSiE.

=====================================
Tissue: Pituitary 
=====================================
[1] TRUE
Running SuSiE.

=====================================
Tissue: Prostate 
=====================================
[1] TRUE
Running SuSiE.

=====================================
Tissue: Salivary Gland 
=====================================
[1] TRUE
Running SuSiE.

=====================================
Tissue: Skin 
=====================================
[1] TRUE
Running SuSiE.

=====================================
Tissue: Small Intestine 
=====================================
[1] TRUE
Running SuSiE.

=====================================
Tissue: Spleen 
=====================================
[1] TRUE
Running SuSiE.

=====================================
Tissue: Stomach 
=====================================
[1] TRUE
Running SuSiE.

=====================================
Tissue: Testis 
=====================================
[1] TRUE
Running SuSiE.

=====================================
Tissue: Thyroid 
=====================================
[1] TRUE
Running SuSiE.

=====================================
Tissue: Uterus 
=====================================
[1] TRUE
Running SuSiE.

=====================================
Tissue: Vagina 
=====================================
[1] TRUE
Running SuSiE.
[2026-09-01 12:45:43] starting PGM1
Importing covariate data.
Importing gene expression data.
Found 27 tissues for gene PGM1 :
 [1] "Adipose Tissue"  "Adrenal Gland"   "Blood"           "Blood Vessel"   
 [5] "Brain"           "Breast"          "Colon"           "Esophagus"      
 [9] "Heart"           "Kidney"          "Liver"           "Lung"           
[13] "Muscle"          "Nerve"           "Ovary"           "Pancreas"       
[17] "Pituitary"       "Prostate"        "Salivary Gland"  "Skin"           
[21] "Small Intestine" "Spleen"          "Stomach"         "Testis"         
[25] "Thyroid"         "Uterus"          "Vagina"         
Extracting genotype data from PLINK file.
PLINK v2.0.0-a.7LM 64-bit Intel (11 Mar 2026)       cog-genomics.org/plink/2.0/
(C) 2005-2026 Shaun Purcell, Christopher Chang    GNU General Public License v3
Logging to /project2/mstephens/wdenault/susie_mix/temp_plink/plink_PGM1.log.
Options in effect:
  --bfile /project2/mstephens/gtex/GTEx_Analysis_2017-06-05_v8_WholeGenomeSeq_866Indiv
  --chr 1
  --export A
  --from-bp 63093411
  --maf 0
  --max-alleles 2
  --memory 8000
  --out /project2/mstephens/wdenault/susie_mix/temp_plink/plink_PGM1
  --rm-dup exclude-all
  --snps-only
  --threads 2
  --to-bp 64093411

Start time: Tue Sep  1 12:46:40 2026
63727 MiB RAM detected, ~31068 available; reserving 8000 MiB for main
workspace.
Using up to 2 compute threads.
866 samples (0 females, 0 males, 866 ambiguous; 866 founders) loaded from
/project2/mstephens/gtex/GTEx_Analysis_2017-06-05_v8_WholeGenomeSeq_866Indiv.fam.
67234533 variants in
/project2/mstephens/gtex/GTEx_Analysis_2017-06-05_v8_WholeGenomeSeq_866Indiv.bim;
62424502 excluded by --chr + --max-alleles + --snps-only, 4810031 remaining.
Note: No phenotype data present.
Note: Skipping --rm-dup since no duplicate IDs are present.
17045 variants remaining after main filters.
--export A pass 1/1: loading... 0%writing... 0%1%2%3%4%5%6%7%8%9%10%11%12%13%14%15%16%17%18%19%20%21%22%23%24%25%26%27%28%29%30%31%32%33%34%35%36%37%38%39%40%41%42%43%44%45%46%47%48%49%50%51%52%53%54%55%56%57%58%59%60%61%62%63%64%65%66%67%68%69%70%71%72%73%74%75%76%77%78%79%80%81%82%83%84%85%86%87%88%89%90%91%92%93%94%95%96%97%98%99% done.
--export A: /project2/mstephens/wdenault/susie_mix/temp_plink/plink_PGM1.raw
written.
End time: Tue Sep  1 12:46:46 2026
33 SNP(s) removed because HWE P < 1e-08 :
 [1] "chr1_63474722_C_T_b38_C" "chr1_63807920_A_G_b38_A"
 [3] "chr1_63808685_G_T_b38_G" "chr1_63810427_T_G_b38_T"
 [5] "chr1_63811364_A_G_b38_A" "chr1_63812092_T_C_b38_T"
 [7] "chr1_63812337_T_C_b38_T" "chr1_63812495_G_T_b38_G"
 [9] "chr1_63815108_A_G_b38_A" "chr1_63818040_A_C_b38_A"
[11] "chr1_63837737_G_A_b38_G" "chr1_63838503_A_G_b38_A"
[13] "chr1_63839769_A_G_b38_A" "chr1_63841803_G_A_b38_G"
[15] "chr1_63844779_T_C_b38_T" "chr1_63845042_T_A_b38_T"
[17] "chr1_63845061_C_T_b38_C" "chr1_63848025_C_T_b38_C"
[19] "chr1_63848770_C_T_b38_C" "chr1_63849524_C_T_b38_C"
[21] "chr1_63850487_A_G_b38_A" "chr1_63851073_G_T_b38_G"
[23] "chr1_63851509_G_T_b38_G" "chr1_63851620_T_A_b38_T"
[25] "chr1_63852664_G_A_b38_G" "chr1_63862298_A_G_b38_A"
[27] "chr1_63866694_G_C_b38_G" "chr1_63868136_G_T_b38_G"
[29] "chr1_63878348_C_G_b38_C" "chr1_63879111_G_C_b38_G"
[31] "chr1_63879893_T_G_b38_T" "chr1_63880690_C_T_b38_C"
[33] "chr1_63891761_G_A_b38_G"

=====================================
Tissue: Adipose Tissue 
=====================================
[1] TRUE
Running SuSiE.

=====================================
Tissue: Adrenal Gland 
=====================================
[1] TRUE
Running SuSiE.

=====================================
Tissue: Blood 
=====================================
[1] TRUE
Running SuSiE.

=====================================
Tissue: Blood Vessel 
=====================================
[1] TRUE
Running SuSiE.

=====================================
Tissue: Brain 
=====================================
[1] TRUE
Running SuSiE.

=====================================
Tissue: Breast 
=====================================
[1] TRUE
Running SuSiE.

=====================================
Tissue: Colon 
=====================================
[1] TRUE
Running SuSiE.

=====================================
Tissue: Esophagus 
=====================================
[1] TRUE
Running SuSiE.

=====================================
Tissue: Heart 
=====================================
[1] TRUE
Running SuSiE.

=====================================
Tissue: Kidney 
=====================================
[1] TRUE
Running SuSiE.

=====================================
Tissue: Liver 
=====================================
[1] TRUE
Running SuSiE.

=====================================
Tissue: Lung 
=====================================
[1] TRUE
Running SuSiE.

=====================================
Tissue: Muscle 
=====================================
[1] TRUE
Running SuSiE.

=====================================
Tissue: Nerve 
=====================================
[1] TRUE
Running SuSiE.

=====================================
Tissue: Ovary 
=====================================
[1] TRUE
Running SuSiE.

=====================================
Tissue: Pancreas 
=====================================
[1] TRUE
Running SuSiE.

=====================================
Tissue: Pituitary 
=====================================
[1] TRUE
Running SuSiE.

=====================================
Tissue: Prostate 
=====================================
[1] TRUE
Running SuSiE.

=====================================
Tissue: Salivary Gland 
=====================================
[1] TRUE
Running SuSiE.

=====================================
Tissue: Skin 
=====================================
[1] TRUE
Running SuSiE.

=====================================
Tissue: Small Intestine 
=====================================
[1] TRUE
Running SuSiE.

=====================================
Tissue: Spleen 
=====================================
[1] TRUE
Running SuSiE.

=====================================
Tissue: Stomach 
=====================================
[1] TRUE
Running SuSiE.

=====================================
Tissue: Testis 
=====================================
[1] TRUE
Running SuSiE.

=====================================
Tissue: Thyroid 
=====================================
[1] TRUE
Running SuSiE.

=====================================
Tissue: Uterus 
=====================================
[1] TRUE
Running SuSiE.

=====================================
Tissue: Vagina 
=====================================
[1] TRUE
Running SuSiE.
[2026-09-01 12:48:41] starting PGM2
Importing covariate data.
Importing gene expression data.
Found 27 tissues for gene PGM2 :
 [1] "Adipose Tissue"  "Adrenal Gland"   "Blood"           "Blood Vessel"   
 [5] "Brain"           "Breast"          "Colon"           "Esophagus"      
 [9] "Heart"           "Kidney"          "Liver"           "Lung"           
[13] "Muscle"          "Nerve"           "Ovary"           "Pancreas"       
[17] "Pituitary"       "Prostate"        "Salivary Gland"  "Skin"           
[21] "Small Intestine" "Spleen"          "Stomach"         "Testis"         
[25] "Thyroid"         "Uterus"          "Vagina"         
Extracting genotype data from PLINK file.
PLINK v2.0.0-a.7LM 64-bit Intel (11 Mar 2026)       cog-genomics.org/plink/2.0/
(C) 2005-2026 Shaun Purcell, Christopher Chang    GNU General Public License v3
Logging to /project2/mstephens/wdenault/susie_mix/temp_plink/plink_PGM2.log.
Options in effect:
  --bfile /project2/mstephens/gtex/GTEx_Analysis_2017-06-05_v8_WholeGenomeSeq_866Indiv
  --chr 4
  --export A
  --from-bp 37326660
  --maf 0
  --max-alleles 2
  --memory 8000
  --out /project2/mstephens/wdenault/susie_mix/temp_plink/plink_PGM2
  --rm-dup exclude-all
  --snps-only
  --threads 2
  --to-bp 38326660

Start time: Tue Sep  1 12:49:37 2026
63727 MiB RAM detected, ~30099 available; reserving 8000 MiB for main
workspace.
Using up to 2 compute threads.
866 samples (0 females, 0 males, 866 ambiguous; 866 founders) loaded from
/project2/mstephens/gtex/GTEx_Analysis_2017-06-05_v8_WholeGenomeSeq_866Indiv.fam.
67234533 variants in
/project2/mstephens/gtex/GTEx_Analysis_2017-06-05_v8_WholeGenomeSeq_866Indiv.bim;
63536433 excluded by --chr + --max-alleles + --snps-only, 3698100 remaining.
Note: No phenotype data present.
Note: Skipping --rm-dup since no duplicate IDs are present.
19173 variants remaining after main filters.
--export A pass 1/1: loading... 0%93% writing... 0%1%2%3%4%5%6%7%8%9%10%11%12%13%14%15%16%17%18%19%20%21%22%23%24%25%26%27%28%29%30%31%32%33%34%35%36%37%38%39%40%41%42%43%44%45%46%47%48%49%50%51%52%53%54%55%56%57%58%59%60%61%62%63%64%65%66%67%68%69%70%71%72%73%74%75%76%77%78%79%80%81%82%83%84%85%86%87%88%89%90%91%92%93%94%95%96%97%98%99% done.
--export A: /project2/mstephens/wdenault/susie_mix/temp_plink/plink_PGM2.raw
written.
End time: Tue Sep  1 12:49:43 2026
63 SNP(s) removed because HWE P < 1e-08 :
 [1] "chr4_37433237_C_A_b38_C" "chr4_37575267_G_C_b38_G"
 [3] "chr4_37575988_G_A_b38_G" "chr4_37576514_C_A_b38_C"
 [5] "chr4_37576530_G_C_b38_G" "chr4_37576951_G_A_b38_G"
 [7] "chr4_37577742_T_G_b38_T" "chr4_37577785_T_C_b38_T"
 [9] "chr4_37577852_A_G_b38_A" "chr4_37578020_T_C_b38_T"
[11] "chr4_37578101_C_A_b38_C" "chr4_37578238_C_T_b38_C"
[13] "chr4_37578352_C_T_b38_C" "chr4_37578373_C_T_b38_C"
[15] "chr4_37578649_C_T_b38_C" "chr4_37578706_C_G_b38_C"
[17] "chr4_37578855_G_C_b38_G" "chr4_37578914_G_C_b38_G"
[19] "chr4_37579012_T_C_b38_T" "chr4_37579014_C_T_b38_C"
[21] "chr4_37579163_T_C_b38_T" "chr4_37580805_G_A_b38_G"
[23] "chr4_37581004_T_C_b38_T" "chr4_37581281_T_C_b38_T"
[25] "chr4_37581393_T_C_b38_T" "chr4_37581654_C_T_b38_C"
[27] "chr4_37581775_G_C_b38_G" "chr4_37582434_C_T_b38_C"
[29] "chr4_37582513_C_T_b38_C" "chr4_37582777_G_A_b38_G"
[31] "chr4_37582789_C_T_b38_C" "chr4_37582794_G_A_b38_G"
[33] "chr4_37583611_T_G_b38_T" "chr4_37583955_C_A_b38_C"
[35] "chr4_37584735_G_A_b38_G" "chr4_37663095_C_T_b38_C"
[37] "chr4_37663861_C_A_b38_C" "chr4_37668838_C_G_b38_C"
[39] "chr4_37671253_C_G_b38_C" "chr4_37672619_T_C_b38_T"
[41] "chr4_38149967_G_C_b38_G" "chr4_38243464_C_T_b38_C"
[43] "chr4_38243794_T_C_b38_T" "chr4_38245418_C_T_b38_C"
[45] "chr4_38245633_G_A_b38_G" "chr4_38247404_G_C_b38_G"
[47] "chr4_38247764_G_T_b38_G" "chr4_38249598_T_C_b38_T"
[49] "chr4_38250500_G_C_b38_G" "chr4_38251667_T_C_b38_T"
[51] "chr4_38252561_T_C_b38_T" "chr4_38253056_T_C_b38_T"
[53] "chr4_38256707_A_G_b38_A" "chr4_38258566_T_C_b38_T"
[55] "chr4_38258830_A_G_b38_A" "chr4_38259435_G_A_b38_G"
[57] "chr4_38259939_C_T_b38_C" "chr4_38262138_A_G_b38_A"
[59] "chr4_38262272_T_C_b38_T" "chr4_38263885_G_A_b38_G"
[61] "chr4_38266102_G_A_b38_G" "chr4_38266307_T_G_b38_T"
[63] "chr4_38266848_C_T_b38_C"

=====================================
Tissue: Adipose Tissue 
=====================================
[1] TRUE
Running SuSiE.

=====================================
Tissue: Adrenal Gland 
=====================================
[1] TRUE
Running SuSiE.

=====================================
Tissue: Blood 
=====================================
[1] TRUE
Running SuSiE.

=====================================
Tissue: Blood Vessel 
=====================================
[1] TRUE
Running SuSiE.

=====================================
Tissue: Brain 
=====================================
[1] TRUE
Running SuSiE.

=====================================
Tissue: Breast 
=====================================
[1] TRUE
Running SuSiE.

=====================================
Tissue: Colon 
=====================================
[1] TRUE
Running SuSiE.

=====================================
Tissue: Esophagus 
=====================================
[1] TRUE
Running SuSiE.

=====================================
Tissue: Heart 
=====================================
[1] TRUE
Running SuSiE.

=====================================
Tissue: Kidney 
=====================================
[1] TRUE
Running SuSiE.

=====================================
Tissue: Liver 
=====================================
[1] TRUE
Running SuSiE.

=====================================
Tissue: Lung 
=====================================
[1] TRUE
Running SuSiE.

=====================================
Tissue: Muscle 
=====================================
[1] TRUE
Running SuSiE.

=====================================
Tissue: Nerve 
=====================================
[1] TRUE
Running SuSiE.

=====================================
Tissue: Ovary 
=====================================
[1] TRUE
Running SuSiE.

=====================================
Tissue: Pancreas 
=====================================
[1] TRUE
Running SuSiE.

=====================================
Tissue: Pituitary 
=====================================
[1] TRUE
Running SuSiE.

=====================================
Tissue: Prostate 
=====================================
[1] TRUE
Running SuSiE.

=====================================
Tissue: Salivary Gland 
=====================================
[1] TRUE
Running SuSiE.

=====================================
Tissue: Skin 
=====================================
[1] TRUE
Running SuSiE.

=====================================
Tissue: Small Intestine 
=====================================
[1] TRUE
Running SuSiE.

=====================================
Tissue: Spleen 
=====================================
[1] TRUE
Running SuSiE.

=====================================
Tissue: Stomach 
=====================================
[1] TRUE
Running SuSiE.

=====================================
Tissue: Testis 
=====================================
[1] TRUE
Running SuSiE.

=====================================
Tissue: Thyroid 
=====================================
[1] TRUE
Running SuSiE.

=====================================
Tissue: Uterus 
=====================================
[1] TRUE
Running SuSiE.

=====================================
Tissue: Vagina 
=====================================
[1] TRUE
Running SuSiE.
[2026-09-01 12:52:25] starting PGM2L1
Importing covariate data.
Importing gene expression data.
Found 27 tissues for gene PGM2L1 :
 [1] "Adipose Tissue"  "Adrenal Gland"   "Blood"           "Blood Vessel"   
 [5] "Brain"           "Breast"          "Colon"           "Esophagus"      
 [9] "Heart"           "Kidney"          "Liver"           "Lung"           
[13] "Muscle"          "Nerve"           "Ovary"           "Pancreas"       
[17] "Pituitary"       "Prostate"        "Salivary Gland"  "Skin"           
[21] "Small Intestine" "Spleen"          "Stomach"         "Testis"         
[25] "Thyroid"         "Uterus"          "Vagina"         
Extracting genotype data from PLINK file.
PLINK v2.0.0-a.7LM 64-bit Intel (11 Mar 2026)       cog-genomics.org/plink/2.0/
(C) 2005-2026 Shaun Purcell, Christopher Chang    GNU General Public License v3
Logging to /project2/mstephens/wdenault/susie_mix/temp_plink/plink_PGM2L1.log.
Options in effect:
  --bfile /project2/mstephens/gtex/GTEx_Analysis_2017-06-05_v8_WholeGenomeSeq_866Indiv
  --chr 11
  --export A
  --from-bp 73898433
  --maf 0
  --max-alleles 2
  --memory 8000
  --out /project2/mstephens/wdenault/susie_mix/temp_plink/plink_PGM2L1
  --rm-dup exclude-all
  --snps-only
  --threads 2
  --to-bp 74898433

Start time: Tue Sep  1 12:53:23 2026
63727 MiB RAM detected, ~30303 available; reserving 8000 MiB for main
workspace.
Using up to 2 compute threads.
866 samples (0 females, 0 males, 866 ambiguous; 866 founders) loaded from
/project2/mstephens/gtex/GTEx_Analysis_2017-06-05_v8_WholeGenomeSeq_866Indiv.fam.
67234533 variants in
/project2/mstephens/gtex/GTEx_Analysis_2017-06-05_v8_WholeGenomeSeq_866Indiv.bim;
64515227 excluded by --chr + --max-alleles + --snps-only, 2719306 remaining.
Note: No phenotype data present.
Note: Skipping --rm-dup since no duplicate IDs are present.
17514 variants remaining after main filters.
--export A pass 1/1: loading... 0%10% writing... 0%1%2%3%4%5%6%7%8%9%10%11%12%13%14%15%16%17%18%19%20%21%22%23%24%25%26%27%28%29%30%31%32%33%34%35%36%37%38%39%40%41%42%43%44%45%46%47%48%49%50%51%52%53%54%55%56%57%58%59%60%61%62%63%64%65%66%67%68%69%70%71%72%73%74%75%76%77%78%79%80%81%82%83%84%85%86%87%88%89%90%91%92%93%94%95%96%97%98%99% done.
--export A: /project2/mstephens/wdenault/susie_mix/temp_plink/plink_PGM2L1.raw
written.
End time: Tue Sep  1 12:53:29 2026
20 SNP(s) removed because HWE P < 1e-08 :
 [1] "chr11_74011464_A_G_b38_A" "chr11_74011576_A_T_b38_A"
 [3] "chr11_74020203_A_G_b38_A" "chr11_74023161_T_C_b38_T"
 [5] "chr11_74024179_C_T_b38_C" "chr11_74029119_G_A_b38_G"
 [7] "chr11_74030354_T_C_b38_T" "chr11_74034102_A_G_b38_A"
 [9] "chr11_74035244_A_G_b38_A" "chr11_74035402_G_A_b38_G"
[11] "chr11_74041746_A_C_b38_A" "chr11_74045144_C_T_b38_C"
[13] "chr11_74049641_A_G_b38_A" "chr11_74053034_A_C_b38_A"
[15] "chr11_74054407_T_A_b38_T" "chr11_74055741_A_G_b38_A"
[17] "chr11_74059027_C_T_b38_C" "chr11_74059250_C_A_b38_C"
[19] "chr11_74060714_C_T_b38_C" "chr11_74066214_A_G_b38_A"

=====================================
Tissue: Adipose Tissue 
=====================================
[1] TRUE
Running SuSiE.

=====================================
Tissue: Adrenal Gland 
=====================================
[1] TRUE
Running SuSiE.

=====================================
Tissue: Blood 
=====================================
[1] TRUE
Running SuSiE.

=====================================
Tissue: Blood Vessel 
=====================================
[1] TRUE
Running SuSiE.

=====================================
Tissue: Brain 
=====================================
[1] TRUE
Running SuSiE.

=====================================
Tissue: Breast 
=====================================
[1] TRUE
Running SuSiE.

=====================================
Tissue: Colon 
=====================================
[1] TRUE
Running SuSiE.

=====================================
Tissue: Esophagus 
=====================================
[1] TRUE
Running SuSiE.

=====================================
Tissue: Heart 
=====================================
[1] TRUE
Running SuSiE.

=====================================
Tissue: Kidney 
=====================================
[1] TRUE
Running SuSiE.

=====================================
Tissue: Liver 
=====================================
[1] TRUE
Running SuSiE.

=====================================
Tissue: Lung 
=====================================
[1] TRUE
Running SuSiE.

=====================================
Tissue: Muscle 
=====================================
[1] TRUE
Running SuSiE.

=====================================
Tissue: Nerve 
=====================================
[1] TRUE
Running SuSiE.

=====================================
Tissue: Ovary 
=====================================
[1] TRUE
Running SuSiE.

=====================================
Tissue: Pancreas 
=====================================
[1] TRUE
Running SuSiE.

=====================================
Tissue: Pituitary 
=====================================
[1] TRUE
Running SuSiE.

=====================================
Tissue: Prostate 
=====================================
[1] TRUE
Running SuSiE.

=====================================
Tissue: Salivary Gland 
=====================================
[1] TRUE
Running SuSiE.

=====================================
Tissue: Skin 
=====================================
[1] TRUE
Running SuSiE.

=====================================
Tissue: Small Intestine 
=====================================
[1] TRUE
Running SuSiE.

=====================================
Tissue: Spleen 
=====================================
[1] TRUE
Running SuSiE.

=====================================
Tissue: Stomach 
=====================================
[1] TRUE
Running SuSiE.

=====================================
Tissue: Testis 
=====================================
[1] TRUE
Running SuSiE.

=====================================
Tissue: Thyroid 
=====================================
[1] TRUE
Running SuSiE.

=====================================
Tissue: Uterus 
=====================================
[1] TRUE
Running SuSiE.

=====================================
Tissue: Vagina 
=====================================
[1] TRUE
Running SuSiE.
[2026-09-01 12:55:10] starting PGM3
Importing covariate data.
Importing gene expression data.
Found 27 tissues for gene PGM3 :
 [1] "Adipose Tissue"  "Adrenal Gland"   "Blood"           "Blood Vessel"   
 [5] "Brain"           "Breast"          "Colon"           "Esophagus"      
 [9] "Heart"           "Kidney"          "Liver"           "Lung"           
[13] "Muscle"          "Nerve"           "Ovary"           "Pancreas"       
[17] "Pituitary"       "Prostate"        "Salivary Gland"  "Skin"           
[21] "Small Intestine" "Spleen"          "Stomach"         "Testis"         
[25] "Thyroid"         "Uterus"          "Vagina"         
Extracting genotype data from PLINK file.
PLINK v2.0.0-a.7LM 64-bit Intel (11 Mar 2026)       cog-genomics.org/plink/2.0/
(C) 2005-2026 Shaun Purcell, Christopher Chang    GNU General Public License v3
Logging to /project2/mstephens/wdenault/susie_mix/temp_plink/plink_PGM3.log.
Options in effect:
  --bfile /project2/mstephens/gtex/GTEx_Analysis_2017-06-05_v8_WholeGenomeSeq_866Indiv
  --chr 6
  --export A
  --from-bp 82693936
  --maf 0
  --max-alleles 2
  --memory 8000
  --out /project2/mstephens/wdenault/susie_mix/temp_plink/plink_PGM3
  --rm-dup exclude-all
  --snps-only
  --threads 2
  --to-bp 83693936

Start time: Tue Sep  1 12:56:09 2026
63727 MiB RAM detected, ~30292 available; reserving 8000 MiB for main
workspace.
Using up to 2 compute threads.
866 samples (0 females, 0 males, 866 ambiguous; 866 founders) loaded from
/project2/mstephens/gtex/GTEx_Analysis_2017-06-05_v8_WholeGenomeSeq_866Indiv.fam.
67234533 variants in
/project2/mstephens/gtex/GTEx_Analysis_2017-06-05_v8_WholeGenomeSeq_866Indiv.bim;
64003927 excluded by --chr + --max-alleles + --snps-only, 3230606 remaining.
Note: No phenotype data present.
Note: Skipping --rm-dup since no duplicate IDs are present.
16298 variants remaining after main filters.
--export A pass 1/1: loading... 0%writing... 0%1%2%3%4%5%6%7%8%9%10%11%12%13%14%15%16%17%18%19%20%21%22%23%24%25%26%27%28%29%30%31%32%33%34%35%36%37%38%39%40%41%42%43%44%45%46%47%48%49%50%51%52%53%54%55%56%57%58%59%60%61%62%63%64%65%66%67%68%69%70%71%72%73%74%75%76%77%78%79%80%81%82%83%84%85%86%87%88%89%90%91%92%93%94%95%96%97%98%99% done.
--export A: /project2/mstephens/wdenault/susie_mix/temp_plink/plink_PGM3.raw
written.
End time: Tue Sep  1 12:56:15 2026
5 SNP(s) removed because HWE P < 1e-08 :
[1] "chr6_82757499_G_A_b38_G" "chr6_82766802_T_C_b38_T"
[3] "chr6_82825322_C_G_b38_C" "chr6_83266415_C_T_b38_C"
[5] "chr6_83441270_T_G_b38_T"

=====================================
Tissue: Adipose Tissue 
=====================================
[1] TRUE
Running SuSiE.

=====================================
Tissue: Adrenal Gland 
=====================================
[1] TRUE
Running SuSiE.

=====================================
Tissue: Blood 
=====================================
[1] TRUE
Running SuSiE.

=====================================
Tissue: Blood Vessel 
=====================================
[1] TRUE
Running SuSiE.

=====================================
Tissue: Brain 
=====================================
[1] TRUE
Running SuSiE.

=====================================
Tissue: Breast 
=====================================
[1] TRUE
Running SuSiE.

=====================================
Tissue: Colon 
=====================================
[1] TRUE
Running SuSiE.

=====================================
Tissue: Esophagus 
=====================================
[1] TRUE
Running SuSiE.

=====================================
Tissue: Heart 
=====================================
[1] TRUE
Running SuSiE.

=====================================
Tissue: Kidney 
=====================================
[1] TRUE
Running SuSiE.

=====================================
Tissue: Liver 
=====================================
[1] TRUE
Running SuSiE.

=====================================
Tissue: Lung 
=====================================
[1] TRUE
Running SuSiE.

=====================================
Tissue: Muscle 
=====================================
[1] TRUE
Running SuSiE.

=====================================
Tissue: Nerve 
=====================================
[1] TRUE
Running SuSiE.

=====================================
Tissue: Ovary 
=====================================
[1] TRUE
Running SuSiE.

=====================================
Tissue: Pancreas 
=====================================
[1] TRUE
Running SuSiE.

=====================================
Tissue: Pituitary 
=====================================
[1] TRUE
Running SuSiE.

=====================================
Tissue: Prostate 
=====================================
[1] TRUE
Running SuSiE.

=====================================
Tissue: Salivary Gland 
=====================================
[1] TRUE
Running SuSiE.

=====================================
Tissue: Skin 
=====================================
[1] TRUE
Running SuSiE.

=====================================
Tissue: Small Intestine 
=====================================
[1] TRUE
Running SuSiE.

=====================================
Tissue: Spleen 
=====================================
[1] TRUE
Running SuSiE.

=====================================
Tissue: Stomach 
=====================================
[1] TRUE
Running SuSiE.

=====================================
Tissue: Testis 
=====================================
[1] TRUE
Running SuSiE.

=====================================
Tissue: Thyroid 
=====================================
[1] TRUE
Running SuSiE.

=====================================
Tissue: Uterus 
=====================================
[1] TRUE
Running SuSiE.

=====================================
Tissue: Vagina 
=====================================
[1] TRUE
Running SuSiE.
[2026-09-01 12:57:50] starting PGM5
Importing covariate data.
Importing gene expression data.
Found 27 tissues for gene PGM5 :
 [1] "Adipose Tissue"  "Adrenal Gland"   "Blood"           "Blood Vessel"   
 [5] "Brain"           "Breast"          "Colon"           "Esophagus"      
 [9] "Heart"           "Kidney"          "Liver"           "Lung"           
[13] "Muscle"          "Nerve"           "Ovary"           "Pancreas"       
[17] "Pituitary"       "Prostate"        "Salivary Gland"  "Skin"           
[21] "Small Intestine" "Spleen"          "Stomach"         "Testis"         
[25] "Thyroid"         "Uterus"          "Vagina"         
Extracting genotype data from PLINK file.
PLINK v2.0.0-a.7LM 64-bit Intel (11 Mar 2026)       cog-genomics.org/plink/2.0/
(C) 2005-2026 Shaun Purcell, Christopher Chang    GNU General Public License v3
Logging to /project2/mstephens/wdenault/susie_mix/temp_plink/plink_PGM5.log.
Options in effect:
  --bfile /project2/mstephens/gtex/GTEx_Analysis_2017-06-05_v8_WholeGenomeSeq_866Indiv
  --chr 9
  --export A
  --from-bp 67828308
  --maf 0
  --max-alleles 2
  --memory 8000
  --out /project2/mstephens/wdenault/susie_mix/temp_plink/plink_PGM5
  --rm-dup exclude-all
  --snps-only
  --threads 2
  --to-bp 68828308

Start time: Tue Sep  1 12:58:48 2026
63727 MiB RAM detected, ~30281 available; reserving 8000 MiB for main
workspace.
Using up to 2 compute threads.
866 samples (0 females, 0 males, 866 ambiguous; 866 founders) loaded from
/project2/mstephens/gtex/GTEx_Analysis_2017-06-05_v8_WholeGenomeSeq_866Indiv.fam.
67234533 variants in
/project2/mstephens/gtex/GTEx_Analysis_2017-06-05_v8_WholeGenomeSeq_866Indiv.bim;
64708045 excluded by --chr + --max-alleles + --snps-only, 2526488 remaining.
Note: No phenotype data present.
Note: Skipping --rm-dup since no duplicate IDs are present.
13189 variants remaining after main filters.
--export A pass 1/1: loading... 0%writing... 0%1%2%3%4%5%6%7%8%9%10%11%12%13%14%15%16%17%18%19%20%21%22%23%24%25%26%27%28%29%30%31%32%33%34%35%36%37%38%39%40%41%42%43%44%45%46%47%48%49%50%51%52%53%54%55%56%57%58%59%60%61%62%63%64%65%66%67%68%69%70%71%72%73%74%75%76%77%78%79%80%81%82%83%84%85%86%87%88%89%90%91%92%93%94%95%96%97%98%99% done.
--export A: /project2/mstephens/wdenault/susie_mix/temp_plink/plink_PGM5.raw
written.
End time: Tue Sep  1 12:58:54 2026
231 SNP(s) removed because HWE P < 1e-08 :
  [1] "chr9_67829204_C_G_b38_C" "chr9_67829317_A_C_b38_A"
  [3] "chr9_67829494_G_C_b38_G" "chr9_67830378_T_G_b38_T"
  [5] "chr9_67831381_C_A_b38_C" "chr9_67831394_A_C_b38_A"
  [7] "chr9_67831597_G_T_b38_G" "chr9_67831657_G_A_b38_G"
  [9] "chr9_67836925_A_T_b38_A" "chr9_67838245_C_A_b38_C"
 [11] "chr9_67838280_A_G_b38_A" "chr9_67839637_A_T_b38_A"
 [13] "chr9_67840290_A_G_b38_A" "chr9_67840318_A_C_b38_A"
 [15] "chr9_67840408_G_C_b38_G" "chr9_67842190_C_T_b38_C"
 [17] "chr9_67842224_G_C_b38_G" "chr9_67842236_G_A_b38_G"
 [19] "chr9_67842256_G_A_b38_G" "chr9_67851748_G_A_b38_G"
 [21] "chr9_67853757_G_A_b38_G" "chr9_67853804_A_T_b38_A"
 [23] "chr9_67853859_A_T_b38_A" "chr9_67856899_G_C_b38_G"
 [25] "chr9_67877607_G_A_b38_G" "chr9_67877848_T_C_b38_T"
 [27] "chr9_67881655_C_T_b38_C" "chr9_67881676_C_T_b38_C"
 [29] "chr9_67882863_G_A_b38_G" "chr9_67884869_G_A_b38_G"
 [31] "chr9_67885106_T_C_b38_T" "chr9_67885175_G_A_b38_G"
 [33] "chr9_67885214_C_G_b38_C" "chr9_67885396_A_C_b38_A"
 [35] "chr9_67885549_T_G_b38_T" "chr9_67888842_G_A_b38_G"
 [37] "chr9_67890501_T_C_b38_T" "chr9_67890545_A_G_b38_A"
 [39] "chr9_67890611_T_C_b38_T" "chr9_67894005_C_G_b38_C"
 [41] "chr9_67901012_G_A_b38_G" "chr9_67905655_C_A_b38_C"
 [43] "chr9_67906882_G_A_b38_G" "chr9_67906889_C_T_b38_C"
 [45] "chr9_67906940_C_A_b38_C" "chr9_67907148_C_A_b38_C"
 [47] "chr9_67907393_G_A_b38_G" "chr9_67910634_G_A_b38_G"
 [49] "chr9_67911640_G_A_b38_G" "chr9_67911896_C_T_b38_C"
 [51] "chr9_67914432_G_A_b38_G" "chr9_68247070_T_G_b38_T"
 [53] "chr9_68247188_T_A_b38_T" "chr9_68256169_C_T_b38_C"
 [55] "chr9_68266761_G_C_b38_G" "chr9_68267197_C_G_b38_C"
 [57] "chr9_68268587_A_G_b38_A" "chr9_68271848_A_G_b38_A"
 [59] "chr9_68271853_T_C_b38_T" "chr9_68284993_C_T_b38_C"
 [61] "chr9_68285046_A_G_b38_A" "chr9_68287321_T_A_b38_T"
 [63] "chr9_68293188_A_T_b38_A" "chr9_68296556_T_C_b38_T"
 [65] "chr9_68300399_A_G_b38_A" "chr9_68304048_G_A_b38_G"
 [67] "chr9_68304360_C_G_b38_C" "chr9_68304409_C_A_b38_C"
 [69] "chr9_68305631_G_T_b38_G" "chr9_68305696_C_T_b38_C"
 [71] "chr9_68306639_G_A_b38_G" "chr9_68306642_T_C_b38_T"
 [73] "chr9_68306776_G_C_b38_G" "chr9_68307133_G_T_b38_G"
 [75] "chr9_68307981_C_T_b38_C" "chr9_68307990_C_A_b38_C"
 [77] "chr9_68308575_G_A_b38_G" "chr9_68310559_G_T_b38_G"
 [79] "chr9_68311083_T_C_b38_T" "chr9_68312088_T_C_b38_T"
 [81] "chr9_68312115_A_G_b38_A" "chr9_68312155_A_G_b38_A"
 [83] "chr9_68312190_G_A_b38_G" "chr9_68312463_G_T_b38_G"
 [85] "chr9_68312468_G_T_b38_G" "chr9_68313595_G_A_b38_G"
 [87] "chr9_68313636_G_A_b38_G" "chr9_68313672_G_A_b38_G"
 [89] "chr9_68313943_G_A_b38_G" "chr9_68314026_T_C_b38_T"
 [91] "chr9_68314102_C_T_b38_C" "chr9_68314205_C_T_b38_C"
 [93] "chr9_68314463_G_A_b38_G" "chr9_68314599_G_T_b38_G"
 [95] "chr9_68314601_G_T_b38_G" "chr9_68314776_G_T_b38_G"
 [97] "chr9_68314830_A_T_b38_A" "chr9_68314863_C_A_b38_C"
 [99] "chr9_68314926_A_G_b38_A" "chr9_68315119_G_A_b38_G"
[101] "chr9_68315143_G_C_b38_G" "chr9_68315174_C_T_b38_C"
[103] "chr9_68315189_C_A_b38_C" "chr9_68315211_C_A_b38_C"
[105] "chr9_68315222_A_G_b38_A" "chr9_68315283_C_T_b38_C"
[107] "chr9_68315336_T_A_b38_T" "chr9_68315620_A_T_b38_A"
[109] "chr9_68315651_T_C_b38_T" "chr9_68315673_G_A_b38_G"
[111] "chr9_68315680_C_T_b38_C" "chr9_68315721_G_A_b38_G"
[113] "chr9_68315751_G_C_b38_G" "chr9_68315789_A_G_b38_A"
[115] "chr9_68315822_G_A_b38_G" "chr9_68316911_G_A_b38_G"
[117] "chr9_68316943_C_T_b38_C" "chr9_68316960_C_G_b38_C"
[119] "chr9_68317248_G_C_b38_G" "chr9_68317945_C_T_b38_C"
[121] "chr9_68318025_A_C_b38_A" "chr9_68318255_G_A_b38_G"
[123] "chr9_68318363_A_G_b38_A" "chr9_68318384_A_G_b38_A"
[125] "chr9_68318393_G_A_b38_G" "chr9_68318792_C_T_b38_C"
[127] "chr9_68318835_C_T_b38_C" "chr9_68318890_C_A_b38_C"
[129] "chr9_68319264_C_T_b38_C" "chr9_68319290_C_A_b38_C"
[131] "chr9_68319396_G_A_b38_G" "chr9_68319399_A_G_b38_A"
[133] "chr9_68322177_G_T_b38_G" "chr9_68325391_C_A_b38_C"
[135] "chr9_68325403_T_C_b38_T" "chr9_68325486_T_A_b38_T"
[137] "chr9_68327496_A_G_b38_A" "chr9_68327649_T_C_b38_T"
[139] "chr9_68327738_T_G_b38_T" "chr9_68327741_G_T_b38_G"
[141] "chr9_68327746_A_G_b38_A" "chr9_68327784_C_G_b38_C"
[143] "chr9_68328709_C_T_b38_C" "chr9_68328718_A_T_b38_A"
[145] "chr9_68328796_A_G_b38_A" "chr9_68328998_C_T_b38_C"
[147] "chr9_68329002_C_G_b38_C" "chr9_68329041_C_A_b38_C"
[149] "chr9_68329156_A_C_b38_A" "chr9_68329334_G_T_b38_G"
[151] "chr9_68330930_G_T_b38_G" "chr9_68331407_C_A_b38_C"
[153] "chr9_68331415_C_T_b38_C" "chr9_68331416_T_G_b38_T"
[155] "chr9_68333969_C_T_b38_C" "chr9_68336685_A_G_b38_A"
[157] "chr9_68337392_G_A_b38_G" "chr9_68337887_A_G_b38_A"
[159] "chr9_68338060_T_C_b38_T" "chr9_68338062_C_T_b38_C"
[161] "chr9_68338085_G_A_b38_G" "chr9_68338225_G_A_b38_G"
[163] "chr9_68338228_T_C_b38_T" "chr9_68338495_A_C_b38_A"
[165] "chr9_68341696_T_A_b38_T" "chr9_68341755_A_G_b38_A"
[167] "chr9_68342846_C_G_b38_C" "chr9_68350004_C_T_b38_C"
[169] "chr9_68352381_G_A_b38_G" "chr9_68352431_T_C_b38_T"
[171] "chr9_68354438_G_A_b38_G" "chr9_68356337_C_T_b38_C"
[173] "chr9_68356579_G_C_b38_G" "chr9_68356599_T_C_b38_T"
[175] "chr9_68356620_G_A_b38_G" "chr9_68356626_C_T_b38_C"
[177] "chr9_68357569_T_C_b38_T" "chr9_68357670_C_T_b38_C"
[179] "chr9_68357916_C_T_b38_C" "chr9_68358008_T_A_b38_T"
[181] "chr9_68358173_A_G_b38_A" "chr9_68358202_G_A_b38_G"
[183] "chr9_68363430_C_T_b38_C" "chr9_68363526_T_C_b38_T"
[185] "chr9_68363898_C_T_b38_C" "chr9_68366597_A_T_b38_A"
[187] "chr9_68368981_G_T_b38_G" "chr9_68373976_C_T_b38_C"
[189] "chr9_68374333_A_G_b38_A" "chr9_68374371_G_A_b38_G"
[191] "chr9_68374390_T_C_b38_T" "chr9_68377670_A_T_b38_A"
[193] "chr9_68377735_G_A_b38_G" "chr9_68377941_T_G_b38_T"
[195] "chr9_68385381_A_C_b38_A" "chr9_68385385_C_G_b38_C"
[197] "chr9_68385420_A_G_b38_A" "chr9_68386409_A_G_b38_A"
[199] "chr9_68386470_A_G_b38_A" "chr9_68396337_T_C_b38_T"
[201] "chr9_68396659_T_G_b38_T" "chr9_68396665_A_C_b38_A"
[203] "chr9_68396888_T_C_b38_T" "chr9_68397003_C_T_b38_C"
[205] "chr9_68397041_T_G_b38_T" "chr9_68397134_G_A_b38_G"
[207] "chr9_68397242_G_A_b38_G" "chr9_68402300_T_C_b38_T"
[209] "chr9_68402343_T_G_b38_T" "chr9_68402344_A_T_b38_A"
[211] "chr9_68405302_C_G_b38_C" "chr9_68405307_A_G_b38_A"
[213] "chr9_68405372_C_G_b38_C" "chr9_68405475_G_C_b38_G"
[215] "chr9_68405853_C_G_b38_C" "chr9_68405872_A_G_b38_A"
[217] "chr9_68405914_G_A_b38_G" "chr9_68405933_C_G_b38_C"
[219] "chr9_68410904_C_T_b38_C" "chr9_68414684_C_G_b38_C"
[221] "chr9_68414722_C_T_b38_C" "chr9_68475209_A_T_b38_A"
[223] "chr9_68599810_T_C_b38_T" "chr9_68600306_A_G_b38_A"
[225] "chr9_68602259_G_T_b38_G" "chr9_68606695_C_A_b38_C"
[227] "chr9_68613723_A_G_b38_A" "chr9_68620252_A_G_b38_A"
[229] "chr9_68622943_C_G_b38_C" "chr9_68626717_G_A_b38_G"
[231] "chr9_68627272_G_A_b38_G"

=====================================
Tissue: Adipose Tissue 
=====================================
[1] TRUE
Running SuSiE.

=====================================
Tissue: Adrenal Gland 
=====================================
[1] TRUE
Running SuSiE.

=====================================
Tissue: Blood 
=====================================
[1] TRUE
Running SuSiE.

=====================================
Tissue: Blood Vessel 
=====================================
[1] TRUE
Running SuSiE.

=====================================
Tissue: Brain 
=====================================
[1] TRUE
Running SuSiE.

=====================================
Tissue: Breast 
=====================================
[1] TRUE
Running SuSiE.

=====================================
Tissue: Colon 
=====================================
[1] TRUE
Running SuSiE.

=====================================
Tissue: Esophagus 
=====================================
[1] TRUE
Running SuSiE.

=====================================
Tissue: Heart 
=====================================
[1] TRUE
Running SuSiE.

=====================================
Tissue: Kidney 
=====================================
[1] TRUE
Running SuSiE.

=====================================
Tissue: Liver 
=====================================
[1] TRUE
Running SuSiE.

=====================================
Tissue: Lung 
=====================================
[1] TRUE
Running SuSiE.

=====================================
Tissue: Muscle 
=====================================
[1] TRUE
Running SuSiE.

=====================================
Tissue: Nerve 
=====================================
[1] TRUE
Running SuSiE.

=====================================
Tissue: Ovary 
=====================================
[1] TRUE
Running SuSiE.

=====================================
Tissue: Pancreas 
=====================================
[1] TRUE
Running SuSiE.

=====================================
Tissue: Pituitary 
=====================================
[1] TRUE
Running SuSiE.

=====================================
Tissue: Prostate 
=====================================
[1] TRUE
Running SuSiE.

=====================================
Tissue: Salivary Gland 
=====================================
[1] TRUE
Running SuSiE.

=====================================
Tissue: Skin 
=====================================
[1] TRUE
Running SuSiE.

=====================================
Tissue: Small Intestine 
=====================================
[1] TRUE
Running SuSiE.

=====================================
Tissue: Spleen 
=====================================
[1] TRUE
Running SuSiE.

=====================================
Tissue: Stomach 
=====================================
[1] TRUE
Running SuSiE.

=====================================
Tissue: Testis 
=====================================
[1] TRUE
Running SuSiE.

=====================================
Tissue: Thyroid 
=====================================
[1] TRUE
Running SuSiE.

=====================================
Tissue: Uterus 
=====================================
[1] TRUE
Running SuSiE.

=====================================
Tissue: Vagina 
=====================================
[1] TRUE
Running SuSiE.
[2026-09-01 12:59:46] starting PGP
Importing covariate data.
Importing gene expression data.
Found 27 tissues for gene PGP :
 [1] "Adipose Tissue"  "Adrenal Gland"   "Blood"           "Blood Vessel"   
 [5] "Brain"           "Breast"          "Colon"           "Esophagus"      
 [9] "Heart"           "Kidney"          "Liver"           "Lung"           
[13] "Muscle"          "Nerve"           "Ovary"           "Pancreas"       
[17] "Pituitary"       "Prostate"        "Salivary Gland"  "Skin"           
[21] "Small Intestine" "Spleen"          "Stomach"         "Testis"         
[25] "Thyroid"         "Uterus"          "Vagina"         
Extracting genotype data from PLINK file.
PLINK v2.0.0-a.7LM 64-bit Intel (11 Mar 2026)       cog-genomics.org/plink/2.0/
(C) 2005-2026 Shaun Purcell, Christopher Chang    GNU General Public License v3
Logging to /project2/mstephens/wdenault/susie_mix/temp_plink/plink_PGP.log.
Options in effect:
  --bfile /project2/mstephens/gtex/GTEx_Analysis_2017-06-05_v8_WholeGenomeSeq_866Indiv
  --chr 16
  --export A
  --from-bp 1714840
  --maf 0
  --max-alleles 2
  --memory 8000
  --out /project2/mstephens/wdenault/susie_mix/temp_plink/plink_PGP
  --rm-dup exclude-all
  --snps-only
  --threads 2
  --to-bp 2714840

Start time: Tue Sep  1 13:00:45 2026
63727 MiB RAM detected, ~34040 available; reserving 8000 MiB for main
workspace.
Using up to 2 compute threads.
866 samples (0 females, 0 males, 866 ambiguous; 866 founders) loaded from
/project2/mstephens/gtex/GTEx_Analysis_2017-06-05_v8_WholeGenomeSeq_866Indiv.fam.
67234533 variants in
/project2/mstephens/gtex/GTEx_Analysis_2017-06-05_v8_WholeGenomeSeq_866Indiv.bim;
65423567 excluded by --chr + --max-alleles + --snps-only, 1810966 remaining.
Note: No phenotype data present.
Note: Skipping --rm-dup since no duplicate IDs are present.
23065 variants remaining after main filters.
--export A pass 1/1: loading... 0%61% writing... 0%1%2%3%4%5%6%7%8%9%10%11%12%13%14%15%16%17%18%19%20%21%22%23%24%25%26%27%28%29%30%31%32%33%34%35%36%37%38%39%40%41%42%43%44%45%46%47%48%49%50%51%52%53%54%55%56%57%58%59%60%61%62%63%64%65%66%67%68%69%70%71%72%73%74%75%76%77%78%79%80%81%82%83%84%85%86%87%88%89%90%91%92%93%94%95%96%97%98%99% done.
--export A: /project2/mstephens/wdenault/susie_mix/temp_plink/plink_PGP.raw
written.
End time: Tue Sep  1 13:00:51 2026
34 SNP(s) removed because HWE P < 1e-08 :
 [1] "chr16_1903648_A_G_b38_A" "chr16_2075154_T_C_b38_T"
 [3] "chr16_2075162_C_G_b38_C" "chr16_2075787_C_T_b38_C"
 [5] "chr16_2081288_C_T_b38_C" "chr16_2200067_C_T_b38_C"
 [7] "chr16_2200232_G_T_b38_G" "chr16_2242093_T_C_b38_T"
 [9] "chr16_2322416_G_A_b38_G" "chr16_2323785_C_A_b38_C"
[11] "chr16_2325960_C_T_b38_C" "chr16_2326980_A_G_b38_A"
[13] "chr16_2330848_A_G_b38_A" "chr16_2331222_C_T_b38_C"
[15] "chr16_2331256_G_C_b38_G" "chr16_2332381_G_A_b38_G"
[17] "chr16_2333175_T_C_b38_T" "chr16_2333267_T_G_b38_T"
[19] "chr16_2341555_T_G_b38_T" "chr16_2342924_T_C_b38_T"
[21] "chr16_2344348_T_C_b38_T" "chr16_2348058_T_C_b38_T"
[23] "chr16_2363176_G_T_b38_G" "chr16_2371828_G_A_b38_G"
[25] "chr16_2372603_T_C_b38_T" "chr16_2373177_C_T_b38_C"
[27] "chr16_2373444_C_A_b38_C" "chr16_2373902_G_C_b38_G"
[29] "chr16_2373960_C_A_b38_C" "chr16_2542624_A_G_b38_A"
[31] "chr16_2558000_G_A_b38_G" "chr16_2599667_G_T_b38_G"
[33] "chr16_2599987_A_G_b38_A" "chr16_2600145_G_C_b38_G"

=====================================
Tissue: Adipose Tissue 
=====================================
[1] TRUE
Running SuSiE.

=====================================
Tissue: Adrenal Gland 
=====================================
[1] TRUE
Running SuSiE.

=====================================
Tissue: Blood 
=====================================
[1] TRUE
Running SuSiE.

=====================================
Tissue: Blood Vessel 
=====================================
[1] TRUE
Running SuSiE.

=====================================
Tissue: Brain 
=====================================
[1] TRUE
Running SuSiE.

=====================================
Tissue: Breast 
=====================================
[1] TRUE
Running SuSiE.

=====================================
Tissue: Colon 
=====================================
[1] TRUE
Running SuSiE.

=====================================
Tissue: Esophagus 
=====================================
[1] TRUE
Running SuSiE.

=====================================
Tissue: Heart 
=====================================
[1] TRUE
Running SuSiE.

=====================================
Tissue: Kidney 
=====================================
[1] TRUE
Running SuSiE.

=====================================
Tissue: Liver 
=====================================
[1] TRUE
Running SuSiE.

=====================================
Tissue: Lung 
=====================================
[1] TRUE
Running SuSiE.

=====================================
Tissue: Muscle 
=====================================
[1] TRUE
Running SuSiE.

=====================================
Tissue: Nerve 
=====================================
[1] TRUE
Running SuSiE.

=====================================
Tissue: Ovary 
=====================================
[1] TRUE
Running SuSiE.

=====================================
Tissue: Pancreas 
=====================================
[1] TRUE
Running SuSiE.

=====================================
Tissue: Pituitary 
=====================================
[1] TRUE
Running SuSiE.

=====================================
Tissue: Prostate 
=====================================
[1] TRUE
Running SuSiE.

=====================================
Tissue: Salivary Gland 
=====================================
[1] TRUE
Running SuSiE.

=====================================
Tissue: Skin 
=====================================
[1] TRUE
Running SuSiE.

=====================================
Tissue: Small Intestine 
=====================================
[1] TRUE
Running SuSiE.

=====================================
Tissue: Spleen 
=====================================
[1] TRUE
Running SuSiE.

=====================================
Tissue: Stomach 
=====================================
[1] TRUE
Running SuSiE.

=====================================
Tissue: Testis 
=====================================
[1] TRUE
Running SuSiE.

=====================================
Tissue: Thyroid 
=====================================
[1] TRUE
Running SuSiE.

=====================================
Tissue: Uterus 
=====================================
[1] TRUE
Running SuSiE.

=====================================
Tissue: Vagina 
=====================================
[1] TRUE
Running SuSiE.
[2026-09-01 13:02:47] starting PGPEP1
Importing covariate data.
Importing gene expression data.
Found 27 tissues for gene PGPEP1 :
 [1] "Adipose Tissue"  "Adrenal Gland"   "Blood"           "Blood Vessel"   
 [5] "Brain"           "Breast"          "Colon"           "Esophagus"      
 [9] "Heart"           "Kidney"          "Liver"           "Lung"           
[13] "Muscle"          "Nerve"           "Ovary"           "Pancreas"       
[17] "Pituitary"       "Prostate"        "Salivary Gland"  "Skin"           
[21] "Small Intestine" "Spleen"          "Stomach"         "Testis"         
[25] "Thyroid"         "Uterus"          "Vagina"         
Extracting genotype data from PLINK file.
PLINK v2.0.0-a.7LM 64-bit Intel (11 Mar 2026)       cog-genomics.org/plink/2.0/
(C) 2005-2026 Shaun Purcell, Christopher Chang    GNU General Public License v3
Logging to /project2/mstephens/wdenault/susie_mix/temp_plink/plink_PGPEP1.log.
Options in effect:
  --bfile /project2/mstephens/gtex/GTEx_Analysis_2017-06-05_v8_WholeGenomeSeq_866Indiv
  --chr 19
  --export A
  --from-bp 17840598
  --maf 0
  --max-alleles 2
  --memory 8000
  --out /project2/mstephens/wdenault/susie_mix/temp_plink/plink_PGPEP1
  --rm-dup exclude-all
  --snps-only
  --threads 2
  --to-bp 18840598

Start time: Tue Sep  1 13:03:45 2026
63727 MiB RAM detected, ~34041 available; reserving 8000 MiB for main
workspace.
Using up to 2 compute threads.
866 samples (0 females, 0 males, 866 ambiguous; 866 founders) loaded from
/project2/mstephens/gtex/GTEx_Analysis_2017-06-05_v8_WholeGenomeSeq_866Indiv.fam.
67234533 variants in
/project2/mstephens/gtex/GTEx_Analysis_2017-06-05_v8_WholeGenomeSeq_866Indiv.bim;
65987829 excluded by --chr + --max-alleles + --snps-only, 1246704 remaining.
Note: No phenotype data present.
Note: Skipping --rm-dup since no duplicate IDs are present.
20190 variants remaining after main filters.
--export A pass 1/1: loading... 0%writing... 0%1%2%3%4%5%6%7%8%9%10%11%12%13%14%15%16%17%18%19%20%21%22%23%24%25%26%27%28%29%30%31%32%33%34%35%36%37%38%39%40%41%42%43%44%45%46%47%48%49%50%51%52%53%54%55%56%57%58%59%60%61%62%63%64%65%66%67%68%69%70%71%72%73%74%75%76%77%78%79%80%81%82%83%84%85%86%87%88%89%90%91%92%93%94%95%96%97%98%99% done.
--export A: /project2/mstephens/wdenault/susie_mix/temp_plink/plink_PGPEP1.raw
written.
End time: Tue Sep  1 13:03:51 2026
49 SNP(s) removed because HWE P < 1e-08 :
 [1] "chr19_17847808_C_T_b38_C" "chr19_17847968_T_C_b38_T"
 [3] "chr19_17901200_G_T_b38_G" "chr19_17908396_T_C_b38_T"
 [5] "chr19_17924720_G_T_b38_G" "chr19_17928630_T_C_b38_T"
 [7] "chr19_18036796_G_A_b38_G" "chr19_18037080_A_T_b38_A"
 [9] "chr19_18037381_T_C_b38_T" "chr19_18037783_T_C_b38_T"
[11] "chr19_18039165_G_A_b38_G" "chr19_18039479_C_T_b38_C"
[13] "chr19_18039995_T_C_b38_T" "chr19_18040092_T_C_b38_T"
[15] "chr19_18040429_G_T_b38_G" "chr19_18040432_G_T_b38_G"
[17] "chr19_18042127_C_T_b38_C" "chr19_18042885_A_G_b38_A"
[19] "chr19_18043992_G_C_b38_G" "chr19_18044231_C_G_b38_C"
[21] "chr19_18044266_G_C_b38_G" "chr19_18251693_G_C_b38_G"
[23] "chr19_18260387_C_T_b38_C" "chr19_18262150_C_G_b38_C"
[25] "chr19_18265699_G_A_b38_G" "chr19_18265970_T_C_b38_T"
[27] "chr19_18267871_C_A_b38_C" "chr19_18534577_G_T_b38_G"
[29] "chr19_18538886_T_C_b38_T" "chr19_18540306_T_G_b38_T"
[31] "chr19_18540973_C_T_b38_C" "chr19_18540991_T_C_b38_T"
[33] "chr19_18543111_T_C_b38_T" "chr19_18550018_G_A_b38_G"
[35] "chr19_18553131_A_C_b38_A" "chr19_18557829_C_G_b38_C"
[37] "chr19_18560927_G_A_b38_G" "chr19_18563385_C_T_b38_C"
[39] "chr19_18568541_C_T_b38_C" "chr19_18569056_C_T_b38_C"
[41] "chr19_18570725_T_C_b38_T" "chr19_18575471_A_G_b38_A"
[43] "chr19_18578778_C_G_b38_C" "chr19_18579514_C_T_b38_C"
[45] "chr19_18580475_A_G_b38_A" "chr19_18581056_C_A_b38_C"
[47] "chr19_18585174_T_A_b38_T" "chr19_18605546_G_T_b38_G"
[49] "chr19_18806054_G_A_b38_G"

=====================================
Tissue: Adipose Tissue 
=====================================
[1] TRUE
Running SuSiE.

=====================================
Tissue: Adrenal Gland 
=====================================
[1] TRUE
Running SuSiE.

=====================================
Tissue: Blood 
=====================================
[1] TRUE
Running SuSiE.

=====================================
Tissue: Blood Vessel 
=====================================
[1] TRUE
Running SuSiE.

=====================================
Tissue: Brain 
=====================================
[1] TRUE
Running SuSiE.

=====================================
Tissue: Breast 
=====================================
[1] TRUE
Running SuSiE.

=====================================
Tissue: Colon 
=====================================
[1] TRUE
Running SuSiE.

=====================================
Tissue: Esophagus 
=====================================
[1] TRUE
Running SuSiE.

=====================================
Tissue: Heart 
=====================================
[1] TRUE
Running SuSiE.

=====================================
Tissue: Kidney 
=====================================
[1] TRUE
Running SuSiE.

=====================================
Tissue: Liver 
=====================================
[1] TRUE
Running SuSiE.

=====================================
Tissue: Lung 
=====================================
[1] TRUE
Running SuSiE.

=====================================
Tissue: Muscle 
=====================================
[1] TRUE
Running SuSiE.

=====================================
Tissue: Nerve 
=====================================
[1] TRUE
Running SuSiE.

=====================================
Tissue: Ovary 
=====================================
[1] TRUE
Running SuSiE.

=====================================
Tissue: Pancreas 
=====================================
[1] TRUE
Running SuSiE.

=====================================
Tissue: Pituitary 
=====================================
[1] TRUE
Running SuSiE.

=====================================
Tissue: Prostate 
=====================================
[1] TRUE
Running SuSiE.

=====================================
Tissue: Salivary Gland 
=====================================
[1] TRUE
Running SuSiE.

=====================================
Tissue: Skin 
=====================================
[1] TRUE
Running SuSiE.

=====================================
Tissue: Small Intestine 
=====================================
[1] TRUE
Running SuSiE.

=====================================
Tissue: Spleen 
=====================================
[1] TRUE
Running SuSiE.

=====================================
Tissue: Stomach 
=====================================
[1] TRUE
Running SuSiE.

=====================================
Tissue: Testis 
=====================================
[1] TRUE
Running SuSiE.

=====================================
Tissue: Thyroid 
=====================================
[1] TRUE
Running SuSiE.

=====================================
Tissue: Uterus 
=====================================
[1] TRUE
Running SuSiE.

=====================================
Tissue: Vagina 
=====================================
[1] TRUE
Running SuSiE.
[2026-09-01 13:05:52] starting PGPEP1L
Importing covariate data.
Importing gene expression data.
Found 27 tissues for gene PGPEP1L :
 [1] "Adipose Tissue"  "Adrenal Gland"   "Blood"           "Blood Vessel"   
 [5] "Brain"           "Breast"          "Colon"           "Esophagus"      
 [9] "Heart"           "Kidney"          "Liver"           "Lung"           
[13] "Muscle"          "Nerve"           "Ovary"           "Pancreas"       
[17] "Pituitary"       "Prostate"        "Salivary Gland"  "Skin"           
[21] "Small Intestine" "Spleen"          "Stomach"         "Testis"         
[25] "Thyroid"         "Uterus"          "Vagina"         
59 SNP(s) removed because HWE P < 1e-08 :
 [1] "chr15_98587593_G_A_b38_G" "chr15_98606405_A_C_b38_A"
 [3] "chr15_98607168_C_G_b38_C" "chr15_98663606_G_A_b38_G"
 [5] "chr15_98664810_A_G_b38_A" "chr15_98667602_C_T_b38_C"
 [7] "chr15_98669256_G_T_b38_G" "chr15_98670134_A_T_b38_A"
 [9] "chr15_98671869_G_A_b38_G" "chr15_98672386_G_A_b38_G"
[11] "chr15_98676369_C_T_b38_C" "chr15_98676676_C_T_b38_C"
[13] "chr15_98706678_C_T_b38_C" "chr15_98709928_A_T_b38_A"
[15] "chr15_98710452_G_A_b38_G" "chr15_98710964_C_T_b38_C"
[17] "chr15_98747177_T_C_b38_T" "chr15_98779819_G_T_b38_G"
[19] "chr15_98784153_T_G_b38_T" "chr15_98786996_G_A_b38_G"
[21] "chr15_98788058_C_G_b38_C" "chr15_98788316_A_G_b38_A"
[23] "chr15_98789488_C_T_b38_C" "chr15_98789780_G_C_b38_G"
[25] "chr15_98791393_A_T_b38_A" "chr15_98791804_G_A_b38_G"
[27] "chr15_98792550_G_A_b38_G" "chr15_98793401_A_C_b38_A"
[29] "chr15_98805044_T_A_b38_T" "chr15_98807105_C_T_b38_C"
[31] "chr15_98808228_C_T_b38_C" "chr15_98808875_T_A_b38_T"
[33] "chr15_98809112_C_T_b38_C" "chr15_98809798_C_T_b38_C"
[35] "chr15_98810192_A_C_b38_A" "chr15_98815957_C_T_b38_C"
[37] "chr15_98818740_A_C_b38_A" "chr15_98818744_A_C_b38_A"
[39] "chr15_98824723_T_C_b38_T" "chr15_98828012_C_A_b38_C"
[41] "chr15_98828192_G_T_b38_G" "chr15_98829933_G_A_b38_G"
[43] "chr15_98830944_T_C_b38_T" "chr15_98833186_A_G_b38_A"
[45] "chr15_98835865_G_A_b38_G" "chr15_98837213_T_C_b38_T"
[47] "chr15_98837628_A_G_b38_A" "chr15_98911765_G_A_b38_G"
[49] "chr15_98931269_G_A_b38_G" "chr15_98932805_C_T_b38_C"
[51] "chr15_98933271_T_A_b38_T" "chr15_98936520_G_A_b38_G"
[53] "chr15_99013370_C_T_b38_C" "chr15_99014709_T_C_b38_T"
[55] "chr15_99049485_C_T_b38_C" "chr15_99050839_T_C_b38_T"
[57] "chr15_99425109_G_A_b38_G" "chr15_99425571_G_C_b38_G"
[59] "chr15_99475443_C_A_b38_C"

=====================================
Tissue: Adipose Tissue 
=====================================
[1] TRUE
Running SuSiE.

=====================================
Tissue: Adrenal Gland 
=====================================
[1] TRUE
Running SuSiE.

=====================================
Tissue: Blood 
=====================================
[1] TRUE
Running SuSiE.

=====================================
Tissue: Blood Vessel 
=====================================
[1] TRUE
Running SuSiE.

=====================================
Tissue: Brain 
=====================================
[1] TRUE
Running SuSiE.

=====================================
Tissue: Breast 
=====================================
[1] TRUE
Running SuSiE.

=====================================
Tissue: Colon 
=====================================
[1] TRUE
Running SuSiE.

=====================================
Tissue: Esophagus 
=====================================
[1] TRUE
Running SuSiE.

=====================================
Tissue: Heart 
=====================================
[1] TRUE
Running SuSiE.

=====================================
Tissue: Kidney 
=====================================
[1] TRUE
Running SuSiE.

=====================================
Tissue: Liver 
=====================================
[1] TRUE
Running SuSiE.

=====================================
Tissue: Lung 
=====================================
[1] TRUE
Running SuSiE.

=====================================
Tissue: Muscle 
=====================================
[1] TRUE
Running SuSiE.

=====================================
Tissue: Nerve 
=====================================
[1] TRUE
Running SuSiE.

=====================================
Tissue: Ovary 
=====================================
[1] TRUE
Running SuSiE.

=====================================
Tissue: Pancreas 
=====================================
[1] TRUE
Running SuSiE.

=====================================
Tissue: Pituitary 
=====================================
[1] TRUE
Running SuSiE.

=====================================
Tissue: Prostate 
=====================================
[1] TRUE
Running SuSiE.

=====================================
Tissue: Salivary Gland 
=====================================
[1] TRUE
Running SuSiE.

=====================================
Tissue: Skin 
=====================================
[1] TRUE
Running SuSiE.

=====================================
Tissue: Small Intestine 
=====================================
[1] TRUE
Running SuSiE.

=====================================
Tissue: Spleen 
=====================================
[1] TRUE
Running SuSiE.

=====================================
Tissue: Stomach 
=====================================
[1] TRUE
Running SuSiE.

=====================================
Tissue: Testis 
=====================================
[1] TRUE
Running SuSiE.

=====================================
Tissue: Thyroid 
=====================================
[1] TRUE
Running SuSiE.

=====================================
Tissue: Uterus 
=====================================
[1] TRUE
Running SuSiE.

=====================================
Tissue: Vagina 
=====================================
[1] TRUE
Running SuSiE.
[2026-09-01 13:09:20] starting PGR
Importing covariate data.
Importing gene expression data.
Found 27 tissues for gene PGR :
 [1] "Adipose Tissue"  "Adrenal Gland"   "Blood"           "Blood Vessel"   
 [5] "Brain"           "Breast"          "Colon"           "Esophagus"      
 [9] "Heart"           "Kidney"          "Liver"           "Lung"           
[13] "Muscle"          "Nerve"           "Ovary"           "Pancreas"       
[17] "Pituitary"       "Prostate"        "Salivary Gland"  "Skin"           
[21] "Small Intestine" "Spleen"          "Stomach"         "Testis"         
[25] "Thyroid"         "Uterus"          "Vagina"         
Extracting genotype data from PLINK file.
PLINK v2.0.0-a.7LM 64-bit Intel (11 Mar 2026)       cog-genomics.org/plink/2.0/
(C) 2005-2026 Shaun Purcell, Christopher Chang    GNU General Public License v3
Logging to /project2/mstephens/wdenault/susie_mix/temp_plink/plink_PGR.log.
Options in effect:
  --bfile /project2/mstephens/gtex/GTEx_Analysis_2017-06-05_v8_WholeGenomeSeq_866Indiv
  --chr 11
  --export A
  --from-bp 100629813
  --maf 0
  --max-alleles 2
  --memory 8000
  --out /project2/mstephens/wdenault/susie_mix/temp_plink/plink_PGR
  --rm-dup exclude-all
  --snps-only
  --threads 2
  --to-bp 101629813

Start time: Tue Sep  1 13:10:19 2026
63727 MiB RAM detected, ~34022 available; reserving 8000 MiB for main
workspace.
Using up to 2 compute threads.
866 samples (0 females, 0 males, 866 ambiguous; 866 founders) loaded from
/project2/mstephens/gtex/GTEx_Analysis_2017-06-05_v8_WholeGenomeSeq_866Indiv.fam.
67234533 variants in
/project2/mstephens/gtex/GTEx_Analysis_2017-06-05_v8_WholeGenomeSeq_866Indiv.bim;
64515227 excluded by --chr + --max-alleles + --snps-only, 2719306 remaining.
Note: No phenotype data present.
Note: Skipping --rm-dup since no duplicate IDs are present.
19194 variants remaining after main filters.
--export A pass 1/1: loading... 0%writing... 0%1%2%3%4%5%6%7%8%9%10%11%12%13%14%15%16%17%18%19%20%21%22%23%24%25%26%27%28%29%30%31%32%33%34%35%36%37%38%39%40%41%42%43%44%45%46%47%48%49%50%51%52%53%54%55%56%57%58%59%60%61%62%63%64%65%66%67%68%69%70%71%72%73%74%75%76%77%78%79%80%81%82%83%84%85%86%87%88%89%90%91%92%93%94%95%96%97%98%99% done.
--export A: /project2/mstephens/wdenault/susie_mix/temp_plink/plink_PGR.raw
written.
End time: Tue Sep  1 13:10:24 2026
15 SNP(s) removed because HWE P < 1e-08 :
 [1] "chr11_100657041_A_G_b38_A" "chr11_100750325_T_C_b38_T"
 [3] "chr11_100750351_A_G_b38_A" "chr11_100827497_C_T_b38_C"
 [5] "chr11_101219547_G_A_b38_G" "chr11_101219557_C_G_b38_C"
 [7] "chr11_101219634_T_C_b38_T" "chr11_101219648_C_T_b38_C"
 [9] "chr11_101219650_A_G_b38_A" "chr11_101219657_C_G_b38_C"
[11] "chr11_101219664_C_T_b38_C" "chr11_101219696_C_T_b38_C"
[13] "chr11_101219703_A_C_b38_A" "chr11_101219708_A_G_b38_A"
[15] "chr11_101219714_A_G_b38_A"

=====================================
Tissue: Adipose Tissue 
=====================================
[1] TRUE
Running SuSiE.

=====================================
Tissue: Adrenal Gland 
=====================================
[1] TRUE
Running SuSiE.

=====================================
Tissue: Blood 
=====================================
[1] TRUE
Running SuSiE.

=====================================
Tissue: Blood Vessel 
=====================================
[1] TRUE
Running SuSiE.

=====================================
Tissue: Brain 
=====================================
[1] TRUE
Running SuSiE.

=====================================
Tissue: Breast 
=====================================
[1] TRUE
Running SuSiE.

=====================================
Tissue: Colon 
=====================================
[1] TRUE
Running SuSiE.

=====================================
Tissue: Esophagus 
=====================================
[1] TRUE
Running SuSiE.

=====================================
Tissue: Heart 
=====================================
[1] TRUE
Running SuSiE.

=====================================
Tissue: Kidney 
=====================================
[1] TRUE
Running SuSiE.

=====================================
Tissue: Liver 
=====================================
[1] TRUE
Running SuSiE.

=====================================
Tissue: Lung 
=====================================
[1] TRUE
Running SuSiE.

=====================================
Tissue: Muscle 
=====================================
[1] TRUE
Running SuSiE.

=====================================
Tissue: Nerve 
=====================================
[1] TRUE
Running SuSiE.

=====================================
Tissue: Ovary 
=====================================
[1] TRUE
Running SuSiE.

=====================================
Tissue: Pancreas 
=====================================
[1] TRUE
Running SuSiE.

=====================================
Tissue: Pituitary 
=====================================
[1] TRUE
Running SuSiE.

=====================================
Tissue: Prostate 
=====================================
[1] TRUE
Running SuSiE.

=====================================
Tissue: Salivary Gland 
=====================================
[1] TRUE
Running SuSiE.

=====================================
Tissue: Skin 
=====================================
[1] TRUE
Running SuSiE.

=====================================
Tissue: Small Intestine 
=====================================
[1] TRUE
Running SuSiE.

=====================================
Tissue: Spleen 
=====================================
[1] TRUE
Running SuSiE.

=====================================
Tissue: Stomach 
=====================================
[1] TRUE
Running SuSiE.

=====================================
Tissue: Testis 
=====================================
[1] TRUE
Running SuSiE.

=====================================
Tissue: Thyroid 
=====================================
[1] TRUE
Running SuSiE.

=====================================
Tissue: Uterus 
=====================================
[1] TRUE
Running SuSiE.

=====================================
Tissue: Vagina 
=====================================
[1] TRUE
Running SuSiE.
[2026-09-01 13:13:01] starting PGRMC1
Importing covariate data.
Importing gene expression data.
Found 27 tissues for gene PGRMC1 :
 [1] "Adipose Tissue"  "Adrenal Gland"   "Blood"           "Blood Vessel"   
 [5] "Brain"           "Breast"          "Colon"           "Esophagus"      
 [9] "Heart"           "Kidney"          "Liver"           "Lung"           
[13] "Muscle"          "Nerve"           "Ovary"           "Pancreas"       
[17] "Pituitary"       "Prostate"        "Salivary Gland"  "Skin"           
[21] "Small Intestine" "Spleen"          "Stomach"         "Testis"         
[25] "Thyroid"         "Uterus"          "Vagina"         
Extracting genotype data from PLINK file.
PLINK v2.0.0-a.7LM 64-bit Intel (11 Mar 2026)       cog-genomics.org/plink/2.0/
(C) 2005-2026 Shaun Purcell, Christopher Chang    GNU General Public License v3
Logging to /project2/mstephens/wdenault/susie_mix/temp_plink/plink_PGRMC1.log.
Options in effect:
  --bfile /project2/mstephens/gtex/GTEx_Analysis_2017-06-05_v8_WholeGenomeSeq_866Indiv
  --chr X
  --export A
  --from-bp 118736245
  --maf 0
  --max-alleles 2
  --memory 8000
  --out /project2/mstephens/wdenault/susie_mix/temp_plink/plink_PGRMC1
  --rm-dup exclude-all
  --snps-only
  --threads 2
  --to-bp 119736245

Start time: Tue Sep  1 13:14:00 2026
63727 MiB RAM detected, ~34040 available; reserving 8000 MiB for main
workspace.
Using up to 2 compute threads.
866 samples (0 females, 0 males, 866 ambiguous; 866 founders) loaded from
/project2/mstephens/gtex/GTEx_Analysis_2017-06-05_v8_WholeGenomeSeq_866Indiv.fam.
End time: Tue Sep  1 13:14:05 2026
[2026-09-01 13:14:05] starting PGRMC2
Importing covariate data.
Importing gene expression data.
Found 27 tissues for gene PGRMC2 :
 [1] "Adipose Tissue"  "Adrenal Gland"   "Blood"           "Blood Vessel"   
 [5] "Brain"           "Breast"          "Colon"           "Esophagus"      
 [9] "Heart"           "Kidney"          "Liver"           "Lung"           
[13] "Muscle"          "Nerve"           "Ovary"           "Pancreas"       
[17] "Pituitary"       "Prostate"        "Salivary Gland"  "Skin"           
[21] "Small Intestine" "Spleen"          "Stomach"         "Testis"         
[25] "Thyroid"         "Uterus"          "Vagina"         
Extracting genotype data from PLINK file.
PLINK v2.0.0-a.7LM 64-bit Intel (11 Mar 2026)       cog-genomics.org/plink/2.0/
(C) 2005-2026 Shaun Purcell, Christopher Chang    GNU General Public License v3
Logging to /project2/mstephens/wdenault/susie_mix/temp_plink/plink_PGRMC2.log.
Options in effect:
  --bfile /project2/mstephens/gtex/GTEx_Analysis_2017-06-05_v8_WholeGenomeSeq_866Indiv
  --chr 4
  --export A
  --from-bp 127788829
  --maf 0
  --max-alleles 2
  --memory 8000
  --out /project2/mstephens/wdenault/susie_mix/temp_plink/plink_PGRMC2
  --rm-dup exclude-all
  --snps-only
  --threads 2
  --to-bp 128788829

Start time: Tue Sep  1 13:15:04 2026
63727 MiB RAM detected, ~31605 available; reserving 8000 MiB for main
workspace.
Using up to 2 compute threads.
866 samples (0 females, 0 males, 866 ambiguous; 866 founders) loaded from
/project2/mstephens/gtex/GTEx_Analysis_2017-06-05_v8_WholeGenomeSeq_866Indiv.fam.
67234533 variants in
/project2/mstephens/gtex/GTEx_Analysis_2017-06-05_v8_WholeGenomeSeq_866Indiv.bim;
63536433 excluded by --chr + --max-alleles + --snps-only, 3698100 remaining.
Note: No phenotype data present.
Note: Skipping --rm-dup since no duplicate IDs are present.
16915 variants remaining after main filters.
--export A pass 1/1: loading... 0%35% writing... 0%1%2%3%4%5%6%7%8%9%10%11%12%13%14%15%16%17%18%19%20%21%22%23%24%25%26%27%28%29%30%31%32%33%34%35%36%37%38%39%40%41%42%43%44%45%46%47%48%49%50%51%52%53%54%55%56%57%58%59%60%61%62%63%64%65%66%67%68%69%70%71%72%73%74%75%76%77%78%79%80%81%82%83%84%85%86%87%88%89%90%91%92%93%94%95%96%97%98%99% done.
--export A: /project2/mstephens/wdenault/susie_mix/temp_plink/plink_PGRMC2.raw
written.
End time: Tue Sep  1 13:15:09 2026
21 SNP(s) removed because HWE P < 1e-08 :
 [1] "chr4_128083821_C_T_b38_C" "chr4_128083827_G_A_b38_G"
 [3] "chr4_128381786_A_C_b38_A" "chr4_128582474_A_T_b38_A"
 [5] "chr4_128586178_T_G_b38_T" "chr4_128586322_G_A_b38_G"
 [7] "chr4_128588195_G_A_b38_G" "chr4_128588409_T_C_b38_T"
 [9] "chr4_128588427_A_G_b38_A" "chr4_128589572_C_T_b38_C"
[11] "chr4_128590292_A_G_b38_A" "chr4_128591163_C_T_b38_C"
[13] "chr4_128593272_T_C_b38_T" "chr4_128593405_G_A_b38_G"
[15] "chr4_128598988_T_C_b38_T" "chr4_128599895_C_T_b38_C"
[17] "chr4_128620364_C_T_b38_C" "chr4_128707439_T_C_b38_T"
[19] "chr4_128707579_G_A_b38_G" "chr4_128721267_T_C_b38_T"
[21] "chr4_128788089_A_G_b38_A"

=====================================
Tissue: Adipose Tissue 
=====================================
[1] TRUE
Running SuSiE.

=====================================
Tissue: Adrenal Gland 
=====================================
[1] TRUE
Running SuSiE.

=====================================
Tissue: Blood 
=====================================
[1] TRUE
Running SuSiE.

=====================================
Tissue: Blood Vessel 
=====================================
[1] TRUE
Running SuSiE.

=====================================
Tissue: Brain 
=====================================
[1] TRUE
Running SuSiE.

=====================================
Tissue: Breast 
=====================================
[1] TRUE
Running SuSiE.

=====================================
Tissue: Colon 
=====================================
[1] TRUE
Running SuSiE.

=====================================
Tissue: Esophagus 
=====================================
[1] TRUE
Running SuSiE.

=====================================
Tissue: Heart 
=====================================
[1] TRUE
Running SuSiE.

=====================================
Tissue: Kidney 
=====================================
[1] TRUE
Running SuSiE.

=====================================
Tissue: Liver 
=====================================
[1] TRUE
Running SuSiE.

=====================================
Tissue: Lung 
=====================================
[1] TRUE
Running SuSiE.

=====================================
Tissue: Muscle 
=====================================
[1] TRUE
Running SuSiE.

=====================================
Tissue: Nerve 
=====================================
[1] TRUE
Running SuSiE.

=====================================
Tissue: Ovary 
=====================================
[1] TRUE
Running SuSiE.

=====================================
Tissue: Pancreas 
=====================================
[1] TRUE
Running SuSiE.

=====================================
Tissue: Pituitary 
=====================================
[1] TRUE
Running SuSiE.

=====================================
Tissue: Prostate 
=====================================
[1] TRUE
Running SuSiE.

=====================================
Tissue: Salivary Gland 
=====================================
[1] TRUE
Running SuSiE.

=====================================
Tissue: Skin 
=====================================
[1] TRUE
Running SuSiE.

=====================================
Tissue: Small Intestine 
=====================================
[1] TRUE
Running SuSiE.

=====================================
Tissue: Spleen 
=====================================
[1] TRUE
Running SuSiE.

=====================================
Tissue: Stomach 
=====================================
[1] TRUE
Running SuSiE.

=====================================
Tissue: Testis 
=====================================
[1] TRUE
Running SuSiE.

=====================================
Tissue: Thyroid 
=====================================
[1] TRUE
Running SuSiE.

=====================================
Tissue: Uterus 
=====================================
[1] TRUE
Running SuSiE.

=====================================
Tissue: Vagina 
=====================================
[1] TRUE
Running SuSiE.
[2026-09-01 13:16:17] starting PGS1
Importing covariate data.
Importing gene expression data.
Found 27 tissues for gene PGS1 :
 [1] "Adipose Tissue"  "Adrenal Gland"   "Blood"           "Blood Vessel"   
 [5] "Brain"           "Breast"          "Colon"           "Esophagus"      
 [9] "Heart"           "Kidney"          "Liver"           "Lung"           
[13] "Muscle"          "Nerve"           "Ovary"           "Pancreas"       
[17] "Pituitary"       "Prostate"        "Salivary Gland"  "Skin"           
[21] "Small Intestine" "Spleen"          "Stomach"         "Testis"         
[25] "Thyroid"         "Uterus"          "Vagina"         
Extracting genotype data from PLINK file.
PLINK v2.0.0-a.7LM 64-bit Intel (11 Mar 2026)       cog-genomics.org/plink/2.0/
(C) 2005-2026 Shaun Purcell, Christopher Chang    GNU General Public License v3
Logging to /project2/mstephens/wdenault/susie_mix/temp_plink/plink_PGS1.log.
Options in effect:
  --bfile /project2/mstephens/gtex/GTEx_Analysis_2017-06-05_v8_WholeGenomeSeq_866Indiv
  --chr 17
  --export A
  --from-bp 77878649
  --maf 0
  --max-alleles 2
  --memory 8000
  --out /project2/mstephens/wdenault/susie_mix/temp_plink/plink_PGS1
  --rm-dup exclude-all
  --snps-only
  --threads 2
  --to-bp 78878649

Start time: Tue Sep  1 13:17:15 2026
63727 MiB RAM detected, ~30291 available; reserving 8000 MiB for main
workspace.
Using up to 2 compute threads.
866 samples (0 females, 0 males, 866 ambiguous; 866 founders) loaded from
/project2/mstephens/gtex/GTEx_Analysis_2017-06-05_v8_WholeGenomeSeq_866Indiv.fam.
67234533 variants in
/project2/mstephens/gtex/GTEx_Analysis_2017-06-05_v8_WholeGenomeSeq_866Indiv.bim;
65601655 excluded by --chr + --max-alleles + --snps-only, 1632878 remaining.
Note: No phenotype data present.
Note: Skipping --rm-dup since no duplicate IDs are present.
23111 variants remaining after main filters.
--export A pass 1/1: loading... 0%writing... 0%1%2%3%4%5%6%7%8%9%10%11%12%13%14%15%16%17%18%19%20%21%22%23%24%25%26%27%28%29%30%31%32%33%34%35%36%37%38%39%40%41%42%43%44%45%46%47%48%49%50%51%52%53%54%55%56%57%58%59%60%61%62%63%64%65%66%67%68%69%70%71%72%73%74%75%76%77%78%79%80%81%82%83%84%85%86%87%88%89%90%91%92%93%94%95%96%97%98%99% done.
--export A: /project2/mstephens/wdenault/susie_mix/temp_plink/plink_PGS1.raw
written.
End time: Tue Sep  1 13:17:21 2026
14 SNP(s) removed because HWE P < 1e-08 :
 [1] "chr17_78143123_C_G_b38_C" "chr17_78143132_G_T_b38_G"
 [3] "chr17_78143139_C_T_b38_C" "chr17_78143140_A_G_b38_A"
 [5] "chr17_78143143_C_T_b38_C" "chr17_78155747_C_A_b38_C"
 [7] "chr17_78155918_C_G_b38_C" "chr17_78196651_C_G_b38_C"
 [9] "chr17_78357712_A_G_b38_A" "chr17_78397332_G_A_b38_G"
[11] "chr17_78584512_C_G_b38_C" "chr17_78815225_A_G_b38_A"
[13] "chr17_78818033_G_T_b38_G" "chr17_78818034_C_G_b38_C"

=====================================
Tissue: Adipose Tissue 
=====================================
[1] TRUE
Running SuSiE.

=====================================
Tissue: Adrenal Gland 
=====================================
[1] TRUE
Running SuSiE.

=====================================
Tissue: Blood 
=====================================
[1] TRUE
Running SuSiE.

=====================================
Tissue: Blood Vessel 
=====================================
[1] TRUE
Running SuSiE.

=====================================
Tissue: Brain 
=====================================
[1] TRUE
Running SuSiE.

=====================================
Tissue: Breast 
=====================================
[1] TRUE
Running SuSiE.

=====================================
Tissue: Colon 
=====================================
[1] TRUE
Running SuSiE.

=====================================
Tissue: Esophagus 
=====================================
[1] TRUE
Running SuSiE.

=====================================
Tissue: Heart 
=====================================
[1] TRUE
Running SuSiE.

=====================================
Tissue: Kidney 
=====================================
[1] TRUE
Running SuSiE.

=====================================
Tissue: Liver 
=====================================
[1] TRUE
Running SuSiE.

=====================================
Tissue: Lung 
=====================================
[1] TRUE
Running SuSiE.

=====================================
Tissue: Muscle 
=====================================
[1] TRUE
Running SuSiE.

=====================================
Tissue: Nerve 
=====================================
[1] TRUE
Running SuSiE.

=====================================
Tissue: Ovary 
=====================================
[1] TRUE
Running SuSiE.

=====================================
Tissue: Pancreas 
=====================================
[1] TRUE
Running SuSiE.

=====================================
Tissue: Pituitary 
=====================================
[1] TRUE
Running SuSiE.

=====================================
Tissue: Prostate 
=====================================
[1] TRUE
Running SuSiE.

=====================================
Tissue: Salivary Gland 
=====================================
[1] TRUE
Running SuSiE.

=====================================
Tissue: Skin 
=====================================
[1] TRUE
Running SuSiE.

=====================================
Tissue: Small Intestine 
=====================================
[1] TRUE
Running SuSiE.

=====================================
Tissue: Spleen 
=====================================
[1] TRUE
Running SuSiE.

=====================================
Tissue: Stomach 
=====================================
[1] TRUE
Running SuSiE.

=====================================
Tissue: Testis 
=====================================
[1] TRUE
Running SuSiE.

=====================================
Tissue: Thyroid 
=====================================
[1] TRUE
Running SuSiE.

=====================================
Tissue: Uterus 
=====================================
[1] TRUE
Running SuSiE.

=====================================
Tissue: Vagina 
=====================================
[1] TRUE
Running SuSiE.
[2026-09-01 13:19:49] starting PHACTR1
Importing covariate data.
Importing gene expression data.
Found 27 tissues for gene PHACTR1 :
 [1] "Adipose Tissue"  "Adrenal Gland"   "Blood"           "Blood Vessel"   
 [5] "Brain"           "Breast"          "Colon"           "Esophagus"      
 [9] "Heart"           "Kidney"          "Liver"           "Lung"           
[13] "Muscle"          "Nerve"           "Ovary"           "Pancreas"       
[17] "Pituitary"       "Prostate"        "Salivary Gland"  "Skin"           
[21] "Small Intestine" "Spleen"          "Stomach"         "Testis"         
[25] "Thyroid"         "Uterus"          "Vagina"         
Extracting genotype data from PLINK file.
PLINK v2.0.0-a.7LM 64-bit Intel (11 Mar 2026)       cog-genomics.org/plink/2.0/
(C) 2005-2026 Shaun Purcell, Christopher Chang    GNU General Public License v3
Logging to /project2/mstephens/wdenault/susie_mix/temp_plink/plink_PHACTR1.log.
Options in effect:
  --bfile /project2/mstephens/gtex/GTEx_Analysis_2017-06-05_v8_WholeGenomeSeq_866Indiv
  --chr 6
  --export A
  --from-bp 12216554
  --maf 0
  --max-alleles 2
  --memory 8000
  --out /project2/mstephens/wdenault/susie_mix/temp_plink/plink_PHACTR1
  --rm-dup exclude-all
  --snps-only
  --threads 2
  --to-bp 13216554

Start time: Tue Sep  1 13:20:45 2026
63727 MiB RAM detected, ~30474 available; reserving 8000 MiB for main
workspace.
Using up to 2 compute threads.
866 samples (0 females, 0 males, 866 ambiguous; 866 founders) loaded from
/project2/mstephens/gtex/GTEx_Analysis_2017-06-05_v8_WholeGenomeSeq_866Indiv.fam.
67234533 variants in
/project2/mstephens/gtex/GTEx_Analysis_2017-06-05_v8_WholeGenomeSeq_866Indiv.bim;
64003927 excluded by --chr + --max-alleles + --snps-only, 3230606 remaining.
Note: No phenotype data present.
Note: Skipping --rm-dup since no duplicate IDs are present.
17705 variants remaining after main filters.
--export A pass 1/1: loading... 0%writing... 0%1%2%3%4%5%6%7%8%9%10%11%12%13%14%15%16%17%18%19%20%21%22%23%24%25%26%27%28%29%30%31%32%33%34%35%36%37%38%39%40%41%42%43%44%45%46%47%48%49%50%51%52%53%54%55%56%57%58%59%60%61%62%63%64%65%66%67%68%69%70%71%72%73%74%75%76%77%78%79%80%81%82%83%84%85%86%87%88%89%90%91%92%93%94%95%96%97%98%99% done.
--export A: /project2/mstephens/wdenault/susie_mix/temp_plink/plink_PHACTR1.raw
written.
End time: Tue Sep  1 13:20:51 2026
35 SNP(s) removed because HWE P < 1e-08 :
 [1] "chr6_12518051_T_C_b38_T" "chr6_12520976_T_A_b38_T"
 [3] "chr6_12521702_C_G_b38_C" "chr6_12530604_A_C_b38_A"
 [5] "chr6_12595043_C_T_b38_C" "chr6_12601001_G_T_b38_G"
 [7] "chr6_12606809_A_G_b38_A" "chr6_12671278_C_T_b38_C"
 [9] "chr6_12917594_G_A_b38_G" "chr6_12924810_G_A_b38_G"
[11] "chr6_12927651_G_A_b38_G" "chr6_12928146_A_G_b38_A"
[13] "chr6_12928171_G_A_b38_G" "chr6_12928288_T_C_b38_T"
[15] "chr6_12928346_A_G_b38_A" "chr6_12928650_G_A_b38_G"
[17] "chr6_12928801_G_T_b38_G" "chr6_12929790_T_C_b38_T"
[19] "chr6_12929968_T_A_b38_T" "chr6_12932609_T_C_b38_T"
[21] "chr6_12938382_A_G_b38_A" "chr6_13046948_G_A_b38_G"
[23] "chr6_13047528_C_T_b38_C" "chr6_13048502_G_A_b38_G"
[25] "chr6_13049342_C_T_b38_C" "chr6_13075638_G_A_b38_G"
[27] "chr6_13078597_G_A_b38_G" "chr6_13080219_C_T_b38_C"
[29] "chr6_13089453_A_G_b38_A" "chr6_13089491_G_A_b38_G"
[31] "chr6_13127577_C_G_b38_C" "chr6_13190287_A_G_b38_A"
[33] "chr6_13190330_C_T_b38_C" "chr6_13190980_T_C_b38_T"
[35] "chr6_13208631_A_C_b38_A"

=====================================
Tissue: Adipose Tissue 
=====================================
[1] TRUE
Running SuSiE.

=====================================
Tissue: Adrenal Gland 
=====================================
[1] TRUE
Running SuSiE.

=====================================
Tissue: Blood 
=====================================
[1] TRUE
Running SuSiE.

=====================================
Tissue: Blood Vessel 
=====================================
[1] TRUE
Running SuSiE.

=====================================
Tissue: Brain 
=====================================
[1] TRUE
Running SuSiE.

=====================================
Tissue: Breast 
=====================================
[1] TRUE
Running SuSiE.

=====================================
Tissue: Colon 
=====================================
[1] TRUE
Running SuSiE.

=====================================
Tissue: Esophagus 
=====================================
[1] TRUE
Running SuSiE.

=====================================
Tissue: Heart 
=====================================
[1] TRUE
Running SuSiE.

=====================================
Tissue: Kidney 
=====================================
[1] TRUE
Running SuSiE.

=====================================
Tissue: Liver 
=====================================
[1] TRUE
Running SuSiE.

=====================================
Tissue: Lung 
=====================================
[1] TRUE
Running SuSiE.

=====================================
Tissue: Muscle 
=====================================
[1] TRUE
Running SuSiE.

=====================================
Tissue: Nerve 
=====================================
[1] TRUE
Running SuSiE.

=====================================
Tissue: Ovary 
=====================================
[1] TRUE
Running SuSiE.

=====================================
Tissue: Pancreas 
=====================================
[1] TRUE
Running SuSiE.

=====================================
Tissue: Pituitary 
=====================================
[1] TRUE
Running SuSiE.

=====================================
Tissue: Prostate 
=====================================
[1] TRUE
Running SuSiE.

=====================================
Tissue: Salivary Gland 
=====================================
[1] TRUE
Running SuSiE.

=====================================
Tissue: Skin 
=====================================
[1] TRUE
Running SuSiE.

=====================================
Tissue: Small Intestine 
=====================================
[1] TRUE
Running SuSiE.

=====================================
Tissue: Spleen 
=====================================
[1] TRUE
Running SuSiE.

=====================================
Tissue: Stomach 
=====================================
[1] TRUE
Running SuSiE.

=====================================
Tissue: Testis 
=====================================
[1] TRUE
Running SuSiE.

=====================================
Tissue: Thyroid 
=====================================
[1] TRUE
Running SuSiE.

=====================================
Tissue: Uterus 
=====================================
[1] TRUE
Running SuSiE.

=====================================
Tissue: Vagina 
=====================================
[1] TRUE
Running SuSiE.
[2026-09-01 13:22:36] starting PHACTR2
Importing covariate data.
Importing gene expression data.
Found 27 tissues for gene PHACTR2 :
 [1] "Adipose Tissue"  "Adrenal Gland"   "Blood"           "Blood Vessel"   
 [5] "Brain"           "Breast"          "Colon"           "Esophagus"      
 [9] "Heart"           "Kidney"          "Liver"           "Lung"           
[13] "Muscle"          "Nerve"           "Ovary"           "Pancreas"       
[17] "Pituitary"       "Prostate"        "Salivary Gland"  "Skin"           
[21] "Small Intestine" "Spleen"          "Stomach"         "Testis"         
[25] "Thyroid"         "Uterus"          "Vagina"         
Extracting genotype data from PLINK file.
PLINK v2.0.0-a.7LM 64-bit Intel (11 Mar 2026)       cog-genomics.org/plink/2.0/
(C) 2005-2026 Shaun Purcell, Christopher Chang    GNU General Public License v3
Logging to /project2/mstephens/wdenault/susie_mix/temp_plink/plink_PHACTR2.log.
Options in effect:
  --bfile /project2/mstephens/gtex/GTEx_Analysis_2017-06-05_v8_WholeGenomeSeq_866Indiv
  --chr 6
  --export A
  --from-bp 143036845
  --maf 0
  --max-alleles 2
  --memory 8000
  --out /project2/mstephens/wdenault/susie_mix/temp_plink/plink_PHACTR2
  --rm-dup exclude-all
  --snps-only
  --threads 2
  --to-bp 144036845

Start time: Tue Sep  1 13:23:31 2026
63727 MiB RAM detected, ~31060 available; reserving 8000 MiB for main
workspace.
Using up to 2 compute threads.
866 samples (0 females, 0 males, 866 ambiguous; 866 founders) loaded from
/project2/mstephens/gtex/GTEx_Analysis_2017-06-05_v8_WholeGenomeSeq_866Indiv.fam.
67234533 variants in
/project2/mstephens/gtex/GTEx_Analysis_2017-06-05_v8_WholeGenomeSeq_866Indiv.bim;
64003927 excluded by --chr + --max-alleles + --snps-only, 3230606 remaining.
Note: No phenotype data present.
Note: Skipping --rm-dup since no duplicate IDs are present.
17011 variants remaining after main filters.
--export A pass 1/1: loading... 0%19% writing... 0%1%2%3%4%5%6%7%8%9%10%11%12%13%14%15%16%17%18%19%20%21%22%23%24%25%26%27%28%29%30%31%32%33%34%35%36%37%38%39%40%41%42%43%44%45%46%47%48%49%50%51%52%53%54%55%56%57%58%59%60%61%62%63%64%65%66%67%68%69%70%71%72%73%74%75%76%77%78%79%80%81%82%83%84%85%86%87%88%89%90%91%92%93%94%95%96%97%98%99% done.
--export A: /project2/mstephens/wdenault/susie_mix/temp_plink/plink_PHACTR2.raw
written.
End time: Tue Sep  1 13:23:36 2026
76 SNP(s) removed because HWE P < 1e-08 :
 [1] "chr6_143037783_G_A_b38_G" "chr6_143054989_T_C_b38_T"
 [3] "chr6_143066202_T_C_b38_T" "chr6_143071671_A_G_b38_A"
 [5] "chr6_143071689_G_T_b38_G" "chr6_143071949_T_C_b38_T"
 [7] "chr6_143073047_C_T_b38_C" "chr6_143073458_C_G_b38_C"
 [9] "chr6_143073864_A_G_b38_A" "chr6_143073895_A_C_b38_A"
[11] "chr6_143076349_T_C_b38_T" "chr6_143076553_T_C_b38_T"
[13] "chr6_143079531_A_G_b38_A" "chr6_143079930_T_A_b38_T"
[15] "chr6_143080550_C_T_b38_C" "chr6_143085392_C_T_b38_C"
[17] "chr6_143085826_G_A_b38_G" "chr6_143085936_A_G_b38_A"
[19] "chr6_143087264_G_A_b38_G" "chr6_143087609_A_G_b38_A"
[21] "chr6_143089040_A_G_b38_A" "chr6_143089160_G_T_b38_G"
[23] "chr6_143089309_G_T_b38_G" "chr6_143089416_C_T_b38_C"
[25] "chr6_143092261_T_G_b38_T" "chr6_143094281_T_C_b38_T"
[27] "chr6_143098954_A_T_b38_A" "chr6_143100661_G_A_b38_G"
[29] "chr6_143106302_G_A_b38_G" "chr6_143106499_G_A_b38_G"
[31] "chr6_143107013_G_T_b38_G" "chr6_143108339_A_G_b38_A"
[33] "chr6_143108690_A_G_b38_A" "chr6_143109976_C_G_b38_C"
[35] "chr6_143110012_G_A_b38_G" "chr6_143110691_A_G_b38_A"
[37] "chr6_143111577_C_T_b38_C" "chr6_143113356_G_A_b38_G"
[39] "chr6_143113473_T_C_b38_T" "chr6_143115632_C_T_b38_C"
[41] "chr6_143116147_G_A_b38_G" "chr6_143117274_A_C_b38_A"
[43] "chr6_143117547_C_G_b38_C" "chr6_143118369_G_A_b38_G"
[45] "chr6_143120619_T_C_b38_T" "chr6_143121932_C_T_b38_C"
[47] "chr6_143122407_G_T_b38_G" "chr6_143132423_G_A_b38_G"
[49] "chr6_143242708_G_A_b38_G" "chr6_143247350_T_C_b38_T"
[51] "chr6_143248067_T_C_b38_T" "chr6_143268666_T_G_b38_T"
[53] "chr6_143268677_G_C_b38_G" "chr6_143303643_T_G_b38_T"
[55] "chr6_143338441_A_G_b38_A" "chr6_143346042_G_A_b38_G"
[57] "chr6_143353643_G_A_b38_G" "chr6_143359307_T_C_b38_T"
[59] "chr6_143363467_A_G_b38_A" "chr6_143365837_G_A_b38_G"
[61] "chr6_143373433_G_T_b38_G" "chr6_143373706_T_C_b38_T"
[63] "chr6_143375553_A_C_b38_A" "chr6_143380876_A_G_b38_A"
[65] "chr6_143386683_G_A_b38_G" "chr6_143388244_G_A_b38_G"
[67] "chr6_143388881_A_T_b38_A" "chr6_143390249_T_A_b38_T"
[69] "chr6_143391115_G_A_b38_G" "chr6_143391312_T_C_b38_T"
[71] "chr6_143394018_T_G_b38_T" "chr6_143396887_T_G_b38_T"
[73] "chr6_143540556_C_T_b38_C" "chr6_143717048_C_T_b38_C"
[75] "chr6_143719129_T_G_b38_T" "chr6_143901884_G_T_b38_G"

=====================================
Tissue: Adipose Tissue 
=====================================
[1] TRUE
Running SuSiE.

=====================================
Tissue: Adrenal Gland 
=====================================
[1] TRUE
Running SuSiE.

=====================================
Tissue: Blood 
=====================================
[1] TRUE
Running SuSiE.

=====================================
Tissue: Blood Vessel 
=====================================
[1] TRUE
Running SuSiE.

=====================================
Tissue: Brain 
=====================================
[1] TRUE
Running SuSiE.

=====================================
Tissue: Breast 
=====================================
[1] TRUE
Running SuSiE.

=====================================
Tissue: Colon 
=====================================
[1] TRUE
Running SuSiE.

=====================================
Tissue: Esophagus 
=====================================
[1] TRUE
Running SuSiE.

=====================================
Tissue: Heart 
=====================================
[1] TRUE
Running SuSiE.

=====================================
Tissue: Kidney 
=====================================
[1] TRUE
Running SuSiE.

=====================================
Tissue: Liver 
=====================================
[1] TRUE
Running SuSiE.

=====================================
Tissue: Lung 
=====================================
[1] TRUE
Running SuSiE.

=====================================
Tissue: Muscle 
=====================================
[1] TRUE
Running SuSiE.

=====================================
Tissue: Nerve 
=====================================
[1] TRUE
Running SuSiE.

=====================================
Tissue: Ovary 
=====================================
[1] TRUE
Running SuSiE.

=====================================
Tissue: Pancreas 
=====================================
[1] TRUE
Running SuSiE.

=====================================
Tissue: Pituitary 
=====================================
[1] TRUE
Running SuSiE.

=====================================
Tissue: Prostate 
=====================================
[1] TRUE
Running SuSiE.

=====================================
Tissue: Salivary Gland 
=====================================
[1] TRUE
Running SuSiE.

=====================================
Tissue: Skin 
=====================================
[1] TRUE
Running SuSiE.

=====================================
Tissue: Small Intestine 
=====================================
[1] TRUE
Running SuSiE.

=====================================
Tissue: Spleen 
=====================================
[1] TRUE
Running SuSiE.

=====================================
Tissue: Stomach 
=====================================
[1] TRUE
Running SuSiE.

=====================================
Tissue: Testis 
=====================================
[1] TRUE
Running SuSiE.

=====================================
Tissue: Thyroid 
=====================================
[1] TRUE
Running SuSiE.

=====================================
Tissue: Uterus 
=====================================
[1] TRUE
Running SuSiE.

=====================================
Tissue: Vagina 
=====================================
[1] TRUE
Running SuSiE.
[2026-09-01 13:25:22] starting PHACTR3
Importing covariate data.
Importing gene expression data.
Found 27 tissues for gene PHACTR3 :
 [1] "Adipose Tissue"  "Adrenal Gland"   "Blood"           "Blood Vessel"   
 [5] "Brain"           "Breast"          "Colon"           "Esophagus"      
 [9] "Heart"           "Kidney"          "Liver"           "Lung"           
[13] "Muscle"          "Nerve"           "Ovary"           "Pancreas"       
[17] "Pituitary"       "Prostate"        "Salivary Gland"  "Skin"           
[21] "Small Intestine" "Spleen"          "Stomach"         "Testis"         
[25] "Thyroid"         "Uterus"          "Vagina"         
Extracting genotype data from PLINK file.
PLINK v2.0.0-a.7LM 64-bit Intel (11 Mar 2026)       cog-genomics.org/plink/2.0/
(C) 2005-2026 Shaun Purcell, Christopher Chang    GNU General Public License v3
Logging to /project2/mstephens/wdenault/susie_mix/temp_plink/plink_PHACTR3.log.
Options in effect:
  --bfile /project2/mstephens/gtex/GTEx_Analysis_2017-06-05_v8_WholeGenomeSeq_866Indiv
  --chr 20
  --export A
  --from-bp 59077509
  --maf 0
  --max-alleles 2
  --memory 8000
  --out /project2/mstephens/wdenault/susie_mix/temp_plink/plink_PHACTR3
  --rm-dup exclude-all
  --snps-only
  --threads 2
  --to-bp 60077509

Start time: Tue Sep  1 13:26:16 2026
63727 MiB RAM detected, ~34317 available; reserving 8000 MiB for main
workspace.
Using up to 2 compute threads.
866 samples (0 females, 0 males, 866 ambiguous; 866 founders) loaded from
/project2/mstephens/gtex/GTEx_Analysis_2017-06-05_v8_WholeGenomeSeq_866Indiv.fam.
67234533 variants in
/project2/mstephens/gtex/GTEx_Analysis_2017-06-05_v8_WholeGenomeSeq_866Indiv.bim;
65857659 excluded by --chr + --max-alleles + --snps-only, 1376874 remaining.
Note: No phenotype data present.
Note: Skipping --rm-dup since no duplicate IDs are present.
18627 variants remaining after main filters.
--export A pass 1/1: loading... 0%59% writing... 0%1%2%3%4%5%6%7%8%9%10%11%12%13%14%15%16%17%18%19%20%21%22%23%24%25%26%27%28%29%30%31%32%33%34%35%36%37%38%39%40%41%42%43%44%45%46%47%48%49%50%51%52%53%54%55%56%57%58%59%60%61%62%63%64%65%66%67%68%69%70%71%72%73%74%75%76%77%78%79%80%81%82%83%84%85%86%87%88%89%90%91%92%93%94%95%96%97%98%99% done.
--export A: /project2/mstephens/wdenault/susie_mix/temp_plink/plink_PHACTR3.raw
written.
End time: Tue Sep  1 13:26:22 2026
95 SNP(s) removed because HWE P < 1e-08 :
 [1] "chr20_59137269_T_C_b38_T" "chr20_59139218_C_T_b38_C"
 [3] "chr20_59144236_G_A_b38_G" "chr20_59212050_C_T_b38_C"
 [5] "chr20_59257044_G_A_b38_G" "chr20_59257120_A_C_b38_A"
 [7] "chr20_59302829_T_C_b38_T" "chr20_59308760_C_T_b38_C"
 [9] "chr20_59309446_T_C_b38_T" "chr20_59309911_G_A_b38_G"
[11] "chr20_59310803_A_G_b38_A" "chr20_59314488_G_C_b38_G"
[13] "chr20_59314884_A_G_b38_A" "chr20_59316650_T_C_b38_T"
[15] "chr20_59316773_T_A_b38_T" "chr20_59317474_C_T_b38_C"
[17] "chr20_59320358_T_C_b38_T" "chr20_59324068_G_A_b38_G"
[19] "chr20_59327749_C_G_b38_C" "chr20_59328491_T_G_b38_T"
[21] "chr20_59338709_G_A_b38_G" "chr20_59338758_C_T_b38_C"
[23] "chr20_59338951_C_T_b38_C" "chr20_59338978_G_A_b38_G"
[25] "chr20_59338983_A_G_b38_A" "chr20_59338985_G_C_b38_G"
[27] "chr20_59338991_T_C_b38_T" "chr20_59339078_C_T_b38_C"
[29] "chr20_59339134_G_A_b38_G" "chr20_59339197_T_C_b38_T"
[31] "chr20_59339199_C_G_b38_C" "chr20_59339204_G_A_b38_G"
[33] "chr20_59339218_G_A_b38_G" "chr20_59528773_T_C_b38_T"
[35] "chr20_59703576_G_A_b38_G" "chr20_59707500_T_A_b38_T"
[37] "chr20_59707665_A_G_b38_A" "chr20_59711026_T_C_b38_T"
[39] "chr20_59713554_C_T_b38_C" "chr20_59740677_T_C_b38_T"
[41] "chr20_59741431_T_A_b38_T" "chr20_59745860_G_C_b38_G"
[43] "chr20_59782611_G_A_b38_G" "chr20_59782659_T_C_b38_T"
[45] "chr20_59782737_C_T_b38_C" "chr20_59783212_C_G_b38_C"
[47] "chr20_59783536_A_G_b38_A" "chr20_59783669_T_C_b38_T"
[49] "chr20_59783978_G_C_b38_G" "chr20_59784054_G_A_b38_G"
[51] "chr20_59784107_G_A_b38_G" "chr20_59784201_C_T_b38_C"
[53] "chr20_59784246_G_A_b38_G" "chr20_59784272_G_T_b38_G"
[55] "chr20_59784538_A_G_b38_A" "chr20_59784880_A_G_b38_A"
[57] "chr20_59785332_C_T_b38_C" "chr20_59785864_T_C_b38_T"
[59] "chr20_59785929_C_T_b38_C" "chr20_59786366_A_C_b38_A"
[61] "chr20_59788034_A_C_b38_A" "chr20_59788091_A_T_b38_A"
[63] "chr20_59788098_G_T_b38_G" "chr20_59791021_C_T_b38_C"
[65] "chr20_59793668_T_C_b38_T" "chr20_59798749_C_T_b38_C"
[67] "chr20_59800873_A_G_b38_A" "chr20_59800947_C_A_b38_C"
[69] "chr20_59805449_G_C_b38_G" "chr20_59805580_C_T_b38_C"
[71] "chr20_59805790_G_A_b38_G" "chr20_59807448_G_A_b38_G"
[73] "chr20_59810865_C_T_b38_C" "chr20_59831166_T_C_b38_T"
[75] "chr20_59933085_A_G_b38_A" "chr20_59949474_C_T_b38_C"
[77] "chr20_59961411_G_A_b38_G" "chr20_59972821_T_C_b38_T"
[79] "chr20_59993317_G_A_b38_G" "chr20_59995040_T_C_b38_T"
[81] "chr20_59997087_G_A_b38_G" "chr20_59997172_T_A_b38_T"
[83] "chr20_59997451_G_A_b38_G" "chr20_59997901_A_C_b38_A"
[85] "chr20_60000608_T_C_b38_T" "chr20_60003957_C_A_b38_C"
[87] "chr20_60004957_T_C_b38_T" "chr20_60006808_G_C_b38_G"
[89] "chr20_60006818_A_G_b38_A" "chr20_60007054_C_T_b38_C"
[91] "chr20_60007602_C_G_b38_C" "chr20_60008152_A_G_b38_A"
[93] "chr20_60009840_T_C_b38_T" "chr20_60010954_T_C_b38_T"
[95] "chr20_60026392_G_T_b38_G"

=====================================
Tissue: Adipose Tissue 
=====================================
[1] TRUE
Running SuSiE.

=====================================
Tissue: Adrenal Gland 
=====================================
[1] TRUE
Running SuSiE.

=====================================
Tissue: Blood 
=====================================
[1] TRUE
Running SuSiE.

=====================================
Tissue: Blood Vessel 
=====================================
[1] TRUE
Running SuSiE.

=====================================
Tissue: Brain 
=====================================
[1] TRUE
Running SuSiE.

=====================================
Tissue: Breast 
=====================================
[1] TRUE
Running SuSiE.

=====================================
Tissue: Colon 
=====================================
[1] TRUE
Running SuSiE.

=====================================
Tissue: Esophagus 
=====================================
[1] TRUE
Running SuSiE.

=====================================
Tissue: Heart 
=====================================
[1] TRUE
Running SuSiE.

=====================================
Tissue: Kidney 
=====================================
[1] TRUE
Running SuSiE.

=====================================
Tissue: Liver 
=====================================
[1] TRUE
Running SuSiE.

=====================================
Tissue: Lung 
=====================================
[1] TRUE
Running SuSiE.

=====================================
Tissue: Muscle 
=====================================
[1] TRUE
Running SuSiE.

=====================================
Tissue: Nerve 
=====================================
[1] TRUE
Running SuSiE.

=====================================
Tissue: Ovary 
=====================================
[1] TRUE
Running SuSiE.

=====================================
Tissue: Pancreas 
=====================================
[1] TRUE
Running SuSiE.

=====================================
Tissue: Pituitary 
=====================================
[1] TRUE
Running SuSiE.

=====================================
Tissue: Prostate 
=====================================
[1] TRUE
Running SuSiE.

=====================================
Tissue: Salivary Gland 
=====================================
[1] TRUE
Running SuSiE.

=====================================
Tissue: Skin 
=====================================
[1] TRUE
Running SuSiE.

=====================================
Tissue: Small Intestine 
=====================================
[1] TRUE
Running SuSiE.

=====================================
Tissue: Spleen 
=====================================
[1] TRUE
Running SuSiE.

=====================================
Tissue: Stomach 
=====================================
[1] TRUE
Running SuSiE.

=====================================
Tissue: Testis 
=====================================
[1] TRUE
Running SuSiE.

=====================================
Tissue: Thyroid 
=====================================
[1] TRUE
Running SuSiE.

=====================================
Tissue: Uterus 
=====================================
[1] TRUE
Running SuSiE.

=====================================
Tissue: Vagina 
=====================================
[1] TRUE
Running SuSiE.
[2026-09-01 13:27:53] starting PHACTR4
Importing covariate data.
Importing gene expression data.
Found 27 tissues for gene PHACTR4 :
 [1] "Adipose Tissue"  "Adrenal Gland"   "Blood"           "Blood Vessel"   
 [5] "Brain"           "Breast"          "Colon"           "Esophagus"      
 [9] "Heart"           "Kidney"          "Liver"           "Lung"           
[13] "Muscle"          "Nerve"           "Ovary"           "Pancreas"       
[17] "Pituitary"       "Prostate"        "Salivary Gland"  "Skin"           
[21] "Small Intestine" "Spleen"          "Stomach"         "Testis"         
[25] "Thyroid"         "Uterus"          "Vagina"         
137 SNP(s) removed because HWE P < 1e-08 :
  [1] "chr1_28384807_G_A_b38_G" "chr1_28385857_C_T_b38_C"
  [3] "chr1_28391203_T_G_b38_T" "chr1_28399164_T_A_b38_T"
  [5] "chr1_28409839_T_C_b38_T" "chr1_28411754_G_T_b38_G"
  [7] "chr1_28421126_A_G_b38_A" "chr1_28428385_C_A_b38_C"
  [9] "chr1_28430885_T_C_b38_T" "chr1_28431361_A_G_b38_A"
 [11] "chr1_28431976_C_T_b38_C" "chr1_28435106_C_T_b38_C"
 [13] "chr1_28437817_A_G_b38_A" "chr1_28441852_T_C_b38_T"
 [15] "chr1_28444316_G_A_b38_G" "chr1_28444388_A_C_b38_A"
 [17] "chr1_28444630_T_A_b38_T" "chr1_28444862_C_T_b38_C"
 [19] "chr1_28445047_T_C_b38_T" "chr1_28445434_C_T_b38_C"
 [21] "chr1_28446001_T_A_b38_T" "chr1_28446636_G_A_b38_G"
 [23] "chr1_28448937_A_G_b38_A" "chr1_28449575_A_G_b38_A"
 [25] "chr1_28449975_A_C_b38_A" "chr1_28450173_C_T_b38_C"
 [27] "chr1_28450232_G_A_b38_G" "chr1_28450501_C_T_b38_C"
 [29] "chr1_28450700_A_G_b38_A" "chr1_28451514_T_C_b38_T"
 [31] "chr1_28451849_A_G_b38_A" "chr1_28452421_A_G_b38_A"
 [33] "chr1_28454363_A_G_b38_A" "chr1_28454404_G_A_b38_G"
 [35] "chr1_28455111_C_G_b38_C" "chr1_28455619_A_G_b38_A"
 [37] "chr1_28457133_C_T_b38_C" "chr1_28458360_T_C_b38_T"
 [39] "chr1_28458607_A_G_b38_A" "chr1_28460518_C_T_b38_C"
 [41] "chr1_28460601_T_A_b38_T" "chr1_28461191_G_A_b38_G"
 [43] "chr1_28462076_T_C_b38_T" "chr1_28462907_A_G_b38_A"
 [45] "chr1_28463665_G_A_b38_G" "chr1_28463716_T_C_b38_T"
 [47] "chr1_28463769_G_C_b38_G" "chr1_28464150_A_G_b38_A"
 [49] "chr1_28466530_G_A_b38_G" "chr1_28467074_G_A_b38_G"
 [51] "chr1_28467341_G_A_b38_G" "chr1_28467571_C_T_b38_C"
 [53] "chr1_28468460_T_C_b38_T" "chr1_28468787_G_A_b38_G"
 [55] "chr1_28469071_A_G_b38_A" "chr1_28470460_C_G_b38_C"
 [57] "chr1_28470844_T_C_b38_T" "chr1_28471133_A_G_b38_A"
 [59] "chr1_28471436_G_A_b38_G" "chr1_28471461_G_A_b38_G"
 [61] "chr1_28471699_T_C_b38_T" "chr1_28471939_C_T_b38_C"
 [63] "chr1_28472712_G_A_b38_G" "chr1_28472729_G_A_b38_G"
 [65] "chr1_28473765_C_A_b38_C" "chr1_28474867_G_T_b38_G"
 [67] "chr1_28475271_T_C_b38_T" "chr1_28475887_A_C_b38_A"
 [69] "chr1_28476069_A_G_b38_A" "chr1_28477756_C_T_b38_C"
 [71] "chr1_28477859_G_C_b38_G" "chr1_28477991_A_G_b38_A"
 [73] "chr1_28478185_G_A_b38_G" "chr1_28478595_C_A_b38_C"
 [75] "chr1_28479055_C_T_b38_C" "chr1_28479104_A_G_b38_A"
 [77] "chr1_28479656_T_C_b38_T" "chr1_28479841_T_C_b38_T"
 [79] "chr1_28480108_T_C_b38_T" "chr1_28480679_T_G_b38_T"
 [81] "chr1_28482901_T_G_b38_T" "chr1_28483618_G_A_b38_G"
 [83] "chr1_28483876_C_T_b38_C" "chr1_28484762_C_T_b38_C"
 [85] "chr1_28484783_C_G_b38_C" "chr1_28485767_C_T_b38_C"
 [87] "chr1_28485939_G_A_b38_G" "chr1_28486233_G_A_b38_G"
 [89] "chr1_28486513_C_T_b38_C" "chr1_28487236_C_T_b38_C"
 [91] "chr1_28488164_A_C_b38_A" "chr1_28488770_C_T_b38_C"
 [93] "chr1_28490347_T_C_b38_T" "chr1_28490758_G_A_b38_G"
 [95] "chr1_28491639_G_A_b38_G" "chr1_28491906_T_C_b38_T"
 [97] "chr1_28492742_G_A_b38_G" "chr1_28492763_G_A_b38_G"
 [99] "chr1_28493494_T_C_b38_T" "chr1_28494112_G_A_b38_G"
[101] "chr1_28495613_A_T_b38_A" "chr1_28496181_C_A_b38_C"
[103] "chr1_28496342_C_A_b38_C" "chr1_28497374_G_A_b38_G"
[105] "chr1_28497553_C_T_b38_C" "chr1_28497745_C_T_b38_C"
[107] "chr1_28498912_A_T_b38_A" "chr1_28500788_T_C_b38_T"
[109] "chr1_28500934_C_T_b38_C" "chr1_28501051_G_A_b38_G"
[111] "chr1_28501377_T_C_b38_T" "chr1_28501451_C_T_b38_C"
[113] "chr1_28502381_C_T_b38_C" "chr1_28503645_T_A_b38_T"
[115] "chr1_28503646_T_A_b38_T" "chr1_28503673_C_T_b38_C"
[117] "chr1_28503769_A_C_b38_A" "chr1_28503812_C_T_b38_C"
[119] "chr1_28503837_A_G_b38_A" "chr1_28504559_A_G_b38_A"
[121] "chr1_28504564_T_C_b38_T" "chr1_28504574_G_C_b38_G"
[123] "chr1_28505583_C_T_b38_C" "chr1_28506074_T_G_b38_T"
[125] "chr1_28506175_A_G_b38_A" "chr1_28506185_G_A_b38_G"
[127] "chr1_28506926_G_T_b38_G" "chr1_28507322_T_A_b38_T"
[129] "chr1_28507816_A_G_b38_A" "chr1_28508529_G_A_b38_G"
[131] "chr1_28510500_G_A_b38_G" "chr1_28512036_G_A_b38_G"
[133] "chr1_28512282_G_A_b38_G" "chr1_28534342_G_A_b38_G"
[135] "chr1_28548457_G_A_b38_G" "chr1_28549281_T_C_b38_T"
[137] "chr1_28563544_C_T_b38_C"

=====================================
Tissue: Adipose Tissue 
=====================================
[1] TRUE
Running SuSiE.

=====================================
Tissue: Adrenal Gland 
=====================================
[1] TRUE
Running SuSiE.

=====================================
Tissue: Blood 
=====================================
[1] TRUE
Running SuSiE.

=====================================
Tissue: Blood Vessel 
=====================================
[1] TRUE
Running SuSiE.

=====================================
Tissue: Brain 
=====================================
[1] TRUE
Running SuSiE.

=====================================
Tissue: Breast 
=====================================
[1] TRUE
Running SuSiE.

=====================================
Tissue: Colon 
=====================================
[1] TRUE
Running SuSiE.

=====================================
Tissue: Esophagus 
=====================================
[1] TRUE
Running SuSiE.

=====================================
Tissue: Heart 
=====================================
[1] TRUE
Running SuSiE.

=====================================
Tissue: Kidney 
=====================================
[1] TRUE
Running SuSiE.

=====================================
Tissue: Liver 
=====================================
[1] TRUE
Running SuSiE.

=====================================
Tissue: Lung 
=====================================
[1] TRUE
Running SuSiE.

=====================================
Tissue: Muscle 
=====================================
[1] TRUE
Running SuSiE.

=====================================
Tissue: Nerve 
=====================================
[1] TRUE
Running SuSiE.

=====================================
Tissue: Ovary 
=====================================
[1] TRUE
Running SuSiE.

=====================================
Tissue: Pancreas 
=====================================
[1] TRUE
Running SuSiE.

=====================================
Tissue: Pituitary 
=====================================
[1] TRUE
Running SuSiE.

=====================================
Tissue: Prostate 
=====================================
[1] TRUE
Running SuSiE.

=====================================
Tissue: Salivary Gland 
=====================================
[1] TRUE
Running SuSiE.

=====================================
Tissue: Skin 
=====================================
[1] TRUE
Running SuSiE.

=====================================
Tissue: Small Intestine 
=====================================
[1] TRUE
Running SuSiE.

=====================================
Tissue: Spleen 
=====================================
[1] TRUE
Running SuSiE.

=====================================
Tissue: Stomach 
=====================================
[1] TRUE
Running SuSiE.

=====================================
Tissue: Testis 
=====================================
[1] TRUE
Running SuSiE.

=====================================
Tissue: Thyroid 
=====================================
[1] TRUE
Running SuSiE.

=====================================
Tissue: Uterus 
=====================================
[1] TRUE
Running SuSiE.

=====================================
Tissue: Vagina 
=====================================
[1] TRUE
Running SuSiE.
[2026-09-01 13:30:15] starting PHAX
Importing covariate data.
Importing gene expression data.
Found 27 tissues for gene PHAX :
 [1] "Adipose Tissue"  "Adrenal Gland"   "Blood"           "Blood Vessel"   
 [5] "Brain"           "Breast"          "Colon"           "Esophagus"      
 [9] "Heart"           "Kidney"          "Liver"           "Lung"           
[13] "Muscle"          "Nerve"           "Ovary"           "Pancreas"       
[17] "Pituitary"       "Prostate"        "Salivary Gland"  "Skin"           
[21] "Small Intestine" "Spleen"          "Stomach"         "Testis"         
[25] "Thyroid"         "Uterus"          "Vagina"         
Extracting genotype data from PLINK file.
PLINK v2.0.0-a.7LM 64-bit Intel (11 Mar 2026)       cog-genomics.org/plink/2.0/
(C) 2005-2026 Shaun Purcell, Christopher Chang    GNU General Public License v3
Logging to /project2/mstephens/wdenault/susie_mix/temp_plink/plink_PHAX.log.
Options in effect:
  --bfile /project2/mstephens/gtex/GTEx_Analysis_2017-06-05_v8_WholeGenomeSeq_866Indiv
  --chr 5
  --export A
  --from-bp 126100925
  --maf 0
  --max-alleles 2
  --memory 8000
  --out /project2/mstephens/wdenault/susie_mix/temp_plink/plink_PHAX
  --rm-dup exclude-all
  --snps-only
  --threads 2
  --to-bp 127100925

Start time: Tue Sep  1 13:31:10 2026
63727 MiB RAM detected, ~38551 available; reserving 8000 MiB for main
workspace.
Using up to 2 compute threads.
866 samples (0 females, 0 males, 866 ambiguous; 866 founders) loaded from
/project2/mstephens/gtex/GTEx_Analysis_2017-06-05_v8_WholeGenomeSeq_866Indiv.fam.
67234533 variants in
/project2/mstephens/gtex/GTEx_Analysis_2017-06-05_v8_WholeGenomeSeq_866Indiv.bim;
63805389 excluded by --chr + --max-alleles + --snps-only, 3429144 remaining.
Note: No phenotype data present.
Note: Skipping --rm-dup since no duplicate IDs are present.
19398 variants remaining after main filters.
--export A pass 1/1: loading... 0%writing... 0%1%2%3%4%5%6%7%8%9%10%11%12%13%14%15%16%17%18%19%20%21%22%23%24%25%26%27%28%29%30%31%32%33%34%35%36%37%38%39%40%41%42%43%44%45%46%47%48%49%50%51%52%53%54%55%56%57%58%59%60%61%62%63%64%65%66%67%68%69%70%71%72%73%74%75%76%77%78%79%80%81%82%83%84%85%86%87%88%89%90%91%92%93%94%95%96%97%98%99% done.
--export A: /project2/mstephens/wdenault/susie_mix/temp_plink/plink_PHAX.raw
written.
End time: Tue Sep  1 13:31:15 2026
22 SNP(s) removed because HWE P < 1e-08 :
 [1] "chr5_126107473_G_T_b38_G" "chr5_126107568_A_G_b38_A"
 [3] "chr5_126160737_C_A_b38_C" "chr5_126435922_G_C_b38_G"
 [5] "chr5_126438830_A_G_b38_A" "chr5_126439748_T_C_b38_T"
 [7] "chr5_126444422_T_C_b38_T" "chr5_126445522_A_C_b38_A"
 [9] "chr5_126566534_A_G_b38_A" "chr5_126567945_C_G_b38_C"
[11] "chr5_126569877_A_G_b38_A" "chr5_126571076_T_C_b38_T"
[13] "chr5_126572012_G_A_b38_G" "chr5_126587940_G_A_b38_G"
[15] "chr5_126722191_G_T_b38_G" "chr5_126722428_G_A_b38_G"
[17] "chr5_126854620_G_T_b38_G" "chr5_126879183_A_G_b38_A"
[19] "chr5_126879369_A_C_b38_A" "chr5_126884399_T_C_b38_T"
[21] "chr5_126888698_T_G_b38_T" "chr5_127097018_G_A_b38_G"

=====================================
Tissue: Adipose Tissue 
=====================================
[1] TRUE
Running SuSiE.

=====================================
Tissue: Adrenal Gland 
=====================================
[1] TRUE
Running SuSiE.

=====================================
Tissue: Blood 
=====================================
[1] TRUE
Running SuSiE.

=====================================
Tissue: Blood Vessel 
=====================================
[1] TRUE
Running SuSiE.

=====================================
Tissue: Brain 
=====================================
[1] TRUE
Running SuSiE.

=====================================
Tissue: Breast 
=====================================
[1] TRUE
Running SuSiE.

=====================================
Tissue: Colon 
=====================================
[1] TRUE
Running SuSiE.

=====================================
Tissue: Esophagus 
=====================================
[1] TRUE
Running SuSiE.

=====================================
Tissue: Heart 
=====================================
[1] TRUE
Running SuSiE.

=====================================
Tissue: Kidney 
=====================================
[1] TRUE
Running SuSiE.

=====================================
Tissue: Liver 
=====================================
[1] TRUE
Running SuSiE.

=====================================
Tissue: Lung 
=====================================
[1] TRUE
Running SuSiE.

=====================================
Tissue: Muscle 
=====================================
[1] TRUE
Running SuSiE.

=====================================
Tissue: Nerve 
=====================================
[1] TRUE
Running SuSiE.

=====================================
Tissue: Ovary 
=====================================
[1] TRUE
Running SuSiE.

=====================================
Tissue: Pancreas 
=====================================
[1] TRUE
Running SuSiE.

=====================================
Tissue: Pituitary 
=====================================
[1] TRUE
Running SuSiE.

=====================================
Tissue: Prostate 
=====================================
[1] TRUE
Running SuSiE.

=====================================
Tissue: Salivary Gland 
=====================================
[1] TRUE
Running SuSiE.

=====================================
Tissue: Skin 
=====================================
[1] TRUE
Running SuSiE.

=====================================
Tissue: Small Intestine 
=====================================
[1] TRUE
Running SuSiE.

=====================================
Tissue: Spleen 
=====================================
[1] TRUE
Running SuSiE.

=====================================
Tissue: Stomach 
=====================================
[1] TRUE
Running SuSiE.

=====================================
Tissue: Testis 
=====================================
[1] TRUE
Running SuSiE.

=====================================
Tissue: Thyroid 
=====================================
[1] TRUE
Running SuSiE.

=====================================
Tissue: Uterus 
=====================================
[1] TRUE
Running SuSiE.

=====================================
Tissue: Vagina 
=====================================
[1] TRUE
Running SuSiE.
[2026-09-01 13:33:08] starting PHB
Importing covariate data.
Importing gene expression data.
Found 27 tissues for gene PHB :
 [1] "Adipose Tissue"  "Adrenal Gland"   "Blood"           "Blood Vessel"   
 [5] "Brain"           "Breast"          "Colon"           "Esophagus"      
 [9] "Heart"           "Kidney"          "Liver"           "Lung"           
[13] "Muscle"          "Nerve"           "Ovary"           "Pancreas"       
[17] "Pituitary"       "Prostate"        "Salivary Gland"  "Skin"           
[21] "Small Intestine" "Spleen"          "Stomach"         "Testis"         
[25] "Thyroid"         "Uterus"          "Vagina"         
Extracting genotype data from PLINK file.
PLINK v2.0.0-a.7LM 64-bit Intel (11 Mar 2026)       cog-genomics.org/plink/2.0/
(C) 2005-2026 Shaun Purcell, Christopher Chang    GNU General Public License v3
Logging to /project2/mstephens/wdenault/susie_mix/temp_plink/plink_PHB.log.
Options in effect:
  --bfile /project2/mstephens/gtex/GTEx_Analysis_2017-06-05_v8_WholeGenomeSeq_866Indiv
  --chr 17
  --export A
  --from-bp 48914901
  --maf 0
  --max-alleles 2
  --memory 8000
  --out /project2/mstephens/wdenault/susie_mix/temp_plink/plink_PHB
  --rm-dup exclude-all
  --snps-only
  --threads 2
  --to-bp 49914901

Start time: Tue Sep  1 13:34:01 2026
63727 MiB RAM detected, ~37622 available; reserving 8000 MiB for main
workspace.
Using up to 2 compute threads.
866 samples (0 females, 0 males, 866 ambiguous; 866 founders) loaded from
/project2/mstephens/gtex/GTEx_Analysis_2017-06-05_v8_WholeGenomeSeq_866Indiv.fam.
67234533 variants in
/project2/mstephens/gtex/GTEx_Analysis_2017-06-05_v8_WholeGenomeSeq_866Indiv.bim;
65601655 excluded by --chr + --max-alleles + --snps-only, 1632878 remaining.
Note: No phenotype data present.
Note: Skipping --rm-dup since no duplicate IDs are present.
17404 variants remaining after main filters.
--export A pass 1/1: loading... 0%writing... 0%1%2%3%4%5%6%7%8%9%10%11%12%13%14%15%16%17%18%19%20%21%22%23%24%25%26%27%28%29%30%31%32%33%34%35%36%37%38%39%40%41%42%43%44%45%46%47%48%49%50%51%52%53%54%55%56%57%58%59%60%61%62%63%64%65%66%67%68%69%70%71%72%73%74%75%76%77%78%79%80%81%82%83%84%85%86%87%88%89%90%91%92%93%94%95%96%97%98%99% done.
--export A: /project2/mstephens/wdenault/susie_mix/temp_plink/plink_PHB.raw
written.
End time: Tue Sep  1 13:34:07 2026
29 SNP(s) removed because HWE P < 1e-08 :
 [1] "chr17_48959542_G_C_b38_G" "chr17_49150319_T_G_b38_T"
 [3] "chr17_49409322_T_C_b38_T" "chr17_49419949_C_T_b38_C"
 [5] "chr17_49428866_A_G_b38_A" "chr17_49434097_G_A_b38_G"
 [7] "chr17_49434320_T_C_b38_T" "chr17_49434511_T_C_b38_T"
 [9] "chr17_49435402_G_C_b38_G" "chr17_49435629_T_C_b38_T"
[11] "chr17_49481845_T_C_b38_T" "chr17_49482709_C_G_b38_C"
[13] "chr17_49526956_A_G_b38_A" "chr17_49556832_C_A_b38_C"
[15] "chr17_49561455_A_G_b38_A" "chr17_49562022_C_T_b38_C"
[17] "chr17_49562077_G_A_b38_G" "chr17_49563514_C_T_b38_C"
[19] "chr17_49564970_C_T_b38_C" "chr17_49565009_G_A_b38_G"
[21] "chr17_49565080_C_T_b38_C" "chr17_49565801_G_A_b38_G"
[23] "chr17_49565873_A_T_b38_A" "chr17_49565976_T_A_b38_T"
[25] "chr17_49866098_A_C_b38_A" "chr17_49868692_C_T_b38_C"
[27] "chr17_49870556_C_T_b38_C" "chr17_49883034_G_A_b38_G"
[29] "chr17_49888642_C_A_b38_C"

=====================================
Tissue: Adipose Tissue 
=====================================
[1] TRUE
Running SuSiE.

=====================================
Tissue: Adrenal Gland 
=====================================
[1] TRUE
Running SuSiE.

=====================================
Tissue: Blood 
=====================================
[1] TRUE
Running SuSiE.

=====================================
Tissue: Blood Vessel 
=====================================
[1] TRUE
Running SuSiE.

=====================================
Tissue: Brain 
=====================================
[1] TRUE
Running SuSiE.

=====================================
Tissue: Breast 
=====================================
[1] TRUE
Running SuSiE.

=====================================
Tissue: Colon 
=====================================
[1] TRUE
Running SuSiE.

=====================================
Tissue: Esophagus 
=====================================
[1] TRUE
Running SuSiE.

=====================================
Tissue: Heart 
=====================================
[1] TRUE
Running SuSiE.

=====================================
Tissue: Kidney 
=====================================
[1] TRUE
Running SuSiE.

=====================================
Tissue: Liver 
=====================================
[1] TRUE
Running SuSiE.

=====================================
Tissue: Lung 
=====================================
[1] TRUE
Running SuSiE.

=====================================
Tissue: Muscle 
=====================================
[1] TRUE
Running SuSiE.

=====================================
Tissue: Nerve 
=====================================
[1] TRUE
Running SuSiE.

=====================================
Tissue: Ovary 
=====================================
[1] TRUE
Running SuSiE.

=====================================
Tissue: Pancreas 
=====================================
[1] TRUE
Running SuSiE.

=====================================
Tissue: Pituitary 
=====================================
[1] TRUE
Running SuSiE.

=====================================
Tissue: Prostate 
=====================================
[1] TRUE
Running SuSiE.

=====================================
Tissue: Salivary Gland 
=====================================
[1] TRUE
Running SuSiE.

=====================================
Tissue: Skin 
=====================================
[1] TRUE
Running SuSiE.

=====================================
Tissue: Small Intestine 
=====================================
[1] TRUE
Running SuSiE.

=====================================
Tissue: Spleen 
=====================================
[1] TRUE
Running SuSiE.

=====================================
Tissue: Stomach 
=====================================
[1] TRUE
Running SuSiE.

=====================================
Tissue: Testis 
=====================================
[1] TRUE
Running SuSiE.

=====================================
Tissue: Thyroid 
=====================================
[1] TRUE
Running SuSiE.

=====================================
Tissue: Uterus 
=====================================
[1] TRUE
Running SuSiE.

=====================================
Tissue: Vagina 
=====================================
[1] TRUE
Running SuSiE.
[2026-09-01 13:35:30] starting PHB2
Importing covariate data.
Importing gene expression data.
Found 27 tissues for gene PHB2 :
 [1] "Adipose Tissue"  "Adrenal Gland"   "Blood"           "Blood Vessel"   
 [5] "Brain"           "Breast"          "Colon"           "Esophagus"      
 [9] "Heart"           "Kidney"          "Liver"           "Lung"           
[13] "Muscle"          "Nerve"           "Ovary"           "Pancreas"       
[17] "Pituitary"       "Prostate"        "Salivary Gland"  "Skin"           
[21] "Small Intestine" "Spleen"          "Stomach"         "Testis"         
[25] "Thyroid"         "Uterus"          "Vagina"         
Extracting genotype data from PLINK file.
PLINK v2.0.0-a.7LM 64-bit Intel (11 Mar 2026)       cog-genomics.org/plink/2.0/
(C) 2005-2026 Shaun Purcell, Christopher Chang    GNU General Public License v3
Logging to /project2/mstephens/wdenault/susie_mix/temp_plink/plink_PHB2.log.
Options in effect:
  --bfile /project2/mstephens/gtex/GTEx_Analysis_2017-06-05_v8_WholeGenomeSeq_866Indiv
  --chr 12
  --export A
  --from-bp 6470780
  --maf 0
  --max-alleles 2
  --memory 8000
  --out /project2/mstephens/wdenault/susie_mix/temp_plink/plink_PHB2
  --rm-dup exclude-all
  --snps-only
  --threads 2
  --to-bp 7470780

Start time: Tue Sep  1 13:36:23 2026
63727 MiB RAM detected, ~38537 available; reserving 8000 MiB for main
workspace.
Using up to 2 compute threads.
866 samples (0 females, 0 males, 866 ambiguous; 866 founders) loaded from
/project2/mstephens/gtex/GTEx_Analysis_2017-06-05_v8_WholeGenomeSeq_866Indiv.fam.
67234533 variants in
/project2/mstephens/gtex/GTEx_Analysis_2017-06-05_v8_WholeGenomeSeq_866Indiv.bim;
64641234 excluded by --chr + --max-alleles + --snps-only, 2593299 remaining.
Note: No phenotype data present.
Note: Skipping --rm-dup since no duplicate IDs are present.
18252 variants remaining after main filters.
--export A pass 1/1: loading... 0%writing... 0%1%2%3%4%5%6%7%8%9%10%11%12%13%14%15%16%17%18%19%20%21%22%23%24%25%26%27%28%29%30%31%32%33%34%35%36%37%38%39%40%41%42%43%44%45%46%47%48%49%50%51%52%53%54%55%56%57%58%59%60%61%62%63%64%65%66%67%68%69%70%71%72%73%74%75%76%77%78%79%80%81%82%83%84%85%86%87%88%89%90%91%92%93%94%95%96%97%98%99% done.
--export A: /project2/mstephens/wdenault/susie_mix/temp_plink/plink_PHB2.raw
written.
End time: Tue Sep  1 13:36:28 2026
43 SNP(s) removed because HWE P < 1e-08 :
 [1] "chr12_6612381_T_G_b38_T" "chr12_6669944_A_G_b38_A"
 [3] "chr12_6670057_G_T_b38_G" "chr12_6676177_A_G_b38_A"
 [5] "chr12_6682182_C_T_b38_C" "chr12_6760337_C_T_b38_C"
 [7] "chr12_6761383_A_G_b38_A" "chr12_6761673_G_A_b38_G"
 [9] "chr12_6763346_G_A_b38_G" "chr12_6859577_C_G_b38_C"
[11] "chr12_6893347_A_G_b38_A" "chr12_6893359_A_G_b38_A"
[13] "chr12_6948737_A_G_b38_A" "chr12_6948807_A_G_b38_A"
[15] "chr12_6950022_C_T_b38_C" "chr12_6950026_A_C_b38_A"
[17] "chr12_6950027_G_A_b38_G" "chr12_6950031_T_C_b38_T"
[19] "chr12_6950058_G_A_b38_G" "chr12_6950069_T_C_b38_T"
[21] "chr12_6956118_C_T_b38_C" "chr12_6956243_G_A_b38_G"
[23] "chr12_6956413_G_A_b38_G" "chr12_6966719_C_T_b38_C"
[25] "chr12_7003266_G_A_b38_G" "chr12_7023361_T_C_b38_T"
[27] "chr12_7023955_A_G_b38_A" "chr12_7027108_A_G_b38_A"
[29] "chr12_7030021_A_G_b38_A" "chr12_7031010_T_C_b38_T"
[31] "chr12_7031597_A_C_b38_A" "chr12_7031605_T_G_b38_T"
[33] "chr12_7032324_A_G_b38_A" "chr12_7035457_C_T_b38_C"
[35] "chr12_7036085_C_T_b38_C" "chr12_7038549_T_C_b38_T"
[37] "chr12_7203194_C_A_b38_C" "chr12_7203199_C_A_b38_C"
[39] "chr12_7300181_G_A_b38_G" "chr12_7335741_A_G_b38_A"
[41] "chr12_7335806_T_C_b38_T" "chr12_7335807_T_A_b38_T"
[43] "chr12_7335844_A_G_b38_A"

=====================================
Tissue: Adipose Tissue 
=====================================
[1] TRUE
Running SuSiE.

=====================================
Tissue: Adrenal Gland 
=====================================
[1] TRUE
Running SuSiE.

=====================================
Tissue: Blood 
=====================================
[1] TRUE
Running SuSiE.

=====================================
Tissue: Blood Vessel 
=====================================
[1] TRUE
Running SuSiE.

=====================================
Tissue: Brain 
=====================================
[1] TRUE
Running SuSiE.

=====================================
Tissue: Breast 
=====================================
[1] TRUE
Running SuSiE.

=====================================
Tissue: Colon 
=====================================
[1] TRUE
Running SuSiE.

=====================================
Tissue: Esophagus 
=====================================
[1] TRUE
Running SuSiE.

=====================================
Tissue: Heart 
=====================================
[1] TRUE
Running SuSiE.

=====================================
Tissue: Kidney 
=====================================
[1] TRUE
Running SuSiE.

=====================================
Tissue: Liver 
=====================================
[1] TRUE
Running SuSiE.

=====================================
Tissue: Lung 
=====================================
[1] TRUE
Running SuSiE.

=====================================
Tissue: Muscle 
=====================================
[1] TRUE
Running SuSiE.

=====================================
Tissue: Nerve 
=====================================
[1] TRUE
Running SuSiE.

=====================================
Tissue: Ovary 
=====================================
[1] TRUE
Running SuSiE.

=====================================
Tissue: Pancreas 
=====================================
[1] TRUE
Running SuSiE.

=====================================
Tissue: Pituitary 
=====================================
[1] TRUE
Running SuSiE.

=====================================
Tissue: Prostate 
=====================================
[1] TRUE
Running SuSiE.

=====================================
Tissue: Salivary Gland 
=====================================
[1] TRUE
Running SuSiE.

=====================================
Tissue: Skin 
=====================================
[1] TRUE
Running SuSiE.

=====================================
Tissue: Small Intestine 
=====================================
[1] TRUE
Running SuSiE.

=====================================
Tissue: Spleen 
=====================================
[1] TRUE
Running SuSiE.

=====================================
Tissue: Stomach 
=====================================
[1] TRUE
Running SuSiE.

=====================================
Tissue: Testis 
=====================================
[1] TRUE
Running SuSiE.

=====================================
Tissue: Thyroid 
=====================================
[1] TRUE
Running SuSiE.

=====================================
Tissue: Uterus 
=====================================
[1] TRUE
Running SuSiE.

=====================================
Tissue: Vagina 
=====================================
[1] TRUE
Running SuSiE.
[2026-09-01 13:37:58] starting PHC1
Importing covariate data.
Importing gene expression data.
Found 27 tissues for gene PHC1 :
 [1] "Adipose Tissue"  "Adrenal Gland"   "Blood"           "Blood Vessel"   
 [5] "Brain"           "Breast"          "Colon"           "Esophagus"      
 [9] "Heart"           "Kidney"          "Liver"           "Lung"           
[13] "Muscle"          "Nerve"           "Ovary"           "Pancreas"       
[17] "Pituitary"       "Prostate"        "Salivary Gland"  "Skin"           
[21] "Small Intestine" "Spleen"          "Stomach"         "Testis"         
[25] "Thyroid"         "Uterus"          "Vagina"         
77 SNP(s) removed because HWE P < 1e-08 :
 [1] "chr12_8606062_G_C_b38_G" "chr12_8803299_A_T_b38_A"
 [3] "chr12_8803765_T_C_b38_T" "chr12_9258225_A_G_b38_A"
 [5] "chr12_9258294_G_C_b38_G" "chr12_9258304_C_T_b38_C"
 [7] "chr12_9258310_G_A_b38_G" "chr12_9286661_T_G_b38_T"
 [9] "chr12_9286698_T_C_b38_T" "chr12_9287039_T_C_b38_T"
[11] "chr12_9287074_G_C_b38_G" "chr12_9289753_C_G_b38_C"
[13] "chr12_9289771_G_A_b38_G" "chr12_9291350_G_A_b38_G"
[15] "chr12_9292948_C_A_b38_C" "chr12_9294012_C_T_b38_C"
[17] "chr12_9294053_G_A_b38_G" "chr12_9294179_G_A_b38_G"
[19] "chr12_9294433_T_C_b38_T" "chr12_9294888_C_T_b38_C"
[21] "chr12_9294892_C_T_b38_C" "chr12_9294896_T_C_b38_T"
[23] "chr12_9295012_A_G_b38_A" "chr12_9295114_C_T_b38_C"
[25] "chr12_9295330_C_G_b38_C" "chr12_9295545_T_C_b38_T"
[27] "chr12_9296080_G_C_b38_G" "chr12_9296185_C_T_b38_C"
[29] "chr12_9296225_G_A_b38_G" "chr12_9296239_A_C_b38_A"
[31] "chr12_9296651_T_G_b38_T" "chr12_9297359_T_C_b38_T"
[33] "chr12_9297447_C_A_b38_C" "chr12_9297465_G_T_b38_G"
[35] "chr12_9298774_T_C_b38_T" "chr12_9298801_G_A_b38_G"
[37] "chr12_9299301_A_C_b38_A" "chr12_9299309_G_A_b38_G"
[39] "chr12_9299351_C_T_b38_C" "chr12_9299514_G_A_b38_G"
[41] "chr12_9300514_T_C_b38_T" "chr12_9300753_G_A_b38_G"
[43] "chr12_9300779_G_A_b38_G" "chr12_9301060_C_T_b38_C"
[45] "chr12_9301483_C_A_b38_C" "chr12_9304614_C_T_b38_C"
[47] "chr12_9304654_C_A_b38_C" "chr12_9304721_G_C_b38_G"
[49] "chr12_9305090_G_A_b38_G" "chr12_9307684_A_G_b38_A"
[51] "chr12_9307702_C_T_b38_C" "chr12_9307787_C_T_b38_C"
[53] "chr12_9307793_C_T_b38_C" "chr12_9307935_C_T_b38_C"
[55] "chr12_9307951_C_T_b38_C" "chr12_9308019_C_A_b38_C"
[57] "chr12_9311513_A_G_b38_A" "chr12_9311530_A_G_b38_A"
[59] "chr12_9311537_C_G_b38_C" "chr12_9311582_G_A_b38_G"
[61] "chr12_9311645_C_A_b38_C" "chr12_9312498_C_G_b38_C"
[63] "chr12_9312519_A_G_b38_A" "chr12_9312538_C_G_b38_C"
[65] "chr12_9313629_C_T_b38_C" "chr12_9315520_C_T_b38_C"
[67] "chr12_9315839_T_C_b38_T" "chr12_9322852_G_A_b38_G"
[69] "chr12_9396028_G_A_b38_G" "chr12_9396200_C_A_b38_C"
[71] "chr12_9396212_T_A_b38_T" "chr12_9396257_A_T_b38_A"
[73] "chr12_9402358_G_C_b38_G" "chr12_9406367_A_G_b38_A"
[75] "chr12_9412032_A_G_b38_A" "chr12_9412108_C_T_b38_C"
[77] "chr12_9412182_G_A_b38_G"

=====================================
Tissue: Adipose Tissue 
=====================================
[1] TRUE
Running SuSiE.

=====================================
Tissue: Adrenal Gland 
=====================================
[1] TRUE
Running SuSiE.

=====================================
Tissue: Blood 
=====================================
[1] TRUE
Running SuSiE.

=====================================
Tissue: Blood Vessel 
=====================================
[1] TRUE
Running SuSiE.

=====================================
Tissue: Brain 
=====================================
[1] TRUE
Running SuSiE.

=====================================
Tissue: Breast 
=====================================
[1] TRUE
Running SuSiE.

=====================================
Tissue: Colon 
=====================================
[1] TRUE
Running SuSiE.

=====================================
Tissue: Esophagus 
=====================================
[1] TRUE
Running SuSiE.

=====================================
Tissue: Heart 
=====================================
[1] TRUE
Running SuSiE.

=====================================
Tissue: Kidney 
=====================================
[1] TRUE
Running SuSiE.

=====================================
Tissue: Liver 
=====================================
[1] TRUE
Running SuSiE.

=====================================
Tissue: Lung 
=====================================
[1] TRUE
Running SuSiE.

=====================================
Tissue: Muscle 
=====================================
[1] TRUE
Running SuSiE.

=====================================
Tissue: Nerve 
=====================================
[1] TRUE
Running SuSiE.

=====================================
Tissue: Ovary 
=====================================
[1] TRUE
Running SuSiE.

=====================================
Tissue: Pancreas 
=====================================
[1] TRUE
Running SuSiE.

=====================================
Tissue: Pituitary 
=====================================
[1] TRUE
Running SuSiE.

=====================================
Tissue: Prostate 
=====================================
[1] TRUE
Running SuSiE.

=====================================
Tissue: Salivary Gland 
=====================================
[1] TRUE
Running SuSiE.

=====================================
Tissue: Skin 
=====================================
[1] TRUE
Running SuSiE.

=====================================
Tissue: Small Intestine 
=====================================
[1] TRUE
Running SuSiE.

=====================================
Tissue: Spleen 
=====================================
[1] TRUE
Running SuSiE.

=====================================
Tissue: Stomach 
=====================================
[1] TRUE
Running SuSiE.

=====================================
Tissue: Testis 
=====================================
[1] TRUE
Running SuSiE.

=====================================
Tissue: Thyroid 
=====================================
[1] TRUE
Running SuSiE.

=====================================
Tissue: Uterus 
=====================================
[1] TRUE
Running SuSiE.

=====================================
Tissue: Vagina 
=====================================
[1] TRUE
Running SuSiE.
[2026-09-01 13:40:53] starting PHC2
Importing covariate data.
Importing gene expression data.
Found 27 tissues for gene PHC2 :
 [1] "Adipose Tissue"  "Adrenal Gland"   "Blood"           "Blood Vessel"   
 [5] "Brain"           "Breast"          "Colon"           "Esophagus"      
 [9] "Heart"           "Kidney"          "Liver"           "Lung"           
[13] "Muscle"          "Nerve"           "Ovary"           "Pancreas"       
[17] "Pituitary"       "Prostate"        "Salivary Gland"  "Skin"           
[21] "Small Intestine" "Spleen"          "Stomach"         "Testis"         
[25] "Thyroid"         "Uterus"          "Vagina"         
Extracting genotype data from PLINK file.
PLINK v2.0.0-a.7LM 64-bit Intel (11 Mar 2026)       cog-genomics.org/plink/2.0/
(C) 2005-2026 Shaun Purcell, Christopher Chang    GNU General Public License v3
Logging to /project2/mstephens/wdenault/susie_mix/temp_plink/plink_PHC2.log.
Options in effect:
  --bfile /project2/mstephens/gtex/GTEx_Analysis_2017-06-05_v8_WholeGenomeSeq_866Indiv
  --chr 1
  --export A
  --from-bp 32931052
  --maf 0
  --max-alleles 2
  --memory 8000
  --out /project2/mstephens/wdenault/susie_mix/temp_plink/plink_PHC2
  --rm-dup exclude-all
  --snps-only
  --threads 2
  --to-bp 33931052

Start time: Tue Sep  1 13:41:47 2026
63727 MiB RAM detected, ~38539 available; reserving 8000 MiB for main
workspace.
Using up to 2 compute threads.
866 samples (0 females, 0 males, 866 ambiguous; 866 founders) loaded from
/project2/mstephens/gtex/GTEx_Analysis_2017-06-05_v8_WholeGenomeSeq_866Indiv.fam.
67234533 variants in
/project2/mstephens/gtex/GTEx_Analysis_2017-06-05_v8_WholeGenomeSeq_866Indiv.bim;
62424502 excluded by --chr + --max-alleles + --snps-only, 4810031 remaining.
Note: No phenotype data present.
Note: Skipping --rm-dup since no duplicate IDs are present.
17046 variants remaining after main filters.
--export A pass 1/1: loading... 0%writing... 0%1%2%3%4%5%6%7%8%9%10%11%12%13%14%15%16%17%18%19%20%21%22%23%24%25%26%27%28%29%30%31%32%33%34%35%36%37%38%39%40%41%42%43%44%45%46%47%48%49%50%51%52%53%54%55%56%57%58%59%60%61%62%63%64%65%66%67%68%69%70%71%72%73%74%75%76%77%78%79%80%81%82%83%84%85%86%87%88%89%90%91%92%93%94%95%96%97%98%99% done.
--export A: /project2/mstephens/wdenault/susie_mix/temp_plink/plink_PHC2.raw
written.
End time: Tue Sep  1 13:41:52 2026
30 SNP(s) removed because HWE P < 1e-08 :
 [1] "chr1_33009955_A_C_b38_A" "chr1_33010038_G_A_b38_G"
 [3] "chr1_33010049_T_C_b38_T" "chr1_33010086_C_G_b38_C"
 [5] "chr1_33010120_G_C_b38_G" "chr1_33010149_A_G_b38_A"
 [7] "chr1_33010166_G_A_b38_G" "chr1_33010190_A_G_b38_A"
 [9] "chr1_33010278_C_T_b38_C" "chr1_33010366_G_A_b38_G"
[11] "chr1_33010376_G_A_b38_G" "chr1_33010378_A_G_b38_A"
[13] "chr1_33010381_C_A_b38_C" "chr1_33010431_T_C_b38_T"
[15] "chr1_33010464_G_A_b38_G" "chr1_33010473_A_T_b38_A"
[17] "chr1_33010489_T_C_b38_T" "chr1_33010542_G_A_b38_G"
[19] "chr1_33010564_G_A_b38_G" "chr1_33010638_T_C_b38_T"
[21] "chr1_33010691_A_G_b38_A" "chr1_33010752_C_T_b38_C"
[23] "chr1_33010784_C_G_b38_C" "chr1_33010786_C_T_b38_C"
[25] "chr1_33010795_G_A_b38_G" "chr1_33010803_T_G_b38_T"
[27] "chr1_33215512_A_G_b38_A" "chr1_33625991_T_C_b38_T"
[29] "chr1_33807643_T_C_b38_T" "chr1_33908376_A_G_b38_A"

=====================================
Tissue: Adipose Tissue 
=====================================
[1] TRUE
Running SuSiE.

=====================================
Tissue: Adrenal Gland 
=====================================
[1] TRUE
Running SuSiE.

=====================================
Tissue: Blood 
=====================================
[1] TRUE
Running SuSiE.

=====================================
Tissue: Blood Vessel 
=====================================
[1] TRUE
Running SuSiE.

=====================================
Tissue: Brain 
=====================================
[1] TRUE
Running SuSiE.

=====================================
Tissue: Breast 
=====================================
[1] TRUE
Running SuSiE.

=====================================
Tissue: Colon 
=====================================
[1] TRUE
Running SuSiE.

=====================================
Tissue: Esophagus 
=====================================
[1] TRUE
Running SuSiE.

=====================================
Tissue: Heart 
=====================================
[1] TRUE
Running SuSiE.

=====================================
Tissue: Kidney 
=====================================
[1] TRUE
Running SuSiE.

=====================================
Tissue: Liver 
=====================================
[1] TRUE
Running SuSiE.

=====================================
Tissue: Lung 
=====================================
[1] TRUE
Running SuSiE.

=====================================
Tissue: Muscle 
=====================================
[1] TRUE
Running SuSiE.

=====================================
Tissue: Nerve 
=====================================
[1] TRUE
Running SuSiE.

=====================================
Tissue: Ovary 
=====================================
[1] TRUE
Running SuSiE.

=====================================
Tissue: Pancreas 
=====================================
[1] TRUE
Running SuSiE.

=====================================
Tissue: Pituitary 
=====================================
[1] TRUE
Running SuSiE.

=====================================
Tissue: Prostate 
=====================================
[1] TRUE
Running SuSiE.

=====================================
Tissue: Salivary Gland 
=====================================
[1] TRUE
Running SuSiE.

=====================================
Tissue: Skin 
=====================================
[1] TRUE
Running SuSiE.

=====================================
Tissue: Small Intestine 
=====================================
[1] TRUE
Running SuSiE.

=====================================
Tissue: Spleen 
=====================================
[1] TRUE
Running SuSiE.

=====================================
Tissue: Stomach 
=====================================
[1] TRUE
Running SuSiE.

=====================================
Tissue: Testis 
=====================================
[1] TRUE
Running SuSiE.

=====================================
Tissue: Thyroid 
=====================================
[1] TRUE
Running SuSiE.

=====================================
Tissue: Uterus 
=====================================
[1] TRUE
Running SuSiE.

=====================================
Tissue: Vagina 
=====================================
[1] TRUE
Running SuSiE.
[2026-09-01 13:43:32] starting PHC3
Importing covariate data.
Importing gene expression data.
Found 27 tissues for gene PHC3 :
 [1] "Adipose Tissue"  "Adrenal Gland"   "Blood"           "Blood Vessel"   
 [5] "Brain"           "Breast"          "Colon"           "Esophagus"      
 [9] "Heart"           "Kidney"          "Liver"           "Lung"           
[13] "Muscle"          "Nerve"           "Ovary"           "Pancreas"       
[17] "Pituitary"       "Prostate"        "Salivary Gland"  "Skin"           
[21] "Small Intestine" "Spleen"          "Stomach"         "Testis"         
[25] "Thyroid"         "Uterus"          "Vagina"         
Extracting genotype data from PLINK file.
PLINK v2.0.0-a.7LM 64-bit Intel (11 Mar 2026)       cog-genomics.org/plink/2.0/
(C) 2005-2026 Shaun Purcell, Christopher Chang    GNU General Public License v3
Logging to /project2/mstephens/wdenault/susie_mix/temp_plink/plink_PHC3.log.
Options in effect:
  --bfile /project2/mstephens/gtex/GTEx_Analysis_2017-06-05_v8_WholeGenomeSeq_866Indiv
  --chr 3
  --export A
  --from-bp 169681749
  --maf 0
  --max-alleles 2
  --memory 8000
  --out /project2/mstephens/wdenault/susie_mix/temp_plink/plink_PHC3
  --rm-dup exclude-all
  --snps-only
  --threads 2
  --to-bp 170681749

Start time: Tue Sep  1 13:44:27 2026
63727 MiB RAM detected, ~37565 available; reserving 8000 MiB for main
workspace.
Using up to 2 compute threads.
866 samples (0 females, 0 males, 866 ambiguous; 866 founders) loaded from
/project2/mstephens/gtex/GTEx_Analysis_2017-06-05_v8_WholeGenomeSeq_866Indiv.fam.
67234533 variants in
/project2/mstephens/gtex/GTEx_Analysis_2017-06-05_v8_WholeGenomeSeq_866Indiv.bim;
63427992 excluded by --chr + --max-alleles + --snps-only, 3806541 remaining.
Note: No phenotype data present.
Note: Skipping --rm-dup since no duplicate IDs are present.
18297 variants remaining after main filters.
--export A pass 1/1: loading... 0%81% writing... 0%1%2%3%4%5%6%7%8%9%10%11%12%13%14%15%16%17%18%19%20%21%22%23%24%25%26%27%28%29%30%31%32%33%34%35%36%37%38%39%40%41%42%43%44%45%46%47%48%49%50%51%52%53%54%55%56%57%58%59%60%61%62%63%64%65%66%67%68%69%70%71%72%73%74%75%76%77%78%79%80%81%82%83%84%85%86%87%88%89%90%91%92%93%94%95%96%97%98%99% done.
--export A: /project2/mstephens/wdenault/susie_mix/temp_plink/plink_PHC3.raw
written.
End time: Tue Sep  1 13:44:32 2026
19 SNP(s) removed because HWE P < 1e-08 :
 [1] "chr3_169700748_T_C_b38_T" "chr3_170042674_A_T_b38_A"
 [3] "chr3_170388884_T_G_b38_T" "chr3_170449881_A_T_b38_A"
 [5] "chr3_170455778_T_G_b38_T" "chr3_170629503_G_A_b38_G"
 [7] "chr3_170629812_C_G_b38_C" "chr3_170630599_A_G_b38_A"
 [9] "chr3_170644321_T_C_b38_T" "chr3_170645666_T_A_b38_T"
[11] "chr3_170648506_T_C_b38_T" "chr3_170648635_C_G_b38_C"
[13] "chr3_170649407_A_G_b38_A" "chr3_170654068_G_A_b38_G"
[15] "chr3_170658361_C_T_b38_C" "chr3_170658790_C_T_b38_C"
[17] "chr3_170674394_C_A_b38_C" "chr3_170674398_A_T_b38_A"
[19] "chr3_170674438_G_A_b38_G"

=====================================
Tissue: Adipose Tissue 
=====================================
[1] TRUE
Running SuSiE.

=====================================
Tissue: Adrenal Gland 
=====================================
[1] TRUE
Running SuSiE.

=====================================
Tissue: Blood 
=====================================
[1] TRUE
Running SuSiE.

=====================================
Tissue: Blood Vessel 
=====================================
[1] TRUE
Running SuSiE.

=====================================
Tissue: Brain 
=====================================
[1] TRUE
Running SuSiE.

=====================================
Tissue: Breast 
=====================================
[1] TRUE
Running SuSiE.

=====================================
Tissue: Colon 
=====================================
[1] TRUE
Running SuSiE.

=====================================
Tissue: Esophagus 
=====================================
[1] TRUE
Running SuSiE.

=====================================
Tissue: Heart 
=====================================
[1] TRUE
Running SuSiE.

=====================================
Tissue: Kidney 
=====================================
[1] TRUE
Running SuSiE.

=====================================
Tissue: Liver 
=====================================
[1] TRUE
Running SuSiE.

=====================================
Tissue: Lung 
=====================================
[1] TRUE
Running SuSiE.

=====================================
Tissue: Muscle 
=====================================
[1] TRUE
Running SuSiE.

=====================================
Tissue: Nerve 
=====================================
[1] TRUE
Running SuSiE.

=====================================
Tissue: Ovary 
=====================================
[1] TRUE
Running SuSiE.

=====================================
Tissue: Pancreas 
=====================================
[1] TRUE
Running SuSiE.

=====================================
Tissue: Pituitary 
=====================================
[1] TRUE
Running SuSiE.

=====================================
Tissue: Prostate 
=====================================
[1] TRUE
Running SuSiE.

=====================================
Tissue: Salivary Gland 
=====================================
[1] TRUE
Running SuSiE.

=====================================
Tissue: Skin 
=====================================
[1] TRUE
Running SuSiE.

=====================================
Tissue: Small Intestine 
=====================================
[1] TRUE
Running SuSiE.

=====================================
Tissue: Spleen 
=====================================
[1] TRUE
Running SuSiE.

=====================================
Tissue: Stomach 
=====================================
[1] TRUE
Running SuSiE.

=====================================
Tissue: Testis 
=====================================
[1] TRUE
Running SuSiE.

=====================================
Tissue: Thyroid 
=====================================
[1] TRUE
Running SuSiE.

=====================================
Tissue: Uterus 
=====================================
[1] TRUE
Running SuSiE.

=====================================
Tissue: Vagina 
=====================================
[1] TRUE
Running SuSiE.
[2026-09-01 13:46:05] starting PHEX
Importing covariate data.
Importing gene expression data.
Found 27 tissues for gene PHEX :
 [1] "Adipose Tissue"  "Adrenal Gland"   "Blood"           "Blood Vessel"   
 [5] "Brain"           "Breast"          "Colon"           "Esophagus"      
 [9] "Heart"           "Kidney"          "Liver"           "Lung"           
[13] "Muscle"          "Nerve"           "Ovary"           "Pancreas"       
[17] "Pituitary"       "Prostate"        "Salivary Gland"  "Skin"           
[21] "Small Intestine" "Spleen"          "Stomach"         "Testis"         
[25] "Thyroid"         "Uterus"          "Vagina"         
Extracting genotype data from PLINK file.
PLINK v2.0.0-a.7LM 64-bit Intel (11 Mar 2026)       cog-genomics.org/plink/2.0/
(C) 2005-2026 Shaun Purcell, Christopher Chang    GNU General Public License v3
Logging to /project2/mstephens/wdenault/susie_mix/temp_plink/plink_PHEX.log.
Options in effect:
  --bfile /project2/mstephens/gtex/GTEx_Analysis_2017-06-05_v8_WholeGenomeSeq_866Indiv
  --chr X
  --export A
  --from-bp 21532325
  --maf 0
  --max-alleles 2
  --memory 8000
  --out /project2/mstephens/wdenault/susie_mix/temp_plink/plink_PHEX
  --rm-dup exclude-all
  --snps-only
  --threads 2
  --to-bp 22532325

Start time: Tue Sep  1 13:47:02 2026
63727 MiB RAM detected, ~37600 available; reserving 8000 MiB for main
workspace.
Using up to 2 compute threads.
866 samples (0 females, 0 males, 866 ambiguous; 866 founders) loaded from
/project2/mstephens/gtex/GTEx_Analysis_2017-06-05_v8_WholeGenomeSeq_866Indiv.fam.
End time: Tue Sep  1 13:47:07 2026
[2026-09-01 13:47:07] starting PHF1
Importing covariate data.
Importing gene expression data.
Found 27 tissues for gene PHF1 :
 [1] "Adipose Tissue"  "Adrenal Gland"   "Blood"           "Blood Vessel"   
 [5] "Brain"           "Breast"          "Colon"           "Esophagus"      
 [9] "Heart"           "Kidney"          "Liver"           "Lung"           
[13] "Muscle"          "Nerve"           "Ovary"           "Pancreas"       
[17] "Pituitary"       "Prostate"        "Salivary Gland"  "Skin"           
[21] "Small Intestine" "Spleen"          "Stomach"         "Testis"         
[25] "Thyroid"         "Uterus"          "Vagina"         
Extracting genotype data from PLINK file.
PLINK v2.0.0-a.7LM 64-bit Intel (11 Mar 2026)       cog-genomics.org/plink/2.0/
(C) 2005-2026 Shaun Purcell, Christopher Chang    GNU General Public License v3
Logging to /project2/mstephens/wdenault/susie_mix/temp_plink/plink_PHF1.log.
Options in effect:
  --bfile /project2/mstephens/gtex/GTEx_Analysis_2017-06-05_v8_WholeGenomeSeq_866Indiv
  --chr 6
  --export A
  --from-bp 32910399
  --maf 0
  --max-alleles 2
  --memory 8000
  --out /project2/mstephens/wdenault/susie_mix/temp_plink/plink_PHF1
  --rm-dup exclude-all
  --snps-only
  --threads 2
  --to-bp 33910399

Start time: Tue Sep  1 13:48:05 2026
63727 MiB RAM detected, ~38219 available; reserving 8000 MiB for main
workspace.
Using up to 2 compute threads.
866 samples (0 females, 0 males, 866 ambiguous; 866 founders) loaded from
/project2/mstephens/gtex/GTEx_Analysis_2017-06-05_v8_WholeGenomeSeq_866Indiv.fam.
67234533 variants in
/project2/mstephens/gtex/GTEx_Analysis_2017-06-05_v8_WholeGenomeSeq_866Indiv.bim;
64003927 excluded by --chr + --max-alleles + --snps-only, 3230606 remaining.
Note: No phenotype data present.
Note: Skipping --rm-dup since no duplicate IDs are present.
21062 variants remaining after main filters.
--export A pass 1/1: loading... 0%writing... 0%1%2%3%4%5%6%7%8%9%10%11%12%13%14%15%16%17%18%19%20%21%22%23%24%25%26%27%28%29%30%31%32%33%34%35%36%37%38%39%40%41%42%43%44%45%46%47%48%49%50%51%52%53%54%55%56%57%58%59%60%61%62%63%64%65%66%67%68%69%70%71%72%73%74%75%76%77%78%79%80%81%82%83%84%85%86%87%88%89%90%91%92%93%94%95%96%97%98%99% done.
--export A: /project2/mstephens/wdenault/susie_mix/temp_plink/plink_PHF1.raw
written.
End time: Tue Sep  1 13:48:11 2026
2 SNP(s) removed because HWE P < 1e-08 :
[1] "chr6_33421126_A_C_b38_A" "chr6_33768305_G_A_b38_G"

=====================================
Tissue: Adipose Tissue 
=====================================
[1] TRUE
Running SuSiE.

=====================================
Tissue: Adrenal Gland 
=====================================
[1] TRUE
Running SuSiE.

=====================================
Tissue: Blood 
=====================================
[1] TRUE
Running SuSiE.

=====================================
Tissue: Blood Vessel 
=====================================
[1] TRUE
Running SuSiE.

=====================================
Tissue: Brain 
=====================================
[1] TRUE
Running SuSiE.

=====================================
Tissue: Breast 
=====================================
[1] TRUE
Running SuSiE.

=====================================
Tissue: Colon 
=====================================
[1] TRUE
Running SuSiE.

=====================================
Tissue: Esophagus 
=====================================
[1] TRUE
Running SuSiE.

=====================================
Tissue: Heart 
=====================================
[1] TRUE
Running SuSiE.

=====================================
Tissue: Kidney 
=====================================
[1] TRUE
Running SuSiE.

=====================================
Tissue: Liver 
=====================================
[1] TRUE
Running SuSiE.

=====================================
Tissue: Lung 
=====================================
[1] TRUE
Running SuSiE.

=====================================
Tissue: Muscle 
=====================================
[1] TRUE
Running SuSiE.

=====================================
Tissue: Nerve 
=====================================
[1] TRUE
Running SuSiE.

=====================================
Tissue: Ovary 
=====================================
[1] TRUE
Running SuSiE.

=====================================
Tissue: Pancreas 
=====================================
[1] TRUE
Running SuSiE.

=====================================
Tissue: Pituitary 
=====================================
[1] TRUE
Running SuSiE.

=====================================
Tissue: Prostate 
=====================================
[1] TRUE
Running SuSiE.

=====================================
Tissue: Salivary Gland 
=====================================
[1] TRUE
Running SuSiE.

=====================================
Tissue: Skin 
=====================================
[1] TRUE
Running SuSiE.

=====================================
Tissue: Small Intestine 
=====================================
[1] TRUE
Running SuSiE.

=====================================
Tissue: Spleen 
=====================================
[1] TRUE
Running SuSiE.

=====================================
Tissue: Stomach 
=====================================
[1] TRUE
Running SuSiE.

=====================================
Tissue: Testis 
=====================================
[1] TRUE
Running SuSiE.

=====================================
Tissue: Thyroid 
=====================================
[1] TRUE
Running SuSiE.

=====================================
Tissue: Uterus 
=====================================
[1] TRUE
Running SuSiE.

=====================================
Tissue: Vagina 
=====================================
[1] TRUE
Running SuSiE.
[2026-09-01 13:51:56] starting PHF10
Importing covariate data.
Importing gene expression data.
Found 27 tissues for gene PHF10 :
 [1] "Adipose Tissue"  "Adrenal Gland"   "Blood"           "Blood Vessel"   
 [5] "Brain"           "Breast"          "Colon"           "Esophagus"      
 [9] "Heart"           "Kidney"          "Liver"           "Lung"           
[13] "Muscle"          "Nerve"           "Ovary"           "Pancreas"       
[17] "Pituitary"       "Prostate"        "Salivary Gland"  "Skin"           
[21] "Small Intestine" "Spleen"          "Stomach"         "Testis"         
[25] "Thyroid"         "Uterus"          "Vagina"         
Extracting genotype data from PLINK file.
PLINK v2.0.0-a.7LM 64-bit Intel (11 Mar 2026)       cog-genomics.org/plink/2.0/
(C) 2005-2026 Shaun Purcell, Christopher Chang    GNU General Public License v3
Logging to /project2/mstephens/wdenault/susie_mix/temp_plink/plink_PHF10.log.
Options in effect:
  --bfile /project2/mstephens/gtex/GTEx_Analysis_2017-06-05_v8_WholeGenomeSeq_866Indiv
  --chr 6
  --export A
  --from-bp 169225566
  --maf 0
  --max-alleles 2
  --memory 8000
  --out /project2/mstephens/wdenault/susie_mix/temp_plink/plink_PHF10
  --rm-dup exclude-all
  --snps-only
  --threads 2
  --to-bp 170225566

Start time: Tue Sep  1 13:52:52 2026
63727 MiB RAM detected, ~34096 available; reserving 8000 MiB for main
workspace.
Using up to 2 compute threads.
866 samples (0 females, 0 males, 866 ambiguous; 866 founders) loaded from
/project2/mstephens/gtex/GTEx_Analysis_2017-06-05_v8_WholeGenomeSeq_866Indiv.fam.
67234533 variants in
/project2/mstephens/gtex/GTEx_Analysis_2017-06-05_v8_WholeGenomeSeq_866Indiv.bim;
64003927 excluded by --chr + --max-alleles + --snps-only, 3230606 remaining.
Note: No phenotype data present.
Note: Skipping --rm-dup since no duplicate IDs are present.
22927 variants remaining after main filters.
--export A pass 1/1: loading... 0%writing... 0%1%2%3%4%5%6%7%8%9%10%11%12%13%14%15%16%17%18%19%20%21%22%23%24%25%26%27%28%29%30%31%32%33%34%35%36%37%38%39%40%41%42%43%44%45%46%47%48%49%50%51%52%53%54%55%56%57%58%59%60%61%62%63%64%65%66%67%68%69%70%71%72%73%74%75%76%77%78%79%80%81%82%83%84%85%86%87%88%89%90%91%92%93%94%95%96%97%98%99% done.
--export A: /project2/mstephens/wdenault/susie_mix/temp_plink/plink_PHF10.raw
written.
End time: Tue Sep  1 13:52:58 2026
77 SNP(s) removed because HWE P < 1e-08 :
 [1] "chr6_169238758_T_C_b38_T" "chr6_169240065_T_G_b38_T"
 [3] "chr6_169242948_C_A_b38_C" "chr6_169255934_T_G_b38_T"
 [5] "chr6_169280998_A_G_b38_A" "chr6_169282834_G_A_b38_G"
 [7] "chr6_169285046_A_G_b38_A" "chr6_169285737_T_G_b38_T"
 [9] "chr6_169287222_C_G_b38_C" "chr6_169287719_T_C_b38_T"
[11] "chr6_169287900_A_T_b38_A" "chr6_169370295_C_T_b38_C"
[13] "chr6_169378239_T_C_b38_T" "chr6_169382476_G_A_b38_G"
[15] "chr6_169383391_G_A_b38_G" "chr6_169383467_G_C_b38_G"
[17] "chr6_169385057_T_C_b38_T" "chr6_169386364_G_A_b38_G"
[19] "chr6_169389348_T_G_b38_T" "chr6_169390085_G_C_b38_G"
[21] "chr6_169392048_C_G_b38_C" "chr6_169392088_C_T_b38_C"
[23] "chr6_169393675_G_A_b38_G" "chr6_169393867_G_C_b38_G"
[25] "chr6_169393880_T_C_b38_T" "chr6_169739889_G_T_b38_G"
[27] "chr6_169744132_C_A_b38_C" "chr6_169760494_A_G_b38_A"
[29] "chr6_169840951_A_C_b38_A" "chr6_169874585_C_T_b38_C"
[31] "chr6_169874590_T_C_b38_T" "chr6_169915781_T_G_b38_T"
[33] "chr6_169930806_G_T_b38_G" "chr6_169933200_A_C_b38_A"
[35] "chr6_169942845_A_T_b38_A" "chr6_169945314_G_A_b38_G"
[37] "chr6_169951168_T_A_b38_T" "chr6_169953776_G_A_b38_G"
[39] "chr6_169953959_C_T_b38_C" "chr6_169961778_C_A_b38_C"
[41] "chr6_169962313_C_T_b38_C" "chr6_169966487_C_T_b38_C"
[43] "chr6_169968955_A_T_b38_A" "chr6_169969594_G_T_b38_G"
[45] "chr6_169970285_C_T_b38_C" "chr6_169971050_C_T_b38_C"
[47] "chr6_169971131_C_T_b38_C" "chr6_169971866_G_A_b38_G"
[49] "chr6_169972434_G_C_b38_G" "chr6_169972643_A_G_b38_A"
[51] "chr6_169974382_C_T_b38_C" "chr6_169977222_A_G_b38_A"
[53] "chr6_169977231_A_G_b38_A" "chr6_169977237_C_G_b38_C"
[55] "chr6_169977239_A_G_b38_A" "chr6_169977462_A_G_b38_A"
[57] "chr6_169977581_C_T_b38_C" "chr6_169983943_G_A_b38_G"
[59] "chr6_169990776_G_C_b38_G" "chr6_170048038_A_G_b38_A"
[61] "chr6_170058802_C_T_b38_C" "chr6_170061587_A_G_b38_A"
[63] "chr6_170064052_T_A_b38_T" "chr6_170069338_C_T_b38_C"
[65] "chr6_170070949_A_C_b38_A" "chr6_170071462_A_G_b38_A"
[67] "chr6_170072232_A_G_b38_A" "chr6_170075723_A_G_b38_A"
[69] "chr6_170077515_G_A_b38_G" "chr6_170080611_C_A_b38_C"
[71] "chr6_170082095_C_T_b38_C" "chr6_170083601_T_C_b38_T"
[73] "chr6_170084787_G_T_b38_G" "chr6_170202682_G_T_b38_G"
[75] "chr6_170206795_G_C_b38_G" "chr6_170210831_C_T_b38_C"
[77] "chr6_170221359_T_G_b38_T"

=====================================
Tissue: Adipose Tissue 
=====================================
[1] TRUE
Running SuSiE.

=====================================
Tissue: Adrenal Gland 
=====================================
[1] TRUE
Running SuSiE.

=====================================
Tissue: Blood 
=====================================
[1] TRUE
Running SuSiE.

=====================================
Tissue: Blood Vessel 
=====================================
[1] TRUE
Running SuSiE.

=====================================
Tissue: Brain 
=====================================
[1] TRUE
Running SuSiE.

=====================================
Tissue: Breast 
=====================================
[1] TRUE
Running SuSiE.

=====================================
Tissue: Colon 
=====================================
[1] TRUE
Running SuSiE.

=====================================
Tissue: Esophagus 
=====================================
[1] TRUE
Running SuSiE.

=====================================
Tissue: Heart 
=====================================
[1] TRUE
Running SuSiE.

=====================================
Tissue: Kidney 
=====================================
[1] TRUE
Running SuSiE.

=====================================
Tissue: Liver 
=====================================
[1] TRUE
Running SuSiE.

=====================================
Tissue: Lung 
=====================================
[1] TRUE
Running SuSiE.

=====================================
Tissue: Muscle 
=====================================
[1] TRUE
Running SuSiE.

=====================================
Tissue: Nerve 
=====================================
[1] TRUE
Running SuSiE.

=====================================
Tissue: Ovary 
=====================================
[1] TRUE
Running SuSiE.

=====================================
Tissue: Pancreas 
=====================================
[1] TRUE
Running SuSiE.

=====================================
Tissue: Pituitary 
=====================================
[1] TRUE
Running SuSiE.

=====================================
Tissue: Prostate 
=====================================
[1] TRUE
Running SuSiE.

=====================================
Tissue: Salivary Gland 
=====================================
[1] TRUE
Running SuSiE.

=====================================
Tissue: Skin 
=====================================
[1] TRUE
Running SuSiE.

=====================================
Tissue: Small Intestine 
=====================================
[1] TRUE
Running SuSiE.

=====================================
Tissue: Spleen 
=====================================
[1] TRUE
Running SuSiE.

=====================================
Tissue: Stomach 
=====================================
[1] TRUE
Running SuSiE.

=====================================
Tissue: Testis 
=====================================
[1] TRUE
Running SuSiE.

=====================================
Tissue: Thyroid 
=====================================
[1] TRUE
Running SuSiE.

=====================================
Tissue: Uterus 
=====================================
[1] TRUE
Running SuSiE.

=====================================
Tissue: Vagina 
=====================================
[1] TRUE
Running SuSiE.
[2026-09-01 13:55:21] starting PHF11
Importing covariate data.
Importing gene expression data.
Found 27 tissues for gene PHF11 :
 [1] "Adipose Tissue"  "Adrenal Gland"   "Blood"           "Blood Vessel"   
 [5] "Brain"           "Breast"          "Colon"           "Esophagus"      
 [9] "Heart"           "Kidney"          "Liver"           "Lung"           
[13] "Muscle"          "Nerve"           "Ovary"           "Pancreas"       
[17] "Pituitary"       "Prostate"        "Salivary Gland"  "Skin"           
[21] "Small Intestine" "Spleen"          "Stomach"         "Testis"         
[25] "Thyroid"         "Uterus"          "Vagina"         
Extracting genotype data from PLINK file.
PLINK v2.0.0-a.7LM 64-bit Intel (11 Mar 2026)       cog-genomics.org/plink/2.0/
(C) 2005-2026 Shaun Purcell, Christopher Chang    GNU General Public License v3
Logging to /project2/mstephens/wdenault/susie_mix/temp_plink/plink_PHF11.log.
Options in effect:
  --bfile /project2/mstephens/gtex/GTEx_Analysis_2017-06-05_v8_WholeGenomeSeq_866Indiv
  --chr 13
  --export A
  --from-bp 48995665
  --maf 0
  --max-alleles 2
  --memory 8000
  --out /project2/mstephens/wdenault/susie_mix/temp_plink/plink_PHF11
  --rm-dup exclude-all
  --snps-only
  --threads 2
  --to-bp 49995665

Start time: Tue Sep  1 13:56:14 2026
63727 MiB RAM detected, ~31077 available; reserving 8000 MiB for main
workspace.
Using up to 2 compute threads.
866 samples (0 females, 0 males, 866 ambiguous; 866 founders) loaded from
/project2/mstephens/gtex/GTEx_Analysis_2017-06-05_v8_WholeGenomeSeq_866Indiv.fam.
67234533 variants in
/project2/mstephens/gtex/GTEx_Analysis_2017-06-05_v8_WholeGenomeSeq_866Indiv.bim;
65131670 excluded by --chr + --max-alleles + --snps-only, 2102863 remaining.
Note: No phenotype data present.
Note: Skipping --rm-dup since no duplicate IDs are present.
16999 variants remaining after main filters.
--export A pass 1/1: loading... 0%writing... 0%1%2%3%4%5%6%7%8%9%10%11%12%13%14%15%16%17%18%19%20%21%22%23%24%25%26%27%28%29%30%31%32%33%34%35%36%37%38%39%40%41%42%43%44%45%46%47%48%49%50%51%52%53%54%55%56%57%58%59%60%61%62%63%64%65%66%67%68%69%70%71%72%73%74%75%76%77%78%79%80%81%82%83%84%85%86%87%88%89%90%91%92%93%94%95%96%97%98%99% done.
--export A: /project2/mstephens/wdenault/susie_mix/temp_plink/plink_PHF11.raw
written.
End time: Tue Sep  1 13:56:19 2026
14 SNP(s) removed because HWE P < 1e-08 :
 [1] "chr13_49018484_A_T_b38_A" "chr13_49018500_A_C_b38_A"
 [3] "chr13_49018504_T_G_b38_T" "chr13_49018549_T_A_b38_T"
 [5] "chr13_49018578_G_A_b38_G" "chr13_49018628_T_C_b38_T"
 [7] "chr13_49018629_G_T_b38_G" "chr13_49018634_C_G_b38_C"
 [9] "chr13_49018649_C_A_b38_C" "chr13_49018653_A_G_b38_A"
[11] "chr13_49018681_C_T_b38_C" "chr13_49018744_T_A_b38_T"
[13] "chr13_49370401_A_C_b38_A" "chr13_49565607_A_G_b38_A"

=====================================
Tissue: Adipose Tissue 
=====================================
[1] TRUE
Running SuSiE.

=====================================
Tissue: Adrenal Gland 
=====================================
[1] TRUE
Running SuSiE.

=====================================
Tissue: Blood 
=====================================
[1] TRUE
Running SuSiE.

=====================================
Tissue: Blood Vessel 
=====================================
[1] TRUE
Running SuSiE.

=====================================
Tissue: Brain 
=====================================
[1] TRUE
Running SuSiE.

=====================================
Tissue: Breast 
=====================================
[1] TRUE
Running SuSiE.

=====================================
Tissue: Colon 
=====================================
[1] TRUE
Running SuSiE.

=====================================
Tissue: Esophagus 
=====================================
[1] TRUE
Running SuSiE.

=====================================
Tissue: Heart 
=====================================
[1] TRUE
Running SuSiE.

=====================================
Tissue: Kidney 
=====================================
[1] TRUE
Running SuSiE.

=====================================
Tissue: Liver 
=====================================
[1] TRUE
Running SuSiE.

=====================================
Tissue: Lung 
=====================================
[1] TRUE
Running SuSiE.

=====================================
Tissue: Muscle 
=====================================
[1] TRUE
Running SuSiE.

=====================================
Tissue: Nerve 
=====================================
[1] TRUE
Running SuSiE.

=====================================
Tissue: Ovary 
=====================================
[1] TRUE
Running SuSiE.

=====================================
Tissue: Pancreas 
=====================================
[1] TRUE
Running SuSiE.

=====================================
Tissue: Pituitary 
=====================================
[1] TRUE
Running SuSiE.

=====================================
Tissue: Prostate 
=====================================
[1] TRUE
Running SuSiE.

=====================================
Tissue: Salivary Gland 
=====================================
[1] TRUE
Running SuSiE.

=====================================
Tissue: Skin 
=====================================
[1] TRUE
Running SuSiE.

=====================================
Tissue: Small Intestine 
=====================================
[1] TRUE
Running SuSiE.

=====================================
Tissue: Spleen 
=====================================
[1] TRUE
Running SuSiE.

=====================================
Tissue: Stomach 
=====================================
[1] TRUE
Running SuSiE.

=====================================
Tissue: Testis 
=====================================
[1] TRUE
Running SuSiE.

=====================================
Tissue: Thyroid 
=====================================
[1] TRUE
Running SuSiE.

=====================================
Tissue: Uterus 
=====================================
[1] TRUE
Running SuSiE.

=====================================
Tissue: Vagina 
=====================================
[1] TRUE
Running SuSiE.
[2026-09-01 13:58:05] starting PHF12
Importing covariate data.
Importing gene expression data.
Found 27 tissues for gene PHF12 :
 [1] "Adipose Tissue"  "Adrenal Gland"   "Blood"           "Blood Vessel"   
 [5] "Brain"           "Breast"          "Colon"           "Esophagus"      
 [9] "Heart"           "Kidney"          "Liver"           "Lung"           
[13] "Muscle"          "Nerve"           "Ovary"           "Pancreas"       
[17] "Pituitary"       "Prostate"        "Salivary Gland"  "Skin"           
[21] "Small Intestine" "Spleen"          "Stomach"         "Testis"         
[25] "Thyroid"         "Uterus"          "Vagina"         
Extracting genotype data from PLINK file.
PLINK v2.0.0-a.7LM 64-bit Intel (11 Mar 2026)       cog-genomics.org/plink/2.0/
(C) 2005-2026 Shaun Purcell, Christopher Chang    GNU General Public License v3
Logging to /project2/mstephens/wdenault/susie_mix/temp_plink/plink_PHF12.log.
Options in effect:
  --bfile /project2/mstephens/gtex/GTEx_Analysis_2017-06-05_v8_WholeGenomeSeq_866Indiv
  --chr 17
  --export A
  --from-bp 28451771
  --maf 0
  --max-alleles 2
  --memory 8000
  --out /project2/mstephens/wdenault/susie_mix/temp_plink/plink_PHF12
  --rm-dup exclude-all
  --snps-only
  --threads 2
  --to-bp 29451771

Start time: Tue Sep  1 13:59:02 2026
63727 MiB RAM detected, ~31058 available; reserving 8000 MiB for main
workspace.
Using up to 2 compute threads.
866 samples (0 females, 0 males, 866 ambiguous; 866 founders) loaded from
/project2/mstephens/gtex/GTEx_Analysis_2017-06-05_v8_WholeGenomeSeq_866Indiv.fam.
67234533 variants in
/project2/mstephens/gtex/GTEx_Analysis_2017-06-05_v8_WholeGenomeSeq_866Indiv.bim;
65601655 excluded by --chr + --max-alleles + --snps-only, 1632878 remaining.
Note: No phenotype data present.
Note: Skipping --rm-dup since no duplicate IDs are present.
16202 variants remaining after main filters.
--export A pass 1/1: loading... 0%writing... 0%1%2%3%4%5%6%7%8%9%10%11%12%13%14%15%16%17%18%19%20%21%22%23%24%25%26%27%28%29%30%31%32%33%34%35%36%37%38%39%40%41%42%43%44%45%46%47%48%49%50%51%52%53%54%55%56%57%58%59%60%61%62%63%64%65%66%67%68%69%70%71%72%73%74%75%76%77%78%79%80%81%82%83%84%85%86%87%88%89%90%91%92%93%94%95%96%97%98%99% done.
--export A: /project2/mstephens/wdenault/susie_mix/temp_plink/plink_PHF12.raw
written.
End time: Tue Sep  1 13:59:07 2026
4 SNP(s) removed because HWE P < 1e-08 :
[1] "chr17_28452019_C_T_b38_C" "chr17_28452207_C_G_b38_C"
[3] "chr17_28459762_C_A_b38_C" "chr17_29217842_C_G_b38_C"

=====================================
Tissue: Adipose Tissue 
=====================================
[1] TRUE
Running SuSiE.

=====================================
Tissue: Adrenal Gland 
=====================================
[1] TRUE
Running SuSiE.

=====================================
Tissue: Blood 
=====================================
[1] TRUE
Running SuSiE.

=====================================
Tissue: Blood Vessel 
=====================================
[1] TRUE
Running SuSiE.

=====================================
Tissue: Brain 
=====================================
[1] TRUE
Running SuSiE.

=====================================
Tissue: Breast 
=====================================
[1] TRUE
Running SuSiE.

=====================================
Tissue: Colon 
=====================================
[1] TRUE
Running SuSiE.

=====================================
Tissue: Esophagus 
=====================================
[1] TRUE
Running SuSiE.

=====================================
Tissue: Heart 
=====================================
[1] TRUE
Running SuSiE.

=====================================
Tissue: Kidney 
=====================================
[1] TRUE
Running SuSiE.

=====================================
Tissue: Liver 
=====================================
[1] TRUE
Running SuSiE.

=====================================
Tissue: Lung 
=====================================
[1] TRUE
Running SuSiE.

=====================================
Tissue: Muscle 
=====================================
[1] TRUE
Running SuSiE.

=====================================
Tissue: Nerve 
=====================================
[1] TRUE
Running SuSiE.

=====================================
Tissue: Ovary 
=====================================
[1] TRUE
Running SuSiE.

=====================================
Tissue: Pancreas 
=====================================
[1] TRUE
Running SuSiE.

=====================================
Tissue: Pituitary 
=====================================
[1] TRUE
Running SuSiE.

=====================================
Tissue: Prostate 
=====================================
[1] TRUE
Running SuSiE.

=====================================
Tissue: Salivary Gland 
=====================================
[1] TRUE
Running SuSiE.

=====================================
Tissue: Skin 
=====================================
[1] TRUE
Running SuSiE.

=====================================
Tissue: Small Intestine 
=====================================
[1] TRUE
Running SuSiE.

=====================================
Tissue: Spleen 
=====================================
[1] TRUE
Running SuSiE.

=====================================
Tissue: Stomach 
=====================================
[1] TRUE
Running SuSiE.

=====================================
Tissue: Testis 
=====================================
[1] TRUE
Running SuSiE.

=====================================
Tissue: Thyroid 
=====================================
[1] TRUE
Running SuSiE.

=====================================
Tissue: Uterus 
=====================================
[1] TRUE
Running SuSiE.

=====================================
Tissue: Vagina 
=====================================
[1] TRUE
Running SuSiE.
[2026-09-01 14:00:12] starting PHF13
Importing covariate data.
Importing gene expression data.
Found 27 tissues for gene PHF13 :
 [1] "Adipose Tissue"  "Adrenal Gland"   "Blood"           "Blood Vessel"   
 [5] "Brain"           "Breast"          "Colon"           "Esophagus"      
 [9] "Heart"           "Kidney"          "Liver"           "Lung"           
[13] "Muscle"          "Nerve"           "Ovary"           "Pancreas"       
[17] "Pituitary"       "Prostate"        "Salivary Gland"  "Skin"           
[21] "Small Intestine" "Spleen"          "Stomach"         "Testis"         
[25] "Thyroid"         "Uterus"          "Vagina"         
Extracting genotype data from PLINK file.
PLINK v2.0.0-a.7LM 64-bit Intel (11 Mar 2026)       cog-genomics.org/plink/2.0/
(C) 2005-2026 Shaun Purcell, Christopher Chang    GNU General Public License v3
Logging to /project2/mstephens/wdenault/susie_mix/temp_plink/plink_PHF13.log.
Options in effect:
  --bfile /project2/mstephens/gtex/GTEx_Analysis_2017-06-05_v8_WholeGenomeSeq_866Indiv
  --chr 1
  --export A
  --from-bp 6113731
  --maf 0
  --max-alleles 2
  --memory 8000
  --out /project2/mstephens/wdenault/susie_mix/temp_plink/plink_PHF13
  --rm-dup exclude-all
  --snps-only
  --threads 2
  --to-bp 7113731

Start time: Tue Sep  1 14:01:08 2026
63727 MiB RAM detected, ~30538 available; reserving 8000 MiB for main
workspace.
Using up to 2 compute threads.
866 samples (0 females, 0 males, 866 ambiguous; 866 founders) loaded from
/project2/mstephens/gtex/GTEx_Analysis_2017-06-05_v8_WholeGenomeSeq_866Indiv.fam.
67234533 variants in
/project2/mstephens/gtex/GTEx_Analysis_2017-06-05_v8_WholeGenomeSeq_866Indiv.bim;
62424502 excluded by --chr + --max-alleles + --snps-only, 4810031 remaining.
Note: No phenotype data present.
Note: Skipping --rm-dup since no duplicate IDs are present.
19981 variants remaining after main filters.
--export A pass 1/1: loading... 0%51% writing... 0%1%2%3%4%5%6%7%8%9%10%11%12%13%14%15%16%17%18%19%20%21%22%23%24%25%26%27%28%29%30%31%32%33%34%35%36%37%38%39%40%41%42%43%44%45%46%47%48%49%50%51%52%53%54%55%56%57%58%59%60%61%62%63%64%65%66%67%68%69%70%71%72%73%74%75%76%77%78%79%80%81%82%83%84%85%86%87%88%89%90%91%92%93%94%95%96%97%98%99% done.
--export A: /project2/mstephens/wdenault/susie_mix/temp_plink/plink_PHF13.raw
written.
End time: Tue Sep  1 14:01:15 2026
46 SNP(s) removed because HWE P < 1e-08 :
 [1] "chr1_6166480_C_A_b38_C" "chr1_6169194_G_C_b38_G" "chr1_6170471_T_C_b38_T"
 [4] "chr1_6172509_C_T_b38_C" "chr1_6174408_A_G_b38_A" "chr1_6175711_C_T_b38_C"
 [7] "chr1_6182116_G_A_b38_G" "chr1_6187353_A_G_b38_A" "chr1_6191424_C_T_b38_C"
[10] "chr1_6219556_A_G_b38_A" "chr1_6280053_C_G_b38_C" "chr1_6282166_A_G_b38_A"
[13] "chr1_6297652_C_G_b38_C" "chr1_6301377_G_T_b38_G" "chr1_6301975_T_C_b38_T"
[16] "chr1_6314427_A_G_b38_A" "chr1_6314996_A_T_b38_A" "chr1_6324912_G_A_b38_G"
[19] "chr1_6324971_C_G_b38_C" "chr1_6324972_A_G_b38_A" "chr1_6325127_A_G_b38_A"
[22] "chr1_6332065_A_G_b38_A" "chr1_6339651_A_G_b38_A" "chr1_6346259_A_G_b38_A"
[25] "chr1_6350743_A_C_b38_A" "chr1_6356115_A_G_b38_A" "chr1_6379308_G_C_b38_G"
[28] "chr1_6379493_C_T_b38_C" "chr1_6382087_A_G_b38_A" "chr1_6382695_G_A_b38_G"
[31] "chr1_6383860_A_G_b38_A" "chr1_6385199_T_C_b38_T" "chr1_6446883_G_C_b38_G"
[34] "chr1_6447167_G_C_b38_G" "chr1_6447740_G_A_b38_G" "chr1_6448062_G_C_b38_G"
[37] "chr1_6448207_C_G_b38_C" "chr1_6448565_A_G_b38_A" "chr1_6448573_G_T_b38_G"
[40] "chr1_6448652_T_C_b38_T" "chr1_6449498_T_C_b38_T" "chr1_6449607_T_C_b38_T"
[43] "chr1_6493742_T_G_b38_T" "chr1_6494589_G_A_b38_G" "chr1_7094260_A_C_b38_A"
[46] "chr1_7094266_A_C_b38_A"

=====================================
Tissue: Adipose Tissue 
=====================================
[1] TRUE
Running SuSiE.

=====================================
Tissue: Adrenal Gland 
=====================================
[1] TRUE
Running SuSiE.

=====================================
Tissue: Blood 
=====================================
[1] TRUE
Running SuSiE.

=====================================
Tissue: Blood Vessel 
=====================================
[1] TRUE
Running SuSiE.

=====================================
Tissue: Brain 
=====================================
[1] TRUE
Running SuSiE.

=====================================
Tissue: Breast 
=====================================
[1] TRUE
Running SuSiE.

=====================================
Tissue: Colon 
=====================================
[1] TRUE
Running SuSiE.

=====================================
Tissue: Esophagus 
=====================================
[1] TRUE
Running SuSiE.

=====================================
Tissue: Heart 
=====================================
[1] TRUE
Running SuSiE.

=====================================
Tissue: Kidney 
=====================================
[1] TRUE
Running SuSiE.

=====================================
Tissue: Liver 
=====================================
[1] TRUE
Running SuSiE.

=====================================
Tissue: Lung 
=====================================
[1] TRUE
Running SuSiE.

=====================================
Tissue: Muscle 
=====================================
[1] TRUE
Running SuSiE.

=====================================
Tissue: Nerve 
=====================================
[1] TRUE
Running SuSiE.

=====================================
Tissue: Ovary 
=====================================
[1] TRUE
Running SuSiE.

=====================================
Tissue: Pancreas 
=====================================
[1] TRUE
Running SuSiE.

=====================================
Tissue: Pituitary 
=====================================
[1] TRUE
Running SuSiE.

=====================================
Tissue: Prostate 
=====================================
[1] TRUE
Running SuSiE.

=====================================
Tissue: Salivary Gland 
=====================================
[1] TRUE
Running SuSiE.

=====================================
Tissue: Skin 
=====================================
[1] TRUE
Running SuSiE.

=====================================
Tissue: Small Intestine 
=====================================
[1] TRUE
Running SuSiE.

=====================================
Tissue: Spleen 
=====================================
[1] TRUE
Running SuSiE.

=====================================
Tissue: Stomach 
=====================================
[1] TRUE
Running SuSiE.

=====================================
Tissue: Testis 
=====================================
[1] TRUE
Running SuSiE.

=====================================
Tissue: Thyroid 
=====================================
[1] TRUE
Running SuSiE.

=====================================
Tissue: Uterus 
=====================================
[1] TRUE
Running SuSiE.

=====================================
Tissue: Vagina 
=====================================
[1] TRUE
Running SuSiE.
[2026-09-01 14:03:07] starting PHF14
Importing covariate data.
Importing gene expression data.
Found 27 tissues for gene PHF14 :
 [1] "Adipose Tissue"  "Adrenal Gland"   "Blood"           "Blood Vessel"   
 [5] "Brain"           "Breast"          "Colon"           "Esophagus"      
 [9] "Heart"           "Kidney"          "Liver"           "Lung"           
[13] "Muscle"          "Nerve"           "Ovary"           "Pancreas"       
[17] "Pituitary"       "Prostate"        "Salivary Gland"  "Skin"           
[21] "Small Intestine" "Spleen"          "Stomach"         "Testis"         
[25] "Thyroid"         "Uterus"          "Vagina"         
Extracting genotype data from PLINK file.
PLINK v2.0.0-a.7LM 64-bit Intel (11 Mar 2026)       cog-genomics.org/plink/2.0/
(C) 2005-2026 Shaun Purcell, Christopher Chang    GNU General Public License v3
Logging to /project2/mstephens/wdenault/susie_mix/temp_plink/plink_PHF14.log.
Options in effect:
  --bfile /project2/mstephens/gtex/GTEx_Analysis_2017-06-05_v8_WholeGenomeSeq_866Indiv
  --chr 7
  --export A
  --from-bp 10473336
  --maf 0
  --max-alleles 2
  --memory 8000
  --out /project2/mstephens/wdenault/susie_mix/temp_plink/plink_PHF14
  --rm-dup exclude-all
  --snps-only
  --threads 2
  --to-bp 11473336

Start time: Tue Sep  1 14:04:03 2026
63727 MiB RAM detected, ~31060 available; reserving 8000 MiB for main
workspace.
Using up to 2 compute threads.
866 samples (0 females, 0 males, 866 ambiguous; 866 founders) loaded from
/project2/mstephens/gtex/GTEx_Analysis_2017-06-05_v8_WholeGenomeSeq_866Indiv.fam.
67234533 variants in
/project2/mstephens/gtex/GTEx_Analysis_2017-06-05_v8_WholeGenomeSeq_866Indiv.bim;
64060212 excluded by --chr + --max-alleles + --snps-only, 3174321 remaining.
Note: No phenotype data present.
Note: Skipping --rm-dup since no duplicate IDs are present.
21425 variants remaining after main filters.
--export A pass 1/1: loading... 0%writing... 0%1%2%3%4%5%6%7%8%9%10%11%12%13%14%15%16%17%18%19%20%21%22%23%24%25%26%27%28%29%30%31%32%33%34%35%36%37%38%39%40%41%42%43%44%45%46%47%48%49%50%51%52%53%54%55%56%57%58%59%60%61%62%63%64%65%66%67%68%69%70%71%72%73%74%75%76%77%78%79%80%81%82%83%84%85%86%87%88%89%90%91%92%93%94%95%96%97%98%99% done.
--export A: /project2/mstephens/wdenault/susie_mix/temp_plink/plink_PHF14.raw
written.
End time: Tue Sep  1 14:04:09 2026
5 SNP(s) removed because HWE P < 1e-08 :
[1] "chr7_10808555_C_A_b38_C" "chr7_10808556_T_C_b38_T"
[3] "chr7_10808593_T_C_b38_T" "chr7_10808601_G_T_b38_G"
[5] "chr7_11234857_A_G_b38_A"

=====================================
Tissue: Adipose Tissue 
=====================================
[1] TRUE
Running SuSiE.

=====================================
Tissue: Adrenal Gland 
=====================================
[1] TRUE
Running SuSiE.

=====================================
Tissue: Blood 
=====================================
[1] TRUE
Running SuSiE.

=====================================
Tissue: Blood Vessel 
=====================================
[1] TRUE
Running SuSiE.

=====================================
Tissue: Brain 
=====================================
[1] TRUE
Running SuSiE.

=====================================
Tissue: Breast 
=====================================
[1] TRUE
Running SuSiE.

=====================================
Tissue: Colon 
=====================================
[1] TRUE
Running SuSiE.

=====================================
Tissue: Esophagus 
=====================================
[1] TRUE
Running SuSiE.

=====================================
Tissue: Heart 
=====================================
[1] TRUE
Running SuSiE.

=====================================
Tissue: Kidney 
=====================================
[1] TRUE
Running SuSiE.

=====================================
Tissue: Liver 
=====================================
[1] TRUE
Running SuSiE.

=====================================
Tissue: Lung 
=====================================
[1] TRUE
Running SuSiE.

=====================================
Tissue: Muscle 
=====================================
[1] TRUE
Running SuSiE.

=====================================
Tissue: Nerve 
=====================================
[1] TRUE
Running SuSiE.

=====================================
Tissue: Ovary 
=====================================
[1] TRUE
Running SuSiE.

=====================================
Tissue: Pancreas 
=====================================
[1] TRUE
Running SuSiE.

=====================================
Tissue: Pituitary 
=====================================
[1] TRUE
Running SuSiE.

=====================================
Tissue: Prostate 
=====================================
[1] TRUE
Running SuSiE.

=====================================
Tissue: Salivary Gland 
=====================================
[1] TRUE
Running SuSiE.

=====================================
Tissue: Skin 
=====================================
[1] TRUE
Running SuSiE.

=====================================
Tissue: Small Intestine 
=====================================
[1] TRUE
Running SuSiE.

=====================================
Tissue: Spleen 
=====================================
[1] TRUE
Running SuSiE.

=====================================
Tissue: Stomach 
=====================================
[1] TRUE
Running SuSiE.

=====================================
Tissue: Testis 
=====================================
[1] TRUE
Running SuSiE.

=====================================
Tissue: Thyroid 
=====================================
[1] TRUE
Running SuSiE.

=====================================
Tissue: Uterus 
=====================================
[1] TRUE
Running SuSiE.

=====================================
Tissue: Vagina 
=====================================
[1] TRUE
Running SuSiE.
[2026-09-01 14:06:40] starting PHF19
Importing covariate data.
Importing gene expression data.
Found 27 tissues for gene PHF19 :
 [1] "Adipose Tissue"  "Adrenal Gland"   "Blood"           "Blood Vessel"   
 [5] "Brain"           "Breast"          "Colon"           "Esophagus"      
 [9] "Heart"           "Kidney"          "Liver"           "Lung"           
[13] "Muscle"          "Nerve"           "Ovary"           "Pancreas"       
[17] "Pituitary"       "Prostate"        "Salivary Gland"  "Skin"           
[21] "Small Intestine" "Spleen"          "Stomach"         "Testis"         
[25] "Thyroid"         "Uterus"          "Vagina"         
Extracting genotype data from PLINK file.
PLINK v2.0.0-a.7LM 64-bit Intel (11 Mar 2026)       cog-genomics.org/plink/2.0/
(C) 2005-2026 Shaun Purcell, Christopher Chang    GNU General Public License v3
Logging to /project2/mstephens/wdenault/susie_mix/temp_plink/plink_PHF19.log.
Options in effect:
  --bfile /project2/mstephens/gtex/GTEx_Analysis_2017-06-05_v8_WholeGenomeSeq_866Indiv
  --chr 9
  --export A
  --from-bp 120394896
  --maf 0
  --max-alleles 2
  --memory 8000
  --out /project2/mstephens/wdenault/susie_mix/temp_plink/plink_PHF19
  --rm-dup exclude-all
  --snps-only
  --threads 2
  --to-bp 121394896

Start time: Tue Sep  1 14:07:39 2026
63727 MiB RAM detected, ~30581 available; reserving 8000 MiB for main
workspace.
Using up to 2 compute threads.
866 samples (0 females, 0 males, 866 ambiguous; 866 founders) loaded from
/project2/mstephens/gtex/GTEx_Analysis_2017-06-05_v8_WholeGenomeSeq_866Indiv.fam.
67234533 variants in
/project2/mstephens/gtex/GTEx_Analysis_2017-06-05_v8_WholeGenomeSeq_866Indiv.bim;
64708045 excluded by --chr + --max-alleles + --snps-only, 2526488 remaining.
Note: No phenotype data present.
Note: Skipping --rm-dup since no duplicate IDs are present.
15753 variants remaining after main filters.
--export A pass 1/1: loading... 0%21% writing... 0%1%2%3%4%5%6%7%8%9%10%11%12%13%14%15%16%17%18%19%20%21%22%23%24%25%26%27%28%29%30%31%32%33%34%35%36%37%38%39%40%41%42%43%44%45%46%47%48%49%50%51%52%53%54%55%56%57%58%59%60%61%62%63%64%65%66%67%68%69%70%71%72%73%74%75%76%77%78%79%80%81%82%83%84%85%86%87%88%89%90%91%92%93%94%95%96%97%98%99% done.
--export A: /project2/mstephens/wdenault/susie_mix/temp_plink/plink_PHF19.raw
written.
End time: Tue Sep  1 14:07:45 2026
23 SNP(s) removed because HWE P < 1e-08 :
 [1] "chr9_120804953_A_G_b38_A" "chr9_120804973_A_G_b38_A"
 [3] "chr9_120804992_C_G_b38_C" "chr9_120804993_A_T_b38_A"
 [5] "chr9_120804998_A_G_b38_A" "chr9_120805009_C_T_b38_C"
 [7] "chr9_120805026_G_T_b38_G" "chr9_120805033_C_T_b38_C"
 [9] "chr9_120805042_G_A_b38_G" "chr9_120805048_T_C_b38_T"
[11] "chr9_120805055_A_T_b38_A" "chr9_120805101_G_A_b38_G"
[13] "chr9_120805132_G_A_b38_G" "chr9_120805186_A_T_b38_A"
[15] "chr9_120805203_T_C_b38_T" "chr9_120805212_G_A_b38_G"
[17] "chr9_120908451_A_G_b38_A" "chr9_120912855_C_T_b38_C"
[19] "chr9_120915347_G_C_b38_G" "chr9_120947863_T_G_b38_T"
[21] "chr9_120953009_T_C_b38_T" "chr9_120955111_C_A_b38_C"
[23] "chr9_120955562_C_A_b38_C"

=====================================
Tissue: Adipose Tissue 
=====================================
[1] TRUE
Running SuSiE.

=====================================
Tissue: Adrenal Gland 
=====================================
[1] TRUE
Running SuSiE.

=====================================
Tissue: Blood 
=====================================
[1] TRUE
Running SuSiE.

=====================================
Tissue: Blood Vessel 
=====================================
[1] TRUE
Running SuSiE.

=====================================
Tissue: Brain 
=====================================
[1] TRUE
Running SuSiE.

=====================================
Tissue: Breast 
=====================================
[1] TRUE
Running SuSiE.

=====================================
Tissue: Colon 
=====================================
[1] TRUE
Running SuSiE.

=====================================
Tissue: Esophagus 
=====================================
[1] TRUE
Running SuSiE.

=====================================
Tissue: Heart 
=====================================
[1] TRUE
Running SuSiE.

=====================================
Tissue: Kidney 
=====================================
[1] TRUE
Running SuSiE.

=====================================
Tissue: Liver 
=====================================
[1] TRUE
Running SuSiE.

=====================================
Tissue: Lung 
=====================================
[1] TRUE
Running SuSiE.

=====================================
Tissue: Muscle 
=====================================
[1] TRUE
Running SuSiE.

=====================================
Tissue: Nerve 
=====================================
[1] TRUE
Running SuSiE.

=====================================
Tissue: Ovary 
=====================================
[1] TRUE
Running SuSiE.

=====================================
Tissue: Pancreas 
=====================================
[1] TRUE
Running SuSiE.

=====================================
Tissue: Pituitary 
=====================================
[1] TRUE
Running SuSiE.

=====================================
Tissue: Prostate 
=====================================
[1] TRUE
Running SuSiE.

=====================================
Tissue: Salivary Gland 
=====================================
[1] TRUE
Running SuSiE.

=====================================
Tissue: Skin 
=====================================
[1] TRUE
Running SuSiE.

=====================================
Tissue: Small Intestine 
=====================================
[1] TRUE
Running SuSiE.

=====================================
Tissue: Spleen 
=====================================
[1] TRUE
Running SuSiE.

=====================================
Tissue: Stomach 
=====================================
[1] TRUE
Running SuSiE.

=====================================
Tissue: Testis 
=====================================
[1] TRUE
Running SuSiE.

=====================================
Tissue: Thyroid 
=====================================
[1] TRUE
Running SuSiE.

=====================================
Tissue: Uterus 
=====================================
[1] TRUE
Running SuSiE.

=====================================
Tissue: Vagina 
=====================================
[1] TRUE
Running SuSiE.
[2026-09-01 14:08:58] starting PHF2
Importing covariate data.
Importing gene expression data.
Found 27 tissues for gene PHF2 :
 [1] "Adipose Tissue"  "Adrenal Gland"   "Blood"           "Blood Vessel"   
 [5] "Brain"           "Breast"          "Colon"           "Esophagus"      
 [9] "Heart"           "Kidney"          "Liver"           "Lung"           
[13] "Muscle"          "Nerve"           "Ovary"           "Pancreas"       
[17] "Pituitary"       "Prostate"        "Salivary Gland"  "Skin"           
[21] "Small Intestine" "Spleen"          "Stomach"         "Testis"         
[25] "Thyroid"         "Uterus"          "Vagina"         
Extracting genotype data from PLINK file.
PLINK v2.0.0-a.7LM 64-bit Intel (11 Mar 2026)       cog-genomics.org/plink/2.0/
(C) 2005-2026 Shaun Purcell, Christopher Chang    GNU General Public License v3
Logging to /project2/mstephens/wdenault/susie_mix/temp_plink/plink_PHF2.log.
Options in effect:
  --bfile /project2/mstephens/gtex/GTEx_Analysis_2017-06-05_v8_WholeGenomeSeq_866Indiv
  --chr 9
  --export A
  --from-bp 93076584
  --maf 0
  --max-alleles 2
  --memory 8000
  --out /project2/mstephens/wdenault/susie_mix/temp_plink/plink_PHF2
  --rm-dup exclude-all
  --snps-only
  --threads 2
  --to-bp 94076584

Start time: Tue Sep  1 14:09:55 2026
63727 MiB RAM detected, ~33838 available; reserving 8000 MiB for main
workspace.
Using up to 2 compute threads.
866 samples (0 females, 0 males, 866 ambiguous; 866 founders) loaded from
/project2/mstephens/gtex/GTEx_Analysis_2017-06-05_v8_WholeGenomeSeq_866Indiv.fam.
67234533 variants in
/project2/mstephens/gtex/GTEx_Analysis_2017-06-05_v8_WholeGenomeSeq_866Indiv.bim;
64708045 excluded by --chr + --max-alleles + --snps-only, 2526488 remaining.
Note: No phenotype data present.
Note: Skipping --rm-dup since no duplicate IDs are present.
18026 variants remaining after main filters.
--export A pass 1/1: loading... 0%writing... 0%1%2%3%4%5%6%7%8%9%10%11%12%13%14%15%16%17%18%19%20%21%22%23%24%25%26%27%28%29%30%31%32%33%34%35%36%37%38%39%40%41%42%43%44%45%46%47%48%49%50%51%52%53%54%55%56%57%58%59%60%61%62%63%64%65%66%67%68%69%70%71%72%73%74%75%76%77%78%79%80%81%82%83%84%85%86%87%88%89%90%91%92%93%94%95%96%97%98%99% done.
--export A: /project2/mstephens/wdenault/susie_mix/temp_plink/plink_PHF2.raw
written.
End time: Tue Sep  1 14:10:01 2026
13 SNP(s) removed because HWE P < 1e-08 :
 [1] "chr9_93087260_T_C_b38_T" "chr9_93094104_G_A_b38_G"
 [3] "chr9_93094234_T_C_b38_T" "chr9_93095677_C_G_b38_C"
 [5] "chr9_93101276_G_A_b38_G" "chr9_93104572_C_G_b38_C"
 [7] "chr9_93105821_A_G_b38_A" "chr9_93107500_C_T_b38_C"
 [9] "chr9_93349834_A_G_b38_A" "chr9_93350530_T_C_b38_T"
[11] "chr9_93351039_G_A_b38_G" "chr9_93467390_C_T_b38_C"
[13] "chr9_93515315_G_A_b38_G"

=====================================
Tissue: Adipose Tissue 
=====================================
[1] TRUE
Running SuSiE.

=====================================
Tissue: Adrenal Gland 
=====================================
[1] TRUE
Running SuSiE.

=====================================
Tissue: Blood 
=====================================
[1] TRUE
Running SuSiE.

=====================================
Tissue: Blood Vessel 
=====================================
[1] TRUE
Running SuSiE.

=====================================
Tissue: Brain 
=====================================
[1] TRUE
Running SuSiE.

=====================================
Tissue: Breast 
=====================================
[1] TRUE
Running SuSiE.

=====================================
Tissue: Colon 
=====================================
[1] TRUE
Running SuSiE.

=====================================
Tissue: Esophagus 
=====================================
[1] TRUE
Running SuSiE.

=====================================
Tissue: Heart 
=====================================
[1] TRUE
Running SuSiE.

=====================================
Tissue: Kidney 
=====================================
[1] TRUE
Running SuSiE.

=====================================
Tissue: Liver 
=====================================
[1] TRUE
Running SuSiE.

=====================================
Tissue: Lung 
=====================================
[1] TRUE
Running SuSiE.

=====================================
Tissue: Muscle 
=====================================
[1] TRUE
Running SuSiE.

=====================================
Tissue: Nerve 
=====================================
[1] TRUE
Running SuSiE.

=====================================
Tissue: Ovary 
=====================================
[1] TRUE
Running SuSiE.

=====================================
Tissue: Pancreas 
=====================================
[1] TRUE
Running SuSiE.

=====================================
Tissue: Pituitary 
=====================================
[1] TRUE
Running SuSiE.

=====================================
Tissue: Prostate 
=====================================
[1] TRUE
Running SuSiE.

=====================================
Tissue: Salivary Gland 
=====================================
[1] TRUE
Running SuSiE.

=====================================
Tissue: Skin 
=====================================
[1] TRUE
Running SuSiE.

=====================================
Tissue: Small Intestine 
=====================================
[1] TRUE
Running SuSiE.

=====================================
Tissue: Spleen 
=====================================
[1] TRUE
Running SuSiE.

=====================================
Tissue: Stomach 
=====================================
[1] TRUE
Running SuSiE.

=====================================
Tissue: Testis 
=====================================
[1] TRUE
Running SuSiE.

=====================================
Tissue: Thyroid 
=====================================
[1] TRUE
Running SuSiE.

=====================================
Tissue: Uterus 
=====================================
[1] TRUE
Running SuSiE.

=====================================
Tissue: Vagina 
=====================================
[1] TRUE
Running SuSiE.
[2026-09-01 14:12:20] starting PHF20
Importing covariate data.
Importing gene expression data.
Found 27 tissues for gene PHF20 :
 [1] "Adipose Tissue"  "Adrenal Gland"   "Blood"           "Blood Vessel"   
 [5] "Brain"           "Breast"          "Colon"           "Esophagus"      
 [9] "Heart"           "Kidney"          "Liver"           "Lung"           
[13] "Muscle"          "Nerve"           "Ovary"           "Pancreas"       
[17] "Pituitary"       "Prostate"        "Salivary Gland"  "Skin"           
[21] "Small Intestine" "Spleen"          "Stomach"         "Testis"         
[25] "Thyroid"         "Uterus"          "Vagina"         
Extracting genotype data from PLINK file.
PLINK v2.0.0-a.7LM 64-bit Intel (11 Mar 2026)       cog-genomics.org/plink/2.0/
(C) 2005-2026 Shaun Purcell, Christopher Chang    GNU General Public License v3
Logging to /project2/mstephens/wdenault/susie_mix/temp_plink/plink_PHF20.log.
Options in effect:
  --bfile /project2/mstephens/gtex/GTEx_Analysis_2017-06-05_v8_WholeGenomeSeq_866Indiv
  --chr 20
  --export A
  --from-bp 35271974
  --maf 0
  --max-alleles 2
  --memory 8000
  --out /project2/mstephens/wdenault/susie_mix/temp_plink/plink_PHF20
  --rm-dup exclude-all
  --snps-only
  --threads 2
  --to-bp 36271974

Start time: Tue Sep  1 14:13:17 2026
63727 MiB RAM detected, ~30113 available; reserving 8000 MiB for main
workspace.
Using up to 2 compute threads.
866 samples (0 females, 0 males, 866 ambiguous; 866 founders) loaded from
/project2/mstephens/gtex/GTEx_Analysis_2017-06-05_v8_WholeGenomeSeq_866Indiv.fam.
67234533 variants in
/project2/mstephens/gtex/GTEx_Analysis_2017-06-05_v8_WholeGenomeSeq_866Indiv.bim;
65857659 excluded by --chr + --max-alleles + --snps-only, 1376874 remaining.
Note: No phenotype data present.
Note: Skipping --rm-dup since no duplicate IDs are present.
16373 variants remaining after main filters.
--export A pass 1/1: loading... 0%writing... 0%1%2%3%4%5%6%7%8%9%10%11%12%13%14%15%16%17%18%19%20%21%22%23%24%25%26%27%28%29%30%31%32%33%34%35%36%37%38%39%40%41%42%43%44%45%46%47%48%49%50%51%52%53%54%55%56%57%58%59%60%61%62%63%64%65%66%67%68%69%70%71%72%73%74%75%76%77%78%79%80%81%82%83%84%85%86%87%88%89%90%91%92%93%94%95%96%97%98%99% done.
--export A: /project2/mstephens/wdenault/susie_mix/temp_plink/plink_PHF20.raw
written.
End time: Tue Sep  1 14:13:23 2026
6 SNP(s) removed because HWE P < 1e-08 :
[1] "chr20_35926362_C_T_b38_C" "chr20_35975547_A_G_b38_A"
[3] "chr20_35975551_T_C_b38_T" "chr20_36051737_C_A_b38_C"
[5] "chr20_36207450_C_T_b38_C" "chr20_36240537_T_C_b38_T"

=====================================
Tissue: Adipose Tissue 
=====================================
[1] TRUE
Running SuSiE.

=====================================
Tissue: Adrenal Gland 
=====================================
[1] TRUE
Running SuSiE.

=====================================
Tissue: Blood 
=====================================
[1] TRUE
Running SuSiE.

=====================================
Tissue: Blood Vessel 
=====================================
[1] TRUE
Running SuSiE.

=====================================
Tissue: Brain 
=====================================
[1] TRUE
Running SuSiE.

=====================================
Tissue: Breast 
=====================================
[1] TRUE
Running SuSiE.

=====================================
Tissue: Colon 
=====================================
[1] TRUE
Running SuSiE.

=====================================
Tissue: Esophagus 
=====================================
[1] TRUE
Running SuSiE.

=====================================
Tissue: Heart 
=====================================
[1] TRUE
Running SuSiE.

=====================================
Tissue: Kidney 
=====================================
[1] TRUE
Running SuSiE.

=====================================
Tissue: Liver 
=====================================
[1] TRUE
Running SuSiE.

=====================================
Tissue: Lung 
=====================================
[1] TRUE
Running SuSiE.

=====================================
Tissue: Muscle 
=====================================
[1] TRUE
Running SuSiE.

=====================================
Tissue: Nerve 
=====================================
[1] TRUE
Running SuSiE.

=====================================
Tissue: Ovary 
=====================================
[1] TRUE
Running SuSiE.

=====================================
Tissue: Pancreas 
=====================================
[1] TRUE
Running SuSiE.

=====================================
Tissue: Pituitary 
=====================================
[1] TRUE
Running SuSiE.

=====================================
Tissue: Prostate 
=====================================
[1] TRUE
Running SuSiE.

=====================================
Tissue: Salivary Gland 
=====================================
[1] TRUE
Running SuSiE.

=====================================
Tissue: Skin 
=====================================
[1] TRUE
Running SuSiE.

=====================================
Tissue: Small Intestine 
=====================================
[1] TRUE
Running SuSiE.

=====================================
Tissue: Spleen 
=====================================
[1] TRUE
Running SuSiE.

=====================================
Tissue: Stomach 
=====================================
[1] TRUE
Running SuSiE.

=====================================
Tissue: Testis 
=====================================
[1] TRUE
Running SuSiE.

=====================================
Tissue: Thyroid 
=====================================
[1] TRUE
Running SuSiE.

=====================================
Tissue: Uterus 
=====================================
[1] TRUE
Running SuSiE.

=====================================
Tissue: Vagina 
=====================================
[1] TRUE
Running SuSiE.
[2026-09-01 14:14:26] starting PHF20L1
Importing covariate data.
Importing gene expression data.
Found 27 tissues for gene PHF20L1 :
 [1] "Adipose Tissue"  "Adrenal Gland"   "Blood"           "Blood Vessel"   
 [5] "Brain"           "Breast"          "Colon"           "Esophagus"      
 [9] "Heart"           "Kidney"          "Liver"           "Lung"           
[13] "Muscle"          "Nerve"           "Ovary"           "Pancreas"       
[17] "Pituitary"       "Prostate"        "Salivary Gland"  "Skin"           
[21] "Small Intestine" "Spleen"          "Stomach"         "Testis"         
[25] "Thyroid"         "Uterus"          "Vagina"         
Extracting genotype data from PLINK file.
PLINK v2.0.0-a.7LM 64-bit Intel (11 Mar 2026)       cog-genomics.org/plink/2.0/
(C) 2005-2026 Shaun Purcell, Christopher Chang    GNU General Public License v3
Logging to /project2/mstephens/wdenault/susie_mix/temp_plink/plink_PHF20L1.log.
Options in effect:
  --bfile /project2/mstephens/gtex/GTEx_Analysis_2017-06-05_v8_WholeGenomeSeq_866Indiv
  --chr 8
  --export A
  --from-bp 132275358
  --maf 0
  --max-alleles 2
  --memory 8000
  --out /project2/mstephens/wdenault/susie_mix/temp_plink/plink_PHF20L1
  --rm-dup exclude-all
  --snps-only
  --threads 2
  --to-bp 133275358

Start time: Tue Sep  1 14:15:22 2026
63727 MiB RAM detected, ~31082 available; reserving 8000 MiB for main
workspace.
Using up to 2 compute threads.
866 samples (0 females, 0 males, 866 ambiguous; 866 founders) loaded from
/project2/mstephens/gtex/GTEx_Analysis_2017-06-05_v8_WholeGenomeSeq_866Indiv.fam.
67234533 variants in
/project2/mstephens/gtex/GTEx_Analysis_2017-06-05_v8_WholeGenomeSeq_866Indiv.bim;
64320131 excluded by --chr + --max-alleles + --snps-only, 2914402 remaining.
Note: No phenotype data present.
Note: Skipping --rm-dup since no duplicate IDs are present.
17803 variants remaining after main filters.
--export A pass 1/1: loading... 0%writing... 0%1%2%3%4%5%6%7%8%9%10%11%12%13%14%15%16%17%18%19%20%21%22%23%24%25%26%27%28%29%30%31%32%33%34%35%36%37%38%39%40%41%42%43%44%45%46%47%48%49%50%51%52%53%54%55%56%57%58%59%60%61%62%63%64%65%66%67%68%69%70%71%72%73%74%75%76%77%78%79%80%81%82%83%84%85%86%87%88%89%90%91%92%93%94%95%96%97%98%99% done.
--export A: /project2/mstephens/wdenault/susie_mix/temp_plink/plink_PHF20L1.raw
written.
End time: Tue Sep  1 14:15:28 2026
54 SNP(s) removed because HWE P < 1e-08 :
 [1] "chr8_132501518_T_G_b38_T" "chr8_132503324_G_A_b38_G"
 [3] "chr8_132503615_G_A_b38_G" "chr8_132507786_G_A_b38_G"
 [5] "chr8_132508215_G_A_b38_G" "chr8_132508579_G_A_b38_G"
 [7] "chr8_132508944_G_A_b38_G" "chr8_132509199_C_T_b38_C"
 [9] "chr8_132676729_G_T_b38_G" "chr8_132677062_C_G_b38_C"
[11] "chr8_132677460_C_T_b38_C" "chr8_132677677_G_A_b38_G"
[13] "chr8_132677748_C_T_b38_C" "chr8_132677947_G_A_b38_G"
[15] "chr8_132678711_A_G_b38_A" "chr8_132679066_G_C_b38_G"
[17] "chr8_132679070_G_C_b38_G" "chr8_132679694_T_G_b38_T"
[19] "chr8_132679843_A_C_b38_A" "chr8_132680208_G_A_b38_G"
[21] "chr8_132680909_A_G_b38_A" "chr8_132680981_G_C_b38_G"
[23] "chr8_132691947_C_A_b38_C" "chr8_132693686_T_C_b38_T"
[25] "chr8_132694105_G_T_b38_G" "chr8_132694842_G_A_b38_G"
[27] "chr8_132695594_G_C_b38_G" "chr8_132696055_G_T_b38_G"
[29] "chr8_132698417_C_T_b38_C" "chr8_132698583_T_C_b38_T"
[31] "chr8_132698791_A_T_b38_A" "chr8_132698859_T_A_b38_T"
[33] "chr8_132699455_A_G_b38_A" "chr8_132701133_T_G_b38_T"
[35] "chr8_132702767_G_T_b38_G" "chr8_132703376_G_T_b38_G"
[37] "chr8_132703857_C_T_b38_C" "chr8_132704526_G_A_b38_G"
[39] "chr8_132705136_G_T_b38_G" "chr8_132708636_A_G_b38_A"
[41] "chr8_132708782_A_T_b38_A" "chr8_132709350_C_G_b38_C"
[43] "chr8_132709360_C_G_b38_C" "chr8_132709372_A_C_b38_A"
[45] "chr8_132709373_C_T_b38_C" "chr8_132709884_T_C_b38_T"
[47] "chr8_132709905_T_A_b38_T" "chr8_132710423_C_T_b38_C"
[49] "chr8_132711024_C_T_b38_C" "chr8_132712263_G_A_b38_G"
[51] "chr8_132712822_C_T_b38_C" "chr8_132713473_C_T_b38_C"
[53] "chr8_132715178_G_C_b38_G" "chr8_132721976_C_A_b38_C"

=====================================
Tissue: Adipose Tissue 
=====================================
[1] TRUE
Running SuSiE.

=====================================
Tissue: Adrenal Gland 
=====================================
[1] TRUE
Running SuSiE.

=====================================
Tissue: Blood 
=====================================
[1] TRUE
Running SuSiE.

=====================================
Tissue: Blood Vessel 
=====================================
[1] TRUE
Running SuSiE.

=====================================
Tissue: Brain 
=====================================
[1] TRUE
Running SuSiE.

=====================================
Tissue: Breast 
=====================================
[1] TRUE
Running SuSiE.

=====================================
Tissue: Colon 
=====================================
[1] TRUE
Running SuSiE.

=====================================
Tissue: Esophagus 
=====================================
[1] TRUE
Running SuSiE.

=====================================
Tissue: Heart 
=====================================
[1] TRUE
Running SuSiE.

=====================================
Tissue: Kidney 
=====================================
[1] TRUE
Running SuSiE.

=====================================
Tissue: Liver 
=====================================
[1] TRUE
Running SuSiE.

=====================================
Tissue: Lung 
=====================================
[1] TRUE
Running SuSiE.

=====================================
Tissue: Muscle 
=====================================
[1] TRUE
Running SuSiE.

=====================================
Tissue: Nerve 
=====================================
[1] TRUE
Running SuSiE.

=====================================
Tissue: Ovary 
=====================================
[1] TRUE
Running SuSiE.

=====================================
Tissue: Pancreas 
=====================================
[1] TRUE
Running SuSiE.

=====================================
Tissue: Pituitary 
=====================================
[1] TRUE
Running SuSiE.

=====================================
Tissue: Prostate 
=====================================
[1] TRUE
Running SuSiE.

=====================================
Tissue: Salivary Gland 
=====================================
[1] TRUE
Running SuSiE.

=====================================
Tissue: Skin 
=====================================
[1] TRUE
Running SuSiE.

=====================================
Tissue: Small Intestine 
=====================================
[1] TRUE
Running SuSiE.

=====================================
Tissue: Spleen 
=====================================
[1] TRUE
Running SuSiE.

=====================================
Tissue: Stomach 
=====================================
[1] TRUE
Running SuSiE.

=====================================
Tissue: Testis 
=====================================
[1] TRUE
Running SuSiE.

=====================================
Tissue: Thyroid 
=====================================
[1] TRUE
Running SuSiE.

=====================================
Tissue: Uterus 
=====================================
[1] TRUE
Running SuSiE.

=====================================
Tissue: Vagina 
=====================================
[1] TRUE
Running SuSiE.
[2026-09-01 14:17:34] starting PHF21A
Importing covariate data.
Importing gene expression data.
Found 27 tissues for gene PHF21A :
 [1] "Adipose Tissue"  "Adrenal Gland"   "Blood"           "Blood Vessel"   
 [5] "Brain"           "Breast"          "Colon"           "Esophagus"      
 [9] "Heart"           "Kidney"          "Liver"           "Lung"           
[13] "Muscle"          "Nerve"           "Ovary"           "Pancreas"       
[17] "Pituitary"       "Prostate"        "Salivary Gland"  "Skin"           
[21] "Small Intestine" "Spleen"          "Stomach"         "Testis"         
[25] "Thyroid"         "Uterus"          "Vagina"         
Extracting genotype data from PLINK file.
PLINK v2.0.0-a.7LM 64-bit Intel (11 Mar 2026)       cog-genomics.org/plink/2.0/
(C) 2005-2026 Shaun Purcell, Christopher Chang    GNU General Public License v3
Logging to /project2/mstephens/wdenault/susie_mix/temp_plink/plink_PHF21A.log.
Options in effect:
  --bfile /project2/mstephens/gtex/GTEx_Analysis_2017-06-05_v8_WholeGenomeSeq_866Indiv
  --chr 11
  --export A
  --from-bp 45621454
  --maf 0
  --max-alleles 2
  --memory 8000
  --out /project2/mstephens/wdenault/susie_mix/temp_plink/plink_PHF21A
  --rm-dup exclude-all
  --snps-only
  --threads 2
  --to-bp 46621454

Start time: Tue Sep  1 14:18:30 2026
63727 MiB RAM detected, ~31074 available; reserving 8000 MiB for main
workspace.
Using up to 2 compute threads.
866 samples (0 females, 0 males, 866 ambiguous; 866 founders) loaded from
/project2/mstephens/gtex/GTEx_Analysis_2017-06-05_v8_WholeGenomeSeq_866Indiv.fam.
67234533 variants in
/project2/mstephens/gtex/GTEx_Analysis_2017-06-05_v8_WholeGenomeSeq_866Indiv.bim;
64515227 excluded by --chr + --max-alleles + --snps-only, 2719306 remaining.
Note: No phenotype data present.
Note: Skipping --rm-dup since no duplicate IDs are present.
15760 variants remaining after main filters.
--export A pass 1/1: loading... 0%writing... 0%1%2%3%4%5%6%7%8%9%10%11%12%13%14%15%16%17%18%19%20%21%22%23%24%25%26%27%28%29%30%31%32%33%34%35%36%37%38%39%40%41%42%43%44%45%46%47%48%49%50%51%52%53%54%55%56%57%58%59%60%61%62%63%64%65%66%67%68%69%70%71%72%73%74%75%76%77%78%79%80%81%82%83%84%85%86%87%88%89%90%91%92%93%94%95%96%97%98%99% done.
--export A: /project2/mstephens/wdenault/susie_mix/temp_plink/plink_PHF21A.raw
written.
End time: Tue Sep  1 14:18:36 2026
39 SNP(s) removed because HWE P < 1e-08 :
 [1] "chr11_45649456_G_T_b38_G" "chr11_45807621_C_T_b38_C"
 [3] "chr11_45807690_G_A_b38_G" "chr11_45855165_A_C_b38_A"
 [5] "chr11_45894114_C_G_b38_C" "chr11_45901139_G_A_b38_G"
 [7] "chr11_45904894_T_C_b38_T" "chr11_45908410_T_C_b38_T"
 [9] "chr11_45913005_T_A_b38_T" "chr11_45921444_T_G_b38_T"
[11] "chr11_46037743_T_A_b38_T" "chr11_46038373_C_G_b38_C"
[13] "chr11_46038531_T_C_b38_T" "chr11_46051562_G_A_b38_G"
[15] "chr11_46062486_T_G_b38_T" "chr11_46070020_T_C_b38_T"
[17] "chr11_46072994_G_A_b38_G" "chr11_46080970_A_G_b38_A"
[19] "chr11_46091629_C_T_b38_C" "chr11_46100278_A_G_b38_A"
[21] "chr11_46105260_G_C_b38_G" "chr11_46107289_T_C_b38_T"
[23] "chr11_46107488_T_C_b38_T" "chr11_46107551_G_A_b38_G"
[25] "chr11_46107989_A_G_b38_A" "chr11_46109587_A_C_b38_A"
[27] "chr11_46113256_T_C_b38_T" "chr11_46114792_G_A_b38_G"
[29] "chr11_46122218_G_T_b38_G" "chr11_46153048_G_A_b38_G"
[31] "chr11_46154368_A_G_b38_A" "chr11_46154541_A_C_b38_A"
[33] "chr11_46254521_A_G_b38_A" "chr11_46256214_A_G_b38_A"
[35] "chr11_46258264_G_A_b38_G" "chr11_46259578_G_T_b38_G"
[37] "chr11_46328580_C_G_b38_C" "chr11_46338429_A_G_b38_A"
[39] "chr11_46338447_C_G_b38_C"

=====================================
Tissue: Adipose Tissue 
=====================================
[1] TRUE
Running SuSiE.

=====================================
Tissue: Adrenal Gland 
=====================================
[1] TRUE
Running SuSiE.

=====================================
Tissue: Blood 
=====================================
[1] TRUE
Running SuSiE.

=====================================
Tissue: Blood Vessel 
=====================================
[1] TRUE
Running SuSiE.

=====================================
Tissue: Brain 
=====================================
[1] TRUE
Running SuSiE.

=====================================
Tissue: Breast 
=====================================
[1] TRUE
Running SuSiE.

=====================================
Tissue: Colon 
=====================================
[1] TRUE
Running SuSiE.

=====================================
Tissue: Esophagus 
=====================================
[1] TRUE
Running SuSiE.

=====================================
Tissue: Heart 
=====================================
[1] TRUE
Running SuSiE.

=====================================
Tissue: Kidney 
=====================================
[1] TRUE
Running SuSiE.

=====================================
Tissue: Liver 
=====================================
[1] TRUE
Running SuSiE.

=====================================
Tissue: Lung 
=====================================
[1] TRUE
Running SuSiE.

=====================================
Tissue: Muscle 
=====================================
[1] TRUE
Running SuSiE.

=====================================
Tissue: Nerve 
=====================================
[1] TRUE
Running SuSiE.

=====================================
Tissue: Ovary 
=====================================
[1] TRUE
Running SuSiE.

=====================================
Tissue: Pancreas 
=====================================
[1] TRUE
Running SuSiE.

=====================================
Tissue: Pituitary 
=====================================
[1] TRUE
Running SuSiE.

=====================================
Tissue: Prostate 
=====================================
[1] TRUE
Running SuSiE.

=====================================
Tissue: Salivary Gland 
=====================================
[1] TRUE
Running SuSiE.

=====================================
Tissue: Skin 
=====================================
[1] TRUE
Running SuSiE.

=====================================
Tissue: Small Intestine 
=====================================
[1] TRUE
Running SuSiE.

=====================================
Tissue: Spleen 
=====================================
[1] TRUE
Running SuSiE.

=====================================
Tissue: Stomach 
=====================================
[1] TRUE
Running SuSiE.

=====================================
Tissue: Testis 
=====================================
[1] TRUE
Running SuSiE.

=====================================
Tissue: Thyroid 
=====================================
[1] TRUE
Running SuSiE.

=====================================
Tissue: Uterus 
=====================================
[1] TRUE
Running SuSiE.

=====================================
Tissue: Vagina 
=====================================
[1] TRUE
Running SuSiE.
[2026-09-01 14:19:42] starting PHF21B
Importing covariate data.
Importing gene expression data.
Found 27 tissues for gene PHF21B :
 [1] "Adipose Tissue"  "Adrenal Gland"   "Blood"           "Blood Vessel"   
 [5] "Brain"           "Breast"          "Colon"           "Esophagus"      
 [9] "Heart"           "Kidney"          "Liver"           "Lung"           
[13] "Muscle"          "Nerve"           "Ovary"           "Pancreas"       
[17] "Pituitary"       "Prostate"        "Salivary Gland"  "Skin"           
[21] "Small Intestine" "Spleen"          "Stomach"         "Testis"         
[25] "Thyroid"         "Uterus"          "Vagina"         
Extracting genotype data from PLINK file.
PLINK v2.0.0-a.7LM 64-bit Intel (11 Mar 2026)       cog-genomics.org/plink/2.0/
(C) 2005-2026 Shaun Purcell, Christopher Chang    GNU General Public License v3
Logging to /project2/mstephens/wdenault/susie_mix/temp_plink/plink_PHF21B.log.
Options in effect:
  --bfile /project2/mstephens/gtex/GTEx_Analysis_2017-06-05_v8_WholeGenomeSeq_866Indiv
  --chr 22
  --export A
  --from-bp 44510005
  --maf 0
  --max-alleles 2
  --memory 8000
  --out /project2/mstephens/wdenault/susie_mix/temp_plink/plink_PHF21B
  --rm-dup exclude-all
  --snps-only
  --threads 2
  --to-bp 45510005

Start time: Tue Sep  1 14:20:35 2026
63727 MiB RAM detected, ~31071 available; reserving 8000 MiB for main
workspace.
Using up to 2 compute threads.
866 samples (0 females, 0 males, 866 ambiguous; 866 founders) loaded from
/project2/mstephens/gtex/GTEx_Analysis_2017-06-05_v8_WholeGenomeSeq_866Indiv.fam.
67234533 variants in
/project2/mstephens/gtex/GTEx_Analysis_2017-06-05_v8_WholeGenomeSeq_866Indiv.bim;
66348568 excluded by --chr + --max-alleles + --snps-only, 885965 remaining.
Note: No phenotype data present.
Note: Skipping --rm-dup since no duplicate IDs are present.
24645 variants remaining after main filters.
--export A pass 1/1: loading... 0%77% writing... 0%1%2%3%4%5%6%7%8%9%10%11%12%13%14%15%16%17%18%19%20%21%22%23%24%25%26%27%28%29%30%31%32%33%34%35%36%37%38%39%40%41%42%43%44%45%46%47%48%49%50%51%52%53%54%55%56%57%58%59%60%61%62%63%64%65%66%67%68%69%70%71%72%73%74%75%76%77%78%79%80%81%82%83%84%85%86%87%88%89%90%91%92%93%94%95%96%97%98%99% done.
--export A: /project2/mstephens/wdenault/susie_mix/temp_plink/plink_PHF21B.raw
written.
End time: Tue Sep  1 14:20:41 2026
74 SNP(s) removed because HWE P < 1e-08 :
 [1] "chr22_44588548_A_G_b38_A" "chr22_44620757_C_G_b38_C"
 [3] "chr22_44620824_T_A_b38_T" "chr22_44620987_C_T_b38_C"
 [5] "chr22_44621376_C_T_b38_C" "chr22_44621485_C_T_b38_C"
 [7] "chr22_44623101_C_T_b38_C" "chr22_44623131_C_T_b38_C"
 [9] "chr22_44623299_A_G_b38_A" "chr22_44624468_A_G_b38_A"
[11] "chr22_44624708_G_A_b38_G" "chr22_44624868_T_C_b38_T"
[13] "chr22_44625120_T_C_b38_T" "chr22_44625941_T_G_b38_T"
[15] "chr22_44626745_C_T_b38_C" "chr22_44626788_G_A_b38_G"
[17] "chr22_44630624_G_A_b38_G" "chr22_44634447_T_C_b38_T"
[19] "chr22_44635283_G_A_b38_G" "chr22_44638388_G_A_b38_G"
[21] "chr22_44638720_T_C_b38_T" "chr22_44639566_G_A_b38_G"
[23] "chr22_44643085_A_G_b38_A" "chr22_44657858_A_G_b38_A"
[25] "chr22_44665267_A_C_b38_A" "chr22_44666901_G_A_b38_G"
[27] "chr22_44667046_C_A_b38_C" "chr22_44737358_A_G_b38_A"
[29] "chr22_44738169_G_C_b38_G" "chr22_44738459_A_G_b38_A"
[31] "chr22_44738981_C_G_b38_C" "chr22_44739191_G_A_b38_G"
[33] "chr22_44742152_G_T_b38_G" "chr22_44742524_T_C_b38_T"
[35] "chr22_44746297_A_G_b38_A" "chr22_44801460_T_G_b38_T"
[37] "chr22_44801474_T_C_b38_T" "chr22_44801481_G_A_b38_G"
[39] "chr22_44890438_A_C_b38_A" "chr22_44929581_T_C_b38_T"
[41] "chr22_45031714_A_G_b38_A" "chr22_45049970_A_G_b38_A"
[43] "chr22_45049974_C_A_b38_C" "chr22_45051983_T_C_b38_T"
[45] "chr22_45052029_T_C_b38_T" "chr22_45052036_T_C_b38_T"
[47] "chr22_45052088_C_G_b38_C" "chr22_45052095_C_T_b38_C"
[49] "chr22_45052304_T_A_b38_T" "chr22_45052456_G_A_b38_G"
[51] "chr22_45052470_A_C_b38_A" "chr22_45052767_G_A_b38_G"
[53] "chr22_45052838_C_T_b38_C" "chr22_45053392_T_C_b38_T"
[55] "chr22_45053477_C_A_b38_C" "chr22_45053486_A_C_b38_A"
[57] "chr22_45053634_T_A_b38_T" "chr22_45053821_C_A_b38_C"
[59] "chr22_45053867_C_T_b38_C" "chr22_45054040_T_G_b38_T"
[61] "chr22_45058094_T_C_b38_T" "chr22_45153151_C_T_b38_C"
[63] "chr22_45155990_C_G_b38_C" "chr22_45198933_G_A_b38_G"
[65] "chr22_45261315_C_T_b38_C" "chr22_45261316_C_T_b38_C"
[67] "chr22_45278824_C_G_b38_C" "chr22_45279233_A_G_b38_A"
[69] "chr22_45281420_G_A_b38_G" "chr22_45287951_T_C_b38_T"
[71] "chr22_45350522_T_C_b38_T" "chr22_45350528_A_G_b38_A"
[73] "chr22_45350537_A_T_b38_A" "chr22_45350545_G_A_b38_G"

=====================================
Tissue: Adipose Tissue 
=====================================
[1] TRUE
Running SuSiE.

=====================================
Tissue: Adrenal Gland 
=====================================
[1] TRUE
Running SuSiE.

=====================================
Tissue: Blood 
=====================================
[1] TRUE
Running SuSiE.

=====================================
Tissue: Blood Vessel 
=====================================
[1] TRUE
Running SuSiE.

=====================================
Tissue: Brain 
=====================================
[1] TRUE
Running SuSiE.

=====================================
Tissue: Breast 
=====================================
[1] TRUE
Running SuSiE.

=====================================
Tissue: Colon 
=====================================
[1] TRUE
Running SuSiE.

=====================================
Tissue: Esophagus 
=====================================
[1] TRUE
Running SuSiE.

=====================================
Tissue: Heart 
=====================================
[1] TRUE
Running SuSiE.

=====================================
Tissue: Kidney 
=====================================
[1] TRUE
Running SuSiE.

=====================================
Tissue: Liver 
=====================================
[1] TRUE
Running SuSiE.

=====================================
Tissue: Lung 
=====================================
[1] TRUE
Running SuSiE.

=====================================
Tissue: Muscle 
=====================================
[1] TRUE
Running SuSiE.

=====================================
Tissue: Nerve 
=====================================
[1] TRUE
Running SuSiE.

=====================================
Tissue: Ovary 
=====================================
[1] TRUE
Running SuSiE.

=====================================
Tissue: Pancreas 
=====================================
[1] TRUE
Running SuSiE.

=====================================
Tissue: Pituitary 
=====================================
[1] TRUE
Running SuSiE.

=====================================
Tissue: Prostate 
=====================================
[1] TRUE
Running SuSiE.

=====================================
Tissue: Salivary Gland 
=====================================
[1] TRUE
Running SuSiE.

=====================================
Tissue: Skin 
=====================================
[1] TRUE
Running SuSiE.

=====================================
Tissue: Small Intestine 
=====================================
[1] TRUE
Running SuSiE.

=====================================
Tissue: Spleen 
=====================================
[1] TRUE
Running SuSiE.

=====================================
Tissue: Stomach 
=====================================
[1] TRUE
Running SuSiE.

=====================================
Tissue: Testis 
=====================================
[1] TRUE
Running SuSiE.

=====================================
Tissue: Thyroid 
=====================================
[1] TRUE
Running SuSiE.

=====================================
Tissue: Uterus 
=====================================
[1] TRUE
Running SuSiE.

=====================================
Tissue: Vagina 
=====================================
[1] TRUE
Running SuSiE.
[2026-09-01 14:23:40] starting PHF23
Importing covariate data.
Importing gene expression data.
Found 27 tissues for gene PHF23 :
 [1] "Adipose Tissue"  "Adrenal Gland"   "Blood"           "Blood Vessel"   
 [5] "Brain"           "Breast"          "Colon"           "Esophagus"      
 [9] "Heart"           "Kidney"          "Liver"           "Lung"           
[13] "Muscle"          "Nerve"           "Ovary"           "Pancreas"       
[17] "Pituitary"       "Prostate"        "Salivary Gland"  "Skin"           
[21] "Small Intestine" "Spleen"          "Stomach"         "Testis"         
[25] "Thyroid"         "Uterus"          "Vagina"         
Extracting genotype data from PLINK file.
PLINK v2.0.0-a.7LM 64-bit Intel (11 Mar 2026)       cog-genomics.org/plink/2.0/
(C) 2005-2026 Shaun Purcell, Christopher Chang    GNU General Public License v3
Logging to /project2/mstephens/wdenault/susie_mix/temp_plink/plink_PHF23.log.
Options in effect:
  --bfile /project2/mstephens/gtex/GTEx_Analysis_2017-06-05_v8_WholeGenomeSeq_866Indiv
  --chr 17
  --export A
  --from-bp 6739722
  --maf 0
  --max-alleles 2
  --memory 8000
  --out /project2/mstephens/wdenault/susie_mix/temp_plink/plink_PHF23
  --rm-dup exclude-all
  --snps-only
  --threads 2
  --to-bp 7739722

Start time: Tue Sep  1 14:24:34 2026
63727 MiB RAM detected, ~31084 available; reserving 8000 MiB for main
workspace.
Using up to 2 compute threads.
866 samples (0 females, 0 males, 866 ambiguous; 866 founders) loaded from
/project2/mstephens/gtex/GTEx_Analysis_2017-06-05_v8_WholeGenomeSeq_866Indiv.fam.
67234533 variants in
/project2/mstephens/gtex/GTEx_Analysis_2017-06-05_v8_WholeGenomeSeq_866Indiv.bim;
65601655 excluded by --chr + --max-alleles + --snps-only, 1632878 remaining.
Note: No phenotype data present.
Note: Skipping --rm-dup since no duplicate IDs are present.
19885 variants remaining after main filters.
--export A pass 1/1: loading... 0%writing... 0%1%2%3%4%5%6%7%8%9%10%11%12%13%14%15%16%17%18%19%20%21%22%23%24%25%26%27%28%29%30%31%32%33%34%35%36%37%38%39%40%41%42%43%44%45%46%47%48%49%50%51%52%53%54%55%56%57%58%59%60%61%62%63%64%65%66%67%68%69%70%71%72%73%74%75%76%77%78%79%80%81%82%83%84%85%86%87%88%89%90%91%92%93%94%95%96%97%98%99% done.
--export A: /project2/mstephens/wdenault/susie_mix/temp_plink/plink_PHF23.raw
written.
End time: Tue Sep  1 14:24:39 2026
34 SNP(s) removed because HWE P < 1e-08 :
 [1] "chr17_6764031_C_T_b38_C" "chr17_6767438_G_A_b38_G"
 [3] "chr17_6774246_G_A_b38_G" "chr17_6776511_A_T_b38_A"
 [5] "chr17_6777209_A_T_b38_A" "chr17_6874454_G_A_b38_G"
 [7] "chr17_6884287_C_T_b38_C" "chr17_6886190_G_T_b38_G"
 [9] "chr17_6891849_G_A_b38_G" "chr17_6904578_T_A_b38_T"
[11] "chr17_6931422_A_G_b38_A" "chr17_6940165_A_G_b38_A"
[13] "chr17_7057775_A_G_b38_A" "chr17_7062517_T_C_b38_T"
[15] "chr17_7078660_G_A_b38_G" "chr17_7080816_T_A_b38_T"
[17] "chr17_7088123_G_A_b38_G" "chr17_7269200_G_T_b38_G"
[19] "chr17_7280121_A_G_b38_A" "chr17_7302512_G_A_b38_G"
[21] "chr17_7332748_T_C_b38_T" "chr17_7333162_G_T_b38_G"
[23] "chr17_7389366_A_G_b38_A" "chr17_7395714_A_G_b38_A"
[25] "chr17_7397399_G_T_b38_G" "chr17_7509701_A_G_b38_A"
[27] "chr17_7575899_T_C_b38_T" "chr17_7681082_T_C_b38_T"
[29] "chr17_7683862_T_C_b38_T" "chr17_7684688_A_C_b38_A"
[31] "chr17_7685993_G_C_b38_G" "chr17_7688850_C_G_b38_C"
[33] "chr17_7695548_A_G_b38_A" "chr17_7695549_T_C_b38_T"

=====================================
Tissue: Adipose Tissue 
=====================================
[1] TRUE
Running SuSiE.

=====================================
Tissue: Adrenal Gland 
=====================================
[1] TRUE
Running SuSiE.

=====================================
Tissue: Blood 
=====================================
[1] TRUE
Running SuSiE.

=====================================
Tissue: Blood Vessel 
=====================================
[1] TRUE
Running SuSiE.

=====================================
Tissue: Brain 
=====================================
[1] TRUE
Running SuSiE.

=====================================
Tissue: Breast 
=====================================
[1] TRUE
Running SuSiE.

=====================================
Tissue: Colon 
=====================================
[1] TRUE
Running SuSiE.

=====================================
Tissue: Esophagus 
=====================================
[1] TRUE
Running SuSiE.

=====================================
Tissue: Heart 
=====================================
[1] TRUE
Running SuSiE.

=====================================
Tissue: Kidney 
=====================================
[1] TRUE
Running SuSiE.

=====================================
Tissue: Liver 
=====================================
[1] TRUE
Running SuSiE.

=====================================
Tissue: Lung 
=====================================
[1] TRUE
Running SuSiE.

=====================================
Tissue: Muscle 
=====================================
[1] TRUE
Running SuSiE.

=====================================
Tissue: Nerve 
=====================================
[1] TRUE
Running SuSiE.

=====================================
Tissue: Ovary 
=====================================
[1] TRUE
Running SuSiE.

=====================================
Tissue: Pancreas 
=====================================
[1] TRUE
Running SuSiE.

=====================================
Tissue: Pituitary 
=====================================
[1] TRUE
Running SuSiE.

=====================================
Tissue: Prostate 
=====================================
[1] TRUE
Running SuSiE.

=====================================
Tissue: Salivary Gland 
=====================================
[1] TRUE
Running SuSiE.

=====================================
Tissue: Skin 
=====================================
[1] TRUE
Running SuSiE.

=====================================
Tissue: Small Intestine 
=====================================
[1] TRUE
Running SuSiE.

=====================================
Tissue: Spleen 
=====================================
[1] TRUE
Running SuSiE.

=====================================
Tissue: Stomach 
=====================================
[1] TRUE
Running SuSiE.

=====================================
Tissue: Testis 
=====================================
[1] TRUE
Running SuSiE.

=====================================
Tissue: Thyroid 
=====================================
[1] TRUE
Running SuSiE.

=====================================
Tissue: Uterus 
=====================================
[1] TRUE
Running SuSiE.

=====================================
Tissue: Vagina 
=====================================
[1] TRUE
Running SuSiE.
[2026-09-01 14:26:33] starting PHF24
Importing covariate data.
Importing gene expression data.
Found 27 tissues for gene PHF24 :
 [1] "Adipose Tissue"  "Adrenal Gland"   "Blood"           "Blood Vessel"   
 [5] "Brain"           "Breast"          "Colon"           "Esophagus"      
 [9] "Heart"           "Kidney"          "Liver"           "Lung"           
[13] "Muscle"          "Nerve"           "Ovary"           "Pancreas"       
[17] "Pituitary"       "Prostate"        "Salivary Gland"  "Skin"           
[21] "Small Intestine" "Spleen"          "Stomach"         "Testis"         
[25] "Thyroid"         "Uterus"          "Vagina"         
Extracting genotype data from PLINK file.
PLINK v2.0.0-a.7LM 64-bit Intel (11 Mar 2026)       cog-genomics.org/plink/2.0/
(C) 2005-2026 Shaun Purcell, Christopher Chang    GNU General Public License v3
Logging to /project2/mstephens/wdenault/susie_mix/temp_plink/plink_PHF24.log.
Options in effect:
  --bfile /project2/mstephens/gtex/GTEx_Analysis_2017-06-05_v8_WholeGenomeSeq_866Indiv
  --chr 9
  --export A
  --from-bp 34457608
  --maf 0
  --max-alleles 2
  --memory 8000
  --out /project2/mstephens/wdenault/susie_mix/temp_plink/plink_PHF24
  --rm-dup exclude-all
  --snps-only
  --threads 2
  --to-bp 35457608

Start time: Tue Sep  1 14:27:28 2026
63727 MiB RAM detected, ~30090 available; reserving 8000 MiB for main
workspace.
Using up to 2 compute threads.
866 samples (0 females, 0 males, 866 ambiguous; 866 founders) loaded from
/project2/mstephens/gtex/GTEx_Analysis_2017-06-05_v8_WholeGenomeSeq_866Indiv.fam.
67234533 variants in
/project2/mstephens/gtex/GTEx_Analysis_2017-06-05_v8_WholeGenomeSeq_866Indiv.bim;
64708045 excluded by --chr + --max-alleles + --snps-only, 2526488 remaining.
Note: No phenotype data present.
Note: Skipping --rm-dup since no duplicate IDs are present.
15863 variants remaining after main filters.
--export A pass 1/1: loading... 0%writing... 0%1%2%3%4%5%6%7%8%9%10%11%12%13%14%15%16%17%18%19%20%21%22%23%24%25%26%27%28%29%30%31%32%33%34%35%36%37%38%39%40%41%42%43%44%45%46%47%48%49%50%51%52%53%54%55%56%57%58%59%60%61%62%63%64%65%66%67%68%69%70%71%72%73%74%75%76%77%78%79%80%81%82%83%84%85%86%87%88%89%90%91%92%93%94%95%96%97%98%99% done.
--export A: /project2/mstephens/wdenault/susie_mix/temp_plink/plink_PHF24.raw
written.
End time: Tue Sep  1 14:27:34 2026
46 SNP(s) removed because HWE P < 1e-08 :
 [1] "chr9_34681546_C_G_b38_C" "chr9_34704057_G_A_b38_G"
 [3] "chr9_34704511_T_C_b38_T" "chr9_34704584_A_G_b38_A"
 [5] "chr9_34707656_A_G_b38_A" "chr9_34708010_C_G_b38_C"
 [7] "chr9_34708295_G_T_b38_G" "chr9_34708902_A_G_b38_A"
 [9] "chr9_34725050_C_T_b38_C" "chr9_34760360_T_C_b38_T"
[11] "chr9_34763975_A_G_b38_A" "chr9_34764380_G_C_b38_G"
[13] "chr9_34764382_T_C_b38_T" "chr9_34764414_A_G_b38_A"
[15] "chr9_34764421_C_T_b38_C" "chr9_34771074_G_T_b38_G"
[17] "chr9_34774665_T_C_b38_T" "chr9_34780577_A_G_b38_A"
[19] "chr9_34780747_A_G_b38_A" "chr9_34785566_G_A_b38_G"
[21] "chr9_34788290_A_G_b38_A" "chr9_34799538_T_C_b38_T"
[23] "chr9_34824833_T_G_b38_T" "chr9_34833353_T_A_b38_T"
[25] "chr9_34834497_C_T_b38_C" "chr9_34835276_A_C_b38_A"
[27] "chr9_34839294_G_A_b38_G" "chr9_34839542_C_G_b38_C"
[29] "chr9_34842410_C_T_b38_C" "chr9_34847392_C_A_b38_C"
[31] "chr9_34848333_G_T_b38_G" "chr9_34849756_T_A_b38_T"
[33] "chr9_34850248_G_A_b38_G" "chr9_34856903_T_C_b38_T"
[35] "chr9_34858598_G_T_b38_G" "chr9_34858634_T_C_b38_T"
[37] "chr9_34859280_G_A_b38_G" "chr9_35123372_G_A_b38_G"
[39] "chr9_35135242_T_G_b38_T" "chr9_35135522_A_G_b38_A"
[41] "chr9_35136384_A_G_b38_A" "chr9_35136786_A_G_b38_A"
[43] "chr9_35136839_A_T_b38_A" "chr9_35140168_G_C_b38_G"
[45] "chr9_35235986_G_C_b38_G" "chr9_35235994_T_C_b38_T"

=====================================
Tissue: Adipose Tissue 
=====================================
[1] TRUE
Running SuSiE.

=====================================
Tissue: Adrenal Gland 
=====================================
[1] TRUE
Running SuSiE.

=====================================
Tissue: Blood 
=====================================
[1] TRUE
Running SuSiE.

=====================================
Tissue: Blood Vessel 
=====================================
[1] TRUE
Running SuSiE.

=====================================
Tissue: Brain 
=====================================
[1] TRUE
Running SuSiE.

=====================================
Tissue: Breast 
=====================================
[1] TRUE
Running SuSiE.

=====================================
Tissue: Colon 
=====================================
[1] TRUE
Running SuSiE.

=====================================
Tissue: Esophagus 
=====================================
[1] TRUE
Running SuSiE.

=====================================
Tissue: Heart 
=====================================
[1] TRUE
Running SuSiE.

=====================================
Tissue: Kidney 
=====================================
[1] TRUE
Running SuSiE.

=====================================
Tissue: Liver 
=====================================
[1] TRUE
Running SuSiE.

=====================================
Tissue: Lung 
=====================================
[1] TRUE
Running SuSiE.

=====================================
Tissue: Muscle 
=====================================
[1] TRUE
Running SuSiE.

=====================================
Tissue: Nerve 
=====================================
[1] TRUE
Running SuSiE.

=====================================
Tissue: Ovary 
=====================================
[1] TRUE
Running SuSiE.

=====================================
Tissue: Pancreas 
=====================================
[1] TRUE
Running SuSiE.

=====================================
Tissue: Pituitary 
=====================================
[1] TRUE
Running SuSiE.

=====================================
Tissue: Prostate 
=====================================
[1] TRUE
Running SuSiE.

=====================================
Tissue: Salivary Gland 
=====================================
[1] TRUE
Running SuSiE.

=====================================
Tissue: Skin 
=====================================
[1] TRUE
Running SuSiE.

=====================================
Tissue: Small Intestine 
=====================================
[1] TRUE
Running SuSiE.

=====================================
Tissue: Spleen 
=====================================
[1] TRUE
Running SuSiE.

=====================================
Tissue: Stomach 
=====================================
[1] TRUE
Running SuSiE.

=====================================
Tissue: Testis 
=====================================
[1] TRUE
Running SuSiE.

=====================================
Tissue: Thyroid 
=====================================
[1] TRUE
Running SuSiE.

=====================================
Tissue: Uterus 
=====================================
[1] TRUE
Running SuSiE.

=====================================
Tissue: Vagina 
=====================================
[1] TRUE
Running SuSiE.
[2026-09-01 14:28:52] starting PHF3
Importing covariate data.
Importing gene expression data.
Found 27 tissues for gene PHF3 :
 [1] "Adipose Tissue"  "Adrenal Gland"   "Blood"           "Blood Vessel"   
 [5] "Brain"           "Breast"          "Colon"           "Esophagus"      
 [9] "Heart"           "Kidney"          "Liver"           "Lung"           
[13] "Muscle"          "Nerve"           "Ovary"           "Pancreas"       
[17] "Pituitary"       "Prostate"        "Salivary Gland"  "Skin"           
[21] "Small Intestine" "Spleen"          "Stomach"         "Testis"         
[25] "Thyroid"         "Uterus"          "Vagina"         
Extracting genotype data from PLINK file.
PLINK v2.0.0-a.7LM 64-bit Intel (11 Mar 2026)       cog-genomics.org/plink/2.0/
(C) 2005-2026 Shaun Purcell, Christopher Chang    GNU General Public License v3
Logging to /project2/mstephens/wdenault/susie_mix/temp_plink/plink_PHF3.log.
Options in effect:
  --bfile /project2/mstephens/gtex/GTEx_Analysis_2017-06-05_v8_WholeGenomeSeq_866Indiv
  --chr 6
  --export A
  --from-bp 63135802
  --maf 0
  --max-alleles 2
  --memory 8000
  --out /project2/mstephens/wdenault/susie_mix/temp_plink/plink_PHF3
  --rm-dup exclude-all
  --snps-only
  --threads 2
  --to-bp 64135802

Start time: Tue Sep  1 14:29:50 2026
63727 MiB RAM detected, ~30572 available; reserving 8000 MiB for main
workspace.
Using up to 2 compute threads.
866 samples (0 females, 0 males, 866 ambiguous; 866 founders) loaded from
/project2/mstephens/gtex/GTEx_Analysis_2017-06-05_v8_WholeGenomeSeq_866Indiv.fam.
67234533 variants in
/project2/mstephens/gtex/GTEx_Analysis_2017-06-05_v8_WholeGenomeSeq_866Indiv.bim;
64003927 excluded by --chr + --max-alleles + --snps-only, 3230606 remaining.
Note: No phenotype data present.
Note: Skipping --rm-dup since no duplicate IDs are present.
18262 variants remaining after main filters.
--export A pass 1/1: loading... 0%writing... 0%1%2%3%4%5%6%7%8%9%10%11%12%13%14%15%16%17%18%19%20%21%22%23%24%25%26%27%28%29%30%31%32%33%34%35%36%37%38%39%40%41%42%43%44%45%46%47%48%49%50%51%52%53%54%55%56%57%58%59%60%61%62%63%64%65%66%67%68%69%70%71%72%73%74%75%76%77%78%79%80%81%82%83%84%85%86%87%88%89%90%91%92%93%94%95%96%97%98%99% done.
--export A: /project2/mstephens/wdenault/susie_mix/temp_plink/plink_PHF3.raw
written.
End time: Tue Sep  1 14:29:56 2026
3 SNP(s) removed because HWE P < 1e-08 :
[1] "chr6_63970011_C_G_b38_C" "chr6_64004805_T_C_b38_T"
[3] "chr6_64005728_C_G_b38_C"

=====================================
Tissue: Adipose Tissue 
=====================================
[1] TRUE
Running SuSiE.

=====================================
Tissue: Adrenal Gland 
=====================================
[1] TRUE
Running SuSiE.

=====================================
Tissue: Blood 
=====================================
[1] TRUE
Running SuSiE.

=====================================
Tissue: Blood Vessel 
=====================================
[1] TRUE
Running SuSiE.

=====================================
Tissue: Brain 
=====================================
[1] TRUE
Running SuSiE.

=====================================
Tissue: Breast 
=====================================
[1] TRUE
Running SuSiE.

=====================================
Tissue: Colon 
=====================================
[1] TRUE
Running SuSiE.

=====================================
Tissue: Esophagus 
=====================================
[1] TRUE
Running SuSiE.

=====================================
Tissue: Heart 
=====================================
[1] TRUE
Running SuSiE.

=====================================
Tissue: Kidney 
=====================================
[1] TRUE
Running SuSiE.

=====================================
Tissue: Liver 
=====================================
[1] TRUE
Running SuSiE.

=====================================
Tissue: Lung 
=====================================
[1] TRUE
Running SuSiE.

=====================================
Tissue: Muscle 
=====================================
[1] TRUE
Running SuSiE.

=====================================
Tissue: Nerve 
=====================================
[1] TRUE
Running SuSiE.

=====================================
Tissue: Ovary 
=====================================
[1] TRUE
Running SuSiE.

=====================================
Tissue: Pancreas 
=====================================
[1] TRUE
Running SuSiE.

=====================================
Tissue: Pituitary 
=====================================
[1] TRUE
Running SuSiE.

=====================================
Tissue: Prostate 
=====================================
[1] TRUE
Running SuSiE.

=====================================
Tissue: Salivary Gland 
=====================================
[1] TRUE
Running SuSiE.

=====================================
Tissue: Skin 
=====================================
[1] TRUE
Running SuSiE.

=====================================
Tissue: Small Intestine 
=====================================
[1] TRUE
Running SuSiE.

=====================================
Tissue: Spleen 
=====================================
[1] TRUE
Running SuSiE.

=====================================
Tissue: Stomach 
=====================================
[1] TRUE
Running SuSiE.

=====================================
Tissue: Testis 
=====================================
[1] TRUE
Running SuSiE.

=====================================
Tissue: Thyroid 
=====================================
[1] TRUE
Running SuSiE.

=====================================
Tissue: Uterus 
=====================================
[1] TRUE
Running SuSiE.

=====================================
Tissue: Vagina 
=====================================
[1] TRUE
Running SuSiE.
[2026-09-01 14:31:20] starting PHF5A
Importing covariate data.
Importing gene expression data.
Found 27 tissues for gene PHF5A :
 [1] "Adipose Tissue"  "Adrenal Gland"   "Blood"           "Blood Vessel"   
 [5] "Brain"           "Breast"          "Colon"           "Esophagus"      
 [9] "Heart"           "Kidney"          "Liver"           "Lung"           
[13] "Muscle"          "Nerve"           "Ovary"           "Pancreas"       
[17] "Pituitary"       "Prostate"        "Salivary Gland"  "Skin"           
[21] "Small Intestine" "Spleen"          "Stomach"         "Testis"         
[25] "Thyroid"         "Uterus"          "Vagina"         
Extracting genotype data from PLINK file.
PLINK v2.0.0-a.7LM 64-bit Intel (11 Mar 2026)       cog-genomics.org/plink/2.0/
(C) 2005-2026 Shaun Purcell, Christopher Chang    GNU General Public License v3
Logging to /project2/mstephens/wdenault/susie_mix/temp_plink/plink_PHF5A.log.
Options in effect:
  --bfile /project2/mstephens/gtex/GTEx_Analysis_2017-06-05_v8_WholeGenomeSeq_866Indiv
  --chr 22
  --export A
  --from-bp 40968692
  --maf 0
  --max-alleles 2
  --memory 8000
  --out /project2/mstephens/wdenault/susie_mix/temp_plink/plink_PHF5A
  --rm-dup exclude-all
  --snps-only
  --threads 2
  --to-bp 41968692

Start time: Tue Sep  1 14:32:13 2026
63727 MiB RAM detected, ~30140 available; reserving 8000 MiB for main
workspace.
Using up to 2 compute threads.
866 samples (0 females, 0 males, 866 ambiguous; 866 founders) loaded from
/project2/mstephens/gtex/GTEx_Analysis_2017-06-05_v8_WholeGenomeSeq_866Indiv.fam.
67234533 variants in
/project2/mstephens/gtex/GTEx_Analysis_2017-06-05_v8_WholeGenomeSeq_866Indiv.bim;
66348568 excluded by --chr + --max-alleles + --snps-only, 885965 remaining.
Note: No phenotype data present.
Note: Skipping --rm-dup since no duplicate IDs are present.
18720 variants remaining after main filters.
--export A pass 1/1: loading... 0%writing... 0%1%2%3%4%5%6%7%8%9%10%11%12%13%14%15%16%17%18%19%20%21%22%23%24%25%26%27%28%29%30%31%32%33%34%35%36%37%38%39%40%41%42%43%44%45%46%47%48%49%50%51%52%53%54%55%56%57%58%59%60%61%62%63%64%65%66%67%68%69%70%71%72%73%74%75%76%77%78%79%80%81%82%83%84%85%86%87%88%89%90%91%92%93%94%95%96%97%98%99% done.
--export A: /project2/mstephens/wdenault/susie_mix/temp_plink/plink_PHF5A.raw
written.
End time: Tue Sep  1 14:32:19 2026
49 SNP(s) removed because HWE P < 1e-08 :
 [1] "chr22_41039783_G_A_b38_G" "chr22_41050339_A_G_b38_A"
 [3] "chr22_41338753_T_C_b38_T" "chr22_41396637_G_A_b38_G"
 [5] "chr22_41398794_G_C_b38_G" "chr22_41474810_G_A_b38_G"
 [7] "chr22_41484766_A_G_b38_A" "chr22_41527647_T_C_b38_T"
 [9] "chr22_41542822_G_A_b38_G" "chr22_41585927_A_G_b38_A"
[11] "chr22_41587310_A_G_b38_A" "chr22_41587386_A_G_b38_A"
[13] "chr22_41588002_A_G_b38_A" "chr22_41589928_T_C_b38_T"
[15] "chr22_41594658_T_C_b38_T" "chr22_41595119_C_A_b38_C"
[17] "chr22_41609487_G_C_b38_G" "chr22_41615960_A_G_b38_A"
[19] "chr22_41616411_G_A_b38_G" "chr22_41627936_G_A_b38_G"
[21] "chr22_41630775_T_C_b38_T" "chr22_41640504_G_C_b38_G"
[23] "chr22_41643677_T_C_b38_T" "chr22_41677059_G_C_b38_G"
[25] "chr22_41712672_A_G_b38_A" "chr22_41720556_G_T_b38_G"
[27] "chr22_41728311_C_G_b38_C" "chr22_41731135_C_T_b38_C"
[29] "chr22_41731777_T_C_b38_T" "chr22_41732457_T_A_b38_T"
[31] "chr22_41733506_C_G_b38_C" "chr22_41734320_C_T_b38_C"
[33] "chr22_41738927_G_A_b38_G" "chr22_41740062_C_T_b38_C"
[35] "chr22_41740614_C_T_b38_C" "chr22_41760544_T_C_b38_T"
[37] "chr22_41761036_G_T_b38_G" "chr22_41772877_A_C_b38_A"
[39] "chr22_41773628_C_T_b38_C" "chr22_41778887_T_G_b38_T"
[41] "chr22_41781812_C_A_b38_C" "chr22_41784580_T_C_b38_T"
[43] "chr22_41789083_C_T_b38_C" "chr22_41795536_C_T_b38_C"
[45] "chr22_41807285_C_T_b38_C" "chr22_41919786_C_T_b38_C"
[47] "chr22_41919989_G_A_b38_G" "chr22_41925247_A_G_b38_A"
[49] "chr22_41947087_G_A_b38_G"

=====================================
Tissue: Adipose Tissue 
=====================================
[1] TRUE
Running SuSiE.

=====================================
Tissue: Adrenal Gland 
=====================================
[1] TRUE
Running SuSiE.

=====================================
Tissue: Blood 
=====================================
[1] TRUE
Running SuSiE.

=====================================
Tissue: Blood Vessel 
=====================================
[1] TRUE
Running SuSiE.

=====================================
Tissue: Brain 
=====================================
[1] TRUE
Running SuSiE.

=====================================
Tissue: Breast 
=====================================
[1] TRUE
Running SuSiE.

=====================================
Tissue: Colon 
=====================================
[1] TRUE
Running SuSiE.

=====================================
Tissue: Esophagus 
=====================================
[1] TRUE
Running SuSiE.

=====================================
Tissue: Heart 
=====================================
[1] TRUE
Running SuSiE.

=====================================
Tissue: Kidney 
=====================================
[1] TRUE
Running SuSiE.

=====================================
Tissue: Liver 
=====================================
[1] TRUE
Running SuSiE.

=====================================
Tissue: Lung 
=====================================
[1] TRUE
Running SuSiE.

=====================================
Tissue: Muscle 
=====================================
[1] TRUE
Running SuSiE.

=====================================
Tissue: Nerve 
=====================================
[1] TRUE
Running SuSiE.

=====================================
Tissue: Ovary 
=====================================
[1] TRUE
Running SuSiE.

=====================================
Tissue: Pancreas 
=====================================
[1] TRUE
Running SuSiE.

=====================================
Tissue: Pituitary 
=====================================
[1] TRUE
Running SuSiE.

=====================================
Tissue: Prostate 
=====================================
[1] TRUE
Running SuSiE.

=====================================
Tissue: Salivary Gland 
=====================================
[1] TRUE
Running SuSiE.

=====================================
Tissue: Skin 
=====================================
[1] TRUE
Running SuSiE.

=====================================
Tissue: Small Intestine 
=====================================
[1] TRUE
Running SuSiE.

=====================================
Tissue: Spleen 
=====================================
[1] TRUE
Running SuSiE.

=====================================
Tissue: Stomach 
=====================================
[1] TRUE
Running SuSiE.

=====================================
Tissue: Testis 
=====================================
[1] TRUE
Running SuSiE.

=====================================
Tissue: Thyroid 
=====================================
[1] TRUE
Running SuSiE.

=====================================
Tissue: Uterus 
=====================================
[1] TRUE
Running SuSiE.

=====================================
Tissue: Vagina 
=====================================
[1] TRUE
Running SuSiE.
[2026-09-01 14:33:34] starting PHF6
Importing covariate data.
Importing gene expression data.
Found 27 tissues for gene PHF6 :
 [1] "Adipose Tissue"  "Adrenal Gland"   "Blood"           "Blood Vessel"   
 [5] "Brain"           "Breast"          "Colon"           "Esophagus"      
 [9] "Heart"           "Kidney"          "Liver"           "Lung"           
[13] "Muscle"          "Nerve"           "Ovary"           "Pancreas"       
[17] "Pituitary"       "Prostate"        "Salivary Gland"  "Skin"           
[21] "Small Intestine" "Spleen"          "Stomach"         "Testis"         
[25] "Thyroid"         "Uterus"          "Vagina"         
Extracting genotype data from PLINK file.
PLINK v2.0.0-a.7LM 64-bit Intel (11 Mar 2026)       cog-genomics.org/plink/2.0/
(C) 2005-2026 Shaun Purcell, Christopher Chang    GNU General Public License v3
Logging to /project2/mstephens/wdenault/susie_mix/temp_plink/plink_PHF6.log.
Options in effect:
  --bfile /project2/mstephens/gtex/GTEx_Analysis_2017-06-05_v8_WholeGenomeSeq_866Indiv
  --chr X
  --export A
  --from-bp 133873312
  --maf 0
  --max-alleles 2
  --memory 8000
  --out /project2/mstephens/wdenault/susie_mix/temp_plink/plink_PHF6
  --rm-dup exclude-all
  --snps-only
  --threads 2
  --to-bp 134873312

Start time: Tue Sep  1 14:34:33 2026
63727 MiB RAM detected, ~30600 available; reserving 8000 MiB for main
workspace.
Using up to 2 compute threads.
866 samples (0 females, 0 males, 866 ambiguous; 866 founders) loaded from
/project2/mstephens/gtex/GTEx_Analysis_2017-06-05_v8_WholeGenomeSeq_866Indiv.fam.
End time: Tue Sep  1 14:34:39 2026
[2026-09-01 14:34:39] starting PHF7
Importing covariate data.
Importing gene expression data.
Found 27 tissues for gene PHF7 :
 [1] "Adipose Tissue"  "Adrenal Gland"   "Blood"           "Blood Vessel"   
 [5] "Brain"           "Breast"          "Colon"           "Esophagus"      
 [9] "Heart"           "Kidney"          "Liver"           "Lung"           
[13] "Muscle"          "Nerve"           "Ovary"           "Pancreas"       
[17] "Pituitary"       "Prostate"        "Salivary Gland"  "Skin"           
[21] "Small Intestine" "Spleen"          "Stomach"         "Testis"         
[25] "Thyroid"         "Uterus"          "Vagina"         
Extracting genotype data from PLINK file.
PLINK v2.0.0-a.7LM 64-bit Intel (11 Mar 2026)       cog-genomics.org/plink/2.0/
(C) 2005-2026 Shaun Purcell, Christopher Chang    GNU General Public License v3
Logging to /project2/mstephens/wdenault/susie_mix/temp_plink/plink_PHF7.log.
Options in effect:
  --bfile /project2/mstephens/gtex/GTEx_Analysis_2017-06-05_v8_WholeGenomeSeq_866Indiv
  --chr 3
  --export A
  --from-bp 51910660
  --maf 0
  --max-alleles 2
  --memory 8000
  --out /project2/mstephens/wdenault/susie_mix/temp_plink/plink_PHF7
  --rm-dup exclude-all
  --snps-only
  --threads 2
  --to-bp 52910660

Start time: Tue Sep  1 14:35:35 2026
63727 MiB RAM detected, ~33835 available; reserving 8000 MiB for main
workspace.
Using up to 2 compute threads.
866 samples (0 females, 0 males, 866 ambiguous; 866 founders) loaded from
/project2/mstephens/gtex/GTEx_Analysis_2017-06-05_v8_WholeGenomeSeq_866Indiv.fam.
67234533 variants in
/project2/mstephens/gtex/GTEx_Analysis_2017-06-05_v8_WholeGenomeSeq_866Indiv.bim;
63427992 excluded by --chr + --max-alleles + --snps-only, 3806541 remaining.
Note: No phenotype data present.
Note: Skipping --rm-dup since no duplicate IDs are present.
15899 variants remaining after main filters.
--export A pass 1/1: loading... 0%24% writing... 0%1%2%3%4%5%6%7%8%9%10%11%12%13%14%15%16%17%18%19%20%21%22%23%24%25%26%27%28%29%30%31%32%33%34%35%36%37%38%39%40%41%42%43%44%45%46%47%48%49%50%51%52%53%54%55%56%57%58%59%60%61%62%63%64%65%66%67%68%69%70%71%72%73%74%75%76%77%78%79%80%81%82%83%84%85%86%87%88%89%90%91%92%93%94%95%96%97%98%99% done.
--export A: /project2/mstephens/wdenault/susie_mix/temp_plink/plink_PHF7.raw
written.
End time: Tue Sep  1 14:35:41 2026
37 SNP(s) removed because HWE P < 1e-08 :
 [1] "chr3_52036017_T_C_b38_T" "chr3_52044767_C_G_b38_C"
 [3] "chr3_52535464_C_A_b38_C" "chr3_52544458_A_G_b38_A"
 [5] "chr3_52576497_T_C_b38_T" "chr3_52583342_C_T_b38_C"
 [7] "chr3_52583446_T_C_b38_T" "chr3_52604453_T_C_b38_T"
 [9] "chr3_52611713_A_G_b38_A" "chr3_52615074_C_G_b38_C"
[11] "chr3_52618681_G_A_b38_G" "chr3_52618682_C_G_b38_C"
[13] "chr3_52634622_G_A_b38_G" "chr3_52644515_G_C_b38_G"
[15] "chr3_52649882_G_T_b38_G" "chr3_52653174_G_A_b38_G"
[17] "chr3_52658709_A_C_b38_A" "chr3_52676390_G_A_b38_G"
[19] "chr3_52680384_C_T_b38_C" "chr3_52686473_T_A_b38_T"
[21] "chr3_52693720_A_G_b38_A" "chr3_52716183_T_C_b38_T"
[23] "chr3_52721363_G_C_b38_G" "chr3_52733583_T_C_b38_T"
[25] "chr3_52742592_A_T_b38_A" "chr3_52742648_T_C_b38_T"
[27] "chr3_52744393_A_G_b38_A" "chr3_52745071_A_T_b38_A"
[29] "chr3_52745072_C_A_b38_C" "chr3_52758295_T_C_b38_T"
[31] "chr3_52782819_C_T_b38_C" "chr3_52800737_A_G_b38_A"
[33] "chr3_52801287_G_A_b38_G" "chr3_52801452_T_C_b38_T"
[35] "chr3_52801777_G_A_b38_G" "chr3_52802324_C_T_b38_C"
[37] "chr3_52845936_G_A_b38_G"

=====================================
Tissue: Adipose Tissue 
=====================================
[1] TRUE
Running SuSiE.

=====================================
Tissue: Adrenal Gland 
=====================================
[1] TRUE
Running SuSiE.

=====================================
Tissue: Blood 
=====================================
[1] TRUE
Running SuSiE.

=====================================
Tissue: Blood Vessel 
=====================================
[1] TRUE
Running SuSiE.

=====================================
Tissue: Brain 
=====================================
[1] TRUE
Running SuSiE.

=====================================
Tissue: Breast 
=====================================
[1] TRUE
Running SuSiE.

=====================================
Tissue: Colon 
=====================================
[1] TRUE
Running SuSiE.

=====================================
Tissue: Esophagus 
=====================================
[1] TRUE
Running SuSiE.

=====================================
Tissue: Heart 
=====================================
[1] TRUE
Running SuSiE.

=====================================
Tissue: Kidney 
=====================================
[1] TRUE
Running SuSiE.

=====================================
Tissue: Liver 
=====================================
[1] TRUE
Running SuSiE.

=====================================
Tissue: Lung 
=====================================
[1] TRUE
Running SuSiE.

=====================================
Tissue: Muscle 
=====================================
[1] TRUE
Running SuSiE.

=====================================
Tissue: Nerve 
=====================================
[1] TRUE
Running SuSiE.

=====================================
Tissue: Ovary 
=====================================
[1] TRUE
Running SuSiE.

=====================================
Tissue: Pancreas 
=====================================
[1] TRUE
Running SuSiE.

=====================================
Tissue: Pituitary 
=====================================
[1] TRUE
Running SuSiE.

=====================================
Tissue: Prostate 
=====================================
[1] TRUE
Running SuSiE.

=====================================
Tissue: Salivary Gland 
=====================================
[1] TRUE
Running SuSiE.

=====================================
Tissue: Skin 
=====================================
[1] TRUE
Running SuSiE.

=====================================
Tissue: Small Intestine 
=====================================
[1] TRUE
Running SuSiE.

=====================================
Tissue: Spleen 
=====================================
[1] TRUE
Running SuSiE.

=====================================
Tissue: Stomach 
=====================================
[1] TRUE
Running SuSiE.

=====================================
Tissue: Testis 
=====================================
[1] TRUE
Running SuSiE.

=====================================
Tissue: Thyroid 
=====================================
[1] TRUE
Running SuSiE.

=====================================
Tissue: Uterus 
=====================================
[1] TRUE
Running SuSiE.

=====================================
Tissue: Vagina 
=====================================
[1] TRUE
Running SuSiE.
[2026-09-01 14:36:38] starting PHF8
Importing covariate data.
Importing gene expression data.
Found 27 tissues for gene PHF8 :
 [1] "Adipose Tissue"  "Adrenal Gland"   "Blood"           "Blood Vessel"   
 [5] "Brain"           "Breast"          "Colon"           "Esophagus"      
 [9] "Heart"           "Kidney"          "Liver"           "Lung"           
[13] "Muscle"          "Nerve"           "Ovary"           "Pancreas"       
[17] "Pituitary"       "Prostate"        "Salivary Gland"  "Skin"           
[21] "Small Intestine" "Spleen"          "Stomach"         "Testis"         
[25] "Thyroid"         "Uterus"          "Vagina"         
Extracting genotype data from PLINK file.
PLINK v2.0.0-a.7LM 64-bit Intel (11 Mar 2026)       cog-genomics.org/plink/2.0/
(C) 2005-2026 Shaun Purcell, Christopher Chang    GNU General Public License v3
Logging to /project2/mstephens/wdenault/susie_mix/temp_plink/plink_PHF8.log.
Options in effect:
  --bfile /project2/mstephens/gtex/GTEx_Analysis_2017-06-05_v8_WholeGenomeSeq_866Indiv
  --chr X
  --export A
  --from-bp 53548958
  --maf 0
  --max-alleles 2
  --memory 8000
  --out /project2/mstephens/wdenault/susie_mix/temp_plink/plink_PHF8
  --rm-dup exclude-all
  --snps-only
  --threads 2
  --to-bp 54548958

Start time: Tue Sep  1 14:37:35 2026
63727 MiB RAM detected, ~34816 available; reserving 8000 MiB for main
workspace.
Using up to 2 compute threads.
866 samples (0 females, 0 males, 866 ambiguous; 866 founders) loaded from
/project2/mstephens/gtex/GTEx_Analysis_2017-06-05_v8_WholeGenomeSeq_866Indiv.fam.
End time: Tue Sep  1 14:37:41 2026
[2026-09-01 14:37:41] starting PHGDH
Importing covariate data.
Importing gene expression data.
Found 27 tissues for gene PHGDH :
 [1] "Adipose Tissue"  "Adrenal Gland"   "Blood"           "Blood Vessel"   
 [5] "Brain"           "Breast"          "Colon"           "Esophagus"      
 [9] "Heart"           "Kidney"          "Liver"           "Lung"           
[13] "Muscle"          "Nerve"           "Ovary"           "Pancreas"       
[17] "Pituitary"       "Prostate"        "Salivary Gland"  "Skin"           
[21] "Small Intestine" "Spleen"          "Stomach"         "Testis"         
[25] "Thyroid"         "Uterus"          "Vagina"         
Extracting genotype data from PLINK file.
PLINK v2.0.0-a.7LM 64-bit Intel (11 Mar 2026)       cog-genomics.org/plink/2.0/
(C) 2005-2026 Shaun Purcell, Christopher Chang    GNU General Public License v3
Logging to /project2/mstephens/wdenault/susie_mix/temp_plink/plink_PHGDH.log.
Options in effect:
  --bfile /project2/mstephens/gtex/GTEx_Analysis_2017-06-05_v8_WholeGenomeSeq_866Indiv
  --chr 1
  --export A
  --from-bp 119148411
  --maf 0
  --max-alleles 2
  --memory 8000
  --out /project2/mstephens/wdenault/susie_mix/temp_plink/plink_PHGDH
  --rm-dup exclude-all
  --snps-only
  --threads 2
  --to-bp 120148411

Start time: Tue Sep  1 14:38:36 2026
63727 MiB RAM detected, ~33477 available; reserving 8000 MiB for main
workspace.
Using up to 2 compute threads.
866 samples (0 females, 0 males, 866 ambiguous; 866 founders) loaded from
/project2/mstephens/gtex/GTEx_Analysis_2017-06-05_v8_WholeGenomeSeq_866Indiv.fam.
67234533 variants in
/project2/mstephens/gtex/GTEx_Analysis_2017-06-05_v8_WholeGenomeSeq_866Indiv.bim;
62424502 excluded by --chr + --max-alleles + --snps-only, 4810031 remaining.
Note: No phenotype data present.
Note: Skipping --rm-dup since no duplicate IDs are present.
17627 variants remaining after main filters.
--export A pass 1/1: loading... 0%writing... 0%1%2%3%4%5%6%7%8%9%10%11%12%13%14%15%16%17%18%19%20%21%22%23%24%25%26%27%28%29%30%31%32%33%34%35%36%37%38%39%40%41%42%43%44%45%46%47%48%49%50%51%52%53%54%55%56%57%58%59%60%61%62%63%64%65%66%67%68%69%70%71%72%73%74%75%76%77%78%79%80%81%82%83%84%85%86%87%88%89%90%91%92%93%94%95%96%97%98%99% done.
--export A: /project2/mstephens/wdenault/susie_mix/temp_plink/plink_PHGDH.raw
written.
End time: Tue Sep  1 14:38:41 2026
140 SNP(s) removed because HWE P < 1e-08 :
  [1] "chr1_119235788_A_G_b38_A" "chr1_119238676_A_G_b38_A"
  [3] "chr1_119293114_A_G_b38_A" "chr1_119320474_C_G_b38_C"
  [5] "chr1_119320608_C_T_b38_C" "chr1_119321022_T_C_b38_T"
  [7] "chr1_119331965_A_G_b38_A" "chr1_119333453_A_G_b38_A"
  [9] "chr1_119336477_A_T_b38_A" "chr1_119336589_T_G_b38_T"
 [11] "chr1_119339612_T_C_b38_T" "chr1_119340510_C_T_b38_C"
 [13] "chr1_119342933_A_T_b38_A" "chr1_119354204_T_C_b38_T"
 [15] "chr1_119354411_T_C_b38_T" "chr1_119354876_T_C_b38_T"
 [17] "chr1_119450861_T_C_b38_T" "chr1_119455470_T_C_b38_T"
 [19] "chr1_119457560_T_C_b38_T" "chr1_119457995_T_G_b38_T"
 [21] "chr1_119458196_T_C_b38_T" "chr1_119458885_G_A_b38_G"
 [23] "chr1_119458998_A_G_b38_A" "chr1_119459832_G_A_b38_G"
 [25] "chr1_119461403_A_G_b38_A" "chr1_119462069_T_C_b38_T"
 [27] "chr1_119463773_T_C_b38_T" "chr1_119478880_T_G_b38_T"
 [29] "chr1_119478884_A_G_b38_A" "chr1_119478885_A_G_b38_A"
 [31] "chr1_119483996_G_A_b38_G" "chr1_119484093_A_T_b38_A"
 [33] "chr1_119486458_C_T_b38_C" "chr1_119486664_G_A_b38_G"
 [35] "chr1_119491154_C_T_b38_C" "chr1_119491243_A_C_b38_A"
 [37] "chr1_119492322_A_G_b38_A" "chr1_119493962_T_A_b38_T"
 [39] "chr1_119494924_A_G_b38_A" "chr1_119495251_T_C_b38_T"
 [41] "chr1_119498264_C_T_b38_C" "chr1_119498313_A_G_b38_A"
 [43] "chr1_119498326_T_C_b38_T" "chr1_119498444_C_T_b38_C"
 [45] "chr1_119498678_A_G_b38_A" "chr1_119498738_A_C_b38_A"
 [47] "chr1_119499700_A_G_b38_A" "chr1_119499717_A_G_b38_A"
 [49] "chr1_119500117_G_A_b38_G" "chr1_119500445_T_C_b38_T"
 [51] "chr1_119500570_A_C_b38_A" "chr1_119501999_A_T_b38_A"
 [53] "chr1_119502482_A_C_b38_A" "chr1_119502792_G_A_b38_G"
 [55] "chr1_119503009_C_T_b38_C" "chr1_119503132_A_C_b38_A"
 [57] "chr1_119503198_A_C_b38_A" "chr1_119503264_A_G_b38_A"
 [59] "chr1_119503473_C_G_b38_C" "chr1_119503725_T_G_b38_T"
 [61] "chr1_119509420_A_C_b38_A" "chr1_119509684_C_T_b38_C"
 [63] "chr1_119514379_T_C_b38_T" "chr1_119517471_T_G_b38_T"
 [65] "chr1_119518241_A_G_b38_A" "chr1_119518396_A_T_b38_A"
 [67] "chr1_119543871_A_T_b38_A" "chr1_119554258_A_G_b38_A"
 [69] "chr1_119555266_A_T_b38_A" "chr1_119558789_C_A_b38_C"
 [71] "chr1_119560719_G_A_b38_G" "chr1_119561695_T_C_b38_T"
 [73] "chr1_119561703_C_T_b38_C" "chr1_119561807_A_C_b38_A"
 [75] "chr1_119731507_T_C_b38_T" "chr1_119853279_C_T_b38_C"
 [77] "chr1_119899375_A_G_b38_A" "chr1_119901079_G_A_b38_G"
 [79] "chr1_119904840_G_A_b38_G" "chr1_119906126_G_A_b38_G"
 [81] "chr1_119908729_C_A_b38_C" "chr1_119920607_C_T_b38_C"
 [83] "chr1_119935662_T_C_b38_T" "chr1_119955463_G_C_b38_G"
 [85] "chr1_119963373_G_C_b38_G" "chr1_119966180_T_C_b38_T"
 [87] "chr1_119970494_A_G_b38_A" "chr1_119982931_C_T_b38_C"
 [89] "chr1_119986309_G_A_b38_G" "chr1_120000161_T_C_b38_T"
 [91] "chr1_120000885_A_G_b38_A" "chr1_120011373_C_T_b38_C"
 [93] "chr1_120014047_T_C_b38_T" "chr1_120014158_A_G_b38_A"
 [95] "chr1_120027825_T_C_b38_T" "chr1_120070591_A_G_b38_A"
 [97] "chr1_120082215_C_T_b38_C" "chr1_120086308_A_C_b38_A"
 [99] "chr1_120086577_G_C_b38_G" "chr1_120088509_G_A_b38_G"
[101] "chr1_120089258_C_T_b38_C" "chr1_120091245_C_G_b38_C"
[103] "chr1_120093155_G_A_b38_G" "chr1_120093190_G_A_b38_G"
[105] "chr1_120098586_T_C_b38_T" "chr1_120098848_C_T_b38_C"
[107] "chr1_120098866_A_G_b38_A" "chr1_120098901_G_T_b38_G"
[109] "chr1_120107413_C_T_b38_C" "chr1_120107573_G_A_b38_G"
[111] "chr1_120107588_A_C_b38_A" "chr1_120114528_C_T_b38_C"
[113] "chr1_120114539_T_G_b38_T" "chr1_120114818_C_T_b38_C"
[115] "chr1_120121654_T_G_b38_T" "chr1_120132321_T_G_b38_T"
[117] "chr1_120132686_C_A_b38_C" "chr1_120133006_T_C_b38_T"
[119] "chr1_120133014_A_G_b38_A" "chr1_120133178_G_A_b38_G"
[121] "chr1_120133229_A_G_b38_A" "chr1_120133273_A_C_b38_A"
[123] "chr1_120133610_C_G_b38_C" "chr1_120133983_T_A_b38_T"
[125] "chr1_120134061_T_G_b38_T" "chr1_120134195_T_A_b38_T"
[127] "chr1_120134287_G_A_b38_G" "chr1_120134374_T_C_b38_T"
[129] "chr1_120134670_T_C_b38_T" "chr1_120135530_A_G_b38_A"
[131] "chr1_120135619_T_C_b38_T" "chr1_120136029_A_T_b38_A"
[133] "chr1_120137506_G_A_b38_G" "chr1_120137522_C_T_b38_C"
[135] "chr1_120137547_A_T_b38_A" "chr1_120140053_G_A_b38_G"
[137] "chr1_120145049_C_T_b38_C" "chr1_120147203_A_G_b38_A"
[139] "chr1_120147256_T_C_b38_T" "chr1_120147389_T_G_b38_T"

=====================================
Tissue: Adipose Tissue 
=====================================
[1] TRUE
Running SuSiE.

=====================================
Tissue: Adrenal Gland 
=====================================
[1] TRUE
Running SuSiE.

=====================================
Tissue: Blood 
=====================================
[1] TRUE
Running SuSiE.

=====================================
Tissue: Blood Vessel 
=====================================
[1] TRUE
Running SuSiE.

=====================================
Tissue: Brain 
=====================================
[1] TRUE
Running SuSiE.

=====================================
Tissue: Breast 
=====================================
[1] TRUE
Running SuSiE.

=====================================
Tissue: Colon 
=====================================
[1] TRUE
Running SuSiE.

=====================================
Tissue: Esophagus 
=====================================
[1] TRUE
Running SuSiE.

=====================================
Tissue: Heart 
=====================================
[1] TRUE
Running SuSiE.

=====================================
Tissue: Kidney 
=====================================
[1] TRUE
Running SuSiE.

=====================================
Tissue: Liver 
=====================================
[1] TRUE
Running SuSiE.

=====================================
Tissue: Lung 
=====================================
[1] TRUE
Running SuSiE.

=====================================
Tissue: Muscle 
=====================================
[1] TRUE
Running SuSiE.

=====================================
Tissue: Nerve 
=====================================
[1] TRUE
Running SuSiE.

=====================================
Tissue: Ovary 
=====================================
[1] TRUE
Running SuSiE.

=====================================
Tissue: Pancreas 
=====================================
[1] TRUE
Running SuSiE.

=====================================
Tissue: Pituitary 
=====================================
[1] TRUE
Running SuSiE.

=====================================
Tissue: Prostate 
=====================================
[1] TRUE
Running SuSiE.

=====================================
Tissue: Salivary Gland 
=====================================
[1] TRUE
Running SuSiE.

=====================================
Tissue: Skin 
=====================================
[1] TRUE
Running SuSiE.

=====================================
Tissue: Small Intestine 
=====================================
[1] TRUE
Running SuSiE.

=====================================
Tissue: Spleen 
=====================================
[1] TRUE
Running SuSiE.

=====================================
Tissue: Stomach 
=====================================
[1] TRUE
Running SuSiE.

=====================================
Tissue: Testis 
=====================================
[1] TRUE
Running SuSiE.

=====================================
Tissue: Thyroid 
=====================================
[1] TRUE
Running SuSiE.

=====================================
Tissue: Uterus 
=====================================
[1] TRUE
Running SuSiE.

=====================================
Tissue: Vagina 
=====================================
[1] TRUE
Running SuSiE.
[2026-09-01 14:40:11] starting PHGR1
Importing covariate data.
Importing gene expression data.
Found 27 tissues for gene PHGR1 :
 [1] "Adipose Tissue"  "Adrenal Gland"   "Blood"           "Blood Vessel"   
 [5] "Brain"           "Breast"          "Colon"           "Esophagus"      
 [9] "Heart"           "Kidney"          "Liver"           "Lung"           
[13] "Muscle"          "Nerve"           "Ovary"           "Pancreas"       
[17] "Pituitary"       "Prostate"        "Salivary Gland"  "Skin"           
[21] "Small Intestine" "Spleen"          "Stomach"         "Testis"         
[25] "Thyroid"         "Uterus"          "Vagina"         
Extracting genotype data from PLINK file.
PLINK v2.0.0-a.7LM 64-bit Intel (11 Mar 2026)       cog-genomics.org/plink/2.0/
(C) 2005-2026 Shaun Purcell, Christopher Chang    GNU General Public License v3
Logging to /project2/mstephens/wdenault/susie_mix/temp_plink/plink_PHGR1.log.
Options in effect:
  --bfile /project2/mstephens/gtex/GTEx_Analysis_2017-06-05_v8_WholeGenomeSeq_866Indiv
  --chr 15
  --export A
  --from-bp 39851033
  --maf 0
  --max-alleles 2
  --memory 8000
  --out /project2/mstephens/wdenault/susie_mix/temp_plink/plink_PHGR1
  --rm-dup exclude-all
  --snps-only
  --threads 2
  --to-bp 40851033

Start time: Tue Sep  1 14:41:07 2026
63727 MiB RAM detected, ~31080 available; reserving 8000 MiB for main
workspace.
Using up to 2 compute threads.
866 samples (0 females, 0 males, 866 ambiguous; 866 founders) loaded from
/project2/mstephens/gtex/GTEx_Analysis_2017-06-05_v8_WholeGenomeSeq_866Indiv.fam.
67234533 variants in
/project2/mstephens/gtex/GTEx_Analysis_2017-06-05_v8_WholeGenomeSeq_866Indiv.bim;
65613623 excluded by --chr + --max-alleles + --snps-only, 1620910 remaining.
Note: No phenotype data present.
Note: Skipping --rm-dup since no duplicate IDs are present.
17909 variants remaining after main filters.
--export A pass 1/1: loading... 0%writing... 0%1%2%3%4%5%6%7%8%9%10%11%12%13%14%15%16%17%18%19%20%21%22%23%24%25%26%27%28%29%30%31%32%33%34%35%36%37%38%39%40%41%42%43%44%45%46%47%48%49%50%51%52%53%54%55%56%57%58%59%60%61%62%63%64%65%66%67%68%69%70%71%72%73%74%75%76%77%78%79%80%81%82%83%84%85%86%87%88%89%90%91%92%93%94%95%96%97%98%99% done.
--export A: /project2/mstephens/wdenault/susie_mix/temp_plink/plink_PHGR1.raw
written.
End time: Tue Sep  1 14:41:13 2026
19 SNP(s) removed because HWE P < 1e-08 :
 [1] "chr15_39991073_G_A_b38_G" "chr15_39992919_A_G_b38_A"
 [3] "chr15_39993138_A_G_b38_A" "chr15_39993916_T_C_b38_T"
 [5] "chr15_39994075_C_A_b38_C" "chr15_39994672_C_T_b38_C"
 [7] "chr15_39998280_T_G_b38_T" "chr15_40024649_C_T_b38_C"
 [9] "chr15_40025314_C_T_b38_C" "chr15_40025608_A_G_b38_A"
[11] "chr15_40149419_A_G_b38_A" "chr15_40225211_T_A_b38_T"
[13] "chr15_40289932_A_T_b38_A" "chr15_40395449_A_C_b38_A"
[15] "chr15_40467148_G_A_b38_G" "chr15_40467917_G_C_b38_G"
[17] "chr15_40475982_C_A_b38_C" "chr15_40804148_G_T_b38_G"
[19] "chr15_40804162_C_A_b38_C"

=====================================
Tissue: Adipose Tissue 
=====================================
[1] TRUE
Running SuSiE.

=====================================
Tissue: Adrenal Gland 
=====================================
[1] TRUE
Running SuSiE.

=====================================
Tissue: Blood 
=====================================
[1] TRUE
Running SuSiE.

=====================================
Tissue: Blood Vessel 
=====================================
[1] TRUE
Running SuSiE.

=====================================
Tissue: Brain 
=====================================
[1] TRUE
Running SuSiE.

=====================================
Tissue: Breast 
=====================================
[1] TRUE
Running SuSiE.

=====================================
Tissue: Colon 
=====================================
[1] TRUE
Running SuSiE.

=====================================
Tissue: Esophagus 
=====================================
[1] TRUE
Running SuSiE.

=====================================
Tissue: Heart 
=====================================
[1] TRUE
Running SuSiE.

=====================================
Tissue: Kidney 
=====================================
[1] TRUE
Running SuSiE.

=====================================
Tissue: Liver 
=====================================
[1] TRUE
Running SuSiE.

=====================================
Tissue: Lung 
=====================================
[1] TRUE
Running SuSiE.

=====================================
Tissue: Muscle 
=====================================
[1] TRUE
Running SuSiE.

=====================================
Tissue: Nerve 
=====================================
[1] TRUE
Running SuSiE.

=====================================
Tissue: Ovary 
=====================================
[1] TRUE
Running SuSiE.

=====================================
Tissue: Pancreas 
=====================================
[1] TRUE
Running SuSiE.

=====================================
Tissue: Pituitary 
=====================================
[1] TRUE
Running SuSiE.

=====================================
Tissue: Prostate 
=====================================
[1] TRUE
Running SuSiE.

=====================================
Tissue: Salivary Gland 
=====================================
[1] TRUE
Running SuSiE.

=====================================
Tissue: Skin 
=====================================
[1] TRUE
Running SuSiE.

=====================================
Tissue: Small Intestine 
=====================================
[1] TRUE
Running SuSiE.

=====================================
Tissue: Spleen 
=====================================
[1] TRUE
Running SuSiE.

=====================================
Tissue: Stomach 
=====================================
[1] TRUE
Running SuSiE.

=====================================
Tissue: Testis 
=====================================
[1] TRUE
Running SuSiE.

=====================================
Tissue: Thyroid 
=====================================
[1] TRUE
Running SuSiE.

=====================================
Tissue: Uterus 
=====================================
[1] TRUE
Running SuSiE.

=====================================
Tissue: Vagina 
=====================================
[1] TRUE
Running SuSiE.
[2026-09-01 14:42:53] starting PHIP
Importing covariate data.
Importing gene expression data.
Found 27 tissues for gene PHIP :
 [1] "Adipose Tissue"  "Adrenal Gland"   "Blood"           "Blood Vessel"   
 [5] "Brain"           "Breast"          "Colon"           "Esophagus"      
 [9] "Heart"           "Kidney"          "Liver"           "Lung"           
[13] "Muscle"          "Nerve"           "Ovary"           "Pancreas"       
[17] "Pituitary"       "Prostate"        "Salivary Gland"  "Skin"           
[21] "Small Intestine" "Spleen"          "Stomach"         "Testis"         
[25] "Thyroid"         "Uterus"          "Vagina"         
Extracting genotype data from PLINK file.
PLINK v2.0.0-a.7LM 64-bit Intel (11 Mar 2026)       cog-genomics.org/plink/2.0/
(C) 2005-2026 Shaun Purcell, Christopher Chang    GNU General Public License v3
Logging to /project2/mstephens/wdenault/susie_mix/temp_plink/plink_PHIP.log.
Options in effect:
  --bfile /project2/mstephens/gtex/GTEx_Analysis_2017-06-05_v8_WholeGenomeSeq_866Indiv
  --chr 6
  --export A
  --from-bp 78578254
  --maf 0
  --max-alleles 2
  --memory 8000
  --out /project2/mstephens/wdenault/susie_mix/temp_plink/plink_PHIP
  --rm-dup exclude-all
  --snps-only
  --threads 2
  --to-bp 79578254

Start time: Tue Sep  1 14:43:50 2026
63727 MiB RAM detected, ~30105 available; reserving 8000 MiB for main
workspace.
Using up to 2 compute threads.
866 samples (0 females, 0 males, 866 ambiguous; 866 founders) loaded from
/project2/mstephens/gtex/GTEx_Analysis_2017-06-05_v8_WholeGenomeSeq_866Indiv.fam.
67234533 variants in
/project2/mstephens/gtex/GTEx_Analysis_2017-06-05_v8_WholeGenomeSeq_866Indiv.bim;
64003927 excluded by --chr + --max-alleles + --snps-only, 3230606 remaining.
Note: No phenotype data present.
Note: Skipping --rm-dup since no duplicate IDs are present.
18794 variants remaining after main filters.
--export A pass 1/1: loading... 0%writing... 0%1%2%3%4%5%6%7%8%9%10%11%12%13%14%15%16%17%18%19%20%21%22%23%24%25%26%27%28%29%30%31%32%33%34%35%36%37%38%39%40%41%42%43%44%45%46%47%48%49%50%51%52%53%54%55%56%57%58%59%60%61%62%63%64%65%66%67%68%69%70%71%72%73%74%75%76%77%78%79%80%81%82%83%84%85%86%87%88%89%90%91%92%93%94%95%96%97%98%99% done.
--export A: /project2/mstephens/wdenault/susie_mix/temp_plink/plink_PHIP.raw
written.
End time: Tue Sep  1 14:43:57 2026
7 SNP(s) removed because HWE P < 1e-08 :
[1] "chr6_78889135_G_A_b38_G" "chr6_79172992_T_C_b38_T"
[3] "chr6_79237515_C_G_b38_C" "chr6_79363948_G_A_b38_G"
[5] "chr6_79363958_G_T_b38_G" "chr6_79363959_T_C_b38_T"
[7] "chr6_79363963_G_C_b38_G"

=====================================
Tissue: Adipose Tissue 
=====================================
[1] TRUE
Running SuSiE.

=====================================
Tissue: Adrenal Gland 
=====================================
[1] TRUE
Running SuSiE.

=====================================
Tissue: Blood 
=====================================
[1] TRUE
Running SuSiE.

=====================================
Tissue: Blood Vessel 
=====================================
[1] TRUE
Running SuSiE.

=====================================
Tissue: Brain 
=====================================
[1] TRUE
Running SuSiE.

=====================================
Tissue: Breast 
=====================================
[1] TRUE
Running SuSiE.

=====================================
Tissue: Colon 
=====================================
[1] TRUE
Running SuSiE.

=====================================
Tissue: Esophagus 
=====================================
[1] TRUE
Running SuSiE.

=====================================
Tissue: Heart 
=====================================
[1] TRUE
Running SuSiE.

=====================================
Tissue: Kidney 
=====================================
[1] TRUE
Running SuSiE.

=====================================
Tissue: Liver 
=====================================
[1] TRUE
Running SuSiE.

=====================================
Tissue: Lung 
=====================================
[1] TRUE
Running SuSiE.

=====================================
Tissue: Muscle 
=====================================
[1] TRUE
Running SuSiE.

=====================================
Tissue: Nerve 
=====================================
[1] TRUE
Running SuSiE.

=====================================
Tissue: Ovary 
=====================================
[1] TRUE
Running SuSiE.

=====================================
Tissue: Pancreas 
=====================================
[1] TRUE
Running SuSiE.

=====================================
Tissue: Pituitary 
=====================================
[1] TRUE
Running SuSiE.

=====================================
Tissue: Prostate 
=====================================
[1] TRUE
Running SuSiE.

=====================================
Tissue: Salivary Gland 
=====================================
[1] TRUE
Running SuSiE.

=====================================
Tissue: Skin 
=====================================
[1] TRUE
Running SuSiE.

=====================================
Tissue: Small Intestine 
=====================================
[1] TRUE
Running SuSiE.

=====================================
Tissue: Spleen 
=====================================
[1] TRUE
Running SuSiE.

=====================================
Tissue: Stomach 
=====================================
[1] TRUE
Running SuSiE.

=====================================
Tissue: Testis 
=====================================
[1] TRUE
Running SuSiE.

=====================================
Tissue: Thyroid 
=====================================
[1] TRUE
Running SuSiE.

=====================================
Tissue: Uterus 
=====================================
[1] TRUE
Running SuSiE.

=====================================
Tissue: Vagina 
=====================================
[1] TRUE
Running SuSiE.
[2026-09-01 14:45:51] starting PHKA1
Importing covariate data.
Importing gene expression data.
Found 27 tissues for gene PHKA1 :
 [1] "Adipose Tissue"  "Adrenal Gland"   "Blood"           "Blood Vessel"   
 [5] "Brain"           "Breast"          "Colon"           "Esophagus"      
 [9] "Heart"           "Kidney"          "Liver"           "Lung"           
[13] "Muscle"          "Nerve"           "Ovary"           "Pancreas"       
[17] "Pituitary"       "Prostate"        "Salivary Gland"  "Skin"           
[21] "Small Intestine" "Spleen"          "Stomach"         "Testis"         
[25] "Thyroid"         "Uterus"          "Vagina"         
Extracting genotype data from PLINK file.
PLINK v2.0.0-a.7LM 64-bit Intel (11 Mar 2026)       cog-genomics.org/plink/2.0/
(C) 2005-2026 Shaun Purcell, Christopher Chang    GNU General Public License v3
Logging to /project2/mstephens/wdenault/susie_mix/temp_plink/plink_PHKA1.log.
Options in effect:
  --bfile /project2/mstephens/gtex/GTEx_Analysis_2017-06-05_v8_WholeGenomeSeq_866Indiv
  --chr X
  --export A
  --from-bp 72214319
  --maf 0
  --max-alleles 2
  --memory 8000
  --out /project2/mstephens/wdenault/susie_mix/temp_plink/plink_PHKA1
  --rm-dup exclude-all
  --snps-only
  --threads 2
  --to-bp 73214319

Start time: Tue Sep  1 14:46:43 2026
63727 MiB RAM detected, ~34816 available; reserving 8000 MiB for main
workspace.
Using up to 2 compute threads.
866 samples (0 females, 0 males, 866 ambiguous; 866 founders) loaded from
/project2/mstephens/gtex/GTEx_Analysis_2017-06-05_v8_WholeGenomeSeq_866Indiv.fam.
End time: Tue Sep  1 14:46:48 2026
[2026-09-01 14:46:49] starting PHKA2
Importing covariate data.
Importing gene expression data.
Found 27 tissues for gene PHKA2 :
 [1] "Adipose Tissue"  "Adrenal Gland"   "Blood"           "Blood Vessel"   
 [5] "Brain"           "Breast"          "Colon"           "Esophagus"      
 [9] "Heart"           "Kidney"          "Liver"           "Lung"           
[13] "Muscle"          "Nerve"           "Ovary"           "Pancreas"       
[17] "Pituitary"       "Prostate"        "Salivary Gland"  "Skin"           
[21] "Small Intestine" "Spleen"          "Stomach"         "Testis"         
[25] "Thyroid"         "Uterus"          "Vagina"         
Extracting genotype data from PLINK file.
PLINK v2.0.0-a.7LM 64-bit Intel (11 Mar 2026)       cog-genomics.org/plink/2.0/
(C) 2005-2026 Shaun Purcell, Christopher Chang    GNU General Public License v3
Logging to /project2/mstephens/wdenault/susie_mix/temp_plink/plink_PHKA2.log.
Options in effect:
  --bfile /project2/mstephens/gtex/GTEx_Analysis_2017-06-05_v8_WholeGenomeSeq_866Indiv
  --chr X
  --export A
  --from-bp 18484114
  --maf 0
  --max-alleles 2
  --memory 8000
  --out /project2/mstephens/wdenault/susie_mix/temp_plink/plink_PHKA2
  --rm-dup exclude-all
  --snps-only
  --threads 2
  --to-bp 19484114

Start time: Tue Sep  1 14:47:41 2026
63727 MiB RAM detected, ~32441 available; reserving 8000 MiB for main
workspace.
Using up to 2 compute threads.
866 samples (0 females, 0 males, 866 ambiguous; 866 founders) loaded from
/project2/mstephens/gtex/GTEx_Analysis_2017-06-05_v8_WholeGenomeSeq_866Indiv.fam.
End time: Tue Sep  1 14:47:46 2026
[2026-09-01 14:47:46] starting PHKB
Importing covariate data.
Importing gene expression data.
Found 27 tissues for gene PHKB :
 [1] "Adipose Tissue"  "Adrenal Gland"   "Blood"           "Blood Vessel"   
 [5] "Brain"           "Breast"          "Colon"           "Esophagus"      
 [9] "Heart"           "Kidney"          "Liver"           "Lung"           
[13] "Muscle"          "Nerve"           "Ovary"           "Pancreas"       
[17] "Pituitary"       "Prostate"        "Salivary Gland"  "Skin"           
[21] "Small Intestine" "Spleen"          "Stomach"         "Testis"         
[25] "Thyroid"         "Uterus"          "Vagina"         
Extracting genotype data from PLINK file.
PLINK v2.0.0-a.7LM 64-bit Intel (11 Mar 2026)       cog-genomics.org/plink/2.0/
(C) 2005-2026 Shaun Purcell, Christopher Chang    GNU General Public License v3
Logging to /project2/mstephens/wdenault/susie_mix/temp_plink/plink_PHKB.log.
Options in effect:
  --bfile /project2/mstephens/gtex/GTEx_Analysis_2017-06-05_v8_WholeGenomeSeq_866Indiv
  --chr 16
  --export A
  --from-bp 46961123
  --maf 0
  --max-alleles 2
  --memory 8000
  --out /project2/mstephens/wdenault/susie_mix/temp_plink/plink_PHKB
  --rm-dup exclude-all
  --snps-only
  --threads 2
  --to-bp 47961123

Start time: Tue Sep  1 14:48:38 2026
63727 MiB RAM detected, ~31057 available; reserving 8000 MiB for main
workspace.
Using up to 2 compute threads.
866 samples (0 females, 0 males, 866 ambiguous; 866 founders) loaded from
/project2/mstephens/gtex/GTEx_Analysis_2017-06-05_v8_WholeGenomeSeq_866Indiv.fam.
67234533 variants in
/project2/mstephens/gtex/GTEx_Analysis_2017-06-05_v8_WholeGenomeSeq_866Indiv.bim;
65423567 excluded by --chr + --max-alleles + --snps-only, 1810966 remaining.
Note: No phenotype data present.
Note: Skipping --rm-dup since no duplicate IDs are present.
14214 variants remaining after main filters.
--export A pass 1/1: loading... 0%writing... 0%1%2%3%4%5%6%7%8%9%10%11%12%13%14%15%16%17%18%19%20%21%22%23%24%25%26%27%28%29%30%31%32%33%34%35%36%37%38%39%40%41%42%43%44%45%46%47%48%49%50%51%52%53%54%55%56%57%58%59%60%61%62%63%64%65%66%67%68%69%70%71%72%73%74%75%76%77%78%79%80%81%82%83%84%85%86%87%88%89%90%91%92%93%94%95%96%97%98%99% done.
--export A: /project2/mstephens/wdenault/susie_mix/temp_plink/plink_PHKB.raw
written.
End time: Tue Sep  1 14:48:44 2026
1 SNP(s) removed because HWE P < 1e-08 :
[1] "chr16_47061852_G_A_b38_G"

=====================================
Tissue: Adipose Tissue 
=====================================
[1] TRUE
Running SuSiE.

=====================================
Tissue: Adrenal Gland 
=====================================
[1] TRUE
Running SuSiE.

=====================================
Tissue: Blood 
=====================================
[1] TRUE
Running SuSiE.

=====================================
Tissue: Blood Vessel 
=====================================
[1] TRUE
Running SuSiE.

=====================================
Tissue: Brain 
=====================================
[1] TRUE
Running SuSiE.

=====================================
Tissue: Breast 
=====================================
[1] TRUE
Running SuSiE.

=====================================
Tissue: Colon 
=====================================
[1] TRUE
Running SuSiE.

=====================================
Tissue: Esophagus 
=====================================
[1] TRUE
Running SuSiE.

=====================================
Tissue: Heart 
=====================================
[1] TRUE
Running SuSiE.

=====================================
Tissue: Kidney 
=====================================
[1] TRUE
Running SuSiE.

=====================================
Tissue: Liver 
=====================================
[1] TRUE
Running SuSiE.

=====================================
Tissue: Lung 
=====================================
[1] TRUE
Running SuSiE.

=====================================
Tissue: Muscle 
=====================================
[1] TRUE
Running SuSiE.

=====================================
Tissue: Nerve 
=====================================
[1] TRUE
Running SuSiE.

=====================================
Tissue: Ovary 
=====================================
[1] TRUE
Running SuSiE.

=====================================
Tissue: Pancreas 
=====================================
[1] TRUE
Running SuSiE.

=====================================
Tissue: Pituitary 
=====================================
[1] TRUE
Running SuSiE.

=====================================
Tissue: Prostate 
=====================================
[1] TRUE
Running SuSiE.

=====================================
Tissue: Salivary Gland 
=====================================
[1] TRUE
Running SuSiE.

=====================================
Tissue: Skin 
=====================================
[1] TRUE
Running SuSiE.

=====================================
Tissue: Small Intestine 
=====================================
[1] TRUE
Running SuSiE.

=====================================
Tissue: Spleen 
=====================================
[1] TRUE
Running SuSiE.

=====================================
Tissue: Stomach 
=====================================
[1] TRUE
Running SuSiE.

=====================================
Tissue: Testis 
=====================================
[1] TRUE
Running SuSiE.

=====================================
Tissue: Thyroid 
=====================================
[1] TRUE
Running SuSiE.

=====================================
Tissue: Uterus 
=====================================
[1] TRUE
Running SuSiE.

=====================================
Tissue: Vagina 
=====================================
[1] TRUE
Running SuSiE.
[2026-09-01 14:49:28] starting PHKG1
Importing covariate data.
Importing gene expression data.
Found 27 tissues for gene PHKG1 :
 [1] "Adipose Tissue"  "Adrenal Gland"   "Blood"           "Blood Vessel"   
 [5] "Brain"           "Breast"          "Colon"           "Esophagus"      
 [9] "Heart"           "Kidney"          "Liver"           "Lung"           
[13] "Muscle"          "Nerve"           "Ovary"           "Pancreas"       
[17] "Pituitary"       "Prostate"        "Salivary Gland"  "Skin"           
[21] "Small Intestine" "Spleen"          "Stomach"         "Testis"         
[25] "Thyroid"         "Uterus"          "Vagina"         
Extracting genotype data from PLINK file.
PLINK v2.0.0-a.7LM 64-bit Intel (11 Mar 2026)       cog-genomics.org/plink/2.0/
(C) 2005-2026 Shaun Purcell, Christopher Chang    GNU General Public License v3
Logging to /project2/mstephens/wdenault/susie_mix/temp_plink/plink_PHKG1.log.
Options in effect:
  --bfile /project2/mstephens/gtex/GTEx_Analysis_2017-06-05_v8_WholeGenomeSeq_866Indiv
  --chr 7
  --export A
  --from-bp 55592996
  --maf 0
  --max-alleles 2
  --memory 8000
  --out /project2/mstephens/wdenault/susie_mix/temp_plink/plink_PHKG1
  --rm-dup exclude-all
  --snps-only
  --threads 2
  --to-bp 56592996

Start time: Tue Sep  1 14:50:20 2026
63727 MiB RAM detected, ~34816 available; reserving 8000 MiB for main
workspace.
Using up to 2 compute threads.
866 samples (0 females, 0 males, 866 ambiguous; 866 founders) loaded from
/project2/mstephens/gtex/GTEx_Analysis_2017-06-05_v8_WholeGenomeSeq_866Indiv.fam.
67234533 variants in
/project2/mstephens/gtex/GTEx_Analysis_2017-06-05_v8_WholeGenomeSeq_866Indiv.bim;
64060212 excluded by --chr + --max-alleles + --snps-only, 3174321 remaining.
Note: No phenotype data present.
Note: Skipping --rm-dup since no duplicate IDs are present.
21338 variants remaining after main filters.
--export A pass 1/1: loading... 0%writing... 0%1%2%3%4%5%6%7%8%9%10%11%12%13%14%15%16%17%18%19%20%21%22%23%24%25%26%27%28%29%30%31%32%33%34%35%36%37%38%39%40%41%42%43%44%45%46%47%48%49%50%51%52%53%54%55%56%57%58%59%60%61%62%63%64%65%66%67%68%69%70%71%72%73%74%75%76%77%78%79%80%81%82%83%84%85%86%87%88%89%90%91%92%93%94%95%96%97%98%99% done.
--export A: /project2/mstephens/wdenault/susie_mix/temp_plink/plink_PHKG1.raw
written.
End time: Tue Sep  1 14:50:26 2026
172 SNP(s) removed because HWE P < 1e-08 :
  [1] "chr7_55714026_T_C_b38_T" "chr7_55714070_C_G_b38_C"
  [3] "chr7_55714085_T_C_b38_T" "chr7_55714103_G_A_b38_G"
  [5] "chr7_55714109_A_G_b38_A" "chr7_55734370_T_C_b38_T"
  [7] "chr7_55736277_G_A_b38_G" "chr7_55736868_T_C_b38_T"
  [9] "chr7_55737802_C_G_b38_C" "chr7_55741112_A_G_b38_A"
 [11] "chr7_55744211_A_G_b38_A" "chr7_55744714_T_C_b38_T"
 [13] "chr7_55753863_T_C_b38_T" "chr7_55756512_A_G_b38_A"
 [15] "chr7_55757464_C_G_b38_C" "chr7_55759082_C_G_b38_C"
 [17] "chr7_55759616_A_G_b38_A" "chr7_55761141_G_A_b38_G"
 [19] "chr7_56019513_A_T_b38_A" "chr7_56019522_G_C_b38_G"
 [21] "chr7_56019526_A_C_b38_A" "chr7_56019539_T_C_b38_T"
 [23] "chr7_56019540_G_A_b38_G" "chr7_56019547_T_C_b38_T"
 [25] "chr7_56019548_G_A_b38_G" "chr7_56019585_C_A_b38_C"
 [27] "chr7_56019587_G_C_b38_G" "chr7_56019590_T_C_b38_T"
 [29] "chr7_56019607_C_T_b38_C" "chr7_56019626_T_G_b38_T"
 [31] "chr7_56019671_G_T_b38_G" "chr7_56019672_A_G_b38_A"
 [33] "chr7_56019681_C_T_b38_C" "chr7_56019686_T_C_b38_T"
 [35] "chr7_56019706_G_A_b38_G" "chr7_56019716_G_A_b38_G"
 [37] "chr7_56019730_G_A_b38_G" "chr7_56019772_G_A_b38_G"
 [39] "chr7_56019781_A_G_b38_A" "chr7_56019811_G_A_b38_G"
 [41] "chr7_56019815_G_A_b38_G" "chr7_56019851_G_C_b38_G"
 [43] "chr7_56019853_G_A_b38_G" "chr7_56019874_A_G_b38_A"
 [45] "chr7_56019878_G_T_b38_G" "chr7_56020672_A_G_b38_A"
 [47] "chr7_56020683_A_T_b38_A" "chr7_56020687_C_G_b38_C"
 [49] "chr7_56020726_A_C_b38_A" "chr7_56020780_T_C_b38_T"
 [51] "chr7_56020820_A_C_b38_A" "chr7_56020831_C_T_b38_C"
 [53] "chr7_56020846_A_G_b38_A" "chr7_56020855_C_T_b38_C"
 [55] "chr7_56020859_T_C_b38_T" "chr7_56020860_G_A_b38_G"
 [57] "chr7_56020870_G_A_b38_G" "chr7_56020898_G_A_b38_G"
 [59] "chr7_56020902_G_T_b38_G" "chr7_56021093_A_T_b38_A"
 [61] "chr7_56021096_G_A_b38_G" "chr7_56021118_T_C_b38_T"
 [63] "chr7_56021132_T_A_b38_T" "chr7_56021209_C_T_b38_C"
 [65] "chr7_56021214_G_C_b38_G" "chr7_56021215_C_T_b38_C"
 [67] "chr7_56021235_C_T_b38_C" "chr7_56021259_A_T_b38_A"
 [69] "chr7_56118222_C_T_b38_C" "chr7_56118243_T_C_b38_T"
 [71] "chr7_56118255_G_A_b38_G" "chr7_56118260_T_C_b38_T"
 [73] "chr7_56126102_T_C_b38_T" "chr7_56126108_G_A_b38_G"
 [75] "chr7_56126123_C_G_b38_C" "chr7_56126128_C_T_b38_C"
 [77] "chr7_56126154_T_C_b38_T" "chr7_56126219_T_C_b38_T"
 [79] "chr7_56126224_C_A_b38_C" "chr7_56126239_A_T_b38_A"
 [81] "chr7_56126246_T_C_b38_T" "chr7_56126259_C_G_b38_C"
 [83] "chr7_56126262_A_T_b38_A" "chr7_56126273_G_T_b38_G"
 [85] "chr7_56126353_A_G_b38_A" "chr7_56126373_T_C_b38_T"
 [87] "chr7_56126395_G_A_b38_G" "chr7_56126423_A_C_b38_A"
 [89] "chr7_56126426_C_G_b38_C" "chr7_56126432_C_G_b38_C"
 [91] "chr7_56335076_G_A_b38_G" "chr7_56335092_T_C_b38_T"
 [93] "chr7_56335095_G_A_b38_G" "chr7_56335099_A_G_b38_A"
 [95] "chr7_56335120_A_T_b38_A" "chr7_56335123_C_T_b38_C"
 [97] "chr7_56335124_A_T_b38_A" "chr7_56335130_G_A_b38_G"
 [99] "chr7_56335133_T_A_b38_T" "chr7_56335141_T_C_b38_T"
[101] "chr7_56335142_G_T_b38_G" "chr7_56335213_C_T_b38_C"
[103] "chr7_56335214_C_T_b38_C" "chr7_56335249_C_G_b38_C"
[105] "chr7_56335275_A_G_b38_A" "chr7_56335276_C_A_b38_C"
[107] "chr7_56335287_A_G_b38_A" "chr7_56335293_T_A_b38_T"
[109] "chr7_56335298_T_C_b38_T" "chr7_56335299_A_G_b38_A"
[111] "chr7_56335300_G_C_b38_G" "chr7_56335304_A_G_b38_A"
[113] "chr7_56335316_A_G_b38_A" "chr7_56335320_C_T_b38_C"
[115] "chr7_56335321_A_G_b38_A" "chr7_56336026_G_A_b38_G"
[117] "chr7_56336446_G_C_b38_G" "chr7_56336457_G_A_b38_G"
[119] "chr7_56336475_A_C_b38_A" "chr7_56338341_A_C_b38_A"
[121] "chr7_56338348_T_C_b38_T" "chr7_56338356_C_T_b38_C"
[123] "chr7_56338359_G_A_b38_G" "chr7_56338388_T_A_b38_T"
[125] "chr7_56338396_T_A_b38_T" "chr7_56338440_G_A_b38_G"
[127] "chr7_56338448_C_T_b38_C" "chr7_56338472_T_C_b38_T"
[129] "chr7_56338500_A_T_b38_A" "chr7_56338528_T_A_b38_T"
[131] "chr7_56338562_A_G_b38_A" "chr7_56338603_A_G_b38_A"
[133] "chr7_56338608_C_T_b38_C" "chr7_56338623_T_G_b38_T"
[135] "chr7_56338634_A_G_b38_A" "chr7_56338914_A_G_b38_A"
[137] "chr7_56338915_A_G_b38_A" "chr7_56338923_C_T_b38_C"
[139] "chr7_56338938_C_T_b38_C" "chr7_56338939_A_G_b38_A"
[141] "chr7_56338947_C_T_b38_C" "chr7_56338948_A_T_b38_A"
[143] "chr7_56338955_C_T_b38_C" "chr7_56338956_A_G_b38_A"
[145] "chr7_56338963_T_C_b38_T" "chr7_56338968_C_T_b38_C"
[147] "chr7_56338975_C_T_b38_C" "chr7_56339067_A_G_b38_A"
[149] "chr7_56354162_C_T_b38_C" "chr7_56354212_T_C_b38_T"
[151] "chr7_56354221_G_C_b38_G" "chr7_56354223_T_G_b38_T"
[153] "chr7_56354232_G_A_b38_G" "chr7_56354245_T_G_b38_T"
[155] "chr7_56354266_C_T_b38_C" "chr7_56354270_C_T_b38_C"
[157] "chr7_56354271_A_G_b38_A" "chr7_56354324_T_C_b38_T"
[159] "chr7_56354337_C_G_b38_C" "chr7_56354346_A_C_b38_A"
[161] "chr7_56354384_T_A_b38_T" "chr7_56354430_T_C_b38_T"
[163] "chr7_56354435_C_T_b38_C" "chr7_56354455_C_G_b38_C"
[165] "chr7_56354464_G_A_b38_G" "chr7_56354474_T_C_b38_T"
[167] "chr7_56354479_C_T_b38_C" "chr7_56354483_C_T_b38_C"
[169] "chr7_56354484_T_G_b38_T" "chr7_56354494_T_C_b38_T"
[171] "chr7_56354503_T_C_b38_T" "chr7_56354513_G_C_b38_G"

=====================================
Tissue: Adipose Tissue 
=====================================
[1] TRUE
Running SuSiE.

=====================================
Tissue: Adrenal Gland 
=====================================
[1] TRUE
Running SuSiE.

=====================================
Tissue: Blood 
=====================================
[1] TRUE
Running SuSiE.

=====================================
Tissue: Blood Vessel 
=====================================
[1] TRUE
Running SuSiE.

=====================================
Tissue: Brain 
=====================================
[1] TRUE
Running SuSiE.

=====================================
Tissue: Breast 
=====================================
[1] TRUE
Running SuSiE.

=====================================
Tissue: Colon 
=====================================
[1] TRUE
Running SuSiE.

=====================================
Tissue: Esophagus 
=====================================
[1] TRUE
Running SuSiE.

=====================================
Tissue: Heart 
=====================================
[1] TRUE
Running SuSiE.

=====================================
Tissue: Kidney 
=====================================
[1] TRUE
Running SuSiE.

=====================================
Tissue: Liver 
=====================================
[1] TRUE
Running SuSiE.

=====================================
Tissue: Lung 
=====================================
[1] TRUE
Running SuSiE.

=====================================
Tissue: Muscle 
=====================================
[1] TRUE
Running SuSiE.

=====================================
Tissue: Nerve 
=====================================
[1] TRUE
Running SuSiE.

=====================================
Tissue: Ovary 
=====================================
[1] TRUE
Running SuSiE.

=====================================
Tissue: Pancreas 
=====================================
[1] TRUE
Running SuSiE.

=====================================
Tissue: Pituitary 
=====================================
[1] TRUE
Running SuSiE.

=====================================
Tissue: Prostate 
=====================================
[1] TRUE
Running SuSiE.

=====================================
Tissue: Salivary Gland 
=====================================
[1] TRUE
Running SuSiE.

=====================================
Tissue: Skin 
=====================================
[1] TRUE
Running SuSiE.

=====================================
Tissue: Small Intestine 
=====================================
[1] TRUE
Running SuSiE.

=====================================
Tissue: Spleen 
=====================================
[1] TRUE
Running SuSiE.

=====================================
Tissue: Stomach 
=====================================
[1] TRUE
Running SuSiE.

=====================================
Tissue: Testis 
=====================================
[1] TRUE
Running SuSiE.

=====================================
Tissue: Thyroid 
=====================================
[1] TRUE
Running SuSiE.

=====================================
Tissue: Uterus 
=====================================
[1] TRUE
Running SuSiE.

=====================================
Tissue: Vagina 
=====================================
[1] TRUE
Running SuSiE.
[2026-09-01 14:52:31] starting PHKG2
Importing covariate data.
Importing gene expression data.
Found 27 tissues for gene PHKG2 :
 [1] "Adipose Tissue"  "Adrenal Gland"   "Blood"           "Blood Vessel"   
 [5] "Brain"           "Breast"          "Colon"           "Esophagus"      
 [9] "Heart"           "Kidney"          "Liver"           "Lung"           
[13] "Muscle"          "Nerve"           "Ovary"           "Pancreas"       
[17] "Pituitary"       "Prostate"        "Salivary Gland"  "Skin"           
[21] "Small Intestine" "Spleen"          "Stomach"         "Testis"         
[25] "Thyroid"         "Uterus"          "Vagina"         
Extracting genotype data from PLINK file.
PLINK v2.0.0-a.7LM 64-bit Intel (11 Mar 2026)       cog-genomics.org/plink/2.0/
(C) 2005-2026 Shaun Purcell, Christopher Chang    GNU General Public License v3
Logging to /project2/mstephens/wdenault/susie_mix/temp_plink/plink_PHKG2.log.
Options in effect:
  --bfile /project2/mstephens/gtex/GTEx_Analysis_2017-06-05_v8_WholeGenomeSeq_866Indiv
  --chr 16
  --export A
  --from-bp 30248293
  --maf 0
  --max-alleles 2
  --memory 8000
  --out /project2/mstephens/wdenault/susie_mix/temp_plink/plink_PHKG2
  --rm-dup exclude-all
  --snps-only
  --threads 2
  --to-bp 31248293

Start time: Tue Sep  1 14:53:27 2026
63727 MiB RAM detected, ~31063 available; reserving 8000 MiB for main
workspace.
Using up to 2 compute threads.
866 samples (0 females, 0 males, 866 ambiguous; 866 founders) loaded from
/project2/mstephens/gtex/GTEx_Analysis_2017-06-05_v8_WholeGenomeSeq_866Indiv.fam.
67234533 variants in
/project2/mstephens/gtex/GTEx_Analysis_2017-06-05_v8_WholeGenomeSeq_866Indiv.bim;
65423567 excluded by --chr + --max-alleles + --snps-only, 1810966 remaining.
Note: No phenotype data present.
Note: Skipping --rm-dup since no duplicate IDs are present.
15827 variants remaining after main filters.
--export A pass 1/1: loading... 0%55% writing... 0%1%2%3%4%5%6%7%8%9%10%11%12%13%14%15%16%17%18%19%20%21%22%23%24%25%26%27%28%29%30%31%32%33%34%35%36%37%38%39%40%41%42%43%44%45%46%47%48%49%50%51%52%53%54%55%56%57%58%59%60%61%62%63%64%65%66%67%68%69%70%71%72%73%74%75%76%77%78%79%80%81%82%83%84%85%86%87%88%89%90%91%92%93%94%95%96%97%98%99% done.
--export A: /project2/mstephens/wdenault/susie_mix/temp_plink/plink_PHKG2.raw
written.
End time: Tue Sep  1 14:53:33 2026
22 SNP(s) removed because HWE P < 1e-08 :
 [1] "chr16_30277069_C_T_b38_C" "chr16_30300129_T_C_b38_T"
 [3] "chr16_30327371_C_T_b38_C" "chr16_30367200_C_A_b38_C"
 [5] "chr16_30432464_G_A_b38_G" "chr16_30444113_C_G_b38_C"
 [7] "chr16_30877589_G_A_b38_G" "chr16_30903074_C_T_b38_C"
 [9] "chr16_30903416_C_G_b38_C" "chr16_30903905_C_G_b38_C"
[11] "chr16_30908353_T_A_b38_T" "chr16_30911057_G_A_b38_G"
[13] "chr16_30916041_T_C_b38_T" "chr16_30934401_T_C_b38_T"
[15] "chr16_30941325_T_G_b38_T" "chr16_30941853_G_C_b38_G"
[17] "chr16_31008441_C_T_b38_C" "chr16_31017476_G_A_b38_G"
[19] "chr16_31031955_T_C_b38_T" "chr16_31096606_T_C_b38_T"
[21] "chr16_31141784_A_G_b38_A" "chr16_31227388_G_A_b38_G"

=====================================
Tissue: Adipose Tissue 
=====================================
[1] TRUE
Running SuSiE.

=====================================
Tissue: Adrenal Gland 
=====================================
[1] TRUE
Running SuSiE.

=====================================
Tissue: Blood 
=====================================
[1] TRUE
Running SuSiE.

=====================================
Tissue: Blood Vessel 
=====================================
[1] TRUE
Running SuSiE.

=====================================
Tissue: Brain 
=====================================
[1] TRUE
Running SuSiE.

=====================================
Tissue: Breast 
=====================================
[1] TRUE
Running SuSiE.

=====================================
Tissue: Colon 
=====================================
[1] TRUE
Running SuSiE.

=====================================
Tissue: Esophagus 
=====================================
[1] TRUE
Running SuSiE.

=====================================
Tissue: Heart 
=====================================
[1] TRUE
Running SuSiE.

=====================================
Tissue: Kidney 
=====================================
[1] TRUE
Running SuSiE.

=====================================
Tissue: Liver 
=====================================
[1] TRUE
Running SuSiE.

=====================================
Tissue: Lung 
=====================================
[1] TRUE
Running SuSiE.

=====================================
Tissue: Muscle 
=====================================
[1] TRUE
Running SuSiE.

=====================================
Tissue: Nerve 
=====================================
[1] TRUE
Running SuSiE.

=====================================
Tissue: Ovary 
=====================================
[1] TRUE
Running SuSiE.

=====================================
Tissue: Pancreas 
=====================================
[1] TRUE
Running SuSiE.

=====================================
Tissue: Pituitary 
=====================================
[1] TRUE
Running SuSiE.

=====================================
Tissue: Prostate 
=====================================
[1] TRUE
Running SuSiE.

=====================================
Tissue: Salivary Gland 
=====================================
[1] TRUE
Running SuSiE.

=====================================
Tissue: Skin 
=====================================
[1] TRUE
Running SuSiE.

=====================================
Tissue: Small Intestine 
=====================================
[1] TRUE
Running SuSiE.

=====================================
Tissue: Spleen 
=====================================
[1] TRUE
Running SuSiE.

=====================================
Tissue: Stomach 
=====================================
[1] TRUE
Running SuSiE.

=====================================
Tissue: Testis 
=====================================
[1] TRUE
Running SuSiE.

=====================================
Tissue: Thyroid 
=====================================
[1] TRUE
Running SuSiE.

=====================================
Tissue: Uterus 
=====================================
[1] TRUE
Running SuSiE.

=====================================
Tissue: Vagina 
=====================================
[1] TRUE
Running SuSiE.
[2026-09-01 14:54:10] starting PHLDA1
Importing covariate data.
Importing gene expression data.
Found 27 tissues for gene PHLDA1 :
 [1] "Adipose Tissue"  "Adrenal Gland"   "Blood"           "Blood Vessel"   
 [5] "Brain"           "Breast"          "Colon"           "Esophagus"      
 [9] "Heart"           "Kidney"          "Liver"           "Lung"           
[13] "Muscle"          "Nerve"           "Ovary"           "Pancreas"       
[17] "Pituitary"       "Prostate"        "Salivary Gland"  "Skin"           
[21] "Small Intestine" "Spleen"          "Stomach"         "Testis"         
[25] "Thyroid"         "Uterus"          "Vagina"         
Extracting genotype data from PLINK file.
PLINK v2.0.0-a.7LM 64-bit Intel (11 Mar 2026)       cog-genomics.org/plink/2.0/
(C) 2005-2026 Shaun Purcell, Christopher Chang    GNU General Public License v3
Logging to /project2/mstephens/wdenault/susie_mix/temp_plink/plink_PHLDA1.log.
Options in effect:
  --bfile /project2/mstephens/gtex/GTEx_Analysis_2017-06-05_v8_WholeGenomeSeq_866Indiv
  --chr 12
  --export A
  --from-bp 75531776
  --maf 0
  --max-alleles 2
  --memory 8000
  --out /project2/mstephens/wdenault/susie_mix/temp_plink/plink_PHLDA1
  --rm-dup exclude-all
  --snps-only
  --threads 2
  --to-bp 76531776

Start time: Tue Sep  1 14:55:06 2026
63727 MiB RAM detected, ~34813 available; reserving 8000 MiB for main
workspace.
Using up to 2 compute threads.
866 samples (0 females, 0 males, 866 ambiguous; 866 founders) loaded from
/project2/mstephens/gtex/GTEx_Analysis_2017-06-05_v8_WholeGenomeSeq_866Indiv.fam.
67234533 variants in
/project2/mstephens/gtex/GTEx_Analysis_2017-06-05_v8_WholeGenomeSeq_866Indiv.bim;
64641234 excluded by --chr + --max-alleles + --snps-only, 2593299 remaining.
Note: No phenotype data present.
Note: Skipping --rm-dup since no duplicate IDs are present.
17614 variants remaining after main filters.
--export A pass 1/1: loading... 0%writing... 0%1%2%3%4%5%6%7%8%9%10%11%12%13%14%15%16%17%18%19%20%21%22%23%24%25%26%27%28%29%30%31%32%33%34%35%36%37%38%39%40%41%42%43%44%45%46%47%48%49%50%51%52%53%54%55%56%57%58%59%60%61%62%63%64%65%66%67%68%69%70%71%72%73%74%75%76%77%78%79%80%81%82%83%84%85%86%87%88%89%90%91%92%93%94%95%96%97%98%99% done.
--export A: /project2/mstephens/wdenault/susie_mix/temp_plink/plink_PHLDA1.raw
written.
End time: Tue Sep  1 14:55:12 2026
15 SNP(s) removed because HWE P < 1e-08 :
 [1] "chr12_75684602_C_G_b38_C" "chr12_75920763_T_C_b38_T"
 [3] "chr12_75956526_A_G_b38_A" "chr12_75963906_A_C_b38_A"
 [5] "chr12_75965635_T_C_b38_T" "chr12_75965869_A_T_b38_A"
 [7] "chr12_75967960_A_C_b38_A" "chr12_75969490_T_G_b38_T"
 [9] "chr12_75969968_C_T_b38_C" "chr12_76127426_C_T_b38_C"
[11] "chr12_76129483_T_C_b38_T" "chr12_76272648_T_A_b38_T"
[13] "chr12_76272729_C_T_b38_C" "chr12_76273106_T_C_b38_T"
[15] "chr12_76274729_A_G_b38_A"

=====================================
Tissue: Adipose Tissue 
=====================================
[1] TRUE
Running SuSiE.

=====================================
Tissue: Adrenal Gland 
=====================================
[1] TRUE
Running SuSiE.

=====================================
Tissue: Blood 
=====================================
[1] TRUE
Running SuSiE.

=====================================
Tissue: Blood Vessel 
=====================================
[1] TRUE
Running SuSiE.

=====================================
Tissue: Brain 
=====================================
[1] TRUE
Running SuSiE.

=====================================
Tissue: Breast 
=====================================
[1] TRUE
Running SuSiE.

=====================================
Tissue: Colon 
=====================================
[1] TRUE
Running SuSiE.

=====================================
Tissue: Esophagus 
=====================================
[1] TRUE
Running SuSiE.

=====================================
Tissue: Heart 
=====================================
[1] TRUE
Running SuSiE.

=====================================
Tissue: Kidney 
=====================================
[1] TRUE
Running SuSiE.

=====================================
Tissue: Liver 
=====================================
[1] TRUE
Running SuSiE.

=====================================
Tissue: Lung 
=====================================
[1] TRUE
Running SuSiE.

=====================================
Tissue: Muscle 
=====================================
[1] TRUE
Running SuSiE.

=====================================
Tissue: Nerve 
=====================================
[1] TRUE
Running SuSiE.

=====================================
Tissue: Ovary 
=====================================
[1] TRUE
Running SuSiE.

=====================================
Tissue: Pancreas 
=====================================
[1] TRUE
Running SuSiE.

=====================================
Tissue: Pituitary 
=====================================
[1] TRUE
Running SuSiE.

=====================================
Tissue: Prostate 
=====================================
[1] TRUE
Running SuSiE.

=====================================
Tissue: Salivary Gland 
=====================================
[1] TRUE
Running SuSiE.

=====================================
Tissue: Skin 
=====================================
[1] TRUE
Running SuSiE.

=====================================
Tissue: Small Intestine 
=====================================
[1] TRUE
Running SuSiE.

=====================================
Tissue: Spleen 
=====================================
[1] TRUE
Running SuSiE.

=====================================
Tissue: Stomach 
=====================================
[1] TRUE
Running SuSiE.

=====================================
Tissue: Testis 
=====================================
[1] TRUE
Running SuSiE.

=====================================
Tissue: Thyroid 
=====================================
[1] TRUE
Running SuSiE.

=====================================
Tissue: Uterus 
=====================================
[1] TRUE
Running SuSiE.

=====================================
Tissue: Vagina 
=====================================
[1] TRUE
Running SuSiE.
[2026-09-01 14:57:04] starting PHLDA2
Importing covariate data.
Importing gene expression data.
Found 27 tissues for gene PHLDA2 :
 [1] "Adipose Tissue"  "Adrenal Gland"   "Blood"           "Blood Vessel"   
 [5] "Brain"           "Breast"          "Colon"           "Esophagus"      
 [9] "Heart"           "Kidney"          "Liver"           "Lung"           
[13] "Muscle"          "Nerve"           "Ovary"           "Pancreas"       
[17] "Pituitary"       "Prostate"        "Salivary Gland"  "Skin"           
[21] "Small Intestine" "Spleen"          "Stomach"         "Testis"         
[25] "Thyroid"         "Uterus"          "Vagina"         
Extracting genotype data from PLINK file.
PLINK v2.0.0-a.7LM 64-bit Intel (11 Mar 2026)       cog-genomics.org/plink/2.0/
(C) 2005-2026 Shaun Purcell, Christopher Chang    GNU General Public License v3
Logging to /project2/mstephens/wdenault/susie_mix/temp_plink/plink_PHLDA2.log.
Options in effect:
  --bfile /project2/mstephens/gtex/GTEx_Analysis_2017-06-05_v8_WholeGenomeSeq_866Indiv
  --chr 11
  --export A
  --from-bp 2429420
  --maf 0
  --max-alleles 2
  --memory 8000
  --out /project2/mstephens/wdenault/susie_mix/temp_plink/plink_PHLDA2
  --rm-dup exclude-all
  --snps-only
  --threads 2
  --to-bp 3429420

Start time: Tue Sep  1 14:57:56 2026
63727 MiB RAM detected, ~38550 available; reserving 8000 MiB for main
workspace.
Using up to 2 compute threads.
866 samples (0 females, 0 males, 866 ambiguous; 866 founders) loaded from
/project2/mstephens/gtex/GTEx_Analysis_2017-06-05_v8_WholeGenomeSeq_866Indiv.fam.
67234533 variants in
/project2/mstephens/gtex/GTEx_Analysis_2017-06-05_v8_WholeGenomeSeq_866Indiv.bim;
64515227 excluded by --chr + --max-alleles + --snps-only, 2719306 remaining.
Note: No phenotype data present.
Note: Skipping --rm-dup since no duplicate IDs are present.
22059 variants remaining after main filters.
--export A pass 1/1: loading... 0%writing... 0%1%2%3%4%5%6%7%8%9%10%11%12%13%14%15%16%17%18%19%20%21%22%23%24%25%26%27%28%29%30%31%32%33%34%35%36%37%38%39%40%41%42%43%44%45%46%47%48%49%50%51%52%53%54%55%56%57%58%59%60%61%62%63%64%65%66%67%68%69%70%71%72%73%74%75%76%77%78%79%80%81%82%83%84%85%86%87%88%89%90%91%92%93%94%95%96%97%98%99% done.
--export A: /project2/mstephens/wdenault/susie_mix/temp_plink/plink_PHLDA2.raw
written.
End time: Tue Sep  1 14:58:01 2026
21 SNP(s) removed because HWE P < 1e-08 :
 [1] "chr11_2436436_G_A_b38_G" "chr11_2457202_G_A_b38_G"
 [3] "chr11_2457965_C_T_b38_C" "chr11_2459471_C_G_b38_C"
 [5] "chr11_2523238_G_T_b38_G" "chr11_2525876_G_C_b38_G"
 [7] "chr11_2564749_C_G_b38_C" "chr11_2567006_T_A_b38_T"
 [9] "chr11_2573594_T_C_b38_T" "chr11_2581307_A_G_b38_A"
[11] "chr11_2588525_C_T_b38_C" "chr11_2717717_A_C_b38_A"
[13] "chr11_2718291_T_G_b38_T" "chr11_3085374_T_C_b38_T"
[15] "chr11_3136379_A_G_b38_A" "chr11_3139033_C_T_b38_C"
[17] "chr11_3160694_A_C_b38_A" "chr11_3186545_A_C_b38_A"
[19] "chr11_3394461_T_A_b38_T" "chr11_3414438_A_G_b38_A"
[21] "chr11_3414603_T_C_b38_T"

=====================================
Tissue: Adipose Tissue 
=====================================
[1] TRUE
Running SuSiE.

=====================================
Tissue: Adrenal Gland 
=====================================
[1] TRUE
Running SuSiE.

=====================================
Tissue: Blood 
=====================================
[1] TRUE
Running SuSiE.

=====================================
Tissue: Blood Vessel 
=====================================
[1] TRUE
Running SuSiE.

=====================================
Tissue: Brain 
=====================================
[1] TRUE
Running SuSiE.

=====================================
Tissue: Breast 
=====================================
[1] TRUE
Running SuSiE.

=====================================
Tissue: Colon 
=====================================
[1] TRUE
Running SuSiE.

=====================================
Tissue: Esophagus 
=====================================
[1] TRUE
Running SuSiE.

=====================================
Tissue: Heart 
=====================================
[1] TRUE
Running SuSiE.

=====================================
Tissue: Kidney 
=====================================
[1] TRUE
Running SuSiE.

=====================================
Tissue: Liver 
=====================================
[1] TRUE
Running SuSiE.

=====================================
Tissue: Lung 
=====================================
[1] TRUE
Running SuSiE.

=====================================
Tissue: Muscle 
=====================================
[1] TRUE
Running SuSiE.

=====================================
Tissue: Nerve 
=====================================
[1] TRUE
Running SuSiE.

=====================================
Tissue: Ovary 
=====================================
[1] TRUE
Running SuSiE.

=====================================
Tissue: Pancreas 
=====================================
[1] TRUE
Running SuSiE.

=====================================
Tissue: Pituitary 
=====================================
[1] TRUE
Running SuSiE.

=====================================
Tissue: Prostate 
=====================================
[1] TRUE
Running SuSiE.

=====================================
Tissue: Salivary Gland 
=====================================
[1] TRUE
Running SuSiE.

=====================================
Tissue: Skin 
=====================================
[1] TRUE
Running SuSiE.

=====================================
Tissue: Small Intestine 
=====================================
[1] TRUE
Running SuSiE.

=====================================
Tissue: Spleen 
=====================================
[1] TRUE
Running SuSiE.

=====================================
Tissue: Stomach 
=====================================
[1] TRUE
Running SuSiE.

=====================================
Tissue: Testis 
=====================================
[1] TRUE
Running SuSiE.

=====================================
Tissue: Thyroid 
=====================================
[1] TRUE
Running SuSiE.

=====================================
Tissue: Uterus 
=====================================
[1] TRUE
Running SuSiE.

=====================================
Tissue: Vagina 
=====================================
[1] TRUE
Running SuSiE.
[2026-09-01 15:00:19] starting PHLDA3
Importing covariate data.
Importing gene expression data.
Found 27 tissues for gene PHLDA3 :
 [1] "Adipose Tissue"  "Adrenal Gland"   "Blood"           "Blood Vessel"   
 [5] "Brain"           "Breast"          "Colon"           "Esophagus"      
 [9] "Heart"           "Kidney"          "Liver"           "Lung"           
[13] "Muscle"          "Nerve"           "Ovary"           "Pancreas"       
[17] "Pituitary"       "Prostate"        "Salivary Gland"  "Skin"           
[21] "Small Intestine" "Spleen"          "Stomach"         "Testis"         
[25] "Thyroid"         "Uterus"          "Vagina"         
Extracting genotype data from PLINK file.
PLINK v2.0.0-a.7LM 64-bit Intel (11 Mar 2026)       cog-genomics.org/plink/2.0/
(C) 2005-2026 Shaun Purcell, Christopher Chang    GNU General Public License v3
Logging to /project2/mstephens/wdenault/susie_mix/temp_plink/plink_PHLDA3.log.
Options in effect:
  --bfile /project2/mstephens/gtex/GTEx_Analysis_2017-06-05_v8_WholeGenomeSeq_866Indiv
  --chr 1
  --export A
  --from-bp 200969237
  --maf 0
  --max-alleles 2
  --memory 8000
  --out /project2/mstephens/wdenault/susie_mix/temp_plink/plink_PHLDA3
  --rm-dup exclude-all
  --snps-only
  --threads 2
  --to-bp 201969237

Start time: Tue Sep  1 15:01:14 2026
63727 MiB RAM detected, ~38531 available; reserving 8000 MiB for main
workspace.
Using up to 2 compute threads.
866 samples (0 females, 0 males, 866 ambiguous; 866 founders) loaded from
/project2/mstephens/gtex/GTEx_Analysis_2017-06-05_v8_WholeGenomeSeq_866Indiv.fam.
67234533 variants in
/project2/mstephens/gtex/GTEx_Analysis_2017-06-05_v8_WholeGenomeSeq_866Indiv.bim;
62424502 excluded by --chr + --max-alleles + --snps-only, 4810031 remaining.
Note: No phenotype data present.
Note: Skipping --rm-dup since no duplicate IDs are present.
18924 variants remaining after main filters.
--export A pass 1/1: loading... 0%writing... 0%1%2%3%4%5%6%7%8%9%10%11%12%13%14%15%16%17%18%19%20%21%22%23%24%25%26%27%28%29%30%31%32%33%34%35%36%37%38%39%40%41%42%43%44%45%46%47%48%49%50%51%52%53%54%55%56%57%58%59%60%61%62%63%64%65%66%67%68%69%70%71%72%73%74%75%76%77%78%79%80%81%82%83%84%85%86%87%88%89%90%91%92%93%94%95%96%97%98%99% done.
--export A: /project2/mstephens/wdenault/susie_mix/temp_plink/plink_PHLDA3.raw
written.
End time: Tue Sep  1 15:01:19 2026
29 SNP(s) removed because HWE P < 1e-08 :
 [1] "chr1_201000855_T_C_b38_T" "chr1_201024897_G_A_b38_G"
 [3] "chr1_201028275_G_T_b38_G" "chr1_201030361_T_G_b38_T"
 [5] "chr1_201079549_A_C_b38_A" "chr1_201207523_C_T_b38_C"
 [7] "chr1_201211065_A_G_b38_A" "chr1_201211072_T_G_b38_T"
 [9] "chr1_201219200_G_A_b38_G" "chr1_201248059_G_A_b38_G"
[11] "chr1_201248169_G_A_b38_G" "chr1_201248308_G_A_b38_G"
[13] "chr1_201248428_G_A_b38_G" "chr1_201248595_C_G_b38_C"
[15] "chr1_201249688_C_G_b38_C" "chr1_201249710_A_T_b38_A"
[17] "chr1_201249765_T_C_b38_T" "chr1_201249836_T_C_b38_T"
[19] "chr1_201249862_G_A_b38_G" "chr1_201250024_C_T_b38_C"
[21] "chr1_201250236_G_T_b38_G" "chr1_201250614_G_C_b38_G"
[23] "chr1_201250757_C_T_b38_C" "chr1_201250758_A_G_b38_A"
[25] "chr1_201250939_A_G_b38_A" "chr1_201250950_G_C_b38_G"
[27] "chr1_201277102_A_C_b38_A" "chr1_201429127_C_T_b38_C"
[29] "chr1_201556953_C_T_b38_C"

=====================================
Tissue: Adipose Tissue 
=====================================
[1] TRUE
Running SuSiE.

=====================================
Tissue: Adrenal Gland 
=====================================
[1] TRUE
Running SuSiE.

=====================================
Tissue: Blood 
=====================================
[1] TRUE
Running SuSiE.

=====================================
Tissue: Blood Vessel 
=====================================
[1] TRUE
Running SuSiE.

=====================================
Tissue: Brain 
=====================================
[1] TRUE
Running SuSiE.

=====================================
Tissue: Breast 
=====================================
[1] TRUE
Running SuSiE.

=====================================
Tissue: Colon 
=====================================
[1] TRUE
Running SuSiE.

=====================================
Tissue: Esophagus 
=====================================
[1] TRUE
Running SuSiE.

=====================================
Tissue: Heart 
=====================================
[1] TRUE
Running SuSiE.

=====================================
Tissue: Kidney 
=====================================
[1] TRUE
Running SuSiE.

=====================================
Tissue: Liver 
=====================================
[1] TRUE
Running SuSiE.

=====================================
Tissue: Lung 
=====================================
[1] TRUE
Running SuSiE.

=====================================
Tissue: Muscle 
=====================================
[1] TRUE
Running SuSiE.

=====================================
Tissue: Nerve 
=====================================
[1] TRUE
Running SuSiE.

=====================================
Tissue: Ovary 
=====================================
[1] TRUE
Running SuSiE.

=====================================
Tissue: Pancreas 
=====================================
[1] TRUE
Running SuSiE.

=====================================
Tissue: Pituitary 
=====================================
[1] TRUE
Running SuSiE.

=====================================
Tissue: Prostate 
=====================================
[1] TRUE
Running SuSiE.

=====================================
Tissue: Salivary Gland 
=====================================
[1] TRUE
Running SuSiE.

=====================================
Tissue: Skin 
=====================================
[1] TRUE
Running SuSiE.

=====================================
Tissue: Small Intestine 
=====================================
[1] TRUE
Running SuSiE.

=====================================
Tissue: Spleen 
=====================================
[1] TRUE
Running SuSiE.

=====================================
Tissue: Stomach 
=====================================
[1] TRUE
Running SuSiE.

=====================================
Tissue: Testis 
=====================================
[1] TRUE
Running SuSiE.

=====================================
Tissue: Thyroid 
=====================================
[1] TRUE
Running SuSiE.

=====================================
Tissue: Uterus 
=====================================
[1] TRUE
Running SuSiE.

=====================================
Tissue: Vagina 
=====================================
[1] TRUE
Running SuSiE.
[2026-09-01 15:03:29] starting PHLDB1
Importing covariate data.
Importing gene expression data.
Found 27 tissues for gene PHLDB1 :
 [1] "Adipose Tissue"  "Adrenal Gland"   "Blood"           "Blood Vessel"   
 [5] "Brain"           "Breast"          "Colon"           "Esophagus"      
 [9] "Heart"           "Kidney"          "Liver"           "Lung"           
[13] "Muscle"          "Nerve"           "Ovary"           "Pancreas"       
[17] "Pituitary"       "Prostate"        "Salivary Gland"  "Skin"           
[21] "Small Intestine" "Spleen"          "Stomach"         "Testis"         
[25] "Thyroid"         "Uterus"          "Vagina"         
Extracting genotype data from PLINK file.
PLINK v2.0.0-a.7LM 64-bit Intel (11 Mar 2026)       cog-genomics.org/plink/2.0/
(C) 2005-2026 Shaun Purcell, Christopher Chang    GNU General Public License v3
Logging to /project2/mstephens/wdenault/susie_mix/temp_plink/plink_PHLDB1.log.
Options in effect:
  --bfile /project2/mstephens/gtex/GTEx_Analysis_2017-06-05_v8_WholeGenomeSeq_866Indiv
  --chr 11
  --export A
  --from-bp 118106440
  --maf 0
  --max-alleles 2
  --memory 8000
  --out /project2/mstephens/wdenault/susie_mix/temp_plink/plink_PHLDB1
  --rm-dup exclude-all
  --snps-only
  --threads 2
  --to-bp 119106440

Start time: Tue Sep  1 15:04:27 2026
63727 MiB RAM detected, ~37537 available; reserving 8000 MiB for main
workspace.
Using up to 2 compute threads.
866 samples (0 females, 0 males, 866 ambiguous; 866 founders) loaded from
/project2/mstephens/gtex/GTEx_Analysis_2017-06-05_v8_WholeGenomeSeq_866Indiv.fam.
67234533 variants in
/project2/mstephens/gtex/GTEx_Analysis_2017-06-05_v8_WholeGenomeSeq_866Indiv.bim;
64515227 excluded by --chr + --max-alleles + --snps-only, 2719306 remaining.
Note: No phenotype data present.
Note: Skipping --rm-dup since no duplicate IDs are present.
18370 variants remaining after main filters.
--export A pass 1/1: loading... 0%writing... 0%1%2%3%4%5%6%7%8%9%10%11%12%13%14%15%16%17%18%19%20%21%22%23%24%25%26%27%28%29%30%31%32%33%34%35%36%37%38%39%40%41%42%43%44%45%46%47%48%49%50%51%52%53%54%55%56%57%58%59%60%61%62%63%64%65%66%67%68%69%70%71%72%73%74%75%76%77%78%79%80%81%82%83%84%85%86%87%88%89%90%91%92%93%94%95%96%97%98%99% done.
--export A: /project2/mstephens/wdenault/susie_mix/temp_plink/plink_PHLDB1.raw
written.
End time: Tue Sep  1 15:04:32 2026
70 SNP(s) removed because HWE P < 1e-08 :
 [1] "chr11_118164372_A_G_b38_A" "chr11_118167937_G_A_b38_G"
 [3] "chr11_118167982_T_C_b38_T" "chr11_118168026_C_T_b38_C"
 [5] "chr11_118168509_C_T_b38_C" "chr11_118168558_T_C_b38_T"
 [7] "chr11_118169895_C_T_b38_C" "chr11_118170418_T_C_b38_T"
 [9] "chr11_118171998_T_G_b38_T" "chr11_118174025_T_A_b38_T"
[11] "chr11_118174262_A_G_b38_A" "chr11_118174708_G_A_b38_G"
[13] "chr11_118177784_C_T_b38_C" "chr11_118180140_C_T_b38_C"
[15] "chr11_118192764_A_G_b38_A" "chr11_118251007_A_C_b38_A"
[17] "chr11_118421932_C_T_b38_C" "chr11_118422780_A_G_b38_A"
[19] "chr11_118422803_C_T_b38_C" "chr11_118422804_A_G_b38_A"
[21] "chr11_118422809_A_G_b38_A" "chr11_118422812_T_C_b38_T"
[23] "chr11_118422813_G_A_b38_G" "chr11_118422826_G_A_b38_G"
[25] "chr11_118422832_T_C_b38_T" "chr11_118422864_C_A_b38_C"
[27] "chr11_118422891_C_G_b38_C" "chr11_118422903_C_T_b38_C"
[29] "chr11_118422908_A_G_b38_A" "chr11_118422936_G_T_b38_G"
[31] "chr11_118422940_T_A_b38_T" "chr11_118422946_T_C_b38_T"
[33] "chr11_118422958_C_T_b38_C" "chr11_118422966_A_G_b38_A"
[35] "chr11_118423076_G_A_b38_G" "chr11_118423078_C_G_b38_C"
[37] "chr11_118722826_A_T_b38_A" "chr11_118722834_G_A_b38_G"
[39] "chr11_118722888_G_A_b38_G" "chr11_118722894_C_T_b38_C"
[41] "chr11_118722895_T_C_b38_T" "chr11_118726523_G_A_b38_G"
[43] "chr11_118726570_T_C_b38_T" "chr11_118726579_A_G_b38_A"
[45] "chr11_118726619_C_G_b38_C" "chr11_118726661_C_T_b38_C"
[47] "chr11_118726712_C_T_b38_C" "chr11_118726714_T_C_b38_T"
[49] "chr11_118726770_C_A_b38_C" "chr11_118726811_T_A_b38_T"
[51] "chr11_118726821_A_C_b38_A" "chr11_118726827_C_T_b38_C"
[53] "chr11_118726840_C_A_b38_C" "chr11_118726854_C_T_b38_C"
[55] "chr11_118726892_G_A_b38_G" "chr11_118726901_G_A_b38_G"
[57] "chr11_118726937_T_C_b38_T" "chr11_118726998_T_C_b38_T"
[59] "chr11_118727027_C_T_b38_C" "chr11_118727029_T_C_b38_T"
[61] "chr11_118729248_G_A_b38_G" "chr11_118729250_A_T_b38_A"
[63] "chr11_118729251_A_G_b38_A" "chr11_118729275_G_T_b38_G"
[65] "chr11_118729321_G_A_b38_G" "chr11_118898300_T_C_b38_T"
[67] "chr11_118898304_A_C_b38_A" "chr11_118898310_T_C_b38_T"
[69] "chr11_118898313_A_C_b38_A" "chr11_118898318_A_C_b38_A"

=====================================
Tissue: Adipose Tissue 
=====================================
[1] TRUE
Running SuSiE.

=====================================
Tissue: Adrenal Gland 
=====================================
[1] TRUE
Running SuSiE.

=====================================
Tissue: Blood 
=====================================
[1] TRUE
Running SuSiE.

=====================================
Tissue: Blood Vessel 
=====================================
[1] TRUE
Running SuSiE.

=====================================
Tissue: Brain 
=====================================
[1] TRUE
Running SuSiE.

=====================================
Tissue: Breast 
=====================================
[1] TRUE
Running SuSiE.

=====================================
Tissue: Colon 
=====================================
[1] TRUE
Running SuSiE.

=====================================
Tissue: Esophagus 
=====================================
[1] TRUE
Running SuSiE.

=====================================
Tissue: Heart 
=====================================
[1] TRUE
Running SuSiE.

=====================================
Tissue: Kidney 
=====================================
[1] TRUE
Running SuSiE.

=====================================
Tissue: Liver 
=====================================
[1] TRUE
Running SuSiE.

=====================================
Tissue: Lung 
=====================================
[1] TRUE
Running SuSiE.

=====================================
Tissue: Muscle 
=====================================
[1] TRUE
Running SuSiE.

=====================================
Tissue: Nerve 
=====================================
[1] TRUE
Running SuSiE.

=====================================
Tissue: Ovary 
=====================================
[1] TRUE
Running SuSiE.

=====================================
Tissue: Pancreas 
=====================================
[1] TRUE
Running SuSiE.

=====================================
Tissue: Pituitary 
=====================================
[1] TRUE
Running SuSiE.

=====================================
Tissue: Prostate 
=====================================
[1] TRUE
Running SuSiE.

=====================================
Tissue: Salivary Gland 
=====================================
[1] TRUE
Running SuSiE.

=====================================
Tissue: Skin 
=====================================
[1] TRUE
Running SuSiE.

=====================================
Tissue: Small Intestine 
=====================================
[1] TRUE
Running SuSiE.

=====================================
Tissue: Spleen 
=====================================
[1] TRUE
Running SuSiE.

=====================================
Tissue: Stomach 
=====================================
[1] TRUE
Running SuSiE.

=====================================
Tissue: Testis 
=====================================
[1] TRUE
Running SuSiE.

=====================================
Tissue: Thyroid 
=====================================
[1] TRUE
Running SuSiE.

=====================================
Tissue: Uterus 
=====================================
[1] TRUE
Running SuSiE.

=====================================
Tissue: Vagina 
=====================================
[1] TRUE
Running SuSiE.
[2026-09-01 15:06:08] starting PHLDB2
Importing covariate data.
Importing gene expression data.
Found 27 tissues for gene PHLDB2 :
 [1] "Adipose Tissue"  "Adrenal Gland"   "Blood"           "Blood Vessel"   
 [5] "Brain"           "Breast"          "Colon"           "Esophagus"      
 [9] "Heart"           "Kidney"          "Liver"           "Lung"           
[13] "Muscle"          "Nerve"           "Ovary"           "Pancreas"       
[17] "Pituitary"       "Prostate"        "Salivary Gland"  "Skin"           
[21] "Small Intestine" "Spleen"          "Stomach"         "Testis"         
[25] "Thyroid"         "Uterus"          "Vagina"         
Extracting genotype data from PLINK file.
PLINK v2.0.0-a.7LM 64-bit Intel (11 Mar 2026)       cog-genomics.org/plink/2.0/
(C) 2005-2026 Shaun Purcell, Christopher Chang    GNU General Public License v3
Logging to /project2/mstephens/wdenault/susie_mix/temp_plink/plink_PHLDB2.log.
Options in effect:
  --bfile /project2/mstephens/gtex/GTEx_Analysis_2017-06-05_v8_WholeGenomeSeq_866Indiv
  --chr 3
  --export A
  --from-bp 111232497
  --maf 0
  --max-alleles 2
  --memory 8000
  --out /project2/mstephens/wdenault/susie_mix/temp_plink/plink_PHLDB2
  --rm-dup exclude-all
  --snps-only
  --threads 2
  --to-bp 112232497

Start time: Tue Sep  1 15:07:06 2026
63727 MiB RAM detected, ~38037 available; reserving 8000 MiB for main
workspace.
Using up to 2 compute threads.
866 samples (0 females, 0 males, 866 ambiguous; 866 founders) loaded from
/project2/mstephens/gtex/GTEx_Analysis_2017-06-05_v8_WholeGenomeSeq_866Indiv.fam.
67234533 variants in
/project2/mstephens/gtex/GTEx_Analysis_2017-06-05_v8_WholeGenomeSeq_866Indiv.bim;
63427992 excluded by --chr + --max-alleles + --snps-only, 3806541 remaining.
Note: No phenotype data present.
Note: Skipping --rm-dup since no duplicate IDs are present.
17742 variants remaining after main filters.
--export A pass 1/1: loading... 0%writing... 0%1%2%3%4%5%6%7%8%9%10%11%12%13%14%15%16%17%18%19%20%21%22%23%24%25%26%27%28%29%30%31%32%33%34%35%36%37%38%39%40%41%42%43%44%45%46%47%48%49%50%51%52%53%54%55%56%57%58%59%60%61%62%63%64%65%66%67%68%69%70%71%72%73%74%75%76%77%78%79%80%81%82%83%84%85%86%87%88%89%90%91%92%93%94%95%96%97%98%99% done.
--export A: /project2/mstephens/wdenault/susie_mix/temp_plink/plink_PHLDB2.raw
written.
End time: Tue Sep  1 15:07:11 2026
18 SNP(s) removed because HWE P < 1e-08 :
 [1] "chr3_111333514_A_G_b38_A" "chr3_111555676_C_G_b38_C"
 [3] "chr3_111555758_G_T_b38_G" "chr3_111555973_G_A_b38_G"
 [5] "chr3_111556013_G_A_b38_G" "chr3_111556067_T_A_b38_T"
 [7] "chr3_111556075_C_T_b38_C" "chr3_111556111_C_T_b38_C"
 [9] "chr3_111556112_A_G_b38_A" "chr3_111594610_T_C_b38_T"
[11] "chr3_111830296_A_G_b38_A" "chr3_111831473_C_G_b38_C"
[13] "chr3_111835381_T_C_b38_T" "chr3_111836094_A_G_b38_A"
[15] "chr3_111877222_C_G_b38_C" "chr3_112089263_C_T_b38_C"
[17] "chr3_112164501_A_G_b38_A" "chr3_112164507_G_T_b38_G"

=====================================
Tissue: Adipose Tissue 
=====================================
[1] TRUE
Running SuSiE.

=====================================
Tissue: Adrenal Gland 
=====================================
[1] TRUE
Running SuSiE.

=====================================
Tissue: Blood 
=====================================
[1] TRUE
Running SuSiE.

=====================================
Tissue: Blood Vessel 
=====================================
[1] TRUE
Running SuSiE.

=====================================
Tissue: Brain 
=====================================
[1] TRUE
Running SuSiE.

=====================================
Tissue: Breast 
=====================================
[1] TRUE
Running SuSiE.

=====================================
Tissue: Colon 
=====================================
[1] TRUE
Running SuSiE.

=====================================
Tissue: Esophagus 
=====================================
[1] TRUE
Running SuSiE.

=====================================
Tissue: Heart 
=====================================
[1] TRUE
Running SuSiE.

=====================================
Tissue: Kidney 
=====================================
[1] TRUE
Running SuSiE.

=====================================
Tissue: Liver 
=====================================
[1] TRUE
Running SuSiE.

=====================================
Tissue: Lung 
=====================================
[1] TRUE
Running SuSiE.

=====================================
Tissue: Muscle 
=====================================
[1] TRUE
Running SuSiE.

=====================================
Tissue: Nerve 
=====================================
[1] TRUE
Running SuSiE.

=====================================
Tissue: Ovary 
=====================================
[1] TRUE
Running SuSiE.

=====================================
Tissue: Pancreas 
=====================================
[1] TRUE
Running SuSiE.

=====================================
Tissue: Pituitary 
=====================================
[1] TRUE
Running SuSiE.

=====================================
Tissue: Prostate 
=====================================
[1] TRUE
Running SuSiE.

=====================================
Tissue: Salivary Gland 
=====================================
[1] TRUE
Running SuSiE.

=====================================
Tissue: Skin 
=====================================
[1] TRUE
Running SuSiE.

=====================================
Tissue: Small Intestine 
=====================================
[1] TRUE
Running SuSiE.

=====================================
Tissue: Spleen 
=====================================
[1] TRUE
Running SuSiE.

=====================================
Tissue: Stomach 
=====================================
[1] TRUE
Running SuSiE.

=====================================
Tissue: Testis 
=====================================
[1] TRUE
Running SuSiE.

=====================================
Tissue: Thyroid 
=====================================
[1] TRUE
Running SuSiE.

=====================================
Tissue: Uterus 
=====================================
[1] TRUE
Running SuSiE.

=====================================
Tissue: Vagina 
=====================================
[1] TRUE
Running SuSiE.
[2026-09-01 15:09:23] starting PHLDB3
Importing covariate data.
Importing gene expression data.
Found 27 tissues for gene PHLDB3 :
 [1] "Adipose Tissue"  "Adrenal Gland"   "Blood"           "Blood Vessel"   
 [5] "Brain"           "Breast"          "Colon"           "Esophagus"      
 [9] "Heart"           "Kidney"          "Liver"           "Lung"           
[13] "Muscle"          "Nerve"           "Ovary"           "Pancreas"       
[17] "Pituitary"       "Prostate"        "Salivary Gland"  "Skin"           
[21] "Small Intestine" "Spleen"          "Stomach"         "Testis"         
[25] "Thyroid"         "Uterus"          "Vagina"         
Extracting genotype data from PLINK file.
PLINK v2.0.0-a.7LM 64-bit Intel (11 Mar 2026)       cog-genomics.org/plink/2.0/
(C) 2005-2026 Shaun Purcell, Christopher Chang    GNU General Public License v3
Logging to /project2/mstephens/wdenault/susie_mix/temp_plink/plink_PHLDB3.log.
Options in effect:
  --bfile /project2/mstephens/gtex/GTEx_Analysis_2017-06-05_v8_WholeGenomeSeq_866Indiv
  --chr 19
  --export A
  --from-bp 43004935
  --maf 0
  --max-alleles 2
  --memory 8000
  --out /project2/mstephens/wdenault/susie_mix/temp_plink/plink_PHLDB3
  --rm-dup exclude-all
  --snps-only
  --threads 2
  --to-bp 44004935

Start time: Tue Sep  1 15:10:18 2026
63727 MiB RAM detected, ~37588 available; reserving 8000 MiB for main
workspace.
Using up to 2 compute threads.
866 samples (0 females, 0 males, 866 ambiguous; 866 founders) loaded from
/project2/mstephens/gtex/GTEx_Analysis_2017-06-05_v8_WholeGenomeSeq_866Indiv.fam.
67234533 variants in
/project2/mstephens/gtex/GTEx_Analysis_2017-06-05_v8_WholeGenomeSeq_866Indiv.bim;
65987829 excluded by --chr + --max-alleles + --snps-only, 1246704 remaining.
Note: No phenotype data present.
Note: Skipping --rm-dup since no duplicate IDs are present.
24134 variants remaining after main filters.
--export A pass 1/1: loading... 0%83% writing... 0%1%2%3%4%5%6%7%8%9%10%11%12%13%14%15%16%17%18%19%20%21%22%23%24%25%26%27%28%29%30%31%32%33%34%35%36%37%38%39%40%41%42%43%44%45%46%47%48%49%50%51%52%53%54%55%56%57%58%59%60%61%62%63%64%65%66%67%68%69%70%71%72%73%74%75%76%77%78%79%80%81%82%83%84%85%86%87%88%89%90%91%92%93%94%95%96%97%98%99% done.
--export A: /project2/mstephens/wdenault/susie_mix/temp_plink/plink_PHLDB3.raw
written.
End time: Tue Sep  1 15:10:23 2026
66 SNP(s) removed because HWE P < 1e-08 :
 [1] "chr19_43034724_A_C_b38_A" "chr19_43091646_T_G_b38_T"
 [3] "chr19_43091656_C_G_b38_C" "chr19_43091971_T_C_b38_T"
 [5] "chr19_43092009_A_T_b38_A" "chr19_43133313_T_C_b38_T"
 [7] "chr19_43133317_C_A_b38_C" "chr19_43133327_T_C_b38_T"
 [9] "chr19_43278360_C_G_b38_C" "chr19_43278390_A_G_b38_A"
[11] "chr19_43278392_G_A_b38_G" "chr19_43278400_G_A_b38_G"
[13] "chr19_43278455_G_A_b38_G" "chr19_43278502_T_C_b38_T"
[15] "chr19_43278515_T_C_b38_T" "chr19_43278517_A_G_b38_A"
[17] "chr19_43278520_C_T_b38_C" "chr19_43283202_A_C_b38_A"
[19] "chr19_43323751_G_A_b38_G" "chr19_43323793_G_A_b38_G"
[21] "chr19_43323824_T_A_b38_T" "chr19_43324001_G_A_b38_G"
[23] "chr19_43324530_G_A_b38_G" "chr19_43325066_G_A_b38_G"
[25] "chr19_43325134_T_C_b38_T" "chr19_43325154_G_A_b38_G"
[27] "chr19_43325748_G_A_b38_G" "chr19_43325804_A_G_b38_A"
[29] "chr19_43326547_G_A_b38_G" "chr19_43329085_G_A_b38_G"
[31] "chr19_43329309_T_A_b38_T" "chr19_43329328_A_G_b38_A"
[33] "chr19_43329334_A_G_b38_A" "chr19_43361347_T_C_b38_T"
[35] "chr19_43369672_C_T_b38_C" "chr19_43517424_G_A_b38_G"
[37] "chr19_43548396_A_G_b38_A" "chr19_43548433_A_G_b38_A"
[39] "chr19_43548738_C_T_b38_C" "chr19_43679425_C_T_b38_C"
[41] "chr19_43679442_G_A_b38_G" "chr19_43679450_T_C_b38_T"
[43] "chr19_43679451_G_A_b38_G" "chr19_43679453_C_T_b38_C"
[45] "chr19_43679547_T_C_b38_T" "chr19_43679576_G_A_b38_G"
[47] "chr19_43679619_T_A_b38_T" "chr19_43679624_G_T_b38_G"
[49] "chr19_43679648_A_C_b38_A" "chr19_43679686_A_G_b38_A"
[51] "chr19_43679734_T_A_b38_T" "chr19_43679928_A_C_b38_A"
[53] "chr19_43679941_T_A_b38_T" "chr19_43683425_A_G_b38_A"
[55] "chr19_43683850_C_G_b38_C" "chr19_43685008_C_T_b38_C"
[57] "chr19_43685134_A_T_b38_A" "chr19_43696515_C_A_b38_C"
[59] "chr19_43696660_C_T_b38_C" "chr19_43696776_G_C_b38_G"
[61] "chr19_43697015_C_T_b38_C" "chr19_43697160_C_T_b38_C"
[63] "chr19_43964420_T_C_b38_T" "chr19_43983737_A_G_b38_A"
[65] "chr19_43987709_C_A_b38_C" "chr19_44004362_T_A_b38_T"

=====================================
Tissue: Adipose Tissue 
=====================================
[1] TRUE
Running SuSiE.

=====================================
Tissue: Adrenal Gland 
=====================================
[1] TRUE
Running SuSiE.

=====================================
Tissue: Blood 
=====================================
[1] TRUE
Running SuSiE.

=====================================
Tissue: Blood Vessel 
=====================================
[1] TRUE
Running SuSiE.

=====================================
Tissue: Brain 
=====================================
[1] TRUE
Running SuSiE.

=====================================
Tissue: Breast 
=====================================
[1] TRUE
Running SuSiE.

=====================================
Tissue: Colon 
=====================================
[1] TRUE
Running SuSiE.

=====================================
Tissue: Esophagus 
=====================================
[1] TRUE
Running SuSiE.

=====================================
Tissue: Heart 
=====================================
[1] TRUE
Running SuSiE.

=====================================
Tissue: Kidney 
=====================================
[1] TRUE
Running SuSiE.

=====================================
Tissue: Liver 
=====================================
[1] TRUE
Running SuSiE.

=====================================
Tissue: Lung 
=====================================
[1] TRUE
Running SuSiE.

=====================================
Tissue: Muscle 
=====================================
[1] TRUE
Running SuSiE.

=====================================
Tissue: Nerve 
=====================================
[1] TRUE
Running SuSiE.

=====================================
Tissue: Ovary 
=====================================
[1] TRUE
Running SuSiE.

=====================================
Tissue: Pancreas 
=====================================
[1] TRUE
Running SuSiE.

=====================================
Tissue: Pituitary 
=====================================
[1] TRUE
Running SuSiE.

=====================================
Tissue: Prostate 
=====================================
[1] TRUE
Running SuSiE.

=====================================
Tissue: Salivary Gland 
=====================================
[1] TRUE
Running SuSiE.

=====================================
Tissue: Skin 
=====================================
[1] TRUE
Running SuSiE.

=====================================
Tissue: Small Intestine 
=====================================
[1] TRUE
Running SuSiE.

=====================================
Tissue: Spleen 
=====================================
[1] TRUE
Running SuSiE.

=====================================
Tissue: Stomach 
=====================================
[1] TRUE
Running SuSiE.

=====================================
Tissue: Testis 
=====================================
[1] TRUE
Running SuSiE.

=====================================
Tissue: Thyroid 
=====================================
[1] TRUE
Running SuSiE.

=====================================
Tissue: Uterus 
=====================================
[1] TRUE
Running SuSiE.

=====================================
Tissue: Vagina 
=====================================
[1] TRUE
Running SuSiE.
[2026-09-01 15:13:03] starting PHLPP1
Importing covariate data.
Importing gene expression data.
Found 27 tissues for gene PHLPP1 :
 [1] "Adipose Tissue"  "Adrenal Gland"   "Blood"           "Blood Vessel"   
 [5] "Brain"           "Breast"          "Colon"           "Esophagus"      
 [9] "Heart"           "Kidney"          "Liver"           "Lung"           
[13] "Muscle"          "Nerve"           "Ovary"           "Pancreas"       
[17] "Pituitary"       "Prostate"        "Salivary Gland"  "Skin"           
[21] "Small Intestine" "Spleen"          "Stomach"         "Testis"         
[25] "Thyroid"         "Uterus"          "Vagina"         
Extracting genotype data from PLINK file.
PLINK v2.0.0-a.7LM 64-bit Intel (11 Mar 2026)       cog-genomics.org/plink/2.0/
(C) 2005-2026 Shaun Purcell, Christopher Chang    GNU General Public License v3
Logging to /project2/mstephens/wdenault/susie_mix/temp_plink/plink_PHLPP1.log.
Options in effect:
  --bfile /project2/mstephens/gtex/GTEx_Analysis_2017-06-05_v8_WholeGenomeSeq_866Indiv
  --chr 18
  --export A
  --from-bp 62215541
  --maf 0
  --max-alleles 2
  --memory 8000
  --out /project2/mstephens/wdenault/susie_mix/temp_plink/plink_PHLPP1
  --rm-dup exclude-all
  --snps-only
  --threads 2
  --to-bp 63215541

Start time: Tue Sep  1 15:14:01 2026
63727 MiB RAM detected, ~41303 available; reserving 8000 MiB for main
workspace.
Using up to 2 compute threads.
866 samples (0 females, 0 males, 866 ambiguous; 866 founders) loaded from
/project2/mstephens/gtex/GTEx_Analysis_2017-06-05_v8_WholeGenomeSeq_866Indiv.fam.
67234533 variants in
/project2/mstephens/gtex/GTEx_Analysis_2017-06-05_v8_WholeGenomeSeq_866Indiv.bim;
65646325 excluded by --chr + --max-alleles + --snps-only, 1588208 remaining.
Note: No phenotype data present.
Note: Skipping --rm-dup since no duplicate IDs are present.
16508 variants remaining after main filters.
--export A pass 1/1: loading... 0%writing... 0%1%2%3%4%5%6%7%8%9%10%11%12%13%14%15%16%17%18%19%20%21%22%23%24%25%26%27%28%29%30%31%32%33%34%35%36%37%38%39%40%41%42%43%44%45%46%47%48%49%50%51%52%53%54%55%56%57%58%59%60%61%62%63%64%65%66%67%68%69%70%71%72%73%74%75%76%77%78%79%80%81%82%83%84%85%86%87%88%89%90%91%92%93%94%95%96%97%98%99% done.
--export A: /project2/mstephens/wdenault/susie_mix/temp_plink/plink_PHLPP1.raw
written.
End time: Tue Sep  1 15:14:06 2026
13 SNP(s) removed because HWE P < 1e-08 :
 [1] "chr18_62588134_T_C_b38_T" "chr18_62588390_T_C_b38_T"
 [3] "chr18_62588509_A_G_b38_A" "chr18_62600347_T_A_b38_T"
 [5] "chr18_62600700_G_T_b38_G" "chr18_63037229_G_C_b38_G"
 [7] "chr18_63052678_T_C_b38_T" "chr18_63054461_G_A_b38_G"
 [9] "chr18_63055096_A_G_b38_A" "chr18_63068480_A_T_b38_A"
[11] "chr18_63070839_C_T_b38_C" "chr18_63072531_G_A_b38_G"
[13] "chr18_63072578_C_G_b38_C"

=====================================
Tissue: Adipose Tissue 
=====================================
[1] TRUE
Running SuSiE.

=====================================
Tissue: Adrenal Gland 
=====================================
[1] TRUE
Running SuSiE.

=====================================
Tissue: Blood 
=====================================
[1] TRUE
Running SuSiE.

=====================================
Tissue: Blood Vessel 
=====================================
[1] TRUE
Running SuSiE.

=====================================
Tissue: Brain 
=====================================
[1] TRUE
Running SuSiE.

=====================================
Tissue: Breast 
=====================================
[1] TRUE
Running SuSiE.

=====================================
Tissue: Colon 
=====================================
[1] TRUE
Running SuSiE.

=====================================
Tissue: Esophagus 
=====================================
[1] TRUE
Running SuSiE.

=====================================
Tissue: Heart 
=====================================
[1] TRUE
Running SuSiE.

=====================================
Tissue: Kidney 
=====================================
[1] TRUE
Running SuSiE.

=====================================
Tissue: Liver 
=====================================
[1] TRUE
Running SuSiE.

=====================================
Tissue: Lung 
=====================================
[1] TRUE
Running SuSiE.

=====================================
Tissue: Muscle 
=====================================
[1] TRUE
Running SuSiE.

=====================================
Tissue: Nerve 
=====================================
[1] TRUE
Running SuSiE.

=====================================
Tissue: Ovary 
=====================================
[1] TRUE
Running SuSiE.

=====================================
Tissue: Pancreas 
=====================================
[1] TRUE
Running SuSiE.

=====================================
Tissue: Pituitary 
=====================================
[1] TRUE
Running SuSiE.

=====================================
Tissue: Prostate 
=====================================
[1] TRUE
Running SuSiE.

=====================================
Tissue: Salivary Gland 
=====================================
[1] TRUE
Running SuSiE.

=====================================
Tissue: Skin 
=====================================
[1] TRUE
Running SuSiE.

=====================================
Tissue: Small Intestine 
=====================================
[1] TRUE
Running SuSiE.

=====================================
Tissue: Spleen 
=====================================
[1] TRUE
Running SuSiE.

=====================================
Tissue: Stomach 
=====================================
[1] TRUE
Running SuSiE.

=====================================
Tissue: Testis 
=====================================
[1] TRUE
Running SuSiE.

=====================================
Tissue: Thyroid 
=====================================
[1] TRUE
Running SuSiE.

=====================================
Tissue: Uterus 
=====================================
[1] TRUE
Running SuSiE.

=====================================
Tissue: Vagina 
=====================================
[1] TRUE
Running SuSiE.
[2026-09-01 15:15:47] starting PHLPP2
Importing covariate data.
Importing gene expression data.
Found 27 tissues for gene PHLPP2 :
 [1] "Adipose Tissue"  "Adrenal Gland"   "Blood"           "Blood Vessel"   
 [5] "Brain"           "Breast"          "Colon"           "Esophagus"      
 [9] "Heart"           "Kidney"          "Liver"           "Lung"           
[13] "Muscle"          "Nerve"           "Ovary"           "Pancreas"       
[17] "Pituitary"       "Prostate"        "Salivary Gland"  "Skin"           
[21] "Small Intestine" "Spleen"          "Stomach"         "Testis"         
[25] "Thyroid"         "Uterus"          "Vagina"         
Extracting genotype data from PLINK file.
PLINK v2.0.0-a.7LM 64-bit Intel (11 Mar 2026)       cog-genomics.org/plink/2.0/
(C) 2005-2026 Shaun Purcell, Christopher Chang    GNU General Public License v3
Logging to /project2/mstephens/wdenault/susie_mix/temp_plink/plink_PHLPP2.log.
Options in effect:
  --bfile /project2/mstephens/gtex/GTEx_Analysis_2017-06-05_v8_WholeGenomeSeq_866Indiv
  --chr 16
  --export A
  --from-bp 71224701
  --maf 0
  --max-alleles 2
  --memory 8000
  --out /project2/mstephens/wdenault/susie_mix/temp_plink/plink_PHLPP2
  --rm-dup exclude-all
  --snps-only
  --threads 2
  --to-bp 72224701

Start time: Tue Sep  1 15:16:42 2026
63727 MiB RAM detected, ~38524 available; reserving 8000 MiB for main
workspace.
Using up to 2 compute threads.
866 samples (0 females, 0 males, 866 ambiguous; 866 founders) loaded from
/project2/mstephens/gtex/GTEx_Analysis_2017-06-05_v8_WholeGenomeSeq_866Indiv.fam.
67234533 variants in
/project2/mstephens/gtex/GTEx_Analysis_2017-06-05_v8_WholeGenomeSeq_866Indiv.bim;
65423567 excluded by --chr + --max-alleles + --snps-only, 1810966 remaining.
Note: No phenotype data present.
Note: Skipping --rm-dup since no duplicate IDs are present.
17712 variants remaining after main filters.
--export A pass 1/1: loading... 0%writing... 0%1%2%3%4%5%6%7%8%9%10%11%12%13%14%15%16%17%18%19%20%21%22%23%24%25%26%27%28%29%30%31%32%33%34%35%36%37%38%39%40%41%42%43%44%45%46%47%48%49%50%51%52%53%54%55%56%57%58%59%60%61%62%63%64%65%66%67%68%69%70%71%72%73%74%75%76%77%78%79%80%81%82%83%84%85%86%87%88%89%90%91%92%93%94%95%96%97%98%99% done.
--export A: /project2/mstephens/wdenault/susie_mix/temp_plink/plink_PHLPP2.raw
written.
End time: Tue Sep  1 15:16:47 2026
3 SNP(s) removed because HWE P < 1e-08 :
[1] "chr16_71494296_T_C_b38_T" "chr16_71601936_C_A_b38_C"
[3] "chr16_72054753_C_T_b38_C"

=====================================
Tissue: Adipose Tissue 
=====================================
[1] TRUE
Running SuSiE.

=====================================
Tissue: Adrenal Gland 
=====================================
[1] TRUE
Running SuSiE.

=====================================
Tissue: Blood 
=====================================
[1] TRUE
Running SuSiE.

=====================================
Tissue: Blood Vessel 
=====================================
[1] TRUE
Running SuSiE.

=====================================
Tissue: Brain 
=====================================
[1] TRUE
Running SuSiE.

=====================================
Tissue: Breast 
=====================================
[1] TRUE
Running SuSiE.

=====================================
Tissue: Colon 
=====================================
[1] TRUE
Running SuSiE.

=====================================
Tissue: Esophagus 
=====================================
[1] TRUE
Running SuSiE.

=====================================
Tissue: Heart 
=====================================
[1] TRUE
Running SuSiE.

=====================================
Tissue: Kidney 
=====================================
[1] TRUE
Running SuSiE.

=====================================
Tissue: Liver 
=====================================
[1] TRUE
Running SuSiE.

=====================================
Tissue: Lung 
=====================================
[1] TRUE
Running SuSiE.

=====================================
Tissue: Muscle 
=====================================
[1] TRUE
Running SuSiE.

=====================================
Tissue: Nerve 
=====================================
[1] TRUE
Running SuSiE.

=====================================
Tissue: Ovary 
=====================================
[1] TRUE
Running SuSiE.

=====================================
Tissue: Pancreas 
=====================================
[1] TRUE
Running SuSiE.

=====================================
Tissue: Pituitary 
=====================================
[1] TRUE
Running SuSiE.

=====================================
Tissue: Prostate 
=====================================
[1] TRUE
Running SuSiE.

=====================================
Tissue: Salivary Gland 
=====================================
[1] TRUE
Running SuSiE.

=====================================
Tissue: Skin 
=====================================
[1] TRUE
Running SuSiE.

=====================================
Tissue: Small Intestine 
=====================================
[1] TRUE
Running SuSiE.

=====================================
Tissue: Spleen 
=====================================
[1] TRUE
Running SuSiE.

=====================================
Tissue: Stomach 
=====================================
[1] TRUE
Running SuSiE.

=====================================
Tissue: Testis 
=====================================
[1] TRUE
Running SuSiE.

=====================================
Tissue: Thyroid 
=====================================
[1] TRUE
Running SuSiE.

=====================================
Tissue: Uterus 
=====================================
[1] TRUE
Running SuSiE.

=====================================
Tissue: Vagina 
=====================================
[1] TRUE
Running SuSiE.
[2026-09-01 15:18:33] starting PHOSPHO1
Importing covariate data.
Importing gene expression data.
Found 27 tissues for gene PHOSPHO1 :
 [1] "Adipose Tissue"  "Adrenal Gland"   "Blood"           "Blood Vessel"   
 [5] "Brain"           "Breast"          "Colon"           "Esophagus"      
 [9] "Heart"           "Kidney"          "Liver"           "Lung"           
[13] "Muscle"          "Nerve"           "Ovary"           "Pancreas"       
[17] "Pituitary"       "Prostate"        "Salivary Gland"  "Skin"           
[21] "Small Intestine" "Spleen"          "Stomach"         "Testis"         
[25] "Thyroid"         "Uterus"          "Vagina"         
Extracting genotype data from PLINK file.
PLINK v2.0.0-a.7LM 64-bit Intel (11 Mar 2026)       cog-genomics.org/plink/2.0/
(C) 2005-2026 Shaun Purcell, Christopher Chang    GNU General Public License v3
Logging to /project2/mstephens/wdenault/susie_mix/temp_plink/plink_PHOSPHO1.log.
Options in effect:
  --bfile /project2/mstephens/gtex/GTEx_Analysis_2017-06-05_v8_WholeGenomeSeq_866Indiv
  --chr 17
  --export A
  --from-bp 48730787
  --maf 0
  --max-alleles 2
  --memory 8000
  --out /project2/mstephens/wdenault/susie_mix/temp_plink/plink_PHOSPHO1
  --rm-dup exclude-all
  --snps-only
  --threads 2
  --to-bp 49730787

Start time: Tue Sep  1 15:19:26 2026
63727 MiB RAM detected, ~38527 available; reserving 8000 MiB for main
workspace.
Using up to 2 compute threads.
866 samples (0 females, 0 males, 866 ambiguous; 866 founders) loaded from
/project2/mstephens/gtex/GTEx_Analysis_2017-06-05_v8_WholeGenomeSeq_866Indiv.fam.
67234533 variants in
/project2/mstephens/gtex/GTEx_Analysis_2017-06-05_v8_WholeGenomeSeq_866Indiv.bim;
65601655 excluded by --chr + --max-alleles + --snps-only, 1632878 remaining.
Note: No phenotype data present.
Note: Skipping --rm-dup since no duplicate IDs are present.
17779 variants remaining after main filters.
--export A pass 1/1: loading... 0%writing... 0%1%2%3%4%5%6%7%8%9%10%11%12%13%14%15%16%17%18%19%20%21%22%23%24%25%26%27%28%29%30%31%32%33%34%35%36%37%38%39%40%41%42%43%44%45%46%47%48%49%50%51%52%53%54%55%56%57%58%59%60%61%62%63%64%65%66%67%68%69%70%71%72%73%74%75%76%77%78%79%80%81%82%83%84%85%86%87%88%89%90%91%92%93%94%95%96%97%98%99% done.
--export A:
/project2/mstephens/wdenault/susie_mix/temp_plink/plink_PHOSPHO1.raw written.
End time: Tue Sep  1 15:19:31 2026
24 SNP(s) removed because HWE P < 1e-08 :
 [1] "chr17_48959542_G_C_b38_G" "chr17_49150319_T_G_b38_T"
 [3] "chr17_49409322_T_C_b38_T" "chr17_49419949_C_T_b38_C"
 [5] "chr17_49428866_A_G_b38_A" "chr17_49434097_G_A_b38_G"
 [7] "chr17_49434320_T_C_b38_T" "chr17_49434511_T_C_b38_T"
 [9] "chr17_49435402_G_C_b38_G" "chr17_49435629_T_C_b38_T"
[11] "chr17_49481845_T_C_b38_T" "chr17_49482709_C_G_b38_C"
[13] "chr17_49526956_A_G_b38_A" "chr17_49556832_C_A_b38_C"
[15] "chr17_49561455_A_G_b38_A" "chr17_49562022_C_T_b38_C"
[17] "chr17_49562077_G_A_b38_G" "chr17_49563514_C_T_b38_C"
[19] "chr17_49564970_C_T_b38_C" "chr17_49565009_G_A_b38_G"
[21] "chr17_49565080_C_T_b38_C" "chr17_49565801_G_A_b38_G"
[23] "chr17_49565873_A_T_b38_A" "chr17_49565976_T_A_b38_T"

=====================================
Tissue: Adipose Tissue 
=====================================
[1] TRUE
Running SuSiE.

=====================================
Tissue: Adrenal Gland 
=====================================
[1] TRUE
Running SuSiE.

=====================================
Tissue: Blood 
=====================================
[1] TRUE
Running SuSiE.

=====================================
Tissue: Blood Vessel 
=====================================
[1] TRUE
Running SuSiE.

=====================================
Tissue: Brain 
=====================================
[1] TRUE
Running SuSiE.

=====================================
Tissue: Breast 
=====================================
[1] TRUE
Running SuSiE.

=====================================
Tissue: Colon 
=====================================
[1] TRUE
Running SuSiE.

=====================================
Tissue: Esophagus 
=====================================
[1] TRUE
Running SuSiE.

=====================================
Tissue: Heart 
=====================================
[1] TRUE
Running SuSiE.

=====================================
Tissue: Kidney 
=====================================
[1] TRUE
Running SuSiE.

=====================================
Tissue: Liver 
=====================================
[1] TRUE
Running SuSiE.

=====================================
Tissue: Lung 
=====================================
[1] TRUE
Running SuSiE.

=====================================
Tissue: Muscle 
=====================================
[1] TRUE
Running SuSiE.

=====================================
Tissue: Nerve 
=====================================
[1] TRUE
Running SuSiE.

=====================================
Tissue: Ovary 
=====================================
[1] TRUE
Running SuSiE.

=====================================
Tissue: Pancreas 
=====================================
[1] TRUE
Running SuSiE.

=====================================
Tissue: Pituitary 
=====================================
[1] TRUE
Running SuSiE.

=====================================
Tissue: Prostate 
=====================================
[1] TRUE
Running SuSiE.

=====================================
Tissue: Salivary Gland 
=====================================
[1] TRUE
Running SuSiE.

=====================================
Tissue: Skin 
=====================================
[1] TRUE
Running SuSiE.

=====================================
Tissue: Small Intestine 
=====================================
[1] TRUE
Running SuSiE.

=====================================
Tissue: Spleen 
=====================================
[1] TRUE
Running SuSiE.

=====================================
Tissue: Stomach 
=====================================
[1] TRUE
Running SuSiE.

=====================================
Tissue: Testis 
=====================================
[1] TRUE
Running SuSiE.

=====================================
Tissue: Thyroid 
=====================================
[1] TRUE
Running SuSiE.

=====================================
Tissue: Uterus 
=====================================
[1] TRUE
Running SuSiE.

=====================================
Tissue: Vagina 
=====================================
[1] TRUE
Running SuSiE.
Chunk 116 done.
Finished chunk 116 at Tue Sep  1 15:21:03 CDT 2026
