Starting simulation job 98 at Mon Sep 21 07:25:45 CDT 2026
49 SNP(s) removed because HWE P < 1e-08 :
 [1] "chr19_17666011_C_T_b38_C" "chr19_17666078_T_C_b38_T"
 [3] "chr19_17847808_C_T_b38_C" "chr19_17847968_T_C_b38_T"
 [5] "chr19_17901200_G_T_b38_G" "chr19_17908396_T_C_b38_T"
 [7] "chr19_17924720_G_T_b38_G" "chr19_17928630_T_C_b38_T"
 [9] "chr19_18036796_G_A_b38_G" "chr19_18037080_A_T_b38_A"
[11] "chr19_18037381_T_C_b38_T" "chr19_18037783_T_C_b38_T"
[13] "chr19_18039165_G_A_b38_G" "chr19_18039479_C_T_b38_C"
[15] "chr19_18039995_T_C_b38_T" "chr19_18040092_T_C_b38_T"
[17] "chr19_18040429_G_T_b38_G" "chr19_18040432_G_T_b38_G"
[19] "chr19_18042127_C_T_b38_C" "chr19_18042885_A_G_b38_A"
[21] "chr19_18043992_G_C_b38_G" "chr19_18044231_C_G_b38_C"
[23] "chr19_18044266_G_C_b38_G" "chr19_18251693_G_C_b38_G"
[25] "chr19_18260387_C_T_b38_C" "chr19_18262150_C_G_b38_C"
[27] "chr19_18265699_G_A_b38_G" "chr19_18265970_T_C_b38_T"
[29] "chr19_18267871_C_A_b38_C" "chr19_18534577_G_T_b38_G"
[31] "chr19_18538886_T_C_b38_T" "chr19_18540306_T_G_b38_T"
[33] "chr19_18540973_C_T_b38_C" "chr19_18540991_T_C_b38_T"
[35] "chr19_18543111_T_C_b38_T" "chr19_18550018_G_A_b38_G"
[37] "chr19_18553131_A_C_b38_A" "chr19_18557829_C_G_b38_C"
[39] "chr19_18560927_G_A_b38_G" "chr19_18563385_C_T_b38_C"
[41] "chr19_18568541_C_T_b38_C" "chr19_18569056_C_T_b38_C"
[43] "chr19_18570725_T_C_b38_T" "chr19_18575471_A_G_b38_A"
[45] "chr19_18578778_C_G_b38_C" "chr19_18579514_C_T_b38_C"
[47] "chr19_18580475_A_G_b38_A" "chr19_18581056_C_A_b38_C"
[49] "chr19_18585174_T_A_b38_T"
10 SNP(s) removed because HWE P < 1e-08 :
 [1] "chr10_69715958_T_G_b38_T" "chr10_69728964_C_T_b38_C"
 [3] "chr10_69859241_C_T_b38_C" "chr10_69859244_G_T_b38_G"
 [5] "chr10_69859271_A_C_b38_A" "chr10_69859274_A_G_b38_A"
 [7] "chr10_69868846_G_T_b38_G" "chr10_69869017_A_G_b38_A"
 [9] "chr10_70201236_T_C_b38_T" "chr10_70311371_A_G_b38_A"
26 SNP(s) removed because HWE P < 1e-08 :
 [1] "chr4_48078519_A_C_b38_A" "chr4_48079528_T_C_b38_T"
 [3] "chr4_48085231_T_C_b38_T" "chr4_48085838_G_A_b38_G"
 [5] "chr4_48086052_C_T_b38_C" "chr4_48086429_A_G_b38_A"
 [7] "chr4_48450863_T_C_b38_T" "chr4_48451209_C_T_b38_C"
 [9] "chr4_48452709_A_G_b38_A" "chr4_48711359_T_C_b38_T"
[11] "chr4_48711393_C_T_b38_C" "chr4_48711401_C_A_b38_C"
[13] "chr4_48711410_A_G_b38_A" "chr4_48711421_A_C_b38_A"
[15] "chr4_48711432_G_C_b38_G" "chr4_48711433_G_A_b38_G"
[17] "chr4_48711441_A_C_b38_A" "chr4_48711445_C_T_b38_C"
[19] "chr4_48711447_G_A_b38_G" "chr4_48711466_C_T_b38_C"
[21] "chr4_48711467_A_T_b38_A" "chr4_48711470_G_A_b38_G"
[23] "chr4_48711609_C_T_b38_C" "chr4_48711661_A_G_b38_A"
[25] "chr4_48711678_T_A_b38_T" "chr4_48711716_T_C_b38_T"
101 SNP(s) removed because HWE P < 1e-08 :
  [1] "chr19_43964420_T_C_b38_T" "chr19_43983737_A_G_b38_A"
  [3] "chr19_43987709_C_A_b38_C" "chr19_44004362_T_A_b38_T"
  [5] "chr19_44094303_T_G_b38_T" "chr19_44138290_A_G_b38_A"
  [7] "chr19_44138485_C_T_b38_C" "chr19_44139818_A_T_b38_A"
  [9] "chr19_44140900_G_A_b38_G" "chr19_44147066_G_A_b38_G"
 [11] "chr19_44149528_T_C_b38_T" "chr19_44150746_A_G_b38_A"
 [13] "chr19_44151980_T_A_b38_T" "chr19_44158290_G_A_b38_G"
 [15] "chr19_44160015_G_A_b38_G" "chr19_44160613_C_T_b38_C"
 [17] "chr19_44161824_C_A_b38_C" "chr19_44162551_G_A_b38_G"
 [19] "chr19_44166096_C_T_b38_C" "chr19_44166149_A_G_b38_A"
 [21] "chr19_44167766_C_G_b38_C" "chr19_44169781_G_A_b38_G"
 [23] "chr19_44172405_G_A_b38_G" "chr19_44173577_C_T_b38_C"
 [25] "chr19_44174753_T_C_b38_T" "chr19_44176336_G_A_b38_G"
 [27] "chr19_44178162_C_T_b38_C" "chr19_44181330_T_C_b38_T"
 [29] "chr19_44184136_G_A_b38_G" "chr19_44185611_G_T_b38_G"
 [31] "chr19_44187716_G_A_b38_G" "chr19_44188071_G_C_b38_G"
 [33] "chr19_44188862_G_A_b38_G" "chr19_44189355_G_A_b38_G"
 [35] "chr19_44192685_G_A_b38_G" "chr19_44192766_C_T_b38_C"
 [37] "chr19_44194196_G_C_b38_G" "chr19_44194789_A_G_b38_A"
 [39] "chr19_44194995_G_C_b38_G" "chr19_44196305_T_C_b38_T"
 [41] "chr19_44196522_C_T_b38_C" "chr19_44197068_T_C_b38_T"
 [43] "chr19_44198890_C_T_b38_C" "chr19_44200419_T_C_b38_T"
 [45] "chr19_44200600_C_T_b38_C" "chr19_44201103_T_A_b38_T"
 [47] "chr19_44202721_A_G_b38_A" "chr19_44203986_G_A_b38_G"
 [49] "chr19_44204087_G_A_b38_G" "chr19_44206514_G_A_b38_G"
 [51] "chr19_44207058_T_C_b38_T" "chr19_44207360_C_G_b38_C"
 [53] "chr19_44207401_T_C_b38_T" "chr19_44208982_G_A_b38_G"
 [55] "chr19_44209744_A_G_b38_A" "chr19_44211155_G_A_b38_G"
 [57] "chr19_44217906_A_T_b38_A" "chr19_44220712_G_T_b38_G"
 [59] "chr19_44222084_G_A_b38_G" "chr19_44223058_T_G_b38_T"
 [61] "chr19_44226343_T_C_b38_T" "chr19_44226400_G_T_b38_G"
 [63] "chr19_44227069_T_A_b38_T" "chr19_44228000_G_A_b38_G"
 [65] "chr19_44228505_C_G_b38_C" "chr19_44228682_A_G_b38_A"
 [67] "chr19_44233896_T_A_b38_T" "chr19_44233910_C_T_b38_C"
 [69] "chr19_44234210_T_A_b38_T" "chr19_44236449_G_A_b38_G"
 [71] "chr19_44237082_G_T_b38_G" "chr19_44388171_T_A_b38_T"
 [73] "chr19_44388525_T_C_b38_T" "chr19_44388538_T_C_b38_T"
 [75] "chr19_44388833_T_A_b38_T" "chr19_44388834_G_A_b38_G"
 [77] "chr19_44388911_A_G_b38_A" "chr19_44389596_C_T_b38_C"
 [79] "chr19_44389623_T_C_b38_T" "chr19_44389670_C_T_b38_C"
 [81] "chr19_44389704_T_C_b38_T" "chr19_44389939_G_T_b38_G"
 [83] "chr19_44390001_A_G_b38_A" "chr19_44390327_G_C_b38_G"
 [85] "chr19_44390461_C_G_b38_C" "chr19_44391028_T_C_b38_T"
 [87] "chr19_44396891_T_C_b38_T" "chr19_44412140_A_G_b38_A"
 [89] "chr19_44412236_G_A_b38_G" "chr19_44412470_A_G_b38_A"
 [91] "chr19_44412638_C_T_b38_C" "chr19_44459110_T_G_b38_T"
 [93] "chr19_44459114_T_C_b38_T" "chr19_44461259_G_A_b38_G"
 [95] "chr19_44581573_T_C_b38_T" "chr19_44583087_C_T_b38_C"
 [97] "chr19_44670679_A_C_b38_A" "chr19_44673068_T_C_b38_T"
 [99] "chr19_44730855_A_G_b38_A" "chr19_44741295_C_T_b38_C"
[101] "chr19_44787220_T_C_b38_T"
13 SNP(s) removed because HWE P < 1e-08 :
 [1] "chr10_43277428_C_T_b38_C" "chr10_43277661_G_A_b38_G"
 [3] "chr10_43280778_C_A_b38_C" "chr10_43289458_G_C_b38_G"
 [5] "chr10_43290886_C_T_b38_C" "chr10_43291221_G_A_b38_G"
 [7] "chr10_43292723_T_A_b38_T" "chr10_43295517_G_A_b38_G"
 [9] "chr10_43297928_G_T_b38_G" "chr10_43314377_G_A_b38_G"
[11] "chr10_43317537_T_C_b38_T" "chr10_43348228_A_G_b38_A"
[13] "chr10_43545785_A_C_b38_A"
35 SNP(s) removed because HWE P < 1e-08 :
 [1] "chr19_57273266_T_C_b38_T" "chr19_57327519_A_G_b38_A"
 [3] "chr19_57491917_T_C_b38_T" "chr19_57504961_T_C_b38_T"
 [5] "chr19_57505106_T_C_b38_T" "chr19_57647375_A_G_b38_A"
 [7] "chr19_57751426_G_A_b38_G" "chr19_57752631_G_A_b38_G"
 [9] "chr19_57756063_T_A_b38_T" "chr19_57757586_A_G_b38_A"
[11] "chr19_57759386_G_A_b38_G" "chr19_57761218_G_A_b38_G"
[13] "chr19_57765534_C_T_b38_C" "chr19_57765603_G_A_b38_G"
[15] "chr19_57765790_A_G_b38_A" "chr19_57767658_G_A_b38_G"
[17] "chr19_57773705_A_C_b38_A" "chr19_57774165_G_C_b38_G"
[19] "chr19_57778641_T_C_b38_T" "chr19_57780194_T_C_b38_T"
[21] "chr19_57784589_G_C_b38_G" "chr19_57786842_C_T_b38_C"
[23] "chr19_57794774_G_T_b38_G" "chr19_57795906_G_T_b38_G"
[25] "chr19_57801085_C_T_b38_C" "chr19_57832804_G_A_b38_G"
[27] "chr19_57833145_A_G_b38_A" "chr19_57836417_G_A_b38_G"
[29] "chr19_57836420_T_C_b38_T" "chr19_57854293_C_A_b38_C"
[31] "chr19_57857091_T_C_b38_T" "chr19_57859289_C_A_b38_C"
[33] "chr19_57859376_G_A_b38_G" "chr19_57860225_G_C_b38_G"
[35] "chr19_57879659_G_A_b38_G"
10 SNP(s) removed because HWE P < 1e-08 :
 [1] "chr10_69715958_T_G_b38_T" "chr10_69728964_C_T_b38_C"
 [3] "chr10_69859241_C_T_b38_C" "chr10_69859244_G_T_b38_G"
 [5] "chr10_69859271_A_C_b38_A" "chr10_69859274_A_G_b38_A"
 [7] "chr10_69868846_G_T_b38_G" "chr10_69869017_A_G_b38_A"
 [9] "chr10_70201236_T_C_b38_T" "chr10_70311371_A_G_b38_A"
26 SNP(s) removed because HWE P < 1e-08 :
 [1] "chr4_48078519_A_C_b38_A" "chr4_48079528_T_C_b38_T"
 [3] "chr4_48085231_T_C_b38_T" "chr4_48085838_G_A_b38_G"
 [5] "chr4_48086052_C_T_b38_C" "chr4_48086429_A_G_b38_A"
 [7] "chr4_48450863_T_C_b38_T" "chr4_48451209_C_T_b38_C"
 [9] "chr4_48452709_A_G_b38_A" "chr4_48711359_T_C_b38_T"
[11] "chr4_48711393_C_T_b38_C" "chr4_48711401_C_A_b38_C"
[13] "chr4_48711410_A_G_b38_A" "chr4_48711421_A_C_b38_A"
[15] "chr4_48711432_G_C_b38_G" "chr4_48711433_G_A_b38_G"
[17] "chr4_48711441_A_C_b38_A" "chr4_48711445_C_T_b38_C"
[19] "chr4_48711447_G_A_b38_G" "chr4_48711466_C_T_b38_C"
[21] "chr4_48711467_A_T_b38_A" "chr4_48711470_G_A_b38_G"
[23] "chr4_48711609_C_T_b38_C" "chr4_48711661_A_G_b38_A"
[25] "chr4_48711678_T_A_b38_T" "chr4_48711716_T_C_b38_T"
101 SNP(s) removed because HWE P < 1e-08 :
  [1] "chr19_43964420_T_C_b38_T" "chr19_43983737_A_G_b38_A"
  [3] "chr19_43987709_C_A_b38_C" "chr19_44004362_T_A_b38_T"
  [5] "chr19_44094303_T_G_b38_T" "chr19_44138290_A_G_b38_A"
  [7] "chr19_44138485_C_T_b38_C" "chr19_44139818_A_T_b38_A"
  [9] "chr19_44140900_G_A_b38_G" "chr19_44147066_G_A_b38_G"
 [11] "chr19_44149528_T_C_b38_T" "chr19_44150746_A_G_b38_A"
 [13] "chr19_44151980_T_A_b38_T" "chr19_44158290_G_A_b38_G"
 [15] "chr19_44160015_G_A_b38_G" "chr19_44160613_C_T_b38_C"
 [17] "chr19_44161824_C_A_b38_C" "chr19_44162551_G_A_b38_G"
 [19] "chr19_44166096_C_T_b38_C" "chr19_44166149_A_G_b38_A"
 [21] "chr19_44167766_C_G_b38_C" "chr19_44169781_G_A_b38_G"
 [23] "chr19_44172405_G_A_b38_G" "chr19_44173577_C_T_b38_C"
 [25] "chr19_44174753_T_C_b38_T" "chr19_44176336_G_A_b38_G"
 [27] "chr19_44178162_C_T_b38_C" "chr19_44181330_T_C_b38_T"
 [29] "chr19_44184136_G_A_b38_G" "chr19_44185611_G_T_b38_G"
 [31] "chr19_44187716_G_A_b38_G" "chr19_44188071_G_C_b38_G"
 [33] "chr19_44188862_G_A_b38_G" "chr19_44189355_G_A_b38_G"
 [35] "chr19_44192685_G_A_b38_G" "chr19_44192766_C_T_b38_C"
 [37] "chr19_44194196_G_C_b38_G" "chr19_44194789_A_G_b38_A"
 [39] "chr19_44194995_G_C_b38_G" "chr19_44196305_T_C_b38_T"
 [41] "chr19_44196522_C_T_b38_C" "chr19_44197068_T_C_b38_T"
 [43] "chr19_44198890_C_T_b38_C" "chr19_44200419_T_C_b38_T"
 [45] "chr19_44200600_C_T_b38_C" "chr19_44201103_T_A_b38_T"
 [47] "chr19_44202721_A_G_b38_A" "chr19_44203986_G_A_b38_G"
 [49] "chr19_44204087_G_A_b38_G" "chr19_44206514_G_A_b38_G"
 [51] "chr19_44207058_T_C_b38_T" "chr19_44207360_C_G_b38_C"
 [53] "chr19_44207401_T_C_b38_T" "chr19_44208982_G_A_b38_G"
 [55] "chr19_44209744_A_G_b38_A" "chr19_44211155_G_A_b38_G"
 [57] "chr19_44217906_A_T_b38_A" "chr19_44220712_G_T_b38_G"
 [59] "chr19_44222084_G_A_b38_G" "chr19_44223058_T_G_b38_T"
 [61] "chr19_44226343_T_C_b38_T" "chr19_44226400_G_T_b38_G"
 [63] "chr19_44227069_T_A_b38_T" "chr19_44228000_G_A_b38_G"
 [65] "chr19_44228505_C_G_b38_C" "chr19_44228682_A_G_b38_A"
 [67] "chr19_44233896_T_A_b38_T" "chr19_44233910_C_T_b38_C"
 [69] "chr19_44234210_T_A_b38_T" "chr19_44236449_G_A_b38_G"
 [71] "chr19_44237082_G_T_b38_G" "chr19_44388171_T_A_b38_T"
 [73] "chr19_44388525_T_C_b38_T" "chr19_44388538_T_C_b38_T"
 [75] "chr19_44388833_T_A_b38_T" "chr19_44388834_G_A_b38_G"
 [77] "chr19_44388911_A_G_b38_A" "chr19_44389596_C_T_b38_C"
 [79] "chr19_44389623_T_C_b38_T" "chr19_44389670_C_T_b38_C"
 [81] "chr19_44389704_T_C_b38_T" "chr19_44389939_G_T_b38_G"
 [83] "chr19_44390001_A_G_b38_A" "chr19_44390327_G_C_b38_G"
 [85] "chr19_44390461_C_G_b38_C" "chr19_44391028_T_C_b38_T"
 [87] "chr19_44396891_T_C_b38_T" "chr19_44412140_A_G_b38_A"
 [89] "chr19_44412236_G_A_b38_G" "chr19_44412470_A_G_b38_A"
 [91] "chr19_44412638_C_T_b38_C" "chr19_44459110_T_G_b38_T"
 [93] "chr19_44459114_T_C_b38_T" "chr19_44461259_G_A_b38_G"
 [95] "chr19_44581573_T_C_b38_T" "chr19_44583087_C_T_b38_C"
 [97] "chr19_44670679_A_C_b38_A" "chr19_44673068_T_C_b38_T"
 [99] "chr19_44730855_A_G_b38_A" "chr19_44741295_C_T_b38_C"
[101] "chr19_44787220_T_C_b38_T"
34 SNP(s) removed because HWE P < 1e-08 :
 [1] "chr19_13602559_C_A_b38_C" "chr19_13613209_T_A_b38_T"
 [3] "chr19_13737646_A_G_b38_A" "chr19_13737650_C_T_b38_C"
 [5] "chr19_13737654_G_A_b38_G" "chr19_13737655_A_C_b38_A"
 [7] "chr19_13737656_G_A_b38_G" "chr19_13737658_G_A_b38_G"
 [9] "chr19_13912897_T_C_b38_T" "chr19_13914706_T_C_b38_T"
[11] "chr19_13915122_G_A_b38_G" "chr19_13915145_A_G_b38_A"
[13] "chr19_13915308_T_C_b38_T" "chr19_13919477_T_C_b38_T"
[15] "chr19_13919708_G_A_b38_G" "chr19_13921949_A_C_b38_A"
[17] "chr19_13925107_G_A_b38_G" "chr19_13925396_T_C_b38_T"
[19] "chr19_13926281_A_G_b38_A" "chr19_13959273_T_C_b38_T"
[21] "chr19_13959526_G_A_b38_G" "chr19_13984222_A_C_b38_A"
[23] "chr19_14018096_A_C_b38_A" "chr19_14019403_T_C_b38_T"
[25] "chr19_14021850_G_C_b38_G" "chr19_14023360_T_C_b38_T"
[27] "chr19_14057974_A_G_b38_A" "chr19_14264534_T_G_b38_T"
[29] "chr19_14375257_G_C_b38_G" "chr19_14384622_G_C_b38_G"
[31] "chr19_14396495_C_T_b38_C" "chr19_14396530_G_T_b38_G"
[33] "chr19_14396533_C_G_b38_C" "chr19_14554859_A_C_b38_A"
51 SNP(s) removed because HWE P < 1e-08 :
 [1] "chr19_50749708_G_C_b38_G" "chr19_50842031_A_G_b38_A"
 [3] "chr19_50896788_T_C_b38_T" "chr19_50897100_A_G_b38_A"
 [5] "chr19_50897145_C_T_b38_C" "chr19_50948431_C_T_b38_C"
 [7] "chr19_50957933_A_G_b38_A" "chr19_51083323_T_G_b38_T"
 [9] "chr19_51107599_A_G_b38_A" "chr19_51107741_T_G_b38_T"
[11] "chr19_51108006_G_A_b38_G" "chr19_51116302_T_C_b38_T"
[13] "chr19_51120922_T_G_b38_T" "chr19_51121015_T_G_b38_T"
[15] "chr19_51121279_T_C_b38_T" "chr19_51121832_A_C_b38_A"
[17] "chr19_51121942_T_C_b38_T" "chr19_51122379_A_G_b38_A"
[19] "chr19_51122568_A_G_b38_A" "chr19_51122642_G_C_b38_G"
[21] "chr19_51123685_A_G_b38_A" "chr19_51136723_A_G_b38_A"
[23] "chr19_51172375_T_C_b38_T" "chr19_51173311_A_G_b38_A"
[25] "chr19_51173876_T_C_b38_T" "chr19_51184134_C_T_b38_C"
[27] "chr19_51201503_A_G_b38_A" "chr19_51208344_T_C_b38_T"
[29] "chr19_51208365_C_T_b38_C" "chr19_51212754_T_C_b38_T"
[31] "chr19_51235665_T_C_b38_T" "chr19_51251278_A_C_b38_A"
[33] "chr19_51280161_A_G_b38_A" "chr19_51280387_C_T_b38_C"
[35] "chr19_51281207_G_A_b38_G" "chr19_51282770_C_G_b38_C"
[37] "chr19_51283428_T_C_b38_T" "chr19_51284112_C_T_b38_C"
[39] "chr19_51284184_A_C_b38_A" "chr19_51285176_C_A_b38_C"
[41] "chr19_51285861_G_A_b38_G" "chr19_51287738_T_C_b38_T"
[43] "chr19_51290510_A_C_b38_A" "chr19_51291857_T_G_b38_T"
[45] "chr19_51293045_T_C_b38_T" "chr19_51298175_C_T_b38_C"
[47] "chr19_51358092_C_G_b38_C" "chr19_51447917_C_T_b38_C"
[49] "chr19_51447928_A_G_b38_A" "chr19_51448049_T_G_b38_T"
[51] "chr19_51457686_A_G_b38_A"
74 SNP(s) removed because HWE P < 1e-08 :
 [1] "chr21_31920396_G_A_b38_G" "chr21_31935565_G_C_b38_G"
 [3] "chr21_31935580_T_G_b38_T" "chr21_32134286_A_T_b38_A"
 [5] "chr21_32238948_G_A_b38_G" "chr21_32250914_C_T_b38_C"
 [7] "chr21_32311415_A_C_b38_A" "chr21_32410343_C_T_b38_C"
 [9] "chr21_32432979_G_A_b38_G" "chr21_32432987_A_C_b38_A"
[11] "chr21_32432995_G_A_b38_G" "chr21_32433065_T_A_b38_T"
[13] "chr21_32433084_C_T_b38_C" "chr21_32433553_G_A_b38_G"
[15] "chr21_32433554_C_G_b38_C" "chr21_32433562_T_C_b38_T"
[17] "chr21_32433629_A_G_b38_A" "chr21_32433656_G_A_b38_G"
[19] "chr21_32433663_A_T_b38_A" "chr21_32434706_A_G_b38_A"
[21] "chr21_32434713_T_C_b38_T" "chr21_32434721_A_C_b38_A"
[23] "chr21_32434746_A_C_b38_A" "chr21_32434842_G_A_b38_G"
[25] "chr21_32434867_C_T_b38_C" "chr21_32434878_G_A_b38_G"
[27] "chr21_32434919_T_G_b38_T" "chr21_32434927_C_T_b38_C"
[29] "chr21_32434967_T_G_b38_T" "chr21_32434971_T_C_b38_T"
[31] "chr21_32434992_T_C_b38_T" "chr21_32435003_T_G_b38_T"
[33] "chr21_32435004_T_C_b38_T" "chr21_32435117_A_G_b38_A"
[35] "chr21_32435125_T_C_b38_T" "chr21_32435126_G_C_b38_G"
[37] "chr21_32435133_C_A_b38_C" "chr21_32435360_C_T_b38_C"
[39] "chr21_32435400_A_G_b38_A" "chr21_32435408_T_C_b38_T"
[41] "chr21_32435414_A_G_b38_A" "chr21_32435436_C_T_b38_C"
[43] "chr21_32435462_C_T_b38_C" "chr21_32435661_G_C_b38_G"
[45] "chr21_32435666_T_G_b38_T" "chr21_32435667_A_G_b38_A"
[47] "chr21_32435716_C_T_b38_C" "chr21_32435721_G_A_b38_G"
[49] "chr21_32435728_T_C_b38_T" "chr21_32435763_C_T_b38_C"
[51] "chr21_32435766_A_C_b38_A" "chr21_32435898_C_T_b38_C"
[53] "chr21_32435949_T_A_b38_T" "chr21_32435990_T_A_b38_T"
[55] "chr21_32436019_G_A_b38_G" "chr21_32436447_T_A_b38_T"
[57] "chr21_32436465_A_C_b38_A" "chr21_32436477_T_A_b38_T"
[59] "chr21_32436484_T_C_b38_T" "chr21_32436539_G_A_b38_G"
[61] "chr21_32436627_G_A_b38_G" "chr21_32436628_G_A_b38_G"
[63] "chr21_32436637_A_G_b38_A" "chr21_32436702_C_T_b38_C"
[65] "chr21_32436736_G_A_b38_G" "chr21_32436746_A_G_b38_A"
[67] "chr21_32437187_G_C_b38_G" "chr21_32437224_A_G_b38_A"
[69] "chr21_32437249_C_A_b38_C" "chr21_32437250_G_A_b38_G"
[71] "chr21_32437258_C_G_b38_C" "chr21_32621877_A_T_b38_A"
[73] "chr21_32660622_A_G_b38_A" "chr21_32660624_C_T_b38_C"
3 SNP(s) removed because HWE P < 1e-08 :
[1] "chr1_18627204_A_C_b38_A" "chr1_18627212_G_C_b38_G"
[3] "chr1_18627216_A_C_b38_A"
35 SNP(s) removed because HWE P < 1e-08 :
 [1] "chr19_57273266_T_C_b38_T" "chr19_57327519_A_G_b38_A"
 [3] "chr19_57491917_T_C_b38_T" "chr19_57504961_T_C_b38_T"
 [5] "chr19_57505106_T_C_b38_T" "chr19_57647375_A_G_b38_A"
 [7] "chr19_57751426_G_A_b38_G" "chr19_57752631_G_A_b38_G"
 [9] "chr19_57756063_T_A_b38_T" "chr19_57757586_A_G_b38_A"
[11] "chr19_57759386_G_A_b38_G" "chr19_57761218_G_A_b38_G"
[13] "chr19_57765534_C_T_b38_C" "chr19_57765603_G_A_b38_G"
[15] "chr19_57765790_A_G_b38_A" "chr19_57767658_G_A_b38_G"
[17] "chr19_57773705_A_C_b38_A" "chr19_57774165_G_C_b38_G"
[19] "chr19_57778641_T_C_b38_T" "chr19_57780194_T_C_b38_T"
[21] "chr19_57784589_G_C_b38_G" "chr19_57786842_C_T_b38_C"
[23] "chr19_57794774_G_T_b38_G" "chr19_57795906_G_T_b38_G"
[25] "chr19_57801085_C_T_b38_C" "chr19_57832804_G_A_b38_G"
[27] "chr19_57833145_A_G_b38_A" "chr19_57836417_G_A_b38_G"
[29] "chr19_57836420_T_C_b38_T" "chr19_57854293_C_A_b38_C"
[31] "chr19_57857091_T_C_b38_T" "chr19_57859289_C_A_b38_C"
[33] "chr19_57859376_G_A_b38_G" "chr19_57860225_G_C_b38_G"
[35] "chr19_57879659_G_A_b38_G"
6 SNP(s) removed because HWE P < 1e-08 :
[1] "chr17_28439190_A_C_b38_A" "chr17_28439714_T_C_b38_T"
[3] "chr17_28441937_G_A_b38_G" "chr17_28452019_C_T_b38_C"
[5] "chr17_28452207_C_G_b38_C" "chr17_28459762_C_A_b38_C"
10 SNP(s) removed because HWE P < 1e-08 :
 [1] "chr18_9015888_A_G_b38_A" "chr18_9016491_C_T_b38_C"
 [3] "chr18_9023581_C_T_b38_C" "chr18_9031976_C_T_b38_C"
 [5] "chr18_9032148_G_T_b38_G" "chr18_9536317_C_A_b38_C"
 [7] "chr18_9727364_T_A_b38_T" "chr18_9792627_C_G_b38_C"
 [9] "chr18_9812469_A_G_b38_A" "chr18_9812472_C_T_b38_C"
69 SNP(s) removed because HWE P < 1e-08 :
 [1] "chr8_81253423_T_C_b38_T" "chr8_81281143_C_T_b38_C"
 [3] "chr8_81289273_A_T_b38_A" "chr8_81297255_A_G_b38_A"
 [5] "chr8_81299436_C_T_b38_C" "chr8_81300344_T_C_b38_T"
 [7] "chr8_81325559_T_C_b38_T" "chr8_81327049_C_G_b38_C"
 [9] "chr8_81327156_T_G_b38_T" "chr8_81327252_A_G_b38_A"
[11] "chr8_81327333_T_C_b38_T" "chr8_81327394_A_G_b38_A"
[13] "chr8_81328362_A_G_b38_A" "chr8_81328531_C_A_b38_C"
[15] "chr8_81329064_T_A_b38_T" "chr8_81329094_T_G_b38_T"
[17] "chr8_81329957_C_T_b38_C" "chr8_81330786_A_G_b38_A"
[19] "chr8_81330873_T_C_b38_T" "chr8_81331043_A_C_b38_A"
[21] "chr8_81331131_T_C_b38_T" "chr8_81331608_C_T_b38_C"
[23] "chr8_81331614_C_T_b38_C" "chr8_81331709_T_G_b38_T"
[25] "chr8_81331864_A_G_b38_A" "chr8_81331877_C_T_b38_C"
[27] "chr8_81332098_G_A_b38_G" "chr8_81332283_A_G_b38_A"
[29] "chr8_81332524_C_T_b38_C" "chr8_81332904_A_T_b38_A"
[31] "chr8_81332906_C_T_b38_C" "chr8_81333125_G_A_b38_G"
[33] "chr8_81333194_G_T_b38_G" "chr8_81333216_T_C_b38_T"
[35] "chr8_81333791_C_T_b38_C" "chr8_81334313_T_C_b38_T"
[37] "chr8_81335686_A_G_b38_A" "chr8_81336303_C_T_b38_C"
[39] "chr8_81464464_C_T_b38_C" "chr8_81468508_A_T_b38_A"
[41] "chr8_81468888_A_G_b38_A" "chr8_81469332_T_C_b38_T"
[43] "chr8_81469415_G_A_b38_G" "chr8_81470506_G_A_b38_G"
[45] "chr8_81470621_C_T_b38_C" "chr8_81471159_T_G_b38_T"
[47] "chr8_81514819_A_C_b38_A" "chr8_81515555_C_T_b38_C"
[49] "chr8_81518769_T_C_b38_T" "chr8_81527961_G_T_b38_G"
[51] "chr8_81900677_A_T_b38_A" "chr8_81900680_C_T_b38_C"
[53] "chr8_81900761_G_T_b38_G" "chr8_81900762_G_A_b38_G"
[55] "chr8_81900773_G_A_b38_G" "chr8_81900776_G_T_b38_G"
[57] "chr8_81900779_T_C_b38_T" "chr8_81900782_C_T_b38_C"
[59] "chr8_81900783_T_C_b38_T" "chr8_81900784_G_A_b38_G"
[61] "chr8_81900789_T_C_b38_T" "chr8_81900796_C_G_b38_C"
[63] "chr8_81900800_G_C_b38_G" "chr8_82127185_G_A_b38_G"
[65] "chr8_82127192_C_G_b38_C" "chr8_82129772_G_C_b38_G"
[67] "chr8_82130336_C_T_b38_C" "chr8_82136891_C_T_b38_C"
[69] "chr8_82137774_C_G_b38_C"
49 SNP(s) removed because HWE P < 1e-08 :
 [1] "chr4_81555693_T_G_b38_T" "chr4_81613429_T_C_b38_T"
 [3] "chr4_81623770_C_A_b38_C" "chr4_81623775_A_G_b38_A"
 [5] "chr4_81624113_G_A_b38_G" "chr4_81625583_A_C_b38_A"
 [7] "chr4_81629096_C_G_b38_C" "chr4_81631684_T_G_b38_T"
 [9] "chr4_81631994_T_C_b38_T" "chr4_81636274_A_G_b38_A"
[11] "chr4_81639982_A_G_b38_A" "chr4_81718112_A_G_b38_A"
[13] "chr4_81720501_A_C_b38_A" "chr4_81720601_T_C_b38_T"
[15] "chr4_81721019_T_C_b38_T" "chr4_81901526_A_G_b38_A"
[17] "chr4_82064546_T_A_b38_T" "chr4_82086322_C_T_b38_C"
[19] "chr4_82086976_A_C_b38_A" "chr4_82087127_C_G_b38_C"
[21] "chr4_82088296_G_C_b38_G" "chr4_82089580_A_G_b38_A"
[23] "chr4_82090959_T_A_b38_T" "chr4_82094937_T_A_b38_T"
[25] "chr4_82095986_C_A_b38_C" "chr4_82096317_G_A_b38_G"
[27] "chr4_82112842_C_T_b38_C" "chr4_82112847_C_T_b38_C"
[29] "chr4_82112852_A_G_b38_A" "chr4_82112895_C_T_b38_C"
[31] "chr4_82112932_C_A_b38_C" "chr4_82181002_G_T_b38_G"
[33] "chr4_82181032_C_G_b38_C" "chr4_82181052_A_C_b38_A"
[35] "chr4_82181135_G_T_b38_G" "chr4_82181142_C_T_b38_C"
[37] "chr4_82181143_A_G_b38_A" "chr4_82181156_T_C_b38_T"
[39] "chr4_82301105_C_A_b38_C" "chr4_82322024_A_T_b38_A"
[41] "chr4_82324709_T_C_b38_T" "chr4_82325390_C_G_b38_C"
[43] "chr4_82330399_G_C_b38_G" "chr4_82334034_G_A_b38_G"
[45] "chr4_82335067_A_G_b38_A" "chr4_82336781_T_C_b38_T"
[47] "chr4_82363396_G_A_b38_G" "chr4_82404695_G_T_b38_G"
[49] "chr4_82500583_G_A_b38_G"
74 SNP(s) removed because HWE P < 1e-08 :
 [1] "chr21_31920396_G_A_b38_G" "chr21_31935565_G_C_b38_G"
 [3] "chr21_31935580_T_G_b38_T" "chr21_32134286_A_T_b38_A"
 [5] "chr21_32238948_G_A_b38_G" "chr21_32250914_C_T_b38_C"
 [7] "chr21_32311415_A_C_b38_A" "chr21_32410343_C_T_b38_C"
 [9] "chr21_32432979_G_A_b38_G" "chr21_32432987_A_C_b38_A"
[11] "chr21_32432995_G_A_b38_G" "chr21_32433065_T_A_b38_T"
[13] "chr21_32433084_C_T_b38_C" "chr21_32433553_G_A_b38_G"
[15] "chr21_32433554_C_G_b38_C" "chr21_32433562_T_C_b38_T"
[17] "chr21_32433629_A_G_b38_A" "chr21_32433656_G_A_b38_G"
[19] "chr21_32433663_A_T_b38_A" "chr21_32434706_A_G_b38_A"
[21] "chr21_32434713_T_C_b38_T" "chr21_32434721_A_C_b38_A"
[23] "chr21_32434746_A_C_b38_A" "chr21_32434842_G_A_b38_G"
[25] "chr21_32434867_C_T_b38_C" "chr21_32434878_G_A_b38_G"
[27] "chr21_32434919_T_G_b38_T" "chr21_32434927_C_T_b38_C"
[29] "chr21_32434967_T_G_b38_T" "chr21_32434971_T_C_b38_T"
[31] "chr21_32434992_T_C_b38_T" "chr21_32435003_T_G_b38_T"
[33] "chr21_32435004_T_C_b38_T" "chr21_32435117_A_G_b38_A"
[35] "chr21_32435125_T_C_b38_T" "chr21_32435126_G_C_b38_G"
[37] "chr21_32435133_C_A_b38_C" "chr21_32435360_C_T_b38_C"
[39] "chr21_32435400_A_G_b38_A" "chr21_32435408_T_C_b38_T"
[41] "chr21_32435414_A_G_b38_A" "chr21_32435436_C_T_b38_C"
[43] "chr21_32435462_C_T_b38_C" "chr21_32435661_G_C_b38_G"
[45] "chr21_32435666_T_G_b38_T" "chr21_32435667_A_G_b38_A"
[47] "chr21_32435716_C_T_b38_C" "chr21_32435721_G_A_b38_G"
[49] "chr21_32435728_T_C_b38_T" "chr21_32435763_C_T_b38_C"
[51] "chr21_32435766_A_C_b38_A" "chr21_32435898_C_T_b38_C"
[53] "chr21_32435949_T_A_b38_T" "chr21_32435990_T_A_b38_T"
[55] "chr21_32436019_G_A_b38_G" "chr21_32436447_T_A_b38_T"
[57] "chr21_32436465_A_C_b38_A" "chr21_32436477_T_A_b38_T"
[59] "chr21_32436484_T_C_b38_T" "chr21_32436539_G_A_b38_G"
[61] "chr21_32436627_G_A_b38_G" "chr21_32436628_G_A_b38_G"
[63] "chr21_32436637_A_G_b38_A" "chr21_32436702_C_T_b38_C"
[65] "chr21_32436736_G_A_b38_G" "chr21_32436746_A_G_b38_A"
[67] "chr21_32437187_G_C_b38_G" "chr21_32437224_A_G_b38_A"
[69] "chr21_32437249_C_A_b38_C" "chr21_32437250_G_A_b38_G"
[71] "chr21_32437258_C_G_b38_C" "chr21_32621877_A_T_b38_A"
[73] "chr21_32660622_A_G_b38_A" "chr21_32660624_C_T_b38_C"
6 SNP(s) removed because HWE P < 1e-08 :
[1] "chr13_29549344_C_T_b38_C" "chr13_29949626_G_C_b38_G"
[3] "chr13_30062346_T_C_b38_T" "chr13_30062379_G_C_b38_G"
[5] "chr13_30121793_C_T_b38_C" "chr13_30160356_C_T_b38_C"
6 SNP(s) removed because HWE P < 1e-08 :
[1] "chr13_29549344_C_T_b38_C" "chr13_29949626_G_C_b38_G"
[3] "chr13_30062346_T_C_b38_T" "chr13_30062379_G_C_b38_G"
[5] "chr13_30121793_C_T_b38_C" "chr13_30160356_C_T_b38_C"
7 SNP(s) removed because HWE P < 1e-08 :
[1] "chr12_110178829_C_A_b38_C" "chr12_110178834_T_C_b38_T"
[3] "chr12_110178836_G_C_b38_G" "chr12_110178837_G_A_b38_G"
[5] "chr12_110570931_A_C_b38_A" "chr12_110571043_G_T_b38_G"
[7] "chr12_110891656_G_A_b38_G"
21 SNP(s) removed because HWE P < 1e-08 :
 [1] "chr9_37013537_C_T_b38_C" "chr9_37016671_T_C_b38_T"
 [3] "chr9_37016724_G_T_b38_G" "chr9_37017658_G_A_b38_G"
 [5] "chr9_37017669_A_G_b38_A" "chr9_37017797_T_C_b38_T"
 [7] "chr9_37018952_G_A_b38_G" "chr9_37020364_G_A_b38_G"
 [9] "chr9_37031526_T_C_b38_T" "chr9_37031879_G_A_b38_G"
[11] "chr9_37033696_A_G_b38_A" "chr9_37036419_C_A_b38_C"
[13] "chr9_37037320_G_C_b38_G" "chr9_37037838_G_A_b38_G"
[15] "chr9_37037962_G_C_b38_G" "chr9_37038261_G_T_b38_G"
[17] "chr9_37419562_A_T_b38_A" "chr9_37622382_C_G_b38_C"
[19] "chr9_37622470_G_A_b38_G" "chr9_37633381_T_C_b38_T"
[21] "chr9_37685445_T_C_b38_T"
3 SNP(s) removed because HWE P < 1e-08 :
[1] "chr5_159923315_C_A_b38_C" "chr5_159923448_G_T_b38_G"
[3] "chr5_159923760_C_T_b38_C"
10 SNP(s) removed because HWE P < 1e-08 :
 [1] "chr13_27916471_A_T_b38_A" "chr13_28029258_G_C_b38_G"
 [3] "chr13_28032094_G_A_b38_G" "chr13_28033412_C_T_b38_C"
 [5] "chr13_28040224_G_A_b38_G" "chr13_28070868_C_T_b38_C"
 [7] "chr13_28306098_T_C_b38_T" "chr13_28307921_A_G_b38_A"
 [9] "chr13_28314001_G_A_b38_G" "chr13_28319733_C_G_b38_C"
82 SNP(s) removed because HWE P < 1e-08 :
 [1] "chr19_52439481_C_T_b38_C" "chr19_52446066_A_G_b38_A"
 [3] "chr19_52446988_C_T_b38_C" "chr19_52447911_G_C_b38_G"
 [5] "chr19_52453680_C_G_b38_C" "chr19_52453825_T_G_b38_T"
 [7] "chr19_52455960_G_A_b38_G" "chr19_52460173_A_G_b38_A"
 [9] "chr19_52466824_T_C_b38_T" "chr19_52471990_C_A_b38_C"
[11] "chr19_52473128_G_A_b38_G" "chr19_52474838_G_T_b38_G"
[13] "chr19_52476954_C_T_b38_C" "chr19_52477143_C_T_b38_C"
[15] "chr19_52478828_T_C_b38_T" "chr19_52480010_T_C_b38_T"
[17] "chr19_52539013_G_C_b38_G" "chr19_52539119_G_A_b38_G"
[19] "chr19_52546186_C_T_b38_C" "chr19_52631829_G_A_b38_G"
[21] "chr19_52631840_C_T_b38_C" "chr19_52689828_T_G_b38_T"
[23] "chr19_52689883_G_A_b38_G" "chr19_52690061_C_T_b38_C"
[25] "chr19_52690065_G_A_b38_G" "chr19_52690075_T_C_b38_T"
[27] "chr19_52690076_C_T_b38_C" "chr19_52773201_T_C_b38_T"
[29] "chr19_52773202_G_A_b38_G" "chr19_52773224_T_C_b38_T"
[31] "chr19_52773251_A_G_b38_A" "chr19_52776999_A_T_b38_A"
[33] "chr19_52777009_G_A_b38_G" "chr19_52855752_T_C_b38_T"
[35] "chr19_52855864_T_C_b38_T" "chr19_52856080_T_C_b38_T"
[37] "chr19_52915302_A_G_b38_A" "chr19_52915358_A_G_b38_A"
[39] "chr19_52915392_A_G_b38_A" "chr19_52915963_T_C_b38_T"
[41] "chr19_52915971_C_A_b38_C" "chr19_52915981_C_T_b38_C"
[43] "chr19_52915991_A_T_b38_A" "chr19_52916002_C_T_b38_C"
[45] "chr19_52916003_A_G_b38_A" "chr19_52916006_T_C_b38_T"
[47] "chr19_52916016_C_T_b38_C" "chr19_52916020_C_T_b38_C"
[49] "chr19_52916026_G_A_b38_G" "chr19_52916036_T_C_b38_T"
[51] "chr19_52916037_G_A_b38_G" "chr19_52916070_C_T_b38_C"
[53] "chr19_52916071_A_G_b38_A" "chr19_52916087_A_C_b38_A"
[55] "chr19_52978646_G_C_b38_G" "chr19_52978751_T_C_b38_T"
[57] "chr19_52978774_C_T_b38_C" "chr19_52978785_C_A_b38_C"
[59] "chr19_52978800_C_T_b38_C" "chr19_52978819_G_A_b38_G"
[61] "chr19_52978828_C_T_b38_C" "chr19_53004046_C_G_b38_C"
[63] "chr19_53004961_C_A_b38_C" "chr19_53005259_G_T_b38_G"
[65] "chr19_53005357_C_T_b38_C" "chr19_53096495_G_A_b38_G"
[67] "chr19_53098483_C_G_b38_C" "chr19_53098504_A_G_b38_A"
[69] "chr19_53098521_G_T_b38_G" "chr19_53098545_G_A_b38_G"
[71] "chr19_53098674_A_G_b38_A" "chr19_53098803_C_T_b38_C"
[73] "chr19_53099173_G_A_b38_G" "chr19_53099177_C_T_b38_C"
[75] "chr19_53099181_G_A_b38_G" "chr19_53099188_C_G_b38_C"
[77] "chr19_53126336_G_A_b38_G" "chr19_53128312_A_G_b38_A"
[79] "chr19_53128329_G_T_b38_G" "chr19_53128341_T_C_b38_T"
[81] "chr19_53128345_C_T_b38_C" "chr19_53128954_C_T_b38_C"
22 SNP(s) removed because HWE P < 1e-08 :
 [1] "chr1_162353041_G_C_b38_G" "chr1_162353047_A_C_b38_A"
 [3] "chr1_162477576_G_A_b38_G" "chr1_162481393_G_A_b38_G"
 [5] "chr1_162483630_C_T_b38_C" "chr1_162701799_T_C_b38_T"
 [7] "chr1_162704548_G_A_b38_G" "chr1_162705250_T_C_b38_T"
 [9] "chr1_162706401_C_T_b38_C" "chr1_162710700_T_C_b38_T"
[11] "chr1_162714569_T_C_b38_T" "chr1_162722878_C_G_b38_C"
[13] "chr1_162733892_A_G_b38_A" "chr1_162742199_A_T_b38_A"
[15] "chr1_162742900_G_A_b38_G" "chr1_162743999_G_A_b38_G"
[17] "chr1_162744207_T_C_b38_T" "chr1_162752426_G_A_b38_G"
[19] "chr1_162763446_G_A_b38_G" "chr1_162798738_C_G_b38_C"
[21] "chr1_162803606_G_A_b38_G" "chr1_162909861_T_C_b38_T"
69 SNP(s) removed because HWE P < 1e-08 :
 [1] "chr8_81253423_T_C_b38_T" "chr8_81281143_C_T_b38_C"
 [3] "chr8_81289273_A_T_b38_A" "chr8_81297255_A_G_b38_A"
 [5] "chr8_81299436_C_T_b38_C" "chr8_81300344_T_C_b38_T"
 [7] "chr8_81325559_T_C_b38_T" "chr8_81327049_C_G_b38_C"
 [9] "chr8_81327156_T_G_b38_T" "chr8_81327252_A_G_b38_A"
[11] "chr8_81327333_T_C_b38_T" "chr8_81327394_A_G_b38_A"
[13] "chr8_81328362_A_G_b38_A" "chr8_81328531_C_A_b38_C"
[15] "chr8_81329064_T_A_b38_T" "chr8_81329094_T_G_b38_T"
[17] "chr8_81329957_C_T_b38_C" "chr8_81330786_A_G_b38_A"
[19] "chr8_81330873_T_C_b38_T" "chr8_81331043_A_C_b38_A"
[21] "chr8_81331131_T_C_b38_T" "chr8_81331608_C_T_b38_C"
[23] "chr8_81331614_C_T_b38_C" "chr8_81331709_T_G_b38_T"
[25] "chr8_81331864_A_G_b38_A" "chr8_81331877_C_T_b38_C"
[27] "chr8_81332098_G_A_b38_G" "chr8_81332283_A_G_b38_A"
[29] "chr8_81332524_C_T_b38_C" "chr8_81332904_A_T_b38_A"
[31] "chr8_81332906_C_T_b38_C" "chr8_81333125_G_A_b38_G"
[33] "chr8_81333194_G_T_b38_G" "chr8_81333216_T_C_b38_T"
[35] "chr8_81333791_C_T_b38_C" "chr8_81334313_T_C_b38_T"
[37] "chr8_81335686_A_G_b38_A" "chr8_81336303_C_T_b38_C"
[39] "chr8_81464464_C_T_b38_C" "chr8_81468508_A_T_b38_A"
[41] "chr8_81468888_A_G_b38_A" "chr8_81469332_T_C_b38_T"
[43] "chr8_81469415_G_A_b38_G" "chr8_81470506_G_A_b38_G"
[45] "chr8_81470621_C_T_b38_C" "chr8_81471159_T_G_b38_T"
[47] "chr8_81514819_A_C_b38_A" "chr8_81515555_C_T_b38_C"
[49] "chr8_81518769_T_C_b38_T" "chr8_81527961_G_T_b38_G"
[51] "chr8_81900677_A_T_b38_A" "chr8_81900680_C_T_b38_C"
[53] "chr8_81900761_G_T_b38_G" "chr8_81900762_G_A_b38_G"
[55] "chr8_81900773_G_A_b38_G" "chr8_81900776_G_T_b38_G"
[57] "chr8_81900779_T_C_b38_T" "chr8_81900782_C_T_b38_C"
[59] "chr8_81900783_T_C_b38_T" "chr8_81900784_G_A_b38_G"
[61] "chr8_81900789_T_C_b38_T" "chr8_81900796_C_G_b38_C"
[63] "chr8_81900800_G_C_b38_G" "chr8_82127185_G_A_b38_G"
[65] "chr8_82127192_C_G_b38_C" "chr8_82129772_G_C_b38_G"
[67] "chr8_82130336_C_T_b38_C" "chr8_82136891_C_T_b38_C"
[69] "chr8_82137774_C_G_b38_C"
86 SNP(s) removed because HWE P < 1e-08 :
 [1] "chr11_12602581_C_A_b38_C" "chr11_12624958_C_A_b38_C"
 [3] "chr11_12709357_A_C_b38_A" "chr11_12711743_G_T_b38_G"
 [5] "chr11_12712147_G_A_b38_G" "chr11_12714195_C_T_b38_C"
 [7] "chr11_12714879_C_G_b38_C" "chr11_12715017_G_A_b38_G"
 [9] "chr11_12715147_C_T_b38_C" "chr11_12715325_A_G_b38_A"
[11] "chr11_12715946_C_T_b38_C" "chr11_12715993_T_C_b38_T"
[13] "chr11_12717103_G_A_b38_G" "chr11_12717141_C_A_b38_C"
[15] "chr11_12722267_A_G_b38_A" "chr11_12722492_G_A_b38_G"
[17] "chr11_12722623_A_G_b38_A" "chr11_12725406_G_A_b38_G"
[19] "chr11_12726375_G_A_b38_G" "chr11_12730213_C_A_b38_C"
[21] "chr11_12731602_A_G_b38_A" "chr11_12750963_G_C_b38_G"
[23] "chr11_12757747_T_C_b38_T" "chr11_12757888_G_T_b38_G"
[25] "chr11_12758617_C_T_b38_C" "chr11_12758709_T_C_b38_T"
[27] "chr11_12759469_G_A_b38_G" "chr11_12775522_G_C_b38_G"
[29] "chr11_12781165_A_G_b38_A" "chr11_12797262_G_A_b38_G"
[31] "chr11_12801705_T_G_b38_T" "chr11_12806545_C_T_b38_C"
[33] "chr11_12810221_C_T_b38_C" "chr11_12820345_A_C_b38_A"
[35] "chr11_12959220_G_C_b38_G" "chr11_13145421_T_C_b38_T"
[37] "chr11_13159063_A_T_b38_A" "chr11_13160043_T_C_b38_T"
[39] "chr11_13161191_T_G_b38_T" "chr11_13162034_C_T_b38_C"
[41] "chr11_13163679_G_A_b38_G" "chr11_13167486_A_G_b38_A"
[43] "chr11_13167824_C_G_b38_C" "chr11_13168039_T_G_b38_T"
[45] "chr11_13168424_A_T_b38_A" "chr11_13168751_C_A_b38_C"
[47] "chr11_13168868_C_G_b38_C" "chr11_13170516_C_T_b38_C"
[49] "chr11_13171300_T_A_b38_T" "chr11_13171711_G_C_b38_G"
[51] "chr11_13172324_A_C_b38_A" "chr11_13172527_T_C_b38_T"
[53] "chr11_13172742_G_A_b38_G" "chr11_13173008_G_A_b38_G"
[55] "chr11_13173311_A_C_b38_A" "chr11_13173332_G_A_b38_G"
[57] "chr11_13173916_G_A_b38_G" "chr11_13174617_C_T_b38_C"
[59] "chr11_13174658_A_G_b38_A" "chr11_13175460_G_T_b38_G"
[61] "chr11_13175491_T_C_b38_T" "chr11_13176427_A_G_b38_A"
[63] "chr11_13176535_G_A_b38_G" "chr11_13176583_C_T_b38_C"
[65] "chr11_13177356_T_C_b38_T" "chr11_13178288_C_T_b38_C"
[67] "chr11_13178878_C_T_b38_C" "chr11_13179392_C_G_b38_C"
[69] "chr11_13179991_G_A_b38_G" "chr11_13180396_T_C_b38_T"
[71] "chr11_13181122_C_T_b38_C" "chr11_13181132_T_A_b38_T"
[73] "chr11_13181163_T_G_b38_T" "chr11_13181254_G_A_b38_G"
[75] "chr11_13181293_C_T_b38_C" "chr11_13181360_G_A_b38_G"
[77] "chr11_13181664_A_G_b38_A" "chr11_13182114_G_A_b38_G"
[79] "chr11_13182203_G_A_b38_G" "chr11_13182610_C_T_b38_C"
[81] "chr11_13182823_T_C_b38_T" "chr11_13183287_G_A_b38_G"
[83] "chr11_13184213_G_A_b38_G" "chr11_13301971_T_C_b38_T"
[85] "chr11_13316281_G_A_b38_G" "chr11_13395112_C_G_b38_C"
39 SNP(s) removed because HWE P < 1e-08 :
 [1] "chr5_134280265_A_G_b38_A" "chr5_134311489_A_G_b38_A"
 [3] "chr5_134344803_T_C_b38_T" "chr5_134394764_G_A_b38_G"
 [5] "chr5_134997805_T_C_b38_T" "chr5_134998058_A_G_b38_A"
 [7] "chr5_134998059_C_G_b38_C" "chr5_134998121_T_C_b38_T"
 [9] "chr5_134998122_A_G_b38_A" "chr5_134998278_C_T_b38_C"
[11] "chr5_134998295_A_C_b38_A" "chr5_134998431_A_C_b38_A"
[13] "chr5_134999114_T_C_b38_T" "chr5_134999185_G_T_b38_G"
[15] "chr5_134999195_C_G_b38_C" "chr5_134999341_A_G_b38_A"
[17] "chr5_134999893_T_C_b38_T" "chr5_135000087_G_A_b38_G"
[19] "chr5_135000200_A_C_b38_A" "chr5_135000223_A_G_b38_A"
[21] "chr5_135002362_G_T_b38_G" "chr5_135002496_T_C_b38_T"
[23] "chr5_135002697_T_C_b38_T" "chr5_135003534_A_G_b38_A"
[25] "chr5_135004316_T_C_b38_T" "chr5_135005119_G_A_b38_G"
[27] "chr5_135005569_T_C_b38_T" "chr5_135006787_G_A_b38_G"
[29] "chr5_135008076_T_G_b38_T" "chr5_135012884_C_G_b38_C"
[31] "chr5_135013324_C_T_b38_C" "chr5_135020690_G_A_b38_G"
[33] "chr5_135021680_A_T_b38_A" "chr5_135031850_A_G_b38_A"
[35] "chr5_135036297_T_C_b38_T" "chr5_135082162_G_A_b38_G"
[37] "chr5_135082413_G_A_b38_G" "chr5_135082951_G_A_b38_G"
[39] "chr5_135083366_C_T_b38_C"
49 SNP(s) removed because HWE P < 1e-08 :
 [1] "chr4_81555693_T_G_b38_T" "chr4_81613429_T_C_b38_T"
 [3] "chr4_81623770_C_A_b38_C" "chr4_81623775_A_G_b38_A"
 [5] "chr4_81624113_G_A_b38_G" "chr4_81625583_A_C_b38_A"
 [7] "chr4_81629096_C_G_b38_C" "chr4_81631684_T_G_b38_T"
 [9] "chr4_81631994_T_C_b38_T" "chr4_81636274_A_G_b38_A"
[11] "chr4_81639982_A_G_b38_A" "chr4_81718112_A_G_b38_A"
[13] "chr4_81720501_A_C_b38_A" "chr4_81720601_T_C_b38_T"
[15] "chr4_81721019_T_C_b38_T" "chr4_81901526_A_G_b38_A"
[17] "chr4_82064546_T_A_b38_T" "chr4_82086322_C_T_b38_C"
[19] "chr4_82086976_A_C_b38_A" "chr4_82087127_C_G_b38_C"
[21] "chr4_82088296_G_C_b38_G" "chr4_82089580_A_G_b38_A"
[23] "chr4_82090959_T_A_b38_T" "chr4_82094937_T_A_b38_T"
[25] "chr4_82095986_C_A_b38_C" "chr4_82096317_G_A_b38_G"
[27] "chr4_82112842_C_T_b38_C" "chr4_82112847_C_T_b38_C"
[29] "chr4_82112852_A_G_b38_A" "chr4_82112895_C_T_b38_C"
[31] "chr4_82112932_C_A_b38_C" "chr4_82181002_G_T_b38_G"
[33] "chr4_82181032_C_G_b38_C" "chr4_82181052_A_C_b38_A"
[35] "chr4_82181135_G_T_b38_G" "chr4_82181142_C_T_b38_C"
[37] "chr4_82181143_A_G_b38_A" "chr4_82181156_T_C_b38_T"
[39] "chr4_82301105_C_A_b38_C" "chr4_82322024_A_T_b38_A"
[41] "chr4_82324709_T_C_b38_T" "chr4_82325390_C_G_b38_C"
[43] "chr4_82330399_G_C_b38_G" "chr4_82334034_G_A_b38_G"
[45] "chr4_82335067_A_G_b38_A" "chr4_82336781_T_C_b38_T"
[47] "chr4_82363396_G_A_b38_G" "chr4_82404695_G_T_b38_G"
[49] "chr4_82500583_G_A_b38_G"
6 SNP(s) removed because HWE P < 1e-08 :
[1] "chr17_28439190_A_C_b38_A" "chr17_28439714_T_C_b38_T"
[3] "chr17_28441937_G_A_b38_G" "chr17_28452019_C_T_b38_C"
[5] "chr17_28452207_C_G_b38_C" "chr17_28459762_C_A_b38_C"
7 SNP(s) removed because HWE P < 1e-08 :
[1] "chr2_98810969_A_T_b38_A" "chr2_99082099_C_T_b38_C"
[3] "chr2_99082121_A_C_b38_A" "chr2_99564818_G_A_b38_G"
[5] "chr2_99567023_A_G_b38_A" "chr2_99567029_A_G_b38_A"
[7] "chr2_99568076_T_C_b38_T"
6 SNP(s) removed because HWE P < 1e-08 :
[1] "chr13_29549344_C_T_b38_C" "chr13_29949626_G_C_b38_G"
[3] "chr13_30062346_T_C_b38_T" "chr13_30062379_G_C_b38_G"
[5] "chr13_30121793_C_T_b38_C" "chr13_30160356_C_T_b38_C"
56 SNP(s) removed because HWE P < 1e-08 :
 [1] "chr2_234571796_G_C_b38_G" "chr2_234679043_G_T_b38_G"
 [3] "chr2_234679188_T_C_b38_T" "chr2_234758936_C_T_b38_C"
 [5] "chr2_234758982_T_C_b38_T" "chr2_234760203_A_G_b38_A"
 [7] "chr2_234760375_C_T_b38_C" "chr2_234888396_A_G_b38_A"
 [9] "chr2_234888758_T_C_b38_T" "chr2_234894832_A_C_b38_A"
[11] "chr2_234894910_G_A_b38_G" "chr2_234894973_T_C_b38_T"
[13] "chr2_234895017_A_G_b38_A" "chr2_234895077_T_C_b38_T"
[15] "chr2_234895138_G_A_b38_G" "chr2_234895180_T_G_b38_T"
[17] "chr2_234895243_G_C_b38_G" "chr2_234895404_A_G_b38_A"
[19] "chr2_234895495_A_G_b38_A" "chr2_234895594_G_T_b38_G"
[21] "chr2_234895605_G_A_b38_G" "chr2_234895717_A_C_b38_A"
[23] "chr2_234895726_G_A_b38_G" "chr2_234895744_C_T_b38_C"
[25] "chr2_234895756_C_A_b38_C" "chr2_234895848_T_A_b38_T"
[27] "chr2_234895974_C_T_b38_C" "chr2_234895996_G_A_b38_G"
[29] "chr2_234896107_C_G_b38_C" "chr2_234896219_G_C_b38_G"
[31] "chr2_234896302_G_C_b38_G" "chr2_234896331_A_G_b38_A"
[33] "chr2_235001953_C_T_b38_C" "chr2_235013109_C_A_b38_C"
[35] "chr2_235013502_C_T_b38_C" "chr2_235014147_A_G_b38_A"
[37] "chr2_235014329_G_T_b38_G" "chr2_235016380_G_A_b38_G"
[39] "chr2_235017019_T_C_b38_T" "chr2_235018342_C_T_b38_C"
[41] "chr2_235031472_C_T_b38_C" "chr2_235062147_T_G_b38_T"
[43] "chr2_235255566_C_A_b38_C" "chr2_235294463_A_G_b38_A"
[45] "chr2_235316147_T_C_b38_T" "chr2_235374434_A_G_b38_A"
[47] "chr2_235375213_T_C_b38_T" "chr2_235375341_T_C_b38_T"
[49] "chr2_235376857_G_A_b38_G" "chr2_235378897_A_T_b38_A"
[51] "chr2_235380311_G_A_b38_G" "chr2_235383464_G_A_b38_G"
[53] "chr2_235385818_T_C_b38_T" "chr2_235399509_A_G_b38_A"
[55] "chr2_235401021_T_A_b38_T" "chr2_235450334_T_C_b38_T"
82 SNP(s) removed because HWE P < 1e-08 :
 [1] "chr16_20741485_G_C_b38_G" "chr16_21220357_T_G_b38_T"
 [3] "chr16_21353901_C_T_b38_C" "chr16_21355084_G_A_b38_G"
 [5] "chr16_21400690_G_A_b38_G" "chr16_21408758_G_A_b38_G"
 [7] "chr16_21500248_A_G_b38_A" "chr16_21500648_G_A_b38_G"
 [9] "chr16_21501907_G_A_b38_G" "chr16_21502051_T_C_b38_T"
[11] "chr16_21502603_C_G_b38_C" "chr16_21506415_T_C_b38_T"
[13] "chr16_21511546_C_T_b38_C" "chr16_21511579_A_G_b38_A"
[15] "chr16_21511841_G_A_b38_G" "chr16_21511962_A_G_b38_A"
[17] "chr16_21513143_G_A_b38_G" "chr16_21515561_C_G_b38_C"
[19] "chr16_21516761_A_C_b38_A" "chr16_21517886_T_C_b38_T"
[21] "chr16_21519790_T_C_b38_T" "chr16_21520173_T_C_b38_T"
[23] "chr16_21520288_C_T_b38_C" "chr16_21520360_C_G_b38_C"
[25] "chr16_21520881_G_T_b38_G" "chr16_21522817_T_C_b38_T"
[27] "chr16_21523989_G_C_b38_G" "chr16_21524681_A_G_b38_A"
[29] "chr16_21527428_C_G_b38_C" "chr16_21528604_T_G_b38_T"
[31] "chr16_21528936_G_A_b38_G" "chr16_21529176_G_T_b38_G"
[33] "chr16_21529861_A_G_b38_A" "chr16_21530812_C_T_b38_C"
[35] "chr16_21531314_T_C_b38_T" "chr16_21542123_C_T_b38_C"
[37] "chr16_21542390_C_T_b38_C" "chr16_21542603_A_G_b38_A"
[39] "chr16_21543215_C_G_b38_C" "chr16_21543488_A_G_b38_A"
[41] "chr16_21544426_G_A_b38_G" "chr16_21546465_C_G_b38_C"
[43] "chr16_21554731_G_A_b38_G" "chr16_21555128_A_G_b38_A"
[45] "chr16_21555775_T_C_b38_T" "chr16_21556537_T_C_b38_T"
[47] "chr16_21556884_G_T_b38_G" "chr16_21557850_C_T_b38_C"
[49] "chr16_21558457_A_G_b38_A" "chr16_21558878_A_G_b38_A"
[51] "chr16_21559466_C_T_b38_C" "chr16_21560468_C_T_b38_C"
[53] "chr16_21561263_T_C_b38_T" "chr16_21561264_A_G_b38_A"
[55] "chr16_21562897_C_T_b38_C" "chr16_21566112_A_G_b38_A"
[57] "chr16_21566328_A_G_b38_A" "chr16_21566968_C_T_b38_C"
[59] "chr16_21567209_C_T_b38_C" "chr16_21567222_T_G_b38_T"
[61] "chr16_21567387_G_A_b38_G" "chr16_21567594_T_C_b38_T"
[63] "chr16_21568049_G_C_b38_G" "chr16_21570814_G_A_b38_G"
[65] "chr16_21571062_A_C_b38_A" "chr16_21571413_T_C_b38_T"
[67] "chr16_21571696_C_T_b38_C" "chr16_21572258_G_A_b38_G"
[69] "chr16_21573720_T_C_b38_T" "chr16_21576773_G_A_b38_G"
[71] "chr16_21577040_T_C_b38_T" "chr16_21577276_A_G_b38_A"
[73] "chr16_21577880_G_C_b38_G" "chr16_21577933_A_C_b38_A"
[75] "chr16_21580732_C_T_b38_C" "chr16_21580811_G_A_b38_G"
[77] "chr16_21581135_A_G_b38_A" "chr16_21582373_C_T_b38_C"
[79] "chr16_21583041_C_T_b38_C" "chr16_21598965_C_A_b38_C"
[81] "chr16_21626185_C_G_b38_C" "chr16_21630457_C_T_b38_C"
49 SNP(s) removed because HWE P < 1e-08 :
 [1] "chr4_81555693_T_G_b38_T" "chr4_81613429_T_C_b38_T"
 [3] "chr4_81623770_C_A_b38_C" "chr4_81623775_A_G_b38_A"
 [5] "chr4_81624113_G_A_b38_G" "chr4_81625583_A_C_b38_A"
 [7] "chr4_81629096_C_G_b38_C" "chr4_81631684_T_G_b38_T"
 [9] "chr4_81631994_T_C_b38_T" "chr4_81636274_A_G_b38_A"
[11] "chr4_81639982_A_G_b38_A" "chr4_81718112_A_G_b38_A"
[13] "chr4_81720501_A_C_b38_A" "chr4_81720601_T_C_b38_T"
[15] "chr4_81721019_T_C_b38_T" "chr4_81901526_A_G_b38_A"
[17] "chr4_82064546_T_A_b38_T" "chr4_82086322_C_T_b38_C"
[19] "chr4_82086976_A_C_b38_A" "chr4_82087127_C_G_b38_C"
[21] "chr4_82088296_G_C_b38_G" "chr4_82089580_A_G_b38_A"
[23] "chr4_82090959_T_A_b38_T" "chr4_82094937_T_A_b38_T"
[25] "chr4_82095986_C_A_b38_C" "chr4_82096317_G_A_b38_G"
[27] "chr4_82112842_C_T_b38_C" "chr4_82112847_C_T_b38_C"
[29] "chr4_82112852_A_G_b38_A" "chr4_82112895_C_T_b38_C"
[31] "chr4_82112932_C_A_b38_C" "chr4_82181002_G_T_b38_G"
[33] "chr4_82181032_C_G_b38_C" "chr4_82181052_A_C_b38_A"
[35] "chr4_82181135_G_T_b38_G" "chr4_82181142_C_T_b38_C"
[37] "chr4_82181143_A_G_b38_A" "chr4_82181156_T_C_b38_T"
[39] "chr4_82301105_C_A_b38_C" "chr4_82322024_A_T_b38_A"
[41] "chr4_82324709_T_C_b38_T" "chr4_82325390_C_G_b38_C"
[43] "chr4_82330399_G_C_b38_G" "chr4_82334034_G_A_b38_G"
[45] "chr4_82335067_A_G_b38_A" "chr4_82336781_T_C_b38_T"
[47] "chr4_82363396_G_A_b38_G" "chr4_82404695_G_T_b38_G"
[49] "chr4_82500583_G_A_b38_G"
6 SNP(s) removed because HWE P < 1e-08 :
[1] "chr13_29549344_C_T_b38_C" "chr13_29949626_G_C_b38_G"
[3] "chr13_30062346_T_C_b38_T" "chr13_30062379_G_C_b38_G"
[5] "chr13_30121793_C_T_b38_C" "chr13_30160356_C_T_b38_C"
39 SNP(s) removed because HWE P < 1e-08 :
 [1] "chr5_134280265_A_G_b38_A" "chr5_134311489_A_G_b38_A"
 [3] "chr5_134344803_T_C_b38_T" "chr5_134394764_G_A_b38_G"
 [5] "chr5_134997805_T_C_b38_T" "chr5_134998058_A_G_b38_A"
 [7] "chr5_134998059_C_G_b38_C" "chr5_134998121_T_C_b38_T"
 [9] "chr5_134998122_A_G_b38_A" "chr5_134998278_C_T_b38_C"
[11] "chr5_134998295_A_C_b38_A" "chr5_134998431_A_C_b38_A"
[13] "chr5_134999114_T_C_b38_T" "chr5_134999185_G_T_b38_G"
[15] "chr5_134999195_C_G_b38_C" "chr5_134999341_A_G_b38_A"
[17] "chr5_134999893_T_C_b38_T" "chr5_135000087_G_A_b38_G"
[19] "chr5_135000200_A_C_b38_A" "chr5_135000223_A_G_b38_A"
[21] "chr5_135002362_G_T_b38_G" "chr5_135002496_T_C_b38_T"
[23] "chr5_135002697_T_C_b38_T" "chr5_135003534_A_G_b38_A"
[25] "chr5_135004316_T_C_b38_T" "chr5_135005119_G_A_b38_G"
[27] "chr5_135005569_T_C_b38_T" "chr5_135006787_G_A_b38_G"
[29] "chr5_135008076_T_G_b38_T" "chr5_135012884_C_G_b38_C"
[31] "chr5_135013324_C_T_b38_C" "chr5_135020690_G_A_b38_G"
[33] "chr5_135021680_A_T_b38_A" "chr5_135031850_A_G_b38_A"
[35] "chr5_135036297_T_C_b38_T" "chr5_135082162_G_A_b38_G"
[37] "chr5_135082413_G_A_b38_G" "chr5_135082951_G_A_b38_G"
[39] "chr5_135083366_C_T_b38_C"
19 SNP(s) removed because HWE P < 1e-08 :
 [1] "chr10_89289105_C_T_b38_C" "chr10_89289116_G_T_b38_G"
 [3] "chr10_89289123_C_T_b38_C" "chr10_89289146_T_G_b38_T"
 [5] "chr10_89296507_G_A_b38_G" "chr10_89381740_T_C_b38_T"
 [7] "chr10_89385297_C_T_b38_C" "chr10_89385648_A_G_b38_A"
 [9] "chr10_89390932_T_C_b38_T" "chr10_89412674_A_G_b38_A"
[11] "chr10_89454074_T_C_b38_T" "chr10_89820692_A_G_b38_A"
[13] "chr10_89826359_G_A_b38_G" "chr10_89827140_C_T_b38_C"
[15] "chr10_89827592_C_T_b38_C" "chr10_89829386_G_C_b38_G"
[17] "chr10_89836721_A_G_b38_A" "chr10_89837163_T_G_b38_T"
[19] "chr10_89838162_T_G_b38_T"
39 SNP(s) removed because HWE P < 1e-08 :
 [1] "chr22_49765666_G_C_b38_G" "chr22_49770965_G_C_b38_G"
 [3] "chr22_49837507_C_G_b38_C" "chr22_49846939_C_A_b38_C"
 [5] "chr22_49848251_T_C_b38_T" "chr22_49872508_G_A_b38_G"
 [7] "chr22_49880142_T_C_b38_T" "chr22_49880243_G_T_b38_G"
 [9] "chr22_49883047_G_C_b38_G" "chr22_49894697_A_G_b38_A"
[11] "chr22_49906790_T_C_b38_T" "chr22_49921580_T_C_b38_T"
[13] "chr22_49921715_C_A_b38_C" "chr22_49973759_T_C_b38_T"
[15] "chr22_50013858_A_C_b38_A" "chr22_50357867_G_A_b38_G"
[17] "chr22_50371703_G_C_b38_G" "chr22_50418711_G_A_b38_G"
[19] "chr22_50424402_A_C_b38_A" "chr22_50424421_C_A_b38_C"
[21] "chr22_50424423_C_T_b38_C" "chr22_50495487_G_A_b38_G"
[23] "chr22_50495498_T_C_b38_T" "chr22_50495499_G_A_b38_G"
[25] "chr22_50508159_C_G_b38_C" "chr22_50509182_A_G_b38_A"
[27] "chr22_50509488_T_C_b38_T" "chr22_50509962_A_G_b38_A"
[29] "chr22_50510817_C_T_b38_C" "chr22_50510967_T_C_b38_T"
[31] "chr22_50511806_T_C_b38_T" "chr22_50512014_T_C_b38_T"
[33] "chr22_50512298_G_A_b38_G" "chr22_50512549_T_G_b38_T"
[35] "chr22_50513313_G_C_b38_G" "chr22_50513793_G_A_b38_G"
[37] "chr22_50542614_C_T_b38_C" "chr22_50542624_A_T_b38_A"
[39] "chr22_50712000_C_T_b38_C"
42 SNP(s) removed because HWE P < 1e-08 :
 [1] "chr3_190700554_G_A_b38_G" "chr3_190702162_A_C_b38_A"
 [3] "chr3_190702880_C_T_b38_C" "chr3_190706693_G_A_b38_G"
 [5] "chr3_190758816_T_C_b38_T" "chr3_190767314_T_C_b38_T"
 [7] "chr3_190768807_T_A_b38_T" "chr3_190769815_G_T_b38_G"
 [9] "chr3_190770844_A_C_b38_A" "chr3_190789679_T_C_b38_T"
[11] "chr3_190795727_C_T_b38_C" "chr3_190869189_C_T_b38_C"
[13] "chr3_190869700_G_T_b38_G" "chr3_190877134_G_T_b38_G"
[15] "chr3_190944439_A_T_b38_A" "chr3_191011366_T_C_b38_T"
[17] "chr3_191116089_A_G_b38_A" "chr3_191160869_C_A_b38_C"
[19] "chr3_191166659_T_C_b38_T" "chr3_191187610_G_A_b38_G"
[21] "chr3_191188708_G_A_b38_G" "chr3_191189560_G_A_b38_G"
[23] "chr3_191192169_C_T_b38_C" "chr3_191194167_T_C_b38_T"
[25] "chr3_191195102_C_A_b38_C" "chr3_191218341_G_A_b38_G"
[27] "chr3_191221131_C_T_b38_C" "chr3_191223539_T_C_b38_T"
[29] "chr3_191223760_C_T_b38_C" "chr3_191225587_A_G_b38_A"
[31] "chr3_191247864_C_T_b38_C" "chr3_191252016_C_T_b38_C"
[33] "chr3_191255821_A_G_b38_A" "chr3_191276335_C_T_b38_C"
[35] "chr3_191319899_T_A_b38_T" "chr3_191467305_C_T_b38_C"
[37] "chr3_191496131_A_C_b38_A" "chr3_191496424_G_A_b38_G"
[39] "chr3_191504135_G_A_b38_G" "chr3_191505209_T_C_b38_T"
[41] "chr3_191567917_G_A_b38_G" "chr3_191600987_A_G_b38_A"
20 SNP(s) removed because HWE P < 1e-08 :
 [1] "chr17_35379518_A_C_b38_A" "chr17_35442015_G_A_b38_G"
 [3] "chr17_35996816_T_G_b38_T" "chr17_36082933_C_A_b38_C"
 [5] "chr17_36083801_G_C_b38_G" "chr17_36083900_T_A_b38_T"
 [7] "chr17_36109988_G_T_b38_G" "chr17_36111300_G_A_b38_G"
 [9] "chr17_36112019_G_A_b38_G" "chr17_36114883_G_A_b38_G"
[11] "chr17_36152807_C_A_b38_C" "chr17_36160669_C_T_b38_C"
[13] "chr17_36161464_T_G_b38_T" "chr17_36163152_C_T_b38_C"
[15] "chr17_36163256_C_T_b38_C" "chr17_36164185_C_T_b38_C"
[17] "chr17_36165283_A_G_b38_A" "chr17_36165307_T_G_b38_T"
[19] "chr17_36229227_G_A_b38_G" "chr17_36229290_G_T_b38_G"
251 SNP(s) removed because HWE P < 1e-08 :
  [1] "chr9_96520817_A_C_b38_A" "chr9_96520822_A_C_b38_A"
  [3] "chr9_96521450_T_C_b38_T" "chr9_96524096_G_C_b38_G"
  [5] "chr9_96527073_G_C_b38_G" "chr9_96527765_A_G_b38_A"
  [7] "chr9_96529844_C_T_b38_C" "chr9_96530856_T_C_b38_T"
  [9] "chr9_96535248_A_G_b38_A" "chr9_96547391_A_G_b38_A"
 [11] "chr9_96547811_A_T_b38_A" "chr9_96547813_G_T_b38_G"
 [13] "chr9_96548646_A_G_b38_A" "chr9_96548895_G_A_b38_G"
 [15] "chr9_96558748_T_A_b38_T" "chr9_96567770_C_T_b38_C"
 [17] "chr9_96572851_T_C_b38_T" "chr9_96578126_G_C_b38_G"
 [19] "chr9_96590986_C_T_b38_C" "chr9_96599918_A_G_b38_A"
 [21] "chr9_96601690_A_G_b38_A" "chr9_96605816_A_G_b38_A"
 [23] "chr9_96605874_G_T_b38_G" "chr9_96608086_G_A_b38_G"
 [25] "chr9_96608316_A_C_b38_A" "chr9_96609193_T_C_b38_T"
 [27] "chr9_96611431_A_G_b38_A" "chr9_96611786_T_C_b38_T"
 [29] "chr9_96614133_C_G_b38_C" "chr9_96616550_A_C_b38_A"
 [31] "chr9_96617272_G_A_b38_G" "chr9_96636892_T_C_b38_T"
 [33] "chr9_96640900_A_G_b38_A" "chr9_96648007_C_T_b38_C"
 [35] "chr9_96649678_C_T_b38_C" "chr9_96651570_C_T_b38_C"
 [37] "chr9_96651642_A_G_b38_A" "chr9_96662751_A_G_b38_A"
 [39] "chr9_96668533_A_G_b38_A" "chr9_96669809_A_T_b38_A"
 [41] "chr9_96727729_T_C_b38_T" "chr9_96727847_G_A_b38_G"
 [43] "chr9_96728293_C_G_b38_C" "chr9_96729306_G_T_b38_G"
 [45] "chr9_96739274_G_A_b38_G" "chr9_96739767_T_A_b38_T"
 [47] "chr9_96745276_A_G_b38_A" "chr9_96746198_T_C_b38_T"
 [49] "chr9_96751070_G_T_b38_G" "chr9_96776856_G_C_b38_G"
 [51] "chr9_96776964_A_G_b38_A" "chr9_96776994_C_T_b38_C"
 [53] "chr9_96777160_G_A_b38_G" "chr9_96777167_G_A_b38_G"
 [55] "chr9_96777244_A_G_b38_A" "chr9_96777420_T_C_b38_T"
 [57] "chr9_96777457_T_C_b38_T" "chr9_96777471_C_T_b38_C"
 [59] "chr9_96777547_G_C_b38_G" "chr9_96777928_C_G_b38_C"
 [61] "chr9_96778009_C_T_b38_C" "chr9_96778237_C_A_b38_C"
 [63] "chr9_96778427_G_A_b38_G" "chr9_96778724_A_G_b38_A"
 [65] "chr9_96779528_T_C_b38_T" "chr9_96779971_T_A_b38_T"
 [67] "chr9_96780046_T_C_b38_T" "chr9_96780634_C_T_b38_C"
 [69] "chr9_96780947_T_G_b38_T" "chr9_96781109_T_C_b38_T"
 [71] "chr9_96781504_A_C_b38_A" "chr9_96781519_G_T_b38_G"
 [73] "chr9_96781850_C_T_b38_C" "chr9_96781905_T_C_b38_T"
 [75] "chr9_96782281_T_A_b38_T" "chr9_96782463_T_C_b38_T"
 [77] "chr9_96782539_A_G_b38_A" "chr9_96782594_G_T_b38_G"
 [79] "chr9_96782625_C_T_b38_C" "chr9_96782838_A_G_b38_A"
 [81] "chr9_96783799_C_A_b38_C" "chr9_96783826_C_T_b38_C"
 [83] "chr9_96783844_G_C_b38_G" "chr9_96784167_G_C_b38_G"
 [85] "chr9_96784176_G_A_b38_G" "chr9_96784203_G_A_b38_G"
 [87] "chr9_96784304_T_C_b38_T" "chr9_96784883_T_C_b38_T"
 [89] "chr9_96784985_C_T_b38_C" "chr9_96785399_C_G_b38_C"
 [91] "chr9_96785698_C_T_b38_C" "chr9_96785864_A_T_b38_A"
 [93] "chr9_96785982_T_C_b38_T" "chr9_96785990_G_A_b38_G"
 [95] "chr9_96786909_T_C_b38_T" "chr9_96787167_A_G_b38_A"
 [97] "chr9_96787525_C_T_b38_C" "chr9_96787748_C_T_b38_C"
 [99] "chr9_96787749_A_G_b38_A" "chr9_96788152_A_G_b38_A"
[101] "chr9_96788165_A_C_b38_A" "chr9_96788187_T_C_b38_T"
[103] "chr9_96788455_C_T_b38_C" "chr9_96788617_G_A_b38_G"
[105] "chr9_96788963_C_A_b38_C" "chr9_96789102_A_T_b38_A"
[107] "chr9_96789167_G_C_b38_G" "chr9_96789263_A_G_b38_A"
[109] "chr9_96789343_A_G_b38_A" "chr9_96789383_G_C_b38_G"
[111] "chr9_96789704_A_G_b38_A" "chr9_96789823_C_G_b38_C"
[113] "chr9_96795461_C_T_b38_C" "chr9_96796738_T_C_b38_T"
[115] "chr9_96797056_T_C_b38_T" "chr9_96797861_T_C_b38_T"
[117] "chr9_96798706_G_T_b38_G" "chr9_96800835_G_T_b38_G"
[119] "chr9_96801059_A_C_b38_A" "chr9_96801605_C_A_b38_C"
[121] "chr9_96802860_T_C_b38_T" "chr9_96803082_T_C_b38_T"
[123] "chr9_96805102_C_A_b38_C" "chr9_96806453_C_T_b38_C"
[125] "chr9_96810783_G_A_b38_G" "chr9_96813559_G_C_b38_G"
[127] "chr9_96814142_G_C_b38_G" "chr9_96815409_C_G_b38_C"
[129] "chr9_96817917_A_G_b38_A" "chr9_96819529_C_T_b38_C"
[131] "chr9_96819634_C_G_b38_C" "chr9_96821112_G_A_b38_G"
[133] "chr9_96821186_C_G_b38_C" "chr9_96822598_G_A_b38_G"
[135] "chr9_96823946_C_T_b38_C" "chr9_96827014_C_T_b38_C"
[137] "chr9_96829446_T_C_b38_T" "chr9_96829795_A_T_b38_A"
[139] "chr9_96830390_T_C_b38_T" "chr9_96830709_A_C_b38_A"
[141] "chr9_96831257_T_C_b38_T" "chr9_96831525_T_C_b38_T"
[143] "chr9_96832329_G_C_b38_G" "chr9_96835103_T_C_b38_T"
[145] "chr9_96835326_G_A_b38_G" "chr9_96836409_T_C_b38_T"
[147] "chr9_96838313_T_C_b38_T" "chr9_96839176_A_G_b38_A"
[149] "chr9_96842489_T_C_b38_T" "chr9_96842897_A_C_b38_A"
[151] "chr9_96844247_T_C_b38_T" "chr9_96849580_G_A_b38_G"
[153] "chr9_96851822_G_A_b38_G" "chr9_96854542_G_T_b38_G"
[155] "chr9_96854922_A_T_b38_A" "chr9_96859520_C_G_b38_C"
[157] "chr9_96861059_A_C_b38_A" "chr9_96862781_T_G_b38_T"
[159] "chr9_96863448_G_A_b38_G" "chr9_96868304_A_G_b38_A"
[161] "chr9_96877366_G_A_b38_G" "chr9_96884420_T_C_b38_T"
[163] "chr9_96887183_A_G_b38_A" "chr9_96887207_G_A_b38_G"
[165] "chr9_96887916_A_G_b38_A" "chr9_96891393_A_T_b38_A"
[167] "chr9_96894289_A_G_b38_A" "chr9_96896925_C_G_b38_C"
[169] "chr9_96897589_G_A_b38_G" "chr9_96901005_C_A_b38_C"
[171] "chr9_96906296_C_G_b38_C" "chr9_96907263_A_G_b38_A"
[173] "chr9_96907500_G_T_b38_G" "chr9_96922175_T_C_b38_T"
[175] "chr9_96925274_C_T_b38_C" "chr9_96925275_T_G_b38_T"
[177] "chr9_96925757_A_G_b38_A" "chr9_96925765_G_A_b38_G"
[179] "chr9_96927700_G_C_b38_G" "chr9_96940594_T_C_b38_T"
[181] "chr9_96941107_C_T_b38_C" "chr9_96945115_T_G_b38_T"
[183] "chr9_96945292_A_G_b38_A" "chr9_96946653_C_G_b38_C"
[185] "chr9_96948911_T_C_b38_T" "chr9_96950002_C_T_b38_C"
[187] "chr9_96954851_G_A_b38_G" "chr9_96965349_C_T_b38_C"
[189] "chr9_96967873_G_A_b38_G" "chr9_96970274_A_G_b38_A"
[191] "chr9_96981125_T_C_b38_T" "chr9_96984591_G_A_b38_G"
[193] "chr9_96990580_T_G_b38_T" "chr9_96994398_C_T_b38_C"
[195] "chr9_96996078_T_C_b38_T" "chr9_96998037_A_C_b38_A"
[197] "chr9_97002403_A_G_b38_A" "chr9_97003638_T_C_b38_T"
[199] "chr9_97007296_C_T_b38_C" "chr9_97015801_A_G_b38_A"
[201] "chr9_97017868_C_T_b38_C" "chr9_97022196_G_A_b38_G"
[203] "chr9_97026843_A_G_b38_A" "chr9_97195801_G_C_b38_G"
[205] "chr9_97195816_G_A_b38_G" "chr9_97217809_A_G_b38_A"
[207] "chr9_97217869_C_T_b38_C" "chr9_97217878_C_T_b38_C"
[209] "chr9_97217956_A_T_b38_A" "chr9_97221969_T_C_b38_T"
[211] "chr9_97221972_C_T_b38_C" "chr9_97221995_G_A_b38_G"
[213] "chr9_97221999_G_A_b38_G" "chr9_97222001_G_A_b38_G"
[215] "chr9_97222042_T_C_b38_T" "chr9_97222067_A_G_b38_A"
[217] "chr9_97222087_G_A_b38_G" "chr9_97222091_T_A_b38_T"
[219] "chr9_97222223_T_C_b38_T" "chr9_97222239_C_A_b38_C"
[221] "chr9_97222250_G_C_b38_G" "chr9_97222251_A_G_b38_A"
[223] "chr9_97222254_G_A_b38_G" "chr9_97222275_G_A_b38_G"
[225] "chr9_97222301_G_A_b38_G" "chr9_97222310_C_T_b38_C"
[227] "chr9_97222372_C_G_b38_C" "chr9_97222377_T_C_b38_T"
[229] "chr9_97222553_G_A_b38_G" "chr9_97222555_T_G_b38_T"
[231] "chr9_97222567_G_A_b38_G" "chr9_97222662_C_A_b38_C"
[233] "chr9_97222675_G_T_b38_G" "chr9_97222677_G_T_b38_G"
[235] "chr9_97222682_A_G_b38_A" "chr9_97222694_T_C_b38_T"
[237] "chr9_97222699_C_G_b38_C" "chr9_97222712_A_C_b38_A"
[239] "chr9_97222797_G_C_b38_G" "chr9_97222798_G_A_b38_G"
[241] "chr9_97222821_T_C_b38_T" "chr9_97222829_G_A_b38_G"
[243] "chr9_97222880_A_G_b38_A" "chr9_97223097_A_G_b38_A"
[245] "chr9_97223122_C_T_b38_C" "chr9_97223141_T_C_b38_T"
[247] "chr9_97223147_G_A_b38_G" "chr9_97224639_T_C_b38_T"
[249] "chr9_97224640_A_G_b38_A" "chr9_97224887_C_T_b38_C"
[251] "chr9_97224910_A_G_b38_A"
43 SNP(s) removed because HWE P < 1e-08 :
 [1] "chr14_35610437_C_T_b38_C" "chr14_35614500_T_G_b38_T"
 [3] "chr14_35618431_A_C_b38_A" "chr14_35648246_G_A_b38_G"
 [5] "chr14_35672726_T_C_b38_T" "chr14_35684724_C_G_b38_C"
 [7] "chr14_35701401_T_A_b38_T" "chr14_35740605_A_G_b38_A"
 [9] "chr14_35742806_C_A_b38_C" "chr14_35746036_G_A_b38_G"
[11] "chr14_35760593_A_G_b38_A" "chr14_35764173_C_T_b38_C"
[13] "chr14_35767775_A_T_b38_A" "chr14_35791152_C_A_b38_C"
[15] "chr14_35815472_A_T_b38_A" "chr14_35878085_G_T_b38_G"
[17] "chr14_35878780_C_T_b38_C" "chr14_35889592_A_T_b38_A"
[19] "chr14_35889636_G_A_b38_G" "chr14_35990294_T_C_b38_T"
[21] "chr14_35992029_A_C_b38_A" "chr14_35994282_T_C_b38_T"
[23] "chr14_35995406_A_G_b38_A" "chr14_35996435_A_G_b38_A"
[25] "chr14_35999666_A_T_b38_A" "chr14_35999803_C_T_b38_C"
[27] "chr14_36000909_A_G_b38_A" "chr14_36001144_A_G_b38_A"
[29] "chr14_36001489_T_G_b38_T" "chr14_36001501_A_G_b38_A"
[31] "chr14_36002084_T_G_b38_T" "chr14_36006171_G_A_b38_G"
[33] "chr14_36265602_C_T_b38_C" "chr14_36265953_A_T_b38_A"
[35] "chr14_36289752_C_A_b38_C" "chr14_36296570_G_A_b38_G"
[37] "chr14_36296943_C_T_b38_C" "chr14_36301607_C_G_b38_C"
[39] "chr14_36302978_C_A_b38_C" "chr14_36303358_C_T_b38_C"
[41] "chr14_36304331_G_A_b38_G" "chr14_36306241_C_T_b38_C"
[43] "chr14_36309173_C_G_b38_C"
39 SNP(s) removed because HWE P < 1e-08 :
 [1] "chr22_49765666_G_C_b38_G" "chr22_49770965_G_C_b38_G"
 [3] "chr22_49837507_C_G_b38_C" "chr22_49846939_C_A_b38_C"
 [5] "chr22_49848251_T_C_b38_T" "chr22_49872508_G_A_b38_G"
 [7] "chr22_49880142_T_C_b38_T" "chr22_49880243_G_T_b38_G"
 [9] "chr22_49883047_G_C_b38_G" "chr22_49894697_A_G_b38_A"
[11] "chr22_49906790_T_C_b38_T" "chr22_49921580_T_C_b38_T"
[13] "chr22_49921715_C_A_b38_C" "chr22_49973759_T_C_b38_T"
[15] "chr22_50013858_A_C_b38_A" "chr22_50357867_G_A_b38_G"
[17] "chr22_50371703_G_C_b38_G" "chr22_50418711_G_A_b38_G"
[19] "chr22_50424402_A_C_b38_A" "chr22_50424421_C_A_b38_C"
[21] "chr22_50424423_C_T_b38_C" "chr22_50495487_G_A_b38_G"
[23] "chr22_50495498_T_C_b38_T" "chr22_50495499_G_A_b38_G"
[25] "chr22_50508159_C_G_b38_C" "chr22_50509182_A_G_b38_A"
[27] "chr22_50509488_T_C_b38_T" "chr22_50509962_A_G_b38_A"
[29] "chr22_50510817_C_T_b38_C" "chr22_50510967_T_C_b38_T"
[31] "chr22_50511806_T_C_b38_T" "chr22_50512014_T_C_b38_T"
[33] "chr22_50512298_G_A_b38_G" "chr22_50512549_T_G_b38_T"
[35] "chr22_50513313_G_C_b38_G" "chr22_50513793_G_A_b38_G"
[37] "chr22_50542614_C_T_b38_C" "chr22_50542624_A_T_b38_A"
[39] "chr22_50712000_C_T_b38_C"
132 SNP(s) removed because HWE P < 1e-08 :
  [1] "chr19_22088095_G_A_b38_G" "chr19_22088097_G_T_b38_G"
  [3] "chr19_22088110_G_A_b38_G" "chr19_22088119_T_C_b38_T"
  [5] "chr19_22088126_T_C_b38_T" "chr19_22088127_G_A_b38_G"
  [7] "chr19_22088132_G_C_b38_G" "chr19_22088133_G_A_b38_G"
  [9] "chr19_22105589_A_G_b38_A" "chr19_22118721_C_T_b38_C"
 [11] "chr19_22181042_G_A_b38_G" "chr19_22250913_T_C_b38_T"
 [13] "chr19_22250973_T_C_b38_T" "chr19_22301613_G_A_b38_G"
 [15] "chr19_22301618_G_C_b38_G" "chr19_22301632_T_C_b38_T"
 [17] "chr19_22301634_T_G_b38_T" "chr19_22301641_C_G_b38_C"
 [19] "chr19_22301842_G_C_b38_G" "chr19_22302227_G_A_b38_G"
 [21] "chr19_22302345_G_A_b38_G" "chr19_22302393_G_C_b38_G"
 [23] "chr19_22302420_C_G_b38_C" "chr19_22302440_T_C_b38_T"
 [25] "chr19_22302534_G_T_b38_G" "chr19_22302555_T_C_b38_T"
 [27] "chr19_22302575_T_A_b38_T" "chr19_22302587_T_A_b38_T"
 [29] "chr19_22302599_A_C_b38_A" "chr19_22302602_G_A_b38_G"
 [31] "chr19_22302604_T_C_b38_T" "chr19_22302700_C_T_b38_C"
 [33] "chr19_22302707_C_T_b38_C" "chr19_22302708_A_C_b38_A"
 [35] "chr19_22302727_T_C_b38_T" "chr19_22302728_G_A_b38_G"
 [37] "chr19_22302733_T_C_b38_T" "chr19_22302772_A_G_b38_A"
 [39] "chr19_22302786_G_A_b38_G" "chr19_22302787_A_T_b38_A"
 [41] "chr19_22302799_A_G_b38_A" "chr19_22302813_G_T_b38_G"
 [43] "chr19_22302816_A_G_b38_A" "chr19_22302824_T_G_b38_T"
 [45] "chr19_22302826_A_C_b38_A" "chr19_22340148_A_G_b38_A"
 [47] "chr19_22347066_C_T_b38_C" "chr19_22350016_A_G_b38_A"
 [49] "chr19_22378706_A_G_b38_A" "chr19_22424813_A_T_b38_A"
 [51] "chr19_22424825_T_C_b38_T" "chr19_22424827_C_G_b38_C"
 [53] "chr19_22424834_C_G_b38_C" "chr19_22424855_A_C_b38_A"
 [55] "chr19_22424861_C_G_b38_C" "chr19_22424869_T_G_b38_T"
 [57] "chr19_22424871_G_A_b38_G" "chr19_22424879_C_T_b38_C"
 [59] "chr19_22424889_T_C_b38_T" "chr19_22424890_T_C_b38_T"
 [61] "chr19_22424904_G_A_b38_G" "chr19_22424929_C_T_b38_C"
 [63] "chr19_22424931_C_T_b38_C" "chr19_22424933_T_C_b38_T"
 [65] "chr19_22424937_A_G_b38_A" "chr19_22424943_T_C_b38_T"
 [67] "chr19_22425002_G_A_b38_G" "chr19_22425015_T_A_b38_T"
 [69] "chr19_22425020_G_A_b38_G" "chr19_22425028_C_T_b38_C"
 [71] "chr19_22435511_A_G_b38_A" "chr19_22435520_T_A_b38_T"
 [73] "chr19_22547025_C_T_b38_C" "chr19_22551744_T_C_b38_T"
 [75] "chr19_22552544_G_C_b38_G" "chr19_22552662_G_C_b38_G"
 [77] "chr19_22553045_G_C_b38_G" "chr19_22554392_A_G_b38_A"
 [79] "chr19_22554746_T_C_b38_T" "chr19_22554907_T_C_b38_T"
 [81] "chr19_22554937_A_G_b38_A" "chr19_22557597_A_G_b38_A"
 [83] "chr19_22557898_C_T_b38_C" "chr19_22558323_G_A_b38_G"
 [85] "chr19_22558555_G_A_b38_G" "chr19_22558713_T_A_b38_T"
 [87] "chr19_22558873_C_T_b38_C" "chr19_22559518_G_A_b38_G"
 [89] "chr19_22559662_G_A_b38_G" "chr19_22559859_G_A_b38_G"
 [91] "chr19_22560056_G_A_b38_G" "chr19_22560518_T_G_b38_T"
 [93] "chr19_22560943_T_C_b38_T" "chr19_22561995_A_G_b38_A"
 [95] "chr19_22562511_T_C_b38_T" "chr19_22563394_T_C_b38_T"
 [97] "chr19_22563648_A_G_b38_A" "chr19_22564048_A_G_b38_A"
 [99] "chr19_22564633_A_G_b38_A" "chr19_22564649_A_C_b38_A"
[101] "chr19_22564653_C_G_b38_C" "chr19_22566262_A_G_b38_A"
[103] "chr19_22567057_G_A_b38_G" "chr19_22568291_G_C_b38_G"
[105] "chr19_22568523_C_T_b38_C" "chr19_22568524_C_A_b38_C"
[107] "chr19_22568898_T_C_b38_T" "chr19_22574453_C_T_b38_C"
[109] "chr19_22574462_T_C_b38_T" "chr19_22577123_T_C_b38_T"
[111] "chr19_22577165_T_G_b38_T" "chr19_22580059_G_A_b38_G"
[113] "chr19_22580061_C_A_b38_C" "chr19_22580082_A_G_b38_A"
[115] "chr19_22580112_A_G_b38_A" "chr19_22580146_T_C_b38_T"
[117] "chr19_22580151_G_A_b38_G" "chr19_22580160_A_T_b38_A"
[119] "chr19_22580185_C_T_b38_C" "chr19_22580261_C_T_b38_C"
[121] "chr19_22606461_G_C_b38_G" "chr19_22612848_A_C_b38_A"
[123] "chr19_22623229_T_C_b38_T" "chr19_22662449_A_C_b38_A"
[125] "chr19_22668039_G_A_b38_G" "chr19_22675747_T_C_b38_T"
[127] "chr19_22675748_A_C_b38_A" "chr19_22785166_C_G_b38_C"
[129] "chr19_22787415_A_G_b38_A" "chr19_22787552_A_G_b38_A"
[131] "chr19_22806524_G_A_b38_G" "chr19_22806545_A_C_b38_A"
22 SNP(s) removed because HWE P < 1e-08 :
 [1] "chr1_162353041_G_C_b38_G" "chr1_162353047_A_C_b38_A"
 [3] "chr1_162477576_G_A_b38_G" "chr1_162481393_G_A_b38_G"
 [5] "chr1_162483630_C_T_b38_C" "chr1_162701799_T_C_b38_T"
 [7] "chr1_162704548_G_A_b38_G" "chr1_162705250_T_C_b38_T"
 [9] "chr1_162706401_C_T_b38_C" "chr1_162710700_T_C_b38_T"
[11] "chr1_162714569_T_C_b38_T" "chr1_162722878_C_G_b38_C"
[13] "chr1_162733892_A_G_b38_A" "chr1_162742199_A_T_b38_A"
[15] "chr1_162742900_G_A_b38_G" "chr1_162743999_G_A_b38_G"
[17] "chr1_162744207_T_C_b38_T" "chr1_162752426_G_A_b38_G"
[19] "chr1_162763446_G_A_b38_G" "chr1_162798738_C_G_b38_C"
[21] "chr1_162803606_G_A_b38_G" "chr1_162909861_T_C_b38_T"
86 SNP(s) removed because HWE P < 1e-08 :
 [1] "chr11_12602581_C_A_b38_C" "chr11_12624958_C_A_b38_C"
 [3] "chr11_12709357_A_C_b38_A" "chr11_12711743_G_T_b38_G"
 [5] "chr11_12712147_G_A_b38_G" "chr11_12714195_C_T_b38_C"
 [7] "chr11_12714879_C_G_b38_C" "chr11_12715017_G_A_b38_G"
 [9] "chr11_12715147_C_T_b38_C" "chr11_12715325_A_G_b38_A"
[11] "chr11_12715946_C_T_b38_C" "chr11_12715993_T_C_b38_T"
[13] "chr11_12717103_G_A_b38_G" "chr11_12717141_C_A_b38_C"
[15] "chr11_12722267_A_G_b38_A" "chr11_12722492_G_A_b38_G"
[17] "chr11_12722623_A_G_b38_A" "chr11_12725406_G_A_b38_G"
[19] "chr11_12726375_G_A_b38_G" "chr11_12730213_C_A_b38_C"
[21] "chr11_12731602_A_G_b38_A" "chr11_12750963_G_C_b38_G"
[23] "chr11_12757747_T_C_b38_T" "chr11_12757888_G_T_b38_G"
[25] "chr11_12758617_C_T_b38_C" "chr11_12758709_T_C_b38_T"
[27] "chr11_12759469_G_A_b38_G" "chr11_12775522_G_C_b38_G"
[29] "chr11_12781165_A_G_b38_A" "chr11_12797262_G_A_b38_G"
[31] "chr11_12801705_T_G_b38_T" "chr11_12806545_C_T_b38_C"
[33] "chr11_12810221_C_T_b38_C" "chr11_12820345_A_C_b38_A"
[35] "chr11_12959220_G_C_b38_G" "chr11_13145421_T_C_b38_T"
[37] "chr11_13159063_A_T_b38_A" "chr11_13160043_T_C_b38_T"
[39] "chr11_13161191_T_G_b38_T" "chr11_13162034_C_T_b38_C"
[41] "chr11_13163679_G_A_b38_G" "chr11_13167486_A_G_b38_A"
[43] "chr11_13167824_C_G_b38_C" "chr11_13168039_T_G_b38_T"
[45] "chr11_13168424_A_T_b38_A" "chr11_13168751_C_A_b38_C"
[47] "chr11_13168868_C_G_b38_C" "chr11_13170516_C_T_b38_C"
[49] "chr11_13171300_T_A_b38_T" "chr11_13171711_G_C_b38_G"
[51] "chr11_13172324_A_C_b38_A" "chr11_13172527_T_C_b38_T"
[53] "chr11_13172742_G_A_b38_G" "chr11_13173008_G_A_b38_G"
[55] "chr11_13173311_A_C_b38_A" "chr11_13173332_G_A_b38_G"
[57] "chr11_13173916_G_A_b38_G" "chr11_13174617_C_T_b38_C"
[59] "chr11_13174658_A_G_b38_A" "chr11_13175460_G_T_b38_G"
[61] "chr11_13175491_T_C_b38_T" "chr11_13176427_A_G_b38_A"
[63] "chr11_13176535_G_A_b38_G" "chr11_13176583_C_T_b38_C"
[65] "chr11_13177356_T_C_b38_T" "chr11_13178288_C_T_b38_C"
[67] "chr11_13178878_C_T_b38_C" "chr11_13179392_C_G_b38_C"
[69] "chr11_13179991_G_A_b38_G" "chr11_13180396_T_C_b38_T"
[71] "chr11_13181122_C_T_b38_C" "chr11_13181132_T_A_b38_T"
[73] "chr11_13181163_T_G_b38_T" "chr11_13181254_G_A_b38_G"
[75] "chr11_13181293_C_T_b38_C" "chr11_13181360_G_A_b38_G"
[77] "chr11_13181664_A_G_b38_A" "chr11_13182114_G_A_b38_G"
[79] "chr11_13182203_G_A_b38_G" "chr11_13182610_C_T_b38_C"
[81] "chr11_13182823_T_C_b38_T" "chr11_13183287_G_A_b38_G"
[83] "chr11_13184213_G_A_b38_G" "chr11_13301971_T_C_b38_T"
[85] "chr11_13316281_G_A_b38_G" "chr11_13395112_C_G_b38_C"
37 SNP(s) removed because HWE P < 1e-08 :
 [1] "chr16_24109784_G_A_b38_G" "chr16_24227690_G_C_b38_G"
 [3] "chr16_24233628_G_C_b38_G" "chr16_24496566_C_T_b38_C"
 [5] "chr16_24496764_C_A_b38_C" "chr16_24499309_C_T_b38_C"
 [7] "chr16_24870481_A_C_b38_A" "chr16_24873006_G_A_b38_G"
 [9] "chr16_24884357_A_G_b38_A" "chr16_24917601_A_G_b38_A"
[11] "chr16_24917765_G_A_b38_G" "chr16_24917986_T_C_b38_T"
[13] "chr16_24919227_T_C_b38_T" "chr16_24920477_C_T_b38_C"
[15] "chr16_24920573_A_G_b38_A" "chr16_24921599_T_C_b38_T"
[17] "chr16_24923143_G_T_b38_G" "chr16_24924245_T_C_b38_T"
[19] "chr16_24924716_A_T_b38_A" "chr16_24925306_A_G_b38_A"
[21] "chr16_24927264_T_C_b38_T" "chr16_24932825_T_C_b38_T"
[23] "chr16_24940578_A_G_b38_A" "chr16_24943087_G_A_b38_G"
[25] "chr16_24943465_A_G_b38_A" "chr16_24945135_A_G_b38_A"
[27] "chr16_24945229_T_G_b38_T" "chr16_24945237_A_C_b38_A"
[29] "chr16_24947347_A_C_b38_A" "chr16_24947664_G_A_b38_G"
[31] "chr16_24948730_C_G_b38_C" "chr16_24950568_T_C_b38_T"
[33] "chr16_24952718_T_C_b38_T" "chr16_24953197_T_C_b38_T"
[35] "chr16_24953395_G_T_b38_G" "chr16_24953714_C_T_b38_C"
[37] "chr16_24955202_T_C_b38_T"
37 SNP(s) removed because HWE P < 1e-08 :
 [1] "chr16_24109784_G_A_b38_G" "chr16_24227690_G_C_b38_G"
 [3] "chr16_24233628_G_C_b38_G" "chr16_24496566_C_T_b38_C"
 [5] "chr16_24496764_C_A_b38_C" "chr16_24499309_C_T_b38_C"
 [7] "chr16_24870481_A_C_b38_A" "chr16_24873006_G_A_b38_G"
 [9] "chr16_24884357_A_G_b38_A" "chr16_24917601_A_G_b38_A"
[11] "chr16_24917765_G_A_b38_G" "chr16_24917986_T_C_b38_T"
[13] "chr16_24919227_T_C_b38_T" "chr16_24920477_C_T_b38_C"
[15] "chr16_24920573_A_G_b38_A" "chr16_24921599_T_C_b38_T"
[17] "chr16_24923143_G_T_b38_G" "chr16_24924245_T_C_b38_T"
[19] "chr16_24924716_A_T_b38_A" "chr16_24925306_A_G_b38_A"
[21] "chr16_24927264_T_C_b38_T" "chr16_24932825_T_C_b38_T"
[23] "chr16_24940578_A_G_b38_A" "chr16_24943087_G_A_b38_G"
[25] "chr16_24943465_A_G_b38_A" "chr16_24945135_A_G_b38_A"
[27] "chr16_24945229_T_G_b38_T" "chr16_24945237_A_C_b38_A"
[29] "chr16_24947347_A_C_b38_A" "chr16_24947664_G_A_b38_G"
[31] "chr16_24948730_C_G_b38_C" "chr16_24950568_T_C_b38_T"
[33] "chr16_24952718_T_C_b38_T" "chr16_24953197_T_C_b38_T"
[35] "chr16_24953395_G_T_b38_G" "chr16_24953714_C_T_b38_C"
[37] "chr16_24955202_T_C_b38_T"
43 SNP(s) removed because HWE P < 1e-08 :
 [1] "chr14_35610437_C_T_b38_C" "chr14_35614500_T_G_b38_T"
 [3] "chr14_35618431_A_C_b38_A" "chr14_35648246_G_A_b38_G"
 [5] "chr14_35672726_T_C_b38_T" "chr14_35684724_C_G_b38_C"
 [7] "chr14_35701401_T_A_b38_T" "chr14_35740605_A_G_b38_A"
 [9] "chr14_35742806_C_A_b38_C" "chr14_35746036_G_A_b38_G"
[11] "chr14_35760593_A_G_b38_A" "chr14_35764173_C_T_b38_C"
[13] "chr14_35767775_A_T_b38_A" "chr14_35791152_C_A_b38_C"
[15] "chr14_35815472_A_T_b38_A" "chr14_35878085_G_T_b38_G"
[17] "chr14_35878780_C_T_b38_C" "chr14_35889592_A_T_b38_A"
[19] "chr14_35889636_G_A_b38_G" "chr14_35990294_T_C_b38_T"
[21] "chr14_35992029_A_C_b38_A" "chr14_35994282_T_C_b38_T"
[23] "chr14_35995406_A_G_b38_A" "chr14_35996435_A_G_b38_A"
[25] "chr14_35999666_A_T_b38_A" "chr14_35999803_C_T_b38_C"
[27] "chr14_36000909_A_G_b38_A" "chr14_36001144_A_G_b38_A"
[29] "chr14_36001489_T_G_b38_T" "chr14_36001501_A_G_b38_A"
[31] "chr14_36002084_T_G_b38_T" "chr14_36006171_G_A_b38_G"
[33] "chr14_36265602_C_T_b38_C" "chr14_36265953_A_T_b38_A"
[35] "chr14_36289752_C_A_b38_C" "chr14_36296570_G_A_b38_G"
[37] "chr14_36296943_C_T_b38_C" "chr14_36301607_C_G_b38_C"
[39] "chr14_36302978_C_A_b38_C" "chr14_36303358_C_T_b38_C"
[41] "chr14_36304331_G_A_b38_G" "chr14_36306241_C_T_b38_C"
[43] "chr14_36309173_C_G_b38_C"
33 SNP(s) removed because HWE P < 1e-08 :
 [1] "chr9_26567954_T_C_b38_T" "chr9_26568001_G_T_b38_G"
 [3] "chr9_26571414_A_G_b38_A" "chr9_26571451_C_G_b38_C"
 [5] "chr9_26577330_C_A_b38_C" "chr9_26579250_T_C_b38_T"
 [7] "chr9_26620197_T_A_b38_T" "chr9_26627491_C_G_b38_C"
 [9] "chr9_26628828_T_G_b38_T" "chr9_27296597_C_G_b38_C"
[11] "chr9_27335163_A_T_b38_A" "chr9_27344267_A_C_b38_A"
[13] "chr9_27344645_T_C_b38_T" "chr9_27344664_T_C_b38_T"
[15] "chr9_27344804_G_A_b38_G" "chr9_27344941_A_G_b38_A"
[17] "chr9_27345538_T_C_b38_T" "chr9_27345965_A_G_b38_A"
[19] "chr9_27346267_G_A_b38_G" "chr9_27346376_A_C_b38_A"
[21] "chr9_27346409_C_T_b38_C" "chr9_27346425_T_C_b38_T"
[23] "chr9_27346505_C_T_b38_C" "chr9_27347178_T_C_b38_T"
[25] "chr9_27347316_T_C_b38_T" "chr9_27347565_A_G_b38_A"
[27] "chr9_27347871_C_T_b38_C" "chr9_27347921_T_C_b38_T"
[29] "chr9_27348102_A_G_b38_A" "chr9_27348959_G_C_b38_G"
[31] "chr9_27349582_C_T_b38_C" "chr9_27349790_A_G_b38_A"
[33] "chr9_27350052_T_C_b38_T"
56 SNP(s) removed because HWE P < 1e-08 :
 [1] "chr2_234571796_G_C_b38_G" "chr2_234679043_G_T_b38_G"
 [3] "chr2_234679188_T_C_b38_T" "chr2_234758936_C_T_b38_C"
 [5] "chr2_234758982_T_C_b38_T" "chr2_234760203_A_G_b38_A"
 [7] "chr2_234760375_C_T_b38_C" "chr2_234888396_A_G_b38_A"
 [9] "chr2_234888758_T_C_b38_T" "chr2_234894832_A_C_b38_A"
[11] "chr2_234894910_G_A_b38_G" "chr2_234894973_T_C_b38_T"
[13] "chr2_234895017_A_G_b38_A" "chr2_234895077_T_C_b38_T"
[15] "chr2_234895138_G_A_b38_G" "chr2_234895180_T_G_b38_T"
[17] "chr2_234895243_G_C_b38_G" "chr2_234895404_A_G_b38_A"
[19] "chr2_234895495_A_G_b38_A" "chr2_234895594_G_T_b38_G"
[21] "chr2_234895605_G_A_b38_G" "chr2_234895717_A_C_b38_A"
[23] "chr2_234895726_G_A_b38_G" "chr2_234895744_C_T_b38_C"
[25] "chr2_234895756_C_A_b38_C" "chr2_234895848_T_A_b38_T"
[27] "chr2_234895974_C_T_b38_C" "chr2_234895996_G_A_b38_G"
[29] "chr2_234896107_C_G_b38_C" "chr2_234896219_G_C_b38_G"
[31] "chr2_234896302_G_C_b38_G" "chr2_234896331_A_G_b38_A"
[33] "chr2_235001953_C_T_b38_C" "chr2_235013109_C_A_b38_C"
[35] "chr2_235013502_C_T_b38_C" "chr2_235014147_A_G_b38_A"
[37] "chr2_235014329_G_T_b38_G" "chr2_235016380_G_A_b38_G"
[39] "chr2_235017019_T_C_b38_T" "chr2_235018342_C_T_b38_C"
[41] "chr2_235031472_C_T_b38_C" "chr2_235062147_T_G_b38_T"
[43] "chr2_235255566_C_A_b38_C" "chr2_235294463_A_G_b38_A"
[45] "chr2_235316147_T_C_b38_T" "chr2_235374434_A_G_b38_A"
[47] "chr2_235375213_T_C_b38_T" "chr2_235375341_T_C_b38_T"
[49] "chr2_235376857_G_A_b38_G" "chr2_235378897_A_T_b38_A"
[51] "chr2_235380311_G_A_b38_G" "chr2_235383464_G_A_b38_G"
[53] "chr2_235385818_T_C_b38_T" "chr2_235399509_A_G_b38_A"
[55] "chr2_235401021_T_A_b38_T" "chr2_235450334_T_C_b38_T"
5 SNP(s) removed because HWE P < 1e-08 :
[1] "chr16_68077910_A_C_b38_A" "chr16_68287933_C_G_b38_C"
[3] "chr16_68501324_T_C_b38_T" "chr16_68503633_C_T_b38_C"
[5] "chr16_68517149_G_A_b38_G"
5 SNP(s) removed because HWE P < 1e-08 :
[1] "chr16_68077910_A_C_b38_A" "chr16_68287933_C_G_b38_C"
[3] "chr16_68501324_T_C_b38_T" "chr16_68503633_C_T_b38_C"
[5] "chr16_68517149_G_A_b38_G"
29 SNP(s) removed because HWE P < 1e-08 :
 [1] "chr9_120804953_A_G_b38_A" "chr9_120804973_A_G_b38_A"
 [3] "chr9_120804992_C_G_b38_C" "chr9_120804993_A_T_b38_A"
 [5] "chr9_120804998_A_G_b38_A" "chr9_120805009_C_T_b38_C"
 [7] "chr9_120805026_G_T_b38_G" "chr9_120805033_C_T_b38_C"
 [9] "chr9_120805042_G_A_b38_G" "chr9_120805048_T_C_b38_T"
[11] "chr9_120805055_A_T_b38_A" "chr9_120805101_G_A_b38_G"
[13] "chr9_120805132_G_A_b38_G" "chr9_120805186_A_T_b38_A"
[15] "chr9_120805203_T_C_b38_T" "chr9_120805212_G_A_b38_G"
[17] "chr9_120908451_A_G_b38_A" "chr9_120912855_C_T_b38_C"
[19] "chr9_120915347_G_C_b38_G" "chr9_120947863_T_G_b38_T"
[21] "chr9_120953009_T_C_b38_T" "chr9_120955111_C_A_b38_C"
[23] "chr9_120955562_C_A_b38_C" "chr9_121429261_G_A_b38_G"
[25] "chr9_121429523_G_A_b38_G" "chr9_121465449_T_C_b38_T"
[27] "chr9_121555002_C_G_b38_C" "chr9_121661063_C_G_b38_C"
[29] "chr9_121687319_C_G_b38_C"
26 SNP(s) removed because HWE P < 1e-08 :
 [1] "chr4_48078519_A_C_b38_A" "chr4_48079528_T_C_b38_T"
 [3] "chr4_48085231_T_C_b38_T" "chr4_48085838_G_A_b38_G"
 [5] "chr4_48086052_C_T_b38_C" "chr4_48086429_A_G_b38_A"
 [7] "chr4_48450863_T_C_b38_T" "chr4_48451209_C_T_b38_C"
 [9] "chr4_48452709_A_G_b38_A" "chr4_48711359_T_C_b38_T"
[11] "chr4_48711393_C_T_b38_C" "chr4_48711401_C_A_b38_C"
[13] "chr4_48711410_A_G_b38_A" "chr4_48711421_A_C_b38_A"
[15] "chr4_48711432_G_C_b38_G" "chr4_48711433_G_A_b38_G"
[17] "chr4_48711441_A_C_b38_A" "chr4_48711445_C_T_b38_C"
[19] "chr4_48711447_G_A_b38_G" "chr4_48711466_C_T_b38_C"
[21] "chr4_48711467_A_T_b38_A" "chr4_48711470_G_A_b38_G"
[23] "chr4_48711609_C_T_b38_C" "chr4_48711661_A_G_b38_A"
[25] "chr4_48711678_T_A_b38_T" "chr4_48711716_T_C_b38_T"
47 SNP(s) removed because HWE P < 1e-08 :
 [1] "chr5_179786247_T_A_b38_T" "chr5_179819326_G_C_b38_G"
 [3] "chr5_179833331_C_G_b38_C" "chr5_179843752_C_A_b38_C"
 [5] "chr5_179845368_T_C_b38_T" "chr5_179852949_T_C_b38_T"
 [7] "chr5_179853927_T_G_b38_T" "chr5_179854315_T_C_b38_T"
 [9] "chr5_179856110_A_G_b38_A" "chr5_179856625_T_C_b38_T"
[11] "chr5_179858428_C_G_b38_C" "chr5_179858451_G_C_b38_G"
[13] "chr5_179868150_A_G_b38_A" "chr5_179879490_A_G_b38_A"
[15] "chr5_179895514_T_C_b38_T" "chr5_179901228_C_T_b38_C"
[17] "chr5_179902931_A_G_b38_A" "chr5_179903636_C_T_b38_C"
[19] "chr5_179903764_A_G_b38_A" "chr5_180097471_G_C_b38_G"
[21] "chr5_180097550_G_A_b38_G" "chr5_180104101_A_G_b38_A"
[23] "chr5_180135369_T_G_b38_T" "chr5_180151584_C_G_b38_C"
[25] "chr5_180153169_T_C_b38_T" "chr5_180153231_G_A_b38_G"
[27] "chr5_180417801_T_C_b38_T" "chr5_180417808_T_C_b38_T"
[29] "chr5_180417835_G_A_b38_G" "chr5_180417876_A_C_b38_A"
[31] "chr5_180417882_T_C_b38_T" "chr5_180417885_T_C_b38_T"
[33] "chr5_180418610_G_A_b38_G" "chr5_180418910_T_C_b38_T"
[35] "chr5_180418994_G_A_b38_G" "chr5_180419038_T_C_b38_T"
[37] "chr5_180419044_A_G_b38_A" "chr5_180419048_A_C_b38_A"
[39] "chr5_180419125_G_C_b38_G" "chr5_180650549_G_C_b38_G"
[41] "chr5_180673810_G_A_b38_G" "chr5_180673813_G_A_b38_G"
[43] "chr5_180673851_G_A_b38_G" "chr5_180674290_C_T_b38_C"
[45] "chr5_180674296_C_A_b38_C" "chr5_180674483_C_A_b38_C"
[47] "chr5_180674630_G_A_b38_G"
22 SNP(s) removed because HWE P < 1e-08 :
 [1] "chr4_8044692_G_T_b38_G" "chr4_8044693_A_C_b38_A" "chr4_8059763_G_A_b38_G"
 [4] "chr4_8100031_G_T_b38_G" "chr4_8100581_C_T_b38_C" "chr4_8306668_C_G_b38_C"
 [7] "chr4_8557849_T_C_b38_T" "chr4_8557938_A_C_b38_A" "chr4_8557958_G_A_b38_G"
[10] "chr4_8557961_C_T_b38_C" "chr4_8585626_A_G_b38_A" "chr4_8603756_G_C_b38_G"
[13] "chr4_8632004_T_A_b38_T" "chr4_8632045_A_G_b38_A" "chr4_8635779_A_G_b38_A"
[16] "chr4_8655103_T_G_b38_T" "chr4_8655200_C_G_b38_C" "chr4_8656155_G_C_b38_G"
[19] "chr4_8659539_G_A_b38_G" "chr4_8661217_T_G_b38_T" "chr4_8674262_C_G_b38_C"
[22] "chr4_8677036_C_A_b38_C"
37 SNP(s) removed because HWE P < 1e-08 :
 [1] "chr16_24109784_G_A_b38_G" "chr16_24227690_G_C_b38_G"
 [3] "chr16_24233628_G_C_b38_G" "chr16_24496566_C_T_b38_C"
 [5] "chr16_24496764_C_A_b38_C" "chr16_24499309_C_T_b38_C"
 [7] "chr16_24870481_A_C_b38_A" "chr16_24873006_G_A_b38_G"
 [9] "chr16_24884357_A_G_b38_A" "chr16_24917601_A_G_b38_A"
[11] "chr16_24917765_G_A_b38_G" "chr16_24917986_T_C_b38_T"
[13] "chr16_24919227_T_C_b38_T" "chr16_24920477_C_T_b38_C"
[15] "chr16_24920573_A_G_b38_A" "chr16_24921599_T_C_b38_T"
[17] "chr16_24923143_G_T_b38_G" "chr16_24924245_T_C_b38_T"
[19] "chr16_24924716_A_T_b38_A" "chr16_24925306_A_G_b38_A"
[21] "chr16_24927264_T_C_b38_T" "chr16_24932825_T_C_b38_T"
[23] "chr16_24940578_A_G_b38_A" "chr16_24943087_G_A_b38_G"
[25] "chr16_24943465_A_G_b38_A" "chr16_24945135_A_G_b38_A"
[27] "chr16_24945229_T_G_b38_T" "chr16_24945237_A_C_b38_A"
[29] "chr16_24947347_A_C_b38_A" "chr16_24947664_G_A_b38_G"
[31] "chr16_24948730_C_G_b38_C" "chr16_24950568_T_C_b38_T"
[33] "chr16_24952718_T_C_b38_T" "chr16_24953197_T_C_b38_T"
[35] "chr16_24953395_G_T_b38_G" "chr16_24953714_C_T_b38_C"
[37] "chr16_24955202_T_C_b38_T"
32 SNP(s) removed because HWE P < 1e-08 :
 [1] "chr19_17504800_T_C_b38_T" "chr19_17504915_T_C_b38_T"
 [3] "chr19_17583443_G_T_b38_G" "chr19_17666011_C_T_b38_C"
 [5] "chr19_17666078_T_C_b38_T" "chr19_17847808_C_T_b38_C"
 [7] "chr19_17847968_T_C_b38_T" "chr19_17901200_G_T_b38_G"
 [9] "chr19_17908396_T_C_b38_T" "chr19_17924720_G_T_b38_G"
[11] "chr19_17928630_T_C_b38_T" "chr19_18036796_G_A_b38_G"
[13] "chr19_18037080_A_T_b38_A" "chr19_18037381_T_C_b38_T"
[15] "chr19_18037783_T_C_b38_T" "chr19_18039165_G_A_b38_G"
[17] "chr19_18039479_C_T_b38_C" "chr19_18039995_T_C_b38_T"
[19] "chr19_18040092_T_C_b38_T" "chr19_18040429_G_T_b38_G"
[21] "chr19_18040432_G_T_b38_G" "chr19_18042127_C_T_b38_C"
[23] "chr19_18042885_A_G_b38_A" "chr19_18043992_G_C_b38_G"
[25] "chr19_18044231_C_G_b38_C" "chr19_18044266_G_C_b38_G"
[27] "chr19_18251693_G_C_b38_G" "chr19_18260387_C_T_b38_C"
[29] "chr19_18262150_C_G_b38_C" "chr19_18265699_G_A_b38_G"
[31] "chr19_18265970_T_C_b38_T" "chr19_18267871_C_A_b38_C"
22 SNP(s) removed because HWE P < 1e-08 :
 [1] "chr1_162353041_G_C_b38_G" "chr1_162353047_A_C_b38_A"
 [3] "chr1_162477576_G_A_b38_G" "chr1_162481393_G_A_b38_G"
 [5] "chr1_162483630_C_T_b38_C" "chr1_162701799_T_C_b38_T"
 [7] "chr1_162704548_G_A_b38_G" "chr1_162705250_T_C_b38_T"
 [9] "chr1_162706401_C_T_b38_C" "chr1_162710700_T_C_b38_T"
[11] "chr1_162714569_T_C_b38_T" "chr1_162722878_C_G_b38_C"
[13] "chr1_162733892_A_G_b38_A" "chr1_162742199_A_T_b38_A"
[15] "chr1_162742900_G_A_b38_G" "chr1_162743999_G_A_b38_G"
[17] "chr1_162744207_T_C_b38_T" "chr1_162752426_G_A_b38_G"
[19] "chr1_162763446_G_A_b38_G" "chr1_162798738_C_G_b38_C"
[21] "chr1_162803606_G_A_b38_G" "chr1_162909861_T_C_b38_T"
74 SNP(s) removed because HWE P < 1e-08 :
 [1] "chr21_31920396_G_A_b38_G" "chr21_31935565_G_C_b38_G"
 [3] "chr21_31935580_T_G_b38_T" "chr21_32134286_A_T_b38_A"
 [5] "chr21_32238948_G_A_b38_G" "chr21_32250914_C_T_b38_C"
 [7] "chr21_32311415_A_C_b38_A" "chr21_32410343_C_T_b38_C"
 [9] "chr21_32432979_G_A_b38_G" "chr21_32432987_A_C_b38_A"
[11] "chr21_32432995_G_A_b38_G" "chr21_32433065_T_A_b38_T"
[13] "chr21_32433084_C_T_b38_C" "chr21_32433553_G_A_b38_G"
[15] "chr21_32433554_C_G_b38_C" "chr21_32433562_T_C_b38_T"
[17] "chr21_32433629_A_G_b38_A" "chr21_32433656_G_A_b38_G"
[19] "chr21_32433663_A_T_b38_A" "chr21_32434706_A_G_b38_A"
[21] "chr21_32434713_T_C_b38_T" "chr21_32434721_A_C_b38_A"
[23] "chr21_32434746_A_C_b38_A" "chr21_32434842_G_A_b38_G"
[25] "chr21_32434867_C_T_b38_C" "chr21_32434878_G_A_b38_G"
[27] "chr21_32434919_T_G_b38_T" "chr21_32434927_C_T_b38_C"
[29] "chr21_32434967_T_G_b38_T" "chr21_32434971_T_C_b38_T"
[31] "chr21_32434992_T_C_b38_T" "chr21_32435003_T_G_b38_T"
[33] "chr21_32435004_T_C_b38_T" "chr21_32435117_A_G_b38_A"
[35] "chr21_32435125_T_C_b38_T" "chr21_32435126_G_C_b38_G"
[37] "chr21_32435133_C_A_b38_C" "chr21_32435360_C_T_b38_C"
[39] "chr21_32435400_A_G_b38_A" "chr21_32435408_T_C_b38_T"
[41] "chr21_32435414_A_G_b38_A" "chr21_32435436_C_T_b38_C"
[43] "chr21_32435462_C_T_b38_C" "chr21_32435661_G_C_b38_G"
[45] "chr21_32435666_T_G_b38_T" "chr21_32435667_A_G_b38_A"
[47] "chr21_32435716_C_T_b38_C" "chr21_32435721_G_A_b38_G"
[49] "chr21_32435728_T_C_b38_T" "chr21_32435763_C_T_b38_C"
[51] "chr21_32435766_A_C_b38_A" "chr21_32435898_C_T_b38_C"
[53] "chr21_32435949_T_A_b38_T" "chr21_32435990_T_A_b38_T"
[55] "chr21_32436019_G_A_b38_G" "chr21_32436447_T_A_b38_T"
[57] "chr21_32436465_A_C_b38_A" "chr21_32436477_T_A_b38_T"
[59] "chr21_32436484_T_C_b38_T" "chr21_32436539_G_A_b38_G"
[61] "chr21_32436627_G_A_b38_G" "chr21_32436628_G_A_b38_G"
[63] "chr21_32436637_A_G_b38_A" "chr21_32436702_C_T_b38_C"
[65] "chr21_32436736_G_A_b38_G" "chr21_32436746_A_G_b38_A"
[67] "chr21_32437187_G_C_b38_G" "chr21_32437224_A_G_b38_A"
[69] "chr21_32437249_C_A_b38_C" "chr21_32437250_G_A_b38_G"
[71] "chr21_32437258_C_G_b38_C" "chr21_32621877_A_T_b38_A"
[73] "chr21_32660622_A_G_b38_A" "chr21_32660624_C_T_b38_C"
16 SNP(s) removed because HWE P < 1e-08 :
 [1] "chr13_87178049_T_C_b38_T" "chr13_87179980_A_C_b38_A"
 [3] "chr13_87180882_G_A_b38_G" "chr13_87184880_T_C_b38_T"
 [5] "chr13_87186462_A_T_b38_A" "chr13_87186813_A_G_b38_A"
 [7] "chr13_87187501_T_C_b38_T" "chr13_87188576_C_G_b38_C"
 [9] "chr13_87189003_C_T_b38_C" "chr13_87189634_A_G_b38_A"
[11] "chr13_87190507_T_C_b38_T" "chr13_87190650_T_C_b38_T"
[13] "chr13_87192458_A_T_b38_A" "chr13_87195715_A_G_b38_A"
[15] "chr13_87198408_C_T_b38_C" "chr13_87202464_C_A_b38_C"
5 SNP(s) removed because HWE P < 1e-08 :
[1] "chr16_68077910_A_C_b38_A" "chr16_68287933_C_G_b38_C"
[3] "chr16_68501324_T_C_b38_T" "chr16_68503633_C_T_b38_C"
[5] "chr16_68517149_G_A_b38_G"
7 SNP(s) removed because HWE P < 1e-08 :
[1] "chr6_122070522_G_A_b38_G" "chr6_122591220_C_A_b38_C"
[3] "chr6_122760666_T_C_b38_T" "chr6_122788278_C_G_b38_C"
[5] "chr6_122789776_T_C_b38_T" "chr6_122789828_G_T_b38_G"
[7] "chr6_122790394_T_C_b38_T"
132 SNP(s) removed because HWE P < 1e-08 :
  [1] "chr19_22088095_G_A_b38_G" "chr19_22088097_G_T_b38_G"
  [3] "chr19_22088110_G_A_b38_G" "chr19_22088119_T_C_b38_T"
  [5] "chr19_22088126_T_C_b38_T" "chr19_22088127_G_A_b38_G"
  [7] "chr19_22088132_G_C_b38_G" "chr19_22088133_G_A_b38_G"
  [9] "chr19_22105589_A_G_b38_A" "chr19_22118721_C_T_b38_C"
 [11] "chr19_22181042_G_A_b38_G" "chr19_22250913_T_C_b38_T"
 [13] "chr19_22250973_T_C_b38_T" "chr19_22301613_G_A_b38_G"
 [15] "chr19_22301618_G_C_b38_G" "chr19_22301632_T_C_b38_T"
 [17] "chr19_22301634_T_G_b38_T" "chr19_22301641_C_G_b38_C"
 [19] "chr19_22301842_G_C_b38_G" "chr19_22302227_G_A_b38_G"
 [21] "chr19_22302345_G_A_b38_G" "chr19_22302393_G_C_b38_G"
 [23] "chr19_22302420_C_G_b38_C" "chr19_22302440_T_C_b38_T"
 [25] "chr19_22302534_G_T_b38_G" "chr19_22302555_T_C_b38_T"
 [27] "chr19_22302575_T_A_b38_T" "chr19_22302587_T_A_b38_T"
 [29] "chr19_22302599_A_C_b38_A" "chr19_22302602_G_A_b38_G"
 [31] "chr19_22302604_T_C_b38_T" "chr19_22302700_C_T_b38_C"
 [33] "chr19_22302707_C_T_b38_C" "chr19_22302708_A_C_b38_A"
 [35] "chr19_22302727_T_C_b38_T" "chr19_22302728_G_A_b38_G"
 [37] "chr19_22302733_T_C_b38_T" "chr19_22302772_A_G_b38_A"
 [39] "chr19_22302786_G_A_b38_G" "chr19_22302787_A_T_b38_A"
 [41] "chr19_22302799_A_G_b38_A" "chr19_22302813_G_T_b38_G"
 [43] "chr19_22302816_A_G_b38_A" "chr19_22302824_T_G_b38_T"
 [45] "chr19_22302826_A_C_b38_A" "chr19_22340148_A_G_b38_A"
 [47] "chr19_22347066_C_T_b38_C" "chr19_22350016_A_G_b38_A"
 [49] "chr19_22378706_A_G_b38_A" "chr19_22424813_A_T_b38_A"
 [51] "chr19_22424825_T_C_b38_T" "chr19_22424827_C_G_b38_C"
 [53] "chr19_22424834_C_G_b38_C" "chr19_22424855_A_C_b38_A"
 [55] "chr19_22424861_C_G_b38_C" "chr19_22424869_T_G_b38_T"
 [57] "chr19_22424871_G_A_b38_G" "chr19_22424879_C_T_b38_C"
 [59] "chr19_22424889_T_C_b38_T" "chr19_22424890_T_C_b38_T"
 [61] "chr19_22424904_G_A_b38_G" "chr19_22424929_C_T_b38_C"
 [63] "chr19_22424931_C_T_b38_C" "chr19_22424933_T_C_b38_T"
 [65] "chr19_22424937_A_G_b38_A" "chr19_22424943_T_C_b38_T"
 [67] "chr19_22425002_G_A_b38_G" "chr19_22425015_T_A_b38_T"
 [69] "chr19_22425020_G_A_b38_G" "chr19_22425028_C_T_b38_C"
 [71] "chr19_22435511_A_G_b38_A" "chr19_22435520_T_A_b38_T"
 [73] "chr19_22547025_C_T_b38_C" "chr19_22551744_T_C_b38_T"
 [75] "chr19_22552544_G_C_b38_G" "chr19_22552662_G_C_b38_G"
 [77] "chr19_22553045_G_C_b38_G" "chr19_22554392_A_G_b38_A"
 [79] "chr19_22554746_T_C_b38_T" "chr19_22554907_T_C_b38_T"
 [81] "chr19_22554937_A_G_b38_A" "chr19_22557597_A_G_b38_A"
 [83] "chr19_22557898_C_T_b38_C" "chr19_22558323_G_A_b38_G"
 [85] "chr19_22558555_G_A_b38_G" "chr19_22558713_T_A_b38_T"
 [87] "chr19_22558873_C_T_b38_C" "chr19_22559518_G_A_b38_G"
 [89] "chr19_22559662_G_A_b38_G" "chr19_22559859_G_A_b38_G"
 [91] "chr19_22560056_G_A_b38_G" "chr19_22560518_T_G_b38_T"
 [93] "chr19_22560943_T_C_b38_T" "chr19_22561995_A_G_b38_A"
 [95] "chr19_22562511_T_C_b38_T" "chr19_22563394_T_C_b38_T"
 [97] "chr19_22563648_A_G_b38_A" "chr19_22564048_A_G_b38_A"
 [99] "chr19_22564633_A_G_b38_A" "chr19_22564649_A_C_b38_A"
[101] "chr19_22564653_C_G_b38_C" "chr19_22566262_A_G_b38_A"
[103] "chr19_22567057_G_A_b38_G" "chr19_22568291_G_C_b38_G"
[105] "chr19_22568523_C_T_b38_C" "chr19_22568524_C_A_b38_C"
[107] "chr19_22568898_T_C_b38_T" "chr19_22574453_C_T_b38_C"
[109] "chr19_22574462_T_C_b38_T" "chr19_22577123_T_C_b38_T"
[111] "chr19_22577165_T_G_b38_T" "chr19_22580059_G_A_b38_G"
[113] "chr19_22580061_C_A_b38_C" "chr19_22580082_A_G_b38_A"
[115] "chr19_22580112_A_G_b38_A" "chr19_22580146_T_C_b38_T"
[117] "chr19_22580151_G_A_b38_G" "chr19_22580160_A_T_b38_A"
[119] "chr19_22580185_C_T_b38_C" "chr19_22580261_C_T_b38_C"
[121] "chr19_22606461_G_C_b38_G" "chr19_22612848_A_C_b38_A"
[123] "chr19_22623229_T_C_b38_T" "chr19_22662449_A_C_b38_A"
[125] "chr19_22668039_G_A_b38_G" "chr19_22675747_T_C_b38_T"
[127] "chr19_22675748_A_C_b38_A" "chr19_22785166_C_G_b38_C"
[129] "chr19_22787415_A_G_b38_A" "chr19_22787552_A_G_b38_A"
[131] "chr19_22806524_G_A_b38_G" "chr19_22806545_A_C_b38_A"
26 SNP(s) removed because HWE P < 1e-08 :
 [1] "chr4_48078519_A_C_b38_A" "chr4_48079528_T_C_b38_T"
 [3] "chr4_48085231_T_C_b38_T" "chr4_48085838_G_A_b38_G"
 [5] "chr4_48086052_C_T_b38_C" "chr4_48086429_A_G_b38_A"
 [7] "chr4_48450863_T_C_b38_T" "chr4_48451209_C_T_b38_C"
 [9] "chr4_48452709_A_G_b38_A" "chr4_48711359_T_C_b38_T"
[11] "chr4_48711393_C_T_b38_C" "chr4_48711401_C_A_b38_C"
[13] "chr4_48711410_A_G_b38_A" "chr4_48711421_A_C_b38_A"
[15] "chr4_48711432_G_C_b38_G" "chr4_48711433_G_A_b38_G"
[17] "chr4_48711441_A_C_b38_A" "chr4_48711445_C_T_b38_C"
[19] "chr4_48711447_G_A_b38_G" "chr4_48711466_C_T_b38_C"
[21] "chr4_48711467_A_T_b38_A" "chr4_48711470_G_A_b38_G"
[23] "chr4_48711609_C_T_b38_C" "chr4_48711661_A_G_b38_A"
[25] "chr4_48711678_T_A_b38_T" "chr4_48711716_T_C_b38_T"
20 SNP(s) removed because HWE P < 1e-08 :
 [1] "chr17_35379518_A_C_b38_A" "chr17_35442015_G_A_b38_G"
 [3] "chr17_35996816_T_G_b38_T" "chr17_36082933_C_A_b38_C"
 [5] "chr17_36083801_G_C_b38_G" "chr17_36083900_T_A_b38_T"
 [7] "chr17_36109988_G_T_b38_G" "chr17_36111300_G_A_b38_G"
 [9] "chr17_36112019_G_A_b38_G" "chr17_36114883_G_A_b38_G"
[11] "chr17_36152807_C_A_b38_C" "chr17_36160669_C_T_b38_C"
[13] "chr17_36161464_T_G_b38_T" "chr17_36163152_C_T_b38_C"
[15] "chr17_36163256_C_T_b38_C" "chr17_36164185_C_T_b38_C"
[17] "chr17_36165283_A_G_b38_A" "chr17_36165307_T_G_b38_T"
[19] "chr17_36229227_G_A_b38_G" "chr17_36229290_G_T_b38_G"
6 SNP(s) removed because HWE P < 1e-08 :
[1] "chr17_28439190_A_C_b38_A" "chr17_28439714_T_C_b38_T"
[3] "chr17_28441937_G_A_b38_G" "chr17_28452019_C_T_b38_C"
[5] "chr17_28452207_C_G_b38_C" "chr17_28459762_C_A_b38_C"
21 SNP(s) removed because HWE P < 1e-08 :
 [1] "chr5_153226300_G_A_b38_G" "chr5_153264409_G_T_b38_G"
 [3] "chr5_153265653_T_C_b38_T" "chr5_153265830_A_G_b38_A"
 [5] "chr5_153265848_G_A_b38_G" "chr5_153266205_C_T_b38_C"
 [7] "chr5_153268258_G_A_b38_G" "chr5_153268430_A_G_b38_A"
 [9] "chr5_153269148_C_T_b38_C" "chr5_153270651_G_A_b38_G"
[11] "chr5_153271978_C_T_b38_C" "chr5_153272205_A_G_b38_A"
[13] "chr5_153272854_C_A_b38_C" "chr5_153273066_G_A_b38_G"
[15] "chr5_153273416_A_T_b38_A" "chr5_153273965_T_G_b38_T"
[17] "chr5_153277545_T_G_b38_T" "chr5_153338545_T_G_b38_T"
[19] "chr5_153728443_G_A_b38_G" "chr5_153728444_G_A_b38_G"
[21] "chr5_153728877_T_A_b38_T"
32 SNP(s) removed because HWE P < 1e-08 :
 [1] "chr19_17504800_T_C_b38_T" "chr19_17504915_T_C_b38_T"
 [3] "chr19_17583443_G_T_b38_G" "chr19_17666011_C_T_b38_C"
 [5] "chr19_17666078_T_C_b38_T" "chr19_17847808_C_T_b38_C"
 [7] "chr19_17847968_T_C_b38_T" "chr19_17901200_G_T_b38_G"
 [9] "chr19_17908396_T_C_b38_T" "chr19_17924720_G_T_b38_G"
[11] "chr19_17928630_T_C_b38_T" "chr19_18036796_G_A_b38_G"
[13] "chr19_18037080_A_T_b38_A" "chr19_18037381_T_C_b38_T"
[15] "chr19_18037783_T_C_b38_T" "chr19_18039165_G_A_b38_G"
[17] "chr19_18039479_C_T_b38_C" "chr19_18039995_T_C_b38_T"
[19] "chr19_18040092_T_C_b38_T" "chr19_18040429_G_T_b38_G"
[21] "chr19_18040432_G_T_b38_G" "chr19_18042127_C_T_b38_C"
[23] "chr19_18042885_A_G_b38_A" "chr19_18043992_G_C_b38_G"
[25] "chr19_18044231_C_G_b38_C" "chr19_18044266_G_C_b38_G"
[27] "chr19_18251693_G_C_b38_G" "chr19_18260387_C_T_b38_C"
[29] "chr19_18262150_C_G_b38_C" "chr19_18265699_G_A_b38_G"
[31] "chr19_18265970_T_C_b38_T" "chr19_18267871_C_A_b38_C"
23 SNP(s) removed because HWE P < 1e-08 :
 [1] "chr20_3620989_T_A_b38_T" "chr20_3621518_C_T_b38_C"
 [3] "chr20_3621703_G_A_b38_G" "chr20_3622250_G_A_b38_G"
 [5] "chr20_3622973_C_G_b38_C" "chr20_3629107_T_C_b38_T"
 [7] "chr20_3634743_G_A_b38_G" "chr20_3635250_C_T_b38_C"
 [9] "chr20_3635692_T_C_b38_T" "chr20_3636717_C_T_b38_C"
[11] "chr20_3638439_G_A_b38_G" "chr20_3638737_G_T_b38_G"
[13] "chr20_3639323_C_T_b38_C" "chr20_3639338_T_C_b38_T"
[15] "chr20_3639496_A_G_b38_A" "chr20_3640437_A_G_b38_A"
[17] "chr20_3646031_C_T_b38_C" "chr20_3700951_G_A_b38_G"
[19] "chr20_3808671_A_C_b38_A" "chr20_3813536_C_T_b38_C"
[21] "chr20_3859064_A_G_b38_A" "chr20_4177210_G_C_b38_G"
[23] "chr20_4214464_C_T_b38_C"
25 SNP(s) removed because HWE P < 1e-08 :
 [1] "chr12_27473949_T_A_b38_T" "chr12_27474114_C_G_b38_C"
 [3] "chr12_27474604_T_C_b38_T" "chr12_27475172_G_A_b38_G"
 [5] "chr12_27475399_C_T_b38_C" "chr12_27478103_A_G_b38_A"
 [7] "chr12_27478764_A_G_b38_A" "chr12_27484328_A_G_b38_A"
 [9] "chr12_27488540_G_A_b38_G" "chr12_27489296_A_G_b38_A"
[11] "chr12_27490718_T_C_b38_T" "chr12_27783715_G_A_b38_G"
[13] "chr12_27784572_C_T_b38_C" "chr12_28018615_T_C_b38_T"
[15] "chr12_28087684_A_T_b38_A" "chr12_28097616_A_G_b38_A"
[17] "chr12_28097768_C_T_b38_C" "chr12_28365200_G_A_b38_G"
[19] "chr12_28379166_G_A_b38_G" "chr12_28392437_G_C_b38_G"
[21] "chr12_28411041_G_A_b38_G" "chr12_28425613_T_C_b38_T"
[23] "chr12_28440007_A_T_b38_A" "chr12_28454092_A_C_b38_A"
[25] "chr12_28461248_A_G_b38_A"
69 SNP(s) removed because HWE P < 1e-08 :
 [1] "chr8_81253423_T_C_b38_T" "chr8_81281143_C_T_b38_C"
 [3] "chr8_81289273_A_T_b38_A" "chr8_81297255_A_G_b38_A"
 [5] "chr8_81299436_C_T_b38_C" "chr8_81300344_T_C_b38_T"
 [7] "chr8_81325559_T_C_b38_T" "chr8_81327049_C_G_b38_C"
 [9] "chr8_81327156_T_G_b38_T" "chr8_81327252_A_G_b38_A"
[11] "chr8_81327333_T_C_b38_T" "chr8_81327394_A_G_b38_A"
[13] "chr8_81328362_A_G_b38_A" "chr8_81328531_C_A_b38_C"
[15] "chr8_81329064_T_A_b38_T" "chr8_81329094_T_G_b38_T"
[17] "chr8_81329957_C_T_b38_C" "chr8_81330786_A_G_b38_A"
[19] "chr8_81330873_T_C_b38_T" "chr8_81331043_A_C_b38_A"
[21] "chr8_81331131_T_C_b38_T" "chr8_81331608_C_T_b38_C"
[23] "chr8_81331614_C_T_b38_C" "chr8_81331709_T_G_b38_T"
[25] "chr8_81331864_A_G_b38_A" "chr8_81331877_C_T_b38_C"
[27] "chr8_81332098_G_A_b38_G" "chr8_81332283_A_G_b38_A"
[29] "chr8_81332524_C_T_b38_C" "chr8_81332904_A_T_b38_A"
[31] "chr8_81332906_C_T_b38_C" "chr8_81333125_G_A_b38_G"
[33] "chr8_81333194_G_T_b38_G" "chr8_81333216_T_C_b38_T"
[35] "chr8_81333791_C_T_b38_C" "chr8_81334313_T_C_b38_T"
[37] "chr8_81335686_A_G_b38_A" "chr8_81336303_C_T_b38_C"
[39] "chr8_81464464_C_T_b38_C" "chr8_81468508_A_T_b38_A"
[41] "chr8_81468888_A_G_b38_A" "chr8_81469332_T_C_b38_T"
[43] "chr8_81469415_G_A_b38_G" "chr8_81470506_G_A_b38_G"
[45] "chr8_81470621_C_T_b38_C" "chr8_81471159_T_G_b38_T"
[47] "chr8_81514819_A_C_b38_A" "chr8_81515555_C_T_b38_C"
[49] "chr8_81518769_T_C_b38_T" "chr8_81527961_G_T_b38_G"
[51] "chr8_81900677_A_T_b38_A" "chr8_81900680_C_T_b38_C"
[53] "chr8_81900761_G_T_b38_G" "chr8_81900762_G_A_b38_G"
[55] "chr8_81900773_G_A_b38_G" "chr8_81900776_G_T_b38_G"
[57] "chr8_81900779_T_C_b38_T" "chr8_81900782_C_T_b38_C"
[59] "chr8_81900783_T_C_b38_T" "chr8_81900784_G_A_b38_G"
[61] "chr8_81900789_T_C_b38_T" "chr8_81900796_C_G_b38_C"
[63] "chr8_81900800_G_C_b38_G" "chr8_82127185_G_A_b38_G"
[65] "chr8_82127192_C_G_b38_C" "chr8_82129772_G_C_b38_G"
[67] "chr8_82130336_C_T_b38_C" "chr8_82136891_C_T_b38_C"
[69] "chr8_82137774_C_G_b38_C"
20 SNP(s) removed because HWE P < 1e-08 :
 [1] "chr13_85462158_G_A_b38_G" "chr13_85463968_T_C_b38_T"
 [3] "chr13_85469687_C_T_b38_C" "chr13_85472745_C_T_b38_C"
 [5] "chr13_85478468_T_G_b38_T" "chr13_85480985_A_C_b38_A"
 [7] "chr13_85487804_A_C_b38_A" "chr13_85494068_A_C_b38_A"
 [9] "chr13_85494812_T_C_b38_T" "chr13_85498836_C_T_b38_C"
[11] "chr13_85573603_T_C_b38_T" "chr13_85596379_A_C_b38_A"
[13] "chr13_85623172_C_T_b38_C" "chr13_85633094_G_A_b38_G"
[15] "chr13_86002019_G_A_b38_G" "chr13_86029953_C_T_b38_C"
[17] "chr13_86031153_T_C_b38_T" "chr13_86047910_G_T_b38_G"
[19] "chr13_86052302_G_A_b38_G" "chr13_86052780_A_G_b38_A"
56 SNP(s) removed because HWE P < 1e-08 :
 [1] "chr2_234571796_G_C_b38_G" "chr2_234679043_G_T_b38_G"
 [3] "chr2_234679188_T_C_b38_T" "chr2_234758936_C_T_b38_C"
 [5] "chr2_234758982_T_C_b38_T" "chr2_234760203_A_G_b38_A"
 [7] "chr2_234760375_C_T_b38_C" "chr2_234888396_A_G_b38_A"
 [9] "chr2_234888758_T_C_b38_T" "chr2_234894832_A_C_b38_A"
[11] "chr2_234894910_G_A_b38_G" "chr2_234894973_T_C_b38_T"
[13] "chr2_234895017_A_G_b38_A" "chr2_234895077_T_C_b38_T"
[15] "chr2_234895138_G_A_b38_G" "chr2_234895180_T_G_b38_T"
[17] "chr2_234895243_G_C_b38_G" "chr2_234895404_A_G_b38_A"
[19] "chr2_234895495_A_G_b38_A" "chr2_234895594_G_T_b38_G"
[21] "chr2_234895605_G_A_b38_G" "chr2_234895717_A_C_b38_A"
[23] "chr2_234895726_G_A_b38_G" "chr2_234895744_C_T_b38_C"
[25] "chr2_234895756_C_A_b38_C" "chr2_234895848_T_A_b38_T"
[27] "chr2_234895974_C_T_b38_C" "chr2_234895996_G_A_b38_G"
[29] "chr2_234896107_C_G_b38_C" "chr2_234896219_G_C_b38_G"
[31] "chr2_234896302_G_C_b38_G" "chr2_234896331_A_G_b38_A"
[33] "chr2_235001953_C_T_b38_C" "chr2_235013109_C_A_b38_C"
[35] "chr2_235013502_C_T_b38_C" "chr2_235014147_A_G_b38_A"
[37] "chr2_235014329_G_T_b38_G" "chr2_235016380_G_A_b38_G"
[39] "chr2_235017019_T_C_b38_T" "chr2_235018342_C_T_b38_C"
[41] "chr2_235031472_C_T_b38_C" "chr2_235062147_T_G_b38_T"
[43] "chr2_235255566_C_A_b38_C" "chr2_235294463_A_G_b38_A"
[45] "chr2_235316147_T_C_b38_T" "chr2_235374434_A_G_b38_A"
[47] "chr2_235375213_T_C_b38_T" "chr2_235375341_T_C_b38_T"
[49] "chr2_235376857_G_A_b38_G" "chr2_235378897_A_T_b38_A"
[51] "chr2_235380311_G_A_b38_G" "chr2_235383464_G_A_b38_G"
[53] "chr2_235385818_T_C_b38_T" "chr2_235399509_A_G_b38_A"
[55] "chr2_235401021_T_A_b38_T" "chr2_235450334_T_C_b38_T"
62 SNP(s) removed because HWE P < 1e-08 :
 [1] "chr16_11426939_T_C_b38_T" "chr16_11427390_A_C_b38_A"
 [3] "chr16_11432066_G_T_b38_G" "chr16_11432541_G_C_b38_G"
 [5] "chr16_11449589_C_T_b38_C" "chr16_11450903_A_T_b38_A"
 [7] "chr16_11452448_A_G_b38_A" "chr16_11454017_A_G_b38_A"
 [9] "chr16_11470521_C_G_b38_C" "chr16_11495390_T_A_b38_T"
[11] "chr16_11495448_T_C_b38_T" "chr16_11506374_T_C_b38_T"
[13] "chr16_11507353_T_A_b38_T" "chr16_11507370_C_T_b38_C"
[15] "chr16_11507638_C_G_b38_C" "chr16_11507706_A_C_b38_A"
[17] "chr16_11507925_C_T_b38_C" "chr16_11507943_T_C_b38_T"
[19] "chr16_11507974_G_T_b38_G" "chr16_11689206_A_G_b38_A"
[21] "chr16_11689242_T_C_b38_T" "chr16_11689467_A_G_b38_A"
[23] "chr16_11695056_G_A_b38_G" "chr16_11749061_C_T_b38_C"
[25] "chr16_11820684_G_C_b38_G" "chr16_11829135_G_A_b38_G"
[27] "chr16_11829144_C_G_b38_C" "chr16_11907915_G_A_b38_G"
[29] "chr16_11925517_G_A_b38_G" "chr16_11925590_G_A_b38_G"
[31] "chr16_11925699_G_A_b38_G" "chr16_11953886_G_T_b38_G"
[33] "chr16_11991369_C_T_b38_C" "chr16_11995626_T_G_b38_T"
[35] "chr16_12057828_T_A_b38_T" "chr16_12156237_G_C_b38_G"
[37] "chr16_12176698_G_C_b38_G" "chr16_12189675_C_T_b38_C"
[39] "chr16_12194730_A_G_b38_A" "chr16_12200483_G_A_b38_G"
[41] "chr16_12202946_G_T_b38_G" "chr16_12211598_T_C_b38_T"
[43] "chr16_12273353_T_G_b38_T" "chr16_12294586_T_C_b38_T"
[45] "chr16_12327911_C_T_b38_C" "chr16_12330382_G_A_b38_G"
[47] "chr16_12330429_G_A_b38_G" "chr16_12336350_G_A_b38_G"
[49] "chr16_12336672_C_T_b38_C" "chr16_12337004_C_T_b38_C"
[51] "chr16_12338794_C_A_b38_C" "chr16_12339432_G_C_b38_G"
[53] "chr16_12351605_C_G_b38_C" "chr16_12377255_G_A_b38_G"
[55] "chr16_12378818_G_C_b38_G" "chr16_12385426_G_A_b38_G"
[57] "chr16_12385672_A_G_b38_A" "chr16_12386300_A_G_b38_A"
[59] "chr16_12387281_G_T_b38_G" "chr16_12387416_G_C_b38_G"
[61] "chr16_12388803_A_C_b38_A" "chr16_12388932_A_C_b38_A"
25 SNP(s) removed because HWE P < 1e-08 :
 [1] "chr12_27473949_T_A_b38_T" "chr12_27474114_C_G_b38_C"
 [3] "chr12_27474604_T_C_b38_T" "chr12_27475172_G_A_b38_G"
 [5] "chr12_27475399_C_T_b38_C" "chr12_27478103_A_G_b38_A"
 [7] "chr12_27478764_A_G_b38_A" "chr12_27484328_A_G_b38_A"
 [9] "chr12_27488540_G_A_b38_G" "chr12_27489296_A_G_b38_A"
[11] "chr12_27490718_T_C_b38_T" "chr12_27783715_G_A_b38_G"
[13] "chr12_27784572_C_T_b38_C" "chr12_28018615_T_C_b38_T"
[15] "chr12_28087684_A_T_b38_A" "chr12_28097616_A_G_b38_A"
[17] "chr12_28097768_C_T_b38_C" "chr12_28365200_G_A_b38_G"
[19] "chr12_28379166_G_A_b38_G" "chr12_28392437_G_C_b38_G"
[21] "chr12_28411041_G_A_b38_G" "chr12_28425613_T_C_b38_T"
[23] "chr12_28440007_A_T_b38_A" "chr12_28454092_A_C_b38_A"
[25] "chr12_28461248_A_G_b38_A"
23 SNP(s) removed because HWE P < 1e-08 :
 [1] "chr20_3620989_T_A_b38_T" "chr20_3621518_C_T_b38_C"
 [3] "chr20_3621703_G_A_b38_G" "chr20_3622250_G_A_b38_G"
 [5] "chr20_3622973_C_G_b38_C" "chr20_3629107_T_C_b38_T"
 [7] "chr20_3634743_G_A_b38_G" "chr20_3635250_C_T_b38_C"
 [9] "chr20_3635692_T_C_b38_T" "chr20_3636717_C_T_b38_C"
[11] "chr20_3638439_G_A_b38_G" "chr20_3638737_G_T_b38_G"
[13] "chr20_3639323_C_T_b38_C" "chr20_3639338_T_C_b38_T"
[15] "chr20_3639496_A_G_b38_A" "chr20_3640437_A_G_b38_A"
[17] "chr20_3646031_C_T_b38_C" "chr20_3700951_G_A_b38_G"
[19] "chr20_3808671_A_C_b38_A" "chr20_3813536_C_T_b38_C"
[21] "chr20_3859064_A_G_b38_A" "chr20_4177210_G_C_b38_G"
[23] "chr20_4214464_C_T_b38_C"
37 SNP(s) removed because HWE P < 1e-08 :
 [1] "chr16_24109784_G_A_b38_G" "chr16_24227690_G_C_b38_G"
 [3] "chr16_24233628_G_C_b38_G" "chr16_24496566_C_T_b38_C"
 [5] "chr16_24496764_C_A_b38_C" "chr16_24499309_C_T_b38_C"
 [7] "chr16_24870481_A_C_b38_A" "chr16_24873006_G_A_b38_G"
 [9] "chr16_24884357_A_G_b38_A" "chr16_24917601_A_G_b38_A"
[11] "chr16_24917765_G_A_b38_G" "chr16_24917986_T_C_b38_T"
[13] "chr16_24919227_T_C_b38_T" "chr16_24920477_C_T_b38_C"
[15] "chr16_24920573_A_G_b38_A" "chr16_24921599_T_C_b38_T"
[17] "chr16_24923143_G_T_b38_G" "chr16_24924245_T_C_b38_T"
[19] "chr16_24924716_A_T_b38_A" "chr16_24925306_A_G_b38_A"
[21] "chr16_24927264_T_C_b38_T" "chr16_24932825_T_C_b38_T"
[23] "chr16_24940578_A_G_b38_A" "chr16_24943087_G_A_b38_G"
[25] "chr16_24943465_A_G_b38_A" "chr16_24945135_A_G_b38_A"
[27] "chr16_24945229_T_G_b38_T" "chr16_24945237_A_C_b38_A"
[29] "chr16_24947347_A_C_b38_A" "chr16_24947664_G_A_b38_G"
[31] "chr16_24948730_C_G_b38_C" "chr16_24950568_T_C_b38_T"
[33] "chr16_24952718_T_C_b38_T" "chr16_24953197_T_C_b38_T"
[35] "chr16_24953395_G_T_b38_G" "chr16_24953714_C_T_b38_C"
[37] "chr16_24955202_T_C_b38_T"
22 SNP(s) removed because HWE P < 1e-08 :
 [1] "chr1_162353041_G_C_b38_G" "chr1_162353047_A_C_b38_A"
 [3] "chr1_162477576_G_A_b38_G" "chr1_162481393_G_A_b38_G"
 [5] "chr1_162483630_C_T_b38_C" "chr1_162701799_T_C_b38_T"
 [7] "chr1_162704548_G_A_b38_G" "chr1_162705250_T_C_b38_T"
 [9] "chr1_162706401_C_T_b38_C" "chr1_162710700_T_C_b38_T"
[11] "chr1_162714569_T_C_b38_T" "chr1_162722878_C_G_b38_C"
[13] "chr1_162733892_A_G_b38_A" "chr1_162742199_A_T_b38_A"
[15] "chr1_162742900_G_A_b38_G" "chr1_162743999_G_A_b38_G"
[17] "chr1_162744207_T_C_b38_T" "chr1_162752426_G_A_b38_G"
[19] "chr1_162763446_G_A_b38_G" "chr1_162798738_C_G_b38_C"
[21] "chr1_162803606_G_A_b38_G" "chr1_162909861_T_C_b38_T"
86 SNP(s) removed because HWE P < 1e-08 :
 [1] "chr11_12602581_C_A_b38_C" "chr11_12624958_C_A_b38_C"
 [3] "chr11_12709357_A_C_b38_A" "chr11_12711743_G_T_b38_G"
 [5] "chr11_12712147_G_A_b38_G" "chr11_12714195_C_T_b38_C"
 [7] "chr11_12714879_C_G_b38_C" "chr11_12715017_G_A_b38_G"
 [9] "chr11_12715147_C_T_b38_C" "chr11_12715325_A_G_b38_A"
[11] "chr11_12715946_C_T_b38_C" "chr11_12715993_T_C_b38_T"
[13] "chr11_12717103_G_A_b38_G" "chr11_12717141_C_A_b38_C"
[15] "chr11_12722267_A_G_b38_A" "chr11_12722492_G_A_b38_G"
[17] "chr11_12722623_A_G_b38_A" "chr11_12725406_G_A_b38_G"
[19] "chr11_12726375_G_A_b38_G" "chr11_12730213_C_A_b38_C"
[21] "chr11_12731602_A_G_b38_A" "chr11_12750963_G_C_b38_G"
[23] "chr11_12757747_T_C_b38_T" "chr11_12757888_G_T_b38_G"
[25] "chr11_12758617_C_T_b38_C" "chr11_12758709_T_C_b38_T"
[27] "chr11_12759469_G_A_b38_G" "chr11_12775522_G_C_b38_G"
[29] "chr11_12781165_A_G_b38_A" "chr11_12797262_G_A_b38_G"
[31] "chr11_12801705_T_G_b38_T" "chr11_12806545_C_T_b38_C"
[33] "chr11_12810221_C_T_b38_C" "chr11_12820345_A_C_b38_A"
[35] "chr11_12959220_G_C_b38_G" "chr11_13145421_T_C_b38_T"
[37] "chr11_13159063_A_T_b38_A" "chr11_13160043_T_C_b38_T"
[39] "chr11_13161191_T_G_b38_T" "chr11_13162034_C_T_b38_C"
[41] "chr11_13163679_G_A_b38_G" "chr11_13167486_A_G_b38_A"
[43] "chr11_13167824_C_G_b38_C" "chr11_13168039_T_G_b38_T"
[45] "chr11_13168424_A_T_b38_A" "chr11_13168751_C_A_b38_C"
[47] "chr11_13168868_C_G_b38_C" "chr11_13170516_C_T_b38_C"
[49] "chr11_13171300_T_A_b38_T" "chr11_13171711_G_C_b38_G"
[51] "chr11_13172324_A_C_b38_A" "chr11_13172527_T_C_b38_T"
[53] "chr11_13172742_G_A_b38_G" "chr11_13173008_G_A_b38_G"
[55] "chr11_13173311_A_C_b38_A" "chr11_13173332_G_A_b38_G"
[57] "chr11_13173916_G_A_b38_G" "chr11_13174617_C_T_b38_C"
[59] "chr11_13174658_A_G_b38_A" "chr11_13175460_G_T_b38_G"
[61] "chr11_13175491_T_C_b38_T" "chr11_13176427_A_G_b38_A"
[63] "chr11_13176535_G_A_b38_G" "chr11_13176583_C_T_b38_C"
[65] "chr11_13177356_T_C_b38_T" "chr11_13178288_C_T_b38_C"
[67] "chr11_13178878_C_T_b38_C" "chr11_13179392_C_G_b38_C"
[69] "chr11_13179991_G_A_b38_G" "chr11_13180396_T_C_b38_T"
[71] "chr11_13181122_C_T_b38_C" "chr11_13181132_T_A_b38_T"
[73] "chr11_13181163_T_G_b38_T" "chr11_13181254_G_A_b38_G"
[75] "chr11_13181293_C_T_b38_C" "chr11_13181360_G_A_b38_G"
[77] "chr11_13181664_A_G_b38_A" "chr11_13182114_G_A_b38_G"
[79] "chr11_13182203_G_A_b38_G" "chr11_13182610_C_T_b38_C"
[81] "chr11_13182823_T_C_b38_T" "chr11_13183287_G_A_b38_G"
[83] "chr11_13184213_G_A_b38_G" "chr11_13301971_T_C_b38_T"
[85] "chr11_13316281_G_A_b38_G" "chr11_13395112_C_G_b38_C"
37 SNP(s) removed because HWE P < 1e-08 :
 [1] "chr16_24109784_G_A_b38_G" "chr16_24227690_G_C_b38_G"
 [3] "chr16_24233628_G_C_b38_G" "chr16_24496566_C_T_b38_C"
 [5] "chr16_24496764_C_A_b38_C" "chr16_24499309_C_T_b38_C"
 [7] "chr16_24870481_A_C_b38_A" "chr16_24873006_G_A_b38_G"
 [9] "chr16_24884357_A_G_b38_A" "chr16_24917601_A_G_b38_A"
[11] "chr16_24917765_G_A_b38_G" "chr16_24917986_T_C_b38_T"
[13] "chr16_24919227_T_C_b38_T" "chr16_24920477_C_T_b38_C"
[15] "chr16_24920573_A_G_b38_A" "chr16_24921599_T_C_b38_T"
[17] "chr16_24923143_G_T_b38_G" "chr16_24924245_T_C_b38_T"
[19] "chr16_24924716_A_T_b38_A" "chr16_24925306_A_G_b38_A"
[21] "chr16_24927264_T_C_b38_T" "chr16_24932825_T_C_b38_T"
[23] "chr16_24940578_A_G_b38_A" "chr16_24943087_G_A_b38_G"
[25] "chr16_24943465_A_G_b38_A" "chr16_24945135_A_G_b38_A"
[27] "chr16_24945229_T_G_b38_T" "chr16_24945237_A_C_b38_A"
[29] "chr16_24947347_A_C_b38_A" "chr16_24947664_G_A_b38_G"
[31] "chr16_24948730_C_G_b38_C" "chr16_24950568_T_C_b38_T"
[33] "chr16_24952718_T_C_b38_T" "chr16_24953197_T_C_b38_T"
[35] "chr16_24953395_G_T_b38_G" "chr16_24953714_C_T_b38_C"
[37] "chr16_24955202_T_C_b38_T"
22 SNP(s) removed because HWE P < 1e-08 :
 [1] "chr4_8044692_G_T_b38_G" "chr4_8044693_A_C_b38_A" "chr4_8059763_G_A_b38_G"
 [4] "chr4_8100031_G_T_b38_G" "chr4_8100581_C_T_b38_C" "chr4_8306668_C_G_b38_C"
 [7] "chr4_8557849_T_C_b38_T" "chr4_8557938_A_C_b38_A" "chr4_8557958_G_A_b38_G"
[10] "chr4_8557961_C_T_b38_C" "chr4_8585626_A_G_b38_A" "chr4_8603756_G_C_b38_G"
[13] "chr4_8632004_T_A_b38_T" "chr4_8632045_A_G_b38_A" "chr4_8635779_A_G_b38_A"
[16] "chr4_8655103_T_G_b38_T" "chr4_8655200_C_G_b38_C" "chr4_8656155_G_C_b38_G"
[19] "chr4_8659539_G_A_b38_G" "chr4_8661217_T_G_b38_T" "chr4_8674262_C_G_b38_C"
[22] "chr4_8677036_C_A_b38_C"
29 SNP(s) removed because HWE P < 1e-08 :
 [1] "chr20_38137998_G_A_b38_G" "chr20_38270676_A_T_b38_A"
 [3] "chr20_38354582_G_A_b38_G" "chr20_38383368_T_G_b38_T"
 [5] "chr20_38383987_T_C_b38_T" "chr20_38385207_G_T_b38_G"
 [7] "chr20_38385925_C_T_b38_C" "chr20_38386556_G_A_b38_G"
 [9] "chr20_38387183_T_C_b38_T" "chr20_38387804_T_G_b38_T"
[11] "chr20_38389189_G_A_b38_G" "chr20_38390191_G_A_b38_G"
[13] "chr20_38451935_A_G_b38_A" "chr20_38456337_A_C_b38_A"
[15] "chr20_38459991_T_G_b38_T" "chr20_38461960_A_G_b38_A"
[17] "chr20_38468793_G_A_b38_G" "chr20_38473368_T_G_b38_T"
[19] "chr20_38508168_C_T_b38_C" "chr20_38512782_T_C_b38_T"
[21] "chr20_38531805_A_G_b38_A" "chr20_38541011_T_C_b38_T"
[23] "chr20_38548532_T_C_b38_T" "chr20_38562812_A_G_b38_A"
[25] "chr20_38564175_A_G_b38_A" "chr20_38569058_A_C_b38_A"
[27] "chr20_38580475_A_C_b38_A" "chr20_38592735_A_T_b38_A"
[29] "chr20_38594289_C_G_b38_C"
8 SNP(s) removed because HWE P < 1e-08 :
[1] "chr1_225802706_A_G_b38_A" "chr1_225804242_T_C_b38_T"
[3] "chr1_225804409_T_C_b38_T" "chr1_225849165_A_C_b38_A"
[5] "chr1_225899450_A_C_b38_A" "chr1_225956547_G_A_b38_G"
[7] "chr1_225965296_A_G_b38_A" "chr1_226227743_C_T_b38_C"
42 SNP(s) removed because HWE P < 1e-08 :
 [1] "chr12_2967499_G_A_b38_G" "chr12_2967609_A_C_b38_A"
 [3] "chr12_2968033_G_A_b38_G" "chr12_2968348_A_G_b38_A"
 [5] "chr12_2986968_A_G_b38_A" "chr12_2991922_G_T_b38_G"
 [7] "chr12_2993028_C_T_b38_C" "chr12_2993175_C_A_b38_C"
 [9] "chr12_3003563_C_G_b38_C" "chr12_3003958_A_G_b38_A"
[11] "chr12_3009069_G_A_b38_G" "chr12_3013273_T_C_b38_T"
[13] "chr12_3016482_G_A_b38_G" "chr12_3016874_C_T_b38_C"
[15] "chr12_3026241_T_C_b38_T" "chr12_3026242_A_G_b38_A"
[17] "chr12_3029364_G_A_b38_G" "chr12_3030252_G_A_b38_G"
[19] "chr12_3031007_T_C_b38_T" "chr12_3041822_T_A_b38_T"
[21] "chr12_3042290_G_A_b38_G" "chr12_3043426_G_A_b38_G"
[23] "chr12_3049914_A_G_b38_A" "chr12_3050215_A_G_b38_A"
[25] "chr12_3050622_C_T_b38_C" "chr12_3051888_G_A_b38_G"
[27] "chr12_3054381_C_T_b38_C" "chr12_3054967_C_T_b38_C"
[29] "chr12_3246242_C_T_b38_C" "chr12_3246579_T_C_b38_T"
[31] "chr12_3246744_C_A_b38_C" "chr12_3247068_C_T_b38_C"
[33] "chr12_3247347_C_T_b38_C" "chr12_3249040_C_A_b38_C"
[35] "chr12_3249179_A_G_b38_A" "chr12_3249257_T_C_b38_T"
[37] "chr12_3249617_T_C_b38_T" "chr12_3304241_G_A_b38_G"
[39] "chr12_3304571_G_A_b38_G" "chr12_3308647_G_T_b38_G"
[41] "chr12_3377165_C_T_b38_C" "chr12_3377890_C_T_b38_C"
26 SNP(s) removed because HWE P < 1e-08 :
 [1] "chr4_48078519_A_C_b38_A" "chr4_48079528_T_C_b38_T"
 [3] "chr4_48085231_T_C_b38_T" "chr4_48085838_G_A_b38_G"
 [5] "chr4_48086052_C_T_b38_C" "chr4_48086429_A_G_b38_A"
 [7] "chr4_48450863_T_C_b38_T" "chr4_48451209_C_T_b38_C"
 [9] "chr4_48452709_A_G_b38_A" "chr4_48711359_T_C_b38_T"
[11] "chr4_48711393_C_T_b38_C" "chr4_48711401_C_A_b38_C"
[13] "chr4_48711410_A_G_b38_A" "chr4_48711421_A_C_b38_A"
[15] "chr4_48711432_G_C_b38_G" "chr4_48711433_G_A_b38_G"
[17] "chr4_48711441_A_C_b38_A" "chr4_48711445_C_T_b38_C"
[19] "chr4_48711447_G_A_b38_G" "chr4_48711466_C_T_b38_C"
[21] "chr4_48711467_A_T_b38_A" "chr4_48711470_G_A_b38_G"
[23] "chr4_48711609_C_T_b38_C" "chr4_48711661_A_G_b38_A"
[25] "chr4_48711678_T_A_b38_T" "chr4_48711716_T_C_b38_T"
74 SNP(s) removed because HWE P < 1e-08 :
 [1] "chr21_31920396_G_A_b38_G" "chr21_31935565_G_C_b38_G"
 [3] "chr21_31935580_T_G_b38_T" "chr21_32134286_A_T_b38_A"
 [5] "chr21_32238948_G_A_b38_G" "chr21_32250914_C_T_b38_C"
 [7] "chr21_32311415_A_C_b38_A" "chr21_32410343_C_T_b38_C"
 [9] "chr21_32432979_G_A_b38_G" "chr21_32432987_A_C_b38_A"
[11] "chr21_32432995_G_A_b38_G" "chr21_32433065_T_A_b38_T"
[13] "chr21_32433084_C_T_b38_C" "chr21_32433553_G_A_b38_G"
[15] "chr21_32433554_C_G_b38_C" "chr21_32433562_T_C_b38_T"
[17] "chr21_32433629_A_G_b38_A" "chr21_32433656_G_A_b38_G"
[19] "chr21_32433663_A_T_b38_A" "chr21_32434706_A_G_b38_A"
[21] "chr21_32434713_T_C_b38_T" "chr21_32434721_A_C_b38_A"
[23] "chr21_32434746_A_C_b38_A" "chr21_32434842_G_A_b38_G"
[25] "chr21_32434867_C_T_b38_C" "chr21_32434878_G_A_b38_G"
[27] "chr21_32434919_T_G_b38_T" "chr21_32434927_C_T_b38_C"
[29] "chr21_32434967_T_G_b38_T" "chr21_32434971_T_C_b38_T"
[31] "chr21_32434992_T_C_b38_T" "chr21_32435003_T_G_b38_T"
[33] "chr21_32435004_T_C_b38_T" "chr21_32435117_A_G_b38_A"
[35] "chr21_32435125_T_C_b38_T" "chr21_32435126_G_C_b38_G"
[37] "chr21_32435133_C_A_b38_C" "chr21_32435360_C_T_b38_C"
[39] "chr21_32435400_A_G_b38_A" "chr21_32435408_T_C_b38_T"
[41] "chr21_32435414_A_G_b38_A" "chr21_32435436_C_T_b38_C"
[43] "chr21_32435462_C_T_b38_C" "chr21_32435661_G_C_b38_G"
[45] "chr21_32435666_T_G_b38_T" "chr21_32435667_A_G_b38_A"
[47] "chr21_32435716_C_T_b38_C" "chr21_32435721_G_A_b38_G"
[49] "chr21_32435728_T_C_b38_T" "chr21_32435763_C_T_b38_C"
[51] "chr21_32435766_A_C_b38_A" "chr21_32435898_C_T_b38_C"
[53] "chr21_32435949_T_A_b38_T" "chr21_32435990_T_A_b38_T"
[55] "chr21_32436019_G_A_b38_G" "chr21_32436447_T_A_b38_T"
[57] "chr21_32436465_A_C_b38_A" "chr21_32436477_T_A_b38_T"
[59] "chr21_32436484_T_C_b38_T" "chr21_32436539_G_A_b38_G"
[61] "chr21_32436627_G_A_b38_G" "chr21_32436628_G_A_b38_G"
[63] "chr21_32436637_A_G_b38_A" "chr21_32436702_C_T_b38_C"
[65] "chr21_32436736_G_A_b38_G" "chr21_32436746_A_G_b38_A"
[67] "chr21_32437187_G_C_b38_G" "chr21_32437224_A_G_b38_A"
[69] "chr21_32437249_C_A_b38_C" "chr21_32437250_G_A_b38_G"
[71] "chr21_32437258_C_G_b38_C" "chr21_32621877_A_T_b38_A"
[73] "chr21_32660622_A_G_b38_A" "chr21_32660624_C_T_b38_C"
6 SNP(s) removed because HWE P < 1e-08 :
[1] "chr3_44101269_T_G_b38_T" "chr3_44103028_A_G_b38_A"
[3] "chr3_44332801_T_A_b38_T" "chr3_44699530_G_T_b38_G"
[5] "chr3_44699553_A_T_b38_A" "chr3_44699556_G_A_b38_G"
26 SNP(s) removed because HWE P < 1e-08 :
 [1] "chr9_133681917_C_T_b38_C" "chr9_133684710_G_T_b38_G"
 [3] "chr9_133799900_G_A_b38_G" "chr9_133802415_G_C_b38_G"
 [5] "chr9_133802592_C_T_b38_C" "chr9_133803033_A_G_b38_A"
 [7] "chr9_133818282_C_T_b38_C" "chr9_133851790_T_C_b38_T"
 [9] "chr9_133852179_G_T_b38_G" "chr9_133855363_T_C_b38_T"
[11] "chr9_133862624_C_T_b38_C" "chr9_133904415_C_G_b38_C"
[13] "chr9_133904766_G_A_b38_G" "chr9_133910838_G_A_b38_G"
[15] "chr9_133915379_G_A_b38_G" "chr9_133920544_C_G_b38_C"
[17] "chr9_133929726_C_T_b38_C" "chr9_134019933_C_T_b38_C"
[19] "chr9_134092613_A_G_b38_A" "chr9_134092633_C_G_b38_C"
[21] "chr9_134092634_G_A_b38_G" "chr9_134120409_C_T_b38_C"
[23] "chr9_134162425_T_C_b38_T" "chr9_134176447_A_C_b38_A"
[25] "chr9_134176587_C_A_b38_C" "chr9_134238083_A_T_b38_A"
32 SNP(s) removed because HWE P < 1e-08 :
 [1] "chr19_17504800_T_C_b38_T" "chr19_17504915_T_C_b38_T"
 [3] "chr19_17583443_G_T_b38_G" "chr19_17666011_C_T_b38_C"
 [5] "chr19_17666078_T_C_b38_T" "chr19_17847808_C_T_b38_C"
 [7] "chr19_17847968_T_C_b38_T" "chr19_17901200_G_T_b38_G"
 [9] "chr19_17908396_T_C_b38_T" "chr19_17924720_G_T_b38_G"
[11] "chr19_17928630_T_C_b38_T" "chr19_18036796_G_A_b38_G"
[13] "chr19_18037080_A_T_b38_A" "chr19_18037381_T_C_b38_T"
[15] "chr19_18037783_T_C_b38_T" "chr19_18039165_G_A_b38_G"
[17] "chr19_18039479_C_T_b38_C" "chr19_18039995_T_C_b38_T"
[19] "chr19_18040092_T_C_b38_T" "chr19_18040429_G_T_b38_G"
[21] "chr19_18040432_G_T_b38_G" "chr19_18042127_C_T_b38_C"
[23] "chr19_18042885_A_G_b38_A" "chr19_18043992_G_C_b38_G"
[25] "chr19_18044231_C_G_b38_C" "chr19_18044266_G_C_b38_G"
[27] "chr19_18251693_G_C_b38_G" "chr19_18260387_C_T_b38_C"
[29] "chr19_18262150_C_G_b38_C" "chr19_18265699_G_A_b38_G"
[31] "chr19_18265970_T_C_b38_T" "chr19_18267871_C_A_b38_C"
20 SNP(s) removed because HWE P < 1e-08 :
 [1] "chr13_85462158_G_A_b38_G" "chr13_85463968_T_C_b38_T"
 [3] "chr13_85469687_C_T_b38_C" "chr13_85472745_C_T_b38_C"
 [5] "chr13_85478468_T_G_b38_T" "chr13_85480985_A_C_b38_A"
 [7] "chr13_85487804_A_C_b38_A" "chr13_85494068_A_C_b38_A"
 [9] "chr13_85494812_T_C_b38_T" "chr13_85498836_C_T_b38_C"
[11] "chr13_85573603_T_C_b38_T" "chr13_85596379_A_C_b38_A"
[13] "chr13_85623172_C_T_b38_C" "chr13_85633094_G_A_b38_G"
[15] "chr13_86002019_G_A_b38_G" "chr13_86029953_C_T_b38_C"
[17] "chr13_86031153_T_C_b38_T" "chr13_86047910_G_T_b38_G"
[19] "chr13_86052302_G_A_b38_G" "chr13_86052780_A_G_b38_A"
86 SNP(s) removed because HWE P < 1e-08 :
 [1] "chr11_12602581_C_A_b38_C" "chr11_12624958_C_A_b38_C"
 [3] "chr11_12709357_A_C_b38_A" "chr11_12711743_G_T_b38_G"
 [5] "chr11_12712147_G_A_b38_G" "chr11_12714195_C_T_b38_C"
 [7] "chr11_12714879_C_G_b38_C" "chr11_12715017_G_A_b38_G"
 [9] "chr11_12715147_C_T_b38_C" "chr11_12715325_A_G_b38_A"
[11] "chr11_12715946_C_T_b38_C" "chr11_12715993_T_C_b38_T"
[13] "chr11_12717103_G_A_b38_G" "chr11_12717141_C_A_b38_C"
[15] "chr11_12722267_A_G_b38_A" "chr11_12722492_G_A_b38_G"
[17] "chr11_12722623_A_G_b38_A" "chr11_12725406_G_A_b38_G"
[19] "chr11_12726375_G_A_b38_G" "chr11_12730213_C_A_b38_C"
[21] "chr11_12731602_A_G_b38_A" "chr11_12750963_G_C_b38_G"
[23] "chr11_12757747_T_C_b38_T" "chr11_12757888_G_T_b38_G"
[25] "chr11_12758617_C_T_b38_C" "chr11_12758709_T_C_b38_T"
[27] "chr11_12759469_G_A_b38_G" "chr11_12775522_G_C_b38_G"
[29] "chr11_12781165_A_G_b38_A" "chr11_12797262_G_A_b38_G"
[31] "chr11_12801705_T_G_b38_T" "chr11_12806545_C_T_b38_C"
[33] "chr11_12810221_C_T_b38_C" "chr11_12820345_A_C_b38_A"
[35] "chr11_12959220_G_C_b38_G" "chr11_13145421_T_C_b38_T"
[37] "chr11_13159063_A_T_b38_A" "chr11_13160043_T_C_b38_T"
[39] "chr11_13161191_T_G_b38_T" "chr11_13162034_C_T_b38_C"
[41] "chr11_13163679_G_A_b38_G" "chr11_13167486_A_G_b38_A"
[43] "chr11_13167824_C_G_b38_C" "chr11_13168039_T_G_b38_T"
[45] "chr11_13168424_A_T_b38_A" "chr11_13168751_C_A_b38_C"
[47] "chr11_13168868_C_G_b38_C" "chr11_13170516_C_T_b38_C"
[49] "chr11_13171300_T_A_b38_T" "chr11_13171711_G_C_b38_G"
[51] "chr11_13172324_A_C_b38_A" "chr11_13172527_T_C_b38_T"
[53] "chr11_13172742_G_A_b38_G" "chr11_13173008_G_A_b38_G"
[55] "chr11_13173311_A_C_b38_A" "chr11_13173332_G_A_b38_G"
[57] "chr11_13173916_G_A_b38_G" "chr11_13174617_C_T_b38_C"
[59] "chr11_13174658_A_G_b38_A" "chr11_13175460_G_T_b38_G"
[61] "chr11_13175491_T_C_b38_T" "chr11_13176427_A_G_b38_A"
[63] "chr11_13176535_G_A_b38_G" "chr11_13176583_C_T_b38_C"
[65] "chr11_13177356_T_C_b38_T" "chr11_13178288_C_T_b38_C"
[67] "chr11_13178878_C_T_b38_C" "chr11_13179392_C_G_b38_C"
[69] "chr11_13179991_G_A_b38_G" "chr11_13180396_T_C_b38_T"
[71] "chr11_13181122_C_T_b38_C" "chr11_13181132_T_A_b38_T"
[73] "chr11_13181163_T_G_b38_T" "chr11_13181254_G_A_b38_G"
[75] "chr11_13181293_C_T_b38_C" "chr11_13181360_G_A_b38_G"
[77] "chr11_13181664_A_G_b38_A" "chr11_13182114_G_A_b38_G"
[79] "chr11_13182203_G_A_b38_G" "chr11_13182610_C_T_b38_C"
[81] "chr11_13182823_T_C_b38_T" "chr11_13183287_G_A_b38_G"
[83] "chr11_13184213_G_A_b38_G" "chr11_13301971_T_C_b38_T"
[85] "chr11_13316281_G_A_b38_G" "chr11_13395112_C_G_b38_C"
49 SNP(s) removed because HWE P < 1e-08 :
 [1] "chr19_51083323_T_G_b38_T" "chr19_51107599_A_G_b38_A"
 [3] "chr19_51107741_T_G_b38_T" "chr19_51108006_G_A_b38_G"
 [5] "chr19_51116302_T_C_b38_T" "chr19_51120922_T_G_b38_T"
 [7] "chr19_51121015_T_G_b38_T" "chr19_51121279_T_C_b38_T"
 [9] "chr19_51121832_A_C_b38_A" "chr19_51121942_T_C_b38_T"
[11] "chr19_51122379_A_G_b38_A" "chr19_51122568_A_G_b38_A"
[13] "chr19_51122642_G_C_b38_G" "chr19_51123685_A_G_b38_A"
[15] "chr19_51136723_A_G_b38_A" "chr19_51172375_T_C_b38_T"
[17] "chr19_51173311_A_G_b38_A" "chr19_51173876_T_C_b38_T"
[19] "chr19_51184134_C_T_b38_C" "chr19_51201503_A_G_b38_A"
[21] "chr19_51208344_T_C_b38_T" "chr19_51208365_C_T_b38_C"
[23] "chr19_51212754_T_C_b38_T" "chr19_51235665_T_C_b38_T"
[25] "chr19_51251278_A_C_b38_A" "chr19_51280161_A_G_b38_A"
[27] "chr19_51280387_C_T_b38_C" "chr19_51281207_G_A_b38_G"
[29] "chr19_51282770_C_G_b38_C" "chr19_51283428_T_C_b38_T"
[31] "chr19_51284112_C_T_b38_C" "chr19_51284184_A_C_b38_A"
[33] "chr19_51285176_C_A_b38_C" "chr19_51285861_G_A_b38_G"
[35] "chr19_51287738_T_C_b38_T" "chr19_51290510_A_C_b38_A"
[37] "chr19_51291857_T_G_b38_T" "chr19_51293045_T_C_b38_T"
[39] "chr19_51298175_C_T_b38_C" "chr19_51358092_C_G_b38_C"
[41] "chr19_51447917_C_T_b38_C" "chr19_51447928_A_G_b38_A"
[43] "chr19_51448049_T_G_b38_T" "chr19_51457686_A_G_b38_A"
[45] "chr19_51780129_T_C_b38_T" "chr19_51780359_A_G_b38_A"
[47] "chr19_51848424_G_A_b38_G" "chr19_51875933_G_A_b38_G"
[49] "chr19_51876393_G_A_b38_G"
23 SNP(s) removed because HWE P < 1e-08 :
 [1] "chr20_3620989_T_A_b38_T" "chr20_3621518_C_T_b38_C"
 [3] "chr20_3621703_G_A_b38_G" "chr20_3622250_G_A_b38_G"
 [5] "chr20_3622973_C_G_b38_C" "chr20_3629107_T_C_b38_T"
 [7] "chr20_3634743_G_A_b38_G" "chr20_3635250_C_T_b38_C"
 [9] "chr20_3635692_T_C_b38_T" "chr20_3636717_C_T_b38_C"
[11] "chr20_3638439_G_A_b38_G" "chr20_3638737_G_T_b38_G"
[13] "chr20_3639323_C_T_b38_C" "chr20_3639338_T_C_b38_T"
[15] "chr20_3639496_A_G_b38_A" "chr20_3640437_A_G_b38_A"
[17] "chr20_3646031_C_T_b38_C" "chr20_3700951_G_A_b38_G"
[19] "chr20_3808671_A_C_b38_A" "chr20_3813536_C_T_b38_C"
[21] "chr20_3859064_A_G_b38_A" "chr20_4177210_G_C_b38_G"
[23] "chr20_4214464_C_T_b38_C"
32 SNP(s) removed because HWE P < 1e-08 :
 [1] "chr19_17504800_T_C_b38_T" "chr19_17504915_T_C_b38_T"
 [3] "chr19_17583443_G_T_b38_G" "chr19_17666011_C_T_b38_C"
 [5] "chr19_17666078_T_C_b38_T" "chr19_17847808_C_T_b38_C"
 [7] "chr19_17847968_T_C_b38_T" "chr19_17901200_G_T_b38_G"
 [9] "chr19_17908396_T_C_b38_T" "chr19_17924720_G_T_b38_G"
[11] "chr19_17928630_T_C_b38_T" "chr19_18036796_G_A_b38_G"
[13] "chr19_18037080_A_T_b38_A" "chr19_18037381_T_C_b38_T"
[15] "chr19_18037783_T_C_b38_T" "chr19_18039165_G_A_b38_G"
[17] "chr19_18039479_C_T_b38_C" "chr19_18039995_T_C_b38_T"
[19] "chr19_18040092_T_C_b38_T" "chr19_18040429_G_T_b38_G"
[21] "chr19_18040432_G_T_b38_G" "chr19_18042127_C_T_b38_C"
[23] "chr19_18042885_A_G_b38_A" "chr19_18043992_G_C_b38_G"
[25] "chr19_18044231_C_G_b38_C" "chr19_18044266_G_C_b38_G"
[27] "chr19_18251693_G_C_b38_G" "chr19_18260387_C_T_b38_C"
[29] "chr19_18262150_C_G_b38_C" "chr19_18265699_G_A_b38_G"
[31] "chr19_18265970_T_C_b38_T" "chr19_18267871_C_A_b38_C"
122 SNP(s) removed because HWE P < 1e-08 :
  [1] "chr19_22301613_G_A_b38_G" "chr19_22301618_G_C_b38_G"
  [3] "chr19_22301632_T_C_b38_T" "chr19_22301634_T_G_b38_T"
  [5] "chr19_22301641_C_G_b38_C" "chr19_22301842_G_C_b38_G"
  [7] "chr19_22302227_G_A_b38_G" "chr19_22302345_G_A_b38_G"
  [9] "chr19_22302393_G_C_b38_G" "chr19_22302420_C_G_b38_C"
 [11] "chr19_22302440_T_C_b38_T" "chr19_22302534_G_T_b38_G"
 [13] "chr19_22302555_T_C_b38_T" "chr19_22302575_T_A_b38_T"
 [15] "chr19_22302587_T_A_b38_T" "chr19_22302599_A_C_b38_A"
 [17] "chr19_22302602_G_A_b38_G" "chr19_22302604_T_C_b38_T"
 [19] "chr19_22302700_C_T_b38_C" "chr19_22302707_C_T_b38_C"
 [21] "chr19_22302708_A_C_b38_A" "chr19_22302727_T_C_b38_T"
 [23] "chr19_22302728_G_A_b38_G" "chr19_22302733_T_C_b38_T"
 [25] "chr19_22302772_A_G_b38_A" "chr19_22302786_G_A_b38_G"
 [27] "chr19_22302787_A_T_b38_A" "chr19_22302799_A_G_b38_A"
 [29] "chr19_22302813_G_T_b38_G" "chr19_22302816_A_G_b38_A"
 [31] "chr19_22302824_T_G_b38_T" "chr19_22302826_A_C_b38_A"
 [33] "chr19_22340148_A_G_b38_A" "chr19_22347066_C_T_b38_C"
 [35] "chr19_22350016_A_G_b38_A" "chr19_22378706_A_G_b38_A"
 [37] "chr19_22424813_A_T_b38_A" "chr19_22424825_T_C_b38_T"
 [39] "chr19_22424827_C_G_b38_C" "chr19_22424834_C_G_b38_C"
 [41] "chr19_22424855_A_C_b38_A" "chr19_22424861_C_G_b38_C"
 [43] "chr19_22424869_T_G_b38_T" "chr19_22424871_G_A_b38_G"
 [45] "chr19_22424879_C_T_b38_C" "chr19_22424889_T_C_b38_T"
 [47] "chr19_22424890_T_C_b38_T" "chr19_22424904_G_A_b38_G"
 [49] "chr19_22424929_C_T_b38_C" "chr19_22424931_C_T_b38_C"
 [51] "chr19_22424933_T_C_b38_T" "chr19_22424937_A_G_b38_A"
 [53] "chr19_22424943_T_C_b38_T" "chr19_22425002_G_A_b38_G"
 [55] "chr19_22425015_T_A_b38_T" "chr19_22425020_G_A_b38_G"
 [57] "chr19_22425028_C_T_b38_C" "chr19_22435511_A_G_b38_A"
 [59] "chr19_22435520_T_A_b38_T" "chr19_22547025_C_T_b38_C"
 [61] "chr19_22551744_T_C_b38_T" "chr19_22552544_G_C_b38_G"
 [63] "chr19_22552662_G_C_b38_G" "chr19_22553045_G_C_b38_G"
 [65] "chr19_22554392_A_G_b38_A" "chr19_22554746_T_C_b38_T"
 [67] "chr19_22554907_T_C_b38_T" "chr19_22554937_A_G_b38_A"
 [69] "chr19_22557597_A_G_b38_A" "chr19_22557898_C_T_b38_C"
 [71] "chr19_22558323_G_A_b38_G" "chr19_22558555_G_A_b38_G"
 [73] "chr19_22558713_T_A_b38_T" "chr19_22558873_C_T_b38_C"
 [75] "chr19_22559518_G_A_b38_G" "chr19_22559662_G_A_b38_G"
 [77] "chr19_22559859_G_A_b38_G" "chr19_22560056_G_A_b38_G"
 [79] "chr19_22560518_T_G_b38_T" "chr19_22560943_T_C_b38_T"
 [81] "chr19_22561995_A_G_b38_A" "chr19_22562511_T_C_b38_T"
 [83] "chr19_22563394_T_C_b38_T" "chr19_22563648_A_G_b38_A"
 [85] "chr19_22564048_A_G_b38_A" "chr19_22564633_A_G_b38_A"
 [87] "chr19_22564649_A_C_b38_A" "chr19_22564653_C_G_b38_C"
 [89] "chr19_22566262_A_G_b38_A" "chr19_22567057_G_A_b38_G"
 [91] "chr19_22568291_G_C_b38_G" "chr19_22568523_C_T_b38_C"
 [93] "chr19_22568524_C_A_b38_C" "chr19_22568898_T_C_b38_T"
 [95] "chr19_22574453_C_T_b38_C" "chr19_22574462_T_C_b38_T"
 [97] "chr19_22577123_T_C_b38_T" "chr19_22577165_T_G_b38_T"
 [99] "chr19_22580059_G_A_b38_G" "chr19_22580061_C_A_b38_C"
[101] "chr19_22580082_A_G_b38_A" "chr19_22580112_A_G_b38_A"
[103] "chr19_22580146_T_C_b38_T" "chr19_22580151_G_A_b38_G"
[105] "chr19_22580160_A_T_b38_A" "chr19_22580185_C_T_b38_C"
[107] "chr19_22580261_C_T_b38_C" "chr19_22606461_G_C_b38_G"
[109] "chr19_22612848_A_C_b38_A" "chr19_22623229_T_C_b38_T"
[111] "chr19_22662449_A_C_b38_A" "chr19_22668039_G_A_b38_G"
[113] "chr19_22675747_T_C_b38_T" "chr19_22675748_A_C_b38_A"
[115] "chr19_22785166_C_G_b38_C" "chr19_22787415_A_G_b38_A"
[117] "chr19_22787552_A_G_b38_A" "chr19_22806524_G_A_b38_G"
[119] "chr19_22806545_A_C_b38_A" "chr19_23111906_G_C_b38_G"
[121] "chr19_23239281_C_T_b38_C" "chr19_23239283_C_T_b38_C"
6 SNP(s) removed because HWE P < 1e-08 :
[1] "chr13_29549344_C_T_b38_C" "chr13_29949626_G_C_b38_G"
[3] "chr13_30062346_T_C_b38_T" "chr13_30062379_G_C_b38_G"
[5] "chr13_30121793_C_T_b38_C" "chr13_30160356_C_T_b38_C"
69 SNP(s) removed because HWE P < 1e-08 :
 [1] "chr8_81253423_T_C_b38_T" "chr8_81281143_C_T_b38_C"
 [3] "chr8_81289273_A_T_b38_A" "chr8_81297255_A_G_b38_A"
 [5] "chr8_81299436_C_T_b38_C" "chr8_81300344_T_C_b38_T"
 [7] "chr8_81325559_T_C_b38_T" "chr8_81327049_C_G_b38_C"
 [9] "chr8_81327156_T_G_b38_T" "chr8_81327252_A_G_b38_A"
[11] "chr8_81327333_T_C_b38_T" "chr8_81327394_A_G_b38_A"
[13] "chr8_81328362_A_G_b38_A" "chr8_81328531_C_A_b38_C"
[15] "chr8_81329064_T_A_b38_T" "chr8_81329094_T_G_b38_T"
[17] "chr8_81329957_C_T_b38_C" "chr8_81330786_A_G_b38_A"
[19] "chr8_81330873_T_C_b38_T" "chr8_81331043_A_C_b38_A"
[21] "chr8_81331131_T_C_b38_T" "chr8_81331608_C_T_b38_C"
[23] "chr8_81331614_C_T_b38_C" "chr8_81331709_T_G_b38_T"
[25] "chr8_81331864_A_G_b38_A" "chr8_81331877_C_T_b38_C"
[27] "chr8_81332098_G_A_b38_G" "chr8_81332283_A_G_b38_A"
[29] "chr8_81332524_C_T_b38_C" "chr8_81332904_A_T_b38_A"
[31] "chr8_81332906_C_T_b38_C" "chr8_81333125_G_A_b38_G"
[33] "chr8_81333194_G_T_b38_G" "chr8_81333216_T_C_b38_T"
[35] "chr8_81333791_C_T_b38_C" "chr8_81334313_T_C_b38_T"
[37] "chr8_81335686_A_G_b38_A" "chr8_81336303_C_T_b38_C"
[39] "chr8_81464464_C_T_b38_C" "chr8_81468508_A_T_b38_A"
[41] "chr8_81468888_A_G_b38_A" "chr8_81469332_T_C_b38_T"
[43] "chr8_81469415_G_A_b38_G" "chr8_81470506_G_A_b38_G"
[45] "chr8_81470621_C_T_b38_C" "chr8_81471159_T_G_b38_T"
[47] "chr8_81514819_A_C_b38_A" "chr8_81515555_C_T_b38_C"
[49] "chr8_81518769_T_C_b38_T" "chr8_81527961_G_T_b38_G"
[51] "chr8_81900677_A_T_b38_A" "chr8_81900680_C_T_b38_C"
[53] "chr8_81900761_G_T_b38_G" "chr8_81900762_G_A_b38_G"
[55] "chr8_81900773_G_A_b38_G" "chr8_81900776_G_T_b38_G"
[57] "chr8_81900779_T_C_b38_T" "chr8_81900782_C_T_b38_C"
[59] "chr8_81900783_T_C_b38_T" "chr8_81900784_G_A_b38_G"
[61] "chr8_81900789_T_C_b38_T" "chr8_81900796_C_G_b38_C"
[63] "chr8_81900800_G_C_b38_G" "chr8_82127185_G_A_b38_G"
[65] "chr8_82127192_C_G_b38_C" "chr8_82129772_G_C_b38_G"
[67] "chr8_82130336_C_T_b38_C" "chr8_82136891_C_T_b38_C"
[69] "chr8_82137774_C_G_b38_C"
17 SNP(s) removed because HWE P < 1e-08 :
 [1] "chr3_160022179_G_A_b38_G" "chr3_160162659_G_A_b38_G"
 [3] "chr3_160163071_G_T_b38_G" "chr3_160163469_T_C_b38_T"
 [5] "chr3_160167146_C_A_b38_C" "chr3_160172843_G_A_b38_G"
 [7] "chr3_160172867_G_A_b38_G" "chr3_160173354_T_C_b38_T"
 [9] "chr3_160174604_T_A_b38_T" "chr3_160178272_T_C_b38_T"
[11] "chr3_160180980_C_A_b38_C" "chr3_160620383_A_T_b38_A"
[13] "chr3_160633233_T_C_b38_T" "chr3_160637051_G_A_b38_G"
[15] "chr3_160637074_A_G_b38_A" "chr3_160637368_T_A_b38_T"
[17] "chr3_160657483_A_G_b38_A"
22 SNP(s) removed because HWE P < 1e-08 :
 [1] "chr1_162353041_G_C_b38_G" "chr1_162353047_A_C_b38_A"
 [3] "chr1_162477576_G_A_b38_G" "chr1_162481393_G_A_b38_G"
 [5] "chr1_162483630_C_T_b38_C" "chr1_162701799_T_C_b38_T"
 [7] "chr1_162704548_G_A_b38_G" "chr1_162705250_T_C_b38_T"
 [9] "chr1_162706401_C_T_b38_C" "chr1_162710700_T_C_b38_T"
[11] "chr1_162714569_T_C_b38_T" "chr1_162722878_C_G_b38_C"
[13] "chr1_162733892_A_G_b38_A" "chr1_162742199_A_T_b38_A"
[15] "chr1_162742900_G_A_b38_G" "chr1_162743999_G_A_b38_G"
[17] "chr1_162744207_T_C_b38_T" "chr1_162752426_G_A_b38_G"
[19] "chr1_162763446_G_A_b38_G" "chr1_162798738_C_G_b38_C"
[21] "chr1_162803606_G_A_b38_G" "chr1_162909861_T_C_b38_T"
430 SNP(s) removed because HWE P < 1e-08 :
  [1] "chr10_26658245_C_T_b38_C" "chr10_26658246_A_G_b38_A"
  [3] "chr10_26658274_C_G_b38_C" "chr10_26658280_A_C_b38_A"
  [5] "chr10_26891348_G_A_b38_G" "chr10_26891357_G_T_b38_G"
  [7] "chr10_26891366_A_G_b38_A" "chr10_26893461_C_T_b38_C"
  [9] "chr10_26894292_G_A_b38_G" "chr10_26898231_A_T_b38_A"
 [11] "chr10_26898545_A_G_b38_A" "chr10_26898947_A_G_b38_A"
 [13] "chr10_26900163_G_C_b38_G" "chr10_26900783_G_A_b38_G"
 [15] "chr10_26901337_T_C_b38_T" "chr10_26902178_A_T_b38_A"
 [17] "chr10_26902375_T_C_b38_T" "chr10_26902539_T_C_b38_T"
 [19] "chr10_26902937_C_T_b38_C" "chr10_26903141_T_G_b38_T"
 [21] "chr10_26903147_G_T_b38_G" "chr10_26903154_G_T_b38_G"
 [23] "chr10_26903178_G_A_b38_G" "chr10_26903192_G_A_b38_G"
 [25] "chr10_26903198_A_T_b38_A" "chr10_26903211_A_C_b38_A"
 [27] "chr10_26903217_T_C_b38_T" "chr10_26903230_T_G_b38_T"
 [29] "chr10_26903231_T_G_b38_T" "chr10_26903391_G_A_b38_G"
 [31] "chr10_26903413_A_T_b38_A" "chr10_26903420_A_G_b38_A"
 [33] "chr10_26903422_A_T_b38_A" "chr10_26903467_T_A_b38_T"
 [35] "chr10_26903509_G_A_b38_G" "chr10_26903575_C_A_b38_C"
 [37] "chr10_26903761_C_G_b38_C" "chr10_26903835_G_A_b38_G"
 [39] "chr10_26903916_C_G_b38_C" "chr10_26904361_A_C_b38_A"
 [41] "chr10_26904892_C_T_b38_C" "chr10_26904987_A_G_b38_A"
 [43] "chr10_26905490_G_T_b38_G" "chr10_26905713_C_T_b38_C"
 [45] "chr10_26905869_A_T_b38_A" "chr10_26907127_C_T_b38_C"
 [47] "chr10_26907170_T_G_b38_T" "chr10_26908107_A_G_b38_A"
 [49] "chr10_26908264_C_T_b38_C" "chr10_26908424_G_A_b38_G"
 [51] "chr10_26909189_C_T_b38_C" "chr10_26909429_G_A_b38_G"
 [53] "chr10_26909498_C_T_b38_C" "chr10_26909700_G_T_b38_G"
 [55] "chr10_26909717_T_G_b38_T" "chr10_26909955_A_T_b38_A"
 [57] "chr10_26910079_G_A_b38_G" "chr10_26910143_A_C_b38_A"
 [59] "chr10_26911305_A_C_b38_A" "chr10_26911952_T_C_b38_T"
 [61] "chr10_26912183_A_T_b38_A" "chr10_26912411_A_G_b38_A"
 [63] "chr10_26912457_T_C_b38_T" "chr10_26912833_C_A_b38_C"
 [65] "chr10_26913446_C_A_b38_C" "chr10_26913472_G_A_b38_G"
 [67] "chr10_26913528_C_T_b38_C" "chr10_26913576_C_A_b38_C"
 [69] "chr10_26913901_G_A_b38_G" "chr10_26914754_C_T_b38_C"
 [71] "chr10_26914776_A_C_b38_A" "chr10_26927604_C_A_b38_C"
 [73] "chr10_26927606_T_C_b38_T" "chr10_26933696_A_T_b38_A"
 [75] "chr10_26933712_G_C_b38_G" "chr10_26933745_C_A_b38_C"
 [77] "chr10_26933755_T_C_b38_T" "chr10_26933756_G_A_b38_G"
 [79] "chr10_26933770_C_T_b38_C" "chr10_26933771_A_G_b38_A"
 [81] "chr10_26933777_C_T_b38_C" "chr10_26933782_C_G_b38_C"
 [83] "chr10_26933788_A_G_b38_A" "chr10_26934338_C_T_b38_C"
 [85] "chr10_26937666_G_A_b38_G" "chr10_26937677_G_T_b38_G"
 [87] "chr10_26937726_T_G_b38_T" "chr10_26937755_T_C_b38_T"
 [89] "chr10_26937782_C_T_b38_C" "chr10_26937807_A_G_b38_A"
 [91] "chr10_26937814_G_A_b38_G" "chr10_26937827_A_T_b38_A"
 [93] "chr10_26937832_A_G_b38_A" "chr10_26937843_C_G_b38_C"
 [95] "chr10_26937858_C_T_b38_C" "chr10_26937875_T_A_b38_T"
 [97] "chr10_26937890_G_A_b38_G" "chr10_26937891_A_T_b38_A"
 [99] "chr10_26937922_T_C_b38_T" "chr10_26937967_T_C_b38_T"
[101] "chr10_26937979_A_G_b38_A" "chr10_26937990_G_C_b38_G"
[103] "chr10_26937998_A_G_b38_A" "chr10_26938014_A_T_b38_A"
[105] "chr10_26938019_C_T_b38_C" "chr10_26938050_T_C_b38_T"
[107] "chr10_26938083_A_G_b38_A" "chr10_26938086_C_A_b38_C"
[109] "chr10_26938091_A_T_b38_A" "chr10_26938100_C_T_b38_C"
[111] "chr10_26938175_G_T_b38_G" "chr10_26938176_G_T_b38_G"
[113] "chr10_26938188_A_G_b38_A" "chr10_26938193_C_G_b38_C"
[115] "chr10_26938208_C_T_b38_C" "chr10_26938221_C_T_b38_C"
[117] "chr10_26938237_C_T_b38_C" "chr10_26938243_T_A_b38_T"
[119] "chr10_26938253_G_T_b38_G" "chr10_26938258_G_T_b38_G"
[121] "chr10_26938266_A_G_b38_A" "chr10_26938297_T_G_b38_T"
[123] "chr10_26938307_A_G_b38_A" "chr10_26938318_T_C_b38_T"
[125] "chr10_26938320_T_C_b38_T" "chr10_26938322_T_C_b38_T"
[127] "chr10_26938331_A_T_b38_A" "chr10_26938341_T_C_b38_T"
[129] "chr10_26938357_A_G_b38_A" "chr10_26938498_T_C_b38_T"
[131] "chr10_26938501_T_A_b38_T" "chr10_26938506_A_C_b38_A"
[133] "chr10_26938523_T_A_b38_T" "chr10_26938529_C_T_b38_C"
[135] "chr10_26938530_A_G_b38_A" "chr10_26938551_T_G_b38_T"
[137] "chr10_26938560_C_A_b38_C" "chr10_26938643_A_T_b38_A"
[139] "chr10_26938650_T_A_b38_T" "chr10_26938658_T_C_b38_T"
[141] "chr10_26938661_T_A_b38_T" "chr10_26938667_G_T_b38_G"
[143] "chr10_26938690_A_G_b38_A" "chr10_26938710_C_A_b38_C"
[145] "chr10_26938715_G_T_b38_G" "chr10_26939510_C_T_b38_C"
[147] "chr10_26941600_A_G_b38_A" "chr10_26944496_C_A_b38_C"
[149] "chr10_26944505_A_C_b38_A" "chr10_26944522_C_G_b38_C"
[151] "chr10_26944526_T_C_b38_T" "chr10_26944527_C_T_b38_C"
[153] "chr10_26944548_C_T_b38_C" "chr10_26944562_A_G_b38_A"
[155] "chr10_26944570_C_T_b38_C" "chr10_26944583_A_G_b38_A"
[157] "chr10_26944589_A_C_b38_A" "chr10_26944590_C_G_b38_C"
[159] "chr10_26944592_C_T_b38_C" "chr10_26944612_C_T_b38_C"
[161] "chr10_26944643_G_T_b38_G" "chr10_26944657_A_G_b38_A"
[163] "chr10_26944670_G_A_b38_G" "chr10_26944671_C_T_b38_C"
[165] "chr10_26944704_C_T_b38_C" "chr10_26944717_T_C_b38_T"
[167] "chr10_26944724_G_T_b38_G" "chr10_26944735_A_C_b38_A"
[169] "chr10_26944744_G_A_b38_G" "chr10_26944745_G_T_b38_G"
[171] "chr10_26944754_C_G_b38_C" "chr10_26944757_T_C_b38_T"
[173] "chr10_26944809_T_A_b38_T" "chr10_26944827_T_C_b38_T"
[175] "chr10_26944852_A_G_b38_A" "chr10_26944855_C_T_b38_C"
[177] "chr10_26944859_T_G_b38_T" "chr10_26944873_C_T_b38_C"
[179] "chr10_26944902_T_A_b38_T" "chr10_26944912_C_A_b38_C"
[181] "chr10_26944914_G_T_b38_G" "chr10_26944919_T_C_b38_T"
[183] "chr10_26944921_C_T_b38_C" "chr10_26944958_T_A_b38_T"
[185] "chr10_26944965_G_C_b38_G" "chr10_26944993_A_G_b38_A"
[187] "chr10_26944995_G_C_b38_G" "chr10_26945001_T_C_b38_T"
[189] "chr10_26945003_C_A_b38_C" "chr10_26945051_A_G_b38_A"
[191] "chr10_26945068_T_C_b38_T" "chr10_26945413_C_T_b38_C"
[193] "chr10_26945414_T_G_b38_T" "chr10_26945416_C_T_b38_C"
[195] "chr10_26945417_A_G_b38_A" "chr10_26945423_A_T_b38_A"
[197] "chr10_26945427_A_T_b38_A" "chr10_26945437_G_A_b38_G"
[199] "chr10_26945444_A_C_b38_A" "chr10_26945448_A_T_b38_A"
[201] "chr10_26945467_G_T_b38_G" "chr10_26945477_A_C_b38_A"
[203] "chr10_26945482_G_C_b38_G" "chr10_26945486_C_G_b38_C"
[205] "chr10_26945501_C_G_b38_C" "chr10_26946377_G_C_b38_G"
[207] "chr10_26946383_T_C_b38_T" "chr10_26946384_G_A_b38_G"
[209] "chr10_26946387_C_T_b38_C" "chr10_26946406_C_A_b38_C"
[211] "chr10_26946416_C_T_b38_C" "chr10_26946433_G_A_b38_G"
[213] "chr10_26946442_G_A_b38_G" "chr10_26946460_T_G_b38_T"
[215] "chr10_26946463_A_T_b38_A" "chr10_26946473_A_G_b38_A"
[217] "chr10_26946478_T_G_b38_T" "chr10_26950515_T_C_b38_T"
[219] "chr10_26950545_A_G_b38_A" "chr10_26950550_T_G_b38_T"
[221] "chr10_26950585_G_A_b38_G" "chr10_26950594_T_C_b38_T"
[223] "chr10_26950596_T_C_b38_T" "chr10_26950624_A_G_b38_A"
[225] "chr10_26950651_T_G_b38_T" "chr10_26950653_T_C_b38_T"
[227] "chr10_26950655_C_G_b38_C" "chr10_26950666_A_G_b38_A"
[229] "chr10_26950699_A_T_b38_A" "chr10_26952102_G_A_b38_G"
[231] "chr10_26952112_A_T_b38_A" "chr10_26952113_A_G_b38_A"
[233] "chr10_26952124_T_C_b38_T" "chr10_26952146_A_C_b38_A"
[235] "chr10_26968789_C_T_b38_C" "chr10_26969711_T_C_b38_T"
[237] "chr10_26970542_T_C_b38_T" "chr10_26970891_G_A_b38_G"
[239] "chr10_26971189_A_G_b38_A" "chr10_27066811_T_A_b38_T"
[241] "chr10_27082025_C_T_b38_C" "chr10_27082026_A_G_b38_A"
[243] "chr10_27082721_T_C_b38_T" "chr10_27086482_T_C_b38_T"
[245] "chr10_27089876_T_C_b38_T" "chr10_27096190_A_C_b38_A"
[247] "chr10_27096192_G_T_b38_G" "chr10_27096220_A_C_b38_A"
[249] "chr10_27096590_C_A_b38_C" "chr10_27104765_A_G_b38_A"
[251] "chr10_27109597_A_G_b38_A" "chr10_27112717_A_T_b38_A"
[253] "chr10_27113954_A_G_b38_A" "chr10_27119716_G_A_b38_G"
[255] "chr10_27121557_C_T_b38_C" "chr10_27122150_C_A_b38_C"
[257] "chr10_27124098_G_A_b38_G" "chr10_27139495_A_G_b38_A"
[259] "chr10_27141388_A_G_b38_A" "chr10_27141789_T_C_b38_T"
[261] "chr10_27147938_T_A_b38_T" "chr10_27149514_A_C_b38_A"
[263] "chr10_27149515_G_C_b38_G" "chr10_27156129_C_G_b38_C"
[265] "chr10_27157264_A_G_b38_A" "chr10_27157440_T_A_b38_T"
[267] "chr10_27157650_T_C_b38_T" "chr10_27157707_C_A_b38_C"
[269] "chr10_27158836_G_A_b38_G" "chr10_27163296_G_T_b38_G"
[271] "chr10_27168423_A_G_b38_A" "chr10_27169331_G_A_b38_G"
[273] "chr10_27174593_G_A_b38_G" "chr10_27175958_G_A_b38_G"
[275] "chr10_27178674_T_C_b38_T" "chr10_27181976_G_A_b38_G"
[277] "chr10_27182112_G_A_b38_G" "chr10_27182125_C_T_b38_C"
[279] "chr10_27182675_C_T_b38_C" "chr10_27183071_C_A_b38_C"
[281] "chr10_27183285_T_C_b38_T" "chr10_27185324_C_A_b38_C"
[283] "chr10_27187218_G_T_b38_G" "chr10_27187685_G_A_b38_G"
[285] "chr10_27188356_G_T_b38_G" "chr10_27188369_A_G_b38_A"
[287] "chr10_27192884_G_A_b38_G" "chr10_27195178_T_C_b38_T"
[289] "chr10_27202884_T_C_b38_T" "chr10_27204275_A_G_b38_A"
[291] "chr10_27206712_C_T_b38_C" "chr10_27218617_G_A_b38_G"
[293] "chr10_27221365_T_G_b38_T" "chr10_27222759_C_T_b38_C"
[295] "chr10_27223185_T_C_b38_T" "chr10_27224133_C_T_b38_C"
[297] "chr10_27225039_A_C_b38_A" "chr10_27225358_T_C_b38_T"
[299] "chr10_27257648_T_A_b38_T" "chr10_27261032_T_C_b38_T"
[301] "chr10_27265525_T_A_b38_T" "chr10_27265762_G_A_b38_G"
[303] "chr10_27272542_A_G_b38_A" "chr10_27275869_A_G_b38_A"
[305] "chr10_27279559_T_A_b38_T" "chr10_27329706_T_C_b38_T"
[307] "chr10_27329757_A_G_b38_A" "chr10_27329767_C_A_b38_C"
[309] "chr10_27330263_C_T_b38_C" "chr10_27330274_A_T_b38_A"
[311] "chr10_27330280_G_A_b38_G" "chr10_27330308_G_A_b38_G"
[313] "chr10_27330314_C_A_b38_C" "chr10_27330331_T_C_b38_T"
[315] "chr10_27330413_C_T_b38_C" "chr10_27330416_T_G_b38_T"
[317] "chr10_27330423_C_G_b38_C" "chr10_27330426_C_T_b38_C"
[319] "chr10_27330427_T_A_b38_T" "chr10_27330454_T_C_b38_T"
[321] "chr10_27330457_A_G_b38_A" "chr10_27330472_C_T_b38_C"
[323] "chr10_27330482_T_A_b38_T" "chr10_27330501_C_T_b38_C"
[325] "chr10_27330526_T_C_b38_T" "chr10_27330540_C_T_b38_C"
[327] "chr10_27330561_G_A_b38_G" "chr10_27330584_G_C_b38_G"
[329] "chr10_27330608_G_T_b38_G" "chr10_27330617_G_A_b38_G"
[331] "chr10_27330621_T_C_b38_T" "chr10_27330664_A_C_b38_A"
[333] "chr10_27330687_G_C_b38_G" "chr10_27330693_G_T_b38_G"
[335] "chr10_27330790_C_A_b38_C" "chr10_27330792_A_G_b38_A"
[337] "chr10_27330796_A_G_b38_A" "chr10_27330798_A_G_b38_A"
[339] "chr10_27330805_C_T_b38_C" "chr10_27330844_T_C_b38_T"
[341] "chr10_27330849_C_T_b38_C" "chr10_27330852_A_G_b38_A"
[343] "chr10_27331175_T_G_b38_T" "chr10_27331182_A_G_b38_A"
[345] "chr10_27331185_A_G_b38_A" "chr10_27331194_G_A_b38_G"
[347] "chr10_27331211_A_G_b38_A" "chr10_27331216_C_T_b38_C"
[349] "chr10_27331219_G_A_b38_G" "chr10_27331222_C_T_b38_C"
[351] "chr10_27331223_C_T_b38_C" "chr10_27331235_A_T_b38_A"
[353] "chr10_27331263_C_G_b38_C" "chr10_27331282_A_G_b38_A"
[355] "chr10_27331298_A_G_b38_A" "chr10_27331307_G_A_b38_G"
[357] "chr10_27331313_A_G_b38_A" "chr10_27331319_A_G_b38_A"
[359] "chr10_27331583_G_T_b38_G" "chr10_27331601_T_C_b38_T"
[361] "chr10_27331629_T_C_b38_T" "chr10_27331997_T_A_b38_T"
[363] "chr10_27332000_G_A_b38_G" "chr10_27332021_G_A_b38_G"
[365] "chr10_27332037_T_C_b38_T" "chr10_27332049_T_C_b38_T"
[367] "chr10_27332308_T_G_b38_T" "chr10_27332312_G_T_b38_G"
[369] "chr10_27332319_T_A_b38_T" "chr10_27332321_G_C_b38_G"
[371] "chr10_27332323_T_C_b38_T" "chr10_27332347_A_G_b38_A"
[373] "chr10_27332360_G_A_b38_G" "chr10_27332375_T_A_b38_T"
[375] "chr10_27332389_A_C_b38_A" "chr10_27332582_A_T_b38_A"
[377] "chr10_27332600_C_T_b38_C" "chr10_27332625_C_T_b38_C"
[379] "chr10_27332628_G_A_b38_G" "chr10_27332631_C_T_b38_C"
[381] "chr10_27332645_G_A_b38_G" "chr10_27332674_A_G_b38_A"
[383] "chr10_27332702_T_C_b38_T" "chr10_27332721_C_T_b38_C"
[385] "chr10_27332727_T_G_b38_T" "chr10_27332746_A_G_b38_A"
[387] "chr10_27332749_A_G_b38_A" "chr10_27332756_A_T_b38_A"
[389] "chr10_27332767_T_C_b38_T" "chr10_27332773_G_A_b38_G"
[391] "chr10_27332784_G_A_b38_G" "chr10_27332790_C_T_b38_C"
[393] "chr10_27332799_C_G_b38_C" "chr10_27332809_C_A_b38_C"
[395] "chr10_27332826_C_G_b38_C" "chr10_27332828_C_T_b38_C"
[397] "chr10_27332859_G_A_b38_G" "chr10_27332926_T_C_b38_T"
[399] "chr10_27332962_A_T_b38_A" "chr10_27332972_C_T_b38_C"
[401] "chr10_27332977_A_G_b38_A" "chr10_27333023_C_A_b38_C"
[403] "chr10_27333031_A_G_b38_A" "chr10_27333040_T_A_b38_T"
[405] "chr10_27333042_G_A_b38_G" "chr10_27333051_A_T_b38_A"
[407] "chr10_27333063_G_C_b38_G" "chr10_27333065_T_C_b38_T"
[409] "chr10_27333066_G_A_b38_G" "chr10_27333078_C_T_b38_C"
[411] "chr10_27333102_T_C_b38_T" "chr10_27333103_C_T_b38_C"
[413] "chr10_27333123_A_G_b38_A" "chr10_27333171_T_C_b38_T"
[415] "chr10_27333198_C_G_b38_C" "chr10_27333356_A_G_b38_A"
[417] "chr10_27333368_C_A_b38_C" "chr10_27333396_G_A_b38_G"
[419] "chr10_27333400_C_T_b38_C" "chr10_27333782_C_T_b38_C"
[421] "chr10_27333783_A_G_b38_A" "chr10_27333809_T_C_b38_T"
[423] "chr10_27333817_A_G_b38_A" "chr10_27333819_C_A_b38_C"
[425] "chr10_27333858_A_G_b38_A" "chr10_27355086_A_G_b38_A"
[427] "chr10_27356570_T_C_b38_T" "chr10_27357898_A_G_b38_A"
[429] "chr10_27364240_G_T_b38_G" "chr10_27366548_C_T_b38_C"
74 SNP(s) removed because HWE P < 1e-08 :
 [1] "chr21_31920396_G_A_b38_G" "chr21_31935565_G_C_b38_G"
 [3] "chr21_31935580_T_G_b38_T" "chr21_32134286_A_T_b38_A"
 [5] "chr21_32238948_G_A_b38_G" "chr21_32250914_C_T_b38_C"
 [7] "chr21_32311415_A_C_b38_A" "chr21_32410343_C_T_b38_C"
 [9] "chr21_32432979_G_A_b38_G" "chr21_32432987_A_C_b38_A"
[11] "chr21_32432995_G_A_b38_G" "chr21_32433065_T_A_b38_T"
[13] "chr21_32433084_C_T_b38_C" "chr21_32433553_G_A_b38_G"
[15] "chr21_32433554_C_G_b38_C" "chr21_32433562_T_C_b38_T"
[17] "chr21_32433629_A_G_b38_A" "chr21_32433656_G_A_b38_G"
[19] "chr21_32433663_A_T_b38_A" "chr21_32434706_A_G_b38_A"
[21] "chr21_32434713_T_C_b38_T" "chr21_32434721_A_C_b38_A"
[23] "chr21_32434746_A_C_b38_A" "chr21_32434842_G_A_b38_G"
[25] "chr21_32434867_C_T_b38_C" "chr21_32434878_G_A_b38_G"
[27] "chr21_32434919_T_G_b38_T" "chr21_32434927_C_T_b38_C"
[29] "chr21_32434967_T_G_b38_T" "chr21_32434971_T_C_b38_T"
[31] "chr21_32434992_T_C_b38_T" "chr21_32435003_T_G_b38_T"
[33] "chr21_32435004_T_C_b38_T" "chr21_32435117_A_G_b38_A"
[35] "chr21_32435125_T_C_b38_T" "chr21_32435126_G_C_b38_G"
[37] "chr21_32435133_C_A_b38_C" "chr21_32435360_C_T_b38_C"
[39] "chr21_32435400_A_G_b38_A" "chr21_32435408_T_C_b38_T"
[41] "chr21_32435414_A_G_b38_A" "chr21_32435436_C_T_b38_C"
[43] "chr21_32435462_C_T_b38_C" "chr21_32435661_G_C_b38_G"
[45] "chr21_32435666_T_G_b38_T" "chr21_32435667_A_G_b38_A"
[47] "chr21_32435716_C_T_b38_C" "chr21_32435721_G_A_b38_G"
[49] "chr21_32435728_T_C_b38_T" "chr21_32435763_C_T_b38_C"
[51] "chr21_32435766_A_C_b38_A" "chr21_32435898_C_T_b38_C"
[53] "chr21_32435949_T_A_b38_T" "chr21_32435990_T_A_b38_T"
[55] "chr21_32436019_G_A_b38_G" "chr21_32436447_T_A_b38_T"
[57] "chr21_32436465_A_C_b38_A" "chr21_32436477_T_A_b38_T"
[59] "chr21_32436484_T_C_b38_T" "chr21_32436539_G_A_b38_G"
[61] "chr21_32436627_G_A_b38_G" "chr21_32436628_G_A_b38_G"
[63] "chr21_32436637_A_G_b38_A" "chr21_32436702_C_T_b38_C"
[65] "chr21_32436736_G_A_b38_G" "chr21_32436746_A_G_b38_A"
[67] "chr21_32437187_G_C_b38_G" "chr21_32437224_A_G_b38_A"
[69] "chr21_32437249_C_A_b38_C" "chr21_32437250_G_A_b38_G"
[71] "chr21_32437258_C_G_b38_C" "chr21_32621877_A_T_b38_A"
[73] "chr21_32660622_A_G_b38_A" "chr21_32660624_C_T_b38_C"
13 SNP(s) removed because HWE P < 1e-08 :
 [1] "chr20_44451750_A_C_b38_A" "chr20_44638314_G_C_b38_G"
 [3] "chr20_44656383_G_T_b38_G" "chr20_44656576_T_C_b38_T"
 [5] "chr20_44662081_G_A_b38_G" "chr20_44671236_A_C_b38_A"
 [7] "chr20_44672747_A_G_b38_A" "chr20_44672749_T_C_b38_T"
 [9] "chr20_44684112_T_C_b38_T" "chr20_44684506_G_C_b38_G"
[11] "chr20_44792958_A_G_b38_A" "chr20_44796825_T_G_b38_T"
[13] "chr20_44943576_T_C_b38_T"
26 SNP(s) removed because HWE P < 1e-08 :
 [1] "chr4_48078519_A_C_b38_A" "chr4_48079528_T_C_b38_T"
 [3] "chr4_48085231_T_C_b38_T" "chr4_48085838_G_A_b38_G"
 [5] "chr4_48086052_C_T_b38_C" "chr4_48086429_A_G_b38_A"
 [7] "chr4_48450863_T_C_b38_T" "chr4_48451209_C_T_b38_C"
 [9] "chr4_48452709_A_G_b38_A" "chr4_48711359_T_C_b38_T"
[11] "chr4_48711393_C_T_b38_C" "chr4_48711401_C_A_b38_C"
[13] "chr4_48711410_A_G_b38_A" "chr4_48711421_A_C_b38_A"
[15] "chr4_48711432_G_C_b38_G" "chr4_48711433_G_A_b38_G"
[17] "chr4_48711441_A_C_b38_A" "chr4_48711445_C_T_b38_C"
[19] "chr4_48711447_G_A_b38_G" "chr4_48711466_C_T_b38_C"
[21] "chr4_48711467_A_T_b38_A" "chr4_48711470_G_A_b38_G"
[23] "chr4_48711609_C_T_b38_C" "chr4_48711661_A_G_b38_A"
[25] "chr4_48711678_T_A_b38_T" "chr4_48711716_T_C_b38_T"
23 SNP(s) removed because HWE P < 1e-08 :
 [1] "chr19_51780129_T_C_b38_T" "chr19_51780359_A_G_b38_A"
 [3] "chr19_51848424_G_A_b38_G" "chr19_51875933_G_A_b38_G"
 [5] "chr19_51876393_G_A_b38_G" "chr19_52150176_C_G_b38_C"
 [7] "chr19_52152646_T_A_b38_T" "chr19_52439481_C_T_b38_C"
 [9] "chr19_52446066_A_G_b38_A" "chr19_52446988_C_T_b38_C"
[11] "chr19_52447911_G_C_b38_G" "chr19_52453680_C_G_b38_C"
[13] "chr19_52453825_T_G_b38_T" "chr19_52455960_G_A_b38_G"
[15] "chr19_52460173_A_G_b38_A" "chr19_52466824_T_C_b38_T"
[17] "chr19_52471990_C_A_b38_C" "chr19_52473128_G_A_b38_G"
[19] "chr19_52474838_G_T_b38_G" "chr19_52476954_C_T_b38_C"
[21] "chr19_52477143_C_T_b38_C" "chr19_52478828_T_C_b38_T"
[23] "chr19_52480010_T_C_b38_T"
15 SNP(s) removed because HWE P < 1e-08 :
 [1] "chr10_103623269_G_C_b38_G" "chr10_103801052_T_G_b38_T"
 [3] "chr10_103935555_G_A_b38_G" "chr10_104016203_C_T_b38_C"
 [5] "chr10_104016275_T_C_b38_T" "chr10_104016297_T_C_b38_T"
 [7] "chr10_104018371_A_G_b38_A" "chr10_104057158_C_T_b38_C"
 [9] "chr10_104063351_T_C_b38_T" "chr10_104079082_C_A_b38_C"
[11] "chr10_104084134_G_A_b38_G" "chr10_104094378_G_A_b38_G"
[13] "chr10_104112816_A_G_b38_A" "chr10_104167352_A_G_b38_A"
[15] "chr10_104331029_A_G_b38_A"
6 SNP(s) removed because HWE P < 1e-08 :
[1] "chr17_28439190_A_C_b38_A" "chr17_28439714_T_C_b38_T"
[3] "chr17_28441937_G_A_b38_G" "chr17_28452019_C_T_b38_C"
[5] "chr17_28452207_C_G_b38_C" "chr17_28459762_C_A_b38_C"
13 SNP(s) removed because HWE P < 1e-08 :
 [1] "chr11_17221652_G_A_b38_G" "chr11_17240074_G_A_b38_G"
 [3] "chr11_17250379_A_G_b38_A" "chr11_17251836_G_A_b38_G"
 [5] "chr11_17253849_C_A_b38_C" "chr11_17367880_G_A_b38_G"
 [7] "chr11_17382953_A_G_b38_A" "chr11_17402088_C_T_b38_C"
 [9] "chr11_17402848_G_A_b38_G" "chr11_17514803_T_C_b38_T"
[11] "chr11_17831995_C_T_b38_C" "chr11_17953081_A_C_b38_A"
[13] "chr11_18015276_A_T_b38_A"
18 SNP(s) removed because HWE P < 1e-08 :
 [1] "chr9_132690504_A_C_b38_A" "chr9_132726245_A_C_b38_A"
 [3] "chr9_132763848_A_G_b38_A" "chr9_133019995_T_C_b38_T"
 [5] "chr9_133026378_T_C_b38_T" "chr9_133061861_G_T_b38_G"
 [7] "chr9_133063059_C_G_b38_C" "chr9_133068394_A_G_b38_A"
 [9] "chr9_133068899_A_G_b38_A" "chr9_133070734_T_C_b38_T"
[11] "chr9_133082530_A_G_b38_A" "chr9_133208251_C_G_b38_C"
[13] "chr9_133208306_T_C_b38_T" "chr9_133208307_G_C_b38_G"
[15] "chr9_133208308_C_T_b38_C" "chr9_133226228_T_C_b38_T"
[17] "chr9_133227402_T_A_b38_T" "chr9_133234925_C_T_b38_C"
86 SNP(s) removed because HWE P < 1e-08 :
 [1] "chr11_12602581_C_A_b38_C" "chr11_12624958_C_A_b38_C"
 [3] "chr11_12709357_A_C_b38_A" "chr11_12711743_G_T_b38_G"
 [5] "chr11_12712147_G_A_b38_G" "chr11_12714195_C_T_b38_C"
 [7] "chr11_12714879_C_G_b38_C" "chr11_12715017_G_A_b38_G"
 [9] "chr11_12715147_C_T_b38_C" "chr11_12715325_A_G_b38_A"
[11] "chr11_12715946_C_T_b38_C" "chr11_12715993_T_C_b38_T"
[13] "chr11_12717103_G_A_b38_G" "chr11_12717141_C_A_b38_C"
[15] "chr11_12722267_A_G_b38_A" "chr11_12722492_G_A_b38_G"
[17] "chr11_12722623_A_G_b38_A" "chr11_12725406_G_A_b38_G"
[19] "chr11_12726375_G_A_b38_G" "chr11_12730213_C_A_b38_C"
[21] "chr11_12731602_A_G_b38_A" "chr11_12750963_G_C_b38_G"
[23] "chr11_12757747_T_C_b38_T" "chr11_12757888_G_T_b38_G"
[25] "chr11_12758617_C_T_b38_C" "chr11_12758709_T_C_b38_T"
[27] "chr11_12759469_G_A_b38_G" "chr11_12775522_G_C_b38_G"
[29] "chr11_12781165_A_G_b38_A" "chr11_12797262_G_A_b38_G"
[31] "chr11_12801705_T_G_b38_T" "chr11_12806545_C_T_b38_C"
[33] "chr11_12810221_C_T_b38_C" "chr11_12820345_A_C_b38_A"
[35] "chr11_12959220_G_C_b38_G" "chr11_13145421_T_C_b38_T"
[37] "chr11_13159063_A_T_b38_A" "chr11_13160043_T_C_b38_T"
[39] "chr11_13161191_T_G_b38_T" "chr11_13162034_C_T_b38_C"
[41] "chr11_13163679_G_A_b38_G" "chr11_13167486_A_G_b38_A"
[43] "chr11_13167824_C_G_b38_C" "chr11_13168039_T_G_b38_T"
[45] "chr11_13168424_A_T_b38_A" "chr11_13168751_C_A_b38_C"
[47] "chr11_13168868_C_G_b38_C" "chr11_13170516_C_T_b38_C"
[49] "chr11_13171300_T_A_b38_T" "chr11_13171711_G_C_b38_G"
[51] "chr11_13172324_A_C_b38_A" "chr11_13172527_T_C_b38_T"
[53] "chr11_13172742_G_A_b38_G" "chr11_13173008_G_A_b38_G"
[55] "chr11_13173311_A_C_b38_A" "chr11_13173332_G_A_b38_G"
[57] "chr11_13173916_G_A_b38_G" "chr11_13174617_C_T_b38_C"
[59] "chr11_13174658_A_G_b38_A" "chr11_13175460_G_T_b38_G"
[61] "chr11_13175491_T_C_b38_T" "chr11_13176427_A_G_b38_A"
[63] "chr11_13176535_G_A_b38_G" "chr11_13176583_C_T_b38_C"
[65] "chr11_13177356_T_C_b38_T" "chr11_13178288_C_T_b38_C"
[67] "chr11_13178878_C_T_b38_C" "chr11_13179392_C_G_b38_C"
[69] "chr11_13179991_G_A_b38_G" "chr11_13180396_T_C_b38_T"
[71] "chr11_13181122_C_T_b38_C" "chr11_13181132_T_A_b38_T"
[73] "chr11_13181163_T_G_b38_T" "chr11_13181254_G_A_b38_G"
[75] "chr11_13181293_C_T_b38_C" "chr11_13181360_G_A_b38_G"
[77] "chr11_13181664_A_G_b38_A" "chr11_13182114_G_A_b38_G"
[79] "chr11_13182203_G_A_b38_G" "chr11_13182610_C_T_b38_C"
[81] "chr11_13182823_T_C_b38_T" "chr11_13183287_G_A_b38_G"
[83] "chr11_13184213_G_A_b38_G" "chr11_13301971_T_C_b38_T"
[85] "chr11_13316281_G_A_b38_G" "chr11_13395112_C_G_b38_C"
122 SNP(s) removed because HWE P < 1e-08 :
  [1] "chr19_22301613_G_A_b38_G" "chr19_22301618_G_C_b38_G"
  [3] "chr19_22301632_T_C_b38_T" "chr19_22301634_T_G_b38_T"
  [5] "chr19_22301641_C_G_b38_C" "chr19_22301842_G_C_b38_G"
  [7] "chr19_22302227_G_A_b38_G" "chr19_22302345_G_A_b38_G"
  [9] "chr19_22302393_G_C_b38_G" "chr19_22302420_C_G_b38_C"
 [11] "chr19_22302440_T_C_b38_T" "chr19_22302534_G_T_b38_G"
 [13] "chr19_22302555_T_C_b38_T" "chr19_22302575_T_A_b38_T"
 [15] "chr19_22302587_T_A_b38_T" "chr19_22302599_A_C_b38_A"
 [17] "chr19_22302602_G_A_b38_G" "chr19_22302604_T_C_b38_T"
 [19] "chr19_22302700_C_T_b38_C" "chr19_22302707_C_T_b38_C"
 [21] "chr19_22302708_A_C_b38_A" "chr19_22302727_T_C_b38_T"
 [23] "chr19_22302728_G_A_b38_G" "chr19_22302733_T_C_b38_T"
 [25] "chr19_22302772_A_G_b38_A" "chr19_22302786_G_A_b38_G"
 [27] "chr19_22302787_A_T_b38_A" "chr19_22302799_A_G_b38_A"
 [29] "chr19_22302813_G_T_b38_G" "chr19_22302816_A_G_b38_A"
 [31] "chr19_22302824_T_G_b38_T" "chr19_22302826_A_C_b38_A"
 [33] "chr19_22340148_A_G_b38_A" "chr19_22347066_C_T_b38_C"
 [35] "chr19_22350016_A_G_b38_A" "chr19_22378706_A_G_b38_A"
 [37] "chr19_22424813_A_T_b38_A" "chr19_22424825_T_C_b38_T"
 [39] "chr19_22424827_C_G_b38_C" "chr19_22424834_C_G_b38_C"
 [41] "chr19_22424855_A_C_b38_A" "chr19_22424861_C_G_b38_C"
 [43] "chr19_22424869_T_G_b38_T" "chr19_22424871_G_A_b38_G"
 [45] "chr19_22424879_C_T_b38_C" "chr19_22424889_T_C_b38_T"
 [47] "chr19_22424890_T_C_b38_T" "chr19_22424904_G_A_b38_G"
 [49] "chr19_22424929_C_T_b38_C" "chr19_22424931_C_T_b38_C"
 [51] "chr19_22424933_T_C_b38_T" "chr19_22424937_A_G_b38_A"
 [53] "chr19_22424943_T_C_b38_T" "chr19_22425002_G_A_b38_G"
 [55] "chr19_22425015_T_A_b38_T" "chr19_22425020_G_A_b38_G"
 [57] "chr19_22425028_C_T_b38_C" "chr19_22435511_A_G_b38_A"
 [59] "chr19_22435520_T_A_b38_T" "chr19_22547025_C_T_b38_C"
 [61] "chr19_22551744_T_C_b38_T" "chr19_22552544_G_C_b38_G"
 [63] "chr19_22552662_G_C_b38_G" "chr19_22553045_G_C_b38_G"
 [65] "chr19_22554392_A_G_b38_A" "chr19_22554746_T_C_b38_T"
 [67] "chr19_22554907_T_C_b38_T" "chr19_22554937_A_G_b38_A"
 [69] "chr19_22557597_A_G_b38_A" "chr19_22557898_C_T_b38_C"
 [71] "chr19_22558323_G_A_b38_G" "chr19_22558555_G_A_b38_G"
 [73] "chr19_22558713_T_A_b38_T" "chr19_22558873_C_T_b38_C"
 [75] "chr19_22559518_G_A_b38_G" "chr19_22559662_G_A_b38_G"
 [77] "chr19_22559859_G_A_b38_G" "chr19_22560056_G_A_b38_G"
 [79] "chr19_22560518_T_G_b38_T" "chr19_22560943_T_C_b38_T"
 [81] "chr19_22561995_A_G_b38_A" "chr19_22562511_T_C_b38_T"
 [83] "chr19_22563394_T_C_b38_T" "chr19_22563648_A_G_b38_A"
 [85] "chr19_22564048_A_G_b38_A" "chr19_22564633_A_G_b38_A"
 [87] "chr19_22564649_A_C_b38_A" "chr19_22564653_C_G_b38_C"
 [89] "chr19_22566262_A_G_b38_A" "chr19_22567057_G_A_b38_G"
 [91] "chr19_22568291_G_C_b38_G" "chr19_22568523_C_T_b38_C"
 [93] "chr19_22568524_C_A_b38_C" "chr19_22568898_T_C_b38_T"
 [95] "chr19_22574453_C_T_b38_C" "chr19_22574462_T_C_b38_T"
 [97] "chr19_22577123_T_C_b38_T" "chr19_22577165_T_G_b38_T"
 [99] "chr19_22580059_G_A_b38_G" "chr19_22580061_C_A_b38_C"
[101] "chr19_22580082_A_G_b38_A" "chr19_22580112_A_G_b38_A"
[103] "chr19_22580146_T_C_b38_T" "chr19_22580151_G_A_b38_G"
[105] "chr19_22580160_A_T_b38_A" "chr19_22580185_C_T_b38_C"
[107] "chr19_22580261_C_T_b38_C" "chr19_22606461_G_C_b38_G"
[109] "chr19_22612848_A_C_b38_A" "chr19_22623229_T_C_b38_T"
[111] "chr19_22662449_A_C_b38_A" "chr19_22668039_G_A_b38_G"
[113] "chr19_22675747_T_C_b38_T" "chr19_22675748_A_C_b38_A"
[115] "chr19_22785166_C_G_b38_C" "chr19_22787415_A_G_b38_A"
[117] "chr19_22787552_A_G_b38_A" "chr19_22806524_G_A_b38_G"
[119] "chr19_22806545_A_C_b38_A" "chr19_23111906_G_C_b38_G"
[121] "chr19_23239281_C_T_b38_C" "chr19_23239283_C_T_b38_C"
86 SNP(s) removed because HWE P < 1e-08 :
 [1] "chr11_12602581_C_A_b38_C" "chr11_12624958_C_A_b38_C"
 [3] "chr11_12709357_A_C_b38_A" "chr11_12711743_G_T_b38_G"
 [5] "chr11_12712147_G_A_b38_G" "chr11_12714195_C_T_b38_C"
 [7] "chr11_12714879_C_G_b38_C" "chr11_12715017_G_A_b38_G"
 [9] "chr11_12715147_C_T_b38_C" "chr11_12715325_A_G_b38_A"
[11] "chr11_12715946_C_T_b38_C" "chr11_12715993_T_C_b38_T"
[13] "chr11_12717103_G_A_b38_G" "chr11_12717141_C_A_b38_C"
[15] "chr11_12722267_A_G_b38_A" "chr11_12722492_G_A_b38_G"
[17] "chr11_12722623_A_G_b38_A" "chr11_12725406_G_A_b38_G"
[19] "chr11_12726375_G_A_b38_G" "chr11_12730213_C_A_b38_C"
[21] "chr11_12731602_A_G_b38_A" "chr11_12750963_G_C_b38_G"
[23] "chr11_12757747_T_C_b38_T" "chr11_12757888_G_T_b38_G"
[25] "chr11_12758617_C_T_b38_C" "chr11_12758709_T_C_b38_T"
[27] "chr11_12759469_G_A_b38_G" "chr11_12775522_G_C_b38_G"
[29] "chr11_12781165_A_G_b38_A" "chr11_12797262_G_A_b38_G"
[31] "chr11_12801705_T_G_b38_T" "chr11_12806545_C_T_b38_C"
[33] "chr11_12810221_C_T_b38_C" "chr11_12820345_A_C_b38_A"
[35] "chr11_12959220_G_C_b38_G" "chr11_13145421_T_C_b38_T"
[37] "chr11_13159063_A_T_b38_A" "chr11_13160043_T_C_b38_T"
[39] "chr11_13161191_T_G_b38_T" "chr11_13162034_C_T_b38_C"
[41] "chr11_13163679_G_A_b38_G" "chr11_13167486_A_G_b38_A"
[43] "chr11_13167824_C_G_b38_C" "chr11_13168039_T_G_b38_T"
[45] "chr11_13168424_A_T_b38_A" "chr11_13168751_C_A_b38_C"
[47] "chr11_13168868_C_G_b38_C" "chr11_13170516_C_T_b38_C"
[49] "chr11_13171300_T_A_b38_T" "chr11_13171711_G_C_b38_G"
[51] "chr11_13172324_A_C_b38_A" "chr11_13172527_T_C_b38_T"
[53] "chr11_13172742_G_A_b38_G" "chr11_13173008_G_A_b38_G"
[55] "chr11_13173311_A_C_b38_A" "chr11_13173332_G_A_b38_G"
[57] "chr11_13173916_G_A_b38_G" "chr11_13174617_C_T_b38_C"
[59] "chr11_13174658_A_G_b38_A" "chr11_13175460_G_T_b38_G"
[61] "chr11_13175491_T_C_b38_T" "chr11_13176427_A_G_b38_A"
[63] "chr11_13176535_G_A_b38_G" "chr11_13176583_C_T_b38_C"
[65] "chr11_13177356_T_C_b38_T" "chr11_13178288_C_T_b38_C"
[67] "chr11_13178878_C_T_b38_C" "chr11_13179392_C_G_b38_C"
[69] "chr11_13179991_G_A_b38_G" "chr11_13180396_T_C_b38_T"
[71] "chr11_13181122_C_T_b38_C" "chr11_13181132_T_A_b38_T"
[73] "chr11_13181163_T_G_b38_T" "chr11_13181254_G_A_b38_G"
[75] "chr11_13181293_C_T_b38_C" "chr11_13181360_G_A_b38_G"
[77] "chr11_13181664_A_G_b38_A" "chr11_13182114_G_A_b38_G"
[79] "chr11_13182203_G_A_b38_G" "chr11_13182610_C_T_b38_C"
[81] "chr11_13182823_T_C_b38_T" "chr11_13183287_G_A_b38_G"
[83] "chr11_13184213_G_A_b38_G" "chr11_13301971_T_C_b38_T"
[85] "chr11_13316281_G_A_b38_G" "chr11_13395112_C_G_b38_C"
23 SNP(s) removed because HWE P < 1e-08 :
 [1] "chr19_51780129_T_C_b38_T" "chr19_51780359_A_G_b38_A"
 [3] "chr19_51848424_G_A_b38_G" "chr19_51875933_G_A_b38_G"
 [5] "chr19_51876393_G_A_b38_G" "chr19_52150176_C_G_b38_C"
 [7] "chr19_52152646_T_A_b38_T" "chr19_52439481_C_T_b38_C"
 [9] "chr19_52446066_A_G_b38_A" "chr19_52446988_C_T_b38_C"
[11] "chr19_52447911_G_C_b38_G" "chr19_52453680_C_G_b38_C"
[13] "chr19_52453825_T_G_b38_T" "chr19_52455960_G_A_b38_G"
[15] "chr19_52460173_A_G_b38_A" "chr19_52466824_T_C_b38_T"
[17] "chr19_52471990_C_A_b38_C" "chr19_52473128_G_A_b38_G"
[19] "chr19_52474838_G_T_b38_G" "chr19_52476954_C_T_b38_C"
[21] "chr19_52477143_C_T_b38_C" "chr19_52478828_T_C_b38_T"
[23] "chr19_52480010_T_C_b38_T"
22 SNP(s) removed because HWE P < 1e-08 :
 [1] "chr1_162353041_G_C_b38_G" "chr1_162353047_A_C_b38_A"
 [3] "chr1_162477576_G_A_b38_G" "chr1_162481393_G_A_b38_G"
 [5] "chr1_162483630_C_T_b38_C" "chr1_162701799_T_C_b38_T"
 [7] "chr1_162704548_G_A_b38_G" "chr1_162705250_T_C_b38_T"
 [9] "chr1_162706401_C_T_b38_C" "chr1_162710700_T_C_b38_T"
[11] "chr1_162714569_T_C_b38_T" "chr1_162722878_C_G_b38_C"
[13] "chr1_162733892_A_G_b38_A" "chr1_162742199_A_T_b38_A"
[15] "chr1_162742900_G_A_b38_G" "chr1_162743999_G_A_b38_G"
[17] "chr1_162744207_T_C_b38_T" "chr1_162752426_G_A_b38_G"
[19] "chr1_162763446_G_A_b38_G" "chr1_162798738_C_G_b38_C"
[21] "chr1_162803606_G_A_b38_G" "chr1_162909861_T_C_b38_T"
36 SNP(s) removed because HWE P < 1e-08 :
 [1] "chr19_58232500_A_G_b38_A" "chr19_58299461_G_T_b38_G"
 [3] "chr19_58348456_G_A_b38_G" "chr19_58388588_C_T_b38_C"
 [5] "chr19_58388924_C_T_b38_C" "chr19_58388989_C_T_b38_C"
 [7] "chr19_58389073_C_T_b38_C" "chr19_58389301_A_G_b38_A"
 [9] "chr19_58389650_T_A_b38_T" "chr19_58390127_T_C_b38_T"
[11] "chr19_58390182_C_T_b38_C" "chr19_58390504_C_T_b38_C"
[13] "chr19_58390823_G_A_b38_G" "chr19_58391045_T_C_b38_T"
[15] "chr19_58391195_A_G_b38_A" "chr19_58391197_T_C_b38_T"
[17] "chr19_58391202_C_T_b38_C" "chr19_58392032_C_A_b38_C"
[19] "chr19_58392330_G_A_b38_G" "chr19_58393298_A_G_b38_A"
[21] "chr19_58395740_A_G_b38_A" "chr19_58395996_A_G_b38_A"
[23] "chr19_58396818_T_C_b38_T" "chr19_58396930_G_A_b38_G"
[25] "chr19_58425611_C_G_b38_C" "chr19_58431710_G_A_b38_G"
[27] "chr19_58436448_C_T_b38_C" "chr19_58438921_C_G_b38_C"
[29] "chr19_58440960_A_G_b38_A" "chr19_58442255_G_A_b38_G"
[31] "chr19_58560013_T_C_b38_T" "chr19_58563748_G_A_b38_G"
[33] "chr19_58568831_C_G_b38_C" "chr19_58574299_C_T_b38_C"
[35] "chr19_58586767_G_A_b38_G" "chr19_58596444_A_G_b38_A"
60 SNP(s) removed because HWE P < 1e-08 :
 [1] "chr2_33054064_C_G_b38_C" "chr2_33055167_G_A_b38_G"
 [3] "chr2_33072703_C_T_b38_C" "chr2_33085940_G_A_b38_G"
 [5] "chr2_33087972_G_A_b38_G" "chr2_33286824_C_G_b38_C"
 [7] "chr2_33371023_T_G_b38_T" "chr2_33431334_T_C_b38_T"
 [9] "chr2_33431637_T_C_b38_T" "chr2_33432529_A_G_b38_A"
[11] "chr2_33432770_C_T_b38_C" "chr2_33432918_A_G_b38_A"
[13] "chr2_33433068_T_C_b38_T" "chr2_33433257_C_A_b38_C"
[15] "chr2_33433303_T_C_b38_T" "chr2_33433437_T_A_b38_T"
[17] "chr2_33433580_A_G_b38_A" "chr2_33434073_C_T_b38_C"
[19] "chr2_33738469_T_C_b38_T" "chr2_33792585_C_A_b38_C"
[21] "chr2_33826187_C_A_b38_C" "chr2_33826189_T_G_b38_T"
[23] "chr2_33826215_G_C_b38_G" "chr2_33826216_A_G_b38_A"
[25] "chr2_33839969_T_C_b38_T" "chr2_33839972_T_G_b38_T"
[27] "chr2_33839979_T_C_b38_T" "chr2_33839980_G_T_b38_G"
[29] "chr2_33839988_A_G_b38_A" "chr2_33840000_T_C_b38_T"
[31] "chr2_33840004_C_T_b38_C" "chr2_33840016_A_C_b38_A"
[33] "chr2_33840017_G_C_b38_G" "chr2_33840022_G_A_b38_G"
[35] "chr2_33840030_T_C_b38_T" "chr2_33840038_T_C_b38_T"
[37] "chr2_33840048_G_C_b38_G" "chr2_33840049_G_A_b38_G"
[39] "chr2_33840082_C_A_b38_C" "chr2_33840086_G_C_b38_G"
[41] "chr2_33840087_C_T_b38_C" "chr2_33840102_T_C_b38_T"
[43] "chr2_33840112_G_A_b38_G" "chr2_33840131_C_A_b38_C"
[45] "chr2_33840313_A_G_b38_A" "chr2_33840318_T_A_b38_T"
[47] "chr2_33840338_T_G_b38_T" "chr2_33840347_C_A_b38_C"
[49] "chr2_33840373_A_C_b38_A" "chr2_33840374_T_C_b38_T"
[51] "chr2_33840420_A_G_b38_A" "chr2_33840444_T_A_b38_T"
[53] "chr2_33840449_T_G_b38_T" "chr2_33840456_A_G_b38_A"
[55] "chr2_33840462_C_T_b38_C" "chr2_33840664_T_A_b38_T"
[57] "chr2_33840668_G_A_b38_G" "chr2_33905605_C_T_b38_C"
[59] "chr2_33911403_A_G_b38_A" "chr2_33911426_A_G_b38_A"
69 SNP(s) removed because HWE P < 1e-08 :
 [1] "chr8_81253423_T_C_b38_T" "chr8_81281143_C_T_b38_C"
 [3] "chr8_81289273_A_T_b38_A" "chr8_81297255_A_G_b38_A"
 [5] "chr8_81299436_C_T_b38_C" "chr8_81300344_T_C_b38_T"
 [7] "chr8_81325559_T_C_b38_T" "chr8_81327049_C_G_b38_C"
 [9] "chr8_81327156_T_G_b38_T" "chr8_81327252_A_G_b38_A"
[11] "chr8_81327333_T_C_b38_T" "chr8_81327394_A_G_b38_A"
[13] "chr8_81328362_A_G_b38_A" "chr8_81328531_C_A_b38_C"
[15] "chr8_81329064_T_A_b38_T" "chr8_81329094_T_G_b38_T"
[17] "chr8_81329957_C_T_b38_C" "chr8_81330786_A_G_b38_A"
[19] "chr8_81330873_T_C_b38_T" "chr8_81331043_A_C_b38_A"
[21] "chr8_81331131_T_C_b38_T" "chr8_81331608_C_T_b38_C"
[23] "chr8_81331614_C_T_b38_C" "chr8_81331709_T_G_b38_T"
[25] "chr8_81331864_A_G_b38_A" "chr8_81331877_C_T_b38_C"
[27] "chr8_81332098_G_A_b38_G" "chr8_81332283_A_G_b38_A"
[29] "chr8_81332524_C_T_b38_C" "chr8_81332904_A_T_b38_A"
[31] "chr8_81332906_C_T_b38_C" "chr8_81333125_G_A_b38_G"
[33] "chr8_81333194_G_T_b38_G" "chr8_81333216_T_C_b38_T"
[35] "chr8_81333791_C_T_b38_C" "chr8_81334313_T_C_b38_T"
[37] "chr8_81335686_A_G_b38_A" "chr8_81336303_C_T_b38_C"
[39] "chr8_81464464_C_T_b38_C" "chr8_81468508_A_T_b38_A"
[41] "chr8_81468888_A_G_b38_A" "chr8_81469332_T_C_b38_T"
[43] "chr8_81469415_G_A_b38_G" "chr8_81470506_G_A_b38_G"
[45] "chr8_81470621_C_T_b38_C" "chr8_81471159_T_G_b38_T"
[47] "chr8_81514819_A_C_b38_A" "chr8_81515555_C_T_b38_C"
[49] "chr8_81518769_T_C_b38_T" "chr8_81527961_G_T_b38_G"
[51] "chr8_81900677_A_T_b38_A" "chr8_81900680_C_T_b38_C"
[53] "chr8_81900761_G_T_b38_G" "chr8_81900762_G_A_b38_G"
[55] "chr8_81900773_G_A_b38_G" "chr8_81900776_G_T_b38_G"
[57] "chr8_81900779_T_C_b38_T" "chr8_81900782_C_T_b38_C"
[59] "chr8_81900783_T_C_b38_T" "chr8_81900784_G_A_b38_G"
[61] "chr8_81900789_T_C_b38_T" "chr8_81900796_C_G_b38_C"
[63] "chr8_81900800_G_C_b38_G" "chr8_82127185_G_A_b38_G"
[65] "chr8_82127192_C_G_b38_C" "chr8_82129772_G_C_b38_G"
[67] "chr8_82130336_C_T_b38_C" "chr8_82136891_C_T_b38_C"
[69] "chr8_82137774_C_G_b38_C"
9 SNP(s) removed because HWE P < 1e-08 :
[1] "chr20_49504306_G_A_b38_G" "chr20_49506570_G_A_b38_G"
[3] "chr20_49525595_T_A_b38_T" "chr20_49525596_T_A_b38_T"
[5] "chr20_49545598_T_C_b38_T" "chr20_49572038_G_T_b38_G"
[7] "chr20_49573150_C_T_b38_C" "chr20_49737700_G_A_b38_G"
[9] "chr20_49739609_T_C_b38_T"
36 SNP(s) removed because HWE P < 1e-08 :
 [1] "chr19_58232500_A_G_b38_A" "chr19_58299461_G_T_b38_G"
 [3] "chr19_58348456_G_A_b38_G" "chr19_58388588_C_T_b38_C"
 [5] "chr19_58388924_C_T_b38_C" "chr19_58388989_C_T_b38_C"
 [7] "chr19_58389073_C_T_b38_C" "chr19_58389301_A_G_b38_A"
 [9] "chr19_58389650_T_A_b38_T" "chr19_58390127_T_C_b38_T"
[11] "chr19_58390182_C_T_b38_C" "chr19_58390504_C_T_b38_C"
[13] "chr19_58390823_G_A_b38_G" "chr19_58391045_T_C_b38_T"
[15] "chr19_58391195_A_G_b38_A" "chr19_58391197_T_C_b38_T"
[17] "chr19_58391202_C_T_b38_C" "chr19_58392032_C_A_b38_C"
[19] "chr19_58392330_G_A_b38_G" "chr19_58393298_A_G_b38_A"
[21] "chr19_58395740_A_G_b38_A" "chr19_58395996_A_G_b38_A"
[23] "chr19_58396818_T_C_b38_T" "chr19_58396930_G_A_b38_G"
[25] "chr19_58425611_C_G_b38_C" "chr19_58431710_G_A_b38_G"
[27] "chr19_58436448_C_T_b38_C" "chr19_58438921_C_G_b38_C"
[29] "chr19_58440960_A_G_b38_A" "chr19_58442255_G_A_b38_G"
[31] "chr19_58560013_T_C_b38_T" "chr19_58563748_G_A_b38_G"
[33] "chr19_58568831_C_G_b38_C" "chr19_58574299_C_T_b38_C"
[35] "chr19_58586767_G_A_b38_G" "chr19_58596444_A_G_b38_A"
6 SNP(s) removed because HWE P < 1e-08 :
[1] "chr13_29549344_C_T_b38_C" "chr13_29949626_G_C_b38_G"
[3] "chr13_30062346_T_C_b38_T" "chr13_30062379_G_C_b38_G"
[5] "chr13_30121793_C_T_b38_C" "chr13_30160356_C_T_b38_C"
69 SNP(s) removed because HWE P < 1e-08 :
 [1] "chr8_81253423_T_C_b38_T" "chr8_81281143_C_T_b38_C"
 [3] "chr8_81289273_A_T_b38_A" "chr8_81297255_A_G_b38_A"
 [5] "chr8_81299436_C_T_b38_C" "chr8_81300344_T_C_b38_T"
 [7] "chr8_81325559_T_C_b38_T" "chr8_81327049_C_G_b38_C"
 [9] "chr8_81327156_T_G_b38_T" "chr8_81327252_A_G_b38_A"
[11] "chr8_81327333_T_C_b38_T" "chr8_81327394_A_G_b38_A"
[13] "chr8_81328362_A_G_b38_A" "chr8_81328531_C_A_b38_C"
[15] "chr8_81329064_T_A_b38_T" "chr8_81329094_T_G_b38_T"
[17] "chr8_81329957_C_T_b38_C" "chr8_81330786_A_G_b38_A"
[19] "chr8_81330873_T_C_b38_T" "chr8_81331043_A_C_b38_A"
[21] "chr8_81331131_T_C_b38_T" "chr8_81331608_C_T_b38_C"
[23] "chr8_81331614_C_T_b38_C" "chr8_81331709_T_G_b38_T"
[25] "chr8_81331864_A_G_b38_A" "chr8_81331877_C_T_b38_C"
[27] "chr8_81332098_G_A_b38_G" "chr8_81332283_A_G_b38_A"
[29] "chr8_81332524_C_T_b38_C" "chr8_81332904_A_T_b38_A"
[31] "chr8_81332906_C_T_b38_C" "chr8_81333125_G_A_b38_G"
[33] "chr8_81333194_G_T_b38_G" "chr8_81333216_T_C_b38_T"
[35] "chr8_81333791_C_T_b38_C" "chr8_81334313_T_C_b38_T"
[37] "chr8_81335686_A_G_b38_A" "chr8_81336303_C_T_b38_C"
[39] "chr8_81464464_C_T_b38_C" "chr8_81468508_A_T_b38_A"
[41] "chr8_81468888_A_G_b38_A" "chr8_81469332_T_C_b38_T"
[43] "chr8_81469415_G_A_b38_G" "chr8_81470506_G_A_b38_G"
[45] "chr8_81470621_C_T_b38_C" "chr8_81471159_T_G_b38_T"
[47] "chr8_81514819_A_C_b38_A" "chr8_81515555_C_T_b38_C"
[49] "chr8_81518769_T_C_b38_T" "chr8_81527961_G_T_b38_G"
[51] "chr8_81900677_A_T_b38_A" "chr8_81900680_C_T_b38_C"
[53] "chr8_81900761_G_T_b38_G" "chr8_81900762_G_A_b38_G"
[55] "chr8_81900773_G_A_b38_G" "chr8_81900776_G_T_b38_G"
[57] "chr8_81900779_T_C_b38_T" "chr8_81900782_C_T_b38_C"
[59] "chr8_81900783_T_C_b38_T" "chr8_81900784_G_A_b38_G"
[61] "chr8_81900789_T_C_b38_T" "chr8_81900796_C_G_b38_C"
[63] "chr8_81900800_G_C_b38_G" "chr8_82127185_G_A_b38_G"
[65] "chr8_82127192_C_G_b38_C" "chr8_82129772_G_C_b38_G"
[67] "chr8_82130336_C_T_b38_C" "chr8_82136891_C_T_b38_C"
[69] "chr8_82137774_C_G_b38_C"
11 SNP(s) removed because HWE P < 1e-08 :
 [1] "chr10_37401964_T_C_b38_T" "chr10_37898700_A_G_b38_A"
 [3] "chr10_38254544_A_G_b38_A" "chr10_38254703_T_G_b38_T"
 [5] "chr10_38276241_G_A_b38_G" "chr10_38308207_T_C_b38_T"
 [7] "chr10_38308235_T_G_b38_T" "chr10_38308510_C_T_b38_C"
 [9] "chr10_38308613_T_C_b38_T" "chr10_38322010_G_A_b38_G"
[11] "chr10_38356415_C_T_b38_C"
22 SNP(s) removed because HWE P < 1e-08 :
 [1] "chr1_162353041_G_C_b38_G" "chr1_162353047_A_C_b38_A"
 [3] "chr1_162477576_G_A_b38_G" "chr1_162481393_G_A_b38_G"
 [5] "chr1_162483630_C_T_b38_C" "chr1_162701799_T_C_b38_T"
 [7] "chr1_162704548_G_A_b38_G" "chr1_162705250_T_C_b38_T"
 [9] "chr1_162706401_C_T_b38_C" "chr1_162710700_T_C_b38_T"
[11] "chr1_162714569_T_C_b38_T" "chr1_162722878_C_G_b38_C"
[13] "chr1_162733892_A_G_b38_A" "chr1_162742199_A_T_b38_A"
[15] "chr1_162742900_G_A_b38_G" "chr1_162743999_G_A_b38_G"
[17] "chr1_162744207_T_C_b38_T" "chr1_162752426_G_A_b38_G"
[19] "chr1_162763446_G_A_b38_G" "chr1_162798738_C_G_b38_C"
[21] "chr1_162803606_G_A_b38_G" "chr1_162909861_T_C_b38_T"
13 SNP(s) removed because HWE P < 1e-08 :
 [1] "chr11_17221652_G_A_b38_G" "chr11_17240074_G_A_b38_G"
 [3] "chr11_17250379_A_G_b38_A" "chr11_17251836_G_A_b38_G"
 [5] "chr11_17253849_C_A_b38_C" "chr11_17367880_G_A_b38_G"
 [7] "chr11_17382953_A_G_b38_A" "chr11_17402088_C_T_b38_C"
 [9] "chr11_17402848_G_A_b38_G" "chr11_17514803_T_C_b38_T"
[11] "chr11_17831995_C_T_b38_C" "chr11_17953081_A_C_b38_A"
[13] "chr11_18015276_A_T_b38_A"
51 SNP(s) removed because HWE P < 1e-08 :
 [1] "chr19_50749708_G_C_b38_G" "chr19_50842031_A_G_b38_A"
 [3] "chr19_50896788_T_C_b38_T" "chr19_50897100_A_G_b38_A"
 [5] "chr19_50897145_C_T_b38_C" "chr19_50948431_C_T_b38_C"
 [7] "chr19_50957933_A_G_b38_A" "chr19_51083323_T_G_b38_T"
 [9] "chr19_51107599_A_G_b38_A" "chr19_51107741_T_G_b38_T"
[11] "chr19_51108006_G_A_b38_G" "chr19_51116302_T_C_b38_T"
[13] "chr19_51120922_T_G_b38_T" "chr19_51121015_T_G_b38_T"
[15] "chr19_51121279_T_C_b38_T" "chr19_51121832_A_C_b38_A"
[17] "chr19_51121942_T_C_b38_T" "chr19_51122379_A_G_b38_A"
[19] "chr19_51122568_A_G_b38_A" "chr19_51122642_G_C_b38_G"
[21] "chr19_51123685_A_G_b38_A" "chr19_51136723_A_G_b38_A"
[23] "chr19_51172375_T_C_b38_T" "chr19_51173311_A_G_b38_A"
[25] "chr19_51173876_T_C_b38_T" "chr19_51184134_C_T_b38_C"
[27] "chr19_51201503_A_G_b38_A" "chr19_51208344_T_C_b38_T"
[29] "chr19_51208365_C_T_b38_C" "chr19_51212754_T_C_b38_T"
[31] "chr19_51235665_T_C_b38_T" "chr19_51251278_A_C_b38_A"
[33] "chr19_51280161_A_G_b38_A" "chr19_51280387_C_T_b38_C"
[35] "chr19_51281207_G_A_b38_G" "chr19_51282770_C_G_b38_C"
[37] "chr19_51283428_T_C_b38_T" "chr19_51284112_C_T_b38_C"
[39] "chr19_51284184_A_C_b38_A" "chr19_51285176_C_A_b38_C"
[41] "chr19_51285861_G_A_b38_G" "chr19_51287738_T_C_b38_T"
[43] "chr19_51290510_A_C_b38_A" "chr19_51291857_T_G_b38_T"
[45] "chr19_51293045_T_C_b38_T" "chr19_51298175_C_T_b38_C"
[47] "chr19_51358092_C_G_b38_C" "chr19_51447917_C_T_b38_C"
[49] "chr19_51447928_A_G_b38_A" "chr19_51448049_T_G_b38_T"
[51] "chr19_51457686_A_G_b38_A"
26 SNP(s) removed because HWE P < 1e-08 :
 [1] "chr4_48078519_A_C_b38_A" "chr4_48079528_T_C_b38_T"
 [3] "chr4_48085231_T_C_b38_T" "chr4_48085838_G_A_b38_G"
 [5] "chr4_48086052_C_T_b38_C" "chr4_48086429_A_G_b38_A"
 [7] "chr4_48450863_T_C_b38_T" "chr4_48451209_C_T_b38_C"
 [9] "chr4_48452709_A_G_b38_A" "chr4_48711359_T_C_b38_T"
[11] "chr4_48711393_C_T_b38_C" "chr4_48711401_C_A_b38_C"
[13] "chr4_48711410_A_G_b38_A" "chr4_48711421_A_C_b38_A"
[15] "chr4_48711432_G_C_b38_G" "chr4_48711433_G_A_b38_G"
[17] "chr4_48711441_A_C_b38_A" "chr4_48711445_C_T_b38_C"
[19] "chr4_48711447_G_A_b38_G" "chr4_48711466_C_T_b38_C"
[21] "chr4_48711467_A_T_b38_A" "chr4_48711470_G_A_b38_G"
[23] "chr4_48711609_C_T_b38_C" "chr4_48711661_A_G_b38_A"
[25] "chr4_48711678_T_A_b38_T" "chr4_48711716_T_C_b38_T"
22 SNP(s) removed because HWE P < 1e-08 :
 [1] "chr4_8044692_G_T_b38_G" "chr4_8044693_A_C_b38_A" "chr4_8059763_G_A_b38_G"
 [4] "chr4_8100031_G_T_b38_G" "chr4_8100581_C_T_b38_C" "chr4_8306668_C_G_b38_C"
 [7] "chr4_8557849_T_C_b38_T" "chr4_8557938_A_C_b38_A" "chr4_8557958_G_A_b38_G"
[10] "chr4_8557961_C_T_b38_C" "chr4_8585626_A_G_b38_A" "chr4_8603756_G_C_b38_G"
[13] "chr4_8632004_T_A_b38_T" "chr4_8632045_A_G_b38_A" "chr4_8635779_A_G_b38_A"
[16] "chr4_8655103_T_G_b38_T" "chr4_8655200_C_G_b38_C" "chr4_8656155_G_C_b38_G"
[19] "chr4_8659539_G_A_b38_G" "chr4_8661217_T_G_b38_T" "chr4_8674262_C_G_b38_C"
[22] "chr4_8677036_C_A_b38_C"
50 SNP(s) removed because HWE P < 1e-08 :
 [1] "chr10_4887264_T_C_b38_T" "chr10_4887630_C_T_b38_C"
 [3] "chr10_4887814_A_G_b38_A" "chr10_4889212_T_G_b38_T"
 [5] "chr10_4892019_G_A_b38_G" "chr10_4929431_G_A_b38_G"
 [7] "chr10_4929666_T_C_b38_T" "chr10_4930175_T_A_b38_T"
 [9] "chr10_4930180_A_G_b38_A" "chr10_4930204_A_G_b38_A"
[11] "chr10_4930342_C_G_b38_C" "chr10_4930365_G_A_b38_G"
[13] "chr10_4930371_T_C_b38_T" "chr10_4930460_A_G_b38_A"
[15] "chr10_4940587_T_C_b38_T" "chr10_4953954_A_G_b38_A"
[17] "chr10_4953957_C_G_b38_C" "chr10_4957906_T_C_b38_T"
[19] "chr10_4957916_T_C_b38_T" "chr10_4957917_C_T_b38_C"
[21] "chr10_4957941_C_G_b38_C" "chr10_4958014_A_G_b38_A"
[23] "chr10_4958263_G_A_b38_G" "chr10_4958268_C_A_b38_C"
[25] "chr10_4958293_G_A_b38_G" "chr10_4958299_T_C_b38_T"
[27] "chr10_4958312_T_A_b38_T" "chr10_4959123_G_A_b38_G"
[29] "chr10_4959134_C_T_b38_C" "chr10_4959376_C_T_b38_C"
[31] "chr10_4959438_C_T_b38_C" "chr10_4959442_G_T_b38_G"
[33] "chr10_4959461_C_T_b38_C" "chr10_4959521_A_G_b38_A"
[35] "chr10_4959555_T_C_b38_T" "chr10_4972486_G_T_b38_G"
[37] "chr10_4972686_A_G_b38_A" "chr10_5003670_A_G_b38_A"
[39] "chr10_5008478_T_C_b38_T" "chr10_5008551_C_G_b38_C"
[41] "chr10_5008575_G_A_b38_G" "chr10_5008576_A_G_b38_A"
[43] "chr10_5008586_A_G_b38_A" "chr10_5008600_T_C_b38_T"
[45] "chr10_5008825_C_T_b38_C" "chr10_5169337_G_C_b38_G"
[47] "chr10_5169347_G_A_b38_G" "chr10_5562992_T_C_b38_T"
[49] "chr10_5722518_A_T_b38_A" "chr10_5752205_A_G_b38_A"
91 SNP(s) removed because HWE P < 1e-08 :
 [1] "chr3_157045490_C_T_b38_C" "chr3_157047730_T_A_b38_T"
 [3] "chr3_157338814_G_A_b38_G" "chr3_157344026_C_T_b38_C"
 [5] "chr3_157444338_T_A_b38_T" "chr3_157445606_T_C_b38_T"
 [7] "chr3_157445846_C_T_b38_C" "chr3_157446475_C_T_b38_C"
 [9] "chr3_157447806_C_G_b38_C" "chr3_157449466_C_T_b38_C"
[11] "chr3_157700946_G_A_b38_G" "chr3_157701639_T_C_b38_T"
[13] "chr3_157701660_G_A_b38_G" "chr3_157701765_G_C_b38_G"
[15] "chr3_157702187_T_C_b38_T" "chr3_157702332_A_G_b38_A"
[17] "chr3_157703056_C_G_b38_C" "chr3_157704883_G_A_b38_G"
[19] "chr3_157706339_C_T_b38_C" "chr3_157707225_C_T_b38_C"
[21] "chr3_157707307_G_A_b38_G" "chr3_157708007_G_A_b38_G"
[23] "chr3_157708241_T_G_b38_T" "chr3_157708394_C_T_b38_C"
[25] "chr3_157710802_A_G_b38_A" "chr3_157711073_A_G_b38_A"
[27] "chr3_157711266_C_T_b38_C" "chr3_157711541_G_C_b38_G"
[29] "chr3_157711583_C_A_b38_C" "chr3_157711962_C_A_b38_C"
[31] "chr3_157713039_A_T_b38_A" "chr3_157714109_C_T_b38_C"
[33] "chr3_157714761_A_T_b38_A" "chr3_157714977_C_G_b38_C"
[35] "chr3_157714990_G_C_b38_G" "chr3_157716364_A_G_b38_A"
[37] "chr3_157716794_T_C_b38_T" "chr3_157716950_A_G_b38_A"
[39] "chr3_157717037_G_A_b38_G" "chr3_157717324_G_A_b38_G"
[41] "chr3_157717459_C_T_b38_C" "chr3_157717477_A_G_b38_A"
[43] "chr3_157717714_T_G_b38_T" "chr3_157717745_G_T_b38_G"
[45] "chr3_157718664_G_A_b38_G" "chr3_157718810_T_C_b38_T"
[47] "chr3_157719721_A_T_b38_A" "chr3_157720553_T_C_b38_T"
[49] "chr3_157720943_A_G_b38_A" "chr3_157720966_A_G_b38_A"
[51] "chr3_157721345_T_G_b38_T" "chr3_157721497_A_G_b38_A"
[53] "chr3_157721759_T_G_b38_T" "chr3_157721807_A_T_b38_A"
[55] "chr3_157722494_T_C_b38_T" "chr3_157724193_G_A_b38_G"
[57] "chr3_157724578_C_T_b38_C" "chr3_157724731_C_T_b38_C"
[59] "chr3_157724732_A_G_b38_A" "chr3_157724749_G_A_b38_G"
[61] "chr3_157724859_A_G_b38_A" "chr3_157725040_A_C_b38_A"
[63] "chr3_157725229_A_C_b38_A" "chr3_157725367_A_G_b38_A"
[65] "chr3_157725442_G_A_b38_G" "chr3_157725461_T_A_b38_T"
[67] "chr3_157727098_A_G_b38_A" "chr3_157727888_G_A_b38_G"
[69] "chr3_157727981_A_G_b38_A" "chr3_157729509_A_G_b38_A"
[71] "chr3_157729574_A_C_b38_A" "chr3_157730331_A_G_b38_A"
[73] "chr3_157731221_A_G_b38_A" "chr3_157731441_A_G_b38_A"
[75] "chr3_157733110_C_T_b38_C" "chr3_157733151_G_A_b38_G"
[77] "chr3_157734207_A_C_b38_A" "chr3_157734919_C_G_b38_C"
[79] "chr3_157737256_C_T_b38_C" "chr3_157737413_C_T_b38_C"
[81] "chr3_157738061_C_T_b38_C" "chr3_157754705_T_C_b38_T"
[83] "chr3_157825112_G_A_b38_G" "chr3_157898658_A_G_b38_A"
[85] "chr3_157898683_C_T_b38_C" "chr3_157898689_A_G_b38_A"
[87] "chr3_157898712_T_G_b38_T" "chr3_157898744_A_T_b38_A"
[89] "chr3_157898757_A_C_b38_A" "chr3_157898763_T_C_b38_T"
[91] "chr3_157898772_G_A_b38_G"
37 SNP(s) removed because HWE P < 1e-08 :
 [1] "chr16_24109784_G_A_b38_G" "chr16_24227690_G_C_b38_G"
 [3] "chr16_24233628_G_C_b38_G" "chr16_24496566_C_T_b38_C"
 [5] "chr16_24496764_C_A_b38_C" "chr16_24499309_C_T_b38_C"
 [7] "chr16_24870481_A_C_b38_A" "chr16_24873006_G_A_b38_G"
 [9] "chr16_24884357_A_G_b38_A" "chr16_24917601_A_G_b38_A"
[11] "chr16_24917765_G_A_b38_G" "chr16_24917986_T_C_b38_T"
[13] "chr16_24919227_T_C_b38_T" "chr16_24920477_C_T_b38_C"
[15] "chr16_24920573_A_G_b38_A" "chr16_24921599_T_C_b38_T"
[17] "chr16_24923143_G_T_b38_G" "chr16_24924245_T_C_b38_T"
[19] "chr16_24924716_A_T_b38_A" "chr16_24925306_A_G_b38_A"
[21] "chr16_24927264_T_C_b38_T" "chr16_24932825_T_C_b38_T"
[23] "chr16_24940578_A_G_b38_A" "chr16_24943087_G_A_b38_G"
[25] "chr16_24943465_A_G_b38_A" "chr16_24945135_A_G_b38_A"
[27] "chr16_24945229_T_G_b38_T" "chr16_24945237_A_C_b38_A"
[29] "chr16_24947347_A_C_b38_A" "chr16_24947664_G_A_b38_G"
[31] "chr16_24948730_C_G_b38_C" "chr16_24950568_T_C_b38_T"
[33] "chr16_24952718_T_C_b38_T" "chr16_24953197_T_C_b38_T"
[35] "chr16_24953395_G_T_b38_G" "chr16_24953714_C_T_b38_C"
[37] "chr16_24955202_T_C_b38_T"
117 SNP(s) removed because HWE P < 1e-08 :
  [1] "chr12_55319301_G_A_b38_G" "chr12_55413804_C_T_b38_C"
  [3] "chr12_55497726_A_T_b38_A" "chr12_55500432_C_T_b38_C"
  [5] "chr12_55500890_C_T_b38_C" "chr12_55502649_C_T_b38_C"
  [7] "chr12_55502919_A_G_b38_A" "chr12_55504740_T_A_b38_T"
  [9] "chr12_55505837_T_G_b38_T" "chr12_55506034_A_G_b38_A"
 [11] "chr12_55507880_A_T_b38_A" "chr12_55509041_A_G_b38_A"
 [13] "chr12_55509279_T_C_b38_T" "chr12_55510095_T_C_b38_T"
 [15] "chr12_55512677_T_A_b38_T" "chr12_55513109_C_T_b38_C"
 [17] "chr12_55519661_G_A_b38_G" "chr12_55520927_T_C_b38_T"
 [19] "chr12_55521122_G_T_b38_G" "chr12_55522599_T_A_b38_T"
 [21] "chr12_55522853_A_C_b38_A" "chr12_55524287_A_G_b38_A"
 [23] "chr12_55682425_T_C_b38_T" "chr12_55713907_T_C_b38_T"
 [25] "chr12_55716002_G_C_b38_G" "chr12_55730548_C_T_b38_C"
 [27] "chr12_55754507_C_G_b38_C" "chr12_55764608_A_G_b38_A"
 [29] "chr12_55769950_G_A_b38_G" "chr12_55770508_T_C_b38_T"
 [31] "chr12_55786980_G_A_b38_G" "chr12_55790275_C_A_b38_C"
 [33] "chr12_55791423_A_G_b38_A" "chr12_55791777_A_C_b38_A"
 [35] "chr12_55798159_T_A_b38_T" "chr12_55801801_A_G_b38_A"
 [37] "chr12_55806276_T_A_b38_T" "chr12_55807407_T_C_b38_T"
 [39] "chr12_55811605_A_C_b38_A" "chr12_55816192_G_C_b38_G"
 [41] "chr12_55827055_G_T_b38_G" "chr12_55829184_C_G_b38_C"
 [43] "chr12_55831500_C_G_b38_C" "chr12_55842259_G_A_b38_G"
 [45] "chr12_55844254_C_G_b38_C" "chr12_55847314_T_G_b38_T"
 [47] "chr12_55848171_A_G_b38_A" "chr12_55848233_C_T_b38_C"
 [49] "chr12_56004670_G_C_b38_G" "chr12_56008420_A_G_b38_A"
 [51] "chr12_56010169_G_A_b38_G" "chr12_56014785_A_C_b38_A"
 [53] "chr12_56023619_T_C_b38_T" "chr12_56026611_T_C_b38_T"
 [55] "chr12_56048944_C_G_b38_C" "chr12_56061468_T_C_b38_T"
 [57] "chr12_56061863_A_G_b38_A" "chr12_56062174_A_G_b38_A"
 [59] "chr12_56062197_G_A_b38_G" "chr12_56063837_G_A_b38_G"
 [61] "chr12_56064883_T_C_b38_T" "chr12_56065107_A_G_b38_A"
 [63] "chr12_56065117_A_G_b38_A" "chr12_56065181_C_A_b38_C"
 [65] "chr12_56065404_G_A_b38_G" "chr12_56065759_A_G_b38_A"
 [67] "chr12_56065977_G_A_b38_G" "chr12_56066019_C_G_b38_C"
 [69] "chr12_56066314_C_G_b38_C" "chr12_56067648_G_T_b38_G"
 [71] "chr12_56068026_C_G_b38_C" "chr12_56069004_C_G_b38_C"
 [73] "chr12_56069356_G_A_b38_G" "chr12_56070790_C_G_b38_C"
 [75] "chr12_56071352_T_A_b38_T" "chr12_56071896_T_A_b38_T"
 [77] "chr12_56072271_C_T_b38_C" "chr12_56073601_G_A_b38_G"
 [79] "chr12_56147225_C_T_b38_C" "chr12_56171608_T_G_b38_T"
 [81] "chr12_56189702_A_G_b38_A" "chr12_56192368_A_T_b38_A"
 [83] "chr12_56192465_T_C_b38_T" "chr12_56192514_A_G_b38_A"
 [85] "chr12_56192660_T_C_b38_T" "chr12_56193792_C_T_b38_C"
 [87] "chr12_56194669_G_A_b38_G" "chr12_56196031_G_C_b38_G"
 [89] "chr12_56196766_C_T_b38_C" "chr12_56199247_G_A_b38_G"
 [91] "chr12_56200116_G_A_b38_G" "chr12_56200157_C_A_b38_C"
 [93] "chr12_56200382_C_T_b38_C" "chr12_56200715_A_G_b38_A"
 [95] "chr12_56200734_G_A_b38_G" "chr12_56201227_G_A_b38_G"
 [97] "chr12_56203195_T_C_b38_T" "chr12_56203799_G_A_b38_G"
 [99] "chr12_56204260_C_T_b38_C" "chr12_56207453_A_G_b38_A"
[101] "chr12_56207955_G_T_b38_G" "chr12_56209112_G_A_b38_G"
[103] "chr12_56209282_C_G_b38_C" "chr12_56209437_A_T_b38_A"
[105] "chr12_56209981_C_T_b38_C" "chr12_56210050_G_C_b38_G"
[107] "chr12_56210636_T_C_b38_T" "chr12_56210912_C_T_b38_C"
[109] "chr12_56211436_A_C_b38_A" "chr12_56214143_C_T_b38_C"
[111] "chr12_56224314_C_T_b38_C" "chr12_56228189_A_T_b38_A"
[113] "chr12_56233489_T_A_b38_T" "chr12_56235492_A_C_b38_A"
[115] "chr12_56250222_T_A_b38_T" "chr12_56294021_C_T_b38_C"
[117] "chr12_56312113_A_C_b38_A"
6 SNP(s) removed because HWE P < 1e-08 :
[1] "chr13_29549344_C_T_b38_C" "chr13_29949626_G_C_b38_G"
[3] "chr13_30062346_T_C_b38_T" "chr13_30062379_G_C_b38_G"
[5] "chr13_30121793_C_T_b38_C" "chr13_30160356_C_T_b38_C"
81 SNP(s) removed because HWE P < 1e-08 :
 [1] "chr5_79824974_G_A_b38_G" "chr5_79836464_G_T_b38_G"
 [3] "chr5_79836465_C_T_b38_C" "chr5_79841630_C_T_b38_C"
 [5] "chr5_80113266_T_C_b38_T" "chr5_80387508_T_C_b38_T"
 [7] "chr5_80389484_A_G_b38_A" "chr5_80392597_A_T_b38_A"
 [9] "chr5_80393068_A_G_b38_A" "chr5_80397860_A_G_b38_A"
[11] "chr5_80399551_T_G_b38_T" "chr5_80401391_T_C_b38_T"
[13] "chr5_80401773_A_G_b38_A" "chr5_80401989_G_T_b38_G"
[15] "chr5_80414759_C_G_b38_C" "chr5_80415331_G_A_b38_G"
[17] "chr5_80416435_T_C_b38_T" "chr5_80417583_T_C_b38_T"
[19] "chr5_80418671_C_G_b38_C" "chr5_80420337_T_C_b38_T"
[21] "chr5_80424943_G_C_b38_G" "chr5_80425901_G_T_b38_G"
[23] "chr5_80430390_A_G_b38_A" "chr5_80430556_A_G_b38_A"
[25] "chr5_80430665_A_C_b38_A" "chr5_80435789_G_A_b38_G"
[27] "chr5_80437260_T_C_b38_T" "chr5_80439413_A_G_b38_A"
[29] "chr5_80440039_A_G_b38_A" "chr5_80441588_C_T_b38_C"
[31] "chr5_80442148_A_G_b38_A" "chr5_80442960_G_A_b38_G"
[33] "chr5_80443866_G_A_b38_G" "chr5_80445199_T_A_b38_T"
[35] "chr5_80446020_G_A_b38_G" "chr5_80446534_C_T_b38_C"
[37] "chr5_80447123_G_T_b38_G" "chr5_80451472_A_G_b38_A"
[39] "chr5_80455513_A_G_b38_A" "chr5_80456000_C_G_b38_C"
[41] "chr5_80459219_C_T_b38_C" "chr5_80461897_A_G_b38_A"
[43] "chr5_80461920_T_C_b38_T" "chr5_80462682_A_G_b38_A"
[45] "chr5_80462896_T_C_b38_T" "chr5_80466395_T_C_b38_T"
[47] "chr5_80466570_T_C_b38_T" "chr5_80466638_C_T_b38_C"
[49] "chr5_80466730_G_A_b38_G" "chr5_80468419_A_C_b38_A"
[51] "chr5_80468550_A_G_b38_A" "chr5_80469862_A_G_b38_A"
[53] "chr5_80470400_C_G_b38_C" "chr5_80470809_C_A_b38_C"
[55] "chr5_80470943_G_A_b38_G" "chr5_80470945_C_A_b38_C"
[57] "chr5_80471176_A_C_b38_A" "chr5_80477209_T_G_b38_T"
[59] "chr5_80480398_A_C_b38_A" "chr5_80481068_G_C_b38_G"
[61] "chr5_80482557_G_A_b38_G" "chr5_80482622_G_A_b38_G"
[63] "chr5_80482922_T_G_b38_T" "chr5_80485254_G_A_b38_G"
[65] "chr5_80485868_T_C_b38_T" "chr5_80486281_G_C_b38_G"
[67] "chr5_80488365_G_C_b38_G" "chr5_80489872_C_A_b38_C"
[69] "chr5_80493726_A_G_b38_A" "chr5_80495786_G_A_b38_G"
[71] "chr5_80497770_A_G_b38_A" "chr5_80498338_T_A_b38_T"
[73] "chr5_80522634_C_T_b38_C" "chr5_80556659_T_G_b38_T"
[75] "chr5_80564768_C_A_b38_C" "chr5_80566383_A_T_b38_A"
[77] "chr5_80580668_G_A_b38_G" "chr5_80581585_C_T_b38_C"
[79] "chr5_80581962_A_G_b38_A" "chr5_80582064_A_G_b38_A"
[81] "chr5_80586376_A_G_b38_A"
11 SNP(s) removed because HWE P < 1e-08 :
 [1] "chr10_37401964_T_C_b38_T" "chr10_37898700_A_G_b38_A"
 [3] "chr10_38254544_A_G_b38_A" "chr10_38254703_T_G_b38_T"
 [5] "chr10_38276241_G_A_b38_G" "chr10_38308207_T_C_b38_T"
 [7] "chr10_38308235_T_G_b38_T" "chr10_38308510_C_T_b38_C"
 [9] "chr10_38308613_T_C_b38_T" "chr10_38322010_G_A_b38_G"
[11] "chr10_38356415_C_T_b38_C"
6 SNP(s) removed because HWE P < 1e-08 :
[1] "chr13_29549344_C_T_b38_C" "chr13_29949626_G_C_b38_G"
[3] "chr13_30062346_T_C_b38_T" "chr13_30062379_G_C_b38_G"
[5] "chr13_30121793_C_T_b38_C" "chr13_30160356_C_T_b38_C"
146 SNP(s) removed because HWE P < 1e-08 :
  [1] "chr12_79599924_C_T_b38_C" "chr12_79603314_C_G_b38_C"
  [3] "chr12_79604857_G_C_b38_G" "chr12_79605018_C_T_b38_C"
  [5] "chr12_79605020_G_A_b38_G" "chr12_79605530_A_T_b38_A"
  [7] "chr12_79608326_G_A_b38_G" "chr12_79609052_G_A_b38_G"
  [9] "chr12_79610539_G_A_b38_G" "chr12_79612913_G_A_b38_G"
 [11] "chr12_79617884_G_C_b38_G" "chr12_79620408_A_G_b38_A"
 [13] "chr12_79621127_A_C_b38_A" "chr12_79621779_G_T_b38_G"
 [15] "chr12_79621813_C_T_b38_C" "chr12_79625870_A_C_b38_A"
 [17] "chr12_79627275_C_T_b38_C" "chr12_79630240_A_G_b38_A"
 [19] "chr12_79631291_G_A_b38_G" "chr12_79634958_C_T_b38_C"
 [21] "chr12_79635736_T_G_b38_T" "chr12_79636927_T_C_b38_T"
 [23] "chr12_79640183_C_A_b38_C" "chr12_79642770_G_A_b38_G"
 [25] "chr12_79643021_T_C_b38_T" "chr12_79647759_A_G_b38_A"
 [27] "chr12_79649380_C_A_b38_C" "chr12_79651713_G_A_b38_G"
 [29] "chr12_79652509_G_C_b38_G" "chr12_79652544_C_T_b38_C"
 [31] "chr12_79653287_T_C_b38_T" "chr12_79655109_T_A_b38_T"
 [33] "chr12_79655820_T_C_b38_T" "chr12_79656185_A_G_b38_A"
 [35] "chr12_79661452_A_G_b38_A" "chr12_79661986_A_G_b38_A"
 [37] "chr12_79663355_T_C_b38_T" "chr12_79666818_A_G_b38_A"
 [39] "chr12_79668376_T_C_b38_T" "chr12_79670586_A_T_b38_A"
 [41] "chr12_79671160_C_T_b38_C" "chr12_79672400_C_T_b38_C"
 [43] "chr12_79678175_G_A_b38_G" "chr12_79680020_C_T_b38_C"
 [45] "chr12_79680127_A_G_b38_A" "chr12_79682638_T_C_b38_T"
 [47] "chr12_79684644_C_G_b38_C" "chr12_79685268_G_A_b38_G"
 [49] "chr12_79686838_T_C_b38_T" "chr12_79689512_C_G_b38_C"
 [51] "chr12_79690683_T_C_b38_T" "chr12_79693000_G_A_b38_G"
 [53] "chr12_79695001_G_C_b38_G" "chr12_79695615_T_C_b38_T"
 [55] "chr12_79696970_T_C_b38_T" "chr12_79699537_A_C_b38_A"
 [57] "chr12_79701402_C_T_b38_C" "chr12_79705130_T_C_b38_T"
 [59] "chr12_79709990_A_C_b38_A" "chr12_79712193_T_G_b38_T"
 [61] "chr12_79712543_G_A_b38_G" "chr12_79713113_T_G_b38_T"
 [63] "chr12_79714636_C_T_b38_C" "chr12_79716355_T_C_b38_T"
 [65] "chr12_79716673_A_G_b38_A" "chr12_79717627_T_C_b38_T"
 [67] "chr12_79719570_A_G_b38_A" "chr12_79719778_C_T_b38_C"
 [69] "chr12_79720355_G_A_b38_G" "chr12_79727771_A_G_b38_A"
 [71] "chr12_79734813_T_G_b38_T" "chr12_79751206_C_G_b38_C"
 [73] "chr12_79767091_G_A_b38_G" "chr12_79768408_G_C_b38_G"
 [75] "chr12_79769081_T_C_b38_T" "chr12_79787199_C_T_b38_C"
 [77] "chr12_79795061_C_T_b38_C" "chr12_79799581_T_C_b38_T"
 [79] "chr12_79800355_G_A_b38_G" "chr12_79807074_C_A_b38_C"
 [81] "chr12_79811169_A_C_b38_A" "chr12_79812391_C_T_b38_C"
 [83] "chr12_79815144_T_C_b38_T" "chr12_79815445_C_T_b38_C"
 [85] "chr12_79821320_G_A_b38_G" "chr12_79821509_T_C_b38_T"
 [87] "chr12_79826108_G_T_b38_G" "chr12_79830640_C_T_b38_C"
 [89] "chr12_79843396_T_C_b38_T" "chr12_79847493_T_A_b38_T"
 [91] "chr12_79857132_C_T_b38_C" "chr12_79857133_G_T_b38_G"
 [93] "chr12_79857297_T_C_b38_T" "chr12_79857424_G_A_b38_G"
 [95] "chr12_79858105_A_T_b38_A" "chr12_79862906_C_G_b38_C"
 [97] "chr12_79870485_T_C_b38_T" "chr12_79875685_A_G_b38_A"
 [99] "chr12_79881403_G_C_b38_G" "chr12_79883836_G_T_b38_G"
[101] "chr12_79887660_G_A_b38_G" "chr12_79898908_T_C_b38_T"
[103] "chr12_79904329_A_C_b38_A" "chr12_79905688_C_T_b38_C"
[105] "chr12_79907637_G_A_b38_G" "chr12_79912942_T_C_b38_T"
[107] "chr12_79922197_G_A_b38_G" "chr12_79922318_A_G_b38_A"
[109] "chr12_79926471_G_A_b38_G" "chr12_79928288_A_G_b38_A"
[111] "chr12_79937351_A_G_b38_A" "chr12_79938517_G_A_b38_G"
[113] "chr12_79948873_G_A_b38_G" "chr12_79951919_A_G_b38_A"
[115] "chr12_79953480_C_T_b38_C" "chr12_79957288_G_T_b38_G"
[117] "chr12_79960428_T_A_b38_T" "chr12_79971843_A_G_b38_A"
[119] "chr12_79972037_C_T_b38_C" "chr12_79981139_A_G_b38_A"
[121] "chr12_79981332_G_C_b38_G" "chr12_79986575_A_T_b38_A"
[123] "chr12_79991506_C_T_b38_C" "chr12_79993328_G_A_b38_G"
[125] "chr12_79994041_T_C_b38_T" "chr12_79996991_A_G_b38_A"
[127] "chr12_79998771_C_G_b38_C" "chr12_80000685_G_A_b38_G"
[129] "chr12_80000840_C_T_b38_C" "chr12_80000841_C_A_b38_C"
[131] "chr12_80000890_A_C_b38_A" "chr12_80000902_A_G_b38_A"
[133] "chr12_80001001_G_T_b38_G" "chr12_80005018_A_C_b38_A"
[135] "chr12_80170213_G_A_b38_G" "chr12_80207652_G_A_b38_G"
[137] "chr12_80324973_T_G_b38_T" "chr12_80325141_T_A_b38_T"
[139] "chr12_80439502_A_G_b38_A" "chr12_80454160_A_G_b38_A"
[141] "chr12_80461970_A_G_b38_A" "chr12_80461978_C_G_b38_C"
[143] "chr12_80461983_G_A_b38_G" "chr12_80462236_C_T_b38_C"
[145] "chr12_80462293_G_A_b38_G" "chr12_80462421_C_T_b38_C"
62 SNP(s) removed because HWE P < 1e-08 :
 [1] "chr11_48693525_C_T_b38_C" "chr11_48727144_T_A_b38_T"
 [3] "chr11_48727155_C_G_b38_C" "chr11_48858920_C_T_b38_C"
 [5] "chr11_48872799_A_T_b38_A" "chr11_48872806_C_G_b38_C"
 [7] "chr11_48872811_T_G_b38_T" "chr11_48872843_A_C_b38_A"
 [9] "chr11_48872844_G_A_b38_G" "chr11_48872861_G_T_b38_G"
[11] "chr11_48910875_C_T_b38_C" "chr11_48910879_C_T_b38_C"
[13] "chr11_48910885_T_G_b38_T" "chr11_48910886_A_T_b38_A"
[15] "chr11_48910891_T_A_b38_T" "chr11_48910898_A_G_b38_A"
[17] "chr11_48910905_G_C_b38_G" "chr11_48910917_G_T_b38_G"
[19] "chr11_48910983_G_C_b38_G" "chr11_48919246_T_C_b38_T"
[21] "chr11_48919260_T_C_b38_T" "chr11_48919272_C_A_b38_C"
[23] "chr11_48919281_T_A_b38_T" "chr11_48921825_C_G_b38_C"
[25] "chr11_48921826_A_T_b38_A" "chr11_48921832_A_G_b38_A"
[27] "chr11_48922201_C_A_b38_C" "chr11_48922207_A_G_b38_A"
[29] "chr11_48922210_T_G_b38_T" "chr11_48922217_T_C_b38_T"
[31] "chr11_48922237_T_C_b38_T" "chr11_48922238_G_A_b38_G"
[33] "chr11_48922260_C_T_b38_C" "chr11_48922264_G_T_b38_G"
[35] "chr11_48922266_C_T_b38_C" "chr11_48922293_A_G_b38_A"
[37] "chr11_48922305_T_G_b38_T" "chr11_48922310_T_A_b38_T"
[39] "chr11_48939246_C_T_b38_C" "chr11_48939247_T_C_b38_T"
[41] "chr11_48942157_T_C_b38_T" "chr11_48942164_A_G_b38_A"
[43] "chr11_48942174_A_T_b38_A" "chr11_48942200_T_C_b38_T"
[45] "chr11_48942224_G_A_b38_G" "chr11_48942316_A_C_b38_A"
[47] "chr11_48942326_G_T_b38_G" "chr11_48942367_T_C_b38_T"
[49] "chr11_48942380_T_A_b38_T" "chr11_48963881_C_G_b38_C"
[51] "chr11_48963889_T_A_b38_T" "chr11_48963889_T_C_b38_T"
[53] "chr11_48963890_G_A_b38_G" "chr11_48963895_G_A_b38_G"
[55] "chr11_48977975_G_C_b38_G" "chr11_49166523_A_G_b38_A"
[57] "chr11_49201642_A_G_b38_A" "chr11_49201653_A_G_b38_A"
[59] "chr11_49201785_A_T_b38_A" "chr11_49359646_G_A_b38_G"
[61] "chr11_49359664_A_C_b38_A" "chr11_49359734_G_T_b38_G"
86 SNP(s) removed because HWE P < 1e-08 :
 [1] "chr11_12602581_C_A_b38_C" "chr11_12624958_C_A_b38_C"
 [3] "chr11_12709357_A_C_b38_A" "chr11_12711743_G_T_b38_G"
 [5] "chr11_12712147_G_A_b38_G" "chr11_12714195_C_T_b38_C"
 [7] "chr11_12714879_C_G_b38_C" "chr11_12715017_G_A_b38_G"
 [9] "chr11_12715147_C_T_b38_C" "chr11_12715325_A_G_b38_A"
[11] "chr11_12715946_C_T_b38_C" "chr11_12715993_T_C_b38_T"
[13] "chr11_12717103_G_A_b38_G" "chr11_12717141_C_A_b38_C"
[15] "chr11_12722267_A_G_b38_A" "chr11_12722492_G_A_b38_G"
[17] "chr11_12722623_A_G_b38_A" "chr11_12725406_G_A_b38_G"
[19] "chr11_12726375_G_A_b38_G" "chr11_12730213_C_A_b38_C"
[21] "chr11_12731602_A_G_b38_A" "chr11_12750963_G_C_b38_G"
[23] "chr11_12757747_T_C_b38_T" "chr11_12757888_G_T_b38_G"
[25] "chr11_12758617_C_T_b38_C" "chr11_12758709_T_C_b38_T"
[27] "chr11_12759469_G_A_b38_G" "chr11_12775522_G_C_b38_G"
[29] "chr11_12781165_A_G_b38_A" "chr11_12797262_G_A_b38_G"
[31] "chr11_12801705_T_G_b38_T" "chr11_12806545_C_T_b38_C"
[33] "chr11_12810221_C_T_b38_C" "chr11_12820345_A_C_b38_A"
[35] "chr11_12959220_G_C_b38_G" "chr11_13145421_T_C_b38_T"
[37] "chr11_13159063_A_T_b38_A" "chr11_13160043_T_C_b38_T"
[39] "chr11_13161191_T_G_b38_T" "chr11_13162034_C_T_b38_C"
[41] "chr11_13163679_G_A_b38_G" "chr11_13167486_A_G_b38_A"
[43] "chr11_13167824_C_G_b38_C" "chr11_13168039_T_G_b38_T"
[45] "chr11_13168424_A_T_b38_A" "chr11_13168751_C_A_b38_C"
[47] "chr11_13168868_C_G_b38_C" "chr11_13170516_C_T_b38_C"
[49] "chr11_13171300_T_A_b38_T" "chr11_13171711_G_C_b38_G"
[51] "chr11_13172324_A_C_b38_A" "chr11_13172527_T_C_b38_T"
[53] "chr11_13172742_G_A_b38_G" "chr11_13173008_G_A_b38_G"
[55] "chr11_13173311_A_C_b38_A" "chr11_13173332_G_A_b38_G"
[57] "chr11_13173916_G_A_b38_G" "chr11_13174617_C_T_b38_C"
[59] "chr11_13174658_A_G_b38_A" "chr11_13175460_G_T_b38_G"
[61] "chr11_13175491_T_C_b38_T" "chr11_13176427_A_G_b38_A"
[63] "chr11_13176535_G_A_b38_G" "chr11_13176583_C_T_b38_C"
[65] "chr11_13177356_T_C_b38_T" "chr11_13178288_C_T_b38_C"
[67] "chr11_13178878_C_T_b38_C" "chr11_13179392_C_G_b38_C"
[69] "chr11_13179991_G_A_b38_G" "chr11_13180396_T_C_b38_T"
[71] "chr11_13181122_C_T_b38_C" "chr11_13181132_T_A_b38_T"
[73] "chr11_13181163_T_G_b38_T" "chr11_13181254_G_A_b38_G"
[75] "chr11_13181293_C_T_b38_C" "chr11_13181360_G_A_b38_G"
[77] "chr11_13181664_A_G_b38_A" "chr11_13182114_G_A_b38_G"
[79] "chr11_13182203_G_A_b38_G" "chr11_13182610_C_T_b38_C"
[81] "chr11_13182823_T_C_b38_T" "chr11_13183287_G_A_b38_G"
[83] "chr11_13184213_G_A_b38_G" "chr11_13301971_T_C_b38_T"
[85] "chr11_13316281_G_A_b38_G" "chr11_13395112_C_G_b38_C"
20 SNP(s) removed because HWE P < 1e-08 :
 [1] "chr17_35379518_A_C_b38_A" "chr17_35442015_G_A_b38_G"
 [3] "chr17_35996816_T_G_b38_T" "chr17_36082933_C_A_b38_C"
 [5] "chr17_36083801_G_C_b38_G" "chr17_36083900_T_A_b38_T"
 [7] "chr17_36109988_G_T_b38_G" "chr17_36111300_G_A_b38_G"
 [9] "chr17_36112019_G_A_b38_G" "chr17_36114883_G_A_b38_G"
[11] "chr17_36152807_C_A_b38_C" "chr17_36160669_C_T_b38_C"
[13] "chr17_36161464_T_G_b38_T" "chr17_36163152_C_T_b38_C"
[15] "chr17_36163256_C_T_b38_C" "chr17_36164185_C_T_b38_C"
[17] "chr17_36165283_A_G_b38_A" "chr17_36165307_T_G_b38_T"
[19] "chr17_36229227_G_A_b38_G" "chr17_36229290_G_T_b38_G"
56 SNP(s) removed because HWE P < 1e-08 :
 [1] "chr2_234571796_G_C_b38_G" "chr2_234679043_G_T_b38_G"
 [3] "chr2_234679188_T_C_b38_T" "chr2_234758936_C_T_b38_C"
 [5] "chr2_234758982_T_C_b38_T" "chr2_234760203_A_G_b38_A"
 [7] "chr2_234760375_C_T_b38_C" "chr2_234888396_A_G_b38_A"
 [9] "chr2_234888758_T_C_b38_T" "chr2_234894832_A_C_b38_A"
[11] "chr2_234894910_G_A_b38_G" "chr2_234894973_T_C_b38_T"
[13] "chr2_234895017_A_G_b38_A" "chr2_234895077_T_C_b38_T"
[15] "chr2_234895138_G_A_b38_G" "chr2_234895180_T_G_b38_T"
[17] "chr2_234895243_G_C_b38_G" "chr2_234895404_A_G_b38_A"
[19] "chr2_234895495_A_G_b38_A" "chr2_234895594_G_T_b38_G"
[21] "chr2_234895605_G_A_b38_G" "chr2_234895717_A_C_b38_A"
[23] "chr2_234895726_G_A_b38_G" "chr2_234895744_C_T_b38_C"
[25] "chr2_234895756_C_A_b38_C" "chr2_234895848_T_A_b38_T"
[27] "chr2_234895974_C_T_b38_C" "chr2_234895996_G_A_b38_G"
[29] "chr2_234896107_C_G_b38_C" "chr2_234896219_G_C_b38_G"
[31] "chr2_234896302_G_C_b38_G" "chr2_234896331_A_G_b38_A"
[33] "chr2_235001953_C_T_b38_C" "chr2_235013109_C_A_b38_C"
[35] "chr2_235013502_C_T_b38_C" "chr2_235014147_A_G_b38_A"
[37] "chr2_235014329_G_T_b38_G" "chr2_235016380_G_A_b38_G"
[39] "chr2_235017019_T_C_b38_T" "chr2_235018342_C_T_b38_C"
[41] "chr2_235031472_C_T_b38_C" "chr2_235062147_T_G_b38_T"
[43] "chr2_235255566_C_A_b38_C" "chr2_235294463_A_G_b38_A"
[45] "chr2_235316147_T_C_b38_T" "chr2_235374434_A_G_b38_A"
[47] "chr2_235375213_T_C_b38_T" "chr2_235375341_T_C_b38_T"
[49] "chr2_235376857_G_A_b38_G" "chr2_235378897_A_T_b38_A"
[51] "chr2_235380311_G_A_b38_G" "chr2_235383464_G_A_b38_G"
[53] "chr2_235385818_T_C_b38_T" "chr2_235399509_A_G_b38_A"
[55] "chr2_235401021_T_A_b38_T" "chr2_235450334_T_C_b38_T"
81 SNP(s) removed because HWE P < 1e-08 :
 [1] "chr5_79824974_G_A_b38_G" "chr5_79836464_G_T_b38_G"
 [3] "chr5_79836465_C_T_b38_C" "chr5_79841630_C_T_b38_C"
 [5] "chr5_80113266_T_C_b38_T" "chr5_80387508_T_C_b38_T"
 [7] "chr5_80389484_A_G_b38_A" "chr5_80392597_A_T_b38_A"
 [9] "chr5_80393068_A_G_b38_A" "chr5_80397860_A_G_b38_A"
[11] "chr5_80399551_T_G_b38_T" "chr5_80401391_T_C_b38_T"
[13] "chr5_80401773_A_G_b38_A" "chr5_80401989_G_T_b38_G"
[15] "chr5_80414759_C_G_b38_C" "chr5_80415331_G_A_b38_G"
[17] "chr5_80416435_T_C_b38_T" "chr5_80417583_T_C_b38_T"
[19] "chr5_80418671_C_G_b38_C" "chr5_80420337_T_C_b38_T"
[21] "chr5_80424943_G_C_b38_G" "chr5_80425901_G_T_b38_G"
[23] "chr5_80430390_A_G_b38_A" "chr5_80430556_A_G_b38_A"
[25] "chr5_80430665_A_C_b38_A" "chr5_80435789_G_A_b38_G"
[27] "chr5_80437260_T_C_b38_T" "chr5_80439413_A_G_b38_A"
[29] "chr5_80440039_A_G_b38_A" "chr5_80441588_C_T_b38_C"
[31] "chr5_80442148_A_G_b38_A" "chr5_80442960_G_A_b38_G"
[33] "chr5_80443866_G_A_b38_G" "chr5_80445199_T_A_b38_T"
[35] "chr5_80446020_G_A_b38_G" "chr5_80446534_C_T_b38_C"
[37] "chr5_80447123_G_T_b38_G" "chr5_80451472_A_G_b38_A"
[39] "chr5_80455513_A_G_b38_A" "chr5_80456000_C_G_b38_C"
[41] "chr5_80459219_C_T_b38_C" "chr5_80461897_A_G_b38_A"
[43] "chr5_80461920_T_C_b38_T" "chr5_80462682_A_G_b38_A"
[45] "chr5_80462896_T_C_b38_T" "chr5_80466395_T_C_b38_T"
[47] "chr5_80466570_T_C_b38_T" "chr5_80466638_C_T_b38_C"
[49] "chr5_80466730_G_A_b38_G" "chr5_80468419_A_C_b38_A"
[51] "chr5_80468550_A_G_b38_A" "chr5_80469862_A_G_b38_A"
[53] "chr5_80470400_C_G_b38_C" "chr5_80470809_C_A_b38_C"
[55] "chr5_80470943_G_A_b38_G" "chr5_80470945_C_A_b38_C"
[57] "chr5_80471176_A_C_b38_A" "chr5_80477209_T_G_b38_T"
[59] "chr5_80480398_A_C_b38_A" "chr5_80481068_G_C_b38_G"
[61] "chr5_80482557_G_A_b38_G" "chr5_80482622_G_A_b38_G"
[63] "chr5_80482922_T_G_b38_T" "chr5_80485254_G_A_b38_G"
[65] "chr5_80485868_T_C_b38_T" "chr5_80486281_G_C_b38_G"
[67] "chr5_80488365_G_C_b38_G" "chr5_80489872_C_A_b38_C"
[69] "chr5_80493726_A_G_b38_A" "chr5_80495786_G_A_b38_G"
[71] "chr5_80497770_A_G_b38_A" "chr5_80498338_T_A_b38_T"
[73] "chr5_80522634_C_T_b38_C" "chr5_80556659_T_G_b38_T"
[75] "chr5_80564768_C_A_b38_C" "chr5_80566383_A_T_b38_A"
[77] "chr5_80580668_G_A_b38_G" "chr5_80581585_C_T_b38_C"
[79] "chr5_80581962_A_G_b38_A" "chr5_80582064_A_G_b38_A"
[81] "chr5_80586376_A_G_b38_A"
27 SNP(s) removed because HWE P < 1e-08 :
 [1] "chr15_38208152_C_T_b38_C" "chr15_38581145_T_G_b38_T"
 [3] "chr15_38581240_A_G_b38_A" "chr15_38581315_T_A_b38_T"
 [5] "chr15_38582366_A_C_b38_A" "chr15_38583161_T_C_b38_T"
 [7] "chr15_38583712_T_C_b38_T" "chr15_38584644_G_A_b38_G"
 [9] "chr15_38586733_T_G_b38_T" "chr15_38587859_A_G_b38_A"
[11] "chr15_38590007_A_G_b38_A" "chr15_38590729_C_G_b38_C"
[13] "chr15_38592913_C_A_b38_C" "chr15_38594239_G_T_b38_G"
[15] "chr15_38751167_T_C_b38_T" "chr15_38820257_A_C_b38_A"
[17] "chr15_38830190_A_G_b38_A" "chr15_38903166_C_T_b38_C"
[19] "chr15_38932685_T_C_b38_T" "chr15_38959684_G_A_b38_G"
[21] "chr15_38962706_A_C_b38_A" "chr15_38962940_C_T_b38_C"
[23] "chr15_38963425_C_G_b38_C" "chr15_38966631_G_A_b38_G"
[25] "chr15_39013653_G_A_b38_G" "chr15_39021141_T_C_b38_T"
[27] "chr15_39048531_T_G_b38_T"
62 SNP(s) removed because HWE P < 1e-08 :
 [1] "chr11_48693525_C_T_b38_C" "chr11_48727144_T_A_b38_T"
 [3] "chr11_48727155_C_G_b38_C" "chr11_48858920_C_T_b38_C"
 [5] "chr11_48872799_A_T_b38_A" "chr11_48872806_C_G_b38_C"
 [7] "chr11_48872811_T_G_b38_T" "chr11_48872843_A_C_b38_A"
 [9] "chr11_48872844_G_A_b38_G" "chr11_48872861_G_T_b38_G"
[11] "chr11_48910875_C_T_b38_C" "chr11_48910879_C_T_b38_C"
[13] "chr11_48910885_T_G_b38_T" "chr11_48910886_A_T_b38_A"
[15] "chr11_48910891_T_A_b38_T" "chr11_48910898_A_G_b38_A"
[17] "chr11_48910905_G_C_b38_G" "chr11_48910917_G_T_b38_G"
[19] "chr11_48910983_G_C_b38_G" "chr11_48919246_T_C_b38_T"
[21] "chr11_48919260_T_C_b38_T" "chr11_48919272_C_A_b38_C"
[23] "chr11_48919281_T_A_b38_T" "chr11_48921825_C_G_b38_C"
[25] "chr11_48921826_A_T_b38_A" "chr11_48921832_A_G_b38_A"
[27] "chr11_48922201_C_A_b38_C" "chr11_48922207_A_G_b38_A"
[29] "chr11_48922210_T_G_b38_T" "chr11_48922217_T_C_b38_T"
[31] "chr11_48922237_T_C_b38_T" "chr11_48922238_G_A_b38_G"
[33] "chr11_48922260_C_T_b38_C" "chr11_48922264_G_T_b38_G"
[35] "chr11_48922266_C_T_b38_C" "chr11_48922293_A_G_b38_A"
[37] "chr11_48922305_T_G_b38_T" "chr11_48922310_T_A_b38_T"
[39] "chr11_48939246_C_T_b38_C" "chr11_48939247_T_C_b38_T"
[41] "chr11_48942157_T_C_b38_T" "chr11_48942164_A_G_b38_A"
[43] "chr11_48942174_A_T_b38_A" "chr11_48942200_T_C_b38_T"
[45] "chr11_48942224_G_A_b38_G" "chr11_48942316_A_C_b38_A"
[47] "chr11_48942326_G_T_b38_G" "chr11_48942367_T_C_b38_T"
[49] "chr11_48942380_T_A_b38_T" "chr11_48963881_C_G_b38_C"
[51] "chr11_48963889_T_A_b38_T" "chr11_48963889_T_C_b38_T"
[53] "chr11_48963890_G_A_b38_G" "chr11_48963895_G_A_b38_G"
[55] "chr11_48977975_G_C_b38_G" "chr11_49166523_A_G_b38_A"
[57] "chr11_49201642_A_G_b38_A" "chr11_49201653_A_G_b38_A"
[59] "chr11_49201785_A_T_b38_A" "chr11_49359646_G_A_b38_G"
[61] "chr11_49359664_A_C_b38_A" "chr11_49359734_G_T_b38_G"
37 SNP(s) removed because HWE P < 1e-08 :
 [1] "chr16_24109784_G_A_b38_G" "chr16_24227690_G_C_b38_G"
 [3] "chr16_24233628_G_C_b38_G" "chr16_24496566_C_T_b38_C"
 [5] "chr16_24496764_C_A_b38_C" "chr16_24499309_C_T_b38_C"
 [7] "chr16_24870481_A_C_b38_A" "chr16_24873006_G_A_b38_G"
 [9] "chr16_24884357_A_G_b38_A" "chr16_24917601_A_G_b38_A"
[11] "chr16_24917765_G_A_b38_G" "chr16_24917986_T_C_b38_T"
[13] "chr16_24919227_T_C_b38_T" "chr16_24920477_C_T_b38_C"
[15] "chr16_24920573_A_G_b38_A" "chr16_24921599_T_C_b38_T"
[17] "chr16_24923143_G_T_b38_G" "chr16_24924245_T_C_b38_T"
[19] "chr16_24924716_A_T_b38_A" "chr16_24925306_A_G_b38_A"
[21] "chr16_24927264_T_C_b38_T" "chr16_24932825_T_C_b38_T"
[23] "chr16_24940578_A_G_b38_A" "chr16_24943087_G_A_b38_G"
[25] "chr16_24943465_A_G_b38_A" "chr16_24945135_A_G_b38_A"
[27] "chr16_24945229_T_G_b38_T" "chr16_24945237_A_C_b38_A"
[29] "chr16_24947347_A_C_b38_A" "chr16_24947664_G_A_b38_G"
[31] "chr16_24948730_C_G_b38_C" "chr16_24950568_T_C_b38_T"
[33] "chr16_24952718_T_C_b38_T" "chr16_24953197_T_C_b38_T"
[35] "chr16_24953395_G_T_b38_G" "chr16_24953714_C_T_b38_C"
[37] "chr16_24955202_T_C_b38_T"
39 SNP(s) removed because HWE P < 1e-08 :
 [1] "chr22_49765666_G_C_b38_G" "chr22_49770965_G_C_b38_G"
 [3] "chr22_49837507_C_G_b38_C" "chr22_49846939_C_A_b38_C"
 [5] "chr22_49848251_T_C_b38_T" "chr22_49872508_G_A_b38_G"
 [7] "chr22_49880142_T_C_b38_T" "chr22_49880243_G_T_b38_G"
 [9] "chr22_49883047_G_C_b38_G" "chr22_49894697_A_G_b38_A"
[11] "chr22_49906790_T_C_b38_T" "chr22_49921580_T_C_b38_T"
[13] "chr22_49921715_C_A_b38_C" "chr22_49973759_T_C_b38_T"
[15] "chr22_50013858_A_C_b38_A" "chr22_50357867_G_A_b38_G"
[17] "chr22_50371703_G_C_b38_G" "chr22_50418711_G_A_b38_G"
[19] "chr22_50424402_A_C_b38_A" "chr22_50424421_C_A_b38_C"
[21] "chr22_50424423_C_T_b38_C" "chr22_50495487_G_A_b38_G"
[23] "chr22_50495498_T_C_b38_T" "chr22_50495499_G_A_b38_G"
[25] "chr22_50508159_C_G_b38_C" "chr22_50509182_A_G_b38_A"
[27] "chr22_50509488_T_C_b38_T" "chr22_50509962_A_G_b38_A"
[29] "chr22_50510817_C_T_b38_C" "chr22_50510967_T_C_b38_T"
[31] "chr22_50511806_T_C_b38_T" "chr22_50512014_T_C_b38_T"
[33] "chr22_50512298_G_A_b38_G" "chr22_50512549_T_G_b38_T"
[35] "chr22_50513313_G_C_b38_G" "chr22_50513793_G_A_b38_G"
[37] "chr22_50542614_C_T_b38_C" "chr22_50542624_A_T_b38_A"
[39] "chr22_50712000_C_T_b38_C"
118 SNP(s) removed because HWE P < 1e-08 :
  [1] "chr19_43517424_G_A_b38_G" "chr19_43548396_A_G_b38_A"
  [3] "chr19_43548433_A_G_b38_A" "chr19_43548738_C_T_b38_C"
  [5] "chr19_43679425_C_T_b38_C" "chr19_43679442_G_A_b38_G"
  [7] "chr19_43679450_T_C_b38_T" "chr19_43679451_G_A_b38_G"
  [9] "chr19_43679453_C_T_b38_C" "chr19_43679547_T_C_b38_T"
 [11] "chr19_43679576_G_A_b38_G" "chr19_43679619_T_A_b38_T"
 [13] "chr19_43679624_G_T_b38_G" "chr19_43679648_A_C_b38_A"
 [15] "chr19_43679686_A_G_b38_A" "chr19_43679734_T_A_b38_T"
 [17] "chr19_43679928_A_C_b38_A" "chr19_43679941_T_A_b38_T"
 [19] "chr19_43683425_A_G_b38_A" "chr19_43683850_C_G_b38_C"
 [21] "chr19_43685008_C_T_b38_C" "chr19_43685134_A_T_b38_A"
 [23] "chr19_43696515_C_A_b38_C" "chr19_43696660_C_T_b38_C"
 [25] "chr19_43696776_G_C_b38_G" "chr19_43697015_C_T_b38_C"
 [27] "chr19_43697160_C_T_b38_C" "chr19_43964420_T_C_b38_T"
 [29] "chr19_43983737_A_G_b38_A" "chr19_43987709_C_A_b38_C"
 [31] "chr19_44004362_T_A_b38_T" "chr19_44094303_T_G_b38_T"
 [33] "chr19_44138290_A_G_b38_A" "chr19_44138485_C_T_b38_C"
 [35] "chr19_44139818_A_T_b38_A" "chr19_44140900_G_A_b38_G"
 [37] "chr19_44147066_G_A_b38_G" "chr19_44149528_T_C_b38_T"
 [39] "chr19_44150746_A_G_b38_A" "chr19_44151980_T_A_b38_T"
 [41] "chr19_44158290_G_A_b38_G" "chr19_44160015_G_A_b38_G"
 [43] "chr19_44160613_C_T_b38_C" "chr19_44161824_C_A_b38_C"
 [45] "chr19_44162551_G_A_b38_G" "chr19_44166096_C_T_b38_C"
 [47] "chr19_44166149_A_G_b38_A" "chr19_44167766_C_G_b38_C"
 [49] "chr19_44169781_G_A_b38_G" "chr19_44172405_G_A_b38_G"
 [51] "chr19_44173577_C_T_b38_C" "chr19_44174753_T_C_b38_T"
 [53] "chr19_44176336_G_A_b38_G" "chr19_44178162_C_T_b38_C"
 [55] "chr19_44181330_T_C_b38_T" "chr19_44184136_G_A_b38_G"
 [57] "chr19_44185611_G_T_b38_G" "chr19_44187716_G_A_b38_G"
 [59] "chr19_44188071_G_C_b38_G" "chr19_44188862_G_A_b38_G"
 [61] "chr19_44189355_G_A_b38_G" "chr19_44192685_G_A_b38_G"
 [63] "chr19_44192766_C_T_b38_C" "chr19_44194196_G_C_b38_G"
 [65] "chr19_44194789_A_G_b38_A" "chr19_44194995_G_C_b38_G"
 [67] "chr19_44196305_T_C_b38_T" "chr19_44196522_C_T_b38_C"
 [69] "chr19_44197068_T_C_b38_T" "chr19_44198890_C_T_b38_C"
 [71] "chr19_44200419_T_C_b38_T" "chr19_44200600_C_T_b38_C"
 [73] "chr19_44201103_T_A_b38_T" "chr19_44202721_A_G_b38_A"
 [75] "chr19_44203986_G_A_b38_G" "chr19_44204087_G_A_b38_G"
 [77] "chr19_44206514_G_A_b38_G" "chr19_44207058_T_C_b38_T"
 [79] "chr19_44207360_C_G_b38_C" "chr19_44207401_T_C_b38_T"
 [81] "chr19_44208982_G_A_b38_G" "chr19_44209744_A_G_b38_A"
 [83] "chr19_44211155_G_A_b38_G" "chr19_44217906_A_T_b38_A"
 [85] "chr19_44220712_G_T_b38_G" "chr19_44222084_G_A_b38_G"
 [87] "chr19_44223058_T_G_b38_T" "chr19_44226343_T_C_b38_T"
 [89] "chr19_44226400_G_T_b38_G" "chr19_44227069_T_A_b38_T"
 [91] "chr19_44228000_G_A_b38_G" "chr19_44228505_C_G_b38_C"
 [93] "chr19_44228682_A_G_b38_A" "chr19_44233896_T_A_b38_T"
 [95] "chr19_44233910_C_T_b38_C" "chr19_44234210_T_A_b38_T"
 [97] "chr19_44236449_G_A_b38_G" "chr19_44237082_G_T_b38_G"
 [99] "chr19_44388171_T_A_b38_T" "chr19_44388525_T_C_b38_T"
[101] "chr19_44388538_T_C_b38_T" "chr19_44388833_T_A_b38_T"
[103] "chr19_44388834_G_A_b38_G" "chr19_44388911_A_G_b38_A"
[105] "chr19_44389596_C_T_b38_C" "chr19_44389623_T_C_b38_T"
[107] "chr19_44389670_C_T_b38_C" "chr19_44389704_T_C_b38_T"
[109] "chr19_44389939_G_T_b38_G" "chr19_44390001_A_G_b38_A"
[111] "chr19_44390327_G_C_b38_G" "chr19_44390461_C_G_b38_C"
[113] "chr19_44391028_T_C_b38_T" "chr19_44396891_T_C_b38_T"
[115] "chr19_44412140_A_G_b38_A" "chr19_44412236_G_A_b38_G"
[117] "chr19_44412470_A_G_b38_A" "chr19_44412638_C_T_b38_C"
51 SNP(s) removed because HWE P < 1e-08 :
 [1] "chr19_50749708_G_C_b38_G" "chr19_50842031_A_G_b38_A"
 [3] "chr19_50896788_T_C_b38_T" "chr19_50897100_A_G_b38_A"
 [5] "chr19_50897145_C_T_b38_C" "chr19_50948431_C_T_b38_C"
 [7] "chr19_50957933_A_G_b38_A" "chr19_51083323_T_G_b38_T"
 [9] "chr19_51107599_A_G_b38_A" "chr19_51107741_T_G_b38_T"
[11] "chr19_51108006_G_A_b38_G" "chr19_51116302_T_C_b38_T"
[13] "chr19_51120922_T_G_b38_T" "chr19_51121015_T_G_b38_T"
[15] "chr19_51121279_T_C_b38_T" "chr19_51121832_A_C_b38_A"
[17] "chr19_51121942_T_C_b38_T" "chr19_51122379_A_G_b38_A"
[19] "chr19_51122568_A_G_b38_A" "chr19_51122642_G_C_b38_G"
[21] "chr19_51123685_A_G_b38_A" "chr19_51136723_A_G_b38_A"
[23] "chr19_51172375_T_C_b38_T" "chr19_51173311_A_G_b38_A"
[25] "chr19_51173876_T_C_b38_T" "chr19_51184134_C_T_b38_C"
[27] "chr19_51201503_A_G_b38_A" "chr19_51208344_T_C_b38_T"
[29] "chr19_51208365_C_T_b38_C" "chr19_51212754_T_C_b38_T"
[31] "chr19_51235665_T_C_b38_T" "chr19_51251278_A_C_b38_A"
[33] "chr19_51280161_A_G_b38_A" "chr19_51280387_C_T_b38_C"
[35] "chr19_51281207_G_A_b38_G" "chr19_51282770_C_G_b38_C"
[37] "chr19_51283428_T_C_b38_T" "chr19_51284112_C_T_b38_C"
[39] "chr19_51284184_A_C_b38_A" "chr19_51285176_C_A_b38_C"
[41] "chr19_51285861_G_A_b38_G" "chr19_51287738_T_C_b38_T"
[43] "chr19_51290510_A_C_b38_A" "chr19_51291857_T_G_b38_T"
[45] "chr19_51293045_T_C_b38_T" "chr19_51298175_C_T_b38_C"
[47] "chr19_51358092_C_G_b38_C" "chr19_51447917_C_T_b38_C"
[49] "chr19_51447928_A_G_b38_A" "chr19_51448049_T_G_b38_T"
[51] "chr19_51457686_A_G_b38_A"
86 SNP(s) removed because HWE P < 1e-08 :
 [1] "chr11_12602581_C_A_b38_C" "chr11_12624958_C_A_b38_C"
 [3] "chr11_12709357_A_C_b38_A" "chr11_12711743_G_T_b38_G"
 [5] "chr11_12712147_G_A_b38_G" "chr11_12714195_C_T_b38_C"
 [7] "chr11_12714879_C_G_b38_C" "chr11_12715017_G_A_b38_G"
 [9] "chr11_12715147_C_T_b38_C" "chr11_12715325_A_G_b38_A"
[11] "chr11_12715946_C_T_b38_C" "chr11_12715993_T_C_b38_T"
[13] "chr11_12717103_G_A_b38_G" "chr11_12717141_C_A_b38_C"
[15] "chr11_12722267_A_G_b38_A" "chr11_12722492_G_A_b38_G"
[17] "chr11_12722623_A_G_b38_A" "chr11_12725406_G_A_b38_G"
[19] "chr11_12726375_G_A_b38_G" "chr11_12730213_C_A_b38_C"
[21] "chr11_12731602_A_G_b38_A" "chr11_12750963_G_C_b38_G"
[23] "chr11_12757747_T_C_b38_T" "chr11_12757888_G_T_b38_G"
[25] "chr11_12758617_C_T_b38_C" "chr11_12758709_T_C_b38_T"
[27] "chr11_12759469_G_A_b38_G" "chr11_12775522_G_C_b38_G"
[29] "chr11_12781165_A_G_b38_A" "chr11_12797262_G_A_b38_G"
[31] "chr11_12801705_T_G_b38_T" "chr11_12806545_C_T_b38_C"
[33] "chr11_12810221_C_T_b38_C" "chr11_12820345_A_C_b38_A"
[35] "chr11_12959220_G_C_b38_G" "chr11_13145421_T_C_b38_T"
[37] "chr11_13159063_A_T_b38_A" "chr11_13160043_T_C_b38_T"
[39] "chr11_13161191_T_G_b38_T" "chr11_13162034_C_T_b38_C"
[41] "chr11_13163679_G_A_b38_G" "chr11_13167486_A_G_b38_A"
[43] "chr11_13167824_C_G_b38_C" "chr11_13168039_T_G_b38_T"
[45] "chr11_13168424_A_T_b38_A" "chr11_13168751_C_A_b38_C"
[47] "chr11_13168868_C_G_b38_C" "chr11_13170516_C_T_b38_C"
[49] "chr11_13171300_T_A_b38_T" "chr11_13171711_G_C_b38_G"
[51] "chr11_13172324_A_C_b38_A" "chr11_13172527_T_C_b38_T"
[53] "chr11_13172742_G_A_b38_G" "chr11_13173008_G_A_b38_G"
[55] "chr11_13173311_A_C_b38_A" "chr11_13173332_G_A_b38_G"
[57] "chr11_13173916_G_A_b38_G" "chr11_13174617_C_T_b38_C"
[59] "chr11_13174658_A_G_b38_A" "chr11_13175460_G_T_b38_G"
[61] "chr11_13175491_T_C_b38_T" "chr11_13176427_A_G_b38_A"
[63] "chr11_13176535_G_A_b38_G" "chr11_13176583_C_T_b38_C"
[65] "chr11_13177356_T_C_b38_T" "chr11_13178288_C_T_b38_C"
[67] "chr11_13178878_C_T_b38_C" "chr11_13179392_C_G_b38_C"
[69] "chr11_13179991_G_A_b38_G" "chr11_13180396_T_C_b38_T"
[71] "chr11_13181122_C_T_b38_C" "chr11_13181132_T_A_b38_T"
[73] "chr11_13181163_T_G_b38_T" "chr11_13181254_G_A_b38_G"
[75] "chr11_13181293_C_T_b38_C" "chr11_13181360_G_A_b38_G"
[77] "chr11_13181664_A_G_b38_A" "chr11_13182114_G_A_b38_G"
[79] "chr11_13182203_G_A_b38_G" "chr11_13182610_C_T_b38_C"
[81] "chr11_13182823_T_C_b38_T" "chr11_13183287_G_A_b38_G"
[83] "chr11_13184213_G_A_b38_G" "chr11_13301971_T_C_b38_T"
[85] "chr11_13316281_G_A_b38_G" "chr11_13395112_C_G_b38_C"
43 SNP(s) removed because HWE P < 1e-08 :
 [1] "chr11_107378121_G_T_b38_G" "chr11_107621473_G_T_b38_G"
 [3] "chr11_107656611_T_C_b38_T" "chr11_107656934_C_T_b38_C"
 [5] "chr11_107657414_C_T_b38_C" "chr11_107657629_A_C_b38_A"
 [7] "chr11_107657946_T_C_b38_T" "chr11_107658247_T_C_b38_T"
 [9] "chr11_107659214_G_A_b38_G" "chr11_107659551_A_G_b38_A"
[11] "chr11_107659773_C_A_b38_C" "chr11_107660594_C_T_b38_C"
[13] "chr11_107661191_C_T_b38_C" "chr11_107661200_G_A_b38_G"
[15] "chr11_107662111_A_G_b38_A" "chr11_107662245_G_A_b38_G"
[17] "chr11_107663460_C_T_b38_C" "chr11_107664647_A_G_b38_A"
[19] "chr11_107664671_C_T_b38_C" "chr11_107664898_G_C_b38_G"
[21] "chr11_107665032_G_A_b38_G" "chr11_107667094_G_A_b38_G"
[23] "chr11_107668779_G_T_b38_G" "chr11_107668853_G_A_b38_G"
[25] "chr11_107669067_C_T_b38_C" "chr11_107669192_T_A_b38_T"
[27] "chr11_107670395_G_T_b38_G" "chr11_107671380_G_C_b38_G"
[29] "chr11_107671625_G_C_b38_G" "chr11_107672469_C_A_b38_C"
[31] "chr11_107673497_G_A_b38_G" "chr11_107673834_C_G_b38_C"
[33] "chr11_107673997_T_A_b38_T" "chr11_107674786_C_T_b38_C"
[35] "chr11_107676924_A_G_b38_A" "chr11_107677265_G_A_b38_G"
[37] "chr11_107678100_G_A_b38_G" "chr11_107678524_C_T_b38_C"
[39] "chr11_107815992_C_T_b38_C" "chr11_107825648_T_G_b38_T"
[41] "chr11_107831276_G_A_b38_G" "chr11_107832710_A_G_b38_A"
[43] "chr11_107856124_G_A_b38_G"
22 SNP(s) removed because HWE P < 1e-08 :
 [1] "chr4_140276246_C_T_b38_C" "chr4_140276260_A_C_b38_A"
 [3] "chr4_140278121_G_T_b38_G" "chr4_140279671_G_C_b38_G"
 [5] "chr4_140283008_T_G_b38_T" "chr4_140284152_T_C_b38_T"
 [7] "chr4_140285878_C_T_b38_C" "chr4_140286874_A_G_b38_A"
 [9] "chr4_140287003_A_G_b38_A" "chr4_140293068_A_G_b38_A"
[11] "chr4_140294852_T_G_b38_T" "chr4_140295220_T_C_b38_T"
[13] "chr4_140803715_C_T_b38_C" "chr4_140809662_C_T_b38_C"
[15] "chr4_140820592_G_A_b38_G" "chr4_140823711_G_A_b38_G"
[17] "chr4_140828801_C_T_b38_C" "chr4_140833464_G_A_b38_G"
[19] "chr4_140834736_G_T_b38_G" "chr4_140856214_T_G_b38_T"
[21] "chr4_140919489_G_T_b38_G" "chr4_140919592_G_C_b38_G"
32 SNP(s) removed because HWE P < 1e-08 :
 [1] "chr19_17504800_T_C_b38_T" "chr19_17504915_T_C_b38_T"
 [3] "chr19_17583443_G_T_b38_G" "chr19_17666011_C_T_b38_C"
 [5] "chr19_17666078_T_C_b38_T" "chr19_17847808_C_T_b38_C"
 [7] "chr19_17847968_T_C_b38_T" "chr19_17901200_G_T_b38_G"
 [9] "chr19_17908396_T_C_b38_T" "chr19_17924720_G_T_b38_G"
[11] "chr19_17928630_T_C_b38_T" "chr19_18036796_G_A_b38_G"
[13] "chr19_18037080_A_T_b38_A" "chr19_18037381_T_C_b38_T"
[15] "chr19_18037783_T_C_b38_T" "chr19_18039165_G_A_b38_G"
[17] "chr19_18039479_C_T_b38_C" "chr19_18039995_T_C_b38_T"
[19] "chr19_18040092_T_C_b38_T" "chr19_18040429_G_T_b38_G"
[21] "chr19_18040432_G_T_b38_G" "chr19_18042127_C_T_b38_C"
[23] "chr19_18042885_A_G_b38_A" "chr19_18043992_G_C_b38_G"
[25] "chr19_18044231_C_G_b38_C" "chr19_18044266_G_C_b38_G"
[27] "chr19_18251693_G_C_b38_G" "chr19_18260387_C_T_b38_C"
[29] "chr19_18262150_C_G_b38_C" "chr19_18265699_G_A_b38_G"
[31] "chr19_18265970_T_C_b38_T" "chr19_18267871_C_A_b38_C"
49 SNP(s) removed because HWE P < 1e-08 :
 [1] "chr19_51083323_T_G_b38_T" "chr19_51107599_A_G_b38_A"
 [3] "chr19_51107741_T_G_b38_T" "chr19_51108006_G_A_b38_G"
 [5] "chr19_51116302_T_C_b38_T" "chr19_51120922_T_G_b38_T"
 [7] "chr19_51121015_T_G_b38_T" "chr19_51121279_T_C_b38_T"
 [9] "chr19_51121832_A_C_b38_A" "chr19_51121942_T_C_b38_T"
[11] "chr19_51122379_A_G_b38_A" "chr19_51122568_A_G_b38_A"
[13] "chr19_51122642_G_C_b38_G" "chr19_51123685_A_G_b38_A"
[15] "chr19_51136723_A_G_b38_A" "chr19_51172375_T_C_b38_T"
[17] "chr19_51173311_A_G_b38_A" "chr19_51173876_T_C_b38_T"
[19] "chr19_51184134_C_T_b38_C" "chr19_51201503_A_G_b38_A"
[21] "chr19_51208344_T_C_b38_T" "chr19_51208365_C_T_b38_C"
[23] "chr19_51212754_T_C_b38_T" "chr19_51235665_T_C_b38_T"
[25] "chr19_51251278_A_C_b38_A" "chr19_51280161_A_G_b38_A"
[27] "chr19_51280387_C_T_b38_C" "chr19_51281207_G_A_b38_G"
[29] "chr19_51282770_C_G_b38_C" "chr19_51283428_T_C_b38_T"
[31] "chr19_51284112_C_T_b38_C" "chr19_51284184_A_C_b38_A"
[33] "chr19_51285176_C_A_b38_C" "chr19_51285861_G_A_b38_G"
[35] "chr19_51287738_T_C_b38_T" "chr19_51290510_A_C_b38_A"
[37] "chr19_51291857_T_G_b38_T" "chr19_51293045_T_C_b38_T"
[39] "chr19_51298175_C_T_b38_C" "chr19_51358092_C_G_b38_C"
[41] "chr19_51447917_C_T_b38_C" "chr19_51447928_A_G_b38_A"
[43] "chr19_51448049_T_G_b38_T" "chr19_51457686_A_G_b38_A"
[45] "chr19_51780129_T_C_b38_T" "chr19_51780359_A_G_b38_A"
[47] "chr19_51848424_G_A_b38_G" "chr19_51875933_G_A_b38_G"
[49] "chr19_51876393_G_A_b38_G"
43 SNP(s) removed because HWE P < 1e-08 :
 [1] "chr11_107378121_G_T_b38_G" "chr11_107621473_G_T_b38_G"
 [3] "chr11_107656611_T_C_b38_T" "chr11_107656934_C_T_b38_C"
 [5] "chr11_107657414_C_T_b38_C" "chr11_107657629_A_C_b38_A"
 [7] "chr11_107657946_T_C_b38_T" "chr11_107658247_T_C_b38_T"
 [9] "chr11_107659214_G_A_b38_G" "chr11_107659551_A_G_b38_A"
[11] "chr11_107659773_C_A_b38_C" "chr11_107660594_C_T_b38_C"
[13] "chr11_107661191_C_T_b38_C" "chr11_107661200_G_A_b38_G"
[15] "chr11_107662111_A_G_b38_A" "chr11_107662245_G_A_b38_G"
[17] "chr11_107663460_C_T_b38_C" "chr11_107664647_A_G_b38_A"
[19] "chr11_107664671_C_T_b38_C" "chr11_107664898_G_C_b38_G"
[21] "chr11_107665032_G_A_b38_G" "chr11_107667094_G_A_b38_G"
[23] "chr11_107668779_G_T_b38_G" "chr11_107668853_G_A_b38_G"
[25] "chr11_107669067_C_T_b38_C" "chr11_107669192_T_A_b38_T"
[27] "chr11_107670395_G_T_b38_G" "chr11_107671380_G_C_b38_G"
[29] "chr11_107671625_G_C_b38_G" "chr11_107672469_C_A_b38_C"
[31] "chr11_107673497_G_A_b38_G" "chr11_107673834_C_G_b38_C"
[33] "chr11_107673997_T_A_b38_T" "chr11_107674786_C_T_b38_C"
[35] "chr11_107676924_A_G_b38_A" "chr11_107677265_G_A_b38_G"
[37] "chr11_107678100_G_A_b38_G" "chr11_107678524_C_T_b38_C"
[39] "chr11_107815992_C_T_b38_C" "chr11_107825648_T_G_b38_T"
[41] "chr11_107831276_G_A_b38_G" "chr11_107832710_A_G_b38_A"
[43] "chr11_107856124_G_A_b38_G"
26 SNP(s) removed because HWE P < 1e-08 :
 [1] "chr4_48078519_A_C_b38_A" "chr4_48079528_T_C_b38_T"
 [3] "chr4_48085231_T_C_b38_T" "chr4_48085838_G_A_b38_G"
 [5] "chr4_48086052_C_T_b38_C" "chr4_48086429_A_G_b38_A"
 [7] "chr4_48450863_T_C_b38_T" "chr4_48451209_C_T_b38_C"
 [9] "chr4_48452709_A_G_b38_A" "chr4_48711359_T_C_b38_T"
[11] "chr4_48711393_C_T_b38_C" "chr4_48711401_C_A_b38_C"
[13] "chr4_48711410_A_G_b38_A" "chr4_48711421_A_C_b38_A"
[15] "chr4_48711432_G_C_b38_G" "chr4_48711433_G_A_b38_G"
[17] "chr4_48711441_A_C_b38_A" "chr4_48711445_C_T_b38_C"
[19] "chr4_48711447_G_A_b38_G" "chr4_48711466_C_T_b38_C"
[21] "chr4_48711467_A_T_b38_A" "chr4_48711470_G_A_b38_G"
[23] "chr4_48711609_C_T_b38_C" "chr4_48711661_A_G_b38_A"
[25] "chr4_48711678_T_A_b38_T" "chr4_48711716_T_C_b38_T"
9 SNP(s) removed because HWE P < 1e-08 :
[1] "chr12_109842061_A_G_b38_A" "chr12_109867979_G_A_b38_G"
[3] "chr12_109881922_A_C_b38_A" "chr12_110178829_C_A_b38_C"
[5] "chr12_110178834_T_C_b38_T" "chr12_110178836_G_C_b38_G"
[7] "chr12_110178837_G_A_b38_G" "chr12_110570931_A_C_b38_A"
[9] "chr12_110571043_G_T_b38_G"
6 SNP(s) removed because HWE P < 1e-08 :
[1] "chr17_28439190_A_C_b38_A" "chr17_28439714_T_C_b38_T"
[3] "chr17_28441937_G_A_b38_G" "chr17_28452019_C_T_b38_C"
[5] "chr17_28452207_C_G_b38_C" "chr17_28459762_C_A_b38_C"
56 SNP(s) removed because HWE P < 1e-08 :
 [1] "chr2_234571796_G_C_b38_G" "chr2_234679043_G_T_b38_G"
 [3] "chr2_234679188_T_C_b38_T" "chr2_234758936_C_T_b38_C"
 [5] "chr2_234758982_T_C_b38_T" "chr2_234760203_A_G_b38_A"
 [7] "chr2_234760375_C_T_b38_C" "chr2_234888396_A_G_b38_A"
 [9] "chr2_234888758_T_C_b38_T" "chr2_234894832_A_C_b38_A"
[11] "chr2_234894910_G_A_b38_G" "chr2_234894973_T_C_b38_T"
[13] "chr2_234895017_A_G_b38_A" "chr2_234895077_T_C_b38_T"
[15] "chr2_234895138_G_A_b38_G" "chr2_234895180_T_G_b38_T"
[17] "chr2_234895243_G_C_b38_G" "chr2_234895404_A_G_b38_A"
[19] "chr2_234895495_A_G_b38_A" "chr2_234895594_G_T_b38_G"
[21] "chr2_234895605_G_A_b38_G" "chr2_234895717_A_C_b38_A"
[23] "chr2_234895726_G_A_b38_G" "chr2_234895744_C_T_b38_C"
[25] "chr2_234895756_C_A_b38_C" "chr2_234895848_T_A_b38_T"
[27] "chr2_234895974_C_T_b38_C" "chr2_234895996_G_A_b38_G"
[29] "chr2_234896107_C_G_b38_C" "chr2_234896219_G_C_b38_G"
[31] "chr2_234896302_G_C_b38_G" "chr2_234896331_A_G_b38_A"
[33] "chr2_235001953_C_T_b38_C" "chr2_235013109_C_A_b38_C"
[35] "chr2_235013502_C_T_b38_C" "chr2_235014147_A_G_b38_A"
[37] "chr2_235014329_G_T_b38_G" "chr2_235016380_G_A_b38_G"
[39] "chr2_235017019_T_C_b38_T" "chr2_235018342_C_T_b38_C"
[41] "chr2_235031472_C_T_b38_C" "chr2_235062147_T_G_b38_T"
[43] "chr2_235255566_C_A_b38_C" "chr2_235294463_A_G_b38_A"
[45] "chr2_235316147_T_C_b38_T" "chr2_235374434_A_G_b38_A"
[47] "chr2_235375213_T_C_b38_T" "chr2_235375341_T_C_b38_T"
[49] "chr2_235376857_G_A_b38_G" "chr2_235378897_A_T_b38_A"
[51] "chr2_235380311_G_A_b38_G" "chr2_235383464_G_A_b38_G"
[53] "chr2_235385818_T_C_b38_T" "chr2_235399509_A_G_b38_A"
[55] "chr2_235401021_T_A_b38_T" "chr2_235450334_T_C_b38_T"
86 SNP(s) removed because HWE P < 1e-08 :
 [1] "chr11_12602581_C_A_b38_C" "chr11_12624958_C_A_b38_C"
 [3] "chr11_12709357_A_C_b38_A" "chr11_12711743_G_T_b38_G"
 [5] "chr11_12712147_G_A_b38_G" "chr11_12714195_C_T_b38_C"
 [7] "chr11_12714879_C_G_b38_C" "chr11_12715017_G_A_b38_G"
 [9] "chr11_12715147_C_T_b38_C" "chr11_12715325_A_G_b38_A"
[11] "chr11_12715946_C_T_b38_C" "chr11_12715993_T_C_b38_T"
[13] "chr11_12717103_G_A_b38_G" "chr11_12717141_C_A_b38_C"
[15] "chr11_12722267_A_G_b38_A" "chr11_12722492_G_A_b38_G"
[17] "chr11_12722623_A_G_b38_A" "chr11_12725406_G_A_b38_G"
[19] "chr11_12726375_G_A_b38_G" "chr11_12730213_C_A_b38_C"
[21] "chr11_12731602_A_G_b38_A" "chr11_12750963_G_C_b38_G"
[23] "chr11_12757747_T_C_b38_T" "chr11_12757888_G_T_b38_G"
[25] "chr11_12758617_C_T_b38_C" "chr11_12758709_T_C_b38_T"
[27] "chr11_12759469_G_A_b38_G" "chr11_12775522_G_C_b38_G"
[29] "chr11_12781165_A_G_b38_A" "chr11_12797262_G_A_b38_G"
[31] "chr11_12801705_T_G_b38_T" "chr11_12806545_C_T_b38_C"
[33] "chr11_12810221_C_T_b38_C" "chr11_12820345_A_C_b38_A"
[35] "chr11_12959220_G_C_b38_G" "chr11_13145421_T_C_b38_T"
[37] "chr11_13159063_A_T_b38_A" "chr11_13160043_T_C_b38_T"
[39] "chr11_13161191_T_G_b38_T" "chr11_13162034_C_T_b38_C"
[41] "chr11_13163679_G_A_b38_G" "chr11_13167486_A_G_b38_A"
[43] "chr11_13167824_C_G_b38_C" "chr11_13168039_T_G_b38_T"
[45] "chr11_13168424_A_T_b38_A" "chr11_13168751_C_A_b38_C"
[47] "chr11_13168868_C_G_b38_C" "chr11_13170516_C_T_b38_C"
[49] "chr11_13171300_T_A_b38_T" "chr11_13171711_G_C_b38_G"
[51] "chr11_13172324_A_C_b38_A" "chr11_13172527_T_C_b38_T"
[53] "chr11_13172742_G_A_b38_G" "chr11_13173008_G_A_b38_G"
[55] "chr11_13173311_A_C_b38_A" "chr11_13173332_G_A_b38_G"
[57] "chr11_13173916_G_A_b38_G" "chr11_13174617_C_T_b38_C"
[59] "chr11_13174658_A_G_b38_A" "chr11_13175460_G_T_b38_G"
[61] "chr11_13175491_T_C_b38_T" "chr11_13176427_A_G_b38_A"
[63] "chr11_13176535_G_A_b38_G" "chr11_13176583_C_T_b38_C"
[65] "chr11_13177356_T_C_b38_T" "chr11_13178288_C_T_b38_C"
[67] "chr11_13178878_C_T_b38_C" "chr11_13179392_C_G_b38_C"
[69] "chr11_13179991_G_A_b38_G" "chr11_13180396_T_C_b38_T"
[71] "chr11_13181122_C_T_b38_C" "chr11_13181132_T_A_b38_T"
[73] "chr11_13181163_T_G_b38_T" "chr11_13181254_G_A_b38_G"
[75] "chr11_13181293_C_T_b38_C" "chr11_13181360_G_A_b38_G"
[77] "chr11_13181664_A_G_b38_A" "chr11_13182114_G_A_b38_G"
[79] "chr11_13182203_G_A_b38_G" "chr11_13182610_C_T_b38_C"
[81] "chr11_13182823_T_C_b38_T" "chr11_13183287_G_A_b38_G"
[83] "chr11_13184213_G_A_b38_G" "chr11_13301971_T_C_b38_T"
[85] "chr11_13316281_G_A_b38_G" "chr11_13395112_C_G_b38_C"
4 SNP(s) removed because HWE P < 1e-08 :
[1] "chr1_178297538_C_T_b38_C" "chr1_178434678_T_C_b38_T"
[3] "chr1_178843368_T_C_b38_T" "chr1_178983333_A_C_b38_A"
69 SNP(s) removed because HWE P < 1e-08 :
 [1] "chr8_81253423_T_C_b38_T" "chr8_81281143_C_T_b38_C"
 [3] "chr8_81289273_A_T_b38_A" "chr8_81297255_A_G_b38_A"
 [5] "chr8_81299436_C_T_b38_C" "chr8_81300344_T_C_b38_T"
 [7] "chr8_81325559_T_C_b38_T" "chr8_81327049_C_G_b38_C"
 [9] "chr8_81327156_T_G_b38_T" "chr8_81327252_A_G_b38_A"
[11] "chr8_81327333_T_C_b38_T" "chr8_81327394_A_G_b38_A"
[13] "chr8_81328362_A_G_b38_A" "chr8_81328531_C_A_b38_C"
[15] "chr8_81329064_T_A_b38_T" "chr8_81329094_T_G_b38_T"
[17] "chr8_81329957_C_T_b38_C" "chr8_81330786_A_G_b38_A"
[19] "chr8_81330873_T_C_b38_T" "chr8_81331043_A_C_b38_A"
[21] "chr8_81331131_T_C_b38_T" "chr8_81331608_C_T_b38_C"
[23] "chr8_81331614_C_T_b38_C" "chr8_81331709_T_G_b38_T"
[25] "chr8_81331864_A_G_b38_A" "chr8_81331877_C_T_b38_C"
[27] "chr8_81332098_G_A_b38_G" "chr8_81332283_A_G_b38_A"
[29] "chr8_81332524_C_T_b38_C" "chr8_81332904_A_T_b38_A"
[31] "chr8_81332906_C_T_b38_C" "chr8_81333125_G_A_b38_G"
[33] "chr8_81333194_G_T_b38_G" "chr8_81333216_T_C_b38_T"
[35] "chr8_81333791_C_T_b38_C" "chr8_81334313_T_C_b38_T"
[37] "chr8_81335686_A_G_b38_A" "chr8_81336303_C_T_b38_C"
[39] "chr8_81464464_C_T_b38_C" "chr8_81468508_A_T_b38_A"
[41] "chr8_81468888_A_G_b38_A" "chr8_81469332_T_C_b38_T"
[43] "chr8_81469415_G_A_b38_G" "chr8_81470506_G_A_b38_G"
[45] "chr8_81470621_C_T_b38_C" "chr8_81471159_T_G_b38_T"
[47] "chr8_81514819_A_C_b38_A" "chr8_81515555_C_T_b38_C"
[49] "chr8_81518769_T_C_b38_T" "chr8_81527961_G_T_b38_G"
[51] "chr8_81900677_A_T_b38_A" "chr8_81900680_C_T_b38_C"
[53] "chr8_81900761_G_T_b38_G" "chr8_81900762_G_A_b38_G"
[55] "chr8_81900773_G_A_b38_G" "chr8_81900776_G_T_b38_G"
[57] "chr8_81900779_T_C_b38_T" "chr8_81900782_C_T_b38_C"
[59] "chr8_81900783_T_C_b38_T" "chr8_81900784_G_A_b38_G"
[61] "chr8_81900789_T_C_b38_T" "chr8_81900796_C_G_b38_C"
[63] "chr8_81900800_G_C_b38_G" "chr8_82127185_G_A_b38_G"
[65] "chr8_82127192_C_G_b38_C" "chr8_82129772_G_C_b38_G"
[67] "chr8_82130336_C_T_b38_C" "chr8_82136891_C_T_b38_C"
[69] "chr8_82137774_C_G_b38_C"
101 SNP(s) removed because HWE P < 1e-08 :
  [1] "chr16_1025913_G_A_b38_G" "chr16_1028251_T_C_b38_T"
  [3] "chr16_1029291_T_C_b38_T" "chr16_1036103_G_A_b38_G"
  [5] "chr16_1037935_T_C_b38_T" "chr16_1038455_G_A_b38_G"
  [7] "chr16_1058152_C_A_b38_C" "chr16_1058884_T_C_b38_T"
  [9] "chr16_1059653_C_T_b38_C" "chr16_1061860_T_C_b38_T"
 [11] "chr16_1084267_T_C_b38_T" "chr16_1084292_G_A_b38_G"
 [13] "chr16_1084818_T_G_b38_T" "chr16_1085582_T_A_b38_T"
 [15] "chr16_1085768_C_G_b38_C" "chr16_1085797_C_T_b38_C"
 [17] "chr16_1085912_G_A_b38_G" "chr16_1086677_G_A_b38_G"
 [19] "chr16_1088075_T_C_b38_T" "chr16_1089954_C_G_b38_C"
 [21] "chr16_1090020_G_A_b38_G" "chr16_1090261_C_G_b38_C"
 [23] "chr16_1136299_G_A_b38_G" "chr16_1159925_C_A_b38_C"
 [25] "chr16_1161035_T_C_b38_T" "chr16_1162523_A_T_b38_A"
 [27] "chr16_1162889_A_T_b38_A" "chr16_1163122_T_C_b38_T"
 [29] "chr16_1164180_T_C_b38_T" "chr16_1164262_G_A_b38_G"
 [31] "chr16_1167549_T_C_b38_T" "chr16_1171829_A_C_b38_A"
 [33] "chr16_1173774_T_C_b38_T" "chr16_1176198_T_C_b38_T"
 [35] "chr16_1176866_T_C_b38_T" "chr16_1193194_T_C_b38_T"
 [37] "chr16_1226182_G_A_b38_G" "chr16_1226284_C_T_b38_C"
 [39] "chr16_1227548_G_A_b38_G" "chr16_1227609_A_G_b38_A"
 [41] "chr16_1227615_A_G_b38_A" "chr16_1227625_C_T_b38_C"
 [43] "chr16_1227626_C_G_b38_C" "chr16_1227679_C_T_b38_C"
 [45] "chr16_1227733_G_A_b38_G" "chr16_1227895_G_A_b38_G"
 [47] "chr16_1227950_C_T_b38_C" "chr16_1228744_C_T_b38_C"
 [49] "chr16_1229731_C_A_b38_C" "chr16_1229777_G_C_b38_G"
 [51] "chr16_1229815_G_A_b38_G" "chr16_1231626_T_C_b38_T"
 [53] "chr16_1231634_C_G_b38_C" "chr16_1232973_C_G_b38_C"
 [55] "chr16_1239542_G_C_b38_G" "chr16_1240396_A_T_b38_A"
 [57] "chr16_1241075_C_T_b38_C" "chr16_1241101_C_G_b38_C"
 [59] "chr16_1241113_C_G_b38_C" "chr16_1241159_G_T_b38_G"
 [61] "chr16_1241174_G_A_b38_G" "chr16_1241177_T_C_b38_T"
 [63] "chr16_1241181_C_T_b38_C" "chr16_1241187_C_T_b38_C"
 [65] "chr16_1241307_A_G_b38_A" "chr16_1241317_G_C_b38_G"
 [67] "chr16_1241336_G_A_b38_G" "chr16_1241354_G_C_b38_G"
 [69] "chr16_1241453_G_A_b38_G" "chr16_1253213_T_A_b38_T"
 [71] "chr16_1253257_C_G_b38_C" "chr16_1255579_G_A_b38_G"
 [73] "chr16_1255586_C_T_b38_C" "chr16_1255620_C_T_b38_C"
 [75] "chr16_1255782_C_T_b38_C" "chr16_1255942_T_C_b38_T"
 [77] "chr16_1256125_C_T_b38_C" "chr16_1256345_C_G_b38_C"
 [79] "chr16_1256346_G_C_b38_G" "chr16_1256409_A_G_b38_A"
 [81] "chr16_1256664_A_G_b38_A" "chr16_1256670_G_A_b38_G"
 [83] "chr16_1256680_G_A_b38_G" "chr16_1256684_A_G_b38_A"
 [85] "chr16_1256698_T_C_b38_T" "chr16_1256699_G_A_b38_G"
 [87] "chr16_1256816_G_A_b38_G" "chr16_1256917_C_T_b38_C"
 [89] "chr16_1256920_G_A_b38_G" "chr16_1256926_C_T_b38_C"
 [91] "chr16_1256970_A_G_b38_A" "chr16_1256972_A_G_b38_A"
 [93] "chr16_1256985_C_T_b38_C" "chr16_1279766_T_G_b38_T"
 [95] "chr16_1434347_T_G_b38_T" "chr16_1435242_A_G_b38_A"
 [97] "chr16_1488295_G_A_b38_G" "chr16_1611700_A_G_b38_A"
 [99] "chr16_1658109_G_C_b38_G" "chr16_1703331_T_C_b38_T"
[101] "chr16_1903648_A_G_b38_A"
430 SNP(s) removed because HWE P < 1e-08 :
  [1] "chr10_26658245_C_T_b38_C" "chr10_26658246_A_G_b38_A"
  [3] "chr10_26658274_C_G_b38_C" "chr10_26658280_A_C_b38_A"
  [5] "chr10_26891348_G_A_b38_G" "chr10_26891357_G_T_b38_G"
  [7] "chr10_26891366_A_G_b38_A" "chr10_26893461_C_T_b38_C"
  [9] "chr10_26894292_G_A_b38_G" "chr10_26898231_A_T_b38_A"
 [11] "chr10_26898545_A_G_b38_A" "chr10_26898947_A_G_b38_A"
 [13] "chr10_26900163_G_C_b38_G" "chr10_26900783_G_A_b38_G"
 [15] "chr10_26901337_T_C_b38_T" "chr10_26902178_A_T_b38_A"
 [17] "chr10_26902375_T_C_b38_T" "chr10_26902539_T_C_b38_T"
 [19] "chr10_26902937_C_T_b38_C" "chr10_26903141_T_G_b38_T"
 [21] "chr10_26903147_G_T_b38_G" "chr10_26903154_G_T_b38_G"
 [23] "chr10_26903178_G_A_b38_G" "chr10_26903192_G_A_b38_G"
 [25] "chr10_26903198_A_T_b38_A" "chr10_26903211_A_C_b38_A"
 [27] "chr10_26903217_T_C_b38_T" "chr10_26903230_T_G_b38_T"
 [29] "chr10_26903231_T_G_b38_T" "chr10_26903391_G_A_b38_G"
 [31] "chr10_26903413_A_T_b38_A" "chr10_26903420_A_G_b38_A"
 [33] "chr10_26903422_A_T_b38_A" "chr10_26903467_T_A_b38_T"
 [35] "chr10_26903509_G_A_b38_G" "chr10_26903575_C_A_b38_C"
 [37] "chr10_26903761_C_G_b38_C" "chr10_26903835_G_A_b38_G"
 [39] "chr10_26903916_C_G_b38_C" "chr10_26904361_A_C_b38_A"
 [41] "chr10_26904892_C_T_b38_C" "chr10_26904987_A_G_b38_A"
 [43] "chr10_26905490_G_T_b38_G" "chr10_26905713_C_T_b38_C"
 [45] "chr10_26905869_A_T_b38_A" "chr10_26907127_C_T_b38_C"
 [47] "chr10_26907170_T_G_b38_T" "chr10_26908107_A_G_b38_A"
 [49] "chr10_26908264_C_T_b38_C" "chr10_26908424_G_A_b38_G"
 [51] "chr10_26909189_C_T_b38_C" "chr10_26909429_G_A_b38_G"
 [53] "chr10_26909498_C_T_b38_C" "chr10_26909700_G_T_b38_G"
 [55] "chr10_26909717_T_G_b38_T" "chr10_26909955_A_T_b38_A"
 [57] "chr10_26910079_G_A_b38_G" "chr10_26910143_A_C_b38_A"
 [59] "chr10_26911305_A_C_b38_A" "chr10_26911952_T_C_b38_T"
 [61] "chr10_26912183_A_T_b38_A" "chr10_26912411_A_G_b38_A"
 [63] "chr10_26912457_T_C_b38_T" "chr10_26912833_C_A_b38_C"
 [65] "chr10_26913446_C_A_b38_C" "chr10_26913472_G_A_b38_G"
 [67] "chr10_26913528_C_T_b38_C" "chr10_26913576_C_A_b38_C"
 [69] "chr10_26913901_G_A_b38_G" "chr10_26914754_C_T_b38_C"
 [71] "chr10_26914776_A_C_b38_A" "chr10_26927604_C_A_b38_C"
 [73] "chr10_26927606_T_C_b38_T" "chr10_26933696_A_T_b38_A"
 [75] "chr10_26933712_G_C_b38_G" "chr10_26933745_C_A_b38_C"
 [77] "chr10_26933755_T_C_b38_T" "chr10_26933756_G_A_b38_G"
 [79] "chr10_26933770_C_T_b38_C" "chr10_26933771_A_G_b38_A"
 [81] "chr10_26933777_C_T_b38_C" "chr10_26933782_C_G_b38_C"
 [83] "chr10_26933788_A_G_b38_A" "chr10_26934338_C_T_b38_C"
 [85] "chr10_26937666_G_A_b38_G" "chr10_26937677_G_T_b38_G"
 [87] "chr10_26937726_T_G_b38_T" "chr10_26937755_T_C_b38_T"
 [89] "chr10_26937782_C_T_b38_C" "chr10_26937807_A_G_b38_A"
 [91] "chr10_26937814_G_A_b38_G" "chr10_26937827_A_T_b38_A"
 [93] "chr10_26937832_A_G_b38_A" "chr10_26937843_C_G_b38_C"
 [95] "chr10_26937858_C_T_b38_C" "chr10_26937875_T_A_b38_T"
 [97] "chr10_26937890_G_A_b38_G" "chr10_26937891_A_T_b38_A"
 [99] "chr10_26937922_T_C_b38_T" "chr10_26937967_T_C_b38_T"
[101] "chr10_26937979_A_G_b38_A" "chr10_26937990_G_C_b38_G"
[103] "chr10_26937998_A_G_b38_A" "chr10_26938014_A_T_b38_A"
[105] "chr10_26938019_C_T_b38_C" "chr10_26938050_T_C_b38_T"
[107] "chr10_26938083_A_G_b38_A" "chr10_26938086_C_A_b38_C"
[109] "chr10_26938091_A_T_b38_A" "chr10_26938100_C_T_b38_C"
[111] "chr10_26938175_G_T_b38_G" "chr10_26938176_G_T_b38_G"
[113] "chr10_26938188_A_G_b38_A" "chr10_26938193_C_G_b38_C"
[115] "chr10_26938208_C_T_b38_C" "chr10_26938221_C_T_b38_C"
[117] "chr10_26938237_C_T_b38_C" "chr10_26938243_T_A_b38_T"
[119] "chr10_26938253_G_T_b38_G" "chr10_26938258_G_T_b38_G"
[121] "chr10_26938266_A_G_b38_A" "chr10_26938297_T_G_b38_T"
[123] "chr10_26938307_A_G_b38_A" "chr10_26938318_T_C_b38_T"
[125] "chr10_26938320_T_C_b38_T" "chr10_26938322_T_C_b38_T"
[127] "chr10_26938331_A_T_b38_A" "chr10_26938341_T_C_b38_T"
[129] "chr10_26938357_A_G_b38_A" "chr10_26938498_T_C_b38_T"
[131] "chr10_26938501_T_A_b38_T" "chr10_26938506_A_C_b38_A"
[133] "chr10_26938523_T_A_b38_T" "chr10_26938529_C_T_b38_C"
[135] "chr10_26938530_A_G_b38_A" "chr10_26938551_T_G_b38_T"
[137] "chr10_26938560_C_A_b38_C" "chr10_26938643_A_T_b38_A"
[139] "chr10_26938650_T_A_b38_T" "chr10_26938658_T_C_b38_T"
[141] "chr10_26938661_T_A_b38_T" "chr10_26938667_G_T_b38_G"
[143] "chr10_26938690_A_G_b38_A" "chr10_26938710_C_A_b38_C"
[145] "chr10_26938715_G_T_b38_G" "chr10_26939510_C_T_b38_C"
[147] "chr10_26941600_A_G_b38_A" "chr10_26944496_C_A_b38_C"
[149] "chr10_26944505_A_C_b38_A" "chr10_26944522_C_G_b38_C"
[151] "chr10_26944526_T_C_b38_T" "chr10_26944527_C_T_b38_C"
[153] "chr10_26944548_C_T_b38_C" "chr10_26944562_A_G_b38_A"
[155] "chr10_26944570_C_T_b38_C" "chr10_26944583_A_G_b38_A"
[157] "chr10_26944589_A_C_b38_A" "chr10_26944590_C_G_b38_C"
[159] "chr10_26944592_C_T_b38_C" "chr10_26944612_C_T_b38_C"
[161] "chr10_26944643_G_T_b38_G" "chr10_26944657_A_G_b38_A"
[163] "chr10_26944670_G_A_b38_G" "chr10_26944671_C_T_b38_C"
[165] "chr10_26944704_C_T_b38_C" "chr10_26944717_T_C_b38_T"
[167] "chr10_26944724_G_T_b38_G" "chr10_26944735_A_C_b38_A"
[169] "chr10_26944744_G_A_b38_G" "chr10_26944745_G_T_b38_G"
[171] "chr10_26944754_C_G_b38_C" "chr10_26944757_T_C_b38_T"
[173] "chr10_26944809_T_A_b38_T" "chr10_26944827_T_C_b38_T"
[175] "chr10_26944852_A_G_b38_A" "chr10_26944855_C_T_b38_C"
[177] "chr10_26944859_T_G_b38_T" "chr10_26944873_C_T_b38_C"
[179] "chr10_26944902_T_A_b38_T" "chr10_26944912_C_A_b38_C"
[181] "chr10_26944914_G_T_b38_G" "chr10_26944919_T_C_b38_T"
[183] "chr10_26944921_C_T_b38_C" "chr10_26944958_T_A_b38_T"
[185] "chr10_26944965_G_C_b38_G" "chr10_26944993_A_G_b38_A"
[187] "chr10_26944995_G_C_b38_G" "chr10_26945001_T_C_b38_T"
[189] "chr10_26945003_C_A_b38_C" "chr10_26945051_A_G_b38_A"
[191] "chr10_26945068_T_C_b38_T" "chr10_26945413_C_T_b38_C"
[193] "chr10_26945414_T_G_b38_T" "chr10_26945416_C_T_b38_C"
[195] "chr10_26945417_A_G_b38_A" "chr10_26945423_A_T_b38_A"
[197] "chr10_26945427_A_T_b38_A" "chr10_26945437_G_A_b38_G"
[199] "chr10_26945444_A_C_b38_A" "chr10_26945448_A_T_b38_A"
[201] "chr10_26945467_G_T_b38_G" "chr10_26945477_A_C_b38_A"
[203] "chr10_26945482_G_C_b38_G" "chr10_26945486_C_G_b38_C"
[205] "chr10_26945501_C_G_b38_C" "chr10_26946377_G_C_b38_G"
[207] "chr10_26946383_T_C_b38_T" "chr10_26946384_G_A_b38_G"
[209] "chr10_26946387_C_T_b38_C" "chr10_26946406_C_A_b38_C"
[211] "chr10_26946416_C_T_b38_C" "chr10_26946433_G_A_b38_G"
[213] "chr10_26946442_G_A_b38_G" "chr10_26946460_T_G_b38_T"
[215] "chr10_26946463_A_T_b38_A" "chr10_26946473_A_G_b38_A"
[217] "chr10_26946478_T_G_b38_T" "chr10_26950515_T_C_b38_T"
[219] "chr10_26950545_A_G_b38_A" "chr10_26950550_T_G_b38_T"
[221] "chr10_26950585_G_A_b38_G" "chr10_26950594_T_C_b38_T"
[223] "chr10_26950596_T_C_b38_T" "chr10_26950624_A_G_b38_A"
[225] "chr10_26950651_T_G_b38_T" "chr10_26950653_T_C_b38_T"
[227] "chr10_26950655_C_G_b38_C" "chr10_26950666_A_G_b38_A"
[229] "chr10_26950699_A_T_b38_A" "chr10_26952102_G_A_b38_G"
[231] "chr10_26952112_A_T_b38_A" "chr10_26952113_A_G_b38_A"
[233] "chr10_26952124_T_C_b38_T" "chr10_26952146_A_C_b38_A"
[235] "chr10_26968789_C_T_b38_C" "chr10_26969711_T_C_b38_T"
[237] "chr10_26970542_T_C_b38_T" "chr10_26970891_G_A_b38_G"
[239] "chr10_26971189_A_G_b38_A" "chr10_27066811_T_A_b38_T"
[241] "chr10_27082025_C_T_b38_C" "chr10_27082026_A_G_b38_A"
[243] "chr10_27082721_T_C_b38_T" "chr10_27086482_T_C_b38_T"
[245] "chr10_27089876_T_C_b38_T" "chr10_27096190_A_C_b38_A"
[247] "chr10_27096192_G_T_b38_G" "chr10_27096220_A_C_b38_A"
[249] "chr10_27096590_C_A_b38_C" "chr10_27104765_A_G_b38_A"
[251] "chr10_27109597_A_G_b38_A" "chr10_27112717_A_T_b38_A"
[253] "chr10_27113954_A_G_b38_A" "chr10_27119716_G_A_b38_G"
[255] "chr10_27121557_C_T_b38_C" "chr10_27122150_C_A_b38_C"
[257] "chr10_27124098_G_A_b38_G" "chr10_27139495_A_G_b38_A"
[259] "chr10_27141388_A_G_b38_A" "chr10_27141789_T_C_b38_T"
[261] "chr10_27147938_T_A_b38_T" "chr10_27149514_A_C_b38_A"
[263] "chr10_27149515_G_C_b38_G" "chr10_27156129_C_G_b38_C"
[265] "chr10_27157264_A_G_b38_A" "chr10_27157440_T_A_b38_T"
[267] "chr10_27157650_T_C_b38_T" "chr10_27157707_C_A_b38_C"
[269] "chr10_27158836_G_A_b38_G" "chr10_27163296_G_T_b38_G"
[271] "chr10_27168423_A_G_b38_A" "chr10_27169331_G_A_b38_G"
[273] "chr10_27174593_G_A_b38_G" "chr10_27175958_G_A_b38_G"
[275] "chr10_27178674_T_C_b38_T" "chr10_27181976_G_A_b38_G"
[277] "chr10_27182112_G_A_b38_G" "chr10_27182125_C_T_b38_C"
[279] "chr10_27182675_C_T_b38_C" "chr10_27183071_C_A_b38_C"
[281] "chr10_27183285_T_C_b38_T" "chr10_27185324_C_A_b38_C"
[283] "chr10_27187218_G_T_b38_G" "chr10_27187685_G_A_b38_G"
[285] "chr10_27188356_G_T_b38_G" "chr10_27188369_A_G_b38_A"
[287] "chr10_27192884_G_A_b38_G" "chr10_27195178_T_C_b38_T"
[289] "chr10_27202884_T_C_b38_T" "chr10_27204275_A_G_b38_A"
[291] "chr10_27206712_C_T_b38_C" "chr10_27218617_G_A_b38_G"
[293] "chr10_27221365_T_G_b38_T" "chr10_27222759_C_T_b38_C"
[295] "chr10_27223185_T_C_b38_T" "chr10_27224133_C_T_b38_C"
[297] "chr10_27225039_A_C_b38_A" "chr10_27225358_T_C_b38_T"
[299] "chr10_27257648_T_A_b38_T" "chr10_27261032_T_C_b38_T"
[301] "chr10_27265525_T_A_b38_T" "chr10_27265762_G_A_b38_G"
[303] "chr10_27272542_A_G_b38_A" "chr10_27275869_A_G_b38_A"
[305] "chr10_27279559_T_A_b38_T" "chr10_27329706_T_C_b38_T"
[307] "chr10_27329757_A_G_b38_A" "chr10_27329767_C_A_b38_C"
[309] "chr10_27330263_C_T_b38_C" "chr10_27330274_A_T_b38_A"
[311] "chr10_27330280_G_A_b38_G" "chr10_27330308_G_A_b38_G"
[313] "chr10_27330314_C_A_b38_C" "chr10_27330331_T_C_b38_T"
[315] "chr10_27330413_C_T_b38_C" "chr10_27330416_T_G_b38_T"
[317] "chr10_27330423_C_G_b38_C" "chr10_27330426_C_T_b38_C"
[319] "chr10_27330427_T_A_b38_T" "chr10_27330454_T_C_b38_T"
[321] "chr10_27330457_A_G_b38_A" "chr10_27330472_C_T_b38_C"
[323] "chr10_27330482_T_A_b38_T" "chr10_27330501_C_T_b38_C"
[325] "chr10_27330526_T_C_b38_T" "chr10_27330540_C_T_b38_C"
[327] "chr10_27330561_G_A_b38_G" "chr10_27330584_G_C_b38_G"
[329] "chr10_27330608_G_T_b38_G" "chr10_27330617_G_A_b38_G"
[331] "chr10_27330621_T_C_b38_T" "chr10_27330664_A_C_b38_A"
[333] "chr10_27330687_G_C_b38_G" "chr10_27330693_G_T_b38_G"
[335] "chr10_27330790_C_A_b38_C" "chr10_27330792_A_G_b38_A"
[337] "chr10_27330796_A_G_b38_A" "chr10_27330798_A_G_b38_A"
[339] "chr10_27330805_C_T_b38_C" "chr10_27330844_T_C_b38_T"
[341] "chr10_27330849_C_T_b38_C" "chr10_27330852_A_G_b38_A"
[343] "chr10_27331175_T_G_b38_T" "chr10_27331182_A_G_b38_A"
[345] "chr10_27331185_A_G_b38_A" "chr10_27331194_G_A_b38_G"
[347] "chr10_27331211_A_G_b38_A" "chr10_27331216_C_T_b38_C"
[349] "chr10_27331219_G_A_b38_G" "chr10_27331222_C_T_b38_C"
[351] "chr10_27331223_C_T_b38_C" "chr10_27331235_A_T_b38_A"
[353] "chr10_27331263_C_G_b38_C" "chr10_27331282_A_G_b38_A"
[355] "chr10_27331298_A_G_b38_A" "chr10_27331307_G_A_b38_G"
[357] "chr10_27331313_A_G_b38_A" "chr10_27331319_A_G_b38_A"
[359] "chr10_27331583_G_T_b38_G" "chr10_27331601_T_C_b38_T"
[361] "chr10_27331629_T_C_b38_T" "chr10_27331997_T_A_b38_T"
[363] "chr10_27332000_G_A_b38_G" "chr10_27332021_G_A_b38_G"
[365] "chr10_27332037_T_C_b38_T" "chr10_27332049_T_C_b38_T"
[367] "chr10_27332308_T_G_b38_T" "chr10_27332312_G_T_b38_G"
[369] "chr10_27332319_T_A_b38_T" "chr10_27332321_G_C_b38_G"
[371] "chr10_27332323_T_C_b38_T" "chr10_27332347_A_G_b38_A"
[373] "chr10_27332360_G_A_b38_G" "chr10_27332375_T_A_b38_T"
[375] "chr10_27332389_A_C_b38_A" "chr10_27332582_A_T_b38_A"
[377] "chr10_27332600_C_T_b38_C" "chr10_27332625_C_T_b38_C"
[379] "chr10_27332628_G_A_b38_G" "chr10_27332631_C_T_b38_C"
[381] "chr10_27332645_G_A_b38_G" "chr10_27332674_A_G_b38_A"
[383] "chr10_27332702_T_C_b38_T" "chr10_27332721_C_T_b38_C"
[385] "chr10_27332727_T_G_b38_T" "chr10_27332746_A_G_b38_A"
[387] "chr10_27332749_A_G_b38_A" "chr10_27332756_A_T_b38_A"
[389] "chr10_27332767_T_C_b38_T" "chr10_27332773_G_A_b38_G"
[391] "chr10_27332784_G_A_b38_G" "chr10_27332790_C_T_b38_C"
[393] "chr10_27332799_C_G_b38_C" "chr10_27332809_C_A_b38_C"
[395] "chr10_27332826_C_G_b38_C" "chr10_27332828_C_T_b38_C"
[397] "chr10_27332859_G_A_b38_G" "chr10_27332926_T_C_b38_T"
[399] "chr10_27332962_A_T_b38_A" "chr10_27332972_C_T_b38_C"
[401] "chr10_27332977_A_G_b38_A" "chr10_27333023_C_A_b38_C"
[403] "chr10_27333031_A_G_b38_A" "chr10_27333040_T_A_b38_T"
[405] "chr10_27333042_G_A_b38_G" "chr10_27333051_A_T_b38_A"
[407] "chr10_27333063_G_C_b38_G" "chr10_27333065_T_C_b38_T"
[409] "chr10_27333066_G_A_b38_G" "chr10_27333078_C_T_b38_C"
[411] "chr10_27333102_T_C_b38_T" "chr10_27333103_C_T_b38_C"
[413] "chr10_27333123_A_G_b38_A" "chr10_27333171_T_C_b38_T"
[415] "chr10_27333198_C_G_b38_C" "chr10_27333356_A_G_b38_A"
[417] "chr10_27333368_C_A_b38_C" "chr10_27333396_G_A_b38_G"
[419] "chr10_27333400_C_T_b38_C" "chr10_27333782_C_T_b38_C"
[421] "chr10_27333783_A_G_b38_A" "chr10_27333809_T_C_b38_T"
[423] "chr10_27333817_A_G_b38_A" "chr10_27333819_C_A_b38_C"
[425] "chr10_27333858_A_G_b38_A" "chr10_27355086_A_G_b38_A"
[427] "chr10_27356570_T_C_b38_T" "chr10_27357898_A_G_b38_A"
[429] "chr10_27364240_G_T_b38_G" "chr10_27366548_C_T_b38_C"
58 SNP(s) removed because HWE P < 1e-08 :
 [1] "chr11_64268255_T_C_b38_T" "chr11_64280553_G_A_b38_G"
 [3] "chr11_64285577_G_C_b38_G" "chr11_64289639_A_T_b38_A"
 [5] "chr11_64291350_A_G_b38_A" "chr11_64299387_G_A_b38_G"
 [7] "chr11_64301284_T_C_b38_T" "chr11_64302666_C_T_b38_C"
 [9] "chr11_64310908_A_G_b38_A" "chr11_64314965_C_T_b38_C"
[11] "chr11_64315797_G_A_b38_G" "chr11_64315804_A_T_b38_A"
[13] "chr11_64315818_G_A_b38_G" "chr11_64315821_G_T_b38_G"
[15] "chr11_64315828_G_A_b38_G" "chr11_64315846_G_A_b38_G"
[17] "chr11_64315848_T_C_b38_T" "chr11_64315856_C_T_b38_C"
[19] "chr11_64315859_C_T_b38_C" "chr11_64334219_T_A_b38_T"
[21] "chr11_64416632_C_T_b38_C" "chr11_64448545_T_C_b38_T"
[23] "chr11_64495615_A_G_b38_A" "chr11_64499724_T_C_b38_T"
[25] "chr11_64499785_G_T_b38_G" "chr11_64500476_A_C_b38_A"
[27] "chr11_64501240_G_T_b38_G" "chr11_64522995_T_C_b38_T"
[29] "chr11_64571114_G_A_b38_G" "chr11_64574378_G_A_b38_G"
[31] "chr11_64595591_G_T_b38_G" "chr11_64596923_T_C_b38_T"
[33] "chr11_64719922_C_T_b38_C" "chr11_64722651_G_A_b38_G"
[35] "chr11_64725290_A_C_b38_A" "chr11_64727812_C_T_b38_C"
[37] "chr11_64731153_G_A_b38_G" "chr11_64732010_T_C_b38_T"
[39] "chr11_64732939_A_G_b38_A" "chr11_64739067_G_A_b38_G"
[41] "chr11_64743578_G_C_b38_G" "chr11_64743850_T_G_b38_T"
[43] "chr11_64749005_T_G_b38_T" "chr11_64749575_G_A_b38_G"
[45] "chr11_64753470_G_T_b38_G" "chr11_64754594_A_G_b38_A"
[47] "chr11_64757439_C_G_b38_C" "chr11_64757744_C_T_b38_C"
[49] "chr11_64757992_C_T_b38_C" "chr11_64762959_G_A_b38_G"
[51] "chr11_64765107_C_A_b38_C" "chr11_64772163_G_C_b38_G"
[53] "chr11_64778919_C_T_b38_C" "chr11_64814173_A_G_b38_A"
[55] "chr11_64845156_G_C_b38_G" "chr11_64845162_G_C_b38_G"
[57] "chr11_65046980_A_C_b38_A" "chr11_65046986_G_C_b38_G"
74 SNP(s) removed because HWE P < 1e-08 :
 [1] "chr21_31920396_G_A_b38_G" "chr21_31935565_G_C_b38_G"
 [3] "chr21_31935580_T_G_b38_T" "chr21_32134286_A_T_b38_A"
 [5] "chr21_32238948_G_A_b38_G" "chr21_32250914_C_T_b38_C"
 [7] "chr21_32311415_A_C_b38_A" "chr21_32410343_C_T_b38_C"
 [9] "chr21_32432979_G_A_b38_G" "chr21_32432987_A_C_b38_A"
[11] "chr21_32432995_G_A_b38_G" "chr21_32433065_T_A_b38_T"
[13] "chr21_32433084_C_T_b38_C" "chr21_32433553_G_A_b38_G"
[15] "chr21_32433554_C_G_b38_C" "chr21_32433562_T_C_b38_T"
[17] "chr21_32433629_A_G_b38_A" "chr21_32433656_G_A_b38_G"
[19] "chr21_32433663_A_T_b38_A" "chr21_32434706_A_G_b38_A"
[21] "chr21_32434713_T_C_b38_T" "chr21_32434721_A_C_b38_A"
[23] "chr21_32434746_A_C_b38_A" "chr21_32434842_G_A_b38_G"
[25] "chr21_32434867_C_T_b38_C" "chr21_32434878_G_A_b38_G"
[27] "chr21_32434919_T_G_b38_T" "chr21_32434927_C_T_b38_C"
[29] "chr21_32434967_T_G_b38_T" "chr21_32434971_T_C_b38_T"
[31] "chr21_32434992_T_C_b38_T" "chr21_32435003_T_G_b38_T"
[33] "chr21_32435004_T_C_b38_T" "chr21_32435117_A_G_b38_A"
[35] "chr21_32435125_T_C_b38_T" "chr21_32435126_G_C_b38_G"
[37] "chr21_32435133_C_A_b38_C" "chr21_32435360_C_T_b38_C"
[39] "chr21_32435400_A_G_b38_A" "chr21_32435408_T_C_b38_T"
[41] "chr21_32435414_A_G_b38_A" "chr21_32435436_C_T_b38_C"
[43] "chr21_32435462_C_T_b38_C" "chr21_32435661_G_C_b38_G"
[45] "chr21_32435666_T_G_b38_T" "chr21_32435667_A_G_b38_A"
[47] "chr21_32435716_C_T_b38_C" "chr21_32435721_G_A_b38_G"
[49] "chr21_32435728_T_C_b38_T" "chr21_32435763_C_T_b38_C"
[51] "chr21_32435766_A_C_b38_A" "chr21_32435898_C_T_b38_C"
[53] "chr21_32435949_T_A_b38_T" "chr21_32435990_T_A_b38_T"
[55] "chr21_32436019_G_A_b38_G" "chr21_32436447_T_A_b38_T"
[57] "chr21_32436465_A_C_b38_A" "chr21_32436477_T_A_b38_T"
[59] "chr21_32436484_T_C_b38_T" "chr21_32436539_G_A_b38_G"
[61] "chr21_32436627_G_A_b38_G" "chr21_32436628_G_A_b38_G"
[63] "chr21_32436637_A_G_b38_A" "chr21_32436702_C_T_b38_C"
[65] "chr21_32436736_G_A_b38_G" "chr21_32436746_A_G_b38_A"
[67] "chr21_32437187_G_C_b38_G" "chr21_32437224_A_G_b38_A"
[69] "chr21_32437249_C_A_b38_C" "chr21_32437250_G_A_b38_G"
[71] "chr21_32437258_C_G_b38_C" "chr21_32621877_A_T_b38_A"
[73] "chr21_32660622_A_G_b38_A" "chr21_32660624_C_T_b38_C"
56 SNP(s) removed because HWE P < 1e-08 :
 [1] "chr2_234571796_G_C_b38_G" "chr2_234679043_G_T_b38_G"
 [3] "chr2_234679188_T_C_b38_T" "chr2_234758936_C_T_b38_C"
 [5] "chr2_234758982_T_C_b38_T" "chr2_234760203_A_G_b38_A"
 [7] "chr2_234760375_C_T_b38_C" "chr2_234888396_A_G_b38_A"
 [9] "chr2_234888758_T_C_b38_T" "chr2_234894832_A_C_b38_A"
[11] "chr2_234894910_G_A_b38_G" "chr2_234894973_T_C_b38_T"
[13] "chr2_234895017_A_G_b38_A" "chr2_234895077_T_C_b38_T"
[15] "chr2_234895138_G_A_b38_G" "chr2_234895180_T_G_b38_T"
[17] "chr2_234895243_G_C_b38_G" "chr2_234895404_A_G_b38_A"
[19] "chr2_234895495_A_G_b38_A" "chr2_234895594_G_T_b38_G"
[21] "chr2_234895605_G_A_b38_G" "chr2_234895717_A_C_b38_A"
[23] "chr2_234895726_G_A_b38_G" "chr2_234895744_C_T_b38_C"
[25] "chr2_234895756_C_A_b38_C" "chr2_234895848_T_A_b38_T"
[27] "chr2_234895974_C_T_b38_C" "chr2_234895996_G_A_b38_G"
[29] "chr2_234896107_C_G_b38_C" "chr2_234896219_G_C_b38_G"
[31] "chr2_234896302_G_C_b38_G" "chr2_234896331_A_G_b38_A"
[33] "chr2_235001953_C_T_b38_C" "chr2_235013109_C_A_b38_C"
[35] "chr2_235013502_C_T_b38_C" "chr2_235014147_A_G_b38_A"
[37] "chr2_235014329_G_T_b38_G" "chr2_235016380_G_A_b38_G"
[39] "chr2_235017019_T_C_b38_T" "chr2_235018342_C_T_b38_C"
[41] "chr2_235031472_C_T_b38_C" "chr2_235062147_T_G_b38_T"
[43] "chr2_235255566_C_A_b38_C" "chr2_235294463_A_G_b38_A"
[45] "chr2_235316147_T_C_b38_T" "chr2_235374434_A_G_b38_A"
[47] "chr2_235375213_T_C_b38_T" "chr2_235375341_T_C_b38_T"
[49] "chr2_235376857_G_A_b38_G" "chr2_235378897_A_T_b38_A"
[51] "chr2_235380311_G_A_b38_G" "chr2_235383464_G_A_b38_G"
[53] "chr2_235385818_T_C_b38_T" "chr2_235399509_A_G_b38_A"
[55] "chr2_235401021_T_A_b38_T" "chr2_235450334_T_C_b38_T"
32 SNP(s) removed because HWE P < 1e-08 :
 [1] "chr19_17504800_T_C_b38_T" "chr19_17504915_T_C_b38_T"
 [3] "chr19_17583443_G_T_b38_G" "chr19_17666011_C_T_b38_C"
 [5] "chr19_17666078_T_C_b38_T" "chr19_17847808_C_T_b38_C"
 [7] "chr19_17847968_T_C_b38_T" "chr19_17901200_G_T_b38_G"
 [9] "chr19_17908396_T_C_b38_T" "chr19_17924720_G_T_b38_G"
[11] "chr19_17928630_T_C_b38_T" "chr19_18036796_G_A_b38_G"
[13] "chr19_18037080_A_T_b38_A" "chr19_18037381_T_C_b38_T"
[15] "chr19_18037783_T_C_b38_T" "chr19_18039165_G_A_b38_G"
[17] "chr19_18039479_C_T_b38_C" "chr19_18039995_T_C_b38_T"
[19] "chr19_18040092_T_C_b38_T" "chr19_18040429_G_T_b38_G"
[21] "chr19_18040432_G_T_b38_G" "chr19_18042127_C_T_b38_C"
[23] "chr19_18042885_A_G_b38_A" "chr19_18043992_G_C_b38_G"
[25] "chr19_18044231_C_G_b38_C" "chr19_18044266_G_C_b38_G"
[27] "chr19_18251693_G_C_b38_G" "chr19_18260387_C_T_b38_C"
[29] "chr19_18262150_C_G_b38_C" "chr19_18265699_G_A_b38_G"
[31] "chr19_18265970_T_C_b38_T" "chr19_18267871_C_A_b38_C"
32 SNP(s) removed because HWE P < 1e-08 :
 [1] "chr7_130765030_A_T_b38_A" "chr7_130765031_C_T_b38_C"
 [3] "chr7_130765034_T_C_b38_T" "chr7_130765070_G_A_b38_G"
 [5] "chr7_130765083_C_T_b38_C" "chr7_130765094_C_T_b38_C"
 [7] "chr7_130765265_A_G_b38_A" "chr7_130766281_G_T_b38_G"
 [9] "chr7_130766284_G_A_b38_G" "chr7_131013926_C_A_b38_C"
[11] "chr7_131016258_T_C_b38_T" "chr7_131016292_C_T_b38_C"
[13] "chr7_131016329_C_A_b38_C" "chr7_131018487_A_G_b38_A"
[15] "chr7_131019300_G_A_b38_G" "chr7_131020224_A_G_b38_A"
[17] "chr7_131021062_G_A_b38_G" "chr7_131024905_C_T_b38_C"
[19] "chr7_131025419_A_G_b38_A" "chr7_131025998_G_C_b38_G"
[21] "chr7_131028942_C_A_b38_C" "chr7_131030999_C_T_b38_C"
[23] "chr7_131031152_A_G_b38_A" "chr7_131032715_A_T_b38_A"
[25] "chr7_131032964_C_T_b38_C" "chr7_131033269_T_C_b38_T"
[27] "chr7_131033345_T_C_b38_T" "chr7_131033655_A_C_b38_A"
[29] "chr7_131035476_A_G_b38_A" "chr7_131038890_G_C_b38_G"
[31] "chr7_131041207_C_G_b38_C" "chr7_131106650_A_C_b38_A"
40 SNP(s) removed because HWE P < 1e-08 :
 [1] "chr3_161384931_C_T_b38_C" "chr3_161443224_A_T_b38_A"
 [3] "chr3_161443387_T_C_b38_T" "chr3_161443887_T_C_b38_T"
 [5] "chr3_161444818_G_A_b38_G" "chr3_161444863_A_G_b38_A"
 [7] "chr3_161446567_A_G_b38_A" "chr3_161447030_T_C_b38_T"
 [9] "chr3_161447274_T_G_b38_T" "chr3_161447340_T_C_b38_T"
[11] "chr3_161447341_G_T_b38_G" "chr3_161447731_A_G_b38_A"
[13] "chr3_161448140_A_G_b38_A" "chr3_161448496_T_C_b38_T"
[15] "chr3_161448724_G_A_b38_G" "chr3_161449072_T_C_b38_T"
[17] "chr3_161449596_C_A_b38_C" "chr3_161449720_G_A_b38_G"
[19] "chr3_161451629_A_G_b38_A" "chr3_161452415_G_A_b38_G"
[21] "chr3_161455153_G_A_b38_G" "chr3_161456669_T_G_b38_T"
[23] "chr3_161457151_G_A_b38_G" "chr3_161459363_G_A_b38_G"
[25] "chr3_161459735_G_A_b38_G" "chr3_161459768_A_T_b38_A"
[27] "chr3_161459945_G_A_b38_G" "chr3_161460377_A_G_b38_A"
[29] "chr3_161462974_T_C_b38_T" "chr3_161463625_G_A_b38_G"
[31] "chr3_161463723_T_A_b38_T" "chr3_161464230_A_G_b38_A"
[33] "chr3_161464408_C_A_b38_C" "chr3_161465732_T_C_b38_T"
[35] "chr3_161469016_T_A_b38_T" "chr3_161469482_A_C_b38_A"
[37] "chr3_161469564_C_A_b38_C" "chr3_161469743_T_C_b38_T"
[39] "chr3_161469877_G_A_b38_G" "chr3_161742228_C_T_b38_C"
33 SNP(s) removed because HWE P < 1e-08 :
 [1] "chr9_113622506_T_G_b38_T" "chr9_113798945_T_C_b38_T"
 [3] "chr9_113803910_A_G_b38_A" "chr9_113842062_A_T_b38_A"
 [5] "chr9_113884776_G_C_b38_G" "chr9_114054536_G_A_b38_G"
 [7] "chr9_114134176_G_C_b38_G" "chr9_114206721_T_C_b38_T"
 [9] "chr9_114234253_T_C_b38_T" "chr9_114236027_A_G_b38_A"
[11] "chr9_114330086_A_C_b38_A" "chr9_114331920_C_T_b38_C"
[13] "chr9_114332005_A_G_b38_A" "chr9_114335395_G_T_b38_G"
[15] "chr9_114335544_G_A_b38_G" "chr9_114337017_A_C_b38_A"
[17] "chr9_114337021_A_C_b38_A" "chr9_114341853_C_T_b38_C"
[19] "chr9_114342734_T_C_b38_T" "chr9_114344242_A_G_b38_A"
[21] "chr9_114346192_C_T_b38_C" "chr9_114346385_T_C_b38_T"
[23] "chr9_114346994_A_C_b38_A" "chr9_114347154_G_C_b38_G"
[25] "chr9_114347461_T_G_b38_T" "chr9_114347832_T_C_b38_T"
[27] "chr9_114349427_A_G_b38_A" "chr9_114350353_T_C_b38_T"
[29] "chr9_114350604_C_G_b38_C" "chr9_114350606_T_G_b38_T"
[31] "chr9_114355301_A_G_b38_A" "chr9_114355466_T_C_b38_T"
[33] "chr9_114356750_G_C_b38_G"
1216 SNP(s) removed because HWE P < 1e-08 :
   [1] "chr7_100949007_C_T_b38_C" "chr7_100949008_A_G_b38_A"
   [3] "chr7_100949011_C_T_b38_C" "chr7_100949012_A_G_b38_A"
   [5] "chr7_100949019_C_T_b38_C" "chr7_100949030_C_T_b38_C"
   [7] "chr7_100949035_C_T_b38_C" "chr7_100949036_C_T_b38_C"
   [9] "chr7_100949155_C_A_b38_C" "chr7_100949176_C_T_b38_C"
  [11] "chr7_100949182_G_T_b38_G" "chr7_100949183_C_G_b38_C"
  [13] "chr7_100949214_T_G_b38_T" "chr7_100949215_C_A_b38_C"
  [15] "chr7_100949314_T_C_b38_T" "chr7_100949345_A_G_b38_A"
  [17] "chr7_100949352_A_G_b38_A" "chr7_100949374_T_C_b38_T"
  [19] "chr7_100949382_C_T_b38_C" "chr7_100949401_C_T_b38_C"
  [21] "chr7_100949402_C_T_b38_C" "chr7_100949440_G_A_b38_G"
  [23] "chr7_100949442_G_A_b38_G" "chr7_100949462_G_A_b38_G"
  [25] "chr7_100949468_A_T_b38_A" "chr7_100949523_C_A_b38_C"
  [27] "chr7_100949541_T_C_b38_T" "chr7_100949543_A_G_b38_A"
  [29] "chr7_100949550_C_T_b38_C" "chr7_100949553_C_T_b38_C"
  [31] "chr7_100949579_T_C_b38_T" "chr7_100949583_T_C_b38_T"
  [33] "chr7_100949588_A_G_b38_A" "chr7_100949593_T_C_b38_T"
  [35] "chr7_100949595_T_C_b38_T" "chr7_100949599_G_A_b38_G"
  [37] "chr7_100949606_C_T_b38_C" "chr7_100949962_C_G_b38_C"
  [39] "chr7_100949968_A_C_b38_A" "chr7_100949969_G_A_b38_G"
  [41] "chr7_100949976_T_C_b38_T" "chr7_100949977_C_G_b38_C"
  [43] "chr7_100949998_A_G_b38_A" "chr7_100950009_T_A_b38_T"
  [45] "chr7_100950014_G_A_b38_G" "chr7_100950040_T_C_b38_T"
  [47] "chr7_100950045_A_G_b38_A" "chr7_100950067_C_T_b38_C"
  [49] "chr7_100950070_C_T_b38_C" "chr7_100950077_T_C_b38_T"
  [51] "chr7_100950078_T_C_b38_T" "chr7_100950079_G_C_b38_G"
  [53] "chr7_100950090_T_C_b38_T" "chr7_100950093_C_A_b38_C"
  [55] "chr7_100950123_A_G_b38_A" "chr7_100950126_T_C_b38_T"
  [57] "chr7_100950130_A_G_b38_A" "chr7_100950139_C_T_b38_C"
  [59] "chr7_100950142_G_C_b38_G" "chr7_100950146_C_A_b38_C"
  [61] "chr7_100950158_C_T_b38_C" "chr7_100950166_C_A_b38_C"
  [63] "chr7_100950178_C_T_b38_C" "chr7_100950179_G_A_b38_G"
  [65] "chr7_100950182_G_T_b38_G" "chr7_100950183_G_A_b38_G"
  [67] "chr7_100950212_T_C_b38_T" "chr7_100950240_T_C_b38_T"
  [69] "chr7_100950280_T_A_b38_T" "chr7_100950297_A_G_b38_A"
  [71] "chr7_100950304_G_A_b38_G" "chr7_100950319_T_G_b38_T"
  [73] "chr7_100950321_G_A_b38_G" "chr7_100950341_C_A_b38_C"
  [75] "chr7_100950345_T_C_b38_T" "chr7_100950346_G_A_b38_G"
  [77] "chr7_100950362_T_C_b38_T" "chr7_100950476_C_G_b38_C"
  [79] "chr7_100950489_C_T_b38_C" "chr7_100950539_G_A_b38_G"
  [81] "chr7_100950545_A_G_b38_A" "chr7_100950555_T_C_b38_T"
  [83] "chr7_100950600_C_T_b38_C" "chr7_100950612_T_C_b38_T"
  [85] "chr7_100950621_G_C_b38_G" "chr7_100950626_C_T_b38_C"
  [87] "chr7_100950627_C_T_b38_C" "chr7_100950629_C_T_b38_C"
  [89] "chr7_100950639_A_G_b38_A" "chr7_100950643_G_A_b38_G"
  [91] "chr7_100950644_C_G_b38_C" "chr7_100950649_G_A_b38_G"
  [93] "chr7_100950650_C_G_b38_C" "chr7_100950655_T_C_b38_T"
  [95] "chr7_100950674_A_C_b38_A" "chr7_100950686_C_T_b38_C"
  [97] "chr7_100950703_C_G_b38_C" "chr7_100950707_G_C_b38_G"
  [99] "chr7_100950710_A_C_b38_A" "chr7_100950712_A_T_b38_A"
 [101] "chr7_100950713_T_C_b38_T" "chr7_100950740_T_G_b38_T"
 [103] "chr7_100950771_A_G_b38_A" "chr7_100950772_C_T_b38_C"
 [105] "chr7_100950775_C_G_b38_C" "chr7_100950797_A_G_b38_A"
 [107] "chr7_100950804_C_G_b38_C" "chr7_100950858_C_T_b38_C"
 [109] "chr7_100950920_T_C_b38_T" "chr7_100950922_A_G_b38_A"
 [111] "chr7_100950924_C_G_b38_C" "chr7_100950926_A_G_b38_A"
 [113] "chr7_100950935_T_A_b38_T" "chr7_100950944_T_C_b38_T"
 [115] "chr7_100950958_T_C_b38_T" "chr7_100950981_T_C_b38_T"
 [117] "chr7_100951155_C_T_b38_C" "chr7_100951183_A_C_b38_A"
 [119] "chr7_100951185_A_G_b38_A" "chr7_100951203_T_C_b38_T"
 [121] "chr7_100951238_T_A_b38_T" "chr7_100951244_C_T_b38_C"
 [123] "chr7_100951249_C_G_b38_C" "chr7_100951252_T_C_b38_T"
 [125] "chr7_100951253_T_C_b38_T" "chr7_100951258_G_A_b38_G"
 [127] "chr7_100951275_A_G_b38_A" "chr7_100951276_T_A_b38_T"
 [129] "chr7_100951282_A_G_b38_A" "chr7_100951303_T_G_b38_T"
 [131] "chr7_100951312_C_T_b38_C" "chr7_100951316_T_A_b38_T"
 [133] "chr7_100951372_C_G_b38_C" "chr7_100951383_C_G_b38_C"
 [135] "chr7_100951407_G_A_b38_G" "chr7_100951408_G_A_b38_G"
 [137] "chr7_100951410_G_T_b38_G" "chr7_100951412_C_G_b38_C"
 [139] "chr7_100951415_G_C_b38_G" "chr7_100951424_T_A_b38_T"
 [141] "chr7_100951493_G_A_b38_G" "chr7_100951542_G_A_b38_G"
 [143] "chr7_100951578_A_G_b38_A" "chr7_100951619_G_T_b38_G"
 [145] "chr7_100951719_T_C_b38_T" "chr7_100951721_A_G_b38_A"
 [147] "chr7_100951722_T_C_b38_T" "chr7_100951774_C_A_b38_C"
 [149] "chr7_100951775_A_T_b38_A" "chr7_100951781_G_C_b38_G"
 [151] "chr7_100951782_A_T_b38_A" "chr7_100951786_A_G_b38_A"
 [153] "chr7_100951865_T_C_b38_T" "chr7_100951872_A_T_b38_A"
 [155] "chr7_100951876_C_A_b38_C" "chr7_100951887_A_G_b38_A"
 [157] "chr7_100951890_A_G_b38_A" "chr7_100951897_G_A_b38_G"
 [159] "chr7_100951900_A_C_b38_A" "chr7_100951903_G_A_b38_G"
 [161] "chr7_100951907_T_C_b38_T" "chr7_100951908_G_C_b38_G"
 [163] "chr7_100951933_G_T_b38_G" "chr7_100951943_G_A_b38_G"
 [165] "chr7_100951952_T_A_b38_T" "chr7_100951953_T_A_b38_T"
 [167] "chr7_100952010_A_G_b38_A" "chr7_100952057_A_G_b38_A"
 [169] "chr7_100952063_C_T_b38_C" "chr7_100952147_C_T_b38_C"
 [171] "chr7_100952148_A_G_b38_A" "chr7_100952200_C_T_b38_C"
 [173] "chr7_100952225_C_T_b38_C" "chr7_100952233_G_A_b38_G"
 [175] "chr7_100952244_C_T_b38_C" "chr7_100952254_T_C_b38_T"
 [177] "chr7_100952256_G_C_b38_G" "chr7_100952262_C_T_b38_C"
 [179] "chr7_100952274_G_A_b38_G" "chr7_100952295_T_G_b38_T"
 [181] "chr7_100952302_T_C_b38_T" "chr7_100952327_C_T_b38_C"
 [183] "chr7_100952339_C_T_b38_C" "chr7_100952439_G_A_b38_G"
 [185] "chr7_100952439_G_C_b38_G" "chr7_100952493_A_G_b38_A"
 [187] "chr7_100952498_C_T_b38_C" "chr7_100952544_C_A_b38_C"
 [189] "chr7_100952551_C_T_b38_C" "chr7_100952563_T_A_b38_T"
 [191] "chr7_100952565_A_C_b38_A" "chr7_100952607_C_A_b38_C"
 [193] "chr7_100952631_A_G_b38_A" "chr7_100952642_C_T_b38_C"
 [195] "chr7_100952645_C_T_b38_C" "chr7_100952646_T_C_b38_T"
 [197] "chr7_100952646_T_G_b38_T" "chr7_100952649_G_T_b38_G"
 [199] "chr7_100952651_C_A_b38_C" "chr7_100952651_C_G_b38_C"
 [201] "chr7_100952664_C_T_b38_C" "chr7_100952667_A_T_b38_A"
 [203] "chr7_100952672_T_C_b38_T" "chr7_100952675_T_C_b38_T"
 [205] "chr7_100952676_G_A_b38_G" "chr7_100952678_G_A_b38_G"
 [207] "chr7_100952686_A_G_b38_A" "chr7_100952687_C_T_b38_C"
 [209] "chr7_100952688_A_G_b38_A" "chr7_100952690_T_C_b38_T"
 [211] "chr7_100952698_G_C_b38_G" "chr7_100952699_G_A_b38_G"
 [213] "chr7_100952702_T_C_b38_T" "chr7_100952707_A_G_b38_A"
 [215] "chr7_100952708_A_C_b38_A" "chr7_100952714_C_A_b38_C"
 [217] "chr7_100952718_C_A_b38_C" "chr7_100952718_C_T_b38_C"
 [219] "chr7_100952720_T_C_b38_T" "chr7_100952724_C_T_b38_C"
 [221] "chr7_100952749_A_G_b38_A" "chr7_100952755_A_G_b38_A"
 [223] "chr7_100952756_G_C_b38_G" "chr7_100952784_C_A_b38_C"
 [225] "chr7_100952788_A_C_b38_A" "chr7_100952791_A_G_b38_A"
 [227] "chr7_100952792_C_T_b38_C" "chr7_100952799_C_T_b38_C"
 [229] "chr7_100952802_C_T_b38_C" "chr7_100952803_A_G_b38_A"
 [231] "chr7_100952808_T_A_b38_T" "chr7_100952811_C_G_b38_C"
 [233] "chr7_100952813_C_A_b38_C" "chr7_100952816_A_G_b38_A"
 [235] "chr7_100952822_C_T_b38_C" "chr7_100952823_T_G_b38_T"
 [237] "chr7_100952826_C_T_b38_C" "chr7_100952827_A_G_b38_A"
 [239] "chr7_100952828_A_G_b38_A" "chr7_100952829_A_C_b38_A"
 [241] "chr7_100952833_G_A_b38_G" "chr7_100952838_C_T_b38_C"
 [243] "chr7_100952845_A_G_b38_A" "chr7_100952846_G_T_b38_G"
 [245] "chr7_100952848_A_T_b38_A" "chr7_100952865_C_T_b38_C"
 [247] "chr7_100952867_C_T_b38_C" "chr7_100952868_A_G_b38_A"
 [249] "chr7_100952871_G_C_b38_G" "chr7_100952875_T_A_b38_T"
 [251] "chr7_100952885_C_T_b38_C" "chr7_100952889_C_T_b38_C"
 [253] "chr7_100952894_C_G_b38_C" "chr7_100952900_T_A_b38_T"
 [255] "chr7_100952901_C_G_b38_C" "chr7_100952903_C_A_b38_C"
 [257] "chr7_100952930_T_C_b38_T" "chr7_100952931_G_C_b38_G"
 [259] "chr7_100952937_C_T_b38_C" "chr7_100952942_T_G_b38_T"
 [261] "chr7_100952945_C_A_b38_C" "chr7_100952960_T_C_b38_T"
 [263] "chr7_100952961_C_A_b38_C" "chr7_100952962_T_A_b38_T"
 [265] "chr7_100952964_C_A_b38_C" "chr7_100952986_T_A_b38_T"
 [267] "chr7_100952995_A_G_b38_A" "chr7_100953001_T_C_b38_T"
 [269] "chr7_100953009_A_C_b38_A" "chr7_100953014_G_A_b38_G"
 [271] "chr7_100953017_C_T_b38_C" "chr7_100953019_T_C_b38_T"
 [273] "chr7_100953029_C_T_b38_C" "chr7_100953031_A_G_b38_A"
 [275] "chr7_100953040_C_G_b38_C" "chr7_100953041_T_G_b38_T"
 [277] "chr7_100953046_C_A_b38_C" "chr7_100953058_A_C_b38_A"
 [279] "chr7_100953060_T_C_b38_T" "chr7_100953063_G_A_b38_G"
 [281] "chr7_100953074_C_T_b38_C" "chr7_100953079_A_G_b38_A"
 [283] "chr7_100953084_C_T_b38_C" "chr7_100953112_T_A_b38_T"
 [285] "chr7_100953113_T_C_b38_T" "chr7_100953114_C_G_b38_C"
 [287] "chr7_100953117_A_C_b38_A" "chr7_100953122_C_T_b38_C"
 [289] "chr7_100953123_A_G_b38_A" "chr7_100953129_T_C_b38_T"
 [291] "chr7_100953133_A_G_b38_A" "chr7_100953135_C_T_b38_C"
 [293] "chr7_100953138_C_G_b38_C" "chr7_100953140_A_C_b38_A"
 [295] "chr7_100953166_A_C_b38_A" "chr7_100953167_C_T_b38_C"
 [297] "chr7_100953177_A_T_b38_A" "chr7_100953183_C_T_b38_C"
 [299] "chr7_100953184_A_G_b38_A" "chr7_100953186_A_C_b38_A"
 [301] "chr7_100953198_G_T_b38_G" "chr7_100953222_C_T_b38_C"
 [303] "chr7_100953225_G_A_b38_G" "chr7_100953230_T_A_b38_T"
 [305] "chr7_100953234_T_C_b38_T" "chr7_100953246_C_T_b38_C"
 [307] "chr7_100953252_T_C_b38_T" "chr7_100953281_G_A_b38_G"
 [309] "chr7_100953296_C_A_b38_C" "chr7_100953297_T_C_b38_T"
 [311] "chr7_100953299_C_T_b38_C" "chr7_100953305_A_G_b38_A"
 [313] "chr7_100953317_C_A_b38_C" "chr7_100953322_G_A_b38_G"
 [315] "chr7_100953323_T_C_b38_T" "chr7_100953335_G_A_b38_G"
 [317] "chr7_100953341_C_T_b38_C" "chr7_100953342_T_G_b38_T"
 [319] "chr7_100953357_G_A_b38_G" "chr7_100953359_C_T_b38_C"
 [321] "chr7_100953363_C_G_b38_C" "chr7_100953375_A_G_b38_A"
 [323] "chr7_100953407_G_A_b38_G" "chr7_100953421_C_G_b38_C"
 [325] "chr7_100953429_G_A_b38_G" "chr7_100953431_G_C_b38_G"
 [327] "chr7_100953432_T_C_b38_T" "chr7_100953436_T_A_b38_T"
 [329] "chr7_100953443_C_T_b38_C" "chr7_100953452_G_C_b38_G"
 [331] "chr7_100953468_C_G_b38_C" "chr7_100953471_A_C_b38_A"
 [333] "chr7_100953482_C_A_b38_C" "chr7_100953486_C_A_b38_C"
 [335] "chr7_100953487_C_A_b38_C" "chr7_100953488_T_C_b38_T"
 [337] "chr7_100953489_G_A_b38_G" "chr7_100953490_G_T_b38_G"
 [339] "chr7_100953494_C_A_b38_C" "chr7_100953503_C_T_b38_C"
 [341] "chr7_100953516_A_C_b38_A" "chr7_100953519_T_A_b38_T"
 [343] "chr7_100953520_T_C_b38_T" "chr7_100953522_C_T_b38_C"
 [345] "chr7_100953523_A_G_b38_A" "chr7_100953524_C_G_b38_C"
 [347] "chr7_100953528_T_C_b38_T" "chr7_100953530_T_G_b38_T"
 [349] "chr7_100953535_C_T_b38_C" "chr7_100953536_C_T_b38_C"
 [351] "chr7_100953542_C_T_b38_C" "chr7_100953544_A_T_b38_A"
 [353] "chr7_100953546_C_A_b38_C" "chr7_100953547_A_T_b38_A"
 [355] "chr7_100953548_C_G_b38_C" "chr7_100953551_C_T_b38_C"
 [357] "chr7_100953556_A_G_b38_A" "chr7_100953560_C_G_b38_C"
 [359] "chr7_100953562_G_A_b38_G" "chr7_100953563_G_A_b38_G"
 [361] "chr7_100953564_A_C_b38_A" "chr7_100953583_A_T_b38_A"
 [363] "chr7_100953589_T_C_b38_T" "chr7_100953594_A_G_b38_A"
 [365] "chr7_100953603_T_C_b38_T" "chr7_100953604_C_T_b38_C"
 [367] "chr7_100953614_C_T_b38_C" "chr7_100953619_C_T_b38_C"
 [369] "chr7_100953620_C_T_b38_C" "chr7_100953629_C_A_b38_C"
 [371] "chr7_100953630_A_C_b38_A" "chr7_100953633_T_G_b38_T"
 [373] "chr7_100953634_G_A_b38_G" "chr7_100953642_C_T_b38_C"
 [375] "chr7_100953644_C_G_b38_C" "chr7_100953654_C_G_b38_C"
 [377] "chr7_100953656_C_T_b38_C" "chr7_100953657_A_G_b38_A"
 [379] "chr7_100953661_G_C_b38_G" "chr7_100953663_C_A_b38_C"
 [381] "chr7_100953673_C_A_b38_C" "chr7_100953680_T_A_b38_T"
 [383] "chr7_100953683_C_A_b38_C" "chr7_100953685_T_G_b38_T"
 [385] "chr7_100953686_C_T_b38_C" "chr7_100953687_A_T_b38_A"
 [387] "chr7_100953688_T_G_b38_T" "chr7_100953691_G_A_b38_G"
 [389] "chr7_100953697_T_C_b38_T" "chr7_100953707_C_T_b38_C"
 [391] "chr7_100953728_C_T_b38_C" "chr7_100953729_G_A_b38_G"
 [393] "chr7_100953740_C_A_b38_C" "chr7_100953741_C_T_b38_C"
 [395] "chr7_100953750_C_T_b38_C" "chr7_100953751_A_C_b38_A"
 [397] "chr7_100953762_A_C_b38_A" "chr7_100953770_C_G_b38_C"
 [399] "chr7_100953776_T_A_b38_T" "chr7_100953778_C_A_b38_C"
 [401] "chr7_100953779_C_T_b38_C" "chr7_100953789_T_C_b38_T"
 [403] "chr7_100953812_T_C_b38_T" "chr7_100953814_G_A_b38_G"
 [405] "chr7_100953816_C_T_b38_C" "chr7_100953818_C_T_b38_C"
 [407] "chr7_100953827_C_T_b38_C" "chr7_100953830_T_C_b38_T"
 [409] "chr7_100953844_C_G_b38_C" "chr7_100953846_A_G_b38_A"
 [411] "chr7_100953851_T_C_b38_T" "chr7_100953870_C_T_b38_C"
 [413] "chr7_100953882_T_C_b38_T" "chr7_100953885_A_G_b38_A"
 [415] "chr7_100953889_A_G_b38_A" "chr7_100953897_A_G_b38_A"
 [417] "chr7_100953899_C_T_b38_C" "chr7_100953909_C_T_b38_C"
 [419] "chr7_100953935_G_T_b38_G" "chr7_100953947_C_T_b38_C"
 [421] "chr7_100953951_G_C_b38_G" "chr7_100953952_G_A_b38_G"
 [423] "chr7_100953958_A_T_b38_A" "chr7_100953967_A_G_b38_A"
 [425] "chr7_100953968_C_T_b38_C" "chr7_100953971_C_G_b38_C"
 [427] "chr7_100953979_G_C_b38_G" "chr7_100953992_C_A_b38_C"
 [429] "chr7_100953996_C_A_b38_C" "chr7_100954008_A_C_b38_A"
 [431] "chr7_100954010_C_T_b38_C" "chr7_100954013_C_T_b38_C"
 [433] "chr7_100954020_C_T_b38_C" "chr7_100954022_T_C_b38_T"
 [435] "chr7_100954025_T_G_b38_T" "chr7_100954032_T_C_b38_T"
 [437] "chr7_100954033_G_A_b38_G" "chr7_100954040_C_T_b38_C"
 [439] "chr7_100954123_G_A_b38_G" "chr7_100954136_C_G_b38_C"
 [441] "chr7_100954173_T_A_b38_T" "chr7_100954176_G_C_b38_G"
 [443] "chr7_100954184_C_A_b38_C" "chr7_100954191_A_G_b38_A"
 [445] "chr7_100954205_T_G_b38_T" "chr7_100954210_T_C_b38_T"
 [447] "chr7_100954217_C_G_b38_C" "chr7_100954219_G_C_b38_G"
 [449] "chr7_100954221_G_C_b38_G" "chr7_100954229_G_A_b38_G"
 [451] "chr7_100954269_C_T_b38_C" "chr7_100954280_G_C_b38_G"
 [453] "chr7_100954302_A_G_b38_A" "chr7_100954329_T_C_b38_T"
 [455] "chr7_100954344_G_A_b38_G" "chr7_100954346_C_T_b38_C"
 [457] "chr7_100954391_T_C_b38_T" "chr7_100954396_A_T_b38_A"
 [459] "chr7_100954397_T_C_b38_T" "chr7_100954400_C_T_b38_C"
 [461] "chr7_100954404_T_C_b38_T" "chr7_100954413_G_C_b38_G"
 [463] "chr7_100954419_T_C_b38_T" "chr7_100954434_A_G_b38_A"
 [465] "chr7_100954446_C_T_b38_C" "chr7_100954457_A_T_b38_A"
 [467] "chr7_100954467_A_C_b38_A" "chr7_100954471_A_T_b38_A"
 [469] "chr7_100954496_T_C_b38_T" "chr7_100954505_C_T_b38_C"
 [471] "chr7_100954506_A_G_b38_A" "chr7_100954518_T_C_b38_T"
 [473] "chr7_100954521_G_T_b38_G" "chr7_100954526_A_C_b38_A"
 [475] "chr7_100954527_A_C_b38_A" "chr7_100954530_T_C_b38_T"
 [477] "chr7_100954571_G_C_b38_G" "chr7_100954574_G_C_b38_G"
 [479] "chr7_100954601_T_C_b38_T" "chr7_100954614_A_G_b38_A"
 [481] "chr7_100954917_T_C_b38_T" "chr7_100954920_A_T_b38_A"
 [483] "chr7_100954925_T_C_b38_T" "chr7_100954929_A_G_b38_A"
 [485] "chr7_100954931_G_A_b38_G" "chr7_100954939_A_G_b38_A"
 [487] "chr7_100954943_T_C_b38_T" "chr7_100954960_A_G_b38_A"
 [489] "chr7_100954961_A_C_b38_A" "chr7_100954967_C_A_b38_C"
 [491] "chr7_100954971_T_A_b38_T" "chr7_100954973_T_C_b38_T"
 [493] "chr7_100954977_C_T_b38_C" "chr7_100954989_T_C_b38_T"
 [495] "chr7_100954997_T_C_b38_T" "chr7_100955002_A_G_b38_A"
 [497] "chr7_100955008_A_G_b38_A" "chr7_100955013_A_G_b38_A"
 [499] "chr7_100955045_C_T_b38_C" "chr7_100955050_C_T_b38_C"
 [501] "chr7_100955052_C_T_b38_C" "chr7_100955055_C_T_b38_C"
 [503] "chr7_100955056_A_G_b38_A" "chr7_100955060_T_C_b38_T"
 [505] "chr7_100955065_T_A_b38_T" "chr7_100955070_C_G_b38_C"
 [507] "chr7_100955075_C_T_b38_C" "chr7_100955103_A_G_b38_A"
 [509] "chr7_100955114_T_G_b38_T" "chr7_100955121_T_C_b38_T"
 [511] "chr7_100955124_C_T_b38_C" "chr7_100955138_C_T_b38_C"
 [513] "chr7_100955147_C_G_b38_C" "chr7_100955162_C_T_b38_C"
 [515] "chr7_100955182_C_T_b38_C" "chr7_100955189_C_G_b38_C"
 [517] "chr7_100955192_C_A_b38_C" "chr7_100955197_A_G_b38_A"
 [519] "chr7_100955202_C_A_b38_C" "chr7_100955216_C_A_b38_C"
 [521] "chr7_100955223_C_T_b38_C" "chr7_100955225_T_A_b38_T"
 [523] "chr7_100955237_G_C_b38_G" "chr7_100955265_A_C_b38_A"
 [525] "chr7_100955266_G_A_b38_G" "chr7_100955314_A_C_b38_A"
 [527] "chr7_100955319_G_A_b38_G" "chr7_100955322_A_G_b38_A"
 [529] "chr7_100955342_C_T_b38_C" "chr7_100955343_A_G_b38_A"
 [531] "chr7_100955349_T_C_b38_T" "chr7_100955354_G_C_b38_G"
 [533] "chr7_100955356_A_G_b38_A" "chr7_100955368_T_A_b38_T"
 [535] "chr7_100955373_A_C_b38_A" "chr7_100955378_C_T_b38_C"
 [537] "chr7_100955379_A_G_b38_A" "chr7_100955385_T_C_b38_T"
 [539] "chr7_100955389_A_G_b38_A" "chr7_100955394_C_G_b38_C"
 [541] "chr7_100955400_T_A_b38_T" "chr7_100955401_G_A_b38_G"
 [543] "chr7_100955414_G_T_b38_G" "chr7_100955431_A_T_b38_A"
 [545] "chr7_100955435_A_G_b38_A" "chr7_100955439_C_T_b38_C"
 [547] "chr7_100955440_A_G_b38_A" "chr7_100955478_C_T_b38_C"
 [549] "chr7_100955479_A_G_b38_A" "chr7_100955480_C_A_b38_C"
 [551] "chr7_100955486_T_A_b38_T" "chr7_100955489_T_C_b38_T"
 [553] "chr7_100955490_T_C_b38_T" "chr7_100955497_T_G_b38_T"
 [555] "chr7_100955502_C_T_b38_C" "chr7_100955504_G_A_b38_G"
 [557] "chr7_100955516_C_A_b38_C" "chr7_100955522_C_T_b38_C"
 [559] "chr7_100955527_T_A_b38_T" "chr7_100955535_C_G_b38_C"
 [561] "chr7_100955537_G_A_b38_G" "chr7_100955545_T_A_b38_T"
 [563] "chr7_100955546_C_T_b38_C" "chr7_100955551_A_G_b38_A"
 [565] "chr7_100955552_C_A_b38_C" "chr7_100955555_C_T_b38_C"
 [567] "chr7_100955569_C_A_b38_C" "chr7_100955571_A_G_b38_A"
 [569] "chr7_100955573_C_A_b38_C" "chr7_100955577_C_T_b38_C"
 [571] "chr7_100955578_A_G_b38_A" "chr7_100955591_G_A_b38_G"
 [573] "chr7_100955598_A_G_b38_A" "chr7_100955613_G_A_b38_G"
 [575] "chr7_100955615_C_T_b38_C" "chr7_100955619_C_G_b38_C"
 [577] "chr7_100955626_A_G_b38_A" "chr7_100955628_T_G_b38_T"
 [579] "chr7_100955631_A_G_b38_A" "chr7_100955643_A_C_b38_A"
 [581] "chr7_100955666_C_A_b38_C" "chr7_100955667_A_T_b38_A"
 [583] "chr7_100955800_A_T_b38_A" "chr7_100955888_C_T_b38_C"
 [585] "chr7_100955893_T_A_b38_T" "chr7_100955895_T_A_b38_T"
 [587] "chr7_100955898_T_C_b38_T" "chr7_100955908_C_T_b38_C"
 [589] "chr7_100955910_C_T_b38_C" "chr7_100955912_C_T_b38_C"
 [591] "chr7_100955913_A_G_b38_A" "chr7_100955917_G_C_b38_G"
 [593] "chr7_100955919_C_A_b38_C" "chr7_100955924_C_T_b38_C"
 [595] "chr7_100955932_C_A_b38_C" "chr7_100955934_C_T_b38_C"
 [597] "chr7_100955950_A_G_b38_A" "chr7_100955952_C_G_b38_C"
 [599] "chr7_100955957_C_T_b38_C" "chr7_100955991_C_T_b38_C"
 [601] "chr7_100956291_C_T_b38_C" "chr7_100956320_A_T_b38_A"
 [603] "chr7_100956382_A_G_b38_A" "chr7_100956394_G_A_b38_G"
 [605] "chr7_100956395_C_G_b38_C" "chr7_100956403_C_T_b38_C"
 [607] "chr7_100956404_C_A_b38_C" "chr7_100956408_C_A_b38_C"
 [609] "chr7_100956420_C_T_b38_C" "chr7_100956432_T_A_b38_T"
 [611] "chr7_100956443_C_A_b38_C" "chr7_100956464_T_G_b38_T"
 [613] "chr7_100956470_C_T_b38_C" "chr7_100956476_C_G_b38_C"
 [615] "chr7_100956478_G_C_b38_G" "chr7_100956480_G_C_b38_G"
 [617] "chr7_100956488_G_A_b38_G" "chr7_100956513_T_C_b38_T"
 [619] "chr7_100956516_T_C_b38_T" "chr7_100956525_A_C_b38_A"
 [621] "chr7_100956528_C_T_b38_C" "chr7_100956535_A_C_b38_A"
 [623] "chr7_100956539_G_C_b38_G" "chr7_100956567_C_T_b38_C"
 [625] "chr7_100956575_T_G_b38_T" "chr7_100956582_A_C_b38_A"
 [627] "chr7_100956591_C_T_b38_C" "chr7_100956601_A_C_b38_A"
 [629] "chr7_100956602_G_T_b38_G" "chr7_100956603_G_T_b38_G"
 [631] "chr7_100956605_C_T_b38_C" "chr7_100956606_A_C_b38_A"
 [633] "chr7_100956611_G_C_b38_G" "chr7_100956621_T_C_b38_T"
 [635] "chr7_100956622_T_A_b38_T" "chr7_100956629_C_T_b38_C"
 [637] "chr7_100956663_T_C_b38_T" "chr7_100956671_T_C_b38_T"
 [639] "chr7_100956672_G_C_b38_G" "chr7_100956678_T_C_b38_T"
 [641] "chr7_100956693_A_G_b38_A" "chr7_100956694_G_A_b38_G"
 [643] "chr7_100956697_C_T_b38_C" "chr7_100956716_A_T_b38_A"
 [645] "chr7_100956726_A_C_b38_A" "chr7_100956794_T_A_b38_T"
 [647] "chr7_100956795_A_T_b38_A" "chr7_100956873_A_G_b38_A"
 [649] "chr7_100956991_A_G_b38_A" "chr7_100956998_C_A_b38_C"
 [651] "chr7_100957003_C_T_b38_C" "chr7_100957015_T_C_b38_T"
 [653] "chr7_100957047_C_A_b38_C" "chr7_100957078_A_G_b38_A"
 [655] "chr7_100957083_C_T_b38_C" "chr7_100957095_G_A_b38_G"
 [657] "chr7_100957103_C_T_b38_C" "chr7_100957104_G_T_b38_G"
 [659] "chr7_100957117_A_G_b38_A" "chr7_100957146_G_A_b38_G"
 [661] "chr7_100957158_T_C_b38_T" "chr7_100957181_C_T_b38_C"
 [663] "chr7_100957183_C_A_b38_C" "chr7_100957207_A_G_b38_A"
 [665] "chr7_100957242_A_C_b38_A" "chr7_100957253_C_T_b38_C"
 [667] "chr7_100957266_C_T_b38_C" "chr7_100959272_G_A_b38_G"
 [669] "chr7_100959332_C_G_b38_C" "chr7_100959342_T_C_b38_T"
 [671] "chr7_100959344_G_C_b38_G" "chr7_100959347_C_T_b38_C"
 [673] "chr7_100959387_A_G_b38_A" "chr7_100959436_A_G_b38_A"
 [675] "chr7_100959437_T_C_b38_T" "chr7_100959449_T_G_b38_T"
 [677] "chr7_100959497_T_C_b38_T" "chr7_100959517_A_G_b38_A"
 [679] "chr7_100959533_C_T_b38_C" "chr7_100959537_A_T_b38_A"
 [681] "chr7_100959558_T_C_b38_T" "chr7_100959563_C_T_b38_C"
 [683] "chr7_100959582_T_C_b38_T" "chr7_100959590_C_T_b38_C"
 [685] "chr7_100959600_C_T_b38_C" "chr7_100959644_C_A_b38_C"
 [687] "chr7_100959649_G_A_b38_G" "chr7_100959664_G_T_b38_G"
 [689] "chr7_100959711_T_A_b38_T" "chr7_100959713_C_T_b38_C"
 [691] "chr7_100959714_T_C_b38_T" "chr7_100959720_A_T_b38_A"
 [693] "chr7_100959888_T_C_b38_T" "chr7_100959889_T_G_b38_T"
 [695] "chr7_100959891_C_T_b38_C" "chr7_100959915_T_G_b38_T"
 [697] "chr7_100959965_G_C_b38_G" "chr7_100959988_G_T_b38_G"
 [699] "chr7_100960006_T_C_b38_T" "chr7_100960122_C_T_b38_C"
 [701] "chr7_100960182_C_T_b38_C" "chr7_100960209_C_T_b38_C"
 [703] "chr7_100960229_C_G_b38_C" "chr7_100960242_C_G_b38_C"
 [705] "chr7_100960255_A_G_b38_A" "chr7_100960261_T_C_b38_T"
 [707] "chr7_100960283_T_C_b38_T" "chr7_100960306_T_A_b38_T"
 [709] "chr7_100960307_C_T_b38_C" "chr7_100960311_C_T_b38_C"
 [711] "chr7_100960323_T_C_b38_T" "chr7_100960406_G_A_b38_G"
 [713] "chr7_100960407_T_C_b38_T" "chr7_100960420_C_A_b38_C"
 [715] "chr7_100960421_T_C_b38_T" "chr7_100960515_C_A_b38_C"
 [717] "chr7_100960528_A_G_b38_A" "chr7_100960530_T_C_b38_T"
 [719] "chr7_100960546_C_T_b38_C" "chr7_100960582_T_A_b38_T"
 [721] "chr7_100960598_G_C_b38_G" "chr7_100960609_C_T_b38_C"
 [723] "chr7_100960610_A_G_b38_A" "chr7_100960659_C_T_b38_C"
 [725] "chr7_100960708_G_A_b38_G" "chr7_100960725_G_A_b38_G"
 [727] "chr7_100960738_T_C_b38_T" "chr7_100960849_T_C_b38_T"
 [729] "chr7_100960855_T_C_b38_T" "chr7_100960873_A_G_b38_A"
 [731] "chr7_100960944_T_A_b38_T" "chr7_100960948_A_C_b38_A"
 [733] "chr7_100960988_G_A_b38_G" "chr7_100961081_G_A_b38_G"
 [735] "chr7_100961101_T_C_b38_T" "chr7_100961105_C_T_b38_C"
 [737] "chr7_100961134_T_C_b38_T" "chr7_100961177_G_A_b38_G"
 [739] "chr7_100961219_T_C_b38_T" "chr7_100961306_C_T_b38_C"
 [741] "chr7_100961394_C_G_b38_C" "chr7_100961418_C_T_b38_C"
 [743] "chr7_100961438_A_G_b38_A" "chr7_100961456_C_T_b38_C"
 [745] "chr7_100961457_A_G_b38_A" "chr7_100961491_A_G_b38_A"
 [747] "chr7_100961511_T_C_b38_T" "chr7_100961560_G_C_b38_G"
 [749] "chr7_100961578_A_G_b38_A" "chr7_100961582_G_C_b38_G"
 [751] "chr7_100961591_G_C_b38_G" "chr7_100961593_T_C_b38_T"
 [753] "chr7_100961598_G_T_b38_G" "chr7_100961601_T_G_b38_T"
 [755] "chr7_100961625_G_C_b38_G" "chr7_100961626_G_A_b38_G"
 [757] "chr7_100961651_A_C_b38_A" "chr7_100961703_T_C_b38_T"
 [759] "chr7_100961709_A_G_b38_A" "chr7_100961759_A_G_b38_A"
 [761] "chr7_100961761_C_T_b38_C" "chr7_100961770_G_A_b38_G"
 [763] "chr7_100961781_C_G_b38_C" "chr7_100961884_T_A_b38_T"
 [765] "chr7_100961887_C_T_b38_C" "chr7_100961888_G_T_b38_G"
 [767] "chr7_100962531_T_C_b38_T" "chr7_100962532_T_A_b38_T"
 [769] "chr7_100962575_A_G_b38_A" "chr7_100962580_T_C_b38_T"
 [771] "chr7_100962950_A_G_b38_A" "chr7_100962959_G_C_b38_G"
 [773] "chr7_100962965_C_T_b38_C" "chr7_100962980_T_C_b38_T"
 [775] "chr7_100962981_G_A_b38_G" "chr7_100962987_T_C_b38_T"
 [777] "chr7_100962988_A_T_b38_A" "chr7_100962993_A_T_b38_A"
 [779] "chr7_100962994_T_G_b38_T" "chr7_100963078_T_G_b38_T"
 [781] "chr7_100963080_G_T_b38_G" "chr7_100963092_T_C_b38_T"
 [783] "chr7_100963136_G_A_b38_G" "chr7_100963148_T_C_b38_T"
 [785] "chr7_100963411_A_G_b38_A" "chr7_100963414_T_C_b38_T"
 [787] "chr7_100963420_G_A_b38_G" "chr7_100963439_T_C_b38_T"
 [789] "chr7_100963440_G_C_b38_G" "chr7_100963479_T_G_b38_T"
 [791] "chr7_100963528_A_G_b38_A" "chr7_100963628_G_A_b38_G"
 [793] "chr7_100963775_C_T_b38_C" "chr7_100963782_G_A_b38_G"
 [795] "chr7_100963866_G_A_b38_G" "chr7_100963882_A_G_b38_A"
 [797] "chr7_100963900_C_T_b38_C" "chr7_100963946_T_C_b38_T"
 [799] "chr7_100963966_G_A_b38_G" "chr7_100964010_A_G_b38_A"
 [801] "chr7_100964017_T_C_b38_T" "chr7_100964065_A_G_b38_A"
 [803] "chr7_100964101_A_G_b38_A" "chr7_100964106_T_C_b38_T"
 [805] "chr7_100964197_G_C_b38_G" "chr7_100964198_T_A_b38_T"
 [807] "chr7_100964202_C_T_b38_C" "chr7_100964207_C_T_b38_C"
 [809] "chr7_100964225_G_C_b38_G" "chr7_100964275_G_A_b38_G"
 [811] "chr7_100964314_G_T_b38_G" "chr7_100964321_A_G_b38_A"
 [813] "chr7_100964345_T_A_b38_T" "chr7_100964421_C_T_b38_C"
 [815] "chr7_100964656_T_G_b38_T" "chr7_100964800_G_C_b38_G"
 [817] "chr7_100964820_T_C_b38_T" "chr7_100964852_A_G_b38_A"
 [819] "chr7_100964922_G_A_b38_G" "chr7_100964965_G_C_b38_G"
 [821] "chr7_100964977_C_T_b38_C" "chr7_100964996_G_A_b38_G"
 [823] "chr7_100965020_G_A_b38_G" "chr7_100965021_T_G_b38_T"
 [825] "chr7_100965027_C_G_b38_C" "chr7_100965037_A_G_b38_A"
 [827] "chr7_100965104_A_G_b38_A" "chr7_100965108_G_A_b38_G"
 [829] "chr7_100965112_C_G_b38_C" "chr7_100965115_G_A_b38_G"
 [831] "chr7_100965116_C_G_b38_C" "chr7_100965130_G_C_b38_G"
 [833] "chr7_100965141_T_C_b38_T" "chr7_100965154_G_C_b38_G"
 [835] "chr7_100965162_T_C_b38_T" "chr7_100965208_C_T_b38_C"
 [837] "chr7_100965216_G_C_b38_G" "chr7_100965345_C_A_b38_C"
 [839] "chr7_100965350_A_G_b38_A" "chr7_100965381_G_A_b38_G"
 [841] "chr7_100965382_C_T_b38_C" "chr7_100965386_T_C_b38_T"
 [843] "chr7_100965391_T_C_b38_T" "chr7_100965394_G_C_b38_G"
 [845] "chr7_100965395_G_T_b38_G" "chr7_100965398_T_C_b38_T"
 [847] "chr7_100965447_G_C_b38_G" "chr7_100965468_C_T_b38_C"
 [849] "chr7_100965473_C_A_b38_C" "chr7_100965477_C_T_b38_C"
 [851] "chr7_100965488_C_T_b38_C" "chr7_100965547_C_G_b38_C"
 [853] "chr7_100965548_G_C_b38_G" "chr7_100965637_G_A_b38_G"
 [855] "chr7_100965685_C_A_b38_C" "chr7_100965753_C_T_b38_C"
 [857] "chr7_100965754_T_C_b38_T" "chr7_100965798_G_T_b38_G"
 [859] "chr7_100965801_G_C_b38_G" "chr7_100965843_G_A_b38_G"
 [861] "chr7_100965859_A_G_b38_A" "chr7_100965887_G_A_b38_G"
 [863] "chr7_100965895_C_T_b38_C" "chr7_100965904_T_G_b38_T"
 [865] "chr7_100965990_G_C_b38_G" "chr7_100966067_T_A_b38_T"
 [867] "chr7_100966068_G_A_b38_G" "chr7_100966075_A_G_b38_A"
 [869] "chr7_100966076_A_G_b38_A" "chr7_100966085_G_T_b38_G"
 [871] "chr7_100966123_T_C_b38_T" "chr7_100966137_T_C_b38_T"
 [873] "chr7_100966157_C_T_b38_C" "chr7_100966165_G_A_b38_G"
 [875] "chr7_100966187_G_A_b38_G" "chr7_100966224_G_C_b38_G"
 [877] "chr7_100966249_A_G_b38_A" "chr7_100966253_C_G_b38_C"
 [879] "chr7_100966333_G_C_b38_G" "chr7_100966813_C_T_b38_C"
 [881] "chr7_100966834_C_T_b38_C" "chr7_100966873_C_A_b38_C"
 [883] "chr7_100966916_T_C_b38_T" "chr7_100967461_T_C_b38_T"
 [885] "chr7_100967619_T_C_b38_T" "chr7_100968125_T_C_b38_T"
 [887] "chr7_100968131_G_C_b38_G" "chr7_100968198_T_C_b38_T"
 [889] "chr7_100968204_T_C_b38_T" "chr7_100968218_G_C_b38_G"
 [891] "chr7_100968228_A_G_b38_A" "chr7_100968233_C_T_b38_C"
 [893] "chr7_100968258_G_T_b38_G" "chr7_100968285_G_A_b38_G"
 [895] "chr7_100968309_G_A_b38_G" "chr7_100968313_T_C_b38_T"
 [897] "chr7_100968327_C_T_b38_C" "chr7_100968372_C_T_b38_C"
 [899] "chr7_100968374_C_T_b38_C" "chr7_100968392_T_G_b38_T"
 [901] "chr7_100968450_T_C_b38_T" "chr7_100968459_T_C_b38_T"
 [903] "chr7_100968460_G_A_b38_G" "chr7_100968474_G_A_b38_G"
 [905] "chr7_100968504_G_C_b38_G" "chr7_100968505_G_A_b38_G"
 [907] "chr7_100968513_C_T_b38_C" "chr7_100968545_A_G_b38_A"
 [909] "chr7_100968550_G_A_b38_G" "chr7_100968560_T_G_b38_T"
 [911] "chr7_100968578_G_T_b38_G" "chr7_100968590_G_A_b38_G"
 [913] "chr7_100968626_T_C_b38_T" "chr7_100968654_C_T_b38_C"
 [915] "chr7_100968665_T_G_b38_T" "chr7_100968675_T_G_b38_T"
 [917] "chr7_100968682_T_C_b38_T" "chr7_100968687_G_C_b38_G"
 [919] "chr7_100968703_G_T_b38_G" "chr7_100968819_A_G_b38_A"
 [921] "chr7_100968822_G_A_b38_G" "chr7_100968857_C_G_b38_C"
 [923] "chr7_100968857_C_T_b38_C" "chr7_100968875_A_G_b38_A"
 [925] "chr7_100968909_G_T_b38_G" "chr7_100968914_C_T_b38_C"
 [927] "chr7_100968915_T_G_b38_T" "chr7_100968923_C_G_b38_C"
 [929] "chr7_100968934_T_G_b38_T" "chr7_100968945_T_C_b38_T"
 [931] "chr7_100968968_C_A_b38_C" "chr7_100968972_T_C_b38_T"
 [933] "chr7_100969004_A_C_b38_A" "chr7_100969020_C_G_b38_C"
 [935] "chr7_100969035_C_A_b38_C" "chr7_100969037_T_C_b38_T"
 [937] "chr7_100969039_T_C_b38_T" "chr7_100969094_C_A_b38_C"
 [939] "chr7_100969111_C_T_b38_C" "chr7_100969112_A_G_b38_A"
 [941] "chr7_100969124_A_G_b38_A" "chr7_100969127_T_A_b38_T"
 [943] "chr7_100969169_G_A_b38_G" "chr7_100969212_G_C_b38_G"
 [945] "chr7_100969213_G_A_b38_G" "chr7_100969229_G_A_b38_G"
 [947] "chr7_100969238_C_T_b38_C" "chr7_100969242_T_C_b38_T"
 [949] "chr7_100969245_T_C_b38_T" "chr7_100969267_C_T_b38_C"
 [951] "chr7_100969366_C_T_b38_C" "chr7_100969371_C_G_b38_C"
 [953] "chr7_100969377_A_G_b38_A" "chr7_100969380_G_C_b38_G"
 [955] "chr7_100969384_A_G_b38_A" "chr7_100969407_G_T_b38_G"
 [957] "chr7_100969505_T_G_b38_T" "chr7_100969558_G_A_b38_G"
 [959] "chr7_100969561_C_T_b38_C" "chr7_100969584_T_C_b38_T"
 [961] "chr7_100969588_A_G_b38_A" "chr7_100969594_T_C_b38_T"
 [963] "chr7_100969617_C_T_b38_C" "chr7_100969664_C_T_b38_C"
 [965] "chr7_100969671_G_A_b38_G" "chr7_100969680_G_C_b38_G"
 [967] "chr7_100969688_A_G_b38_A" "chr7_100969715_A_G_b38_A"
 [969] "chr7_100969729_T_C_b38_T" "chr7_100969730_G_A_b38_G"
 [971] "chr7_100969737_A_C_b38_A" "chr7_100969746_T_C_b38_T"
 [973] "chr7_100969826_G_A_b38_G" "chr7_100969831_G_C_b38_G"
 [975] "chr7_100969846_T_C_b38_T" "chr7_100969850_G_A_b38_G"
 [977] "chr7_100969857_T_C_b38_T" "chr7_100969862_A_G_b38_A"
 [979] "chr7_100969891_T_C_b38_T" "chr7_100969915_C_T_b38_C"
 [981] "chr7_100969921_T_C_b38_T" "chr7_100969928_T_C_b38_T"
 [983] "chr7_100969973_C_T_b38_C" "chr7_100969978_G_T_b38_G"
 [985] "chr7_100969981_T_C_b38_T" "chr7_100969982_G_A_b38_G"
 [987] "chr7_100969984_A_G_b38_A" "chr7_100970008_C_G_b38_C"
 [989] "chr7_100970009_A_G_b38_A" "chr7_100970093_T_C_b38_T"
 [991] "chr7_100970141_A_G_b38_A" "chr7_100970155_A_G_b38_A"
 [993] "chr7_100970157_T_G_b38_T" "chr7_100970173_C_T_b38_C"
 [995] "chr7_100970208_C_T_b38_C" "chr7_100970209_A_G_b38_A"
 [997] "chr7_100970214_T_C_b38_T" "chr7_100970227_T_C_b38_T"
 [999] "chr7_100970253_A_G_b38_A" "chr7_100970257_T_C_b38_T"
[1001] "chr7_100970276_T_C_b38_T" "chr7_100970285_A_G_b38_A"
[1003] "chr7_100970288_T_A_b38_T" "chr7_100970299_T_C_b38_T"
[1005] "chr7_100971275_A_C_b38_A" "chr7_100971332_G_A_b38_G"
[1007] "chr7_100971431_G_T_b38_G" "chr7_100971459_C_T_b38_C"
[1009] "chr7_100971547_A_T_b38_A" "chr7_100971570_C_T_b38_C"
[1011] "chr7_100971596_C_T_b38_C" "chr7_100971597_A_G_b38_A"
[1013] "chr7_100971636_C_T_b38_C" "chr7_100971662_T_C_b38_T"
[1015] "chr7_100971663_G_A_b38_G" "chr7_100971679_G_C_b38_G"
[1017] "chr7_100971680_A_G_b38_A" "chr7_100971703_C_G_b38_C"
[1019] "chr7_100971709_A_G_b38_A" "chr7_100971718_A_G_b38_A"
[1021] "chr7_100971779_T_C_b38_T" "chr7_100971847_C_T_b38_C"
[1023] "chr7_100971888_G_A_b38_G" "chr7_100971901_G_A_b38_G"
[1025] "chr7_100971928_T_C_b38_T" "chr7_100972000_A_G_b38_A"
[1027] "chr7_100972030_A_G_b38_A" "chr7_100972032_G_A_b38_G"
[1029] "chr7_100972040_G_A_b38_G" "chr7_100972072_C_T_b38_C"
[1031] "chr7_100972078_A_G_b38_A" "chr7_100972106_C_T_b38_C"
[1033] "chr7_100972164_A_G_b38_A" "chr7_100972168_C_G_b38_C"
[1035] "chr7_100972177_A_C_b38_A" "chr7_100972219_A_G_b38_A"
[1037] "chr7_100972289_T_G_b38_T" "chr7_100972299_T_G_b38_T"
[1039] "chr7_100972302_T_C_b38_T" "chr7_100972303_G_A_b38_G"
[1041] "chr7_100972334_T_G_b38_T" "chr7_100972344_C_T_b38_C"
[1043] "chr7_100972409_A_T_b38_A" "chr7_100972422_C_A_b38_C"
[1045] "chr7_100972426_T_C_b38_T" "chr7_100972487_A_T_b38_A"
[1047] "chr7_100972491_G_T_b38_G" "chr7_100972493_T_C_b38_T"
[1049] "chr7_100972900_C_A_b38_C" "chr7_100972904_C_T_b38_C"
[1051] "chr7_100972905_A_G_b38_A" "chr7_100972914_G_C_b38_G"
[1053] "chr7_100972915_C_T_b38_C" "chr7_100972918_T_C_b38_T"
[1055] "chr7_100972946_A_T_b38_A" "chr7_100972948_G_C_b38_G"
[1057] "chr7_100972964_C_A_b38_C" "chr7_100973185_T_C_b38_T"
[1059] "chr7_100973191_G_A_b38_G" "chr7_100973217_A_G_b38_A"
[1061] "chr7_100973224_A_G_b38_A" "chr7_100973276_A_G_b38_A"
[1063] "chr7_100973278_A_G_b38_A" "chr7_100973286_T_C_b38_T"
[1065] "chr7_100973291_G_A_b38_G" "chr7_100973300_A_G_b38_A"
[1067] "chr7_100974166_A_G_b38_A" "chr7_100974177_G_A_b38_G"
[1069] "chr7_100974185_G_C_b38_G" "chr7_100974187_A_T_b38_A"
[1071] "chr7_100974194_C_T_b38_C" "chr7_100974196_A_T_b38_A"
[1073] "chr7_100974212_G_A_b38_G" "chr7_100974221_C_T_b38_C"
[1075] "chr7_100974226_T_G_b38_T" "chr7_100974227_G_T_b38_G"
[1077] "chr7_100974236_T_G_b38_T" "chr7_100974280_T_C_b38_T"
[1079] "chr7_100974282_T_C_b38_T" "chr7_100974559_A_C_b38_A"
[1081] "chr7_100974582_G_T_b38_G" "chr7_100974758_G_A_b38_G"
[1083] "chr7_100974764_G_T_b38_G" "chr7_100974817_C_T_b38_C"
[1085] "chr7_100974856_C_T_b38_C" "chr7_100974872_A_C_b38_A"
[1087] "chr7_100974888_T_C_b38_T" "chr7_100974891_T_G_b38_T"
[1089] "chr7_100974908_G_A_b38_G" "chr7_100974935_C_T_b38_C"
[1091] "chr7_100975049_A_G_b38_A" "chr7_100975055_T_C_b38_T"
[1093] "chr7_100975084_T_A_b38_T" "chr7_100975086_G_T_b38_G"
[1095] "chr7_100975091_A_T_b38_A" "chr7_100975098_T_C_b38_T"
[1097] "chr7_100975099_G_A_b38_G" "chr7_100975121_T_C_b38_T"
[1099] "chr7_100975130_T_C_b38_T" "chr7_100975136_C_G_b38_C"
[1101] "chr7_100975148_A_G_b38_A" "chr7_100975155_A_G_b38_A"
[1103] "chr7_100975171_A_C_b38_A" "chr7_100975185_T_C_b38_T"
[1105] "chr7_100975189_C_A_b38_C" "chr7_100975191_C_T_b38_C"
[1107] "chr7_100975193_A_G_b38_A" "chr7_100975194_T_G_b38_T"
[1109] "chr7_100975205_A_G_b38_A" "chr7_100975206_C_G_b38_C"
[1111] "chr7_100975218_A_G_b38_A" "chr7_100975246_A_G_b38_A"
[1113] "chr7_100975254_C_T_b38_C" "chr7_100975256_A_G_b38_A"
[1115] "chr7_100975267_G_A_b38_G" "chr7_100975277_G_C_b38_G"
[1117] "chr7_100975281_G_A_b38_G" "chr7_100975287_C_G_b38_C"
[1119] "chr7_100975306_G_A_b38_G" "chr7_100975378_C_T_b38_C"
[1121] "chr7_100975403_G_A_b38_G" "chr7_100975474_C_A_b38_C"
[1123] "chr7_100975488_A_G_b38_A" "chr7_100975492_A_T_b38_A"
[1125] "chr7_100975493_G_A_b38_G" "chr7_100975503_A_G_b38_A"
[1127] "chr7_100975566_A_G_b38_A" "chr7_100975606_G_A_b38_G"
[1129] "chr7_100975654_G_A_b38_G" "chr7_100975727_T_C_b38_T"
[1131] "chr7_100975738_G_T_b38_G" "chr7_100975795_T_G_b38_T"
[1133] "chr7_100975857_C_G_b38_C" "chr7_100975881_T_C_b38_T"
[1135] "chr7_100975883_G_C_b38_G" "chr7_100975906_T_C_b38_T"
[1137] "chr7_100975908_A_G_b38_A" "chr7_100975911_A_T_b38_A"
[1139] "chr7_100975912_T_A_b38_T" "chr7_100975924_A_G_b38_A"
[1141] "chr7_100975931_A_C_b38_A" "chr7_100975938_A_C_b38_A"
[1143] "chr7_100975947_A_C_b38_A" "chr7_100975964_T_C_b38_T"
[1145] "chr7_100975982_A_G_b38_A" "chr7_100976032_C_T_b38_C"
[1147] "chr7_100976034_G_A_b38_G" "chr7_100976058_G_A_b38_G"
[1149] "chr7_100976069_A_G_b38_A" "chr7_100976070_T_C_b38_T"
[1151] "chr7_100976072_G_A_b38_G" "chr7_100976076_G_C_b38_G"
[1153] "chr7_101000086_C_T_b38_C" "chr7_101000196_A_C_b38_A"
[1155] "chr7_101000313_T_A_b38_T" "chr7_101000551_C_G_b38_C"
[1157] "chr7_101000562_G_A_b38_G" "chr7_101000595_C_T_b38_C"
[1159] "chr7_101150398_C_A_b38_C" "chr7_101150404_G_A_b38_G"
[1161] "chr7_101150411_G_A_b38_G" "chr7_101150424_G_A_b38_G"
[1163] "chr7_101150459_G_A_b38_G" "chr7_101192011_G_C_b38_G"
[1165] "chr7_101265498_T_C_b38_T" "chr7_101265624_G_A_b38_G"
[1167] "chr7_101265631_C_T_b38_C" "chr7_101265657_G_A_b38_G"
[1169] "chr7_101266299_T_C_b38_T" "chr7_101266301_C_G_b38_C"
[1171] "chr7_101266303_A_G_b38_A" "chr7_101266305_A_G_b38_A"
[1173] "chr7_101266318_C_T_b38_C" "chr7_101266320_C_A_b38_C"
[1175] "chr7_101269956_G_A_b38_G" "chr7_101269962_C_T_b38_C"
[1177] "chr7_101281998_T_C_b38_T" "chr7_101282018_G_A_b38_G"
[1179] "chr7_101282019_C_T_b38_C" "chr7_101282100_T_A_b38_T"
[1181] "chr7_101282101_A_G_b38_A" "chr7_101282104_C_A_b38_C"
[1183] "chr7_101282108_G_A_b38_G" "chr7_101282110_T_G_b38_T"
[1185] "chr7_101282119_G_A_b38_G" "chr7_101282131_G_C_b38_G"
[1187] "chr7_101282135_C_T_b38_C" "chr7_101282142_T_C_b38_T"
[1189] "chr7_101282150_C_T_b38_C" "chr7_101282152_T_C_b38_T"
[1191] "chr7_101282190_A_G_b38_A" "chr7_101282196_C_T_b38_C"
[1193] "chr7_101282197_G_T_b38_G" "chr7_101282200_A_C_b38_A"
[1195] "chr7_101282202_A_G_b38_A" "chr7_101282206_T_G_b38_T"
[1197] "chr7_101282215_G_A_b38_G" "chr7_101282218_A_G_b38_A"
[1199] "chr7_101282219_C_T_b38_C" "chr7_101341998_T_C_b38_T"
[1201] "chr7_101443226_G_C_b38_G" "chr7_101444210_G_T_b38_G"
[1203] "chr7_101444278_A_G_b38_A" "chr7_101444651_G_C_b38_G"
[1205] "chr7_101447213_T_A_b38_T" "chr7_101448189_G_A_b38_G"
[1207] "chr7_101482437_G_A_b38_G" "chr7_101499978_G_C_b38_G"
[1209] "chr7_101502766_C_A_b38_C" "chr7_101506422_G_C_b38_G"
[1211] "chr7_101506625_A_G_b38_A" "chr7_101507555_G_A_b38_G"
[1213] "chr7_101664452_G_C_b38_G" "chr7_101716674_G_A_b38_G"
[1215] "chr7_101716675_A_C_b38_A" "chr7_101716685_A_T_b38_A"
49 SNP(s) removed because HWE P < 1e-08 :
 [1] "chr19_51083323_T_G_b38_T" "chr19_51107599_A_G_b38_A"
 [3] "chr19_51107741_T_G_b38_T" "chr19_51108006_G_A_b38_G"
 [5] "chr19_51116302_T_C_b38_T" "chr19_51120922_T_G_b38_T"
 [7] "chr19_51121015_T_G_b38_T" "chr19_51121279_T_C_b38_T"
 [9] "chr19_51121832_A_C_b38_A" "chr19_51121942_T_C_b38_T"
[11] "chr19_51122379_A_G_b38_A" "chr19_51122568_A_G_b38_A"
[13] "chr19_51122642_G_C_b38_G" "chr19_51123685_A_G_b38_A"
[15] "chr19_51136723_A_G_b38_A" "chr19_51172375_T_C_b38_T"
[17] "chr19_51173311_A_G_b38_A" "chr19_51173876_T_C_b38_T"
[19] "chr19_51184134_C_T_b38_C" "chr19_51201503_A_G_b38_A"
[21] "chr19_51208344_T_C_b38_T" "chr19_51208365_C_T_b38_C"
[23] "chr19_51212754_T_C_b38_T" "chr19_51235665_T_C_b38_T"
[25] "chr19_51251278_A_C_b38_A" "chr19_51280161_A_G_b38_A"
[27] "chr19_51280387_C_T_b38_C" "chr19_51281207_G_A_b38_G"
[29] "chr19_51282770_C_G_b38_C" "chr19_51283428_T_C_b38_T"
[31] "chr19_51284112_C_T_b38_C" "chr19_51284184_A_C_b38_A"
[33] "chr19_51285176_C_A_b38_C" "chr19_51285861_G_A_b38_G"
[35] "chr19_51287738_T_C_b38_T" "chr19_51290510_A_C_b38_A"
[37] "chr19_51291857_T_G_b38_T" "chr19_51293045_T_C_b38_T"
[39] "chr19_51298175_C_T_b38_C" "chr19_51358092_C_G_b38_C"
[41] "chr19_51447917_C_T_b38_C" "chr19_51447928_A_G_b38_A"
[43] "chr19_51448049_T_G_b38_T" "chr19_51457686_A_G_b38_A"
[45] "chr19_51780129_T_C_b38_T" "chr19_51780359_A_G_b38_A"
[47] "chr19_51848424_G_A_b38_G" "chr19_51875933_G_A_b38_G"
[49] "chr19_51876393_G_A_b38_G"
15 SNP(s) removed because HWE P < 1e-08 :
 [1] "chr10_37898700_A_G_b38_A" "chr10_38254544_A_G_b38_A"
 [3] "chr10_38254703_T_G_b38_T" "chr10_38276241_G_A_b38_G"
 [5] "chr10_38308207_T_C_b38_T" "chr10_38308235_T_G_b38_T"
 [7] "chr10_38308510_C_T_b38_C" "chr10_38308613_T_C_b38_T"
 [9] "chr10_38322010_G_A_b38_G" "chr10_38356415_C_T_b38_C"
[11] "chr10_38392290_A_G_b38_A" "chr10_38450877_T_C_b38_T"
[13] "chr10_38450879_C_T_b38_C" "chr10_38450881_C_A_b38_C"
[15] "chr10_38450966_C_G_b38_C"
33 SNP(s) removed because HWE P < 1e-08 :
 [1] "chr9_113622506_T_G_b38_T" "chr9_113798945_T_C_b38_T"
 [3] "chr9_113803910_A_G_b38_A" "chr9_113842062_A_T_b38_A"
 [5] "chr9_113884776_G_C_b38_G" "chr9_114054536_G_A_b38_G"
 [7] "chr9_114134176_G_C_b38_G" "chr9_114206721_T_C_b38_T"
 [9] "chr9_114234253_T_C_b38_T" "chr9_114236027_A_G_b38_A"
[11] "chr9_114330086_A_C_b38_A" "chr9_114331920_C_T_b38_C"
[13] "chr9_114332005_A_G_b38_A" "chr9_114335395_G_T_b38_G"
[15] "chr9_114335544_G_A_b38_G" "chr9_114337017_A_C_b38_A"
[17] "chr9_114337021_A_C_b38_A" "chr9_114341853_C_T_b38_C"
[19] "chr9_114342734_T_C_b38_T" "chr9_114344242_A_G_b38_A"
[21] "chr9_114346192_C_T_b38_C" "chr9_114346385_T_C_b38_T"
[23] "chr9_114346994_A_C_b38_A" "chr9_114347154_G_C_b38_G"
[25] "chr9_114347461_T_G_b38_T" "chr9_114347832_T_C_b38_T"
[27] "chr9_114349427_A_G_b38_A" "chr9_114350353_T_C_b38_T"
[29] "chr9_114350604_C_G_b38_C" "chr9_114350606_T_G_b38_T"
[31] "chr9_114355301_A_G_b38_A" "chr9_114355466_T_C_b38_T"
[33] "chr9_114356750_G_C_b38_G"
56 SNP(s) removed because HWE P < 1e-08 :
 [1] "chr13_20080470_T_C_b38_T" "chr13_20083048_T_G_b38_T"
 [3] "chr13_20083146_T_G_b38_T" "chr13_20083172_C_G_b38_C"
 [5] "chr13_20135370_C_T_b38_C" "chr13_20175028_T_C_b38_T"
 [7] "chr13_20179662_A_G_b38_A" "chr13_20180707_C_T_b38_C"
 [9] "chr13_20180708_C_G_b38_C" "chr13_20180797_C_T_b38_C"
[11] "chr13_20180856_A_G_b38_A" "chr13_20181214_A_G_b38_A"
[13] "chr13_20183764_C_T_b38_C" "chr13_20184626_A_G_b38_A"
[15] "chr13_20184658_G_A_b38_G" "chr13_20190801_C_T_b38_C"
[17] "chr13_20191991_G_A_b38_G" "chr13_20193129_T_C_b38_T"
[19] "chr13_20193244_A_G_b38_A" "chr13_20201429_G_C_b38_G"
[21] "chr13_20336763_A_G_b38_A" "chr13_20399776_T_C_b38_T"
[23] "chr13_20478357_C_T_b38_C" "chr13_20483636_C_A_b38_C"
[25] "chr13_20486072_C_T_b38_C" "chr13_20486468_A_C_b38_A"
[27] "chr13_20498377_C_T_b38_C" "chr13_20498955_C_G_b38_C"
[29] "chr13_20499094_A_G_b38_A" "chr13_20499188_A_T_b38_A"
[31] "chr13_20499659_A_C_b38_A" "chr13_20499661_A_C_b38_A"
[33] "chr13_20500467_A_T_b38_A" "chr13_20500487_A_G_b38_A"
[35] "chr13_20500841_A_C_b38_A" "chr13_20501014_C_T_b38_C"
[37] "chr13_20501295_G_C_b38_G" "chr13_20501575_T_C_b38_T"
[39] "chr13_20501674_T_C_b38_T" "chr13_20501852_G_C_b38_G"
[41] "chr13_20502995_A_G_b38_A" "chr13_20512419_T_C_b38_T"
[43] "chr13_20519749_T_C_b38_T" "chr13_20534802_G_A_b38_G"
[45] "chr13_20538598_G_A_b38_G" "chr13_20543053_C_G_b38_C"
[47] "chr13_20544582_A_C_b38_A" "chr13_20546280_C_T_b38_C"
[49] "chr13_20930934_C_T_b38_C" "chr13_20932196_C_G_b38_C"
[51] "chr13_20933551_T_C_b38_T" "chr13_20936517_G_A_b38_G"
[53] "chr13_20937074_C_T_b38_C" "chr13_20943780_G_A_b38_G"
[55] "chr13_20947993_C_T_b38_C" "chr13_20964081_A_G_b38_A"
20 SNP(s) removed because HWE P < 1e-08 :
 [1] "chr17_35379518_A_C_b38_A" "chr17_35442015_G_A_b38_G"
 [3] "chr17_35996816_T_G_b38_T" "chr17_36082933_C_A_b38_C"
 [5] "chr17_36083801_G_C_b38_G" "chr17_36083900_T_A_b38_T"
 [7] "chr17_36109988_G_T_b38_G" "chr17_36111300_G_A_b38_G"
 [9] "chr17_36112019_G_A_b38_G" "chr17_36114883_G_A_b38_G"
[11] "chr17_36152807_C_A_b38_C" "chr17_36160669_C_T_b38_C"
[13] "chr17_36161464_T_G_b38_T" "chr17_36163152_C_T_b38_C"
[15] "chr17_36163256_C_T_b38_C" "chr17_36164185_C_T_b38_C"
[17] "chr17_36165283_A_G_b38_A" "chr17_36165307_T_G_b38_T"
[19] "chr17_36229227_G_A_b38_G" "chr17_36229290_G_T_b38_G"
32 SNP(s) removed because HWE P < 1e-08 :
 [1] "chr19_17504800_T_C_b38_T" "chr19_17504915_T_C_b38_T"
 [3] "chr19_17583443_G_T_b38_G" "chr19_17666011_C_T_b38_C"
 [5] "chr19_17666078_T_C_b38_T" "chr19_17847808_C_T_b38_C"
 [7] "chr19_17847968_T_C_b38_T" "chr19_17901200_G_T_b38_G"
 [9] "chr19_17908396_T_C_b38_T" "chr19_17924720_G_T_b38_G"
[11] "chr19_17928630_T_C_b38_T" "chr19_18036796_G_A_b38_G"
[13] "chr19_18037080_A_T_b38_A" "chr19_18037381_T_C_b38_T"
[15] "chr19_18037783_T_C_b38_T" "chr19_18039165_G_A_b38_G"
[17] "chr19_18039479_C_T_b38_C" "chr19_18039995_T_C_b38_T"
[19] "chr19_18040092_T_C_b38_T" "chr19_18040429_G_T_b38_G"
[21] "chr19_18040432_G_T_b38_G" "chr19_18042127_C_T_b38_C"
[23] "chr19_18042885_A_G_b38_A" "chr19_18043992_G_C_b38_G"
[25] "chr19_18044231_C_G_b38_C" "chr19_18044266_G_C_b38_G"
[27] "chr19_18251693_G_C_b38_G" "chr19_18260387_C_T_b38_C"
[29] "chr19_18262150_C_G_b38_C" "chr19_18265699_G_A_b38_G"
[31] "chr19_18265970_T_C_b38_T" "chr19_18267871_C_A_b38_C"
49 SNP(s) removed because HWE P < 1e-08 :
 [1] "chr19_51083323_T_G_b38_T" "chr19_51107599_A_G_b38_A"
 [3] "chr19_51107741_T_G_b38_T" "chr19_51108006_G_A_b38_G"
 [5] "chr19_51116302_T_C_b38_T" "chr19_51120922_T_G_b38_T"
 [7] "chr19_51121015_T_G_b38_T" "chr19_51121279_T_C_b38_T"
 [9] "chr19_51121832_A_C_b38_A" "chr19_51121942_T_C_b38_T"
[11] "chr19_51122379_A_G_b38_A" "chr19_51122568_A_G_b38_A"
[13] "chr19_51122642_G_C_b38_G" "chr19_51123685_A_G_b38_A"
[15] "chr19_51136723_A_G_b38_A" "chr19_51172375_T_C_b38_T"
[17] "chr19_51173311_A_G_b38_A" "chr19_51173876_T_C_b38_T"
[19] "chr19_51184134_C_T_b38_C" "chr19_51201503_A_G_b38_A"
[21] "chr19_51208344_T_C_b38_T" "chr19_51208365_C_T_b38_C"
[23] "chr19_51212754_T_C_b38_T" "chr19_51235665_T_C_b38_T"
[25] "chr19_51251278_A_C_b38_A" "chr19_51280161_A_G_b38_A"
[27] "chr19_51280387_C_T_b38_C" "chr19_51281207_G_A_b38_G"
[29] "chr19_51282770_C_G_b38_C" "chr19_51283428_T_C_b38_T"
[31] "chr19_51284112_C_T_b38_C" "chr19_51284184_A_C_b38_A"
[33] "chr19_51285176_C_A_b38_C" "chr19_51285861_G_A_b38_G"
[35] "chr19_51287738_T_C_b38_T" "chr19_51290510_A_C_b38_A"
[37] "chr19_51291857_T_G_b38_T" "chr19_51293045_T_C_b38_T"
[39] "chr19_51298175_C_T_b38_C" "chr19_51358092_C_G_b38_C"
[41] "chr19_51447917_C_T_b38_C" "chr19_51447928_A_G_b38_A"
[43] "chr19_51448049_T_G_b38_T" "chr19_51457686_A_G_b38_A"
[45] "chr19_51780129_T_C_b38_T" "chr19_51780359_A_G_b38_A"
[47] "chr19_51848424_G_A_b38_G" "chr19_51875933_G_A_b38_G"
[49] "chr19_51876393_G_A_b38_G"
49 SNP(s) removed because HWE P < 1e-08 :
 [1] "chr19_51083323_T_G_b38_T" "chr19_51107599_A_G_b38_A"
 [3] "chr19_51107741_T_G_b38_T" "chr19_51108006_G_A_b38_G"
 [5] "chr19_51116302_T_C_b38_T" "chr19_51120922_T_G_b38_T"
 [7] "chr19_51121015_T_G_b38_T" "chr19_51121279_T_C_b38_T"
 [9] "chr19_51121832_A_C_b38_A" "chr19_51121942_T_C_b38_T"
[11] "chr19_51122379_A_G_b38_A" "chr19_51122568_A_G_b38_A"
[13] "chr19_51122642_G_C_b38_G" "chr19_51123685_A_G_b38_A"
[15] "chr19_51136723_A_G_b38_A" "chr19_51172375_T_C_b38_T"
[17] "chr19_51173311_A_G_b38_A" "chr19_51173876_T_C_b38_T"
[19] "chr19_51184134_C_T_b38_C" "chr19_51201503_A_G_b38_A"
[21] "chr19_51208344_T_C_b38_T" "chr19_51208365_C_T_b38_C"
[23] "chr19_51212754_T_C_b38_T" "chr19_51235665_T_C_b38_T"
[25] "chr19_51251278_A_C_b38_A" "chr19_51280161_A_G_b38_A"
[27] "chr19_51280387_C_T_b38_C" "chr19_51281207_G_A_b38_G"
[29] "chr19_51282770_C_G_b38_C" "chr19_51283428_T_C_b38_T"
[31] "chr19_51284112_C_T_b38_C" "chr19_51284184_A_C_b38_A"
[33] "chr19_51285176_C_A_b38_C" "chr19_51285861_G_A_b38_G"
[35] "chr19_51287738_T_C_b38_T" "chr19_51290510_A_C_b38_A"
[37] "chr19_51291857_T_G_b38_T" "chr19_51293045_T_C_b38_T"
[39] "chr19_51298175_C_T_b38_C" "chr19_51358092_C_G_b38_C"
[41] "chr19_51447917_C_T_b38_C" "chr19_51447928_A_G_b38_A"
[43] "chr19_51448049_T_G_b38_T" "chr19_51457686_A_G_b38_A"
[45] "chr19_51780129_T_C_b38_T" "chr19_51780359_A_G_b38_A"
[47] "chr19_51848424_G_A_b38_G" "chr19_51875933_G_A_b38_G"
[49] "chr19_51876393_G_A_b38_G"
32 SNP(s) removed because HWE P < 1e-08 :
 [1] "chr19_17504800_T_C_b38_T" "chr19_17504915_T_C_b38_T"
 [3] "chr19_17583443_G_T_b38_G" "chr19_17666011_C_T_b38_C"
 [5] "chr19_17666078_T_C_b38_T" "chr19_17847808_C_T_b38_C"
 [7] "chr19_17847968_T_C_b38_T" "chr19_17901200_G_T_b38_G"
 [9] "chr19_17908396_T_C_b38_T" "chr19_17924720_G_T_b38_G"
[11] "chr19_17928630_T_C_b38_T" "chr19_18036796_G_A_b38_G"
[13] "chr19_18037080_A_T_b38_A" "chr19_18037381_T_C_b38_T"
[15] "chr19_18037783_T_C_b38_T" "chr19_18039165_G_A_b38_G"
[17] "chr19_18039479_C_T_b38_C" "chr19_18039995_T_C_b38_T"
[19] "chr19_18040092_T_C_b38_T" "chr19_18040429_G_T_b38_G"
[21] "chr19_18040432_G_T_b38_G" "chr19_18042127_C_T_b38_C"
[23] "chr19_18042885_A_G_b38_A" "chr19_18043992_G_C_b38_G"
[25] "chr19_18044231_C_G_b38_C" "chr19_18044266_G_C_b38_G"
[27] "chr19_18251693_G_C_b38_G" "chr19_18260387_C_T_b38_C"
[29] "chr19_18262150_C_G_b38_C" "chr19_18265699_G_A_b38_G"
[31] "chr19_18265970_T_C_b38_T" "chr19_18267871_C_A_b38_C"
114 SNP(s) removed because HWE P < 1e-08 :
  [1] "chr4_3868541_C_A_b38_C" "chr4_3868607_C_T_b38_C" "chr4_3869506_A_G_b38_A"
  [4] "chr4_3869707_T_C_b38_T" "chr4_3869820_A_G_b38_A" "chr4_3870048_G_T_b38_G"
  [7] "chr4_3870661_T_C_b38_T" "chr4_3870845_C_A_b38_C" "chr4_3871023_G_A_b38_G"
 [10] "chr4_3871181_A_T_b38_A" "chr4_3871417_C_A_b38_C" "chr4_3871737_G_A_b38_G"
 [13] "chr4_3872325_C_T_b38_C" "chr4_3873209_G_A_b38_G" "chr4_3873714_C_T_b38_C"
 [16] "chr4_3874276_C_G_b38_C" "chr4_3875093_A_T_b38_A" "chr4_3875520_G_T_b38_G"
 [19] "chr4_3875565_T_A_b38_T" "chr4_3875594_A_C_b38_A" "chr4_3875608_A_G_b38_A"
 [22] "chr4_3875733_A_G_b38_A" "chr4_3875787_A_G_b38_A" "chr4_3876188_A_G_b38_A"
 [25] "chr4_3876900_A_G_b38_A" "chr4_3877713_C_T_b38_C" "chr4_3877800_G_A_b38_G"
 [28] "chr4_3877892_T_C_b38_T" "chr4_3878103_A_C_b38_A" "chr4_3878582_T_G_b38_T"
 [31] "chr4_3878606_T_C_b38_T" "chr4_3878723_G_T_b38_G" "chr4_3879249_C_T_b38_C"
 [34] "chr4_3879251_G_T_b38_G" "chr4_3879614_G_T_b38_G" "chr4_3879741_C_T_b38_C"
 [37] "chr4_3881295_T_C_b38_T" "chr4_3882176_T_C_b38_T" "chr4_3882225_G_A_b38_G"
 [40] "chr4_3883461_T_C_b38_T" "chr4_3901409_T_C_b38_T" "chr4_3901416_G_A_b38_G"
 [43] "chr4_3901459_G_A_b38_G" "chr4_4019678_T_A_b38_T" "chr4_4019687_A_T_b38_A"
 [46] "chr4_4019704_A_G_b38_A" "chr4_4019717_C_T_b38_C" "chr4_4019731_T_C_b38_T"
 [49] "chr4_4019768_C_T_b38_C" "chr4_4019809_A_T_b38_A" "chr4_4019813_G_C_b38_G"
 [52] "chr4_4019814_G_A_b38_G" "chr4_4019866_T_A_b38_T" "chr4_4021012_G_A_b38_G"
 [55] "chr4_4021060_C_G_b38_C" "chr4_4021071_G_A_b38_G" "chr4_4021074_A_G_b38_A"
 [58] "chr4_4021081_C_T_b38_C" "chr4_4021094_T_C_b38_T" "chr4_4021115_C_T_b38_C"
 [61] "chr4_4049222_C_T_b38_C" "chr4_4049292_T_G_b38_T" "chr4_4059721_C_T_b38_C"
 [64] "chr4_4064318_G_A_b38_G" "chr4_4066400_A_G_b38_A" "chr4_4066615_A_G_b38_A"
 [67] "chr4_4066623_A_T_b38_A" "chr4_4068527_C_T_b38_C" "chr4_4069470_C_T_b38_C"
 [70] "chr4_4069471_A_G_b38_A" "chr4_4070235_A_T_b38_A" "chr4_4073777_C_T_b38_C"
 [73] "chr4_4077272_A_T_b38_A" "chr4_4077345_C_T_b38_C" "chr4_4077428_C_G_b38_C"
 [76] "chr4_4078220_A_C_b38_A" "chr4_4078228_T_A_b38_T" "chr4_4078530_G_C_b38_G"
 [79] "chr4_4080615_T_C_b38_T" "chr4_4082955_T_C_b38_T" "chr4_4083235_C_G_b38_C"
 [82] "chr4_4083875_A_G_b38_A" "chr4_4084323_A_T_b38_A" "chr4_4084561_C_T_b38_C"
 [85] "chr4_4172921_A_G_b38_A" "chr4_4252696_T_C_b38_T" "chr4_4252698_C_T_b38_C"
 [88] "chr4_4266655_G_A_b38_G" "chr4_4276582_T_C_b38_T" "chr4_4291406_T_A_b38_T"
 [91] "chr4_4291827_C_T_b38_C" "chr4_4298683_A_C_b38_A" "chr4_4328274_C_G_b38_C"
 [94] "chr4_4407557_A_C_b38_A" "chr4_4408280_C_T_b38_C" "chr4_4408862_G_A_b38_G"
 [97] "chr4_4424027_A_G_b38_A" "chr4_4426772_A_C_b38_A" "chr4_4426889_T_C_b38_T"
[100] "chr4_4426986_A_G_b38_A" "chr4_4427034_T_C_b38_T" "chr4_4474859_T_C_b38_T"
[103] "chr4_4474915_T_C_b38_T" "chr4_4478084_G_A_b38_G" "chr4_4551286_G_A_b38_G"
[106] "chr4_4551310_A_G_b38_A" "chr4_4551534_T_G_b38_T" "chr4_4551535_T_C_b38_T"
[109] "chr4_4552016_T_C_b38_T" "chr4_4566241_A_C_b38_A" "chr4_4610882_G_C_b38_G"
[112] "chr4_4613137_G_A_b38_G" "chr4_4643489_G_A_b38_G" "chr4_4688852_T_C_b38_T"
31 SNP(s) removed because HWE P < 1e-08 :
 [1] "chr5_178463611_T_C_b38_T" "chr5_178469651_C_T_b38_C"
 [3] "chr5_178472177_C_T_b38_C" "chr5_178553652_C_G_b38_C"
 [5] "chr5_178578116_T_C_b38_T" "chr5_178579996_G_A_b38_G"
 [7] "chr5_178588834_T_C_b38_T" "chr5_178595780_C_T_b38_C"
 [9] "chr5_178597599_C_G_b38_C" "chr5_178669519_A_C_b38_A"
[11] "chr5_178692253_G_A_b38_G" "chr5_178781346_C_G_b38_C"
[13] "chr5_178781360_G_C_b38_G" "chr5_178838920_G_A_b38_G"
[15] "chr5_178995825_A_G_b38_A" "chr5_178995828_G_C_b38_G"
[17] "chr5_179125955_T_C_b38_T" "chr5_179197100_C_T_b38_C"
[19] "chr5_179199608_G_C_b38_G" "chr5_179246914_T_C_b38_T"
[21] "chr5_179246987_T_C_b38_T" "chr5_179248064_G_A_b38_G"
[23] "chr5_179252389_T_A_b38_T" "chr5_179253340_G_T_b38_G"
[25] "chr5_179254210_C_T_b38_C" "chr5_179254855_G_A_b38_G"
[27] "chr5_179255208_C_T_b38_C" "chr5_179279120_T_C_b38_T"
[29] "chr5_179280638_G_C_b38_G" "chr5_179280710_G_A_b38_G"
[31] "chr5_179321546_T_C_b38_T"
58 SNP(s) removed because HWE P < 1e-08 :
 [1] "chr11_73485383_T_C_b38_T" "chr11_73572465_C_T_b38_C"
 [3] "chr11_73637374_T_C_b38_T" "chr11_73638784_A_G_b38_A"
 [5] "chr11_73639315_G_A_b38_G" "chr11_73640030_G_A_b38_G"
 [7] "chr11_73641463_T_G_b38_T" "chr11_73641479_T_C_b38_T"
 [9] "chr11_73642143_C_T_b38_C" "chr11_73642323_C_T_b38_C"
[11] "chr11_73642432_T_C_b38_T" "chr11_73642456_G_T_b38_G"
[13] "chr11_73642460_C_T_b38_C" "chr11_73642462_A_G_b38_A"
[15] "chr11_73642523_A_G_b38_A" "chr11_73642546_T_C_b38_T"
[17] "chr11_73642590_A_G_b38_A" "chr11_73643561_T_G_b38_T"
[19] "chr11_73643687_C_T_b38_C" "chr11_73643855_T_C_b38_T"
[21] "chr11_73644049_T_C_b38_T" "chr11_73644533_G_A_b38_G"
[23] "chr11_73645833_G_C_b38_G" "chr11_73646028_A_T_b38_A"
[25] "chr11_73646134_G_A_b38_G" "chr11_73646136_A_C_b38_A"
[27] "chr11_73647129_A_C_b38_A" "chr11_73647994_T_C_b38_T"
[29] "chr11_73648016_T_C_b38_T" "chr11_73648191_C_T_b38_C"
[31] "chr11_73648682_A_G_b38_A" "chr11_73648757_C_G_b38_C"
[33] "chr11_73649217_T_C_b38_T" "chr11_73649245_C_T_b38_C"
[35] "chr11_73649553_G_A_b38_G" "chr11_73649716_A_G_b38_A"
[37] "chr11_73650220_C_G_b38_C" "chr11_73651398_C_T_b38_C"
[39] "chr11_74011464_A_G_b38_A" "chr11_74011576_A_T_b38_A"
[41] "chr11_74020203_A_G_b38_A" "chr11_74023161_T_C_b38_T"
[43] "chr11_74024179_C_T_b38_C" "chr11_74029119_G_A_b38_G"
[45] "chr11_74030354_T_C_b38_T" "chr11_74034102_A_G_b38_A"
[47] "chr11_74035244_A_G_b38_A" "chr11_74035402_G_A_b38_G"
[49] "chr11_74041746_A_C_b38_A" "chr11_74045144_C_T_b38_C"
[51] "chr11_74049641_A_G_b38_A" "chr11_74053034_A_C_b38_A"
[53] "chr11_74054407_T_A_b38_T" "chr11_74055741_A_G_b38_A"
[55] "chr11_74059027_C_T_b38_C" "chr11_74059250_C_A_b38_C"
[57] "chr11_74060714_C_T_b38_C" "chr11_74066214_A_G_b38_A"
49 SNP(s) removed because HWE P < 1e-08 :
 [1] "chr19_51083323_T_G_b38_T" "chr19_51107599_A_G_b38_A"
 [3] "chr19_51107741_T_G_b38_T" "chr19_51108006_G_A_b38_G"
 [5] "chr19_51116302_T_C_b38_T" "chr19_51120922_T_G_b38_T"
 [7] "chr19_51121015_T_G_b38_T" "chr19_51121279_T_C_b38_T"
 [9] "chr19_51121832_A_C_b38_A" "chr19_51121942_T_C_b38_T"
[11] "chr19_51122379_A_G_b38_A" "chr19_51122568_A_G_b38_A"
[13] "chr19_51122642_G_C_b38_G" "chr19_51123685_A_G_b38_A"
[15] "chr19_51136723_A_G_b38_A" "chr19_51172375_T_C_b38_T"
[17] "chr19_51173311_A_G_b38_A" "chr19_51173876_T_C_b38_T"
[19] "chr19_51184134_C_T_b38_C" "chr19_51201503_A_G_b38_A"
[21] "chr19_51208344_T_C_b38_T" "chr19_51208365_C_T_b38_C"
[23] "chr19_51212754_T_C_b38_T" "chr19_51235665_T_C_b38_T"
[25] "chr19_51251278_A_C_b38_A" "chr19_51280161_A_G_b38_A"
[27] "chr19_51280387_C_T_b38_C" "chr19_51281207_G_A_b38_G"
[29] "chr19_51282770_C_G_b38_C" "chr19_51283428_T_C_b38_T"
[31] "chr19_51284112_C_T_b38_C" "chr19_51284184_A_C_b38_A"
[33] "chr19_51285176_C_A_b38_C" "chr19_51285861_G_A_b38_G"
[35] "chr19_51287738_T_C_b38_T" "chr19_51290510_A_C_b38_A"
[37] "chr19_51291857_T_G_b38_T" "chr19_51293045_T_C_b38_T"
[39] "chr19_51298175_C_T_b38_C" "chr19_51358092_C_G_b38_C"
[41] "chr19_51447917_C_T_b38_C" "chr19_51447928_A_G_b38_A"
[43] "chr19_51448049_T_G_b38_T" "chr19_51457686_A_G_b38_A"
[45] "chr19_51780129_T_C_b38_T" "chr19_51780359_A_G_b38_A"
[47] "chr19_51848424_G_A_b38_G" "chr19_51875933_G_A_b38_G"
[49] "chr19_51876393_G_A_b38_G"
31 SNP(s) removed because HWE P < 1e-08 :
 [1] "chr5_178463611_T_C_b38_T" "chr5_178469651_C_T_b38_C"
 [3] "chr5_178472177_C_T_b38_C" "chr5_178553652_C_G_b38_C"
 [5] "chr5_178578116_T_C_b38_T" "chr5_178579996_G_A_b38_G"
 [7] "chr5_178588834_T_C_b38_T" "chr5_178595780_C_T_b38_C"
 [9] "chr5_178597599_C_G_b38_C" "chr5_178669519_A_C_b38_A"
[11] "chr5_178692253_G_A_b38_G" "chr5_178781346_C_G_b38_C"
[13] "chr5_178781360_G_C_b38_G" "chr5_178838920_G_A_b38_G"
[15] "chr5_178995825_A_G_b38_A" "chr5_178995828_G_C_b38_G"
[17] "chr5_179125955_T_C_b38_T" "chr5_179197100_C_T_b38_C"
[19] "chr5_179199608_G_C_b38_G" "chr5_179246914_T_C_b38_T"
[21] "chr5_179246987_T_C_b38_T" "chr5_179248064_G_A_b38_G"
[23] "chr5_179252389_T_A_b38_T" "chr5_179253340_G_T_b38_G"
[25] "chr5_179254210_C_T_b38_C" "chr5_179254855_G_A_b38_G"
[27] "chr5_179255208_C_T_b38_C" "chr5_179279120_T_C_b38_T"
[29] "chr5_179280638_G_C_b38_G" "chr5_179280710_G_A_b38_G"
[31] "chr5_179321546_T_C_b38_T"
56 SNP(s) removed because HWE P < 1e-08 :
 [1] "chr2_234571796_G_C_b38_G" "chr2_234679043_G_T_b38_G"
 [3] "chr2_234679188_T_C_b38_T" "chr2_234758936_C_T_b38_C"
 [5] "chr2_234758982_T_C_b38_T" "chr2_234760203_A_G_b38_A"
 [7] "chr2_234760375_C_T_b38_C" "chr2_234888396_A_G_b38_A"
 [9] "chr2_234888758_T_C_b38_T" "chr2_234894832_A_C_b38_A"
[11] "chr2_234894910_G_A_b38_G" "chr2_234894973_T_C_b38_T"
[13] "chr2_234895017_A_G_b38_A" "chr2_234895077_T_C_b38_T"
[15] "chr2_234895138_G_A_b38_G" "chr2_234895180_T_G_b38_T"
[17] "chr2_234895243_G_C_b38_G" "chr2_234895404_A_G_b38_A"
[19] "chr2_234895495_A_G_b38_A" "chr2_234895594_G_T_b38_G"
[21] "chr2_234895605_G_A_b38_G" "chr2_234895717_A_C_b38_A"
[23] "chr2_234895726_G_A_b38_G" "chr2_234895744_C_T_b38_C"
[25] "chr2_234895756_C_A_b38_C" "chr2_234895848_T_A_b38_T"
[27] "chr2_234895974_C_T_b38_C" "chr2_234895996_G_A_b38_G"
[29] "chr2_234896107_C_G_b38_C" "chr2_234896219_G_C_b38_G"
[31] "chr2_234896302_G_C_b38_G" "chr2_234896331_A_G_b38_A"
[33] "chr2_235001953_C_T_b38_C" "chr2_235013109_C_A_b38_C"
[35] "chr2_235013502_C_T_b38_C" "chr2_235014147_A_G_b38_A"
[37] "chr2_235014329_G_T_b38_G" "chr2_235016380_G_A_b38_G"
[39] "chr2_235017019_T_C_b38_T" "chr2_235018342_C_T_b38_C"
[41] "chr2_235031472_C_T_b38_C" "chr2_235062147_T_G_b38_T"
[43] "chr2_235255566_C_A_b38_C" "chr2_235294463_A_G_b38_A"
[45] "chr2_235316147_T_C_b38_T" "chr2_235374434_A_G_b38_A"
[47] "chr2_235375213_T_C_b38_T" "chr2_235375341_T_C_b38_T"
[49] "chr2_235376857_G_A_b38_G" "chr2_235378897_A_T_b38_A"
[51] "chr2_235380311_G_A_b38_G" "chr2_235383464_G_A_b38_G"
[53] "chr2_235385818_T_C_b38_T" "chr2_235399509_A_G_b38_A"
[55] "chr2_235401021_T_A_b38_T" "chr2_235450334_T_C_b38_T"
15 SNP(s) removed because HWE P < 1e-08 :
 [1] "chr10_37898700_A_G_b38_A" "chr10_38254544_A_G_b38_A"
 [3] "chr10_38254703_T_G_b38_T" "chr10_38276241_G_A_b38_G"
 [5] "chr10_38308207_T_C_b38_T" "chr10_38308235_T_G_b38_T"
 [7] "chr10_38308510_C_T_b38_C" "chr10_38308613_T_C_b38_T"
 [9] "chr10_38322010_G_A_b38_G" "chr10_38356415_C_T_b38_C"
[11] "chr10_38392290_A_G_b38_A" "chr10_38450877_T_C_b38_T"
[13] "chr10_38450879_C_T_b38_C" "chr10_38450881_C_A_b38_C"
[15] "chr10_38450966_C_G_b38_C"
69 SNP(s) removed because HWE P < 1e-08 :
 [1] "chr8_81253423_T_C_b38_T" "chr8_81281143_C_T_b38_C"
 [3] "chr8_81289273_A_T_b38_A" "chr8_81297255_A_G_b38_A"
 [5] "chr8_81299436_C_T_b38_C" "chr8_81300344_T_C_b38_T"
 [7] "chr8_81325559_T_C_b38_T" "chr8_81327049_C_G_b38_C"
 [9] "chr8_81327156_T_G_b38_T" "chr8_81327252_A_G_b38_A"
[11] "chr8_81327333_T_C_b38_T" "chr8_81327394_A_G_b38_A"
[13] "chr8_81328362_A_G_b38_A" "chr8_81328531_C_A_b38_C"
[15] "chr8_81329064_T_A_b38_T" "chr8_81329094_T_G_b38_T"
[17] "chr8_81329957_C_T_b38_C" "chr8_81330786_A_G_b38_A"
[19] "chr8_81330873_T_C_b38_T" "chr8_81331043_A_C_b38_A"
[21] "chr8_81331131_T_C_b38_T" "chr8_81331608_C_T_b38_C"
[23] "chr8_81331614_C_T_b38_C" "chr8_81331709_T_G_b38_T"
[25] "chr8_81331864_A_G_b38_A" "chr8_81331877_C_T_b38_C"
[27] "chr8_81332098_G_A_b38_G" "chr8_81332283_A_G_b38_A"
[29] "chr8_81332524_C_T_b38_C" "chr8_81332904_A_T_b38_A"
[31] "chr8_81332906_C_T_b38_C" "chr8_81333125_G_A_b38_G"
[33] "chr8_81333194_G_T_b38_G" "chr8_81333216_T_C_b38_T"
[35] "chr8_81333791_C_T_b38_C" "chr8_81334313_T_C_b38_T"
[37] "chr8_81335686_A_G_b38_A" "chr8_81336303_C_T_b38_C"
[39] "chr8_81464464_C_T_b38_C" "chr8_81468508_A_T_b38_A"
[41] "chr8_81468888_A_G_b38_A" "chr8_81469332_T_C_b38_T"
[43] "chr8_81469415_G_A_b38_G" "chr8_81470506_G_A_b38_G"
[45] "chr8_81470621_C_T_b38_C" "chr8_81471159_T_G_b38_T"
[47] "chr8_81514819_A_C_b38_A" "chr8_81515555_C_T_b38_C"
[49] "chr8_81518769_T_C_b38_T" "chr8_81527961_G_T_b38_G"
[51] "chr8_81900677_A_T_b38_A" "chr8_81900680_C_T_b38_C"
[53] "chr8_81900761_G_T_b38_G" "chr8_81900762_G_A_b38_G"
[55] "chr8_81900773_G_A_b38_G" "chr8_81900776_G_T_b38_G"
[57] "chr8_81900779_T_C_b38_T" "chr8_81900782_C_T_b38_C"
[59] "chr8_81900783_T_C_b38_T" "chr8_81900784_G_A_b38_G"
[61] "chr8_81900789_T_C_b38_T" "chr8_81900796_C_G_b38_C"
[63] "chr8_81900800_G_C_b38_G" "chr8_82127185_G_A_b38_G"
[65] "chr8_82127192_C_G_b38_C" "chr8_82129772_G_C_b38_G"
[67] "chr8_82130336_C_T_b38_C" "chr8_82136891_C_T_b38_C"
[69] "chr8_82137774_C_G_b38_C"
37 SNP(s) removed because HWE P < 1e-08 :
 [1] "chr16_24109784_G_A_b38_G" "chr16_24227690_G_C_b38_G"
 [3] "chr16_24233628_G_C_b38_G" "chr16_24496566_C_T_b38_C"
 [5] "chr16_24496764_C_A_b38_C" "chr16_24499309_C_T_b38_C"
 [7] "chr16_24870481_A_C_b38_A" "chr16_24873006_G_A_b38_G"
 [9] "chr16_24884357_A_G_b38_A" "chr16_24917601_A_G_b38_A"
[11] "chr16_24917765_G_A_b38_G" "chr16_24917986_T_C_b38_T"
[13] "chr16_24919227_T_C_b38_T" "chr16_24920477_C_T_b38_C"
[15] "chr16_24920573_A_G_b38_A" "chr16_24921599_T_C_b38_T"
[17] "chr16_24923143_G_T_b38_G" "chr16_24924245_T_C_b38_T"
[19] "chr16_24924716_A_T_b38_A" "chr16_24925306_A_G_b38_A"
[21] "chr16_24927264_T_C_b38_T" "chr16_24932825_T_C_b38_T"
[23] "chr16_24940578_A_G_b38_A" "chr16_24943087_G_A_b38_G"
[25] "chr16_24943465_A_G_b38_A" "chr16_24945135_A_G_b38_A"
[27] "chr16_24945229_T_G_b38_T" "chr16_24945237_A_C_b38_A"
[29] "chr16_24947347_A_C_b38_A" "chr16_24947664_G_A_b38_G"
[31] "chr16_24948730_C_G_b38_C" "chr16_24950568_T_C_b38_T"
[33] "chr16_24952718_T_C_b38_T" "chr16_24953197_T_C_b38_T"
[35] "chr16_24953395_G_T_b38_G" "chr16_24953714_C_T_b38_C"
[37] "chr16_24955202_T_C_b38_T"
75 SNP(s) removed because HWE P < 1e-08 :
 [1] "chr20_33501177_C_A_b38_C" "chr20_33513354_T_G_b38_T"
 [3] "chr20_33536521_A_G_b38_A" "chr20_33542114_T_C_b38_T"
 [5] "chr20_33559426_A_G_b38_A" "chr20_33563069_G_A_b38_G"
 [7] "chr20_33573908_A_G_b38_A" "chr20_33574683_C_G_b38_C"
 [9] "chr20_33583954_A_G_b38_A" "chr20_33584987_A_T_b38_A"
[11] "chr20_33626964_T_A_b38_T" "chr20_33638201_T_C_b38_T"
[13] "chr20_33663590_A_G_b38_A" "chr20_33771037_A_G_b38_A"
[15] "chr20_33892488_G_A_b38_G" "chr20_33897029_T_C_b38_T"
[17] "chr20_33958100_G_A_b38_G" "chr20_34025688_A_T_b38_A"
[19] "chr20_34172811_C_T_b38_C" "chr20_34179145_A_G_b38_A"
[21] "chr20_34185699_G_C_b38_G" "chr20_34187310_G_A_b38_G"
[23] "chr20_34189818_C_G_b38_C" "chr20_34193857_T_G_b38_T"
[25] "chr20_34195324_G_T_b38_G" "chr20_34195326_T_C_b38_T"
[27] "chr20_34195681_G_T_b38_G" "chr20_34195790_T_G_b38_T"
[29] "chr20_34197406_C_G_b38_C" "chr20_34201489_T_C_b38_T"
[31] "chr20_34203442_A_G_b38_A" "chr20_34203598_C_T_b38_C"
[33] "chr20_34204302_C_A_b38_C" "chr20_34204408_G_C_b38_G"
[35] "chr20_34205673_C_G_b38_C" "chr20_34205694_T_C_b38_T"
[37] "chr20_34206029_G_A_b38_G" "chr20_34207914_T_C_b38_T"
[39] "chr20_34208916_A_T_b38_A" "chr20_34214609_C_G_b38_C"
[41] "chr20_34219085_A_G_b38_A" "chr20_34220006_C_T_b38_C"
[43] "chr20_34221501_G_C_b38_G" "chr20_34234244_T_C_b38_T"
[45] "chr20_34236578_C_T_b38_C" "chr20_34244325_C_T_b38_C"
[47] "chr20_34252688_A_G_b38_A" "chr20_34256882_G_T_b38_G"
[49] "chr20_34257230_T_C_b38_T" "chr20_34258230_A_G_b38_A"
[51] "chr20_34259639_G_A_b38_G" "chr20_34262569_T_C_b38_T"
[53] "chr20_34264739_T_C_b38_T" "chr20_34265913_G_T_b38_G"
[55] "chr20_34268635_T_C_b38_T" "chr20_34269192_A_G_b38_A"
[57] "chr20_34269451_T_C_b38_T" "chr20_34269637_A_G_b38_A"
[59] "chr20_34269799_T_C_b38_T" "chr20_34273002_G_A_b38_G"
[61] "chr20_34273201_G_A_b38_G" "chr20_34289056_T_A_b38_T"
[63] "chr20_34289960_C_T_b38_C" "chr20_34291914_A_T_b38_A"
[65] "chr20_34292932_G_A_b38_G" "chr20_34292956_C_T_b38_C"
[67] "chr20_34298620_T_G_b38_T" "chr20_34298970_C_G_b38_C"
[69] "chr20_34299057_G_A_b38_G" "chr20_34299944_G_A_b38_G"
[71] "chr20_34300731_G_A_b38_G" "chr20_34301898_C_T_b38_C"
[73] "chr20_34303394_G_T_b38_G" "chr20_34304615_G_T_b38_G"
[75] "chr20_34311868_G_C_b38_G"
32 SNP(s) removed because HWE P < 1e-08 :
 [1] "chr19_17504800_T_C_b38_T" "chr19_17504915_T_C_b38_T"
 [3] "chr19_17583443_G_T_b38_G" "chr19_17666011_C_T_b38_C"
 [5] "chr19_17666078_T_C_b38_T" "chr19_17847808_C_T_b38_C"
 [7] "chr19_17847968_T_C_b38_T" "chr19_17901200_G_T_b38_G"
 [9] "chr19_17908396_T_C_b38_T" "chr19_17924720_G_T_b38_G"
[11] "chr19_17928630_T_C_b38_T" "chr19_18036796_G_A_b38_G"
[13] "chr19_18037080_A_T_b38_A" "chr19_18037381_T_C_b38_T"
[15] "chr19_18037783_T_C_b38_T" "chr19_18039165_G_A_b38_G"
[17] "chr19_18039479_C_T_b38_C" "chr19_18039995_T_C_b38_T"
[19] "chr19_18040092_T_C_b38_T" "chr19_18040429_G_T_b38_G"
[21] "chr19_18040432_G_T_b38_G" "chr19_18042127_C_T_b38_C"
[23] "chr19_18042885_A_G_b38_A" "chr19_18043992_G_C_b38_G"
[25] "chr19_18044231_C_G_b38_C" "chr19_18044266_G_C_b38_G"
[27] "chr19_18251693_G_C_b38_G" "chr19_18260387_C_T_b38_C"
[29] "chr19_18262150_C_G_b38_C" "chr19_18265699_G_A_b38_G"
[31] "chr19_18265970_T_C_b38_T" "chr19_18267871_C_A_b38_C"
56 SNP(s) removed because HWE P < 1e-08 :
 [1] "chr13_20080470_T_C_b38_T" "chr13_20083048_T_G_b38_T"
 [3] "chr13_20083146_T_G_b38_T" "chr13_20083172_C_G_b38_C"
 [5] "chr13_20135370_C_T_b38_C" "chr13_20175028_T_C_b38_T"
 [7] "chr13_20179662_A_G_b38_A" "chr13_20180707_C_T_b38_C"
 [9] "chr13_20180708_C_G_b38_C" "chr13_20180797_C_T_b38_C"
[11] "chr13_20180856_A_G_b38_A" "chr13_20181214_A_G_b38_A"
[13] "chr13_20183764_C_T_b38_C" "chr13_20184626_A_G_b38_A"
[15] "chr13_20184658_G_A_b38_G" "chr13_20190801_C_T_b38_C"
[17] "chr13_20191991_G_A_b38_G" "chr13_20193129_T_C_b38_T"
[19] "chr13_20193244_A_G_b38_A" "chr13_20201429_G_C_b38_G"
[21] "chr13_20336763_A_G_b38_A" "chr13_20399776_T_C_b38_T"
[23] "chr13_20478357_C_T_b38_C" "chr13_20483636_C_A_b38_C"
[25] "chr13_20486072_C_T_b38_C" "chr13_20486468_A_C_b38_A"
[27] "chr13_20498377_C_T_b38_C" "chr13_20498955_C_G_b38_C"
[29] "chr13_20499094_A_G_b38_A" "chr13_20499188_A_T_b38_A"
[31] "chr13_20499659_A_C_b38_A" "chr13_20499661_A_C_b38_A"
[33] "chr13_20500467_A_T_b38_A" "chr13_20500487_A_G_b38_A"
[35] "chr13_20500841_A_C_b38_A" "chr13_20501014_C_T_b38_C"
[37] "chr13_20501295_G_C_b38_G" "chr13_20501575_T_C_b38_T"
[39] "chr13_20501674_T_C_b38_T" "chr13_20501852_G_C_b38_G"
[41] "chr13_20502995_A_G_b38_A" "chr13_20512419_T_C_b38_T"
[43] "chr13_20519749_T_C_b38_T" "chr13_20534802_G_A_b38_G"
[45] "chr13_20538598_G_A_b38_G" "chr13_20543053_C_G_b38_C"
[47] "chr13_20544582_A_C_b38_A" "chr13_20546280_C_T_b38_C"
[49] "chr13_20930934_C_T_b38_C" "chr13_20932196_C_G_b38_C"
[51] "chr13_20933551_T_C_b38_T" "chr13_20936517_G_A_b38_G"
[53] "chr13_20937074_C_T_b38_C" "chr13_20943780_G_A_b38_G"
[55] "chr13_20947993_C_T_b38_C" "chr13_20964081_A_G_b38_A"
60 SNP(s) removed because HWE P < 1e-08 :
 [1] "chr2_33054064_C_G_b38_C" "chr2_33055167_G_A_b38_G"
 [3] "chr2_33072703_C_T_b38_C" "chr2_33085940_G_A_b38_G"
 [5] "chr2_33087972_G_A_b38_G" "chr2_33286824_C_G_b38_C"
 [7] "chr2_33371023_T_G_b38_T" "chr2_33431334_T_C_b38_T"
 [9] "chr2_33431637_T_C_b38_T" "chr2_33432529_A_G_b38_A"
[11] "chr2_33432770_C_T_b38_C" "chr2_33432918_A_G_b38_A"
[13] "chr2_33433068_T_C_b38_T" "chr2_33433257_C_A_b38_C"
[15] "chr2_33433303_T_C_b38_T" "chr2_33433437_T_A_b38_T"
[17] "chr2_33433580_A_G_b38_A" "chr2_33434073_C_T_b38_C"
[19] "chr2_33738469_T_C_b38_T" "chr2_33792585_C_A_b38_C"
[21] "chr2_33826187_C_A_b38_C" "chr2_33826189_T_G_b38_T"
[23] "chr2_33826215_G_C_b38_G" "chr2_33826216_A_G_b38_A"
[25] "chr2_33839969_T_C_b38_T" "chr2_33839972_T_G_b38_T"
[27] "chr2_33839979_T_C_b38_T" "chr2_33839980_G_T_b38_G"
[29] "chr2_33839988_A_G_b38_A" "chr2_33840000_T_C_b38_T"
[31] "chr2_33840004_C_T_b38_C" "chr2_33840016_A_C_b38_A"
[33] "chr2_33840017_G_C_b38_G" "chr2_33840022_G_A_b38_G"
[35] "chr2_33840030_T_C_b38_T" "chr2_33840038_T_C_b38_T"
[37] "chr2_33840048_G_C_b38_G" "chr2_33840049_G_A_b38_G"
[39] "chr2_33840082_C_A_b38_C" "chr2_33840086_G_C_b38_G"
[41] "chr2_33840087_C_T_b38_C" "chr2_33840102_T_C_b38_T"
[43] "chr2_33840112_G_A_b38_G" "chr2_33840131_C_A_b38_C"
[45] "chr2_33840313_A_G_b38_A" "chr2_33840318_T_A_b38_T"
[47] "chr2_33840338_T_G_b38_T" "chr2_33840347_C_A_b38_C"
[49] "chr2_33840373_A_C_b38_A" "chr2_33840374_T_C_b38_T"
[51] "chr2_33840420_A_G_b38_A" "chr2_33840444_T_A_b38_T"
[53] "chr2_33840449_T_G_b38_T" "chr2_33840456_A_G_b38_A"
[55] "chr2_33840462_C_T_b38_C" "chr2_33840664_T_A_b38_T"
[57] "chr2_33840668_G_A_b38_G" "chr2_33905605_C_T_b38_C"
[59] "chr2_33911403_A_G_b38_A" "chr2_33911426_A_G_b38_A"
6 SNP(s) removed because HWE P < 1e-08 :
[1] "chr13_29549344_C_T_b38_C" "chr13_29949626_G_C_b38_G"
[3] "chr13_30062346_T_C_b38_T" "chr13_30062379_G_C_b38_G"
[5] "chr13_30121793_C_T_b38_C" "chr13_30160356_C_T_b38_C"
20 SNP(s) removed because HWE P < 1e-08 :
 [1] "chr17_35379518_A_C_b38_A" "chr17_35442015_G_A_b38_G"
 [3] "chr17_35996816_T_G_b38_T" "chr17_36082933_C_A_b38_C"
 [5] "chr17_36083801_G_C_b38_G" "chr17_36083900_T_A_b38_T"
 [7] "chr17_36109988_G_T_b38_G" "chr17_36111300_G_A_b38_G"
 [9] "chr17_36112019_G_A_b38_G" "chr17_36114883_G_A_b38_G"
[11] "chr17_36152807_C_A_b38_C" "chr17_36160669_C_T_b38_C"
[13] "chr17_36161464_T_G_b38_T" "chr17_36163152_C_T_b38_C"
[15] "chr17_36163256_C_T_b38_C" "chr17_36164185_C_T_b38_C"
[17] "chr17_36165283_A_G_b38_A" "chr17_36165307_T_G_b38_T"
[19] "chr17_36229227_G_A_b38_G" "chr17_36229290_G_T_b38_G"
56 SNP(s) removed because HWE P < 1e-08 :
 [1] "chr13_20080470_T_C_b38_T" "chr13_20083048_T_G_b38_T"
 [3] "chr13_20083146_T_G_b38_T" "chr13_20083172_C_G_b38_C"
 [5] "chr13_20135370_C_T_b38_C" "chr13_20175028_T_C_b38_T"
 [7] "chr13_20179662_A_G_b38_A" "chr13_20180707_C_T_b38_C"
 [9] "chr13_20180708_C_G_b38_C" "chr13_20180797_C_T_b38_C"
[11] "chr13_20180856_A_G_b38_A" "chr13_20181214_A_G_b38_A"
[13] "chr13_20183764_C_T_b38_C" "chr13_20184626_A_G_b38_A"
[15] "chr13_20184658_G_A_b38_G" "chr13_20190801_C_T_b38_C"
[17] "chr13_20191991_G_A_b38_G" "chr13_20193129_T_C_b38_T"
[19] "chr13_20193244_A_G_b38_A" "chr13_20201429_G_C_b38_G"
[21] "chr13_20336763_A_G_b38_A" "chr13_20399776_T_C_b38_T"
[23] "chr13_20478357_C_T_b38_C" "chr13_20483636_C_A_b38_C"
[25] "chr13_20486072_C_T_b38_C" "chr13_20486468_A_C_b38_A"
[27] "chr13_20498377_C_T_b38_C" "chr13_20498955_C_G_b38_C"
[29] "chr13_20499094_A_G_b38_A" "chr13_20499188_A_T_b38_A"
[31] "chr13_20499659_A_C_b38_A" "chr13_20499661_A_C_b38_A"
[33] "chr13_20500467_A_T_b38_A" "chr13_20500487_A_G_b38_A"
[35] "chr13_20500841_A_C_b38_A" "chr13_20501014_C_T_b38_C"
[37] "chr13_20501295_G_C_b38_G" "chr13_20501575_T_C_b38_T"
[39] "chr13_20501674_T_C_b38_T" "chr13_20501852_G_C_b38_G"
[41] "chr13_20502995_A_G_b38_A" "chr13_20512419_T_C_b38_T"
[43] "chr13_20519749_T_C_b38_T" "chr13_20534802_G_A_b38_G"
[45] "chr13_20538598_G_A_b38_G" "chr13_20543053_C_G_b38_C"
[47] "chr13_20544582_A_C_b38_A" "chr13_20546280_C_T_b38_C"
[49] "chr13_20930934_C_T_b38_C" "chr13_20932196_C_G_b38_C"
[51] "chr13_20933551_T_C_b38_T" "chr13_20936517_G_A_b38_G"
[53] "chr13_20937074_C_T_b38_C" "chr13_20943780_G_A_b38_G"
[55] "chr13_20947993_C_T_b38_C" "chr13_20964081_A_G_b38_A"
67 SNP(s) removed because HWE P < 1e-08 :
 [1] "chr10_79804144_T_C_b38_T" "chr10_79816248_C_T_b38_C"
 [3] "chr10_79816460_A_G_b38_A" "chr10_79837495_G_A_b38_G"
 [5] "chr10_79837509_G_T_b38_G" "chr10_79838576_T_C_b38_T"
 [7] "chr10_79839937_C_T_b38_C" "chr10_79869037_T_G_b38_T"
 [9] "chr10_79872629_G_C_b38_G" "chr10_79873974_T_C_b38_T"
[11] "chr10_79874361_G_C_b38_G" "chr10_79874368_C_A_b38_C"
[13] "chr10_79874586_C_A_b38_C" "chr10_79922706_G_A_b38_G"
[15] "chr10_79922714_T_A_b38_T" "chr10_80009733_G_A_b38_G"
[17] "chr10_80033814_T_C_b38_T" "chr10_80034124_A_G_b38_A"
[19] "chr10_80043217_T_A_b38_T" "chr10_80043246_G_C_b38_G"
[21] "chr10_80044942_G_C_b38_G" "chr10_80045003_G_A_b38_G"
[23] "chr10_80045010_A_G_b38_A" "chr10_80045146_G_A_b38_G"
[25] "chr10_80045156_T_G_b38_T" "chr10_80112364_T_C_b38_T"
[27] "chr10_80226502_T_C_b38_T" "chr10_80230282_T_C_b38_T"
[29] "chr10_80234407_G_A_b38_G" "chr10_80234524_T_G_b38_T"
[31] "chr10_80234560_C_A_b38_C" "chr10_80234565_C_T_b38_C"
[33] "chr10_80234569_G_A_b38_G" "chr10_80234703_C_T_b38_C"
[35] "chr10_80234711_C_T_b38_C" "chr10_80234837_G_T_b38_G"
[37] "chr10_80235036_G_C_b38_G" "chr10_80235098_G_C_b38_G"
[39] "chr10_80235251_A_G_b38_A" "chr10_80235302_G_A_b38_G"
[41] "chr10_80235484_G_T_b38_G" "chr10_80235899_C_T_b38_C"
[43] "chr10_80533643_A_G_b38_A" "chr10_80536352_G_A_b38_G"
[45] "chr10_80542046_T_C_b38_T" "chr10_80668365_G_T_b38_G"
[47] "chr10_80671657_A_G_b38_A" "chr10_80715044_A_C_b38_A"
[49] "chr10_80721380_A_G_b38_A" "chr10_80721556_T_A_b38_T"
[51] "chr10_80722261_T_C_b38_T" "chr10_80725080_C_A_b38_C"
[53] "chr10_80726511_G_T_b38_G" "chr10_80726514_G_A_b38_G"
[55] "chr10_80728089_G_T_b38_G" "chr10_80728101_A_G_b38_A"
[57] "chr10_80728195_T_C_b38_T" "chr10_80728341_C_T_b38_C"
[59] "chr10_80729152_C_T_b38_C" "chr10_80729867_A_G_b38_A"
[61] "chr10_80730081_A_G_b38_A" "chr10_80730557_G_A_b38_G"
[63] "chr10_80730675_T_C_b38_T" "chr10_80731318_G_A_b38_G"
[65] "chr10_80731697_C_T_b38_C" "chr10_80733086_G_A_b38_G"
[67] "chr10_80733422_C_T_b38_C"
19 SNP(s) removed because HWE P < 1e-08 :
 [1] "chr15_58460408_C_T_b38_C" "chr15_58526584_G_A_b38_G"
 [3] "chr15_58528779_A_G_b38_A" "chr15_58531217_T_C_b38_T"
 [5] "chr15_58532108_T_G_b38_T" "chr15_58533514_T_C_b38_T"
 [7] "chr15_59085254_A_C_b38_A" "chr15_59103927_G_C_b38_G"
 [9] "chr15_59103934_T_C_b38_T" "chr15_59310799_C_A_b38_C"
[11] "chr15_59313503_G_C_b38_G" "chr15_59313511_T_C_b38_T"
[13] "chr15_59322642_T_C_b38_T" "chr15_59334199_T_C_b38_T"
[15] "chr15_59353573_T_C_b38_T" "chr15_59375190_G_A_b38_G"
[17] "chr15_59393353_G_A_b38_G" "chr15_59414110_C_T_b38_C"
[19] "chr15_59414761_T_C_b38_T"
114 SNP(s) removed because HWE P < 1e-08 :
  [1] "chr4_3868541_C_A_b38_C" "chr4_3868607_C_T_b38_C" "chr4_3869506_A_G_b38_A"
  [4] "chr4_3869707_T_C_b38_T" "chr4_3869820_A_G_b38_A" "chr4_3870048_G_T_b38_G"
  [7] "chr4_3870661_T_C_b38_T" "chr4_3870845_C_A_b38_C" "chr4_3871023_G_A_b38_G"
 [10] "chr4_3871181_A_T_b38_A" "chr4_3871417_C_A_b38_C" "chr4_3871737_G_A_b38_G"
 [13] "chr4_3872325_C_T_b38_C" "chr4_3873209_G_A_b38_G" "chr4_3873714_C_T_b38_C"
 [16] "chr4_3874276_C_G_b38_C" "chr4_3875093_A_T_b38_A" "chr4_3875520_G_T_b38_G"
 [19] "chr4_3875565_T_A_b38_T" "chr4_3875594_A_C_b38_A" "chr4_3875608_A_G_b38_A"
 [22] "chr4_3875733_A_G_b38_A" "chr4_3875787_A_G_b38_A" "chr4_3876188_A_G_b38_A"
 [25] "chr4_3876900_A_G_b38_A" "chr4_3877713_C_T_b38_C" "chr4_3877800_G_A_b38_G"
 [28] "chr4_3877892_T_C_b38_T" "chr4_3878103_A_C_b38_A" "chr4_3878582_T_G_b38_T"
 [31] "chr4_3878606_T_C_b38_T" "chr4_3878723_G_T_b38_G" "chr4_3879249_C_T_b38_C"
 [34] "chr4_3879251_G_T_b38_G" "chr4_3879614_G_T_b38_G" "chr4_3879741_C_T_b38_C"
 [37] "chr4_3881295_T_C_b38_T" "chr4_3882176_T_C_b38_T" "chr4_3882225_G_A_b38_G"
 [40] "chr4_3883461_T_C_b38_T" "chr4_3901409_T_C_b38_T" "chr4_3901416_G_A_b38_G"
 [43] "chr4_3901459_G_A_b38_G" "chr4_4019678_T_A_b38_T" "chr4_4019687_A_T_b38_A"
 [46] "chr4_4019704_A_G_b38_A" "chr4_4019717_C_T_b38_C" "chr4_4019731_T_C_b38_T"
 [49] "chr4_4019768_C_T_b38_C" "chr4_4019809_A_T_b38_A" "chr4_4019813_G_C_b38_G"
 [52] "chr4_4019814_G_A_b38_G" "chr4_4019866_T_A_b38_T" "chr4_4021012_G_A_b38_G"
 [55] "chr4_4021060_C_G_b38_C" "chr4_4021071_G_A_b38_G" "chr4_4021074_A_G_b38_A"
 [58] "chr4_4021081_C_T_b38_C" "chr4_4021094_T_C_b38_T" "chr4_4021115_C_T_b38_C"
 [61] "chr4_4049222_C_T_b38_C" "chr4_4049292_T_G_b38_T" "chr4_4059721_C_T_b38_C"
 [64] "chr4_4064318_G_A_b38_G" "chr4_4066400_A_G_b38_A" "chr4_4066615_A_G_b38_A"
 [67] "chr4_4066623_A_T_b38_A" "chr4_4068527_C_T_b38_C" "chr4_4069470_C_T_b38_C"
 [70] "chr4_4069471_A_G_b38_A" "chr4_4070235_A_T_b38_A" "chr4_4073777_C_T_b38_C"
 [73] "chr4_4077272_A_T_b38_A" "chr4_4077345_C_T_b38_C" "chr4_4077428_C_G_b38_C"
 [76] "chr4_4078220_A_C_b38_A" "chr4_4078228_T_A_b38_T" "chr4_4078530_G_C_b38_G"
 [79] "chr4_4080615_T_C_b38_T" "chr4_4082955_T_C_b38_T" "chr4_4083235_C_G_b38_C"
 [82] "chr4_4083875_A_G_b38_A" "chr4_4084323_A_T_b38_A" "chr4_4084561_C_T_b38_C"
 [85] "chr4_4172921_A_G_b38_A" "chr4_4252696_T_C_b38_T" "chr4_4252698_C_T_b38_C"
 [88] "chr4_4266655_G_A_b38_G" "chr4_4276582_T_C_b38_T" "chr4_4291406_T_A_b38_T"
 [91] "chr4_4291827_C_T_b38_C" "chr4_4298683_A_C_b38_A" "chr4_4328274_C_G_b38_C"
 [94] "chr4_4407557_A_C_b38_A" "chr4_4408280_C_T_b38_C" "chr4_4408862_G_A_b38_G"
 [97] "chr4_4424027_A_G_b38_A" "chr4_4426772_A_C_b38_A" "chr4_4426889_T_C_b38_T"
[100] "chr4_4426986_A_G_b38_A" "chr4_4427034_T_C_b38_T" "chr4_4474859_T_C_b38_T"
[103] "chr4_4474915_T_C_b38_T" "chr4_4478084_G_A_b38_G" "chr4_4551286_G_A_b38_G"
[106] "chr4_4551310_A_G_b38_A" "chr4_4551534_T_G_b38_T" "chr4_4551535_T_C_b38_T"
[109] "chr4_4552016_T_C_b38_T" "chr4_4566241_A_C_b38_A" "chr4_4610882_G_C_b38_G"
[112] "chr4_4613137_G_A_b38_G" "chr4_4643489_G_A_b38_G" "chr4_4688852_T_C_b38_T"
69 SNP(s) removed because HWE P < 1e-08 :
 [1] "chr8_81253423_T_C_b38_T" "chr8_81281143_C_T_b38_C"
 [3] "chr8_81289273_A_T_b38_A" "chr8_81297255_A_G_b38_A"
 [5] "chr8_81299436_C_T_b38_C" "chr8_81300344_T_C_b38_T"
 [7] "chr8_81325559_T_C_b38_T" "chr8_81327049_C_G_b38_C"
 [9] "chr8_81327156_T_G_b38_T" "chr8_81327252_A_G_b38_A"
[11] "chr8_81327333_T_C_b38_T" "chr8_81327394_A_G_b38_A"
[13] "chr8_81328362_A_G_b38_A" "chr8_81328531_C_A_b38_C"
[15] "chr8_81329064_T_A_b38_T" "chr8_81329094_T_G_b38_T"
[17] "chr8_81329957_C_T_b38_C" "chr8_81330786_A_G_b38_A"
[19] "chr8_81330873_T_C_b38_T" "chr8_81331043_A_C_b38_A"
[21] "chr8_81331131_T_C_b38_T" "chr8_81331608_C_T_b38_C"
[23] "chr8_81331614_C_T_b38_C" "chr8_81331709_T_G_b38_T"
[25] "chr8_81331864_A_G_b38_A" "chr8_81331877_C_T_b38_C"
[27] "chr8_81332098_G_A_b38_G" "chr8_81332283_A_G_b38_A"
[29] "chr8_81332524_C_T_b38_C" "chr8_81332904_A_T_b38_A"
[31] "chr8_81332906_C_T_b38_C" "chr8_81333125_G_A_b38_G"
[33] "chr8_81333194_G_T_b38_G" "chr8_81333216_T_C_b38_T"
[35] "chr8_81333791_C_T_b38_C" "chr8_81334313_T_C_b38_T"
[37] "chr8_81335686_A_G_b38_A" "chr8_81336303_C_T_b38_C"
[39] "chr8_81464464_C_T_b38_C" "chr8_81468508_A_T_b38_A"
[41] "chr8_81468888_A_G_b38_A" "chr8_81469332_T_C_b38_T"
[43] "chr8_81469415_G_A_b38_G" "chr8_81470506_G_A_b38_G"
[45] "chr8_81470621_C_T_b38_C" "chr8_81471159_T_G_b38_T"
[47] "chr8_81514819_A_C_b38_A" "chr8_81515555_C_T_b38_C"
[49] "chr8_81518769_T_C_b38_T" "chr8_81527961_G_T_b38_G"
[51] "chr8_81900677_A_T_b38_A" "chr8_81900680_C_T_b38_C"
[53] "chr8_81900761_G_T_b38_G" "chr8_81900762_G_A_b38_G"
[55] "chr8_81900773_G_A_b38_G" "chr8_81900776_G_T_b38_G"
[57] "chr8_81900779_T_C_b38_T" "chr8_81900782_C_T_b38_C"
[59] "chr8_81900783_T_C_b38_T" "chr8_81900784_G_A_b38_G"
[61] "chr8_81900789_T_C_b38_T" "chr8_81900796_C_G_b38_C"
[63] "chr8_81900800_G_C_b38_G" "chr8_82127185_G_A_b38_G"
[65] "chr8_82127192_C_G_b38_C" "chr8_82129772_G_C_b38_G"
[67] "chr8_82130336_C_T_b38_C" "chr8_82136891_C_T_b38_C"
[69] "chr8_82137774_C_G_b38_C"
33 SNP(s) removed because HWE P < 1e-08 :
 [1] "chr2_126921117_G_C_b38_G" "chr2_126921373_G_C_b38_G"
 [3] "chr2_126921672_C_T_b38_C" "chr2_126924557_G_C_b38_G"
 [5] "chr2_126926375_T_C_b38_T" "chr2_126928050_T_C_b38_T"
 [7] "chr2_126928054_G_T_b38_G" "chr2_126942192_C_T_b38_C"
 [9] "chr2_126958917_G_T_b38_G" "chr2_126970478_T_C_b38_T"
[11] "chr2_126979161_G_A_b38_G" "chr2_127142785_A_G_b38_A"
[13] "chr2_127143766_T_A_b38_T" "chr2_127143931_C_T_b38_C"
[15] "chr2_127146147_G_T_b38_G" "chr2_127146398_A_G_b38_A"
[17] "chr2_127146667_T_C_b38_T" "chr2_127147368_G_A_b38_G"
[19] "chr2_127147428_C_T_b38_C" "chr2_127148211_G_A_b38_G"
[21] "chr2_127148388_C_A_b38_C" "chr2_127149205_A_G_b38_A"
[23] "chr2_127149754_C_T_b38_C" "chr2_127150647_C_A_b38_C"
[25] "chr2_127152264_T_G_b38_T" "chr2_127153637_G_C_b38_G"
[27] "chr2_127153980_G_C_b38_G" "chr2_127473218_C_T_b38_C"
[29] "chr2_127514444_C_T_b38_C" "chr2_127520021_T_A_b38_T"
[31] "chr2_127520899_C_T_b38_C" "chr2_127788561_C_T_b38_C"
[33] "chr2_127788785_C_A_b38_C"
6 SNP(s) removed because HWE P < 1e-08 :
[1] "chr17_28439190_A_C_b38_A" "chr17_28439714_T_C_b38_T"
[3] "chr17_28441937_G_A_b38_G" "chr17_28452019_C_T_b38_C"
[5] "chr17_28452207_C_G_b38_C" "chr17_28459762_C_A_b38_C"
20 SNP(s) removed because HWE P < 1e-08 :
 [1] "chr19_38174738_G_T_b38_G" "chr19_38180796_T_C_b38_T"
 [3] "chr19_38214597_T_C_b38_T" "chr19_38214736_T_C_b38_T"
 [5] "chr19_38416353_T_C_b38_T" "chr19_38546722_T_C_b38_T"
 [7] "chr19_38546723_G_C_b38_G" "chr19_38546724_G_A_b38_G"
 [9] "chr19_38546727_A_G_b38_A" "chr19_38546760_T_C_b38_T"
[11] "chr19_38546763_G_C_b38_G" "chr19_38546775_G_A_b38_G"
[13] "chr19_38546777_C_A_b38_C" "chr19_38546780_T_C_b38_T"
[15] "chr19_38546781_G_A_b38_G" "chr19_38546789_T_A_b38_T"
[17] "chr19_38546812_T_C_b38_T" "chr19_38546818_G_A_b38_G"
[19] "chr19_38546820_T_C_b38_T" "chr19_38546821_G_A_b38_G"
32 SNP(s) removed because HWE P < 1e-08 :
 [1] "chr19_17504800_T_C_b38_T" "chr19_17504915_T_C_b38_T"
 [3] "chr19_17583443_G_T_b38_G" "chr19_17666011_C_T_b38_C"
 [5] "chr19_17666078_T_C_b38_T" "chr19_17847808_C_T_b38_C"
 [7] "chr19_17847968_T_C_b38_T" "chr19_17901200_G_T_b38_G"
 [9] "chr19_17908396_T_C_b38_T" "chr19_17924720_G_T_b38_G"
[11] "chr19_17928630_T_C_b38_T" "chr19_18036796_G_A_b38_G"
[13] "chr19_18037080_A_T_b38_A" "chr19_18037381_T_C_b38_T"
[15] "chr19_18037783_T_C_b38_T" "chr19_18039165_G_A_b38_G"
[17] "chr19_18039479_C_T_b38_C" "chr19_18039995_T_C_b38_T"
[19] "chr19_18040092_T_C_b38_T" "chr19_18040429_G_T_b38_G"
[21] "chr19_18040432_G_T_b38_G" "chr19_18042127_C_T_b38_C"
[23] "chr19_18042885_A_G_b38_A" "chr19_18043992_G_C_b38_G"
[25] "chr19_18044231_C_G_b38_C" "chr19_18044266_G_C_b38_G"
[27] "chr19_18251693_G_C_b38_G" "chr19_18260387_C_T_b38_C"
[29] "chr19_18262150_C_G_b38_C" "chr19_18265699_G_A_b38_G"
[31] "chr19_18265970_T_C_b38_T" "chr19_18267871_C_A_b38_C"
33 SNP(s) removed because HWE P < 1e-08 :
 [1] "chr2_126921117_G_C_b38_G" "chr2_126921373_G_C_b38_G"
 [3] "chr2_126921672_C_T_b38_C" "chr2_126924557_G_C_b38_G"
 [5] "chr2_126926375_T_C_b38_T" "chr2_126928050_T_C_b38_T"
 [7] "chr2_126928054_G_T_b38_G" "chr2_126942192_C_T_b38_C"
 [9] "chr2_126958917_G_T_b38_G" "chr2_126970478_T_C_b38_T"
[11] "chr2_126979161_G_A_b38_G" "chr2_127142785_A_G_b38_A"
[13] "chr2_127143766_T_A_b38_T" "chr2_127143931_C_T_b38_C"
[15] "chr2_127146147_G_T_b38_G" "chr2_127146398_A_G_b38_A"
[17] "chr2_127146667_T_C_b38_T" "chr2_127147368_G_A_b38_G"
[19] "chr2_127147428_C_T_b38_C" "chr2_127148211_G_A_b38_G"
[21] "chr2_127148388_C_A_b38_C" "chr2_127149205_A_G_b38_A"
[23] "chr2_127149754_C_T_b38_C" "chr2_127150647_C_A_b38_C"
[25] "chr2_127152264_T_G_b38_T" "chr2_127153637_G_C_b38_G"
[27] "chr2_127153980_G_C_b38_G" "chr2_127473218_C_T_b38_C"
[29] "chr2_127514444_C_T_b38_C" "chr2_127520021_T_A_b38_T"
[31] "chr2_127520899_C_T_b38_C" "chr2_127788561_C_T_b38_C"
[33] "chr2_127788785_C_A_b38_C"
41 SNP(s) removed because HWE P < 1e-08 :
 [1] "chr8_144414202_C_T_b38_C" "chr8_144414297_C_G_b38_C"
 [3] "chr8_144523369_A_C_b38_A" "chr8_144523944_T_C_b38_T"
 [5] "chr8_144528743_G_A_b38_G" "chr8_144528803_C_G_b38_C"
 [7] "chr8_144529108_T_C_b38_T" "chr8_144530986_G_A_b38_G"
 [9] "chr8_144532825_C_A_b38_C" "chr8_144533083_T_C_b38_T"
[11] "chr8_144533814_T_C_b38_T" "chr8_144534214_A_T_b38_A"
[13] "chr8_144534861_T_G_b38_T" "chr8_144535804_T_C_b38_T"
[15] "chr8_144536446_T_C_b38_T" "chr8_144544567_T_G_b38_T"
[17] "chr8_144574398_T_C_b38_T" "chr8_144613673_C_T_b38_C"
[19] "chr8_144629249_T_C_b38_T" "chr8_144629431_C_G_b38_C"
[21] "chr8_144695255_A_T_b38_A" "chr8_144696060_C_G_b38_C"
[23] "chr8_144714160_T_A_b38_T" "chr8_144717107_A_G_b38_A"
[25] "chr8_144737530_C_A_b38_C" "chr8_144816977_T_C_b38_T"
[27] "chr8_144837923_A_G_b38_A" "chr8_144906883_C_T_b38_C"
[29] "chr8_144923382_G_A_b38_G" "chr8_144948880_A_G_b38_A"
[31] "chr8_144999894_T_C_b38_T" "chr8_145000747_T_C_b38_T"
[33] "chr8_145003236_C_A_b38_C" "chr8_145005754_G_C_b38_G"
[35] "chr8_145075324_G_C_b38_G" "chr8_145075339_C_T_b38_C"
[37] "chr8_145075340_G_A_b38_G" "chr8_145075345_G_A_b38_G"
[39] "chr8_145075374_T_A_b38_T" "chr8_145075672_T_A_b38_T"
[41] "chr8_145075681_G_A_b38_G"
37 SNP(s) removed because HWE P < 1e-08 :
 [1] "chr16_24109784_G_A_b38_G" "chr16_24227690_G_C_b38_G"
 [3] "chr16_24233628_G_C_b38_G" "chr16_24496566_C_T_b38_C"
 [5] "chr16_24496764_C_A_b38_C" "chr16_24499309_C_T_b38_C"
 [7] "chr16_24870481_A_C_b38_A" "chr16_24873006_G_A_b38_G"
 [9] "chr16_24884357_A_G_b38_A" "chr16_24917601_A_G_b38_A"
[11] "chr16_24917765_G_A_b38_G" "chr16_24917986_T_C_b38_T"
[13] "chr16_24919227_T_C_b38_T" "chr16_24920477_C_T_b38_C"
[15] "chr16_24920573_A_G_b38_A" "chr16_24921599_T_C_b38_T"
[17] "chr16_24923143_G_T_b38_G" "chr16_24924245_T_C_b38_T"
[19] "chr16_24924716_A_T_b38_A" "chr16_24925306_A_G_b38_A"
[21] "chr16_24927264_T_C_b38_T" "chr16_24932825_T_C_b38_T"
[23] "chr16_24940578_A_G_b38_A" "chr16_24943087_G_A_b38_G"
[25] "chr16_24943465_A_G_b38_A" "chr16_24945135_A_G_b38_A"
[27] "chr16_24945229_T_G_b38_T" "chr16_24945237_A_C_b38_A"
[29] "chr16_24947347_A_C_b38_A" "chr16_24947664_G_A_b38_G"
[31] "chr16_24948730_C_G_b38_C" "chr16_24950568_T_C_b38_T"
[33] "chr16_24952718_T_C_b38_T" "chr16_24953197_T_C_b38_T"
[35] "chr16_24953395_G_T_b38_G" "chr16_24953714_C_T_b38_C"
[37] "chr16_24955202_T_C_b38_T"
6 SNP(s) removed because HWE P < 1e-08 :
[1] "chr17_28439190_A_C_b38_A" "chr17_28439714_T_C_b38_T"
[3] "chr17_28441937_G_A_b38_G" "chr17_28452019_C_T_b38_C"
[5] "chr17_28452207_C_G_b38_C" "chr17_28459762_C_A_b38_C"
22 SNP(s) removed because HWE P < 1e-08 :
 [1] "chr4_8044692_G_T_b38_G" "chr4_8044693_A_C_b38_A" "chr4_8059763_G_A_b38_G"
 [4] "chr4_8100031_G_T_b38_G" "chr4_8100581_C_T_b38_C" "chr4_8306668_C_G_b38_C"
 [7] "chr4_8557849_T_C_b38_T" "chr4_8557938_A_C_b38_A" "chr4_8557958_G_A_b38_G"
[10] "chr4_8557961_C_T_b38_C" "chr4_8585626_A_G_b38_A" "chr4_8603756_G_C_b38_G"
[13] "chr4_8632004_T_A_b38_T" "chr4_8632045_A_G_b38_A" "chr4_8635779_A_G_b38_A"
[16] "chr4_8655103_T_G_b38_T" "chr4_8655200_C_G_b38_C" "chr4_8656155_G_C_b38_G"
[19] "chr4_8659539_G_A_b38_G" "chr4_8661217_T_G_b38_T" "chr4_8674262_C_G_b38_C"
[22] "chr4_8677036_C_A_b38_C"
58 SNP(s) removed because HWE P < 1e-08 :
 [1] "chr12_6305499_C_T_b38_C" "chr12_6305543_T_C_b38_T"
 [3] "chr12_6305544_G_A_b38_G" "chr12_6305548_A_G_b38_A"
 [5] "chr12_6314895_G_C_b38_G" "chr12_6334646_A_C_b38_A"
 [7] "chr12_6341412_A_G_b38_A" "chr12_6341473_T_C_b38_T"
 [9] "chr12_6342395_T_C_b38_T" "chr12_6343335_G_A_b38_G"
[11] "chr12_6344099_T_C_b38_T" "chr12_6345131_A_G_b38_A"
[13] "chr12_6346064_T_C_b38_T" "chr12_6349537_G_A_b38_G"
[15] "chr12_6352063_G_A_b38_G" "chr12_6353876_A_C_b38_A"
[17] "chr12_6354179_C_T_b38_C" "chr12_6356561_T_C_b38_T"
[19] "chr12_6357205_T_C_b38_T" "chr12_6357575_G_A_b38_G"
[21] "chr12_6612381_T_G_b38_T" "chr12_6669944_A_G_b38_A"
[23] "chr12_6670057_G_T_b38_G" "chr12_6676177_A_G_b38_A"
[25] "chr12_6682182_C_T_b38_C" "chr12_6760337_C_T_b38_C"
[27] "chr12_6761383_A_G_b38_A" "chr12_6761673_G_A_b38_G"
[29] "chr12_6763346_G_A_b38_G" "chr12_6859577_C_G_b38_C"
[31] "chr12_6893347_A_G_b38_A" "chr12_6893359_A_G_b38_A"
[33] "chr12_6948737_A_G_b38_A" "chr12_6948807_A_G_b38_A"
[35] "chr12_6950022_C_T_b38_C" "chr12_6950026_A_C_b38_A"
[37] "chr12_6950027_G_A_b38_G" "chr12_6950031_T_C_b38_T"
[39] "chr12_6950058_G_A_b38_G" "chr12_6950069_T_C_b38_T"
[41] "chr12_6956118_C_T_b38_C" "chr12_6956243_G_A_b38_G"
[43] "chr12_6956413_G_A_b38_G" "chr12_6966719_C_T_b38_C"
[45] "chr12_7003266_G_A_b38_G" "chr12_7023361_T_C_b38_T"
[47] "chr12_7023955_A_G_b38_A" "chr12_7027108_A_G_b38_A"
[49] "chr12_7030021_A_G_b38_A" "chr12_7031010_T_C_b38_T"
[51] "chr12_7031597_A_C_b38_A" "chr12_7031605_T_G_b38_T"
[53] "chr12_7032324_A_G_b38_A" "chr12_7035457_C_T_b38_C"
[55] "chr12_7036085_C_T_b38_C" "chr12_7038549_T_C_b38_T"
[57] "chr12_7203194_C_A_b38_C" "chr12_7203199_C_A_b38_C"
39 SNP(s) removed because HWE P < 1e-08 :
 [1] "chr22_49765666_G_C_b38_G" "chr22_49770965_G_C_b38_G"
 [3] "chr22_49837507_C_G_b38_C" "chr22_49846939_C_A_b38_C"
 [5] "chr22_49848251_T_C_b38_T" "chr22_49872508_G_A_b38_G"
 [7] "chr22_49880142_T_C_b38_T" "chr22_49880243_G_T_b38_G"
 [9] "chr22_49883047_G_C_b38_G" "chr22_49894697_A_G_b38_A"
[11] "chr22_49906790_T_C_b38_T" "chr22_49921580_T_C_b38_T"
[13] "chr22_49921715_C_A_b38_C" "chr22_49973759_T_C_b38_T"
[15] "chr22_50013858_A_C_b38_A" "chr22_50357867_G_A_b38_G"
[17] "chr22_50371703_G_C_b38_G" "chr22_50418711_G_A_b38_G"
[19] "chr22_50424402_A_C_b38_A" "chr22_50424421_C_A_b38_C"
[21] "chr22_50424423_C_T_b38_C" "chr22_50495487_G_A_b38_G"
[23] "chr22_50495498_T_C_b38_T" "chr22_50495499_G_A_b38_G"
[25] "chr22_50508159_C_G_b38_C" "chr22_50509182_A_G_b38_A"
[27] "chr22_50509488_T_C_b38_T" "chr22_50509962_A_G_b38_A"
[29] "chr22_50510817_C_T_b38_C" "chr22_50510967_T_C_b38_T"
[31] "chr22_50511806_T_C_b38_T" "chr22_50512014_T_C_b38_T"
[33] "chr22_50512298_G_A_b38_G" "chr22_50512549_T_G_b38_T"
[35] "chr22_50513313_G_C_b38_G" "chr22_50513793_G_A_b38_G"
[37] "chr22_50542614_C_T_b38_C" "chr22_50542624_A_T_b38_A"
[39] "chr22_50712000_C_T_b38_C"
63 SNP(s) removed because HWE P < 1e-08 :
 [1] "chr14_94014026_C_T_b38_C" "chr14_94014468_G_C_b38_G"
 [3] "chr14_94015810_T_A_b38_T" "chr14_94029792_C_T_b38_C"
 [5] "chr14_94029845_C_A_b38_C" "chr14_94030098_C_T_b38_C"
 [7] "chr14_94349903_A_G_b38_A" "chr14_94370690_A_G_b38_A"
 [9] "chr14_94370732_C_A_b38_C" "chr14_94370742_C_T_b38_C"
[11] "chr14_94370745_G_A_b38_G" "chr14_94378897_G_C_b38_G"
[13] "chr14_94378898_T_C_b38_T" "chr14_94378900_A_G_b38_A"
[15] "chr14_94378934_A_T_b38_A" "chr14_94378941_G_A_b38_G"
[17] "chr14_94380003_C_T_b38_C" "chr14_94380014_T_C_b38_T"
[19] "chr14_94380017_G_A_b38_G" "chr14_94380024_T_C_b38_T"
[21] "chr14_94380037_A_G_b38_A" "chr14_94380042_G_A_b38_G"
[23] "chr14_94380048_A_G_b38_A" "chr14_94380049_T_A_b38_T"
[25] "chr14_94380053_A_G_b38_A" "chr14_94380057_T_C_b38_T"
[27] "chr14_94380058_G_A_b38_G" "chr14_94380063_G_C_b38_G"
[29] "chr14_94380085_T_C_b38_T" "chr14_94380106_C_A_b38_C"
[31] "chr14_94380111_C_T_b38_C" "chr14_94380112_C_T_b38_C"
[33] "chr14_94380151_A_G_b38_A" "chr14_94380152_G_T_b38_G"
[35] "chr14_94380164_T_C_b38_T" "chr14_94380166_C_T_b38_C"
[37] "chr14_94380168_G_T_b38_G" "chr14_94380175_A_G_b38_A"
[39] "chr14_94380212_C_T_b38_C" "chr14_94380215_C_G_b38_C"
[41] "chr14_94380222_T_C_b38_T" "chr14_94380244_A_G_b38_A"
[43] "chr14_94380250_C_A_b38_C" "chr14_94380312_G_A_b38_G"
[45] "chr14_94380318_C_T_b38_C" "chr14_94380322_T_C_b38_T"
[47] "chr14_94380324_T_C_b38_T" "chr14_94380333_C_T_b38_C"
[49] "chr14_94380362_C_T_b38_C" "chr14_94380371_T_C_b38_T"
[51] "chr14_94446984_A_T_b38_A" "chr14_94455670_G_T_b38_G"
[53] "chr14_94467053_C_T_b38_C" "chr14_94468771_C_T_b38_C"
[55] "chr14_94578680_G_A_b38_G" "chr14_94637276_C_T_b38_C"
[57] "chr14_94638842_C_T_b38_C" "chr14_94639184_C_T_b38_C"
[59] "chr14_94657781_C_A_b38_C" "chr14_94717842_A_C_b38_A"
[61] "chr14_94757444_A_T_b38_A" "chr14_94763440_G_A_b38_G"
[63] "chr14_94821833_A_G_b38_A"
56 SNP(s) removed because HWE P < 1e-08 :
 [1] "chr13_20080470_T_C_b38_T" "chr13_20083048_T_G_b38_T"
 [3] "chr13_20083146_T_G_b38_T" "chr13_20083172_C_G_b38_C"
 [5] "chr13_20135370_C_T_b38_C" "chr13_20175028_T_C_b38_T"
 [7] "chr13_20179662_A_G_b38_A" "chr13_20180707_C_T_b38_C"
 [9] "chr13_20180708_C_G_b38_C" "chr13_20180797_C_T_b38_C"
[11] "chr13_20180856_A_G_b38_A" "chr13_20181214_A_G_b38_A"
[13] "chr13_20183764_C_T_b38_C" "chr13_20184626_A_G_b38_A"
[15] "chr13_20184658_G_A_b38_G" "chr13_20190801_C_T_b38_C"
[17] "chr13_20191991_G_A_b38_G" "chr13_20193129_T_C_b38_T"
[19] "chr13_20193244_A_G_b38_A" "chr13_20201429_G_C_b38_G"
[21] "chr13_20336763_A_G_b38_A" "chr13_20399776_T_C_b38_T"
[23] "chr13_20478357_C_T_b38_C" "chr13_20483636_C_A_b38_C"
[25] "chr13_20486072_C_T_b38_C" "chr13_20486468_A_C_b38_A"
[27] "chr13_20498377_C_T_b38_C" "chr13_20498955_C_G_b38_C"
[29] "chr13_20499094_A_G_b38_A" "chr13_20499188_A_T_b38_A"
[31] "chr13_20499659_A_C_b38_A" "chr13_20499661_A_C_b38_A"
[33] "chr13_20500467_A_T_b38_A" "chr13_20500487_A_G_b38_A"
[35] "chr13_20500841_A_C_b38_A" "chr13_20501014_C_T_b38_C"
[37] "chr13_20501295_G_C_b38_G" "chr13_20501575_T_C_b38_T"
[39] "chr13_20501674_T_C_b38_T" "chr13_20501852_G_C_b38_G"
[41] "chr13_20502995_A_G_b38_A" "chr13_20512419_T_C_b38_T"
[43] "chr13_20519749_T_C_b38_T" "chr13_20534802_G_A_b38_G"
[45] "chr13_20538598_G_A_b38_G" "chr13_20543053_C_G_b38_C"
[47] "chr13_20544582_A_C_b38_A" "chr13_20546280_C_T_b38_C"
[49] "chr13_20930934_C_T_b38_C" "chr13_20932196_C_G_b38_C"
[51] "chr13_20933551_T_C_b38_T" "chr13_20936517_G_A_b38_G"
[53] "chr13_20937074_C_T_b38_C" "chr13_20943780_G_A_b38_G"
[55] "chr13_20947993_C_T_b38_C" "chr13_20964081_A_G_b38_A"
6 SNP(s) removed because HWE P < 1e-08 :
[1] "chr19_1737022_T_C_b38_T" "chr19_1877728_G_T_b38_G"
[3] "chr19_2119220_T_C_b38_T" "chr19_2255312_C_G_b38_C"
[5] "chr19_2259506_G_A_b38_G" "chr19_2320832_C_T_b38_C"
50 SNP(s) removed because HWE P < 1e-08 :
 [1] "chr19_56880861_A_C_b38_A" "chr19_56881112_T_C_b38_T"
 [3] "chr19_56897051_G_A_b38_G" "chr19_56897273_C_T_b38_C"
 [5] "chr19_56897381_C_T_b38_C" "chr19_56897517_G_A_b38_G"
 [7] "chr19_56897716_A_G_b38_A" "chr19_56897999_G_A_b38_G"
 [9] "chr19_56898532_C_T_b38_C" "chr19_56898553_C_G_b38_C"
[11] "chr19_56898594_C_G_b38_C" "chr19_56898728_G_A_b38_G"
[13] "chr19_56899300_C_T_b38_C" "chr19_56899465_T_C_b38_T"
[15] "chr19_56899476_T_C_b38_T" "chr19_56899525_A_G_b38_A"
[17] "chr19_56899533_T_G_b38_T" "chr19_56899716_G_A_b38_G"
[19] "chr19_56899993_C_T_b38_C" "chr19_56900001_C_T_b38_C"
[21] "chr19_56907310_T_C_b38_T" "chr19_56911826_C_A_b38_C"
[23] "chr19_56952981_G_A_b38_G" "chr19_56953673_G_A_b38_G"
[25] "chr19_56968869_G_T_b38_G" "chr19_57005112_A_C_b38_A"
[27] "chr19_57011531_G_C_b38_G" "chr19_57018332_C_T_b38_C"
[29] "chr19_57089662_C_T_b38_C" "chr19_57119107_A_G_b38_A"
[31] "chr19_57148957_A_G_b38_A" "chr19_57273266_T_C_b38_T"
[33] "chr19_57327519_A_G_b38_A" "chr19_57491917_T_C_b38_T"
[35] "chr19_57504961_T_C_b38_T" "chr19_57505106_T_C_b38_T"
[37] "chr19_57647375_A_G_b38_A" "chr19_57751426_G_A_b38_G"
[39] "chr19_57752631_G_A_b38_G" "chr19_57756063_T_A_b38_T"
[41] "chr19_57757586_A_G_b38_A" "chr19_57759386_G_A_b38_G"
[43] "chr19_57761218_G_A_b38_G" "chr19_57765534_C_T_b38_C"
[45] "chr19_57765603_G_A_b38_G" "chr19_57765790_A_G_b38_A"
[47] "chr19_57767658_G_A_b38_G" "chr19_57773705_A_C_b38_A"
[49] "chr19_57774165_G_C_b38_G" "chr19_57778641_T_C_b38_T"
67 SNP(s) removed because HWE P < 1e-08 :
 [1] "chr10_79804144_T_C_b38_T" "chr10_79816248_C_T_b38_C"
 [3] "chr10_79816460_A_G_b38_A" "chr10_79837495_G_A_b38_G"
 [5] "chr10_79837509_G_T_b38_G" "chr10_79838576_T_C_b38_T"
 [7] "chr10_79839937_C_T_b38_C" "chr10_79869037_T_G_b38_T"
 [9] "chr10_79872629_G_C_b38_G" "chr10_79873974_T_C_b38_T"
[11] "chr10_79874361_G_C_b38_G" "chr10_79874368_C_A_b38_C"
[13] "chr10_79874586_C_A_b38_C" "chr10_79922706_G_A_b38_G"
[15] "chr10_79922714_T_A_b38_T" "chr10_80009733_G_A_b38_G"
[17] "chr10_80033814_T_C_b38_T" "chr10_80034124_A_G_b38_A"
[19] "chr10_80043217_T_A_b38_T" "chr10_80043246_G_C_b38_G"
[21] "chr10_80044942_G_C_b38_G" "chr10_80045003_G_A_b38_G"
[23] "chr10_80045010_A_G_b38_A" "chr10_80045146_G_A_b38_G"
[25] "chr10_80045156_T_G_b38_T" "chr10_80112364_T_C_b38_T"
[27] "chr10_80226502_T_C_b38_T" "chr10_80230282_T_C_b38_T"
[29] "chr10_80234407_G_A_b38_G" "chr10_80234524_T_G_b38_T"
[31] "chr10_80234560_C_A_b38_C" "chr10_80234565_C_T_b38_C"
[33] "chr10_80234569_G_A_b38_G" "chr10_80234703_C_T_b38_C"
[35] "chr10_80234711_C_T_b38_C" "chr10_80234837_G_T_b38_G"
[37] "chr10_80235036_G_C_b38_G" "chr10_80235098_G_C_b38_G"
[39] "chr10_80235251_A_G_b38_A" "chr10_80235302_G_A_b38_G"
[41] "chr10_80235484_G_T_b38_G" "chr10_80235899_C_T_b38_C"
[43] "chr10_80533643_A_G_b38_A" "chr10_80536352_G_A_b38_G"
[45] "chr10_80542046_T_C_b38_T" "chr10_80668365_G_T_b38_G"
[47] "chr10_80671657_A_G_b38_A" "chr10_80715044_A_C_b38_A"
[49] "chr10_80721380_A_G_b38_A" "chr10_80721556_T_A_b38_T"
[51] "chr10_80722261_T_C_b38_T" "chr10_80725080_C_A_b38_C"
[53] "chr10_80726511_G_T_b38_G" "chr10_80726514_G_A_b38_G"
[55] "chr10_80728089_G_T_b38_G" "chr10_80728101_A_G_b38_A"
[57] "chr10_80728195_T_C_b38_T" "chr10_80728341_C_T_b38_C"
[59] "chr10_80729152_C_T_b38_C" "chr10_80729867_A_G_b38_A"
[61] "chr10_80730081_A_G_b38_A" "chr10_80730557_G_A_b38_G"
[63] "chr10_80730675_T_C_b38_T" "chr10_80731318_G_A_b38_G"
[65] "chr10_80731697_C_T_b38_C" "chr10_80733086_G_A_b38_G"
[67] "chr10_80733422_C_T_b38_C"
39 SNP(s) removed because HWE P < 1e-08 :
 [1] "chr22_49765666_G_C_b38_G" "chr22_49770965_G_C_b38_G"
 [3] "chr22_49837507_C_G_b38_C" "chr22_49846939_C_A_b38_C"
 [5] "chr22_49848251_T_C_b38_T" "chr22_49872508_G_A_b38_G"
 [7] "chr22_49880142_T_C_b38_T" "chr22_49880243_G_T_b38_G"
 [9] "chr22_49883047_G_C_b38_G" "chr22_49894697_A_G_b38_A"
[11] "chr22_49906790_T_C_b38_T" "chr22_49921580_T_C_b38_T"
[13] "chr22_49921715_C_A_b38_C" "chr22_49973759_T_C_b38_T"
[15] "chr22_50013858_A_C_b38_A" "chr22_50357867_G_A_b38_G"
[17] "chr22_50371703_G_C_b38_G" "chr22_50418711_G_A_b38_G"
[19] "chr22_50424402_A_C_b38_A" "chr22_50424421_C_A_b38_C"
[21] "chr22_50424423_C_T_b38_C" "chr22_50495487_G_A_b38_G"
[23] "chr22_50495498_T_C_b38_T" "chr22_50495499_G_A_b38_G"
[25] "chr22_50508159_C_G_b38_C" "chr22_50509182_A_G_b38_A"
[27] "chr22_50509488_T_C_b38_T" "chr22_50509962_A_G_b38_A"
[29] "chr22_50510817_C_T_b38_C" "chr22_50510967_T_C_b38_T"
[31] "chr22_50511806_T_C_b38_T" "chr22_50512014_T_C_b38_T"
[33] "chr22_50512298_G_A_b38_G" "chr22_50512549_T_G_b38_T"
[35] "chr22_50513313_G_C_b38_G" "chr22_50513793_G_A_b38_G"
[37] "chr22_50542614_C_T_b38_C" "chr22_50542624_A_T_b38_A"
[39] "chr22_50712000_C_T_b38_C"
69 SNP(s) removed because HWE P < 1e-08 :
 [1] "chr8_81253423_T_C_b38_T" "chr8_81281143_C_T_b38_C"
 [3] "chr8_81289273_A_T_b38_A" "chr8_81297255_A_G_b38_A"
 [5] "chr8_81299436_C_T_b38_C" "chr8_81300344_T_C_b38_T"
 [7] "chr8_81325559_T_C_b38_T" "chr8_81327049_C_G_b38_C"
 [9] "chr8_81327156_T_G_b38_T" "chr8_81327252_A_G_b38_A"
[11] "chr8_81327333_T_C_b38_T" "chr8_81327394_A_G_b38_A"
[13] "chr8_81328362_A_G_b38_A" "chr8_81328531_C_A_b38_C"
[15] "chr8_81329064_T_A_b38_T" "chr8_81329094_T_G_b38_T"
[17] "chr8_81329957_C_T_b38_C" "chr8_81330786_A_G_b38_A"
[19] "chr8_81330873_T_C_b38_T" "chr8_81331043_A_C_b38_A"
[21] "chr8_81331131_T_C_b38_T" "chr8_81331608_C_T_b38_C"
[23] "chr8_81331614_C_T_b38_C" "chr8_81331709_T_G_b38_T"
[25] "chr8_81331864_A_G_b38_A" "chr8_81331877_C_T_b38_C"
[27] "chr8_81332098_G_A_b38_G" "chr8_81332283_A_G_b38_A"
[29] "chr8_81332524_C_T_b38_C" "chr8_81332904_A_T_b38_A"
[31] "chr8_81332906_C_T_b38_C" "chr8_81333125_G_A_b38_G"
[33] "chr8_81333194_G_T_b38_G" "chr8_81333216_T_C_b38_T"
[35] "chr8_81333791_C_T_b38_C" "chr8_81334313_T_C_b38_T"
[37] "chr8_81335686_A_G_b38_A" "chr8_81336303_C_T_b38_C"
[39] "chr8_81464464_C_T_b38_C" "chr8_81468508_A_T_b38_A"
[41] "chr8_81468888_A_G_b38_A" "chr8_81469332_T_C_b38_T"
[43] "chr8_81469415_G_A_b38_G" "chr8_81470506_G_A_b38_G"
[45] "chr8_81470621_C_T_b38_C" "chr8_81471159_T_G_b38_T"
[47] "chr8_81514819_A_C_b38_A" "chr8_81515555_C_T_b38_C"
[49] "chr8_81518769_T_C_b38_T" "chr8_81527961_G_T_b38_G"
[51] "chr8_81900677_A_T_b38_A" "chr8_81900680_C_T_b38_C"
[53] "chr8_81900761_G_T_b38_G" "chr8_81900762_G_A_b38_G"
[55] "chr8_81900773_G_A_b38_G" "chr8_81900776_G_T_b38_G"
[57] "chr8_81900779_T_C_b38_T" "chr8_81900782_C_T_b38_C"
[59] "chr8_81900783_T_C_b38_T" "chr8_81900784_G_A_b38_G"
[61] "chr8_81900789_T_C_b38_T" "chr8_81900796_C_G_b38_C"
[63] "chr8_81900800_G_C_b38_G" "chr8_82127185_G_A_b38_G"
[65] "chr8_82127192_C_G_b38_C" "chr8_82129772_G_C_b38_G"
[67] "chr8_82130336_C_T_b38_C" "chr8_82136891_C_T_b38_C"
[69] "chr8_82137774_C_G_b38_C"
37 SNP(s) removed because HWE P < 1e-08 :
 [1] "chr16_24109784_G_A_b38_G" "chr16_24227690_G_C_b38_G"
 [3] "chr16_24233628_G_C_b38_G" "chr16_24496566_C_T_b38_C"
 [5] "chr16_24496764_C_A_b38_C" "chr16_24499309_C_T_b38_C"
 [7] "chr16_24870481_A_C_b38_A" "chr16_24873006_G_A_b38_G"
 [9] "chr16_24884357_A_G_b38_A" "chr16_24917601_A_G_b38_A"
[11] "chr16_24917765_G_A_b38_G" "chr16_24917986_T_C_b38_T"
[13] "chr16_24919227_T_C_b38_T" "chr16_24920477_C_T_b38_C"
[15] "chr16_24920573_A_G_b38_A" "chr16_24921599_T_C_b38_T"
[17] "chr16_24923143_G_T_b38_G" "chr16_24924245_T_C_b38_T"
[19] "chr16_24924716_A_T_b38_A" "chr16_24925306_A_G_b38_A"
[21] "chr16_24927264_T_C_b38_T" "chr16_24932825_T_C_b38_T"
[23] "chr16_24940578_A_G_b38_A" "chr16_24943087_G_A_b38_G"
[25] "chr16_24943465_A_G_b38_A" "chr16_24945135_A_G_b38_A"
[27] "chr16_24945229_T_G_b38_T" "chr16_24945237_A_C_b38_A"
[29] "chr16_24947347_A_C_b38_A" "chr16_24947664_G_A_b38_G"
[31] "chr16_24948730_C_G_b38_C" "chr16_24950568_T_C_b38_T"
[33] "chr16_24952718_T_C_b38_T" "chr16_24953197_T_C_b38_T"
[35] "chr16_24953395_G_T_b38_G" "chr16_24953714_C_T_b38_C"
[37] "chr16_24955202_T_C_b38_T"
49 SNP(s) removed because HWE P < 1e-08 :
 [1] "chr19_51083323_T_G_b38_T" "chr19_51107599_A_G_b38_A"
 [3] "chr19_51107741_T_G_b38_T" "chr19_51108006_G_A_b38_G"
 [5] "chr19_51116302_T_C_b38_T" "chr19_51120922_T_G_b38_T"
 [7] "chr19_51121015_T_G_b38_T" "chr19_51121279_T_C_b38_T"
 [9] "chr19_51121832_A_C_b38_A" "chr19_51121942_T_C_b38_T"
[11] "chr19_51122379_A_G_b38_A" "chr19_51122568_A_G_b38_A"
[13] "chr19_51122642_G_C_b38_G" "chr19_51123685_A_G_b38_A"
[15] "chr19_51136723_A_G_b38_A" "chr19_51172375_T_C_b38_T"
[17] "chr19_51173311_A_G_b38_A" "chr19_51173876_T_C_b38_T"
[19] "chr19_51184134_C_T_b38_C" "chr19_51201503_A_G_b38_A"
[21] "chr19_51208344_T_C_b38_T" "chr19_51208365_C_T_b38_C"
[23] "chr19_51212754_T_C_b38_T" "chr19_51235665_T_C_b38_T"
[25] "chr19_51251278_A_C_b38_A" "chr19_51280161_A_G_b38_A"
[27] "chr19_51280387_C_T_b38_C" "chr19_51281207_G_A_b38_G"
[29] "chr19_51282770_C_G_b38_C" "chr19_51283428_T_C_b38_T"
[31] "chr19_51284112_C_T_b38_C" "chr19_51284184_A_C_b38_A"
[33] "chr19_51285176_C_A_b38_C" "chr19_51285861_G_A_b38_G"
[35] "chr19_51287738_T_C_b38_T" "chr19_51290510_A_C_b38_A"
[37] "chr19_51291857_T_G_b38_T" "chr19_51293045_T_C_b38_T"
[39] "chr19_51298175_C_T_b38_C" "chr19_51358092_C_G_b38_C"
[41] "chr19_51447917_C_T_b38_C" "chr19_51447928_A_G_b38_A"
[43] "chr19_51448049_T_G_b38_T" "chr19_51457686_A_G_b38_A"
[45] "chr19_51780129_T_C_b38_T" "chr19_51780359_A_G_b38_A"
[47] "chr19_51848424_G_A_b38_G" "chr19_51875933_G_A_b38_G"
[49] "chr19_51876393_G_A_b38_G"
22 SNP(s) removed because HWE P < 1e-08 :
 [1] "chr1_162353041_G_C_b38_G" "chr1_162353047_A_C_b38_A"
 [3] "chr1_162477576_G_A_b38_G" "chr1_162481393_G_A_b38_G"
 [5] "chr1_162483630_C_T_b38_C" "chr1_162701799_T_C_b38_T"
 [7] "chr1_162704548_G_A_b38_G" "chr1_162705250_T_C_b38_T"
 [9] "chr1_162706401_C_T_b38_C" "chr1_162710700_T_C_b38_T"
[11] "chr1_162714569_T_C_b38_T" "chr1_162722878_C_G_b38_C"
[13] "chr1_162733892_A_G_b38_A" "chr1_162742199_A_T_b38_A"
[15] "chr1_162742900_G_A_b38_G" "chr1_162743999_G_A_b38_G"
[17] "chr1_162744207_T_C_b38_T" "chr1_162752426_G_A_b38_G"
[19] "chr1_162763446_G_A_b38_G" "chr1_162798738_C_G_b38_C"
[21] "chr1_162803606_G_A_b38_G" "chr1_162909861_T_C_b38_T"
86 SNP(s) removed because HWE P < 1e-08 :
 [1] "chr11_12602581_C_A_b38_C" "chr11_12624958_C_A_b38_C"
 [3] "chr11_12709357_A_C_b38_A" "chr11_12711743_G_T_b38_G"
 [5] "chr11_12712147_G_A_b38_G" "chr11_12714195_C_T_b38_C"
 [7] "chr11_12714879_C_G_b38_C" "chr11_12715017_G_A_b38_G"
 [9] "chr11_12715147_C_T_b38_C" "chr11_12715325_A_G_b38_A"
[11] "chr11_12715946_C_T_b38_C" "chr11_12715993_T_C_b38_T"
[13] "chr11_12717103_G_A_b38_G" "chr11_12717141_C_A_b38_C"
[15] "chr11_12722267_A_G_b38_A" "chr11_12722492_G_A_b38_G"
[17] "chr11_12722623_A_G_b38_A" "chr11_12725406_G_A_b38_G"
[19] "chr11_12726375_G_A_b38_G" "chr11_12730213_C_A_b38_C"
[21] "chr11_12731602_A_G_b38_A" "chr11_12750963_G_C_b38_G"
[23] "chr11_12757747_T_C_b38_T" "chr11_12757888_G_T_b38_G"
[25] "chr11_12758617_C_T_b38_C" "chr11_12758709_T_C_b38_T"
[27] "chr11_12759469_G_A_b38_G" "chr11_12775522_G_C_b38_G"
[29] "chr11_12781165_A_G_b38_A" "chr11_12797262_G_A_b38_G"
[31] "chr11_12801705_T_G_b38_T" "chr11_12806545_C_T_b38_C"
[33] "chr11_12810221_C_T_b38_C" "chr11_12820345_A_C_b38_A"
[35] "chr11_12959220_G_C_b38_G" "chr11_13145421_T_C_b38_T"
[37] "chr11_13159063_A_T_b38_A" "chr11_13160043_T_C_b38_T"
[39] "chr11_13161191_T_G_b38_T" "chr11_13162034_C_T_b38_C"
[41] "chr11_13163679_G_A_b38_G" "chr11_13167486_A_G_b38_A"
[43] "chr11_13167824_C_G_b38_C" "chr11_13168039_T_G_b38_T"
[45] "chr11_13168424_A_T_b38_A" "chr11_13168751_C_A_b38_C"
[47] "chr11_13168868_C_G_b38_C" "chr11_13170516_C_T_b38_C"
[49] "chr11_13171300_T_A_b38_T" "chr11_13171711_G_C_b38_G"
[51] "chr11_13172324_A_C_b38_A" "chr11_13172527_T_C_b38_T"
[53] "chr11_13172742_G_A_b38_G" "chr11_13173008_G_A_b38_G"
[55] "chr11_13173311_A_C_b38_A" "chr11_13173332_G_A_b38_G"
[57] "chr11_13173916_G_A_b38_G" "chr11_13174617_C_T_b38_C"
[59] "chr11_13174658_A_G_b38_A" "chr11_13175460_G_T_b38_G"
[61] "chr11_13175491_T_C_b38_T" "chr11_13176427_A_G_b38_A"
[63] "chr11_13176535_G_A_b38_G" "chr11_13176583_C_T_b38_C"
[65] "chr11_13177356_T_C_b38_T" "chr11_13178288_C_T_b38_C"
[67] "chr11_13178878_C_T_b38_C" "chr11_13179392_C_G_b38_C"
[69] "chr11_13179991_G_A_b38_G" "chr11_13180396_T_C_b38_T"
[71] "chr11_13181122_C_T_b38_C" "chr11_13181132_T_A_b38_T"
[73] "chr11_13181163_T_G_b38_T" "chr11_13181254_G_A_b38_G"
[75] "chr11_13181293_C_T_b38_C" "chr11_13181360_G_A_b38_G"
[77] "chr11_13181664_A_G_b38_A" "chr11_13182114_G_A_b38_G"
[79] "chr11_13182203_G_A_b38_G" "chr11_13182610_C_T_b38_C"
[81] "chr11_13182823_T_C_b38_T" "chr11_13183287_G_A_b38_G"
[83] "chr11_13184213_G_A_b38_G" "chr11_13301971_T_C_b38_T"
[85] "chr11_13316281_G_A_b38_G" "chr11_13395112_C_G_b38_C"
22 SNP(s) removed because HWE P < 1e-08 :
 [1] "chr1_162353041_G_C_b38_G" "chr1_162353047_A_C_b38_A"
 [3] "chr1_162477576_G_A_b38_G" "chr1_162481393_G_A_b38_G"
 [5] "chr1_162483630_C_T_b38_C" "chr1_162701799_T_C_b38_T"
 [7] "chr1_162704548_G_A_b38_G" "chr1_162705250_T_C_b38_T"
 [9] "chr1_162706401_C_T_b38_C" "chr1_162710700_T_C_b38_T"
[11] "chr1_162714569_T_C_b38_T" "chr1_162722878_C_G_b38_C"
[13] "chr1_162733892_A_G_b38_A" "chr1_162742199_A_T_b38_A"
[15] "chr1_162742900_G_A_b38_G" "chr1_162743999_G_A_b38_G"
[17] "chr1_162744207_T_C_b38_T" "chr1_162752426_G_A_b38_G"
[19] "chr1_162763446_G_A_b38_G" "chr1_162798738_C_G_b38_C"
[21] "chr1_162803606_G_A_b38_G" "chr1_162909861_T_C_b38_T"
183 SNP(s) removed because HWE P < 1e-08 :
  [1] "chr7_137185054_G_A_b38_G" "chr7_137185060_G_A_b38_G"
  [3] "chr7_137185118_C_A_b38_C" "chr7_137221535_G_A_b38_G"
  [5] "chr7_137309266_A_G_b38_A" "chr7_137310710_C_T_b38_C"
  [7] "chr7_137312635_C_A_b38_C" "chr7_137313736_A_T_b38_A"
  [9] "chr7_137313801_C_G_b38_C" "chr7_137319110_G_A_b38_G"
 [11] "chr7_137323602_A_T_b38_A" "chr7_137323832_C_T_b38_C"
 [13] "chr7_137455184_C_A_b38_C" "chr7_137456498_T_C_b38_T"
 [15] "chr7_137465803_C_T_b38_C" "chr7_137475720_T_C_b38_T"
 [17] "chr7_137479328_C_T_b38_C" "chr7_137490452_C_T_b38_C"
 [19] "chr7_137497700_G_T_b38_G" "chr7_137498345_C_G_b38_C"
 [21] "chr7_137500792_T_C_b38_T" "chr7_137503052_G_A_b38_G"
 [23] "chr7_137530341_G_A_b38_G" "chr7_137533173_T_C_b38_T"
 [25] "chr7_137533452_T_C_b38_T" "chr7_137547232_T_C_b38_T"
 [27] "chr7_137548148_C_T_b38_C" "chr7_137548479_T_C_b38_T"
 [29] "chr7_137548742_C_A_b38_C" "chr7_137549134_G_T_b38_G"
 [31] "chr7_137549937_C_T_b38_C" "chr7_137550376_G_A_b38_G"
 [33] "chr7_137550451_C_T_b38_C" "chr7_137551957_C_T_b38_C"
 [35] "chr7_137552043_C_G_b38_C" "chr7_137552254_C_G_b38_C"
 [37] "chr7_137552258_T_C_b38_T" "chr7_137552610_T_C_b38_T"
 [39] "chr7_137552675_A_G_b38_A" "chr7_137552694_T_A_b38_T"
 [41] "chr7_137552829_C_T_b38_C" "chr7_137552928_G_A_b38_G"
 [43] "chr7_137553342_A_T_b38_A" "chr7_137553463_A_G_b38_A"
 [45] "chr7_137553569_T_C_b38_T" "chr7_137553597_A_G_b38_A"
 [47] "chr7_137553676_T_C_b38_T" "chr7_137554067_G_A_b38_G"
 [49] "chr7_137554320_T_C_b38_T" "chr7_137554340_G_T_b38_G"
 [51] "chr7_137554424_T_C_b38_T" "chr7_137554448_G_C_b38_G"
 [53] "chr7_137554468_T_C_b38_T" "chr7_137554494_A_C_b38_A"
 [55] "chr7_137554614_C_T_b38_C" "chr7_137554799_C_T_b38_C"
 [57] "chr7_137555019_T_C_b38_T" "chr7_137555038_C_T_b38_C"
 [59] "chr7_137555065_T_C_b38_T" "chr7_137555424_G_A_b38_G"
 [61] "chr7_137555439_G_T_b38_G" "chr7_137555463_C_T_b38_C"
 [63] "chr7_137555465_G_A_b38_G" "chr7_137555606_G_T_b38_G"
 [65] "chr7_137555648_G_T_b38_G" "chr7_137555667_G_A_b38_G"
 [67] "chr7_137555670_G_A_b38_G" "chr7_137555757_G_T_b38_G"
 [69] "chr7_137555804_T_C_b38_T" "chr7_137556104_T_G_b38_T"
 [71] "chr7_137556336_C_G_b38_C" "chr7_137556451_C_T_b38_C"
 [73] "chr7_137556514_A_G_b38_A" "chr7_137556698_T_C_b38_T"
 [75] "chr7_137556765_T_C_b38_T" "chr7_137556856_G_A_b38_G"
 [77] "chr7_137556895_T_G_b38_T" "chr7_137557014_A_G_b38_A"
 [79] "chr7_137557148_A_T_b38_A" "chr7_137557398_C_T_b38_C"
 [81] "chr7_137557448_C_T_b38_C" "chr7_137557463_G_A_b38_G"
 [83] "chr7_137557665_G_A_b38_G" "chr7_137557749_C_T_b38_C"
 [85] "chr7_137557982_T_C_b38_T" "chr7_137558097_A_G_b38_A"
 [87] "chr7_137558214_C_T_b38_C" "chr7_137558251_T_C_b38_T"
 [89] "chr7_137558282_T_A_b38_T" "chr7_137558284_A_T_b38_A"
 [91] "chr7_137558349_G_A_b38_G" "chr7_137558422_C_T_b38_C"
 [93] "chr7_137558457_T_C_b38_T" "chr7_137558484_G_A_b38_G"
 [95] "chr7_137558941_A_G_b38_A" "chr7_137558965_G_C_b38_G"
 [97] "chr7_137558999_C_T_b38_C" "chr7_137559313_T_C_b38_T"
 [99] "chr7_137559869_C_A_b38_C" "chr7_137560154_T_C_b38_T"
[101] "chr7_137560189_A_G_b38_A" "chr7_137560220_A_T_b38_A"
[103] "chr7_137560266_G_A_b38_G" "chr7_137560412_T_G_b38_T"
[105] "chr7_137560414_C_T_b38_C" "chr7_137560420_G_C_b38_G"
[107] "chr7_137560426_A_G_b38_A" "chr7_137560457_G_A_b38_G"
[109] "chr7_137560469_C_G_b38_C" "chr7_137561785_A_G_b38_A"
[111] "chr7_137562125_G_A_b38_G" "chr7_137562951_A_G_b38_A"
[113] "chr7_137562998_A_G_b38_A" "chr7_137563117_A_C_b38_A"
[115] "chr7_137564167_G_A_b38_G" "chr7_137564562_T_C_b38_T"
[117] "chr7_137564660_A_T_b38_A" "chr7_137564897_T_C_b38_T"
[119] "chr7_137565459_T_G_b38_T" "chr7_137590308_T_G_b38_T"
[121] "chr7_137590399_G_A_b38_G" "chr7_137590684_G_C_b38_G"
[123] "chr7_137591924_G_C_b38_G" "chr7_137630089_T_C_b38_T"
[125] "chr7_137632728_A_G_b38_A" "chr7_137634355_C_T_b38_C"
[127] "chr7_137634468_C_T_b38_C" "chr7_137640722_T_C_b38_T"
[129] "chr7_137641242_A_G_b38_A" "chr7_137642303_C_G_b38_C"
[131] "chr7_137642411_G_A_b38_G" "chr7_137643034_A_G_b38_A"
[133] "chr7_137644402_A_G_b38_A" "chr7_137647455_C_T_b38_C"
[135] "chr7_137651826_A_G_b38_A" "chr7_137652533_A_G_b38_A"
[137] "chr7_137653967_T_A_b38_T" "chr7_137655014_C_G_b38_C"
[139] "chr7_137659268_T_A_b38_T" "chr7_137659857_C_T_b38_C"
[141] "chr7_137661356_G_C_b38_G" "chr7_137662181_G_A_b38_G"
[143] "chr7_137662434_G_A_b38_G" "chr7_137662553_T_C_b38_T"
[145] "chr7_137663025_T_C_b38_T" "chr7_137663734_G_T_b38_G"
[147] "chr7_137664271_G_A_b38_G" "chr7_137664991_C_G_b38_C"
[149] "chr7_137665068_T_C_b38_T" "chr7_137665081_T_G_b38_T"
[151] "chr7_137665416_G_T_b38_G" "chr7_137665488_T_C_b38_T"
[153] "chr7_137665496_C_G_b38_C" "chr7_137667023_A_G_b38_A"
[155] "chr7_137668714_G_A_b38_G" "chr7_137689829_T_C_b38_T"
[157] "chr7_137693510_T_C_b38_T" "chr7_137708989_A_C_b38_A"
[159] "chr7_137726229_G_C_b38_G" "chr7_137726361_G_C_b38_G"
[161] "chr7_137728587_G_A_b38_G" "chr7_137729071_G_A_b38_G"
[163] "chr7_137730427_G_A_b38_G" "chr7_137730587_G_A_b38_G"
[165] "chr7_137732225_C_A_b38_C" "chr7_137733047_C_T_b38_C"
[167] "chr7_137733262_A_G_b38_A" "chr7_137734198_G_T_b38_G"
[169] "chr7_137735643_A_C_b38_A" "chr7_137736094_T_C_b38_T"
[171] "chr7_137740025_C_T_b38_C" "chr7_137754097_A_G_b38_A"
[173] "chr7_137808328_A_T_b38_A" "chr7_137824907_G_A_b38_G"
[175] "chr7_137825221_C_T_b38_C" "chr7_137829260_T_G_b38_T"
[177] "chr7_137829261_A_C_b38_A" "chr7_137830045_A_G_b38_A"
[179] "chr7_137830756_C_G_b38_C" "chr7_137831247_A_G_b38_A"
[181] "chr7_137831583_C_T_b38_C" "chr7_137831964_C_T_b38_C"
[183] "chr7_137832608_G_T_b38_G"
101 SNP(s) removed because HWE P < 1e-08 :
  [1] "chr7_140338521_G_A_b38_G" "chr7_140432251_T_G_b38_T"
  [3] "chr7_140440803_C_T_b38_C" "chr7_140441090_T_C_b38_T"
  [5] "chr7_140442130_A_G_b38_A" "chr7_140442692_T_C_b38_T"
  [7] "chr7_140448695_C_T_b38_C" "chr7_140449156_T_C_b38_T"
  [9] "chr7_140449427_C_A_b38_C" "chr7_140449968_T_C_b38_T"
 [11] "chr7_140449993_C_T_b38_C" "chr7_140455496_T_C_b38_T"
 [13] "chr7_140455978_G_C_b38_G" "chr7_140458030_C_T_b38_C"
 [15] "chr7_140458796_T_C_b38_T" "chr7_140459921_T_C_b38_T"
 [17] "chr7_140460142_G_C_b38_G" "chr7_140461114_T_C_b38_T"
 [19] "chr7_140461126_T_A_b38_T" "chr7_140461984_G_A_b38_G"
 [21] "chr7_140462289_A_G_b38_A" "chr7_140462672_T_C_b38_T"
 [23] "chr7_140467197_T_C_b38_T" "chr7_140467479_T_A_b38_T"
 [25] "chr7_140467711_A_G_b38_A" "chr7_140468358_T_C_b38_T"
 [27] "chr7_140468839_T_C_b38_T" "chr7_140469187_G_A_b38_G"
 [29] "chr7_140469408_G_A_b38_G" "chr7_140469599_T_C_b38_T"
 [31] "chr7_140470336_G_A_b38_G" "chr7_140470595_A_C_b38_A"
 [33] "chr7_140470631_G_C_b38_G" "chr7_140470992_A_T_b38_A"
 [35] "chr7_140470997_T_A_b38_T" "chr7_140471522_C_T_b38_C"
 [37] "chr7_140472307_A_G_b38_A" "chr7_140472803_T_A_b38_T"
 [39] "chr7_140473052_T_C_b38_T" "chr7_140473730_T_G_b38_T"
 [41] "chr7_140474291_C_A_b38_C" "chr7_140474912_T_C_b38_T"
 [43] "chr7_140475011_G_A_b38_G" "chr7_140475672_C_A_b38_C"
 [45] "chr7_140478178_T_C_b38_T" "chr7_140478527_G_C_b38_G"
 [47] "chr7_140478980_G_A_b38_G" "chr7_140479700_G_T_b38_G"
 [49] "chr7_140480018_C_T_b38_C" "chr7_140480471_T_C_b38_T"
 [51] "chr7_140480581_C_A_b38_C" "chr7_140480955_G_A_b38_G"
 [53] "chr7_140515889_A_T_b38_A" "chr7_140585863_T_C_b38_T"
 [55] "chr7_140586523_A_C_b38_A" "chr7_140589706_C_T_b38_C"
 [57] "chr7_140596934_T_C_b38_T" "chr7_140600116_C_G_b38_C"
 [59] "chr7_140615560_C_T_b38_C" "chr7_140617320_T_C_b38_T"
 [61] "chr7_140617344_G_A_b38_G" "chr7_140618900_G_A_b38_G"
 [63] "chr7_140619432_T_C_b38_T" "chr7_140632686_A_G_b38_A"
 [65] "chr7_140638853_T_C_b38_T" "chr7_140648491_T_A_b38_T"
 [67] "chr7_140652417_C_A_b38_C" "chr7_140652906_A_G_b38_A"
 [69] "chr7_140656752_A_G_b38_A" "chr7_140657420_G_A_b38_G"
 [71] "chr7_140658161_A_G_b38_A" "chr7_140658661_T_C_b38_T"
 [73] "chr7_140659754_G_A_b38_G" "chr7_140660227_C_T_b38_C"
 [75] "chr7_140660844_C_T_b38_C" "chr7_140661123_G_A_b38_G"
 [77] "chr7_140661418_T_G_b38_T" "chr7_140661943_T_C_b38_T"
 [79] "chr7_140662476_C_T_b38_C" "chr7_140663157_C_T_b38_C"
 [81] "chr7_140663823_T_C_b38_T" "chr7_140663885_A_G_b38_A"
 [83] "chr7_140664044_G_A_b38_G" "chr7_140664386_T_C_b38_T"
 [85] "chr7_140664895_T_C_b38_T" "chr7_140665254_T_C_b38_T"
 [87] "chr7_140665811_A_C_b38_A" "chr7_140666101_C_A_b38_C"
 [89] "chr7_140666164_C_T_b38_C" "chr7_140666665_T_C_b38_T"
 [91] "chr7_140667353_C_T_b38_C" "chr7_140668108_C_T_b38_C"
 [93] "chr7_140668905_T_C_b38_T" "chr7_140669314_C_T_b38_C"
 [95] "chr7_140671745_G_A_b38_G" "chr7_140672779_T_C_b38_T"
 [97] "chr7_140673526_A_G_b38_A" "chr7_140674249_T_C_b38_T"
 [99] "chr7_140676771_A_C_b38_A" "chr7_140677229_G_A_b38_G"
[101] "chr7_140685009_T_C_b38_T"
39 SNP(s) removed because HWE P < 1e-08 :
 [1] "chr22_49765666_G_C_b38_G" "chr22_49770965_G_C_b38_G"
 [3] "chr22_49837507_C_G_b38_C" "chr22_49846939_C_A_b38_C"
 [5] "chr22_49848251_T_C_b38_T" "chr22_49872508_G_A_b38_G"
 [7] "chr22_49880142_T_C_b38_T" "chr22_49880243_G_T_b38_G"
 [9] "chr22_49883047_G_C_b38_G" "chr22_49894697_A_G_b38_A"
[11] "chr22_49906790_T_C_b38_T" "chr22_49921580_T_C_b38_T"
[13] "chr22_49921715_C_A_b38_C" "chr22_49973759_T_C_b38_T"
[15] "chr22_50013858_A_C_b38_A" "chr22_50357867_G_A_b38_G"
[17] "chr22_50371703_G_C_b38_G" "chr22_50418711_G_A_b38_G"
[19] "chr22_50424402_A_C_b38_A" "chr22_50424421_C_A_b38_C"
[21] "chr22_50424423_C_T_b38_C" "chr22_50495487_G_A_b38_G"
[23] "chr22_50495498_T_C_b38_T" "chr22_50495499_G_A_b38_G"
[25] "chr22_50508159_C_G_b38_C" "chr22_50509182_A_G_b38_A"
[27] "chr22_50509488_T_C_b38_T" "chr22_50509962_A_G_b38_A"
[29] "chr22_50510817_C_T_b38_C" "chr22_50510967_T_C_b38_T"
[31] "chr22_50511806_T_C_b38_T" "chr22_50512014_T_C_b38_T"
[33] "chr22_50512298_G_A_b38_G" "chr22_50512549_T_G_b38_T"
[35] "chr22_50513313_G_C_b38_G" "chr22_50513793_G_A_b38_G"
[37] "chr22_50542614_C_T_b38_C" "chr22_50542624_A_T_b38_A"
[39] "chr22_50712000_C_T_b38_C"
51 SNP(s) removed because HWE P < 1e-08 :
 [1] "chr19_50749708_G_C_b38_G" "chr19_50842031_A_G_b38_A"
 [3] "chr19_50896788_T_C_b38_T" "chr19_50897100_A_G_b38_A"
 [5] "chr19_50897145_C_T_b38_C" "chr19_50948431_C_T_b38_C"
 [7] "chr19_50957933_A_G_b38_A" "chr19_51083323_T_G_b38_T"
 [9] "chr19_51107599_A_G_b38_A" "chr19_51107741_T_G_b38_T"
[11] "chr19_51108006_G_A_b38_G" "chr19_51116302_T_C_b38_T"
[13] "chr19_51120922_T_G_b38_T" "chr19_51121015_T_G_b38_T"
[15] "chr19_51121279_T_C_b38_T" "chr19_51121832_A_C_b38_A"
[17] "chr19_51121942_T_C_b38_T" "chr19_51122379_A_G_b38_A"
[19] "chr19_51122568_A_G_b38_A" "chr19_51122642_G_C_b38_G"
[21] "chr19_51123685_A_G_b38_A" "chr19_51136723_A_G_b38_A"
[23] "chr19_51172375_T_C_b38_T" "chr19_51173311_A_G_b38_A"
[25] "chr19_51173876_T_C_b38_T" "chr19_51184134_C_T_b38_C"
[27] "chr19_51201503_A_G_b38_A" "chr19_51208344_T_C_b38_T"
[29] "chr19_51208365_C_T_b38_C" "chr19_51212754_T_C_b38_T"
[31] "chr19_51235665_T_C_b38_T" "chr19_51251278_A_C_b38_A"
[33] "chr19_51280161_A_G_b38_A" "chr19_51280387_C_T_b38_C"
[35] "chr19_51281207_G_A_b38_G" "chr19_51282770_C_G_b38_C"
[37] "chr19_51283428_T_C_b38_T" "chr19_51284112_C_T_b38_C"
[39] "chr19_51284184_A_C_b38_A" "chr19_51285176_C_A_b38_C"
[41] "chr19_51285861_G_A_b38_G" "chr19_51287738_T_C_b38_T"
[43] "chr19_51290510_A_C_b38_A" "chr19_51291857_T_G_b38_T"
[45] "chr19_51293045_T_C_b38_T" "chr19_51298175_C_T_b38_C"
[47] "chr19_51358092_C_G_b38_C" "chr19_51447917_C_T_b38_C"
[49] "chr19_51447928_A_G_b38_A" "chr19_51448049_T_G_b38_T"
[51] "chr19_51457686_A_G_b38_A"
67 SNP(s) removed because HWE P < 1e-08 :
 [1] "chr10_79804144_T_C_b38_T" "chr10_79816248_C_T_b38_C"
 [3] "chr10_79816460_A_G_b38_A" "chr10_79837495_G_A_b38_G"
 [5] "chr10_79837509_G_T_b38_G" "chr10_79838576_T_C_b38_T"
 [7] "chr10_79839937_C_T_b38_C" "chr10_79869037_T_G_b38_T"
 [9] "chr10_79872629_G_C_b38_G" "chr10_79873974_T_C_b38_T"
[11] "chr10_79874361_G_C_b38_G" "chr10_79874368_C_A_b38_C"
[13] "chr10_79874586_C_A_b38_C" "chr10_79922706_G_A_b38_G"
[15] "chr10_79922714_T_A_b38_T" "chr10_80009733_G_A_b38_G"
[17] "chr10_80033814_T_C_b38_T" "chr10_80034124_A_G_b38_A"
[19] "chr10_80043217_T_A_b38_T" "chr10_80043246_G_C_b38_G"
[21] "chr10_80044942_G_C_b38_G" "chr10_80045003_G_A_b38_G"
[23] "chr10_80045010_A_G_b38_A" "chr10_80045146_G_A_b38_G"
[25] "chr10_80045156_T_G_b38_T" "chr10_80112364_T_C_b38_T"
[27] "chr10_80226502_T_C_b38_T" "chr10_80230282_T_C_b38_T"
[29] "chr10_80234407_G_A_b38_G" "chr10_80234524_T_G_b38_T"
[31] "chr10_80234560_C_A_b38_C" "chr10_80234565_C_T_b38_C"
[33] "chr10_80234569_G_A_b38_G" "chr10_80234703_C_T_b38_C"
[35] "chr10_80234711_C_T_b38_C" "chr10_80234837_G_T_b38_G"
[37] "chr10_80235036_G_C_b38_G" "chr10_80235098_G_C_b38_G"
[39] "chr10_80235251_A_G_b38_A" "chr10_80235302_G_A_b38_G"
[41] "chr10_80235484_G_T_b38_G" "chr10_80235899_C_T_b38_C"
[43] "chr10_80533643_A_G_b38_A" "chr10_80536352_G_A_b38_G"
[45] "chr10_80542046_T_C_b38_T" "chr10_80668365_G_T_b38_G"
[47] "chr10_80671657_A_G_b38_A" "chr10_80715044_A_C_b38_A"
[49] "chr10_80721380_A_G_b38_A" "chr10_80721556_T_A_b38_T"
[51] "chr10_80722261_T_C_b38_T" "chr10_80725080_C_A_b38_C"
[53] "chr10_80726511_G_T_b38_G" "chr10_80726514_G_A_b38_G"
[55] "chr10_80728089_G_T_b38_G" "chr10_80728101_A_G_b38_A"
[57] "chr10_80728195_T_C_b38_T" "chr10_80728341_C_T_b38_C"
[59] "chr10_80729152_C_T_b38_C" "chr10_80729867_A_G_b38_A"
[61] "chr10_80730081_A_G_b38_A" "chr10_80730557_G_A_b38_G"
[63] "chr10_80730675_T_C_b38_T" "chr10_80731318_G_A_b38_G"
[65] "chr10_80731697_C_T_b38_C" "chr10_80733086_G_A_b38_G"
[67] "chr10_80733422_C_T_b38_C"
32 SNP(s) removed because HWE P < 1e-08 :
 [1] "chr19_17504800_T_C_b38_T" "chr19_17504915_T_C_b38_T"
 [3] "chr19_17583443_G_T_b38_G" "chr19_17666011_C_T_b38_C"
 [5] "chr19_17666078_T_C_b38_T" "chr19_17847808_C_T_b38_C"
 [7] "chr19_17847968_T_C_b38_T" "chr19_17901200_G_T_b38_G"
 [9] "chr19_17908396_T_C_b38_T" "chr19_17924720_G_T_b38_G"
[11] "chr19_17928630_T_C_b38_T" "chr19_18036796_G_A_b38_G"
[13] "chr19_18037080_A_T_b38_A" "chr19_18037381_T_C_b38_T"
[15] "chr19_18037783_T_C_b38_T" "chr19_18039165_G_A_b38_G"
[17] "chr19_18039479_C_T_b38_C" "chr19_18039995_T_C_b38_T"
[19] "chr19_18040092_T_C_b38_T" "chr19_18040429_G_T_b38_G"
[21] "chr19_18040432_G_T_b38_G" "chr19_18042127_C_T_b38_C"
[23] "chr19_18042885_A_G_b38_A" "chr19_18043992_G_C_b38_G"
[25] "chr19_18044231_C_G_b38_C" "chr19_18044266_G_C_b38_G"
[27] "chr19_18251693_G_C_b38_G" "chr19_18260387_C_T_b38_C"
[29] "chr19_18262150_C_G_b38_C" "chr19_18265699_G_A_b38_G"
[31] "chr19_18265970_T_C_b38_T" "chr19_18267871_C_A_b38_C"
87 SNP(s) removed because HWE P < 1e-08 :
 [1] "chr19_48422639_G_A_b38_G" "chr19_48423349_G_C_b38_G"
 [3] "chr19_48423763_G_A_b38_G" "chr19_48469483_T_C_b38_T"
 [5] "chr19_48469839_G_A_b38_G" "chr19_48471042_A_C_b38_A"
 [7] "chr19_48471181_A_T_b38_A" "chr19_48471447_T_C_b38_T"
 [9] "chr19_48518292_C_T_b38_C" "chr19_48542259_T_C_b38_T"
[11] "chr19_48570380_T_C_b38_T" "chr19_48689126_C_T_b38_C"
[13] "chr19_48689515_G_A_b38_G" "chr19_48689599_A_G_b38_A"
[15] "chr19_48690217_T_C_b38_T" "chr19_48690218_G_T_b38_G"
[17] "chr19_48690221_C_T_b38_C" "chr19_48690328_G_A_b38_G"
[19] "chr19_48690335_T_A_b38_T" "chr19_48690404_A_T_b38_A"
[21] "chr19_48690549_T_C_b38_T" "chr19_48690556_C_A_b38_C"
[23] "chr19_48690595_A_T_b38_A" "chr19_48690601_G_A_b38_G"
[25] "chr19_48690632_C_T_b38_C" "chr19_48690680_G_A_b38_G"
[27] "chr19_48690700_T_A_b38_T" "chr19_48690701_T_A_b38_T"
[29] "chr19_48690848_C_G_b38_C" "chr19_48690970_G_A_b38_G"
[31] "chr19_48691039_T_C_b38_T" "chr19_48691122_G_A_b38_G"
[33] "chr19_48691166_C_T_b38_C" "chr19_48691183_C_T_b38_C"
[35] "chr19_48691269_T_C_b38_T" "chr19_48691505_T_A_b38_T"
[37] "chr19_48691555_C_T_b38_C" "chr19_48691619_T_C_b38_T"
[39] "chr19_48691623_C_T_b38_C" "chr19_48691635_T_C_b38_T"
[41] "chr19_48691651_C_T_b38_C" "chr19_48691652_G_A_b38_G"
[43] "chr19_48691833_A_G_b38_A" "chr19_48692051_T_C_b38_T"
[45] "chr19_48692101_C_T_b38_C" "chr19_48692424_C_T_b38_C"
[47] "chr19_48692425_A_G_b38_A" "chr19_48692510_C_T_b38_C"
[49] "chr19_48692528_T_C_b38_T" "chr19_48692998_G_A_b38_G"
[51] "chr19_48693206_G_A_b38_G" "chr19_48693465_G_A_b38_G"
[53] "chr19_48693829_C_T_b38_C" "chr19_48695750_T_C_b38_T"
[55] "chr19_48696176_T_C_b38_T" "chr19_48725974_T_C_b38_T"
[57] "chr19_48727122_A_G_b38_A" "chr19_48727699_T_G_b38_T"
[59] "chr19_48890217_C_A_b38_C" "chr19_48920990_C_T_b38_C"
[61] "chr19_48942294_G_A_b38_G" "chr19_49010245_T_C_b38_T"
[63] "chr19_49024790_G_A_b38_G" "chr19_49024905_T_C_b38_T"
[65] "chr19_49025018_C_T_b38_C" "chr19_49030775_G_A_b38_G"
[67] "chr19_49031003_C_T_b38_C" "chr19_49037617_G_A_b38_G"
[69] "chr19_49037931_T_C_b38_T" "chr19_49040314_T_C_b38_T"
[71] "chr19_49040316_C_T_b38_C" "chr19_49043523_T_C_b38_T"
[73] "chr19_49043530_T_G_b38_T" "chr19_49043539_T_C_b38_T"
[75] "chr19_49043554_T_C_b38_T" "chr19_49043701_T_C_b38_T"
[77] "chr19_49043703_T_A_b38_T" "chr19_49043844_A_G_b38_A"
[79] "chr19_49043882_C_T_b38_C" "chr19_49043886_G_A_b38_G"
[81] "chr19_49047631_T_G_b38_T" "chr19_49047715_G_C_b38_G"
[83] "chr19_49048571_C_G_b38_C" "chr19_49048578_T_C_b38_T"
[85] "chr19_49203479_T_G_b38_T" "chr19_49208809_G_A_b38_G"
[87] "chr19_49213690_A_G_b38_A"
74 SNP(s) removed because HWE P < 1e-08 :
 [1] "chr21_31920396_G_A_b38_G" "chr21_31935565_G_C_b38_G"
 [3] "chr21_31935580_T_G_b38_T" "chr21_32134286_A_T_b38_A"
 [5] "chr21_32238948_G_A_b38_G" "chr21_32250914_C_T_b38_C"
 [7] "chr21_32311415_A_C_b38_A" "chr21_32410343_C_T_b38_C"
 [9] "chr21_32432979_G_A_b38_G" "chr21_32432987_A_C_b38_A"
[11] "chr21_32432995_G_A_b38_G" "chr21_32433065_T_A_b38_T"
[13] "chr21_32433084_C_T_b38_C" "chr21_32433553_G_A_b38_G"
[15] "chr21_32433554_C_G_b38_C" "chr21_32433562_T_C_b38_T"
[17] "chr21_32433629_A_G_b38_A" "chr21_32433656_G_A_b38_G"
[19] "chr21_32433663_A_T_b38_A" "chr21_32434706_A_G_b38_A"
[21] "chr21_32434713_T_C_b38_T" "chr21_32434721_A_C_b38_A"
[23] "chr21_32434746_A_C_b38_A" "chr21_32434842_G_A_b38_G"
[25] "chr21_32434867_C_T_b38_C" "chr21_32434878_G_A_b38_G"
[27] "chr21_32434919_T_G_b38_T" "chr21_32434927_C_T_b38_C"
[29] "chr21_32434967_T_G_b38_T" "chr21_32434971_T_C_b38_T"
[31] "chr21_32434992_T_C_b38_T" "chr21_32435003_T_G_b38_T"
[33] "chr21_32435004_T_C_b38_T" "chr21_32435117_A_G_b38_A"
[35] "chr21_32435125_T_C_b38_T" "chr21_32435126_G_C_b38_G"
[37] "chr21_32435133_C_A_b38_C" "chr21_32435360_C_T_b38_C"
[39] "chr21_32435400_A_G_b38_A" "chr21_32435408_T_C_b38_T"
[41] "chr21_32435414_A_G_b38_A" "chr21_32435436_C_T_b38_C"
[43] "chr21_32435462_C_T_b38_C" "chr21_32435661_G_C_b38_G"
[45] "chr21_32435666_T_G_b38_T" "chr21_32435667_A_G_b38_A"
[47] "chr21_32435716_C_T_b38_C" "chr21_32435721_G_A_b38_G"
[49] "chr21_32435728_T_C_b38_T" "chr21_32435763_C_T_b38_C"
[51] "chr21_32435766_A_C_b38_A" "chr21_32435898_C_T_b38_C"
[53] "chr21_32435949_T_A_b38_T" "chr21_32435990_T_A_b38_T"
[55] "chr21_32436019_G_A_b38_G" "chr21_32436447_T_A_b38_T"
[57] "chr21_32436465_A_C_b38_A" "chr21_32436477_T_A_b38_T"
[59] "chr21_32436484_T_C_b38_T" "chr21_32436539_G_A_b38_G"
[61] "chr21_32436627_G_A_b38_G" "chr21_32436628_G_A_b38_G"
[63] "chr21_32436637_A_G_b38_A" "chr21_32436702_C_T_b38_C"
[65] "chr21_32436736_G_A_b38_G" "chr21_32436746_A_G_b38_A"
[67] "chr21_32437187_G_C_b38_G" "chr21_32437224_A_G_b38_A"
[69] "chr21_32437249_C_A_b38_C" "chr21_32437250_G_A_b38_G"
[71] "chr21_32437258_C_G_b38_C" "chr21_32621877_A_T_b38_A"
[73] "chr21_32660622_A_G_b38_A" "chr21_32660624_C_T_b38_C"
67 SNP(s) removed because HWE P < 1e-08 :
 [1] "chr10_79804144_T_C_b38_T" "chr10_79816248_C_T_b38_C"
 [3] "chr10_79816460_A_G_b38_A" "chr10_79837495_G_A_b38_G"
 [5] "chr10_79837509_G_T_b38_G" "chr10_79838576_T_C_b38_T"
 [7] "chr10_79839937_C_T_b38_C" "chr10_79869037_T_G_b38_T"
 [9] "chr10_79872629_G_C_b38_G" "chr10_79873974_T_C_b38_T"
[11] "chr10_79874361_G_C_b38_G" "chr10_79874368_C_A_b38_C"
[13] "chr10_79874586_C_A_b38_C" "chr10_79922706_G_A_b38_G"
[15] "chr10_79922714_T_A_b38_T" "chr10_80009733_G_A_b38_G"
[17] "chr10_80033814_T_C_b38_T" "chr10_80034124_A_G_b38_A"
[19] "chr10_80043217_T_A_b38_T" "chr10_80043246_G_C_b38_G"
[21] "chr10_80044942_G_C_b38_G" "chr10_80045003_G_A_b38_G"
[23] "chr10_80045010_A_G_b38_A" "chr10_80045146_G_A_b38_G"
[25] "chr10_80045156_T_G_b38_T" "chr10_80112364_T_C_b38_T"
[27] "chr10_80226502_T_C_b38_T" "chr10_80230282_T_C_b38_T"
[29] "chr10_80234407_G_A_b38_G" "chr10_80234524_T_G_b38_T"
[31] "chr10_80234560_C_A_b38_C" "chr10_80234565_C_T_b38_C"
[33] "chr10_80234569_G_A_b38_G" "chr10_80234703_C_T_b38_C"
[35] "chr10_80234711_C_T_b38_C" "chr10_80234837_G_T_b38_G"
[37] "chr10_80235036_G_C_b38_G" "chr10_80235098_G_C_b38_G"
[39] "chr10_80235251_A_G_b38_A" "chr10_80235302_G_A_b38_G"
[41] "chr10_80235484_G_T_b38_G" "chr10_80235899_C_T_b38_C"
[43] "chr10_80533643_A_G_b38_A" "chr10_80536352_G_A_b38_G"
[45] "chr10_80542046_T_C_b38_T" "chr10_80668365_G_T_b38_G"
[47] "chr10_80671657_A_G_b38_A" "chr10_80715044_A_C_b38_A"
[49] "chr10_80721380_A_G_b38_A" "chr10_80721556_T_A_b38_T"
[51] "chr10_80722261_T_C_b38_T" "chr10_80725080_C_A_b38_C"
[53] "chr10_80726511_G_T_b38_G" "chr10_80726514_G_A_b38_G"
[55] "chr10_80728089_G_T_b38_G" "chr10_80728101_A_G_b38_A"
[57] "chr10_80728195_T_C_b38_T" "chr10_80728341_C_T_b38_C"
[59] "chr10_80729152_C_T_b38_C" "chr10_80729867_A_G_b38_A"
[61] "chr10_80730081_A_G_b38_A" "chr10_80730557_G_A_b38_G"
[63] "chr10_80730675_T_C_b38_T" "chr10_80731318_G_A_b38_G"
[65] "chr10_80731697_C_T_b38_C" "chr10_80733086_G_A_b38_G"
[67] "chr10_80733422_C_T_b38_C"
6 SNP(s) removed because HWE P < 1e-08 :
[1] "chr13_29549344_C_T_b38_C" "chr13_29949626_G_C_b38_G"
[3] "chr13_30062346_T_C_b38_T" "chr13_30062379_G_C_b38_G"
[5] "chr13_30121793_C_T_b38_C" "chr13_30160356_C_T_b38_C"
67 SNP(s) removed because HWE P < 1e-08 :
 [1] "chr10_79804144_T_C_b38_T" "chr10_79816248_C_T_b38_C"
 [3] "chr10_79816460_A_G_b38_A" "chr10_79837495_G_A_b38_G"
 [5] "chr10_79837509_G_T_b38_G" "chr10_79838576_T_C_b38_T"
 [7] "chr10_79839937_C_T_b38_C" "chr10_79869037_T_G_b38_T"
 [9] "chr10_79872629_G_C_b38_G" "chr10_79873974_T_C_b38_T"
[11] "chr10_79874361_G_C_b38_G" "chr10_79874368_C_A_b38_C"
[13] "chr10_79874586_C_A_b38_C" "chr10_79922706_G_A_b38_G"
[15] "chr10_79922714_T_A_b38_T" "chr10_80009733_G_A_b38_G"
[17] "chr10_80033814_T_C_b38_T" "chr10_80034124_A_G_b38_A"
[19] "chr10_80043217_T_A_b38_T" "chr10_80043246_G_C_b38_G"
[21] "chr10_80044942_G_C_b38_G" "chr10_80045003_G_A_b38_G"
[23] "chr10_80045010_A_G_b38_A" "chr10_80045146_G_A_b38_G"
[25] "chr10_80045156_T_G_b38_T" "chr10_80112364_T_C_b38_T"
[27] "chr10_80226502_T_C_b38_T" "chr10_80230282_T_C_b38_T"
[29] "chr10_80234407_G_A_b38_G" "chr10_80234524_T_G_b38_T"
[31] "chr10_80234560_C_A_b38_C" "chr10_80234565_C_T_b38_C"
[33] "chr10_80234569_G_A_b38_G" "chr10_80234703_C_T_b38_C"
[35] "chr10_80234711_C_T_b38_C" "chr10_80234837_G_T_b38_G"
[37] "chr10_80235036_G_C_b38_G" "chr10_80235098_G_C_b38_G"
[39] "chr10_80235251_A_G_b38_A" "chr10_80235302_G_A_b38_G"
[41] "chr10_80235484_G_T_b38_G" "chr10_80235899_C_T_b38_C"
[43] "chr10_80533643_A_G_b38_A" "chr10_80536352_G_A_b38_G"
[45] "chr10_80542046_T_C_b38_T" "chr10_80668365_G_T_b38_G"
[47] "chr10_80671657_A_G_b38_A" "chr10_80715044_A_C_b38_A"
[49] "chr10_80721380_A_G_b38_A" "chr10_80721556_T_A_b38_T"
[51] "chr10_80722261_T_C_b38_T" "chr10_80725080_C_A_b38_C"
[53] "chr10_80726511_G_T_b38_G" "chr10_80726514_G_A_b38_G"
[55] "chr10_80728089_G_T_b38_G" "chr10_80728101_A_G_b38_A"
[57] "chr10_80728195_T_C_b38_T" "chr10_80728341_C_T_b38_C"
[59] "chr10_80729152_C_T_b38_C" "chr10_80729867_A_G_b38_A"
[61] "chr10_80730081_A_G_b38_A" "chr10_80730557_G_A_b38_G"
[63] "chr10_80730675_T_C_b38_T" "chr10_80731318_G_A_b38_G"
[65] "chr10_80731697_C_T_b38_C" "chr10_80733086_G_A_b38_G"
[67] "chr10_80733422_C_T_b38_C"
39 SNP(s) removed because HWE P < 1e-08 :
 [1] "chr22_49765666_G_C_b38_G" "chr22_49770965_G_C_b38_G"
 [3] "chr22_49837507_C_G_b38_C" "chr22_49846939_C_A_b38_C"
 [5] "chr22_49848251_T_C_b38_T" "chr22_49872508_G_A_b38_G"
 [7] "chr22_49880142_T_C_b38_T" "chr22_49880243_G_T_b38_G"
 [9] "chr22_49883047_G_C_b38_G" "chr22_49894697_A_G_b38_A"
[11] "chr22_49906790_T_C_b38_T" "chr22_49921580_T_C_b38_T"
[13] "chr22_49921715_C_A_b38_C" "chr22_49973759_T_C_b38_T"
[15] "chr22_50013858_A_C_b38_A" "chr22_50357867_G_A_b38_G"
[17] "chr22_50371703_G_C_b38_G" "chr22_50418711_G_A_b38_G"
[19] "chr22_50424402_A_C_b38_A" "chr22_50424421_C_A_b38_C"
[21] "chr22_50424423_C_T_b38_C" "chr22_50495487_G_A_b38_G"
[23] "chr22_50495498_T_C_b38_T" "chr22_50495499_G_A_b38_G"
[25] "chr22_50508159_C_G_b38_C" "chr22_50509182_A_G_b38_A"
[27] "chr22_50509488_T_C_b38_T" "chr22_50509962_A_G_b38_A"
[29] "chr22_50510817_C_T_b38_C" "chr22_50510967_T_C_b38_T"
[31] "chr22_50511806_T_C_b38_T" "chr22_50512014_T_C_b38_T"
[33] "chr22_50512298_G_A_b38_G" "chr22_50512549_T_G_b38_T"
[35] "chr22_50513313_G_C_b38_G" "chr22_50513793_G_A_b38_G"
[37] "chr22_50542614_C_T_b38_C" "chr22_50542624_A_T_b38_A"
[39] "chr22_50712000_C_T_b38_C"
26 SNP(s) removed because HWE P < 1e-08 :
 [1] "chr4_48078519_A_C_b38_A" "chr4_48079528_T_C_b38_T"
 [3] "chr4_48085231_T_C_b38_T" "chr4_48085838_G_A_b38_G"
 [5] "chr4_48086052_C_T_b38_C" "chr4_48086429_A_G_b38_A"
 [7] "chr4_48450863_T_C_b38_T" "chr4_48451209_C_T_b38_C"
 [9] "chr4_48452709_A_G_b38_A" "chr4_48711359_T_C_b38_T"
[11] "chr4_48711393_C_T_b38_C" "chr4_48711401_C_A_b38_C"
[13] "chr4_48711410_A_G_b38_A" "chr4_48711421_A_C_b38_A"
[15] "chr4_48711432_G_C_b38_G" "chr4_48711433_G_A_b38_G"
[17] "chr4_48711441_A_C_b38_A" "chr4_48711445_C_T_b38_C"
[19] "chr4_48711447_G_A_b38_G" "chr4_48711466_C_T_b38_C"
[21] "chr4_48711467_A_T_b38_A" "chr4_48711470_G_A_b38_G"
[23] "chr4_48711609_C_T_b38_C" "chr4_48711661_A_G_b38_A"
[25] "chr4_48711678_T_A_b38_T" "chr4_48711716_T_C_b38_T"
63 SNP(s) removed because HWE P < 1e-08 :
 [1] "chr14_93808110_G_C_b38_G" "chr14_94014026_C_T_b38_C"
 [3] "chr14_94014468_G_C_b38_G" "chr14_94015810_T_A_b38_T"
 [5] "chr14_94029792_C_T_b38_C" "chr14_94029845_C_A_b38_C"
 [7] "chr14_94030098_C_T_b38_C" "chr14_94349903_A_G_b38_A"
 [9] "chr14_94370690_A_G_b38_A" "chr14_94370732_C_A_b38_C"
[11] "chr14_94370742_C_T_b38_C" "chr14_94370745_G_A_b38_G"
[13] "chr14_94378897_G_C_b38_G" "chr14_94378898_T_C_b38_T"
[15] "chr14_94378900_A_G_b38_A" "chr14_94378934_A_T_b38_A"
[17] "chr14_94378941_G_A_b38_G" "chr14_94380003_C_T_b38_C"
[19] "chr14_94380014_T_C_b38_T" "chr14_94380017_G_A_b38_G"
[21] "chr14_94380024_T_C_b38_T" "chr14_94380037_A_G_b38_A"
[23] "chr14_94380042_G_A_b38_G" "chr14_94380048_A_G_b38_A"
[25] "chr14_94380049_T_A_b38_T" "chr14_94380053_A_G_b38_A"
[27] "chr14_94380057_T_C_b38_T" "chr14_94380058_G_A_b38_G"
[29] "chr14_94380063_G_C_b38_G" "chr14_94380085_T_C_b38_T"
[31] "chr14_94380106_C_A_b38_C" "chr14_94380111_C_T_b38_C"
[33] "chr14_94380112_C_T_b38_C" "chr14_94380151_A_G_b38_A"
[35] "chr14_94380152_G_T_b38_G" "chr14_94380164_T_C_b38_T"
[37] "chr14_94380166_C_T_b38_C" "chr14_94380168_G_T_b38_G"
[39] "chr14_94380175_A_G_b38_A" "chr14_94380212_C_T_b38_C"
[41] "chr14_94380215_C_G_b38_C" "chr14_94380222_T_C_b38_T"
[43] "chr14_94380244_A_G_b38_A" "chr14_94380250_C_A_b38_C"
[45] "chr14_94380312_G_A_b38_G" "chr14_94380318_C_T_b38_C"
[47] "chr14_94380322_T_C_b38_T" "chr14_94380324_T_C_b38_T"
[49] "chr14_94380333_C_T_b38_C" "chr14_94380362_C_T_b38_C"
[51] "chr14_94380371_T_C_b38_T" "chr14_94446984_A_T_b38_A"
[53] "chr14_94455670_G_T_b38_G" "chr14_94467053_C_T_b38_C"
[55] "chr14_94468771_C_T_b38_C" "chr14_94578680_G_A_b38_G"
[57] "chr14_94637276_C_T_b38_C" "chr14_94638842_C_T_b38_C"
[59] "chr14_94639184_C_T_b38_C" "chr14_94657781_C_A_b38_C"
[61] "chr14_94717842_A_C_b38_A" "chr14_94757444_A_T_b38_A"
[63] "chr14_94763440_G_A_b38_G"
69 SNP(s) removed because HWE P < 1e-08 :
 [1] "chr8_81253423_T_C_b38_T" "chr8_81281143_C_T_b38_C"
 [3] "chr8_81289273_A_T_b38_A" "chr8_81297255_A_G_b38_A"
 [5] "chr8_81299436_C_T_b38_C" "chr8_81300344_T_C_b38_T"
 [7] "chr8_81325559_T_C_b38_T" "chr8_81327049_C_G_b38_C"
 [9] "chr8_81327156_T_G_b38_T" "chr8_81327252_A_G_b38_A"
[11] "chr8_81327333_T_C_b38_T" "chr8_81327394_A_G_b38_A"
[13] "chr8_81328362_A_G_b38_A" "chr8_81328531_C_A_b38_C"
[15] "chr8_81329064_T_A_b38_T" "chr8_81329094_T_G_b38_T"
[17] "chr8_81329957_C_T_b38_C" "chr8_81330786_A_G_b38_A"
[19] "chr8_81330873_T_C_b38_T" "chr8_81331043_A_C_b38_A"
[21] "chr8_81331131_T_C_b38_T" "chr8_81331608_C_T_b38_C"
[23] "chr8_81331614_C_T_b38_C" "chr8_81331709_T_G_b38_T"
[25] "chr8_81331864_A_G_b38_A" "chr8_81331877_C_T_b38_C"
[27] "chr8_81332098_G_A_b38_G" "chr8_81332283_A_G_b38_A"
[29] "chr8_81332524_C_T_b38_C" "chr8_81332904_A_T_b38_A"
[31] "chr8_81332906_C_T_b38_C" "chr8_81333125_G_A_b38_G"
[33] "chr8_81333194_G_T_b38_G" "chr8_81333216_T_C_b38_T"
[35] "chr8_81333791_C_T_b38_C" "chr8_81334313_T_C_b38_T"
[37] "chr8_81335686_A_G_b38_A" "chr8_81336303_C_T_b38_C"
[39] "chr8_81464464_C_T_b38_C" "chr8_81468508_A_T_b38_A"
[41] "chr8_81468888_A_G_b38_A" "chr8_81469332_T_C_b38_T"
[43] "chr8_81469415_G_A_b38_G" "chr8_81470506_G_A_b38_G"
[45] "chr8_81470621_C_T_b38_C" "chr8_81471159_T_G_b38_T"
[47] "chr8_81514819_A_C_b38_A" "chr8_81515555_C_T_b38_C"
[49] "chr8_81518769_T_C_b38_T" "chr8_81527961_G_T_b38_G"
[51] "chr8_81900677_A_T_b38_A" "chr8_81900680_C_T_b38_C"
[53] "chr8_81900761_G_T_b38_G" "chr8_81900762_G_A_b38_G"
[55] "chr8_81900773_G_A_b38_G" "chr8_81900776_G_T_b38_G"
[57] "chr8_81900779_T_C_b38_T" "chr8_81900782_C_T_b38_C"
[59] "chr8_81900783_T_C_b38_T" "chr8_81900784_G_A_b38_G"
[61] "chr8_81900789_T_C_b38_T" "chr8_81900796_C_G_b38_C"
[63] "chr8_81900800_G_C_b38_G" "chr8_82127185_G_A_b38_G"
[65] "chr8_82127192_C_G_b38_C" "chr8_82129772_G_C_b38_G"
[67] "chr8_82130336_C_T_b38_C" "chr8_82136891_C_T_b38_C"
[69] "chr8_82137774_C_G_b38_C"
47 SNP(s) removed because HWE P < 1e-08 :
 [1] "chr8_142373623_A_C_b38_A" "chr8_142504734_G_T_b38_G"
 [3] "chr8_142521318_G_C_b38_G" "chr8_142527074_C_G_b38_C"
 [5] "chr8_142556280_C_A_b38_C" "chr8_142622203_G_C_b38_G"
 [7] "chr8_142710283_G_A_b38_G" "chr8_142710318_G_A_b38_G"
 [9] "chr8_142710352_C_T_b38_C" "chr8_142710373_G_A_b38_G"
[11] "chr8_142809058_A_G_b38_A" "chr8_142809201_A_T_b38_A"
[13] "chr8_142809424_G_A_b38_G" "chr8_142809782_C_G_b38_C"
[15] "chr8_142809855_A_G_b38_A" "chr8_142809857_A_G_b38_A"
[17] "chr8_142810451_C_A_b38_C" "chr8_142810456_T_C_b38_T"
[19] "chr8_142810468_T_C_b38_T" "chr8_142810470_C_A_b38_C"
[21] "chr8_142811427_G_A_b38_G" "chr8_142812054_T_C_b38_T"
[23] "chr8_142812384_G_T_b38_G" "chr8_142835410_G_A_b38_G"
[25] "chr8_142877404_A_G_b38_A" "chr8_142877495_A_G_b38_A"
[27] "chr8_142877525_A_G_b38_A" "chr8_142877651_G_A_b38_G"
[29] "chr8_142877758_T_C_b38_T" "chr8_142912960_G_C_b38_G"
[31] "chr8_142913390_A_G_b38_A" "chr8_142936422_C_G_b38_C"
[33] "chr8_142957864_T_C_b38_T" "chr8_142958462_T_C_b38_T"
[35] "chr8_142959824_G_A_b38_G" "chr8_142960244_A_G_b38_A"
[37] "chr8_142982920_G_A_b38_G" "chr8_142986233_T_C_b38_T"
[39] "chr8_143005741_T_C_b38_T" "chr8_143029606_T_A_b38_T"
[41] "chr8_143029610_T_A_b38_T" "chr8_143039748_C_T_b38_C"
[43] "chr8_143044419_C_T_b38_C" "chr8_143058735_C_A_b38_C"
[45] "chr8_143058758_T_C_b38_T" "chr8_143108182_C_T_b38_C"
[47] "chr8_143207597_C_T_b38_C"
32 SNP(s) removed because HWE P < 1e-08 :
 [1] "chr19_17504800_T_C_b38_T" "chr19_17504915_T_C_b38_T"
 [3] "chr19_17583443_G_T_b38_G" "chr19_17666011_C_T_b38_C"
 [5] "chr19_17666078_T_C_b38_T" "chr19_17847808_C_T_b38_C"
 [7] "chr19_17847968_T_C_b38_T" "chr19_17901200_G_T_b38_G"
 [9] "chr19_17908396_T_C_b38_T" "chr19_17924720_G_T_b38_G"
[11] "chr19_17928630_T_C_b38_T" "chr19_18036796_G_A_b38_G"
[13] "chr19_18037080_A_T_b38_A" "chr19_18037381_T_C_b38_T"
[15] "chr19_18037783_T_C_b38_T" "chr19_18039165_G_A_b38_G"
[17] "chr19_18039479_C_T_b38_C" "chr19_18039995_T_C_b38_T"
[19] "chr19_18040092_T_C_b38_T" "chr19_18040429_G_T_b38_G"
[21] "chr19_18040432_G_T_b38_G" "chr19_18042127_C_T_b38_C"
[23] "chr19_18042885_A_G_b38_A" "chr19_18043992_G_C_b38_G"
[25] "chr19_18044231_C_G_b38_C" "chr19_18044266_G_C_b38_G"
[27] "chr19_18251693_G_C_b38_G" "chr19_18260387_C_T_b38_C"
[29] "chr19_18262150_C_G_b38_C" "chr19_18265699_G_A_b38_G"
[31] "chr19_18265970_T_C_b38_T" "chr19_18267871_C_A_b38_C"
158 SNP(s) removed because HWE P < 1e-08 :
  [1] "chr1_160681123_A_G_b38_A" "chr1_160692806_C_A_b38_C"
  [3] "chr1_160692808_A_G_b38_A" "chr1_160692817_A_C_b38_A"
  [5] "chr1_160692995_A_G_b38_A" "chr1_160693032_G_T_b38_G"
  [7] "chr1_160693129_C_A_b38_C" "chr1_160693287_A_G_b38_A"
  [9] "chr1_160693297_C_T_b38_C" "chr1_160693299_C_T_b38_C"
 [11] "chr1_160693300_G_T_b38_G" "chr1_160693305_G_C_b38_G"
 [13] "chr1_160693334_C_T_b38_C" "chr1_160693352_A_G_b38_A"
 [15] "chr1_160693354_C_T_b38_C" "chr1_160693355_A_G_b38_A"
 [17] "chr1_160693370_A_G_b38_A" "chr1_160693517_A_G_b38_A"
 [19] "chr1_160693540_T_A_b38_T" "chr1_160693562_C_T_b38_C"
 [21] "chr1_160693588_C_G_b38_C" "chr1_160693590_A_G_b38_A"
 [23] "chr1_160693615_G_A_b38_G" "chr1_160693836_C_A_b38_C"
 [25] "chr1_160693911_G_A_b38_G" "chr1_160693937_T_C_b38_T"
 [27] "chr1_160693976_C_A_b38_C" "chr1_160694194_G_A_b38_G"
 [29] "chr1_160694227_A_T_b38_A" "chr1_160694234_A_G_b38_A"
 [31] "chr1_160694955_A_G_b38_A" "chr1_160694970_G_A_b38_G"
 [33] "chr1_160695174_C_A_b38_C" "chr1_160695230_A_C_b38_A"
 [35] "chr1_160695295_T_C_b38_T" "chr1_160695334_G_A_b38_G"
 [37] "chr1_160695336_A_G_b38_A" "chr1_160695367_G_A_b38_G"
 [39] "chr1_160695385_T_C_b38_T" "chr1_160695412_G_T_b38_G"
 [41] "chr1_160695524_C_G_b38_C" "chr1_160695535_G_A_b38_G"
 [43] "chr1_160695622_C_T_b38_C" "chr1_160695748_C_T_b38_C"
 [45] "chr1_160695776_A_G_b38_A" "chr1_160695941_G_A_b38_G"
 [47] "chr1_160695947_G_A_b38_G" "chr1_160695982_G_A_b38_G"
 [49] "chr1_160695987_G_A_b38_G" "chr1_160696005_G_A_b38_G"
 [51] "chr1_160696010_A_G_b38_A" "chr1_160696013_G_T_b38_G"
 [53] "chr1_160696016_A_T_b38_A" "chr1_160696027_A_G_b38_A"
 [55] "chr1_160696045_G_T_b38_G" "chr1_160696048_C_T_b38_C"
 [57] "chr1_160696057_G_A_b38_G" "chr1_160696088_T_C_b38_T"
 [59] "chr1_160696115_G_C_b38_G" "chr1_160696146_T_C_b38_T"
 [61] "chr1_160696147_G_A_b38_G" "chr1_160696169_C_A_b38_C"
 [63] "chr1_160696179_A_C_b38_A" "chr1_160696181_A_G_b38_A"
 [65] "chr1_160696188_A_T_b38_A" "chr1_160696234_A_C_b38_A"
 [67] "chr1_160696267_A_G_b38_A" "chr1_160696327_C_A_b38_C"
 [69] "chr1_160696349_C_A_b38_C" "chr1_160696356_A_G_b38_A"
 [71] "chr1_160696387_C_T_b38_C" "chr1_160697195_G_A_b38_G"
 [73] "chr1_160697196_C_G_b38_C" "chr1_160697198_G_A_b38_G"
 [75] "chr1_160697262_C_T_b38_C" "chr1_160697264_C_T_b38_C"
 [77] "chr1_160697329_T_C_b38_T" "chr1_160697340_G_C_b38_G"
 [79] "chr1_160697367_G_T_b38_G" "chr1_160697370_T_A_b38_T"
 [81] "chr1_160697378_T_G_b38_T" "chr1_160697398_G_C_b38_G"
 [83] "chr1_160697399_C_T_b38_C" "chr1_160697413_G_A_b38_G"
 [85] "chr1_160697470_A_G_b38_A" "chr1_160697475_C_T_b38_C"
 [87] "chr1_160697492_G_A_b38_G" "chr1_160697545_C_T_b38_C"
 [89] "chr1_160697551_T_C_b38_T" "chr1_160697553_A_G_b38_A"
 [91] "chr1_160697568_T_C_b38_T" "chr1_160697617_A_G_b38_A"
 [93] "chr1_160697670_A_C_b38_A" "chr1_160846996_A_C_b38_A"
 [95] "chr1_161289503_G_A_b38_G" "chr1_161514774_T_A_b38_T"
 [97] "chr1_161514813_C_T_b38_C" "chr1_161514846_C_T_b38_C"
 [99] "chr1_161515894_C_T_b38_C" "chr1_161518749_G_C_b38_G"
[101] "chr1_161518767_C_A_b38_C" "chr1_161527631_C_A_b38_C"
[103] "chr1_161527656_T_G_b38_T" "chr1_161527755_T_C_b38_T"
[105] "chr1_161527756_C_T_b38_C" "chr1_161534126_T_C_b38_T"
[107] "chr1_161534306_T_C_b38_T" "chr1_161536235_A_G_b38_A"
[109] "chr1_161543658_A_G_b38_A" "chr1_161543847_A_T_b38_A"
[111] "chr1_161543913_C_T_b38_C" "chr1_161543914_A_G_b38_A"
[113] "chr1_161544117_A_G_b38_A" "chr1_161547516_C_T_b38_C"
[115] "chr1_161547841_T_C_b38_T" "chr1_161547844_T_C_b38_T"
[117] "chr1_161547871_A_G_b38_A" "chr1_161548020_G_C_b38_G"
[119] "chr1_161548052_C_G_b38_C" "chr1_161548104_T_A_b38_T"
[121] "chr1_161548369_C_T_b38_C" "chr1_161548382_C_T_b38_C"
[123] "chr1_161548424_T_C_b38_T" "chr1_161548546_C_T_b38_C"
[125] "chr1_161548828_G_A_b38_G" "chr1_161550184_G_C_b38_G"
[127] "chr1_161550221_G_C_b38_G" "chr1_161550223_T_C_b38_T"
[129] "chr1_161550467_C_T_b38_C" "chr1_161550724_G_T_b38_G"
[131] "chr1_161551068_C_T_b38_C" "chr1_161551129_T_C_b38_T"
[133] "chr1_161551365_G_A_b38_G" "chr1_161552912_C_T_b38_C"
[135] "chr1_161554029_A_T_b38_A" "chr1_161554263_T_G_b38_T"
[137] "chr1_161554534_T_C_b38_T" "chr1_161555240_C_T_b38_C"
[139] "chr1_161555539_A_C_b38_A" "chr1_161558046_T_G_b38_T"
[141] "chr1_161559610_C_T_b38_C" "chr1_161559681_C_A_b38_C"
[143] "chr1_161559730_G_A_b38_G" "chr1_161560030_C_T_b38_C"
[145] "chr1_161561275_T_C_b38_T" "chr1_161561294_T_C_b38_T"
[147] "chr1_161561515_G_A_b38_G" "chr1_161561547_C_T_b38_C"
[149] "chr1_161568896_C_T_b38_C" "chr1_161568930_C_T_b38_C"
[151] "chr1_161568958_T_C_b38_T" "chr1_161569201_G_C_b38_G"
[153] "chr1_161578926_G_A_b38_G" "chr1_161579181_T_C_b38_T"
[155] "chr1_161585671_C_A_b38_C" "chr1_161614775_A_G_b38_A"
[157] "chr1_161614811_A_C_b38_A" "chr1_161614815_A_G_b38_A"
85 SNP(s) removed because HWE P < 1e-08 :
 [1] "chr1_99731054_C_T_b38_C"  "chr1_99783035_C_T_b38_C" 
 [3] "chr1_99783994_C_A_b38_C"  "chr1_99784641_G_A_b38_G" 
 [5] "chr1_99794164_C_G_b38_C"  "chr1_99794198_C_G_b38_C" 
 [7] "chr1_99800920_A_C_b38_A"  "chr1_99809114_A_G_b38_A" 
 [9] "chr1_99823367_C_T_b38_C"  "chr1_99823431_A_T_b38_A" 
[11] "chr1_99823442_T_A_b38_T"  "chr1_99823469_G_A_b38_G" 
[13] "chr1_99823474_G_A_b38_G"  "chr1_99823484_G_A_b38_G" 
[15] "chr1_99823486_C_T_b38_C"  "chr1_99823487_C_T_b38_C" 
[17] "chr1_100251891_G_T_b38_G" "chr1_100267125_A_G_b38_A"
[19] "chr1_100306080_T_C_b38_T" "chr1_100306465_T_G_b38_T"
[21] "chr1_100308357_G_A_b38_G" "chr1_100311438_T_A_b38_T"
[23] "chr1_100315613_T_C_b38_T" "chr1_100315697_A_G_b38_A"
[25] "chr1_100315981_T_C_b38_T" "chr1_100319120_G_T_b38_G"
[27] "chr1_100321709_A_G_b38_A" "chr1_100345151_G_A_b38_G"
[29] "chr1_100348207_G_A_b38_G" "chr1_100368409_G_A_b38_G"
[31] "chr1_100375941_G_A_b38_G" "chr1_100418173_G_C_b38_G"
[33] "chr1_100419504_C_T_b38_C" "chr1_100419672_C_T_b38_C"
[35] "chr1_100421414_G_A_b38_G" "chr1_100428143_T_G_b38_T"
[37] "chr1_100428863_C_A_b38_C" "chr1_100440910_T_C_b38_T"
[39] "chr1_100441022_A_C_b38_A" "chr1_100443576_C_T_b38_C"
[41] "chr1_100444143_C_T_b38_C" "chr1_100444811_G_A_b38_G"
[43] "chr1_100445204_C_G_b38_C" "chr1_100447977_G_A_b38_G"
[45] "chr1_100448714_A_G_b38_A" "chr1_100449026_C_G_b38_C"
[47] "chr1_100450457_T_C_b38_T" "chr1_100452072_C_T_b38_C"
[49] "chr1_100454582_C_T_b38_C" "chr1_100454684_C_T_b38_C"
[51] "chr1_100454717_T_A_b38_T" "chr1_100457706_T_C_b38_T"
[53] "chr1_100457791_G_A_b38_G" "chr1_100460494_G_A_b38_G"
[55] "chr1_100460664_C_T_b38_C" "chr1_100467832_T_C_b38_T"
[57] "chr1_100469254_A_G_b38_A" "chr1_100473558_T_C_b38_T"
[59] "chr1_100474389_A_G_b38_A" "chr1_100478563_G_T_b38_G"
[61] "chr1_100480428_A_G_b38_A" "chr1_100480891_C_G_b38_C"
[63] "chr1_100488303_C_T_b38_C" "chr1_100488534_C_T_b38_C"
[65] "chr1_100493769_T_C_b38_T" "chr1_100497485_A_G_b38_A"
[67] "chr1_100500317_A_G_b38_A" "chr1_100502013_A_G_b38_A"
[69] "chr1_100505853_A_G_b38_A" "chr1_100506021_C_G_b38_C"
[71] "chr1_100506512_C_T_b38_C" "chr1_100506596_C_A_b38_C"
[73] "chr1_100506610_A_G_b38_A" "chr1_100506834_A_G_b38_A"
[75] "chr1_100507466_C_A_b38_C" "chr1_100507833_C_T_b38_C"
[77] "chr1_100509001_T_C_b38_T" "chr1_100509651_G_C_b38_G"
[79] "chr1_100510969_C_T_b38_C" "chr1_100511532_C_T_b38_C"
[81] "chr1_100514400_G_A_b38_G" "chr1_100515693_C_T_b38_C"
[83] "chr1_100516237_T_C_b38_T" "chr1_100518536_T_C_b38_T"
[85] "chr1_100518963_T_C_b38_T"
12 SNP(s) removed because HWE P < 1e-08 :
 [1] "chr16_74534394_G_A_b38_G" "chr16_74575926_C_G_b38_C"
 [3] "chr16_74840723_G_A_b38_G" "chr16_74915861_A_T_b38_A"
 [5] "chr16_74919123_G_A_b38_G" "chr16_75025074_A_T_b38_A"
 [7] "chr16_75031193_A_G_b38_A" "chr16_75042840_G_T_b38_G"
 [9] "chr16_75048097_C_T_b38_C" "chr16_75050292_G_A_b38_G"
[11] "chr16_75061460_C_T_b38_C" "chr16_75492272_A_C_b38_A"
20 SNP(s) removed because HWE P < 1e-08 :
 [1] "chr17_35379518_A_C_b38_A" "chr17_35442015_G_A_b38_G"
 [3] "chr17_35996816_T_G_b38_T" "chr17_36082933_C_A_b38_C"
 [5] "chr17_36083801_G_C_b38_G" "chr17_36083900_T_A_b38_T"
 [7] "chr17_36109988_G_T_b38_G" "chr17_36111300_G_A_b38_G"
 [9] "chr17_36112019_G_A_b38_G" "chr17_36114883_G_A_b38_G"
[11] "chr17_36152807_C_A_b38_C" "chr17_36160669_C_T_b38_C"
[13] "chr17_36161464_T_G_b38_T" "chr17_36163152_C_T_b38_C"
[15] "chr17_36163256_C_T_b38_C" "chr17_36164185_C_T_b38_C"
[17] "chr17_36165283_A_G_b38_A" "chr17_36165307_T_G_b38_T"
[19] "chr17_36229227_G_A_b38_G" "chr17_36229290_G_T_b38_G"
47 SNP(s) removed because HWE P < 1e-08 :
 [1] "chr8_142373623_A_C_b38_A" "chr8_142504734_G_T_b38_G"
 [3] "chr8_142521318_G_C_b38_G" "chr8_142527074_C_G_b38_C"
 [5] "chr8_142556280_C_A_b38_C" "chr8_142622203_G_C_b38_G"
 [7] "chr8_142710283_G_A_b38_G" "chr8_142710318_G_A_b38_G"
 [9] "chr8_142710352_C_T_b38_C" "chr8_142710373_G_A_b38_G"
[11] "chr8_142809058_A_G_b38_A" "chr8_142809201_A_T_b38_A"
[13] "chr8_142809424_G_A_b38_G" "chr8_142809782_C_G_b38_C"
[15] "chr8_142809855_A_G_b38_A" "chr8_142809857_A_G_b38_A"
[17] "chr8_142810451_C_A_b38_C" "chr8_142810456_T_C_b38_T"
[19] "chr8_142810468_T_C_b38_T" "chr8_142810470_C_A_b38_C"
[21] "chr8_142811427_G_A_b38_G" "chr8_142812054_T_C_b38_T"
[23] "chr8_142812384_G_T_b38_G" "chr8_142835410_G_A_b38_G"
[25] "chr8_142877404_A_G_b38_A" "chr8_142877495_A_G_b38_A"
[27] "chr8_142877525_A_G_b38_A" "chr8_142877651_G_A_b38_G"
[29] "chr8_142877758_T_C_b38_T" "chr8_142912960_G_C_b38_G"
[31] "chr8_142913390_A_G_b38_A" "chr8_142936422_C_G_b38_C"
[33] "chr8_142957864_T_C_b38_T" "chr8_142958462_T_C_b38_T"
[35] "chr8_142959824_G_A_b38_G" "chr8_142960244_A_G_b38_A"
[37] "chr8_142982920_G_A_b38_G" "chr8_142986233_T_C_b38_T"
[39] "chr8_143005741_T_C_b38_T" "chr8_143029606_T_A_b38_T"
[41] "chr8_143029610_T_A_b38_T" "chr8_143039748_C_T_b38_C"
[43] "chr8_143044419_C_T_b38_C" "chr8_143058735_C_A_b38_C"
[45] "chr8_143058758_T_C_b38_T" "chr8_143108182_C_T_b38_C"
[47] "chr8_143207597_C_T_b38_C"
32 SNP(s) removed because HWE P < 1e-08 :
 [1] "chr19_17504800_T_C_b38_T" "chr19_17504915_T_C_b38_T"
 [3] "chr19_17583443_G_T_b38_G" "chr19_17666011_C_T_b38_C"
 [5] "chr19_17666078_T_C_b38_T" "chr19_17847808_C_T_b38_C"
 [7] "chr19_17847968_T_C_b38_T" "chr19_17901200_G_T_b38_G"
 [9] "chr19_17908396_T_C_b38_T" "chr19_17924720_G_T_b38_G"
[11] "chr19_17928630_T_C_b38_T" "chr19_18036796_G_A_b38_G"
[13] "chr19_18037080_A_T_b38_A" "chr19_18037381_T_C_b38_T"
[15] "chr19_18037783_T_C_b38_T" "chr19_18039165_G_A_b38_G"
[17] "chr19_18039479_C_T_b38_C" "chr19_18039995_T_C_b38_T"
[19] "chr19_18040092_T_C_b38_T" "chr19_18040429_G_T_b38_G"
[21] "chr19_18040432_G_T_b38_G" "chr19_18042127_C_T_b38_C"
[23] "chr19_18042885_A_G_b38_A" "chr19_18043992_G_C_b38_G"
[25] "chr19_18044231_C_G_b38_C" "chr19_18044266_G_C_b38_G"
[27] "chr19_18251693_G_C_b38_G" "chr19_18260387_C_T_b38_C"
[29] "chr19_18262150_C_G_b38_C" "chr19_18265699_G_A_b38_G"
[31] "chr19_18265970_T_C_b38_T" "chr19_18267871_C_A_b38_C"
37 SNP(s) removed because HWE P < 1e-08 :
 [1] "chr16_24109784_G_A_b38_G" "chr16_24227690_G_C_b38_G"
 [3] "chr16_24233628_G_C_b38_G" "chr16_24496566_C_T_b38_C"
 [5] "chr16_24496764_C_A_b38_C" "chr16_24499309_C_T_b38_C"
 [7] "chr16_24870481_A_C_b38_A" "chr16_24873006_G_A_b38_G"
 [9] "chr16_24884357_A_G_b38_A" "chr16_24917601_A_G_b38_A"
[11] "chr16_24917765_G_A_b38_G" "chr16_24917986_T_C_b38_T"
[13] "chr16_24919227_T_C_b38_T" "chr16_24920477_C_T_b38_C"
[15] "chr16_24920573_A_G_b38_A" "chr16_24921599_T_C_b38_T"
[17] "chr16_24923143_G_T_b38_G" "chr16_24924245_T_C_b38_T"
[19] "chr16_24924716_A_T_b38_A" "chr16_24925306_A_G_b38_A"
[21] "chr16_24927264_T_C_b38_T" "chr16_24932825_T_C_b38_T"
[23] "chr16_24940578_A_G_b38_A" "chr16_24943087_G_A_b38_G"
[25] "chr16_24943465_A_G_b38_A" "chr16_24945135_A_G_b38_A"
[27] "chr16_24945229_T_G_b38_T" "chr16_24945237_A_C_b38_A"
[29] "chr16_24947347_A_C_b38_A" "chr16_24947664_G_A_b38_G"
[31] "chr16_24948730_C_G_b38_C" "chr16_24950568_T_C_b38_T"
[33] "chr16_24952718_T_C_b38_T" "chr16_24953197_T_C_b38_T"
[35] "chr16_24953395_G_T_b38_G" "chr16_24953714_C_T_b38_C"
[37] "chr16_24955202_T_C_b38_T"
32 SNP(s) removed because HWE P < 1e-08 :
 [1] "chr19_17504800_T_C_b38_T" "chr19_17504915_T_C_b38_T"
 [3] "chr19_17583443_G_T_b38_G" "chr19_17666011_C_T_b38_C"
 [5] "chr19_17666078_T_C_b38_T" "chr19_17847808_C_T_b38_C"
 [7] "chr19_17847968_T_C_b38_T" "chr19_17901200_G_T_b38_G"
 [9] "chr19_17908396_T_C_b38_T" "chr19_17924720_G_T_b38_G"
[11] "chr19_17928630_T_C_b38_T" "chr19_18036796_G_A_b38_G"
[13] "chr19_18037080_A_T_b38_A" "chr19_18037381_T_C_b38_T"
[15] "chr19_18037783_T_C_b38_T" "chr19_18039165_G_A_b38_G"
[17] "chr19_18039479_C_T_b38_C" "chr19_18039995_T_C_b38_T"
[19] "chr19_18040092_T_C_b38_T" "chr19_18040429_G_T_b38_G"
[21] "chr19_18040432_G_T_b38_G" "chr19_18042127_C_T_b38_C"
[23] "chr19_18042885_A_G_b38_A" "chr19_18043992_G_C_b38_G"
[25] "chr19_18044231_C_G_b38_C" "chr19_18044266_G_C_b38_G"
[27] "chr19_18251693_G_C_b38_G" "chr19_18260387_C_T_b38_C"
[29] "chr19_18262150_C_G_b38_C" "chr19_18265699_G_A_b38_G"
[31] "chr19_18265970_T_C_b38_T" "chr19_18267871_C_A_b38_C"
63 SNP(s) removed because HWE P < 1e-08 :
 [1] "chr14_94014026_C_T_b38_C" "chr14_94014468_G_C_b38_G"
 [3] "chr14_94015810_T_A_b38_T" "chr14_94029792_C_T_b38_C"
 [5] "chr14_94029845_C_A_b38_C" "chr14_94030098_C_T_b38_C"
 [7] "chr14_94349903_A_G_b38_A" "chr14_94370690_A_G_b38_A"
 [9] "chr14_94370732_C_A_b38_C" "chr14_94370742_C_T_b38_C"
[11] "chr14_94370745_G_A_b38_G" "chr14_94378897_G_C_b38_G"
[13] "chr14_94378898_T_C_b38_T" "chr14_94378900_A_G_b38_A"
[15] "chr14_94378934_A_T_b38_A" "chr14_94378941_G_A_b38_G"
[17] "chr14_94380003_C_T_b38_C" "chr14_94380014_T_C_b38_T"
[19] "chr14_94380017_G_A_b38_G" "chr14_94380024_T_C_b38_T"
[21] "chr14_94380037_A_G_b38_A" "chr14_94380042_G_A_b38_G"
[23] "chr14_94380048_A_G_b38_A" "chr14_94380049_T_A_b38_T"
[25] "chr14_94380053_A_G_b38_A" "chr14_94380057_T_C_b38_T"
[27] "chr14_94380058_G_A_b38_G" "chr14_94380063_G_C_b38_G"
[29] "chr14_94380085_T_C_b38_T" "chr14_94380106_C_A_b38_C"
[31] "chr14_94380111_C_T_b38_C" "chr14_94380112_C_T_b38_C"
[33] "chr14_94380151_A_G_b38_A" "chr14_94380152_G_T_b38_G"
[35] "chr14_94380164_T_C_b38_T" "chr14_94380166_C_T_b38_C"
[37] "chr14_94380168_G_T_b38_G" "chr14_94380175_A_G_b38_A"
[39] "chr14_94380212_C_T_b38_C" "chr14_94380215_C_G_b38_C"
[41] "chr14_94380222_T_C_b38_T" "chr14_94380244_A_G_b38_A"
[43] "chr14_94380250_C_A_b38_C" "chr14_94380312_G_A_b38_G"
[45] "chr14_94380318_C_T_b38_C" "chr14_94380322_T_C_b38_T"
[47] "chr14_94380324_T_C_b38_T" "chr14_94380333_C_T_b38_C"
[49] "chr14_94380362_C_T_b38_C" "chr14_94380371_T_C_b38_T"
[51] "chr14_94446984_A_T_b38_A" "chr14_94455670_G_T_b38_G"
[53] "chr14_94467053_C_T_b38_C" "chr14_94468771_C_T_b38_C"
[55] "chr14_94578680_G_A_b38_G" "chr14_94637276_C_T_b38_C"
[57] "chr14_94638842_C_T_b38_C" "chr14_94639184_C_T_b38_C"
[59] "chr14_94657781_C_A_b38_C" "chr14_94717842_A_C_b38_A"
[61] "chr14_94757444_A_T_b38_A" "chr14_94763440_G_A_b38_G"
[63] "chr14_94821833_A_G_b38_A"
158 SNP(s) removed because HWE P < 1e-08 :
  [1] "chr1_160681123_A_G_b38_A" "chr1_160692806_C_A_b38_C"
  [3] "chr1_160692808_A_G_b38_A" "chr1_160692817_A_C_b38_A"
  [5] "chr1_160692995_A_G_b38_A" "chr1_160693032_G_T_b38_G"
  [7] "chr1_160693129_C_A_b38_C" "chr1_160693287_A_G_b38_A"
  [9] "chr1_160693297_C_T_b38_C" "chr1_160693299_C_T_b38_C"
 [11] "chr1_160693300_G_T_b38_G" "chr1_160693305_G_C_b38_G"
 [13] "chr1_160693334_C_T_b38_C" "chr1_160693352_A_G_b38_A"
 [15] "chr1_160693354_C_T_b38_C" "chr1_160693355_A_G_b38_A"
 [17] "chr1_160693370_A_G_b38_A" "chr1_160693517_A_G_b38_A"
 [19] "chr1_160693540_T_A_b38_T" "chr1_160693562_C_T_b38_C"
 [21] "chr1_160693588_C_G_b38_C" "chr1_160693590_A_G_b38_A"
 [23] "chr1_160693615_G_A_b38_G" "chr1_160693836_C_A_b38_C"
 [25] "chr1_160693911_G_A_b38_G" "chr1_160693937_T_C_b38_T"
 [27] "chr1_160693976_C_A_b38_C" "chr1_160694194_G_A_b38_G"
 [29] "chr1_160694227_A_T_b38_A" "chr1_160694234_A_G_b38_A"
 [31] "chr1_160694955_A_G_b38_A" "chr1_160694970_G_A_b38_G"
 [33] "chr1_160695174_C_A_b38_C" "chr1_160695230_A_C_b38_A"
 [35] "chr1_160695295_T_C_b38_T" "chr1_160695334_G_A_b38_G"
 [37] "chr1_160695336_A_G_b38_A" "chr1_160695367_G_A_b38_G"
 [39] "chr1_160695385_T_C_b38_T" "chr1_160695412_G_T_b38_G"
 [41] "chr1_160695524_C_G_b38_C" "chr1_160695535_G_A_b38_G"
 [43] "chr1_160695622_C_T_b38_C" "chr1_160695748_C_T_b38_C"
 [45] "chr1_160695776_A_G_b38_A" "chr1_160695941_G_A_b38_G"
 [47] "chr1_160695947_G_A_b38_G" "chr1_160695982_G_A_b38_G"
 [49] "chr1_160695987_G_A_b38_G" "chr1_160696005_G_A_b38_G"
 [51] "chr1_160696010_A_G_b38_A" "chr1_160696013_G_T_b38_G"
 [53] "chr1_160696016_A_T_b38_A" "chr1_160696027_A_G_b38_A"
 [55] "chr1_160696045_G_T_b38_G" "chr1_160696048_C_T_b38_C"
 [57] "chr1_160696057_G_A_b38_G" "chr1_160696088_T_C_b38_T"
 [59] "chr1_160696115_G_C_b38_G" "chr1_160696146_T_C_b38_T"
 [61] "chr1_160696147_G_A_b38_G" "chr1_160696169_C_A_b38_C"
 [63] "chr1_160696179_A_C_b38_A" "chr1_160696181_A_G_b38_A"
 [65] "chr1_160696188_A_T_b38_A" "chr1_160696234_A_C_b38_A"
 [67] "chr1_160696267_A_G_b38_A" "chr1_160696327_C_A_b38_C"
 [69] "chr1_160696349_C_A_b38_C" "chr1_160696356_A_G_b38_A"
 [71] "chr1_160696387_C_T_b38_C" "chr1_160697195_G_A_b38_G"
 [73] "chr1_160697196_C_G_b38_C" "chr1_160697198_G_A_b38_G"
 [75] "chr1_160697262_C_T_b38_C" "chr1_160697264_C_T_b38_C"
 [77] "chr1_160697329_T_C_b38_T" "chr1_160697340_G_C_b38_G"
 [79] "chr1_160697367_G_T_b38_G" "chr1_160697370_T_A_b38_T"
 [81] "chr1_160697378_T_G_b38_T" "chr1_160697398_G_C_b38_G"
 [83] "chr1_160697399_C_T_b38_C" "chr1_160697413_G_A_b38_G"
 [85] "chr1_160697470_A_G_b38_A" "chr1_160697475_C_T_b38_C"
 [87] "chr1_160697492_G_A_b38_G" "chr1_160697545_C_T_b38_C"
 [89] "chr1_160697551_T_C_b38_T" "chr1_160697553_A_G_b38_A"
 [91] "chr1_160697568_T_C_b38_T" "chr1_160697617_A_G_b38_A"
 [93] "chr1_160697670_A_C_b38_A" "chr1_160846996_A_C_b38_A"
 [95] "chr1_161289503_G_A_b38_G" "chr1_161514774_T_A_b38_T"
 [97] "chr1_161514813_C_T_b38_C" "chr1_161514846_C_T_b38_C"
 [99] "chr1_161515894_C_T_b38_C" "chr1_161518749_G_C_b38_G"
[101] "chr1_161518767_C_A_b38_C" "chr1_161527631_C_A_b38_C"
[103] "chr1_161527656_T_G_b38_T" "chr1_161527755_T_C_b38_T"
[105] "chr1_161527756_C_T_b38_C" "chr1_161534126_T_C_b38_T"
[107] "chr1_161534306_T_C_b38_T" "chr1_161536235_A_G_b38_A"
[109] "chr1_161543658_A_G_b38_A" "chr1_161543847_A_T_b38_A"
[111] "chr1_161543913_C_T_b38_C" "chr1_161543914_A_G_b38_A"
[113] "chr1_161544117_A_G_b38_A" "chr1_161547516_C_T_b38_C"
[115] "chr1_161547841_T_C_b38_T" "chr1_161547844_T_C_b38_T"
[117] "chr1_161547871_A_G_b38_A" "chr1_161548020_G_C_b38_G"
[119] "chr1_161548052_C_G_b38_C" "chr1_161548104_T_A_b38_T"
[121] "chr1_161548369_C_T_b38_C" "chr1_161548382_C_T_b38_C"
[123] "chr1_161548424_T_C_b38_T" "chr1_161548546_C_T_b38_C"
[125] "chr1_161548828_G_A_b38_G" "chr1_161550184_G_C_b38_G"
[127] "chr1_161550221_G_C_b38_G" "chr1_161550223_T_C_b38_T"
[129] "chr1_161550467_C_T_b38_C" "chr1_161550724_G_T_b38_G"
[131] "chr1_161551068_C_T_b38_C" "chr1_161551129_T_C_b38_T"
[133] "chr1_161551365_G_A_b38_G" "chr1_161552912_C_T_b38_C"
[135] "chr1_161554029_A_T_b38_A" "chr1_161554263_T_G_b38_T"
[137] "chr1_161554534_T_C_b38_T" "chr1_161555240_C_T_b38_C"
[139] "chr1_161555539_A_C_b38_A" "chr1_161558046_T_G_b38_T"
[141] "chr1_161559610_C_T_b38_C" "chr1_161559681_C_A_b38_C"
[143] "chr1_161559730_G_A_b38_G" "chr1_161560030_C_T_b38_C"
[145] "chr1_161561275_T_C_b38_T" "chr1_161561294_T_C_b38_T"
[147] "chr1_161561515_G_A_b38_G" "chr1_161561547_C_T_b38_C"
[149] "chr1_161568896_C_T_b38_C" "chr1_161568930_C_T_b38_C"
[151] "chr1_161568958_T_C_b38_T" "chr1_161569201_G_C_b38_G"
[153] "chr1_161578926_G_A_b38_G" "chr1_161579181_T_C_b38_T"
[155] "chr1_161585671_C_A_b38_C" "chr1_161614775_A_G_b38_A"
[157] "chr1_161614811_A_C_b38_A" "chr1_161614815_A_G_b38_A"
51 SNP(s) removed because HWE P < 1e-08 :
 [1] "chr19_50749708_G_C_b38_G" "chr19_50842031_A_G_b38_A"
 [3] "chr19_50896788_T_C_b38_T" "chr19_50897100_A_G_b38_A"
 [5] "chr19_50897145_C_T_b38_C" "chr19_50948431_C_T_b38_C"
 [7] "chr19_50957933_A_G_b38_A" "chr19_51083323_T_G_b38_T"
 [9] "chr19_51107599_A_G_b38_A" "chr19_51107741_T_G_b38_T"
[11] "chr19_51108006_G_A_b38_G" "chr19_51116302_T_C_b38_T"
[13] "chr19_51120922_T_G_b38_T" "chr19_51121015_T_G_b38_T"
[15] "chr19_51121279_T_C_b38_T" "chr19_51121832_A_C_b38_A"
[17] "chr19_51121942_T_C_b38_T" "chr19_51122379_A_G_b38_A"
[19] "chr19_51122568_A_G_b38_A" "chr19_51122642_G_C_b38_G"
[21] "chr19_51123685_A_G_b38_A" "chr19_51136723_A_G_b38_A"
[23] "chr19_51172375_T_C_b38_T" "chr19_51173311_A_G_b38_A"
[25] "chr19_51173876_T_C_b38_T" "chr19_51184134_C_T_b38_C"
[27] "chr19_51201503_A_G_b38_A" "chr19_51208344_T_C_b38_T"
[29] "chr19_51208365_C_T_b38_C" "chr19_51212754_T_C_b38_T"
[31] "chr19_51235665_T_C_b38_T" "chr19_51251278_A_C_b38_A"
[33] "chr19_51280161_A_G_b38_A" "chr19_51280387_C_T_b38_C"
[35] "chr19_51281207_G_A_b38_G" "chr19_51282770_C_G_b38_C"
[37] "chr19_51283428_T_C_b38_T" "chr19_51284112_C_T_b38_C"
[39] "chr19_51284184_A_C_b38_A" "chr19_51285176_C_A_b38_C"
[41] "chr19_51285861_G_A_b38_G" "chr19_51287738_T_C_b38_T"
[43] "chr19_51290510_A_C_b38_A" "chr19_51291857_T_G_b38_T"
[45] "chr19_51293045_T_C_b38_T" "chr19_51298175_C_T_b38_C"
[47] "chr19_51358092_C_G_b38_C" "chr19_51447917_C_T_b38_C"
[49] "chr19_51447928_A_G_b38_A" "chr19_51448049_T_G_b38_T"
[51] "chr19_51457686_A_G_b38_A"
49 SNP(s) removed because HWE P < 1e-08 :
 [1] "chr19_51083323_T_G_b38_T" "chr19_51107599_A_G_b38_A"
 [3] "chr19_51107741_T_G_b38_T" "chr19_51108006_G_A_b38_G"
 [5] "chr19_51116302_T_C_b38_T" "chr19_51120922_T_G_b38_T"
 [7] "chr19_51121015_T_G_b38_T" "chr19_51121279_T_C_b38_T"
 [9] "chr19_51121832_A_C_b38_A" "chr19_51121942_T_C_b38_T"
[11] "chr19_51122379_A_G_b38_A" "chr19_51122568_A_G_b38_A"
[13] "chr19_51122642_G_C_b38_G" "chr19_51123685_A_G_b38_A"
[15] "chr19_51136723_A_G_b38_A" "chr19_51172375_T_C_b38_T"
[17] "chr19_51173311_A_G_b38_A" "chr19_51173876_T_C_b38_T"
[19] "chr19_51184134_C_T_b38_C" "chr19_51201503_A_G_b38_A"
[21] "chr19_51208344_T_C_b38_T" "chr19_51208365_C_T_b38_C"
[23] "chr19_51212754_T_C_b38_T" "chr19_51235665_T_C_b38_T"
[25] "chr19_51251278_A_C_b38_A" "chr19_51280161_A_G_b38_A"
[27] "chr19_51280387_C_T_b38_C" "chr19_51281207_G_A_b38_G"
[29] "chr19_51282770_C_G_b38_C" "chr19_51283428_T_C_b38_T"
[31] "chr19_51284112_C_T_b38_C" "chr19_51284184_A_C_b38_A"
[33] "chr19_51285176_C_A_b38_C" "chr19_51285861_G_A_b38_G"
[35] "chr19_51287738_T_C_b38_T" "chr19_51290510_A_C_b38_A"
[37] "chr19_51291857_T_G_b38_T" "chr19_51293045_T_C_b38_T"
[39] "chr19_51298175_C_T_b38_C" "chr19_51358092_C_G_b38_C"
[41] "chr19_51447917_C_T_b38_C" "chr19_51447928_A_G_b38_A"
[43] "chr19_51448049_T_G_b38_T" "chr19_51457686_A_G_b38_A"
[45] "chr19_51780129_T_C_b38_T" "chr19_51780359_A_G_b38_A"
[47] "chr19_51848424_G_A_b38_G" "chr19_51875933_G_A_b38_G"
[49] "chr19_51876393_G_A_b38_G"
20 SNP(s) removed because HWE P < 1e-08 :
 [1] "chr17_35379518_A_C_b38_A" "chr17_35442015_G_A_b38_G"
 [3] "chr17_35996816_T_G_b38_T" "chr17_36082933_C_A_b38_C"
 [5] "chr17_36083801_G_C_b38_G" "chr17_36083900_T_A_b38_T"
 [7] "chr17_36109988_G_T_b38_G" "chr17_36111300_G_A_b38_G"
 [9] "chr17_36112019_G_A_b38_G" "chr17_36114883_G_A_b38_G"
[11] "chr17_36152807_C_A_b38_C" "chr17_36160669_C_T_b38_C"
[13] "chr17_36161464_T_G_b38_T" "chr17_36163152_C_T_b38_C"
[15] "chr17_36163256_C_T_b38_C" "chr17_36164185_C_T_b38_C"
[17] "chr17_36165283_A_G_b38_A" "chr17_36165307_T_G_b38_T"
[19] "chr17_36229227_G_A_b38_G" "chr17_36229290_G_T_b38_G"
74 SNP(s) removed because HWE P < 1e-08 :
 [1] "chr21_31920396_G_A_b38_G" "chr21_31935565_G_C_b38_G"
 [3] "chr21_31935580_T_G_b38_T" "chr21_32134286_A_T_b38_A"
 [5] "chr21_32238948_G_A_b38_G" "chr21_32250914_C_T_b38_C"
 [7] "chr21_32311415_A_C_b38_A" "chr21_32410343_C_T_b38_C"
 [9] "chr21_32432979_G_A_b38_G" "chr21_32432987_A_C_b38_A"
[11] "chr21_32432995_G_A_b38_G" "chr21_32433065_T_A_b38_T"
[13] "chr21_32433084_C_T_b38_C" "chr21_32433553_G_A_b38_G"
[15] "chr21_32433554_C_G_b38_C" "chr21_32433562_T_C_b38_T"
[17] "chr21_32433629_A_G_b38_A" "chr21_32433656_G_A_b38_G"
[19] "chr21_32433663_A_T_b38_A" "chr21_32434706_A_G_b38_A"
[21] "chr21_32434713_T_C_b38_T" "chr21_32434721_A_C_b38_A"
[23] "chr21_32434746_A_C_b38_A" "chr21_32434842_G_A_b38_G"
[25] "chr21_32434867_C_T_b38_C" "chr21_32434878_G_A_b38_G"
[27] "chr21_32434919_T_G_b38_T" "chr21_32434927_C_T_b38_C"
[29] "chr21_32434967_T_G_b38_T" "chr21_32434971_T_C_b38_T"
[31] "chr21_32434992_T_C_b38_T" "chr21_32435003_T_G_b38_T"
[33] "chr21_32435004_T_C_b38_T" "chr21_32435117_A_G_b38_A"
[35] "chr21_32435125_T_C_b38_T" "chr21_32435126_G_C_b38_G"
[37] "chr21_32435133_C_A_b38_C" "chr21_32435360_C_T_b38_C"
[39] "chr21_32435400_A_G_b38_A" "chr21_32435408_T_C_b38_T"
[41] "chr21_32435414_A_G_b38_A" "chr21_32435436_C_T_b38_C"
[43] "chr21_32435462_C_T_b38_C" "chr21_32435661_G_C_b38_G"
[45] "chr21_32435666_T_G_b38_T" "chr21_32435667_A_G_b38_A"
[47] "chr21_32435716_C_T_b38_C" "chr21_32435721_G_A_b38_G"
[49] "chr21_32435728_T_C_b38_T" "chr21_32435763_C_T_b38_C"
[51] "chr21_32435766_A_C_b38_A" "chr21_32435898_C_T_b38_C"
[53] "chr21_32435949_T_A_b38_T" "chr21_32435990_T_A_b38_T"
[55] "chr21_32436019_G_A_b38_G" "chr21_32436447_T_A_b38_T"
[57] "chr21_32436465_A_C_b38_A" "chr21_32436477_T_A_b38_T"
[59] "chr21_32436484_T_C_b38_T" "chr21_32436539_G_A_b38_G"
[61] "chr21_32436627_G_A_b38_G" "chr21_32436628_G_A_b38_G"
[63] "chr21_32436637_A_G_b38_A" "chr21_32436702_C_T_b38_C"
[65] "chr21_32436736_G_A_b38_G" "chr21_32436746_A_G_b38_A"
[67] "chr21_32437187_G_C_b38_G" "chr21_32437224_A_G_b38_A"
[69] "chr21_32437249_C_A_b38_C" "chr21_32437250_G_A_b38_G"
[71] "chr21_32437258_C_G_b38_C" "chr21_32621877_A_T_b38_A"
[73] "chr21_32660622_A_G_b38_A" "chr21_32660624_C_T_b38_C"
51 SNP(s) removed because HWE P < 1e-08 :
 [1] "chr19_50749708_G_C_b38_G" "chr19_50842031_A_G_b38_A"
 [3] "chr19_50896788_T_C_b38_T" "chr19_50897100_A_G_b38_A"
 [5] "chr19_50897145_C_T_b38_C" "chr19_50948431_C_T_b38_C"
 [7] "chr19_50957933_A_G_b38_A" "chr19_51083323_T_G_b38_T"
 [9] "chr19_51107599_A_G_b38_A" "chr19_51107741_T_G_b38_T"
[11] "chr19_51108006_G_A_b38_G" "chr19_51116302_T_C_b38_T"
[13] "chr19_51120922_T_G_b38_T" "chr19_51121015_T_G_b38_T"
[15] "chr19_51121279_T_C_b38_T" "chr19_51121832_A_C_b38_A"
[17] "chr19_51121942_T_C_b38_T" "chr19_51122379_A_G_b38_A"
[19] "chr19_51122568_A_G_b38_A" "chr19_51122642_G_C_b38_G"
[21] "chr19_51123685_A_G_b38_A" "chr19_51136723_A_G_b38_A"
[23] "chr19_51172375_T_C_b38_T" "chr19_51173311_A_G_b38_A"
[25] "chr19_51173876_T_C_b38_T" "chr19_51184134_C_T_b38_C"
[27] "chr19_51201503_A_G_b38_A" "chr19_51208344_T_C_b38_T"
[29] "chr19_51208365_C_T_b38_C" "chr19_51212754_T_C_b38_T"
[31] "chr19_51235665_T_C_b38_T" "chr19_51251278_A_C_b38_A"
[33] "chr19_51280161_A_G_b38_A" "chr19_51280387_C_T_b38_C"
[35] "chr19_51281207_G_A_b38_G" "chr19_51282770_C_G_b38_C"
[37] "chr19_51283428_T_C_b38_T" "chr19_51284112_C_T_b38_C"
[39] "chr19_51284184_A_C_b38_A" "chr19_51285176_C_A_b38_C"
[41] "chr19_51285861_G_A_b38_G" "chr19_51287738_T_C_b38_T"
[43] "chr19_51290510_A_C_b38_A" "chr19_51291857_T_G_b38_T"
[45] "chr19_51293045_T_C_b38_T" "chr19_51298175_C_T_b38_C"
[47] "chr19_51358092_C_G_b38_C" "chr19_51447917_C_T_b38_C"
[49] "chr19_51447928_A_G_b38_A" "chr19_51448049_T_G_b38_T"
[51] "chr19_51457686_A_G_b38_A"
22 SNP(s) removed because HWE P < 1e-08 :
 [1] "chr4_8044692_G_T_b38_G" "chr4_8044693_A_C_b38_A" "chr4_8059763_G_A_b38_G"
 [4] "chr4_8100031_G_T_b38_G" "chr4_8100581_C_T_b38_C" "chr4_8306668_C_G_b38_C"
 [7] "chr4_8557849_T_C_b38_T" "chr4_8557938_A_C_b38_A" "chr4_8557958_G_A_b38_G"
[10] "chr4_8557961_C_T_b38_C" "chr4_8585626_A_G_b38_A" "chr4_8603756_G_C_b38_G"
[13] "chr4_8632004_T_A_b38_T" "chr4_8632045_A_G_b38_A" "chr4_8635779_A_G_b38_A"
[16] "chr4_8655103_T_G_b38_T" "chr4_8655200_C_G_b38_C" "chr4_8656155_G_C_b38_G"
[19] "chr4_8659539_G_A_b38_G" "chr4_8661217_T_G_b38_T" "chr4_8674262_C_G_b38_C"
[22] "chr4_8677036_C_A_b38_C"
22 SNP(s) removed because HWE P < 1e-08 :
 [1] "chr4_8044692_G_T_b38_G" "chr4_8044693_A_C_b38_A" "chr4_8059763_G_A_b38_G"
 [4] "chr4_8100031_G_T_b38_G" "chr4_8100581_C_T_b38_C" "chr4_8306668_C_G_b38_C"
 [7] "chr4_8557849_T_C_b38_T" "chr4_8557938_A_C_b38_A" "chr4_8557958_G_A_b38_G"
[10] "chr4_8557961_C_T_b38_C" "chr4_8585626_A_G_b38_A" "chr4_8603756_G_C_b38_G"
[13] "chr4_8632004_T_A_b38_T" "chr4_8632045_A_G_b38_A" "chr4_8635779_A_G_b38_A"
[16] "chr4_8655103_T_G_b38_T" "chr4_8655200_C_G_b38_C" "chr4_8656155_G_C_b38_G"
[19] "chr4_8659539_G_A_b38_G" "chr4_8661217_T_G_b38_T" "chr4_8674262_C_G_b38_C"
[22] "chr4_8677036_C_A_b38_C"
6 SNP(s) removed because HWE P < 1e-08 :
[1] "chr17_28439190_A_C_b38_A" "chr17_28439714_T_C_b38_T"
[3] "chr17_28441937_G_A_b38_G" "chr17_28452019_C_T_b38_C"
[5] "chr17_28452207_C_G_b38_C" "chr17_28459762_C_A_b38_C"
6 SNP(s) removed because HWE P < 1e-08 :
[1] "chr17_28439190_A_C_b38_A" "chr17_28439714_T_C_b38_T"
[3] "chr17_28441937_G_A_b38_G" "chr17_28452019_C_T_b38_C"
[5] "chr17_28452207_C_G_b38_C" "chr17_28459762_C_A_b38_C"
63 SNP(s) removed because HWE P < 1e-08 :
 [1] "chr14_94014026_C_T_b38_C" "chr14_94014468_G_C_b38_G"
 [3] "chr14_94015810_T_A_b38_T" "chr14_94029792_C_T_b38_C"
 [5] "chr14_94029845_C_A_b38_C" "chr14_94030098_C_T_b38_C"
 [7] "chr14_94349903_A_G_b38_A" "chr14_94370690_A_G_b38_A"
 [9] "chr14_94370732_C_A_b38_C" "chr14_94370742_C_T_b38_C"
[11] "chr14_94370745_G_A_b38_G" "chr14_94378897_G_C_b38_G"
[13] "chr14_94378898_T_C_b38_T" "chr14_94378900_A_G_b38_A"
[15] "chr14_94378934_A_T_b38_A" "chr14_94378941_G_A_b38_G"
[17] "chr14_94380003_C_T_b38_C" "chr14_94380014_T_C_b38_T"
[19] "chr14_94380017_G_A_b38_G" "chr14_94380024_T_C_b38_T"
[21] "chr14_94380037_A_G_b38_A" "chr14_94380042_G_A_b38_G"
[23] "chr14_94380048_A_G_b38_A" "chr14_94380049_T_A_b38_T"
[25] "chr14_94380053_A_G_b38_A" "chr14_94380057_T_C_b38_T"
[27] "chr14_94380058_G_A_b38_G" "chr14_94380063_G_C_b38_G"
[29] "chr14_94380085_T_C_b38_T" "chr14_94380106_C_A_b38_C"
[31] "chr14_94380111_C_T_b38_C" "chr14_94380112_C_T_b38_C"
[33] "chr14_94380151_A_G_b38_A" "chr14_94380152_G_T_b38_G"
[35] "chr14_94380164_T_C_b38_T" "chr14_94380166_C_T_b38_C"
[37] "chr14_94380168_G_T_b38_G" "chr14_94380175_A_G_b38_A"
[39] "chr14_94380212_C_T_b38_C" "chr14_94380215_C_G_b38_C"
[41] "chr14_94380222_T_C_b38_T" "chr14_94380244_A_G_b38_A"
[43] "chr14_94380250_C_A_b38_C" "chr14_94380312_G_A_b38_G"
[45] "chr14_94380318_C_T_b38_C" "chr14_94380322_T_C_b38_T"
[47] "chr14_94380324_T_C_b38_T" "chr14_94380333_C_T_b38_C"
[49] "chr14_94380362_C_T_b38_C" "chr14_94380371_T_C_b38_T"
[51] "chr14_94446984_A_T_b38_A" "chr14_94455670_G_T_b38_G"
[53] "chr14_94467053_C_T_b38_C" "chr14_94468771_C_T_b38_C"
[55] "chr14_94578680_G_A_b38_G" "chr14_94637276_C_T_b38_C"
[57] "chr14_94638842_C_T_b38_C" "chr14_94639184_C_T_b38_C"
[59] "chr14_94657781_C_A_b38_C" "chr14_94717842_A_C_b38_A"
[61] "chr14_94757444_A_T_b38_A" "chr14_94763440_G_A_b38_G"
[63] "chr14_94821833_A_G_b38_A"
56 SNP(s) removed because HWE P < 1e-08 :
 [1] "chr2_234571796_G_C_b38_G" "chr2_234679043_G_T_b38_G"
 [3] "chr2_234679188_T_C_b38_T" "chr2_234758936_C_T_b38_C"
 [5] "chr2_234758982_T_C_b38_T" "chr2_234760203_A_G_b38_A"
 [7] "chr2_234760375_C_T_b38_C" "chr2_234888396_A_G_b38_A"
 [9] "chr2_234888758_T_C_b38_T" "chr2_234894832_A_C_b38_A"
[11] "chr2_234894910_G_A_b38_G" "chr2_234894973_T_C_b38_T"
[13] "chr2_234895017_A_G_b38_A" "chr2_234895077_T_C_b38_T"
[15] "chr2_234895138_G_A_b38_G" "chr2_234895180_T_G_b38_T"
[17] "chr2_234895243_G_C_b38_G" "chr2_234895404_A_G_b38_A"
[19] "chr2_234895495_A_G_b38_A" "chr2_234895594_G_T_b38_G"
[21] "chr2_234895605_G_A_b38_G" "chr2_234895717_A_C_b38_A"
[23] "chr2_234895726_G_A_b38_G" "chr2_234895744_C_T_b38_C"
[25] "chr2_234895756_C_A_b38_C" "chr2_234895848_T_A_b38_T"
[27] "chr2_234895974_C_T_b38_C" "chr2_234895996_G_A_b38_G"
[29] "chr2_234896107_C_G_b38_C" "chr2_234896219_G_C_b38_G"
[31] "chr2_234896302_G_C_b38_G" "chr2_234896331_A_G_b38_A"
[33] "chr2_235001953_C_T_b38_C" "chr2_235013109_C_A_b38_C"
[35] "chr2_235013502_C_T_b38_C" "chr2_235014147_A_G_b38_A"
[37] "chr2_235014329_G_T_b38_G" "chr2_235016380_G_A_b38_G"
[39] "chr2_235017019_T_C_b38_T" "chr2_235018342_C_T_b38_C"
[41] "chr2_235031472_C_T_b38_C" "chr2_235062147_T_G_b38_T"
[43] "chr2_235255566_C_A_b38_C" "chr2_235294463_A_G_b38_A"
[45] "chr2_235316147_T_C_b38_T" "chr2_235374434_A_G_b38_A"
[47] "chr2_235375213_T_C_b38_T" "chr2_235375341_T_C_b38_T"
[49] "chr2_235376857_G_A_b38_G" "chr2_235378897_A_T_b38_A"
[51] "chr2_235380311_G_A_b38_G" "chr2_235383464_G_A_b38_G"
[53] "chr2_235385818_T_C_b38_T" "chr2_235399509_A_G_b38_A"
[55] "chr2_235401021_T_A_b38_T" "chr2_235450334_T_C_b38_T"
6 SNP(s) removed because HWE P < 1e-08 :
[1] "chr17_28439190_A_C_b38_A" "chr17_28439714_T_C_b38_T"
[3] "chr17_28441937_G_A_b38_G" "chr17_28452019_C_T_b38_C"
[5] "chr17_28452207_C_G_b38_C" "chr17_28459762_C_A_b38_C"
37 SNP(s) removed because HWE P < 1e-08 :
 [1] "chr16_24109784_G_A_b38_G" "chr16_24227690_G_C_b38_G"
 [3] "chr16_24233628_G_C_b38_G" "chr16_24496566_C_T_b38_C"
 [5] "chr16_24496764_C_A_b38_C" "chr16_24499309_C_T_b38_C"
 [7] "chr16_24870481_A_C_b38_A" "chr16_24873006_G_A_b38_G"
 [9] "chr16_24884357_A_G_b38_A" "chr16_24917601_A_G_b38_A"
[11] "chr16_24917765_G_A_b38_G" "chr16_24917986_T_C_b38_T"
[13] "chr16_24919227_T_C_b38_T" "chr16_24920477_C_T_b38_C"
[15] "chr16_24920573_A_G_b38_A" "chr16_24921599_T_C_b38_T"
[17] "chr16_24923143_G_T_b38_G" "chr16_24924245_T_C_b38_T"
[19] "chr16_24924716_A_T_b38_A" "chr16_24925306_A_G_b38_A"
[21] "chr16_24927264_T_C_b38_T" "chr16_24932825_T_C_b38_T"
[23] "chr16_24940578_A_G_b38_A" "chr16_24943087_G_A_b38_G"
[25] "chr16_24943465_A_G_b38_A" "chr16_24945135_A_G_b38_A"
[27] "chr16_24945229_T_G_b38_T" "chr16_24945237_A_C_b38_A"
[29] "chr16_24947347_A_C_b38_A" "chr16_24947664_G_A_b38_G"
[31] "chr16_24948730_C_G_b38_C" "chr16_24950568_T_C_b38_T"
[33] "chr16_24952718_T_C_b38_T" "chr16_24953197_T_C_b38_T"
[35] "chr16_24953395_G_T_b38_G" "chr16_24953714_C_T_b38_C"
[37] "chr16_24955202_T_C_b38_T"
86 SNP(s) removed because HWE P < 1e-08 :
 [1] "chr11_12602581_C_A_b38_C" "chr11_12624958_C_A_b38_C"
 [3] "chr11_12709357_A_C_b38_A" "chr11_12711743_G_T_b38_G"
 [5] "chr11_12712147_G_A_b38_G" "chr11_12714195_C_T_b38_C"
 [7] "chr11_12714879_C_G_b38_C" "chr11_12715017_G_A_b38_G"
 [9] "chr11_12715147_C_T_b38_C" "chr11_12715325_A_G_b38_A"
[11] "chr11_12715946_C_T_b38_C" "chr11_12715993_T_C_b38_T"
[13] "chr11_12717103_G_A_b38_G" "chr11_12717141_C_A_b38_C"
[15] "chr11_12722267_A_G_b38_A" "chr11_12722492_G_A_b38_G"
[17] "chr11_12722623_A_G_b38_A" "chr11_12725406_G_A_b38_G"
[19] "chr11_12726375_G_A_b38_G" "chr11_12730213_C_A_b38_C"
[21] "chr11_12731602_A_G_b38_A" "chr11_12750963_G_C_b38_G"
[23] "chr11_12757747_T_C_b38_T" "chr11_12757888_G_T_b38_G"
[25] "chr11_12758617_C_T_b38_C" "chr11_12758709_T_C_b38_T"
[27] "chr11_12759469_G_A_b38_G" "chr11_12775522_G_C_b38_G"
[29] "chr11_12781165_A_G_b38_A" "chr11_12797262_G_A_b38_G"
[31] "chr11_12801705_T_G_b38_T" "chr11_12806545_C_T_b38_C"
[33] "chr11_12810221_C_T_b38_C" "chr11_12820345_A_C_b38_A"
[35] "chr11_12959220_G_C_b38_G" "chr11_13145421_T_C_b38_T"
[37] "chr11_13159063_A_T_b38_A" "chr11_13160043_T_C_b38_T"
[39] "chr11_13161191_T_G_b38_T" "chr11_13162034_C_T_b38_C"
[41] "chr11_13163679_G_A_b38_G" "chr11_13167486_A_G_b38_A"
[43] "chr11_13167824_C_G_b38_C" "chr11_13168039_T_G_b38_T"
[45] "chr11_13168424_A_T_b38_A" "chr11_13168751_C_A_b38_C"
[47] "chr11_13168868_C_G_b38_C" "chr11_13170516_C_T_b38_C"
[49] "chr11_13171300_T_A_b38_T" "chr11_13171711_G_C_b38_G"
[51] "chr11_13172324_A_C_b38_A" "chr11_13172527_T_C_b38_T"
[53] "chr11_13172742_G_A_b38_G" "chr11_13173008_G_A_b38_G"
[55] "chr11_13173311_A_C_b38_A" "chr11_13173332_G_A_b38_G"
[57] "chr11_13173916_G_A_b38_G" "chr11_13174617_C_T_b38_C"
[59] "chr11_13174658_A_G_b38_A" "chr11_13175460_G_T_b38_G"
[61] "chr11_13175491_T_C_b38_T" "chr11_13176427_A_G_b38_A"
[63] "chr11_13176535_G_A_b38_G" "chr11_13176583_C_T_b38_C"
[65] "chr11_13177356_T_C_b38_T" "chr11_13178288_C_T_b38_C"
[67] "chr11_13178878_C_T_b38_C" "chr11_13179392_C_G_b38_C"
[69] "chr11_13179991_G_A_b38_G" "chr11_13180396_T_C_b38_T"
[71] "chr11_13181122_C_T_b38_C" "chr11_13181132_T_A_b38_T"
[73] "chr11_13181163_T_G_b38_T" "chr11_13181254_G_A_b38_G"
[75] "chr11_13181293_C_T_b38_C" "chr11_13181360_G_A_b38_G"
[77] "chr11_13181664_A_G_b38_A" "chr11_13182114_G_A_b38_G"
[79] "chr11_13182203_G_A_b38_G" "chr11_13182610_C_T_b38_C"
[81] "chr11_13182823_T_C_b38_T" "chr11_13183287_G_A_b38_G"
[83] "chr11_13184213_G_A_b38_G" "chr11_13301971_T_C_b38_T"
[85] "chr11_13316281_G_A_b38_G" "chr11_13395112_C_G_b38_C"
20 SNP(s) removed because HWE P < 1e-08 :
 [1] "chr17_35379518_A_C_b38_A" "chr17_35442015_G_A_b38_G"
 [3] "chr17_35996816_T_G_b38_T" "chr17_36082933_C_A_b38_C"
 [5] "chr17_36083801_G_C_b38_G" "chr17_36083900_T_A_b38_T"
 [7] "chr17_36109988_G_T_b38_G" "chr17_36111300_G_A_b38_G"
 [9] "chr17_36112019_G_A_b38_G" "chr17_36114883_G_A_b38_G"
[11] "chr17_36152807_C_A_b38_C" "chr17_36160669_C_T_b38_C"
[13] "chr17_36161464_T_G_b38_T" "chr17_36163152_C_T_b38_C"
[15] "chr17_36163256_C_T_b38_C" "chr17_36164185_C_T_b38_C"
[17] "chr17_36165283_A_G_b38_A" "chr17_36165307_T_G_b38_T"
[19] "chr17_36229227_G_A_b38_G" "chr17_36229290_G_T_b38_G"
37 SNP(s) removed because HWE P < 1e-08 :
 [1] "chr16_24109784_G_A_b38_G" "chr16_24227690_G_C_b38_G"
 [3] "chr16_24233628_G_C_b38_G" "chr16_24496566_C_T_b38_C"
 [5] "chr16_24496764_C_A_b38_C" "chr16_24499309_C_T_b38_C"
 [7] "chr16_24870481_A_C_b38_A" "chr16_24873006_G_A_b38_G"
 [9] "chr16_24884357_A_G_b38_A" "chr16_24917601_A_G_b38_A"
[11] "chr16_24917765_G_A_b38_G" "chr16_24917986_T_C_b38_T"
[13] "chr16_24919227_T_C_b38_T" "chr16_24920477_C_T_b38_C"
[15] "chr16_24920573_A_G_b38_A" "chr16_24921599_T_C_b38_T"
[17] "chr16_24923143_G_T_b38_G" "chr16_24924245_T_C_b38_T"
[19] "chr16_24924716_A_T_b38_A" "chr16_24925306_A_G_b38_A"
[21] "chr16_24927264_T_C_b38_T" "chr16_24932825_T_C_b38_T"
[23] "chr16_24940578_A_G_b38_A" "chr16_24943087_G_A_b38_G"
[25] "chr16_24943465_A_G_b38_A" "chr16_24945135_A_G_b38_A"
[27] "chr16_24945229_T_G_b38_T" "chr16_24945237_A_C_b38_A"
[29] "chr16_24947347_A_C_b38_A" "chr16_24947664_G_A_b38_G"
[31] "chr16_24948730_C_G_b38_C" "chr16_24950568_T_C_b38_T"
[33] "chr16_24952718_T_C_b38_T" "chr16_24953197_T_C_b38_T"
[35] "chr16_24953395_G_T_b38_G" "chr16_24953714_C_T_b38_C"
[37] "chr16_24955202_T_C_b38_T"
10 SNP(s) removed because HWE P < 1e-08 :
 [1] "chr15_64915471_A_G_b38_A" "chr15_64921218_A_T_b38_A"
 [3] "chr15_64937983_T_C_b38_T" "chr15_64941973_T_A_b38_T"
 [5] "chr15_64943304_T_A_b38_T" "chr15_64943631_C_T_b38_C"
 [7] "chr15_64945162_C_A_b38_C" "chr15_64961454_C_T_b38_C"
 [9] "chr15_65367165_G_A_b38_G" "chr15_65610463_A_C_b38_A"
86 SNP(s) removed because HWE P < 1e-08 :
 [1] "chr11_12602581_C_A_b38_C" "chr11_12624958_C_A_b38_C"
 [3] "chr11_12709357_A_C_b38_A" "chr11_12711743_G_T_b38_G"
 [5] "chr11_12712147_G_A_b38_G" "chr11_12714195_C_T_b38_C"
 [7] "chr11_12714879_C_G_b38_C" "chr11_12715017_G_A_b38_G"
 [9] "chr11_12715147_C_T_b38_C" "chr11_12715325_A_G_b38_A"
[11] "chr11_12715946_C_T_b38_C" "chr11_12715993_T_C_b38_T"
[13] "chr11_12717103_G_A_b38_G" "chr11_12717141_C_A_b38_C"
[15] "chr11_12722267_A_G_b38_A" "chr11_12722492_G_A_b38_G"
[17] "chr11_12722623_A_G_b38_A" "chr11_12725406_G_A_b38_G"
[19] "chr11_12726375_G_A_b38_G" "chr11_12730213_C_A_b38_C"
[21] "chr11_12731602_A_G_b38_A" "chr11_12750963_G_C_b38_G"
[23] "chr11_12757747_T_C_b38_T" "chr11_12757888_G_T_b38_G"
[25] "chr11_12758617_C_T_b38_C" "chr11_12758709_T_C_b38_T"
[27] "chr11_12759469_G_A_b38_G" "chr11_12775522_G_C_b38_G"
[29] "chr11_12781165_A_G_b38_A" "chr11_12797262_G_A_b38_G"
[31] "chr11_12801705_T_G_b38_T" "chr11_12806545_C_T_b38_C"
[33] "chr11_12810221_C_T_b38_C" "chr11_12820345_A_C_b38_A"
[35] "chr11_12959220_G_C_b38_G" "chr11_13145421_T_C_b38_T"
[37] "chr11_13159063_A_T_b38_A" "chr11_13160043_T_C_b38_T"
[39] "chr11_13161191_T_G_b38_T" "chr11_13162034_C_T_b38_C"
[41] "chr11_13163679_G_A_b38_G" "chr11_13167486_A_G_b38_A"
[43] "chr11_13167824_C_G_b38_C" "chr11_13168039_T_G_b38_T"
[45] "chr11_13168424_A_T_b38_A" "chr11_13168751_C_A_b38_C"
[47] "chr11_13168868_C_G_b38_C" "chr11_13170516_C_T_b38_C"
[49] "chr11_13171300_T_A_b38_T" "chr11_13171711_G_C_b38_G"
[51] "chr11_13172324_A_C_b38_A" "chr11_13172527_T_C_b38_T"
[53] "chr11_13172742_G_A_b38_G" "chr11_13173008_G_A_b38_G"
[55] "chr11_13173311_A_C_b38_A" "chr11_13173332_G_A_b38_G"
[57] "chr11_13173916_G_A_b38_G" "chr11_13174617_C_T_b38_C"
[59] "chr11_13174658_A_G_b38_A" "chr11_13175460_G_T_b38_G"
[61] "chr11_13175491_T_C_b38_T" "chr11_13176427_A_G_b38_A"
[63] "chr11_13176535_G_A_b38_G" "chr11_13176583_C_T_b38_C"
[65] "chr11_13177356_T_C_b38_T" "chr11_13178288_C_T_b38_C"
[67] "chr11_13178878_C_T_b38_C" "chr11_13179392_C_G_b38_C"
[69] "chr11_13179991_G_A_b38_G" "chr11_13180396_T_C_b38_T"
[71] "chr11_13181122_C_T_b38_C" "chr11_13181132_T_A_b38_T"
[73] "chr11_13181163_T_G_b38_T" "chr11_13181254_G_A_b38_G"
[75] "chr11_13181293_C_T_b38_C" "chr11_13181360_G_A_b38_G"
[77] "chr11_13181664_A_G_b38_A" "chr11_13182114_G_A_b38_G"
[79] "chr11_13182203_G_A_b38_G" "chr11_13182610_C_T_b38_C"
[81] "chr11_13182823_T_C_b38_T" "chr11_13183287_G_A_b38_G"
[83] "chr11_13184213_G_A_b38_G" "chr11_13301971_T_C_b38_T"
[85] "chr11_13316281_G_A_b38_G" "chr11_13395112_C_G_b38_C"
10 SNP(s) removed because HWE P < 1e-08 :
 [1] "chr15_64915471_A_G_b38_A" "chr15_64921218_A_T_b38_A"
 [3] "chr15_64937983_T_C_b38_T" "chr15_64941973_T_A_b38_T"
 [5] "chr15_64943304_T_A_b38_T" "chr15_64943631_C_T_b38_C"
 [7] "chr15_64945162_C_A_b38_C" "chr15_64961454_C_T_b38_C"
 [9] "chr15_65367165_G_A_b38_G" "chr15_65610463_A_C_b38_A"
51 SNP(s) removed because HWE P < 1e-08 :
 [1] "chr9_2632447_T_C_b38_T" "chr9_2696074_A_G_b38_A" "chr9_2715895_C_A_b38_C"
 [4] "chr9_2800251_G_A_b38_G" "chr9_2863924_G_A_b38_G" "chr9_2906287_T_C_b38_T"
 [7] "chr9_2906334_A_T_b38_A" "chr9_2906368_A_G_b38_A" "chr9_2906983_A_G_b38_A"
[10] "chr9_2909883_A_C_b38_A" "chr9_2913559_T_C_b38_T" "chr9_2913620_G_A_b38_G"
[13] "chr9_2915564_C_T_b38_C" "chr9_2916654_T_A_b38_T" "chr9_2920490_C_T_b38_C"
[16] "chr9_2925347_C_G_b38_C" "chr9_2927107_C_T_b38_C" "chr9_2959556_T_G_b38_T"
[19] "chr9_2959557_T_C_b38_T" "chr9_2962000_C_G_b38_C" "chr9_2962294_G_A_b38_G"
[22] "chr9_2962350_A_C_b38_A" "chr9_2963074_A_G_b38_A" "chr9_2964978_A_G_b38_A"
[25] "chr9_2969877_T_C_b38_T" "chr9_2982351_C_G_b38_C" "chr9_3007331_C_T_b38_C"
[28] "chr9_3043945_C_A_b38_C" "chr9_3044423_A_G_b38_A" "chr9_3044447_A_G_b38_A"
[31] "chr9_3072429_A_T_b38_A" "chr9_3073208_C_T_b38_C" "chr9_3073433_C_T_b38_C"
[34] "chr9_3074359_A_G_b38_A" "chr9_3074605_A_G_b38_A" "chr9_3074883_G_A_b38_G"
[37] "chr9_3075020_T_G_b38_T" "chr9_3075469_G_A_b38_G" "chr9_3078061_A_G_b38_A"
[40] "chr9_3290177_A_C_b38_A" "chr9_3290538_T_G_b38_T" "chr9_3290569_G_A_b38_G"
[43] "chr9_3290888_G_A_b38_G" "chr9_3291235_T_G_b38_T" "chr9_3291589_A_T_b38_A"
[46] "chr9_3291945_T_C_b38_T" "chr9_3296172_T_C_b38_T" "chr9_3321925_T_A_b38_T"
[49] "chr9_3340614_G_A_b38_G" "chr9_3341190_C_T_b38_C" "chr9_3342366_C_T_b38_C"
74 SNP(s) removed because HWE P < 1e-08 :
 [1] "chr21_31920396_G_A_b38_G" "chr21_31935565_G_C_b38_G"
 [3] "chr21_31935580_T_G_b38_T" "chr21_32134286_A_T_b38_A"
 [5] "chr21_32238948_G_A_b38_G" "chr21_32250914_C_T_b38_C"
 [7] "chr21_32311415_A_C_b38_A" "chr21_32410343_C_T_b38_C"
 [9] "chr21_32432979_G_A_b38_G" "chr21_32432987_A_C_b38_A"
[11] "chr21_32432995_G_A_b38_G" "chr21_32433065_T_A_b38_T"
[13] "chr21_32433084_C_T_b38_C" "chr21_32433553_G_A_b38_G"
[15] "chr21_32433554_C_G_b38_C" "chr21_32433562_T_C_b38_T"
[17] "chr21_32433629_A_G_b38_A" "chr21_32433656_G_A_b38_G"
[19] "chr21_32433663_A_T_b38_A" "chr21_32434706_A_G_b38_A"
[21] "chr21_32434713_T_C_b38_T" "chr21_32434721_A_C_b38_A"
[23] "chr21_32434746_A_C_b38_A" "chr21_32434842_G_A_b38_G"
[25] "chr21_32434867_C_T_b38_C" "chr21_32434878_G_A_b38_G"
[27] "chr21_32434919_T_G_b38_T" "chr21_32434927_C_T_b38_C"
[29] "chr21_32434967_T_G_b38_T" "chr21_32434971_T_C_b38_T"
[31] "chr21_32434992_T_C_b38_T" "chr21_32435003_T_G_b38_T"
[33] "chr21_32435004_T_C_b38_T" "chr21_32435117_A_G_b38_A"
[35] "chr21_32435125_T_C_b38_T" "chr21_32435126_G_C_b38_G"
[37] "chr21_32435133_C_A_b38_C" "chr21_32435360_C_T_b38_C"
[39] "chr21_32435400_A_G_b38_A" "chr21_32435408_T_C_b38_T"
[41] "chr21_32435414_A_G_b38_A" "chr21_32435436_C_T_b38_C"
[43] "chr21_32435462_C_T_b38_C" "chr21_32435661_G_C_b38_G"
[45] "chr21_32435666_T_G_b38_T" "chr21_32435667_A_G_b38_A"
[47] "chr21_32435716_C_T_b38_C" "chr21_32435721_G_A_b38_G"
[49] "chr21_32435728_T_C_b38_T" "chr21_32435763_C_T_b38_C"
[51] "chr21_32435766_A_C_b38_A" "chr21_32435898_C_T_b38_C"
[53] "chr21_32435949_T_A_b38_T" "chr21_32435990_T_A_b38_T"
[55] "chr21_32436019_G_A_b38_G" "chr21_32436447_T_A_b38_T"
[57] "chr21_32436465_A_C_b38_A" "chr21_32436477_T_A_b38_T"
[59] "chr21_32436484_T_C_b38_T" "chr21_32436539_G_A_b38_G"
[61] "chr21_32436627_G_A_b38_G" "chr21_32436628_G_A_b38_G"
[63] "chr21_32436637_A_G_b38_A" "chr21_32436702_C_T_b38_C"
[65] "chr21_32436736_G_A_b38_G" "chr21_32436746_A_G_b38_A"
[67] "chr21_32437187_G_C_b38_G" "chr21_32437224_A_G_b38_A"
[69] "chr21_32437249_C_A_b38_C" "chr21_32437250_G_A_b38_G"
[71] "chr21_32437258_C_G_b38_C" "chr21_32621877_A_T_b38_A"
[73] "chr21_32660622_A_G_b38_A" "chr21_32660624_C_T_b38_C"
69 SNP(s) removed because HWE P < 1e-08 :
 [1] "chr8_81253423_T_C_b38_T" "chr8_81281143_C_T_b38_C"
 [3] "chr8_81289273_A_T_b38_A" "chr8_81297255_A_G_b38_A"
 [5] "chr8_81299436_C_T_b38_C" "chr8_81300344_T_C_b38_T"
 [7] "chr8_81325559_T_C_b38_T" "chr8_81327049_C_G_b38_C"
 [9] "chr8_81327156_T_G_b38_T" "chr8_81327252_A_G_b38_A"
[11] "chr8_81327333_T_C_b38_T" "chr8_81327394_A_G_b38_A"
[13] "chr8_81328362_A_G_b38_A" "chr8_81328531_C_A_b38_C"
[15] "chr8_81329064_T_A_b38_T" "chr8_81329094_T_G_b38_T"
[17] "chr8_81329957_C_T_b38_C" "chr8_81330786_A_G_b38_A"
[19] "chr8_81330873_T_C_b38_T" "chr8_81331043_A_C_b38_A"
[21] "chr8_81331131_T_C_b38_T" "chr8_81331608_C_T_b38_C"
[23] "chr8_81331614_C_T_b38_C" "chr8_81331709_T_G_b38_T"
[25] "chr8_81331864_A_G_b38_A" "chr8_81331877_C_T_b38_C"
[27] "chr8_81332098_G_A_b38_G" "chr8_81332283_A_G_b38_A"
[29] "chr8_81332524_C_T_b38_C" "chr8_81332904_A_T_b38_A"
[31] "chr8_81332906_C_T_b38_C" "chr8_81333125_G_A_b38_G"
[33] "chr8_81333194_G_T_b38_G" "chr8_81333216_T_C_b38_T"
[35] "chr8_81333791_C_T_b38_C" "chr8_81334313_T_C_b38_T"
[37] "chr8_81335686_A_G_b38_A" "chr8_81336303_C_T_b38_C"
[39] "chr8_81464464_C_T_b38_C" "chr8_81468508_A_T_b38_A"
[41] "chr8_81468888_A_G_b38_A" "chr8_81469332_T_C_b38_T"
[43] "chr8_81469415_G_A_b38_G" "chr8_81470506_G_A_b38_G"
[45] "chr8_81470621_C_T_b38_C" "chr8_81471159_T_G_b38_T"
[47] "chr8_81514819_A_C_b38_A" "chr8_81515555_C_T_b38_C"
[49] "chr8_81518769_T_C_b38_T" "chr8_81527961_G_T_b38_G"
[51] "chr8_81900677_A_T_b38_A" "chr8_81900680_C_T_b38_C"
[53] "chr8_81900761_G_T_b38_G" "chr8_81900762_G_A_b38_G"
[55] "chr8_81900773_G_A_b38_G" "chr8_81900776_G_T_b38_G"
[57] "chr8_81900779_T_C_b38_T" "chr8_81900782_C_T_b38_C"
[59] "chr8_81900783_T_C_b38_T" "chr8_81900784_G_A_b38_G"
[61] "chr8_81900789_T_C_b38_T" "chr8_81900796_C_G_b38_C"
[63] "chr8_81900800_G_C_b38_G" "chr8_82127185_G_A_b38_G"
[65] "chr8_82127192_C_G_b38_C" "chr8_82129772_G_C_b38_G"
[67] "chr8_82130336_C_T_b38_C" "chr8_82136891_C_T_b38_C"
[69] "chr8_82137774_C_G_b38_C"
51 SNP(s) removed because HWE P < 1e-08 :
 [1] "chr19_50749708_G_C_b38_G" "chr19_50842031_A_G_b38_A"
 [3] "chr19_50896788_T_C_b38_T" "chr19_50897100_A_G_b38_A"
 [5] "chr19_50897145_C_T_b38_C" "chr19_50948431_C_T_b38_C"
 [7] "chr19_50957933_A_G_b38_A" "chr19_51083323_T_G_b38_T"
 [9] "chr19_51107599_A_G_b38_A" "chr19_51107741_T_G_b38_T"
[11] "chr19_51108006_G_A_b38_G" "chr19_51116302_T_C_b38_T"
[13] "chr19_51120922_T_G_b38_T" "chr19_51121015_T_G_b38_T"
[15] "chr19_51121279_T_C_b38_T" "chr19_51121832_A_C_b38_A"
[17] "chr19_51121942_T_C_b38_T" "chr19_51122379_A_G_b38_A"
[19] "chr19_51122568_A_G_b38_A" "chr19_51122642_G_C_b38_G"
[21] "chr19_51123685_A_G_b38_A" "chr19_51136723_A_G_b38_A"
[23] "chr19_51172375_T_C_b38_T" "chr19_51173311_A_G_b38_A"
[25] "chr19_51173876_T_C_b38_T" "chr19_51184134_C_T_b38_C"
[27] "chr19_51201503_A_G_b38_A" "chr19_51208344_T_C_b38_T"
[29] "chr19_51208365_C_T_b38_C" "chr19_51212754_T_C_b38_T"
[31] "chr19_51235665_T_C_b38_T" "chr19_51251278_A_C_b38_A"
[33] "chr19_51280161_A_G_b38_A" "chr19_51280387_C_T_b38_C"
[35] "chr19_51281207_G_A_b38_G" "chr19_51282770_C_G_b38_C"
[37] "chr19_51283428_T_C_b38_T" "chr19_51284112_C_T_b38_C"
[39] "chr19_51284184_A_C_b38_A" "chr19_51285176_C_A_b38_C"
[41] "chr19_51285861_G_A_b38_G" "chr19_51287738_T_C_b38_T"
[43] "chr19_51290510_A_C_b38_A" "chr19_51291857_T_G_b38_T"
[45] "chr19_51293045_T_C_b38_T" "chr19_51298175_C_T_b38_C"
[47] "chr19_51358092_C_G_b38_C" "chr19_51447917_C_T_b38_C"
[49] "chr19_51447928_A_G_b38_A" "chr19_51448049_T_G_b38_T"
[51] "chr19_51457686_A_G_b38_A"
51 SNP(s) removed because HWE P < 1e-08 :
 [1] "chr19_50749708_G_C_b38_G" "chr19_50842031_A_G_b38_A"
 [3] "chr19_50896788_T_C_b38_T" "chr19_50897100_A_G_b38_A"
 [5] "chr19_50897145_C_T_b38_C" "chr19_50948431_C_T_b38_C"
 [7] "chr19_50957933_A_G_b38_A" "chr19_51083323_T_G_b38_T"
 [9] "chr19_51107599_A_G_b38_A" "chr19_51107741_T_G_b38_T"
[11] "chr19_51108006_G_A_b38_G" "chr19_51116302_T_C_b38_T"
[13] "chr19_51120922_T_G_b38_T" "chr19_51121015_T_G_b38_T"
[15] "chr19_51121279_T_C_b38_T" "chr19_51121832_A_C_b38_A"
[17] "chr19_51121942_T_C_b38_T" "chr19_51122379_A_G_b38_A"
[19] "chr19_51122568_A_G_b38_A" "chr19_51122642_G_C_b38_G"
[21] "chr19_51123685_A_G_b38_A" "chr19_51136723_A_G_b38_A"
[23] "chr19_51172375_T_C_b38_T" "chr19_51173311_A_G_b38_A"
[25] "chr19_51173876_T_C_b38_T" "chr19_51184134_C_T_b38_C"
[27] "chr19_51201503_A_G_b38_A" "chr19_51208344_T_C_b38_T"
[29] "chr19_51208365_C_T_b38_C" "chr19_51212754_T_C_b38_T"
[31] "chr19_51235665_T_C_b38_T" "chr19_51251278_A_C_b38_A"
[33] "chr19_51280161_A_G_b38_A" "chr19_51280387_C_T_b38_C"
[35] "chr19_51281207_G_A_b38_G" "chr19_51282770_C_G_b38_C"
[37] "chr19_51283428_T_C_b38_T" "chr19_51284112_C_T_b38_C"
[39] "chr19_51284184_A_C_b38_A" "chr19_51285176_C_A_b38_C"
[41] "chr19_51285861_G_A_b38_G" "chr19_51287738_T_C_b38_T"
[43] "chr19_51290510_A_C_b38_A" "chr19_51291857_T_G_b38_T"
[45] "chr19_51293045_T_C_b38_T" "chr19_51298175_C_T_b38_C"
[47] "chr19_51358092_C_G_b38_C" "chr19_51447917_C_T_b38_C"
[49] "chr19_51447928_A_G_b38_A" "chr19_51448049_T_G_b38_T"
[51] "chr19_51457686_A_G_b38_A"
20 SNP(s) removed because HWE P < 1e-08 :
 [1] "chr17_35379518_A_C_b38_A" "chr17_35442015_G_A_b38_G"
 [3] "chr17_35996816_T_G_b38_T" "chr17_36082933_C_A_b38_C"
 [5] "chr17_36083801_G_C_b38_G" "chr17_36083900_T_A_b38_T"
 [7] "chr17_36109988_G_T_b38_G" "chr17_36111300_G_A_b38_G"
 [9] "chr17_36112019_G_A_b38_G" "chr17_36114883_G_A_b38_G"
[11] "chr17_36152807_C_A_b38_C" "chr17_36160669_C_T_b38_C"
[13] "chr17_36161464_T_G_b38_T" "chr17_36163152_C_T_b38_C"
[15] "chr17_36163256_C_T_b38_C" "chr17_36164185_C_T_b38_C"
[17] "chr17_36165283_A_G_b38_A" "chr17_36165307_T_G_b38_T"
[19] "chr17_36229227_G_A_b38_G" "chr17_36229290_G_T_b38_G"
25 SNP(s) removed because HWE P < 1e-08 :
 [1] "chr1_31452189_C_T_b38_C" "chr1_31452206_A_T_b38_A"
 [3] "chr1_31472576_G_C_b38_G" "chr1_31539722_T_C_b38_T"
 [5] "chr1_31571617_T_C_b38_T" "chr1_31695387_A_C_b38_A"
 [7] "chr1_31695391_A_C_b38_A" "chr1_31707022_G_C_b38_G"
 [9] "chr1_31746913_T_C_b38_T" "chr1_31749577_A_C_b38_A"
[11] "chr1_31905922_C_A_b38_C" "chr1_31907280_C_T_b38_C"
[13] "chr1_31932289_G_A_b38_G" "chr1_31934101_C_T_b38_C"
[15] "chr1_31946937_C_T_b38_C" "chr1_31949166_G_A_b38_G"
[17] "chr1_32267536_A_G_b38_A" "chr1_32434865_C_G_b38_C"
[19] "chr1_32434867_T_C_b38_T" "chr1_32434876_T_A_b38_T"
[21] "chr1_32434918_G_A_b38_G" "chr1_32434944_C_A_b38_C"
[23] "chr1_32434960_T_C_b38_T" "chr1_32434977_C_T_b38_C"
[25] "chr1_32435015_A_T_b38_A"
6 SNP(s) removed because HWE P < 1e-08 :
[1] "chr13_29549344_C_T_b38_C" "chr13_29949626_G_C_b38_G"
[3] "chr13_30062346_T_C_b38_T" "chr13_30062379_G_C_b38_G"
[5] "chr13_30121793_C_T_b38_C" "chr13_30160356_C_T_b38_C"
56 SNP(s) removed because HWE P < 1e-08 :
 [1] "chr2_234571796_G_C_b38_G" "chr2_234679043_G_T_b38_G"
 [3] "chr2_234679188_T_C_b38_T" "chr2_234758936_C_T_b38_C"
 [5] "chr2_234758982_T_C_b38_T" "chr2_234760203_A_G_b38_A"
 [7] "chr2_234760375_C_T_b38_C" "chr2_234888396_A_G_b38_A"
 [9] "chr2_234888758_T_C_b38_T" "chr2_234894832_A_C_b38_A"
[11] "chr2_234894910_G_A_b38_G" "chr2_234894973_T_C_b38_T"
[13] "chr2_234895017_A_G_b38_A" "chr2_234895077_T_C_b38_T"
[15] "chr2_234895138_G_A_b38_G" "chr2_234895180_T_G_b38_T"
[17] "chr2_234895243_G_C_b38_G" "chr2_234895404_A_G_b38_A"
[19] "chr2_234895495_A_G_b38_A" "chr2_234895594_G_T_b38_G"
[21] "chr2_234895605_G_A_b38_G" "chr2_234895717_A_C_b38_A"
[23] "chr2_234895726_G_A_b38_G" "chr2_234895744_C_T_b38_C"
[25] "chr2_234895756_C_A_b38_C" "chr2_234895848_T_A_b38_T"
[27] "chr2_234895974_C_T_b38_C" "chr2_234895996_G_A_b38_G"
[29] "chr2_234896107_C_G_b38_C" "chr2_234896219_G_C_b38_G"
[31] "chr2_234896302_G_C_b38_G" "chr2_234896331_A_G_b38_A"
[33] "chr2_235001953_C_T_b38_C" "chr2_235013109_C_A_b38_C"
[35] "chr2_235013502_C_T_b38_C" "chr2_235014147_A_G_b38_A"
[37] "chr2_235014329_G_T_b38_G" "chr2_235016380_G_A_b38_G"
[39] "chr2_235017019_T_C_b38_T" "chr2_235018342_C_T_b38_C"
[41] "chr2_235031472_C_T_b38_C" "chr2_235062147_T_G_b38_T"
[43] "chr2_235255566_C_A_b38_C" "chr2_235294463_A_G_b38_A"
[45] "chr2_235316147_T_C_b38_T" "chr2_235374434_A_G_b38_A"
[47] "chr2_235375213_T_C_b38_T" "chr2_235375341_T_C_b38_T"
[49] "chr2_235376857_G_A_b38_G" "chr2_235378897_A_T_b38_A"
[51] "chr2_235380311_G_A_b38_G" "chr2_235383464_G_A_b38_G"
[53] "chr2_235385818_T_C_b38_T" "chr2_235399509_A_G_b38_A"
[55] "chr2_235401021_T_A_b38_T" "chr2_235450334_T_C_b38_T"
6 SNP(s) removed because HWE P < 1e-08 :
[1] "chr13_29549344_C_T_b38_C" "chr13_29949626_G_C_b38_G"
[3] "chr13_30062346_T_C_b38_T" "chr13_30062379_G_C_b38_G"
[5] "chr13_30121793_C_T_b38_C" "chr13_30160356_C_T_b38_C"
64 SNP(s) removed because HWE P < 1e-08 :
 [1] "chr14_94029792_C_T_b38_C" "chr14_94029845_C_A_b38_C"
 [3] "chr14_94030098_C_T_b38_C" "chr14_94349903_A_G_b38_A"
 [5] "chr14_94370690_A_G_b38_A" "chr14_94370732_C_A_b38_C"
 [7] "chr14_94370742_C_T_b38_C" "chr14_94370745_G_A_b38_G"
 [9] "chr14_94378897_G_C_b38_G" "chr14_94378898_T_C_b38_T"
[11] "chr14_94378900_A_G_b38_A" "chr14_94378934_A_T_b38_A"
[13] "chr14_94378941_G_A_b38_G" "chr14_94380003_C_T_b38_C"
[15] "chr14_94380014_T_C_b38_T" "chr14_94380017_G_A_b38_G"
[17] "chr14_94380024_T_C_b38_T" "chr14_94380037_A_G_b38_A"
[19] "chr14_94380042_G_A_b38_G" "chr14_94380048_A_G_b38_A"
[21] "chr14_94380049_T_A_b38_T" "chr14_94380053_A_G_b38_A"
[23] "chr14_94380057_T_C_b38_T" "chr14_94380058_G_A_b38_G"
[25] "chr14_94380063_G_C_b38_G" "chr14_94380085_T_C_b38_T"
[27] "chr14_94380106_C_A_b38_C" "chr14_94380111_C_T_b38_C"
[29] "chr14_94380112_C_T_b38_C" "chr14_94380151_A_G_b38_A"
[31] "chr14_94380152_G_T_b38_G" "chr14_94380164_T_C_b38_T"
[33] "chr14_94380166_C_T_b38_C" "chr14_94380168_G_T_b38_G"
[35] "chr14_94380175_A_G_b38_A" "chr14_94380212_C_T_b38_C"
[37] "chr14_94380215_C_G_b38_C" "chr14_94380222_T_C_b38_T"
[39] "chr14_94380244_A_G_b38_A" "chr14_94380250_C_A_b38_C"
[41] "chr14_94380312_G_A_b38_G" "chr14_94380318_C_T_b38_C"
[43] "chr14_94380322_T_C_b38_T" "chr14_94380324_T_C_b38_T"
[45] "chr14_94380333_C_T_b38_C" "chr14_94380362_C_T_b38_C"
[47] "chr14_94380371_T_C_b38_T" "chr14_94446984_A_T_b38_A"
[49] "chr14_94455670_G_T_b38_G" "chr14_94467053_C_T_b38_C"
[51] "chr14_94468771_C_T_b38_C" "chr14_94578680_G_A_b38_G"
[53] "chr14_94637276_C_T_b38_C" "chr14_94638842_C_T_b38_C"
[55] "chr14_94639184_C_T_b38_C" "chr14_94657781_C_A_b38_C"
[57] "chr14_94717842_A_C_b38_A" "chr14_94757444_A_T_b38_A"
[59] "chr14_94763440_G_A_b38_G" "chr14_94821833_A_G_b38_A"
[61] "chr14_94971331_C_G_b38_C" "chr14_94972891_G_A_b38_G"
[63] "chr14_94986440_G_A_b38_G" "chr14_94988388_C_T_b38_C"
49 SNP(s) removed because HWE P < 1e-08 :
 [1] "chr19_51083323_T_G_b38_T" "chr19_51107599_A_G_b38_A"
 [3] "chr19_51107741_T_G_b38_T" "chr19_51108006_G_A_b38_G"
 [5] "chr19_51116302_T_C_b38_T" "chr19_51120922_T_G_b38_T"
 [7] "chr19_51121015_T_G_b38_T" "chr19_51121279_T_C_b38_T"
 [9] "chr19_51121832_A_C_b38_A" "chr19_51121942_T_C_b38_T"
[11] "chr19_51122379_A_G_b38_A" "chr19_51122568_A_G_b38_A"
[13] "chr19_51122642_G_C_b38_G" "chr19_51123685_A_G_b38_A"
[15] "chr19_51136723_A_G_b38_A" "chr19_51172375_T_C_b38_T"
[17] "chr19_51173311_A_G_b38_A" "chr19_51173876_T_C_b38_T"
[19] "chr19_51184134_C_T_b38_C" "chr19_51201503_A_G_b38_A"
[21] "chr19_51208344_T_C_b38_T" "chr19_51208365_C_T_b38_C"
[23] "chr19_51212754_T_C_b38_T" "chr19_51235665_T_C_b38_T"
[25] "chr19_51251278_A_C_b38_A" "chr19_51280161_A_G_b38_A"
[27] "chr19_51280387_C_T_b38_C" "chr19_51281207_G_A_b38_G"
[29] "chr19_51282770_C_G_b38_C" "chr19_51283428_T_C_b38_T"
[31] "chr19_51284112_C_T_b38_C" "chr19_51284184_A_C_b38_A"
[33] "chr19_51285176_C_A_b38_C" "chr19_51285861_G_A_b38_G"
[35] "chr19_51287738_T_C_b38_T" "chr19_51290510_A_C_b38_A"
[37] "chr19_51291857_T_G_b38_T" "chr19_51293045_T_C_b38_T"
[39] "chr19_51298175_C_T_b38_C" "chr19_51358092_C_G_b38_C"
[41] "chr19_51447917_C_T_b38_C" "chr19_51447928_A_G_b38_A"
[43] "chr19_51448049_T_G_b38_T" "chr19_51457686_A_G_b38_A"
[45] "chr19_51780129_T_C_b38_T" "chr19_51780359_A_G_b38_A"
[47] "chr19_51848424_G_A_b38_G" "chr19_51875933_G_A_b38_G"
[49] "chr19_51876393_G_A_b38_G"
74 SNP(s) removed because HWE P < 1e-08 :
 [1] "chr21_31920396_G_A_b38_G" "chr21_31935565_G_C_b38_G"
 [3] "chr21_31935580_T_G_b38_T" "chr21_32134286_A_T_b38_A"
 [5] "chr21_32238948_G_A_b38_G" "chr21_32250914_C_T_b38_C"
 [7] "chr21_32311415_A_C_b38_A" "chr21_32410343_C_T_b38_C"
 [9] "chr21_32432979_G_A_b38_G" "chr21_32432987_A_C_b38_A"
[11] "chr21_32432995_G_A_b38_G" "chr21_32433065_T_A_b38_T"
[13] "chr21_32433084_C_T_b38_C" "chr21_32433553_G_A_b38_G"
[15] "chr21_32433554_C_G_b38_C" "chr21_32433562_T_C_b38_T"
[17] "chr21_32433629_A_G_b38_A" "chr21_32433656_G_A_b38_G"
[19] "chr21_32433663_A_T_b38_A" "chr21_32434706_A_G_b38_A"
[21] "chr21_32434713_T_C_b38_T" "chr21_32434721_A_C_b38_A"
[23] "chr21_32434746_A_C_b38_A" "chr21_32434842_G_A_b38_G"
[25] "chr21_32434867_C_T_b38_C" "chr21_32434878_G_A_b38_G"
[27] "chr21_32434919_T_G_b38_T" "chr21_32434927_C_T_b38_C"
[29] "chr21_32434967_T_G_b38_T" "chr21_32434971_T_C_b38_T"
[31] "chr21_32434992_T_C_b38_T" "chr21_32435003_T_G_b38_T"
[33] "chr21_32435004_T_C_b38_T" "chr21_32435117_A_G_b38_A"
[35] "chr21_32435125_T_C_b38_T" "chr21_32435126_G_C_b38_G"
[37] "chr21_32435133_C_A_b38_C" "chr21_32435360_C_T_b38_C"
[39] "chr21_32435400_A_G_b38_A" "chr21_32435408_T_C_b38_T"
[41] "chr21_32435414_A_G_b38_A" "chr21_32435436_C_T_b38_C"
[43] "chr21_32435462_C_T_b38_C" "chr21_32435661_G_C_b38_G"
[45] "chr21_32435666_T_G_b38_T" "chr21_32435667_A_G_b38_A"
[47] "chr21_32435716_C_T_b38_C" "chr21_32435721_G_A_b38_G"
[49] "chr21_32435728_T_C_b38_T" "chr21_32435763_C_T_b38_C"
[51] "chr21_32435766_A_C_b38_A" "chr21_32435898_C_T_b38_C"
[53] "chr21_32435949_T_A_b38_T" "chr21_32435990_T_A_b38_T"
[55] "chr21_32436019_G_A_b38_G" "chr21_32436447_T_A_b38_T"
[57] "chr21_32436465_A_C_b38_A" "chr21_32436477_T_A_b38_T"
[59] "chr21_32436484_T_C_b38_T" "chr21_32436539_G_A_b38_G"
[61] "chr21_32436627_G_A_b38_G" "chr21_32436628_G_A_b38_G"
[63] "chr21_32436637_A_G_b38_A" "chr21_32436702_C_T_b38_C"
[65] "chr21_32436736_G_A_b38_G" "chr21_32436746_A_G_b38_A"
[67] "chr21_32437187_G_C_b38_G" "chr21_32437224_A_G_b38_A"
[69] "chr21_32437249_C_A_b38_C" "chr21_32437250_G_A_b38_G"
[71] "chr21_32437258_C_G_b38_C" "chr21_32621877_A_T_b38_A"
[73] "chr21_32660622_A_G_b38_A" "chr21_32660624_C_T_b38_C"
51 SNP(s) removed because HWE P < 1e-08 :
 [1] "chr19_50749708_G_C_b38_G" "chr19_50842031_A_G_b38_A"
 [3] "chr19_50896788_T_C_b38_T" "chr19_50897100_A_G_b38_A"
 [5] "chr19_50897145_C_T_b38_C" "chr19_50948431_C_T_b38_C"
 [7] "chr19_50957933_A_G_b38_A" "chr19_51083323_T_G_b38_T"
 [9] "chr19_51107599_A_G_b38_A" "chr19_51107741_T_G_b38_T"
[11] "chr19_51108006_G_A_b38_G" "chr19_51116302_T_C_b38_T"
[13] "chr19_51120922_T_G_b38_T" "chr19_51121015_T_G_b38_T"
[15] "chr19_51121279_T_C_b38_T" "chr19_51121832_A_C_b38_A"
[17] "chr19_51121942_T_C_b38_T" "chr19_51122379_A_G_b38_A"
[19] "chr19_51122568_A_G_b38_A" "chr19_51122642_G_C_b38_G"
[21] "chr19_51123685_A_G_b38_A" "chr19_51136723_A_G_b38_A"
[23] "chr19_51172375_T_C_b38_T" "chr19_51173311_A_G_b38_A"
[25] "chr19_51173876_T_C_b38_T" "chr19_51184134_C_T_b38_C"
[27] "chr19_51201503_A_G_b38_A" "chr19_51208344_T_C_b38_T"
[29] "chr19_51208365_C_T_b38_C" "chr19_51212754_T_C_b38_T"
[31] "chr19_51235665_T_C_b38_T" "chr19_51251278_A_C_b38_A"
[33] "chr19_51280161_A_G_b38_A" "chr19_51280387_C_T_b38_C"
[35] "chr19_51281207_G_A_b38_G" "chr19_51282770_C_G_b38_C"
[37] "chr19_51283428_T_C_b38_T" "chr19_51284112_C_T_b38_C"
[39] "chr19_51284184_A_C_b38_A" "chr19_51285176_C_A_b38_C"
[41] "chr19_51285861_G_A_b38_G" "chr19_51287738_T_C_b38_T"
[43] "chr19_51290510_A_C_b38_A" "chr19_51291857_T_G_b38_T"
[45] "chr19_51293045_T_C_b38_T" "chr19_51298175_C_T_b38_C"
[47] "chr19_51358092_C_G_b38_C" "chr19_51447917_C_T_b38_C"
[49] "chr19_51447928_A_G_b38_A" "chr19_51448049_T_G_b38_T"
[51] "chr19_51457686_A_G_b38_A"
105 SNP(s) removed because HWE P < 1e-08 :
  [1] "chr13_38030700_G_C_b38_G" "chr13_38032943_T_C_b38_T"
  [3] "chr13_38034316_T_C_b38_T" "chr13_38038993_T_A_b38_T"
  [5] "chr13_38039200_A_G_b38_A" "chr13_38039313_A_G_b38_A"
  [7] "chr13_38042208_G_T_b38_G" "chr13_38043290_G_T_b38_G"
  [9] "chr13_38106191_A_G_b38_A" "chr13_38109759_T_C_b38_T"
 [11] "chr13_38119280_T_C_b38_T" "chr13_38248867_T_A_b38_T"
 [13] "chr13_38304106_G_A_b38_G" "chr13_38304309_C_T_b38_C"
 [15] "chr13_38304641_G_A_b38_G" "chr13_38304801_T_C_b38_T"
 [17] "chr13_38305154_G_A_b38_G" "chr13_38305167_C_T_b38_C"
 [19] "chr13_38305349_C_T_b38_C" "chr13_38305362_T_C_b38_T"
 [21] "chr13_38306669_T_C_b38_T" "chr13_38310393_A_G_b38_A"
 [23] "chr13_38311809_G_A_b38_G" "chr13_38315710_A_T_b38_A"
 [25] "chr13_38315723_A_G_b38_A" "chr13_38316115_C_T_b38_C"
 [27] "chr13_38318241_G_A_b38_G" "chr13_38320363_T_G_b38_T"
 [29] "chr13_38322417_T_G_b38_T" "chr13_38322649_G_A_b38_G"
 [31] "chr13_38323432_T_G_b38_T" "chr13_38324040_T_C_b38_T"
 [33] "chr13_38326298_C_T_b38_C" "chr13_38327123_T_C_b38_T"
 [35] "chr13_38327889_T_C_b38_T" "chr13_38334422_T_A_b38_T"
 [37] "chr13_38345859_T_C_b38_T" "chr13_38346164_C_T_b38_C"
 [39] "chr13_38347228_T_G_b38_T" "chr13_38347497_A_G_b38_A"
 [41] "chr13_38347906_A_G_b38_A" "chr13_38349426_T_G_b38_T"
 [43] "chr13_38349545_A_G_b38_A" "chr13_38349726_T_C_b38_T"
 [45] "chr13_38349946_A_T_b38_A" "chr13_38350126_T_C_b38_T"
 [47] "chr13_38350847_G_A_b38_G" "chr13_38352253_T_A_b38_T"
 [49] "chr13_38362173_A_G_b38_A" "chr13_38362951_G_A_b38_G"
 [51] "chr13_38363820_T_A_b38_T" "chr13_38364001_C_T_b38_C"
 [53] "chr13_38364107_A_T_b38_A" "chr13_38364433_A_G_b38_A"
 [55] "chr13_38364778_T_C_b38_T" "chr13_38364867_T_G_b38_T"
 [57] "chr13_38365283_A_G_b38_A" "chr13_38370458_G_A_b38_G"
 [59] "chr13_38370667_C_T_b38_C" "chr13_38370848_T_G_b38_T"
 [61] "chr13_38370900_G_T_b38_G" "chr13_38372983_C_T_b38_C"
 [63] "chr13_38373111_A_T_b38_A" "chr13_38373920_C_T_b38_C"
 [65] "chr13_38374266_A_G_b38_A" "chr13_38374714_G_A_b38_G"
 [67] "chr13_38374903_T_G_b38_T" "chr13_38374980_G_A_b38_G"
 [69] "chr13_38375029_G_A_b38_G" "chr13_38375743_T_G_b38_T"
 [71] "chr13_38375744_T_G_b38_T" "chr13_38376819_G_A_b38_G"
 [73] "chr13_38376950_C_T_b38_C" "chr13_38384521_A_G_b38_A"
 [75] "chr13_38386233_C_A_b38_C" "chr13_38562659_C_T_b38_C"
 [77] "chr13_38563567_G_A_b38_G" "chr13_38564253_C_T_b38_C"
 [79] "chr13_38580592_G_C_b38_G" "chr13_38586192_A_G_b38_A"
 [81] "chr13_38586225_A_G_b38_A" "chr13_38586264_C_T_b38_C"
 [83] "chr13_38586360_C_T_b38_C" "chr13_38586591_A_G_b38_A"
 [85] "chr13_38586649_C_G_b38_C" "chr13_38586771_A_G_b38_A"
 [87] "chr13_38587495_G_A_b38_G" "chr13_38588912_C_T_b38_C"
 [89] "chr13_38589423_C_T_b38_C" "chr13_38590472_G_A_b38_G"
 [91] "chr13_38592415_A_G_b38_A" "chr13_38593595_T_C_b38_T"
 [93] "chr13_38593741_T_C_b38_T" "chr13_38594565_G_C_b38_G"
 [95] "chr13_38595179_C_T_b38_C" "chr13_38595523_T_G_b38_T"
 [97] "chr13_38596136_A_G_b38_A" "chr13_38596841_A_C_b38_A"
 [99] "chr13_38600334_A_C_b38_A" "chr13_38602473_C_T_b38_C"
[101] "chr13_38603009_C_T_b38_C" "chr13_38606931_C_G_b38_C"
[103] "chr13_38609135_T_C_b38_T" "chr13_38832771_T_G_b38_T"
[105] "chr13_38832947_A_G_b38_A"
6 SNP(s) removed because HWE P < 1e-08 :
[1] "chr17_28439190_A_C_b38_A" "chr17_28439714_T_C_b38_T"
[3] "chr17_28441937_G_A_b38_G" "chr17_28452019_C_T_b38_C"
[5] "chr17_28452207_C_G_b38_C" "chr17_28459762_C_A_b38_C"
22 SNP(s) removed because HWE P < 1e-08 :
 [1] "chr4_8044692_G_T_b38_G" "chr4_8044693_A_C_b38_A" "chr4_8059763_G_A_b38_G"
 [4] "chr4_8100031_G_T_b38_G" "chr4_8100581_C_T_b38_C" "chr4_8306668_C_G_b38_C"
 [7] "chr4_8557849_T_C_b38_T" "chr4_8557938_A_C_b38_A" "chr4_8557958_G_A_b38_G"
[10] "chr4_8557961_C_T_b38_C" "chr4_8585626_A_G_b38_A" "chr4_8603756_G_C_b38_G"
[13] "chr4_8632004_T_A_b38_T" "chr4_8632045_A_G_b38_A" "chr4_8635779_A_G_b38_A"
[16] "chr4_8655103_T_G_b38_T" "chr4_8655200_C_G_b38_C" "chr4_8656155_G_C_b38_G"
[19] "chr4_8659539_G_A_b38_G" "chr4_8661217_T_G_b38_T" "chr4_8674262_C_G_b38_C"
[22] "chr4_8677036_C_A_b38_C"
56 SNP(s) removed because HWE P < 1e-08 :
 [1] "chr2_234571796_G_C_b38_G" "chr2_234679043_G_T_b38_G"
 [3] "chr2_234679188_T_C_b38_T" "chr2_234758936_C_T_b38_C"
 [5] "chr2_234758982_T_C_b38_T" "chr2_234760203_A_G_b38_A"
 [7] "chr2_234760375_C_T_b38_C" "chr2_234888396_A_G_b38_A"
 [9] "chr2_234888758_T_C_b38_T" "chr2_234894832_A_C_b38_A"
[11] "chr2_234894910_G_A_b38_G" "chr2_234894973_T_C_b38_T"
[13] "chr2_234895017_A_G_b38_A" "chr2_234895077_T_C_b38_T"
[15] "chr2_234895138_G_A_b38_G" "chr2_234895180_T_G_b38_T"
[17] "chr2_234895243_G_C_b38_G" "chr2_234895404_A_G_b38_A"
[19] "chr2_234895495_A_G_b38_A" "chr2_234895594_G_T_b38_G"
[21] "chr2_234895605_G_A_b38_G" "chr2_234895717_A_C_b38_A"
[23] "chr2_234895726_G_A_b38_G" "chr2_234895744_C_T_b38_C"
[25] "chr2_234895756_C_A_b38_C" "chr2_234895848_T_A_b38_T"
[27] "chr2_234895974_C_T_b38_C" "chr2_234895996_G_A_b38_G"
[29] "chr2_234896107_C_G_b38_C" "chr2_234896219_G_C_b38_G"
[31] "chr2_234896302_G_C_b38_G" "chr2_234896331_A_G_b38_A"
[33] "chr2_235001953_C_T_b38_C" "chr2_235013109_C_A_b38_C"
[35] "chr2_235013502_C_T_b38_C" "chr2_235014147_A_G_b38_A"
[37] "chr2_235014329_G_T_b38_G" "chr2_235016380_G_A_b38_G"
[39] "chr2_235017019_T_C_b38_T" "chr2_235018342_C_T_b38_C"
[41] "chr2_235031472_C_T_b38_C" "chr2_235062147_T_G_b38_T"
[43] "chr2_235255566_C_A_b38_C" "chr2_235294463_A_G_b38_A"
[45] "chr2_235316147_T_C_b38_T" "chr2_235374434_A_G_b38_A"
[47] "chr2_235375213_T_C_b38_T" "chr2_235375341_T_C_b38_T"
[49] "chr2_235376857_G_A_b38_G" "chr2_235378897_A_T_b38_A"
[51] "chr2_235380311_G_A_b38_G" "chr2_235383464_G_A_b38_G"
[53] "chr2_235385818_T_C_b38_T" "chr2_235399509_A_G_b38_A"
[55] "chr2_235401021_T_A_b38_T" "chr2_235450334_T_C_b38_T"
37 SNP(s) removed because HWE P < 1e-08 :
 [1] "chr16_24109784_G_A_b38_G" "chr16_24227690_G_C_b38_G"
 [3] "chr16_24233628_G_C_b38_G" "chr16_24496566_C_T_b38_C"
 [5] "chr16_24496764_C_A_b38_C" "chr16_24499309_C_T_b38_C"
 [7] "chr16_24870481_A_C_b38_A" "chr16_24873006_G_A_b38_G"
 [9] "chr16_24884357_A_G_b38_A" "chr16_24917601_A_G_b38_A"
[11] "chr16_24917765_G_A_b38_G" "chr16_24917986_T_C_b38_T"
[13] "chr16_24919227_T_C_b38_T" "chr16_24920477_C_T_b38_C"
[15] "chr16_24920573_A_G_b38_A" "chr16_24921599_T_C_b38_T"
[17] "chr16_24923143_G_T_b38_G" "chr16_24924245_T_C_b38_T"
[19] "chr16_24924716_A_T_b38_A" "chr16_24925306_A_G_b38_A"
[21] "chr16_24927264_T_C_b38_T" "chr16_24932825_T_C_b38_T"
[23] "chr16_24940578_A_G_b38_A" "chr16_24943087_G_A_b38_G"
[25] "chr16_24943465_A_G_b38_A" "chr16_24945135_A_G_b38_A"
[27] "chr16_24945229_T_G_b38_T" "chr16_24945237_A_C_b38_A"
[29] "chr16_24947347_A_C_b38_A" "chr16_24947664_G_A_b38_G"
[31] "chr16_24948730_C_G_b38_C" "chr16_24950568_T_C_b38_T"
[33] "chr16_24952718_T_C_b38_T" "chr16_24953197_T_C_b38_T"
[35] "chr16_24953395_G_T_b38_G" "chr16_24953714_C_T_b38_C"
[37] "chr16_24955202_T_C_b38_T"
6 SNP(s) removed because HWE P < 1e-08 :
[1] "chr13_29549344_C_T_b38_C" "chr13_29949626_G_C_b38_G"
[3] "chr13_30062346_T_C_b38_T" "chr13_30062379_G_C_b38_G"
[5] "chr13_30121793_C_T_b38_C" "chr13_30160356_C_T_b38_C"
32 SNP(s) removed because HWE P < 1e-08 :
 [1] "chr19_17504800_T_C_b38_T" "chr19_17504915_T_C_b38_T"
 [3] "chr19_17583443_G_T_b38_G" "chr19_17666011_C_T_b38_C"
 [5] "chr19_17666078_T_C_b38_T" "chr19_17847808_C_T_b38_C"
 [7] "chr19_17847968_T_C_b38_T" "chr19_17901200_G_T_b38_G"
 [9] "chr19_17908396_T_C_b38_T" "chr19_17924720_G_T_b38_G"
[11] "chr19_17928630_T_C_b38_T" "chr19_18036796_G_A_b38_G"
[13] "chr19_18037080_A_T_b38_A" "chr19_18037381_T_C_b38_T"
[15] "chr19_18037783_T_C_b38_T" "chr19_18039165_G_A_b38_G"
[17] "chr19_18039479_C_T_b38_C" "chr19_18039995_T_C_b38_T"
[19] "chr19_18040092_T_C_b38_T" "chr19_18040429_G_T_b38_G"
[21] "chr19_18040432_G_T_b38_G" "chr19_18042127_C_T_b38_C"
[23] "chr19_18042885_A_G_b38_A" "chr19_18043992_G_C_b38_G"
[25] "chr19_18044231_C_G_b38_C" "chr19_18044266_G_C_b38_G"
[27] "chr19_18251693_G_C_b38_G" "chr19_18260387_C_T_b38_C"
[29] "chr19_18262150_C_G_b38_C" "chr19_18265699_G_A_b38_G"
[31] "chr19_18265970_T_C_b38_T" "chr19_18267871_C_A_b38_C"
105 SNP(s) removed because HWE P < 1e-08 :
  [1] "chr13_38030700_G_C_b38_G" "chr13_38032943_T_C_b38_T"
  [3] "chr13_38034316_T_C_b38_T" "chr13_38038993_T_A_b38_T"
  [5] "chr13_38039200_A_G_b38_A" "chr13_38039313_A_G_b38_A"
  [7] "chr13_38042208_G_T_b38_G" "chr13_38043290_G_T_b38_G"
  [9] "chr13_38106191_A_G_b38_A" "chr13_38109759_T_C_b38_T"
 [11] "chr13_38119280_T_C_b38_T" "chr13_38248867_T_A_b38_T"
 [13] "chr13_38304106_G_A_b38_G" "chr13_38304309_C_T_b38_C"
 [15] "chr13_38304641_G_A_b38_G" "chr13_38304801_T_C_b38_T"
 [17] "chr13_38305154_G_A_b38_G" "chr13_38305167_C_T_b38_C"
 [19] "chr13_38305349_C_T_b38_C" "chr13_38305362_T_C_b38_T"
 [21] "chr13_38306669_T_C_b38_T" "chr13_38310393_A_G_b38_A"
 [23] "chr13_38311809_G_A_b38_G" "chr13_38315710_A_T_b38_A"
 [25] "chr13_38315723_A_G_b38_A" "chr13_38316115_C_T_b38_C"
 [27] "chr13_38318241_G_A_b38_G" "chr13_38320363_T_G_b38_T"
 [29] "chr13_38322417_T_G_b38_T" "chr13_38322649_G_A_b38_G"
 [31] "chr13_38323432_T_G_b38_T" "chr13_38324040_T_C_b38_T"
 [33] "chr13_38326298_C_T_b38_C" "chr13_38327123_T_C_b38_T"
 [35] "chr13_38327889_T_C_b38_T" "chr13_38334422_T_A_b38_T"
 [37] "chr13_38345859_T_C_b38_T" "chr13_38346164_C_T_b38_C"
 [39] "chr13_38347228_T_G_b38_T" "chr13_38347497_A_G_b38_A"
 [41] "chr13_38347906_A_G_b38_A" "chr13_38349426_T_G_b38_T"
 [43] "chr13_38349545_A_G_b38_A" "chr13_38349726_T_C_b38_T"
 [45] "chr13_38349946_A_T_b38_A" "chr13_38350126_T_C_b38_T"
 [47] "chr13_38350847_G_A_b38_G" "chr13_38352253_T_A_b38_T"
 [49] "chr13_38362173_A_G_b38_A" "chr13_38362951_G_A_b38_G"
 [51] "chr13_38363820_T_A_b38_T" "chr13_38364001_C_T_b38_C"
 [53] "chr13_38364107_A_T_b38_A" "chr13_38364433_A_G_b38_A"
 [55] "chr13_38364778_T_C_b38_T" "chr13_38364867_T_G_b38_T"
 [57] "chr13_38365283_A_G_b38_A" "chr13_38370458_G_A_b38_G"
 [59] "chr13_38370667_C_T_b38_C" "chr13_38370848_T_G_b38_T"
 [61] "chr13_38370900_G_T_b38_G" "chr13_38372983_C_T_b38_C"
 [63] "chr13_38373111_A_T_b38_A" "chr13_38373920_C_T_b38_C"
 [65] "chr13_38374266_A_G_b38_A" "chr13_38374714_G_A_b38_G"
 [67] "chr13_38374903_T_G_b38_T" "chr13_38374980_G_A_b38_G"
 [69] "chr13_38375029_G_A_b38_G" "chr13_38375743_T_G_b38_T"
 [71] "chr13_38375744_T_G_b38_T" "chr13_38376819_G_A_b38_G"
 [73] "chr13_38376950_C_T_b38_C" "chr13_38384521_A_G_b38_A"
 [75] "chr13_38386233_C_A_b38_C" "chr13_38562659_C_T_b38_C"
 [77] "chr13_38563567_G_A_b38_G" "chr13_38564253_C_T_b38_C"
 [79] "chr13_38580592_G_C_b38_G" "chr13_38586192_A_G_b38_A"
 [81] "chr13_38586225_A_G_b38_A" "chr13_38586264_C_T_b38_C"
 [83] "chr13_38586360_C_T_b38_C" "chr13_38586591_A_G_b38_A"
 [85] "chr13_38586649_C_G_b38_C" "chr13_38586771_A_G_b38_A"
 [87] "chr13_38587495_G_A_b38_G" "chr13_38588912_C_T_b38_C"
 [89] "chr13_38589423_C_T_b38_C" "chr13_38590472_G_A_b38_G"
 [91] "chr13_38592415_A_G_b38_A" "chr13_38593595_T_C_b38_T"
 [93] "chr13_38593741_T_C_b38_T" "chr13_38594565_G_C_b38_G"
 [95] "chr13_38595179_C_T_b38_C" "chr13_38595523_T_G_b38_T"
 [97] "chr13_38596136_A_G_b38_A" "chr13_38596841_A_C_b38_A"
 [99] "chr13_38600334_A_C_b38_A" "chr13_38602473_C_T_b38_C"
[101] "chr13_38603009_C_T_b38_C" "chr13_38606931_C_G_b38_C"
[103] "chr13_38609135_T_C_b38_T" "chr13_38832771_T_G_b38_T"
[105] "chr13_38832947_A_G_b38_A"
4 SNP(s) removed because HWE P < 1e-08 :
[1] "chr5_139807358_T_C_b38_T" "chr5_139807365_G_C_b38_G"
[3] "chr5_139847479_A_C_b38_A" "chr5_140131195_A_C_b38_A"
56 SNP(s) removed because HWE P < 1e-08 :
 [1] "chr2_234571796_G_C_b38_G" "chr2_234679043_G_T_b38_G"
 [3] "chr2_234679188_T_C_b38_T" "chr2_234758936_C_T_b38_C"
 [5] "chr2_234758982_T_C_b38_T" "chr2_234760203_A_G_b38_A"
 [7] "chr2_234760375_C_T_b38_C" "chr2_234888396_A_G_b38_A"
 [9] "chr2_234888758_T_C_b38_T" "chr2_234894832_A_C_b38_A"
[11] "chr2_234894910_G_A_b38_G" "chr2_234894973_T_C_b38_T"
[13] "chr2_234895017_A_G_b38_A" "chr2_234895077_T_C_b38_T"
[15] "chr2_234895138_G_A_b38_G" "chr2_234895180_T_G_b38_T"
[17] "chr2_234895243_G_C_b38_G" "chr2_234895404_A_G_b38_A"
[19] "chr2_234895495_A_G_b38_A" "chr2_234895594_G_T_b38_G"
[21] "chr2_234895605_G_A_b38_G" "chr2_234895717_A_C_b38_A"
[23] "chr2_234895726_G_A_b38_G" "chr2_234895744_C_T_b38_C"
[25] "chr2_234895756_C_A_b38_C" "chr2_234895848_T_A_b38_T"
[27] "chr2_234895974_C_T_b38_C" "chr2_234895996_G_A_b38_G"
[29] "chr2_234896107_C_G_b38_C" "chr2_234896219_G_C_b38_G"
[31] "chr2_234896302_G_C_b38_G" "chr2_234896331_A_G_b38_A"
[33] "chr2_235001953_C_T_b38_C" "chr2_235013109_C_A_b38_C"
[35] "chr2_235013502_C_T_b38_C" "chr2_235014147_A_G_b38_A"
[37] "chr2_235014329_G_T_b38_G" "chr2_235016380_G_A_b38_G"
[39] "chr2_235017019_T_C_b38_T" "chr2_235018342_C_T_b38_C"
[41] "chr2_235031472_C_T_b38_C" "chr2_235062147_T_G_b38_T"
[43] "chr2_235255566_C_A_b38_C" "chr2_235294463_A_G_b38_A"
[45] "chr2_235316147_T_C_b38_T" "chr2_235374434_A_G_b38_A"
[47] "chr2_235375213_T_C_b38_T" "chr2_235375341_T_C_b38_T"
[49] "chr2_235376857_G_A_b38_G" "chr2_235378897_A_T_b38_A"
[51] "chr2_235380311_G_A_b38_G" "chr2_235383464_G_A_b38_G"
[53] "chr2_235385818_T_C_b38_T" "chr2_235399509_A_G_b38_A"
[55] "chr2_235401021_T_A_b38_T" "chr2_235450334_T_C_b38_T"
69 SNP(s) removed because HWE P < 1e-08 :
 [1] "chr8_81253423_T_C_b38_T" "chr8_81281143_C_T_b38_C"
 [3] "chr8_81289273_A_T_b38_A" "chr8_81297255_A_G_b38_A"
 [5] "chr8_81299436_C_T_b38_C" "chr8_81300344_T_C_b38_T"
 [7] "chr8_81325559_T_C_b38_T" "chr8_81327049_C_G_b38_C"
 [9] "chr8_81327156_T_G_b38_T" "chr8_81327252_A_G_b38_A"
[11] "chr8_81327333_T_C_b38_T" "chr8_81327394_A_G_b38_A"
[13] "chr8_81328362_A_G_b38_A" "chr8_81328531_C_A_b38_C"
[15] "chr8_81329064_T_A_b38_T" "chr8_81329094_T_G_b38_T"
[17] "chr8_81329957_C_T_b38_C" "chr8_81330786_A_G_b38_A"
[19] "chr8_81330873_T_C_b38_T" "chr8_81331043_A_C_b38_A"
[21] "chr8_81331131_T_C_b38_T" "chr8_81331608_C_T_b38_C"
[23] "chr8_81331614_C_T_b38_C" "chr8_81331709_T_G_b38_T"
[25] "chr8_81331864_A_G_b38_A" "chr8_81331877_C_T_b38_C"
[27] "chr8_81332098_G_A_b38_G" "chr8_81332283_A_G_b38_A"
[29] "chr8_81332524_C_T_b38_C" "chr8_81332904_A_T_b38_A"
[31] "chr8_81332906_C_T_b38_C" "chr8_81333125_G_A_b38_G"
[33] "chr8_81333194_G_T_b38_G" "chr8_81333216_T_C_b38_T"
[35] "chr8_81333791_C_T_b38_C" "chr8_81334313_T_C_b38_T"
[37] "chr8_81335686_A_G_b38_A" "chr8_81336303_C_T_b38_C"
[39] "chr8_81464464_C_T_b38_C" "chr8_81468508_A_T_b38_A"
[41] "chr8_81468888_A_G_b38_A" "chr8_81469332_T_C_b38_T"
[43] "chr8_81469415_G_A_b38_G" "chr8_81470506_G_A_b38_G"
[45] "chr8_81470621_C_T_b38_C" "chr8_81471159_T_G_b38_T"
[47] "chr8_81514819_A_C_b38_A" "chr8_81515555_C_T_b38_C"
[49] "chr8_81518769_T_C_b38_T" "chr8_81527961_G_T_b38_G"
[51] "chr8_81900677_A_T_b38_A" "chr8_81900680_C_T_b38_C"
[53] "chr8_81900761_G_T_b38_G" "chr8_81900762_G_A_b38_G"
[55] "chr8_81900773_G_A_b38_G" "chr8_81900776_G_T_b38_G"
[57] "chr8_81900779_T_C_b38_T" "chr8_81900782_C_T_b38_C"
[59] "chr8_81900783_T_C_b38_T" "chr8_81900784_G_A_b38_G"
[61] "chr8_81900789_T_C_b38_T" "chr8_81900796_C_G_b38_C"
[63] "chr8_81900800_G_C_b38_G" "chr8_82127185_G_A_b38_G"
[65] "chr8_82127192_C_G_b38_C" "chr8_82129772_G_C_b38_G"
[67] "chr8_82130336_C_T_b38_C" "chr8_82136891_C_T_b38_C"
[69] "chr8_82137774_C_G_b38_C"
74 SNP(s) removed because HWE P < 1e-08 :
 [1] "chr21_31920396_G_A_b38_G" "chr21_31935565_G_C_b38_G"
 [3] "chr21_31935580_T_G_b38_T" "chr21_32134286_A_T_b38_A"
 [5] "chr21_32238948_G_A_b38_G" "chr21_32250914_C_T_b38_C"
 [7] "chr21_32311415_A_C_b38_A" "chr21_32410343_C_T_b38_C"
 [9] "chr21_32432979_G_A_b38_G" "chr21_32432987_A_C_b38_A"
[11] "chr21_32432995_G_A_b38_G" "chr21_32433065_T_A_b38_T"
[13] "chr21_32433084_C_T_b38_C" "chr21_32433553_G_A_b38_G"
[15] "chr21_32433554_C_G_b38_C" "chr21_32433562_T_C_b38_T"
[17] "chr21_32433629_A_G_b38_A" "chr21_32433656_G_A_b38_G"
[19] "chr21_32433663_A_T_b38_A" "chr21_32434706_A_G_b38_A"
[21] "chr21_32434713_T_C_b38_T" "chr21_32434721_A_C_b38_A"
[23] "chr21_32434746_A_C_b38_A" "chr21_32434842_G_A_b38_G"
[25] "chr21_32434867_C_T_b38_C" "chr21_32434878_G_A_b38_G"
[27] "chr21_32434919_T_G_b38_T" "chr21_32434927_C_T_b38_C"
[29] "chr21_32434967_T_G_b38_T" "chr21_32434971_T_C_b38_T"
[31] "chr21_32434992_T_C_b38_T" "chr21_32435003_T_G_b38_T"
[33] "chr21_32435004_T_C_b38_T" "chr21_32435117_A_G_b38_A"
[35] "chr21_32435125_T_C_b38_T" "chr21_32435126_G_C_b38_G"
[37] "chr21_32435133_C_A_b38_C" "chr21_32435360_C_T_b38_C"
[39] "chr21_32435400_A_G_b38_A" "chr21_32435408_T_C_b38_T"
[41] "chr21_32435414_A_G_b38_A" "chr21_32435436_C_T_b38_C"
[43] "chr21_32435462_C_T_b38_C" "chr21_32435661_G_C_b38_G"
[45] "chr21_32435666_T_G_b38_T" "chr21_32435667_A_G_b38_A"
[47] "chr21_32435716_C_T_b38_C" "chr21_32435721_G_A_b38_G"
[49] "chr21_32435728_T_C_b38_T" "chr21_32435763_C_T_b38_C"
[51] "chr21_32435766_A_C_b38_A" "chr21_32435898_C_T_b38_C"
[53] "chr21_32435949_T_A_b38_T" "chr21_32435990_T_A_b38_T"
[55] "chr21_32436019_G_A_b38_G" "chr21_32436447_T_A_b38_T"
[57] "chr21_32436465_A_C_b38_A" "chr21_32436477_T_A_b38_T"
[59] "chr21_32436484_T_C_b38_T" "chr21_32436539_G_A_b38_G"
[61] "chr21_32436627_G_A_b38_G" "chr21_32436628_G_A_b38_G"
[63] "chr21_32436637_A_G_b38_A" "chr21_32436702_C_T_b38_C"
[65] "chr21_32436736_G_A_b38_G" "chr21_32436746_A_G_b38_A"
[67] "chr21_32437187_G_C_b38_G" "chr21_32437224_A_G_b38_A"
[69] "chr21_32437249_C_A_b38_C" "chr21_32437250_G_A_b38_G"
[71] "chr21_32437258_C_G_b38_C" "chr21_32621877_A_T_b38_A"
[73] "chr21_32660622_A_G_b38_A" "chr21_32660624_C_T_b38_C"
25 SNP(s) removed because HWE P < 1e-08 :
 [1] "chr2_239645640_C_T_b38_C" "chr2_239711417_C_A_b38_C"
 [3] "chr2_239719898_C_T_b38_C" "chr2_239749338_G_A_b38_G"
 [5] "chr2_239777480_C_T_b38_C" "chr2_239778122_A_G_b38_A"
 [7] "chr2_239934368_A_C_b38_A" "chr2_239934374_A_C_b38_A"
 [9] "chr2_239974923_C_T_b38_C" "chr2_239974924_G_A_b38_G"
[11] "chr2_240056527_G_T_b38_G" "chr2_240062257_C_A_b38_C"
[13] "chr2_240062596_A_G_b38_A" "chr2_240062820_G_C_b38_G"
[15] "chr2_240064997_C_T_b38_C" "chr2_240066381_G_A_b38_G"
[17] "chr2_240073453_T_G_b38_T" "chr2_240074778_A_G_b38_A"
[19] "chr2_240075890_T_A_b38_T" "chr2_240082866_C_A_b38_C"
[21] "chr2_240230405_T_C_b38_T" "chr2_240325508_C_A_b38_C"
[23] "chr2_240328689_G_A_b38_G" "chr2_240331510_T_C_b38_T"
[25] "chr2_240581036_C_G_b38_C"
6 SNP(s) removed because HWE P < 1e-08 :
[1] "chr13_29549344_C_T_b38_C" "chr13_29949626_G_C_b38_G"
[3] "chr13_30062346_T_C_b38_T" "chr13_30062379_G_C_b38_G"
[5] "chr13_30121793_C_T_b38_C" "chr13_30160356_C_T_b38_C"
26 SNP(s) removed because HWE P < 1e-08 :
 [1] "chr4_48078519_A_C_b38_A" "chr4_48079528_T_C_b38_T"
 [3] "chr4_48085231_T_C_b38_T" "chr4_48085838_G_A_b38_G"
 [5] "chr4_48086052_C_T_b38_C" "chr4_48086429_A_G_b38_A"
 [7] "chr4_48450863_T_C_b38_T" "chr4_48451209_C_T_b38_C"
 [9] "chr4_48452709_A_G_b38_A" "chr4_48711359_T_C_b38_T"
[11] "chr4_48711393_C_T_b38_C" "chr4_48711401_C_A_b38_C"
[13] "chr4_48711410_A_G_b38_A" "chr4_48711421_A_C_b38_A"
[15] "chr4_48711432_G_C_b38_G" "chr4_48711433_G_A_b38_G"
[17] "chr4_48711441_A_C_b38_A" "chr4_48711445_C_T_b38_C"
[19] "chr4_48711447_G_A_b38_G" "chr4_48711466_C_T_b38_C"
[21] "chr4_48711467_A_T_b38_A" "chr4_48711470_G_A_b38_G"
[23] "chr4_48711609_C_T_b38_C" "chr4_48711661_A_G_b38_A"
[25] "chr4_48711678_T_A_b38_T" "chr4_48711716_T_C_b38_T"
74 SNP(s) removed because HWE P < 1e-08 :
 [1] "chr21_31920396_G_A_b38_G" "chr21_31935565_G_C_b38_G"
 [3] "chr21_31935580_T_G_b38_T" "chr21_32134286_A_T_b38_A"
 [5] "chr21_32238948_G_A_b38_G" "chr21_32250914_C_T_b38_C"
 [7] "chr21_32311415_A_C_b38_A" "chr21_32410343_C_T_b38_C"
 [9] "chr21_32432979_G_A_b38_G" "chr21_32432987_A_C_b38_A"
[11] "chr21_32432995_G_A_b38_G" "chr21_32433065_T_A_b38_T"
[13] "chr21_32433084_C_T_b38_C" "chr21_32433553_G_A_b38_G"
[15] "chr21_32433554_C_G_b38_C" "chr21_32433562_T_C_b38_T"
[17] "chr21_32433629_A_G_b38_A" "chr21_32433656_G_A_b38_G"
[19] "chr21_32433663_A_T_b38_A" "chr21_32434706_A_G_b38_A"
[21] "chr21_32434713_T_C_b38_T" "chr21_32434721_A_C_b38_A"
[23] "chr21_32434746_A_C_b38_A" "chr21_32434842_G_A_b38_G"
[25] "chr21_32434867_C_T_b38_C" "chr21_32434878_G_A_b38_G"
[27] "chr21_32434919_T_G_b38_T" "chr21_32434927_C_T_b38_C"
[29] "chr21_32434967_T_G_b38_T" "chr21_32434971_T_C_b38_T"
[31] "chr21_32434992_T_C_b38_T" "chr21_32435003_T_G_b38_T"
[33] "chr21_32435004_T_C_b38_T" "chr21_32435117_A_G_b38_A"
[35] "chr21_32435125_T_C_b38_T" "chr21_32435126_G_C_b38_G"
[37] "chr21_32435133_C_A_b38_C" "chr21_32435360_C_T_b38_C"
[39] "chr21_32435400_A_G_b38_A" "chr21_32435408_T_C_b38_T"
[41] "chr21_32435414_A_G_b38_A" "chr21_32435436_C_T_b38_C"
[43] "chr21_32435462_C_T_b38_C" "chr21_32435661_G_C_b38_G"
[45] "chr21_32435666_T_G_b38_T" "chr21_32435667_A_G_b38_A"
[47] "chr21_32435716_C_T_b38_C" "chr21_32435721_G_A_b38_G"
[49] "chr21_32435728_T_C_b38_T" "chr21_32435763_C_T_b38_C"
[51] "chr21_32435766_A_C_b38_A" "chr21_32435898_C_T_b38_C"
[53] "chr21_32435949_T_A_b38_T" "chr21_32435990_T_A_b38_T"
[55] "chr21_32436019_G_A_b38_G" "chr21_32436447_T_A_b38_T"
[57] "chr21_32436465_A_C_b38_A" "chr21_32436477_T_A_b38_T"
[59] "chr21_32436484_T_C_b38_T" "chr21_32436539_G_A_b38_G"
[61] "chr21_32436627_G_A_b38_G" "chr21_32436628_G_A_b38_G"
[63] "chr21_32436637_A_G_b38_A" "chr21_32436702_C_T_b38_C"
[65] "chr21_32436736_G_A_b38_G" "chr21_32436746_A_G_b38_A"
[67] "chr21_32437187_G_C_b38_G" "chr21_32437224_A_G_b38_A"
[69] "chr21_32437249_C_A_b38_C" "chr21_32437250_G_A_b38_G"
[71] "chr21_32437258_C_G_b38_C" "chr21_32621877_A_T_b38_A"
[73] "chr21_32660622_A_G_b38_A" "chr21_32660624_C_T_b38_C"
22 SNP(s) removed because HWE P < 1e-08 :
 [1] "chr13_26820196_C_G_b38_C" "chr13_26973435_C_T_b38_C"
 [3] "chr13_26973459_C_T_b38_C" "chr13_27398688_T_C_b38_T"
 [5] "chr13_27399357_T_C_b38_T" "chr13_27399416_T_C_b38_T"
 [7] "chr13_27399609_T_C_b38_T" "chr13_27399628_A_G_b38_A"
 [9] "chr13_27399990_A_G_b38_A" "chr13_27401086_C_A_b38_C"
[11] "chr13_27401261_A_C_b38_A" "chr13_27401485_T_C_b38_T"
[13] "chr13_27406570_G_C_b38_G" "chr13_27408141_G_A_b38_G"
[15] "chr13_27408146_G_A_b38_G" "chr13_27409683_T_G_b38_T"
[17] "chr13_27411781_A_G_b38_A" "chr13_27411836_G_A_b38_G"
[19] "chr13_27412346_A_C_b38_A" "chr13_27426826_A_G_b38_A"
[21] "chr13_27465491_C_T_b38_C" "chr13_27480034_A_C_b38_A"
55 SNP(s) removed because HWE P < 1e-08 :
 [1] "chr8_140959400_A_G_b38_A" "chr8_140965990_G_A_b38_G"
 [3] "chr8_140969163_C_A_b38_C" "chr8_140989125_T_C_b38_T"
 [5] "chr8_141004438_C_T_b38_C" "chr8_141006632_T_C_b38_T"
 [7] "chr8_141071501_T_C_b38_T" "chr8_141071578_A_G_b38_A"
 [9] "chr8_141071645_T_C_b38_T" "chr8_141071802_G_A_b38_G"
[11] "chr8_141121082_T_C_b38_T" "chr8_141180426_C_G_b38_C"
[13] "chr8_141181239_T_A_b38_T" "chr8_141181317_T_C_b38_T"
[15] "chr8_141184712_T_G_b38_T" "chr8_141244962_G_C_b38_G"
[17] "chr8_141286748_T_C_b38_T" "chr8_141286753_A_C_b38_A"
[19] "chr8_141347730_C_T_b38_C" "chr8_141362533_T_C_b38_T"
[21] "chr8_141365345_T_C_b38_T" "chr8_141389756_G_A_b38_G"
[23] "chr8_141390354_T_C_b38_T" "chr8_141390516_C_T_b38_C"
[25] "chr8_141391538_T_C_b38_T" "chr8_141391665_G_C_b38_G"
[27] "chr8_141391872_A_G_b38_A" "chr8_141392529_G_A_b38_G"
[29] "chr8_141397221_T_C_b38_T" "chr8_141400791_G_A_b38_G"
[31] "chr8_141568918_G_C_b38_G" "chr8_141649522_C_T_b38_C"
[33] "chr8_141650734_G_A_b38_G" "chr8_141652128_G_A_b38_G"
[35] "chr8_141653036_G_C_b38_G" "chr8_141654036_C_G_b38_C"
[37] "chr8_141654867_C_G_b38_C" "chr8_141655425_T_G_b38_T"
[39] "chr8_141656968_A_C_b38_A" "chr8_141658248_C_T_b38_C"
[41] "chr8_141658721_C_T_b38_C" "chr8_141671147_G_A_b38_G"
[43] "chr8_141674084_G_C_b38_G" "chr8_141674220_G_C_b38_G"
[45] "chr8_141674531_C_T_b38_C" "chr8_141675852_C_G_b38_C"
[47] "chr8_141688396_T_C_b38_T" "chr8_141756261_G_T_b38_G"
[49] "chr8_141771030_G_A_b38_G" "chr8_141771835_G_T_b38_G"
[51] "chr8_141772151_A_G_b38_A" "chr8_141773031_C_T_b38_C"
[53] "chr8_141773343_T_G_b38_T" "chr8_141797458_C_G_b38_C"
[55] "chr8_141841151_G_T_b38_G"
69 SNP(s) removed because HWE P < 1e-08 :
 [1] "chr8_81253423_T_C_b38_T" "chr8_81281143_C_T_b38_C"
 [3] "chr8_81289273_A_T_b38_A" "chr8_81297255_A_G_b38_A"
 [5] "chr8_81299436_C_T_b38_C" "chr8_81300344_T_C_b38_T"
 [7] "chr8_81325559_T_C_b38_T" "chr8_81327049_C_G_b38_C"
 [9] "chr8_81327156_T_G_b38_T" "chr8_81327252_A_G_b38_A"
[11] "chr8_81327333_T_C_b38_T" "chr8_81327394_A_G_b38_A"
[13] "chr8_81328362_A_G_b38_A" "chr8_81328531_C_A_b38_C"
[15] "chr8_81329064_T_A_b38_T" "chr8_81329094_T_G_b38_T"
[17] "chr8_81329957_C_T_b38_C" "chr8_81330786_A_G_b38_A"
[19] "chr8_81330873_T_C_b38_T" "chr8_81331043_A_C_b38_A"
[21] "chr8_81331131_T_C_b38_T" "chr8_81331608_C_T_b38_C"
[23] "chr8_81331614_C_T_b38_C" "chr8_81331709_T_G_b38_T"
[25] "chr8_81331864_A_G_b38_A" "chr8_81331877_C_T_b38_C"
[27] "chr8_81332098_G_A_b38_G" "chr8_81332283_A_G_b38_A"
[29] "chr8_81332524_C_T_b38_C" "chr8_81332904_A_T_b38_A"
[31] "chr8_81332906_C_T_b38_C" "chr8_81333125_G_A_b38_G"
[33] "chr8_81333194_G_T_b38_G" "chr8_81333216_T_C_b38_T"
[35] "chr8_81333791_C_T_b38_C" "chr8_81334313_T_C_b38_T"
[37] "chr8_81335686_A_G_b38_A" "chr8_81336303_C_T_b38_C"
[39] "chr8_81464464_C_T_b38_C" "chr8_81468508_A_T_b38_A"
[41] "chr8_81468888_A_G_b38_A" "chr8_81469332_T_C_b38_T"
[43] "chr8_81469415_G_A_b38_G" "chr8_81470506_G_A_b38_G"
[45] "chr8_81470621_C_T_b38_C" "chr8_81471159_T_G_b38_T"
[47] "chr8_81514819_A_C_b38_A" "chr8_81515555_C_T_b38_C"
[49] "chr8_81518769_T_C_b38_T" "chr8_81527961_G_T_b38_G"
[51] "chr8_81900677_A_T_b38_A" "chr8_81900680_C_T_b38_C"
[53] "chr8_81900761_G_T_b38_G" "chr8_81900762_G_A_b38_G"
[55] "chr8_81900773_G_A_b38_G" "chr8_81900776_G_T_b38_G"
[57] "chr8_81900779_T_C_b38_T" "chr8_81900782_C_T_b38_C"
[59] "chr8_81900783_T_C_b38_T" "chr8_81900784_G_A_b38_G"
[61] "chr8_81900789_T_C_b38_T" "chr8_81900796_C_G_b38_C"
[63] "chr8_81900800_G_C_b38_G" "chr8_82127185_G_A_b38_G"
[65] "chr8_82127192_C_G_b38_C" "chr8_82129772_G_C_b38_G"
[67] "chr8_82130336_C_T_b38_C" "chr8_82136891_C_T_b38_C"
[69] "chr8_82137774_C_G_b38_C"
1201 SNP(s) removed because HWE P < 1e-08 :
   [1] "chr7_100524058_C_G_b38_C" "chr7_100949007_C_T_b38_C"
   [3] "chr7_100949008_A_G_b38_A" "chr7_100949011_C_T_b38_C"
   [5] "chr7_100949012_A_G_b38_A" "chr7_100949019_C_T_b38_C"
   [7] "chr7_100949030_C_T_b38_C" "chr7_100949035_C_T_b38_C"
   [9] "chr7_100949036_C_T_b38_C" "chr7_100949155_C_A_b38_C"
  [11] "chr7_100949176_C_T_b38_C" "chr7_100949182_G_T_b38_G"
  [13] "chr7_100949183_C_G_b38_C" "chr7_100949214_T_G_b38_T"
  [15] "chr7_100949215_C_A_b38_C" "chr7_100949314_T_C_b38_T"
  [17] "chr7_100949345_A_G_b38_A" "chr7_100949352_A_G_b38_A"
  [19] "chr7_100949374_T_C_b38_T" "chr7_100949382_C_T_b38_C"
  [21] "chr7_100949401_C_T_b38_C" "chr7_100949402_C_T_b38_C"
  [23] "chr7_100949440_G_A_b38_G" "chr7_100949442_G_A_b38_G"
  [25] "chr7_100949462_G_A_b38_G" "chr7_100949468_A_T_b38_A"
  [27] "chr7_100949523_C_A_b38_C" "chr7_100949541_T_C_b38_T"
  [29] "chr7_100949543_A_G_b38_A" "chr7_100949550_C_T_b38_C"
  [31] "chr7_100949553_C_T_b38_C" "chr7_100949579_T_C_b38_T"
  [33] "chr7_100949583_T_C_b38_T" "chr7_100949588_A_G_b38_A"
  [35] "chr7_100949593_T_C_b38_T" "chr7_100949595_T_C_b38_T"
  [37] "chr7_100949599_G_A_b38_G" "chr7_100949606_C_T_b38_C"
  [39] "chr7_100949962_C_G_b38_C" "chr7_100949968_A_C_b38_A"
  [41] "chr7_100949969_G_A_b38_G" "chr7_100949976_T_C_b38_T"
  [43] "chr7_100949977_C_G_b38_C" "chr7_100949998_A_G_b38_A"
  [45] "chr7_100950009_T_A_b38_T" "chr7_100950014_G_A_b38_G"
  [47] "chr7_100950040_T_C_b38_T" "chr7_100950045_A_G_b38_A"
  [49] "chr7_100950067_C_T_b38_C" "chr7_100950070_C_T_b38_C"
  [51] "chr7_100950077_T_C_b38_T" "chr7_100950078_T_C_b38_T"
  [53] "chr7_100950079_G_C_b38_G" "chr7_100950090_T_C_b38_T"
  [55] "chr7_100950093_C_A_b38_C" "chr7_100950123_A_G_b38_A"
  [57] "chr7_100950126_T_C_b38_T" "chr7_100950130_A_G_b38_A"
  [59] "chr7_100950139_C_T_b38_C" "chr7_100950142_G_C_b38_G"
  [61] "chr7_100950146_C_A_b38_C" "chr7_100950158_C_T_b38_C"
  [63] "chr7_100950166_C_A_b38_C" "chr7_100950178_C_T_b38_C"
  [65] "chr7_100950179_G_A_b38_G" "chr7_100950182_G_T_b38_G"
  [67] "chr7_100950183_G_A_b38_G" "chr7_100950212_T_C_b38_T"
  [69] "chr7_100950240_T_C_b38_T" "chr7_100950280_T_A_b38_T"
  [71] "chr7_100950297_A_G_b38_A" "chr7_100950304_G_A_b38_G"
  [73] "chr7_100950319_T_G_b38_T" "chr7_100950321_G_A_b38_G"
  [75] "chr7_100950341_C_A_b38_C" "chr7_100950345_T_C_b38_T"
  [77] "chr7_100950346_G_A_b38_G" "chr7_100950362_T_C_b38_T"
  [79] "chr7_100950476_C_G_b38_C" "chr7_100950489_C_T_b38_C"
  [81] "chr7_100950539_G_A_b38_G" "chr7_100950545_A_G_b38_A"
  [83] "chr7_100950555_T_C_b38_T" "chr7_100950600_C_T_b38_C"
  [85] "chr7_100950612_T_C_b38_T" "chr7_100950621_G_C_b38_G"
  [87] "chr7_100950626_C_T_b38_C" "chr7_100950627_C_T_b38_C"
  [89] "chr7_100950629_C_T_b38_C" "chr7_100950639_A_G_b38_A"
  [91] "chr7_100950643_G_A_b38_G" "chr7_100950644_C_G_b38_C"
  [93] "chr7_100950649_G_A_b38_G" "chr7_100950650_C_G_b38_C"
  [95] "chr7_100950655_T_C_b38_T" "chr7_100950674_A_C_b38_A"
  [97] "chr7_100950686_C_T_b38_C" "chr7_100950703_C_G_b38_C"
  [99] "chr7_100950707_G_C_b38_G" "chr7_100950710_A_C_b38_A"
 [101] "chr7_100950712_A_T_b38_A" "chr7_100950713_T_C_b38_T"
 [103] "chr7_100950740_T_G_b38_T" "chr7_100950771_A_G_b38_A"
 [105] "chr7_100950772_C_T_b38_C" "chr7_100950775_C_G_b38_C"
 [107] "chr7_100950797_A_G_b38_A" "chr7_100950804_C_G_b38_C"
 [109] "chr7_100950858_C_T_b38_C" "chr7_100950920_T_C_b38_T"
 [111] "chr7_100950922_A_G_b38_A" "chr7_100950924_C_G_b38_C"
 [113] "chr7_100950926_A_G_b38_A" "chr7_100950935_T_A_b38_T"
 [115] "chr7_100950944_T_C_b38_T" "chr7_100950958_T_C_b38_T"
 [117] "chr7_100950981_T_C_b38_T" "chr7_100951155_C_T_b38_C"
 [119] "chr7_100951183_A_C_b38_A" "chr7_100951185_A_G_b38_A"
 [121] "chr7_100951203_T_C_b38_T" "chr7_100951238_T_A_b38_T"
 [123] "chr7_100951244_C_T_b38_C" "chr7_100951249_C_G_b38_C"
 [125] "chr7_100951252_T_C_b38_T" "chr7_100951253_T_C_b38_T"
 [127] "chr7_100951258_G_A_b38_G" "chr7_100951275_A_G_b38_A"
 [129] "chr7_100951276_T_A_b38_T" "chr7_100951282_A_G_b38_A"
 [131] "chr7_100951303_T_G_b38_T" "chr7_100951312_C_T_b38_C"
 [133] "chr7_100951316_T_A_b38_T" "chr7_100951372_C_G_b38_C"
 [135] "chr7_100951383_C_G_b38_C" "chr7_100951407_G_A_b38_G"
 [137] "chr7_100951408_G_A_b38_G" "chr7_100951410_G_T_b38_G"
 [139] "chr7_100951412_C_G_b38_C" "chr7_100951415_G_C_b38_G"
 [141] "chr7_100951424_T_A_b38_T" "chr7_100951493_G_A_b38_G"
 [143] "chr7_100951542_G_A_b38_G" "chr7_100951578_A_G_b38_A"
 [145] "chr7_100951619_G_T_b38_G" "chr7_100951719_T_C_b38_T"
 [147] "chr7_100951721_A_G_b38_A" "chr7_100951722_T_C_b38_T"
 [149] "chr7_100951774_C_A_b38_C" "chr7_100951775_A_T_b38_A"
 [151] "chr7_100951781_G_C_b38_G" "chr7_100951782_A_T_b38_A"
 [153] "chr7_100951786_A_G_b38_A" "chr7_100951865_T_C_b38_T"
 [155] "chr7_100951872_A_T_b38_A" "chr7_100951876_C_A_b38_C"
 [157] "chr7_100951887_A_G_b38_A" "chr7_100951890_A_G_b38_A"
 [159] "chr7_100951897_G_A_b38_G" "chr7_100951900_A_C_b38_A"
 [161] "chr7_100951903_G_A_b38_G" "chr7_100951907_T_C_b38_T"
 [163] "chr7_100951908_G_C_b38_G" "chr7_100951933_G_T_b38_G"
 [165] "chr7_100951943_G_A_b38_G" "chr7_100951952_T_A_b38_T"
 [167] "chr7_100951953_T_A_b38_T" "chr7_100952010_A_G_b38_A"
 [169] "chr7_100952057_A_G_b38_A" "chr7_100952063_C_T_b38_C"
 [171] "chr7_100952147_C_T_b38_C" "chr7_100952148_A_G_b38_A"
 [173] "chr7_100952200_C_T_b38_C" "chr7_100952225_C_T_b38_C"
 [175] "chr7_100952233_G_A_b38_G" "chr7_100952244_C_T_b38_C"
 [177] "chr7_100952254_T_C_b38_T" "chr7_100952256_G_C_b38_G"
 [179] "chr7_100952262_C_T_b38_C" "chr7_100952274_G_A_b38_G"
 [181] "chr7_100952295_T_G_b38_T" "chr7_100952302_T_C_b38_T"
 [183] "chr7_100952327_C_T_b38_C" "chr7_100952339_C_T_b38_C"
 [185] "chr7_100952439_G_A_b38_G" "chr7_100952439_G_C_b38_G"
 [187] "chr7_100952493_A_G_b38_A" "chr7_100952498_C_T_b38_C"
 [189] "chr7_100952544_C_A_b38_C" "chr7_100952551_C_T_b38_C"
 [191] "chr7_100952563_T_A_b38_T" "chr7_100952565_A_C_b38_A"
 [193] "chr7_100952607_C_A_b38_C" "chr7_100952631_A_G_b38_A"
 [195] "chr7_100952642_C_T_b38_C" "chr7_100952645_C_T_b38_C"
 [197] "chr7_100952646_T_C_b38_T" "chr7_100952646_T_G_b38_T"
 [199] "chr7_100952649_G_T_b38_G" "chr7_100952651_C_A_b38_C"
 [201] "chr7_100952651_C_G_b38_C" "chr7_100952664_C_T_b38_C"
 [203] "chr7_100952667_A_T_b38_A" "chr7_100952672_T_C_b38_T"
 [205] "chr7_100952675_T_C_b38_T" "chr7_100952676_G_A_b38_G"
 [207] "chr7_100952678_G_A_b38_G" "chr7_100952686_A_G_b38_A"
 [209] "chr7_100952687_C_T_b38_C" "chr7_100952688_A_G_b38_A"
 [211] "chr7_100952690_T_C_b38_T" "chr7_100952698_G_C_b38_G"
 [213] "chr7_100952699_G_A_b38_G" "chr7_100952702_T_C_b38_T"
 [215] "chr7_100952707_A_G_b38_A" "chr7_100952708_A_C_b38_A"
 [217] "chr7_100952714_C_A_b38_C" "chr7_100952718_C_A_b38_C"
 [219] "chr7_100952718_C_T_b38_C" "chr7_100952720_T_C_b38_T"
 [221] "chr7_100952724_C_T_b38_C" "chr7_100952749_A_G_b38_A"
 [223] "chr7_100952755_A_G_b38_A" "chr7_100952756_G_C_b38_G"
 [225] "chr7_100952784_C_A_b38_C" "chr7_100952788_A_C_b38_A"
 [227] "chr7_100952791_A_G_b38_A" "chr7_100952792_C_T_b38_C"
 [229] "chr7_100952799_C_T_b38_C" "chr7_100952802_C_T_b38_C"
 [231] "chr7_100952803_A_G_b38_A" "chr7_100952808_T_A_b38_T"
 [233] "chr7_100952811_C_G_b38_C" "chr7_100952813_C_A_b38_C"
 [235] "chr7_100952816_A_G_b38_A" "chr7_100952822_C_T_b38_C"
 [237] "chr7_100952823_T_G_b38_T" "chr7_100952826_C_T_b38_C"
 [239] "chr7_100952827_A_G_b38_A" "chr7_100952828_A_G_b38_A"
 [241] "chr7_100952829_A_C_b38_A" "chr7_100952833_G_A_b38_G"
 [243] "chr7_100952838_C_T_b38_C" "chr7_100952845_A_G_b38_A"
 [245] "chr7_100952846_G_T_b38_G" "chr7_100952848_A_T_b38_A"
 [247] "chr7_100952865_C_T_b38_C" "chr7_100952867_C_T_b38_C"
 [249] "chr7_100952868_A_G_b38_A" "chr7_100952871_G_C_b38_G"
 [251] "chr7_100952875_T_A_b38_T" "chr7_100952885_C_T_b38_C"
 [253] "chr7_100952889_C_T_b38_C" "chr7_100952894_C_G_b38_C"
 [255] "chr7_100952900_T_A_b38_T" "chr7_100952901_C_G_b38_C"
 [257] "chr7_100952903_C_A_b38_C" "chr7_100952930_T_C_b38_T"
 [259] "chr7_100952931_G_C_b38_G" "chr7_100952937_C_T_b38_C"
 [261] "chr7_100952942_T_G_b38_T" "chr7_100952945_C_A_b38_C"
 [263] "chr7_100952960_T_C_b38_T" "chr7_100952961_C_A_b38_C"
 [265] "chr7_100952962_T_A_b38_T" "chr7_100952964_C_A_b38_C"
 [267] "chr7_100952986_T_A_b38_T" "chr7_100952995_A_G_b38_A"
 [269] "chr7_100953001_T_C_b38_T" "chr7_100953009_A_C_b38_A"
 [271] "chr7_100953014_G_A_b38_G" "chr7_100953017_C_T_b38_C"
 [273] "chr7_100953019_T_C_b38_T" "chr7_100953029_C_T_b38_C"
 [275] "chr7_100953031_A_G_b38_A" "chr7_100953040_C_G_b38_C"
 [277] "chr7_100953041_T_G_b38_T" "chr7_100953046_C_A_b38_C"
 [279] "chr7_100953058_A_C_b38_A" "chr7_100953060_T_C_b38_T"
 [281] "chr7_100953063_G_A_b38_G" "chr7_100953074_C_T_b38_C"
 [283] "chr7_100953079_A_G_b38_A" "chr7_100953084_C_T_b38_C"
 [285] "chr7_100953112_T_A_b38_T" "chr7_100953113_T_C_b38_T"
 [287] "chr7_100953114_C_G_b38_C" "chr7_100953117_A_C_b38_A"
 [289] "chr7_100953122_C_T_b38_C" "chr7_100953123_A_G_b38_A"
 [291] "chr7_100953129_T_C_b38_T" "chr7_100953133_A_G_b38_A"
 [293] "chr7_100953135_C_T_b38_C" "chr7_100953138_C_G_b38_C"
 [295] "chr7_100953140_A_C_b38_A" "chr7_100953166_A_C_b38_A"
 [297] "chr7_100953167_C_T_b38_C" "chr7_100953177_A_T_b38_A"
 [299] "chr7_100953183_C_T_b38_C" "chr7_100953184_A_G_b38_A"
 [301] "chr7_100953186_A_C_b38_A" "chr7_100953198_G_T_b38_G"
 [303] "chr7_100953222_C_T_b38_C" "chr7_100953225_G_A_b38_G"
 [305] "chr7_100953230_T_A_b38_T" "chr7_100953234_T_C_b38_T"
 [307] "chr7_100953246_C_T_b38_C" "chr7_100953252_T_C_b38_T"
 [309] "chr7_100953281_G_A_b38_G" "chr7_100953296_C_A_b38_C"
 [311] "chr7_100953297_T_C_b38_T" "chr7_100953299_C_T_b38_C"
 [313] "chr7_100953305_A_G_b38_A" "chr7_100953317_C_A_b38_C"
 [315] "chr7_100953322_G_A_b38_G" "chr7_100953323_T_C_b38_T"
 [317] "chr7_100953335_G_A_b38_G" "chr7_100953341_C_T_b38_C"
 [319] "chr7_100953342_T_G_b38_T" "chr7_100953357_G_A_b38_G"
 [321] "chr7_100953359_C_T_b38_C" "chr7_100953363_C_G_b38_C"
 [323] "chr7_100953375_A_G_b38_A" "chr7_100953407_G_A_b38_G"
 [325] "chr7_100953421_C_G_b38_C" "chr7_100953429_G_A_b38_G"
 [327] "chr7_100953431_G_C_b38_G" "chr7_100953432_T_C_b38_T"
 [329] "chr7_100953436_T_A_b38_T" "chr7_100953443_C_T_b38_C"
 [331] "chr7_100953452_G_C_b38_G" "chr7_100953468_C_G_b38_C"
 [333] "chr7_100953471_A_C_b38_A" "chr7_100953482_C_A_b38_C"
 [335] "chr7_100953486_C_A_b38_C" "chr7_100953487_C_A_b38_C"
 [337] "chr7_100953488_T_C_b38_T" "chr7_100953489_G_A_b38_G"
 [339] "chr7_100953490_G_T_b38_G" "chr7_100953494_C_A_b38_C"
 [341] "chr7_100953503_C_T_b38_C" "chr7_100953516_A_C_b38_A"
 [343] "chr7_100953519_T_A_b38_T" "chr7_100953520_T_C_b38_T"
 [345] "chr7_100953522_C_T_b38_C" "chr7_100953523_A_G_b38_A"
 [347] "chr7_100953524_C_G_b38_C" "chr7_100953528_T_C_b38_T"
 [349] "chr7_100953530_T_G_b38_T" "chr7_100953535_C_T_b38_C"
 [351] "chr7_100953536_C_T_b38_C" "chr7_100953542_C_T_b38_C"
 [353] "chr7_100953544_A_T_b38_A" "chr7_100953546_C_A_b38_C"
 [355] "chr7_100953547_A_T_b38_A" "chr7_100953548_C_G_b38_C"
 [357] "chr7_100953551_C_T_b38_C" "chr7_100953556_A_G_b38_A"
 [359] "chr7_100953560_C_G_b38_C" "chr7_100953562_G_A_b38_G"
 [361] "chr7_100953563_G_A_b38_G" "chr7_100953564_A_C_b38_A"
 [363] "chr7_100953583_A_T_b38_A" "chr7_100953589_T_C_b38_T"
 [365] "chr7_100953594_A_G_b38_A" "chr7_100953603_T_C_b38_T"
 [367] "chr7_100953604_C_T_b38_C" "chr7_100953614_C_T_b38_C"
 [369] "chr7_100953619_C_T_b38_C" "chr7_100953620_C_T_b38_C"
 [371] "chr7_100953629_C_A_b38_C" "chr7_100953630_A_C_b38_A"
 [373] "chr7_100953633_T_G_b38_T" "chr7_100953634_G_A_b38_G"
 [375] "chr7_100953642_C_T_b38_C" "chr7_100953644_C_G_b38_C"
 [377] "chr7_100953654_C_G_b38_C" "chr7_100953656_C_T_b38_C"
 [379] "chr7_100953657_A_G_b38_A" "chr7_100953661_G_C_b38_G"
 [381] "chr7_100953663_C_A_b38_C" "chr7_100953673_C_A_b38_C"
 [383] "chr7_100953680_T_A_b38_T" "chr7_100953683_C_A_b38_C"
 [385] "chr7_100953685_T_G_b38_T" "chr7_100953686_C_T_b38_C"
 [387] "chr7_100953687_A_T_b38_A" "chr7_100953688_T_G_b38_T"
 [389] "chr7_100953691_G_A_b38_G" "chr7_100953697_T_C_b38_T"
 [391] "chr7_100953707_C_T_b38_C" "chr7_100953728_C_T_b38_C"
 [393] "chr7_100953729_G_A_b38_G" "chr7_100953740_C_A_b38_C"
 [395] "chr7_100953741_C_T_b38_C" "chr7_100953750_C_T_b38_C"
 [397] "chr7_100953751_A_C_b38_A" "chr7_100953762_A_C_b38_A"
 [399] "chr7_100953770_C_G_b38_C" "chr7_100953776_T_A_b38_T"
 [401] "chr7_100953778_C_A_b38_C" "chr7_100953779_C_T_b38_C"
 [403] "chr7_100953789_T_C_b38_T" "chr7_100953812_T_C_b38_T"
 [405] "chr7_100953814_G_A_b38_G" "chr7_100953816_C_T_b38_C"
 [407] "chr7_100953818_C_T_b38_C" "chr7_100953827_C_T_b38_C"
 [409] "chr7_100953830_T_C_b38_T" "chr7_100953844_C_G_b38_C"
 [411] "chr7_100953846_A_G_b38_A" "chr7_100953851_T_C_b38_T"
 [413] "chr7_100953870_C_T_b38_C" "chr7_100953882_T_C_b38_T"
 [415] "chr7_100953885_A_G_b38_A" "chr7_100953889_A_G_b38_A"
 [417] "chr7_100953897_A_G_b38_A" "chr7_100953899_C_T_b38_C"
 [419] "chr7_100953909_C_T_b38_C" "chr7_100953935_G_T_b38_G"
 [421] "chr7_100953947_C_T_b38_C" "chr7_100953951_G_C_b38_G"
 [423] "chr7_100953952_G_A_b38_G" "chr7_100953958_A_T_b38_A"
 [425] "chr7_100953967_A_G_b38_A" "chr7_100953968_C_T_b38_C"
 [427] "chr7_100953971_C_G_b38_C" "chr7_100953979_G_C_b38_G"
 [429] "chr7_100953992_C_A_b38_C" "chr7_100953996_C_A_b38_C"
 [431] "chr7_100954008_A_C_b38_A" "chr7_100954010_C_T_b38_C"
 [433] "chr7_100954013_C_T_b38_C" "chr7_100954020_C_T_b38_C"
 [435] "chr7_100954022_T_C_b38_T" "chr7_100954025_T_G_b38_T"
 [437] "chr7_100954032_T_C_b38_T" "chr7_100954033_G_A_b38_G"
 [439] "chr7_100954040_C_T_b38_C" "chr7_100954123_G_A_b38_G"
 [441] "chr7_100954136_C_G_b38_C" "chr7_100954173_T_A_b38_T"
 [443] "chr7_100954176_G_C_b38_G" "chr7_100954184_C_A_b38_C"
 [445] "chr7_100954191_A_G_b38_A" "chr7_100954205_T_G_b38_T"
 [447] "chr7_100954210_T_C_b38_T" "chr7_100954217_C_G_b38_C"
 [449] "chr7_100954219_G_C_b38_G" "chr7_100954221_G_C_b38_G"
 [451] "chr7_100954229_G_A_b38_G" "chr7_100954269_C_T_b38_C"
 [453] "chr7_100954280_G_C_b38_G" "chr7_100954302_A_G_b38_A"
 [455] "chr7_100954329_T_C_b38_T" "chr7_100954344_G_A_b38_G"
 [457] "chr7_100954346_C_T_b38_C" "chr7_100954391_T_C_b38_T"
 [459] "chr7_100954396_A_T_b38_A" "chr7_100954397_T_C_b38_T"
 [461] "chr7_100954400_C_T_b38_C" "chr7_100954404_T_C_b38_T"
 [463] "chr7_100954413_G_C_b38_G" "chr7_100954419_T_C_b38_T"
 [465] "chr7_100954434_A_G_b38_A" "chr7_100954446_C_T_b38_C"
 [467] "chr7_100954457_A_T_b38_A" "chr7_100954467_A_C_b38_A"
 [469] "chr7_100954471_A_T_b38_A" "chr7_100954496_T_C_b38_T"
 [471] "chr7_100954505_C_T_b38_C" "chr7_100954506_A_G_b38_A"
 [473] "chr7_100954518_T_C_b38_T" "chr7_100954521_G_T_b38_G"
 [475] "chr7_100954526_A_C_b38_A" "chr7_100954527_A_C_b38_A"
 [477] "chr7_100954530_T_C_b38_T" "chr7_100954571_G_C_b38_G"
 [479] "chr7_100954574_G_C_b38_G" "chr7_100954601_T_C_b38_T"
 [481] "chr7_100954614_A_G_b38_A" "chr7_100954917_T_C_b38_T"
 [483] "chr7_100954920_A_T_b38_A" "chr7_100954925_T_C_b38_T"
 [485] "chr7_100954929_A_G_b38_A" "chr7_100954931_G_A_b38_G"
 [487] "chr7_100954939_A_G_b38_A" "chr7_100954943_T_C_b38_T"
 [489] "chr7_100954960_A_G_b38_A" "chr7_100954961_A_C_b38_A"
 [491] "chr7_100954967_C_A_b38_C" "chr7_100954971_T_A_b38_T"
 [493] "chr7_100954973_T_C_b38_T" "chr7_100954977_C_T_b38_C"
 [495] "chr7_100954989_T_C_b38_T" "chr7_100954997_T_C_b38_T"
 [497] "chr7_100955002_A_G_b38_A" "chr7_100955008_A_G_b38_A"
 [499] "chr7_100955013_A_G_b38_A" "chr7_100955045_C_T_b38_C"
 [501] "chr7_100955050_C_T_b38_C" "chr7_100955052_C_T_b38_C"
 [503] "chr7_100955055_C_T_b38_C" "chr7_100955056_A_G_b38_A"
 [505] "chr7_100955060_T_C_b38_T" "chr7_100955065_T_A_b38_T"
 [507] "chr7_100955070_C_G_b38_C" "chr7_100955075_C_T_b38_C"
 [509] "chr7_100955103_A_G_b38_A" "chr7_100955114_T_G_b38_T"
 [511] "chr7_100955121_T_C_b38_T" "chr7_100955124_C_T_b38_C"
 [513] "chr7_100955138_C_T_b38_C" "chr7_100955147_C_G_b38_C"
 [515] "chr7_100955162_C_T_b38_C" "chr7_100955182_C_T_b38_C"
 [517] "chr7_100955189_C_G_b38_C" "chr7_100955192_C_A_b38_C"
 [519] "chr7_100955197_A_G_b38_A" "chr7_100955202_C_A_b38_C"
 [521] "chr7_100955216_C_A_b38_C" "chr7_100955223_C_T_b38_C"
 [523] "chr7_100955225_T_A_b38_T" "chr7_100955237_G_C_b38_G"
 [525] "chr7_100955265_A_C_b38_A" "chr7_100955266_G_A_b38_G"
 [527] "chr7_100955314_A_C_b38_A" "chr7_100955319_G_A_b38_G"
 [529] "chr7_100955322_A_G_b38_A" "chr7_100955342_C_T_b38_C"
 [531] "chr7_100955343_A_G_b38_A" "chr7_100955349_T_C_b38_T"
 [533] "chr7_100955354_G_C_b38_G" "chr7_100955356_A_G_b38_A"
 [535] "chr7_100955368_T_A_b38_T" "chr7_100955373_A_C_b38_A"
 [537] "chr7_100955378_C_T_b38_C" "chr7_100955379_A_G_b38_A"
 [539] "chr7_100955385_T_C_b38_T" "chr7_100955389_A_G_b38_A"
 [541] "chr7_100955394_C_G_b38_C" "chr7_100955400_T_A_b38_T"
 [543] "chr7_100955401_G_A_b38_G" "chr7_100955414_G_T_b38_G"
 [545] "chr7_100955431_A_T_b38_A" "chr7_100955435_A_G_b38_A"
 [547] "chr7_100955439_C_T_b38_C" "chr7_100955440_A_G_b38_A"
 [549] "chr7_100955478_C_T_b38_C" "chr7_100955479_A_G_b38_A"
 [551] "chr7_100955480_C_A_b38_C" "chr7_100955486_T_A_b38_T"
 [553] "chr7_100955489_T_C_b38_T" "chr7_100955490_T_C_b38_T"
 [555] "chr7_100955497_T_G_b38_T" "chr7_100955502_C_T_b38_C"
 [557] "chr7_100955504_G_A_b38_G" "chr7_100955516_C_A_b38_C"
 [559] "chr7_100955522_C_T_b38_C" "chr7_100955527_T_A_b38_T"
 [561] "chr7_100955535_C_G_b38_C" "chr7_100955537_G_A_b38_G"
 [563] "chr7_100955545_T_A_b38_T" "chr7_100955546_C_T_b38_C"
 [565] "chr7_100955551_A_G_b38_A" "chr7_100955552_C_A_b38_C"
 [567] "chr7_100955555_C_T_b38_C" "chr7_100955569_C_A_b38_C"
 [569] "chr7_100955571_A_G_b38_A" "chr7_100955573_C_A_b38_C"
 [571] "chr7_100955577_C_T_b38_C" "chr7_100955578_A_G_b38_A"
 [573] "chr7_100955591_G_A_b38_G" "chr7_100955598_A_G_b38_A"
 [575] "chr7_100955613_G_A_b38_G" "chr7_100955615_C_T_b38_C"
 [577] "chr7_100955619_C_G_b38_C" "chr7_100955626_A_G_b38_A"
 [579] "chr7_100955628_T_G_b38_T" "chr7_100955631_A_G_b38_A"
 [581] "chr7_100955643_A_C_b38_A" "chr7_100955666_C_A_b38_C"
 [583] "chr7_100955667_A_T_b38_A" "chr7_100955800_A_T_b38_A"
 [585] "chr7_100955888_C_T_b38_C" "chr7_100955893_T_A_b38_T"
 [587] "chr7_100955895_T_A_b38_T" "chr7_100955898_T_C_b38_T"
 [589] "chr7_100955908_C_T_b38_C" "chr7_100955910_C_T_b38_C"
 [591] "chr7_100955912_C_T_b38_C" "chr7_100955913_A_G_b38_A"
 [593] "chr7_100955917_G_C_b38_G" "chr7_100955919_C_A_b38_C"
 [595] "chr7_100955924_C_T_b38_C" "chr7_100955932_C_A_b38_C"
 [597] "chr7_100955934_C_T_b38_C" "chr7_100955950_A_G_b38_A"
 [599] "chr7_100955952_C_G_b38_C" "chr7_100955957_C_T_b38_C"
 [601] "chr7_100955991_C_T_b38_C" "chr7_100956291_C_T_b38_C"
 [603] "chr7_100956320_A_T_b38_A" "chr7_100956382_A_G_b38_A"
 [605] "chr7_100956394_G_A_b38_G" "chr7_100956395_C_G_b38_C"
 [607] "chr7_100956403_C_T_b38_C" "chr7_100956404_C_A_b38_C"
 [609] "chr7_100956408_C_A_b38_C" "chr7_100956420_C_T_b38_C"
 [611] "chr7_100956432_T_A_b38_T" "chr7_100956443_C_A_b38_C"
 [613] "chr7_100956464_T_G_b38_T" "chr7_100956470_C_T_b38_C"
 [615] "chr7_100956476_C_G_b38_C" "chr7_100956478_G_C_b38_G"
 [617] "chr7_100956480_G_C_b38_G" "chr7_100956488_G_A_b38_G"
 [619] "chr7_100956513_T_C_b38_T" "chr7_100956516_T_C_b38_T"
 [621] "chr7_100956525_A_C_b38_A" "chr7_100956528_C_T_b38_C"
 [623] "chr7_100956535_A_C_b38_A" "chr7_100956539_G_C_b38_G"
 [625] "chr7_100956567_C_T_b38_C" "chr7_100956575_T_G_b38_T"
 [627] "chr7_100956582_A_C_b38_A" "chr7_100956591_C_T_b38_C"
 [629] "chr7_100956601_A_C_b38_A" "chr7_100956602_G_T_b38_G"
 [631] "chr7_100956603_G_T_b38_G" "chr7_100956605_C_T_b38_C"
 [633] "chr7_100956606_A_C_b38_A" "chr7_100956611_G_C_b38_G"
 [635] "chr7_100956621_T_C_b38_T" "chr7_100956622_T_A_b38_T"
 [637] "chr7_100956629_C_T_b38_C" "chr7_100956663_T_C_b38_T"
 [639] "chr7_100956671_T_C_b38_T" "chr7_100956672_G_C_b38_G"
 [641] "chr7_100956678_T_C_b38_T" "chr7_100956693_A_G_b38_A"
 [643] "chr7_100956694_G_A_b38_G" "chr7_100956697_C_T_b38_C"
 [645] "chr7_100956716_A_T_b38_A" "chr7_100956726_A_C_b38_A"
 [647] "chr7_100956794_T_A_b38_T" "chr7_100956795_A_T_b38_A"
 [649] "chr7_100956873_A_G_b38_A" "chr7_100956991_A_G_b38_A"
 [651] "chr7_100956998_C_A_b38_C" "chr7_100957003_C_T_b38_C"
 [653] "chr7_100957015_T_C_b38_T" "chr7_100957047_C_A_b38_C"
 [655] "chr7_100957078_A_G_b38_A" "chr7_100957083_C_T_b38_C"
 [657] "chr7_100957095_G_A_b38_G" "chr7_100957103_C_T_b38_C"
 [659] "chr7_100957104_G_T_b38_G" "chr7_100957117_A_G_b38_A"
 [661] "chr7_100957146_G_A_b38_G" "chr7_100957158_T_C_b38_T"
 [663] "chr7_100957181_C_T_b38_C" "chr7_100957183_C_A_b38_C"
 [665] "chr7_100957207_A_G_b38_A" "chr7_100957242_A_C_b38_A"
 [667] "chr7_100957253_C_T_b38_C" "chr7_100957266_C_T_b38_C"
 [669] "chr7_100959272_G_A_b38_G" "chr7_100959332_C_G_b38_C"
 [671] "chr7_100959342_T_C_b38_T" "chr7_100959344_G_C_b38_G"
 [673] "chr7_100959347_C_T_b38_C" "chr7_100959387_A_G_b38_A"
 [675] "chr7_100959436_A_G_b38_A" "chr7_100959437_T_C_b38_T"
 [677] "chr7_100959449_T_G_b38_T" "chr7_100959497_T_C_b38_T"
 [679] "chr7_100959517_A_G_b38_A" "chr7_100959533_C_T_b38_C"
 [681] "chr7_100959537_A_T_b38_A" "chr7_100959558_T_C_b38_T"
 [683] "chr7_100959563_C_T_b38_C" "chr7_100959582_T_C_b38_T"
 [685] "chr7_100959590_C_T_b38_C" "chr7_100959600_C_T_b38_C"
 [687] "chr7_100959644_C_A_b38_C" "chr7_100959649_G_A_b38_G"
 [689] "chr7_100959664_G_T_b38_G" "chr7_100959711_T_A_b38_T"
 [691] "chr7_100959713_C_T_b38_C" "chr7_100959714_T_C_b38_T"
 [693] "chr7_100959720_A_T_b38_A" "chr7_100959888_T_C_b38_T"
 [695] "chr7_100959889_T_G_b38_T" "chr7_100959891_C_T_b38_C"
 [697] "chr7_100959915_T_G_b38_T" "chr7_100959965_G_C_b38_G"
 [699] "chr7_100959988_G_T_b38_G" "chr7_100960006_T_C_b38_T"
 [701] "chr7_100960122_C_T_b38_C" "chr7_100960182_C_T_b38_C"
 [703] "chr7_100960209_C_T_b38_C" "chr7_100960229_C_G_b38_C"
 [705] "chr7_100960242_C_G_b38_C" "chr7_100960255_A_G_b38_A"
 [707] "chr7_100960261_T_C_b38_T" "chr7_100960283_T_C_b38_T"
 [709] "chr7_100960306_T_A_b38_T" "chr7_100960307_C_T_b38_C"
 [711] "chr7_100960311_C_T_b38_C" "chr7_100960323_T_C_b38_T"
 [713] "chr7_100960406_G_A_b38_G" "chr7_100960407_T_C_b38_T"
 [715] "chr7_100960420_C_A_b38_C" "chr7_100960421_T_C_b38_T"
 [717] "chr7_100960515_C_A_b38_C" "chr7_100960528_A_G_b38_A"
 [719] "chr7_100960530_T_C_b38_T" "chr7_100960546_C_T_b38_C"
 [721] "chr7_100960582_T_A_b38_T" "chr7_100960598_G_C_b38_G"
 [723] "chr7_100960609_C_T_b38_C" "chr7_100960610_A_G_b38_A"
 [725] "chr7_100960659_C_T_b38_C" "chr7_100960708_G_A_b38_G"
 [727] "chr7_100960725_G_A_b38_G" "chr7_100960738_T_C_b38_T"
 [729] "chr7_100960849_T_C_b38_T" "chr7_100960855_T_C_b38_T"
 [731] "chr7_100960873_A_G_b38_A" "chr7_100960944_T_A_b38_T"
 [733] "chr7_100960948_A_C_b38_A" "chr7_100960988_G_A_b38_G"
 [735] "chr7_100961081_G_A_b38_G" "chr7_100961101_T_C_b38_T"
 [737] "chr7_100961105_C_T_b38_C" "chr7_100961134_T_C_b38_T"
 [739] "chr7_100961177_G_A_b38_G" "chr7_100961219_T_C_b38_T"
 [741] "chr7_100961306_C_T_b38_C" "chr7_100961394_C_G_b38_C"
 [743] "chr7_100961418_C_T_b38_C" "chr7_100961438_A_G_b38_A"
 [745] "chr7_100961456_C_T_b38_C" "chr7_100961457_A_G_b38_A"
 [747] "chr7_100961491_A_G_b38_A" "chr7_100961511_T_C_b38_T"
 [749] "chr7_100961560_G_C_b38_G" "chr7_100961578_A_G_b38_A"
 [751] "chr7_100961582_G_C_b38_G" "chr7_100961591_G_C_b38_G"
 [753] "chr7_100961593_T_C_b38_T" "chr7_100961598_G_T_b38_G"
 [755] "chr7_100961601_T_G_b38_T" "chr7_100961625_G_C_b38_G"
 [757] "chr7_100961626_G_A_b38_G" "chr7_100961651_A_C_b38_A"
 [759] "chr7_100961703_T_C_b38_T" "chr7_100961709_A_G_b38_A"
 [761] "chr7_100961759_A_G_b38_A" "chr7_100961761_C_T_b38_C"
 [763] "chr7_100961770_G_A_b38_G" "chr7_100961781_C_G_b38_C"
 [765] "chr7_100961884_T_A_b38_T" "chr7_100961887_C_T_b38_C"
 [767] "chr7_100961888_G_T_b38_G" "chr7_100962531_T_C_b38_T"
 [769] "chr7_100962532_T_A_b38_T" "chr7_100962575_A_G_b38_A"
 [771] "chr7_100962580_T_C_b38_T" "chr7_100962950_A_G_b38_A"
 [773] "chr7_100962959_G_C_b38_G" "chr7_100962965_C_T_b38_C"
 [775] "chr7_100962980_T_C_b38_T" "chr7_100962981_G_A_b38_G"
 [777] "chr7_100962987_T_C_b38_T" "chr7_100962988_A_T_b38_A"
 [779] "chr7_100962993_A_T_b38_A" "chr7_100962994_T_G_b38_T"
 [781] "chr7_100963078_T_G_b38_T" "chr7_100963080_G_T_b38_G"
 [783] "chr7_100963092_T_C_b38_T" "chr7_100963136_G_A_b38_G"
 [785] "chr7_100963148_T_C_b38_T" "chr7_100963411_A_G_b38_A"
 [787] "chr7_100963414_T_C_b38_T" "chr7_100963420_G_A_b38_G"
 [789] "chr7_100963439_T_C_b38_T" "chr7_100963440_G_C_b38_G"
 [791] "chr7_100963479_T_G_b38_T" "chr7_100963528_A_G_b38_A"
 [793] "chr7_100963628_G_A_b38_G" "chr7_100963775_C_T_b38_C"
 [795] "chr7_100963782_G_A_b38_G" "chr7_100963866_G_A_b38_G"
 [797] "chr7_100963882_A_G_b38_A" "chr7_100963900_C_T_b38_C"
 [799] "chr7_100963946_T_C_b38_T" "chr7_100963966_G_A_b38_G"
 [801] "chr7_100964010_A_G_b38_A" "chr7_100964017_T_C_b38_T"
 [803] "chr7_100964065_A_G_b38_A" "chr7_100964101_A_G_b38_A"
 [805] "chr7_100964106_T_C_b38_T" "chr7_100964197_G_C_b38_G"
 [807] "chr7_100964198_T_A_b38_T" "chr7_100964202_C_T_b38_C"
 [809] "chr7_100964207_C_T_b38_C" "chr7_100964225_G_C_b38_G"
 [811] "chr7_100964275_G_A_b38_G" "chr7_100964314_G_T_b38_G"
 [813] "chr7_100964321_A_G_b38_A" "chr7_100964345_T_A_b38_T"
 [815] "chr7_100964421_C_T_b38_C" "chr7_100964656_T_G_b38_T"
 [817] "chr7_100964800_G_C_b38_G" "chr7_100964820_T_C_b38_T"
 [819] "chr7_100964852_A_G_b38_A" "chr7_100964922_G_A_b38_G"
 [821] "chr7_100964965_G_C_b38_G" "chr7_100964977_C_T_b38_C"
 [823] "chr7_100964996_G_A_b38_G" "chr7_100965020_G_A_b38_G"
 [825] "chr7_100965021_T_G_b38_T" "chr7_100965027_C_G_b38_C"
 [827] "chr7_100965037_A_G_b38_A" "chr7_100965104_A_G_b38_A"
 [829] "chr7_100965108_G_A_b38_G" "chr7_100965112_C_G_b38_C"
 [831] "chr7_100965115_G_A_b38_G" "chr7_100965116_C_G_b38_C"
 [833] "chr7_100965130_G_C_b38_G" "chr7_100965141_T_C_b38_T"
 [835] "chr7_100965154_G_C_b38_G" "chr7_100965162_T_C_b38_T"
 [837] "chr7_100965208_C_T_b38_C" "chr7_100965216_G_C_b38_G"
 [839] "chr7_100965345_C_A_b38_C" "chr7_100965350_A_G_b38_A"
 [841] "chr7_100965381_G_A_b38_G" "chr7_100965382_C_T_b38_C"
 [843] "chr7_100965386_T_C_b38_T" "chr7_100965391_T_C_b38_T"
 [845] "chr7_100965394_G_C_b38_G" "chr7_100965395_G_T_b38_G"
 [847] "chr7_100965398_T_C_b38_T" "chr7_100965447_G_C_b38_G"
 [849] "chr7_100965468_C_T_b38_C" "chr7_100965473_C_A_b38_C"
 [851] "chr7_100965477_C_T_b38_C" "chr7_100965488_C_T_b38_C"
 [853] "chr7_100965547_C_G_b38_C" "chr7_100965548_G_C_b38_G"
 [855] "chr7_100965637_G_A_b38_G" "chr7_100965685_C_A_b38_C"
 [857] "chr7_100965753_C_T_b38_C" "chr7_100965754_T_C_b38_T"
 [859] "chr7_100965798_G_T_b38_G" "chr7_100965801_G_C_b38_G"
 [861] "chr7_100965843_G_A_b38_G" "chr7_100965859_A_G_b38_A"
 [863] "chr7_100965887_G_A_b38_G" "chr7_100965895_C_T_b38_C"
 [865] "chr7_100965904_T_G_b38_T" "chr7_100965990_G_C_b38_G"
 [867] "chr7_100966067_T_A_b38_T" "chr7_100966068_G_A_b38_G"
 [869] "chr7_100966075_A_G_b38_A" "chr7_100966076_A_G_b38_A"
 [871] "chr7_100966085_G_T_b38_G" "chr7_100966123_T_C_b38_T"
 [873] "chr7_100966137_T_C_b38_T" "chr7_100966157_C_T_b38_C"
 [875] "chr7_100966165_G_A_b38_G" "chr7_100966187_G_A_b38_G"
 [877] "chr7_100966224_G_C_b38_G" "chr7_100966249_A_G_b38_A"
 [879] "chr7_100966253_C_G_b38_C" "chr7_100966333_G_C_b38_G"
 [881] "chr7_100966813_C_T_b38_C" "chr7_100966834_C_T_b38_C"
 [883] "chr7_100966873_C_A_b38_C" "chr7_100966916_T_C_b38_T"
 [885] "chr7_100967461_T_C_b38_T" "chr7_100967619_T_C_b38_T"
 [887] "chr7_100968125_T_C_b38_T" "chr7_100968131_G_C_b38_G"
 [889] "chr7_100968198_T_C_b38_T" "chr7_100968204_T_C_b38_T"
 [891] "chr7_100968218_G_C_b38_G" "chr7_100968228_A_G_b38_A"
 [893] "chr7_100968233_C_T_b38_C" "chr7_100968258_G_T_b38_G"
 [895] "chr7_100968285_G_A_b38_G" "chr7_100968309_G_A_b38_G"
 [897] "chr7_100968313_T_C_b38_T" "chr7_100968327_C_T_b38_C"
 [899] "chr7_100968372_C_T_b38_C" "chr7_100968374_C_T_b38_C"
 [901] "chr7_100968392_T_G_b38_T" "chr7_100968450_T_C_b38_T"
 [903] "chr7_100968459_T_C_b38_T" "chr7_100968460_G_A_b38_G"
 [905] "chr7_100968474_G_A_b38_G" "chr7_100968504_G_C_b38_G"
 [907] "chr7_100968505_G_A_b38_G" "chr7_100968513_C_T_b38_C"
 [909] "chr7_100968545_A_G_b38_A" "chr7_100968550_G_A_b38_G"
 [911] "chr7_100968560_T_G_b38_T" "chr7_100968578_G_T_b38_G"
 [913] "chr7_100968590_G_A_b38_G" "chr7_100968626_T_C_b38_T"
 [915] "chr7_100968654_C_T_b38_C" "chr7_100968665_T_G_b38_T"
 [917] "chr7_100968675_T_G_b38_T" "chr7_100968682_T_C_b38_T"
 [919] "chr7_100968687_G_C_b38_G" "chr7_100968703_G_T_b38_G"
 [921] "chr7_100968819_A_G_b38_A" "chr7_100968822_G_A_b38_G"
 [923] "chr7_100968857_C_G_b38_C" "chr7_100968857_C_T_b38_C"
 [925] "chr7_100968875_A_G_b38_A" "chr7_100968909_G_T_b38_G"
 [927] "chr7_100968914_C_T_b38_C" "chr7_100968915_T_G_b38_T"
 [929] "chr7_100968923_C_G_b38_C" "chr7_100968934_T_G_b38_T"
 [931] "chr7_100968945_T_C_b38_T" "chr7_100968968_C_A_b38_C"
 [933] "chr7_100968972_T_C_b38_T" "chr7_100969004_A_C_b38_A"
 [935] "chr7_100969020_C_G_b38_C" "chr7_100969035_C_A_b38_C"
 [937] "chr7_100969037_T_C_b38_T" "chr7_100969039_T_C_b38_T"
 [939] "chr7_100969094_C_A_b38_C" "chr7_100969111_C_T_b38_C"
 [941] "chr7_100969112_A_G_b38_A" "chr7_100969124_A_G_b38_A"
 [943] "chr7_100969127_T_A_b38_T" "chr7_100969169_G_A_b38_G"
 [945] "chr7_100969212_G_C_b38_G" "chr7_100969213_G_A_b38_G"
 [947] "chr7_100969229_G_A_b38_G" "chr7_100969238_C_T_b38_C"
 [949] "chr7_100969242_T_C_b38_T" "chr7_100969245_T_C_b38_T"
 [951] "chr7_100969267_C_T_b38_C" "chr7_100969366_C_T_b38_C"
 [953] "chr7_100969371_C_G_b38_C" "chr7_100969377_A_G_b38_A"
 [955] "chr7_100969380_G_C_b38_G" "chr7_100969384_A_G_b38_A"
 [957] "chr7_100969407_G_T_b38_G" "chr7_100969505_T_G_b38_T"
 [959] "chr7_100969558_G_A_b38_G" "chr7_100969561_C_T_b38_C"
 [961] "chr7_100969584_T_C_b38_T" "chr7_100969588_A_G_b38_A"
 [963] "chr7_100969594_T_C_b38_T" "chr7_100969617_C_T_b38_C"
 [965] "chr7_100969664_C_T_b38_C" "chr7_100969671_G_A_b38_G"
 [967] "chr7_100969680_G_C_b38_G" "chr7_100969688_A_G_b38_A"
 [969] "chr7_100969715_A_G_b38_A" "chr7_100969729_T_C_b38_T"
 [971] "chr7_100969730_G_A_b38_G" "chr7_100969737_A_C_b38_A"
 [973] "chr7_100969746_T_C_b38_T" "chr7_100969826_G_A_b38_G"
 [975] "chr7_100969831_G_C_b38_G" "chr7_100969846_T_C_b38_T"
 [977] "chr7_100969850_G_A_b38_G" "chr7_100969857_T_C_b38_T"
 [979] "chr7_100969862_A_G_b38_A" "chr7_100969891_T_C_b38_T"
 [981] "chr7_100969915_C_T_b38_C" "chr7_100969921_T_C_b38_T"
 [983] "chr7_100969928_T_C_b38_T" "chr7_100969973_C_T_b38_C"
 [985] "chr7_100969978_G_T_b38_G" "chr7_100969981_T_C_b38_T"
 [987] "chr7_100969982_G_A_b38_G" "chr7_100969984_A_G_b38_A"
 [989] "chr7_100970008_C_G_b38_C" "chr7_100970009_A_G_b38_A"
 [991] "chr7_100970093_T_C_b38_T" "chr7_100970141_A_G_b38_A"
 [993] "chr7_100970155_A_G_b38_A" "chr7_100970157_T_G_b38_T"
 [995] "chr7_100970173_C_T_b38_C" "chr7_100970208_C_T_b38_C"
 [997] "chr7_100970209_A_G_b38_A" "chr7_100970214_T_C_b38_T"
 [999] "chr7_100970227_T_C_b38_T" "chr7_100970253_A_G_b38_A"
[1001] "chr7_100970257_T_C_b38_T" "chr7_100970276_T_C_b38_T"
[1003] "chr7_100970285_A_G_b38_A" "chr7_100970288_T_A_b38_T"
[1005] "chr7_100970299_T_C_b38_T" "chr7_100971275_A_C_b38_A"
[1007] "chr7_100971332_G_A_b38_G" "chr7_100971431_G_T_b38_G"
[1009] "chr7_100971459_C_T_b38_C" "chr7_100971547_A_T_b38_A"
[1011] "chr7_100971570_C_T_b38_C" "chr7_100971596_C_T_b38_C"
[1013] "chr7_100971597_A_G_b38_A" "chr7_100971636_C_T_b38_C"
[1015] "chr7_100971662_T_C_b38_T" "chr7_100971663_G_A_b38_G"
[1017] "chr7_100971679_G_C_b38_G" "chr7_100971680_A_G_b38_A"
[1019] "chr7_100971703_C_G_b38_C" "chr7_100971709_A_G_b38_A"
[1021] "chr7_100971718_A_G_b38_A" "chr7_100971779_T_C_b38_T"
[1023] "chr7_100971847_C_T_b38_C" "chr7_100971888_G_A_b38_G"
[1025] "chr7_100971901_G_A_b38_G" "chr7_100971928_T_C_b38_T"
[1027] "chr7_100972000_A_G_b38_A" "chr7_100972030_A_G_b38_A"
[1029] "chr7_100972032_G_A_b38_G" "chr7_100972040_G_A_b38_G"
[1031] "chr7_100972072_C_T_b38_C" "chr7_100972078_A_G_b38_A"
[1033] "chr7_100972106_C_T_b38_C" "chr7_100972164_A_G_b38_A"
[1035] "chr7_100972168_C_G_b38_C" "chr7_100972177_A_C_b38_A"
[1037] "chr7_100972219_A_G_b38_A" "chr7_100972289_T_G_b38_T"
[1039] "chr7_100972299_T_G_b38_T" "chr7_100972302_T_C_b38_T"
[1041] "chr7_100972303_G_A_b38_G" "chr7_100972334_T_G_b38_T"
[1043] "chr7_100972344_C_T_b38_C" "chr7_100972409_A_T_b38_A"
[1045] "chr7_100972422_C_A_b38_C" "chr7_100972426_T_C_b38_T"
[1047] "chr7_100972487_A_T_b38_A" "chr7_100972491_G_T_b38_G"
[1049] "chr7_100972493_T_C_b38_T" "chr7_100972900_C_A_b38_C"
[1051] "chr7_100972904_C_T_b38_C" "chr7_100972905_A_G_b38_A"
[1053] "chr7_100972914_G_C_b38_G" "chr7_100972915_C_T_b38_C"
[1055] "chr7_100972918_T_C_b38_T" "chr7_100972946_A_T_b38_A"
[1057] "chr7_100972948_G_C_b38_G" "chr7_100972964_C_A_b38_C"
[1059] "chr7_100973185_T_C_b38_T" "chr7_100973191_G_A_b38_G"
[1061] "chr7_100973217_A_G_b38_A" "chr7_100973224_A_G_b38_A"
[1063] "chr7_100973276_A_G_b38_A" "chr7_100973278_A_G_b38_A"
[1065] "chr7_100973286_T_C_b38_T" "chr7_100973291_G_A_b38_G"
[1067] "chr7_100973300_A_G_b38_A" "chr7_100974166_A_G_b38_A"
[1069] "chr7_100974177_G_A_b38_G" "chr7_100974185_G_C_b38_G"
[1071] "chr7_100974187_A_T_b38_A" "chr7_100974194_C_T_b38_C"
[1073] "chr7_100974196_A_T_b38_A" "chr7_100974212_G_A_b38_G"
[1075] "chr7_100974221_C_T_b38_C" "chr7_100974226_T_G_b38_T"
[1077] "chr7_100974227_G_T_b38_G" "chr7_100974236_T_G_b38_T"
[1079] "chr7_100974280_T_C_b38_T" "chr7_100974282_T_C_b38_T"
[1081] "chr7_100974559_A_C_b38_A" "chr7_100974582_G_T_b38_G"
[1083] "chr7_100974758_G_A_b38_G" "chr7_100974764_G_T_b38_G"
[1085] "chr7_100974817_C_T_b38_C" "chr7_100974856_C_T_b38_C"
[1087] "chr7_100974872_A_C_b38_A" "chr7_100974888_T_C_b38_T"
[1089] "chr7_100974891_T_G_b38_T" "chr7_100974908_G_A_b38_G"
[1091] "chr7_100974935_C_T_b38_C" "chr7_100975049_A_G_b38_A"
[1093] "chr7_100975055_T_C_b38_T" "chr7_100975084_T_A_b38_T"
[1095] "chr7_100975086_G_T_b38_G" "chr7_100975091_A_T_b38_A"
[1097] "chr7_100975098_T_C_b38_T" "chr7_100975099_G_A_b38_G"
[1099] "chr7_100975121_T_C_b38_T" "chr7_100975130_T_C_b38_T"
[1101] "chr7_100975136_C_G_b38_C" "chr7_100975148_A_G_b38_A"
[1103] "chr7_100975155_A_G_b38_A" "chr7_100975171_A_C_b38_A"
[1105] "chr7_100975185_T_C_b38_T" "chr7_100975189_C_A_b38_C"
[1107] "chr7_100975191_C_T_b38_C" "chr7_100975193_A_G_b38_A"
[1109] "chr7_100975194_T_G_b38_T" "chr7_100975205_A_G_b38_A"
[1111] "chr7_100975206_C_G_b38_C" "chr7_100975218_A_G_b38_A"
[1113] "chr7_100975246_A_G_b38_A" "chr7_100975254_C_T_b38_C"
[1115] "chr7_100975256_A_G_b38_A" "chr7_100975267_G_A_b38_G"
[1117] "chr7_100975277_G_C_b38_G" "chr7_100975281_G_A_b38_G"
[1119] "chr7_100975287_C_G_b38_C" "chr7_100975306_G_A_b38_G"
[1121] "chr7_100975378_C_T_b38_C" "chr7_100975403_G_A_b38_G"
[1123] "chr7_100975474_C_A_b38_C" "chr7_100975488_A_G_b38_A"
[1125] "chr7_100975492_A_T_b38_A" "chr7_100975493_G_A_b38_G"
[1127] "chr7_100975503_A_G_b38_A" "chr7_100975566_A_G_b38_A"
[1129] "chr7_100975606_G_A_b38_G" "chr7_100975654_G_A_b38_G"
[1131] "chr7_100975727_T_C_b38_T" "chr7_100975738_G_T_b38_G"
[1133] "chr7_100975795_T_G_b38_T" "chr7_100975857_C_G_b38_C"
[1135] "chr7_100975881_T_C_b38_T" "chr7_100975883_G_C_b38_G"
[1137] "chr7_100975906_T_C_b38_T" "chr7_100975908_A_G_b38_A"
[1139] "chr7_100975911_A_T_b38_A" "chr7_100975912_T_A_b38_T"
[1141] "chr7_100975924_A_G_b38_A" "chr7_100975931_A_C_b38_A"
[1143] "chr7_100975938_A_C_b38_A" "chr7_100975947_A_C_b38_A"
[1145] "chr7_100975964_T_C_b38_T" "chr7_100975982_A_G_b38_A"
[1147] "chr7_100976032_C_T_b38_C" "chr7_100976034_G_A_b38_G"
[1149] "chr7_100976058_G_A_b38_G" "chr7_100976069_A_G_b38_A"
[1151] "chr7_100976070_T_C_b38_T" "chr7_100976072_G_A_b38_G"
[1153] "chr7_100976076_G_C_b38_G" "chr7_101000086_C_T_b38_C"
[1155] "chr7_101000196_A_C_b38_A" "chr7_101000313_T_A_b38_T"
[1157] "chr7_101000551_C_G_b38_C" "chr7_101000562_G_A_b38_G"
[1159] "chr7_101000595_C_T_b38_C" "chr7_101150398_C_A_b38_C"
[1161] "chr7_101150404_G_A_b38_G" "chr7_101150411_G_A_b38_G"
[1163] "chr7_101150424_G_A_b38_G" "chr7_101150459_G_A_b38_G"
[1165] "chr7_101192011_G_C_b38_G" "chr7_101265498_T_C_b38_T"
[1167] "chr7_101265624_G_A_b38_G" "chr7_101265631_C_T_b38_C"
[1169] "chr7_101265657_G_A_b38_G" "chr7_101266299_T_C_b38_T"
[1171] "chr7_101266301_C_G_b38_C" "chr7_101266303_A_G_b38_A"
[1173] "chr7_101266305_A_G_b38_A" "chr7_101266318_C_T_b38_C"
[1175] "chr7_101266320_C_A_b38_C" "chr7_101269956_G_A_b38_G"
[1177] "chr7_101269962_C_T_b38_C" "chr7_101281998_T_C_b38_T"
[1179] "chr7_101282018_G_A_b38_G" "chr7_101282019_C_T_b38_C"
[1181] "chr7_101282100_T_A_b38_T" "chr7_101282101_A_G_b38_A"
[1183] "chr7_101282104_C_A_b38_C" "chr7_101282108_G_A_b38_G"
[1185] "chr7_101282110_T_G_b38_T" "chr7_101282119_G_A_b38_G"
[1187] "chr7_101282131_G_C_b38_G" "chr7_101282135_C_T_b38_C"
[1189] "chr7_101282142_T_C_b38_T" "chr7_101282150_C_T_b38_C"
[1191] "chr7_101282152_T_C_b38_T" "chr7_101282190_A_G_b38_A"
[1193] "chr7_101282196_C_T_b38_C" "chr7_101282197_G_T_b38_G"
[1195] "chr7_101282200_A_C_b38_A" "chr7_101282202_A_G_b38_A"
[1197] "chr7_101282206_T_G_b38_T" "chr7_101282215_G_A_b38_G"
[1199] "chr7_101282218_A_G_b38_A" "chr7_101282219_C_T_b38_C"
[1201] "chr7_101341998_T_C_b38_T"
51 SNP(s) removed because HWE P < 1e-08 :
 [1] "chr19_50749708_G_C_b38_G" "chr19_50842031_A_G_b38_A"
 [3] "chr19_50896788_T_C_b38_T" "chr19_50897100_A_G_b38_A"
 [5] "chr19_50897145_C_T_b38_C" "chr19_50948431_C_T_b38_C"
 [7] "chr19_50957933_A_G_b38_A" "chr19_51083323_T_G_b38_T"
 [9] "chr19_51107599_A_G_b38_A" "chr19_51107741_T_G_b38_T"
[11] "chr19_51108006_G_A_b38_G" "chr19_51116302_T_C_b38_T"
[13] "chr19_51120922_T_G_b38_T" "chr19_51121015_T_G_b38_T"
[15] "chr19_51121279_T_C_b38_T" "chr19_51121832_A_C_b38_A"
[17] "chr19_51121942_T_C_b38_T" "chr19_51122379_A_G_b38_A"
[19] "chr19_51122568_A_G_b38_A" "chr19_51122642_G_C_b38_G"
[21] "chr19_51123685_A_G_b38_A" "chr19_51136723_A_G_b38_A"
[23] "chr19_51172375_T_C_b38_T" "chr19_51173311_A_G_b38_A"
[25] "chr19_51173876_T_C_b38_T" "chr19_51184134_C_T_b38_C"
[27] "chr19_51201503_A_G_b38_A" "chr19_51208344_T_C_b38_T"
[29] "chr19_51208365_C_T_b38_C" "chr19_51212754_T_C_b38_T"
[31] "chr19_51235665_T_C_b38_T" "chr19_51251278_A_C_b38_A"
[33] "chr19_51280161_A_G_b38_A" "chr19_51280387_C_T_b38_C"
[35] "chr19_51281207_G_A_b38_G" "chr19_51282770_C_G_b38_C"
[37] "chr19_51283428_T_C_b38_T" "chr19_51284112_C_T_b38_C"
[39] "chr19_51284184_A_C_b38_A" "chr19_51285176_C_A_b38_C"
[41] "chr19_51285861_G_A_b38_G" "chr19_51287738_T_C_b38_T"
[43] "chr19_51290510_A_C_b38_A" "chr19_51291857_T_G_b38_T"
[45] "chr19_51293045_T_C_b38_T" "chr19_51298175_C_T_b38_C"
[47] "chr19_51358092_C_G_b38_C" "chr19_51447917_C_T_b38_C"
[49] "chr19_51447928_A_G_b38_A" "chr19_51448049_T_G_b38_T"
[51] "chr19_51457686_A_G_b38_A"
86 SNP(s) removed because HWE P < 1e-08 :
 [1] "chr11_12602581_C_A_b38_C" "chr11_12624958_C_A_b38_C"
 [3] "chr11_12709357_A_C_b38_A" "chr11_12711743_G_T_b38_G"
 [5] "chr11_12712147_G_A_b38_G" "chr11_12714195_C_T_b38_C"
 [7] "chr11_12714879_C_G_b38_C" "chr11_12715017_G_A_b38_G"
 [9] "chr11_12715147_C_T_b38_C" "chr11_12715325_A_G_b38_A"
[11] "chr11_12715946_C_T_b38_C" "chr11_12715993_T_C_b38_T"
[13] "chr11_12717103_G_A_b38_G" "chr11_12717141_C_A_b38_C"
[15] "chr11_12722267_A_G_b38_A" "chr11_12722492_G_A_b38_G"
[17] "chr11_12722623_A_G_b38_A" "chr11_12725406_G_A_b38_G"
[19] "chr11_12726375_G_A_b38_G" "chr11_12730213_C_A_b38_C"
[21] "chr11_12731602_A_G_b38_A" "chr11_12750963_G_C_b38_G"
[23] "chr11_12757747_T_C_b38_T" "chr11_12757888_G_T_b38_G"
[25] "chr11_12758617_C_T_b38_C" "chr11_12758709_T_C_b38_T"
[27] "chr11_12759469_G_A_b38_G" "chr11_12775522_G_C_b38_G"
[29] "chr11_12781165_A_G_b38_A" "chr11_12797262_G_A_b38_G"
[31] "chr11_12801705_T_G_b38_T" "chr11_12806545_C_T_b38_C"
[33] "chr11_12810221_C_T_b38_C" "chr11_12820345_A_C_b38_A"
[35] "chr11_12959220_G_C_b38_G" "chr11_13145421_T_C_b38_T"
[37] "chr11_13159063_A_T_b38_A" "chr11_13160043_T_C_b38_T"
[39] "chr11_13161191_T_G_b38_T" "chr11_13162034_C_T_b38_C"
[41] "chr11_13163679_G_A_b38_G" "chr11_13167486_A_G_b38_A"
[43] "chr11_13167824_C_G_b38_C" "chr11_13168039_T_G_b38_T"
[45] "chr11_13168424_A_T_b38_A" "chr11_13168751_C_A_b38_C"
[47] "chr11_13168868_C_G_b38_C" "chr11_13170516_C_T_b38_C"
[49] "chr11_13171300_T_A_b38_T" "chr11_13171711_G_C_b38_G"
[51] "chr11_13172324_A_C_b38_A" "chr11_13172527_T_C_b38_T"
[53] "chr11_13172742_G_A_b38_G" "chr11_13173008_G_A_b38_G"
[55] "chr11_13173311_A_C_b38_A" "chr11_13173332_G_A_b38_G"
[57] "chr11_13173916_G_A_b38_G" "chr11_13174617_C_T_b38_C"
[59] "chr11_13174658_A_G_b38_A" "chr11_13175460_G_T_b38_G"
[61] "chr11_13175491_T_C_b38_T" "chr11_13176427_A_G_b38_A"
[63] "chr11_13176535_G_A_b38_G" "chr11_13176583_C_T_b38_C"
[65] "chr11_13177356_T_C_b38_T" "chr11_13178288_C_T_b38_C"
[67] "chr11_13178878_C_T_b38_C" "chr11_13179392_C_G_b38_C"
[69] "chr11_13179991_G_A_b38_G" "chr11_13180396_T_C_b38_T"
[71] "chr11_13181122_C_T_b38_C" "chr11_13181132_T_A_b38_T"
[73] "chr11_13181163_T_G_b38_T" "chr11_13181254_G_A_b38_G"
[75] "chr11_13181293_C_T_b38_C" "chr11_13181360_G_A_b38_G"
[77] "chr11_13181664_A_G_b38_A" "chr11_13182114_G_A_b38_G"
[79] "chr11_13182203_G_A_b38_G" "chr11_13182610_C_T_b38_C"
[81] "chr11_13182823_T_C_b38_T" "chr11_13183287_G_A_b38_G"
[83] "chr11_13184213_G_A_b38_G" "chr11_13301971_T_C_b38_T"
[85] "chr11_13316281_G_A_b38_G" "chr11_13395112_C_G_b38_C"
32 SNP(s) removed because HWE P < 1e-08 :
 [1] "chr19_17504800_T_C_b38_T" "chr19_17504915_T_C_b38_T"
 [3] "chr19_17583443_G_T_b38_G" "chr19_17666011_C_T_b38_C"
 [5] "chr19_17666078_T_C_b38_T" "chr19_17847808_C_T_b38_C"
 [7] "chr19_17847968_T_C_b38_T" "chr19_17901200_G_T_b38_G"
 [9] "chr19_17908396_T_C_b38_T" "chr19_17924720_G_T_b38_G"
[11] "chr19_17928630_T_C_b38_T" "chr19_18036796_G_A_b38_G"
[13] "chr19_18037080_A_T_b38_A" "chr19_18037381_T_C_b38_T"
[15] "chr19_18037783_T_C_b38_T" "chr19_18039165_G_A_b38_G"
[17] "chr19_18039479_C_T_b38_C" "chr19_18039995_T_C_b38_T"
[19] "chr19_18040092_T_C_b38_T" "chr19_18040429_G_T_b38_G"
[21] "chr19_18040432_G_T_b38_G" "chr19_18042127_C_T_b38_C"
[23] "chr19_18042885_A_G_b38_A" "chr19_18043992_G_C_b38_G"
[25] "chr19_18044231_C_G_b38_C" "chr19_18044266_G_C_b38_G"
[27] "chr19_18251693_G_C_b38_G" "chr19_18260387_C_T_b38_C"
[29] "chr19_18262150_C_G_b38_C" "chr19_18265699_G_A_b38_G"
[31] "chr19_18265970_T_C_b38_T" "chr19_18267871_C_A_b38_C"
52 SNP(s) removed because HWE P < 1e-08 :
 [1] "chr7_44635448_G_C_b38_G" "chr7_44643339_G_A_b38_G"
 [3] "chr7_44646898_G_A_b38_G" "chr7_44651148_G_C_b38_G"
 [5] "chr7_44654298_G_T_b38_G" "chr7_44656126_T_C_b38_T"
 [7] "chr7_44659160_T_C_b38_T" "chr7_44661806_G_T_b38_G"
 [9] "chr7_44662096_T_A_b38_T" "chr7_44662412_A_T_b38_A"
[11] "chr7_44664686_G_T_b38_G" "chr7_44665694_A_G_b38_A"
[13] "chr7_44666156_G_A_b38_G" "chr7_44668255_C_T_b38_C"
[15] "chr7_44669822_A_G_b38_A" "chr7_44672932_C_T_b38_C"
[17] "chr7_44673665_A_G_b38_A" "chr7_44674092_G_A_b38_G"
[19] "chr7_44674245_G_A_b38_G" "chr7_44675734_G_A_b38_G"
[21] "chr7_44677686_C_T_b38_C" "chr7_44685968_G_A_b38_G"
[23] "chr7_44687221_C_T_b38_C" "chr7_44690536_G_A_b38_G"
[25] "chr7_44690685_C_T_b38_C" "chr7_44694724_C_G_b38_C"
[27] "chr7_44698323_G_A_b38_G" "chr7_44703745_G_A_b38_G"
[29] "chr7_44704507_C_T_b38_C" "chr7_44705000_T_C_b38_T"
[31] "chr7_44707900_G_A_b38_G" "chr7_44708304_T_C_b38_T"
[33] "chr7_44708852_G_A_b38_G" "chr7_44709827_C_T_b38_C"
[35] "chr7_44710480_T_C_b38_T" "chr7_44710628_T_C_b38_T"
[37] "chr7_44711090_A_G_b38_A" "chr7_44712501_A_G_b38_A"
[39] "chr7_44713423_T_C_b38_T" "chr7_44715358_T_G_b38_T"
[41] "chr7_44716512_T_C_b38_T" "chr7_44717564_T_C_b38_T"
[43] "chr7_44719057_C_T_b38_C" "chr7_44719182_T_C_b38_T"
[45] "chr7_44719590_G_A_b38_G" "chr7_44720027_G_A_b38_G"
[47] "chr7_44721917_A_G_b38_A" "chr7_44992646_T_C_b38_T"
[49] "chr7_45123819_C_T_b38_C" "chr7_45140450_A_G_b38_A"
[51] "chr7_45141526_A_T_b38_A" "chr7_45210786_C_G_b38_C"
25 SNP(s) removed because HWE P < 1e-08 :
 [1] "chr2_239645640_C_T_b38_C" "chr2_239711417_C_A_b38_C"
 [3] "chr2_239719898_C_T_b38_C" "chr2_239749338_G_A_b38_G"
 [5] "chr2_239777480_C_T_b38_C" "chr2_239778122_A_G_b38_A"
 [7] "chr2_239934368_A_C_b38_A" "chr2_239934374_A_C_b38_A"
 [9] "chr2_239974923_C_T_b38_C" "chr2_239974924_G_A_b38_G"
[11] "chr2_240056527_G_T_b38_G" "chr2_240062257_C_A_b38_C"
[13] "chr2_240062596_A_G_b38_A" "chr2_240062820_G_C_b38_G"
[15] "chr2_240064997_C_T_b38_C" "chr2_240066381_G_A_b38_G"
[17] "chr2_240073453_T_G_b38_T" "chr2_240074778_A_G_b38_A"
[19] "chr2_240075890_T_A_b38_T" "chr2_240082866_C_A_b38_C"
[21] "chr2_240230405_T_C_b38_T" "chr2_240325508_C_A_b38_C"
[23] "chr2_240328689_G_A_b38_G" "chr2_240331510_T_C_b38_T"
[25] "chr2_240581036_C_G_b38_C"
939 SNP(s) removed because HWE P < 1e-08 :
  [1] "chr9_128617688_C_T_b38_C" "chr9_128617870_C_G_b38_C"
  [3] "chr9_128619649_G_C_b38_G" "chr9_128626364_C_T_b38_C"
  [5] "chr9_128628369_G_A_b38_G" "chr9_128636357_C_T_b38_C"
  [7] "chr9_128654861_A_C_b38_A" "chr9_128666278_A_G_b38_A"
  [9] "chr9_128673885_C_T_b38_C" "chr9_128675371_T_C_b38_T"
 [11] "chr9_128681588_A_C_b38_A" "chr9_128686762_A_C_b38_A"
 [13] "chr9_128691841_C_T_b38_C" "chr9_128693624_C_T_b38_C"
 [15] "chr9_128694241_T_G_b38_T" "chr9_128694242_T_G_b38_T"
 [17] "chr9_128694993_G_C_b38_G" "chr9_128697369_A_C_b38_A"
 [19] "chr9_128708734_T_C_b38_T" "chr9_128709177_C_T_b38_C"
 [21] "chr9_128716364_G_A_b38_G" "chr9_129036860_C_T_b38_C"
 [23] "chr9_129044509_A_G_b38_A" "chr9_129045189_T_C_b38_T"
 [25] "chr9_129046964_T_C_b38_T" "chr9_129051571_T_C_b38_T"
 [27] "chr9_129087650_T_G_b38_T" "chr9_129101647_G_C_b38_G"
 [29] "chr9_129104753_A_C_b38_A" "chr9_129230206_G_A_b38_G"
 [31] "chr9_129231343_A_C_b38_A" "chr9_129231350_A_C_b38_A"
 [33] "chr9_129231692_A_G_b38_A" "chr9_129234436_T_G_b38_T"
 [35] "chr9_129265954_T_C_b38_T" "chr9_129276505_T_C_b38_T"
 [37] "chr9_129277385_C_G_b38_C" "chr9_129279111_C_A_b38_C"
 [39] "chr9_129279114_A_G_b38_A" "chr9_129279160_C_T_b38_C"
 [41] "chr9_129279168_T_C_b38_T" "chr9_129286583_G_C_b38_G"
 [43] "chr9_129314696_G_C_b38_G" "chr9_129318151_G_C_b38_G"
 [45] "chr9_129356518_T_C_b38_T" "chr9_129358508_A_G_b38_A"
 [47] "chr9_129365440_T_C_b38_T" "chr9_129367174_G_C_b38_G"
 [49] "chr9_129369112_T_G_b38_T" "chr9_129373360_T_C_b38_T"
 [51] "chr9_129375191_T_C_b38_T" "chr9_129396637_T_C_b38_T"
 [53] "chr9_129396655_A_C_b38_A" "chr9_129396874_A_G_b38_A"
 [55] "chr9_129396882_G_A_b38_G" "chr9_129396909_A_G_b38_A"
 [57] "chr9_129396915_A_G_b38_A" "chr9_129398977_G_T_b38_G"
 [59] "chr9_129398982_G_C_b38_G" "chr9_129400174_T_C_b38_T"
 [61] "chr9_129404209_G_C_b38_G" "chr9_129424659_T_G_b38_T"
 [63] "chr9_129424677_T_A_b38_T" "chr9_129424685_C_T_b38_C"
 [65] "chr9_129424704_T_C_b38_T" "chr9_129424712_G_A_b38_G"
 [67] "chr9_129424715_G_C_b38_G" "chr9_129424723_C_T_b38_C"
 [69] "chr9_129424767_A_G_b38_A" "chr9_129424796_C_T_b38_C"
 [71] "chr9_129424797_A_G_b38_A" "chr9_129424798_G_T_b38_G"
 [73] "chr9_129424851_C_T_b38_C" "chr9_129424854_A_G_b38_A"
 [75] "chr9_129424879_T_C_b38_T" "chr9_129424897_G_A_b38_G"
 [77] "chr9_129424898_G_A_b38_G" "chr9_129424905_G_C_b38_G"
 [79] "chr9_129425079_G_A_b38_G" "chr9_129425082_C_T_b38_C"
 [81] "chr9_129425085_T_C_b38_T" "chr9_129425086_G_T_b38_G"
 [83] "chr9_129425096_A_G_b38_A" "chr9_129425130_G_T_b38_G"
 [85] "chr9_129425131_A_T_b38_A" "chr9_129425145_A_G_b38_A"
 [87] "chr9_129425152_A_C_b38_A" "chr9_129425201_T_C_b38_T"
 [89] "chr9_129425208_A_G_b38_A" "chr9_129425223_T_C_b38_T"
 [91] "chr9_129425233_G_A_b38_G" "chr9_129425387_G_T_b38_G"
 [93] "chr9_129425412_T_C_b38_T" "chr9_129425430_C_G_b38_C"
 [95] "chr9_129425432_T_C_b38_T" "chr9_129425436_A_T_b38_A"
 [97] "chr9_129425481_A_G_b38_A" "chr9_129425491_C_T_b38_C"
 [99] "chr9_129425496_A_G_b38_A" "chr9_129425530_C_T_b38_C"
[101] "chr9_129425535_T_C_b38_T" "chr9_129425614_T_C_b38_T"
[103] "chr9_129425621_C_T_b38_C" "chr9_129425644_A_C_b38_A"
[105] "chr9_129425652_G_C_b38_G" "chr9_129425655_G_A_b38_G"
[107] "chr9_129425660_G_A_b38_G" "chr9_129425680_A_G_b38_A"
[109] "chr9_129425693_C_T_b38_C" "chr9_129425707_A_G_b38_A"
[111] "chr9_129425709_A_G_b38_A" "chr9_129425712_G_A_b38_G"
[113] "chr9_129425715_A_G_b38_A" "chr9_129425737_A_G_b38_A"
[115] "chr9_129425744_A_T_b38_A" "chr9_129425749_G_A_b38_G"
[117] "chr9_129425750_A_G_b38_A" "chr9_129425802_C_G_b38_C"
[119] "chr9_129425842_T_C_b38_T" "chr9_129425858_T_C_b38_T"
[121] "chr9_129425876_A_T_b38_A" "chr9_129425959_T_C_b38_T"
[123] "chr9_129425964_T_G_b38_T" "chr9_129425974_T_C_b38_T"
[125] "chr9_129425979_A_G_b38_A" "chr9_129425984_A_G_b38_A"
[127] "chr9_129425986_C_T_b38_C" "chr9_129425987_A_G_b38_A"
[129] "chr9_129425989_A_G_b38_A" "chr9_129426001_C_T_b38_C"
[131] "chr9_129426014_G_C_b38_G" "chr9_129426016_A_G_b38_A"
[133] "chr9_129426026_C_A_b38_C" "chr9_129426027_T_C_b38_T"
[135] "chr9_129426028_G_A_b38_G" "chr9_129426040_C_T_b38_C"
[137] "chr9_129426055_C_G_b38_C" "chr9_129426152_A_G_b38_A"
[139] "chr9_129426159_A_G_b38_A" "chr9_129426171_T_G_b38_T"
[141] "chr9_129426187_G_A_b38_G" "chr9_129426188_T_A_b38_T"
[143] "chr9_129426189_G_A_b38_G" "chr9_129426193_G_A_b38_G"
[145] "chr9_129426203_C_A_b38_C" "chr9_129426211_G_C_b38_G"
[147] "chr9_129426214_C_T_b38_C" "chr9_129426221_G_C_b38_G"
[149] "chr9_129426222_C_G_b38_C" "chr9_129426224_G_A_b38_G"
[151] "chr9_129426245_G_A_b38_G" "chr9_129426247_A_G_b38_A"
[153] "chr9_129426250_C_T_b38_C" "chr9_129426256_A_T_b38_A"
[155] "chr9_129426268_C_G_b38_C" "chr9_129426269_T_C_b38_T"
[157] "chr9_129426279_G_A_b38_G" "chr9_129426289_A_G_b38_A"
[159] "chr9_129426299_G_A_b38_G" "chr9_129426380_G_C_b38_G"
[161] "chr9_129426389_G_A_b38_G" "chr9_129426394_A_G_b38_A"
[163] "chr9_129426424_T_A_b38_T" "chr9_129426426_C_A_b38_C"
[165] "chr9_129426430_G_A_b38_G" "chr9_129426433_G_A_b38_G"
[167] "chr9_129426447_G_C_b38_G" "chr9_129426458_T_C_b38_T"
[169] "chr9_129426492_A_T_b38_A" "chr9_129426502_T_C_b38_T"
[171] "chr9_129426506_C_T_b38_C" "chr9_129426516_G_C_b38_G"
[173] "chr9_129426517_G_A_b38_G" "chr9_129426551_C_T_b38_C"
[175] "chr9_129426556_C_T_b38_C" "chr9_129426560_C_T_b38_C"
[177] "chr9_129426563_A_G_b38_A" "chr9_129426586_G_C_b38_G"
[179] "chr9_129426587_G_A_b38_G" "chr9_129427118_G_A_b38_G"
[181] "chr9_129427120_T_C_b38_T" "chr9_129427121_G_A_b38_G"
[183] "chr9_129427130_G_A_b38_G" "chr9_129427203_G_T_b38_G"
[185] "chr9_129427222_G_C_b38_G" "chr9_129427227_G_A_b38_G"
[187] "chr9_129427239_G_A_b38_G" "chr9_129427259_A_G_b38_A"
[189] "chr9_129427263_T_A_b38_T" "chr9_129427267_A_T_b38_A"
[191] "chr9_129427271_T_C_b38_T" "chr9_129427277_C_G_b38_C"
[193] "chr9_129427281_T_C_b38_T" "chr9_129427290_G_A_b38_G"
[195] "chr9_129427298_C_T_b38_C" "chr9_129427321_C_A_b38_C"
[197] "chr9_129427322_G_A_b38_G" "chr9_129427326_T_C_b38_T"
[199] "chr9_129427331_C_T_b38_C" "chr9_129427345_G_A_b38_G"
[201] "chr9_129427361_C_T_b38_C" "chr9_129427369_C_T_b38_C"
[203] "chr9_129427421_A_G_b38_A" "chr9_129427429_A_G_b38_A"
[205] "chr9_129427446_G_A_b38_G" "chr9_129427453_G_A_b38_G"
[207] "chr9_129427459_G_A_b38_G" "chr9_129427460_C_T_b38_C"
[209] "chr9_129427470_G_C_b38_G" "chr9_129427472_T_C_b38_T"
[211] "chr9_129427474_T_C_b38_T" "chr9_129427475_G_A_b38_G"
[213] "chr9_129427484_C_T_b38_C" "chr9_129427534_G_A_b38_G"
[215] "chr9_129427546_A_G_b38_A" "chr9_129427549_G_A_b38_G"
[217] "chr9_129427575_G_T_b38_G" "chr9_129427579_T_A_b38_T"
[219] "chr9_129427581_T_A_b38_T" "chr9_129427589_A_G_b38_A"
[221] "chr9_129427596_A_G_b38_A" "chr9_129427597_C_A_b38_C"
[223] "chr9_129427630_G_A_b38_G" "chr9_129427641_G_T_b38_G"
[225] "chr9_129427645_C_T_b38_C" "chr9_129427654_C_G_b38_C"
[227] "chr9_129427660_G_A_b38_G" "chr9_129427670_C_G_b38_C"
[229] "chr9_129427692_A_G_b38_A" "chr9_129427713_G_C_b38_G"
[231] "chr9_129427737_C_T_b38_C" "chr9_129427769_G_A_b38_G"
[233] "chr9_129427793_T_C_b38_T" "chr9_129427815_T_C_b38_T"
[235] "chr9_129427842_C_T_b38_C" "chr9_129427845_G_A_b38_G"
[237] "chr9_129427858_C_T_b38_C" "chr9_129427865_T_C_b38_T"
[239] "chr9_129427882_G_A_b38_G" "chr9_129427894_A_G_b38_A"
[241] "chr9_129427899_G_A_b38_G" "chr9_129427909_G_C_b38_G"
[243] "chr9_129427951_C_T_b38_C" "chr9_129427959_C_T_b38_C"
[245] "chr9_129427981_C_T_b38_C" "chr9_129427991_C_T_b38_C"
[247] "chr9_129428000_C_A_b38_C" "chr9_129428007_C_T_b38_C"
[249] "chr9_129428013_C_T_b38_C" "chr9_129428024_G_T_b38_G"
[251] "chr9_129428028_A_C_b38_A" "chr9_129428029_T_C_b38_T"
[253] "chr9_129428045_T_G_b38_T" "chr9_129428056_T_C_b38_T"
[255] "chr9_129428063_A_C_b38_A" "chr9_129428065_C_T_b38_C"
[257] "chr9_129428069_A_G_b38_A" "chr9_129428089_C_G_b38_C"
[259] "chr9_129428093_G_A_b38_G" "chr9_129428184_C_T_b38_C"
[261] "chr9_129428202_A_G_b38_A" "chr9_129428220_G_A_b38_G"
[263] "chr9_129428551_G_A_b38_G" "chr9_129428561_G_A_b38_G"
[265] "chr9_129428571_C_T_b38_C" "chr9_129428576_C_T_b38_C"
[267] "chr9_129428588_C_T_b38_C" "chr9_129428605_C_T_b38_C"
[269] "chr9_129428609_T_C_b38_T" "chr9_129428619_G_A_b38_G"
[271] "chr9_129428630_C_T_b38_C" "chr9_129428635_C_A_b38_C"
[273] "chr9_129428646_T_C_b38_T" "chr9_129428647_T_C_b38_T"
[275] "chr9_129428654_C_T_b38_C" "chr9_129428670_A_G_b38_A"
[277] "chr9_129428679_T_C_b38_T" "chr9_129428691_G_A_b38_G"
[279] "chr9_129428704_G_A_b38_G" "chr9_129428705_C_T_b38_C"
[281] "chr9_129428709_C_T_b38_C" "chr9_129428720_G_A_b38_G"
[283] "chr9_129429680_G_A_b38_G" "chr9_129429682_G_A_b38_G"
[285] "chr9_129429693_C_A_b38_C" "chr9_129429695_G_C_b38_G"
[287] "chr9_129429702_G_A_b38_G" "chr9_129429743_A_G_b38_A"
[289] "chr9_129429758_G_A_b38_G" "chr9_129429775_A_G_b38_A"
[291] "chr9_129429819_A_G_b38_A" "chr9_129429852_G_C_b38_G"
[293] "chr9_129429870_T_G_b38_T" "chr9_129429885_A_C_b38_A"
[295] "chr9_129429890_C_T_b38_C" "chr9_129429891_A_G_b38_A"
[297] "chr9_129429903_G_A_b38_G" "chr9_129429932_T_A_b38_T"
[299] "chr9_129429937_A_G_b38_A" "chr9_129429951_G_A_b38_G"
[301] "chr9_129429952_T_C_b38_T" "chr9_129429964_C_T_b38_C"
[303] "chr9_129429973_G_A_b38_G" "chr9_129429993_T_C_b38_T"
[305] "chr9_129429995_C_G_b38_C" "chr9_129430003_T_C_b38_T"
[307] "chr9_129430007_A_G_b38_A" "chr9_129430010_C_T_b38_C"
[309] "chr9_129430021_A_G_b38_A" "chr9_129430025_C_T_b38_C"
[311] "chr9_129430114_T_A_b38_T" "chr9_129430142_T_C_b38_T"
[313] "chr9_129430152_A_C_b38_A" "chr9_129430161_G_A_b38_G"
[315] "chr9_129430168_T_C_b38_T" "chr9_129430190_T_C_b38_T"
[317] "chr9_129430206_A_G_b38_A" "chr9_129430208_T_C_b38_T"
[319] "chr9_129430250_G_A_b38_G" "chr9_129430257_T_C_b38_T"
[321] "chr9_129430262_A_T_b38_A" "chr9_129430746_G_A_b38_G"
[323] "chr9_129430778_C_T_b38_C" "chr9_129430779_G_T_b38_G"
[325] "chr9_129430786_T_C_b38_T" "chr9_129430791_G_A_b38_G"
[327] "chr9_129430810_G_T_b38_G" "chr9_129430837_T_C_b38_T"
[329] "chr9_129430841_G_A_b38_G" "chr9_129430851_A_G_b38_A"
[331] "chr9_129430855_C_A_b38_C" "chr9_129430856_A_G_b38_A"
[333] "chr9_129430869_T_C_b38_T" "chr9_129430870_G_A_b38_G"
[335] "chr9_129430900_A_G_b38_A" "chr9_129430902_C_A_b38_C"
[337] "chr9_129430907_G_A_b38_G" "chr9_129430918_G_A_b38_G"
[339] "chr9_129430920_C_T_b38_C" "chr9_129430933_C_G_b38_C"
[341] "chr9_129430939_A_G_b38_A" "chr9_129430942_C_A_b38_C"
[343] "chr9_129430972_C_T_b38_C" "chr9_129430977_G_T_b38_G"
[345] "chr9_129431107_T_C_b38_T" "chr9_129431108_G_A_b38_G"
[347] "chr9_129431111_G_A_b38_G" "chr9_129431120_G_C_b38_G"
[349] "chr9_129431143_G_A_b38_G" "chr9_129431160_C_T_b38_C"
[351] "chr9_129431166_A_G_b38_A" "chr9_129431167_C_T_b38_C"
[353] "chr9_129431182_A_G_b38_A" "chr9_129431214_A_G_b38_A"
[355] "chr9_129431217_A_C_b38_A" "chr9_129431220_C_G_b38_C"
[357] "chr9_129431227_A_G_b38_A" "chr9_129431246_G_A_b38_G"
[359] "chr9_129431275_T_C_b38_T" "chr9_129431276_G_C_b38_G"
[361] "chr9_129431287_A_G_b38_A" "chr9_129431289_G_C_b38_G"
[363] "chr9_129431294_A_G_b38_A" "chr9_129431340_A_G_b38_A"
[365] "chr9_129431341_A_T_b38_A" "chr9_129431350_A_C_b38_A"
[367] "chr9_129431351_A_G_b38_A" "chr9_129431357_A_C_b38_A"
[369] "chr9_129431363_T_C_b38_T" "chr9_129431365_G_A_b38_G"
[371] "chr9_129431368_C_T_b38_C" "chr9_129431390_G_A_b38_G"
[373] "chr9_129431423_A_T_b38_A" "chr9_129431429_G_A_b38_G"
[375] "chr9_129431443_G_C_b38_G" "chr9_129431453_T_C_b38_T"
[377] "chr9_129431494_C_T_b38_C" "chr9_129431495_T_G_b38_T"
[379] "chr9_129431503_G_C_b38_G" "chr9_129431537_T_C_b38_T"
[381] "chr9_129431546_A_G_b38_A" "chr9_129431551_G_T_b38_G"
[383] "chr9_129431555_A_T_b38_A" "chr9_129431558_T_C_b38_T"
[385] "chr9_129431566_C_T_b38_C" "chr9_129431902_T_C_b38_T"
[387] "chr9_129431909_G_A_b38_G" "chr9_129431920_A_C_b38_A"
[389] "chr9_129432010_G_A_b38_G" "chr9_129432025_G_A_b38_G"
[391] "chr9_129432030_T_C_b38_T" "chr9_129432031_G_A_b38_G"
[393] "chr9_129432035_C_A_b38_C" "chr9_129432097_T_C_b38_T"
[395] "chr9_129432098_G_T_b38_G" "chr9_129432129_A_G_b38_A"
[397] "chr9_129432148_G_A_b38_G" "chr9_129432160_T_C_b38_T"
[399] "chr9_129432206_G_A_b38_G" "chr9_129432224_C_T_b38_C"
[401] "chr9_129432286_T_C_b38_T" "chr9_129432293_C_T_b38_C"
[403] "chr9_129432298_T_C_b38_T" "chr9_129432313_C_G_b38_C"
[405] "chr9_129432368_G_A_b38_G" "chr9_129432370_C_T_b38_C"
[407] "chr9_129432376_T_A_b38_T" "chr9_129432404_T_C_b38_T"
[409] "chr9_129432417_G_A_b38_G" "chr9_129432444_G_A_b38_G"
[411] "chr9_129432445_G_A_b38_G" "chr9_129432458_C_G_b38_C"
[413] "chr9_129432486_T_G_b38_T" "chr9_129432488_G_A_b38_G"
[415] "chr9_129432509_T_C_b38_T" "chr9_129432510_G_T_b38_G"
[417] "chr9_129432520_G_A_b38_G" "chr9_129432522_C_T_b38_C"
[419] "chr9_129432599_C_T_b38_C" "chr9_129432604_C_T_b38_C"
[421] "chr9_129432613_A_G_b38_A" "chr9_129432631_G_A_b38_G"
[423] "chr9_129432633_A_G_b38_A" "chr9_129432642_A_G_b38_A"
[425] "chr9_129432647_T_C_b38_T" "chr9_129432659_C_G_b38_C"
[427] "chr9_129432668_C_T_b38_C" "chr9_129432675_G_A_b38_G"
[429] "chr9_129432685_C_T_b38_C" "chr9_129432701_G_A_b38_G"
[431] "chr9_129432702_C_G_b38_C" "chr9_129432710_A_G_b38_A"
[433] "chr9_129432722_T_C_b38_T" "chr9_129432727_A_G_b38_A"
[435] "chr9_129432739_T_G_b38_T" "chr9_129432740_G_C_b38_G"
[437] "chr9_129432763_T_C_b38_T" "chr9_129432785_C_T_b38_C"
[439] "chr9_129432793_T_G_b38_T" "chr9_129432822_A_G_b38_A"
[441] "chr9_129432861_A_C_b38_A" "chr9_129432877_C_T_b38_C"
[443] "chr9_129432919_G_T_b38_G" "chr9_129432928_G_A_b38_G"
[445] "chr9_129432937_C_T_b38_C" "chr9_129432938_A_G_b38_A"
[447] "chr9_129432939_C_T_b38_C" "chr9_129432965_T_G_b38_T"
[449] "chr9_129432970_G_C_b38_G" "chr9_129432982_A_G_b38_A"
[451] "chr9_129432999_G_C_b38_G" "chr9_129433029_C_T_b38_C"
[453] "chr9_129433059_C_T_b38_C" "chr9_129433097_C_T_b38_C"
[455] "chr9_129433102_A_C_b38_A" "chr9_129433114_G_A_b38_G"
[457] "chr9_129433137_A_G_b38_A" "chr9_129433139_T_C_b38_T"
[459] "chr9_129433149_A_C_b38_A" "chr9_129433156_G_A_b38_G"
[461] "chr9_129433168_A_G_b38_A" "chr9_129433169_T_C_b38_T"
[463] "chr9_129433174_C_G_b38_C" "chr9_129433214_C_T_b38_C"
[465] "chr9_129433242_C_T_b38_C" "chr9_129433275_T_C_b38_T"
[467] "chr9_129433276_G_A_b38_G" "chr9_129433276_G_C_b38_G"
[469] "chr9_129433307_C_T_b38_C" "chr9_129433309_A_G_b38_A"
[471] "chr9_129433310_A_G_b38_A" "chr9_129433311_C_T_b38_C"
[473] "chr9_129433339_C_T_b38_C" "chr9_129433341_A_G_b38_A"
[475] "chr9_129433345_T_A_b38_T" "chr9_129433353_C_A_b38_C"
[477] "chr9_129433362_C_T_b38_C" "chr9_129433379_A_G_b38_A"
[479] "chr9_129433382_T_C_b38_T" "chr9_129433393_C_T_b38_C"
[481] "chr9_129433711_G_C_b38_G" "chr9_129433735_A_G_b38_A"
[483] "chr9_129433859_A_C_b38_A" "chr9_129433863_C_T_b38_C"
[485] "chr9_129433866_C_A_b38_C" "chr9_129433868_C_A_b38_C"
[487] "chr9_129433876_C_T_b38_C" "chr9_129433877_A_G_b38_A"
[489] "chr9_129433881_C_T_b38_C" "chr9_129433899_C_T_b38_C"
[491] "chr9_129433902_G_A_b38_G" "chr9_129433905_G_A_b38_G"
[493] "chr9_129433906_C_T_b38_C" "chr9_129433917_C_G_b38_C"
[495] "chr9_129433920_G_T_b38_G" "chr9_129433927_C_A_b38_C"
[497] "chr9_129433977_T_A_b38_T" "chr9_129433993_C_T_b38_C"
[499] "chr9_129434027_G_A_b38_G" "chr9_129434038_G_A_b38_G"
[501] "chr9_129434050_T_C_b38_T" "chr9_129434104_T_A_b38_T"
[503] "chr9_129434116_A_G_b38_A" "chr9_129434128_T_G_b38_T"
[505] "chr9_129434155_G_A_b38_G" "chr9_129434185_C_G_b38_C"
[507] "chr9_129434194_G_T_b38_G" "chr9_129434196_A_C_b38_A"
[509] "chr9_129434197_T_C_b38_T" "chr9_129434202_T_C_b38_T"
[511] "chr9_129434221_T_C_b38_T" "chr9_129434250_A_G_b38_A"
[513] "chr9_129434252_G_T_b38_G" "chr9_129434254_T_C_b38_T"
[515] "chr9_129434260_T_C_b38_T" "chr9_129434265_T_C_b38_T"
[517] "chr9_129434281_C_A_b38_C" "chr9_129434282_A_G_b38_A"
[519] "chr9_129434291_T_C_b38_T" "chr9_129434295_G_A_b38_G"
[521] "chr9_129434308_T_C_b38_T" "chr9_129434313_A_G_b38_A"
[523] "chr9_129434321_C_G_b38_C" "chr9_129434334_C_T_b38_C"
[525] "chr9_129434340_T_C_b38_T" "chr9_129434411_C_G_b38_C"
[527] "chr9_129434414_G_A_b38_G" "chr9_129434421_T_C_b38_T"
[529] "chr9_129434436_T_C_b38_T" "chr9_129434445_G_A_b38_G"
[531] "chr9_129434451_T_A_b38_T" "chr9_129434453_C_A_b38_C"
[533] "chr9_129434459_T_C_b38_T" "chr9_129434463_C_T_b38_C"
[535] "chr9_129434470_T_C_b38_T" "chr9_129434523_A_G_b38_A"
[537] "chr9_129434533_T_A_b38_T" "chr9_129434544_C_T_b38_C"
[539] "chr9_129434588_C_T_b38_C" "chr9_129434622_C_A_b38_C"
[541] "chr9_129434623_G_A_b38_G" "chr9_129434652_C_T_b38_C"
[543] "chr9_129434672_G_A_b38_G" "chr9_129434686_C_T_b38_C"
[545] "chr9_129434713_G_C_b38_G" "chr9_129434729_C_T_b38_C"
[547] "chr9_129434731_G_C_b38_G" "chr9_129434737_T_C_b38_T"
[549] "chr9_129434740_A_G_b38_A" "chr9_129434749_T_A_b38_T"
[551] "chr9_129434751_A_C_b38_A" "chr9_129434767_G_A_b38_G"
[553] "chr9_129434773_C_G_b38_C" "chr9_129434775_T_C_b38_T"
[555] "chr9_129434776_G_A_b38_G" "chr9_129434785_C_T_b38_C"
[557] "chr9_129434796_G_A_b38_G" "chr9_129434811_T_C_b38_T"
[559] "chr9_129435475_A_C_b38_A" "chr9_129435479_G_C_b38_G"
[561] "chr9_129435488_C_A_b38_C" "chr9_129435489_G_T_b38_G"
[563] "chr9_129435496_A_C_b38_A" "chr9_129435498_A_T_b38_A"
[565] "chr9_129435502_T_C_b38_T" "chr9_129435504_C_T_b38_C"
[567] "chr9_129435528_C_T_b38_C" "chr9_129435538_C_T_b38_C"
[569] "chr9_129435552_C_T_b38_C" "chr9_129435553_A_G_b38_A"
[571] "chr9_129435583_G_A_b38_G" "chr9_129435588_A_G_b38_A"
[573] "chr9_129435604_G_C_b38_G" "chr9_129435634_C_T_b38_C"
[575] "chr9_129435651_G_T_b38_G" "chr9_129435658_C_T_b38_C"
[577] "chr9_129435662_A_T_b38_A" "chr9_129435667_G_T_b38_G"
[579] "chr9_129435668_A_T_b38_A" "chr9_129435704_T_C_b38_T"
[581] "chr9_129435759_G_A_b38_G" "chr9_129435766_G_C_b38_G"
[583] "chr9_129435784_C_T_b38_C" "chr9_129435809_C_T_b38_C"
[585] "chr9_129435810_C_G_b38_C" "chr9_129435816_A_C_b38_A"
[587] "chr9_129435833_G_A_b38_G" "chr9_129435839_G_A_b38_G"
[589] "chr9_129435842_A_G_b38_A" "chr9_129435851_A_G_b38_A"
[591] "chr9_129435852_C_G_b38_C" "chr9_129435856_C_T_b38_C"
[593] "chr9_129435877_G_T_b38_G" "chr9_129435879_C_A_b38_C"
[595] "chr9_129435880_T_C_b38_T" "chr9_129435881_G_A_b38_G"
[597] "chr9_129435901_T_C_b38_T" "chr9_129435917_T_A_b38_T"
[599] "chr9_129436000_C_A_b38_C" "chr9_129436004_T_C_b38_T"
[601] "chr9_129436040_T_C_b38_T" "chr9_129436041_G_C_b38_G"
[603] "chr9_129436051_G_A_b38_G" "chr9_129436058_T_C_b38_T"
[605] "chr9_129436075_G_A_b38_G" "chr9_129436088_C_G_b38_C"
[607] "chr9_129436090_T_A_b38_T" "chr9_129436168_G_A_b38_G"
[609] "chr9_129436172_G_A_b38_G" "chr9_129436187_T_C_b38_T"
[611] "chr9_129436188_G_A_b38_G" "chr9_129436222_C_T_b38_C"
[613] "chr9_129436229_A_G_b38_A" "chr9_129436235_T_C_b38_T"
[615] "chr9_129436240_T_C_b38_T" "chr9_129436241_G_A_b38_G"
[617] "chr9_129436271_G_A_b38_G" "chr9_129436281_A_G_b38_A"
[619] "chr9_129436296_T_G_b38_T" "chr9_129436297_G_T_b38_G"
[621] "chr9_129436304_A_G_b38_A" "chr9_129436311_A_G_b38_A"
[623] "chr9_129436329_G_A_b38_G" "chr9_129436341_T_C_b38_T"
[625] "chr9_129436346_T_G_b38_T" "chr9_129436352_T_C_b38_T"
[627] "chr9_129436374_T_C_b38_T" "chr9_129436381_T_A_b38_T"
[629] "chr9_129436390_A_C_b38_A" "chr9_129436395_T_C_b38_T"
[631] "chr9_129436402_G_A_b38_G" "chr9_129436410_T_C_b38_T"
[633] "chr9_129436415_G_A_b38_G" "chr9_129436432_C_A_b38_C"
[635] "chr9_129436443_T_G_b38_T" "chr9_129436486_G_A_b38_G"
[637] "chr9_129436489_T_C_b38_T" "chr9_129436503_C_T_b38_C"
[639] "chr9_129436513_G_C_b38_G" "chr9_129436517_C_A_b38_C"
[641] "chr9_129436544_G_A_b38_G" "chr9_129436547_G_A_b38_G"
[643] "chr9_129436639_A_C_b38_A" "chr9_129436641_T_G_b38_T"
[645] "chr9_129436664_C_G_b38_C" "chr9_129436678_C_G_b38_C"
[647] "chr9_129436691_A_G_b38_A" "chr9_129436692_G_C_b38_G"
[649] "chr9_129436766_A_G_b38_A" "chr9_129436780_C_T_b38_C"
[651] "chr9_129436799_C_T_b38_C" "chr9_129436811_C_G_b38_C"
[653] "chr9_129436829_C_T_b38_C" "chr9_129436851_G_C_b38_G"
[655] "chr9_129436852_A_T_b38_A" "chr9_129436894_A_G_b38_A"
[657] "chr9_129436910_A_G_b38_A" "chr9_129436920_G_C_b38_G"
[659] "chr9_129436924_T_A_b38_T" "chr9_129436931_A_T_b38_A"
[661] "chr9_129436945_C_G_b38_C" "chr9_129436948_A_T_b38_A"
[663] "chr9_129436977_C_T_b38_C" "chr9_129436980_G_T_b38_G"
[665] "chr9_129436982_G_A_b38_G" "chr9_129436992_A_G_b38_A"
[667] "chr9_129437005_C_T_b38_C" "chr9_129437009_C_T_b38_C"
[669] "chr9_129437019_A_G_b38_A" "chr9_129437033_A_T_b38_A"
[671] "chr9_129437058_G_A_b38_G" "chr9_129437077_G_T_b38_G"
[673] "chr9_129437095_G_C_b38_G" "chr9_129437098_G_A_b38_G"
[675] "chr9_129437154_T_G_b38_T" "chr9_129437156_G_C_b38_G"
[677] "chr9_129437157_T_G_b38_T" "chr9_129437165_A_G_b38_A"
[679] "chr9_129437180_C_A_b38_C" "chr9_129437184_G_A_b38_G"
[681] "chr9_129437192_G_T_b38_G" "chr9_129437202_C_T_b38_C"
[683] "chr9_129437222_C_T_b38_C" "chr9_129437227_T_C_b38_T"
[685] "chr9_129437235_A_C_b38_A" "chr9_129437242_C_T_b38_C"
[687] "chr9_129437244_C_A_b38_C" "chr9_129437246_G_T_b38_G"
[689] "chr9_129437253_G_A_b38_G" "chr9_129437254_C_T_b38_C"
[691] "chr9_129437259_C_T_b38_C" "chr9_129437313_C_T_b38_C"
[693] "chr9_129437334_G_C_b38_G" "chr9_129437369_G_A_b38_G"
[695] "chr9_129437410_A_G_b38_A" "chr9_129437414_C_A_b38_C"
[697] "chr9_129437421_G_T_b38_G" "chr9_129437515_A_G_b38_A"
[699] "chr9_129437678_T_C_b38_T" "chr9_129437680_T_G_b38_T"
[701] "chr9_129437687_G_A_b38_G" "chr9_129437704_C_G_b38_C"
[703] "chr9_129437733_G_A_b38_G" "chr9_129437739_A_G_b38_A"
[705] "chr9_129437753_T_C_b38_T" "chr9_129437765_G_T_b38_G"
[707] "chr9_129437808_G_A_b38_G" "chr9_129437815_A_G_b38_A"
[709] "chr9_129437838_C_T_b38_C" "chr9_129437857_T_C_b38_T"
[711] "chr9_129437897_G_C_b38_G" "chr9_129437903_A_G_b38_A"
[713] "chr9_129437904_C_T_b38_C" "chr9_129437932_C_G_b38_C"
[715] "chr9_129437963_G_A_b38_G" "chr9_129437996_A_T_b38_A"
[717] "chr9_129438011_C_T_b38_C" "chr9_129438015_G_A_b38_G"
[719] "chr9_129438017_C_T_b38_C" "chr9_129438020_T_A_b38_T"
[721] "chr9_129438041_G_A_b38_G" "chr9_129438045_G_A_b38_G"
[723] "chr9_129438063_C_A_b38_C" "chr9_129438081_T_G_b38_T"
[725] "chr9_129438085_G_A_b38_G" "chr9_129438116_C_T_b38_C"
[727] "chr9_129438137_G_A_b38_G" "chr9_129438141_C_T_b38_C"
[729] "chr9_129438154_G_C_b38_G" "chr9_129438155_G_A_b38_G"
[731] "chr9_129438158_G_C_b38_G" "chr9_129438172_C_A_b38_C"
[733] "chr9_129438199_A_T_b38_A" "chr9_129438204_C_G_b38_C"
[735] "chr9_129438231_C_A_b38_C" "chr9_129438262_A_C_b38_A"
[737] "chr9_129438272_T_C_b38_T" "chr9_129438351_C_A_b38_C"
[739] "chr9_129438384_G_C_b38_G" "chr9_129438394_C_G_b38_C"
[741] "chr9_129438397_C_T_b38_C" "chr9_129438398_A_G_b38_A"
[743] "chr9_129438403_A_C_b38_A" "chr9_129438406_A_C_b38_A"
[745] "chr9_129438407_A_T_b38_A" "chr9_129438417_G_A_b38_G"
[747] "chr9_129438421_C_T_b38_C" "chr9_129438838_C_T_b38_C"
[749] "chr9_129438851_G_T_b38_G" "chr9_129438855_G_A_b38_G"
[751] "chr9_129438885_T_A_b38_T" "chr9_129438896_T_C_b38_T"
[753] "chr9_129438923_A_T_b38_A" "chr9_129438927_A_G_b38_A"
[755] "chr9_129438928_C_T_b38_C" "chr9_129438952_G_A_b38_G"
[757] "chr9_129438966_C_G_b38_C" "chr9_129439012_T_C_b38_T"
[759] "chr9_129439013_G_A_b38_G" "chr9_129439016_A_G_b38_A"
[761] "chr9_129439023_G_A_b38_G" "chr9_129439032_T_C_b38_T"
[763] "chr9_129439040_A_G_b38_A" "chr9_129439078_C_T_b38_C"
[765] "chr9_129439109_G_C_b38_G" "chr9_129439115_T_A_b38_T"
[767] "chr9_129439117_T_C_b38_T" "chr9_129439164_C_T_b38_C"
[769] "chr9_129439176_T_G_b38_T" "chr9_129439186_C_T_b38_C"
[771] "chr9_129439218_G_T_b38_G" "chr9_129439247_C_A_b38_C"
[773] "chr9_129439250_A_G_b38_A" "chr9_129439256_C_T_b38_C"
[775] "chr9_129439265_T_A_b38_T" "chr9_129439292_A_G_b38_A"
[777] "chr9_129439307_G_T_b38_G" "chr9_129439309_G_C_b38_G"
[779] "chr9_129439324_G_T_b38_G" "chr9_129439329_T_C_b38_T"
[781] "chr9_129439336_A_T_b38_A" "chr9_129439353_A_G_b38_A"
[783] "chr9_129439362_G_A_b38_G" "chr9_129439377_C_T_b38_C"
[785] "chr9_129439384_G_A_b38_G" "chr9_129439388_C_G_b38_C"
[787] "chr9_129439391_T_G_b38_T" "chr9_129439397_T_A_b38_T"
[789] "chr9_129439415_G_T_b38_G" "chr9_129439418_C_A_b38_C"
[791] "chr9_129439428_A_T_b38_A" "chr9_129439488_T_C_b38_T"
[793] "chr9_129439494_G_A_b38_G" "chr9_129439534_C_A_b38_C"
[795] "chr9_129439607_T_A_b38_T" "chr9_129439618_T_C_b38_T"
[797] "chr9_129439640_C_T_b38_C" "chr9_129439664_C_A_b38_C"
[799] "chr9_129439685_T_A_b38_T" "chr9_129439697_G_A_b38_G"
[801] "chr9_129439701_G_T_b38_G" "chr9_129439709_T_C_b38_T"
[803] "chr9_129439710_G_A_b38_G" "chr9_129439724_G_A_b38_G"
[805] "chr9_129439734_C_A_b38_C" "chr9_129439741_A_G_b38_A"
[807] "chr9_129439746_T_C_b38_T" "chr9_129439763_T_G_b38_T"
[809] "chr9_129439766_C_G_b38_C" "chr9_129440307_A_G_b38_A"
[811] "chr9_129440334_C_T_b38_C" "chr9_129440338_T_C_b38_T"
[813] "chr9_129440339_G_A_b38_G" "chr9_129440395_T_C_b38_T"
[815] "chr9_129440415_A_G_b38_A" "chr9_129440420_T_G_b38_T"
[817] "chr9_129440440_G_C_b38_G" "chr9_129440448_T_C_b38_T"
[819] "chr9_129440449_G_A_b38_G" "chr9_129440466_G_A_b38_G"
[821] "chr9_129440486_A_G_b38_A" "chr9_129440509_A_C_b38_A"
[823] "chr9_129440515_C_T_b38_C" "chr9_129440516_A_G_b38_A"
[825] "chr9_129440604_G_A_b38_G" "chr9_129440607_A_G_b38_A"
[827] "chr9_129440613_G_A_b38_G" "chr9_129440621_C_T_b38_C"
[829] "chr9_129440643_G_A_b38_G" "chr9_129441012_G_C_b38_G"
[831] "chr9_129441077_G_C_b38_G" "chr9_129441078_C_A_b38_C"
[833] "chr9_129441093_A_G_b38_A" "chr9_129441099_T_A_b38_T"
[835] "chr9_129441109_C_T_b38_C" "chr9_129441118_C_G_b38_C"
[837] "chr9_129441153_T_C_b38_T" "chr9_129441158_C_T_b38_C"
[839] "chr9_129441192_G_A_b38_G" "chr9_129441211_G_T_b38_G"
[841] "chr9_129441272_T_C_b38_T" "chr9_129441278_C_G_b38_C"
[843] "chr9_129441301_A_G_b38_A" "chr9_129441309_C_T_b38_C"
[845] "chr9_129441310_A_G_b38_A" "chr9_129441320_G_A_b38_G"
[847] "chr9_129441339_C_G_b38_C" "chr9_129441349_A_T_b38_A"
[849] "chr9_129441372_G_A_b38_G" "chr9_129441380_C_T_b38_C"
[851] "chr9_129441383_C_A_b38_C" "chr9_129441387_G_A_b38_G"
[853] "chr9_129441399_G_A_b38_G" "chr9_129441402_A_G_b38_A"
[855] "chr9_129441768_C_T_b38_C" "chr9_129441769_A_G_b38_A"
[857] "chr9_129441780_T_G_b38_T" "chr9_129441786_T_C_b38_T"
[859] "chr9_129441789_C_T_b38_C" "chr9_129441798_T_C_b38_T"
[861] "chr9_129441807_G_A_b38_G" "chr9_129441814_G_C_b38_G"
[863] "chr9_129441847_G_A_b38_G" "chr9_129441851_C_T_b38_C"
[865] "chr9_129441866_A_G_b38_A" "chr9_129441881_A_G_b38_A"
[867] "chr9_129441901_A_G_b38_A" "chr9_129441937_T_C_b38_T"
[869] "chr9_129441941_A_T_b38_A" "chr9_129441959_C_T_b38_C"
[871] "chr9_129442030_C_G_b38_C" "chr9_129442035_G_A_b38_G"
[873] "chr9_129442051_G_A_b38_G" "chr9_129442059_A_G_b38_A"
[875] "chr9_129442092_T_C_b38_T" "chr9_129442111_T_C_b38_T"
[877] "chr9_129442701_C_A_b38_C" "chr9_129442746_C_T_b38_C"
[879] "chr9_129442757_C_A_b38_C" "chr9_129442759_A_G_b38_A"
[881] "chr9_129442775_C_T_b38_C" "chr9_129442785_C_T_b38_C"
[883] "chr9_129442809_G_T_b38_G" "chr9_129442810_C_G_b38_C"
[885] "chr9_129442815_G_A_b38_G" "chr9_129442832_A_G_b38_A"
[887] "chr9_129442835_C_T_b38_C" "chr9_129442838_T_C_b38_T"
[889] "chr9_129442842_C_T_b38_C" "chr9_129442889_T_C_b38_T"
[891] "chr9_129443106_G_A_b38_G" "chr9_129443125_T_C_b38_T"
[893] "chr9_129443132_T_C_b38_T" "chr9_129443144_T_C_b38_T"
[895] "chr9_129443145_C_G_b38_C" "chr9_129443158_C_T_b38_C"
[897] "chr9_129443167_G_A_b38_G" "chr9_129443193_C_G_b38_C"
[899] "chr9_129443257_G_A_b38_G" "chr9_129443300_C_T_b38_C"
[901] "chr9_129443301_C_T_b38_C" "chr9_129443308_T_C_b38_T"
[903] "chr9_129443314_C_T_b38_C" "chr9_129443315_A_G_b38_A"
[905] "chr9_129443319_C_T_b38_C" "chr9_129443350_G_C_b38_G"
[907] "chr9_129443427_T_C_b38_T" "chr9_129443458_A_G_b38_A"
[909] "chr9_129443471_A_C_b38_A" "chr9_129443483_A_G_b38_A"
[911] "chr9_129443501_C_T_b38_C" "chr9_129443502_A_G_b38_A"
[913] "chr9_129443564_G_A_b38_G" "chr9_129443567_T_C_b38_T"
[915] "chr9_129443573_G_T_b38_G" "chr9_129443592_G_A_b38_G"
[917] "chr9_129443596_T_A_b38_T" "chr9_129443607_C_A_b38_C"
[919] "chr9_129443633_T_A_b38_T" "chr9_129443636_T_G_b38_T"
[921] "chr9_129443669_A_G_b38_A" "chr9_129443761_G_A_b38_G"
[923] "chr9_129443765_C_T_b38_C" "chr9_129443774_T_C_b38_T"
[925] "chr9_129443775_G_A_b38_G" "chr9_129443787_C_T_b38_C"
[927] "chr9_129443867_G_A_b38_G" "chr9_129443906_C_T_b38_C"
[929] "chr9_129443929_A_T_b38_A" "chr9_129443962_G_A_b38_G"
[931] "chr9_129443988_C_T_b38_C" "chr9_129443998_C_A_b38_C"
[933] "chr9_129444000_T_C_b38_T" "chr9_129444001_G_A_b38_G"
[935] "chr9_129444016_T_C_b38_T" "chr9_129444017_G_A_b38_G"
[937] "chr9_129467047_T_G_b38_T" "chr9_129478769_A_G_b38_A"
[939] "chr9_129596548_T_C_b38_T"
39 SNP(s) removed because HWE P < 1e-08 :
 [1] "chr22_49765666_G_C_b38_G" "chr22_49770965_G_C_b38_G"
 [3] "chr22_49837507_C_G_b38_C" "chr22_49846939_C_A_b38_C"
 [5] "chr22_49848251_T_C_b38_T" "chr22_49872508_G_A_b38_G"
 [7] "chr22_49880142_T_C_b38_T" "chr22_49880243_G_T_b38_G"
 [9] "chr22_49883047_G_C_b38_G" "chr22_49894697_A_G_b38_A"
[11] "chr22_49906790_T_C_b38_T" "chr22_49921580_T_C_b38_T"
[13] "chr22_49921715_C_A_b38_C" "chr22_49973759_T_C_b38_T"
[15] "chr22_50013858_A_C_b38_A" "chr22_50357867_G_A_b38_G"
[17] "chr22_50371703_G_C_b38_G" "chr22_50418711_G_A_b38_G"
[19] "chr22_50424402_A_C_b38_A" "chr22_50424421_C_A_b38_C"
[21] "chr22_50424423_C_T_b38_C" "chr22_50495487_G_A_b38_G"
[23] "chr22_50495498_T_C_b38_T" "chr22_50495499_G_A_b38_G"
[25] "chr22_50508159_C_G_b38_C" "chr22_50509182_A_G_b38_A"
[27] "chr22_50509488_T_C_b38_T" "chr22_50509962_A_G_b38_A"
[29] "chr22_50510817_C_T_b38_C" "chr22_50510967_T_C_b38_T"
[31] "chr22_50511806_T_C_b38_T" "chr22_50512014_T_C_b38_T"
[33] "chr22_50512298_G_A_b38_G" "chr22_50512549_T_G_b38_T"
[35] "chr22_50513313_G_C_b38_G" "chr22_50513793_G_A_b38_G"
[37] "chr22_50542614_C_T_b38_C" "chr22_50542624_A_T_b38_A"
[39] "chr22_50712000_C_T_b38_C"
49 SNP(s) removed because HWE P < 1e-08 :
 [1] "chr19_51083323_T_G_b38_T" "chr19_51107599_A_G_b38_A"
 [3] "chr19_51107741_T_G_b38_T" "chr19_51108006_G_A_b38_G"
 [5] "chr19_51116302_T_C_b38_T" "chr19_51120922_T_G_b38_T"
 [7] "chr19_51121015_T_G_b38_T" "chr19_51121279_T_C_b38_T"
 [9] "chr19_51121832_A_C_b38_A" "chr19_51121942_T_C_b38_T"
[11] "chr19_51122379_A_G_b38_A" "chr19_51122568_A_G_b38_A"
[13] "chr19_51122642_G_C_b38_G" "chr19_51123685_A_G_b38_A"
[15] "chr19_51136723_A_G_b38_A" "chr19_51172375_T_C_b38_T"
[17] "chr19_51173311_A_G_b38_A" "chr19_51173876_T_C_b38_T"
[19] "chr19_51184134_C_T_b38_C" "chr19_51201503_A_G_b38_A"
[21] "chr19_51208344_T_C_b38_T" "chr19_51208365_C_T_b38_C"
[23] "chr19_51212754_T_C_b38_T" "chr19_51235665_T_C_b38_T"
[25] "chr19_51251278_A_C_b38_A" "chr19_51280161_A_G_b38_A"
[27] "chr19_51280387_C_T_b38_C" "chr19_51281207_G_A_b38_G"
[29] "chr19_51282770_C_G_b38_C" "chr19_51283428_T_C_b38_T"
[31] "chr19_51284112_C_T_b38_C" "chr19_51284184_A_C_b38_A"
[33] "chr19_51285176_C_A_b38_C" "chr19_51285861_G_A_b38_G"
[35] "chr19_51287738_T_C_b38_T" "chr19_51290510_A_C_b38_A"
[37] "chr19_51291857_T_G_b38_T" "chr19_51293045_T_C_b38_T"
[39] "chr19_51298175_C_T_b38_C" "chr19_51358092_C_G_b38_C"
[41] "chr19_51447917_C_T_b38_C" "chr19_51447928_A_G_b38_A"
[43] "chr19_51448049_T_G_b38_T" "chr19_51457686_A_G_b38_A"
[45] "chr19_51780129_T_C_b38_T" "chr19_51780359_A_G_b38_A"
[47] "chr19_51848424_G_A_b38_G" "chr19_51875933_G_A_b38_G"
[49] "chr19_51876393_G_A_b38_G"
39 SNP(s) removed because HWE P < 1e-08 :
 [1] "chr22_49765666_G_C_b38_G" "chr22_49770965_G_C_b38_G"
 [3] "chr22_49837507_C_G_b38_C" "chr22_49846939_C_A_b38_C"
 [5] "chr22_49848251_T_C_b38_T" "chr22_49872508_G_A_b38_G"
 [7] "chr22_49880142_T_C_b38_T" "chr22_49880243_G_T_b38_G"
 [9] "chr22_49883047_G_C_b38_G" "chr22_49894697_A_G_b38_A"
[11] "chr22_49906790_T_C_b38_T" "chr22_49921580_T_C_b38_T"
[13] "chr22_49921715_C_A_b38_C" "chr22_49973759_T_C_b38_T"
[15] "chr22_50013858_A_C_b38_A" "chr22_50357867_G_A_b38_G"
[17] "chr22_50371703_G_C_b38_G" "chr22_50418711_G_A_b38_G"
[19] "chr22_50424402_A_C_b38_A" "chr22_50424421_C_A_b38_C"
[21] "chr22_50424423_C_T_b38_C" "chr22_50495487_G_A_b38_G"
[23] "chr22_50495498_T_C_b38_T" "chr22_50495499_G_A_b38_G"
[25] "chr22_50508159_C_G_b38_C" "chr22_50509182_A_G_b38_A"
[27] "chr22_50509488_T_C_b38_T" "chr22_50509962_A_G_b38_A"
[29] "chr22_50510817_C_T_b38_C" "chr22_50510967_T_C_b38_T"
[31] "chr22_50511806_T_C_b38_T" "chr22_50512014_T_C_b38_T"
[33] "chr22_50512298_G_A_b38_G" "chr22_50512549_T_G_b38_T"
[35] "chr22_50513313_G_C_b38_G" "chr22_50513793_G_A_b38_G"
[37] "chr22_50542614_C_T_b38_C" "chr22_50542624_A_T_b38_A"
[39] "chr22_50712000_C_T_b38_C"
51 SNP(s) removed because HWE P < 1e-08 :
 [1] "chr19_50749708_G_C_b38_G" "chr19_50842031_A_G_b38_A"
 [3] "chr19_50896788_T_C_b38_T" "chr19_50897100_A_G_b38_A"
 [5] "chr19_50897145_C_T_b38_C" "chr19_50948431_C_T_b38_C"
 [7] "chr19_50957933_A_G_b38_A" "chr19_51083323_T_G_b38_T"
 [9] "chr19_51107599_A_G_b38_A" "chr19_51107741_T_G_b38_T"
[11] "chr19_51108006_G_A_b38_G" "chr19_51116302_T_C_b38_T"
[13] "chr19_51120922_T_G_b38_T" "chr19_51121015_T_G_b38_T"
[15] "chr19_51121279_T_C_b38_T" "chr19_51121832_A_C_b38_A"
[17] "chr19_51121942_T_C_b38_T" "chr19_51122379_A_G_b38_A"
[19] "chr19_51122568_A_G_b38_A" "chr19_51122642_G_C_b38_G"
[21] "chr19_51123685_A_G_b38_A" "chr19_51136723_A_G_b38_A"
[23] "chr19_51172375_T_C_b38_T" "chr19_51173311_A_G_b38_A"
[25] "chr19_51173876_T_C_b38_T" "chr19_51184134_C_T_b38_C"
[27] "chr19_51201503_A_G_b38_A" "chr19_51208344_T_C_b38_T"
[29] "chr19_51208365_C_T_b38_C" "chr19_51212754_T_C_b38_T"
[31] "chr19_51235665_T_C_b38_T" "chr19_51251278_A_C_b38_A"
[33] "chr19_51280161_A_G_b38_A" "chr19_51280387_C_T_b38_C"
[35] "chr19_51281207_G_A_b38_G" "chr19_51282770_C_G_b38_C"
[37] "chr19_51283428_T_C_b38_T" "chr19_51284112_C_T_b38_C"
[39] "chr19_51284184_A_C_b38_A" "chr19_51285176_C_A_b38_C"
[41] "chr19_51285861_G_A_b38_G" "chr19_51287738_T_C_b38_T"
[43] "chr19_51290510_A_C_b38_A" "chr19_51291857_T_G_b38_T"
[45] "chr19_51293045_T_C_b38_T" "chr19_51298175_C_T_b38_C"
[47] "chr19_51358092_C_G_b38_C" "chr19_51447917_C_T_b38_C"
[49] "chr19_51447928_A_G_b38_A" "chr19_51448049_T_G_b38_T"
[51] "chr19_51457686_A_G_b38_A"
22 SNP(s) removed because HWE P < 1e-08 :
 [1] "chr4_8044692_G_T_b38_G" "chr4_8044693_A_C_b38_A" "chr4_8059763_G_A_b38_G"
 [4] "chr4_8100031_G_T_b38_G" "chr4_8100581_C_T_b38_C" "chr4_8306668_C_G_b38_C"
 [7] "chr4_8557849_T_C_b38_T" "chr4_8557938_A_C_b38_A" "chr4_8557958_G_A_b38_G"
[10] "chr4_8557961_C_T_b38_C" "chr4_8585626_A_G_b38_A" "chr4_8603756_G_C_b38_G"
[13] "chr4_8632004_T_A_b38_T" "chr4_8632045_A_G_b38_A" "chr4_8635779_A_G_b38_A"
[16] "chr4_8655103_T_G_b38_T" "chr4_8655200_C_G_b38_C" "chr4_8656155_G_C_b38_G"
[19] "chr4_8659539_G_A_b38_G" "chr4_8661217_T_G_b38_T" "chr4_8674262_C_G_b38_C"
[22] "chr4_8677036_C_A_b38_C"
32 SNP(s) removed because HWE P < 1e-08 :
 [1] "chr19_17504800_T_C_b38_T" "chr19_17504915_T_C_b38_T"
 [3] "chr19_17583443_G_T_b38_G" "chr19_17666011_C_T_b38_C"
 [5] "chr19_17666078_T_C_b38_T" "chr19_17847808_C_T_b38_C"
 [7] "chr19_17847968_T_C_b38_T" "chr19_17901200_G_T_b38_G"
 [9] "chr19_17908396_T_C_b38_T" "chr19_17924720_G_T_b38_G"
[11] "chr19_17928630_T_C_b38_T" "chr19_18036796_G_A_b38_G"
[13] "chr19_18037080_A_T_b38_A" "chr19_18037381_T_C_b38_T"
[15] "chr19_18037783_T_C_b38_T" "chr19_18039165_G_A_b38_G"
[17] "chr19_18039479_C_T_b38_C" "chr19_18039995_T_C_b38_T"
[19] "chr19_18040092_T_C_b38_T" "chr19_18040429_G_T_b38_G"
[21] "chr19_18040432_G_T_b38_G" "chr19_18042127_C_T_b38_C"
[23] "chr19_18042885_A_G_b38_A" "chr19_18043992_G_C_b38_G"
[25] "chr19_18044231_C_G_b38_C" "chr19_18044266_G_C_b38_G"
[27] "chr19_18251693_G_C_b38_G" "chr19_18260387_C_T_b38_C"
[29] "chr19_18262150_C_G_b38_C" "chr19_18265699_G_A_b38_G"
[31] "chr19_18265970_T_C_b38_T" "chr19_18267871_C_A_b38_C"
49 SNP(s) removed because HWE P < 1e-08 :
 [1] "chr19_51083323_T_G_b38_T" "chr19_51107599_A_G_b38_A"
 [3] "chr19_51107741_T_G_b38_T" "chr19_51108006_G_A_b38_G"
 [5] "chr19_51116302_T_C_b38_T" "chr19_51120922_T_G_b38_T"
 [7] "chr19_51121015_T_G_b38_T" "chr19_51121279_T_C_b38_T"
 [9] "chr19_51121832_A_C_b38_A" "chr19_51121942_T_C_b38_T"
[11] "chr19_51122379_A_G_b38_A" "chr19_51122568_A_G_b38_A"
[13] "chr19_51122642_G_C_b38_G" "chr19_51123685_A_G_b38_A"
[15] "chr19_51136723_A_G_b38_A" "chr19_51172375_T_C_b38_T"
[17] "chr19_51173311_A_G_b38_A" "chr19_51173876_T_C_b38_T"
[19] "chr19_51184134_C_T_b38_C" "chr19_51201503_A_G_b38_A"
[21] "chr19_51208344_T_C_b38_T" "chr19_51208365_C_T_b38_C"
[23] "chr19_51212754_T_C_b38_T" "chr19_51235665_T_C_b38_T"
[25] "chr19_51251278_A_C_b38_A" "chr19_51280161_A_G_b38_A"
[27] "chr19_51280387_C_T_b38_C" "chr19_51281207_G_A_b38_G"
[29] "chr19_51282770_C_G_b38_C" "chr19_51283428_T_C_b38_T"
[31] "chr19_51284112_C_T_b38_C" "chr19_51284184_A_C_b38_A"
[33] "chr19_51285176_C_A_b38_C" "chr19_51285861_G_A_b38_G"
[35] "chr19_51287738_T_C_b38_T" "chr19_51290510_A_C_b38_A"
[37] "chr19_51291857_T_G_b38_T" "chr19_51293045_T_C_b38_T"
[39] "chr19_51298175_C_T_b38_C" "chr19_51358092_C_G_b38_C"
[41] "chr19_51447917_C_T_b38_C" "chr19_51447928_A_G_b38_A"
[43] "chr19_51448049_T_G_b38_T" "chr19_51457686_A_G_b38_A"
[45] "chr19_51780129_T_C_b38_T" "chr19_51780359_A_G_b38_A"
[47] "chr19_51848424_G_A_b38_G" "chr19_51875933_G_A_b38_G"
[49] "chr19_51876393_G_A_b38_G"
6 SNP(s) removed because HWE P < 1e-08 :
[1] "chr13_29549344_C_T_b38_C" "chr13_29949626_G_C_b38_G"
[3] "chr13_30062346_T_C_b38_T" "chr13_30062379_G_C_b38_G"
[5] "chr13_30121793_C_T_b38_C" "chr13_30160356_C_T_b38_C"
6 SNP(s) removed because HWE P < 1e-08 :
[1] "chr17_28439190_A_C_b38_A" "chr17_28439714_T_C_b38_T"
[3] "chr17_28441937_G_A_b38_G" "chr17_28452019_C_T_b38_C"
[5] "chr17_28452207_C_G_b38_C" "chr17_28459762_C_A_b38_C"
32 SNP(s) removed because HWE P < 1e-08 :
 [1] "chr19_17504800_T_C_b38_T" "chr19_17504915_T_C_b38_T"
 [3] "chr19_17583443_G_T_b38_G" "chr19_17666011_C_T_b38_C"
 [5] "chr19_17666078_T_C_b38_T" "chr19_17847808_C_T_b38_C"
 [7] "chr19_17847968_T_C_b38_T" "chr19_17901200_G_T_b38_G"
 [9] "chr19_17908396_T_C_b38_T" "chr19_17924720_G_T_b38_G"
[11] "chr19_17928630_T_C_b38_T" "chr19_18036796_G_A_b38_G"
[13] "chr19_18037080_A_T_b38_A" "chr19_18037381_T_C_b38_T"
[15] "chr19_18037783_T_C_b38_T" "chr19_18039165_G_A_b38_G"
[17] "chr19_18039479_C_T_b38_C" "chr19_18039995_T_C_b38_T"
[19] "chr19_18040092_T_C_b38_T" "chr19_18040429_G_T_b38_G"
[21] "chr19_18040432_G_T_b38_G" "chr19_18042127_C_T_b38_C"
[23] "chr19_18042885_A_G_b38_A" "chr19_18043992_G_C_b38_G"
[25] "chr19_18044231_C_G_b38_C" "chr19_18044266_G_C_b38_G"
[27] "chr19_18251693_G_C_b38_G" "chr19_18260387_C_T_b38_C"
[29] "chr19_18262150_C_G_b38_C" "chr19_18265699_G_A_b38_G"
[31] "chr19_18265970_T_C_b38_T" "chr19_18267871_C_A_b38_C"
37 SNP(s) removed because HWE P < 1e-08 :
 [1] "chr16_24109784_G_A_b38_G" "chr16_24227690_G_C_b38_G"
 [3] "chr16_24233628_G_C_b38_G" "chr16_24496566_C_T_b38_C"
 [5] "chr16_24496764_C_A_b38_C" "chr16_24499309_C_T_b38_C"
 [7] "chr16_24870481_A_C_b38_A" "chr16_24873006_G_A_b38_G"
 [9] "chr16_24884357_A_G_b38_A" "chr16_24917601_A_G_b38_A"
[11] "chr16_24917765_G_A_b38_G" "chr16_24917986_T_C_b38_T"
[13] "chr16_24919227_T_C_b38_T" "chr16_24920477_C_T_b38_C"
[15] "chr16_24920573_A_G_b38_A" "chr16_24921599_T_C_b38_T"
[17] "chr16_24923143_G_T_b38_G" "chr16_24924245_T_C_b38_T"
[19] "chr16_24924716_A_T_b38_A" "chr16_24925306_A_G_b38_A"
[21] "chr16_24927264_T_C_b38_T" "chr16_24932825_T_C_b38_T"
[23] "chr16_24940578_A_G_b38_A" "chr16_24943087_G_A_b38_G"
[25] "chr16_24943465_A_G_b38_A" "chr16_24945135_A_G_b38_A"
[27] "chr16_24945229_T_G_b38_T" "chr16_24945237_A_C_b38_A"
[29] "chr16_24947347_A_C_b38_A" "chr16_24947664_G_A_b38_G"
[31] "chr16_24948730_C_G_b38_C" "chr16_24950568_T_C_b38_T"
[33] "chr16_24952718_T_C_b38_T" "chr16_24953197_T_C_b38_T"
[35] "chr16_24953395_G_T_b38_G" "chr16_24953714_C_T_b38_C"
[37] "chr16_24955202_T_C_b38_T"
52 SNP(s) removed because HWE P < 1e-08 :
 [1] "chr7_44635448_G_C_b38_G" "chr7_44643339_G_A_b38_G"
 [3] "chr7_44646898_G_A_b38_G" "chr7_44651148_G_C_b38_G"
 [5] "chr7_44654298_G_T_b38_G" "chr7_44656126_T_C_b38_T"
 [7] "chr7_44659160_T_C_b38_T" "chr7_44661806_G_T_b38_G"
 [9] "chr7_44662096_T_A_b38_T" "chr7_44662412_A_T_b38_A"
[11] "chr7_44664686_G_T_b38_G" "chr7_44665694_A_G_b38_A"
[13] "chr7_44666156_G_A_b38_G" "chr7_44668255_C_T_b38_C"
[15] "chr7_44669822_A_G_b38_A" "chr7_44672932_C_T_b38_C"
[17] "chr7_44673665_A_G_b38_A" "chr7_44674092_G_A_b38_G"
[19] "chr7_44674245_G_A_b38_G" "chr7_44675734_G_A_b38_G"
[21] "chr7_44677686_C_T_b38_C" "chr7_44685968_G_A_b38_G"
[23] "chr7_44687221_C_T_b38_C" "chr7_44690536_G_A_b38_G"
[25] "chr7_44690685_C_T_b38_C" "chr7_44694724_C_G_b38_C"
[27] "chr7_44698323_G_A_b38_G" "chr7_44703745_G_A_b38_G"
[29] "chr7_44704507_C_T_b38_C" "chr7_44705000_T_C_b38_T"
[31] "chr7_44707900_G_A_b38_G" "chr7_44708304_T_C_b38_T"
[33] "chr7_44708852_G_A_b38_G" "chr7_44709827_C_T_b38_C"
[35] "chr7_44710480_T_C_b38_T" "chr7_44710628_T_C_b38_T"
[37] "chr7_44711090_A_G_b38_A" "chr7_44712501_A_G_b38_A"
[39] "chr7_44713423_T_C_b38_T" "chr7_44715358_T_G_b38_T"
[41] "chr7_44716512_T_C_b38_T" "chr7_44717564_T_C_b38_T"
[43] "chr7_44719057_C_T_b38_C" "chr7_44719182_T_C_b38_T"
[45] "chr7_44719590_G_A_b38_G" "chr7_44720027_G_A_b38_G"
[47] "chr7_44721917_A_G_b38_A" "chr7_44992646_T_C_b38_T"
[49] "chr7_45123819_C_T_b38_C" "chr7_45140450_A_G_b38_A"
[51] "chr7_45141526_A_T_b38_A" "chr7_45210786_C_G_b38_C"
37 SNP(s) removed because HWE P < 1e-08 :
 [1] "chr16_24109784_G_A_b38_G" "chr16_24227690_G_C_b38_G"
 [3] "chr16_24233628_G_C_b38_G" "chr16_24496566_C_T_b38_C"
 [5] "chr16_24496764_C_A_b38_C" "chr16_24499309_C_T_b38_C"
 [7] "chr16_24870481_A_C_b38_A" "chr16_24873006_G_A_b38_G"
 [9] "chr16_24884357_A_G_b38_A" "chr16_24917601_A_G_b38_A"
[11] "chr16_24917765_G_A_b38_G" "chr16_24917986_T_C_b38_T"
[13] "chr16_24919227_T_C_b38_T" "chr16_24920477_C_T_b38_C"
[15] "chr16_24920573_A_G_b38_A" "chr16_24921599_T_C_b38_T"
[17] "chr16_24923143_G_T_b38_G" "chr16_24924245_T_C_b38_T"
[19] "chr16_24924716_A_T_b38_A" "chr16_24925306_A_G_b38_A"
[21] "chr16_24927264_T_C_b38_T" "chr16_24932825_T_C_b38_T"
[23] "chr16_24940578_A_G_b38_A" "chr16_24943087_G_A_b38_G"
[25] "chr16_24943465_A_G_b38_A" "chr16_24945135_A_G_b38_A"
[27] "chr16_24945229_T_G_b38_T" "chr16_24945237_A_C_b38_A"
[29] "chr16_24947347_A_C_b38_A" "chr16_24947664_G_A_b38_G"
[31] "chr16_24948730_C_G_b38_C" "chr16_24950568_T_C_b38_T"
[33] "chr16_24952718_T_C_b38_T" "chr16_24953197_T_C_b38_T"
[35] "chr16_24953395_G_T_b38_G" "chr16_24953714_C_T_b38_C"
[37] "chr16_24955202_T_C_b38_T"
74 SNP(s) removed because HWE P < 1e-08 :
 [1] "chr21_31920396_G_A_b38_G" "chr21_31935565_G_C_b38_G"
 [3] "chr21_31935580_T_G_b38_T" "chr21_32134286_A_T_b38_A"
 [5] "chr21_32238948_G_A_b38_G" "chr21_32250914_C_T_b38_C"
 [7] "chr21_32311415_A_C_b38_A" "chr21_32410343_C_T_b38_C"
 [9] "chr21_32432979_G_A_b38_G" "chr21_32432987_A_C_b38_A"
[11] "chr21_32432995_G_A_b38_G" "chr21_32433065_T_A_b38_T"
[13] "chr21_32433084_C_T_b38_C" "chr21_32433553_G_A_b38_G"
[15] "chr21_32433554_C_G_b38_C" "chr21_32433562_T_C_b38_T"
[17] "chr21_32433629_A_G_b38_A" "chr21_32433656_G_A_b38_G"
[19] "chr21_32433663_A_T_b38_A" "chr21_32434706_A_G_b38_A"
[21] "chr21_32434713_T_C_b38_T" "chr21_32434721_A_C_b38_A"
[23] "chr21_32434746_A_C_b38_A" "chr21_32434842_G_A_b38_G"
[25] "chr21_32434867_C_T_b38_C" "chr21_32434878_G_A_b38_G"
[27] "chr21_32434919_T_G_b38_T" "chr21_32434927_C_T_b38_C"
[29] "chr21_32434967_T_G_b38_T" "chr21_32434971_T_C_b38_T"
[31] "chr21_32434992_T_C_b38_T" "chr21_32435003_T_G_b38_T"
[33] "chr21_32435004_T_C_b38_T" "chr21_32435117_A_G_b38_A"
[35] "chr21_32435125_T_C_b38_T" "chr21_32435126_G_C_b38_G"
[37] "chr21_32435133_C_A_b38_C" "chr21_32435360_C_T_b38_C"
[39] "chr21_32435400_A_G_b38_A" "chr21_32435408_T_C_b38_T"
[41] "chr21_32435414_A_G_b38_A" "chr21_32435436_C_T_b38_C"
[43] "chr21_32435462_C_T_b38_C" "chr21_32435661_G_C_b38_G"
[45] "chr21_32435666_T_G_b38_T" "chr21_32435667_A_G_b38_A"
[47] "chr21_32435716_C_T_b38_C" "chr21_32435721_G_A_b38_G"
[49] "chr21_32435728_T_C_b38_T" "chr21_32435763_C_T_b38_C"
[51] "chr21_32435766_A_C_b38_A" "chr21_32435898_C_T_b38_C"
[53] "chr21_32435949_T_A_b38_T" "chr21_32435990_T_A_b38_T"
[55] "chr21_32436019_G_A_b38_G" "chr21_32436447_T_A_b38_T"
[57] "chr21_32436465_A_C_b38_A" "chr21_32436477_T_A_b38_T"
[59] "chr21_32436484_T_C_b38_T" "chr21_32436539_G_A_b38_G"
[61] "chr21_32436627_G_A_b38_G" "chr21_32436628_G_A_b38_G"
[63] "chr21_32436637_A_G_b38_A" "chr21_32436702_C_T_b38_C"
[65] "chr21_32436736_G_A_b38_G" "chr21_32436746_A_G_b38_A"
[67] "chr21_32437187_G_C_b38_G" "chr21_32437224_A_G_b38_A"
[69] "chr21_32437249_C_A_b38_C" "chr21_32437250_G_A_b38_G"
[71] "chr21_32437258_C_G_b38_C" "chr21_32621877_A_T_b38_A"
[73] "chr21_32660622_A_G_b38_A" "chr21_32660624_C_T_b38_C"
22 SNP(s) removed because HWE P < 1e-08 :
 [1] "chr4_8044692_G_T_b38_G" "chr4_8044693_A_C_b38_A" "chr4_8059763_G_A_b38_G"
 [4] "chr4_8100031_G_T_b38_G" "chr4_8100581_C_T_b38_C" "chr4_8306668_C_G_b38_C"
 [7] "chr4_8557849_T_C_b38_T" "chr4_8557938_A_C_b38_A" "chr4_8557958_G_A_b38_G"
[10] "chr4_8557961_C_T_b38_C" "chr4_8585626_A_G_b38_A" "chr4_8603756_G_C_b38_G"
[13] "chr4_8632004_T_A_b38_T" "chr4_8632045_A_G_b38_A" "chr4_8635779_A_G_b38_A"
[16] "chr4_8655103_T_G_b38_T" "chr4_8655200_C_G_b38_C" "chr4_8656155_G_C_b38_G"
[19] "chr4_8659539_G_A_b38_G" "chr4_8661217_T_G_b38_T" "chr4_8674262_C_G_b38_C"
[22] "chr4_8677036_C_A_b38_C"
69 SNP(s) removed because HWE P < 1e-08 :
 [1] "chr8_81253423_T_C_b38_T" "chr8_81281143_C_T_b38_C"
 [3] "chr8_81289273_A_T_b38_A" "chr8_81297255_A_G_b38_A"
 [5] "chr8_81299436_C_T_b38_C" "chr8_81300344_T_C_b38_T"
 [7] "chr8_81325559_T_C_b38_T" "chr8_81327049_C_G_b38_C"
 [9] "chr8_81327156_T_G_b38_T" "chr8_81327252_A_G_b38_A"
[11] "chr8_81327333_T_C_b38_T" "chr8_81327394_A_G_b38_A"
[13] "chr8_81328362_A_G_b38_A" "chr8_81328531_C_A_b38_C"
[15] "chr8_81329064_T_A_b38_T" "chr8_81329094_T_G_b38_T"
[17] "chr8_81329957_C_T_b38_C" "chr8_81330786_A_G_b38_A"
[19] "chr8_81330873_T_C_b38_T" "chr8_81331043_A_C_b38_A"
[21] "chr8_81331131_T_C_b38_T" "chr8_81331608_C_T_b38_C"
[23] "chr8_81331614_C_T_b38_C" "chr8_81331709_T_G_b38_T"
[25] "chr8_81331864_A_G_b38_A" "chr8_81331877_C_T_b38_C"
[27] "chr8_81332098_G_A_b38_G" "chr8_81332283_A_G_b38_A"
[29] "chr8_81332524_C_T_b38_C" "chr8_81332904_A_T_b38_A"
[31] "chr8_81332906_C_T_b38_C" "chr8_81333125_G_A_b38_G"
[33] "chr8_81333194_G_T_b38_G" "chr8_81333216_T_C_b38_T"
[35] "chr8_81333791_C_T_b38_C" "chr8_81334313_T_C_b38_T"
[37] "chr8_81335686_A_G_b38_A" "chr8_81336303_C_T_b38_C"
[39] "chr8_81464464_C_T_b38_C" "chr8_81468508_A_T_b38_A"
[41] "chr8_81468888_A_G_b38_A" "chr8_81469332_T_C_b38_T"
[43] "chr8_81469415_G_A_b38_G" "chr8_81470506_G_A_b38_G"
[45] "chr8_81470621_C_T_b38_C" "chr8_81471159_T_G_b38_T"
[47] "chr8_81514819_A_C_b38_A" "chr8_81515555_C_T_b38_C"
[49] "chr8_81518769_T_C_b38_T" "chr8_81527961_G_T_b38_G"
[51] "chr8_81900677_A_T_b38_A" "chr8_81900680_C_T_b38_C"
[53] "chr8_81900761_G_T_b38_G" "chr8_81900762_G_A_b38_G"
[55] "chr8_81900773_G_A_b38_G" "chr8_81900776_G_T_b38_G"
[57] "chr8_81900779_T_C_b38_T" "chr8_81900782_C_T_b38_C"
[59] "chr8_81900783_T_C_b38_T" "chr8_81900784_G_A_b38_G"
[61] "chr8_81900789_T_C_b38_T" "chr8_81900796_C_G_b38_C"
[63] "chr8_81900800_G_C_b38_G" "chr8_82127185_G_A_b38_G"
[65] "chr8_82127192_C_G_b38_C" "chr8_82129772_G_C_b38_G"
[67] "chr8_82130336_C_T_b38_C" "chr8_82136891_C_T_b38_C"
[69] "chr8_82137774_C_G_b38_C"
22 SNP(s) removed because HWE P < 1e-08 :
 [1] "chr4_8044692_G_T_b38_G" "chr4_8044693_A_C_b38_A" "chr4_8059763_G_A_b38_G"
 [4] "chr4_8100031_G_T_b38_G" "chr4_8100581_C_T_b38_C" "chr4_8306668_C_G_b38_C"
 [7] "chr4_8557849_T_C_b38_T" "chr4_8557938_A_C_b38_A" "chr4_8557958_G_A_b38_G"
[10] "chr4_8557961_C_T_b38_C" "chr4_8585626_A_G_b38_A" "chr4_8603756_G_C_b38_G"
[13] "chr4_8632004_T_A_b38_T" "chr4_8632045_A_G_b38_A" "chr4_8635779_A_G_b38_A"
[16] "chr4_8655103_T_G_b38_T" "chr4_8655200_C_G_b38_C" "chr4_8656155_G_C_b38_G"
[19] "chr4_8659539_G_A_b38_G" "chr4_8661217_T_G_b38_T" "chr4_8674262_C_G_b38_C"
[22] "chr4_8677036_C_A_b38_C"
32 SNP(s) removed because HWE P < 1e-08 :
 [1] "chr19_17504800_T_C_b38_T" "chr19_17504915_T_C_b38_T"
 [3] "chr19_17583443_G_T_b38_G" "chr19_17666011_C_T_b38_C"
 [5] "chr19_17666078_T_C_b38_T" "chr19_17847808_C_T_b38_C"
 [7] "chr19_17847968_T_C_b38_T" "chr19_17901200_G_T_b38_G"
 [9] "chr19_17908396_T_C_b38_T" "chr19_17924720_G_T_b38_G"
[11] "chr19_17928630_T_C_b38_T" "chr19_18036796_G_A_b38_G"
[13] "chr19_18037080_A_T_b38_A" "chr19_18037381_T_C_b38_T"
[15] "chr19_18037783_T_C_b38_T" "chr19_18039165_G_A_b38_G"
[17] "chr19_18039479_C_T_b38_C" "chr19_18039995_T_C_b38_T"
[19] "chr19_18040092_T_C_b38_T" "chr19_18040429_G_T_b38_G"
[21] "chr19_18040432_G_T_b38_G" "chr19_18042127_C_T_b38_C"
[23] "chr19_18042885_A_G_b38_A" "chr19_18043992_G_C_b38_G"
[25] "chr19_18044231_C_G_b38_C" "chr19_18044266_G_C_b38_G"
[27] "chr19_18251693_G_C_b38_G" "chr19_18260387_C_T_b38_C"
[29] "chr19_18262150_C_G_b38_C" "chr19_18265699_G_A_b38_G"
[31] "chr19_18265970_T_C_b38_T" "chr19_18267871_C_A_b38_C"
39 SNP(s) removed because HWE P < 1e-08 :
 [1] "chr22_49765666_G_C_b38_G" "chr22_49770965_G_C_b38_G"
 [3] "chr22_49837507_C_G_b38_C" "chr22_49846939_C_A_b38_C"
 [5] "chr22_49848251_T_C_b38_T" "chr22_49872508_G_A_b38_G"
 [7] "chr22_49880142_T_C_b38_T" "chr22_49880243_G_T_b38_G"
 [9] "chr22_49883047_G_C_b38_G" "chr22_49894697_A_G_b38_A"
[11] "chr22_49906790_T_C_b38_T" "chr22_49921580_T_C_b38_T"
[13] "chr22_49921715_C_A_b38_C" "chr22_49973759_T_C_b38_T"
[15] "chr22_50013858_A_C_b38_A" "chr22_50357867_G_A_b38_G"
[17] "chr22_50371703_G_C_b38_G" "chr22_50418711_G_A_b38_G"
[19] "chr22_50424402_A_C_b38_A" "chr22_50424421_C_A_b38_C"
[21] "chr22_50424423_C_T_b38_C" "chr22_50495487_G_A_b38_G"
[23] "chr22_50495498_T_C_b38_T" "chr22_50495499_G_A_b38_G"
[25] "chr22_50508159_C_G_b38_C" "chr22_50509182_A_G_b38_A"
[27] "chr22_50509488_T_C_b38_T" "chr22_50509962_A_G_b38_A"
[29] "chr22_50510817_C_T_b38_C" "chr22_50510967_T_C_b38_T"
[31] "chr22_50511806_T_C_b38_T" "chr22_50512014_T_C_b38_T"
[33] "chr22_50512298_G_A_b38_G" "chr22_50512549_T_G_b38_T"
[35] "chr22_50513313_G_C_b38_G" "chr22_50513793_G_A_b38_G"
[37] "chr22_50542614_C_T_b38_C" "chr22_50542624_A_T_b38_A"
[39] "chr22_50712000_C_T_b38_C"
86 SNP(s) removed because HWE P < 1e-08 :
 [1] "chr11_12602581_C_A_b38_C" "chr11_12624958_C_A_b38_C"
 [3] "chr11_12709357_A_C_b38_A" "chr11_12711743_G_T_b38_G"
 [5] "chr11_12712147_G_A_b38_G" "chr11_12714195_C_T_b38_C"
 [7] "chr11_12714879_C_G_b38_C" "chr11_12715017_G_A_b38_G"
 [9] "chr11_12715147_C_T_b38_C" "chr11_12715325_A_G_b38_A"
[11] "chr11_12715946_C_T_b38_C" "chr11_12715993_T_C_b38_T"
[13] "chr11_12717103_G_A_b38_G" "chr11_12717141_C_A_b38_C"
[15] "chr11_12722267_A_G_b38_A" "chr11_12722492_G_A_b38_G"
[17] "chr11_12722623_A_G_b38_A" "chr11_12725406_G_A_b38_G"
[19] "chr11_12726375_G_A_b38_G" "chr11_12730213_C_A_b38_C"
[21] "chr11_12731602_A_G_b38_A" "chr11_12750963_G_C_b38_G"
[23] "chr11_12757747_T_C_b38_T" "chr11_12757888_G_T_b38_G"
[25] "chr11_12758617_C_T_b38_C" "chr11_12758709_T_C_b38_T"
[27] "chr11_12759469_G_A_b38_G" "chr11_12775522_G_C_b38_G"
[29] "chr11_12781165_A_G_b38_A" "chr11_12797262_G_A_b38_G"
[31] "chr11_12801705_T_G_b38_T" "chr11_12806545_C_T_b38_C"
[33] "chr11_12810221_C_T_b38_C" "chr11_12820345_A_C_b38_A"
[35] "chr11_12959220_G_C_b38_G" "chr11_13145421_T_C_b38_T"
[37] "chr11_13159063_A_T_b38_A" "chr11_13160043_T_C_b38_T"
[39] "chr11_13161191_T_G_b38_T" "chr11_13162034_C_T_b38_C"
[41] "chr11_13163679_G_A_b38_G" "chr11_13167486_A_G_b38_A"
[43] "chr11_13167824_C_G_b38_C" "chr11_13168039_T_G_b38_T"
[45] "chr11_13168424_A_T_b38_A" "chr11_13168751_C_A_b38_C"
[47] "chr11_13168868_C_G_b38_C" "chr11_13170516_C_T_b38_C"
[49] "chr11_13171300_T_A_b38_T" "chr11_13171711_G_C_b38_G"
[51] "chr11_13172324_A_C_b38_A" "chr11_13172527_T_C_b38_T"
[53] "chr11_13172742_G_A_b38_G" "chr11_13173008_G_A_b38_G"
[55] "chr11_13173311_A_C_b38_A" "chr11_13173332_G_A_b38_G"
[57] "chr11_13173916_G_A_b38_G" "chr11_13174617_C_T_b38_C"
[59] "chr11_13174658_A_G_b38_A" "chr11_13175460_G_T_b38_G"
[61] "chr11_13175491_T_C_b38_T" "chr11_13176427_A_G_b38_A"
[63] "chr11_13176535_G_A_b38_G" "chr11_13176583_C_T_b38_C"
[65] "chr11_13177356_T_C_b38_T" "chr11_13178288_C_T_b38_C"
[67] "chr11_13178878_C_T_b38_C" "chr11_13179392_C_G_b38_C"
[69] "chr11_13179991_G_A_b38_G" "chr11_13180396_T_C_b38_T"
[71] "chr11_13181122_C_T_b38_C" "chr11_13181132_T_A_b38_T"
[73] "chr11_13181163_T_G_b38_T" "chr11_13181254_G_A_b38_G"
[75] "chr11_13181293_C_T_b38_C" "chr11_13181360_G_A_b38_G"
[77] "chr11_13181664_A_G_b38_A" "chr11_13182114_G_A_b38_G"
[79] "chr11_13182203_G_A_b38_G" "chr11_13182610_C_T_b38_C"
[81] "chr11_13182823_T_C_b38_T" "chr11_13183287_G_A_b38_G"
[83] "chr11_13184213_G_A_b38_G" "chr11_13301971_T_C_b38_T"
[85] "chr11_13316281_G_A_b38_G" "chr11_13395112_C_G_b38_C"
74 SNP(s) removed because HWE P < 1e-08 :
 [1] "chr21_31920396_G_A_b38_G" "chr21_31935565_G_C_b38_G"
 [3] "chr21_31935580_T_G_b38_T" "chr21_32134286_A_T_b38_A"
 [5] "chr21_32238948_G_A_b38_G" "chr21_32250914_C_T_b38_C"
 [7] "chr21_32311415_A_C_b38_A" "chr21_32410343_C_T_b38_C"
 [9] "chr21_32432979_G_A_b38_G" "chr21_32432987_A_C_b38_A"
[11] "chr21_32432995_G_A_b38_G" "chr21_32433065_T_A_b38_T"
[13] "chr21_32433084_C_T_b38_C" "chr21_32433553_G_A_b38_G"
[15] "chr21_32433554_C_G_b38_C" "chr21_32433562_T_C_b38_T"
[17] "chr21_32433629_A_G_b38_A" "chr21_32433656_G_A_b38_G"
[19] "chr21_32433663_A_T_b38_A" "chr21_32434706_A_G_b38_A"
[21] "chr21_32434713_T_C_b38_T" "chr21_32434721_A_C_b38_A"
[23] "chr21_32434746_A_C_b38_A" "chr21_32434842_G_A_b38_G"
[25] "chr21_32434867_C_T_b38_C" "chr21_32434878_G_A_b38_G"
[27] "chr21_32434919_T_G_b38_T" "chr21_32434927_C_T_b38_C"
[29] "chr21_32434967_T_G_b38_T" "chr21_32434971_T_C_b38_T"
[31] "chr21_32434992_T_C_b38_T" "chr21_32435003_T_G_b38_T"
[33] "chr21_32435004_T_C_b38_T" "chr21_32435117_A_G_b38_A"
[35] "chr21_32435125_T_C_b38_T" "chr21_32435126_G_C_b38_G"
[37] "chr21_32435133_C_A_b38_C" "chr21_32435360_C_T_b38_C"
[39] "chr21_32435400_A_G_b38_A" "chr21_32435408_T_C_b38_T"
[41] "chr21_32435414_A_G_b38_A" "chr21_32435436_C_T_b38_C"
[43] "chr21_32435462_C_T_b38_C" "chr21_32435661_G_C_b38_G"
[45] "chr21_32435666_T_G_b38_T" "chr21_32435667_A_G_b38_A"
[47] "chr21_32435716_C_T_b38_C" "chr21_32435721_G_A_b38_G"
[49] "chr21_32435728_T_C_b38_T" "chr21_32435763_C_T_b38_C"
[51] "chr21_32435766_A_C_b38_A" "chr21_32435898_C_T_b38_C"
[53] "chr21_32435949_T_A_b38_T" "chr21_32435990_T_A_b38_T"
[55] "chr21_32436019_G_A_b38_G" "chr21_32436447_T_A_b38_T"
[57] "chr21_32436465_A_C_b38_A" "chr21_32436477_T_A_b38_T"
[59] "chr21_32436484_T_C_b38_T" "chr21_32436539_G_A_b38_G"
[61] "chr21_32436627_G_A_b38_G" "chr21_32436628_G_A_b38_G"
[63] "chr21_32436637_A_G_b38_A" "chr21_32436702_C_T_b38_C"
[65] "chr21_32436736_G_A_b38_G" "chr21_32436746_A_G_b38_A"
[67] "chr21_32437187_G_C_b38_G" "chr21_32437224_A_G_b38_A"
[69] "chr21_32437249_C_A_b38_C" "chr21_32437250_G_A_b38_G"
[71] "chr21_32437258_C_G_b38_C" "chr21_32621877_A_T_b38_A"
[73] "chr21_32660622_A_G_b38_A" "chr21_32660624_C_T_b38_C"
86 SNP(s) removed because HWE P < 1e-08 :
 [1] "chr11_12602581_C_A_b38_C" "chr11_12624958_C_A_b38_C"
 [3] "chr11_12709357_A_C_b38_A" "chr11_12711743_G_T_b38_G"
 [5] "chr11_12712147_G_A_b38_G" "chr11_12714195_C_T_b38_C"
 [7] "chr11_12714879_C_G_b38_C" "chr11_12715017_G_A_b38_G"
 [9] "chr11_12715147_C_T_b38_C" "chr11_12715325_A_G_b38_A"
[11] "chr11_12715946_C_T_b38_C" "chr11_12715993_T_C_b38_T"
[13] "chr11_12717103_G_A_b38_G" "chr11_12717141_C_A_b38_C"
[15] "chr11_12722267_A_G_b38_A" "chr11_12722492_G_A_b38_G"
[17] "chr11_12722623_A_G_b38_A" "chr11_12725406_G_A_b38_G"
[19] "chr11_12726375_G_A_b38_G" "chr11_12730213_C_A_b38_C"
[21] "chr11_12731602_A_G_b38_A" "chr11_12750963_G_C_b38_G"
[23] "chr11_12757747_T_C_b38_T" "chr11_12757888_G_T_b38_G"
[25] "chr11_12758617_C_T_b38_C" "chr11_12758709_T_C_b38_T"
[27] "chr11_12759469_G_A_b38_G" "chr11_12775522_G_C_b38_G"
[29] "chr11_12781165_A_G_b38_A" "chr11_12797262_G_A_b38_G"
[31] "chr11_12801705_T_G_b38_T" "chr11_12806545_C_T_b38_C"
[33] "chr11_12810221_C_T_b38_C" "chr11_12820345_A_C_b38_A"
[35] "chr11_12959220_G_C_b38_G" "chr11_13145421_T_C_b38_T"
[37] "chr11_13159063_A_T_b38_A" "chr11_13160043_T_C_b38_T"
[39] "chr11_13161191_T_G_b38_T" "chr11_13162034_C_T_b38_C"
[41] "chr11_13163679_G_A_b38_G" "chr11_13167486_A_G_b38_A"
[43] "chr11_13167824_C_G_b38_C" "chr11_13168039_T_G_b38_T"
[45] "chr11_13168424_A_T_b38_A" "chr11_13168751_C_A_b38_C"
[47] "chr11_13168868_C_G_b38_C" "chr11_13170516_C_T_b38_C"
[49] "chr11_13171300_T_A_b38_T" "chr11_13171711_G_C_b38_G"
[51] "chr11_13172324_A_C_b38_A" "chr11_13172527_T_C_b38_T"
[53] "chr11_13172742_G_A_b38_G" "chr11_13173008_G_A_b38_G"
[55] "chr11_13173311_A_C_b38_A" "chr11_13173332_G_A_b38_G"
[57] "chr11_13173916_G_A_b38_G" "chr11_13174617_C_T_b38_C"
[59] "chr11_13174658_A_G_b38_A" "chr11_13175460_G_T_b38_G"
[61] "chr11_13175491_T_C_b38_T" "chr11_13176427_A_G_b38_A"
[63] "chr11_13176535_G_A_b38_G" "chr11_13176583_C_T_b38_C"
[65] "chr11_13177356_T_C_b38_T" "chr11_13178288_C_T_b38_C"
[67] "chr11_13178878_C_T_b38_C" "chr11_13179392_C_G_b38_C"
[69] "chr11_13179991_G_A_b38_G" "chr11_13180396_T_C_b38_T"
[71] "chr11_13181122_C_T_b38_C" "chr11_13181132_T_A_b38_T"
[73] "chr11_13181163_T_G_b38_T" "chr11_13181254_G_A_b38_G"
[75] "chr11_13181293_C_T_b38_C" "chr11_13181360_G_A_b38_G"
[77] "chr11_13181664_A_G_b38_A" "chr11_13182114_G_A_b38_G"
[79] "chr11_13182203_G_A_b38_G" "chr11_13182610_C_T_b38_C"
[81] "chr11_13182823_T_C_b38_T" "chr11_13183287_G_A_b38_G"
[83] "chr11_13184213_G_A_b38_G" "chr11_13301971_T_C_b38_T"
[85] "chr11_13316281_G_A_b38_G" "chr11_13395112_C_G_b38_C"
4 SNP(s) removed because HWE P < 1e-08 :
[1] "chr5_163006321_G_C_b38_G" "chr5_163010219_A_G_b38_A"
[3] "chr5_163029144_T_C_b38_T" "chr5_163034093_T_C_b38_T"
51 SNP(s) removed because HWE P < 1e-08 :
 [1] "chr19_50749708_G_C_b38_G" "chr19_50842031_A_G_b38_A"
 [3] "chr19_50896788_T_C_b38_T" "chr19_50897100_A_G_b38_A"
 [5] "chr19_50897145_C_T_b38_C" "chr19_50948431_C_T_b38_C"
 [7] "chr19_50957933_A_G_b38_A" "chr19_51083323_T_G_b38_T"
 [9] "chr19_51107599_A_G_b38_A" "chr19_51107741_T_G_b38_T"
[11] "chr19_51108006_G_A_b38_G" "chr19_51116302_T_C_b38_T"
[13] "chr19_51120922_T_G_b38_T" "chr19_51121015_T_G_b38_T"
[15] "chr19_51121279_T_C_b38_T" "chr19_51121832_A_C_b38_A"
[17] "chr19_51121942_T_C_b38_T" "chr19_51122379_A_G_b38_A"
[19] "chr19_51122568_A_G_b38_A" "chr19_51122642_G_C_b38_G"
[21] "chr19_51123685_A_G_b38_A" "chr19_51136723_A_G_b38_A"
[23] "chr19_51172375_T_C_b38_T" "chr19_51173311_A_G_b38_A"
[25] "chr19_51173876_T_C_b38_T" "chr19_51184134_C_T_b38_C"
[27] "chr19_51201503_A_G_b38_A" "chr19_51208344_T_C_b38_T"
[29] "chr19_51208365_C_T_b38_C" "chr19_51212754_T_C_b38_T"
[31] "chr19_51235665_T_C_b38_T" "chr19_51251278_A_C_b38_A"
[33] "chr19_51280161_A_G_b38_A" "chr19_51280387_C_T_b38_C"
[35] "chr19_51281207_G_A_b38_G" "chr19_51282770_C_G_b38_C"
[37] "chr19_51283428_T_C_b38_T" "chr19_51284112_C_T_b38_C"
[39] "chr19_51284184_A_C_b38_A" "chr19_51285176_C_A_b38_C"
[41] "chr19_51285861_G_A_b38_G" "chr19_51287738_T_C_b38_T"
[43] "chr19_51290510_A_C_b38_A" "chr19_51291857_T_G_b38_T"
[45] "chr19_51293045_T_C_b38_T" "chr19_51298175_C_T_b38_C"
[47] "chr19_51358092_C_G_b38_C" "chr19_51447917_C_T_b38_C"
[49] "chr19_51447928_A_G_b38_A" "chr19_51448049_T_G_b38_T"
[51] "chr19_51457686_A_G_b38_A"
4 SNP(s) removed because HWE P < 1e-08 :
[1] "chr12_102684510_C_T_b38_C" "chr12_102966308_T_C_b38_T"
[3] "chr12_102966983_G_A_b38_G" "chr12_102967244_A_G_b38_A"
117 SNP(s) removed because HWE P < 1e-08 :
  [1] "chr12_131438991_G_A_b38_G" "chr12_131439003_A_G_b38_A"
  [3] "chr12_131439016_C_T_b38_C" "chr12_131439129_C_G_b38_C"
  [5] "chr12_131439139_C_A_b38_C" "chr12_131439176_C_T_b38_C"
  [7] "chr12_131439216_C_T_b38_C" "chr12_131439245_A_G_b38_A"
  [9] "chr12_131439435_G_A_b38_G" "chr12_131470252_T_C_b38_T"
 [11] "chr12_131475282_G_A_b38_G" "chr12_131475330_G_A_b38_G"
 [13] "chr12_131622070_C_T_b38_C" "chr12_131622076_A_G_b38_A"
 [15] "chr12_131622091_C_T_b38_C" "chr12_131622127_G_T_b38_G"
 [17] "chr12_131622151_C_T_b38_C" "chr12_131622172_T_C_b38_T"
 [19] "chr12_131624284_T_C_b38_T" "chr12_131624295_C_T_b38_C"
 [21] "chr12_131624328_G_A_b38_G" "chr12_131624418_T_C_b38_T"
 [23] "chr12_131624428_T_C_b38_T" "chr12_131624669_C_A_b38_C"
 [25] "chr12_131624698_G_A_b38_G" "chr12_131629589_G_C_b38_G"
 [27] "chr12_131629682_C_T_b38_C" "chr12_131629689_T_C_b38_T"
 [29] "chr12_131629696_C_A_b38_C" "chr12_131629713_A_G_b38_A"
 [31] "chr12_131629966_T_C_b38_T" "chr12_131653096_T_A_b38_T"
 [33] "chr12_131653156_C_T_b38_C" "chr12_131653163_C_T_b38_C"
 [35] "chr12_131653168_T_C_b38_T" "chr12_131653176_T_C_b38_T"
 [37] "chr12_131653207_A_G_b38_A" "chr12_131653330_T_G_b38_T"
 [39] "chr12_131653457_G_A_b38_G" "chr12_131653482_G_A_b38_G"
 [41] "chr12_131653637_G_A_b38_G" "chr12_131654169_T_C_b38_T"
 [43] "chr12_131655279_G_A_b38_G" "chr12_131656073_C_T_b38_C"
 [45] "chr12_131656321_A_G_b38_A" "chr12_131658498_C_T_b38_C"
 [47] "chr12_131658785_G_A_b38_G" "chr12_131659159_C_T_b38_C"
 [49] "chr12_131659421_T_C_b38_T" "chr12_131659661_T_C_b38_T"
 [51] "chr12_131659734_G_A_b38_G" "chr12_131659752_C_T_b38_C"
 [53] "chr12_131659809_A_C_b38_A" "chr12_131659887_A_G_b38_A"
 [55] "chr12_131659927_G_C_b38_G" "chr12_131659970_T_C_b38_T"
 [57] "chr12_131660070_G_A_b38_G" "chr12_131660088_T_C_b38_T"
 [59] "chr12_131660122_G_C_b38_G" "chr12_131660132_C_G_b38_C"
 [61] "chr12_131660189_T_C_b38_T" "chr12_131660202_C_T_b38_C"
 [63] "chr12_131660225_C_T_b38_C" "chr12_131661358_C_T_b38_C"
 [65] "chr12_131661364_A_G_b38_A" "chr12_131662597_C_T_b38_C"
 [67] "chr12_131662763_G_A_b38_G" "chr12_131662777_T_C_b38_T"
 [69] "chr12_131666617_G_A_b38_G" "chr12_131666625_T_C_b38_T"
 [71] "chr12_131666626_G_A_b38_G" "chr12_131666697_C_G_b38_C"
 [73] "chr12_131666779_C_T_b38_C" "chr12_131666971_C_T_b38_C"
 [75] "chr12_131668597_A_G_b38_A" "chr12_131672541_G_T_b38_G"
 [77] "chr12_131686287_G_A_b38_G" "chr12_131942596_T_C_b38_T"
 [79] "chr12_131942601_T_G_b38_T" "chr12_131943296_G_A_b38_G"
 [81] "chr12_131944954_G_T_b38_G" "chr12_131948177_A_G_b38_A"
 [83] "chr12_131948734_C_A_b38_C" "chr12_131962188_A_G_b38_A"
 [85] "chr12_131963743_C_G_b38_C" "chr12_131967163_T_C_b38_T"
 [87] "chr12_131968815_G_C_b38_G" "chr12_131986255_T_A_b38_T"
 [89] "chr12_131988827_C_G_b38_C" "chr12_131995654_C_G_b38_C"
 [91] "chr12_132010660_C_T_b38_C" "chr12_132013715_T_C_b38_T"
 [93] "chr12_132017153_A_G_b38_A" "chr12_132020861_C_A_b38_C"
 [95] "chr12_132023376_A_G_b38_A" "chr12_132023844_A_G_b38_A"
 [97] "chr12_132025383_G_A_b38_G" "chr12_132029743_C_G_b38_C"
 [99] "chr12_132029945_C_T_b38_C" "chr12_132032311_C_T_b38_C"
[101] "chr12_132035285_T_C_b38_T" "chr12_132037036_A_G_b38_A"
[103] "chr12_132039620_A_C_b38_A" "chr12_132042582_A_G_b38_A"
[105] "chr12_132049192_A_G_b38_A" "chr12_132057469_A_G_b38_A"
[107] "chr12_132062617_G_A_b38_G" "chr12_132064755_A_G_b38_A"
[109] "chr12_132084115_A_G_b38_A" "chr12_132181579_C_A_b38_C"
[111] "chr12_132219893_A_G_b38_A" "chr12_132257537_C_T_b38_C"
[113] "chr12_132275467_C_T_b38_C" "chr12_132280740_T_C_b38_T"
[115] "chr12_132381475_A_G_b38_A" "chr12_132381494_A_G_b38_A"
[117] "chr12_132408793_G_A_b38_G"
12 SNP(s) removed because HWE P < 1e-08 :
 [1] "chr4_184990230_C_A_b38_C" "chr4_185060566_T_G_b38_T"
 [3] "chr4_185472661_A_G_b38_A" "chr4_185472665_G_A_b38_G"
 [5] "chr4_185473525_T_G_b38_T" "chr4_185473534_C_T_b38_C"
 [7] "chr4_185561543_A_T_b38_A" "chr4_185561549_T_A_b38_T"
 [9] "chr4_185693868_G_A_b38_G" "chr4_185693884_G_A_b38_G"
[11] "chr4_185696517_C_T_b38_C" "chr4_185698912_C_T_b38_C"
26 SNP(s) removed because HWE P < 1e-08 :
 [1] "chr4_48078519_A_C_b38_A" "chr4_48079528_T_C_b38_T"
 [3] "chr4_48085231_T_C_b38_T" "chr4_48085838_G_A_b38_G"
 [5] "chr4_48086052_C_T_b38_C" "chr4_48086429_A_G_b38_A"
 [7] "chr4_48450863_T_C_b38_T" "chr4_48451209_C_T_b38_C"
 [9] "chr4_48452709_A_G_b38_A" "chr4_48711359_T_C_b38_T"
[11] "chr4_48711393_C_T_b38_C" "chr4_48711401_C_A_b38_C"
[13] "chr4_48711410_A_G_b38_A" "chr4_48711421_A_C_b38_A"
[15] "chr4_48711432_G_C_b38_G" "chr4_48711433_G_A_b38_G"
[17] "chr4_48711441_A_C_b38_A" "chr4_48711445_C_T_b38_C"
[19] "chr4_48711447_G_A_b38_G" "chr4_48711466_C_T_b38_C"
[21] "chr4_48711467_A_T_b38_A" "chr4_48711470_G_A_b38_G"
[23] "chr4_48711609_C_T_b38_C" "chr4_48711661_A_G_b38_A"
[25] "chr4_48711678_T_A_b38_T" "chr4_48711716_T_C_b38_T"
6 SNP(s) removed because HWE P < 1e-08 :
[1] "chr13_29549344_C_T_b38_C" "chr13_29949626_G_C_b38_G"
[3] "chr13_30062346_T_C_b38_T" "chr13_30062379_G_C_b38_G"
[5] "chr13_30121793_C_T_b38_C" "chr13_30160356_C_T_b38_C"
61 SNP(s) removed because HWE P < 1e-08 :
 [1] "chr14_94349903_A_G_b38_A" "chr14_94370690_A_G_b38_A"
 [3] "chr14_94370732_C_A_b38_C" "chr14_94370742_C_T_b38_C"
 [5] "chr14_94370745_G_A_b38_G" "chr14_94378897_G_C_b38_G"
 [7] "chr14_94378898_T_C_b38_T" "chr14_94378900_A_G_b38_A"
 [9] "chr14_94378934_A_T_b38_A" "chr14_94378941_G_A_b38_G"
[11] "chr14_94380003_C_T_b38_C" "chr14_94380014_T_C_b38_T"
[13] "chr14_94380017_G_A_b38_G" "chr14_94380024_T_C_b38_T"
[15] "chr14_94380037_A_G_b38_A" "chr14_94380042_G_A_b38_G"
[17] "chr14_94380048_A_G_b38_A" "chr14_94380049_T_A_b38_T"
[19] "chr14_94380053_A_G_b38_A" "chr14_94380057_T_C_b38_T"
[21] "chr14_94380058_G_A_b38_G" "chr14_94380063_G_C_b38_G"
[23] "chr14_94380085_T_C_b38_T" "chr14_94380106_C_A_b38_C"
[25] "chr14_94380111_C_T_b38_C" "chr14_94380112_C_T_b38_C"
[27] "chr14_94380151_A_G_b38_A" "chr14_94380152_G_T_b38_G"
[29] "chr14_94380164_T_C_b38_T" "chr14_94380166_C_T_b38_C"
[31] "chr14_94380168_G_T_b38_G" "chr14_94380175_A_G_b38_A"
[33] "chr14_94380212_C_T_b38_C" "chr14_94380215_C_G_b38_C"
[35] "chr14_94380222_T_C_b38_T" "chr14_94380244_A_G_b38_A"
[37] "chr14_94380250_C_A_b38_C" "chr14_94380312_G_A_b38_G"
[39] "chr14_94380318_C_T_b38_C" "chr14_94380322_T_C_b38_T"
[41] "chr14_94380324_T_C_b38_T" "chr14_94380333_C_T_b38_C"
[43] "chr14_94380362_C_T_b38_C" "chr14_94380371_T_C_b38_T"
[45] "chr14_94446984_A_T_b38_A" "chr14_94455670_G_T_b38_G"
[47] "chr14_94467053_C_T_b38_C" "chr14_94468771_C_T_b38_C"
[49] "chr14_94578680_G_A_b38_G" "chr14_94637276_C_T_b38_C"
[51] "chr14_94638842_C_T_b38_C" "chr14_94639184_C_T_b38_C"
[53] "chr14_94657781_C_A_b38_C" "chr14_94717842_A_C_b38_A"
[55] "chr14_94757444_A_T_b38_A" "chr14_94763440_G_A_b38_G"
[57] "chr14_94821833_A_G_b38_A" "chr14_94971331_C_G_b38_C"
[59] "chr14_94972891_G_A_b38_G" "chr14_94986440_G_A_b38_G"
[61] "chr14_94988388_C_T_b38_C"
37 SNP(s) removed because HWE P < 1e-08 :
 [1] "chr16_24109784_G_A_b38_G" "chr16_24227690_G_C_b38_G"
 [3] "chr16_24233628_G_C_b38_G" "chr16_24496566_C_T_b38_C"
 [5] "chr16_24496764_C_A_b38_C" "chr16_24499309_C_T_b38_C"
 [7] "chr16_24870481_A_C_b38_A" "chr16_24873006_G_A_b38_G"
 [9] "chr16_24884357_A_G_b38_A" "chr16_24917601_A_G_b38_A"
[11] "chr16_24917765_G_A_b38_G" "chr16_24917986_T_C_b38_T"
[13] "chr16_24919227_T_C_b38_T" "chr16_24920477_C_T_b38_C"
[15] "chr16_24920573_A_G_b38_A" "chr16_24921599_T_C_b38_T"
[17] "chr16_24923143_G_T_b38_G" "chr16_24924245_T_C_b38_T"
[19] "chr16_24924716_A_T_b38_A" "chr16_24925306_A_G_b38_A"
[21] "chr16_24927264_T_C_b38_T" "chr16_24932825_T_C_b38_T"
[23] "chr16_24940578_A_G_b38_A" "chr16_24943087_G_A_b38_G"
[25] "chr16_24943465_A_G_b38_A" "chr16_24945135_A_G_b38_A"
[27] "chr16_24945229_T_G_b38_T" "chr16_24945237_A_C_b38_A"
[29] "chr16_24947347_A_C_b38_A" "chr16_24947664_G_A_b38_G"
[31] "chr16_24948730_C_G_b38_C" "chr16_24950568_T_C_b38_T"
[33] "chr16_24952718_T_C_b38_T" "chr16_24953197_T_C_b38_T"
[35] "chr16_24953395_G_T_b38_G" "chr16_24953714_C_T_b38_C"
[37] "chr16_24955202_T_C_b38_T"
61 SNP(s) removed because HWE P < 1e-08 :
 [1] "chr14_94349903_A_G_b38_A" "chr14_94370690_A_G_b38_A"
 [3] "chr14_94370732_C_A_b38_C" "chr14_94370742_C_T_b38_C"
 [5] "chr14_94370745_G_A_b38_G" "chr14_94378897_G_C_b38_G"
 [7] "chr14_94378898_T_C_b38_T" "chr14_94378900_A_G_b38_A"
 [9] "chr14_94378934_A_T_b38_A" "chr14_94378941_G_A_b38_G"
[11] "chr14_94380003_C_T_b38_C" "chr14_94380014_T_C_b38_T"
[13] "chr14_94380017_G_A_b38_G" "chr14_94380024_T_C_b38_T"
[15] "chr14_94380037_A_G_b38_A" "chr14_94380042_G_A_b38_G"
[17] "chr14_94380048_A_G_b38_A" "chr14_94380049_T_A_b38_T"
[19] "chr14_94380053_A_G_b38_A" "chr14_94380057_T_C_b38_T"
[21] "chr14_94380058_G_A_b38_G" "chr14_94380063_G_C_b38_G"
[23] "chr14_94380085_T_C_b38_T" "chr14_94380106_C_A_b38_C"
[25] "chr14_94380111_C_T_b38_C" "chr14_94380112_C_T_b38_C"
[27] "chr14_94380151_A_G_b38_A" "chr14_94380152_G_T_b38_G"
[29] "chr14_94380164_T_C_b38_T" "chr14_94380166_C_T_b38_C"
[31] "chr14_94380168_G_T_b38_G" "chr14_94380175_A_G_b38_A"
[33] "chr14_94380212_C_T_b38_C" "chr14_94380215_C_G_b38_C"
[35] "chr14_94380222_T_C_b38_T" "chr14_94380244_A_G_b38_A"
[37] "chr14_94380250_C_A_b38_C" "chr14_94380312_G_A_b38_G"
[39] "chr14_94380318_C_T_b38_C" "chr14_94380322_T_C_b38_T"
[41] "chr14_94380324_T_C_b38_T" "chr14_94380333_C_T_b38_C"
[43] "chr14_94380362_C_T_b38_C" "chr14_94380371_T_C_b38_T"
[45] "chr14_94446984_A_T_b38_A" "chr14_94455670_G_T_b38_G"
[47] "chr14_94467053_C_T_b38_C" "chr14_94468771_C_T_b38_C"
[49] "chr14_94578680_G_A_b38_G" "chr14_94637276_C_T_b38_C"
[51] "chr14_94638842_C_T_b38_C" "chr14_94639184_C_T_b38_C"
[53] "chr14_94657781_C_A_b38_C" "chr14_94717842_A_C_b38_A"
[55] "chr14_94757444_A_T_b38_A" "chr14_94763440_G_A_b38_G"
[57] "chr14_94821833_A_G_b38_A" "chr14_94971331_C_G_b38_C"
[59] "chr14_94972891_G_A_b38_G" "chr14_94986440_G_A_b38_G"
[61] "chr14_94988388_C_T_b38_C"
26 SNP(s) removed because HWE P < 1e-08 :
 [1] "chr4_48078519_A_C_b38_A" "chr4_48079528_T_C_b38_T"
 [3] "chr4_48085231_T_C_b38_T" "chr4_48085838_G_A_b38_G"
 [5] "chr4_48086052_C_T_b38_C" "chr4_48086429_A_G_b38_A"
 [7] "chr4_48450863_T_C_b38_T" "chr4_48451209_C_T_b38_C"
 [9] "chr4_48452709_A_G_b38_A" "chr4_48711359_T_C_b38_T"
[11] "chr4_48711393_C_T_b38_C" "chr4_48711401_C_A_b38_C"
[13] "chr4_48711410_A_G_b38_A" "chr4_48711421_A_C_b38_A"
[15] "chr4_48711432_G_C_b38_G" "chr4_48711433_G_A_b38_G"
[17] "chr4_48711441_A_C_b38_A" "chr4_48711445_C_T_b38_C"
[19] "chr4_48711447_G_A_b38_G" "chr4_48711466_C_T_b38_C"
[21] "chr4_48711467_A_T_b38_A" "chr4_48711470_G_A_b38_G"
[23] "chr4_48711609_C_T_b38_C" "chr4_48711661_A_G_b38_A"
[25] "chr4_48711678_T_A_b38_T" "chr4_48711716_T_C_b38_T"
49 SNP(s) removed because HWE P < 1e-08 :
 [1] "chr19_51083323_T_G_b38_T" "chr19_51107599_A_G_b38_A"
 [3] "chr19_51107741_T_G_b38_T" "chr19_51108006_G_A_b38_G"
 [5] "chr19_51116302_T_C_b38_T" "chr19_51120922_T_G_b38_T"
 [7] "chr19_51121015_T_G_b38_T" "chr19_51121279_T_C_b38_T"
 [9] "chr19_51121832_A_C_b38_A" "chr19_51121942_T_C_b38_T"
[11] "chr19_51122379_A_G_b38_A" "chr19_51122568_A_G_b38_A"
[13] "chr19_51122642_G_C_b38_G" "chr19_51123685_A_G_b38_A"
[15] "chr19_51136723_A_G_b38_A" "chr19_51172375_T_C_b38_T"
[17] "chr19_51173311_A_G_b38_A" "chr19_51173876_T_C_b38_T"
[19] "chr19_51184134_C_T_b38_C" "chr19_51201503_A_G_b38_A"
[21] "chr19_51208344_T_C_b38_T" "chr19_51208365_C_T_b38_C"
[23] "chr19_51212754_T_C_b38_T" "chr19_51235665_T_C_b38_T"
[25] "chr19_51251278_A_C_b38_A" "chr19_51280161_A_G_b38_A"
[27] "chr19_51280387_C_T_b38_C" "chr19_51281207_G_A_b38_G"
[29] "chr19_51282770_C_G_b38_C" "chr19_51283428_T_C_b38_T"
[31] "chr19_51284112_C_T_b38_C" "chr19_51284184_A_C_b38_A"
[33] "chr19_51285176_C_A_b38_C" "chr19_51285861_G_A_b38_G"
[35] "chr19_51287738_T_C_b38_T" "chr19_51290510_A_C_b38_A"
[37] "chr19_51291857_T_G_b38_T" "chr19_51293045_T_C_b38_T"
[39] "chr19_51298175_C_T_b38_C" "chr19_51358092_C_G_b38_C"
[41] "chr19_51447917_C_T_b38_C" "chr19_51447928_A_G_b38_A"
[43] "chr19_51448049_T_G_b38_T" "chr19_51457686_A_G_b38_A"
[45] "chr19_51780129_T_C_b38_T" "chr19_51780359_A_G_b38_A"
[47] "chr19_51848424_G_A_b38_G" "chr19_51875933_G_A_b38_G"
[49] "chr19_51876393_G_A_b38_G"
6 SNP(s) removed because HWE P < 1e-08 :
[1] "chr13_29549344_C_T_b38_C" "chr13_29949626_G_C_b38_G"
[3] "chr13_30062346_T_C_b38_T" "chr13_30062379_G_C_b38_G"
[5] "chr13_30121793_C_T_b38_C" "chr13_30160356_C_T_b38_C"
61 SNP(s) removed because HWE P < 1e-08 :
 [1] "chr14_94349903_A_G_b38_A" "chr14_94370690_A_G_b38_A"
 [3] "chr14_94370732_C_A_b38_C" "chr14_94370742_C_T_b38_C"
 [5] "chr14_94370745_G_A_b38_G" "chr14_94378897_G_C_b38_G"
 [7] "chr14_94378898_T_C_b38_T" "chr14_94378900_A_G_b38_A"
 [9] "chr14_94378934_A_T_b38_A" "chr14_94378941_G_A_b38_G"
[11] "chr14_94380003_C_T_b38_C" "chr14_94380014_T_C_b38_T"
[13] "chr14_94380017_G_A_b38_G" "chr14_94380024_T_C_b38_T"
[15] "chr14_94380037_A_G_b38_A" "chr14_94380042_G_A_b38_G"
[17] "chr14_94380048_A_G_b38_A" "chr14_94380049_T_A_b38_T"
[19] "chr14_94380053_A_G_b38_A" "chr14_94380057_T_C_b38_T"
[21] "chr14_94380058_G_A_b38_G" "chr14_94380063_G_C_b38_G"
[23] "chr14_94380085_T_C_b38_T" "chr14_94380106_C_A_b38_C"
[25] "chr14_94380111_C_T_b38_C" "chr14_94380112_C_T_b38_C"
[27] "chr14_94380151_A_G_b38_A" "chr14_94380152_G_T_b38_G"
[29] "chr14_94380164_T_C_b38_T" "chr14_94380166_C_T_b38_C"
[31] "chr14_94380168_G_T_b38_G" "chr14_94380175_A_G_b38_A"
[33] "chr14_94380212_C_T_b38_C" "chr14_94380215_C_G_b38_C"
[35] "chr14_94380222_T_C_b38_T" "chr14_94380244_A_G_b38_A"
[37] "chr14_94380250_C_A_b38_C" "chr14_94380312_G_A_b38_G"
[39] "chr14_94380318_C_T_b38_C" "chr14_94380322_T_C_b38_T"
[41] "chr14_94380324_T_C_b38_T" "chr14_94380333_C_T_b38_C"
[43] "chr14_94380362_C_T_b38_C" "chr14_94380371_T_C_b38_T"
[45] "chr14_94446984_A_T_b38_A" "chr14_94455670_G_T_b38_G"
[47] "chr14_94467053_C_T_b38_C" "chr14_94468771_C_T_b38_C"
[49] "chr14_94578680_G_A_b38_G" "chr14_94637276_C_T_b38_C"
[51] "chr14_94638842_C_T_b38_C" "chr14_94639184_C_T_b38_C"
[53] "chr14_94657781_C_A_b38_C" "chr14_94717842_A_C_b38_A"
[55] "chr14_94757444_A_T_b38_A" "chr14_94763440_G_A_b38_G"
[57] "chr14_94821833_A_G_b38_A" "chr14_94971331_C_G_b38_C"
[59] "chr14_94972891_G_A_b38_G" "chr14_94986440_G_A_b38_G"
[61] "chr14_94988388_C_T_b38_C"
37 SNP(s) removed because HWE P < 1e-08 :
 [1] "chr16_24109784_G_A_b38_G" "chr16_24227690_G_C_b38_G"
 [3] "chr16_24233628_G_C_b38_G" "chr16_24496566_C_T_b38_C"
 [5] "chr16_24496764_C_A_b38_C" "chr16_24499309_C_T_b38_C"
 [7] "chr16_24870481_A_C_b38_A" "chr16_24873006_G_A_b38_G"
 [9] "chr16_24884357_A_G_b38_A" "chr16_24917601_A_G_b38_A"
[11] "chr16_24917765_G_A_b38_G" "chr16_24917986_T_C_b38_T"
[13] "chr16_24919227_T_C_b38_T" "chr16_24920477_C_T_b38_C"
[15] "chr16_24920573_A_G_b38_A" "chr16_24921599_T_C_b38_T"
[17] "chr16_24923143_G_T_b38_G" "chr16_24924245_T_C_b38_T"
[19] "chr16_24924716_A_T_b38_A" "chr16_24925306_A_G_b38_A"
[21] "chr16_24927264_T_C_b38_T" "chr16_24932825_T_C_b38_T"
[23] "chr16_24940578_A_G_b38_A" "chr16_24943087_G_A_b38_G"
[25] "chr16_24943465_A_G_b38_A" "chr16_24945135_A_G_b38_A"
[27] "chr16_24945229_T_G_b38_T" "chr16_24945237_A_C_b38_A"
[29] "chr16_24947347_A_C_b38_A" "chr16_24947664_G_A_b38_G"
[31] "chr16_24948730_C_G_b38_C" "chr16_24950568_T_C_b38_T"
[33] "chr16_24952718_T_C_b38_T" "chr16_24953197_T_C_b38_T"
[35] "chr16_24953395_G_T_b38_G" "chr16_24953714_C_T_b38_C"
[37] "chr16_24955202_T_C_b38_T"
4 SNP(s) removed because HWE P < 1e-08 :
[1] "chr5_163006321_G_C_b38_G" "chr5_163010219_A_G_b38_A"
[3] "chr5_163029144_T_C_b38_T" "chr5_163034093_T_C_b38_T"
69 SNP(s) removed because HWE P < 1e-08 :
 [1] "chr8_81253423_T_C_b38_T" "chr8_81281143_C_T_b38_C"
 [3] "chr8_81289273_A_T_b38_A" "chr8_81297255_A_G_b38_A"
 [5] "chr8_81299436_C_T_b38_C" "chr8_81300344_T_C_b38_T"
 [7] "chr8_81325559_T_C_b38_T" "chr8_81327049_C_G_b38_C"
 [9] "chr8_81327156_T_G_b38_T" "chr8_81327252_A_G_b38_A"
[11] "chr8_81327333_T_C_b38_T" "chr8_81327394_A_G_b38_A"
[13] "chr8_81328362_A_G_b38_A" "chr8_81328531_C_A_b38_C"
[15] "chr8_81329064_T_A_b38_T" "chr8_81329094_T_G_b38_T"
[17] "chr8_81329957_C_T_b38_C" "chr8_81330786_A_G_b38_A"
[19] "chr8_81330873_T_C_b38_T" "chr8_81331043_A_C_b38_A"
[21] "chr8_81331131_T_C_b38_T" "chr8_81331608_C_T_b38_C"
[23] "chr8_81331614_C_T_b38_C" "chr8_81331709_T_G_b38_T"
[25] "chr8_81331864_A_G_b38_A" "chr8_81331877_C_T_b38_C"
[27] "chr8_81332098_G_A_b38_G" "chr8_81332283_A_G_b38_A"
[29] "chr8_81332524_C_T_b38_C" "chr8_81332904_A_T_b38_A"
[31] "chr8_81332906_C_T_b38_C" "chr8_81333125_G_A_b38_G"
[33] "chr8_81333194_G_T_b38_G" "chr8_81333216_T_C_b38_T"
[35] "chr8_81333791_C_T_b38_C" "chr8_81334313_T_C_b38_T"
[37] "chr8_81335686_A_G_b38_A" "chr8_81336303_C_T_b38_C"
[39] "chr8_81464464_C_T_b38_C" "chr8_81468508_A_T_b38_A"
[41] "chr8_81468888_A_G_b38_A" "chr8_81469332_T_C_b38_T"
[43] "chr8_81469415_G_A_b38_G" "chr8_81470506_G_A_b38_G"
[45] "chr8_81470621_C_T_b38_C" "chr8_81471159_T_G_b38_T"
[47] "chr8_81514819_A_C_b38_A" "chr8_81515555_C_T_b38_C"
[49] "chr8_81518769_T_C_b38_T" "chr8_81527961_G_T_b38_G"
[51] "chr8_81900677_A_T_b38_A" "chr8_81900680_C_T_b38_C"
[53] "chr8_81900761_G_T_b38_G" "chr8_81900762_G_A_b38_G"
[55] "chr8_81900773_G_A_b38_G" "chr8_81900776_G_T_b38_G"
[57] "chr8_81900779_T_C_b38_T" "chr8_81900782_C_T_b38_C"
[59] "chr8_81900783_T_C_b38_T" "chr8_81900784_G_A_b38_G"
[61] "chr8_81900789_T_C_b38_T" "chr8_81900796_C_G_b38_C"
[63] "chr8_81900800_G_C_b38_G" "chr8_82127185_G_A_b38_G"
[65] "chr8_82127192_C_G_b38_C" "chr8_82129772_G_C_b38_G"
[67] "chr8_82130336_C_T_b38_C" "chr8_82136891_C_T_b38_C"
[69] "chr8_82137774_C_G_b38_C"
6 SNP(s) removed because HWE P < 1e-08 :
[1] "chr17_28439190_A_C_b38_A" "chr17_28439714_T_C_b38_T"
[3] "chr17_28441937_G_A_b38_G" "chr17_28452019_C_T_b38_C"
[5] "chr17_28452207_C_G_b38_C" "chr17_28459762_C_A_b38_C"
41 SNP(s) removed because HWE P < 1e-08 :
 [1] "chr18_47457940_G_C_b38_G" "chr18_47463627_C_T_b38_C"
 [3] "chr18_47526805_G_T_b38_G" "chr18_47584462_G_A_b38_G"
 [5] "chr18_47586775_C_T_b38_C" "chr18_47591180_G_A_b38_G"
 [7] "chr18_47654760_C_G_b38_C" "chr18_47657590_T_C_b38_T"
 [9] "chr18_47658175_T_C_b38_T" "chr18_47658518_T_C_b38_T"
[11] "chr18_47674999_G_A_b38_G" "chr18_47676108_T_C_b38_T"
[13] "chr18_47677348_T_C_b38_T" "chr18_47702814_T_C_b38_T"
[15] "chr18_47731382_A_T_b38_A" "chr18_47736313_T_C_b38_T"
[17] "chr18_47748222_A_G_b38_A" "chr18_47749267_A_C_b38_A"
[19] "chr18_47750081_C_T_b38_C" "chr18_47751954_C_G_b38_C"
[21] "chr18_47752213_A_G_b38_A" "chr18_47752466_G_T_b38_G"
[23] "chr18_47757943_C_T_b38_C" "chr18_47759312_A_G_b38_A"
[25] "chr18_47759372_T_C_b38_T" "chr18_47763329_G_T_b38_G"
[27] "chr18_47765506_G_A_b38_G" "chr18_47769664_A_T_b38_A"
[29] "chr18_47775237_C_G_b38_C" "chr18_47775306_C_A_b38_C"
[31] "chr18_47778685_T_A_b38_T" "chr18_47783266_G_A_b38_G"
[33] "chr18_47785156_G_A_b38_G" "chr18_47789394_C_T_b38_C"
[35] "chr18_47789705_G_C_b38_G" "chr18_48084684_C_T_b38_C"
[37] "chr18_48100588_T_G_b38_T" "chr18_48105795_A_C_b38_A"
[39] "chr18_48106758_A_G_b38_A" "chr18_48227921_C_T_b38_C"
[41] "chr18_48413277_C_T_b38_C"
74 SNP(s) removed because HWE P < 1e-08 :
 [1] "chr21_31920396_G_A_b38_G" "chr21_31935565_G_C_b38_G"
 [3] "chr21_31935580_T_G_b38_T" "chr21_32134286_A_T_b38_A"
 [5] "chr21_32238948_G_A_b38_G" "chr21_32250914_C_T_b38_C"
 [7] "chr21_32311415_A_C_b38_A" "chr21_32410343_C_T_b38_C"
 [9] "chr21_32432979_G_A_b38_G" "chr21_32432987_A_C_b38_A"
[11] "chr21_32432995_G_A_b38_G" "chr21_32433065_T_A_b38_T"
[13] "chr21_32433084_C_T_b38_C" "chr21_32433553_G_A_b38_G"
[15] "chr21_32433554_C_G_b38_C" "chr21_32433562_T_C_b38_T"
[17] "chr21_32433629_A_G_b38_A" "chr21_32433656_G_A_b38_G"
[19] "chr21_32433663_A_T_b38_A" "chr21_32434706_A_G_b38_A"
[21] "chr21_32434713_T_C_b38_T" "chr21_32434721_A_C_b38_A"
[23] "chr21_32434746_A_C_b38_A" "chr21_32434842_G_A_b38_G"
[25] "chr21_32434867_C_T_b38_C" "chr21_32434878_G_A_b38_G"
[27] "chr21_32434919_T_G_b38_T" "chr21_32434927_C_T_b38_C"
[29] "chr21_32434967_T_G_b38_T" "chr21_32434971_T_C_b38_T"
[31] "chr21_32434992_T_C_b38_T" "chr21_32435003_T_G_b38_T"
[33] "chr21_32435004_T_C_b38_T" "chr21_32435117_A_G_b38_A"
[35] "chr21_32435125_T_C_b38_T" "chr21_32435126_G_C_b38_G"
[37] "chr21_32435133_C_A_b38_C" "chr21_32435360_C_T_b38_C"
[39] "chr21_32435400_A_G_b38_A" "chr21_32435408_T_C_b38_T"
[41] "chr21_32435414_A_G_b38_A" "chr21_32435436_C_T_b38_C"
[43] "chr21_32435462_C_T_b38_C" "chr21_32435661_G_C_b38_G"
[45] "chr21_32435666_T_G_b38_T" "chr21_32435667_A_G_b38_A"
[47] "chr21_32435716_C_T_b38_C" "chr21_32435721_G_A_b38_G"
[49] "chr21_32435728_T_C_b38_T" "chr21_32435763_C_T_b38_C"
[51] "chr21_32435766_A_C_b38_A" "chr21_32435898_C_T_b38_C"
[53] "chr21_32435949_T_A_b38_T" "chr21_32435990_T_A_b38_T"
[55] "chr21_32436019_G_A_b38_G" "chr21_32436447_T_A_b38_T"
[57] "chr21_32436465_A_C_b38_A" "chr21_32436477_T_A_b38_T"
[59] "chr21_32436484_T_C_b38_T" "chr21_32436539_G_A_b38_G"
[61] "chr21_32436627_G_A_b38_G" "chr21_32436628_G_A_b38_G"
[63] "chr21_32436637_A_G_b38_A" "chr21_32436702_C_T_b38_C"
[65] "chr21_32436736_G_A_b38_G" "chr21_32436746_A_G_b38_A"
[67] "chr21_32437187_G_C_b38_G" "chr21_32437224_A_G_b38_A"
[69] "chr21_32437249_C_A_b38_C" "chr21_32437250_G_A_b38_G"
[71] "chr21_32437258_C_G_b38_C" "chr21_32621877_A_T_b38_A"
[73] "chr21_32660622_A_G_b38_A" "chr21_32660624_C_T_b38_C"
6 SNP(s) removed because HWE P < 1e-08 :
[1] "chr13_29549344_C_T_b38_C" "chr13_29949626_G_C_b38_G"
[3] "chr13_30062346_T_C_b38_T" "chr13_30062379_G_C_b38_G"
[5] "chr13_30121793_C_T_b38_C" "chr13_30160356_C_T_b38_C"
22 SNP(s) removed because HWE P < 1e-08 :
 [1] "chr4_8044692_G_T_b38_G" "chr4_8044693_A_C_b38_A" "chr4_8059763_G_A_b38_G"
 [4] "chr4_8100031_G_T_b38_G" "chr4_8100581_C_T_b38_C" "chr4_8306668_C_G_b38_C"
 [7] "chr4_8557849_T_C_b38_T" "chr4_8557938_A_C_b38_A" "chr4_8557958_G_A_b38_G"
[10] "chr4_8557961_C_T_b38_C" "chr4_8585626_A_G_b38_A" "chr4_8603756_G_C_b38_G"
[13] "chr4_8632004_T_A_b38_T" "chr4_8632045_A_G_b38_A" "chr4_8635779_A_G_b38_A"
[16] "chr4_8655103_T_G_b38_T" "chr4_8655200_C_G_b38_C" "chr4_8656155_G_C_b38_G"
[19] "chr4_8659539_G_A_b38_G" "chr4_8661217_T_G_b38_T" "chr4_8674262_C_G_b38_C"
[22] "chr4_8677036_C_A_b38_C"
2 SNP(s) removed because HWE P < 1e-08 :
[1] "chr2_60957516_G_A_b38_G" "chr2_61476184_G_A_b38_G"
6 SNP(s) removed because HWE P < 1e-08 :
[1] "chr13_29549344_C_T_b38_C" "chr13_29949626_G_C_b38_G"
[3] "chr13_30062346_T_C_b38_T" "chr13_30062379_G_C_b38_G"
[5] "chr13_30121793_C_T_b38_C" "chr13_30160356_C_T_b38_C"
51 SNP(s) removed because HWE P < 1e-08 :
 [1] "chr19_50749708_G_C_b38_G" "chr19_50842031_A_G_b38_A"
 [3] "chr19_50896788_T_C_b38_T" "chr19_50897100_A_G_b38_A"
 [5] "chr19_50897145_C_T_b38_C" "chr19_50948431_C_T_b38_C"
 [7] "chr19_50957933_A_G_b38_A" "chr19_51083323_T_G_b38_T"
 [9] "chr19_51107599_A_G_b38_A" "chr19_51107741_T_G_b38_T"
[11] "chr19_51108006_G_A_b38_G" "chr19_51116302_T_C_b38_T"
[13] "chr19_51120922_T_G_b38_T" "chr19_51121015_T_G_b38_T"
[15] "chr19_51121279_T_C_b38_T" "chr19_51121832_A_C_b38_A"
[17] "chr19_51121942_T_C_b38_T" "chr19_51122379_A_G_b38_A"
[19] "chr19_51122568_A_G_b38_A" "chr19_51122642_G_C_b38_G"
[21] "chr19_51123685_A_G_b38_A" "chr19_51136723_A_G_b38_A"
[23] "chr19_51172375_T_C_b38_T" "chr19_51173311_A_G_b38_A"
[25] "chr19_51173876_T_C_b38_T" "chr19_51184134_C_T_b38_C"
[27] "chr19_51201503_A_G_b38_A" "chr19_51208344_T_C_b38_T"
[29] "chr19_51208365_C_T_b38_C" "chr19_51212754_T_C_b38_T"
[31] "chr19_51235665_T_C_b38_T" "chr19_51251278_A_C_b38_A"
[33] "chr19_51280161_A_G_b38_A" "chr19_51280387_C_T_b38_C"
[35] "chr19_51281207_G_A_b38_G" "chr19_51282770_C_G_b38_C"
[37] "chr19_51283428_T_C_b38_T" "chr19_51284112_C_T_b38_C"
[39] "chr19_51284184_A_C_b38_A" "chr19_51285176_C_A_b38_C"
[41] "chr19_51285861_G_A_b38_G" "chr19_51287738_T_C_b38_T"
[43] "chr19_51290510_A_C_b38_A" "chr19_51291857_T_G_b38_T"
[45] "chr19_51293045_T_C_b38_T" "chr19_51298175_C_T_b38_C"
[47] "chr19_51358092_C_G_b38_C" "chr19_51447917_C_T_b38_C"
[49] "chr19_51447928_A_G_b38_A" "chr19_51448049_T_G_b38_T"
[51] "chr19_51457686_A_G_b38_A"
6 SNP(s) removed because HWE P < 1e-08 :
[1] "chr13_29549344_C_T_b38_C" "chr13_29949626_G_C_b38_G"
[3] "chr13_30062346_T_C_b38_T" "chr13_30062379_G_C_b38_G"
[5] "chr13_30121793_C_T_b38_C" "chr13_30160356_C_T_b38_C"
7 SNP(s) removed because HWE P < 1e-08 :
[1] "chr9_111601084_C_A_b38_C" "chr9_111603492_C_A_b38_C"
[3] "chr9_111603498_G_A_b38_G" "chr9_111603500_C_A_b38_C"
[5] "chr9_112054572_C_G_b38_C" "chr9_112069616_G_A_b38_G"
[7] "chr9_112308367_A_C_b38_A"
26 SNP(s) removed because HWE P < 1e-08 :
 [1] "chr4_48078519_A_C_b38_A" "chr4_48079528_T_C_b38_T"
 [3] "chr4_48085231_T_C_b38_T" "chr4_48085838_G_A_b38_G"
 [5] "chr4_48086052_C_T_b38_C" "chr4_48086429_A_G_b38_A"
 [7] "chr4_48450863_T_C_b38_T" "chr4_48451209_C_T_b38_C"
 [9] "chr4_48452709_A_G_b38_A" "chr4_48711359_T_C_b38_T"
[11] "chr4_48711393_C_T_b38_C" "chr4_48711401_C_A_b38_C"
[13] "chr4_48711410_A_G_b38_A" "chr4_48711421_A_C_b38_A"
[15] "chr4_48711432_G_C_b38_G" "chr4_48711433_G_A_b38_G"
[17] "chr4_48711441_A_C_b38_A" "chr4_48711445_C_T_b38_C"
[19] "chr4_48711447_G_A_b38_G" "chr4_48711466_C_T_b38_C"
[21] "chr4_48711467_A_T_b38_A" "chr4_48711470_G_A_b38_G"
[23] "chr4_48711609_C_T_b38_C" "chr4_48711661_A_G_b38_A"
[25] "chr4_48711678_T_A_b38_T" "chr4_48711716_T_C_b38_T"
7 SNP(s) removed because HWE P < 1e-08 :
[1] "chr9_111601084_C_A_b38_C" "chr9_111603492_C_A_b38_C"
[3] "chr9_111603498_G_A_b38_G" "chr9_111603500_C_A_b38_C"
[5] "chr9_112054572_C_G_b38_C" "chr9_112069616_G_A_b38_G"
[7] "chr9_112308367_A_C_b38_A"
69 SNP(s) removed because HWE P < 1e-08 :
 [1] "chr8_81253423_T_C_b38_T" "chr8_81281143_C_T_b38_C"
 [3] "chr8_81289273_A_T_b38_A" "chr8_81297255_A_G_b38_A"
 [5] "chr8_81299436_C_T_b38_C" "chr8_81300344_T_C_b38_T"
 [7] "chr8_81325559_T_C_b38_T" "chr8_81327049_C_G_b38_C"
 [9] "chr8_81327156_T_G_b38_T" "chr8_81327252_A_G_b38_A"
[11] "chr8_81327333_T_C_b38_T" "chr8_81327394_A_G_b38_A"
[13] "chr8_81328362_A_G_b38_A" "chr8_81328531_C_A_b38_C"
[15] "chr8_81329064_T_A_b38_T" "chr8_81329094_T_G_b38_T"
[17] "chr8_81329957_C_T_b38_C" "chr8_81330786_A_G_b38_A"
[19] "chr8_81330873_T_C_b38_T" "chr8_81331043_A_C_b38_A"
[21] "chr8_81331131_T_C_b38_T" "chr8_81331608_C_T_b38_C"
[23] "chr8_81331614_C_T_b38_C" "chr8_81331709_T_G_b38_T"
[25] "chr8_81331864_A_G_b38_A" "chr8_81331877_C_T_b38_C"
[27] "chr8_81332098_G_A_b38_G" "chr8_81332283_A_G_b38_A"
[29] "chr8_81332524_C_T_b38_C" "chr8_81332904_A_T_b38_A"
[31] "chr8_81332906_C_T_b38_C" "chr8_81333125_G_A_b38_G"
[33] "chr8_81333194_G_T_b38_G" "chr8_81333216_T_C_b38_T"
[35] "chr8_81333791_C_T_b38_C" "chr8_81334313_T_C_b38_T"
[37] "chr8_81335686_A_G_b38_A" "chr8_81336303_C_T_b38_C"
[39] "chr8_81464464_C_T_b38_C" "chr8_81468508_A_T_b38_A"
[41] "chr8_81468888_A_G_b38_A" "chr8_81469332_T_C_b38_T"
[43] "chr8_81469415_G_A_b38_G" "chr8_81470506_G_A_b38_G"
[45] "chr8_81470621_C_T_b38_C" "chr8_81471159_T_G_b38_T"
[47] "chr8_81514819_A_C_b38_A" "chr8_81515555_C_T_b38_C"
[49] "chr8_81518769_T_C_b38_T" "chr8_81527961_G_T_b38_G"
[51] "chr8_81900677_A_T_b38_A" "chr8_81900680_C_T_b38_C"
[53] "chr8_81900761_G_T_b38_G" "chr8_81900762_G_A_b38_G"
[55] "chr8_81900773_G_A_b38_G" "chr8_81900776_G_T_b38_G"
[57] "chr8_81900779_T_C_b38_T" "chr8_81900782_C_T_b38_C"
[59] "chr8_81900783_T_C_b38_T" "chr8_81900784_G_A_b38_G"
[61] "chr8_81900789_T_C_b38_T" "chr8_81900796_C_G_b38_C"
[63] "chr8_81900800_G_C_b38_G" "chr8_82127185_G_A_b38_G"
[65] "chr8_82127192_C_G_b38_C" "chr8_82129772_G_C_b38_G"
[67] "chr8_82130336_C_T_b38_C" "chr8_82136891_C_T_b38_C"
[69] "chr8_82137774_C_G_b38_C"
32 SNP(s) removed because HWE P < 1e-08 :
 [1] "chr19_17504800_T_C_b38_T" "chr19_17504915_T_C_b38_T"
 [3] "chr19_17583443_G_T_b38_G" "chr19_17666011_C_T_b38_C"
 [5] "chr19_17666078_T_C_b38_T" "chr19_17847808_C_T_b38_C"
 [7] "chr19_17847968_T_C_b38_T" "chr19_17901200_G_T_b38_G"
 [9] "chr19_17908396_T_C_b38_T" "chr19_17924720_G_T_b38_G"
[11] "chr19_17928630_T_C_b38_T" "chr19_18036796_G_A_b38_G"
[13] "chr19_18037080_A_T_b38_A" "chr19_18037381_T_C_b38_T"
[15] "chr19_18037783_T_C_b38_T" "chr19_18039165_G_A_b38_G"
[17] "chr19_18039479_C_T_b38_C" "chr19_18039995_T_C_b38_T"
[19] "chr19_18040092_T_C_b38_T" "chr19_18040429_G_T_b38_G"
[21] "chr19_18040432_G_T_b38_G" "chr19_18042127_C_T_b38_C"
[23] "chr19_18042885_A_G_b38_A" "chr19_18043992_G_C_b38_G"
[25] "chr19_18044231_C_G_b38_C" "chr19_18044266_G_C_b38_G"
[27] "chr19_18251693_G_C_b38_G" "chr19_18260387_C_T_b38_C"
[29] "chr19_18262150_C_G_b38_C" "chr19_18265699_G_A_b38_G"
[31] "chr19_18265970_T_C_b38_T" "chr19_18267871_C_A_b38_C"
61 SNP(s) removed because HWE P < 1e-08 :
 [1] "chr14_94349903_A_G_b38_A" "chr14_94370690_A_G_b38_A"
 [3] "chr14_94370732_C_A_b38_C" "chr14_94370742_C_T_b38_C"
 [5] "chr14_94370745_G_A_b38_G" "chr14_94378897_G_C_b38_G"
 [7] "chr14_94378898_T_C_b38_T" "chr14_94378900_A_G_b38_A"
 [9] "chr14_94378934_A_T_b38_A" "chr14_94378941_G_A_b38_G"
[11] "chr14_94380003_C_T_b38_C" "chr14_94380014_T_C_b38_T"
[13] "chr14_94380017_G_A_b38_G" "chr14_94380024_T_C_b38_T"
[15] "chr14_94380037_A_G_b38_A" "chr14_94380042_G_A_b38_G"
[17] "chr14_94380048_A_G_b38_A" "chr14_94380049_T_A_b38_T"
[19] "chr14_94380053_A_G_b38_A" "chr14_94380057_T_C_b38_T"
[21] "chr14_94380058_G_A_b38_G" "chr14_94380063_G_C_b38_G"
[23] "chr14_94380085_T_C_b38_T" "chr14_94380106_C_A_b38_C"
[25] "chr14_94380111_C_T_b38_C" "chr14_94380112_C_T_b38_C"
[27] "chr14_94380151_A_G_b38_A" "chr14_94380152_G_T_b38_G"
[29] "chr14_94380164_T_C_b38_T" "chr14_94380166_C_T_b38_C"
[31] "chr14_94380168_G_T_b38_G" "chr14_94380175_A_G_b38_A"
[33] "chr14_94380212_C_T_b38_C" "chr14_94380215_C_G_b38_C"
[35] "chr14_94380222_T_C_b38_T" "chr14_94380244_A_G_b38_A"
[37] "chr14_94380250_C_A_b38_C" "chr14_94380312_G_A_b38_G"
[39] "chr14_94380318_C_T_b38_C" "chr14_94380322_T_C_b38_T"
[41] "chr14_94380324_T_C_b38_T" "chr14_94380333_C_T_b38_C"
[43] "chr14_94380362_C_T_b38_C" "chr14_94380371_T_C_b38_T"
[45] "chr14_94446984_A_T_b38_A" "chr14_94455670_G_T_b38_G"
[47] "chr14_94467053_C_T_b38_C" "chr14_94468771_C_T_b38_C"
[49] "chr14_94578680_G_A_b38_G" "chr14_94637276_C_T_b38_C"
[51] "chr14_94638842_C_T_b38_C" "chr14_94639184_C_T_b38_C"
[53] "chr14_94657781_C_A_b38_C" "chr14_94717842_A_C_b38_A"
[55] "chr14_94757444_A_T_b38_A" "chr14_94763440_G_A_b38_G"
[57] "chr14_94821833_A_G_b38_A" "chr14_94971331_C_G_b38_C"
[59] "chr14_94972891_G_A_b38_G" "chr14_94986440_G_A_b38_G"
[61] "chr14_94988388_C_T_b38_C"
51 SNP(s) removed because HWE P < 1e-08 :
 [1] "chr19_50749708_G_C_b38_G" "chr19_50842031_A_G_b38_A"
 [3] "chr19_50896788_T_C_b38_T" "chr19_50897100_A_G_b38_A"
 [5] "chr19_50897145_C_T_b38_C" "chr19_50948431_C_T_b38_C"
 [7] "chr19_50957933_A_G_b38_A" "chr19_51083323_T_G_b38_T"
 [9] "chr19_51107599_A_G_b38_A" "chr19_51107741_T_G_b38_T"
[11] "chr19_51108006_G_A_b38_G" "chr19_51116302_T_C_b38_T"
[13] "chr19_51120922_T_G_b38_T" "chr19_51121015_T_G_b38_T"
[15] "chr19_51121279_T_C_b38_T" "chr19_51121832_A_C_b38_A"
[17] "chr19_51121942_T_C_b38_T" "chr19_51122379_A_G_b38_A"
[19] "chr19_51122568_A_G_b38_A" "chr19_51122642_G_C_b38_G"
[21] "chr19_51123685_A_G_b38_A" "chr19_51136723_A_G_b38_A"
[23] "chr19_51172375_T_C_b38_T" "chr19_51173311_A_G_b38_A"
[25] "chr19_51173876_T_C_b38_T" "chr19_51184134_C_T_b38_C"
[27] "chr19_51201503_A_G_b38_A" "chr19_51208344_T_C_b38_T"
[29] "chr19_51208365_C_T_b38_C" "chr19_51212754_T_C_b38_T"
[31] "chr19_51235665_T_C_b38_T" "chr19_51251278_A_C_b38_A"
[33] "chr19_51280161_A_G_b38_A" "chr19_51280387_C_T_b38_C"
[35] "chr19_51281207_G_A_b38_G" "chr19_51282770_C_G_b38_C"
[37] "chr19_51283428_T_C_b38_T" "chr19_51284112_C_T_b38_C"
[39] "chr19_51284184_A_C_b38_A" "chr19_51285176_C_A_b38_C"
[41] "chr19_51285861_G_A_b38_G" "chr19_51287738_T_C_b38_T"
[43] "chr19_51290510_A_C_b38_A" "chr19_51291857_T_G_b38_T"
[45] "chr19_51293045_T_C_b38_T" "chr19_51298175_C_T_b38_C"
[47] "chr19_51358092_C_G_b38_C" "chr19_51447917_C_T_b38_C"
[49] "chr19_51447928_A_G_b38_A" "chr19_51448049_T_G_b38_T"
[51] "chr19_51457686_A_G_b38_A"
6 SNP(s) removed because HWE P < 1e-08 :
[1] "chr17_28439190_A_C_b38_A" "chr17_28439714_T_C_b38_T"
[3] "chr17_28441937_G_A_b38_G" "chr17_28452019_C_T_b38_C"
[5] "chr17_28452207_C_G_b38_C" "chr17_28459762_C_A_b38_C"
69 SNP(s) removed because HWE P < 1e-08 :
 [1] "chr8_81253423_T_C_b38_T" "chr8_81281143_C_T_b38_C"
 [3] "chr8_81289273_A_T_b38_A" "chr8_81297255_A_G_b38_A"
 [5] "chr8_81299436_C_T_b38_C" "chr8_81300344_T_C_b38_T"
 [7] "chr8_81325559_T_C_b38_T" "chr8_81327049_C_G_b38_C"
 [9] "chr8_81327156_T_G_b38_T" "chr8_81327252_A_G_b38_A"
[11] "chr8_81327333_T_C_b38_T" "chr8_81327394_A_G_b38_A"
[13] "chr8_81328362_A_G_b38_A" "chr8_81328531_C_A_b38_C"
[15] "chr8_81329064_T_A_b38_T" "chr8_81329094_T_G_b38_T"
[17] "chr8_81329957_C_T_b38_C" "chr8_81330786_A_G_b38_A"
[19] "chr8_81330873_T_C_b38_T" "chr8_81331043_A_C_b38_A"
[21] "chr8_81331131_T_C_b38_T" "chr8_81331608_C_T_b38_C"
[23] "chr8_81331614_C_T_b38_C" "chr8_81331709_T_G_b38_T"
[25] "chr8_81331864_A_G_b38_A" "chr8_81331877_C_T_b38_C"
[27] "chr8_81332098_G_A_b38_G" "chr8_81332283_A_G_b38_A"
[29] "chr8_81332524_C_T_b38_C" "chr8_81332904_A_T_b38_A"
[31] "chr8_81332906_C_T_b38_C" "chr8_81333125_G_A_b38_G"
[33] "chr8_81333194_G_T_b38_G" "chr8_81333216_T_C_b38_T"
[35] "chr8_81333791_C_T_b38_C" "chr8_81334313_T_C_b38_T"
[37] "chr8_81335686_A_G_b38_A" "chr8_81336303_C_T_b38_C"
[39] "chr8_81464464_C_T_b38_C" "chr8_81468508_A_T_b38_A"
[41] "chr8_81468888_A_G_b38_A" "chr8_81469332_T_C_b38_T"
[43] "chr8_81469415_G_A_b38_G" "chr8_81470506_G_A_b38_G"
[45] "chr8_81470621_C_T_b38_C" "chr8_81471159_T_G_b38_T"
[47] "chr8_81514819_A_C_b38_A" "chr8_81515555_C_T_b38_C"
[49] "chr8_81518769_T_C_b38_T" "chr8_81527961_G_T_b38_G"
[51] "chr8_81900677_A_T_b38_A" "chr8_81900680_C_T_b38_C"
[53] "chr8_81900761_G_T_b38_G" "chr8_81900762_G_A_b38_G"
[55] "chr8_81900773_G_A_b38_G" "chr8_81900776_G_T_b38_G"
[57] "chr8_81900779_T_C_b38_T" "chr8_81900782_C_T_b38_C"
[59] "chr8_81900783_T_C_b38_T" "chr8_81900784_G_A_b38_G"
[61] "chr8_81900789_T_C_b38_T" "chr8_81900796_C_G_b38_C"
[63] "chr8_81900800_G_C_b38_G" "chr8_82127185_G_A_b38_G"
[65] "chr8_82127192_C_G_b38_C" "chr8_82129772_G_C_b38_G"
[67] "chr8_82130336_C_T_b38_C" "chr8_82136891_C_T_b38_C"
[69] "chr8_82137774_C_G_b38_C"
53 SNP(s) removed because HWE P < 1e-08 :
 [1] "chr19_3321712_A_G_b38_A" "chr19_3446531_A_C_b38_A"
 [3] "chr19_3447024_T_C_b38_T" "chr19_3449184_T_G_b38_T"
 [5] "chr19_3450671_G_A_b38_G" "chr19_3451860_C_T_b38_C"
 [7] "chr19_3457406_G_A_b38_G" "chr19_3457434_G_T_b38_G"
 [9] "chr19_3457456_A_G_b38_A" "chr19_3467108_G_T_b38_G"
[11] "chr19_3490774_T_C_b38_T" "chr19_3535584_T_C_b38_T"
[13] "chr19_3541617_A_G_b38_A" "chr19_3543111_C_T_b38_C"
[15] "chr19_3543642_C_T_b38_C" "chr19_3544178_G_A_b38_G"
[17] "chr19_3565094_T_G_b38_T" "chr19_3565255_G_A_b38_G"
[19] "chr19_3565359_C_T_b38_C" "chr19_3565601_T_C_b38_T"
[21] "chr19_3565911_T_C_b38_T" "chr19_3566515_T_C_b38_T"
[23] "chr19_3566633_C_T_b38_C" "chr19_3632973_C_G_b38_C"
[25] "chr19_3651553_T_G_b38_T" "chr19_3813303_A_G_b38_A"
[27] "chr19_3820801_G_A_b38_G" "chr19_3820856_G_A_b38_G"
[29] "chr19_3820861_A_T_b38_A" "chr19_3895768_G_A_b38_G"
[31] "chr19_3895808_C_T_b38_C" "chr19_3898742_C_T_b38_C"
[33] "chr19_3953651_G_A_b38_G" "chr19_3976323_T_G_b38_T"
[35] "chr19_3981528_A_G_b38_A" "chr19_3983186_A_G_b38_A"
[37] "chr19_3992110_A_G_b38_A" "chr19_4024893_G_T_b38_G"
[39] "chr19_4028692_C_G_b38_C" "chr19_4030777_A_G_b38_A"
[41] "chr19_4031344_C_T_b38_C" "chr19_4032684_A_G_b38_A"
[43] "chr19_4033246_G_C_b38_G" "chr19_4033720_C_T_b38_C"
[45] "chr19_4061783_C_T_b38_C" "chr19_4126906_A_G_b38_A"
[47] "chr19_4127545_G_C_b38_G" "chr19_4128896_A_G_b38_A"
[49] "chr19_4128966_C_T_b38_C" "chr19_4129548_A_G_b38_A"
[51] "chr19_4133518_A_G_b38_A" "chr19_4220801_T_C_b38_T"
[53] "chr19_4222562_A_G_b38_A"
74 SNP(s) removed because HWE P < 1e-08 :
 [1] "chr21_31920396_G_A_b38_G" "chr21_31935565_G_C_b38_G"
 [3] "chr21_31935580_T_G_b38_T" "chr21_32134286_A_T_b38_A"
 [5] "chr21_32238948_G_A_b38_G" "chr21_32250914_C_T_b38_C"
 [7] "chr21_32311415_A_C_b38_A" "chr21_32410343_C_T_b38_C"
 [9] "chr21_32432979_G_A_b38_G" "chr21_32432987_A_C_b38_A"
[11] "chr21_32432995_G_A_b38_G" "chr21_32433065_T_A_b38_T"
[13] "chr21_32433084_C_T_b38_C" "chr21_32433553_G_A_b38_G"
[15] "chr21_32433554_C_G_b38_C" "chr21_32433562_T_C_b38_T"
[17] "chr21_32433629_A_G_b38_A" "chr21_32433656_G_A_b38_G"
[19] "chr21_32433663_A_T_b38_A" "chr21_32434706_A_G_b38_A"
[21] "chr21_32434713_T_C_b38_T" "chr21_32434721_A_C_b38_A"
[23] "chr21_32434746_A_C_b38_A" "chr21_32434842_G_A_b38_G"
[25] "chr21_32434867_C_T_b38_C" "chr21_32434878_G_A_b38_G"
[27] "chr21_32434919_T_G_b38_T" "chr21_32434927_C_T_b38_C"
[29] "chr21_32434967_T_G_b38_T" "chr21_32434971_T_C_b38_T"
[31] "chr21_32434992_T_C_b38_T" "chr21_32435003_T_G_b38_T"
[33] "chr21_32435004_T_C_b38_T" "chr21_32435117_A_G_b38_A"
[35] "chr21_32435125_T_C_b38_T" "chr21_32435126_G_C_b38_G"
[37] "chr21_32435133_C_A_b38_C" "chr21_32435360_C_T_b38_C"
[39] "chr21_32435400_A_G_b38_A" "chr21_32435408_T_C_b38_T"
[41] "chr21_32435414_A_G_b38_A" "chr21_32435436_C_T_b38_C"
[43] "chr21_32435462_C_T_b38_C" "chr21_32435661_G_C_b38_G"
[45] "chr21_32435666_T_G_b38_T" "chr21_32435667_A_G_b38_A"
[47] "chr21_32435716_C_T_b38_C" "chr21_32435721_G_A_b38_G"
[49] "chr21_32435728_T_C_b38_T" "chr21_32435763_C_T_b38_C"
[51] "chr21_32435766_A_C_b38_A" "chr21_32435898_C_T_b38_C"
[53] "chr21_32435949_T_A_b38_T" "chr21_32435990_T_A_b38_T"
[55] "chr21_32436019_G_A_b38_G" "chr21_32436447_T_A_b38_T"
[57] "chr21_32436465_A_C_b38_A" "chr21_32436477_T_A_b38_T"
[59] "chr21_32436484_T_C_b38_T" "chr21_32436539_G_A_b38_G"
[61] "chr21_32436627_G_A_b38_G" "chr21_32436628_G_A_b38_G"
[63] "chr21_32436637_A_G_b38_A" "chr21_32436702_C_T_b38_C"
[65] "chr21_32436736_G_A_b38_G" "chr21_32436746_A_G_b38_A"
[67] "chr21_32437187_G_C_b38_G" "chr21_32437224_A_G_b38_A"
[69] "chr21_32437249_C_A_b38_C" "chr21_32437250_G_A_b38_G"
[71] "chr21_32437258_C_G_b38_C" "chr21_32621877_A_T_b38_A"
[73] "chr21_32660622_A_G_b38_A" "chr21_32660624_C_T_b38_C"
51 SNP(s) removed because HWE P < 1e-08 :
 [1] "chr19_50749708_G_C_b38_G" "chr19_50842031_A_G_b38_A"
 [3] "chr19_50896788_T_C_b38_T" "chr19_50897100_A_G_b38_A"
 [5] "chr19_50897145_C_T_b38_C" "chr19_50948431_C_T_b38_C"
 [7] "chr19_50957933_A_G_b38_A" "chr19_51083323_T_G_b38_T"
 [9] "chr19_51107599_A_G_b38_A" "chr19_51107741_T_G_b38_T"
[11] "chr19_51108006_G_A_b38_G" "chr19_51116302_T_C_b38_T"
[13] "chr19_51120922_T_G_b38_T" "chr19_51121015_T_G_b38_T"
[15] "chr19_51121279_T_C_b38_T" "chr19_51121832_A_C_b38_A"
[17] "chr19_51121942_T_C_b38_T" "chr19_51122379_A_G_b38_A"
[19] "chr19_51122568_A_G_b38_A" "chr19_51122642_G_C_b38_G"
[21] "chr19_51123685_A_G_b38_A" "chr19_51136723_A_G_b38_A"
[23] "chr19_51172375_T_C_b38_T" "chr19_51173311_A_G_b38_A"
[25] "chr19_51173876_T_C_b38_T" "chr19_51184134_C_T_b38_C"
[27] "chr19_51201503_A_G_b38_A" "chr19_51208344_T_C_b38_T"
[29] "chr19_51208365_C_T_b38_C" "chr19_51212754_T_C_b38_T"
[31] "chr19_51235665_T_C_b38_T" "chr19_51251278_A_C_b38_A"
[33] "chr19_51280161_A_G_b38_A" "chr19_51280387_C_T_b38_C"
[35] "chr19_51281207_G_A_b38_G" "chr19_51282770_C_G_b38_C"
[37] "chr19_51283428_T_C_b38_T" "chr19_51284112_C_T_b38_C"
[39] "chr19_51284184_A_C_b38_A" "chr19_51285176_C_A_b38_C"
[41] "chr19_51285861_G_A_b38_G" "chr19_51287738_T_C_b38_T"
[43] "chr19_51290510_A_C_b38_A" "chr19_51291857_T_G_b38_T"
[45] "chr19_51293045_T_C_b38_T" "chr19_51298175_C_T_b38_C"
[47] "chr19_51358092_C_G_b38_C" "chr19_51447917_C_T_b38_C"
[49] "chr19_51447928_A_G_b38_A" "chr19_51448049_T_G_b38_T"
[51] "chr19_51457686_A_G_b38_A"
86 SNP(s) removed because HWE P < 1e-08 :
 [1] "chr11_12602581_C_A_b38_C" "chr11_12624958_C_A_b38_C"
 [3] "chr11_12709357_A_C_b38_A" "chr11_12711743_G_T_b38_G"
 [5] "chr11_12712147_G_A_b38_G" "chr11_12714195_C_T_b38_C"
 [7] "chr11_12714879_C_G_b38_C" "chr11_12715017_G_A_b38_G"
 [9] "chr11_12715147_C_T_b38_C" "chr11_12715325_A_G_b38_A"
[11] "chr11_12715946_C_T_b38_C" "chr11_12715993_T_C_b38_T"
[13] "chr11_12717103_G_A_b38_G" "chr11_12717141_C_A_b38_C"
[15] "chr11_12722267_A_G_b38_A" "chr11_12722492_G_A_b38_G"
[17] "chr11_12722623_A_G_b38_A" "chr11_12725406_G_A_b38_G"
[19] "chr11_12726375_G_A_b38_G" "chr11_12730213_C_A_b38_C"
[21] "chr11_12731602_A_G_b38_A" "chr11_12750963_G_C_b38_G"
[23] "chr11_12757747_T_C_b38_T" "chr11_12757888_G_T_b38_G"
[25] "chr11_12758617_C_T_b38_C" "chr11_12758709_T_C_b38_T"
[27] "chr11_12759469_G_A_b38_G" "chr11_12775522_G_C_b38_G"
[29] "chr11_12781165_A_G_b38_A" "chr11_12797262_G_A_b38_G"
[31] "chr11_12801705_T_G_b38_T" "chr11_12806545_C_T_b38_C"
[33] "chr11_12810221_C_T_b38_C" "chr11_12820345_A_C_b38_A"
[35] "chr11_12959220_G_C_b38_G" "chr11_13145421_T_C_b38_T"
[37] "chr11_13159063_A_T_b38_A" "chr11_13160043_T_C_b38_T"
[39] "chr11_13161191_T_G_b38_T" "chr11_13162034_C_T_b38_C"
[41] "chr11_13163679_G_A_b38_G" "chr11_13167486_A_G_b38_A"
[43] "chr11_13167824_C_G_b38_C" "chr11_13168039_T_G_b38_T"
[45] "chr11_13168424_A_T_b38_A" "chr11_13168751_C_A_b38_C"
[47] "chr11_13168868_C_G_b38_C" "chr11_13170516_C_T_b38_C"
[49] "chr11_13171300_T_A_b38_T" "chr11_13171711_G_C_b38_G"
[51] "chr11_13172324_A_C_b38_A" "chr11_13172527_T_C_b38_T"
[53] "chr11_13172742_G_A_b38_G" "chr11_13173008_G_A_b38_G"
[55] "chr11_13173311_A_C_b38_A" "chr11_13173332_G_A_b38_G"
[57] "chr11_13173916_G_A_b38_G" "chr11_13174617_C_T_b38_C"
[59] "chr11_13174658_A_G_b38_A" "chr11_13175460_G_T_b38_G"
[61] "chr11_13175491_T_C_b38_T" "chr11_13176427_A_G_b38_A"
[63] "chr11_13176535_G_A_b38_G" "chr11_13176583_C_T_b38_C"
[65] "chr11_13177356_T_C_b38_T" "chr11_13178288_C_T_b38_C"
[67] "chr11_13178878_C_T_b38_C" "chr11_13179392_C_G_b38_C"
[69] "chr11_13179991_G_A_b38_G" "chr11_13180396_T_C_b38_T"
[71] "chr11_13181122_C_T_b38_C" "chr11_13181132_T_A_b38_T"
[73] "chr11_13181163_T_G_b38_T" "chr11_13181254_G_A_b38_G"
[75] "chr11_13181293_C_T_b38_C" "chr11_13181360_G_A_b38_G"
[77] "chr11_13181664_A_G_b38_A" "chr11_13182114_G_A_b38_G"
[79] "chr11_13182203_G_A_b38_G" "chr11_13182610_C_T_b38_C"
[81] "chr11_13182823_T_C_b38_T" "chr11_13183287_G_A_b38_G"
[83] "chr11_13184213_G_A_b38_G" "chr11_13301971_T_C_b38_T"
[85] "chr11_13316281_G_A_b38_G" "chr11_13395112_C_G_b38_C"
32 SNP(s) removed because HWE P < 1e-08 :
 [1] "chr19_17504800_T_C_b38_T" "chr19_17504915_T_C_b38_T"
 [3] "chr19_17583443_G_T_b38_G" "chr19_17666011_C_T_b38_C"
 [5] "chr19_17666078_T_C_b38_T" "chr19_17847808_C_T_b38_C"
 [7] "chr19_17847968_T_C_b38_T" "chr19_17901200_G_T_b38_G"
 [9] "chr19_17908396_T_C_b38_T" "chr19_17924720_G_T_b38_G"
[11] "chr19_17928630_T_C_b38_T" "chr19_18036796_G_A_b38_G"
[13] "chr19_18037080_A_T_b38_A" "chr19_18037381_T_C_b38_T"
[15] "chr19_18037783_T_C_b38_T" "chr19_18039165_G_A_b38_G"
[17] "chr19_18039479_C_T_b38_C" "chr19_18039995_T_C_b38_T"
[19] "chr19_18040092_T_C_b38_T" "chr19_18040429_G_T_b38_G"
[21] "chr19_18040432_G_T_b38_G" "chr19_18042127_C_T_b38_C"
[23] "chr19_18042885_A_G_b38_A" "chr19_18043992_G_C_b38_G"
[25] "chr19_18044231_C_G_b38_C" "chr19_18044266_G_C_b38_G"
[27] "chr19_18251693_G_C_b38_G" "chr19_18260387_C_T_b38_C"
[29] "chr19_18262150_C_G_b38_C" "chr19_18265699_G_A_b38_G"
[31] "chr19_18265970_T_C_b38_T" "chr19_18267871_C_A_b38_C"
22 SNP(s) removed because HWE P < 1e-08 :
 [1] "chr1_162353041_G_C_b38_G" "chr1_162353047_A_C_b38_A"
 [3] "chr1_162477576_G_A_b38_G" "chr1_162481393_G_A_b38_G"
 [5] "chr1_162483630_C_T_b38_C" "chr1_162701799_T_C_b38_T"
 [7] "chr1_162704548_G_A_b38_G" "chr1_162705250_T_C_b38_T"
 [9] "chr1_162706401_C_T_b38_C" "chr1_162710700_T_C_b38_T"
[11] "chr1_162714569_T_C_b38_T" "chr1_162722878_C_G_b38_C"
[13] "chr1_162733892_A_G_b38_A" "chr1_162742199_A_T_b38_A"
[15] "chr1_162742900_G_A_b38_G" "chr1_162743999_G_A_b38_G"
[17] "chr1_162744207_T_C_b38_T" "chr1_162752426_G_A_b38_G"
[19] "chr1_162763446_G_A_b38_G" "chr1_162798738_C_G_b38_C"
[21] "chr1_162803606_G_A_b38_G" "chr1_162909861_T_C_b38_T"
49 SNP(s) removed because HWE P < 1e-08 :
 [1] "chr19_51083323_T_G_b38_T" "chr19_51107599_A_G_b38_A"
 [3] "chr19_51107741_T_G_b38_T" "chr19_51108006_G_A_b38_G"
 [5] "chr19_51116302_T_C_b38_T" "chr19_51120922_T_G_b38_T"
 [7] "chr19_51121015_T_G_b38_T" "chr19_51121279_T_C_b38_T"
 [9] "chr19_51121832_A_C_b38_A" "chr19_51121942_T_C_b38_T"
[11] "chr19_51122379_A_G_b38_A" "chr19_51122568_A_G_b38_A"
[13] "chr19_51122642_G_C_b38_G" "chr19_51123685_A_G_b38_A"
[15] "chr19_51136723_A_G_b38_A" "chr19_51172375_T_C_b38_T"
[17] "chr19_51173311_A_G_b38_A" "chr19_51173876_T_C_b38_T"
[19] "chr19_51184134_C_T_b38_C" "chr19_51201503_A_G_b38_A"
[21] "chr19_51208344_T_C_b38_T" "chr19_51208365_C_T_b38_C"
[23] "chr19_51212754_T_C_b38_T" "chr19_51235665_T_C_b38_T"
[25] "chr19_51251278_A_C_b38_A" "chr19_51280161_A_G_b38_A"
[27] "chr19_51280387_C_T_b38_C" "chr19_51281207_G_A_b38_G"
[29] "chr19_51282770_C_G_b38_C" "chr19_51283428_T_C_b38_T"
[31] "chr19_51284112_C_T_b38_C" "chr19_51284184_A_C_b38_A"
[33] "chr19_51285176_C_A_b38_C" "chr19_51285861_G_A_b38_G"
[35] "chr19_51287738_T_C_b38_T" "chr19_51290510_A_C_b38_A"
[37] "chr19_51291857_T_G_b38_T" "chr19_51293045_T_C_b38_T"
[39] "chr19_51298175_C_T_b38_C" "chr19_51358092_C_G_b38_C"
[41] "chr19_51447917_C_T_b38_C" "chr19_51447928_A_G_b38_A"
[43] "chr19_51448049_T_G_b38_T" "chr19_51457686_A_G_b38_A"
[45] "chr19_51780129_T_C_b38_T" "chr19_51780359_A_G_b38_A"
[47] "chr19_51848424_G_A_b38_G" "chr19_51875933_G_A_b38_G"
[49] "chr19_51876393_G_A_b38_G"
37 SNP(s) removed because HWE P < 1e-08 :
 [1] "chr16_24109784_G_A_b38_G" "chr16_24227690_G_C_b38_G"
 [3] "chr16_24233628_G_C_b38_G" "chr16_24496566_C_T_b38_C"
 [5] "chr16_24496764_C_A_b38_C" "chr16_24499309_C_T_b38_C"
 [7] "chr16_24870481_A_C_b38_A" "chr16_24873006_G_A_b38_G"
 [9] "chr16_24884357_A_G_b38_A" "chr16_24917601_A_G_b38_A"
[11] "chr16_24917765_G_A_b38_G" "chr16_24917986_T_C_b38_T"
[13] "chr16_24919227_T_C_b38_T" "chr16_24920477_C_T_b38_C"
[15] "chr16_24920573_A_G_b38_A" "chr16_24921599_T_C_b38_T"
[17] "chr16_24923143_G_T_b38_G" "chr16_24924245_T_C_b38_T"
[19] "chr16_24924716_A_T_b38_A" "chr16_24925306_A_G_b38_A"
[21] "chr16_24927264_T_C_b38_T" "chr16_24932825_T_C_b38_T"
[23] "chr16_24940578_A_G_b38_A" "chr16_24943087_G_A_b38_G"
[25] "chr16_24943465_A_G_b38_A" "chr16_24945135_A_G_b38_A"
[27] "chr16_24945229_T_G_b38_T" "chr16_24945237_A_C_b38_A"
[29] "chr16_24947347_A_C_b38_A" "chr16_24947664_G_A_b38_G"
[31] "chr16_24948730_C_G_b38_C" "chr16_24950568_T_C_b38_T"
[33] "chr16_24952718_T_C_b38_T" "chr16_24953197_T_C_b38_T"
[35] "chr16_24953395_G_T_b38_G" "chr16_24953714_C_T_b38_C"
[37] "chr16_24955202_T_C_b38_T"
64 SNP(s) removed because HWE P < 1e-08 :
 [1] "chr15_98210455_G_C_b38_G" "chr15_98215188_C_T_b38_C"
 [3] "chr15_98278102_C_T_b38_C" "chr15_98278251_C_T_b38_C"
 [5] "chr15_98310051_T_C_b38_T" "chr15_98312899_G_C_b38_G"
 [7] "chr15_98314451_G_A_b38_G" "chr15_98317133_G_A_b38_G"
 [9] "chr15_98587593_G_A_b38_G" "chr15_98606405_A_C_b38_A"
[11] "chr15_98607168_C_G_b38_C" "chr15_98663606_G_A_b38_G"
[13] "chr15_98664810_A_G_b38_A" "chr15_98667602_C_T_b38_C"
[15] "chr15_98669256_G_T_b38_G" "chr15_98670134_A_T_b38_A"
[17] "chr15_98671869_G_A_b38_G" "chr15_98672386_G_A_b38_G"
[19] "chr15_98676369_C_T_b38_C" "chr15_98676676_C_T_b38_C"
[21] "chr15_98706678_C_T_b38_C" "chr15_98709928_A_T_b38_A"
[23] "chr15_98710452_G_A_b38_G" "chr15_98710964_C_T_b38_C"
[25] "chr15_98747177_T_C_b38_T" "chr15_98779819_G_T_b38_G"
[27] "chr15_98784153_T_G_b38_T" "chr15_98786996_G_A_b38_G"
[29] "chr15_98788058_C_G_b38_C" "chr15_98788316_A_G_b38_A"
[31] "chr15_98789488_C_T_b38_C" "chr15_98789780_G_C_b38_G"
[33] "chr15_98791393_A_T_b38_A" "chr15_98791804_G_A_b38_G"
[35] "chr15_98792550_G_A_b38_G" "chr15_98793401_A_C_b38_A"
[37] "chr15_98805044_T_A_b38_T" "chr15_98807105_C_T_b38_C"
[39] "chr15_98808228_C_T_b38_C" "chr15_98808875_T_A_b38_T"
[41] "chr15_98809112_C_T_b38_C" "chr15_98809798_C_T_b38_C"
[43] "chr15_98810192_A_C_b38_A" "chr15_98815957_C_T_b38_C"
[45] "chr15_98818740_A_C_b38_A" "chr15_98818744_A_C_b38_A"
[47] "chr15_98824723_T_C_b38_T" "chr15_98828012_C_A_b38_C"
[49] "chr15_98828192_G_T_b38_G" "chr15_98829933_G_A_b38_G"
[51] "chr15_98830944_T_C_b38_T" "chr15_98833186_A_G_b38_A"
[53] "chr15_98835865_G_A_b38_G" "chr15_98837213_T_C_b38_T"
[55] "chr15_98837628_A_G_b38_A" "chr15_98911765_G_A_b38_G"
[57] "chr15_98931269_G_A_b38_G" "chr15_98932805_C_T_b38_C"
[59] "chr15_98933271_T_A_b38_T" "chr15_98936520_G_A_b38_G"
[61] "chr15_99013370_C_T_b38_C" "chr15_99014709_T_C_b38_T"
[63] "chr15_99049485_C_T_b38_C" "chr15_99050839_T_C_b38_T"
6 SNP(s) removed because HWE P < 1e-08 :
[1] "chr17_28439190_A_C_b38_A" "chr17_28439714_T_C_b38_T"
[3] "chr17_28441937_G_A_b38_G" "chr17_28452019_C_T_b38_C"
[5] "chr17_28452207_C_G_b38_C" "chr17_28459762_C_A_b38_C"
49 SNP(s) removed because HWE P < 1e-08 :
 [1] "chr19_51083323_T_G_b38_T" "chr19_51107599_A_G_b38_A"
 [3] "chr19_51107741_T_G_b38_T" "chr19_51108006_G_A_b38_G"
 [5] "chr19_51116302_T_C_b38_T" "chr19_51120922_T_G_b38_T"
 [7] "chr19_51121015_T_G_b38_T" "chr19_51121279_T_C_b38_T"
 [9] "chr19_51121832_A_C_b38_A" "chr19_51121942_T_C_b38_T"
[11] "chr19_51122379_A_G_b38_A" "chr19_51122568_A_G_b38_A"
[13] "chr19_51122642_G_C_b38_G" "chr19_51123685_A_G_b38_A"
[15] "chr19_51136723_A_G_b38_A" "chr19_51172375_T_C_b38_T"
[17] "chr19_51173311_A_G_b38_A" "chr19_51173876_T_C_b38_T"
[19] "chr19_51184134_C_T_b38_C" "chr19_51201503_A_G_b38_A"
[21] "chr19_51208344_T_C_b38_T" "chr19_51208365_C_T_b38_C"
[23] "chr19_51212754_T_C_b38_T" "chr19_51235665_T_C_b38_T"
[25] "chr19_51251278_A_C_b38_A" "chr19_51280161_A_G_b38_A"
[27] "chr19_51280387_C_T_b38_C" "chr19_51281207_G_A_b38_G"
[29] "chr19_51282770_C_G_b38_C" "chr19_51283428_T_C_b38_T"
[31] "chr19_51284112_C_T_b38_C" "chr19_51284184_A_C_b38_A"
[33] "chr19_51285176_C_A_b38_C" "chr19_51285861_G_A_b38_G"
[35] "chr19_51287738_T_C_b38_T" "chr19_51290510_A_C_b38_A"
[37] "chr19_51291857_T_G_b38_T" "chr19_51293045_T_C_b38_T"
[39] "chr19_51298175_C_T_b38_C" "chr19_51358092_C_G_b38_C"
[41] "chr19_51447917_C_T_b38_C" "chr19_51447928_A_G_b38_A"
[43] "chr19_51448049_T_G_b38_T" "chr19_51457686_A_G_b38_A"
[45] "chr19_51780129_T_C_b38_T" "chr19_51780359_A_G_b38_A"
[47] "chr19_51848424_G_A_b38_G" "chr19_51875933_G_A_b38_G"
[49] "chr19_51876393_G_A_b38_G"
69 SNP(s) removed because HWE P < 1e-08 :
 [1] "chr8_81253423_T_C_b38_T" "chr8_81281143_C_T_b38_C"
 [3] "chr8_81289273_A_T_b38_A" "chr8_81297255_A_G_b38_A"
 [5] "chr8_81299436_C_T_b38_C" "chr8_81300344_T_C_b38_T"
 [7] "chr8_81325559_T_C_b38_T" "chr8_81327049_C_G_b38_C"
 [9] "chr8_81327156_T_G_b38_T" "chr8_81327252_A_G_b38_A"
[11] "chr8_81327333_T_C_b38_T" "chr8_81327394_A_G_b38_A"
[13] "chr8_81328362_A_G_b38_A" "chr8_81328531_C_A_b38_C"
[15] "chr8_81329064_T_A_b38_T" "chr8_81329094_T_G_b38_T"
[17] "chr8_81329957_C_T_b38_C" "chr8_81330786_A_G_b38_A"
[19] "chr8_81330873_T_C_b38_T" "chr8_81331043_A_C_b38_A"
[21] "chr8_81331131_T_C_b38_T" "chr8_81331608_C_T_b38_C"
[23] "chr8_81331614_C_T_b38_C" "chr8_81331709_T_G_b38_T"
[25] "chr8_81331864_A_G_b38_A" "chr8_81331877_C_T_b38_C"
[27] "chr8_81332098_G_A_b38_G" "chr8_81332283_A_G_b38_A"
[29] "chr8_81332524_C_T_b38_C" "chr8_81332904_A_T_b38_A"
[31] "chr8_81332906_C_T_b38_C" "chr8_81333125_G_A_b38_G"
[33] "chr8_81333194_G_T_b38_G" "chr8_81333216_T_C_b38_T"
[35] "chr8_81333791_C_T_b38_C" "chr8_81334313_T_C_b38_T"
[37] "chr8_81335686_A_G_b38_A" "chr8_81336303_C_T_b38_C"
[39] "chr8_81464464_C_T_b38_C" "chr8_81468508_A_T_b38_A"
[41] "chr8_81468888_A_G_b38_A" "chr8_81469332_T_C_b38_T"
[43] "chr8_81469415_G_A_b38_G" "chr8_81470506_G_A_b38_G"
[45] "chr8_81470621_C_T_b38_C" "chr8_81471159_T_G_b38_T"
[47] "chr8_81514819_A_C_b38_A" "chr8_81515555_C_T_b38_C"
[49] "chr8_81518769_T_C_b38_T" "chr8_81527961_G_T_b38_G"
[51] "chr8_81900677_A_T_b38_A" "chr8_81900680_C_T_b38_C"
[53] "chr8_81900761_G_T_b38_G" "chr8_81900762_G_A_b38_G"
[55] "chr8_81900773_G_A_b38_G" "chr8_81900776_G_T_b38_G"
[57] "chr8_81900779_T_C_b38_T" "chr8_81900782_C_T_b38_C"
[59] "chr8_81900783_T_C_b38_T" "chr8_81900784_G_A_b38_G"
[61] "chr8_81900789_T_C_b38_T" "chr8_81900796_C_G_b38_C"
[63] "chr8_81900800_G_C_b38_G" "chr8_82127185_G_A_b38_G"
[65] "chr8_82127192_C_G_b38_C" "chr8_82129772_G_C_b38_G"
[67] "chr8_82130336_C_T_b38_C" "chr8_82136891_C_T_b38_C"
[69] "chr8_82137774_C_G_b38_C"
74 SNP(s) removed because HWE P < 1e-08 :
 [1] "chr21_31920396_G_A_b38_G" "chr21_31935565_G_C_b38_G"
 [3] "chr21_31935580_T_G_b38_T" "chr21_32134286_A_T_b38_A"
 [5] "chr21_32238948_G_A_b38_G" "chr21_32250914_C_T_b38_C"
 [7] "chr21_32311415_A_C_b38_A" "chr21_32410343_C_T_b38_C"
 [9] "chr21_32432979_G_A_b38_G" "chr21_32432987_A_C_b38_A"
[11] "chr21_32432995_G_A_b38_G" "chr21_32433065_T_A_b38_T"
[13] "chr21_32433084_C_T_b38_C" "chr21_32433553_G_A_b38_G"
[15] "chr21_32433554_C_G_b38_C" "chr21_32433562_T_C_b38_T"
[17] "chr21_32433629_A_G_b38_A" "chr21_32433656_G_A_b38_G"
[19] "chr21_32433663_A_T_b38_A" "chr21_32434706_A_G_b38_A"
[21] "chr21_32434713_T_C_b38_T" "chr21_32434721_A_C_b38_A"
[23] "chr21_32434746_A_C_b38_A" "chr21_32434842_G_A_b38_G"
[25] "chr21_32434867_C_T_b38_C" "chr21_32434878_G_A_b38_G"
[27] "chr21_32434919_T_G_b38_T" "chr21_32434927_C_T_b38_C"
[29] "chr21_32434967_T_G_b38_T" "chr21_32434971_T_C_b38_T"
[31] "chr21_32434992_T_C_b38_T" "chr21_32435003_T_G_b38_T"
[33] "chr21_32435004_T_C_b38_T" "chr21_32435117_A_G_b38_A"
[35] "chr21_32435125_T_C_b38_T" "chr21_32435126_G_C_b38_G"
[37] "chr21_32435133_C_A_b38_C" "chr21_32435360_C_T_b38_C"
[39] "chr21_32435400_A_G_b38_A" "chr21_32435408_T_C_b38_T"
[41] "chr21_32435414_A_G_b38_A" "chr21_32435436_C_T_b38_C"
[43] "chr21_32435462_C_T_b38_C" "chr21_32435661_G_C_b38_G"
[45] "chr21_32435666_T_G_b38_T" "chr21_32435667_A_G_b38_A"
[47] "chr21_32435716_C_T_b38_C" "chr21_32435721_G_A_b38_G"
[49] "chr21_32435728_T_C_b38_T" "chr21_32435763_C_T_b38_C"
[51] "chr21_32435766_A_C_b38_A" "chr21_32435898_C_T_b38_C"
[53] "chr21_32435949_T_A_b38_T" "chr21_32435990_T_A_b38_T"
[55] "chr21_32436019_G_A_b38_G" "chr21_32436447_T_A_b38_T"
[57] "chr21_32436465_A_C_b38_A" "chr21_32436477_T_A_b38_T"
[59] "chr21_32436484_T_C_b38_T" "chr21_32436539_G_A_b38_G"
[61] "chr21_32436627_G_A_b38_G" "chr21_32436628_G_A_b38_G"
[63] "chr21_32436637_A_G_b38_A" "chr21_32436702_C_T_b38_C"
[65] "chr21_32436736_G_A_b38_G" "chr21_32436746_A_G_b38_A"
[67] "chr21_32437187_G_C_b38_G" "chr21_32437224_A_G_b38_A"
[69] "chr21_32437249_C_A_b38_C" "chr21_32437250_G_A_b38_G"
[71] "chr21_32437258_C_G_b38_C" "chr21_32621877_A_T_b38_A"
[73] "chr21_32660622_A_G_b38_A" "chr21_32660624_C_T_b38_C"
51 SNP(s) removed because HWE P < 1e-08 :
 [1] "chr19_50749708_G_C_b38_G" "chr19_50842031_A_G_b38_A"
 [3] "chr19_50896788_T_C_b38_T" "chr19_50897100_A_G_b38_A"
 [5] "chr19_50897145_C_T_b38_C" "chr19_50948431_C_T_b38_C"
 [7] "chr19_50957933_A_G_b38_A" "chr19_51083323_T_G_b38_T"
 [9] "chr19_51107599_A_G_b38_A" "chr19_51107741_T_G_b38_T"
[11] "chr19_51108006_G_A_b38_G" "chr19_51116302_T_C_b38_T"
[13] "chr19_51120922_T_G_b38_T" "chr19_51121015_T_G_b38_T"
[15] "chr19_51121279_T_C_b38_T" "chr19_51121832_A_C_b38_A"
[17] "chr19_51121942_T_C_b38_T" "chr19_51122379_A_G_b38_A"
[19] "chr19_51122568_A_G_b38_A" "chr19_51122642_G_C_b38_G"
[21] "chr19_51123685_A_G_b38_A" "chr19_51136723_A_G_b38_A"
[23] "chr19_51172375_T_C_b38_T" "chr19_51173311_A_G_b38_A"
[25] "chr19_51173876_T_C_b38_T" "chr19_51184134_C_T_b38_C"
[27] "chr19_51201503_A_G_b38_A" "chr19_51208344_T_C_b38_T"
[29] "chr19_51208365_C_T_b38_C" "chr19_51212754_T_C_b38_T"
[31] "chr19_51235665_T_C_b38_T" "chr19_51251278_A_C_b38_A"
[33] "chr19_51280161_A_G_b38_A" "chr19_51280387_C_T_b38_C"
[35] "chr19_51281207_G_A_b38_G" "chr19_51282770_C_G_b38_C"
[37] "chr19_51283428_T_C_b38_T" "chr19_51284112_C_T_b38_C"
[39] "chr19_51284184_A_C_b38_A" "chr19_51285176_C_A_b38_C"
[41] "chr19_51285861_G_A_b38_G" "chr19_51287738_T_C_b38_T"
[43] "chr19_51290510_A_C_b38_A" "chr19_51291857_T_G_b38_T"
[45] "chr19_51293045_T_C_b38_T" "chr19_51298175_C_T_b38_C"
[47] "chr19_51358092_C_G_b38_C" "chr19_51447917_C_T_b38_C"
[49] "chr19_51447928_A_G_b38_A" "chr19_51448049_T_G_b38_T"
[51] "chr19_51457686_A_G_b38_A"
26 SNP(s) removed because HWE P < 1e-08 :
 [1] "chr4_48078519_A_C_b38_A" "chr4_48079528_T_C_b38_T"
 [3] "chr4_48085231_T_C_b38_T" "chr4_48085838_G_A_b38_G"
 [5] "chr4_48086052_C_T_b38_C" "chr4_48086429_A_G_b38_A"
 [7] "chr4_48450863_T_C_b38_T" "chr4_48451209_C_T_b38_C"
 [9] "chr4_48452709_A_G_b38_A" "chr4_48711359_T_C_b38_T"
[11] "chr4_48711393_C_T_b38_C" "chr4_48711401_C_A_b38_C"
[13] "chr4_48711410_A_G_b38_A" "chr4_48711421_A_C_b38_A"
[15] "chr4_48711432_G_C_b38_G" "chr4_48711433_G_A_b38_G"
[17] "chr4_48711441_A_C_b38_A" "chr4_48711445_C_T_b38_C"
[19] "chr4_48711447_G_A_b38_G" "chr4_48711466_C_T_b38_C"
[21] "chr4_48711467_A_T_b38_A" "chr4_48711470_G_A_b38_G"
[23] "chr4_48711609_C_T_b38_C" "chr4_48711661_A_G_b38_A"
[25] "chr4_48711678_T_A_b38_T" "chr4_48711716_T_C_b38_T"
10 SNP(s) removed because HWE P < 1e-08 :
 [1] "chr11_126132291_C_T_b38_C" "chr11_126133950_A_G_b38_A"
 [3] "chr11_126134180_G_A_b38_G" "chr11_126134888_A_G_b38_A"
 [5] "chr11_126135086_G_A_b38_G" "chr11_126135916_C_T_b38_C"
 [7] "chr11_126136722_A_G_b38_A" "chr11_126137014_G_A_b38_G"
 [9] "chr11_126194518_G_C_b38_G" "chr11_126199265_T_G_b38_T"
49 SNP(s) removed because HWE P < 1e-08 :
 [1] "chr19_51083323_T_G_b38_T" "chr19_51107599_A_G_b38_A"
 [3] "chr19_51107741_T_G_b38_T" "chr19_51108006_G_A_b38_G"
 [5] "chr19_51116302_T_C_b38_T" "chr19_51120922_T_G_b38_T"
 [7] "chr19_51121015_T_G_b38_T" "chr19_51121279_T_C_b38_T"
 [9] "chr19_51121832_A_C_b38_A" "chr19_51121942_T_C_b38_T"
[11] "chr19_51122379_A_G_b38_A" "chr19_51122568_A_G_b38_A"
[13] "chr19_51122642_G_C_b38_G" "chr19_51123685_A_G_b38_A"
[15] "chr19_51136723_A_G_b38_A" "chr19_51172375_T_C_b38_T"
[17] "chr19_51173311_A_G_b38_A" "chr19_51173876_T_C_b38_T"
[19] "chr19_51184134_C_T_b38_C" "chr19_51201503_A_G_b38_A"
[21] "chr19_51208344_T_C_b38_T" "chr19_51208365_C_T_b38_C"
[23] "chr19_51212754_T_C_b38_T" "chr19_51235665_T_C_b38_T"
[25] "chr19_51251278_A_C_b38_A" "chr19_51280161_A_G_b38_A"
[27] "chr19_51280387_C_T_b38_C" "chr19_51281207_G_A_b38_G"
[29] "chr19_51282770_C_G_b38_C" "chr19_51283428_T_C_b38_T"
[31] "chr19_51284112_C_T_b38_C" "chr19_51284184_A_C_b38_A"
[33] "chr19_51285176_C_A_b38_C" "chr19_51285861_G_A_b38_G"
[35] "chr19_51287738_T_C_b38_T" "chr19_51290510_A_C_b38_A"
[37] "chr19_51291857_T_G_b38_T" "chr19_51293045_T_C_b38_T"
[39] "chr19_51298175_C_T_b38_C" "chr19_51358092_C_G_b38_C"
[41] "chr19_51447917_C_T_b38_C" "chr19_51447928_A_G_b38_A"
[43] "chr19_51448049_T_G_b38_T" "chr19_51457686_A_G_b38_A"
[45] "chr19_51780129_T_C_b38_T" "chr19_51780359_A_G_b38_A"
[47] "chr19_51848424_G_A_b38_G" "chr19_51875933_G_A_b38_G"
[49] "chr19_51876393_G_A_b38_G"
51 SNP(s) removed because HWE P < 1e-08 :
 [1] "chr19_50749708_G_C_b38_G" "chr19_50842031_A_G_b38_A"
 [3] "chr19_50896788_T_C_b38_T" "chr19_50897100_A_G_b38_A"
 [5] "chr19_50897145_C_T_b38_C" "chr19_50948431_C_T_b38_C"
 [7] "chr19_50957933_A_G_b38_A" "chr19_51083323_T_G_b38_T"
 [9] "chr19_51107599_A_G_b38_A" "chr19_51107741_T_G_b38_T"
[11] "chr19_51108006_G_A_b38_G" "chr19_51116302_T_C_b38_T"
[13] "chr19_51120922_T_G_b38_T" "chr19_51121015_T_G_b38_T"
[15] "chr19_51121279_T_C_b38_T" "chr19_51121832_A_C_b38_A"
[17] "chr19_51121942_T_C_b38_T" "chr19_51122379_A_G_b38_A"
[19] "chr19_51122568_A_G_b38_A" "chr19_51122642_G_C_b38_G"
[21] "chr19_51123685_A_G_b38_A" "chr19_51136723_A_G_b38_A"
[23] "chr19_51172375_T_C_b38_T" "chr19_51173311_A_G_b38_A"
[25] "chr19_51173876_T_C_b38_T" "chr19_51184134_C_T_b38_C"
[27] "chr19_51201503_A_G_b38_A" "chr19_51208344_T_C_b38_T"
[29] "chr19_51208365_C_T_b38_C" "chr19_51212754_T_C_b38_T"
[31] "chr19_51235665_T_C_b38_T" "chr19_51251278_A_C_b38_A"
[33] "chr19_51280161_A_G_b38_A" "chr19_51280387_C_T_b38_C"
[35] "chr19_51281207_G_A_b38_G" "chr19_51282770_C_G_b38_C"
[37] "chr19_51283428_T_C_b38_T" "chr19_51284112_C_T_b38_C"
[39] "chr19_51284184_A_C_b38_A" "chr19_51285176_C_A_b38_C"
[41] "chr19_51285861_G_A_b38_G" "chr19_51287738_T_C_b38_T"
[43] "chr19_51290510_A_C_b38_A" "chr19_51291857_T_G_b38_T"
[45] "chr19_51293045_T_C_b38_T" "chr19_51298175_C_T_b38_C"
[47] "chr19_51358092_C_G_b38_C" "chr19_51447917_C_T_b38_C"
[49] "chr19_51447928_A_G_b38_A" "chr19_51448049_T_G_b38_T"
[51] "chr19_51457686_A_G_b38_A"
32 SNP(s) removed because HWE P < 1e-08 :
 [1] "chr19_17504800_T_C_b38_T" "chr19_17504915_T_C_b38_T"
 [3] "chr19_17583443_G_T_b38_G" "chr19_17666011_C_T_b38_C"
 [5] "chr19_17666078_T_C_b38_T" "chr19_17847808_C_T_b38_C"
 [7] "chr19_17847968_T_C_b38_T" "chr19_17901200_G_T_b38_G"
 [9] "chr19_17908396_T_C_b38_T" "chr19_17924720_G_T_b38_G"
[11] "chr19_17928630_T_C_b38_T" "chr19_18036796_G_A_b38_G"
[13] "chr19_18037080_A_T_b38_A" "chr19_18037381_T_C_b38_T"
[15] "chr19_18037783_T_C_b38_T" "chr19_18039165_G_A_b38_G"
[17] "chr19_18039479_C_T_b38_C" "chr19_18039995_T_C_b38_T"
[19] "chr19_18040092_T_C_b38_T" "chr19_18040429_G_T_b38_G"
[21] "chr19_18040432_G_T_b38_G" "chr19_18042127_C_T_b38_C"
[23] "chr19_18042885_A_G_b38_A" "chr19_18043992_G_C_b38_G"
[25] "chr19_18044231_C_G_b38_C" "chr19_18044266_G_C_b38_G"
[27] "chr19_18251693_G_C_b38_G" "chr19_18260387_C_T_b38_C"
[29] "chr19_18262150_C_G_b38_C" "chr19_18265699_G_A_b38_G"
[31] "chr19_18265970_T_C_b38_T" "chr19_18267871_C_A_b38_C"
56 SNP(s) removed because HWE P < 1e-08 :
 [1] "chr2_234571796_G_C_b38_G" "chr2_234679043_G_T_b38_G"
 [3] "chr2_234679188_T_C_b38_T" "chr2_234758936_C_T_b38_C"
 [5] "chr2_234758982_T_C_b38_T" "chr2_234760203_A_G_b38_A"
 [7] "chr2_234760375_C_T_b38_C" "chr2_234888396_A_G_b38_A"
 [9] "chr2_234888758_T_C_b38_T" "chr2_234894832_A_C_b38_A"
[11] "chr2_234894910_G_A_b38_G" "chr2_234894973_T_C_b38_T"
[13] "chr2_234895017_A_G_b38_A" "chr2_234895077_T_C_b38_T"
[15] "chr2_234895138_G_A_b38_G" "chr2_234895180_T_G_b38_T"
[17] "chr2_234895243_G_C_b38_G" "chr2_234895404_A_G_b38_A"
[19] "chr2_234895495_A_G_b38_A" "chr2_234895594_G_T_b38_G"
[21] "chr2_234895605_G_A_b38_G" "chr2_234895717_A_C_b38_A"
[23] "chr2_234895726_G_A_b38_G" "chr2_234895744_C_T_b38_C"
[25] "chr2_234895756_C_A_b38_C" "chr2_234895848_T_A_b38_T"
[27] "chr2_234895974_C_T_b38_C" "chr2_234895996_G_A_b38_G"
[29] "chr2_234896107_C_G_b38_C" "chr2_234896219_G_C_b38_G"
[31] "chr2_234896302_G_C_b38_G" "chr2_234896331_A_G_b38_A"
[33] "chr2_235001953_C_T_b38_C" "chr2_235013109_C_A_b38_C"
[35] "chr2_235013502_C_T_b38_C" "chr2_235014147_A_G_b38_A"
[37] "chr2_235014329_G_T_b38_G" "chr2_235016380_G_A_b38_G"
[39] "chr2_235017019_T_C_b38_T" "chr2_235018342_C_T_b38_C"
[41] "chr2_235031472_C_T_b38_C" "chr2_235062147_T_G_b38_T"
[43] "chr2_235255566_C_A_b38_C" "chr2_235294463_A_G_b38_A"
[45] "chr2_235316147_T_C_b38_T" "chr2_235374434_A_G_b38_A"
[47] "chr2_235375213_T_C_b38_T" "chr2_235375341_T_C_b38_T"
[49] "chr2_235376857_G_A_b38_G" "chr2_235378897_A_T_b38_A"
[51] "chr2_235380311_G_A_b38_G" "chr2_235383464_G_A_b38_G"
[53] "chr2_235385818_T_C_b38_T" "chr2_235399509_A_G_b38_A"
[55] "chr2_235401021_T_A_b38_T" "chr2_235450334_T_C_b38_T"
86 SNP(s) removed because HWE P < 1e-08 :
 [1] "chr11_12602581_C_A_b38_C" "chr11_12624958_C_A_b38_C"
 [3] "chr11_12709357_A_C_b38_A" "chr11_12711743_G_T_b38_G"
 [5] "chr11_12712147_G_A_b38_G" "chr11_12714195_C_T_b38_C"
 [7] "chr11_12714879_C_G_b38_C" "chr11_12715017_G_A_b38_G"
 [9] "chr11_12715147_C_T_b38_C" "chr11_12715325_A_G_b38_A"
[11] "chr11_12715946_C_T_b38_C" "chr11_12715993_T_C_b38_T"
[13] "chr11_12717103_G_A_b38_G" "chr11_12717141_C_A_b38_C"
[15] "chr11_12722267_A_G_b38_A" "chr11_12722492_G_A_b38_G"
[17] "chr11_12722623_A_G_b38_A" "chr11_12725406_G_A_b38_G"
[19] "chr11_12726375_G_A_b38_G" "chr11_12730213_C_A_b38_C"
[21] "chr11_12731602_A_G_b38_A" "chr11_12750963_G_C_b38_G"
[23] "chr11_12757747_T_C_b38_T" "chr11_12757888_G_T_b38_G"
[25] "chr11_12758617_C_T_b38_C" "chr11_12758709_T_C_b38_T"
[27] "chr11_12759469_G_A_b38_G" "chr11_12775522_G_C_b38_G"
[29] "chr11_12781165_A_G_b38_A" "chr11_12797262_G_A_b38_G"
[31] "chr11_12801705_T_G_b38_T" "chr11_12806545_C_T_b38_C"
[33] "chr11_12810221_C_T_b38_C" "chr11_12820345_A_C_b38_A"
[35] "chr11_12959220_G_C_b38_G" "chr11_13145421_T_C_b38_T"
[37] "chr11_13159063_A_T_b38_A" "chr11_13160043_T_C_b38_T"
[39] "chr11_13161191_T_G_b38_T" "chr11_13162034_C_T_b38_C"
[41] "chr11_13163679_G_A_b38_G" "chr11_13167486_A_G_b38_A"
[43] "chr11_13167824_C_G_b38_C" "chr11_13168039_T_G_b38_T"
[45] "chr11_13168424_A_T_b38_A" "chr11_13168751_C_A_b38_C"
[47] "chr11_13168868_C_G_b38_C" "chr11_13170516_C_T_b38_C"
[49] "chr11_13171300_T_A_b38_T" "chr11_13171711_G_C_b38_G"
[51] "chr11_13172324_A_C_b38_A" "chr11_13172527_T_C_b38_T"
[53] "chr11_13172742_G_A_b38_G" "chr11_13173008_G_A_b38_G"
[55] "chr11_13173311_A_C_b38_A" "chr11_13173332_G_A_b38_G"
[57] "chr11_13173916_G_A_b38_G" "chr11_13174617_C_T_b38_C"
[59] "chr11_13174658_A_G_b38_A" "chr11_13175460_G_T_b38_G"
[61] "chr11_13175491_T_C_b38_T" "chr11_13176427_A_G_b38_A"
[63] "chr11_13176535_G_A_b38_G" "chr11_13176583_C_T_b38_C"
[65] "chr11_13177356_T_C_b38_T" "chr11_13178288_C_T_b38_C"
[67] "chr11_13178878_C_T_b38_C" "chr11_13179392_C_G_b38_C"
[69] "chr11_13179991_G_A_b38_G" "chr11_13180396_T_C_b38_T"
[71] "chr11_13181122_C_T_b38_C" "chr11_13181132_T_A_b38_T"
[73] "chr11_13181163_T_G_b38_T" "chr11_13181254_G_A_b38_G"
[75] "chr11_13181293_C_T_b38_C" "chr11_13181360_G_A_b38_G"
[77] "chr11_13181664_A_G_b38_A" "chr11_13182114_G_A_b38_G"
[79] "chr11_13182203_G_A_b38_G" "chr11_13182610_C_T_b38_C"
[81] "chr11_13182823_T_C_b38_T" "chr11_13183287_G_A_b38_G"
[83] "chr11_13184213_G_A_b38_G" "chr11_13301971_T_C_b38_T"
[85] "chr11_13316281_G_A_b38_G" "chr11_13395112_C_G_b38_C"
53 SNP(s) removed because HWE P < 1e-08 :
 [1] "chr19_3321712_A_G_b38_A" "chr19_3446531_A_C_b38_A"
 [3] "chr19_3447024_T_C_b38_T" "chr19_3449184_T_G_b38_T"
 [5] "chr19_3450671_G_A_b38_G" "chr19_3451860_C_T_b38_C"
 [7] "chr19_3457406_G_A_b38_G" "chr19_3457434_G_T_b38_G"
 [9] "chr19_3457456_A_G_b38_A" "chr19_3467108_G_T_b38_G"
[11] "chr19_3490774_T_C_b38_T" "chr19_3535584_T_C_b38_T"
[13] "chr19_3541617_A_G_b38_A" "chr19_3543111_C_T_b38_C"
[15] "chr19_3543642_C_T_b38_C" "chr19_3544178_G_A_b38_G"
[17] "chr19_3565094_T_G_b38_T" "chr19_3565255_G_A_b38_G"
[19] "chr19_3565359_C_T_b38_C" "chr19_3565601_T_C_b38_T"
[21] "chr19_3565911_T_C_b38_T" "chr19_3566515_T_C_b38_T"
[23] "chr19_3566633_C_T_b38_C" "chr19_3632973_C_G_b38_C"
[25] "chr19_3651553_T_G_b38_T" "chr19_3813303_A_G_b38_A"
[27] "chr19_3820801_G_A_b38_G" "chr19_3820856_G_A_b38_G"
[29] "chr19_3820861_A_T_b38_A" "chr19_3895768_G_A_b38_G"
[31] "chr19_3895808_C_T_b38_C" "chr19_3898742_C_T_b38_C"
[33] "chr19_3953651_G_A_b38_G" "chr19_3976323_T_G_b38_T"
[35] "chr19_3981528_A_G_b38_A" "chr19_3983186_A_G_b38_A"
[37] "chr19_3992110_A_G_b38_A" "chr19_4024893_G_T_b38_G"
[39] "chr19_4028692_C_G_b38_C" "chr19_4030777_A_G_b38_A"
[41] "chr19_4031344_C_T_b38_C" "chr19_4032684_A_G_b38_A"
[43] "chr19_4033246_G_C_b38_G" "chr19_4033720_C_T_b38_C"
[45] "chr19_4061783_C_T_b38_C" "chr19_4126906_A_G_b38_A"
[47] "chr19_4127545_G_C_b38_G" "chr19_4128896_A_G_b38_A"
[49] "chr19_4128966_C_T_b38_C" "chr19_4129548_A_G_b38_A"
[51] "chr19_4133518_A_G_b38_A" "chr19_4220801_T_C_b38_T"
[53] "chr19_4222562_A_G_b38_A"
26 SNP(s) removed because HWE P < 1e-08 :
 [1] "chr4_48078519_A_C_b38_A" "chr4_48079528_T_C_b38_T"
 [3] "chr4_48085231_T_C_b38_T" "chr4_48085838_G_A_b38_G"
 [5] "chr4_48086052_C_T_b38_C" "chr4_48086429_A_G_b38_A"
 [7] "chr4_48450863_T_C_b38_T" "chr4_48451209_C_T_b38_C"
 [9] "chr4_48452709_A_G_b38_A" "chr4_48711359_T_C_b38_T"
[11] "chr4_48711393_C_T_b38_C" "chr4_48711401_C_A_b38_C"
[13] "chr4_48711410_A_G_b38_A" "chr4_48711421_A_C_b38_A"
[15] "chr4_48711432_G_C_b38_G" "chr4_48711433_G_A_b38_G"
[17] "chr4_48711441_A_C_b38_A" "chr4_48711445_C_T_b38_C"
[19] "chr4_48711447_G_A_b38_G" "chr4_48711466_C_T_b38_C"
[21] "chr4_48711467_A_T_b38_A" "chr4_48711470_G_A_b38_G"
[23] "chr4_48711609_C_T_b38_C" "chr4_48711661_A_G_b38_A"
[25] "chr4_48711678_T_A_b38_T" "chr4_48711716_T_C_b38_T"
6 SNP(s) removed because HWE P < 1e-08 :
[1] "chr13_29549344_C_T_b38_C" "chr13_29949626_G_C_b38_G"
[3] "chr13_30062346_T_C_b38_T" "chr13_30062379_G_C_b38_G"
[5] "chr13_30121793_C_T_b38_C" "chr13_30160356_C_T_b38_C"
64 SNP(s) removed because HWE P < 1e-08 :
 [1] "chr2_127788561_C_T_b38_C" "chr2_127788785_C_A_b38_C"
 [3] "chr2_127964905_A_G_b38_A" "chr2_128052440_C_T_b38_C"
 [5] "chr2_128059155_A_C_b38_A" "chr2_128062684_C_T_b38_C"
 [7] "chr2_128071792_T_A_b38_T" "chr2_128082441_T_G_b38_T"
 [9] "chr2_128105065_C_T_b38_C" "chr2_128214012_T_G_b38_T"
[11] "chr2_128257566_G_A_b38_G" "chr2_128257790_C_G_b38_C"
[13] "chr2_128259848_C_T_b38_C" "chr2_128260050_T_C_b38_T"
[15] "chr2_128261017_A_G_b38_A" "chr2_128262841_G_T_b38_G"
[17] "chr2_128263287_T_C_b38_T" "chr2_128263337_A_G_b38_A"
[19] "chr2_128263394_C_T_b38_C" "chr2_128266614_T_G_b38_T"
[21] "chr2_128266631_G_C_b38_G" "chr2_128266834_G_A_b38_G"
[23] "chr2_128267410_G_A_b38_G" "chr2_128267411_A_C_b38_A"
[25] "chr2_128268013_C_T_b38_C" "chr2_128268014_A_G_b38_A"
[27] "chr2_128345770_A_G_b38_A" "chr2_128491028_A_C_b38_A"
[29] "chr2_128504185_A_G_b38_A" "chr2_128504349_G_A_b38_G"
[31] "chr2_128511091_C_T_b38_C" "chr2_128511840_G_C_b38_G"
[33] "chr2_128511841_A_G_b38_A" "chr2_128511870_T_C_b38_T"
[35] "chr2_128511893_A_T_b38_A" "chr2_128512119_T_C_b38_T"
[37] "chr2_128512166_T_C_b38_T" "chr2_128512168_C_T_b38_C"
[39] "chr2_128512393_A_G_b38_A" "chr2_128512433_C_T_b38_C"
[41] "chr2_128513024_A_G_b38_A" "chr2_128513159_C_G_b38_C"
[43] "chr2_128514184_T_C_b38_T" "chr2_128516070_A_G_b38_A"
[45] "chr2_128516081_T_C_b38_T" "chr2_128516100_T_C_b38_T"
[47] "chr2_128519146_T_C_b38_T" "chr2_128519712_G_A_b38_G"
[49] "chr2_128521445_C_G_b38_C" "chr2_128523066_G_A_b38_G"
[51] "chr2_128525232_T_C_b38_T" "chr2_128530099_G_A_b38_G"
[53] "chr2_128531089_G_A_b38_G" "chr2_128532391_T_A_b38_T"
[55] "chr2_128532466_A_G_b38_A" "chr2_128535157_T_C_b38_T"
[57] "chr2_128544514_A_G_b38_A" "chr2_128546274_T_C_b38_T"
[59] "chr2_128565245_A_G_b38_A" "chr2_128568429_A_G_b38_A"
[61] "chr2_128568751_C_A_b38_C" "chr2_128573155_G_T_b38_G"
[63] "chr2_128576425_C_T_b38_C" "chr2_128588272_G_C_b38_G"
53 SNP(s) removed because HWE P < 1e-08 :
 [1] "chr19_3321712_A_G_b38_A" "chr19_3446531_A_C_b38_A"
 [3] "chr19_3447024_T_C_b38_T" "chr19_3449184_T_G_b38_T"
 [5] "chr19_3450671_G_A_b38_G" "chr19_3451860_C_T_b38_C"
 [7] "chr19_3457406_G_A_b38_G" "chr19_3457434_G_T_b38_G"
 [9] "chr19_3457456_A_G_b38_A" "chr19_3467108_G_T_b38_G"
[11] "chr19_3490774_T_C_b38_T" "chr19_3535584_T_C_b38_T"
[13] "chr19_3541617_A_G_b38_A" "chr19_3543111_C_T_b38_C"
[15] "chr19_3543642_C_T_b38_C" "chr19_3544178_G_A_b38_G"
[17] "chr19_3565094_T_G_b38_T" "chr19_3565255_G_A_b38_G"
[19] "chr19_3565359_C_T_b38_C" "chr19_3565601_T_C_b38_T"
[21] "chr19_3565911_T_C_b38_T" "chr19_3566515_T_C_b38_T"
[23] "chr19_3566633_C_T_b38_C" "chr19_3632973_C_G_b38_C"
[25] "chr19_3651553_T_G_b38_T" "chr19_3813303_A_G_b38_A"
[27] "chr19_3820801_G_A_b38_G" "chr19_3820856_G_A_b38_G"
[29] "chr19_3820861_A_T_b38_A" "chr19_3895768_G_A_b38_G"
[31] "chr19_3895808_C_T_b38_C" "chr19_3898742_C_T_b38_C"
[33] "chr19_3953651_G_A_b38_G" "chr19_3976323_T_G_b38_T"
[35] "chr19_3981528_A_G_b38_A" "chr19_3983186_A_G_b38_A"
[37] "chr19_3992110_A_G_b38_A" "chr19_4024893_G_T_b38_G"
[39] "chr19_4028692_C_G_b38_C" "chr19_4030777_A_G_b38_A"
[41] "chr19_4031344_C_T_b38_C" "chr19_4032684_A_G_b38_A"
[43] "chr19_4033246_G_C_b38_G" "chr19_4033720_C_T_b38_C"
[45] "chr19_4061783_C_T_b38_C" "chr19_4126906_A_G_b38_A"
[47] "chr19_4127545_G_C_b38_G" "chr19_4128896_A_G_b38_A"
[49] "chr19_4128966_C_T_b38_C" "chr19_4129548_A_G_b38_A"
[51] "chr19_4133518_A_G_b38_A" "chr19_4220801_T_C_b38_T"
[53] "chr19_4222562_A_G_b38_A"
10 SNP(s) removed because HWE P < 1e-08 :
 [1] "chr11_126132291_C_T_b38_C" "chr11_126133950_A_G_b38_A"
 [3] "chr11_126134180_G_A_b38_G" "chr11_126134888_A_G_b38_A"
 [5] "chr11_126135086_G_A_b38_G" "chr11_126135916_C_T_b38_C"
 [7] "chr11_126136722_A_G_b38_A" "chr11_126137014_G_A_b38_G"
 [9] "chr11_126194518_G_C_b38_G" "chr11_126199265_T_G_b38_T"
63 SNP(s) removed because HWE P < 1e-08 :
 [1] "chr14_94014026_C_T_b38_C" "chr14_94014468_G_C_b38_G"
 [3] "chr14_94015810_T_A_b38_T" "chr14_94029792_C_T_b38_C"
 [5] "chr14_94029845_C_A_b38_C" "chr14_94030098_C_T_b38_C"
 [7] "chr14_94349903_A_G_b38_A" "chr14_94370690_A_G_b38_A"
 [9] "chr14_94370732_C_A_b38_C" "chr14_94370742_C_T_b38_C"
[11] "chr14_94370745_G_A_b38_G" "chr14_94378897_G_C_b38_G"
[13] "chr14_94378898_T_C_b38_T" "chr14_94378900_A_G_b38_A"
[15] "chr14_94378934_A_T_b38_A" "chr14_94378941_G_A_b38_G"
[17] "chr14_94380003_C_T_b38_C" "chr14_94380014_T_C_b38_T"
[19] "chr14_94380017_G_A_b38_G" "chr14_94380024_T_C_b38_T"
[21] "chr14_94380037_A_G_b38_A" "chr14_94380042_G_A_b38_G"
[23] "chr14_94380048_A_G_b38_A" "chr14_94380049_T_A_b38_T"
[25] "chr14_94380053_A_G_b38_A" "chr14_94380057_T_C_b38_T"
[27] "chr14_94380058_G_A_b38_G" "chr14_94380063_G_C_b38_G"
[29] "chr14_94380085_T_C_b38_T" "chr14_94380106_C_A_b38_C"
[31] "chr14_94380111_C_T_b38_C" "chr14_94380112_C_T_b38_C"
[33] "chr14_94380151_A_G_b38_A" "chr14_94380152_G_T_b38_G"
[35] "chr14_94380164_T_C_b38_T" "chr14_94380166_C_T_b38_C"
[37] "chr14_94380168_G_T_b38_G" "chr14_94380175_A_G_b38_A"
[39] "chr14_94380212_C_T_b38_C" "chr14_94380215_C_G_b38_C"
[41] "chr14_94380222_T_C_b38_T" "chr14_94380244_A_G_b38_A"
[43] "chr14_94380250_C_A_b38_C" "chr14_94380312_G_A_b38_G"
[45] "chr14_94380318_C_T_b38_C" "chr14_94380322_T_C_b38_T"
[47] "chr14_94380324_T_C_b38_T" "chr14_94380333_C_T_b38_C"
[49] "chr14_94380362_C_T_b38_C" "chr14_94380371_T_C_b38_T"
[51] "chr14_94446984_A_T_b38_A" "chr14_94455670_G_T_b38_G"
[53] "chr14_94467053_C_T_b38_C" "chr14_94468771_C_T_b38_C"
[55] "chr14_94578680_G_A_b38_G" "chr14_94637276_C_T_b38_C"
[57] "chr14_94638842_C_T_b38_C" "chr14_94639184_C_T_b38_C"
[59] "chr14_94657781_C_A_b38_C" "chr14_94717842_A_C_b38_A"
[61] "chr14_94757444_A_T_b38_A" "chr14_94763440_G_A_b38_G"
[63] "chr14_94821833_A_G_b38_A"
86 SNP(s) removed because HWE P < 1e-08 :
 [1] "chr11_12602581_C_A_b38_C" "chr11_12624958_C_A_b38_C"
 [3] "chr11_12709357_A_C_b38_A" "chr11_12711743_G_T_b38_G"
 [5] "chr11_12712147_G_A_b38_G" "chr11_12714195_C_T_b38_C"
 [7] "chr11_12714879_C_G_b38_C" "chr11_12715017_G_A_b38_G"
 [9] "chr11_12715147_C_T_b38_C" "chr11_12715325_A_G_b38_A"
[11] "chr11_12715946_C_T_b38_C" "chr11_12715993_T_C_b38_T"
[13] "chr11_12717103_G_A_b38_G" "chr11_12717141_C_A_b38_C"
[15] "chr11_12722267_A_G_b38_A" "chr11_12722492_G_A_b38_G"
[17] "chr11_12722623_A_G_b38_A" "chr11_12725406_G_A_b38_G"
[19] "chr11_12726375_G_A_b38_G" "chr11_12730213_C_A_b38_C"
[21] "chr11_12731602_A_G_b38_A" "chr11_12750963_G_C_b38_G"
[23] "chr11_12757747_T_C_b38_T" "chr11_12757888_G_T_b38_G"
[25] "chr11_12758617_C_T_b38_C" "chr11_12758709_T_C_b38_T"
[27] "chr11_12759469_G_A_b38_G" "chr11_12775522_G_C_b38_G"
[29] "chr11_12781165_A_G_b38_A" "chr11_12797262_G_A_b38_G"
[31] "chr11_12801705_T_G_b38_T" "chr11_12806545_C_T_b38_C"
[33] "chr11_12810221_C_T_b38_C" "chr11_12820345_A_C_b38_A"
[35] "chr11_12959220_G_C_b38_G" "chr11_13145421_T_C_b38_T"
[37] "chr11_13159063_A_T_b38_A" "chr11_13160043_T_C_b38_T"
[39] "chr11_13161191_T_G_b38_T" "chr11_13162034_C_T_b38_C"
[41] "chr11_13163679_G_A_b38_G" "chr11_13167486_A_G_b38_A"
[43] "chr11_13167824_C_G_b38_C" "chr11_13168039_T_G_b38_T"
[45] "chr11_13168424_A_T_b38_A" "chr11_13168751_C_A_b38_C"
[47] "chr11_13168868_C_G_b38_C" "chr11_13170516_C_T_b38_C"
[49] "chr11_13171300_T_A_b38_T" "chr11_13171711_G_C_b38_G"
[51] "chr11_13172324_A_C_b38_A" "chr11_13172527_T_C_b38_T"
[53] "chr11_13172742_G_A_b38_G" "chr11_13173008_G_A_b38_G"
[55] "chr11_13173311_A_C_b38_A" "chr11_13173332_G_A_b38_G"
[57] "chr11_13173916_G_A_b38_G" "chr11_13174617_C_T_b38_C"
[59] "chr11_13174658_A_G_b38_A" "chr11_13175460_G_T_b38_G"
[61] "chr11_13175491_T_C_b38_T" "chr11_13176427_A_G_b38_A"
[63] "chr11_13176535_G_A_b38_G" "chr11_13176583_C_T_b38_C"
[65] "chr11_13177356_T_C_b38_T" "chr11_13178288_C_T_b38_C"
[67] "chr11_13178878_C_T_b38_C" "chr11_13179392_C_G_b38_C"
[69] "chr11_13179991_G_A_b38_G" "chr11_13180396_T_C_b38_T"
[71] "chr11_13181122_C_T_b38_C" "chr11_13181132_T_A_b38_T"
[73] "chr11_13181163_T_G_b38_T" "chr11_13181254_G_A_b38_G"
[75] "chr11_13181293_C_T_b38_C" "chr11_13181360_G_A_b38_G"
[77] "chr11_13181664_A_G_b38_A" "chr11_13182114_G_A_b38_G"
[79] "chr11_13182203_G_A_b38_G" "chr11_13182610_C_T_b38_C"
[81] "chr11_13182823_T_C_b38_T" "chr11_13183287_G_A_b38_G"
[83] "chr11_13184213_G_A_b38_G" "chr11_13301971_T_C_b38_T"
[85] "chr11_13316281_G_A_b38_G" "chr11_13395112_C_G_b38_C"
74 SNP(s) removed because HWE P < 1e-08 :
 [1] "chr21_31920396_G_A_b38_G" "chr21_31935565_G_C_b38_G"
 [3] "chr21_31935580_T_G_b38_T" "chr21_32134286_A_T_b38_A"
 [5] "chr21_32238948_G_A_b38_G" "chr21_32250914_C_T_b38_C"
 [7] "chr21_32311415_A_C_b38_A" "chr21_32410343_C_T_b38_C"
 [9] "chr21_32432979_G_A_b38_G" "chr21_32432987_A_C_b38_A"
[11] "chr21_32432995_G_A_b38_G" "chr21_32433065_T_A_b38_T"
[13] "chr21_32433084_C_T_b38_C" "chr21_32433553_G_A_b38_G"
[15] "chr21_32433554_C_G_b38_C" "chr21_32433562_T_C_b38_T"
[17] "chr21_32433629_A_G_b38_A" "chr21_32433656_G_A_b38_G"
[19] "chr21_32433663_A_T_b38_A" "chr21_32434706_A_G_b38_A"
[21] "chr21_32434713_T_C_b38_T" "chr21_32434721_A_C_b38_A"
[23] "chr21_32434746_A_C_b38_A" "chr21_32434842_G_A_b38_G"
[25] "chr21_32434867_C_T_b38_C" "chr21_32434878_G_A_b38_G"
[27] "chr21_32434919_T_G_b38_T" "chr21_32434927_C_T_b38_C"
[29] "chr21_32434967_T_G_b38_T" "chr21_32434971_T_C_b38_T"
[31] "chr21_32434992_T_C_b38_T" "chr21_32435003_T_G_b38_T"
[33] "chr21_32435004_T_C_b38_T" "chr21_32435117_A_G_b38_A"
[35] "chr21_32435125_T_C_b38_T" "chr21_32435126_G_C_b38_G"
[37] "chr21_32435133_C_A_b38_C" "chr21_32435360_C_T_b38_C"
[39] "chr21_32435400_A_G_b38_A" "chr21_32435408_T_C_b38_T"
[41] "chr21_32435414_A_G_b38_A" "chr21_32435436_C_T_b38_C"
[43] "chr21_32435462_C_T_b38_C" "chr21_32435661_G_C_b38_G"
[45] "chr21_32435666_T_G_b38_T" "chr21_32435667_A_G_b38_A"
[47] "chr21_32435716_C_T_b38_C" "chr21_32435721_G_A_b38_G"
[49] "chr21_32435728_T_C_b38_T" "chr21_32435763_C_T_b38_C"
[51] "chr21_32435766_A_C_b38_A" "chr21_32435898_C_T_b38_C"
[53] "chr21_32435949_T_A_b38_T" "chr21_32435990_T_A_b38_T"
[55] "chr21_32436019_G_A_b38_G" "chr21_32436447_T_A_b38_T"
[57] "chr21_32436465_A_C_b38_A" "chr21_32436477_T_A_b38_T"
[59] "chr21_32436484_T_C_b38_T" "chr21_32436539_G_A_b38_G"
[61] "chr21_32436627_G_A_b38_G" "chr21_32436628_G_A_b38_G"
[63] "chr21_32436637_A_G_b38_A" "chr21_32436702_C_T_b38_C"
[65] "chr21_32436736_G_A_b38_G" "chr21_32436746_A_G_b38_A"
[67] "chr21_32437187_G_C_b38_G" "chr21_32437224_A_G_b38_A"
[69] "chr21_32437249_C_A_b38_C" "chr21_32437250_G_A_b38_G"
[71] "chr21_32437258_C_G_b38_C" "chr21_32621877_A_T_b38_A"
[73] "chr21_32660622_A_G_b38_A" "chr21_32660624_C_T_b38_C"
39 SNP(s) removed because HWE P < 1e-08 :
 [1] "chr22_49765666_G_C_b38_G" "chr22_49770965_G_C_b38_G"
 [3] "chr22_49837507_C_G_b38_C" "chr22_49846939_C_A_b38_C"
 [5] "chr22_49848251_T_C_b38_T" "chr22_49872508_G_A_b38_G"
 [7] "chr22_49880142_T_C_b38_T" "chr22_49880243_G_T_b38_G"
 [9] "chr22_49883047_G_C_b38_G" "chr22_49894697_A_G_b38_A"
[11] "chr22_49906790_T_C_b38_T" "chr22_49921580_T_C_b38_T"
[13] "chr22_49921715_C_A_b38_C" "chr22_49973759_T_C_b38_T"
[15] "chr22_50013858_A_C_b38_A" "chr22_50357867_G_A_b38_G"
[17] "chr22_50371703_G_C_b38_G" "chr22_50418711_G_A_b38_G"
[19] "chr22_50424402_A_C_b38_A" "chr22_50424421_C_A_b38_C"
[21] "chr22_50424423_C_T_b38_C" "chr22_50495487_G_A_b38_G"
[23] "chr22_50495498_T_C_b38_T" "chr22_50495499_G_A_b38_G"
[25] "chr22_50508159_C_G_b38_C" "chr22_50509182_A_G_b38_A"
[27] "chr22_50509488_T_C_b38_T" "chr22_50509962_A_G_b38_A"
[29] "chr22_50510817_C_T_b38_C" "chr22_50510967_T_C_b38_T"
[31] "chr22_50511806_T_C_b38_T" "chr22_50512014_T_C_b38_T"
[33] "chr22_50512298_G_A_b38_G" "chr22_50512549_T_G_b38_T"
[35] "chr22_50513313_G_C_b38_G" "chr22_50513793_G_A_b38_G"
[37] "chr22_50542614_C_T_b38_C" "chr22_50542624_A_T_b38_A"
[39] "chr22_50712000_C_T_b38_C"
Finished simulation job 98 at Mon Sep 21 09:40:41 CDT 2026
