Starting simulation job 80 at Mon Sep 21 06:54:19 CDT 2026
30 SNP(s) removed because HWE P < 1e-08 :
 [1] "chr16_84914720_C_G_b38_C" "chr16_85142272_A_G_b38_A"
 [3] "chr16_85155131_G_A_b38_G" "chr16_85155136_T_C_b38_T"
 [5] "chr16_85155137_G_A_b38_G" "chr16_85155138_G_C_b38_G"
 [7] "chr16_85155143_T_C_b38_T" "chr16_85155144_G_A_b38_G"
 [9] "chr16_85155153_A_T_b38_A" "chr16_85155162_C_T_b38_C"
[11] "chr16_85257030_G_A_b38_G" "chr16_85314449_G_C_b38_G"
[13] "chr16_85384604_C_A_b38_C" "chr16_85384859_G_A_b38_G"
[15] "chr16_85385609_A_C_b38_A" "chr16_85391631_G_A_b38_G"
[17] "chr16_85435105_T_C_b38_T" "chr16_85513741_C_T_b38_C"
[19] "chr16_85567508_C_T_b38_C" "chr16_85568837_C_T_b38_C"
[21] "chr16_85569364_T_C_b38_T" "chr16_85569647_C_A_b38_C"
[23] "chr16_85587442_A_G_b38_A" "chr16_85593456_A_T_b38_A"
[25] "chr16_85594326_C_T_b38_C" "chr16_85598578_C_T_b38_C"
[27] "chr16_85606231_C_A_b38_C" "chr16_85621443_G_C_b38_G"
[29] "chr16_85632330_T_C_b38_T" "chr16_85643411_G_A_b38_G"
91 SNP(s) removed because HWE P < 1e-08 :
 [1] "chr6_31337058_G_C_b38_G" "chr6_31337066_C_T_b38_C"
 [3] "chr6_31337067_A_G_b38_A" "chr6_31337084_G_A_b38_G"
 [5] "chr6_31337091_C_A_b38_C" "chr6_31337095_G_T_b38_G"
 [7] "chr6_31337101_A_G_b38_A" "chr6_31337132_G_T_b38_G"
 [9] "chr6_31337156_C_G_b38_C" "chr6_31337170_A_G_b38_A"
[11] "chr6_31337178_A_G_b38_A" "chr6_31337183_A_G_b38_A"
[13] "chr6_31337198_A_G_b38_A" "chr6_31337214_A_T_b38_A"
[15] "chr6_31337223_C_T_b38_C" "chr6_31337238_T_C_b38_T"
[17] "chr6_31337251_A_C_b38_A" "chr6_31337269_A_G_b38_A"
[19] "chr6_31337311_A_C_b38_A" "chr6_31337333_G_T_b38_G"
[21] "chr6_31337340_T_C_b38_T" "chr6_31337347_A_G_b38_A"
[23] "chr6_31337376_G_A_b38_G" "chr6_31337551_C_G_b38_C"
[25] "chr6_31338945_A_G_b38_A" "chr6_31353869_A_G_b38_A"
[27] "chr6_31353909_A_C_b38_A" "chr6_31354026_G_A_b38_G"
[29] "chr6_31354030_G_A_b38_G" "chr6_31354067_C_T_b38_C"
[31] "chr6_31354079_A_G_b38_A" "chr6_31356598_G_T_b38_G"
[33] "chr6_31374164_A_G_b38_A" "chr6_31389221_C_T_b38_C"
[35] "chr6_31389614_A_T_b38_A" "chr6_31389618_G_A_b38_G"
[37] "chr6_31389635_G_C_b38_G" "chr6_31389636_G_A_b38_G"
[39] "chr6_31389668_C_T_b38_C" "chr6_31389712_C_T_b38_C"
[41] "chr6_31389749_G_A_b38_G" "chr6_31390394_A_G_b38_A"
[43] "chr6_31390514_T_C_b38_T" "chr6_31390556_C_T_b38_C"
[45] "chr6_31390557_G_A_b38_G" "chr6_31391137_T_C_b38_T"
[47] "chr6_31391141_A_G_b38_A" "chr6_31391246_G_A_b38_G"
[49] "chr6_31391474_G_A_b38_G" "chr6_31485340_A_C_b38_A"
[51] "chr6_31485379_G_A_b38_G" "chr6_31485515_C_T_b38_C"
[53] "chr6_31485516_T_G_b38_T" "chr6_31486964_G_A_b38_G"
[55] "chr6_31487429_C_T_b38_C" "chr6_31487471_C_T_b38_C"
[57] "chr6_31487472_G_A_b38_G" "chr6_31487517_C_G_b38_C"
[59] "chr6_31487535_C_T_b38_C" "chr6_31487563_C_T_b38_C"
[61] "chr6_31487603_G_A_b38_G" "chr6_31487768_T_C_b38_T"
[63] "chr6_31487826_C_T_b38_C" "chr6_31487853_G_C_b38_G"
[65] "chr6_31487887_T_C_b38_T" "chr6_31487893_A_G_b38_A"
[67] "chr6_31487922_C_T_b38_C" "chr6_31487927_T_C_b38_T"
[69] "chr6_31487942_G_C_b38_G" "chr6_31487944_A_G_b38_A"
[71] "chr6_31487966_A_C_b38_A" "chr6_31487990_A_G_b38_A"
[73] "chr6_31488052_C_T_b38_C" "chr6_31488056_A_G_b38_A"
[75] "chr6_31488297_C_T_b38_C" "chr6_31488322_T_G_b38_T"
[77] "chr6_31488327_G_A_b38_G" "chr6_31488331_G_A_b38_G"
[79] "chr6_31489443_C_T_b38_C" "chr6_31489458_C_A_b38_C"
[81] "chr6_31489461_T_C_b38_T" "chr6_31489526_A_C_b38_A"
[83] "chr6_31489566_T_C_b38_T" "chr6_31489567_G_A_b38_G"
[85] "chr6_31489609_G_A_b38_G" "chr6_31489706_G_A_b38_G"
[87] "chr6_31489750_C_T_b38_C" "chr6_31855288_G_A_b38_G"
[89] "chr6_31899536_A_C_b38_A" "chr6_32029823_C_G_b38_C"
[91] "chr6_32037078_G_A_b38_G"
26 SNP(s) removed because HWE P < 1e-08 :
 [1] "chr4_48078519_A_C_b38_A" "chr4_48079528_T_C_b38_T"
 [3] "chr4_48085231_T_C_b38_T" "chr4_48085838_G_A_b38_G"
 [5] "chr4_48086052_C_T_b38_C" "chr4_48086429_A_G_b38_A"
 [7] "chr4_48450863_T_C_b38_T" "chr4_48451209_C_T_b38_C"
 [9] "chr4_48452709_A_G_b38_A" "chr4_48711359_T_C_b38_T"
[11] "chr4_48711393_C_T_b38_C" "chr4_48711401_C_A_b38_C"
[13] "chr4_48711410_A_G_b38_A" "chr4_48711421_A_C_b38_A"
[15] "chr4_48711432_G_C_b38_G" "chr4_48711433_G_A_b38_G"
[17] "chr4_48711441_A_C_b38_A" "chr4_48711445_C_T_b38_C"
[19] "chr4_48711447_G_A_b38_G" "chr4_48711466_C_T_b38_C"
[21] "chr4_48711467_A_T_b38_A" "chr4_48711470_G_A_b38_G"
[23] "chr4_48711609_C_T_b38_C" "chr4_48711661_A_G_b38_A"
[25] "chr4_48711678_T_A_b38_T" "chr4_48711716_T_C_b38_T"
74 SNP(s) removed because HWE P < 1e-08 :
 [1] "chr21_31920396_G_A_b38_G" "chr21_31935565_G_C_b38_G"
 [3] "chr21_31935580_T_G_b38_T" "chr21_32134286_A_T_b38_A"
 [5] "chr21_32238948_G_A_b38_G" "chr21_32250914_C_T_b38_C"
 [7] "chr21_32311415_A_C_b38_A" "chr21_32410343_C_T_b38_C"
 [9] "chr21_32432979_G_A_b38_G" "chr21_32432987_A_C_b38_A"
[11] "chr21_32432995_G_A_b38_G" "chr21_32433065_T_A_b38_T"
[13] "chr21_32433084_C_T_b38_C" "chr21_32433553_G_A_b38_G"
[15] "chr21_32433554_C_G_b38_C" "chr21_32433562_T_C_b38_T"
[17] "chr21_32433629_A_G_b38_A" "chr21_32433656_G_A_b38_G"
[19] "chr21_32433663_A_T_b38_A" "chr21_32434706_A_G_b38_A"
[21] "chr21_32434713_T_C_b38_T" "chr21_32434721_A_C_b38_A"
[23] "chr21_32434746_A_C_b38_A" "chr21_32434842_G_A_b38_G"
[25] "chr21_32434867_C_T_b38_C" "chr21_32434878_G_A_b38_G"
[27] "chr21_32434919_T_G_b38_T" "chr21_32434927_C_T_b38_C"
[29] "chr21_32434967_T_G_b38_T" "chr21_32434971_T_C_b38_T"
[31] "chr21_32434992_T_C_b38_T" "chr21_32435003_T_G_b38_T"
[33] "chr21_32435004_T_C_b38_T" "chr21_32435117_A_G_b38_A"
[35] "chr21_32435125_T_C_b38_T" "chr21_32435126_G_C_b38_G"
[37] "chr21_32435133_C_A_b38_C" "chr21_32435360_C_T_b38_C"
[39] "chr21_32435400_A_G_b38_A" "chr21_32435408_T_C_b38_T"
[41] "chr21_32435414_A_G_b38_A" "chr21_32435436_C_T_b38_C"
[43] "chr21_32435462_C_T_b38_C" "chr21_32435661_G_C_b38_G"
[45] "chr21_32435666_T_G_b38_T" "chr21_32435667_A_G_b38_A"
[47] "chr21_32435716_C_T_b38_C" "chr21_32435721_G_A_b38_G"
[49] "chr21_32435728_T_C_b38_T" "chr21_32435763_C_T_b38_C"
[51] "chr21_32435766_A_C_b38_A" "chr21_32435898_C_T_b38_C"
[53] "chr21_32435949_T_A_b38_T" "chr21_32435990_T_A_b38_T"
[55] "chr21_32436019_G_A_b38_G" "chr21_32436447_T_A_b38_T"
[57] "chr21_32436465_A_C_b38_A" "chr21_32436477_T_A_b38_T"
[59] "chr21_32436484_T_C_b38_T" "chr21_32436539_G_A_b38_G"
[61] "chr21_32436627_G_A_b38_G" "chr21_32436628_G_A_b38_G"
[63] "chr21_32436637_A_G_b38_A" "chr21_32436702_C_T_b38_C"
[65] "chr21_32436736_G_A_b38_G" "chr21_32436746_A_G_b38_A"
[67] "chr21_32437187_G_C_b38_G" "chr21_32437224_A_G_b38_A"
[69] "chr21_32437249_C_A_b38_C" "chr21_32437250_G_A_b38_G"
[71] "chr21_32437258_C_G_b38_C" "chr21_32621877_A_T_b38_A"
[73] "chr21_32660622_A_G_b38_A" "chr21_32660624_C_T_b38_C"
5 SNP(s) removed because HWE P < 1e-08 :
[1] "chr14_73353261_G_A_b38_G" "chr14_73355178_C_A_b38_C"
[3] "chr14_73598517_G_A_b38_G" "chr14_73632860_G_A_b38_G"
[5] "chr14_74159575_T_G_b38_T"
74 SNP(s) removed because HWE P < 1e-08 :
 [1] "chr21_31920396_G_A_b38_G" "chr21_31935565_G_C_b38_G"
 [3] "chr21_31935580_T_G_b38_T" "chr21_32134286_A_T_b38_A"
 [5] "chr21_32238948_G_A_b38_G" "chr21_32250914_C_T_b38_C"
 [7] "chr21_32311415_A_C_b38_A" "chr21_32410343_C_T_b38_C"
 [9] "chr21_32432979_G_A_b38_G" "chr21_32432987_A_C_b38_A"
[11] "chr21_32432995_G_A_b38_G" "chr21_32433065_T_A_b38_T"
[13] "chr21_32433084_C_T_b38_C" "chr21_32433553_G_A_b38_G"
[15] "chr21_32433554_C_G_b38_C" "chr21_32433562_T_C_b38_T"
[17] "chr21_32433629_A_G_b38_A" "chr21_32433656_G_A_b38_G"
[19] "chr21_32433663_A_T_b38_A" "chr21_32434706_A_G_b38_A"
[21] "chr21_32434713_T_C_b38_T" "chr21_32434721_A_C_b38_A"
[23] "chr21_32434746_A_C_b38_A" "chr21_32434842_G_A_b38_G"
[25] "chr21_32434867_C_T_b38_C" "chr21_32434878_G_A_b38_G"
[27] "chr21_32434919_T_G_b38_T" "chr21_32434927_C_T_b38_C"
[29] "chr21_32434967_T_G_b38_T" "chr21_32434971_T_C_b38_T"
[31] "chr21_32434992_T_C_b38_T" "chr21_32435003_T_G_b38_T"
[33] "chr21_32435004_T_C_b38_T" "chr21_32435117_A_G_b38_A"
[35] "chr21_32435125_T_C_b38_T" "chr21_32435126_G_C_b38_G"
[37] "chr21_32435133_C_A_b38_C" "chr21_32435360_C_T_b38_C"
[39] "chr21_32435400_A_G_b38_A" "chr21_32435408_T_C_b38_T"
[41] "chr21_32435414_A_G_b38_A" "chr21_32435436_C_T_b38_C"
[43] "chr21_32435462_C_T_b38_C" "chr21_32435661_G_C_b38_G"
[45] "chr21_32435666_T_G_b38_T" "chr21_32435667_A_G_b38_A"
[47] "chr21_32435716_C_T_b38_C" "chr21_32435721_G_A_b38_G"
[49] "chr21_32435728_T_C_b38_T" "chr21_32435763_C_T_b38_C"
[51] "chr21_32435766_A_C_b38_A" "chr21_32435898_C_T_b38_C"
[53] "chr21_32435949_T_A_b38_T" "chr21_32435990_T_A_b38_T"
[55] "chr21_32436019_G_A_b38_G" "chr21_32436447_T_A_b38_T"
[57] "chr21_32436465_A_C_b38_A" "chr21_32436477_T_A_b38_T"
[59] "chr21_32436484_T_C_b38_T" "chr21_32436539_G_A_b38_G"
[61] "chr21_32436627_G_A_b38_G" "chr21_32436628_G_A_b38_G"
[63] "chr21_32436637_A_G_b38_A" "chr21_32436702_C_T_b38_C"
[65] "chr21_32436736_G_A_b38_G" "chr21_32436746_A_G_b38_A"
[67] "chr21_32437187_G_C_b38_G" "chr21_32437224_A_G_b38_A"
[69] "chr21_32437249_C_A_b38_C" "chr21_32437250_G_A_b38_G"
[71] "chr21_32437258_C_G_b38_C" "chr21_32621877_A_T_b38_A"
[73] "chr21_32660622_A_G_b38_A" "chr21_32660624_C_T_b38_C"
25 SNP(s) removed because HWE P < 1e-08 :
 [1] "chr17_79865596_T_C_b38_T" "chr17_79865774_T_C_b38_T"
 [3] "chr17_79865872_C_A_b38_C" "chr17_79866288_C_T_b38_C"
 [5] "chr17_79866301_A_G_b38_A" "chr17_79866479_A_G_b38_A"
 [7] "chr17_79866720_T_C_b38_T" "chr17_79866740_C_T_b38_C"
 [9] "chr17_79866954_G_T_b38_G" "chr17_79867123_A_G_b38_A"
[11] "chr17_79867126_G_T_b38_G" "chr17_79867647_A_G_b38_A"
[13] "chr17_79868487_A_G_b38_A" "chr17_79985571_C_T_b38_C"
[15] "chr17_80066641_G_A_b38_G" "chr17_80066676_T_C_b38_T"
[17] "chr17_80067467_T_A_b38_T" "chr17_80067835_C_T_b38_C"
[19] "chr17_80067987_T_C_b38_T" "chr17_80068113_G_A_b38_G"
[21] "chr17_80091336_C_G_b38_C" "chr17_80387972_T_C_b38_T"
[23] "chr17_80498050_G_A_b38_G" "chr17_80498074_T_C_b38_T"
[25] "chr17_80666056_G_C_b38_G"
51 SNP(s) removed because HWE P < 1e-08 :
 [1] "chr19_50749708_G_C_b38_G" "chr19_50842031_A_G_b38_A"
 [3] "chr19_50896788_T_C_b38_T" "chr19_50897100_A_G_b38_A"
 [5] "chr19_50897145_C_T_b38_C" "chr19_50948431_C_T_b38_C"
 [7] "chr19_50957933_A_G_b38_A" "chr19_51083323_T_G_b38_T"
 [9] "chr19_51107599_A_G_b38_A" "chr19_51107741_T_G_b38_T"
[11] "chr19_51108006_G_A_b38_G" "chr19_51116302_T_C_b38_T"
[13] "chr19_51120922_T_G_b38_T" "chr19_51121015_T_G_b38_T"
[15] "chr19_51121279_T_C_b38_T" "chr19_51121832_A_C_b38_A"
[17] "chr19_51121942_T_C_b38_T" "chr19_51122379_A_G_b38_A"
[19] "chr19_51122568_A_G_b38_A" "chr19_51122642_G_C_b38_G"
[21] "chr19_51123685_A_G_b38_A" "chr19_51136723_A_G_b38_A"
[23] "chr19_51172375_T_C_b38_T" "chr19_51173311_A_G_b38_A"
[25] "chr19_51173876_T_C_b38_T" "chr19_51184134_C_T_b38_C"
[27] "chr19_51201503_A_G_b38_A" "chr19_51208344_T_C_b38_T"
[29] "chr19_51208365_C_T_b38_C" "chr19_51212754_T_C_b38_T"
[31] "chr19_51235665_T_C_b38_T" "chr19_51251278_A_C_b38_A"
[33] "chr19_51280161_A_G_b38_A" "chr19_51280387_C_T_b38_C"
[35] "chr19_51281207_G_A_b38_G" "chr19_51282770_C_G_b38_C"
[37] "chr19_51283428_T_C_b38_T" "chr19_51284112_C_T_b38_C"
[39] "chr19_51284184_A_C_b38_A" "chr19_51285176_C_A_b38_C"
[41] "chr19_51285861_G_A_b38_G" "chr19_51287738_T_C_b38_T"
[43] "chr19_51290510_A_C_b38_A" "chr19_51291857_T_G_b38_T"
[45] "chr19_51293045_T_C_b38_T" "chr19_51298175_C_T_b38_C"
[47] "chr19_51358092_C_G_b38_C" "chr19_51447917_C_T_b38_C"
[49] "chr19_51447928_A_G_b38_A" "chr19_51448049_T_G_b38_T"
[51] "chr19_51457686_A_G_b38_A"
91 SNP(s) removed because HWE P < 1e-08 :
 [1] "chr6_31337058_G_C_b38_G" "chr6_31337066_C_T_b38_C"
 [3] "chr6_31337067_A_G_b38_A" "chr6_31337084_G_A_b38_G"
 [5] "chr6_31337091_C_A_b38_C" "chr6_31337095_G_T_b38_G"
 [7] "chr6_31337101_A_G_b38_A" "chr6_31337132_G_T_b38_G"
 [9] "chr6_31337156_C_G_b38_C" "chr6_31337170_A_G_b38_A"
[11] "chr6_31337178_A_G_b38_A" "chr6_31337183_A_G_b38_A"
[13] "chr6_31337198_A_G_b38_A" "chr6_31337214_A_T_b38_A"
[15] "chr6_31337223_C_T_b38_C" "chr6_31337238_T_C_b38_T"
[17] "chr6_31337251_A_C_b38_A" "chr6_31337269_A_G_b38_A"
[19] "chr6_31337311_A_C_b38_A" "chr6_31337333_G_T_b38_G"
[21] "chr6_31337340_T_C_b38_T" "chr6_31337347_A_G_b38_A"
[23] "chr6_31337376_G_A_b38_G" "chr6_31337551_C_G_b38_C"
[25] "chr6_31338945_A_G_b38_A" "chr6_31353869_A_G_b38_A"
[27] "chr6_31353909_A_C_b38_A" "chr6_31354026_G_A_b38_G"
[29] "chr6_31354030_G_A_b38_G" "chr6_31354067_C_T_b38_C"
[31] "chr6_31354079_A_G_b38_A" "chr6_31356598_G_T_b38_G"
[33] "chr6_31374164_A_G_b38_A" "chr6_31389221_C_T_b38_C"
[35] "chr6_31389614_A_T_b38_A" "chr6_31389618_G_A_b38_G"
[37] "chr6_31389635_G_C_b38_G" "chr6_31389636_G_A_b38_G"
[39] "chr6_31389668_C_T_b38_C" "chr6_31389712_C_T_b38_C"
[41] "chr6_31389749_G_A_b38_G" "chr6_31390394_A_G_b38_A"
[43] "chr6_31390514_T_C_b38_T" "chr6_31390556_C_T_b38_C"
[45] "chr6_31390557_G_A_b38_G" "chr6_31391137_T_C_b38_T"
[47] "chr6_31391141_A_G_b38_A" "chr6_31391246_G_A_b38_G"
[49] "chr6_31391474_G_A_b38_G" "chr6_31485340_A_C_b38_A"
[51] "chr6_31485379_G_A_b38_G" "chr6_31485515_C_T_b38_C"
[53] "chr6_31485516_T_G_b38_T" "chr6_31486964_G_A_b38_G"
[55] "chr6_31487429_C_T_b38_C" "chr6_31487471_C_T_b38_C"
[57] "chr6_31487472_G_A_b38_G" "chr6_31487517_C_G_b38_C"
[59] "chr6_31487535_C_T_b38_C" "chr6_31487563_C_T_b38_C"
[61] "chr6_31487603_G_A_b38_G" "chr6_31487768_T_C_b38_T"
[63] "chr6_31487826_C_T_b38_C" "chr6_31487853_G_C_b38_G"
[65] "chr6_31487887_T_C_b38_T" "chr6_31487893_A_G_b38_A"
[67] "chr6_31487922_C_T_b38_C" "chr6_31487927_T_C_b38_T"
[69] "chr6_31487942_G_C_b38_G" "chr6_31487944_A_G_b38_A"
[71] "chr6_31487966_A_C_b38_A" "chr6_31487990_A_G_b38_A"
[73] "chr6_31488052_C_T_b38_C" "chr6_31488056_A_G_b38_A"
[75] "chr6_31488297_C_T_b38_C" "chr6_31488322_T_G_b38_T"
[77] "chr6_31488327_G_A_b38_G" "chr6_31488331_G_A_b38_G"
[79] "chr6_31489443_C_T_b38_C" "chr6_31489458_C_A_b38_C"
[81] "chr6_31489461_T_C_b38_T" "chr6_31489526_A_C_b38_A"
[83] "chr6_31489566_T_C_b38_T" "chr6_31489567_G_A_b38_G"
[85] "chr6_31489609_G_A_b38_G" "chr6_31489706_G_A_b38_G"
[87] "chr6_31489750_C_T_b38_C" "chr6_31855288_G_A_b38_G"
[89] "chr6_31899536_A_C_b38_A" "chr6_32029823_C_G_b38_C"
[91] "chr6_32037078_G_A_b38_G"
13 SNP(s) removed because HWE P < 1e-08 :
 [1] "chr12_12653380_T_A_b38_T" "chr12_12653382_T_C_b38_T"
 [3] "chr12_12653390_G_T_b38_G" "chr12_12653397_C_T_b38_C"
 [5] "chr12_12653402_T_C_b38_T" "chr12_12653403_G_A_b38_G"
 [7] "chr12_12674620_A_C_b38_A" "chr12_12931148_G_C_b38_G"
 [9] "chr12_13034452_C_A_b38_C" "chr12_13039287_G_C_b38_G"
[11] "chr12_13400074_G_T_b38_G" "chr12_13526334_C_T_b38_C"
[13] "chr12_13537343_C_T_b38_C"
91 SNP(s) removed because HWE P < 1e-08 :
 [1] "chr6_31337058_G_C_b38_G" "chr6_31337066_C_T_b38_C"
 [3] "chr6_31337067_A_G_b38_A" "chr6_31337084_G_A_b38_G"
 [5] "chr6_31337091_C_A_b38_C" "chr6_31337095_G_T_b38_G"
 [7] "chr6_31337101_A_G_b38_A" "chr6_31337132_G_T_b38_G"
 [9] "chr6_31337156_C_G_b38_C" "chr6_31337170_A_G_b38_A"
[11] "chr6_31337178_A_G_b38_A" "chr6_31337183_A_G_b38_A"
[13] "chr6_31337198_A_G_b38_A" "chr6_31337214_A_T_b38_A"
[15] "chr6_31337223_C_T_b38_C" "chr6_31337238_T_C_b38_T"
[17] "chr6_31337251_A_C_b38_A" "chr6_31337269_A_G_b38_A"
[19] "chr6_31337311_A_C_b38_A" "chr6_31337333_G_T_b38_G"
[21] "chr6_31337340_T_C_b38_T" "chr6_31337347_A_G_b38_A"
[23] "chr6_31337376_G_A_b38_G" "chr6_31337551_C_G_b38_C"
[25] "chr6_31338945_A_G_b38_A" "chr6_31353869_A_G_b38_A"
[27] "chr6_31353909_A_C_b38_A" "chr6_31354026_G_A_b38_G"
[29] "chr6_31354030_G_A_b38_G" "chr6_31354067_C_T_b38_C"
[31] "chr6_31354079_A_G_b38_A" "chr6_31356598_G_T_b38_G"
[33] "chr6_31374164_A_G_b38_A" "chr6_31389221_C_T_b38_C"
[35] "chr6_31389614_A_T_b38_A" "chr6_31389618_G_A_b38_G"
[37] "chr6_31389635_G_C_b38_G" "chr6_31389636_G_A_b38_G"
[39] "chr6_31389668_C_T_b38_C" "chr6_31389712_C_T_b38_C"
[41] "chr6_31389749_G_A_b38_G" "chr6_31390394_A_G_b38_A"
[43] "chr6_31390514_T_C_b38_T" "chr6_31390556_C_T_b38_C"
[45] "chr6_31390557_G_A_b38_G" "chr6_31391137_T_C_b38_T"
[47] "chr6_31391141_A_G_b38_A" "chr6_31391246_G_A_b38_G"
[49] "chr6_31391474_G_A_b38_G" "chr6_31485340_A_C_b38_A"
[51] "chr6_31485379_G_A_b38_G" "chr6_31485515_C_T_b38_C"
[53] "chr6_31485516_T_G_b38_T" "chr6_31486964_G_A_b38_G"
[55] "chr6_31487429_C_T_b38_C" "chr6_31487471_C_T_b38_C"
[57] "chr6_31487472_G_A_b38_G" "chr6_31487517_C_G_b38_C"
[59] "chr6_31487535_C_T_b38_C" "chr6_31487563_C_T_b38_C"
[61] "chr6_31487603_G_A_b38_G" "chr6_31487768_T_C_b38_T"
[63] "chr6_31487826_C_T_b38_C" "chr6_31487853_G_C_b38_G"
[65] "chr6_31487887_T_C_b38_T" "chr6_31487893_A_G_b38_A"
[67] "chr6_31487922_C_T_b38_C" "chr6_31487927_T_C_b38_T"
[69] "chr6_31487942_G_C_b38_G" "chr6_31487944_A_G_b38_A"
[71] "chr6_31487966_A_C_b38_A" "chr6_31487990_A_G_b38_A"
[73] "chr6_31488052_C_T_b38_C" "chr6_31488056_A_G_b38_A"
[75] "chr6_31488297_C_T_b38_C" "chr6_31488322_T_G_b38_T"
[77] "chr6_31488327_G_A_b38_G" "chr6_31488331_G_A_b38_G"
[79] "chr6_31489443_C_T_b38_C" "chr6_31489458_C_A_b38_C"
[81] "chr6_31489461_T_C_b38_T" "chr6_31489526_A_C_b38_A"
[83] "chr6_31489566_T_C_b38_T" "chr6_31489567_G_A_b38_G"
[85] "chr6_31489609_G_A_b38_G" "chr6_31489706_G_A_b38_G"
[87] "chr6_31489750_C_T_b38_C" "chr6_31855288_G_A_b38_G"
[89] "chr6_31899536_A_C_b38_A" "chr6_32029823_C_G_b38_C"
[91] "chr6_32037078_G_A_b38_G"
85 SNP(s) removed because HWE P < 1e-08 :
 [1] "chr3_140235420_T_C_b38_T" "chr3_140241908_T_C_b38_T"
 [3] "chr3_140245133_T_A_b38_T" "chr3_140253712_T_A_b38_T"
 [5] "chr3_140254614_T_C_b38_T" "chr3_140255544_G_A_b38_G"
 [7] "chr3_140266131_C_T_b38_C" "chr3_140269135_T_C_b38_T"
 [9] "chr3_140269943_T_C_b38_T" "chr3_140270799_T_C_b38_T"
[11] "chr3_140274833_G_A_b38_G" "chr3_140521165_G_T_b38_G"
[13] "chr3_140536851_A_G_b38_A" "chr3_140577582_T_G_b38_T"
[15] "chr3_140578376_C_T_b38_C" "chr3_140578753_G_T_b38_G"
[17] "chr3_140578919_T_C_b38_T" "chr3_140578929_C_T_b38_C"
[19] "chr3_140578934_A_G_b38_A" "chr3_140580490_C_A_b38_C"
[21] "chr3_140581466_A_G_b38_A" "chr3_140582055_C_T_b38_C"
[23] "chr3_140584098_C_T_b38_C" "chr3_140585121_A_G_b38_A"
[25] "chr3_140586642_T_C_b38_T" "chr3_140587071_C_A_b38_C"
[27] "chr3_140587889_G_C_b38_G" "chr3_140588564_A_G_b38_A"
[29] "chr3_140588729_C_T_b38_C" "chr3_140589087_C_T_b38_C"
[31] "chr3_140589676_A_G_b38_A" "chr3_140923770_C_T_b38_C"
[33] "chr3_140926208_C_T_b38_C" "chr3_140926978_C_T_b38_C"
[35] "chr3_140926995_G_A_b38_G" "chr3_140938406_T_C_b38_T"
[37] "chr3_140939473_C_T_b38_C" "chr3_140945271_C_T_b38_C"
[39] "chr3_140955350_C_T_b38_C" "chr3_140957924_G_A_b38_G"
[41] "chr3_140958115_G_A_b38_G" "chr3_140958148_A_G_b38_A"
[43] "chr3_140962120_G_A_b38_G" "chr3_140971158_A_G_b38_A"
[45] "chr3_140987419_C_G_b38_C" "chr3_140989063_A_G_b38_A"
[47] "chr3_140990678_G_A_b38_G" "chr3_141005501_A_C_b38_A"
[49] "chr3_141018538_G_T_b38_G" "chr3_141018849_A_G_b38_A"
[51] "chr3_141019886_G_A_b38_G" "chr3_141030625_C_T_b38_C"
[53] "chr3_141030923_G_A_b38_G" "chr3_141031946_G_A_b38_G"
[55] "chr3_141032755_A_G_b38_A" "chr3_141033696_C_T_b38_C"
[57] "chr3_141036736_T_C_b38_T" "chr3_141037146_C_T_b38_C"
[59] "chr3_141040575_G_T_b38_G" "chr3_141042438_C_T_b38_C"
[61] "chr3_141045930_T_A_b38_T" "chr3_141046719_G_A_b38_G"
[63] "chr3_141072821_G_C_b38_G" "chr3_141073523_A_G_b38_A"
[65] "chr3_141073574_G_C_b38_G" "chr3_141073799_T_C_b38_T"
[67] "chr3_141074000_T_C_b38_T" "chr3_141074553_C_G_b38_C"
[69] "chr3_141074619_C_T_b38_C" "chr3_141074620_T_G_b38_T"
[71] "chr3_141075098_G_A_b38_G" "chr3_141075410_T_G_b38_T"
[73] "chr3_141076014_G_A_b38_G" "chr3_141076216_G_T_b38_G"
[75] "chr3_141076636_C_G_b38_C" "chr3_141076821_G_C_b38_G"
[77] "chr3_141077321_G_A_b38_G" "chr3_141077365_G_A_b38_G"
[79] "chr3_141079201_T_C_b38_T" "chr3_141079453_G_A_b38_G"
[81] "chr3_141086105_G_A_b38_G" "chr3_141087527_G_A_b38_G"
[83] "chr3_141088368_G_C_b38_G" "chr3_141121005_T_C_b38_T"
[85] "chr3_141121012_C_G_b38_C"
1 SNP(s) removed because HWE P < 1e-08 :
[1] "chr8_99351433_A_T_b38_A"
60 SNP(s) removed because HWE P < 1e-08 :
 [1] "chr14_103052593_A_G_b38_A" "chr14_103092633_G_A_b38_G"
 [3] "chr14_103110106_T_C_b38_T" "chr14_103110107_C_G_b38_C"
 [5] "chr14_103154277_A_G_b38_A" "chr14_103164829_C_T_b38_C"
 [7] "chr14_103171726_C_T_b38_C" "chr14_103172816_A_T_b38_A"
 [9] "chr14_103182186_G_T_b38_G" "chr14_103186969_C_G_b38_C"
[11] "chr14_103188602_G_T_b38_G" "chr14_103193649_T_C_b38_T"
[13] "chr14_103193821_A_G_b38_A" "chr14_103194171_A_C_b38_A"
[15] "chr14_103196463_T_G_b38_T" "chr14_103197162_G_A_b38_G"
[17] "chr14_103197290_T_G_b38_T" "chr14_103197504_G_T_b38_G"
[19] "chr14_103198622_C_T_b38_C" "chr14_103198687_C_G_b38_C"
[21] "chr14_103198688_A_G_b38_A" "chr14_103198781_C_T_b38_C"
[23] "chr14_103199283_G_T_b38_G" "chr14_103200369_G_T_b38_G"
[25] "chr14_103201196_A_G_b38_A" "chr14_103201605_C_T_b38_C"
[27] "chr14_103201980_A_C_b38_A" "chr14_103202335_A_G_b38_A"
[29] "chr14_103203248_A_G_b38_A" "chr14_103203318_G_A_b38_G"
[31] "chr14_103203326_T_C_b38_T" "chr14_103203473_T_C_b38_T"
[33] "chr14_103205549_A_C_b38_A" "chr14_103206393_C_A_b38_C"
[35] "chr14_103206861_C_A_b38_C" "chr14_103207145_C_G_b38_C"
[37] "chr14_103207357_T_C_b38_T" "chr14_103207358_G_C_b38_G"
[39] "chr14_103208048_T_C_b38_T" "chr14_103209023_T_G_b38_T"
[41] "chr14_103209255_T_C_b38_T" "chr14_103211214_G_T_b38_G"
[43] "chr14_103211242_G_A_b38_G" "chr14_103211306_C_T_b38_C"
[45] "chr14_103211393_C_T_b38_C" "chr14_103211456_G_A_b38_G"
[47] "chr14_103211484_C_T_b38_C" "chr14_103211856_C_G_b38_C"
[49] "chr14_103211991_C_T_b38_C" "chr14_103212816_C_T_b38_C"
[51] "chr14_103213089_A_G_b38_A" "chr14_103213185_T_C_b38_T"
[53] "chr14_103213648_A_G_b38_A" "chr14_103213699_G_T_b38_G"
[55] "chr14_103213932_A_G_b38_A" "chr14_103214735_T_C_b38_T"
[57] "chr14_103214792_A_G_b38_A" "chr14_103215804_A_G_b38_A"
[59] "chr14_103215897_A_G_b38_A" "chr14_103730929_T_C_b38_T"
99 SNP(s) removed because HWE P < 1e-08 :
 [1] "chr19_19750593_A_G_b38_A" "chr19_19750873_C_T_b38_C"
 [3] "chr19_19752161_G_C_b38_G" "chr19_19754182_A_G_b38_A"
 [5] "chr19_19871146_A_T_b38_A" "chr19_19871922_A_C_b38_A"
 [7] "chr19_19873970_G_A_b38_G" "chr19_19876682_G_A_b38_G"
 [9] "chr19_19901002_T_C_b38_T" "chr19_19902458_A_G_b38_A"
[11] "chr19_19906944_G_A_b38_G" "chr19_19911801_T_A_b38_T"
[13] "chr19_19920890_T_C_b38_T" "chr19_19921866_T_C_b38_T"
[15] "chr19_19925806_G_A_b38_G" "chr19_19926128_A_G_b38_A"
[17] "chr19_19928811_A_G_b38_A" "chr19_19929529_A_G_b38_A"
[19] "chr19_19931221_C_T_b38_C" "chr19_19936117_T_C_b38_T"
[21] "chr19_19942030_G_A_b38_G" "chr19_19944014_G_A_b38_G"
[23] "chr19_19945539_T_C_b38_T" "chr19_19945634_C_G_b38_C"
[25] "chr19_19945816_A_T_b38_A" "chr19_19945845_T_C_b38_T"
[27] "chr19_19945846_G_A_b38_G" "chr19_19946653_C_T_b38_C"
[29] "chr19_19946931_C_T_b38_C" "chr19_20072204_A_G_b38_A"
[31] "chr19_20076373_T_A_b38_T" "chr19_20079158_A_T_b38_A"
[33] "chr19_20138455_A_G_b38_A" "chr19_20144992_G_A_b38_G"
[35] "chr19_20155541_C_T_b38_C" "chr19_20160979_A_T_b38_A"
[37] "chr19_20168377_A_G_b38_A" "chr19_20235968_A_C_b38_A"
[39] "chr19_20236589_T_A_b38_T" "chr19_20237430_G_A_b38_G"
[41] "chr19_20247344_C_T_b38_C" "chr19_20247951_G_A_b38_G"
[43] "chr19_20248369_C_T_b38_C" "chr19_20250295_A_G_b38_A"
[45] "chr19_20251503_G_A_b38_G" "chr19_20251512_C_T_b38_C"
[47] "chr19_20252128_C_A_b38_C" "chr19_20252173_G_A_b38_G"
[49] "chr19_20252613_T_C_b38_T" "chr19_20252896_C_T_b38_C"
[51] "chr19_20253020_G_C_b38_G" "chr19_20253141_A_G_b38_A"
[53] "chr19_20253618_G_A_b38_G" "chr19_20253622_G_A_b38_G"
[55] "chr19_20254318_G_A_b38_G" "chr19_20254742_C_T_b38_C"
[57] "chr19_20254772_G_C_b38_G" "chr19_20254853_G_A_b38_G"
[59] "chr19_20255568_T_C_b38_T" "chr19_20255722_A_G_b38_A"
[61] "chr19_20256609_T_A_b38_T" "chr19_20257106_A_G_b38_A"
[63] "chr19_20257751_G_C_b38_G" "chr19_20262146_T_C_b38_T"
[65] "chr19_20265802_T_C_b38_T" "chr19_20266016_C_A_b38_C"
[67] "chr19_20266116_C_G_b38_C" "chr19_20273110_C_T_b38_C"
[69] "chr19_20273808_A_G_b38_A" "chr19_20273824_A_G_b38_A"
[71] "chr19_20275126_T_C_b38_T" "chr19_20276821_G_C_b38_G"
[73] "chr19_20276989_C_A_b38_C" "chr19_20277903_A_C_b38_A"
[75] "chr19_20280928_C_T_b38_C" "chr19_20283278_G_A_b38_G"
[77] "chr19_20287299_C_G_b38_C" "chr19_20287457_C_A_b38_C"
[79] "chr19_20287919_T_C_b38_T" "chr19_20288297_G_A_b38_G"
[81] "chr19_20297526_A_G_b38_A" "chr19_20299123_G_A_b38_G"
[83] "chr19_20308486_A_C_b38_A" "chr19_20331022_C_A_b38_C"
[85] "chr19_20333451_C_T_b38_C" "chr19_20387070_A_G_b38_A"
[87] "chr19_20387072_A_G_b38_A" "chr19_20387073_A_T_b38_A"
[89] "chr19_20387087_A_T_b38_A" "chr19_20387089_A_C_b38_A"
[91] "chr19_20387125_C_T_b38_C" "chr19_20387130_C_T_b38_C"
[93] "chr19_20387142_T_C_b38_T" "chr19_20387143_C_A_b38_C"
[95] "chr19_20387148_C_G_b38_C" "chr19_20387168_A_G_b38_A"
[97] "chr19_20387203_C_T_b38_C" "chr19_20387211_C_T_b38_C"
[99] "chr19_20387214_G_C_b38_G"
98 SNP(s) removed because HWE P < 1e-08 :
 [1] "chr9_122109043_A_G_b38_A" "chr9_122110931_T_C_b38_T"
 [3] "chr9_122111100_G_A_b38_G" "chr9_122111114_G_A_b38_G"
 [5] "chr9_122111193_G_A_b38_G" "chr9_122111235_C_T_b38_C"
 [7] "chr9_122114062_G_A_b38_G" "chr9_122114530_A_G_b38_A"
 [9] "chr9_122116728_T_C_b38_T" "chr9_122119007_G_A_b38_G"
[11] "chr9_122119343_A_G_b38_A" "chr9_122119658_C_A_b38_C"
[13] "chr9_122120402_A_G_b38_A" "chr9_122121234_T_C_b38_T"
[15] "chr9_122121728_C_T_b38_C" "chr9_122122003_C_T_b38_C"
[17] "chr9_122122477_C_T_b38_C" "chr9_122158723_T_C_b38_T"
[19] "chr9_122158767_T_C_b38_T" "chr9_122161171_C_T_b38_C"
[21] "chr9_122162412_C_T_b38_C" "chr9_122166984_A_G_b38_A"
[23] "chr9_122170852_A_G_b38_A" "chr9_122181435_A_G_b38_A"
[25] "chr9_122352882_A_G_b38_A" "chr9_122353611_T_C_b38_T"
[27] "chr9_122374168_C_T_b38_C" "chr9_122374605_A_G_b38_A"
[29] "chr9_122388609_A_G_b38_A" "chr9_122389219_T_C_b38_T"
[31] "chr9_122389605_T_A_b38_T" "chr9_122390690_A_G_b38_A"
[33] "chr9_122393034_A_C_b38_A" "chr9_122393129_A_G_b38_A"
[35] "chr9_122393406_A_G_b38_A" "chr9_122393507_G_T_b38_G"
[37] "chr9_122393510_C_G_b38_C" "chr9_122397242_G_A_b38_G"
[39] "chr9_122641803_G_T_b38_G" "chr9_122647980_A_G_b38_A"
[41] "chr9_122655786_C_A_b38_C" "chr9_122661998_A_G_b38_A"
[43] "chr9_122663281_T_C_b38_T" "chr9_122663290_G_A_b38_G"
[45] "chr9_122666005_A_G_b38_A" "chr9_122670078_T_C_b38_T"
[47] "chr9_122670207_A_T_b38_A" "chr9_122671188_G_A_b38_G"
[49] "chr9_122671997_G_C_b38_G" "chr9_122672654_C_A_b38_C"
[51] "chr9_122673868_G_A_b38_G" "chr9_122673998_G_T_b38_G"
[53] "chr9_122674051_T_C_b38_T" "chr9_122675490_A_G_b38_A"
[55] "chr9_122677306_C_T_b38_C" "chr9_122677724_C_G_b38_C"
[57] "chr9_122680636_A_G_b38_A" "chr9_122681173_A_C_b38_A"
[59] "chr9_122685078_C_G_b38_C" "chr9_122691163_T_C_b38_T"
[61] "chr9_122691319_C_A_b38_C" "chr9_122691320_G_A_b38_G"
[63] "chr9_122691651_T_C_b38_T" "chr9_122691728_T_C_b38_T"
[65] "chr9_122693270_T_C_b38_T" "chr9_122708965_G_A_b38_G"
[67] "chr9_122710610_T_G_b38_T" "chr9_122711271_A_G_b38_A"
[69] "chr9_122753928_A_C_b38_A" "chr9_122754944_C_T_b38_C"
[71] "chr9_122755069_G_T_b38_G" "chr9_122757405_T_C_b38_T"
[73] "chr9_122757715_A_G_b38_A" "chr9_122758233_G_A_b38_G"
[75] "chr9_122759348_G_C_b38_G" "chr9_122761137_C_T_b38_C"
[77] "chr9_122762557_A_G_b38_A" "chr9_122763014_A_C_b38_A"
[79] "chr9_122767539_C_A_b38_C" "chr9_122772545_T_C_b38_T"
[81] "chr9_122773788_G_T_b38_G" "chr9_122774270_T_C_b38_T"
[83] "chr9_122775901_A_C_b38_A" "chr9_122777043_C_T_b38_C"
[85] "chr9_122777109_A_G_b38_A" "chr9_122777689_C_G_b38_C"
[87] "chr9_122779044_G_A_b38_G" "chr9_122779137_A_G_b38_A"
[89] "chr9_122780442_C_A_b38_C" "chr9_122780529_A_G_b38_A"
[91] "chr9_122780582_C_T_b38_C" "chr9_122780675_A_G_b38_A"
[93] "chr9_122788588_A_G_b38_A" "chr9_122793620_G_A_b38_G"
[95] "chr9_122826445_T_C_b38_T" "chr9_122829525_G_A_b38_G"
[97] "chr9_122829981_C_G_b38_C" "chr9_122830424_T_C_b38_T"
49 SNP(s) removed because HWE P < 1e-08 :
 [1] "chr19_51083323_T_G_b38_T" "chr19_51107599_A_G_b38_A"
 [3] "chr19_51107741_T_G_b38_T" "chr19_51108006_G_A_b38_G"
 [5] "chr19_51116302_T_C_b38_T" "chr19_51120922_T_G_b38_T"
 [7] "chr19_51121015_T_G_b38_T" "chr19_51121279_T_C_b38_T"
 [9] "chr19_51121832_A_C_b38_A" "chr19_51121942_T_C_b38_T"
[11] "chr19_51122379_A_G_b38_A" "chr19_51122568_A_G_b38_A"
[13] "chr19_51122642_G_C_b38_G" "chr19_51123685_A_G_b38_A"
[15] "chr19_51136723_A_G_b38_A" "chr19_51172375_T_C_b38_T"
[17] "chr19_51173311_A_G_b38_A" "chr19_51173876_T_C_b38_T"
[19] "chr19_51184134_C_T_b38_C" "chr19_51201503_A_G_b38_A"
[21] "chr19_51208344_T_C_b38_T" "chr19_51208365_C_T_b38_C"
[23] "chr19_51212754_T_C_b38_T" "chr19_51235665_T_C_b38_T"
[25] "chr19_51251278_A_C_b38_A" "chr19_51280161_A_G_b38_A"
[27] "chr19_51280387_C_T_b38_C" "chr19_51281207_G_A_b38_G"
[29] "chr19_51282770_C_G_b38_C" "chr19_51283428_T_C_b38_T"
[31] "chr19_51284112_C_T_b38_C" "chr19_51284184_A_C_b38_A"
[33] "chr19_51285176_C_A_b38_C" "chr19_51285861_G_A_b38_G"
[35] "chr19_51287738_T_C_b38_T" "chr19_51290510_A_C_b38_A"
[37] "chr19_51291857_T_G_b38_T" "chr19_51293045_T_C_b38_T"
[39] "chr19_51298175_C_T_b38_C" "chr19_51358092_C_G_b38_C"
[41] "chr19_51447917_C_T_b38_C" "chr19_51447928_A_G_b38_A"
[43] "chr19_51448049_T_G_b38_T" "chr19_51457686_A_G_b38_A"
[45] "chr19_51780129_T_C_b38_T" "chr19_51780359_A_G_b38_A"
[47] "chr19_51848424_G_A_b38_G" "chr19_51875933_G_A_b38_G"
[49] "chr19_51876393_G_A_b38_G"
138 SNP(s) removed because HWE P < 1e-08 :
  [1] "chr7_103076468_G_A_b38_G" "chr7_103077083_T_C_b38_T"
  [3] "chr7_103080283_G_C_b38_G" "chr7_103081431_A_G_b38_A"
  [5] "chr7_103081533_T_C_b38_T" "chr7_103081712_G_A_b38_G"
  [7] "chr7_103082058_G_A_b38_G" "chr7_103082300_G_A_b38_G"
  [9] "chr7_103082640_A_G_b38_A" "chr7_103083925_A_T_b38_A"
 [11] "chr7_103085494_G_A_b38_G" "chr7_103085688_A_G_b38_A"
 [13] "chr7_103087638_A_G_b38_A" "chr7_103090660_C_T_b38_C"
 [15] "chr7_103094153_G_T_b38_G" "chr7_103094693_T_C_b38_T"
 [17] "chr7_103095234_T_C_b38_T" "chr7_103095353_C_T_b38_C"
 [19] "chr7_103095439_C_T_b38_C" "chr7_103096804_C_A_b38_C"
 [21] "chr7_103096964_A_G_b38_A" "chr7_103097500_A_G_b38_A"
 [23] "chr7_103097953_A_T_b38_A" "chr7_103098127_A_C_b38_A"
 [25] "chr7_103098143_G_A_b38_G" "chr7_103098596_C_T_b38_C"
 [27] "chr7_103098638_A_G_b38_A" "chr7_103099242_G_A_b38_G"
 [29] "chr7_103099261_G_A_b38_G" "chr7_103100236_G_A_b38_G"
 [31] "chr7_103100587_A_G_b38_A" "chr7_103100646_G_A_b38_G"
 [33] "chr7_103101697_C_T_b38_C" "chr7_103101771_G_A_b38_G"
 [35] "chr7_103103446_C_T_b38_C" "chr7_103104312_G_A_b38_G"
 [37] "chr7_103104903_A_C_b38_A" "chr7_103105353_A_G_b38_A"
 [39] "chr7_103105708_G_A_b38_G" "chr7_103105882_G_A_b38_G"
 [41] "chr7_103107249_C_A_b38_C" "chr7_103107336_T_C_b38_T"
 [43] "chr7_103107454_G_A_b38_G" "chr7_103108207_G_A_b38_G"
 [45] "chr7_103108233_C_T_b38_C" "chr7_103108250_T_C_b38_T"
 [47] "chr7_103108387_C_A_b38_C" "chr7_103108432_C_T_b38_C"
 [49] "chr7_103108470_A_T_b38_A" "chr7_103108684_C_T_b38_C"
 [51] "chr7_103109743_T_A_b38_T" "chr7_103109880_A_G_b38_A"
 [53] "chr7_103110011_T_G_b38_T" "chr7_103110485_A_G_b38_A"
 [55] "chr7_103110868_A_G_b38_A" "chr7_103111106_G_C_b38_G"
 [57] "chr7_103113324_G_A_b38_G" "chr7_103113409_A_G_b38_A"
 [59] "chr7_103114496_C_T_b38_C" "chr7_103114883_A_G_b38_A"
 [61] "chr7_103116072_T_C_b38_T" "chr7_103116093_A_G_b38_A"
 [63] "chr7_103116098_G_A_b38_G" "chr7_103116987_C_T_b38_C"
 [65] "chr7_103117604_T_C_b38_T" "chr7_103117637_C_T_b38_C"
 [67] "chr7_103117837_T_C_b38_T" "chr7_103118283_T_C_b38_T"
 [69] "chr7_103120275_A_G_b38_A" "chr7_103120327_A_T_b38_A"
 [71] "chr7_103122488_G_A_b38_G" "chr7_103122494_G_A_b38_G"
 [73] "chr7_103123807_G_A_b38_G" "chr7_103124553_G_A_b38_G"
 [75] "chr7_103126214_T_C_b38_T" "chr7_103126522_T_C_b38_T"
 [77] "chr7_103129064_G_A_b38_G" "chr7_103129258_T_C_b38_T"
 [79] "chr7_103130687_C_T_b38_C" "chr7_103130762_G_A_b38_G"
 [81] "chr7_103131383_C_T_b38_C" "chr7_103132334_G_A_b38_G"
 [83] "chr7_103132383_G_A_b38_G" "chr7_103133543_C_T_b38_C"
 [85] "chr7_103134466_A_G_b38_A" "chr7_103134571_A_C_b38_A"
 [87] "chr7_103136724_T_C_b38_T" "chr7_103137282_A_T_b38_A"
 [89] "chr7_103137344_G_A_b38_G" "chr7_103137467_C_T_b38_C"
 [91] "chr7_103138063_C_T_b38_C" "chr7_103138222_T_C_b38_T"
 [93] "chr7_103141999_A_C_b38_A" "chr7_103142628_T_C_b38_T"
 [95] "chr7_103142809_A_G_b38_A" "chr7_103144324_C_T_b38_C"
 [97] "chr7_103144994_C_T_b38_C" "chr7_103146688_C_A_b38_C"
 [99] "chr7_103149048_A_G_b38_A" "chr7_103151364_A_G_b38_A"
[101] "chr7_103158954_C_A_b38_C" "chr7_103167836_A_G_b38_A"
[103] "chr7_103167915_G_A_b38_G" "chr7_103241045_G_A_b38_G"
[105] "chr7_103241453_C_T_b38_C" "chr7_103408276_C_G_b38_C"
[107] "chr7_103409030_C_T_b38_C" "chr7_103419880_C_T_b38_C"
[109] "chr7_103430598_A_C_b38_A" "chr7_103431454_C_G_b38_C"
[111] "chr7_103431823_C_T_b38_C" "chr7_103431839_A_T_b38_A"
[113] "chr7_103432372_C_G_b38_C" "chr7_103433517_T_C_b38_T"
[115] "chr7_103433532_G_C_b38_G" "chr7_103433546_T_C_b38_T"
[117] "chr7_103434141_T_C_b38_T" "chr7_103436244_A_C_b38_A"
[119] "chr7_103436751_G_A_b38_G" "chr7_103437295_G_A_b38_G"
[121] "chr7_103437498_A_T_b38_A" "chr7_103437855_G_A_b38_G"
[123] "chr7_103438042_A_C_b38_A" "chr7_103438240_A_G_b38_A"
[125] "chr7_103439278_A_G_b38_A" "chr7_103440168_T_C_b38_T"
[127] "chr7_103440216_T_G_b38_T" "chr7_103440341_G_C_b38_G"
[129] "chr7_103440678_A_G_b38_A" "chr7_103441854_C_T_b38_C"
[131] "chr7_103442642_T_C_b38_T" "chr7_103443539_A_G_b38_A"
[133] "chr7_103443553_G_C_b38_G" "chr7_103444641_G_A_b38_G"
[135] "chr7_103444963_G_A_b38_G" "chr7_103517239_A_G_b38_A"
[137] "chr7_103521487_C_G_b38_C" "chr7_103527866_C_G_b38_C"
71 SNP(s) removed because HWE P < 1e-08 :
 [1] "chr3_167950857_C_T_b38_C" "chr3_167952090_C_T_b38_C"
 [3] "chr3_167956266_C_A_b38_C" "chr3_167957841_T_A_b38_T"
 [5] "chr3_167958980_G_A_b38_G" "chr3_167960921_C_T_b38_C"
 [7] "chr3_167961208_A_T_b38_A" "chr3_167964178_T_A_b38_T"
 [9] "chr3_167964898_T_C_b38_T" "chr3_167965175_G_A_b38_G"
[11] "chr3_167967397_T_A_b38_T" "chr3_167969581_C_T_b38_C"
[13] "chr3_167972251_A_T_b38_A" "chr3_167972508_T_C_b38_T"
[15] "chr3_167973758_T_C_b38_T" "chr3_167981717_T_C_b38_T"
[17] "chr3_167981914_A_C_b38_A" "chr3_167984588_C_T_b38_C"
[19] "chr3_167991378_C_G_b38_C" "chr3_167995840_G_A_b38_G"
[21] "chr3_168003860_A_G_b38_A" "chr3_168004536_C_T_b38_C"
[23] "chr3_168004909_C_T_b38_C" "chr3_168005252_G_T_b38_G"
[25] "chr3_168007561_A_G_b38_A" "chr3_168007593_T_C_b38_T"
[27] "chr3_168007620_T_C_b38_T" "chr3_168008137_C_A_b38_C"
[29] "chr3_168008176_C_G_b38_C" "chr3_168009648_C_T_b38_C"
[31] "chr3_168009682_T_C_b38_T" "chr3_168010096_C_T_b38_C"
[33] "chr3_168010657_G_C_b38_G" "chr3_168010908_G_C_b38_G"
[35] "chr3_168011103_A_G_b38_A" "chr3_168011139_C_A_b38_C"
[37] "chr3_168011191_A_G_b38_A" "chr3_168011202_A_G_b38_A"
[39] "chr3_168011246_G_A_b38_G" "chr3_168011372_G_A_b38_G"
[41] "chr3_168011409_G_A_b38_G" "chr3_168011410_C_A_b38_C"
[43] "chr3_168011456_A_G_b38_A" "chr3_168011512_T_C_b38_T"
[45] "chr3_168011920_C_T_b38_C" "chr3_168011997_A_G_b38_A"
[47] "chr3_168012024_A_G_b38_A" "chr3_168012387_T_C_b38_T"
[49] "chr3_168012882_A_G_b38_A" "chr3_168012905_G_C_b38_G"
[51] "chr3_168012943_T_A_b38_T" "chr3_168013221_A_G_b38_A"
[53] "chr3_168013730_G_T_b38_G" "chr3_168017754_G_A_b38_G"
[55] "chr3_168018516_C_T_b38_C" "chr3_168018538_T_C_b38_T"
[57] "chr3_168018774_C_T_b38_C" "chr3_168018832_G_A_b38_G"
[59] "chr3_168018857_G_A_b38_G" "chr3_168018916_T_C_b38_T"
[61] "chr3_168019103_A_G_b38_A" "chr3_168019315_T_G_b38_T"
[63] "chr3_168019464_A_G_b38_A" "chr3_168019686_T_C_b38_T"
[65] "chr3_168019763_C_T_b38_C" "chr3_168019973_G_C_b38_G"
[67] "chr3_168019983_T_C_b38_T" "chr3_168019984_G_A_b38_G"
[69] "chr3_168020025_C_T_b38_C" "chr3_168020732_A_G_b38_A"
[71] "chr3_168026719_A_T_b38_A"
133 SNP(s) removed because HWE P < 1e-08 :
  [1] "chr16_19970359_G_C_b38_G" "chr16_20123185_T_A_b38_T"
  [3] "chr16_20211339_C_A_b38_C" "chr16_20211381_T_C_b38_T"
  [5] "chr16_20253984_G_C_b38_G" "chr16_20256383_A_T_b38_A"
  [7] "chr16_20257101_T_A_b38_T" "chr16_20262875_A_G_b38_A"
  [9] "chr16_20262983_T_C_b38_T" "chr16_20263748_T_G_b38_T"
 [11] "chr16_20264015_A_T_b38_A" "chr16_20264153_A_G_b38_A"
 [13] "chr16_20264884_A_G_b38_A" "chr16_20265635_T_G_b38_T"
 [15] "chr16_20266257_C_T_b38_C" "chr16_20266313_C_A_b38_C"
 [17] "chr16_20266339_T_A_b38_T" "chr16_20267364_T_A_b38_T"
 [19] "chr16_20267830_A_G_b38_A" "chr16_20269080_A_G_b38_A"
 [21] "chr16_20269795_C_T_b38_C" "chr16_20269839_A_G_b38_A"
 [23] "chr16_20270116_G_A_b38_G" "chr16_20270286_A_G_b38_A"
 [25] "chr16_20270437_C_T_b38_C" "chr16_20271381_G_A_b38_G"
 [27] "chr16_20271505_T_A_b38_T" "chr16_20272445_G_A_b38_G"
 [29] "chr16_20272482_G_A_b38_G" "chr16_20272598_T_C_b38_T"
 [31] "chr16_20272710_T_C_b38_T" "chr16_20273096_G_T_b38_G"
 [33] "chr16_20273279_T_C_b38_T" "chr16_20273549_A_G_b38_A"
 [35] "chr16_20273750_A_G_b38_A" "chr16_20274057_A_G_b38_A"
 [37] "chr16_20274079_A_G_b38_A" "chr16_20275293_T_C_b38_T"
 [39] "chr16_20275875_G_A_b38_G" "chr16_20275876_G_A_b38_G"
 [41] "chr16_20275964_A_G_b38_A" "chr16_20276033_C_A_b38_C"
 [43] "chr16_20276130_T_G_b38_T" "chr16_20276372_G_C_b38_G"
 [45] "chr16_20276656_A_G_b38_A" "chr16_20276856_T_C_b38_T"
 [47] "chr16_20277050_G_C_b38_G" "chr16_20277293_A_G_b38_A"
 [49] "chr16_20277475_G_A_b38_G" "chr16_20277564_T_C_b38_T"
 [51] "chr16_20277595_G_T_b38_G" "chr16_20277875_G_A_b38_G"
 [53] "chr16_20278774_C_A_b38_C" "chr16_20278798_A_G_b38_A"
 [55] "chr16_20279132_T_C_b38_T" "chr16_20279729_T_C_b38_T"
 [57] "chr16_20280170_T_C_b38_T" "chr16_20281460_C_T_b38_C"
 [59] "chr16_20281624_G_A_b38_G" "chr16_20281700_C_G_b38_C"
 [61] "chr16_20281805_C_T_b38_C" "chr16_20282051_C_T_b38_C"
 [63] "chr16_20282367_C_G_b38_C" "chr16_20282661_G_A_b38_G"
 [65] "chr16_20283179_T_A_b38_T" "chr16_20283637_G_A_b38_G"
 [67] "chr16_20283637_G_C_b38_G" "chr16_20284012_G_C_b38_G"
 [69] "chr16_20284442_G_A_b38_G" "chr16_20285291_C_T_b38_C"
 [71] "chr16_20285318_G_T_b38_G" "chr16_20285490_T_C_b38_T"
 [73] "chr16_20285495_C_G_b38_C" "chr16_20285544_A_G_b38_A"
 [75] "chr16_20285688_T_C_b38_T" "chr16_20285816_G_A_b38_G"
 [77] "chr16_20286267_G_A_b38_G" "chr16_20286290_G_A_b38_G"
 [79] "chr16_20289242_G_T_b38_G" "chr16_20297845_C_T_b38_C"
 [81] "chr16_20297893_G_A_b38_G" "chr16_20309347_C_T_b38_C"
 [83] "chr16_20309986_G_C_b38_G" "chr16_20355917_G_T_b38_G"
 [85] "chr16_20403246_C_T_b38_C" "chr16_20405912_A_G_b38_A"
 [87] "chr16_20407130_T_C_b38_T" "chr16_20407372_A_T_b38_A"
 [89] "chr16_20408660_G_C_b38_G" "chr16_20412591_A_T_b38_A"
 [91] "chr16_20421045_T_C_b38_T" "chr16_20424721_C_T_b38_C"
 [93] "chr16_20425199_T_A_b38_T" "chr16_20442257_G_A_b38_G"
 [95] "chr16_20442331_T_C_b38_T" "chr16_20442874_T_C_b38_T"
 [97] "chr16_20469024_G_C_b38_G" "chr16_20478332_G_A_b38_G"
 [99] "chr16_20481452_C_G_b38_C" "chr16_20481500_G_A_b38_G"
[101] "chr16_20481507_T_A_b38_T" "chr16_20481518_C_T_b38_C"
[103] "chr16_20483983_A_G_b38_A" "chr16_20489820_C_T_b38_C"
[105] "chr16_20533059_A_G_b38_A" "chr16_20533064_G_C_b38_G"
[107] "chr16_20539823_C_T_b38_C" "chr16_20541740_A_G_b38_A"
[109] "chr16_20541744_G_A_b38_G" "chr16_20541764_A_C_b38_A"
[111] "chr16_20542006_C_A_b38_C" "chr16_20542317_G_A_b38_G"
[113] "chr16_20542328_T_A_b38_T" "chr16_20542335_T_C_b38_T"
[115] "chr16_20542383_G_C_b38_G" "chr16_20543260_T_G_b38_T"
[117] "chr16_20553171_T_C_b38_T" "chr16_20554965_C_G_b38_C"
[119] "chr16_20561102_T_C_b38_T" "chr16_20574054_A_G_b38_A"
[121] "chr16_20575465_C_G_b38_C" "chr16_20578321_C_A_b38_C"
[123] "chr16_20578376_A_T_b38_A" "chr16_20578388_T_C_b38_T"
[125] "chr16_20578431_T_C_b38_T" "chr16_20578436_A_G_b38_A"
[127] "chr16_20580342_G_C_b38_G" "chr16_20586091_C_T_b38_C"
[129] "chr16_20588536_G_A_b38_G" "chr16_20588537_T_C_b38_T"
[131] "chr16_20588625_G_C_b38_G" "chr16_20606401_A_T_b38_A"
[133] "chr16_20741485_G_C_b38_G"
106 SNP(s) removed because HWE P < 1e-08 :
  [1] "chr6_32719435_A_G_b38_A" "chr6_32741442_A_G_b38_A"
  [3] "chr6_32741465_C_A_b38_C" "chr6_32741488_T_C_b38_T"
  [5] "chr6_32741489_G_A_b38_G" "chr6_32741503_C_T_b38_C"
  [7] "chr6_32742600_T_C_b38_T" "chr6_32745710_G_A_b38_G"
  [9] "chr6_32745821_T_C_b38_T" "chr6_32745825_T_C_b38_T"
 [11] "chr6_32745831_G_A_b38_G" "chr6_32746391_A_G_b38_A"
 [13] "chr6_32746600_G_C_b38_G" "chr6_32746603_A_C_b38_A"
 [15] "chr6_32746604_A_G_b38_A" "chr6_32746610_A_G_b38_A"
 [17] "chr6_32751370_T_C_b38_T" "chr6_32751372_T_C_b38_T"
 [19] "chr6_32751423_G_T_b38_G" "chr6_32751424_A_G_b38_A"
 [21] "chr6_32751430_T_C_b38_T" "chr6_32757593_C_G_b38_C"
 [23] "chr6_32757600_C_G_b38_C" "chr6_32757607_A_T_b38_A"
 [25] "chr6_32757612_C_A_b38_C" "chr6_32757614_C_T_b38_C"
 [27] "chr6_32757790_C_T_b38_C" "chr6_32757842_T_C_b38_T"
 [29] "chr6_32757843_G_A_b38_G" "chr6_32757848_T_C_b38_T"
 [31] "chr6_32757896_A_C_b38_A" "chr6_32758974_G_A_b38_G"
 [33] "chr6_32758979_A_G_b38_A" "chr6_32758992_A_G_b38_A"
 [35] "chr6_32758995_G_A_b38_G" "chr6_32758997_C_T_b38_C"
 [37] "chr6_32759026_C_T_b38_C" "chr6_32759061_C_T_b38_C"
 [39] "chr6_32759189_C_T_b38_C" "chr6_32759225_A_G_b38_A"
 [41] "chr6_32759227_A_G_b38_A" "chr6_32759237_C_T_b38_C"
 [43] "chr6_32759305_A_G_b38_A" "chr6_32759316_A_T_b38_A"
 [45] "chr6_32759320_C_A_b38_C" "chr6_32759325_T_C_b38_T"
 [47] "chr6_32759747_G_C_b38_G" "chr6_32759760_A_G_b38_A"
 [49] "chr6_32759767_C_T_b38_C" "chr6_32759773_C_T_b38_C"
 [51] "chr6_32759785_G_A_b38_G" "chr6_32759801_C_T_b38_C"
 [53] "chr6_32759802_A_G_b38_A" "chr6_32759808_A_T_b38_A"
 [55] "chr6_32759812_T_C_b38_T" "chr6_32759815_C_T_b38_C"
 [57] "chr6_32759822_G_T_b38_G" "chr6_32759827_T_A_b38_T"
 [59] "chr6_32759839_A_G_b38_A" "chr6_32759880_A_G_b38_A"
 [61] "chr6_32759903_A_T_b38_A" "chr6_32760763_T_A_b38_T"
 [63] "chr6_32760768_C_T_b38_C" "chr6_32760792_C_T_b38_C"
 [65] "chr6_32760810_C_T_b38_C" "chr6_32760811_C_T_b38_C"
 [67] "chr6_32760818_C_T_b38_C" "chr6_32760833_C_T_b38_C"
 [69] "chr6_32760859_C_A_b38_C" "chr6_32760862_C_A_b38_C"
 [71] "chr6_32760865_T_C_b38_T" "chr6_32760875_A_G_b38_A"
 [73] "chr6_32760889_G_A_b38_G" "chr6_32760901_C_T_b38_C"
 [75] "chr6_32760948_G_T_b38_G" "chr6_32760959_T_C_b38_T"
 [77] "chr6_32761010_G_A_b38_G" "chr6_32761014_C_A_b38_C"
 [79] "chr6_32761016_C_T_b38_C" "chr6_32761018_A_T_b38_A"
 [81] "chr6_32761024_G_A_b38_G" "chr6_32761028_T_C_b38_T"
 [83] "chr6_32761065_G_T_b38_G" "chr6_32761069_C_T_b38_C"
 [85] "chr6_32761086_G_A_b38_G" "chr6_32761116_A_G_b38_A"
 [87] "chr6_32761125_C_T_b38_C" "chr6_32761133_T_C_b38_T"
 [89] "chr6_32761169_C_T_b38_C" "chr6_32761188_G_A_b38_G"
 [91] "chr6_32761209_C_T_b38_C" "chr6_32761212_G_A_b38_G"
 [93] "chr6_32761228_G_T_b38_G" "chr6_32761231_G_A_b38_G"
 [95] "chr6_32761232_C_A_b38_C" "chr6_32761243_A_C_b38_A"
 [97] "chr6_32761248_G_A_b38_G" "chr6_32761273_T_C_b38_T"
 [99] "chr6_32761281_A_G_b38_A" "chr6_32761315_A_G_b38_A"
[101] "chr6_32761329_G_A_b38_G" "chr6_32885511_C_G_b38_C"
[103] "chr6_32885519_G_C_b38_G" "chr6_32885530_T_C_b38_T"
[105] "chr6_32885531_G_A_b38_G" "chr6_33421126_A_C_b38_A"
48 SNP(s) removed because HWE P < 1e-08 :
 [1] "chr5_31755554_C_T_b38_C" "chr5_31869376_A_G_b38_A"
 [3] "chr5_31870132_T_C_b38_T" "chr5_31883939_G_A_b38_G"
 [5] "chr5_31883964_G_C_b38_G" "chr5_31884013_G_A_b38_G"
 [7] "chr5_31884231_G_A_b38_G" "chr5_32006631_A_C_b38_A"
 [9] "chr5_32006643_A_C_b38_A" "chr5_32006839_G_A_b38_G"
[11] "chr5_32007014_T_C_b38_T" "chr5_32007607_C_T_b38_C"
[13] "chr5_32008069_T_C_b38_T" "chr5_32008474_T_C_b38_T"
[15] "chr5_32008782_A_G_b38_A" "chr5_32120308_T_C_b38_T"
[17] "chr5_32127962_A_C_b38_A" "chr5_32128073_A_G_b38_A"
[19] "chr5_32130295_C_T_b38_C" "chr5_32131098_G_C_b38_G"
[21] "chr5_32133357_G_T_b38_G" "chr5_32133612_A_G_b38_A"
[23] "chr5_32141356_A_C_b38_A" "chr5_32142421_C_T_b38_C"
[25] "chr5_32143314_G_A_b38_G" "chr5_32152359_G_T_b38_G"
[27] "chr5_32152540_C_T_b38_C" "chr5_32159223_A_G_b38_A"
[29] "chr5_32160790_A_G_b38_A" "chr5_32160793_C_A_b38_C"
[31] "chr5_32161280_G_A_b38_G" "chr5_32163104_C_A_b38_C"
[33] "chr5_32171325_A_G_b38_A" "chr5_32191505_T_G_b38_T"
[35] "chr5_32589176_C_T_b38_C" "chr5_32590736_C_T_b38_C"
[37] "chr5_32592421_A_G_b38_A" "chr5_32592630_A_G_b38_A"
[39] "chr5_32592855_G_A_b38_G" "chr5_32594646_C_T_b38_C"
[41] "chr5_32596118_G_A_b38_G" "chr5_32596740_G_A_b38_G"
[43] "chr5_32596810_G_A_b38_G" "chr5_32597362_G_A_b38_G"
[45] "chr5_32598483_T_C_b38_T" "chr5_32598811_A_G_b38_A"
[47] "chr5_32600690_A_G_b38_A" "chr5_32605448_T_G_b38_T"
65 SNP(s) removed because HWE P < 1e-08 :
 [1] "chr6_24166414_A_G_b38_A" "chr6_24172518_C_T_b38_C"
 [3] "chr6_24173154_T_C_b38_T" "chr6_24173357_A_G_b38_A"
 [5] "chr6_24173513_C_T_b38_C" "chr6_24173958_G_A_b38_G"
 [7] "chr6_24174161_G_A_b38_G" "chr6_24174162_C_A_b38_C"
 [9] "chr6_24174575_A_C_b38_A" "chr6_24174606_T_A_b38_T"
[11] "chr6_24174793_T_A_b38_T" "chr6_24175251_T_C_b38_T"
[13] "chr6_24463568_T_C_b38_T" "chr6_24463576_C_T_b38_C"
[15] "chr6_24463998_C_T_b38_C" "chr6_24585025_A_G_b38_A"
[17] "chr6_24585877_T_C_b38_T" "chr6_24673392_G_A_b38_G"
[19] "chr6_24677098_C_T_b38_C" "chr6_24691424_A_G_b38_A"
[21] "chr6_24728281_C_G_b38_C" "chr6_24737940_A_C_b38_A"
[23] "chr6_24756388_G_A_b38_G" "chr6_24760053_T_C_b38_T"
[25] "chr6_24879201_A_G_b38_A" "chr6_24952852_A_T_b38_A"
[27] "chr6_24953201_T_C_b38_T" "chr6_24953284_T_G_b38_T"
[29] "chr6_24953299_T_C_b38_T" "chr6_24953334_C_T_b38_C"
[31] "chr6_24956199_C_T_b38_C" "chr6_24956290_T_G_b38_T"
[33] "chr6_24956467_A_G_b38_A" "chr6_24956561_C_T_b38_C"
[35] "chr6_24956623_G_A_b38_G" "chr6_24957013_C_T_b38_C"
[37] "chr6_24957594_T_C_b38_T" "chr6_24957691_A_G_b38_A"
[39] "chr6_24957862_G_A_b38_G" "chr6_24958279_T_C_b38_T"
[41] "chr6_24958443_A_C_b38_A" "chr6_24958451_T_G_b38_T"
[43] "chr6_24958499_T_G_b38_T" "chr6_24959022_C_T_b38_C"
[45] "chr6_24959555_T_C_b38_T" "chr6_24959616_C_T_b38_C"
[47] "chr6_24960025_T_C_b38_T" "chr6_24960162_A_G_b38_A"
[49] "chr6_24960690_T_C_b38_T" "chr6_24960950_C_T_b38_C"
[51] "chr6_24961428_A_G_b38_A" "chr6_24961435_T_C_b38_T"
[53] "chr6_24961815_T_C_b38_T" "chr6_24962061_A_C_b38_A"
[55] "chr6_24962083_C_A_b38_C" "chr6_24962200_T_G_b38_T"
[57] "chr6_24962392_T_G_b38_T" "chr6_24962398_G_T_b38_G"
[59] "chr6_24962456_G_A_b38_G" "chr6_24962796_G_A_b38_G"
[61] "chr6_24962956_G_A_b38_G" "chr6_24963027_G_A_b38_G"
[63] "chr6_24963150_G_A_b38_G" "chr6_24963401_A_C_b38_A"
[65] "chr6_24963649_T_C_b38_T"
14 SNP(s) removed because HWE P < 1e-08 :
 [1] "chr7_121406753_G_T_b38_G" "chr7_121408190_A_G_b38_A"
 [3] "chr7_121413322_C_T_b38_C" "chr7_121416895_A_G_b38_A"
 [5] "chr7_121417292_C_T_b38_C" "chr7_121418216_A_G_b38_A"
 [7] "chr7_121419314_C_A_b38_C" "chr7_121419817_G_A_b38_G"
 [9] "chr7_121420119_C_T_b38_C" "chr7_121420654_G_A_b38_G"
[11] "chr7_121421248_C_T_b38_C" "chr7_121522419_G_A_b38_G"
[13] "chr7_122284092_T_C_b38_T" "chr7_122284780_A_C_b38_A"
40 SNP(s) removed because HWE P < 1e-08 :
 [1] "chr2_26585604_C_A_b38_C" "chr2_26682712_T_G_b38_T"
 [3] "chr2_26726107_A_G_b38_A" "chr2_26726108_G_C_b38_G"
 [5] "chr2_26739559_A_C_b38_A" "chr2_26739718_T_C_b38_T"
 [7] "chr2_26739910_T_C_b38_T" "chr2_26740379_A_G_b38_A"
 [9] "chr2_26740532_C_T_b38_C" "chr2_26740674_A_G_b38_A"
[11] "chr2_26740716_C_G_b38_C" "chr2_26742209_T_C_b38_T"
[13] "chr2_26742544_A_T_b38_A" "chr2_26743212_T_C_b38_T"
[15] "chr2_26745447_T_C_b38_T" "chr2_26745721_A_T_b38_A"
[17] "chr2_26746881_C_T_b38_C" "chr2_26747143_A_G_b38_A"
[19] "chr2_26748089_T_C_b38_T" "chr2_26749337_G_A_b38_G"
[21] "chr2_26749542_A_G_b38_A" "chr2_26749655_G_A_b38_G"
[23] "chr2_26750156_T_G_b38_T" "chr2_26751416_A_G_b38_A"
[25] "chr2_26756562_G_C_b38_G" "chr2_26757615_C_G_b38_C"
[27] "chr2_26763011_G_C_b38_G" "chr2_26819886_A_G_b38_A"
[29] "chr2_26820632_G_A_b38_G" "chr2_26821659_C_T_b38_C"
[31] "chr2_26822248_C_T_b38_C" "chr2_26823270_G_A_b38_G"
[33] "chr2_26823534_C_T_b38_C" "chr2_26823758_T_C_b38_T"
[35] "chr2_26823759_G_A_b38_G" "chr2_26825556_T_A_b38_T"
[37] "chr2_26825557_T_A_b38_T" "chr2_26826073_A_G_b38_A"
[39] "chr2_27255363_A_G_b38_A" "chr2_27304453_G_A_b38_G"
39 SNP(s) removed because HWE P < 1e-08 :
 [1] "chr22_49765666_G_C_b38_G" "chr22_49770965_G_C_b38_G"
 [3] "chr22_49837507_C_G_b38_C" "chr22_49846939_C_A_b38_C"
 [5] "chr22_49848251_T_C_b38_T" "chr22_49872508_G_A_b38_G"
 [7] "chr22_49880142_T_C_b38_T" "chr22_49880243_G_T_b38_G"
 [9] "chr22_49883047_G_C_b38_G" "chr22_49894697_A_G_b38_A"
[11] "chr22_49906790_T_C_b38_T" "chr22_49921580_T_C_b38_T"
[13] "chr22_49921715_C_A_b38_C" "chr22_49973759_T_C_b38_T"
[15] "chr22_50013858_A_C_b38_A" "chr22_50357867_G_A_b38_G"
[17] "chr22_50371703_G_C_b38_G" "chr22_50418711_G_A_b38_G"
[19] "chr22_50424402_A_C_b38_A" "chr22_50424421_C_A_b38_C"
[21] "chr22_50424423_C_T_b38_C" "chr22_50495487_G_A_b38_G"
[23] "chr22_50495498_T_C_b38_T" "chr22_50495499_G_A_b38_G"
[25] "chr22_50508159_C_G_b38_C" "chr22_50509182_A_G_b38_A"
[27] "chr22_50509488_T_C_b38_T" "chr22_50509962_A_G_b38_A"
[29] "chr22_50510817_C_T_b38_C" "chr22_50510967_T_C_b38_T"
[31] "chr22_50511806_T_C_b38_T" "chr22_50512014_T_C_b38_T"
[33] "chr22_50512298_G_A_b38_G" "chr22_50512549_T_G_b38_T"
[35] "chr22_50513313_G_C_b38_G" "chr22_50513793_G_A_b38_G"
[37] "chr22_50542614_C_T_b38_C" "chr22_50542624_A_T_b38_A"
[39] "chr22_50712000_C_T_b38_C"
106 SNP(s) removed because HWE P < 1e-08 :
  [1] "chr6_32719435_A_G_b38_A" "chr6_32741442_A_G_b38_A"
  [3] "chr6_32741465_C_A_b38_C" "chr6_32741488_T_C_b38_T"
  [5] "chr6_32741489_G_A_b38_G" "chr6_32741503_C_T_b38_C"
  [7] "chr6_32742600_T_C_b38_T" "chr6_32745710_G_A_b38_G"
  [9] "chr6_32745821_T_C_b38_T" "chr6_32745825_T_C_b38_T"
 [11] "chr6_32745831_G_A_b38_G" "chr6_32746391_A_G_b38_A"
 [13] "chr6_32746600_G_C_b38_G" "chr6_32746603_A_C_b38_A"
 [15] "chr6_32746604_A_G_b38_A" "chr6_32746610_A_G_b38_A"
 [17] "chr6_32751370_T_C_b38_T" "chr6_32751372_T_C_b38_T"
 [19] "chr6_32751423_G_T_b38_G" "chr6_32751424_A_G_b38_A"
 [21] "chr6_32751430_T_C_b38_T" "chr6_32757593_C_G_b38_C"
 [23] "chr6_32757600_C_G_b38_C" "chr6_32757607_A_T_b38_A"
 [25] "chr6_32757612_C_A_b38_C" "chr6_32757614_C_T_b38_C"
 [27] "chr6_32757790_C_T_b38_C" "chr6_32757842_T_C_b38_T"
 [29] "chr6_32757843_G_A_b38_G" "chr6_32757848_T_C_b38_T"
 [31] "chr6_32757896_A_C_b38_A" "chr6_32758974_G_A_b38_G"
 [33] "chr6_32758979_A_G_b38_A" "chr6_32758992_A_G_b38_A"
 [35] "chr6_32758995_G_A_b38_G" "chr6_32758997_C_T_b38_C"
 [37] "chr6_32759026_C_T_b38_C" "chr6_32759061_C_T_b38_C"
 [39] "chr6_32759189_C_T_b38_C" "chr6_32759225_A_G_b38_A"
 [41] "chr6_32759227_A_G_b38_A" "chr6_32759237_C_T_b38_C"
 [43] "chr6_32759305_A_G_b38_A" "chr6_32759316_A_T_b38_A"
 [45] "chr6_32759320_C_A_b38_C" "chr6_32759325_T_C_b38_T"
 [47] "chr6_32759747_G_C_b38_G" "chr6_32759760_A_G_b38_A"
 [49] "chr6_32759767_C_T_b38_C" "chr6_32759773_C_T_b38_C"
 [51] "chr6_32759785_G_A_b38_G" "chr6_32759801_C_T_b38_C"
 [53] "chr6_32759802_A_G_b38_A" "chr6_32759808_A_T_b38_A"
 [55] "chr6_32759812_T_C_b38_T" "chr6_32759815_C_T_b38_C"
 [57] "chr6_32759822_G_T_b38_G" "chr6_32759827_T_A_b38_T"
 [59] "chr6_32759839_A_G_b38_A" "chr6_32759880_A_G_b38_A"
 [61] "chr6_32759903_A_T_b38_A" "chr6_32760763_T_A_b38_T"
 [63] "chr6_32760768_C_T_b38_C" "chr6_32760792_C_T_b38_C"
 [65] "chr6_32760810_C_T_b38_C" "chr6_32760811_C_T_b38_C"
 [67] "chr6_32760818_C_T_b38_C" "chr6_32760833_C_T_b38_C"
 [69] "chr6_32760859_C_A_b38_C" "chr6_32760862_C_A_b38_C"
 [71] "chr6_32760865_T_C_b38_T" "chr6_32760875_A_G_b38_A"
 [73] "chr6_32760889_G_A_b38_G" "chr6_32760901_C_T_b38_C"
 [75] "chr6_32760948_G_T_b38_G" "chr6_32760959_T_C_b38_T"
 [77] "chr6_32761010_G_A_b38_G" "chr6_32761014_C_A_b38_C"
 [79] "chr6_32761016_C_T_b38_C" "chr6_32761018_A_T_b38_A"
 [81] "chr6_32761024_G_A_b38_G" "chr6_32761028_T_C_b38_T"
 [83] "chr6_32761065_G_T_b38_G" "chr6_32761069_C_T_b38_C"
 [85] "chr6_32761086_G_A_b38_G" "chr6_32761116_A_G_b38_A"
 [87] "chr6_32761125_C_T_b38_C" "chr6_32761133_T_C_b38_T"
 [89] "chr6_32761169_C_T_b38_C" "chr6_32761188_G_A_b38_G"
 [91] "chr6_32761209_C_T_b38_C" "chr6_32761212_G_A_b38_G"
 [93] "chr6_32761228_G_T_b38_G" "chr6_32761231_G_A_b38_G"
 [95] "chr6_32761232_C_A_b38_C" "chr6_32761243_A_C_b38_A"
 [97] "chr6_32761248_G_A_b38_G" "chr6_32761273_T_C_b38_T"
 [99] "chr6_32761281_A_G_b38_A" "chr6_32761315_A_G_b38_A"
[101] "chr6_32761329_G_A_b38_G" "chr6_32885511_C_G_b38_C"
[103] "chr6_32885519_G_C_b38_G" "chr6_32885530_T_C_b38_T"
[105] "chr6_32885531_G_A_b38_G" "chr6_33421126_A_C_b38_A"
26 SNP(s) removed because HWE P < 1e-08 :
 [1] "chr4_48078519_A_C_b38_A" "chr4_48079528_T_C_b38_T"
 [3] "chr4_48085231_T_C_b38_T" "chr4_48085838_G_A_b38_G"
 [5] "chr4_48086052_C_T_b38_C" "chr4_48086429_A_G_b38_A"
 [7] "chr4_48450863_T_C_b38_T" "chr4_48451209_C_T_b38_C"
 [9] "chr4_48452709_A_G_b38_A" "chr4_48711359_T_C_b38_T"
[11] "chr4_48711393_C_T_b38_C" "chr4_48711401_C_A_b38_C"
[13] "chr4_48711410_A_G_b38_A" "chr4_48711421_A_C_b38_A"
[15] "chr4_48711432_G_C_b38_G" "chr4_48711433_G_A_b38_G"
[17] "chr4_48711441_A_C_b38_A" "chr4_48711445_C_T_b38_C"
[19] "chr4_48711447_G_A_b38_G" "chr4_48711466_C_T_b38_C"
[21] "chr4_48711467_A_T_b38_A" "chr4_48711470_G_A_b38_G"
[23] "chr4_48711609_C_T_b38_C" "chr4_48711661_A_G_b38_A"
[25] "chr4_48711678_T_A_b38_T" "chr4_48711716_T_C_b38_T"
37 SNP(s) removed because HWE P < 1e-08 :
 [1] "chr16_24109784_G_A_b38_G" "chr16_24227690_G_C_b38_G"
 [3] "chr16_24233628_G_C_b38_G" "chr16_24496566_C_T_b38_C"
 [5] "chr16_24496764_C_A_b38_C" "chr16_24499309_C_T_b38_C"
 [7] "chr16_24870481_A_C_b38_A" "chr16_24873006_G_A_b38_G"
 [9] "chr16_24884357_A_G_b38_A" "chr16_24917601_A_G_b38_A"
[11] "chr16_24917765_G_A_b38_G" "chr16_24917986_T_C_b38_T"
[13] "chr16_24919227_T_C_b38_T" "chr16_24920477_C_T_b38_C"
[15] "chr16_24920573_A_G_b38_A" "chr16_24921599_T_C_b38_T"
[17] "chr16_24923143_G_T_b38_G" "chr16_24924245_T_C_b38_T"
[19] "chr16_24924716_A_T_b38_A" "chr16_24925306_A_G_b38_A"
[21] "chr16_24927264_T_C_b38_T" "chr16_24932825_T_C_b38_T"
[23] "chr16_24940578_A_G_b38_A" "chr16_24943087_G_A_b38_G"
[25] "chr16_24943465_A_G_b38_A" "chr16_24945135_A_G_b38_A"
[27] "chr16_24945229_T_G_b38_T" "chr16_24945237_A_C_b38_A"
[29] "chr16_24947347_A_C_b38_A" "chr16_24947664_G_A_b38_G"
[31] "chr16_24948730_C_G_b38_C" "chr16_24950568_T_C_b38_T"
[33] "chr16_24952718_T_C_b38_T" "chr16_24953197_T_C_b38_T"
[35] "chr16_24953395_G_T_b38_G" "chr16_24953714_C_T_b38_C"
[37] "chr16_24955202_T_C_b38_T"
37 SNP(s) removed because HWE P < 1e-08 :
 [1] "chr16_24109784_G_A_b38_G" "chr16_24227690_G_C_b38_G"
 [3] "chr16_24233628_G_C_b38_G" "chr16_24496566_C_T_b38_C"
 [5] "chr16_24496764_C_A_b38_C" "chr16_24499309_C_T_b38_C"
 [7] "chr16_24870481_A_C_b38_A" "chr16_24873006_G_A_b38_G"
 [9] "chr16_24884357_A_G_b38_A" "chr16_24917601_A_G_b38_A"
[11] "chr16_24917765_G_A_b38_G" "chr16_24917986_T_C_b38_T"
[13] "chr16_24919227_T_C_b38_T" "chr16_24920477_C_T_b38_C"
[15] "chr16_24920573_A_G_b38_A" "chr16_24921599_T_C_b38_T"
[17] "chr16_24923143_G_T_b38_G" "chr16_24924245_T_C_b38_T"
[19] "chr16_24924716_A_T_b38_A" "chr16_24925306_A_G_b38_A"
[21] "chr16_24927264_T_C_b38_T" "chr16_24932825_T_C_b38_T"
[23] "chr16_24940578_A_G_b38_A" "chr16_24943087_G_A_b38_G"
[25] "chr16_24943465_A_G_b38_A" "chr16_24945135_A_G_b38_A"
[27] "chr16_24945229_T_G_b38_T" "chr16_24945237_A_C_b38_A"
[29] "chr16_24947347_A_C_b38_A" "chr16_24947664_G_A_b38_G"
[31] "chr16_24948730_C_G_b38_C" "chr16_24950568_T_C_b38_T"
[33] "chr16_24952718_T_C_b38_T" "chr16_24953197_T_C_b38_T"
[35] "chr16_24953395_G_T_b38_G" "chr16_24953714_C_T_b38_C"
[37] "chr16_24955202_T_C_b38_T"
367 SNP(s) removed because HWE P < 1e-08 :
  [1] "chr5_34178570_A_C_b38_A" "chr5_34178735_A_C_b38_A"
  [3] "chr5_34178769_G_A_b38_G" "chr5_34180795_G_C_b38_G"
  [5] "chr5_34181809_C_T_b38_C" "chr5_34181908_C_T_b38_C"
  [7] "chr5_34182794_G_T_b38_G" "chr5_34183936_T_C_b38_T"
  [9] "chr5_34184168_T_C_b38_T" "chr5_34186330_A_T_b38_A"
 [11] "chr5_34186512_A_T_b38_A" "chr5_34187990_A_G_b38_A"
 [13] "chr5_34188039_C_T_b38_C" "chr5_34189559_C_T_b38_C"
 [15] "chr5_34190810_C_G_b38_C" "chr5_34191659_C_G_b38_C"
 [17] "chr5_34192730_A_G_b38_A" "chr5_34193760_A_G_b38_A"
 [19] "chr5_34193795_T_C_b38_T" "chr5_34194041_A_C_b38_A"
 [21] "chr5_34194683_C_T_b38_C" "chr5_34194742_G_A_b38_G"
 [23] "chr5_34194991_C_T_b38_C" "chr5_34195228_G_C_b38_G"
 [25] "chr5_34195294_C_T_b38_C" "chr5_34195532_T_A_b38_T"
 [27] "chr5_34195612_C_T_b38_C" "chr5_34195613_G_A_b38_G"
 [29] "chr5_34195637_C_G_b38_C" "chr5_34195956_G_A_b38_G"
 [31] "chr5_34196062_C_T_b38_C" "chr5_34196075_A_G_b38_A"
 [33] "chr5_34196076_C_T_b38_C" "chr5_34196432_C_T_b38_C"
 [35] "chr5_34196469_C_T_b38_C" "chr5_34196525_C_G_b38_C"
 [37] "chr5_34196855_T_G_b38_T" "chr5_34196971_C_T_b38_C"
 [39] "chr5_34197037_C_T_b38_C" "chr5_34197132_C_T_b38_C"
 [41] "chr5_34207562_A_C_b38_A" "chr5_34209217_T_A_b38_T"
 [43] "chr5_34209285_G_A_b38_G" "chr5_34224631_C_T_b38_C"
 [45] "chr5_34224711_C_A_b38_C" "chr5_34224829_G_T_b38_G"
 [47] "chr5_34225674_A_T_b38_A" "chr5_34244202_C_A_b38_C"
 [49] "chr5_34246494_C_T_b38_C" "chr5_34251447_A_C_b38_A"
 [51] "chr5_34251514_A_G_b38_A" "chr5_34251603_C_G_b38_C"
 [53] "chr5_34252546_T_C_b38_T" "chr5_34253239_A_G_b38_A"
 [55] "chr5_34253681_A_T_b38_A" "chr5_34254118_A_G_b38_A"
 [57] "chr5_34254846_T_G_b38_T" "chr5_34254887_A_G_b38_A"
 [59] "chr5_34254990_G_C_b38_G" "chr5_34255333_T_G_b38_T"
 [61] "chr5_34255742_G_T_b38_G" "chr5_34256865_G_A_b38_G"
 [63] "chr5_34257185_C_T_b38_C" "chr5_34259255_A_C_b38_A"
 [65] "chr5_34259322_C_T_b38_C" "chr5_34262630_G_A_b38_G"
 [67] "chr5_34264488_A_T_b38_A" "chr5_34264816_C_T_b38_C"
 [69] "chr5_34264969_G_C_b38_G" "chr5_34265362_G_A_b38_G"
 [71] "chr5_34265851_G_A_b38_G" "chr5_34265999_T_C_b38_T"
 [73] "chr5_34266066_T_C_b38_T" "chr5_34266472_C_A_b38_C"
 [75] "chr5_34267508_C_T_b38_C" "chr5_34269817_A_G_b38_A"
 [77] "chr5_34270053_G_A_b38_G" "chr5_34270771_C_T_b38_C"
 [79] "chr5_34270879_A_G_b38_A" "chr5_34274321_G_A_b38_G"
 [81] "chr5_34275127_A_G_b38_A" "chr5_34275432_C_T_b38_C"
 [83] "chr5_34275797_C_G_b38_C" "chr5_34276316_T_C_b38_T"
 [85] "chr5_34276810_G_C_b38_G" "chr5_34277345_G_A_b38_G"
 [87] "chr5_34277415_A_G_b38_A" "chr5_34277443_C_T_b38_C"
 [89] "chr5_34277927_A_T_b38_A" "chr5_34277936_G_A_b38_G"
 [91] "chr5_34278181_G_T_b38_G" "chr5_34278189_T_C_b38_T"
 [93] "chr5_34278321_T_C_b38_T" "chr5_34278604_A_G_b38_A"
 [95] "chr5_34278768_G_A_b38_G" "chr5_34278995_G_A_b38_G"
 [97] "chr5_34279006_T_G_b38_T" "chr5_34280099_G_C_b38_G"
 [99] "chr5_34280203_A_C_b38_A" "chr5_34280265_A_C_b38_A"
[101] "chr5_34280606_G_T_b38_G" "chr5_34281299_T_A_b38_T"
[103] "chr5_34281958_C_A_b38_C" "chr5_34282511_T_A_b38_T"
[105] "chr5_34282862_C_A_b38_C" "chr5_34285260_T_A_b38_T"
[107] "chr5_34285493_C_T_b38_C" "chr5_34285561_C_A_b38_C"
[109] "chr5_34289025_C_A_b38_C" "chr5_34307858_A_G_b38_A"
[111] "chr5_34316315_A_G_b38_A" "chr5_34316494_A_G_b38_A"
[113] "chr5_34316568_C_T_b38_C" "chr5_34316624_A_G_b38_A"
[115] "chr5_34316687_A_G_b38_A" "chr5_34319531_A_C_b38_A"
[117] "chr5_34321848_C_T_b38_C" "chr5_34322020_A_G_b38_A"
[119] "chr5_34322032_C_T_b38_C" "chr5_34322047_A_G_b38_A"
[121] "chr5_34324425_T_C_b38_T" "chr5_34332680_C_T_b38_C"
[123] "chr5_34332784_G_A_b38_G" "chr5_34337559_A_T_b38_A"
[125] "chr5_34337571_T_C_b38_T" "chr5_34337574_T_C_b38_T"
[127] "chr5_34337676_C_A_b38_C" "chr5_34339738_C_T_b38_C"
[129] "chr5_34339877_C_T_b38_C" "chr5_34340001_C_G_b38_C"
[131] "chr5_34341419_T_C_b38_T" "chr5_34342140_T_C_b38_T"
[133] "chr5_34342814_G_A_b38_G" "chr5_34346622_G_A_b38_G"
[135] "chr5_34349169_C_T_b38_C" "chr5_34364167_T_C_b38_T"
[137] "chr5_34371978_T_C_b38_T" "chr5_34372860_T_C_b38_T"
[139] "chr5_34373056_A_T_b38_A" "chr5_34374934_T_C_b38_T"
[141] "chr5_34375113_C_A_b38_C" "chr5_34377596_G_A_b38_G"
[143] "chr5_34378615_G_A_b38_G" "chr5_34379600_G_A_b38_G"
[145] "chr5_34381042_T_A_b38_T" "chr5_34381234_C_A_b38_C"
[147] "chr5_34381892_G_T_b38_G" "chr5_34388013_C_T_b38_C"
[149] "chr5_34389139_A_T_b38_A" "chr5_34389291_G_A_b38_G"
[151] "chr5_34393356_T_G_b38_T" "chr5_34393458_A_C_b38_A"
[153] "chr5_34393483_A_C_b38_A" "chr5_34393545_G_C_b38_G"
[155] "chr5_34393588_C_A_b38_C" "chr5_34394386_C_T_b38_C"
[157] "chr5_34394774_C_T_b38_C" "chr5_34395237_C_G_b38_C"
[159] "chr5_34395767_A_G_b38_A" "chr5_34396039_T_C_b38_T"
[161] "chr5_34396048_G_T_b38_G" "chr5_34396584_G_A_b38_G"
[163] "chr5_34396877_A_C_b38_A" "chr5_34397248_T_A_b38_T"
[165] "chr5_34397660_T_C_b38_T" "chr5_34397837_T_A_b38_T"
[167] "chr5_34401593_C_G_b38_C" "chr5_34401917_G_T_b38_G"
[169] "chr5_34410153_C_T_b38_C" "chr5_34414881_C_G_b38_C"
[171] "chr5_34415658_C_A_b38_C" "chr5_34416131_C_T_b38_C"
[173] "chr5_34416575_C_T_b38_C" "chr5_34417707_G_A_b38_G"
[175] "chr5_34417714_T_C_b38_T" "chr5_34417831_G_A_b38_G"
[177] "chr5_34417844_T_C_b38_T" "chr5_34418037_A_G_b38_A"
[179] "chr5_34418166_G_A_b38_G" "chr5_34418199_T_C_b38_T"
[181] "chr5_34418330_G_A_b38_G" "chr5_34418772_G_C_b38_G"
[183] "chr5_34419178_C_T_b38_C" "chr5_34419581_C_T_b38_C"
[185] "chr5_34419588_A_G_b38_A" "chr5_34419971_G_A_b38_G"
[187] "chr5_34420047_G_C_b38_G" "chr5_34420261_C_T_b38_C"
[189] "chr5_34420876_A_G_b38_A" "chr5_34421293_A_G_b38_A"
[191] "chr5_34421491_C_T_b38_C" "chr5_34421496_G_T_b38_G"
[193] "chr5_34421905_C_T_b38_C" "chr5_34421931_C_T_b38_C"
[195] "chr5_34421991_A_G_b38_A" "chr5_34422109_G_A_b38_G"
[197] "chr5_34422262_C_G_b38_C" "chr5_34422429_C_A_b38_C"
[199] "chr5_34422470_T_G_b38_T" "chr5_34422500_A_C_b38_A"
[201] "chr5_34422601_A_G_b38_A" "chr5_34422762_C_T_b38_C"
[203] "chr5_34422796_G_T_b38_G" "chr5_34423311_A_T_b38_A"
[205] "chr5_34423426_T_C_b38_T" "chr5_34423931_T_C_b38_T"
[207] "chr5_34424242_C_T_b38_C" "chr5_34424513_A_G_b38_A"
[209] "chr5_34424547_T_G_b38_T" "chr5_34424715_C_G_b38_C"
[211] "chr5_34424855_A_G_b38_A" "chr5_34424973_G_T_b38_G"
[213] "chr5_34425236_T_C_b38_T" "chr5_34425332_A_G_b38_A"
[215] "chr5_34425409_T_C_b38_T" "chr5_34425543_T_C_b38_T"
[217] "chr5_34425856_C_G_b38_C" "chr5_34425976_G_A_b38_G"
[219] "chr5_34425986_G_A_b38_G" "chr5_34426379_C_T_b38_C"
[221] "chr5_34426403_T_A_b38_T" "chr5_34426551_G_A_b38_G"
[223] "chr5_34426659_T_A_b38_T" "chr5_34426906_C_T_b38_C"
[225] "chr5_34426979_A_G_b38_A" "chr5_34427134_G_T_b38_G"
[227] "chr5_34427165_C_A_b38_C" "chr5_34427293_G_A_b38_G"
[229] "chr5_34427299_A_G_b38_A" "chr5_34427305_G_A_b38_G"
[231] "chr5_34427321_G_A_b38_G" "chr5_34427332_A_C_b38_A"
[233] "chr5_34427354_G_T_b38_G" "chr5_34427508_T_C_b38_T"
[235] "chr5_34427557_G_A_b38_G" "chr5_34427560_G_A_b38_G"
[237] "chr5_34427682_C_T_b38_C" "chr5_34427796_T_C_b38_T"
[239] "chr5_34427970_C_G_b38_C" "chr5_34428160_C_A_b38_C"
[241] "chr5_34428188_T_C_b38_T" "chr5_34428287_T_C_b38_T"
[243] "chr5_34428373_T_C_b38_T" "chr5_34428517_A_G_b38_A"
[245] "chr5_34428846_T_C_b38_T" "chr5_34429091_A_G_b38_A"
[247] "chr5_34429209_T_C_b38_T" "chr5_34429383_A_C_b38_A"
[249] "chr5_34429402_C_A_b38_C" "chr5_34429470_T_C_b38_T"
[251] "chr5_34429524_G_A_b38_G" "chr5_34429649_T_G_b38_T"
[253] "chr5_34429832_C_T_b38_C" "chr5_34430362_T_C_b38_T"
[255] "chr5_34430363_G_A_b38_G" "chr5_34430842_A_G_b38_A"
[257] "chr5_34430932_G_A_b38_G" "chr5_34431336_C_T_b38_C"
[259] "chr5_34431528_G_A_b38_G" "chr5_34431538_G_A_b38_G"
[261] "chr5_34431588_T_C_b38_T" "chr5_34431622_A_G_b38_A"
[263] "chr5_34431700_C_T_b38_C" "chr5_34432024_T_C_b38_T"
[265] "chr5_34432192_A_G_b38_A" "chr5_34432205_C_T_b38_C"
[267] "chr5_34432243_G_A_b38_G" "chr5_34432385_T_A_b38_T"
[269] "chr5_34432654_G_T_b38_G" "chr5_34432720_T_A_b38_T"
[271] "chr5_34433148_G_C_b38_G" "chr5_34433245_C_T_b38_C"
[273] "chr5_34433246_C_T_b38_C" "chr5_34433249_C_T_b38_C"
[275] "chr5_34433479_T_C_b38_T" "chr5_34433591_T_C_b38_T"
[277] "chr5_34433607_T_C_b38_T" "chr5_34433657_A_C_b38_A"
[279] "chr5_34433710_T_C_b38_T" "chr5_34433822_G_T_b38_G"
[281] "chr5_34433908_G_A_b38_G" "chr5_34434171_C_G_b38_C"
[283] "chr5_34434229_C_T_b38_C" "chr5_34434262_A_G_b38_A"
[285] "chr5_34434320_C_G_b38_C" "chr5_34434407_A_T_b38_A"
[287] "chr5_34434579_C_T_b38_C" "chr5_34434666_G_A_b38_G"
[289] "chr5_34434712_G_A_b38_G" "chr5_34434766_G_A_b38_G"
[291] "chr5_34434786_T_C_b38_T" "chr5_34434889_G_A_b38_G"
[293] "chr5_34435028_C_T_b38_C" "chr5_34435450_A_T_b38_A"
[295] "chr5_34435477_T_G_b38_T" "chr5_34435553_A_G_b38_A"
[297] "chr5_34435565_A_T_b38_A" "chr5_34435793_T_C_b38_T"
[299] "chr5_34435964_C_A_b38_C" "chr5_34436083_C_T_b38_C"
[301] "chr5_34436541_G_A_b38_G" "chr5_34436987_C_G_b38_C"
[303] "chr5_34437000_A_T_b38_A" "chr5_34437061_G_A_b38_G"
[305] "chr5_34437141_G_A_b38_G" "chr5_34437217_C_T_b38_C"
[307] "chr5_34437255_C_A_b38_C" "chr5_34437428_G_C_b38_G"
[309] "chr5_34437438_C_T_b38_C" "chr5_34437541_T_C_b38_T"
[311] "chr5_34437791_C_G_b38_C" "chr5_34437964_C_T_b38_C"
[313] "chr5_34438039_T_C_b38_T" "chr5_34442105_A_G_b38_A"
[315] "chr5_34459564_T_A_b38_T" "chr5_34469669_G_A_b38_G"
[317] "chr5_34489073_C_A_b38_C" "chr5_34491448_G_T_b38_G"
[319] "chr5_34499089_A_C_b38_A" "chr5_34500823_G_C_b38_G"
[321] "chr5_34501711_A_G_b38_A" "chr5_34501809_A_G_b38_A"
[323] "chr5_34587504_T_C_b38_T" "chr5_34673603_G_A_b38_G"
[325] "chr5_34674518_A_G_b38_A" "chr5_34674525_T_C_b38_T"
[327] "chr5_34674929_G_A_b38_G" "chr5_34675020_C_T_b38_C"
[329] "chr5_34675045_T_C_b38_T" "chr5_34675234_C_T_b38_C"
[331] "chr5_34675793_G_A_b38_G" "chr5_34752005_C_T_b38_C"
[333] "chr5_34786731_C_T_b38_C" "chr5_34815868_G_A_b38_G"
[335] "chr5_34840935_C_T_b38_C" "chr5_35034368_T_C_b38_T"
[337] "chr5_35037010_C_T_b38_C" "chr5_35059072_G_A_b38_G"
[339] "chr5_35059075_G_C_b38_G" "chr5_35087622_A_G_b38_A"
[341] "chr5_35087699_C_T_b38_C" "chr5_35088411_T_C_b38_T"
[343] "chr5_35088920_A_G_b38_A" "chr5_35089198_G_A_b38_G"
[345] "chr5_35092867_T_C_b38_T" "chr5_35092966_A_G_b38_A"
[347] "chr5_35117266_T_C_b38_T" "chr5_35118746_A_G_b38_A"
[349] "chr5_35128276_A_G_b38_A" "chr5_35129428_T_C_b38_T"
[351] "chr5_35132248_T_C_b38_T" "chr5_35133179_A_C_b38_A"
[353] "chr5_35133327_T_C_b38_T" "chr5_35134329_T_C_b38_T"
[355] "chr5_35134703_T_A_b38_T" "chr5_35134826_T_C_b38_T"
[357] "chr5_35134898_G_A_b38_G" "chr5_35135163_T_C_b38_T"
[359] "chr5_35135546_G_C_b38_G" "chr5_35135702_T_C_b38_T"
[361] "chr5_35143895_C_G_b38_C" "chr5_35149803_C_T_b38_C"
[363] "chr5_35152139_C_T_b38_C" "chr5_35155415_C_T_b38_C"
[365] "chr5_35155526_A_G_b38_A" "chr5_35155569_A_C_b38_A"
[367] "chr5_35155691_C_T_b38_C"
30 SNP(s) removed because HWE P < 1e-08 :
 [1] "chr21_41585056_C_T_b38_C" "chr21_41679863_C_T_b38_C"
 [3] "chr21_41905864_A_G_b38_A" "chr21_41906221_C_G_b38_C"
 [5] "chr21_41906505_C_A_b38_C" "chr21_41906508_C_T_b38_C"
 [7] "chr21_41906512_C_T_b38_C" "chr21_41906566_C_T_b38_C"
 [9] "chr21_42045875_C_T_b38_C" "chr21_42051974_A_G_b38_A"
[11] "chr21_42056425_G_T_b38_G" "chr21_42057091_A_G_b38_A"
[13] "chr21_42057414_A_G_b38_A" "chr21_42057672_C_T_b38_C"
[15] "chr21_42077563_G_A_b38_G" "chr21_42222990_T_G_b38_T"
[17] "chr21_42248200_C_T_b38_C" "chr21_42296131_A_G_b38_A"
[19] "chr21_42334677_T_C_b38_T" "chr21_42337178_C_T_b38_C"
[21] "chr21_42337460_C_T_b38_C" "chr21_42337517_A_G_b38_A"
[23] "chr21_42337524_T_C_b38_T" "chr21_42337529_G_C_b38_G"
[25] "chr21_42337595_A_G_b38_A" "chr21_42452939_C_T_b38_C"
[27] "chr21_42453192_T_C_b38_T" "chr21_42454043_C_T_b38_C"
[29] "chr21_42456290_T_A_b38_T" "chr21_42519964_T_G_b38_T"
16 SNP(s) removed because HWE P < 1e-08 :
 [1] "chr15_61571756_A_T_b38_A" "chr15_61630006_T_C_b38_T"
 [3] "chr15_61631447_T_C_b38_T" "chr15_61631795_A_G_b38_A"
 [5] "chr15_61633821_C_T_b38_C" "chr15_61635212_T_C_b38_T"
 [7] "chr15_61636246_T_G_b38_T" "chr15_61636540_A_G_b38_A"
 [9] "chr15_61641455_G_A_b38_G" "chr15_61643532_G_A_b38_G"
[11] "chr15_61644298_A_G_b38_A" "chr15_61644436_G_A_b38_G"
[13] "chr15_61644504_T_C_b38_T" "chr15_61644736_C_T_b38_C"
[15] "chr15_62403872_C_T_b38_C" "chr15_62406604_T_G_b38_T"
41 SNP(s) removed because HWE P < 1e-08 :
 [1] "chr19_23111906_G_C_b38_G" "chr19_23239281_C_T_b38_C"
 [3] "chr19_23239283_C_T_b38_C" "chr19_23286249_G_A_b38_G"
 [5] "chr19_23299191_C_T_b38_C" "chr19_23299213_A_G_b38_A"
 [7] "chr19_23299216_T_G_b38_T" "chr19_23299223_T_G_b38_T"
 [9] "chr19_23299254_G_T_b38_G" "chr19_23299266_G_A_b38_G"
[11] "chr19_23379694_G_C_b38_G" "chr19_23379703_T_G_b38_T"
[13] "chr19_23379708_T_C_b38_T" "chr19_23379873_T_C_b38_T"
[15] "chr19_23379879_A_G_b38_A" "chr19_23379881_C_A_b38_C"
[17] "chr19_23379892_C_G_b38_C" "chr19_23379917_T_A_b38_T"
[19] "chr19_23466077_C_T_b38_C" "chr19_23466080_T_C_b38_T"
[21] "chr19_23466148_C_T_b38_C" "chr19_23466164_T_C_b38_T"
[23] "chr19_23466248_T_G_b38_T" "chr19_23466302_C_T_b38_C"
[25] "chr19_23466336_C_T_b38_C" "chr19_23467896_C_G_b38_C"
[27] "chr19_23467972_C_T_b38_C" "chr19_23467973_A_G_b38_A"
[29] "chr19_23467982_C_T_b38_C" "chr19_23467989_T_C_b38_T"
[31] "chr19_23468070_C_T_b38_C" "chr19_23468077_G_A_b38_G"
[33] "chr19_23468093_C_T_b38_C" "chr19_23656623_C_T_b38_C"
[35] "chr19_23753601_A_G_b38_A" "chr19_23753637_C_T_b38_C"
[37] "chr19_23753638_A_G_b38_A" "chr19_23753653_G_A_b38_G"
[39] "chr19_23753656_A_T_b38_A" "chr19_23753658_G_C_b38_G"
[41] "chr19_23753659_G_A_b38_G"
91 SNP(s) removed because HWE P < 1e-08 :
 [1] "chr6_31337058_G_C_b38_G" "chr6_31337066_C_T_b38_C"
 [3] "chr6_31337067_A_G_b38_A" "chr6_31337084_G_A_b38_G"
 [5] "chr6_31337091_C_A_b38_C" "chr6_31337095_G_T_b38_G"
 [7] "chr6_31337101_A_G_b38_A" "chr6_31337132_G_T_b38_G"
 [9] "chr6_31337156_C_G_b38_C" "chr6_31337170_A_G_b38_A"
[11] "chr6_31337178_A_G_b38_A" "chr6_31337183_A_G_b38_A"
[13] "chr6_31337198_A_G_b38_A" "chr6_31337214_A_T_b38_A"
[15] "chr6_31337223_C_T_b38_C" "chr6_31337238_T_C_b38_T"
[17] "chr6_31337251_A_C_b38_A" "chr6_31337269_A_G_b38_A"
[19] "chr6_31337311_A_C_b38_A" "chr6_31337333_G_T_b38_G"
[21] "chr6_31337340_T_C_b38_T" "chr6_31337347_A_G_b38_A"
[23] "chr6_31337376_G_A_b38_G" "chr6_31337551_C_G_b38_C"
[25] "chr6_31338945_A_G_b38_A" "chr6_31353869_A_G_b38_A"
[27] "chr6_31353909_A_C_b38_A" "chr6_31354026_G_A_b38_G"
[29] "chr6_31354030_G_A_b38_G" "chr6_31354067_C_T_b38_C"
[31] "chr6_31354079_A_G_b38_A" "chr6_31356598_G_T_b38_G"
[33] "chr6_31374164_A_G_b38_A" "chr6_31389221_C_T_b38_C"
[35] "chr6_31389614_A_T_b38_A" "chr6_31389618_G_A_b38_G"
[37] "chr6_31389635_G_C_b38_G" "chr6_31389636_G_A_b38_G"
[39] "chr6_31389668_C_T_b38_C" "chr6_31389712_C_T_b38_C"
[41] "chr6_31389749_G_A_b38_G" "chr6_31390394_A_G_b38_A"
[43] "chr6_31390514_T_C_b38_T" "chr6_31390556_C_T_b38_C"
[45] "chr6_31390557_G_A_b38_G" "chr6_31391137_T_C_b38_T"
[47] "chr6_31391141_A_G_b38_A" "chr6_31391246_G_A_b38_G"
[49] "chr6_31391474_G_A_b38_G" "chr6_31485340_A_C_b38_A"
[51] "chr6_31485379_G_A_b38_G" "chr6_31485515_C_T_b38_C"
[53] "chr6_31485516_T_G_b38_T" "chr6_31486964_G_A_b38_G"
[55] "chr6_31487429_C_T_b38_C" "chr6_31487471_C_T_b38_C"
[57] "chr6_31487472_G_A_b38_G" "chr6_31487517_C_G_b38_C"
[59] "chr6_31487535_C_T_b38_C" "chr6_31487563_C_T_b38_C"
[61] "chr6_31487603_G_A_b38_G" "chr6_31487768_T_C_b38_T"
[63] "chr6_31487826_C_T_b38_C" "chr6_31487853_G_C_b38_G"
[65] "chr6_31487887_T_C_b38_T" "chr6_31487893_A_G_b38_A"
[67] "chr6_31487922_C_T_b38_C" "chr6_31487927_T_C_b38_T"
[69] "chr6_31487942_G_C_b38_G" "chr6_31487944_A_G_b38_A"
[71] "chr6_31487966_A_C_b38_A" "chr6_31487990_A_G_b38_A"
[73] "chr6_31488052_C_T_b38_C" "chr6_31488056_A_G_b38_A"
[75] "chr6_31488297_C_T_b38_C" "chr6_31488322_T_G_b38_T"
[77] "chr6_31488327_G_A_b38_G" "chr6_31488331_G_A_b38_G"
[79] "chr6_31489443_C_T_b38_C" "chr6_31489458_C_A_b38_C"
[81] "chr6_31489461_T_C_b38_T" "chr6_31489526_A_C_b38_A"
[83] "chr6_31489566_T_C_b38_T" "chr6_31489567_G_A_b38_G"
[85] "chr6_31489609_G_A_b38_G" "chr6_31489706_G_A_b38_G"
[87] "chr6_31489750_C_T_b38_C" "chr6_31855288_G_A_b38_G"
[89] "chr6_31899536_A_C_b38_A" "chr6_32029823_C_G_b38_C"
[91] "chr6_32037078_G_A_b38_G"
106 SNP(s) removed because HWE P < 1e-08 :
  [1] "chr6_32719435_A_G_b38_A" "chr6_32741442_A_G_b38_A"
  [3] "chr6_32741465_C_A_b38_C" "chr6_32741488_T_C_b38_T"
  [5] "chr6_32741489_G_A_b38_G" "chr6_32741503_C_T_b38_C"
  [7] "chr6_32742600_T_C_b38_T" "chr6_32745710_G_A_b38_G"
  [9] "chr6_32745821_T_C_b38_T" "chr6_32745825_T_C_b38_T"
 [11] "chr6_32745831_G_A_b38_G" "chr6_32746391_A_G_b38_A"
 [13] "chr6_32746600_G_C_b38_G" "chr6_32746603_A_C_b38_A"
 [15] "chr6_32746604_A_G_b38_A" "chr6_32746610_A_G_b38_A"
 [17] "chr6_32751370_T_C_b38_T" "chr6_32751372_T_C_b38_T"
 [19] "chr6_32751423_G_T_b38_G" "chr6_32751424_A_G_b38_A"
 [21] "chr6_32751430_T_C_b38_T" "chr6_32757593_C_G_b38_C"
 [23] "chr6_32757600_C_G_b38_C" "chr6_32757607_A_T_b38_A"
 [25] "chr6_32757612_C_A_b38_C" "chr6_32757614_C_T_b38_C"
 [27] "chr6_32757790_C_T_b38_C" "chr6_32757842_T_C_b38_T"
 [29] "chr6_32757843_G_A_b38_G" "chr6_32757848_T_C_b38_T"
 [31] "chr6_32757896_A_C_b38_A" "chr6_32758974_G_A_b38_G"
 [33] "chr6_32758979_A_G_b38_A" "chr6_32758992_A_G_b38_A"
 [35] "chr6_32758995_G_A_b38_G" "chr6_32758997_C_T_b38_C"
 [37] "chr6_32759026_C_T_b38_C" "chr6_32759061_C_T_b38_C"
 [39] "chr6_32759189_C_T_b38_C" "chr6_32759225_A_G_b38_A"
 [41] "chr6_32759227_A_G_b38_A" "chr6_32759237_C_T_b38_C"
 [43] "chr6_32759305_A_G_b38_A" "chr6_32759316_A_T_b38_A"
 [45] "chr6_32759320_C_A_b38_C" "chr6_32759325_T_C_b38_T"
 [47] "chr6_32759747_G_C_b38_G" "chr6_32759760_A_G_b38_A"
 [49] "chr6_32759767_C_T_b38_C" "chr6_32759773_C_T_b38_C"
 [51] "chr6_32759785_G_A_b38_G" "chr6_32759801_C_T_b38_C"
 [53] "chr6_32759802_A_G_b38_A" "chr6_32759808_A_T_b38_A"
 [55] "chr6_32759812_T_C_b38_T" "chr6_32759815_C_T_b38_C"
 [57] "chr6_32759822_G_T_b38_G" "chr6_32759827_T_A_b38_T"
 [59] "chr6_32759839_A_G_b38_A" "chr6_32759880_A_G_b38_A"
 [61] "chr6_32759903_A_T_b38_A" "chr6_32760763_T_A_b38_T"
 [63] "chr6_32760768_C_T_b38_C" "chr6_32760792_C_T_b38_C"
 [65] "chr6_32760810_C_T_b38_C" "chr6_32760811_C_T_b38_C"
 [67] "chr6_32760818_C_T_b38_C" "chr6_32760833_C_T_b38_C"
 [69] "chr6_32760859_C_A_b38_C" "chr6_32760862_C_A_b38_C"
 [71] "chr6_32760865_T_C_b38_T" "chr6_32760875_A_G_b38_A"
 [73] "chr6_32760889_G_A_b38_G" "chr6_32760901_C_T_b38_C"
 [75] "chr6_32760948_G_T_b38_G" "chr6_32760959_T_C_b38_T"
 [77] "chr6_32761010_G_A_b38_G" "chr6_32761014_C_A_b38_C"
 [79] "chr6_32761016_C_T_b38_C" "chr6_32761018_A_T_b38_A"
 [81] "chr6_32761024_G_A_b38_G" "chr6_32761028_T_C_b38_T"
 [83] "chr6_32761065_G_T_b38_G" "chr6_32761069_C_T_b38_C"
 [85] "chr6_32761086_G_A_b38_G" "chr6_32761116_A_G_b38_A"
 [87] "chr6_32761125_C_T_b38_C" "chr6_32761133_T_C_b38_T"
 [89] "chr6_32761169_C_T_b38_C" "chr6_32761188_G_A_b38_G"
 [91] "chr6_32761209_C_T_b38_C" "chr6_32761212_G_A_b38_G"
 [93] "chr6_32761228_G_T_b38_G" "chr6_32761231_G_A_b38_G"
 [95] "chr6_32761232_C_A_b38_C" "chr6_32761243_A_C_b38_A"
 [97] "chr6_32761248_G_A_b38_G" "chr6_32761273_T_C_b38_T"
 [99] "chr6_32761281_A_G_b38_A" "chr6_32761315_A_G_b38_A"
[101] "chr6_32761329_G_A_b38_G" "chr6_32885511_C_G_b38_C"
[103] "chr6_32885519_G_C_b38_G" "chr6_32885530_T_C_b38_T"
[105] "chr6_32885531_G_A_b38_G" "chr6_33421126_A_C_b38_A"
367 SNP(s) removed because HWE P < 1e-08 :
  [1] "chr5_34178570_A_C_b38_A" "chr5_34178735_A_C_b38_A"
  [3] "chr5_34178769_G_A_b38_G" "chr5_34180795_G_C_b38_G"
  [5] "chr5_34181809_C_T_b38_C" "chr5_34181908_C_T_b38_C"
  [7] "chr5_34182794_G_T_b38_G" "chr5_34183936_T_C_b38_T"
  [9] "chr5_34184168_T_C_b38_T" "chr5_34186330_A_T_b38_A"
 [11] "chr5_34186512_A_T_b38_A" "chr5_34187990_A_G_b38_A"
 [13] "chr5_34188039_C_T_b38_C" "chr5_34189559_C_T_b38_C"
 [15] "chr5_34190810_C_G_b38_C" "chr5_34191659_C_G_b38_C"
 [17] "chr5_34192730_A_G_b38_A" "chr5_34193760_A_G_b38_A"
 [19] "chr5_34193795_T_C_b38_T" "chr5_34194041_A_C_b38_A"
 [21] "chr5_34194683_C_T_b38_C" "chr5_34194742_G_A_b38_G"
 [23] "chr5_34194991_C_T_b38_C" "chr5_34195228_G_C_b38_G"
 [25] "chr5_34195294_C_T_b38_C" "chr5_34195532_T_A_b38_T"
 [27] "chr5_34195612_C_T_b38_C" "chr5_34195613_G_A_b38_G"
 [29] "chr5_34195637_C_G_b38_C" "chr5_34195956_G_A_b38_G"
 [31] "chr5_34196062_C_T_b38_C" "chr5_34196075_A_G_b38_A"
 [33] "chr5_34196076_C_T_b38_C" "chr5_34196432_C_T_b38_C"
 [35] "chr5_34196469_C_T_b38_C" "chr5_34196525_C_G_b38_C"
 [37] "chr5_34196855_T_G_b38_T" "chr5_34196971_C_T_b38_C"
 [39] "chr5_34197037_C_T_b38_C" "chr5_34197132_C_T_b38_C"
 [41] "chr5_34207562_A_C_b38_A" "chr5_34209217_T_A_b38_T"
 [43] "chr5_34209285_G_A_b38_G" "chr5_34224631_C_T_b38_C"
 [45] "chr5_34224711_C_A_b38_C" "chr5_34224829_G_T_b38_G"
 [47] "chr5_34225674_A_T_b38_A" "chr5_34244202_C_A_b38_C"
 [49] "chr5_34246494_C_T_b38_C" "chr5_34251447_A_C_b38_A"
 [51] "chr5_34251514_A_G_b38_A" "chr5_34251603_C_G_b38_C"
 [53] "chr5_34252546_T_C_b38_T" "chr5_34253239_A_G_b38_A"
 [55] "chr5_34253681_A_T_b38_A" "chr5_34254118_A_G_b38_A"
 [57] "chr5_34254846_T_G_b38_T" "chr5_34254887_A_G_b38_A"
 [59] "chr5_34254990_G_C_b38_G" "chr5_34255333_T_G_b38_T"
 [61] "chr5_34255742_G_T_b38_G" "chr5_34256865_G_A_b38_G"
 [63] "chr5_34257185_C_T_b38_C" "chr5_34259255_A_C_b38_A"
 [65] "chr5_34259322_C_T_b38_C" "chr5_34262630_G_A_b38_G"
 [67] "chr5_34264488_A_T_b38_A" "chr5_34264816_C_T_b38_C"
 [69] "chr5_34264969_G_C_b38_G" "chr5_34265362_G_A_b38_G"
 [71] "chr5_34265851_G_A_b38_G" "chr5_34265999_T_C_b38_T"
 [73] "chr5_34266066_T_C_b38_T" "chr5_34266472_C_A_b38_C"
 [75] "chr5_34267508_C_T_b38_C" "chr5_34269817_A_G_b38_A"
 [77] "chr5_34270053_G_A_b38_G" "chr5_34270771_C_T_b38_C"
 [79] "chr5_34270879_A_G_b38_A" "chr5_34274321_G_A_b38_G"
 [81] "chr5_34275127_A_G_b38_A" "chr5_34275432_C_T_b38_C"
 [83] "chr5_34275797_C_G_b38_C" "chr5_34276316_T_C_b38_T"
 [85] "chr5_34276810_G_C_b38_G" "chr5_34277345_G_A_b38_G"
 [87] "chr5_34277415_A_G_b38_A" "chr5_34277443_C_T_b38_C"
 [89] "chr5_34277927_A_T_b38_A" "chr5_34277936_G_A_b38_G"
 [91] "chr5_34278181_G_T_b38_G" "chr5_34278189_T_C_b38_T"
 [93] "chr5_34278321_T_C_b38_T" "chr5_34278604_A_G_b38_A"
 [95] "chr5_34278768_G_A_b38_G" "chr5_34278995_G_A_b38_G"
 [97] "chr5_34279006_T_G_b38_T" "chr5_34280099_G_C_b38_G"
 [99] "chr5_34280203_A_C_b38_A" "chr5_34280265_A_C_b38_A"
[101] "chr5_34280606_G_T_b38_G" "chr5_34281299_T_A_b38_T"
[103] "chr5_34281958_C_A_b38_C" "chr5_34282511_T_A_b38_T"
[105] "chr5_34282862_C_A_b38_C" "chr5_34285260_T_A_b38_T"
[107] "chr5_34285493_C_T_b38_C" "chr5_34285561_C_A_b38_C"
[109] "chr5_34289025_C_A_b38_C" "chr5_34307858_A_G_b38_A"
[111] "chr5_34316315_A_G_b38_A" "chr5_34316494_A_G_b38_A"
[113] "chr5_34316568_C_T_b38_C" "chr5_34316624_A_G_b38_A"
[115] "chr5_34316687_A_G_b38_A" "chr5_34319531_A_C_b38_A"
[117] "chr5_34321848_C_T_b38_C" "chr5_34322020_A_G_b38_A"
[119] "chr5_34322032_C_T_b38_C" "chr5_34322047_A_G_b38_A"
[121] "chr5_34324425_T_C_b38_T" "chr5_34332680_C_T_b38_C"
[123] "chr5_34332784_G_A_b38_G" "chr5_34337559_A_T_b38_A"
[125] "chr5_34337571_T_C_b38_T" "chr5_34337574_T_C_b38_T"
[127] "chr5_34337676_C_A_b38_C" "chr5_34339738_C_T_b38_C"
[129] "chr5_34339877_C_T_b38_C" "chr5_34340001_C_G_b38_C"
[131] "chr5_34341419_T_C_b38_T" "chr5_34342140_T_C_b38_T"
[133] "chr5_34342814_G_A_b38_G" "chr5_34346622_G_A_b38_G"
[135] "chr5_34349169_C_T_b38_C" "chr5_34364167_T_C_b38_T"
[137] "chr5_34371978_T_C_b38_T" "chr5_34372860_T_C_b38_T"
[139] "chr5_34373056_A_T_b38_A" "chr5_34374934_T_C_b38_T"
[141] "chr5_34375113_C_A_b38_C" "chr5_34377596_G_A_b38_G"
[143] "chr5_34378615_G_A_b38_G" "chr5_34379600_G_A_b38_G"
[145] "chr5_34381042_T_A_b38_T" "chr5_34381234_C_A_b38_C"
[147] "chr5_34381892_G_T_b38_G" "chr5_34388013_C_T_b38_C"
[149] "chr5_34389139_A_T_b38_A" "chr5_34389291_G_A_b38_G"
[151] "chr5_34393356_T_G_b38_T" "chr5_34393458_A_C_b38_A"
[153] "chr5_34393483_A_C_b38_A" "chr5_34393545_G_C_b38_G"
[155] "chr5_34393588_C_A_b38_C" "chr5_34394386_C_T_b38_C"
[157] "chr5_34394774_C_T_b38_C" "chr5_34395237_C_G_b38_C"
[159] "chr5_34395767_A_G_b38_A" "chr5_34396039_T_C_b38_T"
[161] "chr5_34396048_G_T_b38_G" "chr5_34396584_G_A_b38_G"
[163] "chr5_34396877_A_C_b38_A" "chr5_34397248_T_A_b38_T"
[165] "chr5_34397660_T_C_b38_T" "chr5_34397837_T_A_b38_T"
[167] "chr5_34401593_C_G_b38_C" "chr5_34401917_G_T_b38_G"
[169] "chr5_34410153_C_T_b38_C" "chr5_34414881_C_G_b38_C"
[171] "chr5_34415658_C_A_b38_C" "chr5_34416131_C_T_b38_C"
[173] "chr5_34416575_C_T_b38_C" "chr5_34417707_G_A_b38_G"
[175] "chr5_34417714_T_C_b38_T" "chr5_34417831_G_A_b38_G"
[177] "chr5_34417844_T_C_b38_T" "chr5_34418037_A_G_b38_A"
[179] "chr5_34418166_G_A_b38_G" "chr5_34418199_T_C_b38_T"
[181] "chr5_34418330_G_A_b38_G" "chr5_34418772_G_C_b38_G"
[183] "chr5_34419178_C_T_b38_C" "chr5_34419581_C_T_b38_C"
[185] "chr5_34419588_A_G_b38_A" "chr5_34419971_G_A_b38_G"
[187] "chr5_34420047_G_C_b38_G" "chr5_34420261_C_T_b38_C"
[189] "chr5_34420876_A_G_b38_A" "chr5_34421293_A_G_b38_A"
[191] "chr5_34421491_C_T_b38_C" "chr5_34421496_G_T_b38_G"
[193] "chr5_34421905_C_T_b38_C" "chr5_34421931_C_T_b38_C"
[195] "chr5_34421991_A_G_b38_A" "chr5_34422109_G_A_b38_G"
[197] "chr5_34422262_C_G_b38_C" "chr5_34422429_C_A_b38_C"
[199] "chr5_34422470_T_G_b38_T" "chr5_34422500_A_C_b38_A"
[201] "chr5_34422601_A_G_b38_A" "chr5_34422762_C_T_b38_C"
[203] "chr5_34422796_G_T_b38_G" "chr5_34423311_A_T_b38_A"
[205] "chr5_34423426_T_C_b38_T" "chr5_34423931_T_C_b38_T"
[207] "chr5_34424242_C_T_b38_C" "chr5_34424513_A_G_b38_A"
[209] "chr5_34424547_T_G_b38_T" "chr5_34424715_C_G_b38_C"
[211] "chr5_34424855_A_G_b38_A" "chr5_34424973_G_T_b38_G"
[213] "chr5_34425236_T_C_b38_T" "chr5_34425332_A_G_b38_A"
[215] "chr5_34425409_T_C_b38_T" "chr5_34425543_T_C_b38_T"
[217] "chr5_34425856_C_G_b38_C" "chr5_34425976_G_A_b38_G"
[219] "chr5_34425986_G_A_b38_G" "chr5_34426379_C_T_b38_C"
[221] "chr5_34426403_T_A_b38_T" "chr5_34426551_G_A_b38_G"
[223] "chr5_34426659_T_A_b38_T" "chr5_34426906_C_T_b38_C"
[225] "chr5_34426979_A_G_b38_A" "chr5_34427134_G_T_b38_G"
[227] "chr5_34427165_C_A_b38_C" "chr5_34427293_G_A_b38_G"
[229] "chr5_34427299_A_G_b38_A" "chr5_34427305_G_A_b38_G"
[231] "chr5_34427321_G_A_b38_G" "chr5_34427332_A_C_b38_A"
[233] "chr5_34427354_G_T_b38_G" "chr5_34427508_T_C_b38_T"
[235] "chr5_34427557_G_A_b38_G" "chr5_34427560_G_A_b38_G"
[237] "chr5_34427682_C_T_b38_C" "chr5_34427796_T_C_b38_T"
[239] "chr5_34427970_C_G_b38_C" "chr5_34428160_C_A_b38_C"
[241] "chr5_34428188_T_C_b38_T" "chr5_34428287_T_C_b38_T"
[243] "chr5_34428373_T_C_b38_T" "chr5_34428517_A_G_b38_A"
[245] "chr5_34428846_T_C_b38_T" "chr5_34429091_A_G_b38_A"
[247] "chr5_34429209_T_C_b38_T" "chr5_34429383_A_C_b38_A"
[249] "chr5_34429402_C_A_b38_C" "chr5_34429470_T_C_b38_T"
[251] "chr5_34429524_G_A_b38_G" "chr5_34429649_T_G_b38_T"
[253] "chr5_34429832_C_T_b38_C" "chr5_34430362_T_C_b38_T"
[255] "chr5_34430363_G_A_b38_G" "chr5_34430842_A_G_b38_A"
[257] "chr5_34430932_G_A_b38_G" "chr5_34431336_C_T_b38_C"
[259] "chr5_34431528_G_A_b38_G" "chr5_34431538_G_A_b38_G"
[261] "chr5_34431588_T_C_b38_T" "chr5_34431622_A_G_b38_A"
[263] "chr5_34431700_C_T_b38_C" "chr5_34432024_T_C_b38_T"
[265] "chr5_34432192_A_G_b38_A" "chr5_34432205_C_T_b38_C"
[267] "chr5_34432243_G_A_b38_G" "chr5_34432385_T_A_b38_T"
[269] "chr5_34432654_G_T_b38_G" "chr5_34432720_T_A_b38_T"
[271] "chr5_34433148_G_C_b38_G" "chr5_34433245_C_T_b38_C"
[273] "chr5_34433246_C_T_b38_C" "chr5_34433249_C_T_b38_C"
[275] "chr5_34433479_T_C_b38_T" "chr5_34433591_T_C_b38_T"
[277] "chr5_34433607_T_C_b38_T" "chr5_34433657_A_C_b38_A"
[279] "chr5_34433710_T_C_b38_T" "chr5_34433822_G_T_b38_G"
[281] "chr5_34433908_G_A_b38_G" "chr5_34434171_C_G_b38_C"
[283] "chr5_34434229_C_T_b38_C" "chr5_34434262_A_G_b38_A"
[285] "chr5_34434320_C_G_b38_C" "chr5_34434407_A_T_b38_A"
[287] "chr5_34434579_C_T_b38_C" "chr5_34434666_G_A_b38_G"
[289] "chr5_34434712_G_A_b38_G" "chr5_34434766_G_A_b38_G"
[291] "chr5_34434786_T_C_b38_T" "chr5_34434889_G_A_b38_G"
[293] "chr5_34435028_C_T_b38_C" "chr5_34435450_A_T_b38_A"
[295] "chr5_34435477_T_G_b38_T" "chr5_34435553_A_G_b38_A"
[297] "chr5_34435565_A_T_b38_A" "chr5_34435793_T_C_b38_T"
[299] "chr5_34435964_C_A_b38_C" "chr5_34436083_C_T_b38_C"
[301] "chr5_34436541_G_A_b38_G" "chr5_34436987_C_G_b38_C"
[303] "chr5_34437000_A_T_b38_A" "chr5_34437061_G_A_b38_G"
[305] "chr5_34437141_G_A_b38_G" "chr5_34437217_C_T_b38_C"
[307] "chr5_34437255_C_A_b38_C" "chr5_34437428_G_C_b38_G"
[309] "chr5_34437438_C_T_b38_C" "chr5_34437541_T_C_b38_T"
[311] "chr5_34437791_C_G_b38_C" "chr5_34437964_C_T_b38_C"
[313] "chr5_34438039_T_C_b38_T" "chr5_34442105_A_G_b38_A"
[315] "chr5_34459564_T_A_b38_T" "chr5_34469669_G_A_b38_G"
[317] "chr5_34489073_C_A_b38_C" "chr5_34491448_G_T_b38_G"
[319] "chr5_34499089_A_C_b38_A" "chr5_34500823_G_C_b38_G"
[321] "chr5_34501711_A_G_b38_A" "chr5_34501809_A_G_b38_A"
[323] "chr5_34587504_T_C_b38_T" "chr5_34673603_G_A_b38_G"
[325] "chr5_34674518_A_G_b38_A" "chr5_34674525_T_C_b38_T"
[327] "chr5_34674929_G_A_b38_G" "chr5_34675020_C_T_b38_C"
[329] "chr5_34675045_T_C_b38_T" "chr5_34675234_C_T_b38_C"
[331] "chr5_34675793_G_A_b38_G" "chr5_34752005_C_T_b38_C"
[333] "chr5_34786731_C_T_b38_C" "chr5_34815868_G_A_b38_G"
[335] "chr5_34840935_C_T_b38_C" "chr5_35034368_T_C_b38_T"
[337] "chr5_35037010_C_T_b38_C" "chr5_35059072_G_A_b38_G"
[339] "chr5_35059075_G_C_b38_G" "chr5_35087622_A_G_b38_A"
[341] "chr5_35087699_C_T_b38_C" "chr5_35088411_T_C_b38_T"
[343] "chr5_35088920_A_G_b38_A" "chr5_35089198_G_A_b38_G"
[345] "chr5_35092867_T_C_b38_T" "chr5_35092966_A_G_b38_A"
[347] "chr5_35117266_T_C_b38_T" "chr5_35118746_A_G_b38_A"
[349] "chr5_35128276_A_G_b38_A" "chr5_35129428_T_C_b38_T"
[351] "chr5_35132248_T_C_b38_T" "chr5_35133179_A_C_b38_A"
[353] "chr5_35133327_T_C_b38_T" "chr5_35134329_T_C_b38_T"
[355] "chr5_35134703_T_A_b38_T" "chr5_35134826_T_C_b38_T"
[357] "chr5_35134898_G_A_b38_G" "chr5_35135163_T_C_b38_T"
[359] "chr5_35135546_G_C_b38_G" "chr5_35135702_T_C_b38_T"
[361] "chr5_35143895_C_G_b38_C" "chr5_35149803_C_T_b38_C"
[363] "chr5_35152139_C_T_b38_C" "chr5_35155415_C_T_b38_C"
[365] "chr5_35155526_A_G_b38_A" "chr5_35155569_A_C_b38_A"
[367] "chr5_35155691_C_T_b38_C"
476 SNP(s) removed because HWE P < 1e-08 :
  [1] "chr2_95191454_T_A_b38_T" "chr2_95191514_C_T_b38_C"
  [3] "chr2_95191547_G_T_b38_G" "chr2_95191568_A_C_b38_A"
  [5] "chr2_95191697_G_T_b38_G" "chr2_95191744_C_T_b38_C"
  [7] "chr2_95191767_C_T_b38_C" "chr2_95191768_T_G_b38_T"
  [9] "chr2_95191795_G_A_b38_G" "chr2_95191869_C_T_b38_C"
 [11] "chr2_95191888_G_A_b38_G" "chr2_95191893_G_A_b38_G"
 [13] "chr2_95191952_A_G_b38_A" "chr2_95191960_C_T_b38_C"
 [15] "chr2_95191961_A_G_b38_A" "chr2_95191987_T_C_b38_T"
 [17] "chr2_95722984_G_A_b38_G" "chr2_95761165_A_C_b38_A"
 [19] "chr2_95761169_G_C_b38_G" "chr2_95761174_T_C_b38_T"
 [21] "chr2_95767317_A_C_b38_A" "chr2_95767414_T_C_b38_T"
 [23] "chr2_95773421_C_T_b38_C" "chr2_95773556_G_A_b38_G"
 [25] "chr2_95773597_C_T_b38_C" "chr2_95773778_G_A_b38_G"
 [27] "chr2_95774144_A_G_b38_A" "chr2_95775708_C_G_b38_C"
 [29] "chr2_95775820_G_A_b38_G" "chr2_95776285_T_C_b38_T"
 [31] "chr2_95846782_A_G_b38_A" "chr2_95846869_C_G_b38_C"
 [33] "chr2_95846872_G_A_b38_G" "chr2_95850067_T_A_b38_T"
 [35] "chr2_95850092_A_T_b38_A" "chr2_95850259_T_A_b38_T"
 [37] "chr2_95850278_A_G_b38_A" "chr2_95850302_C_T_b38_C"
 [39] "chr2_95850334_G_A_b38_G" "chr2_95850336_A_G_b38_A"
 [41] "chr2_95868901_T_A_b38_T" "chr2_95931997_A_T_b38_A"
 [43] "chr2_95932039_A_G_b38_A" "chr2_95932075_T_C_b38_T"
 [45] "chr2_95932078_G_T_b38_G" "chr2_95932090_C_T_b38_C"
 [47] "chr2_95932113_C_T_b38_C" "chr2_95932127_A_C_b38_A"
 [49] "chr2_95932159_C_T_b38_C" "chr2_95932172_G_A_b38_G"
 [51] "chr2_95932233_T_C_b38_T" "chr2_95932240_A_G_b38_A"
 [53] "chr2_95932246_G_C_b38_G" "chr2_95932269_T_C_b38_T"
 [55] "chr2_95932391_T_G_b38_T" "chr2_95932446_T_A_b38_T"
 [57] "chr2_95932452_G_T_b38_G" "chr2_95932498_C_T_b38_C"
 [59] "chr2_95932504_T_C_b38_T" "chr2_95932603_A_G_b38_A"
 [61] "chr2_95932615_C_T_b38_C" "chr2_95932661_T_C_b38_T"
 [63] "chr2_95932710_T_A_b38_T" "chr2_95932923_G_A_b38_G"
 [65] "chr2_95932931_C_G_b38_C" "chr2_95932975_G_T_b38_G"
 [67] "chr2_95932984_G_T_b38_G" "chr2_95933137_T_G_b38_T"
 [69] "chr2_95933146_G_C_b38_G" "chr2_95933158_G_C_b38_G"
 [71] "chr2_95933196_G_A_b38_G" "chr2_95933211_G_A_b38_G"
 [73] "chr2_95933212_T_C_b38_T" "chr2_95933257_G_A_b38_G"
 [75] "chr2_95933343_T_C_b38_T" "chr2_95933391_A_C_b38_A"
 [77] "chr2_95933401_A_T_b38_A" "chr2_95933420_C_T_b38_C"
 [79] "chr2_95933490_T_C_b38_T" "chr2_95933539_T_C_b38_T"
 [81] "chr2_95933551_G_A_b38_G" "chr2_95933569_T_G_b38_T"
 [83] "chr2_95933588_G_T_b38_G" "chr2_95933601_C_A_b38_C"
 [85] "chr2_95933605_T_C_b38_T" "chr2_95933740_C_T_b38_C"
 [87] "chr2_95933805_T_C_b38_T" "chr2_95933808_G_T_b38_G"
 [89] "chr2_95933829_T_C_b38_T" "chr2_95933850_C_T_b38_C"
 [91] "chr2_95933887_A_T_b38_A" "chr2_95933926_A_G_b38_A"
 [93] "chr2_95933965_A_G_b38_A" "chr2_95933974_T_C_b38_T"
 [95] "chr2_95934010_G_C_b38_G" "chr2_95934019_T_A_b38_T"
 [97] "chr2_95934064_T_C_b38_T" "chr2_95934076_T_C_b38_T"
 [99] "chr2_95934091_C_A_b38_C" "chr2_95934092_C_G_b38_C"
[101] "chr2_95934137_G_A_b38_G" "chr2_95934593_A_G_b38_A"
[103] "chr2_95934687_T_A_b38_T" "chr2_95934738_A_T_b38_A"
[105] "chr2_95934746_A_T_b38_A" "chr2_95934760_G_A_b38_G"
[107] "chr2_95934766_A_G_b38_A" "chr2_95934911_C_T_b38_C"
[109] "chr2_95934964_A_G_b38_A" "chr2_95934977_C_G_b38_C"
[111] "chr2_95935015_T_C_b38_T" "chr2_95935023_A_G_b38_A"
[113] "chr2_95935026_C_T_b38_C" "chr2_95935028_C_T_b38_C"
[115] "chr2_95935041_C_T_b38_C" "chr2_95935045_A_G_b38_A"
[117] "chr2_95935177_T_C_b38_T" "chr2_95935215_G_T_b38_G"
[119] "chr2_95935220_C_A_b38_C" "chr2_95935226_T_C_b38_T"
[121] "chr2_95935375_G_A_b38_G" "chr2_95935389_G_A_b38_G"
[123] "chr2_95935391_T_C_b38_T" "chr2_95935405_G_A_b38_G"
[125] "chr2_95935492_G_A_b38_G" "chr2_95935564_G_A_b38_G"
[127] "chr2_95935597_T_C_b38_T" "chr2_95935759_T_A_b38_T"
[129] "chr2_95935915_C_T_b38_C" "chr2_95935918_C_G_b38_C"
[131] "chr2_95935955_A_G_b38_A" "chr2_95935968_C_G_b38_C"
[133] "chr2_95935977_A_C_b38_A" "chr2_95936074_C_G_b38_C"
[135] "chr2_95936075_G_A_b38_G" "chr2_95936147_A_G_b38_A"
[137] "chr2_95936151_C_T_b38_C" "chr2_95936179_G_A_b38_G"
[139] "chr2_95936225_C_T_b38_C" "chr2_95936242_A_G_b38_A"
[141] "chr2_95936549_T_G_b38_T" "chr2_95936569_C_G_b38_C"
[143] "chr2_95936587_C_T_b38_C" "chr2_95936595_C_G_b38_C"
[145] "chr2_95936603_A_C_b38_A" "chr2_95936612_C_G_b38_C"
[147] "chr2_95936616_G_T_b38_G" "chr2_95936864_G_T_b38_G"
[149] "chr2_95936895_C_T_b38_C" "chr2_95936922_A_C_b38_A"
[151] "chr2_95936943_C_G_b38_C" "chr2_95937113_T_A_b38_T"
[153] "chr2_95937175_T_C_b38_T" "chr2_95937184_G_C_b38_G"
[155] "chr2_95937186_T_G_b38_T" "chr2_95937193_A_G_b38_A"
[157] "chr2_95937215_G_A_b38_G" "chr2_95937224_T_A_b38_T"
[159] "chr2_95937260_C_T_b38_C" "chr2_95937272_A_G_b38_A"
[161] "chr2_95937279_G_A_b38_G" "chr2_95937320_G_A_b38_G"
[163] "chr2_95937366_C_T_b38_C" "chr2_95937379_G_T_b38_G"
[165] "chr2_95937388_C_T_b38_C" "chr2_95937400_G_T_b38_G"
[167] "chr2_95937429_T_C_b38_T" "chr2_95937475_A_G_b38_A"
[169] "chr2_95937671_A_G_b38_A" "chr2_95937713_A_G_b38_A"
[171] "chr2_95937715_T_C_b38_T" "chr2_95937729_A_C_b38_A"
[173] "chr2_95937748_G_A_b38_G" "chr2_95937770_C_G_b38_C"
[175] "chr2_95937885_T_C_b38_T" "chr2_95938120_C_T_b38_C"
[177] "chr2_95938197_A_G_b38_A" "chr2_95938215_T_C_b38_T"
[179] "chr2_95938225_A_G_b38_A" "chr2_95938234_A_T_b38_A"
[181] "chr2_95938340_T_C_b38_T" "chr2_95938347_A_T_b38_A"
[183] "chr2_95938353_A_G_b38_A" "chr2_95938385_C_T_b38_C"
[185] "chr2_95938642_C_T_b38_C" "chr2_95938643_A_G_b38_A"
[187] "chr2_95938672_A_T_b38_A" "chr2_95938725_T_A_b38_T"
[189] "chr2_95938858_C_A_b38_C" "chr2_95938982_T_C_b38_T"
[191] "chr2_95938999_C_T_b38_C" "chr2_95939017_T_G_b38_T"
[193] "chr2_95939019_C_A_b38_C" "chr2_95939062_C_T_b38_C"
[195] "chr2_95939110_G_C_b38_G" "chr2_95939149_T_C_b38_T"
[197] "chr2_95939169_G_A_b38_G" "chr2_95939192_A_T_b38_A"
[199] "chr2_95939297_C_G_b38_C" "chr2_95939302_T_C_b38_T"
[201] "chr2_95939448_A_G_b38_A" "chr2_95939496_G_C_b38_G"
[203] "chr2_95939656_G_C_b38_G" "chr2_95939671_C_T_b38_C"
[205] "chr2_95939699_C_G_b38_C" "chr2_95939700_G_A_b38_G"
[207] "chr2_95939797_A_G_b38_A" "chr2_95939800_G_C_b38_G"
[209] "chr2_95939837_G_A_b38_G" "chr2_95939853_G_A_b38_G"
[211] "chr2_95939897_A_C_b38_A" "chr2_95939980_C_G_b38_C"
[213] "chr2_95940010_A_C_b38_A" "chr2_95940011_C_T_b38_C"
[215] "chr2_95940058_G_A_b38_G" "chr2_95940075_T_G_b38_T"
[217] "chr2_95940176_T_C_b38_T" "chr2_95940311_C_T_b38_C"
[219] "chr2_95940317_C_T_b38_C" "chr2_95940320_C_A_b38_C"
[221] "chr2_95940457_A_T_b38_A" "chr2_95940490_C_T_b38_C"
[223] "chr2_95941237_T_C_b38_T" "chr2_95941280_T_C_b38_T"
[225] "chr2_95941300_G_A_b38_G" "chr2_95941370_C_T_b38_C"
[227] "chr2_95941600_C_A_b38_C" "chr2_95941627_G_A_b38_G"
[229] "chr2_95941893_A_G_b38_A" "chr2_95941918_T_A_b38_T"
[231] "chr2_95941940_A_T_b38_A" "chr2_95941993_T_C_b38_T"
[233] "chr2_95941995_T_C_b38_T" "chr2_95942022_C_A_b38_C"
[235] "chr2_95942024_C_T_b38_C" "chr2_95942025_C_G_b38_C"
[237] "chr2_95942035_A_C_b38_A" "chr2_95942036_G_A_b38_G"
[239] "chr2_95942038_A_G_b38_A" "chr2_95942084_G_A_b38_G"
[241] "chr2_95942086_C_T_b38_C" "chr2_95942280_T_C_b38_T"
[243] "chr2_95942284_G_T_b38_G" "chr2_95942345_T_A_b38_T"
[245] "chr2_95942493_G_A_b38_G" "chr2_95942686_C_G_b38_C"
[247] "chr2_95942689_C_T_b38_C" "chr2_95942736_G_C_b38_G"
[249] "chr2_95942740_G_T_b38_G" "chr2_95942744_C_T_b38_C"
[251] "chr2_95942785_C_A_b38_C" "chr2_95942884_C_A_b38_C"
[253] "chr2_95942889_T_C_b38_T" "chr2_95942900_T_C_b38_T"
[255] "chr2_95942987_A_C_b38_A" "chr2_95943062_T_C_b38_T"
[257] "chr2_95943062_T_G_b38_T" "chr2_95943063_A_G_b38_A"
[259] "chr2_95943063_A_T_b38_A" "chr2_95943079_A_C_b38_A"
[261] "chr2_95943079_A_T_b38_A" "chr2_95943142_T_G_b38_T"
[263] "chr2_95943184_A_T_b38_A" "chr2_95943188_A_T_b38_A"
[265] "chr2_95943209_C_T_b38_C" "chr2_95943254_C_T_b38_C"
[267] "chr2_95943255_G_A_b38_G" "chr2_95943265_C_T_b38_C"
[269] "chr2_95943266_G_A_b38_G" "chr2_95943271_C_T_b38_C"
[271] "chr2_95944581_G_C_b38_G" "chr2_95944651_C_A_b38_C"
[273] "chr2_95944662_T_A_b38_T" "chr2_95944665_C_T_b38_C"
[275] "chr2_95944672_G_T_b38_G" "chr2_95944777_G_A_b38_G"
[277] "chr2_95944792_G_C_b38_G" "chr2_95944796_G_T_b38_G"
[279] "chr2_95944798_G_T_b38_G" "chr2_95944863_C_T_b38_C"
[281] "chr2_95944919_C_A_b38_C" "chr2_95944930_G_A_b38_G"
[283] "chr2_95944983_C_G_b38_C" "chr2_95945011_T_A_b38_T"
[285] "chr2_95945020_T_G_b38_T" "chr2_95945175_C_G_b38_C"
[287] "chr2_95945210_G_T_b38_G" "chr2_95945270_G_A_b38_G"
[289] "chr2_95945330_T_G_b38_T" "chr2_95945407_T_C_b38_T"
[291] "chr2_95945950_C_G_b38_C" "chr2_95948377_C_G_b38_C"
[293] "chr2_95948381_C_T_b38_C" "chr2_95948464_A_G_b38_A"
[295] "chr2_95948618_A_C_b38_A" "chr2_95948635_A_G_b38_A"
[297] "chr2_95948659_G_A_b38_G" "chr2_95948676_G_T_b38_G"
[299] "chr2_95948690_C_A_b38_C" "chr2_95949506_G_T_b38_G"
[301] "chr2_95949562_A_C_b38_A" "chr2_95949574_C_T_b38_C"
[303] "chr2_95949590_T_C_b38_T" "chr2_95949602_T_C_b38_T"
[305] "chr2_95949654_C_G_b38_C" "chr2_95949721_T_C_b38_T"
[307] "chr2_95949729_A_G_b38_A" "chr2_95949824_C_T_b38_C"
[309] "chr2_95949829_C_T_b38_C" "chr2_95949830_A_G_b38_A"
[311] "chr2_95949844_C_T_b38_C" "chr2_95949971_T_A_b38_T"
[313] "chr2_95950020_C_A_b38_C" "chr2_95950021_A_G_b38_A"
[315] "chr2_95950025_T_C_b38_T" "chr2_95950038_C_T_b38_C"
[317] "chr2_95950042_T_G_b38_T" "chr2_95950062_T_G_b38_T"
[319] "chr2_95950067_C_T_b38_C" "chr2_95950075_G_A_b38_G"
[321] "chr2_95950157_C_T_b38_C" "chr2_95950165_A_G_b38_A"
[323] "chr2_95950269_A_G_b38_A" "chr2_95950358_A_C_b38_A"
[325] "chr2_95950367_A_C_b38_A" "chr2_95950373_T_C_b38_T"
[327] "chr2_95950395_G_A_b38_G" "chr2_95950429_C_T_b38_C"
[329] "chr2_95950495_G_C_b38_G" "chr2_95950562_C_T_b38_C"
[331] "chr2_95950572_A_G_b38_A" "chr2_95950606_T_C_b38_T"
[333] "chr2_95950607_T_C_b38_T" "chr2_95950613_A_C_b38_A"
[335] "chr2_95950614_A_T_b38_A" "chr2_95950779_A_C_b38_A"
[337] "chr2_95950823_C_A_b38_C" "chr2_95950828_T_C_b38_T"
[339] "chr2_95950832_A_G_b38_A" "chr2_95950849_A_G_b38_A"
[341] "chr2_95950851_G_A_b38_G" "chr2_95950859_G_T_b38_G"
[343] "chr2_95950949_G_A_b38_G" "chr2_95950986_A_C_b38_A"
[345] "chr2_95951001_G_T_b38_G" "chr2_95951011_G_A_b38_G"
[347] "chr2_95951019_T_A_b38_T" "chr2_95951115_A_G_b38_A"
[349] "chr2_95951156_C_T_b38_C" "chr2_95951434_A_C_b38_A"
[351] "chr2_95951508_A_G_b38_A" "chr2_95951514_A_G_b38_A"
[353] "chr2_95951556_A_T_b38_A" "chr2_95951680_A_G_b38_A"
[355] "chr2_95951695_G_A_b38_G" "chr2_95951717_A_G_b38_A"
[357] "chr2_95951730_C_G_b38_C" "chr2_95951797_A_G_b38_A"
[359] "chr2_95951809_G_A_b38_G" "chr2_95951811_G_A_b38_G"
[361] "chr2_95951834_T_A_b38_T" "chr2_95951910_C_T_b38_C"
[363] "chr2_95951946_C_A_b38_C" "chr2_95951953_T_C_b38_T"
[365] "chr2_95952014_G_T_b38_G" "chr2_95952040_C_T_b38_C"
[367] "chr2_95952054_C_G_b38_C" "chr2_95952097_A_G_b38_A"
[369] "chr2_95952107_T_G_b38_T" "chr2_95952155_A_G_b38_A"
[371] "chr2_95952175_A_G_b38_A" "chr2_95952207_C_A_b38_C"
[373] "chr2_95952221_G_C_b38_G" "chr2_95952242_C_T_b38_C"
[375] "chr2_95952260_A_C_b38_A" "chr2_95952267_C_A_b38_C"
[377] "chr2_95952299_C_G_b38_C" "chr2_95952489_C_T_b38_C"
[379] "chr2_95952490_A_G_b38_A" "chr2_95952512_C_A_b38_C"
[381] "chr2_95952560_A_T_b38_A" "chr2_95952607_C_T_b38_C"
[383] "chr2_95952810_A_G_b38_A" "chr2_95953792_T_C_b38_T"
[385] "chr2_95953811_T_A_b38_T" "chr2_95953864_C_T_b38_C"
[387] "chr2_95953893_A_C_b38_A" "chr2_95953894_A_T_b38_A"
[389] "chr2_95953940_T_G_b38_T" "chr2_95953986_C_T_b38_C"
[391] "chr2_95953987_A_G_b38_A" "chr2_95954026_G_A_b38_G"
[393] "chr2_95954051_A_C_b38_A" "chr2_95954083_T_C_b38_T"
[395] "chr2_95954084_A_G_b38_A" "chr2_95954089_C_G_b38_C"
[397] "chr2_95954090_A_C_b38_A" "chr2_95954105_T_C_b38_T"
[399] "chr2_95954125_C_A_b38_C" "chr2_95954218_A_C_b38_A"
[401] "chr2_95954225_T_C_b38_T" "chr2_95954954_T_C_b38_T"
[403] "chr2_95955029_C_T_b38_C" "chr2_95955038_T_C_b38_T"
[405] "chr2_95955070_T_C_b38_T" "chr2_95955082_C_T_b38_C"
[407] "chr2_95955100_T_C_b38_T" "chr2_95955160_C_T_b38_C"
[409] "chr2_95955165_A_G_b38_A" "chr2_95955206_T_C_b38_T"
[411] "chr2_95955223_C_G_b38_C" "chr2_95955269_C_G_b38_C"
[413] "chr2_95955273_T_C_b38_T" "chr2_95955281_C_A_b38_C"
[415] "chr2_95955370_A_C_b38_A" "chr2_95955372_T_A_b38_T"
[417] "chr2_95956350_G_C_b38_G" "chr2_95956355_G_A_b38_G"
[419] "chr2_95956378_T_C_b38_T" "chr2_95957270_C_A_b38_C"
[421] "chr2_95957300_A_G_b38_A" "chr2_95957318_C_G_b38_C"
[423] "chr2_95957355_C_G_b38_C" "chr2_95957363_A_G_b38_A"
[425] "chr2_95957376_T_A_b38_T" "chr2_95957397_A_C_b38_A"
[427] "chr2_95957405_C_T_b38_C" "chr2_95957424_T_C_b38_T"
[429] "chr2_95957447_G_T_b38_G" "chr2_95957546_C_G_b38_C"
[431] "chr2_95957557_A_C_b38_A" "chr2_95957593_A_C_b38_A"
[433] "chr2_95957633_A_G_b38_A" "chr2_95957634_A_C_b38_A"
[435] "chr2_95957674_C_T_b38_C" "chr2_95957700_A_T_b38_A"
[437] "chr2_95957720_T_A_b38_T" "chr2_95957780_G_T_b38_G"
[439] "chr2_95957782_C_T_b38_C" "chr2_95957850_A_G_b38_A"
[441] "chr2_95958047_A_C_b38_A" "chr2_95958072_C_T_b38_C"
[443] "chr2_95958074_G_C_b38_G" "chr2_95958079_A_C_b38_A"
[445] "chr2_95958977_C_G_b38_C" "chr2_95959006_A_G_b38_A"
[447] "chr2_95959030_G_A_b38_G" "chr2_95959066_G_A_b38_G"
[449] "chr2_95959086_A_G_b38_A" "chr2_95959104_G_A_b38_G"
[451] "chr2_95959113_A_G_b38_A" "chr2_95959169_C_G_b38_C"
[453] "chr2_95959170_A_T_b38_A" "chr2_95959371_G_A_b38_G"
[455] "chr2_95959378_A_T_b38_A" "chr2_95959393_A_G_b38_A"
[457] "chr2_95959402_C_G_b38_C" "chr2_95959432_A_C_b38_A"
[459] "chr2_95959497_A_C_b38_A" "chr2_95959510_T_G_b38_T"
[461] "chr2_95959529_G_A_b38_G" "chr2_95959533_G_A_b38_G"
[463] "chr2_95961094_T_C_b38_T" "chr2_95961096_T_C_b38_T"
[465] "chr2_95961149_T_C_b38_T" "chr2_95961164_C_T_b38_C"
[467] "chr2_95962695_C_T_b38_C" "chr2_95962706_T_C_b38_T"
[469] "chr2_95962742_A_T_b38_A" "chr2_95962764_T_C_b38_T"
[471] "chr2_95962775_T_G_b38_T" "chr2_95962990_T_C_b38_T"
[473] "chr2_95962991_G_A_b38_G" "chr2_95966130_A_G_b38_A"
[475] "chr2_95977382_G_A_b38_G" "chr2_95977391_T_G_b38_T"
23 SNP(s) removed because HWE P < 1e-08 :
 [1] "chr11_116832062_C_T_b38_C" "chr11_116846153_G_A_b38_G"
 [3] "chr11_116846947_T_C_b38_T" "chr11_116855935_T_C_b38_T"
 [5] "chr11_116857313_A_G_b38_A" "chr11_116858480_T_C_b38_T"
 [7] "chr11_116867020_T_A_b38_T" "chr11_116869943_G_C_b38_G"
 [9] "chr11_117206318_A_G_b38_A" "chr11_117207622_A_T_b38_A"
[11] "chr11_117207662_C_T_b38_C" "chr11_117207888_C_T_b38_C"
[13] "chr11_117209404_C_T_b38_C" "chr11_117210044_A_C_b38_A"
[15] "chr11_117210065_A_G_b38_A" "chr11_117260758_G_A_b38_G"
[17] "chr11_117260759_G_A_b38_G" "chr11_117260771_T_C_b38_T"
[19] "chr11_117260814_T_C_b38_T" "chr11_117260834_T_A_b38_T"
[21] "chr11_117260864_A_G_b38_A" "chr11_117635850_T_C_b38_T"
[23] "chr11_117726266_C_T_b38_C"
45 SNP(s) removed because HWE P < 1e-08 :
 [1] "chr21_46259254_G_C_b38_G" "chr21_46275166_G_A_b38_G"
 [3] "chr21_46275306_A_G_b38_A" "chr21_46275866_A_G_b38_A"
 [5] "chr21_46288419_T_C_b38_T" "chr21_46300662_C_T_b38_C"
 [7] "chr21_46304332_C_T_b38_C" "chr21_46306441_T_C_b38_T"
 [9] "chr21_46316298_A_G_b38_A" "chr21_46327420_A_G_b38_A"
[11] "chr21_46332582_C_T_b38_C" "chr21_46334949_C_A_b38_C"
[13] "chr21_46340602_T_A_b38_T" "chr21_46345570_C_A_b38_C"
[15] "chr21_46346090_T_G_b38_T" "chr21_46350895_C_T_b38_C"
[17] "chr21_46355209_C_T_b38_C" "chr21_46363740_C_G_b38_C"
[19] "chr21_46373160_A_G_b38_A" "chr21_46373214_A_C_b38_A"
[21] "chr21_46391999_G_A_b38_G" "chr21_46393927_T_C_b38_T"
[23] "chr21_46399114_G_A_b38_G" "chr21_46402119_G_T_b38_G"
[25] "chr21_46402950_A_G_b38_A" "chr21_46404439_C_T_b38_C"
[27] "chr21_46404446_A_G_b38_A" "chr21_46406564_A_T_b38_A"
[29] "chr21_46407545_G_A_b38_G" "chr21_46415417_G_A_b38_G"
[31] "chr21_46416512_T_C_b38_T" "chr21_46418529_C_T_b38_C"
[33] "chr21_46418954_C_T_b38_C" "chr21_46419135_C_A_b38_C"
[35] "chr21_46423106_C_G_b38_C" "chr21_46426522_C_T_b38_C"
[37] "chr21_46427060_A_G_b38_A" "chr21_46427932_C_A_b38_C"
[39] "chr21_46434892_C_T_b38_C" "chr21_46435104_G_A_b38_G"
[41] "chr21_46496114_G_T_b38_G" "chr21_46623111_A_G_b38_A"
[43] "chr21_46697396_C_T_b38_C" "chr21_46697420_C_T_b38_C"
[45] "chr21_46699598_C_T_b38_C"
38 SNP(s) removed because HWE P < 1e-08 :
 [1] "chr4_152576987_G_A_b38_G" "chr4_152577365_T_C_b38_T"
 [3] "chr4_152577446_G_A_b38_G" "chr4_152577470_C_G_b38_C"
 [5] "chr4_152577485_C_T_b38_C" "chr4_152577595_C_T_b38_C"
 [7] "chr4_152577648_C_T_b38_C" "chr4_152578050_A_T_b38_A"
 [9] "chr4_152579879_G_A_b38_G" "chr4_152616519_C_T_b38_C"
[11] "chr4_152680866_C_G_b38_C" "chr4_152681522_A_C_b38_A"
[13] "chr4_152682652_C_T_b38_C" "chr4_152683126_C_A_b38_C"
[15] "chr4_152683136_G_A_b38_G" "chr4_152685910_G_T_b38_G"
[17] "chr4_152687844_T_A_b38_T" "chr4_152694524_A_G_b38_A"
[19] "chr4_152698173_C_T_b38_C" "chr4_152700377_T_C_b38_T"
[21] "chr4_152700819_T_G_b38_T" "chr4_152701099_A_C_b38_A"
[23] "chr4_152701104_G_C_b38_G" "chr4_152701174_G_C_b38_G"
[25] "chr4_152701247_G_A_b38_G" "chr4_152701348_G_A_b38_G"
[27] "chr4_152703816_C_T_b38_C" "chr4_152704085_G_A_b38_G"
[29] "chr4_152724765_C_T_b38_C" "chr4_152724846_T_C_b38_T"
[31] "chr4_152725615_T_C_b38_T" "chr4_152726039_A_G_b38_A"
[33] "chr4_152726890_A_T_b38_A" "chr4_152726897_A_G_b38_A"
[35] "chr4_152727202_G_A_b38_G" "chr4_152727207_T_C_b38_T"
[37] "chr4_152727301_A_G_b38_A" "chr4_152727342_G_A_b38_G"
45 SNP(s) removed because HWE P < 1e-08 :
 [1] "chr21_46259254_G_C_b38_G" "chr21_46275166_G_A_b38_G"
 [3] "chr21_46275306_A_G_b38_A" "chr21_46275866_A_G_b38_A"
 [5] "chr21_46288419_T_C_b38_T" "chr21_46300662_C_T_b38_C"
 [7] "chr21_46304332_C_T_b38_C" "chr21_46306441_T_C_b38_T"
 [9] "chr21_46316298_A_G_b38_A" "chr21_46327420_A_G_b38_A"
[11] "chr21_46332582_C_T_b38_C" "chr21_46334949_C_A_b38_C"
[13] "chr21_46340602_T_A_b38_T" "chr21_46345570_C_A_b38_C"
[15] "chr21_46346090_T_G_b38_T" "chr21_46350895_C_T_b38_C"
[17] "chr21_46355209_C_T_b38_C" "chr21_46363740_C_G_b38_C"
[19] "chr21_46373160_A_G_b38_A" "chr21_46373214_A_C_b38_A"
[21] "chr21_46391999_G_A_b38_G" "chr21_46393927_T_C_b38_T"
[23] "chr21_46399114_G_A_b38_G" "chr21_46402119_G_T_b38_G"
[25] "chr21_46402950_A_G_b38_A" "chr21_46404439_C_T_b38_C"
[27] "chr21_46404446_A_G_b38_A" "chr21_46406564_A_T_b38_A"
[29] "chr21_46407545_G_A_b38_G" "chr21_46415417_G_A_b38_G"
[31] "chr21_46416512_T_C_b38_T" "chr21_46418529_C_T_b38_C"
[33] "chr21_46418954_C_T_b38_C" "chr21_46419135_C_A_b38_C"
[35] "chr21_46423106_C_G_b38_C" "chr21_46426522_C_T_b38_C"
[37] "chr21_46427060_A_G_b38_A" "chr21_46427932_C_A_b38_C"
[39] "chr21_46434892_C_T_b38_C" "chr21_46435104_G_A_b38_G"
[41] "chr21_46496114_G_T_b38_G" "chr21_46623111_A_G_b38_A"
[43] "chr21_46697396_C_T_b38_C" "chr21_46697420_C_T_b38_C"
[45] "chr21_46699598_C_T_b38_C"
23 SNP(s) removed because HWE P < 1e-08 :
 [1] "chr11_116832062_C_T_b38_C" "chr11_116846153_G_A_b38_G"
 [3] "chr11_116846947_T_C_b38_T" "chr11_116855935_T_C_b38_T"
 [5] "chr11_116857313_A_G_b38_A" "chr11_116858480_T_C_b38_T"
 [7] "chr11_116867020_T_A_b38_T" "chr11_116869943_G_C_b38_G"
 [9] "chr11_117206318_A_G_b38_A" "chr11_117207622_A_T_b38_A"
[11] "chr11_117207662_C_T_b38_C" "chr11_117207888_C_T_b38_C"
[13] "chr11_117209404_C_T_b38_C" "chr11_117210044_A_C_b38_A"
[15] "chr11_117210065_A_G_b38_A" "chr11_117260758_G_A_b38_G"
[17] "chr11_117260759_G_A_b38_G" "chr11_117260771_T_C_b38_T"
[19] "chr11_117260814_T_C_b38_T" "chr11_117260834_T_A_b38_T"
[21] "chr11_117260864_A_G_b38_A" "chr11_117635850_T_C_b38_T"
[23] "chr11_117726266_C_T_b38_C"
74 SNP(s) removed because HWE P < 1e-08 :
 [1] "chr21_31920396_G_A_b38_G" "chr21_31935565_G_C_b38_G"
 [3] "chr21_31935580_T_G_b38_T" "chr21_32134286_A_T_b38_A"
 [5] "chr21_32238948_G_A_b38_G" "chr21_32250914_C_T_b38_C"
 [7] "chr21_32311415_A_C_b38_A" "chr21_32410343_C_T_b38_C"
 [9] "chr21_32432979_G_A_b38_G" "chr21_32432987_A_C_b38_A"
[11] "chr21_32432995_G_A_b38_G" "chr21_32433065_T_A_b38_T"
[13] "chr21_32433084_C_T_b38_C" "chr21_32433553_G_A_b38_G"
[15] "chr21_32433554_C_G_b38_C" "chr21_32433562_T_C_b38_T"
[17] "chr21_32433629_A_G_b38_A" "chr21_32433656_G_A_b38_G"
[19] "chr21_32433663_A_T_b38_A" "chr21_32434706_A_G_b38_A"
[21] "chr21_32434713_T_C_b38_T" "chr21_32434721_A_C_b38_A"
[23] "chr21_32434746_A_C_b38_A" "chr21_32434842_G_A_b38_G"
[25] "chr21_32434867_C_T_b38_C" "chr21_32434878_G_A_b38_G"
[27] "chr21_32434919_T_G_b38_T" "chr21_32434927_C_T_b38_C"
[29] "chr21_32434967_T_G_b38_T" "chr21_32434971_T_C_b38_T"
[31] "chr21_32434992_T_C_b38_T" "chr21_32435003_T_G_b38_T"
[33] "chr21_32435004_T_C_b38_T" "chr21_32435117_A_G_b38_A"
[35] "chr21_32435125_T_C_b38_T" "chr21_32435126_G_C_b38_G"
[37] "chr21_32435133_C_A_b38_C" "chr21_32435360_C_T_b38_C"
[39] "chr21_32435400_A_G_b38_A" "chr21_32435408_T_C_b38_T"
[41] "chr21_32435414_A_G_b38_A" "chr21_32435436_C_T_b38_C"
[43] "chr21_32435462_C_T_b38_C" "chr21_32435661_G_C_b38_G"
[45] "chr21_32435666_T_G_b38_T" "chr21_32435667_A_G_b38_A"
[47] "chr21_32435716_C_T_b38_C" "chr21_32435721_G_A_b38_G"
[49] "chr21_32435728_T_C_b38_T" "chr21_32435763_C_T_b38_C"
[51] "chr21_32435766_A_C_b38_A" "chr21_32435898_C_T_b38_C"
[53] "chr21_32435949_T_A_b38_T" "chr21_32435990_T_A_b38_T"
[55] "chr21_32436019_G_A_b38_G" "chr21_32436447_T_A_b38_T"
[57] "chr21_32436465_A_C_b38_A" "chr21_32436477_T_A_b38_T"
[59] "chr21_32436484_T_C_b38_T" "chr21_32436539_G_A_b38_G"
[61] "chr21_32436627_G_A_b38_G" "chr21_32436628_G_A_b38_G"
[63] "chr21_32436637_A_G_b38_A" "chr21_32436702_C_T_b38_C"
[65] "chr21_32436736_G_A_b38_G" "chr21_32436746_A_G_b38_A"
[67] "chr21_32437187_G_C_b38_G" "chr21_32437224_A_G_b38_A"
[69] "chr21_32437249_C_A_b38_C" "chr21_32437250_G_A_b38_G"
[71] "chr21_32437258_C_G_b38_C" "chr21_32621877_A_T_b38_A"
[73] "chr21_32660622_A_G_b38_A" "chr21_32660624_C_T_b38_C"
86 SNP(s) removed because HWE P < 1e-08 :
 [1] "chr11_12602581_C_A_b38_C" "chr11_12624958_C_A_b38_C"
 [3] "chr11_12709357_A_C_b38_A" "chr11_12711743_G_T_b38_G"
 [5] "chr11_12712147_G_A_b38_G" "chr11_12714195_C_T_b38_C"
 [7] "chr11_12714879_C_G_b38_C" "chr11_12715017_G_A_b38_G"
 [9] "chr11_12715147_C_T_b38_C" "chr11_12715325_A_G_b38_A"
[11] "chr11_12715946_C_T_b38_C" "chr11_12715993_T_C_b38_T"
[13] "chr11_12717103_G_A_b38_G" "chr11_12717141_C_A_b38_C"
[15] "chr11_12722267_A_G_b38_A" "chr11_12722492_G_A_b38_G"
[17] "chr11_12722623_A_G_b38_A" "chr11_12725406_G_A_b38_G"
[19] "chr11_12726375_G_A_b38_G" "chr11_12730213_C_A_b38_C"
[21] "chr11_12731602_A_G_b38_A" "chr11_12750963_G_C_b38_G"
[23] "chr11_12757747_T_C_b38_T" "chr11_12757888_G_T_b38_G"
[25] "chr11_12758617_C_T_b38_C" "chr11_12758709_T_C_b38_T"
[27] "chr11_12759469_G_A_b38_G" "chr11_12775522_G_C_b38_G"
[29] "chr11_12781165_A_G_b38_A" "chr11_12797262_G_A_b38_G"
[31] "chr11_12801705_T_G_b38_T" "chr11_12806545_C_T_b38_C"
[33] "chr11_12810221_C_T_b38_C" "chr11_12820345_A_C_b38_A"
[35] "chr11_12959220_G_C_b38_G" "chr11_13145421_T_C_b38_T"
[37] "chr11_13159063_A_T_b38_A" "chr11_13160043_T_C_b38_T"
[39] "chr11_13161191_T_G_b38_T" "chr11_13162034_C_T_b38_C"
[41] "chr11_13163679_G_A_b38_G" "chr11_13167486_A_G_b38_A"
[43] "chr11_13167824_C_G_b38_C" "chr11_13168039_T_G_b38_T"
[45] "chr11_13168424_A_T_b38_A" "chr11_13168751_C_A_b38_C"
[47] "chr11_13168868_C_G_b38_C" "chr11_13170516_C_T_b38_C"
[49] "chr11_13171300_T_A_b38_T" "chr11_13171711_G_C_b38_G"
[51] "chr11_13172324_A_C_b38_A" "chr11_13172527_T_C_b38_T"
[53] "chr11_13172742_G_A_b38_G" "chr11_13173008_G_A_b38_G"
[55] "chr11_13173311_A_C_b38_A" "chr11_13173332_G_A_b38_G"
[57] "chr11_13173916_G_A_b38_G" "chr11_13174617_C_T_b38_C"
[59] "chr11_13174658_A_G_b38_A" "chr11_13175460_G_T_b38_G"
[61] "chr11_13175491_T_C_b38_T" "chr11_13176427_A_G_b38_A"
[63] "chr11_13176535_G_A_b38_G" "chr11_13176583_C_T_b38_C"
[65] "chr11_13177356_T_C_b38_T" "chr11_13178288_C_T_b38_C"
[67] "chr11_13178878_C_T_b38_C" "chr11_13179392_C_G_b38_C"
[69] "chr11_13179991_G_A_b38_G" "chr11_13180396_T_C_b38_T"
[71] "chr11_13181122_C_T_b38_C" "chr11_13181132_T_A_b38_T"
[73] "chr11_13181163_T_G_b38_T" "chr11_13181254_G_A_b38_G"
[75] "chr11_13181293_C_T_b38_C" "chr11_13181360_G_A_b38_G"
[77] "chr11_13181664_A_G_b38_A" "chr11_13182114_G_A_b38_G"
[79] "chr11_13182203_G_A_b38_G" "chr11_13182610_C_T_b38_C"
[81] "chr11_13182823_T_C_b38_T" "chr11_13183287_G_A_b38_G"
[83] "chr11_13184213_G_A_b38_G" "chr11_13301971_T_C_b38_T"
[85] "chr11_13316281_G_A_b38_G" "chr11_13395112_C_G_b38_C"
32 SNP(s) removed because HWE P < 1e-08 :
 [1] "chr19_17504800_T_C_b38_T" "chr19_17504915_T_C_b38_T"
 [3] "chr19_17583443_G_T_b38_G" "chr19_17666011_C_T_b38_C"
 [5] "chr19_17666078_T_C_b38_T" "chr19_17847808_C_T_b38_C"
 [7] "chr19_17847968_T_C_b38_T" "chr19_17901200_G_T_b38_G"
 [9] "chr19_17908396_T_C_b38_T" "chr19_17924720_G_T_b38_G"
[11] "chr19_17928630_T_C_b38_T" "chr19_18036796_G_A_b38_G"
[13] "chr19_18037080_A_T_b38_A" "chr19_18037381_T_C_b38_T"
[15] "chr19_18037783_T_C_b38_T" "chr19_18039165_G_A_b38_G"
[17] "chr19_18039479_C_T_b38_C" "chr19_18039995_T_C_b38_T"
[19] "chr19_18040092_T_C_b38_T" "chr19_18040429_G_T_b38_G"
[21] "chr19_18040432_G_T_b38_G" "chr19_18042127_C_T_b38_C"
[23] "chr19_18042885_A_G_b38_A" "chr19_18043992_G_C_b38_G"
[25] "chr19_18044231_C_G_b38_C" "chr19_18044266_G_C_b38_G"
[27] "chr19_18251693_G_C_b38_G" "chr19_18260387_C_T_b38_C"
[29] "chr19_18262150_C_G_b38_C" "chr19_18265699_G_A_b38_G"
[31] "chr19_18265970_T_C_b38_T" "chr19_18267871_C_A_b38_C"
6 SNP(s) removed because HWE P < 1e-08 :
[1] "chr13_29549344_C_T_b38_C" "chr13_29949626_G_C_b38_G"
[3] "chr13_30062346_T_C_b38_T" "chr13_30062379_G_C_b38_G"
[5] "chr13_30121793_C_T_b38_C" "chr13_30160356_C_T_b38_C"
106 SNP(s) removed because HWE P < 1e-08 :
  [1] "chr6_32719435_A_G_b38_A" "chr6_32741442_A_G_b38_A"
  [3] "chr6_32741465_C_A_b38_C" "chr6_32741488_T_C_b38_T"
  [5] "chr6_32741489_G_A_b38_G" "chr6_32741503_C_T_b38_C"
  [7] "chr6_32742600_T_C_b38_T" "chr6_32745710_G_A_b38_G"
  [9] "chr6_32745821_T_C_b38_T" "chr6_32745825_T_C_b38_T"
 [11] "chr6_32745831_G_A_b38_G" "chr6_32746391_A_G_b38_A"
 [13] "chr6_32746600_G_C_b38_G" "chr6_32746603_A_C_b38_A"
 [15] "chr6_32746604_A_G_b38_A" "chr6_32746610_A_G_b38_A"
 [17] "chr6_32751370_T_C_b38_T" "chr6_32751372_T_C_b38_T"
 [19] "chr6_32751423_G_T_b38_G" "chr6_32751424_A_G_b38_A"
 [21] "chr6_32751430_T_C_b38_T" "chr6_32757593_C_G_b38_C"
 [23] "chr6_32757600_C_G_b38_C" "chr6_32757607_A_T_b38_A"
 [25] "chr6_32757612_C_A_b38_C" "chr6_32757614_C_T_b38_C"
 [27] "chr6_32757790_C_T_b38_C" "chr6_32757842_T_C_b38_T"
 [29] "chr6_32757843_G_A_b38_G" "chr6_32757848_T_C_b38_T"
 [31] "chr6_32757896_A_C_b38_A" "chr6_32758974_G_A_b38_G"
 [33] "chr6_32758979_A_G_b38_A" "chr6_32758992_A_G_b38_A"
 [35] "chr6_32758995_G_A_b38_G" "chr6_32758997_C_T_b38_C"
 [37] "chr6_32759026_C_T_b38_C" "chr6_32759061_C_T_b38_C"
 [39] "chr6_32759189_C_T_b38_C" "chr6_32759225_A_G_b38_A"
 [41] "chr6_32759227_A_G_b38_A" "chr6_32759237_C_T_b38_C"
 [43] "chr6_32759305_A_G_b38_A" "chr6_32759316_A_T_b38_A"
 [45] "chr6_32759320_C_A_b38_C" "chr6_32759325_T_C_b38_T"
 [47] "chr6_32759747_G_C_b38_G" "chr6_32759760_A_G_b38_A"
 [49] "chr6_32759767_C_T_b38_C" "chr6_32759773_C_T_b38_C"
 [51] "chr6_32759785_G_A_b38_G" "chr6_32759801_C_T_b38_C"
 [53] "chr6_32759802_A_G_b38_A" "chr6_32759808_A_T_b38_A"
 [55] "chr6_32759812_T_C_b38_T" "chr6_32759815_C_T_b38_C"
 [57] "chr6_32759822_G_T_b38_G" "chr6_32759827_T_A_b38_T"
 [59] "chr6_32759839_A_G_b38_A" "chr6_32759880_A_G_b38_A"
 [61] "chr6_32759903_A_T_b38_A" "chr6_32760763_T_A_b38_T"
 [63] "chr6_32760768_C_T_b38_C" "chr6_32760792_C_T_b38_C"
 [65] "chr6_32760810_C_T_b38_C" "chr6_32760811_C_T_b38_C"
 [67] "chr6_32760818_C_T_b38_C" "chr6_32760833_C_T_b38_C"
 [69] "chr6_32760859_C_A_b38_C" "chr6_32760862_C_A_b38_C"
 [71] "chr6_32760865_T_C_b38_T" "chr6_32760875_A_G_b38_A"
 [73] "chr6_32760889_G_A_b38_G" "chr6_32760901_C_T_b38_C"
 [75] "chr6_32760948_G_T_b38_G" "chr6_32760959_T_C_b38_T"
 [77] "chr6_32761010_G_A_b38_G" "chr6_32761014_C_A_b38_C"
 [79] "chr6_32761016_C_T_b38_C" "chr6_32761018_A_T_b38_A"
 [81] "chr6_32761024_G_A_b38_G" "chr6_32761028_T_C_b38_T"
 [83] "chr6_32761065_G_T_b38_G" "chr6_32761069_C_T_b38_C"
 [85] "chr6_32761086_G_A_b38_G" "chr6_32761116_A_G_b38_A"
 [87] "chr6_32761125_C_T_b38_C" "chr6_32761133_T_C_b38_T"
 [89] "chr6_32761169_C_T_b38_C" "chr6_32761188_G_A_b38_G"
 [91] "chr6_32761209_C_T_b38_C" "chr6_32761212_G_A_b38_G"
 [93] "chr6_32761228_G_T_b38_G" "chr6_32761231_G_A_b38_G"
 [95] "chr6_32761232_C_A_b38_C" "chr6_32761243_A_C_b38_A"
 [97] "chr6_32761248_G_A_b38_G" "chr6_32761273_T_C_b38_T"
 [99] "chr6_32761281_A_G_b38_A" "chr6_32761315_A_G_b38_A"
[101] "chr6_32761329_G_A_b38_G" "chr6_32885511_C_G_b38_C"
[103] "chr6_32885519_G_C_b38_G" "chr6_32885530_T_C_b38_T"
[105] "chr6_32885531_G_A_b38_G" "chr6_33421126_A_C_b38_A"
21 SNP(s) removed because HWE P < 1e-08 :
 [1] "chr16_88755112_C_T_b38_C" "chr16_88767066_A_G_b38_A"
 [3] "chr16_88792467_G_A_b38_G" "chr16_88859047_G_C_b38_G"
 [5] "chr16_88967771_G_A_b38_G" "chr16_88968937_G_A_b38_G"
 [7] "chr16_88971947_G_A_b38_G" "chr16_89033614_T_C_b38_T"
 [9] "chr16_89034180_A_C_b38_A" "chr16_89034644_A_G_b38_A"
[11] "chr16_89035077_T_G_b38_T" "chr16_89036891_A_C_b38_A"
[13] "chr16_89039070_G_C_b38_G" "chr16_89040202_A_G_b38_A"
[15] "chr16_89040233_T_C_b38_T" "chr16_89048585_T_G_b38_T"
[17] "chr16_89223504_G_C_b38_G" "chr16_89246255_A_C_b38_A"
[19] "chr16_89314306_A_G_b38_A" "chr16_89323224_A_C_b38_A"
[21] "chr16_89325471_A_T_b38_A"
20 SNP(s) removed because HWE P < 1e-08 :
 [1] "chr17_35379518_A_C_b38_A" "chr17_35442015_G_A_b38_G"
 [3] "chr17_35996816_T_G_b38_T" "chr17_36082933_C_A_b38_C"
 [5] "chr17_36083801_G_C_b38_G" "chr17_36083900_T_A_b38_T"
 [7] "chr17_36109988_G_T_b38_G" "chr17_36111300_G_A_b38_G"
 [9] "chr17_36112019_G_A_b38_G" "chr17_36114883_G_A_b38_G"
[11] "chr17_36152807_C_A_b38_C" "chr17_36160669_C_T_b38_C"
[13] "chr17_36161464_T_G_b38_T" "chr17_36163152_C_T_b38_C"
[15] "chr17_36163256_C_T_b38_C" "chr17_36164185_C_T_b38_C"
[17] "chr17_36165283_A_G_b38_A" "chr17_36165307_T_G_b38_T"
[19] "chr17_36229227_G_A_b38_G" "chr17_36229290_G_T_b38_G"
60 SNP(s) removed because HWE P < 1e-08 :
 [1] "chr2_33054064_C_G_b38_C" "chr2_33055167_G_A_b38_G"
 [3] "chr2_33072703_C_T_b38_C" "chr2_33085940_G_A_b38_G"
 [5] "chr2_33087972_G_A_b38_G" "chr2_33286824_C_G_b38_C"
 [7] "chr2_33371023_T_G_b38_T" "chr2_33431334_T_C_b38_T"
 [9] "chr2_33431637_T_C_b38_T" "chr2_33432529_A_G_b38_A"
[11] "chr2_33432770_C_T_b38_C" "chr2_33432918_A_G_b38_A"
[13] "chr2_33433068_T_C_b38_T" "chr2_33433257_C_A_b38_C"
[15] "chr2_33433303_T_C_b38_T" "chr2_33433437_T_A_b38_T"
[17] "chr2_33433580_A_G_b38_A" "chr2_33434073_C_T_b38_C"
[19] "chr2_33738469_T_C_b38_T" "chr2_33792585_C_A_b38_C"
[21] "chr2_33826187_C_A_b38_C" "chr2_33826189_T_G_b38_T"
[23] "chr2_33826215_G_C_b38_G" "chr2_33826216_A_G_b38_A"
[25] "chr2_33839969_T_C_b38_T" "chr2_33839972_T_G_b38_T"
[27] "chr2_33839979_T_C_b38_T" "chr2_33839980_G_T_b38_G"
[29] "chr2_33839988_A_G_b38_A" "chr2_33840000_T_C_b38_T"
[31] "chr2_33840004_C_T_b38_C" "chr2_33840016_A_C_b38_A"
[33] "chr2_33840017_G_C_b38_G" "chr2_33840022_G_A_b38_G"
[35] "chr2_33840030_T_C_b38_T" "chr2_33840038_T_C_b38_T"
[37] "chr2_33840048_G_C_b38_G" "chr2_33840049_G_A_b38_G"
[39] "chr2_33840082_C_A_b38_C" "chr2_33840086_G_C_b38_G"
[41] "chr2_33840087_C_T_b38_C" "chr2_33840102_T_C_b38_T"
[43] "chr2_33840112_G_A_b38_G" "chr2_33840131_C_A_b38_C"
[45] "chr2_33840313_A_G_b38_A" "chr2_33840318_T_A_b38_T"
[47] "chr2_33840338_T_G_b38_T" "chr2_33840347_C_A_b38_C"
[49] "chr2_33840373_A_C_b38_A" "chr2_33840374_T_C_b38_T"
[51] "chr2_33840420_A_G_b38_A" "chr2_33840444_T_A_b38_T"
[53] "chr2_33840449_T_G_b38_T" "chr2_33840456_A_G_b38_A"
[55] "chr2_33840462_C_T_b38_C" "chr2_33840664_T_A_b38_T"
[57] "chr2_33840668_G_A_b38_G" "chr2_33905605_C_T_b38_C"
[59] "chr2_33911403_A_G_b38_A" "chr2_33911426_A_G_b38_A"
52 SNP(s) removed because HWE P < 1e-08 :
 [1] "chr17_59249127_C_T_b38_C" "chr17_59784140_T_A_b38_T"
 [3] "chr17_59993197_T_C_b38_T" "chr17_60005445_T_C_b38_T"
 [5] "chr17_60005487_T_C_b38_T" "chr17_60006354_T_C_b38_T"
 [7] "chr17_60008491_T_C_b38_T" "chr17_60009142_G_A_b38_G"
 [9] "chr17_60012549_C_G_b38_C" "chr17_60014954_T_C_b38_T"
[11] "chr17_60016491_T_C_b38_T" "chr17_60018024_C_T_b38_C"
[13] "chr17_60018223_C_T_b38_C" "chr17_60018518_G_A_b38_G"
[15] "chr17_60018532_G_A_b38_G" "chr17_60019659_A_G_b38_A"
[17] "chr17_60019993_T_C_b38_T" "chr17_60040068_T_C_b38_T"
[19] "chr17_60101429_G_A_b38_G" "chr17_60126485_G_A_b38_G"
[21] "chr17_60126546_T_C_b38_T" "chr17_60126552_T_C_b38_T"
[23] "chr17_60128778_T_C_b38_T" "chr17_60128890_C_A_b38_C"
[25] "chr17_60128953_C_T_b38_C" "chr17_60130421_A_C_b38_A"
[27] "chr17_60136602_C_G_b38_C" "chr17_60137623_T_C_b38_T"
[29] "chr17_60139146_G_C_b38_G" "chr17_60141292_C_T_b38_C"
[31] "chr17_60141520_A_C_b38_A" "chr17_60146069_G_C_b38_G"
[33] "chr17_60147207_T_C_b38_T" "chr17_60152787_T_C_b38_T"
[35] "chr17_60155018_A_G_b38_A" "chr17_60156155_A_G_b38_A"
[37] "chr17_60157982_C_T_b38_C" "chr17_60161930_T_C_b38_T"
[39] "chr17_60162522_G_T_b38_G" "chr17_60167753_T_C_b38_T"
[41] "chr17_60168833_T_A_b38_T" "chr17_60169778_T_C_b38_T"
[43] "chr17_60170656_G_A_b38_G" "chr17_60172098_G_A_b38_G"
[45] "chr17_60174803_C_T_b38_C" "chr17_60177042_A_G_b38_A"
[47] "chr17_60192269_T_C_b38_T" "chr17_60198633_G_A_b38_G"
[49] "chr17_60200513_G_T_b38_G" "chr17_60202882_G_A_b38_G"
[51] "chr17_60205358_A_G_b38_A" "chr17_60206253_T_G_b38_T"
304 SNP(s) removed because HWE P < 1e-08 :
  [1] "chr20_31051893_C_T_b38_C" "chr20_31051917_C_T_b38_C"
  [3] "chr20_31052107_T_A_b38_T" "chr20_31052207_T_A_b38_T"
  [5] "chr20_31052454_G_C_b38_G" "chr20_31052564_G_C_b38_G"
  [7] "chr20_31052567_T_G_b38_T" "chr20_31052828_G_A_b38_G"
  [9] "chr20_31052962_T_A_b38_T" "chr20_31053811_G_T_b38_G"
 [11] "chr20_31053814_G_A_b38_G" "chr20_31053918_G_A_b38_G"
 [13] "chr20_31053967_T_A_b38_T" "chr20_31054007_T_A_b38_T"
 [15] "chr20_31054009_G_T_b38_G" "chr20_31054089_G_A_b38_G"
 [17] "chr20_31054144_G_A_b38_G" "chr20_31054145_A_G_b38_A"
 [19] "chr20_31054157_T_C_b38_T" "chr20_31054213_G_T_b38_G"
 [21] "chr20_31054237_T_G_b38_T" "chr20_31054251_A_T_b38_A"
 [23] "chr20_31054299_G_T_b38_G" "chr20_31054344_G_A_b38_G"
 [25] "chr20_31054363_G_T_b38_G" "chr20_31054368_G_T_b38_G"
 [27] "chr20_31054495_A_C_b38_A" "chr20_31054503_G_A_b38_G"
 [29] "chr20_31054776_T_A_b38_T" "chr20_31054896_C_G_b38_C"
 [31] "chr20_31055151_T_C_b38_T" "chr20_31055172_G_A_b38_G"
 [33] "chr20_31055185_G_A_b38_G" "chr20_31055306_T_C_b38_T"
 [35] "chr20_31055562_G_T_b38_G" "chr20_31055581_C_T_b38_C"
 [37] "chr20_31055617_G_T_b38_G" "chr20_31055705_A_T_b38_A"
 [39] "chr20_31055778_G_A_b38_G" "chr20_31055858_G_C_b38_G"
 [41] "chr20_31055882_G_C_b38_G" "chr20_31055887_G_A_b38_G"
 [43] "chr20_31055888_G_T_b38_G" "chr20_31055967_G_C_b38_G"
 [45] "chr20_31055969_A_G_b38_A" "chr20_31056273_G_C_b38_G"
 [47] "chr20_31056775_A_G_b38_A" "chr20_31057357_G_A_b38_G"
 [49] "chr20_31057421_T_A_b38_T" "chr20_31057518_G_C_b38_G"
 [51] "chr20_31058709_T_C_b38_T" "chr20_31058841_G_C_b38_G"
 [53] "chr20_31058907_C_A_b38_C" "chr20_31058961_G_C_b38_G"
 [55] "chr20_31058966_C_G_b38_C" "chr20_31059037_A_G_b38_A"
 [57] "chr20_31059129_T_A_b38_T" "chr20_31059321_G_C_b38_G"
 [59] "chr20_31059345_C_A_b38_C" "chr20_31059399_T_A_b38_T"
 [61] "chr20_31059449_T_C_b38_T" "chr20_31059556_G_A_b38_G"
 [63] "chr20_31059561_G_C_b38_G" "chr20_31059614_T_A_b38_T"
 [65] "chr20_31059840_C_G_b38_C" "chr20_31060433_C_T_b38_C"
 [67] "chr20_31060455_G_C_b38_G" "chr20_31060458_T_C_b38_T"
 [69] "chr20_31060518_T_A_b38_T" "chr20_31060518_T_G_b38_T"
 [71] "chr20_31060535_A_G_b38_A" "chr20_31060561_A_T_b38_A"
 [73] "chr20_31060569_G_T_b38_G" "chr20_31060603_C_T_b38_C"
 [75] "chr20_31060605_G_T_b38_G" "chr20_31060614_T_A_b38_T"
 [77] "chr20_31060638_T_C_b38_T" "chr20_31060640_G_A_b38_G"
 [79] "chr20_31060647_C_A_b38_C" "chr20_31060739_G_C_b38_G"
 [81] "chr20_31060861_A_G_b38_A" "chr20_31060894_G_A_b38_G"
 [83] "chr20_31060984_G_T_b38_G" "chr20_31061037_A_G_b38_A"
 [85] "chr20_31061051_A_C_b38_A" "chr20_31061095_G_T_b38_G"
 [87] "chr20_31061196_A_T_b38_A" "chr20_31061283_T_C_b38_T"
 [89] "chr20_31061299_G_C_b38_G" "chr20_31061454_G_T_b38_G"
 [91] "chr20_31061534_G_T_b38_G" "chr20_31061580_G_A_b38_G"
 [93] "chr20_31061628_T_C_b38_T" "chr20_31061905_G_A_b38_G"
 [95] "chr20_31061999_G_A_b38_G" "chr20_31062301_A_T_b38_A"
 [97] "chr20_31062560_G_T_b38_G" "chr20_31062579_C_T_b38_C"
 [99] "chr20_31062643_C_T_b38_C" "chr20_31062695_G_A_b38_G"
[101] "chr20_31062774_T_A_b38_T" "chr20_31062794_G_A_b38_G"
[103] "chr20_31062840_G_C_b38_G" "chr20_31062858_C_A_b38_C"
[105] "chr20_31062902_A_C_b38_A" "chr20_31063004_G_T_b38_G"
[107] "chr20_31063578_T_A_b38_T" "chr20_31063620_C_A_b38_C"
[109] "chr20_31063787_C_T_b38_C" "chr20_31063883_T_G_b38_T"
[111] "chr20_31064183_T_C_b38_T" "chr20_31064254_G_A_b38_G"
[113] "chr20_31064255_C_A_b38_C" "chr20_31064265_G_C_b38_G"
[115] "chr20_31064295_G_A_b38_G" "chr20_31064315_G_T_b38_G"
[117] "chr20_31064324_C_A_b38_C" "chr20_31064328_T_A_b38_T"
[119] "chr20_31064360_A_C_b38_A" "chr20_31064365_G_A_b38_G"
[121] "chr20_31064398_A_T_b38_A" "chr20_31064402_A_T_b38_A"
[123] "chr20_31064413_T_C_b38_T" "chr20_31064466_A_C_b38_A"
[125] "chr20_31064480_C_G_b38_C" "chr20_31064528_G_A_b38_G"
[127] "chr20_31064537_A_T_b38_A" "chr20_31064622_A_G_b38_A"
[129] "chr20_31064715_G_C_b38_G" "chr20_31064775_G_A_b38_G"
[131] "chr20_31064818_T_A_b38_T" "chr20_31064820_G_T_b38_G"
[133] "chr20_31064879_G_C_b38_G" "chr20_31065213_T_C_b38_T"
[135] "chr20_31065510_G_C_b38_G" "chr20_31065549_G_C_b38_G"
[137] "chr20_31065555_G_C_b38_G" "chr20_31065633_C_A_b38_C"
[139] "chr20_31065713_T_C_b38_T" "chr20_31065836_A_T_b38_A"
[141] "chr20_31065888_C_A_b38_C" "chr20_31065954_G_A_b38_G"
[143] "chr20_31066475_A_C_b38_A" "chr20_31066883_A_C_b38_A"
[145] "chr20_31066895_T_A_b38_T" "chr20_31066900_T_A_b38_T"
[147] "chr20_31066947_G_T_b38_G" "chr20_31067056_A_G_b38_A"
[149] "chr20_31067062_G_C_b38_G" "chr20_31067066_G_A_b38_G"
[151] "chr20_31067122_C_G_b38_C" "chr20_31067125_G_T_b38_G"
[153] "chr20_31067128_C_A_b38_C" "chr20_31067135_T_A_b38_T"
[155] "chr20_31067172_G_C_b38_G" "chr20_31067182_G_C_b38_G"
[157] "chr20_31067272_G_C_b38_G" "chr20_31067280_T_A_b38_T"
[159] "chr20_31067290_T_A_b38_T" "chr20_31067295_T_C_b38_T"
[161] "chr20_31067296_G_A_b38_G" "chr20_31067299_A_T_b38_A"
[163] "chr20_31067305_T_C_b38_T" "chr20_31067472_A_G_b38_A"
[165] "chr20_31068096_G_C_b38_G" "chr20_31068109_T_C_b38_T"
[167] "chr20_31068183_G_A_b38_G" "chr20_31068186_G_A_b38_G"
[169] "chr20_31068206_G_C_b38_G" "chr20_31068291_G_A_b38_G"
[171] "chr20_31068310_G_A_b38_G" "chr20_31068316_G_C_b38_G"
[173] "chr20_31068325_G_C_b38_G" "chr20_31068326_G_A_b38_G"
[175] "chr20_31068331_G_C_b38_G" "chr20_31068332_A_T_b38_A"
[177] "chr20_31068380_G_T_b38_G" "chr20_31068381_G_C_b38_G"
[179] "chr20_31068426_G_T_b38_G" "chr20_31068471_G_C_b38_G"
[181] "chr20_31068505_G_T_b38_G" "chr20_31068506_G_T_b38_G"
[183] "chr20_31068518_C_A_b38_C" "chr20_31068521_G_A_b38_G"
[185] "chr20_31068525_G_C_b38_G" "chr20_31068530_G_C_b38_G"
[187] "chr20_31068535_G_A_b38_G" "chr20_31068540_G_C_b38_G"
[189] "chr20_31068551_G_A_b38_G" "chr20_31068733_T_G_b38_T"
[191] "chr20_31068734_G_T_b38_G" "chr20_31068855_G_A_b38_G"
[193] "chr20_31068869_G_T_b38_G" "chr20_31068885_A_C_b38_A"
[195] "chr20_31068983_T_C_b38_T" "chr20_31068983_T_G_b38_T"
[197] "chr20_31069015_G_C_b38_G" "chr20_31069020_G_C_b38_G"
[199] "chr20_31069030_C_T_b38_C" "chr20_31069033_T_C_b38_T"
[201] "chr20_31069076_A_C_b38_A" "chr20_31069080_G_C_b38_G"
[203] "chr20_31069169_G_C_b38_G" "chr20_31069170_G_A_b38_G"
[205] "chr20_31069216_A_C_b38_A" "chr20_31069226_A_G_b38_A"
[207] "chr20_31069228_T_A_b38_T" "chr20_31069792_T_C_b38_T"
[209] "chr20_31069883_G_A_b38_G" "chr20_31070494_A_T_b38_A"
[211] "chr20_31070604_A_G_b38_A" "chr20_31070818_A_C_b38_A"
[213] "chr20_31070977_G_C_b38_G" "chr20_31071031_C_A_b38_C"
[215] "chr20_31071060_T_A_b38_T" "chr20_31071075_T_A_b38_T"
[217] "chr20_31071117_G_T_b38_G" "chr20_31071146_G_A_b38_G"
[219] "chr20_31071147_A_C_b38_A" "chr20_31071357_A_G_b38_A"
[221] "chr20_31071369_G_T_b38_G" "chr20_31071413_T_C_b38_T"
[223] "chr20_31071441_A_T_b38_A" "chr20_31071445_G_A_b38_G"
[225] "chr20_31071462_A_G_b38_A" "chr20_31071514_G_T_b38_G"
[227] "chr20_31072107_G_T_b38_G" "chr20_31072135_G_C_b38_G"
[229] "chr20_31072288_A_T_b38_A" "chr20_31072297_A_T_b38_A"
[231] "chr20_31072424_G_C_b38_G" "chr20_31072438_C_A_b38_C"
[233] "chr20_31072505_G_A_b38_G" "chr20_31072580_G_C_b38_G"
[235] "chr20_31072588_T_C_b38_T" "chr20_31072633_T_A_b38_T"
[237] "chr20_31072679_G_A_b38_G" "chr20_31072688_T_A_b38_T"
[239] "chr20_31072698_T_G_b38_T" "chr20_31072733_T_A_b38_T"
[241] "chr20_31072734_G_T_b38_G" "chr20_31072828_T_A_b38_T"
[243] "chr20_31072874_G_A_b38_G" "chr20_31073250_G_T_b38_G"
[245] "chr20_31073251_A_C_b38_A" "chr20_31073460_G_A_b38_G"
[247] "chr20_31073752_C_A_b38_C" "chr20_31073816_A_C_b38_A"
[249] "chr20_31073830_G_C_b38_G" "chr20_31073924_A_G_b38_A"
[251] "chr20_31073928_A_T_b38_A" "chr20_31074236_A_G_b38_A"
[253] "chr20_31074300_G_C_b38_G" "chr20_31074348_C_A_b38_C"
[255] "chr20_31074429_G_C_b38_G" "chr20_31074440_G_T_b38_G"
[257] "chr20_31074590_G_C_b38_G" "chr20_31074913_G_T_b38_G"
[259] "chr20_31074984_A_T_b38_A" "chr20_31075106_T_A_b38_T"
[261] "chr20_31075232_G_T_b38_G" "chr20_31075287_G_T_b38_G"
[263] "chr20_31075418_G_C_b38_G" "chr20_31075422_G_T_b38_G"
[265] "chr20_31075432_G_C_b38_G" "chr20_31075433_G_C_b38_G"
[267] "chr20_31075436_T_G_b38_T" "chr20_31075512_G_T_b38_G"
[269] "chr20_31075519_A_C_b38_A" "chr20_31075548_A_C_b38_A"
[271] "chr20_31075556_T_A_b38_T" "chr20_31075565_A_G_b38_A"
[273] "chr20_31075603_G_C_b38_G" "chr20_31075623_G_A_b38_G"
[275] "chr20_31075636_C_T_b38_C" "chr20_31075642_G_A_b38_G"
[277] "chr20_31075725_C_A_b38_C" "chr20_31075771_T_A_b38_T"
[279] "chr20_31075776_T_A_b38_T" "chr20_31075782_G_C_b38_G"
[281] "chr20_31075784_A_G_b38_A" "chr20_31075792_G_A_b38_G"
[283] "chr20_31075803_G_C_b38_G" "chr20_31075808_G_C_b38_G"
[285] "chr20_31075840_T_A_b38_T" "chr20_31075857_G_T_b38_G"
[287] "chr20_31075911_G_C_b38_G" "chr20_31075917_G_A_b38_G"
[289] "chr20_31075927_G_A_b38_G" "chr20_31161802_C_T_b38_C"
[291] "chr20_31161981_T_A_b38_T" "chr20_31186866_G_A_b38_G"
[293] "chr20_31187051_G_A_b38_G" "chr20_31334501_G_A_b38_G"
[295] "chr20_31342179_A_T_b38_A" "chr20_31351271_T_C_b38_T"
[297] "chr20_31388600_A_T_b38_A" "chr20_31426398_T_C_b38_T"
[299] "chr20_31426449_G_A_b38_G" "chr20_31511413_T_A_b38_T"
[301] "chr20_31730458_G_A_b38_G" "chr20_31730461_C_T_b38_C"
[303] "chr20_31730462_A_G_b38_A" "chr20_31730469_C_T_b38_C"
91 SNP(s) removed because HWE P < 1e-08 :
 [1] "chr6_31337058_G_C_b38_G" "chr6_31337066_C_T_b38_C"
 [3] "chr6_31337067_A_G_b38_A" "chr6_31337084_G_A_b38_G"
 [5] "chr6_31337091_C_A_b38_C" "chr6_31337095_G_T_b38_G"
 [7] "chr6_31337101_A_G_b38_A" "chr6_31337132_G_T_b38_G"
 [9] "chr6_31337156_C_G_b38_C" "chr6_31337170_A_G_b38_A"
[11] "chr6_31337178_A_G_b38_A" "chr6_31337183_A_G_b38_A"
[13] "chr6_31337198_A_G_b38_A" "chr6_31337214_A_T_b38_A"
[15] "chr6_31337223_C_T_b38_C" "chr6_31337238_T_C_b38_T"
[17] "chr6_31337251_A_C_b38_A" "chr6_31337269_A_G_b38_A"
[19] "chr6_31337311_A_C_b38_A" "chr6_31337333_G_T_b38_G"
[21] "chr6_31337340_T_C_b38_T" "chr6_31337347_A_G_b38_A"
[23] "chr6_31337376_G_A_b38_G" "chr6_31337551_C_G_b38_C"
[25] "chr6_31338945_A_G_b38_A" "chr6_31353869_A_G_b38_A"
[27] "chr6_31353909_A_C_b38_A" "chr6_31354026_G_A_b38_G"
[29] "chr6_31354030_G_A_b38_G" "chr6_31354067_C_T_b38_C"
[31] "chr6_31354079_A_G_b38_A" "chr6_31356598_G_T_b38_G"
[33] "chr6_31374164_A_G_b38_A" "chr6_31389221_C_T_b38_C"
[35] "chr6_31389614_A_T_b38_A" "chr6_31389618_G_A_b38_G"
[37] "chr6_31389635_G_C_b38_G" "chr6_31389636_G_A_b38_G"
[39] "chr6_31389668_C_T_b38_C" "chr6_31389712_C_T_b38_C"
[41] "chr6_31389749_G_A_b38_G" "chr6_31390394_A_G_b38_A"
[43] "chr6_31390514_T_C_b38_T" "chr6_31390556_C_T_b38_C"
[45] "chr6_31390557_G_A_b38_G" "chr6_31391137_T_C_b38_T"
[47] "chr6_31391141_A_G_b38_A" "chr6_31391246_G_A_b38_G"
[49] "chr6_31391474_G_A_b38_G" "chr6_31485340_A_C_b38_A"
[51] "chr6_31485379_G_A_b38_G" "chr6_31485515_C_T_b38_C"
[53] "chr6_31485516_T_G_b38_T" "chr6_31486964_G_A_b38_G"
[55] "chr6_31487429_C_T_b38_C" "chr6_31487471_C_T_b38_C"
[57] "chr6_31487472_G_A_b38_G" "chr6_31487517_C_G_b38_C"
[59] "chr6_31487535_C_T_b38_C" "chr6_31487563_C_T_b38_C"
[61] "chr6_31487603_G_A_b38_G" "chr6_31487768_T_C_b38_T"
[63] "chr6_31487826_C_T_b38_C" "chr6_31487853_G_C_b38_G"
[65] "chr6_31487887_T_C_b38_T" "chr6_31487893_A_G_b38_A"
[67] "chr6_31487922_C_T_b38_C" "chr6_31487927_T_C_b38_T"
[69] "chr6_31487942_G_C_b38_G" "chr6_31487944_A_G_b38_A"
[71] "chr6_31487966_A_C_b38_A" "chr6_31487990_A_G_b38_A"
[73] "chr6_31488052_C_T_b38_C" "chr6_31488056_A_G_b38_A"
[75] "chr6_31488297_C_T_b38_C" "chr6_31488322_T_G_b38_T"
[77] "chr6_31488327_G_A_b38_G" "chr6_31488331_G_A_b38_G"
[79] "chr6_31489443_C_T_b38_C" "chr6_31489458_C_A_b38_C"
[81] "chr6_31489461_T_C_b38_T" "chr6_31489526_A_C_b38_A"
[83] "chr6_31489566_T_C_b38_T" "chr6_31489567_G_A_b38_G"
[85] "chr6_31489609_G_A_b38_G" "chr6_31489706_G_A_b38_G"
[87] "chr6_31489750_C_T_b38_C" "chr6_31855288_G_A_b38_G"
[89] "chr6_31899536_A_C_b38_A" "chr6_32029823_C_G_b38_C"
[91] "chr6_32037078_G_A_b38_G"
13 SNP(s) removed because HWE P < 1e-08 :
 [1] "chr11_20044233_C_G_b38_C" "chr11_20106755_G_A_b38_G"
 [3] "chr11_20106816_T_C_b38_T" "chr11_20107529_G_A_b38_G"
 [5] "chr11_20278531_T_C_b38_T" "chr11_20617233_C_A_b38_C"
 [7] "chr11_20617246_A_G_b38_A" "chr11_20617286_G_A_b38_G"
 [9] "chr11_20617516_G_A_b38_G" "chr11_20617919_A_C_b38_A"
[11] "chr11_20645035_A_G_b38_A" "chr11_20720566_C_G_b38_C"
[13] "chr11_20880373_C_G_b38_C"
13 SNP(s) removed because HWE P < 1e-08 :
 [1] "chr11_20044233_C_G_b38_C" "chr11_20106755_G_A_b38_G"
 [3] "chr11_20106816_T_C_b38_T" "chr11_20107529_G_A_b38_G"
 [5] "chr11_20278531_T_C_b38_T" "chr11_20617233_C_A_b38_C"
 [7] "chr11_20617246_A_G_b38_A" "chr11_20617286_G_A_b38_G"
 [9] "chr11_20617516_G_A_b38_G" "chr11_20617919_A_C_b38_A"
[11] "chr11_20645035_A_G_b38_A" "chr11_20720566_C_G_b38_C"
[13] "chr11_20880373_C_G_b38_C"
304 SNP(s) removed because HWE P < 1e-08 :
  [1] "chr20_31051893_C_T_b38_C" "chr20_31051917_C_T_b38_C"
  [3] "chr20_31052107_T_A_b38_T" "chr20_31052207_T_A_b38_T"
  [5] "chr20_31052454_G_C_b38_G" "chr20_31052564_G_C_b38_G"
  [7] "chr20_31052567_T_G_b38_T" "chr20_31052828_G_A_b38_G"
  [9] "chr20_31052962_T_A_b38_T" "chr20_31053811_G_T_b38_G"
 [11] "chr20_31053814_G_A_b38_G" "chr20_31053918_G_A_b38_G"
 [13] "chr20_31053967_T_A_b38_T" "chr20_31054007_T_A_b38_T"
 [15] "chr20_31054009_G_T_b38_G" "chr20_31054089_G_A_b38_G"
 [17] "chr20_31054144_G_A_b38_G" "chr20_31054145_A_G_b38_A"
 [19] "chr20_31054157_T_C_b38_T" "chr20_31054213_G_T_b38_G"
 [21] "chr20_31054237_T_G_b38_T" "chr20_31054251_A_T_b38_A"
 [23] "chr20_31054299_G_T_b38_G" "chr20_31054344_G_A_b38_G"
 [25] "chr20_31054363_G_T_b38_G" "chr20_31054368_G_T_b38_G"
 [27] "chr20_31054495_A_C_b38_A" "chr20_31054503_G_A_b38_G"
 [29] "chr20_31054776_T_A_b38_T" "chr20_31054896_C_G_b38_C"
 [31] "chr20_31055151_T_C_b38_T" "chr20_31055172_G_A_b38_G"
 [33] "chr20_31055185_G_A_b38_G" "chr20_31055306_T_C_b38_T"
 [35] "chr20_31055562_G_T_b38_G" "chr20_31055581_C_T_b38_C"
 [37] "chr20_31055617_G_T_b38_G" "chr20_31055705_A_T_b38_A"
 [39] "chr20_31055778_G_A_b38_G" "chr20_31055858_G_C_b38_G"
 [41] "chr20_31055882_G_C_b38_G" "chr20_31055887_G_A_b38_G"
 [43] "chr20_31055888_G_T_b38_G" "chr20_31055967_G_C_b38_G"
 [45] "chr20_31055969_A_G_b38_A" "chr20_31056273_G_C_b38_G"
 [47] "chr20_31056775_A_G_b38_A" "chr20_31057357_G_A_b38_G"
 [49] "chr20_31057421_T_A_b38_T" "chr20_31057518_G_C_b38_G"
 [51] "chr20_31058709_T_C_b38_T" "chr20_31058841_G_C_b38_G"
 [53] "chr20_31058907_C_A_b38_C" "chr20_31058961_G_C_b38_G"
 [55] "chr20_31058966_C_G_b38_C" "chr20_31059037_A_G_b38_A"
 [57] "chr20_31059129_T_A_b38_T" "chr20_31059321_G_C_b38_G"
 [59] "chr20_31059345_C_A_b38_C" "chr20_31059399_T_A_b38_T"
 [61] "chr20_31059449_T_C_b38_T" "chr20_31059556_G_A_b38_G"
 [63] "chr20_31059561_G_C_b38_G" "chr20_31059614_T_A_b38_T"
 [65] "chr20_31059840_C_G_b38_C" "chr20_31060433_C_T_b38_C"
 [67] "chr20_31060455_G_C_b38_G" "chr20_31060458_T_C_b38_T"
 [69] "chr20_31060518_T_A_b38_T" "chr20_31060518_T_G_b38_T"
 [71] "chr20_31060535_A_G_b38_A" "chr20_31060561_A_T_b38_A"
 [73] "chr20_31060569_G_T_b38_G" "chr20_31060603_C_T_b38_C"
 [75] "chr20_31060605_G_T_b38_G" "chr20_31060614_T_A_b38_T"
 [77] "chr20_31060638_T_C_b38_T" "chr20_31060640_G_A_b38_G"
 [79] "chr20_31060647_C_A_b38_C" "chr20_31060739_G_C_b38_G"
 [81] "chr20_31060861_A_G_b38_A" "chr20_31060894_G_A_b38_G"
 [83] "chr20_31060984_G_T_b38_G" "chr20_31061037_A_G_b38_A"
 [85] "chr20_31061051_A_C_b38_A" "chr20_31061095_G_T_b38_G"
 [87] "chr20_31061196_A_T_b38_A" "chr20_31061283_T_C_b38_T"
 [89] "chr20_31061299_G_C_b38_G" "chr20_31061454_G_T_b38_G"
 [91] "chr20_31061534_G_T_b38_G" "chr20_31061580_G_A_b38_G"
 [93] "chr20_31061628_T_C_b38_T" "chr20_31061905_G_A_b38_G"
 [95] "chr20_31061999_G_A_b38_G" "chr20_31062301_A_T_b38_A"
 [97] "chr20_31062560_G_T_b38_G" "chr20_31062579_C_T_b38_C"
 [99] "chr20_31062643_C_T_b38_C" "chr20_31062695_G_A_b38_G"
[101] "chr20_31062774_T_A_b38_T" "chr20_31062794_G_A_b38_G"
[103] "chr20_31062840_G_C_b38_G" "chr20_31062858_C_A_b38_C"
[105] "chr20_31062902_A_C_b38_A" "chr20_31063004_G_T_b38_G"
[107] "chr20_31063578_T_A_b38_T" "chr20_31063620_C_A_b38_C"
[109] "chr20_31063787_C_T_b38_C" "chr20_31063883_T_G_b38_T"
[111] "chr20_31064183_T_C_b38_T" "chr20_31064254_G_A_b38_G"
[113] "chr20_31064255_C_A_b38_C" "chr20_31064265_G_C_b38_G"
[115] "chr20_31064295_G_A_b38_G" "chr20_31064315_G_T_b38_G"
[117] "chr20_31064324_C_A_b38_C" "chr20_31064328_T_A_b38_T"
[119] "chr20_31064360_A_C_b38_A" "chr20_31064365_G_A_b38_G"
[121] "chr20_31064398_A_T_b38_A" "chr20_31064402_A_T_b38_A"
[123] "chr20_31064413_T_C_b38_T" "chr20_31064466_A_C_b38_A"
[125] "chr20_31064480_C_G_b38_C" "chr20_31064528_G_A_b38_G"
[127] "chr20_31064537_A_T_b38_A" "chr20_31064622_A_G_b38_A"
[129] "chr20_31064715_G_C_b38_G" "chr20_31064775_G_A_b38_G"
[131] "chr20_31064818_T_A_b38_T" "chr20_31064820_G_T_b38_G"
[133] "chr20_31064879_G_C_b38_G" "chr20_31065213_T_C_b38_T"
[135] "chr20_31065510_G_C_b38_G" "chr20_31065549_G_C_b38_G"
[137] "chr20_31065555_G_C_b38_G" "chr20_31065633_C_A_b38_C"
[139] "chr20_31065713_T_C_b38_T" "chr20_31065836_A_T_b38_A"
[141] "chr20_31065888_C_A_b38_C" "chr20_31065954_G_A_b38_G"
[143] "chr20_31066475_A_C_b38_A" "chr20_31066883_A_C_b38_A"
[145] "chr20_31066895_T_A_b38_T" "chr20_31066900_T_A_b38_T"
[147] "chr20_31066947_G_T_b38_G" "chr20_31067056_A_G_b38_A"
[149] "chr20_31067062_G_C_b38_G" "chr20_31067066_G_A_b38_G"
[151] "chr20_31067122_C_G_b38_C" "chr20_31067125_G_T_b38_G"
[153] "chr20_31067128_C_A_b38_C" "chr20_31067135_T_A_b38_T"
[155] "chr20_31067172_G_C_b38_G" "chr20_31067182_G_C_b38_G"
[157] "chr20_31067272_G_C_b38_G" "chr20_31067280_T_A_b38_T"
[159] "chr20_31067290_T_A_b38_T" "chr20_31067295_T_C_b38_T"
[161] "chr20_31067296_G_A_b38_G" "chr20_31067299_A_T_b38_A"
[163] "chr20_31067305_T_C_b38_T" "chr20_31067472_A_G_b38_A"
[165] "chr20_31068096_G_C_b38_G" "chr20_31068109_T_C_b38_T"
[167] "chr20_31068183_G_A_b38_G" "chr20_31068186_G_A_b38_G"
[169] "chr20_31068206_G_C_b38_G" "chr20_31068291_G_A_b38_G"
[171] "chr20_31068310_G_A_b38_G" "chr20_31068316_G_C_b38_G"
[173] "chr20_31068325_G_C_b38_G" "chr20_31068326_G_A_b38_G"
[175] "chr20_31068331_G_C_b38_G" "chr20_31068332_A_T_b38_A"
[177] "chr20_31068380_G_T_b38_G" "chr20_31068381_G_C_b38_G"
[179] "chr20_31068426_G_T_b38_G" "chr20_31068471_G_C_b38_G"
[181] "chr20_31068505_G_T_b38_G" "chr20_31068506_G_T_b38_G"
[183] "chr20_31068518_C_A_b38_C" "chr20_31068521_G_A_b38_G"
[185] "chr20_31068525_G_C_b38_G" "chr20_31068530_G_C_b38_G"
[187] "chr20_31068535_G_A_b38_G" "chr20_31068540_G_C_b38_G"
[189] "chr20_31068551_G_A_b38_G" "chr20_31068733_T_G_b38_T"
[191] "chr20_31068734_G_T_b38_G" "chr20_31068855_G_A_b38_G"
[193] "chr20_31068869_G_T_b38_G" "chr20_31068885_A_C_b38_A"
[195] "chr20_31068983_T_C_b38_T" "chr20_31068983_T_G_b38_T"
[197] "chr20_31069015_G_C_b38_G" "chr20_31069020_G_C_b38_G"
[199] "chr20_31069030_C_T_b38_C" "chr20_31069033_T_C_b38_T"
[201] "chr20_31069076_A_C_b38_A" "chr20_31069080_G_C_b38_G"
[203] "chr20_31069169_G_C_b38_G" "chr20_31069170_G_A_b38_G"
[205] "chr20_31069216_A_C_b38_A" "chr20_31069226_A_G_b38_A"
[207] "chr20_31069228_T_A_b38_T" "chr20_31069792_T_C_b38_T"
[209] "chr20_31069883_G_A_b38_G" "chr20_31070494_A_T_b38_A"
[211] "chr20_31070604_A_G_b38_A" "chr20_31070818_A_C_b38_A"
[213] "chr20_31070977_G_C_b38_G" "chr20_31071031_C_A_b38_C"
[215] "chr20_31071060_T_A_b38_T" "chr20_31071075_T_A_b38_T"
[217] "chr20_31071117_G_T_b38_G" "chr20_31071146_G_A_b38_G"
[219] "chr20_31071147_A_C_b38_A" "chr20_31071357_A_G_b38_A"
[221] "chr20_31071369_G_T_b38_G" "chr20_31071413_T_C_b38_T"
[223] "chr20_31071441_A_T_b38_A" "chr20_31071445_G_A_b38_G"
[225] "chr20_31071462_A_G_b38_A" "chr20_31071514_G_T_b38_G"
[227] "chr20_31072107_G_T_b38_G" "chr20_31072135_G_C_b38_G"
[229] "chr20_31072288_A_T_b38_A" "chr20_31072297_A_T_b38_A"
[231] "chr20_31072424_G_C_b38_G" "chr20_31072438_C_A_b38_C"
[233] "chr20_31072505_G_A_b38_G" "chr20_31072580_G_C_b38_G"
[235] "chr20_31072588_T_C_b38_T" "chr20_31072633_T_A_b38_T"
[237] "chr20_31072679_G_A_b38_G" "chr20_31072688_T_A_b38_T"
[239] "chr20_31072698_T_G_b38_T" "chr20_31072733_T_A_b38_T"
[241] "chr20_31072734_G_T_b38_G" "chr20_31072828_T_A_b38_T"
[243] "chr20_31072874_G_A_b38_G" "chr20_31073250_G_T_b38_G"
[245] "chr20_31073251_A_C_b38_A" "chr20_31073460_G_A_b38_G"
[247] "chr20_31073752_C_A_b38_C" "chr20_31073816_A_C_b38_A"
[249] "chr20_31073830_G_C_b38_G" "chr20_31073924_A_G_b38_A"
[251] "chr20_31073928_A_T_b38_A" "chr20_31074236_A_G_b38_A"
[253] "chr20_31074300_G_C_b38_G" "chr20_31074348_C_A_b38_C"
[255] "chr20_31074429_G_C_b38_G" "chr20_31074440_G_T_b38_G"
[257] "chr20_31074590_G_C_b38_G" "chr20_31074913_G_T_b38_G"
[259] "chr20_31074984_A_T_b38_A" "chr20_31075106_T_A_b38_T"
[261] "chr20_31075232_G_T_b38_G" "chr20_31075287_G_T_b38_G"
[263] "chr20_31075418_G_C_b38_G" "chr20_31075422_G_T_b38_G"
[265] "chr20_31075432_G_C_b38_G" "chr20_31075433_G_C_b38_G"
[267] "chr20_31075436_T_G_b38_T" "chr20_31075512_G_T_b38_G"
[269] "chr20_31075519_A_C_b38_A" "chr20_31075548_A_C_b38_A"
[271] "chr20_31075556_T_A_b38_T" "chr20_31075565_A_G_b38_A"
[273] "chr20_31075603_G_C_b38_G" "chr20_31075623_G_A_b38_G"
[275] "chr20_31075636_C_T_b38_C" "chr20_31075642_G_A_b38_G"
[277] "chr20_31075725_C_A_b38_C" "chr20_31075771_T_A_b38_T"
[279] "chr20_31075776_T_A_b38_T" "chr20_31075782_G_C_b38_G"
[281] "chr20_31075784_A_G_b38_A" "chr20_31075792_G_A_b38_G"
[283] "chr20_31075803_G_C_b38_G" "chr20_31075808_G_C_b38_G"
[285] "chr20_31075840_T_A_b38_T" "chr20_31075857_G_T_b38_G"
[287] "chr20_31075911_G_C_b38_G" "chr20_31075917_G_A_b38_G"
[289] "chr20_31075927_G_A_b38_G" "chr20_31161802_C_T_b38_C"
[291] "chr20_31161981_T_A_b38_T" "chr20_31186866_G_A_b38_G"
[293] "chr20_31187051_G_A_b38_G" "chr20_31334501_G_A_b38_G"
[295] "chr20_31342179_A_T_b38_A" "chr20_31351271_T_C_b38_T"
[297] "chr20_31388600_A_T_b38_A" "chr20_31426398_T_C_b38_T"
[299] "chr20_31426449_G_A_b38_G" "chr20_31511413_T_A_b38_T"
[301] "chr20_31730458_G_A_b38_G" "chr20_31730461_C_T_b38_C"
[303] "chr20_31730462_A_G_b38_A" "chr20_31730469_C_T_b38_C"
69 SNP(s) removed because HWE P < 1e-08 :
 [1] "chr8_81253423_T_C_b38_T" "chr8_81281143_C_T_b38_C"
 [3] "chr8_81289273_A_T_b38_A" "chr8_81297255_A_G_b38_A"
 [5] "chr8_81299436_C_T_b38_C" "chr8_81300344_T_C_b38_T"
 [7] "chr8_81325559_T_C_b38_T" "chr8_81327049_C_G_b38_C"
 [9] "chr8_81327156_T_G_b38_T" "chr8_81327252_A_G_b38_A"
[11] "chr8_81327333_T_C_b38_T" "chr8_81327394_A_G_b38_A"
[13] "chr8_81328362_A_G_b38_A" "chr8_81328531_C_A_b38_C"
[15] "chr8_81329064_T_A_b38_T" "chr8_81329094_T_G_b38_T"
[17] "chr8_81329957_C_T_b38_C" "chr8_81330786_A_G_b38_A"
[19] "chr8_81330873_T_C_b38_T" "chr8_81331043_A_C_b38_A"
[21] "chr8_81331131_T_C_b38_T" "chr8_81331608_C_T_b38_C"
[23] "chr8_81331614_C_T_b38_C" "chr8_81331709_T_G_b38_T"
[25] "chr8_81331864_A_G_b38_A" "chr8_81331877_C_T_b38_C"
[27] "chr8_81332098_G_A_b38_G" "chr8_81332283_A_G_b38_A"
[29] "chr8_81332524_C_T_b38_C" "chr8_81332904_A_T_b38_A"
[31] "chr8_81332906_C_T_b38_C" "chr8_81333125_G_A_b38_G"
[33] "chr8_81333194_G_T_b38_G" "chr8_81333216_T_C_b38_T"
[35] "chr8_81333791_C_T_b38_C" "chr8_81334313_T_C_b38_T"
[37] "chr8_81335686_A_G_b38_A" "chr8_81336303_C_T_b38_C"
[39] "chr8_81464464_C_T_b38_C" "chr8_81468508_A_T_b38_A"
[41] "chr8_81468888_A_G_b38_A" "chr8_81469332_T_C_b38_T"
[43] "chr8_81469415_G_A_b38_G" "chr8_81470506_G_A_b38_G"
[45] "chr8_81470621_C_T_b38_C" "chr8_81471159_T_G_b38_T"
[47] "chr8_81514819_A_C_b38_A" "chr8_81515555_C_T_b38_C"
[49] "chr8_81518769_T_C_b38_T" "chr8_81527961_G_T_b38_G"
[51] "chr8_81900677_A_T_b38_A" "chr8_81900680_C_T_b38_C"
[53] "chr8_81900761_G_T_b38_G" "chr8_81900762_G_A_b38_G"
[55] "chr8_81900773_G_A_b38_G" "chr8_81900776_G_T_b38_G"
[57] "chr8_81900779_T_C_b38_T" "chr8_81900782_C_T_b38_C"
[59] "chr8_81900783_T_C_b38_T" "chr8_81900784_G_A_b38_G"
[61] "chr8_81900789_T_C_b38_T" "chr8_81900796_C_G_b38_C"
[63] "chr8_81900800_G_C_b38_G" "chr8_82127185_G_A_b38_G"
[65] "chr8_82127192_C_G_b38_C" "chr8_82129772_G_C_b38_G"
[67] "chr8_82130336_C_T_b38_C" "chr8_82136891_C_T_b38_C"
[69] "chr8_82137774_C_G_b38_C"
12 SNP(s) removed because HWE P < 1e-08 :
 [1] "chr9_82767759_G_A_b38_G" "chr9_82775014_C_G_b38_C"
 [3] "chr9_82923398_T_C_b38_T" "chr9_83137922_T_C_b38_T"
 [5] "chr9_83189922_C_T_b38_C" "chr9_83191332_G_T_b38_G"
 [7] "chr9_83191662_T_C_b38_T" "chr9_83191682_C_A_b38_C"
 [9] "chr9_83233071_G_A_b38_G" "chr9_83250509_G_A_b38_G"
[11] "chr9_83250655_A_G_b38_A" "chr9_83255866_A_G_b38_A"
49 SNP(s) removed because HWE P < 1e-08 :
 [1] "chr19_51083323_T_G_b38_T" "chr19_51107599_A_G_b38_A"
 [3] "chr19_51107741_T_G_b38_T" "chr19_51108006_G_A_b38_G"
 [5] "chr19_51116302_T_C_b38_T" "chr19_51120922_T_G_b38_T"
 [7] "chr19_51121015_T_G_b38_T" "chr19_51121279_T_C_b38_T"
 [9] "chr19_51121832_A_C_b38_A" "chr19_51121942_T_C_b38_T"
[11] "chr19_51122379_A_G_b38_A" "chr19_51122568_A_G_b38_A"
[13] "chr19_51122642_G_C_b38_G" "chr19_51123685_A_G_b38_A"
[15] "chr19_51136723_A_G_b38_A" "chr19_51172375_T_C_b38_T"
[17] "chr19_51173311_A_G_b38_A" "chr19_51173876_T_C_b38_T"
[19] "chr19_51184134_C_T_b38_C" "chr19_51201503_A_G_b38_A"
[21] "chr19_51208344_T_C_b38_T" "chr19_51208365_C_T_b38_C"
[23] "chr19_51212754_T_C_b38_T" "chr19_51235665_T_C_b38_T"
[25] "chr19_51251278_A_C_b38_A" "chr19_51280161_A_G_b38_A"
[27] "chr19_51280387_C_T_b38_C" "chr19_51281207_G_A_b38_G"
[29] "chr19_51282770_C_G_b38_C" "chr19_51283428_T_C_b38_T"
[31] "chr19_51284112_C_T_b38_C" "chr19_51284184_A_C_b38_A"
[33] "chr19_51285176_C_A_b38_C" "chr19_51285861_G_A_b38_G"
[35] "chr19_51287738_T_C_b38_T" "chr19_51290510_A_C_b38_A"
[37] "chr19_51291857_T_G_b38_T" "chr19_51293045_T_C_b38_T"
[39] "chr19_51298175_C_T_b38_C" "chr19_51358092_C_G_b38_C"
[41] "chr19_51447917_C_T_b38_C" "chr19_51447928_A_G_b38_A"
[43] "chr19_51448049_T_G_b38_T" "chr19_51457686_A_G_b38_A"
[45] "chr19_51780129_T_C_b38_T" "chr19_51780359_A_G_b38_A"
[47] "chr19_51848424_G_A_b38_G" "chr19_51875933_G_A_b38_G"
[49] "chr19_51876393_G_A_b38_G"
37 SNP(s) removed because HWE P < 1e-08 :
 [1] "chr16_24109784_G_A_b38_G" "chr16_24227690_G_C_b38_G"
 [3] "chr16_24233628_G_C_b38_G" "chr16_24496566_C_T_b38_C"
 [5] "chr16_24496764_C_A_b38_C" "chr16_24499309_C_T_b38_C"
 [7] "chr16_24870481_A_C_b38_A" "chr16_24873006_G_A_b38_G"
 [9] "chr16_24884357_A_G_b38_A" "chr16_24917601_A_G_b38_A"
[11] "chr16_24917765_G_A_b38_G" "chr16_24917986_T_C_b38_T"
[13] "chr16_24919227_T_C_b38_T" "chr16_24920477_C_T_b38_C"
[15] "chr16_24920573_A_G_b38_A" "chr16_24921599_T_C_b38_T"
[17] "chr16_24923143_G_T_b38_G" "chr16_24924245_T_C_b38_T"
[19] "chr16_24924716_A_T_b38_A" "chr16_24925306_A_G_b38_A"
[21] "chr16_24927264_T_C_b38_T" "chr16_24932825_T_C_b38_T"
[23] "chr16_24940578_A_G_b38_A" "chr16_24943087_G_A_b38_G"
[25] "chr16_24943465_A_G_b38_A" "chr16_24945135_A_G_b38_A"
[27] "chr16_24945229_T_G_b38_T" "chr16_24945237_A_C_b38_A"
[29] "chr16_24947347_A_C_b38_A" "chr16_24947664_G_A_b38_G"
[31] "chr16_24948730_C_G_b38_C" "chr16_24950568_T_C_b38_T"
[33] "chr16_24952718_T_C_b38_T" "chr16_24953197_T_C_b38_T"
[35] "chr16_24953395_G_T_b38_G" "chr16_24953714_C_T_b38_C"
[37] "chr16_24955202_T_C_b38_T"
69 SNP(s) removed because HWE P < 1e-08 :
 [1] "chr8_81253423_T_C_b38_T" "chr8_81281143_C_T_b38_C"
 [3] "chr8_81289273_A_T_b38_A" "chr8_81297255_A_G_b38_A"
 [5] "chr8_81299436_C_T_b38_C" "chr8_81300344_T_C_b38_T"
 [7] "chr8_81325559_T_C_b38_T" "chr8_81327049_C_G_b38_C"
 [9] "chr8_81327156_T_G_b38_T" "chr8_81327252_A_G_b38_A"
[11] "chr8_81327333_T_C_b38_T" "chr8_81327394_A_G_b38_A"
[13] "chr8_81328362_A_G_b38_A" "chr8_81328531_C_A_b38_C"
[15] "chr8_81329064_T_A_b38_T" "chr8_81329094_T_G_b38_T"
[17] "chr8_81329957_C_T_b38_C" "chr8_81330786_A_G_b38_A"
[19] "chr8_81330873_T_C_b38_T" "chr8_81331043_A_C_b38_A"
[21] "chr8_81331131_T_C_b38_T" "chr8_81331608_C_T_b38_C"
[23] "chr8_81331614_C_T_b38_C" "chr8_81331709_T_G_b38_T"
[25] "chr8_81331864_A_G_b38_A" "chr8_81331877_C_T_b38_C"
[27] "chr8_81332098_G_A_b38_G" "chr8_81332283_A_G_b38_A"
[29] "chr8_81332524_C_T_b38_C" "chr8_81332904_A_T_b38_A"
[31] "chr8_81332906_C_T_b38_C" "chr8_81333125_G_A_b38_G"
[33] "chr8_81333194_G_T_b38_G" "chr8_81333216_T_C_b38_T"
[35] "chr8_81333791_C_T_b38_C" "chr8_81334313_T_C_b38_T"
[37] "chr8_81335686_A_G_b38_A" "chr8_81336303_C_T_b38_C"
[39] "chr8_81464464_C_T_b38_C" "chr8_81468508_A_T_b38_A"
[41] "chr8_81468888_A_G_b38_A" "chr8_81469332_T_C_b38_T"
[43] "chr8_81469415_G_A_b38_G" "chr8_81470506_G_A_b38_G"
[45] "chr8_81470621_C_T_b38_C" "chr8_81471159_T_G_b38_T"
[47] "chr8_81514819_A_C_b38_A" "chr8_81515555_C_T_b38_C"
[49] "chr8_81518769_T_C_b38_T" "chr8_81527961_G_T_b38_G"
[51] "chr8_81900677_A_T_b38_A" "chr8_81900680_C_T_b38_C"
[53] "chr8_81900761_G_T_b38_G" "chr8_81900762_G_A_b38_G"
[55] "chr8_81900773_G_A_b38_G" "chr8_81900776_G_T_b38_G"
[57] "chr8_81900779_T_C_b38_T" "chr8_81900782_C_T_b38_C"
[59] "chr8_81900783_T_C_b38_T" "chr8_81900784_G_A_b38_G"
[61] "chr8_81900789_T_C_b38_T" "chr8_81900796_C_G_b38_C"
[63] "chr8_81900800_G_C_b38_G" "chr8_82127185_G_A_b38_G"
[65] "chr8_82127192_C_G_b38_C" "chr8_82129772_G_C_b38_G"
[67] "chr8_82130336_C_T_b38_C" "chr8_82136891_C_T_b38_C"
[69] "chr8_82137774_C_G_b38_C"
61 SNP(s) removed because HWE P < 1e-08 :
 [1] "chr5_168834973_C_T_b38_C" "chr5_168888447_C_T_b38_C"
 [3] "chr5_168897112_G_C_b38_G" "chr5_168972337_A_G_b38_A"
 [5] "chr5_169016816_C_A_b38_C" "chr5_169017081_C_T_b38_C"
 [7] "chr5_169017241_G_A_b38_G" "chr5_169017494_G_T_b38_G"
 [9] "chr5_169017542_A_C_b38_A" "chr5_169017632_G_A_b38_G"
[11] "chr5_169017713_G_A_b38_G" "chr5_169017719_A_G_b38_A"
[13] "chr5_169017809_C_T_b38_C" "chr5_169018092_C_T_b38_C"
[15] "chr5_169018484_T_G_b38_T" "chr5_169018517_G_C_b38_G"
[17] "chr5_169153249_A_C_b38_A" "chr5_169262632_T_G_b38_T"
[19] "chr5_169262935_A_G_b38_A" "chr5_169337875_C_G_b38_C"
[21] "chr5_169341685_A_G_b38_A" "chr5_169344119_G_A_b38_G"
[23] "chr5_169347452_A_T_b38_A" "chr5_169354704_A_G_b38_A"
[25] "chr5_169357779_T_G_b38_T" "chr5_169357802_A_G_b38_A"
[27] "chr5_169362325_T_A_b38_T" "chr5_169362918_G_A_b38_G"
[29] "chr5_169363372_A_C_b38_A" "chr5_169363415_A_G_b38_A"
[31] "chr5_169363737_G_A_b38_G" "chr5_169366242_A_C_b38_A"
[33] "chr5_169367151_A_G_b38_A" "chr5_169367300_A_C_b38_A"
[35] "chr5_169368231_C_T_b38_C" "chr5_169368703_G_A_b38_G"
[37] "chr5_169369059_G_C_b38_G" "chr5_169369753_C_T_b38_C"
[39] "chr5_169370929_G_A_b38_G" "chr5_169371167_T_C_b38_T"
[41] "chr5_169371216_T_C_b38_T" "chr5_169371419_A_G_b38_A"
[43] "chr5_169371438_A_G_b38_A" "chr5_169372041_T_C_b38_T"
[45] "chr5_169372057_T_C_b38_T" "chr5_169372237_A_G_b38_A"
[47] "chr5_169372351_A_G_b38_A" "chr5_169372598_T_C_b38_T"
[49] "chr5_169372810_G_A_b38_G" "chr5_169377709_G_T_b38_G"
[51] "chr5_169381559_A_C_b38_A" "chr5_169384331_T_C_b38_T"
[53] "chr5_169384508_T_A_b38_T" "chr5_169387977_C_A_b38_C"
[55] "chr5_169391608_C_A_b38_C" "chr5_169392007_T_G_b38_T"
[57] "chr5_169393428_C_G_b38_C" "chr5_169402355_T_A_b38_T"
[59] "chr5_169403980_T_C_b38_T" "chr5_169405422_T_C_b38_T"
[61] "chr5_169520141_C_A_b38_C"
132 SNP(s) removed because HWE P < 1e-08 :
  [1] "chr1_116775729_A_G_b38_A" "chr1_116776994_A_G_b38_A"
  [3] "chr1_116778285_G_A_b38_G" "chr1_116778583_T_C_b38_T"
  [5] "chr1_116778601_G_C_b38_G" "chr1_116781987_T_C_b38_T"
  [7] "chr1_116782386_C_T_b38_C" "chr1_116782409_C_G_b38_C"
  [9] "chr1_116782718_A_G_b38_A" "chr1_116783675_T_C_b38_T"
 [11] "chr1_116784282_C_T_b38_C" "chr1_116784500_G_A_b38_G"
 [13] "chr1_116784601_G_A_b38_G" "chr1_116784919_C_A_b38_C"
 [15] "chr1_116785043_C_T_b38_C" "chr1_116785353_G_A_b38_G"
 [17] "chr1_116785434_C_T_b38_C" "chr1_116786143_A_C_b38_A"
 [19] "chr1_116788073_T_A_b38_T" "chr1_116790128_A_G_b38_A"
 [21] "chr1_116790839_G_A_b38_G" "chr1_116791892_G_A_b38_G"
 [23] "chr1_116792719_C_G_b38_C" "chr1_116794902_T_C_b38_T"
 [25] "chr1_116795104_T_C_b38_T" "chr1_116795558_A_T_b38_A"
 [27] "chr1_116795566_T_A_b38_T" "chr1_116795585_G_A_b38_G"
 [29] "chr1_116796992_C_G_b38_C" "chr1_116797180_G_A_b38_G"
 [31] "chr1_116797557_C_T_b38_C" "chr1_116798584_T_C_b38_T"
 [33] "chr1_116798904_G_A_b38_G" "chr1_116799187_A_G_b38_A"
 [35] "chr1_116799778_C_T_b38_C" "chr1_116800073_A_G_b38_A"
 [37] "chr1_116801933_T_C_b38_T" "chr1_116802566_G_T_b38_G"
 [39] "chr1_116802737_C_T_b38_C" "chr1_116804556_G_A_b38_G"
 [41] "chr1_116841821_A_G_b38_A" "chr1_116848331_A_G_b38_A"
 [43] "chr1_116858058_G_C_b38_G" "chr1_116860091_G_A_b38_G"
 [45] "chr1_116861967_A_G_b38_A" "chr1_116864482_G_A_b38_G"
 [47] "chr1_116864556_A_G_b38_A" "chr1_116866010_C_T_b38_C"
 [49] "chr1_116866038_C_T_b38_C" "chr1_116866048_G_C_b38_G"
 [51] "chr1_116866057_T_C_b38_T" "chr1_116866069_T_C_b38_T"
 [53] "chr1_116866070_C_T_b38_C" "chr1_116866112_G_A_b38_G"
 [55] "chr1_116866261_T_C_b38_T" "chr1_116866295_C_T_b38_C"
 [57] "chr1_116866323_G_A_b38_G" "chr1_116866327_T_A_b38_T"
 [59] "chr1_116866358_C_T_b38_C" "chr1_116866383_C_T_b38_C"
 [61] "chr1_116866396_C_T_b38_C" "chr1_116866468_G_A_b38_G"
 [63] "chr1_116866716_C_T_b38_C" "chr1_116867704_G_A_b38_G"
 [65] "chr1_116871892_C_T_b38_C" "chr1_116873559_T_C_b38_T"
 [67] "chr1_116874632_A_G_b38_A" "chr1_116874741_T_A_b38_T"
 [69] "chr1_116881789_T_G_b38_T" "chr1_116884323_A_G_b38_A"
 [71] "chr1_116899349_C_T_b38_C" "chr1_116900063_G_C_b38_G"
 [73] "chr1_116902319_A_G_b38_A" "chr1_116902604_C_T_b38_C"
 [75] "chr1_116902743_T_C_b38_T" "chr1_116903148_T_C_b38_T"
 [77] "chr1_116904427_A_G_b38_A" "chr1_116905660_T_C_b38_T"
 [79] "chr1_116908411_C_T_b38_C" "chr1_116915242_G_A_b38_G"
 [81] "chr1_116915753_G_A_b38_G" "chr1_116919428_G_T_b38_G"
 [83] "chr1_116919491_T_A_b38_T" "chr1_116919496_G_C_b38_G"
 [85] "chr1_116919530_C_T_b38_C" "chr1_116920069_C_T_b38_C"
 [87] "chr1_116920178_C_T_b38_C" "chr1_116920319_T_C_b38_T"
 [89] "chr1_116920518_C_T_b38_C" "chr1_116920532_C_A_b38_C"
 [91] "chr1_116920596_A_G_b38_A" "chr1_116920731_C_A_b38_C"
 [93] "chr1_116921093_T_C_b38_T" "chr1_116921273_A_G_b38_A"
 [95] "chr1_116923143_A_G_b38_A" "chr1_116923240_G_A_b38_G"
 [97] "chr1_116923282_A_G_b38_A" "chr1_116923428_T_A_b38_T"
 [99] "chr1_116923621_G_A_b38_G" "chr1_116924184_T_G_b38_T"
[101] "chr1_116924551_G_A_b38_G" "chr1_116925068_G_C_b38_G"
[103] "chr1_116925212_G_T_b38_G" "chr1_116926361_C_T_b38_C"
[105] "chr1_116926700_T_A_b38_T" "chr1_116926891_A_G_b38_A"
[107] "chr1_116927015_C_T_b38_C" "chr1_116927159_C_G_b38_C"
[109] "chr1_116927690_T_C_b38_T" "chr1_116935662_T_C_b38_T"
[111] "chr1_117168725_A_G_b38_A" "chr1_117169483_C_T_b38_C"
[113] "chr1_117170007_T_A_b38_T" "chr1_117213610_A_T_b38_A"
[115] "chr1_117221745_G_A_b38_G" "chr1_117221768_G_A_b38_G"
[117] "chr1_117235955_G_T_b38_G" "chr1_117236526_A_C_b38_A"
[119] "chr1_117236627_T_C_b38_T" "chr1_117236680_C_A_b38_C"
[121] "chr1_117236772_T_C_b38_T" "chr1_117238493_G_T_b38_G"
[123] "chr1_117239120_C_T_b38_C" "chr1_117239263_A_G_b38_A"
[125] "chr1_117239522_A_G_b38_A" "chr1_117241105_G_A_b38_G"
[127] "chr1_117258969_A_G_b38_A" "chr1_117259650_T_C_b38_T"
[129] "chr1_117260126_T_C_b38_T" "chr1_117261200_C_A_b38_C"
[131] "chr1_117264040_G_A_b38_G" "chr1_117339155_G_C_b38_G"
51 SNP(s) removed because HWE P < 1e-08 :
 [1] "chr19_50749708_G_C_b38_G" "chr19_50842031_A_G_b38_A"
 [3] "chr19_50896788_T_C_b38_T" "chr19_50897100_A_G_b38_A"
 [5] "chr19_50897145_C_T_b38_C" "chr19_50948431_C_T_b38_C"
 [7] "chr19_50957933_A_G_b38_A" "chr19_51083323_T_G_b38_T"
 [9] "chr19_51107599_A_G_b38_A" "chr19_51107741_T_G_b38_T"
[11] "chr19_51108006_G_A_b38_G" "chr19_51116302_T_C_b38_T"
[13] "chr19_51120922_T_G_b38_T" "chr19_51121015_T_G_b38_T"
[15] "chr19_51121279_T_C_b38_T" "chr19_51121832_A_C_b38_A"
[17] "chr19_51121942_T_C_b38_T" "chr19_51122379_A_G_b38_A"
[19] "chr19_51122568_A_G_b38_A" "chr19_51122642_G_C_b38_G"
[21] "chr19_51123685_A_G_b38_A" "chr19_51136723_A_G_b38_A"
[23] "chr19_51172375_T_C_b38_T" "chr19_51173311_A_G_b38_A"
[25] "chr19_51173876_T_C_b38_T" "chr19_51184134_C_T_b38_C"
[27] "chr19_51201503_A_G_b38_A" "chr19_51208344_T_C_b38_T"
[29] "chr19_51208365_C_T_b38_C" "chr19_51212754_T_C_b38_T"
[31] "chr19_51235665_T_C_b38_T" "chr19_51251278_A_C_b38_A"
[33] "chr19_51280161_A_G_b38_A" "chr19_51280387_C_T_b38_C"
[35] "chr19_51281207_G_A_b38_G" "chr19_51282770_C_G_b38_C"
[37] "chr19_51283428_T_C_b38_T" "chr19_51284112_C_T_b38_C"
[39] "chr19_51284184_A_C_b38_A" "chr19_51285176_C_A_b38_C"
[41] "chr19_51285861_G_A_b38_G" "chr19_51287738_T_C_b38_T"
[43] "chr19_51290510_A_C_b38_A" "chr19_51291857_T_G_b38_T"
[45] "chr19_51293045_T_C_b38_T" "chr19_51298175_C_T_b38_C"
[47] "chr19_51358092_C_G_b38_C" "chr19_51447917_C_T_b38_C"
[49] "chr19_51447928_A_G_b38_A" "chr19_51448049_T_G_b38_T"
[51] "chr19_51457686_A_G_b38_A"
26 SNP(s) removed because HWE P < 1e-08 :
 [1] "chr9_74640194_T_C_b38_T" "chr9_75433758_C_A_b38_C"
 [3] "chr9_75434232_G_A_b38_G" "chr9_75434299_C_T_b38_C"
 [5] "chr9_75434463_G_A_b38_G" "chr9_75435147_A_G_b38_A"
 [7] "chr9_75435790_C_T_b38_C" "chr9_75435913_A_G_b38_A"
 [9] "chr9_75436083_T_G_b38_T" "chr9_75436284_C_G_b38_C"
[11] "chr9_75437479_G_A_b38_G" "chr9_75440834_C_T_b38_C"
[13] "chr9_75443372_T_C_b38_T" "chr9_75443521_T_C_b38_T"
[15] "chr9_75444770_T_C_b38_T" "chr9_75445188_G_A_b38_G"
[17] "chr9_75445766_C_G_b38_C" "chr9_75446044_A_G_b38_A"
[19] "chr9_75446385_T_G_b38_T" "chr9_75446633_C_T_b38_C"
[21] "chr9_75447123_A_C_b38_A" "chr9_75447384_G_A_b38_G"
[23] "chr9_75447565_G_C_b38_G" "chr9_75447605_T_C_b38_T"
[25] "chr9_75447938_A_G_b38_A" "chr9_75447941_C_T_b38_C"
16 SNP(s) removed because HWE P < 1e-08 :
 [1] "chr3_124257947_T_C_b38_T" "chr3_124337785_T_G_b38_T"
 [3] "chr3_124588125_A_G_b38_A" "chr3_124610644_G_A_b38_G"
 [5] "chr3_124610684_C_G_b38_C" "chr3_124612226_G_A_b38_G"
 [7] "chr3_124612990_T_C_b38_T" "chr3_124614337_C_T_b38_C"
 [9] "chr3_124749720_A_C_b38_A" "chr3_124749975_T_C_b38_T"
[11] "chr3_124756261_T_C_b38_T" "chr3_125187755_A_C_b38_A"
[13] "chr3_125187761_A_C_b38_A" "chr3_125187766_T_C_b38_T"
[15] "chr3_125218818_G_A_b38_G" "chr3_125220624_G_A_b38_G"
37 SNP(s) removed because HWE P < 1e-08 :
 [1] "chr10_97241106_G_A_b38_G" "chr10_97241867_G_A_b38_G"
 [3] "chr10_97244414_G_A_b38_G" "chr10_97247534_C_T_b38_C"
 [5] "chr10_97247723_T_C_b38_T" "chr10_97277829_T_G_b38_T"
 [7] "chr10_97330305_C_G_b38_C" "chr10_97331629_C_T_b38_C"
 [9] "chr10_97529078_T_C_b38_T" "chr10_97529317_T_C_b38_T"
[11] "chr10_97567211_G_C_b38_G" "chr10_97581428_A_G_b38_A"
[13] "chr10_97623782_C_T_b38_C" "chr10_97625729_A_C_b38_A"
[15] "chr10_97627985_T_C_b38_T" "chr10_97635895_G_T_b38_G"
[17] "chr10_97636531_C_T_b38_C" "chr10_97637654_T_A_b38_T"
[19] "chr10_97648051_G_A_b38_G" "chr10_97648210_C_T_b38_C"
[21] "chr10_97700517_C_T_b38_C" "chr10_97700520_C_T_b38_C"
[23] "chr10_97700530_C_T_b38_C" "chr10_97700531_A_G_b38_A"
[25] "chr10_97700541_C_T_b38_C" "chr10_97700567_A_G_b38_A"
[27] "chr10_97700574_T_A_b38_T" "chr10_97764756_C_T_b38_C"
[29] "chr10_97765102_T_C_b38_T" "chr10_97765561_A_G_b38_A"
[31] "chr10_97766328_C_T_b38_C" "chr10_97766750_G_A_b38_G"
[33] "chr10_97768182_A_G_b38_A" "chr10_97772192_A_G_b38_A"
[35] "chr10_97775955_C_G_b38_C" "chr10_97776902_C_G_b38_C"
[37] "chr10_97776941_T_C_b38_T"
22 SNP(s) removed because HWE P < 1e-08 :
 [1] "chr4_8044692_G_T_b38_G" "chr4_8044693_A_C_b38_A" "chr4_8059763_G_A_b38_G"
 [4] "chr4_8100031_G_T_b38_G" "chr4_8100581_C_T_b38_C" "chr4_8306668_C_G_b38_C"
 [7] "chr4_8557849_T_C_b38_T" "chr4_8557938_A_C_b38_A" "chr4_8557958_G_A_b38_G"
[10] "chr4_8557961_C_T_b38_C" "chr4_8585626_A_G_b38_A" "chr4_8603756_G_C_b38_G"
[13] "chr4_8632004_T_A_b38_T" "chr4_8632045_A_G_b38_A" "chr4_8635779_A_G_b38_A"
[16] "chr4_8655103_T_G_b38_T" "chr4_8655200_C_G_b38_C" "chr4_8656155_G_C_b38_G"
[19] "chr4_8659539_G_A_b38_G" "chr4_8661217_T_G_b38_T" "chr4_8674262_C_G_b38_C"
[22] "chr4_8677036_C_A_b38_C"
60 SNP(s) removed because HWE P < 1e-08 :
 [1] "chr2_33054064_C_G_b38_C" "chr2_33055167_G_A_b38_G"
 [3] "chr2_33072703_C_T_b38_C" "chr2_33085940_G_A_b38_G"
 [5] "chr2_33087972_G_A_b38_G" "chr2_33286824_C_G_b38_C"
 [7] "chr2_33371023_T_G_b38_T" "chr2_33431334_T_C_b38_T"
 [9] "chr2_33431637_T_C_b38_T" "chr2_33432529_A_G_b38_A"
[11] "chr2_33432770_C_T_b38_C" "chr2_33432918_A_G_b38_A"
[13] "chr2_33433068_T_C_b38_T" "chr2_33433257_C_A_b38_C"
[15] "chr2_33433303_T_C_b38_T" "chr2_33433437_T_A_b38_T"
[17] "chr2_33433580_A_G_b38_A" "chr2_33434073_C_T_b38_C"
[19] "chr2_33738469_T_C_b38_T" "chr2_33792585_C_A_b38_C"
[21] "chr2_33826187_C_A_b38_C" "chr2_33826189_T_G_b38_T"
[23] "chr2_33826215_G_C_b38_G" "chr2_33826216_A_G_b38_A"
[25] "chr2_33839969_T_C_b38_T" "chr2_33839972_T_G_b38_T"
[27] "chr2_33839979_T_C_b38_T" "chr2_33839980_G_T_b38_G"
[29] "chr2_33839988_A_G_b38_A" "chr2_33840000_T_C_b38_T"
[31] "chr2_33840004_C_T_b38_C" "chr2_33840016_A_C_b38_A"
[33] "chr2_33840017_G_C_b38_G" "chr2_33840022_G_A_b38_G"
[35] "chr2_33840030_T_C_b38_T" "chr2_33840038_T_C_b38_T"
[37] "chr2_33840048_G_C_b38_G" "chr2_33840049_G_A_b38_G"
[39] "chr2_33840082_C_A_b38_C" "chr2_33840086_G_C_b38_G"
[41] "chr2_33840087_C_T_b38_C" "chr2_33840102_T_C_b38_T"
[43] "chr2_33840112_G_A_b38_G" "chr2_33840131_C_A_b38_C"
[45] "chr2_33840313_A_G_b38_A" "chr2_33840318_T_A_b38_T"
[47] "chr2_33840338_T_G_b38_T" "chr2_33840347_C_A_b38_C"
[49] "chr2_33840373_A_C_b38_A" "chr2_33840374_T_C_b38_T"
[51] "chr2_33840420_A_G_b38_A" "chr2_33840444_T_A_b38_T"
[53] "chr2_33840449_T_G_b38_T" "chr2_33840456_A_G_b38_A"
[55] "chr2_33840462_C_T_b38_C" "chr2_33840664_T_A_b38_T"
[57] "chr2_33840668_G_A_b38_G" "chr2_33905605_C_T_b38_C"
[59] "chr2_33911403_A_G_b38_A" "chr2_33911426_A_G_b38_A"
132 SNP(s) removed because HWE P < 1e-08 :
  [1] "chr1_116775729_A_G_b38_A" "chr1_116776994_A_G_b38_A"
  [3] "chr1_116778285_G_A_b38_G" "chr1_116778583_T_C_b38_T"
  [5] "chr1_116778601_G_C_b38_G" "chr1_116781987_T_C_b38_T"
  [7] "chr1_116782386_C_T_b38_C" "chr1_116782409_C_G_b38_C"
  [9] "chr1_116782718_A_G_b38_A" "chr1_116783675_T_C_b38_T"
 [11] "chr1_116784282_C_T_b38_C" "chr1_116784500_G_A_b38_G"
 [13] "chr1_116784601_G_A_b38_G" "chr1_116784919_C_A_b38_C"
 [15] "chr1_116785043_C_T_b38_C" "chr1_116785353_G_A_b38_G"
 [17] "chr1_116785434_C_T_b38_C" "chr1_116786143_A_C_b38_A"
 [19] "chr1_116788073_T_A_b38_T" "chr1_116790128_A_G_b38_A"
 [21] "chr1_116790839_G_A_b38_G" "chr1_116791892_G_A_b38_G"
 [23] "chr1_116792719_C_G_b38_C" "chr1_116794902_T_C_b38_T"
 [25] "chr1_116795104_T_C_b38_T" "chr1_116795558_A_T_b38_A"
 [27] "chr1_116795566_T_A_b38_T" "chr1_116795585_G_A_b38_G"
 [29] "chr1_116796992_C_G_b38_C" "chr1_116797180_G_A_b38_G"
 [31] "chr1_116797557_C_T_b38_C" "chr1_116798584_T_C_b38_T"
 [33] "chr1_116798904_G_A_b38_G" "chr1_116799187_A_G_b38_A"
 [35] "chr1_116799778_C_T_b38_C" "chr1_116800073_A_G_b38_A"
 [37] "chr1_116801933_T_C_b38_T" "chr1_116802566_G_T_b38_G"
 [39] "chr1_116802737_C_T_b38_C" "chr1_116804556_G_A_b38_G"
 [41] "chr1_116841821_A_G_b38_A" "chr1_116848331_A_G_b38_A"
 [43] "chr1_116858058_G_C_b38_G" "chr1_116860091_G_A_b38_G"
 [45] "chr1_116861967_A_G_b38_A" "chr1_116864482_G_A_b38_G"
 [47] "chr1_116864556_A_G_b38_A" "chr1_116866010_C_T_b38_C"
 [49] "chr1_116866038_C_T_b38_C" "chr1_116866048_G_C_b38_G"
 [51] "chr1_116866057_T_C_b38_T" "chr1_116866069_T_C_b38_T"
 [53] "chr1_116866070_C_T_b38_C" "chr1_116866112_G_A_b38_G"
 [55] "chr1_116866261_T_C_b38_T" "chr1_116866295_C_T_b38_C"
 [57] "chr1_116866323_G_A_b38_G" "chr1_116866327_T_A_b38_T"
 [59] "chr1_116866358_C_T_b38_C" "chr1_116866383_C_T_b38_C"
 [61] "chr1_116866396_C_T_b38_C" "chr1_116866468_G_A_b38_G"
 [63] "chr1_116866716_C_T_b38_C" "chr1_116867704_G_A_b38_G"
 [65] "chr1_116871892_C_T_b38_C" "chr1_116873559_T_C_b38_T"
 [67] "chr1_116874632_A_G_b38_A" "chr1_116874741_T_A_b38_T"
 [69] "chr1_116881789_T_G_b38_T" "chr1_116884323_A_G_b38_A"
 [71] "chr1_116899349_C_T_b38_C" "chr1_116900063_G_C_b38_G"
 [73] "chr1_116902319_A_G_b38_A" "chr1_116902604_C_T_b38_C"
 [75] "chr1_116902743_T_C_b38_T" "chr1_116903148_T_C_b38_T"
 [77] "chr1_116904427_A_G_b38_A" "chr1_116905660_T_C_b38_T"
 [79] "chr1_116908411_C_T_b38_C" "chr1_116915242_G_A_b38_G"
 [81] "chr1_116915753_G_A_b38_G" "chr1_116919428_G_T_b38_G"
 [83] "chr1_116919491_T_A_b38_T" "chr1_116919496_G_C_b38_G"
 [85] "chr1_116919530_C_T_b38_C" "chr1_116920069_C_T_b38_C"
 [87] "chr1_116920178_C_T_b38_C" "chr1_116920319_T_C_b38_T"
 [89] "chr1_116920518_C_T_b38_C" "chr1_116920532_C_A_b38_C"
 [91] "chr1_116920596_A_G_b38_A" "chr1_116920731_C_A_b38_C"
 [93] "chr1_116921093_T_C_b38_T" "chr1_116921273_A_G_b38_A"
 [95] "chr1_116923143_A_G_b38_A" "chr1_116923240_G_A_b38_G"
 [97] "chr1_116923282_A_G_b38_A" "chr1_116923428_T_A_b38_T"
 [99] "chr1_116923621_G_A_b38_G" "chr1_116924184_T_G_b38_T"
[101] "chr1_116924551_G_A_b38_G" "chr1_116925068_G_C_b38_G"
[103] "chr1_116925212_G_T_b38_G" "chr1_116926361_C_T_b38_C"
[105] "chr1_116926700_T_A_b38_T" "chr1_116926891_A_G_b38_A"
[107] "chr1_116927015_C_T_b38_C" "chr1_116927159_C_G_b38_C"
[109] "chr1_116927690_T_C_b38_T" "chr1_116935662_T_C_b38_T"
[111] "chr1_117168725_A_G_b38_A" "chr1_117169483_C_T_b38_C"
[113] "chr1_117170007_T_A_b38_T" "chr1_117213610_A_T_b38_A"
[115] "chr1_117221745_G_A_b38_G" "chr1_117221768_G_A_b38_G"
[117] "chr1_117235955_G_T_b38_G" "chr1_117236526_A_C_b38_A"
[119] "chr1_117236627_T_C_b38_T" "chr1_117236680_C_A_b38_C"
[121] "chr1_117236772_T_C_b38_T" "chr1_117238493_G_T_b38_G"
[123] "chr1_117239120_C_T_b38_C" "chr1_117239263_A_G_b38_A"
[125] "chr1_117239522_A_G_b38_A" "chr1_117241105_G_A_b38_G"
[127] "chr1_117258969_A_G_b38_A" "chr1_117259650_T_C_b38_T"
[129] "chr1_117260126_T_C_b38_T" "chr1_117261200_C_A_b38_C"
[131] "chr1_117264040_G_A_b38_G" "chr1_117339155_G_C_b38_G"
93 SNP(s) removed because HWE P < 1e-08 :
 [1] "chr8_101006661_C_T_b38_C" "chr8_101009145_C_A_b38_C"
 [3] "chr8_101009268_G_C_b38_G" "chr8_101009422_G_C_b38_G"
 [5] "chr8_101012074_G_A_b38_G" "chr8_101012273_A_T_b38_A"
 [7] "chr8_101012353_C_A_b38_C" "chr8_101012354_G_A_b38_G"
 [9] "chr8_101012384_A_C_b38_A" "chr8_101012504_C_T_b38_C"
[11] "chr8_101012584_T_C_b38_T" "chr8_101012778_T_A_b38_T"
[13] "chr8_101012998_C_A_b38_C" "chr8_101013423_C_T_b38_C"
[15] "chr8_101013680_G_A_b38_G" "chr8_101014070_C_T_b38_C"
[17] "chr8_101014281_G_A_b38_G" "chr8_101014701_T_A_b38_T"
[19] "chr8_101014727_A_G_b38_A" "chr8_101015868_T_C_b38_T"
[21] "chr8_101018746_A_G_b38_A" "chr8_101019765_C_T_b38_C"
[23] "chr8_101019877_A_G_b38_A" "chr8_101020263_A_G_b38_A"
[25] "chr8_101021436_A_G_b38_A" "chr8_101022410_G_A_b38_G"
[27] "chr8_101022422_T_C_b38_T" "chr8_101024340_A_G_b38_A"
[29] "chr8_101024415_A_G_b38_A" "chr8_101038284_C_T_b38_C"
[31] "chr8_101052123_G_T_b38_G" "chr8_101067403_A_G_b38_A"
[33] "chr8_101123772_T_C_b38_T" "chr8_101124583_C_T_b38_C"
[35] "chr8_101199955_T_A_b38_T" "chr8_101201557_G_A_b38_G"
[37] "chr8_101202203_A_G_b38_A" "chr8_101220327_G_A_b38_G"
[39] "chr8_101232784_A_G_b38_A" "chr8_101234904_A_G_b38_A"
[41] "chr8_101237463_T_C_b38_T" "chr8_101237766_T_A_b38_T"
[43] "chr8_101238496_T_G_b38_T" "chr8_101242620_G_A_b38_G"
[45] "chr8_101242676_T_G_b38_T" "chr8_101243149_A_G_b38_A"
[47] "chr8_101245187_G_A_b38_G" "chr8_101291557_G_A_b38_G"
[49] "chr8_101302842_A_G_b38_A" "chr8_101363039_A_C_b38_A"
[51] "chr8_101578007_A_G_b38_A" "chr8_101634124_A_G_b38_A"
[53] "chr8_101634175_G_A_b38_G" "chr8_101635630_A_G_b38_A"
[55] "chr8_101636054_T_A_b38_T" "chr8_101637199_G_C_b38_G"
[57] "chr8_101637879_G_A_b38_G" "chr8_101638093_C_T_b38_C"
[59] "chr8_101638150_G_C_b38_G" "chr8_101638280_G_T_b38_G"
[61] "chr8_101638281_G_T_b38_G" "chr8_101638366_A_G_b38_A"
[63] "chr8_101638473_T_C_b38_T" "chr8_101638522_C_G_b38_C"
[65] "chr8_101638567_C_T_b38_C" "chr8_101638651_A_G_b38_A"
[67] "chr8_101638714_G_A_b38_G" "chr8_101638765_C_T_b38_C"
[69] "chr8_101638842_G_A_b38_G" "chr8_101638971_C_G_b38_C"
[71] "chr8_101639383_C_T_b38_C" "chr8_101639539_A_G_b38_A"
[73] "chr8_101639709_T_A_b38_T" "chr8_101640008_G_C_b38_G"
[75] "chr8_101640140_T_C_b38_T" "chr8_101640303_G_A_b38_G"
[77] "chr8_101640374_T_C_b38_T" "chr8_101640752_T_G_b38_T"
[79] "chr8_101641090_G_C_b38_G" "chr8_101641099_A_G_b38_A"
[81] "chr8_101641130_G_T_b38_G" "chr8_101641259_A_G_b38_A"
[83] "chr8_101641302_G_C_b38_G" "chr8_101641347_C_T_b38_C"
[85] "chr8_101642055_A_G_b38_A" "chr8_101642536_T_C_b38_T"
[87] "chr8_101643783_G_A_b38_G" "chr8_101684388_T_C_b38_T"
[89] "chr8_101729707_G_T_b38_G" "chr8_101733194_G_A_b38_G"
[91] "chr8_101776234_C_G_b38_C" "chr8_101876150_A_G_b38_A"
[93] "chr8_101892607_C_A_b38_C"
26 SNP(s) removed because HWE P < 1e-08 :
 [1] "chr4_48078519_A_C_b38_A" "chr4_48079528_T_C_b38_T"
 [3] "chr4_48085231_T_C_b38_T" "chr4_48085838_G_A_b38_G"
 [5] "chr4_48086052_C_T_b38_C" "chr4_48086429_A_G_b38_A"
 [7] "chr4_48450863_T_C_b38_T" "chr4_48451209_C_T_b38_C"
 [9] "chr4_48452709_A_G_b38_A" "chr4_48711359_T_C_b38_T"
[11] "chr4_48711393_C_T_b38_C" "chr4_48711401_C_A_b38_C"
[13] "chr4_48711410_A_G_b38_A" "chr4_48711421_A_C_b38_A"
[15] "chr4_48711432_G_C_b38_G" "chr4_48711433_G_A_b38_G"
[17] "chr4_48711441_A_C_b38_A" "chr4_48711445_C_T_b38_C"
[19] "chr4_48711447_G_A_b38_G" "chr4_48711466_C_T_b38_C"
[21] "chr4_48711467_A_T_b38_A" "chr4_48711470_G_A_b38_G"
[23] "chr4_48711609_C_T_b38_C" "chr4_48711661_A_G_b38_A"
[25] "chr4_48711678_T_A_b38_T" "chr4_48711716_T_C_b38_T"
93 SNP(s) removed because HWE P < 1e-08 :
 [1] "chr12_55842259_G_A_b38_G" "chr12_55844254_C_G_b38_C"
 [3] "chr12_55847314_T_G_b38_T" "chr12_55848171_A_G_b38_A"
 [5] "chr12_55848233_C_T_b38_C" "chr12_56004670_G_C_b38_G"
 [7] "chr12_56008420_A_G_b38_A" "chr12_56010169_G_A_b38_G"
 [9] "chr12_56014785_A_C_b38_A" "chr12_56023619_T_C_b38_T"
[11] "chr12_56026611_T_C_b38_T" "chr12_56048944_C_G_b38_C"
[13] "chr12_56061468_T_C_b38_T" "chr12_56061863_A_G_b38_A"
[15] "chr12_56062174_A_G_b38_A" "chr12_56062197_G_A_b38_G"
[17] "chr12_56063837_G_A_b38_G" "chr12_56064883_T_C_b38_T"
[19] "chr12_56065107_A_G_b38_A" "chr12_56065117_A_G_b38_A"
[21] "chr12_56065181_C_A_b38_C" "chr12_56065404_G_A_b38_G"
[23] "chr12_56065759_A_G_b38_A" "chr12_56065977_G_A_b38_G"
[25] "chr12_56066019_C_G_b38_C" "chr12_56066314_C_G_b38_C"
[27] "chr12_56067648_G_T_b38_G" "chr12_56068026_C_G_b38_C"
[29] "chr12_56069004_C_G_b38_C" "chr12_56069356_G_A_b38_G"
[31] "chr12_56070790_C_G_b38_C" "chr12_56071352_T_A_b38_T"
[33] "chr12_56071896_T_A_b38_T" "chr12_56072271_C_T_b38_C"
[35] "chr12_56073601_G_A_b38_G" "chr12_56147225_C_T_b38_C"
[37] "chr12_56171608_T_G_b38_T" "chr12_56189702_A_G_b38_A"
[39] "chr12_56192368_A_T_b38_A" "chr12_56192465_T_C_b38_T"
[41] "chr12_56192514_A_G_b38_A" "chr12_56192660_T_C_b38_T"
[43] "chr12_56193792_C_T_b38_C" "chr12_56194669_G_A_b38_G"
[45] "chr12_56196031_G_C_b38_G" "chr12_56196766_C_T_b38_C"
[47] "chr12_56199247_G_A_b38_G" "chr12_56200116_G_A_b38_G"
[49] "chr12_56200157_C_A_b38_C" "chr12_56200382_C_T_b38_C"
[51] "chr12_56200715_A_G_b38_A" "chr12_56200734_G_A_b38_G"
[53] "chr12_56201227_G_A_b38_G" "chr12_56203195_T_C_b38_T"
[55] "chr12_56203799_G_A_b38_G" "chr12_56204260_C_T_b38_C"
[57] "chr12_56207453_A_G_b38_A" "chr12_56207955_G_T_b38_G"
[59] "chr12_56209112_G_A_b38_G" "chr12_56209282_C_G_b38_C"
[61] "chr12_56209437_A_T_b38_A" "chr12_56209981_C_T_b38_C"
[63] "chr12_56210050_G_C_b38_G" "chr12_56210636_T_C_b38_T"
[65] "chr12_56210912_C_T_b38_C" "chr12_56211436_A_C_b38_A"
[67] "chr12_56214143_C_T_b38_C" "chr12_56224314_C_T_b38_C"
[69] "chr12_56228189_A_T_b38_A" "chr12_56233489_T_A_b38_T"
[71] "chr12_56235492_A_C_b38_A" "chr12_56250222_T_A_b38_T"
[73] "chr12_56294021_C_T_b38_C" "chr12_56312113_A_C_b38_A"
[75] "chr12_56328276_T_G_b38_T" "chr12_56348081_T_C_b38_T"
[77] "chr12_56349914_T_C_b38_T" "chr12_56358078_C_T_b38_C"
[79] "chr12_56360353_T_G_b38_T" "chr12_56360682_C_T_b38_C"
[81] "chr12_56361274_A_G_b38_A" "chr12_56389271_A_G_b38_A"
[83] "chr12_56396492_T_C_b38_T" "chr12_56398232_T_G_b38_T"
[85] "chr12_56493793_T_C_b38_T" "chr12_56493805_G_C_b38_G"
[87] "chr12_56493810_C_T_b38_C" "chr12_56493814_C_T_b38_C"
[89] "chr12_56496685_A_G_b38_A" "chr12_56513662_G_A_b38_G"
[91] "chr12_56513939_C_A_b38_C" "chr12_56558288_C_T_b38_C"
[93] "chr12_56632508_A_G_b38_A"
23 SNP(s) removed because HWE P < 1e-08 :
 [1] "chr2_24437614_G_T_b38_G" "chr2_24437774_G_A_b38_G"
 [3] "chr2_24469770_G_A_b38_G" "chr2_24899959_G_A_b38_G"
 [5] "chr2_25089402_A_G_b38_A" "chr2_25091889_T_C_b38_T"
 [7] "chr2_25094504_A_T_b38_A" "chr2_25101359_T_C_b38_T"
 [9] "chr2_25112623_T_C_b38_T" "chr2_25113599_T_C_b38_T"
[11] "chr2_25113679_A_G_b38_A" "chr2_25120256_C_T_b38_C"
[13] "chr2_25127427_C_G_b38_C" "chr2_25152141_A_C_b38_A"
[15] "chr2_25156073_T_C_b38_T" "chr2_25158279_G_A_b38_G"
[17] "chr2_25171781_G_T_b38_G" "chr2_25173083_G_A_b38_G"
[19] "chr2_25173143_C_G_b38_C" "chr2_25173911_C_T_b38_C"
[21] "chr2_25186010_C_T_b38_C" "chr2_25186011_C_T_b38_C"
[23] "chr2_25186014_C_G_b38_C"
26 SNP(s) removed because HWE P < 1e-08 :
 [1] "chr4_48078519_A_C_b38_A" "chr4_48079528_T_C_b38_T"
 [3] "chr4_48085231_T_C_b38_T" "chr4_48085838_G_A_b38_G"
 [5] "chr4_48086052_C_T_b38_C" "chr4_48086429_A_G_b38_A"
 [7] "chr4_48450863_T_C_b38_T" "chr4_48451209_C_T_b38_C"
 [9] "chr4_48452709_A_G_b38_A" "chr4_48711359_T_C_b38_T"
[11] "chr4_48711393_C_T_b38_C" "chr4_48711401_C_A_b38_C"
[13] "chr4_48711410_A_G_b38_A" "chr4_48711421_A_C_b38_A"
[15] "chr4_48711432_G_C_b38_G" "chr4_48711433_G_A_b38_G"
[17] "chr4_48711441_A_C_b38_A" "chr4_48711445_C_T_b38_C"
[19] "chr4_48711447_G_A_b38_G" "chr4_48711466_C_T_b38_C"
[21] "chr4_48711467_A_T_b38_A" "chr4_48711470_G_A_b38_G"
[23] "chr4_48711609_C_T_b38_C" "chr4_48711661_A_G_b38_A"
[25] "chr4_48711678_T_A_b38_T" "chr4_48711716_T_C_b38_T"
103 SNP(s) removed because HWE P < 1e-08 :
  [1] "chr4_102170144_A_G_b38_A" "chr4_102170573_G_A_b38_G"
  [3] "chr4_102227688_C_T_b38_C" "chr4_102429077_A_T_b38_A"
  [5] "chr4_102429283_T_A_b38_T" "chr4_102887301_T_C_b38_T"
  [7] "chr4_102887358_T_C_b38_T" "chr4_102887362_C_T_b38_C"
  [9] "chr4_102887415_G_A_b38_G" "chr4_102887705_T_C_b38_T"
 [11] "chr4_102887758_A_G_b38_A" "chr4_102887899_T_C_b38_T"
 [13] "chr4_102887937_T_G_b38_T" "chr4_102888032_T_G_b38_T"
 [15] "chr4_102889260_G_A_b38_G" "chr4_102889274_A_T_b38_A"
 [17] "chr4_102889296_G_A_b38_G" "chr4_102889305_G_C_b38_G"
 [19] "chr4_102889336_G_T_b38_G" "chr4_102889343_G_A_b38_G"
 [21] "chr4_102889481_A_C_b38_A" "chr4_102889482_G_A_b38_G"
 [23] "chr4_102889496_C_T_b38_C" "chr4_102889614_G_A_b38_G"
 [25] "chr4_102893450_A_G_b38_A" "chr4_102893486_A_T_b38_A"
 [27] "chr4_102893517_C_T_b38_C" "chr4_102893554_A_C_b38_A"
 [29] "chr4_102897144_T_C_b38_T" "chr4_102897149_T_C_b38_T"
 [31] "chr4_102897169_C_A_b38_C" "chr4_102897195_G_A_b38_G"
 [33] "chr4_102897207_A_G_b38_A" "chr4_102900467_T_G_b38_T"
 [35] "chr4_102900906_G_A_b38_G" "chr4_102900925_G_A_b38_G"
 [37] "chr4_102900932_A_T_b38_A" "chr4_102900974_C_T_b38_C"
 [39] "chr4_102901022_C_T_b38_C" "chr4_102901036_C_T_b38_C"
 [41] "chr4_102901096_A_C_b38_A" "chr4_102901247_G_A_b38_G"
 [43] "chr4_102901335_G_A_b38_G" "chr4_102901336_C_T_b38_C"
 [45] "chr4_102903561_A_T_b38_A" "chr4_102903648_A_G_b38_A"
 [47] "chr4_102905351_G_A_b38_G" "chr4_102905643_A_G_b38_A"
 [49] "chr4_102905646_T_C_b38_T" "chr4_102906525_A_T_b38_A"
 [51] "chr4_102906798_A_T_b38_A" "chr4_102906843_G_A_b38_G"
 [53] "chr4_102906860_A_T_b38_A" "chr4_102907812_C_G_b38_C"
 [55] "chr4_102907823_A_T_b38_A" "chr4_102907833_T_C_b38_T"
 [57] "chr4_102907942_G_A_b38_G" "chr4_102907965_T_G_b38_T"
 [59] "chr4_102908077_G_T_b38_G" "chr4_102908112_C_T_b38_C"
 [61] "chr4_102908483_A_T_b38_A" "chr4_102908546_A_G_b38_A"
 [63] "chr4_102908625_T_C_b38_T" "chr4_102908648_C_T_b38_C"
 [65] "chr4_102908665_C_A_b38_C" "chr4_102908834_C_A_b38_C"
 [67] "chr4_102908846_T_C_b38_T" "chr4_102908876_C_G_b38_C"
 [69] "chr4_102908922_A_G_b38_A" "chr4_102909000_C_T_b38_C"
 [71] "chr4_102909023_C_T_b38_C" "chr4_102909717_G_T_b38_G"
 [73] "chr4_102909718_G_T_b38_G" "chr4_102909723_T_A_b38_T"
 [75] "chr4_102909781_A_G_b38_A" "chr4_102909784_C_A_b38_C"
 [77] "chr4_102925798_G_C_b38_G" "chr4_102925801_A_C_b38_A"
 [79] "chr4_102925819_C_T_b38_C" "chr4_102925833_T_C_b38_T"
 [81] "chr4_102925836_A_G_b38_A" "chr4_102925842_C_T_b38_C"
 [83] "chr4_102925863_C_A_b38_C" "chr4_102926028_C_T_b38_C"
 [85] "chr4_102926049_C_T_b38_C" "chr4_102926054_T_A_b38_T"
 [87] "chr4_102926066_T_A_b38_T" "chr4_102926105_T_C_b38_T"
 [89] "chr4_102926110_G_A_b38_G" "chr4_102926115_T_C_b38_T"
 [91] "chr4_102926125_C_T_b38_C" "chr4_102926179_A_C_b38_A"
 [93] "chr4_102926181_C_T_b38_C" "chr4_102926182_G_A_b38_G"
 [95] "chr4_102926215_C_T_b38_C" "chr4_102926247_T_G_b38_T"
 [97] "chr4_102926249_C_G_b38_C" "chr4_102926255_G_C_b38_G"
 [99] "chr4_102926351_T_C_b38_T" "chr4_102926353_A_G_b38_A"
[101] "chr4_102926413_A_G_b38_A" "chr4_102926426_A_C_b38_A"
[103] "chr4_102926503_A_T_b38_A"
38 SNP(s) removed because HWE P < 1e-08 :
 [1] "chr19_57089662_C_T_b38_C" "chr19_57119107_A_G_b38_A"
 [3] "chr19_57148957_A_G_b38_A" "chr19_57273266_T_C_b38_T"
 [5] "chr19_57327519_A_G_b38_A" "chr19_57491917_T_C_b38_T"
 [7] "chr19_57504961_T_C_b38_T" "chr19_57505106_T_C_b38_T"
 [9] "chr19_57647375_A_G_b38_A" "chr19_57751426_G_A_b38_G"
[11] "chr19_57752631_G_A_b38_G" "chr19_57756063_T_A_b38_T"
[13] "chr19_57757586_A_G_b38_A" "chr19_57759386_G_A_b38_G"
[15] "chr19_57761218_G_A_b38_G" "chr19_57765534_C_T_b38_C"
[17] "chr19_57765603_G_A_b38_G" "chr19_57765790_A_G_b38_A"
[19] "chr19_57767658_G_A_b38_G" "chr19_57773705_A_C_b38_A"
[21] "chr19_57774165_G_C_b38_G" "chr19_57778641_T_C_b38_T"
[23] "chr19_57780194_T_C_b38_T" "chr19_57784589_G_C_b38_G"
[25] "chr19_57786842_C_T_b38_C" "chr19_57794774_G_T_b38_G"
[27] "chr19_57795906_G_T_b38_G" "chr19_57801085_C_T_b38_C"
[29] "chr19_57832804_G_A_b38_G" "chr19_57833145_A_G_b38_A"
[31] "chr19_57836417_G_A_b38_G" "chr19_57836420_T_C_b38_T"
[33] "chr19_57854293_C_A_b38_C" "chr19_57857091_T_C_b38_T"
[35] "chr19_57859289_C_A_b38_C" "chr19_57859376_G_A_b38_G"
[37] "chr19_57860225_G_C_b38_G" "chr19_57879659_G_A_b38_G"
93 SNP(s) removed because HWE P < 1e-08 :
 [1] "chr8_101006661_C_T_b38_C" "chr8_101009145_C_A_b38_C"
 [3] "chr8_101009268_G_C_b38_G" "chr8_101009422_G_C_b38_G"
 [5] "chr8_101012074_G_A_b38_G" "chr8_101012273_A_T_b38_A"
 [7] "chr8_101012353_C_A_b38_C" "chr8_101012354_G_A_b38_G"
 [9] "chr8_101012384_A_C_b38_A" "chr8_101012504_C_T_b38_C"
[11] "chr8_101012584_T_C_b38_T" "chr8_101012778_T_A_b38_T"
[13] "chr8_101012998_C_A_b38_C" "chr8_101013423_C_T_b38_C"
[15] "chr8_101013680_G_A_b38_G" "chr8_101014070_C_T_b38_C"
[17] "chr8_101014281_G_A_b38_G" "chr8_101014701_T_A_b38_T"
[19] "chr8_101014727_A_G_b38_A" "chr8_101015868_T_C_b38_T"
[21] "chr8_101018746_A_G_b38_A" "chr8_101019765_C_T_b38_C"
[23] "chr8_101019877_A_G_b38_A" "chr8_101020263_A_G_b38_A"
[25] "chr8_101021436_A_G_b38_A" "chr8_101022410_G_A_b38_G"
[27] "chr8_101022422_T_C_b38_T" "chr8_101024340_A_G_b38_A"
[29] "chr8_101024415_A_G_b38_A" "chr8_101038284_C_T_b38_C"
[31] "chr8_101052123_G_T_b38_G" "chr8_101067403_A_G_b38_A"
[33] "chr8_101123772_T_C_b38_T" "chr8_101124583_C_T_b38_C"
[35] "chr8_101199955_T_A_b38_T" "chr8_101201557_G_A_b38_G"
[37] "chr8_101202203_A_G_b38_A" "chr8_101220327_G_A_b38_G"
[39] "chr8_101232784_A_G_b38_A" "chr8_101234904_A_G_b38_A"
[41] "chr8_101237463_T_C_b38_T" "chr8_101237766_T_A_b38_T"
[43] "chr8_101238496_T_G_b38_T" "chr8_101242620_G_A_b38_G"
[45] "chr8_101242676_T_G_b38_T" "chr8_101243149_A_G_b38_A"
[47] "chr8_101245187_G_A_b38_G" "chr8_101291557_G_A_b38_G"
[49] "chr8_101302842_A_G_b38_A" "chr8_101363039_A_C_b38_A"
[51] "chr8_101578007_A_G_b38_A" "chr8_101634124_A_G_b38_A"
[53] "chr8_101634175_G_A_b38_G" "chr8_101635630_A_G_b38_A"
[55] "chr8_101636054_T_A_b38_T" "chr8_101637199_G_C_b38_G"
[57] "chr8_101637879_G_A_b38_G" "chr8_101638093_C_T_b38_C"
[59] "chr8_101638150_G_C_b38_G" "chr8_101638280_G_T_b38_G"
[61] "chr8_101638281_G_T_b38_G" "chr8_101638366_A_G_b38_A"
[63] "chr8_101638473_T_C_b38_T" "chr8_101638522_C_G_b38_C"
[65] "chr8_101638567_C_T_b38_C" "chr8_101638651_A_G_b38_A"
[67] "chr8_101638714_G_A_b38_G" "chr8_101638765_C_T_b38_C"
[69] "chr8_101638842_G_A_b38_G" "chr8_101638971_C_G_b38_C"
[71] "chr8_101639383_C_T_b38_C" "chr8_101639539_A_G_b38_A"
[73] "chr8_101639709_T_A_b38_T" "chr8_101640008_G_C_b38_G"
[75] "chr8_101640140_T_C_b38_T" "chr8_101640303_G_A_b38_G"
[77] "chr8_101640374_T_C_b38_T" "chr8_101640752_T_G_b38_T"
[79] "chr8_101641090_G_C_b38_G" "chr8_101641099_A_G_b38_A"
[81] "chr8_101641130_G_T_b38_G" "chr8_101641259_A_G_b38_A"
[83] "chr8_101641302_G_C_b38_G" "chr8_101641347_C_T_b38_C"
[85] "chr8_101642055_A_G_b38_A" "chr8_101642536_T_C_b38_T"
[87] "chr8_101643783_G_A_b38_G" "chr8_101684388_T_C_b38_T"
[89] "chr8_101729707_G_T_b38_G" "chr8_101733194_G_A_b38_G"
[91] "chr8_101776234_C_G_b38_C" "chr8_101876150_A_G_b38_A"
[93] "chr8_101892607_C_A_b38_C"
93 SNP(s) removed because HWE P < 1e-08 :
 [1] "chr12_55842259_G_A_b38_G" "chr12_55844254_C_G_b38_C"
 [3] "chr12_55847314_T_G_b38_T" "chr12_55848171_A_G_b38_A"
 [5] "chr12_55848233_C_T_b38_C" "chr12_56004670_G_C_b38_G"
 [7] "chr12_56008420_A_G_b38_A" "chr12_56010169_G_A_b38_G"
 [9] "chr12_56014785_A_C_b38_A" "chr12_56023619_T_C_b38_T"
[11] "chr12_56026611_T_C_b38_T" "chr12_56048944_C_G_b38_C"
[13] "chr12_56061468_T_C_b38_T" "chr12_56061863_A_G_b38_A"
[15] "chr12_56062174_A_G_b38_A" "chr12_56062197_G_A_b38_G"
[17] "chr12_56063837_G_A_b38_G" "chr12_56064883_T_C_b38_T"
[19] "chr12_56065107_A_G_b38_A" "chr12_56065117_A_G_b38_A"
[21] "chr12_56065181_C_A_b38_C" "chr12_56065404_G_A_b38_G"
[23] "chr12_56065759_A_G_b38_A" "chr12_56065977_G_A_b38_G"
[25] "chr12_56066019_C_G_b38_C" "chr12_56066314_C_G_b38_C"
[27] "chr12_56067648_G_T_b38_G" "chr12_56068026_C_G_b38_C"
[29] "chr12_56069004_C_G_b38_C" "chr12_56069356_G_A_b38_G"
[31] "chr12_56070790_C_G_b38_C" "chr12_56071352_T_A_b38_T"
[33] "chr12_56071896_T_A_b38_T" "chr12_56072271_C_T_b38_C"
[35] "chr12_56073601_G_A_b38_G" "chr12_56147225_C_T_b38_C"
[37] "chr12_56171608_T_G_b38_T" "chr12_56189702_A_G_b38_A"
[39] "chr12_56192368_A_T_b38_A" "chr12_56192465_T_C_b38_T"
[41] "chr12_56192514_A_G_b38_A" "chr12_56192660_T_C_b38_T"
[43] "chr12_56193792_C_T_b38_C" "chr12_56194669_G_A_b38_G"
[45] "chr12_56196031_G_C_b38_G" "chr12_56196766_C_T_b38_C"
[47] "chr12_56199247_G_A_b38_G" "chr12_56200116_G_A_b38_G"
[49] "chr12_56200157_C_A_b38_C" "chr12_56200382_C_T_b38_C"
[51] "chr12_56200715_A_G_b38_A" "chr12_56200734_G_A_b38_G"
[53] "chr12_56201227_G_A_b38_G" "chr12_56203195_T_C_b38_T"
[55] "chr12_56203799_G_A_b38_G" "chr12_56204260_C_T_b38_C"
[57] "chr12_56207453_A_G_b38_A" "chr12_56207955_G_T_b38_G"
[59] "chr12_56209112_G_A_b38_G" "chr12_56209282_C_G_b38_C"
[61] "chr12_56209437_A_T_b38_A" "chr12_56209981_C_T_b38_C"
[63] "chr12_56210050_G_C_b38_G" "chr12_56210636_T_C_b38_T"
[65] "chr12_56210912_C_T_b38_C" "chr12_56211436_A_C_b38_A"
[67] "chr12_56214143_C_T_b38_C" "chr12_56224314_C_T_b38_C"
[69] "chr12_56228189_A_T_b38_A" "chr12_56233489_T_A_b38_T"
[71] "chr12_56235492_A_C_b38_A" "chr12_56250222_T_A_b38_T"
[73] "chr12_56294021_C_T_b38_C" "chr12_56312113_A_C_b38_A"
[75] "chr12_56328276_T_G_b38_T" "chr12_56348081_T_C_b38_T"
[77] "chr12_56349914_T_C_b38_T" "chr12_56358078_C_T_b38_C"
[79] "chr12_56360353_T_G_b38_T" "chr12_56360682_C_T_b38_C"
[81] "chr12_56361274_A_G_b38_A" "chr12_56389271_A_G_b38_A"
[83] "chr12_56396492_T_C_b38_T" "chr12_56398232_T_G_b38_T"
[85] "chr12_56493793_T_C_b38_T" "chr12_56493805_G_C_b38_G"
[87] "chr12_56493810_C_T_b38_C" "chr12_56493814_C_T_b38_C"
[89] "chr12_56496685_A_G_b38_A" "chr12_56513662_G_A_b38_G"
[91] "chr12_56513939_C_A_b38_C" "chr12_56558288_C_T_b38_C"
[93] "chr12_56632508_A_G_b38_A"
37 SNP(s) removed because HWE P < 1e-08 :
 [1] "chr10_97241106_G_A_b38_G" "chr10_97241867_G_A_b38_G"
 [3] "chr10_97244414_G_A_b38_G" "chr10_97247534_C_T_b38_C"
 [5] "chr10_97247723_T_C_b38_T" "chr10_97277829_T_G_b38_T"
 [7] "chr10_97330305_C_G_b38_C" "chr10_97331629_C_T_b38_C"
 [9] "chr10_97529078_T_C_b38_T" "chr10_97529317_T_C_b38_T"
[11] "chr10_97567211_G_C_b38_G" "chr10_97581428_A_G_b38_A"
[13] "chr10_97623782_C_T_b38_C" "chr10_97625729_A_C_b38_A"
[15] "chr10_97627985_T_C_b38_T" "chr10_97635895_G_T_b38_G"
[17] "chr10_97636531_C_T_b38_C" "chr10_97637654_T_A_b38_T"
[19] "chr10_97648051_G_A_b38_G" "chr10_97648210_C_T_b38_C"
[21] "chr10_97700517_C_T_b38_C" "chr10_97700520_C_T_b38_C"
[23] "chr10_97700530_C_T_b38_C" "chr10_97700531_A_G_b38_A"
[25] "chr10_97700541_C_T_b38_C" "chr10_97700567_A_G_b38_A"
[27] "chr10_97700574_T_A_b38_T" "chr10_97764756_C_T_b38_C"
[29] "chr10_97765102_T_C_b38_T" "chr10_97765561_A_G_b38_A"
[31] "chr10_97766328_C_T_b38_C" "chr10_97766750_G_A_b38_G"
[33] "chr10_97768182_A_G_b38_A" "chr10_97772192_A_G_b38_A"
[35] "chr10_97775955_C_G_b38_C" "chr10_97776902_C_G_b38_C"
[37] "chr10_97776941_T_C_b38_T"
60 SNP(s) removed because HWE P < 1e-08 :
 [1] "chr2_33054064_C_G_b38_C" "chr2_33055167_G_A_b38_G"
 [3] "chr2_33072703_C_T_b38_C" "chr2_33085940_G_A_b38_G"
 [5] "chr2_33087972_G_A_b38_G" "chr2_33286824_C_G_b38_C"
 [7] "chr2_33371023_T_G_b38_T" "chr2_33431334_T_C_b38_T"
 [9] "chr2_33431637_T_C_b38_T" "chr2_33432529_A_G_b38_A"
[11] "chr2_33432770_C_T_b38_C" "chr2_33432918_A_G_b38_A"
[13] "chr2_33433068_T_C_b38_T" "chr2_33433257_C_A_b38_C"
[15] "chr2_33433303_T_C_b38_T" "chr2_33433437_T_A_b38_T"
[17] "chr2_33433580_A_G_b38_A" "chr2_33434073_C_T_b38_C"
[19] "chr2_33738469_T_C_b38_T" "chr2_33792585_C_A_b38_C"
[21] "chr2_33826187_C_A_b38_C" "chr2_33826189_T_G_b38_T"
[23] "chr2_33826215_G_C_b38_G" "chr2_33826216_A_G_b38_A"
[25] "chr2_33839969_T_C_b38_T" "chr2_33839972_T_G_b38_T"
[27] "chr2_33839979_T_C_b38_T" "chr2_33839980_G_T_b38_G"
[29] "chr2_33839988_A_G_b38_A" "chr2_33840000_T_C_b38_T"
[31] "chr2_33840004_C_T_b38_C" "chr2_33840016_A_C_b38_A"
[33] "chr2_33840017_G_C_b38_G" "chr2_33840022_G_A_b38_G"
[35] "chr2_33840030_T_C_b38_T" "chr2_33840038_T_C_b38_T"
[37] "chr2_33840048_G_C_b38_G" "chr2_33840049_G_A_b38_G"
[39] "chr2_33840082_C_A_b38_C" "chr2_33840086_G_C_b38_G"
[41] "chr2_33840087_C_T_b38_C" "chr2_33840102_T_C_b38_T"
[43] "chr2_33840112_G_A_b38_G" "chr2_33840131_C_A_b38_C"
[45] "chr2_33840313_A_G_b38_A" "chr2_33840318_T_A_b38_T"
[47] "chr2_33840338_T_G_b38_T" "chr2_33840347_C_A_b38_C"
[49] "chr2_33840373_A_C_b38_A" "chr2_33840374_T_C_b38_T"
[51] "chr2_33840420_A_G_b38_A" "chr2_33840444_T_A_b38_T"
[53] "chr2_33840449_T_G_b38_T" "chr2_33840456_A_G_b38_A"
[55] "chr2_33840462_C_T_b38_C" "chr2_33840664_T_A_b38_T"
[57] "chr2_33840668_G_A_b38_G" "chr2_33905605_C_T_b38_C"
[59] "chr2_33911403_A_G_b38_A" "chr2_33911426_A_G_b38_A"
22 SNP(s) removed because HWE P < 1e-08 :
 [1] "chr1_162353041_G_C_b38_G" "chr1_162353047_A_C_b38_A"
 [3] "chr1_162477576_G_A_b38_G" "chr1_162481393_G_A_b38_G"
 [5] "chr1_162483630_C_T_b38_C" "chr1_162701799_T_C_b38_T"
 [7] "chr1_162704548_G_A_b38_G" "chr1_162705250_T_C_b38_T"
 [9] "chr1_162706401_C_T_b38_C" "chr1_162710700_T_C_b38_T"
[11] "chr1_162714569_T_C_b38_T" "chr1_162722878_C_G_b38_C"
[13] "chr1_162733892_A_G_b38_A" "chr1_162742199_A_T_b38_A"
[15] "chr1_162742900_G_A_b38_G" "chr1_162743999_G_A_b38_G"
[17] "chr1_162744207_T_C_b38_T" "chr1_162752426_G_A_b38_G"
[19] "chr1_162763446_G_A_b38_G" "chr1_162798738_C_G_b38_C"
[21] "chr1_162803606_G_A_b38_G" "chr1_162909861_T_C_b38_T"
20 SNP(s) removed because HWE P < 1e-08 :
 [1] "chr17_35379518_A_C_b38_A" "chr17_35442015_G_A_b38_G"
 [3] "chr17_35996816_T_G_b38_T" "chr17_36082933_C_A_b38_C"
 [5] "chr17_36083801_G_C_b38_G" "chr17_36083900_T_A_b38_T"
 [7] "chr17_36109988_G_T_b38_G" "chr17_36111300_G_A_b38_G"
 [9] "chr17_36112019_G_A_b38_G" "chr17_36114883_G_A_b38_G"
[11] "chr17_36152807_C_A_b38_C" "chr17_36160669_C_T_b38_C"
[13] "chr17_36161464_T_G_b38_T" "chr17_36163152_C_T_b38_C"
[15] "chr17_36163256_C_T_b38_C" "chr17_36164185_C_T_b38_C"
[17] "chr17_36165283_A_G_b38_A" "chr17_36165307_T_G_b38_T"
[19] "chr17_36229227_G_A_b38_G" "chr17_36229290_G_T_b38_G"
26 SNP(s) removed because HWE P < 1e-08 :
 [1] "chr9_74640194_T_C_b38_T" "chr9_75433758_C_A_b38_C"
 [3] "chr9_75434232_G_A_b38_G" "chr9_75434299_C_T_b38_C"
 [5] "chr9_75434463_G_A_b38_G" "chr9_75435147_A_G_b38_A"
 [7] "chr9_75435790_C_T_b38_C" "chr9_75435913_A_G_b38_A"
 [9] "chr9_75436083_T_G_b38_T" "chr9_75436284_C_G_b38_C"
[11] "chr9_75437479_G_A_b38_G" "chr9_75440834_C_T_b38_C"
[13] "chr9_75443372_T_C_b38_T" "chr9_75443521_T_C_b38_T"
[15] "chr9_75444770_T_C_b38_T" "chr9_75445188_G_A_b38_G"
[17] "chr9_75445766_C_G_b38_C" "chr9_75446044_A_G_b38_A"
[19] "chr9_75446385_T_G_b38_T" "chr9_75446633_C_T_b38_C"
[21] "chr9_75447123_A_C_b38_A" "chr9_75447384_G_A_b38_G"
[23] "chr9_75447565_G_C_b38_G" "chr9_75447605_T_C_b38_T"
[25] "chr9_75447938_A_G_b38_A" "chr9_75447941_C_T_b38_C"
22 SNP(s) removed because HWE P < 1e-08 :
 [1] "chr4_8044692_G_T_b38_G" "chr4_8044693_A_C_b38_A" "chr4_8059763_G_A_b38_G"
 [4] "chr4_8100031_G_T_b38_G" "chr4_8100581_C_T_b38_C" "chr4_8306668_C_G_b38_C"
 [7] "chr4_8557849_T_C_b38_T" "chr4_8557938_A_C_b38_A" "chr4_8557958_G_A_b38_G"
[10] "chr4_8557961_C_T_b38_C" "chr4_8585626_A_G_b38_A" "chr4_8603756_G_C_b38_G"
[13] "chr4_8632004_T_A_b38_T" "chr4_8632045_A_G_b38_A" "chr4_8635779_A_G_b38_A"
[16] "chr4_8655103_T_G_b38_T" "chr4_8655200_C_G_b38_C" "chr4_8656155_G_C_b38_G"
[19] "chr4_8659539_G_A_b38_G" "chr4_8661217_T_G_b38_T" "chr4_8674262_C_G_b38_C"
[22] "chr4_8677036_C_A_b38_C"
15 SNP(s) removed because HWE P < 1e-08 :
 [1] "chr19_15777552_C_T_b38_C" "chr19_15777589_C_T_b38_C"
 [3] "chr19_15777590_C_G_b38_C" "chr19_15777727_C_A_b38_C"
 [5] "chr19_15777733_A_G_b38_A" "chr19_15904534_A_G_b38_A"
 [7] "chr19_15904541_A_G_b38_A" "chr19_15904559_C_T_b38_C"
 [9] "chr19_15904562_A_G_b38_A" "chr19_15907677_G_A_b38_G"
[11] "chr19_16040200_A_C_b38_A" "chr19_16259434_C_T_b38_C"
[13] "chr19_16288240_A_G_b38_A" "chr19_16294249_G_A_b38_G"
[15] "chr19_16367986_T_A_b38_T"
41 SNP(s) removed because HWE P < 1e-08 :
 [1] "chr1_23885269_A_T_b38_A" "chr1_23904526_A_G_b38_A"
 [3] "chr1_23905799_C_A_b38_C" "chr1_23906822_G_A_b38_G"
 [5] "chr1_23907258_G_T_b38_G" "chr1_23907551_C_T_b38_C"
 [7] "chr1_23908363_C_T_b38_C" "chr1_23908468_C_A_b38_C"
 [9] "chr1_23914726_G_A_b38_G" "chr1_23920098_G_A_b38_G"
[11] "chr1_23921197_C_A_b38_C" "chr1_23925053_G_A_b38_G"
[13] "chr1_23930118_C_T_b38_C" "chr1_24192604_T_A_b38_T"
[15] "chr1_24213099_A_G_b38_A" "chr1_24213738_G_A_b38_G"
[17] "chr1_24214031_C_T_b38_C" "chr1_24214621_T_A_b38_T"
[19] "chr1_24214665_G_C_b38_G" "chr1_24216998_A_G_b38_A"
[21] "chr1_24217220_A_T_b38_A" "chr1_24217887_G_A_b38_G"
[23] "chr1_24225041_C_T_b38_C" "chr1_24225222_C_T_b38_C"
[25] "chr1_24227749_C_T_b38_C" "chr1_24228548_C_G_b38_C"
[27] "chr1_24228905_C_A_b38_C" "chr1_24234005_G_A_b38_G"
[29] "chr1_24241376_G_A_b38_G" "chr1_24245344_C_A_b38_C"
[31] "chr1_24245843_A_G_b38_A" "chr1_24248017_G_A_b38_G"
[33] "chr1_24248074_G_A_b38_G" "chr1_24359014_A_C_b38_A"
[35] "chr1_24476201_T_G_b38_T" "chr1_24532338_C_T_b38_C"
[37] "chr1_24533277_A_C_b38_A" "chr1_24541314_C_T_b38_C"
[39] "chr1_24543514_A_G_b38_A" "chr1_24634837_G_A_b38_G"
[41] "chr1_24635031_G_C_b38_G"
10 SNP(s) removed because HWE P < 1e-08 :
 [1] "chr13_27916471_A_T_b38_A" "chr13_28029258_G_C_b38_G"
 [3] "chr13_28032094_G_A_b38_G" "chr13_28033412_C_T_b38_C"
 [5] "chr13_28040224_G_A_b38_G" "chr13_28070868_C_T_b38_C"
 [7] "chr13_28306098_T_C_b38_T" "chr13_28307921_A_G_b38_A"
 [9] "chr13_28314001_G_A_b38_G" "chr13_28319733_C_G_b38_C"
82 SNP(s) removed because HWE P < 1e-08 :
 [1] "chr19_52439481_C_T_b38_C" "chr19_52446066_A_G_b38_A"
 [3] "chr19_52446988_C_T_b38_C" "chr19_52447911_G_C_b38_G"
 [5] "chr19_52453680_C_G_b38_C" "chr19_52453825_T_G_b38_T"
 [7] "chr19_52455960_G_A_b38_G" "chr19_52460173_A_G_b38_A"
 [9] "chr19_52466824_T_C_b38_T" "chr19_52471990_C_A_b38_C"
[11] "chr19_52473128_G_A_b38_G" "chr19_52474838_G_T_b38_G"
[13] "chr19_52476954_C_T_b38_C" "chr19_52477143_C_T_b38_C"
[15] "chr19_52478828_T_C_b38_T" "chr19_52480010_T_C_b38_T"
[17] "chr19_52539013_G_C_b38_G" "chr19_52539119_G_A_b38_G"
[19] "chr19_52546186_C_T_b38_C" "chr19_52631829_G_A_b38_G"
[21] "chr19_52631840_C_T_b38_C" "chr19_52689828_T_G_b38_T"
[23] "chr19_52689883_G_A_b38_G" "chr19_52690061_C_T_b38_C"
[25] "chr19_52690065_G_A_b38_G" "chr19_52690075_T_C_b38_T"
[27] "chr19_52690076_C_T_b38_C" "chr19_52773201_T_C_b38_T"
[29] "chr19_52773202_G_A_b38_G" "chr19_52773224_T_C_b38_T"
[31] "chr19_52773251_A_G_b38_A" "chr19_52776999_A_T_b38_A"
[33] "chr19_52777009_G_A_b38_G" "chr19_52855752_T_C_b38_T"
[35] "chr19_52855864_T_C_b38_T" "chr19_52856080_T_C_b38_T"
[37] "chr19_52915302_A_G_b38_A" "chr19_52915358_A_G_b38_A"
[39] "chr19_52915392_A_G_b38_A" "chr19_52915963_T_C_b38_T"
[41] "chr19_52915971_C_A_b38_C" "chr19_52915981_C_T_b38_C"
[43] "chr19_52915991_A_T_b38_A" "chr19_52916002_C_T_b38_C"
[45] "chr19_52916003_A_G_b38_A" "chr19_52916006_T_C_b38_T"
[47] "chr19_52916016_C_T_b38_C" "chr19_52916020_C_T_b38_C"
[49] "chr19_52916026_G_A_b38_G" "chr19_52916036_T_C_b38_T"
[51] "chr19_52916037_G_A_b38_G" "chr19_52916070_C_T_b38_C"
[53] "chr19_52916071_A_G_b38_A" "chr19_52916087_A_C_b38_A"
[55] "chr19_52978646_G_C_b38_G" "chr19_52978751_T_C_b38_T"
[57] "chr19_52978774_C_T_b38_C" "chr19_52978785_C_A_b38_C"
[59] "chr19_52978800_C_T_b38_C" "chr19_52978819_G_A_b38_G"
[61] "chr19_52978828_C_T_b38_C" "chr19_53004046_C_G_b38_C"
[63] "chr19_53004961_C_A_b38_C" "chr19_53005259_G_T_b38_G"
[65] "chr19_53005357_C_T_b38_C" "chr19_53096495_G_A_b38_G"
[67] "chr19_53098483_C_G_b38_C" "chr19_53098504_A_G_b38_A"
[69] "chr19_53098521_G_T_b38_G" "chr19_53098545_G_A_b38_G"
[71] "chr19_53098674_A_G_b38_A" "chr19_53098803_C_T_b38_C"
[73] "chr19_53099173_G_A_b38_G" "chr19_53099177_C_T_b38_C"
[75] "chr19_53099181_G_A_b38_G" "chr19_53099188_C_G_b38_C"
[77] "chr19_53126336_G_A_b38_G" "chr19_53128312_A_G_b38_A"
[79] "chr19_53128329_G_T_b38_G" "chr19_53128341_T_C_b38_T"
[81] "chr19_53128345_C_T_b38_C" "chr19_53128954_C_T_b38_C"
79 SNP(s) removed because HWE P < 1e-08 :
 [1] "chr3_100219028_G_T_b38_G" "chr3_100230982_T_G_b38_T"
 [3] "chr3_100249116_G_A_b38_G" "chr3_100256655_C_T_b38_C"
 [5] "chr3_100319384_T_C_b38_T" "chr3_100319582_C_A_b38_C"
 [7] "chr3_100325743_C_G_b38_C" "chr3_100357979_T_C_b38_T"
 [9] "chr3_100366712_C_A_b38_C" "chr3_100368490_G_C_b38_G"
[11] "chr3_100378772_A_C_b38_A" "chr3_100383236_A_C_b38_A"
[13] "chr3_100392762_G_A_b38_G" "chr3_100427025_T_C_b38_T"
[15] "chr3_100469791_C_G_b38_C" "chr3_100470119_G_A_b38_G"
[17] "chr3_100470501_G_A_b38_G" "chr3_100470806_T_C_b38_T"
[19] "chr3_100471160_C_T_b38_C" "chr3_100471696_T_G_b38_T"
[21] "chr3_100472096_T_C_b38_T" "chr3_100472483_A_G_b38_A"
[23] "chr3_100472623_A_G_b38_A" "chr3_100472872_A_G_b38_A"
[25] "chr3_100473077_C_T_b38_C" "chr3_100473856_G_A_b38_G"
[27] "chr3_100474339_T_C_b38_T" "chr3_100474505_G_A_b38_G"
[29] "chr3_100474546_C_T_b38_C" "chr3_100474725_T_C_b38_T"
[31] "chr3_100474907_T_C_b38_T" "chr3_100475024_T_A_b38_T"
[33] "chr3_100475460_G_A_b38_G" "chr3_100475630_T_C_b38_T"
[35] "chr3_100476056_A_G_b38_A" "chr3_100476186_C_G_b38_C"
[37] "chr3_100476472_T_C_b38_T" "chr3_100476591_A_G_b38_A"
[39] "chr3_100476696_A_C_b38_A" "chr3_100476785_A_C_b38_A"
[41] "chr3_100478628_T_C_b38_T" "chr3_100478629_G_T_b38_G"
[43] "chr3_100481071_C_A_b38_C" "chr3_100481658_T_C_b38_T"
[45] "chr3_100481835_G_A_b38_G" "chr3_100482635_G_T_b38_G"
[47] "chr3_100484224_T_C_b38_T" "chr3_100518473_A_T_b38_A"
[49] "chr3_100520180_T_A_b38_T" "chr3_100544684_G_A_b38_G"
[51] "chr3_100556256_T_C_b38_T" "chr3_100578914_G_A_b38_G"
[53] "chr3_100578925_G_A_b38_G" "chr3_100589807_T_C_b38_T"
[55] "chr3_100595500_G_A_b38_G" "chr3_100596314_G_T_b38_G"
[57] "chr3_100598178_A_G_b38_A" "chr3_100598603_A_T_b38_A"
[59] "chr3_100599211_T_C_b38_T" "chr3_100600041_A_G_b38_A"
[61] "chr3_100600344_G_A_b38_G" "chr3_100600516_G_A_b38_G"
[63] "chr3_100600654_G_C_b38_G" "chr3_100602845_T_C_b38_T"
[65] "chr3_100602915_A_G_b38_A" "chr3_100610356_A_G_b38_A"
[67] "chr3_100666455_G_A_b38_G" "chr3_100667188_T_A_b38_T"
[69] "chr3_100668865_A_G_b38_A" "chr3_100670495_A_G_b38_A"
[71] "chr3_100672422_A_G_b38_A" "chr3_100673502_T_C_b38_T"
[73] "chr3_100673524_T_C_b38_T" "chr3_100673544_C_T_b38_C"
[75] "chr3_100674735_C_G_b38_C" "chr3_100675126_G_A_b38_G"
[77] "chr3_100677780_A_G_b38_A" "chr3_100682295_G_A_b38_G"
[79] "chr3_100682661_G_T_b38_G"
39 SNP(s) removed because HWE P < 1e-08 :
 [1] "chr22_49765666_G_C_b38_G" "chr22_49770965_G_C_b38_G"
 [3] "chr22_49837507_C_G_b38_C" "chr22_49846939_C_A_b38_C"
 [5] "chr22_49848251_T_C_b38_T" "chr22_49872508_G_A_b38_G"
 [7] "chr22_49880142_T_C_b38_T" "chr22_49880243_G_T_b38_G"
 [9] "chr22_49883047_G_C_b38_G" "chr22_49894697_A_G_b38_A"
[11] "chr22_49906790_T_C_b38_T" "chr22_49921580_T_C_b38_T"
[13] "chr22_49921715_C_A_b38_C" "chr22_49973759_T_C_b38_T"
[15] "chr22_50013858_A_C_b38_A" "chr22_50357867_G_A_b38_G"
[17] "chr22_50371703_G_C_b38_G" "chr22_50418711_G_A_b38_G"
[19] "chr22_50424402_A_C_b38_A" "chr22_50424421_C_A_b38_C"
[21] "chr22_50424423_C_T_b38_C" "chr22_50495487_G_A_b38_G"
[23] "chr22_50495498_T_C_b38_T" "chr22_50495499_G_A_b38_G"
[25] "chr22_50508159_C_G_b38_C" "chr22_50509182_A_G_b38_A"
[27] "chr22_50509488_T_C_b38_T" "chr22_50509962_A_G_b38_A"
[29] "chr22_50510817_C_T_b38_C" "chr22_50510967_T_C_b38_T"
[31] "chr22_50511806_T_C_b38_T" "chr22_50512014_T_C_b38_T"
[33] "chr22_50512298_G_A_b38_G" "chr22_50512549_T_G_b38_T"
[35] "chr22_50513313_G_C_b38_G" "chr22_50513793_G_A_b38_G"
[37] "chr22_50542614_C_T_b38_C" "chr22_50542624_A_T_b38_A"
[39] "chr22_50712000_C_T_b38_C"
20 SNP(s) removed because HWE P < 1e-08 :
 [1] "chr17_35379518_A_C_b38_A" "chr17_35442015_G_A_b38_G"
 [3] "chr17_35996816_T_G_b38_T" "chr17_36082933_C_A_b38_C"
 [5] "chr17_36083801_G_C_b38_G" "chr17_36083900_T_A_b38_T"
 [7] "chr17_36109988_G_T_b38_G" "chr17_36111300_G_A_b38_G"
 [9] "chr17_36112019_G_A_b38_G" "chr17_36114883_G_A_b38_G"
[11] "chr17_36152807_C_A_b38_C" "chr17_36160669_C_T_b38_C"
[13] "chr17_36161464_T_G_b38_T" "chr17_36163152_C_T_b38_C"
[15] "chr17_36163256_C_T_b38_C" "chr17_36164185_C_T_b38_C"
[17] "chr17_36165283_A_G_b38_A" "chr17_36165307_T_G_b38_T"
[19] "chr17_36229227_G_A_b38_G" "chr17_36229290_G_T_b38_G"
51 SNP(s) removed because HWE P < 1e-08 :
 [1] "chr19_50749708_G_C_b38_G" "chr19_50842031_A_G_b38_A"
 [3] "chr19_50896788_T_C_b38_T" "chr19_50897100_A_G_b38_A"
 [5] "chr19_50897145_C_T_b38_C" "chr19_50948431_C_T_b38_C"
 [7] "chr19_50957933_A_G_b38_A" "chr19_51083323_T_G_b38_T"
 [9] "chr19_51107599_A_G_b38_A" "chr19_51107741_T_G_b38_T"
[11] "chr19_51108006_G_A_b38_G" "chr19_51116302_T_C_b38_T"
[13] "chr19_51120922_T_G_b38_T" "chr19_51121015_T_G_b38_T"
[15] "chr19_51121279_T_C_b38_T" "chr19_51121832_A_C_b38_A"
[17] "chr19_51121942_T_C_b38_T" "chr19_51122379_A_G_b38_A"
[19] "chr19_51122568_A_G_b38_A" "chr19_51122642_G_C_b38_G"
[21] "chr19_51123685_A_G_b38_A" "chr19_51136723_A_G_b38_A"
[23] "chr19_51172375_T_C_b38_T" "chr19_51173311_A_G_b38_A"
[25] "chr19_51173876_T_C_b38_T" "chr19_51184134_C_T_b38_C"
[27] "chr19_51201503_A_G_b38_A" "chr19_51208344_T_C_b38_T"
[29] "chr19_51208365_C_T_b38_C" "chr19_51212754_T_C_b38_T"
[31] "chr19_51235665_T_C_b38_T" "chr19_51251278_A_C_b38_A"
[33] "chr19_51280161_A_G_b38_A" "chr19_51280387_C_T_b38_C"
[35] "chr19_51281207_G_A_b38_G" "chr19_51282770_C_G_b38_C"
[37] "chr19_51283428_T_C_b38_T" "chr19_51284112_C_T_b38_C"
[39] "chr19_51284184_A_C_b38_A" "chr19_51285176_C_A_b38_C"
[41] "chr19_51285861_G_A_b38_G" "chr19_51287738_T_C_b38_T"
[43] "chr19_51290510_A_C_b38_A" "chr19_51291857_T_G_b38_T"
[45] "chr19_51293045_T_C_b38_T" "chr19_51298175_C_T_b38_C"
[47] "chr19_51358092_C_G_b38_C" "chr19_51447917_C_T_b38_C"
[49] "chr19_51447928_A_G_b38_A" "chr19_51448049_T_G_b38_T"
[51] "chr19_51457686_A_G_b38_A"
69 SNP(s) removed because HWE P < 1e-08 :
 [1] "chr8_81253423_T_C_b38_T" "chr8_81281143_C_T_b38_C"
 [3] "chr8_81289273_A_T_b38_A" "chr8_81297255_A_G_b38_A"
 [5] "chr8_81299436_C_T_b38_C" "chr8_81300344_T_C_b38_T"
 [7] "chr8_81325559_T_C_b38_T" "chr8_81327049_C_G_b38_C"
 [9] "chr8_81327156_T_G_b38_T" "chr8_81327252_A_G_b38_A"
[11] "chr8_81327333_T_C_b38_T" "chr8_81327394_A_G_b38_A"
[13] "chr8_81328362_A_G_b38_A" "chr8_81328531_C_A_b38_C"
[15] "chr8_81329064_T_A_b38_T" "chr8_81329094_T_G_b38_T"
[17] "chr8_81329957_C_T_b38_C" "chr8_81330786_A_G_b38_A"
[19] "chr8_81330873_T_C_b38_T" "chr8_81331043_A_C_b38_A"
[21] "chr8_81331131_T_C_b38_T" "chr8_81331608_C_T_b38_C"
[23] "chr8_81331614_C_T_b38_C" "chr8_81331709_T_G_b38_T"
[25] "chr8_81331864_A_G_b38_A" "chr8_81331877_C_T_b38_C"
[27] "chr8_81332098_G_A_b38_G" "chr8_81332283_A_G_b38_A"
[29] "chr8_81332524_C_T_b38_C" "chr8_81332904_A_T_b38_A"
[31] "chr8_81332906_C_T_b38_C" "chr8_81333125_G_A_b38_G"
[33] "chr8_81333194_G_T_b38_G" "chr8_81333216_T_C_b38_T"
[35] "chr8_81333791_C_T_b38_C" "chr8_81334313_T_C_b38_T"
[37] "chr8_81335686_A_G_b38_A" "chr8_81336303_C_T_b38_C"
[39] "chr8_81464464_C_T_b38_C" "chr8_81468508_A_T_b38_A"
[41] "chr8_81468888_A_G_b38_A" "chr8_81469332_T_C_b38_T"
[43] "chr8_81469415_G_A_b38_G" "chr8_81470506_G_A_b38_G"
[45] "chr8_81470621_C_T_b38_C" "chr8_81471159_T_G_b38_T"
[47] "chr8_81514819_A_C_b38_A" "chr8_81515555_C_T_b38_C"
[49] "chr8_81518769_T_C_b38_T" "chr8_81527961_G_T_b38_G"
[51] "chr8_81900677_A_T_b38_A" "chr8_81900680_C_T_b38_C"
[53] "chr8_81900761_G_T_b38_G" "chr8_81900762_G_A_b38_G"
[55] "chr8_81900773_G_A_b38_G" "chr8_81900776_G_T_b38_G"
[57] "chr8_81900779_T_C_b38_T" "chr8_81900782_C_T_b38_C"
[59] "chr8_81900783_T_C_b38_T" "chr8_81900784_G_A_b38_G"
[61] "chr8_81900789_T_C_b38_T" "chr8_81900796_C_G_b38_C"
[63] "chr8_81900800_G_C_b38_G" "chr8_82127185_G_A_b38_G"
[65] "chr8_82127192_C_G_b38_C" "chr8_82129772_G_C_b38_G"
[67] "chr8_82130336_C_T_b38_C" "chr8_82136891_C_T_b38_C"
[69] "chr8_82137774_C_G_b38_C"
20 SNP(s) removed because HWE P < 1e-08 :
 [1] "chr17_35379518_A_C_b38_A" "chr17_35442015_G_A_b38_G"
 [3] "chr17_35996816_T_G_b38_T" "chr17_36082933_C_A_b38_C"
 [5] "chr17_36083801_G_C_b38_G" "chr17_36083900_T_A_b38_T"
 [7] "chr17_36109988_G_T_b38_G" "chr17_36111300_G_A_b38_G"
 [9] "chr17_36112019_G_A_b38_G" "chr17_36114883_G_A_b38_G"
[11] "chr17_36152807_C_A_b38_C" "chr17_36160669_C_T_b38_C"
[13] "chr17_36161464_T_G_b38_T" "chr17_36163152_C_T_b38_C"
[15] "chr17_36163256_C_T_b38_C" "chr17_36164185_C_T_b38_C"
[17] "chr17_36165283_A_G_b38_A" "chr17_36165307_T_G_b38_T"
[19] "chr17_36229227_G_A_b38_G" "chr17_36229290_G_T_b38_G"
56 SNP(s) removed because HWE P < 1e-08 :
 [1] "chr2_234571796_G_C_b38_G" "chr2_234679043_G_T_b38_G"
 [3] "chr2_234679188_T_C_b38_T" "chr2_234758936_C_T_b38_C"
 [5] "chr2_234758982_T_C_b38_T" "chr2_234760203_A_G_b38_A"
 [7] "chr2_234760375_C_T_b38_C" "chr2_234888396_A_G_b38_A"
 [9] "chr2_234888758_T_C_b38_T" "chr2_234894832_A_C_b38_A"
[11] "chr2_234894910_G_A_b38_G" "chr2_234894973_T_C_b38_T"
[13] "chr2_234895017_A_G_b38_A" "chr2_234895077_T_C_b38_T"
[15] "chr2_234895138_G_A_b38_G" "chr2_234895180_T_G_b38_T"
[17] "chr2_234895243_G_C_b38_G" "chr2_234895404_A_G_b38_A"
[19] "chr2_234895495_A_G_b38_A" "chr2_234895594_G_T_b38_G"
[21] "chr2_234895605_G_A_b38_G" "chr2_234895717_A_C_b38_A"
[23] "chr2_234895726_G_A_b38_G" "chr2_234895744_C_T_b38_C"
[25] "chr2_234895756_C_A_b38_C" "chr2_234895848_T_A_b38_T"
[27] "chr2_234895974_C_T_b38_C" "chr2_234895996_G_A_b38_G"
[29] "chr2_234896107_C_G_b38_C" "chr2_234896219_G_C_b38_G"
[31] "chr2_234896302_G_C_b38_G" "chr2_234896331_A_G_b38_A"
[33] "chr2_235001953_C_T_b38_C" "chr2_235013109_C_A_b38_C"
[35] "chr2_235013502_C_T_b38_C" "chr2_235014147_A_G_b38_A"
[37] "chr2_235014329_G_T_b38_G" "chr2_235016380_G_A_b38_G"
[39] "chr2_235017019_T_C_b38_T" "chr2_235018342_C_T_b38_C"
[41] "chr2_235031472_C_T_b38_C" "chr2_235062147_T_G_b38_T"
[43] "chr2_235255566_C_A_b38_C" "chr2_235294463_A_G_b38_A"
[45] "chr2_235316147_T_C_b38_T" "chr2_235374434_A_G_b38_A"
[47] "chr2_235375213_T_C_b38_T" "chr2_235375341_T_C_b38_T"
[49] "chr2_235376857_G_A_b38_G" "chr2_235378897_A_T_b38_A"
[51] "chr2_235380311_G_A_b38_G" "chr2_235383464_G_A_b38_G"
[53] "chr2_235385818_T_C_b38_T" "chr2_235399509_A_G_b38_A"
[55] "chr2_235401021_T_A_b38_T" "chr2_235450334_T_C_b38_T"
80 SNP(s) removed because HWE P < 1e-08 :
 [1] "chr6_107669224_G_T_b38_G" "chr6_107672960_C_G_b38_C"
 [3] "chr6_107673917_A_G_b38_A" "chr6_107677390_A_T_b38_A"
 [5] "chr6_107846494_C_G_b38_C" "chr6_108000117_A_T_b38_A"
 [7] "chr6_108000334_T_C_b38_T" "chr6_108001917_C_A_b38_C"
 [9] "chr6_108006751_G_A_b38_G" "chr6_108007238_G_A_b38_G"
[11] "chr6_108007368_A_G_b38_A" "chr6_108007451_C_T_b38_C"
[13] "chr6_108007472_C_T_b38_C" "chr6_108007527_C_T_b38_C"
[15] "chr6_108008017_T_C_b38_T" "chr6_108008359_T_C_b38_T"
[17] "chr6_108008481_C_G_b38_C" "chr6_108008495_A_G_b38_A"
[19] "chr6_108008599_G_C_b38_G" "chr6_108008646_G_T_b38_G"
[21] "chr6_108008673_G_A_b38_G" "chr6_108008966_T_C_b38_T"
[23] "chr6_108009065_A_C_b38_A" "chr6_108009263_A_C_b38_A"
[25] "chr6_108009418_C_T_b38_C" "chr6_108009740_T_C_b38_T"
[27] "chr6_108009810_A_G_b38_A" "chr6_108010017_T_A_b38_T"
[29] "chr6_108010508_T_A_b38_T" "chr6_108010517_A_T_b38_A"
[31] "chr6_108010586_G_A_b38_G" "chr6_108010633_T_G_b38_T"
[33] "chr6_108010977_C_T_b38_C" "chr6_108011071_C_T_b38_C"
[35] "chr6_108011147_A_G_b38_A" "chr6_108011236_G_A_b38_G"
[37] "chr6_108011385_A_G_b38_A" "chr6_108012081_G_A_b38_G"
[39] "chr6_108013195_A_G_b38_A" "chr6_108020613_G_A_b38_G"
[41] "chr6_108086458_A_C_b38_A" "chr6_108088283_G_A_b38_G"
[43] "chr6_108121542_G_C_b38_G" "chr6_108141650_A_G_b38_A"
[45] "chr6_108275085_T_A_b38_T" "chr6_108275139_C_A_b38_C"
[47] "chr6_108276355_T_C_b38_T" "chr6_108277061_A_G_b38_A"
[49] "chr6_108277815_A_T_b38_A" "chr6_108278018_A_G_b38_A"
[51] "chr6_108279485_A_C_b38_A" "chr6_108281492_C_T_b38_C"
[53] "chr6_108284490_A_G_b38_A" "chr6_108285343_A_G_b38_A"
[55] "chr6_108285384_C_T_b38_C" "chr6_108286996_G_A_b38_G"
[57] "chr6_108289437_A_G_b38_A" "chr6_108295849_G_A_b38_G"
[59] "chr6_108301280_A_G_b38_A" "chr6_108301514_A_G_b38_A"
[61] "chr6_108302166_T_C_b38_T" "chr6_108304404_G_C_b38_G"
[63] "chr6_108310981_T_A_b38_T" "chr6_108314523_G_A_b38_G"
[65] "chr6_108315060_T_C_b38_T" "chr6_108323004_G_C_b38_G"
[67] "chr6_108323371_A_T_b38_A" "chr6_108326190_C_T_b38_C"
[69] "chr6_108326798_A_G_b38_A" "chr6_108327082_A_G_b38_A"
[71] "chr6_108330835_T_C_b38_T" "chr6_108334086_T_C_b38_T"
[73] "chr6_108334101_G_C_b38_G" "chr6_108336556_T_A_b38_T"
[75] "chr6_108338282_C_T_b38_C" "chr6_108339015_A_G_b38_A"
[77] "chr6_108356953_A_G_b38_A" "chr6_108358723_G_A_b38_G"
[79] "chr6_108371847_C_T_b38_C" "chr6_108372022_G_C_b38_G"
51 SNP(s) removed because HWE P < 1e-08 :
 [1] "chr19_50749708_G_C_b38_G" "chr19_50842031_A_G_b38_A"
 [3] "chr19_50896788_T_C_b38_T" "chr19_50897100_A_G_b38_A"
 [5] "chr19_50897145_C_T_b38_C" "chr19_50948431_C_T_b38_C"
 [7] "chr19_50957933_A_G_b38_A" "chr19_51083323_T_G_b38_T"
 [9] "chr19_51107599_A_G_b38_A" "chr19_51107741_T_G_b38_T"
[11] "chr19_51108006_G_A_b38_G" "chr19_51116302_T_C_b38_T"
[13] "chr19_51120922_T_G_b38_T" "chr19_51121015_T_G_b38_T"
[15] "chr19_51121279_T_C_b38_T" "chr19_51121832_A_C_b38_A"
[17] "chr19_51121942_T_C_b38_T" "chr19_51122379_A_G_b38_A"
[19] "chr19_51122568_A_G_b38_A" "chr19_51122642_G_C_b38_G"
[21] "chr19_51123685_A_G_b38_A" "chr19_51136723_A_G_b38_A"
[23] "chr19_51172375_T_C_b38_T" "chr19_51173311_A_G_b38_A"
[25] "chr19_51173876_T_C_b38_T" "chr19_51184134_C_T_b38_C"
[27] "chr19_51201503_A_G_b38_A" "chr19_51208344_T_C_b38_T"
[29] "chr19_51208365_C_T_b38_C" "chr19_51212754_T_C_b38_T"
[31] "chr19_51235665_T_C_b38_T" "chr19_51251278_A_C_b38_A"
[33] "chr19_51280161_A_G_b38_A" "chr19_51280387_C_T_b38_C"
[35] "chr19_51281207_G_A_b38_G" "chr19_51282770_C_G_b38_C"
[37] "chr19_51283428_T_C_b38_T" "chr19_51284112_C_T_b38_C"
[39] "chr19_51284184_A_C_b38_A" "chr19_51285176_C_A_b38_C"
[41] "chr19_51285861_G_A_b38_G" "chr19_51287738_T_C_b38_T"
[43] "chr19_51290510_A_C_b38_A" "chr19_51291857_T_G_b38_T"
[45] "chr19_51293045_T_C_b38_T" "chr19_51298175_C_T_b38_C"
[47] "chr19_51358092_C_G_b38_C" "chr19_51447917_C_T_b38_C"
[49] "chr19_51447928_A_G_b38_A" "chr19_51448049_T_G_b38_T"
[51] "chr19_51457686_A_G_b38_A"
6 SNP(s) removed because HWE P < 1e-08 :
[1] "chr17_28439190_A_C_b38_A" "chr17_28439714_T_C_b38_T"
[3] "chr17_28441937_G_A_b38_G" "chr17_28452019_C_T_b38_C"
[5] "chr17_28452207_C_G_b38_C" "chr17_28459762_C_A_b38_C"
10 SNP(s) removed because HWE P < 1e-08 :
 [1] "chr14_69736746_C_T_b38_C" "chr14_69740123_C_T_b38_C"
 [3] "chr14_69818991_G_C_b38_G" "chr14_69819228_C_A_b38_C"
 [5] "chr14_69857045_C_G_b38_C" "chr14_69879273_T_A_b38_T"
 [7] "chr14_69889330_C_T_b38_C" "chr14_69893055_C_T_b38_C"
 [9] "chr14_69895357_A_G_b38_A" "chr14_69895431_A_G_b38_A"
49 SNP(s) removed because HWE P < 1e-08 :
 [1] "chr19_51083323_T_G_b38_T" "chr19_51107599_A_G_b38_A"
 [3] "chr19_51107741_T_G_b38_T" "chr19_51108006_G_A_b38_G"
 [5] "chr19_51116302_T_C_b38_T" "chr19_51120922_T_G_b38_T"
 [7] "chr19_51121015_T_G_b38_T" "chr19_51121279_T_C_b38_T"
 [9] "chr19_51121832_A_C_b38_A" "chr19_51121942_T_C_b38_T"
[11] "chr19_51122379_A_G_b38_A" "chr19_51122568_A_G_b38_A"
[13] "chr19_51122642_G_C_b38_G" "chr19_51123685_A_G_b38_A"
[15] "chr19_51136723_A_G_b38_A" "chr19_51172375_T_C_b38_T"
[17] "chr19_51173311_A_G_b38_A" "chr19_51173876_T_C_b38_T"
[19] "chr19_51184134_C_T_b38_C" "chr19_51201503_A_G_b38_A"
[21] "chr19_51208344_T_C_b38_T" "chr19_51208365_C_T_b38_C"
[23] "chr19_51212754_T_C_b38_T" "chr19_51235665_T_C_b38_T"
[25] "chr19_51251278_A_C_b38_A" "chr19_51280161_A_G_b38_A"
[27] "chr19_51280387_C_T_b38_C" "chr19_51281207_G_A_b38_G"
[29] "chr19_51282770_C_G_b38_C" "chr19_51283428_T_C_b38_T"
[31] "chr19_51284112_C_T_b38_C" "chr19_51284184_A_C_b38_A"
[33] "chr19_51285176_C_A_b38_C" "chr19_51285861_G_A_b38_G"
[35] "chr19_51287738_T_C_b38_T" "chr19_51290510_A_C_b38_A"
[37] "chr19_51291857_T_G_b38_T" "chr19_51293045_T_C_b38_T"
[39] "chr19_51298175_C_T_b38_C" "chr19_51358092_C_G_b38_C"
[41] "chr19_51447917_C_T_b38_C" "chr19_51447928_A_G_b38_A"
[43] "chr19_51448049_T_G_b38_T" "chr19_51457686_A_G_b38_A"
[45] "chr19_51780129_T_C_b38_T" "chr19_51780359_A_G_b38_A"
[47] "chr19_51848424_G_A_b38_G" "chr19_51875933_G_A_b38_G"
[49] "chr19_51876393_G_A_b38_G"
6 SNP(s) removed because HWE P < 1e-08 :
[1] "chr17_28439190_A_C_b38_A" "chr17_28439714_T_C_b38_T"
[3] "chr17_28441937_G_A_b38_G" "chr17_28452019_C_T_b38_C"
[5] "chr17_28452207_C_G_b38_C" "chr17_28459762_C_A_b38_C"
96 SNP(s) removed because HWE P < 1e-08 :
 [1] "chr19_11887364_A_G_b38_A" "chr19_11887962_C_T_b38_C"
 [3] "chr19_11935521_T_C_b38_T" "chr19_11999259_T_C_b38_T"
 [5] "chr19_12024641_T_C_b38_T" "chr19_12025889_C_T_b38_C"
 [7] "chr19_12293918_C_T_b38_C" "chr19_12293962_A_G_b38_A"
 [9] "chr19_12293975_G_A_b38_G" "chr19_12392260_G_C_b38_G"
[11] "chr19_12392263_A_G_b38_A" "chr19_12392282_A_G_b38_A"
[13] "chr19_12396491_C_A_b38_C" "chr19_12396522_G_A_b38_G"
[15] "chr19_12396523_C_G_b38_C" "chr19_12402097_G_C_b38_G"
[17] "chr19_12402191_A_G_b38_A" "chr19_12402880_C_T_b38_C"
[19] "chr19_12433052_A_G_b38_A" "chr19_12668356_G_A_b38_G"
[21] "chr19_12675090_G_T_b38_G" "chr19_12675092_G_A_b38_G"
[23] "chr19_12679162_A_G_b38_A" "chr19_12684975_C_T_b38_C"
[25] "chr19_12686500_T_C_b38_T" "chr19_12686775_C_T_b38_C"
[27] "chr19_12687022_T_C_b38_T" "chr19_12687213_A_G_b38_A"
[29] "chr19_12687713_A_T_b38_A" "chr19_12688380_G_A_b38_G"
[31] "chr19_12688431_G_C_b38_G" "chr19_12688872_G_A_b38_G"
[33] "chr19_12689676_G_C_b38_G" "chr19_12689894_C_G_b38_C"
[35] "chr19_12690901_A_C_b38_A" "chr19_12691603_G_A_b38_G"
[37] "chr19_12691667_A_C_b38_A" "chr19_12691807_G_A_b38_G"
[39] "chr19_12692100_T_C_b38_T" "chr19_12692505_C_T_b38_C"
[41] "chr19_12693059_A_C_b38_A" "chr19_12693419_A_G_b38_A"
[43] "chr19_12693666_A_G_b38_A" "chr19_12694566_T_C_b38_T"
[45] "chr19_12694617_T_C_b38_T" "chr19_12694711_G_C_b38_G"
[47] "chr19_12695134_G_A_b38_G" "chr19_12695358_A_G_b38_A"
[49] "chr19_12696252_G_C_b38_G" "chr19_12696373_C_T_b38_C"
[51] "chr19_12697512_G_A_b38_G" "chr19_12697688_T_C_b38_T"
[53] "chr19_12698345_T_A_b38_T" "chr19_12698912_T_C_b38_T"
[55] "chr19_12701355_A_G_b38_A" "chr19_12701934_T_C_b38_T"
[57] "chr19_12702392_T_G_b38_T" "chr19_12702785_A_G_b38_A"
[59] "chr19_12702869_T_C_b38_T" "chr19_12705745_G_T_b38_G"
[61] "chr19_12705976_T_C_b38_T" "chr19_12705980_A_G_b38_A"
[63] "chr19_12707030_G_A_b38_G" "chr19_12707159_G_A_b38_G"
[65] "chr19_12707661_A_G_b38_A" "chr19_12708074_G_A_b38_G"
[67] "chr19_12708638_A_G_b38_A" "chr19_12708728_A_G_b38_A"
[69] "chr19_12709026_G_C_b38_G" "chr19_12709311_A_G_b38_A"
[71] "chr19_12709754_A_G_b38_A" "chr19_12710096_C_G_b38_C"
[73] "chr19_12711002_T_C_b38_T" "chr19_12711990_T_C_b38_T"
[75] "chr19_12712225_C_T_b38_C" "chr19_12712761_T_C_b38_T"
[77] "chr19_12713201_G_A_b38_G" "chr19_12713633_G_A_b38_G"
[79] "chr19_12713764_G_A_b38_G" "chr19_12713824_C_T_b38_C"
[81] "chr19_12714039_A_G_b38_A" "chr19_12714390_A_G_b38_A"
[83] "chr19_12714397_C_G_b38_C" "chr19_12715896_A_G_b38_A"
[85] "chr19_12716049_T_C_b38_T" "chr19_12716581_G_A_b38_G"
[87] "chr19_12717109_C_T_b38_C" "chr19_12717561_T_C_b38_T"
[89] "chr19_12718369_A_G_b38_A" "chr19_12718649_C_G_b38_C"
[91] "chr19_12718883_G_A_b38_G" "chr19_12719395_T_C_b38_T"
[93] "chr19_12729223_C_T_b38_C" "chr19_12740139_G_T_b38_G"
[95] "chr19_12745241_T_C_b38_T" "chr19_12777818_C_G_b38_C"
4 SNP(s) removed because HWE P < 1e-08 :
[1] "chr14_96156407_G_A_b38_G" "chr14_96220623_A_C_b38_A"
[3] "chr14_96615285_T_C_b38_T" "chr14_96802210_G_A_b38_G"
81 SNP(s) removed because HWE P < 1e-08 :
 [1] "chr17_75438959_T_A_b38_T" "chr17_75439716_C_T_b38_C"
 [3] "chr17_75553966_A_G_b38_A" "chr17_75554404_A_G_b38_A"
 [5] "chr17_75554471_T_C_b38_T" "chr17_75610194_T_C_b38_T"
 [7] "chr17_75610221_G_C_b38_G" "chr17_75612044_G_A_b38_G"
 [9] "chr17_75612242_G_A_b38_G" "chr17_75625352_A_G_b38_A"
[11] "chr17_75702401_G_C_b38_G" "chr17_75756928_A_G_b38_A"
[13] "chr17_75770220_T_C_b38_T" "chr17_75776775_G_C_b38_G"
[15] "chr17_75986424_G_A_b38_G" "chr17_75990204_C_A_b38_C"
[17] "chr17_75991571_C_T_b38_C" "chr17_75992792_G_A_b38_G"
[19] "chr17_75994712_A_G_b38_A" "chr17_76006530_G_A_b38_G"
[21] "chr17_76007724_G_A_b38_G" "chr17_76007765_G_A_b38_G"
[23] "chr17_76009395_G_A_b38_G" "chr17_76031967_A_G_b38_A"
[25] "chr17_76033445_C_T_b38_C" "chr17_76053337_C_T_b38_C"
[27] "chr17_76057890_G_T_b38_G" "chr17_76104822_T_C_b38_T"
[29] "chr17_76106957_A_T_b38_A" "chr17_76111479_A_G_b38_A"
[31] "chr17_76198279_A_G_b38_A" "chr17_76200191_A_G_b38_A"
[33] "chr17_76200368_G_T_b38_G" "chr17_76200904_C_G_b38_C"
[35] "chr17_76201162_C_T_b38_C" "chr17_76201251_T_C_b38_T"
[37] "chr17_76208370_T_C_b38_T" "chr17_76208421_T_C_b38_T"
[39] "chr17_76266345_G_T_b38_G" "chr17_76267536_A_G_b38_A"
[41] "chr17_76268776_T_C_b38_T" "chr17_76283637_G_A_b38_G"
[43] "chr17_76283640_A_G_b38_A" "chr17_76283644_T_C_b38_T"
[45] "chr17_76283671_T_C_b38_T" "chr17_76283672_G_A_b38_G"
[47] "chr17_76284910_C_A_b38_C" "chr17_76300835_C_T_b38_C"
[49] "chr17_76302091_G_A_b38_G" "chr17_76302197_G_A_b38_G"
[51] "chr17_76302317_T_C_b38_T" "chr17_76303208_C_T_b38_C"
[53] "chr17_76304210_A_G_b38_A" "chr17_76304235_A_T_b38_A"
[55] "chr17_76304835_G_C_b38_G" "chr17_76304989_G_A_b38_G"
[57] "chr17_76305458_T_C_b38_T" "chr17_76306289_C_G_b38_C"
[59] "chr17_76306505_T_C_b38_T" "chr17_76306868_T_C_b38_T"
[61] "chr17_76308329_C_G_b38_C" "chr17_76308848_T_C_b38_T"
[63] "chr17_76311425_A_G_b38_A" "chr17_76311931_T_C_b38_T"
[65] "chr17_76312353_T_C_b38_T" "chr17_76312810_T_G_b38_T"
[67] "chr17_76313480_C_G_b38_C" "chr17_76314003_A_C_b38_A"
[69] "chr17_76314892_T_C_b38_T" "chr17_76315170_T_C_b38_T"
[71] "chr17_76315483_C_G_b38_C" "chr17_76315580_C_T_b38_C"
[73] "chr17_76316021_T_C_b38_T" "chr17_76316031_A_T_b38_A"
[75] "chr17_76316778_C_T_b38_C" "chr17_76317219_A_G_b38_A"
[77] "chr17_76317233_T_C_b38_T" "chr17_76317510_G_C_b38_G"
[79] "chr17_76318220_T_C_b38_T" "chr17_76318431_C_T_b38_C"
[81] "chr17_76318748_T_C_b38_T"
34 SNP(s) removed because HWE P < 1e-08 :
 [1] "chr22_42141104_T_C_b38_T" "chr22_42141117_G_A_b38_G"
 [3] "chr22_42144141_T_C_b38_T" "chr22_42144147_C_T_b38_C"
 [5] "chr22_42144154_C_A_b38_C" "chr22_42144194_A_G_b38_A"
 [7] "chr22_42144210_A_C_b38_A" "chr22_42312268_T_C_b38_T"
 [9] "chr22_42319322_G_A_b38_G" "chr22_42334476_C_G_b38_C"
[11] "chr22_42340391_C_A_b38_C" "chr22_42345787_A_C_b38_A"
[13] "chr22_42345881_C_T_b38_C" "chr22_42346445_G_A_b38_G"
[15] "chr22_42349346_T_C_b38_T" "chr22_42352391_G_A_b38_G"
[17] "chr22_42499669_G_A_b38_G" "chr22_42501023_G_C_b38_G"
[19] "chr22_42501547_G_C_b38_G" "chr22_42502961_G_A_b38_G"
[21] "chr22_42507185_G_A_b38_G" "chr22_42535259_A_G_b38_A"
[23] "chr22_42535329_T_C_b38_T" "chr22_42537585_C_G_b38_C"
[25] "chr22_42556276_G_A_b38_G" "chr22_42619710_T_C_b38_T"
[27] "chr22_42750403_T_C_b38_T" "chr22_42750427_C_T_b38_C"
[29] "chr22_42750554_A_G_b38_A" "chr22_42750562_C_T_b38_C"
[31] "chr22_42759389_C_G_b38_C" "chr22_42910422_C_T_b38_C"
[33] "chr22_42910535_A_G_b38_A" "chr22_42925017_C_T_b38_C"
32 SNP(s) removed because HWE P < 1e-08 :
 [1] "chr19_17504800_T_C_b38_T" "chr19_17504915_T_C_b38_T"
 [3] "chr19_17583443_G_T_b38_G" "chr19_17666011_C_T_b38_C"
 [5] "chr19_17666078_T_C_b38_T" "chr19_17847808_C_T_b38_C"
 [7] "chr19_17847968_T_C_b38_T" "chr19_17901200_G_T_b38_G"
 [9] "chr19_17908396_T_C_b38_T" "chr19_17924720_G_T_b38_G"
[11] "chr19_17928630_T_C_b38_T" "chr19_18036796_G_A_b38_G"
[13] "chr19_18037080_A_T_b38_A" "chr19_18037381_T_C_b38_T"
[15] "chr19_18037783_T_C_b38_T" "chr19_18039165_G_A_b38_G"
[17] "chr19_18039479_C_T_b38_C" "chr19_18039995_T_C_b38_T"
[19] "chr19_18040092_T_C_b38_T" "chr19_18040429_G_T_b38_G"
[21] "chr19_18040432_G_T_b38_G" "chr19_18042127_C_T_b38_C"
[23] "chr19_18042885_A_G_b38_A" "chr19_18043992_G_C_b38_G"
[25] "chr19_18044231_C_G_b38_C" "chr19_18044266_G_C_b38_G"
[27] "chr19_18251693_G_C_b38_G" "chr19_18260387_C_T_b38_C"
[29] "chr19_18262150_C_G_b38_C" "chr19_18265699_G_A_b38_G"
[31] "chr19_18265970_T_C_b38_T" "chr19_18267871_C_A_b38_C"
82 SNP(s) removed because HWE P < 1e-08 :
 [1] "chr19_52439481_C_T_b38_C" "chr19_52446066_A_G_b38_A"
 [3] "chr19_52446988_C_T_b38_C" "chr19_52447911_G_C_b38_G"
 [5] "chr19_52453680_C_G_b38_C" "chr19_52453825_T_G_b38_T"
 [7] "chr19_52455960_G_A_b38_G" "chr19_52460173_A_G_b38_A"
 [9] "chr19_52466824_T_C_b38_T" "chr19_52471990_C_A_b38_C"
[11] "chr19_52473128_G_A_b38_G" "chr19_52474838_G_T_b38_G"
[13] "chr19_52476954_C_T_b38_C" "chr19_52477143_C_T_b38_C"
[15] "chr19_52478828_T_C_b38_T" "chr19_52480010_T_C_b38_T"
[17] "chr19_52539013_G_C_b38_G" "chr19_52539119_G_A_b38_G"
[19] "chr19_52546186_C_T_b38_C" "chr19_52631829_G_A_b38_G"
[21] "chr19_52631840_C_T_b38_C" "chr19_52689828_T_G_b38_T"
[23] "chr19_52689883_G_A_b38_G" "chr19_52690061_C_T_b38_C"
[25] "chr19_52690065_G_A_b38_G" "chr19_52690075_T_C_b38_T"
[27] "chr19_52690076_C_T_b38_C" "chr19_52773201_T_C_b38_T"
[29] "chr19_52773202_G_A_b38_G" "chr19_52773224_T_C_b38_T"
[31] "chr19_52773251_A_G_b38_A" "chr19_52776999_A_T_b38_A"
[33] "chr19_52777009_G_A_b38_G" "chr19_52855752_T_C_b38_T"
[35] "chr19_52855864_T_C_b38_T" "chr19_52856080_T_C_b38_T"
[37] "chr19_52915302_A_G_b38_A" "chr19_52915358_A_G_b38_A"
[39] "chr19_52915392_A_G_b38_A" "chr19_52915963_T_C_b38_T"
[41] "chr19_52915971_C_A_b38_C" "chr19_52915981_C_T_b38_C"
[43] "chr19_52915991_A_T_b38_A" "chr19_52916002_C_T_b38_C"
[45] "chr19_52916003_A_G_b38_A" "chr19_52916006_T_C_b38_T"
[47] "chr19_52916016_C_T_b38_C" "chr19_52916020_C_T_b38_C"
[49] "chr19_52916026_G_A_b38_G" "chr19_52916036_T_C_b38_T"
[51] "chr19_52916037_G_A_b38_G" "chr19_52916070_C_T_b38_C"
[53] "chr19_52916071_A_G_b38_A" "chr19_52916087_A_C_b38_A"
[55] "chr19_52978646_G_C_b38_G" "chr19_52978751_T_C_b38_T"
[57] "chr19_52978774_C_T_b38_C" "chr19_52978785_C_A_b38_C"
[59] "chr19_52978800_C_T_b38_C" "chr19_52978819_G_A_b38_G"
[61] "chr19_52978828_C_T_b38_C" "chr19_53004046_C_G_b38_C"
[63] "chr19_53004961_C_A_b38_C" "chr19_53005259_G_T_b38_G"
[65] "chr19_53005357_C_T_b38_C" "chr19_53096495_G_A_b38_G"
[67] "chr19_53098483_C_G_b38_C" "chr19_53098504_A_G_b38_A"
[69] "chr19_53098521_G_T_b38_G" "chr19_53098545_G_A_b38_G"
[71] "chr19_53098674_A_G_b38_A" "chr19_53098803_C_T_b38_C"
[73] "chr19_53099173_G_A_b38_G" "chr19_53099177_C_T_b38_C"
[75] "chr19_53099181_G_A_b38_G" "chr19_53099188_C_G_b38_C"
[77] "chr19_53126336_G_A_b38_G" "chr19_53128312_A_G_b38_A"
[79] "chr19_53128329_G_T_b38_G" "chr19_53128341_T_C_b38_T"
[81] "chr19_53128345_C_T_b38_C" "chr19_53128954_C_T_b38_C"
69 SNP(s) removed because HWE P < 1e-08 :
 [1] "chr8_81253423_T_C_b38_T" "chr8_81281143_C_T_b38_C"
 [3] "chr8_81289273_A_T_b38_A" "chr8_81297255_A_G_b38_A"
 [5] "chr8_81299436_C_T_b38_C" "chr8_81300344_T_C_b38_T"
 [7] "chr8_81325559_T_C_b38_T" "chr8_81327049_C_G_b38_C"
 [9] "chr8_81327156_T_G_b38_T" "chr8_81327252_A_G_b38_A"
[11] "chr8_81327333_T_C_b38_T" "chr8_81327394_A_G_b38_A"
[13] "chr8_81328362_A_G_b38_A" "chr8_81328531_C_A_b38_C"
[15] "chr8_81329064_T_A_b38_T" "chr8_81329094_T_G_b38_T"
[17] "chr8_81329957_C_T_b38_C" "chr8_81330786_A_G_b38_A"
[19] "chr8_81330873_T_C_b38_T" "chr8_81331043_A_C_b38_A"
[21] "chr8_81331131_T_C_b38_T" "chr8_81331608_C_T_b38_C"
[23] "chr8_81331614_C_T_b38_C" "chr8_81331709_T_G_b38_T"
[25] "chr8_81331864_A_G_b38_A" "chr8_81331877_C_T_b38_C"
[27] "chr8_81332098_G_A_b38_G" "chr8_81332283_A_G_b38_A"
[29] "chr8_81332524_C_T_b38_C" "chr8_81332904_A_T_b38_A"
[31] "chr8_81332906_C_T_b38_C" "chr8_81333125_G_A_b38_G"
[33] "chr8_81333194_G_T_b38_G" "chr8_81333216_T_C_b38_T"
[35] "chr8_81333791_C_T_b38_C" "chr8_81334313_T_C_b38_T"
[37] "chr8_81335686_A_G_b38_A" "chr8_81336303_C_T_b38_C"
[39] "chr8_81464464_C_T_b38_C" "chr8_81468508_A_T_b38_A"
[41] "chr8_81468888_A_G_b38_A" "chr8_81469332_T_C_b38_T"
[43] "chr8_81469415_G_A_b38_G" "chr8_81470506_G_A_b38_G"
[45] "chr8_81470621_C_T_b38_C" "chr8_81471159_T_G_b38_T"
[47] "chr8_81514819_A_C_b38_A" "chr8_81515555_C_T_b38_C"
[49] "chr8_81518769_T_C_b38_T" "chr8_81527961_G_T_b38_G"
[51] "chr8_81900677_A_T_b38_A" "chr8_81900680_C_T_b38_C"
[53] "chr8_81900761_G_T_b38_G" "chr8_81900762_G_A_b38_G"
[55] "chr8_81900773_G_A_b38_G" "chr8_81900776_G_T_b38_G"
[57] "chr8_81900779_T_C_b38_T" "chr8_81900782_C_T_b38_C"
[59] "chr8_81900783_T_C_b38_T" "chr8_81900784_G_A_b38_G"
[61] "chr8_81900789_T_C_b38_T" "chr8_81900796_C_G_b38_C"
[63] "chr8_81900800_G_C_b38_G" "chr8_82127185_G_A_b38_G"
[65] "chr8_82127192_C_G_b38_C" "chr8_82129772_G_C_b38_G"
[67] "chr8_82130336_C_T_b38_C" "chr8_82136891_C_T_b38_C"
[69] "chr8_82137774_C_G_b38_C"
22 SNP(s) removed because HWE P < 1e-08 :
 [1] "chr1_162353041_G_C_b38_G" "chr1_162353047_A_C_b38_A"
 [3] "chr1_162477576_G_A_b38_G" "chr1_162481393_G_A_b38_G"
 [5] "chr1_162483630_C_T_b38_C" "chr1_162701799_T_C_b38_T"
 [7] "chr1_162704548_G_A_b38_G" "chr1_162705250_T_C_b38_T"
 [9] "chr1_162706401_C_T_b38_C" "chr1_162710700_T_C_b38_T"
[11] "chr1_162714569_T_C_b38_T" "chr1_162722878_C_G_b38_C"
[13] "chr1_162733892_A_G_b38_A" "chr1_162742199_A_T_b38_A"
[15] "chr1_162742900_G_A_b38_G" "chr1_162743999_G_A_b38_G"
[17] "chr1_162744207_T_C_b38_T" "chr1_162752426_G_A_b38_G"
[19] "chr1_162763446_G_A_b38_G" "chr1_162798738_C_G_b38_C"
[21] "chr1_162803606_G_A_b38_G" "chr1_162909861_T_C_b38_T"
37 SNP(s) removed because HWE P < 1e-08 :
 [1] "chr19_37261956_C_T_b38_C" "chr19_37261959_T_C_b38_T"
 [3] "chr19_37261960_G_A_b38_G" "chr19_37262007_C_T_b38_C"
 [5] "chr19_37262169_T_C_b38_T" "chr19_37262171_T_C_b38_T"
 [7] "chr19_37262259_C_T_b38_C" "chr19_37262265_T_A_b38_T"
 [9] "chr19_37262418_G_A_b38_G" "chr19_37263184_G_C_b38_G"
[11] "chr19_37263781_A_C_b38_A" "chr19_37263781_A_T_b38_A"
[13] "chr19_37263811_G_A_b38_G" "chr19_37264141_A_G_b38_A"
[15] "chr19_37267184_C_T_b38_C" "chr19_37268002_T_C_b38_T"
[17] "chr19_37268465_C_A_b38_C" "chr19_37268580_G_A_b38_G"
[19] "chr19_37271194_C_A_b38_C" "chr19_37273278_A_G_b38_A"
[21] "chr19_37280959_G_A_b38_G" "chr19_37281172_G_A_b38_G"
[23] "chr19_37281173_C_A_b38_C" "chr19_37281466_G_C_b38_G"
[25] "chr19_37281511_C_G_b38_C" "chr19_37293293_T_G_b38_T"
[27] "chr19_37293595_C_G_b38_C" "chr19_37293597_C_G_b38_C"
[29] "chr19_37293652_C_A_b38_C" "chr19_37293750_G_C_b38_G"
[31] "chr19_37294399_C_G_b38_C" "chr19_37294435_T_C_b38_T"
[33] "chr19_37538545_A_G_b38_A" "chr19_37788709_G_A_b38_G"
[35] "chr19_37789392_C_T_b38_C" "chr19_38174738_G_T_b38_G"
[37] "chr19_38180796_T_C_b38_T"
23 SNP(s) removed because HWE P < 1e-08 :
 [1] "chr1_106622936_A_C_b38_A" "chr1_106623616_T_C_b38_T"
 [3] "chr1_106625066_A_G_b38_A" "chr1_107126100_A_T_b38_A"
 [5] "chr1_107139291_A_C_b38_A" "chr1_107159514_A_G_b38_A"
 [7] "chr1_107189919_A_C_b38_A" "chr1_107190195_G_A_b38_G"
 [9] "chr1_107192491_A_G_b38_A" "chr1_107205498_T_C_b38_T"
[11] "chr1_107205894_G_A_b38_G" "chr1_107206213_T_G_b38_T"
[13] "chr1_107206282_C_T_b38_C" "chr1_107207977_A_C_b38_A"
[15] "chr1_107260057_C_T_b38_C" "chr1_107260655_G_A_b38_G"
[17] "chr1_107261707_G_A_b38_G" "chr1_107263060_T_C_b38_T"
[19] "chr1_107264496_T_G_b38_T" "chr1_107265247_G_T_b38_G"
[21] "chr1_107268303_C_T_b38_C" "chr1_107272084_C_T_b38_C"
[23] "chr1_107272273_A_G_b38_A"
10 SNP(s) removed because HWE P < 1e-08 :
 [1] "chr18_9015888_A_G_b38_A" "chr18_9016491_C_T_b38_C"
 [3] "chr18_9023581_C_T_b38_C" "chr18_9031976_C_T_b38_C"
 [5] "chr18_9032148_G_T_b38_G" "chr18_9536317_C_A_b38_C"
 [7] "chr18_9727364_T_A_b38_T" "chr18_9792627_C_G_b38_C"
 [9] "chr18_9812469_A_G_b38_A" "chr18_9812472_C_T_b38_C"
23 SNP(s) removed because HWE P < 1e-08 :
 [1] "chr18_76328659_A_C_b38_A" "chr18_76367675_T_C_b38_T"
 [3] "chr18_76367885_T_C_b38_T" "chr18_76401803_C_T_b38_C"
 [5] "chr18_76521254_C_T_b38_C" "chr18_76521267_G_A_b38_G"
 [7] "chr18_76521363_A_G_b38_A" "chr18_76521385_A_G_b38_A"
 [9] "chr18_76521530_T_C_b38_T" "chr18_76521552_T_G_b38_T"
[11] "chr18_76602463_G_A_b38_G" "chr18_76611072_C_A_b38_C"
[13] "chr18_76614116_C_T_b38_C" "chr18_76620340_G_C_b38_G"
[15] "chr18_76722592_G_C_b38_G" "chr18_76743664_A_C_b38_A"
[17] "chr18_76744480_T_C_b38_T" "chr18_77025010_T_G_b38_T"
[19] "chr18_77025483_G_C_b38_G" "chr18_77029355_G_A_b38_G"
[21] "chr18_77029372_C_T_b38_C" "chr18_77052175_A_G_b38_A"
[23] "chr18_77052183_A_C_b38_A"
60 SNP(s) removed because HWE P < 1e-08 :
 [1] "chr2_33054064_C_G_b38_C" "chr2_33055167_G_A_b38_G"
 [3] "chr2_33072703_C_T_b38_C" "chr2_33085940_G_A_b38_G"
 [5] "chr2_33087972_G_A_b38_G" "chr2_33286824_C_G_b38_C"
 [7] "chr2_33371023_T_G_b38_T" "chr2_33431334_T_C_b38_T"
 [9] "chr2_33431637_T_C_b38_T" "chr2_33432529_A_G_b38_A"
[11] "chr2_33432770_C_T_b38_C" "chr2_33432918_A_G_b38_A"
[13] "chr2_33433068_T_C_b38_T" "chr2_33433257_C_A_b38_C"
[15] "chr2_33433303_T_C_b38_T" "chr2_33433437_T_A_b38_T"
[17] "chr2_33433580_A_G_b38_A" "chr2_33434073_C_T_b38_C"
[19] "chr2_33738469_T_C_b38_T" "chr2_33792585_C_A_b38_C"
[21] "chr2_33826187_C_A_b38_C" "chr2_33826189_T_G_b38_T"
[23] "chr2_33826215_G_C_b38_G" "chr2_33826216_A_G_b38_A"
[25] "chr2_33839969_T_C_b38_T" "chr2_33839972_T_G_b38_T"
[27] "chr2_33839979_T_C_b38_T" "chr2_33839980_G_T_b38_G"
[29] "chr2_33839988_A_G_b38_A" "chr2_33840000_T_C_b38_T"
[31] "chr2_33840004_C_T_b38_C" "chr2_33840016_A_C_b38_A"
[33] "chr2_33840017_G_C_b38_G" "chr2_33840022_G_A_b38_G"
[35] "chr2_33840030_T_C_b38_T" "chr2_33840038_T_C_b38_T"
[37] "chr2_33840048_G_C_b38_G" "chr2_33840049_G_A_b38_G"
[39] "chr2_33840082_C_A_b38_C" "chr2_33840086_G_C_b38_G"
[41] "chr2_33840087_C_T_b38_C" "chr2_33840102_T_C_b38_T"
[43] "chr2_33840112_G_A_b38_G" "chr2_33840131_C_A_b38_C"
[45] "chr2_33840313_A_G_b38_A" "chr2_33840318_T_A_b38_T"
[47] "chr2_33840338_T_G_b38_T" "chr2_33840347_C_A_b38_C"
[49] "chr2_33840373_A_C_b38_A" "chr2_33840374_T_C_b38_T"
[51] "chr2_33840420_A_G_b38_A" "chr2_33840444_T_A_b38_T"
[53] "chr2_33840449_T_G_b38_T" "chr2_33840456_A_G_b38_A"
[55] "chr2_33840462_C_T_b38_C" "chr2_33840664_T_A_b38_T"
[57] "chr2_33840668_G_A_b38_G" "chr2_33905605_C_T_b38_C"
[59] "chr2_33911403_A_G_b38_A" "chr2_33911426_A_G_b38_A"
74 SNP(s) removed because HWE P < 1e-08 :
 [1] "chr21_31920396_G_A_b38_G" "chr21_31935565_G_C_b38_G"
 [3] "chr21_31935580_T_G_b38_T" "chr21_32134286_A_T_b38_A"
 [5] "chr21_32238948_G_A_b38_G" "chr21_32250914_C_T_b38_C"
 [7] "chr21_32311415_A_C_b38_A" "chr21_32410343_C_T_b38_C"
 [9] "chr21_32432979_G_A_b38_G" "chr21_32432987_A_C_b38_A"
[11] "chr21_32432995_G_A_b38_G" "chr21_32433065_T_A_b38_T"
[13] "chr21_32433084_C_T_b38_C" "chr21_32433553_G_A_b38_G"
[15] "chr21_32433554_C_G_b38_C" "chr21_32433562_T_C_b38_T"
[17] "chr21_32433629_A_G_b38_A" "chr21_32433656_G_A_b38_G"
[19] "chr21_32433663_A_T_b38_A" "chr21_32434706_A_G_b38_A"
[21] "chr21_32434713_T_C_b38_T" "chr21_32434721_A_C_b38_A"
[23] "chr21_32434746_A_C_b38_A" "chr21_32434842_G_A_b38_G"
[25] "chr21_32434867_C_T_b38_C" "chr21_32434878_G_A_b38_G"
[27] "chr21_32434919_T_G_b38_T" "chr21_32434927_C_T_b38_C"
[29] "chr21_32434967_T_G_b38_T" "chr21_32434971_T_C_b38_T"
[31] "chr21_32434992_T_C_b38_T" "chr21_32435003_T_G_b38_T"
[33] "chr21_32435004_T_C_b38_T" "chr21_32435117_A_G_b38_A"
[35] "chr21_32435125_T_C_b38_T" "chr21_32435126_G_C_b38_G"
[37] "chr21_32435133_C_A_b38_C" "chr21_32435360_C_T_b38_C"
[39] "chr21_32435400_A_G_b38_A" "chr21_32435408_T_C_b38_T"
[41] "chr21_32435414_A_G_b38_A" "chr21_32435436_C_T_b38_C"
[43] "chr21_32435462_C_T_b38_C" "chr21_32435661_G_C_b38_G"
[45] "chr21_32435666_T_G_b38_T" "chr21_32435667_A_G_b38_A"
[47] "chr21_32435716_C_T_b38_C" "chr21_32435721_G_A_b38_G"
[49] "chr21_32435728_T_C_b38_T" "chr21_32435763_C_T_b38_C"
[51] "chr21_32435766_A_C_b38_A" "chr21_32435898_C_T_b38_C"
[53] "chr21_32435949_T_A_b38_T" "chr21_32435990_T_A_b38_T"
[55] "chr21_32436019_G_A_b38_G" "chr21_32436447_T_A_b38_T"
[57] "chr21_32436465_A_C_b38_A" "chr21_32436477_T_A_b38_T"
[59] "chr21_32436484_T_C_b38_T" "chr21_32436539_G_A_b38_G"
[61] "chr21_32436627_G_A_b38_G" "chr21_32436628_G_A_b38_G"
[63] "chr21_32436637_A_G_b38_A" "chr21_32436702_C_T_b38_C"
[65] "chr21_32436736_G_A_b38_G" "chr21_32436746_A_G_b38_A"
[67] "chr21_32437187_G_C_b38_G" "chr21_32437224_A_G_b38_A"
[69] "chr21_32437249_C_A_b38_C" "chr21_32437250_G_A_b38_G"
[71] "chr21_32437258_C_G_b38_C" "chr21_32621877_A_T_b38_A"
[73] "chr21_32660622_A_G_b38_A" "chr21_32660624_C_T_b38_C"
22 SNP(s) removed because HWE P < 1e-08 :
 [1] "chr4_8044692_G_T_b38_G" "chr4_8044693_A_C_b38_A" "chr4_8059763_G_A_b38_G"
 [4] "chr4_8100031_G_T_b38_G" "chr4_8100581_C_T_b38_C" "chr4_8306668_C_G_b38_C"
 [7] "chr4_8557849_T_C_b38_T" "chr4_8557938_A_C_b38_A" "chr4_8557958_G_A_b38_G"
[10] "chr4_8557961_C_T_b38_C" "chr4_8585626_A_G_b38_A" "chr4_8603756_G_C_b38_G"
[13] "chr4_8632004_T_A_b38_T" "chr4_8632045_A_G_b38_A" "chr4_8635779_A_G_b38_A"
[16] "chr4_8655103_T_G_b38_T" "chr4_8655200_C_G_b38_C" "chr4_8656155_G_C_b38_G"
[19] "chr4_8659539_G_A_b38_G" "chr4_8661217_T_G_b38_T" "chr4_8674262_C_G_b38_C"
[22] "chr4_8677036_C_A_b38_C"
60 SNP(s) removed because HWE P < 1e-08 :
 [1] "chr2_33054064_C_G_b38_C" "chr2_33055167_G_A_b38_G"
 [3] "chr2_33072703_C_T_b38_C" "chr2_33085940_G_A_b38_G"
 [5] "chr2_33087972_G_A_b38_G" "chr2_33286824_C_G_b38_C"
 [7] "chr2_33371023_T_G_b38_T" "chr2_33431334_T_C_b38_T"
 [9] "chr2_33431637_T_C_b38_T" "chr2_33432529_A_G_b38_A"
[11] "chr2_33432770_C_T_b38_C" "chr2_33432918_A_G_b38_A"
[13] "chr2_33433068_T_C_b38_T" "chr2_33433257_C_A_b38_C"
[15] "chr2_33433303_T_C_b38_T" "chr2_33433437_T_A_b38_T"
[17] "chr2_33433580_A_G_b38_A" "chr2_33434073_C_T_b38_C"
[19] "chr2_33738469_T_C_b38_T" "chr2_33792585_C_A_b38_C"
[21] "chr2_33826187_C_A_b38_C" "chr2_33826189_T_G_b38_T"
[23] "chr2_33826215_G_C_b38_G" "chr2_33826216_A_G_b38_A"
[25] "chr2_33839969_T_C_b38_T" "chr2_33839972_T_G_b38_T"
[27] "chr2_33839979_T_C_b38_T" "chr2_33839980_G_T_b38_G"
[29] "chr2_33839988_A_G_b38_A" "chr2_33840000_T_C_b38_T"
[31] "chr2_33840004_C_T_b38_C" "chr2_33840016_A_C_b38_A"
[33] "chr2_33840017_G_C_b38_G" "chr2_33840022_G_A_b38_G"
[35] "chr2_33840030_T_C_b38_T" "chr2_33840038_T_C_b38_T"
[37] "chr2_33840048_G_C_b38_G" "chr2_33840049_G_A_b38_G"
[39] "chr2_33840082_C_A_b38_C" "chr2_33840086_G_C_b38_G"
[41] "chr2_33840087_C_T_b38_C" "chr2_33840102_T_C_b38_T"
[43] "chr2_33840112_G_A_b38_G" "chr2_33840131_C_A_b38_C"
[45] "chr2_33840313_A_G_b38_A" "chr2_33840318_T_A_b38_T"
[47] "chr2_33840338_T_G_b38_T" "chr2_33840347_C_A_b38_C"
[49] "chr2_33840373_A_C_b38_A" "chr2_33840374_T_C_b38_T"
[51] "chr2_33840420_A_G_b38_A" "chr2_33840444_T_A_b38_T"
[53] "chr2_33840449_T_G_b38_T" "chr2_33840456_A_G_b38_A"
[55] "chr2_33840462_C_T_b38_C" "chr2_33840664_T_A_b38_T"
[57] "chr2_33840668_G_A_b38_G" "chr2_33905605_C_T_b38_C"
[59] "chr2_33911403_A_G_b38_A" "chr2_33911426_A_G_b38_A"
3 SNP(s) removed because HWE P < 1e-08 :
[1] "chr5_159923315_C_A_b38_C" "chr5_159923448_G_T_b38_G"
[3] "chr5_159923760_C_T_b38_C"
22 SNP(s) removed because HWE P < 1e-08 :
 [1] "chr4_8044692_G_T_b38_G" "chr4_8044693_A_C_b38_A" "chr4_8059763_G_A_b38_G"
 [4] "chr4_8100031_G_T_b38_G" "chr4_8100581_C_T_b38_C" "chr4_8306668_C_G_b38_C"
 [7] "chr4_8557849_T_C_b38_T" "chr4_8557938_A_C_b38_A" "chr4_8557958_G_A_b38_G"
[10] "chr4_8557961_C_T_b38_C" "chr4_8585626_A_G_b38_A" "chr4_8603756_G_C_b38_G"
[13] "chr4_8632004_T_A_b38_T" "chr4_8632045_A_G_b38_A" "chr4_8635779_A_G_b38_A"
[16] "chr4_8655103_T_G_b38_T" "chr4_8655200_C_G_b38_C" "chr4_8656155_G_C_b38_G"
[19] "chr4_8659539_G_A_b38_G" "chr4_8661217_T_G_b38_T" "chr4_8674262_C_G_b38_C"
[22] "chr4_8677036_C_A_b38_C"
74 SNP(s) removed because HWE P < 1e-08 :
 [1] "chr21_31920396_G_A_b38_G" "chr21_31935565_G_C_b38_G"
 [3] "chr21_31935580_T_G_b38_T" "chr21_32134286_A_T_b38_A"
 [5] "chr21_32238948_G_A_b38_G" "chr21_32250914_C_T_b38_C"
 [7] "chr21_32311415_A_C_b38_A" "chr21_32410343_C_T_b38_C"
 [9] "chr21_32432979_G_A_b38_G" "chr21_32432987_A_C_b38_A"
[11] "chr21_32432995_G_A_b38_G" "chr21_32433065_T_A_b38_T"
[13] "chr21_32433084_C_T_b38_C" "chr21_32433553_G_A_b38_G"
[15] "chr21_32433554_C_G_b38_C" "chr21_32433562_T_C_b38_T"
[17] "chr21_32433629_A_G_b38_A" "chr21_32433656_G_A_b38_G"
[19] "chr21_32433663_A_T_b38_A" "chr21_32434706_A_G_b38_A"
[21] "chr21_32434713_T_C_b38_T" "chr21_32434721_A_C_b38_A"
[23] "chr21_32434746_A_C_b38_A" "chr21_32434842_G_A_b38_G"
[25] "chr21_32434867_C_T_b38_C" "chr21_32434878_G_A_b38_G"
[27] "chr21_32434919_T_G_b38_T" "chr21_32434927_C_T_b38_C"
[29] "chr21_32434967_T_G_b38_T" "chr21_32434971_T_C_b38_T"
[31] "chr21_32434992_T_C_b38_T" "chr21_32435003_T_G_b38_T"
[33] "chr21_32435004_T_C_b38_T" "chr21_32435117_A_G_b38_A"
[35] "chr21_32435125_T_C_b38_T" "chr21_32435126_G_C_b38_G"
[37] "chr21_32435133_C_A_b38_C" "chr21_32435360_C_T_b38_C"
[39] "chr21_32435400_A_G_b38_A" "chr21_32435408_T_C_b38_T"
[41] "chr21_32435414_A_G_b38_A" "chr21_32435436_C_T_b38_C"
[43] "chr21_32435462_C_T_b38_C" "chr21_32435661_G_C_b38_G"
[45] "chr21_32435666_T_G_b38_T" "chr21_32435667_A_G_b38_A"
[47] "chr21_32435716_C_T_b38_C" "chr21_32435721_G_A_b38_G"
[49] "chr21_32435728_T_C_b38_T" "chr21_32435763_C_T_b38_C"
[51] "chr21_32435766_A_C_b38_A" "chr21_32435898_C_T_b38_C"
[53] "chr21_32435949_T_A_b38_T" "chr21_32435990_T_A_b38_T"
[55] "chr21_32436019_G_A_b38_G" "chr21_32436447_T_A_b38_T"
[57] "chr21_32436465_A_C_b38_A" "chr21_32436477_T_A_b38_T"
[59] "chr21_32436484_T_C_b38_T" "chr21_32436539_G_A_b38_G"
[61] "chr21_32436627_G_A_b38_G" "chr21_32436628_G_A_b38_G"
[63] "chr21_32436637_A_G_b38_A" "chr21_32436702_C_T_b38_C"
[65] "chr21_32436736_G_A_b38_G" "chr21_32436746_A_G_b38_A"
[67] "chr21_32437187_G_C_b38_G" "chr21_32437224_A_G_b38_A"
[69] "chr21_32437249_C_A_b38_C" "chr21_32437250_G_A_b38_G"
[71] "chr21_32437258_C_G_b38_C" "chr21_32621877_A_T_b38_A"
[73] "chr21_32660622_A_G_b38_A" "chr21_32660624_C_T_b38_C"
6 SNP(s) removed because HWE P < 1e-08 :
[1] "chr13_29549344_C_T_b38_C" "chr13_29949626_G_C_b38_G"
[3] "chr13_30062346_T_C_b38_T" "chr13_30062379_G_C_b38_G"
[5] "chr13_30121793_C_T_b38_C" "chr13_30160356_C_T_b38_C"
82 SNP(s) removed because HWE P < 1e-08 :
 [1] "chr16_20741485_G_C_b38_G" "chr16_21220357_T_G_b38_T"
 [3] "chr16_21353901_C_T_b38_C" "chr16_21355084_G_A_b38_G"
 [5] "chr16_21400690_G_A_b38_G" "chr16_21408758_G_A_b38_G"
 [7] "chr16_21500248_A_G_b38_A" "chr16_21500648_G_A_b38_G"
 [9] "chr16_21501907_G_A_b38_G" "chr16_21502051_T_C_b38_T"
[11] "chr16_21502603_C_G_b38_C" "chr16_21506415_T_C_b38_T"
[13] "chr16_21511546_C_T_b38_C" "chr16_21511579_A_G_b38_A"
[15] "chr16_21511841_G_A_b38_G" "chr16_21511962_A_G_b38_A"
[17] "chr16_21513143_G_A_b38_G" "chr16_21515561_C_G_b38_C"
[19] "chr16_21516761_A_C_b38_A" "chr16_21517886_T_C_b38_T"
[21] "chr16_21519790_T_C_b38_T" "chr16_21520173_T_C_b38_T"
[23] "chr16_21520288_C_T_b38_C" "chr16_21520360_C_G_b38_C"
[25] "chr16_21520881_G_T_b38_G" "chr16_21522817_T_C_b38_T"
[27] "chr16_21523989_G_C_b38_G" "chr16_21524681_A_G_b38_A"
[29] "chr16_21527428_C_G_b38_C" "chr16_21528604_T_G_b38_T"
[31] "chr16_21528936_G_A_b38_G" "chr16_21529176_G_T_b38_G"
[33] "chr16_21529861_A_G_b38_A" "chr16_21530812_C_T_b38_C"
[35] "chr16_21531314_T_C_b38_T" "chr16_21542123_C_T_b38_C"
[37] "chr16_21542390_C_T_b38_C" "chr16_21542603_A_G_b38_A"
[39] "chr16_21543215_C_G_b38_C" "chr16_21543488_A_G_b38_A"
[41] "chr16_21544426_G_A_b38_G" "chr16_21546465_C_G_b38_C"
[43] "chr16_21554731_G_A_b38_G" "chr16_21555128_A_G_b38_A"
[45] "chr16_21555775_T_C_b38_T" "chr16_21556537_T_C_b38_T"
[47] "chr16_21556884_G_T_b38_G" "chr16_21557850_C_T_b38_C"
[49] "chr16_21558457_A_G_b38_A" "chr16_21558878_A_G_b38_A"
[51] "chr16_21559466_C_T_b38_C" "chr16_21560468_C_T_b38_C"
[53] "chr16_21561263_T_C_b38_T" "chr16_21561264_A_G_b38_A"
[55] "chr16_21562897_C_T_b38_C" "chr16_21566112_A_G_b38_A"
[57] "chr16_21566328_A_G_b38_A" "chr16_21566968_C_T_b38_C"
[59] "chr16_21567209_C_T_b38_C" "chr16_21567222_T_G_b38_T"
[61] "chr16_21567387_G_A_b38_G" "chr16_21567594_T_C_b38_T"
[63] "chr16_21568049_G_C_b38_G" "chr16_21570814_G_A_b38_G"
[65] "chr16_21571062_A_C_b38_A" "chr16_21571413_T_C_b38_T"
[67] "chr16_21571696_C_T_b38_C" "chr16_21572258_G_A_b38_G"
[69] "chr16_21573720_T_C_b38_T" "chr16_21576773_G_A_b38_G"
[71] "chr16_21577040_T_C_b38_T" "chr16_21577276_A_G_b38_A"
[73] "chr16_21577880_G_C_b38_G" "chr16_21577933_A_C_b38_A"
[75] "chr16_21580732_C_T_b38_C" "chr16_21580811_G_A_b38_G"
[77] "chr16_21581135_A_G_b38_A" "chr16_21582373_C_T_b38_C"
[79] "chr16_21583041_C_T_b38_C" "chr16_21598965_C_A_b38_C"
[81] "chr16_21626185_C_G_b38_C" "chr16_21630457_C_T_b38_C"
22 SNP(s) removed because HWE P < 1e-08 :
 [1] "chr4_8044692_G_T_b38_G" "chr4_8044693_A_C_b38_A" "chr4_8059763_G_A_b38_G"
 [4] "chr4_8100031_G_T_b38_G" "chr4_8100581_C_T_b38_C" "chr4_8306668_C_G_b38_C"
 [7] "chr4_8557849_T_C_b38_T" "chr4_8557938_A_C_b38_A" "chr4_8557958_G_A_b38_G"
[10] "chr4_8557961_C_T_b38_C" "chr4_8585626_A_G_b38_A" "chr4_8603756_G_C_b38_G"
[13] "chr4_8632004_T_A_b38_T" "chr4_8632045_A_G_b38_A" "chr4_8635779_A_G_b38_A"
[16] "chr4_8655103_T_G_b38_T" "chr4_8655200_C_G_b38_C" "chr4_8656155_G_C_b38_G"
[19] "chr4_8659539_G_A_b38_G" "chr4_8661217_T_G_b38_T" "chr4_8674262_C_G_b38_C"
[22] "chr4_8677036_C_A_b38_C"
74 SNP(s) removed because HWE P < 1e-08 :
 [1] "chr21_31920396_G_A_b38_G" "chr21_31935565_G_C_b38_G"
 [3] "chr21_31935580_T_G_b38_T" "chr21_32134286_A_T_b38_A"
 [5] "chr21_32238948_G_A_b38_G" "chr21_32250914_C_T_b38_C"
 [7] "chr21_32311415_A_C_b38_A" "chr21_32410343_C_T_b38_C"
 [9] "chr21_32432979_G_A_b38_G" "chr21_32432987_A_C_b38_A"
[11] "chr21_32432995_G_A_b38_G" "chr21_32433065_T_A_b38_T"
[13] "chr21_32433084_C_T_b38_C" "chr21_32433553_G_A_b38_G"
[15] "chr21_32433554_C_G_b38_C" "chr21_32433562_T_C_b38_T"
[17] "chr21_32433629_A_G_b38_A" "chr21_32433656_G_A_b38_G"
[19] "chr21_32433663_A_T_b38_A" "chr21_32434706_A_G_b38_A"
[21] "chr21_32434713_T_C_b38_T" "chr21_32434721_A_C_b38_A"
[23] "chr21_32434746_A_C_b38_A" "chr21_32434842_G_A_b38_G"
[25] "chr21_32434867_C_T_b38_C" "chr21_32434878_G_A_b38_G"
[27] "chr21_32434919_T_G_b38_T" "chr21_32434927_C_T_b38_C"
[29] "chr21_32434967_T_G_b38_T" "chr21_32434971_T_C_b38_T"
[31] "chr21_32434992_T_C_b38_T" "chr21_32435003_T_G_b38_T"
[33] "chr21_32435004_T_C_b38_T" "chr21_32435117_A_G_b38_A"
[35] "chr21_32435125_T_C_b38_T" "chr21_32435126_G_C_b38_G"
[37] "chr21_32435133_C_A_b38_C" "chr21_32435360_C_T_b38_C"
[39] "chr21_32435400_A_G_b38_A" "chr21_32435408_T_C_b38_T"
[41] "chr21_32435414_A_G_b38_A" "chr21_32435436_C_T_b38_C"
[43] "chr21_32435462_C_T_b38_C" "chr21_32435661_G_C_b38_G"
[45] "chr21_32435666_T_G_b38_T" "chr21_32435667_A_G_b38_A"
[47] "chr21_32435716_C_T_b38_C" "chr21_32435721_G_A_b38_G"
[49] "chr21_32435728_T_C_b38_T" "chr21_32435763_C_T_b38_C"
[51] "chr21_32435766_A_C_b38_A" "chr21_32435898_C_T_b38_C"
[53] "chr21_32435949_T_A_b38_T" "chr21_32435990_T_A_b38_T"
[55] "chr21_32436019_G_A_b38_G" "chr21_32436447_T_A_b38_T"
[57] "chr21_32436465_A_C_b38_A" "chr21_32436477_T_A_b38_T"
[59] "chr21_32436484_T_C_b38_T" "chr21_32436539_G_A_b38_G"
[61] "chr21_32436627_G_A_b38_G" "chr21_32436628_G_A_b38_G"
[63] "chr21_32436637_A_G_b38_A" "chr21_32436702_C_T_b38_C"
[65] "chr21_32436736_G_A_b38_G" "chr21_32436746_A_G_b38_A"
[67] "chr21_32437187_G_C_b38_G" "chr21_32437224_A_G_b38_A"
[69] "chr21_32437249_C_A_b38_C" "chr21_32437250_G_A_b38_G"
[71] "chr21_32437258_C_G_b38_C" "chr21_32621877_A_T_b38_A"
[73] "chr21_32660622_A_G_b38_A" "chr21_32660624_C_T_b38_C"
61 SNP(s) removed because HWE P < 1e-08 :
 [1] "chr10_12734586_A_G_b38_A" "chr10_12734858_G_A_b38_G"
 [3] "chr10_12735198_C_T_b38_C" "chr10_12736615_A_G_b38_A"
 [5] "chr10_12813826_T_C_b38_T" "chr10_12813988_T_C_b38_T"
 [7] "chr10_12815979_G_A_b38_G" "chr10_12816046_G_A_b38_G"
 [9] "chr10_12816373_T_C_b38_T" "chr10_12816410_A_G_b38_A"
[11] "chr10_12819060_G_A_b38_G" "chr10_12840381_G_A_b38_G"
[13] "chr10_12840415_G_A_b38_G" "chr10_12841731_G_A_b38_G"
[15] "chr10_12843020_C_T_b38_C" "chr10_12880144_G_A_b38_G"
[17] "chr10_12882659_C_G_b38_C" "chr10_13258958_A_G_b38_A"
[19] "chr10_13258961_G_A_b38_G" "chr10_13258990_T_C_b38_T"
[21] "chr10_13258991_G_A_b38_G" "chr10_13258998_T_C_b38_T"
[23] "chr10_13259033_G_A_b38_G" "chr10_13259182_G_A_b38_G"
[25] "chr10_13259218_C_A_b38_C" "chr10_13259253_A_G_b38_A"
[27] "chr10_13259269_A_G_b38_A" "chr10_13259307_G_A_b38_G"
[29] "chr10_13314838_G_A_b38_G" "chr10_13321663_A_G_b38_A"
[31] "chr10_13328926_C_A_b38_C" "chr10_13332395_G_A_b38_G"
[33] "chr10_13335213_G_A_b38_G" "chr10_13336068_A_C_b38_A"
[35] "chr10_13341011_T_C_b38_T" "chr10_13353861_G_C_b38_G"
[37] "chr10_13384522_G_A_b38_G" "chr10_13385173_C_T_b38_C"
[39] "chr10_13385252_A_T_b38_A" "chr10_13385858_C_T_b38_C"
[41] "chr10_13394968_T_G_b38_T" "chr10_13400447_C_T_b38_C"
[43] "chr10_13400945_C_T_b38_C" "chr10_13405195_A_G_b38_A"
[45] "chr10_13405605_A_G_b38_A" "chr10_13410157_T_C_b38_T"
[47] "chr10_13411793_C_T_b38_C" "chr10_13412481_A_G_b38_A"
[49] "chr10_13412655_A_G_b38_A" "chr10_13415461_A_G_b38_A"
[51] "chr10_13418489_C_G_b38_C" "chr10_13418491_C_T_b38_C"
[53] "chr10_13423369_C_T_b38_C" "chr10_13423698_G_A_b38_G"
[55] "chr10_13425698_G_A_b38_G" "chr10_13426227_C_A_b38_C"
[57] "chr10_13426624_C_A_b38_C" "chr10_13427690_A_G_b38_A"
[59] "chr10_13430996_A_C_b38_A" "chr10_13649992_C_A_b38_C"
[61] "chr10_13693603_G_C_b38_G"
11 SNP(s) removed because HWE P < 1e-08 :
 [1] "chr5_66131126_A_G_b38_A" "chr5_66181908_G_A_b38_G"
 [3] "chr5_66306975_A_G_b38_A" "chr5_66328661_C_G_b38_C"
 [5] "chr5_66330910_A_G_b38_A" "chr5_66338713_A_C_b38_A"
 [7] "chr5_66347359_A_G_b38_A" "chr5_66348359_G_A_b38_G"
 [9] "chr5_66589864_G_A_b38_G" "chr5_66766609_C_G_b38_C"
[11] "chr5_66979456_T_C_b38_T"
22 SNP(s) removed because HWE P < 1e-08 :
 [1] "chr4_8044692_G_T_b38_G" "chr4_8044693_A_C_b38_A" "chr4_8059763_G_A_b38_G"
 [4] "chr4_8100031_G_T_b38_G" "chr4_8100581_C_T_b38_C" "chr4_8306668_C_G_b38_C"
 [7] "chr4_8557849_T_C_b38_T" "chr4_8557938_A_C_b38_A" "chr4_8557958_G_A_b38_G"
[10] "chr4_8557961_C_T_b38_C" "chr4_8585626_A_G_b38_A" "chr4_8603756_G_C_b38_G"
[13] "chr4_8632004_T_A_b38_T" "chr4_8632045_A_G_b38_A" "chr4_8635779_A_G_b38_A"
[16] "chr4_8655103_T_G_b38_T" "chr4_8655200_C_G_b38_C" "chr4_8656155_G_C_b38_G"
[19] "chr4_8659539_G_A_b38_G" "chr4_8661217_T_G_b38_T" "chr4_8674262_C_G_b38_C"
[22] "chr4_8677036_C_A_b38_C"
19 SNP(s) removed because HWE P < 1e-08 :
 [1] "chr10_89289105_C_T_b38_C" "chr10_89289116_G_T_b38_G"
 [3] "chr10_89289123_C_T_b38_C" "chr10_89289146_T_G_b38_T"
 [5] "chr10_89296507_G_A_b38_G" "chr10_89381740_T_C_b38_T"
 [7] "chr10_89385297_C_T_b38_C" "chr10_89385648_A_G_b38_A"
 [9] "chr10_89390932_T_C_b38_T" "chr10_89412674_A_G_b38_A"
[11] "chr10_89454074_T_C_b38_T" "chr10_89820692_A_G_b38_A"
[13] "chr10_89826359_G_A_b38_G" "chr10_89827140_C_T_b38_C"
[15] "chr10_89827592_C_T_b38_C" "chr10_89829386_G_C_b38_G"
[17] "chr10_89836721_A_G_b38_A" "chr10_89837163_T_G_b38_T"
[19] "chr10_89838162_T_G_b38_T"
27 SNP(s) removed because HWE P < 1e-08 :
 [1] "chr7_22841752_A_T_b38_A" "chr7_22866821_G_C_b38_G"
 [3] "chr7_22868321_A_C_b38_A" "chr7_22868367_C_A_b38_C"
 [5] "chr7_22869155_C_A_b38_C" "chr7_23289793_T_C_b38_T"
 [7] "chr7_23293434_T_C_b38_T" "chr7_23322086_T_C_b38_T"
 [9] "chr7_23323271_C_T_b38_C" "chr7_23325078_C_T_b38_C"
[11] "chr7_23325235_A_G_b38_A" "chr7_23325243_T_C_b38_T"
[13] "chr7_23344506_A_C_b38_A" "chr7_23350573_C_T_b38_C"
[15] "chr7_23352020_T_C_b38_T" "chr7_23367676_C_G_b38_C"
[17] "chr7_23370113_A_G_b38_A" "chr7_23374070_G_A_b38_G"
[19] "chr7_23376798_C_T_b38_C" "chr7_23379960_A_G_b38_A"
[21] "chr7_23381148_A_C_b38_A" "chr7_23381618_C_G_b38_C"
[23] "chr7_23384292_A_G_b38_A" "chr7_23386613_A_G_b38_A"
[25] "chr7_23388401_G_A_b38_G" "chr7_23636170_A_G_b38_A"
[27] "chr7_23636227_G_C_b38_G"
69 SNP(s) removed because HWE P < 1e-08 :
 [1] "chr8_81253423_T_C_b38_T" "chr8_81281143_C_T_b38_C"
 [3] "chr8_81289273_A_T_b38_A" "chr8_81297255_A_G_b38_A"
 [5] "chr8_81299436_C_T_b38_C" "chr8_81300344_T_C_b38_T"
 [7] "chr8_81325559_T_C_b38_T" "chr8_81327049_C_G_b38_C"
 [9] "chr8_81327156_T_G_b38_T" "chr8_81327252_A_G_b38_A"
[11] "chr8_81327333_T_C_b38_T" "chr8_81327394_A_G_b38_A"
[13] "chr8_81328362_A_G_b38_A" "chr8_81328531_C_A_b38_C"
[15] "chr8_81329064_T_A_b38_T" "chr8_81329094_T_G_b38_T"
[17] "chr8_81329957_C_T_b38_C" "chr8_81330786_A_G_b38_A"
[19] "chr8_81330873_T_C_b38_T" "chr8_81331043_A_C_b38_A"
[21] "chr8_81331131_T_C_b38_T" "chr8_81331608_C_T_b38_C"
[23] "chr8_81331614_C_T_b38_C" "chr8_81331709_T_G_b38_T"
[25] "chr8_81331864_A_G_b38_A" "chr8_81331877_C_T_b38_C"
[27] "chr8_81332098_G_A_b38_G" "chr8_81332283_A_G_b38_A"
[29] "chr8_81332524_C_T_b38_C" "chr8_81332904_A_T_b38_A"
[31] "chr8_81332906_C_T_b38_C" "chr8_81333125_G_A_b38_G"
[33] "chr8_81333194_G_T_b38_G" "chr8_81333216_T_C_b38_T"
[35] "chr8_81333791_C_T_b38_C" "chr8_81334313_T_C_b38_T"
[37] "chr8_81335686_A_G_b38_A" "chr8_81336303_C_T_b38_C"
[39] "chr8_81464464_C_T_b38_C" "chr8_81468508_A_T_b38_A"
[41] "chr8_81468888_A_G_b38_A" "chr8_81469332_T_C_b38_T"
[43] "chr8_81469415_G_A_b38_G" "chr8_81470506_G_A_b38_G"
[45] "chr8_81470621_C_T_b38_C" "chr8_81471159_T_G_b38_T"
[47] "chr8_81514819_A_C_b38_A" "chr8_81515555_C_T_b38_C"
[49] "chr8_81518769_T_C_b38_T" "chr8_81527961_G_T_b38_G"
[51] "chr8_81900677_A_T_b38_A" "chr8_81900680_C_T_b38_C"
[53] "chr8_81900761_G_T_b38_G" "chr8_81900762_G_A_b38_G"
[55] "chr8_81900773_G_A_b38_G" "chr8_81900776_G_T_b38_G"
[57] "chr8_81900779_T_C_b38_T" "chr8_81900782_C_T_b38_C"
[59] "chr8_81900783_T_C_b38_T" "chr8_81900784_G_A_b38_G"
[61] "chr8_81900789_T_C_b38_T" "chr8_81900796_C_G_b38_C"
[63] "chr8_81900800_G_C_b38_G" "chr8_82127185_G_A_b38_G"
[65] "chr8_82127192_C_G_b38_C" "chr8_82129772_G_C_b38_G"
[67] "chr8_82130336_C_T_b38_C" "chr8_82136891_C_T_b38_C"
[69] "chr8_82137774_C_G_b38_C"
24 SNP(s) removed because HWE P < 1e-08 :
 [1] "chr7_148910372_A_C_b38_A" "chr7_148983468_G_T_b38_G"
 [3] "chr7_148986394_T_A_b38_T" "chr7_148986750_G_A_b38_G"
 [5] "chr7_148986981_G_T_b38_G" "chr7_148987259_C_G_b38_C"
 [7] "chr7_149017103_C_G_b38_C" "chr7_149017104_G_A_b38_G"
 [9] "chr7_149017363_C_G_b38_C" "chr7_149022979_T_C_b38_T"
[11] "chr7_149023005_G_A_b38_G" "chr7_149024141_G_A_b38_G"
[13] "chr7_149028658_C_T_b38_C" "chr7_149033079_G_A_b38_G"
[15] "chr7_149033099_C_T_b38_C" "chr7_149035167_G_A_b38_G"
[17] "chr7_149036162_A_G_b38_A" "chr7_149036305_A_C_b38_A"
[19] "chr7_149036980_G_A_b38_G" "chr7_149037080_G_C_b38_G"
[21] "chr7_149220189_C_A_b38_C" "chr7_149585092_C_T_b38_C"
[23] "chr7_149585155_G_A_b38_G" "chr7_149585164_A_G_b38_A"
60 SNP(s) removed because HWE P < 1e-08 :
 [1] "chr2_33054064_C_G_b38_C" "chr2_33055167_G_A_b38_G"
 [3] "chr2_33072703_C_T_b38_C" "chr2_33085940_G_A_b38_G"
 [5] "chr2_33087972_G_A_b38_G" "chr2_33286824_C_G_b38_C"
 [7] "chr2_33371023_T_G_b38_T" "chr2_33431334_T_C_b38_T"
 [9] "chr2_33431637_T_C_b38_T" "chr2_33432529_A_G_b38_A"
[11] "chr2_33432770_C_T_b38_C" "chr2_33432918_A_G_b38_A"
[13] "chr2_33433068_T_C_b38_T" "chr2_33433257_C_A_b38_C"
[15] "chr2_33433303_T_C_b38_T" "chr2_33433437_T_A_b38_T"
[17] "chr2_33433580_A_G_b38_A" "chr2_33434073_C_T_b38_C"
[19] "chr2_33738469_T_C_b38_T" "chr2_33792585_C_A_b38_C"
[21] "chr2_33826187_C_A_b38_C" "chr2_33826189_T_G_b38_T"
[23] "chr2_33826215_G_C_b38_G" "chr2_33826216_A_G_b38_A"
[25] "chr2_33839969_T_C_b38_T" "chr2_33839972_T_G_b38_T"
[27] "chr2_33839979_T_C_b38_T" "chr2_33839980_G_T_b38_G"
[29] "chr2_33839988_A_G_b38_A" "chr2_33840000_T_C_b38_T"
[31] "chr2_33840004_C_T_b38_C" "chr2_33840016_A_C_b38_A"
[33] "chr2_33840017_G_C_b38_G" "chr2_33840022_G_A_b38_G"
[35] "chr2_33840030_T_C_b38_T" "chr2_33840038_T_C_b38_T"
[37] "chr2_33840048_G_C_b38_G" "chr2_33840049_G_A_b38_G"
[39] "chr2_33840082_C_A_b38_C" "chr2_33840086_G_C_b38_G"
[41] "chr2_33840087_C_T_b38_C" "chr2_33840102_T_C_b38_T"
[43] "chr2_33840112_G_A_b38_G" "chr2_33840131_C_A_b38_C"
[45] "chr2_33840313_A_G_b38_A" "chr2_33840318_T_A_b38_T"
[47] "chr2_33840338_T_G_b38_T" "chr2_33840347_C_A_b38_C"
[49] "chr2_33840373_A_C_b38_A" "chr2_33840374_T_C_b38_T"
[51] "chr2_33840420_A_G_b38_A" "chr2_33840444_T_A_b38_T"
[53] "chr2_33840449_T_G_b38_T" "chr2_33840456_A_G_b38_A"
[55] "chr2_33840462_C_T_b38_C" "chr2_33840664_T_A_b38_T"
[57] "chr2_33840668_G_A_b38_G" "chr2_33905605_C_T_b38_C"
[59] "chr2_33911403_A_G_b38_A" "chr2_33911426_A_G_b38_A"
47 SNP(s) removed because HWE P < 1e-08 :
 [1] "chr5_179786247_T_A_b38_T" "chr5_179819326_G_C_b38_G"
 [3] "chr5_179833331_C_G_b38_C" "chr5_179843752_C_A_b38_C"
 [5] "chr5_179845368_T_C_b38_T" "chr5_179852949_T_C_b38_T"
 [7] "chr5_179853927_T_G_b38_T" "chr5_179854315_T_C_b38_T"
 [9] "chr5_179856110_A_G_b38_A" "chr5_179856625_T_C_b38_T"
[11] "chr5_179858428_C_G_b38_C" "chr5_179858451_G_C_b38_G"
[13] "chr5_179868150_A_G_b38_A" "chr5_179879490_A_G_b38_A"
[15] "chr5_179895514_T_C_b38_T" "chr5_179901228_C_T_b38_C"
[17] "chr5_179902931_A_G_b38_A" "chr5_179903636_C_T_b38_C"
[19] "chr5_179903764_A_G_b38_A" "chr5_180097471_G_C_b38_G"
[21] "chr5_180097550_G_A_b38_G" "chr5_180104101_A_G_b38_A"
[23] "chr5_180135369_T_G_b38_T" "chr5_180151584_C_G_b38_C"
[25] "chr5_180153169_T_C_b38_T" "chr5_180153231_G_A_b38_G"
[27] "chr5_180417801_T_C_b38_T" "chr5_180417808_T_C_b38_T"
[29] "chr5_180417835_G_A_b38_G" "chr5_180417876_A_C_b38_A"
[31] "chr5_180417882_T_C_b38_T" "chr5_180417885_T_C_b38_T"
[33] "chr5_180418610_G_A_b38_G" "chr5_180418910_T_C_b38_T"
[35] "chr5_180418994_G_A_b38_G" "chr5_180419038_T_C_b38_T"
[37] "chr5_180419044_A_G_b38_A" "chr5_180419048_A_C_b38_A"
[39] "chr5_180419125_G_C_b38_G" "chr5_180650549_G_C_b38_G"
[41] "chr5_180673810_G_A_b38_G" "chr5_180673813_G_A_b38_G"
[43] "chr5_180673851_G_A_b38_G" "chr5_180674290_C_T_b38_C"
[45] "chr5_180674296_C_A_b38_C" "chr5_180674483_C_A_b38_C"
[47] "chr5_180674630_G_A_b38_G"
69 SNP(s) removed because HWE P < 1e-08 :
 [1] "chr8_81253423_T_C_b38_T" "chr8_81281143_C_T_b38_C"
 [3] "chr8_81289273_A_T_b38_A" "chr8_81297255_A_G_b38_A"
 [5] "chr8_81299436_C_T_b38_C" "chr8_81300344_T_C_b38_T"
 [7] "chr8_81325559_T_C_b38_T" "chr8_81327049_C_G_b38_C"
 [9] "chr8_81327156_T_G_b38_T" "chr8_81327252_A_G_b38_A"
[11] "chr8_81327333_T_C_b38_T" "chr8_81327394_A_G_b38_A"
[13] "chr8_81328362_A_G_b38_A" "chr8_81328531_C_A_b38_C"
[15] "chr8_81329064_T_A_b38_T" "chr8_81329094_T_G_b38_T"
[17] "chr8_81329957_C_T_b38_C" "chr8_81330786_A_G_b38_A"
[19] "chr8_81330873_T_C_b38_T" "chr8_81331043_A_C_b38_A"
[21] "chr8_81331131_T_C_b38_T" "chr8_81331608_C_T_b38_C"
[23] "chr8_81331614_C_T_b38_C" "chr8_81331709_T_G_b38_T"
[25] "chr8_81331864_A_G_b38_A" "chr8_81331877_C_T_b38_C"
[27] "chr8_81332098_G_A_b38_G" "chr8_81332283_A_G_b38_A"
[29] "chr8_81332524_C_T_b38_C" "chr8_81332904_A_T_b38_A"
[31] "chr8_81332906_C_T_b38_C" "chr8_81333125_G_A_b38_G"
[33] "chr8_81333194_G_T_b38_G" "chr8_81333216_T_C_b38_T"
[35] "chr8_81333791_C_T_b38_C" "chr8_81334313_T_C_b38_T"
[37] "chr8_81335686_A_G_b38_A" "chr8_81336303_C_T_b38_C"
[39] "chr8_81464464_C_T_b38_C" "chr8_81468508_A_T_b38_A"
[41] "chr8_81468888_A_G_b38_A" "chr8_81469332_T_C_b38_T"
[43] "chr8_81469415_G_A_b38_G" "chr8_81470506_G_A_b38_G"
[45] "chr8_81470621_C_T_b38_C" "chr8_81471159_T_G_b38_T"
[47] "chr8_81514819_A_C_b38_A" "chr8_81515555_C_T_b38_C"
[49] "chr8_81518769_T_C_b38_T" "chr8_81527961_G_T_b38_G"
[51] "chr8_81900677_A_T_b38_A" "chr8_81900680_C_T_b38_C"
[53] "chr8_81900761_G_T_b38_G" "chr8_81900762_G_A_b38_G"
[55] "chr8_81900773_G_A_b38_G" "chr8_81900776_G_T_b38_G"
[57] "chr8_81900779_T_C_b38_T" "chr8_81900782_C_T_b38_C"
[59] "chr8_81900783_T_C_b38_T" "chr8_81900784_G_A_b38_G"
[61] "chr8_81900789_T_C_b38_T" "chr8_81900796_C_G_b38_C"
[63] "chr8_81900800_G_C_b38_G" "chr8_82127185_G_A_b38_G"
[65] "chr8_82127192_C_G_b38_C" "chr8_82129772_G_C_b38_G"
[67] "chr8_82130336_C_T_b38_C" "chr8_82136891_C_T_b38_C"
[69] "chr8_82137774_C_G_b38_C"
20 SNP(s) removed because HWE P < 1e-08 :
 [1] "chr17_35379518_A_C_b38_A" "chr17_35442015_G_A_b38_G"
 [3] "chr17_35996816_T_G_b38_T" "chr17_36082933_C_A_b38_C"
 [5] "chr17_36083801_G_C_b38_G" "chr17_36083900_T_A_b38_T"
 [7] "chr17_36109988_G_T_b38_G" "chr17_36111300_G_A_b38_G"
 [9] "chr17_36112019_G_A_b38_G" "chr17_36114883_G_A_b38_G"
[11] "chr17_36152807_C_A_b38_C" "chr17_36160669_C_T_b38_C"
[13] "chr17_36161464_T_G_b38_T" "chr17_36163152_C_T_b38_C"
[15] "chr17_36163256_C_T_b38_C" "chr17_36164185_C_T_b38_C"
[17] "chr17_36165283_A_G_b38_A" "chr17_36165307_T_G_b38_T"
[19] "chr17_36229227_G_A_b38_G" "chr17_36229290_G_T_b38_G"
22 SNP(s) removed because HWE P < 1e-08 :
 [1] "chr1_162353041_G_C_b38_G" "chr1_162353047_A_C_b38_A"
 [3] "chr1_162477576_G_A_b38_G" "chr1_162481393_G_A_b38_G"
 [5] "chr1_162483630_C_T_b38_C" "chr1_162701799_T_C_b38_T"
 [7] "chr1_162704548_G_A_b38_G" "chr1_162705250_T_C_b38_T"
 [9] "chr1_162706401_C_T_b38_C" "chr1_162710700_T_C_b38_T"
[11] "chr1_162714569_T_C_b38_T" "chr1_162722878_C_G_b38_C"
[13] "chr1_162733892_A_G_b38_A" "chr1_162742199_A_T_b38_A"
[15] "chr1_162742900_G_A_b38_G" "chr1_162743999_G_A_b38_G"
[17] "chr1_162744207_T_C_b38_T" "chr1_162752426_G_A_b38_G"
[19] "chr1_162763446_G_A_b38_G" "chr1_162798738_C_G_b38_C"
[21] "chr1_162803606_G_A_b38_G" "chr1_162909861_T_C_b38_T"
32 SNP(s) removed because HWE P < 1e-08 :
 [1] "chr19_17504800_T_C_b38_T" "chr19_17504915_T_C_b38_T"
 [3] "chr19_17583443_G_T_b38_G" "chr19_17666011_C_T_b38_C"
 [5] "chr19_17666078_T_C_b38_T" "chr19_17847808_C_T_b38_C"
 [7] "chr19_17847968_T_C_b38_T" "chr19_17901200_G_T_b38_G"
 [9] "chr19_17908396_T_C_b38_T" "chr19_17924720_G_T_b38_G"
[11] "chr19_17928630_T_C_b38_T" "chr19_18036796_G_A_b38_G"
[13] "chr19_18037080_A_T_b38_A" "chr19_18037381_T_C_b38_T"
[15] "chr19_18037783_T_C_b38_T" "chr19_18039165_G_A_b38_G"
[17] "chr19_18039479_C_T_b38_C" "chr19_18039995_T_C_b38_T"
[19] "chr19_18040092_T_C_b38_T" "chr19_18040429_G_T_b38_G"
[21] "chr19_18040432_G_T_b38_G" "chr19_18042127_C_T_b38_C"
[23] "chr19_18042885_A_G_b38_A" "chr19_18043992_G_C_b38_G"
[25] "chr19_18044231_C_G_b38_C" "chr19_18044266_G_C_b38_G"
[27] "chr19_18251693_G_C_b38_G" "chr19_18260387_C_T_b38_C"
[29] "chr19_18262150_C_G_b38_C" "chr19_18265699_G_A_b38_G"
[31] "chr19_18265970_T_C_b38_T" "chr19_18267871_C_A_b38_C"
11 SNP(s) removed because HWE P < 1e-08 :
 [1] "chr5_66131126_A_G_b38_A" "chr5_66181908_G_A_b38_G"
 [3] "chr5_66306975_A_G_b38_A" "chr5_66328661_C_G_b38_C"
 [5] "chr5_66330910_A_G_b38_A" "chr5_66338713_A_C_b38_A"
 [7] "chr5_66347359_A_G_b38_A" "chr5_66348359_G_A_b38_G"
 [9] "chr5_66589864_G_A_b38_G" "chr5_66766609_C_G_b38_C"
[11] "chr5_66979456_T_C_b38_T"
69 SNP(s) removed because HWE P < 1e-08 :
 [1] "chr8_81253423_T_C_b38_T" "chr8_81281143_C_T_b38_C"
 [3] "chr8_81289273_A_T_b38_A" "chr8_81297255_A_G_b38_A"
 [5] "chr8_81299436_C_T_b38_C" "chr8_81300344_T_C_b38_T"
 [7] "chr8_81325559_T_C_b38_T" "chr8_81327049_C_G_b38_C"
 [9] "chr8_81327156_T_G_b38_T" "chr8_81327252_A_G_b38_A"
[11] "chr8_81327333_T_C_b38_T" "chr8_81327394_A_G_b38_A"
[13] "chr8_81328362_A_G_b38_A" "chr8_81328531_C_A_b38_C"
[15] "chr8_81329064_T_A_b38_T" "chr8_81329094_T_G_b38_T"
[17] "chr8_81329957_C_T_b38_C" "chr8_81330786_A_G_b38_A"
[19] "chr8_81330873_T_C_b38_T" "chr8_81331043_A_C_b38_A"
[21] "chr8_81331131_T_C_b38_T" "chr8_81331608_C_T_b38_C"
[23] "chr8_81331614_C_T_b38_C" "chr8_81331709_T_G_b38_T"
[25] "chr8_81331864_A_G_b38_A" "chr8_81331877_C_T_b38_C"
[27] "chr8_81332098_G_A_b38_G" "chr8_81332283_A_G_b38_A"
[29] "chr8_81332524_C_T_b38_C" "chr8_81332904_A_T_b38_A"
[31] "chr8_81332906_C_T_b38_C" "chr8_81333125_G_A_b38_G"
[33] "chr8_81333194_G_T_b38_G" "chr8_81333216_T_C_b38_T"
[35] "chr8_81333791_C_T_b38_C" "chr8_81334313_T_C_b38_T"
[37] "chr8_81335686_A_G_b38_A" "chr8_81336303_C_T_b38_C"
[39] "chr8_81464464_C_T_b38_C" "chr8_81468508_A_T_b38_A"
[41] "chr8_81468888_A_G_b38_A" "chr8_81469332_T_C_b38_T"
[43] "chr8_81469415_G_A_b38_G" "chr8_81470506_G_A_b38_G"
[45] "chr8_81470621_C_T_b38_C" "chr8_81471159_T_G_b38_T"
[47] "chr8_81514819_A_C_b38_A" "chr8_81515555_C_T_b38_C"
[49] "chr8_81518769_T_C_b38_T" "chr8_81527961_G_T_b38_G"
[51] "chr8_81900677_A_T_b38_A" "chr8_81900680_C_T_b38_C"
[53] "chr8_81900761_G_T_b38_G" "chr8_81900762_G_A_b38_G"
[55] "chr8_81900773_G_A_b38_G" "chr8_81900776_G_T_b38_G"
[57] "chr8_81900779_T_C_b38_T" "chr8_81900782_C_T_b38_C"
[59] "chr8_81900783_T_C_b38_T" "chr8_81900784_G_A_b38_G"
[61] "chr8_81900789_T_C_b38_T" "chr8_81900796_C_G_b38_C"
[63] "chr8_81900800_G_C_b38_G" "chr8_82127185_G_A_b38_G"
[65] "chr8_82127192_C_G_b38_C" "chr8_82129772_G_C_b38_G"
[67] "chr8_82130336_C_T_b38_C" "chr8_82136891_C_T_b38_C"
[69] "chr8_82137774_C_G_b38_C"
86 SNP(s) removed because HWE P < 1e-08 :
 [1] "chr11_12602581_C_A_b38_C" "chr11_12624958_C_A_b38_C"
 [3] "chr11_12709357_A_C_b38_A" "chr11_12711743_G_T_b38_G"
 [5] "chr11_12712147_G_A_b38_G" "chr11_12714195_C_T_b38_C"
 [7] "chr11_12714879_C_G_b38_C" "chr11_12715017_G_A_b38_G"
 [9] "chr11_12715147_C_T_b38_C" "chr11_12715325_A_G_b38_A"
[11] "chr11_12715946_C_T_b38_C" "chr11_12715993_T_C_b38_T"
[13] "chr11_12717103_G_A_b38_G" "chr11_12717141_C_A_b38_C"
[15] "chr11_12722267_A_G_b38_A" "chr11_12722492_G_A_b38_G"
[17] "chr11_12722623_A_G_b38_A" "chr11_12725406_G_A_b38_G"
[19] "chr11_12726375_G_A_b38_G" "chr11_12730213_C_A_b38_C"
[21] "chr11_12731602_A_G_b38_A" "chr11_12750963_G_C_b38_G"
[23] "chr11_12757747_T_C_b38_T" "chr11_12757888_G_T_b38_G"
[25] "chr11_12758617_C_T_b38_C" "chr11_12758709_T_C_b38_T"
[27] "chr11_12759469_G_A_b38_G" "chr11_12775522_G_C_b38_G"
[29] "chr11_12781165_A_G_b38_A" "chr11_12797262_G_A_b38_G"
[31] "chr11_12801705_T_G_b38_T" "chr11_12806545_C_T_b38_C"
[33] "chr11_12810221_C_T_b38_C" "chr11_12820345_A_C_b38_A"
[35] "chr11_12959220_G_C_b38_G" "chr11_13145421_T_C_b38_T"
[37] "chr11_13159063_A_T_b38_A" "chr11_13160043_T_C_b38_T"
[39] "chr11_13161191_T_G_b38_T" "chr11_13162034_C_T_b38_C"
[41] "chr11_13163679_G_A_b38_G" "chr11_13167486_A_G_b38_A"
[43] "chr11_13167824_C_G_b38_C" "chr11_13168039_T_G_b38_T"
[45] "chr11_13168424_A_T_b38_A" "chr11_13168751_C_A_b38_C"
[47] "chr11_13168868_C_G_b38_C" "chr11_13170516_C_T_b38_C"
[49] "chr11_13171300_T_A_b38_T" "chr11_13171711_G_C_b38_G"
[51] "chr11_13172324_A_C_b38_A" "chr11_13172527_T_C_b38_T"
[53] "chr11_13172742_G_A_b38_G" "chr11_13173008_G_A_b38_G"
[55] "chr11_13173311_A_C_b38_A" "chr11_13173332_G_A_b38_G"
[57] "chr11_13173916_G_A_b38_G" "chr11_13174617_C_T_b38_C"
[59] "chr11_13174658_A_G_b38_A" "chr11_13175460_G_T_b38_G"
[61] "chr11_13175491_T_C_b38_T" "chr11_13176427_A_G_b38_A"
[63] "chr11_13176535_G_A_b38_G" "chr11_13176583_C_T_b38_C"
[65] "chr11_13177356_T_C_b38_T" "chr11_13178288_C_T_b38_C"
[67] "chr11_13178878_C_T_b38_C" "chr11_13179392_C_G_b38_C"
[69] "chr11_13179991_G_A_b38_G" "chr11_13180396_T_C_b38_T"
[71] "chr11_13181122_C_T_b38_C" "chr11_13181132_T_A_b38_T"
[73] "chr11_13181163_T_G_b38_T" "chr11_13181254_G_A_b38_G"
[75] "chr11_13181293_C_T_b38_C" "chr11_13181360_G_A_b38_G"
[77] "chr11_13181664_A_G_b38_A" "chr11_13182114_G_A_b38_G"
[79] "chr11_13182203_G_A_b38_G" "chr11_13182610_C_T_b38_C"
[81] "chr11_13182823_T_C_b38_T" "chr11_13183287_G_A_b38_G"
[83] "chr11_13184213_G_A_b38_G" "chr11_13301971_T_C_b38_T"
[85] "chr11_13316281_G_A_b38_G" "chr11_13395112_C_G_b38_C"
60 SNP(s) removed because HWE P < 1e-08 :
 [1] "chr2_33054064_C_G_b38_C" "chr2_33055167_G_A_b38_G"
 [3] "chr2_33072703_C_T_b38_C" "chr2_33085940_G_A_b38_G"
 [5] "chr2_33087972_G_A_b38_G" "chr2_33286824_C_G_b38_C"
 [7] "chr2_33371023_T_G_b38_T" "chr2_33431334_T_C_b38_T"
 [9] "chr2_33431637_T_C_b38_T" "chr2_33432529_A_G_b38_A"
[11] "chr2_33432770_C_T_b38_C" "chr2_33432918_A_G_b38_A"
[13] "chr2_33433068_T_C_b38_T" "chr2_33433257_C_A_b38_C"
[15] "chr2_33433303_T_C_b38_T" "chr2_33433437_T_A_b38_T"
[17] "chr2_33433580_A_G_b38_A" "chr2_33434073_C_T_b38_C"
[19] "chr2_33738469_T_C_b38_T" "chr2_33792585_C_A_b38_C"
[21] "chr2_33826187_C_A_b38_C" "chr2_33826189_T_G_b38_T"
[23] "chr2_33826215_G_C_b38_G" "chr2_33826216_A_G_b38_A"
[25] "chr2_33839969_T_C_b38_T" "chr2_33839972_T_G_b38_T"
[27] "chr2_33839979_T_C_b38_T" "chr2_33839980_G_T_b38_G"
[29] "chr2_33839988_A_G_b38_A" "chr2_33840000_T_C_b38_T"
[31] "chr2_33840004_C_T_b38_C" "chr2_33840016_A_C_b38_A"
[33] "chr2_33840017_G_C_b38_G" "chr2_33840022_G_A_b38_G"
[35] "chr2_33840030_T_C_b38_T" "chr2_33840038_T_C_b38_T"
[37] "chr2_33840048_G_C_b38_G" "chr2_33840049_G_A_b38_G"
[39] "chr2_33840082_C_A_b38_C" "chr2_33840086_G_C_b38_G"
[41] "chr2_33840087_C_T_b38_C" "chr2_33840102_T_C_b38_T"
[43] "chr2_33840112_G_A_b38_G" "chr2_33840131_C_A_b38_C"
[45] "chr2_33840313_A_G_b38_A" "chr2_33840318_T_A_b38_T"
[47] "chr2_33840338_T_G_b38_T" "chr2_33840347_C_A_b38_C"
[49] "chr2_33840373_A_C_b38_A" "chr2_33840374_T_C_b38_T"
[51] "chr2_33840420_A_G_b38_A" "chr2_33840444_T_A_b38_T"
[53] "chr2_33840449_T_G_b38_T" "chr2_33840456_A_G_b38_A"
[55] "chr2_33840462_C_T_b38_C" "chr2_33840664_T_A_b38_T"
[57] "chr2_33840668_G_A_b38_G" "chr2_33905605_C_T_b38_C"
[59] "chr2_33911403_A_G_b38_A" "chr2_33911426_A_G_b38_A"
24 SNP(s) removed because HWE P < 1e-08 :
 [1] "chr7_148910372_A_C_b38_A" "chr7_148983468_G_T_b38_G"
 [3] "chr7_148986394_T_A_b38_T" "chr7_148986750_G_A_b38_G"
 [5] "chr7_148986981_G_T_b38_G" "chr7_148987259_C_G_b38_C"
 [7] "chr7_149017103_C_G_b38_C" "chr7_149017104_G_A_b38_G"
 [9] "chr7_149017363_C_G_b38_C" "chr7_149022979_T_C_b38_T"
[11] "chr7_149023005_G_A_b38_G" "chr7_149024141_G_A_b38_G"
[13] "chr7_149028658_C_T_b38_C" "chr7_149033079_G_A_b38_G"
[15] "chr7_149033099_C_T_b38_C" "chr7_149035167_G_A_b38_G"
[17] "chr7_149036162_A_G_b38_A" "chr7_149036305_A_C_b38_A"
[19] "chr7_149036980_G_A_b38_G" "chr7_149037080_G_C_b38_G"
[21] "chr7_149220189_C_A_b38_C" "chr7_149585092_C_T_b38_C"
[23] "chr7_149585155_G_A_b38_G" "chr7_149585164_A_G_b38_A"
31 SNP(s) removed because HWE P < 1e-08 :
 [1] "chr17_7984782_C_T_b38_C" "chr17_8090056_A_G_b38_A"
 [3] "chr17_8090165_A_G_b38_A" "chr17_8091865_A_G_b38_A"
 [5] "chr17_8295843_T_C_b38_T" "chr17_8296211_T_C_b38_T"
 [7] "chr17_8301434_A_T_b38_A" "chr17_8301752_T_G_b38_T"
 [9] "chr17_8302314_G_A_b38_G" "chr17_8304837_A_G_b38_A"
[11] "chr17_8306199_C_T_b38_C" "chr17_8308517_C_T_b38_C"
[13] "chr17_8310997_C_T_b38_C" "chr17_8311249_A_C_b38_A"
[15] "chr17_8409397_A_G_b38_A" "chr17_8409473_A_G_b38_A"
[17] "chr17_8409476_A_G_b38_A" "chr17_8409527_G_A_b38_G"
[19] "chr17_8409553_G_A_b38_G" "chr17_8409558_G_A_b38_G"
[21] "chr17_8409597_G_A_b38_G" "chr17_8409637_G_A_b38_G"
[23] "chr17_8409654_A_G_b38_A" "chr17_8409705_A_G_b38_A"
[25] "chr17_8409729_G_A_b38_G" "chr17_8572263_A_T_b38_A"
[27] "chr17_8718068_T_C_b38_T" "chr17_8718097_A_G_b38_A"
[29] "chr17_8718134_T_G_b38_T" "chr17_8741093_C_T_b38_C"
[31] "chr17_8746096_G_C_b38_G"
17 SNP(s) removed because HWE P < 1e-08 :
 [1] "chr20_20346831_T_G_b38_T" "chr20_20360689_G_C_b38_G"
 [3] "chr20_20361013_A_T_b38_A" "chr20_20384582_G_A_b38_G"
 [5] "chr20_20390762_C_T_b38_C" "chr20_20405935_T_C_b38_T"
 [7] "chr20_20407054_T_C_b38_T" "chr20_20410576_A_C_b38_A"
 [9] "chr20_20425158_A_G_b38_A" "chr20_20747276_T_G_b38_T"
[11] "chr20_20988603_T_C_b38_T" "chr20_21012646_T_C_b38_T"
[13] "chr20_21012772_G_A_b38_G" "chr20_21097262_A_G_b38_A"
[15] "chr20_21097415_T_C_b38_T" "chr20_21097432_A_T_b38_A"
[17] "chr20_21098915_G_A_b38_G"
32 SNP(s) removed because HWE P < 1e-08 :
 [1] "chr19_17504800_T_C_b38_T" "chr19_17504915_T_C_b38_T"
 [3] "chr19_17583443_G_T_b38_G" "chr19_17666011_C_T_b38_C"
 [5] "chr19_17666078_T_C_b38_T" "chr19_17847808_C_T_b38_C"
 [7] "chr19_17847968_T_C_b38_T" "chr19_17901200_G_T_b38_G"
 [9] "chr19_17908396_T_C_b38_T" "chr19_17924720_G_T_b38_G"
[11] "chr19_17928630_T_C_b38_T" "chr19_18036796_G_A_b38_G"
[13] "chr19_18037080_A_T_b38_A" "chr19_18037381_T_C_b38_T"
[15] "chr19_18037783_T_C_b38_T" "chr19_18039165_G_A_b38_G"
[17] "chr19_18039479_C_T_b38_C" "chr19_18039995_T_C_b38_T"
[19] "chr19_18040092_T_C_b38_T" "chr19_18040429_G_T_b38_G"
[21] "chr19_18040432_G_T_b38_G" "chr19_18042127_C_T_b38_C"
[23] "chr19_18042885_A_G_b38_A" "chr19_18043992_G_C_b38_G"
[25] "chr19_18044231_C_G_b38_C" "chr19_18044266_G_C_b38_G"
[27] "chr19_18251693_G_C_b38_G" "chr19_18260387_C_T_b38_C"
[29] "chr19_18262150_C_G_b38_C" "chr19_18265699_G_A_b38_G"
[31] "chr19_18265970_T_C_b38_T" "chr19_18267871_C_A_b38_C"
86 SNP(s) removed because HWE P < 1e-08 :
 [1] "chr11_12602581_C_A_b38_C" "chr11_12624958_C_A_b38_C"
 [3] "chr11_12709357_A_C_b38_A" "chr11_12711743_G_T_b38_G"
 [5] "chr11_12712147_G_A_b38_G" "chr11_12714195_C_T_b38_C"
 [7] "chr11_12714879_C_G_b38_C" "chr11_12715017_G_A_b38_G"
 [9] "chr11_12715147_C_T_b38_C" "chr11_12715325_A_G_b38_A"
[11] "chr11_12715946_C_T_b38_C" "chr11_12715993_T_C_b38_T"
[13] "chr11_12717103_G_A_b38_G" "chr11_12717141_C_A_b38_C"
[15] "chr11_12722267_A_G_b38_A" "chr11_12722492_G_A_b38_G"
[17] "chr11_12722623_A_G_b38_A" "chr11_12725406_G_A_b38_G"
[19] "chr11_12726375_G_A_b38_G" "chr11_12730213_C_A_b38_C"
[21] "chr11_12731602_A_G_b38_A" "chr11_12750963_G_C_b38_G"
[23] "chr11_12757747_T_C_b38_T" "chr11_12757888_G_T_b38_G"
[25] "chr11_12758617_C_T_b38_C" "chr11_12758709_T_C_b38_T"
[27] "chr11_12759469_G_A_b38_G" "chr11_12775522_G_C_b38_G"
[29] "chr11_12781165_A_G_b38_A" "chr11_12797262_G_A_b38_G"
[31] "chr11_12801705_T_G_b38_T" "chr11_12806545_C_T_b38_C"
[33] "chr11_12810221_C_T_b38_C" "chr11_12820345_A_C_b38_A"
[35] "chr11_12959220_G_C_b38_G" "chr11_13145421_T_C_b38_T"
[37] "chr11_13159063_A_T_b38_A" "chr11_13160043_T_C_b38_T"
[39] "chr11_13161191_T_G_b38_T" "chr11_13162034_C_T_b38_C"
[41] "chr11_13163679_G_A_b38_G" "chr11_13167486_A_G_b38_A"
[43] "chr11_13167824_C_G_b38_C" "chr11_13168039_T_G_b38_T"
[45] "chr11_13168424_A_T_b38_A" "chr11_13168751_C_A_b38_C"
[47] "chr11_13168868_C_G_b38_C" "chr11_13170516_C_T_b38_C"
[49] "chr11_13171300_T_A_b38_T" "chr11_13171711_G_C_b38_G"
[51] "chr11_13172324_A_C_b38_A" "chr11_13172527_T_C_b38_T"
[53] "chr11_13172742_G_A_b38_G" "chr11_13173008_G_A_b38_G"
[55] "chr11_13173311_A_C_b38_A" "chr11_13173332_G_A_b38_G"
[57] "chr11_13173916_G_A_b38_G" "chr11_13174617_C_T_b38_C"
[59] "chr11_13174658_A_G_b38_A" "chr11_13175460_G_T_b38_G"
[61] "chr11_13175491_T_C_b38_T" "chr11_13176427_A_G_b38_A"
[63] "chr11_13176535_G_A_b38_G" "chr11_13176583_C_T_b38_C"
[65] "chr11_13177356_T_C_b38_T" "chr11_13178288_C_T_b38_C"
[67] "chr11_13178878_C_T_b38_C" "chr11_13179392_C_G_b38_C"
[69] "chr11_13179991_G_A_b38_G" "chr11_13180396_T_C_b38_T"
[71] "chr11_13181122_C_T_b38_C" "chr11_13181132_T_A_b38_T"
[73] "chr11_13181163_T_G_b38_T" "chr11_13181254_G_A_b38_G"
[75] "chr11_13181293_C_T_b38_C" "chr11_13181360_G_A_b38_G"
[77] "chr11_13181664_A_G_b38_A" "chr11_13182114_G_A_b38_G"
[79] "chr11_13182203_G_A_b38_G" "chr11_13182610_C_T_b38_C"
[81] "chr11_13182823_T_C_b38_T" "chr11_13183287_G_A_b38_G"
[83] "chr11_13184213_G_A_b38_G" "chr11_13301971_T_C_b38_T"
[85] "chr11_13316281_G_A_b38_G" "chr11_13395112_C_G_b38_C"
22 SNP(s) removed because HWE P < 1e-08 :
 [1] "chr1_162353041_G_C_b38_G" "chr1_162353047_A_C_b38_A"
 [3] "chr1_162477576_G_A_b38_G" "chr1_162481393_G_A_b38_G"
 [5] "chr1_162483630_C_T_b38_C" "chr1_162701799_T_C_b38_T"
 [7] "chr1_162704548_G_A_b38_G" "chr1_162705250_T_C_b38_T"
 [9] "chr1_162706401_C_T_b38_C" "chr1_162710700_T_C_b38_T"
[11] "chr1_162714569_T_C_b38_T" "chr1_162722878_C_G_b38_C"
[13] "chr1_162733892_A_G_b38_A" "chr1_162742199_A_T_b38_A"
[15] "chr1_162742900_G_A_b38_G" "chr1_162743999_G_A_b38_G"
[17] "chr1_162744207_T_C_b38_T" "chr1_162752426_G_A_b38_G"
[19] "chr1_162763446_G_A_b38_G" "chr1_162798738_C_G_b38_C"
[21] "chr1_162803606_G_A_b38_G" "chr1_162909861_T_C_b38_T"
11 SNP(s) removed because HWE P < 1e-08 :
 [1] "chr5_66131126_A_G_b38_A" "chr5_66181908_G_A_b38_G"
 [3] "chr5_66306975_A_G_b38_A" "chr5_66328661_C_G_b38_C"
 [5] "chr5_66330910_A_G_b38_A" "chr5_66338713_A_C_b38_A"
 [7] "chr5_66347359_A_G_b38_A" "chr5_66348359_G_A_b38_G"
 [9] "chr5_66589864_G_A_b38_G" "chr5_66766609_C_G_b38_C"
[11] "chr5_66979456_T_C_b38_T"
60 SNP(s) removed because HWE P < 1e-08 :
 [1] "chr2_33054064_C_G_b38_C" "chr2_33055167_G_A_b38_G"
 [3] "chr2_33072703_C_T_b38_C" "chr2_33085940_G_A_b38_G"
 [5] "chr2_33087972_G_A_b38_G" "chr2_33286824_C_G_b38_C"
 [7] "chr2_33371023_T_G_b38_T" "chr2_33431334_T_C_b38_T"
 [9] "chr2_33431637_T_C_b38_T" "chr2_33432529_A_G_b38_A"
[11] "chr2_33432770_C_T_b38_C" "chr2_33432918_A_G_b38_A"
[13] "chr2_33433068_T_C_b38_T" "chr2_33433257_C_A_b38_C"
[15] "chr2_33433303_T_C_b38_T" "chr2_33433437_T_A_b38_T"
[17] "chr2_33433580_A_G_b38_A" "chr2_33434073_C_T_b38_C"
[19] "chr2_33738469_T_C_b38_T" "chr2_33792585_C_A_b38_C"
[21] "chr2_33826187_C_A_b38_C" "chr2_33826189_T_G_b38_T"
[23] "chr2_33826215_G_C_b38_G" "chr2_33826216_A_G_b38_A"
[25] "chr2_33839969_T_C_b38_T" "chr2_33839972_T_G_b38_T"
[27] "chr2_33839979_T_C_b38_T" "chr2_33839980_G_T_b38_G"
[29] "chr2_33839988_A_G_b38_A" "chr2_33840000_T_C_b38_T"
[31] "chr2_33840004_C_T_b38_C" "chr2_33840016_A_C_b38_A"
[33] "chr2_33840017_G_C_b38_G" "chr2_33840022_G_A_b38_G"
[35] "chr2_33840030_T_C_b38_T" "chr2_33840038_T_C_b38_T"
[37] "chr2_33840048_G_C_b38_G" "chr2_33840049_G_A_b38_G"
[39] "chr2_33840082_C_A_b38_C" "chr2_33840086_G_C_b38_G"
[41] "chr2_33840087_C_T_b38_C" "chr2_33840102_T_C_b38_T"
[43] "chr2_33840112_G_A_b38_G" "chr2_33840131_C_A_b38_C"
[45] "chr2_33840313_A_G_b38_A" "chr2_33840318_T_A_b38_T"
[47] "chr2_33840338_T_G_b38_T" "chr2_33840347_C_A_b38_C"
[49] "chr2_33840373_A_C_b38_A" "chr2_33840374_T_C_b38_T"
[51] "chr2_33840420_A_G_b38_A" "chr2_33840444_T_A_b38_T"
[53] "chr2_33840449_T_G_b38_T" "chr2_33840456_A_G_b38_A"
[55] "chr2_33840462_C_T_b38_C" "chr2_33840664_T_A_b38_T"
[57] "chr2_33840668_G_A_b38_G" "chr2_33905605_C_T_b38_C"
[59] "chr2_33911403_A_G_b38_A" "chr2_33911426_A_G_b38_A"
17 SNP(s) removed because HWE P < 1e-08 :
 [1] "chr20_20346831_T_G_b38_T" "chr20_20360689_G_C_b38_G"
 [3] "chr20_20361013_A_T_b38_A" "chr20_20384582_G_A_b38_G"
 [5] "chr20_20390762_C_T_b38_C" "chr20_20405935_T_C_b38_T"
 [7] "chr20_20407054_T_C_b38_T" "chr20_20410576_A_C_b38_A"
 [9] "chr20_20425158_A_G_b38_A" "chr20_20747276_T_G_b38_T"
[11] "chr20_20988603_T_C_b38_T" "chr20_21012646_T_C_b38_T"
[13] "chr20_21012772_G_A_b38_G" "chr20_21097262_A_G_b38_A"
[15] "chr20_21097415_T_C_b38_T" "chr20_21097432_A_T_b38_A"
[17] "chr20_21098915_G_A_b38_G"
51 SNP(s) removed because HWE P < 1e-08 :
 [1] "chr19_50749708_G_C_b38_G" "chr19_50842031_A_G_b38_A"
 [3] "chr19_50896788_T_C_b38_T" "chr19_50897100_A_G_b38_A"
 [5] "chr19_50897145_C_T_b38_C" "chr19_50948431_C_T_b38_C"
 [7] "chr19_50957933_A_G_b38_A" "chr19_51083323_T_G_b38_T"
 [9] "chr19_51107599_A_G_b38_A" "chr19_51107741_T_G_b38_T"
[11] "chr19_51108006_G_A_b38_G" "chr19_51116302_T_C_b38_T"
[13] "chr19_51120922_T_G_b38_T" "chr19_51121015_T_G_b38_T"
[15] "chr19_51121279_T_C_b38_T" "chr19_51121832_A_C_b38_A"
[17] "chr19_51121942_T_C_b38_T" "chr19_51122379_A_G_b38_A"
[19] "chr19_51122568_A_G_b38_A" "chr19_51122642_G_C_b38_G"
[21] "chr19_51123685_A_G_b38_A" "chr19_51136723_A_G_b38_A"
[23] "chr19_51172375_T_C_b38_T" "chr19_51173311_A_G_b38_A"
[25] "chr19_51173876_T_C_b38_T" "chr19_51184134_C_T_b38_C"
[27] "chr19_51201503_A_G_b38_A" "chr19_51208344_T_C_b38_T"
[29] "chr19_51208365_C_T_b38_C" "chr19_51212754_T_C_b38_T"
[31] "chr19_51235665_T_C_b38_T" "chr19_51251278_A_C_b38_A"
[33] "chr19_51280161_A_G_b38_A" "chr19_51280387_C_T_b38_C"
[35] "chr19_51281207_G_A_b38_G" "chr19_51282770_C_G_b38_C"
[37] "chr19_51283428_T_C_b38_T" "chr19_51284112_C_T_b38_C"
[39] "chr19_51284184_A_C_b38_A" "chr19_51285176_C_A_b38_C"
[41] "chr19_51285861_G_A_b38_G" "chr19_51287738_T_C_b38_T"
[43] "chr19_51290510_A_C_b38_A" "chr19_51291857_T_G_b38_T"
[45] "chr19_51293045_T_C_b38_T" "chr19_51298175_C_T_b38_C"
[47] "chr19_51358092_C_G_b38_C" "chr19_51447917_C_T_b38_C"
[49] "chr19_51447928_A_G_b38_A" "chr19_51448049_T_G_b38_T"
[51] "chr19_51457686_A_G_b38_A"
33 SNP(s) removed because HWE P < 1e-08 :
 [1] "chr11_54778086_T_C_b38_T" "chr11_54919017_A_T_b38_A"
 [3] "chr11_54919026_T_G_b38_T" "chr11_54919039_T_C_b38_T"
 [5] "chr11_54919092_A_G_b38_A" "chr11_54919113_G_C_b38_G"
 [7] "chr11_54919114_T_C_b38_T" "chr11_54919135_T_C_b38_T"
 [9] "chr11_55124804_G_A_b38_G" "chr11_55124847_G_T_b38_G"
[11] "chr11_55124852_C_G_b38_C" "chr11_55124867_A_C_b38_A"
[13] "chr11_55125246_A_G_b38_A" "chr11_55125568_A_G_b38_A"
[15] "chr11_55125592_A_C_b38_A" "chr11_55125594_C_A_b38_C"
[17] "chr11_55276562_T_C_b38_T" "chr11_55276573_C_T_b38_C"
[19] "chr11_55276607_G_A_b38_G" "chr11_55276652_C_T_b38_C"
[21] "chr11_55276733_T_G_b38_T" "chr11_55276820_T_C_b38_T"
[23] "chr11_55276838_A_C_b38_A" "chr11_55276903_C_T_b38_C"
[25] "chr11_55277004_G_A_b38_G" "chr11_55277076_C_T_b38_C"
[27] "chr11_55277088_T_A_b38_T" "chr11_55277192_G_C_b38_G"
[29] "chr11_55277224_T_C_b38_T" "chr11_55277225_G_A_b38_G"
[31] "chr11_55277231_G_C_b38_G" "chr11_55277260_A_C_b38_A"
[33] "chr11_55597469_T_C_b38_T"
26 SNP(s) removed because HWE P < 1e-08 :
 [1] "chr4_48078519_A_C_b38_A" "chr4_48079528_T_C_b38_T"
 [3] "chr4_48085231_T_C_b38_T" "chr4_48085838_G_A_b38_G"
 [5] "chr4_48086052_C_T_b38_C" "chr4_48086429_A_G_b38_A"
 [7] "chr4_48450863_T_C_b38_T" "chr4_48451209_C_T_b38_C"
 [9] "chr4_48452709_A_G_b38_A" "chr4_48711359_T_C_b38_T"
[11] "chr4_48711393_C_T_b38_C" "chr4_48711401_C_A_b38_C"
[13] "chr4_48711410_A_G_b38_A" "chr4_48711421_A_C_b38_A"
[15] "chr4_48711432_G_C_b38_G" "chr4_48711433_G_A_b38_G"
[17] "chr4_48711441_A_C_b38_A" "chr4_48711445_C_T_b38_C"
[19] "chr4_48711447_G_A_b38_G" "chr4_48711466_C_T_b38_C"
[21] "chr4_48711467_A_T_b38_A" "chr4_48711470_G_A_b38_G"
[23] "chr4_48711609_C_T_b38_C" "chr4_48711661_A_G_b38_A"
[25] "chr4_48711678_T_A_b38_T" "chr4_48711716_T_C_b38_T"
343 SNP(s) removed because HWE P < 1e-08 :
  [1] "chr1_586223_G_A_b38_G"  "chr1_691199_G_A_b38_G"  "chr1_722408_G_C_b38_G" 
  [4] "chr1_736829_G_A_b38_G"  "chr1_737443_C_G_b38_C"  "chr1_737474_G_C_b38_G" 
  [7] "chr1_737568_G_A_b38_G"  "chr1_737737_T_C_b38_T"  "chr1_737843_T_G_b38_T" 
 [10] "chr1_737856_G_T_b38_G"  "chr1_737947_G_A_b38_G"  "chr1_738729_A_G_b38_A" 
 [13] "chr1_738756_T_C_b38_T"  "chr1_738766_G_A_b38_G"  "chr1_739041_A_T_b38_A" 
 [16] "chr1_739054_A_T_b38_A"  "chr1_739076_G_A_b38_G"  "chr1_765890_A_C_b38_A" 
 [19] "chr1_778062_T_C_b38_T"  "chr1_790822_C_T_b38_C"  "chr1_799571_A_G_b38_A" 
 [22] "chr1_801702_G_C_b38_G"  "chr1_802360_G_A_b38_G"  "chr1_806017_A_G_b38_A" 
 [25] "chr1_809967_T_C_b38_T"  "chr1_810988_C_A_b38_C"  "chr1_811014_G_A_b38_G" 
 [28] "chr1_821000_T_A_b38_T"  "chr1_822260_G_A_b38_G"  "chr1_826352_C_T_b38_C" 
 [31] "chr1_849670_G_A_b38_G"  "chr1_850609_T_C_b38_T"  "chr1_856883_A_G_b38_A" 
 [34] "chr1_861154_T_C_b38_T"  "chr1_861387_G_A_b38_G"  "chr1_861391_T_C_b38_T" 
 [37] "chr1_861659_A_G_b38_A"  "chr1_861783_G_A_b38_G"  "chr1_861798_A_T_b38_A" 
 [40] "chr1_861940_C_G_b38_C"  "chr1_877842_T_C_b38_T"  "chr1_877857_T_C_b38_T" 
 [43] "chr1_877866_G_A_b38_G"  "chr1_877870_G_T_b38_G"  "chr1_877908_G_T_b38_G" 
 [46] "chr1_877911_A_G_b38_A"  "chr1_877937_C_A_b38_C"  "chr1_877951_G_T_b38_G" 
 [49] "chr1_877973_C_A_b38_C"  "chr1_877997_G_T_b38_G"  "chr1_878005_G_T_b38_G" 
 [52] "chr1_878017_G_C_b38_G"  "chr1_878037_G_C_b38_G"  "chr1_878059_G_A_b38_G" 
 [55] "chr1_878707_C_A_b38_C"  "chr1_878714_A_G_b38_A"  "chr1_878725_C_T_b38_C" 
 [58] "chr1_878767_G_C_b38_G"  "chr1_878780_C_G_b38_C"  "chr1_878793_A_T_b38_A" 
 [61] "chr1_878835_A_G_b38_A"  "chr1_878837_C_A_b38_C"  "chr1_878864_A_G_b38_A" 
 [64] "chr1_878917_T_A_b38_T"  "chr1_878920_T_A_b38_T"  "chr1_878933_C_T_b38_C" 
 [67] "chr1_879012_C_T_b38_C"  "chr1_879025_T_C_b38_T"  "chr1_879079_T_C_b38_T" 
 [70] "chr1_879229_A_T_b38_A"  "chr1_879231_A_C_b38_A"  "chr1_879238_A_G_b38_A" 
 [73] "chr1_879301_A_T_b38_A"  "chr1_879351_T_C_b38_T"  "chr1_879362_C_G_b38_C" 
 [76] "chr1_879993_C_T_b38_C"  "chr1_880018_A_G_b38_A"  "chr1_880023_G_C_b38_G" 
 [79] "chr1_880034_T_G_b38_T"  "chr1_880035_T_G_b38_T"  "chr1_880041_T_C_b38_T" 
 [82] "chr1_880042_A_G_b38_A"  "chr1_880083_T_C_b38_T"  "chr1_880117_A_G_b38_A" 
 [85] "chr1_880140_C_T_b38_C"  "chr1_880193_C_T_b38_C"  "chr1_880348_A_G_b38_A" 
 [88] "chr1_880423_G_A_b38_G"  "chr1_880424_T_G_b38_T"  "chr1_880435_A_T_b38_A" 
 [91] "chr1_881302_G_A_b38_G"  "chr1_881317_A_T_b38_A"  "chr1_881404_T_C_b38_T" 
 [94] "chr1_881409_G_A_b38_G"  "chr1_881420_A_C_b38_A"  "chr1_881423_A_G_b38_A" 
 [97] "chr1_882419_T_A_b38_T"  "chr1_882423_G_T_b38_G"  "chr1_882455_C_G_b38_C" 
[100] "chr1_882457_G_A_b38_G"  "chr1_882462_A_G_b38_A"  "chr1_882521_G_T_b38_G" 
[103] "chr1_882584_G_A_b38_G"  "chr1_882589_C_T_b38_C"  "chr1_882600_C_T_b38_C" 
[106] "chr1_889636_A_T_b38_A"  "chr1_889657_C_T_b38_C"  "chr1_889688_T_C_b38_T" 
[109] "chr1_889689_G_A_b38_G"  "chr1_889689_G_C_b38_G"  "chr1_889724_G_A_b38_G" 
[112] "chr1_890497_G_T_b38_G"  "chr1_890552_T_C_b38_T"  "chr1_890567_T_A_b38_T" 
[115] "chr1_890569_C_T_b38_C"  "chr1_890570_C_G_b38_C"  "chr1_890592_G_A_b38_G" 
[118] "chr1_890602_C_G_b38_C"  "chr1_890622_T_G_b38_T"  "chr1_890636_T_C_b38_T" 
[121] "chr1_890644_C_T_b38_C"  "chr1_890646_T_C_b38_T"  "chr1_890706_T_C_b38_T" 
[124] "chr1_890774_G_T_b38_G"  "chr1_890776_C_A_b38_C"  "chr1_890783_T_A_b38_T" 
[127] "chr1_890803_G_C_b38_G"  "chr1_898676_A_C_b38_A"  "chr1_899576_G_A_b38_G" 
[130] "chr1_901812_A_G_b38_A"  "chr1_911085_C_T_b38_C"  "chr1_921797_T_C_b38_T" 
[133] "chr1_925081_G_A_b38_G"  "chr1_925141_C_A_b38_C"  "chr1_925628_G_C_b38_G" 
[136] "chr1_926428_A_G_b38_A"  "chr1_926713_T_C_b38_T"  "chr1_926744_A_G_b38_A" 
[139] "chr1_927003_C_T_b38_C"  "chr1_927009_A_G_b38_A"  "chr1_927744_G_T_b38_G" 
[142] "chr1_928252_C_T_b38_C"  "chr1_928309_A_G_b38_A"  "chr1_928396_A_C_b38_A" 
[145] "chr1_928463_C_T_b38_C"  "chr1_928483_G_A_b38_G"  "chr1_929375_A_G_b38_A" 
[148] "chr1_929377_G_A_b38_G"  "chr1_931143_T_C_b38_T"  "chr1_931147_A_C_b38_A" 
[151] "chr1_932716_T_C_b38_T"  "chr1_933601_C_T_b38_C"  "chr1_938014_A_G_b38_A" 
[154] "chr1_959193_G_A_b38_G"  "chr1_960326_G_A_b38_G"  "chr1_965350_G_A_b38_G" 
[157] "chr1_966179_G_A_b38_G"  "chr1_966426_G_C_b38_G"  "chr1_967724_C_T_b38_C" 
[160] "chr1_969562_A_G_b38_A"  "chr1_969637_T_C_b38_T"  "chr1_969780_C_T_b38_C" 
[163] "chr1_969785_A_G_b38_A"  "chr1_972790_C_G_b38_C"  "chr1_1008527_C_G_b38_C"
[166] "chr1_1009716_C_T_b38_C" "chr1_1012158_C_T_b38_C" "chr1_1013312_G_A_b38_G"
[169] "chr1_1042190_G_A_b38_G" "chr1_1050080_T_C_b38_T" "chr1_1055153_G_A_b38_G"
[172] "chr1_1058607_T_C_b38_T" "chr1_1059337_A_G_b38_A" "chr1_1113260_C_A_b38_C"
[175] "chr1_1113344_A_C_b38_A" "chr1_1114143_C_A_b38_C" "chr1_1114769_G_A_b38_G"
[178] "chr1_1116304_A_C_b38_A" "chr1_1116992_A_G_b38_A" "chr1_1118491_T_C_b38_T"
[181] "chr1_1118777_T_C_b38_T" "chr1_1118779_C_T_b38_C" "chr1_1118832_C_T_b38_C"
[184] "chr1_1118835_A_G_b38_A" "chr1_1119363_C_G_b38_C" "chr1_1119514_G_A_b38_G"
[187] "chr1_1120626_G_A_b38_G" "chr1_1120771_G_A_b38_G" "chr1_1120821_T_G_b38_T"
[190] "chr1_1170732_A_G_b38_A" "chr1_1184478_C_T_b38_C" "chr1_1220377_C_T_b38_C"
[193] "chr1_1235720_T_G_b38_T" "chr1_1246172_G_C_b38_G" "chr1_1258333_C_G_b38_C"
[196] "chr1_1258343_A_C_b38_A" "chr1_1259424_T_C_b38_T" "chr1_1274256_A_G_b38_A"
[199] "chr1_1274972_A_G_b38_A" "chr1_1274980_C_T_b38_C" "chr1_1275091_T_C_b38_T"
[202] "chr1_1275583_T_C_b38_T" "chr1_1275912_C_T_b38_C" "chr1_1277269_T_C_b38_T"
[205] "chr1_1277415_C_A_b38_C" "chr1_1278556_G_A_b38_G" "chr1_1279694_A_G_b38_A"
[208] "chr1_1279698_A_G_b38_A" "chr1_1282706_C_T_b38_C" "chr1_1284756_A_G_b38_A"
[211] "chr1_1285574_G_A_b38_G" "chr1_1290968_C_G_b38_C" "chr1_1295039_T_C_b38_T"
[214] "chr1_1296939_G_A_b38_G" "chr1_1298561_T_C_b38_T" "chr1_1300330_T_A_b38_T"
[217] "chr1_1301656_T_C_b38_T" "chr1_1303959_T_G_b38_T" "chr1_1306420_A_G_b38_A"
[220] "chr1_1306584_G_A_b38_G" "chr1_1307327_A_G_b38_A" "chr1_1307603_G_A_b38_G"
[223] "chr1_1309988_G_A_b38_G" "chr1_1312114_T_C_b38_T" "chr1_1313807_G_A_b38_G"
[226] "chr1_1318756_G_A_b38_G" "chr1_1319063_G_A_b38_G" "chr1_1319461_C_G_b38_C"
[229] "chr1_1322866_A_C_b38_A" "chr1_1327211_C_T_b38_C" "chr1_1327982_G_A_b38_G"
[232] "chr1_1330080_T_C_b38_T" "chr1_1330125_G_A_b38_G" "chr1_1341030_C_A_b38_C"
[235] "chr1_1357046_C_G_b38_C" "chr1_1357246_C_T_b38_C" "chr1_1357369_C_T_b38_C"
[238] "chr1_1358384_G_C_b38_G" "chr1_1358907_C_A_b38_C" "chr1_1359138_C_T_b38_C"
[241] "chr1_1359943_G_A_b38_G" "chr1_1360023_T_C_b38_T" "chr1_1363153_T_G_b38_T"
[244] "chr1_1387698_A_G_b38_A" "chr1_1389827_C_T_b38_C" "chr1_1394423_A_G_b38_A"
[247] "chr1_1395346_A_G_b38_A" "chr1_1402457_A_G_b38_A" "chr1_1410616_G_T_b38_G"
[250] "chr1_1410877_A_G_b38_A" "chr1_1411323_A_C_b38_A" "chr1_1411525_T_A_b38_T"
[253] "chr1_1415976_G_A_b38_G" "chr1_1419135_C_G_b38_C" "chr1_1421170_A_G_b38_A"
[256] "chr1_1421814_G_A_b38_G" "chr1_1422081_C_T_b38_C" "chr1_1424727_C_A_b38_C"
[259] "chr1_1424819_C_T_b38_C" "chr1_1425013_C_T_b38_C" "chr1_1445187_T_G_b38_T"
[262] "chr1_1445240_A_G_b38_A" "chr1_1449831_A_G_b38_A" "chr1_1450193_C_T_b38_C"
[265] "chr1_1452511_A_G_b38_A" "chr1_1452888_C_A_b38_C" "chr1_1452909_A_C_b38_A"
[268] "chr1_1453703_A_G_b38_A" "chr1_1454092_A_G_b38_A" "chr1_1454770_T_C_b38_T"
[271] "chr1_1455617_T_G_b38_T" "chr1_1457919_C_A_b38_C" "chr1_1457922_T_C_b38_T"
[274] "chr1_1458967_T_C_b38_T" "chr1_1459004_T_C_b38_T" "chr1_1459273_T_C_b38_T"
[277] "chr1_1459357_C_A_b38_C" "chr1_1459391_A_G_b38_A" "chr1_1459658_G_A_b38_G"
[280] "chr1_1459662_C_T_b38_C" "chr1_1460370_T_C_b38_T" "chr1_1468048_A_G_b38_A"
[283] "chr1_1468636_G_A_b38_G" "chr1_1468856_C_T_b38_C" "chr1_1469429_A_G_b38_A"
[286] "chr1_1470034_T_C_b38_T" "chr1_1471144_G_C_b38_G" "chr1_1472158_C_G_b38_C"
[289] "chr1_1473089_T_C_b38_T" "chr1_1476266_T_C_b38_T" "chr1_1481959_C_T_b38_C"
[292] "chr1_1482402_A_G_b38_A" "chr1_1482624_T_C_b38_T" "chr1_1483898_G_A_b38_G"
[295] "chr1_1485282_A_G_b38_A" "chr1_1486151_C_A_b38_C" "chr1_1487887_A_G_b38_A"
[298] "chr1_1488652_A_G_b38_A" "chr1_1490027_A_G_b38_A" "chr1_1490032_A_G_b38_A"
[301] "chr1_1490320_T_C_b38_T" "chr1_1492292_C_G_b38_C" "chr1_1492850_G_A_b38_G"
[304] "chr1_1495204_T_C_b38_T" "chr1_1495221_G_A_b38_G" "chr1_1495222_T_G_b38_T"
[307] "chr1_1500729_G_A_b38_G" "chr1_1500745_A_C_b38_A" "chr1_1501403_T_C_b38_T"
[310] "chr1_1511945_G_A_b38_G" "chr1_1513923_G_C_b38_G" "chr1_1515567_A_C_b38_A"
[313] "chr1_1516000_T_C_b38_T" "chr1_1516109_T_C_b38_T" "chr1_1516110_G_A_b38_G"
[316] "chr1_1517993_A_G_b38_A" "chr1_1518285_T_C_b38_T" "chr1_1519934_T_G_b38_T"
[319] "chr1_1519938_T_C_b38_T" "chr1_1520875_A_G_b38_A" "chr1_1521518_G_A_b38_G"
[322] "chr1_1522905_A_G_b38_A" "chr1_1523022_A_G_b38_A" "chr1_1523187_A_G_b38_A"
[325] "chr1_1524202_G_A_b38_G" "chr1_1524664_A_G_b38_A" "chr1_1524911_C_T_b38_C"
[328] "chr1_1525526_C_T_b38_C" "chr1_1526169_C_T_b38_C" "chr1_1527386_C_T_b38_C"
[331] "chr1_1530002_A_G_b38_A" "chr1_1530331_T_C_b38_T" "chr1_1531133_G_A_b38_G"
[334] "chr1_1531448_C_T_b38_C" "chr1_1531601_A_G_b38_A" "chr1_1532105_T_C_b38_T"
[337] "chr1_1533018_T_C_b38_T" "chr1_1533095_G_A_b38_G" "chr1_1533178_A_G_b38_A"
[340] "chr1_1533253_C_T_b38_C" "chr1_1534915_T_C_b38_T" "chr1_1546962_G_A_b38_G"
[343] "chr1_1547458_A_G_b38_A"
51 SNP(s) removed because HWE P < 1e-08 :
 [1] "chr19_50749708_G_C_b38_G" "chr19_50842031_A_G_b38_A"
 [3] "chr19_50896788_T_C_b38_T" "chr19_50897100_A_G_b38_A"
 [5] "chr19_50897145_C_T_b38_C" "chr19_50948431_C_T_b38_C"
 [7] "chr19_50957933_A_G_b38_A" "chr19_51083323_T_G_b38_T"
 [9] "chr19_51107599_A_G_b38_A" "chr19_51107741_T_G_b38_T"
[11] "chr19_51108006_G_A_b38_G" "chr19_51116302_T_C_b38_T"
[13] "chr19_51120922_T_G_b38_T" "chr19_51121015_T_G_b38_T"
[15] "chr19_51121279_T_C_b38_T" "chr19_51121832_A_C_b38_A"
[17] "chr19_51121942_T_C_b38_T" "chr19_51122379_A_G_b38_A"
[19] "chr19_51122568_A_G_b38_A" "chr19_51122642_G_C_b38_G"
[21] "chr19_51123685_A_G_b38_A" "chr19_51136723_A_G_b38_A"
[23] "chr19_51172375_T_C_b38_T" "chr19_51173311_A_G_b38_A"
[25] "chr19_51173876_T_C_b38_T" "chr19_51184134_C_T_b38_C"
[27] "chr19_51201503_A_G_b38_A" "chr19_51208344_T_C_b38_T"
[29] "chr19_51208365_C_T_b38_C" "chr19_51212754_T_C_b38_T"
[31] "chr19_51235665_T_C_b38_T" "chr19_51251278_A_C_b38_A"
[33] "chr19_51280161_A_G_b38_A" "chr19_51280387_C_T_b38_C"
[35] "chr19_51281207_G_A_b38_G" "chr19_51282770_C_G_b38_C"
[37] "chr19_51283428_T_C_b38_T" "chr19_51284112_C_T_b38_C"
[39] "chr19_51284184_A_C_b38_A" "chr19_51285176_C_A_b38_C"
[41] "chr19_51285861_G_A_b38_G" "chr19_51287738_T_C_b38_T"
[43] "chr19_51290510_A_C_b38_A" "chr19_51291857_T_G_b38_T"
[45] "chr19_51293045_T_C_b38_T" "chr19_51298175_C_T_b38_C"
[47] "chr19_51358092_C_G_b38_C" "chr19_51447917_C_T_b38_C"
[49] "chr19_51447928_A_G_b38_A" "chr19_51448049_T_G_b38_T"
[51] "chr19_51457686_A_G_b38_A"
22 SNP(s) removed because HWE P < 1e-08 :
 [1] "chr4_8044692_G_T_b38_G" "chr4_8044693_A_C_b38_A" "chr4_8059763_G_A_b38_G"
 [4] "chr4_8100031_G_T_b38_G" "chr4_8100581_C_T_b38_C" "chr4_8306668_C_G_b38_C"
 [7] "chr4_8557849_T_C_b38_T" "chr4_8557938_A_C_b38_A" "chr4_8557958_G_A_b38_G"
[10] "chr4_8557961_C_T_b38_C" "chr4_8585626_A_G_b38_A" "chr4_8603756_G_C_b38_G"
[13] "chr4_8632004_T_A_b38_T" "chr4_8632045_A_G_b38_A" "chr4_8635779_A_G_b38_A"
[16] "chr4_8655103_T_G_b38_T" "chr4_8655200_C_G_b38_C" "chr4_8656155_G_C_b38_G"
[19] "chr4_8659539_G_A_b38_G" "chr4_8661217_T_G_b38_T" "chr4_8674262_C_G_b38_C"
[22] "chr4_8677036_C_A_b38_C"
72 SNP(s) removed because HWE P < 1e-08 :
 [1] "chr4_157135942_G_A_b38_G" "chr4_157138160_T_C_b38_T"
 [3] "chr4_157138162_T_C_b38_T" "chr4_157389529_T_C_b38_T"
 [5] "chr4_157394066_C_T_b38_C" "chr4_157487613_G_C_b38_G"
 [7] "chr4_157493786_A_G_b38_A" "chr4_157499712_T_C_b38_T"
 [9] "chr4_157503158_C_A_b38_C" "chr4_157503664_G_A_b38_G"
[11] "chr4_157505481_A_G_b38_A" "chr4_157506380_A_C_b38_A"
[13] "chr4_157506878_T_G_b38_T" "chr4_157507091_T_C_b38_T"
[15] "chr4_157508663_C_A_b38_C" "chr4_157509395_C_T_b38_C"
[17] "chr4_157509405_T_G_b38_T" "chr4_157509491_C_T_b38_C"
[19] "chr4_157509728_T_C_b38_T" "chr4_157510030_C_T_b38_C"
[21] "chr4_157510142_C_T_b38_C" "chr4_157510215_T_C_b38_T"
[23] "chr4_157510220_C_T_b38_C" "chr4_157511817_G_T_b38_G"
[25] "chr4_157512265_A_C_b38_A" "chr4_157512437_C_T_b38_C"
[27] "chr4_157512500_A_G_b38_A" "chr4_157513243_C_T_b38_C"
[29] "chr4_157514107_T_A_b38_T" "chr4_157514558_C_A_b38_C"
[31] "chr4_157515593_G_A_b38_G" "chr4_157516535_C_T_b38_C"
[33] "chr4_157516787_A_G_b38_A" "chr4_157517048_G_A_b38_G"
[35] "chr4_157517132_C_A_b38_C" "chr4_157517207_G_A_b38_G"
[37] "chr4_157517582_C_A_b38_C" "chr4_157517650_G_T_b38_G"
[39] "chr4_157517669_G_A_b38_G" "chr4_157517766_G_C_b38_G"
[41] "chr4_157517767_G_C_b38_G" "chr4_157518601_A_C_b38_A"
[43] "chr4_157518757_C_G_b38_C" "chr4_157519271_C_A_b38_C"
[45] "chr4_157519296_C_T_b38_C" "chr4_157519371_T_G_b38_T"
[47] "chr4_157519396_T_C_b38_T" "chr4_157519443_T_A_b38_T"
[49] "chr4_157519774_A_G_b38_A" "chr4_157519821_A_T_b38_A"
[51] "chr4_157520047_A_G_b38_A" "chr4_157520255_A_G_b38_A"
[53] "chr4_157520687_A_G_b38_A" "chr4_157521139_T_C_b38_T"
[55] "chr4_157521886_T_A_b38_T" "chr4_157524575_A_G_b38_A"
[57] "chr4_157524732_G_A_b38_G" "chr4_157526004_G_C_b38_G"
[59] "chr4_157526202_A_C_b38_A" "chr4_157528806_A_G_b38_A"
[61] "chr4_157528952_A_G_b38_A" "chr4_157529015_T_C_b38_T"
[63] "chr4_157529070_C_G_b38_C" "chr4_157529708_G_C_b38_G"
[65] "chr4_157530062_G_C_b38_G" "chr4_157531378_T_G_b38_T"
[67] "chr4_157531904_C_T_b38_C" "chr4_157696139_G_A_b38_G"
[69] "chr4_157696421_A_C_b38_A" "chr4_157696423_A_G_b38_A"
[71] "chr4_157696507_G_C_b38_G" "chr4_157698098_C_T_b38_C"
32 SNP(s) removed because HWE P < 1e-08 :
 [1] "chr19_17504800_T_C_b38_T" "chr19_17504915_T_C_b38_T"
 [3] "chr19_17583443_G_T_b38_G" "chr19_17666011_C_T_b38_C"
 [5] "chr19_17666078_T_C_b38_T" "chr19_17847808_C_T_b38_C"
 [7] "chr19_17847968_T_C_b38_T" "chr19_17901200_G_T_b38_G"
 [9] "chr19_17908396_T_C_b38_T" "chr19_17924720_G_T_b38_G"
[11] "chr19_17928630_T_C_b38_T" "chr19_18036796_G_A_b38_G"
[13] "chr19_18037080_A_T_b38_A" "chr19_18037381_T_C_b38_T"
[15] "chr19_18037783_T_C_b38_T" "chr19_18039165_G_A_b38_G"
[17] "chr19_18039479_C_T_b38_C" "chr19_18039995_T_C_b38_T"
[19] "chr19_18040092_T_C_b38_T" "chr19_18040429_G_T_b38_G"
[21] "chr19_18040432_G_T_b38_G" "chr19_18042127_C_T_b38_C"
[23] "chr19_18042885_A_G_b38_A" "chr19_18043992_G_C_b38_G"
[25] "chr19_18044231_C_G_b38_C" "chr19_18044266_G_C_b38_G"
[27] "chr19_18251693_G_C_b38_G" "chr19_18260387_C_T_b38_C"
[29] "chr19_18262150_C_G_b38_C" "chr19_18265699_G_A_b38_G"
[31] "chr19_18265970_T_C_b38_T" "chr19_18267871_C_A_b38_C"
23 SNP(s) removed because HWE P < 1e-08 :
 [1] "chr20_3620989_T_A_b38_T" "chr20_3621518_C_T_b38_C"
 [3] "chr20_3621703_G_A_b38_G" "chr20_3622250_G_A_b38_G"
 [5] "chr20_3622973_C_G_b38_C" "chr20_3629107_T_C_b38_T"
 [7] "chr20_3634743_G_A_b38_G" "chr20_3635250_C_T_b38_C"
 [9] "chr20_3635692_T_C_b38_T" "chr20_3636717_C_T_b38_C"
[11] "chr20_3638439_G_A_b38_G" "chr20_3638737_G_T_b38_G"
[13] "chr20_3639323_C_T_b38_C" "chr20_3639338_T_C_b38_T"
[15] "chr20_3639496_A_G_b38_A" "chr20_3640437_A_G_b38_A"
[17] "chr20_3646031_C_T_b38_C" "chr20_3700951_G_A_b38_G"
[19] "chr20_3808671_A_C_b38_A" "chr20_3813536_C_T_b38_C"
[21] "chr20_3859064_A_G_b38_A" "chr20_4177210_G_C_b38_G"
[23] "chr20_4214464_C_T_b38_C"
343 SNP(s) removed because HWE P < 1e-08 :
  [1] "chr1_586223_G_A_b38_G"  "chr1_691199_G_A_b38_G"  "chr1_722408_G_C_b38_G" 
  [4] "chr1_736829_G_A_b38_G"  "chr1_737443_C_G_b38_C"  "chr1_737474_G_C_b38_G" 
  [7] "chr1_737568_G_A_b38_G"  "chr1_737737_T_C_b38_T"  "chr1_737843_T_G_b38_T" 
 [10] "chr1_737856_G_T_b38_G"  "chr1_737947_G_A_b38_G"  "chr1_738729_A_G_b38_A" 
 [13] "chr1_738756_T_C_b38_T"  "chr1_738766_G_A_b38_G"  "chr1_739041_A_T_b38_A" 
 [16] "chr1_739054_A_T_b38_A"  "chr1_739076_G_A_b38_G"  "chr1_765890_A_C_b38_A" 
 [19] "chr1_778062_T_C_b38_T"  "chr1_790822_C_T_b38_C"  "chr1_799571_A_G_b38_A" 
 [22] "chr1_801702_G_C_b38_G"  "chr1_802360_G_A_b38_G"  "chr1_806017_A_G_b38_A" 
 [25] "chr1_809967_T_C_b38_T"  "chr1_810988_C_A_b38_C"  "chr1_811014_G_A_b38_G" 
 [28] "chr1_821000_T_A_b38_T"  "chr1_822260_G_A_b38_G"  "chr1_826352_C_T_b38_C" 
 [31] "chr1_849670_G_A_b38_G"  "chr1_850609_T_C_b38_T"  "chr1_856883_A_G_b38_A" 
 [34] "chr1_861154_T_C_b38_T"  "chr1_861387_G_A_b38_G"  "chr1_861391_T_C_b38_T" 
 [37] "chr1_861659_A_G_b38_A"  "chr1_861783_G_A_b38_G"  "chr1_861798_A_T_b38_A" 
 [40] "chr1_861940_C_G_b38_C"  "chr1_877842_T_C_b38_T"  "chr1_877857_T_C_b38_T" 
 [43] "chr1_877866_G_A_b38_G"  "chr1_877870_G_T_b38_G"  "chr1_877908_G_T_b38_G" 
 [46] "chr1_877911_A_G_b38_A"  "chr1_877937_C_A_b38_C"  "chr1_877951_G_T_b38_G" 
 [49] "chr1_877973_C_A_b38_C"  "chr1_877997_G_T_b38_G"  "chr1_878005_G_T_b38_G" 
 [52] "chr1_878017_G_C_b38_G"  "chr1_878037_G_C_b38_G"  "chr1_878059_G_A_b38_G" 
 [55] "chr1_878707_C_A_b38_C"  "chr1_878714_A_G_b38_A"  "chr1_878725_C_T_b38_C" 
 [58] "chr1_878767_G_C_b38_G"  "chr1_878780_C_G_b38_C"  "chr1_878793_A_T_b38_A" 
 [61] "chr1_878835_A_G_b38_A"  "chr1_878837_C_A_b38_C"  "chr1_878864_A_G_b38_A" 
 [64] "chr1_878917_T_A_b38_T"  "chr1_878920_T_A_b38_T"  "chr1_878933_C_T_b38_C" 
 [67] "chr1_879012_C_T_b38_C"  "chr1_879025_T_C_b38_T"  "chr1_879079_T_C_b38_T" 
 [70] "chr1_879229_A_T_b38_A"  "chr1_879231_A_C_b38_A"  "chr1_879238_A_G_b38_A" 
 [73] "chr1_879301_A_T_b38_A"  "chr1_879351_T_C_b38_T"  "chr1_879362_C_G_b38_C" 
 [76] "chr1_879993_C_T_b38_C"  "chr1_880018_A_G_b38_A"  "chr1_880023_G_C_b38_G" 
 [79] "chr1_880034_T_G_b38_T"  "chr1_880035_T_G_b38_T"  "chr1_880041_T_C_b38_T" 
 [82] "chr1_880042_A_G_b38_A"  "chr1_880083_T_C_b38_T"  "chr1_880117_A_G_b38_A" 
 [85] "chr1_880140_C_T_b38_C"  "chr1_880193_C_T_b38_C"  "chr1_880348_A_G_b38_A" 
 [88] "chr1_880423_G_A_b38_G"  "chr1_880424_T_G_b38_T"  "chr1_880435_A_T_b38_A" 
 [91] "chr1_881302_G_A_b38_G"  "chr1_881317_A_T_b38_A"  "chr1_881404_T_C_b38_T" 
 [94] "chr1_881409_G_A_b38_G"  "chr1_881420_A_C_b38_A"  "chr1_881423_A_G_b38_A" 
 [97] "chr1_882419_T_A_b38_T"  "chr1_882423_G_T_b38_G"  "chr1_882455_C_G_b38_C" 
[100] "chr1_882457_G_A_b38_G"  "chr1_882462_A_G_b38_A"  "chr1_882521_G_T_b38_G" 
[103] "chr1_882584_G_A_b38_G"  "chr1_882589_C_T_b38_C"  "chr1_882600_C_T_b38_C" 
[106] "chr1_889636_A_T_b38_A"  "chr1_889657_C_T_b38_C"  "chr1_889688_T_C_b38_T" 
[109] "chr1_889689_G_A_b38_G"  "chr1_889689_G_C_b38_G"  "chr1_889724_G_A_b38_G" 
[112] "chr1_890497_G_T_b38_G"  "chr1_890552_T_C_b38_T"  "chr1_890567_T_A_b38_T" 
[115] "chr1_890569_C_T_b38_C"  "chr1_890570_C_G_b38_C"  "chr1_890592_G_A_b38_G" 
[118] "chr1_890602_C_G_b38_C"  "chr1_890622_T_G_b38_T"  "chr1_890636_T_C_b38_T" 
[121] "chr1_890644_C_T_b38_C"  "chr1_890646_T_C_b38_T"  "chr1_890706_T_C_b38_T" 
[124] "chr1_890774_G_T_b38_G"  "chr1_890776_C_A_b38_C"  "chr1_890783_T_A_b38_T" 
[127] "chr1_890803_G_C_b38_G"  "chr1_898676_A_C_b38_A"  "chr1_899576_G_A_b38_G" 
[130] "chr1_901812_A_G_b38_A"  "chr1_911085_C_T_b38_C"  "chr1_921797_T_C_b38_T" 
[133] "chr1_925081_G_A_b38_G"  "chr1_925141_C_A_b38_C"  "chr1_925628_G_C_b38_G" 
[136] "chr1_926428_A_G_b38_A"  "chr1_926713_T_C_b38_T"  "chr1_926744_A_G_b38_A" 
[139] "chr1_927003_C_T_b38_C"  "chr1_927009_A_G_b38_A"  "chr1_927744_G_T_b38_G" 
[142] "chr1_928252_C_T_b38_C"  "chr1_928309_A_G_b38_A"  "chr1_928396_A_C_b38_A" 
[145] "chr1_928463_C_T_b38_C"  "chr1_928483_G_A_b38_G"  "chr1_929375_A_G_b38_A" 
[148] "chr1_929377_G_A_b38_G"  "chr1_931143_T_C_b38_T"  "chr1_931147_A_C_b38_A" 
[151] "chr1_932716_T_C_b38_T"  "chr1_933601_C_T_b38_C"  "chr1_938014_A_G_b38_A" 
[154] "chr1_959193_G_A_b38_G"  "chr1_960326_G_A_b38_G"  "chr1_965350_G_A_b38_G" 
[157] "chr1_966179_G_A_b38_G"  "chr1_966426_G_C_b38_G"  "chr1_967724_C_T_b38_C" 
[160] "chr1_969562_A_G_b38_A"  "chr1_969637_T_C_b38_T"  "chr1_969780_C_T_b38_C" 
[163] "chr1_969785_A_G_b38_A"  "chr1_972790_C_G_b38_C"  "chr1_1008527_C_G_b38_C"
[166] "chr1_1009716_C_T_b38_C" "chr1_1012158_C_T_b38_C" "chr1_1013312_G_A_b38_G"
[169] "chr1_1042190_G_A_b38_G" "chr1_1050080_T_C_b38_T" "chr1_1055153_G_A_b38_G"
[172] "chr1_1058607_T_C_b38_T" "chr1_1059337_A_G_b38_A" "chr1_1113260_C_A_b38_C"
[175] "chr1_1113344_A_C_b38_A" "chr1_1114143_C_A_b38_C" "chr1_1114769_G_A_b38_G"
[178] "chr1_1116304_A_C_b38_A" "chr1_1116992_A_G_b38_A" "chr1_1118491_T_C_b38_T"
[181] "chr1_1118777_T_C_b38_T" "chr1_1118779_C_T_b38_C" "chr1_1118832_C_T_b38_C"
[184] "chr1_1118835_A_G_b38_A" "chr1_1119363_C_G_b38_C" "chr1_1119514_G_A_b38_G"
[187] "chr1_1120626_G_A_b38_G" "chr1_1120771_G_A_b38_G" "chr1_1120821_T_G_b38_T"
[190] "chr1_1170732_A_G_b38_A" "chr1_1184478_C_T_b38_C" "chr1_1220377_C_T_b38_C"
[193] "chr1_1235720_T_G_b38_T" "chr1_1246172_G_C_b38_G" "chr1_1258333_C_G_b38_C"
[196] "chr1_1258343_A_C_b38_A" "chr1_1259424_T_C_b38_T" "chr1_1274256_A_G_b38_A"
[199] "chr1_1274972_A_G_b38_A" "chr1_1274980_C_T_b38_C" "chr1_1275091_T_C_b38_T"
[202] "chr1_1275583_T_C_b38_T" "chr1_1275912_C_T_b38_C" "chr1_1277269_T_C_b38_T"
[205] "chr1_1277415_C_A_b38_C" "chr1_1278556_G_A_b38_G" "chr1_1279694_A_G_b38_A"
[208] "chr1_1279698_A_G_b38_A" "chr1_1282706_C_T_b38_C" "chr1_1284756_A_G_b38_A"
[211] "chr1_1285574_G_A_b38_G" "chr1_1290968_C_G_b38_C" "chr1_1295039_T_C_b38_T"
[214] "chr1_1296939_G_A_b38_G" "chr1_1298561_T_C_b38_T" "chr1_1300330_T_A_b38_T"
[217] "chr1_1301656_T_C_b38_T" "chr1_1303959_T_G_b38_T" "chr1_1306420_A_G_b38_A"
[220] "chr1_1306584_G_A_b38_G" "chr1_1307327_A_G_b38_A" "chr1_1307603_G_A_b38_G"
[223] "chr1_1309988_G_A_b38_G" "chr1_1312114_T_C_b38_T" "chr1_1313807_G_A_b38_G"
[226] "chr1_1318756_G_A_b38_G" "chr1_1319063_G_A_b38_G" "chr1_1319461_C_G_b38_C"
[229] "chr1_1322866_A_C_b38_A" "chr1_1327211_C_T_b38_C" "chr1_1327982_G_A_b38_G"
[232] "chr1_1330080_T_C_b38_T" "chr1_1330125_G_A_b38_G" "chr1_1341030_C_A_b38_C"
[235] "chr1_1357046_C_G_b38_C" "chr1_1357246_C_T_b38_C" "chr1_1357369_C_T_b38_C"
[238] "chr1_1358384_G_C_b38_G" "chr1_1358907_C_A_b38_C" "chr1_1359138_C_T_b38_C"
[241] "chr1_1359943_G_A_b38_G" "chr1_1360023_T_C_b38_T" "chr1_1363153_T_G_b38_T"
[244] "chr1_1387698_A_G_b38_A" "chr1_1389827_C_T_b38_C" "chr1_1394423_A_G_b38_A"
[247] "chr1_1395346_A_G_b38_A" "chr1_1402457_A_G_b38_A" "chr1_1410616_G_T_b38_G"
[250] "chr1_1410877_A_G_b38_A" "chr1_1411323_A_C_b38_A" "chr1_1411525_T_A_b38_T"
[253] "chr1_1415976_G_A_b38_G" "chr1_1419135_C_G_b38_C" "chr1_1421170_A_G_b38_A"
[256] "chr1_1421814_G_A_b38_G" "chr1_1422081_C_T_b38_C" "chr1_1424727_C_A_b38_C"
[259] "chr1_1424819_C_T_b38_C" "chr1_1425013_C_T_b38_C" "chr1_1445187_T_G_b38_T"
[262] "chr1_1445240_A_G_b38_A" "chr1_1449831_A_G_b38_A" "chr1_1450193_C_T_b38_C"
[265] "chr1_1452511_A_G_b38_A" "chr1_1452888_C_A_b38_C" "chr1_1452909_A_C_b38_A"
[268] "chr1_1453703_A_G_b38_A" "chr1_1454092_A_G_b38_A" "chr1_1454770_T_C_b38_T"
[271] "chr1_1455617_T_G_b38_T" "chr1_1457919_C_A_b38_C" "chr1_1457922_T_C_b38_T"
[274] "chr1_1458967_T_C_b38_T" "chr1_1459004_T_C_b38_T" "chr1_1459273_T_C_b38_T"
[277] "chr1_1459357_C_A_b38_C" "chr1_1459391_A_G_b38_A" "chr1_1459658_G_A_b38_G"
[280] "chr1_1459662_C_T_b38_C" "chr1_1460370_T_C_b38_T" "chr1_1468048_A_G_b38_A"
[283] "chr1_1468636_G_A_b38_G" "chr1_1468856_C_T_b38_C" "chr1_1469429_A_G_b38_A"
[286] "chr1_1470034_T_C_b38_T" "chr1_1471144_G_C_b38_G" "chr1_1472158_C_G_b38_C"
[289] "chr1_1473089_T_C_b38_T" "chr1_1476266_T_C_b38_T" "chr1_1481959_C_T_b38_C"
[292] "chr1_1482402_A_G_b38_A" "chr1_1482624_T_C_b38_T" "chr1_1483898_G_A_b38_G"
[295] "chr1_1485282_A_G_b38_A" "chr1_1486151_C_A_b38_C" "chr1_1487887_A_G_b38_A"
[298] "chr1_1488652_A_G_b38_A" "chr1_1490027_A_G_b38_A" "chr1_1490032_A_G_b38_A"
[301] "chr1_1490320_T_C_b38_T" "chr1_1492292_C_G_b38_C" "chr1_1492850_G_A_b38_G"
[304] "chr1_1495204_T_C_b38_T" "chr1_1495221_G_A_b38_G" "chr1_1495222_T_G_b38_T"
[307] "chr1_1500729_G_A_b38_G" "chr1_1500745_A_C_b38_A" "chr1_1501403_T_C_b38_T"
[310] "chr1_1511945_G_A_b38_G" "chr1_1513923_G_C_b38_G" "chr1_1515567_A_C_b38_A"
[313] "chr1_1516000_T_C_b38_T" "chr1_1516109_T_C_b38_T" "chr1_1516110_G_A_b38_G"
[316] "chr1_1517993_A_G_b38_A" "chr1_1518285_T_C_b38_T" "chr1_1519934_T_G_b38_T"
[319] "chr1_1519938_T_C_b38_T" "chr1_1520875_A_G_b38_A" "chr1_1521518_G_A_b38_G"
[322] "chr1_1522905_A_G_b38_A" "chr1_1523022_A_G_b38_A" "chr1_1523187_A_G_b38_A"
[325] "chr1_1524202_G_A_b38_G" "chr1_1524664_A_G_b38_A" "chr1_1524911_C_T_b38_C"
[328] "chr1_1525526_C_T_b38_C" "chr1_1526169_C_T_b38_C" "chr1_1527386_C_T_b38_C"
[331] "chr1_1530002_A_G_b38_A" "chr1_1530331_T_C_b38_T" "chr1_1531133_G_A_b38_G"
[334] "chr1_1531448_C_T_b38_C" "chr1_1531601_A_G_b38_A" "chr1_1532105_T_C_b38_T"
[337] "chr1_1533018_T_C_b38_T" "chr1_1533095_G_A_b38_G" "chr1_1533178_A_G_b38_A"
[340] "chr1_1533253_C_T_b38_C" "chr1_1534915_T_C_b38_T" "chr1_1546962_G_A_b38_G"
[343] "chr1_1547458_A_G_b38_A"
60 SNP(s) removed because HWE P < 1e-08 :
 [1] "chr2_33054064_C_G_b38_C" "chr2_33055167_G_A_b38_G"
 [3] "chr2_33072703_C_T_b38_C" "chr2_33085940_G_A_b38_G"
 [5] "chr2_33087972_G_A_b38_G" "chr2_33286824_C_G_b38_C"
 [7] "chr2_33371023_T_G_b38_T" "chr2_33431334_T_C_b38_T"
 [9] "chr2_33431637_T_C_b38_T" "chr2_33432529_A_G_b38_A"
[11] "chr2_33432770_C_T_b38_C" "chr2_33432918_A_G_b38_A"
[13] "chr2_33433068_T_C_b38_T" "chr2_33433257_C_A_b38_C"
[15] "chr2_33433303_T_C_b38_T" "chr2_33433437_T_A_b38_T"
[17] "chr2_33433580_A_G_b38_A" "chr2_33434073_C_T_b38_C"
[19] "chr2_33738469_T_C_b38_T" "chr2_33792585_C_A_b38_C"
[21] "chr2_33826187_C_A_b38_C" "chr2_33826189_T_G_b38_T"
[23] "chr2_33826215_G_C_b38_G" "chr2_33826216_A_G_b38_A"
[25] "chr2_33839969_T_C_b38_T" "chr2_33839972_T_G_b38_T"
[27] "chr2_33839979_T_C_b38_T" "chr2_33839980_G_T_b38_G"
[29] "chr2_33839988_A_G_b38_A" "chr2_33840000_T_C_b38_T"
[31] "chr2_33840004_C_T_b38_C" "chr2_33840016_A_C_b38_A"
[33] "chr2_33840017_G_C_b38_G" "chr2_33840022_G_A_b38_G"
[35] "chr2_33840030_T_C_b38_T" "chr2_33840038_T_C_b38_T"
[37] "chr2_33840048_G_C_b38_G" "chr2_33840049_G_A_b38_G"
[39] "chr2_33840082_C_A_b38_C" "chr2_33840086_G_C_b38_G"
[41] "chr2_33840087_C_T_b38_C" "chr2_33840102_T_C_b38_T"
[43] "chr2_33840112_G_A_b38_G" "chr2_33840131_C_A_b38_C"
[45] "chr2_33840313_A_G_b38_A" "chr2_33840318_T_A_b38_T"
[47] "chr2_33840338_T_G_b38_T" "chr2_33840347_C_A_b38_C"
[49] "chr2_33840373_A_C_b38_A" "chr2_33840374_T_C_b38_T"
[51] "chr2_33840420_A_G_b38_A" "chr2_33840444_T_A_b38_T"
[53] "chr2_33840449_T_G_b38_T" "chr2_33840456_A_G_b38_A"
[55] "chr2_33840462_C_T_b38_C" "chr2_33840664_T_A_b38_T"
[57] "chr2_33840668_G_A_b38_G" "chr2_33905605_C_T_b38_C"
[59] "chr2_33911403_A_G_b38_A" "chr2_33911426_A_G_b38_A"
32 SNP(s) removed because HWE P < 1e-08 :
 [1] "chr19_17504800_T_C_b38_T" "chr19_17504915_T_C_b38_T"
 [3] "chr19_17583443_G_T_b38_G" "chr19_17666011_C_T_b38_C"
 [5] "chr19_17666078_T_C_b38_T" "chr19_17847808_C_T_b38_C"
 [7] "chr19_17847968_T_C_b38_T" "chr19_17901200_G_T_b38_G"
 [9] "chr19_17908396_T_C_b38_T" "chr19_17924720_G_T_b38_G"
[11] "chr19_17928630_T_C_b38_T" "chr19_18036796_G_A_b38_G"
[13] "chr19_18037080_A_T_b38_A" "chr19_18037381_T_C_b38_T"
[15] "chr19_18037783_T_C_b38_T" "chr19_18039165_G_A_b38_G"
[17] "chr19_18039479_C_T_b38_C" "chr19_18039995_T_C_b38_T"
[19] "chr19_18040092_T_C_b38_T" "chr19_18040429_G_T_b38_G"
[21] "chr19_18040432_G_T_b38_G" "chr19_18042127_C_T_b38_C"
[23] "chr19_18042885_A_G_b38_A" "chr19_18043992_G_C_b38_G"
[25] "chr19_18044231_C_G_b38_C" "chr19_18044266_G_C_b38_G"
[27] "chr19_18251693_G_C_b38_G" "chr19_18260387_C_T_b38_C"
[29] "chr19_18262150_C_G_b38_C" "chr19_18265699_G_A_b38_G"
[31] "chr19_18265970_T_C_b38_T" "chr19_18267871_C_A_b38_C"
29 SNP(s) removed because HWE P < 1e-08 :
 [1] "chr20_38137998_G_A_b38_G" "chr20_38270676_A_T_b38_A"
 [3] "chr20_38354582_G_A_b38_G" "chr20_38383368_T_G_b38_T"
 [5] "chr20_38383987_T_C_b38_T" "chr20_38385207_G_T_b38_G"
 [7] "chr20_38385925_C_T_b38_C" "chr20_38386556_G_A_b38_G"
 [9] "chr20_38387183_T_C_b38_T" "chr20_38387804_T_G_b38_T"
[11] "chr20_38389189_G_A_b38_G" "chr20_38390191_G_A_b38_G"
[13] "chr20_38451935_A_G_b38_A" "chr20_38456337_A_C_b38_A"
[15] "chr20_38459991_T_G_b38_T" "chr20_38461960_A_G_b38_A"
[17] "chr20_38468793_G_A_b38_G" "chr20_38473368_T_G_b38_T"
[19] "chr20_38508168_C_T_b38_C" "chr20_38512782_T_C_b38_T"
[21] "chr20_38531805_A_G_b38_A" "chr20_38541011_T_C_b38_T"
[23] "chr20_38548532_T_C_b38_T" "chr20_38562812_A_G_b38_A"
[25] "chr20_38564175_A_G_b38_A" "chr20_38569058_A_C_b38_A"
[27] "chr20_38580475_A_C_b38_A" "chr20_38592735_A_T_b38_A"
[29] "chr20_38594289_C_G_b38_C"
17 SNP(s) removed because HWE P < 1e-08 :
 [1] "chr3_160022179_G_A_b38_G" "chr3_160162659_G_A_b38_G"
 [3] "chr3_160163071_G_T_b38_G" "chr3_160163469_T_C_b38_T"
 [5] "chr3_160167146_C_A_b38_C" "chr3_160172843_G_A_b38_G"
 [7] "chr3_160172867_G_A_b38_G" "chr3_160173354_T_C_b38_T"
 [9] "chr3_160174604_T_A_b38_T" "chr3_160178272_T_C_b38_T"
[11] "chr3_160180980_C_A_b38_C" "chr3_160620383_A_T_b38_A"
[13] "chr3_160633233_T_C_b38_T" "chr3_160637051_G_A_b38_G"
[15] "chr3_160637074_A_G_b38_A" "chr3_160637368_T_A_b38_T"
[17] "chr3_160657483_A_G_b38_A"
26 SNP(s) removed because HWE P < 1e-08 :
 [1] "chr9_133681917_C_T_b38_C" "chr9_133684710_G_T_b38_G"
 [3] "chr9_133799900_G_A_b38_G" "chr9_133802415_G_C_b38_G"
 [5] "chr9_133802592_C_T_b38_C" "chr9_133803033_A_G_b38_A"
 [7] "chr9_133818282_C_T_b38_C" "chr9_133851790_T_C_b38_T"
 [9] "chr9_133852179_G_T_b38_G" "chr9_133855363_T_C_b38_T"
[11] "chr9_133862624_C_T_b38_C" "chr9_133904415_C_G_b38_C"
[13] "chr9_133904766_G_A_b38_G" "chr9_133910838_G_A_b38_G"
[15] "chr9_133915379_G_A_b38_G" "chr9_133920544_C_G_b38_C"
[17] "chr9_133929726_C_T_b38_C" "chr9_134019933_C_T_b38_C"
[19] "chr9_134092613_A_G_b38_A" "chr9_134092633_C_G_b38_C"
[21] "chr9_134092634_G_A_b38_G" "chr9_134120409_C_T_b38_C"
[23] "chr9_134162425_T_C_b38_T" "chr9_134176447_A_C_b38_A"
[25] "chr9_134176587_C_A_b38_C" "chr9_134238083_A_T_b38_A"
14 SNP(s) removed because HWE P < 1e-08 :
 [1] "chr2_26819886_A_G_b38_A" "chr2_26820632_G_A_b38_G"
 [3] "chr2_26821659_C_T_b38_C" "chr2_26822248_C_T_b38_C"
 [5] "chr2_26823270_G_A_b38_G" "chr2_26823534_C_T_b38_C"
 [7] "chr2_26823758_T_C_b38_T" "chr2_26823759_G_A_b38_G"
 [9] "chr2_26825556_T_A_b38_T" "chr2_26825557_T_A_b38_T"
[11] "chr2_26826073_A_G_b38_A" "chr2_27255363_A_G_b38_A"
[13] "chr2_27304453_G_A_b38_G" "chr2_27792677_C_T_b38_C"
37 SNP(s) removed because HWE P < 1e-08 :
 [1] "chr16_24109784_G_A_b38_G" "chr16_24227690_G_C_b38_G"
 [3] "chr16_24233628_G_C_b38_G" "chr16_24496566_C_T_b38_C"
 [5] "chr16_24496764_C_A_b38_C" "chr16_24499309_C_T_b38_C"
 [7] "chr16_24870481_A_C_b38_A" "chr16_24873006_G_A_b38_G"
 [9] "chr16_24884357_A_G_b38_A" "chr16_24917601_A_G_b38_A"
[11] "chr16_24917765_G_A_b38_G" "chr16_24917986_T_C_b38_T"
[13] "chr16_24919227_T_C_b38_T" "chr16_24920477_C_T_b38_C"
[15] "chr16_24920573_A_G_b38_A" "chr16_24921599_T_C_b38_T"
[17] "chr16_24923143_G_T_b38_G" "chr16_24924245_T_C_b38_T"
[19] "chr16_24924716_A_T_b38_A" "chr16_24925306_A_G_b38_A"
[21] "chr16_24927264_T_C_b38_T" "chr16_24932825_T_C_b38_T"
[23] "chr16_24940578_A_G_b38_A" "chr16_24943087_G_A_b38_G"
[25] "chr16_24943465_A_G_b38_A" "chr16_24945135_A_G_b38_A"
[27] "chr16_24945229_T_G_b38_T" "chr16_24945237_A_C_b38_A"
[29] "chr16_24947347_A_C_b38_A" "chr16_24947664_G_A_b38_G"
[31] "chr16_24948730_C_G_b38_C" "chr16_24950568_T_C_b38_T"
[33] "chr16_24952718_T_C_b38_T" "chr16_24953197_T_C_b38_T"
[35] "chr16_24953395_G_T_b38_G" "chr16_24953714_C_T_b38_C"
[37] "chr16_24955202_T_C_b38_T"
22 SNP(s) removed because HWE P < 1e-08 :
 [1] "chr4_8044692_G_T_b38_G" "chr4_8044693_A_C_b38_A" "chr4_8059763_G_A_b38_G"
 [4] "chr4_8100031_G_T_b38_G" "chr4_8100581_C_T_b38_C" "chr4_8306668_C_G_b38_C"
 [7] "chr4_8557849_T_C_b38_T" "chr4_8557938_A_C_b38_A" "chr4_8557958_G_A_b38_G"
[10] "chr4_8557961_C_T_b38_C" "chr4_8585626_A_G_b38_A" "chr4_8603756_G_C_b38_G"
[13] "chr4_8632004_T_A_b38_T" "chr4_8632045_A_G_b38_A" "chr4_8635779_A_G_b38_A"
[16] "chr4_8655103_T_G_b38_T" "chr4_8655200_C_G_b38_C" "chr4_8656155_G_C_b38_G"
[19] "chr4_8659539_G_A_b38_G" "chr4_8661217_T_G_b38_T" "chr4_8674262_C_G_b38_C"
[22] "chr4_8677036_C_A_b38_C"
72 SNP(s) removed because HWE P < 1e-08 :
 [1] "chr4_157135942_G_A_b38_G" "chr4_157138160_T_C_b38_T"
 [3] "chr4_157138162_T_C_b38_T" "chr4_157389529_T_C_b38_T"
 [5] "chr4_157394066_C_T_b38_C" "chr4_157487613_G_C_b38_G"
 [7] "chr4_157493786_A_G_b38_A" "chr4_157499712_T_C_b38_T"
 [9] "chr4_157503158_C_A_b38_C" "chr4_157503664_G_A_b38_G"
[11] "chr4_157505481_A_G_b38_A" "chr4_157506380_A_C_b38_A"
[13] "chr4_157506878_T_G_b38_T" "chr4_157507091_T_C_b38_T"
[15] "chr4_157508663_C_A_b38_C" "chr4_157509395_C_T_b38_C"
[17] "chr4_157509405_T_G_b38_T" "chr4_157509491_C_T_b38_C"
[19] "chr4_157509728_T_C_b38_T" "chr4_157510030_C_T_b38_C"
[21] "chr4_157510142_C_T_b38_C" "chr4_157510215_T_C_b38_T"
[23] "chr4_157510220_C_T_b38_C" "chr4_157511817_G_T_b38_G"
[25] "chr4_157512265_A_C_b38_A" "chr4_157512437_C_T_b38_C"
[27] "chr4_157512500_A_G_b38_A" "chr4_157513243_C_T_b38_C"
[29] "chr4_157514107_T_A_b38_T" "chr4_157514558_C_A_b38_C"
[31] "chr4_157515593_G_A_b38_G" "chr4_157516535_C_T_b38_C"
[33] "chr4_157516787_A_G_b38_A" "chr4_157517048_G_A_b38_G"
[35] "chr4_157517132_C_A_b38_C" "chr4_157517207_G_A_b38_G"
[37] "chr4_157517582_C_A_b38_C" "chr4_157517650_G_T_b38_G"
[39] "chr4_157517669_G_A_b38_G" "chr4_157517766_G_C_b38_G"
[41] "chr4_157517767_G_C_b38_G" "chr4_157518601_A_C_b38_A"
[43] "chr4_157518757_C_G_b38_C" "chr4_157519271_C_A_b38_C"
[45] "chr4_157519296_C_T_b38_C" "chr4_157519371_T_G_b38_T"
[47] "chr4_157519396_T_C_b38_T" "chr4_157519443_T_A_b38_T"
[49] "chr4_157519774_A_G_b38_A" "chr4_157519821_A_T_b38_A"
[51] "chr4_157520047_A_G_b38_A" "chr4_157520255_A_G_b38_A"
[53] "chr4_157520687_A_G_b38_A" "chr4_157521139_T_C_b38_T"
[55] "chr4_157521886_T_A_b38_T" "chr4_157524575_A_G_b38_A"
[57] "chr4_157524732_G_A_b38_G" "chr4_157526004_G_C_b38_G"
[59] "chr4_157526202_A_C_b38_A" "chr4_157528806_A_G_b38_A"
[61] "chr4_157528952_A_G_b38_A" "chr4_157529015_T_C_b38_T"
[63] "chr4_157529070_C_G_b38_C" "chr4_157529708_G_C_b38_G"
[65] "chr4_157530062_G_C_b38_G" "chr4_157531378_T_G_b38_T"
[67] "chr4_157531904_C_T_b38_C" "chr4_157696139_G_A_b38_G"
[69] "chr4_157696421_A_C_b38_A" "chr4_157696423_A_G_b38_A"
[71] "chr4_157696507_G_C_b38_G" "chr4_157698098_C_T_b38_C"
17 SNP(s) removed because HWE P < 1e-08 :
 [1] "chr3_160022179_G_A_b38_G" "chr3_160162659_G_A_b38_G"
 [3] "chr3_160163071_G_T_b38_G" "chr3_160163469_T_C_b38_T"
 [5] "chr3_160167146_C_A_b38_C" "chr3_160172843_G_A_b38_G"
 [7] "chr3_160172867_G_A_b38_G" "chr3_160173354_T_C_b38_T"
 [9] "chr3_160174604_T_A_b38_T" "chr3_160178272_T_C_b38_T"
[11] "chr3_160180980_C_A_b38_C" "chr3_160620383_A_T_b38_A"
[13] "chr3_160633233_T_C_b38_T" "chr3_160637051_G_A_b38_G"
[15] "chr3_160637074_A_G_b38_A" "chr3_160637368_T_A_b38_T"
[17] "chr3_160657483_A_G_b38_A"
6 SNP(s) removed because HWE P < 1e-08 :
[1] "chr17_28439190_A_C_b38_A" "chr17_28439714_T_C_b38_T"
[3] "chr17_28441937_G_A_b38_G" "chr17_28452019_C_T_b38_C"
[5] "chr17_28452207_C_G_b38_C" "chr17_28459762_C_A_b38_C"
8 SNP(s) removed because HWE P < 1e-08 :
[1] "chr9_137103590_C_T_b38_C" "chr9_137293773_A_G_b38_A"
[3] "chr9_137294639_G_A_b38_G" "chr9_137299568_G_A_b38_G"
[5] "chr9_137718997_T_C_b38_T" "chr9_137721926_G_A_b38_G"
[7] "chr9_137724156_T_G_b38_T" "chr9_137724590_T_C_b38_T"
69 SNP(s) removed because HWE P < 1e-08 :
 [1] "chr8_81253423_T_C_b38_T" "chr8_81281143_C_T_b38_C"
 [3] "chr8_81289273_A_T_b38_A" "chr8_81297255_A_G_b38_A"
 [5] "chr8_81299436_C_T_b38_C" "chr8_81300344_T_C_b38_T"
 [7] "chr8_81325559_T_C_b38_T" "chr8_81327049_C_G_b38_C"
 [9] "chr8_81327156_T_G_b38_T" "chr8_81327252_A_G_b38_A"
[11] "chr8_81327333_T_C_b38_T" "chr8_81327394_A_G_b38_A"
[13] "chr8_81328362_A_G_b38_A" "chr8_81328531_C_A_b38_C"
[15] "chr8_81329064_T_A_b38_T" "chr8_81329094_T_G_b38_T"
[17] "chr8_81329957_C_T_b38_C" "chr8_81330786_A_G_b38_A"
[19] "chr8_81330873_T_C_b38_T" "chr8_81331043_A_C_b38_A"
[21] "chr8_81331131_T_C_b38_T" "chr8_81331608_C_T_b38_C"
[23] "chr8_81331614_C_T_b38_C" "chr8_81331709_T_G_b38_T"
[25] "chr8_81331864_A_G_b38_A" "chr8_81331877_C_T_b38_C"
[27] "chr8_81332098_G_A_b38_G" "chr8_81332283_A_G_b38_A"
[29] "chr8_81332524_C_T_b38_C" "chr8_81332904_A_T_b38_A"
[31] "chr8_81332906_C_T_b38_C" "chr8_81333125_G_A_b38_G"
[33] "chr8_81333194_G_T_b38_G" "chr8_81333216_T_C_b38_T"
[35] "chr8_81333791_C_T_b38_C" "chr8_81334313_T_C_b38_T"
[37] "chr8_81335686_A_G_b38_A" "chr8_81336303_C_T_b38_C"
[39] "chr8_81464464_C_T_b38_C" "chr8_81468508_A_T_b38_A"
[41] "chr8_81468888_A_G_b38_A" "chr8_81469332_T_C_b38_T"
[43] "chr8_81469415_G_A_b38_G" "chr8_81470506_G_A_b38_G"
[45] "chr8_81470621_C_T_b38_C" "chr8_81471159_T_G_b38_T"
[47] "chr8_81514819_A_C_b38_A" "chr8_81515555_C_T_b38_C"
[49] "chr8_81518769_T_C_b38_T" "chr8_81527961_G_T_b38_G"
[51] "chr8_81900677_A_T_b38_A" "chr8_81900680_C_T_b38_C"
[53] "chr8_81900761_G_T_b38_G" "chr8_81900762_G_A_b38_G"
[55] "chr8_81900773_G_A_b38_G" "chr8_81900776_G_T_b38_G"
[57] "chr8_81900779_T_C_b38_T" "chr8_81900782_C_T_b38_C"
[59] "chr8_81900783_T_C_b38_T" "chr8_81900784_G_A_b38_G"
[61] "chr8_81900789_T_C_b38_T" "chr8_81900796_C_G_b38_C"
[63] "chr8_81900800_G_C_b38_G" "chr8_82127185_G_A_b38_G"
[65] "chr8_82127192_C_G_b38_C" "chr8_82129772_G_C_b38_G"
[67] "chr8_82130336_C_T_b38_C" "chr8_82136891_C_T_b38_C"
[69] "chr8_82137774_C_G_b38_C"
19 SNP(s) removed because HWE P < 1e-08 :
 [1] "chr3_48428823_G_C_b38_G" "chr3_48483662_T_C_b38_T"
 [3] "chr3_48499022_T_C_b38_T" "chr3_48503583_A_C_b38_A"
 [5] "chr3_48503749_A_G_b38_A" "chr3_48508344_A_G_b38_A"
 [7] "chr3_48517649_G_C_b38_G" "chr3_48527074_A_G_b38_A"
 [9] "chr3_48530705_G_C_b38_G" "chr3_48543106_C_T_b38_C"
[11] "chr3_48544415_A_G_b38_A" "chr3_48546217_G_A_b38_G"
[13] "chr3_48553084_A_G_b38_A" "chr3_48553930_T_C_b38_T"
[15] "chr3_48571073_T_C_b38_T" "chr3_48575963_G_A_b38_G"
[17] "chr3_48581233_A_G_b38_A" "chr3_48604538_A_G_b38_A"
[19] "chr3_48617505_T_C_b38_T"
74 SNP(s) removed because HWE P < 1e-08 :
 [1] "chr21_31920396_G_A_b38_G" "chr21_31935565_G_C_b38_G"
 [3] "chr21_31935580_T_G_b38_T" "chr21_32134286_A_T_b38_A"
 [5] "chr21_32238948_G_A_b38_G" "chr21_32250914_C_T_b38_C"
 [7] "chr21_32311415_A_C_b38_A" "chr21_32410343_C_T_b38_C"
 [9] "chr21_32432979_G_A_b38_G" "chr21_32432987_A_C_b38_A"
[11] "chr21_32432995_G_A_b38_G" "chr21_32433065_T_A_b38_T"
[13] "chr21_32433084_C_T_b38_C" "chr21_32433553_G_A_b38_G"
[15] "chr21_32433554_C_G_b38_C" "chr21_32433562_T_C_b38_T"
[17] "chr21_32433629_A_G_b38_A" "chr21_32433656_G_A_b38_G"
[19] "chr21_32433663_A_T_b38_A" "chr21_32434706_A_G_b38_A"
[21] "chr21_32434713_T_C_b38_T" "chr21_32434721_A_C_b38_A"
[23] "chr21_32434746_A_C_b38_A" "chr21_32434842_G_A_b38_G"
[25] "chr21_32434867_C_T_b38_C" "chr21_32434878_G_A_b38_G"
[27] "chr21_32434919_T_G_b38_T" "chr21_32434927_C_T_b38_C"
[29] "chr21_32434967_T_G_b38_T" "chr21_32434971_T_C_b38_T"
[31] "chr21_32434992_T_C_b38_T" "chr21_32435003_T_G_b38_T"
[33] "chr21_32435004_T_C_b38_T" "chr21_32435117_A_G_b38_A"
[35] "chr21_32435125_T_C_b38_T" "chr21_32435126_G_C_b38_G"
[37] "chr21_32435133_C_A_b38_C" "chr21_32435360_C_T_b38_C"
[39] "chr21_32435400_A_G_b38_A" "chr21_32435408_T_C_b38_T"
[41] "chr21_32435414_A_G_b38_A" "chr21_32435436_C_T_b38_C"
[43] "chr21_32435462_C_T_b38_C" "chr21_32435661_G_C_b38_G"
[45] "chr21_32435666_T_G_b38_T" "chr21_32435667_A_G_b38_A"
[47] "chr21_32435716_C_T_b38_C" "chr21_32435721_G_A_b38_G"
[49] "chr21_32435728_T_C_b38_T" "chr21_32435763_C_T_b38_C"
[51] "chr21_32435766_A_C_b38_A" "chr21_32435898_C_T_b38_C"
[53] "chr21_32435949_T_A_b38_T" "chr21_32435990_T_A_b38_T"
[55] "chr21_32436019_G_A_b38_G" "chr21_32436447_T_A_b38_T"
[57] "chr21_32436465_A_C_b38_A" "chr21_32436477_T_A_b38_T"
[59] "chr21_32436484_T_C_b38_T" "chr21_32436539_G_A_b38_G"
[61] "chr21_32436627_G_A_b38_G" "chr21_32436628_G_A_b38_G"
[63] "chr21_32436637_A_G_b38_A" "chr21_32436702_C_T_b38_C"
[65] "chr21_32436736_G_A_b38_G" "chr21_32436746_A_G_b38_A"
[67] "chr21_32437187_G_C_b38_G" "chr21_32437224_A_G_b38_A"
[69] "chr21_32437249_C_A_b38_C" "chr21_32437250_G_A_b38_G"
[71] "chr21_32437258_C_G_b38_C" "chr21_32621877_A_T_b38_A"
[73] "chr21_32660622_A_G_b38_A" "chr21_32660624_C_T_b38_C"
122 SNP(s) removed because HWE P < 1e-08 :
  [1] "chr19_22301613_G_A_b38_G" "chr19_22301618_G_C_b38_G"
  [3] "chr19_22301632_T_C_b38_T" "chr19_22301634_T_G_b38_T"
  [5] "chr19_22301641_C_G_b38_C" "chr19_22301842_G_C_b38_G"
  [7] "chr19_22302227_G_A_b38_G" "chr19_22302345_G_A_b38_G"
  [9] "chr19_22302393_G_C_b38_G" "chr19_22302420_C_G_b38_C"
 [11] "chr19_22302440_T_C_b38_T" "chr19_22302534_G_T_b38_G"
 [13] "chr19_22302555_T_C_b38_T" "chr19_22302575_T_A_b38_T"
 [15] "chr19_22302587_T_A_b38_T" "chr19_22302599_A_C_b38_A"
 [17] "chr19_22302602_G_A_b38_G" "chr19_22302604_T_C_b38_T"
 [19] "chr19_22302700_C_T_b38_C" "chr19_22302707_C_T_b38_C"
 [21] "chr19_22302708_A_C_b38_A" "chr19_22302727_T_C_b38_T"
 [23] "chr19_22302728_G_A_b38_G" "chr19_22302733_T_C_b38_T"
 [25] "chr19_22302772_A_G_b38_A" "chr19_22302786_G_A_b38_G"
 [27] "chr19_22302787_A_T_b38_A" "chr19_22302799_A_G_b38_A"
 [29] "chr19_22302813_G_T_b38_G" "chr19_22302816_A_G_b38_A"
 [31] "chr19_22302824_T_G_b38_T" "chr19_22302826_A_C_b38_A"
 [33] "chr19_22340148_A_G_b38_A" "chr19_22347066_C_T_b38_C"
 [35] "chr19_22350016_A_G_b38_A" "chr19_22378706_A_G_b38_A"
 [37] "chr19_22424813_A_T_b38_A" "chr19_22424825_T_C_b38_T"
 [39] "chr19_22424827_C_G_b38_C" "chr19_22424834_C_G_b38_C"
 [41] "chr19_22424855_A_C_b38_A" "chr19_22424861_C_G_b38_C"
 [43] "chr19_22424869_T_G_b38_T" "chr19_22424871_G_A_b38_G"
 [45] "chr19_22424879_C_T_b38_C" "chr19_22424889_T_C_b38_T"
 [47] "chr19_22424890_T_C_b38_T" "chr19_22424904_G_A_b38_G"
 [49] "chr19_22424929_C_T_b38_C" "chr19_22424931_C_T_b38_C"
 [51] "chr19_22424933_T_C_b38_T" "chr19_22424937_A_G_b38_A"
 [53] "chr19_22424943_T_C_b38_T" "chr19_22425002_G_A_b38_G"
 [55] "chr19_22425015_T_A_b38_T" "chr19_22425020_G_A_b38_G"
 [57] "chr19_22425028_C_T_b38_C" "chr19_22435511_A_G_b38_A"
 [59] "chr19_22435520_T_A_b38_T" "chr19_22547025_C_T_b38_C"
 [61] "chr19_22551744_T_C_b38_T" "chr19_22552544_G_C_b38_G"
 [63] "chr19_22552662_G_C_b38_G" "chr19_22553045_G_C_b38_G"
 [65] "chr19_22554392_A_G_b38_A" "chr19_22554746_T_C_b38_T"
 [67] "chr19_22554907_T_C_b38_T" "chr19_22554937_A_G_b38_A"
 [69] "chr19_22557597_A_G_b38_A" "chr19_22557898_C_T_b38_C"
 [71] "chr19_22558323_G_A_b38_G" "chr19_22558555_G_A_b38_G"
 [73] "chr19_22558713_T_A_b38_T" "chr19_22558873_C_T_b38_C"
 [75] "chr19_22559518_G_A_b38_G" "chr19_22559662_G_A_b38_G"
 [77] "chr19_22559859_G_A_b38_G" "chr19_22560056_G_A_b38_G"
 [79] "chr19_22560518_T_G_b38_T" "chr19_22560943_T_C_b38_T"
 [81] "chr19_22561995_A_G_b38_A" "chr19_22562511_T_C_b38_T"
 [83] "chr19_22563394_T_C_b38_T" "chr19_22563648_A_G_b38_A"
 [85] "chr19_22564048_A_G_b38_A" "chr19_22564633_A_G_b38_A"
 [87] "chr19_22564649_A_C_b38_A" "chr19_22564653_C_G_b38_C"
 [89] "chr19_22566262_A_G_b38_A" "chr19_22567057_G_A_b38_G"
 [91] "chr19_22568291_G_C_b38_G" "chr19_22568523_C_T_b38_C"
 [93] "chr19_22568524_C_A_b38_C" "chr19_22568898_T_C_b38_T"
 [95] "chr19_22574453_C_T_b38_C" "chr19_22574462_T_C_b38_T"
 [97] "chr19_22577123_T_C_b38_T" "chr19_22577165_T_G_b38_T"
 [99] "chr19_22580059_G_A_b38_G" "chr19_22580061_C_A_b38_C"
[101] "chr19_22580082_A_G_b38_A" "chr19_22580112_A_G_b38_A"
[103] "chr19_22580146_T_C_b38_T" "chr19_22580151_G_A_b38_G"
[105] "chr19_22580160_A_T_b38_A" "chr19_22580185_C_T_b38_C"
[107] "chr19_22580261_C_T_b38_C" "chr19_22606461_G_C_b38_G"
[109] "chr19_22612848_A_C_b38_A" "chr19_22623229_T_C_b38_T"
[111] "chr19_22662449_A_C_b38_A" "chr19_22668039_G_A_b38_G"
[113] "chr19_22675747_T_C_b38_T" "chr19_22675748_A_C_b38_A"
[115] "chr19_22785166_C_G_b38_C" "chr19_22787415_A_G_b38_A"
[117] "chr19_22787552_A_G_b38_A" "chr19_22806524_G_A_b38_G"
[119] "chr19_22806545_A_C_b38_A" "chr19_23111906_G_C_b38_G"
[121] "chr19_23239281_C_T_b38_C" "chr19_23239283_C_T_b38_C"
29 SNP(s) removed because HWE P < 1e-08 :
 [1] "chr20_38137998_G_A_b38_G" "chr20_38270676_A_T_b38_A"
 [3] "chr20_38354582_G_A_b38_G" "chr20_38383368_T_G_b38_T"
 [5] "chr20_38383987_T_C_b38_T" "chr20_38385207_G_T_b38_G"
 [7] "chr20_38385925_C_T_b38_C" "chr20_38386556_G_A_b38_G"
 [9] "chr20_38387183_T_C_b38_T" "chr20_38387804_T_G_b38_T"
[11] "chr20_38389189_G_A_b38_G" "chr20_38390191_G_A_b38_G"
[13] "chr20_38451935_A_G_b38_A" "chr20_38456337_A_C_b38_A"
[15] "chr20_38459991_T_G_b38_T" "chr20_38461960_A_G_b38_A"
[17] "chr20_38468793_G_A_b38_G" "chr20_38473368_T_G_b38_T"
[19] "chr20_38508168_C_T_b38_C" "chr20_38512782_T_C_b38_T"
[21] "chr20_38531805_A_G_b38_A" "chr20_38541011_T_C_b38_T"
[23] "chr20_38548532_T_C_b38_T" "chr20_38562812_A_G_b38_A"
[25] "chr20_38564175_A_G_b38_A" "chr20_38569058_A_C_b38_A"
[27] "chr20_38580475_A_C_b38_A" "chr20_38592735_A_T_b38_A"
[29] "chr20_38594289_C_G_b38_C"
32 SNP(s) removed because HWE P < 1e-08 :
 [1] "chr19_17504800_T_C_b38_T" "chr19_17504915_T_C_b38_T"
 [3] "chr19_17583443_G_T_b38_G" "chr19_17666011_C_T_b38_C"
 [5] "chr19_17666078_T_C_b38_T" "chr19_17847808_C_T_b38_C"
 [7] "chr19_17847968_T_C_b38_T" "chr19_17901200_G_T_b38_G"
 [9] "chr19_17908396_T_C_b38_T" "chr19_17924720_G_T_b38_G"
[11] "chr19_17928630_T_C_b38_T" "chr19_18036796_G_A_b38_G"
[13] "chr19_18037080_A_T_b38_A" "chr19_18037381_T_C_b38_T"
[15] "chr19_18037783_T_C_b38_T" "chr19_18039165_G_A_b38_G"
[17] "chr19_18039479_C_T_b38_C" "chr19_18039995_T_C_b38_T"
[19] "chr19_18040092_T_C_b38_T" "chr19_18040429_G_T_b38_G"
[21] "chr19_18040432_G_T_b38_G" "chr19_18042127_C_T_b38_C"
[23] "chr19_18042885_A_G_b38_A" "chr19_18043992_G_C_b38_G"
[25] "chr19_18044231_C_G_b38_C" "chr19_18044266_G_C_b38_G"
[27] "chr19_18251693_G_C_b38_G" "chr19_18260387_C_T_b38_C"
[29] "chr19_18262150_C_G_b38_C" "chr19_18265699_G_A_b38_G"
[31] "chr19_18265970_T_C_b38_T" "chr19_18267871_C_A_b38_C"
22 SNP(s) removed because HWE P < 1e-08 :
 [1] "chr4_8044692_G_T_b38_G" "chr4_8044693_A_C_b38_A" "chr4_8059763_G_A_b38_G"
 [4] "chr4_8100031_G_T_b38_G" "chr4_8100581_C_T_b38_C" "chr4_8306668_C_G_b38_C"
 [7] "chr4_8557849_T_C_b38_T" "chr4_8557938_A_C_b38_A" "chr4_8557958_G_A_b38_G"
[10] "chr4_8557961_C_T_b38_C" "chr4_8585626_A_G_b38_A" "chr4_8603756_G_C_b38_G"
[13] "chr4_8632004_T_A_b38_T" "chr4_8632045_A_G_b38_A" "chr4_8635779_A_G_b38_A"
[16] "chr4_8655103_T_G_b38_T" "chr4_8655200_C_G_b38_C" "chr4_8656155_G_C_b38_G"
[19] "chr4_8659539_G_A_b38_G" "chr4_8661217_T_G_b38_T" "chr4_8674262_C_G_b38_C"
[22] "chr4_8677036_C_A_b38_C"
49 SNP(s) removed because HWE P < 1e-08 :
 [1] "chr19_51083323_T_G_b38_T" "chr19_51107599_A_G_b38_A"
 [3] "chr19_51107741_T_G_b38_T" "chr19_51108006_G_A_b38_G"
 [5] "chr19_51116302_T_C_b38_T" "chr19_51120922_T_G_b38_T"
 [7] "chr19_51121015_T_G_b38_T" "chr19_51121279_T_C_b38_T"
 [9] "chr19_51121832_A_C_b38_A" "chr19_51121942_T_C_b38_T"
[11] "chr19_51122379_A_G_b38_A" "chr19_51122568_A_G_b38_A"
[13] "chr19_51122642_G_C_b38_G" "chr19_51123685_A_G_b38_A"
[15] "chr19_51136723_A_G_b38_A" "chr19_51172375_T_C_b38_T"
[17] "chr19_51173311_A_G_b38_A" "chr19_51173876_T_C_b38_T"
[19] "chr19_51184134_C_T_b38_C" "chr19_51201503_A_G_b38_A"
[21] "chr19_51208344_T_C_b38_T" "chr19_51208365_C_T_b38_C"
[23] "chr19_51212754_T_C_b38_T" "chr19_51235665_T_C_b38_T"
[25] "chr19_51251278_A_C_b38_A" "chr19_51280161_A_G_b38_A"
[27] "chr19_51280387_C_T_b38_C" "chr19_51281207_G_A_b38_G"
[29] "chr19_51282770_C_G_b38_C" "chr19_51283428_T_C_b38_T"
[31] "chr19_51284112_C_T_b38_C" "chr19_51284184_A_C_b38_A"
[33] "chr19_51285176_C_A_b38_C" "chr19_51285861_G_A_b38_G"
[35] "chr19_51287738_T_C_b38_T" "chr19_51290510_A_C_b38_A"
[37] "chr19_51291857_T_G_b38_T" "chr19_51293045_T_C_b38_T"
[39] "chr19_51298175_C_T_b38_C" "chr19_51358092_C_G_b38_C"
[41] "chr19_51447917_C_T_b38_C" "chr19_51447928_A_G_b38_A"
[43] "chr19_51448049_T_G_b38_T" "chr19_51457686_A_G_b38_A"
[45] "chr19_51780129_T_C_b38_T" "chr19_51780359_A_G_b38_A"
[47] "chr19_51848424_G_A_b38_G" "chr19_51875933_G_A_b38_G"
[49] "chr19_51876393_G_A_b38_G"
49 SNP(s) removed because HWE P < 1e-08 :
 [1] "chr19_51083323_T_G_b38_T" "chr19_51107599_A_G_b38_A"
 [3] "chr19_51107741_T_G_b38_T" "chr19_51108006_G_A_b38_G"
 [5] "chr19_51116302_T_C_b38_T" "chr19_51120922_T_G_b38_T"
 [7] "chr19_51121015_T_G_b38_T" "chr19_51121279_T_C_b38_T"
 [9] "chr19_51121832_A_C_b38_A" "chr19_51121942_T_C_b38_T"
[11] "chr19_51122379_A_G_b38_A" "chr19_51122568_A_G_b38_A"
[13] "chr19_51122642_G_C_b38_G" "chr19_51123685_A_G_b38_A"
[15] "chr19_51136723_A_G_b38_A" "chr19_51172375_T_C_b38_T"
[17] "chr19_51173311_A_G_b38_A" "chr19_51173876_T_C_b38_T"
[19] "chr19_51184134_C_T_b38_C" "chr19_51201503_A_G_b38_A"
[21] "chr19_51208344_T_C_b38_T" "chr19_51208365_C_T_b38_C"
[23] "chr19_51212754_T_C_b38_T" "chr19_51235665_T_C_b38_T"
[25] "chr19_51251278_A_C_b38_A" "chr19_51280161_A_G_b38_A"
[27] "chr19_51280387_C_T_b38_C" "chr19_51281207_G_A_b38_G"
[29] "chr19_51282770_C_G_b38_C" "chr19_51283428_T_C_b38_T"
[31] "chr19_51284112_C_T_b38_C" "chr19_51284184_A_C_b38_A"
[33] "chr19_51285176_C_A_b38_C" "chr19_51285861_G_A_b38_G"
[35] "chr19_51287738_T_C_b38_T" "chr19_51290510_A_C_b38_A"
[37] "chr19_51291857_T_G_b38_T" "chr19_51293045_T_C_b38_T"
[39] "chr19_51298175_C_T_b38_C" "chr19_51358092_C_G_b38_C"
[41] "chr19_51447917_C_T_b38_C" "chr19_51447928_A_G_b38_A"
[43] "chr19_51448049_T_G_b38_T" "chr19_51457686_A_G_b38_A"
[45] "chr19_51780129_T_C_b38_T" "chr19_51780359_A_G_b38_A"
[47] "chr19_51848424_G_A_b38_G" "chr19_51875933_G_A_b38_G"
[49] "chr19_51876393_G_A_b38_G"
26 SNP(s) removed because HWE P < 1e-08 :
 [1] "chr4_48078519_A_C_b38_A" "chr4_48079528_T_C_b38_T"
 [3] "chr4_48085231_T_C_b38_T" "chr4_48085838_G_A_b38_G"
 [5] "chr4_48086052_C_T_b38_C" "chr4_48086429_A_G_b38_A"
 [7] "chr4_48450863_T_C_b38_T" "chr4_48451209_C_T_b38_C"
 [9] "chr4_48452709_A_G_b38_A" "chr4_48711359_T_C_b38_T"
[11] "chr4_48711393_C_T_b38_C" "chr4_48711401_C_A_b38_C"
[13] "chr4_48711410_A_G_b38_A" "chr4_48711421_A_C_b38_A"
[15] "chr4_48711432_G_C_b38_G" "chr4_48711433_G_A_b38_G"
[17] "chr4_48711441_A_C_b38_A" "chr4_48711445_C_T_b38_C"
[19] "chr4_48711447_G_A_b38_G" "chr4_48711466_C_T_b38_C"
[21] "chr4_48711467_A_T_b38_A" "chr4_48711470_G_A_b38_G"
[23] "chr4_48711609_C_T_b38_C" "chr4_48711661_A_G_b38_A"
[25] "chr4_48711678_T_A_b38_T" "chr4_48711716_T_C_b38_T"
69 SNP(s) removed because HWE P < 1e-08 :
 [1] "chr8_81253423_T_C_b38_T" "chr8_81281143_C_T_b38_C"
 [3] "chr8_81289273_A_T_b38_A" "chr8_81297255_A_G_b38_A"
 [5] "chr8_81299436_C_T_b38_C" "chr8_81300344_T_C_b38_T"
 [7] "chr8_81325559_T_C_b38_T" "chr8_81327049_C_G_b38_C"
 [9] "chr8_81327156_T_G_b38_T" "chr8_81327252_A_G_b38_A"
[11] "chr8_81327333_T_C_b38_T" "chr8_81327394_A_G_b38_A"
[13] "chr8_81328362_A_G_b38_A" "chr8_81328531_C_A_b38_C"
[15] "chr8_81329064_T_A_b38_T" "chr8_81329094_T_G_b38_T"
[17] "chr8_81329957_C_T_b38_C" "chr8_81330786_A_G_b38_A"
[19] "chr8_81330873_T_C_b38_T" "chr8_81331043_A_C_b38_A"
[21] "chr8_81331131_T_C_b38_T" "chr8_81331608_C_T_b38_C"
[23] "chr8_81331614_C_T_b38_C" "chr8_81331709_T_G_b38_T"
[25] "chr8_81331864_A_G_b38_A" "chr8_81331877_C_T_b38_C"
[27] "chr8_81332098_G_A_b38_G" "chr8_81332283_A_G_b38_A"
[29] "chr8_81332524_C_T_b38_C" "chr8_81332904_A_T_b38_A"
[31] "chr8_81332906_C_T_b38_C" "chr8_81333125_G_A_b38_G"
[33] "chr8_81333194_G_T_b38_G" "chr8_81333216_T_C_b38_T"
[35] "chr8_81333791_C_T_b38_C" "chr8_81334313_T_C_b38_T"
[37] "chr8_81335686_A_G_b38_A" "chr8_81336303_C_T_b38_C"
[39] "chr8_81464464_C_T_b38_C" "chr8_81468508_A_T_b38_A"
[41] "chr8_81468888_A_G_b38_A" "chr8_81469332_T_C_b38_T"
[43] "chr8_81469415_G_A_b38_G" "chr8_81470506_G_A_b38_G"
[45] "chr8_81470621_C_T_b38_C" "chr8_81471159_T_G_b38_T"
[47] "chr8_81514819_A_C_b38_A" "chr8_81515555_C_T_b38_C"
[49] "chr8_81518769_T_C_b38_T" "chr8_81527961_G_T_b38_G"
[51] "chr8_81900677_A_T_b38_A" "chr8_81900680_C_T_b38_C"
[53] "chr8_81900761_G_T_b38_G" "chr8_81900762_G_A_b38_G"
[55] "chr8_81900773_G_A_b38_G" "chr8_81900776_G_T_b38_G"
[57] "chr8_81900779_T_C_b38_T" "chr8_81900782_C_T_b38_C"
[59] "chr8_81900783_T_C_b38_T" "chr8_81900784_G_A_b38_G"
[61] "chr8_81900789_T_C_b38_T" "chr8_81900796_C_G_b38_C"
[63] "chr8_81900800_G_C_b38_G" "chr8_82127185_G_A_b38_G"
[65] "chr8_82127192_C_G_b38_C" "chr8_82129772_G_C_b38_G"
[67] "chr8_82130336_C_T_b38_C" "chr8_82136891_C_T_b38_C"
[69] "chr8_82137774_C_G_b38_C"
39 SNP(s) removed because HWE P < 1e-08 :
 [1] "chr22_49765666_G_C_b38_G" "chr22_49770965_G_C_b38_G"
 [3] "chr22_49837507_C_G_b38_C" "chr22_49846939_C_A_b38_C"
 [5] "chr22_49848251_T_C_b38_T" "chr22_49872508_G_A_b38_G"
 [7] "chr22_49880142_T_C_b38_T" "chr22_49880243_G_T_b38_G"
 [9] "chr22_49883047_G_C_b38_G" "chr22_49894697_A_G_b38_A"
[11] "chr22_49906790_T_C_b38_T" "chr22_49921580_T_C_b38_T"
[13] "chr22_49921715_C_A_b38_C" "chr22_49973759_T_C_b38_T"
[15] "chr22_50013858_A_C_b38_A" "chr22_50357867_G_A_b38_G"
[17] "chr22_50371703_G_C_b38_G" "chr22_50418711_G_A_b38_G"
[19] "chr22_50424402_A_C_b38_A" "chr22_50424421_C_A_b38_C"
[21] "chr22_50424423_C_T_b38_C" "chr22_50495487_G_A_b38_G"
[23] "chr22_50495498_T_C_b38_T" "chr22_50495499_G_A_b38_G"
[25] "chr22_50508159_C_G_b38_C" "chr22_50509182_A_G_b38_A"
[27] "chr22_50509488_T_C_b38_T" "chr22_50509962_A_G_b38_A"
[29] "chr22_50510817_C_T_b38_C" "chr22_50510967_T_C_b38_T"
[31] "chr22_50511806_T_C_b38_T" "chr22_50512014_T_C_b38_T"
[33] "chr22_50512298_G_A_b38_G" "chr22_50512549_T_G_b38_T"
[35] "chr22_50513313_G_C_b38_G" "chr22_50513793_G_A_b38_G"
[37] "chr22_50542614_C_T_b38_C" "chr22_50542624_A_T_b38_A"
[39] "chr22_50712000_C_T_b38_C"
56 SNP(s) removed because HWE P < 1e-08 :
 [1] "chr2_234571796_G_C_b38_G" "chr2_234679043_G_T_b38_G"
 [3] "chr2_234679188_T_C_b38_T" "chr2_234758936_C_T_b38_C"
 [5] "chr2_234758982_T_C_b38_T" "chr2_234760203_A_G_b38_A"
 [7] "chr2_234760375_C_T_b38_C" "chr2_234888396_A_G_b38_A"
 [9] "chr2_234888758_T_C_b38_T" "chr2_234894832_A_C_b38_A"
[11] "chr2_234894910_G_A_b38_G" "chr2_234894973_T_C_b38_T"
[13] "chr2_234895017_A_G_b38_A" "chr2_234895077_T_C_b38_T"
[15] "chr2_234895138_G_A_b38_G" "chr2_234895180_T_G_b38_T"
[17] "chr2_234895243_G_C_b38_G" "chr2_234895404_A_G_b38_A"
[19] "chr2_234895495_A_G_b38_A" "chr2_234895594_G_T_b38_G"
[21] "chr2_234895605_G_A_b38_G" "chr2_234895717_A_C_b38_A"
[23] "chr2_234895726_G_A_b38_G" "chr2_234895744_C_T_b38_C"
[25] "chr2_234895756_C_A_b38_C" "chr2_234895848_T_A_b38_T"
[27] "chr2_234895974_C_T_b38_C" "chr2_234895996_G_A_b38_G"
[29] "chr2_234896107_C_G_b38_C" "chr2_234896219_G_C_b38_G"
[31] "chr2_234896302_G_C_b38_G" "chr2_234896331_A_G_b38_A"
[33] "chr2_235001953_C_T_b38_C" "chr2_235013109_C_A_b38_C"
[35] "chr2_235013502_C_T_b38_C" "chr2_235014147_A_G_b38_A"
[37] "chr2_235014329_G_T_b38_G" "chr2_235016380_G_A_b38_G"
[39] "chr2_235017019_T_C_b38_T" "chr2_235018342_C_T_b38_C"
[41] "chr2_235031472_C_T_b38_C" "chr2_235062147_T_G_b38_T"
[43] "chr2_235255566_C_A_b38_C" "chr2_235294463_A_G_b38_A"
[45] "chr2_235316147_T_C_b38_T" "chr2_235374434_A_G_b38_A"
[47] "chr2_235375213_T_C_b38_T" "chr2_235375341_T_C_b38_T"
[49] "chr2_235376857_G_A_b38_G" "chr2_235378897_A_T_b38_A"
[51] "chr2_235380311_G_A_b38_G" "chr2_235383464_G_A_b38_G"
[53] "chr2_235385818_T_C_b38_T" "chr2_235399509_A_G_b38_A"
[55] "chr2_235401021_T_A_b38_T" "chr2_235450334_T_C_b38_T"
18 SNP(s) removed because HWE P < 1e-08 :
 [1] "chr9_132690504_A_C_b38_A" "chr9_132726245_A_C_b38_A"
 [3] "chr9_132763848_A_G_b38_A" "chr9_133019995_T_C_b38_T"
 [5] "chr9_133026378_T_C_b38_T" "chr9_133061861_G_T_b38_G"
 [7] "chr9_133063059_C_G_b38_C" "chr9_133068394_A_G_b38_A"
 [9] "chr9_133068899_A_G_b38_A" "chr9_133070734_T_C_b38_T"
[11] "chr9_133082530_A_G_b38_A" "chr9_133208251_C_G_b38_C"
[13] "chr9_133208306_T_C_b38_T" "chr9_133208307_G_C_b38_G"
[15] "chr9_133208308_C_T_b38_C" "chr9_133226228_T_C_b38_T"
[17] "chr9_133227402_T_A_b38_T" "chr9_133234925_C_T_b38_C"
27 SNP(s) removed because HWE P < 1e-08 :
 [1] "chr5_168148925_A_T_b38_A" "chr5_168230021_C_A_b38_C"
 [3] "chr5_168237347_C_T_b38_C" "chr5_168337215_G_A_b38_G"
 [5] "chr5_168337383_C_A_b38_C" "chr5_168455948_C_G_b38_C"
 [7] "chr5_168672600_A_C_b38_A" "chr5_168716562_A_G_b38_A"
 [9] "chr5_168716593_T_C_b38_T" "chr5_168716669_C_T_b38_C"
[11] "chr5_168793271_C_T_b38_C" "chr5_168834973_C_T_b38_C"
[13] "chr5_168888447_C_T_b38_C" "chr5_168897112_G_C_b38_G"
[15] "chr5_168972337_A_G_b38_A" "chr5_169016816_C_A_b38_C"
[17] "chr5_169017081_C_T_b38_C" "chr5_169017241_G_A_b38_G"
[19] "chr5_169017494_G_T_b38_G" "chr5_169017542_A_C_b38_A"
[21] "chr5_169017632_G_A_b38_G" "chr5_169017713_G_A_b38_G"
[23] "chr5_169017719_A_G_b38_A" "chr5_169017809_C_T_b38_C"
[25] "chr5_169018092_C_T_b38_C" "chr5_169018484_T_G_b38_T"
[27] "chr5_169018517_G_C_b38_G"
8 SNP(s) removed because HWE P < 1e-08 :
[1] "chr17_27964547_T_C_b38_T" "chr17_27966537_A_G_b38_A"
[3] "chr17_28439190_A_C_b38_A" "chr17_28439714_T_C_b38_T"
[5] "chr17_28441937_G_A_b38_G" "chr17_28452019_C_T_b38_C"
[7] "chr17_28452207_C_G_b38_C" "chr17_28459762_C_A_b38_C"
22 SNP(s) removed because HWE P < 1e-08 :
 [1] "chr4_8044692_G_T_b38_G" "chr4_8044693_A_C_b38_A" "chr4_8059763_G_A_b38_G"
 [4] "chr4_8100031_G_T_b38_G" "chr4_8100581_C_T_b38_C" "chr4_8306668_C_G_b38_C"
 [7] "chr4_8557849_T_C_b38_T" "chr4_8557938_A_C_b38_A" "chr4_8557958_G_A_b38_G"
[10] "chr4_8557961_C_T_b38_C" "chr4_8585626_A_G_b38_A" "chr4_8603756_G_C_b38_G"
[13] "chr4_8632004_T_A_b38_T" "chr4_8632045_A_G_b38_A" "chr4_8635779_A_G_b38_A"
[16] "chr4_8655103_T_G_b38_T" "chr4_8655200_C_G_b38_C" "chr4_8656155_G_C_b38_G"
[19] "chr4_8659539_G_A_b38_G" "chr4_8661217_T_G_b38_T" "chr4_8674262_C_G_b38_C"
[22] "chr4_8677036_C_A_b38_C"
86 SNP(s) removed because HWE P < 1e-08 :
 [1] "chr11_12602581_C_A_b38_C" "chr11_12624958_C_A_b38_C"
 [3] "chr11_12709357_A_C_b38_A" "chr11_12711743_G_T_b38_G"
 [5] "chr11_12712147_G_A_b38_G" "chr11_12714195_C_T_b38_C"
 [7] "chr11_12714879_C_G_b38_C" "chr11_12715017_G_A_b38_G"
 [9] "chr11_12715147_C_T_b38_C" "chr11_12715325_A_G_b38_A"
[11] "chr11_12715946_C_T_b38_C" "chr11_12715993_T_C_b38_T"
[13] "chr11_12717103_G_A_b38_G" "chr11_12717141_C_A_b38_C"
[15] "chr11_12722267_A_G_b38_A" "chr11_12722492_G_A_b38_G"
[17] "chr11_12722623_A_G_b38_A" "chr11_12725406_G_A_b38_G"
[19] "chr11_12726375_G_A_b38_G" "chr11_12730213_C_A_b38_C"
[21] "chr11_12731602_A_G_b38_A" "chr11_12750963_G_C_b38_G"
[23] "chr11_12757747_T_C_b38_T" "chr11_12757888_G_T_b38_G"
[25] "chr11_12758617_C_T_b38_C" "chr11_12758709_T_C_b38_T"
[27] "chr11_12759469_G_A_b38_G" "chr11_12775522_G_C_b38_G"
[29] "chr11_12781165_A_G_b38_A" "chr11_12797262_G_A_b38_G"
[31] "chr11_12801705_T_G_b38_T" "chr11_12806545_C_T_b38_C"
[33] "chr11_12810221_C_T_b38_C" "chr11_12820345_A_C_b38_A"
[35] "chr11_12959220_G_C_b38_G" "chr11_13145421_T_C_b38_T"
[37] "chr11_13159063_A_T_b38_A" "chr11_13160043_T_C_b38_T"
[39] "chr11_13161191_T_G_b38_T" "chr11_13162034_C_T_b38_C"
[41] "chr11_13163679_G_A_b38_G" "chr11_13167486_A_G_b38_A"
[43] "chr11_13167824_C_G_b38_C" "chr11_13168039_T_G_b38_T"
[45] "chr11_13168424_A_T_b38_A" "chr11_13168751_C_A_b38_C"
[47] "chr11_13168868_C_G_b38_C" "chr11_13170516_C_T_b38_C"
[49] "chr11_13171300_T_A_b38_T" "chr11_13171711_G_C_b38_G"
[51] "chr11_13172324_A_C_b38_A" "chr11_13172527_T_C_b38_T"
[53] "chr11_13172742_G_A_b38_G" "chr11_13173008_G_A_b38_G"
[55] "chr11_13173311_A_C_b38_A" "chr11_13173332_G_A_b38_G"
[57] "chr11_13173916_G_A_b38_G" "chr11_13174617_C_T_b38_C"
[59] "chr11_13174658_A_G_b38_A" "chr11_13175460_G_T_b38_G"
[61] "chr11_13175491_T_C_b38_T" "chr11_13176427_A_G_b38_A"
[63] "chr11_13176535_G_A_b38_G" "chr11_13176583_C_T_b38_C"
[65] "chr11_13177356_T_C_b38_T" "chr11_13178288_C_T_b38_C"
[67] "chr11_13178878_C_T_b38_C" "chr11_13179392_C_G_b38_C"
[69] "chr11_13179991_G_A_b38_G" "chr11_13180396_T_C_b38_T"
[71] "chr11_13181122_C_T_b38_C" "chr11_13181132_T_A_b38_T"
[73] "chr11_13181163_T_G_b38_T" "chr11_13181254_G_A_b38_G"
[75] "chr11_13181293_C_T_b38_C" "chr11_13181360_G_A_b38_G"
[77] "chr11_13181664_A_G_b38_A" "chr11_13182114_G_A_b38_G"
[79] "chr11_13182203_G_A_b38_G" "chr11_13182610_C_T_b38_C"
[81] "chr11_13182823_T_C_b38_T" "chr11_13183287_G_A_b38_G"
[83] "chr11_13184213_G_A_b38_G" "chr11_13301971_T_C_b38_T"
[85] "chr11_13316281_G_A_b38_G" "chr11_13395112_C_G_b38_C"
18 SNP(s) removed because HWE P < 1e-08 :
 [1] "chr9_132690504_A_C_b38_A" "chr9_132726245_A_C_b38_A"
 [3] "chr9_132763848_A_G_b38_A" "chr9_133019995_T_C_b38_T"
 [5] "chr9_133026378_T_C_b38_T" "chr9_133061861_G_T_b38_G"
 [7] "chr9_133063059_C_G_b38_C" "chr9_133068394_A_G_b38_A"
 [9] "chr9_133068899_A_G_b38_A" "chr9_133070734_T_C_b38_T"
[11] "chr9_133082530_A_G_b38_A" "chr9_133208251_C_G_b38_C"
[13] "chr9_133208306_T_C_b38_T" "chr9_133208307_G_C_b38_G"
[15] "chr9_133208308_C_T_b38_C" "chr9_133226228_T_C_b38_T"
[17] "chr9_133227402_T_A_b38_T" "chr9_133234925_C_T_b38_C"
26 SNP(s) removed because HWE P < 1e-08 :
 [1] "chr4_48078519_A_C_b38_A" "chr4_48079528_T_C_b38_T"
 [3] "chr4_48085231_T_C_b38_T" "chr4_48085838_G_A_b38_G"
 [5] "chr4_48086052_C_T_b38_C" "chr4_48086429_A_G_b38_A"
 [7] "chr4_48450863_T_C_b38_T" "chr4_48451209_C_T_b38_C"
 [9] "chr4_48452709_A_G_b38_A" "chr4_48711359_T_C_b38_T"
[11] "chr4_48711393_C_T_b38_C" "chr4_48711401_C_A_b38_C"
[13] "chr4_48711410_A_G_b38_A" "chr4_48711421_A_C_b38_A"
[15] "chr4_48711432_G_C_b38_G" "chr4_48711433_G_A_b38_G"
[17] "chr4_48711441_A_C_b38_A" "chr4_48711445_C_T_b38_C"
[19] "chr4_48711447_G_A_b38_G" "chr4_48711466_C_T_b38_C"
[21] "chr4_48711467_A_T_b38_A" "chr4_48711470_G_A_b38_G"
[23] "chr4_48711609_C_T_b38_C" "chr4_48711661_A_G_b38_A"
[25] "chr4_48711678_T_A_b38_T" "chr4_48711716_T_C_b38_T"
17 SNP(s) removed because HWE P < 1e-08 :
 [1] "chr3_160022179_G_A_b38_G" "chr3_160162659_G_A_b38_G"
 [3] "chr3_160163071_G_T_b38_G" "chr3_160163469_T_C_b38_T"
 [5] "chr3_160167146_C_A_b38_C" "chr3_160172843_G_A_b38_G"
 [7] "chr3_160172867_G_A_b38_G" "chr3_160173354_T_C_b38_T"
 [9] "chr3_160174604_T_A_b38_T" "chr3_160178272_T_C_b38_T"
[11] "chr3_160180980_C_A_b38_C" "chr3_160620383_A_T_b38_A"
[13] "chr3_160633233_T_C_b38_T" "chr3_160637051_G_A_b38_G"
[15] "chr3_160637074_A_G_b38_A" "chr3_160637368_T_A_b38_T"
[17] "chr3_160657483_A_G_b38_A"
20 SNP(s) removed because HWE P < 1e-08 :
 [1] "chr17_35379518_A_C_b38_A" "chr17_35442015_G_A_b38_G"
 [3] "chr17_35996816_T_G_b38_T" "chr17_36082933_C_A_b38_C"
 [5] "chr17_36083801_G_C_b38_G" "chr17_36083900_T_A_b38_T"
 [7] "chr17_36109988_G_T_b38_G" "chr17_36111300_G_A_b38_G"
 [9] "chr17_36112019_G_A_b38_G" "chr17_36114883_G_A_b38_G"
[11] "chr17_36152807_C_A_b38_C" "chr17_36160669_C_T_b38_C"
[13] "chr17_36161464_T_G_b38_T" "chr17_36163152_C_T_b38_C"
[15] "chr17_36163256_C_T_b38_C" "chr17_36164185_C_T_b38_C"
[17] "chr17_36165283_A_G_b38_A" "chr17_36165307_T_G_b38_T"
[19] "chr17_36229227_G_A_b38_G" "chr17_36229290_G_T_b38_G"
11 SNP(s) removed because HWE P < 1e-08 :
 [1] "chr10_37401964_T_C_b38_T" "chr10_37898700_A_G_b38_A"
 [3] "chr10_38254544_A_G_b38_A" "chr10_38254703_T_G_b38_T"
 [5] "chr10_38276241_G_A_b38_G" "chr10_38308207_T_C_b38_T"
 [7] "chr10_38308235_T_G_b38_T" "chr10_38308510_C_T_b38_C"
 [9] "chr10_38308613_T_C_b38_T" "chr10_38322010_G_A_b38_G"
[11] "chr10_38356415_C_T_b38_C"
26 SNP(s) removed because HWE P < 1e-08 :
 [1] "chr8_27003326_C_T_b38_C" "chr8_27003783_A_G_b38_A"
 [3] "chr8_27004154_C_T_b38_C" "chr8_27005058_G_A_b38_G"
 [5] "chr8_27007031_A_C_b38_A" "chr8_27007095_A_T_b38_A"
 [7] "chr8_27007582_G_A_b38_G" "chr8_27007684_C_A_b38_C"
 [9] "chr8_27008838_G_A_b38_G" "chr8_27008896_T_G_b38_T"
[11] "chr8_27010477_C_T_b38_C" "chr8_27010930_G_T_b38_G"
[13] "chr8_27186186_A_C_b38_A" "chr8_27248707_G_A_b38_G"
[15] "chr8_27249599_T_C_b38_T" "chr8_27252807_A_G_b38_A"
[17] "chr8_27322029_A_G_b38_A" "chr8_27378602_T_C_b38_T"
[19] "chr8_27466912_T_C_b38_T" "chr8_27484090_A_G_b38_A"
[21] "chr8_27484836_T_C_b38_T" "chr8_27486843_T_G_b38_T"
[23] "chr8_27489073_A_G_b38_A" "chr8_27508884_G_C_b38_G"
[25] "chr8_27621594_C_A_b38_C" "chr8_27631904_T_C_b38_T"
17 SNP(s) removed because HWE P < 1e-08 :
 [1] "chr3_160022179_G_A_b38_G" "chr3_160162659_G_A_b38_G"
 [3] "chr3_160163071_G_T_b38_G" "chr3_160163469_T_C_b38_T"
 [5] "chr3_160167146_C_A_b38_C" "chr3_160172843_G_A_b38_G"
 [7] "chr3_160172867_G_A_b38_G" "chr3_160173354_T_C_b38_T"
 [9] "chr3_160174604_T_A_b38_T" "chr3_160178272_T_C_b38_T"
[11] "chr3_160180980_C_A_b38_C" "chr3_160620383_A_T_b38_A"
[13] "chr3_160633233_T_C_b38_T" "chr3_160637051_G_A_b38_G"
[15] "chr3_160637074_A_G_b38_A" "chr3_160637368_T_A_b38_T"
[17] "chr3_160657483_A_G_b38_A"
9 SNP(s) removed because HWE P < 1e-08 :
[1] "chr20_49504306_G_A_b38_G" "chr20_49506570_G_A_b38_G"
[3] "chr20_49525595_T_A_b38_T" "chr20_49525596_T_A_b38_T"
[5] "chr20_49545598_T_C_b38_T" "chr20_49572038_G_T_b38_G"
[7] "chr20_49573150_C_T_b38_C" "chr20_49737700_G_A_b38_G"
[9] "chr20_49739609_T_C_b38_T"
56 SNP(s) removed because HWE P < 1e-08 :
 [1] "chr2_234571796_G_C_b38_G" "chr2_234679043_G_T_b38_G"
 [3] "chr2_234679188_T_C_b38_T" "chr2_234758936_C_T_b38_C"
 [5] "chr2_234758982_T_C_b38_T" "chr2_234760203_A_G_b38_A"
 [7] "chr2_234760375_C_T_b38_C" "chr2_234888396_A_G_b38_A"
 [9] "chr2_234888758_T_C_b38_T" "chr2_234894832_A_C_b38_A"
[11] "chr2_234894910_G_A_b38_G" "chr2_234894973_T_C_b38_T"
[13] "chr2_234895017_A_G_b38_A" "chr2_234895077_T_C_b38_T"
[15] "chr2_234895138_G_A_b38_G" "chr2_234895180_T_G_b38_T"
[17] "chr2_234895243_G_C_b38_G" "chr2_234895404_A_G_b38_A"
[19] "chr2_234895495_A_G_b38_A" "chr2_234895594_G_T_b38_G"
[21] "chr2_234895605_G_A_b38_G" "chr2_234895717_A_C_b38_A"
[23] "chr2_234895726_G_A_b38_G" "chr2_234895744_C_T_b38_C"
[25] "chr2_234895756_C_A_b38_C" "chr2_234895848_T_A_b38_T"
[27] "chr2_234895974_C_T_b38_C" "chr2_234895996_G_A_b38_G"
[29] "chr2_234896107_C_G_b38_C" "chr2_234896219_G_C_b38_G"
[31] "chr2_234896302_G_C_b38_G" "chr2_234896331_A_G_b38_A"
[33] "chr2_235001953_C_T_b38_C" "chr2_235013109_C_A_b38_C"
[35] "chr2_235013502_C_T_b38_C" "chr2_235014147_A_G_b38_A"
[37] "chr2_235014329_G_T_b38_G" "chr2_235016380_G_A_b38_G"
[39] "chr2_235017019_T_C_b38_T" "chr2_235018342_C_T_b38_C"
[41] "chr2_235031472_C_T_b38_C" "chr2_235062147_T_G_b38_T"
[43] "chr2_235255566_C_A_b38_C" "chr2_235294463_A_G_b38_A"
[45] "chr2_235316147_T_C_b38_T" "chr2_235374434_A_G_b38_A"
[47] "chr2_235375213_T_C_b38_T" "chr2_235375341_T_C_b38_T"
[49] "chr2_235376857_G_A_b38_G" "chr2_235378897_A_T_b38_A"
[51] "chr2_235380311_G_A_b38_G" "chr2_235383464_G_A_b38_G"
[53] "chr2_235385818_T_C_b38_T" "chr2_235399509_A_G_b38_A"
[55] "chr2_235401021_T_A_b38_T" "chr2_235450334_T_C_b38_T"
26 SNP(s) removed because HWE P < 1e-08 :
 [1] "chr8_27003326_C_T_b38_C" "chr8_27003783_A_G_b38_A"
 [3] "chr8_27004154_C_T_b38_C" "chr8_27005058_G_A_b38_G"
 [5] "chr8_27007031_A_C_b38_A" "chr8_27007095_A_T_b38_A"
 [7] "chr8_27007582_G_A_b38_G" "chr8_27007684_C_A_b38_C"
 [9] "chr8_27008838_G_A_b38_G" "chr8_27008896_T_G_b38_T"
[11] "chr8_27010477_C_T_b38_C" "chr8_27010930_G_T_b38_G"
[13] "chr8_27186186_A_C_b38_A" "chr8_27248707_G_A_b38_G"
[15] "chr8_27249599_T_C_b38_T" "chr8_27252807_A_G_b38_A"
[17] "chr8_27322029_A_G_b38_A" "chr8_27378602_T_C_b38_T"
[19] "chr8_27466912_T_C_b38_T" "chr8_27484090_A_G_b38_A"
[21] "chr8_27484836_T_C_b38_T" "chr8_27486843_T_G_b38_T"
[23] "chr8_27489073_A_G_b38_A" "chr8_27508884_G_C_b38_G"
[25] "chr8_27621594_C_A_b38_C" "chr8_27631904_T_C_b38_T"
26 SNP(s) removed because HWE P < 1e-08 :
 [1] "chr8_27003326_C_T_b38_C" "chr8_27003783_A_G_b38_A"
 [3] "chr8_27004154_C_T_b38_C" "chr8_27005058_G_A_b38_G"
 [5] "chr8_27007031_A_C_b38_A" "chr8_27007095_A_T_b38_A"
 [7] "chr8_27007582_G_A_b38_G" "chr8_27007684_C_A_b38_C"
 [9] "chr8_27008838_G_A_b38_G" "chr8_27008896_T_G_b38_T"
[11] "chr8_27010477_C_T_b38_C" "chr8_27010930_G_T_b38_G"
[13] "chr8_27186186_A_C_b38_A" "chr8_27248707_G_A_b38_G"
[15] "chr8_27249599_T_C_b38_T" "chr8_27252807_A_G_b38_A"
[17] "chr8_27322029_A_G_b38_A" "chr8_27378602_T_C_b38_T"
[19] "chr8_27466912_T_C_b38_T" "chr8_27484090_A_G_b38_A"
[21] "chr8_27484836_T_C_b38_T" "chr8_27486843_T_G_b38_T"
[23] "chr8_27489073_A_G_b38_A" "chr8_27508884_G_C_b38_G"
[25] "chr8_27621594_C_A_b38_C" "chr8_27631904_T_C_b38_T"
91 SNP(s) removed because HWE P < 1e-08 :
 [1] "chr3_157045490_C_T_b38_C" "chr3_157047730_T_A_b38_T"
 [3] "chr3_157338814_G_A_b38_G" "chr3_157344026_C_T_b38_C"
 [5] "chr3_157444338_T_A_b38_T" "chr3_157445606_T_C_b38_T"
 [7] "chr3_157445846_C_T_b38_C" "chr3_157446475_C_T_b38_C"
 [9] "chr3_157447806_C_G_b38_C" "chr3_157449466_C_T_b38_C"
[11] "chr3_157700946_G_A_b38_G" "chr3_157701639_T_C_b38_T"
[13] "chr3_157701660_G_A_b38_G" "chr3_157701765_G_C_b38_G"
[15] "chr3_157702187_T_C_b38_T" "chr3_157702332_A_G_b38_A"
[17] "chr3_157703056_C_G_b38_C" "chr3_157704883_G_A_b38_G"
[19] "chr3_157706339_C_T_b38_C" "chr3_157707225_C_T_b38_C"
[21] "chr3_157707307_G_A_b38_G" "chr3_157708007_G_A_b38_G"
[23] "chr3_157708241_T_G_b38_T" "chr3_157708394_C_T_b38_C"
[25] "chr3_157710802_A_G_b38_A" "chr3_157711073_A_G_b38_A"
[27] "chr3_157711266_C_T_b38_C" "chr3_157711541_G_C_b38_G"
[29] "chr3_157711583_C_A_b38_C" "chr3_157711962_C_A_b38_C"
[31] "chr3_157713039_A_T_b38_A" "chr3_157714109_C_T_b38_C"
[33] "chr3_157714761_A_T_b38_A" "chr3_157714977_C_G_b38_C"
[35] "chr3_157714990_G_C_b38_G" "chr3_157716364_A_G_b38_A"
[37] "chr3_157716794_T_C_b38_T" "chr3_157716950_A_G_b38_A"
[39] "chr3_157717037_G_A_b38_G" "chr3_157717324_G_A_b38_G"
[41] "chr3_157717459_C_T_b38_C" "chr3_157717477_A_G_b38_A"
[43] "chr3_157717714_T_G_b38_T" "chr3_157717745_G_T_b38_G"
[45] "chr3_157718664_G_A_b38_G" "chr3_157718810_T_C_b38_T"
[47] "chr3_157719721_A_T_b38_A" "chr3_157720553_T_C_b38_T"
[49] "chr3_157720943_A_G_b38_A" "chr3_157720966_A_G_b38_A"
[51] "chr3_157721345_T_G_b38_T" "chr3_157721497_A_G_b38_A"
[53] "chr3_157721759_T_G_b38_T" "chr3_157721807_A_T_b38_A"
[55] "chr3_157722494_T_C_b38_T" "chr3_157724193_G_A_b38_G"
[57] "chr3_157724578_C_T_b38_C" "chr3_157724731_C_T_b38_C"
[59] "chr3_157724732_A_G_b38_A" "chr3_157724749_G_A_b38_G"
[61] "chr3_157724859_A_G_b38_A" "chr3_157725040_A_C_b38_A"
[63] "chr3_157725229_A_C_b38_A" "chr3_157725367_A_G_b38_A"
[65] "chr3_157725442_G_A_b38_G" "chr3_157725461_T_A_b38_T"
[67] "chr3_157727098_A_G_b38_A" "chr3_157727888_G_A_b38_G"
[69] "chr3_157727981_A_G_b38_A" "chr3_157729509_A_G_b38_A"
[71] "chr3_157729574_A_C_b38_A" "chr3_157730331_A_G_b38_A"
[73] "chr3_157731221_A_G_b38_A" "chr3_157731441_A_G_b38_A"
[75] "chr3_157733110_C_T_b38_C" "chr3_157733151_G_A_b38_G"
[77] "chr3_157734207_A_C_b38_A" "chr3_157734919_C_G_b38_C"
[79] "chr3_157737256_C_T_b38_C" "chr3_157737413_C_T_b38_C"
[81] "chr3_157738061_C_T_b38_C" "chr3_157754705_T_C_b38_T"
[83] "chr3_157825112_G_A_b38_G" "chr3_157898658_A_G_b38_A"
[85] "chr3_157898683_C_T_b38_C" "chr3_157898689_A_G_b38_A"
[87] "chr3_157898712_T_G_b38_T" "chr3_157898744_A_T_b38_A"
[89] "chr3_157898757_A_C_b38_A" "chr3_157898763_T_C_b38_T"
[91] "chr3_157898772_G_A_b38_G"
6 SNP(s) removed because HWE P < 1e-08 :
[1] "chr17_28439190_A_C_b38_A" "chr17_28439714_T_C_b38_T"
[3] "chr17_28441937_G_A_b38_G" "chr17_28452019_C_T_b38_C"
[5] "chr17_28452207_C_G_b38_C" "chr17_28459762_C_A_b38_C"
86 SNP(s) removed because HWE P < 1e-08 :
 [1] "chr11_12602581_C_A_b38_C" "chr11_12624958_C_A_b38_C"
 [3] "chr11_12709357_A_C_b38_A" "chr11_12711743_G_T_b38_G"
 [5] "chr11_12712147_G_A_b38_G" "chr11_12714195_C_T_b38_C"
 [7] "chr11_12714879_C_G_b38_C" "chr11_12715017_G_A_b38_G"
 [9] "chr11_12715147_C_T_b38_C" "chr11_12715325_A_G_b38_A"
[11] "chr11_12715946_C_T_b38_C" "chr11_12715993_T_C_b38_T"
[13] "chr11_12717103_G_A_b38_G" "chr11_12717141_C_A_b38_C"
[15] "chr11_12722267_A_G_b38_A" "chr11_12722492_G_A_b38_G"
[17] "chr11_12722623_A_G_b38_A" "chr11_12725406_G_A_b38_G"
[19] "chr11_12726375_G_A_b38_G" "chr11_12730213_C_A_b38_C"
[21] "chr11_12731602_A_G_b38_A" "chr11_12750963_G_C_b38_G"
[23] "chr11_12757747_T_C_b38_T" "chr11_12757888_G_T_b38_G"
[25] "chr11_12758617_C_T_b38_C" "chr11_12758709_T_C_b38_T"
[27] "chr11_12759469_G_A_b38_G" "chr11_12775522_G_C_b38_G"
[29] "chr11_12781165_A_G_b38_A" "chr11_12797262_G_A_b38_G"
[31] "chr11_12801705_T_G_b38_T" "chr11_12806545_C_T_b38_C"
[33] "chr11_12810221_C_T_b38_C" "chr11_12820345_A_C_b38_A"
[35] "chr11_12959220_G_C_b38_G" "chr11_13145421_T_C_b38_T"
[37] "chr11_13159063_A_T_b38_A" "chr11_13160043_T_C_b38_T"
[39] "chr11_13161191_T_G_b38_T" "chr11_13162034_C_T_b38_C"
[41] "chr11_13163679_G_A_b38_G" "chr11_13167486_A_G_b38_A"
[43] "chr11_13167824_C_G_b38_C" "chr11_13168039_T_G_b38_T"
[45] "chr11_13168424_A_T_b38_A" "chr11_13168751_C_A_b38_C"
[47] "chr11_13168868_C_G_b38_C" "chr11_13170516_C_T_b38_C"
[49] "chr11_13171300_T_A_b38_T" "chr11_13171711_G_C_b38_G"
[51] "chr11_13172324_A_C_b38_A" "chr11_13172527_T_C_b38_T"
[53] "chr11_13172742_G_A_b38_G" "chr11_13173008_G_A_b38_G"
[55] "chr11_13173311_A_C_b38_A" "chr11_13173332_G_A_b38_G"
[57] "chr11_13173916_G_A_b38_G" "chr11_13174617_C_T_b38_C"
[59] "chr11_13174658_A_G_b38_A" "chr11_13175460_G_T_b38_G"
[61] "chr11_13175491_T_C_b38_T" "chr11_13176427_A_G_b38_A"
[63] "chr11_13176535_G_A_b38_G" "chr11_13176583_C_T_b38_C"
[65] "chr11_13177356_T_C_b38_T" "chr11_13178288_C_T_b38_C"
[67] "chr11_13178878_C_T_b38_C" "chr11_13179392_C_G_b38_C"
[69] "chr11_13179991_G_A_b38_G" "chr11_13180396_T_C_b38_T"
[71] "chr11_13181122_C_T_b38_C" "chr11_13181132_T_A_b38_T"
[73] "chr11_13181163_T_G_b38_T" "chr11_13181254_G_A_b38_G"
[75] "chr11_13181293_C_T_b38_C" "chr11_13181360_G_A_b38_G"
[77] "chr11_13181664_A_G_b38_A" "chr11_13182114_G_A_b38_G"
[79] "chr11_13182203_G_A_b38_G" "chr11_13182610_C_T_b38_C"
[81] "chr11_13182823_T_C_b38_T" "chr11_13183287_G_A_b38_G"
[83] "chr11_13184213_G_A_b38_G" "chr11_13301971_T_C_b38_T"
[85] "chr11_13316281_G_A_b38_G" "chr11_13395112_C_G_b38_C"
32 SNP(s) removed because HWE P < 1e-08 :
 [1] "chr19_17504800_T_C_b38_T" "chr19_17504915_T_C_b38_T"
 [3] "chr19_17583443_G_T_b38_G" "chr19_17666011_C_T_b38_C"
 [5] "chr19_17666078_T_C_b38_T" "chr19_17847808_C_T_b38_C"
 [7] "chr19_17847968_T_C_b38_T" "chr19_17901200_G_T_b38_G"
 [9] "chr19_17908396_T_C_b38_T" "chr19_17924720_G_T_b38_G"
[11] "chr19_17928630_T_C_b38_T" "chr19_18036796_G_A_b38_G"
[13] "chr19_18037080_A_T_b38_A" "chr19_18037381_T_C_b38_T"
[15] "chr19_18037783_T_C_b38_T" "chr19_18039165_G_A_b38_G"
[17] "chr19_18039479_C_T_b38_C" "chr19_18039995_T_C_b38_T"
[19] "chr19_18040092_T_C_b38_T" "chr19_18040429_G_T_b38_G"
[21] "chr19_18040432_G_T_b38_G" "chr19_18042127_C_T_b38_C"
[23] "chr19_18042885_A_G_b38_A" "chr19_18043992_G_C_b38_G"
[25] "chr19_18044231_C_G_b38_C" "chr19_18044266_G_C_b38_G"
[27] "chr19_18251693_G_C_b38_G" "chr19_18260387_C_T_b38_C"
[29] "chr19_18262150_C_G_b38_C" "chr19_18265699_G_A_b38_G"
[31] "chr19_18265970_T_C_b38_T" "chr19_18267871_C_A_b38_C"
11 SNP(s) removed because HWE P < 1e-08 :
 [1] "chr10_37401964_T_C_b38_T" "chr10_37898700_A_G_b38_A"
 [3] "chr10_38254544_A_G_b38_A" "chr10_38254703_T_G_b38_T"
 [5] "chr10_38276241_G_A_b38_G" "chr10_38308207_T_C_b38_T"
 [7] "chr10_38308235_T_G_b38_T" "chr10_38308510_C_T_b38_C"
 [9] "chr10_38308613_T_C_b38_T" "chr10_38322010_G_A_b38_G"
[11] "chr10_38356415_C_T_b38_C"
6 SNP(s) removed because HWE P < 1e-08 :
[1] "chr17_28439190_A_C_b38_A" "chr17_28439714_T_C_b38_T"
[3] "chr17_28441937_G_A_b38_G" "chr17_28452019_C_T_b38_C"
[5] "chr17_28452207_C_G_b38_C" "chr17_28459762_C_A_b38_C"
86 SNP(s) removed because HWE P < 1e-08 :
 [1] "chr11_12602581_C_A_b38_C" "chr11_12624958_C_A_b38_C"
 [3] "chr11_12709357_A_C_b38_A" "chr11_12711743_G_T_b38_G"
 [5] "chr11_12712147_G_A_b38_G" "chr11_12714195_C_T_b38_C"
 [7] "chr11_12714879_C_G_b38_C" "chr11_12715017_G_A_b38_G"
 [9] "chr11_12715147_C_T_b38_C" "chr11_12715325_A_G_b38_A"
[11] "chr11_12715946_C_T_b38_C" "chr11_12715993_T_C_b38_T"
[13] "chr11_12717103_G_A_b38_G" "chr11_12717141_C_A_b38_C"
[15] "chr11_12722267_A_G_b38_A" "chr11_12722492_G_A_b38_G"
[17] "chr11_12722623_A_G_b38_A" "chr11_12725406_G_A_b38_G"
[19] "chr11_12726375_G_A_b38_G" "chr11_12730213_C_A_b38_C"
[21] "chr11_12731602_A_G_b38_A" "chr11_12750963_G_C_b38_G"
[23] "chr11_12757747_T_C_b38_T" "chr11_12757888_G_T_b38_G"
[25] "chr11_12758617_C_T_b38_C" "chr11_12758709_T_C_b38_T"
[27] "chr11_12759469_G_A_b38_G" "chr11_12775522_G_C_b38_G"
[29] "chr11_12781165_A_G_b38_A" "chr11_12797262_G_A_b38_G"
[31] "chr11_12801705_T_G_b38_T" "chr11_12806545_C_T_b38_C"
[33] "chr11_12810221_C_T_b38_C" "chr11_12820345_A_C_b38_A"
[35] "chr11_12959220_G_C_b38_G" "chr11_13145421_T_C_b38_T"
[37] "chr11_13159063_A_T_b38_A" "chr11_13160043_T_C_b38_T"
[39] "chr11_13161191_T_G_b38_T" "chr11_13162034_C_T_b38_C"
[41] "chr11_13163679_G_A_b38_G" "chr11_13167486_A_G_b38_A"
[43] "chr11_13167824_C_G_b38_C" "chr11_13168039_T_G_b38_T"
[45] "chr11_13168424_A_T_b38_A" "chr11_13168751_C_A_b38_C"
[47] "chr11_13168868_C_G_b38_C" "chr11_13170516_C_T_b38_C"
[49] "chr11_13171300_T_A_b38_T" "chr11_13171711_G_C_b38_G"
[51] "chr11_13172324_A_C_b38_A" "chr11_13172527_T_C_b38_T"
[53] "chr11_13172742_G_A_b38_G" "chr11_13173008_G_A_b38_G"
[55] "chr11_13173311_A_C_b38_A" "chr11_13173332_G_A_b38_G"
[57] "chr11_13173916_G_A_b38_G" "chr11_13174617_C_T_b38_C"
[59] "chr11_13174658_A_G_b38_A" "chr11_13175460_G_T_b38_G"
[61] "chr11_13175491_T_C_b38_T" "chr11_13176427_A_G_b38_A"
[63] "chr11_13176535_G_A_b38_G" "chr11_13176583_C_T_b38_C"
[65] "chr11_13177356_T_C_b38_T" "chr11_13178288_C_T_b38_C"
[67] "chr11_13178878_C_T_b38_C" "chr11_13179392_C_G_b38_C"
[69] "chr11_13179991_G_A_b38_G" "chr11_13180396_T_C_b38_T"
[71] "chr11_13181122_C_T_b38_C" "chr11_13181132_T_A_b38_T"
[73] "chr11_13181163_T_G_b38_T" "chr11_13181254_G_A_b38_G"
[75] "chr11_13181293_C_T_b38_C" "chr11_13181360_G_A_b38_G"
[77] "chr11_13181664_A_G_b38_A" "chr11_13182114_G_A_b38_G"
[79] "chr11_13182203_G_A_b38_G" "chr11_13182610_C_T_b38_C"
[81] "chr11_13182823_T_C_b38_T" "chr11_13183287_G_A_b38_G"
[83] "chr11_13184213_G_A_b38_G" "chr11_13301971_T_C_b38_T"
[85] "chr11_13316281_G_A_b38_G" "chr11_13395112_C_G_b38_C"
22 SNP(s) removed because HWE P < 1e-08 :
 [1] "chr1_162353041_G_C_b38_G" "chr1_162353047_A_C_b38_A"
 [3] "chr1_162477576_G_A_b38_G" "chr1_162481393_G_A_b38_G"
 [5] "chr1_162483630_C_T_b38_C" "chr1_162701799_T_C_b38_T"
 [7] "chr1_162704548_G_A_b38_G" "chr1_162705250_T_C_b38_T"
 [9] "chr1_162706401_C_T_b38_C" "chr1_162710700_T_C_b38_T"
[11] "chr1_162714569_T_C_b38_T" "chr1_162722878_C_G_b38_C"
[13] "chr1_162733892_A_G_b38_A" "chr1_162742199_A_T_b38_A"
[15] "chr1_162742900_G_A_b38_G" "chr1_162743999_G_A_b38_G"
[17] "chr1_162744207_T_C_b38_T" "chr1_162752426_G_A_b38_G"
[19] "chr1_162763446_G_A_b38_G" "chr1_162798738_C_G_b38_C"
[21] "chr1_162803606_G_A_b38_G" "chr1_162909861_T_C_b38_T"
81 SNP(s) removed because HWE P < 1e-08 :
 [1] "chr5_79824974_G_A_b38_G" "chr5_79836464_G_T_b38_G"
 [3] "chr5_79836465_C_T_b38_C" "chr5_79841630_C_T_b38_C"
 [5] "chr5_80113266_T_C_b38_T" "chr5_80387508_T_C_b38_T"
 [7] "chr5_80389484_A_G_b38_A" "chr5_80392597_A_T_b38_A"
 [9] "chr5_80393068_A_G_b38_A" "chr5_80397860_A_G_b38_A"
[11] "chr5_80399551_T_G_b38_T" "chr5_80401391_T_C_b38_T"
[13] "chr5_80401773_A_G_b38_A" "chr5_80401989_G_T_b38_G"
[15] "chr5_80414759_C_G_b38_C" "chr5_80415331_G_A_b38_G"
[17] "chr5_80416435_T_C_b38_T" "chr5_80417583_T_C_b38_T"
[19] "chr5_80418671_C_G_b38_C" "chr5_80420337_T_C_b38_T"
[21] "chr5_80424943_G_C_b38_G" "chr5_80425901_G_T_b38_G"
[23] "chr5_80430390_A_G_b38_A" "chr5_80430556_A_G_b38_A"
[25] "chr5_80430665_A_C_b38_A" "chr5_80435789_G_A_b38_G"
[27] "chr5_80437260_T_C_b38_T" "chr5_80439413_A_G_b38_A"
[29] "chr5_80440039_A_G_b38_A" "chr5_80441588_C_T_b38_C"
[31] "chr5_80442148_A_G_b38_A" "chr5_80442960_G_A_b38_G"
[33] "chr5_80443866_G_A_b38_G" "chr5_80445199_T_A_b38_T"
[35] "chr5_80446020_G_A_b38_G" "chr5_80446534_C_T_b38_C"
[37] "chr5_80447123_G_T_b38_G" "chr5_80451472_A_G_b38_A"
[39] "chr5_80455513_A_G_b38_A" "chr5_80456000_C_G_b38_C"
[41] "chr5_80459219_C_T_b38_C" "chr5_80461897_A_G_b38_A"
[43] "chr5_80461920_T_C_b38_T" "chr5_80462682_A_G_b38_A"
[45] "chr5_80462896_T_C_b38_T" "chr5_80466395_T_C_b38_T"
[47] "chr5_80466570_T_C_b38_T" "chr5_80466638_C_T_b38_C"
[49] "chr5_80466730_G_A_b38_G" "chr5_80468419_A_C_b38_A"
[51] "chr5_80468550_A_G_b38_A" "chr5_80469862_A_G_b38_A"
[53] "chr5_80470400_C_G_b38_C" "chr5_80470809_C_A_b38_C"
[55] "chr5_80470943_G_A_b38_G" "chr5_80470945_C_A_b38_C"
[57] "chr5_80471176_A_C_b38_A" "chr5_80477209_T_G_b38_T"
[59] "chr5_80480398_A_C_b38_A" "chr5_80481068_G_C_b38_G"
[61] "chr5_80482557_G_A_b38_G" "chr5_80482622_G_A_b38_G"
[63] "chr5_80482922_T_G_b38_T" "chr5_80485254_G_A_b38_G"
[65] "chr5_80485868_T_C_b38_T" "chr5_80486281_G_C_b38_G"
[67] "chr5_80488365_G_C_b38_G" "chr5_80489872_C_A_b38_C"
[69] "chr5_80493726_A_G_b38_A" "chr5_80495786_G_A_b38_G"
[71] "chr5_80497770_A_G_b38_A" "chr5_80498338_T_A_b38_T"
[73] "chr5_80522634_C_T_b38_C" "chr5_80556659_T_G_b38_T"
[75] "chr5_80564768_C_A_b38_C" "chr5_80566383_A_T_b38_A"
[77] "chr5_80580668_G_A_b38_G" "chr5_80581585_C_T_b38_C"
[79] "chr5_80581962_A_G_b38_A" "chr5_80582064_A_G_b38_A"
[81] "chr5_80586376_A_G_b38_A"
11 SNP(s) removed because HWE P < 1e-08 :
 [1] "chr10_37401964_T_C_b38_T" "chr10_37898700_A_G_b38_A"
 [3] "chr10_38254544_A_G_b38_A" "chr10_38254703_T_G_b38_T"
 [5] "chr10_38276241_G_A_b38_G" "chr10_38308207_T_C_b38_T"
 [7] "chr10_38308235_T_G_b38_T" "chr10_38308510_C_T_b38_C"
 [9] "chr10_38308613_T_C_b38_T" "chr10_38322010_G_A_b38_G"
[11] "chr10_38356415_C_T_b38_C"
26 SNP(s) removed because HWE P < 1e-08 :
 [1] "chr4_48078519_A_C_b38_A" "chr4_48079528_T_C_b38_T"
 [3] "chr4_48085231_T_C_b38_T" "chr4_48085838_G_A_b38_G"
 [5] "chr4_48086052_C_T_b38_C" "chr4_48086429_A_G_b38_A"
 [7] "chr4_48450863_T_C_b38_T" "chr4_48451209_C_T_b38_C"
 [9] "chr4_48452709_A_G_b38_A" "chr4_48711359_T_C_b38_T"
[11] "chr4_48711393_C_T_b38_C" "chr4_48711401_C_A_b38_C"
[13] "chr4_48711410_A_G_b38_A" "chr4_48711421_A_C_b38_A"
[15] "chr4_48711432_G_C_b38_G" "chr4_48711433_G_A_b38_G"
[17] "chr4_48711441_A_C_b38_A" "chr4_48711445_C_T_b38_C"
[19] "chr4_48711447_G_A_b38_G" "chr4_48711466_C_T_b38_C"
[21] "chr4_48711467_A_T_b38_A" "chr4_48711470_G_A_b38_G"
[23] "chr4_48711609_C_T_b38_C" "chr4_48711661_A_G_b38_A"
[25] "chr4_48711678_T_A_b38_T" "chr4_48711716_T_C_b38_T"
86 SNP(s) removed because HWE P < 1e-08 :
 [1] "chr11_12602581_C_A_b38_C" "chr11_12624958_C_A_b38_C"
 [3] "chr11_12709357_A_C_b38_A" "chr11_12711743_G_T_b38_G"
 [5] "chr11_12712147_G_A_b38_G" "chr11_12714195_C_T_b38_C"
 [7] "chr11_12714879_C_G_b38_C" "chr11_12715017_G_A_b38_G"
 [9] "chr11_12715147_C_T_b38_C" "chr11_12715325_A_G_b38_A"
[11] "chr11_12715946_C_T_b38_C" "chr11_12715993_T_C_b38_T"
[13] "chr11_12717103_G_A_b38_G" "chr11_12717141_C_A_b38_C"
[15] "chr11_12722267_A_G_b38_A" "chr11_12722492_G_A_b38_G"
[17] "chr11_12722623_A_G_b38_A" "chr11_12725406_G_A_b38_G"
[19] "chr11_12726375_G_A_b38_G" "chr11_12730213_C_A_b38_C"
[21] "chr11_12731602_A_G_b38_A" "chr11_12750963_G_C_b38_G"
[23] "chr11_12757747_T_C_b38_T" "chr11_12757888_G_T_b38_G"
[25] "chr11_12758617_C_T_b38_C" "chr11_12758709_T_C_b38_T"
[27] "chr11_12759469_G_A_b38_G" "chr11_12775522_G_C_b38_G"
[29] "chr11_12781165_A_G_b38_A" "chr11_12797262_G_A_b38_G"
[31] "chr11_12801705_T_G_b38_T" "chr11_12806545_C_T_b38_C"
[33] "chr11_12810221_C_T_b38_C" "chr11_12820345_A_C_b38_A"
[35] "chr11_12959220_G_C_b38_G" "chr11_13145421_T_C_b38_T"
[37] "chr11_13159063_A_T_b38_A" "chr11_13160043_T_C_b38_T"
[39] "chr11_13161191_T_G_b38_T" "chr11_13162034_C_T_b38_C"
[41] "chr11_13163679_G_A_b38_G" "chr11_13167486_A_G_b38_A"
[43] "chr11_13167824_C_G_b38_C" "chr11_13168039_T_G_b38_T"
[45] "chr11_13168424_A_T_b38_A" "chr11_13168751_C_A_b38_C"
[47] "chr11_13168868_C_G_b38_C" "chr11_13170516_C_T_b38_C"
[49] "chr11_13171300_T_A_b38_T" "chr11_13171711_G_C_b38_G"
[51] "chr11_13172324_A_C_b38_A" "chr11_13172527_T_C_b38_T"
[53] "chr11_13172742_G_A_b38_G" "chr11_13173008_G_A_b38_G"
[55] "chr11_13173311_A_C_b38_A" "chr11_13173332_G_A_b38_G"
[57] "chr11_13173916_G_A_b38_G" "chr11_13174617_C_T_b38_C"
[59] "chr11_13174658_A_G_b38_A" "chr11_13175460_G_T_b38_G"
[61] "chr11_13175491_T_C_b38_T" "chr11_13176427_A_G_b38_A"
[63] "chr11_13176535_G_A_b38_G" "chr11_13176583_C_T_b38_C"
[65] "chr11_13177356_T_C_b38_T" "chr11_13178288_C_T_b38_C"
[67] "chr11_13178878_C_T_b38_C" "chr11_13179392_C_G_b38_C"
[69] "chr11_13179991_G_A_b38_G" "chr11_13180396_T_C_b38_T"
[71] "chr11_13181122_C_T_b38_C" "chr11_13181132_T_A_b38_T"
[73] "chr11_13181163_T_G_b38_T" "chr11_13181254_G_A_b38_G"
[75] "chr11_13181293_C_T_b38_C" "chr11_13181360_G_A_b38_G"
[77] "chr11_13181664_A_G_b38_A" "chr11_13182114_G_A_b38_G"
[79] "chr11_13182203_G_A_b38_G" "chr11_13182610_C_T_b38_C"
[81] "chr11_13182823_T_C_b38_T" "chr11_13183287_G_A_b38_G"
[83] "chr11_13184213_G_A_b38_G" "chr11_13301971_T_C_b38_T"
[85] "chr11_13316281_G_A_b38_G" "chr11_13395112_C_G_b38_C"
6 SNP(s) removed because HWE P < 1e-08 :
[1] "chr13_29549344_C_T_b38_C" "chr13_29949626_G_C_b38_G"
[3] "chr13_30062346_T_C_b38_T" "chr13_30062379_G_C_b38_G"
[5] "chr13_30121793_C_T_b38_C" "chr13_30160356_C_T_b38_C"
6 SNP(s) removed because HWE P < 1e-08 :
[1] "chr20_10017841_A_G_b38_A" "chr20_10147095_G_C_b38_G"
[3] "chr20_10474781_A_C_b38_A" "chr20_10571961_A_G_b38_A"
[5] "chr20_10605064_A_G_b38_A" "chr20_10801743_G_C_b38_G"
6 SNP(s) removed because HWE P < 1e-08 :
[1] "chr17_28439190_A_C_b38_A" "chr17_28439714_T_C_b38_T"
[3] "chr17_28441937_G_A_b38_G" "chr17_28452019_C_T_b38_C"
[5] "chr17_28452207_C_G_b38_C" "chr17_28459762_C_A_b38_C"
430 SNP(s) removed because HWE P < 1e-08 :
  [1] "chr10_26658245_C_T_b38_C" "chr10_26658246_A_G_b38_A"
  [3] "chr10_26658274_C_G_b38_C" "chr10_26658280_A_C_b38_A"
  [5] "chr10_26891348_G_A_b38_G" "chr10_26891357_G_T_b38_G"
  [7] "chr10_26891366_A_G_b38_A" "chr10_26893461_C_T_b38_C"
  [9] "chr10_26894292_G_A_b38_G" "chr10_26898231_A_T_b38_A"
 [11] "chr10_26898545_A_G_b38_A" "chr10_26898947_A_G_b38_A"
 [13] "chr10_26900163_G_C_b38_G" "chr10_26900783_G_A_b38_G"
 [15] "chr10_26901337_T_C_b38_T" "chr10_26902178_A_T_b38_A"
 [17] "chr10_26902375_T_C_b38_T" "chr10_26902539_T_C_b38_T"
 [19] "chr10_26902937_C_T_b38_C" "chr10_26903141_T_G_b38_T"
 [21] "chr10_26903147_G_T_b38_G" "chr10_26903154_G_T_b38_G"
 [23] "chr10_26903178_G_A_b38_G" "chr10_26903192_G_A_b38_G"
 [25] "chr10_26903198_A_T_b38_A" "chr10_26903211_A_C_b38_A"
 [27] "chr10_26903217_T_C_b38_T" "chr10_26903230_T_G_b38_T"
 [29] "chr10_26903231_T_G_b38_T" "chr10_26903391_G_A_b38_G"
 [31] "chr10_26903413_A_T_b38_A" "chr10_26903420_A_G_b38_A"
 [33] "chr10_26903422_A_T_b38_A" "chr10_26903467_T_A_b38_T"
 [35] "chr10_26903509_G_A_b38_G" "chr10_26903575_C_A_b38_C"
 [37] "chr10_26903761_C_G_b38_C" "chr10_26903835_G_A_b38_G"
 [39] "chr10_26903916_C_G_b38_C" "chr10_26904361_A_C_b38_A"
 [41] "chr10_26904892_C_T_b38_C" "chr10_26904987_A_G_b38_A"
 [43] "chr10_26905490_G_T_b38_G" "chr10_26905713_C_T_b38_C"
 [45] "chr10_26905869_A_T_b38_A" "chr10_26907127_C_T_b38_C"
 [47] "chr10_26907170_T_G_b38_T" "chr10_26908107_A_G_b38_A"
 [49] "chr10_26908264_C_T_b38_C" "chr10_26908424_G_A_b38_G"
 [51] "chr10_26909189_C_T_b38_C" "chr10_26909429_G_A_b38_G"
 [53] "chr10_26909498_C_T_b38_C" "chr10_26909700_G_T_b38_G"
 [55] "chr10_26909717_T_G_b38_T" "chr10_26909955_A_T_b38_A"
 [57] "chr10_26910079_G_A_b38_G" "chr10_26910143_A_C_b38_A"
 [59] "chr10_26911305_A_C_b38_A" "chr10_26911952_T_C_b38_T"
 [61] "chr10_26912183_A_T_b38_A" "chr10_26912411_A_G_b38_A"
 [63] "chr10_26912457_T_C_b38_T" "chr10_26912833_C_A_b38_C"
 [65] "chr10_26913446_C_A_b38_C" "chr10_26913472_G_A_b38_G"
 [67] "chr10_26913528_C_T_b38_C" "chr10_26913576_C_A_b38_C"
 [69] "chr10_26913901_G_A_b38_G" "chr10_26914754_C_T_b38_C"
 [71] "chr10_26914776_A_C_b38_A" "chr10_26927604_C_A_b38_C"
 [73] "chr10_26927606_T_C_b38_T" "chr10_26933696_A_T_b38_A"
 [75] "chr10_26933712_G_C_b38_G" "chr10_26933745_C_A_b38_C"
 [77] "chr10_26933755_T_C_b38_T" "chr10_26933756_G_A_b38_G"
 [79] "chr10_26933770_C_T_b38_C" "chr10_26933771_A_G_b38_A"
 [81] "chr10_26933777_C_T_b38_C" "chr10_26933782_C_G_b38_C"
 [83] "chr10_26933788_A_G_b38_A" "chr10_26934338_C_T_b38_C"
 [85] "chr10_26937666_G_A_b38_G" "chr10_26937677_G_T_b38_G"
 [87] "chr10_26937726_T_G_b38_T" "chr10_26937755_T_C_b38_T"
 [89] "chr10_26937782_C_T_b38_C" "chr10_26937807_A_G_b38_A"
 [91] "chr10_26937814_G_A_b38_G" "chr10_26937827_A_T_b38_A"
 [93] "chr10_26937832_A_G_b38_A" "chr10_26937843_C_G_b38_C"
 [95] "chr10_26937858_C_T_b38_C" "chr10_26937875_T_A_b38_T"
 [97] "chr10_26937890_G_A_b38_G" "chr10_26937891_A_T_b38_A"
 [99] "chr10_26937922_T_C_b38_T" "chr10_26937967_T_C_b38_T"
[101] "chr10_26937979_A_G_b38_A" "chr10_26937990_G_C_b38_G"
[103] "chr10_26937998_A_G_b38_A" "chr10_26938014_A_T_b38_A"
[105] "chr10_26938019_C_T_b38_C" "chr10_26938050_T_C_b38_T"
[107] "chr10_26938083_A_G_b38_A" "chr10_26938086_C_A_b38_C"
[109] "chr10_26938091_A_T_b38_A" "chr10_26938100_C_T_b38_C"
[111] "chr10_26938175_G_T_b38_G" "chr10_26938176_G_T_b38_G"
[113] "chr10_26938188_A_G_b38_A" "chr10_26938193_C_G_b38_C"
[115] "chr10_26938208_C_T_b38_C" "chr10_26938221_C_T_b38_C"
[117] "chr10_26938237_C_T_b38_C" "chr10_26938243_T_A_b38_T"
[119] "chr10_26938253_G_T_b38_G" "chr10_26938258_G_T_b38_G"
[121] "chr10_26938266_A_G_b38_A" "chr10_26938297_T_G_b38_T"
[123] "chr10_26938307_A_G_b38_A" "chr10_26938318_T_C_b38_T"
[125] "chr10_26938320_T_C_b38_T" "chr10_26938322_T_C_b38_T"
[127] "chr10_26938331_A_T_b38_A" "chr10_26938341_T_C_b38_T"
[129] "chr10_26938357_A_G_b38_A" "chr10_26938498_T_C_b38_T"
[131] "chr10_26938501_T_A_b38_T" "chr10_26938506_A_C_b38_A"
[133] "chr10_26938523_T_A_b38_T" "chr10_26938529_C_T_b38_C"
[135] "chr10_26938530_A_G_b38_A" "chr10_26938551_T_G_b38_T"
[137] "chr10_26938560_C_A_b38_C" "chr10_26938643_A_T_b38_A"
[139] "chr10_26938650_T_A_b38_T" "chr10_26938658_T_C_b38_T"
[141] "chr10_26938661_T_A_b38_T" "chr10_26938667_G_T_b38_G"
[143] "chr10_26938690_A_G_b38_A" "chr10_26938710_C_A_b38_C"
[145] "chr10_26938715_G_T_b38_G" "chr10_26939510_C_T_b38_C"
[147] "chr10_26941600_A_G_b38_A" "chr10_26944496_C_A_b38_C"
[149] "chr10_26944505_A_C_b38_A" "chr10_26944522_C_G_b38_C"
[151] "chr10_26944526_T_C_b38_T" "chr10_26944527_C_T_b38_C"
[153] "chr10_26944548_C_T_b38_C" "chr10_26944562_A_G_b38_A"
[155] "chr10_26944570_C_T_b38_C" "chr10_26944583_A_G_b38_A"
[157] "chr10_26944589_A_C_b38_A" "chr10_26944590_C_G_b38_C"
[159] "chr10_26944592_C_T_b38_C" "chr10_26944612_C_T_b38_C"
[161] "chr10_26944643_G_T_b38_G" "chr10_26944657_A_G_b38_A"
[163] "chr10_26944670_G_A_b38_G" "chr10_26944671_C_T_b38_C"
[165] "chr10_26944704_C_T_b38_C" "chr10_26944717_T_C_b38_T"
[167] "chr10_26944724_G_T_b38_G" "chr10_26944735_A_C_b38_A"
[169] "chr10_26944744_G_A_b38_G" "chr10_26944745_G_T_b38_G"
[171] "chr10_26944754_C_G_b38_C" "chr10_26944757_T_C_b38_T"
[173] "chr10_26944809_T_A_b38_T" "chr10_26944827_T_C_b38_T"
[175] "chr10_26944852_A_G_b38_A" "chr10_26944855_C_T_b38_C"
[177] "chr10_26944859_T_G_b38_T" "chr10_26944873_C_T_b38_C"
[179] "chr10_26944902_T_A_b38_T" "chr10_26944912_C_A_b38_C"
[181] "chr10_26944914_G_T_b38_G" "chr10_26944919_T_C_b38_T"
[183] "chr10_26944921_C_T_b38_C" "chr10_26944958_T_A_b38_T"
[185] "chr10_26944965_G_C_b38_G" "chr10_26944993_A_G_b38_A"
[187] "chr10_26944995_G_C_b38_G" "chr10_26945001_T_C_b38_T"
[189] "chr10_26945003_C_A_b38_C" "chr10_26945051_A_G_b38_A"
[191] "chr10_26945068_T_C_b38_T" "chr10_26945413_C_T_b38_C"
[193] "chr10_26945414_T_G_b38_T" "chr10_26945416_C_T_b38_C"
[195] "chr10_26945417_A_G_b38_A" "chr10_26945423_A_T_b38_A"
[197] "chr10_26945427_A_T_b38_A" "chr10_26945437_G_A_b38_G"
[199] "chr10_26945444_A_C_b38_A" "chr10_26945448_A_T_b38_A"
[201] "chr10_26945467_G_T_b38_G" "chr10_26945477_A_C_b38_A"
[203] "chr10_26945482_G_C_b38_G" "chr10_26945486_C_G_b38_C"
[205] "chr10_26945501_C_G_b38_C" "chr10_26946377_G_C_b38_G"
[207] "chr10_26946383_T_C_b38_T" "chr10_26946384_G_A_b38_G"
[209] "chr10_26946387_C_T_b38_C" "chr10_26946406_C_A_b38_C"
[211] "chr10_26946416_C_T_b38_C" "chr10_26946433_G_A_b38_G"
[213] "chr10_26946442_G_A_b38_G" "chr10_26946460_T_G_b38_T"
[215] "chr10_26946463_A_T_b38_A" "chr10_26946473_A_G_b38_A"
[217] "chr10_26946478_T_G_b38_T" "chr10_26950515_T_C_b38_T"
[219] "chr10_26950545_A_G_b38_A" "chr10_26950550_T_G_b38_T"
[221] "chr10_26950585_G_A_b38_G" "chr10_26950594_T_C_b38_T"
[223] "chr10_26950596_T_C_b38_T" "chr10_26950624_A_G_b38_A"
[225] "chr10_26950651_T_G_b38_T" "chr10_26950653_T_C_b38_T"
[227] "chr10_26950655_C_G_b38_C" "chr10_26950666_A_G_b38_A"
[229] "chr10_26950699_A_T_b38_A" "chr10_26952102_G_A_b38_G"
[231] "chr10_26952112_A_T_b38_A" "chr10_26952113_A_G_b38_A"
[233] "chr10_26952124_T_C_b38_T" "chr10_26952146_A_C_b38_A"
[235] "chr10_26968789_C_T_b38_C" "chr10_26969711_T_C_b38_T"
[237] "chr10_26970542_T_C_b38_T" "chr10_26970891_G_A_b38_G"
[239] "chr10_26971189_A_G_b38_A" "chr10_27066811_T_A_b38_T"
[241] "chr10_27082025_C_T_b38_C" "chr10_27082026_A_G_b38_A"
[243] "chr10_27082721_T_C_b38_T" "chr10_27086482_T_C_b38_T"
[245] "chr10_27089876_T_C_b38_T" "chr10_27096190_A_C_b38_A"
[247] "chr10_27096192_G_T_b38_G" "chr10_27096220_A_C_b38_A"
[249] "chr10_27096590_C_A_b38_C" "chr10_27104765_A_G_b38_A"
[251] "chr10_27109597_A_G_b38_A" "chr10_27112717_A_T_b38_A"
[253] "chr10_27113954_A_G_b38_A" "chr10_27119716_G_A_b38_G"
[255] "chr10_27121557_C_T_b38_C" "chr10_27122150_C_A_b38_C"
[257] "chr10_27124098_G_A_b38_G" "chr10_27139495_A_G_b38_A"
[259] "chr10_27141388_A_G_b38_A" "chr10_27141789_T_C_b38_T"
[261] "chr10_27147938_T_A_b38_T" "chr10_27149514_A_C_b38_A"
[263] "chr10_27149515_G_C_b38_G" "chr10_27156129_C_G_b38_C"
[265] "chr10_27157264_A_G_b38_A" "chr10_27157440_T_A_b38_T"
[267] "chr10_27157650_T_C_b38_T" "chr10_27157707_C_A_b38_C"
[269] "chr10_27158836_G_A_b38_G" "chr10_27163296_G_T_b38_G"
[271] "chr10_27168423_A_G_b38_A" "chr10_27169331_G_A_b38_G"
[273] "chr10_27174593_G_A_b38_G" "chr10_27175958_G_A_b38_G"
[275] "chr10_27178674_T_C_b38_T" "chr10_27181976_G_A_b38_G"
[277] "chr10_27182112_G_A_b38_G" "chr10_27182125_C_T_b38_C"
[279] "chr10_27182675_C_T_b38_C" "chr10_27183071_C_A_b38_C"
[281] "chr10_27183285_T_C_b38_T" "chr10_27185324_C_A_b38_C"
[283] "chr10_27187218_G_T_b38_G" "chr10_27187685_G_A_b38_G"
[285] "chr10_27188356_G_T_b38_G" "chr10_27188369_A_G_b38_A"
[287] "chr10_27192884_G_A_b38_G" "chr10_27195178_T_C_b38_T"
[289] "chr10_27202884_T_C_b38_T" "chr10_27204275_A_G_b38_A"
[291] "chr10_27206712_C_T_b38_C" "chr10_27218617_G_A_b38_G"
[293] "chr10_27221365_T_G_b38_T" "chr10_27222759_C_T_b38_C"
[295] "chr10_27223185_T_C_b38_T" "chr10_27224133_C_T_b38_C"
[297] "chr10_27225039_A_C_b38_A" "chr10_27225358_T_C_b38_T"
[299] "chr10_27257648_T_A_b38_T" "chr10_27261032_T_C_b38_T"
[301] "chr10_27265525_T_A_b38_T" "chr10_27265762_G_A_b38_G"
[303] "chr10_27272542_A_G_b38_A" "chr10_27275869_A_G_b38_A"
[305] "chr10_27279559_T_A_b38_T" "chr10_27329706_T_C_b38_T"
[307] "chr10_27329757_A_G_b38_A" "chr10_27329767_C_A_b38_C"
[309] "chr10_27330263_C_T_b38_C" "chr10_27330274_A_T_b38_A"
[311] "chr10_27330280_G_A_b38_G" "chr10_27330308_G_A_b38_G"
[313] "chr10_27330314_C_A_b38_C" "chr10_27330331_T_C_b38_T"
[315] "chr10_27330413_C_T_b38_C" "chr10_27330416_T_G_b38_T"
[317] "chr10_27330423_C_G_b38_C" "chr10_27330426_C_T_b38_C"
[319] "chr10_27330427_T_A_b38_T" "chr10_27330454_T_C_b38_T"
[321] "chr10_27330457_A_G_b38_A" "chr10_27330472_C_T_b38_C"
[323] "chr10_27330482_T_A_b38_T" "chr10_27330501_C_T_b38_C"
[325] "chr10_27330526_T_C_b38_T" "chr10_27330540_C_T_b38_C"
[327] "chr10_27330561_G_A_b38_G" "chr10_27330584_G_C_b38_G"
[329] "chr10_27330608_G_T_b38_G" "chr10_27330617_G_A_b38_G"
[331] "chr10_27330621_T_C_b38_T" "chr10_27330664_A_C_b38_A"
[333] "chr10_27330687_G_C_b38_G" "chr10_27330693_G_T_b38_G"
[335] "chr10_27330790_C_A_b38_C" "chr10_27330792_A_G_b38_A"
[337] "chr10_27330796_A_G_b38_A" "chr10_27330798_A_G_b38_A"
[339] "chr10_27330805_C_T_b38_C" "chr10_27330844_T_C_b38_T"
[341] "chr10_27330849_C_T_b38_C" "chr10_27330852_A_G_b38_A"
[343] "chr10_27331175_T_G_b38_T" "chr10_27331182_A_G_b38_A"
[345] "chr10_27331185_A_G_b38_A" "chr10_27331194_G_A_b38_G"
[347] "chr10_27331211_A_G_b38_A" "chr10_27331216_C_T_b38_C"
[349] "chr10_27331219_G_A_b38_G" "chr10_27331222_C_T_b38_C"
[351] "chr10_27331223_C_T_b38_C" "chr10_27331235_A_T_b38_A"
[353] "chr10_27331263_C_G_b38_C" "chr10_27331282_A_G_b38_A"
[355] "chr10_27331298_A_G_b38_A" "chr10_27331307_G_A_b38_G"
[357] "chr10_27331313_A_G_b38_A" "chr10_27331319_A_G_b38_A"
[359] "chr10_27331583_G_T_b38_G" "chr10_27331601_T_C_b38_T"
[361] "chr10_27331629_T_C_b38_T" "chr10_27331997_T_A_b38_T"
[363] "chr10_27332000_G_A_b38_G" "chr10_27332021_G_A_b38_G"
[365] "chr10_27332037_T_C_b38_T" "chr10_27332049_T_C_b38_T"
[367] "chr10_27332308_T_G_b38_T" "chr10_27332312_G_T_b38_G"
[369] "chr10_27332319_T_A_b38_T" "chr10_27332321_G_C_b38_G"
[371] "chr10_27332323_T_C_b38_T" "chr10_27332347_A_G_b38_A"
[373] "chr10_27332360_G_A_b38_G" "chr10_27332375_T_A_b38_T"
[375] "chr10_27332389_A_C_b38_A" "chr10_27332582_A_T_b38_A"
[377] "chr10_27332600_C_T_b38_C" "chr10_27332625_C_T_b38_C"
[379] "chr10_27332628_G_A_b38_G" "chr10_27332631_C_T_b38_C"
[381] "chr10_27332645_G_A_b38_G" "chr10_27332674_A_G_b38_A"
[383] "chr10_27332702_T_C_b38_T" "chr10_27332721_C_T_b38_C"
[385] "chr10_27332727_T_G_b38_T" "chr10_27332746_A_G_b38_A"
[387] "chr10_27332749_A_G_b38_A" "chr10_27332756_A_T_b38_A"
[389] "chr10_27332767_T_C_b38_T" "chr10_27332773_G_A_b38_G"
[391] "chr10_27332784_G_A_b38_G" "chr10_27332790_C_T_b38_C"
[393] "chr10_27332799_C_G_b38_C" "chr10_27332809_C_A_b38_C"
[395] "chr10_27332826_C_G_b38_C" "chr10_27332828_C_T_b38_C"
[397] "chr10_27332859_G_A_b38_G" "chr10_27332926_T_C_b38_T"
[399] "chr10_27332962_A_T_b38_A" "chr10_27332972_C_T_b38_C"
[401] "chr10_27332977_A_G_b38_A" "chr10_27333023_C_A_b38_C"
[403] "chr10_27333031_A_G_b38_A" "chr10_27333040_T_A_b38_T"
[405] "chr10_27333042_G_A_b38_G" "chr10_27333051_A_T_b38_A"
[407] "chr10_27333063_G_C_b38_G" "chr10_27333065_T_C_b38_T"
[409] "chr10_27333066_G_A_b38_G" "chr10_27333078_C_T_b38_C"
[411] "chr10_27333102_T_C_b38_T" "chr10_27333103_C_T_b38_C"
[413] "chr10_27333123_A_G_b38_A" "chr10_27333171_T_C_b38_T"
[415] "chr10_27333198_C_G_b38_C" "chr10_27333356_A_G_b38_A"
[417] "chr10_27333368_C_A_b38_C" "chr10_27333396_G_A_b38_G"
[419] "chr10_27333400_C_T_b38_C" "chr10_27333782_C_T_b38_C"
[421] "chr10_27333783_A_G_b38_A" "chr10_27333809_T_C_b38_T"
[423] "chr10_27333817_A_G_b38_A" "chr10_27333819_C_A_b38_C"
[425] "chr10_27333858_A_G_b38_A" "chr10_27355086_A_G_b38_A"
[427] "chr10_27356570_T_C_b38_T" "chr10_27357898_A_G_b38_A"
[429] "chr10_27364240_G_T_b38_G" "chr10_27366548_C_T_b38_C"
51 SNP(s) removed because HWE P < 1e-08 :
 [1] "chr19_50749708_G_C_b38_G" "chr19_50842031_A_G_b38_A"
 [3] "chr19_50896788_T_C_b38_T" "chr19_50897100_A_G_b38_A"
 [5] "chr19_50897145_C_T_b38_C" "chr19_50948431_C_T_b38_C"
 [7] "chr19_50957933_A_G_b38_A" "chr19_51083323_T_G_b38_T"
 [9] "chr19_51107599_A_G_b38_A" "chr19_51107741_T_G_b38_T"
[11] "chr19_51108006_G_A_b38_G" "chr19_51116302_T_C_b38_T"
[13] "chr19_51120922_T_G_b38_T" "chr19_51121015_T_G_b38_T"
[15] "chr19_51121279_T_C_b38_T" "chr19_51121832_A_C_b38_A"
[17] "chr19_51121942_T_C_b38_T" "chr19_51122379_A_G_b38_A"
[19] "chr19_51122568_A_G_b38_A" "chr19_51122642_G_C_b38_G"
[21] "chr19_51123685_A_G_b38_A" "chr19_51136723_A_G_b38_A"
[23] "chr19_51172375_T_C_b38_T" "chr19_51173311_A_G_b38_A"
[25] "chr19_51173876_T_C_b38_T" "chr19_51184134_C_T_b38_C"
[27] "chr19_51201503_A_G_b38_A" "chr19_51208344_T_C_b38_T"
[29] "chr19_51208365_C_T_b38_C" "chr19_51212754_T_C_b38_T"
[31] "chr19_51235665_T_C_b38_T" "chr19_51251278_A_C_b38_A"
[33] "chr19_51280161_A_G_b38_A" "chr19_51280387_C_T_b38_C"
[35] "chr19_51281207_G_A_b38_G" "chr19_51282770_C_G_b38_C"
[37] "chr19_51283428_T_C_b38_T" "chr19_51284112_C_T_b38_C"
[39] "chr19_51284184_A_C_b38_A" "chr19_51285176_C_A_b38_C"
[41] "chr19_51285861_G_A_b38_G" "chr19_51287738_T_C_b38_T"
[43] "chr19_51290510_A_C_b38_A" "chr19_51291857_T_G_b38_T"
[45] "chr19_51293045_T_C_b38_T" "chr19_51298175_C_T_b38_C"
[47] "chr19_51358092_C_G_b38_C" "chr19_51447917_C_T_b38_C"
[49] "chr19_51447928_A_G_b38_A" "chr19_51448049_T_G_b38_T"
[51] "chr19_51457686_A_G_b38_A"
58 SNP(s) removed because HWE P < 1e-08 :
 [1] "chr3_150207955_T_C_b38_T" "chr3_150234254_T_C_b38_T"
 [3] "chr3_150261804_G_A_b38_G" "chr3_150295641_T_A_b38_T"
 [5] "chr3_150748788_G_A_b38_G" "chr3_150749153_G_C_b38_G"
 [7] "chr3_150750021_G_T_b38_G" "chr3_150751948_G_A_b38_G"
 [9] "chr3_150752071_G_T_b38_G" "chr3_150752209_A_G_b38_A"
[11] "chr3_150753682_C_T_b38_C" "chr3_150754475_G_C_b38_G"
[13] "chr3_150756690_T_C_b38_T" "chr3_150765473_G_A_b38_G"
[15] "chr3_150769903_T_C_b38_T" "chr3_150770082_A_G_b38_A"
[17] "chr3_150770115_G_A_b38_G" "chr3_150770158_G_T_b38_G"
[19] "chr3_150770415_T_A_b38_T" "chr3_150774937_A_G_b38_A"
[21] "chr3_150777164_A_G_b38_A" "chr3_150779749_A_G_b38_A"
[23] "chr3_150779783_G_C_b38_G" "chr3_150781808_A_G_b38_A"
[25] "chr3_150783602_C_G_b38_C" "chr3_150786872_C_G_b38_C"
[27] "chr3_150788564_A_C_b38_A" "chr3_150791817_A_T_b38_A"
[29] "chr3_150792053_C_A_b38_C" "chr3_150792440_G_A_b38_G"
[31] "chr3_150793500_T_G_b38_T" "chr3_150795397_T_C_b38_T"
[33] "chr3_150796077_C_T_b38_C" "chr3_150796078_A_G_b38_A"
[35] "chr3_150796384_A_C_b38_A" "chr3_150796919_G_A_b38_G"
[37] "chr3_150796931_T_C_b38_T" "chr3_150796956_T_C_b38_T"
[39] "chr3_150797566_T_C_b38_T" "chr3_150799124_A_G_b38_A"
[41] "chr3_150800152_T_G_b38_T" "chr3_150800921_A_G_b38_A"
[43] "chr3_150801256_A_G_b38_A" "chr3_150806296_C_T_b38_C"
[45] "chr3_150806849_G_T_b38_G" "chr3_150807349_G_A_b38_G"
[47] "chr3_150809470_A_G_b38_A" "chr3_150811834_C_T_b38_C"
[49] "chr3_150812278_G_A_b38_G" "chr3_150888888_A_G_b38_A"
[51] "chr3_150895143_T_C_b38_T" "chr3_150925205_G_C_b38_G"
[53] "chr3_151015649_T_C_b38_T" "chr3_151017759_G_C_b38_G"
[55] "chr3_151022811_A_G_b38_A" "chr3_151022978_C_G_b38_C"
[57] "chr3_151028418_C_T_b38_C" "chr3_151056995_C_A_b38_C"
20 SNP(s) removed because HWE P < 1e-08 :
 [1] "chr17_35379518_A_C_b38_A" "chr17_35442015_G_A_b38_G"
 [3] "chr17_35996816_T_G_b38_T" "chr17_36082933_C_A_b38_C"
 [5] "chr17_36083801_G_C_b38_G" "chr17_36083900_T_A_b38_T"
 [7] "chr17_36109988_G_T_b38_G" "chr17_36111300_G_A_b38_G"
 [9] "chr17_36112019_G_A_b38_G" "chr17_36114883_G_A_b38_G"
[11] "chr17_36152807_C_A_b38_C" "chr17_36160669_C_T_b38_C"
[13] "chr17_36161464_T_G_b38_T" "chr17_36163152_C_T_b38_C"
[15] "chr17_36163256_C_T_b38_C" "chr17_36164185_C_T_b38_C"
[17] "chr17_36165283_A_G_b38_A" "chr17_36165307_T_G_b38_T"
[19] "chr17_36229227_G_A_b38_G" "chr17_36229290_G_T_b38_G"
22 SNP(s) removed because HWE P < 1e-08 :
 [1] "chr4_8044692_G_T_b38_G" "chr4_8044693_A_C_b38_A" "chr4_8059763_G_A_b38_G"
 [4] "chr4_8100031_G_T_b38_G" "chr4_8100581_C_T_b38_C" "chr4_8306668_C_G_b38_C"
 [7] "chr4_8557849_T_C_b38_T" "chr4_8557938_A_C_b38_A" "chr4_8557958_G_A_b38_G"
[10] "chr4_8557961_C_T_b38_C" "chr4_8585626_A_G_b38_A" "chr4_8603756_G_C_b38_G"
[13] "chr4_8632004_T_A_b38_T" "chr4_8632045_A_G_b38_A" "chr4_8635779_A_G_b38_A"
[16] "chr4_8655103_T_G_b38_T" "chr4_8655200_C_G_b38_C" "chr4_8656155_G_C_b38_G"
[19] "chr4_8659539_G_A_b38_G" "chr4_8661217_T_G_b38_T" "chr4_8674262_C_G_b38_C"
[22] "chr4_8677036_C_A_b38_C"
21 SNP(s) removed because HWE P < 1e-08 :
 [1] "chr11_89623549_C_T_b38_C" "chr11_89623592_A_G_b38_A"
 [3] "chr11_89745592_T_C_b38_T" "chr11_89745606_C_A_b38_C"
 [5] "chr11_89745627_A_T_b38_A" "chr11_89745670_C_A_b38_C"
 [7] "chr11_89745692_C_G_b38_C" "chr11_89745699_C_T_b38_C"
 [9] "chr11_89751780_A_C_b38_A" "chr11_89756289_C_T_b38_C"
[11] "chr11_89775903_A_G_b38_A" "chr11_89777199_T_G_b38_T"
[13] "chr11_89790443_C_T_b38_C" "chr11_89790659_A_C_b38_A"
[15] "chr11_89792814_C_T_b38_C" "chr11_89797665_A_C_b38_A"
[17] "chr11_89805066_T_A_b38_T" "chr11_89875316_C_T_b38_C"
[19] "chr11_89875731_T_G_b38_T" "chr11_89997264_C_T_b38_C"
[21] "chr11_90085472_C_T_b38_C"
20 SNP(s) removed because HWE P < 1e-08 :
 [1] "chr17_35379518_A_C_b38_A" "chr17_35442015_G_A_b38_G"
 [3] "chr17_35996816_T_G_b38_T" "chr17_36082933_C_A_b38_C"
 [5] "chr17_36083801_G_C_b38_G" "chr17_36083900_T_A_b38_T"
 [7] "chr17_36109988_G_T_b38_G" "chr17_36111300_G_A_b38_G"
 [9] "chr17_36112019_G_A_b38_G" "chr17_36114883_G_A_b38_G"
[11] "chr17_36152807_C_A_b38_C" "chr17_36160669_C_T_b38_C"
[13] "chr17_36161464_T_G_b38_T" "chr17_36163152_C_T_b38_C"
[15] "chr17_36163256_C_T_b38_C" "chr17_36164185_C_T_b38_C"
[17] "chr17_36165283_A_G_b38_A" "chr17_36165307_T_G_b38_T"
[19] "chr17_36229227_G_A_b38_G" "chr17_36229290_G_T_b38_G"
43 SNP(s) removed because HWE P < 1e-08 :
 [1] "chr11_107378121_G_T_b38_G" "chr11_107621473_G_T_b38_G"
 [3] "chr11_107656611_T_C_b38_T" "chr11_107656934_C_T_b38_C"
 [5] "chr11_107657414_C_T_b38_C" "chr11_107657629_A_C_b38_A"
 [7] "chr11_107657946_T_C_b38_T" "chr11_107658247_T_C_b38_T"
 [9] "chr11_107659214_G_A_b38_G" "chr11_107659551_A_G_b38_A"
[11] "chr11_107659773_C_A_b38_C" "chr11_107660594_C_T_b38_C"
[13] "chr11_107661191_C_T_b38_C" "chr11_107661200_G_A_b38_G"
[15] "chr11_107662111_A_G_b38_A" "chr11_107662245_G_A_b38_G"
[17] "chr11_107663460_C_T_b38_C" "chr11_107664647_A_G_b38_A"
[19] "chr11_107664671_C_T_b38_C" "chr11_107664898_G_C_b38_G"
[21] "chr11_107665032_G_A_b38_G" "chr11_107667094_G_A_b38_G"
[23] "chr11_107668779_G_T_b38_G" "chr11_107668853_G_A_b38_G"
[25] "chr11_107669067_C_T_b38_C" "chr11_107669192_T_A_b38_T"
[27] "chr11_107670395_G_T_b38_G" "chr11_107671380_G_C_b38_G"
[29] "chr11_107671625_G_C_b38_G" "chr11_107672469_C_A_b38_C"
[31] "chr11_107673497_G_A_b38_G" "chr11_107673834_C_G_b38_C"
[33] "chr11_107673997_T_A_b38_T" "chr11_107674786_C_T_b38_C"
[35] "chr11_107676924_A_G_b38_A" "chr11_107677265_G_A_b38_G"
[37] "chr11_107678100_G_A_b38_G" "chr11_107678524_C_T_b38_C"
[39] "chr11_107815992_C_T_b38_C" "chr11_107825648_T_G_b38_T"
[41] "chr11_107831276_G_A_b38_G" "chr11_107832710_A_G_b38_A"
[43] "chr11_107856124_G_A_b38_G"
6 SNP(s) removed because HWE P < 1e-08 :
[1] "chr13_29549344_C_T_b38_C" "chr13_29949626_G_C_b38_G"
[3] "chr13_30062346_T_C_b38_T" "chr13_30062379_G_C_b38_G"
[5] "chr13_30121793_C_T_b38_C" "chr13_30160356_C_T_b38_C"
101 SNP(s) removed because HWE P < 1e-08 :
  [1] "chr16_1025913_G_A_b38_G" "chr16_1028251_T_C_b38_T"
  [3] "chr16_1029291_T_C_b38_T" "chr16_1036103_G_A_b38_G"
  [5] "chr16_1037935_T_C_b38_T" "chr16_1038455_G_A_b38_G"
  [7] "chr16_1058152_C_A_b38_C" "chr16_1058884_T_C_b38_T"
  [9] "chr16_1059653_C_T_b38_C" "chr16_1061860_T_C_b38_T"
 [11] "chr16_1084267_T_C_b38_T" "chr16_1084292_G_A_b38_G"
 [13] "chr16_1084818_T_G_b38_T" "chr16_1085582_T_A_b38_T"
 [15] "chr16_1085768_C_G_b38_C" "chr16_1085797_C_T_b38_C"
 [17] "chr16_1085912_G_A_b38_G" "chr16_1086677_G_A_b38_G"
 [19] "chr16_1088075_T_C_b38_T" "chr16_1089954_C_G_b38_C"
 [21] "chr16_1090020_G_A_b38_G" "chr16_1090261_C_G_b38_C"
 [23] "chr16_1136299_G_A_b38_G" "chr16_1159925_C_A_b38_C"
 [25] "chr16_1161035_T_C_b38_T" "chr16_1162523_A_T_b38_A"
 [27] "chr16_1162889_A_T_b38_A" "chr16_1163122_T_C_b38_T"
 [29] "chr16_1164180_T_C_b38_T" "chr16_1164262_G_A_b38_G"
 [31] "chr16_1167549_T_C_b38_T" "chr16_1171829_A_C_b38_A"
 [33] "chr16_1173774_T_C_b38_T" "chr16_1176198_T_C_b38_T"
 [35] "chr16_1176866_T_C_b38_T" "chr16_1193194_T_C_b38_T"
 [37] "chr16_1226182_G_A_b38_G" "chr16_1226284_C_T_b38_C"
 [39] "chr16_1227548_G_A_b38_G" "chr16_1227609_A_G_b38_A"
 [41] "chr16_1227615_A_G_b38_A" "chr16_1227625_C_T_b38_C"
 [43] "chr16_1227626_C_G_b38_C" "chr16_1227679_C_T_b38_C"
 [45] "chr16_1227733_G_A_b38_G" "chr16_1227895_G_A_b38_G"
 [47] "chr16_1227950_C_T_b38_C" "chr16_1228744_C_T_b38_C"
 [49] "chr16_1229731_C_A_b38_C" "chr16_1229777_G_C_b38_G"
 [51] "chr16_1229815_G_A_b38_G" "chr16_1231626_T_C_b38_T"
 [53] "chr16_1231634_C_G_b38_C" "chr16_1232973_C_G_b38_C"
 [55] "chr16_1239542_G_C_b38_G" "chr16_1240396_A_T_b38_A"
 [57] "chr16_1241075_C_T_b38_C" "chr16_1241101_C_G_b38_C"
 [59] "chr16_1241113_C_G_b38_C" "chr16_1241159_G_T_b38_G"
 [61] "chr16_1241174_G_A_b38_G" "chr16_1241177_T_C_b38_T"
 [63] "chr16_1241181_C_T_b38_C" "chr16_1241187_C_T_b38_C"
 [65] "chr16_1241307_A_G_b38_A" "chr16_1241317_G_C_b38_G"
 [67] "chr16_1241336_G_A_b38_G" "chr16_1241354_G_C_b38_G"
 [69] "chr16_1241453_G_A_b38_G" "chr16_1253213_T_A_b38_T"
 [71] "chr16_1253257_C_G_b38_C" "chr16_1255579_G_A_b38_G"
 [73] "chr16_1255586_C_T_b38_C" "chr16_1255620_C_T_b38_C"
 [75] "chr16_1255782_C_T_b38_C" "chr16_1255942_T_C_b38_T"
 [77] "chr16_1256125_C_T_b38_C" "chr16_1256345_C_G_b38_C"
 [79] "chr16_1256346_G_C_b38_G" "chr16_1256409_A_G_b38_A"
 [81] "chr16_1256664_A_G_b38_A" "chr16_1256670_G_A_b38_G"
 [83] "chr16_1256680_G_A_b38_G" "chr16_1256684_A_G_b38_A"
 [85] "chr16_1256698_T_C_b38_T" "chr16_1256699_G_A_b38_G"
 [87] "chr16_1256816_G_A_b38_G" "chr16_1256917_C_T_b38_C"
 [89] "chr16_1256920_G_A_b38_G" "chr16_1256926_C_T_b38_C"
 [91] "chr16_1256970_A_G_b38_A" "chr16_1256972_A_G_b38_A"
 [93] "chr16_1256985_C_T_b38_C" "chr16_1279766_T_G_b38_T"
 [95] "chr16_1434347_T_G_b38_T" "chr16_1435242_A_G_b38_A"
 [97] "chr16_1488295_G_A_b38_G" "chr16_1611700_A_G_b38_A"
 [99] "chr16_1658109_G_C_b38_G" "chr16_1703331_T_C_b38_T"
[101] "chr16_1903648_A_G_b38_A"
22 SNP(s) removed because HWE P < 1e-08 :
 [1] "chr4_140276246_C_T_b38_C" "chr4_140276260_A_C_b38_A"
 [3] "chr4_140278121_G_T_b38_G" "chr4_140279671_G_C_b38_G"
 [5] "chr4_140283008_T_G_b38_T" "chr4_140284152_T_C_b38_T"
 [7] "chr4_140285878_C_T_b38_C" "chr4_140286874_A_G_b38_A"
 [9] "chr4_140287003_A_G_b38_A" "chr4_140293068_A_G_b38_A"
[11] "chr4_140294852_T_G_b38_T" "chr4_140295220_T_C_b38_T"
[13] "chr4_140803715_C_T_b38_C" "chr4_140809662_C_T_b38_C"
[15] "chr4_140820592_G_A_b38_G" "chr4_140823711_G_A_b38_G"
[17] "chr4_140828801_C_T_b38_C" "chr4_140833464_G_A_b38_G"
[19] "chr4_140834736_G_T_b38_G" "chr4_140856214_T_G_b38_T"
[21] "chr4_140919489_G_T_b38_G" "chr4_140919592_G_C_b38_G"
21 SNP(s) removed because HWE P < 1e-08 :
 [1] "chr11_89623549_C_T_b38_C" "chr11_89623592_A_G_b38_A"
 [3] "chr11_89745592_T_C_b38_T" "chr11_89745606_C_A_b38_C"
 [5] "chr11_89745627_A_T_b38_A" "chr11_89745670_C_A_b38_C"
 [7] "chr11_89745692_C_G_b38_C" "chr11_89745699_C_T_b38_C"
 [9] "chr11_89751780_A_C_b38_A" "chr11_89756289_C_T_b38_C"
[11] "chr11_89775903_A_G_b38_A" "chr11_89777199_T_G_b38_T"
[13] "chr11_89790443_C_T_b38_C" "chr11_89790659_A_C_b38_A"
[15] "chr11_89792814_C_T_b38_C" "chr11_89797665_A_C_b38_A"
[17] "chr11_89805066_T_A_b38_T" "chr11_89875316_C_T_b38_C"
[19] "chr11_89875731_T_G_b38_T" "chr11_89997264_C_T_b38_C"
[21] "chr11_90085472_C_T_b38_C"
21 SNP(s) removed because HWE P < 1e-08 :
 [1] "chr11_89623549_C_T_b38_C" "chr11_89623592_A_G_b38_A"
 [3] "chr11_89745592_T_C_b38_T" "chr11_89745606_C_A_b38_C"
 [5] "chr11_89745627_A_T_b38_A" "chr11_89745670_C_A_b38_C"
 [7] "chr11_89745692_C_G_b38_C" "chr11_89745699_C_T_b38_C"
 [9] "chr11_89751780_A_C_b38_A" "chr11_89756289_C_T_b38_C"
[11] "chr11_89775903_A_G_b38_A" "chr11_89777199_T_G_b38_T"
[13] "chr11_89790443_C_T_b38_C" "chr11_89790659_A_C_b38_A"
[15] "chr11_89792814_C_T_b38_C" "chr11_89797665_A_C_b38_A"
[17] "chr11_89805066_T_A_b38_T" "chr11_89875316_C_T_b38_C"
[19] "chr11_89875731_T_G_b38_T" "chr11_89997264_C_T_b38_C"
[21] "chr11_90085472_C_T_b38_C"
101 SNP(s) removed because HWE P < 1e-08 :
  [1] "chr16_1025913_G_A_b38_G" "chr16_1028251_T_C_b38_T"
  [3] "chr16_1029291_T_C_b38_T" "chr16_1036103_G_A_b38_G"
  [5] "chr16_1037935_T_C_b38_T" "chr16_1038455_G_A_b38_G"
  [7] "chr16_1058152_C_A_b38_C" "chr16_1058884_T_C_b38_T"
  [9] "chr16_1059653_C_T_b38_C" "chr16_1061860_T_C_b38_T"
 [11] "chr16_1084267_T_C_b38_T" "chr16_1084292_G_A_b38_G"
 [13] "chr16_1084818_T_G_b38_T" "chr16_1085582_T_A_b38_T"
 [15] "chr16_1085768_C_G_b38_C" "chr16_1085797_C_T_b38_C"
 [17] "chr16_1085912_G_A_b38_G" "chr16_1086677_G_A_b38_G"
 [19] "chr16_1088075_T_C_b38_T" "chr16_1089954_C_G_b38_C"
 [21] "chr16_1090020_G_A_b38_G" "chr16_1090261_C_G_b38_C"
 [23] "chr16_1136299_G_A_b38_G" "chr16_1159925_C_A_b38_C"
 [25] "chr16_1161035_T_C_b38_T" "chr16_1162523_A_T_b38_A"
 [27] "chr16_1162889_A_T_b38_A" "chr16_1163122_T_C_b38_T"
 [29] "chr16_1164180_T_C_b38_T" "chr16_1164262_G_A_b38_G"
 [31] "chr16_1167549_T_C_b38_T" "chr16_1171829_A_C_b38_A"
 [33] "chr16_1173774_T_C_b38_T" "chr16_1176198_T_C_b38_T"
 [35] "chr16_1176866_T_C_b38_T" "chr16_1193194_T_C_b38_T"
 [37] "chr16_1226182_G_A_b38_G" "chr16_1226284_C_T_b38_C"
 [39] "chr16_1227548_G_A_b38_G" "chr16_1227609_A_G_b38_A"
 [41] "chr16_1227615_A_G_b38_A" "chr16_1227625_C_T_b38_C"
 [43] "chr16_1227626_C_G_b38_C" "chr16_1227679_C_T_b38_C"
 [45] "chr16_1227733_G_A_b38_G" "chr16_1227895_G_A_b38_G"
 [47] "chr16_1227950_C_T_b38_C" "chr16_1228744_C_T_b38_C"
 [49] "chr16_1229731_C_A_b38_C" "chr16_1229777_G_C_b38_G"
 [51] "chr16_1229815_G_A_b38_G" "chr16_1231626_T_C_b38_T"
 [53] "chr16_1231634_C_G_b38_C" "chr16_1232973_C_G_b38_C"
 [55] "chr16_1239542_G_C_b38_G" "chr16_1240396_A_T_b38_A"
 [57] "chr16_1241075_C_T_b38_C" "chr16_1241101_C_G_b38_C"
 [59] "chr16_1241113_C_G_b38_C" "chr16_1241159_G_T_b38_G"
 [61] "chr16_1241174_G_A_b38_G" "chr16_1241177_T_C_b38_T"
 [63] "chr16_1241181_C_T_b38_C" "chr16_1241187_C_T_b38_C"
 [65] "chr16_1241307_A_G_b38_A" "chr16_1241317_G_C_b38_G"
 [67] "chr16_1241336_G_A_b38_G" "chr16_1241354_G_C_b38_G"
 [69] "chr16_1241453_G_A_b38_G" "chr16_1253213_T_A_b38_T"
 [71] "chr16_1253257_C_G_b38_C" "chr16_1255579_G_A_b38_G"
 [73] "chr16_1255586_C_T_b38_C" "chr16_1255620_C_T_b38_C"
 [75] "chr16_1255782_C_T_b38_C" "chr16_1255942_T_C_b38_T"
 [77] "chr16_1256125_C_T_b38_C" "chr16_1256345_C_G_b38_C"
 [79] "chr16_1256346_G_C_b38_G" "chr16_1256409_A_G_b38_A"
 [81] "chr16_1256664_A_G_b38_A" "chr16_1256670_G_A_b38_G"
 [83] "chr16_1256680_G_A_b38_G" "chr16_1256684_A_G_b38_A"
 [85] "chr16_1256698_T_C_b38_T" "chr16_1256699_G_A_b38_G"
 [87] "chr16_1256816_G_A_b38_G" "chr16_1256917_C_T_b38_C"
 [89] "chr16_1256920_G_A_b38_G" "chr16_1256926_C_T_b38_C"
 [91] "chr16_1256970_A_G_b38_A" "chr16_1256972_A_G_b38_A"
 [93] "chr16_1256985_C_T_b38_C" "chr16_1279766_T_G_b38_T"
 [95] "chr16_1434347_T_G_b38_T" "chr16_1435242_A_G_b38_A"
 [97] "chr16_1488295_G_A_b38_G" "chr16_1611700_A_G_b38_A"
 [99] "chr16_1658109_G_C_b38_G" "chr16_1703331_T_C_b38_T"
[101] "chr16_1903648_A_G_b38_A"
101 SNP(s) removed because HWE P < 1e-08 :
  [1] "chr16_1025913_G_A_b38_G" "chr16_1028251_T_C_b38_T"
  [3] "chr16_1029291_T_C_b38_T" "chr16_1036103_G_A_b38_G"
  [5] "chr16_1037935_T_C_b38_T" "chr16_1038455_G_A_b38_G"
  [7] "chr16_1058152_C_A_b38_C" "chr16_1058884_T_C_b38_T"
  [9] "chr16_1059653_C_T_b38_C" "chr16_1061860_T_C_b38_T"
 [11] "chr16_1084267_T_C_b38_T" "chr16_1084292_G_A_b38_G"
 [13] "chr16_1084818_T_G_b38_T" "chr16_1085582_T_A_b38_T"
 [15] "chr16_1085768_C_G_b38_C" "chr16_1085797_C_T_b38_C"
 [17] "chr16_1085912_G_A_b38_G" "chr16_1086677_G_A_b38_G"
 [19] "chr16_1088075_T_C_b38_T" "chr16_1089954_C_G_b38_C"
 [21] "chr16_1090020_G_A_b38_G" "chr16_1090261_C_G_b38_C"
 [23] "chr16_1136299_G_A_b38_G" "chr16_1159925_C_A_b38_C"
 [25] "chr16_1161035_T_C_b38_T" "chr16_1162523_A_T_b38_A"
 [27] "chr16_1162889_A_T_b38_A" "chr16_1163122_T_C_b38_T"
 [29] "chr16_1164180_T_C_b38_T" "chr16_1164262_G_A_b38_G"
 [31] "chr16_1167549_T_C_b38_T" "chr16_1171829_A_C_b38_A"
 [33] "chr16_1173774_T_C_b38_T" "chr16_1176198_T_C_b38_T"
 [35] "chr16_1176866_T_C_b38_T" "chr16_1193194_T_C_b38_T"
 [37] "chr16_1226182_G_A_b38_G" "chr16_1226284_C_T_b38_C"
 [39] "chr16_1227548_G_A_b38_G" "chr16_1227609_A_G_b38_A"
 [41] "chr16_1227615_A_G_b38_A" "chr16_1227625_C_T_b38_C"
 [43] "chr16_1227626_C_G_b38_C" "chr16_1227679_C_T_b38_C"
 [45] "chr16_1227733_G_A_b38_G" "chr16_1227895_G_A_b38_G"
 [47] "chr16_1227950_C_T_b38_C" "chr16_1228744_C_T_b38_C"
 [49] "chr16_1229731_C_A_b38_C" "chr16_1229777_G_C_b38_G"
 [51] "chr16_1229815_G_A_b38_G" "chr16_1231626_T_C_b38_T"
 [53] "chr16_1231634_C_G_b38_C" "chr16_1232973_C_G_b38_C"
 [55] "chr16_1239542_G_C_b38_G" "chr16_1240396_A_T_b38_A"
 [57] "chr16_1241075_C_T_b38_C" "chr16_1241101_C_G_b38_C"
 [59] "chr16_1241113_C_G_b38_C" "chr16_1241159_G_T_b38_G"
 [61] "chr16_1241174_G_A_b38_G" "chr16_1241177_T_C_b38_T"
 [63] "chr16_1241181_C_T_b38_C" "chr16_1241187_C_T_b38_C"
 [65] "chr16_1241307_A_G_b38_A" "chr16_1241317_G_C_b38_G"
 [67] "chr16_1241336_G_A_b38_G" "chr16_1241354_G_C_b38_G"
 [69] "chr16_1241453_G_A_b38_G" "chr16_1253213_T_A_b38_T"
 [71] "chr16_1253257_C_G_b38_C" "chr16_1255579_G_A_b38_G"
 [73] "chr16_1255586_C_T_b38_C" "chr16_1255620_C_T_b38_C"
 [75] "chr16_1255782_C_T_b38_C" "chr16_1255942_T_C_b38_T"
 [77] "chr16_1256125_C_T_b38_C" "chr16_1256345_C_G_b38_C"
 [79] "chr16_1256346_G_C_b38_G" "chr16_1256409_A_G_b38_A"
 [81] "chr16_1256664_A_G_b38_A" "chr16_1256670_G_A_b38_G"
 [83] "chr16_1256680_G_A_b38_G" "chr16_1256684_A_G_b38_A"
 [85] "chr16_1256698_T_C_b38_T" "chr16_1256699_G_A_b38_G"
 [87] "chr16_1256816_G_A_b38_G" "chr16_1256917_C_T_b38_C"
 [89] "chr16_1256920_G_A_b38_G" "chr16_1256926_C_T_b38_C"
 [91] "chr16_1256970_A_G_b38_A" "chr16_1256972_A_G_b38_A"
 [93] "chr16_1256985_C_T_b38_C" "chr16_1279766_T_G_b38_T"
 [95] "chr16_1434347_T_G_b38_T" "chr16_1435242_A_G_b38_A"
 [97] "chr16_1488295_G_A_b38_G" "chr16_1611700_A_G_b38_A"
 [99] "chr16_1658109_G_C_b38_G" "chr16_1703331_T_C_b38_T"
[101] "chr16_1903648_A_G_b38_A"
22 SNP(s) removed because HWE P < 1e-08 :
 [1] "chr1_162353041_G_C_b38_G" "chr1_162353047_A_C_b38_A"
 [3] "chr1_162477576_G_A_b38_G" "chr1_162481393_G_A_b38_G"
 [5] "chr1_162483630_C_T_b38_C" "chr1_162701799_T_C_b38_T"
 [7] "chr1_162704548_G_A_b38_G" "chr1_162705250_T_C_b38_T"
 [9] "chr1_162706401_C_T_b38_C" "chr1_162710700_T_C_b38_T"
[11] "chr1_162714569_T_C_b38_T" "chr1_162722878_C_G_b38_C"
[13] "chr1_162733892_A_G_b38_A" "chr1_162742199_A_T_b38_A"
[15] "chr1_162742900_G_A_b38_G" "chr1_162743999_G_A_b38_G"
[17] "chr1_162744207_T_C_b38_T" "chr1_162752426_G_A_b38_G"
[19] "chr1_162763446_G_A_b38_G" "chr1_162798738_C_G_b38_C"
[21] "chr1_162803606_G_A_b38_G" "chr1_162909861_T_C_b38_T"
32 SNP(s) removed because HWE P < 1e-08 :
 [1] "chr7_130765030_A_T_b38_A" "chr7_130765031_C_T_b38_C"
 [3] "chr7_130765034_T_C_b38_T" "chr7_130765070_G_A_b38_G"
 [5] "chr7_130765083_C_T_b38_C" "chr7_130765094_C_T_b38_C"
 [7] "chr7_130765265_A_G_b38_A" "chr7_130766281_G_T_b38_G"
 [9] "chr7_130766284_G_A_b38_G" "chr7_131013926_C_A_b38_C"
[11] "chr7_131016258_T_C_b38_T" "chr7_131016292_C_T_b38_C"
[13] "chr7_131016329_C_A_b38_C" "chr7_131018487_A_G_b38_A"
[15] "chr7_131019300_G_A_b38_G" "chr7_131020224_A_G_b38_A"
[17] "chr7_131021062_G_A_b38_G" "chr7_131024905_C_T_b38_C"
[19] "chr7_131025419_A_G_b38_A" "chr7_131025998_G_C_b38_G"
[21] "chr7_131028942_C_A_b38_C" "chr7_131030999_C_T_b38_C"
[23] "chr7_131031152_A_G_b38_A" "chr7_131032715_A_T_b38_A"
[25] "chr7_131032964_C_T_b38_C" "chr7_131033269_T_C_b38_T"
[27] "chr7_131033345_T_C_b38_T" "chr7_131033655_A_C_b38_A"
[29] "chr7_131035476_A_G_b38_A" "chr7_131038890_G_C_b38_G"
[31] "chr7_131041207_C_G_b38_C" "chr7_131106650_A_C_b38_A"
6 SNP(s) removed because HWE P < 1e-08 :
[1] "chr13_29549344_C_T_b38_C" "chr13_29949626_G_C_b38_G"
[3] "chr13_30062346_T_C_b38_T" "chr13_30062379_G_C_b38_G"
[5] "chr13_30121793_C_T_b38_C" "chr13_30160356_C_T_b38_C"
32 SNP(s) removed because HWE P < 1e-08 :
 [1] "chr7_130765030_A_T_b38_A" "chr7_130765031_C_T_b38_C"
 [3] "chr7_130765034_T_C_b38_T" "chr7_130765070_G_A_b38_G"
 [5] "chr7_130765083_C_T_b38_C" "chr7_130765094_C_T_b38_C"
 [7] "chr7_130765265_A_G_b38_A" "chr7_130766281_G_T_b38_G"
 [9] "chr7_130766284_G_A_b38_G" "chr7_131013926_C_A_b38_C"
[11] "chr7_131016258_T_C_b38_T" "chr7_131016292_C_T_b38_C"
[13] "chr7_131016329_C_A_b38_C" "chr7_131018487_A_G_b38_A"
[15] "chr7_131019300_G_A_b38_G" "chr7_131020224_A_G_b38_A"
[17] "chr7_131021062_G_A_b38_G" "chr7_131024905_C_T_b38_C"
[19] "chr7_131025419_A_G_b38_A" "chr7_131025998_G_C_b38_G"
[21] "chr7_131028942_C_A_b38_C" "chr7_131030999_C_T_b38_C"
[23] "chr7_131031152_A_G_b38_A" "chr7_131032715_A_T_b38_A"
[25] "chr7_131032964_C_T_b38_C" "chr7_131033269_T_C_b38_T"
[27] "chr7_131033345_T_C_b38_T" "chr7_131033655_A_C_b38_A"
[29] "chr7_131035476_A_G_b38_A" "chr7_131038890_G_C_b38_G"
[31] "chr7_131041207_C_G_b38_C" "chr7_131106650_A_C_b38_A"
39 SNP(s) removed because HWE P < 1e-08 :
 [1] "chr22_49765666_G_C_b38_G" "chr22_49770965_G_C_b38_G"
 [3] "chr22_49837507_C_G_b38_C" "chr22_49846939_C_A_b38_C"
 [5] "chr22_49848251_T_C_b38_T" "chr22_49872508_G_A_b38_G"
 [7] "chr22_49880142_T_C_b38_T" "chr22_49880243_G_T_b38_G"
 [9] "chr22_49883047_G_C_b38_G" "chr22_49894697_A_G_b38_A"
[11] "chr22_49906790_T_C_b38_T" "chr22_49921580_T_C_b38_T"
[13] "chr22_49921715_C_A_b38_C" "chr22_49973759_T_C_b38_T"
[15] "chr22_50013858_A_C_b38_A" "chr22_50357867_G_A_b38_G"
[17] "chr22_50371703_G_C_b38_G" "chr22_50418711_G_A_b38_G"
[19] "chr22_50424402_A_C_b38_A" "chr22_50424421_C_A_b38_C"
[21] "chr22_50424423_C_T_b38_C" "chr22_50495487_G_A_b38_G"
[23] "chr22_50495498_T_C_b38_T" "chr22_50495499_G_A_b38_G"
[25] "chr22_50508159_C_G_b38_C" "chr22_50509182_A_G_b38_A"
[27] "chr22_50509488_T_C_b38_T" "chr22_50509962_A_G_b38_A"
[29] "chr22_50510817_C_T_b38_C" "chr22_50510967_T_C_b38_T"
[31] "chr22_50511806_T_C_b38_T" "chr22_50512014_T_C_b38_T"
[33] "chr22_50512298_G_A_b38_G" "chr22_50512549_T_G_b38_T"
[35] "chr22_50513313_G_C_b38_G" "chr22_50513793_G_A_b38_G"
[37] "chr22_50542614_C_T_b38_C" "chr22_50542624_A_T_b38_A"
[39] "chr22_50712000_C_T_b38_C"
51 SNP(s) removed because HWE P < 1e-08 :
 [1] "chr19_50749708_G_C_b38_G" "chr19_50842031_A_G_b38_A"
 [3] "chr19_50896788_T_C_b38_T" "chr19_50897100_A_G_b38_A"
 [5] "chr19_50897145_C_T_b38_C" "chr19_50948431_C_T_b38_C"
 [7] "chr19_50957933_A_G_b38_A" "chr19_51083323_T_G_b38_T"
 [9] "chr19_51107599_A_G_b38_A" "chr19_51107741_T_G_b38_T"
[11] "chr19_51108006_G_A_b38_G" "chr19_51116302_T_C_b38_T"
[13] "chr19_51120922_T_G_b38_T" "chr19_51121015_T_G_b38_T"
[15] "chr19_51121279_T_C_b38_T" "chr19_51121832_A_C_b38_A"
[17] "chr19_51121942_T_C_b38_T" "chr19_51122379_A_G_b38_A"
[19] "chr19_51122568_A_G_b38_A" "chr19_51122642_G_C_b38_G"
[21] "chr19_51123685_A_G_b38_A" "chr19_51136723_A_G_b38_A"
[23] "chr19_51172375_T_C_b38_T" "chr19_51173311_A_G_b38_A"
[25] "chr19_51173876_T_C_b38_T" "chr19_51184134_C_T_b38_C"
[27] "chr19_51201503_A_G_b38_A" "chr19_51208344_T_C_b38_T"
[29] "chr19_51208365_C_T_b38_C" "chr19_51212754_T_C_b38_T"
[31] "chr19_51235665_T_C_b38_T" "chr19_51251278_A_C_b38_A"
[33] "chr19_51280161_A_G_b38_A" "chr19_51280387_C_T_b38_C"
[35] "chr19_51281207_G_A_b38_G" "chr19_51282770_C_G_b38_C"
[37] "chr19_51283428_T_C_b38_T" "chr19_51284112_C_T_b38_C"
[39] "chr19_51284184_A_C_b38_A" "chr19_51285176_C_A_b38_C"
[41] "chr19_51285861_G_A_b38_G" "chr19_51287738_T_C_b38_T"
[43] "chr19_51290510_A_C_b38_A" "chr19_51291857_T_G_b38_T"
[45] "chr19_51293045_T_C_b38_T" "chr19_51298175_C_T_b38_C"
[47] "chr19_51358092_C_G_b38_C" "chr19_51447917_C_T_b38_C"
[49] "chr19_51447928_A_G_b38_A" "chr19_51448049_T_G_b38_T"
[51] "chr19_51457686_A_G_b38_A"
37 SNP(s) removed because HWE P < 1e-08 :
 [1] "chr16_24109784_G_A_b38_G" "chr16_24227690_G_C_b38_G"
 [3] "chr16_24233628_G_C_b38_G" "chr16_24496566_C_T_b38_C"
 [5] "chr16_24496764_C_A_b38_C" "chr16_24499309_C_T_b38_C"
 [7] "chr16_24870481_A_C_b38_A" "chr16_24873006_G_A_b38_G"
 [9] "chr16_24884357_A_G_b38_A" "chr16_24917601_A_G_b38_A"
[11] "chr16_24917765_G_A_b38_G" "chr16_24917986_T_C_b38_T"
[13] "chr16_24919227_T_C_b38_T" "chr16_24920477_C_T_b38_C"
[15] "chr16_24920573_A_G_b38_A" "chr16_24921599_T_C_b38_T"
[17] "chr16_24923143_G_T_b38_G" "chr16_24924245_T_C_b38_T"
[19] "chr16_24924716_A_T_b38_A" "chr16_24925306_A_G_b38_A"
[21] "chr16_24927264_T_C_b38_T" "chr16_24932825_T_C_b38_T"
[23] "chr16_24940578_A_G_b38_A" "chr16_24943087_G_A_b38_G"
[25] "chr16_24943465_A_G_b38_A" "chr16_24945135_A_G_b38_A"
[27] "chr16_24945229_T_G_b38_T" "chr16_24945237_A_C_b38_A"
[29] "chr16_24947347_A_C_b38_A" "chr16_24947664_G_A_b38_G"
[31] "chr16_24948730_C_G_b38_C" "chr16_24950568_T_C_b38_T"
[33] "chr16_24952718_T_C_b38_T" "chr16_24953197_T_C_b38_T"
[35] "chr16_24953395_G_T_b38_G" "chr16_24953714_C_T_b38_C"
[37] "chr16_24955202_T_C_b38_T"
51 SNP(s) removed because HWE P < 1e-08 :
 [1] "chr19_50749708_G_C_b38_G" "chr19_50842031_A_G_b38_A"
 [3] "chr19_50896788_T_C_b38_T" "chr19_50897100_A_G_b38_A"
 [5] "chr19_50897145_C_T_b38_C" "chr19_50948431_C_T_b38_C"
 [7] "chr19_50957933_A_G_b38_A" "chr19_51083323_T_G_b38_T"
 [9] "chr19_51107599_A_G_b38_A" "chr19_51107741_T_G_b38_T"
[11] "chr19_51108006_G_A_b38_G" "chr19_51116302_T_C_b38_T"
[13] "chr19_51120922_T_G_b38_T" "chr19_51121015_T_G_b38_T"
[15] "chr19_51121279_T_C_b38_T" "chr19_51121832_A_C_b38_A"
[17] "chr19_51121942_T_C_b38_T" "chr19_51122379_A_G_b38_A"
[19] "chr19_51122568_A_G_b38_A" "chr19_51122642_G_C_b38_G"
[21] "chr19_51123685_A_G_b38_A" "chr19_51136723_A_G_b38_A"
[23] "chr19_51172375_T_C_b38_T" "chr19_51173311_A_G_b38_A"
[25] "chr19_51173876_T_C_b38_T" "chr19_51184134_C_T_b38_C"
[27] "chr19_51201503_A_G_b38_A" "chr19_51208344_T_C_b38_T"
[29] "chr19_51208365_C_T_b38_C" "chr19_51212754_T_C_b38_T"
[31] "chr19_51235665_T_C_b38_T" "chr19_51251278_A_C_b38_A"
[33] "chr19_51280161_A_G_b38_A" "chr19_51280387_C_T_b38_C"
[35] "chr19_51281207_G_A_b38_G" "chr19_51282770_C_G_b38_C"
[37] "chr19_51283428_T_C_b38_T" "chr19_51284112_C_T_b38_C"
[39] "chr19_51284184_A_C_b38_A" "chr19_51285176_C_A_b38_C"
[41] "chr19_51285861_G_A_b38_G" "chr19_51287738_T_C_b38_T"
[43] "chr19_51290510_A_C_b38_A" "chr19_51291857_T_G_b38_T"
[45] "chr19_51293045_T_C_b38_T" "chr19_51298175_C_T_b38_C"
[47] "chr19_51358092_C_G_b38_C" "chr19_51447917_C_T_b38_C"
[49] "chr19_51447928_A_G_b38_A" "chr19_51448049_T_G_b38_T"
[51] "chr19_51457686_A_G_b38_A"
74 SNP(s) removed because HWE P < 1e-08 :
 [1] "chr21_31920396_G_A_b38_G" "chr21_31935565_G_C_b38_G"
 [3] "chr21_31935580_T_G_b38_T" "chr21_32134286_A_T_b38_A"
 [5] "chr21_32238948_G_A_b38_G" "chr21_32250914_C_T_b38_C"
 [7] "chr21_32311415_A_C_b38_A" "chr21_32410343_C_T_b38_C"
 [9] "chr21_32432979_G_A_b38_G" "chr21_32432987_A_C_b38_A"
[11] "chr21_32432995_G_A_b38_G" "chr21_32433065_T_A_b38_T"
[13] "chr21_32433084_C_T_b38_C" "chr21_32433553_G_A_b38_G"
[15] "chr21_32433554_C_G_b38_C" "chr21_32433562_T_C_b38_T"
[17] "chr21_32433629_A_G_b38_A" "chr21_32433656_G_A_b38_G"
[19] "chr21_32433663_A_T_b38_A" "chr21_32434706_A_G_b38_A"
[21] "chr21_32434713_T_C_b38_T" "chr21_32434721_A_C_b38_A"
[23] "chr21_32434746_A_C_b38_A" "chr21_32434842_G_A_b38_G"
[25] "chr21_32434867_C_T_b38_C" "chr21_32434878_G_A_b38_G"
[27] "chr21_32434919_T_G_b38_T" "chr21_32434927_C_T_b38_C"
[29] "chr21_32434967_T_G_b38_T" "chr21_32434971_T_C_b38_T"
[31] "chr21_32434992_T_C_b38_T" "chr21_32435003_T_G_b38_T"
[33] "chr21_32435004_T_C_b38_T" "chr21_32435117_A_G_b38_A"
[35] "chr21_32435125_T_C_b38_T" "chr21_32435126_G_C_b38_G"
[37] "chr21_32435133_C_A_b38_C" "chr21_32435360_C_T_b38_C"
[39] "chr21_32435400_A_G_b38_A" "chr21_32435408_T_C_b38_T"
[41] "chr21_32435414_A_G_b38_A" "chr21_32435436_C_T_b38_C"
[43] "chr21_32435462_C_T_b38_C" "chr21_32435661_G_C_b38_G"
[45] "chr21_32435666_T_G_b38_T" "chr21_32435667_A_G_b38_A"
[47] "chr21_32435716_C_T_b38_C" "chr21_32435721_G_A_b38_G"
[49] "chr21_32435728_T_C_b38_T" "chr21_32435763_C_T_b38_C"
[51] "chr21_32435766_A_C_b38_A" "chr21_32435898_C_T_b38_C"
[53] "chr21_32435949_T_A_b38_T" "chr21_32435990_T_A_b38_T"
[55] "chr21_32436019_G_A_b38_G" "chr21_32436447_T_A_b38_T"
[57] "chr21_32436465_A_C_b38_A" "chr21_32436477_T_A_b38_T"
[59] "chr21_32436484_T_C_b38_T" "chr21_32436539_G_A_b38_G"
[61] "chr21_32436627_G_A_b38_G" "chr21_32436628_G_A_b38_G"
[63] "chr21_32436637_A_G_b38_A" "chr21_32436702_C_T_b38_C"
[65] "chr21_32436736_G_A_b38_G" "chr21_32436746_A_G_b38_A"
[67] "chr21_32437187_G_C_b38_G" "chr21_32437224_A_G_b38_A"
[69] "chr21_32437249_C_A_b38_C" "chr21_32437250_G_A_b38_G"
[71] "chr21_32437258_C_G_b38_C" "chr21_32621877_A_T_b38_A"
[73] "chr21_32660622_A_G_b38_A" "chr21_32660624_C_T_b38_C"
51 SNP(s) removed because HWE P < 1e-08 :
 [1] "chr19_50749708_G_C_b38_G" "chr19_50842031_A_G_b38_A"
 [3] "chr19_50896788_T_C_b38_T" "chr19_50897100_A_G_b38_A"
 [5] "chr19_50897145_C_T_b38_C" "chr19_50948431_C_T_b38_C"
 [7] "chr19_50957933_A_G_b38_A" "chr19_51083323_T_G_b38_T"
 [9] "chr19_51107599_A_G_b38_A" "chr19_51107741_T_G_b38_T"
[11] "chr19_51108006_G_A_b38_G" "chr19_51116302_T_C_b38_T"
[13] "chr19_51120922_T_G_b38_T" "chr19_51121015_T_G_b38_T"
[15] "chr19_51121279_T_C_b38_T" "chr19_51121832_A_C_b38_A"
[17] "chr19_51121942_T_C_b38_T" "chr19_51122379_A_G_b38_A"
[19] "chr19_51122568_A_G_b38_A" "chr19_51122642_G_C_b38_G"
[21] "chr19_51123685_A_G_b38_A" "chr19_51136723_A_G_b38_A"
[23] "chr19_51172375_T_C_b38_T" "chr19_51173311_A_G_b38_A"
[25] "chr19_51173876_T_C_b38_T" "chr19_51184134_C_T_b38_C"
[27] "chr19_51201503_A_G_b38_A" "chr19_51208344_T_C_b38_T"
[29] "chr19_51208365_C_T_b38_C" "chr19_51212754_T_C_b38_T"
[31] "chr19_51235665_T_C_b38_T" "chr19_51251278_A_C_b38_A"
[33] "chr19_51280161_A_G_b38_A" "chr19_51280387_C_T_b38_C"
[35] "chr19_51281207_G_A_b38_G" "chr19_51282770_C_G_b38_C"
[37] "chr19_51283428_T_C_b38_T" "chr19_51284112_C_T_b38_C"
[39] "chr19_51284184_A_C_b38_A" "chr19_51285176_C_A_b38_C"
[41] "chr19_51285861_G_A_b38_G" "chr19_51287738_T_C_b38_T"
[43] "chr19_51290510_A_C_b38_A" "chr19_51291857_T_G_b38_T"
[45] "chr19_51293045_T_C_b38_T" "chr19_51298175_C_T_b38_C"
[47] "chr19_51358092_C_G_b38_C" "chr19_51447917_C_T_b38_C"
[49] "chr19_51447928_A_G_b38_A" "chr19_51448049_T_G_b38_T"
[51] "chr19_51457686_A_G_b38_A"
22 SNP(s) removed because HWE P < 1e-08 :
 [1] "chr1_162353041_G_C_b38_G" "chr1_162353047_A_C_b38_A"
 [3] "chr1_162477576_G_A_b38_G" "chr1_162481393_G_A_b38_G"
 [5] "chr1_162483630_C_T_b38_C" "chr1_162701799_T_C_b38_T"
 [7] "chr1_162704548_G_A_b38_G" "chr1_162705250_T_C_b38_T"
 [9] "chr1_162706401_C_T_b38_C" "chr1_162710700_T_C_b38_T"
[11] "chr1_162714569_T_C_b38_T" "chr1_162722878_C_G_b38_C"
[13] "chr1_162733892_A_G_b38_A" "chr1_162742199_A_T_b38_A"
[15] "chr1_162742900_G_A_b38_G" "chr1_162743999_G_A_b38_G"
[17] "chr1_162744207_T_C_b38_T" "chr1_162752426_G_A_b38_G"
[19] "chr1_162763446_G_A_b38_G" "chr1_162798738_C_G_b38_C"
[21] "chr1_162803606_G_A_b38_G" "chr1_162909861_T_C_b38_T"
37 SNP(s) removed because HWE P < 1e-08 :
 [1] "chr16_24109784_G_A_b38_G" "chr16_24227690_G_C_b38_G"
 [3] "chr16_24233628_G_C_b38_G" "chr16_24496566_C_T_b38_C"
 [5] "chr16_24496764_C_A_b38_C" "chr16_24499309_C_T_b38_C"
 [7] "chr16_24870481_A_C_b38_A" "chr16_24873006_G_A_b38_G"
 [9] "chr16_24884357_A_G_b38_A" "chr16_24917601_A_G_b38_A"
[11] "chr16_24917765_G_A_b38_G" "chr16_24917986_T_C_b38_T"
[13] "chr16_24919227_T_C_b38_T" "chr16_24920477_C_T_b38_C"
[15] "chr16_24920573_A_G_b38_A" "chr16_24921599_T_C_b38_T"
[17] "chr16_24923143_G_T_b38_G" "chr16_24924245_T_C_b38_T"
[19] "chr16_24924716_A_T_b38_A" "chr16_24925306_A_G_b38_A"
[21] "chr16_24927264_T_C_b38_T" "chr16_24932825_T_C_b38_T"
[23] "chr16_24940578_A_G_b38_A" "chr16_24943087_G_A_b38_G"
[25] "chr16_24943465_A_G_b38_A" "chr16_24945135_A_G_b38_A"
[27] "chr16_24945229_T_G_b38_T" "chr16_24945237_A_C_b38_A"
[29] "chr16_24947347_A_C_b38_A" "chr16_24947664_G_A_b38_G"
[31] "chr16_24948730_C_G_b38_C" "chr16_24950568_T_C_b38_T"
[33] "chr16_24952718_T_C_b38_T" "chr16_24953197_T_C_b38_T"
[35] "chr16_24953395_G_T_b38_G" "chr16_24953714_C_T_b38_C"
[37] "chr16_24955202_T_C_b38_T"
74 SNP(s) removed because HWE P < 1e-08 :
 [1] "chr21_31920396_G_A_b38_G" "chr21_31935565_G_C_b38_G"
 [3] "chr21_31935580_T_G_b38_T" "chr21_32134286_A_T_b38_A"
 [5] "chr21_32238948_G_A_b38_G" "chr21_32250914_C_T_b38_C"
 [7] "chr21_32311415_A_C_b38_A" "chr21_32410343_C_T_b38_C"
 [9] "chr21_32432979_G_A_b38_G" "chr21_32432987_A_C_b38_A"
[11] "chr21_32432995_G_A_b38_G" "chr21_32433065_T_A_b38_T"
[13] "chr21_32433084_C_T_b38_C" "chr21_32433553_G_A_b38_G"
[15] "chr21_32433554_C_G_b38_C" "chr21_32433562_T_C_b38_T"
[17] "chr21_32433629_A_G_b38_A" "chr21_32433656_G_A_b38_G"
[19] "chr21_32433663_A_T_b38_A" "chr21_32434706_A_G_b38_A"
[21] "chr21_32434713_T_C_b38_T" "chr21_32434721_A_C_b38_A"
[23] "chr21_32434746_A_C_b38_A" "chr21_32434842_G_A_b38_G"
[25] "chr21_32434867_C_T_b38_C" "chr21_32434878_G_A_b38_G"
[27] "chr21_32434919_T_G_b38_T" "chr21_32434927_C_T_b38_C"
[29] "chr21_32434967_T_G_b38_T" "chr21_32434971_T_C_b38_T"
[31] "chr21_32434992_T_C_b38_T" "chr21_32435003_T_G_b38_T"
[33] "chr21_32435004_T_C_b38_T" "chr21_32435117_A_G_b38_A"
[35] "chr21_32435125_T_C_b38_T" "chr21_32435126_G_C_b38_G"
[37] "chr21_32435133_C_A_b38_C" "chr21_32435360_C_T_b38_C"
[39] "chr21_32435400_A_G_b38_A" "chr21_32435408_T_C_b38_T"
[41] "chr21_32435414_A_G_b38_A" "chr21_32435436_C_T_b38_C"
[43] "chr21_32435462_C_T_b38_C" "chr21_32435661_G_C_b38_G"
[45] "chr21_32435666_T_G_b38_T" "chr21_32435667_A_G_b38_A"
[47] "chr21_32435716_C_T_b38_C" "chr21_32435721_G_A_b38_G"
[49] "chr21_32435728_T_C_b38_T" "chr21_32435763_C_T_b38_C"
[51] "chr21_32435766_A_C_b38_A" "chr21_32435898_C_T_b38_C"
[53] "chr21_32435949_T_A_b38_T" "chr21_32435990_T_A_b38_T"
[55] "chr21_32436019_G_A_b38_G" "chr21_32436447_T_A_b38_T"
[57] "chr21_32436465_A_C_b38_A" "chr21_32436477_T_A_b38_T"
[59] "chr21_32436484_T_C_b38_T" "chr21_32436539_G_A_b38_G"
[61] "chr21_32436627_G_A_b38_G" "chr21_32436628_G_A_b38_G"
[63] "chr21_32436637_A_G_b38_A" "chr21_32436702_C_T_b38_C"
[65] "chr21_32436736_G_A_b38_G" "chr21_32436746_A_G_b38_A"
[67] "chr21_32437187_G_C_b38_G" "chr21_32437224_A_G_b38_A"
[69] "chr21_32437249_C_A_b38_C" "chr21_32437250_G_A_b38_G"
[71] "chr21_32437258_C_G_b38_C" "chr21_32621877_A_T_b38_A"
[73] "chr21_32660622_A_G_b38_A" "chr21_32660624_C_T_b38_C"
46 SNP(s) removed because HWE P < 1e-08 :
 [1] "chr6_42702583_A_G_b38_A" "chr6_42702586_A_G_b38_A"
 [3] "chr6_42702587_C_G_b38_C" "chr6_42702589_T_C_b38_T"
 [5] "chr6_42702591_T_C_b38_T" "chr6_42871539_C_T_b38_C"
 [7] "chr6_42873949_A_G_b38_A" "chr6_42877953_G_A_b38_G"
 [9] "chr6_42879280_T_C_b38_T" "chr6_42880214_G_A_b38_G"
[11] "chr6_42880333_A_G_b38_A" "chr6_42919841_T_G_b38_T"
[13] "chr6_42919849_C_G_b38_C" "chr6_42919852_C_T_b38_C"
[15] "chr6_42919853_A_G_b38_A" "chr6_42919855_G_C_b38_G"
[17] "chr6_42987786_C_T_b38_C" "chr6_43051928_C_T_b38_C"
[19] "chr6_43054205_C_T_b38_C" "chr6_43054787_C_T_b38_C"
[21] "chr6_43054876_A_G_b38_A" "chr6_43055358_C_T_b38_C"
[23] "chr6_43055633_T_C_b38_T" "chr6_43056727_C_T_b38_C"
[25] "chr6_43059076_A_G_b38_A" "chr6_43067576_C_T_b38_C"
[27] "chr6_43425544_G_A_b38_G" "chr6_43509029_G_C_b38_G"
[29] "chr6_43511329_T_G_b38_T" "chr6_43512569_A_G_b38_A"
[31] "chr6_43515027_T_C_b38_T" "chr6_43529326_G_A_b38_G"
[33] "chr6_43530935_G_A_b38_G" "chr6_43534096_T_C_b38_T"
[35] "chr6_43538063_T_C_b38_T" "chr6_43539579_G_C_b38_G"
[37] "chr6_43543627_A_T_b38_A" "chr6_43543837_T_C_b38_T"
[39] "chr6_43546070_T_C_b38_T" "chr6_43548020_T_C_b38_T"
[41] "chr6_43555393_A_G_b38_A" "chr6_43560452_C_T_b38_C"
[43] "chr6_43561605_T_C_b38_T" "chr6_43564210_G_C_b38_G"
[45] "chr6_43564680_A_G_b38_A" "chr6_43567618_T_C_b38_T"
69 SNP(s) removed because HWE P < 1e-08 :
 [1] "chr8_81253423_T_C_b38_T" "chr8_81281143_C_T_b38_C"
 [3] "chr8_81289273_A_T_b38_A" "chr8_81297255_A_G_b38_A"
 [5] "chr8_81299436_C_T_b38_C" "chr8_81300344_T_C_b38_T"
 [7] "chr8_81325559_T_C_b38_T" "chr8_81327049_C_G_b38_C"
 [9] "chr8_81327156_T_G_b38_T" "chr8_81327252_A_G_b38_A"
[11] "chr8_81327333_T_C_b38_T" "chr8_81327394_A_G_b38_A"
[13] "chr8_81328362_A_G_b38_A" "chr8_81328531_C_A_b38_C"
[15] "chr8_81329064_T_A_b38_T" "chr8_81329094_T_G_b38_T"
[17] "chr8_81329957_C_T_b38_C" "chr8_81330786_A_G_b38_A"
[19] "chr8_81330873_T_C_b38_T" "chr8_81331043_A_C_b38_A"
[21] "chr8_81331131_T_C_b38_T" "chr8_81331608_C_T_b38_C"
[23] "chr8_81331614_C_T_b38_C" "chr8_81331709_T_G_b38_T"
[25] "chr8_81331864_A_G_b38_A" "chr8_81331877_C_T_b38_C"
[27] "chr8_81332098_G_A_b38_G" "chr8_81332283_A_G_b38_A"
[29] "chr8_81332524_C_T_b38_C" "chr8_81332904_A_T_b38_A"
[31] "chr8_81332906_C_T_b38_C" "chr8_81333125_G_A_b38_G"
[33] "chr8_81333194_G_T_b38_G" "chr8_81333216_T_C_b38_T"
[35] "chr8_81333791_C_T_b38_C" "chr8_81334313_T_C_b38_T"
[37] "chr8_81335686_A_G_b38_A" "chr8_81336303_C_T_b38_C"
[39] "chr8_81464464_C_T_b38_C" "chr8_81468508_A_T_b38_A"
[41] "chr8_81468888_A_G_b38_A" "chr8_81469332_T_C_b38_T"
[43] "chr8_81469415_G_A_b38_G" "chr8_81470506_G_A_b38_G"
[45] "chr8_81470621_C_T_b38_C" "chr8_81471159_T_G_b38_T"
[47] "chr8_81514819_A_C_b38_A" "chr8_81515555_C_T_b38_C"
[49] "chr8_81518769_T_C_b38_T" "chr8_81527961_G_T_b38_G"
[51] "chr8_81900677_A_T_b38_A" "chr8_81900680_C_T_b38_C"
[53] "chr8_81900761_G_T_b38_G" "chr8_81900762_G_A_b38_G"
[55] "chr8_81900773_G_A_b38_G" "chr8_81900776_G_T_b38_G"
[57] "chr8_81900779_T_C_b38_T" "chr8_81900782_C_T_b38_C"
[59] "chr8_81900783_T_C_b38_T" "chr8_81900784_G_A_b38_G"
[61] "chr8_81900789_T_C_b38_T" "chr8_81900796_C_G_b38_C"
[63] "chr8_81900800_G_C_b38_G" "chr8_82127185_G_A_b38_G"
[65] "chr8_82127192_C_G_b38_C" "chr8_82129772_G_C_b38_G"
[67] "chr8_82130336_C_T_b38_C" "chr8_82136891_C_T_b38_C"
[69] "chr8_82137774_C_G_b38_C"
26 SNP(s) removed because HWE P < 1e-08 :
 [1] "chr4_48078519_A_C_b38_A" "chr4_48079528_T_C_b38_T"
 [3] "chr4_48085231_T_C_b38_T" "chr4_48085838_G_A_b38_G"
 [5] "chr4_48086052_C_T_b38_C" "chr4_48086429_A_G_b38_A"
 [7] "chr4_48450863_T_C_b38_T" "chr4_48451209_C_T_b38_C"
 [9] "chr4_48452709_A_G_b38_A" "chr4_48711359_T_C_b38_T"
[11] "chr4_48711393_C_T_b38_C" "chr4_48711401_C_A_b38_C"
[13] "chr4_48711410_A_G_b38_A" "chr4_48711421_A_C_b38_A"
[15] "chr4_48711432_G_C_b38_G" "chr4_48711433_G_A_b38_G"
[17] "chr4_48711441_A_C_b38_A" "chr4_48711445_C_T_b38_C"
[19] "chr4_48711447_G_A_b38_G" "chr4_48711466_C_T_b38_C"
[21] "chr4_48711467_A_T_b38_A" "chr4_48711470_G_A_b38_G"
[23] "chr4_48711609_C_T_b38_C" "chr4_48711661_A_G_b38_A"
[25] "chr4_48711678_T_A_b38_T" "chr4_48711716_T_C_b38_T"
86 SNP(s) removed because HWE P < 1e-08 :
 [1] "chr11_12602581_C_A_b38_C" "chr11_12624958_C_A_b38_C"
 [3] "chr11_12709357_A_C_b38_A" "chr11_12711743_G_T_b38_G"
 [5] "chr11_12712147_G_A_b38_G" "chr11_12714195_C_T_b38_C"
 [7] "chr11_12714879_C_G_b38_C" "chr11_12715017_G_A_b38_G"
 [9] "chr11_12715147_C_T_b38_C" "chr11_12715325_A_G_b38_A"
[11] "chr11_12715946_C_T_b38_C" "chr11_12715993_T_C_b38_T"
[13] "chr11_12717103_G_A_b38_G" "chr11_12717141_C_A_b38_C"
[15] "chr11_12722267_A_G_b38_A" "chr11_12722492_G_A_b38_G"
[17] "chr11_12722623_A_G_b38_A" "chr11_12725406_G_A_b38_G"
[19] "chr11_12726375_G_A_b38_G" "chr11_12730213_C_A_b38_C"
[21] "chr11_12731602_A_G_b38_A" "chr11_12750963_G_C_b38_G"
[23] "chr11_12757747_T_C_b38_T" "chr11_12757888_G_T_b38_G"
[25] "chr11_12758617_C_T_b38_C" "chr11_12758709_T_C_b38_T"
[27] "chr11_12759469_G_A_b38_G" "chr11_12775522_G_C_b38_G"
[29] "chr11_12781165_A_G_b38_A" "chr11_12797262_G_A_b38_G"
[31] "chr11_12801705_T_G_b38_T" "chr11_12806545_C_T_b38_C"
[33] "chr11_12810221_C_T_b38_C" "chr11_12820345_A_C_b38_A"
[35] "chr11_12959220_G_C_b38_G" "chr11_13145421_T_C_b38_T"
[37] "chr11_13159063_A_T_b38_A" "chr11_13160043_T_C_b38_T"
[39] "chr11_13161191_T_G_b38_T" "chr11_13162034_C_T_b38_C"
[41] "chr11_13163679_G_A_b38_G" "chr11_13167486_A_G_b38_A"
[43] "chr11_13167824_C_G_b38_C" "chr11_13168039_T_G_b38_T"
[45] "chr11_13168424_A_T_b38_A" "chr11_13168751_C_A_b38_C"
[47] "chr11_13168868_C_G_b38_C" "chr11_13170516_C_T_b38_C"
[49] "chr11_13171300_T_A_b38_T" "chr11_13171711_G_C_b38_G"
[51] "chr11_13172324_A_C_b38_A" "chr11_13172527_T_C_b38_T"
[53] "chr11_13172742_G_A_b38_G" "chr11_13173008_G_A_b38_G"
[55] "chr11_13173311_A_C_b38_A" "chr11_13173332_G_A_b38_G"
[57] "chr11_13173916_G_A_b38_G" "chr11_13174617_C_T_b38_C"
[59] "chr11_13174658_A_G_b38_A" "chr11_13175460_G_T_b38_G"
[61] "chr11_13175491_T_C_b38_T" "chr11_13176427_A_G_b38_A"
[63] "chr11_13176535_G_A_b38_G" "chr11_13176583_C_T_b38_C"
[65] "chr11_13177356_T_C_b38_T" "chr11_13178288_C_T_b38_C"
[67] "chr11_13178878_C_T_b38_C" "chr11_13179392_C_G_b38_C"
[69] "chr11_13179991_G_A_b38_G" "chr11_13180396_T_C_b38_T"
[71] "chr11_13181122_C_T_b38_C" "chr11_13181132_T_A_b38_T"
[73] "chr11_13181163_T_G_b38_T" "chr11_13181254_G_A_b38_G"
[75] "chr11_13181293_C_T_b38_C" "chr11_13181360_G_A_b38_G"
[77] "chr11_13181664_A_G_b38_A" "chr11_13182114_G_A_b38_G"
[79] "chr11_13182203_G_A_b38_G" "chr11_13182610_C_T_b38_C"
[81] "chr11_13182823_T_C_b38_T" "chr11_13183287_G_A_b38_G"
[83] "chr11_13184213_G_A_b38_G" "chr11_13301971_T_C_b38_T"
[85] "chr11_13316281_G_A_b38_G" "chr11_13395112_C_G_b38_C"
51 SNP(s) removed because HWE P < 1e-08 :
 [1] "chr19_50749708_G_C_b38_G" "chr19_50842031_A_G_b38_A"
 [3] "chr19_50896788_T_C_b38_T" "chr19_50897100_A_G_b38_A"
 [5] "chr19_50897145_C_T_b38_C" "chr19_50948431_C_T_b38_C"
 [7] "chr19_50957933_A_G_b38_A" "chr19_51083323_T_G_b38_T"
 [9] "chr19_51107599_A_G_b38_A" "chr19_51107741_T_G_b38_T"
[11] "chr19_51108006_G_A_b38_G" "chr19_51116302_T_C_b38_T"
[13] "chr19_51120922_T_G_b38_T" "chr19_51121015_T_G_b38_T"
[15] "chr19_51121279_T_C_b38_T" "chr19_51121832_A_C_b38_A"
[17] "chr19_51121942_T_C_b38_T" "chr19_51122379_A_G_b38_A"
[19] "chr19_51122568_A_G_b38_A" "chr19_51122642_G_C_b38_G"
[21] "chr19_51123685_A_G_b38_A" "chr19_51136723_A_G_b38_A"
[23] "chr19_51172375_T_C_b38_T" "chr19_51173311_A_G_b38_A"
[25] "chr19_51173876_T_C_b38_T" "chr19_51184134_C_T_b38_C"
[27] "chr19_51201503_A_G_b38_A" "chr19_51208344_T_C_b38_T"
[29] "chr19_51208365_C_T_b38_C" "chr19_51212754_T_C_b38_T"
[31] "chr19_51235665_T_C_b38_T" "chr19_51251278_A_C_b38_A"
[33] "chr19_51280161_A_G_b38_A" "chr19_51280387_C_T_b38_C"
[35] "chr19_51281207_G_A_b38_G" "chr19_51282770_C_G_b38_C"
[37] "chr19_51283428_T_C_b38_T" "chr19_51284112_C_T_b38_C"
[39] "chr19_51284184_A_C_b38_A" "chr19_51285176_C_A_b38_C"
[41] "chr19_51285861_G_A_b38_G" "chr19_51287738_T_C_b38_T"
[43] "chr19_51290510_A_C_b38_A" "chr19_51291857_T_G_b38_T"
[45] "chr19_51293045_T_C_b38_T" "chr19_51298175_C_T_b38_C"
[47] "chr19_51358092_C_G_b38_C" "chr19_51447917_C_T_b38_C"
[49] "chr19_51447928_A_G_b38_A" "chr19_51448049_T_G_b38_T"
[51] "chr19_51457686_A_G_b38_A"
20 SNP(s) removed because HWE P < 1e-08 :
 [1] "chr17_35379518_A_C_b38_A" "chr17_35442015_G_A_b38_G"
 [3] "chr17_35996816_T_G_b38_T" "chr17_36082933_C_A_b38_C"
 [5] "chr17_36083801_G_C_b38_G" "chr17_36083900_T_A_b38_T"
 [7] "chr17_36109988_G_T_b38_G" "chr17_36111300_G_A_b38_G"
 [9] "chr17_36112019_G_A_b38_G" "chr17_36114883_G_A_b38_G"
[11] "chr17_36152807_C_A_b38_C" "chr17_36160669_C_T_b38_C"
[13] "chr17_36161464_T_G_b38_T" "chr17_36163152_C_T_b38_C"
[15] "chr17_36163256_C_T_b38_C" "chr17_36164185_C_T_b38_C"
[17] "chr17_36165283_A_G_b38_A" "chr17_36165307_T_G_b38_T"
[19] "chr17_36229227_G_A_b38_G" "chr17_36229290_G_T_b38_G"
39 SNP(s) removed because HWE P < 1e-08 :
 [1] "chr22_49765666_G_C_b38_G" "chr22_49770965_G_C_b38_G"
 [3] "chr22_49837507_C_G_b38_C" "chr22_49846939_C_A_b38_C"
 [5] "chr22_49848251_T_C_b38_T" "chr22_49872508_G_A_b38_G"
 [7] "chr22_49880142_T_C_b38_T" "chr22_49880243_G_T_b38_G"
 [9] "chr22_49883047_G_C_b38_G" "chr22_49894697_A_G_b38_A"
[11] "chr22_49906790_T_C_b38_T" "chr22_49921580_T_C_b38_T"
[13] "chr22_49921715_C_A_b38_C" "chr22_49973759_T_C_b38_T"
[15] "chr22_50013858_A_C_b38_A" "chr22_50357867_G_A_b38_G"
[17] "chr22_50371703_G_C_b38_G" "chr22_50418711_G_A_b38_G"
[19] "chr22_50424402_A_C_b38_A" "chr22_50424421_C_A_b38_C"
[21] "chr22_50424423_C_T_b38_C" "chr22_50495487_G_A_b38_G"
[23] "chr22_50495498_T_C_b38_T" "chr22_50495499_G_A_b38_G"
[25] "chr22_50508159_C_G_b38_C" "chr22_50509182_A_G_b38_A"
[27] "chr22_50509488_T_C_b38_T" "chr22_50509962_A_G_b38_A"
[29] "chr22_50510817_C_T_b38_C" "chr22_50510967_T_C_b38_T"
[31] "chr22_50511806_T_C_b38_T" "chr22_50512014_T_C_b38_T"
[33] "chr22_50512298_G_A_b38_G" "chr22_50512549_T_G_b38_T"
[35] "chr22_50513313_G_C_b38_G" "chr22_50513793_G_A_b38_G"
[37] "chr22_50542614_C_T_b38_C" "chr22_50542624_A_T_b38_A"
[39] "chr22_50712000_C_T_b38_C"
22 SNP(s) removed because HWE P < 1e-08 :
 [1] "chr4_8044692_G_T_b38_G" "chr4_8044693_A_C_b38_A" "chr4_8059763_G_A_b38_G"
 [4] "chr4_8100031_G_T_b38_G" "chr4_8100581_C_T_b38_C" "chr4_8306668_C_G_b38_C"
 [7] "chr4_8557849_T_C_b38_T" "chr4_8557938_A_C_b38_A" "chr4_8557958_G_A_b38_G"
[10] "chr4_8557961_C_T_b38_C" "chr4_8585626_A_G_b38_A" "chr4_8603756_G_C_b38_G"
[13] "chr4_8632004_T_A_b38_T" "chr4_8632045_A_G_b38_A" "chr4_8635779_A_G_b38_A"
[16] "chr4_8655103_T_G_b38_T" "chr4_8655200_C_G_b38_C" "chr4_8656155_G_C_b38_G"
[19] "chr4_8659539_G_A_b38_G" "chr4_8661217_T_G_b38_T" "chr4_8674262_C_G_b38_C"
[22] "chr4_8677036_C_A_b38_C"
16 SNP(s) removed because HWE P < 1e-08 :
 [1] "chr12_108081490_A_C_b38_A" "chr12_108363766_G_A_b38_G"
 [3] "chr12_108502035_T_C_b38_T" "chr12_108505324_C_T_b38_C"
 [5] "chr12_108604100_G_A_b38_G" "chr12_108604405_T_C_b38_T"
 [7] "chr12_108606517_T_G_b38_T" "chr12_108623027_C_A_b38_C"
 [9] "chr12_108656141_C_T_b38_C" "chr12_108656145_A_C_b38_A"
[11] "chr12_108656154_G_A_b38_G" "chr12_108656156_C_A_b38_C"
[13] "chr12_108656157_T_C_b38_T" "chr12_108656162_A_G_b38_A"
[15] "chr12_108656177_C_T_b38_C" "chr12_108909282_A_G_b38_A"
99 SNP(s) removed because HWE P < 1e-08 :
 [1] "chr8_143333861_G_A_b38_G" "chr8_143334731_A_C_b38_A"
 [3] "chr8_143335270_T_C_b38_T" "chr8_143335925_A_T_b38_A"
 [5] "chr8_143335938_T_A_b38_T" "chr8_143336431_A_G_b38_A"
 [7] "chr8_143337118_A_C_b38_A" "chr8_143337262_T_C_b38_T"
 [9] "chr8_143337975_C_T_b38_C" "chr8_143338090_A_C_b38_A"
[11] "chr8_143338102_C_G_b38_C" "chr8_143338239_C_G_b38_C"
[13] "chr8_143338550_A_G_b38_A" "chr8_143341750_A_G_b38_A"
[15] "chr8_143343174_T_C_b38_T" "chr8_143346015_C_G_b38_C"
[17] "chr8_143350243_A_G_b38_A" "chr8_143353671_C_T_b38_C"
[19] "chr8_143356005_C_T_b38_C" "chr8_143356346_T_C_b38_T"
[21] "chr8_143359823_C_A_b38_C" "chr8_143363052_G_A_b38_G"
[23] "chr8_143363283_T_C_b38_T" "chr8_143371146_G_A_b38_G"
[25] "chr8_143372611_C_T_b38_C" "chr8_143375983_T_C_b38_T"
[27] "chr8_143376113_C_G_b38_C" "chr8_143382084_C_G_b38_C"
[29] "chr8_143383215_G_C_b38_G" "chr8_143383444_G_A_b38_G"
[31] "chr8_143385996_T_C_b38_T" "chr8_143642172_C_T_b38_C"
[33] "chr8_143644992_A_G_b38_A" "chr8_143676061_G_A_b38_G"
[35] "chr8_143678295_C_T_b38_C" "chr8_143678324_G_A_b38_G"
[37] "chr8_143698114_A_T_b38_A" "chr8_143710469_C_G_b38_C"
[39] "chr8_143725009_T_C_b38_T" "chr8_143727634_G_A_b38_G"
[41] "chr8_143741741_C_T_b38_C" "chr8_143742865_T_G_b38_T"
[43] "chr8_143747237_T_G_b38_T" "chr8_143752810_A_G_b38_A"
[45] "chr8_143754309_G_A_b38_G" "chr8_143754438_C_T_b38_C"
[47] "chr8_143756420_T_G_b38_T" "chr8_143757127_A_T_b38_A"
[49] "chr8_143758697_T_C_b38_T" "chr8_143760637_G_A_b38_G"
[51] "chr8_143761034_C_A_b38_C" "chr8_143761085_G_A_b38_G"
[53] "chr8_143762785_A_G_b38_A" "chr8_143764661_A_G_b38_A"
[55] "chr8_143766477_C_T_b38_C" "chr8_143766562_C_T_b38_C"
[57] "chr8_143769481_T_C_b38_T" "chr8_143775980_G_A_b38_G"
[59] "chr8_143778707_A_G_b38_A" "chr8_143780790_C_G_b38_C"
[61] "chr8_143836877_C_T_b38_C" "chr8_143844615_C_T_b38_C"
[63] "chr8_143887605_A_G_b38_A" "chr8_143902926_G_A_b38_G"
[65] "chr8_143904056_A_G_b38_A" "chr8_143905064_T_A_b38_T"
[67] "chr8_143905117_A_G_b38_A" "chr8_143927344_T_C_b38_T"
[69] "chr8_143929874_C_A_b38_C" "chr8_143938581_G_A_b38_G"
[71] "chr8_143957630_T_C_b38_T" "chr8_144024153_T_C_b38_T"
[73] "chr8_144038163_A_G_b38_A" "chr8_144045204_A_G_b38_A"
[75] "chr8_144046480_T_C_b38_T" "chr8_144050277_A_C_b38_A"
[77] "chr8_144051174_C_G_b38_C" "chr8_144051279_T_C_b38_T"
[79] "chr8_144053829_A_C_b38_A" "chr8_144053886_C_G_b38_C"
[81] "chr8_144055574_T_C_b38_T" "chr8_144168288_G_A_b38_G"
[83] "chr8_144168385_C_T_b38_C" "chr8_144174497_A_T_b38_A"
[85] "chr8_144179605_G_C_b38_G" "chr8_144184715_G_A_b38_G"
[87] "chr8_144185254_C_T_b38_C" "chr8_144186023_C_G_b38_C"
[89] "chr8_144190728_T_C_b38_T" "chr8_144200964_A_G_b38_A"
[91] "chr8_144204360_C_T_b38_C" "chr8_144221662_G_A_b38_G"
[93] "chr8_144225553_T_C_b38_T" "chr8_144233392_C_A_b38_C"
[95] "chr8_144247668_A_G_b38_A" "chr8_144247936_A_G_b38_A"
[97] "chr8_144247976_T_C_b38_T" "chr8_144277690_A_G_b38_A"
[99] "chr8_144277763_G_A_b38_G"
22 SNP(s) removed because HWE P < 1e-08 :
 [1] "chr1_162353041_G_C_b38_G" "chr1_162353047_A_C_b38_A"
 [3] "chr1_162477576_G_A_b38_G" "chr1_162481393_G_A_b38_G"
 [5] "chr1_162483630_C_T_b38_C" "chr1_162701799_T_C_b38_T"
 [7] "chr1_162704548_G_A_b38_G" "chr1_162705250_T_C_b38_T"
 [9] "chr1_162706401_C_T_b38_C" "chr1_162710700_T_C_b38_T"
[11] "chr1_162714569_T_C_b38_T" "chr1_162722878_C_G_b38_C"
[13] "chr1_162733892_A_G_b38_A" "chr1_162742199_A_T_b38_A"
[15] "chr1_162742900_G_A_b38_G" "chr1_162743999_G_A_b38_G"
[17] "chr1_162744207_T_C_b38_T" "chr1_162752426_G_A_b38_G"
[19] "chr1_162763446_G_A_b38_G" "chr1_162798738_C_G_b38_C"
[21] "chr1_162803606_G_A_b38_G" "chr1_162909861_T_C_b38_T"
63 SNP(s) removed because HWE P < 1e-08 :
 [1] "chr14_94014026_C_T_b38_C" "chr14_94014468_G_C_b38_G"
 [3] "chr14_94015810_T_A_b38_T" "chr14_94029792_C_T_b38_C"
 [5] "chr14_94029845_C_A_b38_C" "chr14_94030098_C_T_b38_C"
 [7] "chr14_94349903_A_G_b38_A" "chr14_94370690_A_G_b38_A"
 [9] "chr14_94370732_C_A_b38_C" "chr14_94370742_C_T_b38_C"
[11] "chr14_94370745_G_A_b38_G" "chr14_94378897_G_C_b38_G"
[13] "chr14_94378898_T_C_b38_T" "chr14_94378900_A_G_b38_A"
[15] "chr14_94378934_A_T_b38_A" "chr14_94378941_G_A_b38_G"
[17] "chr14_94380003_C_T_b38_C" "chr14_94380014_T_C_b38_T"
[19] "chr14_94380017_G_A_b38_G" "chr14_94380024_T_C_b38_T"
[21] "chr14_94380037_A_G_b38_A" "chr14_94380042_G_A_b38_G"
[23] "chr14_94380048_A_G_b38_A" "chr14_94380049_T_A_b38_T"
[25] "chr14_94380053_A_G_b38_A" "chr14_94380057_T_C_b38_T"
[27] "chr14_94380058_G_A_b38_G" "chr14_94380063_G_C_b38_G"
[29] "chr14_94380085_T_C_b38_T" "chr14_94380106_C_A_b38_C"
[31] "chr14_94380111_C_T_b38_C" "chr14_94380112_C_T_b38_C"
[33] "chr14_94380151_A_G_b38_A" "chr14_94380152_G_T_b38_G"
[35] "chr14_94380164_T_C_b38_T" "chr14_94380166_C_T_b38_C"
[37] "chr14_94380168_G_T_b38_G" "chr14_94380175_A_G_b38_A"
[39] "chr14_94380212_C_T_b38_C" "chr14_94380215_C_G_b38_C"
[41] "chr14_94380222_T_C_b38_T" "chr14_94380244_A_G_b38_A"
[43] "chr14_94380250_C_A_b38_C" "chr14_94380312_G_A_b38_G"
[45] "chr14_94380318_C_T_b38_C" "chr14_94380322_T_C_b38_T"
[47] "chr14_94380324_T_C_b38_T" "chr14_94380333_C_T_b38_C"
[49] "chr14_94380362_C_T_b38_C" "chr14_94380371_T_C_b38_T"
[51] "chr14_94446984_A_T_b38_A" "chr14_94455670_G_T_b38_G"
[53] "chr14_94467053_C_T_b38_C" "chr14_94468771_C_T_b38_C"
[55] "chr14_94578680_G_A_b38_G" "chr14_94637276_C_T_b38_C"
[57] "chr14_94638842_C_T_b38_C" "chr14_94639184_C_T_b38_C"
[59] "chr14_94657781_C_A_b38_C" "chr14_94717842_A_C_b38_A"
[61] "chr14_94757444_A_T_b38_A" "chr14_94763440_G_A_b38_G"
[63] "chr14_94821833_A_G_b38_A"
22 SNP(s) removed because HWE P < 1e-08 :
 [1] "chr1_162353041_G_C_b38_G" "chr1_162353047_A_C_b38_A"
 [3] "chr1_162477576_G_A_b38_G" "chr1_162481393_G_A_b38_G"
 [5] "chr1_162483630_C_T_b38_C" "chr1_162701799_T_C_b38_T"
 [7] "chr1_162704548_G_A_b38_G" "chr1_162705250_T_C_b38_T"
 [9] "chr1_162706401_C_T_b38_C" "chr1_162710700_T_C_b38_T"
[11] "chr1_162714569_T_C_b38_T" "chr1_162722878_C_G_b38_C"
[13] "chr1_162733892_A_G_b38_A" "chr1_162742199_A_T_b38_A"
[15] "chr1_162742900_G_A_b38_G" "chr1_162743999_G_A_b38_G"
[17] "chr1_162744207_T_C_b38_T" "chr1_162752426_G_A_b38_G"
[19] "chr1_162763446_G_A_b38_G" "chr1_162798738_C_G_b38_C"
[21] "chr1_162803606_G_A_b38_G" "chr1_162909861_T_C_b38_T"
16 SNP(s) removed because HWE P < 1e-08 :
 [1] "chr12_108081490_A_C_b38_A" "chr12_108363766_G_A_b38_G"
 [3] "chr12_108502035_T_C_b38_T" "chr12_108505324_C_T_b38_C"
 [5] "chr12_108604100_G_A_b38_G" "chr12_108604405_T_C_b38_T"
 [7] "chr12_108606517_T_G_b38_T" "chr12_108623027_C_A_b38_C"
 [9] "chr12_108656141_C_T_b38_C" "chr12_108656145_A_C_b38_A"
[11] "chr12_108656154_G_A_b38_G" "chr12_108656156_C_A_b38_C"
[13] "chr12_108656157_T_C_b38_T" "chr12_108656162_A_G_b38_A"
[15] "chr12_108656177_C_T_b38_C" "chr12_108909282_A_G_b38_A"
31 SNP(s) removed because HWE P < 1e-08 :
 [1] "chr5_178463611_T_C_b38_T" "chr5_178469651_C_T_b38_C"
 [3] "chr5_178472177_C_T_b38_C" "chr5_178553652_C_G_b38_C"
 [5] "chr5_178578116_T_C_b38_T" "chr5_178579996_G_A_b38_G"
 [7] "chr5_178588834_T_C_b38_T" "chr5_178595780_C_T_b38_C"
 [9] "chr5_178597599_C_G_b38_C" "chr5_178669519_A_C_b38_A"
[11] "chr5_178692253_G_A_b38_G" "chr5_178781346_C_G_b38_C"
[13] "chr5_178781360_G_C_b38_G" "chr5_178838920_G_A_b38_G"
[15] "chr5_178995825_A_G_b38_A" "chr5_178995828_G_C_b38_G"
[17] "chr5_179125955_T_C_b38_T" "chr5_179197100_C_T_b38_C"
[19] "chr5_179199608_G_C_b38_G" "chr5_179246914_T_C_b38_T"
[21] "chr5_179246987_T_C_b38_T" "chr5_179248064_G_A_b38_G"
[23] "chr5_179252389_T_A_b38_T" "chr5_179253340_G_T_b38_G"
[25] "chr5_179254210_C_T_b38_C" "chr5_179254855_G_A_b38_G"
[27] "chr5_179255208_C_T_b38_C" "chr5_179279120_T_C_b38_T"
[29] "chr5_179280638_G_C_b38_G" "chr5_179280710_G_A_b38_G"
[31] "chr5_179321546_T_C_b38_T"
39 SNP(s) removed because HWE P < 1e-08 :
 [1] "chr22_49765666_G_C_b38_G" "chr22_49770965_G_C_b38_G"
 [3] "chr22_49837507_C_G_b38_C" "chr22_49846939_C_A_b38_C"
 [5] "chr22_49848251_T_C_b38_T" "chr22_49872508_G_A_b38_G"
 [7] "chr22_49880142_T_C_b38_T" "chr22_49880243_G_T_b38_G"
 [9] "chr22_49883047_G_C_b38_G" "chr22_49894697_A_G_b38_A"
[11] "chr22_49906790_T_C_b38_T" "chr22_49921580_T_C_b38_T"
[13] "chr22_49921715_C_A_b38_C" "chr22_49973759_T_C_b38_T"
[15] "chr22_50013858_A_C_b38_A" "chr22_50357867_G_A_b38_G"
[17] "chr22_50371703_G_C_b38_G" "chr22_50418711_G_A_b38_G"
[19] "chr22_50424402_A_C_b38_A" "chr22_50424421_C_A_b38_C"
[21] "chr22_50424423_C_T_b38_C" "chr22_50495487_G_A_b38_G"
[23] "chr22_50495498_T_C_b38_T" "chr22_50495499_G_A_b38_G"
[25] "chr22_50508159_C_G_b38_C" "chr22_50509182_A_G_b38_A"
[27] "chr22_50509488_T_C_b38_T" "chr22_50509962_A_G_b38_A"
[29] "chr22_50510817_C_T_b38_C" "chr22_50510967_T_C_b38_T"
[31] "chr22_50511806_T_C_b38_T" "chr22_50512014_T_C_b38_T"
[33] "chr22_50512298_G_A_b38_G" "chr22_50512549_T_G_b38_T"
[35] "chr22_50513313_G_C_b38_G" "chr22_50513793_G_A_b38_G"
[37] "chr22_50542614_C_T_b38_C" "chr22_50542624_A_T_b38_A"
[39] "chr22_50712000_C_T_b38_C"
86 SNP(s) removed because HWE P < 1e-08 :
 [1] "chr11_12602581_C_A_b38_C" "chr11_12624958_C_A_b38_C"
 [3] "chr11_12709357_A_C_b38_A" "chr11_12711743_G_T_b38_G"
 [5] "chr11_12712147_G_A_b38_G" "chr11_12714195_C_T_b38_C"
 [7] "chr11_12714879_C_G_b38_C" "chr11_12715017_G_A_b38_G"
 [9] "chr11_12715147_C_T_b38_C" "chr11_12715325_A_G_b38_A"
[11] "chr11_12715946_C_T_b38_C" "chr11_12715993_T_C_b38_T"
[13] "chr11_12717103_G_A_b38_G" "chr11_12717141_C_A_b38_C"
[15] "chr11_12722267_A_G_b38_A" "chr11_12722492_G_A_b38_G"
[17] "chr11_12722623_A_G_b38_A" "chr11_12725406_G_A_b38_G"
[19] "chr11_12726375_G_A_b38_G" "chr11_12730213_C_A_b38_C"
[21] "chr11_12731602_A_G_b38_A" "chr11_12750963_G_C_b38_G"
[23] "chr11_12757747_T_C_b38_T" "chr11_12757888_G_T_b38_G"
[25] "chr11_12758617_C_T_b38_C" "chr11_12758709_T_C_b38_T"
[27] "chr11_12759469_G_A_b38_G" "chr11_12775522_G_C_b38_G"
[29] "chr11_12781165_A_G_b38_A" "chr11_12797262_G_A_b38_G"
[31] "chr11_12801705_T_G_b38_T" "chr11_12806545_C_T_b38_C"
[33] "chr11_12810221_C_T_b38_C" "chr11_12820345_A_C_b38_A"
[35] "chr11_12959220_G_C_b38_G" "chr11_13145421_T_C_b38_T"
[37] "chr11_13159063_A_T_b38_A" "chr11_13160043_T_C_b38_T"
[39] "chr11_13161191_T_G_b38_T" "chr11_13162034_C_T_b38_C"
[41] "chr11_13163679_G_A_b38_G" "chr11_13167486_A_G_b38_A"
[43] "chr11_13167824_C_G_b38_C" "chr11_13168039_T_G_b38_T"
[45] "chr11_13168424_A_T_b38_A" "chr11_13168751_C_A_b38_C"
[47] "chr11_13168868_C_G_b38_C" "chr11_13170516_C_T_b38_C"
[49] "chr11_13171300_T_A_b38_T" "chr11_13171711_G_C_b38_G"
[51] "chr11_13172324_A_C_b38_A" "chr11_13172527_T_C_b38_T"
[53] "chr11_13172742_G_A_b38_G" "chr11_13173008_G_A_b38_G"
[55] "chr11_13173311_A_C_b38_A" "chr11_13173332_G_A_b38_G"
[57] "chr11_13173916_G_A_b38_G" "chr11_13174617_C_T_b38_C"
[59] "chr11_13174658_A_G_b38_A" "chr11_13175460_G_T_b38_G"
[61] "chr11_13175491_T_C_b38_T" "chr11_13176427_A_G_b38_A"
[63] "chr11_13176535_G_A_b38_G" "chr11_13176583_C_T_b38_C"
[65] "chr11_13177356_T_C_b38_T" "chr11_13178288_C_T_b38_C"
[67] "chr11_13178878_C_T_b38_C" "chr11_13179392_C_G_b38_C"
[69] "chr11_13179991_G_A_b38_G" "chr11_13180396_T_C_b38_T"
[71] "chr11_13181122_C_T_b38_C" "chr11_13181132_T_A_b38_T"
[73] "chr11_13181163_T_G_b38_T" "chr11_13181254_G_A_b38_G"
[75] "chr11_13181293_C_T_b38_C" "chr11_13181360_G_A_b38_G"
[77] "chr11_13181664_A_G_b38_A" "chr11_13182114_G_A_b38_G"
[79] "chr11_13182203_G_A_b38_G" "chr11_13182610_C_T_b38_C"
[81] "chr11_13182823_T_C_b38_T" "chr11_13183287_G_A_b38_G"
[83] "chr11_13184213_G_A_b38_G" "chr11_13301971_T_C_b38_T"
[85] "chr11_13316281_G_A_b38_G" "chr11_13395112_C_G_b38_C"
16 SNP(s) removed because HWE P < 1e-08 :
 [1] "chr12_108081490_A_C_b38_A" "chr12_108363766_G_A_b38_G"
 [3] "chr12_108502035_T_C_b38_T" "chr12_108505324_C_T_b38_C"
 [5] "chr12_108604100_G_A_b38_G" "chr12_108604405_T_C_b38_T"
 [7] "chr12_108606517_T_G_b38_T" "chr12_108623027_C_A_b38_C"
 [9] "chr12_108656141_C_T_b38_C" "chr12_108656145_A_C_b38_A"
[11] "chr12_108656154_G_A_b38_G" "chr12_108656156_C_A_b38_C"
[13] "chr12_108656157_T_C_b38_T" "chr12_108656162_A_G_b38_A"
[15] "chr12_108656177_C_T_b38_C" "chr12_108909282_A_G_b38_A"
22 SNP(s) removed because HWE P < 1e-08 :
 [1] "chr1_162353041_G_C_b38_G" "chr1_162353047_A_C_b38_A"
 [3] "chr1_162477576_G_A_b38_G" "chr1_162481393_G_A_b38_G"
 [5] "chr1_162483630_C_T_b38_C" "chr1_162701799_T_C_b38_T"
 [7] "chr1_162704548_G_A_b38_G" "chr1_162705250_T_C_b38_T"
 [9] "chr1_162706401_C_T_b38_C" "chr1_162710700_T_C_b38_T"
[11] "chr1_162714569_T_C_b38_T" "chr1_162722878_C_G_b38_C"
[13] "chr1_162733892_A_G_b38_A" "chr1_162742199_A_T_b38_A"
[15] "chr1_162742900_G_A_b38_G" "chr1_162743999_G_A_b38_G"
[17] "chr1_162744207_T_C_b38_T" "chr1_162752426_G_A_b38_G"
[19] "chr1_162763446_G_A_b38_G" "chr1_162798738_C_G_b38_C"
[21] "chr1_162803606_G_A_b38_G" "chr1_162909861_T_C_b38_T"
63 SNP(s) removed because HWE P < 1e-08 :
 [1] "chr14_94014026_C_T_b38_C" "chr14_94014468_G_C_b38_G"
 [3] "chr14_94015810_T_A_b38_T" "chr14_94029792_C_T_b38_C"
 [5] "chr14_94029845_C_A_b38_C" "chr14_94030098_C_T_b38_C"
 [7] "chr14_94349903_A_G_b38_A" "chr14_94370690_A_G_b38_A"
 [9] "chr14_94370732_C_A_b38_C" "chr14_94370742_C_T_b38_C"
[11] "chr14_94370745_G_A_b38_G" "chr14_94378897_G_C_b38_G"
[13] "chr14_94378898_T_C_b38_T" "chr14_94378900_A_G_b38_A"
[15] "chr14_94378934_A_T_b38_A" "chr14_94378941_G_A_b38_G"
[17] "chr14_94380003_C_T_b38_C" "chr14_94380014_T_C_b38_T"
[19] "chr14_94380017_G_A_b38_G" "chr14_94380024_T_C_b38_T"
[21] "chr14_94380037_A_G_b38_A" "chr14_94380042_G_A_b38_G"
[23] "chr14_94380048_A_G_b38_A" "chr14_94380049_T_A_b38_T"
[25] "chr14_94380053_A_G_b38_A" "chr14_94380057_T_C_b38_T"
[27] "chr14_94380058_G_A_b38_G" "chr14_94380063_G_C_b38_G"
[29] "chr14_94380085_T_C_b38_T" "chr14_94380106_C_A_b38_C"
[31] "chr14_94380111_C_T_b38_C" "chr14_94380112_C_T_b38_C"
[33] "chr14_94380151_A_G_b38_A" "chr14_94380152_G_T_b38_G"
[35] "chr14_94380164_T_C_b38_T" "chr14_94380166_C_T_b38_C"
[37] "chr14_94380168_G_T_b38_G" "chr14_94380175_A_G_b38_A"
[39] "chr14_94380212_C_T_b38_C" "chr14_94380215_C_G_b38_C"
[41] "chr14_94380222_T_C_b38_T" "chr14_94380244_A_G_b38_A"
[43] "chr14_94380250_C_A_b38_C" "chr14_94380312_G_A_b38_G"
[45] "chr14_94380318_C_T_b38_C" "chr14_94380322_T_C_b38_T"
[47] "chr14_94380324_T_C_b38_T" "chr14_94380333_C_T_b38_C"
[49] "chr14_94380362_C_T_b38_C" "chr14_94380371_T_C_b38_T"
[51] "chr14_94446984_A_T_b38_A" "chr14_94455670_G_T_b38_G"
[53] "chr14_94467053_C_T_b38_C" "chr14_94468771_C_T_b38_C"
[55] "chr14_94578680_G_A_b38_G" "chr14_94637276_C_T_b38_C"
[57] "chr14_94638842_C_T_b38_C" "chr14_94639184_C_T_b38_C"
[59] "chr14_94657781_C_A_b38_C" "chr14_94717842_A_C_b38_A"
[61] "chr14_94757444_A_T_b38_A" "chr14_94763440_G_A_b38_G"
[63] "chr14_94821833_A_G_b38_A"
37 SNP(s) removed because HWE P < 1e-08 :
 [1] "chr16_24109784_G_A_b38_G" "chr16_24227690_G_C_b38_G"
 [3] "chr16_24233628_G_C_b38_G" "chr16_24496566_C_T_b38_C"
 [5] "chr16_24496764_C_A_b38_C" "chr16_24499309_C_T_b38_C"
 [7] "chr16_24870481_A_C_b38_A" "chr16_24873006_G_A_b38_G"
 [9] "chr16_24884357_A_G_b38_A" "chr16_24917601_A_G_b38_A"
[11] "chr16_24917765_G_A_b38_G" "chr16_24917986_T_C_b38_T"
[13] "chr16_24919227_T_C_b38_T" "chr16_24920477_C_T_b38_C"
[15] "chr16_24920573_A_G_b38_A" "chr16_24921599_T_C_b38_T"
[17] "chr16_24923143_G_T_b38_G" "chr16_24924245_T_C_b38_T"
[19] "chr16_24924716_A_T_b38_A" "chr16_24925306_A_G_b38_A"
[21] "chr16_24927264_T_C_b38_T" "chr16_24932825_T_C_b38_T"
[23] "chr16_24940578_A_G_b38_A" "chr16_24943087_G_A_b38_G"
[25] "chr16_24943465_A_G_b38_A" "chr16_24945135_A_G_b38_A"
[27] "chr16_24945229_T_G_b38_T" "chr16_24945237_A_C_b38_A"
[29] "chr16_24947347_A_C_b38_A" "chr16_24947664_G_A_b38_G"
[31] "chr16_24948730_C_G_b38_C" "chr16_24950568_T_C_b38_T"
[33] "chr16_24952718_T_C_b38_T" "chr16_24953197_T_C_b38_T"
[35] "chr16_24953395_G_T_b38_G" "chr16_24953714_C_T_b38_C"
[37] "chr16_24955202_T_C_b38_T"
20 SNP(s) removed because HWE P < 1e-08 :
 [1] "chr17_35379518_A_C_b38_A" "chr17_35442015_G_A_b38_G"
 [3] "chr17_35996816_T_G_b38_T" "chr17_36082933_C_A_b38_C"
 [5] "chr17_36083801_G_C_b38_G" "chr17_36083900_T_A_b38_T"
 [7] "chr17_36109988_G_T_b38_G" "chr17_36111300_G_A_b38_G"
 [9] "chr17_36112019_G_A_b38_G" "chr17_36114883_G_A_b38_G"
[11] "chr17_36152807_C_A_b38_C" "chr17_36160669_C_T_b38_C"
[13] "chr17_36161464_T_G_b38_T" "chr17_36163152_C_T_b38_C"
[15] "chr17_36163256_C_T_b38_C" "chr17_36164185_C_T_b38_C"
[17] "chr17_36165283_A_G_b38_A" "chr17_36165307_T_G_b38_T"
[19] "chr17_36229227_G_A_b38_G" "chr17_36229290_G_T_b38_G"
37 SNP(s) removed because HWE P < 1e-08 :
 [1] "chr16_24109784_G_A_b38_G" "chr16_24227690_G_C_b38_G"
 [3] "chr16_24233628_G_C_b38_G" "chr16_24496566_C_T_b38_C"
 [5] "chr16_24496764_C_A_b38_C" "chr16_24499309_C_T_b38_C"
 [7] "chr16_24870481_A_C_b38_A" "chr16_24873006_G_A_b38_G"
 [9] "chr16_24884357_A_G_b38_A" "chr16_24917601_A_G_b38_A"
[11] "chr16_24917765_G_A_b38_G" "chr16_24917986_T_C_b38_T"
[13] "chr16_24919227_T_C_b38_T" "chr16_24920477_C_T_b38_C"
[15] "chr16_24920573_A_G_b38_A" "chr16_24921599_T_C_b38_T"
[17] "chr16_24923143_G_T_b38_G" "chr16_24924245_T_C_b38_T"
[19] "chr16_24924716_A_T_b38_A" "chr16_24925306_A_G_b38_A"
[21] "chr16_24927264_T_C_b38_T" "chr16_24932825_T_C_b38_T"
[23] "chr16_24940578_A_G_b38_A" "chr16_24943087_G_A_b38_G"
[25] "chr16_24943465_A_G_b38_A" "chr16_24945135_A_G_b38_A"
[27] "chr16_24945229_T_G_b38_T" "chr16_24945237_A_C_b38_A"
[29] "chr16_24947347_A_C_b38_A" "chr16_24947664_G_A_b38_G"
[31] "chr16_24948730_C_G_b38_C" "chr16_24950568_T_C_b38_T"
[33] "chr16_24952718_T_C_b38_T" "chr16_24953197_T_C_b38_T"
[35] "chr16_24953395_G_T_b38_G" "chr16_24953714_C_T_b38_C"
[37] "chr16_24955202_T_C_b38_T"
74 SNP(s) removed because HWE P < 1e-08 :
 [1] "chr21_31920396_G_A_b38_G" "chr21_31935565_G_C_b38_G"
 [3] "chr21_31935580_T_G_b38_T" "chr21_32134286_A_T_b38_A"
 [5] "chr21_32238948_G_A_b38_G" "chr21_32250914_C_T_b38_C"
 [7] "chr21_32311415_A_C_b38_A" "chr21_32410343_C_T_b38_C"
 [9] "chr21_32432979_G_A_b38_G" "chr21_32432987_A_C_b38_A"
[11] "chr21_32432995_G_A_b38_G" "chr21_32433065_T_A_b38_T"
[13] "chr21_32433084_C_T_b38_C" "chr21_32433553_G_A_b38_G"
[15] "chr21_32433554_C_G_b38_C" "chr21_32433562_T_C_b38_T"
[17] "chr21_32433629_A_G_b38_A" "chr21_32433656_G_A_b38_G"
[19] "chr21_32433663_A_T_b38_A" "chr21_32434706_A_G_b38_A"
[21] "chr21_32434713_T_C_b38_T" "chr21_32434721_A_C_b38_A"
[23] "chr21_32434746_A_C_b38_A" "chr21_32434842_G_A_b38_G"
[25] "chr21_32434867_C_T_b38_C" "chr21_32434878_G_A_b38_G"
[27] "chr21_32434919_T_G_b38_T" "chr21_32434927_C_T_b38_C"
[29] "chr21_32434967_T_G_b38_T" "chr21_32434971_T_C_b38_T"
[31] "chr21_32434992_T_C_b38_T" "chr21_32435003_T_G_b38_T"
[33] "chr21_32435004_T_C_b38_T" "chr21_32435117_A_G_b38_A"
[35] "chr21_32435125_T_C_b38_T" "chr21_32435126_G_C_b38_G"
[37] "chr21_32435133_C_A_b38_C" "chr21_32435360_C_T_b38_C"
[39] "chr21_32435400_A_G_b38_A" "chr21_32435408_T_C_b38_T"
[41] "chr21_32435414_A_G_b38_A" "chr21_32435436_C_T_b38_C"
[43] "chr21_32435462_C_T_b38_C" "chr21_32435661_G_C_b38_G"
[45] "chr21_32435666_T_G_b38_T" "chr21_32435667_A_G_b38_A"
[47] "chr21_32435716_C_T_b38_C" "chr21_32435721_G_A_b38_G"
[49] "chr21_32435728_T_C_b38_T" "chr21_32435763_C_T_b38_C"
[51] "chr21_32435766_A_C_b38_A" "chr21_32435898_C_T_b38_C"
[53] "chr21_32435949_T_A_b38_T" "chr21_32435990_T_A_b38_T"
[55] "chr21_32436019_G_A_b38_G" "chr21_32436447_T_A_b38_T"
[57] "chr21_32436465_A_C_b38_A" "chr21_32436477_T_A_b38_T"
[59] "chr21_32436484_T_C_b38_T" "chr21_32436539_G_A_b38_G"
[61] "chr21_32436627_G_A_b38_G" "chr21_32436628_G_A_b38_G"
[63] "chr21_32436637_A_G_b38_A" "chr21_32436702_C_T_b38_C"
[65] "chr21_32436736_G_A_b38_G" "chr21_32436746_A_G_b38_A"
[67] "chr21_32437187_G_C_b38_G" "chr21_32437224_A_G_b38_A"
[69] "chr21_32437249_C_A_b38_C" "chr21_32437250_G_A_b38_G"
[71] "chr21_32437258_C_G_b38_C" "chr21_32621877_A_T_b38_A"
[73] "chr21_32660622_A_G_b38_A" "chr21_32660624_C_T_b38_C"
20 SNP(s) removed because HWE P < 1e-08 :
 [1] "chr17_35379518_A_C_b38_A" "chr17_35442015_G_A_b38_G"
 [3] "chr17_35996816_T_G_b38_T" "chr17_36082933_C_A_b38_C"
 [5] "chr17_36083801_G_C_b38_G" "chr17_36083900_T_A_b38_T"
 [7] "chr17_36109988_G_T_b38_G" "chr17_36111300_G_A_b38_G"
 [9] "chr17_36112019_G_A_b38_G" "chr17_36114883_G_A_b38_G"
[11] "chr17_36152807_C_A_b38_C" "chr17_36160669_C_T_b38_C"
[13] "chr17_36161464_T_G_b38_T" "chr17_36163152_C_T_b38_C"
[15] "chr17_36163256_C_T_b38_C" "chr17_36164185_C_T_b38_C"
[17] "chr17_36165283_A_G_b38_A" "chr17_36165307_T_G_b38_T"
[19] "chr17_36229227_G_A_b38_G" "chr17_36229290_G_T_b38_G"
31 SNP(s) removed because HWE P < 1e-08 :
 [1] "chr5_178463611_T_C_b38_T" "chr5_178469651_C_T_b38_C"
 [3] "chr5_178472177_C_T_b38_C" "chr5_178553652_C_G_b38_C"
 [5] "chr5_178578116_T_C_b38_T" "chr5_178579996_G_A_b38_G"
 [7] "chr5_178588834_T_C_b38_T" "chr5_178595780_C_T_b38_C"
 [9] "chr5_178597599_C_G_b38_C" "chr5_178669519_A_C_b38_A"
[11] "chr5_178692253_G_A_b38_G" "chr5_178781346_C_G_b38_C"
[13] "chr5_178781360_G_C_b38_G" "chr5_178838920_G_A_b38_G"
[15] "chr5_178995825_A_G_b38_A" "chr5_178995828_G_C_b38_G"
[17] "chr5_179125955_T_C_b38_T" "chr5_179197100_C_T_b38_C"
[19] "chr5_179199608_G_C_b38_G" "chr5_179246914_T_C_b38_T"
[21] "chr5_179246987_T_C_b38_T" "chr5_179248064_G_A_b38_G"
[23] "chr5_179252389_T_A_b38_T" "chr5_179253340_G_T_b38_G"
[25] "chr5_179254210_C_T_b38_C" "chr5_179254855_G_A_b38_G"
[27] "chr5_179255208_C_T_b38_C" "chr5_179279120_T_C_b38_T"
[29] "chr5_179280638_G_C_b38_G" "chr5_179280710_G_A_b38_G"
[31] "chr5_179321546_T_C_b38_T"
33 SNP(s) removed because HWE P < 1e-08 :
 [1] "chr2_126921117_G_C_b38_G" "chr2_126921373_G_C_b38_G"
 [3] "chr2_126921672_C_T_b38_C" "chr2_126924557_G_C_b38_G"
 [5] "chr2_126926375_T_C_b38_T" "chr2_126928050_T_C_b38_T"
 [7] "chr2_126928054_G_T_b38_G" "chr2_126942192_C_T_b38_C"
 [9] "chr2_126958917_G_T_b38_G" "chr2_126970478_T_C_b38_T"
[11] "chr2_126979161_G_A_b38_G" "chr2_127142785_A_G_b38_A"
[13] "chr2_127143766_T_A_b38_T" "chr2_127143931_C_T_b38_C"
[15] "chr2_127146147_G_T_b38_G" "chr2_127146398_A_G_b38_A"
[17] "chr2_127146667_T_C_b38_T" "chr2_127147368_G_A_b38_G"
[19] "chr2_127147428_C_T_b38_C" "chr2_127148211_G_A_b38_G"
[21] "chr2_127148388_C_A_b38_C" "chr2_127149205_A_G_b38_A"
[23] "chr2_127149754_C_T_b38_C" "chr2_127150647_C_A_b38_C"
[25] "chr2_127152264_T_G_b38_T" "chr2_127153637_G_C_b38_G"
[27] "chr2_127153980_G_C_b38_G" "chr2_127473218_C_T_b38_C"
[29] "chr2_127514444_C_T_b38_C" "chr2_127520021_T_A_b38_T"
[31] "chr2_127520899_C_T_b38_C" "chr2_127788561_C_T_b38_C"
[33] "chr2_127788785_C_A_b38_C"
57 SNP(s) removed because HWE P < 1e-08 :
 [1] "chr11_73572465_C_T_b38_C" "chr11_73637374_T_C_b38_T"
 [3] "chr11_73638784_A_G_b38_A" "chr11_73639315_G_A_b38_G"
 [5] "chr11_73640030_G_A_b38_G" "chr11_73641463_T_G_b38_T"
 [7] "chr11_73641479_T_C_b38_T" "chr11_73642143_C_T_b38_C"
 [9] "chr11_73642323_C_T_b38_C" "chr11_73642432_T_C_b38_T"
[11] "chr11_73642456_G_T_b38_G" "chr11_73642460_C_T_b38_C"
[13] "chr11_73642462_A_G_b38_A" "chr11_73642523_A_G_b38_A"
[15] "chr11_73642546_T_C_b38_T" "chr11_73642590_A_G_b38_A"
[17] "chr11_73643561_T_G_b38_T" "chr11_73643687_C_T_b38_C"
[19] "chr11_73643855_T_C_b38_T" "chr11_73644049_T_C_b38_T"
[21] "chr11_73644533_G_A_b38_G" "chr11_73645833_G_C_b38_G"
[23] "chr11_73646028_A_T_b38_A" "chr11_73646134_G_A_b38_G"
[25] "chr11_73646136_A_C_b38_A" "chr11_73647129_A_C_b38_A"
[27] "chr11_73647994_T_C_b38_T" "chr11_73648016_T_C_b38_T"
[29] "chr11_73648191_C_T_b38_C" "chr11_73648682_A_G_b38_A"
[31] "chr11_73648757_C_G_b38_C" "chr11_73649217_T_C_b38_T"
[33] "chr11_73649245_C_T_b38_C" "chr11_73649553_G_A_b38_G"
[35] "chr11_73649716_A_G_b38_A" "chr11_73650220_C_G_b38_C"
[37] "chr11_73651398_C_T_b38_C" "chr11_74011464_A_G_b38_A"
[39] "chr11_74011576_A_T_b38_A" "chr11_74020203_A_G_b38_A"
[41] "chr11_74023161_T_C_b38_T" "chr11_74024179_C_T_b38_C"
[43] "chr11_74029119_G_A_b38_G" "chr11_74030354_T_C_b38_T"
[45] "chr11_74034102_A_G_b38_A" "chr11_74035244_A_G_b38_A"
[47] "chr11_74035402_G_A_b38_G" "chr11_74041746_A_C_b38_A"
[49] "chr11_74045144_C_T_b38_C" "chr11_74049641_A_G_b38_A"
[51] "chr11_74053034_A_C_b38_A" "chr11_74054407_T_A_b38_T"
[53] "chr11_74055741_A_G_b38_A" "chr11_74059027_C_T_b38_C"
[55] "chr11_74059250_C_A_b38_C" "chr11_74060714_C_T_b38_C"
[57] "chr11_74066214_A_G_b38_A"
22 SNP(s) removed because HWE P < 1e-08 :
 [1] "chr4_8044692_G_T_b38_G" "chr4_8044693_A_C_b38_A" "chr4_8059763_G_A_b38_G"
 [4] "chr4_8100031_G_T_b38_G" "chr4_8100581_C_T_b38_C" "chr4_8306668_C_G_b38_C"
 [7] "chr4_8557849_T_C_b38_T" "chr4_8557938_A_C_b38_A" "chr4_8557958_G_A_b38_G"
[10] "chr4_8557961_C_T_b38_C" "chr4_8585626_A_G_b38_A" "chr4_8603756_G_C_b38_G"
[13] "chr4_8632004_T_A_b38_T" "chr4_8632045_A_G_b38_A" "chr4_8635779_A_G_b38_A"
[16] "chr4_8655103_T_G_b38_T" "chr4_8655200_C_G_b38_C" "chr4_8656155_G_C_b38_G"
[19] "chr4_8659539_G_A_b38_G" "chr4_8661217_T_G_b38_T" "chr4_8674262_C_G_b38_C"
[22] "chr4_8677036_C_A_b38_C"
56 SNP(s) removed because HWE P < 1e-08 :
 [1] "chr2_234571796_G_C_b38_G" "chr2_234679043_G_T_b38_G"
 [3] "chr2_234679188_T_C_b38_T" "chr2_234758936_C_T_b38_C"
 [5] "chr2_234758982_T_C_b38_T" "chr2_234760203_A_G_b38_A"
 [7] "chr2_234760375_C_T_b38_C" "chr2_234888396_A_G_b38_A"
 [9] "chr2_234888758_T_C_b38_T" "chr2_234894832_A_C_b38_A"
[11] "chr2_234894910_G_A_b38_G" "chr2_234894973_T_C_b38_T"
[13] "chr2_234895017_A_G_b38_A" "chr2_234895077_T_C_b38_T"
[15] "chr2_234895138_G_A_b38_G" "chr2_234895180_T_G_b38_T"
[17] "chr2_234895243_G_C_b38_G" "chr2_234895404_A_G_b38_A"
[19] "chr2_234895495_A_G_b38_A" "chr2_234895594_G_T_b38_G"
[21] "chr2_234895605_G_A_b38_G" "chr2_234895717_A_C_b38_A"
[23] "chr2_234895726_G_A_b38_G" "chr2_234895744_C_T_b38_C"
[25] "chr2_234895756_C_A_b38_C" "chr2_234895848_T_A_b38_T"
[27] "chr2_234895974_C_T_b38_C" "chr2_234895996_G_A_b38_G"
[29] "chr2_234896107_C_G_b38_C" "chr2_234896219_G_C_b38_G"
[31] "chr2_234896302_G_C_b38_G" "chr2_234896331_A_G_b38_A"
[33] "chr2_235001953_C_T_b38_C" "chr2_235013109_C_A_b38_C"
[35] "chr2_235013502_C_T_b38_C" "chr2_235014147_A_G_b38_A"
[37] "chr2_235014329_G_T_b38_G" "chr2_235016380_G_A_b38_G"
[39] "chr2_235017019_T_C_b38_T" "chr2_235018342_C_T_b38_C"
[41] "chr2_235031472_C_T_b38_C" "chr2_235062147_T_G_b38_T"
[43] "chr2_235255566_C_A_b38_C" "chr2_235294463_A_G_b38_A"
[45] "chr2_235316147_T_C_b38_T" "chr2_235374434_A_G_b38_A"
[47] "chr2_235375213_T_C_b38_T" "chr2_235375341_T_C_b38_T"
[49] "chr2_235376857_G_A_b38_G" "chr2_235378897_A_T_b38_A"
[51] "chr2_235380311_G_A_b38_G" "chr2_235383464_G_A_b38_G"
[53] "chr2_235385818_T_C_b38_T" "chr2_235399509_A_G_b38_A"
[55] "chr2_235401021_T_A_b38_T" "chr2_235450334_T_C_b38_T"
50 SNP(s) removed because HWE P < 1e-08 :
 [1] "chr19_56880861_A_C_b38_A" "chr19_56881112_T_C_b38_T"
 [3] "chr19_56897051_G_A_b38_G" "chr19_56897273_C_T_b38_C"
 [5] "chr19_56897381_C_T_b38_C" "chr19_56897517_G_A_b38_G"
 [7] "chr19_56897716_A_G_b38_A" "chr19_56897999_G_A_b38_G"
 [9] "chr19_56898532_C_T_b38_C" "chr19_56898553_C_G_b38_C"
[11] "chr19_56898594_C_G_b38_C" "chr19_56898728_G_A_b38_G"
[13] "chr19_56899300_C_T_b38_C" "chr19_56899465_T_C_b38_T"
[15] "chr19_56899476_T_C_b38_T" "chr19_56899525_A_G_b38_A"
[17] "chr19_56899533_T_G_b38_T" "chr19_56899716_G_A_b38_G"
[19] "chr19_56899993_C_T_b38_C" "chr19_56900001_C_T_b38_C"
[21] "chr19_56907310_T_C_b38_T" "chr19_56911826_C_A_b38_C"
[23] "chr19_56952981_G_A_b38_G" "chr19_56953673_G_A_b38_G"
[25] "chr19_56968869_G_T_b38_G" "chr19_57005112_A_C_b38_A"
[27] "chr19_57011531_G_C_b38_G" "chr19_57018332_C_T_b38_C"
[29] "chr19_57089662_C_T_b38_C" "chr19_57119107_A_G_b38_A"
[31] "chr19_57148957_A_G_b38_A" "chr19_57273266_T_C_b38_T"
[33] "chr19_57327519_A_G_b38_A" "chr19_57491917_T_C_b38_T"
[35] "chr19_57504961_T_C_b38_T" "chr19_57505106_T_C_b38_T"
[37] "chr19_57647375_A_G_b38_A" "chr19_57751426_G_A_b38_G"
[39] "chr19_57752631_G_A_b38_G" "chr19_57756063_T_A_b38_T"
[41] "chr19_57757586_A_G_b38_A" "chr19_57759386_G_A_b38_G"
[43] "chr19_57761218_G_A_b38_G" "chr19_57765534_C_T_b38_C"
[45] "chr19_57765603_G_A_b38_G" "chr19_57765790_A_G_b38_A"
[47] "chr19_57767658_G_A_b38_G" "chr19_57773705_A_C_b38_A"
[49] "chr19_57774165_G_C_b38_G" "chr19_57778641_T_C_b38_T"
20 SNP(s) removed because HWE P < 1e-08 :
 [1] "chr19_38174738_G_T_b38_G" "chr19_38180796_T_C_b38_T"
 [3] "chr19_38214597_T_C_b38_T" "chr19_38214736_T_C_b38_T"
 [5] "chr19_38416353_T_C_b38_T" "chr19_38546722_T_C_b38_T"
 [7] "chr19_38546723_G_C_b38_G" "chr19_38546724_G_A_b38_G"
 [9] "chr19_38546727_A_G_b38_A" "chr19_38546760_T_C_b38_T"
[11] "chr19_38546763_G_C_b38_G" "chr19_38546775_G_A_b38_G"
[13] "chr19_38546777_C_A_b38_C" "chr19_38546780_T_C_b38_T"
[15] "chr19_38546781_G_A_b38_G" "chr19_38546789_T_A_b38_T"
[17] "chr19_38546812_T_C_b38_T" "chr19_38546818_G_A_b38_G"
[19] "chr19_38546820_T_C_b38_T" "chr19_38546821_G_A_b38_G"
71 SNP(s) removed because HWE P < 1e-08 :
 [1] "chr11_18226152_T_C_b38_T" "chr11_18245884_C_T_b38_C"
 [3] "chr11_18245887_A_G_b38_A" "chr11_18245888_A_G_b38_A"
 [5] "chr11_18245916_A_G_b38_A" "chr11_18245924_A_G_b38_A"
 [7] "chr11_18245931_G_A_b38_G" "chr11_18247011_C_T_b38_C"
 [9] "chr11_18247280_A_G_b38_A" "chr11_18247406_A_C_b38_A"
[11] "chr11_18247498_C_T_b38_C" "chr11_18247559_G_A_b38_G"
[13] "chr11_18247567_C_T_b38_C" "chr11_18250382_T_G_b38_T"
[15] "chr11_18250426_C_A_b38_C" "chr11_18250866_A_G_b38_A"
[17] "chr11_18250963_A_C_b38_A" "chr11_18251799_T_A_b38_T"
[19] "chr11_18252472_C_T_b38_C" "chr11_18252473_C_G_b38_C"
[21] "chr11_18252582_T_C_b38_T" "chr11_18252653_G_A_b38_G"
[23] "chr11_18252856_C_T_b38_C" "chr11_18252892_G_A_b38_G"
[25] "chr11_18252893_C_T_b38_C" "chr11_18252918_T_C_b38_T"
[27] "chr11_18258520_G_A_b38_G" "chr11_18269089_A_T_b38_A"
[29] "chr11_18269190_T_G_b38_T" "chr11_18269312_C_T_b38_C"
[31] "chr11_18269319_T_C_b38_T" "chr11_18269327_T_C_b38_T"
[33] "chr11_18588818_C_A_b38_C" "chr11_18741490_T_C_b38_T"
[35] "chr11_18766991_T_C_b38_T" "chr11_18767012_T_A_b38_T"
[37] "chr11_18767209_G_C_b38_G" "chr11_18769547_T_C_b38_T"
[39] "chr11_18770042_C_G_b38_C" "chr11_18770099_C_T_b38_C"
[41] "chr11_18920301_C_T_b38_C" "chr11_18920304_G_A_b38_G"
[43] "chr11_18920308_G_C_b38_G" "chr11_18920325_A_G_b38_A"
[45] "chr11_18920328_G_A_b38_G" "chr11_18920400_C_A_b38_C"
[47] "chr11_18920404_A_T_b38_A" "chr11_18920449_G_T_b38_G"
[49] "chr11_18920455_T_C_b38_T" "chr11_18920467_T_A_b38_T"
[51] "chr11_18920471_A_G_b38_A" "chr11_18920481_G_A_b38_G"
[53] "chr11_18920482_G_C_b38_G" "chr11_18920508_A_G_b38_A"
[55] "chr11_18942596_G_T_b38_G" "chr11_18942602_T_C_b38_T"
[57] "chr11_18942614_T_A_b38_T" "chr11_18942618_A_G_b38_A"
[59] "chr11_18942628_G_A_b38_G" "chr11_18942629_G_C_b38_G"
[61] "chr11_18964809_A_T_b38_A" "chr11_18964813_C_G_b38_C"
[63] "chr11_18964821_A_C_b38_A" "chr11_18964846_A_G_b38_A"
[65] "chr11_18964870_C_T_b38_C" "chr11_18964903_G_C_b38_G"
[67] "chr11_18992733_A_G_b38_A" "chr11_18993466_T_A_b38_T"
[69] "chr11_18997903_T_C_b38_T" "chr11_18998417_T_C_b38_T"
[71] "chr11_19060482_G_C_b38_G"
69 SNP(s) removed because HWE P < 1e-08 :
 [1] "chr8_81253423_T_C_b38_T" "chr8_81281143_C_T_b38_C"
 [3] "chr8_81289273_A_T_b38_A" "chr8_81297255_A_G_b38_A"
 [5] "chr8_81299436_C_T_b38_C" "chr8_81300344_T_C_b38_T"
 [7] "chr8_81325559_T_C_b38_T" "chr8_81327049_C_G_b38_C"
 [9] "chr8_81327156_T_G_b38_T" "chr8_81327252_A_G_b38_A"
[11] "chr8_81327333_T_C_b38_T" "chr8_81327394_A_G_b38_A"
[13] "chr8_81328362_A_G_b38_A" "chr8_81328531_C_A_b38_C"
[15] "chr8_81329064_T_A_b38_T" "chr8_81329094_T_G_b38_T"
[17] "chr8_81329957_C_T_b38_C" "chr8_81330786_A_G_b38_A"
[19] "chr8_81330873_T_C_b38_T" "chr8_81331043_A_C_b38_A"
[21] "chr8_81331131_T_C_b38_T" "chr8_81331608_C_T_b38_C"
[23] "chr8_81331614_C_T_b38_C" "chr8_81331709_T_G_b38_T"
[25] "chr8_81331864_A_G_b38_A" "chr8_81331877_C_T_b38_C"
[27] "chr8_81332098_G_A_b38_G" "chr8_81332283_A_G_b38_A"
[29] "chr8_81332524_C_T_b38_C" "chr8_81332904_A_T_b38_A"
[31] "chr8_81332906_C_T_b38_C" "chr8_81333125_G_A_b38_G"
[33] "chr8_81333194_G_T_b38_G" "chr8_81333216_T_C_b38_T"
[35] "chr8_81333791_C_T_b38_C" "chr8_81334313_T_C_b38_T"
[37] "chr8_81335686_A_G_b38_A" "chr8_81336303_C_T_b38_C"
[39] "chr8_81464464_C_T_b38_C" "chr8_81468508_A_T_b38_A"
[41] "chr8_81468888_A_G_b38_A" "chr8_81469332_T_C_b38_T"
[43] "chr8_81469415_G_A_b38_G" "chr8_81470506_G_A_b38_G"
[45] "chr8_81470621_C_T_b38_C" "chr8_81471159_T_G_b38_T"
[47] "chr8_81514819_A_C_b38_A" "chr8_81515555_C_T_b38_C"
[49] "chr8_81518769_T_C_b38_T" "chr8_81527961_G_T_b38_G"
[51] "chr8_81900677_A_T_b38_A" "chr8_81900680_C_T_b38_C"
[53] "chr8_81900761_G_T_b38_G" "chr8_81900762_G_A_b38_G"
[55] "chr8_81900773_G_A_b38_G" "chr8_81900776_G_T_b38_G"
[57] "chr8_81900779_T_C_b38_T" "chr8_81900782_C_T_b38_C"
[59] "chr8_81900783_T_C_b38_T" "chr8_81900784_G_A_b38_G"
[61] "chr8_81900789_T_C_b38_T" "chr8_81900796_C_G_b38_C"
[63] "chr8_81900800_G_C_b38_G" "chr8_82127185_G_A_b38_G"
[65] "chr8_82127192_C_G_b38_C" "chr8_82129772_G_C_b38_G"
[67] "chr8_82130336_C_T_b38_C" "chr8_82136891_C_T_b38_C"
[69] "chr8_82137774_C_G_b38_C"
37 SNP(s) removed because HWE P < 1e-08 :
 [1] "chr16_24109784_G_A_b38_G" "chr16_24227690_G_C_b38_G"
 [3] "chr16_24233628_G_C_b38_G" "chr16_24496566_C_T_b38_C"
 [5] "chr16_24496764_C_A_b38_C" "chr16_24499309_C_T_b38_C"
 [7] "chr16_24870481_A_C_b38_A" "chr16_24873006_G_A_b38_G"
 [9] "chr16_24884357_A_G_b38_A" "chr16_24917601_A_G_b38_A"
[11] "chr16_24917765_G_A_b38_G" "chr16_24917986_T_C_b38_T"
[13] "chr16_24919227_T_C_b38_T" "chr16_24920477_C_T_b38_C"
[15] "chr16_24920573_A_G_b38_A" "chr16_24921599_T_C_b38_T"
[17] "chr16_24923143_G_T_b38_G" "chr16_24924245_T_C_b38_T"
[19] "chr16_24924716_A_T_b38_A" "chr16_24925306_A_G_b38_A"
[21] "chr16_24927264_T_C_b38_T" "chr16_24932825_T_C_b38_T"
[23] "chr16_24940578_A_G_b38_A" "chr16_24943087_G_A_b38_G"
[25] "chr16_24943465_A_G_b38_A" "chr16_24945135_A_G_b38_A"
[27] "chr16_24945229_T_G_b38_T" "chr16_24945237_A_C_b38_A"
[29] "chr16_24947347_A_C_b38_A" "chr16_24947664_G_A_b38_G"
[31] "chr16_24948730_C_G_b38_C" "chr16_24950568_T_C_b38_T"
[33] "chr16_24952718_T_C_b38_T" "chr16_24953197_T_C_b38_T"
[35] "chr16_24953395_G_T_b38_G" "chr16_24953714_C_T_b38_C"
[37] "chr16_24955202_T_C_b38_T"
39 SNP(s) removed because HWE P < 1e-08 :
 [1] "chr22_49765666_G_C_b38_G" "chr22_49770965_G_C_b38_G"
 [3] "chr22_49837507_C_G_b38_C" "chr22_49846939_C_A_b38_C"
 [5] "chr22_49848251_T_C_b38_T" "chr22_49872508_G_A_b38_G"
 [7] "chr22_49880142_T_C_b38_T" "chr22_49880243_G_T_b38_G"
 [9] "chr22_49883047_G_C_b38_G" "chr22_49894697_A_G_b38_A"
[11] "chr22_49906790_T_C_b38_T" "chr22_49921580_T_C_b38_T"
[13] "chr22_49921715_C_A_b38_C" "chr22_49973759_T_C_b38_T"
[15] "chr22_50013858_A_C_b38_A" "chr22_50357867_G_A_b38_G"
[17] "chr22_50371703_G_C_b38_G" "chr22_50418711_G_A_b38_G"
[19] "chr22_50424402_A_C_b38_A" "chr22_50424421_C_A_b38_C"
[21] "chr22_50424423_C_T_b38_C" "chr22_50495487_G_A_b38_G"
[23] "chr22_50495498_T_C_b38_T" "chr22_50495499_G_A_b38_G"
[25] "chr22_50508159_C_G_b38_C" "chr22_50509182_A_G_b38_A"
[27] "chr22_50509488_T_C_b38_T" "chr22_50509962_A_G_b38_A"
[29] "chr22_50510817_C_T_b38_C" "chr22_50510967_T_C_b38_T"
[31] "chr22_50511806_T_C_b38_T" "chr22_50512014_T_C_b38_T"
[33] "chr22_50512298_G_A_b38_G" "chr22_50512549_T_G_b38_T"
[35] "chr22_50513313_G_C_b38_G" "chr22_50513793_G_A_b38_G"
[37] "chr22_50542614_C_T_b38_C" "chr22_50542624_A_T_b38_A"
[39] "chr22_50712000_C_T_b38_C"
10 SNP(s) removed because HWE P < 1e-08 :
 [1] "chr1_85642278_G_A_b38_G" "chr1_85652764_A_G_b38_A"
 [3] "chr1_85775424_T_C_b38_T" "chr1_85784228_A_G_b38_A"
 [5] "chr1_85829058_G_A_b38_G" "chr1_85829062_C_T_b38_C"
 [7] "chr1_85829064_G_A_b38_G" "chr1_85829085_C_G_b38_C"
 [9] "chr1_86165687_T_C_b38_T" "chr1_86165696_A_G_b38_A"
37 SNP(s) removed because HWE P < 1e-08 :
 [1] "chr16_24109784_G_A_b38_G" "chr16_24227690_G_C_b38_G"
 [3] "chr16_24233628_G_C_b38_G" "chr16_24496566_C_T_b38_C"
 [5] "chr16_24496764_C_A_b38_C" "chr16_24499309_C_T_b38_C"
 [7] "chr16_24870481_A_C_b38_A" "chr16_24873006_G_A_b38_G"
 [9] "chr16_24884357_A_G_b38_A" "chr16_24917601_A_G_b38_A"
[11] "chr16_24917765_G_A_b38_G" "chr16_24917986_T_C_b38_T"
[13] "chr16_24919227_T_C_b38_T" "chr16_24920477_C_T_b38_C"
[15] "chr16_24920573_A_G_b38_A" "chr16_24921599_T_C_b38_T"
[17] "chr16_24923143_G_T_b38_G" "chr16_24924245_T_C_b38_T"
[19] "chr16_24924716_A_T_b38_A" "chr16_24925306_A_G_b38_A"
[21] "chr16_24927264_T_C_b38_T" "chr16_24932825_T_C_b38_T"
[23] "chr16_24940578_A_G_b38_A" "chr16_24943087_G_A_b38_G"
[25] "chr16_24943465_A_G_b38_A" "chr16_24945135_A_G_b38_A"
[27] "chr16_24945229_T_G_b38_T" "chr16_24945237_A_C_b38_A"
[29] "chr16_24947347_A_C_b38_A" "chr16_24947664_G_A_b38_G"
[31] "chr16_24948730_C_G_b38_C" "chr16_24950568_T_C_b38_T"
[33] "chr16_24952718_T_C_b38_T" "chr16_24953197_T_C_b38_T"
[35] "chr16_24953395_G_T_b38_G" "chr16_24953714_C_T_b38_C"
[37] "chr16_24955202_T_C_b38_T"
50 SNP(s) removed because HWE P < 1e-08 :
 [1] "chr19_56880861_A_C_b38_A" "chr19_56881112_T_C_b38_T"
 [3] "chr19_56897051_G_A_b38_G" "chr19_56897273_C_T_b38_C"
 [5] "chr19_56897381_C_T_b38_C" "chr19_56897517_G_A_b38_G"
 [7] "chr19_56897716_A_G_b38_A" "chr19_56897999_G_A_b38_G"
 [9] "chr19_56898532_C_T_b38_C" "chr19_56898553_C_G_b38_C"
[11] "chr19_56898594_C_G_b38_C" "chr19_56898728_G_A_b38_G"
[13] "chr19_56899300_C_T_b38_C" "chr19_56899465_T_C_b38_T"
[15] "chr19_56899476_T_C_b38_T" "chr19_56899525_A_G_b38_A"
[17] "chr19_56899533_T_G_b38_T" "chr19_56899716_G_A_b38_G"
[19] "chr19_56899993_C_T_b38_C" "chr19_56900001_C_T_b38_C"
[21] "chr19_56907310_T_C_b38_T" "chr19_56911826_C_A_b38_C"
[23] "chr19_56952981_G_A_b38_G" "chr19_56953673_G_A_b38_G"
[25] "chr19_56968869_G_T_b38_G" "chr19_57005112_A_C_b38_A"
[27] "chr19_57011531_G_C_b38_G" "chr19_57018332_C_T_b38_C"
[29] "chr19_57089662_C_T_b38_C" "chr19_57119107_A_G_b38_A"
[31] "chr19_57148957_A_G_b38_A" "chr19_57273266_T_C_b38_T"
[33] "chr19_57327519_A_G_b38_A" "chr19_57491917_T_C_b38_T"
[35] "chr19_57504961_T_C_b38_T" "chr19_57505106_T_C_b38_T"
[37] "chr19_57647375_A_G_b38_A" "chr19_57751426_G_A_b38_G"
[39] "chr19_57752631_G_A_b38_G" "chr19_57756063_T_A_b38_T"
[41] "chr19_57757586_A_G_b38_A" "chr19_57759386_G_A_b38_G"
[43] "chr19_57761218_G_A_b38_G" "chr19_57765534_C_T_b38_C"
[45] "chr19_57765603_G_A_b38_G" "chr19_57765790_A_G_b38_A"
[47] "chr19_57767658_G_A_b38_G" "chr19_57773705_A_C_b38_A"
[49] "chr19_57774165_G_C_b38_G" "chr19_57778641_T_C_b38_T"
63 SNP(s) removed because HWE P < 1e-08 :
 [1] "chr14_93808110_G_C_b38_G" "chr14_94014026_C_T_b38_C"
 [3] "chr14_94014468_G_C_b38_G" "chr14_94015810_T_A_b38_T"
 [5] "chr14_94029792_C_T_b38_C" "chr14_94029845_C_A_b38_C"
 [7] "chr14_94030098_C_T_b38_C" "chr14_94349903_A_G_b38_A"
 [9] "chr14_94370690_A_G_b38_A" "chr14_94370732_C_A_b38_C"
[11] "chr14_94370742_C_T_b38_C" "chr14_94370745_G_A_b38_G"
[13] "chr14_94378897_G_C_b38_G" "chr14_94378898_T_C_b38_T"
[15] "chr14_94378900_A_G_b38_A" "chr14_94378934_A_T_b38_A"
[17] "chr14_94378941_G_A_b38_G" "chr14_94380003_C_T_b38_C"
[19] "chr14_94380014_T_C_b38_T" "chr14_94380017_G_A_b38_G"
[21] "chr14_94380024_T_C_b38_T" "chr14_94380037_A_G_b38_A"
[23] "chr14_94380042_G_A_b38_G" "chr14_94380048_A_G_b38_A"
[25] "chr14_94380049_T_A_b38_T" "chr14_94380053_A_G_b38_A"
[27] "chr14_94380057_T_C_b38_T" "chr14_94380058_G_A_b38_G"
[29] "chr14_94380063_G_C_b38_G" "chr14_94380085_T_C_b38_T"
[31] "chr14_94380106_C_A_b38_C" "chr14_94380111_C_T_b38_C"
[33] "chr14_94380112_C_T_b38_C" "chr14_94380151_A_G_b38_A"
[35] "chr14_94380152_G_T_b38_G" "chr14_94380164_T_C_b38_T"
[37] "chr14_94380166_C_T_b38_C" "chr14_94380168_G_T_b38_G"
[39] "chr14_94380175_A_G_b38_A" "chr14_94380212_C_T_b38_C"
[41] "chr14_94380215_C_G_b38_C" "chr14_94380222_T_C_b38_T"
[43] "chr14_94380244_A_G_b38_A" "chr14_94380250_C_A_b38_C"
[45] "chr14_94380312_G_A_b38_G" "chr14_94380318_C_T_b38_C"
[47] "chr14_94380322_T_C_b38_T" "chr14_94380324_T_C_b38_T"
[49] "chr14_94380333_C_T_b38_C" "chr14_94380362_C_T_b38_C"
[51] "chr14_94380371_T_C_b38_T" "chr14_94446984_A_T_b38_A"
[53] "chr14_94455670_G_T_b38_G" "chr14_94467053_C_T_b38_C"
[55] "chr14_94468771_C_T_b38_C" "chr14_94578680_G_A_b38_G"
[57] "chr14_94637276_C_T_b38_C" "chr14_94638842_C_T_b38_C"
[59] "chr14_94639184_C_T_b38_C" "chr14_94657781_C_A_b38_C"
[61] "chr14_94717842_A_C_b38_A" "chr14_94757444_A_T_b38_A"
[63] "chr14_94763440_G_A_b38_G"
32 SNP(s) removed because HWE P < 1e-08 :
 [1] "chr19_17504800_T_C_b38_T" "chr19_17504915_T_C_b38_T"
 [3] "chr19_17583443_G_T_b38_G" "chr19_17666011_C_T_b38_C"
 [5] "chr19_17666078_T_C_b38_T" "chr19_17847808_C_T_b38_C"
 [7] "chr19_17847968_T_C_b38_T" "chr19_17901200_G_T_b38_G"
 [9] "chr19_17908396_T_C_b38_T" "chr19_17924720_G_T_b38_G"
[11] "chr19_17928630_T_C_b38_T" "chr19_18036796_G_A_b38_G"
[13] "chr19_18037080_A_T_b38_A" "chr19_18037381_T_C_b38_T"
[15] "chr19_18037783_T_C_b38_T" "chr19_18039165_G_A_b38_G"
[17] "chr19_18039479_C_T_b38_C" "chr19_18039995_T_C_b38_T"
[19] "chr19_18040092_T_C_b38_T" "chr19_18040429_G_T_b38_G"
[21] "chr19_18040432_G_T_b38_G" "chr19_18042127_C_T_b38_C"
[23] "chr19_18042885_A_G_b38_A" "chr19_18043992_G_C_b38_G"
[25] "chr19_18044231_C_G_b38_C" "chr19_18044266_G_C_b38_G"
[27] "chr19_18251693_G_C_b38_G" "chr19_18260387_C_T_b38_C"
[29] "chr19_18262150_C_G_b38_C" "chr19_18265699_G_A_b38_G"
[31] "chr19_18265970_T_C_b38_T" "chr19_18267871_C_A_b38_C"
3 SNP(s) removed because HWE P < 1e-08 :
[1] "chr5_159923315_C_A_b38_C" "chr5_159923448_G_T_b38_G"
[3] "chr5_159923760_C_T_b38_C"
86 SNP(s) removed because HWE P < 1e-08 :
 [1] "chr11_12602581_C_A_b38_C" "chr11_12624958_C_A_b38_C"
 [3] "chr11_12709357_A_C_b38_A" "chr11_12711743_G_T_b38_G"
 [5] "chr11_12712147_G_A_b38_G" "chr11_12714195_C_T_b38_C"
 [7] "chr11_12714879_C_G_b38_C" "chr11_12715017_G_A_b38_G"
 [9] "chr11_12715147_C_T_b38_C" "chr11_12715325_A_G_b38_A"
[11] "chr11_12715946_C_T_b38_C" "chr11_12715993_T_C_b38_T"
[13] "chr11_12717103_G_A_b38_G" "chr11_12717141_C_A_b38_C"
[15] "chr11_12722267_A_G_b38_A" "chr11_12722492_G_A_b38_G"
[17] "chr11_12722623_A_G_b38_A" "chr11_12725406_G_A_b38_G"
[19] "chr11_12726375_G_A_b38_G" "chr11_12730213_C_A_b38_C"
[21] "chr11_12731602_A_G_b38_A" "chr11_12750963_G_C_b38_G"
[23] "chr11_12757747_T_C_b38_T" "chr11_12757888_G_T_b38_G"
[25] "chr11_12758617_C_T_b38_C" "chr11_12758709_T_C_b38_T"
[27] "chr11_12759469_G_A_b38_G" "chr11_12775522_G_C_b38_G"
[29] "chr11_12781165_A_G_b38_A" "chr11_12797262_G_A_b38_G"
[31] "chr11_12801705_T_G_b38_T" "chr11_12806545_C_T_b38_C"
[33] "chr11_12810221_C_T_b38_C" "chr11_12820345_A_C_b38_A"
[35] "chr11_12959220_G_C_b38_G" "chr11_13145421_T_C_b38_T"
[37] "chr11_13159063_A_T_b38_A" "chr11_13160043_T_C_b38_T"
[39] "chr11_13161191_T_G_b38_T" "chr11_13162034_C_T_b38_C"
[41] "chr11_13163679_G_A_b38_G" "chr11_13167486_A_G_b38_A"
[43] "chr11_13167824_C_G_b38_C" "chr11_13168039_T_G_b38_T"
[45] "chr11_13168424_A_T_b38_A" "chr11_13168751_C_A_b38_C"
[47] "chr11_13168868_C_G_b38_C" "chr11_13170516_C_T_b38_C"
[49] "chr11_13171300_T_A_b38_T" "chr11_13171711_G_C_b38_G"
[51] "chr11_13172324_A_C_b38_A" "chr11_13172527_T_C_b38_T"
[53] "chr11_13172742_G_A_b38_G" "chr11_13173008_G_A_b38_G"
[55] "chr11_13173311_A_C_b38_A" "chr11_13173332_G_A_b38_G"
[57] "chr11_13173916_G_A_b38_G" "chr11_13174617_C_T_b38_C"
[59] "chr11_13174658_A_G_b38_A" "chr11_13175460_G_T_b38_G"
[61] "chr11_13175491_T_C_b38_T" "chr11_13176427_A_G_b38_A"
[63] "chr11_13176535_G_A_b38_G" "chr11_13176583_C_T_b38_C"
[65] "chr11_13177356_T_C_b38_T" "chr11_13178288_C_T_b38_C"
[67] "chr11_13178878_C_T_b38_C" "chr11_13179392_C_G_b38_C"
[69] "chr11_13179991_G_A_b38_G" "chr11_13180396_T_C_b38_T"
[71] "chr11_13181122_C_T_b38_C" "chr11_13181132_T_A_b38_T"
[73] "chr11_13181163_T_G_b38_T" "chr11_13181254_G_A_b38_G"
[75] "chr11_13181293_C_T_b38_C" "chr11_13181360_G_A_b38_G"
[77] "chr11_13181664_A_G_b38_A" "chr11_13182114_G_A_b38_G"
[79] "chr11_13182203_G_A_b38_G" "chr11_13182610_C_T_b38_C"
[81] "chr11_13182823_T_C_b38_T" "chr11_13183287_G_A_b38_G"
[83] "chr11_13184213_G_A_b38_G" "chr11_13301971_T_C_b38_T"
[85] "chr11_13316281_G_A_b38_G" "chr11_13395112_C_G_b38_C"
37 SNP(s) removed because HWE P < 1e-08 :
 [1] "chr16_24109784_G_A_b38_G" "chr16_24227690_G_C_b38_G"
 [3] "chr16_24233628_G_C_b38_G" "chr16_24496566_C_T_b38_C"
 [5] "chr16_24496764_C_A_b38_C" "chr16_24499309_C_T_b38_C"
 [7] "chr16_24870481_A_C_b38_A" "chr16_24873006_G_A_b38_G"
 [9] "chr16_24884357_A_G_b38_A" "chr16_24917601_A_G_b38_A"
[11] "chr16_24917765_G_A_b38_G" "chr16_24917986_T_C_b38_T"
[13] "chr16_24919227_T_C_b38_T" "chr16_24920477_C_T_b38_C"
[15] "chr16_24920573_A_G_b38_A" "chr16_24921599_T_C_b38_T"
[17] "chr16_24923143_G_T_b38_G" "chr16_24924245_T_C_b38_T"
[19] "chr16_24924716_A_T_b38_A" "chr16_24925306_A_G_b38_A"
[21] "chr16_24927264_T_C_b38_T" "chr16_24932825_T_C_b38_T"
[23] "chr16_24940578_A_G_b38_A" "chr16_24943087_G_A_b38_G"
[25] "chr16_24943465_A_G_b38_A" "chr16_24945135_A_G_b38_A"
[27] "chr16_24945229_T_G_b38_T" "chr16_24945237_A_C_b38_A"
[29] "chr16_24947347_A_C_b38_A" "chr16_24947664_G_A_b38_G"
[31] "chr16_24948730_C_G_b38_C" "chr16_24950568_T_C_b38_T"
[33] "chr16_24952718_T_C_b38_T" "chr16_24953197_T_C_b38_T"
[35] "chr16_24953395_G_T_b38_G" "chr16_24953714_C_T_b38_C"
[37] "chr16_24955202_T_C_b38_T"
20 SNP(s) removed because HWE P < 1e-08 :
 [1] "chr17_35379518_A_C_b38_A" "chr17_35442015_G_A_b38_G"
 [3] "chr17_35996816_T_G_b38_T" "chr17_36082933_C_A_b38_C"
 [5] "chr17_36083801_G_C_b38_G" "chr17_36083900_T_A_b38_T"
 [7] "chr17_36109988_G_T_b38_G" "chr17_36111300_G_A_b38_G"
 [9] "chr17_36112019_G_A_b38_G" "chr17_36114883_G_A_b38_G"
[11] "chr17_36152807_C_A_b38_C" "chr17_36160669_C_T_b38_C"
[13] "chr17_36161464_T_G_b38_T" "chr17_36163152_C_T_b38_C"
[15] "chr17_36163256_C_T_b38_C" "chr17_36164185_C_T_b38_C"
[17] "chr17_36165283_A_G_b38_A" "chr17_36165307_T_G_b38_T"
[19] "chr17_36229227_G_A_b38_G" "chr17_36229290_G_T_b38_G"
3 SNP(s) removed because HWE P < 1e-08 :
[1] "chr5_159923315_C_A_b38_C" "chr5_159923448_G_T_b38_G"
[3] "chr5_159923760_C_T_b38_C"
26 SNP(s) removed because HWE P < 1e-08 :
 [1] "chr4_48078519_A_C_b38_A" "chr4_48079528_T_C_b38_T"
 [3] "chr4_48085231_T_C_b38_T" "chr4_48085838_G_A_b38_G"
 [5] "chr4_48086052_C_T_b38_C" "chr4_48086429_A_G_b38_A"
 [7] "chr4_48450863_T_C_b38_T" "chr4_48451209_C_T_b38_C"
 [9] "chr4_48452709_A_G_b38_A" "chr4_48711359_T_C_b38_T"
[11] "chr4_48711393_C_T_b38_C" "chr4_48711401_C_A_b38_C"
[13] "chr4_48711410_A_G_b38_A" "chr4_48711421_A_C_b38_A"
[15] "chr4_48711432_G_C_b38_G" "chr4_48711433_G_A_b38_G"
[17] "chr4_48711441_A_C_b38_A" "chr4_48711445_C_T_b38_C"
[19] "chr4_48711447_G_A_b38_G" "chr4_48711466_C_T_b38_C"
[21] "chr4_48711467_A_T_b38_A" "chr4_48711470_G_A_b38_G"
[23] "chr4_48711609_C_T_b38_C" "chr4_48711661_A_G_b38_A"
[25] "chr4_48711678_T_A_b38_T" "chr4_48711716_T_C_b38_T"
22 SNP(s) removed because HWE P < 1e-08 :
 [1] "chr1_162353041_G_C_b38_G" "chr1_162353047_A_C_b38_A"
 [3] "chr1_162477576_G_A_b38_G" "chr1_162481393_G_A_b38_G"
 [5] "chr1_162483630_C_T_b38_C" "chr1_162701799_T_C_b38_T"
 [7] "chr1_162704548_G_A_b38_G" "chr1_162705250_T_C_b38_T"
 [9] "chr1_162706401_C_T_b38_C" "chr1_162710700_T_C_b38_T"
[11] "chr1_162714569_T_C_b38_T" "chr1_162722878_C_G_b38_C"
[13] "chr1_162733892_A_G_b38_A" "chr1_162742199_A_T_b38_A"
[15] "chr1_162742900_G_A_b38_G" "chr1_162743999_G_A_b38_G"
[17] "chr1_162744207_T_C_b38_T" "chr1_162752426_G_A_b38_G"
[19] "chr1_162763446_G_A_b38_G" "chr1_162798738_C_G_b38_C"
[21] "chr1_162803606_G_A_b38_G" "chr1_162909861_T_C_b38_T"
87 SNP(s) removed because HWE P < 1e-08 :
 [1] "chr19_48422639_G_A_b38_G" "chr19_48423349_G_C_b38_G"
 [3] "chr19_48423763_G_A_b38_G" "chr19_48469483_T_C_b38_T"
 [5] "chr19_48469839_G_A_b38_G" "chr19_48471042_A_C_b38_A"
 [7] "chr19_48471181_A_T_b38_A" "chr19_48471447_T_C_b38_T"
 [9] "chr19_48518292_C_T_b38_C" "chr19_48542259_T_C_b38_T"
[11] "chr19_48570380_T_C_b38_T" "chr19_48689126_C_T_b38_C"
[13] "chr19_48689515_G_A_b38_G" "chr19_48689599_A_G_b38_A"
[15] "chr19_48690217_T_C_b38_T" "chr19_48690218_G_T_b38_G"
[17] "chr19_48690221_C_T_b38_C" "chr19_48690328_G_A_b38_G"
[19] "chr19_48690335_T_A_b38_T" "chr19_48690404_A_T_b38_A"
[21] "chr19_48690549_T_C_b38_T" "chr19_48690556_C_A_b38_C"
[23] "chr19_48690595_A_T_b38_A" "chr19_48690601_G_A_b38_G"
[25] "chr19_48690632_C_T_b38_C" "chr19_48690680_G_A_b38_G"
[27] "chr19_48690700_T_A_b38_T" "chr19_48690701_T_A_b38_T"
[29] "chr19_48690848_C_G_b38_C" "chr19_48690970_G_A_b38_G"
[31] "chr19_48691039_T_C_b38_T" "chr19_48691122_G_A_b38_G"
[33] "chr19_48691166_C_T_b38_C" "chr19_48691183_C_T_b38_C"
[35] "chr19_48691269_T_C_b38_T" "chr19_48691505_T_A_b38_T"
[37] "chr19_48691555_C_T_b38_C" "chr19_48691619_T_C_b38_T"
[39] "chr19_48691623_C_T_b38_C" "chr19_48691635_T_C_b38_T"
[41] "chr19_48691651_C_T_b38_C" "chr19_48691652_G_A_b38_G"
[43] "chr19_48691833_A_G_b38_A" "chr19_48692051_T_C_b38_T"
[45] "chr19_48692101_C_T_b38_C" "chr19_48692424_C_T_b38_C"
[47] "chr19_48692425_A_G_b38_A" "chr19_48692510_C_T_b38_C"
[49] "chr19_48692528_T_C_b38_T" "chr19_48692998_G_A_b38_G"
[51] "chr19_48693206_G_A_b38_G" "chr19_48693465_G_A_b38_G"
[53] "chr19_48693829_C_T_b38_C" "chr19_48695750_T_C_b38_T"
[55] "chr19_48696176_T_C_b38_T" "chr19_48725974_T_C_b38_T"
[57] "chr19_48727122_A_G_b38_A" "chr19_48727699_T_G_b38_T"
[59] "chr19_48890217_C_A_b38_C" "chr19_48920990_C_T_b38_C"
[61] "chr19_48942294_G_A_b38_G" "chr19_49010245_T_C_b38_T"
[63] "chr19_49024790_G_A_b38_G" "chr19_49024905_T_C_b38_T"
[65] "chr19_49025018_C_T_b38_C" "chr19_49030775_G_A_b38_G"
[67] "chr19_49031003_C_T_b38_C" "chr19_49037617_G_A_b38_G"
[69] "chr19_49037931_T_C_b38_T" "chr19_49040314_T_C_b38_T"
[71] "chr19_49040316_C_T_b38_C" "chr19_49043523_T_C_b38_T"
[73] "chr19_49043530_T_G_b38_T" "chr19_49043539_T_C_b38_T"
[75] "chr19_49043554_T_C_b38_T" "chr19_49043701_T_C_b38_T"
[77] "chr19_49043703_T_A_b38_T" "chr19_49043844_A_G_b38_A"
[79] "chr19_49043882_C_T_b38_C" "chr19_49043886_G_A_b38_G"
[81] "chr19_49047631_T_G_b38_T" "chr19_49047715_G_C_b38_G"
[83] "chr19_49048571_C_G_b38_C" "chr19_49048578_T_C_b38_T"
[85] "chr19_49203479_T_G_b38_T" "chr19_49208809_G_A_b38_G"
[87] "chr19_49213690_A_G_b38_A"
63 SNP(s) removed because HWE P < 1e-08 :
 [1] "chr14_93808110_G_C_b38_G" "chr14_94014026_C_T_b38_C"
 [3] "chr14_94014468_G_C_b38_G" "chr14_94015810_T_A_b38_T"
 [5] "chr14_94029792_C_T_b38_C" "chr14_94029845_C_A_b38_C"
 [7] "chr14_94030098_C_T_b38_C" "chr14_94349903_A_G_b38_A"
 [9] "chr14_94370690_A_G_b38_A" "chr14_94370732_C_A_b38_C"
[11] "chr14_94370742_C_T_b38_C" "chr14_94370745_G_A_b38_G"
[13] "chr14_94378897_G_C_b38_G" "chr14_94378898_T_C_b38_T"
[15] "chr14_94378900_A_G_b38_A" "chr14_94378934_A_T_b38_A"
[17] "chr14_94378941_G_A_b38_G" "chr14_94380003_C_T_b38_C"
[19] "chr14_94380014_T_C_b38_T" "chr14_94380017_G_A_b38_G"
[21] "chr14_94380024_T_C_b38_T" "chr14_94380037_A_G_b38_A"
[23] "chr14_94380042_G_A_b38_G" "chr14_94380048_A_G_b38_A"
[25] "chr14_94380049_T_A_b38_T" "chr14_94380053_A_G_b38_A"
[27] "chr14_94380057_T_C_b38_T" "chr14_94380058_G_A_b38_G"
[29] "chr14_94380063_G_C_b38_G" "chr14_94380085_T_C_b38_T"
[31] "chr14_94380106_C_A_b38_C" "chr14_94380111_C_T_b38_C"
[33] "chr14_94380112_C_T_b38_C" "chr14_94380151_A_G_b38_A"
[35] "chr14_94380152_G_T_b38_G" "chr14_94380164_T_C_b38_T"
[37] "chr14_94380166_C_T_b38_C" "chr14_94380168_G_T_b38_G"
[39] "chr14_94380175_A_G_b38_A" "chr14_94380212_C_T_b38_C"
[41] "chr14_94380215_C_G_b38_C" "chr14_94380222_T_C_b38_T"
[43] "chr14_94380244_A_G_b38_A" "chr14_94380250_C_A_b38_C"
[45] "chr14_94380312_G_A_b38_G" "chr14_94380318_C_T_b38_C"
[47] "chr14_94380322_T_C_b38_T" "chr14_94380324_T_C_b38_T"
[49] "chr14_94380333_C_T_b38_C" "chr14_94380362_C_T_b38_C"
[51] "chr14_94380371_T_C_b38_T" "chr14_94446984_A_T_b38_A"
[53] "chr14_94455670_G_T_b38_G" "chr14_94467053_C_T_b38_C"
[55] "chr14_94468771_C_T_b38_C" "chr14_94578680_G_A_b38_G"
[57] "chr14_94637276_C_T_b38_C" "chr14_94638842_C_T_b38_C"
[59] "chr14_94639184_C_T_b38_C" "chr14_94657781_C_A_b38_C"
[61] "chr14_94717842_A_C_b38_A" "chr14_94757444_A_T_b38_A"
[63] "chr14_94763440_G_A_b38_G"
51 SNP(s) removed because HWE P < 1e-08 :
 [1] "chr19_50749708_G_C_b38_G" "chr19_50842031_A_G_b38_A"
 [3] "chr19_50896788_T_C_b38_T" "chr19_50897100_A_G_b38_A"
 [5] "chr19_50897145_C_T_b38_C" "chr19_50948431_C_T_b38_C"
 [7] "chr19_50957933_A_G_b38_A" "chr19_51083323_T_G_b38_T"
 [9] "chr19_51107599_A_G_b38_A" "chr19_51107741_T_G_b38_T"
[11] "chr19_51108006_G_A_b38_G" "chr19_51116302_T_C_b38_T"
[13] "chr19_51120922_T_G_b38_T" "chr19_51121015_T_G_b38_T"
[15] "chr19_51121279_T_C_b38_T" "chr19_51121832_A_C_b38_A"
[17] "chr19_51121942_T_C_b38_T" "chr19_51122379_A_G_b38_A"
[19] "chr19_51122568_A_G_b38_A" "chr19_51122642_G_C_b38_G"
[21] "chr19_51123685_A_G_b38_A" "chr19_51136723_A_G_b38_A"
[23] "chr19_51172375_T_C_b38_T" "chr19_51173311_A_G_b38_A"
[25] "chr19_51173876_T_C_b38_T" "chr19_51184134_C_T_b38_C"
[27] "chr19_51201503_A_G_b38_A" "chr19_51208344_T_C_b38_T"
[29] "chr19_51208365_C_T_b38_C" "chr19_51212754_T_C_b38_T"
[31] "chr19_51235665_T_C_b38_T" "chr19_51251278_A_C_b38_A"
[33] "chr19_51280161_A_G_b38_A" "chr19_51280387_C_T_b38_C"
[35] "chr19_51281207_G_A_b38_G" "chr19_51282770_C_G_b38_C"
[37] "chr19_51283428_T_C_b38_T" "chr19_51284112_C_T_b38_C"
[39] "chr19_51284184_A_C_b38_A" "chr19_51285176_C_A_b38_C"
[41] "chr19_51285861_G_A_b38_G" "chr19_51287738_T_C_b38_T"
[43] "chr19_51290510_A_C_b38_A" "chr19_51291857_T_G_b38_T"
[45] "chr19_51293045_T_C_b38_T" "chr19_51298175_C_T_b38_C"
[47] "chr19_51358092_C_G_b38_C" "chr19_51447917_C_T_b38_C"
[49] "chr19_51447928_A_G_b38_A" "chr19_51448049_T_G_b38_T"
[51] "chr19_51457686_A_G_b38_A"
10 SNP(s) removed because HWE P < 1e-08 :
 [1] "chr1_85642278_G_A_b38_G" "chr1_85652764_A_G_b38_A"
 [3] "chr1_85775424_T_C_b38_T" "chr1_85784228_A_G_b38_A"
 [5] "chr1_85829058_G_A_b38_G" "chr1_85829062_C_T_b38_C"
 [7] "chr1_85829064_G_A_b38_G" "chr1_85829085_C_G_b38_C"
 [9] "chr1_86165687_T_C_b38_T" "chr1_86165696_A_G_b38_A"
6 SNP(s) removed because HWE P < 1e-08 :
[1] "chr17_28439190_A_C_b38_A" "chr17_28439714_T_C_b38_T"
[3] "chr17_28441937_G_A_b38_G" "chr17_28452019_C_T_b38_C"
[5] "chr17_28452207_C_G_b38_C" "chr17_28459762_C_A_b38_C"
6 SNP(s) removed because HWE P < 1e-08 :
[1] "chr17_28439190_A_C_b38_A" "chr17_28439714_T_C_b38_T"
[3] "chr17_28441937_G_A_b38_G" "chr17_28452019_C_T_b38_C"
[5] "chr17_28452207_C_G_b38_C" "chr17_28459762_C_A_b38_C"
51 SNP(s) removed because HWE P < 1e-08 :
 [1] "chr19_50749708_G_C_b38_G" "chr19_50842031_A_G_b38_A"
 [3] "chr19_50896788_T_C_b38_T" "chr19_50897100_A_G_b38_A"
 [5] "chr19_50897145_C_T_b38_C" "chr19_50948431_C_T_b38_C"
 [7] "chr19_50957933_A_G_b38_A" "chr19_51083323_T_G_b38_T"
 [9] "chr19_51107599_A_G_b38_A" "chr19_51107741_T_G_b38_T"
[11] "chr19_51108006_G_A_b38_G" "chr19_51116302_T_C_b38_T"
[13] "chr19_51120922_T_G_b38_T" "chr19_51121015_T_G_b38_T"
[15] "chr19_51121279_T_C_b38_T" "chr19_51121832_A_C_b38_A"
[17] "chr19_51121942_T_C_b38_T" "chr19_51122379_A_G_b38_A"
[19] "chr19_51122568_A_G_b38_A" "chr19_51122642_G_C_b38_G"
[21] "chr19_51123685_A_G_b38_A" "chr19_51136723_A_G_b38_A"
[23] "chr19_51172375_T_C_b38_T" "chr19_51173311_A_G_b38_A"
[25] "chr19_51173876_T_C_b38_T" "chr19_51184134_C_T_b38_C"
[27] "chr19_51201503_A_G_b38_A" "chr19_51208344_T_C_b38_T"
[29] "chr19_51208365_C_T_b38_C" "chr19_51212754_T_C_b38_T"
[31] "chr19_51235665_T_C_b38_T" "chr19_51251278_A_C_b38_A"
[33] "chr19_51280161_A_G_b38_A" "chr19_51280387_C_T_b38_C"
[35] "chr19_51281207_G_A_b38_G" "chr19_51282770_C_G_b38_C"
[37] "chr19_51283428_T_C_b38_T" "chr19_51284112_C_T_b38_C"
[39] "chr19_51284184_A_C_b38_A" "chr19_51285176_C_A_b38_C"
[41] "chr19_51285861_G_A_b38_G" "chr19_51287738_T_C_b38_T"
[43] "chr19_51290510_A_C_b38_A" "chr19_51291857_T_G_b38_T"
[45] "chr19_51293045_T_C_b38_T" "chr19_51298175_C_T_b38_C"
[47] "chr19_51358092_C_G_b38_C" "chr19_51447917_C_T_b38_C"
[49] "chr19_51447928_A_G_b38_A" "chr19_51448049_T_G_b38_T"
[51] "chr19_51457686_A_G_b38_A"
39 SNP(s) removed because HWE P < 1e-08 :
 [1] "chr22_49765666_G_C_b38_G" "chr22_49770965_G_C_b38_G"
 [3] "chr22_49837507_C_G_b38_C" "chr22_49846939_C_A_b38_C"
 [5] "chr22_49848251_T_C_b38_T" "chr22_49872508_G_A_b38_G"
 [7] "chr22_49880142_T_C_b38_T" "chr22_49880243_G_T_b38_G"
 [9] "chr22_49883047_G_C_b38_G" "chr22_49894697_A_G_b38_A"
[11] "chr22_49906790_T_C_b38_T" "chr22_49921580_T_C_b38_T"
[13] "chr22_49921715_C_A_b38_C" "chr22_49973759_T_C_b38_T"
[15] "chr22_50013858_A_C_b38_A" "chr22_50357867_G_A_b38_G"
[17] "chr22_50371703_G_C_b38_G" "chr22_50418711_G_A_b38_G"
[19] "chr22_50424402_A_C_b38_A" "chr22_50424421_C_A_b38_C"
[21] "chr22_50424423_C_T_b38_C" "chr22_50495487_G_A_b38_G"
[23] "chr22_50495498_T_C_b38_T" "chr22_50495499_G_A_b38_G"
[25] "chr22_50508159_C_G_b38_C" "chr22_50509182_A_G_b38_A"
[27] "chr22_50509488_T_C_b38_T" "chr22_50509962_A_G_b38_A"
[29] "chr22_50510817_C_T_b38_C" "chr22_50510967_T_C_b38_T"
[31] "chr22_50511806_T_C_b38_T" "chr22_50512014_T_C_b38_T"
[33] "chr22_50512298_G_A_b38_G" "chr22_50512549_T_G_b38_T"
[35] "chr22_50513313_G_C_b38_G" "chr22_50513793_G_A_b38_G"
[37] "chr22_50542614_C_T_b38_C" "chr22_50542624_A_T_b38_A"
[39] "chr22_50712000_C_T_b38_C"
6 SNP(s) removed because HWE P < 1e-08 :
[1] "chr17_28439190_A_C_b38_A" "chr17_28439714_T_C_b38_T"
[3] "chr17_28441937_G_A_b38_G" "chr17_28452019_C_T_b38_C"
[5] "chr17_28452207_C_G_b38_C" "chr17_28459762_C_A_b38_C"
65 SNP(s) removed because HWE P < 1e-08 :
 [1] "chr17_74438470_G_A_b38_G" "chr17_74438820_G_A_b38_G"
 [3] "chr17_74444547_G_A_b38_G" "chr17_74444936_T_C_b38_T"
 [5] "chr17_74476452_A_G_b38_A" "chr17_74482521_C_G_b38_C"
 [7] "chr17_74485605_A_G_b38_A" "chr17_74486522_T_A_b38_T"
 [9] "chr17_74505898_T_C_b38_T" "chr17_74508580_A_G_b38_A"
[11] "chr17_74512286_A_G_b38_A" "chr17_74548210_C_T_b38_C"
[13] "chr17_74552201_G_A_b38_G" "chr17_74573772_A_T_b38_A"
[15] "chr17_74612253_C_G_b38_C" "chr17_74699072_C_T_b38_C"
[17] "chr17_74729628_A_G_b38_A" "chr17_74731318_A_G_b38_A"
[19] "chr17_74732625_A_T_b38_A" "chr17_74777655_C_A_b38_C"
[21] "chr17_74873058_T_C_b38_T" "chr17_74909375_A_G_b38_A"
[23] "chr17_74911638_T_C_b38_T" "chr17_74952863_T_A_b38_T"
[25] "chr17_74954731_C_T_b38_C" "chr17_74954779_C_T_b38_C"
[27] "chr17_74954832_T_C_b38_T" "chr17_74955750_G_A_b38_G"
[29] "chr17_74963955_A_G_b38_A" "chr17_74964762_A_G_b38_A"
[31] "chr17_74975213_T_C_b38_T" "chr17_74979334_A_G_b38_A"
[33] "chr17_74982984_T_C_b38_T" "chr17_74985680_G_A_b38_G"
[35] "chr17_75112345_C_T_b38_C" "chr17_75226770_G_A_b38_G"
[37] "chr17_75232609_C_A_b38_C" "chr17_75240043_A_G_b38_A"
[39] "chr17_75251125_A_G_b38_A" "chr17_75251168_T_C_b38_T"
[41] "chr17_75253668_G_A_b38_G" "chr17_75253674_C_T_b38_C"
[43] "chr17_75253688_T_C_b38_T" "chr17_75253716_T_C_b38_T"
[45] "chr17_75254171_G_C_b38_G" "chr17_75254915_C_G_b38_C"
[47] "chr17_75255933_T_C_b38_T" "chr17_75256842_A_G_b38_A"
[49] "chr17_75256919_G_A_b38_G" "chr17_75257671_A_G_b38_A"
[51] "chr17_75258457_G_T_b38_G" "chr17_75258472_A_C_b38_A"
[53] "chr17_75258996_G_C_b38_G" "chr17_75260224_T_C_b38_T"
[55] "chr17_75260452_T_C_b38_T" "chr17_75271692_G_A_b38_G"
[57] "chr17_75281056_A_G_b38_A" "chr17_75282131_T_C_b38_T"
[59] "chr17_75298489_T_A_b38_T" "chr17_75314492_C_T_b38_C"
[61] "chr17_75353019_A_G_b38_A" "chr17_75353416_T_C_b38_T"
[63] "chr17_75361505_G_A_b38_G" "chr17_75362178_C_T_b38_C"
[65] "chr17_75363365_T_C_b38_T"
49 SNP(s) removed because HWE P < 1e-08 :
 [1] "chr19_51083323_T_G_b38_T" "chr19_51107599_A_G_b38_A"
 [3] "chr19_51107741_T_G_b38_T" "chr19_51108006_G_A_b38_G"
 [5] "chr19_51116302_T_C_b38_T" "chr19_51120922_T_G_b38_T"
 [7] "chr19_51121015_T_G_b38_T" "chr19_51121279_T_C_b38_T"
 [9] "chr19_51121832_A_C_b38_A" "chr19_51121942_T_C_b38_T"
[11] "chr19_51122379_A_G_b38_A" "chr19_51122568_A_G_b38_A"
[13] "chr19_51122642_G_C_b38_G" "chr19_51123685_A_G_b38_A"
[15] "chr19_51136723_A_G_b38_A" "chr19_51172375_T_C_b38_T"
[17] "chr19_51173311_A_G_b38_A" "chr19_51173876_T_C_b38_T"
[19] "chr19_51184134_C_T_b38_C" "chr19_51201503_A_G_b38_A"
[21] "chr19_51208344_T_C_b38_T" "chr19_51208365_C_T_b38_C"
[23] "chr19_51212754_T_C_b38_T" "chr19_51235665_T_C_b38_T"
[25] "chr19_51251278_A_C_b38_A" "chr19_51280161_A_G_b38_A"
[27] "chr19_51280387_C_T_b38_C" "chr19_51281207_G_A_b38_G"
[29] "chr19_51282770_C_G_b38_C" "chr19_51283428_T_C_b38_T"
[31] "chr19_51284112_C_T_b38_C" "chr19_51284184_A_C_b38_A"
[33] "chr19_51285176_C_A_b38_C" "chr19_51285861_G_A_b38_G"
[35] "chr19_51287738_T_C_b38_T" "chr19_51290510_A_C_b38_A"
[37] "chr19_51291857_T_G_b38_T" "chr19_51293045_T_C_b38_T"
[39] "chr19_51298175_C_T_b38_C" "chr19_51358092_C_G_b38_C"
[41] "chr19_51447917_C_T_b38_C" "chr19_51447928_A_G_b38_A"
[43] "chr19_51448049_T_G_b38_T" "chr19_51457686_A_G_b38_A"
[45] "chr19_51780129_T_C_b38_T" "chr19_51780359_A_G_b38_A"
[47] "chr19_51848424_G_A_b38_G" "chr19_51875933_G_A_b38_G"
[49] "chr19_51876393_G_A_b38_G"
22 SNP(s) removed because HWE P < 1e-08 :
 [1] "chr1_162353041_G_C_b38_G" "chr1_162353047_A_C_b38_A"
 [3] "chr1_162477576_G_A_b38_G" "chr1_162481393_G_A_b38_G"
 [5] "chr1_162483630_C_T_b38_C" "chr1_162701799_T_C_b38_T"
 [7] "chr1_162704548_G_A_b38_G" "chr1_162705250_T_C_b38_T"
 [9] "chr1_162706401_C_T_b38_C" "chr1_162710700_T_C_b38_T"
[11] "chr1_162714569_T_C_b38_T" "chr1_162722878_C_G_b38_C"
[13] "chr1_162733892_A_G_b38_A" "chr1_162742199_A_T_b38_A"
[15] "chr1_162742900_G_A_b38_G" "chr1_162743999_G_A_b38_G"
[17] "chr1_162744207_T_C_b38_T" "chr1_162752426_G_A_b38_G"
[19] "chr1_162763446_G_A_b38_G" "chr1_162798738_C_G_b38_C"
[21] "chr1_162803606_G_A_b38_G" "chr1_162909861_T_C_b38_T"
51 SNP(s) removed because HWE P < 1e-08 :
 [1] "chr19_50749708_G_C_b38_G" "chr19_50842031_A_G_b38_A"
 [3] "chr19_50896788_T_C_b38_T" "chr19_50897100_A_G_b38_A"
 [5] "chr19_50897145_C_T_b38_C" "chr19_50948431_C_T_b38_C"
 [7] "chr19_50957933_A_G_b38_A" "chr19_51083323_T_G_b38_T"
 [9] "chr19_51107599_A_G_b38_A" "chr19_51107741_T_G_b38_T"
[11] "chr19_51108006_G_A_b38_G" "chr19_51116302_T_C_b38_T"
[13] "chr19_51120922_T_G_b38_T" "chr19_51121015_T_G_b38_T"
[15] "chr19_51121279_T_C_b38_T" "chr19_51121832_A_C_b38_A"
[17] "chr19_51121942_T_C_b38_T" "chr19_51122379_A_G_b38_A"
[19] "chr19_51122568_A_G_b38_A" "chr19_51122642_G_C_b38_G"
[21] "chr19_51123685_A_G_b38_A" "chr19_51136723_A_G_b38_A"
[23] "chr19_51172375_T_C_b38_T" "chr19_51173311_A_G_b38_A"
[25] "chr19_51173876_T_C_b38_T" "chr19_51184134_C_T_b38_C"
[27] "chr19_51201503_A_G_b38_A" "chr19_51208344_T_C_b38_T"
[29] "chr19_51208365_C_T_b38_C" "chr19_51212754_T_C_b38_T"
[31] "chr19_51235665_T_C_b38_T" "chr19_51251278_A_C_b38_A"
[33] "chr19_51280161_A_G_b38_A" "chr19_51280387_C_T_b38_C"
[35] "chr19_51281207_G_A_b38_G" "chr19_51282770_C_G_b38_C"
[37] "chr19_51283428_T_C_b38_T" "chr19_51284112_C_T_b38_C"
[39] "chr19_51284184_A_C_b38_A" "chr19_51285176_C_A_b38_C"
[41] "chr19_51285861_G_A_b38_G" "chr19_51287738_T_C_b38_T"
[43] "chr19_51290510_A_C_b38_A" "chr19_51291857_T_G_b38_T"
[45] "chr19_51293045_T_C_b38_T" "chr19_51298175_C_T_b38_C"
[47] "chr19_51358092_C_G_b38_C" "chr19_51447917_C_T_b38_C"
[49] "chr19_51447928_A_G_b38_A" "chr19_51448049_T_G_b38_T"
[51] "chr19_51457686_A_G_b38_A"
12 SNP(s) removed because HWE P < 1e-08 :
 [1] "chr16_74534394_G_A_b38_G" "chr16_74575926_C_G_b38_C"
 [3] "chr16_74840723_G_A_b38_G" "chr16_74915861_A_T_b38_A"
 [5] "chr16_74919123_G_A_b38_G" "chr16_75025074_A_T_b38_A"
 [7] "chr16_75031193_A_G_b38_A" "chr16_75042840_G_T_b38_G"
 [9] "chr16_75048097_C_T_b38_C" "chr16_75050292_G_A_b38_G"
[11] "chr16_75061460_C_T_b38_C" "chr16_75492272_A_C_b38_A"
49 SNP(s) removed because HWE P < 1e-08 :
 [1] "chr19_51083323_T_G_b38_T" "chr19_51107599_A_G_b38_A"
 [3] "chr19_51107741_T_G_b38_T" "chr19_51108006_G_A_b38_G"
 [5] "chr19_51116302_T_C_b38_T" "chr19_51120922_T_G_b38_T"
 [7] "chr19_51121015_T_G_b38_T" "chr19_51121279_T_C_b38_T"
 [9] "chr19_51121832_A_C_b38_A" "chr19_51121942_T_C_b38_T"
[11] "chr19_51122379_A_G_b38_A" "chr19_51122568_A_G_b38_A"
[13] "chr19_51122642_G_C_b38_G" "chr19_51123685_A_G_b38_A"
[15] "chr19_51136723_A_G_b38_A" "chr19_51172375_T_C_b38_T"
[17] "chr19_51173311_A_G_b38_A" "chr19_51173876_T_C_b38_T"
[19] "chr19_51184134_C_T_b38_C" "chr19_51201503_A_G_b38_A"
[21] "chr19_51208344_T_C_b38_T" "chr19_51208365_C_T_b38_C"
[23] "chr19_51212754_T_C_b38_T" "chr19_51235665_T_C_b38_T"
[25] "chr19_51251278_A_C_b38_A" "chr19_51280161_A_G_b38_A"
[27] "chr19_51280387_C_T_b38_C" "chr19_51281207_G_A_b38_G"
[29] "chr19_51282770_C_G_b38_C" "chr19_51283428_T_C_b38_T"
[31] "chr19_51284112_C_T_b38_C" "chr19_51284184_A_C_b38_A"
[33] "chr19_51285176_C_A_b38_C" "chr19_51285861_G_A_b38_G"
[35] "chr19_51287738_T_C_b38_T" "chr19_51290510_A_C_b38_A"
[37] "chr19_51291857_T_G_b38_T" "chr19_51293045_T_C_b38_T"
[39] "chr19_51298175_C_T_b38_C" "chr19_51358092_C_G_b38_C"
[41] "chr19_51447917_C_T_b38_C" "chr19_51447928_A_G_b38_A"
[43] "chr19_51448049_T_G_b38_T" "chr19_51457686_A_G_b38_A"
[45] "chr19_51780129_T_C_b38_T" "chr19_51780359_A_G_b38_A"
[47] "chr19_51848424_G_A_b38_G" "chr19_51875933_G_A_b38_G"
[49] "chr19_51876393_G_A_b38_G"
49 SNP(s) removed because HWE P < 1e-08 :
 [1] "chr2_19854296_G_A_b38_G" "chr2_19854631_G_A_b38_G"
 [3] "chr2_19855679_A_G_b38_A" "chr2_19862282_G_A_b38_G"
 [5] "chr2_20242548_G_A_b38_G" "chr2_20454526_G_A_b38_G"
 [7] "chr2_20556103_G_C_b38_G" "chr2_20556457_T_G_b38_T"
 [9] "chr2_20556475_A_C_b38_A" "chr2_20557140_C_T_b38_C"
[11] "chr2_20558843_T_C_b38_T" "chr2_20559145_G_C_b38_G"
[13] "chr2_20559775_G_T_b38_G" "chr2_20560029_A_C_b38_A"
[15] "chr2_20561309_G_C_b38_G" "chr2_20564730_C_T_b38_C"
[17] "chr2_20577011_A_C_b38_A" "chr2_20577996_A_G_b38_A"
[19] "chr2_20602489_T_G_b38_T" "chr2_20637043_G_C_b38_G"
[21] "chr2_20637048_G_C_b38_G" "chr2_20789774_A_T_b38_A"
[23] "chr2_20794006_T_C_b38_T" "chr2_20794063_A_G_b38_A"
[25] "chr2_20794958_T_C_b38_T" "chr2_20805159_T_C_b38_T"
[27] "chr2_20805216_G_A_b38_G" "chr2_20810884_C_T_b38_C"
[29] "chr2_20810943_T_C_b38_T" "chr2_20810986_T_G_b38_T"
[31] "chr2_20811104_A_G_b38_A" "chr2_20811135_A_G_b38_A"
[33] "chr2_20815845_G_A_b38_G" "chr2_20816613_C_A_b38_C"
[35] "chr2_20816633_C_T_b38_C" "chr2_20819870_G_A_b38_G"
[37] "chr2_20820030_C_T_b38_C" "chr2_20820246_T_C_b38_T"
[39] "chr2_20821143_C_T_b38_C" "chr2_20822329_A_G_b38_A"
[41] "chr2_20822432_G_C_b38_G" "chr2_20822598_G_A_b38_G"
[43] "chr2_20823181_T_A_b38_T" "chr2_20823889_G_T_b38_G"
[45] "chr2_20826985_G_A_b38_G" "chr2_20831219_C_T_b38_C"
[47] "chr2_20832653_T_G_b38_T" "chr2_20837509_A_G_b38_A"
[49] "chr2_20840611_T_A_b38_T"
3 SNP(s) removed because HWE P < 1e-08 :
[1] "chr20_35118706_G_A_b38_G" "chr20_35132437_G_T_b38_G"
[3] "chr20_35243384_T_C_b38_T"
49 SNP(s) removed because HWE P < 1e-08 :
 [1] "chr2_19854296_G_A_b38_G" "chr2_19854631_G_A_b38_G"
 [3] "chr2_19855679_A_G_b38_A" "chr2_19862282_G_A_b38_G"
 [5] "chr2_20242548_G_A_b38_G" "chr2_20454526_G_A_b38_G"
 [7] "chr2_20556103_G_C_b38_G" "chr2_20556457_T_G_b38_T"
 [9] "chr2_20556475_A_C_b38_A" "chr2_20557140_C_T_b38_C"
[11] "chr2_20558843_T_C_b38_T" "chr2_20559145_G_C_b38_G"
[13] "chr2_20559775_G_T_b38_G" "chr2_20560029_A_C_b38_A"
[15] "chr2_20561309_G_C_b38_G" "chr2_20564730_C_T_b38_C"
[17] "chr2_20577011_A_C_b38_A" "chr2_20577996_A_G_b38_A"
[19] "chr2_20602489_T_G_b38_T" "chr2_20637043_G_C_b38_G"
[21] "chr2_20637048_G_C_b38_G" "chr2_20789774_A_T_b38_A"
[23] "chr2_20794006_T_C_b38_T" "chr2_20794063_A_G_b38_A"
[25] "chr2_20794958_T_C_b38_T" "chr2_20805159_T_C_b38_T"
[27] "chr2_20805216_G_A_b38_G" "chr2_20810884_C_T_b38_C"
[29] "chr2_20810943_T_C_b38_T" "chr2_20810986_T_G_b38_T"
[31] "chr2_20811104_A_G_b38_A" "chr2_20811135_A_G_b38_A"
[33] "chr2_20815845_G_A_b38_G" "chr2_20816613_C_A_b38_C"
[35] "chr2_20816633_C_T_b38_C" "chr2_20819870_G_A_b38_G"
[37] "chr2_20820030_C_T_b38_C" "chr2_20820246_T_C_b38_T"
[39] "chr2_20821143_C_T_b38_C" "chr2_20822329_A_G_b38_A"
[41] "chr2_20822432_G_C_b38_G" "chr2_20822598_G_A_b38_G"
[43] "chr2_20823181_T_A_b38_T" "chr2_20823889_G_T_b38_G"
[45] "chr2_20826985_G_A_b38_G" "chr2_20831219_C_T_b38_C"
[47] "chr2_20832653_T_G_b38_T" "chr2_20837509_A_G_b38_A"
[49] "chr2_20840611_T_A_b38_T"
47 SNP(s) removed because HWE P < 1e-08 :
 [1] "chr8_142373623_A_C_b38_A" "chr8_142504734_G_T_b38_G"
 [3] "chr8_142521318_G_C_b38_G" "chr8_142527074_C_G_b38_C"
 [5] "chr8_142556280_C_A_b38_C" "chr8_142622203_G_C_b38_G"
 [7] "chr8_142710283_G_A_b38_G" "chr8_142710318_G_A_b38_G"
 [9] "chr8_142710352_C_T_b38_C" "chr8_142710373_G_A_b38_G"
[11] "chr8_142809058_A_G_b38_A" "chr8_142809201_A_T_b38_A"
[13] "chr8_142809424_G_A_b38_G" "chr8_142809782_C_G_b38_C"
[15] "chr8_142809855_A_G_b38_A" "chr8_142809857_A_G_b38_A"
[17] "chr8_142810451_C_A_b38_C" "chr8_142810456_T_C_b38_T"
[19] "chr8_142810468_T_C_b38_T" "chr8_142810470_C_A_b38_C"
[21] "chr8_142811427_G_A_b38_G" "chr8_142812054_T_C_b38_T"
[23] "chr8_142812384_G_T_b38_G" "chr8_142835410_G_A_b38_G"
[25] "chr8_142877404_A_G_b38_A" "chr8_142877495_A_G_b38_A"
[27] "chr8_142877525_A_G_b38_A" "chr8_142877651_G_A_b38_G"
[29] "chr8_142877758_T_C_b38_T" "chr8_142912960_G_C_b38_G"
[31] "chr8_142913390_A_G_b38_A" "chr8_142936422_C_G_b38_C"
[33] "chr8_142957864_T_C_b38_T" "chr8_142958462_T_C_b38_T"
[35] "chr8_142959824_G_A_b38_G" "chr8_142960244_A_G_b38_A"
[37] "chr8_142982920_G_A_b38_G" "chr8_142986233_T_C_b38_T"
[39] "chr8_143005741_T_C_b38_T" "chr8_143029606_T_A_b38_T"
[41] "chr8_143029610_T_A_b38_T" "chr8_143039748_C_T_b38_C"
[43] "chr8_143044419_C_T_b38_C" "chr8_143058735_C_A_b38_C"
[45] "chr8_143058758_T_C_b38_T" "chr8_143108182_C_T_b38_C"
[47] "chr8_143207597_C_T_b38_C"
49 SNP(s) removed because HWE P < 1e-08 :
 [1] "chr19_51083323_T_G_b38_T" "chr19_51107599_A_G_b38_A"
 [3] "chr19_51107741_T_G_b38_T" "chr19_51108006_G_A_b38_G"
 [5] "chr19_51116302_T_C_b38_T" "chr19_51120922_T_G_b38_T"
 [7] "chr19_51121015_T_G_b38_T" "chr19_51121279_T_C_b38_T"
 [9] "chr19_51121832_A_C_b38_A" "chr19_51121942_T_C_b38_T"
[11] "chr19_51122379_A_G_b38_A" "chr19_51122568_A_G_b38_A"
[13] "chr19_51122642_G_C_b38_G" "chr19_51123685_A_G_b38_A"
[15] "chr19_51136723_A_G_b38_A" "chr19_51172375_T_C_b38_T"
[17] "chr19_51173311_A_G_b38_A" "chr19_51173876_T_C_b38_T"
[19] "chr19_51184134_C_T_b38_C" "chr19_51201503_A_G_b38_A"
[21] "chr19_51208344_T_C_b38_T" "chr19_51208365_C_T_b38_C"
[23] "chr19_51212754_T_C_b38_T" "chr19_51235665_T_C_b38_T"
[25] "chr19_51251278_A_C_b38_A" "chr19_51280161_A_G_b38_A"
[27] "chr19_51280387_C_T_b38_C" "chr19_51281207_G_A_b38_G"
[29] "chr19_51282770_C_G_b38_C" "chr19_51283428_T_C_b38_T"
[31] "chr19_51284112_C_T_b38_C" "chr19_51284184_A_C_b38_A"
[33] "chr19_51285176_C_A_b38_C" "chr19_51285861_G_A_b38_G"
[35] "chr19_51287738_T_C_b38_T" "chr19_51290510_A_C_b38_A"
[37] "chr19_51291857_T_G_b38_T" "chr19_51293045_T_C_b38_T"
[39] "chr19_51298175_C_T_b38_C" "chr19_51358092_C_G_b38_C"
[41] "chr19_51447917_C_T_b38_C" "chr19_51447928_A_G_b38_A"
[43] "chr19_51448049_T_G_b38_T" "chr19_51457686_A_G_b38_A"
[45] "chr19_51780129_T_C_b38_T" "chr19_51780359_A_G_b38_A"
[47] "chr19_51848424_G_A_b38_G" "chr19_51875933_G_A_b38_G"
[49] "chr19_51876393_G_A_b38_G"
39 SNP(s) removed because HWE P < 1e-08 :
 [1] "chr22_49765666_G_C_b38_G" "chr22_49770965_G_C_b38_G"
 [3] "chr22_49837507_C_G_b38_C" "chr22_49846939_C_A_b38_C"
 [5] "chr22_49848251_T_C_b38_T" "chr22_49872508_G_A_b38_G"
 [7] "chr22_49880142_T_C_b38_T" "chr22_49880243_G_T_b38_G"
 [9] "chr22_49883047_G_C_b38_G" "chr22_49894697_A_G_b38_A"
[11] "chr22_49906790_T_C_b38_T" "chr22_49921580_T_C_b38_T"
[13] "chr22_49921715_C_A_b38_C" "chr22_49973759_T_C_b38_T"
[15] "chr22_50013858_A_C_b38_A" "chr22_50357867_G_A_b38_G"
[17] "chr22_50371703_G_C_b38_G" "chr22_50418711_G_A_b38_G"
[19] "chr22_50424402_A_C_b38_A" "chr22_50424421_C_A_b38_C"
[21] "chr22_50424423_C_T_b38_C" "chr22_50495487_G_A_b38_G"
[23] "chr22_50495498_T_C_b38_T" "chr22_50495499_G_A_b38_G"
[25] "chr22_50508159_C_G_b38_C" "chr22_50509182_A_G_b38_A"
[27] "chr22_50509488_T_C_b38_T" "chr22_50509962_A_G_b38_A"
[29] "chr22_50510817_C_T_b38_C" "chr22_50510967_T_C_b38_T"
[31] "chr22_50511806_T_C_b38_T" "chr22_50512014_T_C_b38_T"
[33] "chr22_50512298_G_A_b38_G" "chr22_50512549_T_G_b38_T"
[35] "chr22_50513313_G_C_b38_G" "chr22_50513793_G_A_b38_G"
[37] "chr22_50542614_C_T_b38_C" "chr22_50542624_A_T_b38_A"
[39] "chr22_50712000_C_T_b38_C"
51 SNP(s) removed because HWE P < 1e-08 :
 [1] "chr19_50749708_G_C_b38_G" "chr19_50842031_A_G_b38_A"
 [3] "chr19_50896788_T_C_b38_T" "chr19_50897100_A_G_b38_A"
 [5] "chr19_50897145_C_T_b38_C" "chr19_50948431_C_T_b38_C"
 [7] "chr19_50957933_A_G_b38_A" "chr19_51083323_T_G_b38_T"
 [9] "chr19_51107599_A_G_b38_A" "chr19_51107741_T_G_b38_T"
[11] "chr19_51108006_G_A_b38_G" "chr19_51116302_T_C_b38_T"
[13] "chr19_51120922_T_G_b38_T" "chr19_51121015_T_G_b38_T"
[15] "chr19_51121279_T_C_b38_T" "chr19_51121832_A_C_b38_A"
[17] "chr19_51121942_T_C_b38_T" "chr19_51122379_A_G_b38_A"
[19] "chr19_51122568_A_G_b38_A" "chr19_51122642_G_C_b38_G"
[21] "chr19_51123685_A_G_b38_A" "chr19_51136723_A_G_b38_A"
[23] "chr19_51172375_T_C_b38_T" "chr19_51173311_A_G_b38_A"
[25] "chr19_51173876_T_C_b38_T" "chr19_51184134_C_T_b38_C"
[27] "chr19_51201503_A_G_b38_A" "chr19_51208344_T_C_b38_T"
[29] "chr19_51208365_C_T_b38_C" "chr19_51212754_T_C_b38_T"
[31] "chr19_51235665_T_C_b38_T" "chr19_51251278_A_C_b38_A"
[33] "chr19_51280161_A_G_b38_A" "chr19_51280387_C_T_b38_C"
[35] "chr19_51281207_G_A_b38_G" "chr19_51282770_C_G_b38_C"
[37] "chr19_51283428_T_C_b38_T" "chr19_51284112_C_T_b38_C"
[39] "chr19_51284184_A_C_b38_A" "chr19_51285176_C_A_b38_C"
[41] "chr19_51285861_G_A_b38_G" "chr19_51287738_T_C_b38_T"
[43] "chr19_51290510_A_C_b38_A" "chr19_51291857_T_G_b38_T"
[45] "chr19_51293045_T_C_b38_T" "chr19_51298175_C_T_b38_C"
[47] "chr19_51358092_C_G_b38_C" "chr19_51447917_C_T_b38_C"
[49] "chr19_51447928_A_G_b38_A" "chr19_51448049_T_G_b38_T"
[51] "chr19_51457686_A_G_b38_A"
56 SNP(s) removed because HWE P < 1e-08 :
 [1] "chr2_234571796_G_C_b38_G" "chr2_234679043_G_T_b38_G"
 [3] "chr2_234679188_T_C_b38_T" "chr2_234758936_C_T_b38_C"
 [5] "chr2_234758982_T_C_b38_T" "chr2_234760203_A_G_b38_A"
 [7] "chr2_234760375_C_T_b38_C" "chr2_234888396_A_G_b38_A"
 [9] "chr2_234888758_T_C_b38_T" "chr2_234894832_A_C_b38_A"
[11] "chr2_234894910_G_A_b38_G" "chr2_234894973_T_C_b38_T"
[13] "chr2_234895017_A_G_b38_A" "chr2_234895077_T_C_b38_T"
[15] "chr2_234895138_G_A_b38_G" "chr2_234895180_T_G_b38_T"
[17] "chr2_234895243_G_C_b38_G" "chr2_234895404_A_G_b38_A"
[19] "chr2_234895495_A_G_b38_A" "chr2_234895594_G_T_b38_G"
[21] "chr2_234895605_G_A_b38_G" "chr2_234895717_A_C_b38_A"
[23] "chr2_234895726_G_A_b38_G" "chr2_234895744_C_T_b38_C"
[25] "chr2_234895756_C_A_b38_C" "chr2_234895848_T_A_b38_T"
[27] "chr2_234895974_C_T_b38_C" "chr2_234895996_G_A_b38_G"
[29] "chr2_234896107_C_G_b38_C" "chr2_234896219_G_C_b38_G"
[31] "chr2_234896302_G_C_b38_G" "chr2_234896331_A_G_b38_A"
[33] "chr2_235001953_C_T_b38_C" "chr2_235013109_C_A_b38_C"
[35] "chr2_235013502_C_T_b38_C" "chr2_235014147_A_G_b38_A"
[37] "chr2_235014329_G_T_b38_G" "chr2_235016380_G_A_b38_G"
[39] "chr2_235017019_T_C_b38_T" "chr2_235018342_C_T_b38_C"
[41] "chr2_235031472_C_T_b38_C" "chr2_235062147_T_G_b38_T"
[43] "chr2_235255566_C_A_b38_C" "chr2_235294463_A_G_b38_A"
[45] "chr2_235316147_T_C_b38_T" "chr2_235374434_A_G_b38_A"
[47] "chr2_235375213_T_C_b38_T" "chr2_235375341_T_C_b38_T"
[49] "chr2_235376857_G_A_b38_G" "chr2_235378897_A_T_b38_A"
[51] "chr2_235380311_G_A_b38_G" "chr2_235383464_G_A_b38_G"
[53] "chr2_235385818_T_C_b38_T" "chr2_235399509_A_G_b38_A"
[55] "chr2_235401021_T_A_b38_T" "chr2_235450334_T_C_b38_T"
69 SNP(s) removed because HWE P < 1e-08 :
 [1] "chr8_81253423_T_C_b38_T" "chr8_81281143_C_T_b38_C"
 [3] "chr8_81289273_A_T_b38_A" "chr8_81297255_A_G_b38_A"
 [5] "chr8_81299436_C_T_b38_C" "chr8_81300344_T_C_b38_T"
 [7] "chr8_81325559_T_C_b38_T" "chr8_81327049_C_G_b38_C"
 [9] "chr8_81327156_T_G_b38_T" "chr8_81327252_A_G_b38_A"
[11] "chr8_81327333_T_C_b38_T" "chr8_81327394_A_G_b38_A"
[13] "chr8_81328362_A_G_b38_A" "chr8_81328531_C_A_b38_C"
[15] "chr8_81329064_T_A_b38_T" "chr8_81329094_T_G_b38_T"
[17] "chr8_81329957_C_T_b38_C" "chr8_81330786_A_G_b38_A"
[19] "chr8_81330873_T_C_b38_T" "chr8_81331043_A_C_b38_A"
[21] "chr8_81331131_T_C_b38_T" "chr8_81331608_C_T_b38_C"
[23] "chr8_81331614_C_T_b38_C" "chr8_81331709_T_G_b38_T"
[25] "chr8_81331864_A_G_b38_A" "chr8_81331877_C_T_b38_C"
[27] "chr8_81332098_G_A_b38_G" "chr8_81332283_A_G_b38_A"
[29] "chr8_81332524_C_T_b38_C" "chr8_81332904_A_T_b38_A"
[31] "chr8_81332906_C_T_b38_C" "chr8_81333125_G_A_b38_G"
[33] "chr8_81333194_G_T_b38_G" "chr8_81333216_T_C_b38_T"
[35] "chr8_81333791_C_T_b38_C" "chr8_81334313_T_C_b38_T"
[37] "chr8_81335686_A_G_b38_A" "chr8_81336303_C_T_b38_C"
[39] "chr8_81464464_C_T_b38_C" "chr8_81468508_A_T_b38_A"
[41] "chr8_81468888_A_G_b38_A" "chr8_81469332_T_C_b38_T"
[43] "chr8_81469415_G_A_b38_G" "chr8_81470506_G_A_b38_G"
[45] "chr8_81470621_C_T_b38_C" "chr8_81471159_T_G_b38_T"
[47] "chr8_81514819_A_C_b38_A" "chr8_81515555_C_T_b38_C"
[49] "chr8_81518769_T_C_b38_T" "chr8_81527961_G_T_b38_G"
[51] "chr8_81900677_A_T_b38_A" "chr8_81900680_C_T_b38_C"
[53] "chr8_81900761_G_T_b38_G" "chr8_81900762_G_A_b38_G"
[55] "chr8_81900773_G_A_b38_G" "chr8_81900776_G_T_b38_G"
[57] "chr8_81900779_T_C_b38_T" "chr8_81900782_C_T_b38_C"
[59] "chr8_81900783_T_C_b38_T" "chr8_81900784_G_A_b38_G"
[61] "chr8_81900789_T_C_b38_T" "chr8_81900796_C_G_b38_C"
[63] "chr8_81900800_G_C_b38_G" "chr8_82127185_G_A_b38_G"
[65] "chr8_82127192_C_G_b38_C" "chr8_82129772_G_C_b38_G"
[67] "chr8_82130336_C_T_b38_C" "chr8_82136891_C_T_b38_C"
[69] "chr8_82137774_C_G_b38_C"
22 SNP(s) removed because HWE P < 1e-08 :
 [1] "chr4_8044692_G_T_b38_G" "chr4_8044693_A_C_b38_A" "chr4_8059763_G_A_b38_G"
 [4] "chr4_8100031_G_T_b38_G" "chr4_8100581_C_T_b38_C" "chr4_8306668_C_G_b38_C"
 [7] "chr4_8557849_T_C_b38_T" "chr4_8557938_A_C_b38_A" "chr4_8557958_G_A_b38_G"
[10] "chr4_8557961_C_T_b38_C" "chr4_8585626_A_G_b38_A" "chr4_8603756_G_C_b38_G"
[13] "chr4_8632004_T_A_b38_T" "chr4_8632045_A_G_b38_A" "chr4_8635779_A_G_b38_A"
[16] "chr4_8655103_T_G_b38_T" "chr4_8655200_C_G_b38_C" "chr4_8656155_G_C_b38_G"
[19] "chr4_8659539_G_A_b38_G" "chr4_8661217_T_G_b38_T" "chr4_8674262_C_G_b38_C"
[22] "chr4_8677036_C_A_b38_C"
39 SNP(s) removed because HWE P < 1e-08 :
 [1] "chr22_49765666_G_C_b38_G" "chr22_49770965_G_C_b38_G"
 [3] "chr22_49837507_C_G_b38_C" "chr22_49846939_C_A_b38_C"
 [5] "chr22_49848251_T_C_b38_T" "chr22_49872508_G_A_b38_G"
 [7] "chr22_49880142_T_C_b38_T" "chr22_49880243_G_T_b38_G"
 [9] "chr22_49883047_G_C_b38_G" "chr22_49894697_A_G_b38_A"
[11] "chr22_49906790_T_C_b38_T" "chr22_49921580_T_C_b38_T"
[13] "chr22_49921715_C_A_b38_C" "chr22_49973759_T_C_b38_T"
[15] "chr22_50013858_A_C_b38_A" "chr22_50357867_G_A_b38_G"
[17] "chr22_50371703_G_C_b38_G" "chr22_50418711_G_A_b38_G"
[19] "chr22_50424402_A_C_b38_A" "chr22_50424421_C_A_b38_C"
[21] "chr22_50424423_C_T_b38_C" "chr22_50495487_G_A_b38_G"
[23] "chr22_50495498_T_C_b38_T" "chr22_50495499_G_A_b38_G"
[25] "chr22_50508159_C_G_b38_C" "chr22_50509182_A_G_b38_A"
[27] "chr22_50509488_T_C_b38_T" "chr22_50509962_A_G_b38_A"
[29] "chr22_50510817_C_T_b38_C" "chr22_50510967_T_C_b38_T"
[31] "chr22_50511806_T_C_b38_T" "chr22_50512014_T_C_b38_T"
[33] "chr22_50512298_G_A_b38_G" "chr22_50512549_T_G_b38_T"
[35] "chr22_50513313_G_C_b38_G" "chr22_50513793_G_A_b38_G"
[37] "chr22_50542614_C_T_b38_C" "chr22_50542624_A_T_b38_A"
[39] "chr22_50712000_C_T_b38_C"
6 SNP(s) removed because HWE P < 1e-08 :
[1] "chr13_29549344_C_T_b38_C" "chr13_29949626_G_C_b38_G"
[3] "chr13_30062346_T_C_b38_T" "chr13_30062379_G_C_b38_G"
[5] "chr13_30121793_C_T_b38_C" "chr13_30160356_C_T_b38_C"
51 SNP(s) removed because HWE P < 1e-08 :
 [1] "chr19_50749708_G_C_b38_G" "chr19_50842031_A_G_b38_A"
 [3] "chr19_50896788_T_C_b38_T" "chr19_50897100_A_G_b38_A"
 [5] "chr19_50897145_C_T_b38_C" "chr19_50948431_C_T_b38_C"
 [7] "chr19_50957933_A_G_b38_A" "chr19_51083323_T_G_b38_T"
 [9] "chr19_51107599_A_G_b38_A" "chr19_51107741_T_G_b38_T"
[11] "chr19_51108006_G_A_b38_G" "chr19_51116302_T_C_b38_T"
[13] "chr19_51120922_T_G_b38_T" "chr19_51121015_T_G_b38_T"
[15] "chr19_51121279_T_C_b38_T" "chr19_51121832_A_C_b38_A"
[17] "chr19_51121942_T_C_b38_T" "chr19_51122379_A_G_b38_A"
[19] "chr19_51122568_A_G_b38_A" "chr19_51122642_G_C_b38_G"
[21] "chr19_51123685_A_G_b38_A" "chr19_51136723_A_G_b38_A"
[23] "chr19_51172375_T_C_b38_T" "chr19_51173311_A_G_b38_A"
[25] "chr19_51173876_T_C_b38_T" "chr19_51184134_C_T_b38_C"
[27] "chr19_51201503_A_G_b38_A" "chr19_51208344_T_C_b38_T"
[29] "chr19_51208365_C_T_b38_C" "chr19_51212754_T_C_b38_T"
[31] "chr19_51235665_T_C_b38_T" "chr19_51251278_A_C_b38_A"
[33] "chr19_51280161_A_G_b38_A" "chr19_51280387_C_T_b38_C"
[35] "chr19_51281207_G_A_b38_G" "chr19_51282770_C_G_b38_C"
[37] "chr19_51283428_T_C_b38_T" "chr19_51284112_C_T_b38_C"
[39] "chr19_51284184_A_C_b38_A" "chr19_51285176_C_A_b38_C"
[41] "chr19_51285861_G_A_b38_G" "chr19_51287738_T_C_b38_T"
[43] "chr19_51290510_A_C_b38_A" "chr19_51291857_T_G_b38_T"
[45] "chr19_51293045_T_C_b38_T" "chr19_51298175_C_T_b38_C"
[47] "chr19_51358092_C_G_b38_C" "chr19_51447917_C_T_b38_C"
[49] "chr19_51447928_A_G_b38_A" "chr19_51448049_T_G_b38_T"
[51] "chr19_51457686_A_G_b38_A"
6 SNP(s) removed because HWE P < 1e-08 :
[1] "chr13_29549344_C_T_b38_C" "chr13_29949626_G_C_b38_G"
[3] "chr13_30062346_T_C_b38_T" "chr13_30062379_G_C_b38_G"
[5] "chr13_30121793_C_T_b38_C" "chr13_30160356_C_T_b38_C"
32 SNP(s) removed because HWE P < 1e-08 :
 [1] "chr2_85216801_G_A_b38_G" "chr2_85219363_A_G_b38_A"
 [3] "chr2_85226470_T_C_b38_T" "chr2_85228843_A_G_b38_A"
 [5] "chr2_85232757_A_G_b38_A" "chr2_85233387_T_C_b38_T"
 [7] "chr2_85233556_T_C_b38_T" "chr2_85233917_C_T_b38_C"
 [9] "chr2_85343063_G_A_b38_G" "chr2_85343819_G_C_b38_G"
[11] "chr2_85579959_T_A_b38_T" "chr2_85587016_A_G_b38_A"
[13] "chr2_85593783_T_G_b38_T" "chr2_85596509_C_T_b38_C"
[15] "chr2_85596950_T_C_b38_T" "chr2_85597128_T_C_b38_T"
[17] "chr2_85687421_G_A_b38_G" "chr2_85745506_C_G_b38_C"
[19] "chr2_85747426_C_G_b38_C" "chr2_85750036_C_T_b38_C"
[21] "chr2_85754674_G_A_b38_G" "chr2_85798208_C_T_b38_C"
[23] "chr2_86003798_C_T_b38_C" "chr2_86008976_G_T_b38_G"
[25] "chr2_86010812_C_T_b38_C" "chr2_86021202_T_C_b38_T"
[27] "chr2_86026385_A_T_b38_A" "chr2_86029070_G_A_b38_G"
[29] "chr2_86029745_C_T_b38_C" "chr2_86034456_C_T_b38_C"
[31] "chr2_86034886_G_A_b38_G" "chr2_86036165_C_T_b38_C"
17 SNP(s) removed because HWE P < 1e-08 :
 [1] "chr20_16447153_C_T_b38_C" "chr20_16486711_A_G_b38_A"
 [3] "chr20_16486881_A_G_b38_A" "chr20_16487641_C_A_b38_C"
 [5] "chr20_16610297_T_A_b38_T" "chr20_16808175_C_A_b38_C"
 [7] "chr20_16812363_A_G_b38_A" "chr20_16813953_G_A_b38_G"
 [9] "chr20_16814005_G_A_b38_G" "chr20_16815769_C_T_b38_C"
[11] "chr20_16815837_G_A_b38_G" "chr20_16815945_C_T_b38_C"
[13] "chr20_16821100_C_T_b38_C" "chr20_16821113_C_T_b38_C"
[15] "chr20_16825790_T_C_b38_T" "chr20_16941367_C_T_b38_C"
[17] "chr20_17178297_T_C_b38_T"
6 SNP(s) removed because HWE P < 1e-08 :
[1] "chr17_28439190_A_C_b38_A" "chr17_28439714_T_C_b38_T"
[3] "chr17_28441937_G_A_b38_G" "chr17_28452019_C_T_b38_C"
[5] "chr17_28452207_C_G_b38_C" "chr17_28459762_C_A_b38_C"
51 SNP(s) removed because HWE P < 1e-08 :
 [1] "chr9_2632447_T_C_b38_T" "chr9_2696074_A_G_b38_A" "chr9_2715895_C_A_b38_C"
 [4] "chr9_2800251_G_A_b38_G" "chr9_2863924_G_A_b38_G" "chr9_2906287_T_C_b38_T"
 [7] "chr9_2906334_A_T_b38_A" "chr9_2906368_A_G_b38_A" "chr9_2906983_A_G_b38_A"
[10] "chr9_2909883_A_C_b38_A" "chr9_2913559_T_C_b38_T" "chr9_2913620_G_A_b38_G"
[13] "chr9_2915564_C_T_b38_C" "chr9_2916654_T_A_b38_T" "chr9_2920490_C_T_b38_C"
[16] "chr9_2925347_C_G_b38_C" "chr9_2927107_C_T_b38_C" "chr9_2959556_T_G_b38_T"
[19] "chr9_2959557_T_C_b38_T" "chr9_2962000_C_G_b38_C" "chr9_2962294_G_A_b38_G"
[22] "chr9_2962350_A_C_b38_A" "chr9_2963074_A_G_b38_A" "chr9_2964978_A_G_b38_A"
[25] "chr9_2969877_T_C_b38_T" "chr9_2982351_C_G_b38_C" "chr9_3007331_C_T_b38_C"
[28] "chr9_3043945_C_A_b38_C" "chr9_3044423_A_G_b38_A" "chr9_3044447_A_G_b38_A"
[31] "chr9_3072429_A_T_b38_A" "chr9_3073208_C_T_b38_C" "chr9_3073433_C_T_b38_C"
[34] "chr9_3074359_A_G_b38_A" "chr9_3074605_A_G_b38_A" "chr9_3074883_G_A_b38_G"
[37] "chr9_3075020_T_G_b38_T" "chr9_3075469_G_A_b38_G" "chr9_3078061_A_G_b38_A"
[40] "chr9_3290177_A_C_b38_A" "chr9_3290538_T_G_b38_T" "chr9_3290569_G_A_b38_G"
[43] "chr9_3290888_G_A_b38_G" "chr9_3291235_T_G_b38_T" "chr9_3291589_A_T_b38_A"
[46] "chr9_3291945_T_C_b38_T" "chr9_3296172_T_C_b38_T" "chr9_3321925_T_A_b38_T"
[49] "chr9_3340614_G_A_b38_G" "chr9_3341190_C_T_b38_C" "chr9_3342366_C_T_b38_C"
59 SNP(s) removed because HWE P < 1e-08 :
 [1] "chr6_96193237_C_A_b38_C" "chr6_96193473_C_T_b38_C"
 [3] "chr6_96193487_T_C_b38_T" "chr6_96193494_A_C_b38_A"
 [5] "chr6_96240036_T_C_b38_T" "chr6_96243000_G_A_b38_G"
 [7] "chr6_96244090_A_G_b38_A" "chr6_96247310_G_C_b38_G"
 [9] "chr6_96247325_T_G_b38_T" "chr6_96248007_A_G_b38_A"
[11] "chr6_96269935_C_T_b38_C" "chr6_96271565_T_C_b38_T"
[13] "chr6_96272827_T_C_b38_T" "chr6_96280343_C_G_b38_C"
[15] "chr6_96313664_C_A_b38_C" "chr6_96320727_C_G_b38_C"
[17] "chr6_96320819_A_G_b38_A" "chr6_96326867_G_A_b38_G"
[19] "chr6_96331324_C_T_b38_C" "chr6_96332271_T_C_b38_T"
[21] "chr6_96335907_G_C_b38_G" "chr6_96338427_T_A_b38_T"
[23] "chr6_96340086_G_A_b38_G" "chr6_96345320_A_T_b38_A"
[25] "chr6_96352131_C_G_b38_C" "chr6_96357547_T_C_b38_T"
[27] "chr6_96358131_C_T_b38_C" "chr6_96363039_C_G_b38_C"
[29] "chr6_96363448_G_A_b38_G" "chr6_96367242_T_C_b38_T"
[31] "chr6_96371165_C_T_b38_C" "chr6_96375880_A_T_b38_A"
[33] "chr6_96377954_G_T_b38_G" "chr6_96384753_C_A_b38_C"
[35] "chr6_96384867_T_C_b38_T" "chr6_96637817_G_A_b38_G"
[37] "chr6_96638741_C_T_b38_C" "chr6_96982794_G_C_b38_G"
[39] "chr6_96982801_A_G_b38_A" "chr6_96982812_C_T_b38_C"
[41] "chr6_96982861_C_A_b38_C" "chr6_96983009_C_T_b38_C"
[43] "chr6_96983048_C_T_b38_C" "chr6_96983069_G_A_b38_G"
[45] "chr6_96983274_T_A_b38_T" "chr6_96983277_A_T_b38_A"
[47] "chr6_96983294_G_A_b38_G" "chr6_96983320_A_G_b38_A"
[49] "chr6_96983321_G_A_b38_G" "chr6_96983413_T_G_b38_T"
[51] "chr6_96983414_T_A_b38_T" "chr6_96983444_T_C_b38_T"
[53] "chr6_96983499_T_C_b38_T" "chr6_96983518_A_T_b38_A"
[55] "chr6_96983594_C_A_b38_C" "chr6_96983598_A_G_b38_A"
[57] "chr6_96983625_G_A_b38_G" "chr6_96983626_G_A_b38_G"
[59] "chr6_96991871_G_C_b38_G"
20 SNP(s) removed because HWE P < 1e-08 :
 [1] "chr17_35379518_A_C_b38_A" "chr17_35442015_G_A_b38_G"
 [3] "chr17_35996816_T_G_b38_T" "chr17_36082933_C_A_b38_C"
 [5] "chr17_36083801_G_C_b38_G" "chr17_36083900_T_A_b38_T"
 [7] "chr17_36109988_G_T_b38_G" "chr17_36111300_G_A_b38_G"
 [9] "chr17_36112019_G_A_b38_G" "chr17_36114883_G_A_b38_G"
[11] "chr17_36152807_C_A_b38_C" "chr17_36160669_C_T_b38_C"
[13] "chr17_36161464_T_G_b38_T" "chr17_36163152_C_T_b38_C"
[15] "chr17_36163256_C_T_b38_C" "chr17_36164185_C_T_b38_C"
[17] "chr17_36165283_A_G_b38_A" "chr17_36165307_T_G_b38_T"
[19] "chr17_36229227_G_A_b38_G" "chr17_36229290_G_T_b38_G"
59 SNP(s) removed because HWE P < 1e-08 :
 [1] "chr6_96193237_C_A_b38_C" "chr6_96193473_C_T_b38_C"
 [3] "chr6_96193487_T_C_b38_T" "chr6_96193494_A_C_b38_A"
 [5] "chr6_96240036_T_C_b38_T" "chr6_96243000_G_A_b38_G"
 [7] "chr6_96244090_A_G_b38_A" "chr6_96247310_G_C_b38_G"
 [9] "chr6_96247325_T_G_b38_T" "chr6_96248007_A_G_b38_A"
[11] "chr6_96269935_C_T_b38_C" "chr6_96271565_T_C_b38_T"
[13] "chr6_96272827_T_C_b38_T" "chr6_96280343_C_G_b38_C"
[15] "chr6_96313664_C_A_b38_C" "chr6_96320727_C_G_b38_C"
[17] "chr6_96320819_A_G_b38_A" "chr6_96326867_G_A_b38_G"
[19] "chr6_96331324_C_T_b38_C" "chr6_96332271_T_C_b38_T"
[21] "chr6_96335907_G_C_b38_G" "chr6_96338427_T_A_b38_T"
[23] "chr6_96340086_G_A_b38_G" "chr6_96345320_A_T_b38_A"
[25] "chr6_96352131_C_G_b38_C" "chr6_96357547_T_C_b38_T"
[27] "chr6_96358131_C_T_b38_C" "chr6_96363039_C_G_b38_C"
[29] "chr6_96363448_G_A_b38_G" "chr6_96367242_T_C_b38_T"
[31] "chr6_96371165_C_T_b38_C" "chr6_96375880_A_T_b38_A"
[33] "chr6_96377954_G_T_b38_G" "chr6_96384753_C_A_b38_C"
[35] "chr6_96384867_T_C_b38_T" "chr6_96637817_G_A_b38_G"
[37] "chr6_96638741_C_T_b38_C" "chr6_96982794_G_C_b38_G"
[39] "chr6_96982801_A_G_b38_A" "chr6_96982812_C_T_b38_C"
[41] "chr6_96982861_C_A_b38_C" "chr6_96983009_C_T_b38_C"
[43] "chr6_96983048_C_T_b38_C" "chr6_96983069_G_A_b38_G"
[45] "chr6_96983274_T_A_b38_T" "chr6_96983277_A_T_b38_A"
[47] "chr6_96983294_G_A_b38_G" "chr6_96983320_A_G_b38_A"
[49] "chr6_96983321_G_A_b38_G" "chr6_96983413_T_G_b38_T"
[51] "chr6_96983414_T_A_b38_T" "chr6_96983444_T_C_b38_T"
[53] "chr6_96983499_T_C_b38_T" "chr6_96983518_A_T_b38_A"
[55] "chr6_96983594_C_A_b38_C" "chr6_96983598_A_G_b38_A"
[57] "chr6_96983625_G_A_b38_G" "chr6_96983626_G_A_b38_G"
[59] "chr6_96991871_G_C_b38_G"
51 SNP(s) removed because HWE P < 1e-08 :
 [1] "chr19_50749708_G_C_b38_G" "chr19_50842031_A_G_b38_A"
 [3] "chr19_50896788_T_C_b38_T" "chr19_50897100_A_G_b38_A"
 [5] "chr19_50897145_C_T_b38_C" "chr19_50948431_C_T_b38_C"
 [7] "chr19_50957933_A_G_b38_A" "chr19_51083323_T_G_b38_T"
 [9] "chr19_51107599_A_G_b38_A" "chr19_51107741_T_G_b38_T"
[11] "chr19_51108006_G_A_b38_G" "chr19_51116302_T_C_b38_T"
[13] "chr19_51120922_T_G_b38_T" "chr19_51121015_T_G_b38_T"
[15] "chr19_51121279_T_C_b38_T" "chr19_51121832_A_C_b38_A"
[17] "chr19_51121942_T_C_b38_T" "chr19_51122379_A_G_b38_A"
[19] "chr19_51122568_A_G_b38_A" "chr19_51122642_G_C_b38_G"
[21] "chr19_51123685_A_G_b38_A" "chr19_51136723_A_G_b38_A"
[23] "chr19_51172375_T_C_b38_T" "chr19_51173311_A_G_b38_A"
[25] "chr19_51173876_T_C_b38_T" "chr19_51184134_C_T_b38_C"
[27] "chr19_51201503_A_G_b38_A" "chr19_51208344_T_C_b38_T"
[29] "chr19_51208365_C_T_b38_C" "chr19_51212754_T_C_b38_T"
[31] "chr19_51235665_T_C_b38_T" "chr19_51251278_A_C_b38_A"
[33] "chr19_51280161_A_G_b38_A" "chr19_51280387_C_T_b38_C"
[35] "chr19_51281207_G_A_b38_G" "chr19_51282770_C_G_b38_C"
[37] "chr19_51283428_T_C_b38_T" "chr19_51284112_C_T_b38_C"
[39] "chr19_51284184_A_C_b38_A" "chr19_51285176_C_A_b38_C"
[41] "chr19_51285861_G_A_b38_G" "chr19_51287738_T_C_b38_T"
[43] "chr19_51290510_A_C_b38_A" "chr19_51291857_T_G_b38_T"
[45] "chr19_51293045_T_C_b38_T" "chr19_51298175_C_T_b38_C"
[47] "chr19_51358092_C_G_b38_C" "chr19_51447917_C_T_b38_C"
[49] "chr19_51447928_A_G_b38_A" "chr19_51448049_T_G_b38_T"
[51] "chr19_51457686_A_G_b38_A"
25 SNP(s) removed because HWE P < 1e-08 :
 [1] "chr1_31452189_C_T_b38_C" "chr1_31452206_A_T_b38_A"
 [3] "chr1_31472576_G_C_b38_G" "chr1_31539722_T_C_b38_T"
 [5] "chr1_31571617_T_C_b38_T" "chr1_31695387_A_C_b38_A"
 [7] "chr1_31695391_A_C_b38_A" "chr1_31707022_G_C_b38_G"
 [9] "chr1_31746913_T_C_b38_T" "chr1_31749577_A_C_b38_A"
[11] "chr1_31905922_C_A_b38_C" "chr1_31907280_C_T_b38_C"
[13] "chr1_31932289_G_A_b38_G" "chr1_31934101_C_T_b38_C"
[15] "chr1_31946937_C_T_b38_C" "chr1_31949166_G_A_b38_G"
[17] "chr1_32267536_A_G_b38_A" "chr1_32434865_C_G_b38_C"
[19] "chr1_32434867_T_C_b38_T" "chr1_32434876_T_A_b38_T"
[21] "chr1_32434918_G_A_b38_G" "chr1_32434944_C_A_b38_C"
[23] "chr1_32434960_T_C_b38_T" "chr1_32434977_C_T_b38_C"
[25] "chr1_32435015_A_T_b38_A"
6 SNP(s) removed because HWE P < 1e-08 :
[1] "chr13_29549344_C_T_b38_C" "chr13_29949626_G_C_b38_G"
[3] "chr13_30062346_T_C_b38_T" "chr13_30062379_G_C_b38_G"
[5] "chr13_30121793_C_T_b38_C" "chr13_30160356_C_T_b38_C"
25 SNP(s) removed because HWE P < 1e-08 :
 [1] "chr1_31452189_C_T_b38_C" "chr1_31452206_A_T_b38_A"
 [3] "chr1_31472576_G_C_b38_G" "chr1_31539722_T_C_b38_T"
 [5] "chr1_31571617_T_C_b38_T" "chr1_31695387_A_C_b38_A"
 [7] "chr1_31695391_A_C_b38_A" "chr1_31707022_G_C_b38_G"
 [9] "chr1_31746913_T_C_b38_T" "chr1_31749577_A_C_b38_A"
[11] "chr1_31905922_C_A_b38_C" "chr1_31907280_C_T_b38_C"
[13] "chr1_31932289_G_A_b38_G" "chr1_31934101_C_T_b38_C"
[15] "chr1_31946937_C_T_b38_C" "chr1_31949166_G_A_b38_G"
[17] "chr1_32267536_A_G_b38_A" "chr1_32434865_C_G_b38_C"
[19] "chr1_32434867_T_C_b38_T" "chr1_32434876_T_A_b38_T"
[21] "chr1_32434918_G_A_b38_G" "chr1_32434944_C_A_b38_C"
[23] "chr1_32434960_T_C_b38_T" "chr1_32434977_C_T_b38_C"
[25] "chr1_32435015_A_T_b38_A"
32 SNP(s) removed because HWE P < 1e-08 :
 [1] "chr2_85216801_G_A_b38_G" "chr2_85219363_A_G_b38_A"
 [3] "chr2_85226470_T_C_b38_T" "chr2_85228843_A_G_b38_A"
 [5] "chr2_85232757_A_G_b38_A" "chr2_85233387_T_C_b38_T"
 [7] "chr2_85233556_T_C_b38_T" "chr2_85233917_C_T_b38_C"
 [9] "chr2_85343063_G_A_b38_G" "chr2_85343819_G_C_b38_G"
[11] "chr2_85579959_T_A_b38_T" "chr2_85587016_A_G_b38_A"
[13] "chr2_85593783_T_G_b38_T" "chr2_85596509_C_T_b38_C"
[15] "chr2_85596950_T_C_b38_T" "chr2_85597128_T_C_b38_T"
[17] "chr2_85687421_G_A_b38_G" "chr2_85745506_C_G_b38_C"
[19] "chr2_85747426_C_G_b38_C" "chr2_85750036_C_T_b38_C"
[21] "chr2_85754674_G_A_b38_G" "chr2_85798208_C_T_b38_C"
[23] "chr2_86003798_C_T_b38_C" "chr2_86008976_G_T_b38_G"
[25] "chr2_86010812_C_T_b38_C" "chr2_86021202_T_C_b38_T"
[27] "chr2_86026385_A_T_b38_A" "chr2_86029070_G_A_b38_G"
[29] "chr2_86029745_C_T_b38_C" "chr2_86034456_C_T_b38_C"
[31] "chr2_86034886_G_A_b38_G" "chr2_86036165_C_T_b38_C"
56 SNP(s) removed because HWE P < 1e-08 :
 [1] "chr2_234571796_G_C_b38_G" "chr2_234679043_G_T_b38_G"
 [3] "chr2_234679188_T_C_b38_T" "chr2_234758936_C_T_b38_C"
 [5] "chr2_234758982_T_C_b38_T" "chr2_234760203_A_G_b38_A"
 [7] "chr2_234760375_C_T_b38_C" "chr2_234888396_A_G_b38_A"
 [9] "chr2_234888758_T_C_b38_T" "chr2_234894832_A_C_b38_A"
[11] "chr2_234894910_G_A_b38_G" "chr2_234894973_T_C_b38_T"
[13] "chr2_234895017_A_G_b38_A" "chr2_234895077_T_C_b38_T"
[15] "chr2_234895138_G_A_b38_G" "chr2_234895180_T_G_b38_T"
[17] "chr2_234895243_G_C_b38_G" "chr2_234895404_A_G_b38_A"
[19] "chr2_234895495_A_G_b38_A" "chr2_234895594_G_T_b38_G"
[21] "chr2_234895605_G_A_b38_G" "chr2_234895717_A_C_b38_A"
[23] "chr2_234895726_G_A_b38_G" "chr2_234895744_C_T_b38_C"
[25] "chr2_234895756_C_A_b38_C" "chr2_234895848_T_A_b38_T"
[27] "chr2_234895974_C_T_b38_C" "chr2_234895996_G_A_b38_G"
[29] "chr2_234896107_C_G_b38_C" "chr2_234896219_G_C_b38_G"
[31] "chr2_234896302_G_C_b38_G" "chr2_234896331_A_G_b38_A"
[33] "chr2_235001953_C_T_b38_C" "chr2_235013109_C_A_b38_C"
[35] "chr2_235013502_C_T_b38_C" "chr2_235014147_A_G_b38_A"
[37] "chr2_235014329_G_T_b38_G" "chr2_235016380_G_A_b38_G"
[39] "chr2_235017019_T_C_b38_T" "chr2_235018342_C_T_b38_C"
[41] "chr2_235031472_C_T_b38_C" "chr2_235062147_T_G_b38_T"
[43] "chr2_235255566_C_A_b38_C" "chr2_235294463_A_G_b38_A"
[45] "chr2_235316147_T_C_b38_T" "chr2_235374434_A_G_b38_A"
[47] "chr2_235375213_T_C_b38_T" "chr2_235375341_T_C_b38_T"
[49] "chr2_235376857_G_A_b38_G" "chr2_235378897_A_T_b38_A"
[51] "chr2_235380311_G_A_b38_G" "chr2_235383464_G_A_b38_G"
[53] "chr2_235385818_T_C_b38_T" "chr2_235399509_A_G_b38_A"
[55] "chr2_235401021_T_A_b38_T" "chr2_235450334_T_C_b38_T"
10 SNP(s) removed because HWE P < 1e-08 :
 [1] "chr15_64915471_A_G_b38_A" "chr15_64921218_A_T_b38_A"
 [3] "chr15_64937983_T_C_b38_T" "chr15_64941973_T_A_b38_T"
 [5] "chr15_64943304_T_A_b38_T" "chr15_64943631_C_T_b38_C"
 [7] "chr15_64945162_C_A_b38_C" "chr15_64961454_C_T_b38_C"
 [9] "chr15_65367165_G_A_b38_G" "chr15_65610463_A_C_b38_A"
89 SNP(s) removed because HWE P < 1e-08 :
 [1] "chr7_29787075_G_A_b38_G" "chr7_29787079_A_C_b38_A"
 [3] "chr7_29888510_C_T_b38_C" "chr7_30115825_C_T_b38_C"
 [5] "chr7_30206332_G_A_b38_G" "chr7_30207398_A_T_b38_A"
 [7] "chr7_30208081_A_G_b38_A" "chr7_30210625_G_A_b38_G"
 [9] "chr7_30211638_T_C_b38_T" "chr7_30211651_T_A_b38_T"
[11] "chr7_30212250_C_G_b38_C" "chr7_30212599_C_T_b38_C"
[13] "chr7_30212633_G_A_b38_G" "chr7_30216285_C_T_b38_C"
[15] "chr7_30216427_T_G_b38_T" "chr7_30216692_C_A_b38_C"
[17] "chr7_30216805_A_T_b38_A" "chr7_30216967_C_T_b38_C"
[19] "chr7_30217078_A_T_b38_A" "chr7_30218070_A_T_b38_A"
[21] "chr7_30219306_G_A_b38_G" "chr7_30223163_A_C_b38_A"
[23] "chr7_30223302_A_C_b38_A" "chr7_30226206_C_A_b38_C"
[25] "chr7_30226552_G_A_b38_G" "chr7_30228854_G_C_b38_G"
[27] "chr7_30229915_C_T_b38_C" "chr7_30230044_C_T_b38_C"
[29] "chr7_30230069_A_G_b38_A" "chr7_30230787_G_A_b38_G"
[31] "chr7_30231136_T_G_b38_T" "chr7_30231376_A_C_b38_A"
[33] "chr7_30231390_T_C_b38_T" "chr7_30231413_G_C_b38_G"
[35] "chr7_30232340_G_T_b38_G" "chr7_30232826_A_G_b38_A"
[37] "chr7_30234850_T_C_b38_T" "chr7_30235042_T_C_b38_T"
[39] "chr7_30235150_T_C_b38_T" "chr7_30235241_G_A_b38_G"
[41] "chr7_30235726_A_G_b38_A" "chr7_30235806_C_T_b38_C"
[43] "chr7_30236545_G_A_b38_G" "chr7_30241112_T_G_b38_T"
[45] "chr7_30241343_A_G_b38_A" "chr7_30242112_G_C_b38_G"
[47] "chr7_30242635_G_A_b38_G" "chr7_30249819_T_G_b38_T"
[49] "chr7_30251946_G_C_b38_G" "chr7_30252281_A_T_b38_A"
[51] "chr7_30252718_T_C_b38_T" "chr7_30252768_C_T_b38_C"
[53] "chr7_30252837_A_G_b38_A" "chr7_30260029_G_A_b38_G"
[55] "chr7_30262288_T_C_b38_T" "chr7_30262961_G_A_b38_G"
[57] "chr7_30263219_G_T_b38_G" "chr7_30264379_G_A_b38_G"
[59] "chr7_30265608_T_C_b38_T" "chr7_30265748_C_T_b38_C"
[61] "chr7_30280784_G_A_b38_G" "chr7_30282725_A_G_b38_A"
[63] "chr7_30286609_A_G_b38_A" "chr7_30292205_G_T_b38_G"
[65] "chr7_30297288_T_C_b38_T" "chr7_30305340_C_T_b38_C"
[67] "chr7_30307422_T_C_b38_T" "chr7_30309895_A_G_b38_A"
[69] "chr7_30311716_T_C_b38_T" "chr7_30311763_A_G_b38_A"
[71] "chr7_30328768_A_G_b38_A" "chr7_30330435_G_T_b38_G"
[73] "chr7_30331170_A_G_b38_A" "chr7_30336470_A_G_b38_A"
[75] "chr7_30339335_T_C_b38_T" "chr7_30341687_A_G_b38_A"
[77] "chr7_30355272_T_C_b38_T" "chr7_30375898_G_A_b38_G"
[79] "chr7_30378595_C_T_b38_C" "chr7_30378608_C_T_b38_C"
[81] "chr7_30380237_T_G_b38_T" "chr7_30389692_A_G_b38_A"
[83] "chr7_30414799_G_C_b38_G" "chr7_30416206_A_G_b38_A"
[85] "chr7_30426605_G_T_b38_G" "chr7_30426606_C_G_b38_C"
[87] "chr7_30427024_T_A_b38_T" "chr7_30430537_T_C_b38_T"
[89] "chr7_30430707_T_G_b38_T"
6 SNP(s) removed because HWE P < 1e-08 :
[1] "chr17_28439190_A_C_b38_A" "chr17_28439714_T_C_b38_T"
[3] "chr17_28441937_G_A_b38_G" "chr17_28452019_C_T_b38_C"
[5] "chr17_28452207_C_G_b38_C" "chr17_28459762_C_A_b38_C"
26 SNP(s) removed because HWE P < 1e-08 :
 [1] "chr4_48078519_A_C_b38_A" "chr4_48079528_T_C_b38_T"
 [3] "chr4_48085231_T_C_b38_T" "chr4_48085838_G_A_b38_G"
 [5] "chr4_48086052_C_T_b38_C" "chr4_48086429_A_G_b38_A"
 [7] "chr4_48450863_T_C_b38_T" "chr4_48451209_C_T_b38_C"
 [9] "chr4_48452709_A_G_b38_A" "chr4_48711359_T_C_b38_T"
[11] "chr4_48711393_C_T_b38_C" "chr4_48711401_C_A_b38_C"
[13] "chr4_48711410_A_G_b38_A" "chr4_48711421_A_C_b38_A"
[15] "chr4_48711432_G_C_b38_G" "chr4_48711433_G_A_b38_G"
[17] "chr4_48711441_A_C_b38_A" "chr4_48711445_C_T_b38_C"
[19] "chr4_48711447_G_A_b38_G" "chr4_48711466_C_T_b38_C"
[21] "chr4_48711467_A_T_b38_A" "chr4_48711470_G_A_b38_G"
[23] "chr4_48711609_C_T_b38_C" "chr4_48711661_A_G_b38_A"
[25] "chr4_48711678_T_A_b38_T" "chr4_48711716_T_C_b38_T"
6 SNP(s) removed because HWE P < 1e-08 :
[1] "chr13_29549344_C_T_b38_C" "chr13_29949626_G_C_b38_G"
[3] "chr13_30062346_T_C_b38_T" "chr13_30062379_G_C_b38_G"
[5] "chr13_30121793_C_T_b38_C" "chr13_30160356_C_T_b38_C"
64 SNP(s) removed because HWE P < 1e-08 :
 [1] "chr14_94029792_C_T_b38_C" "chr14_94029845_C_A_b38_C"
 [3] "chr14_94030098_C_T_b38_C" "chr14_94349903_A_G_b38_A"
 [5] "chr14_94370690_A_G_b38_A" "chr14_94370732_C_A_b38_C"
 [7] "chr14_94370742_C_T_b38_C" "chr14_94370745_G_A_b38_G"
 [9] "chr14_94378897_G_C_b38_G" "chr14_94378898_T_C_b38_T"
[11] "chr14_94378900_A_G_b38_A" "chr14_94378934_A_T_b38_A"
[13] "chr14_94378941_G_A_b38_G" "chr14_94380003_C_T_b38_C"
[15] "chr14_94380014_T_C_b38_T" "chr14_94380017_G_A_b38_G"
[17] "chr14_94380024_T_C_b38_T" "chr14_94380037_A_G_b38_A"
[19] "chr14_94380042_G_A_b38_G" "chr14_94380048_A_G_b38_A"
[21] "chr14_94380049_T_A_b38_T" "chr14_94380053_A_G_b38_A"
[23] "chr14_94380057_T_C_b38_T" "chr14_94380058_G_A_b38_G"
[25] "chr14_94380063_G_C_b38_G" "chr14_94380085_T_C_b38_T"
[27] "chr14_94380106_C_A_b38_C" "chr14_94380111_C_T_b38_C"
[29] "chr14_94380112_C_T_b38_C" "chr14_94380151_A_G_b38_A"
[31] "chr14_94380152_G_T_b38_G" "chr14_94380164_T_C_b38_T"
[33] "chr14_94380166_C_T_b38_C" "chr14_94380168_G_T_b38_G"
[35] "chr14_94380175_A_G_b38_A" "chr14_94380212_C_T_b38_C"
[37] "chr14_94380215_C_G_b38_C" "chr14_94380222_T_C_b38_T"
[39] "chr14_94380244_A_G_b38_A" "chr14_94380250_C_A_b38_C"
[41] "chr14_94380312_G_A_b38_G" "chr14_94380318_C_T_b38_C"
[43] "chr14_94380322_T_C_b38_T" "chr14_94380324_T_C_b38_T"
[45] "chr14_94380333_C_T_b38_C" "chr14_94380362_C_T_b38_C"
[47] "chr14_94380371_T_C_b38_T" "chr14_94446984_A_T_b38_A"
[49] "chr14_94455670_G_T_b38_G" "chr14_94467053_C_T_b38_C"
[51] "chr14_94468771_C_T_b38_C" "chr14_94578680_G_A_b38_G"
[53] "chr14_94637276_C_T_b38_C" "chr14_94638842_C_T_b38_C"
[55] "chr14_94639184_C_T_b38_C" "chr14_94657781_C_A_b38_C"
[57] "chr14_94717842_A_C_b38_A" "chr14_94757444_A_T_b38_A"
[59] "chr14_94763440_G_A_b38_G" "chr14_94821833_A_G_b38_A"
[61] "chr14_94971331_C_G_b38_C" "chr14_94972891_G_A_b38_G"
[63] "chr14_94986440_G_A_b38_G" "chr14_94988388_C_T_b38_C"
37 SNP(s) removed because HWE P < 1e-08 :
 [1] "chr16_24109784_G_A_b38_G" "chr16_24227690_G_C_b38_G"
 [3] "chr16_24233628_G_C_b38_G" "chr16_24496566_C_T_b38_C"
 [5] "chr16_24496764_C_A_b38_C" "chr16_24499309_C_T_b38_C"
 [7] "chr16_24870481_A_C_b38_A" "chr16_24873006_G_A_b38_G"
 [9] "chr16_24884357_A_G_b38_A" "chr16_24917601_A_G_b38_A"
[11] "chr16_24917765_G_A_b38_G" "chr16_24917986_T_C_b38_T"
[13] "chr16_24919227_T_C_b38_T" "chr16_24920477_C_T_b38_C"
[15] "chr16_24920573_A_G_b38_A" "chr16_24921599_T_C_b38_T"
[17] "chr16_24923143_G_T_b38_G" "chr16_24924245_T_C_b38_T"
[19] "chr16_24924716_A_T_b38_A" "chr16_24925306_A_G_b38_A"
[21] "chr16_24927264_T_C_b38_T" "chr16_24932825_T_C_b38_T"
[23] "chr16_24940578_A_G_b38_A" "chr16_24943087_G_A_b38_G"
[25] "chr16_24943465_A_G_b38_A" "chr16_24945135_A_G_b38_A"
[27] "chr16_24945229_T_G_b38_T" "chr16_24945237_A_C_b38_A"
[29] "chr16_24947347_A_C_b38_A" "chr16_24947664_G_A_b38_G"
[31] "chr16_24948730_C_G_b38_C" "chr16_24950568_T_C_b38_T"
[33] "chr16_24952718_T_C_b38_T" "chr16_24953197_T_C_b38_T"
[35] "chr16_24953395_G_T_b38_G" "chr16_24953714_C_T_b38_C"
[37] "chr16_24955202_T_C_b38_T"
64 SNP(s) removed because HWE P < 1e-08 :
 [1] "chr14_94029792_C_T_b38_C" "chr14_94029845_C_A_b38_C"
 [3] "chr14_94030098_C_T_b38_C" "chr14_94349903_A_G_b38_A"
 [5] "chr14_94370690_A_G_b38_A" "chr14_94370732_C_A_b38_C"
 [7] "chr14_94370742_C_T_b38_C" "chr14_94370745_G_A_b38_G"
 [9] "chr14_94378897_G_C_b38_G" "chr14_94378898_T_C_b38_T"
[11] "chr14_94378900_A_G_b38_A" "chr14_94378934_A_T_b38_A"
[13] "chr14_94378941_G_A_b38_G" "chr14_94380003_C_T_b38_C"
[15] "chr14_94380014_T_C_b38_T" "chr14_94380017_G_A_b38_G"
[17] "chr14_94380024_T_C_b38_T" "chr14_94380037_A_G_b38_A"
[19] "chr14_94380042_G_A_b38_G" "chr14_94380048_A_G_b38_A"
[21] "chr14_94380049_T_A_b38_T" "chr14_94380053_A_G_b38_A"
[23] "chr14_94380057_T_C_b38_T" "chr14_94380058_G_A_b38_G"
[25] "chr14_94380063_G_C_b38_G" "chr14_94380085_T_C_b38_T"
[27] "chr14_94380106_C_A_b38_C" "chr14_94380111_C_T_b38_C"
[29] "chr14_94380112_C_T_b38_C" "chr14_94380151_A_G_b38_A"
[31] "chr14_94380152_G_T_b38_G" "chr14_94380164_T_C_b38_T"
[33] "chr14_94380166_C_T_b38_C" "chr14_94380168_G_T_b38_G"
[35] "chr14_94380175_A_G_b38_A" "chr14_94380212_C_T_b38_C"
[37] "chr14_94380215_C_G_b38_C" "chr14_94380222_T_C_b38_T"
[39] "chr14_94380244_A_G_b38_A" "chr14_94380250_C_A_b38_C"
[41] "chr14_94380312_G_A_b38_G" "chr14_94380318_C_T_b38_C"
[43] "chr14_94380322_T_C_b38_T" "chr14_94380324_T_C_b38_T"
[45] "chr14_94380333_C_T_b38_C" "chr14_94380362_C_T_b38_C"
[47] "chr14_94380371_T_C_b38_T" "chr14_94446984_A_T_b38_A"
[49] "chr14_94455670_G_T_b38_G" "chr14_94467053_C_T_b38_C"
[51] "chr14_94468771_C_T_b38_C" "chr14_94578680_G_A_b38_G"
[53] "chr14_94637276_C_T_b38_C" "chr14_94638842_C_T_b38_C"
[55] "chr14_94639184_C_T_b38_C" "chr14_94657781_C_A_b38_C"
[57] "chr14_94717842_A_C_b38_A" "chr14_94757444_A_T_b38_A"
[59] "chr14_94763440_G_A_b38_G" "chr14_94821833_A_G_b38_A"
[61] "chr14_94971331_C_G_b38_C" "chr14_94972891_G_A_b38_G"
[63] "chr14_94986440_G_A_b38_G" "chr14_94988388_C_T_b38_C"
49 SNP(s) removed because HWE P < 1e-08 :
 [1] "chr19_51083323_T_G_b38_T" "chr19_51107599_A_G_b38_A"
 [3] "chr19_51107741_T_G_b38_T" "chr19_51108006_G_A_b38_G"
 [5] "chr19_51116302_T_C_b38_T" "chr19_51120922_T_G_b38_T"
 [7] "chr19_51121015_T_G_b38_T" "chr19_51121279_T_C_b38_T"
 [9] "chr19_51121832_A_C_b38_A" "chr19_51121942_T_C_b38_T"
[11] "chr19_51122379_A_G_b38_A" "chr19_51122568_A_G_b38_A"
[13] "chr19_51122642_G_C_b38_G" "chr19_51123685_A_G_b38_A"
[15] "chr19_51136723_A_G_b38_A" "chr19_51172375_T_C_b38_T"
[17] "chr19_51173311_A_G_b38_A" "chr19_51173876_T_C_b38_T"
[19] "chr19_51184134_C_T_b38_C" "chr19_51201503_A_G_b38_A"
[21] "chr19_51208344_T_C_b38_T" "chr19_51208365_C_T_b38_C"
[23] "chr19_51212754_T_C_b38_T" "chr19_51235665_T_C_b38_T"
[25] "chr19_51251278_A_C_b38_A" "chr19_51280161_A_G_b38_A"
[27] "chr19_51280387_C_T_b38_C" "chr19_51281207_G_A_b38_G"
[29] "chr19_51282770_C_G_b38_C" "chr19_51283428_T_C_b38_T"
[31] "chr19_51284112_C_T_b38_C" "chr19_51284184_A_C_b38_A"
[33] "chr19_51285176_C_A_b38_C" "chr19_51285861_G_A_b38_G"
[35] "chr19_51287738_T_C_b38_T" "chr19_51290510_A_C_b38_A"
[37] "chr19_51291857_T_G_b38_T" "chr19_51293045_T_C_b38_T"
[39] "chr19_51298175_C_T_b38_C" "chr19_51358092_C_G_b38_C"
[41] "chr19_51447917_C_T_b38_C" "chr19_51447928_A_G_b38_A"
[43] "chr19_51448049_T_G_b38_T" "chr19_51457686_A_G_b38_A"
[45] "chr19_51780129_T_C_b38_T" "chr19_51780359_A_G_b38_A"
[47] "chr19_51848424_G_A_b38_G" "chr19_51875933_G_A_b38_G"
[49] "chr19_51876393_G_A_b38_G"
64 SNP(s) removed because HWE P < 1e-08 :
 [1] "chr14_94029792_C_T_b38_C" "chr14_94029845_C_A_b38_C"
 [3] "chr14_94030098_C_T_b38_C" "chr14_94349903_A_G_b38_A"
 [5] "chr14_94370690_A_G_b38_A" "chr14_94370732_C_A_b38_C"
 [7] "chr14_94370742_C_T_b38_C" "chr14_94370745_G_A_b38_G"
 [9] "chr14_94378897_G_C_b38_G" "chr14_94378898_T_C_b38_T"
[11] "chr14_94378900_A_G_b38_A" "chr14_94378934_A_T_b38_A"
[13] "chr14_94378941_G_A_b38_G" "chr14_94380003_C_T_b38_C"
[15] "chr14_94380014_T_C_b38_T" "chr14_94380017_G_A_b38_G"
[17] "chr14_94380024_T_C_b38_T" "chr14_94380037_A_G_b38_A"
[19] "chr14_94380042_G_A_b38_G" "chr14_94380048_A_G_b38_A"
[21] "chr14_94380049_T_A_b38_T" "chr14_94380053_A_G_b38_A"
[23] "chr14_94380057_T_C_b38_T" "chr14_94380058_G_A_b38_G"
[25] "chr14_94380063_G_C_b38_G" "chr14_94380085_T_C_b38_T"
[27] "chr14_94380106_C_A_b38_C" "chr14_94380111_C_T_b38_C"
[29] "chr14_94380112_C_T_b38_C" "chr14_94380151_A_G_b38_A"
[31] "chr14_94380152_G_T_b38_G" "chr14_94380164_T_C_b38_T"
[33] "chr14_94380166_C_T_b38_C" "chr14_94380168_G_T_b38_G"
[35] "chr14_94380175_A_G_b38_A" "chr14_94380212_C_T_b38_C"
[37] "chr14_94380215_C_G_b38_C" "chr14_94380222_T_C_b38_T"
[39] "chr14_94380244_A_G_b38_A" "chr14_94380250_C_A_b38_C"
[41] "chr14_94380312_G_A_b38_G" "chr14_94380318_C_T_b38_C"
[43] "chr14_94380322_T_C_b38_T" "chr14_94380324_T_C_b38_T"
[45] "chr14_94380333_C_T_b38_C" "chr14_94380362_C_T_b38_C"
[47] "chr14_94380371_T_C_b38_T" "chr14_94446984_A_T_b38_A"
[49] "chr14_94455670_G_T_b38_G" "chr14_94467053_C_T_b38_C"
[51] "chr14_94468771_C_T_b38_C" "chr14_94578680_G_A_b38_G"
[53] "chr14_94637276_C_T_b38_C" "chr14_94638842_C_T_b38_C"
[55] "chr14_94639184_C_T_b38_C" "chr14_94657781_C_A_b38_C"
[57] "chr14_94717842_A_C_b38_A" "chr14_94757444_A_T_b38_A"
[59] "chr14_94763440_G_A_b38_G" "chr14_94821833_A_G_b38_A"
[61] "chr14_94971331_C_G_b38_C" "chr14_94972891_G_A_b38_G"
[63] "chr14_94986440_G_A_b38_G" "chr14_94988388_C_T_b38_C"
32 SNP(s) removed because HWE P < 1e-08 :
 [1] "chr19_17504800_T_C_b38_T" "chr19_17504915_T_C_b38_T"
 [3] "chr19_17583443_G_T_b38_G" "chr19_17666011_C_T_b38_C"
 [5] "chr19_17666078_T_C_b38_T" "chr19_17847808_C_T_b38_C"
 [7] "chr19_17847968_T_C_b38_T" "chr19_17901200_G_T_b38_G"
 [9] "chr19_17908396_T_C_b38_T" "chr19_17924720_G_T_b38_G"
[11] "chr19_17928630_T_C_b38_T" "chr19_18036796_G_A_b38_G"
[13] "chr19_18037080_A_T_b38_A" "chr19_18037381_T_C_b38_T"
[15] "chr19_18037783_T_C_b38_T" "chr19_18039165_G_A_b38_G"
[17] "chr19_18039479_C_T_b38_C" "chr19_18039995_T_C_b38_T"
[19] "chr19_18040092_T_C_b38_T" "chr19_18040429_G_T_b38_G"
[21] "chr19_18040432_G_T_b38_G" "chr19_18042127_C_T_b38_C"
[23] "chr19_18042885_A_G_b38_A" "chr19_18043992_G_C_b38_G"
[25] "chr19_18044231_C_G_b38_C" "chr19_18044266_G_C_b38_G"
[27] "chr19_18251693_G_C_b38_G" "chr19_18260387_C_T_b38_C"
[29] "chr19_18262150_C_G_b38_C" "chr19_18265699_G_A_b38_G"
[31] "chr19_18265970_T_C_b38_T" "chr19_18267871_C_A_b38_C"
22 SNP(s) removed because HWE P < 1e-08 :
 [1] "chr13_26820196_C_G_b38_C" "chr13_26973435_C_T_b38_C"
 [3] "chr13_26973459_C_T_b38_C" "chr13_27398688_T_C_b38_T"
 [5] "chr13_27399357_T_C_b38_T" "chr13_27399416_T_C_b38_T"
 [7] "chr13_27399609_T_C_b38_T" "chr13_27399628_A_G_b38_A"
 [9] "chr13_27399990_A_G_b38_A" "chr13_27401086_C_A_b38_C"
[11] "chr13_27401261_A_C_b38_A" "chr13_27401485_T_C_b38_T"
[13] "chr13_27406570_G_C_b38_G" "chr13_27408141_G_A_b38_G"
[15] "chr13_27408146_G_A_b38_G" "chr13_27409683_T_G_b38_T"
[17] "chr13_27411781_A_G_b38_A" "chr13_27411836_G_A_b38_G"
[19] "chr13_27412346_A_C_b38_A" "chr13_27426826_A_G_b38_A"
[21] "chr13_27465491_C_T_b38_C" "chr13_27480034_A_C_b38_A"
55 SNP(s) removed because HWE P < 1e-08 :
 [1] "chr8_140959400_A_G_b38_A" "chr8_140965990_G_A_b38_G"
 [3] "chr8_140969163_C_A_b38_C" "chr8_140989125_T_C_b38_T"
 [5] "chr8_141004438_C_T_b38_C" "chr8_141006632_T_C_b38_T"
 [7] "chr8_141071501_T_C_b38_T" "chr8_141071578_A_G_b38_A"
 [9] "chr8_141071645_T_C_b38_T" "chr8_141071802_G_A_b38_G"
[11] "chr8_141121082_T_C_b38_T" "chr8_141180426_C_G_b38_C"
[13] "chr8_141181239_T_A_b38_T" "chr8_141181317_T_C_b38_T"
[15] "chr8_141184712_T_G_b38_T" "chr8_141244962_G_C_b38_G"
[17] "chr8_141286748_T_C_b38_T" "chr8_141286753_A_C_b38_A"
[19] "chr8_141347730_C_T_b38_C" "chr8_141362533_T_C_b38_T"
[21] "chr8_141365345_T_C_b38_T" "chr8_141389756_G_A_b38_G"
[23] "chr8_141390354_T_C_b38_T" "chr8_141390516_C_T_b38_C"
[25] "chr8_141391538_T_C_b38_T" "chr8_141391665_G_C_b38_G"
[27] "chr8_141391872_A_G_b38_A" "chr8_141392529_G_A_b38_G"
[29] "chr8_141397221_T_C_b38_T" "chr8_141400791_G_A_b38_G"
[31] "chr8_141568918_G_C_b38_G" "chr8_141649522_C_T_b38_C"
[33] "chr8_141650734_G_A_b38_G" "chr8_141652128_G_A_b38_G"
[35] "chr8_141653036_G_C_b38_G" "chr8_141654036_C_G_b38_C"
[37] "chr8_141654867_C_G_b38_C" "chr8_141655425_T_G_b38_T"
[39] "chr8_141656968_A_C_b38_A" "chr8_141658248_C_T_b38_C"
[41] "chr8_141658721_C_T_b38_C" "chr8_141671147_G_A_b38_G"
[43] "chr8_141674084_G_C_b38_G" "chr8_141674220_G_C_b38_G"
[45] "chr8_141674531_C_T_b38_C" "chr8_141675852_C_G_b38_C"
[47] "chr8_141688396_T_C_b38_T" "chr8_141756261_G_T_b38_G"
[49] "chr8_141771030_G_A_b38_G" "chr8_141771835_G_T_b38_G"
[51] "chr8_141772151_A_G_b38_A" "chr8_141773031_C_T_b38_C"
[53] "chr8_141773343_T_G_b38_T" "chr8_141797458_C_G_b38_C"
[55] "chr8_141841151_G_T_b38_G"
22 SNP(s) removed because HWE P < 1e-08 :
 [1] "chr1_162353041_G_C_b38_G" "chr1_162353047_A_C_b38_A"
 [3] "chr1_162477576_G_A_b38_G" "chr1_162481393_G_A_b38_G"
 [5] "chr1_162483630_C_T_b38_C" "chr1_162701799_T_C_b38_T"
 [7] "chr1_162704548_G_A_b38_G" "chr1_162705250_T_C_b38_T"
 [9] "chr1_162706401_C_T_b38_C" "chr1_162710700_T_C_b38_T"
[11] "chr1_162714569_T_C_b38_T" "chr1_162722878_C_G_b38_C"
[13] "chr1_162733892_A_G_b38_A" "chr1_162742199_A_T_b38_A"
[15] "chr1_162742900_G_A_b38_G" "chr1_162743999_G_A_b38_G"
[17] "chr1_162744207_T_C_b38_T" "chr1_162752426_G_A_b38_G"
[19] "chr1_162763446_G_A_b38_G" "chr1_162798738_C_G_b38_C"
[21] "chr1_162803606_G_A_b38_G" "chr1_162909861_T_C_b38_T"
22 SNP(s) removed because HWE P < 1e-08 :
 [1] "chr4_8044692_G_T_b38_G" "chr4_8044693_A_C_b38_A" "chr4_8059763_G_A_b38_G"
 [4] "chr4_8100031_G_T_b38_G" "chr4_8100581_C_T_b38_C" "chr4_8306668_C_G_b38_C"
 [7] "chr4_8557849_T_C_b38_T" "chr4_8557938_A_C_b38_A" "chr4_8557958_G_A_b38_G"
[10] "chr4_8557961_C_T_b38_C" "chr4_8585626_A_G_b38_A" "chr4_8603756_G_C_b38_G"
[13] "chr4_8632004_T_A_b38_T" "chr4_8632045_A_G_b38_A" "chr4_8635779_A_G_b38_A"
[16] "chr4_8655103_T_G_b38_T" "chr4_8655200_C_G_b38_C" "chr4_8656155_G_C_b38_G"
[19] "chr4_8659539_G_A_b38_G" "chr4_8661217_T_G_b38_T" "chr4_8674262_C_G_b38_C"
[22] "chr4_8677036_C_A_b38_C"
74 SNP(s) removed because HWE P < 1e-08 :
 [1] "chr21_31920396_G_A_b38_G" "chr21_31935565_G_C_b38_G"
 [3] "chr21_31935580_T_G_b38_T" "chr21_32134286_A_T_b38_A"
 [5] "chr21_32238948_G_A_b38_G" "chr21_32250914_C_T_b38_C"
 [7] "chr21_32311415_A_C_b38_A" "chr21_32410343_C_T_b38_C"
 [9] "chr21_32432979_G_A_b38_G" "chr21_32432987_A_C_b38_A"
[11] "chr21_32432995_G_A_b38_G" "chr21_32433065_T_A_b38_T"
[13] "chr21_32433084_C_T_b38_C" "chr21_32433553_G_A_b38_G"
[15] "chr21_32433554_C_G_b38_C" "chr21_32433562_T_C_b38_T"
[17] "chr21_32433629_A_G_b38_A" "chr21_32433656_G_A_b38_G"
[19] "chr21_32433663_A_T_b38_A" "chr21_32434706_A_G_b38_A"
[21] "chr21_32434713_T_C_b38_T" "chr21_32434721_A_C_b38_A"
[23] "chr21_32434746_A_C_b38_A" "chr21_32434842_G_A_b38_G"
[25] "chr21_32434867_C_T_b38_C" "chr21_32434878_G_A_b38_G"
[27] "chr21_32434919_T_G_b38_T" "chr21_32434927_C_T_b38_C"
[29] "chr21_32434967_T_G_b38_T" "chr21_32434971_T_C_b38_T"
[31] "chr21_32434992_T_C_b38_T" "chr21_32435003_T_G_b38_T"
[33] "chr21_32435004_T_C_b38_T" "chr21_32435117_A_G_b38_A"
[35] "chr21_32435125_T_C_b38_T" "chr21_32435126_G_C_b38_G"
[37] "chr21_32435133_C_A_b38_C" "chr21_32435360_C_T_b38_C"
[39] "chr21_32435400_A_G_b38_A" "chr21_32435408_T_C_b38_T"
[41] "chr21_32435414_A_G_b38_A" "chr21_32435436_C_T_b38_C"
[43] "chr21_32435462_C_T_b38_C" "chr21_32435661_G_C_b38_G"
[45] "chr21_32435666_T_G_b38_T" "chr21_32435667_A_G_b38_A"
[47] "chr21_32435716_C_T_b38_C" "chr21_32435721_G_A_b38_G"
[49] "chr21_32435728_T_C_b38_T" "chr21_32435763_C_T_b38_C"
[51] "chr21_32435766_A_C_b38_A" "chr21_32435898_C_T_b38_C"
[53] "chr21_32435949_T_A_b38_T" "chr21_32435990_T_A_b38_T"
[55] "chr21_32436019_G_A_b38_G" "chr21_32436447_T_A_b38_T"
[57] "chr21_32436465_A_C_b38_A" "chr21_32436477_T_A_b38_T"
[59] "chr21_32436484_T_C_b38_T" "chr21_32436539_G_A_b38_G"
[61] "chr21_32436627_G_A_b38_G" "chr21_32436628_G_A_b38_G"
[63] "chr21_32436637_A_G_b38_A" "chr21_32436702_C_T_b38_C"
[65] "chr21_32436736_G_A_b38_G" "chr21_32436746_A_G_b38_A"
[67] "chr21_32437187_G_C_b38_G" "chr21_32437224_A_G_b38_A"
[69] "chr21_32437249_C_A_b38_C" "chr21_32437250_G_A_b38_G"
[71] "chr21_32437258_C_G_b38_C" "chr21_32621877_A_T_b38_A"
[73] "chr21_32660622_A_G_b38_A" "chr21_32660624_C_T_b38_C"
49 SNP(s) removed because HWE P < 1e-08 :
 [1] "chr19_51083323_T_G_b38_T" "chr19_51107599_A_G_b38_A"
 [3] "chr19_51107741_T_G_b38_T" "chr19_51108006_G_A_b38_G"
 [5] "chr19_51116302_T_C_b38_T" "chr19_51120922_T_G_b38_T"
 [7] "chr19_51121015_T_G_b38_T" "chr19_51121279_T_C_b38_T"
 [9] "chr19_51121832_A_C_b38_A" "chr19_51121942_T_C_b38_T"
[11] "chr19_51122379_A_G_b38_A" "chr19_51122568_A_G_b38_A"
[13] "chr19_51122642_G_C_b38_G" "chr19_51123685_A_G_b38_A"
[15] "chr19_51136723_A_G_b38_A" "chr19_51172375_T_C_b38_T"
[17] "chr19_51173311_A_G_b38_A" "chr19_51173876_T_C_b38_T"
[19] "chr19_51184134_C_T_b38_C" "chr19_51201503_A_G_b38_A"
[21] "chr19_51208344_T_C_b38_T" "chr19_51208365_C_T_b38_C"
[23] "chr19_51212754_T_C_b38_T" "chr19_51235665_T_C_b38_T"
[25] "chr19_51251278_A_C_b38_A" "chr19_51280161_A_G_b38_A"
[27] "chr19_51280387_C_T_b38_C" "chr19_51281207_G_A_b38_G"
[29] "chr19_51282770_C_G_b38_C" "chr19_51283428_T_C_b38_T"
[31] "chr19_51284112_C_T_b38_C" "chr19_51284184_A_C_b38_A"
[33] "chr19_51285176_C_A_b38_C" "chr19_51285861_G_A_b38_G"
[35] "chr19_51287738_T_C_b38_T" "chr19_51290510_A_C_b38_A"
[37] "chr19_51291857_T_G_b38_T" "chr19_51293045_T_C_b38_T"
[39] "chr19_51298175_C_T_b38_C" "chr19_51358092_C_G_b38_C"
[41] "chr19_51447917_C_T_b38_C" "chr19_51447928_A_G_b38_A"
[43] "chr19_51448049_T_G_b38_T" "chr19_51457686_A_G_b38_A"
[45] "chr19_51780129_T_C_b38_T" "chr19_51780359_A_G_b38_A"
[47] "chr19_51848424_G_A_b38_G" "chr19_51875933_G_A_b38_G"
[49] "chr19_51876393_G_A_b38_G"
74 SNP(s) removed because HWE P < 1e-08 :
 [1] "chr21_31920396_G_A_b38_G" "chr21_31935565_G_C_b38_G"
 [3] "chr21_31935580_T_G_b38_T" "chr21_32134286_A_T_b38_A"
 [5] "chr21_32238948_G_A_b38_G" "chr21_32250914_C_T_b38_C"
 [7] "chr21_32311415_A_C_b38_A" "chr21_32410343_C_T_b38_C"
 [9] "chr21_32432979_G_A_b38_G" "chr21_32432987_A_C_b38_A"
[11] "chr21_32432995_G_A_b38_G" "chr21_32433065_T_A_b38_T"
[13] "chr21_32433084_C_T_b38_C" "chr21_32433553_G_A_b38_G"
[15] "chr21_32433554_C_G_b38_C" "chr21_32433562_T_C_b38_T"
[17] "chr21_32433629_A_G_b38_A" "chr21_32433656_G_A_b38_G"
[19] "chr21_32433663_A_T_b38_A" "chr21_32434706_A_G_b38_A"
[21] "chr21_32434713_T_C_b38_T" "chr21_32434721_A_C_b38_A"
[23] "chr21_32434746_A_C_b38_A" "chr21_32434842_G_A_b38_G"
[25] "chr21_32434867_C_T_b38_C" "chr21_32434878_G_A_b38_G"
[27] "chr21_32434919_T_G_b38_T" "chr21_32434927_C_T_b38_C"
[29] "chr21_32434967_T_G_b38_T" "chr21_32434971_T_C_b38_T"
[31] "chr21_32434992_T_C_b38_T" "chr21_32435003_T_G_b38_T"
[33] "chr21_32435004_T_C_b38_T" "chr21_32435117_A_G_b38_A"
[35] "chr21_32435125_T_C_b38_T" "chr21_32435126_G_C_b38_G"
[37] "chr21_32435133_C_A_b38_C" "chr21_32435360_C_T_b38_C"
[39] "chr21_32435400_A_G_b38_A" "chr21_32435408_T_C_b38_T"
[41] "chr21_32435414_A_G_b38_A" "chr21_32435436_C_T_b38_C"
[43] "chr21_32435462_C_T_b38_C" "chr21_32435661_G_C_b38_G"
[45] "chr21_32435666_T_G_b38_T" "chr21_32435667_A_G_b38_A"
[47] "chr21_32435716_C_T_b38_C" "chr21_32435721_G_A_b38_G"
[49] "chr21_32435728_T_C_b38_T" "chr21_32435763_C_T_b38_C"
[51] "chr21_32435766_A_C_b38_A" "chr21_32435898_C_T_b38_C"
[53] "chr21_32435949_T_A_b38_T" "chr21_32435990_T_A_b38_T"
[55] "chr21_32436019_G_A_b38_G" "chr21_32436447_T_A_b38_T"
[57] "chr21_32436465_A_C_b38_A" "chr21_32436477_T_A_b38_T"
[59] "chr21_32436484_T_C_b38_T" "chr21_32436539_G_A_b38_G"
[61] "chr21_32436627_G_A_b38_G" "chr21_32436628_G_A_b38_G"
[63] "chr21_32436637_A_G_b38_A" "chr21_32436702_C_T_b38_C"
[65] "chr21_32436736_G_A_b38_G" "chr21_32436746_A_G_b38_A"
[67] "chr21_32437187_G_C_b38_G" "chr21_32437224_A_G_b38_A"
[69] "chr21_32437249_C_A_b38_C" "chr21_32437250_G_A_b38_G"
[71] "chr21_32437258_C_G_b38_C" "chr21_32621877_A_T_b38_A"
[73] "chr21_32660622_A_G_b38_A" "chr21_32660624_C_T_b38_C"
32 SNP(s) removed because HWE P < 1e-08 :
 [1] "chr19_17504800_T_C_b38_T" "chr19_17504915_T_C_b38_T"
 [3] "chr19_17583443_G_T_b38_G" "chr19_17666011_C_T_b38_C"
 [5] "chr19_17666078_T_C_b38_T" "chr19_17847808_C_T_b38_C"
 [7] "chr19_17847968_T_C_b38_T" "chr19_17901200_G_T_b38_G"
 [9] "chr19_17908396_T_C_b38_T" "chr19_17924720_G_T_b38_G"
[11] "chr19_17928630_T_C_b38_T" "chr19_18036796_G_A_b38_G"
[13] "chr19_18037080_A_T_b38_A" "chr19_18037381_T_C_b38_T"
[15] "chr19_18037783_T_C_b38_T" "chr19_18039165_G_A_b38_G"
[17] "chr19_18039479_C_T_b38_C" "chr19_18039995_T_C_b38_T"
[19] "chr19_18040092_T_C_b38_T" "chr19_18040429_G_T_b38_G"
[21] "chr19_18040432_G_T_b38_G" "chr19_18042127_C_T_b38_C"
[23] "chr19_18042885_A_G_b38_A" "chr19_18043992_G_C_b38_G"
[25] "chr19_18044231_C_G_b38_C" "chr19_18044266_G_C_b38_G"
[27] "chr19_18251693_G_C_b38_G" "chr19_18260387_C_T_b38_C"
[29] "chr19_18262150_C_G_b38_C" "chr19_18265699_G_A_b38_G"
[31] "chr19_18265970_T_C_b38_T" "chr19_18267871_C_A_b38_C"
64 SNP(s) removed because HWE P < 1e-08 :
 [1] "chr14_94029792_C_T_b38_C" "chr14_94029845_C_A_b38_C"
 [3] "chr14_94030098_C_T_b38_C" "chr14_94349903_A_G_b38_A"
 [5] "chr14_94370690_A_G_b38_A" "chr14_94370732_C_A_b38_C"
 [7] "chr14_94370742_C_T_b38_C" "chr14_94370745_G_A_b38_G"
 [9] "chr14_94378897_G_C_b38_G" "chr14_94378898_T_C_b38_T"
[11] "chr14_94378900_A_G_b38_A" "chr14_94378934_A_T_b38_A"
[13] "chr14_94378941_G_A_b38_G" "chr14_94380003_C_T_b38_C"
[15] "chr14_94380014_T_C_b38_T" "chr14_94380017_G_A_b38_G"
[17] "chr14_94380024_T_C_b38_T" "chr14_94380037_A_G_b38_A"
[19] "chr14_94380042_G_A_b38_G" "chr14_94380048_A_G_b38_A"
[21] "chr14_94380049_T_A_b38_T" "chr14_94380053_A_G_b38_A"
[23] "chr14_94380057_T_C_b38_T" "chr14_94380058_G_A_b38_G"
[25] "chr14_94380063_G_C_b38_G" "chr14_94380085_T_C_b38_T"
[27] "chr14_94380106_C_A_b38_C" "chr14_94380111_C_T_b38_C"
[29] "chr14_94380112_C_T_b38_C" "chr14_94380151_A_G_b38_A"
[31] "chr14_94380152_G_T_b38_G" "chr14_94380164_T_C_b38_T"
[33] "chr14_94380166_C_T_b38_C" "chr14_94380168_G_T_b38_G"
[35] "chr14_94380175_A_G_b38_A" "chr14_94380212_C_T_b38_C"
[37] "chr14_94380215_C_G_b38_C" "chr14_94380222_T_C_b38_T"
[39] "chr14_94380244_A_G_b38_A" "chr14_94380250_C_A_b38_C"
[41] "chr14_94380312_G_A_b38_G" "chr14_94380318_C_T_b38_C"
[43] "chr14_94380322_T_C_b38_T" "chr14_94380324_T_C_b38_T"
[45] "chr14_94380333_C_T_b38_C" "chr14_94380362_C_T_b38_C"
[47] "chr14_94380371_T_C_b38_T" "chr14_94446984_A_T_b38_A"
[49] "chr14_94455670_G_T_b38_G" "chr14_94467053_C_T_b38_C"
[51] "chr14_94468771_C_T_b38_C" "chr14_94578680_G_A_b38_G"
[53] "chr14_94637276_C_T_b38_C" "chr14_94638842_C_T_b38_C"
[55] "chr14_94639184_C_T_b38_C" "chr14_94657781_C_A_b38_C"
[57] "chr14_94717842_A_C_b38_A" "chr14_94757444_A_T_b38_A"
[59] "chr14_94763440_G_A_b38_G" "chr14_94821833_A_G_b38_A"
[61] "chr14_94971331_C_G_b38_C" "chr14_94972891_G_A_b38_G"
[63] "chr14_94986440_G_A_b38_G" "chr14_94988388_C_T_b38_C"
55 SNP(s) removed because HWE P < 1e-08 :
 [1] "chr8_140959400_A_G_b38_A" "chr8_140965990_G_A_b38_G"
 [3] "chr8_140969163_C_A_b38_C" "chr8_140989125_T_C_b38_T"
 [5] "chr8_141004438_C_T_b38_C" "chr8_141006632_T_C_b38_T"
 [7] "chr8_141071501_T_C_b38_T" "chr8_141071578_A_G_b38_A"
 [9] "chr8_141071645_T_C_b38_T" "chr8_141071802_G_A_b38_G"
[11] "chr8_141121082_T_C_b38_T" "chr8_141180426_C_G_b38_C"
[13] "chr8_141181239_T_A_b38_T" "chr8_141181317_T_C_b38_T"
[15] "chr8_141184712_T_G_b38_T" "chr8_141244962_G_C_b38_G"
[17] "chr8_141286748_T_C_b38_T" "chr8_141286753_A_C_b38_A"
[19] "chr8_141347730_C_T_b38_C" "chr8_141362533_T_C_b38_T"
[21] "chr8_141365345_T_C_b38_T" "chr8_141389756_G_A_b38_G"
[23] "chr8_141390354_T_C_b38_T" "chr8_141390516_C_T_b38_C"
[25] "chr8_141391538_T_C_b38_T" "chr8_141391665_G_C_b38_G"
[27] "chr8_141391872_A_G_b38_A" "chr8_141392529_G_A_b38_G"
[29] "chr8_141397221_T_C_b38_T" "chr8_141400791_G_A_b38_G"
[31] "chr8_141568918_G_C_b38_G" "chr8_141649522_C_T_b38_C"
[33] "chr8_141650734_G_A_b38_G" "chr8_141652128_G_A_b38_G"
[35] "chr8_141653036_G_C_b38_G" "chr8_141654036_C_G_b38_C"
[37] "chr8_141654867_C_G_b38_C" "chr8_141655425_T_G_b38_T"
[39] "chr8_141656968_A_C_b38_A" "chr8_141658248_C_T_b38_C"
[41] "chr8_141658721_C_T_b38_C" "chr8_141671147_G_A_b38_G"
[43] "chr8_141674084_G_C_b38_G" "chr8_141674220_G_C_b38_G"
[45] "chr8_141674531_C_T_b38_C" "chr8_141675852_C_G_b38_C"
[47] "chr8_141688396_T_C_b38_T" "chr8_141756261_G_T_b38_G"
[49] "chr8_141771030_G_A_b38_G" "chr8_141771835_G_T_b38_G"
[51] "chr8_141772151_A_G_b38_A" "chr8_141773031_C_T_b38_C"
[53] "chr8_141773343_T_G_b38_T" "chr8_141797458_C_G_b38_C"
[55] "chr8_141841151_G_T_b38_G"
22 SNP(s) removed because HWE P < 1e-08 :
 [1] "chr1_162353041_G_C_b38_G" "chr1_162353047_A_C_b38_A"
 [3] "chr1_162477576_G_A_b38_G" "chr1_162481393_G_A_b38_G"
 [5] "chr1_162483630_C_T_b38_C" "chr1_162701799_T_C_b38_T"
 [7] "chr1_162704548_G_A_b38_G" "chr1_162705250_T_C_b38_T"
 [9] "chr1_162706401_C_T_b38_C" "chr1_162710700_T_C_b38_T"
[11] "chr1_162714569_T_C_b38_T" "chr1_162722878_C_G_b38_C"
[13] "chr1_162733892_A_G_b38_A" "chr1_162742199_A_T_b38_A"
[15] "chr1_162742900_G_A_b38_G" "chr1_162743999_G_A_b38_G"
[17] "chr1_162744207_T_C_b38_T" "chr1_162752426_G_A_b38_G"
[19] "chr1_162763446_G_A_b38_G" "chr1_162798738_C_G_b38_C"
[21] "chr1_162803606_G_A_b38_G" "chr1_162909861_T_C_b38_T"
22 SNP(s) removed because HWE P < 1e-08 :
 [1] "chr4_8044692_G_T_b38_G" "chr4_8044693_A_C_b38_A" "chr4_8059763_G_A_b38_G"
 [4] "chr4_8100031_G_T_b38_G" "chr4_8100581_C_T_b38_C" "chr4_8306668_C_G_b38_C"
 [7] "chr4_8557849_T_C_b38_T" "chr4_8557938_A_C_b38_A" "chr4_8557958_G_A_b38_G"
[10] "chr4_8557961_C_T_b38_C" "chr4_8585626_A_G_b38_A" "chr4_8603756_G_C_b38_G"
[13] "chr4_8632004_T_A_b38_T" "chr4_8632045_A_G_b38_A" "chr4_8635779_A_G_b38_A"
[16] "chr4_8655103_T_G_b38_T" "chr4_8655200_C_G_b38_C" "chr4_8656155_G_C_b38_G"
[19] "chr4_8659539_G_A_b38_G" "chr4_8661217_T_G_b38_T" "chr4_8674262_C_G_b38_C"
[22] "chr4_8677036_C_A_b38_C"
39 SNP(s) removed because HWE P < 1e-08 :
 [1] "chr22_49765666_G_C_b38_G" "chr22_49770965_G_C_b38_G"
 [3] "chr22_49837507_C_G_b38_C" "chr22_49846939_C_A_b38_C"
 [5] "chr22_49848251_T_C_b38_T" "chr22_49872508_G_A_b38_G"
 [7] "chr22_49880142_T_C_b38_T" "chr22_49880243_G_T_b38_G"
 [9] "chr22_49883047_G_C_b38_G" "chr22_49894697_A_G_b38_A"
[11] "chr22_49906790_T_C_b38_T" "chr22_49921580_T_C_b38_T"
[13] "chr22_49921715_C_A_b38_C" "chr22_49973759_T_C_b38_T"
[15] "chr22_50013858_A_C_b38_A" "chr22_50357867_G_A_b38_G"
[17] "chr22_50371703_G_C_b38_G" "chr22_50418711_G_A_b38_G"
[19] "chr22_50424402_A_C_b38_A" "chr22_50424421_C_A_b38_C"
[21] "chr22_50424423_C_T_b38_C" "chr22_50495487_G_A_b38_G"
[23] "chr22_50495498_T_C_b38_T" "chr22_50495499_G_A_b38_G"
[25] "chr22_50508159_C_G_b38_C" "chr22_50509182_A_G_b38_A"
[27] "chr22_50509488_T_C_b38_T" "chr22_50509962_A_G_b38_A"
[29] "chr22_50510817_C_T_b38_C" "chr22_50510967_T_C_b38_T"
[31] "chr22_50511806_T_C_b38_T" "chr22_50512014_T_C_b38_T"
[33] "chr22_50512298_G_A_b38_G" "chr22_50512549_T_G_b38_T"
[35] "chr22_50513313_G_C_b38_G" "chr22_50513793_G_A_b38_G"
[37] "chr22_50542614_C_T_b38_C" "chr22_50542624_A_T_b38_A"
[39] "chr22_50712000_C_T_b38_C"
6 SNP(s) removed because HWE P < 1e-08 :
[1] "chr13_29549344_C_T_b38_C" "chr13_29949626_G_C_b38_G"
[3] "chr13_30062346_T_C_b38_T" "chr13_30062379_G_C_b38_G"
[5] "chr13_30121793_C_T_b38_C" "chr13_30160356_C_T_b38_C"
6 SNP(s) removed because HWE P < 1e-08 :
[1] "chr17_28439190_A_C_b38_A" "chr17_28439714_T_C_b38_T"
[3] "chr17_28441937_G_A_b38_G" "chr17_28452019_C_T_b38_C"
[5] "chr17_28452207_C_G_b38_C" "chr17_28459762_C_A_b38_C"
22 SNP(s) removed because HWE P < 1e-08 :
 [1] "chr1_162353041_G_C_b38_G" "chr1_162353047_A_C_b38_A"
 [3] "chr1_162477576_G_A_b38_G" "chr1_162481393_G_A_b38_G"
 [5] "chr1_162483630_C_T_b38_C" "chr1_162701799_T_C_b38_T"
 [7] "chr1_162704548_G_A_b38_G" "chr1_162705250_T_C_b38_T"
 [9] "chr1_162706401_C_T_b38_C" "chr1_162710700_T_C_b38_T"
[11] "chr1_162714569_T_C_b38_T" "chr1_162722878_C_G_b38_C"
[13] "chr1_162733892_A_G_b38_A" "chr1_162742199_A_T_b38_A"
[15] "chr1_162742900_G_A_b38_G" "chr1_162743999_G_A_b38_G"
[17] "chr1_162744207_T_C_b38_T" "chr1_162752426_G_A_b38_G"
[19] "chr1_162763446_G_A_b38_G" "chr1_162798738_C_G_b38_C"
[21] "chr1_162803606_G_A_b38_G" "chr1_162909861_T_C_b38_T"
6 SNP(s) removed because HWE P < 1e-08 :
[1] "chr17_28439190_A_C_b38_A" "chr17_28439714_T_C_b38_T"
[3] "chr17_28441937_G_A_b38_G" "chr17_28452019_C_T_b38_C"
[5] "chr17_28452207_C_G_b38_C" "chr17_28459762_C_A_b38_C"
56 SNP(s) removed because HWE P < 1e-08 :
 [1] "chr2_234571796_G_C_b38_G" "chr2_234679043_G_T_b38_G"
 [3] "chr2_234679188_T_C_b38_T" "chr2_234758936_C_T_b38_C"
 [5] "chr2_234758982_T_C_b38_T" "chr2_234760203_A_G_b38_A"
 [7] "chr2_234760375_C_T_b38_C" "chr2_234888396_A_G_b38_A"
 [9] "chr2_234888758_T_C_b38_T" "chr2_234894832_A_C_b38_A"
[11] "chr2_234894910_G_A_b38_G" "chr2_234894973_T_C_b38_T"
[13] "chr2_234895017_A_G_b38_A" "chr2_234895077_T_C_b38_T"
[15] "chr2_234895138_G_A_b38_G" "chr2_234895180_T_G_b38_T"
[17] "chr2_234895243_G_C_b38_G" "chr2_234895404_A_G_b38_A"
[19] "chr2_234895495_A_G_b38_A" "chr2_234895594_G_T_b38_G"
[21] "chr2_234895605_G_A_b38_G" "chr2_234895717_A_C_b38_A"
[23] "chr2_234895726_G_A_b38_G" "chr2_234895744_C_T_b38_C"
[25] "chr2_234895756_C_A_b38_C" "chr2_234895848_T_A_b38_T"
[27] "chr2_234895974_C_T_b38_C" "chr2_234895996_G_A_b38_G"
[29] "chr2_234896107_C_G_b38_C" "chr2_234896219_G_C_b38_G"
[31] "chr2_234896302_G_C_b38_G" "chr2_234896331_A_G_b38_A"
[33] "chr2_235001953_C_T_b38_C" "chr2_235013109_C_A_b38_C"
[35] "chr2_235013502_C_T_b38_C" "chr2_235014147_A_G_b38_A"
[37] "chr2_235014329_G_T_b38_G" "chr2_235016380_G_A_b38_G"
[39] "chr2_235017019_T_C_b38_T" "chr2_235018342_C_T_b38_C"
[41] "chr2_235031472_C_T_b38_C" "chr2_235062147_T_G_b38_T"
[43] "chr2_235255566_C_A_b38_C" "chr2_235294463_A_G_b38_A"
[45] "chr2_235316147_T_C_b38_T" "chr2_235374434_A_G_b38_A"
[47] "chr2_235375213_T_C_b38_T" "chr2_235375341_T_C_b38_T"
[49] "chr2_235376857_G_A_b38_G" "chr2_235378897_A_T_b38_A"
[51] "chr2_235380311_G_A_b38_G" "chr2_235383464_G_A_b38_G"
[53] "chr2_235385818_T_C_b38_T" "chr2_235399509_A_G_b38_A"
[55] "chr2_235401021_T_A_b38_T" "chr2_235450334_T_C_b38_T"
6 SNP(s) removed because HWE P < 1e-08 :
[1] "chr17_28439190_A_C_b38_A" "chr17_28439714_T_C_b38_T"
[3] "chr17_28441937_G_A_b38_G" "chr17_28452019_C_T_b38_C"
[5] "chr17_28452207_C_G_b38_C" "chr17_28459762_C_A_b38_C"
37 SNP(s) removed because HWE P < 1e-08 :
 [1] "chr16_24109784_G_A_b38_G" "chr16_24227690_G_C_b38_G"
 [3] "chr16_24233628_G_C_b38_G" "chr16_24496566_C_T_b38_C"
 [5] "chr16_24496764_C_A_b38_C" "chr16_24499309_C_T_b38_C"
 [7] "chr16_24870481_A_C_b38_A" "chr16_24873006_G_A_b38_G"
 [9] "chr16_24884357_A_G_b38_A" "chr16_24917601_A_G_b38_A"
[11] "chr16_24917765_G_A_b38_G" "chr16_24917986_T_C_b38_T"
[13] "chr16_24919227_T_C_b38_T" "chr16_24920477_C_T_b38_C"
[15] "chr16_24920573_A_G_b38_A" "chr16_24921599_T_C_b38_T"
[17] "chr16_24923143_G_T_b38_G" "chr16_24924245_T_C_b38_T"
[19] "chr16_24924716_A_T_b38_A" "chr16_24925306_A_G_b38_A"
[21] "chr16_24927264_T_C_b38_T" "chr16_24932825_T_C_b38_T"
[23] "chr16_24940578_A_G_b38_A" "chr16_24943087_G_A_b38_G"
[25] "chr16_24943465_A_G_b38_A" "chr16_24945135_A_G_b38_A"
[27] "chr16_24945229_T_G_b38_T" "chr16_24945237_A_C_b38_A"
[29] "chr16_24947347_A_C_b38_A" "chr16_24947664_G_A_b38_G"
[31] "chr16_24948730_C_G_b38_C" "chr16_24950568_T_C_b38_T"
[33] "chr16_24952718_T_C_b38_T" "chr16_24953197_T_C_b38_T"
[35] "chr16_24953395_G_T_b38_G" "chr16_24953714_C_T_b38_C"
[37] "chr16_24955202_T_C_b38_T"
32 SNP(s) removed because HWE P < 1e-08 :
 [1] "chr19_17504800_T_C_b38_T" "chr19_17504915_T_C_b38_T"
 [3] "chr19_17583443_G_T_b38_G" "chr19_17666011_C_T_b38_C"
 [5] "chr19_17666078_T_C_b38_T" "chr19_17847808_C_T_b38_C"
 [7] "chr19_17847968_T_C_b38_T" "chr19_17901200_G_T_b38_G"
 [9] "chr19_17908396_T_C_b38_T" "chr19_17924720_G_T_b38_G"
[11] "chr19_17928630_T_C_b38_T" "chr19_18036796_G_A_b38_G"
[13] "chr19_18037080_A_T_b38_A" "chr19_18037381_T_C_b38_T"
[15] "chr19_18037783_T_C_b38_T" "chr19_18039165_G_A_b38_G"
[17] "chr19_18039479_C_T_b38_C" "chr19_18039995_T_C_b38_T"
[19] "chr19_18040092_T_C_b38_T" "chr19_18040429_G_T_b38_G"
[21] "chr19_18040432_G_T_b38_G" "chr19_18042127_C_T_b38_C"
[23] "chr19_18042885_A_G_b38_A" "chr19_18043992_G_C_b38_G"
[25] "chr19_18044231_C_G_b38_C" "chr19_18044266_G_C_b38_G"
[27] "chr19_18251693_G_C_b38_G" "chr19_18260387_C_T_b38_C"
[29] "chr19_18262150_C_G_b38_C" "chr19_18265699_G_A_b38_G"
[31] "chr19_18265970_T_C_b38_T" "chr19_18267871_C_A_b38_C"
22 SNP(s) removed because HWE P < 1e-08 :
 [1] "chr4_8044692_G_T_b38_G" "chr4_8044693_A_C_b38_A" "chr4_8059763_G_A_b38_G"
 [4] "chr4_8100031_G_T_b38_G" "chr4_8100581_C_T_b38_C" "chr4_8306668_C_G_b38_C"
 [7] "chr4_8557849_T_C_b38_T" "chr4_8557938_A_C_b38_A" "chr4_8557958_G_A_b38_G"
[10] "chr4_8557961_C_T_b38_C" "chr4_8585626_A_G_b38_A" "chr4_8603756_G_C_b38_G"
[13] "chr4_8632004_T_A_b38_T" "chr4_8632045_A_G_b38_A" "chr4_8635779_A_G_b38_A"
[16] "chr4_8655103_T_G_b38_T" "chr4_8655200_C_G_b38_C" "chr4_8656155_G_C_b38_G"
[19] "chr4_8659539_G_A_b38_G" "chr4_8661217_T_G_b38_T" "chr4_8674262_C_G_b38_C"
[22] "chr4_8677036_C_A_b38_C"
8 SNP(s) removed because HWE P < 1e-08 :
[1] "chr15_64937983_T_C_b38_T" "chr15_64941973_T_A_b38_T"
[3] "chr15_64943304_T_A_b38_T" "chr15_64943631_C_T_b38_C"
[5] "chr15_64945162_C_A_b38_C" "chr15_64961454_C_T_b38_C"
[7] "chr15_65367165_G_A_b38_G" "chr15_65610463_A_C_b38_A"
39 SNP(s) removed because HWE P < 1e-08 :
 [1] "chr22_49765666_G_C_b38_G" "chr22_49770965_G_C_b38_G"
 [3] "chr22_49837507_C_G_b38_C" "chr22_49846939_C_A_b38_C"
 [5] "chr22_49848251_T_C_b38_T" "chr22_49872508_G_A_b38_G"
 [7] "chr22_49880142_T_C_b38_T" "chr22_49880243_G_T_b38_G"
 [9] "chr22_49883047_G_C_b38_G" "chr22_49894697_A_G_b38_A"
[11] "chr22_49906790_T_C_b38_T" "chr22_49921580_T_C_b38_T"
[13] "chr22_49921715_C_A_b38_C" "chr22_49973759_T_C_b38_T"
[15] "chr22_50013858_A_C_b38_A" "chr22_50357867_G_A_b38_G"
[17] "chr22_50371703_G_C_b38_G" "chr22_50418711_G_A_b38_G"
[19] "chr22_50424402_A_C_b38_A" "chr22_50424421_C_A_b38_C"
[21] "chr22_50424423_C_T_b38_C" "chr22_50495487_G_A_b38_G"
[23] "chr22_50495498_T_C_b38_T" "chr22_50495499_G_A_b38_G"
[25] "chr22_50508159_C_G_b38_C" "chr22_50509182_A_G_b38_A"
[27] "chr22_50509488_T_C_b38_T" "chr22_50509962_A_G_b38_A"
[29] "chr22_50510817_C_T_b38_C" "chr22_50510967_T_C_b38_T"
[31] "chr22_50511806_T_C_b38_T" "chr22_50512014_T_C_b38_T"
[33] "chr22_50512298_G_A_b38_G" "chr22_50512549_T_G_b38_T"
[35] "chr22_50513313_G_C_b38_G" "chr22_50513793_G_A_b38_G"
[37] "chr22_50542614_C_T_b38_C" "chr22_50542624_A_T_b38_A"
[39] "chr22_50712000_C_T_b38_C"
37 SNP(s) removed because HWE P < 1e-08 :
 [1] "chr16_24109784_G_A_b38_G" "chr16_24227690_G_C_b38_G"
 [3] "chr16_24233628_G_C_b38_G" "chr16_24496566_C_T_b38_C"
 [5] "chr16_24496764_C_A_b38_C" "chr16_24499309_C_T_b38_C"
 [7] "chr16_24870481_A_C_b38_A" "chr16_24873006_G_A_b38_G"
 [9] "chr16_24884357_A_G_b38_A" "chr16_24917601_A_G_b38_A"
[11] "chr16_24917765_G_A_b38_G" "chr16_24917986_T_C_b38_T"
[13] "chr16_24919227_T_C_b38_T" "chr16_24920477_C_T_b38_C"
[15] "chr16_24920573_A_G_b38_A" "chr16_24921599_T_C_b38_T"
[17] "chr16_24923143_G_T_b38_G" "chr16_24924245_T_C_b38_T"
[19] "chr16_24924716_A_T_b38_A" "chr16_24925306_A_G_b38_A"
[21] "chr16_24927264_T_C_b38_T" "chr16_24932825_T_C_b38_T"
[23] "chr16_24940578_A_G_b38_A" "chr16_24943087_G_A_b38_G"
[25] "chr16_24943465_A_G_b38_A" "chr16_24945135_A_G_b38_A"
[27] "chr16_24945229_T_G_b38_T" "chr16_24945237_A_C_b38_A"
[29] "chr16_24947347_A_C_b38_A" "chr16_24947664_G_A_b38_G"
[31] "chr16_24948730_C_G_b38_C" "chr16_24950568_T_C_b38_T"
[33] "chr16_24952718_T_C_b38_T" "chr16_24953197_T_C_b38_T"
[35] "chr16_24953395_G_T_b38_G" "chr16_24953714_C_T_b38_C"
[37] "chr16_24955202_T_C_b38_T"
25 SNP(s) removed because HWE P < 1e-08 :
 [1] "chr2_239645640_C_T_b38_C" "chr2_239711417_C_A_b38_C"
 [3] "chr2_239719898_C_T_b38_C" "chr2_239749338_G_A_b38_G"
 [5] "chr2_239777480_C_T_b38_C" "chr2_239778122_A_G_b38_A"
 [7] "chr2_239934368_A_C_b38_A" "chr2_239934374_A_C_b38_A"
 [9] "chr2_239974923_C_T_b38_C" "chr2_239974924_G_A_b38_G"
[11] "chr2_240056527_G_T_b38_G" "chr2_240062257_C_A_b38_C"
[13] "chr2_240062596_A_G_b38_A" "chr2_240062820_G_C_b38_G"
[15] "chr2_240064997_C_T_b38_C" "chr2_240066381_G_A_b38_G"
[17] "chr2_240073453_T_G_b38_T" "chr2_240074778_A_G_b38_A"
[19] "chr2_240075890_T_A_b38_T" "chr2_240082866_C_A_b38_C"
[21] "chr2_240230405_T_C_b38_T" "chr2_240325508_C_A_b38_C"
[23] "chr2_240328689_G_A_b38_G" "chr2_240331510_T_C_b38_T"
[25] "chr2_240581036_C_G_b38_C"
51 SNP(s) removed because HWE P < 1e-08 :
 [1] "chr19_50749708_G_C_b38_G" "chr19_50842031_A_G_b38_A"
 [3] "chr19_50896788_T_C_b38_T" "chr19_50897100_A_G_b38_A"
 [5] "chr19_50897145_C_T_b38_C" "chr19_50948431_C_T_b38_C"
 [7] "chr19_50957933_A_G_b38_A" "chr19_51083323_T_G_b38_T"
 [9] "chr19_51107599_A_G_b38_A" "chr19_51107741_T_G_b38_T"
[11] "chr19_51108006_G_A_b38_G" "chr19_51116302_T_C_b38_T"
[13] "chr19_51120922_T_G_b38_T" "chr19_51121015_T_G_b38_T"
[15] "chr19_51121279_T_C_b38_T" "chr19_51121832_A_C_b38_A"
[17] "chr19_51121942_T_C_b38_T" "chr19_51122379_A_G_b38_A"
[19] "chr19_51122568_A_G_b38_A" "chr19_51122642_G_C_b38_G"
[21] "chr19_51123685_A_G_b38_A" "chr19_51136723_A_G_b38_A"
[23] "chr19_51172375_T_C_b38_T" "chr19_51173311_A_G_b38_A"
[25] "chr19_51173876_T_C_b38_T" "chr19_51184134_C_T_b38_C"
[27] "chr19_51201503_A_G_b38_A" "chr19_51208344_T_C_b38_T"
[29] "chr19_51208365_C_T_b38_C" "chr19_51212754_T_C_b38_T"
[31] "chr19_51235665_T_C_b38_T" "chr19_51251278_A_C_b38_A"
[33] "chr19_51280161_A_G_b38_A" "chr19_51280387_C_T_b38_C"
[35] "chr19_51281207_G_A_b38_G" "chr19_51282770_C_G_b38_C"
[37] "chr19_51283428_T_C_b38_T" "chr19_51284112_C_T_b38_C"
[39] "chr19_51284184_A_C_b38_A" "chr19_51285176_C_A_b38_C"
[41] "chr19_51285861_G_A_b38_G" "chr19_51287738_T_C_b38_T"
[43] "chr19_51290510_A_C_b38_A" "chr19_51291857_T_G_b38_T"
[45] "chr19_51293045_T_C_b38_T" "chr19_51298175_C_T_b38_C"
[47] "chr19_51358092_C_G_b38_C" "chr19_51447917_C_T_b38_C"
[49] "chr19_51447928_A_G_b38_A" "chr19_51448049_T_G_b38_T"
[51] "chr19_51457686_A_G_b38_A"
6 SNP(s) removed because HWE P < 1e-08 :
[1] "chr20_10017841_A_G_b38_A" "chr20_10147095_G_C_b38_G"
[3] "chr20_10474781_A_C_b38_A" "chr20_10571961_A_G_b38_A"
[5] "chr20_10605064_A_G_b38_A" "chr20_10801743_G_C_b38_G"
49 SNP(s) removed because HWE P < 1e-08 :
 [1] "chr19_51083323_T_G_b38_T" "chr19_51107599_A_G_b38_A"
 [3] "chr19_51107741_T_G_b38_T" "chr19_51108006_G_A_b38_G"
 [5] "chr19_51116302_T_C_b38_T" "chr19_51120922_T_G_b38_T"
 [7] "chr19_51121015_T_G_b38_T" "chr19_51121279_T_C_b38_T"
 [9] "chr19_51121832_A_C_b38_A" "chr19_51121942_T_C_b38_T"
[11] "chr19_51122379_A_G_b38_A" "chr19_51122568_A_G_b38_A"
[13] "chr19_51122642_G_C_b38_G" "chr19_51123685_A_G_b38_A"
[15] "chr19_51136723_A_G_b38_A" "chr19_51172375_T_C_b38_T"
[17] "chr19_51173311_A_G_b38_A" "chr19_51173876_T_C_b38_T"
[19] "chr19_51184134_C_T_b38_C" "chr19_51201503_A_G_b38_A"
[21] "chr19_51208344_T_C_b38_T" "chr19_51208365_C_T_b38_C"
[23] "chr19_51212754_T_C_b38_T" "chr19_51235665_T_C_b38_T"
[25] "chr19_51251278_A_C_b38_A" "chr19_51280161_A_G_b38_A"
[27] "chr19_51280387_C_T_b38_C" "chr19_51281207_G_A_b38_G"
[29] "chr19_51282770_C_G_b38_C" "chr19_51283428_T_C_b38_T"
[31] "chr19_51284112_C_T_b38_C" "chr19_51284184_A_C_b38_A"
[33] "chr19_51285176_C_A_b38_C" "chr19_51285861_G_A_b38_G"
[35] "chr19_51287738_T_C_b38_T" "chr19_51290510_A_C_b38_A"
[37] "chr19_51291857_T_G_b38_T" "chr19_51293045_T_C_b38_T"
[39] "chr19_51298175_C_T_b38_C" "chr19_51358092_C_G_b38_C"
[41] "chr19_51447917_C_T_b38_C" "chr19_51447928_A_G_b38_A"
[43] "chr19_51448049_T_G_b38_T" "chr19_51457686_A_G_b38_A"
[45] "chr19_51780129_T_C_b38_T" "chr19_51780359_A_G_b38_A"
[47] "chr19_51848424_G_A_b38_G" "chr19_51875933_G_A_b38_G"
[49] "chr19_51876393_G_A_b38_G"
61 SNP(s) removed because HWE P < 1e-08 :
 [1] "chr14_94349903_A_G_b38_A" "chr14_94370690_A_G_b38_A"
 [3] "chr14_94370732_C_A_b38_C" "chr14_94370742_C_T_b38_C"
 [5] "chr14_94370745_G_A_b38_G" "chr14_94378897_G_C_b38_G"
 [7] "chr14_94378898_T_C_b38_T" "chr14_94378900_A_G_b38_A"
 [9] "chr14_94378934_A_T_b38_A" "chr14_94378941_G_A_b38_G"
[11] "chr14_94380003_C_T_b38_C" "chr14_94380014_T_C_b38_T"
[13] "chr14_94380017_G_A_b38_G" "chr14_94380024_T_C_b38_T"
[15] "chr14_94380037_A_G_b38_A" "chr14_94380042_G_A_b38_G"
[17] "chr14_94380048_A_G_b38_A" "chr14_94380049_T_A_b38_T"
[19] "chr14_94380053_A_G_b38_A" "chr14_94380057_T_C_b38_T"
[21] "chr14_94380058_G_A_b38_G" "chr14_94380063_G_C_b38_G"
[23] "chr14_94380085_T_C_b38_T" "chr14_94380106_C_A_b38_C"
[25] "chr14_94380111_C_T_b38_C" "chr14_94380112_C_T_b38_C"
[27] "chr14_94380151_A_G_b38_A" "chr14_94380152_G_T_b38_G"
[29] "chr14_94380164_T_C_b38_T" "chr14_94380166_C_T_b38_C"
[31] "chr14_94380168_G_T_b38_G" "chr14_94380175_A_G_b38_A"
[33] "chr14_94380212_C_T_b38_C" "chr14_94380215_C_G_b38_C"
[35] "chr14_94380222_T_C_b38_T" "chr14_94380244_A_G_b38_A"
[37] "chr14_94380250_C_A_b38_C" "chr14_94380312_G_A_b38_G"
[39] "chr14_94380318_C_T_b38_C" "chr14_94380322_T_C_b38_T"
[41] "chr14_94380324_T_C_b38_T" "chr14_94380333_C_T_b38_C"
[43] "chr14_94380362_C_T_b38_C" "chr14_94380371_T_C_b38_T"
[45] "chr14_94446984_A_T_b38_A" "chr14_94455670_G_T_b38_G"
[47] "chr14_94467053_C_T_b38_C" "chr14_94468771_C_T_b38_C"
[49] "chr14_94578680_G_A_b38_G" "chr14_94637276_C_T_b38_C"
[51] "chr14_94638842_C_T_b38_C" "chr14_94639184_C_T_b38_C"
[53] "chr14_94657781_C_A_b38_C" "chr14_94717842_A_C_b38_A"
[55] "chr14_94757444_A_T_b38_A" "chr14_94763440_G_A_b38_G"
[57] "chr14_94821833_A_G_b38_A" "chr14_94971331_C_G_b38_C"
[59] "chr14_94972891_G_A_b38_G" "chr14_94986440_G_A_b38_G"
[61] "chr14_94988388_C_T_b38_C"
4 SNP(s) removed because HWE P < 1e-08 :
[1] "chr5_163006321_G_C_b38_G" "chr5_163010219_A_G_b38_A"
[3] "chr5_163029144_T_C_b38_T" "chr5_163034093_T_C_b38_T"
74 SNP(s) removed because HWE P < 1e-08 :
 [1] "chr21_31920396_G_A_b38_G" "chr21_31935565_G_C_b38_G"
 [3] "chr21_31935580_T_G_b38_T" "chr21_32134286_A_T_b38_A"
 [5] "chr21_32238948_G_A_b38_G" "chr21_32250914_C_T_b38_C"
 [7] "chr21_32311415_A_C_b38_A" "chr21_32410343_C_T_b38_C"
 [9] "chr21_32432979_G_A_b38_G" "chr21_32432987_A_C_b38_A"
[11] "chr21_32432995_G_A_b38_G" "chr21_32433065_T_A_b38_T"
[13] "chr21_32433084_C_T_b38_C" "chr21_32433553_G_A_b38_G"
[15] "chr21_32433554_C_G_b38_C" "chr21_32433562_T_C_b38_T"
[17] "chr21_32433629_A_G_b38_A" "chr21_32433656_G_A_b38_G"
[19] "chr21_32433663_A_T_b38_A" "chr21_32434706_A_G_b38_A"
[21] "chr21_32434713_T_C_b38_T" "chr21_32434721_A_C_b38_A"
[23] "chr21_32434746_A_C_b38_A" "chr21_32434842_G_A_b38_G"
[25] "chr21_32434867_C_T_b38_C" "chr21_32434878_G_A_b38_G"
[27] "chr21_32434919_T_G_b38_T" "chr21_32434927_C_T_b38_C"
[29] "chr21_32434967_T_G_b38_T" "chr21_32434971_T_C_b38_T"
[31] "chr21_32434992_T_C_b38_T" "chr21_32435003_T_G_b38_T"
[33] "chr21_32435004_T_C_b38_T" "chr21_32435117_A_G_b38_A"
[35] "chr21_32435125_T_C_b38_T" "chr21_32435126_G_C_b38_G"
[37] "chr21_32435133_C_A_b38_C" "chr21_32435360_C_T_b38_C"
[39] "chr21_32435400_A_G_b38_A" "chr21_32435408_T_C_b38_T"
[41] "chr21_32435414_A_G_b38_A" "chr21_32435436_C_T_b38_C"
[43] "chr21_32435462_C_T_b38_C" "chr21_32435661_G_C_b38_G"
[45] "chr21_32435666_T_G_b38_T" "chr21_32435667_A_G_b38_A"
[47] "chr21_32435716_C_T_b38_C" "chr21_32435721_G_A_b38_G"
[49] "chr21_32435728_T_C_b38_T" "chr21_32435763_C_T_b38_C"
[51] "chr21_32435766_A_C_b38_A" "chr21_32435898_C_T_b38_C"
[53] "chr21_32435949_T_A_b38_T" "chr21_32435990_T_A_b38_T"
[55] "chr21_32436019_G_A_b38_G" "chr21_32436447_T_A_b38_T"
[57] "chr21_32436465_A_C_b38_A" "chr21_32436477_T_A_b38_T"
[59] "chr21_32436484_T_C_b38_T" "chr21_32436539_G_A_b38_G"
[61] "chr21_32436627_G_A_b38_G" "chr21_32436628_G_A_b38_G"
[63] "chr21_32436637_A_G_b38_A" "chr21_32436702_C_T_b38_C"
[65] "chr21_32436736_G_A_b38_G" "chr21_32436746_A_G_b38_A"
[67] "chr21_32437187_G_C_b38_G" "chr21_32437224_A_G_b38_A"
[69] "chr21_32437249_C_A_b38_C" "chr21_32437250_G_A_b38_G"
[71] "chr21_32437258_C_G_b38_C" "chr21_32621877_A_T_b38_A"
[73] "chr21_32660622_A_G_b38_A" "chr21_32660624_C_T_b38_C"
51 SNP(s) removed because HWE P < 1e-08 :
 [1] "chr19_50749708_G_C_b38_G" "chr19_50842031_A_G_b38_A"
 [3] "chr19_50896788_T_C_b38_T" "chr19_50897100_A_G_b38_A"
 [5] "chr19_50897145_C_T_b38_C" "chr19_50948431_C_T_b38_C"
 [7] "chr19_50957933_A_G_b38_A" "chr19_51083323_T_G_b38_T"
 [9] "chr19_51107599_A_G_b38_A" "chr19_51107741_T_G_b38_T"
[11] "chr19_51108006_G_A_b38_G" "chr19_51116302_T_C_b38_T"
[13] "chr19_51120922_T_G_b38_T" "chr19_51121015_T_G_b38_T"
[15] "chr19_51121279_T_C_b38_T" "chr19_51121832_A_C_b38_A"
[17] "chr19_51121942_T_C_b38_T" "chr19_51122379_A_G_b38_A"
[19] "chr19_51122568_A_G_b38_A" "chr19_51122642_G_C_b38_G"
[21] "chr19_51123685_A_G_b38_A" "chr19_51136723_A_G_b38_A"
[23] "chr19_51172375_T_C_b38_T" "chr19_51173311_A_G_b38_A"
[25] "chr19_51173876_T_C_b38_T" "chr19_51184134_C_T_b38_C"
[27] "chr19_51201503_A_G_b38_A" "chr19_51208344_T_C_b38_T"
[29] "chr19_51208365_C_T_b38_C" "chr19_51212754_T_C_b38_T"
[31] "chr19_51235665_T_C_b38_T" "chr19_51251278_A_C_b38_A"
[33] "chr19_51280161_A_G_b38_A" "chr19_51280387_C_T_b38_C"
[35] "chr19_51281207_G_A_b38_G" "chr19_51282770_C_G_b38_C"
[37] "chr19_51283428_T_C_b38_T" "chr19_51284112_C_T_b38_C"
[39] "chr19_51284184_A_C_b38_A" "chr19_51285176_C_A_b38_C"
[41] "chr19_51285861_G_A_b38_G" "chr19_51287738_T_C_b38_T"
[43] "chr19_51290510_A_C_b38_A" "chr19_51291857_T_G_b38_T"
[45] "chr19_51293045_T_C_b38_T" "chr19_51298175_C_T_b38_C"
[47] "chr19_51358092_C_G_b38_C" "chr19_51447917_C_T_b38_C"
[49] "chr19_51447928_A_G_b38_A" "chr19_51448049_T_G_b38_T"
[51] "chr19_51457686_A_G_b38_A"
32 SNP(s) removed because HWE P < 1e-08 :
 [1] "chr19_17504800_T_C_b38_T" "chr19_17504915_T_C_b38_T"
 [3] "chr19_17583443_G_T_b38_G" "chr19_17666011_C_T_b38_C"
 [5] "chr19_17666078_T_C_b38_T" "chr19_17847808_C_T_b38_C"
 [7] "chr19_17847968_T_C_b38_T" "chr19_17901200_G_T_b38_G"
 [9] "chr19_17908396_T_C_b38_T" "chr19_17924720_G_T_b38_G"
[11] "chr19_17928630_T_C_b38_T" "chr19_18036796_G_A_b38_G"
[13] "chr19_18037080_A_T_b38_A" "chr19_18037381_T_C_b38_T"
[15] "chr19_18037783_T_C_b38_T" "chr19_18039165_G_A_b38_G"
[17] "chr19_18039479_C_T_b38_C" "chr19_18039995_T_C_b38_T"
[19] "chr19_18040092_T_C_b38_T" "chr19_18040429_G_T_b38_G"
[21] "chr19_18040432_G_T_b38_G" "chr19_18042127_C_T_b38_C"
[23] "chr19_18042885_A_G_b38_A" "chr19_18043992_G_C_b38_G"
[25] "chr19_18044231_C_G_b38_C" "chr19_18044266_G_C_b38_G"
[27] "chr19_18251693_G_C_b38_G" "chr19_18260387_C_T_b38_C"
[29] "chr19_18262150_C_G_b38_C" "chr19_18265699_G_A_b38_G"
[31] "chr19_18265970_T_C_b38_T" "chr19_18267871_C_A_b38_C"
74 SNP(s) removed because HWE P < 1e-08 :
 [1] "chr21_31920396_G_A_b38_G" "chr21_31935565_G_C_b38_G"
 [3] "chr21_31935580_T_G_b38_T" "chr21_32134286_A_T_b38_A"
 [5] "chr21_32238948_G_A_b38_G" "chr21_32250914_C_T_b38_C"
 [7] "chr21_32311415_A_C_b38_A" "chr21_32410343_C_T_b38_C"
 [9] "chr21_32432979_G_A_b38_G" "chr21_32432987_A_C_b38_A"
[11] "chr21_32432995_G_A_b38_G" "chr21_32433065_T_A_b38_T"
[13] "chr21_32433084_C_T_b38_C" "chr21_32433553_G_A_b38_G"
[15] "chr21_32433554_C_G_b38_C" "chr21_32433562_T_C_b38_T"
[17] "chr21_32433629_A_G_b38_A" "chr21_32433656_G_A_b38_G"
[19] "chr21_32433663_A_T_b38_A" "chr21_32434706_A_G_b38_A"
[21] "chr21_32434713_T_C_b38_T" "chr21_32434721_A_C_b38_A"
[23] "chr21_32434746_A_C_b38_A" "chr21_32434842_G_A_b38_G"
[25] "chr21_32434867_C_T_b38_C" "chr21_32434878_G_A_b38_G"
[27] "chr21_32434919_T_G_b38_T" "chr21_32434927_C_T_b38_C"
[29] "chr21_32434967_T_G_b38_T" "chr21_32434971_T_C_b38_T"
[31] "chr21_32434992_T_C_b38_T" "chr21_32435003_T_G_b38_T"
[33] "chr21_32435004_T_C_b38_T" "chr21_32435117_A_G_b38_A"
[35] "chr21_32435125_T_C_b38_T" "chr21_32435126_G_C_b38_G"
[37] "chr21_32435133_C_A_b38_C" "chr21_32435360_C_T_b38_C"
[39] "chr21_32435400_A_G_b38_A" "chr21_32435408_T_C_b38_T"
[41] "chr21_32435414_A_G_b38_A" "chr21_32435436_C_T_b38_C"
[43] "chr21_32435462_C_T_b38_C" "chr21_32435661_G_C_b38_G"
[45] "chr21_32435666_T_G_b38_T" "chr21_32435667_A_G_b38_A"
[47] "chr21_32435716_C_T_b38_C" "chr21_32435721_G_A_b38_G"
[49] "chr21_32435728_T_C_b38_T" "chr21_32435763_C_T_b38_C"
[51] "chr21_32435766_A_C_b38_A" "chr21_32435898_C_T_b38_C"
[53] "chr21_32435949_T_A_b38_T" "chr21_32435990_T_A_b38_T"
[55] "chr21_32436019_G_A_b38_G" "chr21_32436447_T_A_b38_T"
[57] "chr21_32436465_A_C_b38_A" "chr21_32436477_T_A_b38_T"
[59] "chr21_32436484_T_C_b38_T" "chr21_32436539_G_A_b38_G"
[61] "chr21_32436627_G_A_b38_G" "chr21_32436628_G_A_b38_G"
[63] "chr21_32436637_A_G_b38_A" "chr21_32436702_C_T_b38_C"
[65] "chr21_32436736_G_A_b38_G" "chr21_32436746_A_G_b38_A"
[67] "chr21_32437187_G_C_b38_G" "chr21_32437224_A_G_b38_A"
[69] "chr21_32437249_C_A_b38_C" "chr21_32437250_G_A_b38_G"
[71] "chr21_32437258_C_G_b38_C" "chr21_32621877_A_T_b38_A"
[73] "chr21_32660622_A_G_b38_A" "chr21_32660624_C_T_b38_C"
26 SNP(s) removed because HWE P < 1e-08 :
 [1] "chr4_48078519_A_C_b38_A" "chr4_48079528_T_C_b38_T"
 [3] "chr4_48085231_T_C_b38_T" "chr4_48085838_G_A_b38_G"
 [5] "chr4_48086052_C_T_b38_C" "chr4_48086429_A_G_b38_A"
 [7] "chr4_48450863_T_C_b38_T" "chr4_48451209_C_T_b38_C"
 [9] "chr4_48452709_A_G_b38_A" "chr4_48711359_T_C_b38_T"
[11] "chr4_48711393_C_T_b38_C" "chr4_48711401_C_A_b38_C"
[13] "chr4_48711410_A_G_b38_A" "chr4_48711421_A_C_b38_A"
[15] "chr4_48711432_G_C_b38_G" "chr4_48711433_G_A_b38_G"
[17] "chr4_48711441_A_C_b38_A" "chr4_48711445_C_T_b38_C"
[19] "chr4_48711447_G_A_b38_G" "chr4_48711466_C_T_b38_C"
[21] "chr4_48711467_A_T_b38_A" "chr4_48711470_G_A_b38_G"
[23] "chr4_48711609_C_T_b38_C" "chr4_48711661_A_G_b38_A"
[25] "chr4_48711678_T_A_b38_T" "chr4_48711716_T_C_b38_T"
26 SNP(s) removed because HWE P < 1e-08 :
 [1] "chr4_48078519_A_C_b38_A" "chr4_48079528_T_C_b38_T"
 [3] "chr4_48085231_T_C_b38_T" "chr4_48085838_G_A_b38_G"
 [5] "chr4_48086052_C_T_b38_C" "chr4_48086429_A_G_b38_A"
 [7] "chr4_48450863_T_C_b38_T" "chr4_48451209_C_T_b38_C"
 [9] "chr4_48452709_A_G_b38_A" "chr4_48711359_T_C_b38_T"
[11] "chr4_48711393_C_T_b38_C" "chr4_48711401_C_A_b38_C"
[13] "chr4_48711410_A_G_b38_A" "chr4_48711421_A_C_b38_A"
[15] "chr4_48711432_G_C_b38_G" "chr4_48711433_G_A_b38_G"
[17] "chr4_48711441_A_C_b38_A" "chr4_48711445_C_T_b38_C"
[19] "chr4_48711447_G_A_b38_G" "chr4_48711466_C_T_b38_C"
[21] "chr4_48711467_A_T_b38_A" "chr4_48711470_G_A_b38_G"
[23] "chr4_48711609_C_T_b38_C" "chr4_48711661_A_G_b38_A"
[25] "chr4_48711678_T_A_b38_T" "chr4_48711716_T_C_b38_T"
33 SNP(s) removed because HWE P < 1e-08 :
 [1] "chr3_71331378_A_C_b38_A" "chr3_71433689_A_G_b38_A"
 [3] "chr3_71639210_A_G_b38_A" "chr3_71658700_C_T_b38_C"
 [5] "chr3_71668927_T_C_b38_T" "chr3_71772339_T_C_b38_T"
 [7] "chr3_71788345_A_C_b38_A" "chr3_71984488_C_T_b38_C"
 [9] "chr3_71985278_T_C_b38_T" "chr3_71985318_G_A_b38_G"
[11] "chr3_71985525_T_G_b38_T" "chr3_71985593_C_T_b38_C"
[13] "chr3_71985597_C_G_b38_C" "chr3_71985908_C_T_b38_C"
[15] "chr3_71985936_A_C_b38_A" "chr3_71998409_G_A_b38_G"
[17] "chr3_72105175_T_C_b38_T" "chr3_72105621_G_C_b38_G"
[19] "chr3_72105654_C_G_b38_C" "chr3_72107300_C_A_b38_C"
[21] "chr3_72107365_G_C_b38_G" "chr3_72107434_A_G_b38_A"
[23] "chr3_72107464_C_T_b38_C" "chr3_72108318_G_A_b38_G"
[25] "chr3_72108381_G_A_b38_G" "chr3_72110625_G_A_b38_G"
[27] "chr3_72112779_A_C_b38_A" "chr3_72112866_T_C_b38_T"
[29] "chr3_72114966_G_T_b38_G" "chr3_72134979_T_C_b38_T"
[31] "chr3_72138118_T_C_b38_T" "chr3_72158275_A_C_b38_A"
[33] "chr3_72178246_A_G_b38_A"
22 SNP(s) removed because HWE P < 1e-08 :
 [1] "chr4_8044692_G_T_b38_G" "chr4_8044693_A_C_b38_A" "chr4_8059763_G_A_b38_G"
 [4] "chr4_8100031_G_T_b38_G" "chr4_8100581_C_T_b38_C" "chr4_8306668_C_G_b38_C"
 [7] "chr4_8557849_T_C_b38_T" "chr4_8557938_A_C_b38_A" "chr4_8557958_G_A_b38_G"
[10] "chr4_8557961_C_T_b38_C" "chr4_8585626_A_G_b38_A" "chr4_8603756_G_C_b38_G"
[13] "chr4_8632004_T_A_b38_T" "chr4_8632045_A_G_b38_A" "chr4_8635779_A_G_b38_A"
[16] "chr4_8655103_T_G_b38_T" "chr4_8655200_C_G_b38_C" "chr4_8656155_G_C_b38_G"
[19] "chr4_8659539_G_A_b38_G" "chr4_8661217_T_G_b38_T" "chr4_8674262_C_G_b38_C"
[22] "chr4_8677036_C_A_b38_C"
49 SNP(s) removed because HWE P < 1e-08 :
 [1] "chr19_51083323_T_G_b38_T" "chr19_51107599_A_G_b38_A"
 [3] "chr19_51107741_T_G_b38_T" "chr19_51108006_G_A_b38_G"
 [5] "chr19_51116302_T_C_b38_T" "chr19_51120922_T_G_b38_T"
 [7] "chr19_51121015_T_G_b38_T" "chr19_51121279_T_C_b38_T"
 [9] "chr19_51121832_A_C_b38_A" "chr19_51121942_T_C_b38_T"
[11] "chr19_51122379_A_G_b38_A" "chr19_51122568_A_G_b38_A"
[13] "chr19_51122642_G_C_b38_G" "chr19_51123685_A_G_b38_A"
[15] "chr19_51136723_A_G_b38_A" "chr19_51172375_T_C_b38_T"
[17] "chr19_51173311_A_G_b38_A" "chr19_51173876_T_C_b38_T"
[19] "chr19_51184134_C_T_b38_C" "chr19_51201503_A_G_b38_A"
[21] "chr19_51208344_T_C_b38_T" "chr19_51208365_C_T_b38_C"
[23] "chr19_51212754_T_C_b38_T" "chr19_51235665_T_C_b38_T"
[25] "chr19_51251278_A_C_b38_A" "chr19_51280161_A_G_b38_A"
[27] "chr19_51280387_C_T_b38_C" "chr19_51281207_G_A_b38_G"
[29] "chr19_51282770_C_G_b38_C" "chr19_51283428_T_C_b38_T"
[31] "chr19_51284112_C_T_b38_C" "chr19_51284184_A_C_b38_A"
[33] "chr19_51285176_C_A_b38_C" "chr19_51285861_G_A_b38_G"
[35] "chr19_51287738_T_C_b38_T" "chr19_51290510_A_C_b38_A"
[37] "chr19_51291857_T_G_b38_T" "chr19_51293045_T_C_b38_T"
[39] "chr19_51298175_C_T_b38_C" "chr19_51358092_C_G_b38_C"
[41] "chr19_51447917_C_T_b38_C" "chr19_51447928_A_G_b38_A"
[43] "chr19_51448049_T_G_b38_T" "chr19_51457686_A_G_b38_A"
[45] "chr19_51780129_T_C_b38_T" "chr19_51780359_A_G_b38_A"
[47] "chr19_51848424_G_A_b38_G" "chr19_51875933_G_A_b38_G"
[49] "chr19_51876393_G_A_b38_G"
69 SNP(s) removed because HWE P < 1e-08 :
 [1] "chr8_81253423_T_C_b38_T" "chr8_81281143_C_T_b38_C"
 [3] "chr8_81289273_A_T_b38_A" "chr8_81297255_A_G_b38_A"
 [5] "chr8_81299436_C_T_b38_C" "chr8_81300344_T_C_b38_T"
 [7] "chr8_81325559_T_C_b38_T" "chr8_81327049_C_G_b38_C"
 [9] "chr8_81327156_T_G_b38_T" "chr8_81327252_A_G_b38_A"
[11] "chr8_81327333_T_C_b38_T" "chr8_81327394_A_G_b38_A"
[13] "chr8_81328362_A_G_b38_A" "chr8_81328531_C_A_b38_C"
[15] "chr8_81329064_T_A_b38_T" "chr8_81329094_T_G_b38_T"
[17] "chr8_81329957_C_T_b38_C" "chr8_81330786_A_G_b38_A"
[19] "chr8_81330873_T_C_b38_T" "chr8_81331043_A_C_b38_A"
[21] "chr8_81331131_T_C_b38_T" "chr8_81331608_C_T_b38_C"
[23] "chr8_81331614_C_T_b38_C" "chr8_81331709_T_G_b38_T"
[25] "chr8_81331864_A_G_b38_A" "chr8_81331877_C_T_b38_C"
[27] "chr8_81332098_G_A_b38_G" "chr8_81332283_A_G_b38_A"
[29] "chr8_81332524_C_T_b38_C" "chr8_81332904_A_T_b38_A"
[31] "chr8_81332906_C_T_b38_C" "chr8_81333125_G_A_b38_G"
[33] "chr8_81333194_G_T_b38_G" "chr8_81333216_T_C_b38_T"
[35] "chr8_81333791_C_T_b38_C" "chr8_81334313_T_C_b38_T"
[37] "chr8_81335686_A_G_b38_A" "chr8_81336303_C_T_b38_C"
[39] "chr8_81464464_C_T_b38_C" "chr8_81468508_A_T_b38_A"
[41] "chr8_81468888_A_G_b38_A" "chr8_81469332_T_C_b38_T"
[43] "chr8_81469415_G_A_b38_G" "chr8_81470506_G_A_b38_G"
[45] "chr8_81470621_C_T_b38_C" "chr8_81471159_T_G_b38_T"
[47] "chr8_81514819_A_C_b38_A" "chr8_81515555_C_T_b38_C"
[49] "chr8_81518769_T_C_b38_T" "chr8_81527961_G_T_b38_G"
[51] "chr8_81900677_A_T_b38_A" "chr8_81900680_C_T_b38_C"
[53] "chr8_81900761_G_T_b38_G" "chr8_81900762_G_A_b38_G"
[55] "chr8_81900773_G_A_b38_G" "chr8_81900776_G_T_b38_G"
[57] "chr8_81900779_T_C_b38_T" "chr8_81900782_C_T_b38_C"
[59] "chr8_81900783_T_C_b38_T" "chr8_81900784_G_A_b38_G"
[61] "chr8_81900789_T_C_b38_T" "chr8_81900796_C_G_b38_C"
[63] "chr8_81900800_G_C_b38_G" "chr8_82127185_G_A_b38_G"
[65] "chr8_82127192_C_G_b38_C" "chr8_82129772_G_C_b38_G"
[67] "chr8_82130336_C_T_b38_C" "chr8_82136891_C_T_b38_C"
[69] "chr8_82137774_C_G_b38_C"
6 SNP(s) removed because HWE P < 1e-08 :
[1] "chr17_28439190_A_C_b38_A" "chr17_28439714_T_C_b38_T"
[3] "chr17_28441937_G_A_b38_G" "chr17_28452019_C_T_b38_C"
[5] "chr17_28452207_C_G_b38_C" "chr17_28459762_C_A_b38_C"
117 SNP(s) removed because HWE P < 1e-08 :
  [1] "chr12_131438991_G_A_b38_G" "chr12_131439003_A_G_b38_A"
  [3] "chr12_131439016_C_T_b38_C" "chr12_131439129_C_G_b38_C"
  [5] "chr12_131439139_C_A_b38_C" "chr12_131439176_C_T_b38_C"
  [7] "chr12_131439216_C_T_b38_C" "chr12_131439245_A_G_b38_A"
  [9] "chr12_131439435_G_A_b38_G" "chr12_131470252_T_C_b38_T"
 [11] "chr12_131475282_G_A_b38_G" "chr12_131475330_G_A_b38_G"
 [13] "chr12_131622070_C_T_b38_C" "chr12_131622076_A_G_b38_A"
 [15] "chr12_131622091_C_T_b38_C" "chr12_131622127_G_T_b38_G"
 [17] "chr12_131622151_C_T_b38_C" "chr12_131622172_T_C_b38_T"
 [19] "chr12_131624284_T_C_b38_T" "chr12_131624295_C_T_b38_C"
 [21] "chr12_131624328_G_A_b38_G" "chr12_131624418_T_C_b38_T"
 [23] "chr12_131624428_T_C_b38_T" "chr12_131624669_C_A_b38_C"
 [25] "chr12_131624698_G_A_b38_G" "chr12_131629589_G_C_b38_G"
 [27] "chr12_131629682_C_T_b38_C" "chr12_131629689_T_C_b38_T"
 [29] "chr12_131629696_C_A_b38_C" "chr12_131629713_A_G_b38_A"
 [31] "chr12_131629966_T_C_b38_T" "chr12_131653096_T_A_b38_T"
 [33] "chr12_131653156_C_T_b38_C" "chr12_131653163_C_T_b38_C"
 [35] "chr12_131653168_T_C_b38_T" "chr12_131653176_T_C_b38_T"
 [37] "chr12_131653207_A_G_b38_A" "chr12_131653330_T_G_b38_T"
 [39] "chr12_131653457_G_A_b38_G" "chr12_131653482_G_A_b38_G"
 [41] "chr12_131653637_G_A_b38_G" "chr12_131654169_T_C_b38_T"
 [43] "chr12_131655279_G_A_b38_G" "chr12_131656073_C_T_b38_C"
 [45] "chr12_131656321_A_G_b38_A" "chr12_131658498_C_T_b38_C"
 [47] "chr12_131658785_G_A_b38_G" "chr12_131659159_C_T_b38_C"
 [49] "chr12_131659421_T_C_b38_T" "chr12_131659661_T_C_b38_T"
 [51] "chr12_131659734_G_A_b38_G" "chr12_131659752_C_T_b38_C"
 [53] "chr12_131659809_A_C_b38_A" "chr12_131659887_A_G_b38_A"
 [55] "chr12_131659927_G_C_b38_G" "chr12_131659970_T_C_b38_T"
 [57] "chr12_131660070_G_A_b38_G" "chr12_131660088_T_C_b38_T"
 [59] "chr12_131660122_G_C_b38_G" "chr12_131660132_C_G_b38_C"
 [61] "chr12_131660189_T_C_b38_T" "chr12_131660202_C_T_b38_C"
 [63] "chr12_131660225_C_T_b38_C" "chr12_131661358_C_T_b38_C"
 [65] "chr12_131661364_A_G_b38_A" "chr12_131662597_C_T_b38_C"
 [67] "chr12_131662763_G_A_b38_G" "chr12_131662777_T_C_b38_T"
 [69] "chr12_131666617_G_A_b38_G" "chr12_131666625_T_C_b38_T"
 [71] "chr12_131666626_G_A_b38_G" "chr12_131666697_C_G_b38_C"
 [73] "chr12_131666779_C_T_b38_C" "chr12_131666971_C_T_b38_C"
 [75] "chr12_131668597_A_G_b38_A" "chr12_131672541_G_T_b38_G"
 [77] "chr12_131686287_G_A_b38_G" "chr12_131942596_T_C_b38_T"
 [79] "chr12_131942601_T_G_b38_T" "chr12_131943296_G_A_b38_G"
 [81] "chr12_131944954_G_T_b38_G" "chr12_131948177_A_G_b38_A"
 [83] "chr12_131948734_C_A_b38_C" "chr12_131962188_A_G_b38_A"
 [85] "chr12_131963743_C_G_b38_C" "chr12_131967163_T_C_b38_T"
 [87] "chr12_131968815_G_C_b38_G" "chr12_131986255_T_A_b38_T"
 [89] "chr12_131988827_C_G_b38_C" "chr12_131995654_C_G_b38_C"
 [91] "chr12_132010660_C_T_b38_C" "chr12_132013715_T_C_b38_T"
 [93] "chr12_132017153_A_G_b38_A" "chr12_132020861_C_A_b38_C"
 [95] "chr12_132023376_A_G_b38_A" "chr12_132023844_A_G_b38_A"
 [97] "chr12_132025383_G_A_b38_G" "chr12_132029743_C_G_b38_C"
 [99] "chr12_132029945_C_T_b38_C" "chr12_132032311_C_T_b38_C"
[101] "chr12_132035285_T_C_b38_T" "chr12_132037036_A_G_b38_A"
[103] "chr12_132039620_A_C_b38_A" "chr12_132042582_A_G_b38_A"
[105] "chr12_132049192_A_G_b38_A" "chr12_132057469_A_G_b38_A"
[107] "chr12_132062617_G_A_b38_G" "chr12_132064755_A_G_b38_A"
[109] "chr12_132084115_A_G_b38_A" "chr12_132181579_C_A_b38_C"
[111] "chr12_132219893_A_G_b38_A" "chr12_132257537_C_T_b38_C"
[113] "chr12_132275467_C_T_b38_C" "chr12_132280740_T_C_b38_T"
[115] "chr12_132381475_A_G_b38_A" "chr12_132381494_A_G_b38_A"
[117] "chr12_132408793_G_A_b38_G"
4 SNP(s) removed because HWE P < 1e-08 :
[1] "chr5_163006321_G_C_b38_G" "chr5_163010219_A_G_b38_A"
[3] "chr5_163029144_T_C_b38_T" "chr5_163034093_T_C_b38_T"
51 SNP(s) removed because HWE P < 1e-08 :
 [1] "chr19_50749708_G_C_b38_G" "chr19_50842031_A_G_b38_A"
 [3] "chr19_50896788_T_C_b38_T" "chr19_50897100_A_G_b38_A"
 [5] "chr19_50897145_C_T_b38_C" "chr19_50948431_C_T_b38_C"
 [7] "chr19_50957933_A_G_b38_A" "chr19_51083323_T_G_b38_T"
 [9] "chr19_51107599_A_G_b38_A" "chr19_51107741_T_G_b38_T"
[11] "chr19_51108006_G_A_b38_G" "chr19_51116302_T_C_b38_T"
[13] "chr19_51120922_T_G_b38_T" "chr19_51121015_T_G_b38_T"
[15] "chr19_51121279_T_C_b38_T" "chr19_51121832_A_C_b38_A"
[17] "chr19_51121942_T_C_b38_T" "chr19_51122379_A_G_b38_A"
[19] "chr19_51122568_A_G_b38_A" "chr19_51122642_G_C_b38_G"
[21] "chr19_51123685_A_G_b38_A" "chr19_51136723_A_G_b38_A"
[23] "chr19_51172375_T_C_b38_T" "chr19_51173311_A_G_b38_A"
[25] "chr19_51173876_T_C_b38_T" "chr19_51184134_C_T_b38_C"
[27] "chr19_51201503_A_G_b38_A" "chr19_51208344_T_C_b38_T"
[29] "chr19_51208365_C_T_b38_C" "chr19_51212754_T_C_b38_T"
[31] "chr19_51235665_T_C_b38_T" "chr19_51251278_A_C_b38_A"
[33] "chr19_51280161_A_G_b38_A" "chr19_51280387_C_T_b38_C"
[35] "chr19_51281207_G_A_b38_G" "chr19_51282770_C_G_b38_C"
[37] "chr19_51283428_T_C_b38_T" "chr19_51284112_C_T_b38_C"
[39] "chr19_51284184_A_C_b38_A" "chr19_51285176_C_A_b38_C"
[41] "chr19_51285861_G_A_b38_G" "chr19_51287738_T_C_b38_T"
[43] "chr19_51290510_A_C_b38_A" "chr19_51291857_T_G_b38_T"
[45] "chr19_51293045_T_C_b38_T" "chr19_51298175_C_T_b38_C"
[47] "chr19_51358092_C_G_b38_C" "chr19_51447917_C_T_b38_C"
[49] "chr19_51447928_A_G_b38_A" "chr19_51448049_T_G_b38_T"
[51] "chr19_51457686_A_G_b38_A"
39 SNP(s) removed because HWE P < 1e-08 :
 [1] "chr22_49765666_G_C_b38_G" "chr22_49770965_G_C_b38_G"
 [3] "chr22_49837507_C_G_b38_C" "chr22_49846939_C_A_b38_C"
 [5] "chr22_49848251_T_C_b38_T" "chr22_49872508_G_A_b38_G"
 [7] "chr22_49880142_T_C_b38_T" "chr22_49880243_G_T_b38_G"
 [9] "chr22_49883047_G_C_b38_G" "chr22_49894697_A_G_b38_A"
[11] "chr22_49906790_T_C_b38_T" "chr22_49921580_T_C_b38_T"
[13] "chr22_49921715_C_A_b38_C" "chr22_49973759_T_C_b38_T"
[15] "chr22_50013858_A_C_b38_A" "chr22_50357867_G_A_b38_G"
[17] "chr22_50371703_G_C_b38_G" "chr22_50418711_G_A_b38_G"
[19] "chr22_50424402_A_C_b38_A" "chr22_50424421_C_A_b38_C"
[21] "chr22_50424423_C_T_b38_C" "chr22_50495487_G_A_b38_G"
[23] "chr22_50495498_T_C_b38_T" "chr22_50495499_G_A_b38_G"
[25] "chr22_50508159_C_G_b38_C" "chr22_50509182_A_G_b38_A"
[27] "chr22_50509488_T_C_b38_T" "chr22_50509962_A_G_b38_A"
[29] "chr22_50510817_C_T_b38_C" "chr22_50510967_T_C_b38_T"
[31] "chr22_50511806_T_C_b38_T" "chr22_50512014_T_C_b38_T"
[33] "chr22_50512298_G_A_b38_G" "chr22_50512549_T_G_b38_T"
[35] "chr22_50513313_G_C_b38_G" "chr22_50513793_G_A_b38_G"
[37] "chr22_50542614_C_T_b38_C" "chr22_50542624_A_T_b38_A"
[39] "chr22_50712000_C_T_b38_C"
22 SNP(s) removed because HWE P < 1e-08 :
 [1] "chr1_162353041_G_C_b38_G" "chr1_162353047_A_C_b38_A"
 [3] "chr1_162477576_G_A_b38_G" "chr1_162481393_G_A_b38_G"
 [5] "chr1_162483630_C_T_b38_C" "chr1_162701799_T_C_b38_T"
 [7] "chr1_162704548_G_A_b38_G" "chr1_162705250_T_C_b38_T"
 [9] "chr1_162706401_C_T_b38_C" "chr1_162710700_T_C_b38_T"
[11] "chr1_162714569_T_C_b38_T" "chr1_162722878_C_G_b38_C"
[13] "chr1_162733892_A_G_b38_A" "chr1_162742199_A_T_b38_A"
[15] "chr1_162742900_G_A_b38_G" "chr1_162743999_G_A_b38_G"
[17] "chr1_162744207_T_C_b38_T" "chr1_162752426_G_A_b38_G"
[19] "chr1_162763446_G_A_b38_G" "chr1_162798738_C_G_b38_C"
[21] "chr1_162803606_G_A_b38_G" "chr1_162909861_T_C_b38_T"
6 SNP(s) removed because HWE P < 1e-08 :
[1] "chr17_28439190_A_C_b38_A" "chr17_28439714_T_C_b38_T"
[3] "chr17_28441937_G_A_b38_G" "chr17_28452019_C_T_b38_C"
[5] "chr17_28452207_C_G_b38_C" "chr17_28459762_C_A_b38_C"
33 SNP(s) removed because HWE P < 1e-08 :
 [1] "chr3_71331378_A_C_b38_A" "chr3_71433689_A_G_b38_A"
 [3] "chr3_71639210_A_G_b38_A" "chr3_71658700_C_T_b38_C"
 [5] "chr3_71668927_T_C_b38_T" "chr3_71772339_T_C_b38_T"
 [7] "chr3_71788345_A_C_b38_A" "chr3_71984488_C_T_b38_C"
 [9] "chr3_71985278_T_C_b38_T" "chr3_71985318_G_A_b38_G"
[11] "chr3_71985525_T_G_b38_T" "chr3_71985593_C_T_b38_C"
[13] "chr3_71985597_C_G_b38_C" "chr3_71985908_C_T_b38_C"
[15] "chr3_71985936_A_C_b38_A" "chr3_71998409_G_A_b38_G"
[17] "chr3_72105175_T_C_b38_T" "chr3_72105621_G_C_b38_G"
[19] "chr3_72105654_C_G_b38_C" "chr3_72107300_C_A_b38_C"
[21] "chr3_72107365_G_C_b38_G" "chr3_72107434_A_G_b38_A"
[23] "chr3_72107464_C_T_b38_C" "chr3_72108318_G_A_b38_G"
[25] "chr3_72108381_G_A_b38_G" "chr3_72110625_G_A_b38_G"
[27] "chr3_72112779_A_C_b38_A" "chr3_72112866_T_C_b38_T"
[29] "chr3_72114966_G_T_b38_G" "chr3_72134979_T_C_b38_T"
[31] "chr3_72138118_T_C_b38_T" "chr3_72158275_A_C_b38_A"
[33] "chr3_72178246_A_G_b38_A"
86 SNP(s) removed because HWE P < 1e-08 :
 [1] "chr11_12602581_C_A_b38_C" "chr11_12624958_C_A_b38_C"
 [3] "chr11_12709357_A_C_b38_A" "chr11_12711743_G_T_b38_G"
 [5] "chr11_12712147_G_A_b38_G" "chr11_12714195_C_T_b38_C"
 [7] "chr11_12714879_C_G_b38_C" "chr11_12715017_G_A_b38_G"
 [9] "chr11_12715147_C_T_b38_C" "chr11_12715325_A_G_b38_A"
[11] "chr11_12715946_C_T_b38_C" "chr11_12715993_T_C_b38_T"
[13] "chr11_12717103_G_A_b38_G" "chr11_12717141_C_A_b38_C"
[15] "chr11_12722267_A_G_b38_A" "chr11_12722492_G_A_b38_G"
[17] "chr11_12722623_A_G_b38_A" "chr11_12725406_G_A_b38_G"
[19] "chr11_12726375_G_A_b38_G" "chr11_12730213_C_A_b38_C"
[21] "chr11_12731602_A_G_b38_A" "chr11_12750963_G_C_b38_G"
[23] "chr11_12757747_T_C_b38_T" "chr11_12757888_G_T_b38_G"
[25] "chr11_12758617_C_T_b38_C" "chr11_12758709_T_C_b38_T"
[27] "chr11_12759469_G_A_b38_G" "chr11_12775522_G_C_b38_G"
[29] "chr11_12781165_A_G_b38_A" "chr11_12797262_G_A_b38_G"
[31] "chr11_12801705_T_G_b38_T" "chr11_12806545_C_T_b38_C"
[33] "chr11_12810221_C_T_b38_C" "chr11_12820345_A_C_b38_A"
[35] "chr11_12959220_G_C_b38_G" "chr11_13145421_T_C_b38_T"
[37] "chr11_13159063_A_T_b38_A" "chr11_13160043_T_C_b38_T"
[39] "chr11_13161191_T_G_b38_T" "chr11_13162034_C_T_b38_C"
[41] "chr11_13163679_G_A_b38_G" "chr11_13167486_A_G_b38_A"
[43] "chr11_13167824_C_G_b38_C" "chr11_13168039_T_G_b38_T"
[45] "chr11_13168424_A_T_b38_A" "chr11_13168751_C_A_b38_C"
[47] "chr11_13168868_C_G_b38_C" "chr11_13170516_C_T_b38_C"
[49] "chr11_13171300_T_A_b38_T" "chr11_13171711_G_C_b38_G"
[51] "chr11_13172324_A_C_b38_A" "chr11_13172527_T_C_b38_T"
[53] "chr11_13172742_G_A_b38_G" "chr11_13173008_G_A_b38_G"
[55] "chr11_13173311_A_C_b38_A" "chr11_13173332_G_A_b38_G"
[57] "chr11_13173916_G_A_b38_G" "chr11_13174617_C_T_b38_C"
[59] "chr11_13174658_A_G_b38_A" "chr11_13175460_G_T_b38_G"
[61] "chr11_13175491_T_C_b38_T" "chr11_13176427_A_G_b38_A"
[63] "chr11_13176535_G_A_b38_G" "chr11_13176583_C_T_b38_C"
[65] "chr11_13177356_T_C_b38_T" "chr11_13178288_C_T_b38_C"
[67] "chr11_13178878_C_T_b38_C" "chr11_13179392_C_G_b38_C"
[69] "chr11_13179991_G_A_b38_G" "chr11_13180396_T_C_b38_T"
[71] "chr11_13181122_C_T_b38_C" "chr11_13181132_T_A_b38_T"
[73] "chr11_13181163_T_G_b38_T" "chr11_13181254_G_A_b38_G"
[75] "chr11_13181293_C_T_b38_C" "chr11_13181360_G_A_b38_G"
[77] "chr11_13181664_A_G_b38_A" "chr11_13182114_G_A_b38_G"
[79] "chr11_13182203_G_A_b38_G" "chr11_13182610_C_T_b38_C"
[81] "chr11_13182823_T_C_b38_T" "chr11_13183287_G_A_b38_G"
[83] "chr11_13184213_G_A_b38_G" "chr11_13301971_T_C_b38_T"
[85] "chr11_13316281_G_A_b38_G" "chr11_13395112_C_G_b38_C"
33 SNP(s) removed because HWE P < 1e-08 :
 [1] "chr3_71331378_A_C_b38_A" "chr3_71433689_A_G_b38_A"
 [3] "chr3_71639210_A_G_b38_A" "chr3_71658700_C_T_b38_C"
 [5] "chr3_71668927_T_C_b38_T" "chr3_71772339_T_C_b38_T"
 [7] "chr3_71788345_A_C_b38_A" "chr3_71984488_C_T_b38_C"
 [9] "chr3_71985278_T_C_b38_T" "chr3_71985318_G_A_b38_G"
[11] "chr3_71985525_T_G_b38_T" "chr3_71985593_C_T_b38_C"
[13] "chr3_71985597_C_G_b38_C" "chr3_71985908_C_T_b38_C"
[15] "chr3_71985936_A_C_b38_A" "chr3_71998409_G_A_b38_G"
[17] "chr3_72105175_T_C_b38_T" "chr3_72105621_G_C_b38_G"
[19] "chr3_72105654_C_G_b38_C" "chr3_72107300_C_A_b38_C"
[21] "chr3_72107365_G_C_b38_G" "chr3_72107434_A_G_b38_A"
[23] "chr3_72107464_C_T_b38_C" "chr3_72108318_G_A_b38_G"
[25] "chr3_72108381_G_A_b38_G" "chr3_72110625_G_A_b38_G"
[27] "chr3_72112779_A_C_b38_A" "chr3_72112866_T_C_b38_T"
[29] "chr3_72114966_G_T_b38_G" "chr3_72134979_T_C_b38_T"
[31] "chr3_72138118_T_C_b38_T" "chr3_72158275_A_C_b38_A"
[33] "chr3_72178246_A_G_b38_A"
6 SNP(s) removed because HWE P < 1e-08 :
[1] "chr13_29549344_C_T_b38_C" "chr13_29949626_G_C_b38_G"
[3] "chr13_30062346_T_C_b38_T" "chr13_30062379_G_C_b38_G"
[5] "chr13_30121793_C_T_b38_C" "chr13_30160356_C_T_b38_C"
39 SNP(s) removed because HWE P < 1e-08 :
 [1] "chr22_49765666_G_C_b38_G" "chr22_49770965_G_C_b38_G"
 [3] "chr22_49837507_C_G_b38_C" "chr22_49846939_C_A_b38_C"
 [5] "chr22_49848251_T_C_b38_T" "chr22_49872508_G_A_b38_G"
 [7] "chr22_49880142_T_C_b38_T" "chr22_49880243_G_T_b38_G"
 [9] "chr22_49883047_G_C_b38_G" "chr22_49894697_A_G_b38_A"
[11] "chr22_49906790_T_C_b38_T" "chr22_49921580_T_C_b38_T"
[13] "chr22_49921715_C_A_b38_C" "chr22_49973759_T_C_b38_T"
[15] "chr22_50013858_A_C_b38_A" "chr22_50357867_G_A_b38_G"
[17] "chr22_50371703_G_C_b38_G" "chr22_50418711_G_A_b38_G"
[19] "chr22_50424402_A_C_b38_A" "chr22_50424421_C_A_b38_C"
[21] "chr22_50424423_C_T_b38_C" "chr22_50495487_G_A_b38_G"
[23] "chr22_50495498_T_C_b38_T" "chr22_50495499_G_A_b38_G"
[25] "chr22_50508159_C_G_b38_C" "chr22_50509182_A_G_b38_A"
[27] "chr22_50509488_T_C_b38_T" "chr22_50509962_A_G_b38_A"
[29] "chr22_50510817_C_T_b38_C" "chr22_50510967_T_C_b38_T"
[31] "chr22_50511806_T_C_b38_T" "chr22_50512014_T_C_b38_T"
[33] "chr22_50512298_G_A_b38_G" "chr22_50512549_T_G_b38_T"
[35] "chr22_50513313_G_C_b38_G" "chr22_50513793_G_A_b38_G"
[37] "chr22_50542614_C_T_b38_C" "chr22_50542624_A_T_b38_A"
[39] "chr22_50712000_C_T_b38_C"
Finished simulation job 80 at Mon Sep 21 09:19:51 CDT 2026
