Starting chunk 118 at Tue Sep  1 10:58:26 CDT 2026
[2026-09-01 10:58:26] starting PITPNM1
Importing covariate data.
Importing gene expression data.
Found 27 tissues for gene PITPNM1 :
 [1] "Adipose Tissue"  "Adrenal Gland"   "Blood"           "Blood Vessel"   
 [5] "Brain"           "Breast"          "Colon"           "Esophagus"      
 [9] "Heart"           "Kidney"          "Liver"           "Lung"           
[13] "Muscle"          "Nerve"           "Ovary"           "Pancreas"       
[17] "Pituitary"       "Prostate"        "Salivary Gland"  "Skin"           
[21] "Small Intestine" "Spleen"          "Stomach"         "Testis"         
[25] "Thyroid"         "Uterus"          "Vagina"         
287 SNP(s) removed because HWE P < 1e-08 :
  [1] "chr11_67038918_C_G_b38_C" "chr11_67038974_G_A_b38_G"
  [3] "chr11_67047413_A_G_b38_A" "chr11_67073087_A_G_b38_A"
  [5] "chr11_67078533_G_A_b38_G" "chr11_67085994_A_C_b38_A"
  [7] "chr11_67094882_G_C_b38_G" "chr11_67094924_C_T_b38_C"
  [9] "chr11_67102529_A_G_b38_A" "chr11_67110658_A_T_b38_A"
 [11] "chr11_67121828_T_C_b38_T" "chr11_67122087_G_A_b38_G"
 [13] "chr11_67127707_T_A_b38_T" "chr11_67129830_C_G_b38_C"
 [15] "chr11_67131021_G_A_b38_G" "chr11_67142661_A_G_b38_A"
 [17] "chr11_67143355_C_T_b38_C" "chr11_67145937_G_C_b38_G"
 [19] "chr11_67158297_A_G_b38_A" "chr11_67165282_C_A_b38_C"
 [21] "chr11_67170537_C_T_b38_C" "chr11_67195954_A_G_b38_A"
 [23] "chr11_67200126_T_A_b38_T" "chr11_67203126_A_G_b38_A"
 [25] "chr11_67217040_G_A_b38_G" "chr11_67224146_T_G_b38_T"
 [27] "chr11_67224761_C_T_b38_C" "chr11_67231384_T_C_b38_T"
 [29] "chr11_67233564_A_G_b38_A" "chr11_67277767_C_T_b38_C"
 [31] "chr11_67282821_G_A_b38_G" "chr11_67284995_G_A_b38_G"
 [33] "chr11_67297031_A_C_b38_A" "chr11_67298418_C_T_b38_C"
 [35] "chr11_67303295_C_T_b38_C" "chr11_67311161_G_A_b38_G"
 [37] "chr11_67313253_T_G_b38_T" "chr11_67314875_C_A_b38_C"
 [39] "chr11_67316272_G_T_b38_G" "chr11_67321249_G_A_b38_G"
 [41] "chr11_67327847_C_T_b38_C" "chr11_67331461_T_G_b38_T"
 [43] "chr11_67334967_C_T_b38_C" "chr11_67338441_C_T_b38_C"
 [45] "chr11_67340769_C_T_b38_C" "chr11_67346429_C_G_b38_C"
 [47] "chr11_67351058_A_G_b38_A" "chr11_67356862_T_G_b38_T"
 [49] "chr11_67357752_T_C_b38_T" "chr11_67357937_A_G_b38_A"
 [51] "chr11_67362651_A_G_b38_A" "chr11_67369510_C_T_b38_C"
 [53] "chr11_67369731_T_C_b38_T" "chr11_67370256_A_G_b38_A"
 [55] "chr11_67379951_T_G_b38_T" "chr11_67390918_C_A_b38_C"
 [57] "chr11_67396662_G_T_b38_G" "chr11_67397320_T_C_b38_T"
 [59] "chr11_67402068_C_T_b38_C" "chr11_67402128_C_G_b38_C"
 [61] "chr11_67404265_C_T_b38_C" "chr11_67407126_G_A_b38_G"
 [63] "chr11_67409427_A_G_b38_A" "chr11_67412217_A_G_b38_A"
 [65] "chr11_67416021_T_C_b38_T" "chr11_67416735_C_T_b38_C"
 [67] "chr11_67418125_T_G_b38_T" "chr11_67418529_A_G_b38_A"
 [69] "chr11_67418800_C_A_b38_C" "chr11_67421389_A_G_b38_A"
 [71] "chr11_67423978_T_C_b38_T" "chr11_67424636_T_A_b38_T"
 [73] "chr11_67445809_G_T_b38_G" "chr11_67451438_A_G_b38_A"
 [75] "chr11_67452533_C_T_b38_C" "chr11_67452704_A_G_b38_A"
 [77] "chr11_67454980_G_C_b38_G" "chr11_67456807_T_C_b38_T"
 [79] "chr11_67456904_T_C_b38_T" "chr11_67457368_G_C_b38_G"
 [81] "chr11_67457833_A_C_b38_A" "chr11_67460356_A_G_b38_A"
 [83] "chr11_67466344_C_T_b38_C" "chr11_67467635_G_A_b38_G"
 [85] "chr11_67468228_C_A_b38_C" "chr11_67468344_T_C_b38_T"
 [87] "chr11_67469462_T_G_b38_T" "chr11_67471651_T_C_b38_T"
 [89] "chr11_67473002_C_A_b38_C" "chr11_67473110_G_T_b38_G"
 [91] "chr11_67473140_A_G_b38_A" "chr11_67476914_T_G_b38_T"
 [93] "chr11_67481427_C_T_b38_C" "chr11_67481926_C_T_b38_C"
 [95] "chr11_67483783_T_C_b38_T" "chr11_67483831_G_C_b38_G"
 [97] "chr11_67484706_G_T_b38_G" "chr11_67484929_C_T_b38_C"
 [99] "chr11_67488165_T_C_b38_T" "chr11_67488576_G_A_b38_G"
[101] "chr11_67488640_C_A_b38_C" "chr11_67488720_C_T_b38_C"
[103] "chr11_67488770_G_C_b38_G" "chr11_67488898_G_A_b38_G"
[105] "chr11_67489802_G_T_b38_G" "chr11_67490352_C_A_b38_C"
[107] "chr11_67509983_A_G_b38_A" "chr11_67511138_G_A_b38_G"
[109] "chr11_67511678_T_C_b38_T" "chr11_67516420_G_T_b38_G"
[111] "chr11_67517900_A_C_b38_A" "chr11_67518604_T_C_b38_T"
[113] "chr11_67554470_C_T_b38_C" "chr11_67554472_C_T_b38_C"
[115] "chr11_67601076_C_T_b38_C" "chr11_67633987_G_C_b38_G"
[117] "chr11_67687096_G_A_b38_G" "chr11_67691708_G_T_b38_G"
[119] "chr11_67693058_A_G_b38_A" "chr11_67694474_A_G_b38_A"
[121] "chr11_67694794_A_T_b38_A" "chr11_67694945_A_G_b38_A"
[123] "chr11_67700603_C_A_b38_C" "chr11_67700671_C_T_b38_C"
[125] "chr11_67700672_A_G_b38_A" "chr11_67700675_T_C_b38_T"
[127] "chr11_67708242_A_G_b38_A" "chr11_67708248_A_G_b38_A"
[129] "chr11_67708405_T_C_b38_T" "chr11_67708425_T_G_b38_T"
[131] "chr11_67708453_A_G_b38_A" "chr11_67708498_C_T_b38_C"
[133] "chr11_67708500_G_A_b38_G" "chr11_67775826_G_A_b38_G"
[135] "chr11_67775832_A_T_b38_A" "chr11_67775834_A_G_b38_A"
[137] "chr11_67775835_T_C_b38_T" "chr11_67775856_G_A_b38_G"
[139] "chr11_67775878_T_G_b38_T" "chr11_67775955_T_C_b38_T"
[141] "chr11_67776065_G_A_b38_G" "chr11_67776072_C_G_b38_C"
[143] "chr11_67776072_C_T_b38_C" "chr11_67776074_T_C_b38_T"
[145] "chr11_67776075_G_A_b38_G" "chr11_67776124_C_T_b38_C"
[147] "chr11_67776140_G_T_b38_G" "chr11_67776141_T_C_b38_T"
[149] "chr11_67776144_A_G_b38_A" "chr11_67776235_T_C_b38_T"
[151] "chr11_67776237_A_G_b38_A" "chr11_67776245_C_T_b38_C"
[153] "chr11_67776315_C_T_b38_C" "chr11_67776354_C_T_b38_C"
[155] "chr11_67779801_G_A_b38_G" "chr11_67779820_A_T_b38_A"
[157] "chr11_67779862_G_A_b38_G" "chr11_67780081_A_G_b38_A"
[159] "chr11_67780099_G_A_b38_G" "chr11_67780112_A_C_b38_A"
[161] "chr11_67780132_A_G_b38_A" "chr11_67780133_A_C_b38_A"
[163] "chr11_67780151_G_A_b38_G" "chr11_67780205_C_T_b38_C"
[165] "chr11_67780244_C_A_b38_C" "chr11_67780581_A_G_b38_A"
[167] "chr11_67780760_A_G_b38_A" "chr11_67780820_C_T_b38_C"
[169] "chr11_67780847_G_C_b38_G" "chr11_67780854_A_T_b38_A"
[171] "chr11_67780857_C_T_b38_C" "chr11_67780859_A_G_b38_A"
[173] "chr11_67780888_A_C_b38_A" "chr11_67780914_A_G_b38_A"
[175] "chr11_67780934_C_T_b38_C" "chr11_67780969_T_C_b38_T"
[177] "chr11_67780983_G_A_b38_G" "chr11_67781020_C_A_b38_C"
[179] "chr11_67781028_T_G_b38_T" "chr11_67781039_A_G_b38_A"
[181] "chr11_67781060_A_G_b38_A" "chr11_67781163_A_C_b38_A"
[183] "chr11_67781195_T_C_b38_T" "chr11_67781224_T_C_b38_T"
[185] "chr11_67781225_A_C_b38_A" "chr11_67781267_G_T_b38_G"
[187] "chr11_67781271_A_G_b38_A" "chr11_67781276_A_G_b38_A"
[189] "chr11_67781297_T_C_b38_T" "chr11_67781335_T_C_b38_T"
[191] "chr11_67781922_A_T_b38_A" "chr11_67781952_C_G_b38_C"
[193] "chr11_67781965_T_A_b38_T" "chr11_67781967_C_A_b38_C"
[195] "chr11_67781970_C_G_b38_C" "chr11_67781974_T_C_b38_T"
[197] "chr11_67781998_T_A_b38_T" "chr11_67781999_G_A_b38_G"
[199] "chr11_67782008_C_T_b38_C" "chr11_67782071_C_T_b38_C"
[201] "chr11_67782074_A_G_b38_A" "chr11_67782079_C_T_b38_C"
[203] "chr11_67782096_C_T_b38_C" "chr11_67782122_T_C_b38_T"
[205] "chr11_67782123_G_A_b38_G" "chr11_67782146_C_T_b38_C"
[207] "chr11_67782258_C_T_b38_C" "chr11_67782265_C_T_b38_C"
[209] "chr11_67782268_C_T_b38_C" "chr11_67782302_A_T_b38_A"
[211] "chr11_67782308_G_A_b38_G" "chr11_67782326_T_G_b38_T"
[213] "chr11_67782342_A_T_b38_A" "chr11_67782356_T_C_b38_T"
[215] "chr11_67855777_C_T_b38_C" "chr11_67855884_A_G_b38_A"
[217] "chr11_67855902_G_A_b38_G" "chr11_67856017_G_A_b38_G"
[219] "chr11_67856085_G_A_b38_G" "chr11_67856123_T_G_b38_T"
[221] "chr11_67856157_T_C_b38_T" "chr11_67861624_T_C_b38_T"
[223] "chr11_67864202_G_A_b38_G" "chr11_67872434_T_G_b38_T"
[225] "chr11_67872444_A_T_b38_A" "chr11_67872450_A_C_b38_A"
[227] "chr11_67872452_T_G_b38_T" "chr11_67872547_T_G_b38_T"
[229] "chr11_67872776_C_T_b38_C" "chr11_67916823_G_A_b38_G"
[231] "chr11_67916845_G_A_b38_G" "chr11_67916901_C_G_b38_C"
[233] "chr11_67916925_G_A_b38_G" "chr11_67916951_G_A_b38_G"
[235] "chr11_67916958_T_C_b38_T" "chr11_67916968_C_G_b38_C"
[237] "chr11_67919756_A_C_b38_A" "chr11_67919837_A_G_b38_A"
[239] "chr11_67920002_C_T_b38_C" "chr11_67920037_G_T_b38_G"
[241] "chr11_67920373_T_C_b38_T" "chr11_67920456_C_T_b38_C"
[243] "chr11_67920511_C_T_b38_C" "chr11_67921764_T_G_b38_T"
[245] "chr11_67921789_T_C_b38_T" "chr11_67922019_G_A_b38_G"
[247] "chr11_67922020_C_G_b38_C" "chr11_67922124_A_C_b38_A"
[249] "chr11_67922133_T_C_b38_T" "chr11_67923129_G_T_b38_G"
[251] "chr11_67924504_C_T_b38_C" "chr11_67924533_T_G_b38_T"
[253] "chr11_67956609_G_A_b38_G" "chr11_67956627_G_A_b38_G"
[255] "chr11_67968506_A_G_b38_A" "chr11_67968516_G_C_b38_G"
[257] "chr11_67968517_C_T_b38_C" "chr11_67968537_G_T_b38_G"
[259] "chr11_67968546_A_C_b38_A" "chr11_67968572_C_G_b38_C"
[261] "chr11_67968573_T_C_b38_T" "chr11_67968574_C_G_b38_C"
[263] "chr11_67968708_C_T_b38_C" "chr11_67968833_G_T_b38_G"
[265] "chr11_67968859_T_C_b38_T" "chr11_67978838_T_G_b38_T"
[267] "chr11_67978844_C_T_b38_C" "chr11_67978846_G_C_b38_G"
[269] "chr11_67978849_T_C_b38_T" "chr11_67978873_T_A_b38_T"
[271] "chr11_67978877_T_A_b38_T" "chr11_67978891_A_G_b38_A"
[273] "chr11_67978892_A_G_b38_A" "chr11_67978897_C_T_b38_C"
[275] "chr11_67986560_C_T_b38_C" "chr11_67986638_T_C_b38_T"
[277] "chr11_67986676_C_T_b38_C" "chr11_67986800_C_G_b38_C"
[279] "chr11_67986819_C_T_b38_C" "chr11_67986845_A_G_b38_A"
[281] "chr11_67986857_T_C_b38_T" "chr11_67986940_G_T_b38_G"
[283] "chr11_67986948_A_G_b38_A" "chr11_67990093_T_G_b38_T"
[285] "chr11_67990409_G_C_b38_G" "chr11_67991845_C_T_b38_C"
[287] "chr11_67992029_C_T_b38_C"

=====================================
Tissue: Adipose Tissue 
=====================================
[1] TRUE
Running SuSiE.

=====================================
Tissue: Adrenal Gland 
=====================================
[1] TRUE
Running SuSiE.

=====================================
Tissue: Blood 
=====================================
[1] TRUE
Running SuSiE.

=====================================
Tissue: Blood Vessel 
=====================================
[1] TRUE
Running SuSiE.

=====================================
Tissue: Brain 
=====================================
[1] TRUE
Running SuSiE.

=====================================
Tissue: Breast 
=====================================
[1] TRUE
Running SuSiE.

=====================================
Tissue: Colon 
=====================================
[1] TRUE
Running SuSiE.

=====================================
Tissue: Esophagus 
=====================================
[1] TRUE
Running SuSiE.

=====================================
Tissue: Heart 
=====================================
[1] TRUE
Running SuSiE.

=====================================
Tissue: Kidney 
=====================================
[1] TRUE
Running SuSiE.

=====================================
Tissue: Liver 
=====================================
[1] TRUE
Running SuSiE.

=====================================
Tissue: Lung 
=====================================
[1] TRUE
Running SuSiE.

=====================================
Tissue: Muscle 
=====================================
[1] TRUE
Running SuSiE.

=====================================
Tissue: Nerve 
=====================================
[1] TRUE
Running SuSiE.

=====================================
Tissue: Ovary 
=====================================
[1] TRUE
Running SuSiE.

=====================================
Tissue: Pancreas 
=====================================
[1] TRUE
Running SuSiE.

=====================================
Tissue: Pituitary 
=====================================
[1] TRUE
Running SuSiE.

=====================================
Tissue: Prostate 
=====================================
[1] TRUE
Running SuSiE.

=====================================
Tissue: Salivary Gland 
=====================================
[1] TRUE
Running SuSiE.

=====================================
Tissue: Skin 
=====================================
[1] TRUE
Running SuSiE.

=====================================
Tissue: Small Intestine 
=====================================
[1] TRUE
Running SuSiE.

=====================================
Tissue: Spleen 
=====================================
[1] TRUE
Running SuSiE.

=====================================
Tissue: Stomach 
=====================================
[1] TRUE
Running SuSiE.

=====================================
Tissue: Testis 
=====================================
[1] TRUE
Running SuSiE.

=====================================
Tissue: Thyroid 
=====================================
[1] TRUE
Running SuSiE.

=====================================
Tissue: Uterus 
=====================================
[1] TRUE
Running SuSiE.

=====================================
Tissue: Vagina 
=====================================
[1] TRUE
Running SuSiE.
[2026-09-01 11:01:27] starting PITPNM2
Importing covariate data.
Importing gene expression data.
Found 27 tissues for gene PITPNM2 :
 [1] "Adipose Tissue"  "Adrenal Gland"   "Blood"           "Blood Vessel"   
 [5] "Brain"           "Breast"          "Colon"           "Esophagus"      
 [9] "Heart"           "Kidney"          "Liver"           "Lung"           
[13] "Muscle"          "Nerve"           "Ovary"           "Pancreas"       
[17] "Pituitary"       "Prostate"        "Salivary Gland"  "Skin"           
[21] "Small Intestine" "Spleen"          "Stomach"         "Testis"         
[25] "Thyroid"         "Uterus"          "Vagina"         
58 SNP(s) removed because HWE P < 1e-08 :
 [1] "chr12_122698086_T_C_b38_T" "chr12_122699788_T_C_b38_T"
 [3] "chr12_122699918_C_T_b38_C" "chr12_122702333_C_T_b38_C"
 [5] "chr12_122709102_C_G_b38_C" "chr12_122709104_C_T_b38_C"
 [7] "chr12_122709123_T_C_b38_T" "chr12_122709138_T_C_b38_T"
 [9] "chr12_122709144_C_T_b38_C" "chr12_122709154_C_A_b38_C"
[11] "chr12_122714780_A_G_b38_A" "chr12_122715279_C_G_b38_C"
[13] "chr12_122715787_T_C_b38_T" "chr12_122815906_C_G_b38_C"
[15] "chr12_122816024_C_T_b38_C" "chr12_122816385_T_G_b38_T"
[17] "chr12_122816546_A_G_b38_A" "chr12_122816547_A_G_b38_A"
[19] "chr12_122816794_A_G_b38_A" "chr12_122817307_G_A_b38_G"
[21] "chr12_122817435_T_C_b38_T" "chr12_122817619_T_C_b38_T"
[23] "chr12_122817822_G_A_b38_G" "chr12_122818431_T_C_b38_T"
[25] "chr12_122818532_G_A_b38_G" "chr12_122818594_C_T_b38_C"
[27] "chr12_122818962_T_A_b38_T" "chr12_122819072_A_G_b38_A"
[29] "chr12_122819398_C_A_b38_C" "chr12_122898172_A_G_b38_A"
[31] "chr12_122924621_C_G_b38_C" "chr12_122931801_A_G_b38_A"
[33] "chr12_122942326_A_G_b38_A" "chr12_122954690_A_G_b38_A"
[35] "chr12_122956624_A_G_b38_A" "chr12_122972086_G_C_b38_G"
[37] "chr12_123106410_T_C_b38_T" "chr12_123108671_A_C_b38_A"
[39] "chr12_123110146_A_G_b38_A" "chr12_123115178_T_C_b38_T"
[41] "chr12_123117139_C_T_b38_C" "chr12_123119077_T_G_b38_T"
[43] "chr12_123119421_C_G_b38_C" "chr12_123119653_T_C_b38_T"
[45] "chr12_123125414_T_C_b38_T" "chr12_123126701_A_G_b38_A"
[47] "chr12_123129362_A_T_b38_A" "chr12_123147717_G_A_b38_G"
[49] "chr12_123160776_T_C_b38_T" "chr12_123169951_G_A_b38_G"
[51] "chr12_123175458_C_A_b38_C" "chr12_123216320_A_G_b38_A"
[53] "chr12_123217322_C_T_b38_C" "chr12_123221012_G_A_b38_G"
[55] "chr12_123260199_T_C_b38_T" "chr12_123277692_A_C_b38_A"
[57] "chr12_123371692_T_C_b38_T" "chr12_123448172_A_T_b38_A"

=====================================
Tissue: Adipose Tissue 
=====================================
[1] TRUE
Running SuSiE.

=====================================
Tissue: Adrenal Gland 
=====================================
[1] TRUE
Running SuSiE.

=====================================
Tissue: Blood 
=====================================
[1] TRUE
Running SuSiE.

=====================================
Tissue: Blood Vessel 
=====================================
[1] TRUE
Running SuSiE.

=====================================
Tissue: Brain 
=====================================
[1] TRUE
Running SuSiE.

=====================================
Tissue: Breast 
=====================================
[1] TRUE
Running SuSiE.

=====================================
Tissue: Colon 
=====================================
[1] TRUE
Running SuSiE.

=====================================
Tissue: Esophagus 
=====================================
[1] TRUE
Running SuSiE.

=====================================
Tissue: Heart 
=====================================
[1] TRUE
Running SuSiE.

=====================================
Tissue: Kidney 
=====================================
[1] TRUE
Running SuSiE.

=====================================
Tissue: Liver 
=====================================
[1] TRUE
Running SuSiE.

=====================================
Tissue: Lung 
=====================================
[1] TRUE
Running SuSiE.

=====================================
Tissue: Muscle 
=====================================
[1] TRUE
Running SuSiE.

=====================================
Tissue: Nerve 
=====================================
[1] TRUE
Running SuSiE.

=====================================
Tissue: Ovary 
=====================================
[1] TRUE
Running SuSiE.

=====================================
Tissue: Pancreas 
=====================================
[1] TRUE
Running SuSiE.

=====================================
Tissue: Pituitary 
=====================================
[1] TRUE
Running SuSiE.

=====================================
Tissue: Prostate 
=====================================
[1] TRUE
Running SuSiE.

=====================================
Tissue: Salivary Gland 
=====================================
[1] TRUE
Running SuSiE.

=====================================
Tissue: Skin 
=====================================
[1] TRUE
Running SuSiE.

=====================================
Tissue: Small Intestine 
=====================================
[1] TRUE
Running SuSiE.

=====================================
Tissue: Spleen 
=====================================
[1] TRUE
Running SuSiE.

=====================================
Tissue: Stomach 
=====================================
[1] TRUE
Running SuSiE.

=====================================
Tissue: Testis 
=====================================
[1] TRUE
Running SuSiE.

=====================================
Tissue: Thyroid 
=====================================
[1] TRUE
Running SuSiE.

=====================================
Tissue: Uterus 
=====================================
[1] TRUE
Running SuSiE.

=====================================
Tissue: Vagina 
=====================================
[1] TRUE
Running SuSiE.
[2026-09-01 11:03:49] starting PITPNM3
Importing covariate data.
Importing gene expression data.
Found 27 tissues for gene PITPNM3 :
 [1] "Adipose Tissue"  "Adrenal Gland"   "Blood"           "Blood Vessel"   
 [5] "Brain"           "Breast"          "Colon"           "Esophagus"      
 [9] "Heart"           "Kidney"          "Liver"           "Lung"           
[13] "Muscle"          "Nerve"           "Ovary"           "Pancreas"       
[17] "Pituitary"       "Prostate"        "Salivary Gland"  "Skin"           
[21] "Small Intestine" "Spleen"          "Stomach"         "Testis"         
[25] "Thyroid"         "Uterus"          "Vagina"         
33 SNP(s) removed because HWE P < 1e-08 :
 [1] "chr17_6225731_A_G_b38_A" "chr17_6225736_T_C_b38_T"
 [3] "chr17_6225757_C_T_b38_C" "chr17_6408077_T_C_b38_T"
 [5] "chr17_6513378_C_T_b38_C" "chr17_6520086_T_G_b38_T"
 [7] "chr17_6520989_A_G_b38_A" "chr17_6521976_A_G_b38_A"
 [9] "chr17_6556961_G_A_b38_G" "chr17_6563750_C_T_b38_C"
[11] "chr17_6563753_G_A_b38_G" "chr17_6656145_T_C_b38_T"
[13] "chr17_6656189_G_A_b38_G" "chr17_6656279_C_T_b38_C"
[15] "chr17_6656440_G_C_b38_G" "chr17_6656866_A_G_b38_A"
[17] "chr17_6656895_C_T_b38_C" "chr17_6656902_G_C_b38_G"
[19] "chr17_6657002_T_C_b38_T" "chr17_6671796_A_G_b38_A"
[21] "chr17_6671891_G_A_b38_G" "chr17_6764031_C_T_b38_C"
[23] "chr17_6767438_G_A_b38_G" "chr17_6774246_G_A_b38_G"
[25] "chr17_6776511_A_T_b38_A" "chr17_6777209_A_T_b38_A"
[27] "chr17_6874454_G_A_b38_G" "chr17_6884287_C_T_b38_C"
[29] "chr17_6886190_G_T_b38_G" "chr17_6891849_G_A_b38_G"
[31] "chr17_6904578_T_A_b38_T" "chr17_6931422_A_G_b38_A"
[33] "chr17_6940165_A_G_b38_A"

=====================================
Tissue: Adipose Tissue 
=====================================
[1] TRUE
Running SuSiE.

=====================================
Tissue: Adrenal Gland 
=====================================
[1] TRUE
Running SuSiE.

=====================================
Tissue: Blood 
=====================================
[1] TRUE
Running SuSiE.

=====================================
Tissue: Blood Vessel 
=====================================
[1] TRUE
Running SuSiE.

=====================================
Tissue: Brain 
=====================================
[1] TRUE
Running SuSiE.

=====================================
Tissue: Breast 
=====================================
[1] TRUE
Running SuSiE.

=====================================
Tissue: Colon 
=====================================
[1] TRUE
Running SuSiE.

=====================================
Tissue: Esophagus 
=====================================
[1] TRUE
Running SuSiE.

=====================================
Tissue: Heart 
=====================================
[1] TRUE
Running SuSiE.

=====================================
Tissue: Kidney 
=====================================
[1] TRUE
Running SuSiE.

=====================================
Tissue: Liver 
=====================================
[1] TRUE
Running SuSiE.

=====================================
Tissue: Lung 
=====================================
[1] TRUE
Running SuSiE.

=====================================
Tissue: Muscle 
=====================================
[1] TRUE
Running SuSiE.

=====================================
Tissue: Nerve 
=====================================
[1] TRUE
Running SuSiE.

=====================================
Tissue: Ovary 
=====================================
[1] TRUE
Running SuSiE.

=====================================
Tissue: Pancreas 
=====================================
[1] TRUE
Running SuSiE.

=====================================
Tissue: Pituitary 
=====================================
[1] TRUE
Running SuSiE.

=====================================
Tissue: Prostate 
=====================================
[1] TRUE
Running SuSiE.

=====================================
Tissue: Salivary Gland 
=====================================
[1] TRUE
Running SuSiE.

=====================================
Tissue: Skin 
=====================================
[1] TRUE
Running SuSiE.

=====================================
Tissue: Small Intestine 
=====================================
[1] TRUE
Running SuSiE.

=====================================
Tissue: Spleen 
=====================================
[1] TRUE
Running SuSiE.

=====================================
Tissue: Stomach 
=====================================
[1] TRUE
Running SuSiE.

=====================================
Tissue: Testis 
=====================================
[1] TRUE
Running SuSiE.

=====================================
Tissue: Thyroid 
=====================================
[1] TRUE
Running SuSiE.

=====================================
Tissue: Uterus 
=====================================
[1] TRUE
Running SuSiE.

=====================================
Tissue: Vagina 
=====================================
[1] TRUE
Running SuSiE.
[2026-09-01 11:07:26] starting PITRM1
Importing covariate data.
Importing gene expression data.
Found 27 tissues for gene PITRM1 :
 [1] "Adipose Tissue"  "Adrenal Gland"   "Blood"           "Blood Vessel"   
 [5] "Brain"           "Breast"          "Colon"           "Esophagus"      
 [9] "Heart"           "Kidney"          "Liver"           "Lung"           
[13] "Muscle"          "Nerve"           "Ovary"           "Pancreas"       
[17] "Pituitary"       "Prostate"        "Salivary Gland"  "Skin"           
[21] "Small Intestine" "Spleen"          "Stomach"         "Testis"         
[25] "Thyroid"         "Uterus"          "Vagina"         
71 SNP(s) removed because HWE P < 1e-08 :
 [1] "chr10_2733235_A_G_b38_A" "chr10_2743504_A_G_b38_A"
 [3] "chr10_2744875_G_T_b38_G" "chr10_2747402_A_C_b38_A"
 [5] "chr10_2750297_C_A_b38_C" "chr10_2750458_A_G_b38_A"
 [7] "chr10_2750556_C_T_b38_C" "chr10_2750613_C_T_b38_C"
 [9] "chr10_2750671_A_T_b38_A" "chr10_2750688_G_T_b38_G"
[11] "chr10_2750700_G_A_b38_G" "chr10_2750732_T_A_b38_T"
[13] "chr10_2750928_C_T_b38_C" "chr10_2750952_C_T_b38_C"
[15] "chr10_2760587_C_G_b38_C" "chr10_2760749_T_C_b38_T"
[17] "chr10_2769970_A_G_b38_A" "chr10_2798831_G_A_b38_G"
[19] "chr10_2936075_T_G_b38_T" "chr10_2956216_C_A_b38_C"
[21] "chr10_2957874_G_A_b38_G" "chr10_2964038_T_A_b38_T"
[23] "chr10_2966427_G_A_b38_G" "chr10_2967159_C_T_b38_C"
[25] "chr10_2970833_T_C_b38_T" "chr10_2977322_G_T_b38_G"
[27] "chr10_2983659_G_A_b38_G" "chr10_2983661_G_T_b38_G"
[29] "chr10_2983753_T_C_b38_T" "chr10_2985615_C_T_b38_C"
[31] "chr10_2988480_T_G_b38_T" "chr10_2988646_A_G_b38_A"
[33] "chr10_2988648_T_C_b38_T" "chr10_2989169_T_C_b38_T"
[35] "chr10_2989214_C_T_b38_C" "chr10_2989410_A_C_b38_A"
[37] "chr10_2989561_A_G_b38_A" "chr10_2989764_T_C_b38_T"
[39] "chr10_2990140_G_A_b38_G" "chr10_2990765_C_T_b38_C"
[41] "chr10_2990935_T_A_b38_T" "chr10_2991411_A_G_b38_A"
[43] "chr10_2991451_A_G_b38_A" "chr10_2991741_C_T_b38_C"
[45] "chr10_2992317_T_G_b38_T" "chr10_2992568_G_A_b38_G"
[47] "chr10_2992803_A_T_b38_A" "chr10_2993880_T_A_b38_T"
[49] "chr10_2994001_C_T_b38_C" "chr10_2996775_G_A_b38_G"
[51] "chr10_2997352_G_T_b38_G" "chr10_3000461_C_T_b38_C"
[53] "chr10_3000826_G_T_b38_G" "chr10_3004396_T_G_b38_T"
[55] "chr10_3006306_C_T_b38_C" "chr10_3007369_C_T_b38_C"
[57] "chr10_3009849_C_T_b38_C" "chr10_3011174_C_A_b38_C"
[59] "chr10_3014875_C_T_b38_C" "chr10_3015514_G_A_b38_G"
[61] "chr10_3016156_G_A_b38_G" "chr10_3016183_G_A_b38_G"
[63] "chr10_3018931_A_G_b38_A" "chr10_3020908_C_T_b38_C"
[65] "chr10_3039176_G_T_b38_G" "chr10_3060978_C_T_b38_C"
[67] "chr10_3079669_G_C_b38_G" "chr10_3124009_G_C_b38_G"
[69] "chr10_3195750_T_C_b38_T" "chr10_3197737_A_G_b38_A"
[71] "chr10_3198601_T_C_b38_T"

=====================================
Tissue: Adipose Tissue 
=====================================
[1] TRUE
Running SuSiE.

=====================================
Tissue: Adrenal Gland 
=====================================
[1] TRUE
Running SuSiE.

=====================================
Tissue: Blood 
=====================================
[1] TRUE
Running SuSiE.

=====================================
Tissue: Blood Vessel 
=====================================
[1] TRUE
Running SuSiE.

=====================================
Tissue: Brain 
=====================================
[1] TRUE
Running SuSiE.

=====================================
Tissue: Breast 
=====================================
[1] TRUE
Running SuSiE.

=====================================
Tissue: Colon 
=====================================
[1] TRUE
Running SuSiE.

=====================================
Tissue: Esophagus 
=====================================
[1] TRUE
Running SuSiE.

=====================================
Tissue: Heart 
=====================================
[1] TRUE
Running SuSiE.

=====================================
Tissue: Kidney 
=====================================
[1] TRUE
Running SuSiE.

=====================================
Tissue: Liver 
=====================================
[1] TRUE
Running SuSiE.

=====================================
Tissue: Lung 
=====================================
[1] TRUE
Running SuSiE.

=====================================
Tissue: Muscle 
=====================================
[1] TRUE
Running SuSiE.

=====================================
Tissue: Nerve 
=====================================
[1] TRUE
Running SuSiE.

=====================================
Tissue: Ovary 
=====================================
[1] TRUE
Running SuSiE.

=====================================
Tissue: Pancreas 
=====================================
[1] TRUE
Running SuSiE.

=====================================
Tissue: Pituitary 
=====================================
[1] TRUE
Running SuSiE.

=====================================
Tissue: Prostate 
=====================================
[1] TRUE
Running SuSiE.

=====================================
Tissue: Salivary Gland 
=====================================
[1] TRUE
Running SuSiE.

=====================================
Tissue: Skin 
=====================================
[1] TRUE
Running SuSiE.

=====================================
Tissue: Small Intestine 
=====================================
[1] TRUE
Running SuSiE.

=====================================
Tissue: Spleen 
=====================================
[1] TRUE
Running SuSiE.

=====================================
Tissue: Stomach 
=====================================
[1] TRUE
Running SuSiE.

=====================================
Tissue: Testis 
=====================================
[1] TRUE
Running SuSiE.

=====================================
Tissue: Thyroid 
=====================================
[1] TRUE
Running SuSiE.

=====================================
Tissue: Uterus 
=====================================
[1] TRUE
Running SuSiE.

=====================================
Tissue: Vagina 
=====================================
[1] TRUE
Running SuSiE.
[2026-09-01 11:11:22] starting PITX1
Importing covariate data.
Importing gene expression data.
Found 27 tissues for gene PITX1 :
 [1] "Adipose Tissue"  "Adrenal Gland"   "Blood"           "Blood Vessel"   
 [5] "Brain"           "Breast"          "Colon"           "Esophagus"      
 [9] "Heart"           "Kidney"          "Liver"           "Lung"           
[13] "Muscle"          "Nerve"           "Ovary"           "Pancreas"       
[17] "Pituitary"       "Prostate"        "Salivary Gland"  "Skin"           
[21] "Small Intestine" "Spleen"          "Stomach"         "Testis"         
[25] "Thyroid"         "Uterus"          "Vagina"         
48 SNP(s) removed because HWE P < 1e-08 :
 [1] "chr5_134997805_T_C_b38_T" "chr5_134998058_A_G_b38_A"
 [3] "chr5_134998059_C_G_b38_C" "chr5_134998121_T_C_b38_T"
 [5] "chr5_134998122_A_G_b38_A" "chr5_134998278_C_T_b38_C"
 [7] "chr5_134998295_A_C_b38_A" "chr5_134998431_A_C_b38_A"
 [9] "chr5_134999114_T_C_b38_T" "chr5_134999185_G_T_b38_G"
[11] "chr5_134999195_C_G_b38_C" "chr5_134999341_A_G_b38_A"
[13] "chr5_134999893_T_C_b38_T" "chr5_135000087_G_A_b38_G"
[15] "chr5_135000200_A_C_b38_A" "chr5_135000223_A_G_b38_A"
[17] "chr5_135002362_G_T_b38_G" "chr5_135002496_T_C_b38_T"
[19] "chr5_135002697_T_C_b38_T" "chr5_135003534_A_G_b38_A"
[21] "chr5_135004316_T_C_b38_T" "chr5_135005119_G_A_b38_G"
[23] "chr5_135005569_T_C_b38_T" "chr5_135006787_G_A_b38_G"
[25] "chr5_135008076_T_G_b38_T" "chr5_135012884_C_G_b38_C"
[27] "chr5_135013324_C_T_b38_C" "chr5_135020690_G_A_b38_G"
[29] "chr5_135021680_A_T_b38_A" "chr5_135031850_A_G_b38_A"
[31] "chr5_135036297_T_C_b38_T" "chr5_135082162_G_A_b38_G"
[33] "chr5_135082413_G_A_b38_G" "chr5_135082951_G_A_b38_G"
[35] "chr5_135083366_C_T_b38_C" "chr5_135193645_G_T_b38_G"
[37] "chr5_135193753_T_A_b38_T" "chr5_135196413_C_T_b38_C"
[39] "chr5_135342929_G_A_b38_G" "chr5_135349007_T_C_b38_T"
[41] "chr5_135375619_A_G_b38_A" "chr5_135380041_T_C_b38_T"
[43] "chr5_135389249_A_G_b38_A" "chr5_135418038_C_T_b38_C"
[45] "chr5_135421146_C_T_b38_C" "chr5_135424603_C_A_b38_C"
[47] "chr5_135425967_C_T_b38_C" "chr5_135427915_C_A_b38_C"

=====================================
Tissue: Adipose Tissue 
=====================================
[1] TRUE
Running SuSiE.

=====================================
Tissue: Adrenal Gland 
=====================================
[1] TRUE
Running SuSiE.

=====================================
Tissue: Blood 
=====================================
[1] TRUE
Running SuSiE.

=====================================
Tissue: Blood Vessel 
=====================================
[1] TRUE
Running SuSiE.

=====================================
Tissue: Brain 
=====================================
[1] TRUE
Running SuSiE.

=====================================
Tissue: Breast 
=====================================
[1] TRUE
Running SuSiE.

=====================================
Tissue: Colon 
=====================================
[1] TRUE
Running SuSiE.

=====================================
Tissue: Esophagus 
=====================================
[1] TRUE
Running SuSiE.

=====================================
Tissue: Heart 
=====================================
[1] TRUE
Running SuSiE.

=====================================
Tissue: Kidney 
=====================================
[1] TRUE
Running SuSiE.

=====================================
Tissue: Liver 
=====================================
[1] TRUE
Running SuSiE.

=====================================
Tissue: Lung 
=====================================
[1] TRUE
Running SuSiE.

=====================================
Tissue: Muscle 
=====================================
[1] TRUE
Running SuSiE.

=====================================
Tissue: Nerve 
=====================================
[1] TRUE
Running SuSiE.

=====================================
Tissue: Ovary 
=====================================
[1] TRUE
Running SuSiE.

=====================================
Tissue: Pancreas 
=====================================
[1] TRUE
Running SuSiE.

=====================================
Tissue: Pituitary 
=====================================
[1] TRUE
Running SuSiE.

=====================================
Tissue: Prostate 
=====================================
[1] TRUE
Running SuSiE.

=====================================
Tissue: Salivary Gland 
=====================================
[1] TRUE
Running SuSiE.

=====================================
Tissue: Skin 
=====================================
[1] TRUE
Running SuSiE.

=====================================
Tissue: Small Intestine 
=====================================
[1] TRUE
Running SuSiE.

=====================================
Tissue: Spleen 
=====================================
[1] TRUE
Running SuSiE.

=====================================
Tissue: Stomach 
=====================================
[1] TRUE
Running SuSiE.

=====================================
Tissue: Testis 
=====================================
[1] TRUE
Running SuSiE.

=====================================
Tissue: Thyroid 
=====================================
[1] TRUE
Running SuSiE.

=====================================
Tissue: Uterus 
=====================================
[1] TRUE
Running SuSiE.

=====================================
Tissue: Vagina 
=====================================
[1] TRUE
Running SuSiE.
[2026-09-01 11:13:42] starting PITX2
Importing covariate data.
Importing gene expression data.
Found 27 tissues for gene PITX2 :
 [1] "Adipose Tissue"  "Adrenal Gland"   "Blood"           "Blood Vessel"   
 [5] "Brain"           "Breast"          "Colon"           "Esophagus"      
 [9] "Heart"           "Kidney"          "Liver"           "Lung"           
[13] "Muscle"          "Nerve"           "Ovary"           "Pancreas"       
[17] "Pituitary"       "Prostate"        "Salivary Gland"  "Skin"           
[21] "Small Intestine" "Spleen"          "Stomach"         "Testis"         
[25] "Thyroid"         "Uterus"          "Vagina"         
43 SNP(s) removed because HWE P < 1e-08 :
 [1] "chr4_110212078_T_G_b38_T" "chr4_110212221_A_G_b38_A"
 [3] "chr4_110279285_G_A_b38_G" "chr4_110306437_G_C_b38_G"
 [5] "chr4_110306757_A_G_b38_A" "chr4_110598047_A_G_b38_A"
 [7] "chr4_110688903_T_G_b38_T" "chr4_110703283_G_A_b38_G"
 [9] "chr4_110897861_T_C_b38_T" "chr4_110898842_G_A_b38_G"
[11] "chr4_110909540_A_T_b38_A" "chr4_110909713_G_A_b38_G"
[13] "chr4_110909895_G_A_b38_G" "chr4_110926653_G_A_b38_G"
[15] "chr4_110928144_A_G_b38_A" "chr4_110962311_A_C_b38_A"
[17] "chr4_110977039_T_C_b38_T" "chr4_110979026_C_A_b38_C"
[19] "chr4_110982682_A_C_b38_A" "chr4_110994121_T_C_b38_T"
[21] "chr4_110996487_G_T_b38_G" "chr4_110996968_A_T_b38_A"
[23] "chr4_111000605_C_T_b38_C" "chr4_111001456_G_A_b38_G"
[25] "chr4_111002885_C_T_b38_C" "chr4_111007930_T_C_b38_T"
[27] "chr4_111008127_A_G_b38_A" "chr4_111009033_T_G_b38_T"
[29] "chr4_111009092_A_G_b38_A" "chr4_111009272_G_C_b38_G"
[31] "chr4_111021069_G_A_b38_G" "chr4_111023233_C_A_b38_C"
[33] "chr4_111025767_C_T_b38_C" "chr4_111026382_C_G_b38_C"
[35] "chr4_111028287_A_G_b38_A" "chr4_111039530_T_C_b38_T"
[37] "chr4_111047322_A_G_b38_A" "chr4_111049388_C_G_b38_C"
[39] "chr4_111054744_G_A_b38_G" "chr4_111056614_T_A_b38_T"
[41] "chr4_111073112_A_G_b38_A" "chr4_111121891_G_A_b38_G"
[43] "chr4_111128284_A_G_b38_A"

=====================================
Tissue: Adipose Tissue 
=====================================
[1] TRUE
Running SuSiE.

=====================================
Tissue: Adrenal Gland 
=====================================
[1] TRUE
Running SuSiE.

=====================================
Tissue: Blood 
=====================================
[1] TRUE
Running SuSiE.

=====================================
Tissue: Blood Vessel 
=====================================
[1] TRUE
Running SuSiE.

=====================================
Tissue: Brain 
=====================================
[1] TRUE
Running SuSiE.

=====================================
Tissue: Breast 
=====================================
[1] TRUE
Running SuSiE.

=====================================
Tissue: Colon 
=====================================
[1] TRUE
Running SuSiE.

=====================================
Tissue: Esophagus 
=====================================
[1] TRUE
Running SuSiE.

=====================================
Tissue: Heart 
=====================================
[1] TRUE
Running SuSiE.

=====================================
Tissue: Kidney 
=====================================
[1] TRUE
Running SuSiE.

=====================================
Tissue: Liver 
=====================================
[1] TRUE
Running SuSiE.

=====================================
Tissue: Lung 
=====================================
[1] TRUE
Running SuSiE.

=====================================
Tissue: Muscle 
=====================================
[1] TRUE
Running SuSiE.

=====================================
Tissue: Nerve 
=====================================
[1] TRUE
Running SuSiE.

=====================================
Tissue: Ovary 
=====================================
[1] TRUE
Running SuSiE.

=====================================
Tissue: Pancreas 
=====================================
[1] TRUE
Running SuSiE.

=====================================
Tissue: Pituitary 
=====================================
[1] TRUE
Running SuSiE.

=====================================
Tissue: Prostate 
=====================================
[1] TRUE
Running SuSiE.

=====================================
Tissue: Salivary Gland 
=====================================
[1] TRUE
Running SuSiE.

=====================================
Tissue: Skin 
=====================================
[1] TRUE
Running SuSiE.

=====================================
Tissue: Small Intestine 
=====================================
[1] TRUE
Running SuSiE.

=====================================
Tissue: Spleen 
=====================================
[1] TRUE
Running SuSiE.

=====================================
Tissue: Stomach 
=====================================
[1] TRUE
Running SuSiE.

=====================================
Tissue: Testis 
=====================================
[1] TRUE
Running SuSiE.

=====================================
Tissue: Thyroid 
=====================================
[1] TRUE
Running SuSiE.

=====================================
Tissue: Uterus 
=====================================
[1] TRUE
Running SuSiE.

=====================================
Tissue: Vagina 
=====================================
[1] TRUE
Running SuSiE.
[2026-09-01 11:16:52] starting PITX3
Importing covariate data.
Importing gene expression data.
Found 27 tissues for gene PITX3 :
 [1] "Adipose Tissue"  "Adrenal Gland"   "Blood"           "Blood Vessel"   
 [5] "Brain"           "Breast"          "Colon"           "Esophagus"      
 [9] "Heart"           "Kidney"          "Liver"           "Lung"           
[13] "Muscle"          "Nerve"           "Ovary"           "Pancreas"       
[17] "Pituitary"       "Prostate"        "Salivary Gland"  "Skin"           
[21] "Small Intestine" "Spleen"          "Stomach"         "Testis"         
[25] "Thyroid"         "Uterus"          "Vagina"         
4 SNP(s) removed because HWE P < 1e-08 :
[1] "chr10_101773458_A_C_b38_A" "chr10_101987748_C_T_b38_C"
[3] "chr10_102112606_G_C_b38_G" "chr10_102500600_C_A_b38_C"

=====================================
Tissue: Adipose Tissue 
=====================================
[1] TRUE
Running SuSiE.

=====================================
Tissue: Adrenal Gland 
=====================================
[1] TRUE
Running SuSiE.

=====================================
Tissue: Blood 
=====================================
[1] TRUE
Running SuSiE.

=====================================
Tissue: Blood Vessel 
=====================================
[1] TRUE
Running SuSiE.

=====================================
Tissue: Brain 
=====================================
[1] TRUE
Running SuSiE.

=====================================
Tissue: Breast 
=====================================
[1] TRUE
Running SuSiE.

=====================================
Tissue: Colon 
=====================================
[1] TRUE
Running SuSiE.

=====================================
Tissue: Esophagus 
=====================================
[1] TRUE
Running SuSiE.

=====================================
Tissue: Heart 
=====================================
[1] TRUE
Running SuSiE.

=====================================
Tissue: Kidney 
=====================================
[1] TRUE
Running SuSiE.

=====================================
Tissue: Liver 
=====================================
[1] TRUE
Running SuSiE.

=====================================
Tissue: Lung 
=====================================
[1] TRUE
Running SuSiE.

=====================================
Tissue: Muscle 
=====================================
[1] TRUE
Running SuSiE.

=====================================
Tissue: Nerve 
=====================================
[1] TRUE
Running SuSiE.

=====================================
Tissue: Ovary 
=====================================
[1] TRUE
Running SuSiE.

=====================================
Tissue: Pancreas 
=====================================
[1] TRUE
Running SuSiE.

=====================================
Tissue: Pituitary 
=====================================
[1] TRUE
Running SuSiE.

=====================================
Tissue: Prostate 
=====================================
[1] TRUE
Running SuSiE.

=====================================
Tissue: Salivary Gland 
=====================================
[1] TRUE
Running SuSiE.

=====================================
Tissue: Skin 
=====================================
[1] TRUE
Running SuSiE.

=====================================
Tissue: Small Intestine 
=====================================
[1] TRUE
Running SuSiE.

=====================================
Tissue: Spleen 
=====================================
[1] TRUE
Running SuSiE.

=====================================
Tissue: Stomach 
=====================================
[1] TRUE
Running SuSiE.

=====================================
Tissue: Testis 
=====================================
[1] TRUE
Running SuSiE.

=====================================
Tissue: Thyroid 
=====================================
[1] TRUE
Running SuSiE.

=====================================
Tissue: Uterus 
=====================================
[1] TRUE
Running SuSiE.

=====================================
Tissue: Vagina 
=====================================
[1] TRUE
Running SuSiE.
[2026-09-01 11:19:06] starting PIWIL1
Importing covariate data.
Importing gene expression data.
Found 27 tissues for gene PIWIL1 :
 [1] "Adipose Tissue"  "Adrenal Gland"   "Blood"           "Blood Vessel"   
 [5] "Brain"           "Breast"          "Colon"           "Esophagus"      
 [9] "Heart"           "Kidney"          "Liver"           "Lung"           
[13] "Muscle"          "Nerve"           "Ovary"           "Pancreas"       
[17] "Pituitary"       "Prostate"        "Salivary Gland"  "Skin"           
[21] "Small Intestine" "Spleen"          "Stomach"         "Testis"         
[25] "Thyroid"         "Uterus"          "Vagina"         
Extracting genotype data from PLINK file.
PLINK v2.0.0-a.7LM 64-bit Intel (11 Mar 2026)       cog-genomics.org/plink/2.0/
(C) 2005-2026 Shaun Purcell, Christopher Chang    GNU General Public License v3
Logging to /project2/mstephens/wdenault/susie_mix/temp_plink/plink_PIWIL1.log.
Options in effect:
  --bfile /project2/mstephens/gtex/GTEx_Analysis_2017-06-05_v8_WholeGenomeSeq_866Indiv
  --chr 12
  --export A
  --from-bp 129837887
  --maf 0
  --max-alleles 2
  --memory 8000
  --out /project2/mstephens/wdenault/susie_mix/temp_plink/plink_PIWIL1
  --rm-dup exclude-all
  --snps-only
  --threads 2
  --to-bp 130837887

Start time: Tue Sep  1 11:20:10 2026
63721 MiB RAM detected, ~23382 available; reserving 8000 MiB for main
workspace.
Using up to 2 compute threads.
866 samples (0 females, 0 males, 866 ambiguous; 866 founders) loaded from
/project2/mstephens/gtex/GTEx_Analysis_2017-06-05_v8_WholeGenomeSeq_866Indiv.fam.
67234533 variants in
/project2/mstephens/gtex/GTEx_Analysis_2017-06-05_v8_WholeGenomeSeq_866Indiv.bim;
64641234 excluded by --chr + --max-alleles + --snps-only, 2593299 remaining.
Note: No phenotype data present.
Note: Skipping --rm-dup since no duplicate IDs are present.
22770 variants remaining after main filters.
--export A pass 1/1: loading... 0%writing... 0%1%2%3%4%5%6%7%8%9%10%11%12%13%14%15%16%17%18%19%20%21%22%23%24%25%26%27%28%29%30%31%32%33%34%35%36%37%38%39%40%41%42%43%44%45%46%47%48%49%50%51%52%53%54%55%56%57%58%59%60%61%62%63%64%65%66%67%68%69%70%71%72%73%74%75%76%77%78%79%80%81%82%83%84%85%86%87%88%89%90%91%92%93%94%95%96%97%98%99% done.
--export A: /project2/mstephens/wdenault/susie_mix/temp_plink/plink_PIWIL1.raw
written.
End time: Tue Sep  1 11:20:16 2026
39 SNP(s) removed because HWE P < 1e-08 :
 [1] "chr12_129873217_C_T_b38_C" "chr12_129874788_A_G_b38_A"
 [3] "chr12_129877632_G_C_b38_G" "chr12_129884754_T_G_b38_T"
 [5] "chr12_129885363_C_T_b38_C" "chr12_129927194_G_A_b38_G"
 [7] "chr12_129927774_G_C_b38_G" "chr12_129928031_A_T_b38_A"
 [9] "chr12_129933255_C_T_b38_C" "chr12_130009013_A_G_b38_A"
[11] "chr12_130022223_A_G_b38_A" "chr12_130028387_C_T_b38_C"
[13] "chr12_130194892_C_A_b38_C" "chr12_130197134_A_G_b38_A"
[15] "chr12_130327960_T_G_b38_T" "chr12_130360657_C_A_b38_C"
[17] "chr12_130362700_T_C_b38_T" "chr12_130367860_T_C_b38_T"
[19] "chr12_130458070_T_C_b38_T" "chr12_130458081_T_C_b38_T"
[21] "chr12_130460209_G_A_b38_G" "chr12_130490528_A_G_b38_A"
[23] "chr12_130734257_C_G_b38_C" "chr12_130750556_G_A_b38_G"
[25] "chr12_130750624_C_T_b38_C" "chr12_130750670_A_G_b38_A"
[27] "chr12_130750722_T_C_b38_T" "chr12_130750738_C_A_b38_C"
[29] "chr12_130751203_G_C_b38_G" "chr12_130751385_C_A_b38_C"
[31] "chr12_130751477_T_C_b38_T" "chr12_130751497_C_T_b38_C"
[33] "chr12_130751524_C_T_b38_C" "chr12_130751771_T_C_b38_T"
[35] "chr12_130751949_C_G_b38_C" "chr12_130751970_C_T_b38_C"
[37] "chr12_130752029_C_T_b38_C" "chr12_130752030_A_G_b38_A"
[39] "chr12_130752110_A_G_b38_A"

=====================================
Tissue: Adipose Tissue 
=====================================
[1] TRUE
Running SuSiE.

=====================================
Tissue: Adrenal Gland 
=====================================
[1] TRUE
Running SuSiE.

=====================================
Tissue: Blood 
=====================================
[1] TRUE
Running SuSiE.

=====================================
Tissue: Blood Vessel 
=====================================
[1] TRUE
Running SuSiE.

=====================================
Tissue: Brain 
=====================================
[1] TRUE
Running SuSiE.

=====================================
Tissue: Breast 
=====================================
[1] TRUE
Running SuSiE.

=====================================
Tissue: Colon 
=====================================
[1] TRUE
Running SuSiE.

=====================================
Tissue: Esophagus 
=====================================
[1] TRUE
Running SuSiE.

=====================================
Tissue: Heart 
=====================================
[1] TRUE
Running SuSiE.

=====================================
Tissue: Kidney 
=====================================
[1] TRUE
Running SuSiE.

=====================================
Tissue: Liver 
=====================================
[1] TRUE
Running SuSiE.

=====================================
Tissue: Lung 
=====================================
[1] TRUE
Running SuSiE.

=====================================
Tissue: Muscle 
=====================================
[1] TRUE
Running SuSiE.

=====================================
Tissue: Nerve 
=====================================
[1] TRUE
Running SuSiE.

=====================================
Tissue: Ovary 
=====================================
[1] TRUE
Running SuSiE.

=====================================
Tissue: Pancreas 
=====================================
[1] TRUE
Running SuSiE.

=====================================
Tissue: Pituitary 
=====================================
[1] TRUE
Running SuSiE.

=====================================
Tissue: Prostate 
=====================================
[1] TRUE
Running SuSiE.

=====================================
Tissue: Salivary Gland 
=====================================
[1] TRUE
Running SuSiE.

=====================================
Tissue: Skin 
=====================================
[1] TRUE
Running SuSiE.

=====================================
Tissue: Small Intestine 
=====================================
[1] TRUE
Running SuSiE.

=====================================
Tissue: Spleen 
=====================================
[1] TRUE
Running SuSiE.

=====================================
Tissue: Stomach 
=====================================
[1] TRUE
Running SuSiE.

=====================================
Tissue: Testis 
=====================================
[1] TRUE
Running SuSiE.

=====================================
Tissue: Thyroid 
=====================================
[1] TRUE
Running SuSiE.

=====================================
Tissue: Uterus 
=====================================
[1] TRUE
Running SuSiE.

=====================================
Tissue: Vagina 
=====================================
[1] TRUE
Running SuSiE.
[2026-09-01 11:23:22] starting PIWIL2
Importing covariate data.
Importing gene expression data.
Found 27 tissues for gene PIWIL2 :
 [1] "Adipose Tissue"  "Adrenal Gland"   "Blood"           "Blood Vessel"   
 [5] "Brain"           "Breast"          "Colon"           "Esophagus"      
 [9] "Heart"           "Kidney"          "Liver"           "Lung"           
[13] "Muscle"          "Nerve"           "Ovary"           "Pancreas"       
[17] "Pituitary"       "Prostate"        "Salivary Gland"  "Skin"           
[21] "Small Intestine" "Spleen"          "Stomach"         "Testis"         
[25] "Thyroid"         "Uterus"          "Vagina"         
67 SNP(s) removed because HWE P < 1e-08 :
 [1] "chr8_21826978_T_C_b38_T" "chr8_21826979_G_A_b38_G"
 [3] "chr8_22118868_T_C_b38_T" "chr8_22120956_A_G_b38_A"
 [5] "chr8_22121065_A_G_b38_A" "chr8_22123059_A_C_b38_A"
 [7] "chr8_22132143_C_G_b38_C" "chr8_22133707_A_C_b38_A"
 [9] "chr8_22133711_A_C_b38_A" "chr8_22184638_G_T_b38_G"
[11] "chr8_22187607_C_T_b38_C" "chr8_22199435_A_C_b38_A"
[13] "chr8_22203540_G_C_b38_G" "chr8_22204733_G_C_b38_G"
[15] "chr8_22209557_C_T_b38_C" "chr8_22215139_A_G_b38_A"
[17] "chr8_22215901_G_A_b38_G" "chr8_22216656_C_G_b38_C"
[19] "chr8_22224753_A_C_b38_A" "chr8_22245648_T_A_b38_T"
[21] "chr8_22267048_T_C_b38_T" "chr8_22277852_A_G_b38_A"
[23] "chr8_22303666_C_G_b38_C" "chr8_22310100_A_G_b38_A"
[25] "chr8_22343233_C_T_b38_C" "chr8_22356995_T_C_b38_T"
[27] "chr8_22369566_G_A_b38_G" "chr8_22400624_G_A_b38_G"
[29] "chr8_22401462_A_G_b38_A" "chr8_22401932_C_A_b38_C"
[31] "chr8_22407435_G_A_b38_G" "chr8_22414713_A_G_b38_A"
[33] "chr8_22416174_T_C_b38_T" "chr8_22416316_T_C_b38_T"
[35] "chr8_22417595_A_G_b38_A" "chr8_22417906_T_C_b38_T"
[37] "chr8_22420398_C_T_b38_C" "chr8_22434500_A_C_b38_A"
[39] "chr8_22614538_G_T_b38_G" "chr8_22614831_C_T_b38_C"
[41] "chr8_22615195_T_A_b38_T" "chr8_22615711_T_C_b38_T"
[43] "chr8_22615768_C_G_b38_C" "chr8_22616007_A_G_b38_A"
[45] "chr8_22616363_G_A_b38_G" "chr8_22616582_C_A_b38_C"
[47] "chr8_22618176_G_A_b38_G" "chr8_22618760_G_A_b38_G"
[49] "chr8_22619501_C_G_b38_C" "chr8_22619729_G_C_b38_G"
[51] "chr8_22620505_T_C_b38_T" "chr8_22620848_C_T_b38_C"
[53] "chr8_22621079_A_G_b38_A" "chr8_22621955_A_G_b38_A"
[55] "chr8_22622490_C_T_b38_C" "chr8_22624963_A_G_b38_A"
[57] "chr8_22625870_A_G_b38_A" "chr8_22625879_T_C_b38_T"
[59] "chr8_22650119_C_T_b38_C" "chr8_22651965_C_T_b38_C"
[61] "chr8_22653006_C_T_b38_C" "chr8_22653824_G_T_b38_G"
[63] "chr8_22655250_T_A_b38_T" "chr8_22709320_G_C_b38_G"
[65] "chr8_22709325_T_C_b38_T" "chr8_22726841_A_G_b38_A"
[67] "chr8_22726949_A_G_b38_A"

=====================================
Tissue: Adipose Tissue 
=====================================
[1] TRUE
Running SuSiE.

=====================================
Tissue: Adrenal Gland 
=====================================
[1] TRUE
Running SuSiE.

=====================================
Tissue: Blood 
=====================================
[1] TRUE
Running SuSiE.

=====================================
Tissue: Blood Vessel 
=====================================
[1] TRUE
Running SuSiE.

=====================================
Tissue: Brain 
=====================================
[1] TRUE
Running SuSiE.

=====================================
Tissue: Breast 
=====================================
[1] TRUE
Running SuSiE.

=====================================
Tissue: Colon 
=====================================
[1] TRUE
Running SuSiE.

=====================================
Tissue: Esophagus 
=====================================
[1] TRUE
Running SuSiE.

=====================================
Tissue: Heart 
=====================================
[1] TRUE
Running SuSiE.

=====================================
Tissue: Kidney 
=====================================
[1] TRUE
Running SuSiE.

=====================================
Tissue: Liver 
=====================================
[1] TRUE
Running SuSiE.

=====================================
Tissue: Lung 
=====================================
[1] TRUE
Running SuSiE.

=====================================
Tissue: Muscle 
=====================================
[1] TRUE
Running SuSiE.

=====================================
Tissue: Nerve 
=====================================
[1] TRUE
Running SuSiE.

=====================================
Tissue: Ovary 
=====================================
[1] TRUE
Running SuSiE.

=====================================
Tissue: Pancreas 
=====================================
[1] TRUE
Running SuSiE.

=====================================
Tissue: Pituitary 
=====================================
[1] TRUE
Running SuSiE.

=====================================
Tissue: Prostate 
=====================================
[1] TRUE
Running SuSiE.

=====================================
Tissue: Salivary Gland 
=====================================
[1] TRUE
Running SuSiE.

=====================================
Tissue: Skin 
=====================================
[1] TRUE
Running SuSiE.

=====================================
Tissue: Small Intestine 
=====================================
[1] TRUE
Running SuSiE.

=====================================
Tissue: Spleen 
=====================================
[1] TRUE
Running SuSiE.

=====================================
Tissue: Stomach 
=====================================
[1] TRUE
Running SuSiE.

=====================================
Tissue: Testis 
=====================================
[1] TRUE
Running SuSiE.

=====================================
Tissue: Thyroid 
=====================================
[1] TRUE
Running SuSiE.

=====================================
Tissue: Uterus 
=====================================
[1] TRUE
Running SuSiE.

=====================================
Tissue: Vagina 
=====================================
[1] TRUE
Running SuSiE.
[2026-09-01 11:26:21] starting PIWIL3
Importing covariate data.
Importing gene expression data.
Found 27 tissues for gene PIWIL3 :
 [1] "Adipose Tissue"  "Adrenal Gland"   "Blood"           "Blood Vessel"   
 [5] "Brain"           "Breast"          "Colon"           "Esophagus"      
 [9] "Heart"           "Kidney"          "Liver"           "Lung"           
[13] "Muscle"          "Nerve"           "Ovary"           "Pancreas"       
[17] "Pituitary"       "Prostate"        "Salivary Gland"  "Skin"           
[21] "Small Intestine" "Spleen"          "Stomach"         "Testis"         
[25] "Thyroid"         "Uterus"          "Vagina"         
Extracting genotype data from PLINK file.
PLINK v2.0.0-a.7LM 64-bit Intel (11 Mar 2026)       cog-genomics.org/plink/2.0/
(C) 2005-2026 Shaun Purcell, Christopher Chang    GNU General Public License v3
Logging to /project2/mstephens/wdenault/susie_mix/temp_plink/plink_PIWIL3.log.
Options in effect:
  --bfile /project2/mstephens/gtex/GTEx_Analysis_2017-06-05_v8_WholeGenomeSeq_866Indiv
  --chr 22
  --export A
  --from-bp 24274720
  --maf 0
  --max-alleles 2
  --memory 8000
  --out /project2/mstephens/wdenault/susie_mix/temp_plink/plink_PIWIL3
  --rm-dup exclude-all
  --snps-only
  --threads 2
  --to-bp 25274720

Start time: Tue Sep  1 11:27:26 2026
63721 MiB RAM detected, ~23360 available; reserving 8000 MiB for main
workspace.
Using up to 2 compute threads.
866 samples (0 females, 0 males, 866 ambiguous; 866 founders) loaded from
/project2/mstephens/gtex/GTEx_Analysis_2017-06-05_v8_WholeGenomeSeq_866Indiv.fam.
67234533 variants in
/project2/mstephens/gtex/GTEx_Analysis_2017-06-05_v8_WholeGenomeSeq_866Indiv.bim;
66348568 excluded by --chr + --max-alleles + --snps-only, 885965 remaining.
Note: No phenotype data present.
Note: Skipping --rm-dup since no duplicate IDs are present.
21373 variants remaining after main filters.
--export A pass 1/1: loading... 0%12% writing... 0%1%2%3%4%5%6%7%8%9%10%11%12%13%14%15%16%17%18%19%20%21%22%23%24%25%26%27%28%29%30%31%32%33%34%35%36%37%38%39%40%41%42%43%44%45%46%47%48%49%50%51%52%53%54%55%56%57%58%59%60%61%62%63%64%65%66%67%68%69%70%71%72%73%74%75%76%77%78%79%80%81%82%83%84%85%86%87%88%89%90%91%92%93%94%95%96%97%98%99% done.
--export A: /project2/mstephens/wdenault/susie_mix/temp_plink/plink_PIWIL3.raw
written.
End time: Tue Sep  1 11:27:32 2026
126 SNP(s) removed because HWE P < 1e-08 :
  [1] "chr22_24277048_T_C_b38_T" "chr22_24277946_C_T_b38_C"
  [3] "chr22_24278291_T_G_b38_T" "chr22_24296651_T_C_b38_T"
  [5] "chr22_24296746_C_T_b38_C" "chr22_24296794_A_T_b38_A"
  [7] "chr22_24296884_C_T_b38_C" "chr22_24517646_T_G_b38_T"
  [9] "chr22_24606807_T_C_b38_T" "chr22_24606813_C_G_b38_C"
 [11] "chr22_24606848_G_A_b38_G" "chr22_24606883_C_T_b38_C"
 [13] "chr22_24606888_A_G_b38_A" "chr22_24606915_G_A_b38_G"
 [15] "chr22_24628418_A_C_b38_A" "chr22_24629185_C_T_b38_C"
 [17] "chr22_24629823_C_T_b38_C" "chr22_24629843_C_T_b38_C"
 [19] "chr22_24629978_C_A_b38_C" "chr22_24630026_T_A_b38_T"
 [21] "chr22_24630027_T_A_b38_T" "chr22_24631005_T_C_b38_T"
 [23] "chr22_24631006_G_A_b38_G" "chr22_24631130_C_T_b38_C"
 [25] "chr22_24631224_G_T_b38_G" "chr22_24631371_T_C_b38_T"
 [27] "chr22_24631436_A_G_b38_A" "chr22_24631677_G_A_b38_G"
 [29] "chr22_24632499_G_C_b38_G" "chr22_24632826_G_A_b38_G"
 [31] "chr22_24633191_C_T_b38_C" "chr22_24633328_G_A_b38_G"
 [33] "chr22_24633551_G_T_b38_G" "chr22_24633670_G_T_b38_G"
 [35] "chr22_24633854_G_A_b38_G" "chr22_24633967_G_C_b38_G"
 [37] "chr22_24633981_G_A_b38_G" "chr22_24634007_G_A_b38_G"
 [39] "chr22_24634778_C_T_b38_C" "chr22_24635071_C_T_b38_C"
 [41] "chr22_24635379_G_A_b38_G" "chr22_24635467_T_G_b38_T"
 [43] "chr22_24635554_C_T_b38_C" "chr22_24635835_C_T_b38_C"
 [45] "chr22_24635884_C_T_b38_C" "chr22_24636172_C_A_b38_C"
 [47] "chr22_24636719_A_G_b38_A" "chr22_24638472_G_T_b38_G"
 [49] "chr22_24642448_A_G_b38_A" "chr22_24644062_T_C_b38_T"
 [51] "chr22_24644146_T_C_b38_T" "chr22_24644268_C_A_b38_C"
 [53] "chr22_24645445_T_C_b38_T" "chr22_24645495_C_T_b38_C"
 [55] "chr22_24645842_A_G_b38_A" "chr22_24646643_C_T_b38_C"
 [57] "chr22_24646719_T_C_b38_T" "chr22_24646932_G_T_b38_G"
 [59] "chr22_24647031_A_G_b38_A" "chr22_24647652_C_T_b38_C"
 [61] "chr22_24647669_C_G_b38_C" "chr22_24647759_A_G_b38_A"
 [63] "chr22_24648870_T_C_b38_T" "chr22_24649259_G_A_b38_G"
 [65] "chr22_24649431_G_T_b38_G" "chr22_24649701_T_C_b38_T"
 [67] "chr22_24649770_C_T_b38_C" "chr22_24651133_G_A_b38_G"
 [69] "chr22_24651827_A_G_b38_A" "chr22_24651903_A_G_b38_A"
 [71] "chr22_24651917_A_G_b38_A" "chr22_24652082_A_G_b38_A"
 [73] "chr22_24652102_G_A_b38_G" "chr22_24652152_G_A_b38_G"
 [75] "chr22_24652202_T_C_b38_T" "chr22_24654461_G_A_b38_G"
 [77] "chr22_24656023_T_A_b38_T" "chr22_24657397_G_A_b38_G"
 [79] "chr22_24657923_A_G_b38_A" "chr22_24658813_A_G_b38_A"
 [81] "chr22_24658874_C_G_b38_C" "chr22_24660027_C_A_b38_C"
 [83] "chr22_24660033_T_C_b38_T" "chr22_24660040_C_T_b38_C"
 [85] "chr22_24660054_C_T_b38_C" "chr22_24660070_A_G_b38_A"
 [87] "chr22_24660118_A_T_b38_A" "chr22_24660131_G_A_b38_G"
 [89] "chr22_24660136_C_A_b38_C" "chr22_24660146_C_T_b38_C"
 [91] "chr22_24660161_G_C_b38_G" "chr22_24660239_T_C_b38_T"
 [93] "chr22_24660247_G_C_b38_G" "chr22_24660283_C_T_b38_C"
 [95] "chr22_24660296_C_T_b38_C" "chr22_24660327_C_G_b38_C"
 [97] "chr22_24660844_A_G_b38_A" "chr22_24660849_C_G_b38_C"
 [99] "chr22_24660853_A_G_b38_A" "chr22_24661244_G_A_b38_G"
[101] "chr22_24662447_T_C_b38_T" "chr22_24664248_A_T_b38_A"
[103] "chr22_24666727_T_G_b38_T" "chr22_24666841_T_G_b38_T"
[105] "chr22_24667122_A_G_b38_A" "chr22_24667972_G_C_b38_G"
[107] "chr22_24669721_A_G_b38_A" "chr22_24674216_T_C_b38_T"
[109] "chr22_24674337_C_T_b38_C" "chr22_24674338_A_G_b38_A"
[111] "chr22_24674429_T_C_b38_T" "chr22_24674865_C_A_b38_C"
[113] "chr22_24674902_G_T_b38_G" "chr22_24674998_T_C_b38_T"
[115] "chr22_24806593_A_C_b38_A" "chr22_24852798_A_G_b38_A"
[117] "chr22_25037342_T_C_b38_T" "chr22_25178440_A_G_b38_A"
[119] "chr22_25178540_C_G_b38_C" "chr22_25257577_C_G_b38_C"
[121] "chr22_25257810_G_A_b38_G" "chr22_25257926_G_T_b38_G"
[123] "chr22_25257981_A_G_b38_A" "chr22_25258025_G_A_b38_G"
[125] "chr22_25264413_C_T_b38_C" "chr22_25264596_A_G_b38_A"

=====================================
Tissue: Adipose Tissue 
=====================================
[1] TRUE
Running SuSiE.

=====================================
Tissue: Adrenal Gland 
=====================================
[1] TRUE
Running SuSiE.

=====================================
Tissue: Blood 
=====================================
[1] TRUE
Running SuSiE.

=====================================
Tissue: Blood Vessel 
=====================================
[1] TRUE
Running SuSiE.

=====================================
Tissue: Brain 
=====================================
[1] TRUE
Running SuSiE.

=====================================
Tissue: Breast 
=====================================
[1] TRUE
Running SuSiE.

=====================================
Tissue: Colon 
=====================================
[1] TRUE
Running SuSiE.

=====================================
Tissue: Esophagus 
=====================================
[1] TRUE
Running SuSiE.

=====================================
Tissue: Heart 
=====================================
[1] TRUE
Running SuSiE.

=====================================
Tissue: Kidney 
=====================================
[1] TRUE
Running SuSiE.

=====================================
Tissue: Liver 
=====================================
[1] TRUE
Running SuSiE.

=====================================
Tissue: Lung 
=====================================
[1] TRUE
Running SuSiE.

=====================================
Tissue: Muscle 
=====================================
[1] TRUE
Running SuSiE.

=====================================
Tissue: Nerve 
=====================================
[1] TRUE
Running SuSiE.

=====================================
Tissue: Ovary 
=====================================
[1] TRUE
Running SuSiE.

=====================================
Tissue: Pancreas 
=====================================
[1] TRUE
Running SuSiE.

=====================================
Tissue: Pituitary 
=====================================
[1] TRUE
Running SuSiE.

=====================================
Tissue: Prostate 
=====================================
[1] TRUE
Running SuSiE.

=====================================
Tissue: Salivary Gland 
=====================================
[1] TRUE
Running SuSiE.

=====================================
Tissue: Skin 
=====================================
[1] TRUE
Running SuSiE.

=====================================
Tissue: Small Intestine 
=====================================
[1] TRUE
Running SuSiE.

=====================================
Tissue: Spleen 
=====================================
[1] TRUE
Running SuSiE.

=====================================
Tissue: Stomach 
=====================================
[1] TRUE
Running SuSiE.

=====================================
Tissue: Testis 
=====================================
[1] TRUE
Running SuSiE.

=====================================
Tissue: Thyroid 
=====================================
[1] TRUE
Running SuSiE.

=====================================
Tissue: Uterus 
=====================================
[1] TRUE
Running SuSiE.

=====================================
Tissue: Vagina 
=====================================
[1] TRUE
Running SuSiE.
[2026-09-01 11:29:40] starting PIWIL4
Importing covariate data.
Importing gene expression data.
Found 27 tissues for gene PIWIL4 :
 [1] "Adipose Tissue"  "Adrenal Gland"   "Blood"           "Blood Vessel"   
 [5] "Brain"           "Breast"          "Colon"           "Esophagus"      
 [9] "Heart"           "Kidney"          "Liver"           "Lung"           
[13] "Muscle"          "Nerve"           "Ovary"           "Pancreas"       
[17] "Pituitary"       "Prostate"        "Salivary Gland"  "Skin"           
[21] "Small Intestine" "Spleen"          "Stomach"         "Testis"         
[25] "Thyroid"         "Uterus"          "Vagina"         
Extracting genotype data from PLINK file.
PLINK v2.0.0-a.7LM 64-bit Intel (11 Mar 2026)       cog-genomics.org/plink/2.0/
(C) 2005-2026 Shaun Purcell, Christopher Chang    GNU General Public License v3
Logging to /project2/mstephens/wdenault/susie_mix/temp_plink/plink_PIWIL4.log.
Options in effect:
  --bfile /project2/mstephens/gtex/GTEx_Analysis_2017-06-05_v8_WholeGenomeSeq_866Indiv
  --chr 11
  --export A
  --from-bp 94043840
  --maf 0
  --max-alleles 2
  --memory 8000
  --out /project2/mstephens/wdenault/susie_mix/temp_plink/plink_PIWIL4
  --rm-dup exclude-all
  --snps-only
  --threads 2
  --to-bp 95043840

Start time: Tue Sep  1 11:30:46 2026
63721 MiB RAM detected, ~23353 available; reserving 8000 MiB for main
workspace.
Using up to 2 compute threads.
866 samples (0 females, 0 males, 866 ambiguous; 866 founders) loaded from
/project2/mstephens/gtex/GTEx_Analysis_2017-06-05_v8_WholeGenomeSeq_866Indiv.fam.
67234533 variants in
/project2/mstephens/gtex/GTEx_Analysis_2017-06-05_v8_WholeGenomeSeq_866Indiv.bim;
64515227 excluded by --chr + --max-alleles + --snps-only, 2719306 remaining.
Note: No phenotype data present.
Note: Skipping --rm-dup since no duplicate IDs are present.
18759 variants remaining after main filters.
--export A pass 1/1: loading... 0%32% writing... 0%1%2%3%4%5%6%7%8%9%10%11%12%13%14%15%16%17%18%19%20%21%22%23%24%25%26%27%28%29%30%31%32%33%34%35%36%37%38%39%40%41%42%43%44%45%46%47%48%49%50%51%52%53%54%55%56%57%58%59%60%61%62%63%64%65%66%67%68%69%70%71%72%73%74%75%76%77%78%79%80%81%82%83%84%85%86%87%88%89%90%91%92%93%94%95%96%97%98%99% done.
--export A: /project2/mstephens/wdenault/susie_mix/temp_plink/plink_PIWIL4.raw
written.
End time: Tue Sep  1 11:30:52 2026
127 SNP(s) removed because HWE P < 1e-08 :
  [1] "chr11_94068725_A_C_b38_A" "chr11_94070551_C_G_b38_C"
  [3] "chr11_94070909_G_A_b38_G" "chr11_94138622_T_A_b38_T"
  [5] "chr11_94234068_C_T_b38_C" "chr11_94234354_T_G_b38_T"
  [7] "chr11_94234414_T_C_b38_T" "chr11_94234453_A_G_b38_A"
  [9] "chr11_94234529_T_C_b38_T" "chr11_94234546_A_T_b38_A"
 [11] "chr11_94235994_T_C_b38_T" "chr11_94338512_G_C_b38_G"
 [13] "chr11_94348344_C_A_b38_C" "chr11_94465982_G_A_b38_G"
 [15] "chr11_94586515_G_A_b38_G" "chr11_94589971_C_T_b38_C"
 [17] "chr11_94652855_A_G_b38_A" "chr11_94679717_C_T_b38_C"
 [19] "chr11_94679770_A_G_b38_A" "chr11_94680577_A_C_b38_A"
 [21] "chr11_94680925_C_A_b38_C" "chr11_94680972_C_A_b38_C"
 [23] "chr11_94681232_C_G_b38_C" "chr11_94681615_C_T_b38_C"
 [25] "chr11_94683694_G_A_b38_G" "chr11_94687142_C_T_b38_C"
 [27] "chr11_94687156_C_T_b38_C" "chr11_94687975_A_G_b38_A"
 [29] "chr11_94691952_G_A_b38_G" "chr11_94692118_G_A_b38_G"
 [31] "chr11_94693336_T_C_b38_T" "chr11_94694407_T_C_b38_T"
 [33] "chr11_94697568_T_A_b38_T" "chr11_94705295_C_T_b38_C"
 [35] "chr11_94707900_G_C_b38_G" "chr11_94709304_T_C_b38_T"
 [37] "chr11_94714359_C_T_b38_C" "chr11_94720627_T_C_b38_T"
 [39] "chr11_94720737_A_G_b38_A" "chr11_94721247_A_G_b38_A"
 [41] "chr11_94722753_G_A_b38_G" "chr11_94728131_C_T_b38_C"
 [43] "chr11_94732489_C_T_b38_C" "chr11_94733189_C_T_b38_C"
 [45] "chr11_94733841_T_C_b38_T" "chr11_94736600_G_C_b38_G"
 [47] "chr11_94736846_T_C_b38_T" "chr11_94740737_T_C_b38_T"
 [49] "chr11_94741685_C_G_b38_C" "chr11_94742162_A_G_b38_A"
 [51] "chr11_94742163_G_A_b38_G" "chr11_94745632_G_A_b38_G"
 [53] "chr11_94746195_T_C_b38_T" "chr11_94746930_C_T_b38_C"
 [55] "chr11_94749467_A_G_b38_A" "chr11_94750304_G_A_b38_G"
 [57] "chr11_94750734_A_G_b38_A" "chr11_94751195_G_A_b38_G"
 [59] "chr11_94751508_G_A_b38_G" "chr11_94753064_C_G_b38_C"
 [61] "chr11_94753874_T_C_b38_T" "chr11_94754328_G_A_b38_G"
 [63] "chr11_94754906_A_G_b38_A" "chr11_94755631_A_G_b38_A"
 [65] "chr11_94756173_C_A_b38_C" "chr11_94761258_G_A_b38_G"
 [67] "chr11_94761797_T_G_b38_T" "chr11_94765109_T_C_b38_T"
 [69] "chr11_94768683_G_A_b38_G" "chr11_94772779_A_C_b38_A"
 [71] "chr11_94788407_A_G_b38_A" "chr11_94792455_T_C_b38_T"
 [73] "chr11_94794890_A_C_b38_A" "chr11_94846656_G_A_b38_G"
 [75] "chr11_94847083_T_C_b38_T" "chr11_94847379_C_A_b38_C"
 [77] "chr11_94849156_C_T_b38_C" "chr11_94849256_G_A_b38_G"
 [79] "chr11_94849922_T_C_b38_T" "chr11_94850586_G_T_b38_G"
 [81] "chr11_94851542_T_G_b38_T" "chr11_94853403_A_G_b38_A"
 [83] "chr11_94854227_A_G_b38_A" "chr11_94854456_A_G_b38_A"
 [85] "chr11_94857298_A_G_b38_A" "chr11_94857328_A_T_b38_A"
 [87] "chr11_94858610_G_T_b38_G" "chr11_94858714_A_G_b38_A"
 [89] "chr11_94867409_C_A_b38_C" "chr11_94873523_A_G_b38_A"
 [91] "chr11_94879175_G_A_b38_G" "chr11_94881621_A_G_b38_A"
 [93] "chr11_94885411_T_C_b38_T" "chr11_94886036_T_G_b38_T"
 [95] "chr11_94888789_T_C_b38_T" "chr11_94889569_G_A_b38_G"
 [97] "chr11_94891206_G_A_b38_G" "chr11_94891517_A_G_b38_A"
 [99] "chr11_94892447_A_G_b38_A" "chr11_94893387_G_A_b38_G"
[101] "chr11_94895050_C_A_b38_C" "chr11_94896170_C_A_b38_C"
[103] "chr11_94896918_A_G_b38_A" "chr11_94899395_T_A_b38_T"
[105] "chr11_94900698_G_A_b38_G" "chr11_94907451_C_T_b38_C"
[107] "chr11_94917069_T_C_b38_T" "chr11_94924222_C_A_b38_C"
[109] "chr11_94927160_G_T_b38_G" "chr11_94930730_C_T_b38_C"
[111] "chr11_94935485_C_T_b38_C" "chr11_94935723_C_T_b38_C"
[113] "chr11_94935728_A_G_b38_A" "chr11_94935781_A_G_b38_A"
[115] "chr11_94936504_G_C_b38_G" "chr11_94937157_A_G_b38_A"
[117] "chr11_94938443_C_T_b38_C" "chr11_94939073_A_G_b38_A"
[119] "chr11_95020084_G_A_b38_G" "chr11_95020093_C_T_b38_C"
[121] "chr11_95020094_A_G_b38_A" "chr11_95020251_G_A_b38_G"
[123] "chr11_95020254_T_C_b38_T" "chr11_95020260_A_T_b38_A"
[125] "chr11_95020275_A_C_b38_A" "chr11_95023900_G_A_b38_G"
[127] "chr11_95023904_G_A_b38_G"

=====================================
Tissue: Adipose Tissue 
=====================================
[1] TRUE
Running SuSiE.

=====================================
Tissue: Adrenal Gland 
=====================================
[1] TRUE
Running SuSiE.

=====================================
Tissue: Blood 
=====================================
[1] TRUE
Running SuSiE.

=====================================
Tissue: Blood Vessel 
=====================================
[1] TRUE
Running SuSiE.

=====================================
Tissue: Brain 
=====================================
[1] TRUE
Running SuSiE.

=====================================
Tissue: Breast 
=====================================
[1] TRUE
Running SuSiE.

=====================================
Tissue: Colon 
=====================================
[1] TRUE
Running SuSiE.

=====================================
Tissue: Esophagus 
=====================================
[1] TRUE
Running SuSiE.

=====================================
Tissue: Heart 
=====================================
[1] TRUE
Running SuSiE.

=====================================
Tissue: Kidney 
=====================================
[1] TRUE
Running SuSiE.

=====================================
Tissue: Liver 
=====================================
[1] TRUE
Running SuSiE.

=====================================
Tissue: Lung 
=====================================
[1] TRUE
Running SuSiE.

=====================================
Tissue: Muscle 
=====================================
[1] TRUE
Running SuSiE.

=====================================
Tissue: Nerve 
=====================================
[1] TRUE
Running SuSiE.

=====================================
Tissue: Ovary 
=====================================
[1] TRUE
Running SuSiE.

=====================================
Tissue: Pancreas 
=====================================
[1] TRUE
Running SuSiE.

=====================================
Tissue: Pituitary 
=====================================
[1] TRUE
Running SuSiE.

=====================================
Tissue: Prostate 
=====================================
[1] TRUE
Running SuSiE.

=====================================
Tissue: Salivary Gland 
=====================================
[1] TRUE
Running SuSiE.

=====================================
Tissue: Skin 
=====================================
[1] TRUE
Running SuSiE.

=====================================
Tissue: Small Intestine 
=====================================
[1] TRUE
Running SuSiE.

=====================================
Tissue: Spleen 
=====================================
[1] TRUE
Running SuSiE.

=====================================
Tissue: Stomach 
=====================================
[1] TRUE
Running SuSiE.

=====================================
Tissue: Testis 
=====================================
[1] TRUE
Running SuSiE.

=====================================
Tissue: Thyroid 
=====================================
[1] TRUE
Running SuSiE.

=====================================
Tissue: Uterus 
=====================================
[1] TRUE
Running SuSiE.

=====================================
Tissue: Vagina 
=====================================
[1] TRUE
Running SuSiE.
[2026-09-01 11:32:37] starting PJA1
Importing covariate data.
Importing gene expression data.
Found 27 tissues for gene PJA1 :
 [1] "Adipose Tissue"  "Adrenal Gland"   "Blood"           "Blood Vessel"   
 [5] "Brain"           "Breast"          "Colon"           "Esophagus"      
 [9] "Heart"           "Kidney"          "Liver"           "Lung"           
[13] "Muscle"          "Nerve"           "Ovary"           "Pancreas"       
[17] "Pituitary"       "Prostate"        "Salivary Gland"  "Skin"           
[21] "Small Intestine" "Spleen"          "Stomach"         "Testis"         
[25] "Thyroid"         "Uterus"          "Vagina"         
Extracting genotype data from PLINK file.
PLINK v2.0.0-a.7LM 64-bit Intel (11 Mar 2026)       cog-genomics.org/plink/2.0/
(C) 2005-2026 Shaun Purcell, Christopher Chang    GNU General Public License v3
Logging to /project2/mstephens/wdenault/susie_mix/temp_plink/plink_PJA1.log.
Options in effect:
  --bfile /project2/mstephens/gtex/GTEx_Analysis_2017-06-05_v8_WholeGenomeSeq_866Indiv
  --chr X
  --export A
  --from-bp 68665521
  --maf 0
  --max-alleles 2
  --memory 8000
  --out /project2/mstephens/wdenault/susie_mix/temp_plink/plink_PJA1
  --rm-dup exclude-all
  --snps-only
  --threads 2
  --to-bp 69665521

Start time: Tue Sep  1 11:33:43 2026
63721 MiB RAM detected, ~23384 available; reserving 8000 MiB for main
workspace.
Using up to 2 compute threads.
866 samples (0 females, 0 males, 866 ambiguous; 866 founders) loaded from
/project2/mstephens/gtex/GTEx_Analysis_2017-06-05_v8_WholeGenomeSeq_866Indiv.fam.
End time: Tue Sep  1 11:33:49 2026
[2026-09-01 11:33:49] starting PJA2
Importing covariate data.
Importing gene expression data.
Found 27 tissues for gene PJA2 :
 [1] "Adipose Tissue"  "Adrenal Gland"   "Blood"           "Blood Vessel"   
 [5] "Brain"           "Breast"          "Colon"           "Esophagus"      
 [9] "Heart"           "Kidney"          "Liver"           "Lung"           
[13] "Muscle"          "Nerve"           "Ovary"           "Pancreas"       
[17] "Pituitary"       "Prostate"        "Salivary Gland"  "Skin"           
[21] "Small Intestine" "Spleen"          "Stomach"         "Testis"         
[25] "Thyroid"         "Uterus"          "Vagina"         
Extracting genotype data from PLINK file.
PLINK v2.0.0-a.7LM 64-bit Intel (11 Mar 2026)       cog-genomics.org/plink/2.0/
(C) 2005-2026 Shaun Purcell, Christopher Chang    GNU General Public License v3
Logging to /project2/mstephens/wdenault/susie_mix/temp_plink/plink_PJA2.log.
Options in effect:
  --bfile /project2/mstephens/gtex/GTEx_Analysis_2017-06-05_v8_WholeGenomeSeq_866Indiv
  --chr 5
  --export A
  --from-bp 108909974
  --maf 0
  --max-alleles 2
  --memory 8000
  --out /project2/mstephens/wdenault/susie_mix/temp_plink/plink_PJA2
  --rm-dup exclude-all
  --snps-only
  --threads 2
  --to-bp 109909974

Start time: Tue Sep  1 11:34:58 2026
63721 MiB RAM detected, ~26112 available; reserving 8000 MiB for main
workspace.
Using up to 2 compute threads.
866 samples (0 females, 0 males, 866 ambiguous; 866 founders) loaded from
/project2/mstephens/gtex/GTEx_Analysis_2017-06-05_v8_WholeGenomeSeq_866Indiv.fam.
67234533 variants in
/project2/mstephens/gtex/GTEx_Analysis_2017-06-05_v8_WholeGenomeSeq_866Indiv.bim;
63805389 excluded by --chr + --max-alleles + --snps-only, 3429144 remaining.
Note: No phenotype data present.
Note: Skipping --rm-dup since no duplicate IDs are present.
19977 variants remaining after main filters.
--export A pass 1/1: loading... 0%writing... 0%1%2%3%4%5%6%7%8%9%10%11%12%13%14%15%16%17%18%19%20%21%22%23%24%25%26%27%28%29%30%31%32%33%34%35%36%37%38%39%40%41%42%43%44%45%46%47%48%49%50%51%52%53%54%55%56%57%58%59%60%61%62%63%64%65%66%67%68%69%70%71%72%73%74%75%76%77%78%79%80%81%82%83%84%85%86%87%88%89%90%91%92%93%94%95%96%97%98%99% done.
--export A: /project2/mstephens/wdenault/susie_mix/temp_plink/plink_PJA2.raw
written.
End time: Tue Sep  1 11:35:05 2026
10 SNP(s) removed because HWE P < 1e-08 :
 [1] "chr5_109298623_T_G_b38_T" "chr5_109306871_T_C_b38_T"
 [3] "chr5_109461328_G_A_b38_G" "chr5_109476783_A_G_b38_A"
 [5] "chr5_109480494_C_A_b38_C" "chr5_109480920_A_G_b38_A"
 [7] "chr5_109485034_T_C_b38_T" "chr5_109487026_T_C_b38_T"
 [9] "chr5_109489045_T_C_b38_T" "chr5_109492687_A_T_b38_A"

=====================================
Tissue: Adipose Tissue 
=====================================
[1] TRUE
Running SuSiE.

=====================================
Tissue: Adrenal Gland 
=====================================
[1] TRUE
Running SuSiE.

=====================================
Tissue: Blood 
=====================================
[1] TRUE
Running SuSiE.

=====================================
Tissue: Blood Vessel 
=====================================
[1] TRUE
Running SuSiE.

=====================================
Tissue: Brain 
=====================================
[1] TRUE
Running SuSiE.

=====================================
Tissue: Breast 
=====================================
[1] TRUE
Running SuSiE.

=====================================
Tissue: Colon 
=====================================
[1] TRUE
Running SuSiE.

=====================================
Tissue: Esophagus 
=====================================
[1] TRUE
Running SuSiE.

=====================================
Tissue: Heart 
=====================================
[1] TRUE
Running SuSiE.

=====================================
Tissue: Kidney 
=====================================
[1] TRUE
Running SuSiE.

=====================================
Tissue: Liver 
=====================================
[1] TRUE
Running SuSiE.

=====================================
Tissue: Lung 
=====================================
[1] TRUE
Running SuSiE.

=====================================
Tissue: Muscle 
=====================================
[1] TRUE
Running SuSiE.

=====================================
Tissue: Nerve 
=====================================
[1] TRUE
Running SuSiE.

=====================================
Tissue: Ovary 
=====================================
[1] TRUE
Running SuSiE.

=====================================
Tissue: Pancreas 
=====================================
[1] TRUE
Running SuSiE.

=====================================
Tissue: Pituitary 
=====================================
[1] TRUE
Running SuSiE.

=====================================
Tissue: Prostate 
=====================================
[1] TRUE
Running SuSiE.

=====================================
Tissue: Salivary Gland 
=====================================
[1] TRUE
Running SuSiE.

=====================================
Tissue: Skin 
=====================================
[1] TRUE
Running SuSiE.

=====================================
Tissue: Small Intestine 
=====================================
[1] TRUE
Running SuSiE.

=====================================
Tissue: Spleen 
=====================================
[1] TRUE
Running SuSiE.

=====================================
Tissue: Stomach 
=====================================
[1] TRUE
Running SuSiE.

=====================================
Tissue: Testis 
=====================================
[1] TRUE
Running SuSiE.

=====================================
Tissue: Thyroid 
=====================================
[1] TRUE
Running SuSiE.

=====================================
Tissue: Uterus 
=====================================
[1] TRUE
Running SuSiE.

=====================================
Tissue: Vagina 
=====================================
[1] TRUE
Running SuSiE.
[2026-09-01 11:37:27] starting PKD1
Importing covariate data.
Importing gene expression data.
Found 27 tissues for gene PKD1 :
 [1] "Adipose Tissue"  "Adrenal Gland"   "Blood"           "Blood Vessel"   
 [5] "Brain"           "Breast"          "Colon"           "Esophagus"      
 [9] "Heart"           "Kidney"          "Liver"           "Lung"           
[13] "Muscle"          "Nerve"           "Ovary"           "Pancreas"       
[17] "Pituitary"       "Prostate"        "Salivary Gland"  "Skin"           
[21] "Small Intestine" "Spleen"          "Stomach"         "Testis"         
[25] "Thyroid"         "Uterus"          "Vagina"         
Extracting genotype data from PLINK file.
PLINK v2.0.0-a.7LM 64-bit Intel (11 Mar 2026)       cog-genomics.org/plink/2.0/
(C) 2005-2026 Shaun Purcell, Christopher Chang    GNU General Public License v3
Logging to /project2/mstephens/wdenault/susie_mix/temp_plink/plink_PKD1.log.
Options in effect:
  --bfile /project2/mstephens/gtex/GTEx_Analysis_2017-06-05_v8_WholeGenomeSeq_866Indiv
  --chr 16
  --export A
  --from-bp 1635898
  --maf 0
  --max-alleles 2
  --memory 8000
  --out /project2/mstephens/wdenault/susie_mix/temp_plink/plink_PKD1
  --rm-dup exclude-all
  --snps-only
  --threads 2
  --to-bp 2635898

Start time: Tue Sep  1 11:38:35 2026
63721 MiB RAM detected, ~26167 available; reserving 8000 MiB for main
workspace.
Using up to 2 compute threads.
866 samples (0 females, 0 males, 866 ambiguous; 866 founders) loaded from
/project2/mstephens/gtex/GTEx_Analysis_2017-06-05_v8_WholeGenomeSeq_866Indiv.fam.
67234533 variants in
/project2/mstephens/gtex/GTEx_Analysis_2017-06-05_v8_WholeGenomeSeq_866Indiv.bim;
65423567 excluded by --chr + --max-alleles + --snps-only, 1810966 remaining.
Note: No phenotype data present.
Note: Skipping --rm-dup since no duplicate IDs are present.
22730 variants remaining after main filters.
--export A pass 1/1: loading... 0%68% writing... 0%1%2%3%4%5%6%7%8%9%10%11%12%13%14%15%16%17%18%19%20%21%22%23%24%25%26%27%28%29%30%31%32%33%34%35%36%37%38%39%40%41%42%43%44%45%46%47%48%49%50%51%52%53%54%55%56%57%58%59%60%61%62%63%64%65%66%67%68%69%70%71%72%73%74%75%76%77%78%79%80%81%82%83%84%85%86%87%88%89%90%91%92%93%94%95%96%97%98%99% done.
--export A: /project2/mstephens/wdenault/susie_mix/temp_plink/plink_PKD1.raw
written.
End time: Tue Sep  1 11:38:41 2026
36 SNP(s) removed because HWE P < 1e-08 :
 [1] "chr16_1658109_G_C_b38_G" "chr16_1703331_T_C_b38_T"
 [3] "chr16_1903648_A_G_b38_A" "chr16_2075154_T_C_b38_T"
 [5] "chr16_2075162_C_G_b38_C" "chr16_2075787_C_T_b38_C"
 [7] "chr16_2081288_C_T_b38_C" "chr16_2200067_C_T_b38_C"
 [9] "chr16_2200232_G_T_b38_G" "chr16_2242093_T_C_b38_T"
[11] "chr16_2322416_G_A_b38_G" "chr16_2323785_C_A_b38_C"
[13] "chr16_2325960_C_T_b38_C" "chr16_2326980_A_G_b38_A"
[15] "chr16_2330848_A_G_b38_A" "chr16_2331222_C_T_b38_C"
[17] "chr16_2331256_G_C_b38_G" "chr16_2332381_G_A_b38_G"
[19] "chr16_2333175_T_C_b38_T" "chr16_2333267_T_G_b38_T"
[21] "chr16_2341555_T_G_b38_T" "chr16_2342924_T_C_b38_T"
[23] "chr16_2344348_T_C_b38_T" "chr16_2348058_T_C_b38_T"
[25] "chr16_2363176_G_T_b38_G" "chr16_2371828_G_A_b38_G"
[27] "chr16_2372603_T_C_b38_T" "chr16_2373177_C_T_b38_C"
[29] "chr16_2373444_C_A_b38_C" "chr16_2373902_G_C_b38_G"
[31] "chr16_2373960_C_A_b38_C" "chr16_2542624_A_G_b38_A"
[33] "chr16_2558000_G_A_b38_G" "chr16_2599667_G_T_b38_G"
[35] "chr16_2599987_A_G_b38_A" "chr16_2600145_G_C_b38_G"

=====================================
Tissue: Adipose Tissue 
=====================================
[1] TRUE
Running SuSiE.

=====================================
Tissue: Adrenal Gland 
=====================================
[1] TRUE
Running SuSiE.

=====================================
Tissue: Blood 
=====================================
[1] TRUE
Running SuSiE.

=====================================
Tissue: Blood Vessel 
=====================================
[1] TRUE
Running SuSiE.

=====================================
Tissue: Brain 
=====================================
[1] TRUE
Running SuSiE.

=====================================
Tissue: Breast 
=====================================
[1] TRUE
Running SuSiE.

=====================================
Tissue: Colon 
=====================================
[1] TRUE
Running SuSiE.

=====================================
Tissue: Esophagus 
=====================================
[1] TRUE
Running SuSiE.

=====================================
Tissue: Heart 
=====================================
[1] TRUE
Running SuSiE.

=====================================
Tissue: Kidney 
=====================================
[1] TRUE
Running SuSiE.

=====================================
Tissue: Liver 
=====================================
[1] TRUE
Running SuSiE.

=====================================
Tissue: Lung 
=====================================
[1] TRUE
Running SuSiE.

=====================================
Tissue: Muscle 
=====================================
[1] TRUE
Running SuSiE.

=====================================
Tissue: Nerve 
=====================================
[1] TRUE
Running SuSiE.

=====================================
Tissue: Ovary 
=====================================
[1] TRUE
Running SuSiE.

=====================================
Tissue: Pancreas 
=====================================
[1] TRUE
Running SuSiE.

=====================================
Tissue: Pituitary 
=====================================
[1] TRUE
Running SuSiE.

=====================================
Tissue: Prostate 
=====================================
[1] TRUE
Running SuSiE.

=====================================
Tissue: Salivary Gland 
=====================================
[1] TRUE
Running SuSiE.

=====================================
Tissue: Skin 
=====================================
[1] TRUE
Running SuSiE.

=====================================
Tissue: Small Intestine 
=====================================
[1] TRUE
Running SuSiE.

=====================================
Tissue: Spleen 
=====================================
[1] TRUE
Running SuSiE.

=====================================
Tissue: Stomach 
=====================================
[1] TRUE
Running SuSiE.

=====================================
Tissue: Testis 
=====================================
[1] TRUE
Running SuSiE.

=====================================
Tissue: Thyroid 
=====================================
[1] TRUE
Running SuSiE.

=====================================
Tissue: Uterus 
=====================================
[1] TRUE
Running SuSiE.

=====================================
Tissue: Vagina 
=====================================
[1] TRUE
Running SuSiE.
[2026-09-01 11:40:37] starting PKD1L1
Importing covariate data.
Importing gene expression data.
Found 27 tissues for gene PKD1L1 :
 [1] "Adipose Tissue"  "Adrenal Gland"   "Blood"           "Blood Vessel"   
 [5] "Brain"           "Breast"          "Colon"           "Esophagus"      
 [9] "Heart"           "Kidney"          "Liver"           "Lung"           
[13] "Muscle"          "Nerve"           "Ovary"           "Pancreas"       
[17] "Pituitary"       "Prostate"        "Salivary Gland"  "Skin"           
[21] "Small Intestine" "Spleen"          "Stomach"         "Testis"         
[25] "Thyroid"         "Uterus"          "Vagina"         
Extracting genotype data from PLINK file.
PLINK v2.0.0-a.7LM 64-bit Intel (11 Mar 2026)       cog-genomics.org/plink/2.0/
(C) 2005-2026 Shaun Purcell, Christopher Chang    GNU General Public License v3
Logging to /project2/mstephens/wdenault/susie_mix/temp_plink/plink_PKD1L1.log.
Options in effect:
  --bfile /project2/mstephens/gtex/GTEx_Analysis_2017-06-05_v8_WholeGenomeSeq_866Indiv
  --chr 7
  --export A
  --from-bp 47448466
  --maf 0
  --max-alleles 2
  --memory 8000
  --out /project2/mstephens/wdenault/susie_mix/temp_plink/plink_PKD1L1
  --rm-dup exclude-all
  --snps-only
  --threads 2
  --to-bp 48448466

Start time: Tue Sep  1 11:41:43 2026
63721 MiB RAM detected, ~27110 available; reserving 8000 MiB for main
workspace.
Using up to 2 compute threads.
866 samples (0 females, 0 males, 866 ambiguous; 866 founders) loaded from
/project2/mstephens/gtex/GTEx_Analysis_2017-06-05_v8_WholeGenomeSeq_866Indiv.fam.
67234533 variants in
/project2/mstephens/gtex/GTEx_Analysis_2017-06-05_v8_WholeGenomeSeq_866Indiv.bim;
64060212 excluded by --chr + --max-alleles + --snps-only, 3174321 remaining.
Note: No phenotype data present.
Note: Skipping --rm-dup since no duplicate IDs are present.
19166 variants remaining after main filters.
--export A pass 1/1: loading... 0%writing... 0%1%2%3%4%5%6%7%8%9%10%11%12%13%14%15%16%17%18%19%20%21%22%23%24%25%26%27%28%29%30%31%32%33%34%35%36%37%38%39%40%41%42%43%44%45%46%47%48%49%50%51%52%53%54%55%56%57%58%59%60%61%62%63%64%65%66%67%68%69%70%71%72%73%74%75%76%77%78%79%80%81%82%83%84%85%86%87%88%89%90%91%92%93%94%95%96%97%98%99% done.
--export A: /project2/mstephens/wdenault/susie_mix/temp_plink/plink_PKD1L1.raw
written.
End time: Tue Sep  1 11:41:49 2026
21 SNP(s) removed because HWE P < 1e-08 :
 [1] "chr7_47541428_C_G_b38_C" "chr7_47541487_T_C_b38_T"
 [3] "chr7_47543507_A_G_b38_A" "chr7_47574946_C_T_b38_C"
 [5] "chr7_47575554_G_A_b38_G" "chr7_47577442_C_T_b38_C"
 [7] "chr7_47577730_G_A_b38_G" "chr7_47578219_T_A_b38_T"
 [9] "chr7_47578732_C_T_b38_C" "chr7_47581211_A_T_b38_A"
[11] "chr7_47601965_T_G_b38_T" "chr7_47602322_A_C_b38_A"
[13] "chr7_47608313_C_G_b38_C" "chr7_47622377_G_A_b38_G"
[15] "chr7_47712253_A_C_b38_A" "chr7_47882719_T_C_b38_T"
[17] "chr7_47900734_T_A_b38_T" "chr7_47916616_T_A_b38_T"
[19] "chr7_47920278_C_A_b38_C" "chr7_47922840_G_C_b38_G"
[21] "chr7_47923544_T_A_b38_T"

=====================================
Tissue: Adipose Tissue 
=====================================
[1] TRUE
Running SuSiE.

=====================================
Tissue: Adrenal Gland 
=====================================
[1] TRUE
Running SuSiE.

=====================================
Tissue: Blood 
=====================================
[1] TRUE
Running SuSiE.

=====================================
Tissue: Blood Vessel 
=====================================
[1] TRUE
Running SuSiE.

=====================================
Tissue: Brain 
=====================================
[1] TRUE
Running SuSiE.

=====================================
Tissue: Breast 
=====================================
[1] TRUE
Running SuSiE.

=====================================
Tissue: Colon 
=====================================
[1] TRUE
Running SuSiE.

=====================================
Tissue: Esophagus 
=====================================
[1] TRUE
Running SuSiE.

=====================================
Tissue: Heart 
=====================================
[1] TRUE
Running SuSiE.

=====================================
Tissue: Kidney 
=====================================
[1] TRUE
Running SuSiE.

=====================================
Tissue: Liver 
=====================================
[1] TRUE
Running SuSiE.

=====================================
Tissue: Lung 
=====================================
[1] TRUE
Running SuSiE.

=====================================
Tissue: Muscle 
=====================================
[1] TRUE
Running SuSiE.

=====================================
Tissue: Nerve 
=====================================
[1] TRUE
Running SuSiE.

=====================================
Tissue: Ovary 
=====================================
[1] TRUE
Running SuSiE.

=====================================
Tissue: Pancreas 
=====================================
[1] TRUE
Running SuSiE.

=====================================
Tissue: Pituitary 
=====================================
[1] TRUE
Running SuSiE.

=====================================
Tissue: Prostate 
=====================================
[1] TRUE
Running SuSiE.

=====================================
Tissue: Salivary Gland 
=====================================
[1] TRUE
Running SuSiE.

=====================================
Tissue: Skin 
=====================================
[1] TRUE
Running SuSiE.

=====================================
Tissue: Small Intestine 
=====================================
[1] TRUE
Running SuSiE.

=====================================
Tissue: Spleen 
=====================================
[1] TRUE
Running SuSiE.

=====================================
Tissue: Stomach 
=====================================
[1] TRUE
Running SuSiE.

=====================================
Tissue: Testis 
=====================================
[1] TRUE
Running SuSiE.

=====================================
Tissue: Thyroid 
=====================================
[1] TRUE
Running SuSiE.

=====================================
Tissue: Uterus 
=====================================
[1] TRUE
Running SuSiE.

=====================================
Tissue: Vagina 
=====================================
[1] TRUE
Running SuSiE.
[2026-09-01 11:44:29] starting PKD1L3
Importing covariate data.
Importing gene expression data.
Found 27 tissues for gene PKD1L3 :
 [1] "Adipose Tissue"  "Adrenal Gland"   "Blood"           "Blood Vessel"   
 [5] "Brain"           "Breast"          "Colon"           "Esophagus"      
 [9] "Heart"           "Kidney"          "Liver"           "Lung"           
[13] "Muscle"          "Nerve"           "Ovary"           "Pancreas"       
[17] "Pituitary"       "Prostate"        "Salivary Gland"  "Skin"           
[21] "Small Intestine" "Spleen"          "Stomach"         "Testis"         
[25] "Thyroid"         "Uterus"          "Vagina"         
Extracting genotype data from PLINK file.
PLINK v2.0.0-a.7LM 64-bit Intel (11 Mar 2026)       cog-genomics.org/plink/2.0/
(C) 2005-2026 Shaun Purcell, Christopher Chang    GNU General Public License v3
Logging to /project2/mstephens/wdenault/susie_mix/temp_plink/plink_PKD1L3.log.
Options in effect:
  --bfile /project2/mstephens/gtex/GTEx_Analysis_2017-06-05_v8_WholeGenomeSeq_866Indiv
  --chr 16
  --export A
  --from-bp 71499978
  --maf 0
  --max-alleles 2
  --memory 8000
  --out /project2/mstephens/wdenault/susie_mix/temp_plink/plink_PKD1L3
  --rm-dup exclude-all
  --snps-only
  --threads 2
  --to-bp 72499978

Start time: Tue Sep  1 11:45:36 2026
63721 MiB RAM detected, ~27076 available; reserving 8000 MiB for main
workspace.
Using up to 2 compute threads.
866 samples (0 females, 0 males, 866 ambiguous; 866 founders) loaded from
/project2/mstephens/gtex/GTEx_Analysis_2017-06-05_v8_WholeGenomeSeq_866Indiv.fam.
67234533 variants in
/project2/mstephens/gtex/GTEx_Analysis_2017-06-05_v8_WholeGenomeSeq_866Indiv.bim;
65423567 excluded by --chr + --max-alleles + --snps-only, 1810966 remaining.
Note: No phenotype data present.
Note: Skipping --rm-dup since no duplicate IDs are present.
17413 variants remaining after main filters.
--export A pass 1/1: loading... 0%writing... 0%1%2%3%4%5%6%7%8%9%10%11%12%13%14%15%16%17%18%19%20%21%22%23%24%25%26%27%28%29%30%31%32%33%34%35%36%37%38%39%40%41%42%43%44%45%46%47%48%49%50%51%52%53%54%55%56%57%58%59%60%61%62%63%64%65%66%67%68%69%70%71%72%73%74%75%76%77%78%79%80%81%82%83%84%85%86%87%88%89%90%91%92%93%94%95%96%97%98%99% done.
--export A: /project2/mstephens/wdenault/susie_mix/temp_plink/plink_PKD1L3.raw
written.
End time: Tue Sep  1 11:45:42 2026
6 SNP(s) removed because HWE P < 1e-08 :
[1] "chr16_71601936_C_A_b38_C" "chr16_72054753_C_T_b38_C"
[3] "chr16_72282181_C_T_b38_C" "chr16_72399991_T_C_b38_T"
[5] "chr16_72402829_T_C_b38_T" "chr16_72452280_C_T_b38_C"

=====================================
Tissue: Adipose Tissue 
=====================================
[1] TRUE
Running SuSiE.

=====================================
Tissue: Adrenal Gland 
=====================================
[1] TRUE
Running SuSiE.

=====================================
Tissue: Blood 
=====================================
[1] TRUE
Running SuSiE.

=====================================
Tissue: Blood Vessel 
=====================================
[1] TRUE
Running SuSiE.

=====================================
Tissue: Brain 
=====================================
[1] TRUE
Running SuSiE.

=====================================
Tissue: Breast 
=====================================
[1] TRUE
Running SuSiE.

=====================================
Tissue: Colon 
=====================================
[1] TRUE
Running SuSiE.

=====================================
Tissue: Esophagus 
=====================================
[1] TRUE
Running SuSiE.

=====================================
Tissue: Heart 
=====================================
[1] TRUE
Running SuSiE.

=====================================
Tissue: Kidney 
=====================================
[1] TRUE
Running SuSiE.

=====================================
Tissue: Liver 
=====================================
[1] TRUE
Running SuSiE.

=====================================
Tissue: Lung 
=====================================
[1] TRUE
Running SuSiE.

=====================================
Tissue: Muscle 
=====================================
[1] TRUE
Running SuSiE.

=====================================
Tissue: Nerve 
=====================================
[1] TRUE
Running SuSiE.

=====================================
Tissue: Ovary 
=====================================
[1] TRUE
Running SuSiE.

=====================================
Tissue: Pancreas 
=====================================
[1] TRUE
Running SuSiE.

=====================================
Tissue: Pituitary 
=====================================
[1] TRUE
Running SuSiE.

=====================================
Tissue: Prostate 
=====================================
[1] TRUE
Running SuSiE.

=====================================
Tissue: Salivary Gland 
=====================================
[1] TRUE
Running SuSiE.

=====================================
Tissue: Skin 
=====================================
[1] TRUE
Running SuSiE.

=====================================
Tissue: Small Intestine 
=====================================
[1] TRUE
Running SuSiE.

=====================================
Tissue: Spleen 
=====================================
[1] TRUE
Running SuSiE.

=====================================
Tissue: Stomach 
=====================================
[1] TRUE
Running SuSiE.

=====================================
Tissue: Testis 
=====================================
[1] TRUE
Running SuSiE.

=====================================
Tissue: Thyroid 
=====================================
[1] TRUE
Running SuSiE.

=====================================
Tissue: Uterus 
=====================================
[1] TRUE
Running SuSiE.

=====================================
Tissue: Vagina 
=====================================
[1] TRUE
Running SuSiE.
[2026-09-01 11:47:17] starting PKD2
Importing covariate data.
Importing gene expression data.
Found 27 tissues for gene PKD2 :
 [1] "Adipose Tissue"  "Adrenal Gland"   "Blood"           "Blood Vessel"   
 [5] "Brain"           "Breast"          "Colon"           "Esophagus"      
 [9] "Heart"           "Kidney"          "Liver"           "Lung"           
[13] "Muscle"          "Nerve"           "Ovary"           "Pancreas"       
[17] "Pituitary"       "Prostate"        "Salivary Gland"  "Skin"           
[21] "Small Intestine" "Spleen"          "Stomach"         "Testis"         
[25] "Thyroid"         "Uterus"          "Vagina"         
41 SNP(s) removed because HWE P < 1e-08 :
 [1] "chr4_87580378_C_T_b38_C" "chr4_87711631_T_C_b38_T"
 [3] "chr4_87711731_C_G_b38_C" "chr4_87711734_T_G_b38_T"
 [5] "chr4_87774361_C_T_b38_C" "chr4_87774585_G_T_b38_G"
 [7] "chr4_87774599_A_T_b38_A" "chr4_87978489_A_G_b38_A"
 [9] "chr4_87985487_A_C_b38_A" "chr4_88047191_A_G_b38_A"
[11] "chr4_88054532_G_T_b38_G" "chr4_88058738_G_T_b38_G"
[13] "chr4_88063893_T_A_b38_T" "chr4_88079996_T_A_b38_T"
[15] "chr4_88083805_G_A_b38_G" "chr4_88084856_C_T_b38_C"
[17] "chr4_88084857_T_C_b38_T" "chr4_88085097_C_G_b38_C"
[19] "chr4_88089343_A_T_b38_A" "chr4_88094705_C_T_b38_C"
[21] "chr4_88095023_G_A_b38_G" "chr4_88100533_C_T_b38_C"
[23] "chr4_88101210_C_T_b38_C" "chr4_88103556_T_C_b38_T"
[25] "chr4_88103874_A_C_b38_A" "chr4_88104957_C_T_b38_C"
[27] "chr4_88106390_A_G_b38_A" "chr4_88108100_A_C_b38_A"
[29] "chr4_88108735_C_G_b38_C" "chr4_88121808_T_C_b38_T"
[31] "chr4_88122862_T_C_b38_T" "chr4_88124035_C_T_b38_C"
[33] "chr4_88125948_G_A_b38_G" "chr4_88128091_C_T_b38_C"
[35] "chr4_88133180_T_C_b38_T" "chr4_88133334_C_T_b38_C"
[37] "chr4_88134956_T_C_b38_T" "chr4_88135035_G_A_b38_G"
[39] "chr4_88142211_G_A_b38_G" "chr4_88211904_C_A_b38_C"
[41] "chr4_88398144_T_C_b38_T"

=====================================
Tissue: Adipose Tissue 
=====================================
[1] TRUE
Running SuSiE.

=====================================
Tissue: Adrenal Gland 
=====================================
[1] TRUE
Running SuSiE.

=====================================
Tissue: Blood 
=====================================
[1] TRUE
Running SuSiE.

=====================================
Tissue: Blood Vessel 
=====================================
[1] TRUE
Running SuSiE.

=====================================
Tissue: Brain 
=====================================
[1] TRUE
Running SuSiE.

=====================================
Tissue: Breast 
=====================================
[1] TRUE
Running SuSiE.

=====================================
Tissue: Colon 
=====================================
[1] TRUE
Running SuSiE.

=====================================
Tissue: Esophagus 
=====================================
[1] TRUE
Running SuSiE.

=====================================
Tissue: Heart 
=====================================
[1] TRUE
Running SuSiE.

=====================================
Tissue: Kidney 
=====================================
[1] TRUE
Running SuSiE.

=====================================
Tissue: Liver 
=====================================
[1] TRUE
Running SuSiE.

=====================================
Tissue: Lung 
=====================================
[1] TRUE
Running SuSiE.

=====================================
Tissue: Muscle 
=====================================
[1] TRUE
Running SuSiE.

=====================================
Tissue: Nerve 
=====================================
[1] TRUE
Running SuSiE.

=====================================
Tissue: Ovary 
=====================================
[1] TRUE
Running SuSiE.

=====================================
Tissue: Pancreas 
=====================================
[1] TRUE
Running SuSiE.

=====================================
Tissue: Pituitary 
=====================================
[1] TRUE
Running SuSiE.

=====================================
Tissue: Prostate 
=====================================
[1] TRUE
Running SuSiE.

=====================================
Tissue: Salivary Gland 
=====================================
[1] TRUE
Running SuSiE.

=====================================
Tissue: Skin 
=====================================
[1] TRUE
Running SuSiE.

=====================================
Tissue: Small Intestine 
=====================================
[1] TRUE
Running SuSiE.

=====================================
Tissue: Spleen 
=====================================
[1] TRUE
Running SuSiE.

=====================================
Tissue: Stomach 
=====================================
[1] TRUE
Running SuSiE.

=====================================
Tissue: Testis 
=====================================
[1] TRUE
Running SuSiE.

=====================================
Tissue: Thyroid 
=====================================
[1] TRUE
Running SuSiE.

=====================================
Tissue: Uterus 
=====================================
[1] TRUE
Running SuSiE.

=====================================
Tissue: Vagina 
=====================================
[1] TRUE
Running SuSiE.
[2026-09-01 11:50:28] starting PKD2L1
Importing covariate data.
Importing gene expression data.
Found 27 tissues for gene PKD2L1 :
 [1] "Adipose Tissue"  "Adrenal Gland"   "Blood"           "Blood Vessel"   
 [5] "Brain"           "Breast"          "Colon"           "Esophagus"      
 [9] "Heart"           "Kidney"          "Liver"           "Lung"           
[13] "Muscle"          "Nerve"           "Ovary"           "Pancreas"       
[17] "Pituitary"       "Prostate"        "Salivary Gland"  "Skin"           
[21] "Small Intestine" "Spleen"          "Stomach"         "Testis"         
[25] "Thyroid"         "Uterus"          "Vagina"         
87 SNP(s) removed because HWE P < 1e-08 :
 [1] "chr10_99961376_C_A_b38_C"  "chr10_99961557_C_T_b38_C" 
 [3] "chr10_99961650_T_C_b38_T"  "chr10_99961694_C_T_b38_C" 
 [5] "chr10_100015414_G_A_b38_G" "chr10_100016736_T_C_b38_T"
 [7] "chr10_100018747_A_T_b38_A" "chr10_100018750_C_A_b38_C"
 [9] "chr10_100145446_T_C_b38_T" "chr10_100145764_G_T_b38_G"
[11] "chr10_100150741_C_T_b38_C" "chr10_100151385_A_G_b38_A"
[13] "chr10_100155608_A_G_b38_A" "chr10_100157609_G_A_b38_G"
[15] "chr10_100158360_A_G_b38_A" "chr10_100162599_A_G_b38_A"
[17] "chr10_100167290_A_G_b38_A" "chr10_100171278_T_G_b38_T"
[19] "chr10_100175179_A_G_b38_A" "chr10_100178873_G_C_b38_G"
[21] "chr10_100182496_T_C_b38_T" "chr10_100182799_A_G_b38_A"
[23] "chr10_100184568_G_A_b38_G" "chr10_100187980_C_T_b38_C"
[25] "chr10_100190351_G_A_b38_G" "chr10_100195245_A_T_b38_A"
[27] "chr10_100195855_G_A_b38_G" "chr10_100197458_C_A_b38_C"
[29] "chr10_100197612_C_G_b38_C" "chr10_100205801_A_G_b38_A"
[31] "chr10_100213503_A_C_b38_A" "chr10_100215512_G_A_b38_G"
[33] "chr10_100224788_C_T_b38_C" "chr10_100225330_C_T_b38_C"
[35] "chr10_100227298_T_G_b38_T" "chr10_100237733_G_A_b38_G"
[37] "chr10_100238295_A_G_b38_A" "chr10_100242014_C_T_b38_C"
[39] "chr10_100244398_T_C_b38_T" "chr10_100246645_C_T_b38_C"
[41] "chr10_100247616_T_C_b38_T" "chr10_100248726_A_G_b38_A"
[43] "chr10_100255162_C_T_b38_C" "chr10_100256287_C_T_b38_C"
[45] "chr10_100258332_C_T_b38_C" "chr10_100260586_A_G_b38_A"
[47] "chr10_100260869_C_T_b38_C" "chr10_100263981_C_T_b38_C"
[49] "chr10_100264595_C_T_b38_C" "chr10_100272364_A_G_b38_A"
[51] "chr10_100273108_G_A_b38_G" "chr10_100276658_C_T_b38_C"
[53] "chr10_100276846_T_A_b38_T" "chr10_100277067_C_G_b38_C"
[55] "chr10_100278556_C_T_b38_C" "chr10_100283720_T_A_b38_T"
[57] "chr10_100288943_T_C_b38_T" "chr10_100289304_A_C_b38_A"
[59] "chr10_100290590_T_C_b38_T" "chr10_100290757_A_G_b38_A"
[61] "chr10_100291534_T_A_b38_T" "chr10_100294235_C_A_b38_C"
[63] "chr10_100383864_G_A_b38_G" "chr10_100383937_C_G_b38_C"
[65] "chr10_100383958_A_G_b38_A" "chr10_100383962_A_G_b38_A"
[67] "chr10_100383969_T_C_b38_T" "chr10_100383970_C_T_b38_C"
[69] "chr10_100748378_G_C_b38_G" "chr10_100749566_T_C_b38_T"
[71] "chr10_100750214_C_T_b38_C" "chr10_100750537_G_A_b38_G"
[73] "chr10_100752132_G_A_b38_G" "chr10_100753238_T_G_b38_T"
[75] "chr10_100754178_A_C_b38_A" "chr10_100754324_C_T_b38_C"
[77] "chr10_100754517_T_G_b38_T" "chr10_100754569_A_G_b38_A"
[79] "chr10_100754752_G_A_b38_G" "chr10_100754987_A_G_b38_A"
[81] "chr10_100764772_A_G_b38_A" "chr10_100765666_A_G_b38_A"
[83] "chr10_100768449_A_C_b38_A" "chr10_100768450_G_A_b38_G"
[85] "chr10_100770154_G_A_b38_G" "chr10_100780074_C_G_b38_C"
[87] "chr10_100780657_C_G_b38_C"

=====================================
Tissue: Adipose Tissue 
=====================================
[1] TRUE
Running SuSiE.

=====================================
Tissue: Adrenal Gland 
=====================================
[1] TRUE
Running SuSiE.

=====================================
Tissue: Blood 
=====================================
[1] TRUE
Running SuSiE.

=====================================
Tissue: Blood Vessel 
=====================================
[1] TRUE
Running SuSiE.

=====================================
Tissue: Brain 
=====================================
[1] TRUE
Running SuSiE.

=====================================
Tissue: Breast 
=====================================
[1] TRUE
Running SuSiE.

=====================================
Tissue: Colon 
=====================================
[1] TRUE
Running SuSiE.

=====================================
Tissue: Esophagus 
=====================================
[1] TRUE
Running SuSiE.

=====================================
Tissue: Heart 
=====================================
[1] TRUE
Running SuSiE.

=====================================
Tissue: Kidney 
=====================================
[1] TRUE
Running SuSiE.

=====================================
Tissue: Liver 
=====================================
[1] TRUE
Running SuSiE.

=====================================
Tissue: Lung 
=====================================
[1] TRUE
Running SuSiE.

=====================================
Tissue: Muscle 
=====================================
[1] TRUE
Running SuSiE.

=====================================
Tissue: Nerve 
=====================================
[1] TRUE
Running SuSiE.

=====================================
Tissue: Ovary 
=====================================
[1] TRUE
Running SuSiE.

=====================================
Tissue: Pancreas 
=====================================
[1] TRUE
Running SuSiE.

=====================================
Tissue: Pituitary 
=====================================
[1] TRUE
Running SuSiE.

=====================================
Tissue: Prostate 
=====================================
[1] TRUE
Running SuSiE.

=====================================
Tissue: Salivary Gland 
=====================================
[1] TRUE
Running SuSiE.

=====================================
Tissue: Skin 
=====================================
[1] TRUE
Running SuSiE.

=====================================
Tissue: Small Intestine 
=====================================
[1] TRUE
Running SuSiE.

=====================================
Tissue: Spleen 
=====================================
[1] TRUE
Running SuSiE.

=====================================
Tissue: Stomach 
=====================================
[1] TRUE
Running SuSiE.

=====================================
Tissue: Testis 
=====================================
[1] TRUE
Running SuSiE.

=====================================
Tissue: Thyroid 
=====================================
[1] TRUE
Running SuSiE.

=====================================
Tissue: Uterus 
=====================================
[1] TRUE
Running SuSiE.

=====================================
Tissue: Vagina 
=====================================
[1] TRUE
Running SuSiE.
[2026-09-01 11:53:11] starting PKD2L2
Importing covariate data.
Importing gene expression data.
Found 27 tissues for gene PKD2L2 :
 [1] "Adipose Tissue"  "Adrenal Gland"   "Blood"           "Blood Vessel"   
 [5] "Brain"           "Breast"          "Colon"           "Esophagus"      
 [9] "Heart"           "Kidney"          "Liver"           "Lung"           
[13] "Muscle"          "Nerve"           "Ovary"           "Pancreas"       
[17] "Pituitary"       "Prostate"        "Salivary Gland"  "Skin"           
[21] "Small Intestine" "Spleen"          "Stomach"         "Testis"         
[25] "Thyroid"         "Uterus"          "Vagina"         
Extracting genotype data from PLINK file.
PLINK v2.0.0-a.7LM 64-bit Intel (11 Mar 2026)       cog-genomics.org/plink/2.0/
(C) 2005-2026 Shaun Purcell, Christopher Chang    GNU General Public License v3
Logging to /project2/mstephens/wdenault/susie_mix/temp_plink/plink_PKD2L2.log.
Options in effect:
  --bfile /project2/mstephens/gtex/GTEx_Analysis_2017-06-05_v8_WholeGenomeSeq_866Indiv
  --chr 5
  --export A
  --from-bp 137387968
  --maf 0
  --max-alleles 2
  --memory 8000
  --out /project2/mstephens/wdenault/susie_mix/temp_plink/plink_PKD2L2
  --rm-dup exclude-all
  --snps-only
  --threads 2
  --to-bp 138387968

Start time: Tue Sep  1 11:54:16 2026
63721 MiB RAM detected, ~27102 available; reserving 8000 MiB for main
workspace.
Using up to 2 compute threads.
866 samples (0 females, 0 males, 866 ambiguous; 866 founders) loaded from
/project2/mstephens/gtex/GTEx_Analysis_2017-06-05_v8_WholeGenomeSeq_866Indiv.fam.
67234533 variants in
/project2/mstephens/gtex/GTEx_Analysis_2017-06-05_v8_WholeGenomeSeq_866Indiv.bim;
63805389 excluded by --chr + --max-alleles + --snps-only, 3429144 remaining.
Note: No phenotype data present.
Note: Skipping --rm-dup since no duplicate IDs are present.
16179 variants remaining after main filters.
--export A pass 1/1: loading... 0%writing... 0%1%2%3%4%5%6%7%8%9%10%11%12%13%14%15%16%17%18%19%20%21%22%23%24%25%26%27%28%29%30%31%32%33%34%35%36%37%38%39%40%41%42%43%44%45%46%47%48%49%50%51%52%53%54%55%56%57%58%59%60%61%62%63%64%65%66%67%68%69%70%71%72%73%74%75%76%77%78%79%80%81%82%83%84%85%86%87%88%89%90%91%92%93%94%95%96%97%98%99% done.
--export A: /project2/mstephens/wdenault/susie_mix/temp_plink/plink_PKD2L2.raw
written.
End time: Tue Sep  1 11:54:22 2026
6 SNP(s) removed because HWE P < 1e-08 :
[1] "chr5_137390108_G_T_b38_G" "chr5_137527092_A_G_b38_A"
[3] "chr5_137915484_A_G_b38_A" "chr5_137915492_A_G_b38_A"
[5] "chr5_138024818_G_C_b38_G" "chr5_138052196_A_C_b38_A"

=====================================
Tissue: Adipose Tissue 
=====================================
[1] TRUE
Running SuSiE.

=====================================
Tissue: Adrenal Gland 
=====================================
[1] TRUE
Running SuSiE.

=====================================
Tissue: Blood 
=====================================
[1] TRUE
Running SuSiE.

=====================================
Tissue: Blood Vessel 
=====================================
[1] TRUE
Running SuSiE.

=====================================
Tissue: Brain 
=====================================
[1] TRUE
Running SuSiE.

=====================================
Tissue: Breast 
=====================================
[1] TRUE
Running SuSiE.

=====================================
Tissue: Colon 
=====================================
[1] TRUE
Running SuSiE.

=====================================
Tissue: Esophagus 
=====================================
[1] TRUE
Running SuSiE.

=====================================
Tissue: Heart 
=====================================
[1] TRUE
Running SuSiE.

=====================================
Tissue: Kidney 
=====================================
[1] TRUE
Running SuSiE.

=====================================
Tissue: Liver 
=====================================
[1] TRUE
Running SuSiE.

=====================================
Tissue: Lung 
=====================================
[1] TRUE
Running SuSiE.

=====================================
Tissue: Muscle 
=====================================
[1] TRUE
Running SuSiE.

=====================================
Tissue: Nerve 
=====================================
[1] TRUE
Running SuSiE.

=====================================
Tissue: Ovary 
=====================================
[1] TRUE
Running SuSiE.

=====================================
Tissue: Pancreas 
=====================================
[1] TRUE
Running SuSiE.

=====================================
Tissue: Pituitary 
=====================================
[1] TRUE
Running SuSiE.

=====================================
Tissue: Prostate 
=====================================
[1] TRUE
Running SuSiE.

=====================================
Tissue: Salivary Gland 
=====================================
[1] TRUE
Running SuSiE.

=====================================
Tissue: Skin 
=====================================
[1] TRUE
Running SuSiE.

=====================================
Tissue: Small Intestine 
=====================================
[1] TRUE
Running SuSiE.

=====================================
Tissue: Spleen 
=====================================
[1] TRUE
Running SuSiE.

=====================================
Tissue: Stomach 
=====================================
[1] TRUE
Running SuSiE.

=====================================
Tissue: Testis 
=====================================
[1] TRUE
Running SuSiE.

=====================================
Tissue: Thyroid 
=====================================
[1] TRUE
Running SuSiE.

=====================================
Tissue: Uterus 
=====================================
[1] TRUE
Running SuSiE.

=====================================
Tissue: Vagina 
=====================================
[1] TRUE
Running SuSiE.
[2026-09-01 11:55:32] starting PKDCC
Importing covariate data.
Importing gene expression data.
Found 27 tissues for gene PKDCC :
 [1] "Adipose Tissue"  "Adrenal Gland"   "Blood"           "Blood Vessel"   
 [5] "Brain"           "Breast"          "Colon"           "Esophagus"      
 [9] "Heart"           "Kidney"          "Liver"           "Lung"           
[13] "Muscle"          "Nerve"           "Ovary"           "Pancreas"       
[17] "Pituitary"       "Prostate"        "Salivary Gland"  "Skin"           
[21] "Small Intestine" "Spleen"          "Stomach"         "Testis"         
[25] "Thyroid"         "Uterus"          "Vagina"         
Extracting genotype data from PLINK file.
PLINK v2.0.0-a.7LM 64-bit Intel (11 Mar 2026)       cog-genomics.org/plink/2.0/
(C) 2005-2026 Shaun Purcell, Christopher Chang    GNU General Public License v3
Logging to /project2/mstephens/wdenault/susie_mix/temp_plink/plink_PKDCC.log.
Options in effect:
  --bfile /project2/mstephens/gtex/GTEx_Analysis_2017-06-05_v8_WholeGenomeSeq_866Indiv
  --chr 2
  --export A
  --from-bp 41548021
  --maf 0
  --max-alleles 2
  --memory 8000
  --out /project2/mstephens/wdenault/susie_mix/temp_plink/plink_PKDCC
  --rm-dup exclude-all
  --snps-only
  --threads 2
  --to-bp 42548021

Start time: Tue Sep  1 11:56:39 2026
63721 MiB RAM detected, ~34608 available; reserving 8000 MiB for main
workspace.
Using up to 2 compute threads.
866 samples (0 females, 0 males, 866 ambiguous; 866 founders) loaded from
/project2/mstephens/gtex/GTEx_Analysis_2017-06-05_v8_WholeGenomeSeq_866Indiv.fam.
67234533 variants in
/project2/mstephens/gtex/GTEx_Analysis_2017-06-05_v8_WholeGenomeSeq_866Indiv.bim;
62634692 excluded by --chr + --max-alleles + --snps-only, 4599841 remaining.
Note: No phenotype data present.
Note: Skipping --rm-dup since no duplicate IDs are present.
22364 variants remaining after main filters.
--export A pass 1/1: loading... 0%7%writing... 0%1%2%3%4%5%6%7%8%9%10%11%12%13%14%15%16%17%18%19%20%21%22%23%24%25%26%27%28%29%30%31%32%33%34%35%36%37%38%39%40%41%42%43%44%45%46%47%48%49%50%51%52%53%54%55%56%57%58%59%60%61%62%63%64%65%66%67%68%69%70%71%72%73%74%75%76%77%78%79%80%81%82%83%84%85%86%87%88%89%90%91%92%93%94%95%96%97%98%99% done.
--export A: /project2/mstephens/wdenault/susie_mix/temp_plink/plink_PKDCC.raw
written.
End time: Tue Sep  1 11:56:45 2026
9 SNP(s) removed because HWE P < 1e-08 :
[1] "chr2_41824670_G_C_b38_G" "chr2_41824880_C_G_b38_C"
[3] "chr2_41825383_T_G_b38_T" "chr2_41951165_C_T_b38_C"
[5] "chr2_41953517_C_T_b38_C" "chr2_41953652_C_T_b38_C"
[7] "chr2_41953772_A_G_b38_A" "chr2_41953836_C_T_b38_C"
[9] "chr2_41954086_C_A_b38_C"

=====================================
Tissue: Adipose Tissue 
=====================================
[1] TRUE
Running SuSiE.

=====================================
Tissue: Adrenal Gland 
=====================================
[1] TRUE
Running SuSiE.

=====================================
Tissue: Blood 
=====================================
[1] TRUE
Running SuSiE.

=====================================
Tissue: Blood Vessel 
=====================================
[1] TRUE
Running SuSiE.

=====================================
Tissue: Brain 
=====================================
[1] TRUE
Running SuSiE.

=====================================
Tissue: Breast 
=====================================
[1] TRUE
Running SuSiE.

=====================================
Tissue: Colon 
=====================================
[1] TRUE
Running SuSiE.

=====================================
Tissue: Esophagus 
=====================================
[1] TRUE
Running SuSiE.

=====================================
Tissue: Heart 
=====================================
[1] TRUE
Running SuSiE.

=====================================
Tissue: Kidney 
=====================================
[1] TRUE
Running SuSiE.

=====================================
Tissue: Liver 
=====================================
[1] TRUE
Running SuSiE.

=====================================
Tissue: Lung 
=====================================
[1] TRUE
Running SuSiE.

=====================================
Tissue: Muscle 
=====================================
[1] TRUE
Running SuSiE.

=====================================
Tissue: Nerve 
=====================================
[1] TRUE
Running SuSiE.

=====================================
Tissue: Ovary 
=====================================
[1] TRUE
Running SuSiE.

=====================================
Tissue: Pancreas 
=====================================
[1] TRUE
Running SuSiE.

=====================================
Tissue: Pituitary 
=====================================
[1] TRUE
Running SuSiE.

=====================================
Tissue: Prostate 
=====================================
[1] TRUE
Running SuSiE.

=====================================
Tissue: Salivary Gland 
=====================================
[1] TRUE
Running SuSiE.

=====================================
Tissue: Skin 
=====================================
[1] TRUE
Running SuSiE.

=====================================
Tissue: Small Intestine 
=====================================
[1] TRUE
Running SuSiE.

=====================================
Tissue: Spleen 
=====================================
[1] TRUE
Running SuSiE.

=====================================
Tissue: Stomach 
=====================================
[1] TRUE
Running SuSiE.

=====================================
Tissue: Testis 
=====================================
[1] TRUE
Running SuSiE.

=====================================
Tissue: Thyroid 
=====================================
[1] TRUE
Running SuSiE.

=====================================
Tissue: Uterus 
=====================================
[1] TRUE
Running SuSiE.

=====================================
Tissue: Vagina 
=====================================
[1] TRUE
Running SuSiE.
[2026-09-01 11:59:30] starting PKDREJ
Importing covariate data.
Importing gene expression data.
Found 27 tissues for gene PKDREJ :
 [1] "Adipose Tissue"  "Adrenal Gland"   "Blood"           "Blood Vessel"   
 [5] "Brain"           "Breast"          "Colon"           "Esophagus"      
 [9] "Heart"           "Kidney"          "Liver"           "Lung"           
[13] "Muscle"          "Nerve"           "Ovary"           "Pancreas"       
[17] "Pituitary"       "Prostate"        "Salivary Gland"  "Skin"           
[21] "Small Intestine" "Spleen"          "Stomach"         "Testis"         
[25] "Thyroid"         "Uterus"          "Vagina"         
Extracting genotype data from PLINK file.
PLINK v2.0.0-a.7LM 64-bit Intel (11 Mar 2026)       cog-genomics.org/plink/2.0/
(C) 2005-2026 Shaun Purcell, Christopher Chang    GNU General Public License v3
Logging to /project2/mstephens/wdenault/susie_mix/temp_plink/plink_PKDREJ.log.
Options in effect:
  --bfile /project2/mstephens/gtex/GTEx_Analysis_2017-06-05_v8_WholeGenomeSeq_866Indiv
  --chr 22
  --export A
  --from-bp 45763343
  --maf 0
  --max-alleles 2
  --memory 8000
  --out /project2/mstephens/wdenault/susie_mix/temp_plink/plink_PKDREJ
  --rm-dup exclude-all
  --snps-only
  --threads 2
  --to-bp 46763343

Start time: Tue Sep  1 12:00:36 2026
63721 MiB RAM detected, ~23366 available; reserving 8000 MiB for main
workspace.
Using up to 2 compute threads.
866 samples (0 females, 0 males, 866 ambiguous; 866 founders) loaded from
/project2/mstephens/gtex/GTEx_Analysis_2017-06-05_v8_WholeGenomeSeq_866Indiv.fam.
67234533 variants in
/project2/mstephens/gtex/GTEx_Analysis_2017-06-05_v8_WholeGenomeSeq_866Indiv.bim;
66348568 excluded by --chr + --max-alleles + --snps-only, 885965 remaining.
Note: No phenotype data present.
Note: Skipping --rm-dup since no duplicate IDs are present.
23866 variants remaining after main filters.
--export A pass 1/1: loading... 0%writing... 0%1%2%3%4%5%6%7%8%9%10%11%12%13%14%15%16%17%18%19%20%21%22%23%24%25%26%27%28%29%30%31%32%33%34%35%36%37%38%39%40%41%42%43%44%45%46%47%48%49%50%51%52%53%54%55%56%57%58%59%60%61%62%63%64%65%66%67%68%69%70%71%72%73%74%75%76%77%78%79%80%81%82%83%84%85%86%87%88%89%90%91%92%93%94%95%96%97%98%99% done.
--export A: /project2/mstephens/wdenault/susie_mix/temp_plink/plink_PKDREJ.raw
written.
End time: Tue Sep  1 12:00:43 2026
106 SNP(s) removed because HWE P < 1e-08 :
  [1] "chr22_45831385_T_A_b38_T" "chr22_45864000_A_G_b38_A"
  [3] "chr22_45868196_A_G_b38_A" "chr22_45868776_A_G_b38_A"
  [5] "chr22_45869365_G_A_b38_G" "chr22_45891892_C_T_b38_C"
  [7] "chr22_45892047_C_T_b38_C" "chr22_45898633_C_A_b38_C"
  [9] "chr22_45898634_A_T_b38_A" "chr22_45949694_T_C_b38_T"
 [11] "chr22_45952691_G_A_b38_G" "chr22_45996522_A_G_b38_A"
 [13] "chr22_46105013_C_T_b38_C" "chr22_46105129_A_G_b38_A"
 [15] "chr22_46174445_A_G_b38_A" "chr22_46177048_C_A_b38_C"
 [17] "chr22_46203050_C_T_b38_C" "chr22_46221017_C_T_b38_C"
 [19] "chr22_46226487_T_G_b38_T" "chr22_46230535_C_T_b38_C"
 [21] "chr22_46230609_G_A_b38_G" "chr22_46248067_T_C_b38_T"
 [23] "chr22_46248271_A_G_b38_A" "chr22_46248743_A_G_b38_A"
 [25] "chr22_46251091_A_G_b38_A" "chr22_46251491_G_T_b38_G"
 [27] "chr22_46256166_C_T_b38_C" "chr22_46256220_G_A_b38_G"
 [29] "chr22_46256256_C_T_b38_C" "chr22_46263246_A_G_b38_A"
 [31] "chr22_46263683_C_T_b38_C" "chr22_46264028_A_G_b38_A"
 [33] "chr22_46264414_C_T_b38_C" "chr22_46264424_A_G_b38_A"
 [35] "chr22_46264519_T_C_b38_T" "chr22_46264771_C_T_b38_C"
 [37] "chr22_46265656_T_C_b38_T" "chr22_46265962_C_T_b38_C"
 [39] "chr22_46266195_C_T_b38_C" "chr22_46266254_C_G_b38_C"
 [41] "chr22_46266342_T_C_b38_T" "chr22_46266630_C_T_b38_C"
 [43] "chr22_46267197_G_A_b38_G" "chr22_46267425_T_G_b38_T"
 [45] "chr22_46268958_A_G_b38_A" "chr22_46269773_C_T_b38_C"
 [47] "chr22_46270264_T_C_b38_T" "chr22_46271140_T_C_b38_T"
 [49] "chr22_46271756_C_T_b38_C" "chr22_46272182_G_T_b38_G"
 [51] "chr22_46272455_A_G_b38_A" "chr22_46272795_C_T_b38_C"
 [53] "chr22_46272829_C_T_b38_C" "chr22_46277503_A_G_b38_A"
 [55] "chr22_46277659_G_A_b38_G" "chr22_46277874_G_A_b38_G"
 [57] "chr22_46278315_A_G_b38_A" "chr22_46326359_A_G_b38_A"
 [59] "chr22_46331531_C_G_b38_C" "chr22_46339213_A_G_b38_A"
 [61] "chr22_46346077_C_G_b38_C" "chr22_46346260_G_C_b38_G"
 [63] "chr22_46346589_T_G_b38_T" "chr22_46347895_C_T_b38_C"
 [65] "chr22_46352413_T_C_b38_T" "chr22_46354337_T_C_b38_T"
 [67] "chr22_46354923_A_G_b38_A" "chr22_46357358_T_C_b38_T"
 [69] "chr22_46357546_T_C_b38_T" "chr22_46357564_T_G_b38_T"
 [71] "chr22_46358468_A_G_b38_A" "chr22_46359401_C_G_b38_C"
 [73] "chr22_46360936_C_T_b38_C" "chr22_46365600_C_G_b38_C"
 [75] "chr22_46367924_A_G_b38_A" "chr22_46368211_A_G_b38_A"
 [77] "chr22_46368276_C_A_b38_C" "chr22_46368787_G_C_b38_G"
 [79] "chr22_46369926_G_C_b38_G" "chr22_46370098_G_A_b38_G"
 [81] "chr22_46370527_A_C_b38_A" "chr22_46370537_A_G_b38_A"
 [83] "chr22_46371480_A_T_b38_A" "chr22_46374277_G_A_b38_G"
 [85] "chr22_46374823_A_G_b38_A" "chr22_46376024_T_C_b38_T"
 [87] "chr22_46378420_T_C_b38_T" "chr22_46379094_T_C_b38_T"
 [89] "chr22_46381516_T_C_b38_T" "chr22_46385867_C_T_b38_C"
 [91] "chr22_46399244_C_A_b38_C" "chr22_46401434_A_G_b38_A"
 [93] "chr22_46402387_C_T_b38_C" "chr22_46405197_G_A_b38_G"
 [95] "chr22_46411801_A_G_b38_A" "chr22_46412419_A_G_b38_A"
 [97] "chr22_46413924_A_G_b38_A" "chr22_46415353_A_T_b38_A"
 [99] "chr22_46439140_C_T_b38_C" "chr22_46464191_G_C_b38_G"
[101] "chr22_46473177_C_T_b38_C" "chr22_46580985_G_A_b38_G"
[103] "chr22_46606571_C_A_b38_C" "chr22_46694218_C_T_b38_C"
[105] "chr22_46709940_G_A_b38_G" "chr22_46751898_A_G_b38_A"

=====================================
Tissue: Adipose Tissue 
=====================================
[1] TRUE
Running SuSiE.

=====================================
Tissue: Adrenal Gland 
=====================================
[1] TRUE
Running SuSiE.

=====================================
Tissue: Blood 
=====================================
[1] TRUE
Running SuSiE.

=====================================
Tissue: Blood Vessel 
=====================================
[1] TRUE
Running SuSiE.

=====================================
Tissue: Brain 
=====================================
[1] TRUE
Running SuSiE.

=====================================
Tissue: Breast 
=====================================
[1] TRUE
Running SuSiE.

=====================================
Tissue: Colon 
=====================================
[1] TRUE
Running SuSiE.

=====================================
Tissue: Esophagus 
=====================================
[1] TRUE
Running SuSiE.

=====================================
Tissue: Heart 
=====================================
[1] TRUE
Running SuSiE.

=====================================
Tissue: Kidney 
=====================================
[1] TRUE
Running SuSiE.

=====================================
Tissue: Liver 
=====================================
[1] TRUE
Running SuSiE.

=====================================
Tissue: Lung 
=====================================
[1] TRUE
Running SuSiE.

=====================================
Tissue: Muscle 
=====================================
[1] TRUE
Running SuSiE.

=====================================
Tissue: Nerve 
=====================================
[1] TRUE
Running SuSiE.

=====================================
Tissue: Ovary 
=====================================
[1] TRUE
Running SuSiE.

=====================================
Tissue: Pancreas 
=====================================
[1] TRUE
Running SuSiE.

=====================================
Tissue: Pituitary 
=====================================
[1] TRUE
Running SuSiE.

=====================================
Tissue: Prostate 
=====================================
[1] TRUE
Running SuSiE.

=====================================
Tissue: Salivary Gland 
=====================================
[1] TRUE
Running SuSiE.

=====================================
Tissue: Skin 
=====================================
[1] TRUE
Running SuSiE.

=====================================
Tissue: Small Intestine 
=====================================
[1] TRUE
Running SuSiE.

=====================================
Tissue: Spleen 
=====================================
[1] TRUE
Running SuSiE.

=====================================
Tissue: Stomach 
=====================================
[1] TRUE
Running SuSiE.

=====================================
Tissue: Testis 
=====================================
[1] TRUE
Running SuSiE.

=====================================
Tissue: Thyroid 
=====================================
[1] TRUE
Running SuSiE.

=====================================
Tissue: Uterus 
=====================================
[1] TRUE
Running SuSiE.

=====================================
Tissue: Vagina 
=====================================
[1] TRUE
Running SuSiE.
[2026-09-01 12:03:10] starting PKHD1
Importing covariate data.
Importing gene expression data.
Found 27 tissues for gene PKHD1 :
 [1] "Adipose Tissue"  "Adrenal Gland"   "Blood"           "Blood Vessel"   
 [5] "Brain"           "Breast"          "Colon"           "Esophagus"      
 [9] "Heart"           "Kidney"          "Liver"           "Lung"           
[13] "Muscle"          "Nerve"           "Ovary"           "Pancreas"       
[17] "Pituitary"       "Prostate"        "Salivary Gland"  "Skin"           
[21] "Small Intestine" "Spleen"          "Stomach"         "Testis"         
[25] "Thyroid"         "Uterus"          "Vagina"         
Extracting genotype data from PLINK file.
PLINK v2.0.0-a.7LM 64-bit Intel (11 Mar 2026)       cog-genomics.org/plink/2.0/
(C) 2005-2026 Shaun Purcell, Christopher Chang    GNU General Public License v3
Logging to /project2/mstephens/wdenault/susie_mix/temp_plink/plink_PKHD1.log.
Options in effect:
  --bfile /project2/mstephens/gtex/GTEx_Analysis_2017-06-05_v8_WholeGenomeSeq_866Indiv
  --chr 6
  --export A
  --from-bp 51587613
  --maf 0
  --max-alleles 2
  --memory 8000
  --out /project2/mstephens/wdenault/susie_mix/temp_plink/plink_PKHD1
  --rm-dup exclude-all
  --snps-only
  --threads 2
  --to-bp 52587613

Start time: Tue Sep  1 12:04:17 2026
63721 MiB RAM detected, ~23325 available; reserving 8000 MiB for main
workspace.
Using up to 2 compute threads.
866 samples (0 females, 0 males, 866 ambiguous; 866 founders) loaded from
/project2/mstephens/gtex/GTEx_Analysis_2017-06-05_v8_WholeGenomeSeq_866Indiv.fam.
67234533 variants in
/project2/mstephens/gtex/GTEx_Analysis_2017-06-05_v8_WholeGenomeSeq_866Indiv.bim;
64003927 excluded by --chr + --max-alleles + --snps-only, 3230606 remaining.
Note: No phenotype data present.
Note: Skipping --rm-dup since no duplicate IDs are present.
17390 variants remaining after main filters.
--export A pass 1/1: loading... 0%writing... 0%1%2%3%4%5%6%7%8%9%10%11%12%13%14%15%16%17%18%19%20%21%22%23%24%25%26%27%28%29%30%31%32%33%34%35%36%37%38%39%40%41%42%43%44%45%46%47%48%49%50%51%52%53%54%55%56%57%58%59%60%61%62%63%64%65%66%67%68%69%70%71%72%73%74%75%76%77%78%79%80%81%82%83%84%85%86%87%88%89%90%91%92%93%94%95%96%97%98%99% done.
--export A: /project2/mstephens/wdenault/susie_mix/temp_plink/plink_PKHD1.raw
written.
End time: Tue Sep  1 12:04:23 2026
7 SNP(s) removed because HWE P < 1e-08 :
[1] "chr6_51981418_G_T_b38_G" "chr6_52040474_A_G_b38_A"
[3] "chr6_52152113_T_G_b38_T" "chr6_52206023_G_T_b38_G"
[5] "chr6_52206140_C_G_b38_C" "chr6_52206194_C_T_b38_C"
[7] "chr6_52238362_G_C_b38_G"

=====================================
Tissue: Adipose Tissue 
=====================================
[1] TRUE
Running SuSiE.

=====================================
Tissue: Adrenal Gland 
=====================================
[1] TRUE
Running SuSiE.

=====================================
Tissue: Blood 
=====================================
[1] TRUE
Running SuSiE.

=====================================
Tissue: Blood Vessel 
=====================================
[1] TRUE
Running SuSiE.

=====================================
Tissue: Brain 
=====================================
[1] TRUE
Running SuSiE.

=====================================
Tissue: Breast 
=====================================
[1] TRUE
Running SuSiE.

=====================================
Tissue: Colon 
=====================================
[1] TRUE
Running SuSiE.

=====================================
Tissue: Esophagus 
=====================================
[1] TRUE
Running SuSiE.

=====================================
Tissue: Heart 
=====================================
[1] TRUE
Running SuSiE.

=====================================
Tissue: Kidney 
=====================================
[1] TRUE
Running SuSiE.

=====================================
Tissue: Liver 
=====================================
[1] TRUE
Running SuSiE.

=====================================
Tissue: Lung 
=====================================
[1] TRUE
Running SuSiE.

=====================================
Tissue: Muscle 
=====================================
[1] TRUE
Running SuSiE.

=====================================
Tissue: Nerve 
=====================================
[1] TRUE
Running SuSiE.

=====================================
Tissue: Ovary 
=====================================
[1] TRUE
Running SuSiE.

=====================================
Tissue: Pancreas 
=====================================
[1] TRUE
Running SuSiE.

=====================================
Tissue: Pituitary 
=====================================
[1] TRUE
Running SuSiE.

=====================================
Tissue: Prostate 
=====================================
[1] TRUE
Running SuSiE.

=====================================
Tissue: Salivary Gland 
=====================================
[1] TRUE
Running SuSiE.

=====================================
Tissue: Skin 
=====================================
[1] TRUE
Running SuSiE.

=====================================
Tissue: Small Intestine 
=====================================
[1] TRUE
Running SuSiE.

=====================================
Tissue: Spleen 
=====================================
[1] TRUE
Running SuSiE.

=====================================
Tissue: Stomach 
=====================================
[1] TRUE
Running SuSiE.

=====================================
Tissue: Testis 
=====================================
[1] TRUE
Running SuSiE.

=====================================
Tissue: Thyroid 
=====================================
[1] TRUE
Running SuSiE.

=====================================
Tissue: Uterus 
=====================================
[1] TRUE
Running SuSiE.

=====================================
Tissue: Vagina 
=====================================
[1] TRUE
Running SuSiE.
[2026-09-01 12:06:40] starting PKHD1L1
Importing covariate data.
Importing gene expression data.
Found 27 tissues for gene PKHD1L1 :
 [1] "Adipose Tissue"  "Adrenal Gland"   "Blood"           "Blood Vessel"   
 [5] "Brain"           "Breast"          "Colon"           "Esophagus"      
 [9] "Heart"           "Kidney"          "Liver"           "Lung"           
[13] "Muscle"          "Nerve"           "Ovary"           "Pancreas"       
[17] "Pituitary"       "Prostate"        "Salivary Gland"  "Skin"           
[21] "Small Intestine" "Spleen"          "Stomach"         "Testis"         
[25] "Thyroid"         "Uterus"          "Vagina"         
45 SNP(s) removed because HWE P < 1e-08 :
 [1] "chr8_109138802_T_C_b38_T" "chr8_109430497_G_A_b38_G"
 [3] "chr8_109544290_G_A_b38_G" "chr8_109546393_C_A_b38_C"
 [5] "chr8_109552234_T_C_b38_T" "chr8_109563641_C_T_b38_C"
 [7] "chr8_109571641_G_A_b38_G" "chr8_109584253_G_T_b38_G"
 [9] "chr8_109584860_A_C_b38_A" "chr8_109588932_A_G_b38_A"
[11] "chr8_109588933_G_T_b38_G" "chr8_109644043_C_T_b38_C"
[13] "chr8_109645126_T_G_b38_T" "chr8_109645414_C_G_b38_C"
[15] "chr8_109646298_T_A_b38_T" "chr8_109647308_G_A_b38_G"
[17] "chr8_109648679_A_G_b38_A" "chr8_109651378_C_G_b38_C"
[19] "chr8_109651623_T_C_b38_T" "chr8_109652309_T_C_b38_T"
[21] "chr8_109652549_G_A_b38_G" "chr8_109652648_T_C_b38_T"
[23] "chr8_109653842_G_T_b38_G" "chr8_109654775_A_G_b38_A"
[25] "chr8_109655151_G_T_b38_G" "chr8_109656554_C_G_b38_C"
[27] "chr8_109658017_A_G_b38_A" "chr8_109659883_T_A_b38_T"
[29] "chr8_109660074_G_A_b38_G" "chr8_109662117_A_C_b38_A"
[31] "chr8_109662613_C_T_b38_C" "chr8_109662668_G_A_b38_G"
[33] "chr8_109663430_C_T_b38_C" "chr8_109663815_C_T_b38_C"
[35] "chr8_109664822_G_C_b38_G" "chr8_109665565_G_A_b38_G"
[37] "chr8_109666941_C_T_b38_C" "chr8_109751436_C_T_b38_C"
[39] "chr8_109764818_A_G_b38_A" "chr8_109766744_T_C_b38_T"
[41] "chr8_109767774_G_A_b38_G" "chr8_109770635_C_G_b38_C"
[43] "chr8_109789437_T_G_b38_T" "chr8_109789457_C_T_b38_C"
[45] "chr8_109843890_A_G_b38_A"

=====================================
Tissue: Adipose Tissue 
=====================================
[1] TRUE
Running SuSiE.

=====================================
Tissue: Adrenal Gland 
=====================================
[1] TRUE
Running SuSiE.

=====================================
Tissue: Blood 
=====================================
[1] TRUE
Running SuSiE.

=====================================
Tissue: Blood Vessel 
=====================================
[1] TRUE
Running SuSiE.

=====================================
Tissue: Brain 
=====================================
[1] TRUE
Running SuSiE.

=====================================
Tissue: Breast 
=====================================
[1] TRUE
Running SuSiE.

=====================================
Tissue: Colon 
=====================================
[1] TRUE
Running SuSiE.

=====================================
Tissue: Esophagus 
=====================================
[1] TRUE
Running SuSiE.

=====================================
Tissue: Heart 
=====================================
[1] TRUE
Running SuSiE.

=====================================
Tissue: Kidney 
=====================================
[1] TRUE
Running SuSiE.

=====================================
Tissue: Liver 
=====================================
[1] TRUE
Running SuSiE.

=====================================
Tissue: Lung 
=====================================
[1] TRUE
Running SuSiE.

=====================================
Tissue: Muscle 
=====================================
[1] TRUE
Running SuSiE.

=====================================
Tissue: Nerve 
=====================================
[1] TRUE
Running SuSiE.

=====================================
Tissue: Ovary 
=====================================
[1] TRUE
Running SuSiE.

=====================================
Tissue: Pancreas 
=====================================
[1] TRUE
Running SuSiE.

=====================================
Tissue: Pituitary 
=====================================
[1] TRUE
Running SuSiE.

=====================================
Tissue: Prostate 
=====================================
[1] TRUE
Running SuSiE.

=====================================
Tissue: Salivary Gland 
=====================================
[1] TRUE
Running SuSiE.

=====================================
Tissue: Skin 
=====================================
[1] TRUE
Running SuSiE.

=====================================
Tissue: Small Intestine 
=====================================
[1] TRUE
Running SuSiE.

=====================================
Tissue: Spleen 
=====================================
[1] TRUE
Running SuSiE.

=====================================
Tissue: Stomach 
=====================================
[1] TRUE
Running SuSiE.

=====================================
Tissue: Testis 
=====================================
[1] TRUE
Running SuSiE.

=====================================
Tissue: Thyroid 
=====================================
[1] TRUE
Running SuSiE.

=====================================
Tissue: Uterus 
=====================================
[1] TRUE
Running SuSiE.

=====================================
Tissue: Vagina 
=====================================
[1] TRUE
Running SuSiE.
[2026-09-01 12:09:31] starting PKIA
Importing covariate data.
Importing gene expression data.
Found 27 tissues for gene PKIA :
 [1] "Adipose Tissue"  "Adrenal Gland"   "Blood"           "Blood Vessel"   
 [5] "Brain"           "Breast"          "Colon"           "Esophagus"      
 [9] "Heart"           "Kidney"          "Liver"           "Lung"           
[13] "Muscle"          "Nerve"           "Ovary"           "Pancreas"       
[17] "Pituitary"       "Prostate"        "Salivary Gland"  "Skin"           
[21] "Small Intestine" "Spleen"          "Stomach"         "Testis"         
[25] "Thyroid"         "Uterus"          "Vagina"         
Extracting genotype data from PLINK file.
PLINK v2.0.0-a.7LM 64-bit Intel (11 Mar 2026)       cog-genomics.org/plink/2.0/
(C) 2005-2026 Shaun Purcell, Christopher Chang    GNU General Public License v3
Logging to /project2/mstephens/wdenault/susie_mix/temp_plink/plink_PKIA.log.
Options in effect:
  --bfile /project2/mstephens/gtex/GTEx_Analysis_2017-06-05_v8_WholeGenomeSeq_866Indiv
  --chr 8
  --export A
  --from-bp 78016340
  --maf 0
  --max-alleles 2
  --memory 8000
  --out /project2/mstephens/wdenault/susie_mix/temp_plink/plink_PKIA
  --rm-dup exclude-all
  --snps-only
  --threads 2
  --to-bp 79016340

Start time: Tue Sep  1 12:10:39 2026
63721 MiB RAM detected, ~23106 available; reserving 8000 MiB for main
workspace.
Using up to 2 compute threads.
866 samples (0 females, 0 males, 866 ambiguous; 866 founders) loaded from
/project2/mstephens/gtex/GTEx_Analysis_2017-06-05_v8_WholeGenomeSeq_866Indiv.fam.
67234533 variants in
/project2/mstephens/gtex/GTEx_Analysis_2017-06-05_v8_WholeGenomeSeq_866Indiv.bim;
64320131 excluded by --chr + --max-alleles + --snps-only, 2914402 remaining.
Note: No phenotype data present.
Note: Skipping --rm-dup since no duplicate IDs are present.
16689 variants remaining after main filters.
--export A pass 1/1: loading... 0%writing... 0%1%2%3%4%5%6%7%8%9%10%11%12%13%14%15%16%17%18%19%20%21%22%23%24%25%26%27%28%29%30%31%32%33%34%35%36%37%38%39%40%41%42%43%44%45%46%47%48%49%50%51%52%53%54%55%56%57%58%59%60%61%62%63%64%65%66%67%68%69%70%71%72%73%74%75%76%77%78%79%80%81%82%83%84%85%86%87%88%89%90%91%92%93%94%95%96%97%98%99% done.
--export A: /project2/mstephens/wdenault/susie_mix/temp_plink/plink_PKIA.raw
written.
End time: Tue Sep  1 12:10:45 2026
8 SNP(s) removed because HWE P < 1e-08 :
[1] "chr8_78083043_G_A_b38_G" "chr8_78085262_G_A_b38_G"
[3] "chr8_78085590_A_T_b38_A" "chr8_78087834_T_G_b38_T"
[5] "chr8_78088472_C_T_b38_C" "chr8_78146114_C_T_b38_C"
[7] "chr8_78375720_G_A_b38_G" "chr8_78381595_T_C_b38_T"

=====================================
Tissue: Adipose Tissue 
=====================================
[1] TRUE
Running SuSiE.

=====================================
Tissue: Adrenal Gland 
=====================================
[1] TRUE
Running SuSiE.

=====================================
Tissue: Blood 
=====================================
[1] TRUE
Running SuSiE.

=====================================
Tissue: Blood Vessel 
=====================================
[1] TRUE
Running SuSiE.

=====================================
Tissue: Brain 
=====================================
[1] TRUE
Running SuSiE.

=====================================
Tissue: Breast 
=====================================
[1] TRUE
Running SuSiE.

=====================================
Tissue: Colon 
=====================================
[1] TRUE
Running SuSiE.

=====================================
Tissue: Esophagus 
=====================================
[1] TRUE
Running SuSiE.

=====================================
Tissue: Heart 
=====================================
[1] TRUE
Running SuSiE.

=====================================
Tissue: Kidney 
=====================================
[1] TRUE
Running SuSiE.

=====================================
Tissue: Liver 
=====================================
[1] TRUE
Running SuSiE.

=====================================
Tissue: Lung 
=====================================
[1] TRUE
Running SuSiE.

=====================================
Tissue: Muscle 
=====================================
[1] TRUE
Running SuSiE.

=====================================
Tissue: Nerve 
=====================================
[1] TRUE
Running SuSiE.

=====================================
Tissue: Ovary 
=====================================
[1] TRUE
Running SuSiE.

=====================================
Tissue: Pancreas 
=====================================
[1] TRUE
Running SuSiE.

=====================================
Tissue: Pituitary 
=====================================
[1] TRUE
Running SuSiE.

=====================================
Tissue: Prostate 
=====================================
[1] TRUE
Running SuSiE.

=====================================
Tissue: Salivary Gland 
=====================================
[1] TRUE
Running SuSiE.

=====================================
Tissue: Skin 
=====================================
[1] TRUE
Running SuSiE.

=====================================
Tissue: Small Intestine 
=====================================
[1] TRUE
Running SuSiE.

=====================================
Tissue: Spleen 
=====================================
[1] TRUE
Running SuSiE.

=====================================
Tissue: Stomach 
=====================================
[1] TRUE
Running SuSiE.

=====================================
Tissue: Testis 
=====================================
[1] TRUE
Running SuSiE.

=====================================
Tissue: Thyroid 
=====================================
[1] TRUE
Running SuSiE.

=====================================
Tissue: Uterus 
=====================================
[1] TRUE
Running SuSiE.

=====================================
Tissue: Vagina 
=====================================
[1] TRUE
Running SuSiE.
[2026-09-01 12:12:27] starting PKIB
Importing covariate data.
Importing gene expression data.
Found 27 tissues for gene PKIB :
 [1] "Adipose Tissue"  "Adrenal Gland"   "Blood"           "Blood Vessel"   
 [5] "Brain"           "Breast"          "Colon"           "Esophagus"      
 [9] "Heart"           "Kidney"          "Liver"           "Lung"           
[13] "Muscle"          "Nerve"           "Ovary"           "Pancreas"       
[17] "Pituitary"       "Prostate"        "Salivary Gland"  "Skin"           
[21] "Small Intestine" "Spleen"          "Stomach"         "Testis"         
[25] "Thyroid"         "Uterus"          "Vagina"         
7 SNP(s) removed because HWE P < 1e-08 :
[1] "chr6_122070522_G_A_b38_G" "chr6_122591220_C_A_b38_C"
[3] "chr6_122760666_T_C_b38_T" "chr6_122788278_C_G_b38_C"
[5] "chr6_122789776_T_C_b38_T" "chr6_122789828_G_T_b38_G"
[7] "chr6_122790394_T_C_b38_T"

=====================================
Tissue: Adipose Tissue 
=====================================
[1] TRUE
Running SuSiE.

=====================================
Tissue: Adrenal Gland 
=====================================
[1] TRUE
Running SuSiE.

=====================================
Tissue: Blood 
=====================================
[1] TRUE
Running SuSiE.

=====================================
Tissue: Blood Vessel 
=====================================
[1] TRUE
Running SuSiE.

=====================================
Tissue: Brain 
=====================================
[1] TRUE
Running SuSiE.

=====================================
Tissue: Breast 
=====================================
[1] TRUE
Running SuSiE.

=====================================
Tissue: Colon 
=====================================
[1] TRUE
Running SuSiE.

=====================================
Tissue: Esophagus 
=====================================
[1] TRUE
Running SuSiE.

=====================================
Tissue: Heart 
=====================================
[1] TRUE
Running SuSiE.

=====================================
Tissue: Kidney 
=====================================
[1] TRUE
Running SuSiE.

=====================================
Tissue: Liver 
=====================================
[1] TRUE
Running SuSiE.

=====================================
Tissue: Lung 
=====================================
[1] TRUE
Running SuSiE.

=====================================
Tissue: Muscle 
=====================================
[1] TRUE
Running SuSiE.

=====================================
Tissue: Nerve 
=====================================
[1] TRUE
Running SuSiE.

=====================================
Tissue: Ovary 
=====================================
[1] TRUE
Running SuSiE.

=====================================
Tissue: Pancreas 
=====================================
[1] TRUE
Running SuSiE.

=====================================
Tissue: Pituitary 
=====================================
[1] TRUE
Running SuSiE.

=====================================
Tissue: Prostate 
=====================================
[1] TRUE
Running SuSiE.

=====================================
Tissue: Salivary Gland 
=====================================
[1] TRUE
Running SuSiE.

=====================================
Tissue: Skin 
=====================================
[1] TRUE
Running SuSiE.

=====================================
Tissue: Small Intestine 
=====================================
[1] TRUE
Running SuSiE.

=====================================
Tissue: Spleen 
=====================================
[1] TRUE
Running SuSiE.

=====================================
Tissue: Stomach 
=====================================
[1] TRUE
Running SuSiE.

=====================================
Tissue: Testis 
=====================================
[1] TRUE
Running SuSiE.

=====================================
Tissue: Thyroid 
=====================================
[1] TRUE
Running SuSiE.

=====================================
Tissue: Uterus 
=====================================
[1] TRUE
Running SuSiE.

=====================================
Tissue: Vagina 
=====================================
[1] TRUE
Running SuSiE.
[2026-09-01 12:15:34] starting PKIG
Importing covariate data.
Importing gene expression data.
Found 27 tissues for gene PKIG :
 [1] "Adipose Tissue"  "Adrenal Gland"   "Blood"           "Blood Vessel"   
 [5] "Brain"           "Breast"          "Colon"           "Esophagus"      
 [9] "Heart"           "Kidney"          "Liver"           "Lung"           
[13] "Muscle"          "Nerve"           "Ovary"           "Pancreas"       
[17] "Pituitary"       "Prostate"        "Salivary Gland"  "Skin"           
[21] "Small Intestine" "Spleen"          "Stomach"         "Testis"         
[25] "Thyroid"         "Uterus"          "Vagina"         
Extracting genotype data from PLINK file.
PLINK v2.0.0-a.7LM 64-bit Intel (11 Mar 2026)       cog-genomics.org/plink/2.0/
(C) 2005-2026 Shaun Purcell, Christopher Chang    GNU General Public License v3
Logging to /project2/mstephens/wdenault/susie_mix/temp_plink/plink_PKIG.log.
Options in effect:
  --bfile /project2/mstephens/gtex/GTEx_Analysis_2017-06-05_v8_WholeGenomeSeq_866Indiv
  --chr 20
  --export A
  --from-bp 44031785
  --maf 0
  --max-alleles 2
  --memory 8000
  --out /project2/mstephens/wdenault/susie_mix/temp_plink/plink_PKIG
  --rm-dup exclude-all
  --snps-only
  --threads 2
  --to-bp 45031785

Start time: Tue Sep  1 12:16:41 2026
63721 MiB RAM detected, ~23406 available; reserving 8000 MiB for main
workspace.
Using up to 2 compute threads.
866 samples (0 females, 0 males, 866 ambiguous; 866 founders) loaded from
/project2/mstephens/gtex/GTEx_Analysis_2017-06-05_v8_WholeGenomeSeq_866Indiv.fam.
67234533 variants in
/project2/mstephens/gtex/GTEx_Analysis_2017-06-05_v8_WholeGenomeSeq_866Indiv.bim;
65857659 excluded by --chr + --max-alleles + --snps-only, 1376874 remaining.
Note: No phenotype data present.
Note: Skipping --rm-dup since no duplicate IDs are present.
17212 variants remaining after main filters.
--export A pass 1/1: loading... 0%writing... 0%1%2%3%4%5%6%7%8%9%10%11%12%13%14%15%16%17%18%19%20%21%22%23%24%25%26%27%28%29%30%31%32%33%34%35%36%37%38%39%40%41%42%43%44%45%46%47%48%49%50%51%52%53%54%55%56%57%58%59%60%61%62%63%64%65%66%67%68%69%70%71%72%73%74%75%76%77%78%79%80%81%82%83%84%85%86%87%88%89%90%91%92%93%94%95%96%97%98%99% done.
--export A: /project2/mstephens/wdenault/susie_mix/temp_plink/plink_PKIG.raw
written.
End time: Tue Sep  1 12:16:47 2026
13 SNP(s) removed because HWE P < 1e-08 :
 [1] "chr20_44451750_A_C_b38_A" "chr20_44638314_G_C_b38_G"
 [3] "chr20_44656383_G_T_b38_G" "chr20_44656576_T_C_b38_T"
 [5] "chr20_44662081_G_A_b38_G" "chr20_44671236_A_C_b38_A"
 [7] "chr20_44672747_A_G_b38_A" "chr20_44672749_T_C_b38_T"
 [9] "chr20_44684112_T_C_b38_T" "chr20_44684506_G_C_b38_G"
[11] "chr20_44792958_A_G_b38_A" "chr20_44796825_T_G_b38_T"
[13] "chr20_44943576_T_C_b38_T"

=====================================
Tissue: Adipose Tissue 
=====================================
[1] TRUE
Running SuSiE.

=====================================
Tissue: Adrenal Gland 
=====================================
[1] TRUE
Running SuSiE.

=====================================
Tissue: Blood 
=====================================
[1] TRUE
Running SuSiE.

=====================================
Tissue: Blood Vessel 
=====================================
[1] TRUE
Running SuSiE.

=====================================
Tissue: Brain 
=====================================
[1] TRUE
Running SuSiE.

=====================================
Tissue: Breast 
=====================================
[1] TRUE
Running SuSiE.

=====================================
Tissue: Colon 
=====================================
[1] TRUE
Running SuSiE.

=====================================
Tissue: Esophagus 
=====================================
[1] TRUE
Running SuSiE.

=====================================
Tissue: Heart 
=====================================
[1] TRUE
Running SuSiE.

=====================================
Tissue: Kidney 
=====================================
[1] TRUE
Running SuSiE.

=====================================
Tissue: Liver 
=====================================
[1] TRUE
Running SuSiE.

=====================================
Tissue: Lung 
=====================================
[1] TRUE
Running SuSiE.

=====================================
Tissue: Muscle 
=====================================
[1] TRUE
Running SuSiE.

=====================================
Tissue: Nerve 
=====================================
[1] TRUE
Running SuSiE.

=====================================
Tissue: Ovary 
=====================================
[1] TRUE
Running SuSiE.

=====================================
Tissue: Pancreas 
=====================================
[1] TRUE
Running SuSiE.

=====================================
Tissue: Pituitary 
=====================================
[1] TRUE
Running SuSiE.

=====================================
Tissue: Prostate 
=====================================
[1] TRUE
Running SuSiE.

=====================================
Tissue: Salivary Gland 
=====================================
[1] TRUE
Running SuSiE.

=====================================
Tissue: Skin 
=====================================
[1] TRUE
Running SuSiE.

=====================================
Tissue: Small Intestine 
=====================================
[1] TRUE
Running SuSiE.

=====================================
Tissue: Spleen 
=====================================
[1] TRUE
Running SuSiE.

=====================================
Tissue: Stomach 
=====================================
[1] TRUE
Running SuSiE.

=====================================
Tissue: Testis 
=====================================
[1] TRUE
Running SuSiE.

=====================================
Tissue: Thyroid 
=====================================
[1] TRUE
Running SuSiE.

=====================================
Tissue: Uterus 
=====================================
[1] TRUE
Running SuSiE.

=====================================
Tissue: Vagina 
=====================================
[1] TRUE
Running SuSiE.
[2026-09-01 12:18:28] starting PKLR
Importing covariate data.
Importing gene expression data.
Found 27 tissues for gene PKLR :
 [1] "Adipose Tissue"  "Adrenal Gland"   "Blood"           "Blood Vessel"   
 [5] "Brain"           "Breast"          "Colon"           "Esophagus"      
 [9] "Heart"           "Kidney"          "Liver"           "Lung"           
[13] "Muscle"          "Nerve"           "Ovary"           "Pancreas"       
[17] "Pituitary"       "Prostate"        "Salivary Gland"  "Skin"           
[21] "Small Intestine" "Spleen"          "Stomach"         "Testis"         
[25] "Thyroid"         "Uterus"          "Vagina"         
Extracting genotype data from PLINK file.
PLINK v2.0.0-a.7LM 64-bit Intel (11 Mar 2026)       cog-genomics.org/plink/2.0/
(C) 2005-2026 Shaun Purcell, Christopher Chang    GNU General Public License v3
Logging to /project2/mstephens/wdenault/susie_mix/temp_plink/plink_PKLR.log.
Options in effect:
  --bfile /project2/mstephens/gtex/GTEx_Analysis_2017-06-05_v8_WholeGenomeSeq_866Indiv
  --chr 1
  --export A
  --from-bp 154801438
  --maf 0
  --max-alleles 2
  --memory 8000
  --out /project2/mstephens/wdenault/susie_mix/temp_plink/plink_PKLR
  --rm-dup exclude-all
  --snps-only
  --threads 2
  --to-bp 155801438

Start time: Tue Sep  1 12:19:34 2026
63721 MiB RAM detected, ~23407 available; reserving 8000 MiB for main
workspace.
Using up to 2 compute threads.
866 samples (0 females, 0 males, 866 ambiguous; 866 founders) loaded from
/project2/mstephens/gtex/GTEx_Analysis_2017-06-05_v8_WholeGenomeSeq_866Indiv.fam.
67234533 variants in
/project2/mstephens/gtex/GTEx_Analysis_2017-06-05_v8_WholeGenomeSeq_866Indiv.bim;
62424502 excluded by --chr + --max-alleles + --snps-only, 4810031 remaining.
Note: No phenotype data present.
Note: Skipping --rm-dup since no duplicate IDs are present.
16044 variants remaining after main filters.
--export A pass 1/1: loading... 0%writing... 0%1%2%3%4%5%6%7%8%9%10%11%12%13%14%15%16%17%18%19%20%21%22%23%24%25%26%27%28%29%30%31%32%33%34%35%36%37%38%39%40%41%42%43%44%45%46%47%48%49%50%51%52%53%54%55%56%57%58%59%60%61%62%63%64%65%66%67%68%69%70%71%72%73%74%75%76%77%78%79%80%81%82%83%84%85%86%87%88%89%90%91%92%93%94%95%96%97%98%99% done.
--export A: /project2/mstephens/wdenault/susie_mix/temp_plink/plink_PKLR.raw
written.
End time: Tue Sep  1 12:19:41 2026
42 SNP(s) removed because HWE P < 1e-08 :
 [1] "chr1_154962777_G_C_b38_G" "chr1_154965759_G_C_b38_G"
 [3] "chr1_154971405_A_G_b38_A" "chr1_154971680_A_G_b38_A"
 [5] "chr1_154974041_A_G_b38_A" "chr1_154975020_A_T_b38_A"
 [7] "chr1_154983248_C_T_b38_C" "chr1_155031423_A_C_b38_A"
 [9] "chr1_155622370_C_T_b38_C" "chr1_155626488_G_A_b38_G"
[11] "chr1_155627478_C_T_b38_C" "chr1_155628601_A_G_b38_A"
[13] "chr1_155629283_G_T_b38_G" "chr1_155629986_C_T_b38_C"
[15] "chr1_155632445_C_T_b38_C" "chr1_155632999_G_A_b38_G"
[17] "chr1_155633116_C_T_b38_C" "chr1_155633121_T_C_b38_T"
[19] "chr1_155635944_T_C_b38_T" "chr1_155640015_T_A_b38_T"
[21] "chr1_155646323_C_T_b38_C" "chr1_155649297_A_G_b38_A"
[23] "chr1_155655758_G_A_b38_G" "chr1_155658083_A_G_b38_A"
[25] "chr1_155658173_G_C_b38_G" "chr1_155658428_G_A_b38_G"
[27] "chr1_155658837_C_G_b38_C" "chr1_155667870_T_C_b38_T"
[29] "chr1_155670909_C_G_b38_C" "chr1_155672184_A_G_b38_A"
[31] "chr1_155672258_T_C_b38_T" "chr1_155683456_T_C_b38_T"
[33] "chr1_155689328_T_A_b38_T" "chr1_155696508_G_A_b38_G"
[35] "chr1_155698150_A_G_b38_A" "chr1_155705252_T_C_b38_T"
[37] "chr1_155717441_C_T_b38_C" "chr1_155717486_G_A_b38_G"
[39] "chr1_155778530_C_G_b38_C" "chr1_155781741_G_A_b38_G"
[41] "chr1_155783885_A_G_b38_A" "chr1_155790491_C_G_b38_C"

=====================================
Tissue: Adipose Tissue 
=====================================
[1] TRUE
Running SuSiE.

=====================================
Tissue: Adrenal Gland 
=====================================
[1] TRUE
Running SuSiE.

=====================================
Tissue: Blood 
=====================================
[1] TRUE
Running SuSiE.

=====================================
Tissue: Blood Vessel 
=====================================
[1] TRUE
Running SuSiE.

=====================================
Tissue: Brain 
=====================================
[1] TRUE
Running SuSiE.

=====================================
Tissue: Breast 
=====================================
[1] TRUE
Running SuSiE.

=====================================
Tissue: Colon 
=====================================
[1] TRUE
Running SuSiE.

=====================================
Tissue: Esophagus 
=====================================
[1] TRUE
Running SuSiE.

=====================================
Tissue: Heart 
=====================================
[1] TRUE
Running SuSiE.

=====================================
Tissue: Kidney 
=====================================
[1] TRUE
Running SuSiE.

=====================================
Tissue: Liver 
=====================================
[1] TRUE
Running SuSiE.

=====================================
Tissue: Lung 
=====================================
[1] TRUE
Running SuSiE.

=====================================
Tissue: Muscle 
=====================================
[1] TRUE
Running SuSiE.

=====================================
Tissue: Nerve 
=====================================
[1] TRUE
Running SuSiE.

=====================================
Tissue: Ovary 
=====================================
[1] TRUE
Running SuSiE.

=====================================
Tissue: Pancreas 
=====================================
[1] TRUE
Running SuSiE.

=====================================
Tissue: Pituitary 
=====================================
[1] TRUE
Running SuSiE.

=====================================
Tissue: Prostate 
=====================================
[1] TRUE
Running SuSiE.

=====================================
Tissue: Salivary Gland 
=====================================
[1] TRUE
Running SuSiE.

=====================================
Tissue: Skin 
=====================================
[1] TRUE
Running SuSiE.

=====================================
Tissue: Small Intestine 
=====================================
[1] TRUE
Running SuSiE.

=====================================
Tissue: Spleen 
=====================================
[1] TRUE
Running SuSiE.

=====================================
Tissue: Stomach 
=====================================
[1] TRUE
Running SuSiE.

=====================================
Tissue: Testis 
=====================================
[1] TRUE
Running SuSiE.

=====================================
Tissue: Thyroid 
=====================================
[1] TRUE
Running SuSiE.

=====================================
Tissue: Uterus 
=====================================
[1] TRUE
Running SuSiE.

=====================================
Tissue: Vagina 
=====================================
[1] TRUE
Running SuSiE.
[2026-09-01 12:20:30] starting PKM
Importing covariate data.
Importing gene expression data.
Found 27 tissues for gene PKM :
 [1] "Adipose Tissue"  "Adrenal Gland"   "Blood"           "Blood Vessel"   
 [5] "Brain"           "Breast"          "Colon"           "Esophagus"      
 [9] "Heart"           "Kidney"          "Liver"           "Lung"           
[13] "Muscle"          "Nerve"           "Ovary"           "Pancreas"       
[17] "Pituitary"       "Prostate"        "Salivary Gland"  "Skin"           
[21] "Small Intestine" "Spleen"          "Stomach"         "Testis"         
[25] "Thyroid"         "Uterus"          "Vagina"         
Extracting genotype data from PLINK file.
PLINK v2.0.0-a.7LM 64-bit Intel (11 Mar 2026)       cog-genomics.org/plink/2.0/
(C) 2005-2026 Shaun Purcell, Christopher Chang    GNU General Public License v3
Logging to /project2/mstephens/wdenault/susie_mix/temp_plink/plink_PKM.log.
Options in effect:
  --bfile /project2/mstephens/gtex/GTEx_Analysis_2017-06-05_v8_WholeGenomeSeq_866Indiv
  --chr 15
  --export A
  --from-bp 71731822
  --maf 0
  --max-alleles 2
  --memory 8000
  --out /project2/mstephens/wdenault/susie_mix/temp_plink/plink_PKM
  --rm-dup exclude-all
  --snps-only
  --threads 2
  --to-bp 72731822

Start time: Tue Sep  1 12:21:35 2026
63721 MiB RAM detected, ~27107 available; reserving 8000 MiB for main
workspace.
Using up to 2 compute threads.
866 samples (0 females, 0 males, 866 ambiguous; 866 founders) loaded from
/project2/mstephens/gtex/GTEx_Analysis_2017-06-05_v8_WholeGenomeSeq_866Indiv.fam.
67234533 variants in
/project2/mstephens/gtex/GTEx_Analysis_2017-06-05_v8_WholeGenomeSeq_866Indiv.bim;
65613623 excluded by --chr + --max-alleles + --snps-only, 1620910 remaining.
Note: No phenotype data present.
Note: Skipping --rm-dup since no duplicate IDs are present.
15673 variants remaining after main filters.
--export A pass 1/1: loading... 0%writing... 0%1%2%3%4%5%6%7%8%9%10%11%12%13%14%15%16%17%18%19%20%21%22%23%24%25%26%27%28%29%30%31%32%33%34%35%36%37%38%39%40%41%42%43%44%45%46%47%48%49%50%51%52%53%54%55%56%57%58%59%60%61%62%63%64%65%66%67%68%69%70%71%72%73%74%75%76%77%78%79%80%81%82%83%84%85%86%87%88%89%90%91%92%93%94%95%96%97%98%99% done.
--export A: /project2/mstephens/wdenault/susie_mix/temp_plink/plink_PKM.raw
written.
End time: Tue Sep  1 12:21:40 2026
218 SNP(s) removed because HWE P < 1e-08 :
  [1] "chr15_71755772_A_G_b38_A" "chr15_71757824_C_G_b38_C"
  [3] "chr15_71758097_T_C_b38_T" "chr15_71759350_G_T_b38_G"
  [5] "chr15_71761645_C_T_b38_C" "chr15_71762491_C_T_b38_C"
  [7] "chr15_71764341_G_A_b38_G" "chr15_71765700_T_G_b38_T"
  [9] "chr15_71794076_T_C_b38_T" "chr15_71794172_G_A_b38_G"
 [11] "chr15_71857849_T_C_b38_T" "chr15_71857889_A_T_b38_A"
 [13] "chr15_71857901_A_C_b38_A" "chr15_71857943_A_G_b38_A"
 [15] "chr15_71858046_A_G_b38_A" "chr15_72279962_A_G_b38_A"
 [17] "chr15_72280735_C_T_b38_C" "chr15_72281827_C_T_b38_C"
 [19] "chr15_72282324_G_A_b38_G" "chr15_72285731_C_A_b38_C"
 [21] "chr15_72287029_G_T_b38_G" "chr15_72294792_A_T_b38_A"
 [23] "chr15_72295778_G_T_b38_G" "chr15_72296115_G_A_b38_G"
 [25] "chr15_72296247_T_A_b38_T" "chr15_72296299_C_A_b38_C"
 [27] "chr15_72296392_T_G_b38_T" "chr15_72296585_C_A_b38_C"
 [29] "chr15_72297039_G_A_b38_G" "chr15_72300655_G_A_b38_G"
 [31] "chr15_72301240_C_A_b38_C" "chr15_72303084_G_A_b38_G"
 [33] "chr15_72303230_A_T_b38_A" "chr15_72303547_T_C_b38_T"
 [35] "chr15_72307216_T_C_b38_T" "chr15_72307722_T_C_b38_T"
 [37] "chr15_72308086_C_T_b38_C" "chr15_72308152_A_C_b38_A"
 [39] "chr15_72308506_T_C_b38_T" "chr15_72308637_T_C_b38_T"
 [41] "chr15_72310287_C_G_b38_C" "chr15_72310368_A_G_b38_A"
 [43] "chr15_72310656_T_A_b38_T" "chr15_72310783_T_C_b38_T"
 [45] "chr15_72311708_A_G_b38_A" "chr15_72311821_A_G_b38_A"
 [47] "chr15_72313518_T_G_b38_T" "chr15_72314316_T_C_b38_T"
 [49] "chr15_72314922_C_A_b38_C" "chr15_72315325_A_T_b38_A"
 [51] "chr15_72316286_C_T_b38_C" "chr15_72317357_G_T_b38_G"
 [53] "chr15_72318508_C_T_b38_C" "chr15_72321909_G_A_b38_G"
 [55] "chr15_72322277_C_T_b38_C" "chr15_72322962_G_A_b38_G"
 [57] "chr15_72323068_C_G_b38_C" "chr15_72323562_T_C_b38_T"
 [59] "chr15_72324444_C_T_b38_C" "chr15_72324501_T_C_b38_T"
 [61] "chr15_72326162_G_A_b38_G" "chr15_72326506_A_C_b38_A"
 [63] "chr15_72336426_T_C_b38_T" "chr15_72336463_T_C_b38_T"
 [65] "chr15_72336539_T_C_b38_T" "chr15_72337380_T_C_b38_T"
 [67] "chr15_72337955_C_T_b38_C" "chr15_72339589_T_C_b38_T"
 [69] "chr15_72341590_A_G_b38_A" "chr15_72342545_C_T_b38_C"
 [71] "chr15_72343488_A_C_b38_A" "chr15_72343562_C_T_b38_C"
 [73] "chr15_72345454_T_C_b38_T" "chr15_72345787_T_C_b38_T"
 [75] "chr15_72346551_T_C_b38_T" "chr15_72352320_G_A_b38_G"
 [77] "chr15_72354272_A_G_b38_A" "chr15_72358529_T_C_b38_T"
 [79] "chr15_72360438_G_A_b38_G" "chr15_72363553_G_A_b38_G"
 [81] "chr15_72364065_C_G_b38_C" "chr15_72366659_T_C_b38_T"
 [83] "chr15_72366858_T_A_b38_T" "chr15_72368329_T_C_b38_T"
 [85] "chr15_72371572_T_C_b38_T" "chr15_72372901_A_G_b38_A"
 [87] "chr15_72374083_A_C_b38_A" "chr15_72374874_C_A_b38_C"
 [89] "chr15_72375175_A_G_b38_A" "chr15_72376198_T_C_b38_T"
 [91] "chr15_72377539_A_G_b38_A" "chr15_72377730_C_T_b38_C"
 [93] "chr15_72389288_G_A_b38_G" "chr15_72391172_G_A_b38_G"
 [95] "chr15_72392173_G_C_b38_G" "chr15_72396580_A_G_b38_A"
 [97] "chr15_72405711_G_A_b38_G" "chr15_72408667_G_C_b38_G"
 [99] "chr15_72414625_T_C_b38_T" "chr15_72414755_G_T_b38_G"
[101] "chr15_72416139_A_C_b38_A" "chr15_72416286_G_T_b38_G"
[103] "chr15_72421617_A_G_b38_A" "chr15_72422623_G_A_b38_G"
[105] "chr15_72423604_C_A_b38_C" "chr15_72424107_G_A_b38_G"
[107] "chr15_72428059_T_C_b38_T" "chr15_72428742_C_T_b38_C"
[109] "chr15_72432244_A_G_b38_A" "chr15_72432404_G_A_b38_G"
[111] "chr15_72433827_T_C_b38_T" "chr15_72434467_T_G_b38_T"
[113] "chr15_72435887_C_T_b38_C" "chr15_72441772_A_C_b38_A"
[115] "chr15_72443618_G_T_b38_G" "chr15_72445774_T_C_b38_T"
[117] "chr15_72445952_C_T_b38_C" "chr15_72446224_C_T_b38_C"
[119] "chr15_72446488_G_A_b38_G" "chr15_72447275_G_A_b38_G"
[121] "chr15_72449940_A_C_b38_A" "chr15_72450180_G_A_b38_G"
[123] "chr15_72453565_T_C_b38_T" "chr15_72462795_T_A_b38_T"
[125] "chr15_72468923_T_C_b38_T" "chr15_72469182_G_A_b38_G"
[127] "chr15_72469479_C_G_b38_C" "chr15_72469921_T_C_b38_T"
[129] "chr15_72471367_G_C_b38_G" "chr15_72476469_A_G_b38_A"
[131] "chr15_72476997_T_C_b38_T" "chr15_72478939_G_A_b38_G"
[133] "chr15_72483022_G_A_b38_G" "chr15_72483785_T_A_b38_T"
[135] "chr15_72484603_C_A_b38_C" "chr15_72489956_G_A_b38_G"
[137] "chr15_72490538_C_T_b38_C" "chr15_72491160_A_G_b38_A"
[139] "chr15_72491919_C_T_b38_C" "chr15_72492141_T_C_b38_T"
[141] "chr15_72492467_G_A_b38_G" "chr15_72493360_G_C_b38_G"
[143] "chr15_72493687_G_A_b38_G" "chr15_72495445_T_C_b38_T"
[145] "chr15_72498479_G_A_b38_G" "chr15_72508512_G_A_b38_G"
[147] "chr15_72508782_G_A_b38_G" "chr15_72512257_C_T_b38_C"
[149] "chr15_72514084_C_T_b38_C" "chr15_72516087_G_T_b38_G"
[151] "chr15_72517330_T_C_b38_T" "chr15_72519061_G_A_b38_G"
[153] "chr15_72521325_C_G_b38_C" "chr15_72525089_T_C_b38_T"
[155] "chr15_72525706_A_G_b38_A" "chr15_72529958_G_A_b38_G"
[157] "chr15_72530535_T_G_b38_T" "chr15_72534006_A_G_b38_A"
[159] "chr15_72534915_G_A_b38_G" "chr15_72536708_C_G_b38_C"
[161] "chr15_72538394_C_T_b38_C" "chr15_72539043_T_C_b38_T"
[163] "chr15_72539526_G_A_b38_G" "chr15_72542674_G_A_b38_G"
[165] "chr15_72550682_A_T_b38_A" "chr15_72551444_T_G_b38_T"
[167] "chr15_72552811_G_A_b38_G" "chr15_72552937_C_G_b38_C"
[169] "chr15_72552962_G_A_b38_G" "chr15_72554013_G_A_b38_G"
[171] "chr15_72554238_T_G_b38_T" "chr15_72554431_T_C_b38_T"
[173] "chr15_72557526_C_T_b38_C" "chr15_72559164_C_G_b38_C"
[175] "chr15_72559365_G_T_b38_G" "chr15_72561065_G_T_b38_G"
[177] "chr15_72562574_T_C_b38_T" "chr15_72565153_T_C_b38_T"
[179] "chr15_72567429_T_C_b38_T" "chr15_72568723_C_A_b38_C"
[181] "chr15_72571451_T_C_b38_T" "chr15_72572834_G_T_b38_G"
[183] "chr15_72573336_G_A_b38_G" "chr15_72574658_G_A_b38_G"
[185] "chr15_72575524_T_C_b38_T" "chr15_72577131_C_T_b38_C"
[187] "chr15_72581386_T_C_b38_T" "chr15_72583501_A_G_b38_A"
[189] "chr15_72588341_A_G_b38_A" "chr15_72593533_A_G_b38_A"
[191] "chr15_72595086_A_T_b38_A" "chr15_72600575_G_A_b38_G"
[193] "chr15_72600681_C_G_b38_C" "chr15_72602990_T_A_b38_T"
[195] "chr15_72606336_G_A_b38_G" "chr15_72607193_C_T_b38_C"
[197] "chr15_72607759_A_G_b38_A" "chr15_72608134_A_G_b38_A"
[199] "chr15_72609008_C_T_b38_C" "chr15_72609012_A_G_b38_A"
[201] "chr15_72610953_G_C_b38_G" "chr15_72624711_G_A_b38_G"
[203] "chr15_72627774_C_T_b38_C" "chr15_72631368_G_A_b38_G"
[205] "chr15_72631524_T_C_b38_T" "chr15_72648827_C_A_b38_C"
[207] "chr15_72649004_T_A_b38_T" "chr15_72649040_G_A_b38_G"
[209] "chr15_72649051_A_G_b38_A" "chr15_72659243_G_A_b38_G"
[211] "chr15_72661092_A_C_b38_A" "chr15_72662769_C_T_b38_C"
[213] "chr15_72668906_C_T_b38_C" "chr15_72669236_G_A_b38_G"
[215] "chr15_72669856_G_T_b38_G" "chr15_72670078_G_A_b38_G"
[217] "chr15_72670124_A_G_b38_A" "chr15_72670982_T_C_b38_T"

=====================================
Tissue: Adipose Tissue 
=====================================
[1] TRUE
Running SuSiE.

=====================================
Tissue: Adrenal Gland 
=====================================
[1] TRUE
Running SuSiE.

=====================================
Tissue: Blood 
=====================================
[1] TRUE
Running SuSiE.

=====================================
Tissue: Blood Vessel 
=====================================
[1] TRUE
Running SuSiE.

=====================================
Tissue: Brain 
=====================================
[1] TRUE
Running SuSiE.

=====================================
Tissue: Breast 
=====================================
[1] TRUE
Running SuSiE.

=====================================
Tissue: Colon 
=====================================
[1] TRUE
Running SuSiE.

=====================================
Tissue: Esophagus 
=====================================
[1] TRUE
Running SuSiE.

=====================================
Tissue: Heart 
=====================================
[1] TRUE
Running SuSiE.

=====================================
Tissue: Kidney 
=====================================
[1] TRUE
Running SuSiE.

=====================================
Tissue: Liver 
=====================================
[1] TRUE
Running SuSiE.

=====================================
Tissue: Lung 
=====================================
[1] TRUE
Running SuSiE.

=====================================
Tissue: Muscle 
=====================================
[1] TRUE
Running SuSiE.

=====================================
Tissue: Nerve 
=====================================
[1] TRUE
Running SuSiE.

=====================================
Tissue: Ovary 
=====================================
[1] TRUE
Running SuSiE.

=====================================
Tissue: Pancreas 
=====================================
[1] TRUE
Running SuSiE.

=====================================
Tissue: Pituitary 
=====================================
[1] TRUE
Running SuSiE.

=====================================
Tissue: Prostate 
=====================================
[1] TRUE
Running SuSiE.

=====================================
Tissue: Salivary Gland 
=====================================
[1] TRUE
Running SuSiE.

=====================================
Tissue: Skin 
=====================================
[1] TRUE
Running SuSiE.

=====================================
Tissue: Small Intestine 
=====================================
[1] TRUE
Running SuSiE.

=====================================
Tissue: Spleen 
=====================================
[1] TRUE
Running SuSiE.

=====================================
Tissue: Stomach 
=====================================
[1] TRUE
Running SuSiE.

=====================================
Tissue: Testis 
=====================================
[1] TRUE
Running SuSiE.

=====================================
Tissue: Thyroid 
=====================================
[1] TRUE
Running SuSiE.

=====================================
Tissue: Uterus 
=====================================
[1] TRUE
Running SuSiE.

=====================================
Tissue: Vagina 
=====================================
[1] TRUE
Running SuSiE.
[2026-09-01 12:22:16] starting PKMYT1
Importing covariate data.
Importing gene expression data.
Found 27 tissues for gene PKMYT1 :
 [1] "Adipose Tissue"  "Adrenal Gland"   "Blood"           "Blood Vessel"   
 [5] "Brain"           "Breast"          "Colon"           "Esophagus"      
 [9] "Heart"           "Kidney"          "Liver"           "Lung"           
[13] "Muscle"          "Nerve"           "Ovary"           "Pancreas"       
[17] "Pituitary"       "Prostate"        "Salivary Gland"  "Skin"           
[21] "Small Intestine" "Spleen"          "Stomach"         "Testis"         
[25] "Thyroid"         "Uterus"          "Vagina"         
Extracting genotype data from PLINK file.
PLINK v2.0.0-a.7LM 64-bit Intel (11 Mar 2026)       cog-genomics.org/plink/2.0/
(C) 2005-2026 Shaun Purcell, Christopher Chang    GNU General Public License v3
Logging to /project2/mstephens/wdenault/susie_mix/temp_plink/plink_PKMYT1.log.
Options in effect:
  --bfile /project2/mstephens/gtex/GTEx_Analysis_2017-06-05_v8_WholeGenomeSeq_866Indiv
  --chr 16
  --export A
  --from-bp 2480479
  --maf 0
  --max-alleles 2
  --memory 8000
  --out /project2/mstephens/wdenault/susie_mix/temp_plink/plink_PKMYT1
  --rm-dup exclude-all
  --snps-only
  --threads 2
  --to-bp 3480479

Start time: Tue Sep  1 12:23:23 2026
63721 MiB RAM detected, ~24806 available; reserving 8000 MiB for main
workspace.
Using up to 2 compute threads.
866 samples (0 females, 0 males, 866 ambiguous; 866 founders) loaded from
/project2/mstephens/gtex/GTEx_Analysis_2017-06-05_v8_WholeGenomeSeq_866Indiv.fam.
67234533 variants in
/project2/mstephens/gtex/GTEx_Analysis_2017-06-05_v8_WholeGenomeSeq_866Indiv.bim;
65423567 excluded by --chr + --max-alleles + --snps-only, 1810966 remaining.
Note: No phenotype data present.
Note: Skipping --rm-dup since no duplicate IDs are present.
22863 variants remaining after main filters.
--export A pass 1/1: loading... 0%writing... 0%1%2%3%4%5%6%7%8%9%10%11%12%13%14%15%16%17%18%19%20%21%22%23%24%25%26%27%28%29%30%31%32%33%34%35%36%37%38%39%40%41%42%43%44%45%46%47%48%49%50%51%52%53%54%55%56%57%58%59%60%61%62%63%64%65%66%67%68%69%70%71%72%73%74%75%76%77%78%79%80%81%82%83%84%85%86%87%88%89%90%91%92%93%94%95%96%97%98%99% done.
--export A: /project2/mstephens/wdenault/susie_mix/temp_plink/plink_PKMYT1.raw
written.
End time: Tue Sep  1 12:23:29 2026
43 SNP(s) removed because HWE P < 1e-08 :
 [1] "chr16_2542624_A_G_b38_A" "chr16_2558000_G_A_b38_G"
 [3] "chr16_2599667_G_T_b38_G" "chr16_2599987_A_G_b38_A"
 [5] "chr16_2600145_G_C_b38_G" "chr16_2781397_A_G_b38_A"
 [7] "chr16_2794803_A_T_b38_A" "chr16_2795378_G_T_b38_G"
 [9] "chr16_2804593_C_G_b38_C" "chr16_2816990_T_G_b38_T"
[11] "chr16_2863534_G_A_b38_G" "chr16_2964199_A_C_b38_A"
[13] "chr16_2964411_G_C_b38_G" "chr16_2967853_G_C_b38_G"
[15] "chr16_2968606_T_G_b38_T" "chr16_2984779_T_C_b38_T"
[17] "chr16_2994877_A_C_b38_A" "chr16_3002092_A_T_b38_A"
[19] "chr16_3002378_A_C_b38_A" "chr16_3045726_A_C_b38_A"
[21] "chr16_3045734_T_C_b38_T" "chr16_3053010_C_T_b38_C"
[23] "chr16_3069019_A_G_b38_A" "chr16_3069166_T_C_b38_T"
[25] "chr16_3069303_A_G_b38_A" "chr16_3079890_G_T_b38_G"
[27] "chr16_3079920_T_A_b38_T" "chr16_3080027_C_A_b38_C"
[29] "chr16_3080044_G_A_b38_G" "chr16_3080060_C_T_b38_C"
[31] "chr16_3080151_C_A_b38_C" "chr16_3080413_T_G_b38_T"
[33] "chr16_3080732_C_T_b38_C" "chr16_3250975_A_G_b38_A"
[35] "chr16_3250976_G_A_b38_G" "chr16_3334140_T_A_b38_T"
[37] "chr16_3416638_G_C_b38_G" "chr16_3417002_G_C_b38_G"
[39] "chr16_3417266_C_G_b38_C" "chr16_3418718_T_C_b38_T"
[41] "chr16_3419184_G_A_b38_G" "chr16_3419223_A_G_b38_A"
[43] "chr16_3419844_G_C_b38_G"

=====================================
Tissue: Adipose Tissue 
=====================================
[1] TRUE
Running SuSiE.

=====================================
Tissue: Adrenal Gland 
=====================================
[1] TRUE
Running SuSiE.

=====================================
Tissue: Blood 
=====================================
[1] TRUE
Running SuSiE.

=====================================
Tissue: Blood Vessel 
=====================================
[1] TRUE
Running SuSiE.

=====================================
Tissue: Brain 
=====================================
[1] TRUE
Running SuSiE.

=====================================
Tissue: Breast 
=====================================
[1] TRUE
Running SuSiE.

=====================================
Tissue: Colon 
=====================================
[1] TRUE
Running SuSiE.

=====================================
Tissue: Esophagus 
=====================================
[1] TRUE
Running SuSiE.

=====================================
Tissue: Heart 
=====================================
[1] TRUE
Running SuSiE.

=====================================
Tissue: Kidney 
=====================================
[1] TRUE
Running SuSiE.

=====================================
Tissue: Liver 
=====================================
[1] TRUE
Running SuSiE.

=====================================
Tissue: Lung 
=====================================
[1] TRUE
Running SuSiE.

=====================================
Tissue: Muscle 
=====================================
[1] TRUE
Running SuSiE.

=====================================
Tissue: Nerve 
=====================================
[1] TRUE
Running SuSiE.

=====================================
Tissue: Ovary 
=====================================
[1] TRUE
Running SuSiE.

=====================================
Tissue: Pancreas 
=====================================
[1] TRUE
Running SuSiE.

=====================================
Tissue: Pituitary 
=====================================
[1] TRUE
Running SuSiE.

=====================================
Tissue: Prostate 
=====================================
[1] TRUE
Running SuSiE.

=====================================
Tissue: Salivary Gland 
=====================================
[1] TRUE
Running SuSiE.

=====================================
Tissue: Skin 
=====================================
[1] TRUE
Running SuSiE.

=====================================
Tissue: Small Intestine 
=====================================
[1] TRUE
Running SuSiE.

=====================================
Tissue: Spleen 
=====================================
[1] TRUE
Running SuSiE.

=====================================
Tissue: Stomach 
=====================================
[1] TRUE
Running SuSiE.

=====================================
Tissue: Testis 
=====================================
[1] TRUE
Running SuSiE.

=====================================
Tissue: Thyroid 
=====================================
[1] TRUE
Running SuSiE.

=====================================
Tissue: Uterus 
=====================================
[1] TRUE
Running SuSiE.

=====================================
Tissue: Vagina 
=====================================
[1] TRUE
Running SuSiE.
[2026-09-01 12:25:15] starting PKN1
Importing covariate data.
Importing gene expression data.
Found 27 tissues for gene PKN1 :
 [1] "Adipose Tissue"  "Adrenal Gland"   "Blood"           "Blood Vessel"   
 [5] "Brain"           "Breast"          "Colon"           "Esophagus"      
 [9] "Heart"           "Kidney"          "Liver"           "Lung"           
[13] "Muscle"          "Nerve"           "Ovary"           "Pancreas"       
[17] "Pituitary"       "Prostate"        "Salivary Gland"  "Skin"           
[21] "Small Intestine" "Spleen"          "Stomach"         "Testis"         
[25] "Thyroid"         "Uterus"          "Vagina"         
Extracting genotype data from PLINK file.
PLINK v2.0.0-a.7LM 64-bit Intel (11 Mar 2026)       cog-genomics.org/plink/2.0/
(C) 2005-2026 Shaun Purcell, Christopher Chang    GNU General Public License v3
Logging to /project2/mstephens/wdenault/susie_mix/temp_plink/plink_PKN1.log.
Options in effect:
  --bfile /project2/mstephens/gtex/GTEx_Analysis_2017-06-05_v8_WholeGenomeSeq_866Indiv
  --chr 19
  --export A
  --from-bp 13933053
  --maf 0
  --max-alleles 2
  --memory 8000
  --out /project2/mstephens/wdenault/susie_mix/temp_plink/plink_PKN1
  --rm-dup exclude-all
  --snps-only
  --threads 2
  --to-bp 14933053

Start time: Tue Sep  1 12:26:19 2026
63721 MiB RAM detected, ~34569 available; reserving 8000 MiB for main
workspace.
Using up to 2 compute threads.
866 samples (0 females, 0 males, 866 ambiguous; 866 founders) loaded from
/project2/mstephens/gtex/GTEx_Analysis_2017-06-05_v8_WholeGenomeSeq_866Indiv.fam.
67234533 variants in
/project2/mstephens/gtex/GTEx_Analysis_2017-06-05_v8_WholeGenomeSeq_866Indiv.bim;
65987829 excluded by --chr + --max-alleles + --snps-only, 1246704 remaining.
Note: No phenotype data present.
Note: Skipping --rm-dup since no duplicate IDs are present.
21455 variants remaining after main filters.
--export A pass 1/1: loading... 0%47% writing... 0%1%2%3%4%5%6%7%8%9%10%11%12%13%14%15%16%17%18%19%20%21%22%23%24%25%26%27%28%29%30%31%32%33%34%35%36%37%38%39%40%41%42%43%44%45%46%47%48%49%50%51%52%53%54%55%56%57%58%59%60%61%62%63%64%65%66%67%68%69%70%71%72%73%74%75%76%77%78%79%80%81%82%83%84%85%86%87%88%89%90%91%92%93%94%95%96%97%98%99% done.
--export A: /project2/mstephens/wdenault/susie_mix/temp_plink/plink_PKN1.raw
written.
End time: Tue Sep  1 12:26:25 2026
25 SNP(s) removed because HWE P < 1e-08 :
 [1] "chr19_13959273_T_C_b38_T" "chr19_13959526_G_A_b38_G"
 [3] "chr19_13984222_A_C_b38_A" "chr19_14018096_A_C_b38_A"
 [5] "chr19_14019403_T_C_b38_T" "chr19_14021850_G_C_b38_G"
 [7] "chr19_14023360_T_C_b38_T" "chr19_14057974_A_G_b38_A"
 [9] "chr19_14264534_T_G_b38_T" "chr19_14375257_G_C_b38_G"
[11] "chr19_14384622_G_C_b38_G" "chr19_14396495_C_T_b38_C"
[13] "chr19_14396530_G_T_b38_G" "chr19_14396533_C_G_b38_C"
[15] "chr19_14554859_A_C_b38_A" "chr19_14765881_G_A_b38_G"
[17] "chr19_14765889_C_T_b38_C" "chr19_14765912_A_T_b38_A"
[19] "chr19_14846568_C_G_b38_C" "chr19_14891034_G_C_b38_G"
[21] "chr19_14892015_T_G_b38_T" "chr19_14895012_G_C_b38_G"
[23] "chr19_14895675_A_G_b38_A" "chr19_14897989_C_A_b38_C"
[25] "chr19_14900627_C_T_b38_C"

=====================================
Tissue: Adipose Tissue 
=====================================
[1] TRUE
Running SuSiE.

=====================================
Tissue: Adrenal Gland 
=====================================
[1] TRUE
Running SuSiE.

=====================================
Tissue: Blood 
=====================================
[1] TRUE
Running SuSiE.

=====================================
Tissue: Blood Vessel 
=====================================
[1] TRUE
Running SuSiE.

=====================================
Tissue: Brain 
=====================================
[1] TRUE
Running SuSiE.

=====================================
Tissue: Breast 
=====================================
[1] TRUE
Running SuSiE.

=====================================
Tissue: Colon 
=====================================
[1] TRUE
Running SuSiE.

=====================================
Tissue: Esophagus 
=====================================
[1] TRUE
Running SuSiE.

=====================================
Tissue: Heart 
=====================================
[1] TRUE
Running SuSiE.

=====================================
Tissue: Kidney 
=====================================
[1] TRUE
Running SuSiE.

=====================================
Tissue: Liver 
=====================================
[1] TRUE
Running SuSiE.

=====================================
Tissue: Lung 
=====================================
[1] TRUE
Running SuSiE.

=====================================
Tissue: Muscle 
=====================================
[1] TRUE
Running SuSiE.

=====================================
Tissue: Nerve 
=====================================
[1] TRUE
Running SuSiE.

=====================================
Tissue: Ovary 
=====================================
[1] TRUE
Running SuSiE.

=====================================
Tissue: Pancreas 
=====================================
[1] TRUE
Running SuSiE.

=====================================
Tissue: Pituitary 
=====================================
[1] TRUE
Running SuSiE.

=====================================
Tissue: Prostate 
=====================================
[1] TRUE
Running SuSiE.

=====================================
Tissue: Salivary Gland 
=====================================
[1] TRUE
Running SuSiE.

=====================================
Tissue: Skin 
=====================================
[1] TRUE
Running SuSiE.

=====================================
Tissue: Small Intestine 
=====================================
[1] TRUE
Running SuSiE.

=====================================
Tissue: Spleen 
=====================================
[1] TRUE
Running SuSiE.

=====================================
Tissue: Stomach 
=====================================
[1] TRUE
Running SuSiE.

=====================================
Tissue: Testis 
=====================================
[1] TRUE
Running SuSiE.

=====================================
Tissue: Thyroid 
=====================================
[1] TRUE
Running SuSiE.

=====================================
Tissue: Uterus 
=====================================
[1] TRUE
Running SuSiE.

=====================================
Tissue: Vagina 
=====================================
[1] TRUE
Running SuSiE.
[2026-09-01 12:28:34] starting PKN2
Importing covariate data.
Importing gene expression data.
Found 27 tissues for gene PKN2 :
 [1] "Adipose Tissue"  "Adrenal Gland"   "Blood"           "Blood Vessel"   
 [5] "Brain"           "Breast"          "Colon"           "Esophagus"      
 [9] "Heart"           "Kidney"          "Liver"           "Lung"           
[13] "Muscle"          "Nerve"           "Ovary"           "Pancreas"       
[17] "Pituitary"       "Prostate"        "Salivary Gland"  "Skin"           
[21] "Small Intestine" "Spleen"          "Stomach"         "Testis"         
[25] "Thyroid"         "Uterus"          "Vagina"         
Extracting genotype data from PLINK file.
PLINK v2.0.0-a.7LM 64-bit Intel (11 Mar 2026)       cog-genomics.org/plink/2.0/
(C) 2005-2026 Shaun Purcell, Christopher Chang    GNU General Public License v3
Logging to /project2/mstephens/wdenault/susie_mix/temp_plink/plink_PKN2.log.
Options in effect:
  --bfile /project2/mstephens/gtex/GTEx_Analysis_2017-06-05_v8_WholeGenomeSeq_866Indiv
  --chr 1
  --export A
  --from-bp 88184222
  --maf 0
  --max-alleles 2
  --memory 8000
  --out /project2/mstephens/wdenault/susie_mix/temp_plink/plink_PKN2
  --rm-dup exclude-all
  --snps-only
  --threads 2
  --to-bp 89184222

Start time: Tue Sep  1 12:29:38 2026
63721 MiB RAM detected, ~34578 available; reserving 8000 MiB for main
workspace.
Using up to 2 compute threads.
866 samples (0 females, 0 males, 866 ambiguous; 866 founders) loaded from
/project2/mstephens/gtex/GTEx_Analysis_2017-06-05_v8_WholeGenomeSeq_866Indiv.fam.
67234533 variants in
/project2/mstephens/gtex/GTEx_Analysis_2017-06-05_v8_WholeGenomeSeq_866Indiv.bim;
62424502 excluded by --chr + --max-alleles + --snps-only, 4810031 remaining.
Note: No phenotype data present.
Note: Skipping --rm-dup since no duplicate IDs are present.
16175 variants remaining after main filters.
--export A pass 1/1: loading... 0%writing... 0%1%2%3%4%5%6%7%8%9%10%11%12%13%14%15%16%17%18%19%20%21%22%23%24%25%26%27%28%29%30%31%32%33%34%35%36%37%38%39%40%41%42%43%44%45%46%47%48%49%50%51%52%53%54%55%56%57%58%59%60%61%62%63%64%65%66%67%68%69%70%71%72%73%74%75%76%77%78%79%80%81%82%83%84%85%86%87%88%89%90%91%92%93%94%95%96%97%98%99% done.
--export A: /project2/mstephens/wdenault/susie_mix/temp_plink/plink_PKN2.raw
written.
End time: Tue Sep  1 12:29:43 2026
51 SNP(s) removed because HWE P < 1e-08 :
 [1] "chr1_88342227_T_C_b38_T" "chr1_88853399_C_T_b38_C"
 [3] "chr1_88854113_T_C_b38_T" "chr1_88855767_A_G_b38_A"
 [5] "chr1_88857080_T_C_b38_T" "chr1_88857126_C_T_b38_C"
 [7] "chr1_88857868_G_A_b38_G" "chr1_88857870_T_C_b38_T"
 [9] "chr1_88857871_G_A_b38_G" "chr1_88860718_C_T_b38_C"
[11] "chr1_88867281_C_T_b38_C" "chr1_88868845_A_C_b38_A"
[13] "chr1_88868925_C_G_b38_C" "chr1_88871974_C_A_b38_C"
[15] "chr1_88873177_A_C_b38_A" "chr1_88873566_T_C_b38_T"
[17] "chr1_88874335_G_A_b38_G" "chr1_88875467_A_G_b38_A"
[19] "chr1_88875823_A_G_b38_A" "chr1_88876153_A_G_b38_A"
[21] "chr1_88876551_T_A_b38_T" "chr1_88876846_T_C_b38_T"
[23] "chr1_88878193_G_A_b38_G" "chr1_88878617_C_T_b38_C"
[25] "chr1_88879827_G_A_b38_G" "chr1_88880844_C_A_b38_C"
[27] "chr1_88881265_A_G_b38_A" "chr1_88881482_T_C_b38_T"
[29] "chr1_88883530_G_A_b38_G" "chr1_88883697_G_A_b38_G"
[31] "chr1_88884096_C_T_b38_C" "chr1_88884341_G_C_b38_G"
[33] "chr1_88885058_T_C_b38_T" "chr1_88885287_C_A_b38_C"
[35] "chr1_88886815_G_T_b38_G" "chr1_88886975_G_A_b38_G"
[37] "chr1_88887693_G_A_b38_G" "chr1_88888313_A_G_b38_A"
[39] "chr1_88888321_A_G_b38_A" "chr1_88889912_T_C_b38_T"
[41] "chr1_88891935_G_C_b38_G" "chr1_88983595_C_T_b38_C"
[43] "chr1_88983615_C_G_b38_C" "chr1_88983707_T_C_b38_T"
[45] "chr1_88983716_T_C_b38_T" "chr1_88983751_T_C_b38_T"
[47] "chr1_88983800_C_G_b38_C" "chr1_88995231_G_A_b38_G"
[49] "chr1_89002104_T_C_b38_T" "chr1_89003392_A_G_b38_A"
[51] "chr1_89050393_C_G_b38_C"

=====================================
Tissue: Adipose Tissue 
=====================================
[1] TRUE
Running SuSiE.

=====================================
Tissue: Adrenal Gland 
=====================================
[1] TRUE
Running SuSiE.

=====================================
Tissue: Blood 
=====================================
[1] TRUE
Running SuSiE.

=====================================
Tissue: Blood Vessel 
=====================================
[1] TRUE
Running SuSiE.

=====================================
Tissue: Brain 
=====================================
[1] TRUE
Running SuSiE.

=====================================
Tissue: Breast 
=====================================
[1] TRUE
Running SuSiE.

=====================================
Tissue: Colon 
=====================================
[1] TRUE
Running SuSiE.

=====================================
Tissue: Esophagus 
=====================================
[1] TRUE
Running SuSiE.

=====================================
Tissue: Heart 
=====================================
[1] TRUE
Running SuSiE.

=====================================
Tissue: Kidney 
=====================================
[1] TRUE
Running SuSiE.

=====================================
Tissue: Liver 
=====================================
[1] TRUE
Running SuSiE.

=====================================
Tissue: Lung 
=====================================
[1] TRUE
Running SuSiE.

=====================================
Tissue: Muscle 
=====================================
[1] TRUE
Running SuSiE.

=====================================
Tissue: Nerve 
=====================================
[1] TRUE
Running SuSiE.

=====================================
Tissue: Ovary 
=====================================
[1] TRUE
Running SuSiE.

=====================================
Tissue: Pancreas 
=====================================
[1] TRUE
Running SuSiE.

=====================================
Tissue: Pituitary 
=====================================
[1] TRUE
Running SuSiE.

=====================================
Tissue: Prostate 
=====================================
[1] TRUE
Running SuSiE.

=====================================
Tissue: Salivary Gland 
=====================================
[1] TRUE
Running SuSiE.

=====================================
Tissue: Skin 
=====================================
[1] TRUE
Running SuSiE.

=====================================
Tissue: Small Intestine 
=====================================
[1] TRUE
Running SuSiE.

=====================================
Tissue: Spleen 
=====================================
[1] TRUE
Running SuSiE.

=====================================
Tissue: Stomach 
=====================================
[1] TRUE
Running SuSiE.

=====================================
Tissue: Testis 
=====================================
[1] TRUE
Running SuSiE.

=====================================
Tissue: Thyroid 
=====================================
[1] TRUE
Running SuSiE.

=====================================
Tissue: Uterus 
=====================================
[1] TRUE
Running SuSiE.

=====================================
Tissue: Vagina 
=====================================
[1] TRUE
Running SuSiE.
[2026-09-01 12:31:08] starting PKN3
Importing covariate data.
Importing gene expression data.
Found 27 tissues for gene PKN3 :
 [1] "Adipose Tissue"  "Adrenal Gland"   "Blood"           "Blood Vessel"   
 [5] "Brain"           "Breast"          "Colon"           "Esophagus"      
 [9] "Heart"           "Kidney"          "Liver"           "Lung"           
[13] "Muscle"          "Nerve"           "Ovary"           "Pancreas"       
[17] "Pituitary"       "Prostate"        "Salivary Gland"  "Skin"           
[21] "Small Intestine" "Spleen"          "Stomach"         "Testis"         
[25] "Thyroid"         "Uterus"          "Vagina"         
Extracting genotype data from PLINK file.
PLINK v2.0.0-a.7LM 64-bit Intel (11 Mar 2026)       cog-genomics.org/plink/2.0/
(C) 2005-2026 Shaun Purcell, Christopher Chang    GNU General Public License v3
Logging to /project2/mstephens/wdenault/susie_mix/temp_plink/plink_PKN3.log.
Options in effect:
  --bfile /project2/mstephens/gtex/GTEx_Analysis_2017-06-05_v8_WholeGenomeSeq_866Indiv
  --chr 9
  --export A
  --from-bp 128202503
  --maf 0
  --max-alleles 2
  --memory 8000
  --out /project2/mstephens/wdenault/susie_mix/temp_plink/plink_PKN3
  --rm-dup exclude-all
  --snps-only
  --threads 2
  --to-bp 129202503

Start time: Tue Sep  1 12:32:16 2026
63721 MiB RAM detected, ~34308 available; reserving 8000 MiB for main
workspace.
Using up to 2 compute threads.
866 samples (0 females, 0 males, 866 ambiguous; 866 founders) loaded from
/project2/mstephens/gtex/GTEx_Analysis_2017-06-05_v8_WholeGenomeSeq_866Indiv.fam.
67234533 variants in
/project2/mstephens/gtex/GTEx_Analysis_2017-06-05_v8_WholeGenomeSeq_866Indiv.bim;
64708045 excluded by --chr + --max-alleles + --snps-only, 2526488 remaining.
Note: No phenotype data present.
Note: Skipping --rm-dup since no duplicate IDs are present.
19591 variants remaining after main filters.
--export A pass 1/1: loading... 0%writing... 0%1%2%3%4%5%6%7%8%9%10%11%12%13%14%15%16%17%18%19%20%21%22%23%24%25%26%27%28%29%30%31%32%33%34%35%36%37%38%39%40%41%42%43%44%45%46%47%48%49%50%51%52%53%54%55%56%57%58%59%60%61%62%63%64%65%66%67%68%69%70%71%72%73%74%75%76%77%78%79%80%81%82%83%84%85%86%87%88%89%90%91%92%93%94%95%96%97%98%99% done.
--export A: /project2/mstephens/wdenault/susie_mix/temp_plink/plink_PKN3.raw
written.
End time: Tue Sep  1 12:32:22 2026
51 SNP(s) removed because HWE P < 1e-08 :
 [1] "chr9_128303914_T_C_b38_T" "chr9_128306396_A_G_b38_A"
 [3] "chr9_128308464_G_A_b38_G" "chr9_128312057_G_A_b38_G"
 [5] "chr9_128317929_C_G_b38_C" "chr9_128318511_T_G_b38_T"
 [7] "chr9_128327221_C_T_b38_C" "chr9_128338239_A_T_b38_A"
 [9] "chr9_128339566_C_T_b38_C" "chr9_128346459_T_C_b38_T"
[11] "chr9_128348164_G_A_b38_G" "chr9_128350807_T_G_b38_T"
[13] "chr9_128350974_G_T_b38_G" "chr9_128366627_G_C_b38_G"
[15] "chr9_128366928_T_C_b38_T" "chr9_128369987_G_T_b38_G"
[17] "chr9_128386582_G_C_b38_G" "chr9_128391680_C_T_b38_C"
[19] "chr9_128421469_C_T_b38_C" "chr9_128590974_C_T_b38_C"
[21] "chr9_128603791_G_A_b38_G" "chr9_128606640_A_C_b38_A"
[23] "chr9_128617688_C_T_b38_C" "chr9_128617870_C_G_b38_C"
[25] "chr9_128619649_G_C_b38_G" "chr9_128626364_C_T_b38_C"
[27] "chr9_128628369_G_A_b38_G" "chr9_128636357_C_T_b38_C"
[29] "chr9_128654861_A_C_b38_A" "chr9_128666278_A_G_b38_A"
[31] "chr9_128673885_C_T_b38_C" "chr9_128675371_T_C_b38_T"
[33] "chr9_128681588_A_C_b38_A" "chr9_128686762_A_C_b38_A"
[35] "chr9_128691841_C_T_b38_C" "chr9_128693624_C_T_b38_C"
[37] "chr9_128694241_T_G_b38_T" "chr9_128694242_T_G_b38_T"
[39] "chr9_128694993_G_C_b38_G" "chr9_128697369_A_C_b38_A"
[41] "chr9_128708734_T_C_b38_T" "chr9_128709177_C_T_b38_C"
[43] "chr9_128716364_G_A_b38_G" "chr9_129036860_C_T_b38_C"
[45] "chr9_129044509_A_G_b38_A" "chr9_129045189_T_C_b38_T"
[47] "chr9_129046964_T_C_b38_T" "chr9_129051571_T_C_b38_T"
[49] "chr9_129087650_T_G_b38_T" "chr9_129101647_G_C_b38_G"
[51] "chr9_129104753_A_C_b38_A"

=====================================
Tissue: Adipose Tissue 
=====================================
[1] TRUE
Running SuSiE.

=====================================
Tissue: Adrenal Gland 
=====================================
[1] TRUE
Running SuSiE.

=====================================
Tissue: Blood 
=====================================
[1] TRUE
Running SuSiE.

=====================================
Tissue: Blood Vessel 
=====================================
[1] TRUE
Running SuSiE.

=====================================
Tissue: Brain 
=====================================
[1] TRUE
Running SuSiE.

=====================================
Tissue: Breast 
=====================================
[1] TRUE
Running SuSiE.

=====================================
Tissue: Colon 
=====================================
[1] TRUE
Running SuSiE.

=====================================
Tissue: Esophagus 
=====================================
[1] TRUE
Running SuSiE.

=====================================
Tissue: Heart 
=====================================
[1] TRUE
Running SuSiE.

=====================================
Tissue: Kidney 
=====================================
[1] TRUE
Running SuSiE.

=====================================
Tissue: Liver 
=====================================
[1] TRUE
Running SuSiE.

=====================================
Tissue: Lung 
=====================================
[1] TRUE
Running SuSiE.

=====================================
Tissue: Muscle 
=====================================
[1] TRUE
Running SuSiE.

=====================================
Tissue: Nerve 
=====================================
[1] TRUE
Running SuSiE.

=====================================
Tissue: Ovary 
=====================================
[1] TRUE
Running SuSiE.

=====================================
Tissue: Pancreas 
=====================================
[1] TRUE
Running SuSiE.

=====================================
Tissue: Pituitary 
=====================================
[1] TRUE
Running SuSiE.

=====================================
Tissue: Prostate 
=====================================
[1] TRUE
Running SuSiE.

=====================================
Tissue: Salivary Gland 
=====================================
[1] TRUE
Running SuSiE.

=====================================
Tissue: Skin 
=====================================
[1] TRUE
Running SuSiE.

=====================================
Tissue: Small Intestine 
=====================================
[1] TRUE
Running SuSiE.

=====================================
Tissue: Spleen 
=====================================
[1] TRUE
Running SuSiE.

=====================================
Tissue: Stomach 
=====================================
[1] TRUE
Running SuSiE.

=====================================
Tissue: Testis 
=====================================
[1] TRUE
Running SuSiE.

=====================================
Tissue: Thyroid 
=====================================
[1] TRUE
Running SuSiE.

=====================================
Tissue: Uterus 
=====================================
[1] TRUE
Running SuSiE.

=====================================
Tissue: Vagina 
=====================================
[1] TRUE
Running SuSiE.
[2026-09-01 12:33:21] starting PKNOX1
Importing covariate data.
Importing gene expression data.
Found 27 tissues for gene PKNOX1 :
 [1] "Adipose Tissue"  "Adrenal Gland"   "Blood"           "Blood Vessel"   
 [5] "Brain"           "Breast"          "Colon"           "Esophagus"      
 [9] "Heart"           "Kidney"          "Liver"           "Lung"           
[13] "Muscle"          "Nerve"           "Ovary"           "Pancreas"       
[17] "Pituitary"       "Prostate"        "Salivary Gland"  "Skin"           
[21] "Small Intestine" "Spleen"          "Stomach"         "Testis"         
[25] "Thyroid"         "Uterus"          "Vagina"         
Extracting genotype data from PLINK file.
PLINK v2.0.0-a.7LM 64-bit Intel (11 Mar 2026)       cog-genomics.org/plink/2.0/
(C) 2005-2026 Shaun Purcell, Christopher Chang    GNU General Public License v3
Logging to /project2/mstephens/wdenault/susie_mix/temp_plink/plink_PKNOX1.log.
Options in effect:
  --bfile /project2/mstephens/gtex/GTEx_Analysis_2017-06-05_v8_WholeGenomeSeq_866Indiv
  --chr 21
  --export A
  --from-bp 42474510
  --maf 0
  --max-alleles 2
  --memory 8000
  --out /project2/mstephens/wdenault/susie_mix/temp_plink/plink_PKNOX1
  --rm-dup exclude-all
  --snps-only
  --threads 2
  --to-bp 43474510

Start time: Tue Sep  1 12:34:31 2026
63721 MiB RAM detected, ~34582 available; reserving 8000 MiB for main
workspace.
Using up to 2 compute threads.
866 samples (0 females, 0 males, 866 ambiguous; 866 founders) loaded from
/project2/mstephens/gtex/GTEx_Analysis_2017-06-05_v8_WholeGenomeSeq_866Indiv.fam.
67234533 variants in
/project2/mstephens/gtex/GTEx_Analysis_2017-06-05_v8_WholeGenomeSeq_866Indiv.bim;
66383599 excluded by --chr + --max-alleles + --snps-only, 850934 remaining.
Note: No phenotype data present.
Note: Skipping --rm-dup since no duplicate IDs are present.
17569 variants remaining after main filters.
--export A pass 1/1: loading... 0%writing... 0%1%2%3%4%5%6%7%8%9%10%11%12%13%14%15%16%17%18%19%20%21%22%23%24%25%26%27%28%29%30%31%32%33%34%35%36%37%38%39%40%41%42%43%44%45%46%47%48%49%50%51%52%53%54%55%56%57%58%59%60%61%62%63%64%65%66%67%68%69%70%71%72%73%74%75%76%77%78%79%80%81%82%83%84%85%86%87%88%89%90%91%92%93%94%95%96%97%98%99% done.
--export A: /project2/mstephens/wdenault/susie_mix/temp_plink/plink_PKNOX1.raw
written.
End time: Tue Sep  1 12:34:37 2026
10 SNP(s) removed because HWE P < 1e-08 :
 [1] "chr21_42519964_T_G_b38_T" "chr21_42596980_C_A_b38_C"
 [3] "chr21_42655668_T_C_b38_T" "chr21_42670244_T_C_b38_T"
 [5] "chr21_42670247_A_T_b38_A" "chr21_42719647_A_T_b38_A"
 [7] "chr21_42794579_T_C_b38_T" "chr21_43269448_T_C_b38_T"
 [9] "chr21_43314127_T_C_b38_T" "chr21_43350145_T_C_b38_T"

=====================================
Tissue: Adipose Tissue 
=====================================
[1] TRUE
Running SuSiE.

=====================================
Tissue: Adrenal Gland 
=====================================
[1] TRUE
Running SuSiE.

=====================================
Tissue: Blood 
=====================================
[1] TRUE
Running SuSiE.

=====================================
Tissue: Blood Vessel 
=====================================
[1] TRUE
Running SuSiE.

=====================================
Tissue: Brain 
=====================================
[1] TRUE
Running SuSiE.

=====================================
Tissue: Breast 
=====================================
[1] TRUE
Running SuSiE.

=====================================
Tissue: Colon 
=====================================
[1] TRUE
Running SuSiE.

=====================================
Tissue: Esophagus 
=====================================
[1] TRUE
Running SuSiE.

=====================================
Tissue: Heart 
=====================================
[1] TRUE
Running SuSiE.

=====================================
Tissue: Kidney 
=====================================
[1] TRUE
Running SuSiE.

=====================================
Tissue: Liver 
=====================================
[1] TRUE
Running SuSiE.

=====================================
Tissue: Lung 
=====================================
[1] TRUE
Running SuSiE.

=====================================
Tissue: Muscle 
=====================================
[1] TRUE
Running SuSiE.

=====================================
Tissue: Nerve 
=====================================
[1] TRUE
Running SuSiE.

=====================================
Tissue: Ovary 
=====================================
[1] TRUE
Running SuSiE.

=====================================
Tissue: Pancreas 
=====================================
[1] TRUE
Running SuSiE.

=====================================
Tissue: Pituitary 
=====================================
[1] TRUE
Running SuSiE.

=====================================
Tissue: Prostate 
=====================================
[1] TRUE
Running SuSiE.

=====================================
Tissue: Salivary Gland 
=====================================
[1] TRUE
Running SuSiE.

=====================================
Tissue: Skin 
=====================================
[1] TRUE
Running SuSiE.

=====================================
Tissue: Small Intestine 
=====================================
[1] TRUE
Running SuSiE.

=====================================
Tissue: Spleen 
=====================================
[1] TRUE
Running SuSiE.

=====================================
Tissue: Stomach 
=====================================
[1] TRUE
Running SuSiE.

=====================================
Tissue: Testis 
=====================================
[1] TRUE
Running SuSiE.

=====================================
Tissue: Thyroid 
=====================================
[1] TRUE
Running SuSiE.

=====================================
Tissue: Uterus 
=====================================
[1] TRUE
Running SuSiE.

=====================================
Tissue: Vagina 
=====================================
[1] TRUE
Running SuSiE.
[2026-09-01 12:36:44] starting PKNOX2
Importing covariate data.
Importing gene expression data.
Found 27 tissues for gene PKNOX2 :
 [1] "Adipose Tissue"  "Adrenal Gland"   "Blood"           "Blood Vessel"   
 [5] "Brain"           "Breast"          "Colon"           "Esophagus"      
 [9] "Heart"           "Kidney"          "Liver"           "Lung"           
[13] "Muscle"          "Nerve"           "Ovary"           "Pancreas"       
[17] "Pituitary"       "Prostate"        "Salivary Gland"  "Skin"           
[21] "Small Intestine" "Spleen"          "Stomach"         "Testis"         
[25] "Thyroid"         "Uterus"          "Vagina"         
Extracting genotype data from PLINK file.
PLINK v2.0.0-a.7LM 64-bit Intel (11 Mar 2026)       cog-genomics.org/plink/2.0/
(C) 2005-2026 Shaun Purcell, Christopher Chang    GNU General Public License v3
Logging to /project2/mstephens/wdenault/susie_mix/temp_plink/plink_PKNOX2.log.
Options in effect:
  --bfile /project2/mstephens/gtex/GTEx_Analysis_2017-06-05_v8_WholeGenomeSeq_866Indiv
  --chr 11
  --export A
  --from-bp 124664687
  --maf 0
  --max-alleles 2
  --memory 8000
  --out /project2/mstephens/wdenault/susie_mix/temp_plink/plink_PKNOX2
  --rm-dup exclude-all
  --snps-only
  --threads 2
  --to-bp 125664687

Start time: Tue Sep  1 12:37:49 2026
63721 MiB RAM detected, ~34579 available; reserving 8000 MiB for main
workspace.
Using up to 2 compute threads.
866 samples (0 females, 0 males, 866 ambiguous; 866 founders) loaded from
/project2/mstephens/gtex/GTEx_Analysis_2017-06-05_v8_WholeGenomeSeq_866Indiv.fam.
67234533 variants in
/project2/mstephens/gtex/GTEx_Analysis_2017-06-05_v8_WholeGenomeSeq_866Indiv.bim;
64515227 excluded by --chr + --max-alleles + --snps-only, 2719306 remaining.
Note: No phenotype data present.
Note: Skipping --rm-dup since no duplicate IDs are present.
17592 variants remaining after main filters.
--export A pass 1/1: loading... 0%writing... 0%1%2%3%4%5%6%7%8%9%10%11%12%13%14%15%16%17%18%19%20%21%22%23%24%25%26%27%28%29%30%31%32%33%34%35%36%37%38%39%40%41%42%43%44%45%46%47%48%49%50%51%52%53%54%55%56%57%58%59%60%61%62%63%64%65%66%67%68%69%70%71%72%73%74%75%76%77%78%79%80%81%82%83%84%85%86%87%88%89%90%91%92%93%94%95%96%97%98%99% done.
--export A: /project2/mstephens/wdenault/susie_mix/temp_plink/plink_PKNOX2.raw
written.
End time: Tue Sep  1 12:37:54 2026
16 SNP(s) removed because HWE P < 1e-08 :
 [1] "chr11_124664916_G_A_b38_G" "chr11_124666898_C_T_b38_C"
 [3] "chr11_124673907_T_G_b38_T" "chr11_124696295_C_A_b38_C"
 [5] "chr11_125265251_T_C_b38_T" "chr11_125266572_G_C_b38_G"
 [7] "chr11_125273879_A_G_b38_A" "chr11_125276278_A_G_b38_A"
 [9] "chr11_125276860_A_G_b38_A" "chr11_125277660_C_T_b38_C"
[11] "chr11_125279636_T_C_b38_T" "chr11_125329869_T_C_b38_T"
[13] "chr11_125329871_C_A_b38_C" "chr11_125341104_A_G_b38_A"
[15] "chr11_125343106_T_C_b38_T" "chr11_125344823_T_C_b38_T"

=====================================
Tissue: Adipose Tissue 
=====================================
[1] TRUE
Running SuSiE.

=====================================
Tissue: Adrenal Gland 
=====================================
[1] TRUE
Running SuSiE.

=====================================
Tissue: Blood 
=====================================
[1] TRUE
Running SuSiE.

=====================================
Tissue: Blood Vessel 
=====================================
[1] TRUE
Running SuSiE.

=====================================
Tissue: Brain 
=====================================
[1] TRUE
Running SuSiE.

=====================================
Tissue: Breast 
=====================================
[1] TRUE
Running SuSiE.

=====================================
Tissue: Colon 
=====================================
[1] TRUE
Running SuSiE.

=====================================
Tissue: Esophagus 
=====================================
[1] TRUE
Running SuSiE.

=====================================
Tissue: Heart 
=====================================
[1] TRUE
Running SuSiE.

=====================================
Tissue: Kidney 
=====================================
[1] TRUE
Running SuSiE.

=====================================
Tissue: Liver 
=====================================
[1] TRUE
Running SuSiE.

=====================================
Tissue: Lung 
=====================================
[1] TRUE
Running SuSiE.

=====================================
Tissue: Muscle 
=====================================
[1] TRUE
Running SuSiE.

=====================================
Tissue: Nerve 
=====================================
[1] TRUE
Running SuSiE.

=====================================
Tissue: Ovary 
=====================================
[1] TRUE
Running SuSiE.

=====================================
Tissue: Pancreas 
=====================================
[1] TRUE
Running SuSiE.

=====================================
Tissue: Pituitary 
=====================================
[1] TRUE
Running SuSiE.

=====================================
Tissue: Prostate 
=====================================
[1] TRUE
Running SuSiE.

=====================================
Tissue: Salivary Gland 
=====================================
[1] TRUE
Running SuSiE.

=====================================
Tissue: Skin 
=====================================
[1] TRUE
Running SuSiE.

=====================================
Tissue: Small Intestine 
=====================================
[1] TRUE
Running SuSiE.

=====================================
Tissue: Spleen 
=====================================
[1] TRUE
Running SuSiE.

=====================================
Tissue: Stomach 
=====================================
[1] TRUE
Running SuSiE.

=====================================
Tissue: Testis 
=====================================
[1] TRUE
Running SuSiE.

=====================================
Tissue: Thyroid 
=====================================
[1] TRUE
Running SuSiE.

=====================================
Tissue: Uterus 
=====================================
[1] TRUE
Running SuSiE.

=====================================
Tissue: Vagina 
=====================================
[1] TRUE
Running SuSiE.
[2026-09-01 12:39:48] starting PKP1
Importing covariate data.
Importing gene expression data.
Found 27 tissues for gene PKP1 :
 [1] "Adipose Tissue"  "Adrenal Gland"   "Blood"           "Blood Vessel"   
 [5] "Brain"           "Breast"          "Colon"           "Esophagus"      
 [9] "Heart"           "Kidney"          "Liver"           "Lung"           
[13] "Muscle"          "Nerve"           "Ovary"           "Pancreas"       
[17] "Pituitary"       "Prostate"        "Salivary Gland"  "Skin"           
[21] "Small Intestine" "Spleen"          "Stomach"         "Testis"         
[25] "Thyroid"         "Uterus"          "Vagina"         
Extracting genotype data from PLINK file.
PLINK v2.0.0-a.7LM 64-bit Intel (11 Mar 2026)       cog-genomics.org/plink/2.0/
(C) 2005-2026 Shaun Purcell, Christopher Chang    GNU General Public License v3
Logging to /project2/mstephens/wdenault/susie_mix/temp_plink/plink_PKP1.log.
Options in effect:
  --bfile /project2/mstephens/gtex/GTEx_Analysis_2017-06-05_v8_WholeGenomeSeq_866Indiv
  --chr 1
  --export A
  --from-bp 200783452
  --maf 0
  --max-alleles 2
  --memory 8000
  --out /project2/mstephens/wdenault/susie_mix/temp_plink/plink_PKP1
  --rm-dup exclude-all
  --snps-only
  --threads 2
  --to-bp 201783452

Start time: Tue Sep  1 12:40:53 2026
63721 MiB RAM detected, ~30818 available; reserving 8000 MiB for main
workspace.
Using up to 2 compute threads.
866 samples (0 females, 0 males, 866 ambiguous; 866 founders) loaded from
/project2/mstephens/gtex/GTEx_Analysis_2017-06-05_v8_WholeGenomeSeq_866Indiv.fam.
67234533 variants in
/project2/mstephens/gtex/GTEx_Analysis_2017-06-05_v8_WholeGenomeSeq_866Indiv.bim;
62424502 excluded by --chr + --max-alleles + --snps-only, 4810031 remaining.
Note: No phenotype data present.
Note: Skipping --rm-dup since no duplicate IDs are present.
19148 variants remaining after main filters.
--export A pass 1/1: loading... 0%13% writing... 0%1%2%3%4%5%6%7%8%9%10%11%12%13%14%15%16%17%18%19%20%21%22%23%24%25%26%27%28%29%30%31%32%33%34%35%36%37%38%39%40%41%42%43%44%45%46%47%48%49%50%51%52%53%54%55%56%57%58%59%60%61%62%63%64%65%66%67%68%69%70%71%72%73%74%75%76%77%78%79%80%81%82%83%84%85%86%87%88%89%90%91%92%93%94%95%96%97%98%99% done.
--export A: /project2/mstephens/wdenault/susie_mix/temp_plink/plink_PKP1.raw
written.
End time: Tue Sep  1 12:40:59 2026
33 SNP(s) removed because HWE P < 1e-08 :
 [1] "chr1_200948002_A_G_b38_A" "chr1_200950242_G_A_b38_G"
 [3] "chr1_200958620_G_A_b38_G" "chr1_200959658_T_C_b38_T"
 [5] "chr1_201000855_T_C_b38_T" "chr1_201024897_G_A_b38_G"
 [7] "chr1_201028275_G_T_b38_G" "chr1_201030361_T_G_b38_T"
 [9] "chr1_201079549_A_C_b38_A" "chr1_201207523_C_T_b38_C"
[11] "chr1_201211065_A_G_b38_A" "chr1_201211072_T_G_b38_T"
[13] "chr1_201219200_G_A_b38_G" "chr1_201248059_G_A_b38_G"
[15] "chr1_201248169_G_A_b38_G" "chr1_201248308_G_A_b38_G"
[17] "chr1_201248428_G_A_b38_G" "chr1_201248595_C_G_b38_C"
[19] "chr1_201249688_C_G_b38_C" "chr1_201249710_A_T_b38_A"
[21] "chr1_201249765_T_C_b38_T" "chr1_201249836_T_C_b38_T"
[23] "chr1_201249862_G_A_b38_G" "chr1_201250024_C_T_b38_C"
[25] "chr1_201250236_G_T_b38_G" "chr1_201250614_G_C_b38_G"
[27] "chr1_201250757_C_T_b38_C" "chr1_201250758_A_G_b38_A"
[29] "chr1_201250939_A_G_b38_A" "chr1_201250950_G_C_b38_G"
[31] "chr1_201277102_A_C_b38_A" "chr1_201429127_C_T_b38_C"
[33] "chr1_201556953_C_T_b38_C"

=====================================
Tissue: Adipose Tissue 
=====================================
[1] TRUE
Running SuSiE.

=====================================
Tissue: Adrenal Gland 
=====================================
[1] TRUE
Running SuSiE.

=====================================
Tissue: Blood 
=====================================
[1] TRUE
Running SuSiE.

=====================================
Tissue: Blood Vessel 
=====================================
[1] TRUE
Running SuSiE.

=====================================
Tissue: Brain 
=====================================
[1] TRUE
Running SuSiE.

=====================================
Tissue: Breast 
=====================================
[1] TRUE
Running SuSiE.

=====================================
Tissue: Colon 
=====================================
[1] TRUE
Running SuSiE.

=====================================
Tissue: Esophagus 
=====================================
[1] TRUE
Running SuSiE.

=====================================
Tissue: Heart 
=====================================
[1] TRUE
Running SuSiE.

=====================================
Tissue: Kidney 
=====================================
[1] TRUE
Running SuSiE.

=====================================
Tissue: Liver 
=====================================
[1] TRUE
Running SuSiE.

=====================================
Tissue: Lung 
=====================================
[1] TRUE
Running SuSiE.

=====================================
Tissue: Muscle 
=====================================
[1] TRUE
Running SuSiE.

=====================================
Tissue: Nerve 
=====================================
[1] TRUE
Running SuSiE.

=====================================
Tissue: Ovary 
=====================================
[1] TRUE
Running SuSiE.

=====================================
Tissue: Pancreas 
=====================================
[1] TRUE
Running SuSiE.

=====================================
Tissue: Pituitary 
=====================================
[1] TRUE
Running SuSiE.

=====================================
Tissue: Prostate 
=====================================
[1] TRUE
Running SuSiE.

=====================================
Tissue: Salivary Gland 
=====================================
[1] TRUE
Running SuSiE.

=====================================
Tissue: Skin 
=====================================
[1] TRUE
Running SuSiE.

=====================================
Tissue: Small Intestine 
=====================================
[1] TRUE
Running SuSiE.

=====================================
Tissue: Spleen 
=====================================
[1] TRUE
Running SuSiE.

=====================================
Tissue: Stomach 
=====================================
[1] TRUE
Running SuSiE.

=====================================
Tissue: Testis 
=====================================
[1] TRUE
Running SuSiE.

=====================================
Tissue: Thyroid 
=====================================
[1] TRUE
Running SuSiE.

=====================================
Tissue: Uterus 
=====================================
[1] TRUE
Running SuSiE.

=====================================
Tissue: Vagina 
=====================================
[1] TRUE
Running SuSiE.
[2026-09-01 12:43:12] starting PKP2
Importing covariate data.
Importing gene expression data.
Found 27 tissues for gene PKP2 :
 [1] "Adipose Tissue"  "Adrenal Gland"   "Blood"           "Blood Vessel"   
 [5] "Brain"           "Breast"          "Colon"           "Esophagus"      
 [9] "Heart"           "Kidney"          "Liver"           "Lung"           
[13] "Muscle"          "Nerve"           "Ovary"           "Pancreas"       
[17] "Pituitary"       "Prostate"        "Salivary Gland"  "Skin"           
[21] "Small Intestine" "Spleen"          "Stomach"         "Testis"         
[25] "Thyroid"         "Uterus"          "Vagina"         
Extracting genotype data from PLINK file.
PLINK v2.0.0-a.7LM 64-bit Intel (11 Mar 2026)       cog-genomics.org/plink/2.0/
(C) 2005-2026 Shaun Purcell, Christopher Chang    GNU General Public License v3
Logging to /project2/mstephens/wdenault/susie_mix/temp_plink/plink_PKP2.log.
Options in effect:
  --bfile /project2/mstephens/gtex/GTEx_Analysis_2017-06-05_v8_WholeGenomeSeq_866Indiv
  --chr 12
  --export A
  --from-bp 32396777
  --maf 0
  --max-alleles 2
  --memory 8000
  --out /project2/mstephens/wdenault/susie_mix/temp_plink/plink_PKP2
  --rm-dup exclude-all
  --snps-only
  --threads 2
  --to-bp 33396777

Start time: Tue Sep  1 12:44:20 2026
63721 MiB RAM detected, ~30829 available; reserving 8000 MiB for main
workspace.
Using up to 2 compute threads.
866 samples (0 females, 0 males, 866 ambiguous; 866 founders) loaded from
/project2/mstephens/gtex/GTEx_Analysis_2017-06-05_v8_WholeGenomeSeq_866Indiv.fam.
67234533 variants in
/project2/mstephens/gtex/GTEx_Analysis_2017-06-05_v8_WholeGenomeSeq_866Indiv.bim;
64641234 excluded by --chr + --max-alleles + --snps-only, 2593299 remaining.
Note: No phenotype data present.
Note: Skipping --rm-dup since no duplicate IDs are present.
19843 variants remaining after main filters.
--export A pass 1/1: loading... 0%1%writing... 0%1%2%3%4%5%6%7%8%9%10%11%12%13%14%15%16%17%18%19%20%21%22%23%24%25%26%27%28%29%30%31%32%33%34%35%36%37%38%39%40%41%42%43%44%45%46%47%48%49%50%51%52%53%54%55%56%57%58%59%60%61%62%63%64%65%66%67%68%69%70%71%72%73%74%75%76%77%78%79%80%81%82%83%84%85%86%87%88%89%90%91%92%93%94%95%96%97%98%99% done.
--export A: /project2/mstephens/wdenault/susie_mix/temp_plink/plink_PKP2.raw
written.
End time: Tue Sep  1 12:44:26 2026
251 SNP(s) removed because HWE P < 1e-08 :
  [1] "chr12_32439895_C_T_b38_C" "chr12_32447328_G_A_b38_G"
  [3] "chr12_32453037_A_G_b38_A" "chr12_32457658_C_T_b38_C"
  [5] "chr12_32469822_G_A_b38_G" "chr12_32475108_C_G_b38_C"
  [7] "chr12_32480318_T_C_b38_T" "chr12_32480410_C_G_b38_C"
  [9] "chr12_32482118_A_T_b38_A" "chr12_32510843_G_A_b38_G"
 [11] "chr12_32512378_T_C_b38_T" "chr12_32607595_C_T_b38_C"
 [13] "chr12_32608788_A_C_b38_A" "chr12_32892831_A_G_b38_A"
 [15] "chr12_32900788_A_G_b38_A" "chr12_32905128_G_A_b38_G"
 [17] "chr12_32910788_A_T_b38_A" "chr12_32916399_G_A_b38_G"
 [19] "chr12_32917280_T_C_b38_T" "chr12_32917723_A_G_b38_A"
 [21] "chr12_32920869_G_A_b38_G" "chr12_32943085_C_T_b38_C"
 [23] "chr12_32948841_A_C_b38_A" "chr12_32948859_G_C_b38_G"
 [25] "chr12_32948862_C_T_b38_C" "chr12_32949086_G_A_b38_G"
 [27] "chr12_32949641_A_C_b38_A" "chr12_32950753_C_T_b38_C"
 [29] "chr12_32950836_T_C_b38_T" "chr12_32951222_G_A_b38_G"
 [31] "chr12_32951947_C_T_b38_C" "chr12_32952089_T_C_b38_T"
 [33] "chr12_32952203_T_A_b38_T" "chr12_32952207_A_G_b38_A"
 [35] "chr12_32952259_A_G_b38_A" "chr12_32952874_T_C_b38_T"
 [37] "chr12_32953079_A_G_b38_A" "chr12_32953948_G_A_b38_G"
 [39] "chr12_32953967_C_T_b38_C" "chr12_32954012_T_C_b38_T"
 [41] "chr12_32954113_A_G_b38_A" "chr12_32954138_T_C_b38_T"
 [43] "chr12_32954633_G_A_b38_G" "chr12_32955542_A_G_b38_A"
 [45] "chr12_32955578_T_C_b38_T" "chr12_32955746_A_G_b38_A"
 [47] "chr12_32956216_T_C_b38_T" "chr12_32956610_C_G_b38_C"
 [49] "chr12_32956614_A_G_b38_A" "chr12_32956708_A_T_b38_A"
 [51] "chr12_32956742_A_G_b38_A" "chr12_32956814_G_C_b38_G"
 [53] "chr12_32956892_T_C_b38_T" "chr12_32957330_C_A_b38_C"
 [55] "chr12_32957331_T_A_b38_T" "chr12_32957686_T_C_b38_T"
 [57] "chr12_32957837_T_C_b38_T" "chr12_32958290_T_G_b38_T"
 [59] "chr12_32958314_T_A_b38_T" "chr12_32958425_A_G_b38_A"
 [61] "chr12_32958573_T_C_b38_T" "chr12_32959261_G_C_b38_G"
 [63] "chr12_32959367_A_G_b38_A" "chr12_32959450_A_G_b38_A"
 [65] "chr12_32959480_C_G_b38_C" "chr12_32959631_C_T_b38_C"
 [67] "chr12_32959699_C_A_b38_C" "chr12_32959749_G_A_b38_G"
 [69] "chr12_32959940_T_C_b38_T" "chr12_32960126_G_T_b38_G"
 [71] "chr12_32960252_G_C_b38_G" "chr12_32960522_C_T_b38_C"
 [73] "chr12_32960815_A_C_b38_A" "chr12_32960858_T_C_b38_T"
 [75] "chr12_32961524_C_A_b38_C" "chr12_32961530_T_A_b38_T"
 [77] "chr12_32961590_T_C_b38_T" "chr12_32961647_G_A_b38_G"
 [79] "chr12_32961870_T_C_b38_T" "chr12_32961967_A_G_b38_A"
 [81] "chr12_32961968_C_T_b38_C" "chr12_32962025_G_A_b38_G"
 [83] "chr12_32962191_G_A_b38_G" "chr12_32962227_G_A_b38_G"
 [85] "chr12_32962435_A_G_b38_A" "chr12_32962674_C_T_b38_C"
 [87] "chr12_32962675_A_G_b38_A" "chr12_32962886_A_T_b38_A"
 [89] "chr12_32963085_A_G_b38_A" "chr12_32963663_T_C_b38_T"
 [91] "chr12_32963775_G_T_b38_G" "chr12_32964145_G_A_b38_G"
 [93] "chr12_32964250_T_G_b38_T" "chr12_32964301_C_T_b38_C"
 [95] "chr12_32964509_C_A_b38_C" "chr12_32964659_A_G_b38_A"
 [97] "chr12_32965109_G_A_b38_G" "chr12_32965309_C_T_b38_C"
 [99] "chr12_32965310_T_C_b38_T" "chr12_32965546_C_G_b38_C"
[101] "chr12_32965553_C_T_b38_C" "chr12_33089156_A_C_b38_A"
[103] "chr12_33217413_G_A_b38_G" "chr12_33217471_G_A_b38_G"
[105] "chr12_33217495_T_C_b38_T" "chr12_33217500_A_T_b38_A"
[107] "chr12_33217770_C_T_b38_C" "chr12_33218816_G_C_b38_G"
[109] "chr12_33218827_A_G_b38_A" "chr12_33218914_C_T_b38_C"
[111] "chr12_33219172_T_G_b38_T" "chr12_33219276_C_T_b38_C"
[113] "chr12_33219440_T_C_b38_T" "chr12_33219509_G_A_b38_G"
[115] "chr12_33219655_G_A_b38_G" "chr12_33220453_A_G_b38_A"
[117] "chr12_33220992_T_C_b38_T" "chr12_33221044_C_G_b38_C"
[119] "chr12_33221478_G_T_b38_G" "chr12_33221494_G_C_b38_G"
[121] "chr12_33222143_C_T_b38_C" "chr12_33222422_T_C_b38_T"
[123] "chr12_33222521_C_T_b38_C" "chr12_33222963_C_T_b38_C"
[125] "chr12_33223732_A_G_b38_A" "chr12_33224733_C_T_b38_C"
[127] "chr12_33224850_C_T_b38_C" "chr12_33225010_A_G_b38_A"
[129] "chr12_33225549_T_C_b38_T" "chr12_33225563_T_C_b38_T"
[131] "chr12_33225569_C_G_b38_C" "chr12_33225683_G_A_b38_G"
[133] "chr12_33225861_T_C_b38_T" "chr12_33226083_T_C_b38_T"
[135] "chr12_33226505_C_G_b38_C" "chr12_33226668_G_C_b38_G"
[137] "chr12_33226990_C_A_b38_C" "chr12_33227071_G_C_b38_G"
[139] "chr12_33227096_G_A_b38_G" "chr12_33227526_A_T_b38_A"
[141] "chr12_33227545_G_A_b38_G" "chr12_33227644_T_C_b38_T"
[143] "chr12_33227700_T_C_b38_T" "chr12_33227819_C_T_b38_C"
[145] "chr12_33228007_A_G_b38_A" "chr12_33228067_G_C_b38_G"
[147] "chr12_33228114_G_C_b38_G" "chr12_33228176_C_G_b38_C"
[149] "chr12_33228279_T_C_b38_T" "chr12_33228648_C_T_b38_C"
[151] "chr12_33228797_A_T_b38_A" "chr12_33228911_G_T_b38_G"
[153] "chr12_33228917_A_G_b38_A" "chr12_33228959_C_T_b38_C"
[155] "chr12_33229230_A_G_b38_A" "chr12_33229232_C_G_b38_C"
[157] "chr12_33229326_C_A_b38_C" "chr12_33229402_C_T_b38_C"
[159] "chr12_33229409_T_C_b38_T" "chr12_33229440_T_A_b38_T"
[161] "chr12_33229462_C_T_b38_C" "chr12_33229778_G_C_b38_G"
[163] "chr12_33229821_G_A_b38_G" "chr12_33229855_G_T_b38_G"
[165] "chr12_33229907_G_T_b38_G" "chr12_33229994_A_G_b38_A"
[167] "chr12_33230101_C_T_b38_C" "chr12_33230128_C_T_b38_C"
[169] "chr12_33230129_A_G_b38_A" "chr12_33230216_C_T_b38_C"
[171] "chr12_33230241_T_C_b38_T" "chr12_33230521_G_A_b38_G"
[173] "chr12_33230558_G_T_b38_G" "chr12_33230577_G_A_b38_G"
[175] "chr12_33230730_C_T_b38_C" "chr12_33230849_T_A_b38_T"
[177] "chr12_33230923_G_C_b38_G" "chr12_33230965_C_T_b38_C"
[179] "chr12_33231043_A_G_b38_A" "chr12_33232087_A_C_b38_A"
[181] "chr12_33245364_C_A_b38_C" "chr12_33245633_C_T_b38_C"
[183] "chr12_33245701_G_C_b38_G" "chr12_33245729_A_G_b38_A"
[185] "chr12_33245911_G_A_b38_G" "chr12_33245951_G_C_b38_G"
[187] "chr12_33246118_C_T_b38_C" "chr12_33246810_G_A_b38_G"
[189] "chr12_33246986_T_C_b38_T" "chr12_33246990_G_C_b38_G"
[191] "chr12_33247899_A_T_b38_A" "chr12_33248163_A_G_b38_A"
[193] "chr12_33248325_A_T_b38_A" "chr12_33248835_T_A_b38_T"
[195] "chr12_33249193_C_A_b38_C" "chr12_33251108_C_T_b38_C"
[197] "chr12_33251279_T_G_b38_T" "chr12_33251329_T_C_b38_T"
[199] "chr12_33252165_A_G_b38_A" "chr12_33252280_T_C_b38_T"
[201] "chr12_33252943_G_A_b38_G" "chr12_33253046_A_T_b38_A"
[203] "chr12_33253454_T_C_b38_T" "chr12_33253690_C_G_b38_C"
[205] "chr12_33253717_G_A_b38_G" "chr12_33254039_G_A_b38_G"
[207] "chr12_33254158_G_A_b38_G" "chr12_33254985_C_A_b38_C"
[209] "chr12_33255068_A_G_b38_A" "chr12_33255100_C_A_b38_C"
[211] "chr12_33255130_T_C_b38_T" "chr12_33255196_A_G_b38_A"
[213] "chr12_33255284_C_T_b38_C" "chr12_33255498_T_G_b38_T"
[215] "chr12_33255619_C_A_b38_C" "chr12_33256108_C_T_b38_C"
[217] "chr12_33256148_T_C_b38_T" "chr12_33256152_C_T_b38_C"
[219] "chr12_33256347_G_A_b38_G" "chr12_33256389_T_C_b38_T"
[221] "chr12_33256710_A_G_b38_A" "chr12_33256716_G_T_b38_G"
[223] "chr12_33256756_A_G_b38_A" "chr12_33257181_A_G_b38_A"
[225] "chr12_33258106_C_T_b38_C" "chr12_33258180_C_A_b38_C"
[227] "chr12_33258375_A_G_b38_A" "chr12_33258407_A_G_b38_A"
[229] "chr12_33258856_C_A_b38_C" "chr12_33258877_C_A_b38_C"
[231] "chr12_33259000_C_T_b38_C" "chr12_33259388_C_T_b38_C"
[233] "chr12_33259499_T_C_b38_T" "chr12_33259511_C_T_b38_C"
[235] "chr12_33259512_C_G_b38_C" "chr12_33259586_A_C_b38_A"
[237] "chr12_33267395_C_T_b38_C" "chr12_33270156_T_C_b38_T"
[239] "chr12_33270560_C_T_b38_C" "chr12_33271477_T_C_b38_T"
[241] "chr12_33271487_G_A_b38_G" "chr12_33274911_T_G_b38_T"
[243] "chr12_33276357_G_T_b38_G" "chr12_33277381_A_T_b38_A"
[245] "chr12_33277382_A_C_b38_A" "chr12_33277932_A_G_b38_A"
[247] "chr12_33279183_C_T_b38_C" "chr12_33280099_T_C_b38_T"
[249] "chr12_33280686_T_C_b38_T" "chr12_33281413_T_C_b38_T"
[251] "chr12_33281955_C_T_b38_C"

=====================================
Tissue: Adipose Tissue 
=====================================
[1] TRUE
Running SuSiE.

=====================================
Tissue: Adrenal Gland 
=====================================
[1] TRUE
Running SuSiE.

=====================================
Tissue: Blood 
=====================================
[1] TRUE
Running SuSiE.

=====================================
Tissue: Blood Vessel 
=====================================
[1] TRUE
Running SuSiE.

=====================================
Tissue: Brain 
=====================================
[1] TRUE
Running SuSiE.

=====================================
Tissue: Breast 
=====================================
[1] TRUE
Running SuSiE.

=====================================
Tissue: Colon 
=====================================
[1] TRUE
Running SuSiE.

=====================================
Tissue: Esophagus 
=====================================
[1] TRUE
Running SuSiE.

=====================================
Tissue: Heart 
=====================================
[1] TRUE
Running SuSiE.

=====================================
Tissue: Kidney 
=====================================
[1] TRUE
Running SuSiE.

=====================================
Tissue: Liver 
=====================================
[1] TRUE
Running SuSiE.

=====================================
Tissue: Lung 
=====================================
[1] TRUE
Running SuSiE.

=====================================
Tissue: Muscle 
=====================================
[1] TRUE
Running SuSiE.

=====================================
Tissue: Nerve 
=====================================
[1] TRUE
Running SuSiE.

=====================================
Tissue: Ovary 
=====================================
[1] TRUE
Running SuSiE.

=====================================
Tissue: Pancreas 
=====================================
[1] TRUE
Running SuSiE.

=====================================
Tissue: Pituitary 
=====================================
[1] TRUE
Running SuSiE.

=====================================
Tissue: Prostate 
=====================================
[1] TRUE
Running SuSiE.

=====================================
Tissue: Salivary Gland 
=====================================
[1] TRUE
Running SuSiE.

=====================================
Tissue: Skin 
=====================================
[1] TRUE
Running SuSiE.

=====================================
Tissue: Small Intestine 
=====================================
[1] TRUE
Running SuSiE.

=====================================
Tissue: Spleen 
=====================================
[1] TRUE
Running SuSiE.

=====================================
Tissue: Stomach 
=====================================
[1] TRUE
Running SuSiE.

=====================================
Tissue: Testis 
=====================================
[1] TRUE
Running SuSiE.

=====================================
Tissue: Thyroid 
=====================================
[1] TRUE
Running SuSiE.

=====================================
Tissue: Uterus 
=====================================
[1] TRUE
Running SuSiE.

=====================================
Tissue: Vagina 
=====================================
[1] TRUE
Running SuSiE.
[2026-09-01 12:46:54] starting PKP3
Importing covariate data.
Importing gene expression data.
Found 27 tissues for gene PKP3 :
 [1] "Adipose Tissue"  "Adrenal Gland"   "Blood"           "Blood Vessel"   
 [5] "Brain"           "Breast"          "Colon"           "Esophagus"      
 [9] "Heart"           "Kidney"          "Liver"           "Lung"           
[13] "Muscle"          "Nerve"           "Ovary"           "Pancreas"       
[17] "Pituitary"       "Prostate"        "Salivary Gland"  "Skin"           
[21] "Small Intestine" "Spleen"          "Stomach"         "Testis"         
[25] "Thyroid"         "Uterus"          "Vagina"         
Extracting genotype data from PLINK file.
PLINK v2.0.0-a.7LM 64-bit Intel (11 Mar 2026)       cog-genomics.org/plink/2.0/
(C) 2005-2026 Shaun Purcell, Christopher Chang    GNU General Public License v3
Logging to /project2/mstephens/wdenault/susie_mix/temp_plink/plink_PKP3.log.
Options in effect:
  --bfile /project2/mstephens/gtex/GTEx_Analysis_2017-06-05_v8_WholeGenomeSeq_866Indiv
  --chr 11
  --export A
  --from-bp 0
  --maf 0
  --max-alleles 2
  --memory 8000
  --out /project2/mstephens/wdenault/susie_mix/temp_plink/plink_PKP3
  --rm-dup exclude-all
  --snps-only
  --threads 2
  --to-bp 892614

Start time: Tue Sep  1 12:48:01 2026
63721 MiB RAM detected, ~30842 available; reserving 8000 MiB for main
workspace.
Using up to 2 compute threads.
866 samples (0 females, 0 males, 866 ambiguous; 866 founders) loaded from
/project2/mstephens/gtex/GTEx_Analysis_2017-06-05_v8_WholeGenomeSeq_866Indiv.fam.
67234533 variants in
/project2/mstephens/gtex/GTEx_Analysis_2017-06-05_v8_WholeGenomeSeq_866Indiv.bim;
64515227 excluded by --chr + --max-alleles + --snps-only, 2719306 remaining.
Note: No phenotype data present.
Note: Skipping --rm-dup since no duplicate IDs are present.
20436 variants remaining after main filters.
--export A pass 1/1: loading... 0%writing... 0%1%2%3%4%5%6%7%8%9%10%11%12%13%14%15%16%17%18%19%20%21%22%23%24%25%26%27%28%29%30%31%32%33%34%35%36%37%38%39%40%41%42%43%44%45%46%47%48%49%50%51%52%53%54%55%56%57%58%59%60%61%62%63%64%65%66%67%68%69%70%71%72%73%74%75%76%77%78%79%80%81%82%83%84%85%86%87%88%89%90%91%92%93%94%95%96%97%98%99% done.
--export A: /project2/mstephens/wdenault/susie_mix/temp_plink/plink_PKP3.raw
written.
End time: Tue Sep  1 12:48:07 2026
44 SNP(s) removed because HWE P < 1e-08 :
 [1] "chr11_132591_C_T_b38_C" "chr11_133621_C_T_b38_C" "chr11_135029_C_T_b38_C"
 [4] "chr11_135138_C_G_b38_C" "chr11_178089_A_G_b38_A" "chr11_179401_T_C_b38_T"
 [7] "chr11_184029_T_C_b38_T" "chr11_184074_A_G_b38_A" "chr11_184145_A_G_b38_A"
[10] "chr11_184397_A_G_b38_A" "chr11_188498_T_C_b38_T" "chr11_189317_G_A_b38_G"
[13] "chr11_189356_G_A_b38_G" "chr11_189420_A_T_b38_A" "chr11_189780_G_A_b38_G"
[16] "chr11_189848_C_A_b38_C" "chr11_190287_C_T_b38_C" "chr11_190488_T_C_b38_T"
[19] "chr11_190551_G_T_b38_G" "chr11_190556_G_A_b38_G" "chr11_190567_T_G_b38_T"
[22] "chr11_190571_T_C_b38_T" "chr11_190650_A_G_b38_A" "chr11_190688_T_G_b38_T"
[25] "chr11_190699_C_T_b38_C" "chr11_190716_A_C_b38_A" "chr11_190727_C_T_b38_C"
[28] "chr11_190729_G_A_b38_G" "chr11_190761_A_G_b38_A" "chr11_190790_C_T_b38_C"
[31] "chr11_190838_T_G_b38_T" "chr11_190878_G_A_b38_G" "chr11_190917_T_G_b38_T"
[34] "chr11_191650_T_G_b38_T" "chr11_191770_C_T_b38_C" "chr11_191948_C_T_b38_C"
[37] "chr11_284299_A_G_b38_A" "chr11_307808_A_G_b38_A" "chr11_308022_C_T_b38_C"
[40] "chr11_321017_A_C_b38_A" "chr11_321090_T_G_b38_T" "chr11_365502_A_G_b38_A"
[43] "chr11_574121_T_C_b38_T" "chr11_574335_G_A_b38_G"

=====================================
Tissue: Adipose Tissue 
=====================================
[1] TRUE
Running SuSiE.

=====================================
Tissue: Adrenal Gland 
=====================================
[1] TRUE
Running SuSiE.

=====================================
Tissue: Blood 
=====================================
[1] TRUE
Running SuSiE.

=====================================
Tissue: Blood Vessel 
=====================================
[1] TRUE
Running SuSiE.

=====================================
Tissue: Brain 
=====================================
[1] TRUE
Running SuSiE.

=====================================
Tissue: Breast 
=====================================
[1] TRUE
Running SuSiE.

=====================================
Tissue: Colon 
=====================================
[1] TRUE
Running SuSiE.

=====================================
Tissue: Esophagus 
=====================================
[1] TRUE
Running SuSiE.

=====================================
Tissue: Heart 
=====================================
[1] TRUE
Running SuSiE.

=====================================
Tissue: Kidney 
=====================================
[1] TRUE
Running SuSiE.

=====================================
Tissue: Liver 
=====================================
[1] TRUE
Running SuSiE.

=====================================
Tissue: Lung 
=====================================
[1] TRUE
Running SuSiE.

=====================================
Tissue: Muscle 
=====================================
[1] TRUE
Running SuSiE.

=====================================
Tissue: Nerve 
=====================================
[1] TRUE
Running SuSiE.

=====================================
Tissue: Ovary 
=====================================
[1] TRUE
Running SuSiE.

=====================================
Tissue: Pancreas 
=====================================
[1] TRUE
Running SuSiE.

=====================================
Tissue: Pituitary 
=====================================
[1] TRUE
Running SuSiE.

=====================================
Tissue: Prostate 
=====================================
[1] TRUE
Running SuSiE.

=====================================
Tissue: Salivary Gland 
=====================================
[1] TRUE
Running SuSiE.

=====================================
Tissue: Skin 
=====================================
[1] TRUE
Running SuSiE.

=====================================
Tissue: Small Intestine 
=====================================
[1] TRUE
Running SuSiE.

=====================================
Tissue: Spleen 
=====================================
[1] TRUE
Running SuSiE.

=====================================
Tissue: Stomach 
=====================================
[1] TRUE
Running SuSiE.

=====================================
Tissue: Testis 
=====================================
[1] TRUE
Running SuSiE.

=====================================
Tissue: Thyroid 
=====================================
[1] TRUE
Running SuSiE.

=====================================
Tissue: Uterus 
=====================================
[1] TRUE
Running SuSiE.

=====================================
Tissue: Vagina 
=====================================
[1] TRUE
Running SuSiE.
[2026-09-01 12:50:00] starting PKP4
Importing covariate data.
Importing gene expression data.
Found 27 tissues for gene PKP4 :
 [1] "Adipose Tissue"  "Adrenal Gland"   "Blood"           "Blood Vessel"   
 [5] "Brain"           "Breast"          "Colon"           "Esophagus"      
 [9] "Heart"           "Kidney"          "Liver"           "Lung"           
[13] "Muscle"          "Nerve"           "Ovary"           "Pancreas"       
[17] "Pituitary"       "Prostate"        "Salivary Gland"  "Skin"           
[21] "Small Intestine" "Spleen"          "Stomach"         "Testis"         
[25] "Thyroid"         "Uterus"          "Vagina"         
Extracting genotype data from PLINK file.
PLINK v2.0.0-a.7LM 64-bit Intel (11 Mar 2026)       cog-genomics.org/plink/2.0/
(C) 2005-2026 Shaun Purcell, Christopher Chang    GNU General Public License v3
Logging to /project2/mstephens/wdenault/susie_mix/temp_plink/plink_PKP4.log.
Options in effect:
  --bfile /project2/mstephens/gtex/GTEx_Analysis_2017-06-05_v8_WholeGenomeSeq_866Indiv
  --chr 2
  --export A
  --from-bp 157956952
  --maf 0
  --max-alleles 2
  --memory 8000
  --out /project2/mstephens/wdenault/susie_mix/temp_plink/plink_PKP4
  --rm-dup exclude-all
  --snps-only
  --threads 2
  --to-bp 158956952

Start time: Tue Sep  1 12:51:06 2026
63721 MiB RAM detected, ~34562 available; reserving 8000 MiB for main
workspace.
Using up to 2 compute threads.
866 samples (0 females, 0 males, 866 ambiguous; 866 founders) loaded from
/project2/mstephens/gtex/GTEx_Analysis_2017-06-05_v8_WholeGenomeSeq_866Indiv.fam.
67234533 variants in
/project2/mstephens/gtex/GTEx_Analysis_2017-06-05_v8_WholeGenomeSeq_866Indiv.bim;
62634692 excluded by --chr + --max-alleles + --snps-only, 4599841 remaining.
Note: No phenotype data present.
Note: Skipping --rm-dup since no duplicate IDs are present.
19458 variants remaining after main filters.
--export A pass 1/1: loading... 0%writing... 0%1%2%3%4%5%6%7%8%9%10%11%12%13%14%15%16%17%18%19%20%21%22%23%24%25%26%27%28%29%30%31%32%33%34%35%36%37%38%39%40%41%42%43%44%45%46%47%48%49%50%51%52%53%54%55%56%57%58%59%60%61%62%63%64%65%66%67%68%69%70%71%72%73%74%75%76%77%78%79%80%81%82%83%84%85%86%87%88%89%90%91%92%93%94%95%96%97%98%99% done.
--export A: /project2/mstephens/wdenault/susie_mix/temp_plink/plink_PKP4.raw
written.
End time: Tue Sep  1 12:51:11 2026
43 SNP(s) removed because HWE P < 1e-08 :
 [1] "chr2_158055664_G_A_b38_G" "chr2_158096820_G_A_b38_G"
 [3] "chr2_158204555_A_G_b38_A" "chr2_158209510_T_C_b38_T"
 [5] "chr2_158241538_T_C_b38_T" "chr2_158415508_A_C_b38_A"
 [7] "chr2_158415528_C_T_b38_C" "chr2_158415551_T_A_b38_T"
 [9] "chr2_158417050_A_C_b38_A" "chr2_158426612_G_A_b38_G"
[11] "chr2_158431332_T_C_b38_T" "chr2_158438940_T_C_b38_T"
[13] "chr2_158660155_G_A_b38_G" "chr2_158848285_C_T_b38_C"
[15] "chr2_158848310_A_G_b38_A" "chr2_158848343_T_C_b38_T"
[17] "chr2_158848533_G_C_b38_G" "chr2_158848535_G_A_b38_G"
[19] "chr2_158868298_T_A_b38_T" "chr2_158868300_C_T_b38_C"
[21] "chr2_158868366_C_G_b38_C" "chr2_158868381_A_G_b38_A"
[23] "chr2_158868388_A_G_b38_A" "chr2_158868391_A_T_b38_A"
[25] "chr2_158868392_G_A_b38_G" "chr2_158868398_G_A_b38_G"
[27] "chr2_158868410_G_A_b38_G" "chr2_158868551_C_T_b38_C"
[29] "chr2_158868563_G_A_b38_G" "chr2_158868575_C_A_b38_C"
[31] "chr2_158868596_C_T_b38_C" "chr2_158868600_A_G_b38_A"
[33] "chr2_158868613_T_A_b38_T" "chr2_158868634_G_A_b38_G"
[35] "chr2_158868639_C_T_b38_C" "chr2_158868640_C_T_b38_C"
[37] "chr2_158868658_T_C_b38_T" "chr2_158868661_C_T_b38_C"
[39] "chr2_158868683_T_C_b38_T" "chr2_158868687_C_T_b38_C"
[41] "chr2_158875805_T_C_b38_T" "chr2_158932439_C_T_b38_C"
[43] "chr2_158935521_C_T_b38_C"

=====================================
Tissue: Adipose Tissue 
=====================================
[1] TRUE
Running SuSiE.

=====================================
Tissue: Adrenal Gland 
=====================================
[1] TRUE
Running SuSiE.

=====================================
Tissue: Blood 
=====================================
[1] TRUE
Running SuSiE.

=====================================
Tissue: Blood Vessel 
=====================================
[1] TRUE
Running SuSiE.

=====================================
Tissue: Brain 
=====================================
[1] TRUE
Running SuSiE.

=====================================
Tissue: Breast 
=====================================
[1] TRUE
Running SuSiE.

=====================================
Tissue: Colon 
=====================================
[1] TRUE
Running SuSiE.

=====================================
Tissue: Esophagus 
=====================================
[1] TRUE
Running SuSiE.

=====================================
Tissue: Heart 
=====================================
[1] TRUE
Running SuSiE.

=====================================
Tissue: Kidney 
=====================================
[1] TRUE
Running SuSiE.

=====================================
Tissue: Liver 
=====================================
[1] TRUE
Running SuSiE.

=====================================
Tissue: Lung 
=====================================
[1] TRUE
Running SuSiE.

=====================================
Tissue: Muscle 
=====================================
[1] TRUE
Running SuSiE.

=====================================
Tissue: Nerve 
=====================================
[1] TRUE
Running SuSiE.

=====================================
Tissue: Ovary 
=====================================
[1] TRUE
Running SuSiE.

=====================================
Tissue: Pancreas 
=====================================
[1] TRUE
Running SuSiE.

=====================================
Tissue: Pituitary 
=====================================
[1] TRUE
Running SuSiE.

=====================================
Tissue: Prostate 
=====================================
[1] TRUE
Running SuSiE.

=====================================
Tissue: Salivary Gland 
=====================================
[1] TRUE
Running SuSiE.

=====================================
Tissue: Skin 
=====================================
[1] TRUE
Running SuSiE.

=====================================
Tissue: Small Intestine 
=====================================
[1] TRUE
Running SuSiE.

=====================================
Tissue: Spleen 
=====================================
[1] TRUE
Running SuSiE.

=====================================
Tissue: Stomach 
=====================================
[1] TRUE
Running SuSiE.

=====================================
Tissue: Testis 
=====================================
[1] TRUE
Running SuSiE.

=====================================
Tissue: Thyroid 
=====================================
[1] TRUE
Running SuSiE.

=====================================
Tissue: Uterus 
=====================================
[1] TRUE
Running SuSiE.

=====================================
Tissue: Vagina 
=====================================
[1] TRUE
Running SuSiE.
[2026-09-01 12:53:48] starting PLA1A
Importing covariate data.
Importing gene expression data.
Found 27 tissues for gene PLA1A :
 [1] "Adipose Tissue"  "Adrenal Gland"   "Blood"           "Blood Vessel"   
 [5] "Brain"           "Breast"          "Colon"           "Esophagus"      
 [9] "Heart"           "Kidney"          "Liver"           "Lung"           
[13] "Muscle"          "Nerve"           "Ovary"           "Pancreas"       
[17] "Pituitary"       "Prostate"        "Salivary Gland"  "Skin"           
[21] "Small Intestine" "Spleen"          "Stomach"         "Testis"         
[25] "Thyroid"         "Uterus"          "Vagina"         
Extracting genotype data from PLINK file.
PLINK v2.0.0-a.7LM 64-bit Intel (11 Mar 2026)       cog-genomics.org/plink/2.0/
(C) 2005-2026 Shaun Purcell, Christopher Chang    GNU General Public License v3
Logging to /project2/mstephens/wdenault/susie_mix/temp_plink/plink_PLA1A.log.
Options in effect:
  --bfile /project2/mstephens/gtex/GTEx_Analysis_2017-06-05_v8_WholeGenomeSeq_866Indiv
  --chr 3
  --export A
  --from-bp 119097875
  --maf 0
  --max-alleles 2
  --memory 8000
  --out /project2/mstephens/wdenault/susie_mix/temp_plink/plink_PLA1A
  --rm-dup exclude-all
  --snps-only
  --threads 2
  --to-bp 120097875

Start time: Tue Sep  1 12:54:57 2026
63721 MiB RAM detected, ~33955 available; reserving 8000 MiB for main
workspace.
Using up to 2 compute threads.
866 samples (0 females, 0 males, 866 ambiguous; 866 founders) loaded from
/project2/mstephens/gtex/GTEx_Analysis_2017-06-05_v8_WholeGenomeSeq_866Indiv.fam.
67234533 variants in
/project2/mstephens/gtex/GTEx_Analysis_2017-06-05_v8_WholeGenomeSeq_866Indiv.bim;
63427992 excluded by --chr + --max-alleles + --snps-only, 3806541 remaining.
Note: No phenotype data present.
Note: Skipping --rm-dup since no duplicate IDs are present.
17488 variants remaining after main filters.
--export A pass 1/1: loading... 0%60% writing... 0%1%2%3%4%5%6%7%8%9%10%11%12%13%14%15%16%17%18%19%20%21%22%23%24%25%26%27%28%29%30%31%32%33%34%35%36%37%38%39%40%41%42%43%44%45%46%47%48%49%50%51%52%53%54%55%56%57%58%59%60%61%62%63%64%65%66%67%68%69%70%71%72%73%74%75%76%77%78%79%80%81%82%83%84%85%86%87%88%89%90%91%92%93%94%95%96%97%98%99% done.
--export A: /project2/mstephens/wdenault/susie_mix/temp_plink/plink_PLA1A.raw
written.
End time: Tue Sep  1 12:55:03 2026
30 SNP(s) removed because HWE P < 1e-08 :
 [1] "chr3_119100198_A_T_b38_A" "chr3_119101663_C_T_b38_C"
 [3] "chr3_119108147_G_A_b38_G" "chr3_119108178_C_T_b38_C"
 [5] "chr3_119108186_C_T_b38_C" "chr3_119108222_A_C_b38_A"
 [7] "chr3_119108234_T_C_b38_T" "chr3_119435578_A_T_b38_A"
 [9] "chr3_119484307_G_A_b38_G" "chr3_119489776_A_G_b38_A"
[11] "chr3_119492061_T_A_b38_T" "chr3_119495138_C_T_b38_C"
[13] "chr3_119500726_A_G_b38_A" "chr3_119508291_T_C_b38_T"
[15] "chr3_119513888_A_G_b38_A" "chr3_119514418_A_T_b38_A"
[17] "chr3_119517332_G_A_b38_G" "chr3_119518260_G_T_b38_G"
[19] "chr3_119520014_G_A_b38_G" "chr3_119523596_C_T_b38_C"
[21] "chr3_119524083_C_T_b38_C" "chr3_119524305_C_T_b38_C"
[23] "chr3_119526585_T_C_b38_T" "chr3_119526829_A_C_b38_A"
[25] "chr3_119552913_T_A_b38_T" "chr3_119615483_G_T_b38_G"
[27] "chr3_119779961_C_T_b38_C" "chr3_119782933_G_A_b38_G"
[29] "chr3_119807502_G_A_b38_G" "chr3_119810758_A_G_b38_A"

=====================================
Tissue: Adipose Tissue 
=====================================
[1] TRUE
Running SuSiE.

=====================================
Tissue: Adrenal Gland 
=====================================
[1] TRUE
Running SuSiE.

=====================================
Tissue: Blood 
=====================================
[1] TRUE
Running SuSiE.

=====================================
Tissue: Blood Vessel 
=====================================
[1] TRUE
Running SuSiE.

=====================================
Tissue: Brain 
=====================================
[1] TRUE
Running SuSiE.

=====================================
Tissue: Breast 
=====================================
[1] TRUE
Running SuSiE.

=====================================
Tissue: Colon 
=====================================
[1] TRUE
Running SuSiE.

=====================================
Tissue: Esophagus 
=====================================
[1] TRUE
Running SuSiE.

=====================================
Tissue: Heart 
=====================================
[1] TRUE
Running SuSiE.

=====================================
Tissue: Kidney 
=====================================
[1] TRUE
Running SuSiE.

=====================================
Tissue: Liver 
=====================================
[1] TRUE
Running SuSiE.

=====================================
Tissue: Lung 
=====================================
[1] TRUE
Running SuSiE.

=====================================
Tissue: Muscle 
=====================================
[1] TRUE
Running SuSiE.

=====================================
Tissue: Nerve 
=====================================
[1] TRUE
Running SuSiE.

=====================================
Tissue: Ovary 
=====================================
[1] TRUE
Running SuSiE.

=====================================
Tissue: Pancreas 
=====================================
[1] TRUE
Running SuSiE.

=====================================
Tissue: Pituitary 
=====================================
[1] TRUE
Running SuSiE.

=====================================
Tissue: Prostate 
=====================================
[1] TRUE
Running SuSiE.

=====================================
Tissue: Salivary Gland 
=====================================
[1] TRUE
Running SuSiE.

=====================================
Tissue: Skin 
=====================================
[1] TRUE
Running SuSiE.

=====================================
Tissue: Small Intestine 
=====================================
[1] TRUE
Running SuSiE.

=====================================
Tissue: Spleen 
=====================================
[1] TRUE
Running SuSiE.

=====================================
Tissue: Stomach 
=====================================
[1] TRUE
Running SuSiE.

=====================================
Tissue: Testis 
=====================================
[1] TRUE
Running SuSiE.

=====================================
Tissue: Thyroid 
=====================================
[1] TRUE
Running SuSiE.

=====================================
Tissue: Uterus 
=====================================
[1] TRUE
Running SuSiE.

=====================================
Tissue: Vagina 
=====================================
[1] TRUE
Running SuSiE.
[2026-09-01 12:57:01] starting PLA2G10
Importing covariate data.
Importing gene expression data.
Found 27 tissues for gene PLA2G10 :
 [1] "Adipose Tissue"  "Adrenal Gland"   "Blood"           "Blood Vessel"   
 [5] "Brain"           "Breast"          "Colon"           "Esophagus"      
 [9] "Heart"           "Kidney"          "Liver"           "Lung"           
[13] "Muscle"          "Nerve"           "Ovary"           "Pancreas"       
[17] "Pituitary"       "Prostate"        "Salivary Gland"  "Skin"           
[21] "Small Intestine" "Spleen"          "Stomach"         "Testis"         
[25] "Thyroid"         "Uterus"          "Vagina"         
Extracting genotype data from PLINK file.
PLINK v2.0.0-a.7LM 64-bit Intel (11 Mar 2026)       cog-genomics.org/plink/2.0/
(C) 2005-2026 Shaun Purcell, Christopher Chang    GNU General Public License v3
Logging to /project2/mstephens/wdenault/susie_mix/temp_plink/plink_PLA2G10.log.
Options in effect:
  --bfile /project2/mstephens/gtex/GTEx_Analysis_2017-06-05_v8_WholeGenomeSeq_866Indiv
  --chr 16
  --export A
  --from-bp 14194308
  --maf 0
  --max-alleles 2
  --memory 8000
  --out /project2/mstephens/wdenault/susie_mix/temp_plink/plink_PLA2G10
  --rm-dup exclude-all
  --snps-only
  --threads 2
  --to-bp 15194308

Start time: Tue Sep  1 12:58:10 2026
63721 MiB RAM detected, ~34139 available; reserving 8000 MiB for main
workspace.
Using up to 2 compute threads.
866 samples (0 females, 0 males, 866 ambiguous; 866 founders) loaded from
/project2/mstephens/gtex/GTEx_Analysis_2017-06-05_v8_WholeGenomeSeq_866Indiv.fam.
67234533 variants in
/project2/mstephens/gtex/GTEx_Analysis_2017-06-05_v8_WholeGenomeSeq_866Indiv.bim;
65423567 excluded by --chr + --max-alleles + --snps-only, 1810966 remaining.
Note: No phenotype data present.
Note: Skipping --rm-dup since no duplicate IDs are present.
18361 variants remaining after main filters.
--export A pass 1/1: loading... 0%6%writing... 0%1%2%3%4%5%6%7%8%9%10%11%12%13%14%15%16%17%18%19%20%21%22%23%24%25%26%27%28%29%30%31%32%33%34%35%36%37%38%39%40%41%42%43%44%45%46%47%48%49%50%51%52%53%54%55%56%57%58%59%60%61%62%63%64%65%66%67%68%69%70%71%72%73%74%75%76%77%78%79%80%81%82%83%84%85%86%87%88%89%90%91%92%93%94%95%96%97%98%99% done.
--export A: /project2/mstephens/wdenault/susie_mix/temp_plink/plink_PLA2G10.raw
written.
End time: Tue Sep  1 12:58:15 2026
226 SNP(s) removed because HWE P < 1e-08 :
  [1] "chr16_14196207_G_A_b38_G" "chr16_14196491_A_G_b38_A"
  [3] "chr16_14202299_T_G_b38_T" "chr16_14203679_T_C_b38_T"
  [5] "chr16_14206295_T_G_b38_T" "chr16_14209583_C_G_b38_C"
  [7] "chr16_14212262_G_A_b38_G" "chr16_14215282_G_T_b38_G"
  [9] "chr16_14224057_C_G_b38_C" "chr16_14224962_G_A_b38_G"
 [11] "chr16_14228953_A_G_b38_A" "chr16_14228962_C_T_b38_C"
 [13] "chr16_14231838_T_C_b38_T" "chr16_14233696_T_C_b38_T"
 [15] "chr16_14237168_G_A_b38_G" "chr16_14237434_C_T_b38_C"
 [17] "chr16_14237692_T_G_b38_T" "chr16_14237747_C_G_b38_C"
 [19] "chr16_14237787_C_T_b38_C" "chr16_14238596_G_A_b38_G"
 [21] "chr16_14238714_T_G_b38_T" "chr16_14238720_T_G_b38_T"
 [23] "chr16_14241061_G_A_b38_G" "chr16_14241159_A_G_b38_A"
 [25] "chr16_14242341_C_T_b38_C" "chr16_14242358_T_C_b38_T"
 [27] "chr16_14242814_A_T_b38_A" "chr16_14242881_C_A_b38_C"
 [29] "chr16_14244269_A_G_b38_A" "chr16_14244367_C_T_b38_C"
 [31] "chr16_14246174_A_T_b38_A" "chr16_14252044_T_C_b38_T"
 [33] "chr16_14267428_A_G_b38_A" "chr16_14277194_A_T_b38_A"
 [35] "chr16_14277317_G_A_b38_G" "chr16_14279915_C_T_b38_C"
 [37] "chr16_14280788_A_G_b38_A" "chr16_14376685_A_G_b38_A"
 [39] "chr16_14424120_T_C_b38_T" "chr16_14428307_A_G_b38_A"
 [41] "chr16_14429541_T_G_b38_T" "chr16_14429892_T_C_b38_T"
 [43] "chr16_14431644_A_G_b38_A" "chr16_14770004_A_G_b38_A"
 [45] "chr16_14774722_T_C_b38_T" "chr16_14785838_A_G_b38_A"
 [47] "chr16_14796603_C_A_b38_C" "chr16_14815596_A_C_b38_A"
 [49] "chr16_14815614_A_T_b38_A" "chr16_14875159_T_A_b38_T"
 [51] "chr16_14875645_A_G_b38_A" "chr16_14877560_G_A_b38_G"
 [53] "chr16_14877634_G_A_b38_G" "chr16_14878813_C_A_b38_C"
 [55] "chr16_14878837_A_G_b38_A" "chr16_14879116_A_G_b38_A"
 [57] "chr16_14879123_C_T_b38_C" "chr16_14879348_G_A_b38_G"
 [59] "chr16_14879849_C_T_b38_C" "chr16_14884168_C_T_b38_C"
 [61] "chr16_14885134_C_T_b38_C" "chr16_14890391_G_C_b38_G"
 [63] "chr16_14890470_C_T_b38_C" "chr16_14891267_T_G_b38_T"
 [65] "chr16_14893669_C_T_b38_C" "chr16_14894800_C_T_b38_C"
 [67] "chr16_14895011_A_G_b38_A" "chr16_14895563_C_T_b38_C"
 [69] "chr16_14904992_A_G_b38_A" "chr16_14914362_A_G_b38_A"
 [71] "chr16_14917270_G_A_b38_G" "chr16_14928137_C_T_b38_C"
 [73] "chr16_14928206_G_C_b38_G" "chr16_14928208_G_C_b38_G"
 [75] "chr16_14928249_G_T_b38_G" "chr16_14928289_A_G_b38_A"
 [77] "chr16_14937655_G_C_b38_G" "chr16_14937679_C_T_b38_C"
 [79] "chr16_14940374_C_G_b38_C" "chr16_14945320_G_T_b38_G"
 [81] "chr16_14946563_C_T_b38_C" "chr16_14947670_T_G_b38_T"
 [83] "chr16_14953519_C_T_b38_C" "chr16_14953618_A_G_b38_A"
 [85] "chr16_14954292_A_G_b38_A" "chr16_14954988_C_T_b38_C"
 [87] "chr16_14957227_T_C_b38_T" "chr16_14957846_A_G_b38_A"
 [89] "chr16_14958994_A_G_b38_A" "chr16_14960164_G_A_b38_G"
 [91] "chr16_14960677_T_A_b38_T" "chr16_14961008_C_T_b38_C"
 [93] "chr16_14964621_T_A_b38_T" "chr16_14964633_G_C_b38_G"
 [95] "chr16_14964680_C_G_b38_C" "chr16_14965381_C_T_b38_C"
 [97] "chr16_14965460_G_A_b38_G" "chr16_14965885_A_T_b38_A"
 [99] "chr16_14966541_C_T_b38_C" "chr16_14966609_C_T_b38_C"
[101] "chr16_14966765_G_A_b38_G" "chr16_14966867_A_T_b38_A"
[103] "chr16_14970752_G_T_b38_G" "chr16_14971591_C_A_b38_C"
[105] "chr16_14971937_G_A_b38_G" "chr16_14975051_C_G_b38_C"
[107] "chr16_14975446_G_C_b38_G" "chr16_14975626_C_T_b38_C"
[109] "chr16_14975806_G_C_b38_G" "chr16_14976010_C_T_b38_C"
[111] "chr16_14976054_A_T_b38_A" "chr16_14976374_A_G_b38_A"
[113] "chr16_14976649_A_G_b38_A" "chr16_14976753_A_G_b38_A"
[115] "chr16_14976781_G_A_b38_G" "chr16_14976842_G_A_b38_G"
[117] "chr16_14977841_C_T_b38_C" "chr16_14978576_C_T_b38_C"
[119] "chr16_14980444_A_T_b38_A" "chr16_14980587_G_A_b38_G"
[121] "chr16_14980896_G_A_b38_G" "chr16_14980922_C_T_b38_C"
[123] "chr16_14981059_T_C_b38_T" "chr16_14981282_C_T_b38_C"
[125] "chr16_14981423_A_G_b38_A" "chr16_14981984_G_A_b38_G"
[127] "chr16_14982188_T_G_b38_T" "chr16_14982621_A_C_b38_A"
[129] "chr16_14983521_C_T_b38_C" "chr16_14983787_T_G_b38_T"
[131] "chr16_14983802_C_G_b38_C" "chr16_14984978_G_T_b38_G"
[133] "chr16_14985140_G_T_b38_G" "chr16_14986091_C_T_b38_C"
[135] "chr16_14986485_C_T_b38_C" "chr16_14986845_C_T_b38_C"
[137] "chr16_14988164_G_A_b38_G" "chr16_14989008_C_T_b38_C"
[139] "chr16_14989274_A_T_b38_A" "chr16_14989674_C_A_b38_C"
[141] "chr16_14990946_A_G_b38_A" "chr16_14991073_C_T_b38_C"
[143] "chr16_14991134_C_T_b38_C" "chr16_14991281_G_A_b38_G"
[145] "chr16_14991822_G_A_b38_G" "chr16_14991897_A_G_b38_A"
[147] "chr16_14992154_C_T_b38_C" "chr16_14992954_C_T_b38_C"
[149] "chr16_14994192_G_T_b38_G" "chr16_14994197_T_G_b38_T"
[151] "chr16_14994221_G_A_b38_G" "chr16_14994888_T_C_b38_T"
[153] "chr16_14995819_G_A_b38_G" "chr16_14997007_G_A_b38_G"
[155] "chr16_14997744_G_C_b38_G" "chr16_14998259_C_T_b38_C"
[157] "chr16_14999409_G_C_b38_G" "chr16_15002286_A_G_b38_A"
[159] "chr16_15003514_C_A_b38_C" "chr16_15003615_G_A_b38_G"
[161] "chr16_15003631_C_G_b38_C" "chr16_15003799_A_G_b38_A"
[163] "chr16_15003854_C_T_b38_C" "chr16_15004190_C_G_b38_C"
[165] "chr16_15004660_G_A_b38_G" "chr16_15005861_C_G_b38_C"
[167] "chr16_15005921_C_G_b38_C" "chr16_15006345_A_G_b38_A"
[169] "chr16_15010710_C_T_b38_C" "chr16_15010950_C_T_b38_C"
[171] "chr16_15011805_A_G_b38_A" "chr16_15011941_G_A_b38_G"
[173] "chr16_15013054_T_C_b38_T" "chr16_15013315_C_T_b38_C"
[175] "chr16_15013947_A_C_b38_A" "chr16_15014430_A_G_b38_A"
[177] "chr16_15014968_T_C_b38_T" "chr16_15015055_G_A_b38_G"
[179] "chr16_15015433_C_G_b38_C" "chr16_15016220_C_T_b38_C"
[181] "chr16_15016878_G_T_b38_G" "chr16_15017361_C_T_b38_C"
[183] "chr16_15017822_C_G_b38_C" "chr16_15022299_T_G_b38_T"
[185] "chr16_15022300_C_T_b38_C" "chr16_15022543_T_A_b38_T"
[187] "chr16_15022664_C_T_b38_C" "chr16_15022768_G_T_b38_G"
[189] "chr16_15023442_G_A_b38_G" "chr16_15023889_T_C_b38_T"
[191] "chr16_15024354_T_C_b38_T" "chr16_15024397_T_C_b38_T"
[193] "chr16_15024558_G_A_b38_G" "chr16_15024872_T_C_b38_T"
[195] "chr16_15024906_G_C_b38_G" "chr16_15025020_C_T_b38_C"
[197] "chr16_15025034_C_A_b38_C" "chr16_15025750_T_C_b38_T"
[199] "chr16_15025953_G_A_b38_G" "chr16_15026245_C_A_b38_C"
[201] "chr16_15026412_G_T_b38_G" "chr16_15026554_T_C_b38_T"
[203] "chr16_15027057_A_G_b38_A" "chr16_15027111_G_C_b38_G"
[205] "chr16_15027350_G_A_b38_G" "chr16_15028041_C_T_b38_C"
[207] "chr16_15028338_A_G_b38_A" "chr16_15029423_A_G_b38_A"
[209] "chr16_15162925_C_T_b38_C" "chr16_15163381_A_G_b38_A"
[211] "chr16_15164908_T_C_b38_T" "chr16_15165057_C_T_b38_C"
[213] "chr16_15167000_T_C_b38_T" "chr16_15167247_A_G_b38_A"
[215] "chr16_15167530_C_T_b38_C" "chr16_15167573_A_C_b38_A"
[217] "chr16_15168533_C_T_b38_C" "chr16_15174203_A_T_b38_A"
[219] "chr16_15175445_G_A_b38_G" "chr16_15175712_G_T_b38_G"
[221] "chr16_15176710_G_C_b38_G" "chr16_15179940_T_C_b38_T"
[223] "chr16_15180367_T_A_b38_T" "chr16_15184166_A_G_b38_A"
[225] "chr16_15192776_A_G_b38_A" "chr16_15192784_G_A_b38_G"

=====================================
Tissue: Adipose Tissue 
=====================================
[1] TRUE
Running SuSiE.

=====================================
Tissue: Adrenal Gland 
=====================================
[1] TRUE
Running SuSiE.

=====================================
Tissue: Blood 
=====================================
[1] TRUE
Running SuSiE.

=====================================
Tissue: Blood Vessel 
=====================================
[1] TRUE
Running SuSiE.

=====================================
Tissue: Brain 
=====================================
[1] TRUE
Running SuSiE.

=====================================
Tissue: Breast 
=====================================
[1] TRUE
Running SuSiE.

=====================================
Tissue: Colon 
=====================================
[1] TRUE
Running SuSiE.

=====================================
Tissue: Esophagus 
=====================================
[1] TRUE
Running SuSiE.

=====================================
Tissue: Heart 
=====================================
[1] TRUE
Running SuSiE.

=====================================
Tissue: Kidney 
=====================================
[1] TRUE
Running SuSiE.

=====================================
Tissue: Liver 
=====================================
[1] TRUE
Running SuSiE.

=====================================
Tissue: Lung 
=====================================
[1] TRUE
Running SuSiE.

=====================================
Tissue: Muscle 
=====================================
[1] TRUE
Running SuSiE.

=====================================
Tissue: Nerve 
=====================================
[1] TRUE
Running SuSiE.

=====================================
Tissue: Ovary 
=====================================
[1] TRUE
Running SuSiE.

=====================================
Tissue: Pancreas 
=====================================
[1] TRUE
Running SuSiE.

=====================================
Tissue: Pituitary 
=====================================
[1] TRUE
Running SuSiE.

=====================================
Tissue: Prostate 
=====================================
[1] TRUE
Running SuSiE.

=====================================
Tissue: Salivary Gland 
=====================================
[1] TRUE
Running SuSiE.

=====================================
Tissue: Skin 
=====================================
[1] TRUE
Running SuSiE.

=====================================
Tissue: Small Intestine 
=====================================
[1] TRUE
Running SuSiE.

=====================================
Tissue: Spleen 
=====================================
[1] TRUE
Running SuSiE.

=====================================
Tissue: Stomach 
=====================================
[1] TRUE
Running SuSiE.

=====================================
Tissue: Testis 
=====================================
[1] TRUE
Running SuSiE.

=====================================
Tissue: Thyroid 
=====================================
[1] TRUE
Running SuSiE.

=====================================
Tissue: Uterus 
=====================================
[1] TRUE
Running SuSiE.

=====================================
Tissue: Vagina 
=====================================
[1] TRUE
Running SuSiE.
[2026-09-01 12:59:08] starting PLA2G12A
Importing covariate data.
Importing gene expression data.
Found 27 tissues for gene PLA2G12A :
 [1] "Adipose Tissue"  "Adrenal Gland"   "Blood"           "Blood Vessel"   
 [5] "Brain"           "Breast"          "Colon"           "Esophagus"      
 [9] "Heart"           "Kidney"          "Liver"           "Lung"           
[13] "Muscle"          "Nerve"           "Ovary"           "Pancreas"       
[17] "Pituitary"       "Prostate"        "Salivary Gland"  "Skin"           
[21] "Small Intestine" "Spleen"          "Stomach"         "Testis"         
[25] "Thyroid"         "Uterus"          "Vagina"         
68 SNP(s) removed because HWE P < 1e-08 :
 [1] "chr4_109289120_T_G_b38_T" "chr4_109294897_C_T_b38_C"
 [3] "chr4_109297211_C_T_b38_C" "chr4_109515871_C_G_b38_C"
 [5] "chr4_109553504_C_T_b38_C" "chr4_109553913_T_C_b38_T"
 [7] "chr4_109554094_G_T_b38_G" "chr4_109558177_A_G_b38_A"
 [9] "chr4_109558381_C_T_b38_C" "chr4_109558515_C_T_b38_C"
[11] "chr4_109558612_A_G_b38_A" "chr4_109565336_A_C_b38_A"
[13] "chr4_109595538_T_C_b38_T" "chr4_109595565_T_A_b38_T"
[15] "chr4_109595619_C_A_b38_C" "chr4_109595649_A_G_b38_A"
[17] "chr4_109595794_T_C_b38_T" "chr4_109787480_A_G_b38_A"
[19] "chr4_109792376_G_A_b38_G" "chr4_109792808_A_G_b38_A"
[21] "chr4_109792907_T_G_b38_T" "chr4_109793656_T_C_b38_T"
[23] "chr4_109794317_C_T_b38_C" "chr4_109794896_A_C_b38_A"
[25] "chr4_109795311_G_A_b38_G" "chr4_109795341_C_T_b38_C"
[27] "chr4_109795447_T_C_b38_T" "chr4_109795488_C_A_b38_C"
[29] "chr4_109795742_T_A_b38_T" "chr4_109795862_C_A_b38_C"
[31] "chr4_109796087_G_A_b38_G" "chr4_109796422_C_T_b38_C"
[33] "chr4_109796547_T_A_b38_T" "chr4_109796682_T_C_b38_T"
[35] "chr4_109797708_A_C_b38_A" "chr4_109797765_A_G_b38_A"
[37] "chr4_109798008_A_G_b38_A" "chr4_109798303_C_T_b38_C"
[39] "chr4_109798378_T_C_b38_T" "chr4_109799365_A_G_b38_A"
[41] "chr4_109799835_T_A_b38_T" "chr4_109840748_T_G_b38_T"
[43] "chr4_109841533_T_A_b38_T" "chr4_109870297_T_C_b38_T"
[45] "chr4_109975731_T_G_b38_T" "chr4_109977769_T_G_b38_T"
[47] "chr4_109983346_G_A_b38_G" "chr4_110002783_C_T_b38_C"
[49] "chr4_110003486_G_C_b38_G" "chr4_110003616_C_T_b38_C"
[51] "chr4_110003705_A_C_b38_A" "chr4_110004336_C_A_b38_C"
[53] "chr4_110005574_G_A_b38_G" "chr4_110006709_A_T_b38_A"
[55] "chr4_110006772_G_A_b38_G" "chr4_110007793_T_G_b38_T"
[57] "chr4_110009638_A_G_b38_A" "chr4_110009949_T_C_b38_T"
[59] "chr4_110010630_A_G_b38_A" "chr4_110012699_T_C_b38_T"
[61] "chr4_110016272_T_C_b38_T" "chr4_110016359_C_T_b38_C"
[63] "chr4_110018889_T_C_b38_T" "chr4_110026726_A_G_b38_A"
[65] "chr4_110029390_A_G_b38_A" "chr4_110049874_G_T_b38_G"
[67] "chr4_110212078_T_G_b38_T" "chr4_110212221_A_G_b38_A"

=====================================
Tissue: Adipose Tissue 
=====================================
[1] TRUE
Running SuSiE.

=====================================
Tissue: Adrenal Gland 
=====================================
[1] TRUE
Running SuSiE.

=====================================
Tissue: Blood 
=====================================
[1] TRUE
Running SuSiE.

=====================================
Tissue: Blood Vessel 
=====================================
[1] TRUE
Running SuSiE.

=====================================
Tissue: Brain 
=====================================
[1] TRUE
Running SuSiE.

=====================================
Tissue: Breast 
=====================================
[1] TRUE
Running SuSiE.

=====================================
Tissue: Colon 
=====================================
[1] TRUE
Running SuSiE.

=====================================
Tissue: Esophagus 
=====================================
[1] TRUE
Running SuSiE.

=====================================
Tissue: Heart 
=====================================
[1] TRUE
Running SuSiE.

=====================================
Tissue: Kidney 
=====================================
[1] TRUE
Running SuSiE.

=====================================
Tissue: Liver 
=====================================
[1] TRUE
Running SuSiE.

=====================================
Tissue: Lung 
=====================================
[1] TRUE
Running SuSiE.

=====================================
Tissue: Muscle 
=====================================
[1] TRUE
Running SuSiE.

=====================================
Tissue: Nerve 
=====================================
[1] TRUE
Running SuSiE.

=====================================
Tissue: Ovary 
=====================================
[1] TRUE
Running SuSiE.

=====================================
Tissue: Pancreas 
=====================================
[1] TRUE
Running SuSiE.

=====================================
Tissue: Pituitary 
=====================================
[1] TRUE
Running SuSiE.

=====================================
Tissue: Prostate 
=====================================
[1] TRUE
Running SuSiE.

=====================================
Tissue: Salivary Gland 
=====================================
[1] TRUE
Running SuSiE.

=====================================
Tissue: Skin 
=====================================
[1] TRUE
Running SuSiE.

=====================================
Tissue: Small Intestine 
=====================================
[1] TRUE
Running SuSiE.

=====================================
Tissue: Spleen 
=====================================
[1] TRUE
Running SuSiE.

=====================================
Tissue: Stomach 
=====================================
[1] TRUE
Running SuSiE.

=====================================
Tissue: Testis 
=====================================
[1] TRUE
Running SuSiE.

=====================================
Tissue: Thyroid 
=====================================
[1] TRUE
Running SuSiE.

=====================================
Tissue: Uterus 
=====================================
[1] TRUE
Running SuSiE.

=====================================
Tissue: Vagina 
=====================================
[1] TRUE
Running SuSiE.
[2026-09-01 13:02:06] starting PLA2G12B
Importing covariate data.
Importing gene expression data.
Found 27 tissues for gene PLA2G12B :
 [1] "Adipose Tissue"  "Adrenal Gland"   "Blood"           "Blood Vessel"   
 [5] "Brain"           "Breast"          "Colon"           "Esophagus"      
 [9] "Heart"           "Kidney"          "Liver"           "Lung"           
[13] "Muscle"          "Nerve"           "Ovary"           "Pancreas"       
[17] "Pituitary"       "Prostate"        "Salivary Gland"  "Skin"           
[21] "Small Intestine" "Spleen"          "Stomach"         "Testis"         
[25] "Thyroid"         "Uterus"          "Vagina"         
Extracting genotype data from PLINK file.
PLINK v2.0.0-a.7LM 64-bit Intel (11 Mar 2026)       cog-genomics.org/plink/2.0/
(C) 2005-2026 Shaun Purcell, Christopher Chang    GNU General Public License v3
Logging to /project2/mstephens/wdenault/susie_mix/temp_plink/plink_PLA2G12B.log.
Options in effect:
  --bfile /project2/mstephens/gtex/GTEx_Analysis_2017-06-05_v8_WholeGenomeSeq_866Indiv
  --chr 10
  --export A
  --from-bp 72454806
  --maf 0
  --max-alleles 2
  --memory 8000
  --out /project2/mstephens/wdenault/susie_mix/temp_plink/plink_PLA2G12B
  --rm-dup exclude-all
  --snps-only
  --threads 2
  --to-bp 73454806

Start time: Tue Sep  1 13:03:12 2026
63721 MiB RAM detected, ~30711 available; reserving 8000 MiB for main
workspace.
Using up to 2 compute threads.
866 samples (0 females, 0 males, 866 ambiguous; 866 founders) loaded from
/project2/mstephens/gtex/GTEx_Analysis_2017-06-05_v8_WholeGenomeSeq_866Indiv.fam.
67234533 variants in
/project2/mstephens/gtex/GTEx_Analysis_2017-06-05_v8_WholeGenomeSeq_866Indiv.bim;
64498607 excluded by --chr + --max-alleles + --snps-only, 2735926 remaining.
Note: No phenotype data present.
Note: Skipping --rm-dup since no duplicate IDs are present.
15969 variants remaining after main filters.
--export A pass 1/1: loading... 0%writing... 0%1%2%3%4%5%6%7%8%9%10%11%12%13%14%15%16%17%18%19%20%21%22%23%24%25%26%27%28%29%30%31%32%33%34%35%36%37%38%39%40%41%42%43%44%45%46%47%48%49%50%51%52%53%54%55%56%57%58%59%60%61%62%63%64%65%66%67%68%69%70%71%72%73%74%75%76%77%78%79%80%81%82%83%84%85%86%87%88%89%90%91%92%93%94%95%96%97%98%99% done.
--export A:
/project2/mstephens/wdenault/susie_mix/temp_plink/plink_PLA2G12B.raw written.
End time: Tue Sep  1 13:03:18 2026
59 SNP(s) removed because HWE P < 1e-08 :
 [1] "chr10_72517796_T_A_b38_T" "chr10_72667183_C_T_b38_C"
 [3] "chr10_72678976_A_G_b38_A" "chr10_72706626_T_C_b38_T"
 [5] "chr10_72732346_A_C_b38_A" "chr10_72738942_T_C_b38_T"
 [7] "chr10_72748425_T_G_b38_T" "chr10_72764662_A_G_b38_A"
 [9] "chr10_72864704_A_C_b38_A" "chr10_72870578_A_G_b38_A"
[11] "chr10_72877568_T_C_b38_T" "chr10_72879459_A_G_b38_A"
[13] "chr10_72894996_G_A_b38_G" "chr10_72899450_A_C_b38_A"
[15] "chr10_72901041_T_C_b38_T" "chr10_72902346_G_A_b38_G"
[17] "chr10_72904662_T_G_b38_T" "chr10_72906307_G_A_b38_G"
[19] "chr10_72908755_A_C_b38_A" "chr10_72912641_T_C_b38_T"
[21] "chr10_72917242_C_G_b38_C" "chr10_72922875_T_G_b38_T"
[23] "chr10_72924167_G_A_b38_G" "chr10_72924659_A_G_b38_A"
[25] "chr10_72928050_T_C_b38_T" "chr10_72931277_A_G_b38_A"
[27] "chr10_72944105_T_A_b38_T" "chr10_72986605_C_A_b38_C"
[29] "chr10_72988760_A_G_b38_A" "chr10_72991084_A_G_b38_A"
[31] "chr10_72991436_A_C_b38_A" "chr10_72993277_C_G_b38_C"
[33] "chr10_72993487_T_C_b38_T" "chr10_72995762_C_A_b38_C"
[35] "chr10_73007577_A_G_b38_A" "chr10_73007794_C_T_b38_C"
[37] "chr10_73007804_C_T_b38_C" "chr10_73007817_G_T_b38_G"
[39] "chr10_73007827_G_A_b38_G" "chr10_73007828_C_T_b38_C"
[41] "chr10_73007834_T_C_b38_T" "chr10_73007859_C_T_b38_C"
[43] "chr10_73007860_A_G_b38_A" "chr10_73007894_G_A_b38_G"
[45] "chr10_73007911_C_T_b38_C" "chr10_73007914_G_A_b38_G"
[47] "chr10_73007922_A_G_b38_A" "chr10_73007928_G_A_b38_G"
[49] "chr10_73021160_A_G_b38_A" "chr10_73026835_G_A_b38_G"
[51] "chr10_73072844_A_G_b38_A" "chr10_73215298_G_T_b38_G"
[53] "chr10_73221600_C_T_b38_C" "chr10_73245317_C_T_b38_C"
[55] "chr10_73245662_T_C_b38_T" "chr10_73400499_C_A_b38_C"
[57] "chr10_73426854_G_C_b38_G" "chr10_73437293_C_T_b38_C"
[59] "chr10_73445713_G_A_b38_G"

=====================================
Tissue: Adipose Tissue 
=====================================
[1] TRUE
Running SuSiE.

=====================================
Tissue: Adrenal Gland 
=====================================
[1] TRUE
Running SuSiE.

=====================================
Tissue: Blood 
=====================================
[1] TRUE
Running SuSiE.

=====================================
Tissue: Blood Vessel 
=====================================
[1] TRUE
Running SuSiE.

=====================================
Tissue: Brain 
=====================================
[1] TRUE
Running SuSiE.

=====================================
Tissue: Breast 
=====================================
[1] TRUE
Running SuSiE.

=====================================
Tissue: Colon 
=====================================
[1] TRUE
Running SuSiE.

=====================================
Tissue: Esophagus 
=====================================
[1] TRUE
Running SuSiE.

=====================================
Tissue: Heart 
=====================================
[1] TRUE
Running SuSiE.

=====================================
Tissue: Kidney 
=====================================
[1] TRUE
Running SuSiE.

=====================================
Tissue: Liver 
=====================================
[1] TRUE
Running SuSiE.

=====================================
Tissue: Lung 
=====================================
[1] TRUE
Running SuSiE.

=====================================
Tissue: Muscle 
=====================================
[1] TRUE
Running SuSiE.

=====================================
Tissue: Nerve 
=====================================
[1] TRUE
Running SuSiE.

=====================================
Tissue: Ovary 
=====================================
[1] TRUE
Running SuSiE.

=====================================
Tissue: Pancreas 
=====================================
[1] TRUE
Running SuSiE.

=====================================
Tissue: Pituitary 
=====================================
[1] TRUE
Running SuSiE.

=====================================
Tissue: Prostate 
=====================================
[1] TRUE
Running SuSiE.

=====================================
Tissue: Salivary Gland 
=====================================
[1] TRUE
Running SuSiE.

=====================================
Tissue: Skin 
=====================================
[1] TRUE
Running SuSiE.

=====================================
Tissue: Small Intestine 
=====================================
[1] TRUE
Running SuSiE.

=====================================
Tissue: Spleen 
=====================================
[1] TRUE
Running SuSiE.

=====================================
Tissue: Stomach 
=====================================
[1] TRUE
Running SuSiE.

=====================================
Tissue: Testis 
=====================================
[1] TRUE
Running SuSiE.

=====================================
Tissue: Thyroid 
=====================================
[1] TRUE
Running SuSiE.

=====================================
Tissue: Uterus 
=====================================
[1] TRUE
Running SuSiE.

=====================================
Tissue: Vagina 
=====================================
[1] TRUE
Running SuSiE.
[2026-09-01 13:04:25] starting PLA2G15
Importing covariate data.
Importing gene expression data.
Found 27 tissues for gene PLA2G15 :
 [1] "Adipose Tissue"  "Adrenal Gland"   "Blood"           "Blood Vessel"   
 [5] "Brain"           "Breast"          "Colon"           "Esophagus"      
 [9] "Heart"           "Kidney"          "Liver"           "Lung"           
[13] "Muscle"          "Nerve"           "Ovary"           "Pancreas"       
[17] "Pituitary"       "Prostate"        "Salivary Gland"  "Skin"           
[21] "Small Intestine" "Spleen"          "Stomach"         "Testis"         
[25] "Thyroid"         "Uterus"          "Vagina"         
Extracting genotype data from PLINK file.
PLINK v2.0.0-a.7LM 64-bit Intel (11 Mar 2026)       cog-genomics.org/plink/2.0/
(C) 2005-2026 Shaun Purcell, Christopher Chang    GNU General Public License v3
Logging to /project2/mstephens/wdenault/susie_mix/temp_plink/plink_PLA2G15.log.
Options in effect:
  --bfile /project2/mstephens/gtex/GTEx_Analysis_2017-06-05_v8_WholeGenomeSeq_866Indiv
  --chr 16
  --export A
  --from-bp 67745304
  --maf 0
  --max-alleles 2
  --memory 8000
  --out /project2/mstephens/wdenault/susie_mix/temp_plink/plink_PLA2G15
  --rm-dup exclude-all
  --snps-only
  --threads 2
  --to-bp 68745304

Start time: Tue Sep  1 13:05:34 2026
63721 MiB RAM detected, ~33564 available; reserving 8000 MiB for main
workspace.
Using up to 2 compute threads.
866 samples (0 females, 0 males, 866 ambiguous; 866 founders) loaded from
/project2/mstephens/gtex/GTEx_Analysis_2017-06-05_v8_WholeGenomeSeq_866Indiv.fam.
67234533 variants in
/project2/mstephens/gtex/GTEx_Analysis_2017-06-05_v8_WholeGenomeSeq_866Indiv.bim;
65423567 excluded by --chr + --max-alleles + --snps-only, 1810966 remaining.
Note: No phenotype data present.
Note: Skipping --rm-dup since no duplicate IDs are present.
17164 variants remaining after main filters.
--export A pass 1/1: loading... 0%writing... 0%1%2%3%4%5%6%7%8%9%10%11%12%13%14%15%16%17%18%19%20%21%22%23%24%25%26%27%28%29%30%31%32%33%34%35%36%37%38%39%40%41%42%43%44%45%46%47%48%49%50%51%52%53%54%55%56%57%58%59%60%61%62%63%64%65%66%67%68%69%70%71%72%73%74%75%76%77%78%79%80%81%82%83%84%85%86%87%88%89%90%91%92%93%94%95%96%97%98%99% done.
--export A: /project2/mstephens/wdenault/susie_mix/temp_plink/plink_PLA2G15.raw
written.
End time: Tue Sep  1 13:05:40 2026
10 SNP(s) removed because HWE P < 1e-08 :
 [1] "chr16_67809253_G_A_b38_G" "chr16_67809259_A_G_b38_A"
 [3] "chr16_67809260_A_G_b38_A" "chr16_67809269_A_G_b38_A"
 [5] "chr16_67809271_A_C_b38_A" "chr16_68077910_A_C_b38_A"
 [7] "chr16_68287933_C_G_b38_C" "chr16_68501324_T_C_b38_T"
 [9] "chr16_68503633_C_T_b38_C" "chr16_68517149_G_A_b38_G"

=====================================
Tissue: Adipose Tissue 
=====================================
[1] TRUE
Running SuSiE.

=====================================
Tissue: Adrenal Gland 
=====================================
[1] TRUE
Running SuSiE.

=====================================
Tissue: Blood 
=====================================
[1] TRUE
Running SuSiE.

=====================================
Tissue: Blood Vessel 
=====================================
[1] TRUE
Running SuSiE.

=====================================
Tissue: Brain 
=====================================
[1] TRUE
Running SuSiE.

=====================================
Tissue: Breast 
=====================================
[1] TRUE
Running SuSiE.

=====================================
Tissue: Colon 
=====================================
[1] TRUE
Running SuSiE.

=====================================
Tissue: Esophagus 
=====================================
[1] TRUE
Running SuSiE.

=====================================
Tissue: Heart 
=====================================
[1] TRUE
Running SuSiE.

=====================================
Tissue: Kidney 
=====================================
[1] TRUE
Running SuSiE.

=====================================
Tissue: Liver 
=====================================
[1] TRUE
Running SuSiE.

=====================================
Tissue: Lung 
=====================================
[1] TRUE
Running SuSiE.

=====================================
Tissue: Muscle 
=====================================
[1] TRUE
Running SuSiE.

=====================================
Tissue: Nerve 
=====================================
[1] TRUE
Running SuSiE.

=====================================
Tissue: Ovary 
=====================================
[1] TRUE
Running SuSiE.

=====================================
Tissue: Pancreas 
=====================================
[1] TRUE
Running SuSiE.

=====================================
Tissue: Pituitary 
=====================================
[1] TRUE
Running SuSiE.

=====================================
Tissue: Prostate 
=====================================
[1] TRUE
Running SuSiE.

=====================================
Tissue: Salivary Gland 
=====================================
[1] TRUE
Running SuSiE.

=====================================
Tissue: Skin 
=====================================
[1] TRUE
Running SuSiE.

=====================================
Tissue: Small Intestine 
=====================================
[1] TRUE
Running SuSiE.

=====================================
Tissue: Spleen 
=====================================
[1] TRUE
Running SuSiE.

=====================================
Tissue: Stomach 
=====================================
[1] TRUE
Running SuSiE.

=====================================
Tissue: Testis 
=====================================
[1] TRUE
Running SuSiE.

=====================================
Tissue: Thyroid 
=====================================
[1] TRUE
Running SuSiE.

=====================================
Tissue: Uterus 
=====================================
[1] TRUE
Running SuSiE.

=====================================
Tissue: Vagina 
=====================================
[1] TRUE
Running SuSiE.
[2026-09-01 13:06:50] starting PLA2G1B
Importing covariate data.
Importing gene expression data.
Found 27 tissues for gene PLA2G1B :
 [1] "Adipose Tissue"  "Adrenal Gland"   "Blood"           "Blood Vessel"   
 [5] "Brain"           "Breast"          "Colon"           "Esophagus"      
 [9] "Heart"           "Kidney"          "Liver"           "Lung"           
[13] "Muscle"          "Nerve"           "Ovary"           "Pancreas"       
[17] "Pituitary"       "Prostate"        "Salivary Gland"  "Skin"           
[21] "Small Intestine" "Spleen"          "Stomach"         "Testis"         
[25] "Thyroid"         "Uterus"          "Vagina"         
Extracting genotype data from PLINK file.
PLINK v2.0.0-a.7LM 64-bit Intel (11 Mar 2026)       cog-genomics.org/plink/2.0/
(C) 2005-2026 Shaun Purcell, Christopher Chang    GNU General Public License v3
Logging to /project2/mstephens/wdenault/susie_mix/temp_plink/plink_PLA2G1B.log.
Options in effect:
  --bfile /project2/mstephens/gtex/GTEx_Analysis_2017-06-05_v8_WholeGenomeSeq_866Indiv
  --chr 12
  --export A
  --from-bp 119827779
  --maf 0
  --max-alleles 2
  --memory 8000
  --out /project2/mstephens/wdenault/susie_mix/temp_plink/plink_PLA2G1B
  --rm-dup exclude-all
  --snps-only
  --threads 2
  --to-bp 120827779

Start time: Tue Sep  1 13:08:01 2026
63721 MiB RAM detected, ~27092 available; reserving 8000 MiB for main
workspace.
Using up to 2 compute threads.
866 samples (0 females, 0 males, 866 ambiguous; 866 founders) loaded from
/project2/mstephens/gtex/GTEx_Analysis_2017-06-05_v8_WholeGenomeSeq_866Indiv.fam.
67234533 variants in
/project2/mstephens/gtex/GTEx_Analysis_2017-06-05_v8_WholeGenomeSeq_866Indiv.bim;
64641234 excluded by --chr + --max-alleles + --snps-only, 2593299 remaining.
Note: No phenotype data present.
Note: Skipping --rm-dup since no duplicate IDs are present.
18477 variants remaining after main filters.
--export A pass 1/1: loading... 0%writing... 0%1%2%3%4%5%6%7%8%9%10%11%12%13%14%15%16%17%18%19%20%21%22%23%24%25%26%27%28%29%30%31%32%33%34%35%36%37%38%39%40%41%42%43%44%45%46%47%48%49%50%51%52%53%54%55%56%57%58%59%60%61%62%63%64%65%66%67%68%69%70%71%72%73%74%75%76%77%78%79%80%81%82%83%84%85%86%87%88%89%90%91%92%93%94%95%96%97%98%99% done.
--export A: /project2/mstephens/wdenault/susie_mix/temp_plink/plink_PLA2G1B.raw
written.
End time: Tue Sep  1 13:08:06 2026
21 SNP(s) removed because HWE P < 1e-08 :
 [1] "chr12_119852914_T_C_b38_T" "chr12_119873989_C_G_b38_C"
 [3] "chr12_119906297_G_A_b38_G" "chr12_119906779_A_G_b38_A"
 [5] "chr12_120111955_A_G_b38_A" "chr12_120253621_A_C_b38_A"
 [7] "chr12_120267868_T_C_b38_T" "chr12_120268260_T_C_b38_T"
 [9] "chr12_120732708_G_A_b38_G" "chr12_120732720_C_T_b38_C"
[11] "chr12_120732725_C_T_b38_C" "chr12_120732752_A_T_b38_A"
[13] "chr12_120732755_G_A_b38_G" "chr12_120732763_T_A_b38_T"
[15] "chr12_120732805_T_C_b38_T" "chr12_120732814_C_T_b38_C"
[17] "chr12_120732846_G_A_b38_G" "chr12_120732867_A_T_b38_A"
[19] "chr12_120732906_A_C_b38_A" "chr12_120733175_C_A_b38_C"
[21] "chr12_120733208_C_A_b38_C"

=====================================
Tissue: Adipose Tissue 
=====================================
[1] TRUE
Running SuSiE.

=====================================
Tissue: Adrenal Gland 
=====================================
[1] TRUE
Running SuSiE.

=====================================
Tissue: Blood 
=====================================
[1] TRUE
Running SuSiE.

=====================================
Tissue: Blood Vessel 
=====================================
[1] TRUE
Running SuSiE.

=====================================
Tissue: Brain 
=====================================
[1] TRUE
Running SuSiE.

=====================================
Tissue: Breast 
=====================================
[1] TRUE
Running SuSiE.

=====================================
Tissue: Colon 
=====================================
[1] TRUE
Running SuSiE.

=====================================
Tissue: Esophagus 
=====================================
[1] TRUE
Running SuSiE.

=====================================
Tissue: Heart 
=====================================
[1] TRUE
Running SuSiE.

=====================================
Tissue: Kidney 
=====================================
[1] TRUE
Running SuSiE.

=====================================
Tissue: Liver 
=====================================
[1] TRUE
Running SuSiE.

=====================================
Tissue: Lung 
=====================================
[1] TRUE
Running SuSiE.

=====================================
Tissue: Muscle 
=====================================
[1] TRUE
Running SuSiE.

=====================================
Tissue: Nerve 
=====================================
[1] TRUE
Running SuSiE.

=====================================
Tissue: Ovary 
=====================================
[1] TRUE
Running SuSiE.

=====================================
Tissue: Pancreas 
=====================================
[1] TRUE
Running SuSiE.

=====================================
Tissue: Pituitary 
=====================================
[1] TRUE
Running SuSiE.

=====================================
Tissue: Prostate 
=====================================
[1] TRUE
Running SuSiE.

=====================================
Tissue: Salivary Gland 
=====================================
[1] TRUE
Running SuSiE.

=====================================
Tissue: Skin 
=====================================
[1] TRUE
Running SuSiE.

=====================================
Tissue: Small Intestine 
=====================================
[1] TRUE
Running SuSiE.

=====================================
Tissue: Spleen 
=====================================
[1] TRUE
Running SuSiE.

=====================================
Tissue: Stomach 
=====================================
[1] TRUE
Running SuSiE.

=====================================
Tissue: Testis 
=====================================
[1] TRUE
Running SuSiE.

=====================================
Tissue: Thyroid 
=====================================
[1] TRUE
Running SuSiE.

=====================================
Tissue: Uterus 
=====================================
[1] TRUE
Running SuSiE.

=====================================
Tissue: Vagina 
=====================================
[1] TRUE
Running SuSiE.
[2026-09-01 13:09:37] starting PLA2G2A
Importing covariate data.
Importing gene expression data.
Found 27 tissues for gene PLA2G2A :
 [1] "Adipose Tissue"  "Adrenal Gland"   "Blood"           "Blood Vessel"   
 [5] "Brain"           "Breast"          "Colon"           "Esophagus"      
 [9] "Heart"           "Kidney"          "Liver"           "Lung"           
[13] "Muscle"          "Nerve"           "Ovary"           "Pancreas"       
[17] "Pituitary"       "Prostate"        "Salivary Gland"  "Skin"           
[21] "Small Intestine" "Spleen"          "Stomach"         "Testis"         
[25] "Thyroid"         "Uterus"          "Vagina"         
Extracting genotype data from PLINK file.
PLINK v2.0.0-a.7LM 64-bit Intel (11 Mar 2026)       cog-genomics.org/plink/2.0/
(C) 2005-2026 Shaun Purcell, Christopher Chang    GNU General Public License v3
Logging to /project2/mstephens/wdenault/susie_mix/temp_plink/plink_PLA2G2A.log.
Options in effect:
  --bfile /project2/mstephens/gtex/GTEx_Analysis_2017-06-05_v8_WholeGenomeSeq_866Indiv
  --chr 1
  --export A
  --from-bp 19480416
  --maf 0
  --max-alleles 2
  --memory 8000
  --out /project2/mstephens/wdenault/susie_mix/temp_plink/plink_PLA2G2A
  --rm-dup exclude-all
  --snps-only
  --threads 2
  --to-bp 20480416

Start time: Tue Sep  1 13:10:45 2026
63721 MiB RAM detected, ~26081 available; reserving 8000 MiB for main
workspace.
Using up to 2 compute threads.
866 samples (0 females, 0 males, 866 ambiguous; 866 founders) loaded from
/project2/mstephens/gtex/GTEx_Analysis_2017-06-05_v8_WholeGenomeSeq_866Indiv.fam.
67234533 variants in
/project2/mstephens/gtex/GTEx_Analysis_2017-06-05_v8_WholeGenomeSeq_866Indiv.bim;
62424502 excluded by --chr + --max-alleles + --snps-only, 4810031 remaining.
Note: No phenotype data present.
Note: Skipping --rm-dup since no duplicate IDs are present.
18642 variants remaining after main filters.
--export A pass 1/1: loading... 0%writing... 0%1%2%3%4%5%6%7%8%9%10%11%12%13%14%15%16%17%18%19%20%21%22%23%24%25%26%27%28%29%30%31%32%33%34%35%36%37%38%39%40%41%42%43%44%45%46%47%48%49%50%51%52%53%54%55%56%57%58%59%60%61%62%63%64%65%66%67%68%69%70%71%72%73%74%75%76%77%78%79%80%81%82%83%84%85%86%87%88%89%90%91%92%93%94%95%96%97%98%99% done.
--export A: /project2/mstephens/wdenault/susie_mix/temp_plink/plink_PLA2G2A.raw
written.
End time: Tue Sep  1 13:10:51 2026
76 SNP(s) removed because HWE P < 1e-08 :
 [1] "chr1_19582011_T_A_b38_T" "chr1_19582559_C_T_b38_C"
 [3] "chr1_19583287_G_A_b38_G" "chr1_19583468_C_T_b38_C"
 [5] "chr1_19583900_T_C_b38_T" "chr1_19584313_T_C_b38_T"
 [7] "chr1_19584449_A_G_b38_A" "chr1_19587124_T_G_b38_T"
 [9] "chr1_19589166_G_T_b38_G" "chr1_19589187_A_G_b38_A"
[11] "chr1_19590487_A_C_b38_A" "chr1_19590873_A_G_b38_A"
[13] "chr1_19591694_C_T_b38_C" "chr1_19595022_T_C_b38_T"
[15] "chr1_19595045_A_G_b38_A" "chr1_19595893_C_T_b38_C"
[17] "chr1_19596946_G_A_b38_G" "chr1_19598373_A_G_b38_A"
[19] "chr1_19599206_G_A_b38_G" "chr1_19599388_C_G_b38_C"
[21] "chr1_19601226_T_C_b38_T" "chr1_19604535_G_T_b38_G"
[23] "chr1_19605627_T_C_b38_T" "chr1_19606724_C_T_b38_C"
[25] "chr1_19607283_A_G_b38_A" "chr1_19607491_C_G_b38_C"
[27] "chr1_19607868_A_G_b38_A" "chr1_19609307_C_T_b38_C"
[29] "chr1_19609352_T_C_b38_T" "chr1_19609873_G_A_b38_G"
[31] "chr1_19610013_T_G_b38_T" "chr1_19610459_T_A_b38_T"
[33] "chr1_19610607_A_T_b38_A" "chr1_19611172_A_G_b38_A"
[35] "chr1_19611207_T_C_b38_T" "chr1_19611281_A_G_b38_A"
[37] "chr1_19612030_T_C_b38_T" "chr1_19612173_A_G_b38_A"
[39] "chr1_19612701_C_T_b38_C" "chr1_19612738_G_C_b38_G"
[41] "chr1_19614564_G_A_b38_G" "chr1_19614859_C_T_b38_C"
[43] "chr1_19615296_A_G_b38_A" "chr1_19615361_G_C_b38_G"
[45] "chr1_19615732_T_C_b38_T" "chr1_19616249_A_G_b38_A"
[47] "chr1_19616887_C_A_b38_C" "chr1_19617714_G_A_b38_G"
[49] "chr1_19617906_A_T_b38_A" "chr1_19617952_C_T_b38_C"
[51] "chr1_19618942_A_G_b38_A" "chr1_19619389_T_C_b38_T"
[53] "chr1_19620847_G_C_b38_G" "chr1_19623024_C_G_b38_C"
[55] "chr1_19623663_T_G_b38_T" "chr1_19623898_A_G_b38_A"
[57] "chr1_19623996_G_C_b38_G" "chr1_19625237_G_A_b38_G"
[59] "chr1_19625570_C_T_b38_C" "chr1_19625983_T_G_b38_T"
[61] "chr1_19626210_T_G_b38_T" "chr1_19627279_C_A_b38_C"
[63] "chr1_19628103_A_G_b38_A" "chr1_19628868_T_C_b38_T"
[65] "chr1_19629046_T_C_b38_T" "chr1_19632235_A_G_b38_A"
[67] "chr1_19700408_C_G_b38_C" "chr1_19824009_G_A_b38_G"
[69] "chr1_19924032_G_A_b38_G" "chr1_19927524_G_A_b38_G"
[71] "chr1_19927814_G_A_b38_G" "chr1_19929084_T_C_b38_T"
[73] "chr1_19929206_G_T_b38_G" "chr1_19929499_A_T_b38_A"
[75] "chr1_19929513_T_C_b38_T" "chr1_20355809_A_C_b38_A"

=====================================
Tissue: Adipose Tissue 
=====================================
[1] TRUE
Running SuSiE.

=====================================
Tissue: Adrenal Gland 
=====================================
[1] TRUE
Running SuSiE.

=====================================
Tissue: Blood 
=====================================
[1] TRUE
Running SuSiE.

=====================================
Tissue: Blood Vessel 
=====================================
[1] TRUE
Running SuSiE.

=====================================
Tissue: Brain 
=====================================
[1] TRUE
Running SuSiE.

=====================================
Tissue: Breast 
=====================================
[1] TRUE
Running SuSiE.

=====================================
Tissue: Colon 
=====================================
[1] TRUE
Running SuSiE.

=====================================
Tissue: Esophagus 
=====================================
[1] TRUE
Running SuSiE.

=====================================
Tissue: Heart 
=====================================
[1] TRUE
Running SuSiE.

=====================================
Tissue: Kidney 
=====================================
[1] TRUE
Running SuSiE.

=====================================
Tissue: Liver 
=====================================
[1] TRUE
Running SuSiE.

=====================================
Tissue: Lung 
=====================================
[1] TRUE
Running SuSiE.

=====================================
Tissue: Muscle 
=====================================
[1] TRUE
Running SuSiE.

=====================================
Tissue: Nerve 
=====================================
[1] TRUE
Running SuSiE.

=====================================
Tissue: Ovary 
=====================================
[1] TRUE
Running SuSiE.

=====================================
Tissue: Pancreas 
=====================================
[1] TRUE
Running SuSiE.

=====================================
Tissue: Pituitary 
=====================================
[1] TRUE
Running SuSiE.

=====================================
Tissue: Prostate 
=====================================
[1] TRUE
Running SuSiE.

=====================================
Tissue: Salivary Gland 
=====================================
[1] TRUE
Running SuSiE.

=====================================
Tissue: Skin 
=====================================
[1] TRUE
Running SuSiE.

=====================================
Tissue: Small Intestine 
=====================================
[1] TRUE
Running SuSiE.

=====================================
Tissue: Spleen 
=====================================
[1] TRUE
Running SuSiE.

=====================================
Tissue: Stomach 
=====================================
[1] TRUE
Running SuSiE.

=====================================
Tissue: Testis 
=====================================
[1] TRUE
Running SuSiE.

=====================================
Tissue: Thyroid 
=====================================
[1] TRUE
Running SuSiE.

=====================================
Tissue: Uterus 
=====================================
[1] TRUE
Running SuSiE.

=====================================
Tissue: Vagina 
=====================================
[1] TRUE
Running SuSiE.
[2026-09-01 13:13:06] starting PLA2G2C
Importing covariate data.
Importing gene expression data.
Found 27 tissues for gene PLA2G2C :
 [1] "Adipose Tissue"  "Adrenal Gland"   "Blood"           "Blood Vessel"   
 [5] "Brain"           "Breast"          "Colon"           "Esophagus"      
 [9] "Heart"           "Kidney"          "Liver"           "Lung"           
[13] "Muscle"          "Nerve"           "Ovary"           "Pancreas"       
[17] "Pituitary"       "Prostate"        "Salivary Gland"  "Skin"           
[21] "Small Intestine" "Spleen"          "Stomach"         "Testis"         
[25] "Thyroid"         "Uterus"          "Vagina"         
Extracting genotype data from PLINK file.
PLINK v2.0.0-a.7LM 64-bit Intel (11 Mar 2026)       cog-genomics.org/plink/2.0/
(C) 2005-2026 Shaun Purcell, Christopher Chang    GNU General Public License v3
Logging to /project2/mstephens/wdenault/susie_mix/temp_plink/plink_PLA2G2C.log.
Options in effect:
  --bfile /project2/mstephens/gtex/GTEx_Analysis_2017-06-05_v8_WholeGenomeSeq_866Indiv
  --chr 1
  --export A
  --from-bp 19686518
  --maf 0
  --max-alleles 2
  --memory 8000
  --out /project2/mstephens/wdenault/susie_mix/temp_plink/plink_PLA2G2C
  --rm-dup exclude-all
  --snps-only
  --threads 2
  --to-bp 20686518

Start time: Tue Sep  1 13:14:12 2026
63721 MiB RAM detected, ~27084 available; reserving 8000 MiB for main
workspace.
Using up to 2 compute threads.
866 samples (0 females, 0 males, 866 ambiguous; 866 founders) loaded from
/project2/mstephens/gtex/GTEx_Analysis_2017-06-05_v8_WholeGenomeSeq_866Indiv.fam.
67234533 variants in
/project2/mstephens/gtex/GTEx_Analysis_2017-06-05_v8_WholeGenomeSeq_866Indiv.bim;
62424502 excluded by --chr + --max-alleles + --snps-only, 4810031 remaining.
Note: No phenotype data present.
Note: Skipping --rm-dup since no duplicate IDs are present.
18638 variants remaining after main filters.
--export A pass 1/1: loading... 0%writing... 0%1%2%3%4%5%6%7%8%9%10%11%12%13%14%15%16%17%18%19%20%21%22%23%24%25%26%27%28%29%30%31%32%33%34%35%36%37%38%39%40%41%42%43%44%45%46%47%48%49%50%51%52%53%54%55%56%57%58%59%60%61%62%63%64%65%66%67%68%69%70%71%72%73%74%75%76%77%78%79%80%81%82%83%84%85%86%87%88%89%90%91%92%93%94%95%96%97%98%99% done.
--export A: /project2/mstephens/wdenault/susie_mix/temp_plink/plink_PLA2G2C.raw
written.
End time: Tue Sep  1 13:14:17 2026
12 SNP(s) removed because HWE P < 1e-08 :
 [1] "chr1_19700408_C_G_b38_C" "chr1_19824009_G_A_b38_G"
 [3] "chr1_19924032_G_A_b38_G" "chr1_19927524_G_A_b38_G"
 [5] "chr1_19927814_G_A_b38_G" "chr1_19929084_T_C_b38_T"
 [7] "chr1_19929206_G_T_b38_G" "chr1_19929499_A_T_b38_A"
 [9] "chr1_19929513_T_C_b38_T" "chr1_20355809_A_C_b38_A"
[11] "chr1_20578557_G_A_b38_G" "chr1_20686082_G_A_b38_G"

=====================================
Tissue: Adipose Tissue 
=====================================
[1] TRUE
Running SuSiE.

=====================================
Tissue: Adrenal Gland 
=====================================
[1] TRUE
Running SuSiE.

=====================================
Tissue: Blood 
=====================================
[1] TRUE
Running SuSiE.

=====================================
Tissue: Blood Vessel 
=====================================
[1] TRUE
Running SuSiE.

=====================================
Tissue: Brain 
=====================================
[1] TRUE
Running SuSiE.

=====================================
Tissue: Breast 
=====================================
[1] TRUE
Running SuSiE.

=====================================
Tissue: Colon 
=====================================
[1] TRUE
Running SuSiE.

=====================================
Tissue: Esophagus 
=====================================
[1] TRUE
Running SuSiE.

=====================================
Tissue: Heart 
=====================================
[1] TRUE
Running SuSiE.

=====================================
Tissue: Kidney 
=====================================
[1] TRUE
Running SuSiE.

=====================================
Tissue: Liver 
=====================================
[1] TRUE
Running SuSiE.

=====================================
Tissue: Lung 
=====================================
[1] TRUE
Running SuSiE.

=====================================
Tissue: Muscle 
=====================================
[1] TRUE
Running SuSiE.

=====================================
Tissue: Nerve 
=====================================
[1] TRUE
Running SuSiE.

=====================================
Tissue: Ovary 
=====================================
[1] TRUE
Running SuSiE.

=====================================
Tissue: Pancreas 
=====================================
[1] TRUE
Running SuSiE.

=====================================
Tissue: Pituitary 
=====================================
[1] TRUE
Running SuSiE.

=====================================
Tissue: Prostate 
=====================================
[1] TRUE
Running SuSiE.

=====================================
Tissue: Salivary Gland 
=====================================
[1] TRUE
Running SuSiE.

=====================================
Tissue: Skin 
=====================================
[1] TRUE
Running SuSiE.

=====================================
Tissue: Small Intestine 
=====================================
[1] TRUE
Running SuSiE.

=====================================
Tissue: Spleen 
=====================================
[1] TRUE
Running SuSiE.

=====================================
Tissue: Stomach 
=====================================
[1] TRUE
Running SuSiE.

=====================================
Tissue: Testis 
=====================================
[1] TRUE
Running SuSiE.

=====================================
Tissue: Thyroid 
=====================================
[1] TRUE
Running SuSiE.

=====================================
Tissue: Uterus 
=====================================
[1] TRUE
Running SuSiE.

=====================================
Tissue: Vagina 
=====================================
[1] TRUE
Running SuSiE.
[2026-09-01 13:16:38] starting PLA2G2D
Importing covariate data.
Importing gene expression data.
Found 27 tissues for gene PLA2G2D :
 [1] "Adipose Tissue"  "Adrenal Gland"   "Blood"           "Blood Vessel"   
 [5] "Brain"           "Breast"          "Colon"           "Esophagus"      
 [9] "Heart"           "Kidney"          "Liver"           "Lung"           
[13] "Muscle"          "Nerve"           "Ovary"           "Pancreas"       
[17] "Pituitary"       "Prostate"        "Salivary Gland"  "Skin"           
[21] "Small Intestine" "Spleen"          "Stomach"         "Testis"         
[25] "Thyroid"         "Uterus"          "Vagina"         
Extracting genotype data from PLINK file.
PLINK v2.0.0-a.7LM 64-bit Intel (11 Mar 2026)       cog-genomics.org/plink/2.0/
(C) 2005-2026 Shaun Purcell, Christopher Chang    GNU General Public License v3
Logging to /project2/mstephens/wdenault/susie_mix/temp_plink/plink_PLA2G2D.log.
Options in effect:
  --bfile /project2/mstephens/gtex/GTEx_Analysis_2017-06-05_v8_WholeGenomeSeq_866Indiv
  --chr 1
  --export A
  --from-bp 19619566
  --maf 0
  --max-alleles 2
  --memory 8000
  --out /project2/mstephens/wdenault/susie_mix/temp_plink/plink_PLA2G2D
  --rm-dup exclude-all
  --snps-only
  --threads 2
  --to-bp 20619566

Start time: Tue Sep  1 13:17:49 2026
63721 MiB RAM detected, ~27129 available; reserving 8000 MiB for main
workspace.
Using up to 2 compute threads.
866 samples (0 females, 0 males, 866 ambiguous; 866 founders) loaded from
/project2/mstephens/gtex/GTEx_Analysis_2017-06-05_v8_WholeGenomeSeq_866Indiv.fam.
67234533 variants in
/project2/mstephens/gtex/GTEx_Analysis_2017-06-05_v8_WholeGenomeSeq_866Indiv.bim;
62424502 excluded by --chr + --max-alleles + --snps-only, 4810031 remaining.
Note: No phenotype data present.
Note: Skipping --rm-dup since no duplicate IDs are present.
18584 variants remaining after main filters.
--export A pass 1/1: loading... 0%writing... 0%1%2%3%4%5%6%7%8%9%10%11%12%13%14%15%16%17%18%19%20%21%22%23%24%25%26%27%28%29%30%31%32%33%34%35%36%37%38%39%40%41%42%43%44%45%46%47%48%49%50%51%52%53%54%55%56%57%58%59%60%61%62%63%64%65%66%67%68%69%70%71%72%73%74%75%76%77%78%79%80%81%82%83%84%85%86%87%88%89%90%91%92%93%94%95%96%97%98%99% done.
--export A: /project2/mstephens/wdenault/susie_mix/temp_plink/plink_PLA2G2D.raw
written.
End time: Tue Sep  1 13:17:54 2026
25 SNP(s) removed because HWE P < 1e-08 :
 [1] "chr1_19620847_G_C_b38_G" "chr1_19623024_C_G_b38_C"
 [3] "chr1_19623663_T_G_b38_T" "chr1_19623898_A_G_b38_A"
 [5] "chr1_19623996_G_C_b38_G" "chr1_19625237_G_A_b38_G"
 [7] "chr1_19625570_C_T_b38_C" "chr1_19625983_T_G_b38_T"
 [9] "chr1_19626210_T_G_b38_T" "chr1_19627279_C_A_b38_C"
[11] "chr1_19628103_A_G_b38_A" "chr1_19628868_T_C_b38_T"
[13] "chr1_19629046_T_C_b38_T" "chr1_19632235_A_G_b38_A"
[15] "chr1_19700408_C_G_b38_C" "chr1_19824009_G_A_b38_G"
[17] "chr1_19924032_G_A_b38_G" "chr1_19927524_G_A_b38_G"
[19] "chr1_19927814_G_A_b38_G" "chr1_19929084_T_C_b38_T"
[21] "chr1_19929206_G_T_b38_G" "chr1_19929499_A_T_b38_A"
[23] "chr1_19929513_T_C_b38_T" "chr1_20355809_A_C_b38_A"
[25] "chr1_20578557_G_A_b38_G"

=====================================
Tissue: Adipose Tissue 
=====================================
[1] TRUE
Running SuSiE.

=====================================
Tissue: Adrenal Gland 
=====================================
[1] TRUE
Running SuSiE.

=====================================
Tissue: Blood 
=====================================
[1] TRUE
Running SuSiE.

=====================================
Tissue: Blood Vessel 
=====================================
[1] TRUE
Running SuSiE.

=====================================
Tissue: Brain 
=====================================
[1] TRUE
Running SuSiE.

=====================================
Tissue: Breast 
=====================================
[1] TRUE
Running SuSiE.

=====================================
Tissue: Colon 
=====================================
[1] TRUE
Running SuSiE.

=====================================
Tissue: Esophagus 
=====================================
[1] TRUE
Running SuSiE.

=====================================
Tissue: Heart 
=====================================
[1] TRUE
Running SuSiE.

=====================================
Tissue: Kidney 
=====================================
[1] TRUE
Running SuSiE.

=====================================
Tissue: Liver 
=====================================
[1] TRUE
Running SuSiE.

=====================================
Tissue: Lung 
=====================================
[1] TRUE
Running SuSiE.

=====================================
Tissue: Muscle 
=====================================
[1] TRUE
Running SuSiE.

=====================================
Tissue: Nerve 
=====================================
[1] TRUE
Running SuSiE.

=====================================
Tissue: Ovary 
=====================================
[1] TRUE
Running SuSiE.

=====================================
Tissue: Pancreas 
=====================================
[1] TRUE
Running SuSiE.

=====================================
Tissue: Pituitary 
=====================================
[1] TRUE
Running SuSiE.

=====================================
Tissue: Prostate 
=====================================
[1] TRUE
Running SuSiE.

=====================================
Tissue: Salivary Gland 
=====================================
[1] TRUE
Running SuSiE.

=====================================
Tissue: Skin 
=====================================
[1] TRUE
Running SuSiE.

=====================================
Tissue: Small Intestine 
=====================================
[1] TRUE
Running SuSiE.

=====================================
Tissue: Spleen 
=====================================
[1] TRUE
Running SuSiE.

=====================================
Tissue: Stomach 
=====================================
[1] TRUE
Running SuSiE.

=====================================
Tissue: Testis 
=====================================
[1] TRUE
Running SuSiE.

=====================================
Tissue: Thyroid 
=====================================
[1] TRUE
Running SuSiE.

=====================================
Tissue: Uterus 
=====================================
[1] TRUE
Running SuSiE.

=====================================
Tissue: Vagina 
=====================================
[1] TRUE
Running SuSiE.
[2026-09-01 13:20:17] starting PLA2G2E
Importing covariate data.
Importing gene expression data.
Found 27 tissues for gene PLA2G2E :
 [1] "Adipose Tissue"  "Adrenal Gland"   "Blood"           "Blood Vessel"   
 [5] "Brain"           "Breast"          "Colon"           "Esophagus"      
 [9] "Heart"           "Kidney"          "Liver"           "Lung"           
[13] "Muscle"          "Nerve"           "Ovary"           "Pancreas"       
[17] "Pituitary"       "Prostate"        "Salivary Gland"  "Skin"           
[21] "Small Intestine" "Spleen"          "Stomach"         "Testis"         
[25] "Thyroid"         "Uterus"          "Vagina"         
Extracting genotype data from PLINK file.
PLINK v2.0.0-a.7LM 64-bit Intel (11 Mar 2026)       cog-genomics.org/plink/2.0/
(C) 2005-2026 Shaun Purcell, Christopher Chang    GNU General Public License v3
Logging to /project2/mstephens/wdenault/susie_mix/temp_plink/plink_PLA2G2E.log.
Options in effect:
  --bfile /project2/mstephens/gtex/GTEx_Analysis_2017-06-05_v8_WholeGenomeSeq_866Indiv
  --chr 1
  --export A
  --from-bp 19423617
  --maf 0
  --max-alleles 2
  --memory 8000
  --out /project2/mstephens/wdenault/susie_mix/temp_plink/plink_PLA2G2E
  --rm-dup exclude-all
  --snps-only
  --threads 2
  --to-bp 20423617

Start time: Tue Sep  1 13:21:27 2026
63721 MiB RAM detected, ~26854 available; reserving 8000 MiB for main
workspace.
Using up to 2 compute threads.
866 samples (0 females, 0 males, 866 ambiguous; 866 founders) loaded from
/project2/mstephens/gtex/GTEx_Analysis_2017-06-05_v8_WholeGenomeSeq_866Indiv.fam.
67234533 variants in
/project2/mstephens/gtex/GTEx_Analysis_2017-06-05_v8_WholeGenomeSeq_866Indiv.bim;
62424502 excluded by --chr + --max-alleles + --snps-only, 4810031 remaining.
Note: No phenotype data present.
Note: Skipping --rm-dup since no duplicate IDs are present.
18841 variants remaining after main filters.
--export A pass 1/1: loading... 0%writing... 0%1%2%3%4%5%6%7%8%9%10%11%12%13%14%15%16%17%18%19%20%21%22%23%24%25%26%27%28%29%30%31%32%33%34%35%36%37%38%39%40%41%42%43%44%45%46%47%48%49%50%51%52%53%54%55%56%57%58%59%60%61%62%63%64%65%66%67%68%69%70%71%72%73%74%75%76%77%78%79%80%81%82%83%84%85%86%87%88%89%90%91%92%93%94%95%96%97%98%99% done.
--export A: /project2/mstephens/wdenault/susie_mix/temp_plink/plink_PLA2G2E.raw
written.
End time: Tue Sep  1 13:21:33 2026
86 SNP(s) removed because HWE P < 1e-08 :
 [1] "chr1_19472516_A_G_b38_A" "chr1_19473135_C_A_b38_C"
 [3] "chr1_19474460_C_T_b38_C" "chr1_19474859_A_C_b38_A"
 [5] "chr1_19475404_A_G_b38_A" "chr1_19475434_C_G_b38_C"
 [7] "chr1_19475688_A_G_b38_A" "chr1_19476549_T_C_b38_T"
 [9] "chr1_19476966_A_G_b38_A" "chr1_19480198_G_T_b38_G"
[11] "chr1_19582011_T_A_b38_T" "chr1_19582559_C_T_b38_C"
[13] "chr1_19583287_G_A_b38_G" "chr1_19583468_C_T_b38_C"
[15] "chr1_19583900_T_C_b38_T" "chr1_19584313_T_C_b38_T"
[17] "chr1_19584449_A_G_b38_A" "chr1_19587124_T_G_b38_T"
[19] "chr1_19589166_G_T_b38_G" "chr1_19589187_A_G_b38_A"
[21] "chr1_19590487_A_C_b38_A" "chr1_19590873_A_G_b38_A"
[23] "chr1_19591694_C_T_b38_C" "chr1_19595022_T_C_b38_T"
[25] "chr1_19595045_A_G_b38_A" "chr1_19595893_C_T_b38_C"
[27] "chr1_19596946_G_A_b38_G" "chr1_19598373_A_G_b38_A"
[29] "chr1_19599206_G_A_b38_G" "chr1_19599388_C_G_b38_C"
[31] "chr1_19601226_T_C_b38_T" "chr1_19604535_G_T_b38_G"
[33] "chr1_19605627_T_C_b38_T" "chr1_19606724_C_T_b38_C"
[35] "chr1_19607283_A_G_b38_A" "chr1_19607491_C_G_b38_C"
[37] "chr1_19607868_A_G_b38_A" "chr1_19609307_C_T_b38_C"
[39] "chr1_19609352_T_C_b38_T" "chr1_19609873_G_A_b38_G"
[41] "chr1_19610013_T_G_b38_T" "chr1_19610459_T_A_b38_T"
[43] "chr1_19610607_A_T_b38_A" "chr1_19611172_A_G_b38_A"
[45] "chr1_19611207_T_C_b38_T" "chr1_19611281_A_G_b38_A"
[47] "chr1_19612030_T_C_b38_T" "chr1_19612173_A_G_b38_A"
[49] "chr1_19612701_C_T_b38_C" "chr1_19612738_G_C_b38_G"
[51] "chr1_19614564_G_A_b38_G" "chr1_19614859_C_T_b38_C"
[53] "chr1_19615296_A_G_b38_A" "chr1_19615361_G_C_b38_G"
[55] "chr1_19615732_T_C_b38_T" "chr1_19616249_A_G_b38_A"
[57] "chr1_19616887_C_A_b38_C" "chr1_19617714_G_A_b38_G"
[59] "chr1_19617906_A_T_b38_A" "chr1_19617952_C_T_b38_C"
[61] "chr1_19618942_A_G_b38_A" "chr1_19619389_T_C_b38_T"
[63] "chr1_19620847_G_C_b38_G" "chr1_19623024_C_G_b38_C"
[65] "chr1_19623663_T_G_b38_T" "chr1_19623898_A_G_b38_A"
[67] "chr1_19623996_G_C_b38_G" "chr1_19625237_G_A_b38_G"
[69] "chr1_19625570_C_T_b38_C" "chr1_19625983_T_G_b38_T"
[71] "chr1_19626210_T_G_b38_T" "chr1_19627279_C_A_b38_C"
[73] "chr1_19628103_A_G_b38_A" "chr1_19628868_T_C_b38_T"
[75] "chr1_19629046_T_C_b38_T" "chr1_19632235_A_G_b38_A"
[77] "chr1_19700408_C_G_b38_C" "chr1_19824009_G_A_b38_G"
[79] "chr1_19924032_G_A_b38_G" "chr1_19927524_G_A_b38_G"
[81] "chr1_19927814_G_A_b38_G" "chr1_19929084_T_C_b38_T"
[83] "chr1_19929206_G_T_b38_G" "chr1_19929499_A_T_b38_A"
[85] "chr1_19929513_T_C_b38_T" "chr1_20355809_A_C_b38_A"

=====================================
Tissue: Adipose Tissue 
=====================================
[1] TRUE
Running SuSiE.

=====================================
Tissue: Adrenal Gland 
=====================================
[1] TRUE
Running SuSiE.

=====================================
Tissue: Blood 
=====================================
[1] TRUE
Running SuSiE.

=====================================
Tissue: Blood Vessel 
=====================================
[1] TRUE
Running SuSiE.

=====================================
Tissue: Brain 
=====================================
[1] TRUE
Running SuSiE.

=====================================
Tissue: Breast 
=====================================
[1] TRUE
Running SuSiE.

=====================================
Tissue: Colon 
=====================================
[1] TRUE
Running SuSiE.

=====================================
Tissue: Esophagus 
=====================================
[1] TRUE
Running SuSiE.

=====================================
Tissue: Heart 
=====================================
[1] TRUE
Running SuSiE.

=====================================
Tissue: Kidney 
=====================================
[1] TRUE
Running SuSiE.

=====================================
Tissue: Liver 
=====================================
[1] TRUE
Running SuSiE.

=====================================
Tissue: Lung 
=====================================
[1] TRUE
Running SuSiE.

=====================================
Tissue: Muscle 
=====================================
[1] TRUE
Running SuSiE.

=====================================
Tissue: Nerve 
=====================================
[1] TRUE
Running SuSiE.

=====================================
Tissue: Ovary 
=====================================
[1] TRUE
Running SuSiE.

=====================================
Tissue: Pancreas 
=====================================
[1] TRUE
Running SuSiE.

=====================================
Tissue: Pituitary 
=====================================
[1] TRUE
Running SuSiE.

=====================================
Tissue: Prostate 
=====================================
[1] TRUE
Running SuSiE.

=====================================
Tissue: Salivary Gland 
=====================================
[1] TRUE
Running SuSiE.

=====================================
Tissue: Skin 
=====================================
[1] TRUE
Running SuSiE.

=====================================
Tissue: Small Intestine 
=====================================
[1] TRUE
Running SuSiE.

=====================================
Tissue: Spleen 
=====================================
[1] TRUE
Running SuSiE.

=====================================
Tissue: Stomach 
=====================================
[1] TRUE
Running SuSiE.

=====================================
Tissue: Testis 
=====================================
[1] TRUE
Running SuSiE.

=====================================
Tissue: Thyroid 
=====================================
[1] TRUE
Running SuSiE.

=====================================
Tissue: Uterus 
=====================================
[1] TRUE
Running SuSiE.

=====================================
Tissue: Vagina 
=====================================
[1] TRUE
Running SuSiE.
[2026-09-01 13:23:54] starting PLA2G2F
Importing covariate data.
Importing gene expression data.
Found 27 tissues for gene PLA2G2F :
 [1] "Adipose Tissue"  "Adrenal Gland"   "Blood"           "Blood Vessel"   
 [5] "Brain"           "Breast"          "Colon"           "Esophagus"      
 [9] "Heart"           "Kidney"          "Liver"           "Lung"           
[13] "Muscle"          "Nerve"           "Ovary"           "Pancreas"       
[17] "Pituitary"       "Prostate"        "Salivary Gland"  "Skin"           
[21] "Small Intestine" "Spleen"          "Stomach"         "Testis"         
[25] "Thyroid"         "Uterus"          "Vagina"         
Extracting genotype data from PLINK file.
PLINK v2.0.0-a.7LM 64-bit Intel (11 Mar 2026)       cog-genomics.org/plink/2.0/
(C) 2005-2026 Shaun Purcell, Christopher Chang    GNU General Public License v3
Logging to /project2/mstephens/wdenault/susie_mix/temp_plink/plink_PLA2G2F.log.
Options in effect:
  --bfile /project2/mstephens/gtex/GTEx_Analysis_2017-06-05_v8_WholeGenomeSeq_866Indiv
  --chr 1
  --export A
  --from-bp 19639323
  --maf 0
  --max-alleles 2
  --memory 8000
  --out /project2/mstephens/wdenault/susie_mix/temp_plink/plink_PLA2G2F
  --rm-dup exclude-all
  --snps-only
  --threads 2
  --to-bp 20639323

Start time: Tue Sep  1 13:25:02 2026
63721 MiB RAM detected, ~24427 available; reserving 8000 MiB for main
workspace.
Using up to 2 compute threads.
866 samples (0 females, 0 males, 866 ambiguous; 866 founders) loaded from
/project2/mstephens/gtex/GTEx_Analysis_2017-06-05_v8_WholeGenomeSeq_866Indiv.fam.
67234533 variants in
/project2/mstephens/gtex/GTEx_Analysis_2017-06-05_v8_WholeGenomeSeq_866Indiv.bim;
62424502 excluded by --chr + --max-alleles + --snps-only, 4810031 remaining.
Note: No phenotype data present.
Note: Skipping --rm-dup since no duplicate IDs are present.
18616 variants remaining after main filters.
--export A pass 1/1: loading... 0%writing... 0%1%2%3%4%5%6%7%8%9%10%11%12%13%14%15%16%17%18%19%20%21%22%23%24%25%26%27%28%29%30%31%32%33%34%35%36%37%38%39%40%41%42%43%44%45%46%47%48%49%50%51%52%53%54%55%56%57%58%59%60%61%62%63%64%65%66%67%68%69%70%71%72%73%74%75%76%77%78%79%80%81%82%83%84%85%86%87%88%89%90%91%92%93%94%95%96%97%98%99% done.
--export A: /project2/mstephens/wdenault/susie_mix/temp_plink/plink_PLA2G2F.raw
written.
End time: Tue Sep  1 13:25:08 2026
11 SNP(s) removed because HWE P < 1e-08 :
 [1] "chr1_19700408_C_G_b38_C" "chr1_19824009_G_A_b38_G"
 [3] "chr1_19924032_G_A_b38_G" "chr1_19927524_G_A_b38_G"
 [5] "chr1_19927814_G_A_b38_G" "chr1_19929084_T_C_b38_T"
 [7] "chr1_19929206_G_T_b38_G" "chr1_19929499_A_T_b38_A"
 [9] "chr1_19929513_T_C_b38_T" "chr1_20355809_A_C_b38_A"
[11] "chr1_20578557_G_A_b38_G"

=====================================
Tissue: Adipose Tissue 
=====================================
[1] TRUE
Running SuSiE.

=====================================
Tissue: Adrenal Gland 
=====================================
[1] TRUE
Running SuSiE.

=====================================
Tissue: Blood 
=====================================
[1] TRUE
Running SuSiE.

=====================================
Tissue: Blood Vessel 
=====================================
[1] TRUE
Running SuSiE.

=====================================
Tissue: Brain 
=====================================
[1] TRUE
Running SuSiE.

=====================================
Tissue: Breast 
=====================================
[1] TRUE
Running SuSiE.

=====================================
Tissue: Colon 
=====================================
[1] TRUE
Running SuSiE.

=====================================
Tissue: Esophagus 
=====================================
[1] TRUE
Running SuSiE.

=====================================
Tissue: Heart 
=====================================
[1] TRUE
Running SuSiE.

=====================================
Tissue: Kidney 
=====================================
[1] TRUE
Running SuSiE.

=====================================
Tissue: Liver 
=====================================
[1] TRUE
Running SuSiE.

=====================================
Tissue: Lung 
=====================================
[1] TRUE
Running SuSiE.

=====================================
Tissue: Muscle 
=====================================
[1] TRUE
Running SuSiE.

=====================================
Tissue: Nerve 
=====================================
[1] TRUE
Running SuSiE.

=====================================
Tissue: Ovary 
=====================================
[1] TRUE
Running SuSiE.

=====================================
Tissue: Pancreas 
=====================================
[1] TRUE
Running SuSiE.

=====================================
Tissue: Pituitary 
=====================================
[1] TRUE
Running SuSiE.

=====================================
Tissue: Prostate 
=====================================
[1] TRUE
Running SuSiE.

=====================================
Tissue: Salivary Gland 
=====================================
[1] TRUE
Running SuSiE.

=====================================
Tissue: Skin 
=====================================
[1] TRUE
Running SuSiE.

=====================================
Tissue: Small Intestine 
=====================================
[1] TRUE
Running SuSiE.

=====================================
Tissue: Spleen 
=====================================
[1] TRUE
Running SuSiE.

=====================================
Tissue: Stomach 
=====================================
[1] TRUE
Running SuSiE.

=====================================
Tissue: Testis 
=====================================
[1] TRUE
Running SuSiE.

=====================================
Tissue: Thyroid 
=====================================
[1] TRUE
Running SuSiE.

=====================================
Tissue: Uterus 
=====================================
[1] TRUE
Running SuSiE.

=====================================
Tissue: Vagina 
=====================================
[1] TRUE
Running SuSiE.
[2026-09-01 13:27:26] starting PLA2G3
Importing covariate data.
Importing gene expression data.
Found 27 tissues for gene PLA2G3 :
 [1] "Adipose Tissue"  "Adrenal Gland"   "Blood"           "Blood Vessel"   
 [5] "Brain"           "Breast"          "Colon"           "Esophagus"      
 [9] "Heart"           "Kidney"          "Liver"           "Lung"           
[13] "Muscle"          "Nerve"           "Ovary"           "Pancreas"       
[17] "Pituitary"       "Prostate"        "Salivary Gland"  "Skin"           
[21] "Small Intestine" "Spleen"          "Stomach"         "Testis"         
[25] "Thyroid"         "Uterus"          "Vagina"         
Extracting genotype data from PLINK file.
PLINK v2.0.0-a.7LM 64-bit Intel (11 Mar 2026)       cog-genomics.org/plink/2.0/
(C) 2005-2026 Shaun Purcell, Christopher Chang    GNU General Public License v3
Logging to /project2/mstephens/wdenault/susie_mix/temp_plink/plink_PLA2G3.log.
Options in effect:
  --bfile /project2/mstephens/gtex/GTEx_Analysis_2017-06-05_v8_WholeGenomeSeq_866Indiv
  --chr 22
  --export A
  --from-bp 30640508
  --maf 0
  --max-alleles 2
  --memory 8000
  --out /project2/mstephens/wdenault/susie_mix/temp_plink/plink_PLA2G3
  --rm-dup exclude-all
  --snps-only
  --threads 2
  --to-bp 31640508

Start time: Tue Sep  1 13:28:32 2026
63721 MiB RAM detected, ~27102 available; reserving 8000 MiB for main
workspace.
Using up to 2 compute threads.
866 samples (0 females, 0 males, 866 ambiguous; 866 founders) loaded from
/project2/mstephens/gtex/GTEx_Analysis_2017-06-05_v8_WholeGenomeSeq_866Indiv.fam.
67234533 variants in
/project2/mstephens/gtex/GTEx_Analysis_2017-06-05_v8_WholeGenomeSeq_866Indiv.bim;
66348568 excluded by --chr + --max-alleles + --snps-only, 885965 remaining.
Note: No phenotype data present.
Note: Skipping --rm-dup since no duplicate IDs are present.
17266 variants remaining after main filters.
--export A pass 1/1: loading... 0%writing... 0%1%2%3%4%5%6%7%8%9%10%11%12%13%14%15%16%17%18%19%20%21%22%23%24%25%26%27%28%29%30%31%32%33%34%35%36%37%38%39%40%41%42%43%44%45%46%47%48%49%50%51%52%53%54%55%56%57%58%59%60%61%62%63%64%65%66%67%68%69%70%71%72%73%74%75%76%77%78%79%80%81%82%83%84%85%86%87%88%89%90%91%92%93%94%95%96%97%98%99% done.
--export A: /project2/mstephens/wdenault/susie_mix/temp_plink/plink_PLA2G3.raw
written.
End time: Tue Sep  1 13:28:37 2026
15 SNP(s) removed because HWE P < 1e-08 :
 [1] "chr22_30665296_C_T_b38_C" "chr22_30813096_T_G_b38_T"
 [3] "chr22_31026620_G_C_b38_G" "chr22_31137151_T_C_b38_T"
 [5] "chr22_31226669_A_G_b38_A" "chr22_31226672_T_C_b38_T"
 [7] "chr22_31226677_T_C_b38_T" "chr22_31226678_T_C_b38_T"
 [9] "chr22_31226699_C_T_b38_C" "chr22_31226714_A_G_b38_A"
[11] "chr22_31226724_T_C_b38_T" "chr22_31226735_T_G_b38_T"
[13] "chr22_31268711_T_C_b38_T" "chr22_31437464_T_C_b38_T"
[15] "chr22_31514148_A_G_b38_A"

=====================================
Tissue: Adipose Tissue 
=====================================
[1] TRUE
Running SuSiE.

=====================================
Tissue: Adrenal Gland 
=====================================
[1] TRUE
Running SuSiE.

=====================================
Tissue: Blood 
=====================================
[1] TRUE
Running SuSiE.

=====================================
Tissue: Blood Vessel 
=====================================
[1] TRUE
Running SuSiE.

=====================================
Tissue: Brain 
=====================================
[1] TRUE
Running SuSiE.

=====================================
Tissue: Breast 
=====================================
[1] TRUE
Running SuSiE.

=====================================
Tissue: Colon 
=====================================
[1] TRUE
Running SuSiE.

=====================================
Tissue: Esophagus 
=====================================
[1] TRUE
Running SuSiE.

=====================================
Tissue: Heart 
=====================================
[1] TRUE
Running SuSiE.

=====================================
Tissue: Kidney 
=====================================
[1] TRUE
Running SuSiE.

=====================================
Tissue: Liver 
=====================================
[1] TRUE
Running SuSiE.

=====================================
Tissue: Lung 
=====================================
[1] TRUE
Running SuSiE.

=====================================
Tissue: Muscle 
=====================================
[1] TRUE
Running SuSiE.

=====================================
Tissue: Nerve 
=====================================
[1] TRUE
Running SuSiE.

=====================================
Tissue: Ovary 
=====================================
[1] TRUE
Running SuSiE.

=====================================
Tissue: Pancreas 
=====================================
[1] TRUE
Running SuSiE.

=====================================
Tissue: Pituitary 
=====================================
[1] TRUE
Running SuSiE.

=====================================
Tissue: Prostate 
=====================================
[1] TRUE
Running SuSiE.

=====================================
Tissue: Salivary Gland 
=====================================
[1] TRUE
Running SuSiE.

=====================================
Tissue: Skin 
=====================================
[1] TRUE
Running SuSiE.

=====================================
Tissue: Small Intestine 
=====================================
[1] TRUE
Running SuSiE.

=====================================
Tissue: Spleen 
=====================================
[1] TRUE
Running SuSiE.

=====================================
Tissue: Stomach 
=====================================
[1] TRUE
Running SuSiE.

=====================================
Tissue: Testis 
=====================================
[1] TRUE
Running SuSiE.

=====================================
Tissue: Thyroid 
=====================================
[1] TRUE
Running SuSiE.

=====================================
Tissue: Uterus 
=====================================
[1] TRUE
Running SuSiE.

=====================================
Tissue: Vagina 
=====================================
[1] TRUE
Running SuSiE.
[2026-09-01 13:30:02] starting PLA2G4A
Importing covariate data.
Importing gene expression data.
Found 27 tissues for gene PLA2G4A :
 [1] "Adipose Tissue"  "Adrenal Gland"   "Blood"           "Blood Vessel"   
 [5] "Brain"           "Breast"          "Colon"           "Esophagus"      
 [9] "Heart"           "Kidney"          "Liver"           "Lung"           
[13] "Muscle"          "Nerve"           "Ovary"           "Pancreas"       
[17] "Pituitary"       "Prostate"        "Salivary Gland"  "Skin"           
[21] "Small Intestine" "Spleen"          "Stomach"         "Testis"         
[25] "Thyroid"         "Uterus"          "Vagina"         
Extracting genotype data from PLINK file.
PLINK v2.0.0-a.7LM 64-bit Intel (11 Mar 2026)       cog-genomics.org/plink/2.0/
(C) 2005-2026 Shaun Purcell, Christopher Chang    GNU General Public License v3
Logging to /project2/mstephens/wdenault/susie_mix/temp_plink/plink_PLA2G4A.log.
Options in effect:
  --bfile /project2/mstephens/gtex/GTEx_Analysis_2017-06-05_v8_WholeGenomeSeq_866Indiv
  --chr 1
  --export A
  --from-bp 186328949
  --maf 0
  --max-alleles 2
  --memory 8000
  --out /project2/mstephens/wdenault/susie_mix/temp_plink/plink_PLA2G4A
  --rm-dup exclude-all
  --snps-only
  --threads 2
  --to-bp 187328949

Start time: Tue Sep  1 13:31:08 2026
63721 MiB RAM detected, ~27092 available; reserving 8000 MiB for main
workspace.
Using up to 2 compute threads.
866 samples (0 females, 0 males, 866 ambiguous; 866 founders) loaded from
/project2/mstephens/gtex/GTEx_Analysis_2017-06-05_v8_WholeGenomeSeq_866Indiv.fam.
67234533 variants in
/project2/mstephens/gtex/GTEx_Analysis_2017-06-05_v8_WholeGenomeSeq_866Indiv.bim;
62424502 excluded by --chr + --max-alleles + --snps-only, 4810031 remaining.
Note: No phenotype data present.
Note: Skipping --rm-dup since no duplicate IDs are present.
17502 variants remaining after main filters.
--export A pass 1/1: loading... 0%writing... 0%1%2%3%4%5%6%7%8%9%10%11%12%13%14%15%16%17%18%19%20%21%22%23%24%25%26%27%28%29%30%31%32%33%34%35%36%37%38%39%40%41%42%43%44%45%46%47%48%49%50%51%52%53%54%55%56%57%58%59%60%61%62%63%64%65%66%67%68%69%70%71%72%73%74%75%76%77%78%79%80%81%82%83%84%85%86%87%88%89%90%91%92%93%94%95%96%97%98%99% done.
--export A: /project2/mstephens/wdenault/susie_mix/temp_plink/plink_PLA2G4A.raw
written.
End time: Tue Sep  1 13:31:14 2026
11 SNP(s) removed because HWE P < 1e-08 :
 [1] "chr1_186651113_G_A_b38_G" "chr1_186663155_A_C_b38_A"
 [3] "chr1_186666067_T_C_b38_T" "chr1_186669132_G_A_b38_G"
 [5] "chr1_186671926_G_A_b38_G" "chr1_186809136_C_T_b38_C"
 [7] "chr1_186809156_C_T_b38_C" "chr1_186809170_T_C_b38_T"
 [9] "chr1_186821844_T_C_b38_T" "chr1_186916760_A_C_b38_A"
[11] "chr1_186944970_T_C_b38_T"

=====================================
Tissue: Adipose Tissue 
=====================================
[1] TRUE
Running SuSiE.

=====================================
Tissue: Adrenal Gland 
=====================================
[1] TRUE
Running SuSiE.

=====================================
Tissue: Blood 
=====================================
[1] TRUE
Running SuSiE.

=====================================
Tissue: Blood Vessel 
=====================================
[1] TRUE
Running SuSiE.

=====================================
Tissue: Brain 
=====================================
[1] TRUE
Running SuSiE.

=====================================
Tissue: Breast 
=====================================
[1] TRUE
Running SuSiE.

=====================================
Tissue: Colon 
=====================================
[1] TRUE
Running SuSiE.

=====================================
Tissue: Esophagus 
=====================================
[1] TRUE
Running SuSiE.

=====================================
Tissue: Heart 
=====================================
[1] TRUE
Running SuSiE.

=====================================
Tissue: Kidney 
=====================================
[1] TRUE
Running SuSiE.

=====================================
Tissue: Liver 
=====================================
[1] TRUE
Running SuSiE.

=====================================
Tissue: Lung 
=====================================
[1] TRUE
Running SuSiE.

=====================================
Tissue: Muscle 
=====================================
[1] TRUE
Running SuSiE.

=====================================
Tissue: Nerve 
=====================================
[1] TRUE
Running SuSiE.

=====================================
Tissue: Ovary 
=====================================
[1] TRUE
Running SuSiE.

=====================================
Tissue: Pancreas 
=====================================
[1] TRUE
Running SuSiE.

=====================================
Tissue: Pituitary 
=====================================
[1] TRUE
Running SuSiE.

=====================================
Tissue: Prostate 
=====================================
[1] TRUE
Running SuSiE.

=====================================
Tissue: Salivary Gland 
=====================================
[1] TRUE
Running SuSiE.

=====================================
Tissue: Skin 
=====================================
[1] TRUE
Running SuSiE.

=====================================
Tissue: Small Intestine 
=====================================
[1] TRUE
Running SuSiE.

=====================================
Tissue: Spleen 
=====================================
[1] TRUE
Running SuSiE.

=====================================
Tissue: Stomach 
=====================================
[1] TRUE
Running SuSiE.

=====================================
Tissue: Testis 
=====================================
[1] TRUE
Running SuSiE.

=====================================
Tissue: Thyroid 
=====================================
[1] TRUE
Running SuSiE.

=====================================
Tissue: Uterus 
=====================================
[1] TRUE
Running SuSiE.

=====================================
Tissue: Vagina 
=====================================
[1] TRUE
Running SuSiE.
[2026-09-01 13:33:03] starting PLA2G4B
Importing covariate data.
Importing gene expression data.
Found 27 tissues for gene PLA2G4B :
 [1] "Adipose Tissue"  "Adrenal Gland"   "Blood"           "Blood Vessel"   
 [5] "Brain"           "Breast"          "Colon"           "Esophagus"      
 [9] "Heart"           "Kidney"          "Liver"           "Lung"           
[13] "Muscle"          "Nerve"           "Ovary"           "Pancreas"       
[17] "Pituitary"       "Prostate"        "Salivary Gland"  "Skin"           
[21] "Small Intestine" "Spleen"          "Stomach"         "Testis"         
[25] "Thyroid"         "Uterus"          "Vagina"         
Extracting genotype data from PLINK file.
PLINK v2.0.0-a.7LM 64-bit Intel (11 Mar 2026)       cog-genomics.org/plink/2.0/
(C) 2005-2026 Shaun Purcell, Christopher Chang    GNU General Public License v3
Logging to /project2/mstephens/wdenault/susie_mix/temp_plink/plink_PLA2G4B.log.
Options in effect:
  --bfile /project2/mstephens/gtex/GTEx_Analysis_2017-06-05_v8_WholeGenomeSeq_866Indiv
  --chr 15
  --export A
  --from-bp 41337775
  --maf 0
  --max-alleles 2
  --memory 8000
  --out /project2/mstephens/wdenault/susie_mix/temp_plink/plink_PLA2G4B
  --rm-dup exclude-all
  --snps-only
  --threads 2
  --to-bp 42337775

Start time: Tue Sep  1 13:34:11 2026
63721 MiB RAM detected, ~27138 available; reserving 8000 MiB for main
workspace.
Using up to 2 compute threads.
866 samples (0 females, 0 males, 866 ambiguous; 866 founders) loaded from
/project2/mstephens/gtex/GTEx_Analysis_2017-06-05_v8_WholeGenomeSeq_866Indiv.fam.
67234533 variants in
/project2/mstephens/gtex/GTEx_Analysis_2017-06-05_v8_WholeGenomeSeq_866Indiv.bim;
65613623 excluded by --chr + --max-alleles + --snps-only, 1620910 remaining.
Note: No phenotype data present.
Note: Skipping --rm-dup since no duplicate IDs are present.
18514 variants remaining after main filters.
--export A pass 1/1: loading... 0%writing... 0%1%2%3%4%5%6%7%8%9%10%11%12%13%14%15%16%17%18%19%20%21%22%23%24%25%26%27%28%29%30%31%32%33%34%35%36%37%38%39%40%41%42%43%44%45%46%47%48%49%50%51%52%53%54%55%56%57%58%59%60%61%62%63%64%65%66%67%68%69%70%71%72%73%74%75%76%77%78%79%80%81%82%83%84%85%86%87%88%89%90%91%92%93%94%95%96%97%98%99% done.
--export A: /project2/mstephens/wdenault/susie_mix/temp_plink/plink_PLA2G4B.raw
written.
End time: Tue Sep  1 13:34:16 2026
22 SNP(s) removed because HWE P < 1e-08 :
 [1] "chr15_41661342_A_C_b38_A" "chr15_41661345_G_C_b38_G"
 [3] "chr15_42036346_A_G_b38_A" "chr15_42036365_T_A_b38_T"
 [5] "chr15_42150543_A_G_b38_A" "chr15_42152412_T_C_b38_T"
 [7] "chr15_42153456_A_G_b38_A" "chr15_42153526_C_G_b38_C"
 [9] "chr15_42153789_A_G_b38_A" "chr15_42153960_G_C_b38_G"
[11] "chr15_42154010_C_T_b38_C" "chr15_42158910_G_C_b38_G"
[13] "chr15_42236478_C_T_b38_C" "chr15_42293176_T_A_b38_T"
[15] "chr15_42322774_C_A_b38_C" "chr15_42323071_A_G_b38_A"
[17] "chr15_42323213_A_C_b38_A" "chr15_42323294_A_G_b38_A"
[19] "chr15_42323875_A_T_b38_A" "chr15_42324134_T_G_b38_T"
[21] "chr15_42325446_A_G_b38_A" "chr15_42332501_C_T_b38_C"

=====================================
Tissue: Adipose Tissue 
=====================================
[1] TRUE
Running SuSiE.

=====================================
Tissue: Adrenal Gland 
=====================================
[1] TRUE
Running SuSiE.

=====================================
Tissue: Blood 
=====================================
[1] TRUE
Running SuSiE.

=====================================
Tissue: Blood Vessel 
=====================================
[1] TRUE
Running SuSiE.

=====================================
Tissue: Brain 
=====================================
[1] TRUE
Running SuSiE.

=====================================
Tissue: Breast 
=====================================
[1] TRUE
Running SuSiE.

=====================================
Tissue: Colon 
=====================================
[1] TRUE
Running SuSiE.

=====================================
Tissue: Esophagus 
=====================================
[1] TRUE
Running SuSiE.

=====================================
Tissue: Heart 
=====================================
[1] TRUE
Running SuSiE.

=====================================
Tissue: Kidney 
=====================================
[1] TRUE
Running SuSiE.

=====================================
Tissue: Liver 
=====================================
[1] TRUE
Running SuSiE.

=====================================
Tissue: Lung 
=====================================
[1] TRUE
Running SuSiE.

=====================================
Tissue: Muscle 
=====================================
[1] TRUE
Running SuSiE.

=====================================
Tissue: Nerve 
=====================================
[1] TRUE
Running SuSiE.

=====================================
Tissue: Ovary 
=====================================
[1] TRUE
Running SuSiE.

=====================================
Tissue: Pancreas 
=====================================
[1] TRUE
Running SuSiE.

=====================================
Tissue: Pituitary 
=====================================
[1] TRUE
Running SuSiE.

=====================================
Tissue: Prostate 
=====================================
[1] TRUE
Running SuSiE.

=====================================
Tissue: Salivary Gland 
=====================================
[1] TRUE
Running SuSiE.

=====================================
Tissue: Skin 
=====================================
[1] TRUE
Running SuSiE.

=====================================
Tissue: Small Intestine 
=====================================
[1] TRUE
Running SuSiE.

=====================================
Tissue: Spleen 
=====================================
[1] TRUE
Running SuSiE.

=====================================
Tissue: Stomach 
=====================================
[1] TRUE
Running SuSiE.

=====================================
Tissue: Testis 
=====================================
[1] TRUE
Running SuSiE.

=====================================
Tissue: Thyroid 
=====================================
[1] TRUE
Running SuSiE.

=====================================
Tissue: Uterus 
=====================================
[1] TRUE
Running SuSiE.

=====================================
Tissue: Vagina 
=====================================
[1] TRUE
Running SuSiE.
[2026-09-01 13:35:59] starting PLA2G4C
Importing covariate data.
Importing gene expression data.
Found 27 tissues for gene PLA2G4C :
 [1] "Adipose Tissue"  "Adrenal Gland"   "Blood"           "Blood Vessel"   
 [5] "Brain"           "Breast"          "Colon"           "Esophagus"      
 [9] "Heart"           "Kidney"          "Liver"           "Lung"           
[13] "Muscle"          "Nerve"           "Ovary"           "Pancreas"       
[17] "Pituitary"       "Prostate"        "Salivary Gland"  "Skin"           
[21] "Small Intestine" "Spleen"          "Stomach"         "Testis"         
[25] "Thyroid"         "Uterus"          "Vagina"         
26 SNP(s) removed because HWE P < 1e-08 :
 [1] "chr19_47746031_T_G_b38_T" "chr19_47752258_T_C_b38_T"
 [3] "chr19_47754690_C_T_b38_C" "chr19_47756015_C_T_b38_C"
 [5] "chr19_47859778_C_T_b38_C" "chr19_47859782_T_G_b38_T"
 [7] "chr19_47869045_A_G_b38_A" "chr19_47869404_A_C_b38_A"
 [9] "chr19_47904477_G_A_b38_G" "chr19_47910003_A_G_b38_A"
[11] "chr19_47910248_G_A_b38_G" "chr19_47953737_A_G_b38_A"
[13] "chr19_47961965_G_T_b38_G" "chr19_48007188_C_T_b38_C"
[15] "chr19_48007203_A_G_b38_A" "chr19_48422639_G_A_b38_G"
[17] "chr19_48423349_G_C_b38_G" "chr19_48423763_G_A_b38_G"
[19] "chr19_48469483_T_C_b38_T" "chr19_48469839_G_A_b38_G"
[21] "chr19_48471042_A_C_b38_A" "chr19_48471181_A_T_b38_A"
[23] "chr19_48471447_T_C_b38_T" "chr19_48518292_C_T_b38_C"
[25] "chr19_48542259_T_C_b38_T" "chr19_48570380_T_C_b38_T"

=====================================
Tissue: Adipose Tissue 
=====================================
[1] TRUE
Running SuSiE.

=====================================
Tissue: Adrenal Gland 
=====================================
[1] TRUE
Running SuSiE.

=====================================
Tissue: Blood 
=====================================
[1] TRUE
Running SuSiE.

=====================================
Tissue: Blood Vessel 
=====================================
[1] TRUE
Running SuSiE.

=====================================
Tissue: Brain 
=====================================
[1] TRUE
Running SuSiE.

=====================================
Tissue: Breast 
=====================================
[1] TRUE
Running SuSiE.

=====================================
Tissue: Colon 
=====================================
[1] TRUE
Running SuSiE.

=====================================
Tissue: Esophagus 
=====================================
[1] TRUE
Running SuSiE.

=====================================
Tissue: Heart 
=====================================
[1] TRUE
Running SuSiE.

=====================================
Tissue: Kidney 
=====================================
[1] TRUE
Running SuSiE.

=====================================
Tissue: Liver 
=====================================
[1] TRUE
Running SuSiE.

=====================================
Tissue: Lung 
=====================================
[1] TRUE
Running SuSiE.

=====================================
Tissue: Muscle 
=====================================
[1] TRUE
Running SuSiE.

=====================================
Tissue: Nerve 
=====================================
[1] TRUE
Running SuSiE.

=====================================
Tissue: Ovary 
=====================================
[1] TRUE
Running SuSiE.

=====================================
Tissue: Pancreas 
=====================================
[1] TRUE
Running SuSiE.

=====================================
Tissue: Pituitary 
=====================================
[1] TRUE
Running SuSiE.

=====================================
Tissue: Prostate 
=====================================
[1] TRUE
Running SuSiE.

=====================================
Tissue: Salivary Gland 
=====================================
[1] TRUE
Running SuSiE.

=====================================
Tissue: Skin 
=====================================
[1] TRUE
Running SuSiE.

=====================================
Tissue: Small Intestine 
=====================================
[1] TRUE
Running SuSiE.

=====================================
Tissue: Spleen 
=====================================
[1] TRUE
Running SuSiE.

=====================================
Tissue: Stomach 
=====================================
[1] TRUE
Running SuSiE.

=====================================
Tissue: Testis 
=====================================
[1] TRUE
Running SuSiE.

=====================================
Tissue: Thyroid 
=====================================
[1] TRUE
Running SuSiE.

=====================================
Tissue: Uterus 
=====================================
[1] TRUE
Running SuSiE.

=====================================
Tissue: Vagina 
=====================================
[1] TRUE
Running SuSiE.
[2026-09-01 13:39:53] starting PLA2G4D
Importing covariate data.
Importing gene expression data.
Found 27 tissues for gene PLA2G4D :
 [1] "Adipose Tissue"  "Adrenal Gland"   "Blood"           "Blood Vessel"   
 [5] "Brain"           "Breast"          "Colon"           "Esophagus"      
 [9] "Heart"           "Kidney"          "Liver"           "Lung"           
[13] "Muscle"          "Nerve"           "Ovary"           "Pancreas"       
[17] "Pituitary"       "Prostate"        "Salivary Gland"  "Skin"           
[21] "Small Intestine" "Spleen"          "Stomach"         "Testis"         
[25] "Thyroid"         "Uterus"          "Vagina"         
Extracting genotype data from PLINK file.
PLINK v2.0.0-a.7LM 64-bit Intel (11 Mar 2026)       cog-genomics.org/plink/2.0/
(C) 2005-2026 Shaun Purcell, Christopher Chang    GNU General Public License v3
Logging to /project2/mstephens/wdenault/susie_mix/temp_plink/plink_PLA2G4D.log.
Options in effect:
  --bfile /project2/mstephens/gtex/GTEx_Analysis_2017-06-05_v8_WholeGenomeSeq_866Indiv
  --chr 15
  --export A
  --from-bp 41594562
  --maf 0
  --max-alleles 2
  --memory 8000
  --out /project2/mstephens/wdenault/susie_mix/temp_plink/plink_PLA2G4D
  --rm-dup exclude-all
  --snps-only
  --threads 2
  --to-bp 42594562

Start time: Tue Sep  1 13:41:00 2026
63721 MiB RAM detected, ~27104 available; reserving 8000 MiB for main
workspace.
Using up to 2 compute threads.
866 samples (0 females, 0 males, 866 ambiguous; 866 founders) loaded from
/project2/mstephens/gtex/GTEx_Analysis_2017-06-05_v8_WholeGenomeSeq_866Indiv.fam.
67234533 variants in
/project2/mstephens/gtex/GTEx_Analysis_2017-06-05_v8_WholeGenomeSeq_866Indiv.bim;
65613623 excluded by --chr + --max-alleles + --snps-only, 1620910 remaining.
Note: No phenotype data present.
Note: Skipping --rm-dup since no duplicate IDs are present.
17896 variants remaining after main filters.
--export A pass 1/1: loading... 0%writing... 0%1%2%3%4%5%6%7%8%9%10%11%12%13%14%15%16%17%18%19%20%21%22%23%24%25%26%27%28%29%30%31%32%33%34%35%36%37%38%39%40%41%42%43%44%45%46%47%48%49%50%51%52%53%54%55%56%57%58%59%60%61%62%63%64%65%66%67%68%69%70%71%72%73%74%75%76%77%78%79%80%81%82%83%84%85%86%87%88%89%90%91%92%93%94%95%96%97%98%99% done.
--export A: /project2/mstephens/wdenault/susie_mix/temp_plink/plink_PLA2G4D.raw
written.
End time: Tue Sep  1 13:41:05 2026
30 SNP(s) removed because HWE P < 1e-08 :
 [1] "chr15_41661342_A_C_b38_A" "chr15_41661345_G_C_b38_G"
 [3] "chr15_42036346_A_G_b38_A" "chr15_42036365_T_A_b38_T"
 [5] "chr15_42150543_A_G_b38_A" "chr15_42152412_T_C_b38_T"
 [7] "chr15_42153456_A_G_b38_A" "chr15_42153526_C_G_b38_C"
 [9] "chr15_42153789_A_G_b38_A" "chr15_42153960_G_C_b38_G"
[11] "chr15_42154010_C_T_b38_C" "chr15_42158910_G_C_b38_G"
[13] "chr15_42236478_C_T_b38_C" "chr15_42293176_T_A_b38_T"
[15] "chr15_42322774_C_A_b38_C" "chr15_42323071_A_G_b38_A"
[17] "chr15_42323213_A_C_b38_A" "chr15_42323294_A_G_b38_A"
[19] "chr15_42323875_A_T_b38_A" "chr15_42324134_T_G_b38_T"
[21] "chr15_42325446_A_G_b38_A" "chr15_42332501_C_T_b38_C"
[23] "chr15_42364857_C_G_b38_C" "chr15_42389001_G_A_b38_G"
[25] "chr15_42392482_C_G_b38_C" "chr15_42395356_A_G_b38_A"
[27] "chr15_42415807_A_G_b38_A" "chr15_42450266_A_G_b38_A"
[29] "chr15_42455497_C_T_b38_C" "chr15_42456825_G_A_b38_G"

=====================================
Tissue: Adipose Tissue 
=====================================
[1] TRUE
Running SuSiE.

=====================================
Tissue: Adrenal Gland 
=====================================
[1] TRUE
Running SuSiE.

=====================================
Tissue: Blood 
=====================================
[1] TRUE
Running SuSiE.

=====================================
Tissue: Blood Vessel 
=====================================
[1] TRUE
Running SuSiE.

=====================================
Tissue: Brain 
=====================================
[1] TRUE
Running SuSiE.

=====================================
Tissue: Breast 
=====================================
[1] TRUE
Running SuSiE.

=====================================
Tissue: Colon 
=====================================
[1] TRUE
Running SuSiE.

=====================================
Tissue: Esophagus 
=====================================
[1] TRUE
Running SuSiE.

=====================================
Tissue: Heart 
=====================================
[1] TRUE
Running SuSiE.

=====================================
Tissue: Kidney 
=====================================
[1] TRUE
Running SuSiE.

=====================================
Tissue: Liver 
=====================================
[1] TRUE
Running SuSiE.

=====================================
Tissue: Lung 
=====================================
[1] TRUE
Running SuSiE.

=====================================
Tissue: Muscle 
=====================================
[1] TRUE
Running SuSiE.

=====================================
Tissue: Nerve 
=====================================
[1] TRUE
Running SuSiE.

=====================================
Tissue: Ovary 
=====================================
[1] TRUE
Running SuSiE.

=====================================
Tissue: Pancreas 
=====================================
[1] TRUE
Running SuSiE.

=====================================
Tissue: Pituitary 
=====================================
[1] TRUE
Running SuSiE.

=====================================
Tissue: Prostate 
=====================================
[1] TRUE
Running SuSiE.

=====================================
Tissue: Salivary Gland 
=====================================
[1] TRUE
Running SuSiE.

=====================================
Tissue: Skin 
=====================================
[1] TRUE
Running SuSiE.

=====================================
Tissue: Small Intestine 
=====================================
[1] TRUE
Running SuSiE.

=====================================
Tissue: Spleen 
=====================================
[1] TRUE
Running SuSiE.

=====================================
Tissue: Stomach 
=====================================
[1] TRUE
Running SuSiE.

=====================================
Tissue: Testis 
=====================================
[1] TRUE
Running SuSiE.

=====================================
Tissue: Thyroid 
=====================================
[1] TRUE
Running SuSiE.

=====================================
Tissue: Uterus 
=====================================
[1] TRUE
Running SuSiE.

=====================================
Tissue: Vagina 
=====================================
[1] TRUE
Running SuSiE.
[2026-09-01 13:42:44] starting PLA2G4E
Importing covariate data.
Importing gene expression data.
Found 27 tissues for gene PLA2G4E :
 [1] "Adipose Tissue"  "Adrenal Gland"   "Blood"           "Blood Vessel"   
 [5] "Brain"           "Breast"          "Colon"           "Esophagus"      
 [9] "Heart"           "Kidney"          "Liver"           "Lung"           
[13] "Muscle"          "Nerve"           "Ovary"           "Pancreas"       
[17] "Pituitary"       "Prostate"        "Salivary Gland"  "Skin"           
[21] "Small Intestine" "Spleen"          "Stomach"         "Testis"         
[25] "Thyroid"         "Uterus"          "Vagina"         
Extracting genotype data from PLINK file.
PLINK v2.0.0-a.7LM 64-bit Intel (11 Mar 2026)       cog-genomics.org/plink/2.0/
(C) 2005-2026 Shaun Purcell, Christopher Chang    GNU General Public License v3
Logging to /project2/mstephens/wdenault/susie_mix/temp_plink/plink_PLA2G4E.log.
Options in effect:
  --bfile /project2/mstephens/gtex/GTEx_Analysis_2017-06-05_v8_WholeGenomeSeq_866Indiv
  --chr 15
  --export A
  --from-bp 41551190
  --maf 0
  --max-alleles 2
  --memory 8000
  --out /project2/mstephens/wdenault/susie_mix/temp_plink/plink_PLA2G4E
  --rm-dup exclude-all
  --snps-only
  --threads 2
  --to-bp 42551190

Start time: Tue Sep  1 13:43:53 2026
63721 MiB RAM detected, ~27078 available; reserving 8000 MiB for main
workspace.
Using up to 2 compute threads.
866 samples (0 females, 0 males, 866 ambiguous; 866 founders) loaded from
/project2/mstephens/gtex/GTEx_Analysis_2017-06-05_v8_WholeGenomeSeq_866Indiv.fam.
67234533 variants in
/project2/mstephens/gtex/GTEx_Analysis_2017-06-05_v8_WholeGenomeSeq_866Indiv.bim;
65613623 excluded by --chr + --max-alleles + --snps-only, 1620910 remaining.
Note: No phenotype data present.
Note: Skipping --rm-dup since no duplicate IDs are present.
17973 variants remaining after main filters.
--export A pass 1/1: loading... 0%writing... 0%1%2%3%4%5%6%7%8%9%10%11%12%13%14%15%16%17%18%19%20%21%22%23%24%25%26%27%28%29%30%31%32%33%34%35%36%37%38%39%40%41%42%43%44%45%46%47%48%49%50%51%52%53%54%55%56%57%58%59%60%61%62%63%64%65%66%67%68%69%70%71%72%73%74%75%76%77%78%79%80%81%82%83%84%85%86%87%88%89%90%91%92%93%94%95%96%97%98%99% done.
--export A: /project2/mstephens/wdenault/susie_mix/temp_plink/plink_PLA2G4E.raw
written.
End time: Tue Sep  1 13:43:58 2026
30 SNP(s) removed because HWE P < 1e-08 :
 [1] "chr15_41661342_A_C_b38_A" "chr15_41661345_G_C_b38_G"
 [3] "chr15_42036346_A_G_b38_A" "chr15_42036365_T_A_b38_T"
 [5] "chr15_42150543_A_G_b38_A" "chr15_42152412_T_C_b38_T"
 [7] "chr15_42153456_A_G_b38_A" "chr15_42153526_C_G_b38_C"
 [9] "chr15_42153789_A_G_b38_A" "chr15_42153960_G_C_b38_G"
[11] "chr15_42154010_C_T_b38_C" "chr15_42158910_G_C_b38_G"
[13] "chr15_42236478_C_T_b38_C" "chr15_42293176_T_A_b38_T"
[15] "chr15_42322774_C_A_b38_C" "chr15_42323071_A_G_b38_A"
[17] "chr15_42323213_A_C_b38_A" "chr15_42323294_A_G_b38_A"
[19] "chr15_42323875_A_T_b38_A" "chr15_42324134_T_G_b38_T"
[21] "chr15_42325446_A_G_b38_A" "chr15_42332501_C_T_b38_C"
[23] "chr15_42364857_C_G_b38_C" "chr15_42389001_G_A_b38_G"
[25] "chr15_42392482_C_G_b38_C" "chr15_42395356_A_G_b38_A"
[27] "chr15_42415807_A_G_b38_A" "chr15_42450266_A_G_b38_A"
[29] "chr15_42455497_C_T_b38_C" "chr15_42456825_G_A_b38_G"

=====================================
Tissue: Adipose Tissue 
=====================================
[1] TRUE
Running SuSiE.

=====================================
Tissue: Adrenal Gland 
=====================================
[1] TRUE
Running SuSiE.

=====================================
Tissue: Blood 
=====================================
[1] TRUE
Running SuSiE.

=====================================
Tissue: Blood Vessel 
=====================================
[1] TRUE
Running SuSiE.

=====================================
Tissue: Brain 
=====================================
[1] TRUE
Running SuSiE.

=====================================
Tissue: Breast 
=====================================
[1] TRUE
Running SuSiE.

=====================================
Tissue: Colon 
=====================================
[1] TRUE
Running SuSiE.

=====================================
Tissue: Esophagus 
=====================================
[1] TRUE
Running SuSiE.

=====================================
Tissue: Heart 
=====================================
[1] TRUE
Running SuSiE.

=====================================
Tissue: Kidney 
=====================================
[1] TRUE
Running SuSiE.

=====================================
Tissue: Liver 
=====================================
[1] TRUE
Running SuSiE.

=====================================
Tissue: Lung 
=====================================
[1] TRUE
Running SuSiE.

=====================================
Tissue: Muscle 
=====================================
[1] TRUE
Running SuSiE.

=====================================
Tissue: Nerve 
=====================================
[1] TRUE
Running SuSiE.

=====================================
Tissue: Ovary 
=====================================
[1] TRUE
Running SuSiE.

=====================================
Tissue: Pancreas 
=====================================
[1] TRUE
Running SuSiE.

=====================================
Tissue: Pituitary 
=====================================
[1] TRUE
Running SuSiE.

=====================================
Tissue: Prostate 
=====================================
[1] TRUE
Running SuSiE.

=====================================
Tissue: Salivary Gland 
=====================================
[1] TRUE
Running SuSiE.

=====================================
Tissue: Skin 
=====================================
[1] TRUE
Running SuSiE.

=====================================
Tissue: Small Intestine 
=====================================
[1] TRUE
Running SuSiE.

=====================================
Tissue: Spleen 
=====================================
[1] TRUE
Running SuSiE.

=====================================
Tissue: Stomach 
=====================================
[1] TRUE
Running SuSiE.

=====================================
Tissue: Testis 
=====================================
[1] TRUE
Running SuSiE.

=====================================
Tissue: Thyroid 
=====================================
[1] TRUE
Running SuSiE.

=====================================
Tissue: Uterus 
=====================================
[1] TRUE
Running SuSiE.

=====================================
Tissue: Vagina 
=====================================
[1] TRUE
Running SuSiE.
[2026-09-01 13:45:44] starting PLA2G4F
Importing covariate data.
Importing gene expression data.
Found 27 tissues for gene PLA2G4F :
 [1] "Adipose Tissue"  "Adrenal Gland"   "Blood"           "Blood Vessel"   
 [5] "Brain"           "Breast"          "Colon"           "Esophagus"      
 [9] "Heart"           "Kidney"          "Liver"           "Lung"           
[13] "Muscle"          "Nerve"           "Ovary"           "Pancreas"       
[17] "Pituitary"       "Prostate"        "Salivary Gland"  "Skin"           
[21] "Small Intestine" "Spleen"          "Stomach"         "Testis"         
[25] "Thyroid"         "Uterus"          "Vagina"         
Extracting genotype data from PLINK file.
PLINK v2.0.0-a.7LM 64-bit Intel (11 Mar 2026)       cog-genomics.org/plink/2.0/
(C) 2005-2026 Shaun Purcell, Christopher Chang    GNU General Public License v3
Logging to /project2/mstephens/wdenault/susie_mix/temp_plink/plink_PLA2G4F.log.
Options in effect:
  --bfile /project2/mstephens/gtex/GTEx_Analysis_2017-06-05_v8_WholeGenomeSeq_866Indiv
  --chr 15
  --export A
  --from-bp 41656636
  --maf 0
  --max-alleles 2
  --memory 8000
  --out /project2/mstephens/wdenault/susie_mix/temp_plink/plink_PLA2G4F
  --rm-dup exclude-all
  --snps-only
  --threads 2
  --to-bp 42656636

Start time: Tue Sep  1 13:46:52 2026
63721 MiB RAM detected, ~26587 available; reserving 8000 MiB for main
workspace.
Using up to 2 compute threads.
866 samples (0 females, 0 males, 866 ambiguous; 866 founders) loaded from
/project2/mstephens/gtex/GTEx_Analysis_2017-06-05_v8_WholeGenomeSeq_866Indiv.fam.
67234533 variants in
/project2/mstephens/gtex/GTEx_Analysis_2017-06-05_v8_WholeGenomeSeq_866Indiv.bim;
65613623 excluded by --chr + --max-alleles + --snps-only, 1620910 remaining.
Note: No phenotype data present.
Note: Skipping --rm-dup since no duplicate IDs are present.
17806 variants remaining after main filters.
--export A pass 1/1: loading... 0%writing... 0%1%2%3%4%5%6%7%8%9%10%11%12%13%14%15%16%17%18%19%20%21%22%23%24%25%26%27%28%29%30%31%32%33%34%35%36%37%38%39%40%41%42%43%44%45%46%47%48%49%50%51%52%53%54%55%56%57%58%59%60%61%62%63%64%65%66%67%68%69%70%71%72%73%74%75%76%77%78%79%80%81%82%83%84%85%86%87%88%89%90%91%92%93%94%95%96%97%98%99% done.
--export A: /project2/mstephens/wdenault/susie_mix/temp_plink/plink_PLA2G4F.raw
written.
End time: Tue Sep  1 13:46:58 2026
37 SNP(s) removed because HWE P < 1e-08 :
 [1] "chr15_41661342_A_C_b38_A" "chr15_41661345_G_C_b38_G"
 [3] "chr15_42036346_A_G_b38_A" "chr15_42036365_T_A_b38_T"
 [5] "chr15_42150543_A_G_b38_A" "chr15_42152412_T_C_b38_T"
 [7] "chr15_42153456_A_G_b38_A" "chr15_42153526_C_G_b38_C"
 [9] "chr15_42153789_A_G_b38_A" "chr15_42153960_G_C_b38_G"
[11] "chr15_42154010_C_T_b38_C" "chr15_42158910_G_C_b38_G"
[13] "chr15_42236478_C_T_b38_C" "chr15_42293176_T_A_b38_T"
[15] "chr15_42322774_C_A_b38_C" "chr15_42323071_A_G_b38_A"
[17] "chr15_42323213_A_C_b38_A" "chr15_42323294_A_G_b38_A"
[19] "chr15_42323875_A_T_b38_A" "chr15_42324134_T_G_b38_T"
[21] "chr15_42325446_A_G_b38_A" "chr15_42332501_C_T_b38_C"
[23] "chr15_42364857_C_G_b38_C" "chr15_42389001_G_A_b38_G"
[25] "chr15_42392482_C_G_b38_C" "chr15_42395356_A_G_b38_A"
[27] "chr15_42415807_A_G_b38_A" "chr15_42450266_A_G_b38_A"
[29] "chr15_42455497_C_T_b38_C" "chr15_42456825_G_A_b38_G"
[31] "chr15_42621272_G_A_b38_G" "chr15_42643622_G_C_b38_G"
[33] "chr15_42643651_A_G_b38_A" "chr15_42650498_C_T_b38_C"
[35] "chr15_42653382_C_T_b38_C" "chr15_42653485_G_T_b38_G"
[37] "chr15_42654737_G_C_b38_G"

=====================================
Tissue: Adipose Tissue 
=====================================
[1] TRUE
Running SuSiE.

=====================================
Tissue: Adrenal Gland 
=====================================
[1] TRUE
Running SuSiE.

=====================================
Tissue: Blood 
=====================================
[1] TRUE
Running SuSiE.

=====================================
Tissue: Blood Vessel 
=====================================
[1] TRUE
Running SuSiE.

=====================================
Tissue: Brain 
=====================================
[1] TRUE
Running SuSiE.

=====================================
Tissue: Breast 
=====================================
[1] TRUE
Running SuSiE.

=====================================
Tissue: Colon 
=====================================
[1] TRUE
Running SuSiE.

=====================================
Tissue: Esophagus 
=====================================
[1] TRUE
Running SuSiE.

=====================================
Tissue: Heart 
=====================================
[1] TRUE
Running SuSiE.

=====================================
Tissue: Kidney 
=====================================
[1] TRUE
Running SuSiE.

=====================================
Tissue: Liver 
=====================================
[1] TRUE
Running SuSiE.

=====================================
Tissue: Lung 
=====================================
[1] TRUE
Running SuSiE.

=====================================
Tissue: Muscle 
=====================================
[1] TRUE
Running SuSiE.

=====================================
Tissue: Nerve 
=====================================
[1] TRUE
Running SuSiE.

=====================================
Tissue: Ovary 
=====================================
[1] TRUE
Running SuSiE.

=====================================
Tissue: Pancreas 
=====================================
[1] TRUE
Running SuSiE.

=====================================
Tissue: Pituitary 
=====================================
[1] TRUE
Running SuSiE.

=====================================
Tissue: Prostate 
=====================================
[1] TRUE
Running SuSiE.

=====================================
Tissue: Salivary Gland 
=====================================
[1] TRUE
Running SuSiE.

=====================================
Tissue: Skin 
=====================================
[1] TRUE
Running SuSiE.

=====================================
Tissue: Small Intestine 
=====================================
[1] TRUE
Running SuSiE.

=====================================
Tissue: Spleen 
=====================================
[1] TRUE
Running SuSiE.

=====================================
Tissue: Stomach 
=====================================
[1] TRUE
Running SuSiE.

=====================================
Tissue: Testis 
=====================================
[1] TRUE
Running SuSiE.

=====================================
Tissue: Thyroid 
=====================================
[1] TRUE
Running SuSiE.

=====================================
Tissue: Uterus 
=====================================
[1] TRUE
Running SuSiE.

=====================================
Tissue: Vagina 
=====================================
[1] TRUE
Running SuSiE.
[2026-09-01 13:48:38] starting PLA2G5
Importing covariate data.
Importing gene expression data.
Found 27 tissues for gene PLA2G5 :
 [1] "Adipose Tissue"  "Adrenal Gland"   "Blood"           "Blood Vessel"   
 [5] "Brain"           "Breast"          "Colon"           "Esophagus"      
 [9] "Heart"           "Kidney"          "Liver"           "Lung"           
[13] "Muscle"          "Nerve"           "Ovary"           "Pancreas"       
[17] "Pituitary"       "Prostate"        "Salivary Gland"  "Skin"           
[21] "Small Intestine" "Spleen"          "Stomach"         "Testis"         
[25] "Thyroid"         "Uterus"          "Vagina"         
Extracting genotype data from PLINK file.
PLINK v2.0.0-a.7LM 64-bit Intel (11 Mar 2026)       cog-genomics.org/plink/2.0/
(C) 2005-2026 Shaun Purcell, Christopher Chang    GNU General Public License v3
Logging to /project2/mstephens/wdenault/susie_mix/temp_plink/plink_PLA2G5.log.
Options in effect:
  --bfile /project2/mstephens/gtex/GTEx_Analysis_2017-06-05_v8_WholeGenomeSeq_866Indiv
  --chr 1
  --export A
  --from-bp 19528179
  --maf 0
  --max-alleles 2
  --memory 8000
  --out /project2/mstephens/wdenault/susie_mix/temp_plink/plink_PLA2G5
  --rm-dup exclude-all
  --snps-only
  --threads 2
  --to-bp 20528179

Start time: Tue Sep  1 13:49:42 2026
63721 MiB RAM detected, ~27105 available; reserving 8000 MiB for main
workspace.
Using up to 2 compute threads.
866 samples (0 females, 0 males, 866 ambiguous; 866 founders) loaded from
/project2/mstephens/gtex/GTEx_Analysis_2017-06-05_v8_WholeGenomeSeq_866Indiv.fam.
67234533 variants in
/project2/mstephens/gtex/GTEx_Analysis_2017-06-05_v8_WholeGenomeSeq_866Indiv.bim;
62424502 excluded by --chr + --max-alleles + --snps-only, 4810031 remaining.
Note: No phenotype data present.
Note: Skipping --rm-dup since no duplicate IDs are present.
18497 variants remaining after main filters.
--export A pass 1/1: loading... 0%writing... 0%1%2%3%4%5%6%7%8%9%10%11%12%13%14%15%16%17%18%19%20%21%22%23%24%25%26%27%28%29%30%31%32%33%34%35%36%37%38%39%40%41%42%43%44%45%46%47%48%49%50%51%52%53%54%55%56%57%58%59%60%61%62%63%64%65%66%67%68%69%70%71%72%73%74%75%76%77%78%79%80%81%82%83%84%85%86%87%88%89%90%91%92%93%94%95%96%97%98%99% done.
--export A: /project2/mstephens/wdenault/susie_mix/temp_plink/plink_PLA2G5.raw
written.
End time: Tue Sep  1 13:49:48 2026
76 SNP(s) removed because HWE P < 1e-08 :
 [1] "chr1_19582011_T_A_b38_T" "chr1_19582559_C_T_b38_C"
 [3] "chr1_19583287_G_A_b38_G" "chr1_19583468_C_T_b38_C"
 [5] "chr1_19583900_T_C_b38_T" "chr1_19584313_T_C_b38_T"
 [7] "chr1_19584449_A_G_b38_A" "chr1_19587124_T_G_b38_T"
 [9] "chr1_19589166_G_T_b38_G" "chr1_19589187_A_G_b38_A"
[11] "chr1_19590487_A_C_b38_A" "chr1_19590873_A_G_b38_A"
[13] "chr1_19591694_C_T_b38_C" "chr1_19595022_T_C_b38_T"
[15] "chr1_19595045_A_G_b38_A" "chr1_19595893_C_T_b38_C"
[17] "chr1_19596946_G_A_b38_G" "chr1_19598373_A_G_b38_A"
[19] "chr1_19599206_G_A_b38_G" "chr1_19599388_C_G_b38_C"
[21] "chr1_19601226_T_C_b38_T" "chr1_19604535_G_T_b38_G"
[23] "chr1_19605627_T_C_b38_T" "chr1_19606724_C_T_b38_C"
[25] "chr1_19607283_A_G_b38_A" "chr1_19607491_C_G_b38_C"
[27] "chr1_19607868_A_G_b38_A" "chr1_19609307_C_T_b38_C"
[29] "chr1_19609352_T_C_b38_T" "chr1_19609873_G_A_b38_G"
[31] "chr1_19610013_T_G_b38_T" "chr1_19610459_T_A_b38_T"
[33] "chr1_19610607_A_T_b38_A" "chr1_19611172_A_G_b38_A"
[35] "chr1_19611207_T_C_b38_T" "chr1_19611281_A_G_b38_A"
[37] "chr1_19612030_T_C_b38_T" "chr1_19612173_A_G_b38_A"
[39] "chr1_19612701_C_T_b38_C" "chr1_19612738_G_C_b38_G"
[41] "chr1_19614564_G_A_b38_G" "chr1_19614859_C_T_b38_C"
[43] "chr1_19615296_A_G_b38_A" "chr1_19615361_G_C_b38_G"
[45] "chr1_19615732_T_C_b38_T" "chr1_19616249_A_G_b38_A"
[47] "chr1_19616887_C_A_b38_C" "chr1_19617714_G_A_b38_G"
[49] "chr1_19617906_A_T_b38_A" "chr1_19617952_C_T_b38_C"
[51] "chr1_19618942_A_G_b38_A" "chr1_19619389_T_C_b38_T"
[53] "chr1_19620847_G_C_b38_G" "chr1_19623024_C_G_b38_C"
[55] "chr1_19623663_T_G_b38_T" "chr1_19623898_A_G_b38_A"
[57] "chr1_19623996_G_C_b38_G" "chr1_19625237_G_A_b38_G"
[59] "chr1_19625570_C_T_b38_C" "chr1_19625983_T_G_b38_T"
[61] "chr1_19626210_T_G_b38_T" "chr1_19627279_C_A_b38_C"
[63] "chr1_19628103_A_G_b38_A" "chr1_19628868_T_C_b38_T"
[65] "chr1_19629046_T_C_b38_T" "chr1_19632235_A_G_b38_A"
[67] "chr1_19700408_C_G_b38_C" "chr1_19824009_G_A_b38_G"
[69] "chr1_19924032_G_A_b38_G" "chr1_19927524_G_A_b38_G"
[71] "chr1_19927814_G_A_b38_G" "chr1_19929084_T_C_b38_T"
[73] "chr1_19929206_G_T_b38_G" "chr1_19929499_A_T_b38_A"
[75] "chr1_19929513_T_C_b38_T" "chr1_20355809_A_C_b38_A"

=====================================
Tissue: Adipose Tissue 
=====================================
[1] TRUE
Running SuSiE.

=====================================
Tissue: Adrenal Gland 
=====================================
[1] TRUE
Running SuSiE.

=====================================
Tissue: Blood 
=====================================
[1] TRUE
Running SuSiE.

=====================================
Tissue: Blood Vessel 
=====================================
[1] TRUE
Running SuSiE.

=====================================
Tissue: Brain 
=====================================
[1] TRUE
Running SuSiE.

=====================================
Tissue: Breast 
=====================================
[1] TRUE
Running SuSiE.

=====================================
Tissue: Colon 
=====================================
[1] TRUE
Running SuSiE.

=====================================
Tissue: Esophagus 
=====================================
[1] TRUE
Running SuSiE.

=====================================
Tissue: Heart 
=====================================
[1] TRUE
Running SuSiE.

=====================================
Tissue: Kidney 
=====================================
[1] TRUE
Running SuSiE.

=====================================
Tissue: Liver 
=====================================
[1] TRUE
Running SuSiE.

=====================================
Tissue: Lung 
=====================================
[1] TRUE
Running SuSiE.

=====================================
Tissue: Muscle 
=====================================
[1] TRUE
Running SuSiE.

=====================================
Tissue: Nerve 
=====================================
[1] TRUE
Running SuSiE.

=====================================
Tissue: Ovary 
=====================================
[1] TRUE
Running SuSiE.

=====================================
Tissue: Pancreas 
=====================================
[1] TRUE
Running SuSiE.

=====================================
Tissue: Pituitary 
=====================================
[1] TRUE
Running SuSiE.

=====================================
Tissue: Prostate 
=====================================
[1] TRUE
Running SuSiE.

=====================================
Tissue: Salivary Gland 
=====================================
[1] TRUE
Running SuSiE.

=====================================
Tissue: Skin 
=====================================
[1] TRUE
Running SuSiE.

=====================================
Tissue: Small Intestine 
=====================================
[1] TRUE
Running SuSiE.

=====================================
Tissue: Spleen 
=====================================
[1] TRUE
Running SuSiE.

=====================================
Tissue: Stomach 
=====================================
[1] TRUE
Running SuSiE.

=====================================
Tissue: Testis 
=====================================
[1] TRUE
Running SuSiE.

=====================================
Tissue: Thyroid 
=====================================
[1] TRUE
Running SuSiE.

=====================================
Tissue: Uterus 
=====================================
[1] TRUE
Running SuSiE.

=====================================
Tissue: Vagina 
=====================================
[1] TRUE
Running SuSiE.
[2026-09-01 13:52:01] starting PLA2G6
Importing covariate data.
Importing gene expression data.
Found 27 tissues for gene PLA2G6 :
 [1] "Adipose Tissue"  "Adrenal Gland"   "Blood"           "Blood Vessel"   
 [5] "Brain"           "Breast"          "Colon"           "Esophagus"      
 [9] "Heart"           "Kidney"          "Liver"           "Lung"           
[13] "Muscle"          "Nerve"           "Ovary"           "Pancreas"       
[17] "Pituitary"       "Prostate"        "Salivary Gland"  "Skin"           
[21] "Small Intestine" "Spleen"          "Stomach"         "Testis"         
[25] "Thyroid"         "Uterus"          "Vagina"         
21 SNP(s) removed because HWE P < 1e-08 :
 [1] "chr22_37724422_T_C_b38_T" "chr22_37758742_G_A_b38_G"
 [3] "chr22_37763309_C_G_b38_C" "chr22_37773955_C_T_b38_C"
 [5] "chr22_37774039_C_T_b38_C" "chr22_37784355_A_G_b38_A"
 [7] "chr22_37787028_G_A_b38_G" "chr22_37787038_A_G_b38_A"
 [9] "chr22_37964111_A_T_b38_A" "chr22_38188697_T_C_b38_T"
[11] "chr22_38191377_T_C_b38_T" "chr22_38191826_G_A_b38_G"
[13] "chr22_38192703_A_C_b38_A" "chr22_38315678_C_T_b38_C"
[15] "chr22_38349806_G_C_b38_G" "chr22_38356834_T_C_b38_T"
[17] "chr22_38357306_A_G_b38_A" "chr22_38357540_C_T_b38_C"
[19] "chr22_38357648_T_C_b38_T" "chr22_38360666_G_A_b38_G"
[21] "chr22_38435865_C_G_b38_C"

=====================================
Tissue: Adipose Tissue 
=====================================
[1] TRUE
Running SuSiE.

=====================================
Tissue: Adrenal Gland 
=====================================
[1] TRUE
Running SuSiE.

=====================================
Tissue: Blood 
=====================================
[1] TRUE
Running SuSiE.

=====================================
Tissue: Blood Vessel 
=====================================
[1] TRUE
Running SuSiE.

=====================================
Tissue: Brain 
=====================================
[1] TRUE
Running SuSiE.

=====================================
Tissue: Breast 
=====================================
[1] TRUE
Running SuSiE.

=====================================
Tissue: Colon 
=====================================
[1] TRUE
Running SuSiE.

=====================================
Tissue: Esophagus 
=====================================
[1] TRUE
Running SuSiE.

=====================================
Tissue: Heart 
=====================================
[1] TRUE
Running SuSiE.

=====================================
Tissue: Kidney 
=====================================
[1] TRUE
Running SuSiE.

=====================================
Tissue: Liver 
=====================================
[1] TRUE
Running SuSiE.

=====================================
Tissue: Lung 
=====================================
[1] TRUE
Running SuSiE.

=====================================
Tissue: Muscle 
=====================================
[1] TRUE
Running SuSiE.

=====================================
Tissue: Nerve 
=====================================
[1] TRUE
Running SuSiE.

=====================================
Tissue: Ovary 
=====================================
[1] TRUE
Running SuSiE.

=====================================
Tissue: Pancreas 
=====================================
[1] TRUE
Running SuSiE.

=====================================
Tissue: Pituitary 
=====================================
[1] TRUE
Running SuSiE.

=====================================
Tissue: Prostate 
=====================================
[1] TRUE
Running SuSiE.

=====================================
Tissue: Salivary Gland 
=====================================
[1] TRUE
Running SuSiE.

=====================================
Tissue: Skin 
=====================================
[1] TRUE
Running SuSiE.

=====================================
Tissue: Small Intestine 
=====================================
[1] TRUE
Running SuSiE.

=====================================
Tissue: Spleen 
=====================================
[1] TRUE
Running SuSiE.

=====================================
Tissue: Stomach 
=====================================
[1] TRUE
Running SuSiE.

=====================================
Tissue: Testis 
=====================================
[1] TRUE
Running SuSiE.

=====================================
Tissue: Thyroid 
=====================================
[1] TRUE
Running SuSiE.

=====================================
Tissue: Uterus 
=====================================
[1] TRUE
Running SuSiE.

=====================================
Tissue: Vagina 
=====================================
[1] TRUE
Running SuSiE.
[2026-09-01 13:54:27] starting PLA2G7
Importing covariate data.
Importing gene expression data.
Found 27 tissues for gene PLA2G7 :
 [1] "Adipose Tissue"  "Adrenal Gland"   "Blood"           "Blood Vessel"   
 [5] "Brain"           "Breast"          "Colon"           "Esophagus"      
 [9] "Heart"           "Kidney"          "Liver"           "Lung"           
[13] "Muscle"          "Nerve"           "Ovary"           "Pancreas"       
[17] "Pituitary"       "Prostate"        "Salivary Gland"  "Skin"           
[21] "Small Intestine" "Spleen"          "Stomach"         "Testis"         
[25] "Thyroid"         "Uterus"          "Vagina"         
Extracting genotype data from PLINK file.
PLINK v2.0.0-a.7LM 64-bit Intel (11 Mar 2026)       cog-genomics.org/plink/2.0/
(C) 2005-2026 Shaun Purcell, Christopher Chang    GNU General Public License v3
Logging to /project2/mstephens/wdenault/susie_mix/temp_plink/plink_PLA2G7.log.
Options in effect:
  --bfile /project2/mstephens/gtex/GTEx_Analysis_2017-06-05_v8_WholeGenomeSeq_866Indiv
  --chr 6
  --export A
  --from-bp 46235693
  --maf 0
  --max-alleles 2
  --memory 8000
  --out /project2/mstephens/wdenault/susie_mix/temp_plink/plink_PLA2G7
  --rm-dup exclude-all
  --snps-only
  --threads 2
  --to-bp 47235693

Start time: Tue Sep  1 13:55:32 2026
63721 MiB RAM detected, ~27101 available; reserving 8000 MiB for main
workspace.
Using up to 2 compute threads.
866 samples (0 females, 0 males, 866 ambiguous; 866 founders) loaded from
/project2/mstephens/gtex/GTEx_Analysis_2017-06-05_v8_WholeGenomeSeq_866Indiv.fam.
67234533 variants in
/project2/mstephens/gtex/GTEx_Analysis_2017-06-05_v8_WholeGenomeSeq_866Indiv.bim;
64003927 excluded by --chr + --max-alleles + --snps-only, 3230606 remaining.
Note: No phenotype data present.
Note: Skipping --rm-dup since no duplicate IDs are present.
16965 variants remaining after main filters.
--export A pass 1/1: loading... 0%writing... 0%1%2%3%4%5%6%7%8%9%10%11%12%13%14%15%16%17%18%19%20%21%22%23%24%25%26%27%28%29%30%31%32%33%34%35%36%37%38%39%40%41%42%43%44%45%46%47%48%49%50%51%52%53%54%55%56%57%58%59%60%61%62%63%64%65%66%67%68%69%70%71%72%73%74%75%76%77%78%79%80%81%82%83%84%85%86%87%88%89%90%91%92%93%94%95%96%97%98%99% done.
--export A: /project2/mstephens/wdenault/susie_mix/temp_plink/plink_PLA2G7.raw
written.
End time: Tue Sep  1 13:55:38 2026
26 SNP(s) removed because HWE P < 1e-08 :
 [1] "chr6_46527295_T_G_b38_T" "chr6_46529981_A_C_b38_A"
 [3] "chr6_46531309_G_A_b38_G" "chr6_46536029_T_C_b38_T"
 [5] "chr6_46536585_C_T_b38_C" "chr6_46773994_T_C_b38_T"
 [7] "chr6_46775477_C_G_b38_C" "chr6_46775519_G_T_b38_G"
 [9] "chr6_46775701_G_C_b38_G" "chr6_46777651_T_G_b38_T"
[11] "chr6_46999804_C_G_b38_C" "chr6_47004483_T_C_b38_T"
[13] "chr6_47009076_T_C_b38_T" "chr6_47009722_T_C_b38_T"
[15] "chr6_47021400_A_G_b38_A" "chr6_47030771_C_T_b38_C"
[17] "chr6_47045834_G_A_b38_G" "chr6_47118338_C_T_b38_C"
[19] "chr6_47121534_T_C_b38_T" "chr6_47122913_A_C_b38_A"
[21] "chr6_47123924_G_A_b38_G" "chr6_47126043_T_A_b38_T"
[23] "chr6_47126204_T_G_b38_T" "chr6_47126382_G_T_b38_G"
[25] "chr6_47126500_C_T_b38_C" "chr6_47126621_C_T_b38_C"

=====================================
Tissue: Adipose Tissue 
=====================================
[1] TRUE
Running SuSiE.

=====================================
Tissue: Adrenal Gland 
=====================================
[1] TRUE
Running SuSiE.

=====================================
Tissue: Blood 
=====================================
[1] TRUE
Running SuSiE.

=====================================
Tissue: Blood Vessel 
=====================================
[1] TRUE
Running SuSiE.

=====================================
Tissue: Brain 
=====================================
[1] TRUE
Running SuSiE.

=====================================
Tissue: Breast 
=====================================
[1] TRUE
Running SuSiE.

=====================================
Tissue: Colon 
=====================================
[1] TRUE
Running SuSiE.

=====================================
Tissue: Esophagus 
=====================================
[1] TRUE
Running SuSiE.

=====================================
Tissue: Heart 
=====================================
[1] TRUE
Running SuSiE.

=====================================
Tissue: Kidney 
=====================================
[1] TRUE
Running SuSiE.

=====================================
Tissue: Liver 
=====================================
[1] TRUE
Running SuSiE.

=====================================
Tissue: Lung 
=====================================
[1] TRUE
Running SuSiE.

=====================================
Tissue: Muscle 
=====================================
[1] TRUE
Running SuSiE.

=====================================
Tissue: Nerve 
=====================================
[1] TRUE
Running SuSiE.

=====================================
Tissue: Ovary 
=====================================
[1] TRUE
Running SuSiE.

=====================================
Tissue: Pancreas 
=====================================
[1] TRUE
Running SuSiE.

=====================================
Tissue: Pituitary 
=====================================
[1] TRUE
Running SuSiE.

=====================================
Tissue: Prostate 
=====================================
[1] TRUE
Running SuSiE.

=====================================
Tissue: Salivary Gland 
=====================================
[1] TRUE
Running SuSiE.

=====================================
Tissue: Skin 
=====================================
[1] TRUE
Running SuSiE.

=====================================
Tissue: Small Intestine 
=====================================
[1] TRUE
Running SuSiE.

=====================================
Tissue: Spleen 
=====================================
[1] TRUE
Running SuSiE.

=====================================
Tissue: Stomach 
=====================================
[1] TRUE
Running SuSiE.

=====================================
Tissue: Testis 
=====================================
[1] TRUE
Running SuSiE.

=====================================
Tissue: Thyroid 
=====================================
[1] TRUE
Running SuSiE.

=====================================
Tissue: Uterus 
=====================================
[1] TRUE
Running SuSiE.

=====================================
Tissue: Vagina 
=====================================
[1] TRUE
Running SuSiE.
[2026-09-01 13:57:18] starting PLA2R1
Importing covariate data.
Importing gene expression data.
Found 27 tissues for gene PLA2R1 :
 [1] "Adipose Tissue"  "Adrenal Gland"   "Blood"           "Blood Vessel"   
 [5] "Brain"           "Breast"          "Colon"           "Esophagus"      
 [9] "Heart"           "Kidney"          "Liver"           "Lung"           
[13] "Muscle"          "Nerve"           "Ovary"           "Pancreas"       
[17] "Pituitary"       "Prostate"        "Salivary Gland"  "Skin"           
[21] "Small Intestine" "Spleen"          "Stomach"         "Testis"         
[25] "Thyroid"         "Uterus"          "Vagina"         
Extracting genotype data from PLINK file.
PLINK v2.0.0-a.7LM 64-bit Intel (11 Mar 2026)       cog-genomics.org/plink/2.0/
(C) 2005-2026 Shaun Purcell, Christopher Chang    GNU General Public License v3
Logging to /project2/mstephens/wdenault/susie_mix/temp_plink/plink_PLA2R1.log.
Options in effect:
  --bfile /project2/mstephens/gtex/GTEx_Analysis_2017-06-05_v8_WholeGenomeSeq_866Indiv
  --chr 2
  --export A
  --from-bp 159562615
  --maf 0
  --max-alleles 2
  --memory 8000
  --out /project2/mstephens/wdenault/susie_mix/temp_plink/plink_PLA2R1
  --rm-dup exclude-all
  --snps-only
  --threads 2
  --to-bp 160562615

Start time: Tue Sep  1 13:58:24 2026
63721 MiB RAM detected, ~23357 available; reserving 8000 MiB for main
workspace.
Using up to 2 compute threads.
866 samples (0 females, 0 males, 866 ambiguous; 866 founders) loaded from
/project2/mstephens/gtex/GTEx_Analysis_2017-06-05_v8_WholeGenomeSeq_866Indiv.fam.
67234533 variants in
/project2/mstephens/gtex/GTEx_Analysis_2017-06-05_v8_WholeGenomeSeq_866Indiv.bim;
62634692 excluded by --chr + --max-alleles + --snps-only, 4599841 remaining.
Note: No phenotype data present.
Note: Skipping --rm-dup since no duplicate IDs are present.
16406 variants remaining after main filters.
--export A pass 1/1: loading... 0%writing... 0%1%2%3%4%5%6%7%8%9%10%11%12%13%14%15%16%17%18%19%20%21%22%23%24%25%26%27%28%29%30%31%32%33%34%35%36%37%38%39%40%41%42%43%44%45%46%47%48%49%50%51%52%53%54%55%56%57%58%59%60%61%62%63%64%65%66%67%68%69%70%71%72%73%74%75%76%77%78%79%80%81%82%83%84%85%86%87%88%89%90%91%92%93%94%95%96%97%98%99% done.
--export A: /project2/mstephens/wdenault/susie_mix/temp_plink/plink_PLA2R1.raw
written.
End time: Tue Sep  1 13:58:31 2026
40 SNP(s) removed because HWE P < 1e-08 :
 [1] "chr2_159879710_T_C_b38_T" "chr2_159881049_G_T_b38_G"
 [3] "chr2_159884119_T_G_b38_T" "chr2_159885580_C_G_b38_C"
 [5] "chr2_159903194_T_C_b38_T" "chr2_159919861_T_C_b38_T"
 [7] "chr2_159921911_T_A_b38_T" "chr2_159949071_C_T_b38_C"
 [9] "chr2_159950922_T_G_b38_T" "chr2_159951231_A_T_b38_A"
[11] "chr2_159960732_A_G_b38_A" "chr2_159963293_A_G_b38_A"
[13] "chr2_159963518_C_T_b38_C" "chr2_159966836_C_A_b38_C"
[15] "chr2_159968670_G_A_b38_G" "chr2_159969442_G_A_b38_G"
[17] "chr2_159970126_G_A_b38_G" "chr2_159974987_G_C_b38_G"
[19] "chr2_159977909_G_T_b38_G" "chr2_159977915_G_C_b38_G"
[21] "chr2_159982359_A_G_b38_A" "chr2_159984796_C_T_b38_C"
[23] "chr2_159984955_T_C_b38_T" "chr2_159985850_T_C_b38_T"
[25] "chr2_160054201_C_T_b38_C" "chr2_160101115_A_T_b38_A"
[27] "chr2_160101313_C_G_b38_C" "chr2_160101335_G_A_b38_G"
[29] "chr2_160108755_G_A_b38_G" "chr2_160108824_A_G_b38_A"
[31] "chr2_160163358_G_A_b38_G" "chr2_160178526_A_G_b38_A"
[33] "chr2_160179747_G_A_b38_G" "chr2_160180425_C_G_b38_C"
[35] "chr2_160183206_G_T_b38_G" "chr2_160188330_G_A_b38_G"
[37] "chr2_160192198_A_C_b38_A" "chr2_160192590_C_T_b38_C"
[39] "chr2_160195099_G_A_b38_G" "chr2_160231376_C_A_b38_C"

=====================================
Tissue: Adipose Tissue 
=====================================
[1] TRUE
Running SuSiE.

=====================================
Tissue: Adrenal Gland 
=====================================
[1] TRUE
Running SuSiE.

=====================================
Tissue: Blood 
=====================================
[1] TRUE
Running SuSiE.

=====================================
Tissue: Blood Vessel 
=====================================
[1] TRUE
Running SuSiE.

=====================================
Tissue: Brain 
=====================================
[1] TRUE
Running SuSiE.

=====================================
Tissue: Breast 
=====================================
[1] TRUE
Running SuSiE.

=====================================
Tissue: Colon 
=====================================
[1] TRUE
Running SuSiE.

=====================================
Tissue: Esophagus 
=====================================
[1] TRUE
Running SuSiE.

=====================================
Tissue: Heart 
=====================================
[1] TRUE
Running SuSiE.

=====================================
Tissue: Kidney 
=====================================
[1] TRUE
Running SuSiE.

=====================================
Tissue: Liver 
=====================================
[1] TRUE
Running SuSiE.

=====================================
Tissue: Lung 
=====================================
[1] TRUE
Running SuSiE.

=====================================
Tissue: Muscle 
=====================================
[1] TRUE
Running SuSiE.

=====================================
Tissue: Nerve 
=====================================
[1] TRUE
Running SuSiE.

=====================================
Tissue: Ovary 
=====================================
[1] TRUE
Running SuSiE.

=====================================
Tissue: Pancreas 
=====================================
[1] TRUE
Running SuSiE.

=====================================
Tissue: Pituitary 
=====================================
[1] TRUE
Running SuSiE.

=====================================
Tissue: Prostate 
=====================================
[1] TRUE
Running SuSiE.

=====================================
Tissue: Salivary Gland 
=====================================
[1] TRUE
Running SuSiE.

=====================================
Tissue: Skin 
=====================================
[1] TRUE
Running SuSiE.

=====================================
Tissue: Small Intestine 
=====================================
[1] TRUE
Running SuSiE.

=====================================
Tissue: Spleen 
=====================================
[1] TRUE
Running SuSiE.

=====================================
Tissue: Stomach 
=====================================
[1] TRUE
Running SuSiE.

=====================================
Tissue: Testis 
=====================================
[1] TRUE
Running SuSiE.

=====================================
Tissue: Thyroid 
=====================================
[1] TRUE
Running SuSiE.

=====================================
Tissue: Uterus 
=====================================
[1] TRUE
Running SuSiE.

=====================================
Tissue: Vagina 
=====================================
[1] TRUE
Running SuSiE.
[2026-09-01 14:00:37] starting PLAA
Importing covariate data.
Importing gene expression data.
Found 27 tissues for gene PLAA :
 [1] "Adipose Tissue"  "Adrenal Gland"   "Blood"           "Blood Vessel"   
 [5] "Brain"           "Breast"          "Colon"           "Esophagus"      
 [9] "Heart"           "Kidney"          "Liver"           "Lung"           
[13] "Muscle"          "Nerve"           "Ovary"           "Pancreas"       
[17] "Pituitary"       "Prostate"        "Salivary Gland"  "Skin"           
[21] "Small Intestine" "Spleen"          "Stomach"         "Testis"         
[25] "Thyroid"         "Uterus"          "Vagina"         
Extracting genotype data from PLINK file.
PLINK v2.0.0-a.7LM 64-bit Intel (11 Mar 2026)       cog-genomics.org/plink/2.0/
(C) 2005-2026 Shaun Purcell, Christopher Chang    GNU General Public License v3
Logging to /project2/mstephens/wdenault/susie_mix/temp_plink/plink_PLAA.log.
Options in effect:
  --bfile /project2/mstephens/gtex/GTEx_Analysis_2017-06-05_v8_WholeGenomeSeq_866Indiv
  --chr 9
  --export A
  --from-bp 26447242
  --maf 0
  --max-alleles 2
  --memory 8000
  --out /project2/mstephens/wdenault/susie_mix/temp_plink/plink_PLAA
  --rm-dup exclude-all
  --snps-only
  --threads 2
  --to-bp 27447242

Start time: Tue Sep  1 14:01:45 2026
63721 MiB RAM detected, ~23348 available; reserving 8000 MiB for main
workspace.
Using up to 2 compute threads.
866 samples (0 females, 0 males, 866 ambiguous; 866 founders) loaded from
/project2/mstephens/gtex/GTEx_Analysis_2017-06-05_v8_WholeGenomeSeq_866Indiv.fam.
67234533 variants in
/project2/mstephens/gtex/GTEx_Analysis_2017-06-05_v8_WholeGenomeSeq_866Indiv.bim;
64708045 excluded by --chr + --max-alleles + --snps-only, 2526488 remaining.
Note: No phenotype data present.
Note: Skipping --rm-dup since no duplicate IDs are present.
21093 variants remaining after main filters.
--export A pass 1/1: loading... 0%writing... 0%1%2%3%4%5%6%7%8%9%10%11%12%13%14%15%16%17%18%19%20%21%22%23%24%25%26%27%28%29%30%31%32%33%34%35%36%37%38%39%40%41%42%43%44%45%46%47%48%49%50%51%52%53%54%55%56%57%58%59%60%61%62%63%64%65%66%67%68%69%70%71%72%73%74%75%76%77%78%79%80%81%82%83%84%85%86%87%88%89%90%91%92%93%94%95%96%97%98%99% done.
--export A: /project2/mstephens/wdenault/susie_mix/temp_plink/plink_PLAA.raw
written.
End time: Tue Sep  1 14:01:51 2026
33 SNP(s) removed because HWE P < 1e-08 :
 [1] "chr9_26567954_T_C_b38_T" "chr9_26568001_G_T_b38_G"
 [3] "chr9_26571414_A_G_b38_A" "chr9_26571451_C_G_b38_C"
 [5] "chr9_26577330_C_A_b38_C" "chr9_26579250_T_C_b38_T"
 [7] "chr9_26620197_T_A_b38_T" "chr9_26627491_C_G_b38_C"
 [9] "chr9_26628828_T_G_b38_T" "chr9_27296597_C_G_b38_C"
[11] "chr9_27335163_A_T_b38_A" "chr9_27344267_A_C_b38_A"
[13] "chr9_27344645_T_C_b38_T" "chr9_27344664_T_C_b38_T"
[15] "chr9_27344804_G_A_b38_G" "chr9_27344941_A_G_b38_A"
[17] "chr9_27345538_T_C_b38_T" "chr9_27345965_A_G_b38_A"
[19] "chr9_27346267_G_A_b38_G" "chr9_27346376_A_C_b38_A"
[21] "chr9_27346409_C_T_b38_C" "chr9_27346425_T_C_b38_T"
[23] "chr9_27346505_C_T_b38_C" "chr9_27347178_T_C_b38_T"
[25] "chr9_27347316_T_C_b38_T" "chr9_27347565_A_G_b38_A"
[27] "chr9_27347871_C_T_b38_C" "chr9_27347921_T_C_b38_T"
[29] "chr9_27348102_A_G_b38_A" "chr9_27348959_G_C_b38_G"
[31] "chr9_27349582_C_T_b38_C" "chr9_27349790_A_G_b38_A"
[33] "chr9_27350052_T_C_b38_T"

=====================================
Tissue: Adipose Tissue 
=====================================
[1] TRUE
Running SuSiE.

=====================================
Tissue: Adrenal Gland 
=====================================
[1] TRUE
Running SuSiE.

=====================================
Tissue: Blood 
=====================================
[1] TRUE
Running SuSiE.

=====================================
Tissue: Blood Vessel 
=====================================
[1] TRUE
Running SuSiE.

=====================================
Tissue: Brain 
=====================================
[1] TRUE
Running SuSiE.

=====================================
Tissue: Breast 
=====================================
[1] TRUE
Running SuSiE.

=====================================
Tissue: Colon 
=====================================
[1] TRUE
Running SuSiE.

=====================================
Tissue: Esophagus 
=====================================
[1] TRUE
Running SuSiE.

=====================================
Tissue: Heart 
=====================================
[1] TRUE
Running SuSiE.

=====================================
Tissue: Kidney 
=====================================
[1] TRUE
Running SuSiE.

=====================================
Tissue: Liver 
=====================================
[1] TRUE
Running SuSiE.

=====================================
Tissue: Lung 
=====================================
[1] TRUE
Running SuSiE.

=====================================
Tissue: Muscle 
=====================================
[1] TRUE
Running SuSiE.

=====================================
Tissue: Nerve 
=====================================
[1] TRUE
Running SuSiE.

=====================================
Tissue: Ovary 
=====================================
[1] TRUE
Running SuSiE.

=====================================
Tissue: Pancreas 
=====================================
[1] TRUE
Running SuSiE.

=====================================
Tissue: Pituitary 
=====================================
[1] TRUE
Running SuSiE.

=====================================
Tissue: Prostate 
=====================================
[1] TRUE
Running SuSiE.

=====================================
Tissue: Salivary Gland 
=====================================
[1] TRUE
Running SuSiE.

=====================================
Tissue: Skin 
=====================================
[1] TRUE
Running SuSiE.

=====================================
Tissue: Small Intestine 
=====================================
[1] TRUE
Running SuSiE.

=====================================
Tissue: Spleen 
=====================================
[1] TRUE
Running SuSiE.

=====================================
Tissue: Stomach 
=====================================
[1] TRUE
Running SuSiE.

=====================================
Tissue: Testis 
=====================================
[1] TRUE
Running SuSiE.

=====================================
Tissue: Thyroid 
=====================================
[1] TRUE
Running SuSiE.

=====================================
Tissue: Uterus 
=====================================
[1] TRUE
Running SuSiE.

=====================================
Tissue: Vagina 
=====================================
[1] TRUE
Running SuSiE.
[2026-09-01 14:04:22] starting PLAC1
Importing covariate data.
Importing gene expression data.
Found 27 tissues for gene PLAC1 :
 [1] "Adipose Tissue"  "Adrenal Gland"   "Blood"           "Blood Vessel"   
 [5] "Brain"           "Breast"          "Colon"           "Esophagus"      
 [9] "Heart"           "Kidney"          "Liver"           "Lung"           
[13] "Muscle"          "Nerve"           "Ovary"           "Pancreas"       
[17] "Pituitary"       "Prostate"        "Salivary Gland"  "Skin"           
[21] "Small Intestine" "Spleen"          "Stomach"         "Testis"         
[25] "Thyroid"         "Uterus"          "Vagina"         
Extracting genotype data from PLINK file.
PLINK v2.0.0-a.7LM 64-bit Intel (11 Mar 2026)       cog-genomics.org/plink/2.0/
(C) 2005-2026 Shaun Purcell, Christopher Chang    GNU General Public License v3
Logging to /project2/mstephens/wdenault/susie_mix/temp_plink/plink_PLAC1.log.
Options in effect:
  --bfile /project2/mstephens/gtex/GTEx_Analysis_2017-06-05_v8_WholeGenomeSeq_866Indiv
  --chr X
  --export A
  --from-bp 134264322
  --maf 0
  --max-alleles 2
  --memory 8000
  --out /project2/mstephens/wdenault/susie_mix/temp_plink/plink_PLAC1
  --rm-dup exclude-all
  --snps-only
  --threads 2
  --to-bp 135264322

Start time: Tue Sep  1 14:05:31 2026
63721 MiB RAM detected, ~23378 available; reserving 8000 MiB for main
workspace.
Using up to 2 compute threads.
866 samples (0 females, 0 males, 866 ambiguous; 866 founders) loaded from
/project2/mstephens/gtex/GTEx_Analysis_2017-06-05_v8_WholeGenomeSeq_866Indiv.fam.
End time: Tue Sep  1 14:05:37 2026
[2026-09-01 14:05:37] starting PLAC8
Importing covariate data.
Importing gene expression data.
Found 27 tissues for gene PLAC8 :
 [1] "Adipose Tissue"  "Adrenal Gland"   "Blood"           "Blood Vessel"   
 [5] "Brain"           "Breast"          "Colon"           "Esophagus"      
 [9] "Heart"           "Kidney"          "Liver"           "Lung"           
[13] "Muscle"          "Nerve"           "Ovary"           "Pancreas"       
[17] "Pituitary"       "Prostate"        "Salivary Gland"  "Skin"           
[21] "Small Intestine" "Spleen"          "Stomach"         "Testis"         
[25] "Thyroid"         "Uterus"          "Vagina"         
Extracting genotype data from PLINK file.
PLINK v2.0.0-a.7LM 64-bit Intel (11 Mar 2026)       cog-genomics.org/plink/2.0/
(C) 2005-2026 Shaun Purcell, Christopher Chang    GNU General Public License v3
Logging to /project2/mstephens/wdenault/susie_mix/temp_plink/plink_PLAC8.log.
Options in effect:
  --bfile /project2/mstephens/gtex/GTEx_Analysis_2017-06-05_v8_WholeGenomeSeq_866Indiv
  --chr 4
  --export A
  --from-bp 82637075
  --maf 0
  --max-alleles 2
  --memory 8000
  --out /project2/mstephens/wdenault/susie_mix/temp_plink/plink_PLAC8
  --rm-dup exclude-all
  --snps-only
  --threads 2
  --to-bp 83637075

Start time: Tue Sep  1 14:06:44 2026
63721 MiB RAM detected, ~27068 available; reserving 8000 MiB for main
workspace.
Using up to 2 compute threads.
866 samples (0 females, 0 males, 866 ambiguous; 866 founders) loaded from
/project2/mstephens/gtex/GTEx_Analysis_2017-06-05_v8_WholeGenomeSeq_866Indiv.fam.
67234533 variants in
/project2/mstephens/gtex/GTEx_Analysis_2017-06-05_v8_WholeGenomeSeq_866Indiv.bim;
63536433 excluded by --chr + --max-alleles + --snps-only, 3698100 remaining.
Note: No phenotype data present.
Note: Skipping --rm-dup since no duplicate IDs are present.
18596 variants remaining after main filters.
--export A pass 1/1: loading... 0%38% writing... 0%1%2%3%4%5%6%7%8%9%10%11%12%13%14%15%16%17%18%19%20%21%22%23%24%25%26%27%28%29%30%31%32%33%34%35%36%37%38%39%40%41%42%43%44%45%46%47%48%49%50%51%52%53%54%55%56%57%58%59%60%61%62%63%64%65%66%67%68%69%70%71%72%73%74%75%76%77%78%79%80%81%82%83%84%85%86%87%88%89%90%91%92%93%94%95%96%97%98%99% done.
--export A: /project2/mstephens/wdenault/susie_mix/temp_plink/plink_PLAC8.raw
written.
End time: Tue Sep  1 14:06:49 2026
52 SNP(s) removed because HWE P < 1e-08 :
 [1] "chr4_82741328_T_C_b38_T" "chr4_83084237_A_G_b38_A"
 [3] "chr4_83140604_G_A_b38_G" "chr4_83143885_C_T_b38_C"
 [5] "chr4_83144067_C_T_b38_C" "chr4_83144216_C_T_b38_C"
 [7] "chr4_83175093_G_C_b38_G" "chr4_83175595_C_T_b38_C"
 [9] "chr4_83178171_C_T_b38_C" "chr4_83178361_T_C_b38_T"
[11] "chr4_83178446_T_A_b38_T" "chr4_83178595_C_T_b38_C"
[13] "chr4_83178812_A_C_b38_A" "chr4_83179134_C_A_b38_C"
[15] "chr4_83179489_G_A_b38_G" "chr4_83179490_G_A_b38_G"
[17] "chr4_83179756_T_G_b38_T" "chr4_83179930_A_G_b38_A"
[19] "chr4_83180000_G_A_b38_G" "chr4_83180030_T_C_b38_T"
[21] "chr4_83180145_C_A_b38_C" "chr4_83181062_T_C_b38_T"
[23] "chr4_83181190_G_A_b38_G" "chr4_83181919_C_T_b38_C"
[25] "chr4_83186663_G_A_b38_G" "chr4_83188051_C_T_b38_C"
[27] "chr4_83188052_G_T_b38_G" "chr4_83189507_T_C_b38_T"
[29] "chr4_83191818_T_A_b38_T" "chr4_83192140_T_C_b38_T"
[31] "chr4_83192906_G_A_b38_G" "chr4_83194331_T_C_b38_T"
[33] "chr4_83194938_G_A_b38_G" "chr4_83211054_T_C_b38_T"
[35] "chr4_83303254_T_G_b38_T" "chr4_83374108_A_C_b38_A"
[37] "chr4_83374138_C_A_b38_C" "chr4_83415130_C_T_b38_C"
[39] "chr4_83422411_C_T_b38_C" "chr4_83449307_G_T_b38_G"
[41] "chr4_83451106_T_C_b38_T" "chr4_83468935_A_G_b38_A"
[43] "chr4_83471365_G_A_b38_G" "chr4_83478967_G_A_b38_G"
[45] "chr4_83479602_C_A_b38_C" "chr4_83480547_G_T_b38_G"
[47] "chr4_83481325_C_A_b38_C" "chr4_83482613_G_C_b38_G"
[49] "chr4_83483065_A_T_b38_A" "chr4_83483215_G_A_b38_G"
[51] "chr4_83500424_G_T_b38_G" "chr4_83506885_G_A_b38_G"

=====================================
Tissue: Adipose Tissue 
=====================================
[1] TRUE
Running SuSiE.

=====================================
Tissue: Adrenal Gland 
=====================================
[1] TRUE
Running SuSiE.

=====================================
Tissue: Blood 
=====================================
[1] TRUE
Running SuSiE.

=====================================
Tissue: Blood Vessel 
=====================================
[1] TRUE
Running SuSiE.

=====================================
Tissue: Brain 
=====================================
[1] TRUE
Running SuSiE.

=====================================
Tissue: Breast 
=====================================
[1] TRUE
Running SuSiE.

=====================================
Tissue: Colon 
=====================================
[1] TRUE
Running SuSiE.

=====================================
Tissue: Esophagus 
=====================================
[1] TRUE
Running SuSiE.

=====================================
Tissue: Heart 
=====================================
[1] TRUE
Running SuSiE.

=====================================
Tissue: Kidney 
=====================================
[1] TRUE
Running SuSiE.

=====================================
Tissue: Liver 
=====================================
[1] TRUE
Running SuSiE.

=====================================
Tissue: Lung 
=====================================
[1] TRUE
Running SuSiE.

=====================================
Tissue: Muscle 
=====================================
[1] TRUE
Running SuSiE.

=====================================
Tissue: Nerve 
=====================================
[1] TRUE
Running SuSiE.

=====================================
Tissue: Ovary 
=====================================
[1] TRUE
Running SuSiE.

=====================================
Tissue: Pancreas 
=====================================
[1] TRUE
Running SuSiE.

=====================================
Tissue: Pituitary 
=====================================
[1] TRUE
Running SuSiE.

=====================================
Tissue: Prostate 
=====================================
[1] TRUE
Running SuSiE.

=====================================
Tissue: Salivary Gland 
=====================================
[1] TRUE
Running SuSiE.

=====================================
Tissue: Skin 
=====================================
[1] TRUE
Running SuSiE.

=====================================
Tissue: Small Intestine 
=====================================
[1] TRUE
Running SuSiE.

=====================================
Tissue: Spleen 
=====================================
[1] TRUE
Running SuSiE.

=====================================
Tissue: Stomach 
=====================================
[1] TRUE
Running SuSiE.

=====================================
Tissue: Testis 
=====================================
[1] TRUE
Running SuSiE.

=====================================
Tissue: Thyroid 
=====================================
[1] TRUE
Running SuSiE.

=====================================
Tissue: Uterus 
=====================================
[1] TRUE
Running SuSiE.

=====================================
Tissue: Vagina 
=====================================
[1] TRUE
Running SuSiE.
[2026-09-01 14:08:53] starting PLAC8L1
Importing covariate data.
Importing gene expression data.
Found 27 tissues for gene PLAC8L1 :
 [1] "Adipose Tissue"  "Adrenal Gland"   "Blood"           "Blood Vessel"   
 [5] "Brain"           "Breast"          "Colon"           "Esophagus"      
 [9] "Heart"           "Kidney"          "Liver"           "Lung"           
[13] "Muscle"          "Nerve"           "Ovary"           "Pancreas"       
[17] "Pituitary"       "Prostate"        "Salivary Gland"  "Skin"           
[21] "Small Intestine" "Spleen"          "Stomach"         "Testis"         
[25] "Thyroid"         "Uterus"          "Vagina"         
Extracting genotype data from PLINK file.
PLINK v2.0.0-a.7LM 64-bit Intel (11 Mar 2026)       cog-genomics.org/plink/2.0/
(C) 2005-2026 Shaun Purcell, Christopher Chang    GNU General Public License v3
Logging to /project2/mstephens/wdenault/susie_mix/temp_plink/plink_PLAC8L1.log.
Options in effect:
  --bfile /project2/mstephens/gtex/GTEx_Analysis_2017-06-05_v8_WholeGenomeSeq_866Indiv
  --chr 5
  --export A
  --from-bp 145605577
  --maf 0
  --max-alleles 2
  --memory 8000
  --out /project2/mstephens/wdenault/susie_mix/temp_plink/plink_PLAC8L1
  --rm-dup exclude-all
  --snps-only
  --threads 2
  --to-bp 146605577

Start time: Tue Sep  1 14:09:58 2026
63721 MiB RAM detected, ~26161 available; reserving 8000 MiB for main
workspace.
Using up to 2 compute threads.
866 samples (0 females, 0 males, 866 ambiguous; 866 founders) loaded from
/project2/mstephens/gtex/GTEx_Analysis_2017-06-05_v8_WholeGenomeSeq_866Indiv.fam.
67234533 variants in
/project2/mstephens/gtex/GTEx_Analysis_2017-06-05_v8_WholeGenomeSeq_866Indiv.bim;
63805389 excluded by --chr + --max-alleles + --snps-only, 3429144 remaining.
Note: No phenotype data present.
Note: Skipping --rm-dup since no duplicate IDs are present.
17954 variants remaining after main filters.
--export A pass 1/1: loading... 0%54% writing... 0%1%2%3%4%5%6%7%8%9%10%11%12%13%14%15%16%17%18%19%20%21%22%23%24%25%26%27%28%29%30%31%32%33%34%35%36%37%38%39%40%41%42%43%44%45%46%47%48%49%50%51%52%53%54%55%56%57%58%59%60%61%62%63%64%65%66%67%68%69%70%71%72%73%74%75%76%77%78%79%80%81%82%83%84%85%86%87%88%89%90%91%92%93%94%95%96%97%98%99% done.
--export A: /project2/mstephens/wdenault/susie_mix/temp_plink/plink_PLAC8L1.raw
written.
End time: Tue Sep  1 14:10:04 2026
35 SNP(s) removed because HWE P < 1e-08 :
 [1] "chr5_145606810_C_T_b38_C" "chr5_145622047_A_G_b38_A"
 [3] "chr5_145628665_G_C_b38_G" "chr5_145631185_C_G_b38_C"
 [5] "chr5_145632728_A_T_b38_A" "chr5_145638921_C_T_b38_C"
 [7] "chr5_145640812_T_C_b38_T" "chr5_145644031_G_A_b38_G"
 [9] "chr5_145649328_C_G_b38_C" "chr5_145650355_T_C_b38_T"
[11] "chr5_145650983_A_G_b38_A" "chr5_145651376_C_A_b38_C"
[13] "chr5_145651885_T_C_b38_T" "chr5_145653524_A_G_b38_A"
[15] "chr5_145654698_A_C_b38_A" "chr5_145654706_T_G_b38_T"
[17] "chr5_145656052_T_C_b38_T" "chr5_145656131_A_G_b38_A"
[19] "chr5_145656408_T_A_b38_T" "chr5_145660334_G_A_b38_G"
[21] "chr5_145703293_C_T_b38_C" "chr5_145705582_C_G_b38_C"
[23] "chr5_145769700_C_T_b38_C" "chr5_145780769_T_C_b38_T"
[25] "chr5_145781237_C_G_b38_C" "chr5_145835999_T_C_b38_T"
[27] "chr5_145836309_A_G_b38_A" "chr5_145844745_G_C_b38_G"
[29] "chr5_145844879_C_T_b38_C" "chr5_145856197_G_A_b38_G"
[31] "chr5_145856397_T_G_b38_T" "chr5_146024420_C_T_b38_C"
[33] "chr5_146332209_G_A_b38_G" "chr5_146569829_A_G_b38_A"
[35] "chr5_146603656_C_A_b38_C"

=====================================
Tissue: Adipose Tissue 
=====================================
[1] TRUE
Running SuSiE.

=====================================
Tissue: Adrenal Gland 
=====================================
[1] TRUE
Running SuSiE.

=====================================
Tissue: Blood 
=====================================
[1] TRUE
Running SuSiE.

=====================================
Tissue: Blood Vessel 
=====================================
[1] TRUE
Running SuSiE.

=====================================
Tissue: Brain 
=====================================
[1] TRUE
Running SuSiE.

=====================================
Tissue: Breast 
=====================================
[1] TRUE
Running SuSiE.

=====================================
Tissue: Colon 
=====================================
[1] TRUE
Running SuSiE.

=====================================
Tissue: Esophagus 
=====================================
[1] TRUE
Running SuSiE.

=====================================
Tissue: Heart 
=====================================
[1] TRUE
Running SuSiE.

=====================================
Tissue: Kidney 
=====================================
[1] TRUE
Running SuSiE.

=====================================
Tissue: Liver 
=====================================
[1] TRUE
Running SuSiE.

=====================================
Tissue: Lung 
=====================================
[1] TRUE
Running SuSiE.

=====================================
Tissue: Muscle 
=====================================
[1] TRUE
Running SuSiE.

=====================================
Tissue: Nerve 
=====================================
[1] TRUE
Running SuSiE.

=====================================
Tissue: Ovary 
=====================================
[1] TRUE
Running SuSiE.

=====================================
Tissue: Pancreas 
=====================================
[1] TRUE
Running SuSiE.

=====================================
Tissue: Pituitary 
=====================================
[1] TRUE
Running SuSiE.

=====================================
Tissue: Prostate 
=====================================
[1] TRUE
Running SuSiE.

=====================================
Tissue: Salivary Gland 
=====================================
[1] TRUE
Running SuSiE.

=====================================
Tissue: Skin 
=====================================
[1] TRUE
Running SuSiE.

=====================================
Tissue: Small Intestine 
=====================================
[1] TRUE
Running SuSiE.

=====================================
Tissue: Spleen 
=====================================
[1] TRUE
Running SuSiE.

=====================================
Tissue: Stomach 
=====================================
[1] TRUE
Running SuSiE.

=====================================
Tissue: Testis 
=====================================
[1] TRUE
Running SuSiE.

=====================================
Tissue: Thyroid 
=====================================
[1] TRUE
Running SuSiE.

=====================================
Tissue: Uterus 
=====================================
[1] TRUE
Running SuSiE.

=====================================
Tissue: Vagina 
=====================================
[1] TRUE
Running SuSiE.
[2026-09-01 14:11:53] starting PLAC9
Importing covariate data.
Importing gene expression data.
Found 27 tissues for gene PLAC9 :
 [1] "Adipose Tissue"  "Adrenal Gland"   "Blood"           "Blood Vessel"   
 [5] "Brain"           "Breast"          "Colon"           "Esophagus"      
 [9] "Heart"           "Kidney"          "Liver"           "Lung"           
[13] "Muscle"          "Nerve"           "Ovary"           "Pancreas"       
[17] "Pituitary"       "Prostate"        "Salivary Gland"  "Skin"           
[21] "Small Intestine" "Spleen"          "Stomach"         "Testis"         
[25] "Thyroid"         "Uterus"          "Vagina"         
Extracting genotype data from PLINK file.
PLINK v2.0.0-a.7LM 64-bit Intel (11 Mar 2026)       cog-genomics.org/plink/2.0/
(C) 2005-2026 Shaun Purcell, Christopher Chang    GNU General Public License v3
Logging to /project2/mstephens/wdenault/susie_mix/temp_plink/plink_PLAC9.log.
Options in effect:
  --bfile /project2/mstephens/gtex/GTEx_Analysis_2017-06-05_v8_WholeGenomeSeq_866Indiv
  --chr 10
  --export A
  --from-bp 79631682
  --maf 0
  --max-alleles 2
  --memory 8000
  --out /project2/mstephens/wdenault/susie_mix/temp_plink/plink_PLAC9
  --rm-dup exclude-all
  --snps-only
  --threads 2
  --to-bp 80631682

Start time: Tue Sep  1 14:13:00 2026
63721 MiB RAM detected, ~23361 available; reserving 8000 MiB for main
workspace.
Using up to 2 compute threads.
866 samples (0 females, 0 males, 866 ambiguous; 866 founders) loaded from
/project2/mstephens/gtex/GTEx_Analysis_2017-06-05_v8_WholeGenomeSeq_866Indiv.fam.
67234533 variants in
/project2/mstephens/gtex/GTEx_Analysis_2017-06-05_v8_WholeGenomeSeq_866Indiv.bim;
64498607 excluded by --chr + --max-alleles + --snps-only, 2735926 remaining.
Note: No phenotype data present.
Note: Skipping --rm-dup since no duplicate IDs are present.
20722 variants remaining after main filters.
--export A pass 1/1: loading... 0%30% writing... 0%1%2%3%4%5%6%7%8%9%10%11%12%13%14%15%16%17%18%19%20%21%22%23%24%25%26%27%28%29%30%31%32%33%34%35%36%37%38%39%40%41%42%43%44%45%46%47%48%49%50%51%52%53%54%55%56%57%58%59%60%61%62%63%64%65%66%67%68%69%70%71%72%73%74%75%76%77%78%79%80%81%82%83%84%85%86%87%88%89%90%91%92%93%94%95%96%97%98%99% done.
--export A: /project2/mstephens/wdenault/susie_mix/temp_plink/plink_PLAC9.raw
written.
End time: Tue Sep  1 14:13:06 2026
58 SNP(s) removed because HWE P < 1e-08 :
 [1] "chr10_79656797_A_G_b38_A" "chr10_79660546_G_A_b38_G"
 [3] "chr10_79670116_G_A_b38_G" "chr10_79670144_C_A_b38_C"
 [5] "chr10_79679431_T_C_b38_T" "chr10_79698394_A_G_b38_A"
 [7] "chr10_79700487_G_A_b38_G" "chr10_79704958_A_G_b38_A"
 [9] "chr10_79705611_C_A_b38_C" "chr10_79754778_T_G_b38_T"
[11] "chr10_79760480_T_C_b38_T" "chr10_79782824_C_A_b38_C"
[13] "chr10_79789577_C_A_b38_C" "chr10_79804144_T_C_b38_T"
[15] "chr10_79816248_C_T_b38_C" "chr10_79816460_A_G_b38_A"
[17] "chr10_79837495_G_A_b38_G" "chr10_79837509_G_T_b38_G"
[19] "chr10_79838576_T_C_b38_T" "chr10_79839937_C_T_b38_C"
[21] "chr10_79869037_T_G_b38_T" "chr10_79872629_G_C_b38_G"
[23] "chr10_79873974_T_C_b38_T" "chr10_79874361_G_C_b38_G"
[25] "chr10_79874368_C_A_b38_C" "chr10_79874586_C_A_b38_C"
[27] "chr10_79922706_G_A_b38_G" "chr10_79922714_T_A_b38_T"
[29] "chr10_80009733_G_A_b38_G" "chr10_80033814_T_C_b38_T"
[31] "chr10_80034124_A_G_b38_A" "chr10_80043217_T_A_b38_T"
[33] "chr10_80043246_G_C_b38_G" "chr10_80044942_G_C_b38_G"
[35] "chr10_80045003_G_A_b38_G" "chr10_80045010_A_G_b38_A"
[37] "chr10_80045146_G_A_b38_G" "chr10_80045156_T_G_b38_T"
[39] "chr10_80112364_T_C_b38_T" "chr10_80226502_T_C_b38_T"
[41] "chr10_80230282_T_C_b38_T" "chr10_80234407_G_A_b38_G"
[43] "chr10_80234524_T_G_b38_T" "chr10_80234560_C_A_b38_C"
[45] "chr10_80234565_C_T_b38_C" "chr10_80234569_G_A_b38_G"
[47] "chr10_80234703_C_T_b38_C" "chr10_80234711_C_T_b38_C"
[49] "chr10_80234837_G_T_b38_G" "chr10_80235036_G_C_b38_G"
[51] "chr10_80235098_G_C_b38_G" "chr10_80235251_A_G_b38_A"
[53] "chr10_80235302_G_A_b38_G" "chr10_80235484_G_T_b38_G"
[55] "chr10_80235899_C_T_b38_C" "chr10_80533643_A_G_b38_A"
[57] "chr10_80536352_G_A_b38_G" "chr10_80542046_T_C_b38_T"

=====================================
Tissue: Adipose Tissue 
=====================================
[1] TRUE
Running SuSiE.

=====================================
Tissue: Adrenal Gland 
=====================================
[1] TRUE
Running SuSiE.

=====================================
Tissue: Blood 
=====================================
[1] TRUE
Running SuSiE.

=====================================
Tissue: Blood Vessel 
=====================================
[1] TRUE
Running SuSiE.

=====================================
Tissue: Brain 
=====================================
[1] TRUE
Running SuSiE.

=====================================
Tissue: Breast 
=====================================
[1] TRUE
Running SuSiE.

=====================================
Tissue: Colon 
=====================================
[1] TRUE
Running SuSiE.

=====================================
Tissue: Esophagus 
=====================================
[1] TRUE
Running SuSiE.

=====================================
Tissue: Heart 
=====================================
[1] TRUE
Running SuSiE.

=====================================
Tissue: Kidney 
=====================================
[1] TRUE
Running SuSiE.

=====================================
Tissue: Liver 
=====================================
[1] TRUE
Running SuSiE.

=====================================
Tissue: Lung 
=====================================
[1] TRUE
Running SuSiE.

=====================================
Tissue: Muscle 
=====================================
[1] TRUE
Running SuSiE.

=====================================
Tissue: Nerve 
=====================================
[1] TRUE
Running SuSiE.

=====================================
Tissue: Ovary 
=====================================
[1] TRUE
Running SuSiE.

=====================================
Tissue: Pancreas 
=====================================
[1] TRUE
Running SuSiE.

=====================================
Tissue: Pituitary 
=====================================
[1] TRUE
Running SuSiE.

=====================================
Tissue: Prostate 
=====================================
[1] TRUE
Running SuSiE.

=====================================
Tissue: Salivary Gland 
=====================================
[1] TRUE
Running SuSiE.

=====================================
Tissue: Skin 
=====================================
[1] TRUE
Running SuSiE.

=====================================
Tissue: Small Intestine 
=====================================
[1] TRUE
Running SuSiE.

=====================================
Tissue: Spleen 
=====================================
[1] TRUE
Running SuSiE.

=====================================
Tissue: Stomach 
=====================================
[1] TRUE
Running SuSiE.

=====================================
Tissue: Testis 
=====================================
[1] TRUE
Running SuSiE.

=====================================
Tissue: Thyroid 
=====================================
[1] TRUE
Running SuSiE.

=====================================
Tissue: Uterus 
=====================================
[1] TRUE
Running SuSiE.

=====================================
Tissue: Vagina 
=====================================
[1] TRUE
Running SuSiE.
[2026-09-01 14:15:48] starting PLAG1
Importing covariate data.
Importing gene expression data.
Found 27 tissues for gene PLAG1 :
 [1] "Adipose Tissue"  "Adrenal Gland"   "Blood"           "Blood Vessel"   
 [5] "Brain"           "Breast"          "Colon"           "Esophagus"      
 [9] "Heart"           "Kidney"          "Liver"           "Lung"           
[13] "Muscle"          "Nerve"           "Ovary"           "Pancreas"       
[17] "Pituitary"       "Prostate"        "Salivary Gland"  "Skin"           
[21] "Small Intestine" "Spleen"          "Stomach"         "Testis"         
[25] "Thyroid"         "Uterus"          "Vagina"         
Extracting genotype data from PLINK file.
PLINK v2.0.0-a.7LM 64-bit Intel (11 Mar 2026)       cog-genomics.org/plink/2.0/
(C) 2005-2026 Shaun Purcell, Christopher Chang    GNU General Public License v3
Logging to /project2/mstephens/wdenault/susie_mix/temp_plink/plink_PLAG1.log.
Options in effect:
  --bfile /project2/mstephens/gtex/GTEx_Analysis_2017-06-05_v8_WholeGenomeSeq_866Indiv
  --chr 8
  --export A
  --from-bp 55711324
  --maf 0
  --max-alleles 2
  --memory 8000
  --out /project2/mstephens/wdenault/susie_mix/temp_plink/plink_PLAG1
  --rm-dup exclude-all
  --snps-only
  --threads 2
  --to-bp 56711324

Start time: Tue Sep  1 14:17:03 2026
63721 MiB RAM detected, ~23264 available; reserving 8000 MiB for main
workspace.
Using up to 2 compute threads.
866 samples (0 females, 0 males, 866 ambiguous; 866 founders) loaded from
/project2/mstephens/gtex/GTEx_Analysis_2017-06-05_v8_WholeGenomeSeq_866Indiv.fam.
67234533 variants in
/project2/mstephens/gtex/GTEx_Analysis_2017-06-05_v8_WholeGenomeSeq_866Indiv.bim;
64320131 excluded by --chr + --max-alleles + --snps-only, 2914402 remaining.
Note: No phenotype data present.
Note: Skipping --rm-dup since no duplicate IDs are present.
19134 variants remaining after main filters.
--export A pass 1/1: loading... 0%2%writing... 0%1%2%3%4%5%6%7%8%9%10%11%12%13%14%15%16%17%18%19%20%21%22%23%24%25%26%27%28%29%30%31%32%33%34%35%36%37%38%39%40%41%42%43%44%45%46%47%48%49%50%51%52%53%54%55%56%57%58%59%60%61%62%63%64%65%66%67%68%69%70%71%72%73%74%75%76%77%78%79%80%81%82%83%84%85%86%87%88%89%90%91%92%93%94%95%96%97%98%99% done.
--export A: /project2/mstephens/wdenault/susie_mix/temp_plink/plink_PLAG1.raw
written.
End time: Tue Sep  1 14:17:10 2026
6 SNP(s) removed because HWE P < 1e-08 :
[1] "chr8_55953893_G_A_b38_G" "chr8_56237568_T_C_b38_T"
[3] "chr8_56398943_G_A_b38_G" "chr8_56470929_T_C_b38_T"
[5] "chr8_56471393_C_G_b38_C" "chr8_56492137_A_G_b38_A"

=====================================
Tissue: Adipose Tissue 
=====================================
[1] TRUE
Running SuSiE.

=====================================
Tissue: Adrenal Gland 
=====================================
[1] TRUE
Running SuSiE.

=====================================
Tissue: Blood 
=====================================
[1] TRUE
Running SuSiE.

=====================================
Tissue: Blood Vessel 
=====================================
[1] TRUE
Running SuSiE.

=====================================
Tissue: Brain 
=====================================
[1] TRUE
Running SuSiE.

=====================================
Tissue: Breast 
=====================================
[1] TRUE
Running SuSiE.

=====================================
Tissue: Colon 
=====================================
[1] TRUE
Running SuSiE.

=====================================
Tissue: Esophagus 
=====================================
[1] TRUE
Running SuSiE.

=====================================
Tissue: Heart 
=====================================
[1] TRUE
Running SuSiE.

=====================================
Tissue: Kidney 
=====================================
[1] TRUE
Running SuSiE.

=====================================
Tissue: Liver 
=====================================
[1] TRUE
Running SuSiE.

=====================================
Tissue: Lung 
=====================================
[1] TRUE
Running SuSiE.

=====================================
Tissue: Muscle 
=====================================
[1] TRUE
Running SuSiE.

=====================================
Tissue: Nerve 
=====================================
[1] TRUE
Running SuSiE.

=====================================
Tissue: Ovary 
=====================================
[1] TRUE
Running SuSiE.

=====================================
Tissue: Pancreas 
=====================================
[1] TRUE
Running SuSiE.

=====================================
Tissue: Pituitary 
=====================================
[1] TRUE
Running SuSiE.

=====================================
Tissue: Prostate 
=====================================
[1] TRUE
Running SuSiE.

=====================================
Tissue: Salivary Gland 
=====================================
[1] TRUE
Running SuSiE.

=====================================
Tissue: Skin 
=====================================
[1] TRUE
Running SuSiE.

=====================================
Tissue: Small Intestine 
=====================================
[1] TRUE
Running SuSiE.

=====================================
Tissue: Spleen 
=====================================
[1] TRUE
Running SuSiE.

=====================================
Tissue: Stomach 
=====================================
[1] TRUE
Running SuSiE.

=====================================
Tissue: Testis 
=====================================
[1] TRUE
Running SuSiE.

=====================================
Tissue: Thyroid 
=====================================
[1] TRUE
Running SuSiE.

=====================================
Tissue: Uterus 
=====================================
[1] TRUE
Running SuSiE.

=====================================
Tissue: Vagina 
=====================================
[1] TRUE
Running SuSiE.
[2026-09-01 14:19:12] starting PLAGL1
Importing covariate data.
Importing gene expression data.
Found 27 tissues for gene PLAGL1 :
 [1] "Adipose Tissue"  "Adrenal Gland"   "Blood"           "Blood Vessel"   
 [5] "Brain"           "Breast"          "Colon"           "Esophagus"      
 [9] "Heart"           "Kidney"          "Liver"           "Lung"           
[13] "Muscle"          "Nerve"           "Ovary"           "Pancreas"       
[17] "Pituitary"       "Prostate"        "Salivary Gland"  "Skin"           
[21] "Small Intestine" "Spleen"          "Stomach"         "Testis"         
[25] "Thyroid"         "Uterus"          "Vagina"         
Extracting genotype data from PLINK file.
PLINK v2.0.0-a.7LM 64-bit Intel (11 Mar 2026)       cog-genomics.org/plink/2.0/
(C) 2005-2026 Shaun Purcell, Christopher Chang    GNU General Public License v3
Logging to /project2/mstephens/wdenault/susie_mix/temp_plink/plink_PLAGL1.log.
Options in effect:
  --bfile /project2/mstephens/gtex/GTEx_Analysis_2017-06-05_v8_WholeGenomeSeq_866Indiv
  --chr 6
  --export A
  --from-bp 143564599
  --maf 0
  --max-alleles 2
  --memory 8000
  --out /project2/mstephens/wdenault/susie_mix/temp_plink/plink_PLAGL1
  --rm-dup exclude-all
  --snps-only
  --threads 2
  --to-bp 144564599

Start time: Tue Sep  1 14:20:21 2026
63721 MiB RAM detected, ~24266 available; reserving 8000 MiB for main
workspace.
Using up to 2 compute threads.
866 samples (0 females, 0 males, 866 ambiguous; 866 founders) loaded from
/project2/mstephens/gtex/GTEx_Analysis_2017-06-05_v8_WholeGenomeSeq_866Indiv.fam.
67234533 variants in
/project2/mstephens/gtex/GTEx_Analysis_2017-06-05_v8_WholeGenomeSeq_866Indiv.bim;
64003927 excluded by --chr + --max-alleles + --snps-only, 3230606 remaining.
Note: No phenotype data present.
Note: Skipping --rm-dup since no duplicate IDs are present.
17458 variants remaining after main filters.
--export A pass 1/1: loading... 0%writing... 0%1%2%3%4%5%6%7%8%9%10%11%12%13%14%15%16%17%18%19%20%21%22%23%24%25%26%27%28%29%30%31%32%33%34%35%36%37%38%39%40%41%42%43%44%45%46%47%48%49%50%51%52%53%54%55%56%57%58%59%60%61%62%63%64%65%66%67%68%69%70%71%72%73%74%75%76%77%78%79%80%81%82%83%84%85%86%87%88%89%90%91%92%93%94%95%96%97%98%99% done.
--export A: /project2/mstephens/wdenault/susie_mix/temp_plink/plink_PLAGL1.raw
written.
End time: Tue Sep  1 14:20:28 2026
72 SNP(s) removed because HWE P < 1e-08 :
 [1] "chr6_143717048_C_T_b38_C" "chr6_143719129_T_G_b38_T"
 [3] "chr6_143901884_G_T_b38_G" "chr6_144163617_A_T_b38_A"
 [5] "chr6_144195305_T_C_b38_T" "chr6_144195464_C_T_b38_C"
 [7] "chr6_144196054_A_G_b38_A" "chr6_144199976_C_G_b38_C"
 [9] "chr6_144201557_G_A_b38_G" "chr6_144202488_A_T_b38_A"
[11] "chr6_144205507_G_T_b38_G" "chr6_144205837_C_T_b38_C"
[13] "chr6_144206950_G_C_b38_G" "chr6_144207033_T_C_b38_T"
[15] "chr6_144218824_A_C_b38_A" "chr6_144221847_G_A_b38_G"
[17] "chr6_144225333_T_C_b38_T" "chr6_144227394_T_G_b38_T"
[19] "chr6_144228571_A_G_b38_A" "chr6_144261759_C_A_b38_C"
[21] "chr6_144295803_G_A_b38_G" "chr6_144295981_A_G_b38_A"
[23] "chr6_144300772_T_A_b38_T" "chr6_144301163_G_T_b38_G"
[25] "chr6_144317021_T_C_b38_T" "chr6_144318181_A_G_b38_A"
[27] "chr6_144318832_C_A_b38_C" "chr6_144319280_A_G_b38_A"
[29] "chr6_144319424_G_A_b38_G" "chr6_144319838_A_G_b38_A"
[31] "chr6_144321929_G_A_b38_G" "chr6_144322040_G_A_b38_G"
[33] "chr6_144322816_T_G_b38_T" "chr6_144324831_T_C_b38_T"
[35] "chr6_144328815_A_G_b38_A" "chr6_144330419_C_T_b38_C"
[37] "chr6_144335886_T_G_b38_T" "chr6_144342890_T_C_b38_T"
[39] "chr6_144343516_T_C_b38_T" "chr6_144344221_T_C_b38_T"
[41] "chr6_144346440_C_T_b38_C" "chr6_144346730_A_G_b38_A"
[43] "chr6_144353955_C_A_b38_C" "chr6_144357592_C_A_b38_C"
[45] "chr6_144364601_C_G_b38_C" "chr6_144369318_A_G_b38_A"
[47] "chr6_144369633_G_A_b38_G" "chr6_144369771_T_C_b38_T"
[49] "chr6_144371655_T_G_b38_T" "chr6_144372218_T_C_b38_T"
[51] "chr6_144372392_A_T_b38_A" "chr6_144392413_G_A_b38_G"
[53] "chr6_144393512_G_A_b38_G" "chr6_144393630_C_G_b38_C"
[55] "chr6_144396653_C_G_b38_C" "chr6_144398320_T_C_b38_T"
[57] "chr6_144398629_T_G_b38_T" "chr6_144398850_A_G_b38_A"
[59] "chr6_144400867_C_T_b38_C" "chr6_144400906_T_G_b38_T"
[61] "chr6_144405265_A_G_b38_A" "chr6_144405420_T_C_b38_T"
[63] "chr6_144408046_C_T_b38_C" "chr6_144408197_G_A_b38_G"
[65] "chr6_144410197_A_G_b38_A" "chr6_144410411_T_G_b38_T"
[67] "chr6_144419658_G_T_b38_G" "chr6_144462222_A_C_b38_A"
[69] "chr6_144462449_C_T_b38_C" "chr6_144494087_T_A_b38_T"
[71] "chr6_144497395_A_T_b38_A" "chr6_144499593_T_C_b38_T"

=====================================
Tissue: Adipose Tissue 
=====================================
[1] TRUE
Running SuSiE.

=====================================
Tissue: Adrenal Gland 
=====================================
[1] TRUE
Running SuSiE.

=====================================
Tissue: Blood 
=====================================
[1] TRUE
Running SuSiE.

=====================================
Tissue: Blood Vessel 
=====================================
[1] TRUE
Running SuSiE.

=====================================
Tissue: Brain 
=====================================
[1] TRUE
Running SuSiE.

=====================================
Tissue: Breast 
=====================================
[1] TRUE
Running SuSiE.

=====================================
Tissue: Colon 
=====================================
[1] TRUE
Running SuSiE.

=====================================
Tissue: Esophagus 
=====================================
[1] TRUE
Running SuSiE.

=====================================
Tissue: Heart 
=====================================
[1] TRUE
Running SuSiE.

=====================================
Tissue: Kidney 
=====================================
[1] TRUE
Running SuSiE.

=====================================
Tissue: Liver 
=====================================
[1] TRUE
Running SuSiE.

=====================================
Tissue: Lung 
=====================================
[1] TRUE
Running SuSiE.

=====================================
Tissue: Muscle 
=====================================
[1] TRUE
Running SuSiE.

=====================================
Tissue: Nerve 
=====================================
[1] TRUE
Running SuSiE.

=====================================
Tissue: Ovary 
=====================================
[1] TRUE
Running SuSiE.

=====================================
Tissue: Pancreas 
=====================================
[1] TRUE
Running SuSiE.

=====================================
Tissue: Pituitary 
=====================================
[1] TRUE
Running SuSiE.

=====================================
Tissue: Prostate 
=====================================
[1] TRUE
Running SuSiE.

=====================================
Tissue: Salivary Gland 
=====================================
[1] TRUE
Running SuSiE.

=====================================
Tissue: Skin 
=====================================
[1] TRUE
Running SuSiE.

=====================================
Tissue: Small Intestine 
=====================================
[1] TRUE
Running SuSiE.

=====================================
Tissue: Spleen 
=====================================
[1] TRUE
Running SuSiE.

=====================================
Tissue: Stomach 
=====================================
[1] TRUE
Running SuSiE.

=====================================
Tissue: Testis 
=====================================
[1] TRUE
Running SuSiE.

=====================================
Tissue: Thyroid 
=====================================
[1] TRUE
Running SuSiE.

=====================================
Tissue: Uterus 
=====================================
[1] TRUE
Running SuSiE.

=====================================
Tissue: Vagina 
=====================================
[1] TRUE
Running SuSiE.
[2026-09-01 14:22:09] starting PLAGL2
Importing covariate data.
Importing gene expression data.
Found 27 tissues for gene PLAGL2 :
 [1] "Adipose Tissue"  "Adrenal Gland"   "Blood"           "Blood Vessel"   
 [5] "Brain"           "Breast"          "Colon"           "Esophagus"      
 [9] "Heart"           "Kidney"          "Liver"           "Lung"           
[13] "Muscle"          "Nerve"           "Ovary"           "Pancreas"       
[17] "Pituitary"       "Prostate"        "Salivary Gland"  "Skin"           
[21] "Small Intestine" "Spleen"          "Stomach"         "Testis"         
[25] "Thyroid"         "Uterus"          "Vagina"         
Extracting genotype data from PLINK file.
PLINK v2.0.0-a.7LM 64-bit Intel (11 Mar 2026)       cog-genomics.org/plink/2.0/
(C) 2005-2026 Shaun Purcell, Christopher Chang    GNU General Public License v3
Logging to /project2/mstephens/wdenault/susie_mix/temp_plink/plink_PLAGL2.log.
Options in effect:
  --bfile /project2/mstephens/gtex/GTEx_Analysis_2017-06-05_v8_WholeGenomeSeq_866Indiv
  --chr 20
  --export A
  --from-bp 31707743
  --maf 0
  --max-alleles 2
  --memory 8000
  --out /project2/mstephens/wdenault/susie_mix/temp_plink/plink_PLAGL2
  --rm-dup exclude-all
  --snps-only
  --threads 2
  --to-bp 32707743

Start time: Tue Sep  1 14:23:20 2026
63721 MiB RAM detected, ~22807 available; reserving 8000 MiB for main
workspace.
Using up to 2 compute threads.
866 samples (0 females, 0 males, 866 ambiguous; 866 founders) loaded from
/project2/mstephens/gtex/GTEx_Analysis_2017-06-05_v8_WholeGenomeSeq_866Indiv.fam.
67234533 variants in
/project2/mstephens/gtex/GTEx_Analysis_2017-06-05_v8_WholeGenomeSeq_866Indiv.bim;
65857659 excluded by --chr + --max-alleles + --snps-only, 1376874 remaining.
Note: No phenotype data present.
Note: Skipping --rm-dup since no duplicate IDs are present.
16529 variants remaining after main filters.
--export A pass 1/1: loading... 0%writing... 0%1%2%3%4%5%6%7%8%9%10%11%12%13%14%15%16%17%18%19%20%21%22%23%24%25%26%27%28%29%30%31%32%33%34%35%36%37%38%39%40%41%42%43%44%45%46%47%48%49%50%51%52%53%54%55%56%57%58%59%60%61%62%63%64%65%66%67%68%69%70%71%72%73%74%75%76%77%78%79%80%81%82%83%84%85%86%87%88%89%90%91%92%93%94%95%96%97%98%99% done.
--export A: /project2/mstephens/wdenault/susie_mix/temp_plink/plink_PLAGL2.raw
written.
End time: Tue Sep  1 14:23:27 2026
19 SNP(s) removed because HWE P < 1e-08 :
 [1] "chr20_31730458_G_A_b38_G" "chr20_31730461_C_T_b38_C"
 [3] "chr20_31730462_A_G_b38_A" "chr20_31730469_C_T_b38_C"
 [5] "chr20_32078880_G_A_b38_G" "chr20_32462127_G_A_b38_G"
 [7] "chr20_32501513_C_G_b38_C" "chr20_32540168_T_C_b38_T"
 [9] "chr20_32540500_G_A_b38_G" "chr20_32550510_G_C_b38_G"
[11] "chr20_32551325_A_G_b38_A" "chr20_32566653_T_C_b38_T"
[13] "chr20_32568951_A_G_b38_A" "chr20_32570971_A_C_b38_A"
[15] "chr20_32576046_A_G_b38_A" "chr20_32576267_A_C_b38_A"
[17] "chr20_32577906_T_C_b38_T" "chr20_32602673_T_C_b38_T"
[19] "chr20_32614441_T_A_b38_T"

=====================================
Tissue: Adipose Tissue 
=====================================
[1] TRUE
Running SuSiE.

=====================================
Tissue: Adrenal Gland 
=====================================
[1] TRUE
Running SuSiE.

=====================================
Tissue: Blood 
=====================================
[1] TRUE
Running SuSiE.

=====================================
Tissue: Blood Vessel 
=====================================
[1] TRUE
Running SuSiE.

=====================================
Tissue: Brain 
=====================================
[1] TRUE
Running SuSiE.

=====================================
Tissue: Breast 
=====================================
[1] TRUE
Running SuSiE.

=====================================
Tissue: Colon 
=====================================
[1] TRUE
Running SuSiE.

=====================================
Tissue: Esophagus 
=====================================
[1] TRUE
Running SuSiE.

=====================================
Tissue: Heart 
=====================================
[1] TRUE
Running SuSiE.

=====================================
Tissue: Kidney 
=====================================
[1] TRUE
Running SuSiE.

=====================================
Tissue: Liver 
=====================================
[1] TRUE
Running SuSiE.

=====================================
Tissue: Lung 
=====================================
[1] TRUE
Running SuSiE.

=====================================
Tissue: Muscle 
=====================================
[1] TRUE
Running SuSiE.

=====================================
Tissue: Nerve 
=====================================
[1] TRUE
Running SuSiE.

=====================================
Tissue: Ovary 
=====================================
[1] TRUE
Running SuSiE.

=====================================
Tissue: Pancreas 
=====================================
[1] TRUE
Running SuSiE.

=====================================
Tissue: Pituitary 
=====================================
[1] TRUE
Running SuSiE.

=====================================
Tissue: Prostate 
=====================================
[1] TRUE
Running SuSiE.

=====================================
Tissue: Salivary Gland 
=====================================
[1] TRUE
Running SuSiE.

=====================================
Tissue: Skin 
=====================================
[1] TRUE
Running SuSiE.

=====================================
Tissue: Small Intestine 
=====================================
[1] TRUE
Running SuSiE.

=====================================
Tissue: Spleen 
=====================================
[1] TRUE
Running SuSiE.

=====================================
Tissue: Stomach 
=====================================
[1] TRUE
Running SuSiE.

=====================================
Tissue: Testis 
=====================================
[1] TRUE
Running SuSiE.

=====================================
Tissue: Thyroid 
=====================================
[1] TRUE
Running SuSiE.

=====================================
Tissue: Uterus 
=====================================
[1] TRUE
Running SuSiE.

=====================================
Tissue: Vagina 
=====================================
[1] TRUE
Running SuSiE.
[2026-09-01 14:24:39] starting PLAT
Importing covariate data.
Importing gene expression data.
Found 27 tissues for gene PLAT :
 [1] "Adipose Tissue"  "Adrenal Gland"   "Blood"           "Blood Vessel"   
 [5] "Brain"           "Breast"          "Colon"           "Esophagus"      
 [9] "Heart"           "Kidney"          "Liver"           "Lung"           
[13] "Muscle"          "Nerve"           "Ovary"           "Pancreas"       
[17] "Pituitary"       "Prostate"        "Salivary Gland"  "Skin"           
[21] "Small Intestine" "Spleen"          "Stomach"         "Testis"         
[25] "Thyroid"         "Uterus"          "Vagina"         
Extracting genotype data from PLINK file.
PLINK v2.0.0-a.7LM 64-bit Intel (11 Mar 2026)       cog-genomics.org/plink/2.0/
(C) 2005-2026 Shaun Purcell, Christopher Chang    GNU General Public License v3
Logging to /project2/mstephens/wdenault/susie_mix/temp_plink/plink_PLAT.log.
Options in effect:
  --bfile /project2/mstephens/gtex/GTEx_Analysis_2017-06-05_v8_WholeGenomeSeq_866Indiv
  --chr 8
  --export A
  --from-bp 41707709
  --maf 0
  --max-alleles 2
  --memory 8000
  --out /project2/mstephens/wdenault/susie_mix/temp_plink/plink_PLAT
  --rm-dup exclude-all
  --snps-only
  --threads 2
  --to-bp 42707709

Start time: Tue Sep  1 14:25:49 2026
63721 MiB RAM detected, ~23252 available; reserving 8000 MiB for main
workspace.
Using up to 2 compute threads.
866 samples (0 females, 0 males, 866 ambiguous; 866 founders) loaded from
/project2/mstephens/gtex/GTEx_Analysis_2017-06-05_v8_WholeGenomeSeq_866Indiv.fam.
67234533 variants in
/project2/mstephens/gtex/GTEx_Analysis_2017-06-05_v8_WholeGenomeSeq_866Indiv.bim;
64320131 excluded by --chr + --max-alleles + --snps-only, 2914402 remaining.
Note: No phenotype data present.
Note: Skipping --rm-dup since no duplicate IDs are present.
17487 variants remaining after main filters.
--export A pass 1/1: loading... 0%writing... 0%1%2%3%4%5%6%7%8%9%10%11%12%13%14%15%16%17%18%19%20%21%22%23%24%25%26%27%28%29%30%31%32%33%34%35%36%37%38%39%40%41%42%43%44%45%46%47%48%49%50%51%52%53%54%55%56%57%58%59%60%61%62%63%64%65%66%67%68%69%70%71%72%73%74%75%76%77%78%79%80%81%82%83%84%85%86%87%88%89%90%91%92%93%94%95%96%97%98%99% done.
--export A: /project2/mstephens/wdenault/susie_mix/temp_plink/plink_PLAT.raw
written.
End time: Tue Sep  1 14:25:54 2026
163 SNP(s) removed because HWE P < 1e-08 :
  [1] "chr8_41713365_A_G_b38_A" "chr8_41748832_A_G_b38_A"
  [3] "chr8_41798240_C_T_b38_C" "chr8_41835806_T_C_b38_T"
  [5] "chr8_41871782_A_G_b38_A" "chr8_41877306_A_C_b38_A"
  [7] "chr8_41885075_A_G_b38_A" "chr8_41892574_T_C_b38_T"
  [9] "chr8_41900037_A_G_b38_A" "chr8_42120347_G_A_b38_G"
 [11] "chr8_42121416_G_A_b38_G" "chr8_42122732_T_G_b38_T"
 [13] "chr8_42122916_G_A_b38_G" "chr8_42123220_A_T_b38_A"
 [15] "chr8_42123887_C_T_b38_C" "chr8_42124190_C_T_b38_C"
 [17] "chr8_42124960_C_T_b38_C" "chr8_42125453_T_C_b38_T"
 [19] "chr8_42126366_A_G_b38_A" "chr8_42126864_C_G_b38_C"
 [21] "chr8_42128123_G_A_b38_G" "chr8_42128533_G_A_b38_G"
 [23] "chr8_42128672_T_A_b38_T" "chr8_42128762_G_A_b38_G"
 [25] "chr8_42128854_G_T_b38_G" "chr8_42128908_G_A_b38_G"
 [27] "chr8_42129058_C_T_b38_C" "chr8_42129328_G_T_b38_G"
 [29] "chr8_42129458_A_T_b38_A" "chr8_42130871_C_A_b38_C"
 [31] "chr8_42130920_A_G_b38_A" "chr8_42130930_A_G_b38_A"
 [33] "chr8_42131442_C_T_b38_C" "chr8_42131878_A_C_b38_A"
 [35] "chr8_42131980_G_A_b38_G" "chr8_42132052_G_C_b38_G"
 [37] "chr8_42132364_G_A_b38_G" "chr8_42133224_G_C_b38_G"
 [39] "chr8_42134229_G_A_b38_G" "chr8_42134511_C_A_b38_C"
 [41] "chr8_42136236_C_T_b38_C" "chr8_42136474_A_G_b38_A"
 [43] "chr8_42136540_A_G_b38_A" "chr8_42137061_G_T_b38_G"
 [45] "chr8_42138942_T_C_b38_T" "chr8_42139773_C_T_b38_C"
 [47] "chr8_42140306_A_G_b38_A" "chr8_42140877_C_A_b38_C"
 [49] "chr8_42219231_A_G_b38_A" "chr8_42219552_A_G_b38_A"
 [51] "chr8_42243095_T_G_b38_T" "chr8_42254220_A_G_b38_A"
 [53] "chr8_42254688_T_C_b38_T" "chr8_42264961_A_C_b38_A"
 [55] "chr8_42275305_G_A_b38_G" "chr8_42276780_T_C_b38_T"
 [57] "chr8_42277029_A_G_b38_A" "chr8_42277660_A_C_b38_A"
 [59] "chr8_42277754_C_T_b38_C" "chr8_42281902_G_A_b38_G"
 [61] "chr8_42283286_A_G_b38_A" "chr8_42289104_G_A_b38_G"
 [63] "chr8_42290376_G_A_b38_G" "chr8_42290531_G_A_b38_G"
 [65] "chr8_42291746_C_A_b38_C" "chr8_42292844_C_T_b38_C"
 [67] "chr8_42293889_A_T_b38_A" "chr8_42296267_C_T_b38_C"
 [69] "chr8_42297852_G_A_b38_G" "chr8_42298528_A_G_b38_A"
 [71] "chr8_42298757_G_A_b38_G" "chr8_42299045_T_G_b38_T"
 [73] "chr8_42301339_T_A_b38_T" "chr8_42302905_C_T_b38_C"
 [75] "chr8_42302934_A_C_b38_A" "chr8_42302949_A_G_b38_A"
 [77] "chr8_42306151_G_A_b38_G" "chr8_42306742_T_C_b38_T"
 [79] "chr8_42308575_C_G_b38_C" "chr8_42314499_C_G_b38_C"
 [81] "chr8_42317785_A_T_b38_A" "chr8_42322929_C_T_b38_C"
 [83] "chr8_42324736_A_G_b38_A" "chr8_42328685_A_G_b38_A"
 [85] "chr8_42328734_T_C_b38_T" "chr8_42329636_A_G_b38_A"
 [87] "chr8_42340229_A_C_b38_A" "chr8_42342689_G_A_b38_G"
 [89] "chr8_42342820_T_C_b38_T" "chr8_42344522_T_G_b38_T"
 [91] "chr8_42346658_T_C_b38_T" "chr8_42349716_T_A_b38_T"
 [93] "chr8_42351577_G_A_b38_G" "chr8_42351986_C_A_b38_C"
 [95] "chr8_42355029_T_G_b38_T" "chr8_42355738_G_A_b38_G"
 [97] "chr8_42358823_A_C_b38_A" "chr8_42362131_G_A_b38_G"
 [99] "chr8_42362905_G_A_b38_G" "chr8_42367498_A_C_b38_A"
[101] "chr8_42368611_C_G_b38_C" "chr8_42371100_C_G_b38_C"
[103] "chr8_42373641_T_C_b38_T" "chr8_42374268_G_A_b38_G"
[105] "chr8_42374642_C_T_b38_C" "chr8_42374971_A_G_b38_A"
[107] "chr8_42375930_G_A_b38_G" "chr8_42378340_G_A_b38_G"
[109] "chr8_42378590_T_C_b38_T" "chr8_42378732_T_A_b38_T"
[111] "chr8_42378877_T_A_b38_T" "chr8_42379798_C_T_b38_C"
[113] "chr8_42380699_A_G_b38_A" "chr8_42381056_T_C_b38_T"
[115] "chr8_42381170_G_A_b38_G" "chr8_42381579_G_A_b38_G"
[117] "chr8_42381889_T_C_b38_T" "chr8_42382540_A_G_b38_A"
[119] "chr8_42382820_A_G_b38_A" "chr8_42386460_G_T_b38_G"
[121] "chr8_42387654_T_C_b38_T" "chr8_42392929_A_G_b38_A"
[123] "chr8_42400136_A_G_b38_A" "chr8_42401781_A_G_b38_A"
[125] "chr8_42405639_T_C_b38_T" "chr8_42416746_G_C_b38_G"
[127] "chr8_42421613_T_A_b38_T" "chr8_42421752_T_C_b38_T"
[129] "chr8_42423925_A_G_b38_A" "chr8_42424116_T_C_b38_T"
[131] "chr8_42424332_G_C_b38_G" "chr8_42424365_A_G_b38_A"
[133] "chr8_42426461_T_C_b38_T" "chr8_42428599_A_G_b38_A"
[135] "chr8_42431544_T_G_b38_T" "chr8_42445642_A_G_b38_A"
[137] "chr8_42449295_T_C_b38_T" "chr8_42450313_T_C_b38_T"
[139] "chr8_42457505_A_G_b38_A" "chr8_42466462_T_G_b38_T"
[141] "chr8_42466484_T_G_b38_T" "chr8_42605480_C_T_b38_C"
[143] "chr8_42608324_C_A_b38_C" "chr8_42610768_C_T_b38_C"
[145] "chr8_42611273_G_A_b38_G" "chr8_42617052_G_A_b38_G"
[147] "chr8_42625334_T_C_b38_T" "chr8_42630937_C_T_b38_C"
[149] "chr8_42630952_C_T_b38_C" "chr8_42631463_A_G_b38_A"
[151] "chr8_42634597_C_T_b38_C" "chr8_42634620_G_A_b38_G"
[153] "chr8_42634699_G_A_b38_G" "chr8_42634935_C_G_b38_C"
[155] "chr8_42637307_G_A_b38_G" "chr8_42639866_G_A_b38_G"
[157] "chr8_42639980_T_C_b38_T" "chr8_42641097_G_T_b38_G"
[159] "chr8_42641098_C_A_b38_C" "chr8_42641104_T_C_b38_T"
[161] "chr8_42641106_C_T_b38_C" "chr8_42641107_C_T_b38_C"
[163] "chr8_42641656_T_C_b38_T"

=====================================
Tissue: Adipose Tissue 
=====================================
[1] TRUE
Running SuSiE.

=====================================
Tissue: Adrenal Gland 
=====================================
[1] TRUE
Running SuSiE.

=====================================
Tissue: Blood 
=====================================
[1] TRUE
Running SuSiE.

=====================================
Tissue: Blood Vessel 
=====================================
[1] TRUE
Running SuSiE.

=====================================
Tissue: Brain 
=====================================
[1] TRUE
Running SuSiE.

=====================================
Tissue: Breast 
=====================================
[1] TRUE
Running SuSiE.

=====================================
Tissue: Colon 
=====================================
[1] TRUE
Running SuSiE.

=====================================
Tissue: Esophagus 
=====================================
[1] TRUE
Running SuSiE.

=====================================
Tissue: Heart 
=====================================
[1] TRUE
Running SuSiE.

=====================================
Tissue: Kidney 
=====================================
[1] TRUE
Running SuSiE.

=====================================
Tissue: Liver 
=====================================
[1] TRUE
Running SuSiE.

=====================================
Tissue: Lung 
=====================================
[1] TRUE
Running SuSiE.

=====================================
Tissue: Muscle 
=====================================
[1] TRUE
Running SuSiE.

=====================================
Tissue: Nerve 
=====================================
[1] TRUE
Running SuSiE.

=====================================
Tissue: Ovary 
=====================================
[1] TRUE
Running SuSiE.

=====================================
Tissue: Pancreas 
=====================================
[1] TRUE
Running SuSiE.

=====================================
Tissue: Pituitary 
=====================================
[1] TRUE
Running SuSiE.

=====================================
Tissue: Prostate 
=====================================
[1] TRUE
Running SuSiE.

=====================================
Tissue: Salivary Gland 
=====================================
[1] TRUE
Running SuSiE.

=====================================
Tissue: Skin 
=====================================
[1] TRUE
Running SuSiE.

=====================================
Tissue: Small Intestine 
=====================================
[1] TRUE
Running SuSiE.

=====================================
Tissue: Spleen 
=====================================
[1] TRUE
Running SuSiE.

=====================================
Tissue: Stomach 
=====================================
[1] TRUE
Running SuSiE.

=====================================
Tissue: Testis 
=====================================
[1] TRUE
Running SuSiE.

=====================================
Tissue: Thyroid 
=====================================
[1] TRUE
Running SuSiE.

=====================================
Tissue: Uterus 
=====================================
[1] TRUE
Running SuSiE.

=====================================
Tissue: Vagina 
=====================================
[1] TRUE
Running SuSiE.
[2026-09-01 14:27:06] starting PLAU
Importing covariate data.
Importing gene expression data.
Found 27 tissues for gene PLAU :
 [1] "Adipose Tissue"  "Adrenal Gland"   "Blood"           "Blood Vessel"   
 [5] "Brain"           "Breast"          "Colon"           "Esophagus"      
 [9] "Heart"           "Kidney"          "Liver"           "Lung"           
[13] "Muscle"          "Nerve"           "Ovary"           "Pancreas"       
[17] "Pituitary"       "Prostate"        "Salivary Gland"  "Skin"           
[21] "Small Intestine" "Spleen"          "Stomach"         "Testis"         
[25] "Thyroid"         "Uterus"          "Vagina"         
Extracting genotype data from PLINK file.
PLINK v2.0.0-a.7LM 64-bit Intel (11 Mar 2026)       cog-genomics.org/plink/2.0/
(C) 2005-2026 Shaun Purcell, Christopher Chang    GNU General Public License v3
Logging to /project2/mstephens/wdenault/susie_mix/temp_plink/plink_PLAU.log.
Options in effect:
  --bfile /project2/mstephens/gtex/GTEx_Analysis_2017-06-05_v8_WholeGenomeSeq_866Indiv
  --chr 10
  --export A
  --from-bp 73409177
  --maf 0
  --max-alleles 2
  --memory 8000
  --out /project2/mstephens/wdenault/susie_mix/temp_plink/plink_PLAU
  --rm-dup exclude-all
  --snps-only
  --threads 2
  --to-bp 74409177

Start time: Tue Sep  1 14:28:10 2026
63721 MiB RAM detected, ~23254 available; reserving 8000 MiB for main
workspace.
Using up to 2 compute threads.
866 samples (0 females, 0 males, 866 ambiguous; 866 founders) loaded from
/project2/mstephens/gtex/GTEx_Analysis_2017-06-05_v8_WholeGenomeSeq_866Indiv.fam.
67234533 variants in
/project2/mstephens/gtex/GTEx_Analysis_2017-06-05_v8_WholeGenomeSeq_866Indiv.bim;
64498607 excluded by --chr + --max-alleles + --snps-only, 2735926 remaining.
Note: No phenotype data present.
Note: Skipping --rm-dup since no duplicate IDs are present.
15710 variants remaining after main filters.
--export A pass 1/1: loading... 0%31% writing... 0%1%2%3%4%5%6%7%8%9%10%11%12%13%14%15%16%17%18%19%20%21%22%23%24%25%26%27%28%29%30%31%32%33%34%35%36%37%38%39%40%41%42%43%44%45%46%47%48%49%50%51%52%53%54%55%56%57%58%59%60%61%62%63%64%65%66%67%68%69%70%71%72%73%74%75%76%77%78%79%80%81%82%83%84%85%86%87%88%89%90%91%92%93%94%95%96%97%98%99% done.
--export A: /project2/mstephens/wdenault/susie_mix/temp_plink/plink_PLAU.raw
written.
End time: Tue Sep  1 14:28:17 2026
31 SNP(s) removed because HWE P < 1e-08 :
 [1] "chr10_73426854_G_C_b38_G" "chr10_73437293_C_T_b38_C"
 [3] "chr10_73445713_G_A_b38_G" "chr10_73499319_T_C_b38_T"
 [5] "chr10_73505844_C_T_b38_C" "chr10_73527048_T_C_b38_T"
 [7] "chr10_73528241_A_C_b38_A" "chr10_73529601_C_A_b38_C"
 [9] "chr10_73538707_A_G_b38_A" "chr10_73599008_A_G_b38_A"
[11] "chr10_73608174_T_C_b38_T" "chr10_73627199_T_A_b38_T"
[13] "chr10_73653891_A_G_b38_A" "chr10_73662012_C_T_b38_C"
[15] "chr10_73662054_T_C_b38_T" "chr10_73663029_A_G_b38_A"
[17] "chr10_73663551_G_A_b38_G" "chr10_73664416_G_A_b38_G"
[19] "chr10_73664644_C_A_b38_C" "chr10_73665575_T_C_b38_T"
[21] "chr10_73666587_C_T_b38_C" "chr10_73667853_C_T_b38_C"
[23] "chr10_73669823_G_A_b38_G" "chr10_73670592_T_C_b38_T"
[25] "chr10_73670806_G_A_b38_G" "chr10_73670821_C_G_b38_C"
[27] "chr10_73681582_C_G_b38_C" "chr10_73681879_C_T_b38_C"
[29] "chr10_74081740_G_A_b38_G" "chr10_74091971_T_C_b38_T"
[31] "chr10_74093959_G_A_b38_G"

=====================================
Tissue: Adipose Tissue 
=====================================
[1] TRUE
Running SuSiE.

=====================================
Tissue: Adrenal Gland 
=====================================
[1] TRUE
Running SuSiE.

=====================================
Tissue: Blood 
=====================================
[1] TRUE
Running SuSiE.

=====================================
Tissue: Blood Vessel 
=====================================
[1] TRUE
Running SuSiE.

=====================================
Tissue: Brain 
=====================================
[1] TRUE
Running SuSiE.

=====================================
Tissue: Breast 
=====================================
[1] TRUE
Running SuSiE.

=====================================
Tissue: Colon 
=====================================
[1] TRUE
Running SuSiE.

=====================================
Tissue: Esophagus 
=====================================
[1] TRUE
Running SuSiE.

=====================================
Tissue: Heart 
=====================================
[1] TRUE
Running SuSiE.

=====================================
Tissue: Kidney 
=====================================
[1] TRUE
Running SuSiE.

=====================================
Tissue: Liver 
=====================================
[1] TRUE
Running SuSiE.

=====================================
Tissue: Lung 
=====================================
[1] TRUE
Running SuSiE.

=====================================
Tissue: Muscle 
=====================================
[1] TRUE
Running SuSiE.

=====================================
Tissue: Nerve 
=====================================
[1] TRUE
Running SuSiE.

=====================================
Tissue: Ovary 
=====================================
[1] TRUE
Running SuSiE.

=====================================
Tissue: Pancreas 
=====================================
[1] TRUE
Running SuSiE.

=====================================
Tissue: Pituitary 
=====================================
[1] TRUE
Running SuSiE.

=====================================
Tissue: Prostate 
=====================================
[1] TRUE
Running SuSiE.

=====================================
Tissue: Salivary Gland 
=====================================
[1] TRUE
Running SuSiE.

=====================================
Tissue: Skin 
=====================================
[1] TRUE
Running SuSiE.

=====================================
Tissue: Small Intestine 
=====================================
[1] TRUE
Running SuSiE.

=====================================
Tissue: Spleen 
=====================================
[1] TRUE
Running SuSiE.

=====================================
Tissue: Stomach 
=====================================
[1] TRUE
Running SuSiE.

=====================================
Tissue: Testis 
=====================================
[1] TRUE
Running SuSiE.

=====================================
Tissue: Thyroid 
=====================================
[1] TRUE
Running SuSiE.

=====================================
Tissue: Uterus 
=====================================
[1] TRUE
Running SuSiE.

=====================================
Tissue: Vagina 
=====================================
[1] TRUE
Running SuSiE.
[2026-09-01 14:29:14] starting PLAUR
Importing covariate data.
Importing gene expression data.
Found 27 tissues for gene PLAUR :
 [1] "Adipose Tissue"  "Adrenal Gland"   "Blood"           "Blood Vessel"   
 [5] "Brain"           "Breast"          "Colon"           "Esophagus"      
 [9] "Heart"           "Kidney"          "Liver"           "Lung"           
[13] "Muscle"          "Nerve"           "Ovary"           "Pancreas"       
[17] "Pituitary"       "Prostate"        "Salivary Gland"  "Skin"           
[21] "Small Intestine" "Spleen"          "Stomach"         "Testis"         
[25] "Thyroid"         "Uterus"          "Vagina"         
Extracting genotype data from PLINK file.
PLINK v2.0.0-a.7LM 64-bit Intel (11 Mar 2026)       cog-genomics.org/plink/2.0/
(C) 2005-2026 Shaun Purcell, Christopher Chang    GNU General Public License v3
Logging to /project2/mstephens/wdenault/susie_mix/temp_plink/plink_PLAUR.log.
Options in effect:
  --bfile /project2/mstephens/gtex/GTEx_Analysis_2017-06-05_v8_WholeGenomeSeq_866Indiv
  --chr 19
  --export A
  --from-bp 43170547
  --maf 0
  --max-alleles 2
  --memory 8000
  --out /project2/mstephens/wdenault/susie_mix/temp_plink/plink_PLAUR
  --rm-dup exclude-all
  --snps-only
  --threads 2
  --to-bp 44170547

Start time: Tue Sep  1 14:30:20 2026
63721 MiB RAM detected, ~27107 available; reserving 8000 MiB for main
workspace.
Using up to 2 compute threads.
866 samples (0 females, 0 males, 866 ambiguous; 866 founders) loaded from
/project2/mstephens/gtex/GTEx_Analysis_2017-06-05_v8_WholeGenomeSeq_866Indiv.fam.
67234533 variants in
/project2/mstephens/gtex/GTEx_Analysis_2017-06-05_v8_WholeGenomeSeq_866Indiv.bim;
65987829 excluded by --chr + --max-alleles + --snps-only, 1246704 remaining.
Note: No phenotype data present.
Note: Skipping --rm-dup since no duplicate IDs are present.
21246 variants remaining after main filters.
--export A pass 1/1: loading... 0%67% writing... 0%1%2%3%4%5%6%7%8%9%10%11%12%13%14%15%16%17%18%19%20%21%22%23%24%25%26%27%28%29%30%31%32%33%34%35%36%37%38%39%40%41%42%43%44%45%46%47%48%49%50%51%52%53%54%55%56%57%58%59%60%61%62%63%64%65%66%67%68%69%70%71%72%73%74%75%76%77%78%79%80%81%82%83%84%85%86%87%88%89%90%91%92%93%94%95%96%97%98%99% done.
--export A: /project2/mstephens/wdenault/susie_mix/temp_plink/plink_PLAUR.raw
written.
End time: Tue Sep  1 14:30:25 2026
76 SNP(s) removed because HWE P < 1e-08 :
 [1] "chr19_43278360_C_G_b38_C" "chr19_43278390_A_G_b38_A"
 [3] "chr19_43278392_G_A_b38_G" "chr19_43278400_G_A_b38_G"
 [5] "chr19_43278455_G_A_b38_G" "chr19_43278502_T_C_b38_T"
 [7] "chr19_43278515_T_C_b38_T" "chr19_43278517_A_G_b38_A"
 [9] "chr19_43278520_C_T_b38_C" "chr19_43283202_A_C_b38_A"
[11] "chr19_43323751_G_A_b38_G" "chr19_43323793_G_A_b38_G"
[13] "chr19_43323824_T_A_b38_T" "chr19_43324001_G_A_b38_G"
[15] "chr19_43324530_G_A_b38_G" "chr19_43325066_G_A_b38_G"
[17] "chr19_43325134_T_C_b38_T" "chr19_43325154_G_A_b38_G"
[19] "chr19_43325748_G_A_b38_G" "chr19_43325804_A_G_b38_A"
[21] "chr19_43326547_G_A_b38_G" "chr19_43329085_G_A_b38_G"
[23] "chr19_43329309_T_A_b38_T" "chr19_43329328_A_G_b38_A"
[25] "chr19_43329334_A_G_b38_A" "chr19_43361347_T_C_b38_T"
[27] "chr19_43369672_C_T_b38_C" "chr19_43517424_G_A_b38_G"
[29] "chr19_43548396_A_G_b38_A" "chr19_43548433_A_G_b38_A"
[31] "chr19_43548738_C_T_b38_C" "chr19_43679425_C_T_b38_C"
[33] "chr19_43679442_G_A_b38_G" "chr19_43679450_T_C_b38_T"
[35] "chr19_43679451_G_A_b38_G" "chr19_43679453_C_T_b38_C"
[37] "chr19_43679547_T_C_b38_T" "chr19_43679576_G_A_b38_G"
[39] "chr19_43679619_T_A_b38_T" "chr19_43679624_G_T_b38_G"
[41] "chr19_43679648_A_C_b38_A" "chr19_43679686_A_G_b38_A"
[43] "chr19_43679734_T_A_b38_T" "chr19_43679928_A_C_b38_A"
[45] "chr19_43679941_T_A_b38_T" "chr19_43683425_A_G_b38_A"
[47] "chr19_43683850_C_G_b38_C" "chr19_43685008_C_T_b38_C"
[49] "chr19_43685134_A_T_b38_A" "chr19_43696515_C_A_b38_C"
[51] "chr19_43696660_C_T_b38_C" "chr19_43696776_G_C_b38_G"
[53] "chr19_43697015_C_T_b38_C" "chr19_43697160_C_T_b38_C"
[55] "chr19_43964420_T_C_b38_T" "chr19_43983737_A_G_b38_A"
[57] "chr19_43987709_C_A_b38_C" "chr19_44004362_T_A_b38_T"
[59] "chr19_44094303_T_G_b38_T" "chr19_44138290_A_G_b38_A"
[61] "chr19_44138485_C_T_b38_C" "chr19_44139818_A_T_b38_A"
[63] "chr19_44140900_G_A_b38_G" "chr19_44147066_G_A_b38_G"
[65] "chr19_44149528_T_C_b38_T" "chr19_44150746_A_G_b38_A"
[67] "chr19_44151980_T_A_b38_T" "chr19_44158290_G_A_b38_G"
[69] "chr19_44160015_G_A_b38_G" "chr19_44160613_C_T_b38_C"
[71] "chr19_44161824_C_A_b38_C" "chr19_44162551_G_A_b38_G"
[73] "chr19_44166096_C_T_b38_C" "chr19_44166149_A_G_b38_A"
[75] "chr19_44167766_C_G_b38_C" "chr19_44169781_G_A_b38_G"

=====================================
Tissue: Adipose Tissue 
=====================================
[1] TRUE
Running SuSiE.

=====================================
Tissue: Adrenal Gland 
=====================================
[1] TRUE
Running SuSiE.

=====================================
Tissue: Blood 
=====================================
[1] TRUE
Running SuSiE.

=====================================
Tissue: Blood Vessel 
=====================================
[1] TRUE
Running SuSiE.

=====================================
Tissue: Brain 
=====================================
[1] TRUE
Running SuSiE.

=====================================
Tissue: Breast 
=====================================
[1] TRUE
Running SuSiE.

=====================================
Tissue: Colon 
=====================================
[1] TRUE
Running SuSiE.

=====================================
Tissue: Esophagus 
=====================================
[1] TRUE
Running SuSiE.

=====================================
Tissue: Heart 
=====================================
[1] TRUE
Running SuSiE.

=====================================
Tissue: Kidney 
=====================================
[1] TRUE
Running SuSiE.

=====================================
Tissue: Liver 
=====================================
[1] TRUE
Running SuSiE.

=====================================
Tissue: Lung 
=====================================
[1] TRUE
Running SuSiE.

=====================================
Tissue: Muscle 
=====================================
[1] TRUE
Running SuSiE.

=====================================
Tissue: Nerve 
=====================================
[1] TRUE
Running SuSiE.

=====================================
Tissue: Ovary 
=====================================
[1] TRUE
Running SuSiE.

=====================================
Tissue: Pancreas 
=====================================
[1] TRUE
Running SuSiE.

=====================================
Tissue: Pituitary 
=====================================
[1] TRUE
Running SuSiE.

=====================================
Tissue: Prostate 
=====================================
[1] TRUE
Running SuSiE.

=====================================
Tissue: Salivary Gland 
=====================================
[1] TRUE
Running SuSiE.

=====================================
Tissue: Skin 
=====================================
[1] TRUE
Running SuSiE.

=====================================
Tissue: Small Intestine 
=====================================
[1] TRUE
Running SuSiE.

=====================================
Tissue: Spleen 
=====================================
[1] TRUE
Running SuSiE.

=====================================
Tissue: Stomach 
=====================================
[1] TRUE
Running SuSiE.

=====================================
Tissue: Testis 
=====================================
[1] TRUE
Running SuSiE.

=====================================
Tissue: Thyroid 
=====================================
[1] TRUE
Running SuSiE.

=====================================
Tissue: Uterus 
=====================================
[1] TRUE
Running SuSiE.

=====================================
Tissue: Vagina 
=====================================
[1] TRUE
Running SuSiE.
[2026-09-01 14:32:36] starting PLB1
Importing covariate data.
Importing gene expression data.
Found 27 tissues for gene PLB1 :
 [1] "Adipose Tissue"  "Adrenal Gland"   "Blood"           "Blood Vessel"   
 [5] "Brain"           "Breast"          "Colon"           "Esophagus"      
 [9] "Heart"           "Kidney"          "Liver"           "Lung"           
[13] "Muscle"          "Nerve"           "Ovary"           "Pancreas"       
[17] "Pituitary"       "Prostate"        "Salivary Gland"  "Skin"           
[21] "Small Intestine" "Spleen"          "Stomach"         "Testis"         
[25] "Thyroid"         "Uterus"          "Vagina"         
Extracting genotype data from PLINK file.
PLINK v2.0.0-a.7LM 64-bit Intel (11 Mar 2026)       cog-genomics.org/plink/2.0/
(C) 2005-2026 Shaun Purcell, Christopher Chang    GNU General Public License v3
Logging to /project2/mstephens/wdenault/susie_mix/temp_plink/plink_PLB1.log.
Options in effect:
  --bfile /project2/mstephens/gtex/GTEx_Analysis_2017-06-05_v8_WholeGenomeSeq_866Indiv
  --chr 2
  --export A
  --from-bp 27957145
  --maf 0
  --max-alleles 2
  --memory 8000
  --out /project2/mstephens/wdenault/susie_mix/temp_plink/plink_PLB1
  --rm-dup exclude-all
  --snps-only
  --threads 2
  --to-bp 28957145

Start time: Tue Sep  1 14:33:43 2026
63721 MiB RAM detected, ~30807 available; reserving 8000 MiB for main
workspace.
Using up to 2 compute threads.
866 samples (0 females, 0 males, 866 ambiguous; 866 founders) loaded from
/project2/mstephens/gtex/GTEx_Analysis_2017-06-05_v8_WholeGenomeSeq_866Indiv.fam.
67234533 variants in
/project2/mstephens/gtex/GTEx_Analysis_2017-06-05_v8_WholeGenomeSeq_866Indiv.bim;
62634692 excluded by --chr + --max-alleles + --snps-only, 4599841 remaining.
Note: No phenotype data present.
Note: Skipping --rm-dup since no duplicate IDs are present.
17227 variants remaining after main filters.
--export A pass 1/1: loading... 0%71% writing... 0%1%2%3%4%5%6%7%8%9%10%11%12%13%14%15%16%17%18%19%20%21%22%23%24%25%26%27%28%29%30%31%32%33%34%35%36%37%38%39%40%41%42%43%44%45%46%47%48%49%50%51%52%53%54%55%56%57%58%59%60%61%62%63%64%65%66%67%68%69%70%71%72%73%74%75%76%77%78%79%80%81%82%83%84%85%86%87%88%89%90%91%92%93%94%95%96%97%98%99% done.
--export A: /project2/mstephens/wdenault/susie_mix/temp_plink/plink_PLB1.raw
written.
End time: Tue Sep  1 14:33:48 2026
7 SNP(s) removed because HWE P < 1e-08 :
[1] "chr2_28317079_G_A_b38_G" "chr2_28381966_C_T_b38_C"
[3] "chr2_28382867_A_G_b38_A" "chr2_28393978_A_C_b38_A"
[5] "chr2_28437561_A_C_b38_A" "chr2_28625908_G_C_b38_G"
[7] "chr2_28633591_C_T_b38_C"

=====================================
Tissue: Adipose Tissue 
=====================================
[1] TRUE
Running SuSiE.

=====================================
Tissue: Adrenal Gland 
=====================================
[1] TRUE
Running SuSiE.

=====================================
Tissue: Blood 
=====================================
[1] TRUE
Running SuSiE.

=====================================
Tissue: Blood Vessel 
=====================================
[1] TRUE
Running SuSiE.

=====================================
Tissue: Brain 
=====================================
[1] TRUE
Running SuSiE.

=====================================
Tissue: Breast 
=====================================
[1] TRUE
Running SuSiE.

=====================================
Tissue: Colon 
=====================================
[1] TRUE
Running SuSiE.

=====================================
Tissue: Esophagus 
=====================================
[1] TRUE
Running SuSiE.

=====================================
Tissue: Heart 
=====================================
[1] TRUE
Running SuSiE.

=====================================
Tissue: Kidney 
=====================================
[1] TRUE
Running SuSiE.

=====================================
Tissue: Liver 
=====================================
[1] TRUE
Running SuSiE.

=====================================
Tissue: Lung 
=====================================
[1] TRUE
Running SuSiE.

=====================================
Tissue: Muscle 
=====================================
[1] TRUE
Running SuSiE.

=====================================
Tissue: Nerve 
=====================================
[1] TRUE
Running SuSiE.

=====================================
Tissue: Ovary 
=====================================
[1] TRUE
Running SuSiE.

=====================================
Tissue: Pancreas 
=====================================
[1] TRUE
Running SuSiE.

=====================================
Tissue: Pituitary 
=====================================
[1] TRUE
Running SuSiE.

=====================================
Tissue: Prostate 
=====================================
[1] TRUE
Running SuSiE.

=====================================
Tissue: Salivary Gland 
=====================================
[1] TRUE
Running SuSiE.

=====================================
Tissue: Skin 
=====================================
[1] TRUE
Running SuSiE.

=====================================
Tissue: Small Intestine 
=====================================
[1] TRUE
Running SuSiE.

=====================================
Tissue: Spleen 
=====================================
[1] TRUE
Running SuSiE.

=====================================
Tissue: Stomach 
=====================================
[1] TRUE
Running SuSiE.

=====================================
Tissue: Testis 
=====================================
[1] TRUE
Running SuSiE.

=====================================
Tissue: Thyroid 
=====================================
[1] TRUE
Running SuSiE.

=====================================
Tissue: Uterus 
=====================================
[1] TRUE
Running SuSiE.

=====================================
Tissue: Vagina 
=====================================
[1] TRUE
Running SuSiE.
[2026-09-01 14:35:32] starting PLBD1
Importing covariate data.
Importing gene expression data.
Found 27 tissues for gene PLBD1 :
 [1] "Adipose Tissue"  "Adrenal Gland"   "Blood"           "Blood Vessel"   
 [5] "Brain"           "Breast"          "Colon"           "Esophagus"      
 [9] "Heart"           "Kidney"          "Liver"           "Lung"           
[13] "Muscle"          "Nerve"           "Ovary"           "Pancreas"       
[17] "Pituitary"       "Prostate"        "Salivary Gland"  "Skin"           
[21] "Small Intestine" "Spleen"          "Stomach"         "Testis"         
[25] "Thyroid"         "Uterus"          "Vagina"         
Extracting genotype data from PLINK file.
PLINK v2.0.0-a.7LM 64-bit Intel (11 Mar 2026)       cog-genomics.org/plink/2.0/
(C) 2005-2026 Shaun Purcell, Christopher Chang    GNU General Public License v3
Logging to /project2/mstephens/wdenault/susie_mix/temp_plink/plink_PLBD1.log.
Options in effect:
  --bfile /project2/mstephens/gtex/GTEx_Analysis_2017-06-05_v8_WholeGenomeSeq_866Indiv
  --chr 12
  --export A
  --from-bp 14067883
  --maf 0
  --max-alleles 2
  --memory 8000
  --out /project2/mstephens/wdenault/susie_mix/temp_plink/plink_PLBD1
  --rm-dup exclude-all
  --snps-only
  --threads 2
  --to-bp 15067883

Start time: Tue Sep  1 14:36:38 2026
63721 MiB RAM detected, ~30846 available; reserving 8000 MiB for main
workspace.
Using up to 2 compute threads.
866 samples (0 females, 0 males, 866 ambiguous; 866 founders) loaded from
/project2/mstephens/gtex/GTEx_Analysis_2017-06-05_v8_WholeGenomeSeq_866Indiv.fam.
67234533 variants in
/project2/mstephens/gtex/GTEx_Analysis_2017-06-05_v8_WholeGenomeSeq_866Indiv.bim;
64641234 excluded by --chr + --max-alleles + --snps-only, 2593299 remaining.
Note: No phenotype data present.
Note: Skipping --rm-dup since no duplicate IDs are present.
18426 variants remaining after main filters.
--export A pass 1/1: loading... 0%writing... 0%1%2%3%4%5%6%7%8%9%10%11%12%13%14%15%16%17%18%19%20%21%22%23%24%25%26%27%28%29%30%31%32%33%34%35%36%37%38%39%40%41%42%43%44%45%46%47%48%49%50%51%52%53%54%55%56%57%58%59%60%61%62%63%64%65%66%67%68%69%70%71%72%73%74%75%76%77%78%79%80%81%82%83%84%85%86%87%88%89%90%91%92%93%94%95%96%97%98%99% done.
--export A: /project2/mstephens/wdenault/susie_mix/temp_plink/plink_PLBD1.raw
written.
End time: Tue Sep  1 14:36:44 2026
54 SNP(s) removed because HWE P < 1e-08 :
 [1] "chr12_14202531_C_T_b38_C" "chr12_14203359_C_T_b38_C"
 [3] "chr12_14203414_T_C_b38_T" "chr12_14205905_C_T_b38_C"
 [5] "chr12_14206186_A_C_b38_A" "chr12_14207565_A_G_b38_A"
 [7] "chr12_14208150_A_G_b38_A" "chr12_14211988_A_T_b38_A"
 [9] "chr12_14216085_A_G_b38_A" "chr12_14336855_C_T_b38_C"
[11] "chr12_14342603_T_G_b38_T" "chr12_14343624_C_G_b38_C"
[13] "chr12_14481296_T_A_b38_T" "chr12_14509256_A_C_b38_A"
[15] "chr12_14570383_T_C_b38_T" "chr12_14571905_G_A_b38_G"
[17] "chr12_14579194_G_A_b38_G" "chr12_14580450_G_A_b38_G"
[19] "chr12_14584426_T_G_b38_T" "chr12_14588127_T_C_b38_T"
[21] "chr12_14591534_G_A_b38_G" "chr12_14597038_T_C_b38_T"
[23] "chr12_14611816_A_G_b38_A" "chr12_14614011_C_A_b38_C"
[25] "chr12_14621315_G_C_b38_G" "chr12_14622791_A_T_b38_A"
[27] "chr12_14623377_T_C_b38_T" "chr12_14623627_G_A_b38_G"
[29] "chr12_14626208_C_A_b38_C" "chr12_14627587_A_C_b38_A"
[31] "chr12_14628170_G_A_b38_G" "chr12_14629264_G_C_b38_G"
[33] "chr12_14630463_G_C_b38_G" "chr12_14630890_A_C_b38_A"
[35] "chr12_14630967_G_A_b38_G" "chr12_14633477_A_G_b38_A"
[37] "chr12_14634699_G_A_b38_G" "chr12_14635871_C_A_b38_C"
[39] "chr12_14638965_T_C_b38_T" "chr12_14640220_C_T_b38_C"
[41] "chr12_14640286_G_A_b38_G" "chr12_14641128_G_A_b38_G"
[43] "chr12_14644676_T_G_b38_T" "chr12_14645591_C_T_b38_C"
[45] "chr12_14653536_G_A_b38_G" "chr12_14653937_G_C_b38_G"
[47] "chr12_14663629_G_A_b38_G" "chr12_14705653_G_T_b38_G"
[49] "chr12_14705681_T_C_b38_T" "chr12_14708051_G_A_b38_G"
[51] "chr12_14708057_C_T_b38_C" "chr12_14708115_G_A_b38_G"
[53] "chr12_14708118_G_T_b38_G" "chr12_14708128_T_C_b38_T"

=====================================
Tissue: Adipose Tissue 
=====================================
[1] TRUE
Running SuSiE.

=====================================
Tissue: Adrenal Gland 
=====================================
[1] TRUE
Running SuSiE.

=====================================
Tissue: Blood 
=====================================
[1] TRUE
Running SuSiE.

=====================================
Tissue: Blood Vessel 
=====================================
[1] TRUE
Running SuSiE.

=====================================
Tissue: Brain 
=====================================
[1] TRUE
Running SuSiE.

=====================================
Tissue: Breast 
=====================================
[1] TRUE
Running SuSiE.

=====================================
Tissue: Colon 
=====================================
[1] TRUE
Running SuSiE.

=====================================
Tissue: Esophagus 
=====================================
[1] TRUE
Running SuSiE.

=====================================
Tissue: Heart 
=====================================
[1] TRUE
Running SuSiE.

=====================================
Tissue: Kidney 
=====================================
[1] TRUE
Running SuSiE.

=====================================
Tissue: Liver 
=====================================
[1] TRUE
Running SuSiE.

=====================================
Tissue: Lung 
=====================================
[1] TRUE
Running SuSiE.

=====================================
Tissue: Muscle 
=====================================
[1] TRUE
Running SuSiE.

=====================================
Tissue: Nerve 
=====================================
[1] TRUE
Running SuSiE.

=====================================
Tissue: Ovary 
=====================================
[1] TRUE
Running SuSiE.

=====================================
Tissue: Pancreas 
=====================================
[1] TRUE
Running SuSiE.

=====================================
Tissue: Pituitary 
=====================================
[1] TRUE
Running SuSiE.

=====================================
Tissue: Prostate 
=====================================
[1] TRUE
Running SuSiE.

=====================================
Tissue: Salivary Gland 
=====================================
[1] TRUE
Running SuSiE.

=====================================
Tissue: Skin 
=====================================
[1] TRUE
Running SuSiE.

=====================================
Tissue: Small Intestine 
=====================================
[1] TRUE
Running SuSiE.

=====================================
Tissue: Spleen 
=====================================
[1] TRUE
Running SuSiE.

=====================================
Tissue: Stomach 
=====================================
[1] TRUE
Running SuSiE.

=====================================
Tissue: Testis 
=====================================
[1] TRUE
Running SuSiE.

=====================================
Tissue: Thyroid 
=====================================
[1] TRUE
Running SuSiE.

=====================================
Tissue: Uterus 
=====================================
[1] TRUE
Running SuSiE.

=====================================
Tissue: Vagina 
=====================================
[1] TRUE
Running SuSiE.
[2026-09-01 14:38:34] starting PLBD2
Importing covariate data.
Importing gene expression data.
Found 27 tissues for gene PLBD2 :
 [1] "Adipose Tissue"  "Adrenal Gland"   "Blood"           "Blood Vessel"   
 [5] "Brain"           "Breast"          "Colon"           "Esophagus"      
 [9] "Heart"           "Kidney"          "Liver"           "Lung"           
[13] "Muscle"          "Nerve"           "Ovary"           "Pancreas"       
[17] "Pituitary"       "Prostate"        "Salivary Gland"  "Skin"           
[21] "Small Intestine" "Spleen"          "Stomach"         "Testis"         
[25] "Thyroid"         "Uterus"          "Vagina"         
Extracting genotype data from PLINK file.
PLINK v2.0.0-a.7LM 64-bit Intel (11 Mar 2026)       cog-genomics.org/plink/2.0/
(C) 2005-2026 Shaun Purcell, Christopher Chang    GNU General Public License v3
Logging to /project2/mstephens/wdenault/susie_mix/temp_plink/plink_PLBD2.log.
Options in effect:
  --bfile /project2/mstephens/gtex/GTEx_Analysis_2017-06-05_v8_WholeGenomeSeq_866Indiv
  --chr 12
  --export A
  --from-bp 112858566
  --maf 0
  --max-alleles 2
  --memory 8000
  --out /project2/mstephens/wdenault/susie_mix/temp_plink/plink_PLBD2
  --rm-dup exclude-all
  --snps-only
  --threads 2
  --to-bp 113858566

Start time: Tue Sep  1 14:39:41 2026
63721 MiB RAM detected, ~30847 available; reserving 8000 MiB for main
workspace.
Using up to 2 compute threads.
866 samples (0 females, 0 males, 866 ambiguous; 866 founders) loaded from
/project2/mstephens/gtex/GTEx_Analysis_2017-06-05_v8_WholeGenomeSeq_866Indiv.fam.
67234533 variants in
/project2/mstephens/gtex/GTEx_Analysis_2017-06-05_v8_WholeGenomeSeq_866Indiv.bim;
64641234 excluded by --chr + --max-alleles + --snps-only, 2593299 remaining.
Note: No phenotype data present.
Note: Skipping --rm-dup since no duplicate IDs are present.
18212 variants remaining after main filters.
--export A pass 1/1: loading... 0%39% writing... 0%1%2%3%4%5%6%7%8%9%10%11%12%13%14%15%16%17%18%19%20%21%22%23%24%25%26%27%28%29%30%31%32%33%34%35%36%37%38%39%40%41%42%43%44%45%46%47%48%49%50%51%52%53%54%55%56%57%58%59%60%61%62%63%64%65%66%67%68%69%70%71%72%73%74%75%76%77%78%79%80%81%82%83%84%85%86%87%88%89%90%91%92%93%94%95%96%97%98%99% done.
--export A: /project2/mstephens/wdenault/susie_mix/temp_plink/plink_PLBD2.raw
written.
End time: Tue Sep  1 14:39:46 2026
6 SNP(s) removed because HWE P < 1e-08 :
[1] "chr12_113015111_G_A_b38_G" "chr12_113015137_T_C_b38_T"
[3] "chr12_113019812_C_A_b38_C" "chr12_113587739_C_T_b38_C"
[5] "chr12_113686308_A_T_b38_A" "chr12_113719022_C_G_b38_C"

=====================================
Tissue: Adipose Tissue 
=====================================
[1] TRUE
Running SuSiE.

=====================================
Tissue: Adrenal Gland 
=====================================
[1] TRUE
Running SuSiE.

=====================================
Tissue: Blood 
=====================================
[1] TRUE
Running SuSiE.

=====================================
Tissue: Blood Vessel 
=====================================
[1] TRUE
Running SuSiE.

=====================================
Tissue: Brain 
=====================================
[1] TRUE
Running SuSiE.

=====================================
Tissue: Breast 
=====================================
[1] TRUE
Running SuSiE.

=====================================
Tissue: Colon 
=====================================
[1] TRUE
Running SuSiE.

=====================================
Tissue: Esophagus 
=====================================
[1] TRUE
Running SuSiE.

=====================================
Tissue: Heart 
=====================================
[1] TRUE
Running SuSiE.

=====================================
Tissue: Kidney 
=====================================
[1] TRUE
Running SuSiE.

=====================================
Tissue: Liver 
=====================================
[1] TRUE
Running SuSiE.

=====================================
Tissue: Lung 
=====================================
[1] TRUE
Running SuSiE.

=====================================
Tissue: Muscle 
=====================================
[1] TRUE
Running SuSiE.

=====================================
Tissue: Nerve 
=====================================
[1] TRUE
Running SuSiE.

=====================================
Tissue: Ovary 
=====================================
[1] TRUE
Running SuSiE.

=====================================
Tissue: Pancreas 
=====================================
[1] TRUE
Running SuSiE.

=====================================
Tissue: Pituitary 
=====================================
[1] TRUE
Running SuSiE.

=====================================
Tissue: Prostate 
=====================================
[1] TRUE
Running SuSiE.

=====================================
Tissue: Salivary Gland 
=====================================
[1] TRUE
Running SuSiE.

=====================================
Tissue: Skin 
=====================================
[1] TRUE
Running SuSiE.

=====================================
Tissue: Small Intestine 
=====================================
[1] TRUE
Running SuSiE.

=====================================
Tissue: Spleen 
=====================================
[1] TRUE
Running SuSiE.

=====================================
Tissue: Stomach 
=====================================
[1] TRUE
Running SuSiE.

=====================================
Tissue: Testis 
=====================================
[1] TRUE
Running SuSiE.

=====================================
Tissue: Thyroid 
=====================================
[1] TRUE
Running SuSiE.

=====================================
Tissue: Uterus 
=====================================
[1] TRUE
Running SuSiE.

=====================================
Tissue: Vagina 
=====================================
[1] TRUE
Running SuSiE.
[2026-09-01 14:41:53] starting PLCB1
Importing covariate data.
Importing gene expression data.
Found 27 tissues for gene PLCB1 :
 [1] "Adipose Tissue"  "Adrenal Gland"   "Blood"           "Blood Vessel"   
 [5] "Brain"           "Breast"          "Colon"           "Esophagus"      
 [9] "Heart"           "Kidney"          "Liver"           "Lung"           
[13] "Muscle"          "Nerve"           "Ovary"           "Pancreas"       
[17] "Pituitary"       "Prostate"        "Salivary Gland"  "Skin"           
[21] "Small Intestine" "Spleen"          "Stomach"         "Testis"         
[25] "Thyroid"         "Uterus"          "Vagina"         
Extracting genotype data from PLINK file.
PLINK v2.0.0-a.7LM 64-bit Intel (11 Mar 2026)       cog-genomics.org/plink/2.0/
(C) 2005-2026 Shaun Purcell, Christopher Chang    GNU General Public License v3
Logging to /project2/mstephens/wdenault/susie_mix/temp_plink/plink_PLCB1.log.
Options in effect:
  --bfile /project2/mstephens/gtex/GTEx_Analysis_2017-06-05_v8_WholeGenomeSeq_866Indiv
  --chr 20
  --export A
  --from-bp 7577251
  --maf 0
  --max-alleles 2
  --memory 8000
  --out /project2/mstephens/wdenault/susie_mix/temp_plink/plink_PLCB1
  --rm-dup exclude-all
  --snps-only
  --threads 2
  --to-bp 8577251

Start time: Tue Sep  1 14:42:58 2026
63721 MiB RAM detected, ~30823 available; reserving 8000 MiB for main
workspace.
Using up to 2 compute threads.
866 samples (0 females, 0 males, 866 ambiguous; 866 founders) loaded from
/project2/mstephens/gtex/GTEx_Analysis_2017-06-05_v8_WholeGenomeSeq_866Indiv.fam.
67234533 variants in
/project2/mstephens/gtex/GTEx_Analysis_2017-06-05_v8_WholeGenomeSeq_866Indiv.bim;
65857659 excluded by --chr + --max-alleles + --snps-only, 1376874 remaining.
Note: No phenotype data present.
Note: Skipping --rm-dup since no duplicate IDs are present.
17708 variants remaining after main filters.
--export A pass 1/1: loading... 0%writing... 0%1%2%3%4%5%6%7%8%9%10%11%12%13%14%15%16%17%18%19%20%21%22%23%24%25%26%27%28%29%30%31%32%33%34%35%36%37%38%39%40%41%42%43%44%45%46%47%48%49%50%51%52%53%54%55%56%57%58%59%60%61%62%63%64%65%66%67%68%69%70%71%72%73%74%75%76%77%78%79%80%81%82%83%84%85%86%87%88%89%90%91%92%93%94%95%96%97%98%99% done.
--export A: /project2/mstephens/wdenault/susie_mix/temp_plink/plink_PLCB1.raw
written.
End time: Tue Sep  1 14:43:03 2026
59 SNP(s) removed because HWE P < 1e-08 :
 [1] "chr20_7718989_C_G_b38_C" "chr20_7729920_C_T_b38_C"
 [3] "chr20_7731803_T_C_b38_T" "chr20_7734236_A_T_b38_A"
 [5] "chr20_7735221_C_T_b38_C" "chr20_7739062_A_G_b38_A"
 [7] "chr20_7739947_A_G_b38_A" "chr20_7749377_A_C_b38_A"
 [9] "chr20_7758053_T_C_b38_T" "chr20_7825158_G_A_b38_G"
[11] "chr20_7867548_A_G_b38_A" "chr20_7867900_T_C_b38_T"
[13] "chr20_7867950_T_C_b38_T" "chr20_7868950_A_C_b38_A"
[15] "chr20_7869240_G_A_b38_G" "chr20_7869280_A_G_b38_A"
[17] "chr20_7869469_A_T_b38_A" "chr20_7869724_G_T_b38_G"
[19] "chr20_7869850_A_G_b38_A" "chr20_7870480_A_G_b38_A"
[21] "chr20_7870750_A_T_b38_A" "chr20_7871065_A_T_b38_A"
[23] "chr20_7873708_A_G_b38_A" "chr20_7873814_G_A_b38_G"
[25] "chr20_7874267_G_C_b38_G" "chr20_7874567_C_T_b38_C"
[27] "chr20_7874865_A_G_b38_A" "chr20_7874895_T_A_b38_T"
[29] "chr20_7876057_G_T_b38_G" "chr20_7876106_G_A_b38_G"
[31] "chr20_7876221_T_C_b38_T" "chr20_7885614_G_C_b38_G"
[33] "chr20_7887571_C_T_b38_C" "chr20_7888378_A_G_b38_A"
[35] "chr20_7891135_A_G_b38_A" "chr20_7891240_T_G_b38_T"
[37] "chr20_7892175_C_T_b38_C" "chr20_7892465_A_G_b38_A"
[39] "chr20_7892657_C_T_b38_C" "chr20_7894690_T_C_b38_T"
[41] "chr20_7945936_C_T_b38_C" "chr20_7962107_C_T_b38_C"
[43] "chr20_7979495_G_T_b38_G" "chr20_7980265_A_C_b38_A"
[45] "chr20_7981481_C_T_b38_C" "chr20_7982394_C_T_b38_C"
[47] "chr20_7984395_A_G_b38_A" "chr20_7984948_C_T_b38_C"
[49] "chr20_7988173_C_G_b38_C" "chr20_7988936_T_A_b38_T"
[51] "chr20_7988955_A_G_b38_A" "chr20_8000271_G_C_b38_G"
[53] "chr20_8000430_C_T_b38_C" "chr20_8003925_G_A_b38_G"
[55] "chr20_8005333_C_T_b38_C" "chr20_8005448_T_G_b38_T"
[57] "chr20_8015093_G_T_b38_G" "chr20_8016386_C_T_b38_C"
[59] "chr20_8514062_C_T_b38_C"

=====================================
Tissue: Adipose Tissue 
=====================================
[1] TRUE
Running SuSiE.

=====================================
Tissue: Adrenal Gland 
=====================================
[1] TRUE
Running SuSiE.

=====================================
Tissue: Blood 
=====================================
[1] TRUE
Running SuSiE.

=====================================
Tissue: Blood Vessel 
=====================================
[1] TRUE
Running SuSiE.

=====================================
Tissue: Brain 
=====================================
[1] TRUE
Running SuSiE.

=====================================
Tissue: Breast 
=====================================
[1] TRUE
Running SuSiE.

=====================================
Tissue: Colon 
=====================================
[1] TRUE
Running SuSiE.

=====================================
Tissue: Esophagus 
=====================================
[1] TRUE
Running SuSiE.

=====================================
Tissue: Heart 
=====================================
[1] TRUE
Running SuSiE.

=====================================
Tissue: Kidney 
=====================================
[1] TRUE
Running SuSiE.

=====================================
Tissue: Liver 
=====================================
[1] TRUE
Running SuSiE.

=====================================
Tissue: Lung 
=====================================
[1] TRUE
Running SuSiE.

=====================================
Tissue: Muscle 
=====================================
[1] TRUE
Running SuSiE.

=====================================
Tissue: Nerve 
=====================================
[1] TRUE
Running SuSiE.

=====================================
Tissue: Ovary 
=====================================
[1] TRUE
Running SuSiE.

=====================================
Tissue: Pancreas 
=====================================
[1] TRUE
Running SuSiE.

=====================================
Tissue: Pituitary 
=====================================
[1] TRUE
Running SuSiE.

=====================================
Tissue: Prostate 
=====================================
[1] TRUE
Running SuSiE.

=====================================
Tissue: Salivary Gland 
=====================================
[1] TRUE
Running SuSiE.

=====================================
Tissue: Skin 
=====================================
[1] TRUE
Running SuSiE.

=====================================
Tissue: Small Intestine 
=====================================
[1] TRUE
Running SuSiE.

=====================================
Tissue: Spleen 
=====================================
[1] TRUE
Running SuSiE.

=====================================
Tissue: Stomach 
=====================================
[1] TRUE
Running SuSiE.

=====================================
Tissue: Testis 
=====================================
[1] TRUE
Running SuSiE.

=====================================
Tissue: Thyroid 
=====================================
[1] TRUE
Running SuSiE.

=====================================
Tissue: Uterus 
=====================================
[1] TRUE
Running SuSiE.

=====================================
Tissue: Vagina 
=====================================
[1] TRUE
Running SuSiE.
[2026-09-01 14:45:05] starting PLCB2
Importing covariate data.
Importing gene expression data.
Found 27 tissues for gene PLCB2 :
 [1] "Adipose Tissue"  "Adrenal Gland"   "Blood"           "Blood Vessel"   
 [5] "Brain"           "Breast"          "Colon"           "Esophagus"      
 [9] "Heart"           "Kidney"          "Liver"           "Lung"           
[13] "Muscle"          "Nerve"           "Ovary"           "Pancreas"       
[17] "Pituitary"       "Prostate"        "Salivary Gland"  "Skin"           
[21] "Small Intestine" "Spleen"          "Stomach"         "Testis"         
[25] "Thyroid"         "Uterus"          "Vagina"         
Extracting genotype data from PLINK file.
PLINK v2.0.0-a.7LM 64-bit Intel (11 Mar 2026)       cog-genomics.org/plink/2.0/
(C) 2005-2026 Shaun Purcell, Christopher Chang    GNU General Public License v3
Logging to /project2/mstephens/wdenault/susie_mix/temp_plink/plink_PLCB2.log.
Options in effect:
  --bfile /project2/mstephens/gtex/GTEx_Analysis_2017-06-05_v8_WholeGenomeSeq_866Indiv
  --chr 15
  --export A
  --from-bp 39807935
  --maf 0
  --max-alleles 2
  --memory 8000
  --out /project2/mstephens/wdenault/susie_mix/temp_plink/plink_PLCB2
  --rm-dup exclude-all
  --snps-only
  --threads 2
  --to-bp 40807935

Start time: Tue Sep  1 14:46:10 2026
63721 MiB RAM detected, ~34566 available; reserving 8000 MiB for main
workspace.
Using up to 2 compute threads.
866 samples (0 females, 0 males, 866 ambiguous; 866 founders) loaded from
/project2/mstephens/gtex/GTEx_Analysis_2017-06-05_v8_WholeGenomeSeq_866Indiv.fam.
67234533 variants in
/project2/mstephens/gtex/GTEx_Analysis_2017-06-05_v8_WholeGenomeSeq_866Indiv.bim;
65613623 excluded by --chr + --max-alleles + --snps-only, 1620910 remaining.
Note: No phenotype data present.
Note: Skipping --rm-dup since no duplicate IDs are present.
17838 variants remaining after main filters.
--export A pass 1/1: loading... 0%writing... 0%1%2%3%4%5%6%7%8%9%10%11%12%13%14%15%16%17%18%19%20%21%22%23%24%25%26%27%28%29%30%31%32%33%34%35%36%37%38%39%40%41%42%43%44%45%46%47%48%49%50%51%52%53%54%55%56%57%58%59%60%61%62%63%64%65%66%67%68%69%70%71%72%73%74%75%76%77%78%79%80%81%82%83%84%85%86%87%88%89%90%91%92%93%94%95%96%97%98%99% done.
--export A: /project2/mstephens/wdenault/susie_mix/temp_plink/plink_PLCB2.raw
written.
End time: Tue Sep  1 14:46:16 2026
19 SNP(s) removed because HWE P < 1e-08 :
 [1] "chr15_39991073_G_A_b38_G" "chr15_39992919_A_G_b38_A"
 [3] "chr15_39993138_A_G_b38_A" "chr15_39993916_T_C_b38_T"
 [5] "chr15_39994075_C_A_b38_C" "chr15_39994672_C_T_b38_C"
 [7] "chr15_39998280_T_G_b38_T" "chr15_40024649_C_T_b38_C"
 [9] "chr15_40025314_C_T_b38_C" "chr15_40025608_A_G_b38_A"
[11] "chr15_40149419_A_G_b38_A" "chr15_40225211_T_A_b38_T"
[13] "chr15_40289932_A_T_b38_A" "chr15_40395449_A_C_b38_A"
[15] "chr15_40467148_G_A_b38_G" "chr15_40467917_G_C_b38_G"
[17] "chr15_40475982_C_A_b38_C" "chr15_40804148_G_T_b38_G"
[19] "chr15_40804162_C_A_b38_C"

=====================================
Tissue: Adipose Tissue 
=====================================
[1] TRUE
Running SuSiE.

=====================================
Tissue: Adrenal Gland 
=====================================
[1] TRUE
Running SuSiE.

=====================================
Tissue: Blood 
=====================================
[1] TRUE
Running SuSiE.

=====================================
Tissue: Blood Vessel 
=====================================
[1] TRUE
Running SuSiE.

=====================================
Tissue: Brain 
=====================================
[1] TRUE
Running SuSiE.

=====================================
Tissue: Breast 
=====================================
[1] TRUE
Running SuSiE.

=====================================
Tissue: Colon 
=====================================
[1] TRUE
Running SuSiE.

=====================================
Tissue: Esophagus 
=====================================
[1] TRUE
Running SuSiE.

=====================================
Tissue: Heart 
=====================================
[1] TRUE
Running SuSiE.

=====================================
Tissue: Kidney 
=====================================
[1] TRUE
Running SuSiE.

=====================================
Tissue: Liver 
=====================================
[1] TRUE
Running SuSiE.

=====================================
Tissue: Lung 
=====================================
[1] TRUE
Running SuSiE.

=====================================
Tissue: Muscle 
=====================================
[1] TRUE
Running SuSiE.

=====================================
Tissue: Nerve 
=====================================
[1] TRUE
Running SuSiE.

=====================================
Tissue: Ovary 
=====================================
[1] TRUE
Running SuSiE.

=====================================
Tissue: Pancreas 
=====================================
[1] TRUE
Running SuSiE.

=====================================
Tissue: Pituitary 
=====================================
[1] TRUE
Running SuSiE.

=====================================
Tissue: Prostate 
=====================================
[1] TRUE
Running SuSiE.

=====================================
Tissue: Salivary Gland 
=====================================
[1] TRUE
Running SuSiE.

=====================================
Tissue: Skin 
=====================================
[1] TRUE
Running SuSiE.

=====================================
Tissue: Small Intestine 
=====================================
[1] TRUE
Running SuSiE.

=====================================
Tissue: Spleen 
=====================================
[1] TRUE
Running SuSiE.

=====================================
Tissue: Stomach 
=====================================
[1] TRUE
Running SuSiE.

=====================================
Tissue: Testis 
=====================================
[1] TRUE
Running SuSiE.

=====================================
Tissue: Thyroid 
=====================================
[1] TRUE
Running SuSiE.

=====================================
Tissue: Uterus 
=====================================
[1] TRUE
Running SuSiE.

=====================================
Tissue: Vagina 
=====================================
[1] TRUE
Running SuSiE.
[2026-09-01 14:47:54] starting PLCB3
Importing covariate data.
Importing gene expression data.
Found 27 tissues for gene PLCB3 :
 [1] "Adipose Tissue"  "Adrenal Gland"   "Blood"           "Blood Vessel"   
 [5] "Brain"           "Breast"          "Colon"           "Esophagus"      
 [9] "Heart"           "Kidney"          "Liver"           "Lung"           
[13] "Muscle"          "Nerve"           "Ovary"           "Pancreas"       
[17] "Pituitary"       "Prostate"        "Salivary Gland"  "Skin"           
[21] "Small Intestine" "Spleen"          "Stomach"         "Testis"         
[25] "Thyroid"         "Uterus"          "Vagina"         
Extracting genotype data from PLINK file.
PLINK v2.0.0-a.7LM 64-bit Intel (11 Mar 2026)       cog-genomics.org/plink/2.0/
(C) 2005-2026 Shaun Purcell, Christopher Chang    GNU General Public License v3
Logging to /project2/mstephens/wdenault/susie_mix/temp_plink/plink_PLCB3.log.
Options in effect:
  --bfile /project2/mstephens/gtex/GTEx_Analysis_2017-06-05_v8_WholeGenomeSeq_866Indiv
  --chr 11
  --export A
  --from-bp 63751530
  --maf 0
  --max-alleles 2
  --memory 8000
  --out /project2/mstephens/wdenault/susie_mix/temp_plink/plink_PLCB3
  --rm-dup exclude-all
  --snps-only
  --threads 2
  --to-bp 64751530

Start time: Tue Sep  1 14:48:58 2026
63721 MiB RAM detected, ~34583 available; reserving 8000 MiB for main
workspace.
Using up to 2 compute threads.
866 samples (0 females, 0 males, 866 ambiguous; 866 founders) loaded from
/project2/mstephens/gtex/GTEx_Analysis_2017-06-05_v8_WholeGenomeSeq_866Indiv.fam.
67234533 variants in
/project2/mstephens/gtex/GTEx_Analysis_2017-06-05_v8_WholeGenomeSeq_866Indiv.bim;
64515227 excluded by --chr + --max-alleles + --snps-only, 2719306 remaining.
Note: No phenotype data present.
Note: Skipping --rm-dup since no duplicate IDs are present.
18111 variants remaining after main filters.
--export A pass 1/1: loading... 0%writing... 0%1%2%3%4%5%6%7%8%9%10%11%12%13%14%15%16%17%18%19%20%21%22%23%24%25%26%27%28%29%30%31%32%33%34%35%36%37%38%39%40%41%42%43%44%45%46%47%48%49%50%51%52%53%54%55%56%57%58%59%60%61%62%63%64%65%66%67%68%69%70%71%72%73%74%75%76%77%78%79%80%81%82%83%84%85%86%87%88%89%90%91%92%93%94%95%96%97%98%99% done.
--export A: /project2/mstephens/wdenault/susie_mix/temp_plink/plink_PLCB3.raw
written.
End time: Tue Sep  1 14:49:04 2026
70 SNP(s) removed because HWE P < 1e-08 :
 [1] "chr11_63830903_C_G_b38_C" "chr11_63830947_G_A_b38_G"
 [3] "chr11_63918694_A_G_b38_A" "chr11_63924420_G_A_b38_G"
 [5] "chr11_63930291_T_A_b38_T" "chr11_64011373_G_A_b38_G"
 [7] "chr11_64032541_T_C_b38_T" "chr11_64049555_G_T_b38_G"
 [9] "chr11_64049996_T_G_b38_T" "chr11_64054345_A_G_b38_A"
[11] "chr11_64069208_C_T_b38_C" "chr11_64076473_A_G_b38_A"
[13] "chr11_64098215_C_T_b38_C" "chr11_64114891_G_T_b38_G"
[15] "chr11_64114892_C_T_b38_C" "chr11_64116513_T_C_b38_T"
[17] "chr11_64116981_C_T_b38_C" "chr11_64154366_T_C_b38_T"
[19] "chr11_64183126_C_G_b38_C" "chr11_64183127_C_A_b38_C"
[21] "chr11_64199815_G_A_b38_G" "chr11_64201820_G_A_b38_G"
[23] "chr11_64202025_A_G_b38_A" "chr11_64202369_A_G_b38_A"
[25] "chr11_64226758_G_T_b38_G" "chr11_64228613_G_A_b38_G"
[27] "chr11_64268255_T_C_b38_T" "chr11_64280553_G_A_b38_G"
[29] "chr11_64285577_G_C_b38_G" "chr11_64289639_A_T_b38_A"
[31] "chr11_64291350_A_G_b38_A" "chr11_64299387_G_A_b38_G"
[33] "chr11_64301284_T_C_b38_T" "chr11_64302666_C_T_b38_C"
[35] "chr11_64310908_A_G_b38_A" "chr11_64314965_C_T_b38_C"
[37] "chr11_64315797_G_A_b38_G" "chr11_64315804_A_T_b38_A"
[39] "chr11_64315818_G_A_b38_G" "chr11_64315821_G_T_b38_G"
[41] "chr11_64315828_G_A_b38_G" "chr11_64315846_G_A_b38_G"
[43] "chr11_64315848_T_C_b38_T" "chr11_64315856_C_T_b38_C"
[45] "chr11_64315859_C_T_b38_C" "chr11_64334219_T_A_b38_T"
[47] "chr11_64416632_C_T_b38_C" "chr11_64448545_T_C_b38_T"
[49] "chr11_64495615_A_G_b38_A" "chr11_64499724_T_C_b38_T"
[51] "chr11_64499785_G_T_b38_G" "chr11_64500476_A_C_b38_A"
[53] "chr11_64501240_G_T_b38_G" "chr11_64522995_T_C_b38_T"
[55] "chr11_64571114_G_A_b38_G" "chr11_64574378_G_A_b38_G"
[57] "chr11_64595591_G_T_b38_G" "chr11_64596923_T_C_b38_T"
[59] "chr11_64719922_C_T_b38_C" "chr11_64722651_G_A_b38_G"
[61] "chr11_64725290_A_C_b38_A" "chr11_64727812_C_T_b38_C"
[63] "chr11_64731153_G_A_b38_G" "chr11_64732010_T_C_b38_T"
[65] "chr11_64732939_A_G_b38_A" "chr11_64739067_G_A_b38_G"
[67] "chr11_64743578_G_C_b38_G" "chr11_64743850_T_G_b38_T"
[69] "chr11_64749005_T_G_b38_T" "chr11_64749575_G_A_b38_G"

=====================================
Tissue: Adipose Tissue 
=====================================
[1] TRUE
Running SuSiE.

=====================================
Tissue: Adrenal Gland 
=====================================
[1] TRUE
Running SuSiE.

=====================================
Tissue: Blood 
=====================================
[1] TRUE
Running SuSiE.

=====================================
Tissue: Blood Vessel 
=====================================
[1] TRUE
Running SuSiE.

=====================================
Tissue: Brain 
=====================================
[1] TRUE
Running SuSiE.

=====================================
Tissue: Breast 
=====================================
[1] TRUE
Running SuSiE.

=====================================
Tissue: Colon 
=====================================
[1] TRUE
Running SuSiE.

=====================================
Tissue: Esophagus 
=====================================
[1] TRUE
Running SuSiE.

=====================================
Tissue: Heart 
=====================================
[1] TRUE
Running SuSiE.

=====================================
Tissue: Kidney 
=====================================
[1] TRUE
Running SuSiE.

=====================================
Tissue: Liver 
=====================================
[1] TRUE
Running SuSiE.

=====================================
Tissue: Lung 
=====================================
[1] TRUE
Running SuSiE.

=====================================
Tissue: Muscle 
=====================================
[1] TRUE
Running SuSiE.

=====================================
Tissue: Nerve 
=====================================
[1] TRUE
Running SuSiE.

=====================================
Tissue: Ovary 
=====================================
[1] TRUE
Running SuSiE.

=====================================
Tissue: Pancreas 
=====================================
[1] TRUE
Running SuSiE.

=====================================
Tissue: Pituitary 
=====================================
[1] TRUE
Running SuSiE.

=====================================
Tissue: Prostate 
=====================================
[1] TRUE
Running SuSiE.

=====================================
Tissue: Salivary Gland 
=====================================
[1] TRUE
Running SuSiE.

=====================================
Tissue: Skin 
=====================================
[1] TRUE
Running SuSiE.

=====================================
Tissue: Small Intestine 
=====================================
[1] TRUE
Running SuSiE.

=====================================
Tissue: Spleen 
=====================================
[1] TRUE
Running SuSiE.

=====================================
Tissue: Stomach 
=====================================
[1] TRUE
Running SuSiE.

=====================================
Tissue: Testis 
=====================================
[1] TRUE
Running SuSiE.

=====================================
Tissue: Thyroid 
=====================================
[1] TRUE
Running SuSiE.

=====================================
Tissue: Uterus 
=====================================
[1] TRUE
Running SuSiE.

=====================================
Tissue: Vagina 
=====================================
[1] TRUE
Running SuSiE.
[2026-09-01 14:50:13] starting PLCB4
Importing covariate data.
Importing gene expression data.
Found 27 tissues for gene PLCB4 :
 [1] "Adipose Tissue"  "Adrenal Gland"   "Blood"           "Blood Vessel"   
 [5] "Brain"           "Breast"          "Colon"           "Esophagus"      
 [9] "Heart"           "Kidney"          "Liver"           "Lung"           
[13] "Muscle"          "Nerve"           "Ovary"           "Pancreas"       
[17] "Pituitary"       "Prostate"        "Salivary Gland"  "Skin"           
[21] "Small Intestine" "Spleen"          "Stomach"         "Testis"         
[25] "Thyroid"         "Uterus"          "Vagina"         
Extracting genotype data from PLINK file.
PLINK v2.0.0-a.7LM 64-bit Intel (11 Mar 2026)       cog-genomics.org/plink/2.0/
(C) 2005-2026 Shaun Purcell, Christopher Chang    GNU General Public License v3
Logging to /project2/mstephens/wdenault/susie_mix/temp_plink/plink_PLCB4.log.
Options in effect:
  --bfile /project2/mstephens/gtex/GTEx_Analysis_2017-06-05_v8_WholeGenomeSeq_866Indiv
  --chr 20
  --export A
  --from-bp 8568763
  --maf 0
  --max-alleles 2
  --memory 8000
  --out /project2/mstephens/wdenault/susie_mix/temp_plink/plink_PLCB4
  --rm-dup exclude-all
  --snps-only
  --threads 2
  --to-bp 9568763

Start time: Tue Sep  1 14:51:19 2026
63721 MiB RAM detected, ~34546 available; reserving 8000 MiB for main
workspace.
Using up to 2 compute threads.
866 samples (0 females, 0 males, 866 ambiguous; 866 founders) loaded from
/project2/mstephens/gtex/GTEx_Analysis_2017-06-05_v8_WholeGenomeSeq_866Indiv.fam.
67234533 variants in
/project2/mstephens/gtex/GTEx_Analysis_2017-06-05_v8_WholeGenomeSeq_866Indiv.bim;
65857659 excluded by --chr + --max-alleles + --snps-only, 1376874 remaining.
Note: No phenotype data present.
Note: Skipping --rm-dup since no duplicate IDs are present.
16717 variants remaining after main filters.
--export A pass 1/1: loading... 0%writing... 0%1%2%3%4%5%6%7%8%9%10%11%12%13%14%15%16%17%18%19%20%21%22%23%24%25%26%27%28%29%30%31%32%33%34%35%36%37%38%39%40%41%42%43%44%45%46%47%48%49%50%51%52%53%54%55%56%57%58%59%60%61%62%63%64%65%66%67%68%69%70%71%72%73%74%75%76%77%78%79%80%81%82%83%84%85%86%87%88%89%90%91%92%93%94%95%96%97%98%99% done.
--export A: /project2/mstephens/wdenault/susie_mix/temp_plink/plink_PLCB4.raw
written.
End time: Tue Sep  1 14:51:24 2026
24 SNP(s) removed because HWE P < 1e-08 :
 [1] "chr20_8600744_C_T_b38_C" "chr20_8687574_G_A_b38_G"
 [3] "chr20_8689288_G_A_b38_G" "chr20_8692928_A_T_b38_A"
 [5] "chr20_8694392_T_C_b38_T" "chr20_8699207_G_T_b38_G"
 [7] "chr20_8699237_T_G_b38_T" "chr20_9038135_A_C_b38_A"
 [9] "chr20_9038148_G_A_b38_G" "chr20_9038803_T_A_b38_T"
[11] "chr20_9039765_G_C_b38_G" "chr20_9053270_C_T_b38_C"
[13] "chr20_9239737_G_A_b38_G" "chr20_9239831_C_T_b38_C"
[15] "chr20_9263135_C_T_b38_C" "chr20_9263520_G_T_b38_G"
[17] "chr20_9301289_G_A_b38_G" "chr20_9336392_G_C_b38_G"
[19] "chr20_9371607_T_C_b38_T" "chr20_9378212_T_C_b38_T"
[21] "chr20_9382571_T_C_b38_T" "chr20_9383816_T_G_b38_T"
[23] "chr20_9384656_T_C_b38_T" "chr20_9425105_C_T_b38_C"

=====================================
Tissue: Adipose Tissue 
=====================================
[1] TRUE
Running SuSiE.

=====================================
Tissue: Adrenal Gland 
=====================================
[1] TRUE
Running SuSiE.

=====================================
Tissue: Blood 
=====================================
[1] TRUE
Running SuSiE.

=====================================
Tissue: Blood Vessel 
=====================================
[1] TRUE
Running SuSiE.

=====================================
Tissue: Brain 
=====================================
[1] TRUE
Running SuSiE.

=====================================
Tissue: Breast 
=====================================
[1] TRUE
Running SuSiE.

=====================================
Tissue: Colon 
=====================================
[1] TRUE
Running SuSiE.

=====================================
Tissue: Esophagus 
=====================================
[1] TRUE
Running SuSiE.

=====================================
Tissue: Heart 
=====================================
[1] TRUE
Running SuSiE.

=====================================
Tissue: Kidney 
=====================================
[1] TRUE
Running SuSiE.

=====================================
Tissue: Liver 
=====================================
[1] TRUE
Running SuSiE.

=====================================
Tissue: Lung 
=====================================
[1] TRUE
Running SuSiE.

=====================================
Tissue: Muscle 
=====================================
[1] TRUE
Running SuSiE.

=====================================
Tissue: Nerve 
=====================================
[1] TRUE
Running SuSiE.

=====================================
Tissue: Ovary 
=====================================
[1] TRUE
Running SuSiE.

=====================================
Tissue: Pancreas 
=====================================
[1] TRUE
Running SuSiE.

=====================================
Tissue: Pituitary 
=====================================
[1] TRUE
Running SuSiE.

=====================================
Tissue: Prostate 
=====================================
[1] TRUE
Running SuSiE.

=====================================
Tissue: Salivary Gland 
=====================================
[1] TRUE
Running SuSiE.

=====================================
Tissue: Skin 
=====================================
[1] TRUE
Running SuSiE.

=====================================
Tissue: Small Intestine 
=====================================
[1] TRUE
Running SuSiE.

=====================================
Tissue: Spleen 
=====================================
[1] TRUE
Running SuSiE.

=====================================
Tissue: Stomach 
=====================================
[1] TRUE
Running SuSiE.

=====================================
Tissue: Testis 
=====================================
[1] TRUE
Running SuSiE.

=====================================
Tissue: Thyroid 
=====================================
[1] TRUE
Running SuSiE.

=====================================
Tissue: Uterus 
=====================================
[1] TRUE
Running SuSiE.

=====================================
Tissue: Vagina 
=====================================
[1] TRUE
Running SuSiE.
[2026-09-01 14:53:26] starting PLCD1
Importing covariate data.
Importing gene expression data.
Found 27 tissues for gene PLCD1 :
 [1] "Adipose Tissue"  "Adrenal Gland"   "Blood"           "Blood Vessel"   
 [5] "Brain"           "Breast"          "Colon"           "Esophagus"      
 [9] "Heart"           "Kidney"          "Liver"           "Lung"           
[13] "Muscle"          "Nerve"           "Ovary"           "Pancreas"       
[17] "Pituitary"       "Prostate"        "Salivary Gland"  "Skin"           
[21] "Small Intestine" "Spleen"          "Stomach"         "Testis"         
[25] "Thyroid"         "Uterus"          "Vagina"         
Extracting genotype data from PLINK file.
PLINK v2.0.0-a.7LM 64-bit Intel (11 Mar 2026)       cog-genomics.org/plink/2.0/
(C) 2005-2026 Shaun Purcell, Christopher Chang    GNU General Public License v3
Logging to /project2/mstephens/wdenault/susie_mix/temp_plink/plink_PLCD1.log.
Options in effect:
  --bfile /project2/mstephens/gtex/GTEx_Analysis_2017-06-05_v8_WholeGenomeSeq_866Indiv
  --chr 3
  --export A
  --from-bp 37529642
  --maf 0
  --max-alleles 2
  --memory 8000
  --out /project2/mstephens/wdenault/susie_mix/temp_plink/plink_PLCD1
  --rm-dup exclude-all
  --snps-only
  --threads 2
  --to-bp 38529642

Start time: Tue Sep  1 14:54:33 2026
63721 MiB RAM detected, ~34337 available; reserving 8000 MiB for main
workspace.
Using up to 2 compute threads.
866 samples (0 females, 0 males, 866 ambiguous; 866 founders) loaded from
/project2/mstephens/gtex/GTEx_Analysis_2017-06-05_v8_WholeGenomeSeq_866Indiv.fam.
67234533 variants in
/project2/mstephens/gtex/GTEx_Analysis_2017-06-05_v8_WholeGenomeSeq_866Indiv.bim;
63427992 excluded by --chr + --max-alleles + --snps-only, 3806541 remaining.
Note: No phenotype data present.
Note: Skipping --rm-dup since no duplicate IDs are present.
16230 variants remaining after main filters.
--export A pass 1/1: loading... 0%writing... 0%1%2%3%4%5%6%7%8%9%10%11%12%13%14%15%16%17%18%19%20%21%22%23%24%25%26%27%28%29%30%31%32%33%34%35%36%37%38%39%40%41%42%43%44%45%46%47%48%49%50%51%52%53%54%55%56%57%58%59%60%61%62%63%64%65%66%67%68%69%70%71%72%73%74%75%76%77%78%79%80%81%82%83%84%85%86%87%88%89%90%91%92%93%94%95%96%97%98%99% done.
--export A: /project2/mstephens/wdenault/susie_mix/temp_plink/plink_PLCD1.raw
written.
End time: Tue Sep  1 14:54:38 2026
20 SNP(s) removed because HWE P < 1e-08 :
 [1] "chr3_37557380_C_T_b38_C" "chr3_37695129_G_A_b38_G"
 [3] "chr3_37701162_A_G_b38_A" "chr3_37741286_A_C_b38_A"
 [5] "chr3_37797500_A_G_b38_A" "chr3_37801122_C_G_b38_C"
 [7] "chr3_37811561_T_C_b38_T" "chr3_37811568_T_A_b38_T"
 [9] "chr3_38029265_G_C_b38_G" "chr3_38029273_A_C_b38_A"
[11] "chr3_38029646_C_T_b38_C" "chr3_38270462_C_T_b38_C"
[13] "chr3_38272197_T_G_b38_T" "chr3_38334066_G_A_b38_G"
[15] "chr3_38341342_A_G_b38_A" "chr3_38348040_G_A_b38_G"
[17] "chr3_38365302_T_G_b38_T" "chr3_38367069_A_T_b38_A"
[19] "chr3_38367251_G_A_b38_G" "chr3_38372036_C_T_b38_C"

=====================================
Tissue: Adipose Tissue 
=====================================
[1] TRUE
Running SuSiE.

=====================================
Tissue: Adrenal Gland 
=====================================
[1] TRUE
Running SuSiE.

=====================================
Tissue: Blood 
=====================================
[1] TRUE
Running SuSiE.

=====================================
Tissue: Blood Vessel 
=====================================
[1] TRUE
Running SuSiE.

=====================================
Tissue: Brain 
=====================================
[1] TRUE
Running SuSiE.

=====================================
Tissue: Breast 
=====================================
[1] TRUE
Running SuSiE.

=====================================
Tissue: Colon 
=====================================
[1] TRUE
Running SuSiE.

=====================================
Tissue: Esophagus 
=====================================
[1] TRUE
Running SuSiE.

=====================================
Tissue: Heart 
=====================================
[1] TRUE
Running SuSiE.

=====================================
Tissue: Kidney 
=====================================
[1] TRUE
Running SuSiE.

=====================================
Tissue: Liver 
=====================================
[1] TRUE
Running SuSiE.

=====================================
Tissue: Lung 
=====================================
[1] TRUE
Running SuSiE.

=====================================
Tissue: Muscle 
=====================================
[1] TRUE
Running SuSiE.

=====================================
Tissue: Nerve 
=====================================
[1] TRUE
Running SuSiE.

=====================================
Tissue: Ovary 
=====================================
[1] TRUE
Running SuSiE.

=====================================
Tissue: Pancreas 
=====================================
[1] TRUE
Running SuSiE.

=====================================
Tissue: Pituitary 
=====================================
[1] TRUE
Running SuSiE.

=====================================
Tissue: Prostate 
=====================================
[1] TRUE
Running SuSiE.

=====================================
Tissue: Salivary Gland 
=====================================
[1] TRUE
Running SuSiE.

=====================================
Tissue: Skin 
=====================================
[1] TRUE
Running SuSiE.

=====================================
Tissue: Small Intestine 
=====================================
[1] TRUE
Running SuSiE.

=====================================
Tissue: Spleen 
=====================================
[1] TRUE
Running SuSiE.

=====================================
Tissue: Stomach 
=====================================
[1] TRUE
Running SuSiE.

=====================================
Tissue: Testis 
=====================================
[1] TRUE
Running SuSiE.

=====================================
Tissue: Thyroid 
=====================================
[1] TRUE
Running SuSiE.

=====================================
Tissue: Uterus 
=====================================
[1] TRUE
Running SuSiE.

=====================================
Tissue: Vagina 
=====================================
[1] TRUE
Running SuSiE.
[2026-09-01 14:55:58] starting PLCD3
Importing covariate data.
Importing gene expression data.
Found 27 tissues for gene PLCD3 :
 [1] "Adipose Tissue"  "Adrenal Gland"   "Blood"           "Blood Vessel"   
 [5] "Brain"           "Breast"          "Colon"           "Esophagus"      
 [9] "Heart"           "Kidney"          "Liver"           "Lung"           
[13] "Muscle"          "Nerve"           "Ovary"           "Pancreas"       
[17] "Pituitary"       "Prostate"        "Salivary Gland"  "Skin"           
[21] "Small Intestine" "Spleen"          "Stomach"         "Testis"         
[25] "Thyroid"         "Uterus"          "Vagina"         
Extracting genotype data from PLINK file.
PLINK v2.0.0-a.7LM 64-bit Intel (11 Mar 2026)       cog-genomics.org/plink/2.0/
(C) 2005-2026 Shaun Purcell, Christopher Chang    GNU General Public License v3
Logging to /project2/mstephens/wdenault/susie_mix/temp_plink/plink_PLCD3.log.
Options in effect:
  --bfile /project2/mstephens/gtex/GTEx_Analysis_2017-06-05_v8_WholeGenomeSeq_866Indiv
  --chr 17
  --export A
  --from-bp 44633354
  --maf 0
  --max-alleles 2
  --memory 8000
  --out /project2/mstephens/wdenault/susie_mix/temp_plink/plink_PLCD3
  --rm-dup exclude-all
  --snps-only
  --threads 2
  --to-bp 45633354

Start time: Tue Sep  1 14:57:03 2026
63721 MiB RAM detected, ~34543 available; reserving 8000 MiB for main
workspace.
Using up to 2 compute threads.
866 samples (0 females, 0 males, 866 ambiguous; 866 founders) loaded from
/project2/mstephens/gtex/GTEx_Analysis_2017-06-05_v8_WholeGenomeSeq_866Indiv.fam.
67234533 variants in
/project2/mstephens/gtex/GTEx_Analysis_2017-06-05_v8_WholeGenomeSeq_866Indiv.bim;
65601655 excluded by --chr + --max-alleles + --snps-only, 1632878 remaining.
Note: No phenotype data present.
Note: Skipping --rm-dup since no duplicate IDs are present.
18585 variants remaining after main filters.
--export A pass 1/1: loading... 0%73% writing... 0%1%2%3%4%5%6%7%8%9%10%11%12%13%14%15%16%17%18%19%20%21%22%23%24%25%26%27%28%29%30%31%32%33%34%35%36%37%38%39%40%41%42%43%44%45%46%47%48%49%50%51%52%53%54%55%56%57%58%59%60%61%62%63%64%65%66%67%68%69%70%71%72%73%74%75%76%77%78%79%80%81%82%83%84%85%86%87%88%89%90%91%92%93%94%95%96%97%98%99% done.
--export A: /project2/mstephens/wdenault/susie_mix/temp_plink/plink_PLCD3.raw
written.
End time: Tue Sep  1 14:57:09 2026
187 SNP(s) removed because HWE P < 1e-08 :
  [1] "chr17_44994424_T_C_b38_T" "chr17_45118296_A_G_b38_A"
  [3] "chr17_45262392_C_G_b38_C" "chr17_45285108_C_T_b38_C"
  [5] "chr17_45298744_C_T_b38_C" "chr17_45470115_A_G_b38_A"
  [7] "chr17_45470320_T_C_b38_T" "chr17_45470558_C_A_b38_C"
  [9] "chr17_45470558_C_G_b38_C" "chr17_45523718_A_G_b38_A"
 [11] "chr17_45529815_T_C_b38_T" "chr17_45530673_T_A_b38_T"
 [13] "chr17_45533295_G_A_b38_G" "chr17_45533525_G_A_b38_G"
 [15] "chr17_45573401_G_A_b38_G" "chr17_45573549_G_T_b38_G"
 [17] "chr17_45573588_C_T_b38_C" "chr17_45573674_T_C_b38_T"
 [19] "chr17_45573867_G_A_b38_G" "chr17_45574056_T_C_b38_T"
 [21] "chr17_45574145_C_G_b38_C" "chr17_45574184_G_C_b38_G"
 [23] "chr17_45574190_C_G_b38_C" "chr17_45574314_G_A_b38_G"
 [25] "chr17_45574401_A_G_b38_A" "chr17_45574404_G_A_b38_G"
 [27] "chr17_45574526_T_C_b38_T" "chr17_45574554_T_A_b38_T"
 [29] "chr17_45574699_C_T_b38_C" "chr17_45574758_C_A_b38_C"
 [31] "chr17_45574765_C_G_b38_C" "chr17_45574776_C_A_b38_C"
 [33] "chr17_45574803_T_C_b38_T" "chr17_45574914_T_C_b38_T"
 [35] "chr17_45575036_T_C_b38_T" "chr17_45575755_T_C_b38_T"
 [37] "chr17_45575765_A_G_b38_A" "chr17_45575799_A_G_b38_A"
 [39] "chr17_45576032_G_A_b38_G" "chr17_45576411_G_A_b38_G"
 [41] "chr17_45576436_G_A_b38_G" "chr17_45576450_C_T_b38_C"
 [43] "chr17_45576458_A_C_b38_A" "chr17_45576502_G_A_b38_G"
 [45] "chr17_45576526_G_T_b38_G" "chr17_45576545_G_A_b38_G"
 [47] "chr17_45576742_T_C_b38_T" "chr17_45577244_C_T_b38_C"
 [49] "chr17_45577286_C_A_b38_C" "chr17_45577413_C_T_b38_C"
 [51] "chr17_45577431_T_C_b38_T" "chr17_45577632_A_G_b38_A"
 [53] "chr17_45577843_C_T_b38_C" "chr17_45577890_A_T_b38_A"
 [55] "chr17_45577895_T_C_b38_T" "chr17_45577907_A_G_b38_A"
 [57] "chr17_45577914_G_T_b38_G" "chr17_45577950_C_G_b38_C"
 [59] "chr17_45578322_C_A_b38_C" "chr17_45578546_C_T_b38_C"
 [61] "chr17_45578558_T_C_b38_T" "chr17_45578810_C_A_b38_C"
 [63] "chr17_45578827_A_G_b38_A" "chr17_45579204_T_A_b38_T"
 [65] "chr17_45579225_T_C_b38_T" "chr17_45579245_T_A_b38_T"
 [67] "chr17_45579261_T_C_b38_T" "chr17_45579364_A_C_b38_A"
 [69] "chr17_45579529_G_A_b38_G" "chr17_45579670_C_T_b38_C"
 [71] "chr17_45579681_G_C_b38_G" "chr17_45579707_G_T_b38_G"
 [73] "chr17_45579710_T_C_b38_T" "chr17_45579717_A_G_b38_A"
 [75] "chr17_45579743_T_C_b38_T" "chr17_45579753_G_A_b38_G"
 [77] "chr17_45579891_C_T_b38_C" "chr17_45579901_A_G_b38_A"
 [79] "chr17_45580027_A_G_b38_A" "chr17_45580071_A_G_b38_A"
 [81] "chr17_45580074_C_G_b38_C" "chr17_45580108_A_G_b38_A"
 [83] "chr17_45580528_A_G_b38_A" "chr17_45580757_C_T_b38_C"
 [85] "chr17_45580758_T_G_b38_T" "chr17_45580773_A_T_b38_A"
 [87] "chr17_45580923_T_C_b38_T" "chr17_45580964_G_A_b38_G"
 [89] "chr17_45581043_G_A_b38_G" "chr17_45581150_C_T_b38_C"
 [91] "chr17_45581171_G_A_b38_G" "chr17_45581204_A_G_b38_A"
 [93] "chr17_45581220_C_T_b38_C" "chr17_45581355_T_G_b38_T"
 [95] "chr17_45581400_G_A_b38_G" "chr17_45581405_C_T_b38_C"
 [97] "chr17_45581412_C_A_b38_C" "chr17_45581489_T_A_b38_T"
 [99] "chr17_45581529_C_T_b38_C" "chr17_45581561_T_C_b38_T"
[101] "chr17_45581615_T_C_b38_T" "chr17_45581616_G_A_b38_G"
[103] "chr17_45581620_C_T_b38_C" "chr17_45581624_G_A_b38_G"
[105] "chr17_45581695_T_C_b38_T" "chr17_45581821_A_G_b38_A"
[107] "chr17_45581885_C_A_b38_C" "chr17_45581971_G_C_b38_G"
[109] "chr17_45581989_C_A_b38_C" "chr17_45582131_T_G_b38_T"
[111] "chr17_45582160_C_T_b38_C" "chr17_45582297_G_A_b38_G"
[113] "chr17_45582307_T_C_b38_T" "chr17_45582372_T_C_b38_T"
[115] "chr17_45582377_A_C_b38_A" "chr17_45582515_C_T_b38_C"
[117] "chr17_45582609_T_C_b38_T" "chr17_45582690_C_G_b38_C"
[119] "chr17_45582819_A_G_b38_A" "chr17_45582830_G_A_b38_G"
[121] "chr17_45582831_T_C_b38_T" "chr17_45582843_C_A_b38_C"
[123] "chr17_45582922_T_C_b38_T" "chr17_45583288_G_T_b38_G"
[125] "chr17_45583394_T_C_b38_T" "chr17_45583428_C_T_b38_C"
[127] "chr17_45583525_C_T_b38_C" "chr17_45583551_A_G_b38_A"
[129] "chr17_45583639_A_C_b38_A" "chr17_45583660_C_T_b38_C"
[131] "chr17_45583667_T_C_b38_T" "chr17_45583686_G_A_b38_G"
[133] "chr17_45583705_G_T_b38_G" "chr17_45583728_C_A_b38_C"
[135] "chr17_45583824_T_C_b38_T" "chr17_45583892_C_G_b38_C"
[137] "chr17_45584012_C_T_b38_C" "chr17_45584045_A_T_b38_A"
[139] "chr17_45584357_C_T_b38_C" "chr17_45584360_C_A_b38_C"
[141] "chr17_45584385_T_A_b38_T" "chr17_45584431_T_C_b38_T"
[143] "chr17_45584435_T_G_b38_T" "chr17_45584444_G_A_b38_G"
[145] "chr17_45584451_C_T_b38_C" "chr17_45584593_T_C_b38_T"
[147] "chr17_45584654_A_G_b38_A" "chr17_45584662_A_G_b38_A"
[149] "chr17_45584785_G_C_b38_G" "chr17_45584788_C_T_b38_C"
[151] "chr17_45584816_C_T_b38_C" "chr17_45584818_A_G_b38_A"
[153] "chr17_45584830_G_C_b38_G" "chr17_45584935_G_A_b38_G"
[155] "chr17_45584942_G_C_b38_G" "chr17_45584983_G_A_b38_G"
[157] "chr17_45585004_C_T_b38_C" "chr17_45585042_T_C_b38_T"
[159] "chr17_45585049_G_A_b38_G" "chr17_45585083_C_G_b38_C"
[161] "chr17_45585085_C_T_b38_C" "chr17_45585159_T_G_b38_T"
[163] "chr17_45585164_C_T_b38_C" "chr17_45585166_C_T_b38_C"
[165] "chr17_45585206_A_T_b38_A" "chr17_45585313_A_C_b38_A"
[167] "chr17_45585365_G_C_b38_G" "chr17_45585367_C_T_b38_C"
[169] "chr17_45588256_T_G_b38_T" "chr17_45589454_G_A_b38_G"
[171] "chr17_45590171_C_T_b38_C" "chr17_45590427_T_C_b38_T"
[173] "chr17_45590615_A_G_b38_A" "chr17_45592499_G_A_b38_G"
[175] "chr17_45593170_A_G_b38_A" "chr17_45593330_G_C_b38_G"
[177] "chr17_45594156_C_T_b38_C" "chr17_45594246_G_A_b38_G"
[179] "chr17_45594271_C_T_b38_C" "chr17_45594340_T_C_b38_T"
[181] "chr17_45607672_G_A_b38_G" "chr17_45607702_G_A_b38_G"
[183] "chr17_45610027_C_T_b38_C" "chr17_45614154_C_T_b38_C"
[185] "chr17_45623647_A_T_b38_A" "chr17_45623657_T_C_b38_T"
[187] "chr17_45623881_T_C_b38_T"

=====================================
Tissue: Adipose Tissue 
=====================================
[1] TRUE
Running SuSiE.

=====================================
Tissue: Adrenal Gland 
=====================================
[1] TRUE
Running SuSiE.

=====================================
Tissue: Blood 
=====================================
[1] TRUE
Running SuSiE.

=====================================
Tissue: Blood Vessel 
=====================================
[1] TRUE
Running SuSiE.

=====================================
Tissue: Brain 
=====================================
[1] TRUE
Running SuSiE.

=====================================
Tissue: Breast 
=====================================
[1] TRUE
Running SuSiE.

=====================================
Tissue: Colon 
=====================================
[1] TRUE
Running SuSiE.

=====================================
Tissue: Esophagus 
=====================================
[1] TRUE
Running SuSiE.

=====================================
Tissue: Heart 
=====================================
[1] TRUE
Running SuSiE.

=====================================
Tissue: Kidney 
=====================================
[1] TRUE
Running SuSiE.

=====================================
Tissue: Liver 
=====================================
[1] TRUE
Running SuSiE.

=====================================
Tissue: Lung 
=====================================
[1] TRUE
Running SuSiE.

=====================================
Tissue: Muscle 
=====================================
[1] TRUE
Running SuSiE.

=====================================
Tissue: Nerve 
=====================================
[1] TRUE
Running SuSiE.

=====================================
Tissue: Ovary 
=====================================
[1] TRUE
Running SuSiE.

=====================================
Tissue: Pancreas 
=====================================
[1] TRUE
Running SuSiE.

=====================================
Tissue: Pituitary 
=====================================
[1] TRUE
Running SuSiE.

=====================================
Tissue: Prostate 
=====================================
[1] TRUE
Running SuSiE.

=====================================
Tissue: Salivary Gland 
=====================================
[1] TRUE
Running SuSiE.

=====================================
Tissue: Skin 
=====================================
[1] TRUE
Running SuSiE.

=====================================
Tissue: Small Intestine 
=====================================
[1] TRUE
Running SuSiE.

=====================================
Tissue: Spleen 
=====================================
[1] TRUE
Running SuSiE.

=====================================
Tissue: Stomach 
=====================================
[1] TRUE
Running SuSiE.

=====================================
Tissue: Testis 
=====================================
[1] TRUE
Running SuSiE.

=====================================
Tissue: Thyroid 
=====================================
[1] TRUE
Running SuSiE.

=====================================
Tissue: Uterus 
=====================================
[1] TRUE
Running SuSiE.

=====================================
Tissue: Vagina 
=====================================
[1] TRUE
Running SuSiE.
[2026-09-01 14:58:40] starting PLCD4
Importing covariate data.
Importing gene expression data.
Found 27 tissues for gene PLCD4 :
 [1] "Adipose Tissue"  "Adrenal Gland"   "Blood"           "Blood Vessel"   
 [5] "Brain"           "Breast"          "Colon"           "Esophagus"      
 [9] "Heart"           "Kidney"          "Liver"           "Lung"           
[13] "Muscle"          "Nerve"           "Ovary"           "Pancreas"       
[17] "Pituitary"       "Prostate"        "Salivary Gland"  "Skin"           
[21] "Small Intestine" "Spleen"          "Stomach"         "Testis"         
[25] "Thyroid"         "Uterus"          "Vagina"         
Extracting genotype data from PLINK file.
PLINK v2.0.0-a.7LM 64-bit Intel (11 Mar 2026)       cog-genomics.org/plink/2.0/
(C) 2005-2026 Shaun Purcell, Christopher Chang    GNU General Public License v3
Logging to /project2/mstephens/wdenault/susie_mix/temp_plink/plink_PLCD4.log.
Options in effect:
  --bfile /project2/mstephens/gtex/GTEx_Analysis_2017-06-05_v8_WholeGenomeSeq_866Indiv
  --chr 2
  --export A
  --from-bp 218107899
  --maf 0
  --max-alleles 2
  --memory 8000
  --out /project2/mstephens/wdenault/susie_mix/temp_plink/plink_PLCD4
  --rm-dup exclude-all
  --snps-only
  --threads 2
  --to-bp 219107899

Start time: Tue Sep  1 14:59:44 2026
63721 MiB RAM detected, ~34553 available; reserving 8000 MiB for main
workspace.
Using up to 2 compute threads.
866 samples (0 females, 0 males, 866 ambiguous; 866 founders) loaded from
/project2/mstephens/gtex/GTEx_Analysis_2017-06-05_v8_WholeGenomeSeq_866Indiv.fam.
67234533 variants in
/project2/mstephens/gtex/GTEx_Analysis_2017-06-05_v8_WholeGenomeSeq_866Indiv.bim;
62634692 excluded by --chr + --max-alleles + --snps-only, 4599841 remaining.
Note: No phenotype data present.
Note: Skipping --rm-dup since no duplicate IDs are present.
16669 variants remaining after main filters.
--export A pass 1/1: loading... 0%writing... 0%1%2%3%4%5%6%7%8%9%10%11%12%13%14%15%16%17%18%19%20%21%22%23%24%25%26%27%28%29%30%31%32%33%34%35%36%37%38%39%40%41%42%43%44%45%46%47%48%49%50%51%52%53%54%55%56%57%58%59%60%61%62%63%64%65%66%67%68%69%70%71%72%73%74%75%76%77%78%79%80%81%82%83%84%85%86%87%88%89%90%91%92%93%94%95%96%97%98%99% done.
--export A: /project2/mstephens/wdenault/susie_mix/temp_plink/plink_PLCD4.raw
written.
End time: Tue Sep  1 14:59:50 2026
76 SNP(s) removed because HWE P < 1e-08 :
 [1] "chr2_218202612_T_A_b38_T" "chr2_218257743_C_T_b38_C"
 [3] "chr2_218262012_C_T_b38_C" "chr2_218263783_C_T_b38_C"
 [5] "chr2_218324687_C_T_b38_C" "chr2_218324729_A_G_b38_A"
 [7] "chr2_218325733_G_A_b38_G" "chr2_218325990_A_G_b38_A"
 [9] "chr2_218409235_A_G_b38_A" "chr2_218417597_G_A_b38_G"
[11] "chr2_218420589_T_G_b38_T" "chr2_218477780_A_G_b38_A"
[13] "chr2_218810922_C_T_b38_C" "chr2_218819301_T_C_b38_T"
[15] "chr2_218826667_A_G_b38_A" "chr2_218826772_T_G_b38_T"
[17] "chr2_218827410_A_G_b38_A" "chr2_218829133_T_C_b38_T"
[19] "chr2_218829429_G_T_b38_G" "chr2_218830602_T_C_b38_T"
[21] "chr2_218831822_T_C_b38_T" "chr2_218832338_G_C_b38_G"
[23] "chr2_218833281_A_G_b38_A" "chr2_218833420_A_G_b38_A"
[25] "chr2_218835781_G_A_b38_G" "chr2_218838208_C_T_b38_C"
[27] "chr2_218840410_T_C_b38_T" "chr2_218843175_A_G_b38_A"
[29] "chr2_218844057_T_C_b38_T" "chr2_218848115_T_C_b38_T"
[31] "chr2_218851400_T_C_b38_T" "chr2_218852022_T_A_b38_T"
[33] "chr2_218860595_C_G_b38_C" "chr2_218861775_T_C_b38_T"
[35] "chr2_218862590_T_C_b38_T" "chr2_218863795_A_G_b38_A"
[37] "chr2_218864904_A_G_b38_A" "chr2_218866295_T_C_b38_T"
[39] "chr2_218867420_C_G_b38_C" "chr2_218869251_T_C_b38_T"
[41] "chr2_218881839_T_C_b38_T" "chr2_218889082_A_C_b38_A"
[43] "chr2_218897839_A_G_b38_A" "chr2_218897940_A_G_b38_A"
[45] "chr2_218901903_T_C_b38_T" "chr2_218901904_T_C_b38_T"
[47] "chr2_218901905_G_A_b38_G" "chr2_218901909_T_C_b38_T"
[49] "chr2_218901910_G_A_b38_G" "chr2_218901915_C_T_b38_C"
[51] "chr2_218901917_C_T_b38_C" "chr2_218901920_A_T_b38_A"
[53] "chr2_218901922_C_T_b38_C" "chr2_218901936_A_G_b38_A"
[55] "chr2_218901938_G_A_b38_G" "chr2_218904234_T_C_b38_T"
[57] "chr2_218905256_A_T_b38_A" "chr2_218909978_T_C_b38_T"
[59] "chr2_218910087_T_C_b38_T" "chr2_218911631_T_G_b38_T"
[61] "chr2_218914980_G_A_b38_G" "chr2_218915569_T_C_b38_T"
[63] "chr2_218916780_G_A_b38_G" "chr2_218922716_C_G_b38_C"
[65] "chr2_218930420_G_A_b38_G" "chr2_218939851_A_T_b38_A"
[67] "chr2_218942126_T_C_b38_T" "chr2_218980419_C_T_b38_C"
[69] "chr2_218980424_C_T_b38_C" "chr2_219014034_G_A_b38_G"
[71] "chr2_219014753_C_T_b38_C" "chr2_219014760_C_T_b38_C"
[73] "chr2_219014781_G_A_b38_G" "chr2_219015306_G_A_b38_G"
[75] "chr2_219016877_G_A_b38_G" "chr2_219016880_C_T_b38_C"

=====================================
Tissue: Adipose Tissue 
=====================================
[1] TRUE
Running SuSiE.

=====================================
Tissue: Adrenal Gland 
=====================================
[1] TRUE
Running SuSiE.

=====================================
Tissue: Blood 
=====================================
[1] TRUE
Running SuSiE.

=====================================
Tissue: Blood Vessel 
=====================================
[1] TRUE
Running SuSiE.

=====================================
Tissue: Brain 
=====================================
[1] TRUE
Running SuSiE.

=====================================
Tissue: Breast 
=====================================
[1] TRUE
Running SuSiE.

=====================================
Tissue: Colon 
=====================================
[1] TRUE
Running SuSiE.

=====================================
Tissue: Esophagus 
=====================================
[1] TRUE
Running SuSiE.

=====================================
Tissue: Heart 
=====================================
[1] TRUE
Running SuSiE.

=====================================
Tissue: Kidney 
=====================================
[1] TRUE
Running SuSiE.

=====================================
Tissue: Liver 
=====================================
[1] TRUE
Running SuSiE.

=====================================
Tissue: Lung 
=====================================
[1] TRUE
Running SuSiE.

=====================================
Tissue: Muscle 
=====================================
[1] TRUE
Running SuSiE.

=====================================
Tissue: Nerve 
=====================================
[1] TRUE
Running SuSiE.

=====================================
Tissue: Ovary 
=====================================
[1] TRUE
Running SuSiE.

=====================================
Tissue: Pancreas 
=====================================
[1] TRUE
Running SuSiE.

=====================================
Tissue: Pituitary 
=====================================
[1] TRUE
Running SuSiE.

=====================================
Tissue: Prostate 
=====================================
[1] TRUE
Running SuSiE.

=====================================
Tissue: Salivary Gland 
=====================================
[1] TRUE
Running SuSiE.

=====================================
Tissue: Skin 
=====================================
[1] TRUE
Running SuSiE.

=====================================
Tissue: Small Intestine 
=====================================
[1] TRUE
Running SuSiE.

=====================================
Tissue: Spleen 
=====================================
[1] TRUE
Running SuSiE.

=====================================
Tissue: Stomach 
=====================================
[1] TRUE
Running SuSiE.

=====================================
Tissue: Testis 
=====================================
[1] TRUE
Running SuSiE.

=====================================
Tissue: Thyroid 
=====================================
[1] TRUE
Running SuSiE.

=====================================
Tissue: Uterus 
=====================================
[1] TRUE
Running SuSiE.

=====================================
Tissue: Vagina 
=====================================
[1] TRUE
Running SuSiE.
[2026-09-01 15:00:57] starting PLCE1
Importing covariate data.
Importing gene expression data.
Found 27 tissues for gene PLCE1 :
 [1] "Adipose Tissue"  "Adrenal Gland"   "Blood"           "Blood Vessel"   
 [5] "Brain"           "Breast"          "Colon"           "Esophagus"      
 [9] "Heart"           "Kidney"          "Liver"           "Lung"           
[13] "Muscle"          "Nerve"           "Ovary"           "Pancreas"       
[17] "Pituitary"       "Prostate"        "Salivary Gland"  "Skin"           
[21] "Small Intestine" "Spleen"          "Stomach"         "Testis"         
[25] "Thyroid"         "Uterus"          "Vagina"         
Extracting genotype data from PLINK file.
PLINK v2.0.0-a.7LM 64-bit Intel (11 Mar 2026)       cog-genomics.org/plink/2.0/
(C) 2005-2026 Shaun Purcell, Christopher Chang    GNU General Public License v3
Logging to /project2/mstephens/wdenault/susie_mix/temp_plink/plink_PLCE1.log.
Options in effect:
  --bfile /project2/mstephens/gtex/GTEx_Analysis_2017-06-05_v8_WholeGenomeSeq_866Indiv
  --chr 10
  --export A
  --from-bp 93493931
  --maf 0
  --max-alleles 2
  --memory 8000
  --out /project2/mstephens/wdenault/susie_mix/temp_plink/plink_PLCE1
  --rm-dup exclude-all
  --snps-only
  --threads 2
  --to-bp 94493931

Start time: Tue Sep  1 15:02:01 2026
63721 MiB RAM detected, ~34558 available; reserving 8000 MiB for main
workspace.
Using up to 2 compute threads.
866 samples (0 females, 0 males, 866 ambiguous; 866 founders) loaded from
/project2/mstephens/gtex/GTEx_Analysis_2017-06-05_v8_WholeGenomeSeq_866Indiv.fam.
67234533 variants in
/project2/mstephens/gtex/GTEx_Analysis_2017-06-05_v8_WholeGenomeSeq_866Indiv.bim;
64498607 excluded by --chr + --max-alleles + --snps-only, 2735926 remaining.
Note: No phenotype data present.
Note: Skipping --rm-dup since no duplicate IDs are present.
16972 variants remaining after main filters.
--export A pass 1/1: loading... 0%writing... 0%1%2%3%4%5%6%7%8%9%10%11%12%13%14%15%16%17%18%19%20%21%22%23%24%25%26%27%28%29%30%31%32%33%34%35%36%37%38%39%40%41%42%43%44%45%46%47%48%49%50%51%52%53%54%55%56%57%58%59%60%61%62%63%64%65%66%67%68%69%70%71%72%73%74%75%76%77%78%79%80%81%82%83%84%85%86%87%88%89%90%91%92%93%94%95%96%97%98%99% done.
--export A: /project2/mstephens/wdenault/susie_mix/temp_plink/plink_PLCE1.raw
written.
End time: Tue Sep  1 15:02:07 2026
39 SNP(s) removed because HWE P < 1e-08 :
 [1] "chr10_93533954_A_G_b38_A" "chr10_93547218_A_G_b38_A"
 [3] "chr10_93564841_A_T_b38_A" "chr10_93632828_G_C_b38_G"
 [5] "chr10_93784793_A_G_b38_A" "chr10_93784884_T_C_b38_T"
 [7] "chr10_93785470_T_C_b38_T" "chr10_93785621_C_T_b38_C"
 [9] "chr10_93786979_A_G_b38_A" "chr10_93786993_T_C_b38_T"
[11] "chr10_93787099_G_A_b38_G" "chr10_93787434_A_G_b38_A"
[13] "chr10_93787755_A_G_b38_A" "chr10_93788623_T_C_b38_T"
[15] "chr10_93788686_A_G_b38_A" "chr10_93788708_T_A_b38_T"
[17] "chr10_93788996_T_C_b38_T" "chr10_93789081_T_G_b38_T"
[19] "chr10_93789838_C_A_b38_C" "chr10_93789914_A_G_b38_A"
[21] "chr10_93792265_T_C_b38_T" "chr10_93793168_T_C_b38_T"
[23] "chr10_93794439_A_C_b38_A" "chr10_93794525_T_C_b38_T"
[25] "chr10_93794526_A_C_b38_A" "chr10_93850358_G_C_b38_G"
[27] "chr10_93851127_A_G_b38_A" "chr10_93860385_G_C_b38_G"
[29] "chr10_94107312_C_T_b38_C" "chr10_94108363_C_T_b38_C"
[31] "chr10_94109467_G_A_b38_G" "chr10_94110002_C_T_b38_C"
[33] "chr10_94110102_A_G_b38_A" "chr10_94110190_C_G_b38_C"
[35] "chr10_94112783_T_G_b38_T" "chr10_94113229_G_A_b38_G"
[37] "chr10_94120207_G_C_b38_G" "chr10_94122591_A_G_b38_A"
[39] "chr10_94373984_A_T_b38_A"

=====================================
Tissue: Adipose Tissue 
=====================================
[1] TRUE
Running SuSiE.

=====================================
Tissue: Adrenal Gland 
=====================================
[1] TRUE
Running SuSiE.

=====================================
Tissue: Blood 
=====================================
[1] TRUE
Running SuSiE.

=====================================
Tissue: Blood Vessel 
=====================================
[1] TRUE
Running SuSiE.

=====================================
Tissue: Brain 
=====================================
[1] TRUE
Running SuSiE.

=====================================
Tissue: Breast 
=====================================
[1] TRUE
Running SuSiE.

=====================================
Tissue: Colon 
=====================================
[1] TRUE
Running SuSiE.

=====================================
Tissue: Esophagus 
=====================================
[1] TRUE
Running SuSiE.

=====================================
Tissue: Heart 
=====================================
[1] TRUE
Running SuSiE.

=====================================
Tissue: Kidney 
=====================================
[1] TRUE
Running SuSiE.

=====================================
Tissue: Liver 
=====================================
[1] TRUE
Running SuSiE.

=====================================
Tissue: Lung 
=====================================
[1] TRUE
Running SuSiE.

=====================================
Tissue: Muscle 
=====================================
[1] TRUE
Running SuSiE.

=====================================
Tissue: Nerve 
=====================================
[1] TRUE
Running SuSiE.

=====================================
Tissue: Ovary 
=====================================
[1] TRUE
Running SuSiE.

=====================================
Tissue: Pancreas 
=====================================
[1] TRUE
Running SuSiE.

=====================================
Tissue: Pituitary 
=====================================
[1] TRUE
Running SuSiE.

=====================================
Tissue: Prostate 
=====================================
[1] TRUE
Running SuSiE.

=====================================
Tissue: Salivary Gland 
=====================================
[1] TRUE
Running SuSiE.

=====================================
Tissue: Skin 
=====================================
[1] TRUE
Running SuSiE.

=====================================
Tissue: Small Intestine 
=====================================
[1] TRUE
Running SuSiE.

=====================================
Tissue: Spleen 
=====================================
[1] TRUE
Running SuSiE.

=====================================
Tissue: Stomach 
=====================================
[1] TRUE
Running SuSiE.

=====================================
Tissue: Testis 
=====================================
[1] TRUE
Running SuSiE.

=====================================
Tissue: Thyroid 
=====================================
[1] TRUE
Running SuSiE.

=====================================
Tissue: Uterus 
=====================================
[1] TRUE
Running SuSiE.

=====================================
Tissue: Vagina 
=====================================
[1] TRUE
Running SuSiE.
[2026-09-01 15:03:42] starting PLCG1
Importing covariate data.
Importing gene expression data.
Found 27 tissues for gene PLCG1 :
 [1] "Adipose Tissue"  "Adrenal Gland"   "Blood"           "Blood Vessel"   
 [5] "Brain"           "Breast"          "Colon"           "Esophagus"      
 [9] "Heart"           "Kidney"          "Liver"           "Lung"           
[13] "Muscle"          "Nerve"           "Ovary"           "Pancreas"       
[17] "Pituitary"       "Prostate"        "Salivary Gland"  "Skin"           
[21] "Small Intestine" "Spleen"          "Stomach"         "Testis"         
[25] "Thyroid"         "Uterus"          "Vagina"         
22 SNP(s) removed because HWE P < 1e-08 :
 [1] "chr20_40639350_T_C_b38_T" "chr20_40643706_C_T_b38_C"
 [3] "chr20_40680569_A_G_b38_A" "chr20_40823555_T_C_b38_T"
 [5] "chr20_40911881_A_G_b38_A" "chr20_40913118_A_C_b38_A"
 [7] "chr20_40914943_T_C_b38_T" "chr20_40916247_A_G_b38_A"
 [9] "chr20_40918036_A_G_b38_A" "chr20_40919537_A_G_b38_A"
[11] "chr20_40925100_T_C_b38_T" "chr20_40940425_C_G_b38_C"
[13] "chr20_40989353_C_T_b38_C" "chr20_40991004_C_T_b38_C"
[15] "chr20_40991447_G_C_b38_G" "chr20_40991985_C_T_b38_C"
[17] "chr20_40992001_G_C_b38_G" "chr20_40992189_T_A_b38_T"
[19] "chr20_40994090_A_C_b38_A" "chr20_40994308_C_T_b38_C"
[21] "chr20_41571477_C_T_b38_C" "chr20_41572896_A_G_b38_A"

=====================================
Tissue: Adipose Tissue 
=====================================
[1] TRUE
Running SuSiE.

=====================================
Tissue: Adrenal Gland 
=====================================
[1] TRUE
Running SuSiE.

=====================================
Tissue: Blood 
=====================================
[1] TRUE
Running SuSiE.

=====================================
Tissue: Blood Vessel 
=====================================
[1] TRUE
Running SuSiE.

=====================================
Tissue: Brain 
=====================================
[1] TRUE
Running SuSiE.

=====================================
Tissue: Breast 
=====================================
[1] TRUE
Running SuSiE.

=====================================
Tissue: Colon 
=====================================
[1] TRUE
Running SuSiE.

=====================================
Tissue: Esophagus 
=====================================
[1] TRUE
Running SuSiE.

=====================================
Tissue: Heart 
=====================================
[1] TRUE
Running SuSiE.

=====================================
Tissue: Kidney 
=====================================
[1] TRUE
Running SuSiE.

=====================================
Tissue: Liver 
=====================================
[1] TRUE
Running SuSiE.

=====================================
Tissue: Lung 
=====================================
[1] TRUE
Running SuSiE.

=====================================
Tissue: Muscle 
=====================================
[1] TRUE
Running SuSiE.

=====================================
Tissue: Nerve 
=====================================
[1] TRUE
Running SuSiE.

=====================================
Tissue: Ovary 
=====================================
[1] TRUE
Running SuSiE.

=====================================
Tissue: Pancreas 
=====================================
[1] TRUE
Running SuSiE.

=====================================
Tissue: Pituitary 
=====================================
[1] TRUE
Running SuSiE.

=====================================
Tissue: Prostate 
=====================================
[1] TRUE
Running SuSiE.

=====================================
Tissue: Salivary Gland 
=====================================
[1] TRUE
Running SuSiE.

=====================================
Tissue: Skin 
=====================================
[1] TRUE
Running SuSiE.

=====================================
Tissue: Small Intestine 
=====================================
[1] TRUE
Running SuSiE.

=====================================
Tissue: Spleen 
=====================================
[1] TRUE
Running SuSiE.

=====================================
Tissue: Stomach 
=====================================
[1] TRUE
Running SuSiE.

=====================================
Tissue: Testis 
=====================================
[1] TRUE
Running SuSiE.

=====================================
Tissue: Thyroid 
=====================================
[1] TRUE
Running SuSiE.

=====================================
Tissue: Uterus 
=====================================
[1] TRUE
Running SuSiE.

=====================================
Tissue: Vagina 
=====================================
[1] TRUE
Running SuSiE.
[2026-09-01 15:06:19] starting PLCG2
Importing covariate data.
Importing gene expression data.
Found 27 tissues for gene PLCG2 :
 [1] "Adipose Tissue"  "Adrenal Gland"   "Blood"           "Blood Vessel"   
 [5] "Brain"           "Breast"          "Colon"           "Esophagus"      
 [9] "Heart"           "Kidney"          "Liver"           "Lung"           
[13] "Muscle"          "Nerve"           "Ovary"           "Pancreas"       
[17] "Pituitary"       "Prostate"        "Salivary Gland"  "Skin"           
[21] "Small Intestine" "Spleen"          "Stomach"         "Testis"         
[25] "Thyroid"         "Uterus"          "Vagina"         
Extracting genotype data from PLINK file.
PLINK v2.0.0-a.7LM 64-bit Intel (11 Mar 2026)       cog-genomics.org/plink/2.0/
(C) 2005-2026 Shaun Purcell, Christopher Chang    GNU General Public License v3
Logging to /project2/mstephens/wdenault/susie_mix/temp_plink/plink_PLCG2.log.
Options in effect:
  --bfile /project2/mstephens/gtex/GTEx_Analysis_2017-06-05_v8_WholeGenomeSeq_866Indiv
  --chr 16
  --export A
  --from-bp 81239097
  --maf 0
  --max-alleles 2
  --memory 8000
  --out /project2/mstephens/wdenault/susie_mix/temp_plink/plink_PLCG2
  --rm-dup exclude-all
  --snps-only
  --threads 2
  --to-bp 82239097

Start time: Tue Sep  1 15:07:24 2026
63721 MiB RAM detected, ~34587 available; reserving 8000 MiB for main
workspace.
Using up to 2 compute threads.
866 samples (0 females, 0 males, 866 ambiguous; 866 founders) loaded from
/project2/mstephens/gtex/GTEx_Analysis_2017-06-05_v8_WholeGenomeSeq_866Indiv.fam.
67234533 variants in
/project2/mstephens/gtex/GTEx_Analysis_2017-06-05_v8_WholeGenomeSeq_866Indiv.bim;
65423567 excluded by --chr + --max-alleles + --snps-only, 1810966 remaining.
Note: No phenotype data present.
Note: Skipping --rm-dup since no duplicate IDs are present.
27238 variants remaining after main filters.
--export A pass 1/1: loading... 0%33% writing... 0%1%2%3%4%5%6%7%8%9%10%11%12%13%14%15%16%17%18%19%20%21%22%23%24%25%26%27%28%29%30%31%32%33%34%35%36%37%38%39%40%41%42%43%44%45%46%47%48%49%50%51%52%53%54%55%56%57%58%59%60%61%62%63%64%65%66%67%68%69%70%71%72%73%74%75%76%77%78%79%80%81%82%83%84%85%86%87%88%89%90%91%92%93%94%95%96%97%98%99% done.
--export A: /project2/mstephens/wdenault/susie_mix/temp_plink/plink_PLCG2.raw
written.
End time: Tue Sep  1 15:07:30 2026
137 SNP(s) removed because HWE P < 1e-08 :
  [1] "chr16_81391026_A_C_b38_A" "chr16_81395175_T_C_b38_T"
  [3] "chr16_81396214_C_T_b38_C" "chr16_81396657_T_C_b38_T"
  [5] "chr16_81409464_A_G_b38_A" "chr16_81409516_A_G_b38_A"
  [7] "chr16_81409544_A_T_b38_A" "chr16_81409689_T_C_b38_T"
  [9] "chr16_81410254_G_A_b38_G" "chr16_81410531_C_T_b38_C"
 [11] "chr16_81410559_A_G_b38_A" "chr16_81411806_T_C_b38_T"
 [13] "chr16_81593694_C_T_b38_C" "chr16_81602725_A_C_b38_A"
 [15] "chr16_81623924_C_G_b38_C" "chr16_81625037_T_C_b38_T"
 [17] "chr16_81808155_T_C_b38_T" "chr16_81808607_T_C_b38_T"
 [19] "chr16_81971583_G_C_b38_G" "chr16_81974414_A_G_b38_A"
 [21] "chr16_81974611_A_C_b38_A" "chr16_81975659_C_T_b38_C"
 [23] "chr16_81976534_C_G_b38_C" "chr16_81976853_A_C_b38_A"
 [25] "chr16_81977050_C_G_b38_C" "chr16_81977317_T_G_b38_T"
 [27] "chr16_81977353_A_G_b38_A" "chr16_81977800_T_C_b38_T"
 [29] "chr16_81978006_C_T_b38_C" "chr16_81979223_G_C_b38_G"
 [31] "chr16_81979786_A_T_b38_A" "chr16_81980965_A_C_b38_A"
 [33] "chr16_81981423_G_T_b38_G" "chr16_81982521_T_C_b38_T"
 [35] "chr16_81984065_C_A_b38_C" "chr16_81989483_C_A_b38_C"
 [37] "chr16_81991346_T_G_b38_T" "chr16_81992024_T_C_b38_T"
 [39] "chr16_81995071_G_C_b38_G" "chr16_81997129_G_A_b38_G"
 [41] "chr16_81997243_A_G_b38_A" "chr16_81997346_C_G_b38_C"
 [43] "chr16_81997672_G_A_b38_G" "chr16_82000007_T_C_b38_T"
 [45] "chr16_82000359_T_G_b38_T" "chr16_82001955_T_C_b38_T"
 [47] "chr16_82001998_C_G_b38_C" "chr16_82004268_A_G_b38_A"
 [49] "chr16_82006337_C_G_b38_C" "chr16_82006647_C_A_b38_C"
 [51] "chr16_82008348_T_C_b38_T" "chr16_82011622_T_C_b38_T"
 [53] "chr16_82012079_G_A_b38_G" "chr16_82014179_A_G_b38_A"
 [55] "chr16_82014629_C_T_b38_C" "chr16_82014907_T_C_b38_T"
 [57] "chr16_82015144_A_G_b38_A" "chr16_82018875_C_T_b38_C"
 [59] "chr16_82019168_A_G_b38_A" "chr16_82020036_C_G_b38_C"
 [61] "chr16_82021034_C_T_b38_C" "chr16_82022189_T_C_b38_T"
 [63] "chr16_82022350_C_T_b38_C" "chr16_82022863_A_G_b38_A"
 [65] "chr16_82023134_G_A_b38_G" "chr16_82024558_T_G_b38_T"
 [67] "chr16_82025709_T_A_b38_T" "chr16_82026120_A_G_b38_A"
 [69] "chr16_82026285_G_C_b38_G" "chr16_82026354_C_G_b38_C"
 [71] "chr16_82027410_T_C_b38_T" "chr16_82027594_G_A_b38_G"
 [73] "chr16_82027943_A_T_b38_A" "chr16_82028557_G_A_b38_G"
 [75] "chr16_82028728_C_T_b38_C" "chr16_82028794_T_C_b38_T"
 [77] "chr16_82029177_T_A_b38_T" "chr16_82029318_A_T_b38_A"
 [79] "chr16_82029511_G_A_b38_G" "chr16_82030090_A_G_b38_A"
 [81] "chr16_82030494_A_C_b38_A" "chr16_82033210_T_C_b38_T"
 [83] "chr16_82033365_T_C_b38_T" "chr16_82034400_G_C_b38_G"
 [85] "chr16_82034491_T_C_b38_T" "chr16_82037980_C_G_b38_C"
 [87] "chr16_82037986_A_G_b38_A" "chr16_82038173_C_T_b38_C"
 [89] "chr16_82041886_C_A_b38_C" "chr16_82044817_C_T_b38_C"
 [91] "chr16_82045085_C_T_b38_C" "chr16_82045094_G_T_b38_G"
 [93] "chr16_82045353_C_T_b38_C" "chr16_82046055_C_T_b38_C"
 [95] "chr16_82047096_A_G_b38_A" "chr16_82047598_G_C_b38_G"
 [97] "chr16_82047635_G_A_b38_G" "chr16_82047826_G_A_b38_G"
 [99] "chr16_82047859_G_A_b38_G" "chr16_82048094_A_C_b38_A"
[101] "chr16_82049235_C_G_b38_C" "chr16_82049328_T_A_b38_T"
[103] "chr16_82049582_G_A_b38_G" "chr16_82055409_T_C_b38_T"
[105] "chr16_82057422_T_C_b38_T" "chr16_82060638_C_T_b38_C"
[107] "chr16_82062265_C_T_b38_C" "chr16_82063468_C_T_b38_C"
[109] "chr16_82068902_G_T_b38_G" "chr16_82069723_T_C_b38_T"
[111] "chr16_82069924_T_C_b38_T" "chr16_82071884_C_T_b38_C"
[113] "chr16_82075062_T_C_b38_T" "chr16_82075401_G_A_b38_G"
[115] "chr16_82075686_T_C_b38_T" "chr16_82076481_A_G_b38_A"
[117] "chr16_82076673_T_C_b38_T" "chr16_82076819_T_C_b38_T"
[119] "chr16_82077350_A_G_b38_A" "chr16_82080852_T_C_b38_T"
[121] "chr16_82118369_A_C_b38_A" "chr16_82120090_T_C_b38_T"
[123] "chr16_82120310_T_C_b38_T" "chr16_82191961_A_T_b38_A"
[125] "chr16_82193313_G_A_b38_G" "chr16_82193948_T_C_b38_T"
[127] "chr16_82194173_G_A_b38_G" "chr16_82194471_A_G_b38_A"
[129] "chr16_82195114_C_G_b38_C" "chr16_82196421_C_T_b38_C"
[131] "chr16_82198839_G_A_b38_G" "chr16_82200230_C_G_b38_C"
[133] "chr16_82214277_A_T_b38_A" "chr16_82214300_T_C_b38_T"
[135] "chr16_82223670_T_C_b38_T" "chr16_82223946_G_A_b38_G"
[137] "chr16_82237817_T_G_b38_T"

=====================================
Tissue: Adipose Tissue 
=====================================
[1] TRUE
Running SuSiE.

=====================================
Tissue: Adrenal Gland 
=====================================
[1] TRUE
Running SuSiE.

=====================================
Tissue: Blood 
=====================================
[1] TRUE
Running SuSiE.

=====================================
Tissue: Blood Vessel 
=====================================
[1] TRUE
Running SuSiE.

=====================================
Tissue: Brain 
=====================================
[1] TRUE
Running SuSiE.

=====================================
Tissue: Breast 
=====================================
[1] TRUE
Running SuSiE.

=====================================
Tissue: Colon 
=====================================
[1] TRUE
Running SuSiE.

=====================================
Tissue: Esophagus 
=====================================
[1] TRUE
Running SuSiE.

=====================================
Tissue: Heart 
=====================================
[1] TRUE
Running SuSiE.

=====================================
Tissue: Kidney 
=====================================
[1] TRUE
Running SuSiE.

=====================================
Tissue: Liver 
=====================================
[1] TRUE
Running SuSiE.

=====================================
Tissue: Lung 
=====================================
[1] TRUE
Running SuSiE.

=====================================
Tissue: Muscle 
=====================================
[1] TRUE
Running SuSiE.

=====================================
Tissue: Nerve 
=====================================
[1] TRUE
Running SuSiE.

=====================================
Tissue: Ovary 
=====================================
[1] TRUE
Running SuSiE.

=====================================
Tissue: Pancreas 
=====================================
[1] TRUE
Running SuSiE.

=====================================
Tissue: Pituitary 
=====================================
[1] TRUE
Running SuSiE.

=====================================
Tissue: Prostate 
=====================================
[1] TRUE
Running SuSiE.

=====================================
Tissue: Salivary Gland 
=====================================
[1] TRUE
Running SuSiE.

=====================================
Tissue: Skin 
=====================================
[1] TRUE
Running SuSiE.

=====================================
Tissue: Small Intestine 
=====================================
[1] TRUE
Running SuSiE.

=====================================
Tissue: Spleen 
=====================================
[1] TRUE
Running SuSiE.

=====================================
Tissue: Stomach 
=====================================
[1] TRUE
Running SuSiE.

=====================================
Tissue: Testis 
=====================================
[1] TRUE
Running SuSiE.

=====================================
Tissue: Thyroid 
=====================================
[1] TRUE
Running SuSiE.

=====================================
Tissue: Uterus 
=====================================
[1] TRUE
Running SuSiE.

=====================================
Tissue: Vagina 
=====================================
[1] TRUE
Running SuSiE.
[2026-09-01 15:10:38] starting PLCH1
Importing covariate data.
Importing gene expression data.
Found 27 tissues for gene PLCH1 :
 [1] "Adipose Tissue"  "Adrenal Gland"   "Blood"           "Blood Vessel"   
 [5] "Brain"           "Breast"          "Colon"           "Esophagus"      
 [9] "Heart"           "Kidney"          "Liver"           "Lung"           
[13] "Muscle"          "Nerve"           "Ovary"           "Pancreas"       
[17] "Pituitary"       "Prostate"        "Salivary Gland"  "Skin"           
[21] "Small Intestine" "Spleen"          "Stomach"         "Testis"         
[25] "Thyroid"         "Uterus"          "Vagina"         
Extracting genotype data from PLINK file.
PLINK v2.0.0-a.7LM 64-bit Intel (11 Mar 2026)       cog-genomics.org/plink/2.0/
(C) 2005-2026 Shaun Purcell, Christopher Chang    GNU General Public License v3
Logging to /project2/mstephens/wdenault/susie_mix/temp_plink/plink_PLCH1.log.
Options in effect:
  --bfile /project2/mstephens/gtex/GTEx_Analysis_2017-06-05_v8_WholeGenomeSeq_866Indiv
  --chr 3
  --export A
  --from-bp 155245071
  --maf 0
  --max-alleles 2
  --memory 8000
  --out /project2/mstephens/wdenault/susie_mix/temp_plink/plink_PLCH1
  --rm-dup exclude-all
  --snps-only
  --threads 2
  --to-bp 156245071

Start time: Tue Sep  1 15:11:45 2026
63721 MiB RAM detected, ~30860 available; reserving 8000 MiB for main
workspace.
Using up to 2 compute threads.
866 samples (0 females, 0 males, 866 ambiguous; 866 founders) loaded from
/project2/mstephens/gtex/GTEx_Analysis_2017-06-05_v8_WholeGenomeSeq_866Indiv.fam.
67234533 variants in
/project2/mstephens/gtex/GTEx_Analysis_2017-06-05_v8_WholeGenomeSeq_866Indiv.bim;
63427992 excluded by --chr + --max-alleles + --snps-only, 3806541 remaining.
Note: No phenotype data present.
Note: Skipping --rm-dup since no duplicate IDs are present.
18550 variants remaining after main filters.
--export A pass 1/1: loading... 0%20% writing... 0%1%2%3%4%5%6%7%8%9%10%11%12%13%14%15%16%17%18%19%20%21%22%23%24%25%26%27%28%29%30%31%32%33%34%35%36%37%38%39%40%41%42%43%44%45%46%47%48%49%50%51%52%53%54%55%56%57%58%59%60%61%62%63%64%65%66%67%68%69%70%71%72%73%74%75%76%77%78%79%80%81%82%83%84%85%86%87%88%89%90%91%92%93%94%95%96%97%98%99% done.
--export A: /project2/mstephens/wdenault/susie_mix/temp_plink/plink_PLCH1.raw
written.
End time: Tue Sep  1 15:11:51 2026
93 SNP(s) removed because HWE P < 1e-08 :
 [1] "chr3_155365451_T_C_b38_T" "chr3_155365484_G_A_b38_G"
 [3] "chr3_155365615_C_A_b38_C" "chr3_155368866_G_A_b38_G"
 [5] "chr3_155374237_A_T_b38_A" "chr3_155374393_C_A_b38_C"
 [7] "chr3_155374649_C_T_b38_C" "chr3_155374789_T_C_b38_T"
 [9] "chr3_155374917_A_G_b38_A" "chr3_155374968_C_T_b38_C"
[11] "chr3_155375162_G_A_b38_G" "chr3_155375255_C_T_b38_C"
[13] "chr3_155375573_C_T_b38_C" "chr3_155376057_G_A_b38_G"
[15] "chr3_155376160_G_A_b38_G" "chr3_155376268_G_C_b38_G"
[17] "chr3_155376273_G_T_b38_G" "chr3_155403151_C_T_b38_C"
[19] "chr3_155404498_T_C_b38_T" "chr3_155410939_T_C_b38_T"
[21] "chr3_155411351_A_T_b38_A" "chr3_155411372_T_G_b38_T"
[23] "chr3_155413469_T_C_b38_T" "chr3_155415136_A_G_b38_A"
[25] "chr3_155415614_C_T_b38_C" "chr3_155416963_A_G_b38_A"
[27] "chr3_155418005_G_C_b38_G" "chr3_155418616_T_A_b38_T"
[29] "chr3_155419511_A_G_b38_A" "chr3_155419571_A_G_b38_A"
[31] "chr3_155419981_T_C_b38_T" "chr3_155420029_T_C_b38_T"
[33] "chr3_155421789_T_A_b38_T" "chr3_155421914_G_A_b38_G"
[35] "chr3_155422437_T_C_b38_T" "chr3_155422676_T_G_b38_T"
[37] "chr3_155425581_G_A_b38_G" "chr3_155425598_T_C_b38_T"
[39] "chr3_155426113_G_A_b38_G" "chr3_155457744_C_T_b38_C"
[41] "chr3_155525635_A_G_b38_A" "chr3_155527892_C_T_b38_C"
[43] "chr3_155534374_T_C_b38_T" "chr3_155536193_C_A_b38_C"
[45] "chr3_155541967_C_T_b38_C" "chr3_155542058_T_C_b38_T"
[47] "chr3_155542548_C_T_b38_C" "chr3_155542569_A_G_b38_A"
[49] "chr3_155543050_C_G_b38_C" "chr3_155546905_C_T_b38_C"
[51] "chr3_155548315_T_C_b38_T" "chr3_155549671_T_A_b38_T"
[53] "chr3_155814115_G_C_b38_G" "chr3_155814119_T_C_b38_T"
[55] "chr3_155814186_G_A_b38_G" "chr3_155814776_G_T_b38_G"
[57] "chr3_155815617_A_G_b38_A" "chr3_155816487_T_G_b38_T"
[59] "chr3_155817063_C_T_b38_C" "chr3_155817881_G_T_b38_G"
[61] "chr3_155820265_G_C_b38_G" "chr3_155821612_C_A_b38_C"
[63] "chr3_155821627_C_T_b38_C" "chr3_155823258_A_G_b38_A"
[65] "chr3_155824019_T_G_b38_T" "chr3_155826319_A_G_b38_A"
[67] "chr3_155828905_T_G_b38_T" "chr3_155830407_A_T_b38_A"
[69] "chr3_155830478_G_C_b38_G" "chr3_155831093_G_T_b38_G"
[71] "chr3_155831695_T_A_b38_T" "chr3_155832064_A_G_b38_A"
[73] "chr3_155832602_C_T_b38_C" "chr3_155833355_T_C_b38_T"
[75] "chr3_155834522_G_A_b38_G" "chr3_155835487_C_T_b38_C"
[77] "chr3_155836364_T_C_b38_T" "chr3_155837543_G_C_b38_G"
[79] "chr3_155840588_A_G_b38_A" "chr3_155840589_T_C_b38_T"
[81] "chr3_155840990_A_T_b38_A" "chr3_155841628_A_G_b38_A"
[83] "chr3_155842076_A_G_b38_A" "chr3_155843675_T_A_b38_T"
[85] "chr3_155844035_A_C_b38_A" "chr3_155846744_T_C_b38_T"
[87] "chr3_155847605_G_T_b38_G" "chr3_155848128_G_T_b38_G"
[89] "chr3_155848200_A_G_b38_A" "chr3_155848221_G_A_b38_G"
[91] "chr3_155849269_A_G_b38_A" "chr3_156087612_C_T_b38_C"
[93] "chr3_156114110_A_G_b38_A"

=====================================
Tissue: Adipose Tissue 
=====================================
[1] TRUE
Running SuSiE.

=====================================
Tissue: Adrenal Gland 
=====================================
[1] TRUE
Running SuSiE.

=====================================
Tissue: Blood 
=====================================
[1] TRUE
Running SuSiE.

=====================================
Tissue: Blood Vessel 
=====================================
[1] TRUE
Running SuSiE.

=====================================
Tissue: Brain 
=====================================
[1] TRUE
Running SuSiE.

=====================================
Tissue: Breast 
=====================================
[1] TRUE
Running SuSiE.

=====================================
Tissue: Colon 
=====================================
[1] TRUE
Running SuSiE.

=====================================
Tissue: Esophagus 
=====================================
[1] TRUE
Running SuSiE.

=====================================
Tissue: Heart 
=====================================
[1] TRUE
Running SuSiE.

=====================================
Tissue: Kidney 
=====================================
[1] TRUE
Running SuSiE.

=====================================
Tissue: Liver 
=====================================
[1] TRUE
Running SuSiE.

=====================================
Tissue: Lung 
=====================================
[1] TRUE
Running SuSiE.

=====================================
Tissue: Muscle 
=====================================
[1] TRUE
Running SuSiE.

=====================================
Tissue: Nerve 
=====================================
[1] TRUE
Running SuSiE.

=====================================
Tissue: Ovary 
=====================================
[1] TRUE
Running SuSiE.

=====================================
Tissue: Pancreas 
=====================================
[1] TRUE
Running SuSiE.

=====================================
Tissue: Pituitary 
=====================================
[1] TRUE
Running SuSiE.

=====================================
Tissue: Prostate 
=====================================
[1] TRUE
Running SuSiE.

=====================================
Tissue: Salivary Gland 
=====================================
[1] TRUE
Running SuSiE.

=====================================
Tissue: Skin 
=====================================
[1] TRUE
Running SuSiE.

=====================================
Tissue: Small Intestine 
=====================================
[1] TRUE
Running SuSiE.

=====================================
Tissue: Spleen 
=====================================
[1] TRUE
Running SuSiE.

=====================================
Tissue: Stomach 
=====================================
[1] TRUE
Running SuSiE.

=====================================
Tissue: Testis 
=====================================
[1] TRUE
Running SuSiE.

=====================================
Tissue: Thyroid 
=====================================
[1] TRUE
Running SuSiE.

=====================================
Tissue: Uterus 
=====================================
[1] TRUE
Running SuSiE.

=====================================
Tissue: Vagina 
=====================================
[1] TRUE
Running SuSiE.
[2026-09-01 15:13:32] starting PLCH2
Importing covariate data.
Importing gene expression data.
Found 27 tissues for gene PLCH2 :
 [1] "Adipose Tissue"  "Adrenal Gland"   "Blood"           "Blood Vessel"   
 [5] "Brain"           "Breast"          "Colon"           "Esophagus"      
 [9] "Heart"           "Kidney"          "Liver"           "Lung"           
[13] "Muscle"          "Nerve"           "Ovary"           "Pancreas"       
[17] "Pituitary"       "Prostate"        "Salivary Gland"  "Skin"           
[21] "Small Intestine" "Spleen"          "Stomach"         "Testis"         
[25] "Thyroid"         "Uterus"          "Vagina"         
Extracting genotype data from PLINK file.
PLINK v2.0.0-a.7LM 64-bit Intel (11 Mar 2026)       cog-genomics.org/plink/2.0/
(C) 2005-2026 Shaun Purcell, Christopher Chang    GNU General Public License v3
Logging to /project2/mstephens/wdenault/susie_mix/temp_plink/plink_PLCH2.log.
Options in effect:
  --bfile /project2/mstephens/gtex/GTEx_Analysis_2017-06-05_v8_WholeGenomeSeq_866Indiv
  --chr 1
  --export A
  --from-bp 1925980
  --maf 0
  --max-alleles 2
  --memory 8000
  --out /project2/mstephens/wdenault/susie_mix/temp_plink/plink_PLCH2
  --rm-dup exclude-all
  --snps-only
  --threads 2
  --to-bp 2925980

Start time: Tue Sep  1 15:14:36 2026
63721 MiB RAM detected, ~34547 available; reserving 8000 MiB for main
workspace.
Using up to 2 compute threads.
866 samples (0 females, 0 males, 866 ambiguous; 866 founders) loaded from
/project2/mstephens/gtex/GTEx_Analysis_2017-06-05_v8_WholeGenomeSeq_866Indiv.fam.
67234533 variants in
/project2/mstephens/gtex/GTEx_Analysis_2017-06-05_v8_WholeGenomeSeq_866Indiv.bim;
62424502 excluded by --chr + --max-alleles + --snps-only, 4810031 remaining.
Note: No phenotype data present.
Note: Skipping --rm-dup since no duplicate IDs are present.
35281 variants remaining after main filters.
--export A pass 1/1: loading... 0%31% writing... 0%1%2%3%4%5%6%7%8%9%10%11%12%13%14%15%16%17%18%19%20%21%22%23%24%25%26%27%28%29%30%31%32%33%34%35%36%37%38%39%40%41%42%43%44%45%46%47%48%49%50%51%52%53%54%55%56%57%58%59%60%61%62%63%64%65%66%67%68%69%70%71%72%73%74%75%76%77%78%79%80%81%82%83%84%85%86%87%88%89%90%91%92%93%94%95%96%97%98%99% done.
--export A: /project2/mstephens/wdenault/susie_mix/temp_plink/plink_PLCH2.raw
written.
End time: Tue Sep  1 15:14:42 2026
107 SNP(s) removed because HWE P < 1e-08 :
  [1] "chr1_1926632_G_T_b38_G" "chr1_1926722_C_T_b38_C" "chr1_1927737_T_C_b38_T"
  [4] "chr1_1928702_C_T_b38_C" "chr1_1929937_C_T_b38_C" "chr1_1955424_T_C_b38_T"
  [7] "chr1_1976834_T_C_b38_T" "chr1_1991468_T_C_b38_T" "chr1_1992068_C_T_b38_C"
 [10] "chr1_1993776_A_T_b38_A" "chr1_2055132_C_T_b38_C" "chr1_2056364_G_A_b38_G"
 [13] "chr1_2056821_T_C_b38_T" "chr1_2056929_C_G_b38_C" "chr1_2059723_G_A_b38_G"
 [16] "chr1_2064022_T_G_b38_T" "chr1_2070779_G_A_b38_G" "chr1_2079230_A_G_b38_A"
 [19] "chr1_2103488_A_G_b38_A" "chr1_2103523_C_T_b38_C" "chr1_2212064_A_G_b38_A"
 [22] "chr1_2325032_T_A_b38_T" "chr1_2348590_C_T_b38_C" "chr1_2473606_T_C_b38_T"
 [25] "chr1_2652656_A_C_b38_A" "chr1_2652666_C_A_b38_C" "chr1_2652707_C_A_b38_C"
 [28] "chr1_2652813_A_G_b38_A" "chr1_2652934_C_T_b38_C" "chr1_2653004_C_T_b38_C"
 [31] "chr1_2653041_C_A_b38_C" "chr1_2653084_A_C_b38_A" "chr1_2653099_A_G_b38_A"
 [34] "chr1_2653136_C_A_b38_C" "chr1_2653200_C_A_b38_C" "chr1_2653769_C_G_b38_C"
 [37] "chr1_2653770_C_A_b38_C" "chr1_2653962_A_C_b38_A" "chr1_2654028_C_T_b38_C"
 [40] "chr1_2654144_C_G_b38_C" "chr1_2654177_C_T_b38_C" "chr1_2654185_C_T_b38_C"
 [43] "chr1_2654491_A_C_b38_A" "chr1_2654493_C_A_b38_C" "chr1_2655013_C_A_b38_C"
 [46] "chr1_2655020_T_A_b38_T" "chr1_2655023_G_A_b38_G" "chr1_2655034_C_T_b38_C"
 [49] "chr1_2655711_A_G_b38_A" "chr1_2655734_C_A_b38_C" "chr1_2655785_G_T_b38_G"
 [52] "chr1_2655824_A_G_b38_A" "chr1_2655958_A_T_b38_A" "chr1_2655999_G_T_b38_G"
 [55] "chr1_2656023_G_A_b38_G" "chr1_2656028_T_A_b38_T" "chr1_2656054_C_G_b38_C"
 [58] "chr1_2656055_C_A_b38_C" "chr1_2656250_A_G_b38_A" "chr1_2659958_T_A_b38_T"
 [61] "chr1_2675162_C_G_b38_C" "chr1_2681447_C_T_b38_C" "chr1_2683549_A_G_b38_A"
 [64] "chr1_2683695_C_G_b38_C" "chr1_2684042_G_A_b38_G" "chr1_2684054_C_G_b38_C"
 [67] "chr1_2684055_A_T_b38_A" "chr1_2684196_C_A_b38_C" "chr1_2684396_C_T_b38_C"
 [70] "chr1_2687789_C_T_b38_C" "chr1_2687818_C_T_b38_C" "chr1_2687820_T_A_b38_T"
 [73] "chr1_2687926_C_T_b38_C" "chr1_2688006_C_A_b38_C" "chr1_2688082_C_A_b38_C"
 [76] "chr1_2688088_C_A_b38_C" "chr1_2688153_G_A_b38_G" "chr1_2688248_C_A_b38_C"
 [79] "chr1_2688383_T_C_b38_T" "chr1_2688389_A_T_b38_A" "chr1_2697566_C_A_b38_C"
 [82] "chr1_2750205_C_A_b38_C" "chr1_2750631_G_C_b38_G" "chr1_2750643_C_T_b38_C"
 [85] "chr1_2750646_C_T_b38_C" "chr1_2750652_G_A_b38_G" "chr1_2751371_A_C_b38_A"
 [88] "chr1_2751749_C_A_b38_C" "chr1_2751773_A_T_b38_A" "chr1_2753028_T_A_b38_T"
 [91] "chr1_2754824_G_T_b38_G" "chr1_2754841_C_G_b38_C" "chr1_2756946_C_T_b38_C"
 [94] "chr1_2756972_G_A_b38_G" "chr1_2756999_C_A_b38_C" "chr1_2757006_A_T_b38_A"
 [97] "chr1_2757684_T_C_b38_T" "chr1_2759928_G_T_b38_G" "chr1_2759934_A_C_b38_A"
[100] "chr1_2768235_G_A_b38_G" "chr1_2812670_A_G_b38_A" "chr1_2817022_G_A_b38_G"
[103] "chr1_2873341_C_G_b38_C" "chr1_2877685_A_C_b38_A" "chr1_2882614_G_C_b38_G"
[106] "chr1_2885647_T_C_b38_T" "chr1_2920337_T_C_b38_T"

=====================================
Tissue: Adipose Tissue 
=====================================
[1] TRUE
Running SuSiE.

=====================================
Tissue: Adrenal Gland 
=====================================
[1] TRUE
Running SuSiE.

=====================================
Tissue: Blood 
=====================================
[1] TRUE
Running SuSiE.

=====================================
Tissue: Blood Vessel 
=====================================
[1] TRUE
Running SuSiE.

=====================================
Tissue: Brain 
=====================================
[1] TRUE
Running SuSiE.

=====================================
Tissue: Breast 
=====================================
[1] TRUE
Running SuSiE.

=====================================
Tissue: Colon 
=====================================
[1] TRUE
Running SuSiE.

=====================================
Tissue: Esophagus 
=====================================
[1] TRUE
Running SuSiE.

=====================================
Tissue: Heart 
=====================================
[1] TRUE
Running SuSiE.

=====================================
Tissue: Kidney 
=====================================
[1] TRUE
Running SuSiE.

=====================================
Tissue: Liver 
=====================================
[1] TRUE
Running SuSiE.

=====================================
Tissue: Lung 
=====================================
[1] TRUE
Running SuSiE.

=====================================
Tissue: Muscle 
=====================================
[1] TRUE
Running SuSiE.

=====================================
Tissue: Nerve 
=====================================
[1] TRUE
Running SuSiE.

=====================================
Tissue: Ovary 
=====================================
[1] TRUE
Running SuSiE.

=====================================
Tissue: Pancreas 
=====================================
[1] TRUE
Running SuSiE.

=====================================
Tissue: Pituitary 
=====================================
[1] TRUE
Running SuSiE.

=====================================
Tissue: Prostate 
=====================================
[1] TRUE
Running SuSiE.

=====================================
Tissue: Salivary Gland 
=====================================
[1] TRUE
Running SuSiE.

=====================================
Tissue: Skin 
=====================================
[1] TRUE
Running SuSiE.

=====================================
Tissue: Small Intestine 
=====================================
[1] TRUE
Running SuSiE.

=====================================
Tissue: Spleen 
=====================================
[1] TRUE
Running SuSiE.

=====================================
Tissue: Stomach 
=====================================
[1] TRUE
Running SuSiE.

=====================================
Tissue: Testis 
=====================================
[1] TRUE
Running SuSiE.

=====================================
Tissue: Thyroid 
=====================================
[1] TRUE
Running SuSiE.

=====================================
Tissue: Uterus 
=====================================
[1] TRUE
Running SuSiE.

=====================================
Tissue: Vagina 
=====================================
[1] TRUE
Running SuSiE.
[2026-09-01 15:16:44] starting PLCL1
Importing covariate data.
Importing gene expression data.
Found 27 tissues for gene PLCL1 :
 [1] "Adipose Tissue"  "Adrenal Gland"   "Blood"           "Blood Vessel"   
 [5] "Brain"           "Breast"          "Colon"           "Esophagus"      
 [9] "Heart"           "Kidney"          "Liver"           "Lung"           
[13] "Muscle"          "Nerve"           "Ovary"           "Pancreas"       
[17] "Pituitary"       "Prostate"        "Salivary Gland"  "Skin"           
[21] "Small Intestine" "Spleen"          "Stomach"         "Testis"         
[25] "Thyroid"         "Uterus"          "Vagina"         
Extracting genotype data from PLINK file.
PLINK v2.0.0-a.7LM 64-bit Intel (11 Mar 2026)       cog-genomics.org/plink/2.0/
(C) 2005-2026 Shaun Purcell, Christopher Chang    GNU General Public License v3
Logging to /project2/mstephens/wdenault/susie_mix/temp_plink/plink_PLCL1.log.
Options in effect:
  --bfile /project2/mstephens/gtex/GTEx_Analysis_2017-06-05_v8_WholeGenomeSeq_866Indiv
  --chr 2
  --export A
  --from-bp 197304593
  --maf 0
  --max-alleles 2
  --memory 8000
  --out /project2/mstephens/wdenault/susie_mix/temp_plink/plink_PLCL1
  --rm-dup exclude-all
  --snps-only
  --threads 2
  --to-bp 198304593

Start time: Tue Sep  1 15:17:49 2026
63721 MiB RAM detected, ~34588 available; reserving 8000 MiB for main
workspace.
Using up to 2 compute threads.
866 samples (0 females, 0 males, 866 ambiguous; 866 founders) loaded from
/project2/mstephens/gtex/GTEx_Analysis_2017-06-05_v8_WholeGenomeSeq_866Indiv.fam.
67234533 variants in
/project2/mstephens/gtex/GTEx_Analysis_2017-06-05_v8_WholeGenomeSeq_866Indiv.bim;
62634692 excluded by --chr + --max-alleles + --snps-only, 4599841 remaining.
Note: No phenotype data present.
Note: Skipping --rm-dup since no duplicate IDs are present.
16512 variants remaining after main filters.
--export A pass 1/1: loading... 0%writing... 0%1%2%3%4%5%6%7%8%9%10%11%12%13%14%15%16%17%18%19%20%21%22%23%24%25%26%27%28%29%30%31%32%33%34%35%36%37%38%39%40%41%42%43%44%45%46%47%48%49%50%51%52%53%54%55%56%57%58%59%60%61%62%63%64%65%66%67%68%69%70%71%72%73%74%75%76%77%78%79%80%81%82%83%84%85%86%87%88%89%90%91%92%93%94%95%96%97%98%99% done.
--export A: /project2/mstephens/wdenault/susie_mix/temp_plink/plink_PLCL1.raw
written.
End time: Tue Sep  1 15:17:54 2026
2 SNP(s) removed because HWE P < 1e-08 :
[1] "chr2_197312042_G_A_b38_G" "chr2_198101027_T_C_b38_T"

=====================================
Tissue: Adipose Tissue 
=====================================
[1] TRUE
Running SuSiE.

=====================================
Tissue: Adrenal Gland 
=====================================
[1] TRUE
Running SuSiE.

=====================================
Tissue: Blood 
=====================================
[1] TRUE
Running SuSiE.

=====================================
Tissue: Blood Vessel 
=====================================
[1] TRUE
Running SuSiE.

=====================================
Tissue: Brain 
=====================================
[1] TRUE
Running SuSiE.

=====================================
Tissue: Breast 
=====================================
[1] TRUE
Running SuSiE.

=====================================
Tissue: Colon 
=====================================
[1] TRUE
Running SuSiE.

=====================================
Tissue: Esophagus 
=====================================
[1] TRUE
Running SuSiE.

=====================================
Tissue: Heart 
=====================================
[1] TRUE
Running SuSiE.

=====================================
Tissue: Kidney 
=====================================
[1] TRUE
Running SuSiE.

=====================================
Tissue: Liver 
=====================================
[1] TRUE
Running SuSiE.

=====================================
Tissue: Lung 
=====================================
[1] TRUE
Running SuSiE.

=====================================
Tissue: Muscle 
=====================================
[1] TRUE
Running SuSiE.

=====================================
Tissue: Nerve 
=====================================
[1] TRUE
Running SuSiE.

=====================================
Tissue: Ovary 
=====================================
[1] TRUE
Running SuSiE.

=====================================
Tissue: Pancreas 
=====================================
[1] TRUE
Running SuSiE.

=====================================
Tissue: Pituitary 
=====================================
[1] TRUE
Running SuSiE.

=====================================
Tissue: Prostate 
=====================================
[1] TRUE
Running SuSiE.

=====================================
Tissue: Salivary Gland 
=====================================
[1] TRUE
Running SuSiE.

=====================================
Tissue: Skin 
=====================================
[1] TRUE
Running SuSiE.

=====================================
Tissue: Small Intestine 
=====================================
[1] TRUE
Running SuSiE.

=====================================
Tissue: Spleen 
=====================================
[1] TRUE
Running SuSiE.

=====================================
Tissue: Stomach 
=====================================
[1] TRUE
Running SuSiE.

=====================================
Tissue: Testis 
=====================================
[1] TRUE
Running SuSiE.

=====================================
Tissue: Thyroid 
=====================================
[1] TRUE
Running SuSiE.

=====================================
Tissue: Uterus 
=====================================
[1] TRUE
Running SuSiE.

=====================================
Tissue: Vagina 
=====================================
[1] TRUE
Running SuSiE.
[2026-09-01 15:19:11] starting PLCL2
Importing covariate data.
Importing gene expression data.
Found 27 tissues for gene PLCL2 :
 [1] "Adipose Tissue"  "Adrenal Gland"   "Blood"           "Blood Vessel"   
 [5] "Brain"           "Breast"          "Colon"           "Esophagus"      
 [9] "Heart"           "Kidney"          "Liver"           "Lung"           
[13] "Muscle"          "Nerve"           "Ovary"           "Pancreas"       
[17] "Pituitary"       "Prostate"        "Salivary Gland"  "Skin"           
[21] "Small Intestine" "Spleen"          "Stomach"         "Testis"         
[25] "Thyroid"         "Uterus"          "Vagina"         
Extracting genotype data from PLINK file.
PLINK v2.0.0-a.7LM 64-bit Intel (11 Mar 2026)       cog-genomics.org/plink/2.0/
(C) 2005-2026 Shaun Purcell, Christopher Chang    GNU General Public License v3
Logging to /project2/mstephens/wdenault/susie_mix/temp_plink/plink_PLCL2.log.
Options in effect:
  --bfile /project2/mstephens/gtex/GTEx_Analysis_2017-06-05_v8_WholeGenomeSeq_866Indiv
  --chr 3
  --export A
  --from-bp 16302651
  --maf 0
  --max-alleles 2
  --memory 8000
  --out /project2/mstephens/wdenault/susie_mix/temp_plink/plink_PLCL2
  --rm-dup exclude-all
  --snps-only
  --threads 2
  --to-bp 17302651

Start time: Tue Sep  1 15:20:17 2026
63721 MiB RAM detected, ~27107 available; reserving 8000 MiB for main
workspace.
Using up to 2 compute threads.
866 samples (0 females, 0 males, 866 ambiguous; 866 founders) loaded from
/project2/mstephens/gtex/GTEx_Analysis_2017-06-05_v8_WholeGenomeSeq_866Indiv.fam.
67234533 variants in
/project2/mstephens/gtex/GTEx_Analysis_2017-06-05_v8_WholeGenomeSeq_866Indiv.bim;
63427992 excluded by --chr + --max-alleles + --snps-only, 3806541 remaining.
Note: No phenotype data present.
Note: Skipping --rm-dup since no duplicate IDs are present.
17914 variants remaining after main filters.
--export A pass 1/1: loading... 0%23% writing... 0%1%2%3%4%5%6%7%8%9%10%11%12%13%14%15%16%17%18%19%20%21%22%23%24%25%26%27%28%29%30%31%32%33%34%35%36%37%38%39%40%41%42%43%44%45%46%47%48%49%50%51%52%53%54%55%56%57%58%59%60%61%62%63%64%65%66%67%68%69%70%71%72%73%74%75%76%77%78%79%80%81%82%83%84%85%86%87%88%89%90%91%92%93%94%95%96%97%98%99% done.
--export A: /project2/mstephens/wdenault/susie_mix/temp_plink/plink_PLCL2.raw
written.
End time: Tue Sep  1 15:20:22 2026
4 SNP(s) removed because HWE P < 1e-08 :
[1] "chr3_17114573_C_T_b38_C" "chr3_17114609_G_T_b38_G"
[3] "chr3_17115035_T_A_b38_T" "chr3_17116094_C_T_b38_C"

=====================================
Tissue: Adipose Tissue 
=====================================
[1] TRUE
Running SuSiE.

=====================================
Tissue: Adrenal Gland 
=====================================
[1] TRUE
Running SuSiE.

=====================================
Tissue: Blood 
=====================================
[1] TRUE
Running SuSiE.

=====================================
Tissue: Blood Vessel 
=====================================
[1] TRUE
Running SuSiE.

=====================================
Tissue: Brain 
=====================================
[1] TRUE
Running SuSiE.

=====================================
Tissue: Breast 
=====================================
[1] TRUE
Running SuSiE.

=====================================
Tissue: Colon 
=====================================
[1] TRUE
Running SuSiE.

=====================================
Tissue: Esophagus 
=====================================
[1] TRUE
Running SuSiE.

=====================================
Tissue: Heart 
=====================================
[1] TRUE
Running SuSiE.

=====================================
Tissue: Kidney 
=====================================
[1] TRUE
Running SuSiE.

=====================================
Tissue: Liver 
=====================================
[1] TRUE
Running SuSiE.

=====================================
Tissue: Lung 
=====================================
[1] TRUE
Running SuSiE.

=====================================
Tissue: Muscle 
=====================================
[1] TRUE
Running SuSiE.

=====================================
Tissue: Nerve 
=====================================
[1] TRUE
Running SuSiE.

=====================================
Tissue: Ovary 
=====================================
[1] TRUE
Running SuSiE.

=====================================
Tissue: Pancreas 
=====================================
[1] TRUE
Running SuSiE.

=====================================
Tissue: Pituitary 
=====================================
[1] TRUE
Running SuSiE.

=====================================
Tissue: Prostate 
=====================================
[1] TRUE
Running SuSiE.

=====================================
Tissue: Salivary Gland 
=====================================
[1] TRUE
Running SuSiE.

=====================================
Tissue: Skin 
=====================================
[1] TRUE
Running SuSiE.

=====================================
Tissue: Small Intestine 
=====================================
[1] TRUE
Running SuSiE.

=====================================
Tissue: Spleen 
=====================================
[1] TRUE
Running SuSiE.

=====================================
Tissue: Stomach 
=====================================
[1] TRUE
Running SuSiE.

=====================================
Tissue: Testis 
=====================================
[1] TRUE
Running SuSiE.

=====================================
Tissue: Thyroid 
=====================================
[1] TRUE
Running SuSiE.

=====================================
Tissue: Uterus 
=====================================
[1] TRUE
Running SuSiE.

=====================================
Tissue: Vagina 
=====================================
[1] TRUE
Running SuSiE.
[2026-09-01 15:22:25] starting PLCXD1
Importing covariate data.
Importing gene expression data.
Found 27 tissues for gene PLCXD1 :
 [1] "Adipose Tissue"  "Adrenal Gland"   "Blood"           "Blood Vessel"   
 [5] "Brain"           "Breast"          "Colon"           "Esophagus"      
 [9] "Heart"           "Kidney"          "Liver"           "Lung"           
[13] "Muscle"          "Nerve"           "Ovary"           "Pancreas"       
[17] "Pituitary"       "Prostate"        "Salivary Gland"  "Skin"           
[21] "Small Intestine" "Spleen"          "Stomach"         "Testis"         
[25] "Thyroid"         "Uterus"          "Vagina"         
Extracting genotype data from PLINK file.
PLINK v2.0.0-a.7LM 64-bit Intel (11 Mar 2026)       cog-genomics.org/plink/2.0/
(C) 2005-2026 Shaun Purcell, Christopher Chang    GNU General Public License v3
Logging to /project2/mstephens/wdenault/susie_mix/temp_plink/plink_PLCXD1.log.
Options in effect:
  --bfile /project2/mstephens/gtex/GTEx_Analysis_2017-06-05_v8_WholeGenomeSeq_866Indiv
  --chr X
  --export A
  --from-bp 0
  --maf 0
  --max-alleles 2
  --memory 8000
  --out /project2/mstephens/wdenault/susie_mix/temp_plink/plink_PLCXD1
  --rm-dup exclude-all
  --snps-only
  --threads 2
  --to-bp 776322

Start time: Tue Sep  1 15:23:32 2026
63721 MiB RAM detected, ~23406 available; reserving 8000 MiB for main
workspace.
Using up to 2 compute threads.
866 samples (0 females, 0 males, 866 ambiguous; 866 founders) loaded from
/project2/mstephens/gtex/GTEx_Analysis_2017-06-05_v8_WholeGenomeSeq_866Indiv.fam.
End time: Tue Sep  1 15:23:38 2026
[2026-09-01 15:23:39] starting PLCXD2
Importing covariate data.
Importing gene expression data.
Found 27 tissues for gene PLCXD2 :
 [1] "Adipose Tissue"  "Adrenal Gland"   "Blood"           "Blood Vessel"   
 [5] "Brain"           "Breast"          "Colon"           "Esophagus"      
 [9] "Heart"           "Kidney"          "Liver"           "Lung"           
[13] "Muscle"          "Nerve"           "Ovary"           "Pancreas"       
[17] "Pituitary"       "Prostate"        "Salivary Gland"  "Skin"           
[21] "Small Intestine" "Spleen"          "Stomach"         "Testis"         
[25] "Thyroid"         "Uterus"          "Vagina"         
Extracting genotype data from PLINK file.
PLINK v2.0.0-a.7LM 64-bit Intel (11 Mar 2026)       cog-genomics.org/plink/2.0/
(C) 2005-2026 Shaun Purcell, Christopher Chang    GNU General Public License v3
Logging to /project2/mstephens/wdenault/susie_mix/temp_plink/plink_PLCXD2.log.
Options in effect:
  --bfile /project2/mstephens/gtex/GTEx_Analysis_2017-06-05_v8_WholeGenomeSeq_866Indiv
  --chr 3
  --export A
  --from-bp 111174676
  --maf 0
  --max-alleles 2
  --memory 8000
  --out /project2/mstephens/wdenault/susie_mix/temp_plink/plink_PLCXD2
  --rm-dup exclude-all
  --snps-only
  --threads 2
  --to-bp 112174676

Start time: Tue Sep  1 15:24:46 2026
63721 MiB RAM detected, ~23347 available; reserving 8000 MiB for main
workspace.
Using up to 2 compute threads.
866 samples (0 females, 0 males, 866 ambiguous; 866 founders) loaded from
/project2/mstephens/gtex/GTEx_Analysis_2017-06-05_v8_WholeGenomeSeq_866Indiv.fam.
67234533 variants in
/project2/mstephens/gtex/GTEx_Analysis_2017-06-05_v8_WholeGenomeSeq_866Indiv.bim;
63427992 excluded by --chr + --max-alleles + --snps-only, 3806541 remaining.
Note: No phenotype data present.
Note: Skipping --rm-dup since no duplicate IDs are present.
17477 variants remaining after main filters.
--export A pass 1/1: loading... 0%writing... 0%1%2%3%4%5%6%7%8%9%10%11%12%13%14%15%16%17%18%19%20%21%22%23%24%25%26%27%28%29%30%31%32%33%34%35%36%37%38%39%40%41%42%43%44%45%46%47%48%49%50%51%52%53%54%55%56%57%58%59%60%61%62%63%64%65%66%67%68%69%70%71%72%73%74%75%76%77%78%79%80%81%82%83%84%85%86%87%88%89%90%91%92%93%94%95%96%97%98%99% done.
--export A: /project2/mstephens/wdenault/susie_mix/temp_plink/plink_PLCXD2.raw
written.
End time: Tue Sep  1 15:24:53 2026
30 SNP(s) removed because HWE P < 1e-08 :
 [1] "chr3_111175609_G_C_b38_G" "chr3_111176589_T_G_b38_T"
 [3] "chr3_111177853_G_A_b38_G" "chr3_111177956_T_C_b38_T"
 [5] "chr3_111179327_C_T_b38_C" "chr3_111187428_C_T_b38_C"
 [7] "chr3_111192020_T_C_b38_T" "chr3_111194983_C_A_b38_C"
 [9] "chr3_111199824_G_A_b38_G" "chr3_111207676_G_C_b38_G"
[11] "chr3_111209839_G_T_b38_G" "chr3_111210244_A_G_b38_A"
[13] "chr3_111333514_A_G_b38_A" "chr3_111555676_C_G_b38_C"
[15] "chr3_111555758_G_T_b38_G" "chr3_111555973_G_A_b38_G"
[17] "chr3_111556013_G_A_b38_G" "chr3_111556067_T_A_b38_T"
[19] "chr3_111556075_C_T_b38_C" "chr3_111556111_C_T_b38_C"
[21] "chr3_111556112_A_G_b38_A" "chr3_111594610_T_C_b38_T"
[23] "chr3_111830296_A_G_b38_A" "chr3_111831473_C_G_b38_C"
[25] "chr3_111835381_T_C_b38_T" "chr3_111836094_A_G_b38_A"
[27] "chr3_111877222_C_G_b38_C" "chr3_112089263_C_T_b38_C"
[29] "chr3_112164501_A_G_b38_A" "chr3_112164507_G_T_b38_G"

=====================================
Tissue: Adipose Tissue 
=====================================
[1] TRUE
Running SuSiE.

=====================================
Tissue: Adrenal Gland 
=====================================
[1] TRUE
Running SuSiE.

=====================================
Tissue: Blood 
=====================================
[1] TRUE
Running SuSiE.

=====================================
Tissue: Blood Vessel 
=====================================
[1] TRUE
Running SuSiE.

=====================================
Tissue: Brain 
=====================================
[1] TRUE
Running SuSiE.

=====================================
Tissue: Breast 
=====================================
[1] TRUE
Running SuSiE.

=====================================
Tissue: Colon 
=====================================
[1] TRUE
Running SuSiE.

=====================================
Tissue: Esophagus 
=====================================
[1] TRUE
Running SuSiE.

=====================================
Tissue: Heart 
=====================================
[1] TRUE
Running SuSiE.

=====================================
Tissue: Kidney 
=====================================
[1] TRUE
Running SuSiE.

=====================================
Tissue: Liver 
=====================================
[1] TRUE
Running SuSiE.

=====================================
Tissue: Lung 
=====================================
[1] TRUE
Running SuSiE.

=====================================
Tissue: Muscle 
=====================================
[1] TRUE
Running SuSiE.

=====================================
Tissue: Nerve 
=====================================
[1] TRUE
Running SuSiE.

=====================================
Tissue: Ovary 
=====================================
[1] TRUE
Running SuSiE.

=====================================
Tissue: Pancreas 
=====================================
[1] TRUE
Running SuSiE.

=====================================
Tissue: Pituitary 
=====================================
[1] TRUE
Running SuSiE.

=====================================
Tissue: Prostate 
=====================================
[1] TRUE
Running SuSiE.

=====================================
Tissue: Salivary Gland 
=====================================
[1] TRUE
Running SuSiE.

=====================================
Tissue: Skin 
=====================================
[1] TRUE
Running SuSiE.

=====================================
Tissue: Small Intestine 
=====================================
[1] TRUE
Running SuSiE.

=====================================
Tissue: Spleen 
=====================================
[1] TRUE
Running SuSiE.

=====================================
Tissue: Stomach 
=====================================
[1] TRUE
Running SuSiE.

=====================================
Tissue: Testis 
=====================================
[1] TRUE
Running SuSiE.

=====================================
Tissue: Thyroid 
=====================================
[1] TRUE
Running SuSiE.

=====================================
Tissue: Uterus 
=====================================
[1] TRUE
Running SuSiE.

=====================================
Tissue: Vagina 
=====================================
[1] TRUE
Running SuSiE.
[2026-09-01 15:26:56] starting PLCXD3
Importing covariate data.
Importing gene expression data.
Found 27 tissues for gene PLCXD3 :
 [1] "Adipose Tissue"  "Adrenal Gland"   "Blood"           "Blood Vessel"   
 [5] "Brain"           "Breast"          "Colon"           "Esophagus"      
 [9] "Heart"           "Kidney"          "Liver"           "Lung"           
[13] "Muscle"          "Nerve"           "Ovary"           "Pancreas"       
[17] "Pituitary"       "Prostate"        "Salivary Gland"  "Skin"           
[21] "Small Intestine" "Spleen"          "Stomach"         "Testis"         
[25] "Thyroid"         "Uterus"          "Vagina"         
Extracting genotype data from PLINK file.
PLINK v2.0.0-a.7LM 64-bit Intel (11 Mar 2026)       cog-genomics.org/plink/2.0/
(C) 2005-2026 Shaun Purcell, Christopher Chang    GNU General Public License v3
Logging to /project2/mstephens/wdenault/susie_mix/temp_plink/plink_PLCXD3.log.
Options in effect:
  --bfile /project2/mstephens/gtex/GTEx_Analysis_2017-06-05_v8_WholeGenomeSeq_866Indiv
  --chr 5
  --export A
  --from-bp 41010628
  --maf 0
  --max-alleles 2
  --memory 8000
  --out /project2/mstephens/wdenault/susie_mix/temp_plink/plink_PLCXD3
  --rm-dup exclude-all
  --snps-only
  --threads 2
  --to-bp 42010628

Start time: Tue Sep  1 15:28:04 2026
63721 MiB RAM detected, ~23333 available; reserving 8000 MiB for main
workspace.
Using up to 2 compute threads.
866 samples (0 females, 0 males, 866 ambiguous; 866 founders) loaded from
/project2/mstephens/gtex/GTEx_Analysis_2017-06-05_v8_WholeGenomeSeq_866Indiv.fam.
67234533 variants in
/project2/mstephens/gtex/GTEx_Analysis_2017-06-05_v8_WholeGenomeSeq_866Indiv.bim;
63805389 excluded by --chr + --max-alleles + --snps-only, 3429144 remaining.
Note: No phenotype data present.
Note: Skipping --rm-dup since no duplicate IDs are present.
18418 variants remaining after main filters.
--export A pass 1/1: loading... 0%45% writing... 0%1%2%3%4%5%6%7%8%9%10%11%12%13%14%15%16%17%18%19%20%21%22%23%24%25%26%27%28%29%30%31%32%33%34%35%36%37%38%39%40%41%42%43%44%45%46%47%48%49%50%51%52%53%54%55%56%57%58%59%60%61%62%63%64%65%66%67%68%69%70%71%72%73%74%75%76%77%78%79%80%81%82%83%84%85%86%87%88%89%90%91%92%93%94%95%96%97%98%99% done.
--export A: /project2/mstephens/wdenault/susie_mix/temp_plink/plink_PLCXD3.raw
written.
End time: Tue Sep  1 15:28:11 2026
8 SNP(s) removed because HWE P < 1e-08 :
[1] "chr5_41220521_G_C_b38_G" "chr5_41242319_T_C_b38_T"
[3] "chr5_41492031_G_A_b38_G" "chr5_41492035_G_A_b38_G"
[5] "chr5_41492045_T_C_b38_T" "chr5_41492071_A_T_b38_A"
[7] "chr5_41492098_C_T_b38_C" "chr5_41492304_G_C_b38_G"

=====================================
Tissue: Adipose Tissue 
=====================================
[1] TRUE
Running SuSiE.

=====================================
Tissue: Adrenal Gland 
=====================================
[1] TRUE
Running SuSiE.

=====================================
Tissue: Blood 
=====================================
[1] TRUE
Running SuSiE.

=====================================
Tissue: Blood Vessel 
=====================================
[1] TRUE
Running SuSiE.

=====================================
Tissue: Brain 
=====================================
[1] TRUE
Running SuSiE.

=====================================
Tissue: Breast 
=====================================
[1] TRUE
Running SuSiE.

=====================================
Tissue: Colon 
=====================================
[1] TRUE
Running SuSiE.

=====================================
Tissue: Esophagus 
=====================================
[1] TRUE
Running SuSiE.

=====================================
Tissue: Heart 
=====================================
[1] TRUE
Running SuSiE.

=====================================
Tissue: Kidney 
=====================================
[1] TRUE
Running SuSiE.

=====================================
Tissue: Liver 
=====================================
[1] TRUE
Running SuSiE.

=====================================
Tissue: Lung 
=====================================
[1] TRUE
Running SuSiE.

=====================================
Tissue: Muscle 
=====================================
[1] TRUE
Running SuSiE.

=====================================
Tissue: Nerve 
=====================================
[1] TRUE
Running SuSiE.

=====================================
Tissue: Ovary 
=====================================
[1] TRUE
Running SuSiE.

=====================================
Tissue: Pancreas 
=====================================
[1] TRUE
Running SuSiE.

=====================================
Tissue: Pituitary 
=====================================
[1] TRUE
Running SuSiE.

=====================================
Tissue: Prostate 
=====================================
[1] TRUE
Running SuSiE.

=====================================
Tissue: Salivary Gland 
=====================================
[1] TRUE
Running SuSiE.

=====================================
Tissue: Skin 
=====================================
[1] TRUE
Running SuSiE.

=====================================
Tissue: Small Intestine 
=====================================
[1] TRUE
Running SuSiE.

=====================================
Tissue: Spleen 
=====================================
[1] TRUE
Running SuSiE.

=====================================
Tissue: Stomach 
=====================================
[1] TRUE
Running SuSiE.

=====================================
Tissue: Testis 
=====================================
[1] TRUE
Running SuSiE.

=====================================
Tissue: Thyroid 
=====================================
[1] TRUE
Running SuSiE.

=====================================
Tissue: Uterus 
=====================================
[1] TRUE
Running SuSiE.

=====================================
Tissue: Vagina 
=====================================
[1] TRUE
Running SuSiE.
[2026-09-01 15:30:05] starting PLCZ1
Importing covariate data.
Importing gene expression data.
Found 27 tissues for gene PLCZ1 :
 [1] "Adipose Tissue"  "Adrenal Gland"   "Blood"           "Blood Vessel"   
 [5] "Brain"           "Breast"          "Colon"           "Esophagus"      
 [9] "Heart"           "Kidney"          "Liver"           "Lung"           
[13] "Muscle"          "Nerve"           "Ovary"           "Pancreas"       
[17] "Pituitary"       "Prostate"        "Salivary Gland"  "Skin"           
[21] "Small Intestine" "Spleen"          "Stomach"         "Testis"         
[25] "Thyroid"         "Uterus"          "Vagina"         
Extracting genotype data from PLINK file.
PLINK v2.0.0-a.7LM 64-bit Intel (11 Mar 2026)       cog-genomics.org/plink/2.0/
(C) 2005-2026 Shaun Purcell, Christopher Chang    GNU General Public License v3
Logging to /project2/mstephens/wdenault/susie_mix/temp_plink/plink_PLCZ1.log.
Options in effect:
  --bfile /project2/mstephens/gtex/GTEx_Analysis_2017-06-05_v8_WholeGenomeSeq_866Indiv
  --chr 12
  --export A
  --from-bp 18238100
  --maf 0
  --max-alleles 2
  --memory 8000
  --out /project2/mstephens/wdenault/susie_mix/temp_plink/plink_PLCZ1
  --rm-dup exclude-all
  --snps-only
  --threads 2
  --to-bp 19238100

Start time: Tue Sep  1 15:31:12 2026
63721 MiB RAM detected, ~27073 available; reserving 8000 MiB for main
workspace.
Using up to 2 compute threads.
866 samples (0 females, 0 males, 866 ambiguous; 866 founders) loaded from
/project2/mstephens/gtex/GTEx_Analysis_2017-06-05_v8_WholeGenomeSeq_866Indiv.fam.
67234533 variants in
/project2/mstephens/gtex/GTEx_Analysis_2017-06-05_v8_WholeGenomeSeq_866Indiv.bim;
64641234 excluded by --chr + --max-alleles + --snps-only, 2593299 remaining.
Note: No phenotype data present.
Note: Skipping --rm-dup since no duplicate IDs are present.
18189 variants remaining after main filters.
--export A pass 1/1: loading... 0%writing... 0%1%2%3%4%5%6%7%8%9%10%11%12%13%14%15%16%17%18%19%20%21%22%23%24%25%26%27%28%29%30%31%32%33%34%35%36%37%38%39%40%41%42%43%44%45%46%47%48%49%50%51%52%53%54%55%56%57%58%59%60%61%62%63%64%65%66%67%68%69%70%71%72%73%74%75%76%77%78%79%80%81%82%83%84%85%86%87%88%89%90%91%92%93%94%95%96%97%98%99% done.
--export A: /project2/mstephens/wdenault/susie_mix/temp_plink/plink_PLCZ1.raw
written.
End time: Tue Sep  1 15:31:18 2026
20 SNP(s) removed because HWE P < 1e-08 :
 [1] "chr12_18315134_T_A_b38_T" "chr12_18550881_A_G_b38_A"
 [3] "chr12_18553090_A_G_b38_A" "chr12_18553880_G_C_b38_G"
 [5] "chr12_18565183_A_T_b38_A" "chr12_18567491_T_C_b38_T"
 [7] "chr12_18574625_T_C_b38_T" "chr12_18575098_A_G_b38_A"
 [9] "chr12_18798947_A_C_b38_A" "chr12_18934216_C_T_b38_C"
[11] "chr12_19035007_T_C_b38_T" "chr12_19036290_G_A_b38_G"
[13] "chr12_19046110_G_A_b38_G" "chr12_19085969_A_C_b38_A"
[15] "chr12_19121033_C_T_b38_C" "chr12_19125994_A_G_b38_A"
[17] "chr12_19135574_A_C_b38_A" "chr12_19140978_T_G_b38_T"
[19] "chr12_19146456_C_T_b38_C" "chr12_19153510_C_T_b38_C"

=====================================
Tissue: Adipose Tissue 
=====================================
[1] TRUE
Running SuSiE.

=====================================
Tissue: Adrenal Gland 
=====================================
[1] TRUE
Running SuSiE.

=====================================
Tissue: Blood 
=====================================
[1] TRUE
Running SuSiE.

=====================================
Tissue: Blood Vessel 
=====================================
[1] TRUE
Running SuSiE.

=====================================
Tissue: Brain 
=====================================
[1] TRUE
Running SuSiE.

=====================================
Tissue: Breast 
=====================================
[1] TRUE
Running SuSiE.

=====================================
Tissue: Colon 
=====================================
[1] TRUE
Running SuSiE.

=====================================
Tissue: Esophagus 
=====================================
[1] TRUE
Running SuSiE.

=====================================
Tissue: Heart 
=====================================
[1] TRUE
Running SuSiE.

=====================================
Tissue: Kidney 
=====================================
[1] TRUE
Running SuSiE.

=====================================
Tissue: Liver 
=====================================
[1] TRUE
Running SuSiE.

=====================================
Tissue: Lung 
=====================================
[1] TRUE
Running SuSiE.

=====================================
Tissue: Muscle 
=====================================
[1] TRUE
Running SuSiE.

=====================================
Tissue: Nerve 
=====================================
[1] TRUE
Running SuSiE.

=====================================
Tissue: Ovary 
=====================================
[1] TRUE
Running SuSiE.

=====================================
Tissue: Pancreas 
=====================================
[1] TRUE
Running SuSiE.

=====================================
Tissue: Pituitary 
=====================================
[1] TRUE
Running SuSiE.

=====================================
Tissue: Prostate 
=====================================
[1] TRUE
Running SuSiE.

=====================================
Tissue: Salivary Gland 
=====================================
[1] TRUE
Running SuSiE.

=====================================
Tissue: Skin 
=====================================
[1] TRUE
Running SuSiE.

=====================================
Tissue: Small Intestine 
=====================================
[1] TRUE
Running SuSiE.

=====================================
Tissue: Spleen 
=====================================
[1] TRUE
Running SuSiE.

=====================================
Tissue: Stomach 
=====================================
[1] TRUE
Running SuSiE.

=====================================
Tissue: Testis 
=====================================
[1] TRUE
Running SuSiE.

=====================================
Tissue: Thyroid 
=====================================
[1] TRUE
Running SuSiE.

=====================================
Tissue: Uterus 
=====================================
[1] TRUE
Running SuSiE.

=====================================
Tissue: Vagina 
=====================================
[1] TRUE
Running SuSiE.
[2026-09-01 15:33:08] starting PLD1
Importing covariate data.
Importing gene expression data.
Found 27 tissues for gene PLD1 :
 [1] "Adipose Tissue"  "Adrenal Gland"   "Blood"           "Blood Vessel"   
 [5] "Brain"           "Breast"          "Colon"           "Esophagus"      
 [9] "Heart"           "Kidney"          "Liver"           "Lung"           
[13] "Muscle"          "Nerve"           "Ovary"           "Pancreas"       
[17] "Pituitary"       "Prostate"        "Salivary Gland"  "Skin"           
[21] "Small Intestine" "Spleen"          "Stomach"         "Testis"         
[25] "Thyroid"         "Uterus"          "Vagina"         
Extracting genotype data from PLINK file.
PLINK v2.0.0-a.7LM 64-bit Intel (11 Mar 2026)       cog-genomics.org/plink/2.0/
(C) 2005-2026 Shaun Purcell, Christopher Chang    GNU General Public License v3
Logging to /project2/mstephens/wdenault/susie_mix/temp_plink/plink_PLD1.log.
Options in effect:
  --bfile /project2/mstephens/gtex/GTEx_Analysis_2017-06-05_v8_WholeGenomeSeq_866Indiv
  --chr 3
  --export A
  --from-bp 171310950
  --maf 0
  --max-alleles 2
  --memory 8000
  --out /project2/mstephens/wdenault/susie_mix/temp_plink/plink_PLD1
  --rm-dup exclude-all
  --snps-only
  --threads 2
  --to-bp 172310950

Start time: Tue Sep  1 15:34:12 2026
63721 MiB RAM detected, ~27140 available; reserving 8000 MiB for main
workspace.
Using up to 2 compute threads.
866 samples (0 females, 0 males, 866 ambiguous; 866 founders) loaded from
/project2/mstephens/gtex/GTEx_Analysis_2017-06-05_v8_WholeGenomeSeq_866Indiv.fam.
67234533 variants in
/project2/mstephens/gtex/GTEx_Analysis_2017-06-05_v8_WholeGenomeSeq_866Indiv.bim;
63427992 excluded by --chr + --max-alleles + --snps-only, 3806541 remaining.
Note: No phenotype data present.
Note: Skipping --rm-dup since no duplicate IDs are present.
17934 variants remaining after main filters.
--export A pass 1/1: loading... 0%writing... 0%1%2%3%4%5%6%7%8%9%10%11%12%13%14%15%16%17%18%19%20%21%22%23%24%25%26%27%28%29%30%31%32%33%34%35%36%37%38%39%40%41%42%43%44%45%46%47%48%49%50%51%52%53%54%55%56%57%58%59%60%61%62%63%64%65%66%67%68%69%70%71%72%73%74%75%76%77%78%79%80%81%82%83%84%85%86%87%88%89%90%91%92%93%94%95%96%97%98%99% done.
--export A: /project2/mstephens/wdenault/susie_mix/temp_plink/plink_PLD1.raw
written.
End time: Tue Sep  1 15:34:17 2026
11 SNP(s) removed because HWE P < 1e-08 :
 [1] "chr3_171493340_C_T_b38_C" "chr3_171495013_G_T_b38_G"
 [3] "chr3_171501225_C_T_b38_C" "chr3_171505620_C_A_b38_C"
 [5] "chr3_171581300_T_C_b38_T" "chr3_171774573_G_C_b38_G"
 [7] "chr3_171901142_T_C_b38_T" "chr3_171969543_G_A_b38_G"
 [9] "chr3_172073802_C_T_b38_C" "chr3_172153269_T_C_b38_T"
[11] "chr3_172289843_G_A_b38_G"

=====================================
Tissue: Adipose Tissue 
=====================================
[1] TRUE
Running SuSiE.

=====================================
Tissue: Adrenal Gland 
=====================================
[1] TRUE
Running SuSiE.

=====================================
Tissue: Blood 
=====================================
[1] TRUE
Running SuSiE.

=====================================
Tissue: Blood Vessel 
=====================================
[1] TRUE
Running SuSiE.

=====================================
Tissue: Brain 
=====================================
[1] TRUE
Running SuSiE.

=====================================
Tissue: Breast 
=====================================
[1] TRUE
Running SuSiE.

=====================================
Tissue: Colon 
=====================================
[1] TRUE
Running SuSiE.

=====================================
Tissue: Esophagus 
=====================================
[1] TRUE
Running SuSiE.

=====================================
Tissue: Heart 
=====================================
[1] TRUE
Running SuSiE.

=====================================
Tissue: Kidney 
=====================================
[1] TRUE
Running SuSiE.

=====================================
Tissue: Liver 
=====================================
[1] TRUE
Running SuSiE.

=====================================
Tissue: Lung 
=====================================
[1] TRUE
Running SuSiE.

=====================================
Tissue: Muscle 
=====================================
[1] TRUE
Running SuSiE.

=====================================
Tissue: Nerve 
=====================================
[1] TRUE
Running SuSiE.

=====================================
Tissue: Ovary 
=====================================
[1] TRUE
Running SuSiE.

=====================================
Tissue: Pancreas 
=====================================
[1] TRUE
Running SuSiE.

=====================================
Tissue: Pituitary 
=====================================
[1] TRUE
Running SuSiE.

=====================================
Tissue: Prostate 
=====================================
[1] TRUE
Running SuSiE.

=====================================
Tissue: Salivary Gland 
=====================================
[1] TRUE
Running SuSiE.

=====================================
Tissue: Skin 
=====================================
[1] TRUE
Running SuSiE.

=====================================
Tissue: Small Intestine 
=====================================
[1] TRUE
Running SuSiE.

=====================================
Tissue: Spleen 
=====================================
[1] TRUE
Running SuSiE.

=====================================
Tissue: Stomach 
=====================================
[1] TRUE
Running SuSiE.

=====================================
Tissue: Testis 
=====================================
[1] TRUE
Running SuSiE.

=====================================
Tissue: Thyroid 
=====================================
[1] TRUE
Running SuSiE.

=====================================
Tissue: Uterus 
=====================================
[1] TRUE
Running SuSiE.

=====================================
Tissue: Vagina 
=====================================
[1] TRUE
Running SuSiE.
[2026-09-01 15:36:21] starting PLD2
Importing covariate data.
Importing gene expression data.
Found 27 tissues for gene PLD2 :
 [1] "Adipose Tissue"  "Adrenal Gland"   "Blood"           "Blood Vessel"   
 [5] "Brain"           "Breast"          "Colon"           "Esophagus"      
 [9] "Heart"           "Kidney"          "Liver"           "Lung"           
[13] "Muscle"          "Nerve"           "Ovary"           "Pancreas"       
[17] "Pituitary"       "Prostate"        "Salivary Gland"  "Skin"           
[21] "Small Intestine" "Spleen"          "Stomach"         "Testis"         
[25] "Thyroid"         "Uterus"          "Vagina"         
Extracting genotype data from PLINK file.
PLINK v2.0.0-a.7LM 64-bit Intel (11 Mar 2026)       cog-genomics.org/plink/2.0/
(C) 2005-2026 Shaun Purcell, Christopher Chang    GNU General Public License v3
Logging to /project2/mstephens/wdenault/susie_mix/temp_plink/plink_PLD2.log.
Options in effect:
  --bfile /project2/mstephens/gtex/GTEx_Analysis_2017-06-05_v8_WholeGenomeSeq_866Indiv
  --chr 17
  --export A
  --from-bp 4307152
  --maf 0
  --max-alleles 2
  --memory 8000
  --out /project2/mstephens/wdenault/susie_mix/temp_plink/plink_PLD2
  --rm-dup exclude-all
  --snps-only
  --threads 2
  --to-bp 5307152

Start time: Tue Sep  1 15:37:26 2026
63721 MiB RAM detected, ~27101 available; reserving 8000 MiB for main
workspace.
Using up to 2 compute threads.
866 samples (0 females, 0 males, 866 ambiguous; 866 founders) loaded from
/project2/mstephens/gtex/GTEx_Analysis_2017-06-05_v8_WholeGenomeSeq_866Indiv.fam.
67234533 variants in
/project2/mstephens/gtex/GTEx_Analysis_2017-06-05_v8_WholeGenomeSeq_866Indiv.bim;
65601655 excluded by --chr + --max-alleles + --snps-only, 1632878 remaining.
Note: No phenotype data present.
Note: Skipping --rm-dup since no duplicate IDs are present.
21851 variants remaining after main filters.
--export A pass 1/1: loading... 0%98% writing... 0%1%2%3%4%5%6%7%8%9%10%11%12%13%14%15%16%17%18%19%20%21%22%23%24%25%26%27%28%29%30%31%32%33%34%35%36%37%38%39%40%41%42%43%44%45%46%47%48%49%50%51%52%53%54%55%56%57%58%59%60%61%62%63%64%65%66%67%68%69%70%71%72%73%74%75%76%77%78%79%80%81%82%83%84%85%86%87%88%89%90%91%92%93%94%95%96%97%98%99% done.
--export A: /project2/mstephens/wdenault/susie_mix/temp_plink/plink_PLD2.raw
written.
End time: Tue Sep  1 15:37:32 2026
29 SNP(s) removed because HWE P < 1e-08 :
 [1] "chr17_4308245_C_T_b38_C" "chr17_4353464_C_T_b38_C"
 [3] "chr17_4392420_C_T_b38_C" "chr17_4399495_T_C_b38_T"
 [5] "chr17_4399626_C_G_b38_C" "chr17_4402668_G_A_b38_G"
 [7] "chr17_4404244_G_A_b38_G" "chr17_4497089_C_A_b38_C"
 [9] "chr17_4497097_C_T_b38_C" "chr17_4534658_C_G_b38_C"
[11] "chr17_4573890_G_C_b38_G" "chr17_4574741_G_T_b38_G"
[13] "chr17_4575757_T_G_b38_T" "chr17_4609197_G_A_b38_G"
[15] "chr17_4637922_C_T_b38_C" "chr17_4637988_T_C_b38_T"
[17] "chr17_4638009_T_C_b38_T" "chr17_4638044_A_G_b38_A"
[19] "chr17_4638066_G_A_b38_G" "chr17_4640655_C_T_b38_C"
[21] "chr17_4640699_A_G_b38_A" "chr17_4640912_G_C_b38_G"
[23] "chr17_4677537_A_C_b38_A" "chr17_4697813_G_C_b38_G"
[25] "chr17_4712991_T_A_b38_T" "chr17_5100724_A_C_b38_A"
[27] "chr17_5207592_C_T_b38_C" "chr17_5207608_G_T_b38_G"
[29] "chr17_5207632_C_A_b38_C"

=====================================
Tissue: Adipose Tissue 
=====================================
[1] TRUE
Running SuSiE.

=====================================
Tissue: Adrenal Gland 
=====================================
[1] TRUE
Running SuSiE.

=====================================
Tissue: Blood 
=====================================
[1] TRUE
Running SuSiE.

=====================================
Tissue: Blood Vessel 
=====================================
[1] TRUE
Running SuSiE.

=====================================
Tissue: Brain 
=====================================
[1] TRUE
Running SuSiE.

=====================================
Tissue: Breast 
=====================================
[1] TRUE
Running SuSiE.

=====================================
Tissue: Colon 
=====================================
[1] TRUE
Running SuSiE.

=====================================
Tissue: Esophagus 
=====================================
[1] TRUE
Running SuSiE.

=====================================
Tissue: Heart 
=====================================
[1] TRUE
Running SuSiE.

=====================================
Tissue: Kidney 
=====================================
[1] TRUE
Running SuSiE.

=====================================
Tissue: Liver 
=====================================
[1] TRUE
Running SuSiE.

=====================================
Tissue: Lung 
=====================================
[1] TRUE
Running SuSiE.

=====================================
Tissue: Muscle 
=====================================
[1] TRUE
Running SuSiE.

=====================================
Tissue: Nerve 
=====================================
[1] TRUE
Running SuSiE.

=====================================
Tissue: Ovary 
=====================================
[1] TRUE
Running SuSiE.

=====================================
Tissue: Pancreas 
=====================================
[1] TRUE
Running SuSiE.

=====================================
Tissue: Pituitary 
=====================================
[1] TRUE
Running SuSiE.

=====================================
Tissue: Prostate 
=====================================
[1] TRUE
Running SuSiE.

=====================================
Tissue: Salivary Gland 
=====================================
[1] TRUE
Running SuSiE.

=====================================
Tissue: Skin 
=====================================
[1] TRUE
Running SuSiE.

=====================================
Tissue: Small Intestine 
=====================================
[1] TRUE
Running SuSiE.

=====================================
Tissue: Spleen 
=====================================
[1] TRUE
Running SuSiE.

=====================================
Tissue: Stomach 
=====================================
[1] TRUE
Running SuSiE.

=====================================
Tissue: Testis 
=====================================
[1] TRUE
Running SuSiE.

=====================================
Tissue: Thyroid 
=====================================
[1] TRUE
Running SuSiE.

=====================================
Tissue: Uterus 
=====================================
[1] TRUE
Running SuSiE.

=====================================
Tissue: Vagina 
=====================================
[1] TRUE
Running SuSiE.
[2026-09-01 15:39:36] starting PLD3
Importing covariate data.
Importing gene expression data.
Found 27 tissues for gene PLD3 :
 [1] "Adipose Tissue"  "Adrenal Gland"   "Blood"           "Blood Vessel"   
 [5] "Brain"           "Breast"          "Colon"           "Esophagus"      
 [9] "Heart"           "Kidney"          "Liver"           "Lung"           
[13] "Muscle"          "Nerve"           "Ovary"           "Pancreas"       
[17] "Pituitary"       "Prostate"        "Salivary Gland"  "Skin"           
[21] "Small Intestine" "Spleen"          "Stomach"         "Testis"         
[25] "Thyroid"         "Uterus"          "Vagina"         
Extracting genotype data from PLINK file.
PLINK v2.0.0-a.7LM 64-bit Intel (11 Mar 2026)       cog-genomics.org/plink/2.0/
(C) 2005-2026 Shaun Purcell, Christopher Chang    GNU General Public License v3
Logging to /project2/mstephens/wdenault/susie_mix/temp_plink/plink_PLD3.log.
Options in effect:
  --bfile /project2/mstephens/gtex/GTEx_Analysis_2017-06-05_v8_WholeGenomeSeq_866Indiv
  --chr 19
  --export A
  --from-bp 39848456
  --maf 0
  --max-alleles 2
  --memory 8000
  --out /project2/mstephens/wdenault/susie_mix/temp_plink/plink_PLD3
  --rm-dup exclude-all
  --snps-only
  --threads 2
  --to-bp 40848456

Start time: Tue Sep  1 15:40:43 2026
63721 MiB RAM detected, ~27113 available; reserving 8000 MiB for main
workspace.
Using up to 2 compute threads.
866 samples (0 females, 0 males, 866 ambiguous; 866 founders) loaded from
/project2/mstephens/gtex/GTEx_Analysis_2017-06-05_v8_WholeGenomeSeq_866Indiv.fam.
67234533 variants in
/project2/mstephens/gtex/GTEx_Analysis_2017-06-05_v8_WholeGenomeSeq_866Indiv.bim;
65987829 excluded by --chr + --max-alleles + --snps-only, 1246704 remaining.
Note: No phenotype data present.
Note: Skipping --rm-dup since no duplicate IDs are present.
20025 variants remaining after main filters.
--export A pass 1/1: loading... 0%writing... 0%1%2%3%4%5%6%7%8%9%10%11%12%13%14%15%16%17%18%19%20%21%22%23%24%25%26%27%28%29%30%31%32%33%34%35%36%37%38%39%40%41%42%43%44%45%46%47%48%49%50%51%52%53%54%55%56%57%58%59%60%61%62%63%64%65%66%67%68%69%70%71%72%73%74%75%76%77%78%79%80%81%82%83%84%85%86%87%88%89%90%91%92%93%94%95%96%97%98%99% done.
--export A: /project2/mstephens/wdenault/susie_mix/temp_plink/plink_PLD3.raw
written.
End time: Tue Sep  1 15:40:48 2026
355 SNP(s) removed because HWE P < 1e-08 :
  [1] "chr19_39877736_A_C_b38_A" "chr19_39877755_C_T_b38_C"
  [3] "chr19_39877880_G_C_b38_G" "chr19_39877979_G_A_b38_G"
  [5] "chr19_39878822_A_G_b38_A" "chr19_39879009_G_A_b38_G"
  [7] "chr19_39879041_G_A_b38_G" "chr19_39879089_C_T_b38_C"
  [9] "chr19_39879110_T_C_b38_T" "chr19_39879113_G_T_b38_G"
 [11] "chr19_39879149_A_G_b38_A" "chr19_39879155_C_G_b38_C"
 [13] "chr19_39879206_G_C_b38_G" "chr19_39879207_G_A_b38_G"
 [15] "chr19_39879334_T_C_b38_T" "chr19_39879353_G_C_b38_G"
 [17] "chr19_39879376_C_A_b38_C" "chr19_39879831_G_A_b38_G"
 [19] "chr19_39879942_C_G_b38_C" "chr19_39879959_T_C_b38_T"
 [21] "chr19_39880038_C_G_b38_C" "chr19_39880039_T_G_b38_T"
 [23] "chr19_39880057_A_T_b38_A" "chr19_39880064_C_G_b38_C"
 [25] "chr19_39880078_T_G_b38_T" "chr19_39880126_G_A_b38_G"
 [27] "chr19_39880128_A_G_b38_A" "chr19_39880135_C_T_b38_C"
 [29] "chr19_39880144_G_A_b38_G" "chr19_39880159_T_C_b38_T"
 [31] "chr19_39880166_C_A_b38_C" "chr19_39880169_T_A_b38_T"
 [33] "chr19_39880174_C_G_b38_C" "chr19_39880183_C_G_b38_C"
 [35] "chr19_39880196_G_A_b38_G" "chr19_39880202_G_C_b38_G"
 [37] "chr19_39880273_G_C_b38_G" "chr19_39880277_G_A_b38_G"
 [39] "chr19_39880286_C_T_b38_C" "chr19_39880288_G_A_b38_G"
 [41] "chr19_39880298_A_C_b38_A" "chr19_39880307_T_C_b38_T"
 [43] "chr19_39880309_A_T_b38_A" "chr19_39880313_A_C_b38_A"
 [45] "chr19_39880318_T_C_b38_T" "chr19_39880319_G_A_b38_G"
 [47] "chr19_39880322_C_T_b38_C" "chr19_39880333_T_C_b38_T"
 [49] "chr19_39880347_A_C_b38_A" "chr19_39880355_T_C_b38_T"
 [51] "chr19_39880356_C_T_b38_C" "chr19_39880358_T_C_b38_T"
 [53] "chr19_39880363_A_G_b38_A" "chr19_39881313_T_C_b38_T"
 [55] "chr19_39881344_G_C_b38_G" "chr19_39881399_G_C_b38_G"
 [57] "chr19_39881403_T_C_b38_T" "chr19_39881435_G_C_b38_G"
 [59] "chr19_39881529_G_A_b38_G" "chr19_39881533_T_C_b38_T"
 [61] "chr19_39881549_C_T_b38_C" "chr19_39881557_T_G_b38_T"
 [63] "chr19_39881594_C_G_b38_C" "chr19_39881679_A_G_b38_A"
 [65] "chr19_39881709_C_T_b38_C" "chr19_39881720_T_C_b38_T"
 [67] "chr19_39881721_G_A_b38_G" "chr19_39881734_T_G_b38_T"
 [69] "chr19_39881739_G_C_b38_G" "chr19_39882071_G_A_b38_G"
 [71] "chr19_39882075_G_A_b38_G" "chr19_39882110_C_G_b38_C"
 [73] "chr19_39882114_A_G_b38_A" "chr19_39882265_G_A_b38_G"
 [75] "chr19_39882288_G_A_b38_G" "chr19_39882305_T_C_b38_T"
 [77] "chr19_39882320_T_G_b38_T" "chr19_39882338_G_A_b38_G"
 [79] "chr19_39882342_C_G_b38_C" "chr19_39882346_A_G_b38_A"
 [81] "chr19_39882388_G_A_b38_G" "chr19_39882428_C_T_b38_C"
 [83] "chr19_39882535_T_G_b38_T" "chr19_39882544_C_T_b38_C"
 [85] "chr19_39882622_G_T_b38_G" "chr19_39882631_T_C_b38_T"
 [87] "chr19_39882632_G_C_b38_G" "chr19_39882644_C_T_b38_C"
 [89] "chr19_39882659_C_T_b38_C" "chr19_39882681_G_C_b38_G"
 [91] "chr19_39882684_A_G_b38_A" "chr19_39882688_G_T_b38_G"
 [93] "chr19_39882705_T_C_b38_T" "chr19_39882706_G_A_b38_G"
 [95] "chr19_39882720_A_G_b38_A" "chr19_39882727_C_T_b38_C"
 [97] "chr19_39882732_G_C_b38_G" "chr19_39884882_A_G_b38_A"
 [99] "chr19_39884947_C_T_b38_C" "chr19_39884981_C_A_b38_C"
[101] "chr19_39885139_G_T_b38_G" "chr19_39885461_G_A_b38_G"
[103] "chr19_39885504_T_C_b38_T" "chr19_39885518_A_G_b38_A"
[105] "chr19_39885532_A_C_b38_A" "chr19_39885533_C_T_b38_C"
[107] "chr19_39885537_A_C_b38_A" "chr19_39885544_C_T_b38_C"
[109] "chr19_39885638_A_G_b38_A" "chr19_39885703_A_G_b38_A"
[111] "chr19_39885733_G_A_b38_G" "chr19_39885808_C_T_b38_C"
[113] "chr19_39885857_T_G_b38_T" "chr19_39885865_T_C_b38_T"
[115] "chr19_39886005_T_G_b38_T" "chr19_39886022_G_C_b38_G"
[117] "chr19_39886240_T_C_b38_T" "chr19_39886241_G_C_b38_G"
[119] "chr19_39886243_C_G_b38_C" "chr19_39886260_G_T_b38_G"
[121] "chr19_39886269_G_A_b38_G" "chr19_39886635_G_A_b38_G"
[123] "chr19_39886636_A_G_b38_A" "chr19_39886641_G_A_b38_G"
[125] "chr19_39886648_T_C_b38_T" "chr19_39886677_T_G_b38_T"
[127] "chr19_39886690_T_C_b38_T" "chr19_39886947_C_T_b38_C"
[129] "chr19_39886962_G_A_b38_G" "chr19_39886980_T_G_b38_T"
[131] "chr19_39890771_G_A_b38_G" "chr19_39890781_A_G_b38_A"
[133] "chr19_39890788_T_C_b38_T" "chr19_39890893_C_T_b38_C"
[135] "chr19_39890970_G_A_b38_G" "chr19_39891445_T_G_b38_T"
[137] "chr19_39891538_A_G_b38_A" "chr19_39891613_C_T_b38_C"
[139] "chr19_39892073_A_G_b38_A" "chr19_39892493_G_A_b38_G"
[141] "chr19_39893486_G_A_b38_G" "chr19_39893697_G_A_b38_G"
[143] "chr19_39893698_G_A_b38_G" "chr19_39893805_G_C_b38_G"
[145] "chr19_39893878_T_C_b38_T" "chr19_39893887_G_A_b38_G"
[147] "chr19_39893949_C_T_b38_C" "chr19_39893965_A_G_b38_A"
[149] "chr19_39893983_A_G_b38_A" "chr19_39893995_A_C_b38_A"
[151] "chr19_39894010_G_A_b38_G" "chr19_39894014_C_T_b38_C"
[153] "chr19_39894238_G_A_b38_G" "chr19_39894316_G_A_b38_G"
[155] "chr19_39894352_C_G_b38_C" "chr19_39896193_C_G_b38_C"
[157] "chr19_39897496_C_A_b38_C" "chr19_39897564_T_C_b38_T"
[159] "chr19_39897650_G_C_b38_G" "chr19_39897730_A_G_b38_A"
[161] "chr19_39897750_T_G_b38_T" "chr19_39897751_C_G_b38_C"
[163] "chr19_39897780_G_A_b38_G" "chr19_39897784_T_C_b38_T"
[165] "chr19_39897794_C_T_b38_C" "chr19_39897808_T_G_b38_T"
[167] "chr19_39897822_C_G_b38_C" "chr19_39897845_C_G_b38_C"
[169] "chr19_39897925_C_T_b38_C" "chr19_39897930_A_G_b38_A"
[171] "chr19_39897960_C_T_b38_C" "chr19_39897970_C_T_b38_C"
[173] "chr19_39897971_T_C_b38_T" "chr19_39897972_G_A_b38_G"
[175] "chr19_39897973_C_A_b38_C" "chr19_39897982_C_G_b38_C"
[177] "chr19_39897985_T_G_b38_T" "chr19_39897988_C_A_b38_C"
[179] "chr19_39897992_G_T_b38_G" "chr19_39897998_C_A_b38_C"
[181] "chr19_39898002_T_C_b38_T" "chr19_39898037_C_G_b38_C"
[183] "chr19_39898199_T_A_b38_T" "chr19_39898199_T_G_b38_T"
[185] "chr19_39898210_T_G_b38_T" "chr19_39898221_A_T_b38_A"
[187] "chr19_39898228_T_C_b38_T" "chr19_39898230_T_C_b38_T"
[189] "chr19_39898250_C_G_b38_C" "chr19_39898251_G_A_b38_G"
[191] "chr19_39898260_C_T_b38_C" "chr19_39898262_G_A_b38_G"
[193] "chr19_39898266_G_T_b38_G" "chr19_39898312_C_A_b38_C"
[195] "chr19_39898322_G_A_b38_G" "chr19_39898326_G_A_b38_G"
[197] "chr19_39898556_T_C_b38_T" "chr19_39898571_T_G_b38_T"
[199] "chr19_39898593_C_G_b38_C" "chr19_39898597_A_G_b38_A"
[201] "chr19_39898895_C_T_b38_C" "chr19_39899044_T_G_b38_T"
[203] "chr19_39899047_G_C_b38_G" "chr19_39899092_C_T_b38_C"
[205] "chr19_39899098_T_C_b38_T" "chr19_39899218_A_C_b38_A"
[207] "chr19_39899220_C_A_b38_C" "chr19_39899222_A_G_b38_A"
[209] "chr19_39899225_G_C_b38_G" "chr19_39899245_A_G_b38_A"
[211] "chr19_39899634_C_T_b38_C" "chr19_39899636_A_C_b38_A"
[213] "chr19_39899656_G_A_b38_G" "chr19_39900468_C_T_b38_C"
[215] "chr19_39900472_T_A_b38_T" "chr19_39901579_C_T_b38_C"
[217] "chr19_39901770_A_G_b38_A" "chr19_39901784_A_C_b38_A"
[219] "chr19_39901785_C_T_b38_C" "chr19_39901789_A_C_b38_A"
[221] "chr19_39901796_C_T_b38_C" "chr19_39901807_A_G_b38_A"
[223] "chr19_39901846_T_C_b38_T" "chr19_39901890_A_G_b38_A"
[225] "chr19_39901935_G_A_b38_G" "chr19_39901955_A_G_b38_A"
[227] "chr19_39901985_G_A_b38_G" "chr19_39902109_T_G_b38_T"
[229] "chr19_39902117_T_C_b38_T" "chr19_39902135_G_A_b38_G"
[231] "chr19_39902409_G_A_b38_G" "chr19_39902691_A_G_b38_A"
[233] "chr19_39902729_C_T_b38_C" "chr19_39902949_C_G_b38_C"
[235] "chr19_39903042_A_G_b38_A" "chr19_39903045_G_A_b38_G"
[237] "chr19_39903058_C_T_b38_C" "chr19_39903308_G_A_b38_G"
[239] "chr19_39903760_C_T_b38_C" "chr19_39903804_C_T_b38_C"
[241] "chr19_39909553_T_C_b38_T" "chr19_39941350_C_T_b38_C"
[243] "chr19_39944141_T_C_b38_T" "chr19_39969304_G_A_b38_G"
[245] "chr19_39970830_G_A_b38_G" "chr19_39971558_A_G_b38_A"
[247] "chr19_39971598_G_A_b38_G" "chr19_39972984_G_A_b38_G"
[249] "chr19_39973477_A_G_b38_A" "chr19_39975016_G_A_b38_G"
[251] "chr19_39975789_T_C_b38_T" "chr19_39977008_T_C_b38_T"
[253] "chr19_39980229_G_A_b38_G" "chr19_39981765_G_C_b38_G"
[255] "chr19_39983563_G_A_b38_G" "chr19_39984091_C_T_b38_C"
[257] "chr19_39984143_C_T_b38_C" "chr19_39984717_A_G_b38_A"
[259] "chr19_39986125_A_T_b38_A" "chr19_39988597_A_G_b38_A"
[261] "chr19_39989234_A_G_b38_A" "chr19_39989296_T_C_b38_T"
[263] "chr19_39992339_A_C_b38_A" "chr19_39993330_G_C_b38_G"
[265] "chr19_39993403_A_G_b38_A" "chr19_39995148_A_C_b38_A"
[267] "chr19_39996576_A_T_b38_A" "chr19_39996975_C_G_b38_C"
[269] "chr19_39997012_A_G_b38_A" "chr19_39997036_A_C_b38_A"
[271] "chr19_39997613_T_C_b38_T" "chr19_39999432_C_T_b38_C"
[273] "chr19_40000988_T_G_b38_T" "chr19_40002058_T_C_b38_T"
[275] "chr19_40002990_G_A_b38_G" "chr19_40003264_A_C_b38_A"
[277] "chr19_40003885_G_A_b38_G" "chr19_40005817_G_A_b38_G"
[279] "chr19_40006310_A_G_b38_A" "chr19_40006311_G_A_b38_G"
[281] "chr19_40006313_T_C_b38_T" "chr19_40009837_A_G_b38_A"
[283] "chr19_40010579_T_C_b38_T" "chr19_40011359_A_G_b38_A"
[285] "chr19_40012084_C_A_b38_C" "chr19_40012859_C_G_b38_C"
[287] "chr19_40016111_A_G_b38_A" "chr19_40018965_C_T_b38_C"
[289] "chr19_40022419_A_G_b38_A" "chr19_40023176_A_T_b38_A"
[291] "chr19_40023312_T_C_b38_T" "chr19_40024036_T_C_b38_T"
[293] "chr19_40024555_A_G_b38_A" "chr19_40024649_A_G_b38_A"
[295] "chr19_40026811_T_A_b38_T" "chr19_40026893_G_A_b38_G"
[297] "chr19_40027648_T_C_b38_T" "chr19_40042314_A_T_b38_A"
[299] "chr19_40042628_T_C_b38_T" "chr19_40043627_T_C_b38_T"
[301] "chr19_40044860_C_T_b38_C" "chr19_40045049_G_A_b38_G"
[303] "chr19_40048059_G_T_b38_G" "chr19_40053046_A_G_b38_A"
[305] "chr19_40055268_T_C_b38_T" "chr19_40056479_A_G_b38_A"
[307] "chr19_40063122_T_C_b38_T" "chr19_40068654_C_G_b38_C"
[309] "chr19_40070822_T_C_b38_T" "chr19_40072103_A_G_b38_A"
[311] "chr19_40073383_G_T_b38_G" "chr19_40073561_C_T_b38_C"
[313] "chr19_40073935_C_G_b38_C" "chr19_40074519_A_G_b38_A"
[315] "chr19_40076874_C_G_b38_C" "chr19_40079010_C_T_b38_C"
[317] "chr19_40085275_T_C_b38_T" "chr19_40085302_A_G_b38_A"
[319] "chr19_40085964_A_G_b38_A" "chr19_40088428_C_A_b38_C"
[321] "chr19_40088753_C_T_b38_C" "chr19_40088941_A_G_b38_A"
[323] "chr19_40096924_T_C_b38_T" "chr19_40103540_A_G_b38_A"
[325] "chr19_40104128_C_T_b38_C" "chr19_40112295_T_C_b38_T"
[327] "chr19_40112963_A_G_b38_A" "chr19_40113456_G_A_b38_G"
[329] "chr19_40114123_G_A_b38_G" "chr19_40120484_A_G_b38_A"
[331] "chr19_40131708_T_C_b38_T" "chr19_40135032_A_G_b38_A"
[333] "chr19_40141779_T_C_b38_T" "chr19_40143191_G_A_b38_G"
[335] "chr19_40144095_G_A_b38_G" "chr19_40145161_T_C_b38_T"
[337] "chr19_40146332_T_G_b38_T" "chr19_40147389_T_A_b38_T"
[339] "chr19_40149095_G_C_b38_G" "chr19_40152992_T_C_b38_T"
[341] "chr19_40162277_A_T_b38_A" "chr19_40168741_T_C_b38_T"
[343] "chr19_40168743_G_A_b38_G" "chr19_40179283_G_C_b38_G"
[345] "chr19_40407632_C_T_b38_C" "chr19_40417468_T_G_b38_T"
[347] "chr19_40422355_C_T_b38_C" "chr19_40423037_A_G_b38_A"
[349] "chr19_40425001_G_C_b38_G" "chr19_40427590_C_T_b38_C"
[351] "chr19_40429482_A_G_b38_A" "chr19_40811129_T_C_b38_T"
[353] "chr19_40814752_T_C_b38_T" "chr19_40814769_C_T_b38_C"
[355] "chr19_40818408_T_C_b38_T"

=====================================
Tissue: Adipose Tissue 
=====================================
[1] TRUE
Running SuSiE.

=====================================
Tissue: Adrenal Gland 
=====================================
[1] TRUE
Running SuSiE.

=====================================
Tissue: Blood 
=====================================
[1] TRUE
Running SuSiE.

=====================================
Tissue: Blood Vessel 
=====================================
[1] TRUE
Running SuSiE.

=====================================
Tissue: Brain 
=====================================
[1] TRUE
Running SuSiE.

=====================================
Tissue: Breast 
=====================================
[1] TRUE
Running SuSiE.

=====================================
Tissue: Colon 
=====================================
[1] TRUE
Running SuSiE.

=====================================
Tissue: Esophagus 
=====================================
[1] TRUE
Running SuSiE.

=====================================
Tissue: Heart 
=====================================
[1] TRUE
Running SuSiE.

=====================================
Tissue: Kidney 
=====================================
[1] TRUE
Running SuSiE.

=====================================
Tissue: Liver 
=====================================
[1] TRUE
Running SuSiE.

=====================================
Tissue: Lung 
=====================================
[1] TRUE
Running SuSiE.

=====================================
Tissue: Muscle 
=====================================
[1] TRUE
Running SuSiE.

=====================================
Tissue: Nerve 
=====================================
[1] TRUE
Running SuSiE.

=====================================
Tissue: Ovary 
=====================================
[1] TRUE
Running SuSiE.

=====================================
Tissue: Pancreas 
=====================================
[1] TRUE
Running SuSiE.

=====================================
Tissue: Pituitary 
=====================================
[1] TRUE
Running SuSiE.

=====================================
Tissue: Prostate 
=====================================
[1] TRUE
Running SuSiE.

=====================================
Tissue: Salivary Gland 
=====================================
[1] TRUE
Running SuSiE.

=====================================
Tissue: Skin 
=====================================
[1] TRUE
Running SuSiE.

=====================================
Tissue: Small Intestine 
=====================================
[1] TRUE
Running SuSiE.

=====================================
Tissue: Spleen 
=====================================
[1] TRUE
Running SuSiE.

=====================================
Tissue: Stomach 
=====================================
[1] TRUE
Running SuSiE.

=====================================
Tissue: Testis 
=====================================
[1] TRUE
Running SuSiE.

=====================================
Tissue: Thyroid 
=====================================
[1] TRUE
Running SuSiE.

=====================================
Tissue: Uterus 
=====================================
[1] TRUE
Running SuSiE.

=====================================
Tissue: Vagina 
=====================================
[1] TRUE
Running SuSiE.
[2026-09-01 15:42:18] starting PLD4
Importing covariate data.
Importing gene expression data.
Found 27 tissues for gene PLD4 :
 [1] "Adipose Tissue"  "Adrenal Gland"   "Blood"           "Blood Vessel"   
 [5] "Brain"           "Breast"          "Colon"           "Esophagus"      
 [9] "Heart"           "Kidney"          "Liver"           "Lung"           
[13] "Muscle"          "Nerve"           "Ovary"           "Pancreas"       
[17] "Pituitary"       "Prostate"        "Salivary Gland"  "Skin"           
[21] "Small Intestine" "Spleen"          "Stomach"         "Testis"         
[25] "Thyroid"         "Uterus"          "Vagina"         
Extracting genotype data from PLINK file.
PLINK v2.0.0-a.7LM 64-bit Intel (11 Mar 2026)       cog-genomics.org/plink/2.0/
(C) 2005-2026 Shaun Purcell, Christopher Chang    GNU General Public License v3
Logging to /project2/mstephens/wdenault/susie_mix/temp_plink/plink_PLD4.log.
Options in effect:
  --bfile /project2/mstephens/gtex/GTEx_Analysis_2017-06-05_v8_WholeGenomeSeq_866Indiv
  --chr 14
  --export A
  --from-bp 104424713
  --maf 0
  --max-alleles 2
  --memory 8000
  --out /project2/mstephens/wdenault/susie_mix/temp_plink/plink_PLD4
  --rm-dup exclude-all
  --snps-only
  --threads 2
  --to-bp 105424713

Start time: Tue Sep  1 15:43:26 2026
63721 MiB RAM detected, ~27072 available; reserving 8000 MiB for main
workspace.
Using up to 2 compute threads.
866 samples (0 females, 0 males, 866 ambiguous; 866 founders) loaded from
/project2/mstephens/gtex/GTEx_Analysis_2017-06-05_v8_WholeGenomeSeq_866Indiv.fam.
67234533 variants in
/project2/mstephens/gtex/GTEx_Analysis_2017-06-05_v8_WholeGenomeSeq_866Indiv.bim;
65542670 excluded by --chr + --max-alleles + --snps-only, 1691863 remaining.
Note: No phenotype data present.
Note: Skipping --rm-dup since no duplicate IDs are present.
23648 variants remaining after main filters.
--export A pass 1/1: loading... 0%writing... 0%1%2%3%4%5%6%7%8%9%10%11%12%13%14%15%16%17%18%19%20%21%22%23%24%25%26%27%28%29%30%31%32%33%34%35%36%37%38%39%40%41%42%43%44%45%46%47%48%49%50%51%52%53%54%55%56%57%58%59%60%61%62%63%64%65%66%67%68%69%70%71%72%73%74%75%76%77%78%79%80%81%82%83%84%85%86%87%88%89%90%91%92%93%94%95%96%97%98%99% done.
--export A: /project2/mstephens/wdenault/susie_mix/temp_plink/plink_PLD4.raw
written.
End time: Tue Sep  1 15:43:31 2026
93 SNP(s) removed because HWE P < 1e-08 :
 [1] "chr14_104426949_T_C_b38_T" "chr14_104426952_T_C_b38_T"
 [3] "chr14_104474393_T_C_b38_T" "chr14_104478783_C_T_b38_C"
 [5] "chr14_104479357_A_T_b38_A" "chr14_104546669_G_A_b38_G"
 [7] "chr14_104553869_T_C_b38_T" "chr14_104554234_T_C_b38_T"
 [9] "chr14_104554508_A_G_b38_A" "chr14_104555361_G_A_b38_G"
[11] "chr14_104559739_A_G_b38_A" "chr14_104560263_A_G_b38_A"
[13] "chr14_104562486_G_C_b38_G" "chr14_104562893_T_C_b38_T"
[15] "chr14_104562929_T_C_b38_T" "chr14_104565981_A_G_b38_A"
[17] "chr14_104573110_T_C_b38_T" "chr14_104574579_A_C_b38_A"
[19] "chr14_104576125_A_G_b38_A" "chr14_104576516_C_T_b38_C"
[21] "chr14_104577482_A_G_b38_A" "chr14_104578677_G_A_b38_G"
[23] "chr14_104579187_A_G_b38_A" "chr14_104580391_T_C_b38_T"
[25] "chr14_104587707_C_T_b38_C" "chr14_104587923_A_G_b38_A"
[27] "chr14_104588597_A_G_b38_A" "chr14_104753607_G_T_b38_G"
[29] "chr14_104812155_C_T_b38_C" "chr14_104812743_G_A_b38_G"
[31] "chr14_104812773_G_A_b38_G" "chr14_104818822_A_G_b38_A"
[33] "chr14_104823579_G_A_b38_G" "chr14_104823879_G_C_b38_G"
[35] "chr14_104900014_T_C_b38_T" "chr14_104900384_T_A_b38_T"
[37] "chr14_104900425_G_A_b38_G" "chr14_104902396_G_A_b38_G"
[39] "chr14_104902426_C_T_b38_C" "chr14_104903568_T_C_b38_T"
[41] "chr14_104907614_A_G_b38_A" "chr14_104907712_C_G_b38_C"
[43] "chr14_104907876_T_C_b38_T" "chr14_104907923_T_C_b38_T"
[45] "chr14_104908289_C_T_b38_C" "chr14_104909242_A_G_b38_A"
[47] "chr14_104909457_T_A_b38_T" "chr14_104909875_A_G_b38_A"
[49] "chr14_104910762_G_A_b38_G" "chr14_104911613_A_T_b38_A"
[51] "chr14_104911719_G_A_b38_G" "chr14_104911784_C_T_b38_C"
[53] "chr14_104920783_A_G_b38_A" "chr14_104945668_A_G_b38_A"
[55] "chr14_104945672_A_G_b38_A" "chr14_104957836_A_C_b38_A"
[57] "chr14_104957853_A_T_b38_A" "chr14_104981269_C_T_b38_C"
[59] "chr14_104981285_T_C_b38_T" "chr14_104982001_T_G_b38_T"
[61] "chr14_105032264_A_C_b38_A" "chr14_105229404_A_G_b38_A"
[63] "chr14_105304929_T_C_b38_T" "chr14_105305091_C_T_b38_C"
[65] "chr14_105305718_A_C_b38_A" "chr14_105306691_T_C_b38_T"
[67] "chr14_105310757_A_G_b38_A" "chr14_105331369_A_C_b38_A"
[69] "chr14_105334181_T_C_b38_T" "chr14_105340814_C_T_b38_C"
[71] "chr14_105344023_T_C_b38_T" "chr14_105358008_C_G_b38_C"
[73] "chr14_105362215_A_G_b38_A" "chr14_105369804_T_C_b38_T"
[75] "chr14_105374346_A_T_b38_A" "chr14_105374495_C_T_b38_C"
[77] "chr14_105376644_T_C_b38_T" "chr14_105376722_A_G_b38_A"
[79] "chr14_105378233_T_C_b38_T" "chr14_105396236_G_A_b38_G"
[81] "chr14_105401674_G_T_b38_G" "chr14_105405432_G_A_b38_G"
[83] "chr14_105406575_G_A_b38_G" "chr14_105406625_C_G_b38_C"
[85] "chr14_105406807_T_C_b38_T" "chr14_105406959_T_C_b38_T"
[87] "chr14_105409097_G_C_b38_G" "chr14_105410359_G_A_b38_G"
[89] "chr14_105412860_G_C_b38_G" "chr14_105415411_C_T_b38_C"
[91] "chr14_105419650_C_T_b38_C" "chr14_105421051_C_T_b38_C"
[93] "chr14_105423090_C_T_b38_C"

=====================================
Tissue: Adipose Tissue 
=====================================
[1] TRUE
Running SuSiE.

=====================================
Tissue: Adrenal Gland 
=====================================
[1] TRUE
Running SuSiE.

=====================================
Tissue: Blood 
=====================================
[1] TRUE
Running SuSiE.

=====================================
Tissue: Blood Vessel 
=====================================
[1] TRUE
Running SuSiE.

=====================================
Tissue: Brain 
=====================================
[1] TRUE
Running SuSiE.

=====================================
Tissue: Breast 
=====================================
[1] TRUE
Running SuSiE.

=====================================
Tissue: Colon 
=====================================
[1] TRUE
Running SuSiE.

=====================================
Tissue: Esophagus 
=====================================
[1] TRUE
Running SuSiE.

=====================================
Tissue: Heart 
=====================================
[1] TRUE
Running SuSiE.

=====================================
Tissue: Kidney 
=====================================
[1] TRUE
Running SuSiE.

=====================================
Tissue: Liver 
=====================================
[1] TRUE
Running SuSiE.

=====================================
Tissue: Lung 
=====================================
[1] TRUE
Running SuSiE.

=====================================
Tissue: Muscle 
=====================================
[1] TRUE
Running SuSiE.

=====================================
Tissue: Nerve 
=====================================
[1] TRUE
Running SuSiE.

=====================================
Tissue: Ovary 
=====================================
[1] TRUE
Running SuSiE.

=====================================
Tissue: Pancreas 
=====================================
[1] TRUE
Running SuSiE.

=====================================
Tissue: Pituitary 
=====================================
[1] TRUE
Running SuSiE.

=====================================
Tissue: Prostate 
=====================================
[1] TRUE
Running SuSiE.

=====================================
Tissue: Salivary Gland 
=====================================
[1] TRUE
Running SuSiE.

=====================================
Tissue: Skin 
=====================================
[1] TRUE
Running SuSiE.

=====================================
Tissue: Small Intestine 
=====================================
[1] TRUE
Running SuSiE.

=====================================
Tissue: Spleen 
=====================================
[1] TRUE
Running SuSiE.

=====================================
Tissue: Stomach 
=====================================
[1] TRUE
Running SuSiE.

=====================================
Tissue: Testis 
=====================================
[1] TRUE
Running SuSiE.

=====================================
Tissue: Thyroid 
=====================================
[1] TRUE
Running SuSiE.

=====================================
Tissue: Uterus 
=====================================
[1] TRUE
Running SuSiE.

=====================================
Tissue: Vagina 
=====================================
[1] TRUE
Running SuSiE.
[2026-09-01 15:45:25] starting PLD5
Importing covariate data.
Importing gene expression data.
Found 27 tissues for gene PLD5 :
 [1] "Adipose Tissue"  "Adrenal Gland"   "Blood"           "Blood Vessel"   
 [5] "Brain"           "Breast"          "Colon"           "Esophagus"      
 [9] "Heart"           "Kidney"          "Liver"           "Lung"           
[13] "Muscle"          "Nerve"           "Ovary"           "Pancreas"       
[17] "Pituitary"       "Prostate"        "Salivary Gland"  "Skin"           
[21] "Small Intestine" "Spleen"          "Stomach"         "Testis"         
[25] "Thyroid"         "Uterus"          "Vagina"         
Extracting genotype data from PLINK file.
PLINK v2.0.0-a.7LM 64-bit Intel (11 Mar 2026)       cog-genomics.org/plink/2.0/
(C) 2005-2026 Shaun Purcell, Christopher Chang    GNU General Public License v3
Logging to /project2/mstephens/wdenault/susie_mix/temp_plink/plink_PLD5.log.
Options in effect:
  --bfile /project2/mstephens/gtex/GTEx_Analysis_2017-06-05_v8_WholeGenomeSeq_866Indiv
  --chr 1
  --export A
  --from-bp 242024697
  --maf 0
  --max-alleles 2
  --memory 8000
  --out /project2/mstephens/wdenault/susie_mix/temp_plink/plink_PLD5
  --rm-dup exclude-all
  --snps-only
  --threads 2
  --to-bp 243024697

Start time: Tue Sep  1 15:46:31 2026
63721 MiB RAM detected, ~27103 available; reserving 8000 MiB for main
workspace.
Using up to 2 compute threads.
866 samples (0 females, 0 males, 866 ambiguous; 866 founders) loaded from
/project2/mstephens/gtex/GTEx_Analysis_2017-06-05_v8_WholeGenomeSeq_866Indiv.fam.
67234533 variants in
/project2/mstephens/gtex/GTEx_Analysis_2017-06-05_v8_WholeGenomeSeq_866Indiv.bim;
62424502 excluded by --chr + --max-alleles + --snps-only, 4810031 remaining.
Note: No phenotype data present.
Note: Skipping --rm-dup since no duplicate IDs are present.
20816 variants remaining after main filters.
--export A pass 1/1: loading... 0%writing... 0%1%2%3%4%5%6%7%8%9%10%11%12%13%14%15%16%17%18%19%20%21%22%23%24%25%26%27%28%29%30%31%32%33%34%35%36%37%38%39%40%41%42%43%44%45%46%47%48%49%50%51%52%53%54%55%56%57%58%59%60%61%62%63%64%65%66%67%68%69%70%71%72%73%74%75%76%77%78%79%80%81%82%83%84%85%86%87%88%89%90%91%92%93%94%95%96%97%98%99% done.
--export A: /project2/mstephens/wdenault/susie_mix/temp_plink/plink_PLD5.raw
written.
End time: Tue Sep  1 15:46:37 2026
40 SNP(s) removed because HWE P < 1e-08 :
 [1] "chr1_242261311_T_C_b38_T" "chr1_242265532_T_A_b38_T"
 [3] "chr1_242266795_A_T_b38_A" "chr1_242266825_G_A_b38_G"
 [5] "chr1_242266838_C_T_b38_C" "chr1_242271213_G_C_b38_G"
 [7] "chr1_242306987_C_T_b38_C" "chr1_242306997_C_T_b38_C"
 [9] "chr1_242381487_A_G_b38_A" "chr1_242903316_G_A_b38_G"
[11] "chr1_242903675_G_C_b38_G" "chr1_242903876_G_A_b38_G"
[13] "chr1_242903925_C_T_b38_C" "chr1_242904068_C_T_b38_C"
[15] "chr1_242904141_A_T_b38_A" "chr1_242904601_T_A_b38_T"
[17] "chr1_242904729_G_A_b38_G" "chr1_242904763_G_A_b38_G"
[19] "chr1_242906506_A_G_b38_A" "chr1_242906588_A_G_b38_A"
[21] "chr1_242906694_C_T_b38_C" "chr1_242907165_C_T_b38_C"
[23] "chr1_243004626_G_A_b38_G" "chr1_243004681_A_G_b38_A"
[25] "chr1_243004905_A_G_b38_A" "chr1_243004945_T_G_b38_T"
[27] "chr1_243014692_C_G_b38_C" "chr1_243014699_A_G_b38_A"
[29] "chr1_243014838_A_C_b38_A" "chr1_243014928_T_C_b38_T"
[31] "chr1_243015042_C_G_b38_C" "chr1_243015176_G_T_b38_G"
[33] "chr1_243019161_C_T_b38_C" "chr1_243019254_C_A_b38_C"
[35] "chr1_243023579_A_G_b38_A" "chr1_243023585_C_T_b38_C"
[37] "chr1_243023598_G_A_b38_G" "chr1_243023610_C_T_b38_C"
[39] "chr1_243023616_T_C_b38_T" "chr1_243024640_G_A_b38_G"

=====================================
Tissue: Adipose Tissue 
=====================================
[1] TRUE
Running SuSiE.

=====================================
Tissue: Adrenal Gland 
=====================================
[1] TRUE
Running SuSiE.

=====================================
Tissue: Blood 
=====================================
[1] TRUE
Running SuSiE.

=====================================
Tissue: Blood Vessel 
=====================================
[1] TRUE
Running SuSiE.

=====================================
Tissue: Brain 
=====================================
[1] TRUE
Running SuSiE.

=====================================
Tissue: Breast 
=====================================
[1] TRUE
Running SuSiE.

=====================================
Tissue: Colon 
=====================================
[1] TRUE
Running SuSiE.

=====================================
Tissue: Esophagus 
=====================================
[1] TRUE
Running SuSiE.

=====================================
Tissue: Heart 
=====================================
[1] TRUE
Running SuSiE.

=====================================
Tissue: Kidney 
=====================================
[1] TRUE
Running SuSiE.

=====================================
Tissue: Liver 
=====================================
[1] TRUE
Running SuSiE.

=====================================
Tissue: Lung 
=====================================
[1] TRUE
Running SuSiE.

=====================================
Tissue: Muscle 
=====================================
[1] TRUE
Running SuSiE.

=====================================
Tissue: Nerve 
=====================================
[1] TRUE
Running SuSiE.

=====================================
Tissue: Ovary 
=====================================
[1] TRUE
Running SuSiE.

=====================================
Tissue: Pancreas 
=====================================
[1] TRUE
Running SuSiE.

=====================================
Tissue: Pituitary 
=====================================
[1] TRUE
Running SuSiE.

=====================================
Tissue: Prostate 
=====================================
[1] TRUE
Running SuSiE.

=====================================
Tissue: Salivary Gland 
=====================================
[1] TRUE
Running SuSiE.

=====================================
Tissue: Skin 
=====================================
[1] TRUE
Running SuSiE.

=====================================
Tissue: Small Intestine 
=====================================
[1] TRUE
Running SuSiE.

=====================================
Tissue: Spleen 
=====================================
[1] TRUE
Running SuSiE.

=====================================
Tissue: Stomach 
=====================================
[1] TRUE
Running SuSiE.

=====================================
Tissue: Testis 
=====================================
[1] TRUE
Running SuSiE.

=====================================
Tissue: Thyroid 
=====================================
[1] TRUE
Running SuSiE.

=====================================
Tissue: Uterus 
=====================================
[1] TRUE
Running SuSiE.

=====================================
Tissue: Vagina 
=====================================
[1] TRUE
Running SuSiE.
[2026-09-01 15:49:32] starting PLD6
Importing covariate data.
Importing gene expression data.
Found 27 tissues for gene PLD6 :
 [1] "Adipose Tissue"  "Adrenal Gland"   "Blood"           "Blood Vessel"   
 [5] "Brain"           "Breast"          "Colon"           "Esophagus"      
 [9] "Heart"           "Kidney"          "Liver"           "Lung"           
[13] "Muscle"          "Nerve"           "Ovary"           "Pancreas"       
[17] "Pituitary"       "Prostate"        "Salivary Gland"  "Skin"           
[21] "Small Intestine" "Spleen"          "Stomach"         "Testis"         
[25] "Thyroid"         "Uterus"          "Vagina"         
81 SNP(s) removed because HWE P < 1e-08 :
 [1] "chr17_16706509_A_G_b38_A" "chr17_16730794_A_C_b38_A"
 [3] "chr17_16750438_A_G_b38_A" "chr17_16753367_A_G_b38_A"
 [5] "chr17_16755445_A_G_b38_A" "chr17_16756776_T_A_b38_T"
 [7] "chr17_16757841_A_G_b38_A" "chr17_16757923_T_C_b38_T"
 [9] "chr17_16760376_T_C_b38_T" "chr17_16761128_C_G_b38_C"
[11] "chr17_16763184_C_G_b38_C" "chr17_16768811_A_C_b38_A"
[13] "chr17_16770668_T_C_b38_T" "chr17_16774983_G_A_b38_G"
[15] "chr17_16777451_A_G_b38_A" "chr17_16778473_G_T_b38_G"
[17] "chr17_16782811_A_G_b38_A" "chr17_16782839_C_T_b38_C"
[19] "chr17_16789470_C_T_b38_C" "chr17_16790727_A_G_b38_A"
[21] "chr17_16791071_G_A_b38_G" "chr17_16792369_G_A_b38_G"
[23] "chr17_16797409_G_A_b38_G" "chr17_16797711_A_T_b38_A"
[25] "chr17_16801312_C_T_b38_C" "chr17_16805239_C_A_b38_C"
[27] "chr17_16805556_C_T_b38_C" "chr17_16832713_A_G_b38_A"
[29] "chr17_16835218_T_G_b38_T" "chr17_16835330_G_A_b38_G"
[31] "chr17_16835457_G_A_b38_G" "chr17_16835776_T_C_b38_T"
[33] "chr17_16835880_A_G_b38_A" "chr17_16835893_C_T_b38_C"
[35] "chr17_16838131_G_A_b38_G" "chr17_16838310_T_C_b38_T"
[37] "chr17_16838385_G_C_b38_G" "chr17_16838388_G_C_b38_G"
[39] "chr17_16838415_C_A_b38_C" "chr17_16838543_G_T_b38_G"
[41] "chr17_16838597_G_A_b38_G" "chr17_16839624_C_T_b38_C"
[43] "chr17_16840849_C_A_b38_C" "chr17_16840977_C_G_b38_C"
[45] "chr17_16841312_A_G_b38_A" "chr17_16841364_C_T_b38_C"
[47] "chr17_16841479_A_T_b38_A" "chr17_16841578_C_G_b38_C"
[49] "chr17_16841585_A_C_b38_A" "chr17_16969964_C_G_b38_C"
[51] "chr17_16996257_C_G_b38_C" "chr17_17011112_G_A_b38_G"
[53] "chr17_17011175_A_T_b38_A" "chr17_17012422_C_T_b38_C"
[55] "chr17_17012672_T_C_b38_T" "chr17_17013014_G_A_b38_G"
[57] "chr17_17013506_C_A_b38_C" "chr17_17013518_C_G_b38_C"
[59] "chr17_17013525_T_C_b38_T" "chr17_17013755_G_A_b38_G"
[61] "chr17_17033122_G_A_b38_G" "chr17_17200880_A_G_b38_A"
[63] "chr17_17364952_T_G_b38_T" "chr17_17367804_A_G_b38_A"
[65] "chr17_17368733_C_G_b38_C" "chr17_17368995_G_A_b38_G"
[67] "chr17_17370201_C_T_b38_C" "chr17_17370926_T_C_b38_T"
[69] "chr17_17372304_G_A_b38_G" "chr17_17375080_A_G_b38_A"
[71] "chr17_17379265_T_C_b38_T" "chr17_17388394_G_C_b38_G"
[73] "chr17_17390212_T_C_b38_T" "chr17_17394067_G_A_b38_G"
[75] "chr17_17394232_G_A_b38_G" "chr17_17394354_T_C_b38_T"
[77] "chr17_17394600_A_C_b38_A" "chr17_17394632_C_T_b38_C"
[79] "chr17_17576873_A_G_b38_A" "chr17_17578003_T_C_b38_T"
[81] "chr17_17642739_A_C_b38_A"

=====================================
Tissue: Adipose Tissue 
=====================================
[1] TRUE
Running SuSiE.

=====================================
Tissue: Adrenal Gland 
=====================================
[1] TRUE
Running SuSiE.

=====================================
Tissue: Blood 
=====================================
[1] TRUE
Running SuSiE.

=====================================
Tissue: Blood Vessel 
=====================================
[1] TRUE
Running SuSiE.

=====================================
Tissue: Brain 
=====================================
[1] TRUE
Running SuSiE.

=====================================
Tissue: Breast 
=====================================
[1] TRUE
Running SuSiE.

=====================================
Tissue: Colon 
=====================================
[1] TRUE
Running SuSiE.

=====================================
Tissue: Esophagus 
=====================================
[1] TRUE
Running SuSiE.

=====================================
Tissue: Heart 
=====================================
[1] TRUE
Running SuSiE.

=====================================
Tissue: Kidney 
=====================================
[1] TRUE
Running SuSiE.

=====================================
Tissue: Liver 
=====================================
[1] TRUE
Running SuSiE.

=====================================
Tissue: Lung 
=====================================
[1] TRUE
Running SuSiE.

=====================================
Tissue: Muscle 
=====================================
[1] TRUE
Running SuSiE.

=====================================
Tissue: Nerve 
=====================================
[1] TRUE
Running SuSiE.

=====================================
Tissue: Ovary 
=====================================
[1] TRUE
Running SuSiE.

=====================================
Tissue: Pancreas 
=====================================
[1] TRUE
Running SuSiE.

=====================================
Tissue: Pituitary 
=====================================
[1] TRUE
Running SuSiE.

=====================================
Tissue: Prostate 
=====================================
[1] TRUE
Running SuSiE.

=====================================
Tissue: Salivary Gland 
=====================================
[1] TRUE
Running SuSiE.

=====================================
Tissue: Skin 
=====================================
[1] TRUE
Running SuSiE.

=====================================
Tissue: Small Intestine 
=====================================
[1] TRUE
Running SuSiE.

=====================================
Tissue: Spleen 
=====================================
[1] TRUE
Running SuSiE.

=====================================
Tissue: Stomach 
=====================================
[1] TRUE
Running SuSiE.

=====================================
Tissue: Testis 
=====================================
[1] TRUE
Running SuSiE.

=====================================
Tissue: Thyroid 
=====================================
[1] TRUE
Running SuSiE.

=====================================
Tissue: Uterus 
=====================================
[1] TRUE
Running SuSiE.

=====================================
Tissue: Vagina 
=====================================
[1] TRUE
Running SuSiE.
[2026-09-01 15:52:36] starting PLEC
Importing covariate data.
Importing gene expression data.
Found 27 tissues for gene PLEC :
 [1] "Adipose Tissue"  "Adrenal Gland"   "Blood"           "Blood Vessel"   
 [5] "Brain"           "Breast"          "Colon"           "Esophagus"      
 [9] "Heart"           "Kidney"          "Liver"           "Lung"           
[13] "Muscle"          "Nerve"           "Ovary"           "Pancreas"       
[17] "Pituitary"       "Prostate"        "Salivary Gland"  "Skin"           
[21] "Small Intestine" "Spleen"          "Stomach"         "Testis"         
[25] "Thyroid"         "Uterus"          "Vagina"         
71 SNP(s) removed because HWE P < 1e-08 :
 [1] "chr8_143642172_C_T_b38_C" "chr8_143644992_A_G_b38_A"
 [3] "chr8_143676061_G_A_b38_G" "chr8_143678295_C_T_b38_C"
 [5] "chr8_143678324_G_A_b38_G" "chr8_143698114_A_T_b38_A"
 [7] "chr8_143710469_C_G_b38_C" "chr8_143725009_T_C_b38_T"
 [9] "chr8_143727634_G_A_b38_G" "chr8_143741741_C_T_b38_C"
[11] "chr8_143742865_T_G_b38_T" "chr8_143747237_T_G_b38_T"
[13] "chr8_143752810_A_G_b38_A" "chr8_143754309_G_A_b38_G"
[15] "chr8_143754438_C_T_b38_C" "chr8_143756420_T_G_b38_T"
[17] "chr8_143757127_A_T_b38_A" "chr8_143758697_T_C_b38_T"
[19] "chr8_143760637_G_A_b38_G" "chr8_143761034_C_A_b38_C"
[21] "chr8_143761085_G_A_b38_G" "chr8_143762785_A_G_b38_A"
[23] "chr8_143764661_A_G_b38_A" "chr8_143766477_C_T_b38_C"
[25] "chr8_143766562_C_T_b38_C" "chr8_143769481_T_C_b38_T"
[27] "chr8_143775980_G_A_b38_G" "chr8_143778707_A_G_b38_A"
[29] "chr8_143780790_C_G_b38_C" "chr8_143836877_C_T_b38_C"
[31] "chr8_143844615_C_T_b38_C" "chr8_143887605_A_G_b38_A"
[33] "chr8_143902926_G_A_b38_G" "chr8_143904056_A_G_b38_A"
[35] "chr8_143905064_T_A_b38_T" "chr8_143905117_A_G_b38_A"
[37] "chr8_143927344_T_C_b38_T" "chr8_143929874_C_A_b38_C"
[39] "chr8_143938581_G_A_b38_G" "chr8_143957630_T_C_b38_T"
[41] "chr8_144024153_T_C_b38_T" "chr8_144038163_A_G_b38_A"
[43] "chr8_144045204_A_G_b38_A" "chr8_144046480_T_C_b38_T"
[45] "chr8_144050277_A_C_b38_A" "chr8_144051174_C_G_b38_C"
[47] "chr8_144051279_T_C_b38_T" "chr8_144053829_A_C_b38_A"
[49] "chr8_144053886_C_G_b38_C" "chr8_144055574_T_C_b38_T"
[51] "chr8_144168288_G_A_b38_G" "chr8_144168385_C_T_b38_C"
[53] "chr8_144174497_A_T_b38_A" "chr8_144179605_G_C_b38_G"
[55] "chr8_144184715_G_A_b38_G" "chr8_144185254_C_T_b38_C"
[57] "chr8_144186023_C_G_b38_C" "chr8_144190728_T_C_b38_T"
[59] "chr8_144200964_A_G_b38_A" "chr8_144204360_C_T_b38_C"
[61] "chr8_144221662_G_A_b38_G" "chr8_144225553_T_C_b38_T"
[63] "chr8_144233392_C_A_b38_C" "chr8_144247668_A_G_b38_A"
[65] "chr8_144247936_A_G_b38_A" "chr8_144247976_T_C_b38_T"
[67] "chr8_144277690_A_G_b38_A" "chr8_144277763_G_A_b38_G"
[69] "chr8_144355197_T_C_b38_T" "chr8_144414202_C_T_b38_C"
[71] "chr8_144414297_C_G_b38_C"

=====================================
Tissue: Adipose Tissue 
=====================================
[1] TRUE
Running SuSiE.

=====================================
Tissue: Adrenal Gland 
=====================================
[1] TRUE
Running SuSiE.

=====================================
Tissue: Blood 
=====================================
[1] TRUE
Running SuSiE.

=====================================
Tissue: Blood Vessel 
=====================================
[1] TRUE
Running SuSiE.

=====================================
Tissue: Brain 
=====================================
[1] TRUE
Running SuSiE.

=====================================
Tissue: Breast 
=====================================
[1] TRUE
Running SuSiE.

=====================================
Tissue: Colon 
=====================================
[1] TRUE
Running SuSiE.

=====================================
Tissue: Esophagus 
=====================================
[1] TRUE
Running SuSiE.

=====================================
Tissue: Heart 
=====================================
[1] TRUE
Running SuSiE.

=====================================
Tissue: Kidney 
=====================================
[1] TRUE
Running SuSiE.

=====================================
Tissue: Liver 
=====================================
[1] TRUE
Running SuSiE.

=====================================
Tissue: Lung 
=====================================
[1] TRUE
Running SuSiE.

=====================================
Tissue: Muscle 
=====================================
[1] TRUE
Running SuSiE.

=====================================
Tissue: Nerve 
=====================================
[1] TRUE
Running SuSiE.

=====================================
Tissue: Ovary 
=====================================
[1] TRUE
Running SuSiE.

=====================================
Tissue: Pancreas 
=====================================
[1] TRUE
Running SuSiE.

=====================================
Tissue: Pituitary 
=====================================
[1] TRUE
Running SuSiE.

=====================================
Tissue: Prostate 
=====================================
[1] TRUE
Running SuSiE.

=====================================
Tissue: Salivary Gland 
=====================================
[1] TRUE
Running SuSiE.

=====================================
Tissue: Skin 
=====================================
[1] TRUE
Running SuSiE.

=====================================
Tissue: Small Intestine 
=====================================
[1] TRUE
Running SuSiE.

=====================================
Tissue: Spleen 
=====================================
[1] TRUE
Running SuSiE.

=====================================
Tissue: Stomach 
=====================================
[1] TRUE
Running SuSiE.

=====================================
Tissue: Testis 
=====================================
[1] TRUE
Running SuSiE.

=====================================
Tissue: Thyroid 
=====================================
[1] TRUE
Running SuSiE.

=====================================
Tissue: Uterus 
=====================================
[1] TRUE
Running SuSiE.

=====================================
Tissue: Vagina 
=====================================
[1] TRUE
Running SuSiE.
[2026-09-01 15:55:15] starting PLEK
Importing covariate data.
Importing gene expression data.
Found 27 tissues for gene PLEK :
 [1] "Adipose Tissue"  "Adrenal Gland"   "Blood"           "Blood Vessel"   
 [5] "Brain"           "Breast"          "Colon"           "Esophagus"      
 [9] "Heart"           "Kidney"          "Liver"           "Lung"           
[13] "Muscle"          "Nerve"           "Ovary"           "Pancreas"       
[17] "Pituitary"       "Prostate"        "Salivary Gland"  "Skin"           
[21] "Small Intestine" "Spleen"          "Stomach"         "Testis"         
[25] "Thyroid"         "Uterus"          "Vagina"         
34 SNP(s) removed because HWE P < 1e-08 :
 [1] "chr2_68007616_G_A_b38_G" "chr2_68008356_C_T_b38_C"
 [3] "chr2_68008664_C_T_b38_C" "chr2_68311213_A_C_b38_A"
 [5] "chr2_68468159_T_C_b38_T" "chr2_68470559_G_A_b38_G"
 [7] "chr2_68474754_T_C_b38_T" "chr2_68478520_C_G_b38_C"
 [9] "chr2_68494844_C_T_b38_C" "chr2_68501351_G_A_b38_G"
[11] "chr2_68502166_C_T_b38_C" "chr2_68514802_A_G_b38_A"
[13] "chr2_68607157_C_T_b38_C" "chr2_68607168_C_T_b38_C"
[15] "chr2_68607172_T_C_b38_T" "chr2_68607173_G_A_b38_G"
[17] "chr2_68607240_T_C_b38_T" "chr2_68607244_A_G_b38_A"
[19] "chr2_68607251_T_C_b38_T" "chr2_68607252_G_A_b38_G"
[21] "chr2_68607262_T_C_b38_T" "chr2_68607279_T_C_b38_T"
[23] "chr2_68607294_C_T_b38_C" "chr2_68607330_C_T_b38_C"
[25] "chr2_68607381_T_C_b38_T" "chr2_68607422_T_G_b38_T"
[27] "chr2_68607466_C_A_b38_C" "chr2_68618087_T_C_b38_T"
[29] "chr2_68687614_C_T_b38_C" "chr2_68687634_C_T_b38_C"
[31] "chr2_68687666_C_T_b38_C" "chr2_68687680_C_T_b38_C"
[33] "chr2_68687696_C_T_b38_C" "chr2_68687706_C_T_b38_C"

=====================================
Tissue: Adipose Tissue 
=====================================
[1] TRUE
Running SuSiE.

=====================================
Tissue: Adrenal Gland 
=====================================
[1] TRUE
Running SuSiE.

=====================================
Tissue: Blood 
=====================================
[1] TRUE
Running SuSiE.

=====================================
Tissue: Blood Vessel 
=====================================
[1] TRUE
Running SuSiE.

=====================================
Tissue: Brain 
=====================================
[1] TRUE
Running SuSiE.

=====================================
Tissue: Breast 
=====================================
[1] TRUE
Running SuSiE.

=====================================
Tissue: Colon 
=====================================
[1] TRUE
Running SuSiE.

=====================================
Tissue: Esophagus 
=====================================
[1] TRUE
Running SuSiE.

=====================================
Tissue: Heart 
=====================================
[1] TRUE
Running SuSiE.

=====================================
Tissue: Kidney 
=====================================
[1] TRUE
Running SuSiE.

=====================================
Tissue: Liver 
=====================================
[1] TRUE
Running SuSiE.

=====================================
Tissue: Lung 
=====================================
[1] TRUE
Running SuSiE.

=====================================
Tissue: Muscle 
=====================================
[1] TRUE
Running SuSiE.

=====================================
Tissue: Nerve 
=====================================
[1] TRUE
Running SuSiE.

=====================================
Tissue: Ovary 
=====================================
[1] TRUE
Running SuSiE.

=====================================
Tissue: Pancreas 
=====================================
[1] TRUE
Running SuSiE.

=====================================
Tissue: Pituitary 
=====================================
[1] TRUE
Running SuSiE.

=====================================
Tissue: Prostate 
=====================================
[1] TRUE
Running SuSiE.

=====================================
Tissue: Salivary Gland 
=====================================
[1] TRUE
Running SuSiE.

=====================================
Tissue: Skin 
=====================================
[1] TRUE
Running SuSiE.

=====================================
Tissue: Small Intestine 
=====================================
[1] TRUE
Running SuSiE.

=====================================
Tissue: Spleen 
=====================================
[1] TRUE
Running SuSiE.

=====================================
Tissue: Stomach 
=====================================
[1] TRUE
Running SuSiE.

=====================================
Tissue: Testis 
=====================================
[1] TRUE
Running SuSiE.

=====================================
Tissue: Thyroid 
=====================================
[1] TRUE
Running SuSiE.

=====================================
Tissue: Uterus 
=====================================
[1] TRUE
Running SuSiE.

=====================================
Tissue: Vagina 
=====================================
[1] TRUE
Running SuSiE.
Chunk 118 done.
Finished chunk 118 at Tue Sep  1 15:58:28 CDT 2026
