"scenario","pve","K","coding","bin","n","sum_pip","n_true","sum_brier","mean_pip","observed_frequency","brier"
"Additive only",0.1,1,"additive",1,929869,449.667532689555,181,173.796704183261,0.000483581593417519,0.000194651074506194,0.000186904503949762
"Dominant only",0.1,1,"additive",1,930411,360.555141796553,0,1.73652463883928,0.000387522440939061,0,1.86640596342829e-06
"Recessive only",0.1,1,"additive",1,930508,402.983499078703,0,0.72845014299587,0.000433079026809768,0,7.8285210121339e-07
"Additive only",0.2,1,"additive",1,929732,415.489955549688,123,118.247233524307,0.000446892174895226,0.000132296188579074,0.00012718421386411
"Dominant only",0.2,1,"additive",1,930464,336.896016915661,0,1.03488782998342,0.0003620731343885,0,1.11222769498166e-06
"Recessive only",0.2,1,"additive",1,930511,402.364588469305,0,0.675870973539159,0.000432412500732721,0,7.26343883671615e-07
"Additive only",0.3,1,"additive",1,929719,405.826797772042,103,98.7521469993496,0.00043650479098743,0.000110786162270536,0.000106217197883823
"Dominant only",0.3,1,"additive",1,931109,338.11817423996,0,0.699388544057545,0.000363134900682906,0,7.51134984258068e-07
"Recessive only",0.3,1,"additive",1,930511,405.483696602811,0,0.683909901880269,0.000435764538627497,0,7.34983145691205e-07
"Additive only",0.4,1,"additive",1,929722,390.606727553737,83,80.2092952974948,0.000420132822019633,8.92739980338209e-05,8.62723430202736e-05
"Dominant only",0.4,1,"additive",1,930489,334.158628255261,0,0.609035265051177,0.000359121524548126,0,6.54532471690882e-07
"Recessive only",0.4,1,"additive",1,930511,407.888266588713,0,0.688921238230342,0.000438348677864865,0,7.40368720230434e-07
"Additive + Dominant",0.1,2,"additive",1,927910,506.257940784945,269,262.52355782121,0.000545589486895222,0.000289898804840987,0.000282919203178336
"Additive + Recessive",0.1,2,"additive",1,930080,504.194695493169,272,263.484629804098,0.000542098201760246,0.00029244796146568,0.000283292436999073
"Additive only",0.1,2,"additive",1,927614,608.068587888716,530,513.3549567144,0.000655518985147611,0.000571358345173747,0.000553414412368075
"Dominant only",0.1,2,"additive",1,928183,433.681770861077,0,3.89792807119792,0.000467237356061334,0,4.19952538583223e-06
"Recessive + Dominant",0.1,2,"additive",1,930416,411.663237145861,0,2.44448466664512,0.000442450728648112,0,2.62730291250916e-06
"Recessive only",0.1,2,"additive",1,928730,388.722431978301,0,0.939165224090001,0.000418552681595621,0,1.01123601486977e-06
"Additive + Dominant",0.2,2,"additive",1,927987,415.784836294951,179,173.336982962235,0.000448050281194619,0.000192890633166197,0.00018678815862963
"Additive + Recessive",0.2,2,"additive",1,929764,406.198712284371,177,170.500072771736,0.000436883674012299,0.000190370889817201,0.000183379946708774
"Additive only",0.2,2,"additive",1,927036,498.978991278566,345,331.481112241954,0.000538252011009891,0.000372153832213636,0.000357570916600816
"Dominant only",0.2,2,"additive",1,928181,316.571142454828,0,2.41749917863868,0.000341066174005746,0,2.60455576944441e-06
"Recessive + Dominant",0.2,2,"additive",1,930431,296.467762544217,0,1.36686293314223,0.000318634871950974,0,1.46906426499357e-06
"Recessive only",0.2,2,"additive",1,930502,296.279623512437,0,0.565549889629085,0.000318408368291994,0,6.0779008495316e-07
"Additive + Dominant",0.3,2,"additive",1,927592,372.455601422651,141,136.386312281415,0.000401529553319402,0.000152006485610053,0.000147032652590164
"Additive + Recessive",0.3,2,"additive",1,929698,381.911435203877,143,137.838040279209,0.000410790853808309,0.000153813388863911,0.000148261091536401
"Additive only",0.3,2,"additive",1,926925,460.929208550608,268,258.271894999465,0.00049726699414797,0.000289128030854708,0.000278633001590706
"Dominant only",0.3,2,"additive",1,928230,285.108348820868,0,1.30255194775177,0.000307152697952951,0,1.40326422088466e-06
"Recessive + Dominant",0.3,2,"additive",1,930469,283.72267549684,0,0.933686149890662,0.000304924372006848,0,1.00345755730783e-06
"Recessive only",0.3,2,"additive",1,929703,303.806306714933,0,0.497903326125423,0.000326777806154152,0,5.35550951352661e-07
"Additive + Dominant",0.4,2,"additive",1,927595,353.620977330583,122,117.666067229882,0.00038122346210424,0.000131522916790194,0.000126850691551682
"Additive + Recessive",0.4,2,"additive",1,929722,361.925571902678,120,115.660693352923,0.000389283648125653,0.000129070840530825,0.000124403524228665
"Additive only",0.4,2,"additive",1,926869,416.819602582019,224,215.894415086239,0.000449707135077361,0.000241673850349942,0.00023292872572741
"Dominant only",0.4,2,"additive",1,928296,273.674745088535,0,0.927828448641434,0.000294814094953048,0,9.99496333757157e-07
"Recessive + Dominant",0.4,2,"additive",1,930477,282.429061864941,0,0.67327098441232,0.000303531481019887,0,7.23576170515037e-07
"Recessive only",0.4,2,"additive",1,928216,302.491138384926,0,0.490691385945835,0.000325884426022527,0,5.28639224001563e-07
"Additive + Dominant",0.1,3,"additive",1,1859613,1563.61097916113,1046,1028.21297488263,0.000840826010122071,0.000562482624072858,0.000552917717225375
"Additive + Recessive",0.1,3,"additive",1,1860423,1490.18333861774,1040,1021.41695319308,0.000800991676956123,0.00055901265464897,0.000549024040873004
"Additive + Recessive + Dominant",0.1,3,"additive",1,930224,731.320452551037,348,343.281779946594,0.000786176719318182,0.000374103441751664,0.000369031308530627
"Additive only",0.1,3,"additive",1,929913,838.821422721259,1029,1007.68882141981,0.000902042903713852,0.00110655512935081,0.00108363773968082
"Dominant only",0.1,3,"additive",1,930268,654.681924124778,0,4.35925271465148,0.000703756255320808,0,4.68601813095956e-06
"Recessive + Dominant",0.1,3,"additive",1,1860787,1238.95938103537,0,6.3228248860545,0.000665825471177181,0,3.39793049180508e-06
"Recessive only",0.1,3,"additive",1,928860,564.612269795295,0,1.74608134356901,0.000607855080200778,0,1.87981110562304e-06
"Additive + Dominant",0.2,3,"additive",1,1858958,1030.16033659365,698,675.33188415813,0.000554160092155738,0.000375479166285629,0.000363285175973922
"Additive + Recessive",0.2,3,"additive",1,1857920,1030.59465736631,685,663.427274692615,0.000554703462671323,0.000368691870478815,0.000357080646471654
"Additive + Recessive + Dominant",0.2,3,"additive",1,929809,460.557182641955,224,219.343885621801,0.000495324504970327,0.000240909692205604,0.000235902089162183
"Additive only",0.2,3,"additive",1,928933,639.274486010962,699,674.164344057487,0.000688181479192753,0.000752476228102565,0.00072574054755024
"Dominant only",0.2,3,"additive",1,930109,380.651421036772,0,4.55945350378534,0.000409254636861671,0,4.90206363317131e-06
"Recessive + Dominant",0.2,3,"additive",1,1860622,691.517885450737,0,5.6986603662702,0.000371659523240474,0,3.06277167864843e-06
"Recessive only",0.2,3,"additive",1,930489,304.533129697124,0,0.871945874471401,0.000327282890713511,0,9.37083484567148e-07
"Additive + Dominant",0.3,3,"additive",1,1858609,873.198255665027,528,511.299063238871,0.000469812777009595,0.000284083419374382,0.000275097701151168
"Additive + Recessive",0.3,3,"additive",1,1858950,908.404116189481,515,499.34129894636,0.000488665169148972,0.000277038112913204,0.000268614701281024
"Additive + Recessive + Dominant",0.3,3,"additive",1,929706,401.816888637645,173,168.195602381066,0.00043219780085064,0.000186080330771233,0.00018091267818113
"Additive only",0.3,3,"additive",1,927576,574.960810225845,541,522.977349899502,0.000619853047325335,0.000583240618558479,0.000563810781973123
"Dominant only",0.3,3,"additive",1,930168,293.245988406631,0,2.96013289440389,0.000315261316672505,0,3.18236371752617e-06
"Recessive + Dominant",0.3,3,"additive",1,1860701,605.986014306431,0,3.25707962375735,0.000325676191019638,0,1.75045836153006e-06
"Recessive only",0.3,3,"additive",1,930507,301.971219384289,0,0.596827432586413,0.000324523318346116,0,6.41400260918416e-07
"Additive + Dominant",0.4,3,"additive",1,1858590,787.867631424603,423,410.961555071789,0.00042390609624748,0.000227591884170258,0.000221114691821106
"Additive + Recessive",0.4,3,"additive",1,1857060,868.615028800358,440,425.368114210085,0.000467736652989326,0.000236933647808902,0.000229054588548612
"Additive + Recessive + Dominant",0.4,3,"additive",1,929692,382.556779156815,145,139.985708981929,0.000411487653068775,0.000155965631628539,0.000150572134623003
"Additive only",0.4,3,"additive",1,928367,507.799164705435,428,414.442701812332,0.000546981058897435,0.000461024573256051,0.00044642119098625
"Dominant only",0.4,3,"additive",1,930258,260.655696463427,0,1.9516024961261,0.000280197210304482,0,2.09791530535196e-06
"Recessive + Dominant",0.4,3,"additive",1,1860815,582.496579967069,0,2.23072190977027,0.000313033041955847,0,1.19878757951235e-06
"Recessive only",0.4,3,"additive",1,930508,305.075637772053,0,0.552444024249337,0.000327859231486514,0,5.93701531044695e-07
"Additive + Dominant",0.1,4,"additive",1,2790560,2808.63427521252,2223,2196.8571423963,0.00100647693481327,0.000796614299638782,0.000787245980160362
"Additive + Recessive",0.1,4,"additive",1,2790897,2680.14251796594,2252,2220.02454614875,0.000960315811714275,0.000806909033188971,0.00079545198054559
"Additive + Recessive + Dominant",0.1,4,"additive",1,2790911,2686.82498393722,1513,1498.74133400455,0.00096270536177514,0.000542116893014503,0.000537007928237248
"Additive only",0.1,4,"additive",1,930036,992.94397030856,1482,1457.52673253894,0.00106764036048987,0.0015934867037405,0.00156717238100347
"Dominant only",0.1,4,"additive",1,930303,835.373320047003,0,4.79982315815332,0.000897958321156659,0,5.15941919799605e-06
"Recessive + Dominant",0.1,4,"additive",1,2790555,2420.30187162346,0,11.9542543323089,0.000867319179024767,0,4.2838268130565e-06
"Recessive only",0.1,4,"additive",1,930481,662.397094209486,0,1.71994412257688,0.000711886749121675,0,1.84844625798579e-06
"Additive + Dominant",0.2,4,"additive",1,2788348,1862.86195363307,1648,1610.00501999917,0.000668088041246312,0.000591030961702054,0.000577404620943717
"Additive + Recessive",0.2,4,"additive",1,2789000,1720.93655272673,1659,1615.83108990653,0.000617044300009583,0.000594836859089279,0.000579358583688251
"Additive + Recessive + Dominant",0.2,4,"additive",1,2789366,1658.44721327598,1121,1100.86549556953,0.000594560632515051,0.000401883438745579,0.000394665130201463
"Additive only",0.2,4,"additive",1,928875,762.985072912059,1098,1065.61367961594,0.000821407695235697,0.00118207509083569,0.00114720891359542
"Dominant only",0.2,4,"additive",1,930008,472.776552572462,0,6.36894114252783,0.000508357511518677,0,6.84826489936413e-06
"Recessive + Dominant",0.2,4,"additive",1,2789385,1170.97522257495,0,12.2042970293314,0.000419796916730729,0,4.37526445052632e-06
"Recessive only",0.2,4,"additive",1,930470,283.044634001142,0,1.13752502308894,0.000304195335691792,0,1.2225273497146e-06
"Additive + Dominant",0.3,4,"additive",1,2787217,1525.44228065723,1247,1215.8975650992,0.000547299431891106,0.00044739968219195,0.000436240725102925
"Additive + Recessive",0.3,4,"additive",1,2787874,1337.62073659991,1224,1188.9521722515,0.000479799566479656,0.000439044232271616,0.000426472707249862
"Additive + Recessive + Dominant",0.3,4,"additive",1,2788622,1251.02943044542,842,821.044256277312,0.000448619221409506,0.00030194124553274,0.000294426514700563
"Additive only",0.3,4,"additive",1,928154,657.439178713153,823,798.035778279183,0.000708329844738215,0.000886706300894033,0.0008598096633524
"Dominant only",0.3,4,"additive",1,930015,335.687356122611,0,5.23109616493168,0.000360948324621228,0,5.62474386427281e-06
"Recessive + Dominant",0.3,4,"additive",1,2788109,816.710866528717,0,8.63200812860407,0.000292926448187182,0,3.09600812902368e-06
"Recessive only",0.3,4,"additive",1,930485,213.25739649336,0,0.544451229068121,0.000229189504928462,0,5.85126282603289e-07
"Additive + Dominant",0.4,4,"additive",1,2786814,1338.57526204072,1044,1014.30567458913,0.000480324579265326,0.000374621341790302,0.000363966046743389
"Additive + Recessive",0.4,4,"additive",1,2787255,1187.2318920476,1025,993.373884150167,0.000425950224162337,0.000367745326495064,0.000356398637422901
"Additive + Recessive + Dominant",0.4,4,"additive",1,2788385,1107.35512163878,680,662.747114411511,0.000397131357986353,0.000243868762742591,0.000237681351180526
"Additive only",0.4,4,"additive",1,927844,602.394092790777,694,671.501320374545,0.000649240705108593,0.000747970564017227,0.000723722220949367
"Dominant only",0.4,4,"additive",1,930107,287.190508960455,0,3.65043160957155,0.000308771473562133,0,3.92474372257337e-06
"Recessive + Dominant",0.4,4,"additive",1,2791122,668.339232795677,0,5.42405635801891,0.000239451816436428,0,1.94332471243425e-06
"Recessive only",0.4,4,"additive",1,930495,206.666447346449,0,0.402936123694502,0.000222103769871358,0,4.33034163208295e-07
"Additive + Dominant",0.1,5,"additive",1,3720947,4511.423605198,3820,3777.9135201144,0.00121243963034088,0.00102662037379194,0.00101530968329148
"Additive + Recessive",0.1,5,"additive",1,3721301,4027.06115140243,3880,3838.00079412903,0.00108216485347528,0.00104264610683199,0.00103135994484967
"Additive + Recessive + Dominant",0.1,5,"additive",1,5581984,6121.20987444777,3892,3861.41444130559,0.0010966011143077,0.000697243130757809,0.000691763796045562
"Additive only",0.1,5,"additive",1,930133,1192.47182470454,1912,1886.76416033353,0.00128204442236168,0.00205562000273079,0.0020284885713479
"Dominant only",0.1,5,"additive",1,930331,1063.36034553791,0,5.41317097440561,0.00114299141438683,0,5.81854305016775e-06
"Recessive + Dominant",0.1,5,"additive",1,3721656,3776.20884478656,0,16.0463578432769,0.00101465821795098,0,4.31161768935036e-06
"Recessive only",0.1,5,"additive",1,930484,806.831763172817,0,2.10993573971629,0.000867109765641125,0,2.26756799656554e-06
"Additive + Dominant",0.2,5,"additive",1,3718072,3348.88003200393,3098,3045.96430990556,0.000900703383905404,0.000833227543737722,0.000819232201502703
"Additive + Recessive",0.2,5,"additive",1,3719122,2928.00440152009,3245,3175.84703938374,0.000787283773299207,0.000872517760912387,0.000853923866811505
"Additive + Recessive + Dominant",0.2,5,"additive",1,5579192,4268.8952338543,3254,3201.21609138826,0.000765145783449342,0.000583238576482043,0.000573777724693515
"Additive only",0.2,5,"additive",1,928973,977.980641414489,1568,1533.17904090079,0.00105275464562962,0.00168788543908165,0.00165040215474592
"Dominant only",0.2,5,"additive",1,929986,689.067833288944,0,7.68467661820186,0.00074094430807447,0,8.26321753037342e-06
"Recessive + Dominant",0.2,5,"additive",1,3721015,2236.22617335362,0,19.0855899077128,0.000600972093193288,0,5.12913543958107e-06
"Recessive only",0.2,5,"additive",1,930459,452.675995051736,0,1.70526967534762,0.000486508266405866,0,1.83271877143176e-06
"Additive + Dominant",0.3,5,"additive",1,3715716,2339.67152628751,2441,2386.8433336924,0.000629669093732543,0.00065693933551434,0.000642364307092469
"Additive + Recessive",0.3,5,"additive",1,3716761,2086.25484875717,2475,2404.1036653251,0.000561309927853089,0.000665902381132389,0.00064682761827438
"Additive + Recessive + Dominant",0.3,5,"additive",1,5576609,2822.60080477696,2490,2434.03986357905,0.000506150028588513,0.000446507904714137,0.000436473108223842
"Additive only",0.3,5,"additive",1,928038,783.787161025206,1235,1203.01725681877,0.000844563650438028,0.00133076447300649,0.00129630172128595
"Dominant only",0.3,5,"additive",1,929868,391.845104675144,0,6.82516584457374,0.000421398633650307,0,7.33992980140594e-06
"Recessive + Dominant",0.3,5,"additive",1,3720900,1206.75149016594,0,15.4519365204659,0.000324317098058519,0,4.15274168090137e-06
"Recessive only",0.3,5,"additive",1,930468,221.597210241189,0,1.09498900907539,0.00023815672354255,0,1.17681533279532e-06
"Additive + Dominant",0.4,5,"additive",1,3714728,2011.68603643545,2005,1959.64673352257,0.000541543293731183,0.00053974342132183,0.00052753438031602
"Additive + Recessive",0.4,5,"additive",1,3715411,1761.65741529119,2006,1943.94123518985,0.000474148732210567,0.000539913350097742,0.000523210281497753
"Additive + Recessive + Dominant",0.4,5,"additive",1,5575465,2288.67263092993,2007,1952.83032987384,0.000410490000552407,0.000359969975598448,0.000350254253210062
"Additive only",0.4,5,"additive",1,927495,710.077859521871,1023,995.856312082687,0.000765586725019403,0.00110297090550353,0.00107370531602077
"Dominant only",0.4,5,"additive",1,929959,283.159297443989,0,4.99272986940797,0.000304485786409927,0,5.36876342871887e-06
"Recessive + Dominant",0.4,5,"additive",1,3721164,880.944113949874,0,11.0336013734316,0.000236738857505306,0,2.96509408707372e-06
"Recessive only",0.4,5,"additive",1,930485,177.885846223449,0,0.797198584039486,0.000191175404464821,0,8.56755975689544e-07
"Additive only",0.1,1,"dominant",1,930392,340.934348983695,0,1.55674463027379,0.000366441617064307,0,1.67321368871807e-06
"Dominant only",0.1,1,"dominant",1,929911,462.51756124329,181,172.977695590518,0.000497378309583702,0.000194642282971166,0.000186015323606794
"Recessive only",0.1,1,"dominant",1,930502,403.184925430892,0,0.734729878296282,0.000433298289988514,0,7.89605909816724e-07
"Additive only",0.2,1,"dominant",1,930443,313.988244918901,0,0.803022078656197,0.000337461021168304,0,8.63053490279573e-07
"Dominant only",0.2,1,"dominant",1,929779,431.053275112507,128,122.585643307218,0.000463608314569922,0.00013766712304752,0.000131843850320579
"Recessive only",0.2,1,"dominant",1,930503,403.712645668422,0,0.686641700770939,0.000433864958703435,0,7.37925294997372e-07
"Additive only",0.3,1,"dominant",1,930473,318.576038211599,0,0.659673291240073,0.000342380744214608,0,7.08965538215588e-07
"Dominant only",0.3,1,"dominant",1,930350,420.971729578605,95,91.9276265487834,0.000452487482752303,0.000102112108346321,9.88097238123108e-05
"Recessive only",0.3,1,"dominant",1,930503,406.589912464665,0,0.687438026631698,0.000436957121540355,0,7.38781096494797e-07
"Additive only",0.4,1,"dominant",1,930482,315.023946099361,0,0.603352801693609,0.000338559957204288,0,6.48430385212835e-07
"Dominant only",0.4,1,"dominant",1,929734,409.662162301115,87,83.8093799517461,0.000440622976357878,9.35751516025014e-05,9.01433958011066e-05
"Recessive only",0.4,1,"dominant",1,930503,408.984490756152,0,0.691797991437002,0.000439530545045155,0,7.43466696439455e-07
"Additive + Dominant",0.1,2,"dominant",1,927871,495.831478451493,254,247.367151429795,0.000534375444917982,0.000273744949459569,0.000266596489630342
"Additive + Recessive",0.1,2,"dominant",1,930397,411.354641697643,0,2.40296741408173,0.000442128082633159,0,2.58273340743975e-06
"Additive only",0.1,2,"dominant",1,928172,460.218087466994,0,3.82877521972651,0.00049583276318074,0,4.12507080554736e-06
"Dominant only",0.1,2,"dominant",1,927571,582.804268932683,526,507.24014655748,0.000628312300549158,0.000567072493641996,0.000546847784759851
"Recessive + Dominant",0.1,2,"dominant",1,930106,484.24964743629,269,259.168587192138,0.00052063920395771,0.000289214347611993,0.0002786441407669
"Recessive only",0.1,2,"dominant",1,928736,375.091931709659,0,0.84976514617364,0.000403873578400814,0,9.14969535124772e-07
"Additive + Dominant",0.2,2,"dominant",1,927952,397.737184664174,154,149.059775664503,0.000428618274074709,0.000165956859837578,0.00016063306686607
"Additive + Recessive",0.2,2,"dominant",1,930429,303.924978090797,0,1.58773679548526,0.000326650371055499,0,1.70645669415427e-06
"Additive only",0.2,2,"dominant",1,928205,318.840912407228,0,2.45693890071758,0.000343502687883848,0,2.64697873930606e-06
"Dominant only",0.2,2,"dominant",1,927069,502.661138267747,332,318.376006859613,0.000542204666823879,0.000358117896294666,0.000343422125925484
"Recessive + Dominant",0.2,2,"dominant",1,929807,401.769829551606,167,160.107246553231,0.000432100241826105,0.000179607165788169,0.000172194064524391
"Recessive only",0.2,2,"dominant",1,930496,295.815905317946,0,0.594085441876411,0.000317912065519836,0,6.38461037851222e-07
"Additive + Dominant",0.3,2,"dominant",1,927585,358.916390115568,119,114.249294964833,0.000386936388703534,0.000128290129745522,0.000123168545162797
"Additive + Recessive",0.3,2,"dominant",1,930463,285.39018066589,0,1.10309001188129,0.000306718462384738,0,1.18552807782931e-06
"Additive only",0.3,2,"dominant",1,928261,287.341104922113,0,1.49438941477708,0.000309547751033505,0,1.60988064216538e-06
"Dominant only",0.3,2,"dominant",1,926942,462.924601206098,253,243.239967491777,0.000499410536156629,0.000272940486028252,0.000262411205330837
"Recessive + Dominant",0.3,2,"dominant",1,929726,385.376727760424,132,126.196507222159,0.000414505701422166,0.0001419773137462,0.000135735159845115
"Recessive only",0.3,2,"dominant",1,929698,304.645001083984,0,0.571426487221874,0.000327681678441799,0,6.14636674728648e-07
"Additive + Dominant",0.4,2,"dominant",1,927540,337.329057232775,87,84.0658855685912,0.000363681412373348,9.37964939517433e-05,9.06331646814059e-05
"Additive + Recessive",0.4,2,"dominant",1,930469,272.931962583072,0,0.758024155499421,0.000293327303309483,0,8.14668898694552e-07
"Additive only",0.4,2,"dominant",1,928311,255.553241245304,0,0.94383498634358,0.00027528839068513,0,1.01672282924966e-06
"Dominant only",0.4,2,"dominant",1,926858,435.639574433507,199,191.761566989041,0.000470017601869441,0.000214703870495804,0.000206894224346168
"Recessive + Dominant",0.4,2,"dominant",1,929699,378.613794479516,105,101.054637259583,0.000407243413706496,0.000112939779433989,0.000108696080408371
"Recessive only",0.4,2,"dominant",1,928212,302.796391635597,0,0.529988647602493,0.000326214691940631,0,5.70978017524545e-07
"Additive + Dominant",0.1,3,"dominant",1,1859667,1563.73000130944,1024,1006.46826410019,0.000840865596533917,0.000550636216053734,0.000541208863791306
"Additive + Recessive",0.1,3,"dominant",1,1860786,1282.01069802416,0,5.53145989496008,0.000688961921480576,0,2.97264698625209e-06
"Additive + Recessive + Dominant",0.1,3,"dominant",1,930279,706.794919156259,360,354.129961456338,0.000759766606745137,0.000386980679989552,0.000380670703580687
"Additive only",0.1,3,"dominant",1,930302,713.509113146585,0,4.6859601830686,0.000766965042692142,0,5.03703118242097e-06
"Dominant only",0.1,3,"dominant",1,929900,800.412251435654,1018,994.159176271085,0.000860750888736051,0.00109474137003979,0.00106910331892793
"Recessive + Dominant",0.1,3,"dominant",1,1860508,1358.22582435086,1064,1042.3808741314,0.000730029553407379,0.000571886818008845,0.000560266805695757
"Recessive only",0.1,3,"dominant",1,928880,534.821637890355,0,1.25079469513417,0.000575770430938716,0,1.34656219870615e-06
"Additive + Dominant",0.2,3,"dominant",1,1859143,1014.94657659196,665,645.947627565296,0.000545921737376821,0.000357691689127733,0.00034744375637877
"Additive + Recessive",0.2,3,"dominant",1,1859313,713.777589272245,0,4.68358553933112,0.000383893184887238,0,2.51898714166529e-06
"Additive + Recessive + Dominant",0.2,3,"dominant",1,929901,449.787596035674,235,228.722101080365,0.000483694066395964,0.00025271507397024,0.000245963926353843
"Additive only",0.2,3,"dominant",1,930158,396.795836680344,0,4.47244418946065,0.000426589715597075,0,4.8082628859405e-06
"Dominant only",0.2,3,"dominant",1,928923,622.815226930403,663,636.324087329754,0.000670470240192571,0.000713729770928269,0.000685012737686281
"Recessive + Dominant",0.2,3,"dominant",1,1859410,965.630330540746,694,668.469755249082,0.000519320822487104,0.000373236671847522,0.000359506378501289
"Recessive only",0.2,3,"dominant",1,930490,293.054166042435,0,0.589769142712847,0.000314946067171528,0,6.33826416955419e-07
"Additive + Dominant",0.3,3,"dominant",1,1858798,846.166974658333,511,494.995013306161,0.000455222662526177,0.000274908838937851,0.000266298443029399
"Additive + Recessive",0.3,3,"dominant",1,1860795,586.987769775278,0,3.24691465883979,0.000315449993027323,0,1.74490723526223e-06
"Additive + Recessive + Dominant",0.3,3,"dominant",1,929762,396.351688839404,177,171.611428264527,0.000426293706173627,0.000190371299321762,0.000184575652978425
"Additive only",0.3,3,"dominant",1,929239,305.399586482031,0,2.71485365638368,0.000328655584281364,0,2.92158815588205e-06
"Dominant only",0.3,3,"dominant",1,928538,558.240176431903,507,486.367527890187,0.000601203371786511,0.000546019656707642,0.000523799271424742
"Recessive + Dominant",0.3,3,"dominant",1,1858898,915.610921567832,517,496.29408688723,0.000492555762375252,0.000278121768919005,0.000266982958122086
"Recessive only",0.3,3,"dominant",1,930491,299.365103572013,0,0.521374748366431,0.000321728102229912,0,5.60322182983426e-07
"Additive + Dominant",0.4,3,"dominant",1,1858734,771.415695917968,415,401.321361773064,0.000415022104248358,0.000223270247383434,0.000215911131863443
"Additive + Recessive",0.4,3,"dominant",1,1859097,572.349310754319,0,2.2582908734042,0.000307864146278714,0,1.21472460737885e-06
"Additive + Recessive + Dominant",0.4,3,"dominant",1,929707,383.586083199199,141,136.235682721689,0.00041258814142434,0.000151660684495223,0.000146536148186137
"Additive only",0.4,3,"dominant",1,930271,238.402046333687,0,1.74609541974752,0.000256271609384455,0,1.87697501023629e-06
"Dominant only",0.4,3,"dominant",1,928423,529.425883809267,410,393.58858106301,0.000570242102801489,0.000441609051046775,0.000423932389722152
"Recessive + Dominant",0.4,3,"dominant",1,1858763,882.03865304105,423,406.029152384264,0.000474529917499461,0.000227570701590251,0.000218440517905867
"Recessive only",0.4,3,"dominant",1,930504,303.729420403384,0,0.495260096764787,0.000326413879363639,0,5.32249293678251e-07
"Additive + Dominant",0.1,4,"dominant",1,2790612,2832.06570237944,2221,2188.61713070604,0.0010148546993919,0.000795882766934278,0.00078427854918779
"Additive + Recessive",0.1,4,"dominant",1,2791265,2416.18403751562,0,9.40323076453744,0.000865623306105161,0,3.36880617373751e-06
"Additive + Recessive + Dominant",0.1,4,"dominant",1,2790976,2591.18875089809,1493,1473.10578171202,0.000928416708312105,0.000534938315485336,0.000527810264836393
"Additive only",0.1,4,"dominant",1,930338,879.248998105379,0,5.19687622532425,0.000945085547516472,0,5.58600876812971e-06
"Dominant only",0.1,4,"dominant",1,930072,957.371190849198,1473,1447.9932370541,0.00102935169626566,0.00158374835496607,0.00155686144411841
"Recessive + Dominant",0.1,4,"dominant",1,2790306,2510.26303288587,2240,2202.61210942181,0.000899637184196239,0.000802779336746579,0.000789380128710547
"Recessive only",0.1,4,"dominant",1,930502,632.212590917831,0,1.4169331627401,0.000679431737833805,0,1.52276208190858e-06
"Additive + Dominant",0.2,4,"dominant",1,2788497,1843.03857933199,1624,1577.73803209732,0.000660943361004869,0.00058239259357281,0.000565802305721441
"Additive + Recessive",0.2,4,"dominant",1,2790924,1236.4645289558,0,10.061511238074,0.000443030526433468,0,3.60508248812007e-06
"Additive + Recessive + Dominant",0.2,4,"dominant",1,2789450,1590.18419765881,1104,1077.24795123041,0.000570070873347368,0.00039577694527595,0.000386186506741621
"Additive only",0.2,4,"dominant",1,930079,492.054116221712,0,5.95604228940643,0.000529045507125429,0,6.40380256882096e-06
"Dominant only",0.2,4,"dominant",1,928872,723.322378119086,1081,1043.71670491224,0.000778710498453055,0.00116377714044562,0.00112363889202414
"Recessive + Dominant",0.2,4,"dominant",1,2787458,1511.66939843993,1619,1569.38708210902,0.000542311094351891,0.000580815926195121,0.000563017301824464
"Recessive only",0.2,4,"dominant",1,930479,268.536627326506,0,0.779331353068429,0.000288600416910544,0,8.37559314147261e-07
"Additive + Dominant",0.3,4,"dominant",1,2787365,1505.52268733301,1187,1152.89850621022,0.000540123983523152,0.000425850220548798,0.000413615908289809
"Additive + Recessive",0.3,4,"dominant",1,2790908,799.305150420894,0,8.03674291805853,0.000286396094181856,0,2.87961585192293e-06
"Additive + Recessive + Dominant",0.3,4,"dominant",1,2788593,1213.8404768255,818,795.2061827478,0.000435287787362839,0.000293337894773457,0.000285163945670021
"Additive only",0.3,4,"dominant",1,930080,340.580118542118,0,5.02174838734474,0.000366183681556552,0,5.39926499585491e-06
"Dominant only",0.3,4,"dominant",1,928087,637.628170588973,774,746.702581486306,0.000687034912232337,0.000833973539118639,0.000804560974872297
"Recessive + Dominant",0.3,4,"dominant",1,2784977,1314.27787473838,1210,1166.67674880571,0.000471916958286686,0.00043447396513508,0.0004189179116401
"Recessive only",0.3,4,"dominant",1,930496,212.721524198911,0,0.517723378770455,0.000228610895908108,0,5.56395061096937e-07
"Additive + Dominant",0.4,4,"dominant",1,2786953,1311.88626860624,939,913.626799455803,0.000470724216951717,0.0003369271028252,0.000327822822794573
"Additive + Recessive",0.4,4,"dominant",1,2791077,659.70938534464,0,5.55182745271519,0.000236363735341103,0,1.98913446412091e-06
"Additive + Recessive + Dominant",0.4,4,"dominant",1,2788444,1095.62138516762,687,664.666380867636,0.00039291496804943,0.000246373963400377,0.000238364615128594
"Additive only",0.4,4,"dominant",1,930170,282.312028660913,0,3.52819219719503,0.000303505841578328,0,3.79306169538367e-06
"Dominant only",0.4,4,"dominant",1,927823,592.973073474567,633,610.589430503463,0.000639101502629884,0.000682242194901398,0.000658088267378005
"Recessive + Dominant",0.4,4,"dominant",1,2787356,1222.45527515925,1006,967.192243883734,0.000438571633892209,0.000360915505590244,0.000346992721376004
"Recessive only",0.4,4,"dominant",1,930505,209.605563916956,0,0.462019771535404,0.000225260008185831,0,4.9652583439681e-07
"Additive + Dominant",0.1,5,"dominant",1,3721031,4460.33014599637,3821,3779.54124455092,0.00119868126494952,0.00102686594118673,0.001015724202392
"Additive + Recessive",0.1,5,"dominant",1,3721774,3704.53902820661,0,13.8788812059655,0.000995369151433324,0,3.72910370322471e-06
"Additive + Recessive + Dominant",0.1,5,"dominant",1,5582134,6005.97709186301,3836,3798.09369138342,0.00107592850545383,0.000687192389147233,0.000680401740872472
"Additive only",0.1,5,"dominant",1,930348,1073.81268375295,0,5.35221840095071,0.00115420539814451,0,5.75292084354533e-06
"Dominant only",0.1,5,"dominant",1,930189,1164.08058143898,1912,1886.48986650769,0.00125144522396952,0.00205549624861184,0.00202807157094708
"Recessive + Dominant",0.1,5,"dominant",1,3721361,3885.88512480326,3856,3805.61750079823,0.00104421074031873,0.00103618004273168,0.00102264131343297
"Recessive only",0.1,5,"dominant",1,930478,766.999021527122,0,1.8418079227722,0.000824306454883535,0,1.97942124668417e-06
"Additive + Dominant",0.2,5,"dominant",1,3718314,3252.44172773102,3121,3057.94242171885,0.000874708732971722,0.00083935891374424,0.000822400265743789
"Additive + Recessive",0.2,5,"dominant",1,3721288,2308.54487564814,0,16.8850899179547,0.000620361787544566,0,4.53743164139801e-06
"Additive + Recessive + Dominant",0.2,5,"dominant",1,5579488,4207.30478446352,3166,3104.73817412373,0.000754066463529184,0.000567435578318297,0.000556455749008462
"Additive only",0.2,5,"dominant",1,930048,684.867106493997,0,6.7538548168468,0.000736378236923253,0,7.26183467611006e-06
"Dominant only",0.2,5,"dominant",1,929137,945.274171064011,1557,1517.56704720347,0.00101736791351976,0.00167574857098576,0.00163330816360071
"Recessive + Dominant",0.2,5,"dominant",1,3719189,2695.6257250151,3147,3070.17862228469,0.000724788582945127,0.000846152212216158,0.000825496801126454
"Recessive only",0.2,5,"dominant",1,930475,418.195109230066,0,1.06161778537269,0.000449442606443017,0,1.1409417613291e-06
"Additive + Dominant",0.3,5,"dominant",1,3715957,2255.40582492183,2354,2297.246972402,0.000606951540322408,0.000633484187249745,0.000618211398141044
"Additive + Recessive",0.3,5,"dominant",1,3721042,1262.13898198034,0,14.5756601443761,0.000339189662997713,0,3.91709100418004e-06
"Additive + Recessive + Dominant",0.3,5,"dominant",1,5577100,2859.28182248182,2438,2374.55178229236,0.000512682545136687,0.000437144752649226,0.00042576819176496
"Additive only",0.3,5,"dominant",1,929939,393.949085539583,0,6.11106286199153,0.000423628953662104,0,6.57146636713971e-06
"Dominant only",0.3,5,"dominant",1,928029,759.702468373826,1160,1124.66125748052,0.000818619319411167,0.00124996093872067,0.00121188158719234
"Recessive + Dominant",0.3,5,"dominant",1,3716892,2002.02254434904,2337,2261.01978482517,0.000538628118425029,0.000628751117869446,0.000608309249993051
"Recessive only",0.3,5,"dominant",1,930483,205.067903683209,0,0.695333563558519,0.000220388662321836,0,7.47282393722958e-07
"Additive + Dominant",0.4,5,"dominant",1,3714952,1944.17634707549,1876,1828.2270942339,0.000523338214619055,0.000504986336297212,0.00049212670694908
"Additive + Recessive",0.4,5,"dominant",1,3721235,864.389190272996,0,10.5502480364604,0.000232285569245962,0,2.83514694354438e-06
"Additive + Recessive + Dominant",0.4,5,"dominant",1,5576098,2349.23193650534,1985,1929.68690760722,0.000421303918350312,0.000355983700429942,0.000346064023194575
"Additive only",0.4,5,"dominant",1,929969,307.652288848627,0,4.90714733310722,0.000330819940071795,0,5.27667839799737e-06
"Dominant only",0.4,5,"dominant",1,927462,678.954680019099,932,902.28467279187,0.000732056601800504,0.00100489292283673,0.00097285352153713
"Recessive + Dominant",0.4,5,"dominant",1,3715598,1773.45983550946,1880,1816.67543679979,0.000477301321485655,0.000505975081265519,0.000488932181791407
"Recessive only",0.4,5,"dominant",1,930483,168.997983509294,0,0.484164382506372,0.000181623934568707,0,5.2033662356687e-07
"Additive only",0.1,1,"recessive",1,766675,254.637011775479,0,0.508563100280679,0.000332131622624293,0,6.63335964105623e-07
"Dominant only",0.1,1,"recessive",1,766677,264.471509435684,0,0.473447680404159,0.000344958188957911,0,6.17532129441941e-07
"Recessive only",0.1,1,"recessive",1,765874,474.7760470816,154,147.825599732283,0.000619914042103009,0.000201077461827925,0.000193015560956872
"Additive only",0.2,1,"recessive",1,766681,250.708748697018,0,0.431880913284866,0.000327005297766631,0,5.63312398878889e-07
"Dominant only",0.2,1,"recessive",1,766681,264.247878655928,0,0.453442835435777,0.000344664702341558,0,5.9143611937139e-07
"Recessive only",0.2,1,"recessive",1,765836,442.032228802238,112,107.616439086454,0.000577189148593482,0.000146245410244491,0.000140521520386158
"Additive only",0.3,1,"recessive",1,766681,260.312728661856,0,0.448821195566745,0.000339531993960795,0,5.85408006154769e-07
"Dominant only",0.3,1,"recessive",1,767196,275.017493428627,0,0.482329057172872,0.000358470968864055,0,6.28690787195022e-07
"Recessive only",0.3,1,"recessive",1,765839,425.966515740811,94,90.6398164505426,0.000556208962642031,0.000122741202785442,0.000118353617993524
"Additive only",0.4,1,"recessive",1,766681,259.494815694273,0,0.455232653579016,0.000338465170904552,0,5.93770621130582e-07
"Dominant only",0.4,1,"recessive",1,766681,275.129242470437,0,0.486715852866403,0.000358857520233887,0,6.3483489595595e-07
"Recessive only",0.4,1,"recessive",1,765849,419.715937558878,86,82.8333305890981,0.000548040067374741,0.000112293676690836,0.000108158828423225
"Additive + Dominant",0.1,2,"recessive",1,765024,256.561574430628,0,0.68476071924257,0.000335364085872636,0,8.95083970231744e-07
"Additive + Recessive",0.1,2,"recessive",1,766136,456.753752384392,239,231.41589962408,0.000596178423131652,0.000311955057587687,0.000302055900811449
"Additive only",0.1,2,"recessive",1,765037,288.265353192081,0,0.711232173480457,0.00037679923087652,0,9.29670295005937e-07
"Dominant only",0.1,2,"recessive",1,765032,258.695197339543,0,0.630154211144465,0.000338149511836816,0,8.23696539679994e-07
"Recessive + Dominant",0.1,2,"recessive",1,766091,426.283580388987,229,221.036432994772,0.000556439875144059,0.000298920102181072,0.00028852503553073
"Recessive only",0.1,2,"recessive",1,764331,612.627234189373,465,449.004138886363,0.000801520851815997,0.000608375167303171,0.000587447243257651
"Additive + Dominant",0.2,2,"recessive",1,765336,210.353141572957,0,0.477665629856645,0.000274850708150351,0,6.24125390490771e-07
"Additive + Recessive",0.2,2,"recessive",1,765899,368.009238200166,150,144.250681873076,0.000480493169726251,0.000195848277644964,0.000188341650626356
"Additive only",0.2,2,"recessive",1,765037,208.721205689633,0,0.447864689153986,0.000272824981915427,0,5.85415723885231e-07
"Dominant only",0.2,2,"recessive",1,765041,214.956618941712,0,0.541932690283502,0.000280973985631766,0,7.08370780498695e-07
"Recessive + Dominant",0.2,2,"recessive",1,765841,352.838893498859,138,133.183180681845,0.000460720819985948,0.000180194061169355,0.000173904479757345
"Recessive only",0.2,2,"recessive",1,765023,507.676550932282,292,281.003949290155,0.00066360952668388,0.000381687870822184,0.00036731438046981
"Additive + Dominant",0.3,2,"recessive",1,765042,203.493111548246,0,0.420196817819331,0.000265989464040204,0,5.49246731315838e-07
"Additive + Recessive",0.3,2,"recessive",1,765831,342.351058601364,119,114.305667922048,0.000447032124060483,0.000155386762875883,0.000149257039636745
"Additive only",0.3,2,"recessive",1,765043,207.620342346338,0,0.416552582395148,0.000271383886064362,0,5.4448257469861e-07
"Dominant only",0.3,2,"recessive",1,765034,216.267998001854,0,0.548305706973567,0.00028269070133073,0,7.16707632567398e-07
"Recessive + Dominant",0.3,2,"recessive",1,765836,334.458447798916,115,111.321529532996,0.000436723329536501,0.000150162698018897,0.00014535948888926
"Recessive only",0.3,2,"recessive",1,764640,481.004027838168,242,232.98670484461,0.000629059463065191,0.00031648880518937,0.000304701172897848
"Additive + Dominant",0.4,2,"recessive",1,765043,206.097638399279,0,0.392897823082478,0.000269393535264396,0,5.13563058654844e-07
"Additive + Recessive",0.4,2,"recessive",1,765822,326.377334609887,102,97.9185043579542,0.000426179105079101,0.000133190219137084,0.000127860657382465
"Additive only",0.4,2,"recessive",1,765046,193.205398816096,0,0.381773686629941,0.000252540891418419,0,4.99020564292789e-07
"Dominant only",0.4,2,"recessive",1,765032,215.691999822611,0,0.436252437577899,0.000281938533058239,0,5.7024077107611e-07
"Recessive + Dominant",0.4,2,"recessive",1,765830,326.086396686177,104,100.590145091854,0.000425794754300794,0.000135800373451027,0.000131347877586219
"Recessive only",0.4,2,"recessive",1,763353,454.854211845127,210,201.766426994059,0.000595863528204025,0.000275102082522765,0.000264316020234491
"Additive + Dominant",0.1,3,"recessive",1,1533232,949.271891627194,0,2.62112303922097,0.000619131280606715,0,1.70954104742203e-06
"Additive + Recessive",0.1,3,"recessive",1,1532462,1260.54292663843,974,952.261816933767,0.000822560642050784,0.000635578565732788,0.000621393428961871
"Additive + Recessive + Dominant",0.1,3,"recessive",1,766405,585.297750749147,320,313.260934918017,0.000763692500374015,0.000417533810452698,0.00040874072444467
"Additive only",0.1,3,"recessive",1,766660,478.516388347769,0,1.36237087759343,0.000624157238342641,0,1.77702094486921e-06
"Dominant only",0.1,3,"recessive",1,766667,423.5567926258,0,1.06347935161544,0.000552465141483591,0,1.38714637726085e-06
"Recessive + Dominant",0.1,3,"recessive",1,1532437,1205.74806705918,959,937.277106919419,0.000786817381112032,0.000625800603874743,0.000611625213251454
"Recessive only",0.1,3,"recessive",1,764654,756.779221171533,966,942.400615248052,0.000989701513588541,0.00126331648039505,0.0012324536525645
"Additive + Dominant",0.2,3,"recessive",1,1533307,440.009808052943,0,1.32690885628944,0.000286967846656242,0,8.65390203194428e-07
"Additive + Recessive",0.2,3,"recessive",1,1530296,915.115104013833,565,544.065354019715,0.000597998755805304,0.000369209616962993,0.000355529488425582
"Additive + Recessive + Dominant",0.2,3,"recessive",1,765972,378.339016577313,192,185.645195887073,0.000493933220244751,0.000250661904090489,0.000242365511907841
"Additive only",0.2,3,"recessive",1,766658,225.991287062955,0,0.720750122142911,0.000294774576229498,0,9.40119482406642e-07
"Dominant only",0.2,3,"recessive",1,766657,207.684992038325,0,0.535002873034348,0.000270896883532433,0,6.97838633227569e-07
"Recessive + Dominant",0.2,3,"recessive",1,1531242,861.08157036741,569,549.647516655016,0.000562341922679374,0.000371593778122596,0.000358955355623093
"Recessive only",0.2,3,"recessive",1,764582,652.857839441948,568,549.095645866383,0.000853875502486258,0.000742889578881009,0.000718164494934988
"Additive + Dominant",0.3,3,"recessive",1,1533311,371.885907145649,0,1.27020149955367,0.000242537819884973,0,8.28404348207033e-07
"Additive + Recessive",0.3,3,"recessive",1,1531001,811.487621716618,443,424.437763681705,0.000530037290450247,0.000289353174818305,0.000277228926487771
"Additive + Recessive + Dominant",0.3,3,"recessive",1,765907,339.748201181585,154,148.135355897062,0.000443589366831201,0.000201068798170013,0.000193411675173438
"Additive only",0.3,3,"recessive",1,766006,189.221353508872,0,0.435168992681421,0.000247023330768782,0,5.68101284691531e-07
"Dominant only",0.3,3,"recessive",1,766671,178.57437788619,0,0.448126848740535,0.000232921785076246,0,5.8450997721387e-07
"Recessive + Dominant",0.3,3,"recessive",1,1531021,808.400179864014,450,433.186774520143,0.000528013776338805,0.000293921507281742,0.000282939799336614
"Recessive only",0.3,3,"recessive",1,764379,615.498876992218,458,440.034668970516,0.000805227350558059,0.000599179202987,0.000575676031092581
"Additive + Dominant",0.4,3,"recessive",1,1533299,365.427808637626,0,1.34708962606225,0.000238327820364864,0,8.78556384672689e-07
"Additive + Recessive",0.4,3,"recessive",1,1529484,774.51825019366,384,367.471084521168,0.000506391861695618,0.000251065065080772,0.000240258207683877
"Additive + Recessive + Dominant",0.4,3,"recessive",1,765853,336.315664942251,131,125.995023505836,0.000439138666222175,0.000171051102496171,0.000164515936486291
"Additive only",0.4,3,"recessive",1,766669,160.578178739597,0,0.350141458050707,0.000209449160902028,0,4.56704859660045e-07
"Dominant only",0.4,3,"recessive",1,766667,184.442803845907,0,0.573121364229626,0.000240577465634894,0,7.47549280495477e-07
"Recessive + Dominant",0.4,3,"recessive",1,1530931,777.244654968921,385,370.274893504632,0.000507694112255171,0.000251480961584813,0.000241862561738336
"Recessive only",0.4,3,"recessive",1,764284,571.569396481104,395,378.720316282796,0.000747849485899357,0.000516823589137022,0.000495523020608564
"Additive + Dominant",0.1,4,"recessive",1,2299949,1803.81169062094,0,4.53743169212898,0.000784283343074538,0,1.97284013346773e-06
"Additive + Recessive",0.1,4,"recessive",1,2298808,2398.04194604775,2132,2090.3803829098,0.00104316756599409,0.000927437176136502,0.000909332307400098
"Additive + Recessive + Dominant",0.1,4,"recessive",1,2299165,2147.35154027243,1413,1388.84117818548,0.000933970176247652,0.0006145709420594,0.000604063291753954
"Additive only",0.1,4,"recessive",1,766649,614.863439118297,0,1.67241208281325,0.000802014271352727,0,2.18145733290365e-06
"Dominant only",0.1,4,"recessive",1,766656,548.832529510094,0,1.20015446847924,0.000715878476800669,0,1.56544065197329e-06
"Recessive + Dominant",0.1,4,"recessive",1,2298702,2209.67485078322,2177,2138.57839852993,0.000961270687015203,0.000947056208242739,0.000930341731346618
"Recessive only",0.1,4,"recessive",1,765914,865.243972701811,1427,1399.24001218852,0.00112968815389432,0.00186313345884786,0.00182688919668334
"Additive + Dominant",0.2,4,"recessive",1,2299933,767.886538402618,0,2.60440216427184,0.000333873438227382,0,1.13238175384754e-06
"Additive + Recessive",0.2,4,"recessive",1,2296570,1663.17580841268,1401,1354.74104031621,0.000724199919189346,0.000610040190370857,0.000589897560412357
"Additive + Recessive + Dominant",0.2,4,"recessive",1,2297716,1336.85804306947,908,880.516420712085,0.000581820400375623,0.000395175034686619,0.000383213774335943
"Additive only",0.2,4,"recessive",1,766651,273.806729141372,0,1.02919126091488,0.000357146510134823,0,1.34245081649262e-06
"Dominant only",0.2,4,"recessive",1,766643,228.653991220095,0,0.727861292031318,0.000298253543331244,0,9.49413601938997e-07
"Recessive + Dominant",0.2,4,"recessive",1,2295735,1454.30813602118,1389,1343.71119960873,0.000633482582275909,0.000605034988794438,0.000585307624620755
"Recessive only",0.2,4,"recessive",1,764363,753.984586039195,927,895.785947935771,0.000986422139793782,0.00121277455868481,0.00117193787236663
"Additive + Dominant",0.3,4,"recessive",1,2299961,552.385459199298,0,2.35186705792335,0.000240171663432248,0,1.02256823394977e-06
"Additive + Recessive",0.3,4,"recessive",1,2295646,1312.20473777054,1006,966.416659416955,0.000571605873802209,0.000438220875518264,0.000420978086088602
"Additive + Recessive + Dominant",0.3,4,"recessive",1,2297051,1027.04607657618,633,611.60910345601,0.000447115051679819,0.000275570720893877,0.000266258391065767
"Additive only",0.3,4,"recessive",1,766667,176.562381355412,0,0.55227277536136,0.000230298658159816,0,7.20355480751565e-07
"Dominant only",0.3,4,"recessive",1,766646,161.75937140588,0,0.564651611879519,0.000210996172165354,0,7.36521956521679e-07
"Recessive + Dominant",0.3,4,"recessive",1,2293416,1234.1062636815,947,916.386500970185,0.000538108334328139,0.000412921162144155,0.000399572733847756
"Recessive only",0.3,4,"recessive",1,763712,689.264732495926,662,637.967683509808,0.000902519185891966,0.000866818905556021,0.000835351131722178
"Additive + Dominant",0.4,4,"recessive",1,2299965,508.819925348377,0,1.92405415964199,0.000221229421033962,0,8.36558017031557e-07
"Additive + Recessive",0.4,4,"recessive",1,2295276,1173.43546694928,838,801.701444510423,0.000511239374676198,0.000365097705025452,0.000349283242847668
"Additive + Recessive + Dominant",0.4,4,"recessive",1,2296920,960.446906845565,542,520.388590786267,0.000418145563121731,0.000235968166065862,0.00022655930149342
"Additive only",0.4,4,"recessive",1,766676,159.848902603492,0,0.328115755367849,0.000208496030400706,0,4.27971862126699e-07
"Dominant only",0.4,4,"recessive",1,766652,168.090983470851,0,0.737278266136655,0.000219253303286042,0,9.61685701122094e-07
"Recessive + Dominant",0.4,4,"recessive",1,2295242,1127.66378858276,795,765.221487263264,0.000491304964174915,0.000346368705347846,0.000333394686600918
"Recessive only",0.4,4,"recessive",1,763560,634.382956175556,560,536.888103566766,0.000830822667734763,0.000733406674000733,0.000703138068477613
"Additive + Dominant",0.1,5,"recessive",1,3066622,3039.33945173586,0,8.27021178234209,0.000991103387289292,0,2.69684747006383e-06
"Additive + Recessive",0.1,5,"recessive",1,3065714,3508.43066770718,3769,3716.04018495637,0.0011444089917413,0.0012294036560488,0.00121212878466692
"Additive + Recessive + Dominant",0.1,5,"recessive",1,4599047,4892.70641051072,3770,3721.66137723479,0.00106385223080145,0.000819735045108258,0.000809224471338256
"Additive only",0.1,5,"recessive",1,766658,782.724399007432,0,2.30115773066076,0.00102095640951693,0,3.0015440139681e-06
"Dominant only",0.1,5,"recessive",1,766655,735.694875194682,0,1.73730609539857,0.000959616613985015,0,2.2660859126968e-06
"Recessive + Dominant",0.1,5,"recessive",1,3065675,3353.9311933931,3789,3737.38946202467,0.00109402699026906,0.00123594314465819,0.00121910817748935
"Recessive only",0.1,5,"recessive",1,766165,947.313172557067,1884,1856.11555815936,0.00123643493576066,0.0024590003458785,0.00242260551990675
"Additive + Dominant",0.2,5,"recessive",1,3066564,1570.11875417132,0,5.17575705461782,0.000512012387209697,0,1.68780337035777e-06
"Additive + Recessive",0.2,5,"recessive",1,3062807,2748.24681358949,2882,2806.26416489148,0.000897296765218798,0.000940966897359187,0.00091623930756704
"Additive + Recessive + Dominant",0.2,5,"recessive",1,4596213,3429.22318801611,2937,2861.92218249103,0.000746097534647787,0.000639004328128396,0.000622669615722993
"Additive only",0.2,5,"recessive",1,766631,405.056507152344,0,1.34208903812572,0.000528359154733299,0,1.75063236175647e-06
"Dominant only",0.2,5,"recessive",1,766649,370.040338954107,0,1.05632023358962,0.000482672434131012,0,1.37784075057767e-06
"Recessive + Dominant",0.2,5,"recessive",1,3062741,2510.96844978988,2958,2878.3818640545,0.000819843548569688,0.000965801548351624,0.000939805835378997
"Recessive only",0.2,5,"recessive",1,764742,935.659796967337,1446,1405.71286823258,0.00122349733239097,0.00189083377138957,0.00183815308722757
"Additive + Dominant",0.3,5,"recessive",1,3066596,678.3037316272,0,3.15237478692452,0.000221191096455875,0,1.02797198813424e-06
"Additive + Recessive",0.3,5,"recessive",1,3060361,2087.54300284072,2028,1961.06768158433,0.000682123123004352,0.000662666920667202,0.000640796194169359
"Additive + Recessive + Dominant",0.3,5,"recessive",1,4593708,2393.38663230956,2044,1975.12413061758,0.000521014098482002,0.00044495644912563,0.000429962925509759
"Additive only",0.3,5,"recessive",1,766660,181.177998254314,0,0.637046950443573,0.00023632118312461,0,8.30938030474491e-07
"Dominant only",0.3,5,"recessive",1,766654,161.418192060436,0,0.522313898730412,0.000210548946539686,0,6.81290254443872e-07
"Recessive + Dominant",0.3,5,"recessive",1,3060070,1939.25964859348,2032,1964.68488613471,0.000633730486097861,0.000664037097190587,0.00064203919718657
"Recessive only",0.3,5,"recessive",1,763403,825.665427350588,1008,973.035815664464,0.00108155905511321,0.00132040350902472,0.00127460308076398
"Additive + Dominant",0.4,5,"recessive",1,3066596,572.041886827256,0,3.01011887353078,0.000186539696401892,0,9.81583121327615e-07
"Additive + Recessive",0.4,5,"recessive",1,3059175,1750.87491770488,1596,1535.65397551455,0.000572335651835831,0.000521709284365883,0.000501983042982029
"Additive + Recessive + Dominant",0.4,5,"recessive",1,4592540,1987.28091642033,1613,1552.31393128064,0.000432719348425996,0.000351221763991168,0.000338007710609083
"Additive only",0.4,5,"recessive",1,766665,146.655030125399,0,0.457987632791479,0.000191289585575706,0,5.97376471850781e-07
"Dominant only",0.4,5,"recessive",1,766655,125.36694991641,0,0.52797707983748,0.000163524597004402,0,6.88676236165524e-07
"Recessive + Dominant",0.4,5,"recessive",1,3059014,1672.04521077108,1617,1560.47739248199,0.000546596128939286,0.000528601699763388,0.000510124305571007
"Recessive only",0.4,5,"recessive",1,762874,730.730624529891,810,780.804347059538,0.000957865420147877,0.00106177429038085,0.00102350368089558
"Additive only",0.1,1,"additive",2,363,49.4903257755284,66,53.7288940205994,0.136336985607516,0.181818181818182,0.148013482150412
"Dominant only",0.1,1,"additive",2,49,6.82129377248451,0,0.979717916370307,0.13921007698948,0,0.0199942431912307
"Recessive only",0.1,1,"additive",2,2,0.305743033707398,0,0.0487727020358595,0.152871516853699,0,0.0243863510179297
"Additive only",0.2,1,"additive",2,396,54.9373023502746,63,52.857936025084,0.138730561490592,0.159090909090909,0.13347963642698
"Dominant only",0.2,1,"additive",2,14,2.01465613714494,0,0.299733407056513,0.143904009796067,0,0.0214095290754652
"Recessive only",0.2,1,"additive",2,2,0.299913277809736,0,0.0473927249798834,0.149956638904868,0,0.0236963624899417
"Additive only",0.3,1,"additive",2,347,48.6934476664776,49,41.3488071287512,0.140326938520108,0.141210374639769,0.119160827460378
"Dominant only",0.3,1,"additive",2,4,0.577675989863715,0,0.084453314348417,0.144418997465929,0,0.0211133285871043
"Recessive only",0.3,1,"additive",2,2,0.298299578209695,0,0.0469724233258328,0.149149789104847,0,0.0234862116629164
"Additive only",0.4,1,"additive",2,337,46.8702954791021,50,42.186854791515,0.13908099548695,0.148367952522255,0.125183545375415
"Dominant only",0.4,1,"additive",2,5,0.721585795560288,0,0.107460046483277,0.144317159112058,0,0.0214920092966555
"Recessive only",0.4,1,"additive",2,2,0.297798480071538,0,0.0468241149292659,0.148899240035769,0,0.0234120574646329
"Additive + Dominant",0.1,2,"additive",2,299,41.2542059337563,53,43.3372343380699,0.137973932888817,0.177257525083612,0.144940583070468
"Additive + Recessive",0.1,2,"additive",2,275,38.3636606233603,56,45.536742656249,0.139504220448583,0.203636363636364,0.165588155113633
"Additive only",0.1,2,"additive",2,469,63.7062354302263,108,86.1812240346401,0.135834190682785,0.230277185501066,0.183755275127164
"Dominant only",0.1,2,"additive",2,120,16.5196772578771,0,2.36524843871264,0.137663977148976,0,0.0197104036559387
"Recessive + Dominant",0.1,2,"additive",2,60,8.39404321003146,0,1.22335410256543,0.139900720167191,0,0.0203892350427572
"Recessive only",0.1,2,"additive",2,13,1.86458254647273,0,0.283516954681473,0.143429426651748,0,0.0218089965139595
"Additive + Dominant",0.2,2,"additive",2,406,56.9731060381553,53,46.1130806823608,0.140327847384619,0.130541871921182,0.113579016459017
"Additive + Recessive",0.2,2,"additive",2,402,56.0199777424774,64,53.3607601353467,0.139353178463874,0.159203980099502,0.132738209291907
"Additive only",0.2,2,"additive",2,741,103.441361358471,108,92.682318638702,0.139596978891323,0.145748987854251,0.125077353088667
"Dominant only",0.2,2,"additive",2,101,14.2221800789483,0,2.07034030809113,0.140813664148003,0,0.0204984188919914
"Recessive + Dominant",0.2,2,"additive",2,47,6.53382065147177,0,0.939272123742687,0.139017460669612,0,0.019984513271121
"Recessive only",0.2,2,"additive",2,7,1.03504659807046,0,0.159171048870978,0.147863799724352,0,0.0227387212672826
"Additive + Dominant",0.3,2,"additive",2,402,57.4334421297872,52,45.2769303103249,0.142869259029321,0.129353233830846,0.11262917987643
"Additive + Recessive",0.3,2,"additive",2,391,54.0723315309436,52,44.6999826494581,0.138292408007528,0.132992327365729,0.114322206264599
"Additive only",0.3,2,"additive",2,721,103.019184903608,110,93.1471146123644,0.142883751600011,0.152565880721221,0.129191559795235
"Dominant only",0.3,2,"additive",2,93,12.472400604139,0,1.7378552001345,0.134111834453108,0,0.0186866150552097
"Recessive + Dominant",0.3,2,"additive",2,19,2.6260352196875,0,0.382800787582181,0.138212379983552,0,0.0201474098727464
"Recessive only",0.3,2,"additive",2,5,0.792789271437658,0,0.132576305012605,0.158557854287531,0,0.0265152610025211
"Additive + Dominant",0.4,2,"additive",2,376,54.731862294148,52,44.808749798061,0.145563463548266,0.138297872340426,0.119172206909737
"Additive + Recessive",0.4,2,"additive",2,332,47.4081271167209,43,37.430116671312,0.142795563604581,0.129518072289157,0.112741315275036
"Additive only",0.4,2,"additive",2,702,101.971951487726,108,90.84030017073,0.145259190153456,0.153846153846154,0.129402136995342
"Dominant only",0.4,2,"additive",2,55,8.27257300114857,0,1.28501229548554,0.150410418202701,0,0.0233638599179189
"Recessive + Dominant",0.4,2,"additive",2,22,2.58044295279492,0,0.313838514710727,0.117292861490678,0,0.0142653870323058
"Recessive only",0.4,2,"additive",2,4,0.576829830754842,0,0.0874489913692436,0.14420745768871,0,0.0218622478423109
"Additive + Dominant",0.1,3,"additive",2,545,73.5982703084868,69,59.6449524837636,0.135042697813737,0.126605504587156,0.109440279786722
"Additive + Recessive",0.1,3,"additive",2,379,52.8030626095079,61,51.4187486684431,0.139322064932739,0.160949868073879,0.13566952155262
"Additive + Recessive + Dominant",0.1,3,"additive",2,186,25.1653451222507,19,17.3567785753178,0.135297554420702,0.102150537634409,0.0933160138457949
"Additive only",0.1,3,"additive",2,380,52.2925473755229,69,57.4066666909925,0.137611966777692,0.181578947368421,0.151070175502612
"Dominant only",0.1,3,"additive",2,173,22.8246031132551,0,3.1233324755265,0.131934122041937,0,0.0180539449452399
"Recessive + Dominant",0.1,3,"additive",2,152,20.8721150699604,0,3.00000368398486,0.137316546512898,0,0.0197368663420056
"Recessive only",0.1,3,"additive",2,19,2.73399593089011,0,0.412813820077723,0.143894522678427,0,0.0217270431619854
"Additive + Dominant",0.2,3,"additive",2,1183,163.947060254789,170,144.358985823928,0.138585849750455,0.143702451394759,0.122027883198587
"Additive + Recessive",0.2,3,"additive",2,951,132.25788838281,145,123.243130831728,0.139072437836814,0.152471083070452,0.129593197509704
"Additive + Recessive + Dominant",0.2,3,"additive",2,410,57.5413603672086,54,47.6038835474834,0.140344781383436,0.131707317073171,0.116107033042642
"Additive only",0.2,3,"additive",2,849,117.919514851467,143,118.547496712025,0.138892243641304,0.168433451118963,0.139631916033009
"Dominant only",0.2,3,"additive",2,243,34.1883852799725,0,5.01215259331568,0.140692943538982,0,0.0206261423593238
"Recessive + Dominant",0.2,3,"additive",2,266,37.1569918714216,0,5.40532160342916,0.139687939366247,0,0.0203207579076284
"Recessive only",0.2,3,"additive",2,9,1.30568514353417,0,0.198377060333395,0.145076127059353,0,0.0220418955925995
"Additive + Dominant",0.3,3,"additive",2,1268,177.65986303939,163,141.194803467973,0.140110302081538,0.128548895899054,0.111352368665594
"Additive + Recessive",0.3,3,"additive",2,1039,147.046821028515,166,138.730727071652,0.141527257967772,0.159769008662175,0.133523317682052
"Additive + Recessive + Dominant",0.3,3,"additive",2,414,59.1230741837697,53,46.2407234834789,0.142809357931811,0.128019323671498,0.111692568800674
"Additive only",0.3,3,"additive",2,962,132.582715070149,150,126.270003030088,0.13781987013529,0.155925155925156,0.131257799407576
"Dominant only",0.3,3,"additive",2,189,26.2799680299218,0,3.78535351239,0.139047449893766,0,0.0200283254623809
"Recessive + Dominant",0.3,3,"additive",2,213,29.8936816827355,0,4.3693050148653,0.140345923393124,0,0.0205131690838746
"Recessive only",0.3,3,"additive",2,0,0,0,0,NA,NA,NA
"Additive + Dominant",0.4,3,"additive",2,1141,161.454370867329,158,135.210894004071,0.141502516097571,0.138475021910605,0.118502098163077
"Additive + Recessive",0.4,3,"additive",2,991,138.361031974565,138,118.459180584855,0.13961759028715,0.139253279515641,0.119534995544758
"Additive + Recessive + Dominant",0.4,3,"additive",2,365,51.4941147746737,42,37.2693500934625,0.141079766505955,0.115068493150685,0.10210780847524
"Additive only",0.4,3,"additive",2,976,136.65923619847,147,123.716179868076,0.140019709219744,0.150614754098361,0.126758381012373
"Dominant only",0.4,3,"additive",2,126,17.4832502833851,0,2.52292644258103,0.13875595463004,0,0.0200232257347701
"Recessive + Dominant",0.4,3,"additive",2,131,18.3458325228019,0,2.6673337801812,0.140044523074824,0,0.0203613265662687
"Recessive only",0.4,3,"additive",2,2,0.237120293834536,0,0.0283859977366604,0.118560146917268,0,0.0141929988683302
"Additive + Dominant",0.1,4,"additive",2,641,89.8070942344343,88,76.1589723586546,0.140104671192565,0.137285491419657,0.118812749389477
"Additive + Recessive",0.1,4,"additive",2,417,57.7012331061252,70,58.8654676999648,0.138372261645384,0.167865707434053,0.141164191127014
"Additive + Recessive + Dominant",0.1,4,"additive",2,427,59.3358374050812,47,41.4909890608075,0.138959806569277,0.110070257611241,0.0971685926482611
"Additive only",0.1,4,"additive",2,321,44.599935053669,56,46.7153183187365,0.138940607643829,0.174454828660436,0.145530586662731
"Dominant only",0.1,4,"additive",2,137,19.8585005161303,0,2.9859952475424,0.1449525585119,0,0.0217955857484846
"Recessive + Dominant",0.1,4,"additive",2,258,35.1016762597636,0,4.971807829019,0.136053008758773,0,0.0192705729806938
"Recessive only",0.1,4,"additive",2,23,3.04903602326876,0,0.424043648636688,0.132566783620381,0,0.0184366803755082
"Additive + Dominant",0.2,4,"additive",2,1875,257.804804387151,264,224.553869500874,0.137495895673147,0.1408,0.1197620637338
"Additive + Recessive",0.2,4,"additive",2,1468,204.087761092002,269,221.554358481769,0.139024360416895,0.183242506811989,0.150922587521641
"Additive + Recessive + Dominant",0.2,4,"additive",2,1257,173.406280009384,179,153.488903134185,0.137952490063153,0.142402545743835,0.122107321506909
"Additive only",0.2,4,"additive",2,916,125.869702690339,163,134.714263793343,0.137412339181592,0.177947598253275,0.147067973573518
"Dominant only",0.2,4,"additive",2,311,43.4297412366692,0,6.30534335220915,0.139645470214371,0,0.0202744159235021
"Recessive + Dominant",0.2,4,"additive",2,459,64.328800401056,0,9.39392981405416,0.140149891941299,0,0.0204660780262618
"Recessive only",0.2,4,"additive",2,25,3.38286931229684,0,0.475254828970876,0.135314772491874,0,0.019010193158835
"Additive + Dominant",0.3,4,"additive",2,2322,322.201782270217,309,265.683279473673,0.138760457480714,0.133074935400517,0.114420016999859
"Additive + Recessive",0.3,4,"additive",2,1804,249.528699246824,275,231.908760960776,0.138319678074736,0.152439024390244,0.128552528248767
"Additive + Recessive + Dominant",0.3,4,"additive",2,1506,211.788804480554,182,158.007513778129,0.140630016255348,0.120849933598938,0.104918667847363
"Additive only",0.3,4,"additive",2,1186,164.213836555761,198,165.123675873404,0.13846023318361,0.166947723440135,0.139227382692584
"Dominant only",0.3,4,"additive",2,280,37.9106438512025,0,5.33242594816687,0.135395156611438,0,0.0190443783863103
"Recessive + Dominant",0.3,4,"additive",2,397,55.5910107266315,0,8.10012568179708,0.140027734827787,0,0.0204033392488591
"Recessive only",0.3,4,"additive",2,16,2.06520074897566,0,0.274756536340818,0.129075046810979,0,0.0171722835213011
"Additive + Dominant",0.4,4,"additive",2,2366,333.294319461503,287,250.507973708426,0.1408682668899,0.121301775147929,0.105878264458337
"Additive + Recessive",0.4,4,"additive",2,2033,279.761654638798,256,223.782603455983,0.137610258061386,0.125922282341367,0.110075063185432
"Additive + Recessive + Dominant",0.4,4,"additive",2,1461,202.89817020523,174,153.490572848707,0.138876228751013,0.119096509240246,0.105058571422797
"Additive only",0.4,4,"additive",2,1312,184.707867423128,199,166.895827167823,0.140783435535921,0.151676829268293,0.127207185341329
"Dominant only",0.4,4,"additive",2,205,28.2878654967925,0,4.08513477310817,0.137989587789232,0,0.0199274866980886
"Recessive + Dominant",0.4,4,"additive",2,204,28.7890076603637,0,4.21992828006454,0.14112258657041,0,0.0206859229414928
"Recessive only",0.4,4,"additive",2,12,1.6349488741398,0,0.231440212861885,0.13624573951165,0,0.019286684405157
"Additive + Dominant",0.1,5,"additive",2,770,105.002585711246,96,82.9523283218801,0.13636699443019,0.124675324675325,0.107730296521922
"Additive + Recessive",0.1,5,"additive",2,527,69.5144807270393,51,46.7937058456512,0.131906035535179,0.0967741935483871,0.0887926107128107
"Additive + Recessive + Dominant",0.1,5,"additive",2,719,99.0203591860119,44,45.8252446555651,0.137719553805302,0.0611961057023644,0.0637346935404244
"Additive only",0.1,5,"additive",2,259,35.0402036084796,45,37.2031094168767,0.135290361422701,0.173745173745174,0.14364134909991
"Dominant only",0.1,5,"additive",2,137,18.7955327975671,0,2.68604306166918,0.137193670055235,0,0.0196061537348115
"Recessive + Dominant",0.1,5,"additive",2,275,36.9570785791376,0,5.14489219056612,0.13438937665141,0,0.0187086988747859
"Recessive only",0.1,5,"additive",2,18,2.417972837366,0,0.337460239011676,0.134331824298111,0,0.0187477910562042
"Additive + Dominant",0.2,5,"additive",2,2368,324.001489372585,340,290.21869171985,0.136824953282341,0.143581081081081,0.12255856913845
"Additive + Recessive",0.2,5,"additive",2,1828,250.738397973397,291,245.641972031769,0.137165425587198,0.159190371991247,0.134377446406876
"Additive + Recessive + Dominant",0.2,5,"additive",2,2476,341.059033683037,307,272.376291885215,0.137745974831598,0.123990306946688,0.110006579921331
"Additive only",0.2,5,"additive",2,930,126.562284235695,148,125.033790813775,0.13608847767279,0.159139784946237,0.134444936358898
"Dominant only",0.2,5,"additive",2,327,44.5643004967486,0,6.32033543208243,0.136282264516051,0,0.0193282429115671
"Recessive + Dominant",0.2,5,"additive",2,664,91.5381111173897,0,13.1061766842433,0.137858601080406,0,0.0197382178979568
"Recessive only",0.2,5,"additive",2,34,4.87896159405631,0,0.730184443374758,0.143498870413421,0,0.0214760130404341
"Additive + Dominant",0.3,5,"additive",2,3503,486.860792270614,427,371.614081715474,0.138983954402116,0.121895518127319,0.10608452232814
"Additive + Recessive",0.3,5,"additive",2,2968,413.336143793591,465,391.747730375375,0.139264199391371,0.15667115902965,0.131990475193859
"Additive + Recessive + Dominant",0.3,5,"additive",2,3641,501.034615908498,454,396.954801079841,0.137609067813375,0.124691018950838,0.109023565251261
"Additive only",0.3,5,"additive",2,1313,183.150317158113,203,170.619881193838,0.139489959754846,0.154607768469155,0.12994659649188
"Dominant only",0.3,5,"additive",2,374,50.1905000356523,0,7.00004378403224,0.13419919795629,0,0.0187166946097119
"Recessive + Dominant",0.3,5,"additive",2,652,89.1183921642715,0,12.6415528459738,0.136684650558699,0,0.0193888847330887
"Recessive only",0.3,5,"additive",2,31,4.17222192222038,0,0.594088467774786,0.134587803942593,0,0.0191641441217673
"Additive + Dominant",0.4,5,"additive",2,3704,520.401618420526,450,394.575943024861,0.140497197197766,0.121490280777538,0.106526982458116
"Additive + Recessive",0.4,5,"additive",2,3420,474.471255955003,506,427.207039308413,0.13873428536696,0.147953216374269,0.124914338979068
"Additive + Recessive + Dominant",0.4,5,"additive",2,3982,555.166271079289,487,425.925125737868,0.139418953058586,0.12230035158212,0.106962613193839
"Additive only",0.4,5,"additive",2,1496,209.441834862782,226,190.426336922467,0.140001226512555,0.151069518716578,0.127290332167424
"Dominant only",0.4,5,"additive",2,291,40.3123432765863,0,5.82262729824236,0.13853038926662,0,0.0200090285162968
"Recessive + Dominant",0.4,5,"additive",2,499,70.8926704941916,0,10.4577587292304,0.14206947994828,0,0.0209574323231069
"Recessive only",0.4,5,"additive",2,17,2.33868746650111,0,0.330114295478769,0.137569850970653,0,0.0194184879693394
"Additive only",0.1,1,"dominant",2,50,6.9406559835089,0,0.991751225749536,0.138813119670178,0,0.0198350245149907
"Dominant only",0.1,1,"dominant",2,301,42.818329368732,58,47.5211865963414,0.142253585942631,0.192691029900332,0.15787769633336
"Recessive only",0.1,1,"dominant",2,11,1.47013362411132,0,0.203444049457913,0.133648511282847,0,0.018494913587083
"Additive only",0.2,1,"dominant",2,26,3.59977452082971,0,0.515414154942541,0.138452866185758,0,0.0198236213439439
"Dominant only",0.2,1,"dominant",2,351,50.5513943043419,53,44.9881268872756,0.144021066394137,0.150997150997151,0.12817130167315
"Recessive only",0.2,1,"dominant",2,10,1.31159859184581,0,0.178121471705076,0.131159859184581,0,0.0178121471705076
"Additive only",0.3,1,"dominant",2,13,1.97601524337813,0,0.315878193504435,0.152001172567548,0,0.0242983225772642
"Dominant only",0.3,1,"dominant",2,363,50.523100450701,57,47.7982604558321,0.139182094905512,0.15702479338843,0.131675648638656
"Recessive only",0.3,1,"dominant",2,10,1.30917766560297,0,0.177404766693851,0.130917766560297,0,0.0177404766693851
"Additive only",0.4,1,"dominant",2,11,1.68978890665814,0,0.267441429447189,0.153617173332558,0,0.0243128572224717
"Dominant only",0.4,1,"dominant",2,330,47.0983170851505,48,40.3943960764515,0.142722172985304,0.145454545454545,0.122407260837732
"Recessive only",0.4,1,"dominant",2,10,1.30573201392011,0,0.176586614521831,0.130573201392011,0,0.0176586614521831
"Additive + Dominant",0.1,2,"dominant",2,331,46.0700896015459,56,46.6877334679104,0.139184560729746,0.169184290030211,0.141050554283717
"Additive + Recessive",0.1,2,"dominant",2,75,10.3623485746382,0,1.49262574859449,0.138164647661843,0,0.0199016766479265
"Additive only",0.1,2,"dominant",2,153,20.7132361556823,0,2.91787050090526,0.135380628468512,0,0.0190710490255245
"Dominant only",0.1,2,"dominant",2,529,72.2260963015615,102,82.8847221646548,0.136533263329984,0.192816635160681,0.156681894451143
"Recessive + Dominant",0.1,2,"dominant",2,253,34.1766833596103,50,40.8798135548493,0.135085704978697,0.197628458498024,0.16158029073063
"Recessive only",0.1,2,"dominant",2,6,0.820160912980214,0,0.114600248288468,0.136693485496702,0,0.0191000413814114
"Additive + Dominant",0.2,2,"dominant",2,421,57.5065898789735,59,50.2800224909353,0.136595225365733,0.140142517814727,0.119429982163742
"Additive + Recessive",0.2,2,"dominant",2,50,6.99255026270409,0,1.01529561111751,0.139851005254082,0,0.0203059122223502
"Additive only",0.2,2,"dominant",2,111,15.5040115013789,0,2.26150876406906,0.139675779291702,0,0.020373952829451
"Dominant only",0.2,2,"dominant",2,697,96.601675794637,116,96.6292652130839,0.138596378471502,0.166427546628407,0.13863596156827
"Recessive + Dominant",0.2,2,"dominant",2,389,54.0700967864265,55,46.8280385279621,0.138997678114207,0.141388174807198,0.12038056176854
"Recessive only",0.2,2,"dominant",2,12,1.72376443409662,0,0.257247590385606,0.143647036174718,0,0.0214372991988005
"Additive + Dominant",0.3,2,"dominant",2,386,53.6390883721228,60,50.4410739387697,0.138961368839696,0.155440414507772,0.130676357354326
"Additive + Recessive",0.3,2,"dominant",2,24,3.41585198616103,0,0.496416513525138,0.142327166090043,0,0.0206840213968807
"Additive only",0.3,2,"dominant",2,77,10.6650087566704,0,1.54065751392274,0.138506607229486,0,0.0200085391418537
"Dominant only",0.3,2,"dominant",2,695,98.0039252670068,113,95.0542845289049,0.141012842110801,0.162589928057554,0.136768754717849
"Recessive + Dominant",0.3,2,"dominant",2,417,57.0131943175458,59,50.350857485474,0.136722288531285,0.141486810551559,0.120745461595861
"Recessive only",0.3,2,"dominant",2,8,1.07065265576779,0,0.146747044790073,0.133831581970974,0,0.0183433805987591
"Additive + Dominant",0.4,2,"dominant",2,428,62.8269933455468,67,56.2065351758563,0.146792040526978,0.156542056074766,0.131323680317421
"Additive + Recessive",0.4,2,"dominant",2,22,2.9363173387718,0,0.413198755180959,0.133468969944173,0,0.0187817615991345
"Additive only",0.4,2,"dominant",2,52,7.27845791361147,0,1.05365510408108,0.139970344492528,0,0.0202625981554054
"Dominant only",0.4,2,"dominant",2,727,105.903587951138,114,96.1045877583522,0.145672060455485,0.156808803301238,0.132193380685491
"Recessive + Dominant",0.4,2,"dominant",2,402,57.3684769412877,62,52.0763834555695,0.142707654082805,0.154228855721393,0.12954324242679
"Recessive only",0.4,2,"dominant",2,5,0.697739747915844,0,0.0987935928714178,0.139547949583169,0,0.0197587185742836
"Additive + Dominant",0.1,3,"dominant",2,504,70.1777399013065,78,65.5403493420494,0.139241547423227,0.154761904761905,0.130040375678669
"Additive + Recessive",0.1,3,"dominant",2,168,23.2017181042317,0,3.33599964611731,0.138105464906141,0,0.0198571407506982
"Additive + Recessive + Dominant",0.1,3,"dominant",2,146,19.9398629436124,12,11.4392505893488,0.136574403723372,0.0821917808219178,0.0783510314338959
"Additive only",0.1,3,"dominant",2,136,19.5556022188341,0,2.92192682004829,0.143791192785545,0,0.0214847560297668
"Dominant only",0.1,3,"dominant",2,391,54.5794085448776,72,59.3203478045363,0.139589280165927,0.184143222506394,0.151714444512881
"Recessive + Dominant",0.1,3,"dominant",2,319,43.1816718035447,48,40.1234722286838,0.135365742330861,0.150470219435737,0.125778909807786
"Recessive only",0.1,3,"dominant",2,10,1.49161120564257,0,0.231781443101052,0.149161120564257,0,0.0231781443101052
"Additive + Dominant",0.2,3,"dominant",2,992,139.408891956875,154,129.108578941706,0.140533157214591,0.155241935483871,0.130149777158977
"Additive + Recessive",0.2,3,"dominant",2,190,25.7622578703424,0,3.64149418803438,0.135590830896539,0,0.0191657588843915
"Additive + Recessive + Dominant",0.2,3,"dominant",2,357,48.9068050905537,44,38.4642416809752,0.136993851794268,0.123249299719888,0.107742973896289
"Additive only",0.2,3,"dominant",2,192,27.3316571272136,0,4.07169300622621,0.142352380870904,0,0.0212067344074282
"Dominant only",0.2,3,"dominant",2,845,116.771532167525,155,126.663869702115,0.138191162328432,0.183431952662722,0.149898070653391
"Recessive + Dominant",0.2,3,"dominant",2,907,124.238075339565,139,116.38588946773,0.136976929812089,0.153252480705623,0.128319613525612
"Recessive only",0.2,3,"dominant",2,13,2.10583789577594,0,0.350085240025053,0.161987530444303,0,0.026929633848081
"Additive + Dominant",0.3,3,"dominant",2,1118,155.579755600622,169,142.336355827108,0.139158994276048,0.151162790697674,0.127313377305106
"Additive + Recessive",0.3,3,"dominant",2,134,17.5192098992236,0,2.36591792474794,0.130740372382265,0,0.0176561039160294
"Additive + Recessive + Dominant",0.3,3,"dominant",2,408,55.2363477816774,53,45.5189653829108,0.135383205347248,0.129901960784314,0.111566091624781
"Additive only",0.3,3,"dominant",2,145,20.7926507443836,0,3.09746499364451,0.143397591340577,0,0.0213618275423759
"Dominant only",0.3,3,"dominant",2,1011,139.781143044013,163,136.154965405565,0.138260279964404,0.161226508407517,0.134673556286415
"Recessive + Dominant",0.3,3,"dominant",2,1129,155.167610230725,164,138.913469132163,0.137438095864238,0.145261293179805,0.123041159550188
"Recessive only",0.3,3,"dominant",2,7,1.07374522648518,0,0.17230096294833,0.153392175212169,0,0.0246144232783328
"Additive + Dominant",0.4,3,"dominant",2,1013,144.239666731975,146,124.891228764703,0.142388614740351,0.144126357354393,0.123288478543636
"Additive + Recessive",0.4,3,"dominant",2,115,15.0213114484119,0,2.04500861666654,0.130620099551408,0,0.0177826836231873
"Additive + Recessive + Dominant",0.4,3,"dominant",2,407,56.3246304256624,49,43.0936397897714,0.138389755345608,0.12039312039312,0.105881178844647
"Additive only",0.4,3,"dominant",2,114,15.4728751121175,0,2.18748516268991,0.135726974667697,0,0.0191884663393852
"Dominant only",0.4,3,"dominant",2,944,133.151602446096,148,124.567138125617,0.141050426320017,0.156779661016949,0.131956714116119
"Recessive + Dominant",0.4,3,"dominant",2,1120,157.25836148519,152,130.641631032369,0.140409251326063,0.135714285714286,0.116644313421758
"Recessive only",0.4,3,"dominant",2,3,0.474331214190179,0,0.076547673200313,0.15811040473006,0,0.025515891066771
"Additive + Dominant",0.1,4,"dominant",2,589,79.4311708595154,61,55.1222658397798,0.134857675483048,0.103565365025467,0.0935861898807806
"Additive + Recessive",0.1,4,"dominant",2,205,28.1954364697397,0,4.02323588579161,0.137538714486535,0,0.0196255409063005
"Additive + Recessive + Dominant",0.1,4,"dominant",2,356,46.9421006286761,42,36.5951479154041,0.131859833226618,0.117977528089888,0.102795359312933
"Additive only",0.1,4,"dominant",2,128,16.8178845297048,0,2.30528567369644,0.131389722888319,0,0.0180100443257535
"Dominant only",0.1,4,"dominant",2,268,36.4134969457594,50,41.4487809037259,0.135871257260296,0.186567164179104,0.154659630237783
"Recessive + Dominant",0.1,4,"dominant",2,421,57.0008578669422,69,57.1315644261488,0.135393961679198,0.163895486935867,0.135704428565674
"Recessive only",0.1,4,"dominant",2,9,1.30198665069527,0,0.195912243746748,0.144665183410586,0,0.021768027082972
"Additive + Dominant",0.2,4,"dominant",2,1743,240.139002196164,237,204.172042455749,0.137773380491201,0.135972461273666,0.117138291712994
"Additive + Recessive",0.2,4,"dominant",2,392,54.9081655743207,0,7.97782389905757,0.1400718509549,0,0.0203515915792285
"Additive + Recessive + Dominant",0.2,4,"dominant",2,1310,180.746241905676,175,150.980887544023,0.137974230462348,0.133587786259542,0.115252585911468
"Additive only",0.2,4,"dominant",2,277,37.3788055061165,0,5.28482826468167,0.134941536123164,0,0.0190788023995728
"Dominant only",0.2,4,"dominant",2,952,129.734540010148,170,140.225219438429,0.136275777321584,0.178571428571429,0.147295398569778
"Recessive + Dominant",0.2,4,"dominant",2,1673,231.746970473571,279,230.909792050365,0.138521799446247,0.1667662881052,0.138021393933272
"Recessive only",0.2,4,"dominant",2,24,3.38101527005221,0,0.492150230554978,0.140875636252176,0,0.0205062596064574
"Additive + Dominant",0.3,4,"dominant",2,2190,301.092495492369,314,268.102086576225,0.137485157759073,0.14337899543379,0.122421044098733
"Additive + Recessive",0.3,4,"dominant",2,417,58.7835105385825,0,8.6460392223624,0.140967651171661,0,0.0207339070080633
"Additive + Recessive + Dominant",0.3,4,"dominant",2,1728,241.012917282181,218,190.316880694267,0.139475067871633,0.126157407407407,0.110137083735108
"Additive only",0.3,4,"dominant",2,256,34.6017188555801,0,4.87755722838313,0.13516296427961,0,0.0190529579233716
"Dominant only",0.3,4,"dominant",2,1299,179.326076412228,222,184.391888987518,0.138049327492093,0.170900692840647,0.141949106225957
"Recessive + Dominant",0.3,4,"dominant",2,2134,296.747238566712,317,268.163990503265,0.139056812824139,0.1485473289597,0.125662600985598
"Recessive only",0.3,4,"dominant",2,14,1.9572476624766,0,0.287218944687651,0.139803404462614,0,0.0205156389062608
"Additive + Dominant",0.4,4,"dominant",2,2222,309.936207938076,317,270.53884646781,0.139485242096344,0.142664266426643,0.121754656376152
"Additive + Recessive",0.4,4,"dominant",2,276,38.5305902949277,0,5.61141366821073,0.1396035880251,0,0.0203312089427925
"Additive + Recessive + Dominant",0.4,4,"dominant",2,1626,228.384081706148,205,177.922463792053,0.140457614825429,0.126076260762608,0.109423409466207
"Additive only",0.4,4,"dominant",2,179,24.1748902944234,0,3.38885892831726,0.135055253041471,0,0.0189321727838953
"Dominant only",0.4,4,"dominant",2,1291,180.588727507459,204,170.713992195384,0.13988282533498,0.158017041053447,0.132233921142822
"Recessive + Dominant",0.4,4,"dominant",2,2112,293.560341272943,300,256.492772549546,0.13899637370878,0.142045454545455,0.12144544154808
"Recessive only",0.4,4,"dominant",2,5,0.689641597499921,0,0.0996959735841263,0.137928319499984,0,0.0199391947168253
"Additive + Dominant",0.1,5,"dominant",2,670,93.0683382844256,82,72.0052190162071,0.138907967588695,0.122388059701493,0.107470476143593
"Additive + Recessive",0.1,5,"dominant",2,177,23.8185728378096,0,3.33224056038855,0.134568208123218,0,0.0188262178553026
"Additive + Recessive + Dominant",0.1,5,"dominant",2,608,84.8886030952977,74,64.9679294296204,0.139619412985687,0.121710526315789,0.106855147088191
"Additive only",0.1,5,"dominant",2,117,16.3290952196559,0,2.37706866696034,0.139564916407316,0,0.0203168262133363
"Dominant only",0.1,5,"dominant",2,212,30.0980043906923,44,35.8384401353298,0.14197171882402,0.207547169811321,0.169049245921367
"Recessive + Dominant",0.1,5,"dominant",2,460,63.5097722534191,63,53.8881780573008,0.138064722290042,0.13695652173913,0.117148213168045
"Recessive only",0.1,5,"dominant",2,20,2.79606807472291,0,0.40410711797103,0.139803403736146,0,0.0202053558985515
"Additive + Dominant",0.2,5,"dominant",2,2167,296.943646364896,286,243.969676693599,0.13702983219423,0.131979695431472,0.112584068617258
"Additive + Recessive",0.2,5,"dominant",2,475,66.3956999862764,0,9.65015100587349,0.13978042102374,0,0.0203161073807863
"Additive + Recessive + Dominant",0.2,5,"dominant",2,2111,290.438242921751,284,242.984148506688,0.137583251028779,0.134533396494552,0.115103812651202
"Additive only",0.2,5,"dominant",2,282,37.4586696018128,0,5.16946814166707,0.132832161708556,0,0.0183314473108761
"Dominant only",0.2,5,"dominant",2,790,108.0761104906,151,123.390694841529,0.136805203152658,0.191139240506329,0.156190752963961
"Recessive + Dominant",0.2,5,"dominant",2,1693,234.500019005871,314,257.888764449449,0.138511529241507,0.185469580626107,0.152326499970141
"Recessive only",0.2,5,"dominant",2,17,2.43108054060139,0,0.35790494387529,0.143004737682435,0,0.0210532319926641
"Additive + Dominant",0.3,5,"dominant",2,3318,457.013030956756,457,392.132703301569,0.137737501795285,0.137733574442435,0.118183454882932
"Additive + Recessive",0.3,5,"dominant",2,636,87.9294348735903,0,12.6210510673318,0.138253828417595,0,0.0198444199171883
"Additive + Recessive + Dominant",0.3,5,"dominant",2,3317,462.807588880534,359,322.092754303535,0.139525953837966,0.10823032861019,0.0971036340981414
"Additive only",0.3,5,"dominant",2,323,44.3171319400994,0,6.32839426500003,0.137204742848605,0,0.0195925519040249
"Dominant only",0.3,5,"dominant",2,1335,183.755447665631,237,195.872172564646,0.137644530086615,0.17752808988764,0.146720728512843
"Recessive + Dominant",0.3,5,"dominant",2,2702,373.690802813993,409,347.867256397677,0.138301555445593,0.151369356032568,0.128744358400325
"Recessive only",0.3,5,"dominant",2,15,2.08545988774467,0,0.301515791302869,0.139030659182978,0,0.0201010527535246
"Additive + Dominant",0.4,5,"dominant",2,3619,505.050881501688,493,425.05739332282,0.139555369301378,0.136225476651009,0.117451614623603
"Additive + Recessive",0.4,5,"dominant",2,491,69.2921261181625,0,10.1749397792763,0.141124493112347,0,0.0207228916074873
"Additive + Recessive + Dominant",0.4,5,"dominant",2,3678,510.882775280947,475,415.866582606016,0.138902331506511,0.129146275149538,0.113068673900494
"Additive only",0.4,5,"dominant",2,314,43.5627598418258,0,6.27636893047351,0.138734903954859,0,0.0199884360843105
"Dominant only",0.4,5,"dominant",2,1545,217.171991718943,263,217.889130722382,0.140564395934591,0.170226537216828,0.141028563574358
"Recessive + Dominant",0.4,5,"dominant",2,3344,461.594754015428,511,432.855328973236,0.138036708736671,0.152811004784689,0.129442383066159
"Recessive only",0.4,5,"dominant",2,16,2.34142596397161,0,0.36763744478912,0.146339122748226,0,0.02297734029932
"Additive only",0.1,1,"recessive",2,5,0.638944576221619,0,0.0830107099441504,0.127788915244324,0,0.0166021419888301
"Dominant only",0.1,1,"recessive",2,3,0.435334813957926,0,0.064100723491319,0.145111604652642,0,0.0213669078304397
"Recessive only",0.1,1,"recessive",2,394,56.0394244534567,54,46.3608057235095,0.142232041760042,0.137055837563452,0.117667019602816
"Additive only",0.2,1,"recessive",2,0,0,0,0,NA,NA,NA
"Dominant only",0.2,1,"recessive",2,0,0,0,0,NA,NA,NA
"Recessive only",0.2,1,"recessive",2,394,54.6834753674291,52,44.8984029445126,0.13879054661784,0.131979695431472,0.113955337422621
"Additive only",0.3,1,"recessive",2,0,0,0,0,NA,NA,NA
"Dominant only",0.3,1,"recessive",2,0,0,0,0,NA,NA,NA
"Recessive only",0.3,1,"recessive",2,369,50.7031504732479,49,42.4407318656027,0.13740691185162,0.132791327913279,0.115015533511118
"Additive only",0.4,1,"recessive",2,0,0,0,0,NA,NA,NA
"Dominant only",0.4,1,"recessive",2,0,0,0,0,NA,NA,NA
"Recessive only",0.4,1,"recessive",2,369,52.2828859231637,51,43.8326546250019,0.141688037732151,0.138211382113821,0.118787681910574
"Additive + Dominant",0.1,2,"recessive",2,19,2.56947016180543,0,0.362250541802176,0.13523527167397,0,0.0190658179895882
"Additive + Recessive",0.1,2,"recessive",2,325,44.7903355564586,54,44.3797787051213,0.137816417096796,0.166153846153846,0.136553165246527
"Additive only",0.1,2,"recessive",2,5,0.616577757352813,0,0.0815666190119139,0.123315551470563,0,0.0163133238023828
"Dominant only",0.1,2,"recessive",2,13,1.88060288386328,0,0.282777471256028,0.144661760297176,0,0.0217521131735407
"Recessive + Dominant",0.1,2,"recessive",2,350,48.1464576738958,55,46.1623071624567,0.137561307639702,0.157142857142857,0.131892306178448
"Recessive only",0.1,2,"recessive",2,672,93.2244645447547,116,95.5690591451714,0.138726881763028,0.172619047619048,0.142215861823172
"Additive + Dominant",0.2,2,"recessive",2,10,1.41302354416012,0,0.202474851684349,0.141302354416012,0,0.0202474851684349
"Additive + Recessive",0.2,2,"recessive",2,424,58.1406760955677,53,46.295229869572,0.137124236074452,0.125,0.109186862899934
"Additive only",0.2,2,"recessive",2,9,1.28817510669386,0,0.190102856894324,0.143130567410429,0,0.0211225396549248
"Dominant only",0.2,2,"recessive",2,6,0.740342517782386,0,0.0916844388019328,0.123390419630398,0,0.0152807398003221
"Recessive + Dominant",0.2,2,"recessive",2,425,59.8571699295672,60,50.9154007423828,0.140840399834276,0.141176470588235,0.119800942923254
"Recessive only",0.2,2,"recessive",2,900,123.489777461334,116,100.236609049153,0.137210863845926,0.128888888888889,0.111374010054614
"Additive + Dominant",0.3,2,"recessive",2,4,0.60043060231955,0,0.0901292270504544,0.150107650579888,0,0.0225323067626136
"Additive + Recessive",0.3,2,"recessive",2,477,66.5035720993201,67,57.0772651809787,0.139420486581384,0.140461215932914,0.119658836857398
"Additive only",0.3,2,"recessive",2,4,0.570848211976646,0,0.083711098929363,0.142712052994161,0,0.0209277747323408
"Dominant only",0.3,2,"recessive",2,8,1.06372298349473,0,0.142004582245607,0.132965372936841,0,0.0177505727807009
"Recessive + Dominant",0.3,2,"recessive",2,380,52.1457376625188,51,43.6427664530325,0.137225625427681,0.134210526315789,0.114849385402717
"Recessive only",0.3,2,"recessive",2,853,118.121193939613,118,100.928730082589,0.138477366869418,0.138335287221571,0.11832207512613
"Additive + Dominant",0.4,2,"recessive",2,4,0.685906985423967,0,0.117617098163348,0.171476746355992,0,0.0294042745408371
"Additive + Recessive",0.4,2,"recessive",2,457,64.3579350329643,67,56.6850507158571,0.140826991319397,0.146608315098468,0.124037310100344
"Additive only",0.4,2,"recessive",2,0,0,0,0,NA,NA,NA
"Dominant only",0.4,2,"recessive",2,14,1.79538600127215,0,0.238772510874106,0.128241857233725,0,0.0170551793481504
"Recessive + Dominant",0.4,2,"recessive",2,375,51.1082273560782,47,40.7183948013091,0.136288606282875,0.125333333333333,0.108582386136824
"Recessive only",0.4,2,"recessive",2,831,116.291850123146,111,95.5358636577846,0.139942057909923,0.133574007220217,0.114964938216347
"Additive + Dominant",0.1,3,"recessive",2,28,3.5388528367185,0,0.459898970896149,0.126387601311375,0,0.016424963246291
"Additive + Recessive",0.1,3,"recessive",2,583,81.1368844337021,88,74.1688990907972,0.139171328359695,0.150943396226415,0.127219380944764
"Additive + Recessive + Dominant",0.1,3,"recessive",2,180,24.9424668678982,33,26.9376838104374,0.138569260377212,0.183333333333333,0.149653798946875
"Additive only",0.1,3,"recessive",2,17,2.22875917050654,0,0.29916485845008,0.131103480618032,0,0.0175979328500047
"Dominant only",0.1,3,"recessive",2,10,1.1343479560692,0,0.129852609974139,0.11343479560692,0,0.0129852609974139
"Recessive + Dominant",0.1,3,"recessive",2,607,83.137312123732,95,79.4760928353113,0.136964270385061,0.156507413509061,0.130932607636427
"Recessive only",0.1,3,"recessive",2,554,76.0424310132008,80,68.4193820203598,0.137260705800001,0.144404332129964,0.123500689567436
"Additive + Dominant",0.2,3,"recessive",2,42,5.74575969501614,0,0.808478424319662,0.136803802262289,0,0.0192494862933253
"Additive + Recessive",0.2,3,"recessive",2,1209,166.793944873838,167,142.764981033076,0.137960252170255,0.138130686517783,0.118085178687408
"Additive + Recessive + Dominant",0.2,3,"recessive",2,413,58.1083952524426,47,41.5152672129679,0.140698293589449,0.113801452784504,0.100521228118566
"Additive only",0.2,3,"recessive",2,17,2.33299104215978,0,0.326765219879453,0.137234767185869,0,0.0192214835223207
"Dominant only",0.2,3,"recessive",2,15,2.00962591206643,0,0.283139502385529,0.133975060804429,0,0.0188759668257019
"Recessive + Dominant",0.2,3,"recessive",2,1132,159.409828495402,144,125.31961077345,0.140821403264489,0.127208480565371,0.11070636994121
"Recessive only",0.2,3,"recessive",2,1161,162.207156913474,165,140.819707489736,0.139713313448298,0.142118863049096,0.121291737717258
"Additive + Dominant",0.3,3,"recessive",2,39,5.16607799649874,0,0.712876128685836,0.132463538371763,0,0.0182788750945086
"Additive + Recessive",0.3,3,"recessive",2,1216,171.146146407957,169,143.761233589801,0.140745186190754,0.138980263157895,0.118224698675823
"Additive + Recessive + Dominant",0.3,3,"recessive",2,392,55.5011567063513,49,42.7025466575044,0.14158458343457,0.125,0.108935068003838
"Additive only",0.3,3,"recessive",2,10,1.59237023949506,0,0.255294815529191,0.159237023949506,0,0.0255294815529191
"Dominant only",0.3,3,"recessive",2,6,0.722922630381599,0,0.0896237995857803,0.1204871050636,0,0.0149372999309634
"Recessive + Dominant",0.3,3,"recessive",2,1123,157.344595069338,151,130.446636626878,0.14011094841437,0.134461264470169,0.116159070905501
"Recessive only",0.3,3,"recessive",2,1149,162.22483174743,159,135.424545060307,0.14118784312222,0.138381201044386,0.117862963498962
"Additive + Dominant",0.4,3,"recessive",2,54,7.26915341953939,0,0.997911276553978,0.134613952213692,0,0.0184798384547033
"Additive + Recessive",0.4,3,"recessive",2,1228,169.403471781652,167,142.032420170207,0.137950709919912,0.13599348534202,0.115661579943165
"Additive + Recessive + Dominant",0.4,3,"recessive",2,427,59.5839696946841,60,51.4349330709271,0.139540912633921,0.140515222482436,0.120456517730508
"Additive only",0.4,3,"recessive",2,8,0.973172942399105,0,0.12456260545419,0.121646617799888,0,0.0155703256817737
"Dominant only",0.4,3,"recessive",2,11,1.302271210323,0,0.157125709931274,0.118388291847545,0,0.0142841554482976
"Recessive + Dominant",0.4,3,"recessive",2,1119,155.182362160407,147,128.083620757227,0.138679501483831,0.131367292225201,0.114462574403241
"Recessive only",0.4,3,"recessive",2,1142,160.082938958502,156,133.477805638083,0.14017770486734,0.136602451838879,0.116880740488689
"Additive + Dominant",0.1,4,"recessive",2,63,9.73064816145505,0,1.56096290914994,0.154454732721509,0,0.0247771890341261
"Additive + Recessive",0.1,4,"recessive",2,837,115.163103416298,111,95.5922481823361,0.137590326662244,0.132616487455197,0.114208181818801
"Additive + Recessive + Dominant",0.1,4,"recessive",2,603,82.5455808914255,80,68.2515973611835,0.136891510599379,0.132669983416252,0.113186728625512
"Additive only",0.1,4,"recessive",2,20,3.05828818814399,0,0.49628000011965,0.1529144094072,0,0.0248140000059825
"Dominant only",0.1,4,"recessive",2,11,1.7158982272659,0,0.279347097761897,0.155990747933263,0,0.025395190705627
"Recessive + Dominant",0.1,4,"recessive",2,780,107.890182535399,108,92.7707188843775,0.138320746840255,0.138461538461538,0.118936819082535
"Recessive only",0.1,4,"recessive",2,525,72.610253780881,75,63.7509006646473,0.138305245296916,0.142857142857143,0.121430286980281
"Additive + Dominant",0.2,4,"recessive",2,64,9.22764586498166,0,1.3763562721384,0.144181966640338,0,0.0215055667521626
"Additive + Recessive",0.2,4,"recessive",2,1966,271.719048455354,282,238.877042157158,0.138209078563252,0.143438453713123,0.121504090619104
"Additive + Recessive + Dominant",0.2,4,"recessive",2,1357,183.936711656595,205,172.288976989494,0.135546581913482,0.151068533529845,0.126963137059317
"Additive only",0.2,4,"recessive",2,23,3.42696404792323,0,0.536208133963204,0.148998436866227,0,0.023313397128835
"Dominant only",0.2,4,"recessive",2,19,2.55653534834854,0,0.358372199401107,0.134554492018344,0,0.0188616947053214
"Recessive + Dominant",0.2,4,"recessive",2,2113,287.198625476237,316,266.037607259217,0.135919841683027,0.149550402271652,0.125905161977859
"Recessive only",0.2,4,"recessive",2,1346,184.335870875359,212,177.208290323345,0.13695086989254,0.157503714710253,0.13165549058198
"Additive + Dominant",0.3,4,"recessive",2,36,5.02020023534752,0,0.720680402714323,0.139450006537431,0,0.0200189000753979
"Additive + Recessive",0.3,4,"recessive",2,2231,312.600068899651,321,273.27723084119,0.140116570551166,0.143881667413716,0.122490914765213
"Additive + Recessive + Dominant",0.3,4,"recessive",2,1592,221.905966618583,212,183.005788262581,0.139388169986547,0.133165829145729,0.114953384587048
"Additive only",0.3,4,"recessive",2,7,0.921300232859267,0,0.125741121789658,0.131614318979895,0,0.0179630173985226
"Dominant only",0.3,4,"recessive",2,19,2.73812980027406,0,0.404523008612679,0.144112094751266,0,0.0212906846638252
"Recessive + Dominant",0.3,4,"recessive",2,2442,339.277670943621,356,302.70895165978,0.138934345185758,0.145782145782146,0.123959439664119
"Recessive only",0.3,4,"recessive",2,1534,213.423266745011,216,184.736581570408,0.139128596313567,0.140808344198175,0.120428019276667
"Additive + Dominant",0.4,4,"recessive",2,49,6.40955931721906,0,0.868598244073075,0.130807333004471,0,0.0177264947770015
"Additive + Recessive",0.4,4,"recessive",2,2443,343.922763965897,347,294.694446553377,0.140778863678222,0.14203847728203,0.12062809928505
"Additive + Recessive + Dominant",0.4,4,"recessive",2,1598,223.21141011836,223,190.425790273679,0.139681733490838,0.139549436795995,0.119165075265131
"Additive only",0.4,4,"recessive",2,1,0.117696034288394,0,0.0138523564872149,0.117696034288394,0,0.0138523564872149
"Dominant only",0.4,4,"recessive",2,17,2.19844769938024,0,0.295752675020278,0.12932045290472,0,0.0173972161776634
"Recessive + Dominant",0.4,4,"recessive",2,2395,341.432878766294,339,289.216968445851,0.14256070094626,0.141544885177453,0.12075865070808
"Recessive only",0.4,4,"recessive",2,1575,223.413925071891,228,193.475484292377,0.141850111156756,0.144761904761905,0.122841577328493
"Additive + Dominant",0.1,5,"recessive",2,67,9.02405790749047,0,1.27671939065034,0.134687431455082,0,0.0190555132932887
"Additive + Recessive",0.1,5,"recessive",2,653,90.9201707501133,101,84.5385746946822,0.139234564701552,0.154670750382848,0.129461829547752
"Additive + Recessive + Dominant",0.1,5,"recessive",2,722,100.56845190705,103,88.723448368132,0.139291484635803,0.142659279778393,0.12288566255974
"Additive only",0.1,5,"recessive",2,16,2.28144482581843,0,0.33496773368675,0.142590301613652,0,0.0209354833554219
"Dominant only",0.1,5,"recessive",2,19,2.75579647692362,0,0.413349143338402,0.145041919838085,0,0.0217552180704422
"Recessive + Dominant",0.1,5,"recessive",2,730,99.8370745705675,102,87.9234704132025,0.136763115850092,0.13972602739726,0.120443110155072
"Recessive only",0.1,5,"recessive",2,355,49.456944974486,55,46.1643526239064,0.139315337956299,0.154929577464789,0.130040429926497
"Additive + Dominant",0.2,5,"recessive",2,106,14.492489442461,0,2.05831696365347,0.136721598513783,0,0.0194180845627686
"Additive + Recessive",0.2,5,"recessive",2,2296,316.761960750819,381,316.585414231231,0.137962526459416,0.165940766550523,0.137885633375972
"Additive + Recessive + Dominant",0.2,5,"recessive",2,2352,323.43571137486,373,312.697714266798,0.137515183407679,0.15858843537415,0.132949708446768
"Additive only",0.2,5,"recessive",2,39,5.34561150115288,0,0.761812448626029,0.137066961568022,0,0.0195336525288725
"Dominant only",0.2,5,"recessive",2,25,3.70238348592713,0,0.567477671675404,0.148095339437085,0,0.0226991068670161
"Recessive + Dominant",0.2,5,"recessive",2,2436,332.557493464476,371,313.802790887234,0.136517854459966,0.152298850574713,0.128818879674562
"Recessive only",0.2,5,"recessive",2,1137,157.418752524619,189,157.93740702161,0.138450969678645,0.16622691292876,0.138907130186113
"Additive + Dominant",0.3,5,"recessive",2,73,9.88618706433578,0,1.38597015810213,0.135427220059394,0,0.0189858925767415
"Additive + Recessive",0.3,5,"recessive",2,3403,471.72176059618,501,424.387794896391,0.138619383072636,0.147223038495445,0.124709901527003
"Additive + Recessive + Dominant",0.3,5,"recessive",2,3473,480.674448140619,507,430.982281082702,0.138403238739021,0.145983299740858,0.124095099649497
"Additive only",0.3,5,"recessive",2,15,2.03940565118992,0,0.287387046401236,0.135960376745995,0,0.0191591364267491
"Dominant only",0.3,5,"recessive",2,14,2.10358181313437,0,0.324950482185168,0.150255843795312,0,0.023210748727512
"Recessive + Dominant",0.3,5,"recessive",2,3579,498.103608903284,521,443.626483306423,0.139173961694128,0.145571388656049,0.123952635738034
"Recessive only",0.3,5,"recessive",2,1752,243.019371096088,260,220.188989644896,0.138709686698681,0.148401826484018,0.125678647057589
"Additive + Dominant",0.4,5,"recessive",2,94,14.1367149052979,0,2.21189376301193,0.150390584098913,0,0.0235307847128929
"Additive + Recessive",0.4,5,"recessive",2,3935,547.682694755037,554,470.959834305111,0.139182387485397,0.140787801778907,0.11968483718046
"Additive + Recessive + Dominant",0.4,5,"recessive",2,4011,554.693629204574,573,486.600702500026,0.138293101272644,0.142857142857143,0.121316555098486
"Additive only",0.4,5,"recessive",2,13,1.94281040208458,0,0.29733549708364,0.149446954006506,0,0.0228719613141262
"Dominant only",0.4,5,"recessive",2,15,2.30933746109622,0,0.36976833509137,0.153955830739748,0,0.0246512223394247
"Recessive + Dominant",0.4,5,"recessive",2,4016,558.56417116087,561,478.864219748953,0.13908470397432,0.139691235059761,0.119239098543066
"Recessive only",0.4,5,"recessive",2,1949,267.397274584111,264,226.901912171102,0.137197164999544,0.135454079014879,0.116419657347923
"Additive only",0.1,1,"additive",3,91,22.5081023622693,24,17.2971025939999,0.247341784200761,0.263736263736264,0.190078050483515
"Dominant only",0.1,1,"additive",3,17,4.32212265076821,0,1.10852457792403,0.254242508868718,0,0.0652073281131783
"Recessive only",0.1,1,"additive",3,2,0.49876380324139,0,0.128554501919756,0.249381901620695,0,0.0642772509598779
"Additive only",0.2,1,"additive",3,118,28.4654506689805,32,23.3824034087005,0.24123263278797,0.271186440677966,0.198155961090682
"Dominant only",0.2,1,"additive",3,7,1.88927371325977,0,0.516224006167468,0.269896244751395,0,0.0737462865953526
"Recessive only",0.2,1,"additive",3,0,0,0,0,NA,NA,NA
"Additive only",0.3,1,"additive",3,143,34.3247464911304,33,24.9646294794933,0.240033192245667,0.230769230769231,0.174577828527925
"Dominant only",0.3,1,"additive",3,3,0.734885613405865,0,0.180723568284349,0.244961871135288,0,0.0602411894281164
"Recessive only",0.3,1,"additive",3,0,0,0,0,NA,NA,NA
"Additive only",0.4,1,"additive",3,108,26.3705931322538,23,18.0630797551823,0.24417215863198,0.212962962962963,0.167250738473911
"Dominant only",0.4,1,"additive",3,1,0.206000564235279,0,0.0424362324652532,0.206000564235279,0,0.0424362324652532
"Recessive only",0.4,1,"additive",3,0,0,0,0,NA,NA,NA
"Additive + Dominant",0.1,2,"additive",3,80,19.3951251472908,15,12.1976274479143,0.242439064341135,0.1875,0.152470343098929
"Additive + Recessive",0.1,2,"additive",3,68,16.525990634475,15,11.8259876407318,0.243029274036397,0.220588235294118,0.173911582951938
"Additive only",0.1,2,"additive",3,132,31.6518794199864,37,26.3954029384958,0.239786965302927,0.28030303030303,0.199965173776483
"Dominant only",0.1,2,"additive",3,62,14.9870959659874,0,3.66750416005981,0.241727354290119,0,0.0591532929041905
"Recessive + Dominant",0.1,2,"additive",3,23,5.67218790657204,0,1.42214675856874,0.246616865503132,0,0.0618324677638584
"Recessive only",0.1,2,"additive",3,4,0.973671322082123,0,0.237504856016338,0.243417830520531,0,0.0593762140040845
"Additive + Dominant",0.2,2,"additive",3,153,36.8855800032313,36,27.4755892320623,0.241082222243342,0.235294117647059,0.179579014588643
"Additive + Recessive",0.2,2,"additive",3,128,30.944708826959,25,20.099371657113,0.241755537710617,0.1953125,0.157026341071195
"Additive only",0.2,2,"additive",3,230,55.2273259952925,70,49.1748672643952,0.240118808675185,0.304347826086957,0.213803770714762
"Dominant only",0.2,2,"additive",3,67,16.4081059921725,0,4.0643073527306,0.244897104360783,0,0.0606613037720985
"Recessive + Dominant",0.2,2,"additive",3,18,4.38149704175951,0,1.0803839983407,0.243416502319973,0,0.0600213332411502
"Recessive only",0.2,2,"additive",3,2,0.472518284710876,0,0.111881580432606,0.236259142355438,0,0.0559407902163031
"Additive + Dominant",0.3,2,"additive",3,140,33.9455076285305,31,24.3364034033373,0.242467911632361,0.221428571428571,0.17383145288098
"Additive + Recessive",0.3,2,"additive",3,141,33.8307430677608,33,25.7069119484498,0.239934347998304,0.234042553191489,0.182318524457091
"Additive only",0.3,2,"additive",3,246,59.5481391054456,62,46.0064253114183,0.242065606119698,0.252032520325203,0.187017989070806
"Dominant only",0.3,2,"additive",3,39,9.86490057564397,0,2.51883187949718,0.252946168606256,0,0.06458543280762
"Recessive + Dominant",0.3,2,"additive",3,8,1.96131220756252,0,0.489317287214554,0.245164025945315,0,0.0611646609018193
"Recessive only",0.3,2,"additive",3,1,0.248591023632782,0,0.0617974970307945,0.248591023632782,0,0.0617974970307945
"Additive + Dominant",0.4,2,"additive",3,148,36.2157174323581,32,25.3057584558089,0.244700793461879,0.216216216216216,0.170984854431141
"Additive + Recessive",0.4,2,"additive",3,143,34.3509246727147,39,28.0357124394219,0.24021625645255,0.272727272727273,0.19605393314281
"Additive only",0.4,2,"additive",3,250,60.9054771394784,56,43.5311038541269,0.243621908557913,0.224,0.174124415416507
"Dominant only",0.4,2,"additive",3,25,6.3469349636773,0,1.6290220167293,0.253877398547092,0,0.0651608806691721
"Recessive + Dominant",0.4,2,"additive",3,6,1.67740343693213,0,0.470008837075173,0.279567239488688,0,0.0783348061791955
"Recessive only",0.4,2,"additive",3,1,0.251404669160395,0,0.0632043076756479,0.251404669160395,0,0.0632043076756479
"Additive + Dominant",0.1,3,"additive",3,144,34.4362066581314,23,19.7235718628504,0.239140324014801,0.159722222222222,0.136969249047572
"Additive + Recessive",0.1,3,"additive",3,116,28.1876831419333,33,23.6574706272139,0.242997268464943,0.28448275862069,0.203943712303568
"Additive + Recessive + Dominant",0.1,3,"additive",3,58,14.020462333297,12,9.20460317446427,0.241732109194776,0.206896551724138,0.158700054732143
"Additive only",0.1,3,"additive",3,94,22.8697797450116,33,22.3089384592566,0.243295529202251,0.351063829787234,0.237329132545283
"Dominant only",0.1,3,"additive",3,34,8.22016607652916,0,2.016606277801,0.241769590486152,0,0.0593119493470882
"Recessive + Dominant",0.1,3,"additive",3,51,11.9256783782936,0,2.81768800443302,0.233836830946933,0,0.0552487844006474
"Recessive only",0.1,3,"additive",3,12,2.90538109150411,0,0.713522793535256,0.242115090958676,0,0.0594602327946047
"Additive + Dominant",0.2,3,"additive",3,349,83.308862531075,77,60.0071200837077,0.238707342495917,0.220630372492837,0.171940172159621
"Additive + Recessive",0.2,3,"additive",3,293,71.8487294613267,88,62.2925443242103,0.245217506693948,0.300341296928328,0.212602540355667
"Additive + Recessive + Dominant",0.2,3,"additive",3,124,30.1185910878219,30,22.3906682610891,0.242891863611467,0.241935483870968,0.180569905331363
"Additive only",0.2,3,"additive",3,291,70.855458888815,94,65.3640698408721,0.2434895494461,0.323024054982818,0.224618796704028
"Dominant only",0.2,3,"additive",3,69,16.7978002286029,0,4.13550446577757,0.24344638012468,0,0.0599348473301098
"Recessive + Dominant",0.2,3,"additive",3,62,14.6009137427997,0,3.48871573098176,0.235498608754834,0,0.056269608564222
"Recessive only",0.2,3,"additive",3,13,3.0128568259481,0,0.704153306876361,0.231758217380623,0,0.0541656389904893
"Additive + Dominant",0.3,3,"additive",3,417,100.245444978753,111,82.4165678806624,0.240396750548568,0.266187050359712,0.197641649593915
"Additive + Recessive",0.3,3,"additive",3,353,85.4402521189041,97,70.216822184543,0.242040374274516,0.274787535410765,0.198914510437799
"Additive + Recessive + Dominant",0.3,3,"additive",3,134,32.5961558904218,39,27.8400419317727,0.24325489470464,0.291044776119403,0.207761506953528
"Additive only",0.3,3,"additive",3,352,86.2543119453612,104,74.4698300600597,0.245040658935685,0.295454545454545,0.211562017216079
"Dominant only",0.3,3,"additive",3,59,14.1269678790332,0,3.43280809806366,0.239440133542935,0,0.0581831881027739
"Recessive + Dominant",0.3,3,"additive",3,37,8.97257967139455,0,2.20272420236799,0.242502153280934,0,0.0595330865504863
"Recessive only",0.3,3,"additive",3,2,0.529966027999435,0,0.141852683109115,0.264983013999718,0,0.0709263415545573
"Additive + Dominant",0.4,3,"additive",3,407,98.884273388133,107,78.05567732727,0.242958902673545,0.262899262899263,0.191782990976093
"Additive + Recessive",0.4,3,"additive",3,427,103.784048828358,105,78.7632275892604,0.243053978520745,0.245901639344262,0.184457207468994
"Additive + Recessive + Dominant",0.4,3,"additive",3,156,38.1044255049263,40,30.0079428185014,0.244259137852092,0.256410256410256,0.192358607810907
"Additive only",0.4,3,"additive",3,368,90.3283041221785,100,72.5988666805154,0.245457348158094,0.271739130434783,0.19727952902314
"Dominant only",0.4,3,"additive",3,48,11.657870495493,0,2.86388375811236,0.242872301989438,0,0.0596642449606743
"Recessive + Dominant",0.4,3,"additive",3,27,6.67764953932609,0,1.67665647262946,0.247320353308374,0,0.0620983878751652
"Recessive only",0.4,3,"additive",3,1,0.217013083283177,0,0.0470946783160712,0.217013083283177,0,0.0470946783160712
"Additive + Dominant",0.1,4,"additive",3,157,37.621121645221,25,22.1704240616858,0.239624978631981,0.159235668789809,0.141212892112648
"Additive + Recessive",0.1,4,"additive",3,107,26.1360408917737,26,18.9067303495279,0.2442620644091,0.242990654205607,0.17669841448157
"Additive + Recessive + Dominant",0.1,4,"additive",3,87,20.5348261336531,13,11.8650299574112,0.236032484294863,0.149425287356322,0.136379654682887
"Additive only",0.1,4,"additive",3,58,14.2185713494603,15,11.1058694223811,0.245147781887246,0.258620689655172,0.191480507282433
"Dominant only",0.1,4,"additive",3,46,11.4319986870597,0,2.86632776176874,0.248521710588255,0,0.0623114730819291
"Recessive + Dominant",0.1,4,"additive",3,65,15.9815265051949,0,3.97753840594706,0.24586963854146,0,0.0611928985530316
"Recessive only",0.1,4,"additive",3,5,1.21828652482772,0,0.297966256619664,0.243657304965544,0,0.0595932513239328
"Additive + Dominant",0.2,4,"additive",3,531,129.675242538542,115,90.4285096817062,0.244209496306105,0.216572504708098,0.170298511641631
"Additive + Recessive",0.2,4,"additive",3,476,115.265482261955,127,93.6925293027688,0.242154374499906,0.266806722689076,0.196833044753716
"Additive + Recessive + Dominant",0.2,4,"additive",3,436,105.535666560382,84,68.5412956471143,0.242054281101793,0.192660550458716,0.157204806530079
"Additive only",0.2,4,"additive",3,294,71.931756376403,91,63.5881793525091,0.244665838014976,0.30952380952381,0.216286324328262
"Dominant only",0.2,4,"additive",3,92,22.0679844791764,0,5.36891656784857,0.239869396512787,0,0.0583577887809628
"Recessive + Dominant",0.2,4,"additive",3,157,38.3366544076048,0,9.49892604407236,0.244182512150349,0,0.0605027136565119
"Recessive only",0.2,4,"additive",3,9,2.17615889031979,0,0.529274005735398,0.241795432257754,0,0.0588082228594887
"Additive + Dominant",0.3,4,"additive",3,795,190.730440820002,211,154.206298081042,0.239912504176103,0.265408805031447,0.193970186265462
"Additive + Recessive",0.3,4,"additive",3,693,166.722967343587,201,144.418435543486,0.240581482458279,0.29004329004329,0.208396010885261
"Additive + Recessive + Dominant",0.3,4,"additive",3,518,125.177333082976,120,91.7362180932265,0.241655083171768,0.231660231660232,0.17709694612592
"Additive only",0.3,4,"additive",3,450,108.735024317705,132,94.2475025890434,0.241633387372678,0.293333333333333,0.209438894642319
"Dominant only",0.3,4,"additive",3,92,22.3355016758766,0,5.48626948428197,0.242777192129094,0,0.0596333639595866
"Recessive + Dominant",0.3,4,"additive",3,114,28.0380658251378,0,6.98037427657863,0.245947945834543,0,0.0612313533033213
"Recessive only",0.3,4,"additive",3,6,1.42949425283153,0,0.341034064976387,0.238249042138589,0,0.0568390108293979
"Additive + Dominant",0.4,4,"additive",3,855,205.178785986689,214,159.821731014045,0.239975188288526,0.250292397660819,0.186926001186017
"Additive + Recessive",0.4,4,"additive",3,761,184.5841485964,190,143.72318704866,0.242554728773193,0.249671484888305,0.188860955385887
"Additive + Recessive + Dominant",0.4,4,"additive",3,584,142.790843925207,132,102.992609003318,0.244504869734943,0.226027397260274,0.176357207197463
"Additive only",0.4,4,"additive",3,419,101.168912758041,114,82.3069187760702,0.241453252405827,0.272076372315036,0.19643656032475
"Dominant only",0.4,4,"additive",3,84,20.160773758062,0,4.90926430632952,0.2400092114055,0,0.0584436226943991
"Recessive + Dominant",0.4,4,"additive",3,69,16.5525374908028,0,4.02681922457569,0.239891847692794,0,0.058359698906894
"Recessive only",0.4,4,"additive",3,5,1.37526672795111,0,0.380334564071709,0.275053345590221,0,0.0760669128143419
"Additive + Dominant",0.1,5,"additive",3,173,42.1415532165437,27,23.6188135607751,0.243592793159212,0.15606936416185,0.136524933877313
"Additive + Recessive",0.1,5,"additive",3,129,31.7717533285424,28,22.3383107680541,0.246292661461569,0.217054263565891,0.173165199752358
"Additive + Recessive + Dominant",0.1,5,"additive",3,202,48.2409832404477,29,26.7446201391662,0.238816748715088,0.143564356435644,0.132399109599833
"Additive only",0.1,5,"additive",3,62,14.8401262271997,14,10.7353849146028,0.239356874632253,0.225806451612903,0.173151369590368
"Dominant only",0.1,5,"additive",3,21,5.14544287024668,0,1.28225599572284,0.245021089059366,0,0.0610598093201353
"Recessive + Dominant",0.1,5,"additive",3,63,15.1739518964829,0,3.71524868613499,0.240856379309252,0,0.0589722013672221
"Recessive only",0.1,5,"additive",3,6,1.36862138667216,0,0.315112437793356,0.22810356444536,0,0.0525187396322261
"Additive + Dominant",0.2,5,"additive",3,733,177.743639393556,161,125.968786408084,0.242487911860241,0.219645293315143,0.171853733162461
"Additive + Recessive",0.2,5,"additive",3,479,115.909421817476,125,92.5789229147922,0.241982091476985,0.260960334029228,0.193275413183282
"Additive + Recessive + Dominant",0.2,5,"additive",3,589,141.460437073342,120,96.6013645865926,0.24017052134693,0.203735144312394,0.164009107956864
"Additive only",0.2,5,"additive",3,265,64.134521497234,76,54.8164816980486,0.242017062253713,0.286792452830189,0.206854647917165
"Dominant only",0.2,5,"additive",3,97,23.5160623308483,0,5.77791729138248,0.242433632276787,0,0.0595661576431183
"Recessive + Dominant",0.2,5,"additive",3,153,36.6818995598735,0,8.92355177504745,0.239750977515513,0,0.0583238678107677
"Recessive only",0.2,5,"additive",3,10,2.51174727598149,0,0.643139040966566,0.251174727598149,0,0.0643139040966566
"Additive + Dominant",0.3,5,"additive",3,1113,268.489891030062,275,207.442437356739,0.24123080955082,0.247079964061096,0.186381345333997
"Additive + Recessive",0.3,5,"additive",3,921,223.363507770835,229,172.18607552532,0.24252280974032,0.248642779587405,0.186955565174072
"Additive + Recessive + Dominant",0.3,5,"additive",3,1170,282.355694125129,232,186.782632325017,0.241329653098401,0.198290598290598,0.159643275491468
"Additive only",0.3,5,"additive",3,449,108.488572906746,137,96.2557217103727,0.241622656807899,0.305122494432071,0.21437799935495
"Dominant only",0.3,5,"additive",3,115,28.3934812156425,0,7.11195740150522,0.24689983665776,0,0.0618431078391758
"Recessive + Dominant",0.3,5,"additive",3,213,51.1889474083414,0,12.4786635457622,0.240323696752776,0,0.0585852748627332
"Recessive only",0.3,5,"additive",3,8,2.00195794797958,0,0.508125959514841,0.250244743497447,0,0.0635157449393551
"Additive + Dominant",0.4,5,"additive",3,1380,336.012226932566,314,241.23502106931,0.243487120965627,0.227536231884058,0.174807986282109
"Additive + Recessive",0.4,5,"additive",3,1233,295.042733113804,271,211.424494272412,0.239288510230173,0.219789132197891,0.17147160930447
"Additive + Recessive + Dominant",0.4,5,"additive",3,1340,318.993752316808,262,213.81153179313,0.238055039042394,0.195522388059701,0.159560844621739
"Additive only",0.4,5,"additive",3,536,130.879138326161,124,94.9454377535357,0.244177496877165,0.23134328358209,0.177137010734208
"Dominant only",0.4,5,"additive",3,95,23.02158557509,0,5.64885470516269,0.242332479737789,0,0.0594616284753967
"Recessive + Dominant",0.4,5,"additive",3,138,32.5513095465718,0,7.77468382066978,0.235879054685303,0,0.0563382885555781
"Recessive only",0.4,5,"additive",3,4,0.974599262193806,0,0.242686823414752,0.243649815548452,0,0.060671705853688
"Additive only",0.1,1,"dominant",3,30,7.41373536541388,0,1.86316607848119,0.247124512180463,0,0.0621055359493731
"Dominant only",0.1,1,"dominant",3,110,26.8010176057234,34,23.6420761727974,0.243645614597485,0.309090909090909,0.214927965207249
"Recessive only",0.1,1,"dominant",3,0,0,0,0,NA,NA,NA
"Additive only",0.2,1,"dominant",3,17,4.08090934209237,0,0.994248045961357,0.240053490711316,0,0.0584851791741975
"Dominant only",0.2,1,"dominant",3,119,28.4358017779738,31,22.9775813952353,0.238956317461965,0.260504201680672,0.193088919287692
"Recessive only",0.2,1,"dominant",3,0,0,0,0,NA,NA,NA
"Additive only",0.3,1,"dominant",3,4,0.919063699405115,0,0.211444979868023,0.229765924851279,0,0.0528612449670059
"Dominant only",0.3,1,"dominant",3,132,32.1391883297773,33,24.7406977891503,0.24347869946801,0.25,0.187429528705684
"Recessive only",0.3,1,"dominant",3,0,0,0,0,NA,NA,NA
"Additive only",0.4,1,"dominant",3,2,0.467673221688867,0,0.109462895531079,0.233836610844433,0,0.0547314477655397
"Dominant only",0.4,1,"dominant",3,113,27.3975519286333,25,19.1579194642908,0.242456211757817,0.221238938053097,0.169539110303459
"Recessive only",0.4,1,"dominant",3,0,0,0,0,NA,NA,NA
"Additive + Dominant",0.1,2,"dominant",3,92,22.6263796947939,25,18.2067160141144,0.24593890972602,0.271739130434783,0.197899087109939
"Additive + Recessive",0.1,2,"dominant",3,23,5.39241974979569,0,1.27513060720072,0.234453032599813,0,0.0554404611826399
"Additive only",0.1,2,"dominant",3,44,10.9108711038699,0,2.73559001658058,0.247974343269771,0,0.0621725003768313
"Dominant only",0.1,2,"dominant",3,128,31.1421780283915,45,30.4774066510431,0.243298265846808,0.3515625,0.238104739461274
"Recessive + Dominant",0.1,2,"dominant",3,67,16.2668738913276,22,15.1178346163489,0.242789162557128,0.328358208955224,0.225639322632073
"Recessive only",0.1,2,"dominant",3,3,0.718925637563925,0,0.173256616529826,0.239641879187975,0,0.0577522055099421
"Additive + Dominant",0.2,2,"dominant",3,151,36.2121033254962,34,26.0429943049823,0.239815253811233,0.225165562913907,0.172470160960147
"Additive + Recessive",0.2,2,"dominant",3,15,3.51884393529886,0,0.832983100966196,0.234589595686591,0,0.0555322067310797
"Additive only",0.2,2,"dominant",3,41,9.85414198862694,0,2.39166352331597,0.240344926551877,0,0.0583332566662433
"Dominant only",0.2,2,"dominant",3,242,58.1631002350992,65,47.6815930559597,0.240343389401237,0.268595041322314,0.197031376264296
"Recessive + Dominant",0.2,2,"dominant",3,99,24.5309484465789,31,21.6892884764021,0.247787358046251,0.313131313131313,0.21908372198386
"Recessive only",0.2,2,"dominant",3,2,0.467057881848358,0,0.109717307127598,0.233528940924179,0,0.0548586535637992
"Additive + Dominant",0.3,2,"dominant",3,152,37.0674604159573,30,24.4058433269036,0.243864871157614,0.197368421052632,0.160564758729629
"Additive + Recessive",0.3,2,"dominant",3,10,2.43159695297764,0,0.597363516969491,0.243159695297764,0,0.0597363516969491
"Additive only",0.3,2,"dominant",3,35,8.12810511315667,0,1.90291171139726,0.232231574661619,0,0.0543689060399217
"Dominant only",0.3,2,"dominant",3,251,60.4525854337968,67,49.1931437291773,0.240846953919509,0.266932270916335,0.195988620434969
"Recessive + Dominant",0.3,2,"dominant",3,107,26.1867808409256,31,22.4344619880737,0.244736269541361,0.289719626168224,0.209667869047417
"Recessive only",0.3,2,"dominant",3,2,0.504368267910026,0,0.128548308639999,0.252184133955013,0,0.0642741543199994
"Additive + Dominant",0.4,2,"dominant",3,128,31.4236979360525,28,21.8912141548475,0.24549764012541,0.21875,0.171025110584746
"Additive + Recessive",0.4,2,"dominant",3,5,1.1149364245526,0,0.2515501743295,0.22298728491052,0,0.0503100348659
"Additive only",0.4,2,"dominant",3,25,6.08468008229491,0,1.49450303628993,0.243387203291796,0,0.0597801214515971
"Dominant only",0.4,2,"dominant",3,232,57.1251350484967,60,44.0274265013366,0.246229030381451,0.258620689655172,0.189773390091968
"Recessive + Dominant",0.4,2,"dominant",3,118,29.0301108963795,34,24.4035866124037,0.246017888952368,0.288135593220339,0.20681005603732
"Recessive only",0.4,2,"dominant",3,2,0.52467636928914,0,0.138750791564249,0.26233818464457,0,0.0693753957821246
"Additive + Dominant",0.1,3,"dominant",3,128,30.3465717431551,36,26.1007959148956,0.237082591743399,0.28125,0.203912468085122
"Additive + Recessive",0.1,3,"dominant",3,45,10.8704979989844,0,2.66046479285742,0.241566622199652,0,0.0591214398412761
"Additive + Recessive + Dominant",0.1,3,"dominant",3,42,9.83914574679731,6,5.51154062676683,0.234265374923746,0.142857142857143,0.131227157780163
"Additive only",0.1,3,"dominant",3,28,6.6880106237486,0,1.61925936352841,0.238857522276736,0,0.0578306915545862
"Dominant only",0.1,3,"dominant",3,98,23.6821236642628,35,24.066506899448,0.241654323104723,0.357142857142857,0.245576601014775
"Recessive + Dominant",0.1,3,"dominant",3,98,23.6499374991834,27,19.7124480289747,0.241325892848811,0.275510204081633,0.201147428867089
"Recessive only",0.1,3,"dominant",3,4,1.00539029052099,0,0.254462576205178,0.251347572630247,0,0.0636156440512946
"Additive + Dominant",0.2,3,"dominant",3,359,86.8394528693814,88,66.6328482773062,0.241892626377107,0.245125348189415,0.185606819713945
"Additive + Recessive",0.2,3,"dominant",3,56,13.8669000327369,0,3.47093248688953,0.247623214870302,0,0.0619809372658845
"Additive + Recessive + Dominant",0.2,3,"dominant",3,98,23.7493867073209,24,18.1483680080915,0.242340680686948,0.244897959183673,0.185187428653995
"Additive only",0.2,3,"dominant",3,75,18.0688005196336,0,4.41681367246199,0.240917340261782,0,0.0588908489661599
"Dominant only",0.2,3,"dominant",3,309,74.1416656106134,96,67.1993834136634,0.239940665406516,0.310679611650485,0.217473732730302
"Recessive + Dominant",0.2,3,"dominant",3,255,61.9324018281779,68,49.5081820554029,0.24287216403207,0.266666666666667,0.194149733550599
"Recessive only",0.2,3,"dominant",3,1,0.27836876565883,0,0.0774891696944208,0.27836876565883,0,0.0774891696944208
"Additive + Dominant",0.3,3,"dominant",3,375,93.2584585813519,94,70.6551632775706,0.248689222883605,0.250666666666667,0.188413768740188
"Additive + Recessive",0.3,3,"dominant",3,40,9.88402907976374,0,2.47384434121288,0.247100726994093,0,0.0618461085303219
"Additive + Recessive + Dominant",0.3,3,"dominant",3,116,28.1143274938842,29,21.4646036217464,0.242364892188657,0.25,0.185039686394366
"Additive only",0.3,3,"dominant",3,57,14.0519660542419,0,3.50729239732598,0.246525720249858,0,0.0615314455671224
"Dominant only",0.3,3,"dominant",3,321,80.0937169458767,99,69.2331737113755,0.249513136903043,0.308411214953271,0.21567966888279
"Recessive + Dominant",0.3,3,"dominant",3,357,85.8539481596089,92,68.1807362706465,0.240487249746804,0.257703081232493,0.190982454539626
"Recessive only",0.3,3,"dominant",3,6,1.34719305506283,0,0.307221181364497,0.224532175843805,0,0.0512035302274162
"Additive + Dominant",0.4,3,"dominant",3,398,97.5009508827961,103,76.5185070856019,0.244977263524613,0.258793969849246,0.192257555491462
"Additive + Recessive",0.4,3,"dominant",3,30,7.55866004289985,0,1.93100267398293,0.251955334763328,0,0.064366755799431
"Additive + Recessive + Dominant",0.4,3,"dominant",3,138,33.0315349560223,37,27.1926600075816,0.239358948956683,0.268115942028986,0.197048260924504
"Additive only",0.4,3,"dominant",3,48,11.2478642594909,0,2.65949972293874,0.23433050540606,0,0.0554062442278904
"Dominant only",0.4,3,"dominant",3,346,84.7100754538113,99,70.808399115979,0.244826807669975,0.286127167630058,0.204648552358321
"Recessive + Dominant",0.4,3,"dominant",3,387,92.8812834322066,98,73.1510018050922,0.240003316362291,0.253229974160207,0.189020676498946
"Recessive only",0.4,3,"dominant",3,2,0.443397525565722,0,0.0983154241579094,0.221698762782861,0,0.0491577120789547
"Additive + Dominant",0.1,4,"dominant",3,167,40.1871646912339,44,32.3244221594278,0.240641704737928,0.263473053892216,0.19355941412831
"Additive + Recessive",0.1,4,"dominant",3,37,8.72471597746315,0,2.08617046993221,0.235803134526031,0,0.0563829856738434
"Additive + Recessive + Dominant",0.1,4,"dominant",3,87,21.2862073445038,14,12.11001492632,0.244669049936825,0.160919540229885,0.139195573865747
"Additive only",0.1,4,"dominant",3,23,5.59338099948722,0,1.38117605859007,0.243190478238575,0,0.0600511329821769
"Dominant only",0.1,4,"dominant",3,86,20.2824251034738,25,18.2625199274096,0.235842152365975,0.290697674418605,0.212354882876856
"Recessive + Dominant",0.1,4,"dominant",3,85,20.9168702650768,22,16.2333642371296,0.246080826647962,0.258823529411765,0.190980755730937
"Recessive only",0.1,4,"dominant",3,1,0.248397490535353,0,0.0617013133042609,0.248397490535353,0,0.0617013133042609
"Additive + Dominant",0.2,4,"dominant",3,523,127.47710315913,142,103.175204787969,0.243742071049962,0.27151051625239,0.197275726172025
"Additive + Recessive",0.2,4,"dominant",3,110,26.284806450016,0,6.36143906238047,0.238952785909236,0,0.0578312642034588
"Additive + Recessive + Dominant",0.2,4,"dominant",3,331,81.1372272101103,82,61.1940475066618,0.245127574652901,0.24773413897281,0.184876276455172
"Additive only",0.2,4,"dominant",3,76,18.1178085375334,0,4.38939480420939,0.238392217599123,0,0.0577551947922289
"Dominant only",0.2,4,"dominant",3,290,70.7043672422309,87,61.7365917385486,0.243808162904244,0.3,0.212884799098443
"Recessive + Dominant",0.2,4,"dominant",3,437,106.42591218365,121,87.1192272319962,0.243537556484325,0.276887871853547,0.199357499386719
"Recessive only",0.2,4,"dominant",3,5,1.23046534795224,0,0.305077469846678,0.246093069590448,0,0.0610154939693356
"Additive + Dominant",0.3,4,"dominant",3,695,169.685874745185,161,123.897151034216,0.244152337762857,0.231654676258993,0.17826928206362
"Additive + Recessive",0.3,4,"dominant",3,96,23.2568398134261,0,5.71128711350887,0.242258748056522,0,0.0594925740990507
"Additive + Recessive + Dominant",0.3,4,"dominant",3,450,110.104246756027,121,88.9402051375494,0.244676103902283,0.268888888888889,0.197644900305665
"Additive only",0.3,4,"dominant",3,72,17.670370561251,0,4.39423088999679,0.245421813350709,0,0.0610309845832887
"Dominant only",0.3,4,"dominant",3,379,91.7035430879725,110,78.4232655920314,0.241961855113384,0.29023746701847,0.206921545097708
"Recessive + Dominant",0.3,4,"dominant",3,612,150.067415399572,184,129.896952480833,0.245208195097339,0.300653594771242,0.212249922354302
"Recessive only",0.3,4,"dominant",3,2,0.420450886920284,0,0.0884843004555716,0.210225443460142,0,0.0442421502277858
"Additive + Dominant",0.4,4,"dominant",3,762,184.717058456195,194,141.944739232432,0.242410837869023,0.254593175853018,0.186279185344399
"Additive + Recessive",0.4,4,"dominant",3,72,17.3444682115451,0,4.2391207244376,0.240895391827015,0,0.0588766767283
"Additive + Recessive + Dominant",0.4,4,"dominant",3,496,120.532510772386,126,93.51161475403,0.243009094299166,0.254032258064516,0.188531481358932
"Additive only",0.4,4,"dominant",3,63,15.2715519189254,0,3.74905971814844,0.242405586014689,0,0.0595088844150546
"Dominant only",0.4,4,"dominant",3,486,118.349265771922,143,100.363587139338,0.243517007761157,0.294238683127572,0.20650943855831
"Recessive + Dominant",0.4,4,"dominant",3,697,169.76450791556,179,131.547695742839,0.243564573766944,0.256814921090387,0.188734140233628
"Recessive only",0.4,4,"dominant",3,2,0.40599791181032,0,0.0824270307491929,0.20299895590516,0,0.0412135153745964
"Additive + Dominant",0.1,5,"dominant",3,181,43.3275529005521,39,29.8104170329482,0.239378745306918,0.215469613259669,0.164698436646123
"Additive + Recessive",0.1,5,"dominant",3,50,12.2178914013105,0,3.04157812248611,0.244357828026209,0,0.0608315624497221
"Additive + Recessive + Dominant",0.1,5,"dominant",3,164,39.5408556201075,33,26.7091150933341,0.241102778171387,0.201219512195122,0.162860457886184
"Additive only",0.1,5,"dominant",3,27,6.67391988860222,0,1.67178561465626,0.247182218096379,0,0.0619179857280097
"Dominant only",0.1,5,"dominant",3,55,13.1819850449811,15,10.4634481679772,0.239672455363293,0.272727272727273,0.190244512145039
"Recessive + Dominant",0.1,5,"dominant",3,109,25.2861460866126,26,19.8103026896243,0.231982991620299,0.238532110091743,0.181745896235085
"Recessive only",0.1,5,"dominant",3,10,2.36951367549531,0,0.566945377296302,0.236951367549531,0,0.0566945377296302
"Additive + Dominant",0.2,5,"dominant",3,688,166.749998628026,151,117.628603528454,0.242369184052364,0.219476744186047,0.170971807454148
"Additive + Recessive",0.2,5,"dominant",3,124,30.5740748984896,0,7.63834231685192,0.24656512014911,0,0.0615995348133219
"Additive + Recessive + Dominant",0.2,5,"dominant",3,652,154.945840971919,136,108.143570377659,0.237646995355705,0.208588957055215,0.165864371744875
"Additive only",0.2,5,"dominant",3,96,23.3253633740978,0,5.7341983885543,0.242972535146852,0,0.0597312332141073
"Dominant only",0.2,5,"dominant",3,242,59.0549810939683,81,55.7807610686258,0.244028847495737,0.334710743801653,0.230499012680272
"Recessive + Dominant",0.2,5,"dominant",3,471,114.40044863604,137,99.1003407827514,0.242888425978854,0.290870488322718,0.210404120557859
"Recessive only",0.2,5,"dominant",3,12,3.18933427542308,0,0.855313550916612,0.265777856285257,0,0.071276129243051
"Additive + Dominant",0.3,5,"dominant",3,1078,261.712501981084,222,177.529612374431,0.242775975863715,0.205936920222635,0.164684241534723
"Additive + Recessive",0.3,5,"dominant",3,160,38.3310646583398,0,9.30754214080048,0.239569154114624,0,0.058172138380003
"Additive + Recessive + Dominant",0.3,5,"dominant",3,972,236.761144988417,263,191.563525794122,0.243581424885203,0.270576131687243,0.197081816660619
"Additive only",0.3,5,"dominant",3,122,29.6871325447542,0,7.32441784540815,0.243337152006182,0,0.0600362118476078
"Dominant only",0.3,5,"dominant",3,425,103.578902056939,121,86.9757108139649,0.243715063663386,0.284705882352941,0.204648731326976
"Recessive + Dominant",0.3,5,"dominant",3,915,221.383204023399,284,198.856519717904,0.241948856856174,0.310382513661202,0.217329529746344
"Recessive only",0.3,5,"dominant",3,9,2.24252869361792,0,0.567379054770483,0.249169854846436,0,0.0630421171967204
"Additive + Dominant",0.4,5,"dominant",3,1239,302.940316154901,305,229.905648316061,0.24450388713067,0.246166263115416,0.185557423983907
"Additive + Recessive",0.4,5,"dominant",3,122,29.6400195763369,0,7.29799054084896,0.242950980133909,0,0.0598195945971226
"Additive + Recessive + Dominant",0.4,5,"dominant",3,1116,269.266876067356,239,190.105419058999,0.241278562784369,0.21415770609319,0.170345357579748
"Additive only",0.4,5,"dominant",3,81,19.8570358240361,0,4.9293928201615,0.245148590420199,0,0.0608567014834753
"Dominant only",0.4,5,"dominant",3,513,124.950741748837,146,105.085684919706,0.243568697366154,0.284600389863548,0.204845389707029
"Recessive + Dominant",0.4,5,"dominant",3,1038,251.909603850532,253,190.5679808065,0.24268747962479,0.24373795761079,0.183591503667149
"Recessive only",0.4,5,"dominant",3,13,3.05908334024541,0,0.728093687537271,0.235314103095801,0,0.0560072067336362
"Additive only",0.1,1,"recessive",3,1,0.269749545425775,0,0.072764817257412,0.269749545425775,0,0.072764817257412
"Dominant only",0.1,1,"recessive",3,1,0.298635596213171,0,0.0891832193255962,0.298635596213171,0,0.0891832193255962
"Recessive only",0.1,1,"recessive",3,164,39.7074494862563,37,28.454199147576,0.242118594428392,0.225609756097561,0.173501214314488
"Additive only",0.2,1,"recessive",3,0,0,0,0,NA,NA,NA
"Dominant only",0.2,1,"recessive",3,0,0,0,0,NA,NA,NA
"Recessive only",0.2,1,"recessive",3,147,36.0778969328968,39,28.6759397875229,0.245427870291815,0.26530612244898,0.195074420323285
"Additive only",0.3,1,"recessive",3,0,0,0,0,NA,NA,NA
"Dominant only",0.3,1,"recessive",3,0,0,0,0,NA,NA,NA
"Recessive only",0.3,1,"recessive",3,126,30.9294548953633,32,23.8474563624544,0.245471864248915,0.253968253968254,0.189265526686146
"Additive only",0.4,1,"recessive",3,0,0,0,0,NA,NA,NA
"Dominant only",0.4,1,"recessive",3,0,0,0,0,NA,NA,NA
"Recessive only",0.4,1,"recessive",3,111,27.6588937993603,25,19.5444589641626,0.24917922341766,0.225225225225225,0.176076206884348
"Additive + Dominant",0.1,2,"recessive",3,3,0.690660426171109,0,0.160657362574963,0.230220142057036,0,0.0535524541916544
"Additive + Recessive",0.1,2,"recessive",3,88,21.5295617547428,21,15.9282335242477,0.24465411084935,0.238636363636364,0.181002653684633
"Additive only",0.1,2,"recessive",3,4,0.970807427928918,0,0.240874621576945,0.242701856982229,0,0.0602186553942364
"Dominant only",0.1,2,"recessive",3,2,0.466174222208574,0,0.108837002898054,0.233087111104287,0,0.0544185014490271
"Recessive + Dominant",0.1,2,"recessive",3,96,23.164071738161,25,18.7425520205657,0.241292413939177,0.260416666666667,0.195234916880893
"Recessive only",0.1,2,"recessive",3,178,42.8689482574419,54,38.1893366864273,0.240836787963156,0.303370786516854,0.214546835317007
"Additive + Dominant",0.2,2,"recessive",3,3,0.748927540244307,0,0.189884219213666,0.249642513414769,0,0.0632947397378885
"Additive + Recessive",0.2,2,"recessive",3,128,31.1483985811589,34,24.6214397671922,0.243346863915304,0.265625,0.192354998181189
"Additive only",0.2,2,"recessive",3,3,0.703202249425742,0,0.168268752475067,0.234400749808581,0,0.0560895841583557
"Dominant only",0.2,2,"recessive",3,1,0.218886018561376,0,0.047911089121651,0.218886018561376,0,0.047911089121651
"Recessive + Dominant",0.2,2,"recessive",3,150,36.7192526847266,36,27.390271507491,0.244795017898177,0.24,0.18260181004994
"Recessive only",0.2,2,"recessive",3,257,62.7280900797797,67,48.8285657623015,0.244078171516652,0.260700389105058,0.189994419308566
"Additive + Dominant",0.3,2,"recessive",3,2,0.479689829512008,0,0.116877629117908,0.239844914756004,0,0.058438814558954
"Additive + Recessive",0.3,2,"recessive",3,111,26.8297550496261,28,20.6495065107529,0.241709504951586,0.252252252252252,0.186031590186963
"Additive only",0.3,2,"recessive",3,2,0.496779460397317,0,0.125633251319094,0.248389730198658,0,0.0628166256595469
"Dominant only",0.3,2,"recessive",3,6,1.59494561567434,0,0.429855281907021,0.265824269279057,0,0.0716425469845035
"Recessive + Dominant",0.3,2,"recessive",3,162,40.0024558839473,38,29.2366604051031,0.246928740024366,0.234567901234568,0.18047321237718
"Recessive only",0.3,2,"recessive",3,278,68.3450258193386,63,48.5782256036646,0.245845416616326,0.226618705035971,0.174741818718218
"Additive + Dominant",0.4,2,"recessive",3,2,0.492791736797588,0,0.124005246094617,0.246395868398794,0,0.0620026230473086
"Additive + Recessive",0.4,2,"recessive",3,114,27.401406556555,24,19.0369790962593,0.240363215408377,0.210526315789474,0.166991044704029
"Additive only",0.4,2,"recessive",3,3,0.723453629935996,0,0.17702306892082,0.241151209978665,0,0.0590076896402733
"Dominant only",0.4,2,"recessive",3,1,0.219122738248855,0,0.0480147744176761,0.219122738248855,0,0.0480147744176761
"Recessive + Dominant",0.4,2,"recessive",3,140,34.7785319537341,32,24.4362816974104,0.248418085383815,0.228571428571429,0.174544869267217
"Recessive only",0.4,2,"recessive",3,246,60.5644856703625,61,45.6982349738224,0.246197096220986,0.247967479674797,0.185765182820416
"Additive + Dominant",0.1,3,"recessive",3,1,0.227470973368789,0,0.0517430437253443,0.227470973368789,0,0.0517430437253443
"Additive + Recessive",0.1,3,"recessive",3,129,30.872779597263,33,24.4258866224473,0.239323872847,0.255813953488372,0.189347958313545
"Additive + Recessive + Dominant",0.1,3,"recessive",3,36,8.85254716563062,14,9.34287611223098,0.245904087934184,0.388888888888889,0.259524336450861
"Additive only",0.1,3,"recessive",3,2,0.429322074859563,0,0.0924516532162165,0.214661037429782,0,0.0462258266081083
"Dominant only",0.1,3,"recessive",3,3,0.703318329923773,0,0.166629045640871,0.234439443307924,0,0.0555430152136236
"Recessive + Dominant",0.1,3,"recessive",3,138,33.5956756273626,47,32.295439506888,0.243446924835961,0.340579710144928,0.234024923962957
"Recessive only",0.1,3,"recessive",3,143,34.373407828311,43,30.6775435440896,0.24037348131686,0.300699300699301,0.214528276532095
"Additive + Dominant",0.2,3,"recessive",3,8,1.97574883418621,0,0.491090166658539,0.246968604273276,0,0.0613862708323173
"Additive + Recessive",0.2,3,"recessive",3,346,83.541722652044,91,67.4376507704531,0.241450065468335,0.263005780346821,0.194906505116916
"Additive + Recessive + Dominant",0.2,3,"recessive",3,94,23.0304208231155,26,19.0468781347595,0.245004476841654,0.276595744680851,0.202626363135739
"Additive only",0.2,3,"recessive",3,4,0.92886097549639,0,0.21870599032042,0.232215243874098,0,0.054676497580105
"Dominant only",0.2,3,"recessive",3,6,1.4144728263048,0,0.335383262223012,0.235745471050801,0,0.055897210370502
"Recessive + Dominant",0.2,3,"recessive",3,349,84.830817392456,92,67.9169862087257,0.243068244677524,0.263610315186246,0.194604545010675
"Recessive only",0.2,3,"recessive",3,334,81.5359074231724,85,63.9258103731964,0.244119483302911,0.254491017964072,0.191394641835917
"Additive + Dominant",0.3,3,"recessive",3,7,1.58531393700258,0,0.362330165125702,0.226473419571798,0,0.0517614521608146
"Additive + Recessive",0.3,3,"recessive",3,377,91.4213766153887,85,65.2959985160696,0.24249702019997,0.225464190981432,0.173198935055887
"Additive + Recessive + Dominant",0.3,3,"recessive",3,112,26.8582968733389,23,18.3000184488878,0.239806222083383,0.205357142857143,0.16339302186507
"Additive only",0.3,3,"recessive",3,5,1.23893377969956,0,0.310111669084052,0.247786755939911,0,0.0620223338168105
"Dominant only",0.3,3,"recessive",3,2,0.471635569536364,0,0.113737484995812,0.235817784768182,0,0.0568687424979059
"Recessive + Dominant",0.3,3,"recessive",3,415,99.086985724198,92,71.9029062585762,0.238763821022164,0.221686746987952,0.173260015080906
"Recessive only",0.3,3,"recessive",3,375,90.1851067891211,85,65.4926513022924,0.240493618104323,0.226666666666667,0.174647070139446
"Additive + Dominant",0.4,3,"recessive",3,7,1.59993517542433,0,0.372566195053913,0.228562167917761,0,0.053223742150559
"Additive + Recessive",0.4,3,"recessive",3,399,96.1754948033662,90,69.5713459331645,0.241041340359314,0.225563909774436,0.174364275521716
"Additive + Recessive + Dominant",0.4,3,"recessive",3,122,29.3378369334593,25,20.0528367949486,0.240474073225076,0.204918032786885,0.164367514712694
"Additive only",0.4,3,"recessive",3,4,1.08968111380075,0,0.298453536425807,0.272420278450188,0,0.0746133841064517
"Dominant only",0.4,3,"recessive",3,1,0.274228753524387,0,0.0752014092595388,0.274228753524387,0,0.0752014092595388
"Recessive + Dominant",0.4,3,"recessive",3,423,102.337178632348,88,70.3919907611303,0.241931864379074,0.208037825059102,0.166411325676431
"Recessive only",0.4,3,"recessive",3,400,96.6251123145914,84,66.5583310773701,0.241562780786478,0.21,0.166395827693425
"Additive + Dominant",0.1,4,"recessive",3,27,6.09574488213743,0,1.39305491118771,0.225768328968053,0,0.0515946263402855
"Additive + Recessive",0.1,4,"recessive",3,160,38.8721956481611,27,23.4556435665049,0.242951222801007,0.16875,0.146597772290655
"Additive + Recessive + Dominant",0.1,4,"recessive",3,124,29.3707027296747,28,21.8206613888819,0.236860505884473,0.225806451612903,0.175973075716789
"Additive only",0.1,4,"recessive",3,10,2.27008125585529,0,0.521987270470475,0.227008125585529,0,0.0521987270470475
"Dominant only",0.1,4,"recessive",3,12,2.57162483992729,0,0.553570280839776,0.214302069993941,0,0.046130856736648
"Recessive + Dominant",0.1,4,"recessive",3,142,34.2398209068284,31,23.7295579278045,0.241125499343862,0.21830985915493,0.167109562871863
"Recessive only",0.1,4,"recessive",3,113,27.3094836830301,27,20.2920566271777,0.241676846752479,0.238938053097345,0.179575722364404
"Additive + Dominant",0.2,4,"recessive",3,19,4.72304168360106,0,1.19108021311966,0.248581141242161,0,0.062688432269456
"Additive + Recessive",0.2,4,"recessive",3,570,136.745100860721,151,110.420971167183,0.239903685720564,0.264912280701754,0.193721002047689
"Additive + Recessive + Dominant",0.2,4,"recessive",3,348,83.8845789090783,95,69.1979072468455,0.241047640543328,0.272988505747126,0.198844561054154
"Additive only",0.2,4,"recessive",3,3,0.855035614478627,0,0.244834927989399,0.285011871492876,0,0.0816116426631331
"Dominant only",0.2,4,"recessive",3,6,1.45264526057268,0,0.354148006877701,0.24210754342878,0,0.0590246678129502
"Recessive + Dominant",0.2,4,"recessive",3,570,138.501038764482,148,110.040825584781,0.242984278534179,0.259649122807018,0.1930540799733
"Recessive only",0.2,4,"recessive",3,369,89.1662450870568,98,72.6079556530967,0.24164294061533,0.265582655826558,0.196769527515167
"Additive + Dominant",0.3,4,"recessive",3,19,4.50857727391237,0,1.08887551820477,0.23729354073223,0,0.0573092378002512
"Additive + Recessive",0.3,4,"recessive",3,823,198.831824342809,195,148.826540761699,0.241593954243997,0.236938031591738,0.180834192906074
"Additive + Recessive + Dominant",0.3,4,"recessive",3,474,115.791209917945,126,92.3293076963631,0.244285252991444,0.265822784810127,0.194787568979669
"Additive only",0.3,4,"recessive",3,2,0.506565832916484,0,0.129664186396081,0.253282916458242,0,0.0648320931980403
"Dominant only",0.3,4,"recessive",3,9,2.16765255031222,0,0.529377254543664,0.240850283368024,0,0.058819694949296
"Recessive + Dominant",0.3,4,"recessive",3,781,187.609989986822,199,148.024639837314,0.240217656833319,0.254801536491677,0.189532189292336
"Recessive only",0.3,4,"recessive",3,525,126.624579111776,132,99.1364345790686,0.241189674498621,0.251428571428571,0.188831303960131
"Additive + Dominant",0.4,4,"recessive",3,9,2.23718527689223,0,0.564394083411825,0.248576141876915,0,0.062710453712425
"Additive + Recessive",0.4,4,"recessive",3,797,194.948578517172,194,146.37753117084,0.244602984337732,0.243412797992472,0.183660641368683
"Additive + Recessive + Dominant",0.4,4,"recessive",3,449,106.673764769156,104,80.1872962168333,0.237580767860037,0.23162583518931,0.178590860171121
"Additive only",0.4,4,"recessive",3,1,0.230410141938753,0,0.0530888335082363,0.230410141938753,0,0.0530888335082363
"Dominant only",0.4,4,"recessive",3,6,1.56209424007555,0,0.411866731781202,0.260349040012591,0,0.068644455296867
"Recessive + Dominant",0.4,4,"recessive",3,781,187.967350670211,187,141.956408684306,0.240675224929847,0.23943661971831,0.181762367073375
"Recessive only",0.4,4,"recessive",3,510,123.829303949281,122,92.6359185849835,0.242802556763296,0.23921568627451,0.181639056048987
"Additive + Dominant",0.1,5,"recessive",3,15,3.79974194765588,0,0.976136784158127,0.253316129843725,0,0.0650757856105418
"Additive + Recessive",0.1,5,"recessive",3,175,42.6137683737524,45,32.7301517620905,0.243507247850014,0.257142857142857,0.187029438640517
"Additive + Recessive + Dominant",0.1,5,"recessive",3,169,40.429488699952,40,30.3876213001338,0.239227743786698,0.236686390532544,0.179808410059963
"Additive only",0.1,5,"recessive",3,3,0.766579173657514,0,0.196974833282475,0.255526391219171,0,0.065658277760825
"Dominant only",0.1,5,"recessive",3,3,0.684346139540439,0,0.158138684424107,0.228115379846813,0,0.0527128948080356
"Recessive + Dominant",0.1,5,"recessive",3,175,41.8280615175369,26,23.4417905785649,0.239017494385925,0.148571428571429,0.133953089020371
"Recessive only",0.1,5,"recessive",3,83,20.0088320437499,18,13.9256203634234,0.241070265587348,0.216867469879518,0.167778558595463
"Additive + Dominant",0.2,5,"recessive",3,28,6.71376385424367,0,1.6299333202287,0.239777280508703,0,0.0582119042938821
"Additive + Recessive",0.2,5,"recessive",3,637,155.906840554706,163,121.979860868631,0.244751712016806,0.255886970172684,0.191491147360488
"Additive + Recessive + Dominant",0.2,5,"recessive",3,598,145.810752512698,134,103.675385471106,0.243830689820566,0.224080267558528,0.173370209817903
"Additive only",0.2,5,"recessive",3,8,1.95063482646472,0,0.479931501506035,0.24382935330809,0,0.0599914376882544
"Dominant only",0.2,5,"recessive",3,5,1.37793031351885,0,0.383755438959499,0.275586062703771,0,0.0767510877918998
"Recessive + Dominant",0.2,5,"recessive",3,698,167.916835859095,157,121.533408630217,0.24056853274942,0.224928366762178,0.174116631275382
"Recessive only",0.2,5,"recessive",3,347,84.1666263938279,88,66.2755299016328,0.24255511929057,0.253602305475504,0.190995763405282
"Additive + Dominant",0.3,5,"recessive",3,32,7.57554649030059,0,1.81683837965547,0.236735827821894,0,0.0567761993642334
"Additive + Recessive",0.3,5,"recessive",3,1086,266.188172965486,276,206.732451195971,0.245108814885346,0.25414364640884,0.190361373108629
"Additive + Recessive + Dominant",0.3,5,"recessive",3,1032,253.53863399288,252,190.721865894974,0.245676970923333,0.244186046511628,0.184808009588153
"Additive only",0.3,5,"recessive",3,6,1.45375556702306,0,0.354088192366975,0.242292594503844,0,0.0590146987278291
"Dominant only",0.3,5,"recessive",3,6,1.39421684756877,0,0.326646156967098,0.232369474594796,0,0.054441026161183
"Recessive + Dominant",0.3,5,"recessive",3,1174,286.656047821915,269,207.39879372957,0.244170398485447,0.229131175468484,0.176659960587368
"Recessive only",0.3,5,"recessive",3,568,138.801156376265,133,101.833841302822,0.244368233056805,0.234154929577465,0.179284931871165
"Additive + Dominant",0.4,5,"recessive",3,15,3.65438321630866,0,0.901662383797431,0.24362554775391,0,0.0601108255864954
"Additive + Recessive",0.4,5,"recessive",3,1197,291.867535132003,281,215.114212662408,0.24383252726149,0.234753550543024,0.179711121689564
"Additive + Recessive + Dominant",0.4,5,"recessive",3,1140,277.44771785747,274,208.515008170262,0.243375191103044,0.240350877192982,0.182907901903738
"Additive only",0.4,5,"recessive",3,2,0.479702340188564,0,0.115116888722895,0.239851170094282,0,0.0575584443614477
"Dominant only",0.4,5,"recessive",3,5,1.27067045092394,0,0.326156238297885,0.254134090184789,0,0.0652312476595769
"Recessive + Dominant",0.4,5,"recessive",3,1313,325.0029468846,311,236.635691482676,0.247526996865651,0.236862147753237,0.180225202957103
"Recessive only",0.4,5,"recessive",3,644,156.729797165158,146,113.120184579048,0.243369250256457,0.226708074534162,0.175652460526472
"Additive only",0.1,1,"additive",4,50,17.4116143491455,27,14.1722658591064,0.348232286982911,0.54,0.283445317182129
"Dominant only",0.1,1,"additive",4,11,3.6966591047036,0,1.24810566624718,0.336059918609418,0,0.113464151477016
"Recessive only",0.1,1,"additive",4,0,0,0,0,NA,NA,NA
"Additive only",0.2,1,"additive",4,55,19.0973869060342,19,12.3622302044676,0.347225216473349,0.345454545454545,0.22476782189941
"Dominant only",0.2,1,"additive",4,1,0.334980382368544,0,0.112211856571776,0.334980382368544,0,0.112211856571776
"Recessive only",0.2,1,"additive",4,0,0,0,0,NA,NA,NA
"Additive only",0.3,1,"additive",4,61,21.076424092852,23,14.2666242020851,0.345515149063148,0.377049180327869,0.233879085280083
"Dominant only",0.3,1,"additive",4,6,2.12690298052416,0,0.758085863837145,0.35448383008736,0,0.126347643972858
"Recessive only",0.3,1,"additive",4,0,0,0,0,NA,NA,NA
"Additive only",0.4,1,"additive",4,72,23.8666765051568,27,17.0098566447992,0.331481618127178,0.375,0.236248008955545
"Dominant only",0.4,1,"additive",4,1,0.335730144176271,0,0.11271472970862,0.335730144176271,0,0.11271472970862
"Recessive only",0.4,1,"additive",4,0,0,0,0,NA,NA,NA
"Additive + Dominant",0.1,2,"additive",4,41,14.5209518236989,11,8.10339871848084,0.354169556675583,0.268292682926829,0.197643871182459
"Additive + Recessive",0.1,2,"additive",4,27,9.19577213629423,13,7.20742281499903,0.340584153196082,0.481481481481481,0.266941585740705
"Additive only",0.1,2,"additive",4,62,21.3134437150488,25,15.2747733868521,0.343765221210465,0.403225806451613,0.246367312691162
"Dominant only",0.1,2,"additive",4,19,6.55103026906036,0,2.27116217284362,0.34479106679265,0,0.119534851202296
"Recessive + Dominant",0.1,2,"additive",4,6,2.14195027777253,0,0.768142004887304,0.356991712962089,0,0.128023667481217
"Recessive only",0.1,2,"additive",4,1,0.353804671871922,0,0.125177745838399,0.353804671871922,0,0.125177745838399
"Additive + Dominant",0.2,2,"additive",4,56,19.8206813182201,21,13.0678350124733,0.353940737825359,0.375,0.233354196651309
"Additive + Recessive",0.2,2,"additive",4,67,22.7986270280647,27,16.1035223379123,0.340278015344249,0.402985074626866,0.240351079670333
"Additive only",0.2,2,"additive",4,96,33.4776477266767,42,24.3302766040815,0.348725497152882,0.4375,0.253440381292515
"Dominant only",0.2,2,"additive",4,19,6.21937803516396,0,2.04496140041617,0.327335686061261,0,0.107629547390325
"Recessive + Dominant",0.2,2,"additive",4,7,2.39353677107521,0,0.819296496106694,0.341933824439316,0,0.117042356586671
"Recessive only",0.2,2,"additive",4,1,0.33765806270931,0,0.114012967312604,0.33765806270931,0,0.114012967312604
"Additive + Dominant",0.3,2,"additive",4,63,21.3227754598665,28,16.1689963870268,0.338456753331215,0.444444444444444,0.256650736302013
"Additive + Recessive",0.3,2,"additive",4,93,31.4128523368503,27,19.3460337842699,0.337772605772584,0.290322580645161,0.208021868648064
"Additive only",0.3,2,"additive",4,103,35.4287310807833,39,24.0435008498916,0.343968262920226,0.378640776699029,0.233432047086327
"Dominant only",0.3,2,"additive",4,10,3.57302512124436,0,1.28419076526692,0.357302512124436,0,0.128419076526692
"Recessive + Dominant",0.3,2,"additive",4,8,2.79949753350646,0,0.985825329232592,0.349937191688307,0,0.123228166154074
"Recessive only",0.3,2,"additive",4,0,0,0,0,NA,NA,NA
"Additive + Dominant",0.4,2,"additive",4,37,12.8703860326599,11,7.59566851302626,0.347848271152971,0.297297297297297,0.205288338189899
"Additive + Recessive",0.4,2,"additive",4,80,27.5094142597689,24,17.1393106346278,0.343867678247111,0.3,0.214241382932847
"Additive only",0.4,2,"additive",4,95,32.4081018984968,34,21.835435309295,0.341137914721019,0.357894736842105,0.229846687466263
"Dominant only",0.4,2,"additive",4,9,3.07919259236814,0,1.05971157323125,0.342132510263127,0,0.117745730359027
"Recessive + Dominant",0.4,2,"additive",4,3,0.973421656457993,0,0.315849907087141,0.324473885485998,0,0.10528330236238
"Recessive only",0.4,2,"additive",4,0,0,0,0,NA,NA,NA
"Additive + Dominant",0.1,3,"additive",4,59,20.4926588848799,15,11.8500521601744,0.347333201438643,0.254237288135593,0.20084834169787
"Additive + Recessive",0.1,3,"additive",4,43,14.4627296600153,17,10.1568828753299,0.336342550232915,0.395348837209302,0.236206578496044
"Additive + Recessive + Dominant",0.1,3,"additive",4,15,5.24814594355672,5,3.59078079241453,0.349876396237115,0.333333333333333,0.239385386160968
"Additive only",0.1,3,"additive",4,45,15.2044973774133,19,11.3270079990727,0.337877719498074,0.422222222222222,0.251711288868282
"Dominant only",0.1,3,"additive",4,15,5.2410132316877,0,1.84075450883971,0.349400882112513,0,0.122716967255981
"Recessive + Dominant",0.1,3,"additive",4,15,5.45314413155567,0,1.98893220650693,0.363542942103711,0,0.132595480433796
"Recessive only",0.1,3,"additive",4,1,0.332789485697136,0,0.110748841790564,0.332789485697136,0,0.110748841790564
"Additive + Dominant",0.2,3,"additive",4,162,55.566560066275,51,35.7590386137855,0.343003457199228,0.314814814814815,0.220734806257935
"Additive + Recessive",0.2,3,"additive",4,128,43.1409005428326,47,30.3077537788978,0.33703828549088,0.3671875,0.236779326397639
"Additive + Recessive + Dominant",0.2,3,"additive",4,48,16.4658016646683,17,10.9883603227842,0.343037534680589,0.354166666666667,0.228924173391338
"Additive only",0.2,3,"additive",4,137,46.8693721135418,57,33.7339880733533,0.342112205208335,0.416058394160584,0.24623348958652
"Dominant only",0.2,3,"additive",4,26,9.07362215798963,0,3.180779780996,0.348985467614986,0,0.122337683884462
"Recessive + Dominant",0.2,3,"additive",4,25,8.51624808183502,0,2.92116375424813,0.340649923273401,0,0.116846550169925
"Recessive only",0.2,3,"additive",4,0,0,0,0,NA,NA,NA
"Additive + Dominant",0.3,3,"additive",4,195,67.208410414227,69,43.8735801611431,0.344658514944754,0.353846153846154,0.224992718775093
"Additive + Recessive",0.3,3,"additive",4,204,70.4496554368745,73,46.3737096572642,0.345341448219973,0.357843137254902,0.22732210616306
"Additive + Recessive + Dominant",0.3,3,"additive",4,89,30.6751617778731,23,17.3053787338677,0.344664739077226,0.258426966292135,0.194442457683907
"Additive only",0.3,3,"additive",4,182,61.7509480986382,70,43.7361399112805,0.339290923618891,0.384615384615385,0.240308461050992
"Dominant only",0.3,3,"additive",4,23,8.08403188795384,0,2.86102812733428,0.351479647302341,0,0.124392527275403
"Recessive + Dominant",0.3,3,"additive",4,27,9.2289091629434,0,3.18311335864651,0.341811450479385,0,0.117893087357278
"Recessive only",0.3,3,"additive",4,3,0.979491109785412,0,0.319908989310244,0.326497036595137,0,0.106636329770081
"Additive + Dominant",0.4,3,"additive",4,242,83.7480615567624,84,54.5980318805225,0.346066370069266,0.347107438016529,0.22561170198563
"Additive + Recessive",0.4,3,"additive",4,200,69.1794714152509,72,46.1883516475784,0.345897357076255,0.36,0.230941758237892
"Additive + Recessive + Dominant",0.4,3,"additive",4,81,27.7388878852471,25,17.5486797011761,0.342455405990705,0.308641975308642,0.216650366681187
"Additive only",0.4,3,"additive",4,200,68.5642028282009,77,47.5308810073521,0.342821014141005,0.385,0.237654405036761
"Dominant only",0.4,3,"additive",4,19,6.62259020008102,0,2.32098655981261,0.348557378951633,0,0.122157187358558
"Recessive + Dominant",0.4,3,"additive",4,14,4.86511215646862,0,1.70019630938093,0.34750801117633,0,0.121442593527209
"Recessive only",0.4,3,"additive",4,2,0.756448525481421,0,0.286107185851508,0.378224262740711,0,0.143053592925754
"Additive + Dominant",0.1,4,"additive",4,78,26.9752310859953,11,12.888386628395,0.345836295974299,0.141025641025641,0.165235726005064
"Additive + Recessive",0.1,4,"additive",4,60,19.8544773732313,15,11.4214198676621,0.330907956220521,0.25,0.190356997794369
"Additive + Recessive + Dominant",0.1,4,"additive",4,66,22.1728283529241,11,11.0442031683715,0.335951944741275,0.166666666666667,0.167336411641992
"Additive only",0.1,4,"additive",4,39,13.4128235523648,10,7.82445790666154,0.343918552624739,0.256410256410256,0.200627125811834
"Dominant only",0.1,4,"additive",4,8,2.82864002441478,0,1.00405505870345,0.353580003051847,0,0.125506882337931
"Recessive + Dominant",0.1,4,"additive",4,27,9.22425314739859,0,3.16841117682622,0.341639005459207,0,0.117348562104675
"Recessive only",0.1,4,"additive",4,3,1.04629593894821,0,0.366833902997524,0.348765312982737,0,0.122277967665841
"Additive + Dominant",0.2,4,"additive",4,264,90.9848995862595,96,62.2913501379631,0.344639771160074,0.363636363636364,0.235952083855921
"Additive + Recessive",0.2,4,"additive",4,184,62.717569928544,59,39.8426030869188,0.340856358307304,0.320652173913043,0.21653588634195
"Additive + Recessive + Dominant",0.2,4,"additive",4,178,60.9563114074334,46,34.9268791270618,0.34245118768221,0.258426966292135,0.196218422062145
"Additive only",0.2,4,"additive",4,146,50.7032286873997,58,35.233623433561,0.347282388269861,0.397260273972603,0.241326187901103
"Dominant only",0.2,4,"additive",4,36,12.3827704357554,0,4.28524730755461,0.34396584543765,0,0.119034647432072
"Recessive + Dominant",0.2,4,"additive",4,67,22.8373555107701,0,7.82793911678701,0.340856052399554,0,0.116834912190851
"Recessive only",0.2,4,"additive",4,7,2.52970341590697,0,0.916529889299391,0.361386202272425,0,0.130932841328484
"Additive + Dominant",0.3,4,"additive",4,335,114.205199613676,104,72.2852437693508,0.340911043622913,0.31044776119403,0.215776847072689
"Additive + Recessive",0.3,4,"additive",4,378,130.934563016076,129,85.7921442977409,0.346387732846763,0.341269841269841,0.226963344703018
"Additive + Recessive + Dominant",0.3,4,"additive",4,305,104.724221149297,94,65.8950455034824,0.343358102128843,0.308196721311475,0.216049329519614
"Additive only",0.3,4,"additive",4,211,72.069119101546,88,51.5372942051806,0.341559806168464,0.417061611374408,0.244252579171472
"Dominant only",0.3,4,"additive",4,50,17.1000618230967,0,5.87967029074558,0.342001236461934,0,0.117593405814912
"Recessive + Dominant",0.3,4,"additive",4,57,19.7154247097356,0,6.87326387442448,0.345884644030449,0,0.120583576744289
"Recessive only",0.3,4,"additive",4,2,0.645062864533851,0,0.208180740463416,0.322531432266925,0,0.104090370231708
"Additive + Dominant",0.4,4,"additive",4,376,129.399299079723,146,89.2160408481335,0.34414707202054,0.388297872340426,0.237276704383334
"Additive + Recessive",0.4,4,"additive",4,407,139.53956408206,157,96.5522201850036,0.342849051798672,0.385749385749386,0.237229042223596
"Additive + Recessive + Dominant",0.4,4,"additive",4,333,115.00703786356,107,72.1548484790932,0.345366480070751,0.321321321321321,0.216681226663944
"Additive only",0.4,4,"additive",4,241,82.9968456304383,95,58.1016116503084,0.344385251578582,0.394190871369295,0.241085525519952
"Dominant only",0.4,4,"additive",4,30,10.2611360732408,0,3.53432354482049,0.342037869108026,0,0.11781078482735
"Recessive + Dominant",0.4,4,"additive",4,49,16.9639313011804,0,5.9181399999959,0.346202679615926,0,0.120778367346855
"Recessive only",0.4,4,"additive",4,0,0,0,0,NA,NA,NA
"Additive + Dominant",0.1,5,"additive",4,59,20.1932155492397,20,13.4234192552222,0.342257890665079,0.338983050847458,0.227515580596986
"Additive + Recessive",0.1,5,"additive",4,36,12.1542506670266,12,7.78640916046739,0.337618074084071,0.333333333333333,0.216289143346316
"Additive + Recessive + Dominant",0.1,5,"additive",4,81,28.4938753306119,8,12.3820319833708,0.35177623864953,0.0987654320987654,0.152864592387293
"Additive only",0.1,5,"additive",4,24,8.12746910244468,8,5.16112675177427,0.338644545935195,0.333333333333333,0.215046947990595
"Dominant only",0.1,5,"additive",4,5,1.74274155393231,0,0.612852519944899,0.348548310786462,0,0.12257050398898
"Recessive + Dominant",0.1,5,"additive",4,28,9.78609585854417,0,3.44255663815412,0.349503423519435,0,0.122948451362647
"Recessive only",0.1,5,"additive",4,2,0.700540543582087,0,0.245424354368818,0.350270271791044,0,0.122712177184409
"Additive + Dominant",0.2,5,"additive",4,303,104.594257306531,96,65.754600498916,0.345195568668419,0.316831683168317,0.217011882834706
"Additive + Recessive",0.2,5,"additive",4,213,72.119667342489,65,44.7522250410819,0.338589987523423,0.305164319248826,0.210104342915877
"Additive + Recessive + Dominant",0.2,5,"additive",4,308,105.930468227579,75,59.2533859688016,0.343930091647984,0.243506493506494,0.19238112327533
"Additive only",0.2,5,"additive",4,115,39.6924353119215,51,29.8024468429621,0.345151611408013,0.443478260869565,0.259151711677931
"Dominant only",0.2,5,"additive",4,37,12.7668863387716,0,4.44000297812423,0.345050982128963,0,0.120000080489844
"Recessive + Dominant",0.2,5,"additive",4,94,32.3811639654414,0,11.2207366236366,0.344480467717461,0,0.119369538549326
"Recessive only",0.2,5,"additive",4,6,2.11912355549442,0,0.752016755492432,0.35318725924907,0,0.125336125915405
"Additive + Dominant",0.3,5,"additive",4,538,187.649686201042,173,115.701514171202,0.3487912382919,0.321561338289963,0.215058576526398
"Additive + Recessive",0.3,5,"additive",4,419,144.628660632355,135,91.3228911796401,0.345175801031874,0.322195704057279,0.217954394223485
"Additive + Recessive + Dominant",0.3,5,"additive",4,513,176.700896798395,139,104.116674096381,0.344446192589465,0.270955165692008,0.202956479720041
"Additive only",0.3,5,"additive",4,213,74.1831437041337,72,47.0673052744968,0.348277669972459,0.338028169014085,0.220973264199516
"Dominant only",0.3,5,"additive",4,60,20.9355388505724,0,7.36052075511358,0.34892564750954,0,0.12267534591856
"Recessive + Dominant",0.3,5,"additive",4,87,30.2640701295912,0,10.5912277489723,0.347862875052772,0,0.121738249988188
"Recessive only",0.3,5,"additive",4,2,0.729885402413719,0,0.266366350417364,0.36494270120686,0,0.133183175208682
"Additive + Dominant",0.4,5,"additive",4,575,197.583039769914,188,125.68948547432,0.34362267786072,0.32695652173913,0.218590409520556
"Additive + Recessive",0.4,5,"additive",4,580,197.618611020534,195,130.791128001866,0.340721743138851,0.336206896551724,0.225501944830804
"Additive + Recessive + Dominant",0.4,5,"additive",4,718,245.387874977459,217,151.73943233935,0.341765842586991,0.302228412256267,0.211336256740042
"Additive only",0.4,5,"additive",4,246,84.9428840910123,104,61.0422870783345,0.345296276792733,0.422764227642276,0.248139378367213
"Dominant only",0.4,5,"additive",4,57,19.3824395963161,0,6.62774629256532,0.340042799935371,0,0.11627625074676
"Recessive + Dominant",0.4,5,"additive",4,74,25.3069348595967,0,8.7128068363651,0.341985606210767,0,0.117740632923853
"Recessive only",0.4,5,"additive",4,4,1.29312565329085,0,0.418347456128907,0.323281413322711,0,0.104586864032227
"Additive only",0.1,1,"dominant",4,6,2.05575995864668,0,0.713045466499147,0.342626659774446,0,0.118840911083191
"Dominant only",0.1,1,"dominant",4,52,17.6788263357988,20,12.3122832637455,0.339977429534592,0.384615384615385,0.236774678148953
"Recessive only",0.1,1,"dominant",4,0,0,0,0,NA,NA,NA
"Additive only",0.2,1,"dominant",4,6,2.05234819365901,0,0.70430579587626,0.342058032276502,0,0.11738429931271
"Dominant only",0.2,1,"dominant",4,54,18.7702940857767,19,11.9667511048432,0.347598038625494,0.351851851851852,0.221606501941541
"Recessive only",0.2,1,"dominant",4,0,0,0,0,NA,NA,NA
"Additive only",0.3,1,"dominant",4,3,1.02771641422884,0,0.352069688029344,0.34257213807628,0,0.117356562676448
"Dominant only",0.3,1,"dominant",4,48,16.1803815218598,17,11.0748235382541,0.337091281705413,0.354166666666667,0.230725490380295
"Recessive only",0.3,1,"dominant",4,0,0,0,0,NA,NA,NA
"Additive only",0.4,1,"dominant",4,2,0.724163426585922,0,0.262301042038078,0.362081713292961,0,0.131150521019039
"Dominant only",0.4,1,"dominant",4,58,19.3897908819014,20,13.3426597216235,0.334306739343127,0.344827586206897,0.23004585726937
"Recessive only",0.4,1,"dominant",4,0,0,0,0,NA,NA,NA
"Additive + Dominant",0.1,2,"dominant",4,40,13.4035761006822,15,9.77526698370395,0.335089402517055,0.375,0.244381674592599
"Additive + Recessive",0.1,2,"dominant",4,11,3.73821821842292,0,1.27535507438332,0.339838019856629,0,0.115941370398484
"Additive only",0.1,2,"dominant",4,17,5.88022395627086,0,2.05177771253749,0.345895526839462,0,0.120692806619853
"Dominant only",0.1,2,"dominant",4,61,21.1369774076142,29,16.1643036468416,0.346507826354331,0.475409836065574,0.264988584374452
"Recessive + Dominant",0.1,2,"dominant",4,27,9.31722837675789,12,7.03887301956495,0.345082532472515,0.444444444444444,0.260699000724628
"Recessive only",0.1,2,"dominant",4,1,0.307734335454749,0,0.0947004212177763,0.307734335454749,0,0.0947004212177763
"Additive + Dominant",0.2,2,"dominant",4,57,19.8313655960168,18,12.0993038950695,0.347918694666962,0.315789473684211,0.212268489387184
"Additive + Recessive",0.2,2,"dominant",4,5,1.77001496436879,0,0.629511237604551,0.354002992873759,0,0.12590224752091
"Additive only",0.2,2,"dominant",4,21,7.07004911745118,0,2.39208203373473,0.336669005592914,0,0.113908668273082
"Dominant only",0.2,2,"dominant",4,97,33.5494405250934,46,25.6025135783966,0.345870520877252,0.474226804123711,0.263943438952543
"Recessive + Dominant",0.2,2,"dominant",4,68,22.9178653238125,24,15.3902739517834,0.337027431232537,0.352941176470588,0.226327558114462
"Recessive only",0.2,2,"dominant",4,1,0.328505841428902,0,0.107916087852911,0.328505841428902,0,0.107916087852911
"Additive + Dominant",0.3,2,"dominant",4,66,22.7015694108825,19,13.5659076255919,0.343963172892159,0.287878787878788,0.20554405493321
"Additive + Recessive",0.3,2,"dominant",4,2,0.60921534423385,0,0.185590538776361,0.304607672116925,0,0.0927952693881805
"Additive only",0.3,2,"dominant",4,18,6.44880347689198,0,2.32870639664624,0.358266859827332,0,0.129372577591458
"Dominant only",0.3,2,"dominant",4,129,44.2477687956773,53,31.3753684624992,0.343005959656413,0.410852713178295,0.243219910562009
"Recessive + Dominant",0.3,2,"dominant",4,69,23.6475044789338,22,14.9746878571768,0.342717456216432,0.318840579710145,0.217024461698214
"Recessive only",0.3,2,"dominant",4,1,0.381801449611575,0,0.1457723469255,0.381801449611575,0,0.1457723469255
"Additive + Dominant",0.4,2,"dominant",4,69,22.9497323672065,23,15.3948103876052,0.332604816916037,0.333333333333333,0.223113194023264
"Additive + Recessive",0.4,2,"dominant",4,8,2.83187886721975,0,1.00537298741425,0.353984858402469,0,0.125671623426781
"Additive only",0.4,2,"dominant",4,6,1.97444536661018,0,0.654181468890056,0.329074227768363,0,0.109030244815009
"Dominant only",0.4,2,"dominant",4,125,42.4306823912024,44,28.6892809687157,0.339445459129619,0.352,0.229514247749725
"Recessive + Dominant",0.4,2,"dominant",4,78,26.5231088716707,29,17.9869327941799,0.340039857329111,0.371794871794872,0.230601702489486
"Recessive only",0.4,2,"dominant",4,1,0.395682559302092,0,0.156564687735854,0.395682559302092,0,0.156564687735854
"Additive + Dominant",0.1,3,"dominant",4,54,18.7670383767696,18,11.7618225775253,0.347537747717956,0.333333333333333,0.217811529213432
"Additive + Recessive",0.1,3,"dominant",4,14,4.77197206013267,0,1.63567681861269,0.340855147152334,0,0.116834058472335
"Additive + Recessive + Dominant",0.1,3,"dominant",4,17,5.57436627120315,4,3.04634652155675,0.327903898306068,0.235294117647059,0.179196854209221
"Additive only",0.1,3,"dominant",4,20,6.90192935607223,0,2.39628350627647,0.345096467803611,0,0.119814175313823
"Dominant only",0.1,3,"dominant",4,39,13.619799804095,21,10.7139601564978,0.349225636002435,0.538461538461538,0.274716927089688
"Recessive + Dominant",0.1,3,"dominant",4,22,7.45169212676299,7,4.51771394638412,0.338713278489227,0.318181818181818,0.205350633926551
"Recessive only",0.1,3,"dominant",4,0,0,0,0,NA,NA,NA
"Additive + Dominant",0.2,3,"dominant",4,161,55.7818897585112,61,37.8650391069434,0.346471364959697,0.37888198757764,0.235186578303996
"Additive + Recessive",0.2,3,"dominant",4,30,10.0107621643307,0,3.35917933321194,0.333692072144357,0,0.111972644440398
"Additive + Recessive + Dominant",0.2,3,"dominant",4,39,13.6918292809273,16,9.5615488739925,0.351072545664803,0.41025641025641,0.245167919845962
"Additive only",0.2,3,"dominant",4,26,8.96847864167174,0,3.11875688504816,0.344941486218144,0,0.119952187886468
"Dominant only",0.2,3,"dominant",4,114,39.6638726141756,43,26.2876079401651,0.347928707141891,0.37719298245614,0.230593052106712
"Recessive + Dominant",0.2,3,"dominant",4,143,49.3319025191895,66,36.8376447595662,0.344978339295031,0.461538461538462,0.257605907409554
"Recessive only",0.2,3,"dominant",4,2,0.646684714738242,0,0.209100560138041,0.323342357369121,0,0.10455028006902
"Additive + Dominant",0.3,3,"dominant",4,193,65.2408452112622,67,43.8475762251373,0.338035467415866,0.347150259067358,0.227189514119883
"Additive + Recessive",0.3,3,"dominant",4,15,5.11845995363933,0,1.75549887027466,0.341230663575955,0,0.11703325801831
"Additive + Recessive + Dominant",0.3,3,"dominant",4,55,18.2864539728579,22,13.3876880711256,0.33248098132469,0.4,0.243412510384102
"Additive only",0.3,3,"dominant",4,27,8.8654263631834,0,2.9234490048007,0.328349124562348,0,0.108275889066693
"Dominant only",0.3,3,"dominant",4,173,59.7591559193873,70,42.1142744790118,0.345428646932875,0.404624277456647,0.243435112595444
"Recessive + Dominant",0.3,3,"dominant",4,148,50.2447197226972,61,36.4407947916686,0.339491349477684,0.412162162162162,0.246221586430193
"Recessive only",0.3,3,"dominant",4,5,1.82450767846336,0,0.671084959558202,0.364901535692671,0,0.13421699191164
"Additive + Dominant",0.4,3,"dominant",4,216,73.6319822133729,81,50.0686360008737,0.340888806543393,0.375,0.231799240744786
"Additive + Recessive",0.4,3,"dominant",4,11,3.84515067186801,0,1.34880081205054,0.349559151988001,0,0.122618255640958
"Additive + Recessive + Dominant",0.4,3,"dominant",4,57,19.7847657080212,23,13.5228474093849,0.347101152772301,0.403508771929825,0.237242937006752
"Additive only",0.4,3,"dominant",4,14,4.67448509166951,0,1.57203207878515,0.333891792262108,0,0.11228800562751
"Dominant only",0.4,3,"dominant",4,197,67.9681292776806,81,48.0925928694414,0.345015884658277,0.411167512690355,0.244124836900718
"Recessive + Dominant",0.4,3,"dominant",4,174,59.7431445947214,73,43.193624296406,0.34335140571679,0.419540229885057,0.248239220094288
"Recessive only",0.4,3,"dominant",4,0,0,0,0,NA,NA,NA
"Additive + Dominant",0.1,4,"dominant",4,49,17.1415339974198,14,10.538073829457,0.349827224437138,0.285714285714286,0.215062731213408
"Additive + Recessive",0.1,4,"dominant",4,7,2.34902107441034,0,0.789934926162622,0.335574439201478,0,0.11284784659466
"Additive + Recessive + Dominant",0.1,4,"dominant",4,47,15.8017464158402,17,10.520695556627,0.336207370549792,0.361702127659574,0.223844586311212
"Additive only",0.1,4,"dominant",4,9,3.13403283156662,0,1.09739109140481,0.348225870174069,0,0.121932343489424
"Dominant only",0.1,4,"dominant",4,31,10.7624937382561,14,7.99442279791193,0.347177217363101,0.451612903225806,0.257884606384256
"Recessive + Dominant",0.1,4,"dominant",4,41,13.9522358068637,15,9.41223455062827,0.340298434313748,0.365853658536585,0.229566696356787
"Recessive only",0.1,4,"dominant",4,1,0.320032245533221,0,0.102420638181036,0.320032245533221,0,0.102420638181036
"Additive + Dominant",0.2,4,"dominant",4,273,94.8811859847415,87,59.4992656165353,0.34755013181224,0.318681318681319,0.217946027899397
"Additive + Recessive",0.2,4,"dominant",4,40,13.6536567580396,0,4.69338354986485,0.341341418950991,0,0.117334588746621
"Additive + Recessive + Dominant",0.2,4,"dominant",4,176,60.8441216342072,67,41.8073693281577,0.345705236557996,0.380681818181818,0.237541871182714
"Additive only",0.2,4,"dominant",4,30,10.4194495896135,0,3.6460934515891,0.347314986320451,0,0.121536448386303
"Dominant only",0.2,4,"dominant",4,131,45.1616828622226,54,32.2877945166233,0.344745670703989,0.412213740458015,0.246471713867353
"Recessive + Dominant",0.2,4,"dominant",4,202,68.7913279068145,87,50.9680686813611,0.340551128251557,0.430693069306931,0.252317171689907
"Recessive only",0.2,4,"dominant",4,2,0.695319126818765,0,0.242351605058484,0.347659563409383,0,0.121175802529242
"Additive + Dominant",0.3,4,"dominant",4,390,134.027747542432,145,91.703663107065,0.34366089113444,0.371794871794872,0.235137597710423
"Additive + Recessive",0.3,4,"dominant",4,26,8.60447681761232,0,2.85789333113522,0.330941416062012,0,0.109918974274432
"Additive + Recessive + Dominant",0.3,4,"dominant",4,211,73.2979812889453,80,49.6707242034644,0.34738379757794,0.37914691943128,0.235406275845803
"Additive only",0.3,4,"dominant",4,35,12.0091574877489,0,4.1512189440922,0.343118785364254,0,0.118606255545491
"Dominant only",0.3,4,"dominant",4,235,80.9212599199764,99,58.6245077034432,0.344345786893517,0.421276595744681,0.249465990227418
"Recessive + Dominant",0.3,4,"dominant",4,279,96.8264037387646,106,66.0572932812247,0.347048042074425,0.379928315412186,0.2367644920474
"Recessive only",0.3,4,"dominant",4,0,0,0,0,NA,NA,NA
"Additive + Dominant",0.4,4,"dominant",4,407,139.76346048377,123,87.2401441247149,0.343399165807788,0.302211302211302,0.214349248463673
"Additive + Recessive",0.4,4,"dominant",4,45,15.5597495963571,0,5.40695151165484,0.345772213252381,0,0.120154478036774
"Additive + Recessive + Dominant",0.4,4,"dominant",4,249,85.3525510047413,76,52.9683961967097,0.34278132933631,0.305220883534137,0.21272448271771
"Additive only",0.4,4,"dominant",4,27,9.40971304644054,0,3.30059231698535,0.348507890608909,0,0.122244159888346
"Dominant only",0.4,4,"dominant",4,212,73.4314542290962,79,49.7358101083956,0.346374784099511,0.372641509433962,0.23460287786979
"Recessive + Dominant",0.4,4,"dominant",4,332,114.861737982862,116,75.0574808467497,0.345969090309824,0.349397590361446,0.226076749538403
"Recessive only",0.4,4,"dominant",4,0,0,0,0,NA,NA,NA
"Additive + Dominant",0.1,5,"dominant",4,75,24.8669163884706,22,15.5142066917446,0.331558885179608,0.293333333333333,0.206856089223262
"Additive + Recessive",0.1,5,"dominant",4,22,7.5632366679462,0,2.61794645995074,0.343783484906645,0,0.118997566361397
"Additive + Recessive + Dominant",0.1,5,"dominant",4,52,18.0824610417083,13,10.1912824210227,0.347739635417468,0.25,0.195986200404283
"Additive only",0.1,5,"dominant",4,6,2.02753093982866,0,0.687758758135083,0.337921823304776,0,0.11462645968918
"Dominant only",0.1,5,"dominant",4,24,8.14014024921497,9,5.834788010959,0.339172510383957,0.375,0.243116167123292
"Recessive + Dominant",0.1,5,"dominant",4,50,17.4352231056808,19,11.9308236109522,0.348704462113616,0.38,0.238616472219044
"Recessive only",0.1,5,"dominant",4,2,0.645965121008599,0,0.208943628215237,0.3229825605043,0,0.104471814107618
"Additive + Dominant",0.2,5,"dominant",4,312,106.744435338175,119,73.3632446622552,0.342129600442868,0.381410256410256,0.235138604686716
"Additive + Recessive",0.2,5,"dominant",4,73,25.4179789297016,0,8.91201097508803,0.348191492187693,0,0.122082342124494
"Additive + Recessive + Dominant",0.2,5,"dominant",4,246,84.0483964199551,58,46.795342624918,0.341660148048598,0.235772357723577,0.190224970019992
"Additive only",0.2,5,"dominant",4,33,11.0359255533771,0,3.71404967996478,0.334421986465972,0,0.112546959998933
"Dominant only",0.2,5,"dominant",4,122,42.1831809045116,54,31.1861281933093,0.345763777905833,0.442622950819672,0.255624001584503
"Recessive + Dominant",0.2,5,"dominant",4,224,76.7126992634346,86,53.3068480519974,0.342467407426047,0.383928571428571,0.237977000232131
"Recessive only",0.2,5,"dominant",4,3,1.08218990769259,0,0.392320504469203,0.360729969230863,0,0.130773501489734
"Additive + Dominant",0.3,5,"dominant",4,475,163.575221162337,154,103.929282869325,0.344368886657551,0.324210526315789,0.21879849025121
"Additive + Recessive",0.3,5,"dominant",4,89,31.2945344421947,0,11.0665032783876,0.35162398249657,0,0.124342733465029
"Additive + Recessive + Dominant",0.3,5,"dominant",4,477,164.723629374361,148,101.938580256826,0.345332556340379,0.310272536687631,0.213707715423115
"Additive only",0.3,5,"dominant",4,53,18.1662104803028,0,6.26743643811306,0.3427586883076,0,0.118253517700246
"Dominant only",0.3,5,"dominant",4,213,73.8940535907944,97,54.9903403503926,0.346920439393401,0.455399061032864,0.258170611973674
"Recessive + Dominant",0.3,5,"dominant",4,459,158.238188438413,170,105.677767841721,0.34474550858042,0.37037037037037,0.23023478832619
"Recessive only",0.3,5,"dominant",4,4,1.26793376625224,0,0.402385739054158,0.316983441563059,0,0.100596434763539
"Additive + Dominant",0.4,5,"dominant",4,565,194.135200436921,135,109.069365888601,0.343602124667117,0.238938053097345,0.193043125466551
"Additive + Recessive",0.4,5,"dominant",4,73,25.298451483942,0,8.84228921719462,0.346554129917013,0,0.121127249550611
"Additive + Recessive + Dominant",0.4,5,"dominant",4,571,196.880710446269,180,123.002330838075,0.344799843163343,0.31523642732049,0.215415640697154
"Additive only",0.4,5,"dominant",4,60,20.7731328175824,0,7.24380257730225,0.346218880293039,0,0.120730042955038
"Dominant only",0.4,5,"dominant",4,234,79.9602883980822,80,52.0914905104959,0.341710634179838,0.341880341880342,0.222613207309811
"Recessive + Dominant",0.4,5,"dominant",4,521,178.62319574864,198,122.45439788675,0.342846824853435,0.380038387715931,0.235037232028311
"Recessive only",0.4,5,"dominant",4,0,0,0,0,NA,NA,NA
"Additive only",0.1,1,"recessive",4,0,0,0,0,NA,NA,NA
"Dominant only",0.1,1,"recessive",4,0,0,0,0,NA,NA,NA
"Recessive only",0.1,1,"recessive",4,71,24.030773986833,25,16.1389111962387,0.338461605448352,0.352112676056338,0.227308608397728
"Additive only",0.2,1,"recessive",4,0,0,0,0,NA,NA,NA
"Dominant only",0.2,1,"recessive",4,0,0,0,0,NA,NA,NA
"Recessive only",0.2,1,"recessive",4,76,26.3323782129959,23,16.0322746998362,0.346478660697314,0.302631578947368,0.210950982892582
"Additive only",0.3,1,"recessive",4,0,0,0,0,NA,NA,NA
"Dominant only",0.3,1,"recessive",4,0,0,0,0,NA,NA,NA
"Recessive only",0.3,1,"recessive",4,97,32.2460314424881,32,21.3260256716122,0.332433313840084,0.329896907216495,0.219855934758888
"Additive only",0.4,1,"recessive",4,0,0,0,0,NA,NA,NA
"Dominant only",0.4,1,"recessive",4,0,0,0,0,NA,NA,NA
"Recessive only",0.4,1,"recessive",4,90,30.0818044782073,32,20.5571320001122,0.334242271980082,0.355555555555556,0.228412577779024
"Additive + Dominant",0.1,2,"recessive",4,1,0.301585720213084,0,0.0909539466364446,0.301585720213084,0,0.0909539466364446
"Additive + Recessive",0.1,2,"recessive",4,34,11.7044302116934,11,7.40350843692786,0.344247947402747,0.323529411764706,0.217750248144937
"Additive only",0.1,2,"recessive",4,1,0.34201997996448,0,0.116977666694903,0.34201997996448,0,0.116977666694903
"Dominant only",0.1,2,"recessive",4,1,0.345130979455265,0,0.119115392979751,0.345130979455265,0,0.119115392979751
"Recessive + Dominant",0.1,2,"recessive",4,42,14.4520191688147,15,9.4652608705909,0.344095694495587,0.357142857142857,0.225363354061688
"Recessive only",0.1,2,"recessive",4,76,25.6429930282252,25,16.8500181746825,0.337407803002963,0.328947368421053,0.221710765456349
"Additive + Dominant",0.2,2,"recessive",4,2,0.667479273526242,0,0.222867795038094,0.333739636763121,0,0.111433897519047
"Additive + Recessive",0.2,2,"recessive",4,54,18.3836146770424,21,12.9436703889802,0.340437308834119,0.388888888888889,0.23969759979593
"Additive only",0.2,2,"recessive",4,0,0,0,0,NA,NA,NA
"Dominant only",0.2,2,"recessive",4,2,0.64758638216197,0,0.209799340071091,0.323793191080985,0,0.104899670035545
"Recessive + Dominant",0.2,2,"recessive",4,79,26.9761077059113,29,18.4083413820351,0.341469717796345,0.367088607594937,0.233016979519432
"Recessive only",0.2,2,"recessive",4,134,44.9072464502191,50,31.5942803293449,0.335128704852381,0.373134328358209,0.235778211413022
"Additive + Dominant",0.3,2,"recessive",4,2,0.630474057439465,0,0.199128241521236,0.315237028719732,0,0.0995641207606182
"Additive + Recessive",0.3,2,"recessive",4,56,18.6381457052232,19,12.5015627036322,0.332824030450415,0.339285714285714,0.22324219113629
"Additive only",0.3,2,"recessive",4,0,0,0,0,NA,NA,NA
"Dominant only",0.3,2,"recessive",4,1,0.321059386728573,0,0.103079129806528,0.321059386728573,0,0.103079129806528
"Recessive + Dominant",0.3,2,"recessive",4,78,26.6919840283272,28,18.0704568621977,0.342204923440092,0.358974358974359,0.231672523874329
"Recessive only",0.3,2,"recessive",4,122,41.0417649889102,42,27.8885918996335,0.336407909745165,0.344262295081967,0.228595015570767
"Additive + Dominant",0.4,2,"recessive",4,1,0.324886726291166,0,0.105551384920191,0.324886726291166,0,0.105551384920191
"Additive + Recessive",0.4,2,"recessive",4,67,22.4602850907736,26,16.0607126854809,0.335228135683188,0.388059701492537,0.239712129634043
"Additive only",0.4,2,"recessive",4,0,0,0,0,NA,NA,NA
"Dominant only",0.4,2,"recessive",4,2,0.706449346264806,0,0.251828100064578,0.353224673132403,0,0.125914050032289
"Recessive + Dominant",0.4,2,"recessive",4,91,30.5216970268461,31,20.3136312417866,0.335403264031276,0.340659340659341,0.223226716942709
"Recessive only",0.4,2,"recessive",4,160,53.7003802167126,58,36.7881573051646,0.335627376354453,0.3625,0.229925983157279
"Additive + Dominant",0.1,3,"recessive",4,2,0.630344601298252,0,0.198667158192926,0.315172300649126,0,0.0993335790964632
"Additive + Recessive",0.1,3,"recessive",4,57,19.3146139622425,17,11.7725017019229,0.338852876530569,0.298245614035088,0.206535117577594
"Additive + Recessive + Dominant",0.1,3,"recessive",4,17,5.91627526022229,6,3.91648335656579,0.348016191777782,0.352941176470588,0.230381373915635
"Additive only",0.1,3,"recessive",4,1,0.391051418397538,0,0.152921211830726,0.391051418397538,0,0.152921211830726
"Dominant only",0.1,3,"recessive",4,0,0,0,0,NA,NA,NA
"Recessive + Dominant",0.1,3,"recessive",4,58,19.9312968484042,20,13.379364099717,0.343643049110417,0.344827586206897,0.230678691374431
"Recessive only",0.1,3,"recessive",4,56,18.9002820843739,22,13.5484839092682,0.337505037220963,0.392857142857143,0.241937212665503
"Additive + Dominant",0.2,3,"recessive",4,7,2.46788034292602,0,0.874781968287669,0.352554334703717,0,0.124968852612524
"Additive + Recessive",0.2,3,"recessive",4,149,51.1485569928213,48,32.3333956288743,0.343278905992089,0.322147651006711,0.217002655227344
"Additive + Recessive + Dominant",0.2,3,"recessive",4,54,18.6234841406417,20,12.3606291548585,0.344879335937809,0.37037037037037,0.228900539904786
"Additive only",0.2,3,"recessive",4,1,0.354173596608877,0,0.125438936534867,0.354173596608877,0,0.125438936534867
"Dominant only",0.2,3,"recessive",4,2,0.714394391158842,0,0.255179673059606,0.357197195579421,0,0.127589836529803
"Recessive + Dominant",0.2,3,"recessive",4,174,58.570491211466,59,38.5766963941321,0.336612018456701,0.339080459770115,0.221705151690414
"Recessive only",0.2,3,"recessive",4,159,53.8705021597198,55,36.0238022819082,0.338808189683772,0.345911949685535,0.226564794225838
"Additive + Dominant",0.3,3,"recessive",4,1,0.305127540130229,0,0.0931028157459245,0.305127540130229,0,0.0931028157459245
"Additive + Recessive",0.3,3,"recessive",4,165,55.3304627980721,61,38.6709475615853,0.335336138170134,0.36969696969697,0.234369379161123
"Additive + Recessive + Dominant",0.3,3,"recessive",4,67,22.387879602755,20,13.8950599287087,0.334147456757537,0.298507462686567,0.207388954159832
"Additive only",0.3,3,"recessive",4,2,0.763189979637348,0,0.291229472509428,0.381594989818674,0,0.145614736254714
"Dominant only",0.3,3,"recessive",4,1,0.306903958345191,0,0.0941900396479467,0.306903958345191,0,0.0941900396479467
"Recessive + Dominant",0.3,3,"recessive",4,197,67.5110300940118,62,42.3923296036173,0.342695584233562,0.314720812182741,0.215189490373692
"Recessive only",0.3,3,"recessive",4,185,62.613589271856,62,40.8898378866856,0.338451833901924,0.335135135135135,0.221026150738841
"Additive + Dominant",0.4,3,"recessive",4,3,1.0293042847491,0,0.353264023105032,0.3431014282497,0,0.117754674368344
"Additive + Recessive",0.4,3,"recessive",4,166,56.1638574027707,54,36.6928639540974,0.338336490378137,0.325301204819277,0.221041349121068
"Additive + Recessive + Dominant",0.4,3,"recessive",4,67,22.3722116513556,17,13.278644351978,0.333913606736651,0.253731343283582,0.198188721671314
"Additive only",0.4,3,"recessive",4,1,0.342512316376868,0,0.117314686869848,0.342512316376868,0,0.117314686869848
"Dominant only",0.4,3,"recessive",4,3,1.03472126174929,0,0.356955039647207,0.344907087249765,0,0.118985013215736
"Recessive + Dominant",0.4,3,"recessive",4,216,71.8622405743088,68,47.1740296395152,0.332695558214392,0.314814814814815,0.218398285368126
"Recessive only",0.4,3,"recessive",4,187,62.3750430083104,62,41.3113321155252,0.333556379723585,0.331550802139037,0.220916214521525
"Additive + Dominant",0.1,4,"recessive",4,3,0.976086702033517,0,0.32038515146645,0.325362234011172,0,0.106795050488817
"Additive + Recessive",0.1,4,"recessive",4,85,28.533954357301,27,18.3573473770894,0.335693580674129,0.317647058823529,0.21596879267164
"Additive + Recessive + Dominant",0.1,4,"recessive",4,56,19.1235263364152,24,13.8519206859357,0.3414915417217,0.428571428571429,0.247355726534565
"Additive only",0.1,4,"recessive",4,2,0.646087256171586,0,0.208717105581364,0.323043628085793,0,0.104358552790682
"Dominant only",0.1,4,"recessive",4,1,0.311927392486554,0,0.0972986981834604,0.311927392486554,0,0.0972986981834604
"Recessive + Dominant",0.1,4,"recessive",4,70,24.1233845644734,30,18.085406791813,0.344619779492477,0.428571428571429,0.258362954168757
"Recessive only",0.1,4,"recessive",4,47,15.7998533433133,19,11.5634736181823,0.336167092410921,0.404255319148936,0.246031353578346
"Additive + Dominant",0.2,4,"recessive",4,16,5.559524220938,0,1.95673668659952,0.347470263808625,0,0.12229604291247
"Additive + Recessive",0.2,4,"recessive",4,298,101.939567887762,98,65.6076574465466,0.342079086871684,0.328859060402685,0.220159924317271
"Additive + Recessive + Dominant",0.2,4,"recessive",4,177,59.9869331191478,58,38.9009209627527,0.338909226661852,0.327683615819209,0.219779214478829
"Additive only",0.2,4,"recessive",4,3,0.976844328056666,0,0.31978180800447,0.325614776018889,0,0.10659393600149
"Dominant only",0.2,4,"recessive",4,7,2.40122862200519,0,0.831424652486445,0.343032660286456,0,0.118774950355206
"Recessive + Dominant",0.2,4,"recessive",4,288,98.4031985288739,105,66.2724468621056,0.341677772669701,0.364583333333333,0.230112662715644
"Recessive only",0.2,4,"recessive",4,201,68.6641244072311,65,44.1265114436652,0.341612559239956,0.323383084577114,0.219534882804305
"Additive + Dominant",0.3,4,"recessive",4,11,3.71463826117259,0,1.2637948397557,0.337694387379327,0,0.114890439977791
"Additive + Recessive",0.3,4,"recessive",4,375,126.925070076857,128,83.8623655344041,0.338466853538284,0.341333333333333,0.223632974758411
"Additive + Recessive + Dominant",0.3,4,"recessive",4,231,78.8380745437033,84,53.6446066472625,0.341290365990058,0.363636363636364,0.232227734403734
"Additive only",0.3,4,"recessive",4,3,1.06378914995309,0,0.37971310717407,0.354596383317698,0,0.12657103572469
"Dominant only",0.3,4,"recessive",4,3,1.08584390545163,0,0.39425015065816,0.361947968483877,0,0.131416716886053
"Recessive + Dominant",0.3,4,"recessive",4,393,134.414584318208,157,94.1617812587694,0.342021843048876,0.399491094147583,0.239597407783128
"Recessive only",0.3,4,"recessive",4,256,86.9408836730562,95,59.6437779043799,0.339612826847876,0.37109375,0.232983507438984
"Additive + Dominant",0.4,4,"recessive",4,5,1.68053683720715,0,0.565667461426524,0.336107367441431,0,0.113133492285305
"Additive + Recessive",0.4,4,"recessive",4,381,127.622240930632,128,84.7057782834492,0.334966511628954,0.335958005249344,0.222324877384381
"Additive + Recessive + Dominant",0.4,4,"recessive",4,248,83.7051835450943,79,53.7366075317545,0.337520901391509,0.318548387096774,0.216679869079655
"Additive only",0.4,4,"recessive",4,1,0.346751695692546,0,0.120236738465656,0.346751695692546,0,0.120236738465656
"Dominant only",0.4,4,"recessive",4,1,0.382236992220213,0,0.146105118221555,0.382236992220213,0,0.146105118221555
"Recessive + Dominant",0.4,4,"recessive",4,358,121.021065798231,125,80.6197828147911,0.33804766982746,0.349162011173184,0.225194924063662
"Recessive only",0.4,4,"recessive",4,250,84.2926337172649,85,55.7380084493625,0.337170534869059,0.34,0.22295203379745
"Additive + Dominant",0.1,5,"recessive",4,10,3.56910041240611,0,1.28354145078063,0.356910041240611,0,0.128354145078063
"Additive + Recessive",0.1,5,"recessive",4,67,23.1676725683213,16,12.7260107330615,0.345786157736138,0.238805970149254,0.18994045870241
"Additive + Recessive + Dominant",0.1,5,"recessive",4,40,13.6847937222755,12,8.16872794257858,0.342119843056887,0.3,0.204218198564465
"Additive only",0.1,5,"recessive",4,2,0.670231311230834,0,0.224605008873812,0.335115655615417,0,0.112302504436906
"Dominant only",0.1,5,"recessive",4,2,0.707002083629184,0,0.253296999552922,0.353501041814592,0,0.126648499776461
"Recessive + Dominant",0.1,5,"recessive",4,52,17.7686623102457,20,12.5113368815264,0.341705044427802,0.384615384615385,0.240602632337046
"Recessive only",0.1,5,"recessive",4,24,8.40888204332359,8,5.35024468890785,0.350370085138483,0.333333333333333,0.222926862037827
"Additive + Dominant",0.2,5,"recessive",4,17,5.65215018955625,0,1.89835407649089,0.332479422915074,0,0.111667886852405
"Additive + Recessive",0.2,5,"recessive",4,302,102.45945773919,111,70.9649318904338,0.339269727613213,0.367549668874172,0.234983218180244
"Additive + Recessive + Dominant",0.2,5,"recessive",4,262,90.9095455699191,99,62.5873123509632,0.34698299835847,0.377862595419847,0.238882871568562
"Additive only",0.2,5,"recessive",4,2,0.655624052612712,0,0.215268474362997,0.327812026306356,0,0.107634237181498
"Dominant only",0.2,5,"recessive",4,2,0.695666702205396,0,0.241977881732035,0.347833351102698,0,0.120988940866018
"Recessive + Dominant",0.2,5,"recessive",4,252,85.8026521528072,85,55.5343561247038,0.340486714892092,0.337301587301587,0.220374429066285
"Recessive only",0.2,5,"recessive",4,124,41.9135679081148,48,29.3529490105685,0.338012644420281,0.387096774193548,0.236717330730391
"Additive + Dominant",0.3,5,"recessive",4,21,7.08616048915602,0,2.40823315396265,0.337436213769334,0,0.114677769236317
"Additive + Recessive",0.3,5,"recessive",4,523,175.814356704791,196,121.711936211077,0.336165117982392,0.374760994263862,0.232718807286954
"Additive + Recessive + Dominant",0.3,5,"recessive",4,517,176.656009195585,188,119.165306334007,0.341694408502098,0.363636363636364,0.230493822696339
"Additive only",0.3,5,"recessive",4,1,0.313249127278778,0,0.0981250157409158,0.313249127278778,0,0.0981250157409158
"Dominant only",0.3,5,"recessive",4,6,1.92894975274408,0,0.622234486172345,0.321491625457347,0,0.103705747695391
"Recessive + Dominant",0.3,5,"recessive",4,547,186.673374299838,172,117.170279497623,0.341267594698059,0.314442413162706,0.214205264163845
"Recessive only",0.3,5,"recessive",4,286,96.2087799248352,103,65.685018960517,0.336394335401522,0.36013986013986,0.229667898463346
"Additive + Dominant",0.4,5,"recessive",4,6,2.19067761351652,0,0.802556153313645,0.365112935586087,0,0.133759358885607
"Additive + Recessive",0.4,5,"recessive",4,675,226.372753077758,232,150.648680741971,0.335367041596678,0.343703703703704,0.223183230728846
"Additive + Recessive + Dominant",0.4,5,"recessive",4,604,202.717344256641,174,125.0959332875,0.335624742146756,0.288079470198675,0.207112472330297
"Additive only",0.4,5,"recessive",4,1,0.328689337804481,0,0.108036680786348,0.328689337804481,0,0.108036680786348
"Dominant only",0.4,5,"recessive",4,4,1.4283817432473,0,0.512214455225199,0.357095435811825,0,0.1280536138063
"Recessive + Dominant",0.4,5,"recessive",4,601,201.60328975603,170,123.715437244418,0.335446405584076,0.282861896838602,0.205849313218666
"Recessive only",0.4,5,"recessive",4,335,112.690974842138,114,75.0680488218713,0.336390969678025,0.340298507462687,0.224083727826481
"Additive only",0.1,1,"additive",5,48,22.0233337348032,30,12.3462161785542,0.458819452808399,0.625,0.257212837053212
"Dominant only",0.1,1,"additive",5,14,6.77998265103517,0,3.29377039384511,0.48428447507394,0,0.23526931384608
"Recessive only",0.1,1,"additive",5,0,0,0,0,NA,NA,NA
"Additive only",0.2,1,"additive",5,59,27.5442960570392,35,14.7855909813321,0.466852475543037,0.593220338983051,0.250603236971731
"Dominant only",0.2,1,"additive",5,14,6.60799199645839,0,3.1305777643452,0.471999428318456,0,0.223612697453229
"Recessive only",0.2,1,"additive",5,0,0,0,0,NA,NA,NA
"Additive only",0.3,1,"additive",5,52,23.9603901253878,28,13.1942648739159,0.460776733180535,0.538461538461538,0.253735862959921
"Dominant only",0.3,1,"additive",5,10,4.62532895199372,0,2.15715185249154,0.462532895199372,0,0.215715185249154
"Recessive only",0.3,1,"additive",5,0,0,0,0,NA,NA,NA
"Additive only",0.4,1,"additive",5,65,30.3355012184044,34,16.6936669573107,0.466700018744683,0.523076923076923,0.256825645497088
"Dominant only",0.4,1,"additive",5,4,1.9108468309747,0,0.914859925011599,0.477711707743675,0,0.2287149812529
"Recessive only",0.4,1,"additive",5,0,0,0,0,NA,NA,NA
"Additive + Dominant",0.1,2,"additive",5,37,17.0262174809212,13,8.73273162806818,0.460168040024896,0.351351351351351,0.236019773731572
"Additive + Recessive",0.1,2,"additive",5,23,10.0084935416391,12,6.038433313933,0.435151893114745,0.521739130434783,0.262540578866652
"Additive only",0.1,2,"additive",5,56,25.4236176165325,32,14.0034152488134,0.453993171723795,0.571428571428571,0.250060986585953
"Dominant only",0.1,2,"additive",5,19,8.7571920904955,0,4.0535863557175,0.460904846868184,0,0.213346650300921
"Recessive + Dominant",0.1,2,"additive",5,5,2.2759009406917,0,1.03957115159824,0.455180188138339,0,0.207914230319649
"Recessive only",0.1,2,"additive",5,0,0,0,0,NA,NA,NA
"Additive + Dominant",0.2,2,"additive",5,54,24.8738260968779,21,13.0994716547688,0.460626409201443,0.388888888888889,0.242582808421644
"Additive + Recessive",0.2,2,"additive",5,53,23.8041714405525,25,13.2000718587307,0.449135310199104,0.471698113207547,0.249057959598693
"Additive only",0.2,2,"additive",5,86,39.3128031828337,46,22.0858927074478,0.457125618405043,0.534883720930233,0.256812705900556
"Dominant only",0.2,2,"additive",5,24,11.0787526039026,0,5.14022162503858,0.461614691829276,0,0.214175901043274
"Recessive + Dominant",0.2,2,"additive",5,4,1.80491305402176,0,0.81673859427352,0.451228263505439,0,0.20418464856838
"Recessive only",0.2,2,"additive",5,0,0,0,0,NA,NA,NA
"Additive + Dominant",0.3,2,"additive",5,65,29.5748438684856,27,15.8971123371955,0.454997597976701,0.415384615384615,0.244570959033777
"Additive + Recessive",0.3,2,"additive",5,50,23.2164803857797,26,12.5812558991839,0.464329607715594,0.52,0.251625117983677
"Additive only",0.3,2,"additive",5,117,53.4087125669587,67,29.5803857183838,0.456484722794519,0.572649572649573,0.252823809558836
"Dominant only",0.3,2,"additive",5,23,10.7419190138082,0,5.04345471629425,0.467039957122095,0,0.21928063983888
"Recessive + Dominant",0.3,2,"additive",5,6,2.67732821139074,0,1.1986683265731,0.446221368565123,0,0.199778054428849
"Recessive only",0.3,2,"additive",5,0,0,0,0,NA,NA,NA
"Additive + Dominant",0.4,2,"additive",5,80,36.8213879596927,36,19.5487094329433,0.460267349496159,0.45,0.244358867911791
"Additive + Recessive",0.4,2,"additive",5,66,30.4189443101007,28,16.1212934570725,0.460893095607587,0.424242424242424,0.244262022076856
"Additive only",0.4,2,"additive",5,138,64.2311943730026,71,34.2824474147253,0.465443437485526,0.514492753623188,0.248423531990763
"Dominant only",0.4,2,"additive",5,14,6.57679856635188,0,3.10737870072849,0.469771326167992,0,0.221955621480607
"Recessive + Dominant",0.4,2,"additive",5,0,0,0,0,NA,NA,NA
"Recessive only",0.4,2,"additive",5,0,0,0,0,NA,NA,NA
"Additive + Dominant",0.1,3,"additive",5,44,19.8258505630118,20,11.31821122615,0.450587512795723,0.454545454545455,0.257232073321592
"Additive + Recessive",0.1,3,"additive",5,24,10.7628729715942,15,6.31594383830093,0.44845304048309,0.625,0.263164326595872
"Additive + Recessive + Dominant",0.1,3,"additive",5,12,5.19493031190672,5,2.9526873120321,0.43291085932556,0.416666666666667,0.246057276002675
"Additive only",0.1,3,"additive",5,31,13.9016385508273,16,7.93534630796207,0.448439953252494,0.516129032258065,0.255978913160067
"Dominant only",0.1,3,"additive",5,15,6.78173132073676,0,3.08140295505802,0.452115421382451,0,0.205426863670535
"Recessive + Dominant",0.1,3,"additive",5,8,3.51857852873675,0,1.554077291742,0.439822316092094,0,0.19425966146775
"Recessive only",0.1,3,"additive",5,3,1.29764782740795,0,0.562797725661135,0.43254927580265,0,0.187599241887045
"Additive + Dominant",0.2,3,"additive",5,119,54.5817092429272,41,28.3523646972418,0.458669825570817,0.34453781512605,0.23825516552304
"Additive + Recessive",0.2,3,"additive",5,102,45.0978832453361,52,25.8113154493027,0.442136110248394,0.509803921568627,0.253052112248065
"Additive + Recessive + Dominant",0.2,3,"additive",5,37,16.5256242301901,15,8.89126095321399,0.44663849270784,0.405405405405405,0.240304350086865
"Additive only",0.2,3,"additive",5,95,43.6105876593523,47,23.5545443294806,0.459058817466867,0.494736842105263,0.24794257188927
"Dominant only",0.2,3,"additive",5,29,13.48444036858,0,6.30005749452513,0.464980702364827,0,0.217243361880177
"Recessive + Dominant",0.2,3,"additive",5,20,8.92600720306479,0,4.0043601103673,0.44630036015324,0,0.200218005518365
"Recessive only",0.2,3,"additive",5,0,0,0,0,NA,NA,NA
"Additive + Dominant",0.3,3,"additive",5,174,79.8235976054327,69,42.015648541091,0.458756308077199,0.396551724137931,0.241469244489029
"Additive + Recessive",0.3,3,"additive",5,132,59.6242411486871,56,31.6614110328489,0.451698796580963,0.424242424242424,0.23985917449128
"Additive + Recessive + Dominant",0.3,3,"additive",5,49,22.1517278382205,19,11.8313916734123,0.452076078331031,0.387755102040816,0.241456972926782
"Additive only",0.3,3,"additive",5,131,59.8402822028515,68,33.2656302931588,0.456796047350011,0.519083969465649,0.253936109108082
"Dominant only",0.3,3,"additive",5,36,16.8217948589961,0,7.89995853694025,0.467272079416559,0,0.219443292692785
"Recessive + Dominant",0.3,3,"additive",5,20,9.18059423001,0,4.23265376823332,0.4590297115005,0,0.211632688411666
"Recessive only",0.3,3,"additive",5,0,0,0,0,NA,NA,NA
"Additive + Dominant",0.4,3,"additive",5,195,89.5644524463168,79,46.7619601269688,0.459304884340086,0.405128205128205,0.239804923728045
"Additive + Recessive",0.4,3,"additive",5,168,76.7443983671168,73,40.7505613243388,0.456811895042362,0.43452380952381,0.242562865025826
"Additive + Recessive + Dominant",0.4,3,"additive",5,68,30.7138686949569,28,16.5566632806264,0.45167453963172,0.411764705882353,0.243480342362153
"Additive only",0.4,3,"additive",5,178,81.2448603382424,88,44.1900180698122,0.456431799653047,0.49438202247191,0.248258528482091
"Dominant only",0.4,3,"additive",5,35,16.273160877034,0,7.60974705245346,0.464947453629543,0,0.217421344355813
"Recessive + Dominant",0.4,3,"additive",5,20,9.20975748664974,0,4.26943630601049,0.460487874332487,0,0.213471815300525
"Recessive only",0.4,3,"additive",5,0,0,0,0,NA,NA,NA
"Additive + Dominant",0.1,4,"additive",5,45,20.5130407839473,18,10.8874409955663,0.455845350754385,0.4,0.241943133234807
"Additive + Recessive",0.1,4,"additive",5,24,10.6173533291358,12,5.82640193504154,0.442389722047325,0.5,0.242766747293397
"Additive + Recessive + Dominant",0.1,4,"additive",5,17,7.37648125427283,3,3.56482420405973,0.433910662016049,0.176470588235294,0.209695541415278
"Additive only",0.1,4,"additive",5,26,11.7929682284336,15,6.57808512454896,0.453575701093599,0.576923076923077,0.253003274021114
"Dominant only",0.1,4,"additive",5,11,4.83439454623568,0,2.13315782219793,0.439490413294153,0,0.19392343838163
"Recessive + Dominant",0.1,4,"additive",5,17,7.3584779562643,0,3.19479232327308,0.432851644486135,0,0.187928960192534
"Recessive only",0.1,4,"additive",5,0,0,0,0,NA,NA,NA
"Additive + Dominant",0.2,4,"additive",5,180,81.2756044116107,69,42.4439492951544,0.451531135620059,0.383333333333333,0.235799718306414
"Additive + Recessive",0.2,4,"additive",5,150,67.6554686688728,77,37.4930128292977,0.451036457792485,0.513333333333333,0.249953418861984
"Additive + Recessive + Dominant",0.2,4,"additive",5,107,47.7048773102455,40,25.1401119584164,0.445839974862107,0.373831775700935,0.234954317368377
"Additive only",0.2,4,"additive",5,82,37.0541800669779,44,20.8661211001875,0.451880244719243,0.536585365853659,0.254464891465701
"Dominant only",0.2,4,"additive",5,36,16.233245566392,0,7.35792609243313,0.450923487955333,0,0.20438683590092
"Recessive + Dominant",0.2,4,"additive",5,34,15.1124867184,0,6.74376823932311,0.444484903482352,0,0.198346124685974
"Recessive only",0.2,4,"additive",5,0,0,0,0,NA,NA,NA
"Additive + Dominant",0.3,4,"additive",5,272,124.488859815578,129,66.8797404063567,0.457679631674918,0.474264705882353,0.245881398552782
"Additive + Recessive",0.3,4,"additive",5,215,97.55484283961,102,53.2593384858038,0.453743455067954,0.474418604651163,0.247717853422343
"Additive + Recessive + Dominant",0.3,4,"additive",5,186,82.621645628078,67,43.8661326795961,0.444202395849882,0.360215053763441,0.235839423008581
"Additive only",0.3,4,"additive",5,131,60.1376669709281,67,32.5031700979802,0.459066160083421,0.511450381679389,0.248115802274658
"Dominant only",0.3,4,"additive",5,41,18.6415530080781,0,8.5330484384526,0.45467202458727,0,0.208123132645185
"Recessive + Dominant",0.3,4,"additive",5,34,15.0345581851244,0,6.67245453413835,0.442192887797775,0,0.196248662768775
"Recessive only",0.3,4,"additive",5,2,0.869157193986013,0,0.379919045496537,0.434578596993006,0,0.189959522748269
"Additive + Dominant",0.4,4,"additive",5,328,150.570800477509,136,78.9792256101583,0.459057318528992,0.414634146341463,0.24079032198219
"Additive + Recessive",0.4,4,"additive",5,312,142.00944992453,140,78.4492657644913,0.455158493347852,0.448717948717949,0.251439954373369
"Additive + Recessive + Dominant",0.4,4,"additive",5,237,108.475409925287,99,57.7005733927115,0.457702151583488,0.417721518987342,0.243462334990344
"Additive only",0.4,4,"additive",5,186,85.1255684437287,87,46.0118117673939,0.45766434647166,0.467741935483871,0.247375332082763
"Dominant only",0.4,4,"additive",5,46,21.1206142902826,0,9.74317622864712,0.459143788919186,0,0.211808178883633
"Recessive + Dominant",0.4,4,"additive",5,33,14.6835690011395,0,6.56475881037209,0.444956636398168,0,0.198932085162791
"Recessive only",0.4,4,"additive",5,0,0,0,0,NA,NA,NA
"Additive + Dominant",0.1,5,"additive",5,36,15.9547169191317,13,8.36982952921667,0.443186581086993,0.361111111111111,0.232495264700463
"Additive + Recessive",0.1,5,"additive",5,13,5.83484816388213,5,3.08284869854781,0.44883447414478,0.384615384615385,0.237142207580601
"Additive + Recessive + Dominant",0.1,5,"additive",5,29,12.5915205453699,8,6.44625521709609,0.434190363633445,0.275862068965517,0.222284662658486
"Additive only",0.1,5,"additive",5,11,4.94375659844661,7,2.90375863583547,0.449432418040601,0.636363636363636,0.263978057803225
"Dominant only",0.1,5,"additive",5,7,3.10035962599721,0,1.37793928722277,0.442908517999602,0,0.196848469603253
"Recessive + Dominant",0.1,5,"additive",5,10,4.53774906104916,0,2.06567932743637,0.453774906104916,0,0.206567932743637
"Recessive only",0.1,5,"additive",5,1,0.441453694174551,0,0.194881364100358,0.441453694174551,0,0.194881364100358
"Additive + Dominant",0.2,5,"additive",5,205,92.8355749710762,86,48.8207222773306,0.452856463273543,0.419512195121951,0.238149864767466
"Additive + Recessive",0.2,5,"additive",5,114,50.5121633019566,58,28.830963485988,0.443089151771549,0.508771929824561,0.252903188473579
"Additive + Recessive + Dominant",0.2,5,"additive",5,166,74.661208414616,39,37.2144858250894,0.449766315750699,0.234939759036145,0.224183649548731
"Additive only",0.2,5,"additive",5,83,37.0589099494017,45,21.4607986782841,0.446492890956647,0.542168674698795,0.258563839497399
"Dominant only",0.2,5,"additive",5,33,15.0136073274356,0,6.87196139962905,0.454957797801079,0,0.208241254534214
"Recessive + Dominant",0.2,5,"additive",5,38,16.9930025697417,0,7.6396227577766,0.447184278151097,0,0.201042704152016
"Recessive only",0.2,5,"additive",5,0,0,0,0,NA,NA,NA
"Additive + Dominant",0.3,5,"additive",5,385,175.27601475054,173,93.5718372323624,0.455262375975428,0.449350649350649,0.243043733071071
"Additive + Recessive",0.3,5,"additive",5,234,104.694977135967,104,57.2411868462591,0.447414432204988,0.444444444444444,0.244620456607945
"Additive + Recessive + Dominant",0.3,5,"additive",5,293,132.308332222391,125,72.1752403328617,0.451564273796557,0.426621160409556,0.246331878269153
"Additive only",0.3,5,"additive",5,133,59.8246970277473,71,33.6100152322701,0.449809752088326,0.533834586466165,0.25270688144564
"Dominant only",0.3,5,"additive",5,42,19.4530477533844,0,9.05147621345324,0.463167803652008,0,0.215511338415553
"Recessive + Dominant",0.3,5,"additive",5,65,29.3943477680737,0,13.3608215670321,0.452220734893442,0,0.205551101031263
"Recessive only",0.3,5,"additive",5,2,0.938527072985156,0,0.440515607524204,0.469263536492578,0,0.220257803762102
"Additive + Dominant",0.4,5,"additive",5,536,243.771591988574,226,130.361853318046,0.454797746247339,0.421641791044776,0.243212412906803
"Additive + Recessive",0.4,5,"additive",5,340,152.427805479668,133,82.8191317685096,0.448317074940201,0.391176470588235,0.243585681672087
"Additive + Recessive + Dominant",0.4,5,"additive",5,388,174.623739479492,162,95.8449773305867,0.450061184225496,0.417525773195876,0.247023137449966
"Additive only",0.4,5,"additive",5,209,94.9322072427764,106,52.0391878808812,0.454221087286012,0.507177033492823,0.248991329573594
"Dominant only",0.4,5,"additive",5,52,24.018516046952,0,11.1607655260607,0.461894539364462,0,0.214630106270397
"Recessive + Dominant",0.4,5,"additive",5,50,22.3236103789903,0,10.0286823701821,0.446472207579805,0,0.200573647403642
"Recessive only",0.4,5,"additive",5,0,0,0,0,NA,NA,NA
"Additive only",0.1,1,"dominant",5,18,8.41771947489671,0,3.95809663396626,0.467651081938706,0,0.21989425744257
"Dominant only",0.1,1,"dominant",5,48,22.2083964208237,30,12.0961711285627,0.462674925433827,0.625,0.252003565178389
"Recessive only",0.1,1,"dominant",5,0,0,0,0,NA,NA,NA
"Additive only",0.2,1,"dominant",5,10,4.78523645951803,0,2.30002312641553,0.478523645951803,0,0.230002312641553
"Dominant only",0.2,1,"dominant",5,49,22.9753806379349,29,12.3497815605432,0.468885319141529,0.591836734693878,0.252036358378434
"Recessive only",0.2,1,"dominant",5,0,0,0,0,NA,NA,NA
"Additive only",0.3,1,"dominant",5,7,3.39660271260133,0,1.65598653165889,0.485228958943047,0,0.236569504522698
"Dominant only",0.3,1,"dominant",5,67,30.8388693730014,35,16.7679502766051,0.460281632432856,0.522388059701492,0.250267914576195
"Recessive only",0.3,1,"dominant",5,0,0,0,0,NA,NA,NA
"Additive only",0.4,1,"dominant",5,4,1.93994407081922,0,0.94195254060057,0.484986017704805,0,0.235488135150143
"Dominant only",0.4,1,"dominant",5,70,32.7691602501876,34,17.2830652088199,0.468130860716966,0.485714285714286,0.246900931554569
"Recessive only",0.4,1,"dominant",5,0,0,0,0,NA,NA,NA
"Additive + Dominant",0.1,2,"dominant",5,30,13.8350458545987,11,7.24191031483656,0.461168195153291,0.366666666666667,0.241397010494552
"Additive + Recessive",0.1,2,"dominant",5,2,0.848870853975798,0,0.360618220316132,0.424435426987899,0,0.180309110158066
"Additive only",0.1,2,"dominant",5,16,7.43368289321553,0,3.46907686866076,0.464605180825971,0,0.216817304291297
"Dominant only",0.1,2,"dominant",5,39,17.9332082459947,19,9.37152453958487,0.459825852461403,0.487179487179487,0.240295501014997
"Recessive + Dominant",0.1,2,"dominant",5,17,7.72958498474393,9,4.48392060480544,0.454681469690819,0.529411764705882,0.26376003557679
"Recessive only",0.1,2,"dominant",5,2,0.922449184262885,0,0.425908532912823,0.461224592131443,0,0.212954266456411
"Additive + Dominant",0.2,2,"dominant",5,76,34.6787693752948,37,19.3473436863805,0.456299597043353,0.486842105263158,0.254570311662901
"Additive + Recessive",0.2,2,"dominant",5,6,2.60053405581492,0,1.13053337974378,0.43342234263582,0,0.188422229957297
"Additive only",0.2,2,"dominant",5,27,12.4295592156015,0,5.7566561816303,0.460354045022278,0,0.21320948820853
"Dominant only",0.2,2,"dominant",5,99,45.2890588039543,55,25.4007233038453,0.457465240443983,0.555555555555556,0.256572962665104
"Recessive + Dominant",0.2,2,"dominant",5,30,13.7536871100566,16,7.70502344051299,0.458456237001887,0.533333333333333,0.256834114683766
"Recessive only",0.2,2,"dominant",5,2,0.940456961301061,0,0.442230132641462,0.470228480650531,0,0.221115066320731
"Additive + Dominant",0.3,2,"dominant",5,65,30.3591132940421,29,15.9184552250199,0.467063281446801,0.446153846153846,0.244899311154152
"Additive + Recessive",0.3,2,"dominant",5,7,3.1017465202589,0,1.38269214959119,0.443106645751271,0,0.197527449941599
"Additive only",0.3,2,"dominant",5,15,7.07031742588711,0,3.35175517363814,0.471354495059141,0,0.223450344909209
"Dominant only",0.3,2,"dominant",5,109,50.6604560987855,53,26.5246415856864,0.464774826594363,0.486238532110092,0.243345335648499
"Recessive + Dominant",0.3,2,"dominant",5,37,16.9161447444027,16,9.02957095852854,0.457193101200074,0.432432432432432,0.244042458338609
"Recessive only",0.3,2,"dominant",5,1,0.477014612319514,0,0.227542940366336,0.477014612319514,0,0.227542940366336
"Additive + Dominant",0.4,2,"dominant",5,70,33.1161236928711,32,17.2008734230426,0.47308748132673,0.457142857142857,0.245726763186322
"Additive + Recessive",0.4,2,"dominant",5,4,1.92223792467245,0,0.924058376348287,0.480559481168112,0,0.231014594087072
"Additive only",0.4,2,"dominant",5,12,5.74392014790717,0,2.75986242597272,0.478660012325598,0,0.229988535497727
"Dominant only",0.4,2,"dominant",5,137,63.5041148216635,69,34.2381390644366,0.463533684829661,0.503649635036496,0.249913423828004
"Recessive + Dominant",0.4,2,"dominant",5,49,22.4869725601247,18,11.4118127459498,0.458917807349484,0.36734693877551,0.232894137672445
"Recessive only",0.4,2,"dominant",5,1,0.479136992458657,0,0.229572257542327,0.479136992458657,0,0.229572257542327
"Additive + Dominant",0.1,3,"dominant",5,49,22.2660406018139,14,11.2214886324352,0.454408991873753,0.285714285714286,0.229009972090514
"Additive + Recessive",0.1,3,"dominant",5,7,3.09999259819894,0,1.37568784291061,0.442856085456992,0,0.196526834701516
"Additive + Recessive + Dominant",0.1,3,"dominant",5,13,5.93358395165251,5,3.18259297720579,0.456429534742501,0.384615384615385,0.244814844400446
"Additive only",0.1,3,"dominant",5,13,5.85665732910182,0,2.64824625872318,0.450512102238602,0,0.203711250671014
"Dominant only",0.1,3,"dominant",5,35,15.8978681204849,14,8.27639146728734,0.454224803442426,0.4,0.236468327636781
"Recessive + Dominant",0.1,3,"dominant",5,22,9.93469311026601,10,5.45321011831188,0.451576959557546,0.454545454545455,0.247873187195994
"Recessive only",0.1,3,"dominant",5,0,0,0,0,NA,NA,NA
"Additive + Dominant",0.2,3,"dominant",5,134,61.4008155312581,60,33.4129286670336,0.458215041278046,0.447761194029851,0.249350213933087
"Additive + Recessive",0.2,3,"dominant",5,16,7.46984081751189,0,3.49361720027137,0.466865051094493,0,0.21835107501696
"Additive + Recessive + Dominant",0.2,3,"dominant",5,35,15.5990902879632,15,8.6410197713016,0.445688293941804,0.428571428571429,0.246886279180046
"Additive only",0.2,3,"dominant",5,31,14.3346468065298,0,6.66792197548582,0.462407961500961,0,0.215094257273736
"Dominant only",0.2,3,"dominant",5,100,45.4819086044384,55,25.2862573176182,0.454819086044384,0.55,0.252862573176182
"Recessive + Dominant",0.2,3,"dominant",5,85,38.3788547835241,45,21.5386947707766,0.451515938629696,0.529411764705882,0.25339640906796
"Recessive only",0.2,3,"dominant",5,3,1.25637269277368,0,0.52625222072513,0.418790897591225,0,0.175417406908377
"Additive + Dominant",0.3,3,"dominant",5,182,83.9261662008785,82,46.2092215494994,0.461132781323508,0.450549450549451,0.253896821700546
"Additive + Recessive",0.3,3,"dominant",5,13,5.81764308631532,0,2.61186141843845,0.44751100663964,0,0.200912416802958
"Additive + Recessive + Dominant",0.3,3,"dominant",5,44,20.065479148284,19,10.6802059214912,0.456033617006454,0.431818181818182,0.242731952761163
"Additive only",0.3,3,"dominant",5,33,15.5240088211713,0,7.33885290502209,0.470424509732464,0,0.222389481970366
"Dominant only",0.3,3,"dominant",5,141,64.5098280583616,79,36.3201353052315,0.45751651105221,0.560283687943262,0.25758961209384
"Recessive + Dominant",0.3,3,"dominant",5,131,58.6849281973116,58,32.2256252281039,0.447976551124516,0.442748091603053,0.245997139145832
"Recessive only",0.3,3,"dominant",5,0,0,0,0,NA,NA,NA
"Additive + Dominant",0.4,3,"dominant",5,203,94.3107483530164,88,50.7381911482082,0.464584967256238,0.433497536945813,0.249941828316296
"Additive + Recessive",0.4,3,"dominant",5,8,3.55071350466856,0,1.57960435878386,0.44383918808357,0,0.197450544847982
"Additive + Recessive + Dominant",0.4,3,"dominant",5,51,23.4594016860314,22,12.6269535902642,0.459988268353558,0.431372549019608,0.247587325299298
"Additive only",0.4,3,"dominant",5,33,15.5024199897384,0,7.31483126770147,0.469770302719346,0,0.221661553566711
"Dominant only",0.4,3,"dominant",5,166,76.8310737503459,92,41.9734543185004,0.462837793676783,0.55421686746988,0.252852134448798
"Recessive + Dominant",0.4,3,"dominant",5,133,60.7135971334834,65,33.7707929416454,0.45649321152995,0.488721804511278,0.253915736403349
"Recessive only",0.4,3,"dominant",5,2,0.94917894335461,0,0.450616436934324,0.474589471677305,0,0.225308218467162
"Additive + Dominant",0.1,4,"dominant",5,72,32.4974803705146,32,17.8535712928655,0.451353894034925,0.444444444444444,0.247966267956465
"Additive + Recessive",0.1,4,"dominant",5,13,5.90720528542317,0,2.69535304120674,0.454400406571013,0,0.207334849323596
"Additive + Recessive + Dominant",0.1,4,"dominant",5,28,12.6557127720776,9,6.33162674048315,0.451989741859915,0.321428571428571,0.226129526445827
"Additive only",0.1,4,"dominant",5,11,4.93885772301659,0,2.22952896496782,0.448987065728781,0,0.202684451360711
"Dominant only",0.1,4,"dominant",5,27,12.1176187091292,15,6.97040817646142,0.448800692930713,0.555555555555556,0.258163265794867
"Recessive + Dominant",0.1,4,"dominant",5,22,9.70754913311388,10,5.37489524733167,0.441252233323358,0.454545454545455,0.244313420333258
"Recessive only",0.1,4,"dominant",5,0,0,0,0,NA,NA,NA
"Additive + Dominant",0.2,4,"dominant",5,175,80.1762204226367,79,42.7979373977611,0.458149830986496,0.451428571428571,0.24455964227292
"Additive + Recessive",0.2,4,"dominant",5,24,10.6867127562445,0,4.7784381477831,0.445279698176855,0,0.199101589490963
"Additive + Recessive + Dominant",0.2,4,"dominant",5,70,31.4606014995979,31,17.3698187332966,0.44943716427997,0.442857142857143,0.248140267618523
"Additive only",0.2,4,"dominant",5,20,9.26055537183468,0,4.31166822022396,0.463027768591734,0,0.215583411011198
"Dominant only",0.2,4,"dominant",5,84,38.005612697438,49,21.6789747695784,0.452447770207595,0.583333333333333,0.258083032971172
"Recessive + Dominant",0.2,4,"dominant",5,89,39.876020341829,44,22.1059875260272,0.448045172380101,0.49438202247191,0.248381882314913
"Recessive only",0.2,4,"dominant",5,2,0.856483859389653,0,0.367520499940879,0.428241929694827,0,0.18376024997044
"Additive + Dominant",0.3,4,"dominant",5,273,125.329261299439,119,67.0875189520342,0.459081543221388,0.435897435897436,0.245741827663129
"Additive + Recessive",0.3,4,"dominant",5,25,11.1236159860135,0,4.96507142620394,0.444944639440539,0,0.198602857048157
"Additive + Recessive + Dominant",0.3,4,"dominant",5,164,74.2313431174993,67,40.248516130924,0.452630140960362,0.408536585365854,0.245417781286122
"Additive only",0.3,4,"dominant",5,25,11.4946975233638,0,5.31303977356806,0.45978790093455,0,0.212521590942722
"Dominant only",0.3,4,"dominant",5,150,68.2717868839308,84,38.384263811784,0.455145245892872,0.56,0.25589509207856
"Recessive + Dominant",0.3,4,"dominant",5,226,101.524770221288,112,56.9679407098219,0.44922464699685,0.495575221238938,0.252070534114256
"Recessive only",0.3,4,"dominant",5,0,0,0,0,NA,NA,NA
"Additive + Dominant",0.4,4,"dominant",5,358,162.618685475472,162,89.7318317956144,0.454242138199644,0.452513966480447,0.250647574848085
"Additive + Recessive",0.4,4,"dominant",5,20,8.96192360093296,0,4.03553808407723,0.448096180046648,0,0.201776904203862
"Additive + Recessive + Dominant",0.4,4,"dominant",5,196,88.6257706100994,95,49.9223037721722,0.452172299031119,0.48469387755102,0.254705631490674
"Additive only",0.4,4,"dominant",5,31,14.2654006853731,0,6.60461578280606,0.460174215657196,0,0.213052122026002
"Dominant only",0.4,4,"dominant",5,199,91.1179385723885,107,50.5579326316427,0.45787908830346,0.537688442211055,0.254059962973079
"Recessive + Dominant",0.4,4,"dominant",5,275,124.338904263812,146,70.6791467737979,0.452141470050227,0.530909090909091,0.257015079177447
"Recessive only",0.4,4,"dominant",5,0,0,0,0,NA,NA,NA
"Additive + Dominant",0.1,5,"dominant",5,23,10.1364039273136,8,5.29156340150023,0.440713214231025,0.347826086956522,0.230067973978271
"Additive + Recessive",0.1,5,"dominant",5,15,6.5965635253552,0,2.91262015578794,0.439770901690347,0,0.19417467705253
"Additive + Recessive + Dominant",0.1,5,"dominant",5,57,25.2526856902624,20,13.5063208517618,0.443029573513375,0.350877192982456,0.236952997399331
"Additive only",0.1,5,"dominant",5,5,2.25386974149801,0,1.01975010858487,0.450773948299602,0,0.203950021716975
"Dominant only",0.1,5,"dominant",5,8,3.44254476755486,5,2.16697738464686,0.430318095944358,0.625,0.270872173080858
"Recessive + Dominant",0.1,5,"dominant",5,30,13.5143671762353,10,7.2131077875355,0.45047890587451,0.333333333333333,0.240436926251183
"Recessive only",0.1,5,"dominant",5,2,0.909447919285459,0,0.414079910869508,0.454723959642729,0,0.207039955434754
"Additive + Dominant",0.2,5,"dominant",5,160,71.7399398677812,43,36.8095606290291,0.448374624173632,0.26875,0.230059753931432
"Additive + Recessive",0.2,5,"dominant",5,43,19.1758071272972,0,8.59052375147657,0.445949002960401,0,0.199779622127362
"Additive + Recessive + Dominant",0.2,5,"dominant",5,187,83.7979939879518,77,45.6655112156755,0.448117614908833,0.411764705882353,0.244200594736233
"Additive only",0.2,5,"dominant",5,26,12.0110732331223,0,5.57515579305283,0.46196435512009,0,0.21442906896357
"Dominant only",0.2,5,"dominant",5,60,27.0873685957041,29,14.4681161795052,0.451456143261734,0.483333333333333,0.24113526965842
"Recessive + Dominant",0.2,5,"dominant",5,128,57.5775806417168,48,30.5905549191056,0.449824848763412,0.375,0.238988710305512
"Recessive only",0.2,5,"dominant",5,5,2.22842647631941,0,0.993814948712076,0.445685295263882,0,0.198762989742415
"Additive + Dominant",0.3,5,"dominant",5,412,186.350971113661,177,101.436393954747,0.45230818231471,0.429611650485437,0.246204839695988
"Additive + Recessive",0.3,5,"dominant",5,57,25.3047629397768,0,11.2835615234172,0.443943209469768,0,0.197957219709073
"Additive + Recessive + Dominant",0.3,5,"dominant",5,329,147.159069885598,134,79.0546749563752,0.447292005731301,0.407294832826748,0.240287765824848
"Additive only",0.3,5,"dominant",5,38,17.5749895717004,0,8.17102637699483,0.462499725571064,0,0.215027009920916
"Dominant only",0.3,5,"dominant",5,169,75.7433345561297,99,43.4383002969051,0.448185411574732,0.585798816568047,0.25703136270358
"Recessive + Dominant",0.3,5,"dominant",5,271,122.31090204032,140,68.7532529844656,0.451331741846199,0.516605166051661,0.253702040533084
"Recessive only",0.3,5,"dominant",5,1,0.432966715859024,0,0.187460177041749,0.432966715859024,0,0.187460177041749
"Additive + Dominant",0.4,5,"dominant",5,467,213.116535344428,204,115.060427404647,0.456352324078005,0.436830835117773,0.246382071530293
"Additive + Recessive",0.4,5,"dominant",5,43,19.1050060369186,0,8.5275517065967,0.444302465974852,0,0.198315155967365
"Additive + Recessive + Dominant",0.4,5,"dominant",5,367,165.684864891321,135,86.5456643033536,0.451457397524034,0.367847411444142,0.23581924878298
"Additive only",0.4,5,"dominant",5,46,21.7224514420454,0,10.2938430397646,0.472227205261857,0,0.223779196516622
"Dominant only",0.4,5,"dominant",5,222,101.192436649242,123,56.2367279996369,0.455821786708298,0.554054054054054,0.253318594592959
"Recessive + Dominant",0.4,5,"dominant",5,391,175.914009301126,176,96.4851126189849,0.449907952176792,0.450127877237852,0.246764993910447
"Recessive only",0.4,5,"dominant",5,1,0.451275777493542,0,0.203649827352401,0.451275777493542,0,0.203649827352401
"Additive only",0.1,1,"recessive",5,1,0.46295001745127,0,0.214322718658131,0.46295001745127,0,0.214322718658131
"Dominant only",0.1,1,"recessive",5,1,0.470507502143403,0,0.221377309573224,0.470507502143403,0,0.221377309573224
"Recessive only",0.1,1,"recessive",5,65,30.6128012633725,34,16.4650696781367,0.470966173282654,0.523076923076923,0.253308764279027
"Additive only",0.2,1,"recessive",5,1,0.458208251408183,0,0.209954801658544,0.458208251408183,0,0.209954801658544
"Dominant only",0.2,1,"recessive",5,1,0.464776804164611,0,0.216017477689469,0.464776804164611,0,0.216017477689469
"Recessive only",0.2,1,"recessive",5,72,34.4295053267728,38,18.1969674160555,0.478187573982955,0.527777777777778,0.252735658556327
"Additive only",0.3,1,"recessive",5,1,0.456100405011527,0,0.208027579451679,0.456100405011527,0,0.208027579451679
"Dominant only",0.3,1,"recessive",5,1,0.462633242403756,0,0.214029516977013,0.462633242403756,0,0.214029516977013
"Recessive only",0.3,1,"recessive",5,67,32.305197865956,30,16.4398975778703,0.482167132327702,0.447761194029851,0.245371605639855
"Additive only",0.4,1,"recessive",5,1,0.454753971989798,0,0.206801175040498,0.454753971989798,0,0.206801175040498
"Dominant only",0.4,1,"recessive",5,1,0.461274738295633,0,0.212774384189705,0.461274738295633,0,0.212774384189705
"Recessive only",0.4,1,"recessive",5,66,31.8932639356573,32,16.4260622669298,0.483231271752383,0.484848484848485,0.248879731317117
"Additive + Dominant",0.1,2,"recessive",5,1,0.447753515739612,0,0.200483210857183,0.447753515739612,0,0.200483210857183
"Additive + Recessive",0.1,2,"recessive",5,25,11.3019129768068,14,6.74445065625621,0.452076519072272,0.56,0.269778026250248
"Additive only",0.1,2,"recessive",5,0,0,0,0,NA,NA,NA
"Dominant only",0.1,2,"recessive",5,1,0.443427204058447,0,0.196627685299092,0.443427204058447,0,0.196627685299092
"Recessive + Dominant",0.1,2,"recessive",5,41,18.7563895219077,20,10.285018222598,0.45747291516848,0.48780487804878,0.250854102990196
"Recessive only",0.1,2,"recessive",5,61,27.6723600539941,25,15.2910249960682,0.453645246786789,0.409836065573771,0.250672540919151
"Additive + Dominant",0.2,2,"recessive",5,1,0.434189720274342,0,0.188520713191911,0.434189720274342,0,0.188520713191911
"Additive + Recessive",0.2,2,"recessive",5,40,18.4519530529906,18,9.79554431752094,0.461298826324766,0.45,0.244888607938023
"Additive only",0.2,2,"recessive",5,1,0.404315206828555,0,0.163470786472817,0.404315206828555,0,0.163470786472817
"Dominant only",0.2,2,"recessive",5,0,0,0,0,NA,NA,NA
"Recessive + Dominant",0.2,2,"recessive",5,65,30.6948216476013,33,16.6107207098491,0.472228025347712,0.507692307692308,0.255549549382294
"Recessive only",0.2,2,"recessive",5,114,53.5472231603603,51,28.1781871464397,0.46971248386281,0.447368421052632,0.247177080231927
"Additive + Dominant",0.3,2,"recessive",5,0,0,0,0,NA,NA,NA
"Additive + Recessive",0.3,2,"recessive",5,46,21.532107575311,19,11.2653209641494,0.468089295115456,0.41304347826087,0.244898281829334
"Additive only",0.3,2,"recessive",5,0,0,0,0,NA,NA,NA
"Dominant only",0.3,2,"recessive",5,0,0,0,0,NA,NA,NA
"Recessive + Dominant",0.3,2,"recessive",5,81,38.6426705060424,41,20.6591018282129,0.477070006247436,0.506172839506173,0.25505063985448
"Recessive only",0.3,2,"recessive",5,129,61.0004684120423,63,32.594475105123,0.472871848155367,0.488372093023256,0.252670349652116
"Additive + Dominant",0.4,2,"recessive",5,0,0,0,0,NA,NA,NA
"Additive + Recessive",0.4,2,"recessive",5,57,26.8516313481349,25,13.8343463858106,0.471081251721664,0.43859649122807,0.24270783133001
"Additive only",0.4,2,"recessive",5,0,0,0,0,NA,NA,NA
"Dominant only",0.4,2,"recessive",5,0,0,0,0,NA,NA,NA
"Recessive + Dominant",0.4,2,"recessive",5,79,38.1001077143884,40,20.1093010311891,0.482279844485929,0.506329113924051,0.254548114318849
"Recessive only",0.4,2,"recessive",5,125,59.7724556679138,58,30.8284641151107,0.47817964534331,0.464,0.246627712920886
"Additive + Dominant",0.1,3,"recessive",5,2,0.844991200674498,0,0.357331765183567,0.422495600337249,0,0.178665882591783
"Additive + Recessive",0.1,3,"recessive",5,40,18.4423767685145,24,10.4332714841336,0.461059419212862,0.6,0.260831787103341
"Additive + Recessive + Dominant",0.1,3,"recessive",5,13,5.84886939369388,5,3.23045333405285,0.449913030284144,0.384615384615385,0.248496410311758
"Additive only",0.1,3,"recessive",5,0,0,0,0,NA,NA,NA
"Dominant only",0.1,3,"recessive",5,2,0.868963714816618,0,0.377557282975744,0.434481857408309,0,0.188778641487872
"Recessive + Dominant",0.1,3,"recessive",5,38,16.9986301271623,13,9.08388681072245,0.447332371767429,0.342105263157895,0.239049652913749
"Recessive only",0.1,3,"recessive",5,38,17.1843933670443,21,9.75294039698572,0.452220878080113,0.552631578947368,0.256656326236466
"Additive + Dominant",0.2,3,"recessive",5,0,0,0,0,NA,NA,NA
"Additive + Recessive",0.2,3,"recessive",5,129,60.0847428047339,59,31.304595840153,0.465773200036697,0.457364341085271,0.242671285582581
"Additive + Recessive + Dominant",0.2,3,"recessive",5,30,14.1411089158388,14,7.42509822183484,0.471370297194628,0.466666666666667,0.247503274061161
"Additive only",0.2,3,"recessive",5,1,0.489529339911355,0,0.239638974634047,0.489529339911355,0,0.239638974634047
"Dominant only",0.2,3,"recessive",5,2,0.963235550957241,0,0.46391136331395,0.481617775478621,0,0.231955681656975
"Recessive + Dominant",0.2,3,"recessive",5,159,72.126065874679,76,39.2881983714833,0.453623055815591,0.477987421383648,0.247095587242033
"Recessive only",0.2,3,"recessive",5,149,68.3411508415822,71,37.3398307264312,0.458665441889814,0.476510067114094,0.250602890781417
"Additive + Dominant",0.3,3,"recessive",5,6,2.57997515259074,0,1.11041523056322,0.429995858765124,0,0.18506920509387
"Additive + Recessive",0.3,3,"recessive",5,171,79.3830198338947,75,42.3043304003911,0.464228186163127,0.43859649122807,0.247393745031527
"Additive + Recessive + Dominant",0.3,3,"recessive",5,49,22.6600864334011,22,12.0279431395369,0.462450743538798,0.448979591836735,0.245468227337487
"Additive only",0.3,3,"recessive",5,0,0,0,0,NA,NA,NA
"Dominant only",0.3,3,"recessive",5,2,0.912722141766785,0,0.416530854035674,0.456361070883393,0,0.208265427017837
"Recessive + Dominant",0.3,3,"recessive",5,192,89.9271107688787,89,47.6373776218169,0.46837036858791,0.463541666666667,0.248111341780297
"Recessive only",0.3,3,"recessive",5,183,85.9761063201413,84,45.4488586324615,0.469814788634652,0.459016393442623,0.24835441875662
"Additive + Dominant",0.4,3,"recessive",5,0,0,0,0,NA,NA,NA
"Additive + Recessive",0.4,3,"recessive",5,184,87.4382717763169,79,44.9414144659839,0.475207998784331,0.429347826086957,0.244246817749912
"Additive + Recessive + Dominant",0.4,3,"recessive",5,40,18.9943113171705,18,9.82555310189795,0.474857782929263,0.45,0.245638827547449
"Additive only",0.4,3,"recessive",5,0,0,0,0,NA,NA,NA
"Dominant only",0.4,3,"recessive",5,0,0,0,0,NA,NA,NA
"Recessive + Dominant",0.4,3,"recessive",5,208,99.459825309385,105,52.4518713911883,0.478172237064351,0.504807692307692,0.252172458611482
"Recessive only",0.4,3,"recessive",5,195,92.8860614422957,95,48.2627345546288,0.476338776627158,0.487179487179487,0.24750120284425
"Additive + Dominant",0.1,4,"recessive",5,2,0.903754144003714,0,0.410371353308105,0.451877072001857,0,0.205185676654052
"Additive + Recessive",0.1,4,"recessive",5,59,26.464815232889,24,14.3800132498502,0.44855619038795,0.406779661016949,0.243729038133053
"Additive + Recessive + Dominant",0.1,4,"recessive",5,38,16.9377853413796,14,9.18636363121767,0.445731193194201,0.368421052631579,0.241746411347834
"Additive only",0.1,4,"recessive",5,0,0,0,0,NA,NA,NA
"Dominant only",0.1,4,"recessive",5,1,0.432817551511143,0,0.187331032896101,0.432817551511143,0,0.187331032896101
"Recessive + Dominant",0.1,4,"recessive",5,31,13.8283791960904,13,7.42165843926745,0.44607674826098,0.419354838709677,0.239408336750563
"Recessive only",0.1,4,"recessive",5,33,14.9438577768491,15,8.3281392843379,0.452844175056034,0.454545454545455,0.252367857101149
"Additive + Dominant",0.2,4,"recessive",5,8,3.63356057421126,0,1.65513386629005,0.454195071776407,0,0.206891733286256
"Additive + Recessive",0.2,4,"recessive",5,210,95.9200939023018,98,52.0896430122509,0.456762351915723,0.466666666666667,0.248045919105956
"Additive + Recessive + Dominant",0.2,4,"recessive",5,132,60.7294348418783,69,33.4978551590028,0.460071476074836,0.522727272727273,0.253771629992445
"Additive only",0.2,4,"recessive",5,1,0.461333167579333,0,0.212828291508781,0.461333167579333,0,0.212828291508781
"Dominant only",0.2,4,"recessive",5,3,1.30412237740234,0,0.56885012170933,0.434707459134113,0,0.189616707236443
"Recessive + Dominant",0.2,4,"recessive",5,177,81.3759895916009,100,45.6430947712399,0.459751353624864,0.564971751412429,0.257870591927909
"Recessive only",0.2,4,"recessive",5,129,59.2271647991799,66,32.5729090970978,0.459125308520774,0.511627906976744,0.252503171295332
"Additive + Dominant",0.3,4,"recessive",5,8,3.56631931237854,0,1.59231074858061,0.445789914047317,0,0.199038843572576
"Additive + Recessive",0.3,4,"recessive",5,260,121.09570958542,121,64.0712601686476,0.465752729174694,0.465384615384615,0.246427923725568
"Additive + Recessive + Dominant",0.3,4,"recessive",5,198,91.3039874823104,104,50.1185787205839,0.461131249910659,0.525252525252525,0.253124134952444
"Additive only",0.3,4,"recessive",5,1,0.477012189610576,0,0.227540629037076,0.477012189610576,0,0.227540629037076
"Dominant only",0.3,4,"recessive",5,1,0.461974810202967,0,0.213420725262068,0.461974810202967,0,0.213420725262068
"Recessive + Dominant",0.3,4,"recessive",5,334,155.876750497993,159,82.9606183016366,0.466696857778423,0.476047904191617,0.248385084735439
"Recessive only",0.3,4,"recessive",5,194,90.3655173226156,88,47.7609783486176,0.465801635683586,0.45360824742268,0.246190610044421
"Additive + Dominant",0.4,4,"recessive",5,12,5.40468897754224,0,2.4421541876065,0.45039074812852,0,0.203512848967209
"Additive + Recessive",0.4,4,"recessive",5,327,152.988433082486,153,81.083183776114,0.467854535420448,0.467889908256881,0.247960806654783
"Additive + Recessive + Dominant",0.4,4,"recessive",5,248,115.66620193702,128,63.059811286524,0.466395975552499,0.516129032258065,0.254273432606952
"Additive only",0.4,4,"recessive",5,1,0.486331072623468,0,0.236517912199093,0.486331072623468,0,0.236517912199093
"Dominant only",0.4,4,"recessive",5,2,0.869635221813101,0,0.380070224289373,0.434817610906551,0,0.190035112144687
"Recessive + Dominant",0.4,4,"recessive",5,442,206.974064981102,215,109.678428982781,0.46826711534186,0.486425339366516,0.248141242042491
"Recessive only",0.4,4,"recessive",5,240,112.885936623472,114,59.529426495929,0.470358069264467,0.475,0.248039277066371
"Additive + Dominant",0.1,5,"recessive",5,9,4.26668224680881,0,2.02897823602774,0.474075805200979,0,0.225442026225305
"Additive + Recessive",0.1,5,"recessive",5,47,21.4481686431075,21,11.698854972971,0.456344013683139,0.446808510638298,0.248911807935553
"Additive + Recessive + Dominant",0.1,5,"recessive",5,27,12.3400333340918,12,6.67413699094528,0.457038271633029,0.444444444444444,0.247190258923899
"Additive only",0.1,5,"recessive",5,2,0.968809777210141,0,0.469296192208982,0.484404888605071,0,0.234648096104491
"Dominant only",0.1,5,"recessive",5,2,0.809632502256081,0,0.327752394354722,0.404816251128041,0,0.163876197177361
"Recessive + Dominant",0.1,5,"recessive",5,33,14.5317200816498,16,8.10609234503144,0.440355153989389,0.484848484848485,0.24563916197065
"Recessive only",0.1,5,"recessive",5,22,9.96801001766853,9,5.4395741336348,0.453091364439479,0.409090909090909,0.247253369710673
"Additive + Dominant",0.2,5,"recessive",5,12,5.62510461036278,0,2.64629169923909,0.468758717530232,0,0.220524308269924
"Additive + Recessive",0.2,5,"recessive",5,215,97.5087786840698,96,52.4286824637917,0.45352920318172,0.446511627906977,0.243854337040891
"Additive + Recessive + Dominant",0.2,5,"recessive",5,200,88.9879124939069,83,48.1476902446803,0.444939562469534,0.415,0.240738451223401
"Additive only",0.2,5,"recessive",5,2,0.964285242853211,0,0.464923014792238,0.482142621426605,0,0.232461507396119
"Dominant only",0.2,5,"recessive",5,0,0,0,0,NA,NA,NA
"Recessive + Dominant",0.2,5,"recessive",5,174,78.5476154931551,81,43.2420665655617,0.451423077546869,0.46551724137931,0.24851762394001
"Recessive only",0.2,5,"recessive",5,115,52.206753776074,54,28.2806349240761,0.453971771965861,0.469565217391304,0.245918564557184
"Additive + Dominant",0.3,5,"recessive",5,4,1.91728168911696,0,0.920547254546374,0.479320422279241,0,0.230136813636593
"Additive + Recessive",0.3,5,"recessive",5,369,173.129124570639,178,92.1136742873143,0.469184619432626,0.482384823848238,0.249630553624158
"Additive + Recessive + Dominant",0.3,5,"recessive",5,376,174.024154522418,172,93.4233807045618,0.462830198197921,0.457446808510638,0.248466438044047
"Additive only",0.3,5,"recessive",5,0,0,0,0,NA,NA,NA
"Dominant only",0.3,5,"recessive",5,1,0.403154572998005,0,0.162533609729204,0.403154572998005,0,0.162533609729204
"Recessive + Dominant",0.3,5,"recessive",5,428,198.170075311814,187,104.813340142637,0.463014194653771,0.436915887850467,0.244890981641676
"Recessive only",0.3,5,"recessive",5,201,93.1392149765603,94,49.9552159780236,0.463379178987862,0.467661691542289,0.248533412825988
"Additive + Dominant",0.4,5,"recessive",5,13,5.8983827328934,0,2.68581636210658,0.453721748684108,0,0.206601258623583
"Additive + Recessive",0.4,5,"recessive",5,450,213.132325161733,215,111.676038111772,0.473627389248295,0.477777777777778,0.248168973581716
"Additive + Recessive + Dominant",0.4,5,"recessive",5,508,237.899520511524,226,124.266056844266,0.468306142739221,0.44488188976378,0.244618222134381
"Additive only",0.4,5,"recessive",5,1,0.430402449436024,0,0.185246268480529,0.430402449436024,0,0.185246268480529
"Dominant only",0.4,5,"recessive",5,1,0.408722563730282,0,0.167054134102255,0.408722563730282,0,0.167054134102255
"Recessive + Dominant",0.4,5,"recessive",5,561,262.698168833058,241,136.050600165757,0.468267680629336,0.429590017825312,0.24251443879814
"Recessive only",0.4,5,"recessive",5,256,120.416351856346,116,62.854177710292,0.47037637443885,0.453125,0.245524131680828
"Additive only",0.1,1,"additive",6,24,13.3601276437666,12,6.11805468889352,0.55667198515694,0.5,0.254918945370563
"Dominant only",0.1,1,"additive",6,4,2.27209754591112,0,1.29531770264255,0.56802438647778,0,0.323829425660638
"Recessive only",0.1,1,"additive",6,1,0.536742299603018,0,0.288092296183136,0.536742299603018,0,0.288092296183136
"Additive only",0.2,1,"additive",6,23,12.1393957492348,14,5.77270996975107,0.527799815184124,0.608695652173913,0.250987389989177
"Dominant only",0.2,1,"additive",6,9,4.69467023273837,0,2.45446328327826,0.521630025859819,0,0.272718142586473
"Recessive only",0.2,1,"additive",6,0,0,0,0,NA,NA,NA
"Additive only",0.3,1,"additive",6,28,14.7325918879915,17,7.22281971864738,0.526163995999696,0.607142857142857,0.257957847094549
"Dominant only",0.3,1,"additive",6,7,3.55450818752253,0,1.80747933002953,0.507786883931791,0,0.258211332861361
"Recessive only",0.3,1,"additive",6,0,0,0,0,NA,NA,NA
"Additive only",0.4,1,"additive",6,34,17.7861655238133,24,8.27401598882857,0.523122515406274,0.705882352941177,0.243353411436134
"Dominant only",0.4,1,"additive",6,10,5.07336768950796,0,2.57868278234003,0.507336768950796,0,0.257868278234003
"Recessive only",0.4,1,"additive",6,0,0,0,0,NA,NA,NA
"Additive + Dominant",0.1,2,"additive",6,17,9.40957468174344,12,4.08089482335701,0.553504393043732,0.705882352941177,0.24005263666806
"Additive + Recessive",0.1,2,"additive",6,10,5.47215820674161,5,2.52279980290065,0.547215820674161,0.5,0.252279980290065
"Additive only",0.1,2,"additive",6,23,12.3897870511832,15,5.46372111281354,0.538686393529704,0.652173913043478,0.237553091861458
"Dominant only",0.1,2,"additive",6,8,4.35964387632135,0,2.38529801568713,0.544955484540169,0,0.298162251960891
"Recessive + Dominant",0.1,2,"additive",6,0,0,0,0,NA,NA,NA
"Recessive only",0.1,2,"additive",6,0,0,0,0,NA,NA,NA
"Additive + Dominant",0.2,2,"additive",6,28,14.9513250462326,16,6.79107976392468,0.533975894508307,0.571428571428571,0.24253856299731
"Additive + Recessive",0.2,2,"additive",6,17,9.40785041145065,10,4.26806701264561,0.55340296537945,0.588235294117647,0.251062765449742
"Additive only",0.2,2,"additive",6,51,27.7396557688137,32,12.3008915404737,0.543914818996347,0.627450980392157,0.241193951773994
"Dominant only",0.2,2,"additive",6,13,6.76264838606559,0,3.53297334136932,0.520203722005045,0,0.271767180105333
"Recessive + Dominant",0.2,2,"additive",6,0,0,0,0,NA,NA,NA
"Recessive only",0.2,2,"additive",6,0,0,0,0,NA,NA,NA
"Additive + Dominant",0.3,2,"additive",6,35,18.7959389029835,15,9.36667401141372,0.537026825799528,0.428571428571429,0.267619257468963
"Additive + Recessive",0.3,2,"additive",6,20,10.9836174504858,13,4.73105541098692,0.54918087252429,0.65,0.236552770549346
"Additive only",0.3,2,"additive",6,58,31.0448932310614,30,14.9164908474682,0.535256779845886,0.517241379310345,0.257180876680486
"Dominant only",0.3,2,"additive",6,14,7.13198889433989,0,3.63759423078809,0.509427778167135,0,0.259828159342006
"Recessive + Dominant",0.3,2,"additive",6,1,0.577502656385629,0,0.333509318132458,0.577502656385629,0,0.333509318132458
"Recessive only",0.3,2,"additive",6,0,0,0,0,NA,NA,NA
"Additive + Dominant",0.4,2,"additive",6,41,21.6119819835615,21,10.3682752046401,0.527121511794182,0.51219512195122,0.252884761088782
"Additive + Recessive",0.4,2,"additive",6,23,12.5070460490914,11,5.91215469482027,0.543784610830063,0.478260869565217,0.25705020412262
"Additive only",0.4,2,"additive",6,65,34.3577866071028,37,16.0965698514132,0.528581332416966,0.569230769230769,0.247639536175588
"Dominant only",0.4,2,"additive",6,15,7.61051860982182,0,3.86653048753412,0.507367907321455,0,0.257768699168941
"Recessive + Dominant",0.4,2,"additive",6,1,0.584921519437757,0,0.342133183901375,0.584921519437757,0,0.342133183901375
"Recessive only",0.4,2,"additive",6,0,0,0,0,NA,NA,NA
"Additive + Dominant",0.1,3,"additive",6,15,8.30987780572472,6,4.06255671871722,0.553991853714981,0.4,0.270837114581148
"Additive + Recessive",0.1,3,"additive",6,7,3.82367504795409,6,1.49991008226011,0.54623929256487,0.857142857142857,0.214272868894301
"Additive + Recessive + Dominant",0.1,3,"additive",6,1,0.501393833105032,1,0.248608109665692,0.501393833105032,1,0.248608109665692
"Additive only",0.1,3,"additive",6,18,9.85945704458805,11,4.41454218865885,0.547747613588225,0.611111111111111,0.245252343814381
"Dominant only",0.1,3,"additive",6,2,1.12073133940985,0,0.628838933793087,0.560365669704923,0,0.314419466896544
"Recessive + Dominant",0.1,3,"additive",6,5,2.61838587078974,0,1.37440254385425,0.523677174157948,0,0.274880508770849
"Recessive only",0.1,3,"additive",6,0,0,0,0,NA,NA,NA
"Additive + Dominant",0.2,3,"additive",6,80,42.7892295085241,42,20.1808042575463,0.534865368856552,0.525,0.252260053219329
"Additive + Recessive",0.2,3,"additive",6,45,24.2571643128887,29,10.598526205273,0.53904809584197,0.644444444444444,0.235522804561623
"Additive + Recessive + Dominant",0.2,3,"additive",6,15,8.13837459554795,7,3.94817172699149,0.542558306369864,0.466666666666667,0.263211448466099
"Additive only",0.2,3,"additive",6,58,31.1466212255197,38,13.69390896345,0.537010710784823,0.655172413793103,0.236101878680173
"Dominant only",0.2,3,"additive",6,15,8.15629565165478,0,4.44941634175909,0.543753043443652,0,0.296627756117273
"Recessive + Dominant",0.2,3,"additive",6,8,4.38315761207605,0,2.41051162153416,0.547894701509506,0,0.30131395269177
"Recessive only",0.2,3,"additive",6,0,0,0,0,NA,NA,NA
"Additive + Dominant",0.3,3,"additive",6,70,37.2963011862456,33,17.5856196599497,0.532804302660652,0.471428571428571,0.251223137999282
"Additive + Recessive",0.3,3,"additive",6,45,24.6096159048401,27,10.7375964574356,0.546880353440892,0.6,0.238613254609681
"Additive + Recessive + Dominant",0.3,3,"additive",6,17,9.38006731431428,10,4.12480656143959,0.551768665547899,0.588235294117647,0.242635680084682
"Additive only",0.3,3,"additive",6,65,35.1168052579701,33,16.478612654237,0.540258542430309,0.507692307692308,0.253517117757493
"Dominant only",0.3,3,"additive",6,16,8.3570549068213,0,4.37700763307284,0.522315931676331,0,0.273562977067052
"Recessive + Dominant",0.3,3,"additive",6,7,3.82200158241851,0,2.0880135603468,0.546000226059787,0,0.298287651478114
"Recessive only",0.3,3,"additive",6,0,0,0,0,NA,NA,NA
"Additive + Dominant",0.4,3,"additive",6,78,41.8115043116999,37,19.749865367142,0.536044927073076,0.474358974358974,0.253203402142847
"Additive + Recessive",0.4,3,"additive",6,62,33.9205558723396,35,15.4503893050168,0.547105739876446,0.564516129032258,0.249199827500272
"Additive + Recessive + Dominant",0.4,3,"additive",6,26,14.3705560721278,16,6.33844000355762,0.552713695081839,0.615384615384615,0.243786153982986
"Additive only",0.4,3,"additive",6,72,38.5716574622102,46,17.8431180155474,0.53571746475292,0.638888888888889,0.24782108354927
"Dominant only",0.4,3,"additive",6,11,5.68917833787776,0,2.94970742467933,0.51719803071616,0,0.268155220425394
"Recessive + Dominant",0.4,3,"additive",6,4,2.15954599633091,0,1.16861396934725,0.539886499082727,0,0.292153492336812
"Recessive only",0.4,3,"additive",6,0,0,0,0,NA,NA,NA
"Additive + Dominant",0.1,4,"additive",6,26,14.2310575855765,13,6.92143879515183,0.547348368676021,0.5,0.266209184428916
"Additive + Recessive",0.1,4,"additive",6,10,5.48728589655589,8,2.25489294493432,0.548728589655589,0.8,0.225489294493432
"Additive + Recessive + Dominant",0.1,4,"additive",6,15,8.20257403148563,6,3.94178475496611,0.546838268765708,0.4,0.262785650331074
"Additive only",0.1,4,"additive",6,16,8.8076367199126,9,4.04634170450794,0.550477294994538,0.5625,0.252896356531746
"Dominant only",0.1,4,"additive",6,5,2.68168806169612,0,1.4437329000535,0.536337612339225,0,0.288746580010699
"Recessive + Dominant",0.1,4,"additive",6,3,1.57773722490141,0,0.830266430793223,0.525912408300471,0,0.276755476931074
"Recessive only",0.1,4,"additive",6,0,0,0,0,NA,NA,NA
"Additive + Dominant",0.2,4,"additive",6,98,52.6295277041479,39,25.2592597247672,0.537035996981101,0.397959183673469,0.25774754821191
"Additive + Recessive",0.2,4,"additive",6,64,34.8972339721218,40,15.0527457009892,0.545269280814403,0.625,0.235199151577956
"Additive + Recessive + Dominant",0.2,4,"additive",6,58,32.095642230399,25,14.7009718413111,0.553373141903432,0.431034482758621,0.253465031746743
"Additive only",0.2,4,"additive",6,55,29.633458158583,36,13.2942657675489,0.538790148337872,0.654545454545455,0.241713923046344
"Dominant only",0.2,4,"additive",6,15,7.82527374475226,0,4.09220231798891,0.521684916316817,0,0.272813487865927
"Recessive + Dominant",0.2,4,"additive",6,28,15.1249870856577,0,8.18649794937835,0.54017811020206,0,0.292374926763513
"Recessive only",0.2,4,"additive",6,1,0.528010589366892,0,0.278795182483573,0.528010589366892,0,0.278795182483573
"Additive + Dominant",0.3,4,"additive",6,128,69.0655471681596,62,32.0044081686029,0.539574587251247,0.484375,0.25003443881721
"Additive + Recessive",0.3,4,"additive",6,120,65.8406814115741,71,28.8062723420164,0.54867234509645,0.591666666666667,0.240052269516804
"Additive + Recessive + Dominant",0.3,4,"additive",6,82,44.4510803775398,48,19.742661299302,0.542086346067558,0.585365853658537,0.24076416218661
"Additive only",0.3,4,"additive",6,68,36.8457538779401,39,17.0063691083777,0.541849321734413,0.573529411764706,0.250093663358495
"Dominant only",0.3,4,"additive",6,15,7.86558259412395,0,4.1348715546155,0.524372172941597,0,0.275658103641033
"Recessive + Dominant",0.3,4,"additive",6,29,15.6434011978061,0,8.4605096747774,0.539427627510555,0,0.291741712923358
"Recessive only",0.3,4,"additive",6,1,0.538892885802256,0,0.290405542368283,0.538892885802256,0,0.290405542368283
"Additive + Dominant",0.4,4,"additive",6,161,86.9515712710737,89,40.0898075106075,0.540071871248905,0.552795031055901,0.249005015593835
"Additive + Recessive",0.4,4,"additive",6,114,62.1661090988011,60,28.3884164194017,0.545316746480711,0.526315789473684,0.249021196661419
"Additive + Recessive + Dominant",0.4,4,"additive",6,92,50.4871058233138,39,23.5317613082647,0.548772889383845,0.423913043478261,0.255780014220268
"Additive only",0.4,4,"additive",6,94,50.9752244671198,62,23.0525990742141,0.542289621990636,0.659574468085106,0.245240415683129
"Dominant only",0.4,4,"additive",6,16,8.39454822175945,0,4.42481980014483,0.524659263859966,0,0.276551237509052
"Recessive + Dominant",0.4,4,"additive",6,24,13.0104539000395,0,7.06602904189704,0.542102245834977,0,0.29441787674571
"Recessive only",0.4,4,"additive",6,1,0.541971671542128,0,0.293733292754168,0.541971671542128,0,0.293733292754168
"Additive + Dominant",0.1,5,"additive",6,21,11.5685286555775,9,5.57113088510876,0.550882316932262,0.428571428571429,0.265291946909941
"Additive + Recessive",0.1,5,"additive",6,13,7.03181996244992,5,3.32999743671931,0.540909227880763,0.384615384615385,0.256153648978409
"Additive + Recessive + Dominant",0.1,5,"additive",6,15,8.25710018332755,1,4.51374599372164,0.55047334555517,0.0666666666666667,0.300916399581442
"Additive only",0.1,5,"additive",6,6,3.20117698252156,3,1.47527277974311,0.533529497086927,0.5,0.245878796623852
"Dominant only",0.1,5,"additive",6,5,2.76627434145647,0,1.5335775992176,0.553254868291295,0,0.306715519843519
"Recessive + Dominant",0.1,5,"additive",6,6,3.35256726899061,0,1.87479948088869,0.558761211498436,0,0.312466580148116
"Recessive only",0.1,5,"additive",6,1,0.522582740156015,0,0.273092720308969,0.522582740156015,0,0.273092720308969
"Additive + Dominant",0.2,5,"additive",6,95,51.6230947756547,50,24.0585018961642,0.543400997638471,0.526315789473684,0.253247388380675
"Additive + Recessive",0.2,5,"additive",6,69,38.0510775877218,36,17.1588356295498,0.551464892575678,0.521739130434783,0.248678777239853
"Additive + Recessive + Dominant",0.2,5,"additive",6,88,48.2290326838809,36,22.9985644342092,0.548057189589556,0.409090909090909,0.261347323116013
"Additive only",0.2,5,"additive",6,31,16.9567024720837,25,6.97412555169595,0.546990402325282,0.806451612903226,0.224971791990192
"Dominant only",0.2,5,"additive",6,13,7.14677200065381,0,3.94323643443964,0.549751692357985,0,0.30332587957228
"Recessive + Dominant",0.2,5,"additive",6,32,17.5775305461813,0,9.68427817405449,0.549297829568166,0,0.302633692939203
"Recessive only",0.2,5,"additive",6,2,1.12611520217813,0,0.635363492307516,0.563057601089064,0,0.317681746153758
"Additive + Dominant",0.3,5,"additive",6,178,96.5082450000147,83,45.7459187716892,0.542181151685476,0.466292134831461,0.256999543661175
"Additive + Recessive",0.3,5,"additive",6,136,74.8263602879544,88,31.7200145917773,0.550193825646723,0.647058823529412,0.233235401410127
"Additive + Recessive + Dominant",0.3,5,"additive",6,177,97.7332774518054,86,45.1585112063384,0.552165409332234,0.485875706214689,0.255132831674228
"Additive only",0.3,5,"additive",6,71,38.0792032364967,43,17.4246851742513,0.536326806147841,0.605633802816901,0.245418101045793
"Dominant only",0.3,5,"additive",6,19,10.3520817851148,0,5.66601214803814,0.544846409742884,0,0.298211165686218
"Recessive + Dominant",0.3,5,"additive",6,44,23.9507025813053,0,13.0761970383967,0.54433414957512,0,0.297186296327198
"Recessive only",0.3,5,"additive",6,1,0.592421514610555,0,0.350963250973464,0.592421514610555,0,0.350963250973464
"Additive + Dominant",0.4,5,"additive",6,225,121.926828963675,130,55.6575691778941,0.541897017616333,0.577777777777778,0.247366974123974
"Additive + Recessive",0.4,5,"additive",6,157,85.8507561195389,98,37.7418537996341,0.546820102672222,0.624203821656051,0.240393973246077
"Additive + Recessive + Dominant",0.4,5,"additive",6,177,96.473849073443,87,44.1620204750335,0.545049994765215,0.491525423728814,0.249502940536913
"Additive only",0.4,5,"additive",6,99,53.9204221097842,63,24.1250605246683,0.544650728381659,0.636363636363636,0.243687480047155
"Dominant only",0.4,5,"additive",6,20,10.4697322096784,0,5.4955513790422,0.523486610483922,0,0.27477756895211
"Recessive + Dominant",0.4,5,"additive",6,34,19.0554040592141,0,10.7030518844942,0.56045306056512,0,0.314795643661594
"Recessive only",0.4,5,"additive",6,2,1.0691118357492,0,0.571563014785822,0.534555917874598,0,0.285781507392911
"Additive only",0.1,1,"dominant",6,9,4.96101913774384,0,2.73735741749433,0.551224348638204,0,0.304150824166036
"Dominant only",0.1,1,"dominant",6,14,7.89842151237286,4,3.91630091178,0.56417296516949,0.285714285714286,0.279735779412857
"Recessive only",0.1,1,"dominant",6,0,0,0,0,NA,NA,NA
"Additive only",0.2,1,"dominant",6,4,2.06655507673024,0,1.07098465496881,0.51663876918256,0,0.267746163742202
"Dominant only",0.2,1,"dominant",6,20,10.540876676219,15,4.65405943750153,0.527043833810951,0.75,0.232702971875077
"Recessive only",0.2,1,"dominant",6,0,0,0,0,NA,NA,NA
"Additive only",0.3,1,"dominant",6,10,5.23498844551421,0,2.75087632205115,0.523498844551421,0,0.275087632205115
"Dominant only",0.3,1,"dominant",6,22,11.5556792297962,16,5.38305316394227,0.525258146808919,0.727272727272727,0.244684234724649
"Recessive only",0.3,1,"dominant",6,0,0,0,0,NA,NA,NA
"Additive only",0.4,1,"dominant",6,10,5.04010652696189,0,2.54167823412244,0.504010652696189,0,0.254167823412244
"Dominant only",0.4,1,"dominant",6,35,18.0485094807493,24,8.5198111877731,0.51567169944998,0.685714285714286,0.243423176793517
"Recessive only",0.4,1,"dominant",6,0,0,0,0,NA,NA,NA
"Additive + Dominant",0.1,2,"dominant",6,23,12.4693605300288,12,5.65169474669967,0.542146110001254,0.521739130434783,0.245725858552159
"Additive + Recessive",0.1,2,"dominant",6,1,0.517615701009385,0,0.267926013931437,0.517615701009385,0,0.267926013931437
"Additive only",0.1,2,"dominant",6,10,5.28521291243673,0,2.79783228185747,0.528521291243673,0,0.279783228185747
"Dominant only",0.1,2,"dominant",6,34,18.4887170688813,25,8.084599405328,0.543785796143567,0.735294117647059,0.237782335450823
"Recessive + Dominant",0.1,2,"dominant",6,11,5.88988698377288,8,2.54211744392991,0.53544427125208,0.727272727272727,0.23110158581181
"Recessive only",0.1,2,"dominant",6,0,0,0,0,NA,NA,NA
"Additive + Dominant",0.2,2,"dominant",6,30,16.2502981632849,16,7.10852560357266,0.541676605442831,0.533333333333333,0.236950853452422
"Additive + Recessive",0.2,2,"dominant",6,3,1.73293107122691,0,1.00113752487792,0.577643690408969,0,0.33371250829264
"Additive only",0.2,2,"dominant",6,10,5.07688182707535,0,2.58015832853252,0.507688182707535,0,0.258015832853252
"Dominant only",0.2,2,"dominant",6,40,21.4580682152135,26,9.67395182424709,0.536451705380338,0.65,0.241848795606177
"Recessive + Dominant",0.2,2,"dominant",6,16,8.77850346719597,12,3.60338994462511,0.548656466699748,0.75,0.225211871539069
"Recessive only",0.2,2,"dominant",6,0,0,0,0,NA,NA,NA
"Additive + Dominant",0.3,2,"dominant",6,35,18.8973213291979,20,8.46093578324993,0.539923466548512,0.571428571428571,0.241741022378569
"Additive + Recessive",0.3,2,"dominant",6,2,1.09669586165454,0,0.605057865815424,0.548347930827271,0,0.302528932907712
"Additive only",0.3,2,"dominant",6,12,6.11566847551257,0,3.12547607727893,0.509639039626048,0,0.260456339773245
"Dominant only",0.3,2,"dominant",6,54,28.7367917372916,37,13.183534525918,0.532162809949844,0.685185185185185,0.244139528257741
"Recessive + Dominant",0.3,2,"dominant",6,17,9.29928262635701,12,3.95391345496413,0.547016625079824,0.705882352941177,0.232583144409655
"Recessive only",0.3,2,"dominant",6,0,0,0,0,NA,NA,NA
"Additive + Dominant",0.4,2,"dominant",6,25,12.9922685504585,14,5.81012219407152,0.51969074201834,0.56,0.232404887762861
"Additive + Recessive",0.4,2,"dominant",6,1,0.576261733965369,0,0.332077586032773,0.576261733965369,0,0.332077586032773
"Additive only",0.4,2,"dominant",6,13,6.59678123299483,0,3.35544336481365,0.507444710230372,0,0.258111028062588
"Dominant only",0.4,2,"dominant",6,46,24.3866776951334,36,10.8231022129431,0.530145167285509,0.782608695652174,0.235284830716155
"Recessive + Dominant",0.4,2,"dominant",6,12,6.48528930954318,9,2.7035878770605,0.540440775795265,0.75,0.225298989755041
"Recessive only",0.4,2,"dominant",6,0,0,0,0,NA,NA,NA
"Additive + Dominant",0.1,3,"dominant",6,18,9.84019144470981,6,4.98286799487946,0.546677302483878,0.333333333333333,0.276825999715525
"Additive + Recessive",0.1,3,"dominant",6,3,1.68089967063963,0,0.944365280944167,0.56029989021321,0,0.314788426981389
"Additive + Recessive + Dominant",0.1,3,"dominant",6,3,1.58435682172486,3,0.668914902728442,0.528118940574952,1,0.222971634242814
"Additive only",0.1,3,"dominant",6,4,2.19327608111978,0,1.20557468536756,0.548319020279946,0,0.301393671341889
"Dominant only",0.1,3,"dominant",6,13,6.90141657045098,8,3.28164112415225,0.530878197726999,0.615384615384615,0.252433932627096
"Recessive + Dominant",0.1,3,"dominant",6,13,7.00016519708485,8,3.25240752755998,0.538474245929604,0.615384615384615,0.250185194427691
"Recessive only",0.1,3,"dominant",6,1,0.518627531687891,0,0.268974516624675,0.518627531687891,0,0.268974516624675
"Additive + Dominant",0.2,3,"dominant",6,64,34.6786858135312,34,16.084094354068,0.541854465836424,0.53125,0.251313974282312
"Additive + Recessive",0.2,3,"dominant",6,2,1.17005582056347,0,0.684529311368405,0.585027910281734,0,0.342264655684203
"Additive + Recessive + Dominant",0.2,3,"dominant",6,16,8.72080300064807,8,3.88524917691905,0.545050187540504,0.5,0.24282807355744
"Additive only",0.2,3,"dominant",6,11,5.85036168478582,0,3.12111914678807,0.531851062253256,0,0.283738104253461
"Dominant only",0.2,3,"dominant",6,55,29.8606644343897,38,13.4029490856833,0.542921171534358,0.690909090909091,0.243689983376059
"Recessive + Dominant",0.2,3,"dominant",6,36,19.8504748767687,22,8.60086168987845,0.551402079910241,0.611111111111111,0.238912824718846
"Recessive only",0.2,3,"dominant",6,1,0.573940826805338,0,0.329408072673995,0.573940826805338,0,0.329408072673995
"Additive + Dominant",0.3,3,"dominant",6,77,41.4623024685078,37,19.4328889810076,0.538471460629971,0.480519480519481,0.252375181571527
"Additive + Recessive",0.3,3,"dominant",6,10,5.24479247686893,0,2.75638882753568,0.524479247686893,0,0.275638882753568
"Additive + Recessive + Dominant",0.3,3,"dominant",6,15,8.35757922389143,8,3.7282110489252,0.557171948259429,0.533333333333333,0.24854740326168
"Additive only",0.3,3,"dominant",6,12,6.2706591103582,0,3.28855053027156,0.522554925863184,0,0.27404587752263
"Dominant only",0.3,3,"dominant",6,62,33.8249942477076,39,15.0175501831251,0.545564423350123,0.629032258064516,0.242218551340728
"Recessive + Dominant",0.3,3,"dominant",6,61,33.4847523886105,42,14.4608438011525,0.548930367026401,0.688524590163934,0.237063013133648
"Recessive only",0.3,3,"dominant",6,1,0.542660087791848,0,0.294479970882256,0.542660087791848,0,0.294479970882256
"Additive + Dominant",0.4,3,"dominant",6,88,47.063444346281,46,22.0431381170345,0.534811867571375,0.522727272727273,0.250490205875393
"Additive + Recessive",0.4,3,"dominant",6,8,4.45405007419732,0,2.48720783509413,0.556756259274665,0,0.310900979386766
"Additive + Recessive + Dominant",0.4,3,"dominant",6,15,8.0462793869164,10,3.61786712491566,0.536418625794427,0.666666666666667,0.241191141661044
"Additive only",0.4,3,"dominant",6,14,7.30343903345754,0,3.82048908769014,0.521674216675539,0,0.272892077692153
"Dominant only",0.4,3,"dominant",6,80,43.6113870242107,46,20.0286530856258,0.545142337802634,0.575,0.250358163570323
"Recessive + Dominant",0.4,3,"dominant",6,51,27.646422409212,31,12.2902161472434,0.542086713906118,0.607843137254902,0.240984630338106
"Recessive only",0.4,3,"dominant",6,0,0,0,0,NA,NA,NA
"Additive + Dominant",0.1,4,"dominant",6,15,7.95888621001549,5,3.88493377823346,0.530592414001033,0.333333333333333,0.258995585215564
"Additive + Recessive",0.1,4,"dominant",6,5,2.86167224822235,0,1.64128052559612,0.57233444964447,0,0.328256105119223
"Additive + Recessive + Dominant",0.1,4,"dominant",6,17,9.29427359426246,3,4.97832863061907,0.546721976133086,0.176470588235294,0.292842860624651
"Additive only",0.1,4,"dominant",6,2,1.05074731002862,0,0.552302217583857,0.525373655014308,0,0.276151108791929
"Dominant only",0.1,4,"dominant",6,5,2.76930570906241,4,1.13382752282444,0.553861141812483,0.8,0.226765504564887
"Recessive + Dominant",0.1,4,"dominant",6,14,7.48037833834346,5,3.74056666033792,0.534312738453104,0.357142857142857,0.26718333288128
"Recessive only",0.1,4,"dominant",6,0,0,0,0,NA,NA,NA
"Additive + Dominant",0.2,4,"dominant",6,85,46.0071864156548,44,21.2502448607913,0.541261016654763,0.517647058823529,0.250002880715191
"Additive + Recessive",0.2,4,"dominant",6,19,10.1808020315495,0,5.46742826215214,0.535831685871026,0,0.287759382218534
"Additive + Recessive + Dominant",0.2,4,"dominant",6,55,29.9787305229755,27,14.0808311605709,0.545067827690463,0.490909090909091,0.25601511201038
"Additive only",0.2,4,"dominant",6,16,8.40942852762721,0,4.43649979421663,0.5255892829767,0,0.277281237138539
"Dominant only",0.2,4,"dominant",6,48,26.1745539430047,40,10.7530108552705,0.545303207145931,0.833333333333333,0.224021059484802
"Recessive + Dominant",0.2,4,"dominant",6,72,39.586228682382,40,18.0020943063716,0.549808731699751,0.555555555555556,0.250029087588494
"Recessive only",0.2,4,"dominant",6,0,0,0,0,NA,NA,NA
"Additive + Dominant",0.3,4,"dominant",6,152,82.6888328100026,89,36.563999508079,0.544005479013175,0.585526315789474,0.240552628342625
"Additive + Recessive",0.3,4,"dominant",6,24,12.9889723219699,0,7.05825973133115,0.541207180082078,0,0.294094155472131
"Additive + Recessive + Dominant",0.3,4,"dominant",6,84,45.8885461593165,43,21.4003341427098,0.546292216182339,0.511904761904762,0.254765882651307
"Additive only",0.3,4,"dominant",6,17,8.77430070254657,0,4.53949099060263,0.516135335443916,0,0.267028881800155
"Dominant only",0.3,4,"dominant",6,86,46.7976145695417,61,20.3326732031795,0.54415830894816,0.709302325581395,0.236426432595111
"Recessive + Dominant",0.3,4,"dominant",6,108,58.8578796669219,67,25.9525542578251,0.544980367286313,0.62037037037037,0.240301428313195
"Recessive only",0.3,4,"dominant",6,1,0.523254396999526,0,0.273795163979337,0.523254396999526,0,0.273795163979337
"Additive + Dominant",0.4,4,"dominant",6,167,90.4909484242946,78,41.9433755545097,0.541861966612543,0.467065868263473,0.251157937452154
"Additive + Recessive",0.4,4,"dominant",6,15,8.44022319071352,0,4.75790787589259,0.562681546047568,0,0.317193858392839
"Additive + Recessive + Dominant",0.4,4,"dominant",6,92,49.6366087907239,38,23.7375435938971,0.539528356420912,0.41304347826087,0.258016778194533
"Additive only",0.4,4,"dominant",6,16,8.23923308061658,0,4.25385606816194,0.514952067538536,0,0.265866004260121
"Dominant only",0.4,4,"dominant",6,102,55.3646247071737,62,24.9392442007651,0.542790438305624,0.607843137254902,0.244502394125148
"Recessive + Dominant",0.4,4,"dominant",6,94,51.650688485013,43,24.1180845059641,0.549475409415032,0.457446808510638,0.256575367084724
"Recessive only",0.4,4,"dominant",6,1,0.518187072027754,0,0.268517841616697,0.518187072027754,0,0.268517841616697
"Additive + Dominant",0.1,5,"dominant",6,35,19.4125920872626,15,9.04343407004993,0.554645488207503,0.428571428571429,0.258383830572855
"Additive + Recessive",0.1,5,"dominant",6,2,1.13319396123614,0,0.643214063884339,0.566596980618072,0,0.32160703194217
"Additive + Recessive + Dominant",0.1,5,"dominant",6,27,14.9701318705858,6,7.47282014465059,0.554449328540215,0.222222222222222,0.27677111646854
"Additive only",0.1,5,"dominant",6,6,3.39515043166326,0,1.92296870566177,0.565858405277209,0,0.320494784276962
"Dominant only",0.1,5,"dominant",6,10,5.44449220835666,7,2.30853077595096,0.544449220835666,0.7,0.230853077595096
"Recessive + Dominant",0.1,5,"dominant",6,8,4.2784560273116,6,1.79260391509127,0.53480700341395,0.75,0.224075489386408
"Recessive only",0.1,5,"dominant",6,0,0,0,0,NA,NA,NA
"Additive + Dominant",0.2,5,"dominant",6,122,66.2599530090662,70,29.6494151578813,0.543114368926772,0.573770491803279,0.243027993097388
"Additive + Recessive",0.2,5,"dominant",6,18,9.83090582917797,0,5.38988193750091,0.546161434954332,0,0.299437885416717
"Additive + Recessive + Dominant",0.2,5,"dominant",6,81,43.9940343785371,42,20.2854862813474,0.54313622689552,0.518518518518518,0.250438102238857
"Additive only",0.2,5,"dominant",6,14,7.58485460816656,0,4.12467124948676,0.541775329154754,0,0.29461937496334
"Dominant only",0.2,5,"dominant",6,43,23.6515864076108,29,10.167981007336,0.550036893200251,0.674418604651163,0.23646467458921
"Recessive + Dominant",0.2,5,"dominant",6,75,41.1895948233347,42,18.2911775212461,0.549194597644462,0.56,0.243882366949947
"Recessive only",0.2,5,"dominant",6,0,0,0,0,NA,NA,NA
"Additive + Dominant",0.3,5,"dominant",6,181,97.4282500287003,106,43.9621439273932,0.538277624467957,0.585635359116022,0.24288477307952
"Additive + Recessive",0.3,5,"dominant",6,15,8.38281235530591,0,4.69954802030686,0.558854157020394,0,0.313303201353791
"Additive + Recessive + Dominant",0.3,5,"dominant",6,155,84.6355572759972,79,39.0521621138279,0.54603585339353,0.509677419354839,0.251949432992438
"Additive only",0.3,5,"dominant",6,16,8.51463656289419,0,4.54804435049186,0.532164785180887,0,0.284252771905741
"Dominant only",0.3,5,"dominant",6,69,37.7127697672537,44,16.5681320707572,0.546561880684836,0.63768115942029,0.24011785609793
"Recessive + Dominant",0.3,5,"dominant",6,135,74.4241473481334,91,31.0571444089658,0.551289980356544,0.674074074074074,0.230052921547894
"Recessive only",0.3,5,"dominant",6,1,0.514088896247661,0,0.264287393245139,0.514088896247661,0,0.264287393245139
"Additive + Dominant",0.4,5,"dominant",6,269,146.506300045443,165,64.9966842179155,0.544633085670791,0.613382899628253,0.24162336140489
"Additive + Recessive",0.4,5,"dominant",6,25,14.0789255325351,0,7.94546987590592,0.563157021301402,0,0.317818795036237
"Additive + Recessive + Dominant",0.4,5,"dominant",6,213,116.943576289101,119,52.9135362397132,0.549030874596717,0.55868544600939,0.248420357932926
"Additive only",0.4,5,"dominant",6,19,9.94568490661723,0,5.22467262843094,0.523457100348275,0,0.274982769917418
"Dominant only",0.4,5,"dominant",6,114,62.2541085913952,77,26.7247307313851,0.546088671854344,0.675438596491228,0.234427462556009
"Recessive + Dominant",0.4,5,"dominant",6,176,95.4607385464898,101,42.9007088980191,0.542390559923238,0.573863636363636,0.243754027829654
"Recessive only",0.4,5,"dominant",6,0,0,0,0,NA,NA,NA
"Additive only",0.1,1,"recessive",6,0,0,0,0,NA,NA,NA
"Dominant only",0.1,1,"recessive",6,0,0,0,0,NA,NA,NA
"Recessive only",0.1,1,"recessive",6,20,10.8834484029394,12,4.86280542009823,0.544172420146969,0.6,0.243140271004912
"Additive only",0.2,1,"recessive",6,0,0,0,0,NA,NA,NA
"Dominant only",0.2,1,"recessive",6,0,0,0,0,NA,NA,NA
"Recessive only",0.2,1,"recessive",6,26,13.7323815035736,16,6.19773718973932,0.528168519368214,0.615384615384615,0.238374507297666
"Additive only",0.3,1,"recessive",6,0,0,0,0,NA,NA,NA
"Dominant only",0.3,1,"recessive",6,0,0,0,0,NA,NA,NA
"Recessive only",0.3,1,"recessive",6,34,17.2634912275781,17,8.60511614283249,0.50774974198759,0.5,0.253091651259779
"Additive only",0.4,1,"recessive",6,0,0,0,0,NA,NA,NA
"Dominant only",0.4,1,"recessive",6,0,0,0,0,NA,NA,NA
"Recessive only",0.4,1,"recessive",6,40,20.3387598535431,20,9.99942116042409,0.508468996338577,0.5,0.249985529010602
"Additive + Dominant",0.1,2,"recessive",6,1,0.504056968111114,0,0.254073427101368,0.504056968111114,0,0.254073427101368
"Additive + Recessive",0.1,2,"recessive",6,12,6.53138782326233,7,2.81355225106703,0.544282318605194,0.583333333333333,0.234462687588919
"Additive only",0.1,2,"recessive",6,1,0.519688354227302,0,0.270075985519481,0.519688354227302,0,0.270075985519481
"Dominant only",0.1,2,"recessive",6,1,0.511400522384554,0,0.261530494295195,0.511400522384554,0,0.261530494295195
"Recessive + Dominant",0.1,2,"recessive",6,12,6.41392165895779,9,2.76084021694764,0.534493471579816,0.75,0.23007001807897
"Recessive only",0.1,2,"recessive",6,23,12.413544481333,14,5.76705237860423,0.539719325275346,0.608695652173913,0.250741407765401
"Additive + Dominant",0.2,2,"recessive",6,0,0,0,0,NA,NA,NA
"Additive + Recessive",0.2,2,"recessive",6,14,7.62424149966393,9,3.32500784549874,0.544588678547424,0.642857142857143,0.237500560392767
"Additive only",0.2,2,"recessive",6,0,0,0,0,NA,NA,NA
"Dominant only",0.2,2,"recessive",6,0,0,0,0,NA,NA,NA
"Recessive + Dominant",0.2,2,"recessive",6,16,8.62088055500552,7,4.24826091312871,0.538805034687845,0.4375,0.265516307070544
"Recessive only",0.2,2,"recessive",6,27,14.6874049553429,16,6.51059453344114,0.543977961308995,0.592592592592593,0.241133130868191
"Additive + Dominant",0.3,2,"recessive",6,0,0,0,0,NA,NA,NA
"Additive + Recessive",0.3,2,"recessive",6,13,6.94293685922797,10,3.00696403098958,0.534072066094459,0.769230769230769,0.231304925460737
"Additive only",0.3,2,"recessive",6,0,0,0,0,NA,NA,NA
"Dominant only",0.3,2,"recessive",6,0,0,0,0,NA,NA,NA
"Recessive + Dominant",0.3,2,"recessive",6,17,9.03150241543217,8,4.25292848041078,0.531264847966598,0.470588235294118,0.250172263553575
"Recessive only",0.3,2,"recessive",6,33,17.4360740610765,18,8.28715848377474,0.528365880638683,0.545454545454545,0.251126014659841
"Additive + Dominant",0.4,2,"recessive",6,0,0,0,0,NA,NA,NA
"Additive + Recessive",0.4,2,"recessive",6,6,3.09949989916674,4,1.41052544519129,0.51658331652779,0.666666666666667,0.235087574198549
"Additive only",0.4,2,"recessive",6,0,0,0,0,NA,NA,NA
"Dominant only",0.4,2,"recessive",6,0,0,0,0,NA,NA,NA
"Recessive + Dominant",0.4,2,"recessive",6,27,13.7380738992406,12,6.9639021308463,0.508817551823724,0.444444444444444,0.257922301142456
"Recessive only",0.4,2,"recessive",6,41,20.7785707605823,19,10.2953191370899,0.50679440879469,0.463414634146341,0.25110534480707
"Additive + Dominant",0.1,3,"recessive",6,1,0.586018063330106,0,0.343417170549168,0.586018063330106,0,0.343417170549168
"Additive + Recessive",0.1,3,"recessive",6,21,11.4422613397519,7,5.64504125141247,0.544869587607233,0.333333333333333,0.268811488162498
"Additive + Recessive + Dominant",0.1,3,"recessive",6,9,4.7982753429984,4,2.30549051204585,0.5331417047776,0.444444444444444,0.256165612449539
"Additive only",0.1,3,"recessive",6,2,1.04091891067869,0,0.542026617574291,0.520459455339343,0,0.271013308787146
"Dominant only",0.1,3,"recessive",6,0,0,0,0,NA,NA,NA
"Recessive + Dominant",0.1,3,"recessive",6,13,7.11045746267281,6,3.44638398124966,0.546958266359447,0.461538461538462,0.265106460096128
"Recessive only",0.1,3,"recessive",6,15,8.26568584451129,7,3.92875441121687,0.551045722967419,0.466666666666667,0.261916960747791
"Additive + Dominant",0.2,3,"recessive",6,0,0,0,0,NA,NA,NA
"Additive + Recessive",0.2,3,"recessive",6,44,23.755692550836,20,11.3977073825721,0.539902103428091,0.454545454545455,0.259038804149365
"Additive + Recessive + Dominant",0.2,3,"recessive",6,13,7.06035116124992,6,3.4455229085297,0.543103935480763,0.461538461538462,0.265040223733053
"Additive only",0.2,3,"recessive",6,0,0,0,0,NA,NA,NA
"Dominant only",0.2,3,"recessive",6,0,0,0,0,NA,NA,NA
"Recessive + Dominant",0.2,3,"recessive",6,43,23.3659133839533,24,10.3911378471813,0.543393334510543,0.558139534883721,0.241654368539101
"Recessive only",0.2,3,"recessive",6,34,18.417958025917,17,8.52625986855491,0.541704647821088,0.5,0.250772349075144
"Additive + Dominant",0.3,3,"recessive",6,0,0,0,0,NA,NA,NA
"Additive + Recessive",0.3,3,"recessive",6,68,36.0645586869712,37,16.729250519756,0.530361157161341,0.544117647058823,0.246018389996412
"Additive + Recessive + Dominant",0.3,3,"recessive",6,20,10.7853346685359,12,4.94404274190366,0.539266733426796,0.6,0.247202137095183
"Additive only",0.3,3,"recessive",6,0,0,0,0,NA,NA,NA
"Dominant only",0.3,3,"recessive",6,0,0,0,0,NA,NA,NA
"Recessive + Dominant",0.3,3,"recessive",6,55,29.2307460935956,25,14.1118638903962,0.531468110792647,0.454545454545455,0.256579343461749
"Recessive only",0.3,3,"recessive",6,55,29.4037666579819,26,13.7408699326942,0.534613939236034,0.472727272727273,0.249833998776257
"Additive + Dominant",0.4,3,"recessive",6,1,0.553551934611779,0,0.306419744312443,0.553551934611779,0,0.306419744312443
"Additive + Recessive",0.4,3,"recessive",6,83,43.655521800397,46,20.5326460726466,0.525970142173458,0.55421686746988,0.247381277983693
"Additive + Recessive + Dominant",0.4,3,"recessive",6,19,10.0904298230986,10,4.57737635754903,0.531075253847295,0.526315789473684,0.24091454513416
"Additive only",0.4,3,"recessive",6,0,0,0,0,NA,NA,NA
"Dominant only",0.4,3,"recessive",6,0,0,0,0,NA,NA,NA
"Recessive + Dominant",0.4,3,"recessive",6,64,33.4966242721033,29,15.9316985724781,0.523384754251615,0.453125,0.248932790194971
"Recessive only",0.4,3,"recessive",6,64,33.4299582619858,27,16.4440879243253,0.522343097843528,0.421875,0.256938873817582
"Additive + Dominant",0.1,4,"recessive",6,0,0,0,0,NA,NA,NA
"Additive + Recessive",0.1,4,"recessive",6,27,14.7131777848156,19,6.50434215805442,0.544932510548727,0.703703703703704,0.240901561409423
"Additive + Recessive + Dominant",0.1,4,"recessive",6,16,8.7263831767428,8,4.11089042289058,0.545398948546425,0.5,0.256930651430661
"Additive only",0.1,4,"recessive",6,0,0,0,0,NA,NA,NA
"Dominant only",0.1,4,"recessive",6,1,0.51267031760729,0,0.262830854555559,0.51267031760729,0,0.262830854555559
"Recessive + Dominant",0.1,4,"recessive",6,18,9.61827882826825,13,4.15597680600608,0.53434882379268,0.722222222222222,0.230887600333671
"Recessive only",0.1,4,"recessive",6,10,5.50175803260886,7,2.28789388262023,0.550175803260886,0.7,0.228789388262023
"Additive + Dominant",0.2,4,"recessive",6,2,1.1265931955075,0,0.634607620091449,0.56329659775375,0,0.317303810045724
"Additive + Recessive",0.2,4,"recessive",6,76,41.067222198975,39,19.1660746980234,0.540358186828618,0.513157894736842,0.252185193395044
"Additive + Recessive + Dominant",0.2,4,"recessive",6,49,26.4046587809327,27,12.2264659848356,0.538870587365974,0.551020408163265,0.249519713976236
"Additive only",0.2,4,"recessive",6,0,0,0,0,NA,NA,NA
"Dominant only",0.2,4,"recessive",6,2,1.05540141063079,0,0.557327460485146,0.527700705315396,0,0.278663730242573
"Recessive + Dominant",0.2,4,"recessive",6,77,41.6928668371294,44,18.8238849351426,0.541465803079603,0.571428571428571,0.244466038118735
"Recessive only",0.2,4,"recessive",6,57,31.2095202440476,33,14.0641326585946,0.547535442878027,0.578947368421053,0.246739169449028
"Additive + Dominant",0.3,4,"recessive",6,7,3.87971460541283,0,2.15758597670669,0.554244943630405,0,0.308226568100956
"Additive + Recessive",0.3,4,"recessive",6,86,45.9813475583389,48,21.2884597713283,0.534666832073708,0.558139534883721,0.247540229899167
"Additive + Recessive + Dominant",0.3,4,"recessive",6,56,29.9338449700667,25,14.2509591826073,0.534532945894049,0.446428571428571,0.254481413975131
"Additive only",0.3,4,"recessive",6,2,1.08749018486053,0,0.593877927565645,0.543745092430265,0,0.296938963782822
"Dominant only",0.3,4,"recessive",6,1,0.590887862814092,0,0.349148466421005,0.590887862814092,0,0.349148466421005
"Recessive + Dominant",0.3,4,"recessive",6,81,43.3794043191052,36,20.7777153157424,0.535548201470434,0.444444444444444,0.256515003898055
"Recessive only",0.3,4,"recessive",6,55,29.4529856487774,28,14.151349723746,0.53550882997777,0.509090909090909,0.257297267704473
"Additive + Dominant",0.4,4,"recessive",6,4,2.34430584290062,0,1.37444454423943,0.586076460725154,0,0.343611136059859
"Additive + Recessive",0.4,4,"recessive",6,87,46.0804042869047,49,21.310008726304,0.529659819389709,0.563218390804598,0.244942629037977
"Additive + Recessive + Dominant",0.4,4,"recessive",6,68,36.6485958578085,35,16.8835773489497,0.538949939085419,0.514705882352941,0.248287902190437
"Additive only",0.4,4,"recessive",6,2,1.13877199036818,0,0.649443327509469,0.569385995184088,0,0.324721663754735
"Dominant only",0.4,4,"recessive",6,3,1.75665164706107,0,1.02863503028644,0.585550549020357,0,0.342878343428815
"Recessive + Dominant",0.4,4,"recessive",6,105,56.9398960650097,56,26.0478632287055,0.542284724428664,0.533333333333333,0.248074887892433
"Recessive only",0.4,4,"recessive",6,73,39.1724610665551,40,18.4115594075199,0.536609055706234,0.547945205479452,0.252213142568766
"Additive + Dominant",0.1,5,"recessive",6,4,2.2113898051651,0,1.22612660858301,0.552847451291274,0,0.306531652145751
"Additive + Recessive",0.1,5,"recessive",6,17,9.37905346321753,10,4.00576553457363,0.55170902724809,0.588235294117647,0.235633266739625
"Additive + Recessive + Dominant",0.1,5,"recessive",6,15,8.42250497929706,9,3.57172815321494,0.561500331953138,0.6,0.238115210214329
"Additive only",0.1,5,"recessive",6,0,0,0,0,NA,NA,NA
"Dominant only",0.1,5,"recessive",6,0,0,0,0,NA,NA,NA
"Recessive + Dominant",0.1,5,"recessive",6,10,5.65389115522878,4,2.63603433188466,0.565389115522878,0.4,0.263603433188466
"Recessive only",0.1,5,"recessive",6,7,3.87904701267144,6,1.42368968065264,0.554149573238777,0.857142857142857,0.203384240093235
"Additive + Dominant",0.2,5,"recessive",6,1,0.560212717021286,0,0.313838288312372,0.560212717021286,0,0.313838288312372
"Additive + Recessive",0.2,5,"recessive",6,82,44.351202837246,43,21.0944871366761,0.540868327283488,0.524390243902439,0.257249843130197
"Additive + Recessive + Dominant",0.2,5,"recessive",6,89,47.8361712184142,51,21.6578445006367,0.537485069869822,0.573033707865168,0.243346567422885
"Additive only",0.2,5,"recessive",6,0,0,0,0,NA,NA,NA
"Dominant only",0.2,5,"recessive",6,0,0,0,0,NA,NA,NA
"Recessive + Dominant",0.2,5,"recessive",6,65,35.4617052379675,38,15.9956949215366,0.54556469596873,0.584615384615385,0.246087614177486
"Recessive only",0.2,5,"recessive",6,35,19.0690016851864,18,8.8756529798118,0.544828619576755,0.514285714285714,0.25359008513748
"Additive + Dominant",0.3,5,"recessive",6,0,0,0,0,NA,NA,NA
"Additive + Recessive",0.3,5,"recessive",6,150,81.5192713516757,70,37.8406634412879,0.543461809011171,0.466666666666667,0.252271089608586
"Additive + Recessive + Dominant",0.3,5,"recessive",6,165,88.4332278093337,84,41.3419963129513,0.535958956420204,0.509090909090909,0.250557553411826
"Additive only",0.3,5,"recessive",6,0,0,0,0,NA,NA,NA
"Dominant only",0.3,5,"recessive",6,0,0,0,0,NA,NA,NA
"Recessive + Dominant",0.3,5,"recessive",6,119,65.1511970911558,79,27.8182633278544,0.547489051186183,0.663865546218487,0.233766918721466
"Recessive only",0.3,5,"recessive",6,63,33.9720378976554,33,15.7744478509563,0.539238696788182,0.523809523809524,0.250388061126291
"Additive + Dominant",0.4,5,"recessive",6,1,0.516859397032828,0,0.267143636301138,0.516859397032828,0,0.267143636301138
"Additive + Recessive",0.4,5,"recessive",6,141,75.4618517841158,76,34.1517156085971,0.535190438185219,0.539007092198582,0.242210748997142
"Additive + Recessive + Dominant",0.4,5,"recessive",6,169,90.1113851515226,89,41.7202730744625,0.533203462435045,0.526627218934911,0.246865521150666
"Additive only",0.4,5,"recessive",6,0,0,0,0,NA,NA,NA
"Dominant only",0.4,5,"recessive",6,0,0,0,0,NA,NA,NA
"Recessive + Dominant",0.4,5,"recessive",6,139,74.8272480012786,84,32.7133735802707,0.538325525189055,0.60431654676259,0.235348011368854
"Recessive only",0.4,5,"recessive",6,79,42.6176288217443,47,19.0989855230853,0.539463655971447,0.594936708860759,0.241759310418801
"Additive only",0.1,1,"additive",7,14,9.21332545204533,9,3.15205639920806,0.658094675146095,0.642857142857143,0.225146885657719
"Dominant only",0.1,1,"additive",7,3,2.02605838116727,0,1.36980956800518,0.675352793722425,0,0.456603189335059
"Recessive only",0.1,1,"additive",7,0,0,0,0,NA,NA,NA
"Additive only",0.2,1,"additive",7,20,12.9096126491569,14,4.31512494871405,0.645480632457847,0.7,0.215756247435702
"Dominant only",0.2,1,"additive",7,0,0,0,0,NA,NA,NA
"Recessive only",0.2,1,"additive",7,0,0,0,0,NA,NA,NA
"Additive only",0.3,1,"additive",7,17,10.9934288974651,11,4.03233640307006,0.646672288086183,0.647058823529412,0.237196259004121
"Dominant only",0.3,1,"additive",7,1,0.612584308959088,0,0.375259535582884,0.612584308959088,0,0.375259535582884
"Recessive only",0.3,1,"additive",7,0,0,0,0,NA,NA,NA
"Additive only",0.4,1,"additive",7,8,5.14838868876393,2,2.83919904463248,0.643548586095491,0.25,0.35489988057906
"Dominant only",0.4,1,"additive",7,0,0,0,0,NA,NA,NA
"Recessive only",0.4,1,"additive",7,0,0,0,0,NA,NA,NA
"Additive + Dominant",0.1,2,"additive",7,11,7.34980049281892,6,2.91135074666318,0.668163681165356,0.545454545454545,0.264668249696652
"Additive + Recessive",0.1,2,"additive",7,6,3.84019815970801,5,1.01061546892761,0.640033026618002,0.833333333333333,0.168435911487936
"Additive only",0.1,2,"additive",7,24,15.5027835038583,16,5.32713241808387,0.645949312660763,0.666666666666667,0.221963850753494
"Dominant only",0.1,2,"additive",7,6,3.99229042021858,0,2.65766968658399,0.665381736703097,0,0.442944947763998
"Recessive + Dominant",0.1,2,"additive",7,0,0,0,0,NA,NA,NA
"Recessive only",0.1,2,"additive",7,0,0,0,0,NA,NA,NA
"Additive + Dominant",0.2,2,"additive",7,24,15.3635964885124,18,4.60238477772325,0.640149853688016,0.75,0.191766032405135
"Additive + Recessive",0.2,2,"additive",7,9,5.84561175368031,5,2.12961073415842,0.64951241707559,0.555555555555556,0.236623414906491
"Additive only",0.2,2,"additive",7,43,27.8251380147973,36,7.15920416133303,0.647096232902263,0.837209302325581,0.166493120031001
"Dominant only",0.2,2,"additive",7,5,3.34115856499825,0,2.23607955234778,0.668231712999651,0,0.447215910469555
"Recessive + Dominant",0.2,2,"additive",7,1,0.653222659072214,0,0.426699842325374,0.653222659072214,0,0.426699842325374
"Recessive only",0.2,2,"additive",7,1,0.659581487810515,0,0.435047739062333,0.659581487810515,0,0.435047739062333
"Additive + Dominant",0.3,2,"additive",7,18,11.5913835182518,11,4.36335967988968,0.643965751013986,0.611111111111111,0.242408871104982
"Additive + Recessive",0.3,2,"additive",7,21,13.6901288963096,13,4.72001873323808,0.651910899824265,0.619047619047619,0.224762796820861
"Additive only",0.3,2,"additive",7,32,20.7514460530446,21,7.3160280821023,0.648482689157643,0.65625,0.228625877565697
"Dominant only",0.3,2,"additive",7,4,2.59052447537938,0,1.67899348343027,0.647631118844846,0,0.419748370857568
"Recessive + Dominant",0.3,2,"additive",7,0,0,0,0,NA,NA,NA
"Recessive only",0.3,2,"additive",7,0,0,0,0,NA,NA,NA
"Additive + Dominant",0.4,2,"additive",7,17,11.0923807598455,8,4.8422324483744,0.652492985873264,0.470588235294118,0.284837202845553
"Additive + Recessive",0.4,2,"additive",7,14,9.1765310996346,10,3.04132059451425,0.655466507116757,0.714285714285714,0.217237185322446
"Additive only",0.4,2,"additive",7,27,17.4831898599859,16,6.38028093914714,0.647525550369849,0.592592592592593,0.236306701449894
"Dominant only",0.4,2,"additive",7,2,1.2875747233622,0,0.828928744973544,0.643787361681102,0,0.414464372486772
"Recessive + Dominant",0.4,2,"additive",7,2,1.28917086477178,0,0.832322066585907,0.644585432385889,0,0.416161033292953
"Recessive only",0.4,2,"additive",7,0,0,0,0,NA,NA,NA
"Additive + Dominant",0.1,3,"additive",7,13,8.54611880225726,7,3.44759044597154,0.657393754019789,0.538461538461538,0.265199265074734
"Additive + Recessive",0.1,3,"additive",7,10,6.57742766642028,9,1.47117064740413,0.657742766642028,0.9,0.147117064740413
"Additive + Recessive + Dominant",0.1,3,"additive",7,5,3.24608153141735,1,1.83317538074122,0.64921630628347,0.2,0.366635076148243
"Additive only",0.1,3,"additive",7,10,6.48732575516224,7,2.19225369534052,0.648732575516224,0.7,0.219225369534052
"Dominant only",0.1,3,"additive",7,2,1.25811186499781,0,0.791974854671687,0.629055932498907,0,0.395987427335843
"Recessive + Dominant",0.1,3,"additive",7,2,1.34724951026529,0,0.90766743958076,0.673624755132645,0,0.45383371979038
"Recessive only",0.1,3,"additive",7,0,0,0,0,NA,NA,NA
"Additive + Dominant",0.2,3,"additive",7,49,31.6157291373804,30,11.5699549882187,0.645218961987356,0.612244897959184,0.236121530371811
"Additive + Recessive",0.2,3,"additive",7,23,14.9448314749258,13,5.49803916156246,0.649775281518513,0.565217391304348,0.239045180937498
"Additive + Recessive + Dominant",0.2,3,"additive",7,12,7.60706807163961,8,2.65594200312359,0.633922339303301,0.666666666666667,0.221328500260299
"Additive only",0.2,3,"additive",7,34,21.86233899567,24,7.30148067584739,0.643009970460883,0.705882352941177,0.21474943164257
"Dominant only",0.2,3,"additive",7,4,2.60139291488316,0,1.69756580074523,0.650348228720791,0,0.424391450186307
"Recessive + Dominant",0.2,3,"additive",7,6,3.82875583385653,0,2.44774140618438,0.638125972309421,0,0.407956901030731
"Recessive only",0.2,3,"additive",7,0,0,0,0,NA,NA,NA
"Additive + Dominant",0.3,3,"additive",7,46,30.074972014554,31,10.0083768532252,0.653803739446826,0.673913043478261,0.217573409852721
"Additive + Recessive",0.3,3,"additive",7,53,34.2846552350407,38,10.8512800419369,0.646880287453597,0.716981132075472,0.204741132866735
"Additive + Recessive + Dominant",0.3,3,"additive",7,14,9.19099278949174,8,3.32435756818638,0.656499484963696,0.571428571428571,0.237454112013313
"Additive only",0.3,3,"additive",7,42,27.3442188677066,32,7.76231665290055,0.65105283018349,0.761904761904762,0.184817063164299
"Dominant only",0.3,3,"additive",7,8,5.1326334929514,0,3.30195461282286,0.641579186618925,0,0.412744326602857
"Recessive + Dominant",0.3,3,"additive",7,4,2.58047634596796,0,1.66833001782005,0.64511908649199,0,0.417082504455013
"Recessive only",0.3,3,"additive",7,0,0,0,0,NA,NA,NA
"Additive + Dominant",0.4,3,"additive",7,50,32.4162306130809,36,10.3939683410528,0.648324612261618,0.72,0.207879366821055
"Additive + Recessive",0.4,3,"additive",7,49,31.5772464106072,34,10.5948408475757,0.644433600216473,0.693877551020408,0.21622124178726
"Additive + Recessive + Dominant",0.4,3,"additive",7,17,11.0053284635008,8,4.75451878429113,0.647372262558872,0.470588235294118,0.279677575546537
"Additive only",0.4,3,"additive",7,42,27.0536181096589,28,9.51835893770682,0.644133764515687,0.666666666666667,0.226627593754924
"Dominant only",0.4,3,"additive",7,5,3.21946689285083,0,2.07592242107206,0.643893378570166,0,0.415184484214412
"Recessive + Dominant",0.4,3,"additive",7,9,5.73185150044057,0,3.65484580776215,0.636872388937842,0,0.406093978640239
"Recessive only",0.4,3,"additive",7,0,0,0,0,NA,NA,NA
"Additive + Dominant",0.1,4,"additive",7,9,5.94227452035526,3,2.99613083541351,0.660252724483917,0.333333333333333,0.332903426157057
"Additive + Recessive",0.1,4,"additive",7,7,4.50919308445324,4,1.72234228016748,0.644170440636177,0.571428571428571,0.246048897166783
"Additive + Recessive + Dominant",0.1,4,"additive",7,6,3.8480048843888,2,1.90879621072084,0.641334147398134,0.333333333333333,0.318132701786807
"Additive only",0.1,4,"additive",7,4,2.61980080861188,3,0.799847409796723,0.654950202152971,0.75,0.199961852449181
"Dominant only",0.1,4,"additive",7,2,1.33152572516563,0,0.886524138969656,0.665762862582813,0,0.443262069484828
"Recessive + Dominant",0.1,4,"additive",7,5,3.3022622018607,0,2.18560367941735,0.660452440372141,0,0.43712073588347
"Recessive only",0.1,4,"additive",7,0,0,0,0,NA,NA,NA
"Additive + Dominant",0.2,4,"additive",7,75,48.725100210144,40,19.7185641355658,0.649668002801919,0.533333333333333,0.262914188474211
"Additive + Recessive",0.2,4,"additive",7,41,26.3310296712488,25,9.89339926599037,0.642220235884118,0.609756097560976,0.241302421121716
"Additive + Recessive + Dominant",0.2,4,"additive",7,36,23.3643551829757,19,9.94718955116353,0.649009866193769,0.527777777777778,0.276310820865654
"Additive only",0.2,4,"additive",7,44,28.485810109385,25,11.0488762666135,0.647404775213295,0.568181818181818,0.251110824241217
"Dominant only",0.2,4,"additive",7,8,5.23252799333276,0,3.42797174493468,0.654065999166595,0,0.428496468116835
"Recessive + Dominant",0.2,4,"additive",7,17,10.8255880334555,0,6.90436480478288,0.636799296085616,0,0.406139106163699
"Recessive only",0.2,4,"additive",7,1,0.626300237028687,0,0.39225198690219,0.626300237028687,0,0.39225198690219
"Additive + Dominant",0.3,4,"additive",7,107,69.6917673742098,56,28.1381420487086,0.651324928730932,0.523364485981308,0.262973290174847
"Additive + Recessive",0.3,4,"additive",7,76,49.3767247808695,56,15.266700596435,0.649693747116704,0.736842105263158,0.200877639426776
"Additive + Recessive + Dominant",0.3,4,"additive",7,69,44.9947207513849,33,19.5737353066746,0.652097402193984,0.478260869565217,0.28367732328514
"Additive only",0.3,4,"additive",7,73,47.5828472878098,45,17.3481999693597,0.651819825860408,0.616438356164384,0.237646574922736
"Dominant only",0.3,4,"additive",7,8,5.10627755369143,0,3.2637257510255,0.638284694211429,0,0.407965718878187
"Recessive + Dominant",0.3,4,"additive",7,26,16.7981666620948,0,10.8729437535726,0.646083333157491,0,0.418190144368175
"Recessive only",0.3,4,"additive",7,0,0,0,0,NA,NA,NA
"Additive + Dominant",0.4,4,"additive",7,103,66.775197212844,50,28.2116747891833,0.648302885561593,0.485436893203884,0.27389975523479
"Additive + Recessive",0.4,4,"additive",7,114,73.5906902970927,82,23.9150422316755,0.645532371027129,0.719298245614035,0.209781072207679
"Additive + Recessive + Dominant",0.4,4,"additive",7,62,40.2562484973929,39,14.4668400202673,0.649294330603111,0.629032258064516,0.23333612935915
"Additive only",0.4,4,"additive",7,62,40.1485013811752,39,14.6084917211337,0.647556473889923,0.629032258064516,0.235620834211833
"Dominant only",0.4,4,"additive",7,13,8.30914221929127,0,5.32412873907804,0.639164786099329,0,0.409548364544464
"Recessive + Dominant",0.4,4,"additive",7,12,7.61452767152075,0,4.83810247927572,0.634543972626729,0,0.40317520660631
"Recessive only",0.4,4,"additive",7,0,0,0,0,NA,NA,NA
"Additive + Dominant",0.1,5,"additive",7,26,17.1185957987278,4,10.2576340499005,0.6584075307203,0.153846153846154,0.394524386534636
"Additive + Recessive",0.1,5,"additive",7,14,9.05764284846183,10,3.03630636033319,0.646974489175845,0.714285714285714,0.216879025738085
"Additive + Recessive + Dominant",0.1,5,"additive",7,13,8.33702774521987,3,4.56240955579261,0.641309826555374,0.230769230769231,0.350954581214816
"Additive only",0.1,5,"additive",7,6,4.0046146963844,3,1.62072040552304,0.667435782730733,0.5,0.270120067587173
"Dominant only",0.1,5,"additive",7,5,3.26845646039512,0,2.13804554532395,0.653691292079023,0,0.42760910906479
"Recessive + Dominant",0.1,5,"additive",7,7,4.4572992199671,0,2.84227640162647,0.636757031423872,0,0.406039485946639
"Recessive only",0.1,5,"additive",7,0,0,0,0,NA,NA,NA
"Additive + Dominant",0.2,5,"additive",7,90,58.9511724955328,30,29.3412117433666,0.655013027728142,0.333333333333333,0.326013463815185
"Additive + Recessive",0.2,5,"additive",7,56,36.6726854276292,42,11.2585847593804,0.654869382636236,0.75,0.201046156417507
"Additive + Recessive + Dominant",0.2,5,"additive",7,61,39.9054134145865,39,14.0669809051523,0.654187105157156,0.639344262295082,0.230606244346759
"Additive only",0.2,5,"additive",7,28,18.075605729149,18,6.55636836556482,0.645557347469609,0.642857142857143,0.234156013055886
"Dominant only",0.2,5,"additive",7,14,9.18135808978657,0,6.03505226450102,0.655811292127612,0,0.431075161750072
"Recessive + Dominant",0.2,5,"additive",7,22,14.2359863637917,0,9.22986325268354,0.647090289263259,0,0.419539238758343
"Recessive only",0.2,5,"additive",7,0,0,0,0,NA,NA,NA
"Additive + Dominant",0.3,5,"additive",7,137,88.7138620350492,74,35.3502995376142,0.647546438212038,0.54014598540146,0.258031383486235
"Additive + Recessive",0.3,5,"additive",7,130,84.0066633132917,87,29.654962202661,0.646205102409936,0.669230769230769,0.228115093866623
"Additive + Recessive + Dominant",0.3,5,"additive",7,154,99.24527970356,74,43.0367618339662,0.644449868204935,0.480519480519481,0.279459492428352
"Additive only",0.3,5,"additive",7,63,40.6857078386503,43,13.8404382186238,0.645804886327783,0.682539682539683,0.219689495533711
"Dominant only",0.3,5,"additive",7,16,10.4763046440616,0,6.87485512023736,0.654769040253852,0,0.429678445014835
"Recessive + Dominant",0.3,5,"additive",7,36,23.2793061130203,0,15.0851236354793,0.646647392028342,0,0.419031212096646
"Recessive only",0.3,5,"additive",7,0,0,0,0,NA,NA,NA
"Additive + Dominant",0.4,5,"additive",7,145,94.3753064614837,99,31.2776257551349,0.650864182492991,0.682758620689655,0.215707763828517
"Additive + Recessive",0.4,5,"additive",7,127,82.6611086535285,96,24.7571638295232,0.650874871287626,0.755905511811024,0.194938297870262
"Additive + Recessive + Dominant",0.4,5,"additive",7,175,114.284788259247,109,40.9794234504468,0.65305593290998,0.622857142857143,0.234168134002553
"Additive only",0.4,5,"additive",7,63,40.8355168765082,42,13.8531206346834,0.648182807563623,0.666666666666667,0.219890803725134
"Dominant only",0.4,5,"additive",7,11,7.07292717847685,0,4.55662650205976,0.642993379861531,0,0.414238772914523
"Recessive + Dominant",0.4,5,"additive",7,23,14.6878961550889,0,9.39792338639611,0.638604180656038,0,0.408605364625918
"Recessive only",0.4,5,"additive",7,0,0,0,0,NA,NA,NA
"Additive only",0.1,1,"dominant",7,6,3.84345969863242,0,2.4670470377037,0.640576616438737,0,0.411174506283951
"Dominant only",0.1,1,"dominant",7,8,5.2842785151419,5,1.79897780329897,0.660534814392738,0.625,0.224872225412372
"Recessive only",0.1,1,"dominant",7,0,0,0,0,NA,NA,NA
"Additive only",0.2,1,"dominant",7,4,2.65126915148674,0,1.75916664930005,0.662817287871686,0,0.439791662325012
"Dominant only",0.2,1,"dominant",7,25,16.1089829852441,16,5.70206901373556,0.644359319409765,0.64,0.228082760549423
"Recessive only",0.2,1,"dominant",7,0,0,0,0,NA,NA,NA
"Additive only",0.3,1,"dominant",7,2,1.35904093157618,0,0.92384931344993,0.67952046578809,0,0.461924656724965
"Dominant only",0.3,1,"dominant",7,11,7.17233775450529,8,2.2362130613702,0.652030704955026,0.727272727272727,0.2032920964882
"Recessive only",0.3,1,"dominant",7,0,0,0,0,NA,NA,NA
"Additive only",0.4,1,"dominant",7,1,0.655367910278103,0,0.429507097822288,0.655367910278103,0,0.429507097822288
"Dominant only",0.4,1,"dominant",7,8,5.20807590869942,6,1.51674791606697,0.651009488587428,0.75,0.189593489508371
"Recessive only",0.4,1,"dominant",7,0,0,0,0,NA,NA,NA
"Additive + Dominant",0.1,2,"dominant",7,8,5.17203483691659,4,2.19871331342467,0.646504354614574,0.5,0.274839164178084
"Additive + Recessive",0.1,2,"dominant",7,1,0.60647242327273,0,0.367808800190297,0.60647242327273,0,0.367808800190297
"Additive only",0.1,2,"dominant",7,5,3.20522287743861,0,2.05787091460791,0.641044575487722,0,0.411574182921582
"Dominant only",0.1,2,"dominant",7,12,7.81384332212563,10,2.19339278153837,0.651153610177136,0.833333333333333,0.182782731794864
"Recessive + Dominant",0.1,2,"dominant",7,3,2.00429308172852,2,0.688994816365744,0.668097693909506,0.666666666666667,0.229664938788581
"Recessive only",0.1,2,"dominant",7,0,0,0,0,NA,NA,NA
"Additive + Dominant",0.2,2,"dominant",7,20,13.1058618194187,16,3.59407265852221,0.655293090970935,0.8,0.179703632926111
"Additive + Recessive",0.2,2,"dominant",7,1,0.631121782226678,0,0.398314704000979,0.631121782226678,0,0.398314704000979
"Additive only",0.2,2,"dominant",7,3,1.93527329204395,0,1.24851334208114,0.645091097347984,0,0.416171114027048
"Dominant only",0.2,2,"dominant",7,31,20.2147944580424,26,5.36725653201577,0.65209014380782,0.838709677419355,0.17313730748438
"Recessive + Dominant",0.2,2,"dominant",7,14,8.97665162341484,9,3.26842313581493,0.641189401672489,0.642857142857143,0.233458795415352
"Recessive only",0.2,2,"dominant",7,0,0,0,0,NA,NA,NA
"Additive + Dominant",0.3,2,"dominant",7,19,12.2795910062903,16,3.39749875755628,0.646294263488966,0.842105263157895,0.17881572408191
"Additive + Recessive",0.3,2,"dominant",7,2,1.32812527393863,0,0.882745861813211,0.664062636969315,0,0.441372930906606
"Additive only",0.3,2,"dominant",7,1,0.60457989479449,0,0.365516849189717,0.60457989479449,0,0.365516849189717
"Dominant only",0.3,2,"dominant",7,31,20.2417725751853,23,6.27191993907278,0.65296040565114,0.741935483870968,0.202319998034606
"Recessive + Dominant",0.3,2,"dominant",7,14,8.96633590858792,8,3.47147700183758,0.640452564899137,0.571428571428571,0.247962642988399
"Recessive only",0.3,2,"dominant",7,0,0,0,0,NA,NA,NA
"Additive + Dominant",0.4,2,"dominant",7,20,13.0386817496395,12,4.94892015191839,0.651934087481977,0.6,0.247446007595919
"Additive + Recessive",0.4,2,"dominant",7,2,1.32920687686024,0,0.883869053032451,0.664603438430118,0,0.441934526516225
"Additive only",0.4,2,"dominant",7,0,0,0,0,NA,NA,NA
"Dominant only",0.4,2,"dominant",7,32,20.8712959322804,23,6.63595110932603,0.652227997883761,0.71875,0.207373472166438
"Recessive + Dominant",0.4,2,"dominant",7,11,7.1491438573863,4,3.37658860971241,0.6499221688533,0.363636363636364,0.306962600882947
"Recessive only",0.4,2,"dominant",7,0,0,0,0,NA,NA,NA
"Additive + Dominant",0.1,3,"dominant",7,14,9.17236971880534,6,4.25435852260249,0.655169265628953,0.428571428571429,0.303882751614463
"Additive + Recessive",0.1,3,"dominant",7,2,1.28595100117266,0,0.829172790396305,0.64297550058633,0,0.414586395198153
"Additive + Recessive + Dominant",0.1,3,"dominant",7,2,1.28870450744592,1,0.535850604727565,0.64435225372296,0.5,0.267925302363782
"Additive only",0.1,3,"dominant",7,5,3.26601731836464,0,2.13660785521969,0.653203463672928,0,0.427321571043937
"Dominant only",0.1,3,"dominant",7,10,6.52065512778225,8,1.88783499402845,0.652065512778225,0.8,0.188783499402845
"Recessive + Dominant",0.1,3,"dominant",7,13,8.41391099263844,9,2.94644910254884,0.647223922510649,0.692307692307692,0.226649930965295
"Recessive only",0.1,3,"dominant",7,0,0,0,0,NA,NA,NA
"Additive + Dominant",0.2,3,"dominant",7,33,21.477769138939,20,8.02122975465982,0.650841489058757,0.606060606060606,0.243067568323025
"Additive + Recessive",0.2,3,"dominant",7,0,0,0,0,NA,NA,NA
"Additive + Recessive + Dominant",0.2,3,"dominant",7,13,8.42628865952281,10,2.5633916098225,0.648176050732524,0.769230769230769,0.197183969986346
"Additive only",0.2,3,"dominant",7,7,4.63428769466425,0,3.07224374332067,0.66204109923775,0,0.438891963331524
"Dominant only",0.2,3,"dominant",7,35,22.72717878949,24,7.55225657085988,0.649347965414,0.685714285714286,0.215778759167425
"Recessive + Dominant",0.2,3,"dominant",7,34,22.138072856943,22,7.87794708769841,0.651119789910087,0.647058823529412,0.231704326108777
"Recessive only",0.2,3,"dominant",7,1,0.6578389021374,0,0.432752021165339,0.6578389021374,0,0.432752021165339
"Additive + Dominant",0.3,3,"dominant",7,42,27.4584971083541,22,11.4553390126174,0.653773740675098,0.523809523809524,0.27274616696708
"Additive + Recessive",0.3,3,"dominant",7,10,6.40308020590681,0,4.1035416329762,0.640308020590681,0,0.41035416329762
"Additive + Recessive + Dominant",0.3,3,"dominant",7,21,13.5430425564902,10,5.81303540609195,0.644906788404295,0.476190476190476,0.276811209813902
"Additive only",0.3,3,"dominant",7,8,5.23816597920235,0,3.43309116642339,0.654770747400293,0,0.429136395802923
"Dominant only",0.3,3,"dominant",7,36,23.3364719847775,22,8.82392214154197,0.648235332910486,0.611111111111111,0.245108948376166
"Recessive + Dominant",0.3,3,"dominant",7,44,28.7147909243911,28,10.3458040802697,0.652608884645252,0.636363636363636,0.235131910915221
"Recessive only",0.3,3,"dominant",7,0,0,0,0,NA,NA,NA
"Additive + Dominant",0.4,3,"dominant",7,59,38.2510779093052,34,14.3728277148048,0.648323354395003,0.576271186440678,0.243607249403471
"Additive + Recessive",0.4,3,"dominant",7,5,3.20485280151916,0,2.05837036477029,0.640970560303831,0,0.411674072954059
"Additive + Recessive + Dominant",0.4,3,"dominant",7,11,7.26203043493064,6,2.88806167389108,0.660184584993694,0.545454545454545,0.262551061262825
"Additive only",0.4,3,"dominant",7,7,4.58754469545304,0,3.01075717310215,0.655363527921862,0,0.430108167586022
"Dominant only",0.4,3,"dominant",7,53,34.5129136877435,35,11.7146698881501,0.651187050712142,0.660377358490566,0.221031507323586
"Recessive + Dominant",0.4,3,"dominant",7,47,30.9697380991187,32,10.94530433065,0.658930597853588,0.680851063829787,0.232878815545744
"Recessive only",0.4,3,"dominant",7,0,0,0,0,NA,NA,NA
"Additive + Dominant",0.1,4,"dominant",7,12,7.63522742338919,10,2.12739355086883,0.636268951949099,0.833333333333333,0.177282795905736
"Additive + Recessive",0.1,4,"dominant",7,5,3.24644662164178,0,2.1142550214099,0.649289324328356,0,0.42285100428198
"Additive + Recessive + Dominant",0.1,4,"dominant",7,6,3.87360191568601,4,1.41014377160193,0.645600319281001,0.666666666666667,0.235023961933656
"Additive only",0.1,4,"dominant",7,0,0,0,0,NA,NA,NA
"Dominant only",0.1,4,"dominant",7,7,4.45862313326398,5,1.38538387550028,0.636946161894854,0.714285714285714,0.197911982214326
"Recessive + Dominant",0.1,4,"dominant",7,12,7.80973066511073,9,2.3196580307233,0.650810888759227,0.75,0.193304835893608
"Recessive only",0.1,4,"dominant",7,0,0,0,0,NA,NA,NA
"Additive + Dominant",0.2,4,"dominant",7,52,33.6216237852375,34,11.4701178357327,0.646569688177643,0.653846153846154,0.220579189148705
"Additive + Recessive",0.2,4,"dominant",7,15,9.66574570226052,0,6.24041524060116,0.644383046817368,0,0.416027682706744
"Additive + Recessive + Dominant",0.2,4,"dominant",7,33,21.1046508347284,13,9.8221227851079,0.639534873779648,0.393939393939394,0.297640084397209
"Additive only",0.2,4,"dominant",7,3,1.95898655509715,0,1.28108796827559,0.652995518365717,0,0.427029322758531
"Dominant only",0.2,4,"dominant",7,24,15.2490070675372,16,5.2979517037447,0.635375294480718,0.666666666666667,0.220747987656029
"Recessive + Dominant",0.2,4,"dominant",7,39,25.0190041371848,27,8.7572005046013,0.641512926594483,0.692307692307692,0.224543602682085
"Recessive only",0.2,4,"dominant",7,1,0.683050412365324,0,0.46655786583244,0.683050412365324,0,0.46655786583244
"Additive + Dominant",0.3,4,"dominant",7,74,48.105902585456,51,15.9752152096082,0.650079764668324,0.689189189189189,0.215881286616327
"Additive + Recessive",0.3,4,"dominant",7,13,8.41217398523791,0,5.45242991329487,0.647090306556763,0,0.419417685638067
"Additive + Recessive + Dominant",0.3,4,"dominant",7,71,46.0926247827756,47,15.9801822617305,0.649191898348952,0.661971830985915,0.225072989601838
"Additive only",0.3,4,"dominant",7,9,5.79492238999598,0,3.73627662082564,0.643880265555109,0,0.415141846758404
"Dominant only",0.3,4,"dominant",7,50,32.5451201373637,40,9.45439651066678,0.650902402747273,0.8,0.189087930213336
"Recessive + Dominant",0.3,4,"dominant",7,81,52.2728399359479,50,19.3392604806239,0.645343702912938,0.617283950617284,0.238756302229925
"Recessive only",0.3,4,"dominant",7,0,0,0,0,NA,NA,NA
"Additive + Dominant",0.4,4,"dominant",7,102,66.6248064877101,76,19.8348624984118,0.653184377330491,0.745098039215686,0.19445943625894
"Additive + Recessive",0.4,4,"dominant",7,15,9.81685640314708,0,6.43636112924332,0.654457093543139,0,0.429090741949555
"Additive + Recessive + Dominant",0.4,4,"dominant",7,81,52.9716692270507,55,17.1572807119971,0.653971225025317,0.679012345679012,0.211818280395026
"Additive only",0.4,4,"dominant",7,7,4.50043531323484,0,2.89887947523335,0.64291933046212,0,0.414125639319051
"Dominant only",0.4,4,"dominant",7,55,35.5566278340341,44,9.73388326863987,0.646484142436984,0.8,0.176979695793452
"Recessive + Dominant",0.4,4,"dominant",7,104,67.6863375693701,82,19.5704659300042,0.650830168936251,0.788461538461538,0.188177557019271
"Recessive only",0.4,4,"dominant",7,0,0,0,0,NA,NA,NA
"Additive + Dominant",0.1,5,"dominant",7,15,9.67860663842103,6,4.52437067442828,0.645240442561402,0.4,0.301624711628552
"Additive + Recessive",0.1,5,"dominant",7,6,3.8522938410438,0,2.47556988511738,0.642048973507301,0,0.412594980852896
"Additive + Recessive + Dominant",0.1,5,"dominant",7,14,9.17306280267062,6,4.29963451369881,0.65521877161933,0.428571428571429,0.307116750978487
"Additive only",0.1,5,"dominant",7,2,1.30678076753166,0,0.855665842138569,0.65339038376583,0,0.427832921069284
"Dominant only",0.1,5,"dominant",7,5,3.23450110256209,4,0.858339878035979,0.646900220512419,0.8,0.171667975607196
"Recessive + Dominant",0.1,5,"dominant",7,12,7.86097173942217,5,3.63164558197999,0.655080978285181,0.416666666666667,0.302637131831666
"Recessive only",0.1,5,"dominant",7,0,0,0,0,NA,NA,NA
"Additive + Dominant",0.2,5,"dominant",7,73,47.5788585282993,44,17.4303659771802,0.651765185319168,0.602739726027397,0.238772136673702
"Additive + Recessive",0.2,5,"dominant",7,18,11.5907534498697,0,7.48143362089648,0.643930747214984,0,0.415635201160916
"Additive + Recessive + Dominant",0.2,5,"dominant",7,78,50.6645211078696,36,22.3820177943292,0.649545142408585,0.461538461538462,0.286948946081144
"Additive only",0.2,5,"dominant",7,5,3.21964406338004,0,2.07832054054507,0.643928812676007,0,0.415664108109014
"Dominant only",0.2,5,"dominant",7,30,19.4739660558628,22,6.22258377887097,0.649132201862093,0.733333333333333,0.207419459295699
"Recessive + Dominant",0.2,5,"dominant",7,52,33.7256399162129,37,10.6772919804093,0.64856999838871,0.711538461538462,0.205332538084795
"Recessive only",0.2,5,"dominant",7,1,0.661793976292403,0,0.43797126705691,0.661793976292403,0,0.43797126705691
"Additive + Dominant",0.3,5,"dominant",7,108,69.5945759919468,76,22.6631137599155,0.644394222147655,0.703703703703704,0.209843645925143
"Additive + Recessive",0.3,5,"dominant",7,25,16.3897801181314,0,10.7621325418145,0.655591204725256,0,0.43048530167258
"Additive + Recessive + Dominant",0.3,5,"dominant",7,152,98.3596868020179,85,39.5875277381645,0.647103202644855,0.559210526315789,0.260444261435293
"Additive only",0.3,5,"dominant",7,9,5.75214581380167,0,3.68239655809753,0.63912731264463,0,0.409155173121947
"Dominant only",0.3,5,"dominant",7,48,31.0549260131749,40,8.53916267833336,0.646977625274477,0.833333333333333,0.177899222465278
"Recessive + Dominant",0.3,5,"dominant",7,130,84.0353785451042,87,29.7358041494897,0.646425988808494,0.669230769230769,0.228736954996074
"Recessive only",0.3,5,"dominant",7,0,0,0,0,NA,NA,NA
"Additive + Dominant",0.4,5,"dominant",7,131,85.1522205674644,78,31.6750494676227,0.650016950896675,0.595419847328244,0.241794270745211
"Additive + Recessive",0.4,5,"dominant",7,18,11.6128033387,0,7.5092845572723,0.645155741038888,0,0.417182475404017
"Additive + Recessive + Dominant",0.4,5,"dominant",7,176,114.0138183071,111,40.7130073187156,0.647805785835796,0.630681818181818,0.231323905219975
"Additive only",0.4,5,"dominant",7,11,7.06830258994736,0,4.54917963889033,0.642572962722488,0,0.413561785353667
"Dominant only",0.4,5,"dominant",7,57,37.1912106295294,40,12.1194567364451,0.652477379465427,0.701754385964912,0.212622048007808
"Recessive + Dominant",0.4,5,"dominant",7,145,95.1427073832834,110,28.2116823652776,0.656156602643334,0.758620689655172,0.194563326657087
"Recessive only",0.4,5,"dominant",7,0,0,0,0,NA,NA,NA
"Additive only",0.1,1,"recessive",7,0,0,0,0,NA,NA,NA
"Dominant only",0.1,1,"recessive",7,0,0,0,0,NA,NA,NA
"Recessive only",0.1,1,"recessive",7,11,7.05824459124828,6,2.67726366590543,0.641658599204389,0.545454545454545,0.243387605991403
"Additive only",0.2,1,"recessive",7,0,0,0,0,NA,NA,NA
"Dominant only",0.2,1,"recessive",7,0,0,0,0,NA,NA,NA
"Recessive only",0.2,1,"recessive",7,11,7.0750450634432,6,2.76450916668278,0.643185914858473,0.545454545454545,0.25131901515298
"Additive only",0.3,1,"recessive",7,0,0,0,0,NA,NA,NA
"Dominant only",0.3,1,"recessive",7,0,0,0,0,NA,NA,NA
"Recessive only",0.3,1,"recessive",7,3,2.04003772086501,3,0.307260671142392,0.680012573621669,1,0.102420223714131
"Additive only",0.4,1,"recessive",7,0,0,0,0,NA,NA,NA
"Dominant only",0.4,1,"recessive",7,0,0,0,0,NA,NA,NA
"Recessive only",0.4,1,"recessive",7,3,1.88842862664575,2,0.637574562600968,0.629476208881916,0.666666666666667,0.212524854200323
"Additive + Dominant",0.1,2,"recessive",7,0,0,0,0,NA,NA,NA
"Additive + Recessive",0.1,2,"recessive",7,11,6.95772374185187,7,2.52383195770597,0.632520340168352,0.636363636363636,0.229439268882361
"Additive only",0.1,2,"recessive",7,1,0.641107603841318,0,0.411018959703156,0.641107603841318,0,0.411018959703156
"Dominant only",0.1,2,"recessive",7,0,0,0,0,NA,NA,NA
"Recessive + Dominant",0.1,2,"recessive",7,5,3.34736222928886,5,0.547160113257403,0.669472445857771,1,0.109432022651481
"Recessive only",0.1,2,"recessive",7,26,16.9683767429137,22,4.26018347259958,0.652629874727449,0.846153846153846,0.163853210484599
"Additive + Dominant",0.2,2,"recessive",7,0,0,0,0,NA,NA,NA
"Additive + Recessive",0.2,2,"recessive",7,13,8.19607864553086,11,2.24479897683283,0.630467588117758,0.846153846153846,0.172676844371756
"Additive only",0.2,2,"recessive",7,0,0,0,0,NA,NA,NA
"Dominant only",0.2,2,"recessive",7,0,0,0,0,NA,NA,NA
"Recessive + Dominant",0.2,2,"recessive",7,10,6.49317062830044,6,2.37895372009165,0.649317062830044,0.6,0.237895372009165
"Recessive only",0.2,2,"recessive",7,25,16.1159786868726,19,4.87016940724435,0.644639147474905,0.76,0.194806776289774
"Additive + Dominant",0.3,2,"recessive",7,0,0,0,0,NA,NA,NA
"Additive + Recessive",0.3,2,"recessive",7,15,9.8583553477764,9,3.57982718812035,0.65722368985176,0.6,0.23865514587469
"Additive only",0.3,2,"recessive",7,0,0,0,0,NA,NA,NA
"Dominant only",0.3,2,"recessive",7,0,0,0,0,NA,NA,NA
"Recessive + Dominant",0.3,2,"recessive",7,10,6.33404305417001,5,2.71239023813407,0.633404305417001,0.5,0.271239023813407
"Recessive only",0.3,2,"recessive",7,22,14.2144021623091,13,5.23434469770777,0.646109189195868,0.590909090909091,0.237924758986717
"Additive + Dominant",0.4,2,"recessive",7,0,0,0,0,NA,NA,NA
"Additive + Recessive",0.4,2,"recessive",7,5,3.32579399455891,4,0.883719813148522,0.665158798911781,0.8,0.176743962629704
"Additive only",0.4,2,"recessive",7,0,0,0,0,NA,NA,NA
"Dominant only",0.4,2,"recessive",7,0,0,0,0,NA,NA,NA
"Recessive + Dominant",0.4,2,"recessive",7,5,3.2237949447158,3,1.23771154133195,0.644758988943159,0.6,0.247542308266389
"Recessive only",0.4,2,"recessive",7,12,7.86719204646506,5,3.62722888214667,0.655599337205422,0.416666666666667,0.302269073512223
"Additive + Dominant",0.1,3,"recessive",7,0,0,0,0,NA,NA,NA
"Additive + Recessive",0.1,3,"recessive",7,13,8.44923186992904,8,3.03041397766663,0.649940913071465,0.615384615384615,0.233108767512818
"Additive + Recessive + Dominant",0.1,3,"recessive",7,2,1.24350431072973,0,0.773202130410392,0.621752155364867,0,0.386601065205196
"Additive only",0.1,3,"recessive",7,0,0,0,0,NA,NA,NA
"Dominant only",0.1,3,"recessive",7,0,0,0,0,NA,NA,NA
"Recessive + Dominant",0.1,3,"recessive",7,11,7.28763221423268,6,2.7110403106698,0.662512019475698,0.545454545454545,0.246458210060891
"Recessive only",0.1,3,"recessive",7,12,7.76046801762128,7,2.92834245192089,0.646705668135107,0.583333333333333,0.244028537660074
"Additive + Dominant",0.2,3,"recessive",7,0,0,0,0,NA,NA,NA
"Additive + Recessive",0.2,3,"recessive",7,31,20.117376693461,20,7.07708177800007,0.648947635272935,0.645161290322581,0.228292960580647
"Additive + Recessive + Dominant",0.2,3,"recessive",7,15,9.92482468160605,10,3.39875694026962,0.661654978773737,0.666666666666667,0.226583796017975
"Additive only",0.2,3,"recessive",7,1,0.605531883197118,0,0.366668861568249,0.605531883197118,0,0.366668861568249
"Dominant only",0.2,3,"recessive",7,0,0,0,0,NA,NA,NA
"Recessive + Dominant",0.2,3,"recessive",7,27,17.570670866909,18,5.78013236397106,0.650765587663298,0.666666666666667,0.214078976443373
"Recessive only",0.2,3,"recessive",7,32,20.6748870127079,23,6.52498727301104,0.646090219147123,0.71875,0.203905852281595
"Additive + Dominant",0.3,3,"recessive",7,0,0,0,0,NA,NA,NA
"Additive + Recessive",0.3,3,"recessive",7,37,23.566135940871,16,10.5258577210318,0.636922592996515,0.432432432432432,0.284482641108967
"Additive + Recessive + Dominant",0.3,3,"recessive",7,11,6.98512433442242,4,3.24653514535434,0.635011303129311,0.363636363636364,0.295139558668576
"Additive only",0.3,3,"recessive",7,0,0,0,0,NA,NA,NA
"Dominant only",0.3,3,"recessive",7,0,0,0,0,NA,NA,NA
"Recessive + Dominant",0.3,3,"recessive",7,34,22.0446230355185,18,9.18649605743123,0.648371265750543,0.529411764705882,0.270191060512683
"Recessive only",0.3,3,"recessive",7,28,17.9588964520058,14,7.36195233638963,0.641389159000208,0.5,0.262926869156772
"Additive + Dominant",0.4,3,"recessive",7,0,0,0,0,NA,NA,NA
"Additive + Recessive",0.4,3,"recessive",7,26,17.1170175854937,17,5.81283313334548,0.658346830211296,0.653846153846154,0.223570505128672
"Additive + Recessive + Dominant",0.4,3,"recessive",7,12,7.94107656362567,7,3.11331133109187,0.661756380302139,0.583333333333333,0.259442610924323
"Additive only",0.4,3,"recessive",7,0,0,0,0,NA,NA,NA
"Dominant only",0.4,3,"recessive",7,0,0,0,0,NA,NA,NA
"Recessive + Dominant",0.4,3,"recessive",7,30,19.2633048332792,17,7.6387433781593,0.642110161109307,0.566666666666667,0.254624779271977
"Recessive only",0.4,3,"recessive",7,30,19.363606440821,19,6.96078391111314,0.645453548027368,0.633333333333333,0.232026130370438
"Additive + Dominant",0.1,4,"recessive",7,2,1.32575435883417,0,0.879160238518851,0.662877179417086,0,0.439580119259426
"Additive + Recessive",0.1,4,"recessive",7,17,11.1868873963456,14,2.84686682098837,0.658052199785036,0.823529411764706,0.167462754175787
"Additive + Recessive + Dominant",0.1,4,"recessive",7,8,5.09595029407281,5,1.72972077065437,0.636993786759101,0.625,0.216215096331796
"Additive only",0.1,4,"recessive",7,1,0.66528144101943,0,0.44259939576489,0.66528144101943,0,0.44259939576489
"Dominant only",0.1,4,"recessive",7,0,0,0,0,NA,NA,NA
"Recessive + Dominant",0.1,4,"recessive",7,11,7.21464598123186,2,4.09494831534759,0.655876907384714,0.181818181818182,0.372268028667962
"Recessive only",0.1,4,"recessive",7,14,9.00154200429051,9,3.08532434055855,0.64296728602075,0.642857142857143,0.220380310039896
"Additive + Dominant",0.2,4,"recessive",7,2,1.28941326184197,0,0.832798733177298,0.644706630920985,0,0.416399366588649
"Additive + Recessive",0.2,4,"recessive",7,44,28.3265093726757,35,8.53734281169181,0.643784303924447,0.795454545454545,0.194030518447541
"Additive + Recessive + Dominant",0.2,4,"recessive",7,43,27.9872633170629,33,8.42882226454841,0.650866588768905,0.767441860465116,0.196019122431358
"Additive only",0.2,4,"recessive",7,1,0.611904832732701,0,0.374427524321635,0.611904832732701,0,0.374427524321635
"Dominant only",0.2,4,"recessive",7,2,1.25624448345963,0,0.789788185822685,0.628122241729813,0,0.394894092911342
"Recessive + Dominant",0.2,4,"recessive",7,40,25.7313883925036,26,9.21267863424716,0.643284709812591,0.65,0.230316965856179
"Recessive only",0.2,4,"recessive",7,14,8.96766356763313,9,3.31915610121481,0.64054739768808,0.642857142857143,0.237082578658201
"Additive + Dominant",0.3,4,"recessive",7,2,1.22604661130062,0,0.751735700157374,0.613023305650308,0,0.375867850078687
"Additive + Recessive",0.3,4,"recessive",7,66,42.7290812162526,46,14.1374533309357,0.647410321458373,0.696969696969697,0.214203838347511
"Additive + Recessive + Dominant",0.3,4,"recessive",7,45,29.3777619844749,31,9.54676833302208,0.652839155210554,0.688888888888889,0.212150407400491
"Additive only",0.3,4,"recessive",7,0,0,0,0,NA,NA,NA
"Dominant only",0.3,4,"recessive",7,2,1.24083095446638,0,0.770389904662307,0.620415477233192,0,0.385194952331154
"Recessive + Dominant",0.3,4,"recessive",7,64,41.5891883442019,40,14.6001385551554,0.649831067878154,0.625,0.228127164924303
"Recessive only",0.3,4,"recessive",7,45,29.0248648449859,29,10.1722770403699,0.644996996555241,0.644444444444444,0.226050600897108
"Additive + Dominant",0.4,4,"recessive",7,0,0,0,0,NA,NA,NA
"Additive + Recessive",0.4,4,"recessive",7,54,35.2184676622019,37,11.5885701055752,0.652193845596332,0.685185185185185,0.214603150103244
"Additive + Recessive + Dominant",0.4,4,"recessive",7,26,16.884112154986,17,5.8737768467733,0.649388929037922,0.653846153846154,0.225914494106665
"Additive only",0.4,4,"recessive",7,0,0,0,0,NA,NA,NA
"Dominant only",0.4,4,"recessive",7,0,0,0,0,NA,NA,NA
"Recessive + Dominant",0.4,4,"recessive",7,60,38.7464358045143,43,12.1607561820634,0.645773930075238,0.716666666666667,0.202679269701057
"Recessive only",0.4,4,"recessive",7,32,20.9006320459813,24,6.11176105040151,0.653144751436917,0.75,0.190992532825047
"Additive + Dominant",0.1,5,"recessive",7,0,0,0,0,NA,NA,NA
"Additive + Recessive",0.1,5,"recessive",7,13,8.24205710455288,8,3.17274817639383,0.634004392657914,0.615384615384615,0.244057552030295
"Additive + Recessive + Dominant",0.1,5,"recessive",7,13,8.4558411567835,7,3.40193062651819,0.650449319752577,0.538461538461538,0.26168697127063
"Additive only",0.1,5,"recessive",7,0,0,0,0,NA,NA,NA
"Dominant only",0.1,5,"recessive",7,1,0.687033010595261,0,0.472014357647588,0.687033010595261,0,0.472014357647588
"Recessive + Dominant",0.1,5,"recessive",7,14,9.09042189012522,7,3.84312013365371,0.649315849294659,0.5,0.274508580975265
"Recessive only",0.1,5,"recessive",7,7,4.46450561397933,4,1.57601778271573,0.637786516282762,0.571428571428571,0.225145397530818
"Additive + Dominant",0.2,5,"recessive",7,0,0,0,0,NA,NA,NA
"Additive + Recessive",0.2,5,"recessive",7,62,39.745192750696,37,14.8743469131458,0.641051495978968,0.596774193548387,0.239908821179772
"Additive + Recessive + Dominant",0.2,5,"recessive",7,54,35.1379929310533,32,12.9975377918879,0.650703572797284,0.592592592592593,0.24069514429422
"Additive only",0.2,5,"recessive",7,0,0,0,0,NA,NA,NA
"Dominant only",0.2,5,"recessive",7,1,0.678290732213722,0,0.460078317407028,0.678290732213722,0,0.460078317407028
"Recessive + Dominant",0.2,5,"recessive",7,60,38.9692460544439,39,13.488211217007,0.649487434240732,0.65,0.224803520283449
"Recessive only",0.2,5,"recessive",7,27,17.5088088624921,16,6.64374193358044,0.648474402314522,0.592592592592593,0.246064516058535
"Additive + Dominant",0.3,5,"recessive",7,0,0,0,0,NA,NA,NA
"Additive + Recessive",0.3,5,"recessive",7,106,68.7968294529801,73,23.0125931748698,0.649026692952642,0.688679245283019,0.217099935611979
"Additive + Recessive + Dominant",0.3,5,"recessive",7,103,66.7009183128754,69,23.0778262846649,0.647581731192965,0.669902912621359,0.224056565870533
"Additive only",0.3,5,"recessive",7,0,0,0,0,NA,NA,NA
"Dominant only",0.3,5,"recessive",7,1,0.636802204078395,0,0.405517047119102,0.636802204078395,0,0.405517047119102
"Recessive + Dominant",0.3,5,"recessive",7,104,67.4751743054165,78,20.4310969020638,0.648799752936698,0.75,0.196452854827537
"Recessive only",0.3,5,"recessive",7,52,33.5620793761737,38,10.5305876317184,0.645424603387956,0.730769230769231,0.20251130060997
"Additive + Dominant",0.4,5,"recessive",7,0,0,0,0,NA,NA,NA
"Additive + Recessive",0.4,5,"recessive",7,117,76.2868529925525,75,26.5539068385109,0.652024384551731,0.641025641025641,0.226956468705222
"Additive + Recessive + Dominant",0.4,5,"recessive",7,99,64.3438676183087,77,18.760959748057,0.649938056750593,0.777777777777778,0.189504643919768
"Additive only",0.4,5,"recessive",7,0,0,0,0,NA,NA,NA
"Dominant only",0.4,5,"recessive",7,1,0.699226376113297,0,0.488917525052533,0.699226376113297,0,0.488917525052533
"Recessive + Dominant",0.4,5,"recessive",7,90,58.447764763761,67,17.7086675858586,0.649419608486233,0.744444444444444,0.196762973176207
"Recessive only",0.4,5,"recessive",7,43,28.4246728887783,30,9.30633902133174,0.661038904390193,0.697674418604651,0.21642648886818
"Additive only",0.1,1,"additive",8,14,10.4097843467578,11,2.28156725378711,0.743556024768416,0.785714285714286,0.162969089556222
"Dominant only",0.1,1,"additive",8,1,0.771062536270777,0,0.594537434840323,0.771062536270777,0,0.594537434840323
"Recessive only",0.1,1,"additive",8,0,0,0,0,NA,NA,NA
"Additive only",0.2,1,"additive",8,16,11.9655297213584,12,3.0356063917823,0.747845607584901,0.75,0.189725399486394
"Dominant only",0.2,1,"additive",8,1,0.78343798888744,0,0.613775082431997,0.78343798888744,0,0.613775082431997
"Recessive only",0.2,1,"additive",8,0,0,0,0,NA,NA,NA
"Additive only",0.3,1,"additive",8,16,12.0486743000125,12,3.06200093401462,0.75304214375078,0.75,0.191375058375914
"Dominant only",0.3,1,"additive",8,1,0.777090742510798,0,0.603870022095983,0.777090742510798,0,0.603870022095983
"Recessive only",0.3,1,"additive",8,0,0,0,0,NA,NA,NA
"Additive only",0.4,1,"additive",8,11,8.23555228140221,9,1.60327796557291,0.748686571036565,0.818181818181818,0.14575254232481
"Dominant only",0.4,1,"additive",8,1,0.798329325596189,0,0.637329712106866,0.798329325596189,0,0.637329712106866
"Recessive only",0.4,1,"additive",8,0,0,0,0,NA,NA,NA
"Additive + Dominant",0.1,2,"additive",8,11,8.14732901114749,8,2.05518742430195,0.740666273740681,0.727272727272727,0.186835220391086
"Additive + Recessive",0.1,2,"additive",8,7,5.20938773586841,7,0.464782593385708,0.744198247981202,1,0.0663975133408154
"Additive only",0.1,2,"additive",8,10,7.42827393754281,9,1.12987912177589,0.742827393754281,0.9,0.112987912177589
"Dominant only",0.1,2,"additive",8,2,1.53479830429251,0,1.17988851239356,0.767399152146256,0,0.589944256196779
"Recessive + Dominant",0.1,2,"additive",8,2,1.53531683999996,0,1.17902657180408,0.767658419999978,0,0.58951328590204
"Recessive only",0.1,2,"additive",8,0,0,0,0,NA,NA,NA
"Additive + Dominant",0.2,2,"additive",8,14,10.4566642165063,5,5.25490136379378,0.746904586893308,0.357142857142857,0.375350097413841
"Additive + Recessive",0.2,2,"additive",8,15,11.3706099668247,13,1.76566589039658,0.758040664454979,0.866666666666667,0.117711059359772
"Additive only",0.2,2,"additive",8,23,17.1575188070602,17,4.1853020690004,0.745979078567834,0.739130434782609,0.18196965517393
"Dominant only",0.2,2,"additive",8,5,3.67695499614889,0,2.70636746252624,0.735390999229778,0,0.541273492505249
"Recessive + Dominant",0.2,2,"additive",8,4,3.01306013532853,0,2.27478167785509,0.753265033832134,0,0.568695419463773
"Recessive only",0.2,2,"additive",8,0,0,0,0,NA,NA,NA
"Additive + Dominant",0.3,2,"additive",8,20,14.9539710936163,15,3.65214129760325,0.747698554680814,0.75,0.182607064880163
"Additive + Recessive",0.3,2,"additive",8,12,8.70468165113679,10,1.8966073096556,0.725390137594732,0.833333333333333,0.158050609137966
"Additive only",0.3,2,"additive",8,31,23.4496086853952,26,4.39338512577434,0.756438989851457,0.838709677419355,0.14172210083143
"Dominant only",0.3,2,"additive",8,2,1.46917325633609,0,1.07983309713349,0.734586628168043,0,0.539916548566744
"Recessive + Dominant",0.3,2,"additive",8,0,0,0,0,NA,NA,NA
"Recessive only",0.3,2,"additive",8,0,0,0,0,NA,NA,NA
"Additive + Dominant",0.4,2,"additive",8,21,15.4888276264874,16,4.06476054744702,0.737563220308923,0.761904761904762,0.193560026068906
"Additive + Recessive",0.4,2,"additive",8,14,10.3332136929207,9,3.2107606294464,0.738086692351481,0.642857142857143,0.229340044960457
"Additive only",0.4,2,"additive",8,39,29.1213946105944,31,6.44376208863788,0.746702425912678,0.794871794871795,0.165224668939433
"Dominant only",0.4,2,"additive",8,2,1.46245724464045,0,1.06993278361011,0.731228622320223,0,0.534966391805054
"Recessive + Dominant",0.4,2,"additive",8,0,0,0,0,NA,NA,NA
"Recessive only",0.4,2,"additive",8,0,0,0,0,NA,NA,NA
"Additive + Dominant",0.1,3,"additive",8,13,9.57101125663854,10,2.32773135440864,0.736231635126041,0.769230769230769,0.179056258031434
"Additive + Recessive",0.1,3,"additive",8,3,2.36374839408497,3,0.135189399868949,0.787916131361658,1,0.0450631332896495
"Additive + Recessive + Dominant",0.1,3,"additive",8,4,3.01259160376238,3,0.702677680518707,0.753147900940594,0.75,0.175669420129677
"Additive only",0.1,3,"additive",8,11,8.33709347937251,9,1.79713464791335,0.757917589033865,0.818181818181818,0.163375877083032
"Dominant only",0.1,3,"additive",8,2,1.48207669847409,0,1.10087656925433,0.741038349237043,0,0.550438284627166
"Recessive + Dominant",0.1,3,"additive",8,2,1.48329930711719,0,1.10147610471006,0.741649653558595,0,0.550738052355028
"Recessive only",0.1,3,"additive",8,0,0,0,0,NA,NA,NA
"Additive + Dominant",0.2,3,"additive",8,46,34.7835100997538,27,12.4750815829251,0.756163263038126,0.58695652173913,0.271197425715763
"Additive + Recessive",0.2,3,"additive",8,36,27.2359467163375,33,3.58063878457205,0.756554075453819,0.916666666666667,0.0994621884603348
"Additive + Recessive + Dominant",0.2,3,"additive",8,14,10.5143511798085,10,2.99916446380227,0.751025084272034,0.714285714285714,0.214226033128734
"Additive only",0.2,3,"additive",8,31,22.9998283837031,23,5.82837413951175,0.74192994786139,0.741935483870968,0.188012069016508
"Dominant only",0.2,3,"additive",8,13,9.60862513083021,0,7.11349567649174,0.739125010063862,0,0.54719197511475
"Recessive + Dominant",0.2,3,"additive",8,7,5.32297245369481,0,4.05649671623934,0.760424636242116,0,0.579499530891334
"Recessive only",0.2,3,"additive",8,1,0.754800148635798,0,0.569723264380622,0.754800148635798,0,0.569723264380622
"Additive + Dominant",0.3,3,"additive",8,56,41.7769025503257,31,16.0765414898887,0.746016116970102,0.553571428571429,0.287081098033727
"Additive + Recessive",0.3,3,"additive",8,31,23.184536588332,22,6.3489722570146,0.747888277042966,0.709677419354839,0.20480555667789
"Additive + Recessive + Dominant",0.3,3,"additive",8,17,12.763062786894,10,4.50325315689484,0.750768399229056,0.588235294117647,0.264897244523226
"Additive only",0.3,3,"additive",8,49,36.5036646117792,37,9.08189145316613,0.744972747179168,0.755102040816326,0.185344723534003
"Dominant only",0.3,3,"additive",8,7,5.17426539701892,0,3.82735947658824,0.739180771002702,0,0.546765639512606
"Recessive + Dominant",0.3,3,"additive",8,6,4.53525935183952,0,3.43318014562726,0.755876558639921,0,0.572196690937877
"Recessive only",0.3,3,"additive",8,0,0,0,0,NA,NA,NA
"Additive + Dominant",0.4,3,"additive",8,51,38.0912996338899,36,10.7065780044002,0.746888228115487,0.705882352941177,0.209932902047063
"Additive + Recessive",0.4,3,"additive",8,38,28.2484558325481,27,8.16567729066874,0.743380416646003,0.710526315789474,0.214886244491283
"Additive + Recessive + Dominant",0.4,3,"additive",8,10,7.35249097646303,6,2.64640188324897,0.735249097646303,0.6,0.264640188324897
"Additive only",0.4,3,"additive",8,38,28.5603718707084,31,5.87861104126602,0.751588733439694,0.815789473684211,0.154700290559632
"Dominant only",0.4,3,"additive",8,4,2.97493035672759,0,2.21855932079621,0.743732589181898,0,0.554639830199052
"Recessive + Dominant",0.4,3,"additive",8,1,0.728356863895882,0,0.530503721184244,0.728356863895882,0,0.530503721184244
"Recessive only",0.4,3,"additive",8,0,0,0,0,NA,NA,NA
"Additive + Dominant",0.1,4,"additive",8,3,2.29851060645149,1,1.36149270648921,0.766170202150496,0.333333333333333,0.453830902163069
"Additive + Recessive",0.1,4,"additive",8,7,5.15925352725738,3,2.54476018651178,0.737036218179626,0.428571428571429,0.363537169501684
"Additive + Recessive + Dominant",0.1,4,"additive",8,4,2.99862230962589,1,1.84165857357744,0.749655577406473,0.25,0.460414643394359
"Additive only",0.1,4,"additive",8,3,2.27841045796202,2,0.708529155691926,0.759470152654007,0.666666666666667,0.236176385230642
"Dominant only",0.1,4,"additive",8,0,0,0,0,NA,NA,NA
"Recessive + Dominant",0.1,4,"additive",8,2,1.50441699986816,0,1.13224039165449,0.75220849993408,0,0.566120195827243
"Recessive only",0.1,4,"additive",8,0,0,0,0,NA,NA,NA
"Additive + Dominant",0.2,4,"additive",8,57,42.5945984053487,37,13.0708149228838,0.747273656234187,0.649122807017544,0.229312542506734
"Additive + Recessive",0.2,4,"additive",8,36,26.9365116751812,35,2.89830697530201,0.748236435421701,0.972222222222222,0.0805085270917226
"Additive + Recessive + Dominant",0.2,4,"additive",8,29,21.6419741122764,24,4.21918028543643,0.746274969388842,0.827586206896552,0.145488975359877
"Additive only",0.2,4,"additive",8,34,25.3872711014228,25,6.36628769136677,0.746684444159495,0.735294117647059,0.187243755628435
"Dominant only",0.2,4,"additive",8,3,2.26347747449499,0,1.70882530628114,0.754492491498329,0,0.569608435427046
"Recessive + Dominant",0.2,4,"additive",8,5,3.76421346788635,0,2.84048541934632,0.752842693577269,0,0.568097083869264
"Recessive only",0.2,4,"additive",8,0,0,0,0,NA,NA,NA
"Additive + Dominant",0.3,4,"additive",8,92,68.4911759416544,55,23.6328915365781,0.744469303713635,0.597826086956522,0.25687925583237
"Additive + Recessive",0.3,4,"additive",8,81,60.2063337044282,66,12.5040190879777,0.74328807042504,0.814814814814815,0.154370606024416
"Additive + Recessive + Dominant",0.3,4,"additive",8,56,41.4521944558383,42,10.3642920089488,0.740217758139969,0.75,0.185076643016944
"Additive only",0.3,4,"additive",8,60,45.1004920636763,43,12.3662548415449,0.751674867727938,0.716666666666667,0.206104247359081
"Dominant only",0.3,4,"additive",8,7,5.11427377353287,0,3.74158031514425,0.730610539076124,0,0.534511473592036
"Recessive + Dominant",0.3,4,"additive",8,8,5.87857104574588,0,4.3253807509948,0.734821380718234,0,0.54067259387435
"Recessive only",0.3,4,"additive",8,0,0,0,0,NA,NA,NA
"Additive + Dominant",0.4,4,"additive",8,93,69.8104681584093,49,27.3694094092101,0.750650195251713,0.526881720430108,0.294294724830216
"Additive + Recessive",0.4,4,"additive",8,107,80.1496402553676,80,20.6122711379946,0.749062058461379,0.747663551401869,0.192638048018641
"Additive + Recessive + Dominant",0.4,4,"additive",8,78,58.2587328214063,52,18.3443091002068,0.74690683104367,0.666666666666667,0.235183450002651
"Additive only",0.4,4,"additive",8,65,49.3314170632231,45,14.1397898870966,0.75894487789574,0.692307692307692,0.217535229032256
"Dominant only",0.4,4,"additive",8,5,3.79273430602146,0,2.87894628540706,0.758546861204292,0,0.575789257081412
"Recessive + Dominant",0.4,4,"additive",8,15,11.205826014044,0,8.38239059772485,0.74705506760293,0,0.558826039848323
"Recessive only",0.4,4,"additive",8,0,0,0,0,NA,NA,NA
"Additive + Dominant",0.1,5,"additive",8,10,7.39108411905041,1,5.0076887182895,0.739108411905041,0.1,0.50076887182895
"Additive + Recessive",0.1,5,"additive",8,5,3.87075326108897,2,1.93532628489068,0.774150652217793,0.4,0.387065256978136
"Additive + Recessive + Dominant",0.1,5,"additive",8,15,11.2581804113634,1,7.97478907066742,0.750545360757561,0.0666666666666667,0.531652604711161
"Additive only",0.1,5,"additive",8,4,3.00600270823325,1,1.77481079388678,0.751500677058314,0.25,0.443702698471695
"Dominant only",0.1,5,"additive",8,2,1.47259116218178,0,1.08565133388111,0.736295581090888,0,0.542825666940553
"Recessive + Dominant",0.1,5,"additive",8,4,2.96423917183683,0,2.1993060502563,0.741059792959208,0,0.549826512564076
"Recessive only",0.1,5,"additive",8,1,0.792370135068,0,0.627850430947681,0.792370135068,0,0.627850430947681
"Additive + Dominant",0.2,5,"additive",8,65,48.7501750219494,41,16.0332645916097,0.750002692645376,0.630769230769231,0.246665609101688
"Additive + Recessive",0.2,5,"additive",8,40,29.9831013498443,30,7.38090029773041,0.749577533746107,0.75,0.18452250744326
"Additive + Recessive + Dominant",0.2,5,"additive",8,40,29.4880235361193,24,10.3161206773088,0.737200588402982,0.6,0.257903016932721
"Additive only",0.2,5,"additive",8,32,23.8193151218928,22,6.81377197556324,0.74435359755915,0.6875,0.212930374236351
"Dominant only",0.2,5,"additive",8,4,3.03502748294115,0,2.30444144998812,0.758756870735286,0,0.576110362497031
"Recessive + Dominant",0.2,5,"additive",8,9,6.77592563818786,0,5.10944035041583,0.752880626465318,0,0.567715594490647
"Recessive only",0.2,5,"additive",8,0,0,0,0,NA,NA,NA
"Additive + Dominant",0.3,5,"additive",8,120,89.824712190079,65,35.6405971064476,0.748539268250658,0.541666666666667,0.297004975887063
"Additive + Recessive",0.3,5,"additive",8,79,59.3004749629877,65,11.9948314058585,0.750638923582123,0.822784810126582,0.151833308934918
"Additive + Recessive + Dominant",0.3,5,"additive",8,100,75.2210846754392,69,21.7553848478289,0.752210846754392,0.69,0.217553848478289
"Additive only",0.3,5,"additive",8,53,39.9319411284583,39,10.4598822209503,0.753432851480345,0.735849056603774,0.197356268319818
"Dominant only",0.3,5,"additive",8,8,5.93720827452477,0,4.41215646770729,0.742151034315597,0,0.551519558463411
"Recessive + Dominant",0.3,5,"additive",8,24,17.809614665534,0,13.2388651816337,0.742067277730584,0,0.551619382568069
"Recessive only",0.3,5,"additive",8,0,0,0,0,NA,NA,NA
"Additive + Dominant",0.4,5,"additive",8,146,109.937353800581,75,44.0969630025036,0.752995573976585,0.513698630136986,0.302033993167833
"Additive + Recessive",0.4,5,"additive",8,105,78.5395165312699,84,17.1695979339185,0.747995395535904,0.8,0.163519980323033
"Additive + Recessive + Dominant",0.4,5,"additive",8,141,105.776885378742,98,30.7443549803096,0.750190676444976,0.695035460992908,0.218045070782337
"Additive only",0.4,5,"additive",8,57,42.6737942204501,39,12.7755125785816,0.748663056499124,0.684210526315789,0.224131799624239
"Dominant only",0.4,5,"additive",8,11,8.32430862564241,0,6.31043770235502,0.756755329603855,0,0.573676154759547
"Recessive + Dominant",0.4,5,"additive",8,29,21.8902354522338,0,16.5521996001734,0.754835705249442,0,0.570765503454255
"Recessive only",0.4,5,"additive",8,1,0.713588242890267,0,0.509208180391219,0.713588242890267,0,0.509208180391219
"Additive only",0.1,1,"dominant",8,0,0,0,0,NA,NA,NA
"Dominant only",0.1,1,"dominant",8,10,7.38424983038888,10,0.690844720934196,0.738424983038888,1,0.0690844720934196
"Recessive only",0.1,1,"dominant",8,0,0,0,0,NA,NA,NA
"Additive only",0.2,1,"dominant",8,0,0,0,0,NA,NA,NA
"Dominant only",0.2,1,"dominant",8,15,11.2630346585762,10,3.39677376418122,0.750868977238416,0.666666666666667,0.226451584278748
"Recessive only",0.2,1,"dominant",8,0,0,0,0,NA,NA,NA
"Additive only",0.3,1,"dominant",8,0,0,0,0,NA,NA,NA
"Dominant only",0.3,1,"dominant",8,14,10.4132351105633,8,3.82314913058814,0.743802507897382,0.571428571428571,0.273082080756296
"Recessive only",0.3,1,"dominant",8,0,0,0,0,NA,NA,NA
"Additive only",0.4,1,"dominant",8,0,0,0,0,NA,NA,NA
"Dominant only",0.4,1,"dominant",8,11,8.39643276771177,8,2.2159017303244,0.763312069791979,0.727272727272727,0.201445611847673
"Recessive only",0.4,1,"dominant",8,0,0,0,0,NA,NA,NA
"Additive + Dominant",0.1,2,"dominant",8,8,5.96275791740287,6,1.52552029083785,0.745344739675359,0.75,0.190690036354731
"Additive + Recessive",0.1,2,"dominant",8,1,0.772677657173077,0,0.597030761894475,0.772677657173077,0,0.597030761894475
"Additive only",0.1,2,"dominant",8,3,2.29115612383016,0,1.75113919267402,0.763718707943387,0,0.583713064224673
"Dominant only",0.1,2,"dominant",8,13,9.80107685073573,11,1.74317173588999,0.753928988518133,0.846153846153846,0.134090133529999
"Recessive + Dominant",0.1,2,"dominant",8,7,5.20074554891409,6,0.901687258595049,0.742963649844869,0.857142857142857,0.128812465513578
"Recessive only",0.1,2,"dominant",8,0,0,0,0,NA,NA,NA
"Additive + Dominant",0.2,2,"dominant",8,13,9.86503718508544,11,1.62557532819277,0.758849014237341,0.846153846153846,0.125044256014828
"Additive + Recessive",0.2,2,"dominant",8,1,0.731707822702031,0,0.535396337803347,0.731707822702031,0,0.535396337803347
"Additive only",0.2,2,"dominant",8,2,1.47412994792814,0,1.0865651174391,0.73706497396407,0,0.543282558719549
"Dominant only",0.2,2,"dominant",8,40,29.8658984738203,33,5.89259930059989,0.746647461845507,0.825,0.147314982514997
"Recessive + Dominant",0.2,2,"dominant",8,15,11.180507115384,12,2.25789200249014,0.745367141025597,0.8,0.150526133499343
"Recessive only",0.2,2,"dominant",8,0,0,0,0,NA,NA,NA
"Additive + Dominant",0.3,2,"dominant",8,16,11.9304421625655,13,2.46299233076461,0.745652635160346,0.8125,0.153937020672788
"Additive + Recessive",0.3,2,"dominant",8,1,0.779994927393138,0,0.608392086759027,0.779994927393138,0,0.608392086759027
"Additive only",0.3,2,"dominant",8,1,0.756775130332518,0,0.5727085978898,0.756775130332518,0,0.5727085978898
"Dominant only",0.3,2,"dominant",8,29,21.7219460588615,24,4.204727486506,0.749032622719361,0.827586206896552,0.144990602982966
"Recessive + Dominant",0.3,2,"dominant",8,16,12.0445613619107,12,2.92861585534044,0.75278508511942,0.75,0.183038490958777
"Recessive only",0.3,2,"dominant",8,0,0,0,0,NA,NA,NA
"Additive + Dominant",0.4,2,"dominant",8,9,6.59955746540634,8,1.05974829065591,0.733284162822926,0.888888888888889,0.117749810072879
"Additive + Recessive",0.4,2,"dominant",8,0,0,0,0,NA,NA,NA
"Additive only",0.4,2,"dominant",8,1,0.710304136741985,0,0.504531966672777,0.710304136741985,0,0.504531966672777
"Dominant only",0.4,2,"dominant",8,23,17.0325625217916,18,3.83696031533712,0.740546196599633,0.782608695652174,0.166824361536397
"Recessive + Dominant",0.4,2,"dominant",8,7,5.35479251323654,5,1.30130566349521,0.764970359033791,0.714285714285714,0.185900809070745
"Recessive only",0.4,2,"dominant",8,0,0,0,0,NA,NA,NA
"Additive + Dominant",0.1,3,"dominant",8,6,4.6283087303264,6,0.316191356726047,0.771384788387734,1,0.0526985594543411
"Additive + Recessive",0.1,3,"dominant",8,1,0.747608092204891,0,0.558917859530237,0.747608092204891,0,0.558917859530237
"Additive + Recessive + Dominant",0.1,3,"dominant",8,3,2.22886888862385,2,0.701813437059514,0.742956296207952,0.666666666666667,0.233937812353171
"Additive only",0.1,3,"dominant",8,1,0.702938420946196,0,0.494122423642332,0.702938420946196,0,0.494122423642332
"Dominant only",0.1,3,"dominant",8,8,6.16366520276765,7,0.885086868129924,0.770458150345956,0.875,0.110635858516241
"Recessive + Dominant",0.1,3,"dominant",8,13,9.62292651905069,9,2.74243679716093,0.740225116850053,0.692307692307692,0.210956676704687
"Recessive only",0.1,3,"dominant",8,1,0.737123596707141,0,0.543351196822472,0.737123596707141,0,0.543351196822472
"Additive + Dominant",0.2,3,"dominant",8,37,27.7393603552421,23,9.29406240975524,0.74971244203357,0.621621621621622,0.251190875939331
"Additive + Recessive",0.2,3,"dominant",8,3,2.20703162798544,0,1.62420575855705,0.735677209328482,0,0.541401919519018
"Additive + Recessive + Dominant",0.2,3,"dominant",8,9,6.64095740691085,6,1.9369156144065,0.737884156323428,0.666666666666667,0.215212846045167
"Additive only",0.2,3,"dominant",8,8,5.92461264742809,0,4.39513739181025,0.740576580928511,0,0.549392173976282
"Dominant only",0.2,3,"dominant",8,23,17.6050982527035,21,2.41847541027352,0.76543905446537,0.91304347826087,0.105151104794501
"Recessive + Dominant",0.2,3,"dominant",8,28,20.7984061967279,21,5.1319111291244,0.742800221311711,0.75,0.183282540325871
"Recessive only",0.2,3,"dominant",8,0,0,0,0,NA,NA,NA
"Additive + Dominant",0.3,3,"dominant",8,42,32.1920437644058,32,7.53842258418701,0.766477232485853,0.761904761904762,0.179486252004453
"Additive + Recessive",0.3,3,"dominant",8,3,2.19602766598592,0,1.60882025744608,0.732009221995308,0,0.536273419148694
"Additive + Recessive + Dominant",0.3,3,"dominant",8,14,10.386548292205,10,2.8331587652568,0.741896306586074,0.714285714285714,0.202368483232629
"Additive only",0.3,3,"dominant",8,7,5.17755433846217,0,3.83199201244453,0.73965061978031,0,0.547427430349218
"Dominant only",0.3,3,"dominant",8,28,21.217112885859,23,4.3347024361,0.757754031637823,0.821428571428571,0.154810801289286
"Recessive + Dominant",0.3,3,"dominant",8,40,29.8788507253095,30,7.415279365435,0.746971268132737,0.75,0.185381984135875
"Recessive only",0.3,3,"dominant",8,1,0.712650027659421,0,0.507870061922973,0.712650027659421,0,0.507870061922973
"Additive + Dominant",0.4,3,"dominant",8,41,30.624675103878,23,11.636811922234,0.746943295216538,0.560975609756098,0.283824681030098
"Additive + Recessive",0.4,3,"dominant",8,5,3.62701084146509,0,2.63306273928396,0.725402168293018,0,0.526612547856792
"Additive + Recessive + Dominant",0.4,3,"dominant",8,24,17.747201156754,14,6.32488035268856,0.739466714864752,0.583333333333333,0.263536681362023
"Additive only",0.4,3,"dominant",8,6,4.47827900755126,0,3.34278141683709,0.746379834591876,0,0.557130236139516
"Dominant only",0.4,3,"dominant",8,34,25.401727873575,27,5.52568966180947,0.747109643340442,0.794117647058823,0.162520284170867
"Recessive + Dominant",0.4,3,"dominant",8,57,42.6941337828916,41,11.4429229777617,0.749019890927922,0.719298245614035,0.200753034697573
"Recessive only",0.4,3,"dominant",8,1,0.728398182856248,0,0.530563912788284,0.728398182856248,0,0.530563912788284
"Additive + Dominant",0.1,4,"dominant",8,10,7.53469599050696,3,4.24948192492076,0.753469599050696,0.3,0.424948192492076
"Additive + Recessive",0.1,4,"dominant",8,1,0.71701765164653,0,0.514114312772705,0.71701765164653,0,0.514114312772705
"Additive + Recessive + Dominant",0.1,4,"dominant",8,8,5.87004658468872,6,1.47237530448463,0.733755823086089,0.75,0.184046913060579
"Additive only",0.1,4,"dominant",8,0,0,0,0,NA,NA,NA
"Dominant only",0.1,4,"dominant",8,6,4.38819244187739,6,0.438297584112604,0.731365406979565,1,0.0730495973521007
"Recessive + Dominant",0.1,4,"dominant",8,14,10.5667678704172,10,3.04491122705324,0.754769133601231,0.714285714285714,0.217493659075231
"Recessive only",0.1,4,"dominant",8,0,0,0,0,NA,NA,NA
"Additive + Dominant",0.2,4,"dominant",8,47,35.2433018029232,30,10.9814472541329,0.74985748516858,0.638297872340426,0.233647813917722
"Additive + Recessive",0.2,4,"dominant",8,6,4.58164750047526,0,3.50129933416299,0.763607916745876,0,0.583549889027166
"Additive + Recessive + Dominant",0.2,4,"dominant",8,17,12.9715354036078,13,3.24417132961736,0.763031494329869,0.764705882352941,0.19083360762455
"Additive only",0.2,4,"dominant",8,4,2.90766075111473,0,2.11549313151724,0.726915187778683,0,0.528873282879311
"Dominant only",0.2,4,"dominant",8,27,20.5072097490151,22,4.13267041710101,0.759526287000561,0.814814814814815,0.153061867300037
"Recessive + Dominant",0.2,4,"dominant",8,31,23.4807341395589,27,3.88697069782192,0.757443036759963,0.870967741935484,0.125386151542643
"Recessive only",0.2,4,"dominant",8,0,0,0,0,NA,NA,NA
"Additive + Dominant",0.3,4,"dominant",8,93,69.7833914236555,55,23.9228892719004,0.750359047566189,0.591397849462366,0.257235368515058
"Additive + Recessive",0.3,4,"dominant",8,19,14.2063691685431,0,10.6339823311218,0.747703640449637,0,0.559683280585358
"Additive + Recessive + Dominant",0.3,4,"dominant",8,52,38.9061626496613,32,13.4427555604932,0.74819543557041,0.615384615384615,0.258514530009484
"Additive only",0.3,4,"dominant",8,8,5.74590081605223,0,4.13150976256356,0.718237602006529,0,0.516438720320444
"Dominant only",0.3,4,"dominant",8,45,33.8757061175256,38,5.91059323989183,0.752793469278347,0.844444444444444,0.131346516442041
"Recessive + Dominant",0.3,4,"dominant",8,63,46.9567973574093,59,5.97458413988871,0.745345989800147,0.936507936507937,0.0948346688871224
"Recessive only",0.3,4,"dominant",8,0,0,0,0,NA,NA,NA
"Additive + Dominant",0.4,4,"dominant",8,96,71.8943715037024,75,16.3494362305652,0.748899703163566,0.78125,0.170306627401721
"Additive + Recessive",0.4,4,"dominant",8,8,5.9607779401007,0,4.4473871203338,0.745097242512588,0,0.555923390041725
"Additive + Recessive + Dominant",0.4,4,"dominant",8,55,41.3535109493827,34,13.9995590033615,0.751882017261503,0.618181818181818,0.254537436424754
"Additive only",0.4,4,"dominant",8,7,5.238776356263,0,3.92704995333701,0.748396622323286,0,0.561007136191002
"Dominant only",0.4,4,"dominant",8,60,44.8153290792994,52,7.72289351975463,0.746922151321656,0.866666666666667,0.128714891995911
"Recessive + Dominant",0.4,4,"dominant",8,90,67.6301831301314,66,17.8724300851514,0.751446479223682,0.733333333333333,0.198582556501683
"Recessive only",0.4,4,"dominant",8,0,0,0,0,NA,NA,NA
"Additive + Dominant",0.1,5,"dominant",8,11,8.47002780507787,6,3.33576819415352,0.770002527734352,0.545454545454545,0.303251654013956
"Additive + Recessive",0.1,5,"dominant",8,1,0.786364500269089,0,0.618369127283454,0.786364500269089,0,0.618369127283454
"Additive + Recessive + Dominant",0.1,5,"dominant",8,12,8.72263427529831,5,3.9525589692275,0.726886189608193,0.416666666666667,0.329379914102292
"Additive only",0.1,5,"dominant",8,0,0,0,0,NA,NA,NA
"Dominant only",0.1,5,"dominant",8,4,2.99871354015689,1,1.69265781512907,0.749678385039222,0.25,0.423164453782268
"Recessive + Dominant",0.1,5,"dominant",8,6,4.48312069533567,1,2.89689169030675,0.747186782555946,0.166666666666667,0.482815281717791
"Recessive only",0.1,5,"dominant",8,0,0,0,0,NA,NA,NA
"Additive + Dominant",0.2,5,"dominant",8,62,46.0313161233583,40,14.3236864109131,0.742440582634811,0.645161290322581,0.231027200176018
"Additive + Recessive",0.2,5,"dominant",8,7,5.26002802656783,0,3.9557819607805,0.751432575223976,0,0.565111708682929
"Additive + Recessive + Dominant",0.2,5,"dominant",8,56,42.0482191565514,38,12.5421804359599,0.750861056366989,0.678571428571429,0.223967507784998
"Additive only",0.2,5,"dominant",8,6,4.5758865655378,0,3.49382093687507,0.762647760922967,0,0.582303489479179
"Dominant only",0.2,5,"dominant",8,26,19.4163596480983,24,2.59388352376295,0.746783063388396,0.923076923076923,0.0997647509139597
"Recessive + Dominant",0.2,5,"dominant",8,48,35.9551383559933,37,8.2909777887931,0.749065382416526,0.770833333333333,0.17272870393319
"Recessive only",0.2,5,"dominant",8,0,0,0,0,NA,NA,NA
"Additive + Dominant",0.3,5,"dominant",8,108,81.125389966105,76,21.9431043091182,0.751161018204676,0.703703703703704,0.203176891751095
"Additive + Recessive",0.3,5,"dominant",8,13,9.91921740579731,0,7.57805428337018,0.76301672352287,0,0.582927252566937
"Additive + Recessive + Dominant",0.3,5,"dominant",8,111,83.2427734333387,70,27.8347521435876,0.749934895795844,0.630630630630631,0.250763532825114
"Additive only",0.3,5,"dominant",8,6,4.51580254900712,0,3.40624733513151,0.752633758167853,0,0.567707889188585
"Dominant only",0.3,5,"dominant",8,46,34.2825935645129,34,8.85787386621075,0.745273773141584,0.739130434782609,0.192562475352408
"Recessive + Dominant",0.3,5,"dominant",8,102,76.2407849970328,69,22.722545759039,0.747458676441498,0.676470588235294,0.222770056461167
"Recessive only",0.3,5,"dominant",8,0,0,0,0,NA,NA,NA
"Additive + Dominant",0.4,5,"dominant",8,134,100.611788468803,109,20.7928318696864,0.750834242304499,0.813432835820896,0.155170387087212
"Additive + Recessive",0.4,5,"dominant",8,22,16.2038755671951,0,11.9460737880513,0.736539798508868,0,0.54300335400233
"Additive + Recessive + Dominant",0.4,5,"dominant",8,147,109.755194586455,106,29.2821138340216,0.746633976778606,0.72108843537415,0.199198053292664
"Additive only",0.4,5,"dominant",8,3,2.1701024323116,0,1.56988496306152,0.723367477437199,0,0.523294987687172
"Dominant only",0.4,5,"dominant",8,57,42.8864269733261,48,8.1619240368417,0.752393455672387,0.842105263157895,0.143191649769153
"Recessive + Dominant",0.4,5,"dominant",8,133,99.9462604290493,110,19.8708690036167,0.751475642323679,0.827067669172932,0.149405030102381
"Recessive only",0.4,5,"dominant",8,0,0,0,0,NA,NA,NA
"Additive only",0.1,1,"recessive",8,0,0,0,0,NA,NA,NA
"Dominant only",0.1,1,"recessive",8,0,0,0,0,NA,NA,NA
"Recessive only",0.1,1,"recessive",8,8,5.94592390611064,5,1.88549269064739,0.743240488263829,0.625,0.235686586330924
"Additive only",0.2,1,"recessive",8,0,0,0,0,NA,NA,NA
"Dominant only",0.2,1,"recessive",8,0,0,0,0,NA,NA,NA
"Recessive only",0.2,1,"recessive",8,7,5.19419860623299,4,1.8984260313574,0.742028372318998,0.571428571428571,0.271203718765343
"Additive only",0.3,1,"recessive",8,0,0,0,0,NA,NA,NA
"Dominant only",0.3,1,"recessive",8,0,0,0,0,NA,NA,NA
"Recessive only",0.3,1,"recessive",8,15,11.1607792560186,12,2.38856621789519,0.744051950401243,0.8,0.159237747859679
"Additive only",0.4,1,"recessive",8,0,0,0,0,NA,NA,NA
"Dominant only",0.4,1,"recessive",8,0,0,0,0,NA,NA,NA
"Recessive only",0.4,1,"recessive",8,6,4.57468490853668,4,1.48213569338063,0.762447484756113,0.666666666666667,0.247022615563439
"Additive + Dominant",0.1,2,"recessive",8,0,0,0,0,NA,NA,NA
"Additive + Recessive",0.1,2,"recessive",8,12,8.92103530606937,10,1.74048050150085,0.743419608839114,0.833333333333333,0.145040041791738
"Additive only",0.1,2,"recessive",8,1,0.721980483827381,0,0.521255819027619,0.721980483827381,0,0.521255819027619
"Dominant only",0.1,2,"recessive",8,0,0,0,0,NA,NA,NA
"Recessive + Dominant",0.1,2,"recessive",8,7,5.14412195063227,5,1.46185650745354,0.734874564376038,0.714285714285714,0.208836643921934
"Recessive only",0.1,2,"recessive",8,12,9.02601081229851,11,1.15157709818523,0.752167567691543,0.916666666666667,0.0959647581821026
"Additive + Dominant",0.2,2,"recessive",8,0,0,0,0,NA,NA,NA
"Additive + Recessive",0.2,2,"recessive",8,9,6.74869615911598,7,1.54227829854155,0.749855128790665,0.777777777777778,0.171364255393506
"Additive only",0.2,2,"recessive",8,0,0,0,0,NA,NA,NA
"Dominant only",0.2,2,"recessive",8,0,0,0,0,NA,NA,NA
"Recessive + Dominant",0.2,2,"recessive",8,9,6.7695243237061,6,1.97532737958506,0.752169369300678,0.666666666666667,0.219480819953895
"Recessive only",0.2,2,"recessive",8,16,11.7876675534447,10,4.01004051019651,0.736729222090295,0.625,0.250627531887282
"Additive + Dominant",0.3,2,"recessive",8,0,0,0,0,NA,NA,NA
"Additive + Recessive",0.3,2,"recessive",8,7,5.336984149386,6,0.929975753389288,0.762426307055143,0.857142857142857,0.132853679055613
"Additive only",0.3,2,"recessive",8,0,0,0,0,NA,NA,NA
"Dominant only",0.3,2,"recessive",8,1,0.71035546167396,0,0.504604881930026,0.71035546167396,0,0.504604881930026
"Recessive + Dominant",0.3,2,"recessive",8,10,7.53773878874677,8,1.62886666501239,0.753773878874677,0.8,0.162886666501239
"Recessive only",0.3,2,"recessive",8,17,12.807906159913,14,2.61843057438506,0.753406244700762,0.823529411764706,0.154025327905004
"Additive + Dominant",0.4,2,"recessive",8,0,0,0,0,NA,NA,NA
"Additive + Recessive",0.4,2,"recessive",8,10,7.32376774489996,7,2.17523810322242,0.732376774489996,0.7,0.217523810322242
"Additive only",0.4,2,"recessive",8,0,0,0,0,NA,NA,NA
"Dominant only",0.4,2,"recessive",8,0,0,0,0,NA,NA,NA
"Recessive + Dominant",0.4,2,"recessive",8,12,9.09081790373371,9,2.27632332136222,0.757568158644476,0.75,0.189693610113519
"Recessive only",0.4,2,"recessive",8,20,15.0593400390473,16,3.45677309056708,0.752967001952363,0.8,0.172838654528354
"Additive + Dominant",0.1,3,"recessive",8,0,0,0,0,NA,NA,NA
"Additive + Recessive",0.1,3,"recessive",8,10,7.55957845325015,5,3.10713864483332,0.755957845325015,0.5,0.310713864483332
"Additive + Recessive + Dominant",0.1,3,"recessive",8,4,2.96634826664264,2,1.18934157491453,0.74158706666066,0.5,0.297335393728632
"Additive only",0.1,3,"recessive",8,0,0,0,0,NA,NA,NA
"Dominant only",0.1,3,"recessive",8,0,0,0,0,NA,NA,NA
"Recessive + Dominant",0.1,3,"recessive",8,13,9.69729974851306,10,2.28586583458101,0.745946134501005,0.769230769230769,0.175835833429308
"Recessive only",0.1,3,"recessive",8,11,8.1612983063366,8,2.23538108924858,0.741936209666964,0.727272727272727,0.203216462658962
"Additive + Dominant",0.2,3,"recessive",8,0,0,0,0,NA,NA,NA
"Additive + Recessive",0.2,3,"recessive",8,38,28.5161157241358,30,6.21909206549699,0.750424098003572,0.789473684210526,0.163660317513079
"Additive + Recessive + Dominant",0.2,3,"recessive",8,15,11.2475299378636,10,3.1636209742589,0.749835329190904,0.666666666666667,0.210908064950593
"Additive only",0.2,3,"recessive",8,0,0,0,0,NA,NA,NA
"Dominant only",0.2,3,"recessive",8,0,0,0,0,NA,NA,NA
"Recessive + Dominant",0.2,3,"recessive",8,34,25.2434436480706,23,7.46746004941011,0.742454224943252,0.676470588235294,0.219631177923827
"Recessive only",0.2,3,"recessive",8,31,23.0873486092743,21,6.74425543551852,0.744753180944333,0.67741935483871,0.21755662695221
"Additive + Dominant",0.3,3,"recessive",8,0,0,0,0,NA,NA,NA
"Additive + Recessive",0.3,3,"recessive",8,34,25.420086198516,22,8.11004650637751,0.747649594074,0.647058823529412,0.238530779599339
"Additive + Recessive + Dominant",0.3,3,"recessive",8,17,12.8853071500815,10,4.5070155154404,0.757959244122438,0.588235294117647,0.265118559731788
"Additive only",0.3,3,"recessive",8,0,0,0,0,NA,NA,NA
"Dominant only",0.3,3,"recessive",8,0,0,0,0,NA,NA,NA
"Recessive + Dominant",0.3,3,"recessive",8,34,26.0598693136202,26,5.82996124261425,0.76646674451824,0.764705882352941,0.171469448312184
"Recessive only",0.3,3,"recessive",8,40,30.267241990323,27,8.90090105628461,0.756681049758076,0.675,0.222522526407115
"Additive + Dominant",0.4,3,"recessive",8,0,0,0,0,NA,NA,NA
"Additive + Recessive",0.4,3,"recessive",8,26,19.620904237198,16,6.36105609595578,0.754650162969153,0.615384615384615,0.244656003690607
"Additive + Recessive + Dominant",0.4,3,"recessive",8,13,9.88821246289925,6,4.22764049258373,0.760631727915327,0.461538461538462,0.325203114814133
"Additive only",0.4,3,"recessive",8,0,0,0,0,NA,NA,NA
"Dominant only",0.4,3,"recessive",8,0,0,0,0,NA,NA,NA
"Recessive + Dominant",0.4,3,"recessive",8,29,21.6258927501868,24,4.2467316933798,0.745720439661613,0.827586206896552,0.146439023909648
"Recessive only",0.4,3,"recessive",8,37,27.6384611494205,25,8.16952672450852,0.746985436470823,0.675675675675676,0.220798019581311
"Additive + Dominant",0.1,4,"recessive",8,0,0,0,0,NA,NA,NA
"Additive + Recessive",0.1,4,"recessive",8,16,12.0696930580694,14,1.93060764590238,0.754355816129337,0.875,0.120662977868899
"Additive + Recessive + Dominant",0.1,4,"recessive",8,6,4.47996897796663,5,0.863578123283741,0.746661496327771,0.833333333333333,0.143929687213957
"Additive only",0.1,4,"recessive",8,0,0,0,0,NA,NA,NA
"Dominant only",0.1,4,"recessive",8,0,0,0,0,NA,NA,NA
"Recessive + Dominant",0.1,4,"recessive",8,9,6.79555718320314,5,2.48892178377149,0.755061909244793,0.555555555555556,0.276546864863498
"Recessive only",0.1,4,"recessive",8,5,3.78340568471579,3,1.28177835189034,0.756681136943157,0.6,0.256355670378069
"Additive + Dominant",0.2,4,"recessive",8,0,0,0,0,NA,NA,NA
"Additive + Recessive",0.2,4,"recessive",8,36,27.235792499527,27,6.32647802400844,0.756549791653527,0.75,0.175735500666901
"Additive + Recessive + Dominant",0.2,4,"recessive",8,34,25.3003992613808,21,8.35067760109324,0.744129390040611,0.617647058823529,0.245608164738037
"Additive only",0.2,4,"recessive",8,0,0,0,0,NA,NA,NA
"Dominant only",0.2,4,"recessive",8,0,0,0,0,NA,NA,NA
"Recessive + Dominant",0.2,4,"recessive",8,36,26.823488427491,25,7.46640589970824,0.745096900763639,0.694444444444444,0.207400163880784
"Recessive only",0.2,4,"recessive",8,22,16.3451232324186,17,3.88238464159118,0.742960146928117,0.772727272727273,0.176472029163236
"Additive + Dominant",0.3,4,"recessive",8,0,0,0,0,NA,NA,NA
"Additive + Recessive",0.3,4,"recessive",8,56,41.5442272194593,42,10.5704983754337,0.741861200347488,0.75,0.188758899561317
"Additive + Recessive + Dominant",0.3,4,"recessive",8,37,27.5701207757676,28,6.87394282713216,0.745138399345071,0.756756756756757,0.185782238571139
"Additive only",0.3,4,"recessive",8,0,0,0,0,NA,NA,NA
"Dominant only",0.3,4,"recessive",8,1,0.717599884679334,0,0.514949594491794,0.717599884679334,0,0.514949594491794
"Recessive + Dominant",0.3,4,"recessive",8,54,40.4982294739707,40,10.6179861901712,0.74996721248094,0.740740740740741,0.196629373892059
"Recessive only",0.3,4,"recessive",8,32,23.8403893726597,26,5.30302355885603,0.745012167895615,0.8125,0.165719486214251
"Additive + Dominant",0.4,4,"recessive",8,0,0,0,0,NA,NA,NA
"Additive + Recessive",0.4,4,"recessive",8,59,44.0781996602078,43,11.8150235068496,0.74708812983403,0.728813559322034,0.200254635709314
"Additive + Recessive + Dominant",0.4,4,"recessive",8,38,28.4894309219754,26,8.37505046014241,0.749721866367773,0.684210526315789,0.22039606474059
"Additive only",0.4,4,"recessive",8,0,0,0,0,NA,NA,NA
"Dominant only",0.4,4,"recessive",8,0,0,0,0,NA,NA,NA
"Recessive + Dominant",0.4,4,"recessive",8,54,40.5320797646149,39,10.7384556332447,0.750594069715091,0.722222222222222,0.198860289504532
"Recessive only",0.4,4,"recessive",8,37,27.7232718033105,27,7.45548675857237,0.749277616305688,0.72972972972973,0.201499642123578
"Additive + Dominant",0.1,5,"recessive",8,0,0,0,0,NA,NA,NA
"Additive + Recessive",0.1,5,"recessive",8,8,6.03510851536512,4,2.54478804556094,0.75438856442064,0.5,0.318098505695118
"Additive + Recessive + Dominant",0.1,5,"recessive",8,7,5.16135627011223,6,0.908752200785932,0.737336610016033,0.857142857142857,0.129821742969419
"Additive only",0.1,5,"recessive",8,0,0,0,0,NA,NA,NA
"Dominant only",0.1,5,"recessive",8,0,0,0,0,NA,NA,NA
"Recessive + Dominant",0.1,5,"recessive",8,6,4.43558289985787,6,0.413364562691476,0.739263816642978,1,0.0688940937819127
"Recessive only",0.1,5,"recessive",8,4,3.02621202216142,4,0.241329672881411,0.756553005540354,1,0.0603324182203527
"Additive + Dominant",0.2,5,"recessive",8,0,0,0,0,NA,NA,NA
"Additive + Recessive",0.2,5,"recessive",8,53,39.8306770866017,34,12.660683706853,0.751522209181163,0.641509433962264,0.238880824657604
"Additive + Recessive + Dominant",0.2,5,"recessive",8,36,26.6764037151625,21,9.62419651278148,0.741011214310068,0.583333333333333,0.267338792021708
"Additive only",0.2,5,"recessive",8,0,0,0,0,NA,NA,NA
"Dominant only",0.2,5,"recessive",8,0,0,0,0,NA,NA,NA
"Recessive + Dominant",0.2,5,"recessive",8,44,33.1550538687719,32,8.65442481778632,0.753523951562997,0.727272727272727,0.196691473131507
"Recessive only",0.2,5,"recessive",8,22,16.4503055618361,16,4.33310737106001,0.74774116190164,0.727272727272727,0.196959425957273
"Additive + Dominant",0.3,5,"recessive",8,0,0,0,0,NA,NA,NA
"Additive + Recessive",0.3,5,"recessive",8,96,72.0634789814501,72,17.8050158799151,0.750661239390105,0.75,0.185468915415783
"Additive + Recessive + Dominant",0.3,5,"recessive",8,82,61.6556338280736,70,11.2711041550555,0.751897973513093,0.853658536585366,0.137452489695799
"Additive only",0.3,5,"recessive",8,0,0,0,0,NA,NA,NA
"Dominant only",0.3,5,"recessive",8,0,0,0,0,NA,NA,NA
"Recessive + Dominant",0.3,5,"recessive",8,77,57.499969447702,66,10.3837207024352,0.746752849970156,0.857142857142857,0.134853515616041
"Recessive only",0.3,5,"recessive",8,41,30.9468716253349,31,7.47313865520069,0.754801746959387,0.75609756097561,0.18227167451709
"Additive + Dominant",0.4,5,"recessive",8,0,0,0,0,NA,NA,NA
"Additive + Recessive",0.4,5,"recessive",8,98,73.8827032973693,67,21.9693182594397,0.753905135687442,0.683673469387755,0.224176716933058
"Additive + Recessive + Dominant",0.4,5,"recessive",8,98,73.7774321726801,76,17.2380554741911,0.752830940537552,0.775510204081633,0.175898525246848
"Additive only",0.4,5,"recessive",8,0,0,0,0,NA,NA,NA
"Dominant only",0.4,5,"recessive",8,1,0.705086624092736,0,0.497147147474491,0.705086624092736,0,0.497147147474491
"Recessive + Dominant",0.4,5,"recessive",8,86,65.0020845376112,70,13.444952614112,0.755838192297805,0.813953488372093,0.156336658303628
"Recessive only",0.4,5,"recessive",8,45,33.8133411197957,32,9.54736675873733,0.751407580439904,0.711111111111111,0.212163705749718
"Additive only",0.1,1,"additive",9,14,11.9544491901667,14,0.306428922915077,0.853889227869051,1,0.0218877802082198
"Dominant only",0.1,1,"additive",9,2,1.70581519580227,0,1.45701059375716,0.852907597901133,0,0.728505296878578
"Recessive only",0.1,1,"additive",9,0,0,0,0,NA,NA,NA
"Additive only",0.2,1,"additive",9,19,16.3812140861814,15,3.20010807115048,0.8621691624306,0.789473684210526,0.168426740586867
"Dominant only",0.2,1,"additive",9,1,0.882480014535314,0,0.778770976054249,0.882480014535314,0,0.778770976054249
"Recessive only",0.2,1,"additive",9,0,0,0,0,NA,NA,NA
"Additive only",0.3,1,"additive",9,19,16.0083214453185,17,1.79358482203269,0.842543233964131,0.894736842105263,0.0943992011596152
"Dominant only",0.3,1,"additive",9,0,0,0,0,NA,NA,NA
"Recessive only",0.3,1,"additive",9,0,0,0,0,NA,NA,NA
"Additive only",0.4,1,"additive",9,19,16.2446428367797,15,3.2472248978841,0.854981201935775,0.789473684210526,0.170906573572848
"Dominant only",0.4,1,"additive",9,0,0,0,0,NA,NA,NA
"Recessive only",0.4,1,"additive",9,0,0,0,0,NA,NA,NA
"Additive + Dominant",0.1,2,"additive",9,6,5.2410647109998,4,1.58050764749763,0.873510785166633,0.666666666666667,0.263417941249606
"Additive + Recessive",0.1,2,"additive",9,6,5.17144999521483,4,1.58155529065968,0.861908332535806,0.666666666666667,0.26359254844328
"Additive only",0.1,2,"additive",9,10,8.60044650997839,9,0.910286355658683,0.860044650997839,0.9,0.0910286355658683
"Dominant only",0.1,2,"additive",9,0,0,0,0,NA,NA,NA
"Recessive + Dominant",0.1,2,"additive",9,1,0.880064772981995,0,0.77451400464385,0.880064772981995,0,0.77451400464385
"Recessive only",0.1,2,"additive",9,0,0,0,0,NA,NA,NA
"Additive + Dominant",0.2,2,"additive",9,16,13.6113854713139,13,2.62080675854991,0.85071159195712,0.8125,0.16380042240937
"Additive + Recessive",0.2,2,"additive",9,13,11.1050277250428,10,2.34703943478092,0.854232901926366,0.769230769230769,0.180541494983148
"Additive only",0.2,2,"additive",9,33,28.1867645144639,27,5.22783317406237,0.85414437922618,0.818181818181818,0.158419187092799
"Dominant only",0.2,2,"additive",9,3,2.56159164796674,0,2.1889604227927,0.85386388265558,0,0.729653474264234
"Recessive + Dominant",0.2,2,"additive",9,1,0.860047883571325,0,0.739682362035516,0.860047883571325,0,0.739682362035516
"Recessive only",0.2,2,"additive",9,0,0,0,0,NA,NA,NA
"Additive + Dominant",0.3,2,"additive",9,9,7.67007563648786,8,0.841232317730127,0.852230626276428,0.888888888888889,0.0934702575255697
"Additive + Recessive",0.3,2,"additive",9,9,7.65745780602109,8,0.912858048100325,0.850828645113455,0.888888888888889,0.101428672011147
"Additive only",0.3,2,"additive",9,36,30.7162606441904,33,2.91391721794076,0.853229462338622,0.916666666666667,0.0809421449427989
"Dominant only",0.3,2,"additive",9,2,1.65499505270803,0,1.36961544254528,0.827497526354017,0,0.684807721272639
"Recessive + Dominant",0.3,2,"additive",9,1,0.800805236825143,0,0.641289027326573,0.800805236825143,0,0.641289027326573
"Recessive only",0.3,2,"additive",9,0,0,0,0,NA,NA,NA
"Additive + Dominant",0.4,2,"additive",9,10,8.61601822871822,10,0.198528169038384,0.861601822871822,1,0.0198528169038384
"Additive + Recessive",0.4,2,"additive",9,23,19.5725165930627,22,1.14037597906787,0.850978982307074,0.956521739130435,0.0495815643072987
"Additive only",0.4,2,"additive",9,28,24.2038261533525,25,2.7181710899253,0.864422362619732,0.892857142857143,0.0970775389259034
"Dominant only",0.4,2,"additive",9,1,0.876375108264237,0,0.768033330385153,0.876375108264237,0,0.768033330385153
"Recessive + Dominant",0.4,2,"additive",9,2,1.74140592884036,0,1.51667678078213,0.870702964420179,0,0.758338390391063
"Recessive only",0.4,2,"additive",9,0,0,0,0,NA,NA,NA
"Additive + Dominant",0.1,3,"additive",9,10,8.47598763421158,2,5.86427198812156,0.847598763421158,0.2,0.586427198812156
"Additive + Recessive",0.1,3,"additive",9,8,6.70534791364924,5,2.26725870407121,0.838168489206155,0.625,0.283407338008902
"Additive + Recessive + Dominant",0.1,3,"additive",9,4,3.424794738524,3,0.752098128994074,0.856198684631,0.75,0.188024532248519
"Additive only",0.1,3,"additive",9,7,5.94903276904187,4,2.27206830231329,0.849861824148839,0.571428571428571,0.324581186044756
"Dominant only",0.1,3,"additive",9,2,1.68178604387068,0,1.41618758563556,0.840893021935338,0,0.708093792817778
"Recessive + Dominant",0.1,3,"additive",9,1,0.832231724813272,0,0.692609643785673,0.832231724813272,0,0.692609643785673
"Recessive only",0.1,3,"additive",9,0,0,0,0,NA,NA,NA
"Additive + Dominant",0.2,3,"additive",9,34,29.0142595352999,26,6.31492300601919,0.853360574567644,0.764705882352941,0.1857330295888
"Additive + Recessive",0.2,3,"additive",9,42,36.0233648821516,34,6.2692713716517,0.857699163860751,0.80952380952381,0.149268365991707
"Additive + Recessive + Dominant",0.2,3,"additive",9,15,12.737083402558,10,3.60831819400226,0.849138893503865,0.666666666666667,0.240554546266817
"Additive only",0.2,3,"additive",9,29,24.6770427573228,25,3.5466249180469,0.8509325088732,0.862068965517241,0.122297410967135
"Dominant only",0.2,3,"additive",9,3,2.44310871790571,0,1.98969503553951,0.814369572635236,0,0.663231678513169
"Recessive + Dominant",0.2,3,"additive",9,4,3.43402385395887,0,2.95083870266432,0.858505963489716,0,0.737709675666079
"Recessive only",0.2,3,"additive",9,0,0,0,0,NA,NA,NA
"Additive + Dominant",0.3,3,"additive",9,66,56.0778525382342,52,10.7773217699507,0.849664432397487,0.787878787878788,0.163292754090162
"Additive + Recessive",0.3,3,"additive",9,51,43.2756171749263,45,5.40177521622433,0.848541513233849,0.882352941176471,0.105917161102438
"Additive + Recessive + Dominant",0.3,3,"additive",9,19,15.9719554619035,15,3.28533937921195,0.840629234837028,0.789473684210526,0.172912598905892
"Additive only",0.3,3,"additive",9,53,45.1862924236658,44,7.1938467554626,0.852571555163505,0.830188679245283,0.135732957650238
"Dominant only",0.3,3,"additive",9,3,2.48340403798791,0,2.05606119201063,0.82780134599597,0,0.685353730670209
"Recessive + Dominant",0.3,3,"additive",9,6,5.03784796981317,0,4.23750078466928,0.839641328302195,0,0.706250130778213
"Recessive only",0.3,3,"additive",9,1,0.823650976476922,0,0.678400931051388,0.823650976476922,0,0.678400931051388
"Additive + Dominant",0.4,3,"additive",9,64,54.5073131102245,49,11.8748739136639,0.851676767347258,0.765625,0.185544904900998
"Additive + Recessive",0.4,3,"additive",9,42,35.792948002266,37,4.47229673022896,0.852213047673,0.880952380952381,0.106483255481642
"Additive + Recessive + Dominant",0.4,3,"additive",9,13,11.2526575923415,10,2.4316417188856,0.86558904556473,0.769230769230769,0.1870493629912
"Additive only",0.4,3,"additive",9,54,46.2162596542713,45,7.4994870302388,0.855856660264283,0.833333333333333,0.138879389448867
"Dominant only",0.4,3,"additive",9,3,2.50542716126531,0,2.09337870621642,0.835142387088436,0,0.69779290207214
"Recessive + Dominant",0.4,3,"additive",9,0,0,0,0,NA,NA,NA
"Recessive only",0.4,3,"additive",9,0,0,0,0,NA,NA,NA
"Additive + Dominant",0.1,4,"additive",9,12,10.1960778143187,10,1.57008735304318,0.849673151193223,0.833333333333333,0.130840612753599
"Additive + Recessive",0.1,4,"additive",9,3,2.55070922262341,3,0.0689252839670129,0.850236407541136,1,0.022975094655671
"Additive + Recessive + Dominant",0.1,4,"additive",9,3,2.56003291924055,1,1.49673296264772,0.853344306413517,0.333333333333333,0.498910987549242
"Additive only",0.1,4,"additive",9,5,4.18580048093832,4,0.812955846163972,0.837160096187664,0.8,0.162591169232794
"Dominant only",0.1,4,"additive",9,1,0.831647293008417,0,0.691637219968228,0.831647293008417,0,0.691637219968228
"Recessive + Dominant",0.1,4,"additive",9,5,4.27224160088566,0,3.65562704244211,0.854448320177132,0,0.731125408488422
"Recessive only",0.1,4,"additive",9,1,0.805720191551909,0,0.649185027074445,0.805720191551909,0,0.649185027074445
"Additive + Dominant",0.2,4,"additive",9,47,39.2320969797739,35,9.52041030704306,0.834725467654765,0.74468085106383,0.202561921426448
"Additive + Recessive",0.2,4,"additive",9,44,37.4135954171299,40,3.73482777740994,0.850308986752953,0.909090909090909,0.0848824494865896
"Additive + Recessive + Dominant",0.2,4,"additive",9,20,17.2855196708425,16,3.36846970780993,0.864275983542126,0.8,0.168423485390496
"Additive only",0.2,4,"additive",9,30,25.3708620539515,26,3.50840837470254,0.845695401798383,0.866666666666667,0.116946945823418
"Dominant only",0.2,4,"additive",9,2,1.68833429981457,0,1.4257036267231,0.844167149907287,0,0.712851813361549
"Recessive + Dominant",0.2,4,"additive",9,7,5.87826424216235,0,4.94335127279608,0.839752034594621,0,0.706193038970868
"Recessive only",0.2,4,"additive",9,0,0,0,0,NA,NA,NA
"Additive + Dominant",0.3,4,"additive",9,88,74.5482770016644,63,19.4375919233719,0.84713951138255,0.715909090909091,0.220881726401954
"Additive + Recessive",0.3,4,"additive",9,76,64.2629840588341,61,11.5783116432422,0.845565579721501,0.802631578947368,0.152346205832134
"Additive + Recessive + Dominant",0.3,4,"additive",9,52,43.7716504587134,39,10.1452925523066,0.841762508821412,0.75,0.19510177985205
"Additive only",0.3,4,"additive",9,51,43.3203420051101,46,4.62688102114113,0.849418470688433,0.901960784313726,0.0907231572772771
"Dominant only",0.3,4,"additive",9,4,3.44735568001647,0,2.9751676544549,0.861838920004119,0,0.743791913613725
"Recessive + Dominant",0.3,4,"additive",9,8,6.77908970912615,0,5.74763456828443,0.847386213640769,0,0.718454321035553
"Recessive only",0.3,4,"additive",9,0,0,0,0,NA,NA,NA
"Additive + Dominant",0.4,4,"additive",9,101,86.2085240788004,87,11.6614810288273,0.853549743354459,0.861386138613861,0.115460208206211
"Additive + Recessive",0.4,4,"additive",9,81,69.0815743613955,68,10.8890344593676,0.852858942733278,0.839506172839506,0.134432524189724
"Additive + Recessive + Dominant",0.4,4,"additive",9,61,51.6424859247651,53,6.98570759697609,0.846598129914182,0.868852459016393,0.114519796671739
"Additive only",0.4,4,"additive",9,63,53.8254385490063,55,6.7186401193175,0.854372040460418,0.873015873015873,0.106645081259008
"Dominant only",0.4,4,"additive",9,2,1.69655583160937,0,1.4410241359443,0.848277915804685,0,0.720512067972148
"Recessive + Dominant",0.4,4,"additive",9,3,2.50311105606525,0,2.09082491471029,0.834370352021749,0,0.696941638236763
"Recessive only",0.4,4,"additive",9,0,0,0,0,NA,NA,NA
"Additive + Dominant",0.1,5,"additive",9,6,5.08018846122439,6,0.144258196112532,0.846698076870732,1,0.0240430326854219
"Additive + Recessive",0.1,5,"additive",9,7,5.74293597594398,1,4.08269599979859,0.820419425134855,0.142857142857143,0.583242285685512
"Additive + Recessive + Dominant",0.1,5,"additive",9,9,7.77058652187463,5,3.13651368175955,0.863398502430515,0.555555555555556,0.348501520195505
"Additive only",0.1,5,"additive",9,5,4.22766147965438,4,0.897786851969361,0.845532295930876,0.8,0.179557370393872
"Dominant only",0.1,5,"additive",9,0,0,0,0,NA,NA,NA
"Recessive + Dominant",0.1,5,"additive",9,1,0.882915110622072,0,0.779539092564785,0.882915110622072,0,0.779539092564785
"Recessive only",0.1,5,"additive",9,0,0,0,0,NA,NA,NA
"Additive + Dominant",0.2,5,"additive",9,60,51.3667459814514,40,15.7076406989306,0.85611243302419,0.666666666666667,0.261794011648843
"Additive + Recessive",0.2,5,"additive",9,53,45.4587759723903,38,11.9640627710485,0.857712754196044,0.716981132075472,0.225737033416009
"Additive + Recessive + Dominant",0.2,5,"additive",9,73,62.4318469658239,38,26.3619904226328,0.855230780353753,0.520547945205479,0.361123156474422
"Additive only",0.2,5,"additive",9,21,17.7056752145456,14,5.28157517932384,0.843127391168838,0.666666666666667,0.251503579967802
"Dominant only",0.2,5,"additive",9,1,0.843894113466478,0,0.712157274743373,0.843894113466478,0,0.712157274743373
"Recessive + Dominant",0.2,5,"additive",9,19,15.95409346081,0,13.4121372139265,0.839689129516314,0,0.705901958627712
"Recessive only",0.2,5,"additive",9,2,1.6293848808295,0,1.32787545254782,0.814692440414751,0,0.66393772627391
"Additive + Dominant",0.3,5,"additive",9,124,104.745007682078,78,34.9354211325632,0.844717803887729,0.629032258064516,0.28173726719809
"Additive + Recessive",0.3,5,"additive",9,117,99.1810906380056,94,19.042653758852,0.847701629384663,0.803418803418803,0.162757724434633
"Additive + Recessive + Dominant",0.3,5,"additive",9,133,113.072340039034,82,38.9575988316829,0.850167970218301,0.616541353383459,0.292914276929947
"Additive only",0.3,5,"additive",9,55,46.5896273948118,44,8.75929638604985,0.847084134451124,0.8,0.159259934291815
"Dominant only",0.3,5,"additive",9,10,8.40010196758825,0,7.06671225606897,0.840010196758825,0,0.706671225606897
"Recessive + Dominant",0.3,5,"additive",9,17,14.3135489943609,0,12.0598941083078,0.841973470256521,0,0.709405535782815
"Recessive only",0.3,5,"additive",9,1,0.806356945231278,0,0.650211523122718,0.806356945231278,0,0.650211523122718
"Additive + Dominant",0.4,5,"additive",9,183,156.37843087449,128,42.2038420048663,0.854526944669346,0.699453551912568,0.230622087458286
"Additive + Recessive",0.4,5,"additive",9,148,126.100368389113,117,25.0739267581346,0.852029516142653,0.790540540540541,0.16941842404145
"Additive + Recessive + Dominant",0.4,5,"additive",9,151,128.757579798004,95,42.1475403275524,0.852699203960289,0.629139072847682,0.279122783626175
"Additive only",0.4,5,"additive",9,85,72.6828383136521,65,15.7444671881195,0.855092215454731,0.764705882352941,0.185229025742583
"Dominant only",0.4,5,"additive",9,14,11.9049522644237,0,10.1368974564763,0.850353733173123,0,0.724064104034024
"Recessive + Dominant",0.4,5,"additive",9,21,17.6374865743303,0,14.8234139536537,0.83988031306335,0,0.705876854935891
"Recessive only",0.4,5,"additive",9,0,0,0,0,NA,NA,NA
"Additive only",0.1,1,"dominant",9,2,1.66746325741627,0,1.39247462837671,0.833731628708134,0,0.696237314188353
"Dominant only",0.1,1,"dominant",9,14,11.798768435064,14,0.356921282525133,0.84276917393314,1,0.0254943773232238
"Recessive only",0.1,1,"dominant",9,0,0,0,0,NA,NA,NA
"Additive only",0.2,1,"dominant",9,2,1.6676802992842,0,1.39235309589035,0.833840149642102,0,0.696176547945173
"Dominant only",0.2,1,"dominant",9,19,16.1428727744531,18,1.17355559027238,0.849624882865952,0.947368421052632,0.0617660836985465
"Recessive only",0.2,1,"dominant",9,0,0,0,0,NA,NA,NA
"Additive only",0.3,1,"dominant",9,0,0,0,0,NA,NA,NA
"Dominant only",0.3,1,"dominant",9,14,11.9644791305184,11,2.24433308544089,0.854605652179884,0.785714285714286,0.160309506102921
"Recessive only",0.3,1,"dominant",9,0,0,0,0,NA,NA,NA
"Additive only",0.4,1,"dominant",9,0,0,0,0,NA,NA,NA
"Dominant only",0.4,1,"dominant",9,14,11.8043815100102,10,3.07379969100617,0.843170107857871,0.714285714285714,0.219557120786155
"Recessive only",0.4,1,"dominant",9,0,0,0,0,NA,NA,NA
"Additive + Dominant",0.1,2,"dominant",9,6,5.13451494766198,5,0.767906322349424,0.855752491276997,0.833333333333333,0.127984387058237
"Additive + Recessive",0.1,2,"dominant",9,2,1.68050846721384,0,1.41230012234637,0.840254233606919,0,0.706150061173185
"Additive only",0.1,2,"dominant",9,1,0.823600240240595,0,0.678317355724366,0.823600240240595,0,0.678317355724366
"Dominant only",0.1,2,"dominant",9,13,11.2176212844517,12,1.00284784797888,0.862893944957821,0.923076923076923,0.0771421421522215
"Recessive + Dominant",0.1,2,"dominant",9,9,7.63646217727916,9,0.214760698438773,0.848495797475463,1,0.0238622998265303
"Recessive only",0.1,2,"dominant",9,0,0,0,0,NA,NA,NA
"Additive + Dominant",0.2,2,"dominant",9,14,11.8963063728386,11,2.31934224007504,0.849736169488469,0.785714285714286,0.165667302862503
"Additive + Recessive",0.2,2,"dominant",9,3,2.55870835499926,0,2.18249262142431,0.852902784999755,0,0.72749754047477
"Additive only",0.2,2,"dominant",9,1,0.859152413526736,0,0.738142869668815,0.859152413526736,0,0.738142869668815
"Dominant only",0.2,2,"dominant",9,22,18.6698288032758,19,2.63252620731904,0.848628581967084,0.863636363636364,0.119660282150865
"Recessive + Dominant",0.2,2,"dominant",9,14,11.8117017096816,13,1.0434963859211,0.843692979262972,0.928571428571429,0.0745354561372211
"Recessive only",0.2,2,"dominant",9,0,0,0,0,NA,NA,NA
"Additive + Dominant",0.3,2,"dominant",9,16,13.6567448125552,13,2.52716742764356,0.853546550784703,0.8125,0.157947964227722
"Additive + Recessive",0.3,2,"dominant",9,1,0.885119193803484,0,0.78343598723933,0.885119193803484,0,0.78343598723933
"Additive only",0.3,2,"dominant",9,1,0.886900457157378,0,0.786592420905966,0.886900457157378,0,0.786592420905966
"Dominant only",0.3,2,"dominant",9,29,24.7446863791698,27,2.03879703339691,0.853265047557578,0.931034482758621,0.0703033459792039
"Recessive + Dominant",0.3,2,"dominant",9,15,12.7399929888772,13,1.68155477953689,0.84933286592515,0.866666666666667,0.112103651969126
"Recessive only",0.3,2,"dominant",9,0,0,0,0,NA,NA,NA
"Additive + Dominant",0.4,2,"dominant",9,21,17.8080441679501,19,1.86584526996267,0.848002103235718,0.904761904761905,0.0888497747601269
"Additive + Recessive",0.4,2,"dominant",9,1,0.839043171494398,0,0.703993443631377,0.839043171494398,0,0.703993443631377
"Additive only",0.4,2,"dominant",9,0,0,0,0,NA,NA,NA
"Dominant only",0.4,2,"dominant",9,29,24.6398888955802,27,2.06415696070066,0.849651341226905,0.931034482758621,0.0711778262310574
"Recessive + Dominant",0.4,2,"dominant",9,12,10.2439913842684,9,2.24305962702014,0.853665948689037,0.75,0.186921635585012
"Recessive only",0.4,2,"dominant",9,0,0,0,0,NA,NA,NA
"Additive + Dominant",0.1,3,"dominant",9,9,7.65468726525955,4,3.72797652997078,0.850520807251061,0.444444444444444,0.414219614441197
"Additive + Recessive",0.1,3,"dominant",9,0,0,0,0,NA,NA,NA
"Additive + Recessive + Dominant",0.1,3,"dominant",9,5,4.29071745814315,4,0.894452283937946,0.85814349162863,0.8,0.178890456787589
"Additive only",0.1,3,"dominant",9,2,1.64100060142583,0,1.34647972594917,0.820500300712913,0,0.673239862974587
"Dominant only",0.1,3,"dominant",9,9,7.71002565126192,7,1.62478932418779,0.85666951680688,0.777777777777778,0.180532147131976
"Recessive + Dominant",0.1,3,"dominant",9,9,7.74009709968443,9,0.182381755124991,0.860010788853826,1,0.0202646394583323
"Recessive only",0.1,3,"dominant",9,0,0,0,0,NA,NA,NA
"Additive + Dominant",0.2,3,"dominant",9,28,23.779890457654,24,3.12424006403102,0.849281802059071,0.857142857142857,0.111580002286822
"Additive + Recessive",0.2,3,"dominant",9,2,1.64151711085789,0,1.34729459610319,0.820758555428945,0,0.673647298051596
"Additive + Recessive + Dominant",0.2,3,"dominant",9,16,13.8426081895438,15,1.05113736039101,0.86516301184649,0.9375,0.0656960850244384
"Additive only",0.2,3,"dominant",9,3,2.505709267974,0,2.0941331502181,0.835236422658,0,0.698044383406034
"Dominant only",0.2,3,"dominant",9,33,27.9922926657972,30,2.78880798748383,0.848251292902944,0.909090909090909,0.0845093329540553
"Recessive + Dominant",0.2,3,"dominant",9,49,41.5156184341445,46,3.34951775509745,0.847257519064174,0.938775510204082,0.0683575052060704
"Recessive only",0.2,3,"dominant",9,0,0,0,0,NA,NA,NA
"Additive + Dominant",0.3,3,"dominant",9,57,48.7229625635767,51,5.26358133436148,0.854788816904854,0.894736842105263,0.0923435321817804
"Additive + Recessive",0.3,3,"dominant",9,3,2.59585842392832,0,2.24645246186109,0.865286141309439,0,0.748817487287028
"Additive + Recessive + Dominant",0.3,3,"dominant",9,17,14.2990067481023,13,3.22229341261726,0.841118044006015,0.764705882352941,0.189546671330427
"Additive only",0.3,3,"dominant",9,6,5.0121954142474,0,4.19341390815579,0.835365902374567,0,0.698902318025965
"Dominant only",0.3,3,"dominant",9,48,40.5885195115869,44,4.04921600307714,0.845594156491393,0.916666666666667,0.0843586667307737
"Recessive + Dominant",0.3,3,"dominant",9,42,35.823454620355,35,5.73729446030515,0.852939395722737,0.833333333333333,0.136602249054884
"Recessive only",0.3,3,"dominant",9,1,0.830452831999314,0,0.68965190617568,0.830452831999314,0,0.68965190617568
"Additive + Dominant",0.4,3,"dominant",9,47,40.2732116742884,42,4.49709481814857,0.856876844133797,0.893617021276596,0.0956828684712461
"Additive + Recessive",0.4,3,"dominant",9,2,1.72289365463262,0,1.48418134109084,0.861446827316308,0,0.742090670545422
"Additive + Recessive + Dominant",0.4,3,"dominant",9,17,14.4008168431406,15,1.7516610275921,0.847106873125917,0.882352941176471,0.103038883976006
"Additive only",0.4,3,"dominant",9,5,4.27913045898662,0,3.66643193702263,0.855826091797325,0,0.733286387404525
"Dominant only",0.4,3,"dominant",9,42,35.8618054238682,36,5.02672809569141,0.8538525100921,0.857142857142857,0.119684002278367
"Recessive + Dominant",0.4,3,"dominant",9,52,44.2941201804997,48,3.92759128237854,0.851810003471147,0.923076923076923,0.0755306015842027
"Recessive only",0.4,3,"dominant",9,0,0,0,0,NA,NA,NA
"Additive + Dominant",0.1,4,"dominant",9,8,6.93659943872779,6,1.52674771136628,0.867074929840974,0.75,0.190843463920785
"Additive + Recessive",0.1,4,"dominant",9,1,0.812270601435511,0,0.659783529956407,0.812270601435511,0,0.659783529956407
"Additive + Recessive + Dominant",0.1,4,"dominant",9,10,8.52144180491624,8,1.62328464109597,0.852144180491624,0.8,0.162328464109597
"Additive only",0.1,4,"dominant",9,2,1.61804221208737,0,1.30908661901178,0.809021106043683,0,0.65454330950589
"Dominant only",0.1,4,"dominant",9,7,5.89199286079186,5,1.53042597910214,0.841713265827409,0.714285714285714,0.218632282728877
"Recessive + Dominant",0.1,4,"dominant",9,13,10.9610104040405,12,1.09980043601571,0.843154646464658,0.923076923076923,0.0846000335396696
"Recessive only",0.1,4,"dominant",9,0,0,0,0,NA,NA,NA
"Additive + Dominant",0.2,4,"dominant",9,55,46.8445582864079,38,13.1041527163114,0.851719241571052,0.690909090909091,0.238257322114753
"Additive + Recessive",0.2,4,"dominant",9,6,5.06146711331118,0,4.2754345559772,0.843577852218529,0,0.7125724259962
"Additive + Recessive + Dominant",0.2,4,"dominant",9,27,22.8782672571258,20,5.349168778807,0.847343231745399,0.740740740740741,0.198117362178037
"Additive only",0.2,4,"dominant",9,6,5.2275173729542,0,4.5566418893637,0.871252895492366,0,0.75944031489395
"Dominant only",0.2,4,"dominant",9,26,22.0523500003299,25,1.31203224273931,0.848167307704994,0.961538461538462,0.0504627785668965
"Recessive + Dominant",0.2,4,"dominant",9,46,39.0380026137961,42,3.76798427925916,0.848652230734699,0.91304347826087,0.0819127017230251
"Recessive only",0.2,4,"dominant",9,0,0,0,0,NA,NA,NA
"Additive + Dominant",0.3,4,"dominant",9,79,66.682863264933,62,13.1583784282417,0.844086876771304,0.784810126582278,0.166561752256224
"Additive + Recessive",0.3,4,"dominant",9,4,3.51374015275148,0,3.08777837594464,0.878435038187869,0,0.771944593986161
"Additive + Recessive + Dominant",0.3,4,"dominant",9,34,28.9226439533454,27,5.74153909219557,0.850665998627806,0.794117647058823,0.168868796829281
"Additive only",0.3,4,"dominant",9,6,4.99160829338642,0,4.15549291824927,0.831934715564403,0,0.692582153041545
"Dominant only",0.3,4,"dominant",9,40,33.7601940686701,33,5.52552050344845,0.844004851716752,0.825,0.138138012586211
"Recessive + Dominant",0.3,4,"dominant",9,61,52.2329814993821,52,7.58742922185451,0.856278385235772,0.852459016393443,0.124384085604172
"Recessive only",0.3,4,"dominant",9,0,0,0,0,NA,NA,NA
"Additive + Dominant",0.4,4,"dominant",9,102,86.9387219111393,85,14.3906898446306,0.852340410893523,0.833333333333333,0.141085194555202
"Additive + Recessive",0.4,4,"dominant",9,3,2.57494921836443,0,2.21108017101545,0.858316406121477,0,0.737026723671816
"Additive + Recessive + Dominant",0.4,4,"dominant",9,66,56.1388659800402,56,8.29430933807109,0.850588878485458,0.848484848484849,0.125671353607138
"Additive only",0.4,4,"dominant",9,6,5.029788546541,0,4.21797738903993,0.838298091090167,0,0.702996231506654
"Dominant only",0.4,4,"dominant",9,60,51.0514849410098,54,5.67850206767655,0.850858082350163,0.9,0.0946417011279426
"Recessive + Dominant",0.4,4,"dominant",9,101,86.0046241844448,87,11.9323310843204,0.851530932519255,0.861386138613861,0.118141891923964
"Recessive only",0.4,4,"dominant",9,0,0,0,0,NA,NA,NA
"Additive + Dominant",0.1,5,"dominant",9,3,2.48843539132042,0,2.06498196104732,0.829478463773472,0,0.688327320349106
"Additive + Recessive",0.1,5,"dominant",9,1,0.810018567663984,0,0.656130079960413,0.810018567663984,0,0.656130079960413
"Additive + Recessive + Dominant",0.1,5,"dominant",9,5,4.2259152458688,2,2.08090700064797,0.84518304917376,0.4,0.416181400129595
"Additive only",0.1,5,"dominant",9,1,0.86456206688629,0,0.747467567498693,0.86456206688629,0,0.747467567498693
"Dominant only",0.1,5,"dominant",9,3,2.44437550562687,2,0.731342768269423,0.814791835208956,0.666666666666667,0.243780922756474
"Recessive + Dominant",0.1,5,"dominant",9,11,9.23861602048241,9,1.52227895430683,0.839874183680219,0.818181818181818,0.138388995846076
"Recessive only",0.1,5,"dominant",9,0,0,0,0,NA,NA,NA
"Additive + Dominant",0.2,5,"dominant",9,70,59.6537776113458,53,12.8297391108739,0.852196823019226,0.757142857142857,0.183281987298198
"Additive + Recessive",0.2,5,"dominant",9,5,4.18195595267363,0,3.50288926541112,0.836391190534726,0,0.700577853082225
"Additive + Recessive + Dominant",0.2,5,"dominant",9,81,69.1757332406139,70,9.81813102579338,0.85402139803227,0.864197530864197,0.121211494145597
"Additive only",0.2,5,"dominant",9,1,0.815750412538249,0,0.665448735556324,0.815750412538249,0,0.665448735556324
"Dominant only",0.2,5,"dominant",9,26,22.176391907711,22,3.20468994797129,0.852938150296578,0.846153846153846,0.123257305691203
"Recessive + Dominant",0.2,5,"dominant",9,73,62.1889064730582,61,9.93802192233416,0.851902828398058,0.835616438356164,0.136137286607317
"Recessive only",0.2,5,"dominant",9,0,0,0,0,NA,NA,NA
"Additive + Dominant",0.3,5,"dominant",9,139,118.7547772989,116,18.8648724724675,0.854350915819422,0.834532374100719,0.135718506996169
"Additive + Recessive",0.3,5,"dominant",9,13,11.0581289356572,0,9.41746685612023,0.850625302742861,0,0.724420527393864
"Additive + Recessive + Dominant",0.3,5,"dominant",9,132,113.406064176841,107,19.8309505442816,0.859136849824557,0.810606060606061,0.150234473820315
"Additive only",0.3,5,"dominant",9,4,3.42608741611569,0,2.93620015555242,0.856521854028923,0,0.734050038888105
"Dominant only",0.3,5,"dominant",9,46,39.1636719864413,42,3.63845898547997,0.85138417361829,0.91304347826087,0.0790969344669558
"Recessive + Dominant",0.3,5,"dominant",9,125,106.683805020079,105,16.671820087447,0.853470440160633,0.84,0.133374560699576
"Recessive only",0.3,5,"dominant",9,0,0,0,0,NA,NA,NA
"Additive + Dominant",0.4,5,"dominant",9,140,119.765860713474,114,21.463480570497,0.85547043366767,0.814285714285714,0.15331057550355
"Additive + Recessive",0.4,5,"dominant",9,16,13.751248638477,0,11.8276610819948,0.859453039904814,0,0.739228817624674
"Additive + Recessive + Dominant",0.4,5,"dominant",9,154,131.110093462155,123,25.3010228634668,0.851364243260749,0.798701298701299,0.164292356256278
"Additive only",0.4,5,"dominant",9,7,5.86859653066826,0,4.92539284585141,0.838370932952609,0,0.703627549407344
"Dominant only",0.4,5,"dominant",9,62,53.3042688411213,54,7.15485455793364,0.859746271630989,0.870967741935484,0.115400879966672
"Recessive + Dominant",0.4,5,"dominant",9,149,126.813713889514,124,20.6843766196106,0.851098750936335,0.832214765100671,0.138821319594702
"Recessive only",0.4,5,"dominant",9,0,0,0,0,NA,NA,NA
"Additive only",0.1,1,"recessive",9,0,0,0,0,NA,NA,NA
"Dominant only",0.1,1,"recessive",9,0,0,0,0,NA,NA,NA
"Recessive only",0.1,1,"recessive",9,8,6.96958763305193,8,0.139643976224329,0.871198454131491,1,0.0174554970280411
"Additive only",0.2,1,"recessive",9,0,0,0,0,NA,NA,NA
"Dominant only",0.2,1,"recessive",9,0,0,0,0,NA,NA,NA
"Recessive only",0.2,1,"recessive",9,14,11.7584641592054,12,1.69880655466978,0.839890297086097,0.857142857142857,0.121343325333555
"Additive only",0.3,1,"recessive",9,0,0,0,0,NA,NA,NA
"Dominant only",0.3,1,"recessive",9,0,0,0,0,NA,NA,NA
"Recessive only",0.3,1,"recessive",9,9,7.7699552616587,9,0.175755420521117,0.863328362406522,1,0.0195283800579019
"Additive only",0.4,1,"recessive",9,0,0,0,0,NA,NA,NA
"Dominant only",0.4,1,"recessive",9,0,0,0,0,NA,NA,NA
"Recessive only",0.4,1,"recessive",9,7,6.08006678670305,7,0.12646301844124,0.868580969529007,1,0.0180661454916057
"Additive + Dominant",0.1,2,"recessive",9,1,0.863339683946767,0,0.745355409877303,0.863339683946767,0,0.745355409877303
"Additive + Recessive",0.1,2,"recessive",9,5,4.36771899544749,5,0.0833580377536284,0.873543799089498,1,0.0166716075507257
"Additive only",0.1,2,"recessive",9,0,0,0,0,NA,NA,NA
"Dominant only",0.1,2,"recessive",9,0,0,0,0,NA,NA,NA
"Recessive + Dominant",0.1,2,"recessive",9,9,7.68034590633998,9,0.200163232664037,0.853371767371109,1,0.022240359184893
"Recessive only",0.1,2,"recessive",9,13,11.0007599886431,12,0.960039407107688,0.846212306818702,0.923076923076923,0.0738491851621298
"Additive + Dominant",0.2,2,"recessive",9,0,0,0,0,NA,NA,NA
"Additive + Recessive",0.2,2,"recessive",9,13,11.142472063711,11,1.55860261571676,0.85711323567008,0.846153846153846,0.119892508901289
"Additive only",0.2,2,"recessive",9,0,0,0,0,NA,NA,NA
"Dominant only",0.2,2,"recessive",9,0,0,0,0,NA,NA,NA
"Recessive + Dominant",0.2,2,"recessive",9,15,12.8237122885793,14,1.01646303889951,0.854914152571953,0.933333333333333,0.0677642025933008
"Recessive only",0.2,2,"recessive",9,25,21.3689580797295,21,3.29922859339839,0.854758323189181,0.84,0.131969143735935
"Additive + Dominant",0.3,2,"recessive",9,0,0,0,0,NA,NA,NA
"Additive + Recessive",0.3,2,"recessive",9,12,10.4307823806746,11,0.946567911115023,0.869231865056217,0.916666666666667,0.0788806592595852
"Additive only",0.3,2,"recessive",9,0,0,0,0,NA,NA,NA
"Dominant only",0.3,2,"recessive",9,0,0,0,0,NA,NA,NA
"Recessive + Dominant",0.3,2,"recessive",9,8,6.76845108560382,7,0.954433478139107,0.846056385700478,0.875,0.119304184767388
"Recessive only",0.3,2,"recessive",9,19,16.3082117060256,17,1.84544119258837,0.858326931896086,0.894736842105263,0.0971284838204405
"Additive + Dominant",0.4,2,"recessive",9,0,0,0,0,NA,NA,NA
"Additive + Recessive",0.4,2,"recessive",9,9,7.68866556970677,8,0.884036271237207,0.854296174411863,0.888888888888889,0.0982262523596897
"Additive only",0.4,2,"recessive",9,0,0,0,0,NA,NA,NA
"Dominant only",0.4,2,"recessive",9,0,0,0,0,NA,NA,NA
"Recessive + Dominant",0.4,2,"recessive",9,9,7.59326815909549,8,0.828220882658737,0.843696462121721,0.888888888888889,0.0920245425176374
"Recessive only",0.4,2,"recessive",9,16,13.7116830976572,15,0.955726672051498,0.856980193603577,0.9375,0.0597329170032186
"Additive + Dominant",0.1,3,"recessive",9,0,0,0,0,NA,NA,NA
"Additive + Recessive",0.1,3,"recessive",9,14,11.8439105936429,11,2.222108171212,0.845993613831639,0.785714285714286,0.158722012229429
"Additive + Recessive + Dominant",0.1,3,"recessive",9,3,2.48481814834838,3,0.088712191669203,0.828272716116128,1,0.029570730556401
"Additive only",0.1,3,"recessive",9,0,0,0,0,NA,NA,NA
"Dominant only",0.1,3,"recessive",9,0,0,0,0,NA,NA,NA
"Recessive + Dominant",0.1,3,"recessive",9,14,11.7967617422538,13,1.00000936819346,0.842625838732413,0.928571428571429,0.0714292405852472
"Recessive only",0.1,3,"recessive",9,8,6.91787938648984,7,0.864665189283904,0.86473492331123,0.875,0.108083148660488
"Additive + Dominant",0.2,3,"recessive",9,0,0,0,0,NA,NA,NA
"Additive + Recessive",0.2,3,"recessive",9,38,32.6368783937485,33,4.37710870260884,0.858865220888119,0.868421052631579,0.115187071121285
"Additive + Recessive + Dominant",0.2,3,"recessive",9,13,11.1794825742219,13,0.263878848605281,0.859960198017067,1,0.020298372969637
"Additive only",0.2,3,"recessive",9,0,0,0,0,NA,NA,NA
"Dominant only",0.2,3,"recessive",9,0,0,0,0,NA,NA,NA
"Recessive + Dominant",0.2,3,"recessive",9,30,25.4779278946223,25,4.03891264042126,0.849264263154075,0.833333333333333,0.134630421347375
"Recessive only",0.2,3,"recessive",9,33,28.0121470262059,29,3.78531825305914,0.848852940188058,0.878787878787879,0.114706613729065
"Additive + Dominant",0.3,3,"recessive",9,0,0,0,0,NA,NA,NA
"Additive + Recessive",0.3,3,"recessive",9,28,23.7783390977711,27,1.32588464054161,0.849226396348967,0.964285714285714,0.047353022876486
"Additive + Recessive + Dominant",0.3,3,"recessive",9,11,9.24721972406514,10,0.91762630898054,0.840656338551376,0.909090909090909,0.0834205735436855
"Additive only",0.3,3,"recessive",9,0,0,0,0,NA,NA,NA
"Dominant only",0.3,3,"recessive",9,0,0,0,0,NA,NA,NA
"Recessive + Dominant",0.3,3,"recessive",9,44,37.1875684725146,38,4.99631630745336,0.845172010738968,0.863636363636364,0.113552643351213
"Recessive only",0.3,3,"recessive",9,30,25.4567422636275,28,2.1474451994941,0.848558075454251,0.933333333333333,0.0715815066498035
"Additive + Dominant",0.4,3,"recessive",9,0,0,0,0,NA,NA,NA
"Additive + Recessive",0.4,3,"recessive",9,27,22.7189293066406,21,4.67459598383017,0.841441826171875,0.777777777777778,0.173133184586303
"Additive + Recessive + Dominant",0.4,3,"recessive",9,11,9.30927977143588,8,2.20535246105791,0.846298161039625,0.727272727272727,0.200486587368901
"Additive only",0.4,3,"recessive",9,0,0,0,0,NA,NA,NA
"Dominant only",0.4,3,"recessive",9,0,0,0,0,NA,NA,NA
"Recessive + Dominant",0.4,3,"recessive",9,26,22.237278009658,20,4.5545523094155,0.855279923448384,0.769230769230769,0.175175088823673
"Recessive only",0.4,3,"recessive",9,23,19.5001584821575,19,3.17722436994644,0.847832977485108,0.826086956521739,0.138140189997671
"Additive + Dominant",0.1,4,"recessive",9,0,0,0,0,NA,NA,NA
"Additive + Recessive",0.1,4,"recessive",9,14,11.8440303372708,12,1.75849574433842,0.846002166947911,0.857142857142857,0.125606838881316
"Additive + Recessive + Dominant",0.1,4,"recessive",9,13,10.9634010205197,8,3.74322181038801,0.843338540039975,0.615384615384615,0.287940139260616
"Additive only",0.1,4,"recessive",9,0,0,0,0,NA,NA,NA
"Dominant only",0.1,4,"recessive",9,0,0,0,0,NA,NA,NA
"Recessive + Dominant",0.1,4,"recessive",9,8,6.83749641763744,6,1.66225792175257,0.85468705220468,0.75,0.207782240219072
"Recessive only",0.1,4,"recessive",9,10,8.4594964258662,8,1.53520830544579,0.84594964258662,0.8,0.153520830544579
"Additive + Dominant",0.2,4,"recessive",9,2,1.77750233543548,0,1.57988895000444,0.888751167717741,0,0.789944475002219
"Additive + Recessive",0.2,4,"recessive",9,39,33.3310992943274,38,1.4985842958859,0.854643571649422,0.974358974358974,0.0384252383560486
"Additive + Recessive + Dominant",0.2,4,"recessive",9,43,36.4624034988588,40,3.09958519057891,0.847962872066484,0.930232558139535,0.0720833765250908
"Additive only",0.2,4,"recessive",9,0,0,0,0,NA,NA,NA
"Dominant only",0.2,4,"recessive",9,0,0,0,0,NA,NA,NA
"Recessive + Dominant",0.2,4,"recessive",9,51,43.3904063940382,44,6.04673759227399,0.850792282236043,0.862745098039216,0.118563482201451
"Recessive only",0.2,4,"recessive",9,35,29.7800151930881,31,3.46418606091974,0.850857576945375,0.885714285714286,0.0989767445977068
"Additive + Dominant",0.3,4,"recessive",9,0,0,0,0,NA,NA,NA
"Additive + Recessive",0.3,4,"recessive",9,59,50.6650179206219,54,4.70583144146919,0.858729117298677,0.915254237288136,0.0797598549401557
"Additive + Recessive + Dominant",0.3,4,"recessive",9,39,33.2702411254739,37,2.09616130677537,0.853083105781382,0.948717948717949,0.0537477258147532
"Additive only",0.3,4,"recessive",9,0,0,0,0,NA,NA,NA
"Dominant only",0.3,4,"recessive",9,0,0,0,0,NA,NA,NA
"Recessive + Dominant",0.3,4,"recessive",9,52,44.1240151860279,50,2.54682984230596,0.848538753577461,0.961538461538462,0.0489774969674224
"Recessive only",0.3,4,"recessive",9,44,37.5058149489796,42,2.37768778705827,0.852404885204083,0.954545454545455,0.0540383587967788
"Additive + Dominant",0.4,4,"recessive",9,2,1.6536562540765,0,1.36730472656098,0.826828127038251,0,0.68365236328049
"Additive + Recessive",0.4,4,"recessive",9,72,60.9533800042313,65,6.82702760800807,0.846574722280991,0.902777777777778,0.0948198278890009
"Additive + Recessive + Dominant",0.4,4,"recessive",9,57,48.5498757970312,54,3.52816854801102,0.851752206965459,0.947368421052632,0.0618976938247547
"Additive only",0.4,4,"recessive",9,0,0,0,0,NA,NA,NA
"Dominant only",0.4,4,"recessive",9,1,0.851091364455484,0,0.724356510650698,0.851091364455484,0,0.724356510650698
"Recessive + Dominant",0.4,4,"recessive",9,68,58.1942295425667,64,4.27870949845165,0.85579749327304,0.941176470588235,0.0629221985066419
"Recessive only",0.4,4,"recessive",9,44,37.3623782257732,41,3.13833643450275,0.849144959676664,0.931818181818182,0.0713258280568808
"Additive + Dominant",0.1,5,"recessive",9,0,0,0,0,NA,NA,NA
"Additive + Recessive",0.1,5,"recessive",9,9,7.69290526286609,6,2.22223776052878,0.854767251429566,0.666666666666667,0.24691530672542
"Additive + Recessive + Dominant",0.1,5,"recessive",9,10,8.57733812518859,6,2.97290843067442,0.857733812518859,0.6,0.297290843067442
"Additive only",0.1,5,"recessive",9,0,0,0,0,NA,NA,NA
"Dominant only",0.1,5,"recessive",9,0,0,0,0,NA,NA,NA
"Recessive + Dominant",0.1,5,"recessive",9,8,6.91421813571115,8,0.153152369209183,0.864277266963894,1,0.0191440461511478
"Recessive only",0.1,5,"recessive",9,3,2.52080615803652,2,0.807653780384256,0.840268719345506,0.666666666666667,0.269217926794752
"Additive + Dominant",0.2,5,"recessive",9,0,0,0,0,NA,NA,NA
"Additive + Recessive",0.2,5,"recessive",9,71,60.8936468505816,59,10.2257555345107,0.857656997895515,0.830985915492958,0.144024725838179
"Additive + Recessive + Dominant",0.2,5,"recessive",9,59,50.0690745602395,50,7.68547100961599,0.848628382376941,0.847457627118644,0.130262220501966
"Additive only",0.2,5,"recessive",9,0,0,0,0,NA,NA,NA
"Dominant only",0.2,5,"recessive",9,0,0,0,0,NA,NA,NA
"Recessive + Dominant",0.2,5,"recessive",9,54,45.5678404339542,40,10.8497769208759,0.843848896925077,0.740740740740741,0.200921794831035
"Recessive only",0.2,5,"recessive",9,34,28.8276707114045,30,3.59808526359988,0.847872667982486,0.882352941176471,0.105826037164702
"Additive + Dominant",0.3,5,"recessive",9,2,1.67623835331625,0,1.40492889114527,0.838119176658126,0,0.702464445572635
"Additive + Recessive",0.3,5,"recessive",9,78,66.6494745410079,65,10.4299872889986,0.854480442833435,0.833333333333333,0.133717785756392
"Additive + Recessive + Dominant",0.3,5,"recessive",9,67,57.0780351430938,61,5.59896115051677,0.851910972284982,0.91044776119403,0.0835665843360712
"Additive only",0.3,5,"recessive",9,0,0,0,0,NA,NA,NA
"Dominant only",0.3,5,"recessive",9,0,0,0,0,NA,NA,NA
"Recessive + Dominant",0.3,5,"recessive",9,83,70.7996836223965,66,13.7290222143112,0.853008236414415,0.795180722891566,0.165409906196521
"Recessive only",0.3,5,"recessive",9,40,33.6745932348565,31,7.38142892092564,0.841864830871413,0.775,0.184535723023141
"Additive + Dominant",0.4,5,"recessive",9,0,0,0,0,NA,NA,NA
"Additive + Recessive",0.4,5,"recessive",9,133,112.377600465788,108,20.3307247905878,0.844944364404421,0.81203007518797,0.152862592410434
"Additive + Recessive + Dominant",0.4,5,"recessive",9,121,102.698474682337,105,13.6042804324772,0.848747724647414,0.867768595041322,0.112432069689895
"Additive only",0.4,5,"recessive",9,0,0,0,0,NA,NA,NA
"Dominant only",0.4,5,"recessive",9,0,0,0,0,NA,NA,NA
"Recessive + Dominant",0.4,5,"recessive",9,124,105.474671712221,111,12.0867438249067,0.850602191227586,0.895161290322581,0.0974737405234411
"Recessive only",0.4,5,"recessive",9,64,54.4936752755233,57,6.27509842296527,0.851463676180051,0.890625,0.0980484128588323
"Additive only",0.1,1,"additive",10,26,25.0531508813904,26,0.0571652576145586,0.963582726207324,1,0.0021986637544061
"Dominant only",0.1,1,"additive",10,1,0.916612807955135,0,0.840179039707397,0.916612807955135,0,0.840179039707397
"Recessive only",0.1,1,"additive",10,0,0,0,0,NA,NA,NA
"Additive only",0.2,1,"additive",10,75,73.4097348066048,73,1.79700594583333,0.978796464088063,0.973333333333333,0.0239600792777778
"Dominant only",0.2,1,"additive",10,2,1.8484516605786,0,1.70901742689161,0.924225830289302,0,0.854508713445807
"Recessive only",0.2,1,"additive",10,0,0,0,0,NA,NA,NA
"Additive only",0.3,1,"additive",10,111,109.418103731091,107,3.58489850248836,0.985748682262084,0.963963963963964,0.0322963829053005
"Dominant only",0.3,1,"additive",10,2,1.90088312663979,0,1.8066884696762,0.950441563319897,0,0.9033442348381
"Recessive only",0.3,1,"additive",10,0,0,0,0,NA,NA,NA
"Additive only",0.4,1,"additive",10,137,135.371078458494,133,3.66995501575107,0.988110061740835,0.970802919708029,0.0267879928157013
"Dominant only",0.4,1,"additive",10,2,1.91209437298471,0,1.82845986836621,0.956047186492357,0,0.914229934183104
"Recessive only",0.4,1,"additive",10,0,0,0,0,NA,NA,NA
"Additive + Dominant",0.1,2,"additive",10,9,8.75591089676483,8,0.955456639697469,0.972878988529426,0.888888888888889,0.106161848855274
"Additive + Recessive",0.1,2,"additive",10,11,10.5521157314477,11,0.0284347922575721,0.959283248313431,1,0.00258498111432474
"Additive only",0.1,2,"additive",10,21,20.2235196016508,17,3.72221209802706,0.963024742935755,0.80952380952381,0.177248195144146
"Dominant only",0.1,2,"additive",10,2,1.86688586286985,0,1.74482582420356,0.933442931434927,0,0.872412912101779
"Recessive + Dominant",0.1,2,"additive",10,0,0,0,0,NA,NA,NA
"Recessive only",0.1,2,"additive",10,0,0,0,0,NA,NA,NA
"Additive + Dominant",0.2,2,"additive",10,40,38.9786009194183,37,2.9563684032614,0.974465022985458,0.925,0.073909210081535
"Additive + Recessive",0.2,2,"additive",10,45,43.6822311020484,44,0.927826974180023,0.970716246712186,0.977777777777778,0.0206183772040005
"Additive only",0.2,2,"additive",10,82,79.8662065193074,75,6.94256107160134,0.973978128284237,0.914634146341463,0.0846653789219676
"Dominant only",0.2,2,"additive",10,3,2.7989372509403,0,2.61239029354878,0.932979083646766,0,0.87079676451626
"Recessive + Dominant",0.2,2,"additive",10,0,0,0,0,NA,NA,NA
"Recessive only",0.2,2,"additive",10,0,0,0,0,NA,NA,NA
"Additive + Dominant",0.3,2,"additive",10,77,75.0643092417451,71,5.6533411427001,0.974861158983703,0.922077922077922,0.0734200148402611
"Additive + Recessive",0.3,2,"additive",10,78,76.3534053055562,75,2.70911206905996,0.978889811609694,0.961538461538462,0.0347322060135892
"Additive only",0.3,2,"additive",10,152,148.403593885957,142,9.62732816593153,0.976339433460242,0.934210526315789,0.0633376853021811
"Dominant only",0.3,2,"additive",10,4,3.8768857571444,0,3.75891772105589,0.9692214392861,0,0.939729430263971
"Recessive + Dominant",0.3,2,"additive",10,1,0.903003195788523,0,0.815414771604286,0.903003195788523,0,0.815414771604286
"Recessive only",0.3,2,"additive",10,1,0.980144521670794,0,0.960683283361271,0.980144521670794,0,0.960683283361271
"Additive + Dominant",0.4,2,"additive",10,96,94.717145603708,91,4.99710546173355,0.986636933371958,0.947916666666667,0.0520531818930578
"Additive + Recessive",0.4,2,"additive",10,96,94.8156745655761,94,1.8894159627824,0.987663276724751,0.979166666666667,0.0196814162789833
"Additive only",0.4,2,"additive",10,208,205.144572852906,196,12.0522085091788,0.986271984869739,0.942307692307692,0.0579433101402827
"Dominant only",0.4,2,"additive",10,2,1.99077758925295,0,1.98163898135507,0.995388794626476,0,0.990819490677537
"Recessive + Dominant",0.4,2,"additive",10,0,0,0,0,NA,NA,NA
"Recessive only",0.4,2,"additive",10,0,0,0,0,NA,NA,NA
"Additive + Dominant",0.1,3,"additive",10,3,2.76805861421512,2,0.903854716623911,0.922686204738372,0.666666666666667,0.301284905541304
"Additive + Recessive",0.1,3,"additive",10,13,12.4042507130477,11,1.84299069051848,0.954173131772901,0.846153846153846,0.141768514655268
"Additive + Recessive + Dominant",0.1,3,"additive",10,4,3.80645142746083,3,1.0035492374621,0.951612856865207,0.75,0.250887309365524
"Additive only",0.1,3,"additive",10,4,3.78107410212335,3,0.924219045332251,0.945268525530839,0.75,0.231054761333063
"Dominant only",0.1,3,"additive",10,0,0,0,0,NA,NA,NA
"Recessive + Dominant",0.1,3,"additive",10,3,2.83533397951465,0,2.68328867034694,0.945111326504884,0,0.894429556782312
"Recessive only",0.1,3,"additive",10,1,0.977677135401553,0,0.955852581086987,0.977677135401553,0,0.955852581086987
"Additive + Dominant",0.2,3,"additive",10,46,44.4388749047339,38,7.38300485161375,0.966062497928998,0.826086956521739,0.160500105469864
"Additive + Recessive",0.2,3,"additive",10,77,74.9527974662013,74,2.91120804236569,0.97341295410651,0.961038961038961,0.0378078966540999
"Additive + Recessive + Dominant",0.2,3,"additive",10,29,28.1359080611593,25,3.7833693815235,0.970203726246873,0.862068965517241,0.130461013155983
"Additive only",0.2,3,"additive",10,56,54.0437966124023,50,5.7256237105121,0.965067796650042,0.892857142857143,0.102243280544859
"Dominant only",0.2,3,"additive",10,2,1.92757941168671,0,1.85783644540064,0.963789705843354,0,0.92891822270032
"Recessive + Dominant",0.2,3,"additive",10,6,5.85997936166023,0,5.72529659637848,0.976663226943372,0,0.954216099396413
"Recessive only",0.2,3,"additive",10,1,0.987447215799764,0,0.975052003990706,0.987447215799764,0,0.975052003990706
"Additive + Dominant",0.3,3,"additive",10,125,121.218575744055,113,11.4078664343533,0.96974860595244,0.904,0.0912629314748262
"Additive + Recessive",0.3,3,"additive",10,168,164.541753869502,161,6.65954442887191,0.979415201604179,0.958333333333333,0.0396401454099518
"Additive + Recessive + Dominant",0.3,3,"additive",10,54,52.931786387495,50,3.82621619568609,0.980218266435092,0.925925925925926,0.0708558554756683
"Additive only",0.3,3,"additive",10,124,120.837892295783,121,3.0968732769647,0.974499131417608,0.975806451612903,0.0249747844916508
"Dominant only",0.3,3,"additive",10,4,3.8435045053562,0,3.69853690407188,0.960876126339049,0,0.924634226017971
"Recessive + Dominant",0.3,3,"additive",10,5,4.96358547148782,0,4.92770585360686,0.992717094297565,0,0.985541170721372
"Recessive only",0.3,3,"additive",10,0,0,0,0,NA,NA,NA
"Additive + Dominant",0.4,3,"additive",10,208,203.316910574817,191,15.6229018385551,0.97748514699431,0.918269230769231,0.0751101049930534
"Additive + Recessive",0.4,3,"additive",10,246,242.271327671896,239,6.98730053106646,0.98484279541421,0.971544715447154,0.0284036606953921
"Additive + Recessive + Dominant",0.4,3,"additive",10,85,83.6147030060271,80,4.89989985330658,0.983702388306202,0.941176470588235,0.0576458806271362
"Additive only",0.4,3,"additive",10,218,213.582003939549,210,7.65709565203649,0.979733963025455,0.963302752293578,0.0351242919818188
"Dominant only",0.4,3,"additive",10,4,3.81737674367038,0,3.64685554020336,0.954344185917595,0,0.91171388505084
"Recessive + Dominant",0.4,3,"additive",10,5,4.96903169732281,0,4.93845288672271,0.993806339464561,0,0.987690577344543
"Recessive only",0.4,3,"additive",10,0,0,0,0,NA,NA,NA
"Additive + Dominant",0.1,4,"additive",10,8,7.66357096991584,8,0.0148763189452351,0.957946371239479,1,0.00185953986815439
"Additive + Recessive",0.1,4,"additive",10,7,6.59515816915724,7,0.0299267454488088,0.942165452736748,1,0.00427524934982984
"Additive + Recessive + Dominant",0.1,4,"additive",10,3,2.80890524607413,3,0.0162933432387436,0.936301748691377,1,0.00543111441291455
"Additive only",0.1,4,"additive",10,5,4.79819108722072,4,1.00755143611776,0.959638217444143,0.8,0.201510287223551
"Dominant only",0.1,4,"additive",10,0,0,0,0,NA,NA,NA
"Recessive + Dominant",0.1,4,"additive",10,0,0,0,0,NA,NA,NA
"Recessive only",0.1,4,"additive",10,0,0,0,0,NA,NA,NA
"Additive + Dominant",0.2,4,"additive",10,64,62.0064783850228,57,6.56475006950476,0.968851224765981,0.890625,0.102574219836012
"Additive + Recessive",0.2,4,"additive",10,76,73.1066281167222,69,6.48728481990674,0.961929317325292,0.907894736842105,0.0853590107882466
"Additive + Recessive + Dominant",0.2,4,"additive",10,52,50.0263619588886,46,5.39297844017218,0.962045422286318,0.884615384615385,0.103711123849465
"Additive only",0.2,4,"additive",10,37,35.8695990186788,34,2.82859212986232,0.969448622126453,0.918918918918919,0.076448435942225
"Dominant only",0.2,4,"additive",10,2,1.90023754748224,0,1.81031248678922,0.950118773741121,0,0.905156243394608
"Recessive + Dominant",0.2,4,"additive",10,3,2.87267143711308,0,2.75208464512297,0.95755714570436,0,0.917361548374322
"Recessive only",0.2,4,"additive",10,0,0,0,0,NA,NA,NA
"Additive + Dominant",0.3,4,"additive",10,183,177.00420669638,164,17.4397201787999,0.967236102166011,0.896174863387978,0.0952990173704914
"Additive + Recessive",0.3,4,"additive",10,222,215.532402586095,215,7.12158795919689,0.970866678315741,0.968468468468468,0.0320792250414275
"Additive + Recessive + Dominant",0.3,4,"additive",10,143,139.022553986599,133,9.46908291816126,0.972185692213977,0.93006993006993,0.0662173630640648
"Additive only",0.3,4,"additive",10,129,124.900793285175,119,9.20931462092993,0.968223203761047,0.922480620155039,0.0713900358211622
"Dominant only",0.3,4,"additive",10,1,0.981751222910802,0,0.963835463686856,0.981751222910802,0,0.963835463686856
"Recessive + Dominant",0.3,4,"additive",10,5,4.79611577705522,0,4.60359529142447,0.959223155411043,0,0.920719058284893
"Recessive only",0.3,4,"additive",10,1,0.96320959888627,0,0.927772731386649,0.96320959888627,0,0.927772731386649
"Additive + Dominant",0.4,4,"additive",10,342,333.597012112182,298,41.5153236184659,0.975429859977141,0.871345029239766,0.121389835141713
"Additive + Recessive",0.4,4,"additive",10,355,348.738668515545,342,12.3671488438188,0.982362446522663,0.963380281690141,0.0348370389966728
"Additive + Recessive + Dominant",0.4,4,"additive",10,246,241.102143762763,225,19.7176459856337,0.980090015295784,0.914634146341463,0.0801530324619255
"Additive only",0.4,4,"additive",10,227,221.495297649434,210,16.102381733397,0.975750209909403,0.92511013215859,0.0709356023497665
"Dominant only",0.4,4,"additive",10,5,4.82787387346466,0,4.66530819604728,0.965574774692932,0,0.933061639209457
"Recessive + Dominant",0.4,4,"additive",10,8,7.65319954426795,0,7.33395678301305,0.956649943033494,0,0.916744597876631
"Recessive only",0.4,4,"additive",10,0,0,0,0,NA,NA,NA
"Additive + Dominant",0.1,5,"additive",10,4,3.817616781506,4,0.00833474398207524,0.9544041953765,1,0.00208368599551881
"Additive + Recessive",0.1,5,"additive",10,7,6.42104543276857,6,0.851812920244687,0.917292204681224,0.857142857142857,0.121687560034955
"Additive + Recessive + Dominant",0.1,5,"additive",10,11,10.3194440793536,9,1.67215547250292,0.938131279941234,0.818181818181818,0.152014133863902
"Additive only",0.1,5,"additive",10,3,2.83680612843562,3,0.00920859501572686,0.945602042811875,1,0.00306953167190895
"Dominant only",0.1,5,"additive",10,0,0,0,0,NA,NA,NA
"Recessive + Dominant",0.1,5,"additive",10,2,1.91978213495962,0,1.8430249363512,0.959891067479808,0,0.9215124681756
"Recessive only",0.1,5,"additive",10,0,0,0,0,NA,NA,NA
"Additive + Dominant",0.2,5,"additive",10,61,59.0188748619734,58,2.92219930116848,0.967522538720876,0.950819672131147,0.0479049065765325
"Additive + Recessive",0.2,5,"additive",10,78,74.9834571454616,70,7.19956468559887,0.961326373659764,0.897435897435897,0.0923021113538317
"Additive + Recessive + Dominant",0.2,5,"additive",10,85,81.1916608568921,68,15.5124356576974,0.955196010081084,0.8,0.182499243031734
"Additive only",0.2,5,"additive",10,35,33.6271508292181,33,1.90514066893596,0.960775737977659,0.942857142857143,0.0544325905410275
"Dominant only",0.2,5,"additive",10,1,0.992315901731334,0,0.984690848828871,0.992315901731334,0,0.984690848828871
"Recessive + Dominant",0.2,5,"additive",10,6,5.87271381834081,0,5.74993914615699,0.978785636390136,0,0.958323191026164
"Recessive only",0.2,5,"additive",10,0,0,0,0,NA,NA,NA
"Additive + Dominant",0.3,5,"additive",10,238,229.486154427641,211,24.9938394561235,0.964227539611938,0.886554621848739,0.105016132168586
"Additive + Recessive",0.3,5,"additive",10,287,278.153378534992,258,27.0903681455298,0.96917553496513,0.898954703832753,0.0943915266394765
"Additive + Recessive + Dominant",0.3,5,"additive",10,288,279.024340313632,249,36.1614185924557,0.968834514977888,0.864583333333333,0.125560481223804
"Additive only",0.3,5,"additive",10,125,120.979484643885,113,11.5389275009909,0.967835877151077,0.904,0.0923114200079274
"Dominant only",0.3,5,"additive",10,1,0.997925865759775,0,0.995856033552397,0.997925865759775,0,0.995856033552397
"Recessive + Dominant",0.3,5,"additive",10,14,13.3147570179636,0,12.6782215941037,0.951054072711689,0,0.905587256721692
"Recessive only",0.3,5,"additive",10,0,0,0,0,NA,NA,NA
"Additive + Dominant",0.4,5,"additive",10,430,419.194244365787,385,41.9450075997112,0.974870335734388,0.895348837209302,0.0975465293016539
"Additive + Recessive",0.4,5,"additive",10,531,519.101553223867,494,35.7486388576082,0.977592378952669,0.930320150659134,0.0673232370199779
"Additive + Recessive + Dominant",0.4,5,"additive",10,541,528.011636570044,476,62.0122713320609,0.975991934510248,0.879852125693161,0.114625270484401
"Additive only",0.4,5,"additive",10,227,221.829731112972,208,18.2144741543632,0.977223485079171,0.916299559471366,0.0802399742482962
"Dominant only",0.4,5,"additive",10,3,2.81501345982045,0,2.64705170537296,0.938337819940151,0,0.882350568457653
"Recessive + Dominant",0.4,5,"additive",10,20,19.3626468776584,0,18.7665435262361,0.968132343882921,0,0.938327176311807
"Recessive only",0.4,5,"additive",10,0,0,0,0,NA,NA,NA
"Additive only",0.1,1,"dominant",10,0,0,0,0,NA,NA,NA
"Dominant only",0.1,1,"dominant",10,45,43.3655275231815,44,0.914616181127283,0.963678389404034,0.977777777777778,0.0203248040250507
"Recessive only",0.1,1,"dominant",10,0,0,0,0,NA,NA,NA
"Additive only",0.2,1,"dominant",10,1,0.93518512043338,0,0.874571209479995,0.93518512043338,0,0.874571209479995
"Dominant only",0.2,1,"dominant",10,82,80.7876563293158,81,1.00707793988212,0.985215321089217,0.98780487804878,0.0122814382912453
"Recessive only",0.2,1,"dominant",10,0,0,0,0,NA,NA,NA
"Additive only",0.3,1,"dominant",10,1,0.959061391483782,0,0.919798752634808,0.959061391483782,0,0.919798752634808
"Dominant only",0.3,1,"dominant",10,122,119.989043467403,120,1.8838343451867,0.983516749732814,0.983606557377049,0.0154412651244811
"Recessive only",0.3,1,"dominant",10,0,0,0,0,NA,NA,NA
"Additive only",0.4,1,"dominant",10,1,0.967937329964464,0,0.936902674738735,0.967937329964464,0,0.936902674738735
"Dominant only",0.4,1,"dominant",10,140,138.770668386506,138,1.79587355537601,0.991219059903618,0.985714285714286,0.0128276682526858
"Recessive only",0.4,1,"dominant",10,0,0,0,0,NA,NA,NA
"Additive + Dominant",0.1,2,"dominant",10,12,11.4313024712261,11,0.915894954978044,0.952608539268842,0.916666666666667,0.0763245795815037
"Additive + Recessive",0.1,2,"dominant",10,0,0,0,0,NA,NA,NA
"Additive only",0.1,2,"dominant",10,0,0,0,0,NA,NA,NA
"Dominant only",0.1,2,"dominant",10,21,20.0750708005918,19,1.72009602127238,0.955955752409133,0.904761904761905,0.081909334346304
"Recessive + Dominant",0.1,2,"dominant",10,13,12.3916109966323,13,0.0383924233393673,0.953200845894794,1,0.00295326333379748
"Recessive only",0.1,2,"dominant",10,0,0,0,0,NA,NA,NA
"Additive + Dominant",0.2,2,"dominant",10,44,42.9841274319704,43,0.925842081513191,0.976911987090236,0.977272727272727,0.0210418654889362
"Additive + Recessive",0.2,2,"dominant",10,0,0,0,0,NA,NA,NA
"Additive only",0.2,2,"dominant",10,0,0,0,0,NA,NA,NA
"Dominant only",0.2,2,"dominant",10,84,81.6926563567638,80,3.58703504252338,0.972531623294807,0.952380952380952,0.0427027981252784
"Recessive + Dominant",0.2,2,"dominant",10,61,59.3075355198709,61,0.098170194155994,0.972254680653621,1,0.00160934744518023
"Recessive only",0.2,2,"dominant",10,0,0,0,0,NA,NA,NA
"Additive + Dominant",0.3,2,"dominant",10,81,78.9431110800228,80,0.981438398379294,0.974606309629911,0.987654320987654,0.0121165234367814
"Additive + Recessive",0.3,2,"dominant",10,1,0.99999993822158,0,0.999999876443164,0.99999993822158,0,0.999999876443164
"Additive only",0.3,2,"dominant",10,0,0,0,0,NA,NA,NA
"Dominant only",0.3,2,"dominant",10,152,148.198097198779,148,3.79859319770816,0.974987481570914,0.973684210526316,0.0249907447217642
"Recessive + Dominant",0.3,2,"dominant",10,95,93.4373241477275,95,0.0872222986952457,0.983550780502395,1,0.000918129459949954
"Recessive only",0.3,2,"dominant",10,0,0,0,0,NA,NA,NA
"Additive + Dominant",0.4,2,"dominant",10,111,108.852520702256,109,1.76393317313572,0.980653339659966,0.981981981981982,0.0158912898480695
"Additive + Recessive",0.4,2,"dominant",10,1,0.999999999992392,0,0.999999999984785,0.999999999992392,0,0.999999999984785
"Additive only",0.4,2,"dominant",10,1,0.900702921096489,0,0.811265752071747,0.900702921096489,0,0.811265752071747
"Dominant only",0.4,2,"dominant",10,212,208.004098729706,208,3.88730906404139,0.981151409102386,0.981132075471698,0.0183363635096292
"Recessive + Dominant",0.4,2,"dominant",10,125,123.178850346666,125,0.108316214537746,0.98543080277333,1,0.000866529716301971
"Recessive only",0.4,2,"dominant",10,0,0,0,0,NA,NA,NA
"Additive + Dominant",0.1,3,"dominant",10,10,9.31368271540678,8,1.76395090257953,0.931368271540678,0.8,0.176395090257953
"Additive + Recessive",0.1,3,"dominant",10,0,0,0,0,NA,NA,NA
"Additive + Recessive + Dominant",0.1,3,"dominant",10,3,2.84086907441445,3,0.011569196035707,0.946956358138152,1,0.00385639867856901
"Additive only",0.1,3,"dominant",10,2,1.86185393221256,0,1.73463176590707,0.930926966106278,0,0.867315882953533
"Dominant only",0.1,3,"dominant",10,10,9.48087480991471,10,0.0369707886373477,0.948087480991471,1,0.00369707886373477
"Recessive + Dominant",0.1,3,"dominant",10,9,8.61854705020325,9,0.022923261791798,0.957616338911472,1,0.00254702908797755
"Recessive only",0.1,3,"dominant",10,0,0,0,0,NA,NA,NA
"Additive + Dominant",0.2,3,"dominant",10,75,72.1873122239979,71,3.78732971135984,0.962497496319972,0.946666666666667,0.0504977294847979
"Additive + Recessive",0.2,3,"dominant",10,5,4.70192511025563,0,4.42325428853513,0.940385022051127,0,0.884650857707026
"Additive + Recessive + Dominant",0.2,3,"dominant",10,29,28.0498890778132,27,1.91448900999627,0.967237554407352,0.931034482758621,0.0660168624136646
"Additive only",0.2,3,"dominant",10,2,1.91834172535419,0,1.84042162211819,0.959170862677096,0,0.920210811059097
"Dominant only",0.2,3,"dominant",10,76,73.5736219666197,75,1.0837783289994,0.968073973244996,0.986842105263158,0.0142602411710447
"Recessive + Dominant",0.2,3,"dominant",10,79,76.646203860265,77,1.89656556133306,0.970205112155253,0.974683544303797,0.024007159004216
"Recessive only",0.2,3,"dominant",10,2,1.84976328352014,0,1.71136790301402,0.924881641760068,0,0.855683951507011
"Additive + Dominant",0.3,3,"dominant",10,142,138.726198533067,135,6.31467980376046,0.976945060092023,0.950704225352113,0.0444695760828202
"Additive + Recessive",0.3,3,"dominant",10,3,2.90463315921838,0,2.81564434263856,0.968211053072793,0,0.938548114212854
"Additive + Recessive + Dominant",0.3,3,"dominant",10,61,59.7746563166116,59,2.02010479848698,0.979912398632977,0.967213114754098,0.0331164721063439
"Additive only",0.3,3,"dominant",10,2,1.85994920651246,0,1.72986869828213,0.929974603256228,0,0.864934349141063
"Dominant only",0.3,3,"dominant",10,155,151.551343540038,154,1.19042036592934,0.977750603484114,0.993548387096774,0.00768013139309251
"Recessive + Dominant",0.3,3,"dominant",10,176,172.072739059079,173,2.77994526539308,0.977686017381129,0.982954545454545,0.0157951435533698
"Recessive only",0.3,3,"dominant",10,1,0.962860431527254,0,0.927100210600849,0.962860431527254,0,0.927100210600849
"Additive + Dominant",0.4,3,"dominant",10,227,223.043643715393,222,4.83491893611823,0.982571117688957,0.977973568281938,0.0212992023617543
"Additive + Recessive",0.4,3,"dominant",10,2,1.98457758799235,0,1.96927413130714,0.992288793996173,0,0.984637065653571
"Additive + Recessive + Dominant",0.4,3,"dominant",10,86,84.6014343457198,83,2.72885089510052,0.98373760867116,0.965116279069767,0.031730824361634
"Additive only",0.4,3,"dominant",10,1,0.945008994569965,0,0.893041999818135,0.945008994569965,0,0.893041999818135
"Dominant only",0.4,3,"dominant",10,228,224.015750845561,226,2.04469313451431,0.982525223006848,0.991228070175439,0.00896795234436101
"Recessive + Dominant",0.4,3,"dominant",10,242,238.588750477797,237,4.56865423969386,0.985903927594204,0.979338842975207,0.0188787365276606
"Recessive only",0.4,3,"dominant",10,1,0.981312212775123,0,0.962973658941608,0.981312212775123,0,0.962973658941608
"Additive + Dominant",0.1,4,"dominant",10,5,4.68099774008762,4,0.869879132858035,0.936199548017523,0.8,0.173975826571607
"Additive + Recessive",0.1,4,"dominant",10,0,0,0,0,NA,NA,NA
"Additive + Recessive + Dominant",0.1,4,"dominant",10,4,3.79804817504511,4,0.0141216849142124,0.949512043761278,1,0.0035304212285531
"Additive only",0.1,4,"dominant",10,0,0,0,0,NA,NA,NA
"Dominant only",0.1,4,"dominant",10,4,3.78479294603098,3,0.829042636020136,0.946198236507746,0.75,0.207260659005034
"Recessive + Dominant",0.1,4,"dominant",10,9,8.44867530108256,8,0.921216498639283,0.938741700120284,0.888888888888889,0.102357388737698
"Recessive only",0.1,4,"dominant",10,0,0,0,0,NA,NA,NA
"Additive + Dominant",0.2,4,"dominant",10,89,86.0137657530911,85,3.85447049045134,0.966446806214507,0.955056179775281,0.0433086571960824
"Additive + Recessive",0.2,4,"dominant",10,3,2.87391307054872,0,2.75322427612002,0.957971023516241,0,0.917741425373341
"Additive + Recessive + Dominant",0.2,4,"dominant",10,70,67.4339628730637,68,2.01084871411622,0.963342326758053,0.971428571428571,0.0287264102016603
"Additive only",0.2,4,"dominant",10,2,1.91455386067807,0,1.83359208372058,0.957276930339036,0,0.91679604186029
"Dominant only",0.2,4,"dominant",10,59,56.8603403352527,56,2.75981929637515,0.963734581953436,0.949152542372881,0.0467765982436466
"Recessive + Dominant",0.2,4,"dominant",10,115,111.169037699648,114,1.05137172211408,0.966687284344767,0.991304347826087,0.00914236280099196
"Recessive only",0.2,4,"dominant",10,0,0,0,0,NA,NA,NA
"Additive + Dominant",0.3,4,"dominant",10,228,222.187818672351,217,10.4259990580073,0.97450797663312,0.951754385964912,0.0457280660438918
"Additive + Recessive",0.3,4,"dominant",10,7,6.74727227555799,0,6.50830683783873,0.963896039365427,0,0.929758119691248
"Additive + Recessive + Dominant",0.3,4,"dominant",10,152,148.689768170155,147,4.67904685716048,0.978222159014179,0.967105263157895,0.0307832030076347
"Additive only",0.3,4,"dominant",10,5,4.78613087128899,0,4.58557368566569,0.957226174257799,0,0.917114737133139
"Dominant only",0.3,4,"dominant",10,142,138.687721003721,139,2.99014449969068,0.976674091575499,0.97887323943662,0.0210573556316245
"Recessive + Dominant",0.3,4,"dominant",10,246,240.9017134822,243,2.94033773696717,0.979275258057723,0.98780487804878,0.0119525924266958
"Recessive only",0.3,4,"dominant",10,0,0,0,0,NA,NA,NA
"Additive + Dominant",0.4,4,"dominant",10,370,362.533870110413,351,18.0278700737483,0.979821270568683,0.948648648648649,0.0487239731722927
"Additive + Recessive",0.4,4,"dominant",10,8,7.83335843864458,0,7.67412572919415,0.979169804830573,0,0.959265716149268
"Additive + Recessive + Dominant",0.4,4,"dominant",10,234,229.451676542748,228,6.06843383294096,0.980562720268154,0.974358974358974,0.0259334779185511
"Additive only",0.4,4,"dominant",10,7,6.64865309116858,0,6.32244885722178,0.949807584452654,0,0.903206979603111
"Dominant only",0.4,4,"dominant",10,225,220.440596282553,222,2.91533365431017,0.979735983478011,0.986666666666667,0.0129570384636008
"Recessive + Dominant",0.4,4,"dominant",10,378,371.468861763756,375,3.12193820018253,0.982721856517873,0.992063492063492,0.00825909576767865
"Recessive only",0.4,4,"dominant",10,0,0,0,0,NA,NA,NA
"Additive + Dominant",0.1,5,"dominant",10,8,7.48985342365341,1,6.19108043226675,0.936231677956676,0.125,0.773885054033343
"Additive + Recessive",0.1,5,"dominant",10,4,3.83149885461728,0,3.67039211984831,0.95787471365432,0,0.917598029962077
"Additive + Recessive + Dominant",0.1,5,"dominant",10,5,4.68483042222812,5,0.0243382623870086,0.936966084445623,1,0.00486765247740172
"Additive only",0.1,5,"dominant",10,1,0.907204365800788,0,0.82301976132801,0.907204365800788,0,0.82301976132801
"Dominant only",0.1,5,"dominant",10,3,2.86262984769955,1,1.81840382941764,0.954209949233182,0.333333333333333,0.606134609805879
"Recessive + Dominant",0.1,5,"dominant",10,5,4.63705102979054,5,0.0309130033222284,0.927410205958108,1,0.00618260066444568
"Recessive only",0.1,5,"dominant",10,1,0.949731816033379,0,0.901990522386059,0.949731816033379,0,0.901990522386059
"Additive + Dominant",0.2,5,"dominant",10,84,80.2280934416605,73,9.7845613610023,0.955096350495958,0.869047619047619,0.116482873345265
"Additive + Recessive",0.2,5,"dominant",10,1,0.991524186896423,0,0.983120213200612,0.991524186896423,0,0.983120213200612
"Additive + Recessive + Dominant",0.2,5,"dominant",10,98,94.1307022449009,93,4.46391379360166,0.960517369845927,0.948979591836735,0.0455501407510373
"Additive only",0.2,5,"dominant",10,2,1.83240663265463,0,1.67897515258879,0.916203316327316,0,0.839487576294394
"Dominant only",0.2,5,"dominant",10,37,35.3507833109376,31,5.25400733190789,0.955426575971286,0.837837837837838,0.142000198159673
"Recessive + Dominant",0.2,5,"dominant",10,99,94.5244226447337,91,7.20387038926291,0.954792147926603,0.919191919191919,0.0727663675683122
"Recessive only",0.2,5,"dominant",10,0,0,0,0,NA,NA,NA
"Additive + Dominant",0.3,5,"dominant",10,276,268.091283336298,262,13.2106599776524,0.971345229479341,0.949275362318841,0.0478647100639578
"Additive + Recessive",0.3,5,"dominant",10,2,1.92330993180009,0,1.85187926155034,0.961654965900045,0,0.925939630775171
"Additive + Recessive + Dominant",0.3,5,"dominant",10,333,324.388017304902,317,14.839842939743,0.974138190104812,0.951951951951952,0.044564092912141
"Additive only",0.3,5,"dominant",10,3,2.79579753090558,0,2.60580766260638,0.931932510301861,0,0.868602554202125
"Dominant only",0.3,5,"dominant",10,133,128.695729244412,126,6.82710695298112,0.967637061988057,0.947368421052632,0.051331631225422
"Recessive + Dominant",0.3,5,"dominant",10,321,312.015168540707,308,12.4057468132728,0.972009870843323,0.959501557632399,0.0386471863341831
"Recessive only",0.3,5,"dominant",10,0,0,0,0,NA,NA,NA
"Additive + Dominant",0.4,5,"dominant",10,536,523.205375323987,521,14.2604137411279,0.976129431574603,0.972014925373134,0.0266052495170296
"Additive + Recessive",0.4,5,"dominant",10,7,6.60858855710532,0,6.24218814813636,0.944084079586474,0,0.89174116401948
"Additive + Recessive + Dominant",0.4,5,"dominant",10,558,546.230943145216,527,27.4362966515115,0.978908500260244,0.944444444444444,0.0491689904148951
"Additive only",0.4,5,"dominant",10,3,2.85207364516902,0,2.71208214618231,0.950691215056339,0,0.904027382060768
"Dominant only",0.4,5,"dominant",10,247,241.08283602045,237,9.55098042673884,0.976043870528138,0.959514170040486,0.0386679369503597
"Recessive + Dominant",0.4,5,"dominant",10,557,544.959569944045,537,18.1864645547013,0.978383428983923,0.964093357271095,0.0326507442633775
"Recessive only",0.4,5,"dominant",10,0,0,0,0,NA,NA,NA
"Additive only",0.1,1,"recessive",10,0,0,0,0,NA,NA,NA
"Dominant only",0.1,1,"recessive",10,0,0,0,0,NA,NA,NA
"Recessive only",0.1,1,"recessive",10,67,66.0503973727692,65,1.76315908036297,0.985826826459242,0.970149253731343,0.0263158071695966
"Additive only",0.2,1,"recessive",10,0,0,0,0,NA,NA,NA
"Dominant only",0.2,1,"recessive",10,0,0,0,0,NA,NA,NA
"Recessive only",0.2,1,"recessive",10,99,98.045401483098,98,0.900404805163033,0.990357590738363,0.98989898989899,0.00909499803194983
"Additive only",0.3,1,"recessive",10,0,0,0,0,NA,NA,NA
"Dominant only",0.3,1,"recessive",10,0,0,0,0,NA,NA,NA
"Recessive only",0.3,1,"recessive",10,123,121.973420414979,122,0.874379758891891,0.991653824512022,0.991869918699187,0.00710877852757635
"Additive only",0.4,1,"recessive",10,0,0,0,0,NA,NA,NA
"Dominant only",0.4,1,"recessive",10,0,0,0,0,NA,NA,NA
"Recessive only",0.4,1,"recessive",10,141,140.040078128609,141,0.0544542704594642,0.993192043465311,1,0.000386200499712512
"Additive + Dominant",0.1,2,"recessive",10,0,0,0,0,NA,NA,NA
"Additive + Recessive",0.1,2,"recessive",10,34,33.3904910606042,32,1.7693995903894,0.98207326648836,0.941176470588235,0.0520411644232176
"Additive only",0.1,2,"recessive",10,0,0,0,0,NA,NA,NA
"Dominant only",0.1,2,"recessive",10,0,0,0,0,NA,NA,NA
"Recessive + Dominant",0.1,2,"recessive",10,29,28.2651965078228,28,0.949764423082496,0.974661948545614,0.96551724137931,0.0327504973476723
"Recessive only",0.1,2,"recessive",10,59,57.7535786997529,56,2.61779282527003,0.978874215250048,0.949152542372881,0.044369369919831
"Additive + Dominant",0.2,2,"recessive",10,0,0,0,0,NA,NA,NA
"Additive + Recessive",0.2,2,"recessive",10,88,86.8289179063429,86,1.84200275243534,0.986692248935714,0.977272727272727,0.0209318494594925
"Additive only",0.2,2,"recessive",10,0,0,0,0,NA,NA,NA
"Dominant only",0.2,2,"recessive",10,0,0,0,0,NA,NA,NA
"Recessive + Dominant",0.2,2,"recessive",10,72,71.3523966801366,71,0.940812584749051,0.991005509446341,0.986111111111111,0.0130668414548479
"Recessive only",0.2,2,"recessive",10,161,158.86765425407,158,2.89816599571544,0.986755616484905,0.981366459627329,0.0180010310292884
"Additive + Dominant",0.3,2,"recessive",10,0,0,0,0,NA,NA,NA
"Additive + Recessive",0.3,2,"recessive",10,114,112.964186912349,112,1.96786656002592,0.990913920283759,0.982456140350877,0.0172619873686484
"Additive only",0.3,2,"recessive",10,1,0.979749027558214,0,0.959908157001267,0.979749027558214,0,0.959908157001267
"Dominant only",0.3,2,"recessive",10,0,0,0,0,NA,NA,NA
"Recessive + Dominant",0.3,2,"recessive",10,100,99.0062527282898,99,0.894515858643281,0.990062527282898,0.99,0.00894515858643281
"Recessive only",0.3,2,"recessive",10,213,210.743165321867,210,2.79610383193328,0.989404532027545,0.985915492957746,0.0131272480372454
"Additive + Dominant",0.4,2,"recessive",10,0,0,0,0,NA,NA,NA
"Additive + Recessive",0.4,2,"recessive",10,135,133.945359930483,133,1.95384287175845,0.992187851336914,0.985185185185185,0.0144729101611737
"Additive only",0.4,2,"recessive",10,1,0.998891172103708,0,0.997783573706721,0.998891172103708,0,0.997783573706721
"Dominant only",0.4,2,"recessive",10,1,0.970852667921985,0,0.942554902811236,0.970852667921985,0,0.942554902811236
"Recessive + Dominant",0.4,2,"recessive",10,114,113.21681887269,114,0.041961590703197,0.993129990111315,1,0.000368084128975412
"Recessive only",0.4,2,"recessive",10,248,245.980703511494,247,0.944475070957579,0.991857675449571,0.995967741935484,0.00380836722160314
"Additive + Dominant",0.1,3,"recessive",10,0,0,0,0,NA,NA,NA
"Additive + Recessive",0.1,3,"recessive",10,35,33.9708240386066,33,1.69445820379905,0.970594972531618,0.942857142857143,0.0484130915371157
"Additive + Recessive + Dominant",0.1,3,"recessive",10,13,12.657707982784,13,0.0182573244072431,0.97366984482954,1,0.00140440956978793
"Additive only",0.1,3,"recessive",10,0,0,0,0,NA,NA,NA
"Dominant only",0.1,3,"recessive",10,0,0,0,0,NA,NA,NA
"Recessive + Dominant",0.1,3,"recessive",10,35,33.7890185137047,31,3.6661879201552,0.965400528962991,0.885714285714286,0.104748226290149
"Recessive only",0.1,3,"recessive",10,39,37.6463430503789,39,0.0815630325914676,0.965290847445612,1,0.00209135981003763
"Additive + Dominant",0.2,3,"recessive",10,0,0,0,0,NA,NA,NA
"Additive + Recessive",0.2,3,"recessive",10,171,168.648770364477,167,3.6114700411892,0.986250119090507,0.976608187134503,0.0211197078432117
"Additive + Recessive + Dominant",0.2,3,"recessive",10,63,61.8189350599934,62,0.935064309892208,0.981252937460213,0.984126984126984,0.0148422906332097
"Additive only",0.2,3,"recessive",10,0,0,0,0,NA,NA,NA
"Dominant only",0.2,3,"recessive",10,0,0,0,0,NA,NA,NA
"Recessive + Dominant",0.2,3,"recessive",10,174,170.815173569184,170,3.88284999388563,0.981696399822896,0.977011494252874,0.0223152298499174
"Recessive only",0.2,3,"recessive",10,167,164.157835501026,166,1.04555111470643,0.98298105090435,0.994011976047904,0.0062607851180026
"Additive + Dominant",0.3,3,"recessive",10,0,0,0,0,NA,NA,NA
"Additive + Recessive",0.3,3,"recessive",10,267,264.484923071052,265,1.91235378911064,0.990580236221169,0.99250936329588,0.0071623737419874
"Additive + Recessive + Dominant",0.3,3,"recessive",10,96,95.2287090366287,96,0.0332401108982175,0.991965719131549,1,0.000346251155189766
"Additive only",0.3,3,"recessive",10,0,0,0,0,NA,NA,NA
"Dominant only",0.3,3,"recessive",10,0,0,0,0,NA,NA,NA
"Recessive + Dominant",0.3,3,"recessive",10,249,247.003027891502,249,0.0999918899341454,0.991980031692779,1,0.00040157385515721
"Recessive only",0.3,3,"recessive",10,258,255.602713720376,257,0.998121052320345,0.990708192714636,0.996124031007752,0.00386868624930366
"Additive + Dominant",0.4,3,"recessive",10,0,0,0,0,NA,NA,NA
"Additive + Recessive",0.4,3,"recessive",10,328,324.949109680091,326,1.99956518248437,0.990698505122229,0.99390243902439,0.00609623531245235
"Additive + Recessive + Dominant",0.4,3,"recessive",10,118,117.005428874597,118,0.0557496208469196,0.991571431140648,1,0.000472454413956946
"Additive only",0.4,3,"recessive",10,0,0,0,0,NA,NA,NA
"Dominant only",0.4,3,"recessive",10,0,0,0,0,NA,NA,NA
"Recessive + Dominant",0.4,3,"recessive",10,318,314.732059441187,317,1.06333425997667,0.989723457362223,0.99685534591195,0.0033438184275996
"Recessive only",0.4,3,"recessive",10,320,316.986302152498,318,1.92836173979461,0.990582194226557,0.99375,0.00602613043685817
"Additive + Dominant",0.1,4,"recessive",10,0,0,0,0,NA,NA,NA
"Additive + Recessive",0.1,4,"recessive",10,23,22.050625486879,20,2.55835418531366,0.958722847255608,0.869565217391304,0.111232790665811
"Additive + Recessive + Dominant",0.1,4,"recessive",10,17,16.455528671705,15,1.82466612028018,0.967972274806177,0.882352941176471,0.107333301192952
"Additive only",0.1,4,"recessive",10,0,0,0,0,NA,NA,NA
"Dominant only",0.1,4,"recessive",10,0,0,0,0,NA,NA,NA
"Recessive + Dominant",0.1,4,"recessive",10,17,16.3551298306055,15,1.71072015846818,0.962066460623852,0.882352941176471,0.100630597556952
"Recessive only",0.1,4,"recessive",10,11,10.7675498647512,10,0.85551595313434,0.978868169522838,0.909090909090909,0.0777741775576673
"Additive + Dominant",0.2,4,"recessive",10,0,0,0,0,NA,NA,NA
"Additive + Recessive",0.2,4,"recessive",10,237,231.887853905674,231,5.69042191640145,0.978429763315082,0.974683544303797,0.0240102190565462
"Additive + Recessive + Dominant",0.2,4,"recessive",10,147,144.450880976822,144,2.94379413895758,0.982659054264093,0.979591836734694,0.0200258104690992
"Additive only",0.2,4,"recessive",10,0,0,0,0,NA,NA,NA
"Dominant only",0.2,4,"recessive",10,0,0,0,0,NA,NA,NA
"Recessive + Dominant",0.2,4,"recessive",10,211,206.461958567614,203,7.39993763500141,0.978492694633243,0.962085308056872,0.0350707944786797
"Recessive only",0.2,4,"recessive",10,146,142.901144495415,142,3.82538216050442,0.978774962297366,0.972602739726027,0.0262012476746878
"Additive + Dominant",0.3,4,"recessive",10,2,1.9413663411833,0,1.88446260724372,0.970683170591651,0,0.942231303621861
"Additive + Recessive",0.3,4,"recessive",10,444,438.320120339422,439,4.85511328736743,0.987207478241941,0.988738738738739,0.0109349398364131
"Additive + Recessive + Dominant",0.3,4,"recessive",10,323,318.350156698473,320,3.14051681800803,0.985604200304871,0.990712074303406,0.00972296228485458
"Additive only",0.3,4,"recessive",10,0,0,0,0,NA,NA,NA
"Dominant only",0.3,4,"recessive",10,0,0,0,0,NA,NA,NA
"Recessive + Dominant",0.3,4,"recessive",10,420,414.002919304673,416,4.20396737441227,0.985721236439699,0.990476190476191,0.010009446129553
"Recessive only",0.3,4,"recessive",10,285,281.601322025441,282,3.05203162761988,0.988074814124356,0.989473684210526,0.0107088829039294
"Additive + Dominant",0.4,4,"recessive",10,0,0,0,0,NA,NA,NA
"Additive + Recessive",0.4,4,"recessive",10,550,545.777079479929,546,4.01193472360656,0.99232196269078,0.992727272727273,0.00729442677019375
"Additive + Recessive + Dominant",0.4,4,"recessive",10,394,390.820665080666,392,2.0436585794205,0.991930622032146,0.99492385786802,0.0051869507091891
"Additive only",0.4,4,"recessive",10,0,0,0,0,NA,NA,NA
"Dominant only",0.4,4,"recessive",10,0,0,0,0,NA,NA,NA
"Recessive + Dominant",0.4,4,"recessive",10,541,536.422180352444,537,3.99821103353928,0.991538226159785,0.992606284658041,0.00739040856476762
"Recessive only",0.4,4,"recessive",10,361,358.053655064807,359,1.88659796762201,0.991838379680907,0.994459833795014,0.0052260331513075
"Additive + Dominant",0.1,5,"recessive",10,1,0.969309840968254,0,0.939561567797903,0.969309840968254,0,0.939561567797903
"Additive + Recessive",0.1,5,"recessive",10,25,24.2996854316531,20,4.69067668120472,0.971987417266126,0.8,0.187627067248189
"Additive + Recessive + Dominant",0.1,5,"recessive",10,42,40.6071656110714,35,6.29298446762818,0.966837276454081,0.833333333333333,0.149832963514957
"Additive only",0.1,5,"recessive",10,1,0.968555461284693,0,0.938099681584405,0.968555461284693,0,0.938099681584405
"Dominant only",0.1,5,"recessive",10,0,0,0,0,NA,NA,NA
"Recessive + Dominant",0.1,5,"recessive",10,25,24.1568340102286,22,2.76474142281162,0.966273360409144,0.88,0.110589656912465
"Recessive only",0.1,5,"recessive",10,12,11.6032469986866,10,1.90549188451986,0.966937249890548,0.833333333333333,0.158790990376655
"Additive + Dominant",0.2,5,"recessive",10,0,0,0,0,NA,NA,NA
"Additive + Recessive",0.2,5,"recessive",10,203,198.039356090632,194,8.40889487282304,0.975563330495726,0.955665024630542,0.0414231274523302
"Additive + Recessive + Dominant",0.2,5,"recessive",10,229,224.033156891386,220,8.63373728109381,0.978310728783345,0.960698689956332,0.0377019095244271
"Additive only",0.2,5,"recessive",10,0,0,0,0,NA,NA,NA
"Dominant only",0.2,5,"recessive",10,0,0,0,0,NA,NA,NA
"Recessive + Dominant",0.2,5,"recessive",10,204,199.281023776732,199,4.67381289886839,0.976867763611433,0.975490196078431,0.0229108475434725
"Recessive only",0.2,5,"recessive",10,99,96.5087568685481,95,3.75627405824236,0.974835927965133,0.95959595959596,0.0379421622044683
"Additive + Dominant",0.3,5,"recessive",10,0,0,0,0,NA,NA,NA
"Additive + Recessive",0.3,5,"recessive",10,556,547.490645978711,541,13.4718445015263,0.984695406436531,0.973021582733813,0.0242299361538244
"Additive + Recessive + Dominant",0.3,5,"recessive",10,569,560.000495839617,553,14.4522707514122,0.984183648224283,0.971880492091388,0.0253994213557332
"Additive only",0.3,5,"recessive",10,0,0,0,0,NA,NA,NA
"Dominant only",0.3,5,"recessive",10,0,0,0,0,NA,NA,NA
"Recessive + Dominant",0.3,5,"recessive",10,547,538.484998135192,530,15.2553509937715,0.984433268985725,0.968921389396709,0.0278891243030557
"Recessive only",0.3,5,"recessive",10,276,271.938353617958,269,6.4771907159188,0.985283889920137,0.97463768115942,0.0234680823040536
"Additive + Dominant",0.4,5,"recessive",10,3,2.88004035253192,0,2.76633583758506,0.960013450843974,0,0.922111945861685
"Additive + Recessive",0.4,5,"recessive",10,807,797.912949342057,796,10.2402250715388,0.988739714178509,0.98636926889715,0.0126892503984371
"Additive + Recessive + Dominant",0.4,5,"recessive",10,802,793.306550137335,793,8.30300788255282,0.989160286954283,0.988778054862843,0.0103528776590434
"Additive only",0.4,5,"recessive",10,0,0,0,0,NA,NA,NA
"Dominant only",0.4,5,"recessive",10,0,0,0,0,NA,NA,NA
"Recessive + Dominant",0.4,5,"recessive",10,784,774.146211687483,768,14.8713077158552,0.987431392458524,0.979591836734694,0.0189685047396112
"Recessive only",0.4,5,"recessive",10,393,388.073222273841,384,8.47629349268866,0.987463669907993,0.977099236641221,0.0215681768261798
