"scenario","pve","K","coding","threshold","n_calls","n_correct","n_wrong_coding","n_wrong_snp","n_true","precision","recall","fdp"
"Additive + Dominant",0.1,2,"additive",0,928421,399,399,927623,399,0.000429761929124826,1,0.999570238070875
"Additive + Dominant",0.1,2,"additive",0.1,511,130,53,328,399,0.25440313111546,0.325814536340852,0.74559686888454
"Additive + Dominant",0.1,2,"additive",0.5,54,38,5,11,399,0.703703703703704,0.0952380952380952,0.296296296296296
"Additive + Dominant",0.1,2,"additive",0.8,15,12,0,3,399,0.8,0.0300751879699248,0.2
"Additive + Dominant",0.1,2,"additive",0.9,9,8,0,1,399,0.888888888888889,0.0200501253132832,0.111111111111111
"Additive + Dominant",0.1,2,"additive",0.95,7,6,0,1,399,0.857142857142857,0.0150375939849624,0.142857142857143
"Additive + Dominant",0.1,2,"additive",0.99,2,2,0,0,399,1,0.0050125313283208,0
"Additive + Dominant",0.1,2,"additive",1,0,0,0,0,399,NA,0,NA
"Additive + Dominant",0.1,2,"recessive",0,765050,0,648,764402,0,0,NA,1
"Additive + Dominant",0.1,2,"recessive",0.1,26,0,4,22,0,0,NA,1
"Additive + Dominant",0.1,2,"recessive",0.5,2,0,1,1,0,0,NA,1
"Additive + Dominant",0.1,2,"recessive",0.8,1,0,1,0,0,0,NA,1
"Additive + Dominant",0.1,2,"recessive",0.9,0,0,0,0,0,NA,NA,NA
"Additive + Dominant",0.1,2,"recessive",0.95,0,0,0,0,0,NA,NA,NA
"Additive + Dominant",0.1,2,"recessive",0.99,0,0,0,0,0,NA,NA,NA
"Additive + Dominant",0.1,2,"recessive",1,0,0,0,0,0,NA,NA,NA
"Additive + Dominant",0.1,2,"dominant",0,928421,399,399,927623,399,0.000429761929124826,1,0.999570238070875
"Additive + Dominant",0.1,2,"dominant",0.1,550,145,57,348,399,0.263636363636364,0.363408521303258,0.736363636363636
"Additive + Dominant",0.1,2,"dominant",0.5,57,38,8,11,399,0.666666666666667,0.0952380952380952,0.333333333333333
"Additive + Dominant",0.1,2,"dominant",0.8,18,16,0,2,399,0.888888888888889,0.0401002506265664,0.111111111111111
"Additive + Dominant",0.1,2,"dominant",0.9,12,11,0,1,399,0.916666666666667,0.0275689223057644,0.0833333333333333
"Additive + Dominant",0.1,2,"dominant",0.95,7,7,0,0,399,1,0.0175438596491228,0
"Additive + Dominant",0.1,2,"dominant",0.99,1,1,0,0,399,1,0.0025062656641604,0
"Additive + Dominant",0.1,2,"dominant",1,0,0,0,0,399,NA,0,NA
"Additive + Dominant",0.1,3,"additive",0,1860459,1200,1200,1858059,1200,0.000645002120444471,1,0.999354997879556
"Additive + Dominant",0.1,3,"additive",0.1,846,154,84,608,1200,0.182033096926714,0.128333333333333,0.817966903073286
"Additive + Dominant",0.1,3,"additive",0.5,54,27,6,21,1200,0.5,0.0225,0.5
"Additive + Dominant",0.1,3,"additive",0.8,13,4,2,7,1200,0.307692307692308,0.00333333333333333,0.692307692307692
"Additive + Dominant",0.1,3,"additive",0.9,3,2,0,1,1200,0.666666666666667,0.00166666666666667,0.333333333333333
"Additive + Dominant",0.1,3,"additive",0.95,0,0,0,0,1200,NA,0,NA
"Additive + Dominant",0.1,3,"additive",0.99,0,0,0,0,1200,NA,0,NA
"Additive + Dominant",0.1,3,"additive",1,0,0,0,0,1200,NA,0,NA
"Additive + Dominant",0.1,3,"recessive",0,1533266,0,1960,1531306,0,0,NA,1
"Additive + Dominant",0.1,3,"recessive",0.1,34,0,2,32,0,0,NA,1
"Additive + Dominant",0.1,3,"recessive",0.5,1,0,0,1,0,0,NA,1
"Additive + Dominant",0.1,3,"recessive",0.8,0,0,0,0,0,NA,NA,NA
"Additive + Dominant",0.1,3,"recessive",0.9,0,0,0,0,0,NA,NA,NA
"Additive + Dominant",0.1,3,"recessive",0.95,0,0,0,0,0,NA,NA,NA
"Additive + Dominant",0.1,3,"recessive",0.99,0,0,0,0,0,NA,NA,NA
"Additive + Dominant",0.1,3,"recessive",1,0,0,0,0,0,NA,NA,NA
"Additive + Dominant",0.1,3,"dominant",0,1860459,1200,1200,1858059,1200,0.000645002120444471,1,0.999354997879556
"Additive + Dominant",0.1,3,"dominant",0.1,792,176,78,538,1200,0.222222222222222,0.146666666666667,0.777777777777778
"Additive + Dominant",0.1,3,"dominant",0.5,57,30,16,11,1200,0.526315789473684,0.025,0.473684210526316
"Additive + Dominant",0.1,3,"dominant",0.8,19,12,6,1,1200,0.631578947368421,0.01,0.368421052631579
"Additive + Dominant",0.1,3,"dominant",0.9,10,8,2,0,1200,0.8,0.00666666666666667,0.2
"Additive + Dominant",0.1,3,"dominant",0.95,3,2,1,0,1200,0.666666666666667,0.00166666666666667,0.333333333333333
"Additive + Dominant",0.1,3,"dominant",0.99,0,0,0,0,1200,NA,0,NA
"Additive + Dominant",0.1,3,"dominant",1,0,0,0,0,1200,NA,0,NA
"Additive + Dominant",0.1,4,"additive",0,2791539,2400,2400,2786739,2400,0.000859740809639414,1,0.999140259190361
"Additive + Dominant",0.1,4,"additive",0.1,979,177,89,713,2400,0.180796731358529,0.07375,0.819203268641471
"Additive + Dominant",0.1,4,"additive",0.5,58,35,12,11,2400,0.603448275862069,0.0145833333333333,0.396551724137931
"Additive + Dominant",0.1,4,"additive",0.8,20,18,0,2,2400,0.9,0.0075,0.1
"Additive + Dominant",0.1,4,"additive",0.9,8,8,0,0,2400,1,0.00333333333333333,0
"Additive + Dominant",0.1,4,"additive",0.95,7,7,0,0,2400,1,0.00291666666666667,0
"Additive + Dominant",0.1,4,"additive",0.99,0,0,0,0,2400,NA,0,NA
"Additive + Dominant",0.1,4,"additive",1,0,0,0,0,2400,NA,0,NA
"Additive + Dominant",0.1,4,"recessive",0,2300046,0,3909,2296137,0,0,NA,1
"Additive + Dominant",0.1,4,"recessive",0.1,97,0,4,93,0,0,NA,1
"Additive + Dominant",0.1,4,"recessive",0.5,2,0,0,2,0,0,NA,1
"Additive + Dominant",0.1,4,"recessive",0.8,0,0,0,0,0,NA,NA,NA
"Additive + Dominant",0.1,4,"recessive",0.9,0,0,0,0,0,NA,NA,NA
"Additive + Dominant",0.1,4,"recessive",0.95,0,0,0,0,0,NA,NA,NA
"Additive + Dominant",0.1,4,"recessive",0.99,0,0,0,0,0,NA,NA,NA
"Additive + Dominant",0.1,4,"recessive",1,0,0,0,0,0,NA,NA,NA
"Additive + Dominant",0.1,4,"dominant",0,2791539,2400,2400,2786739,2400,0.000859740809639414,1,0.999140259190361
"Additive + Dominant",0.1,4,"dominant",0.1,927,179,85,663,2400,0.193096008629989,0.0745833333333333,0.806903991370011
"Additive + Dominant",0.1,4,"dominant",0.5,50,28,2,20,2400,0.56,0.0116666666666667,0.44
"Additive + Dominant",0.1,4,"dominant",0.8,13,10,0,3,2400,0.769230769230769,0.00416666666666667,0.230769230769231
"Additive + Dominant",0.1,4,"dominant",0.9,5,4,0,1,2400,0.8,0.00166666666666667,0.2
"Additive + Dominant",0.1,4,"dominant",0.95,1,1,0,0,2400,1,0.000416666666666667,0
"Additive + Dominant",0.1,4,"dominant",0.99,0,0,0,0,2400,NA,0,NA
"Additive + Dominant",0.1,4,"dominant",1,0,0,0,0,2400,NA,0,NA
"Additive + Dominant",0.1,5,"additive",0,3722052,4000,4000,3714052,4000,0.00107467601204927,1,0.998925323987951
"Additive + Dominant",0.1,5,"additive",0.1,1105,180,103,822,4000,0.16289592760181,0.045,0.83710407239819
"Additive + Dominant",0.1,5,"additive",0.5,67,24,14,29,4000,0.358208955223881,0.006,0.641791044776119
"Additive + Dominant",0.1,5,"additive",0.8,10,10,0,0,4000,1,0.0025,0
"Additive + Dominant",0.1,5,"additive",0.9,4,4,0,0,4000,1,0.001,0
"Additive + Dominant",0.1,5,"additive",0.95,4,4,0,0,4000,1,0.001,0
"Additive + Dominant",0.1,5,"additive",0.99,0,0,0,0,4000,NA,0,NA
"Additive + Dominant",0.1,5,"additive",1,0,0,0,0,4000,NA,0,NA
"Additive + Dominant",0.1,5,"recessive",0,3066728,0,6556,3060172,0,0,NA,1
"Additive + Dominant",0.1,5,"recessive",0.1,106,0,3,103,0,0,NA,1
"Additive + Dominant",0.1,5,"recessive",0.5,5,0,0,5,0,0,NA,1
"Additive + Dominant",0.1,5,"recessive",0.8,1,0,0,1,0,0,NA,1
"Additive + Dominant",0.1,5,"recessive",0.9,1,0,0,1,0,0,NA,1
"Additive + Dominant",0.1,5,"recessive",0.95,1,0,0,1,0,0,NA,1
"Additive + Dominant",0.1,5,"recessive",0.99,0,0,0,0,0,NA,NA,NA
"Additive + Dominant",0.1,5,"recessive",1,0,0,0,0,0,NA,NA,NA
"Additive + Dominant",0.1,5,"dominant",0,3722052,4000,4000,3714052,4000,0.00107467601204927,1,0.998925323987951
"Additive + Dominant",0.1,5,"dominant",0.1,1021,179,75,767,4000,0.175318315377081,0.04475,0.824681684622919
"Additive + Dominant",0.1,5,"dominant",0.5,72,28,16,28,4000,0.388888888888889,0.007,0.611111111111111
"Additive + Dominant",0.1,5,"dominant",0.8,11,1,2,8,4000,0.0909090909090909,0.00025,0.909090909090909
"Additive + Dominant",0.1,5,"dominant",0.9,8,1,0,7,4000,0.125,0.00025,0.875
"Additive + Dominant",0.1,5,"dominant",0.95,3,0,0,3,4000,0,0,1
"Additive + Dominant",0.1,5,"dominant",0.99,0,0,0,0,4000,NA,0,NA
"Additive + Dominant",0.1,5,"dominant",1,0,0,0,0,4000,NA,0,NA
"Additive + Dominant",0.2,2,"additive",0,928778,399,399,927980,399,0.000429596738940845,1,0.999570403261059
"Additive + Dominant",0.2,2,"additive",0.1,791,220,62,509,399,0.278128950695322,0.551378446115288,0.721871049304678
"Additive + Dominant",0.2,2,"additive",0.5,122,89,8,25,399,0.729508196721312,0.223057644110276,0.270491803278689
"Additive + Dominant",0.2,2,"additive",0.8,56,50,1,5,399,0.892857142857143,0.12531328320802,0.107142857142857
"Additive + Dominant",0.2,2,"additive",0.9,40,37,0,3,399,0.925,0.0927318295739348,0.075
"Additive + Dominant",0.2,2,"additive",0.95,31,28,0,3,399,0.903225806451613,0.0701754385964912,0.0967741935483871
"Additive + Dominant",0.2,2,"additive",0.99,16,15,0,1,399,0.9375,0.037593984962406,0.0625
"Additive + Dominant",0.2,2,"additive",1,0,0,0,0,399,NA,0,NA
"Additive + Dominant",0.2,2,"recessive",0,765352,0,648,764704,0,0,NA,1
"Additive + Dominant",0.2,2,"recessive",0.1,16,0,2,14,0,0,NA,1
"Additive + Dominant",0.2,2,"recessive",0.5,0,0,0,0,0,NA,NA,NA
"Additive + Dominant",0.2,2,"recessive",0.8,0,0,0,0,0,NA,NA,NA
"Additive + Dominant",0.2,2,"recessive",0.9,0,0,0,0,0,NA,NA,NA
"Additive + Dominant",0.2,2,"recessive",0.95,0,0,0,0,0,NA,NA,NA
"Additive + Dominant",0.2,2,"recessive",0.99,0,0,0,0,0,NA,NA,NA
"Additive + Dominant",0.2,2,"recessive",1,0,0,0,0,0,NA,NA,NA
"Additive + Dominant",0.2,2,"dominant",0,928778,399,399,927980,399,0.000429596738940845,1,0.999570403261059
"Additive + Dominant",0.2,2,"dominant",0.1,826,245,54,527,399,0.296610169491525,0.614035087719298,0.703389830508475
"Additive + Dominant",0.2,2,"dominant",0.5,121,97,6,18,399,0.801652892561983,0.243107769423559,0.198347107438017
"Additive + Dominant",0.2,2,"dominant",0.8,58,54,1,3,399,0.931034482758621,0.135338345864662,0.0689655172413793
"Additive + Dominant",0.2,2,"dominant",0.9,44,43,0,1,399,0.977272727272727,0.107769423558897,0.0227272727272727
"Additive + Dominant",0.2,2,"dominant",0.95,36,36,0,0,399,1,0.0902255639097744,0
"Additive + Dominant",0.2,2,"dominant",0.99,21,21,0,0,399,1,0.0526315789473684,0
"Additive + Dominant",0.2,2,"dominant",1,0,0,0,0,399,NA,0,NA
"Additive + Dominant",0.2,3,"additive",0,1861026,1200,1200,1858626,1200,0.000644805607229561,1,0.99935519439277
"Additive + Dominant",0.2,3,"additive",0.1,2068,502,194,1372,1200,0.242746615087041,0.418333333333333,0.757253384912959
"Additive + Dominant",0.2,3,"additive",0.5,255,163,37,55,1200,0.63921568627451,0.135833333333333,0.36078431372549
"Additive + Dominant",0.2,3,"additive",0.8,80,64,3,13,1200,0.8,0.0533333333333333,0.2
"Additive + Dominant",0.2,3,"additive",0.9,46,38,0,8,1200,0.826086956521739,0.0316666666666667,0.173913043478261
"Additive + Dominant",0.2,3,"additive",0.95,34,29,0,5,1200,0.852941176470588,0.0241666666666667,0.147058823529412
"Additive + Dominant",0.2,3,"additive",0.99,14,13,0,1,1200,0.928571428571429,0.0108333333333333,0.0714285714285714
"Additive + Dominant",0.2,3,"additive",1,0,0,0,0,1200,NA,0,NA
"Additive + Dominant",0.2,3,"recessive",0,1533364,0,1960,1531404,0,0,NA,1
"Additive + Dominant",0.2,3,"recessive",0.1,57,0,5,52,0,0,NA,1
"Additive + Dominant",0.2,3,"recessive",0.5,0,0,0,0,0,NA,NA,NA
"Additive + Dominant",0.2,3,"recessive",0.8,0,0,0,0,0,NA,NA,NA
"Additive + Dominant",0.2,3,"recessive",0.9,0,0,0,0,0,NA,NA,NA
"Additive + Dominant",0.2,3,"recessive",0.95,0,0,0,0,0,NA,NA,NA
"Additive + Dominant",0.2,3,"recessive",0.99,0,0,0,0,0,NA,NA,NA
"Additive + Dominant",0.2,3,"recessive",1,0,0,0,0,0,NA,NA,NA
"Additive + Dominant",0.2,3,"dominant",0,1861026,1200,1200,1858626,1200,0.000644805607229561,1,0.99935519439277
"Additive + Dominant",0.2,3,"dominant",0.1,1883,535,170,1178,1200,0.284121083377589,0.445833333333333,0.715878916622411
"Additive + Dominant",0.2,3,"dominant",0.5,237,172,30,35,1200,0.725738396624473,0.143333333333333,0.274261603375527
"Additive + Dominant",0.2,3,"dominant",0.8,103,95,5,3,1200,0.922330097087379,0.0791666666666667,0.0776699029126214
"Additive + Dominant",0.2,3,"dominant",0.9,75,71,4,0,1200,0.946666666666667,0.0591666666666667,0.0533333333333333
"Additive + Dominant",0.2,3,"dominant",0.95,49,47,2,0,1200,0.959183673469388,0.0391666666666667,0.0408163265306122
"Additive + Dominant",0.2,3,"dominant",0.99,19,19,0,0,1200,1,0.0158333333333333,0
"Additive + Dominant",0.2,3,"dominant",1,0,0,0,0,1200,NA,0,NA
"Additive + Dominant",0.2,4,"additive",0,2791539,2400,2400,2786739,2400,0.000859740809639414,1,0.999140259190361
"Additive + Dominant",0.2,4,"additive",0.1,3191,752,310,2129,2400,0.235662801629583,0.313333333333333,0.764337198370417
"Additive + Dominant",0.2,4,"additive",0.5,341,208,35,98,2400,0.609970674486804,0.0866666666666667,0.390029325513196
"Additive + Dominant",0.2,4,"additive",0.8,111,92,3,16,2400,0.828828828828829,0.0383333333333333,0.171171171171171
"Additive + Dominant",0.2,4,"additive",0.9,64,57,1,6,2400,0.890625,0.02375,0.109375
"Additive + Dominant",0.2,4,"additive",0.95,49,45,0,4,2400,0.918367346938776,0.01875,0.0816326530612245
"Additive + Dominant",0.2,4,"additive",0.99,20,17,0,3,2400,0.85,0.00708333333333333,0.15
"Additive + Dominant",0.2,4,"additive",1,0,0,0,0,2400,NA,0,NA
"Additive + Dominant",0.2,4,"recessive",0,2300046,0,3909,2296137,0,0,NA,1
"Additive + Dominant",0.2,4,"recessive",0.1,113,0,5,108,0,0,NA,1
"Additive + Dominant",0.2,4,"recessive",0.5,6,0,0,6,0,0,NA,1
"Additive + Dominant",0.2,4,"recessive",0.8,2,0,0,2,0,0,NA,1
"Additive + Dominant",0.2,4,"recessive",0.9,0,0,0,0,0,NA,NA,NA
"Additive + Dominant",0.2,4,"recessive",0.95,0,0,0,0,0,NA,NA,NA
"Additive + Dominant",0.2,4,"recessive",0.99,0,0,0,0,0,NA,NA,NA
"Additive + Dominant",0.2,4,"recessive",1,0,0,0,0,0,NA,NA,NA
"Additive + Dominant",0.2,4,"dominant",0,2791539,2400,2400,2786739,2400,0.000859740809639414,1,0.999140259190361
"Additive + Dominant",0.2,4,"dominant",0.1,3042,776,262,2004,2400,0.255095332018409,0.323333333333333,0.744904667981591
"Additive + Dominant",0.2,4,"dominant",0.5,328,231,39,58,2400,0.704268292682927,0.09625,0.295731707317073
"Additive + Dominant",0.2,4,"dominant",0.8,144,123,9,12,2400,0.854166666666667,0.05125,0.145833333333333
"Additive + Dominant",0.2,4,"dominant",0.9,89,85,3,1,2400,0.955056179775281,0.0354166666666667,0.0449438202247191
"Additive + Dominant",0.2,4,"dominant",0.95,59,56,3,0,2400,0.949152542372881,0.0233333333333333,0.0508474576271186
"Additive + Dominant",0.2,4,"dominant",0.99,32,32,0,0,2400,1,0.0133333333333333,0
"Additive + Dominant",0.2,4,"dominant",1,0,0,0,0,2400,NA,0,NA
"Additive + Dominant",0.2,5,"additive",0,3722052,4000,4000,3714052,4000,0.00107467601204927,1,0.998925323987951
"Additive + Dominant",0.2,5,"additive",0.1,3980,902,369,2709,4000,0.226633165829146,0.2255,0.773366834170854
"Additive + Dominant",0.2,5,"additive",0.5,371,219,46,106,4000,0.590296495956873,0.05475,0.409703504043127
"Additive + Dominant",0.2,5,"additive",0.8,121,98,3,20,4000,0.809917355371901,0.0245,0.190082644628099
"Additive + Dominant",0.2,5,"additive",0.9,61,58,0,3,4000,0.950819672131147,0.0145,0.0491803278688525
"Additive + Dominant",0.2,5,"additive",0.95,44,41,0,3,4000,0.931818181818182,0.01025,0.0681818181818182
"Additive + Dominant",0.2,5,"additive",0.99,19,18,0,1,4000,0.947368421052632,0.0045,0.0526315789473684
"Additive + Dominant",0.2,5,"additive",1,0,0,0,0,4000,NA,0,NA
"Additive + Dominant",0.2,5,"recessive",0,3066728,0,6556,3060172,0,0,NA,1
"Additive + Dominant",0.2,5,"recessive",0.1,164,0,14,150,0,0,NA,1
"Additive + Dominant",0.2,5,"recessive",0.5,1,0,0,1,0,0,NA,1
"Additive + Dominant",0.2,5,"recessive",0.8,0,0,0,0,0,NA,NA,NA
"Additive + Dominant",0.2,5,"recessive",0.9,0,0,0,0,0,NA,NA,NA
"Additive + Dominant",0.2,5,"recessive",0.95,0,0,0,0,0,NA,NA,NA
"Additive + Dominant",0.2,5,"recessive",0.99,0,0,0,0,0,NA,NA,NA
"Additive + Dominant",0.2,5,"recessive",1,0,0,0,0,0,NA,NA,NA
"Additive + Dominant",0.2,5,"dominant",0,3722052,4000,4000,3714052,4000,0.00107467601204927,1,0.998925323987951
"Additive + Dominant",0.2,5,"dominant",0.1,3738,879,334,2525,4000,0.235152487961477,0.21975,0.764847512038523
"Additive + Dominant",0.2,5,"dominant",0.5,411,280,53,78,4000,0.681265206812652,0.07,0.318734793187348
"Additive + Dominant",0.2,5,"dominant",0.8,154,126,8,20,4000,0.818181818181818,0.0315,0.181818181818182
"Additive + Dominant",0.2,5,"dominant",0.9,84,73,0,11,4000,0.869047619047619,0.01825,0.130952380952381
"Additive + Dominant",0.2,5,"dominant",0.95,48,45,0,3,4000,0.9375,0.01125,0.0625
"Additive + Dominant",0.2,5,"dominant",0.99,16,16,0,0,4000,1,0.004,0
"Additive + Dominant",0.2,5,"dominant",1,0,0,0,0,4000,NA,0,NA
"Additive + Dominant",0.3,2,"additive",0,928421,399,399,927623,399,0.000429761929124826,1,0.999570238070875
"Additive + Dominant",0.3,2,"additive",0.1,829,258,53,518,399,0.311218335343788,0.646616541353383,0.688781664656212
"Additive + Dominant",0.3,2,"additive",0.5,159,120,6,33,399,0.754716981132076,0.300751879699248,0.245283018867925
"Additive + Dominant",0.3,2,"additive",0.8,86,79,1,6,399,0.918604651162791,0.197994987468672,0.0813953488372093
"Additive + Dominant",0.3,2,"additive",0.9,77,71,0,6,399,0.922077922077922,0.177944862155388,0.0779220779220779
"Additive + Dominant",0.3,2,"additive",0.95,60,57,0,3,399,0.95,0.142857142857143,0.05
"Additive + Dominant",0.3,2,"additive",0.99,38,36,0,2,399,0.947368421052632,0.0902255639097744,0.0526315789473684
"Additive + Dominant",0.3,2,"additive",1,0,0,0,0,399,NA,0,NA
"Additive + Dominant",0.3,2,"recessive",0,765050,0,648,764402,0,0,NA,1
"Additive + Dominant",0.3,2,"recessive",0.1,8,0,1,7,0,0,NA,1
"Additive + Dominant",0.3,2,"recessive",0.5,0,0,0,0,0,NA,NA,NA
"Additive + Dominant",0.3,2,"recessive",0.8,0,0,0,0,0,NA,NA,NA
"Additive + Dominant",0.3,2,"recessive",0.9,0,0,0,0,0,NA,NA,NA
"Additive + Dominant",0.3,2,"recessive",0.95,0,0,0,0,0,NA,NA,NA
"Additive + Dominant",0.3,2,"recessive",0.99,0,0,0,0,0,NA,NA,NA
"Additive + Dominant",0.3,2,"recessive",1,0,0,0,0,0,NA,NA,NA
"Additive + Dominant",0.3,2,"dominant",0,928421,399,399,927623,399,0.000429761929124826,1,0.999570238070875
"Additive + Dominant",0.3,2,"dominant",0.1,836,280,40,516,399,0.334928229665072,0.701754385964912,0.665071770334928
"Additive + Dominant",0.3,2,"dominant",0.5,167,142,8,17,399,0.850299401197605,0.355889724310777,0.149700598802395
"Additive + Dominant",0.3,2,"dominant",0.8,97,93,1,3,399,0.958762886597938,0.233082706766917,0.0412371134020619
"Additive + Dominant",0.3,2,"dominant",0.9,81,80,0,1,399,0.987654320987654,0.200501253132832,0.0123456790123457
"Additive + Dominant",0.3,2,"dominant",0.95,61,61,0,0,399,1,0.152882205513784,0
"Additive + Dominant",0.3,2,"dominant",0.99,43,43,0,0,399,1,0.107769423558897,0
"Additive + Dominant",0.3,2,"dominant",1,0,0,0,0,399,NA,0,NA
"Additive + Dominant",0.3,3,"additive",0,1861026,1200,1200,1858626,1200,0.000644805607229561,1,0.99935519439277
"Additive + Dominant",0.3,3,"additive",0.1,2417,672,181,1564,1200,0.278030616466694,0.56,0.721969383533306
"Additive + Dominant",0.3,3,"additive",0.5,363,260,38,65,1200,0.716253443526171,0.216666666666667,0.283746556473829
"Additive + Dominant",0.3,3,"additive",0.8,191,165,5,21,1200,0.863874345549738,0.1375,0.136125654450262
"Additive + Dominant",0.3,3,"additive",0.9,125,113,2,10,1200,0.904,0.0941666666666667,0.096
"Additive + Dominant",0.3,3,"additive",0.95,95,87,0,8,1200,0.91578947368421,0.0725,0.0842105263157895
"Additive + Dominant",0.3,3,"additive",0.99,55,49,0,6,1200,0.890909090909091,0.0408333333333333,0.109090909090909
"Additive + Dominant",0.3,3,"additive",1,0,0,0,0,1200,NA,0,NA
"Additive + Dominant",0.3,3,"recessive",0,1533364,0,1960,1531404,0,0,NA,1
"Additive + Dominant",0.3,3,"recessive",0.1,53,0,4,49,0,0,NA,1
"Additive + Dominant",0.3,3,"recessive",0.5,0,0,0,0,0,NA,NA,NA
"Additive + Dominant",0.3,3,"recessive",0.8,0,0,0,0,0,NA,NA,NA
"Additive + Dominant",0.3,3,"recessive",0.9,0,0,0,0,0,NA,NA,NA
"Additive + Dominant",0.3,3,"recessive",0.95,0,0,0,0,0,NA,NA,NA
"Additive + Dominant",0.3,3,"recessive",0.99,0,0,0,0,0,NA,NA,NA
"Additive + Dominant",0.3,3,"recessive",1,0,0,0,0,0,NA,NA,NA
"Additive + Dominant",0.3,3,"dominant",0,1861026,1200,1200,1858626,1200,0.000644805607229561,1,0.99935519439277
"Additive + Dominant",0.3,3,"dominant",0.1,2228,689,167,1372,1200,0.309245960502693,0.574166666666667,0.690754039497307
"Additive + Dominant",0.3,3,"dominant",0.5,360,277,35,48,1200,0.769444444444444,0.230833333333333,0.230555555555556
"Additive + Dominant",0.3,3,"dominant",0.8,199,186,11,2,1200,0.934673366834171,0.155,0.0653266331658292
"Additive + Dominant",0.3,3,"dominant",0.9,142,135,6,1,1200,0.950704225352113,0.1125,0.0492957746478873
"Additive + Dominant",0.3,3,"dominant",0.95,112,110,1,1,1200,0.982142857142857,0.0916666666666667,0.0178571428571429
"Additive + Dominant",0.3,3,"dominant",0.99,74,72,1,1,1200,0.972972972972973,0.06,0.027027027027027
"Additive + Dominant",0.3,3,"dominant",1,0,0,0,0,1200,NA,0,NA
"Additive + Dominant",0.3,4,"additive",0,2791539,2400,2400,2786739,2400,0.000859740809639414,1,0.999140259190361
"Additive + Dominant",0.3,4,"additive",0.1,4322,1153,349,2820,2400,0.266774641369736,0.480416666666667,0.733225358630264
"Additive + Dominant",0.3,4,"additive",0.5,598,400,52,146,2400,0.668896321070234,0.166666666666667,0.331103678929766
"Additive + Dominant",0.3,4,"additive",0.8,271,227,9,35,2400,0.837638376383764,0.0945833333333333,0.162361623616236
"Additive + Dominant",0.3,4,"additive",0.9,183,164,2,17,2400,0.896174863387978,0.0683333333333333,0.103825136612022
"Additive + Dominant",0.3,4,"additive",0.95,126,118,1,7,2400,0.936507936507937,0.0491666666666667,0.0634920634920635
"Additive + Dominant",0.3,4,"additive",0.99,68,63,0,5,2400,0.926470588235294,0.02625,0.0735294117647059
"Additive + Dominant",0.3,4,"additive",1,0,0,0,0,2400,NA,0,NA
"Additive + Dominant",0.3,4,"recessive",0,2300046,0,3909,2296137,0,0,NA,1
"Additive + Dominant",0.3,4,"recessive",0.1,85,0,3,82,0,0,NA,1
"Additive + Dominant",0.3,4,"recessive",0.5,11,0,0,11,0,0,NA,1
"Additive + Dominant",0.3,4,"recessive",0.8,2,0,0,2,0,0,NA,1
"Additive + Dominant",0.3,4,"recessive",0.9,2,0,0,2,0,0,NA,1
"Additive + Dominant",0.3,4,"recessive",0.95,2,0,0,2,0,0,NA,1
"Additive + Dominant",0.3,4,"recessive",0.99,0,0,0,0,0,NA,NA,NA
"Additive + Dominant",0.3,4,"recessive",1,0,0,0,0,0,NA,NA,NA
"Additive + Dominant",0.3,4,"dominant",0,2791539,2400,2400,2786739,2400,0.000859740809639414,1,0.999140259190361
"Additive + Dominant",0.3,4,"dominant",0.1,4174,1213,328,2633,2400,0.290608528988979,0.505416666666667,0.709391471011021
"Additive + Dominant",0.3,4,"dominant",0.5,626,474,55,97,2400,0.757188498402556,0.1975,0.242811501597444
"Additive + Dominant",0.3,4,"dominant",0.8,307,279,13,15,2400,0.908794788273616,0.11625,0.0912052117263844
"Additive + Dominant",0.3,4,"dominant",0.9,228,217,5,6,2400,0.951754385964912,0.0904166666666667,0.0482456140350877
"Additive + Dominant",0.3,4,"dominant",0.95,182,174,5,3,2400,0.956043956043956,0.0725,0.043956043956044
"Additive + Dominant",0.3,4,"dominant",0.99,101,101,0,0,2400,1,0.0420833333333333,0
"Additive + Dominant",0.3,4,"dominant",1,0,0,0,0,2400,NA,0,NA
"Additive + Dominant",0.3,5,"additive",0,3722052,4000,4000,3714052,4000,0.00107467601204927,1,0.998925323987951
"Additive + Dominant",0.3,5,"additive",0.1,6336,1559,545,4232,4000,0.246054292929293,0.38975,0.753945707070707
"Additive + Dominant",0.3,5,"additive",0.5,797,511,77,209,4000,0.641154328732748,0.12775,0.358845671267252
"Additive + Dominant",0.3,5,"additive",0.8,362,289,18,55,4000,0.798342541436464,0.07225,0.201657458563536
"Additive + Dominant",0.3,5,"additive",0.9,238,211,4,23,4000,0.886554621848739,0.05275,0.113445378151261
"Additive + Dominant",0.3,5,"additive",0.95,167,151,0,16,4000,0.904191616766467,0.03775,0.0958083832335329
"Additive + Dominant",0.3,5,"additive",0.99,66,64,0,2,4000,0.96969696969697,0.016,0.0303030303030303
"Additive + Dominant",0.3,5,"additive",1,0,0,0,0,4000,NA,0,NA
"Additive + Dominant",0.3,5,"recessive",0,3066728,0,6556,3060172,0,0,NA,1
"Additive + Dominant",0.3,5,"recessive",0.1,132,0,14,118,0,0,NA,1
"Additive + Dominant",0.3,5,"recessive",0.5,2,0,2,0,0,0,NA,1
"Additive + Dominant",0.3,5,"recessive",0.8,2,0,2,0,0,0,NA,1
"Additive + Dominant",0.3,5,"recessive",0.9,0,0,0,0,0,NA,NA,NA
"Additive + Dominant",0.3,5,"recessive",0.95,0,0,0,0,0,NA,NA,NA
"Additive + Dominant",0.3,5,"recessive",0.99,0,0,0,0,0,NA,NA,NA
"Additive + Dominant",0.3,5,"recessive",1,0,0,0,0,0,NA,NA,NA
"Additive + Dominant",0.3,5,"dominant",0,3722052,4000,4000,3714052,4000,0.00107467601204927,1,0.998925323987951
"Additive + Dominant",0.3,5,"dominant",0.1,6095,1646,500,3949,4000,0.27005742411813,0.4115,0.72994257588187
"Additive + Dominant",0.3,5,"dominant",0.5,812,636,64,112,4000,0.783251231527094,0.159,0.216748768472906
"Additive + Dominant",0.3,5,"dominant",0.8,415,378,13,24,4000,0.910843373493976,0.0945,0.0891566265060241
"Additive + Dominant",0.3,5,"dominant",0.9,276,262,0,14,4000,0.949275362318841,0.0655,0.0507246376811594
"Additive + Dominant",0.3,5,"dominant",0.95,213,202,0,11,4000,0.948356807511737,0.0505,0.0516431924882629
"Additive + Dominant",0.3,5,"dominant",0.99,100,100,0,0,4000,1,0.025,0
"Additive + Dominant",0.3,5,"dominant",1,0,0,0,0,4000,NA,0,NA
"Additive + Dominant",0.4,2,"additive",0,928421,399,399,927623,399,0.000429761929124826,1,0.999570238070875
"Additive + Dominant",0.4,2,"additive",0.1,826,277,35,514,399,0.335351089588378,0.694235588972431,0.664648910411622
"Additive + Dominant",0.4,2,"additive",0.5,185,146,6,33,399,0.789189189189189,0.365914786967419,0.210810810810811
"Additive + Dominant",0.4,2,"additive",0.8,106,101,0,5,399,0.952830188679245,0.2531328320802,0.0471698113207547
"Additive + Dominant",0.4,2,"additive",0.9,96,91,0,5,399,0.947916666666667,0.228070175438596,0.0520833333333333
"Additive + Dominant",0.4,2,"additive",0.95,88,83,0,5,399,0.943181818181818,0.208020050125313,0.0568181818181818
"Additive + Dominant",0.4,2,"additive",0.99,66,63,0,3,399,0.954545454545455,0.157894736842105,0.0454545454545455
"Additive + Dominant",0.4,2,"additive",1,0,0,0,0,399,NA,0,NA
"Additive + Dominant",0.4,2,"recessive",0,765050,0,648,764402,0,0,NA,1
"Additive + Dominant",0.4,2,"recessive",0.1,7,0,1,6,0,0,NA,1
"Additive + Dominant",0.4,2,"recessive",0.5,0,0,0,0,0,NA,NA,NA
"Additive + Dominant",0.4,2,"recessive",0.8,0,0,0,0,0,NA,NA,NA
"Additive + Dominant",0.4,2,"recessive",0.9,0,0,0,0,0,NA,NA,NA
"Additive + Dominant",0.4,2,"recessive",0.95,0,0,0,0,0,NA,NA,NA
"Additive + Dominant",0.4,2,"recessive",0.99,0,0,0,0,0,NA,NA,NA
"Additive + Dominant",0.4,2,"recessive",1,0,0,0,0,0,NA,NA,NA
"Additive + Dominant",0.4,2,"dominant",0,928421,399,399,927623,399,0.000429761929124826,1,0.999570238070875
"Additive + Dominant",0.4,2,"dominant",0.1,881,312,31,538,399,0.354143019296254,0.781954887218045,0.645856980703746
"Additive + Dominant",0.4,2,"dominant",0.5,186,162,9,15,399,0.870967741935484,0.406015037593985,0.129032258064516
"Additive + Dominant",0.4,2,"dominant",0.8,132,128,1,3,399,0.96969696969697,0.320802005012531,0.0303030303030303
"Additive + Dominant",0.4,2,"dominant",0.9,111,109,1,1,399,0.981981981981982,0.273182957393484,0.018018018018018
"Additive + Dominant",0.4,2,"dominant",0.95,90,90,0,0,399,1,0.225563909774436,0
"Additive + Dominant",0.4,2,"dominant",0.99,68,68,0,0,399,1,0.170426065162907,0
"Additive + Dominant",0.4,2,"dominant",1,1,1,0,0,399,1,0.0025062656641604,0
"Additive + Dominant",0.4,3,"additive",0,1861026,1200,1200,1858626,1200,0.000644805607229561,1,0.99935519439277
"Additive + Dominant",0.4,3,"additive",0.1,2436,777,144,1515,1200,0.318965517241379,0.6475,0.681034482758621
"Additive + Dominant",0.4,3,"additive",0.5,451,349,32,70,1200,0.773835920177384,0.290833333333333,0.226164079822616
"Additive + Dominant",0.4,3,"additive",0.8,272,240,8,24,1200,0.882352941176471,0.2,0.117647058823529
"Additive + Dominant",0.4,3,"additive",0.9,208,191,4,13,1200,0.918269230769231,0.159166666666667,0.0817307692307692
"Additive + Dominant",0.4,3,"additive",0.95,170,162,1,7,1200,0.952941176470588,0.135,0.0470588235294118
"Additive + Dominant",0.4,3,"additive",0.99,106,102,0,4,1200,0.962264150943396,0.085,0.0377358490566038
"Additive + Dominant",0.4,3,"additive",1,0,0,0,0,1200,NA,0,NA
"Additive + Dominant",0.4,3,"recessive",0,1533364,0,1960,1531404,0,0,NA,1
"Additive + Dominant",0.4,3,"recessive",0.1,65,0,6,59,0,0,NA,1
"Additive + Dominant",0.4,3,"recessive",0.5,1,0,0,1,0,0,NA,1
"Additive + Dominant",0.4,3,"recessive",0.8,0,0,0,0,0,NA,NA,NA
"Additive + Dominant",0.4,3,"recessive",0.9,0,0,0,0,0,NA,NA,NA
"Additive + Dominant",0.4,3,"recessive",0.95,0,0,0,0,0,NA,NA,NA
"Additive + Dominant",0.4,3,"recessive",0.99,0,0,0,0,0,NA,NA,NA
"Additive + Dominant",0.4,3,"recessive",1,0,0,0,0,0,NA,NA,NA
"Additive + Dominant",0.4,3,"dominant",0,1861026,1200,1200,1858626,1200,0.000644805607229561,1,0.99935519439277
"Additive + Dominant",0.4,3,"dominant",0.1,2292,785,140,1367,1200,0.342495636998255,0.654166666666667,0.657504363001745
"Additive + Dominant",0.4,3,"dominant",0.5,462,367,32,63,1200,0.794372294372294,0.305833333333333,0.205627705627706
"Additive + Dominant",0.4,3,"dominant",0.8,274,264,8,2,1200,0.963503649635037,0.22,0.0364963503649635
"Additive + Dominant",0.4,3,"dominant",0.9,227,222,4,1,1200,0.977973568281938,0.185,0.0220264317180617
"Additive + Dominant",0.4,3,"dominant",0.95,197,193,4,0,1200,0.979695431472081,0.160833333333333,0.0203045685279188
"Additive + Dominant",0.4,3,"dominant",0.99,138,137,1,0,1200,0.992753623188406,0.114166666666667,0.0072463768115942
"Additive + Dominant",0.4,3,"dominant",1,0,0,0,0,1200,NA,0,NA
"Additive + Dominant",0.4,4,"additive",0,2791539,2400,2400,2786739,2400,0.000859740809639414,1,0.999140259190361
"Additive + Dominant",0.4,4,"additive",0.1,4725,1356,309,3060,2400,0.286984126984127,0.565,0.713015873015873
"Additive + Dominant",0.4,4,"additive",0.5,800,573,55,172,2400,0.71625,0.23875,0.28375
"Additive + Dominant",0.4,4,"additive",0.8,443,385,8,50,2400,0.869074492099323,0.160416666666667,0.130925507900677
"Additive + Dominant",0.4,4,"additive",0.9,342,298,6,38,2400,0.871345029239766,0.124166666666667,0.128654970760234
"Additive + Dominant",0.4,4,"additive",0.95,272,243,3,26,2400,0.893382352941177,0.10125,0.106617647058824
"Additive + Dominant",0.4,4,"additive",0.99,160,148,1,11,2400,0.925,0.0616666666666667,0.075
"Additive + Dominant",0.4,4,"additive",1,0,0,0,0,2400,NA,0,NA
"Additive + Dominant",0.4,4,"recessive",0,2300046,0,3909,2296137,0,0,NA,1
"Additive + Dominant",0.4,4,"recessive",0.1,81,0,5,76,0,0,NA,1
"Additive + Dominant",0.4,4,"recessive",0.5,6,0,0,6,0,0,NA,1
"Additive + Dominant",0.4,4,"recessive",0.8,2,0,0,2,0,0,NA,1
"Additive + Dominant",0.4,4,"recessive",0.9,0,0,0,0,0,NA,NA,NA
"Additive + Dominant",0.4,4,"recessive",0.95,0,0,0,0,0,NA,NA,NA
"Additive + Dominant",0.4,4,"recessive",0.99,0,0,0,0,0,NA,NA,NA
"Additive + Dominant",0.4,4,"recessive",1,0,0,0,0,0,NA,NA,NA
"Additive + Dominant",0.4,4,"dominant",0,2791539,2400,2400,2786739,2400,0.000859740809639414,1,0.999140259190361
"Additive + Dominant",0.4,4,"dominant",0.1,4586,1461,298,2827,2400,0.318578281726995,0.60875,0.681421718273005
"Additive + Dominant",0.4,4,"dominant",0.5,837,665,67,105,2400,0.794504181600956,0.277083333333333,0.205495818399044
"Additive + Dominant",0.4,4,"dominant",0.8,472,436,14,22,2400,0.923728813559322,0.181666666666667,0.076271186440678
"Additive + Dominant",0.4,4,"dominant",0.9,370,351,10,9,2400,0.948648648648649,0.14625,0.0513513513513514
"Additive + Dominant",0.4,4,"dominant",0.95,302,290,6,6,2400,0.960264900662252,0.120833333333333,0.0397350993377483
"Additive + Dominant",0.4,4,"dominant",0.99,219,215,2,2,2400,0.981735159817352,0.0895833333333333,0.0182648401826484
"Additive + Dominant",0.4,4,"dominant",1,0,0,0,0,2400,NA,0,NA
"Additive + Dominant",0.4,5,"additive",0,3722052,4000,4000,3714052,4000,0.00107467601204927,1,0.998925323987951
"Additive + Dominant",0.4,5,"additive",0.1,7324,1995,495,4834,4000,0.272392135445112,0.49875,0.727607864554888
"Additive + Dominant",0.4,5,"additive",0.5,1129,817,70,242,4000,0.723649247121346,0.20425,0.276350752878654
"Additive + Dominant",0.4,5,"additive",0.8,613,513,24,76,4000,0.836867862969005,0.12825,0.163132137030995
"Additive + Dominant",0.4,5,"additive",0.9,430,385,3,42,4000,0.895348837209302,0.09625,0.104651162790698
"Additive + Dominant",0.4,5,"additive",0.95,336,310,0,26,4000,0.922619047619048,0.0775,0.0773809523809524
"Additive + Dominant",0.4,5,"additive",0.99,209,195,0,14,4000,0.933014354066986,0.04875,0.0669856459330144
"Additive + Dominant",0.4,5,"additive",1,0,0,0,0,4000,NA,0,NA
"Additive + Dominant",0.4,5,"recessive",0,3066728,0,6556,3060172,0,0,NA,1
"Additive + Dominant",0.4,5,"recessive",0.1,132,0,11,121,0,0,NA,1
"Additive + Dominant",0.4,5,"recessive",0.5,4,0,2,2,0,0,NA,1
"Additive + Dominant",0.4,5,"recessive",0.8,3,0,2,1,0,0,NA,1
"Additive + Dominant",0.4,5,"recessive",0.9,3,0,2,1,0,0,NA,1
"Additive + Dominant",0.4,5,"recessive",0.95,2,0,2,0,0,0,NA,1
"Additive + Dominant",0.4,5,"recessive",0.99,0,0,0,0,0,NA,NA,NA
"Additive + Dominant",0.4,5,"recessive",1,0,0,0,0,0,NA,NA,NA
"Additive + Dominant",0.4,5,"dominant",0,3722052,4000,4000,3714052,4000,0.00107467601204927,1,0.998925323987951
"Additive + Dominant",0.4,5,"dominant",0.1,7100,2124,496,4480,4000,0.299154929577465,0.531,0.700845070422535
"Additive + Dominant",0.4,5,"dominant",0.5,1210,987,73,150,4000,0.815702479338843,0.24675,0.184297520661157
"Additive + Dominant",0.4,5,"dominant",0.8,676,635,13,28,4000,0.939349112426035,0.15875,0.0606508875739645
"Additive + Dominant",0.4,5,"dominant",0.9,536,521,4,11,4000,0.972014925373134,0.13025,0.0279850746268657
"Additive + Dominant",0.4,5,"dominant",0.95,431,425,0,6,4000,0.986078886310905,0.10625,0.0139211136890951
"Additive + Dominant",0.4,5,"dominant",0.99,263,262,0,1,4000,0.996197718631179,0.0655,0.00380228136882129
"Additive + Dominant",0.4,5,"dominant",1,0,0,0,0,4000,NA,0,NA
"Additive + Recessive + Dominant",0.1,3,"additive",0,930513,400,800,929313,400,0.000429870404819707,1,0.99957012959518
"Additive + Recessive + Dominant",0.1,3,"additive",0.1,289,52,18,219,400,0.179930795847751,0.13,0.820069204152249
"Additive + Recessive + Dominant",0.1,3,"additive",0.5,18,11,3,4,400,0.611111111111111,0.0275,0.388888888888889
"Additive + Recessive + Dominant",0.1,3,"additive",0.8,8,6,1,1,400,0.75,0.015,0.25
"Additive + Recessive + Dominant",0.1,3,"additive",0.9,4,3,1,0,400,0.75,0.0075,0.25
"Additive + Recessive + Dominant",0.1,3,"additive",0.95,2,1,1,0,400,0.5,0.0025,0.5
"Additive + Recessive + Dominant",0.1,3,"additive",0.99,1,0,1,0,400,0,0,1
"Additive + Recessive + Dominant",0.1,3,"additive",1,0,0,0,0,400,NA,0,NA
"Additive + Recessive + Dominant",0.1,3,"recessive",0,766682,400,800,765482,400,0.000521728695860865,1,0.999478271304139
"Additive + Recessive + Dominant",0.1,3,"recessive",0.1,277,80,2,195,400,0.288808664259928,0.2,0.711191335740072
"Additive + Recessive + Dominant",0.1,3,"recessive",0.5,31,22,0,9,400,0.709677419354839,0.055,0.290322580645161
"Additive + Recessive + Dominant",0.1,3,"recessive",0.8,16,16,0,0,400,1,0.04,0
"Additive + Recessive + Dominant",0.1,3,"recessive",0.9,13,13,0,0,400,1,0.0325,0
"Additive + Recessive + Dominant",0.1,3,"recessive",0.95,11,11,0,0,400,1,0.0275,0
"Additive + Recessive + Dominant",0.1,3,"recessive",0.99,6,6,0,0,400,1,0.015,0
"Additive + Recessive + Dominant",0.1,3,"recessive",1,0,0,0,0,400,NA,0,NA
"Additive + Recessive + Dominant",0.1,3,"dominant",0,930513,400,800,929313,400,0.000429870404819707,1,0.99957012959518
"Additive + Recessive + Dominant",0.1,3,"dominant",0.1,234,40,20,174,400,0.170940170940171,0.1,0.829059829059829
"Additive + Recessive + Dominant",0.1,3,"dominant",0.5,16,13,0,3,400,0.8125,0.0325,0.1875
"Additive + Recessive + Dominant",0.1,3,"dominant",0.8,8,7,0,1,400,0.875,0.0175,0.125
"Additive + Recessive + Dominant",0.1,3,"dominant",0.9,3,3,0,0,400,1,0.0075,0
"Additive + Recessive + Dominant",0.1,3,"dominant",0.95,2,2,0,0,400,1,0.005,0
"Additive + Recessive + Dominant",0.1,3,"dominant",0.99,0,0,0,0,400,NA,0,NA
"Additive + Recessive + Dominant",0.1,3,"dominant",1,0,0,0,0,400,NA,0,NA
"Additive + Recessive + Dominant",0.1,4,"additive",0,2791539,1600,3200,2786739,1600,0.000573160539759609,1,0.99942683946024
"Additive + Recessive + Dominant",0.1,4,"additive",0.1,628,87,59,482,1600,0.138535031847134,0.054375,0.861464968152866
"Additive + Recessive + Dominant",0.1,4,"additive",0.5,31,13,9,9,1600,0.419354838709677,0.008125,0.580645161290323
"Additive + Recessive + Dominant",0.1,4,"additive",0.8,6,4,2,0,1600,0.666666666666667,0.0025,0.333333333333333
"Additive + Recessive + Dominant",0.1,4,"additive",0.9,3,3,0,0,1600,1,0.001875,0
"Additive + Recessive + Dominant",0.1,4,"additive",0.95,1,1,0,0,1600,1,0.000625,0
"Additive + Recessive + Dominant",0.1,4,"additive",0.99,0,0,0,0,1600,NA,0,NA
"Additive + Recessive + Dominant",0.1,4,"additive",1,0,0,0,0,1600,NA,0,NA
"Additive + Recessive + Dominant",0.1,4,"recessive",0,2300046,1600,3200,2295246,1600,0.000695638261147821,1,0.999304361738852
"Additive + Recessive + Dominant",0.1,4,"recessive",0.1,881,187,2,692,1600,0.212258796821793,0.116875,0.787741203178207
"Additive + Recessive + Dominant",0.1,4,"recessive",0.5,60,41,0,19,1600,0.683333333333333,0.025625,0.316666666666667
"Additive + Recessive + Dominant",0.1,4,"recessive",0.8,30,23,0,7,1600,0.766666666666667,0.014375,0.233333333333333
"Additive + Recessive + Dominant",0.1,4,"recessive",0.9,17,15,0,2,1600,0.882352941176471,0.009375,0.117647058823529
"Additive + Recessive + Dominant",0.1,4,"recessive",0.95,11,10,0,1,1600,0.909090909090909,0.00625,0.0909090909090909
"Additive + Recessive + Dominant",0.1,4,"recessive",0.99,6,6,0,0,1600,1,0.00375,0
"Additive + Recessive + Dominant",0.1,4,"recessive",1,0,0,0,0,1600,NA,0,NA
"Additive + Recessive + Dominant",0.1,4,"dominant",0,2791539,1600,3200,2786739,1600,0.000573160539759609,1,0.99942683946024
"Additive + Recessive + Dominant",0.1,4,"dominant",0.1,563,107,40,416,1600,0.190053285968028,0.066875,0.809946714031972
"Additive + Recessive + Dominant",0.1,4,"dominant",0.5,45,25,5,15,1600,0.555555555555556,0.015625,0.444444444444444
"Additive + Recessive + Dominant",0.1,4,"dominant",0.8,14,12,0,2,1600,0.857142857142857,0.0075,0.142857142857143
"Additive + Recessive + Dominant",0.1,4,"dominant",0.9,4,4,0,0,1600,1,0.0025,0
"Additive + Recessive + Dominant",0.1,4,"dominant",0.95,2,2,0,0,1600,1,0.00125,0
"Additive + Recessive + Dominant",0.1,4,"dominant",0.99,1,1,0,0,1600,1,0.000625,0
"Additive + Recessive + Dominant",0.1,4,"dominant",1,0,0,0,0,1600,NA,0,NA
"Additive + Recessive + Dominant",0.1,5,"additive",0,5583078,4000,8000,5571078,4000,0.000716450674699512,1,0.999283549325301
"Additive + Recessive + Dominant",0.1,5,"additive",0.1,1094,108,100,886,4000,0.0987202925045704,0.027,0.90127970749543
"Additive + Recessive + Dominant",0.1,5,"additive",0.5,63,19,11,33,4000,0.301587301587302,0.00475,0.698412698412698
"Additive + Recessive + Dominant",0.1,5,"additive",0.8,20,14,0,6,4000,0.7,0.0035,0.3
"Additive + Recessive + Dominant",0.1,5,"additive",0.9,11,9,0,2,4000,0.818181818181818,0.00225,0.181818181818182
"Additive + Recessive + Dominant",0.1,5,"additive",0.95,5,5,0,0,4000,1,0.00125,0
"Additive + Recessive + Dominant",0.1,5,"additive",0.99,0,0,0,0,4000,NA,0,NA
"Additive + Recessive + Dominant",0.1,5,"additive",1,0,0,0,0,4000,NA,0,NA
"Additive + Recessive + Dominant",0.1,5,"recessive",0,4600092,4000,8000,4588092,4000,0.000869547826434776,1,0.999130452173565
"Additive + Recessive + Dominant",0.1,5,"recessive",0.1,1045,230,9,806,4000,0.220095693779904,0.0575,0.779904306220096
"Additive + Recessive + Dominant",0.1,5,"recessive",0.5,87,63,1,23,4000,0.724137931034483,0.01575,0.275862068965517
"Additive + Recessive + Dominant",0.1,5,"recessive",0.8,52,41,0,11,4000,0.788461538461538,0.01025,0.211538461538462
"Additive + Recessive + Dominant",0.1,5,"recessive",0.9,42,35,0,7,4000,0.833333333333333,0.00875,0.166666666666667
"Additive + Recessive + Dominant",0.1,5,"recessive",0.95,29,25,0,4,4000,0.862068965517241,0.00625,0.137931034482759
"Additive + Recessive + Dominant",0.1,5,"recessive",0.99,11,11,0,0,4000,1,0.00275,0
"Additive + Recessive + Dominant",0.1,5,"recessive",1,0,0,0,0,4000,NA,0,NA
"Additive + Recessive + Dominant",0.1,5,"dominant",0,5583078,4000,8000,5571078,4000,0.000716450674699512,1,0.999283549325301
"Additive + Recessive + Dominant",0.1,5,"dominant",0.1,944,164,46,734,4000,0.173728813559322,0.041,0.826271186440678
"Additive + Recessive + Dominant",0.1,5,"dominant",0.5,63,24,4,35,4000,0.380952380952381,0.006,0.619047619047619
"Additive + Recessive + Dominant",0.1,5,"dominant",0.8,10,7,0,3,4000,0.7,0.00175,0.3
"Additive + Recessive + Dominant",0.1,5,"dominant",0.9,5,5,0,0,4000,1,0.00125,0
"Additive + Recessive + Dominant",0.1,5,"dominant",0.95,2,2,0,0,4000,1,5e-04,0
"Additive + Recessive + Dominant",0.1,5,"dominant",0.99,0,0,0,0,4000,NA,0,NA
"Additive + Recessive + Dominant",0.1,5,"dominant",1,0,0,0,0,4000,NA,0,NA
"Additive + Recessive + Dominant",0.2,3,"additive",0,930513,400,800,929313,400,0.000429870404819707,1,0.99957012959518
"Additive + Recessive + Dominant",0.2,3,"additive",0.1,704,176,44,484,400,0.25,0.44,0.75
"Additive + Recessive + Dominant",0.2,3,"additive",0.5,85,60,11,14,400,0.705882352941177,0.15,0.294117647058824
"Additive + Recessive + Dominant",0.2,3,"additive",0.8,44,35,5,4,400,0.795454545454545,0.0875,0.204545454545455
"Additive + Recessive + Dominant",0.2,3,"additive",0.9,29,25,4,0,400,0.862068965517241,0.0625,0.137931034482759
"Additive + Recessive + Dominant",0.2,3,"additive",0.95,21,18,3,0,400,0.857142857142857,0.045,0.142857142857143
"Additive + Recessive + Dominant",0.2,3,"additive",0.99,11,10,1,0,400,0.909090909090909,0.025,0.0909090909090909
"Additive + Recessive + Dominant",0.2,3,"additive",1,0,0,0,0,400,NA,0,NA
"Additive + Recessive + Dominant",0.2,3,"recessive",0,766682,400,800,765482,400,0.000521728695860865,1,0.999478271304139
"Additive + Recessive + Dominant",0.2,3,"recessive",0.1,710,208,4,498,400,0.292957746478873,0.52,0.707042253521127
"Additive + Recessive + Dominant",0.2,3,"recessive",0.5,119,101,0,18,400,0.848739495798319,0.2525,0.151260504201681
"Additive + Recessive + Dominant",0.2,3,"recessive",0.8,76,75,0,1,400,0.986842105263158,0.1875,0.0131578947368421
"Additive + Recessive + Dominant",0.2,3,"recessive",0.9,63,62,0,1,400,0.984126984126984,0.155,0.0158730158730159
"Additive + Recessive + Dominant",0.2,3,"recessive",0.95,53,53,0,0,400,1,0.1325,0
"Additive + Recessive + Dominant",0.2,3,"recessive",0.99,39,39,0,0,400,1,0.0975,0
"Additive + Recessive + Dominant",0.2,3,"recessive",1,0,0,0,0,400,NA,0,NA
"Additive + Recessive + Dominant",0.2,3,"dominant",0,930513,400,800,929313,400,0.000429870404819707,1,0.99957012959518
"Additive + Recessive + Dominant",0.2,3,"dominant",0.1,612,165,39,408,400,0.269607843137255,0.4125,0.730392156862745
"Additive + Recessive + Dominant",0.2,3,"dominant",0.5,83,66,5,12,400,0.795180722891566,0.165,0.204819277108434
"Additive + Recessive + Dominant",0.2,3,"dominant",0.8,45,42,2,1,400,0.933333333333333,0.105,0.0666666666666667
"Additive + Recessive + Dominant",0.2,3,"dominant",0.9,29,27,1,1,400,0.931034482758621,0.0675,0.0689655172413793
"Additive + Recessive + Dominant",0.2,3,"dominant",0.95,20,19,0,1,400,0.95,0.0475,0.05
"Additive + Recessive + Dominant",0.2,3,"dominant",0.99,11,10,0,1,400,0.909090909090909,0.025,0.0909090909090909
"Additive + Recessive + Dominant",0.2,3,"dominant",1,0,0,0,0,400,NA,0,NA
"Additive + Recessive + Dominant",0.2,4,"additive",0,2791539,1600,3200,2786739,1600,0.000573160539759609,1,0.99942683946024
"Additive + Recessive + Dominant",0.2,4,"additive",0.1,2173,479,179,1515,1600,0.220432581684307,0.299375,0.779567418315693
"Additive + Recessive + Dominant",0.2,4,"additive",0.5,195,130,22,43,1600,0.666666666666667,0.08125,0.333333333333333
"Additive + Recessive + Dominant",0.2,4,"additive",0.8,72,62,4,6,1600,0.861111111111111,0.03875,0.138888888888889
"Additive + Recessive + Dominant",0.2,4,"additive",0.9,52,46,1,5,1600,0.884615384615385,0.02875,0.115384615384615
"Additive + Recessive + Dominant",0.2,4,"additive",0.95,31,30,0,1,1600,0.967741935483871,0.01875,0.032258064516129
"Additive + Recessive + Dominant",0.2,4,"additive",0.99,15,15,0,0,1600,1,0.009375,0
"Additive + Recessive + Dominant",0.2,4,"additive",1,0,0,0,0,1600,NA,0,NA
"Additive + Recessive + Dominant",0.2,4,"recessive",0,2300046,1600,3200,2295246,1600,0.000695638261147821,1,0.999304361738852
"Additive + Recessive + Dominant",0.2,4,"recessive",0.1,2330,692,2,1636,1600,0.296995708154506,0.4325,0.703004291845494
"Additive + Recessive + Dominant",0.2,4,"recessive",0.5,316,265,0,51,1600,0.838607594936709,0.165625,0.161392405063291
"Additive + Recessive + Dominant",0.2,4,"recessive",0.8,190,184,0,6,1600,0.968421052631579,0.115,0.0315789473684211
"Additive + Recessive + Dominant",0.2,4,"recessive",0.9,147,144,0,3,1600,0.979591836734694,0.09,0.0204081632653061
"Additive + Recessive + Dominant",0.2,4,"recessive",0.95,128,126,0,2,1600,0.984375,0.07875,0.015625
"Additive + Recessive + Dominant",0.2,4,"recessive",0.99,83,83,0,0,1600,1,0.051875,0
"Additive + Recessive + Dominant",0.2,4,"recessive",1,0,0,0,0,1600,NA,0,NA
"Additive + Recessive + Dominant",0.2,4,"dominant",0,2791539,1600,3200,2786739,1600,0.000573160539759609,1,0.99942683946024
"Additive + Recessive + Dominant",0.2,4,"dominant",0.1,2089,496,142,1451,1600,0.23743417903303,0.31,0.76256582096697
"Additive + Recessive + Dominant",0.2,4,"dominant",0.5,202,141,20,41,1600,0.698019801980198,0.088125,0.301980198019802
"Additive + Recessive + Dominant",0.2,4,"dominant",0.8,97,88,3,6,1600,0.907216494845361,0.055,0.0927835051546392
"Additive + Recessive + Dominant",0.2,4,"dominant",0.9,70,68,2,0,1600,0.971428571428571,0.0425,0.0285714285714286
"Additive + Recessive + Dominant",0.2,4,"dominant",0.95,49,47,2,0,1600,0.959183673469388,0.029375,0.0408163265306122
"Additive + Recessive + Dominant",0.2,4,"dominant",0.99,17,17,0,0,1600,1,0.010625,0
"Additive + Recessive + Dominant",0.2,4,"dominant",1,0,0,0,0,1600,NA,0,NA
"Additive + Recessive + Dominant",0.2,5,"additive",0,5583078,4000,8000,5571078,4000,0.000716450674699512,1,0.999283549325301
"Additive + Recessive + Dominant",0.2,5,"additive",0.1,3886,746,344,2796,4000,0.19197117858981,0.1865,0.80802882141019
"Additive + Recessive + Dominant",0.2,5,"additive",0.5,347,205,53,89,4000,0.590778097982709,0.05125,0.409221902017291
"Additive + Recessive + Dominant",0.2,5,"additive",0.8,158,106,24,28,4000,0.670886075949367,0.0265,0.329113924050633
"Additive + Recessive + Dominant",0.2,5,"additive",0.9,85,68,5,12,4000,0.8,0.017,0.2
"Additive + Recessive + Dominant",0.2,5,"additive",0.95,48,40,3,5,4000,0.833333333333333,0.01,0.166666666666667
"Additive + Recessive + Dominant",0.2,5,"additive",0.99,15,14,0,1,4000,0.933333333333333,0.0035,0.0666666666666667
"Additive + Recessive + Dominant",0.2,5,"additive",1,0,0,0,0,4000,NA,0,NA
"Additive + Recessive + Dominant",0.2,5,"recessive",0,4600092,4000,8000,4588092,4000,0.000869547826434776,1,0.999130452173565
"Additive + Recessive + Dominant",0.2,5,"recessive",0.1,3879,1063,17,2799,4000,0.274039700953854,0.26575,0.725960299046146
"Additive + Recessive + Dominant",0.2,5,"recessive",0.5,467,374,4,89,4000,0.800856531049251,0.0935,0.199143468950749
"Additive + Recessive + Dominant",0.2,5,"recessive",0.8,288,270,3,15,4000,0.9375,0.0675,0.0625
"Additive + Recessive + Dominant",0.2,5,"recessive",0.9,229,220,1,8,4000,0.960698689956332,0.055,0.0393013100436681
"Additive + Recessive + Dominant",0.2,5,"recessive",0.95,196,189,1,6,4000,0.964285714285714,0.04725,0.0357142857142857
"Additive + Recessive + Dominant",0.2,5,"recessive",0.99,111,111,0,0,4000,1,0.02775,0
"Additive + Recessive + Dominant",0.2,5,"recessive",1,0,0,0,0,4000,NA,0,NA
"Additive + Recessive + Dominant",0.2,5,"dominant",0,5583078,4000,8000,5571078,4000,0.000716450674699512,1,0.999283549325301
"Additive + Recessive + Dominant",0.2,5,"dominant",0.1,3590,834,226,2530,4000,0.232311977715877,0.2085,0.767688022284123
"Additive + Recessive + Dominant",0.2,5,"dominant",0.5,394,279,20,95,4000,0.708121827411167,0.06975,0.291878172588832
"Additive + Recessive + Dominant",0.2,5,"dominant",0.8,179,163,1,15,4000,0.910614525139665,0.04075,0.0893854748603352
"Additive + Recessive + Dominant",0.2,5,"dominant",0.9,98,93,0,5,4000,0.948979591836735,0.02325,0.0510204081632653
"Additive + Recessive + Dominant",0.2,5,"dominant",0.95,62,62,0,0,4000,1,0.0155,0
"Additive + Recessive + Dominant",0.2,5,"dominant",0.99,23,23,0,0,4000,1,0.00575,0
"Additive + Recessive + Dominant",0.2,5,"dominant",1,0,0,0,0,4000,NA,0,NA
"Additive + Recessive + Dominant",0.3,3,"additive",0,930513,400,800,929313,400,0.000429870404819707,1,0.99957012959518
"Additive + Recessive + Dominant",0.3,3,"additive",0.1,807,227,34,546,400,0.281288723667906,0.5675,0.718711276332094
"Additive + Recessive + Dominant",0.3,3,"additive",0.5,121,93,9,19,400,0.768595041322314,0.2325,0.231404958677686
"Additive + Recessive + Dominant",0.3,3,"additive",0.8,73,65,4,4,400,0.89041095890411,0.1625,0.10958904109589
"Additive + Recessive + Dominant",0.3,3,"additive",0.9,54,50,2,2,400,0.925925925925926,0.125,0.0740740740740741
"Additive + Recessive + Dominant",0.3,3,"additive",0.95,46,43,2,1,400,0.934782608695652,0.1075,0.0652173913043478
"Additive + Recessive + Dominant",0.3,3,"additive",0.99,26,25,1,0,400,0.961538461538462,0.0625,0.0384615384615385
"Additive + Recessive + Dominant",0.3,3,"additive",1,0,0,0,0,400,NA,0,NA
"Additive + Recessive + Dominant",0.3,3,"recessive",0,766682,400,800,765482,400,0.000521728695860865,1,0.999478271304139
"Additive + Recessive + Dominant",0.3,3,"recessive",0.1,775,246,3,526,400,0.31741935483871,0.615,0.68258064516129
"Additive + Recessive + Dominant",0.3,3,"recessive",0.5,155,132,0,23,400,0.851612903225806,0.33,0.148387096774194
"Additive + Recessive + Dominant",0.3,3,"recessive",0.8,107,106,0,1,400,0.990654205607477,0.265,0.00934579439252336
"Additive + Recessive + Dominant",0.3,3,"recessive",0.9,96,96,0,0,400,1,0.24,0
"Additive + Recessive + Dominant",0.3,3,"recessive",0.95,92,92,0,0,400,1,0.23,0
"Additive + Recessive + Dominant",0.3,3,"recessive",0.99,76,76,0,0,400,1,0.19,0
"Additive + Recessive + Dominant",0.3,3,"recessive",1,5,5,0,0,400,1,0.0125,0
"Additive + Recessive + Dominant",0.3,3,"dominant",0,930513,400,800,929313,400,0.000429870404819707,1,0.99957012959518
"Additive + Recessive + Dominant",0.3,3,"dominant",0.1,751,223,26,502,400,0.29693741677763,0.5575,0.70306258322237
"Additive + Recessive + Dominant",0.3,3,"dominant",0.5,128,100,9,19,400,0.78125,0.25,0.21875
"Additive + Recessive + Dominant",0.3,3,"dominant",0.8,78,72,3,3,400,0.923076923076923,0.18,0.0769230769230769
"Additive + Recessive + Dominant",0.3,3,"dominant",0.9,61,59,1,1,400,0.967213114754098,0.1475,0.0327868852459016
"Additive + Recessive + Dominant",0.3,3,"dominant",0.95,50,48,1,1,400,0.96,0.12,0.04
"Additive + Recessive + Dominant",0.3,3,"dominant",0.99,28,27,1,0,400,0.964285714285714,0.0675,0.0357142857142857
"Additive + Recessive + Dominant",0.3,3,"dominant",1,0,0,0,0,400,NA,0,NA
"Additive + Recessive + Dominant",0.3,4,"additive",0,2791539,1600,3200,2786739,1600,0.000573160539759609,1,0.99942683946024
"Additive + Recessive + Dominant",0.3,4,"additive",0.1,2917,758,155,2004,1600,0.259856016455262,0.47375,0.740143983544738
"Additive + Recessive + Dominant",0.3,4,"additive",0.5,402,295,29,78,1600,0.733830845771144,0.184375,0.266169154228856
"Additive + Recessive + Dominant",0.3,4,"additive",0.8,195,172,6,17,1600,0.882051282051282,0.1075,0.117948717948718
"Additive + Recessive + Dominant",0.3,4,"additive",0.9,143,133,3,7,1600,0.93006993006993,0.083125,0.0699300699300699
"Additive + Recessive + Dominant",0.3,4,"additive",0.95,114,106,1,7,1600,0.929824561403509,0.06625,0.0701754385964912
"Additive + Recessive + Dominant",0.3,4,"additive",0.99,49,47,0,2,1600,0.959183673469388,0.029375,0.0408163265306122
"Additive + Recessive + Dominant",0.3,4,"additive",1,0,0,0,0,1600,NA,0,NA
"Additive + Recessive + Dominant",0.3,4,"recessive",0,2300046,1600,3200,2295246,1600,0.000695638261147821,1,0.999304361738852
"Additive + Recessive + Dominant",0.3,4,"recessive",0.1,2995,967,4,2024,1600,0.322871452420701,0.604375,0.677128547579299
"Additive + Recessive + Dominant",0.3,4,"recessive",0.5,500,441,1,58,1600,0.882,0.275625,0.118
"Additive + Recessive + Dominant",0.3,4,"recessive",0.8,362,357,0,5,1600,0.986187845303867,0.223125,0.0138121546961326
"Additive + Recessive + Dominant",0.3,4,"recessive",0.9,323,320,0,3,1600,0.990712074303406,0.2,0.00928792569659443
"Additive + Recessive + Dominant",0.3,4,"recessive",0.95,288,285,0,3,1600,0.989583333333333,0.178125,0.0104166666666667
"Additive + Recessive + Dominant",0.3,4,"recessive",0.99,219,218,0,1,1600,0.995433789954338,0.13625,0.0045662100456621
"Additive + Recessive + Dominant",0.3,4,"recessive",1,2,2,0,0,1600,1,0.00125,0
"Additive + Recessive + Dominant",0.3,4,"dominant",0,2791539,1600,3200,2786739,1600,0.000573160539759609,1,0.99942683946024
"Additive + Recessive + Dominant",0.3,4,"dominant",0.1,2946,782,166,1998,1600,0.265444670739986,0.48875,0.734555329260014
"Additive + Recessive + Dominant",0.3,4,"dominant",0.5,393,296,29,68,1600,0.753180661577608,0.185,0.246819338422392
"Additive + Recessive + Dominant",0.3,4,"dominant",0.8,186,174,5,7,1600,0.935483870967742,0.10875,0.0645161290322581
"Additive + Recessive + Dominant",0.3,4,"dominant",0.9,152,147,4,1,1600,0.967105263157895,0.091875,0.0328947368421053
"Additive + Recessive + Dominant",0.3,4,"dominant",0.95,127,125,2,0,1600,0.984251968503937,0.078125,0.015748031496063
"Additive + Recessive + Dominant",0.3,4,"dominant",0.99,79,78,1,0,1600,0.987341772151899,0.04875,0.0126582278481013
"Additive + Recessive + Dominant",0.3,4,"dominant",1,0,0,0,0,1600,NA,0,NA
"Additive + Recessive + Dominant",0.3,5,"additive",0,5583078,4000,8000,5571078,4000,0.000716450674699512,1,0.999283549325301
"Additive + Recessive + Dominant",0.3,5,"additive",0.1,6469,1510,424,4535,4000,0.233420930592054,0.3775,0.766579069407946
"Additive + Recessive + Dominant",0.3,5,"additive",0.5,852,560,96,196,4000,0.657276995305164,0.14,0.342723004694836
"Additive + Recessive + Dominant",0.3,5,"additive",0.8,421,331,22,68,4000,0.786223277909739,0.08275,0.213776722090261
"Additive + Recessive + Dominant",0.3,5,"additive",0.9,288,249,8,31,4000,0.864583333333333,0.06225,0.135416666666667
"Additive + Recessive + Dominant",0.3,5,"additive",0.95,212,189,3,20,4000,0.891509433962264,0.04725,0.108490566037736
"Additive + Recessive + Dominant",0.3,5,"additive",0.99,107,97,2,8,4000,0.906542056074766,0.02425,0.0934579439252336
"Additive + Recessive + Dominant",0.3,5,"additive",1,0,0,0,0,4000,NA,0,NA
"Additive + Recessive + Dominant",0.3,5,"recessive",0,4600092,4000,8000,4588092,4000,0.000869547826434776,1,0.999130452173565
"Additive + Recessive + Dominant",0.3,5,"recessive",0.1,6384,1956,15,4413,4000,0.306390977443609,0.489,0.693609022556391
"Additive + Recessive + Dominant",0.3,5,"recessive",0.5,986,837,6,143,4000,0.848884381338742,0.20925,0.151115618661258
"Additive + Recessive + Dominant",0.3,5,"recessive",0.8,636,614,1,21,4000,0.965408805031447,0.1535,0.0345911949685535
"Additive + Recessive + Dominant",0.3,5,"recessive",0.9,569,553,0,16,4000,0.971880492091388,0.13825,0.0281195079086116
"Additive + Recessive + Dominant",0.3,5,"recessive",0.95,490,488,0,2,4000,0.995918367346939,0.122,0.00408163265306122
"Additive + Recessive + Dominant",0.3,5,"recessive",0.99,384,384,0,0,4000,1,0.096,0
"Additive + Recessive + Dominant",0.3,5,"recessive",1,0,0,0,0,4000,NA,0,NA
"Additive + Recessive + Dominant",0.3,5,"dominant",0,5583078,4000,8000,5571078,4000,0.000716450674699512,1,0.999283549325301
"Additive + Recessive + Dominant",0.3,5,"dominant",0.1,5978,1562,386,4030,4000,0.261291401806624,0.3905,0.738708598193376
"Additive + Recessive + Dominant",0.3,5,"dominant",0.5,883,658,60,165,4000,0.745186862967157,0.1645,0.254813137032843
"Additive + Recessive + Dominant",0.3,5,"dominant",0.8,465,424,8,33,4000,0.911827956989247,0.106,0.0881720430107527
"Additive + Recessive + Dominant",0.3,5,"dominant",0.9,333,317,3,13,4000,0.951951951951952,0.07925,0.048048048048048
"Additive + Recessive + Dominant",0.3,5,"dominant",0.95,264,258,0,6,4000,0.977272727272727,0.0645,0.0227272727272727
"Additive + Recessive + Dominant",0.3,5,"dominant",0.99,147,145,0,2,4000,0.986394557823129,0.03625,0.0136054421768707
"Additive + Recessive + Dominant",0.3,5,"dominant",1,0,0,0,0,4000,NA,0,NA
"Additive + Recessive + Dominant",0.4,3,"additive",0,930513,400,800,929313,400,0.000429870404819707,1,0.99957012959518
"Additive + Recessive + Dominant",0.4,3,"additive",0.1,821,255,26,540,400,0.310596833130329,0.6375,0.689403166869671
"Additive + Recessive + Dominant",0.4,3,"additive",0.5,151,120,5,26,400,0.794701986754967,0.3,0.205298013245033
"Additive + Recessive + Dominant",0.4,3,"additive",0.8,98,90,2,6,400,0.918367346938776,0.225,0.0816326530612245
"Additive + Recessive + Dominant",0.4,3,"additive",0.9,85,80,2,3,400,0.941176470588235,0.2,0.0588235294117647
"Additive + Recessive + Dominant",0.4,3,"additive",0.95,78,73,2,3,400,0.935897435897436,0.1825,0.0641025641025641
"Additive + Recessive + Dominant",0.4,3,"additive",0.99,48,46,2,0,400,0.958333333333333,0.115,0.0416666666666667
"Additive + Recessive + Dominant",0.4,3,"additive",1,0,0,0,0,400,NA,0,NA
"Additive + Recessive + Dominant",0.4,3,"recessive",0,766682,400,800,765482,400,0.000521728695860865,1,0.999478271304139
"Additive + Recessive + Dominant",0.4,3,"recessive",0.1,829,269,4,556,400,0.324487334137515,0.6725,0.675512665862485
"Additive + Recessive + Dominant",0.4,3,"recessive",0.5,173,149,1,23,400,0.861271676300578,0.3725,0.138728323699422
"Additive + Recessive + Dominant",0.4,3,"recessive",0.8,129,126,0,3,400,0.976744186046512,0.315,0.0232558139534884
"Additive + Recessive + Dominant",0.4,3,"recessive",0.9,118,118,0,0,400,1,0.295,0
"Additive + Recessive + Dominant",0.4,3,"recessive",0.95,111,111,0,0,400,1,0.2775,0
"Additive + Recessive + Dominant",0.4,3,"recessive",0.99,96,96,0,0,400,1,0.24,0
"Additive + Recessive + Dominant",0.4,3,"recessive",1,10,10,0,0,400,1,0.025,0
"Additive + Recessive + Dominant",0.4,3,"dominant",0,930513,400,800,929313,400,0.000429870404819707,1,0.99957012959518
"Additive + Recessive + Dominant",0.4,3,"dominant",0.1,806,259,19,528,400,0.321339950372208,0.6475,0.678660049627792
"Additive + Recessive + Dominant",0.4,3,"dominant",0.5,153,128,5,20,400,0.836601307189543,0.32,0.163398692810458
"Additive + Recessive + Dominant",0.4,3,"dominant",0.8,103,98,2,3,400,0.951456310679612,0.245,0.0485436893203883
"Additive + Recessive + Dominant",0.4,3,"dominant",0.9,86,83,2,1,400,0.965116279069767,0.2075,0.0348837209302326
"Additive + Recessive + Dominant",0.4,3,"dominant",0.95,74,73,1,0,400,0.986486486486487,0.1825,0.0135135135135135
"Additive + Recessive + Dominant",0.4,3,"dominant",0.99,55,54,1,0,400,0.981818181818182,0.135,0.0181818181818182
"Additive + Recessive + Dominant",0.4,3,"dominant",1,0,0,0,0,400,NA,0,NA
"Additive + Recessive + Dominant",0.4,4,"additive",0,2791539,1600,3200,2786739,1600,0.000573160539759609,1,0.99942683946024
"Additive + Recessive + Dominant",0.4,4,"additive",0.1,3154,920,104,2130,1600,0.291693088142042,0.575,0.708306911857958
"Additive + Recessive + Dominant",0.4,4,"additive",0.5,539,408,25,106,1600,0.7569573283859,0.255,0.2430426716141
"Additive + Recessive + Dominant",0.4,4,"additive",0.8,307,278,3,26,1600,0.905537459283388,0.17375,0.0944625407166124
"Additive + Recessive + Dominant",0.4,4,"additive",0.9,246,225,3,18,1600,0.914634146341463,0.140625,0.0853658536585366
"Additive + Recessive + Dominant",0.4,4,"additive",0.95,206,195,2,9,1600,0.946601941747573,0.121875,0.0533980582524272
"Additive + Recessive + Dominant",0.4,4,"additive",0.99,140,130,2,8,1600,0.928571428571429,0.08125,0.0714285714285714
"Additive + Recessive + Dominant",0.4,4,"additive",1,0,0,0,0,1600,NA,0,NA
"Additive + Recessive + Dominant",0.4,4,"recessive",0,2300046,1600,3200,2295246,1600,0.000695638261147821,1,0.999304361738852
"Additive + Recessive + Dominant",0.4,4,"recessive",0.1,3126,1058,8,2060,1600,0.338451695457454,0.66125,0.661548304542546
"Additive + Recessive + Dominant",0.4,4,"recessive",0.5,583,524,2,57,1600,0.898799313893654,0.3275,0.101200686106346
"Additive + Recessive + Dominant",0.4,4,"recessive",0.8,451,446,1,4,1600,0.988913525498891,0.27875,0.0110864745011086
"Additive + Recessive + Dominant",0.4,4,"recessive",0.9,394,392,0,2,1600,0.99492385786802,0.245,0.0050761421319797
"Additive + Recessive + Dominant",0.4,4,"recessive",0.95,376,374,0,2,1600,0.99468085106383,0.23375,0.00531914893617021
"Additive + Recessive + Dominant",0.4,4,"recessive",0.99,309,308,0,1,1600,0.996763754045307,0.1925,0.00323624595469256
"Additive + Recessive + Dominant",0.4,4,"recessive",1,10,10,0,0,1600,1,0.00625,0
"Additive + Recessive + Dominant",0.4,4,"dominant",0,2791539,1600,3200,2786739,1600,0.000573160539759609,1,0.99942683946024
"Additive + Recessive + Dominant",0.4,4,"dominant",0.1,3095,913,109,2073,1600,0.294991922455573,0.570625,0.705008077544427
"Additive + Recessive + Dominant",0.4,4,"dominant",0.5,528,411,24,93,1600,0.778409090909091,0.256875,0.221590909090909
"Additive + Recessive + Dominant",0.4,4,"dominant",0.8,300,284,6,10,1600,0.946666666666667,0.1775,0.0533333333333333
"Additive + Recessive + Dominant",0.4,4,"dominant",0.9,234,228,5,1,1600,0.974358974358974,0.1425,0.0256410256410256
"Additive + Recessive + Dominant",0.4,4,"dominant",0.95,193,187,5,1,1600,0.968911917098446,0.116875,0.0310880829015544
"Additive + Recessive + Dominant",0.4,4,"dominant",0.99,149,148,1,0,1600,0.993288590604027,0.0925,0.00671140939597315
"Additive + Recessive + Dominant",0.4,4,"dominant",1,0,0,0,0,1600,NA,0,NA
"Additive + Recessive + Dominant",0.4,5,"additive",0,5583078,4000,8000,5571078,4000,0.000716450674699512,1,0.999283549325301
"Additive + Recessive + Dominant",0.4,5,"additive",0.1,7613,1993,355,5265,4000,0.261789045054512,0.49825,0.738210954945488
"Additive + Recessive + Dominant",0.4,5,"additive",0.5,1185,865,79,241,4000,0.729957805907173,0.21625,0.270042194092827
"Additive + Recessive + Dominant",0.4,5,"additive",0.8,692,571,25,96,4000,0.82514450867052,0.14275,0.17485549132948
"Additive + Recessive + Dominant",0.4,5,"additive",0.9,541,476,15,50,4000,0.879852125693161,0.119,0.120147874306839
"Additive + Recessive + Dominant",0.4,5,"additive",0.95,426,375,11,40,4000,0.880281690140845,0.09375,0.119718309859155
"Additive + Recessive + Dominant",0.4,5,"additive",0.99,268,241,4,23,4000,0.899253731343284,0.06025,0.100746268656716
"Additive + Recessive + Dominant",0.4,5,"additive",1,0,0,0,0,4000,NA,0,NA
"Additive + Recessive + Dominant",0.4,5,"recessive",0,4600092,4000,8000,4588092,4000,0.000869547826434776,1,0.999130452173565
"Additive + Recessive + Dominant",0.4,5,"recessive",0.1,7552,2387,19,5146,4000,0.316075211864407,0.59675,0.683924788135593
"Additive + Recessive + Dominant",0.4,5,"recessive",0.5,1289,1140,6,143,4000,0.884406516679597,0.285,0.115593483320403
"Additive + Recessive + Dominant",0.4,5,"recessive",0.8,923,898,4,21,4000,0.972914409534128,0.2245,0.0270855904658722
"Additive + Recessive + Dominant",0.4,5,"recessive",0.9,802,793,0,9,4000,0.988778054862843,0.19825,0.0112219451371571
"Additive + Recessive + Dominant",0.4,5,"recessive",0.95,738,736,0,2,4000,0.997289972899729,0.184,0.002710027100271
"Additive + Recessive + Dominant",0.4,5,"recessive",0.99,600,600,0,0,4000,1,0.15,0
"Additive + Recessive + Dominant",0.4,5,"recessive",1,10,10,0,0,4000,1,0.0025,0
"Additive + Recessive + Dominant",0.4,5,"dominant",0,5583078,4000,8000,5571078,4000,0.000716450674699512,1,0.999283549325301
"Additive + Recessive + Dominant",0.4,5,"dominant",0.1,6980,2015,300,4665,4000,0.288681948424069,0.50375,0.711318051575931
"Additive + Recessive + Dominant",0.4,5,"dominant",0.5,1248,986,77,185,4000,0.790064102564103,0.2465,0.209935897435897
"Additive + Recessive + Dominant",0.4,5,"dominant",0.8,712,650,22,40,4000,0.912921348314607,0.1625,0.0870786516853933
"Additive + Recessive + Dominant",0.4,5,"dominant",0.9,558,527,10,21,4000,0.944444444444444,0.13175,0.0555555555555556
"Additive + Recessive + Dominant",0.4,5,"dominant",0.95,466,461,0,5,4000,0.989270386266094,0.11525,0.0107296137339056
"Additive + Recessive + Dominant",0.4,5,"dominant",0.99,297,294,0,3,4000,0.98989898989899,0.0735,0.0101010101010101
"Additive + Recessive + Dominant",0.4,5,"dominant",1,0,0,0,0,4000,NA,0,NA
"Additive + Recessive",0.1,2,"additive",0,930513,400,400,929713,400,0.000429870404819707,1,0.99957012959518
"Additive + Recessive",0.1,2,"additive",0.1,433,128,3,302,400,0.295612009237875,0.32,0.704387990762125
"Additive + Recessive",0.1,2,"additive",0.5,40,32,0,8,400,0.8,0.08,0.2
"Additive + Recessive",0.1,2,"additive",0.8,17,15,0,2,400,0.882352941176471,0.0375,0.117647058823529
"Additive + Recessive",0.1,2,"additive",0.9,11,11,0,0,400,1,0.0275,0
"Additive + Recessive",0.1,2,"additive",0.95,5,5,0,0,400,1,0.0125,0
"Additive + Recessive",0.1,2,"additive",0.99,4,4,0,0,400,1,0.01,0
"Additive + Recessive",0.1,2,"additive",1,0,0,0,0,400,NA,0,NA
"Additive + Recessive",0.1,2,"recessive",0,766682,400,400,765882,400,0.000521728695860865,1,0.999478271304139
"Additive + Recessive",0.1,2,"recessive",0.1,546,161,1,384,400,0.294871794871795,0.4025,0.705128205128205
"Additive + Recessive",0.1,2,"recessive",0.5,74,61,0,13,400,0.824324324324324,0.1525,0.175675675675676
"Additive + Recessive",0.1,2,"recessive",0.8,39,37,0,2,400,0.948717948717949,0.0925,0.0512820512820513
"Additive + Recessive",0.1,2,"recessive",0.9,34,32,0,2,400,0.941176470588235,0.08,0.0588235294117647
"Additive + Recessive",0.1,2,"recessive",0.95,30,30,0,0,400,1,0.075,0
"Additive + Recessive",0.1,2,"recessive",0.99,18,18,0,0,400,1,0.045,0
"Additive + Recessive",0.1,2,"recessive",1,0,0,0,0,400,NA,0,NA
"Additive + Recessive",0.1,2,"dominant",0,930513,0,800,929713,0,0,NA,1
"Additive + Recessive",0.1,2,"dominant",0.1,116,0,35,81,0,0,NA,1
"Additive + Recessive",0.1,2,"dominant",0.5,5,0,3,2,0,0,NA,1
"Additive + Recessive",0.1,2,"dominant",0.8,2,0,1,1,0,0,NA,1
"Additive + Recessive",0.1,2,"dominant",0.9,0,0,0,0,0,NA,NA,NA
"Additive + Recessive",0.1,2,"dominant",0.95,0,0,0,0,0,NA,NA,NA
"Additive + Recessive",0.1,2,"dominant",0.99,0,0,0,0,0,NA,NA,NA
"Additive + Recessive",0.1,2,"dominant",1,0,0,0,0,0,NA,NA,NA
"Additive + Recessive",0.1,3,"additive",0,1861026,1200,1200,1858626,1200,0.000644805607229561,1,0.99935519439277
"Additive + Recessive",0.1,3,"additive",0.1,603,160,6,437,1200,0.265339966832504,0.133333333333333,0.734660033167496
"Additive + Recessive",0.1,3,"additive",0.5,41,34,2,5,1200,0.829268292682927,0.0283333333333333,0.170731707317073
"Additive + Recessive",0.1,3,"additive",0.8,21,16,1,4,1200,0.761904761904762,0.0133333333333333,0.238095238095238
"Additive + Recessive",0.1,3,"additive",0.9,13,11,1,1,1200,0.846153846153846,0.00916666666666667,0.153846153846154
"Additive + Recessive",0.1,3,"additive",0.95,7,6,1,0,1200,0.857142857142857,0.005,0.142857142857143
"Additive + Recessive",0.1,3,"additive",0.99,1,0,1,0,1200,0,0,1
"Additive + Recessive",0.1,3,"additive",1,0,0,0,0,1200,NA,0,NA
"Additive + Recessive",0.1,3,"recessive",0,1533364,1200,1200,1530964,1200,0.000782593043791298,1,0.999217406956209
"Additive + Recessive",0.1,3,"recessive",0.1,902,226,6,670,1200,0.250554323725055,0.188333333333333,0.749445676274945
"Additive + Recessive",0.1,3,"recessive",0.5,93,64,1,28,1200,0.688172043010753,0.0533333333333333,0.311827956989247
"Additive + Recessive",0.1,3,"recessive",0.8,49,44,0,5,1200,0.897959183673469,0.0366666666666667,0.102040816326531
"Additive + Recessive",0.1,3,"recessive",0.9,35,33,0,2,1200,0.942857142857143,0.0275,0.0571428571428571
"Additive + Recessive",0.1,3,"recessive",0.95,29,29,0,0,1200,1,0.0241666666666667,0
"Additive + Recessive",0.1,3,"recessive",0.99,15,15,0,0,1200,1,0.0125,0
"Additive + Recessive",0.1,3,"recessive",1,0,0,0,0,1200,NA,0,NA
"Additive + Recessive",0.1,3,"dominant",0,1861026,0,2400,1858626,0,0,NA,1
"Additive + Recessive",0.1,3,"dominant",0.1,240,0,65,175,0,0,NA,1
"Additive + Recessive",0.1,3,"dominant",0.5,6,0,4,2,0,0,NA,1
"Additive + Recessive",0.1,3,"dominant",0.8,0,0,0,0,0,NA,NA,NA
"Additive + Recessive",0.1,3,"dominant",0.9,0,0,0,0,0,NA,NA,NA
"Additive + Recessive",0.1,3,"dominant",0.95,0,0,0,0,0,NA,NA,NA
"Additive + Recessive",0.1,3,"dominant",0.99,0,0,0,0,0,NA,NA,NA
"Additive + Recessive",0.1,3,"dominant",1,0,0,0,0,0,NA,NA,NA
"Additive + Recessive",0.1,4,"additive",0,2791539,2400,2400,2786739,2400,0.000859740809639414,1,0.999140259190361
"Additive + Recessive",0.1,4,"additive",0.1,642,148,10,484,2400,0.230529595015576,0.0616666666666667,0.769470404984424
"Additive + Recessive",0.1,4,"additive",0.5,34,25,2,7,2400,0.735294117647059,0.0104166666666667,0.264705882352941
"Additive + Recessive",0.1,4,"additive",0.8,10,10,0,0,2400,1,0.00416666666666667,0
"Additive + Recessive",0.1,4,"additive",0.9,7,7,0,0,2400,1,0.00291666666666667,0
"Additive + Recessive",0.1,4,"additive",0.95,2,2,0,0,2400,1,0.000833333333333333,0
"Additive + Recessive",0.1,4,"additive",0.99,0,0,0,0,2400,NA,0,NA
"Additive + Recessive",0.1,4,"additive",1,0,0,0,0,2400,NA,0,NA
"Additive + Recessive",0.1,4,"recessive",0,2300046,2400,2400,2295246,2400,0.00104345739172173,1,0.998956542608278
"Additive + Recessive",0.1,4,"recessive",0.1,1238,268,8,962,2400,0.216478190630048,0.111666666666667,0.783521809369952
"Additive + Recessive",0.1,4,"recessive",0.5,97,79,0,18,2400,0.814432989690722,0.0329166666666667,0.185567010309278
"Additive + Recessive",0.1,4,"recessive",0.8,37,32,0,5,2400,0.864864864864865,0.0133333333333333,0.135135135135135
"Additive + Recessive",0.1,4,"recessive",0.9,23,20,0,3,2400,0.869565217391304,0.00833333333333333,0.130434782608696
"Additive + Recessive",0.1,4,"recessive",0.95,12,12,0,0,2400,1,0.005,0
"Additive + Recessive",0.1,4,"recessive",0.99,7,7,0,0,2400,1,0.00291666666666667,0
"Additive + Recessive",0.1,4,"recessive",1,0,0,0,0,2400,NA,0,NA
"Additive + Recessive",0.1,4,"dominant",0,2791539,0,4800,2786739,0,0,NA,1
"Additive + Recessive",0.1,4,"dominant",0.1,274,0,61,213,0,0,NA,1
"Additive + Recessive",0.1,4,"dominant",0.5,12,0,9,3,0,0,NA,1
"Additive + Recessive",0.1,4,"dominant",0.8,1,0,1,0,0,0,NA,1
"Additive + Recessive",0.1,4,"dominant",0.9,0,0,0,0,0,NA,NA,NA
"Additive + Recessive",0.1,4,"dominant",0.95,0,0,0,0,0,NA,NA,NA
"Additive + Recessive",0.1,4,"dominant",0.99,0,0,0,0,0,NA,NA,NA
"Additive + Recessive",0.1,4,"dominant",1,0,0,0,0,0,NA,NA,NA
"Additive + Recessive",0.1,5,"additive",0,3722052,4000,4000,3714052,4000,0.00107467601204927,1,0.998925323987951
"Additive + Recessive",0.1,5,"additive",0.1,751,120,19,612,4000,0.159786950732357,0.03,0.840213049267643
"Additive + Recessive",0.1,5,"additive",0.5,46,24,3,19,4000,0.521739130434783,0.006,0.478260869565217
"Additive + Recessive",0.1,5,"additive",0.8,14,7,2,5,4000,0.5,0.00175,0.5
"Additive + Recessive",0.1,5,"additive",0.9,7,6,0,1,4000,0.857142857142857,0.0015,0.142857142857143
"Additive + Recessive",0.1,5,"additive",0.95,0,0,0,0,4000,NA,0,NA
"Additive + Recessive",0.1,5,"additive",0.99,0,0,0,0,4000,NA,0,NA
"Additive + Recessive",0.1,5,"additive",1,0,0,0,0,4000,NA,0,NA
"Additive + Recessive",0.1,5,"recessive",0,3066728,4000,4000,3058728,4000,0.00130432173965216,1,0.998695678260348
"Additive + Recessive",0.1,5,"recessive",0.1,1014,231,4,779,4000,0.227810650887574,0.05775,0.772189349112426
"Additive + Recessive",0.1,5,"recessive",0.5,72,48,0,24,4000,0.666666666666667,0.012,0.333333333333333
"Additive + Recessive",0.1,5,"recessive",0.8,34,26,0,8,4000,0.764705882352941,0.0065,0.235294117647059
"Additive + Recessive",0.1,5,"recessive",0.9,25,20,0,5,4000,0.8,0.005,0.2
"Additive + Recessive",0.1,5,"recessive",0.95,19,14,0,5,4000,0.736842105263158,0.0035,0.263157894736842
"Additive + Recessive",0.1,5,"recessive",0.99,8,8,0,0,4000,1,0.002,0
"Additive + Recessive",0.1,5,"recessive",1,0,0,0,0,4000,NA,0,NA
"Additive + Recessive",0.1,5,"dominant",0,3722052,0,8000,3714052,0,0,NA,1
"Additive + Recessive",0.1,5,"dominant",0.1,278,0,39,239,0,0,NA,1
"Additive + Recessive",0.1,5,"dominant",0.5,14,0,3,11,0,0,NA,1
"Additive + Recessive",0.1,5,"dominant",0.8,5,0,1,4,0,0,NA,1
"Additive + Recessive",0.1,5,"dominant",0.9,4,0,0,4,0,0,NA,1
"Additive + Recessive",0.1,5,"dominant",0.95,3,0,0,3,0,0,NA,1
"Additive + Recessive",0.1,5,"dominant",0.99,0,0,0,0,0,NA,NA,NA
"Additive + Recessive",0.1,5,"dominant",1,0,0,0,0,0,NA,NA,NA
"Additive + Recessive",0.2,2,"additive",0,930513,400,400,929713,400,0.000429870404819707,1,0.99957012959518
"Additive + Recessive",0.2,2,"additive",0.1,749,223,2,524,400,0.297730307076101,0.5575,0.702269692923899
"Additive + Recessive",0.2,2,"additive",0.5,99,82,0,17,400,0.828282828282828,0.205,0.171717171717172
"Additive + Recessive",0.2,2,"additive",0.8,58,54,0,4,400,0.931034482758621,0.135,0.0689655172413793
"Additive + Recessive",0.2,2,"additive",0.9,45,44,0,1,400,0.977777777777778,0.11,0.0222222222222222
"Additive + Recessive",0.2,2,"additive",0.95,33,33,0,0,400,1,0.0825,0
"Additive + Recessive",0.2,2,"additive",0.99,23,23,0,0,400,1,0.0575,0
"Additive + Recessive",0.2,2,"additive",1,0,0,0,0,400,NA,0,NA
"Additive + Recessive",0.2,2,"recessive",0,766682,400,400,765882,400,0.000521728695860865,1,0.999478271304139
"Additive + Recessive",0.2,2,"recessive",0.1,783,250,0,533,400,0.319284802043423,0.625,0.680715197956577
"Additive + Recessive",0.2,2,"recessive",0.5,137,124,0,13,400,0.905109489051095,0.31,0.0948905109489051
"Additive + Recessive",0.2,2,"recessive",0.8,101,97,0,4,400,0.96039603960396,0.2425,0.0396039603960396
"Additive + Recessive",0.2,2,"recessive",0.9,88,86,0,2,400,0.977272727272727,0.215,0.0227272727272727
"Additive + Recessive",0.2,2,"recessive",0.95,75,74,0,1,400,0.986666666666667,0.185,0.0133333333333333
"Additive + Recessive",0.2,2,"recessive",0.99,64,64,0,0,400,1,0.16,0
"Additive + Recessive",0.2,2,"recessive",1,1,1,0,0,400,1,0.0025,0
"Additive + Recessive",0.2,2,"dominant",0,930513,0,800,929713,0,0,NA,1
"Additive + Recessive",0.2,2,"dominant",0.1,84,0,31,53,0,0,NA,1
"Additive + Recessive",0.2,2,"dominant",0.5,8,0,6,2,0,0,NA,1
"Additive + Recessive",0.2,2,"dominant",0.8,3,0,2,1,0,0,NA,1
"Additive + Recessive",0.2,2,"dominant",0.9,0,0,0,0,0,NA,NA,NA
"Additive + Recessive",0.2,2,"dominant",0.95,0,0,0,0,0,NA,NA,NA
"Additive + Recessive",0.2,2,"dominant",0.99,0,0,0,0,0,NA,NA,NA
"Additive + Recessive",0.2,2,"dominant",1,0,0,0,0,0,NA,NA,NA
"Additive + Recessive",0.2,3,"additive",0,1859617,1200,1200,1857217,1200,0.00064529416541148,1,0.999354705834589
"Additive + Recessive",0.2,3,"additive",0.1,1697,515,4,1178,1200,0.303476723629935,0.429166666666667,0.696523276370065
"Additive + Recessive",0.2,3,"additive",0.5,223,183,3,37,1200,0.820627802690583,0.1525,0.179372197309417
"Additive + Recessive",0.2,3,"additive",0.8,119,108,1,10,1200,0.907563025210084,0.09,0.092436974789916
"Additive + Recessive",0.2,3,"additive",0.9,77,74,1,2,1200,0.961038961038961,0.0616666666666667,0.038961038961039
"Additive + Recessive",0.2,3,"additive",0.95,61,59,1,1,1200,0.967213114754098,0.0491666666666667,0.0327868852459016
"Additive + Recessive",0.2,3,"additive",0.99,32,32,0,0,1200,1,0.0266666666666667,0
"Additive + Recessive",0.2,3,"additive",1,0,0,0,0,1200,NA,0,NA
"Additive + Recessive",0.2,3,"recessive",0,1532451,1200,1200,1530051,1200,0.000783059295207481,1,0.999216940704793
"Additive + Recessive",0.2,3,"recessive",0.1,2155,635,10,1510,1200,0.294663573085847,0.529166666666667,0.705336426914153
"Additive + Recessive",0.2,3,"recessive",0.5,322,270,1,51,1200,0.838509316770186,0.225,0.161490683229814
"Additive + Recessive",0.2,3,"recessive",0.8,209,200,1,8,1200,0.956937799043062,0.166666666666667,0.0430622009569378
"Additive + Recessive",0.2,3,"recessive",0.9,171,167,0,4,1200,0.976608187134503,0.139166666666667,0.0233918128654971
"Additive + Recessive",0.2,3,"recessive",0.95,155,154,0,1,1200,0.993548387096774,0.128333333333333,0.00645161290322581
"Additive + Recessive",0.2,3,"recessive",0.99,118,118,0,0,1200,1,0.0983333333333333,0
"Additive + Recessive",0.2,3,"recessive",1,0,0,0,0,1200,NA,0,NA
"Additive + Recessive",0.2,3,"dominant",0,1859617,0,2400,1857217,0,0,NA,1
"Additive + Recessive",0.2,3,"dominant",0.1,304,0,114,190,0,0,NA,1
"Additive + Recessive",0.2,3,"dominant",0.5,12,0,10,2,0,0,NA,1
"Additive + Recessive",0.2,3,"dominant",0.8,7,0,5,2,0,0,NA,1
"Additive + Recessive",0.2,3,"dominant",0.9,5,0,4,1,0,0,NA,1
"Additive + Recessive",0.2,3,"dominant",0.95,2,0,2,0,0,0,NA,1
"Additive + Recessive",0.2,3,"dominant",0.99,0,0,0,0,0,NA,NA,NA
"Additive + Recessive",0.2,3,"dominant",1,0,0,0,0,0,NA,NA,NA
"Additive + Recessive",0.2,4,"additive",0,2791539,2400,2400,2786739,2400,0.000859740809639414,1,0.999140259190361
"Additive + Recessive",0.2,4,"additive",0.1,2539,741,18,1780,2400,0.291847183930681,0.30875,0.708152816069319
"Additive + Recessive",0.2,4,"additive",0.5,261,209,2,50,2400,0.800766283524904,0.0870833333333333,0.199233716475096
"Additive + Recessive",0.2,4,"additive",0.8,120,109,0,11,2400,0.908333333333333,0.0454166666666667,0.0916666666666667
"Additive + Recessive",0.2,4,"additive",0.9,76,69,0,7,2400,0.907894736842105,0.02875,0.0921052631578947
"Additive + Recessive",0.2,4,"additive",0.95,49,45,0,4,2400,0.918367346938776,0.01875,0.0816326530612245
"Additive + Recessive",0.2,4,"additive",0.99,22,22,0,0,2400,1,0.00916666666666667,0
"Additive + Recessive",0.2,4,"additive",1,0,0,0,0,2400,NA,0,NA
"Additive + Recessive",0.2,4,"recessive",0,2300046,2400,2400,2295246,2400,0.00104345739172173,1,0.998956542608278
"Additive + Recessive",0.2,4,"recessive",0.1,3476,999,12,2465,2400,0.287399309551208,0.41625,0.712600690448792
"Additive + Recessive",0.2,4,"recessive",0.5,432,370,0,62,2400,0.856481481481482,0.154166666666667,0.143518518518519
"Additive + Recessive",0.2,4,"recessive",0.8,276,269,0,7,2400,0.97463768115942,0.112083333333333,0.0253623188405797
"Additive + Recessive",0.2,4,"recessive",0.9,237,231,0,6,2400,0.974683544303797,0.09625,0.0253164556962025
"Additive + Recessive",0.2,4,"recessive",0.95,200,196,0,4,2400,0.98,0.0816666666666667,0.02
"Additive + Recessive",0.2,4,"recessive",0.99,118,118,0,0,2400,1,0.0491666666666667,0
"Additive + Recessive",0.2,4,"recessive",1,0,0,0,0,2400,NA,0,NA
"Additive + Recessive",0.2,4,"dominant",0,2791539,0,4800,2786739,0,0,NA,1
"Additive + Recessive",0.2,4,"dominant",0.1,615,0,220,395,0,0,NA,1
"Additive + Recessive",0.2,4,"dominant",0.5,49,0,37,12,0,0,NA,1
"Additive + Recessive",0.2,4,"dominant",0.8,9,0,9,0,0,0,NA,1
"Additive + Recessive",0.2,4,"dominant",0.9,3,0,3,0,0,0,NA,1
"Additive + Recessive",0.2,4,"dominant",0.95,2,0,2,0,0,0,NA,1
"Additive + Recessive",0.2,4,"dominant",0.99,0,0,0,0,0,NA,NA,NA
"Additive + Recessive",0.2,4,"dominant",1,0,0,0,0,0,NA,NA,NA
"Additive + Recessive",0.2,5,"additive",0,3722052,4000,4000,3714052,4000,0.00107467601204927,1,0.998925323987951
"Additive + Recessive",0.2,5,"additive",0.1,2930,755,32,2143,4000,0.257679180887372,0.18875,0.742320819112628
"Additive + Recessive",0.2,5,"additive",0.5,296,216,4,76,4000,0.72972972972973,0.054,0.27027027027027
"Additive + Recessive",0.2,5,"additive",0.8,131,108,1,22,4000,0.824427480916031,0.027,0.175572519083969
"Additive + Recessive",0.2,5,"additive",0.9,78,70,0,8,4000,0.897435897435897,0.0175,0.102564102564103
"Additive + Recessive",0.2,5,"additive",0.95,51,49,0,2,4000,0.96078431372549,0.01225,0.0392156862745098
"Additive + Recessive",0.2,5,"additive",0.99,16,15,0,1,4000,0.9375,0.00375,0.0625
"Additive + Recessive",0.2,5,"additive",1,0,0,0,0,4000,NA,0,NA
"Additive + Recessive",0.2,5,"recessive",0,3066728,4000,4000,3058728,4000,0.00130432173965216,1,0.998695678260348
"Additive + Recessive",0.2,5,"recessive",0.1,3921,1118,22,2781,4000,0.285131344044886,0.2795,0.714868655955114
"Additive + Recessive",0.2,5,"recessive",0.5,471,367,6,98,4000,0.779193205944798,0.09175,0.220806794055202
"Additive + Recessive",0.2,5,"recessive",0.8,274,253,1,20,4000,0.923357664233577,0.06325,0.0766423357664234
"Additive + Recessive",0.2,5,"recessive",0.9,203,194,1,8,4000,0.955665024630542,0.0485,0.0443349753694581
"Additive + Recessive",0.2,5,"recessive",0.95,170,165,0,5,4000,0.970588235294118,0.04125,0.0294117647058824
"Additive + Recessive",0.2,5,"recessive",0.99,89,88,0,1,4000,0.98876404494382,0.022,0.0112359550561798
"Additive + Recessive",0.2,5,"recessive",1,0,0,0,0,4000,NA,0,NA
"Additive + Recessive",0.2,5,"dominant",0,3722052,0,8000,3714052,0,0,NA,1
"Additive + Recessive",0.2,5,"dominant",0.1,764,0,223,541,0,0,NA,1
"Additive + Recessive",0.2,5,"dominant",0.5,49,0,25,24,0,0,NA,1
"Additive + Recessive",0.2,5,"dominant",0.8,6,0,4,2,0,0,NA,1
"Additive + Recessive",0.2,5,"dominant",0.9,1,0,0,1,0,0,NA,1
"Additive + Recessive",0.2,5,"dominant",0.95,1,0,0,1,0,0,NA,1
"Additive + Recessive",0.2,5,"dominant",0.99,1,0,0,1,0,0,NA,1
"Additive + Recessive",0.2,5,"dominant",1,0,0,0,0,0,NA,NA,NA
"Additive + Recessive",0.3,2,"additive",0,930513,400,400,929713,400,0.000429870404819707,1,0.99957012959518
"Additive + Recessive",0.3,2,"additive",0.1,815,257,0,558,400,0.315337423312883,0.6425,0.684662576687117
"Additive + Recessive",0.3,2,"additive",0.5,140,119,0,21,400,0.85,0.2975,0.15
"Additive + Recessive",0.3,2,"additive",0.8,87,83,0,4,400,0.954022988505747,0.2075,0.0459770114942529
"Additive + Recessive",0.3,2,"additive",0.9,78,75,0,3,400,0.961538461538462,0.1875,0.0384615384615385
"Additive + Recessive",0.3,2,"additive",0.95,65,64,0,1,400,0.984615384615385,0.16,0.0153846153846154
"Additive + Recessive",0.3,2,"additive",0.99,43,42,0,1,400,0.976744186046512,0.105,0.0232558139534884
"Additive + Recessive",0.3,2,"additive",1,0,0,0,0,400,NA,0,NA
"Additive + Recessive",0.3,2,"recessive",0,766682,400,400,765882,400,0.000521728695860865,1,0.999478271304139
"Additive + Recessive",0.3,2,"recessive",0.1,851,281,2,568,400,0.330199764982374,0.7025,0.669800235017626
"Additive + Recessive",0.3,2,"recessive",0.5,161,148,1,12,400,0.919254658385093,0.37,0.0807453416149068
"Additive + Recessive",0.3,2,"recessive",0.8,126,123,1,2,400,0.976190476190476,0.3075,0.0238095238095238
"Additive + Recessive",0.3,2,"recessive",0.9,114,112,1,1,400,0.982456140350877,0.28,0.0175438596491228
"Additive + Recessive",0.3,2,"recessive",0.95,106,104,1,1,400,0.981132075471698,0.26,0.0188679245283019
"Additive + Recessive",0.3,2,"recessive",0.99,87,86,1,0,400,0.988505747126437,0.215,0.0114942528735632
"Additive + Recessive",0.3,2,"recessive",1,8,8,0,0,400,1,0.02,0
"Additive + Recessive",0.3,2,"dominant",0,930513,0,800,929713,0,0,NA,1
"Additive + Recessive",0.3,2,"dominant",0.1,50,0,18,32,0,0,NA,1
"Additive + Recessive",0.3,2,"dominant",0.5,7,0,6,1,0,0,NA,1
"Additive + Recessive",0.3,2,"dominant",0.8,2,0,2,0,0,0,NA,1
"Additive + Recessive",0.3,2,"dominant",0.9,1,0,1,0,0,0,NA,1
"Additive + Recessive",0.3,2,"dominant",0.95,1,0,1,0,0,0,NA,1
"Additive + Recessive",0.3,2,"dominant",0.99,1,0,1,0,0,0,NA,1
"Additive + Recessive",0.3,2,"dominant",1,0,0,0,0,0,NA,NA,NA
"Additive + Recessive",0.3,3,"additive",0,1861026,1200,1200,1858626,1200,0.000644805607229561,1,0.99935519439277
"Additive + Recessive",0.3,3,"additive",0.1,2076,685,2,1389,1200,0.329961464354528,0.570833333333333,0.670038535645472
"Additive + Recessive",0.3,3,"additive",0.5,348,293,2,53,1200,0.841954022988506,0.244166666666667,0.158045977011494
"Additive + Recessive",0.3,3,"additive",0.8,219,206,1,12,1200,0.940639269406393,0.171666666666667,0.0593607305936073
"Additive + Recessive",0.3,3,"additive",0.9,168,161,0,7,1200,0.958333333333333,0.134166666666667,0.0416666666666667
"Additive + Recessive",0.3,3,"additive",0.95,143,138,0,5,1200,0.965034965034965,0.115,0.034965034965035
"Additive + Recessive",0.3,3,"additive",0.99,85,83,0,2,1200,0.976470588235294,0.0691666666666667,0.0235294117647059
"Additive + Recessive",0.3,3,"additive",1,0,0,0,0,1200,NA,0,NA
"Additive + Recessive",0.3,3,"recessive",0,1533364,1200,1200,1530964,1200,0.000782593043791298,1,0.999217406956209
"Additive + Recessive",0.3,3,"recessive",0.1,2363,757,2,1604,1200,0.320355480321625,0.630833333333333,0.679644519678375
"Additive + Recessive",0.3,3,"recessive",0.5,434,367,0,67,1200,0.845622119815668,0.305833333333333,0.154377880184332
"Additive + Recessive",0.3,3,"recessive",0.8,295,292,0,3,1200,0.989830508474576,0.243333333333333,0.0101694915254237
"Additive + Recessive",0.3,3,"recessive",0.9,267,265,0,2,1200,0.99250936329588,0.220833333333333,0.00749063670411985
"Additive + Recessive",0.3,3,"recessive",0.95,250,249,0,1,1200,0.996,0.2075,0.004
"Additive + Recessive",0.3,3,"recessive",0.99,209,209,0,0,1200,1,0.174166666666667,0
"Additive + Recessive",0.3,3,"recessive",1,5,5,0,0,1200,1,0.00416666666666667,0
"Additive + Recessive",0.3,3,"dominant",0,1861026,0,2400,1858626,0,0,NA,1
"Additive + Recessive",0.3,3,"dominant",0.1,231,0,81,150,0,0,NA,1
"Additive + Recessive",0.3,3,"dominant",0.5,29,0,24,5,0,0,NA,1
"Additive + Recessive",0.3,3,"dominant",0.8,6,0,6,0,0,0,NA,1
"Additive + Recessive",0.3,3,"dominant",0.9,3,0,3,0,0,0,NA,1
"Additive + Recessive",0.3,3,"dominant",0.95,2,0,2,0,0,0,NA,1
"Additive + Recessive",0.3,3,"dominant",0.99,2,0,2,0,0,0,NA,1
"Additive + Recessive",0.3,3,"dominant",1,0,0,0,0,0,NA,NA,NA
"Additive + Recessive",0.3,4,"additive",0,2791539,2400,2400,2786739,2400,0.000859740809639414,1,0.999140259190361
"Additive + Recessive",0.3,4,"additive",0.1,3665,1176,9,2480,2400,0.32087312414734,0.49,0.67912687585266
"Additive + Recessive",0.3,4,"additive",0.5,575,469,1,105,2400,0.815652173913043,0.195416666666667,0.184347826086957
"Additive + Recessive",0.3,4,"additive",0.8,298,276,1,21,2400,0.926174496644295,0.115,0.0738255033557047
"Additive + Recessive",0.3,4,"additive",0.9,222,215,1,6,2400,0.968468468468468,0.0895833333333333,0.0315315315315315
"Additive + Recessive",0.3,4,"additive",0.95,163,157,1,5,2400,0.96319018404908,0.0654166666666667,0.0368098159509202
"Additive + Recessive",0.3,4,"additive",0.99,81,76,0,5,2400,0.938271604938272,0.0316666666666667,0.0617283950617284
"Additive + Recessive",0.3,4,"additive",1,0,0,0,0,2400,NA,0,NA
"Additive + Recessive",0.3,4,"recessive",0,2300046,2400,2400,2295246,2400,0.00104345739172173,1,0.998956542608278
"Additive + Recessive",0.3,4,"recessive",0.1,4400,1394,8,2998,2400,0.316818181818182,0.580833333333333,0.683181818181818
"Additive + Recessive",0.3,4,"recessive",0.5,711,629,3,79,2400,0.884669479606188,0.262083333333333,0.115330520393812
"Additive + Recessive",0.3,4,"recessive",0.8,503,493,0,10,2400,0.980119284294235,0.205416666666667,0.0198807157057654
"Additive + Recessive",0.3,4,"recessive",0.9,444,439,0,5,2400,0.988738738738739,0.182916666666667,0.0112612612612613
"Additive + Recessive",0.3,4,"recessive",0.95,401,397,0,4,2400,0.99002493765586,0.165416666666667,0.00997506234413965
"Additive + Recessive",0.3,4,"recessive",0.99,322,322,0,0,2400,1,0.134166666666667,0
"Additive + Recessive",0.3,4,"recessive",1,1,1,0,0,2400,1,0.000416666666666667,0
"Additive + Recessive",0.3,4,"dominant",0,2791539,0,4800,2786739,0,0,NA,1
"Additive + Recessive",0.3,4,"dominant",0.1,631,0,247,384,0,0,NA,1
"Additive + Recessive",0.3,4,"dominant",0.5,67,0,48,19,0,0,NA,1
"Additive + Recessive",0.3,4,"dominant",0.8,11,0,11,0,0,0,NA,1
"Additive + Recessive",0.3,4,"dominant",0.9,7,0,7,0,0,0,NA,1
"Additive + Recessive",0.3,4,"dominant",0.95,4,0,4,0,0,0,NA,1
"Additive + Recessive",0.3,4,"dominant",0.99,2,0,2,0,0,0,NA,1
"Additive + Recessive",0.3,4,"dominant",1,0,0,0,0,0,NA,NA,NA
"Additive + Recessive",0.3,5,"additive",0,3722052,4000,4000,3714052,4000,0.00107467601204927,1,0.998925323987951
"Additive + Recessive",0.3,5,"additive",0.1,5291,1525,20,3746,4000,0.288225288225288,0.38125,0.711774711774712
"Additive + Recessive",0.3,5,"additive",0.5,749,592,8,149,4000,0.790387182910547,0.148,0.209612817089453
"Additive + Recessive",0.3,5,"additive",0.8,404,352,1,51,4000,0.871287128712871,0.088,0.128712871287129
"Additive + Recessive",0.3,5,"additive",0.9,287,258,0,29,4000,0.898954703832753,0.0645,0.101045296167247
"Additive + Recessive",0.3,5,"additive",0.95,214,199,0,15,4000,0.929906542056075,0.04975,0.0700934579439252
"Additive + Recessive",0.3,5,"additive",0.99,101,93,0,8,4000,0.920792079207921,0.02325,0.0792079207920792
"Additive + Recessive",0.3,5,"additive",1,0,0,0,0,4000,NA,0,NA
"Additive + Recessive",0.3,5,"recessive",0,3066728,4000,4000,3058728,4000,0.00130432173965216,1,0.998695678260348
"Additive + Recessive",0.3,5,"recessive",0.1,6367,1972,19,4376,4000,0.309722004083556,0.493,0.690277995916444
"Additive + Recessive",0.3,5,"recessive",0.5,986,821,4,161,4000,0.832657200811359,0.20525,0.167342799188641
"Additive + Recessive",0.3,5,"recessive",0.8,634,606,2,26,4000,0.95583596214511,0.1515,0.0441640378548896
"Additive + Recessive",0.3,5,"recessive",0.9,556,541,0,15,4000,0.973021582733813,0.13525,0.026978417266187
"Additive + Recessive",0.3,5,"recessive",0.95,487,482,0,5,4000,0.989733059548255,0.1205,0.0102669404517454
"Additive + Recessive",0.3,5,"recessive",0.99,371,371,0,0,4000,1,0.09275,0
"Additive + Recessive",0.3,5,"recessive",1,0,0,0,0,4000,NA,0,NA
"Additive + Recessive",0.3,5,"dominant",0,3722052,0,8000,3714052,0,0,NA,1
"Additive + Recessive",0.3,5,"dominant",0.1,1010,0,387,623,0,0,NA,1
"Additive + Recessive",0.3,5,"dominant",0.5,68,0,50,18,0,0,NA,1
"Additive + Recessive",0.3,5,"dominant",0.8,15,0,13,2,0,0,NA,1
"Additive + Recessive",0.3,5,"dominant",0.9,2,0,0,2,0,0,NA,1
"Additive + Recessive",0.3,5,"dominant",0.95,1,0,0,1,0,0,NA,1
"Additive + Recessive",0.3,5,"dominant",0.99,1,0,0,1,0,0,NA,1
"Additive + Recessive",0.3,5,"dominant",1,0,0,0,0,0,NA,NA,NA
"Additive + Recessive",0.4,2,"additive",0,930513,400,400,929713,400,0.000429870404819707,1,0.99957012959518
"Additive + Recessive",0.4,2,"additive",0.1,791,280,0,511,400,0.353982300884956,0.7,0.646017699115044
"Additive + Recessive",0.4,2,"additive",0.5,170,146,0,24,400,0.858823529411765,0.365,0.141176470588235
"Additive + Recessive",0.4,2,"additive",0.8,119,116,0,3,400,0.974789915966387,0.29,0.0252100840336134
"Additive + Recessive",0.4,2,"additive",0.9,96,94,0,2,400,0.979166666666667,0.235,0.0208333333333333
"Additive + Recessive",0.4,2,"additive",0.95,85,84,0,1,400,0.988235294117647,0.21,0.0117647058823529
"Additive + Recessive",0.4,2,"additive",0.99,73,72,0,1,400,0.986301369863014,0.18,0.0136986301369863
"Additive + Recessive",0.4,2,"additive",1,1,1,0,0,400,1,0.0025,0
"Additive + Recessive",0.4,2,"recessive",0,766682,400,400,765882,400,0.000521728695860865,1,0.999478271304139
"Additive + Recessive",0.4,2,"recessive",0.1,860,298,3,559,400,0.346511627906977,0.745,0.653488372093023
"Additive + Recessive",0.4,2,"recessive",0.5,165,156,1,8,400,0.945454545454545,0.39,0.0545454545454545
"Additive + Recessive",0.4,2,"recessive",0.8,144,141,1,2,400,0.979166666666667,0.3525,0.0208333333333333
"Additive + Recessive",0.4,2,"recessive",0.9,135,133,1,1,400,0.985185185185185,0.3325,0.0148148148148148
"Additive + Recessive",0.4,2,"recessive",0.95,128,126,1,1,400,0.984375,0.315,0.015625
"Additive + Recessive",0.4,2,"recessive",0.99,109,108,1,0,400,0.990825688073395,0.27,0.00917431192660551
"Additive + Recessive",0.4,2,"recessive",1,30,30,0,0,400,1,0.075,0
"Additive + Recessive",0.4,2,"dominant",0,930513,0,800,929713,0,0,NA,1
"Additive + Recessive",0.4,2,"dominant",0.1,44,0,15,29,0,0,NA,1
"Additive + Recessive",0.4,2,"dominant",0.5,5,0,5,0,0,0,NA,1
"Additive + Recessive",0.4,2,"dominant",0.8,2,0,2,0,0,0,NA,1
"Additive + Recessive",0.4,2,"dominant",0.9,1,0,1,0,0,0,NA,1
"Additive + Recessive",0.4,2,"dominant",0.95,1,0,1,0,0,0,NA,1
"Additive + Recessive",0.4,2,"dominant",0.99,1,0,1,0,0,0,NA,1
"Additive + Recessive",0.4,2,"dominant",1,0,0,0,0,0,NA,NA,NA
"Additive + Recessive",0.4,3,"additive",0,1859283,1200,1200,1856883,1200,0.000645410085500701,1,0.999354589914499
"Additive + Recessive",0.4,3,"additive",0.1,2223,760,1,1462,1200,0.341880341880342,0.633333333333333,0.658119658119658
"Additive + Recessive",0.4,3,"additive",0.5,437,372,0,65,1200,0.851258581235698,0.31,0.148741418764302
"Additive + Recessive",0.4,3,"additive",0.8,288,276,0,12,1200,0.958333333333333,0.23,0.0416666666666667
"Additive + Recessive",0.4,3,"additive",0.9,246,239,0,7,1200,0.971544715447154,0.199166666666667,0.0284552845528455
"Additive + Recessive",0.4,3,"additive",0.95,217,210,0,7,1200,0.967741935483871,0.175,0.032258064516129
"Additive + Recessive",0.4,3,"additive",0.99,152,148,0,4,1200,0.973684210526316,0.123333333333333,0.0263157894736842
"Additive + Recessive",0.4,3,"additive",1,1,1,0,0,1200,1,0.000833333333333333,0
"Additive + Recessive",0.4,3,"recessive",0,1531951,1200,1200,1529551,1200,0.000783314871036998,1,0.999216685128963
"Additive + Recessive",0.4,3,"recessive",0.1,2467,816,2,1649,1200,0.330766112687475,0.68,0.669233887312525
"Additive + Recessive",0.4,3,"recessive",0.5,490,426,0,64,1200,0.869387755102041,0.355,0.130612244897959
"Additive + Recessive",0.4,3,"recessive",0.8,355,347,0,8,1200,0.977464788732394,0.289166666666667,0.0225352112676056
"Additive + Recessive",0.4,3,"recessive",0.9,328,326,0,2,1200,0.99390243902439,0.271666666666667,0.00609756097560976
"Additive + Recessive",0.4,3,"recessive",0.95,303,302,0,1,1200,0.996699669966997,0.251666666666667,0.0033003300330033
"Additive + Recessive",0.4,3,"recessive",0.99,266,266,0,0,1200,1,0.221666666666667,0
"Additive + Recessive",0.4,3,"recessive",1,21,21,0,0,1200,1,0.0175,0
"Additive + Recessive",0.4,3,"dominant",0,1859283,0,2400,1856883,0,0,NA,1
"Additive + Recessive",0.4,3,"dominant",0.1,186,0,66,120,0,0,NA,1
"Additive + Recessive",0.4,3,"dominant",0.5,22,0,17,5,0,0,NA,1
"Additive + Recessive",0.4,3,"dominant",0.8,4,0,4,0,0,0,NA,1
"Additive + Recessive",0.4,3,"dominant",0.9,2,0,2,0,0,0,NA,1
"Additive + Recessive",0.4,3,"dominant",0.95,2,0,2,0,0,0,NA,1
"Additive + Recessive",0.4,3,"dominant",0.99,2,0,2,0,0,0,NA,1
"Additive + Recessive",0.4,3,"dominant",1,0,0,0,0,0,NA,NA,NA
"Additive + Recessive",0.4,4,"additive",0,2791539,2400,2400,2786739,2400,0.000859740809639414,1,0.999140259190361
"Additive + Recessive",0.4,4,"additive",0.1,4284,1375,0,2909,2400,0.320961718020542,0.572916666666667,0.679038281979458
"Additive + Recessive",0.4,4,"additive",0.5,771,632,0,139,2400,0.819714656290532,0.263333333333333,0.180285343709468
"Additive + Recessive",0.4,4,"additive",0.8,436,410,0,26,2400,0.940366972477064,0.170833333333333,0.0596330275229358
"Additive + Recessive",0.4,4,"additive",0.9,355,342,0,13,2400,0.963380281690141,0.1425,0.0366197183098592
"Additive + Recessive",0.4,4,"additive",0.95,311,303,0,8,2400,0.97427652733119,0.12625,0.0257234726688103
"Additive + Recessive",0.4,4,"additive",0.99,207,202,0,5,2400,0.975845410628019,0.0841666666666667,0.0241545893719807
"Additive + Recessive",0.4,4,"additive",1,0,0,0,0,2400,NA,0,NA
"Additive + Recessive",0.4,4,"recessive",0,2300046,2400,2400,2295246,2400,0.00104345739172173,1,0.998956542608278
"Additive + Recessive",0.4,4,"recessive",0.1,4770,1562,11,3197,2400,0.327463312368973,0.650833333333333,0.672536687631027
"Additive + Recessive",0.4,4,"recessive",0.5,822,740,4,78,2400,0.900243309002433,0.308333333333333,0.0997566909975669
"Additive + Recessive",0.4,4,"recessive",0.8,622,611,1,10,2400,0.982315112540193,0.254583333333333,0.0176848874598071
"Additive + Recessive",0.4,4,"recessive",0.9,550,546,1,3,2400,0.992727272727273,0.2275,0.00727272727272727
"Additive + Recessive",0.4,4,"recessive",0.95,522,518,1,3,2400,0.992337164750958,0.215833333333333,0.00766283524904215
"Additive + Recessive",0.4,4,"recessive",0.99,446,445,1,0,2400,0.997757847533632,0.185416666666667,0.00224215246636771
"Additive + Recessive",0.4,4,"recessive",1,13,13,0,0,2400,1,0.00541666666666667,0
"Additive + Recessive",0.4,4,"dominant",0,2791539,0,4800,2786739,0,0,NA,1
"Additive + Recessive",0.4,4,"dominant",0.1,462,0,163,299,0,0,NA,1
"Additive + Recessive",0.4,4,"dominant",0.5,49,0,32,17,0,0,NA,1
"Additive + Recessive",0.4,4,"dominant",0.8,11,0,10,1,0,0,NA,1
"Additive + Recessive",0.4,4,"dominant",0.9,8,0,8,0,0,0,NA,1
"Additive + Recessive",0.4,4,"dominant",0.95,7,0,7,0,0,0,NA,1
"Additive + Recessive",0.4,4,"dominant",0.99,2,0,2,0,0,0,NA,1
"Additive + Recessive",0.4,4,"dominant",1,0,0,0,0,0,NA,NA,NA
"Additive + Recessive",0.4,5,"additive",0,3722052,4000,4000,3714052,4000,0.00107467601204927,1,0.998925323987951
"Additive + Recessive",0.4,5,"additive",0.1,6641,1994,11,4636,4000,0.300255985544346,0.4985,0.699744014455654
"Additive + Recessive",0.4,5,"additive",0.5,1068,889,8,171,4000,0.832397003745318,0.22225,0.167602996254682
"Additive + Recessive",0.4,5,"additive",0.8,679,611,0,68,4000,0.899852724594993,0.15275,0.100147275405007
"Additive + Recessive",0.4,5,"additive",0.9,531,494,0,37,4000,0.930320150659134,0.1235,0.0696798493408663
"Additive + Recessive",0.4,5,"additive",0.95,440,410,0,30,4000,0.931818181818182,0.1025,0.0681818181818182
"Additive + Recessive",0.4,5,"additive",0.99,274,260,0,14,4000,0.948905109489051,0.065,0.0510948905109489
"Additive + Recessive",0.4,5,"additive",1,0,0,0,0,4000,NA,0,NA
"Additive + Recessive",0.4,5,"recessive",0,3066728,4000,4000,3058728,4000,0.00130432173965216,1,0.998695678260348
"Additive + Recessive",0.4,5,"recessive",0.1,7553,2404,16,5133,4000,0.318284125513041,0.601,0.681715874486959
"Additive + Recessive",0.4,5,"recessive",0.5,1296,1122,4,170,4000,0.865740740740741,0.2805,0.134259259259259
"Additive + Recessive",0.4,5,"recessive",0.8,940,904,3,33,4000,0.961702127659574,0.226,0.0382978723404255
"Additive + Recessive",0.4,5,"recessive",0.9,807,796,0,11,4000,0.98636926889715,0.199,0.0136307311028501
"Additive + Recessive",0.4,5,"recessive",0.95,738,734,0,4,4000,0.994579945799458,0.1835,0.00542005420054201
"Additive + Recessive",0.4,5,"recessive",0.99,615,615,0,0,4000,1,0.15375,0
"Additive + Recessive",0.4,5,"recessive",1,6,6,0,0,4000,1,0.0015,0
"Additive + Recessive",0.4,5,"dominant",0,3722052,0,8000,3714052,0,0,NA,1
"Additive + Recessive",0.4,5,"dominant",0.1,817,0,315,502,0,0,NA,1
"Additive + Recessive",0.4,5,"dominant",0.5,88,0,68,20,0,0,NA,1
"Additive + Recessive",0.4,5,"dominant",0.8,23,0,20,3,0,0,NA,1
"Additive + Recessive",0.4,5,"dominant",0.9,7,0,6,1,0,0,NA,1
"Additive + Recessive",0.4,5,"dominant",0.95,4,0,3,1,0,0,NA,1
"Additive + Recessive",0.4,5,"dominant",0.99,0,0,0,0,0,NA,NA,NA
"Additive + Recessive",0.4,5,"dominant",1,0,0,0,0,0,NA,NA,NA
"Additive only",0.1,1,"additive",0,930513,400,0,930113,400,0.000429870404819707,1,0.99957012959518
"Additive only",0.1,1,"additive",0.1,644,219,0,425,400,0.340062111801242,0.5475,0.659937888198758
"Additive only",0.1,1,"additive",0.5,92,72,0,20,400,0.782608695652174,0.18,0.217391304347826
"Additive only",0.1,1,"additive",0.8,40,40,0,0,400,1,0.1,0
"Additive only",0.1,1,"additive",0.9,26,26,0,0,400,1,0.065,0
"Additive only",0.1,1,"additive",0.95,18,18,0,0,400,1,0.045,0
"Additive only",0.1,1,"additive",0.99,6,6,0,0,400,1,0.015,0
"Additive only",0.1,1,"additive",1,0,0,0,0,400,NA,0,NA
"Additive only",0.1,1,"recessive",0,766682,0,325,766357,0,0,NA,1
"Additive only",0.1,1,"recessive",0.1,7,0,2,5,0,0,NA,1
"Additive only",0.1,1,"recessive",0.5,0,0,0,0,0,NA,NA,NA
"Additive only",0.1,1,"recessive",0.8,0,0,0,0,0,NA,NA,NA
"Additive only",0.1,1,"recessive",0.9,0,0,0,0,0,NA,NA,NA
"Additive only",0.1,1,"recessive",0.95,0,0,0,0,0,NA,NA,NA
"Additive only",0.1,1,"recessive",0.99,0,0,0,0,0,NA,NA,NA
"Additive only",0.1,1,"recessive",1,0,0,0,0,0,NA,NA,NA
"Additive only",0.1,1,"dominant",0,930513,0,400,930113,0,0,NA,1
"Additive only",0.1,1,"dominant",0.1,121,0,68,53,0,0,NA,1
"Additive only",0.1,1,"dominant",0.5,17,0,16,1,0,0,NA,1
"Additive only",0.1,1,"dominant",0.8,2,0,2,0,0,0,NA,1
"Additive only",0.1,1,"dominant",0.9,0,0,0,0,0,NA,NA,NA
"Additive only",0.1,1,"dominant",0.95,0,0,0,0,0,NA,NA,NA
"Additive only",0.1,1,"dominant",0.99,0,0,0,0,0,NA,NA,NA
"Additive only",0.1,1,"dominant",1,0,0,0,0,0,NA,NA,NA
"Additive only",0.1,2,"additive",0,928421,798,0,927623,798,0.000859523858249652,1,0.99914047614175
"Additive only",0.1,2,"additive",0.1,807,268,0,539,798,0.332094175960347,0.335839598997494,0.667905824039653
"Additive only",0.1,2,"additive",0.5,88,66,0,22,798,0.75,0.0827067669172932,0.25
"Additive only",0.1,2,"additive",0.8,31,26,0,5,798,0.838709677419355,0.0325814536340852,0.161290322580645
"Additive only",0.1,2,"additive",0.9,21,17,0,4,798,0.80952380952381,0.0213032581453634,0.19047619047619
"Additive only",0.1,2,"additive",0.95,14,12,0,2,798,0.857142857142857,0.0150375939849624,0.142857142857143
"Additive only",0.1,2,"additive",0.99,5,4,0,1,798,0.8,0.0050125313283208,0.2
"Additive only",0.1,2,"additive",1,0,0,0,0,798,NA,0,NA
"Additive only",0.1,2,"recessive",0,765050,0,648,764402,0,0,NA,1
"Additive only",0.1,2,"recessive",0.1,13,0,5,8,0,0,NA,1
"Additive only",0.1,2,"recessive",0.5,3,0,2,1,0,0,NA,1
"Additive only",0.1,2,"recessive",0.8,0,0,0,0,0,NA,NA,NA
"Additive only",0.1,2,"recessive",0.9,0,0,0,0,0,NA,NA,NA
"Additive only",0.1,2,"recessive",0.95,0,0,0,0,0,NA,NA,NA
"Additive only",0.1,2,"recessive",0.99,0,0,0,0,0,NA,NA,NA
"Additive only",0.1,2,"recessive",1,0,0,0,0,0,NA,NA,NA
"Additive only",0.1,2,"dominant",0,928421,0,798,927623,0,0,NA,1
"Additive only",0.1,2,"dominant",0.1,249,0,100,149,0,0,NA,1
"Additive only",0.1,2,"dominant",0.5,19,0,16,3,0,0,NA,1
"Additive only",0.1,2,"dominant",0.8,1,0,0,1,0,0,NA,1
"Additive only",0.1,2,"dominant",0.9,0,0,0,0,0,NA,NA,NA
"Additive only",0.1,2,"dominant",0.95,0,0,0,0,0,NA,NA,NA
"Additive only",0.1,2,"dominant",0.99,0,0,0,0,0,NA,NA,NA
"Additive only",0.1,2,"dominant",1,0,0,0,0,0,NA,NA,NA
"Additive only",0.1,3,"additive",0,930513,1200,0,929313,1200,0.00128961121445912,1,0.998710388785541
"Additive only",0.1,3,"additive",0.1,600,171,0,429,1200,0.285,0.1425,0.715
"Additive only",0.1,3,"additive",0.5,50,34,0,16,1200,0.68,0.0283333333333333,0.32
"Additive only",0.1,3,"additive",0.8,11,7,0,4,1200,0.636363636363636,0.00583333333333333,0.363636363636364
"Additive only",0.1,3,"additive",0.9,4,3,0,1,1200,0.75,0.0025,0.25
"Additive only",0.1,3,"additive",0.95,2,1,0,1,1200,0.5,0.000833333333333333,0.5
"Additive only",0.1,3,"additive",0.99,0,0,0,0,1200,NA,0,NA
"Additive only",0.1,3,"additive",1,0,0,0,0,1200,NA,0,NA
"Additive only",0.1,3,"recessive",0,766682,0,980,765702,0,0,NA,1
"Additive only",0.1,3,"recessive",0.1,22,0,2,20,0,0,NA,1
"Additive only",0.1,3,"recessive",0.5,2,0,0,2,0,0,NA,1
"Additive only",0.1,3,"recessive",0.8,0,0,0,0,0,NA,NA,NA
"Additive only",0.1,3,"recessive",0.9,0,0,0,0,0,NA,NA,NA
"Additive only",0.1,3,"recessive",0.95,0,0,0,0,0,NA,NA,NA
"Additive only",0.1,3,"recessive",0.99,0,0,0,0,0,NA,NA,NA
"Additive only",0.1,3,"recessive",1,0,0,0,0,0,NA,NA,NA
"Additive only",0.1,3,"dominant",0,930513,0,1200,929313,0,0,NA,1
"Additive only",0.1,3,"dominant",0.1,211,0,81,130,0,0,NA,1
"Additive only",0.1,3,"dominant",0.5,14,0,13,1,0,0,NA,1
"Additive only",0.1,3,"dominant",0.8,4,0,4,0,0,0,NA,1
"Additive only",0.1,3,"dominant",0.9,2,0,2,0,0,0,NA,1
"Additive only",0.1,3,"dominant",0.95,1,0,1,0,0,0,NA,1
"Additive only",0.1,3,"dominant",0.99,0,0,0,0,0,NA,NA,NA
"Additive only",0.1,3,"dominant",1,0,0,0,0,0,NA,NA,NA
"Additive only",0.1,4,"additive",0,930513,1600,0,928913,1600,0.00171948161927883,1,0.998280518380721
"Additive only",0.1,4,"additive",0.1,477,118,0,359,1600,0.247379454926625,0.07375,0.752620545073375
"Additive only",0.1,4,"additive",0.5,33,22,0,11,1600,0.666666666666667,0.01375,0.333333333333333
"Additive only",0.1,4,"additive",0.8,10,8,0,2,1600,0.8,0.005,0.2
"Additive only",0.1,4,"additive",0.9,5,4,0,1,1600,0.8,0.0025,0.2
"Additive only",0.1,4,"additive",0.95,3,2,0,1,1600,0.666666666666667,0.00125,0.333333333333333
"Additive only",0.1,4,"additive",0.99,1,0,0,1,1600,0,0,1
"Additive only",0.1,4,"additive",1,0,0,0,0,1600,NA,0,NA
"Additive only",0.1,4,"recessive",0,766682,0,1303,765379,0,0,NA,1
"Additive only",0.1,4,"recessive",0.1,33,0,2,31,0,0,NA,1
"Additive only",0.1,4,"recessive",0.5,1,0,0,1,0,0,NA,1
"Additive only",0.1,4,"recessive",0.8,0,0,0,0,0,NA,NA,NA
"Additive only",0.1,4,"recessive",0.9,0,0,0,0,0,NA,NA,NA
"Additive only",0.1,4,"recessive",0.95,0,0,0,0,0,NA,NA,NA
"Additive only",0.1,4,"recessive",0.99,0,0,0,0,0,NA,NA,NA
"Additive only",0.1,4,"recessive",1,0,0,0,0,0,NA,NA,NA
"Additive only",0.1,4,"dominant",0,930513,0,1600,928913,0,0,NA,1
"Additive only",0.1,4,"dominant",0.1,175,0,52,123,0,0,NA,1
"Additive only",0.1,4,"dominant",0.5,4,0,2,2,0,0,NA,1
"Additive only",0.1,4,"dominant",0.8,2,0,1,1,0,0,NA,1
"Additive only",0.1,4,"dominant",0.9,0,0,0,0,0,NA,NA,NA
"Additive only",0.1,4,"dominant",0.95,0,0,0,0,0,NA,NA,NA
"Additive only",0.1,4,"dominant",0.99,0,0,0,0,0,NA,NA,NA
"Additive only",0.1,4,"dominant",1,0,0,0,0,0,NA,NA,NA
"Additive only",0.1,5,"additive",0,930513,2000,0,928513,2000,0.00214935202409854,1,0.997850647975902
"Additive only",0.1,5,"additive",0.1,380,88,0,292,2000,0.231578947368421,0.044,0.768421052631579
"Additive only",0.1,5,"additive",0.5,24,14,0,10,2000,0.583333333333333,0.007,0.416666666666667
"Additive only",0.1,5,"additive",0.8,8,7,0,1,2000,0.875,0.0035,0.125
"Additive only",0.1,5,"additive",0.9,3,3,0,0,2000,1,0.0015,0
"Additive only",0.1,5,"additive",0.95,2,2,0,0,2000,1,0.001,0
"Additive only",0.1,5,"additive",0.99,0,0,0,0,2000,NA,0,NA
"Additive only",0.1,5,"additive",1,0,0,0,0,2000,NA,0,NA
"Additive only",0.1,5,"recessive",0,766682,0,1639,765043,0,0,NA,1
"Additive only",0.1,5,"recessive",0.1,24,0,2,22,0,0,NA,1
"Additive only",0.1,5,"recessive",0.5,1,0,0,1,0,0,NA,1
"Additive only",0.1,5,"recessive",0.8,1,0,0,1,0,0,NA,1
"Additive only",0.1,5,"recessive",0.9,1,0,0,1,0,0,NA,1
"Additive only",0.1,5,"recessive",0.95,1,0,0,1,0,0,NA,1
"Additive only",0.1,5,"recessive",0.99,0,0,0,0,0,NA,NA,NA
"Additive only",0.1,5,"recessive",1,0,0,0,0,0,NA,NA,NA
"Additive only",0.1,5,"dominant",0,930513,0,2000,928513,0,0,NA,1
"Additive only",0.1,5,"dominant",0.1,165,0,43,122,0,0,NA,1
"Additive only",0.1,5,"dominant",0.5,10,0,5,5,0,0,NA,1
"Additive only",0.1,5,"dominant",0.8,2,0,1,1,0,0,NA,1
"Additive only",0.1,5,"dominant",0.9,1,0,0,1,0,0,NA,1
"Additive only",0.1,5,"dominant",0.95,0,0,0,0,0,NA,NA,NA
"Additive only",0.1,5,"dominant",0.99,0,0,0,0,0,NA,NA,NA
"Additive only",0.1,5,"dominant",1,0,0,0,0,0,NA,NA,NA
"Additive only",0.2,1,"additive",0,930513,400,0,930113,400,0.000429870404819707,1,0.99957012959518
"Additive only",0.2,1,"additive",0.1,781,277,0,504,400,0.354673495518566,0.6925,0.645326504481434
"Additive only",0.2,1,"additive",0.5,153,128,0,25,400,0.836601307189543,0.32,0.163398692810458
"Additive only",0.2,1,"additive",0.8,94,88,0,6,400,0.936170212765957,0.22,0.0638297872340425
"Additive only",0.2,1,"additive",0.9,75,73,0,2,400,0.973333333333333,0.1825,0.0266666666666667
"Additive only",0.2,1,"additive",0.95,65,65,0,0,400,1,0.1625,0
"Additive only",0.2,1,"additive",0.99,40,40,0,0,400,1,0.1,0
"Additive only",0.2,1,"additive",1,0,0,0,0,400,NA,0,NA
"Additive only",0.2,1,"recessive",0,766682,0,325,766357,0,0,NA,1
"Additive only",0.2,1,"recessive",0.1,1,0,0,1,0,0,NA,1
"Additive only",0.2,1,"recessive",0.5,0,0,0,0,0,NA,NA,NA
"Additive only",0.2,1,"recessive",0.8,0,0,0,0,0,NA,NA,NA
"Additive only",0.2,1,"recessive",0.9,0,0,0,0,0,NA,NA,NA
"Additive only",0.2,1,"recessive",0.95,0,0,0,0,0,NA,NA,NA
"Additive only",0.2,1,"recessive",0.99,0,0,0,0,0,NA,NA,NA
"Additive only",0.2,1,"recessive",1,0,0,0,0,0,NA,NA,NA
"Additive only",0.2,1,"dominant",0,930513,0,400,930113,0,0,NA,1
"Additive only",0.2,1,"dominant",0.1,70,0,48,22,0,0,NA,1
"Additive only",0.2,1,"dominant",0.5,11,0,10,1,0,0,NA,1
"Additive only",0.2,1,"dominant",0.8,3,0,3,0,0,0,NA,1
"Additive only",0.2,1,"dominant",0.9,1,0,1,0,0,0,NA,1
"Additive only",0.2,1,"dominant",0.95,0,0,0,0,0,NA,NA,NA
"Additive only",0.2,1,"dominant",0.99,0,0,0,0,0,NA,NA,NA
"Additive only",0.2,1,"dominant",1,0,0,0,0,0,NA,NA,NA
"Additive only",0.2,2,"additive",0,928421,798,0,927623,798,0.000859523858249652,1,0.99914047614175
"Additive only",0.2,2,"additive",0.1,1385,453,0,932,798,0.327075812274368,0.567669172932331,0.672924187725632
"Additive only",0.2,2,"additive",0.5,232,187,0,45,798,0.806034482758621,0.234335839598997,0.193965517241379
"Additive only",0.2,2,"additive",0.8,115,102,0,13,798,0.88695652173913,0.12781954887218,0.11304347826087
"Additive only",0.2,2,"additive",0.9,82,75,0,7,798,0.914634146341463,0.093984962406015,0.0853658536585366
"Additive only",0.2,2,"additive",0.95,61,54,0,7,798,0.885245901639344,0.0676691729323308,0.114754098360656
"Additive only",0.2,2,"additive",0.99,34,31,0,3,798,0.911764705882353,0.0388471177944862,0.0882352941176471
"Additive only",0.2,2,"additive",1,0,0,0,0,798,NA,0,NA
"Additive only",0.2,2,"recessive",0,765050,0,648,764402,0,0,NA,1
"Additive only",0.2,2,"recessive",0.1,13,0,3,10,0,0,NA,1
"Additive only",0.2,2,"recessive",0.5,0,0,0,0,0,NA,NA,NA
"Additive only",0.2,2,"recessive",0.8,0,0,0,0,0,NA,NA,NA
"Additive only",0.2,2,"recessive",0.9,0,0,0,0,0,NA,NA,NA
"Additive only",0.2,2,"recessive",0.95,0,0,0,0,0,NA,NA,NA
"Additive only",0.2,2,"recessive",0.99,0,0,0,0,0,NA,NA,NA
"Additive only",0.2,2,"recessive",1,0,0,0,0,0,NA,NA,NA
"Additive only",0.2,2,"dominant",0,928421,0,798,927623,0,0,NA,1
"Additive only",0.2,2,"dominant",0.1,216,0,111,105,0,0,NA,1
"Additive only",0.2,2,"dominant",0.5,16,0,13,3,0,0,NA,1
"Additive only",0.2,2,"dominant",0.8,1,0,1,0,0,0,NA,1
"Additive only",0.2,2,"dominant",0.9,0,0,0,0,0,NA,NA,NA
"Additive only",0.2,2,"dominant",0.95,0,0,0,0,0,NA,NA,NA
"Additive only",0.2,2,"dominant",0.99,0,0,0,0,0,NA,NA,NA
"Additive only",0.2,2,"dominant",1,0,0,0,0,0,NA,NA,NA
"Additive only",0.2,3,"additive",0,930513,1200,0,929313,1200,0.00128961121445912,1,0.998710388785541
"Additive only",0.2,3,"additive",0.1,1580,501,0,1079,1200,0.317088607594937,0.4175,0.682911392405063
"Additive only",0.2,3,"additive",0.5,208,160,0,48,1200,0.769230769230769,0.133333333333333,0.230769230769231
"Additive only",0.2,3,"additive",0.8,85,75,0,10,1200,0.882352941176471,0.0625,0.117647058823529
"Additive only",0.2,3,"additive",0.9,56,50,0,6,1200,0.892857142857143,0.0416666666666667,0.107142857142857
"Additive only",0.2,3,"additive",0.95,39,35,0,4,1200,0.897435897435897,0.0291666666666667,0.102564102564103
"Additive only",0.2,3,"additive",0.99,17,14,0,3,1200,0.823529411764706,0.0116666666666667,0.176470588235294
"Additive only",0.2,3,"additive",1,0,0,0,0,1200,NA,0,NA
"Additive only",0.2,3,"recessive",0,766682,0,980,765702,0,0,NA,1
"Additive only",0.2,3,"recessive",0.1,24,0,5,19,0,0,NA,1
"Additive only",0.2,3,"recessive",0.5,1,0,1,0,0,0,NA,1
"Additive only",0.2,3,"recessive",0.8,0,0,0,0,0,NA,NA,NA
"Additive only",0.2,3,"recessive",0.9,0,0,0,0,0,NA,NA,NA
"Additive only",0.2,3,"recessive",0.95,0,0,0,0,0,NA,NA,NA
"Additive only",0.2,3,"recessive",0.99,0,0,0,0,0,NA,NA,NA
"Additive only",0.2,3,"recessive",1,0,0,0,0,0,NA,NA,NA
"Additive only",0.2,3,"dominant",0,930513,0,1200,929313,0,0,NA,1
"Additive only",0.2,3,"dominant",0.1,355,0,170,185,0,0,NA,1
"Additive only",0.2,3,"dominant",0.5,31,0,30,1,0,0,NA,1
"Additive only",0.2,3,"dominant",0.8,5,0,5,0,0,0,NA,1
"Additive only",0.2,3,"dominant",0.9,2,0,2,0,0,0,NA,1
"Additive only",0.2,3,"dominant",0.95,1,0,1,0,0,0,NA,1
"Additive only",0.2,3,"dominant",0.99,0,0,0,0,0,NA,NA,NA
"Additive only",0.2,3,"dominant",1,0,0,0,0,0,NA,NA,NA
"Additive only",0.2,4,"additive",0,930513,1600,0,928913,1600,0.00171948161927883,1,0.998280518380721
"Additive only",0.2,4,"additive",0.1,1638,502,0,1136,1600,0.306471306471306,0.31375,0.693528693528694
"Additive only",0.2,4,"additive",0.5,200,146,0,54,1600,0.73,0.09125,0.27
"Additive only",0.2,4,"additive",0.8,67,60,0,7,1600,0.895522388059702,0.0375,0.104477611940299
"Additive only",0.2,4,"additive",0.9,37,34,0,3,1600,0.918918918918919,0.02125,0.0810810810810811
"Additive only",0.2,4,"additive",0.95,28,26,0,2,1600,0.928571428571429,0.01625,0.0714285714285714
"Additive only",0.2,4,"additive",0.99,11,10,0,1,1600,0.909090909090909,0.00625,0.0909090909090909
"Additive only",0.2,4,"additive",1,0,0,0,0,1600,NA,0,NA
"Additive only",0.2,4,"recessive",0,766682,0,1303,765379,0,0,NA,1
"Additive only",0.2,4,"recessive",0.1,31,0,3,28,0,0,NA,1
"Additive only",0.2,4,"recessive",0.5,1,0,0,1,0,0,NA,1
"Additive only",0.2,4,"recessive",0.8,0,0,0,0,0,NA,NA,NA
"Additive only",0.2,4,"recessive",0.9,0,0,0,0,0,NA,NA,NA
"Additive only",0.2,4,"recessive",0.95,0,0,0,0,0,NA,NA,NA
"Additive only",0.2,4,"recessive",0.99,0,0,0,0,0,NA,NA,NA
"Additive only",0.2,4,"recessive",1,0,0,0,0,0,NA,NA,NA
"Additive only",0.2,4,"dominant",0,930513,0,1600,928913,0,0,NA,1
"Additive only",0.2,4,"dominant",0.1,434,0,181,253,0,0,NA,1
"Additive only",0.2,4,"dominant",0.5,31,0,28,3,0,0,NA,1
"Additive only",0.2,4,"dominant",0.8,8,0,7,1,0,0,NA,1
"Additive only",0.2,4,"dominant",0.9,2,0,2,0,0,0,NA,1
"Additive only",0.2,4,"dominant",0.95,1,0,1,0,0,0,NA,1
"Additive only",0.2,4,"dominant",0.99,0,0,0,0,0,NA,NA,NA
"Additive only",0.2,4,"dominant",1,0,0,0,0,0,NA,NA,NA
"Additive only",0.2,5,"additive",0,930513,2000,0,928513,2000,0.00214935202409854,1,0.997850647975902
"Additive only",0.2,5,"additive",0.1,1540,432,0,1108,2000,0.280519480519481,0.216,0.719480519480519
"Additive only",0.2,5,"additive",0.5,147,112,0,35,2000,0.761904761904762,0.056,0.238095238095238
"Additive only",0.2,5,"additive",0.8,56,47,0,9,2000,0.839285714285714,0.0235,0.160714285714286
"Additive only",0.2,5,"additive",0.9,35,33,0,2,2000,0.942857142857143,0.0165,0.0571428571428571
"Additive only",0.2,5,"additive",0.95,23,22,0,1,2000,0.956521739130435,0.011,0.0434782608695652
"Additive only",0.2,5,"additive",0.99,9,8,0,1,2000,0.888888888888889,0.004,0.111111111111111
"Additive only",0.2,5,"additive",1,0,0,0,0,2000,NA,0,NA
"Additive only",0.2,5,"recessive",0,766682,0,1639,765043,0,0,NA,1
"Additive only",0.2,5,"recessive",0.1,51,0,10,41,0,0,NA,1
"Additive only",0.2,5,"recessive",0.5,0,0,0,0,0,NA,NA,NA
"Additive only",0.2,5,"recessive",0.8,0,0,0,0,0,NA,NA,NA
"Additive only",0.2,5,"recessive",0.9,0,0,0,0,0,NA,NA,NA
"Additive only",0.2,5,"recessive",0.95,0,0,0,0,0,NA,NA,NA
"Additive only",0.2,5,"recessive",0.99,0,0,0,0,0,NA,NA,NA
"Additive only",0.2,5,"recessive",1,0,0,0,0,0,NA,NA,NA
"Additive only",0.2,5,"dominant",0,930513,0,2000,928513,0,0,NA,1
"Additive only",0.2,5,"dominant",0.1,465,0,167,298,0,0,NA,1
"Additive only",0.2,5,"dominant",0.5,28,0,22,6,0,0,NA,1
"Additive only",0.2,5,"dominant",0.8,3,0,3,0,0,0,NA,1
"Additive only",0.2,5,"dominant",0.9,2,0,2,0,0,0,NA,1
"Additive only",0.2,5,"dominant",0.95,0,0,0,0,0,NA,NA,NA
"Additive only",0.2,5,"dominant",0.99,0,0,0,0,0,NA,NA,NA
"Additive only",0.2,5,"dominant",1,0,0,0,0,0,NA,NA,NA
"Additive only",0.3,1,"additive",0,930513,400,0,930113,400,0.000429870404819707,1,0.99957012959518
"Additive only",0.3,1,"additive",0.1,794,297,0,497,400,0.374055415617128,0.7425,0.625944584382871
"Additive only",0.3,1,"additive",0.5,191,164,0,27,400,0.858638743455497,0.41,0.141361256544503
"Additive only",0.3,1,"additive",0.8,130,124,0,6,400,0.953846153846154,0.31,0.0461538461538462
"Additive only",0.3,1,"additive",0.9,111,107,0,4,400,0.963963963963964,0.2675,0.036036036036036
"Additive only",0.3,1,"additive",0.95,98,97,0,1,400,0.989795918367347,0.2425,0.0102040816326531
"Additive only",0.3,1,"additive",0.99,75,75,0,0,400,1,0.1875,0
"Additive only",0.3,1,"additive",1,0,0,0,0,400,NA,0,NA
"Additive only",0.3,1,"recessive",0,766682,0,325,766357,0,0,NA,1
"Additive only",0.3,1,"recessive",0.1,1,0,0,1,0,0,NA,1
"Additive only",0.3,1,"recessive",0.5,0,0,0,0,0,NA,NA,NA
"Additive only",0.3,1,"recessive",0.8,0,0,0,0,0,NA,NA,NA
"Additive only",0.3,1,"recessive",0.9,0,0,0,0,0,NA,NA,NA
"Additive only",0.3,1,"recessive",0.95,0,0,0,0,0,NA,NA,NA
"Additive only",0.3,1,"recessive",0.99,0,0,0,0,0,NA,NA,NA
"Additive only",0.3,1,"recessive",1,0,0,0,0,0,NA,NA,NA
"Additive only",0.3,1,"dominant",0,930513,0,400,930113,0,0,NA,1
"Additive only",0.3,1,"dominant",0.1,40,0,28,12,0,0,NA,1
"Additive only",0.3,1,"dominant",0.5,13,0,12,1,0,0,NA,1
"Additive only",0.3,1,"dominant",0.8,1,0,1,0,0,0,NA,1
"Additive only",0.3,1,"dominant",0.9,1,0,1,0,0,0,NA,1
"Additive only",0.3,1,"dominant",0.95,1,0,1,0,0,0,NA,1
"Additive only",0.3,1,"dominant",0.99,0,0,0,0,0,NA,NA,NA
"Additive only",0.3,1,"dominant",1,0,0,0,0,0,NA,NA,NA
"Additive only",0.3,2,"additive",0,928421,798,0,927623,798,0.000859523858249652,1,0.99914047614175
"Additive only",0.3,2,"additive",0.1,1496,530,0,966,798,0.35427807486631,0.664160401002506,0.64572192513369
"Additive only",0.3,2,"additive",0.5,309,252,0,57,798,0.815533980582524,0.315789473684211,0.184466019417476
"Additive only",0.3,2,"additive",0.8,188,175,0,13,798,0.930851063829787,0.219298245614035,0.0691489361702128
"Additive only",0.3,2,"additive",0.9,152,142,0,10,798,0.934210526315789,0.177944862155388,0.0657894736842105
"Additive only",0.3,2,"additive",0.95,121,114,0,7,798,0.942148760330578,0.142857142857143,0.0578512396694215
"Additive only",0.3,2,"additive",0.99,80,75,0,5,798,0.9375,0.093984962406015,0.0625
"Additive only",0.3,2,"additive",1,0,0,0,0,798,NA,0,NA
"Additive only",0.3,2,"recessive",0,765050,0,648,764402,0,0,NA,1
"Additive only",0.3,2,"recessive",0.1,7,0,0,7,0,0,NA,1
"Additive only",0.3,2,"recessive",0.5,1,0,0,1,0,0,NA,1
"Additive only",0.3,2,"recessive",0.8,1,0,0,1,0,0,NA,1
"Additive only",0.3,2,"recessive",0.9,1,0,0,1,0,0,NA,1
"Additive only",0.3,2,"recessive",0.95,1,0,0,1,0,0,NA,1
"Additive only",0.3,2,"recessive",0.99,0,0,0,0,0,NA,NA,NA
"Additive only",0.3,2,"recessive",1,0,0,0,0,0,NA,NA,NA
"Additive only",0.3,2,"dominant",0,928421,0,798,927623,0,0,NA,1
"Additive only",0.3,2,"dominant",0.1,160,0,86,74,0,0,NA,1
"Additive only",0.3,2,"dominant",0.5,15,0,15,0,0,0,NA,1
"Additive only",0.3,2,"dominant",0.8,1,0,1,0,0,0,NA,1
"Additive only",0.3,2,"dominant",0.9,0,0,0,0,0,NA,NA,NA
"Additive only",0.3,2,"dominant",0.95,0,0,0,0,0,NA,NA,NA
"Additive only",0.3,2,"dominant",0.99,0,0,0,0,0,NA,NA,NA
"Additive only",0.3,2,"dominant",1,0,0,0,0,0,NA,NA,NA
"Additive only",0.3,3,"additive",0,929536,1200,0,928336,1200,0.00129096667584687,1,0.998709033324153
"Additive only",0.3,3,"additive",0.1,1960,659,0,1301,1200,0.336224489795918,0.549166666666667,0.663775510204082
"Additive only",0.3,3,"additive",0.5,333,267,0,66,1200,0.801801801801802,0.2225,0.198198198198198
"Additive only",0.3,3,"additive",0.8,177,165,0,12,1200,0.932203389830508,0.1375,0.0677966101694915
"Additive only",0.3,3,"additive",0.9,124,121,0,3,1200,0.975806451612903,0.100833333333333,0.0241935483870968
"Additive only",0.3,3,"additive",0.95,100,97,0,3,1200,0.97,0.0808333333333333,0.03
"Additive only",0.3,3,"additive",0.99,61,59,0,2,1200,0.967213114754098,0.0491666666666667,0.0327868852459016
"Additive only",0.3,3,"additive",1,0,0,0,0,1200,NA,0,NA
"Additive only",0.3,3,"recessive",0,766023,0,980,765043,0,0,NA,1
"Additive only",0.3,3,"recessive",0.1,17,0,1,16,0,0,NA,1
"Additive only",0.3,3,"recessive",0.5,0,0,0,0,0,NA,NA,NA
"Additive only",0.3,3,"recessive",0.8,0,0,0,0,0,NA,NA,NA
"Additive only",0.3,3,"recessive",0.9,0,0,0,0,0,NA,NA,NA
"Additive only",0.3,3,"recessive",0.95,0,0,0,0,0,NA,NA,NA
"Additive only",0.3,3,"recessive",0.99,0,0,0,0,0,NA,NA,NA
"Additive only",0.3,3,"recessive",1,0,0,0,0,0,NA,NA,NA
"Additive only",0.3,3,"dominant",0,929536,0,1200,928336,0,0,NA,1
"Additive only",0.3,3,"dominant",0.1,297,0,153,144,0,0,NA,1
"Additive only",0.3,3,"dominant",0.5,35,0,30,5,0,0,NA,1
"Additive only",0.3,3,"dominant",0.8,8,0,8,0,0,0,NA,1
"Additive only",0.3,3,"dominant",0.9,2,0,2,0,0,0,NA,1
"Additive only",0.3,3,"dominant",0.95,0,0,0,0,0,NA,NA,NA
"Additive only",0.3,3,"dominant",0.99,0,0,0,0,0,NA,NA,NA
"Additive only",0.3,3,"dominant",1,0,0,0,0,0,NA,NA,NA
"Additive only",0.3,4,"additive",0,930513,1600,0,928913,1600,0.00171948161927883,1,0.998280518380721
"Additive only",0.3,4,"additive",0.1,2359,777,0,1582,1600,0.329376854599407,0.485625,0.670623145400593
"Additive only",0.3,4,"additive",0.5,381,292,0,89,1600,0.766404199475066,0.1825,0.233595800524934
"Additive only",0.3,4,"additive",0.8,180,165,0,15,1600,0.916666666666667,0.103125,0.0833333333333333
"Additive only",0.3,4,"additive",0.9,129,119,0,10,1600,0.922480620155039,0.074375,0.0775193798449612
"Additive only",0.3,4,"additive",0.95,91,86,0,5,1600,0.945054945054945,0.05375,0.0549450549450549
"Additive only",0.3,4,"additive",0.99,50,48,0,2,1600,0.96,0.03,0.04
"Additive only",0.3,4,"additive",1,0,0,0,0,1600,NA,0,NA
"Additive only",0.3,4,"recessive",0,766682,0,1303,765379,0,0,NA,1
"Additive only",0.3,4,"recessive",0.1,15,0,2,13,0,0,NA,1
"Additive only",0.3,4,"recessive",0.5,2,0,0,2,0,0,NA,1
"Additive only",0.3,4,"recessive",0.8,0,0,0,0,0,NA,NA,NA
"Additive only",0.3,4,"recessive",0.9,0,0,0,0,0,NA,NA,NA
"Additive only",0.3,4,"recessive",0.95,0,0,0,0,0,NA,NA,NA
"Additive only",0.3,4,"recessive",0.99,0,0,0,0,0,NA,NA,NA
"Additive only",0.3,4,"recessive",1,0,0,0,0,0,NA,NA,NA
"Additive only",0.3,4,"dominant",0,930513,0,1600,928913,0,0,NA,1
"Additive only",0.3,4,"dominant",0.1,433,0,209,224,0,0,NA,1
"Additive only",0.3,4,"dominant",0.5,45,0,41,4,0,0,NA,1
"Additive only",0.3,4,"dominant",0.8,11,0,10,1,0,0,NA,1
"Additive only",0.3,4,"dominant",0.9,5,0,4,1,0,0,NA,1
"Additive only",0.3,4,"dominant",0.95,3,0,3,0,0,0,NA,1
"Additive only",0.3,4,"dominant",0.99,0,0,0,0,0,NA,NA,NA
"Additive only",0.3,4,"dominant",1,0,0,0,0,0,NA,NA,NA
"Additive only",0.3,5,"additive",0,930513,2000,0,928513,2000,0.00214935202409854,1,0.997850647975902
"Additive only",0.3,5,"additive",0.1,2475,765,0,1710,2000,0.309090909090909,0.3825,0.690909090909091
"Additive only",0.3,5,"additive",0.5,367,282,0,85,2000,0.768392370572207,0.141,0.231607629427793
"Additive only",0.3,5,"additive",0.8,180,157,0,23,2000,0.872222222222222,0.0785,0.127777777777778
"Additive only",0.3,5,"additive",0.9,125,113,0,12,2000,0.904,0.0565,0.096
"Additive only",0.3,5,"additive",0.95,93,84,0,9,2000,0.903225806451613,0.042,0.0967741935483871
"Additive only",0.3,5,"additive",0.99,36,33,0,3,2000,0.916666666666667,0.0165,0.0833333333333333
"Additive only",0.3,5,"additive",1,0,0,0,0,2000,NA,0,NA
"Additive only",0.3,5,"recessive",0,766682,0,1639,765043,0,0,NA,1
"Additive only",0.3,5,"recessive",0.1,22,0,3,19,0,0,NA,1
"Additive only",0.3,5,"recessive",0.5,0,0,0,0,0,NA,NA,NA
"Additive only",0.3,5,"recessive",0.8,0,0,0,0,0,NA,NA,NA
"Additive only",0.3,5,"recessive",0.9,0,0,0,0,0,NA,NA,NA
"Additive only",0.3,5,"recessive",0.95,0,0,0,0,0,NA,NA,NA
"Additive only",0.3,5,"recessive",0.99,0,0,0,0,0,NA,NA,NA
"Additive only",0.3,5,"recessive",1,0,0,0,0,0,NA,NA,NA
"Additive only",0.3,5,"dominant",0,930513,0,2000,928513,0,0,NA,1
"Additive only",0.3,5,"dominant",0.1,574,0,242,332,0,0,NA,1
"Additive only",0.3,5,"dominant",0.5,38,0,30,8,0,0,NA,1
"Additive only",0.3,5,"dominant",0.8,7,0,6,1,0,0,NA,1
"Additive only",0.3,5,"dominant",0.9,3,0,3,0,0,0,NA,1
"Additive only",0.3,5,"dominant",0.95,0,0,0,0,0,NA,NA,NA
"Additive only",0.3,5,"dominant",0.99,0,0,0,0,0,NA,NA,NA
"Additive only",0.3,5,"dominant",1,0,0,0,0,0,NA,NA,NA
"Additive only",0.4,1,"additive",0,930513,400,0,930113,400,0.000429870404819707,1,0.99957012959518
"Additive only",0.4,1,"additive",0.1,791,317,0,474,400,0.400758533501896,0.7925,0.599241466498104
"Additive only",0.4,1,"additive",0.5,209,183,0,26,400,0.875598086124402,0.4575,0.124401913875598
"Additive only",0.4,1,"additive",0.8,156,148,0,8,400,0.948717948717949,0.37,0.0512820512820513
"Additive only",0.4,1,"additive",0.9,137,133,0,4,400,0.970802919708029,0.3325,0.0291970802919708
"Additive only",0.4,1,"additive",0.95,123,120,0,3,400,0.975609756097561,0.3,0.024390243902439
"Additive only",0.4,1,"additive",0.99,106,106,0,0,400,1,0.265,0
"Additive only",0.4,1,"additive",1,4,4,0,0,400,1,0.01,0
"Additive only",0.4,1,"recessive",0,766682,0,325,766357,0,0,NA,1
"Additive only",0.4,1,"recessive",0.1,1,0,0,1,0,0,NA,1
"Additive only",0.4,1,"recessive",0.5,0,0,0,0,0,NA,NA,NA
"Additive only",0.4,1,"recessive",0.8,0,0,0,0,0,NA,NA,NA
"Additive only",0.4,1,"recessive",0.9,0,0,0,0,0,NA,NA,NA
"Additive only",0.4,1,"recessive",0.95,0,0,0,0,0,NA,NA,NA
"Additive only",0.4,1,"recessive",0.99,0,0,0,0,0,NA,NA,NA
"Additive only",0.4,1,"recessive",1,0,0,0,0,0,NA,NA,NA
"Additive only",0.4,1,"dominant",0,930513,0,400,930113,0,0,NA,1
"Additive only",0.4,1,"dominant",0.1,31,0,22,9,0,0,NA,1
"Additive only",0.4,1,"dominant",0.5,12,0,12,0,0,0,NA,1
"Additive only",0.4,1,"dominant",0.8,1,0,1,0,0,0,NA,1
"Additive only",0.4,1,"dominant",0.9,1,0,1,0,0,0,NA,1
"Additive only",0.4,1,"dominant",0.95,1,0,1,0,0,0,NA,1
"Additive only",0.4,1,"dominant",0.99,0,0,0,0,0,NA,NA,NA
"Additive only",0.4,1,"dominant",1,0,0,0,0,0,NA,NA,NA
"Additive only",0.4,2,"additive",0,928421,798,0,927623,798,0.000859523858249652,1,0.99914047614175
"Additive only",0.4,2,"additive",0.1,1552,574,0,978,798,0.369845360824742,0.719298245614035,0.630154639175258
"Additive only",0.4,2,"additive",0.5,367,305,0,62,798,0.831062670299727,0.382205513784461,0.168937329700272
"Additive only",0.4,2,"additive",0.8,236,221,0,15,798,0.936440677966102,0.276942355889724,0.0635593220338983
"Additive only",0.4,2,"additive",0.9,208,196,0,12,798,0.942307692307692,0.245614035087719,0.0576923076923077
"Additive only",0.4,2,"additive",0.95,189,177,0,12,798,0.936507936507937,0.221804511278195,0.0634920634920635
"Additive only",0.4,2,"additive",0.99,142,131,0,11,798,0.922535211267606,0.164160401002506,0.0774647887323944
"Additive only",0.4,2,"additive",1,1,1,0,0,798,1,0.0012531328320802,0
"Additive only",0.4,2,"recessive",0,765050,0,648,764402,0,0,NA,1
"Additive only",0.4,2,"recessive",0.1,4,0,0,4,0,0,NA,1
"Additive only",0.4,2,"recessive",0.5,1,0,0,1,0,0,NA,1
"Additive only",0.4,2,"recessive",0.8,1,0,0,1,0,0,NA,1
"Additive only",0.4,2,"recessive",0.9,1,0,0,1,0,0,NA,1
"Additive only",0.4,2,"recessive",0.95,1,0,0,1,0,0,NA,1
"Additive only",0.4,2,"recessive",0.99,1,0,0,1,0,0,NA,1
"Additive only",0.4,2,"recessive",1,0,0,0,0,0,NA,NA,NA
"Additive only",0.4,2,"dominant",0,928421,0,798,927623,0,0,NA,1
"Additive only",0.4,2,"dominant",0.1,110,0,64,46,0,0,NA,1
"Additive only",0.4,2,"dominant",0.5,15,0,15,0,0,0,NA,1
"Additive only",0.4,2,"dominant",0.8,1,0,1,0,0,0,NA,1
"Additive only",0.4,2,"dominant",0.9,1,0,1,0,0,0,NA,1
"Additive only",0.4,2,"dominant",0.95,0,0,0,0,0,NA,NA,NA
"Additive only",0.4,2,"dominant",0.99,0,0,0,0,0,NA,NA,NA
"Additive only",0.4,2,"dominant",1,0,0,0,0,0,NA,NA,NA
"Additive only",0.4,3,"additive",0,930513,1200,0,929313,1200,0.00128961121445912,1,0.998710388785541
"Additive only",0.4,3,"additive",0.1,2146,772,0,1374,1200,0.359739049394222,0.643333333333333,0.640260950605778
"Additive only",0.4,3,"additive",0.5,424,360,0,64,1200,0.849056603773585,0.3,0.150943396226415
"Additive only",0.4,3,"additive",0.8,272,255,0,17,1200,0.9375,0.2125,0.0625
"Additive only",0.4,3,"additive",0.9,218,210,0,8,1200,0.963302752293578,0.175,0.036697247706422
"Additive only",0.4,3,"additive",0.95,185,180,0,5,1200,0.972972972972973,0.15,0.027027027027027
"Additive only",0.4,3,"additive",0.99,125,122,0,3,1200,0.976,0.101666666666667,0.024
"Additive only",0.4,3,"additive",1,0,0,0,0,1200,NA,0,NA
"Additive only",0.4,3,"recessive",0,766682,0,980,765702,0,0,NA,1
"Additive only",0.4,3,"recessive",0.1,13,0,1,12,0,0,NA,1
"Additive only",0.4,3,"recessive",0.5,0,0,0,0,0,NA,NA,NA
"Additive only",0.4,3,"recessive",0.8,0,0,0,0,0,NA,NA,NA
"Additive only",0.4,3,"recessive",0.9,0,0,0,0,0,NA,NA,NA
"Additive only",0.4,3,"recessive",0.95,0,0,0,0,0,NA,NA,NA
"Additive only",0.4,3,"recessive",0.99,0,0,0,0,0,NA,NA,NA
"Additive only",0.4,3,"recessive",1,0,0,0,0,0,NA,NA,NA
"Additive only",0.4,3,"dominant",0,930513,0,1200,929313,0,0,NA,1
"Additive only",0.4,3,"dominant",0.1,242,0,132,110,0,0,NA,1
"Additive only",0.4,3,"dominant",0.5,33,0,28,5,0,0,NA,1
"Additive only",0.4,3,"dominant",0.8,6,0,6,0,0,0,NA,1
"Additive only",0.4,3,"dominant",0.9,1,0,1,0,0,0,NA,1
"Additive only",0.4,3,"dominant",0.95,0,0,0,0,0,NA,NA,NA
"Additive only",0.4,3,"dominant",0.99,0,0,0,0,0,NA,NA,NA
"Additive only",0.4,3,"dominant",1,0,0,0,0,0,NA,NA,NA
"Additive only",0.4,4,"additive",0,930513,1600,0,928913,1600,0.00171948161927883,1,0.998280518380721
"Additive only",0.4,4,"additive",0.1,2669,906,0,1763,1600,0.339452978643687,0.56625,0.660547021356313
"Additive only",0.4,4,"additive",0.5,511,411,0,100,1600,0.804305283757339,0.256875,0.195694716242661
"Additive only",0.4,4,"additive",0.8,290,265,0,25,1600,0.913793103448276,0.165625,0.0862068965517241
"Additive only",0.4,4,"additive",0.9,227,210,0,17,1600,0.92511013215859,0.13125,0.0748898678414097
"Additive only",0.4,4,"additive",0.95,181,170,0,11,1600,0.939226519337017,0.10625,0.0607734806629834
"Additive only",0.4,4,"additive",0.99,112,108,0,4,1600,0.964285714285714,0.0675,0.0357142857142857
"Additive only",0.4,4,"additive",1,0,0,0,0,1600,NA,0,NA
"Additive only",0.4,4,"recessive",0,766682,0,1303,765379,0,0,NA,1
"Additive only",0.4,4,"recessive",0.1,6,0,0,6,0,0,NA,1
"Additive only",0.4,4,"recessive",0.5,2,0,0,2,0,0,NA,1
"Additive only",0.4,4,"recessive",0.8,0,0,0,0,0,NA,NA,NA
"Additive only",0.4,4,"recessive",0.9,0,0,0,0,0,NA,NA,NA
"Additive only",0.4,4,"recessive",0.95,0,0,0,0,0,NA,NA,NA
"Additive only",0.4,4,"recessive",0.99,0,0,0,0,0,NA,NA,NA
"Additive only",0.4,4,"recessive",1,0,0,0,0,0,NA,NA,NA
"Additive only",0.4,4,"dominant",0,930513,0,1600,928913,0,0,NA,1
"Additive only",0.4,4,"dominant",0.1,343,0,179,164,0,0,NA,1
"Additive only",0.4,4,"dominant",0.5,43,0,41,2,0,0,NA,1
"Additive only",0.4,4,"dominant",0.8,13,0,12,1,0,0,NA,1
"Additive only",0.4,4,"dominant",0.9,7,0,6,1,0,0,NA,1
"Additive only",0.4,4,"dominant",0.95,4,0,4,0,0,0,NA,1
"Additive only",0.4,4,"dominant",0.99,1,0,1,0,0,0,NA,1
"Additive only",0.4,4,"dominant",1,0,0,0,0,0,NA,NA,NA
"Additive only",0.4,5,"additive",0,930513,2000,0,928513,2000,0.00214935202409854,1,0.997850647975902
"Additive only",0.4,5,"additive",0.1,3018,977,0,2041,2000,0.323724320742213,0.4885,0.676275679257787
"Additive only",0.4,5,"additive",0.5,531,417,0,114,2000,0.785310734463277,0.2085,0.214689265536723
"Additive only",0.4,5,"additive",0.8,312,273,0,39,2000,0.875,0.1365,0.125
"Additive only",0.4,5,"additive",0.9,227,208,0,19,2000,0.916299559471366,0.104,0.0837004405286344
"Additive only",0.4,5,"additive",0.95,184,171,0,13,2000,0.929347826086957,0.0855,0.0706521739130435
"Additive only",0.4,5,"additive",0.99,116,107,0,9,2000,0.922413793103448,0.0535,0.0775862068965517
"Additive only",0.4,5,"additive",1,0,0,0,0,2000,NA,0,NA
"Additive only",0.4,5,"recessive",0,766682,0,1639,765043,0,0,NA,1
"Additive only",0.4,5,"recessive",0.1,17,0,2,15,0,0,NA,1
"Additive only",0.4,5,"recessive",0.5,0,0,0,0,0,NA,NA,NA
"Additive only",0.4,5,"recessive",0.8,0,0,0,0,0,NA,NA,NA
"Additive only",0.4,5,"recessive",0.9,0,0,0,0,0,NA,NA,NA
"Additive only",0.4,5,"recessive",0.95,0,0,0,0,0,NA,NA,NA
"Additive only",0.4,5,"recessive",0.99,0,0,0,0,0,NA,NA,NA
"Additive only",0.4,5,"recessive",1,0,0,0,0,0,NA,NA,NA
"Additive only",0.4,5,"dominant",0,930513,0,2000,928513,0,0,NA,1
"Additive only",0.4,5,"dominant",0.1,544,0,245,299,0,0,NA,1
"Additive only",0.4,5,"dominant",0.5,43,0,33,10,0,0,NA,1
"Additive only",0.4,5,"dominant",0.8,10,0,9,1,0,0,NA,1
"Additive only",0.4,5,"dominant",0.9,3,0,3,0,0,0,NA,1
"Additive only",0.4,5,"dominant",0.95,2,0,2,0,0,0,NA,1
"Additive only",0.4,5,"dominant",0.99,0,0,0,0,0,NA,NA,NA
"Additive only",0.4,5,"dominant",1,0,0,0,0,0,NA,NA,NA
"Dominant only",0.1,1,"additive",0,930513,0,400,930113,0,0,NA,1
"Dominant only",0.1,1,"additive",0.1,102,0,55,47,0,0,NA,1
"Dominant only",0.1,1,"additive",0.5,11,0,11,0,0,0,NA,1
"Dominant only",0.1,1,"additive",0.8,3,0,3,0,0,0,NA,1
"Dominant only",0.1,1,"additive",0.9,1,0,1,0,0,0,NA,1
"Dominant only",0.1,1,"additive",0.95,0,0,0,0,0,NA,NA,NA
"Dominant only",0.1,1,"additive",0.99,0,0,0,0,0,NA,NA,NA
"Dominant only",0.1,1,"additive",1,0,0,0,0,0,NA,NA,NA
"Dominant only",0.1,1,"recessive",0,766682,0,325,766357,0,0,NA,1
"Dominant only",0.1,1,"recessive",0.1,5,0,0,5,0,0,NA,1
"Dominant only",0.1,1,"recessive",0.5,0,0,0,0,0,NA,NA,NA
"Dominant only",0.1,1,"recessive",0.8,0,0,0,0,0,NA,NA,NA
"Dominant only",0.1,1,"recessive",0.9,0,0,0,0,0,NA,NA,NA
"Dominant only",0.1,1,"recessive",0.95,0,0,0,0,0,NA,NA,NA
"Dominant only",0.1,1,"recessive",0.99,0,0,0,0,0,NA,NA,NA
"Dominant only",0.1,1,"recessive",1,0,0,0,0,0,NA,NA,NA
"Dominant only",0.1,1,"dominant",0,930513,400,0,930113,400,0.000429870404819707,1,0.99957012959518
"Dominant only",0.1,1,"dominant",0.1,602,219,0,383,400,0.363787375415282,0.5475,0.636212624584718
"Dominant only",0.1,1,"dominant",0.5,91,77,0,14,400,0.846153846153846,0.1925,0.153846153846154
"Dominant only",0.1,1,"dominant",0.8,59,58,0,1,400,0.983050847457627,0.145,0.0169491525423729
"Dominant only",0.1,1,"dominant",0.9,45,44,0,1,400,0.977777777777778,0.11,0.0222222222222222
"Dominant only",0.1,1,"dominant",0.95,30,30,0,0,400,1,0.075,0
"Dominant only",0.1,1,"dominant",0.99,14,14,0,0,400,1,0.035,0
"Dominant only",0.1,1,"dominant",1,0,0,0,0,400,NA,0,NA
"Dominant only",0.1,2,"additive",0,928421,0,798,927623,0,0,NA,1
"Dominant only",0.1,2,"additive",0.1,238,0,112,126,0,0,NA,1
"Dominant only",0.1,2,"additive",0.5,18,0,14,4,0,0,NA,1
"Dominant only",0.1,2,"additive",0.8,2,0,1,1,0,0,NA,1
"Dominant only",0.1,2,"additive",0.9,2,0,1,1,0,0,NA,1
"Dominant only",0.1,2,"additive",0.95,1,0,1,0,0,0,NA,1
"Dominant only",0.1,2,"additive",0.99,0,0,0,0,0,NA,NA,NA
"Dominant only",0.1,2,"additive",1,0,0,0,0,0,NA,NA,NA
"Dominant only",0.1,2,"recessive",0,765050,0,648,764402,0,0,NA,1
"Dominant only",0.1,2,"recessive",0.1,18,0,0,18,0,0,NA,1
"Dominant only",0.1,2,"recessive",0.5,1,0,0,1,0,0,NA,1
"Dominant only",0.1,2,"recessive",0.8,0,0,0,0,0,NA,NA,NA
"Dominant only",0.1,2,"recessive",0.9,0,0,0,0,0,NA,NA,NA
"Dominant only",0.1,2,"recessive",0.95,0,0,0,0,0,NA,NA,NA
"Dominant only",0.1,2,"recessive",0.99,0,0,0,0,0,NA,NA,NA
"Dominant only",0.1,2,"recessive",1,0,0,0,0,0,NA,NA,NA
"Dominant only",0.1,2,"dominant",0,928421,798,0,927623,798,0.000859523858249652,1,0.99914047614175
"Dominant only",0.1,2,"dominant",0.1,850,272,0,578,798,0.32,0.340852130325815,0.68
"Dominant only",0.1,2,"dominant",0.5,93,77,0,16,798,0.827956989247312,0.0964912280701754,0.172043010752688
"Dominant only",0.1,2,"dominant",0.8,34,31,0,3,798,0.911764705882353,0.0388471177944862,0.0882352941176471
"Dominant only",0.1,2,"dominant",0.9,21,19,0,2,798,0.904761904761905,0.0238095238095238,0.0952380952380952
"Dominant only",0.1,2,"dominant",0.95,13,13,0,0,798,1,0.0162907268170426,0
"Dominant only",0.1,2,"dominant",0.99,4,4,0,0,798,1,0.0050125313283208,0
"Dominant only",0.1,2,"dominant",1,0,0,0,0,798,NA,0,NA
"Dominant only",0.1,3,"additive",0,930513,0,1200,929313,0,0,NA,1
"Dominant only",0.1,3,"additive",0.1,245,0,87,158,0,0,NA,1
"Dominant only",0.1,3,"additive",0.5,8,0,5,3,0,0,NA,1
"Dominant only",0.1,3,"additive",0.8,2,0,1,1,0,0,NA,1
"Dominant only",0.1,3,"additive",0.9,0,0,0,0,0,NA,NA,NA
"Dominant only",0.1,3,"additive",0.95,0,0,0,0,0,NA,NA,NA
"Dominant only",0.1,3,"additive",0.99,0,0,0,0,0,NA,NA,NA
"Dominant only",0.1,3,"additive",1,0,0,0,0,0,NA,NA,NA
"Dominant only",0.1,3,"recessive",0,766682,0,980,765702,0,0,NA,1
"Dominant only",0.1,3,"recessive",0.1,15,0,0,15,0,0,NA,1
"Dominant only",0.1,3,"recessive",0.5,0,0,0,0,0,NA,NA,NA
"Dominant only",0.1,3,"recessive",0.8,0,0,0,0,0,NA,NA,NA
"Dominant only",0.1,3,"recessive",0.9,0,0,0,0,0,NA,NA,NA
"Dominant only",0.1,3,"recessive",0.95,0,0,0,0,0,NA,NA,NA
"Dominant only",0.1,3,"recessive",0.99,0,0,0,0,0,NA,NA,NA
"Dominant only",0.1,3,"recessive",1,0,0,0,0,0,NA,NA,NA
"Dominant only",0.1,3,"dominant",0,930513,1200,0,929313,1200,0.00128961121445912,1,0.998710388785541
"Dominant only",0.1,3,"dominant",0.1,613,182,0,431,1200,0.296900489396411,0.151666666666667,0.703099510603589
"Dominant only",0.1,3,"dominant",0.5,50,40,0,10,1200,0.8,0.0333333333333333,0.2
"Dominant only",0.1,3,"dominant",0.8,19,17,0,2,1200,0.894736842105263,0.0141666666666667,0.105263157894737
"Dominant only",0.1,3,"dominant",0.9,10,10,0,0,1200,1,0.00833333333333333,0
"Dominant only",0.1,3,"dominant",0.95,5,5,0,0,1200,1,0.00416666666666667,0
"Dominant only",0.1,3,"dominant",0.99,1,1,0,0,1200,1,0.000833333333333333,0
"Dominant only",0.1,3,"dominant",1,0,0,0,0,1200,NA,0,NA
"Dominant only",0.1,4,"additive",0,930513,0,1600,928913,0,0,NA,1
"Dominant only",0.1,4,"additive",0.1,210,0,58,152,0,0,NA,1
"Dominant only",0.1,4,"additive",0.5,8,0,7,1,0,0,NA,1
"Dominant only",0.1,4,"additive",0.8,1,0,0,1,0,0,NA,1
"Dominant only",0.1,4,"additive",0.9,0,0,0,0,0,NA,NA,NA
"Dominant only",0.1,4,"additive",0.95,0,0,0,0,0,NA,NA,NA
"Dominant only",0.1,4,"additive",0.99,0,0,0,0,0,NA,NA,NA
"Dominant only",0.1,4,"additive",1,0,0,0,0,0,NA,NA,NA
"Dominant only",0.1,4,"recessive",0,766682,0,1303,765379,0,0,NA,1
"Dominant only",0.1,4,"recessive",0.1,26,0,0,26,0,0,NA,1
"Dominant only",0.1,4,"recessive",0.5,1,0,0,1,0,0,NA,1
"Dominant only",0.1,4,"recessive",0.8,0,0,0,0,0,NA,NA,NA
"Dominant only",0.1,4,"recessive",0.9,0,0,0,0,0,NA,NA,NA
"Dominant only",0.1,4,"recessive",0.95,0,0,0,0,0,NA,NA,NA
"Dominant only",0.1,4,"recessive",0.99,0,0,0,0,0,NA,NA,NA
"Dominant only",0.1,4,"recessive",1,0,0,0,0,0,NA,NA,NA
"Dominant only",0.1,4,"dominant",0,930513,1600,0,928913,1600,0.00171948161927883,1,0.998280518380721
"Dominant only",0.1,4,"dominant",0.1,441,127,0,314,1600,0.287981859410431,0.079375,0.712018140589569
"Dominant only",0.1,4,"dominant",0.5,29,23,0,6,1600,0.793103448275862,0.014375,0.206896551724138
"Dominant only",0.1,4,"dominant",0.8,11,8,0,3,1600,0.727272727272727,0.005,0.272727272727273
"Dominant only",0.1,4,"dominant",0.9,4,3,0,1,1600,0.75,0.001875,0.25
"Dominant only",0.1,4,"dominant",0.95,2,2,0,0,1600,1,0.00125,0
"Dominant only",0.1,4,"dominant",0.99,0,0,0,0,1600,NA,0,NA
"Dominant only",0.1,4,"dominant",1,0,0,0,0,1600,NA,0,NA
"Dominant only",0.1,5,"additive",0,930513,0,2000,928513,0,0,NA,1
"Dominant only",0.1,5,"additive",0.1,182,0,47,135,0,0,NA,1
"Dominant only",0.1,5,"additive",0.5,12,0,7,5,0,0,NA,1
"Dominant only",0.1,5,"additive",0.8,0,0,0,0,0,NA,NA,NA
"Dominant only",0.1,5,"additive",0.9,0,0,0,0,0,NA,NA,NA
"Dominant only",0.1,5,"additive",0.95,0,0,0,0,0,NA,NA,NA
"Dominant only",0.1,5,"additive",0.99,0,0,0,0,0,NA,NA,NA
"Dominant only",0.1,5,"additive",1,0,0,0,0,0,NA,NA,NA
"Dominant only",0.1,5,"recessive",0,766682,0,1639,765043,0,0,NA,1
"Dominant only",0.1,5,"recessive",0.1,27,0,0,27,0,0,NA,1
"Dominant only",0.1,5,"recessive",0.5,1,0,0,1,0,0,NA,1
"Dominant only",0.1,5,"recessive",0.8,0,0,0,0,0,NA,NA,NA
"Dominant only",0.1,5,"recessive",0.9,0,0,0,0,0,NA,NA,NA
"Dominant only",0.1,5,"recessive",0.95,0,0,0,0,0,NA,NA,NA
"Dominant only",0.1,5,"recessive",0.99,0,0,0,0,0,NA,NA,NA
"Dominant only",0.1,5,"recessive",1,0,0,0,0,0,NA,NA,NA
"Dominant only",0.1,5,"dominant",0,930513,2000,0,928513,2000,0.00214935202409854,1,0.997850647975902
"Dominant only",0.1,5,"dominant",0.1,324,88,0,236,2000,0.271604938271605,0.044,0.728395061728395
"Dominant only",0.1,5,"dominant",0.5,25,15,0,10,2000,0.6,0.0075,0.4
"Dominant only",0.1,5,"dominant",0.8,6,3,0,3,2000,0.5,0.0015,0.5
"Dominant only",0.1,5,"dominant",0.9,3,1,0,2,2000,0.333333333333333,5e-04,0.666666666666667
"Dominant only",0.1,5,"dominant",0.95,2,1,0,1,2000,0.5,5e-04,0.5
"Dominant only",0.1,5,"dominant",0.99,0,0,0,0,2000,NA,0,NA
"Dominant only",0.1,5,"dominant",1,0,0,0,0,2000,NA,0,NA
"Dominant only",0.2,1,"additive",0,930513,0,400,930113,0,0,NA,1
"Dominant only",0.2,1,"additive",0.1,49,0,35,14,0,0,NA,1
"Dominant only",0.2,1,"additive",0.5,13,0,11,2,0,0,NA,1
"Dominant only",0.2,1,"additive",0.8,3,0,3,0,0,0,NA,1
"Dominant only",0.2,1,"additive",0.9,2,0,2,0,0,0,NA,1
"Dominant only",0.2,1,"additive",0.95,0,0,0,0,0,NA,NA,NA
"Dominant only",0.2,1,"additive",0.99,0,0,0,0,0,NA,NA,NA
"Dominant only",0.2,1,"additive",1,0,0,0,0,0,NA,NA,NA
"Dominant only",0.2,1,"recessive",0,766682,0,325,766357,0,0,NA,1
"Dominant only",0.2,1,"recessive",0.1,1,0,0,1,0,0,NA,1
"Dominant only",0.2,1,"recessive",0.5,0,0,0,0,0,NA,NA,NA
"Dominant only",0.2,1,"recessive",0.8,0,0,0,0,0,NA,NA,NA
"Dominant only",0.2,1,"recessive",0.9,0,0,0,0,0,NA,NA,NA
"Dominant only",0.2,1,"recessive",0.95,0,0,0,0,0,NA,NA,NA
"Dominant only",0.2,1,"recessive",0.99,0,0,0,0,0,NA,NA,NA
"Dominant only",0.2,1,"recessive",1,0,0,0,0,0,NA,NA,NA
"Dominant only",0.2,1,"dominant",0,930513,400,0,930113,400,0.000429870404819707,1,0.99957012959518
"Dominant only",0.2,1,"dominant",0.1,734,272,0,462,400,0.370572207084469,0.68,0.629427792915531
"Dominant only",0.2,1,"dominant",0.5,161,140,0,21,400,0.869565217391304,0.35,0.130434782608696
"Dominant only",0.2,1,"dominant",0.8,101,99,0,2,400,0.98019801980198,0.2475,0.0198019801980198
"Dominant only",0.2,1,"dominant",0.9,82,81,0,1,400,0.98780487804878,0.2025,0.0121951219512195
"Dominant only",0.2,1,"dominant",0.95,73,72,0,1,400,0.986301369863014,0.18,0.0136986301369863
"Dominant only",0.2,1,"dominant",0.99,58,58,0,0,400,1,0.145,0
"Dominant only",0.2,1,"dominant",1,0,0,0,0,400,NA,0,NA
"Dominant only",0.2,2,"additive",0,928421,0,798,927623,0,0,NA,1
"Dominant only",0.2,2,"additive",0.1,240,0,136,104,0,0,NA,1
"Dominant only",0.2,2,"additive",0.5,29,0,22,7,0,0,NA,1
"Dominant only",0.2,2,"additive",0.8,6,0,4,2,0,0,NA,1
"Dominant only",0.2,2,"additive",0.9,3,0,2,1,0,0,NA,1
"Dominant only",0.2,2,"additive",0.95,0,0,0,0,0,NA,NA,NA
"Dominant only",0.2,2,"additive",0.99,0,0,0,0,0,NA,NA,NA
"Dominant only",0.2,2,"additive",1,0,0,0,0,0,NA,NA,NA
"Dominant only",0.2,2,"recessive",0,765050,0,648,764402,0,0,NA,1
"Dominant only",0.2,2,"recessive",0.1,9,0,0,9,0,0,NA,1
"Dominant only",0.2,2,"recessive",0.5,0,0,0,0,0,NA,NA,NA
"Dominant only",0.2,2,"recessive",0.8,0,0,0,0,0,NA,NA,NA
"Dominant only",0.2,2,"recessive",0.9,0,0,0,0,0,NA,NA,NA
"Dominant only",0.2,2,"recessive",0.95,0,0,0,0,0,NA,NA,NA
"Dominant only",0.2,2,"recessive",0.99,0,0,0,0,0,NA,NA,NA
"Dominant only",0.2,2,"recessive",1,0,0,0,0,0,NA,NA,NA
"Dominant only",0.2,2,"dominant",0,928421,798,0,927623,798,0.000859523858249652,1,0.99914047614175
"Dominant only",0.2,2,"dominant",0.1,1352,466,0,886,798,0.344674556213018,0.583959899749373,0.655325443786982
"Dominant only",0.2,2,"dominant",0.5,217,184,0,33,798,0.847926267281106,0.230576441102757,0.152073732718894
"Dominant only",0.2,2,"dominant",0.8,106,99,0,7,798,0.933962264150943,0.12406015037594,0.0660377358490566
"Dominant only",0.2,2,"dominant",0.9,84,80,0,4,798,0.952380952380952,0.100250626566416,0.0476190476190476
"Dominant only",0.2,2,"dominant",0.95,64,63,0,1,798,0.984375,0.0789473684210526,0.015625
"Dominant only",0.2,2,"dominant",0.99,40,40,0,0,798,1,0.050125313283208,0
"Dominant only",0.2,2,"dominant",1,0,0,0,0,798,NA,0,NA
"Dominant only",0.2,3,"additive",0,930513,0,1200,929313,0,0,NA,1
"Dominant only",0.2,3,"additive",0.1,404,0,179,225,0,0,NA,1
"Dominant only",0.2,3,"additive",0.5,37,0,30,7,0,0,NA,1
"Dominant only",0.2,3,"additive",0.8,5,0,3,2,0,0,NA,1
"Dominant only",0.2,3,"additive",0.9,2,0,0,2,0,0,NA,1
"Dominant only",0.2,3,"additive",0.95,2,0,0,2,0,0,NA,1
"Dominant only",0.2,3,"additive",0.99,0,0,0,0,0,NA,NA,NA
"Dominant only",0.2,3,"additive",1,0,0,0,0,0,NA,NA,NA
"Dominant only",0.2,3,"recessive",0,766682,0,980,765702,0,0,NA,1
"Dominant only",0.2,3,"recessive",0.1,25,0,0,25,0,0,NA,1
"Dominant only",0.2,3,"recessive",0.5,0,0,0,0,0,NA,NA,NA
"Dominant only",0.2,3,"recessive",0.8,0,0,0,0,0,NA,NA,NA
"Dominant only",0.2,3,"recessive",0.9,0,0,0,0,0,NA,NA,NA
"Dominant only",0.2,3,"recessive",0.95,0,0,0,0,0,NA,NA,NA
"Dominant only",0.2,3,"recessive",0.99,0,0,0,0,0,NA,NA,NA
"Dominant only",0.2,3,"recessive",1,0,0,0,0,0,NA,NA,NA
"Dominant only",0.2,3,"dominant",0,930513,1200,0,929313,1200,0.00128961121445912,1,0.998710388785541
"Dominant only",0.2,3,"dominant",0.1,1590,537,0,1053,1200,0.337735849056604,0.4475,0.662264150943396
"Dominant only",0.2,3,"dominant",0.5,222,188,0,34,1200,0.846846846846847,0.156666666666667,0.153153153153153
"Dominant only",0.2,3,"dominant",0.8,109,105,0,4,1200,0.963302752293578,0.0875,0.036697247706422
"Dominant only",0.2,3,"dominant",0.9,76,75,0,1,1200,0.986842105263158,0.0625,0.0131578947368421
"Dominant only",0.2,3,"dominant",0.95,58,57,0,1,1200,0.982758620689655,0.0475,0.0172413793103448
"Dominant only",0.2,3,"dominant",0.99,22,22,0,0,1200,1,0.0183333333333333,0
"Dominant only",0.2,3,"dominant",1,0,0,0,0,1200,NA,0,NA
"Dominant only",0.2,4,"additive",0,930513,0,1600,928913,0,0,NA,1
"Dominant only",0.2,4,"additive",0.1,505,0,207,298,0,0,NA,1
"Dominant only",0.2,4,"additive",0.5,30,0,23,7,0,0,NA,1
"Dominant only",0.2,4,"additive",0.8,4,0,2,2,0,0,NA,1
"Dominant only",0.2,4,"additive",0.9,2,0,0,2,0,0,NA,1
"Dominant only",0.2,4,"additive",0.95,1,0,0,1,0,0,NA,1
"Dominant only",0.2,4,"additive",0.99,1,0,0,1,0,0,NA,1
"Dominant only",0.2,4,"additive",1,0,0,0,0,0,NA,NA,NA
"Dominant only",0.2,4,"recessive",0,766682,0,1303,765379,0,0,NA,1
"Dominant only",0.2,4,"recessive",0.1,39,0,0,39,0,0,NA,1
"Dominant only",0.2,4,"recessive",0.5,4,0,0,4,0,0,NA,1
"Dominant only",0.2,4,"recessive",0.8,0,0,0,0,0,NA,NA,NA
"Dominant only",0.2,4,"recessive",0.9,0,0,0,0,0,NA,NA,NA
"Dominant only",0.2,4,"recessive",0.95,0,0,0,0,0,NA,NA,NA
"Dominant only",0.2,4,"recessive",0.99,0,0,0,0,0,NA,NA,NA
"Dominant only",0.2,4,"recessive",1,0,0,0,0,0,NA,NA,NA
"Dominant only",0.2,4,"dominant",0,930513,1600,0,928913,1600,0.00171948161927883,1,0.998280518380721
"Dominant only",0.2,4,"dominant",0.1,1641,519,0,1122,1600,0.316270566727605,0.324375,0.683729433272395
"Dominant only",0.2,4,"dominant",0.5,184,159,0,25,1600,0.864130434782609,0.099375,0.135869565217391
"Dominant only",0.2,4,"dominant",0.8,85,81,0,4,1600,0.952941176470588,0.050625,0.0470588235294118
"Dominant only",0.2,4,"dominant",0.9,59,56,0,3,1600,0.949152542372881,0.035,0.0508474576271186
"Dominant only",0.2,4,"dominant",0.95,39,38,0,1,1600,0.974358974358974,0.02375,0.0256410256410256
"Dominant only",0.2,4,"dominant",0.99,19,19,0,0,1600,1,0.011875,0
"Dominant only",0.2,4,"dominant",1,0,0,0,0,1600,NA,0,NA
"Dominant only",0.2,5,"additive",0,930513,0,2000,928513,0,0,NA,1
"Dominant only",0.2,5,"additive",0.1,527,0,198,329,0,0,NA,1
"Dominant only",0.2,5,"additive",0.5,33,0,21,12,0,0,NA,1
"Dominant only",0.2,5,"additive",0.8,2,0,2,0,0,0,NA,1
"Dominant only",0.2,5,"additive",0.9,1,0,1,0,0,0,NA,1
"Dominant only",0.2,5,"additive",0.95,1,0,1,0,0,0,NA,1
"Dominant only",0.2,5,"additive",0.99,1,0,1,0,0,0,NA,1
"Dominant only",0.2,5,"additive",1,0,0,0,0,0,NA,NA,NA
"Dominant only",0.2,5,"recessive",0,766682,0,1639,765043,0,0,NA,1
"Dominant only",0.2,5,"recessive",0.1,33,0,0,33,0,0,NA,1
"Dominant only",0.2,5,"recessive",0.5,1,0,0,1,0,0,NA,1
"Dominant only",0.2,5,"recessive",0.8,0,0,0,0,0,NA,NA,NA
"Dominant only",0.2,5,"recessive",0.9,0,0,0,0,0,NA,NA,NA
"Dominant only",0.2,5,"recessive",0.95,0,0,0,0,0,NA,NA,NA
"Dominant only",0.2,5,"recessive",0.99,0,0,0,0,0,NA,NA,NA
"Dominant only",0.2,5,"recessive",1,0,0,0,0,0,NA,NA,NA
"Dominant only",0.2,5,"dominant",0,930513,2000,0,928513,2000,0.00214935202409854,1,0.997850647975902
"Dominant only",0.2,5,"dominant",0.1,1376,443,0,933,2000,0.321947674418605,0.2215,0.678052325581395
"Dominant only",0.2,5,"dominant",0.5,162,128,0,34,2000,0.790123456790123,0.064,0.209876543209877
"Dominant only",0.2,5,"dominant",0.8,63,53,0,10,2000,0.841269841269841,0.0265,0.158730158730159
"Dominant only",0.2,5,"dominant",0.9,37,31,0,6,2000,0.837837837837838,0.0155,0.162162162162162
"Dominant only",0.2,5,"dominant",0.95,21,20,0,1,2000,0.952380952380952,0.01,0.0476190476190476
"Dominant only",0.2,5,"dominant",0.99,7,7,0,0,2000,1,0.0035,0
"Dominant only",0.2,5,"dominant",1,0,0,0,0,2000,NA,0,NA
"Dominant only",0.3,1,"additive",0,931143,0,400,930743,0,0,NA,1
"Dominant only",0.3,1,"additive",0.1,34,0,27,7,0,0,NA,1
"Dominant only",0.3,1,"additive",0.5,11,0,11,0,0,0,NA,1
"Dominant only",0.3,1,"additive",0.8,2,0,2,0,0,0,NA,1
"Dominant only",0.3,1,"additive",0.9,2,0,2,0,0,0,NA,1
"Dominant only",0.3,1,"additive",0.95,1,0,1,0,0,0,NA,1
"Dominant only",0.3,1,"additive",0.99,0,0,0,0,0,NA,NA,NA
"Dominant only",0.3,1,"additive",1,0,0,0,0,0,NA,NA,NA
"Dominant only",0.3,1,"recessive",0,767197,0,325,766872,0,0,NA,1
"Dominant only",0.3,1,"recessive",0.1,1,0,0,1,0,0,NA,1
"Dominant only",0.3,1,"recessive",0.5,0,0,0,0,0,NA,NA,NA
"Dominant only",0.3,1,"recessive",0.8,0,0,0,0,0,NA,NA,NA
"Dominant only",0.3,1,"recessive",0.9,0,0,0,0,0,NA,NA,NA
"Dominant only",0.3,1,"recessive",0.95,0,0,0,0,0,NA,NA,NA
"Dominant only",0.3,1,"recessive",0.99,0,0,0,0,0,NA,NA,NA
"Dominant only",0.3,1,"recessive",1,0,0,0,0,0,NA,NA,NA
"Dominant only",0.3,1,"dominant",0,931143,400,0,930743,400,0.000429579559745388,1,0.999570420440255
"Dominant only",0.3,1,"dominant",0.1,793,305,0,488,400,0.384615384615385,0.7625,0.615384615384615
"Dominant only",0.3,1,"dominant",0.5,183,163,0,20,400,0.890710382513661,0.4075,0.109289617486339
"Dominant only",0.3,1,"dominant",0.8,136,131,0,5,400,0.963235294117647,0.3275,0.0367647058823529
"Dominant only",0.3,1,"dominant",0.9,122,120,0,2,400,0.983606557377049,0.3,0.0163934426229508
"Dominant only",0.3,1,"dominant",0.95,107,106,0,1,400,0.990654205607477,0.265,0.00934579439252336
"Dominant only",0.3,1,"dominant",0.99,80,80,0,0,400,1,0.2,0
"Dominant only",0.3,1,"dominant",1,3,3,0,0,400,1,0.0075,0
"Dominant only",0.3,2,"additive",0,928421,0,798,927623,0,0,NA,1
"Dominant only",0.3,2,"additive",0.1,191,0,103,88,0,0,NA,1
"Dominant only",0.3,2,"additive",0.5,26,0,19,7,0,0,NA,1
"Dominant only",0.3,2,"additive",0.8,6,0,3,3,0,0,NA,1
"Dominant only",0.3,2,"additive",0.9,4,0,1,3,0,0,NA,1
"Dominant only",0.3,2,"additive",0.95,3,0,1,2,0,0,NA,1
"Dominant only",0.3,2,"additive",0.99,1,0,0,1,0,0,NA,1
"Dominant only",0.3,2,"additive",1,0,0,0,0,0,NA,NA,NA
"Dominant only",0.3,2,"recessive",0,765050,0,648,764402,0,0,NA,1
"Dominant only",0.3,2,"recessive",0.1,16,0,1,15,0,0,NA,1
"Dominant only",0.3,2,"recessive",0.5,1,0,0,1,0,0,NA,1
"Dominant only",0.3,2,"recessive",0.8,0,0,0,0,0,NA,NA,NA
"Dominant only",0.3,2,"recessive",0.9,0,0,0,0,0,NA,NA,NA
"Dominant only",0.3,2,"recessive",0.95,0,0,0,0,0,NA,NA,NA
"Dominant only",0.3,2,"recessive",0.99,0,0,0,0,0,NA,NA,NA
"Dominant only",0.3,2,"recessive",1,0,0,0,0,0,NA,NA,NA
"Dominant only",0.3,2,"dominant",0,928421,798,0,927623,798,0.000859523858249652,1,0.99914047614175
"Dominant only",0.3,2,"dominant",0.1,1479,545,0,934,798,0.368492224475997,0.682957393483709,0.631507775524003
"Dominant only",0.3,2,"dominant",0.5,295,259,0,36,798,0.877966101694915,0.324561403508772,0.122033898305085
"Dominant only",0.3,2,"dominant",0.8,181,175,0,6,798,0.966850828729282,0.219298245614035,0.0331491712707182
"Dominant only",0.3,2,"dominant",0.9,152,148,0,4,798,0.973684210526316,0.18546365914787,0.0263157894736842
"Dominant only",0.3,2,"dominant",0.95,118,116,0,2,798,0.983050847457627,0.145363408521303,0.0169491525423729
"Dominant only",0.3,2,"dominant",0.99,78,78,0,0,798,1,0.0977443609022556,0
"Dominant only",0.3,2,"dominant",1,0,0,0,0,798,NA,0,NA
"Dominant only",0.3,3,"additive",0,930513,0,1200,929313,0,0,NA,1
"Dominant only",0.3,3,"additive",0.1,345,0,168,177,0,0,NA,1
"Dominant only",0.3,3,"additive",0.5,38,0,32,6,0,0,NA,1
"Dominant only",0.3,3,"additive",0.8,7,0,5,2,0,0,NA,1
"Dominant only",0.3,3,"additive",0.9,4,0,2,2,0,0,NA,1
"Dominant only",0.3,3,"additive",0.95,2,0,0,2,0,0,NA,1
"Dominant only",0.3,3,"additive",0.99,2,0,0,2,0,0,NA,1
"Dominant only",0.3,3,"additive",1,0,0,0,0,0,NA,NA,NA
"Dominant only",0.3,3,"recessive",0,766682,0,980,765702,0,0,NA,1
"Dominant only",0.3,3,"recessive",0.1,11,0,0,11,0,0,NA,1
"Dominant only",0.3,3,"recessive",0.5,0,0,0,0,0,NA,NA,NA
"Dominant only",0.3,3,"recessive",0.8,0,0,0,0,0,NA,NA,NA
"Dominant only",0.3,3,"recessive",0.9,0,0,0,0,0,NA,NA,NA
"Dominant only",0.3,3,"recessive",0.95,0,0,0,0,0,NA,NA,NA
"Dominant only",0.3,3,"recessive",0.99,0,0,0,0,0,NA,NA,NA
"Dominant only",0.3,3,"recessive",1,0,0,0,0,0,NA,NA,NA
"Dominant only",0.3,3,"dominant",0,930513,1200,0,929313,1200,0.00128961121445912,1,0.998710388785541
"Dominant only",0.3,3,"dominant",0.1,1975,693,0,1282,1200,0.350886075949367,0.5775,0.649113924050633
"Dominant only",0.3,3,"dominant",0.5,329,282,0,47,1200,0.857142857142857,0.235,0.142857142857143
"Dominant only",0.3,3,"dominant",0.8,203,198,0,5,1200,0.975369458128079,0.165,0.0246305418719212
"Dominant only",0.3,3,"dominant",0.9,155,154,0,1,1200,0.993548387096774,0.128333333333333,0.00645161290322581
"Dominant only",0.3,3,"dominant",0.95,125,124,0,1,1200,0.992,0.103333333333333,0.008
"Dominant only",0.3,3,"dominant",0.99,81,80,0,1,1200,0.987654320987654,0.0666666666666667,0.0123456790123457
"Dominant only",0.3,3,"dominant",1,0,0,0,0,1200,NA,0,NA
"Dominant only",0.3,4,"additive",0,930513,0,1600,928913,0,0,NA,1
"Dominant only",0.3,4,"additive",0.1,498,0,244,254,0,0,NA,1
"Dominant only",0.3,4,"additive",0.5,35,0,33,2,0,0,NA,1
"Dominant only",0.3,4,"additive",0.8,5,0,4,1,0,0,NA,1
"Dominant only",0.3,4,"additive",0.9,1,0,1,0,0,0,NA,1
"Dominant only",0.3,4,"additive",0.95,1,0,1,0,0,0,NA,1
"Dominant only",0.3,4,"additive",0.99,0,0,0,0,0,NA,NA,NA
"Dominant only",0.3,4,"additive",1,0,0,0,0,0,NA,NA,NA
"Dominant only",0.3,4,"recessive",0,766682,0,1303,765379,0,0,NA,1
"Dominant only",0.3,4,"recessive",0.1,36,0,0,36,0,0,NA,1
"Dominant only",0.3,4,"recessive",0.5,4,0,0,4,0,0,NA,1
"Dominant only",0.3,4,"recessive",0.8,0,0,0,0,0,NA,NA,NA
"Dominant only",0.3,4,"recessive",0.9,0,0,0,0,0,NA,NA,NA
"Dominant only",0.3,4,"recessive",0.95,0,0,0,0,0,NA,NA,NA
"Dominant only",0.3,4,"recessive",0.99,0,0,0,0,0,NA,NA,NA
"Dominant only",0.3,4,"recessive",1,0,0,0,0,0,NA,NA,NA
"Dominant only",0.3,4,"dominant",0,930513,1600,0,928913,1600,0.00171948161927883,1,0.998280518380721
"Dominant only",0.3,4,"dominant",0.1,2426,826,0,1600,1600,0.340478153338829,0.51625,0.659521846661171
"Dominant only",0.3,4,"dominant",0.5,363,311,0,52,1600,0.856749311294766,0.194375,0.143250688705234
"Dominant only",0.3,4,"dominant",0.8,182,172,0,10,1600,0.945054945054945,0.1075,0.0549450549450549
"Dominant only",0.3,4,"dominant",0.9,142,139,0,3,1600,0.97887323943662,0.086875,0.0211267605633803
"Dominant only",0.3,4,"dominant",0.95,114,111,0,3,1600,0.973684210526316,0.069375,0.0263157894736842
"Dominant only",0.3,4,"dominant",0.99,67,67,0,0,1600,1,0.041875,0
"Dominant only",0.3,4,"dominant",1,0,0,0,0,1600,NA,0,NA
"Dominant only",0.3,5,"additive",0,930513,0,2000,928513,0,0,NA,1
"Dominant only",0.3,5,"additive",0.1,645,0,279,366,0,0,NA,1
"Dominant only",0.3,5,"additive",0.5,54,0,42,12,0,0,NA,1
"Dominant only",0.3,5,"additive",0.8,11,0,8,3,0,0,NA,1
"Dominant only",0.3,5,"additive",0.9,1,0,1,0,0,0,NA,1
"Dominant only",0.3,5,"additive",0.95,1,0,1,0,0,0,NA,1
"Dominant only",0.3,5,"additive",0.99,1,0,1,0,0,0,NA,1
"Dominant only",0.3,5,"additive",1,0,0,0,0,0,NA,NA,NA
"Dominant only",0.3,5,"recessive",0,766682,0,1639,765043,0,0,NA,1
"Dominant only",0.3,5,"recessive",0.1,28,0,0,28,0,0,NA,1
"Dominant only",0.3,5,"recessive",0.5,1,0,0,1,0,0,NA,1
"Dominant only",0.3,5,"recessive",0.8,0,0,0,0,0,NA,NA,NA
"Dominant only",0.3,5,"recessive",0.9,0,0,0,0,0,NA,NA,NA
"Dominant only",0.3,5,"recessive",0.95,0,0,0,0,0,NA,NA,NA
"Dominant only",0.3,5,"recessive",0.99,0,0,0,0,0,NA,NA,NA
"Dominant only",0.3,5,"recessive",1,0,0,0,0,0,NA,NA,NA
"Dominant only",0.3,5,"dominant",0,930513,2000,0,928513,2000,0.00214935202409854,1,0.997850647975902
"Dominant only",0.3,5,"dominant",0.1,2484,840,0,1644,2000,0.338164251207729,0.42,0.661835748792271
"Dominant only",0.3,5,"dominant",0.5,342,286,0,56,2000,0.83625730994152,0.143,0.16374269005848
"Dominant only",0.3,5,"dominant",0.8,179,168,0,11,2000,0.93854748603352,0.084,0.0614525139664804
"Dominant only",0.3,5,"dominant",0.9,133,126,0,7,2000,0.947368421052632,0.063,0.0526315789473684
"Dominant only",0.3,5,"dominant",0.95,95,88,0,7,2000,0.926315789473684,0.044,0.0736842105263158
"Dominant only",0.3,5,"dominant",0.99,44,42,0,2,2000,0.954545454545455,0.021,0.0454545454545455
"Dominant only",0.3,5,"dominant",1,0,0,0,0,2000,NA,0,NA
"Dominant only",0.4,1,"additive",0,930513,0,400,930113,0,0,NA,1
"Dominant only",0.4,1,"additive",0.1,24,0,20,4,0,0,NA,1
"Dominant only",0.4,1,"additive",0.5,13,0,13,0,0,0,NA,1
"Dominant only",0.4,1,"additive",0.8,2,0,2,0,0,0,NA,1
"Dominant only",0.4,1,"additive",0.9,2,0,2,0,0,0,NA,1
"Dominant only",0.4,1,"additive",0.95,1,0,1,0,0,0,NA,1
"Dominant only",0.4,1,"additive",0.99,0,0,0,0,0,NA,NA,NA
"Dominant only",0.4,1,"additive",1,0,0,0,0,0,NA,NA,NA
"Dominant only",0.4,1,"recessive",0,766682,0,325,766357,0,0,NA,1
"Dominant only",0.4,1,"recessive",0.1,1,0,0,1,0,0,NA,1
"Dominant only",0.4,1,"recessive",0.5,0,0,0,0,0,NA,NA,NA
"Dominant only",0.4,1,"recessive",0.8,0,0,0,0,0,NA,NA,NA
"Dominant only",0.4,1,"recessive",0.9,0,0,0,0,0,NA,NA,NA
"Dominant only",0.4,1,"recessive",0.95,0,0,0,0,0,NA,NA,NA
"Dominant only",0.4,1,"recessive",0.99,0,0,0,0,0,NA,NA,NA
"Dominant only",0.4,1,"recessive",1,0,0,0,0,0,NA,NA,NA
"Dominant only",0.4,1,"dominant",0,930513,400,0,930113,400,0.000429870404819707,1,0.99957012959518
"Dominant only",0.4,1,"dominant",0.1,779,313,0,466,400,0.401797175866495,0.7825,0.598202824133504
"Dominant only",0.4,1,"dominant",0.5,208,186,0,22,400,0.894230769230769,0.465,0.105769230769231
"Dominant only",0.4,1,"dominant",0.8,154,148,0,6,400,0.961038961038961,0.37,0.038961038961039
"Dominant only",0.4,1,"dominant",0.9,140,138,0,2,400,0.985714285714286,0.345,0.0142857142857143
"Dominant only",0.4,1,"dominant",0.95,131,131,0,0,400,1,0.3275,0
"Dominant only",0.4,1,"dominant",0.99,110,110,0,0,400,1,0.275,0
"Dominant only",0.4,1,"dominant",1,7,7,0,0,400,1,0.0175,0
"Dominant only",0.4,2,"additive",0,928421,0,798,927623,0,0,NA,1
"Dominant only",0.4,2,"additive",0.1,125,0,71,54,0,0,NA,1
"Dominant only",0.4,2,"additive",0.5,22,0,20,2,0,0,NA,1
"Dominant only",0.4,2,"additive",0.8,3,0,1,2,0,0,NA,1
"Dominant only",0.4,2,"additive",0.9,2,0,0,2,0,0,NA,1
"Dominant only",0.4,2,"additive",0.95,2,0,0,2,0,0,NA,1
"Dominant only",0.4,2,"additive",0.99,2,0,0,2,0,0,NA,1
"Dominant only",0.4,2,"additive",1,0,0,0,0,0,NA,NA,NA
"Dominant only",0.4,2,"recessive",0,765050,0,648,764402,0,0,NA,1
"Dominant only",0.4,2,"recessive",0.1,18,0,1,17,0,0,NA,1
"Dominant only",0.4,2,"recessive",0.5,1,0,0,1,0,0,NA,1
"Dominant only",0.4,2,"recessive",0.8,1,0,0,1,0,0,NA,1
"Dominant only",0.4,2,"recessive",0.9,1,0,0,1,0,0,NA,1
"Dominant only",0.4,2,"recessive",0.95,1,0,0,1,0,0,NA,1
"Dominant only",0.4,2,"recessive",0.99,0,0,0,0,0,NA,NA,NA
"Dominant only",0.4,2,"recessive",1,0,0,0,0,0,NA,NA,NA
"Dominant only",0.4,2,"dominant",0,928421,798,0,927623,798,0.000859523858249652,1,0.99914047614175
"Dominant only",0.4,2,"dominant",0.1,1563,599,0,964,798,0.383237364043506,0.75062656641604,0.616762635956494
"Dominant only",0.4,2,"dominant",0.5,342,312,0,30,798,0.912280701754386,0.390977443609023,0.087719298245614
"Dominant only",0.4,2,"dominant",0.8,241,235,0,6,798,0.975103734439834,0.294486215538847,0.024896265560166
"Dominant only",0.4,2,"dominant",0.9,212,208,0,4,798,0.981132075471698,0.260651629072682,0.0188679245283019
"Dominant only",0.4,2,"dominant",0.95,174,172,0,2,798,0.988505747126437,0.215538847117794,0.0114942528735632
"Dominant only",0.4,2,"dominant",0.99,133,133,0,0,798,1,0.166666666666667,0
"Dominant only",0.4,2,"dominant",1,1,1,0,0,798,1,0.0012531328320802,0
"Dominant only",0.4,3,"additive",0,930513,0,1200,929313,0,0,NA,1
"Dominant only",0.4,3,"additive",0.1,255,0,138,117,0,0,NA,1
"Dominant only",0.4,3,"additive",0.5,27,0,24,3,0,0,NA,1
"Dominant only",0.4,3,"additive",0.8,7,0,6,1,0,0,NA,1
"Dominant only",0.4,3,"additive",0.9,4,0,3,1,0,0,NA,1
"Dominant only",0.4,3,"additive",0.95,2,0,1,1,0,0,NA,1
"Dominant only",0.4,3,"additive",0.99,1,0,0,1,0,0,NA,1
"Dominant only",0.4,3,"additive",1,0,0,0,0,0,NA,NA,NA
"Dominant only",0.4,3,"recessive",0,766682,0,980,765702,0,0,NA,1
"Dominant only",0.4,3,"recessive",0.1,15,0,1,14,0,0,NA,1
"Dominant only",0.4,3,"recessive",0.5,0,0,0,0,0,NA,NA,NA
"Dominant only",0.4,3,"recessive",0.8,0,0,0,0,0,NA,NA,NA
"Dominant only",0.4,3,"recessive",0.9,0,0,0,0,0,NA,NA,NA
"Dominant only",0.4,3,"recessive",0.95,0,0,0,0,0,NA,NA,NA
"Dominant only",0.4,3,"recessive",0.99,0,0,0,0,0,NA,NA,NA
"Dominant only",0.4,3,"recessive",1,0,0,0,0,0,NA,NA,NA
"Dominant only",0.4,3,"dominant",0,930513,1200,0,929313,1200,0.00128961121445912,1,0.998710388785541
"Dominant only",0.4,3,"dominant",0.1,2090,790,0,1300,1200,0.37799043062201,0.658333333333333,0.62200956937799
"Dominant only",0.4,3,"dominant",0.5,437,370,0,67,1200,0.846681922196796,0.308333333333333,0.153318077803204
"Dominant only",0.4,3,"dominant",0.8,270,262,0,8,1200,0.97037037037037,0.218333333333333,0.0296296296296296
"Dominant only",0.4,3,"dominant",0.9,228,226,0,2,1200,0.991228070175439,0.188333333333333,0.0087719298245614
"Dominant only",0.4,3,"dominant",0.95,190,189,0,1,1200,0.994736842105263,0.1575,0.00526315789473684
"Dominant only",0.4,3,"dominant",0.99,145,144,0,1,1200,0.993103448275862,0.12,0.00689655172413793
"Dominant only",0.4,3,"dominant",1,0,0,0,0,1200,NA,0,NA
"Dominant only",0.4,4,"additive",0,930513,0,1600,928913,0,0,NA,1
"Dominant only",0.4,4,"additive",0.1,406,0,205,201,0,0,NA,1
"Dominant only",0.4,4,"additive",0.5,41,0,37,4,0,0,NA,1
"Dominant only",0.4,4,"additive",0.8,7,0,4,3,0,0,NA,1
"Dominant only",0.4,4,"additive",0.9,5,0,3,2,0,0,NA,1
"Dominant only",0.4,4,"additive",0.95,3,0,2,1,0,0,NA,1
"Dominant only",0.4,4,"additive",0.99,2,0,1,1,0,0,NA,1
"Dominant only",0.4,4,"additive",1,0,0,0,0,0,NA,NA,NA
"Dominant only",0.4,4,"recessive",0,766682,0,1303,765379,0,0,NA,1
"Dominant only",0.4,4,"recessive",0.1,30,0,0,30,0,0,NA,1
"Dominant only",0.4,4,"recessive",0.5,4,0,0,4,0,0,NA,1
"Dominant only",0.4,4,"recessive",0.8,1,0,0,1,0,0,NA,1
"Dominant only",0.4,4,"recessive",0.9,0,0,0,0,0,NA,NA,NA
"Dominant only",0.4,4,"recessive",0.95,0,0,0,0,0,NA,NA,NA
"Dominant only",0.4,4,"recessive",0.99,0,0,0,0,0,NA,NA,NA
"Dominant only",0.4,4,"recessive",1,0,0,0,0,0,NA,NA,NA
"Dominant only",0.4,4,"dominant",0,930513,1600,0,928913,1600,0.00171948161927883,1,0.998280518380721
"Dominant only",0.4,4,"dominant",0.1,2690,967,0,1723,1600,0.359479553903346,0.604375,0.640520446096654
"Dominant only",0.4,4,"dominant",0.5,502,434,0,68,1600,0.864541832669323,0.27125,0.135458167330677
"Dominant only",0.4,4,"dominant",0.8,285,276,0,9,1600,0.968421052631579,0.1725,0.0315789473684211
"Dominant only",0.4,4,"dominant",0.9,225,222,0,3,1600,0.986666666666667,0.13875,0.0133333333333333
"Dominant only",0.4,4,"dominant",0.95,188,187,0,1,1600,0.99468085106383,0.116875,0.00531914893617021
"Dominant only",0.4,4,"dominant",0.99,137,137,0,0,1600,1,0.085625,0
"Dominant only",0.4,4,"dominant",1,0,0,0,0,1600,NA,0,NA
"Dominant only",0.4,5,"additive",0,930513,0,2000,928513,0,0,NA,1
"Dominant only",0.4,5,"additive",0.1,554,0,256,298,0,0,NA,1
"Dominant only",0.4,5,"additive",0.5,59,0,50,9,0,0,NA,1
"Dominant only",0.4,5,"additive",0.8,17,0,15,2,0,0,NA,1
"Dominant only",0.4,5,"additive",0.9,3,0,2,1,0,0,NA,1
"Dominant only",0.4,5,"additive",0.95,1,0,1,0,0,0,NA,1
"Dominant only",0.4,5,"additive",0.99,1,0,1,0,0,0,NA,1
"Dominant only",0.4,5,"additive",1,0,0,0,0,0,NA,NA,NA
"Dominant only",0.4,5,"recessive",0,766682,0,1639,765043,0,0,NA,1
"Dominant only",0.4,5,"recessive",0.1,27,0,1,26,0,0,NA,1
"Dominant only",0.4,5,"recessive",0.5,2,0,0,2,0,0,NA,1
"Dominant only",0.4,5,"recessive",0.8,0,0,0,0,0,NA,NA,NA
"Dominant only",0.4,5,"recessive",0.9,0,0,0,0,0,NA,NA,NA
"Dominant only",0.4,5,"recessive",0.95,0,0,0,0,0,NA,NA,NA
"Dominant only",0.4,5,"recessive",0.99,0,0,0,0,0,NA,NA,NA
"Dominant only",0.4,5,"recessive",1,0,0,0,0,0,NA,NA,NA
"Dominant only",0.4,5,"dominant",0,930513,2000,0,928513,2000,0.00214935202409854,1,0.997850647975902
"Dominant only",0.4,5,"dominant",0.1,3051,1068,0,1983,2000,0.350049164208456,0.534,0.649950835791544
"Dominant only",0.4,5,"dominant",0.5,537,456,0,81,2000,0.849162011173184,0.228,0.150837988826816
"Dominant only",0.4,5,"dominant",0.8,309,291,0,18,2000,0.941747572815534,0.1455,0.058252427184466
"Dominant only",0.4,5,"dominant",0.9,247,237,0,10,2000,0.959514170040486,0.1185,0.0404858299595142
"Dominant only",0.4,5,"dominant",0.95,197,192,0,5,2000,0.974619289340102,0.096,0.0253807106598985
"Dominant only",0.4,5,"dominant",0.99,117,114,0,3,2000,0.974358974358974,0.057,0.0256410256410256
"Dominant only",0.4,5,"dominant",1,0,0,0,0,2000,NA,0,NA
"Recessive + Dominant",0.1,2,"additive",0,930513,0,800,929713,0,0,NA,1
"Recessive + Dominant",0.1,2,"additive",0.1,97,0,42,55,0,0,NA,1
"Recessive + Dominant",0.1,2,"additive",0.5,3,0,3,0,0,0,NA,1
"Recessive + Dominant",0.1,2,"additive",0.8,1,0,1,0,0,0,NA,1
"Recessive + Dominant",0.1,2,"additive",0.9,0,0,0,0,0,NA,NA,NA
"Recessive + Dominant",0.1,2,"additive",0.95,0,0,0,0,0,NA,NA,NA
"Recessive + Dominant",0.1,2,"additive",0.99,0,0,0,0,0,NA,NA,NA
"Recessive + Dominant",0.1,2,"additive",1,0,0,0,0,0,NA,NA,NA
"Recessive + Dominant",0.1,2,"recessive",0,766682,400,400,765882,400,0.000521728695860865,1,0.999478271304139
"Recessive + Dominant",0.1,2,"recessive",0.1,591,171,0,420,400,0.289340101522843,0.4275,0.710659898477157
"Recessive + Dominant",0.1,2,"recessive",0.5,62,56,0,6,400,0.903225806451613,0.14,0.0967741935483871
"Recessive + Dominant",0.1,2,"recessive",0.8,38,37,0,1,400,0.973684210526316,0.0925,0.0263157894736842
"Recessive + Dominant",0.1,2,"recessive",0.9,29,28,0,1,400,0.96551724137931,0.07,0.0344827586206897
"Recessive + Dominant",0.1,2,"recessive",0.95,25,24,0,1,400,0.96,0.06,0.04
"Recessive + Dominant",0.1,2,"recessive",0.99,13,13,0,0,400,1,0.0325,0
"Recessive + Dominant",0.1,2,"recessive",1,0,0,0,0,400,NA,0,NA
"Recessive + Dominant",0.1,2,"dominant",0,930513,400,400,929713,400,0.000429870404819707,1,0.99957012959518
"Recessive + Dominant",0.1,2,"dominant",0.1,407,131,0,276,400,0.321867321867322,0.3275,0.678132678132678
"Recessive + Dominant",0.1,2,"dominant",0.5,43,38,0,5,400,0.883720930232558,0.095,0.116279069767442
"Recessive + Dominant",0.1,2,"dominant",0.8,22,22,0,0,400,1,0.055,0
"Recessive + Dominant",0.1,2,"dominant",0.9,13,13,0,0,400,1,0.0325,0
"Recessive + Dominant",0.1,2,"dominant",0.95,6,6,0,0,400,1,0.015,0
"Recessive + Dominant",0.1,2,"dominant",0.99,1,1,0,0,400,1,0.0025,0
"Recessive + Dominant",0.1,2,"dominant",1,0,0,0,0,400,NA,0,NA
"Recessive + Dominant",0.1,3,"additive",0,1861026,0,2400,1858626,0,0,NA,1
"Recessive + Dominant",0.1,3,"additive",0.1,239,0,67,172,0,0,NA,1
"Recessive + Dominant",0.1,3,"additive",0.5,13,0,9,4,0,0,NA,1
"Recessive + Dominant",0.1,3,"additive",0.8,4,0,4,0,0,0,NA,1
"Recessive + Dominant",0.1,3,"additive",0.9,3,0,3,0,0,0,NA,1
"Recessive + Dominant",0.1,3,"additive",0.95,1,0,1,0,0,0,NA,1
"Recessive + Dominant",0.1,3,"additive",0.99,0,0,0,0,0,NA,NA,NA
"Recessive + Dominant",0.1,3,"additive",1,0,0,0,0,0,NA,NA,NA
"Recessive + Dominant",0.1,3,"recessive",0,1533364,1200,1200,1530964,1200,0.000782593043791298,1,0.999217406956209
"Recessive + Dominant",0.1,3,"recessive",0.1,927,241,2,684,1200,0.259978425026969,0.200833333333333,0.740021574973031
"Recessive + Dominant",0.1,3,"recessive",0.5,86,66,0,20,1200,0.767441860465116,0.055,0.232558139534884
"Recessive + Dominant",0.1,3,"recessive",0.8,49,44,0,5,1200,0.897959183673469,0.0366666666666667,0.102040816326531
"Recessive + Dominant",0.1,3,"recessive",0.9,35,31,0,4,1200,0.885714285714286,0.0258333333333333,0.114285714285714
"Recessive + Dominant",0.1,3,"recessive",0.95,24,22,0,2,1200,0.916666666666667,0.0183333333333333,0.0833333333333333
"Recessive + Dominant",0.1,3,"recessive",0.99,11,11,0,0,1200,1,0.00916666666666667,0
"Recessive + Dominant",0.1,3,"recessive",1,0,0,0,0,1200,NA,0,NA
"Recessive + Dominant",0.1,3,"dominant",0,1861026,1200,1200,1858626,1200,0.000644805607229561,1,0.99935519439277
"Recessive + Dominant",0.1,3,"dominant",0.1,518,136,0,382,1200,0.262548262548263,0.113333333333333,0.737451737451737
"Recessive + Dominant",0.1,3,"dominant",0.5,57,44,0,13,1200,0.771929824561403,0.0366666666666667,0.228070175438596
"Recessive + Dominant",0.1,3,"dominant",0.8,18,18,0,0,1200,1,0.015,0
"Recessive + Dominant",0.1,3,"dominant",0.9,9,9,0,0,1200,1,0.0075,0
"Recessive + Dominant",0.1,3,"dominant",0.95,5,5,0,0,1200,1,0.00416666666666667,0
"Recessive + Dominant",0.1,3,"dominant",0.99,2,2,0,0,1200,1,0.00166666666666667,0
"Recessive + Dominant",0.1,3,"dominant",1,0,0,0,0,1200,NA,0,NA
"Recessive + Dominant",0.1,4,"additive",0,2790937,0,4800,2786137,0,0,NA,1
"Recessive + Dominant",0.1,4,"additive",0.1,382,0,81,301,0,0,NA,1
"Recessive + Dominant",0.1,4,"additive",0.5,15,0,10,5,0,0,NA,1
"Recessive + Dominant",0.1,4,"additive",0.8,5,0,5,0,0,0,NA,1
"Recessive + Dominant",0.1,4,"additive",0.9,0,0,0,0,0,NA,NA,NA
"Recessive + Dominant",0.1,4,"additive",0.95,0,0,0,0,0,NA,NA,NA
"Recessive + Dominant",0.1,4,"additive",0.99,0,0,0,0,0,NA,NA,NA
"Recessive + Dominant",0.1,4,"additive",1,0,0,0,0,0,NA,NA,NA
"Recessive + Dominant",0.1,4,"recessive",0,2299788,2400,2400,2294988,2400,0.00104357445121029,1,0.99895642554879
"Recessive + Dominant",0.1,4,"recessive",0.1,1086,223,0,863,2400,0.205340699815838,0.0929166666666667,0.794659300184162
"Recessive + Dominant",0.1,4,"recessive",0.5,63,41,0,22,2400,0.650793650793651,0.0170833333333333,0.349206349206349
"Recessive + Dominant",0.1,4,"recessive",0.8,25,21,0,4,2400,0.84,0.00875,0.16
"Recessive + Dominant",0.1,4,"recessive",0.9,17,15,0,2,2400,0.882352941176471,0.00625,0.117647058823529
"Recessive + Dominant",0.1,4,"recessive",0.95,12,12,0,0,2400,1,0.005,0
"Recessive + Dominant",0.1,4,"recessive",0.99,6,6,0,0,2400,1,0.0025,0
"Recessive + Dominant",0.1,4,"recessive",1,0,0,0,0,2400,NA,0,NA
"Recessive + Dominant",0.1,4,"dominant",0,2790937,2400,2400,2786137,2400,0.000859926254157654,1,0.999140073745842
"Recessive + Dominant",0.1,4,"dominant",0.1,631,160,0,471,2400,0.253565768621236,0.0666666666666667,0.746434231378764
"Recessive + Dominant",0.1,4,"dominant",0.5,62,44,0,18,2400,0.709677419354839,0.0183333333333333,0.290322580645161
"Recessive + Dominant",0.1,4,"dominant",0.8,22,20,0,2,2400,0.909090909090909,0.00833333333333333,0.0909090909090909
"Recessive + Dominant",0.1,4,"dominant",0.9,9,8,0,1,2400,0.888888888888889,0.00333333333333333,0.111111111111111
"Recessive + Dominant",0.1,4,"dominant",0.95,2,2,0,0,2400,1,0.000833333333333333,0
"Recessive + Dominant",0.1,4,"dominant",0.99,2,2,0,0,2400,1,0.000833333333333333,0
"Recessive + Dominant",0.1,4,"dominant",1,0,0,0,0,2400,NA,0,NA
"Recessive + Dominant",0.1,5,"additive",0,3722052,0,8000,3714052,0,0,NA,1
"Recessive + Dominant",0.1,5,"additive",0.1,396,0,83,313,0,0,NA,1
"Recessive + Dominant",0.1,5,"additive",0.5,20,0,7,13,0,0,NA,1
"Recessive + Dominant",0.1,5,"additive",0.8,3,0,0,3,0,0,NA,1
"Recessive + Dominant",0.1,5,"additive",0.9,2,0,0,2,0,0,NA,1
"Recessive + Dominant",0.1,5,"additive",0.95,1,0,0,1,0,0,NA,1
"Recessive + Dominant",0.1,5,"additive",0.99,0,0,0,0,0,NA,NA,NA
"Recessive + Dominant",0.1,5,"additive",1,0,0,0,0,0,NA,NA,NA
"Recessive + Dominant",0.1,5,"recessive",0,3066728,4000,4000,3058728,4000,0.00130432173965216,1,0.998695678260348
"Recessive + Dominant",0.1,5,"recessive",0.1,1053,211,3,839,4000,0.200379867046534,0.05275,0.799620132953466
"Recessive + Dominant",0.1,5,"recessive",0.5,63,47,0,16,4000,0.746031746031746,0.01175,0.253968253968254
"Recessive + Dominant",0.1,5,"recessive",0.8,33,30,0,3,4000,0.909090909090909,0.0075,0.0909090909090909
"Recessive + Dominant",0.1,5,"recessive",0.9,25,22,0,3,4000,0.88,0.0055,0.12
"Recessive + Dominant",0.1,5,"recessive",0.95,17,15,0,2,4000,0.882352941176471,0.00375,0.117647058823529
"Recessive + Dominant",0.1,5,"recessive",0.99,10,10,0,0,4000,1,0.0025,0
"Recessive + Dominant",0.1,5,"recessive",1,0,0,0,0,4000,NA,0,NA
"Recessive + Dominant",0.1,5,"dominant",0,3722052,4000,4000,3714052,4000,0.00107467601204927,1,0.998925323987951
"Recessive + Dominant",0.1,5,"dominant",0.1,691,144,0,547,4000,0.208393632416787,0.036,0.791606367583213
"Recessive + Dominant",0.1,5,"dominant",0.5,42,26,0,16,4000,0.619047619047619,0.0065,0.380952380952381
"Recessive + Dominant",0.1,5,"dominant",0.8,16,14,0,2,4000,0.875,0.0035,0.125
"Recessive + Dominant",0.1,5,"dominant",0.9,5,5,0,0,4000,1,0.00125,0
"Recessive + Dominant",0.1,5,"dominant",0.95,1,1,0,0,4000,1,0.00025,0
"Recessive + Dominant",0.1,5,"dominant",0.99,0,0,0,0,4000,NA,0,NA
"Recessive + Dominant",0.1,5,"dominant",1,0,0,0,0,4000,NA,0,NA
"Recessive + Dominant",0.2,2,"additive",0,930513,0,800,929713,0,0,NA,1
"Recessive + Dominant",0.2,2,"additive",0.1,82,0,40,42,0,0,NA,1
"Recessive + Dominant",0.2,2,"additive",0.5,6,0,4,2,0,0,NA,1
"Recessive + Dominant",0.2,2,"additive",0.8,1,0,1,0,0,0,NA,1
"Recessive + Dominant",0.2,2,"additive",0.9,0,0,0,0,0,NA,NA,NA
"Recessive + Dominant",0.2,2,"additive",0.95,0,0,0,0,0,NA,NA,NA
"Recessive + Dominant",0.2,2,"additive",0.99,0,0,0,0,0,NA,NA,NA
"Recessive + Dominant",0.2,2,"additive",1,0,0,0,0,0,NA,NA,NA
"Recessive + Dominant",0.2,2,"recessive",0,766682,400,400,765882,400,0.000521728695860865,1,0.999478271304139
"Recessive + Dominant",0.2,2,"recessive",0.1,841,262,0,579,400,0.3115338882283,0.655,0.6884661117717
"Recessive + Dominant",0.2,2,"recessive",0.5,122,104,0,18,400,0.852459016393443,0.26,0.147540983606557
"Recessive + Dominant",0.2,2,"recessive",0.8,87,85,0,2,400,0.977011494252874,0.2125,0.0229885057471264
"Recessive + Dominant",0.2,2,"recessive",0.9,72,71,0,1,400,0.986111111111111,0.1775,0.0138888888888889
"Recessive + Dominant",0.2,2,"recessive",0.95,70,69,0,1,400,0.985714285714286,0.1725,0.0142857142857143
"Recessive + Dominant",0.2,2,"recessive",0.99,52,52,0,0,400,1,0.13,0
"Recessive + Dominant",0.2,2,"recessive",1,0,0,0,0,400,NA,0,NA
"Recessive + Dominant",0.2,2,"dominant",0,930513,400,400,929713,400,0.000429870404819707,1,0.99957012959518
"Recessive + Dominant",0.2,2,"dominant",0.1,706,233,0,473,400,0.330028328611898,0.5825,0.669971671388102
"Recessive + Dominant",0.2,2,"dominant",0.5,120,107,0,13,400,0.891666666666667,0.2675,0.108333333333333
"Recessive + Dominant",0.2,2,"dominant",0.8,75,74,0,1,400,0.986666666666667,0.185,0.0133333333333333
"Recessive + Dominant",0.2,2,"dominant",0.9,61,61,0,0,400,1,0.1525,0
"Recessive + Dominant",0.2,2,"dominant",0.95,49,49,0,0,400,1,0.1225,0
"Recessive + Dominant",0.2,2,"dominant",0.99,25,25,0,0,400,1,0.0625,0
"Recessive + Dominant",0.2,2,"dominant",1,0,0,0,0,400,NA,0,NA
"Recessive + Dominant",0.2,3,"additive",0,1861026,0,2400,1858626,0,0,NA,1
"Recessive + Dominant",0.2,3,"additive",0.1,404,0,130,274,0,0,NA,1
"Recessive + Dominant",0.2,3,"additive",0.5,31,0,27,4,0,0,NA,1
"Recessive + Dominant",0.2,3,"additive",0.8,10,0,10,0,0,0,NA,1
"Recessive + Dominant",0.2,3,"additive",0.9,6,0,6,0,0,0,NA,1
"Recessive + Dominant",0.2,3,"additive",0.95,5,0,5,0,0,0,NA,1
"Recessive + Dominant",0.2,3,"additive",0.99,3,0,3,0,0,0,NA,1
"Recessive + Dominant",0.2,3,"additive",1,0,0,0,0,0,NA,NA,NA
"Recessive + Dominant",0.2,3,"recessive",0,1533364,1200,1200,1530964,1200,0.000782593043791298,1,0.999217406956209
"Recessive + Dominant",0.2,3,"recessive",0.1,2122,631,0,1491,1200,0.297360980207352,0.525833333333333,0.702639019792648
"Recessive + Dominant",0.2,3,"recessive",0.5,308,260,0,48,1200,0.844155844155844,0.216666666666667,0.155844155844156
"Recessive + Dominant",0.2,3,"recessive",0.8,204,195,0,9,1200,0.955882352941177,0.1625,0.0441176470588235
"Recessive + Dominant",0.2,3,"recessive",0.9,174,170,0,4,1200,0.977011494252874,0.141666666666667,0.0229885057471264
"Recessive + Dominant",0.2,3,"recessive",0.95,148,145,0,3,1200,0.97972972972973,0.120833333333333,0.0202702702702703
"Recessive + Dominant",0.2,3,"recessive",0.99,114,113,0,1,1200,0.991228070175439,0.0941666666666667,0.0087719298245614
"Recessive + Dominant",0.2,3,"recessive",1,0,0,0,0,1200,NA,0,NA
"Recessive + Dominant",0.2,3,"dominant",0,1861026,1200,1200,1858626,1200,0.000644805607229561,1,0.99935519439277
"Recessive + Dominant",0.2,3,"dominant",0.1,1616,506,0,1110,1200,0.313118811881188,0.421666666666667,0.686881188118812
"Recessive + Dominant",0.2,3,"dominant",0.5,226,188,0,38,1200,0.831858407079646,0.156666666666667,0.168141592920354
"Recessive + Dominant",0.2,3,"dominant",0.8,128,123,0,5,1200,0.9609375,0.1025,0.0390625
"Recessive + Dominant",0.2,3,"dominant",0.9,79,77,0,2,1200,0.974683544303797,0.0641666666666667,0.0253164556962025
"Recessive + Dominant",0.2,3,"dominant",0.95,59,58,0,1,1200,0.983050847457627,0.0483333333333333,0.0169491525423729
"Recessive + Dominant",0.2,3,"dominant",0.99,34,34,0,0,1200,1,0.0283333333333333,0
"Recessive + Dominant",0.2,3,"dominant",1,0,0,0,0,1200,NA,0,NA
"Recessive + Dominant",0.2,4,"additive",0,2790162,0,4800,2785362,0,0,NA,1
"Recessive + Dominant",0.2,4,"additive",0.1,777,0,269,508,0,0,NA,1
"Recessive + Dominant",0.2,4,"additive",0.5,60,0,36,24,0,0,NA,1
"Recessive + Dominant",0.2,4,"additive",0.8,10,0,9,1,0,0,NA,1
"Recessive + Dominant",0.2,4,"additive",0.9,3,0,2,1,0,0,NA,1
"Recessive + Dominant",0.2,4,"additive",0.95,1,0,0,1,0,0,NA,1
"Recessive + Dominant",0.2,4,"additive",0.99,0,0,0,0,0,NA,NA,NA
"Recessive + Dominant",0.2,4,"additive",1,0,0,0,0,0,NA,NA,NA
"Recessive + Dominant",0.2,4,"recessive",0,2299298,2400,2400,2294498,2400,0.0010437968458199,1,0.99895620315418
"Recessive + Dominant",0.2,4,"recessive",0.1,3563,1011,0,2552,2400,0.283749649172046,0.42125,0.716250350827954
"Recessive + Dominant",0.2,4,"recessive",0.5,415,342,0,73,2400,0.824096385542169,0.1425,0.175903614457831
"Recessive + Dominant",0.2,4,"recessive",0.8,262,247,0,15,2400,0.942748091603053,0.102916666666667,0.0572519083969466
"Recessive + Dominant",0.2,4,"recessive",0.9,211,203,0,8,2400,0.962085308056872,0.0845833333333333,0.037914691943128
"Recessive + Dominant",0.2,4,"recessive",0.95,175,170,0,5,2400,0.971428571428571,0.0708333333333333,0.0285714285714286
"Recessive + Dominant",0.2,4,"recessive",0.99,105,105,0,0,2400,1,0.04375,0
"Recessive + Dominant",0.2,4,"recessive",1,0,0,0,0,2400,NA,0,NA
"Recessive + Dominant",0.2,4,"dominant",0,2790162,2400,2400,2785362,2400,0.000860165108692614,1,0.999139834891307
"Recessive + Dominant",0.2,4,"dominant",0.1,2704,781,0,1923,2400,0.288831360946746,0.325416666666667,0.711168639053254
"Recessive + Dominant",0.2,4,"dominant",0.5,303,250,0,53,2400,0.825082508250825,0.104166666666667,0.174917491749175
"Recessive + Dominant",0.2,4,"dominant",0.8,161,156,0,5,2400,0.968944099378882,0.065,0.031055900621118
"Recessive + Dominant",0.2,4,"dominant",0.9,115,114,0,1,2400,0.991304347826087,0.0475,0.00869565217391304
"Recessive + Dominant",0.2,4,"dominant",0.95,86,86,0,0,2400,1,0.0358333333333333,0
"Recessive + Dominant",0.2,4,"dominant",0.99,30,30,0,0,2400,1,0.0125,0
"Recessive + Dominant",0.2,4,"dominant",1,0,0,0,0,2400,NA,0,NA
"Recessive + Dominant",0.2,5,"additive",0,3722052,0,8000,3714052,0,0,NA,1
"Recessive + Dominant",0.2,5,"additive",0.1,1037,0,342,695,0,0,NA,1
"Recessive + Dominant",0.2,5,"additive",0.5,88,0,56,32,0,0,NA,1
"Recessive + Dominant",0.2,5,"additive",0.8,25,0,14,11,0,0,NA,1
"Recessive + Dominant",0.2,5,"additive",0.9,6,0,3,3,0,0,NA,1
"Recessive + Dominant",0.2,5,"additive",0.95,5,0,2,3,0,0,NA,1
"Recessive + Dominant",0.2,5,"additive",0.99,2,0,0,2,0,0,NA,1
"Recessive + Dominant",0.2,5,"additive",1,0,0,0,0,0,NA,NA,NA
"Recessive + Dominant",0.2,5,"recessive",0,3066728,4000,4000,3058728,4000,0.00130432173965216,1,0.998695678260348
"Recessive + Dominant",0.2,5,"recessive",0.1,3987,1042,0,2945,4000,0.261349385502884,0.2605,0.738650614497116
"Recessive + Dominant",0.2,5,"recessive",0.5,427,348,0,79,4000,0.814988290398126,0.087,0.185011709601874
"Recessive + Dominant",0.2,5,"recessive",0.8,258,239,0,19,4000,0.926356589147287,0.05975,0.0736434108527132
"Recessive + Dominant",0.2,5,"recessive",0.9,204,199,0,5,4000,0.975490196078431,0.04975,0.0245098039215686
"Recessive + Dominant",0.2,5,"recessive",0.95,163,161,0,2,4000,0.987730061349693,0.04025,0.0122699386503067
"Recessive + Dominant",0.2,5,"recessive",0.99,101,101,0,0,4000,1,0.02525,0
"Recessive + Dominant",0.2,5,"recessive",1,0,0,0,0,4000,NA,0,NA
"Recessive + Dominant",0.2,5,"dominant",0,3722052,4000,4000,3714052,4000,0.00107467601204927,1,0.998925323987951
"Recessive + Dominant",0.2,5,"dominant",0.1,2863,853,0,2010,4000,0.297939224589591,0.21325,0.702060775410409
"Recessive + Dominant",0.2,5,"dominant",0.5,347,268,0,79,4000,0.772334293948127,0.067,0.227665706051873
"Recessive + Dominant",0.2,5,"dominant",0.8,172,152,0,20,4000,0.883720930232558,0.038,0.116279069767442
"Recessive + Dominant",0.2,5,"dominant",0.9,99,91,0,8,4000,0.919191919191919,0.02275,0.0808080808080808
"Recessive + Dominant",0.2,5,"dominant",0.95,53,51,0,2,4000,0.962264150943396,0.01275,0.0377358490566038
"Recessive + Dominant",0.2,5,"dominant",0.99,20,20,0,0,4000,1,0.005,0
"Recessive + Dominant",0.2,5,"dominant",1,0,0,0,0,4000,NA,0,NA
"Recessive + Dominant",0.3,2,"additive",0,930513,0,800,929713,0,0,NA,1
"Recessive + Dominant",0.3,2,"additive",0.1,44,0,17,27,0,0,NA,1
"Recessive + Dominant",0.3,2,"additive",0.5,3,0,1,2,0,0,NA,1
"Recessive + Dominant",0.3,2,"additive",0.8,2,0,1,1,0,0,NA,1
"Recessive + Dominant",0.3,2,"additive",0.9,1,0,0,1,0,0,NA,1
"Recessive + Dominant",0.3,2,"additive",0.95,0,0,0,0,0,NA,NA,NA
"Recessive + Dominant",0.3,2,"additive",0.99,0,0,0,0,0,NA,NA,NA
"Recessive + Dominant",0.3,2,"additive",1,0,0,0,0,0,NA,NA,NA
"Recessive + Dominant",0.3,2,"recessive",0,766682,400,400,765882,400,0.000521728695860865,1,0.999478271304139
"Recessive + Dominant",0.3,2,"recessive",0.1,846,285,0,561,400,0.336879432624113,0.7125,0.663120567375887
"Recessive + Dominant",0.3,2,"recessive",0.5,145,127,0,18,400,0.875862068965517,0.3175,0.124137931034483
"Recessive + Dominant",0.3,2,"recessive",0.8,108,106,0,2,400,0.981481481481482,0.265,0.0185185185185185
"Recessive + Dominant",0.3,2,"recessive",0.9,100,99,0,1,400,0.99,0.2475,0.01
"Recessive + Dominant",0.3,2,"recessive",0.95,94,94,0,0,400,1,0.235,0
"Recessive + Dominant",0.3,2,"recessive",0.99,75,75,0,0,400,1,0.1875,0
"Recessive + Dominant",0.3,2,"recessive",1,7,7,0,0,400,1,0.0175,0
"Recessive + Dominant",0.3,2,"dominant",0,930513,400,400,929713,400,0.000429870404819707,1,0.99957012959518
"Recessive + Dominant",0.3,2,"dominant",0.1,787,268,0,519,400,0.340533672172808,0.67,0.659466327827192
"Recessive + Dominant",0.3,2,"dominant",0.5,157,140,0,17,400,0.89171974522293,0.35,0.10828025477707
"Recessive + Dominant",0.3,2,"dominant",0.8,110,108,0,2,400,0.981818181818182,0.27,0.0181818181818182
"Recessive + Dominant",0.3,2,"dominant",0.9,95,95,0,0,400,1,0.2375,0
"Recessive + Dominant",0.3,2,"dominant",0.95,81,81,0,0,400,1,0.2025,0
"Recessive + Dominant",0.3,2,"dominant",0.99,64,64,0,0,400,1,0.16,0
"Recessive + Dominant",0.3,2,"dominant",1,0,0,0,0,400,NA,0,NA
"Recessive + Dominant",0.3,3,"additive",0,1861026,0,2400,1858626,0,0,NA,1
"Recessive + Dominant",0.3,3,"additive",0.1,325,0,101,224,0,0,NA,1
"Recessive + Dominant",0.3,3,"additive",0.5,28,0,25,3,0,0,NA,1
"Recessive + Dominant",0.3,3,"additive",0.8,11,0,10,1,0,0,NA,1
"Recessive + Dominant",0.3,3,"additive",0.9,5,0,5,0,0,0,NA,1
"Recessive + Dominant",0.3,3,"additive",0.95,5,0,5,0,0,0,NA,1
"Recessive + Dominant",0.3,3,"additive",0.99,3,0,3,0,0,0,NA,1
"Recessive + Dominant",0.3,3,"additive",1,0,0,0,0,0,NA,NA,NA
"Recessive + Dominant",0.3,3,"recessive",0,1533364,1200,1200,1530964,1200,0.000782593043791298,1,0.999217406956209
"Recessive + Dominant",0.3,3,"recessive",0.1,2343,750,0,1593,1200,0.320102432778489,0.625,0.679897567221511
"Recessive + Dominant",0.3,3,"recessive",0.5,416,356,0,60,1200,0.855769230769231,0.296666666666667,0.144230769230769
"Recessive + Dominant",0.3,3,"recessive",0.8,293,287,0,6,1200,0.979522184300341,0.239166666666667,0.0204778156996587
"Recessive + Dominant",0.3,3,"recessive",0.9,249,249,0,0,1200,1,0.2075,0
"Recessive + Dominant",0.3,3,"recessive",0.95,235,235,0,0,1200,1,0.195833333333333,0
"Recessive + Dominant",0.3,3,"recessive",0.99,202,202,0,0,1200,1,0.168333333333333,0
"Recessive + Dominant",0.3,3,"recessive",1,3,3,0,0,1200,1,0.0025,0
"Recessive + Dominant",0.3,3,"dominant",0,1861026,1200,1200,1858626,1200,0.000644805607229561,1,0.99935519439277
"Recessive + Dominant",0.3,3,"dominant",0.1,2128,683,0,1445,1200,0.320958646616541,0.569166666666667,0.679041353383459
"Recessive + Dominant",0.3,3,"dominant",0.5,363,308,0,55,1200,0.848484848484849,0.256666666666667,0.151515151515152
"Recessive + Dominant",0.3,3,"dominant",0.8,218,208,0,10,1200,0.954128440366973,0.173333333333333,0.0458715596330275
"Recessive + Dominant",0.3,3,"dominant",0.9,176,173,0,3,1200,0.982954545454545,0.144166666666667,0.0170454545454545
"Recessive + Dominant",0.3,3,"dominant",0.95,150,149,0,1,1200,0.993333333333333,0.124166666666667,0.00666666666666667
"Recessive + Dominant",0.3,3,"dominant",0.99,81,81,0,0,1200,1,0.0675,0
"Recessive + Dominant",0.3,3,"dominant",1,0,0,0,0,1200,NA,0,NA
"Recessive + Dominant",0.3,4,"additive",0,2788787,0,4800,2783987,0,0,NA,1
"Recessive + Dominant",0.3,4,"additive",0.1,678,0,245,433,0,0,NA,1
"Recessive + Dominant",0.3,4,"additive",0.5,76,0,47,29,0,0,NA,1
"Recessive + Dominant",0.3,4,"additive",0.8,13,0,9,4,0,0,NA,1
"Recessive + Dominant",0.3,4,"additive",0.9,5,0,3,2,0,0,NA,1
"Recessive + Dominant",0.3,4,"additive",0.95,2,0,0,2,0,0,NA,1
"Recessive + Dominant",0.3,4,"additive",0.99,1,0,0,1,0,0,NA,1
"Recessive + Dominant",0.3,4,"additive",1,0,0,0,0,0,NA,NA,NA
"Recessive + Dominant",0.3,4,"recessive",0,2298037,2400,2400,2293237,2400,0.00104436960762599,1,0.998955630392374
"Recessive + Dominant",0.3,4,"recessive",0.1,4621,1453,0,3168,2400,0.314434105172041,0.605416666666667,0.685565894827959
"Recessive + Dominant",0.3,4,"recessive",0.5,671,582,0,89,2400,0.867362146050671,0.2425,0.132637853949329
"Recessive + Dominant",0.3,4,"recessive",0.8,472,466,0,6,2400,0.98728813559322,0.194166666666667,0.0127118644067797
"Recessive + Dominant",0.3,4,"recessive",0.9,420,416,0,4,2400,0.990476190476191,0.173333333333333,0.00952380952380952
"Recessive + Dominant",0.3,4,"recessive",0.95,374,370,0,4,2400,0.989304812834225,0.154166666666667,0.0106951871657754
"Recessive + Dominant",0.3,4,"recessive",0.99,296,294,0,2,2400,0.993243243243243,0.1225,0.00675675675675676
"Recessive + Dominant",0.3,4,"recessive",1,1,1,0,0,2400,1,0.000416666666666667,0
"Recessive + Dominant",0.3,4,"dominant",0,2788787,2400,2400,2783987,2400,0.000860589209573912,1,0.999139410790426
"Recessive + Dominant",0.3,4,"dominant",0.1,3810,1190,2,2618,2400,0.312335958005249,0.495833333333333,0.687664041994751
"Recessive + Dominant",0.3,4,"dominant",0.5,559,471,0,88,2400,0.84257602862254,0.19625,0.15742397137746
"Recessive + Dominant",0.3,4,"dominant",0.8,307,295,0,12,2400,0.960912052117264,0.122916666666667,0.0390879478827362
"Recessive + Dominant",0.3,4,"dominant",0.9,246,243,0,3,2400,0.98780487804878,0.10125,0.0121951219512195
"Recessive + Dominant",0.3,4,"dominant",0.95,210,208,0,2,2400,0.990476190476191,0.0866666666666667,0.00952380952380952
"Recessive + Dominant",0.3,4,"dominant",0.99,129,129,0,0,2400,1,0.05375,0
"Recessive + Dominant",0.3,4,"dominant",1,1,1,0,0,2400,1,0.000416666666666667,0
"Recessive + Dominant",0.3,5,"additive",0,3722052,0,8000,3714052,0,0,NA,1
"Recessive + Dominant",0.3,5,"additive",0.1,1152,0,441,711,0,0,NA,1
"Recessive + Dominant",0.3,5,"additive",0.5,135,0,92,43,0,0,NA,1
"Recessive + Dominant",0.3,5,"additive",0.8,31,0,20,11,0,0,NA,1
"Recessive + Dominant",0.3,5,"additive",0.9,14,0,5,9,0,0,NA,1
"Recessive + Dominant",0.3,5,"additive",0.95,6,0,1,5,0,0,NA,1
"Recessive + Dominant",0.3,5,"additive",0.99,2,0,0,2,0,0,NA,1
"Recessive + Dominant",0.3,5,"additive",1,0,0,0,0,0,NA,NA,NA
"Recessive + Dominant",0.3,5,"recessive",0,3066728,4000,4000,3058728,4000,0.00130432173965216,1,0.998695678260348
"Recessive + Dominant",0.3,5,"recessive",0.1,6658,1968,0,4690,4000,0.295584259537399,0.492,0.704415740462601
"Recessive + Dominant",0.3,5,"recessive",0.5,930,819,0,111,4000,0.880645161290323,0.20475,0.119354838709677
"Recessive + Dominant",0.3,5,"recessive",0.8,630,596,0,34,4000,0.946031746031746,0.149,0.053968253968254
"Recessive + Dominant",0.3,5,"recessive",0.9,547,530,0,17,4000,0.968921389396709,0.1325,0.0310786106032907
"Recessive + Dominant",0.3,5,"recessive",0.95,477,472,0,5,4000,0.989517819706499,0.118,0.010482180293501
"Recessive + Dominant",0.3,5,"recessive",0.99,373,372,0,1,4000,0.997319034852547,0.093,0.00268096514745308
"Recessive + Dominant",0.3,5,"recessive",1,0,0,0,0,4000,NA,0,NA
"Recessive + Dominant",0.3,5,"dominant",0,3722052,4000,4000,3714052,4000,0.00107467601204927,1,0.998925323987951
"Recessive + Dominant",0.3,5,"dominant",0.1,5160,1663,0,3497,4000,0.322286821705426,0.41575,0.677713178294574
"Recessive + Dominant",0.3,5,"dominant",0.5,813,660,0,153,4000,0.811808118081181,0.165,0.188191881918819
"Recessive + Dominant",0.3,5,"dominant",0.8,446,413,0,33,4000,0.926008968609865,0.10325,0.0739910313901345
"Recessive + Dominant",0.3,5,"dominant",0.9,321,308,0,13,4000,0.959501557632399,0.077,0.0404984423676012
"Recessive + Dominant",0.3,5,"dominant",0.95,242,234,0,8,4000,0.966942148760331,0.0585,0.0330578512396694
"Recessive + Dominant",0.3,5,"dominant",0.99,139,136,0,3,4000,0.97841726618705,0.034,0.0215827338129496
"Recessive + Dominant",0.3,5,"dominant",1,0,0,0,0,4000,NA,0,NA
"Recessive + Dominant",0.4,2,"additive",0,930513,0,800,929713,0,0,NA,1
"Recessive + Dominant",0.4,2,"additive",0.1,36,0,7,29,0,0,NA,1
"Recessive + Dominant",0.4,2,"additive",0.5,5,0,2,3,0,0,NA,1
"Recessive + Dominant",0.4,2,"additive",0.8,2,0,0,2,0,0,NA,1
"Recessive + Dominant",0.4,2,"additive",0.9,0,0,0,0,0,NA,NA,NA
"Recessive + Dominant",0.4,2,"additive",0.95,0,0,0,0,0,NA,NA,NA
"Recessive + Dominant",0.4,2,"additive",0.99,0,0,0,0,0,NA,NA,NA
"Recessive + Dominant",0.4,2,"additive",1,0,0,0,0,0,NA,NA,NA
"Recessive + Dominant",0.4,2,"recessive",0,766682,400,400,765882,400,0.000521728695860865,1,0.999478271304139
"Recessive + Dominant",0.4,2,"recessive",0.1,852,296,0,556,400,0.347417840375587,0.74,0.652582159624413
"Recessive + Dominant",0.4,2,"recessive",0.5,167,146,0,21,400,0.874251497005988,0.365,0.125748502994012
"Recessive + Dominant",0.4,2,"recessive",0.8,123,122,0,1,400,0.991869918699187,0.305,0.00813008130081301
"Recessive + Dominant",0.4,2,"recessive",0.9,114,114,0,0,400,1,0.285,0
"Recessive + Dominant",0.4,2,"recessive",0.95,107,107,0,0,400,1,0.2675,0
"Recessive + Dominant",0.4,2,"recessive",0.99,97,97,0,0,400,1,0.2425,0
"Recessive + Dominant",0.4,2,"recessive",1,23,23,0,0,400,1,0.0575,0
"Recessive + Dominant",0.4,2,"dominant",0,930513,400,400,929713,400,0.000429870404819707,1,0.99957012959518
"Recessive + Dominant",0.4,2,"dominant",0.1,814,295,0,519,400,0.362407862407862,0.7375,0.637592137592138
"Recessive + Dominant",0.4,2,"dominant",0.5,167,152,0,15,400,0.910179640718563,0.38,0.0898203592814371
"Recessive + Dominant",0.4,2,"dominant",0.8,137,134,0,3,400,0.978102189781022,0.335,0.0218978102189781
"Recessive + Dominant",0.4,2,"dominant",0.9,125,125,0,0,400,1,0.3125,0
"Recessive + Dominant",0.4,2,"dominant",0.95,109,109,0,0,400,1,0.2725,0
"Recessive + Dominant",0.4,2,"dominant",0.99,86,86,0,0,400,1,0.215,0
"Recessive + Dominant",0.4,2,"dominant",1,0,0,0,0,400,NA,0,NA
"Recessive + Dominant",0.4,3,"additive",0,1861026,0,2400,1858626,0,0,NA,1
"Recessive + Dominant",0.4,3,"additive",0.1,211,0,72,139,0,0,NA,1
"Recessive + Dominant",0.4,3,"additive",0.5,19,0,14,5,0,0,NA,1
"Recessive + Dominant",0.4,3,"additive",0.8,5,0,4,1,0,0,NA,1
"Recessive + Dominant",0.4,3,"additive",0.9,5,0,4,1,0,0,NA,1
"Recessive + Dominant",0.4,3,"additive",0.95,5,0,4,1,0,0,NA,1
"Recessive + Dominant",0.4,3,"additive",0.99,3,0,3,0,0,0,NA,1
"Recessive + Dominant",0.4,3,"additive",1,0,0,0,0,0,NA,NA,NA
"Recessive + Dominant",0.4,3,"recessive",0,1533364,1200,1200,1530964,1200,0.000782593043791298,1,0.999217406956209
"Recessive + Dominant",0.4,3,"recessive",0.1,2433,815,0,1618,1200,0.334977394163584,0.679166666666667,0.665022605836416
"Recessive + Dominant",0.4,3,"recessive",0.5,467,407,0,60,1200,0.87152034261242,0.339166666666667,0.12847965738758
"Recessive + Dominant",0.4,3,"recessive",0.8,344,337,0,7,1200,0.979651162790698,0.280833333333333,0.0203488372093023
"Recessive + Dominant",0.4,3,"recessive",0.9,318,317,0,1,1200,0.99685534591195,0.264166666666667,0.00314465408805031
"Recessive + Dominant",0.4,3,"recessive",0.95,287,287,0,0,1200,1,0.239166666666667,0
"Recessive + Dominant",0.4,3,"recessive",0.99,257,257,0,0,1200,1,0.214166666666667,0
"Recessive + Dominant",0.4,3,"recessive",1,24,24,0,0,1200,1,0.02,0
"Recessive + Dominant",0.4,3,"dominant",0,1861026,1200,1200,1858626,1200,0.000644805607229561,1,0.99935519439277
"Recessive + Dominant",0.4,3,"dominant",0.1,2263,777,0,1486,1200,0.343349536014141,0.6475,0.656650463985859
"Recessive + Dominant",0.4,3,"dominant",0.5,449,389,0,60,1200,0.866369710467706,0.324166666666667,0.133630289532294
"Recessive + Dominant",0.4,3,"dominant",0.8,294,285,0,9,1200,0.969387755102041,0.2375,0.0306122448979592
"Recessive + Dominant",0.4,3,"dominant",0.9,242,237,0,5,1200,0.979338842975207,0.1975,0.0206611570247934
"Recessive + Dominant",0.4,3,"dominant",0.95,216,213,0,3,1200,0.986111111111111,0.1775,0.0138888888888889
"Recessive + Dominant",0.4,3,"dominant",0.99,170,170,0,0,1200,1,0.141666666666667,0
"Recessive + Dominant",0.4,3,"dominant",1,0,0,0,0,1200,NA,0,NA
"Recessive + Dominant",0.4,4,"additive",0,2791539,0,4800,2786739,0,0,NA,1
"Recessive + Dominant",0.4,4,"additive",0.1,417,0,163,254,0,0,NA,1
"Recessive + Dominant",0.4,4,"additive",0.5,62,0,34,28,0,0,NA,1
"Recessive + Dominant",0.4,4,"additive",0.8,11,0,4,7,0,0,NA,1
"Recessive + Dominant",0.4,4,"additive",0.9,8,0,2,6,0,0,NA,1
"Recessive + Dominant",0.4,4,"additive",0.95,5,0,1,4,0,0,NA,1
"Recessive + Dominant",0.4,4,"additive",0.99,3,0,1,2,0,0,NA,1
"Recessive + Dominant",0.4,4,"additive",1,0,0,0,0,0,NA,NA,NA
"Recessive + Dominant",0.4,4,"recessive",0,2300046,2400,2400,2295246,2400,0.00104345739172173,1,0.998956542608278
"Recessive + Dominant",0.4,4,"recessive",0.1,4804,1605,2,3197,2400,0.334096586178185,0.66875,0.665903413821815
"Recessive + Dominant",0.4,4,"recessive",0.5,828,739,0,89,2400,0.892512077294686,0.307916666666667,0.107487922705314
"Recessive + Dominant",0.4,4,"recessive",0.8,609,601,0,8,2400,0.986863711001642,0.250416666666667,0.013136288998358
"Recessive + Dominant",0.4,4,"recessive",0.9,541,537,0,4,2400,0.992606284658041,0.22375,0.00739371534195933
"Recessive + Dominant",0.4,4,"recessive",0.95,511,508,0,3,2400,0.99412915851272,0.211666666666667,0.00587084148727984
"Recessive + Dominant",0.4,4,"recessive",0.99,433,431,0,2,2400,0.995381062355658,0.179583333333333,0.0046189376443418
"Recessive + Dominant",0.4,4,"recessive",1,10,10,0,0,2400,1,0.00416666666666667,0
"Recessive + Dominant",0.4,4,"dominant",0,2791539,2400,2400,2786739,2400,0.000859740809639414,1,0.999140259190361
"Recessive + Dominant",0.4,4,"dominant",0.1,4183,1394,2,2787,2400,0.333253645708821,0.580833333333333,0.666746354291179
"Recessive + Dominant",0.4,4,"dominant",0.5,767,653,0,114,2400,0.851368970013038,0.272083333333333,0.148631029986962
"Recessive + Dominant",0.4,4,"dominant",0.8,479,462,0,17,2400,0.964509394572025,0.1925,0.0354906054279749
"Recessive + Dominant",0.4,4,"dominant",0.9,378,375,0,3,2400,0.992063492063492,0.15625,0.00793650793650794
"Recessive + Dominant",0.4,4,"dominant",0.95,319,317,0,2,2400,0.993730407523511,0.132083333333333,0.00626959247648903
"Recessive + Dominant",0.4,4,"dominant",0.99,243,242,0,1,2400,0.995884773662551,0.100833333333333,0.00411522633744856
"Recessive + Dominant",0.4,4,"dominant",1,1,1,0,0,2400,1,0.000416666666666667,0
"Recessive + Dominant",0.4,5,"additive",0,3722052,0,8000,3714052,0,0,NA,1
"Recessive + Dominant",0.4,5,"additive",0.1,888,0,351,537,0,0,NA,1
"Recessive + Dominant",0.4,5,"additive",0.5,127,0,80,47,0,0,NA,1
"Recessive + Dominant",0.4,5,"additive",0.8,41,0,24,17,0,0,NA,1
"Recessive + Dominant",0.4,5,"additive",0.9,20,0,11,9,0,0,NA,1
"Recessive + Dominant",0.4,5,"additive",0.95,14,0,8,6,0,0,NA,1
"Recessive + Dominant",0.4,5,"additive",0.99,6,0,1,5,0,0,NA,1
"Recessive + Dominant",0.4,5,"additive",1,0,0,0,0,0,NA,NA,NA
"Recessive + Dominant",0.4,5,"recessive",0,3066728,4000,4000,3058728,4000,0.00130432173965216,1,0.998695678260348
"Recessive + Dominant",0.4,5,"recessive",0.1,7714,2383,0,5331,4000,0.308918848846254,0.59575,0.691081151153746
"Recessive + Dominant",0.4,5,"recessive",0.5,1223,1100,0,123,4000,0.899427636958299,0.275,0.100572363041701
"Recessive + Dominant",0.4,5,"recessive",0.8,908,879,0,29,4000,0.968061674008811,0.21975,0.0319383259911894
"Recessive + Dominant",0.4,5,"recessive",0.9,784,768,0,16,4000,0.979591836734694,0.192,0.0204081632653061
"Recessive + Dominant",0.4,5,"recessive",0.95,708,699,0,9,4000,0.98728813559322,0.17475,0.0127118644067797
"Recessive + Dominant",0.4,5,"recessive",0.99,572,571,0,1,4000,0.998251748251748,0.14275,0.00174825174825175
"Recessive + Dominant",0.4,5,"recessive",1,6,6,0,0,4000,1,0.0015,0
"Recessive + Dominant",0.4,5,"dominant",0,3722052,4000,4000,3714052,4000,0.00107467601204927,1,0.998925323987951
"Recessive + Dominant",0.4,5,"dominant",0.1,6454,2120,0,4334,4000,0.328478462968702,0.53,0.671521537031298
"Recessive + Dominant",0.4,5,"dominant",0.5,1160,982,0,178,4000,0.846551724137931,0.2455,0.153448275862069
"Recessive + Dominant",0.4,5,"dominant",0.8,706,661,0,45,4000,0.936260623229462,0.16525,0.0637393767705382
"Recessive + Dominant",0.4,5,"dominant",0.9,557,537,0,20,4000,0.964093357271095,0.13425,0.0359066427289048
"Recessive + Dominant",0.4,5,"dominant",0.95,466,459,0,7,4000,0.984978540772532,0.11475,0.0150214592274678
"Recessive + Dominant",0.4,5,"dominant",0.99,277,274,0,3,4000,0.989169675090253,0.0685,0.0108303249097473
"Recessive + Dominant",0.4,5,"dominant",1,0,0,0,0,4000,NA,0,NA
"Recessive only",0.1,1,"additive",0,930513,0,400,930113,0,0,NA,1
"Recessive only",0.1,1,"additive",0.1,5,0,3,2,0,0,NA,1
"Recessive only",0.1,1,"additive",0.5,1,0,1,0,0,0,NA,1
"Recessive only",0.1,1,"additive",0.8,0,0,0,0,0,NA,NA,NA
"Recessive only",0.1,1,"additive",0.9,0,0,0,0,0,NA,NA,NA
"Recessive only",0.1,1,"additive",0.95,0,0,0,0,0,NA,NA,NA
"Recessive only",0.1,1,"additive",0.99,0,0,0,0,0,NA,NA,NA
"Recessive only",0.1,1,"additive",1,0,0,0,0,0,NA,NA,NA
"Recessive only",0.1,1,"recessive",0,766682,400,0,766282,400,0.000521728695860865,1,0.999478271304139
"Recessive only",0.1,1,"recessive",0.1,808,246,0,562,400,0.304455445544554,0.615,0.695544554455445
"Recessive only",0.1,1,"recessive",0.5,114,96,0,18,400,0.842105263157895,0.24,0.157894736842105
"Recessive only",0.1,1,"recessive",0.8,75,73,0,2,400,0.973333333333333,0.1825,0.0266666666666667
"Recessive only",0.1,1,"recessive",0.9,67,65,0,2,400,0.970149253731343,0.1625,0.0298507462686567
"Recessive only",0.1,1,"recessive",0.95,58,58,0,0,400,1,0.145,0
"Recessive only",0.1,1,"recessive",0.99,48,48,0,0,400,1,0.12,0
"Recessive only",0.1,1,"recessive",1,0,0,0,0,400,NA,0,NA
"Recessive only",0.1,1,"dominant",0,930513,0,400,930113,0,0,NA,1
"Recessive only",0.1,1,"dominant",0.1,11,0,0,11,0,0,NA,1
"Recessive only",0.1,1,"dominant",0.5,0,0,0,0,0,NA,NA,NA
"Recessive only",0.1,1,"dominant",0.8,0,0,0,0,0,NA,NA,NA
"Recessive only",0.1,1,"dominant",0.9,0,0,0,0,0,NA,NA,NA
"Recessive only",0.1,1,"dominant",0.95,0,0,0,0,0,NA,NA,NA
"Recessive only",0.1,1,"dominant",0.99,0,0,0,0,0,NA,NA,NA
"Recessive only",0.1,1,"dominant",1,0,0,0,0,0,NA,NA,NA
"Recessive only",0.1,2,"additive",0,928748,0,800,927948,0,0,NA,1
"Recessive only",0.1,2,"additive",0.1,18,0,8,10,0,0,NA,1
"Recessive only",0.1,2,"additive",0.5,0,0,0,0,0,NA,NA,NA
"Recessive only",0.1,2,"additive",0.8,0,0,0,0,0,NA,NA,NA
"Recessive only",0.1,2,"additive",0.9,0,0,0,0,0,NA,NA,NA
"Recessive only",0.1,2,"additive",0.95,0,0,0,0,0,NA,NA,NA
"Recessive only",0.1,2,"additive",0.99,0,0,0,0,0,NA,NA,NA
"Recessive only",0.1,2,"additive",1,0,0,0,0,0,NA,NA,NA
"Recessive only",0.1,2,"recessive",0,765451,800,0,764651,800,0.00104513548221898,1,0.998954864517781
"Recessive only",0.1,2,"recessive",0.1,1120,335,0,785,800,0.299107142857143,0.41875,0.700892857142857
"Recessive only",0.1,2,"recessive",0.5,133,115,0,18,800,0.864661654135338,0.14375,0.135338345864662
"Recessive only",0.1,2,"recessive",0.8,72,68,0,4,800,0.944444444444444,0.085,0.0555555555555556
"Recessive only",0.1,2,"recessive",0.9,59,56,0,3,800,0.949152542372881,0.07,0.0508474576271186
"Recessive only",0.1,2,"recessive",0.95,51,51,0,0,800,1,0.06375,0
"Recessive only",0.1,2,"recessive",0.99,28,28,0,0,800,1,0.035,0
"Recessive only",0.1,2,"recessive",1,0,0,0,0,800,NA,0,NA
"Recessive only",0.1,2,"dominant",0,928748,0,800,927948,0,0,NA,1
"Recessive only",0.1,2,"dominant",0.1,12,0,0,12,0,0,NA,1
"Recessive only",0.1,2,"dominant",0.5,0,0,0,0,0,NA,NA,NA
"Recessive only",0.1,2,"dominant",0.8,0,0,0,0,0,NA,NA,NA
"Recessive only",0.1,2,"dominant",0.9,0,0,0,0,0,NA,NA,NA
"Recessive only",0.1,2,"dominant",0.95,0,0,0,0,0,NA,NA,NA
"Recessive only",0.1,2,"dominant",0.99,0,0,0,0,0,NA,NA,NA
"Recessive only",0.1,2,"dominant",1,0,0,0,0,0,NA,NA,NA
"Recessive only",0.1,3,"additive",0,928896,0,1200,927696,0,0,NA,1
"Recessive only",0.1,3,"additive",0.1,36,0,4,32,0,0,NA,1
"Recessive only",0.1,3,"additive",0.5,1,0,1,0,0,0,NA,1
"Recessive only",0.1,3,"additive",0.8,1,0,1,0,0,0,NA,1
"Recessive only",0.1,3,"additive",0.9,1,0,1,0,0,0,NA,1
"Recessive only",0.1,3,"additive",0.95,1,0,1,0,0,0,NA,1
"Recessive only",0.1,3,"additive",0.99,0,0,0,0,0,NA,NA,NA
"Recessive only",0.1,3,"additive",1,0,0,0,0,0,NA,NA,NA
"Recessive only",0.1,3,"recessive",0,765530,1200,0,764330,1200,0.00156754144187687,1,0.998432458558123
"Recessive only",0.1,3,"recessive",0.1,876,234,0,642,1200,0.267123287671233,0.195,0.732876712328767
"Recessive only",0.1,3,"recessive",0.5,85,68,0,17,1200,0.8,0.0566666666666667,0.2
"Recessive only",0.1,3,"recessive",0.8,47,46,0,1,1200,0.978723404255319,0.0383333333333333,0.0212765957446809
"Recessive only",0.1,3,"recessive",0.9,39,39,0,0,1200,1,0.0325,0
"Recessive only",0.1,3,"recessive",0.95,28,28,0,0,1200,1,0.0233333333333333,0
"Recessive only",0.1,3,"recessive",0.99,12,12,0,0,1200,1,0.01,0
"Recessive only",0.1,3,"recessive",1,0,0,0,0,1200,NA,0,NA
"Recessive only",0.1,3,"dominant",0,928896,0,1200,927696,0,0,NA,1
"Recessive only",0.1,3,"dominant",0.1,16,0,0,16,0,0,NA,1
"Recessive only",0.1,3,"dominant",0.5,2,0,0,2,0,0,NA,1
"Recessive only",0.1,3,"dominant",0.8,0,0,0,0,0,NA,NA,NA
"Recessive only",0.1,3,"dominant",0.9,0,0,0,0,0,NA,NA,NA
"Recessive only",0.1,3,"dominant",0.95,0,0,0,0,0,NA,NA,NA
"Recessive only",0.1,3,"dominant",0.99,0,0,0,0,0,NA,NA,NA
"Recessive only",0.1,3,"dominant",1,0,0,0,0,0,NA,NA,NA
"Recessive only",0.1,4,"additive",0,930513,0,1600,928913,0,0,NA,1
"Recessive only",0.1,4,"additive",0.1,32,0,9,23,0,0,NA,1
"Recessive only",0.1,4,"additive",0.5,1,0,1,0,0,0,NA,1
"Recessive only",0.1,4,"additive",0.8,1,0,1,0,0,0,NA,1
"Recessive only",0.1,4,"additive",0.9,0,0,0,0,0,NA,NA,NA
"Recessive only",0.1,4,"additive",0.95,0,0,0,0,0,NA,NA,NA
"Recessive only",0.1,4,"additive",0.99,0,0,0,0,0,NA,NA,NA
"Recessive only",0.1,4,"additive",1,0,0,0,0,0,NA,NA,NA
"Recessive only",0.1,4,"recessive",0,766682,1600,0,765082,1600,0.00208691478344346,1,0.997913085216557
"Recessive only",0.1,4,"recessive",0.1,768,173,0,595,1600,0.225260416666667,0.108125,0.774739583333333
"Recessive only",0.1,4,"recessive",0.5,50,37,0,13,1600,0.74,0.023125,0.26
"Recessive only",0.1,4,"recessive",0.8,21,18,0,3,1600,0.857142857142857,0.01125,0.142857142857143
"Recessive only",0.1,4,"recessive",0.9,11,10,0,1,1600,0.909090909090909,0.00625,0.0909090909090909
"Recessive only",0.1,4,"recessive",0.95,9,9,0,0,1600,1,0.005625,0
"Recessive only",0.1,4,"recessive",0.99,5,5,0,0,1600,1,0.003125,0
"Recessive only",0.1,4,"recessive",1,0,0,0,0,1600,NA,0,NA
"Recessive only",0.1,4,"dominant",0,930513,0,1600,928913,0,0,NA,1
"Recessive only",0.1,4,"dominant",0.1,11,0,0,11,0,0,NA,1
"Recessive only",0.1,4,"dominant",0.5,0,0,0,0,0,NA,NA,NA
"Recessive only",0.1,4,"dominant",0.8,0,0,0,0,0,NA,NA,NA
"Recessive only",0.1,4,"dominant",0.9,0,0,0,0,0,NA,NA,NA
"Recessive only",0.1,4,"dominant",0.95,0,0,0,0,0,NA,NA,NA
"Recessive only",0.1,4,"dominant",0.99,0,0,0,0,0,NA,NA,NA
"Recessive only",0.1,4,"dominant",1,0,0,0,0,0,NA,NA,NA
"Recessive only",0.1,5,"additive",0,930513,0,2000,928513,0,0,NA,1
"Recessive only",0.1,5,"additive",0.1,29,0,5,24,0,0,NA,1
"Recessive only",0.1,5,"additive",0.5,2,0,0,2,0,0,NA,1
"Recessive only",0.1,5,"additive",0.8,0,0,0,0,0,NA,NA,NA
"Recessive only",0.1,5,"additive",0.9,0,0,0,0,0,NA,NA,NA
"Recessive only",0.1,5,"additive",0.95,0,0,0,0,0,NA,NA,NA
"Recessive only",0.1,5,"additive",0.99,0,0,0,0,0,NA,NA,NA
"Recessive only",0.1,5,"additive",1,0,0,0,0,0,NA,NA,NA
"Recessive only",0.1,5,"recessive",0,766682,2000,0,764682,2000,0.00260864347930433,1,0.997391356520696
"Recessive only",0.1,5,"recessive",0.1,517,116,0,401,2000,0.224371373307544,0.058,0.775628626692456
"Recessive only",0.1,5,"recessive",0.5,33,26,0,7,2000,0.787878787878788,0.013,0.212121212121212
"Recessive only",0.1,5,"recessive",0.8,15,12,0,3,2000,0.8,0.006,0.2
"Recessive only",0.1,5,"recessive",0.9,12,10,0,2,2000,0.833333333333333,0.005,0.166666666666667
"Recessive only",0.1,5,"recessive",0.95,8,6,0,2,2000,0.75,0.003,0.25
"Recessive only",0.1,5,"recessive",0.99,3,3,0,0,2000,1,0.0015,0
"Recessive only",0.1,5,"recessive",1,0,0,0,0,2000,NA,0,NA
"Recessive only",0.1,5,"dominant",0,930513,0,2000,928513,0,0,NA,1
"Recessive only",0.1,5,"dominant",0.1,35,0,0,35,0,0,NA,1
"Recessive only",0.1,5,"dominant",0.5,1,0,0,1,0,0,NA,1
"Recessive only",0.1,5,"dominant",0.8,1,0,0,1,0,0,NA,1
"Recessive only",0.1,5,"dominant",0.9,1,0,0,1,0,0,NA,1
"Recessive only",0.1,5,"dominant",0.95,0,0,0,0,0,NA,NA,NA
"Recessive only",0.1,5,"dominant",0.99,0,0,0,0,0,NA,NA,NA
"Recessive only",0.1,5,"dominant",1,0,0,0,0,0,NA,NA,NA
"Recessive only",0.2,1,"additive",0,930513,0,400,930113,0,0,NA,1
"Recessive only",0.2,1,"additive",0.1,2,0,0,2,0,0,NA,1
"Recessive only",0.2,1,"additive",0.5,0,0,0,0,0,NA,NA,NA
"Recessive only",0.2,1,"additive",0.8,0,0,0,0,0,NA,NA,NA
"Recessive only",0.2,1,"additive",0.9,0,0,0,0,0,NA,NA,NA
"Recessive only",0.2,1,"additive",0.95,0,0,0,0,0,NA,NA,NA
"Recessive only",0.2,1,"additive",0.99,0,0,0,0,0,NA,NA,NA
"Recessive only",0.2,1,"additive",1,0,0,0,0,0,NA,NA,NA
"Recessive only",0.2,1,"recessive",0,766682,400,0,766282,400,0.000521728695860865,1,0.999478271304139
"Recessive only",0.2,1,"recessive",0.1,846,288,0,558,400,0.340425531914894,0.72,0.659574468085106
"Recessive only",0.2,1,"recessive",0.5,157,136,0,21,400,0.866242038216561,0.34,0.133757961783439
"Recessive only",0.2,1,"recessive",0.8,113,110,0,3,400,0.973451327433628,0.275,0.0265486725663717
"Recessive only",0.2,1,"recessive",0.9,99,98,0,1,400,0.98989898989899,0.245,0.0101010101010101
"Recessive only",0.2,1,"recessive",0.95,92,92,0,0,400,1,0.23,0
"Recessive only",0.2,1,"recessive",0.99,81,81,0,0,400,1,0.2025,0
"Recessive only",0.2,1,"recessive",1,10,10,0,0,400,1,0.025,0
"Recessive only",0.2,1,"dominant",0,930513,0,400,930113,0,0,NA,1
"Recessive only",0.2,1,"dominant",0.1,10,0,0,10,0,0,NA,1
"Recessive only",0.2,1,"dominant",0.5,0,0,0,0,0,NA,NA,NA
"Recessive only",0.2,1,"dominant",0.8,0,0,0,0,0,NA,NA,NA
"Recessive only",0.2,1,"dominant",0.9,0,0,0,0,0,NA,NA,NA
"Recessive only",0.2,1,"dominant",0.95,0,0,0,0,0,NA,NA,NA
"Recessive only",0.2,1,"dominant",0.99,0,0,0,0,0,NA,NA,NA
"Recessive only",0.2,1,"dominant",1,0,0,0,0,0,NA,NA,NA
"Recessive only",0.2,2,"additive",0,930513,0,800,929713,0,0,NA,1
"Recessive only",0.2,2,"additive",0.1,11,0,3,8,0,0,NA,1
"Recessive only",0.2,2,"additive",0.5,1,0,0,1,0,0,NA,1
"Recessive only",0.2,2,"additive",0.8,0,0,0,0,0,NA,NA,NA
"Recessive only",0.2,2,"additive",0.9,0,0,0,0,0,NA,NA,NA
"Recessive only",0.2,2,"additive",0.95,0,0,0,0,0,NA,NA,NA
"Recessive only",0.2,2,"additive",0.99,0,0,0,0,0,NA,NA,NA
"Recessive only",0.2,2,"additive",1,0,0,0,0,0,NA,NA,NA
"Recessive only",0.2,2,"recessive",0,766682,800,0,765882,800,0.00104345739172173,1,0.998956542608278
"Recessive only",0.2,2,"recessive",0.1,1659,508,0,1151,800,0.306208559373116,0.635,0.693791440626884
"Recessive only",0.2,2,"recessive",0.5,254,224,0,30,800,0.881889763779528,0.28,0.118110236220472
"Recessive only",0.2,2,"recessive",0.8,186,179,0,7,800,0.962365591397849,0.22375,0.0376344086021505
"Recessive only",0.2,2,"recessive",0.9,161,158,0,3,800,0.981366459627329,0.1975,0.0186335403726708
"Recessive only",0.2,2,"recessive",0.95,143,141,0,2,800,0.986013986013986,0.17625,0.013986013986014
"Recessive only",0.2,2,"recessive",0.99,114,113,0,1,800,0.991228070175439,0.14125,0.0087719298245614
"Recessive only",0.2,2,"recessive",1,1,1,0,0,800,1,0.00125,0
"Recessive only",0.2,2,"dominant",0,930513,0,800,929713,0,0,NA,1
"Recessive only",0.2,2,"dominant",0.1,17,0,0,17,0,0,NA,1
"Recessive only",0.2,2,"dominant",0.5,0,0,0,0,0,NA,NA,NA
"Recessive only",0.2,2,"dominant",0.8,0,0,0,0,0,NA,NA,NA
"Recessive only",0.2,2,"dominant",0.9,0,0,0,0,0,NA,NA,NA
"Recessive only",0.2,2,"dominant",0.95,0,0,0,0,0,NA,NA,NA
"Recessive only",0.2,2,"dominant",0.99,0,0,0,0,0,NA,NA,NA
"Recessive only",0.2,2,"dominant",1,0,0,0,0,0,NA,NA,NA
"Recessive only",0.2,3,"additive",0,930513,0,1200,929313,0,0,NA,1
"Recessive only",0.2,3,"additive",0.1,24,0,3,21,0,0,NA,1
"Recessive only",0.2,3,"additive",0.5,2,0,2,0,0,0,NA,1
"Recessive only",0.2,3,"additive",0.8,1,0,1,0,0,0,NA,1
"Recessive only",0.2,3,"additive",0.9,1,0,1,0,0,0,NA,1
"Recessive only",0.2,3,"additive",0.95,1,0,1,0,0,0,NA,1
"Recessive only",0.2,3,"additive",0.99,0,0,0,0,0,NA,NA,NA
"Recessive only",0.2,3,"additive",1,0,0,0,0,0,NA,NA,NA
"Recessive only",0.2,3,"recessive",0,766682,1200,0,765482,1200,0.0015651860875826,1,0.998434813912417
"Recessive only",0.2,3,"recessive",0.1,2100,632,0,1468,1200,0.300952380952381,0.526666666666667,0.699047619047619
"Recessive only",0.2,3,"recessive",0.5,297,256,0,41,1200,0.861952861952862,0.213333333333333,0.138047138047138
"Recessive only",0.2,3,"recessive",0.8,200,195,0,5,1200,0.975,0.1625,0.025
"Recessive only",0.2,3,"recessive",0.9,167,166,0,1,1200,0.994011976047904,0.138333333333333,0.00598802395209581
"Recessive only",0.2,3,"recessive",0.95,143,143,0,0,1200,1,0.119166666666667,0
"Recessive only",0.2,3,"recessive",0.99,112,112,0,0,1200,1,0.0933333333333333,0
"Recessive only",0.2,3,"recessive",1,0,0,0,0,1200,NA,0,NA
"Recessive only",0.2,3,"dominant",0,930513,0,1200,929313,0,0,NA,1
"Recessive only",0.2,3,"dominant",0.1,23,0,0,23,0,0,NA,1
"Recessive only",0.2,3,"dominant",0.5,4,0,0,4,0,0,NA,1
"Recessive only",0.2,3,"dominant",0.8,2,0,0,2,0,0,NA,1
"Recessive only",0.2,3,"dominant",0.9,2,0,0,2,0,0,NA,1
"Recessive only",0.2,3,"dominant",0.95,0,0,0,0,0,NA,NA,NA
"Recessive only",0.2,3,"dominant",0.99,0,0,0,0,0,NA,NA,NA
"Recessive only",0.2,3,"dominant",1,0,0,0,0,0,NA,NA,NA
"Recessive only",0.2,4,"additive",0,930513,0,1600,928913,0,0,NA,1
"Recessive only",0.2,4,"additive",0.1,43,0,15,28,0,0,NA,1
"Recessive only",0.2,4,"additive",0.5,2,0,1,1,0,0,NA,1
"Recessive only",0.2,4,"additive",0.8,0,0,0,0,0,NA,NA,NA
"Recessive only",0.2,4,"additive",0.9,0,0,0,0,0,NA,NA,NA
"Recessive only",0.2,4,"additive",0.95,0,0,0,0,0,NA,NA,NA
"Recessive only",0.2,4,"additive",0.99,0,0,0,0,0,NA,NA,NA
"Recessive only",0.2,4,"additive",1,0,0,0,0,0,NA,NA,NA
"Recessive only",0.2,4,"recessive",0,766682,1600,0,765082,1600,0.00208691478344346,1,0.997913085216557
"Recessive only",0.2,4,"recessive",0.1,2319,673,0,1646,1600,0.290211297973264,0.420625,0.709788702026736
"Recessive only",0.2,4,"recessive",0.5,274,232,0,42,1600,0.846715328467153,0.145,0.153284671532847
"Recessive only",0.2,4,"recessive",0.8,181,173,0,8,1600,0.955801104972376,0.108125,0.0441988950276243
"Recessive only",0.2,4,"recessive",0.9,146,142,0,4,1600,0.972602739726027,0.08875,0.0273972602739726
"Recessive only",0.2,4,"recessive",0.95,119,117,0,2,1600,0.983193277310924,0.073125,0.0168067226890756
"Recessive only",0.2,4,"recessive",0.99,73,72,0,1,1600,0.986301369863014,0.045,0.0136986301369863
"Recessive only",0.2,4,"recessive",1,0,0,0,0,1600,NA,0,NA
"Recessive only",0.2,4,"dominant",0,930513,0,1600,928913,0,0,NA,1
"Recessive only",0.2,4,"dominant",0.1,34,0,0,34,0,0,NA,1
"Recessive only",0.2,4,"dominant",0.5,1,0,0,1,0,0,NA,1
"Recessive only",0.2,4,"dominant",0.8,0,0,0,0,0,NA,NA,NA
"Recessive only",0.2,4,"dominant",0.9,0,0,0,0,0,NA,NA,NA
"Recessive only",0.2,4,"dominant",0.95,0,0,0,0,0,NA,NA,NA
"Recessive only",0.2,4,"dominant",0.99,0,0,0,0,0,NA,NA,NA
"Recessive only",0.2,4,"dominant",1,0,0,0,0,0,NA,NA,NA
"Recessive only",0.2,5,"additive",0,930513,0,2000,928513,0,0,NA,1
"Recessive only",0.2,5,"additive",0.1,54,0,13,41,0,0,NA,1
"Recessive only",0.2,5,"additive",0.5,4,0,2,2,0,0,NA,1
"Recessive only",0.2,5,"additive",0.8,2,0,1,1,0,0,NA,1
"Recessive only",0.2,5,"additive",0.9,0,0,0,0,0,NA,NA,NA
"Recessive only",0.2,5,"additive",0.95,0,0,0,0,0,NA,NA,NA
"Recessive only",0.2,5,"additive",0.99,0,0,0,0,0,NA,NA,NA
"Recessive only",0.2,5,"additive",1,0,0,0,0,0,NA,NA,NA
"Recessive only",0.2,5,"recessive",0,766682,2000,0,764682,2000,0.00260864347930433,1,0.997391356520696
"Recessive only",0.2,5,"recessive",0.1,1940,554,0,1386,2000,0.285567010309278,0.277,0.714432989690722
"Recessive only",0.2,5,"recessive",0.5,217,175,0,42,2000,0.806451612903226,0.0875,0.193548387096774
"Recessive only",0.2,5,"recessive",0.8,133,125,0,8,2000,0.93984962406015,0.0625,0.0601503759398496
"Recessive only",0.2,5,"recessive",0.9,99,95,0,4,2000,0.95959595959596,0.0475,0.0404040404040404
"Recessive only",0.2,5,"recessive",0.95,79,78,0,1,2000,0.987341772151899,0.039,0.0126582278481013
"Recessive only",0.2,5,"recessive",0.99,49,49,0,0,2000,1,0.0245,0
"Recessive only",0.2,5,"recessive",1,0,0,0,0,2000,NA,0,NA
"Recessive only",0.2,5,"dominant",0,930513,0,2000,928513,0,0,NA,1
"Recessive only",0.2,5,"dominant",0.1,38,0,0,38,0,0,NA,1
"Recessive only",0.2,5,"dominant",0.5,1,0,0,1,0,0,NA,1
"Recessive only",0.2,5,"dominant",0.8,0,0,0,0,0,NA,NA,NA
"Recessive only",0.2,5,"dominant",0.9,0,0,0,0,0,NA,NA,NA
"Recessive only",0.2,5,"dominant",0.95,0,0,0,0,0,NA,NA,NA
"Recessive only",0.2,5,"dominant",0.99,0,0,0,0,0,NA,NA,NA
"Recessive only",0.2,5,"dominant",1,0,0,0,0,0,NA,NA,NA
"Recessive only",0.3,1,"additive",0,930513,0,400,930113,0,0,NA,1
"Recessive only",0.3,1,"additive",0.1,2,0,0,2,0,0,NA,1
"Recessive only",0.3,1,"additive",0.5,0,0,0,0,0,NA,NA,NA
"Recessive only",0.3,1,"additive",0.8,0,0,0,0,0,NA,NA,NA
"Recessive only",0.3,1,"additive",0.9,0,0,0,0,0,NA,NA,NA
"Recessive only",0.3,1,"additive",0.95,0,0,0,0,0,NA,NA,NA
"Recessive only",0.3,1,"additive",0.99,0,0,0,0,0,NA,NA,NA
"Recessive only",0.3,1,"additive",1,0,0,0,0,0,NA,NA,NA
"Recessive only",0.3,1,"recessive",0,766682,400,0,766282,400,0.000521728695860865,1,0.999478271304139
"Recessive only",0.3,1,"recessive",0.1,843,306,0,537,400,0.362989323843416,0.765,0.637010676156584
"Recessive only",0.3,1,"recessive",0.5,184,163,0,21,400,0.885869565217391,0.4075,0.114130434782609
"Recessive only",0.3,1,"recessive",0.8,132,131,0,1,400,0.992424242424242,0.3275,0.00757575757575758
"Recessive only",0.3,1,"recessive",0.9,123,122,0,1,400,0.991869918699187,0.305,0.00813008130081301
"Recessive only",0.3,1,"recessive",0.95,115,115,0,0,400,1,0.2875,0
"Recessive only",0.3,1,"recessive",0.99,105,105,0,0,400,1,0.2625,0
"Recessive only",0.3,1,"recessive",1,30,30,0,0,400,1,0.075,0
"Recessive only",0.3,1,"dominant",0,930513,0,400,930113,0,0,NA,1
"Recessive only",0.3,1,"dominant",0.1,10,0,0,10,0,0,NA,1
"Recessive only",0.3,1,"dominant",0.5,0,0,0,0,0,NA,NA,NA
"Recessive only",0.3,1,"dominant",0.8,0,0,0,0,0,NA,NA,NA
"Recessive only",0.3,1,"dominant",0.9,0,0,0,0,0,NA,NA,NA
"Recessive only",0.3,1,"dominant",0.95,0,0,0,0,0,NA,NA,NA
"Recessive only",0.3,1,"dominant",0.99,0,0,0,0,0,NA,NA,NA
"Recessive only",0.3,1,"dominant",1,0,0,0,0,0,NA,NA,NA
"Recessive only",0.3,2,"additive",0,929710,0,800,928910,0,0,NA,1
"Recessive only",0.3,2,"additive",0.1,7,0,0,7,0,0,NA,1
"Recessive only",0.3,2,"additive",0.5,1,0,0,1,0,0,NA,1
"Recessive only",0.3,2,"additive",0.8,1,0,0,1,0,0,NA,1
"Recessive only",0.3,2,"additive",0.9,1,0,0,1,0,0,NA,1
"Recessive only",0.3,2,"additive",0.95,1,0,0,1,0,0,NA,1
"Recessive only",0.3,2,"additive",0.99,0,0,0,0,0,NA,NA,NA
"Recessive only",0.3,2,"additive",1,0,0,0,0,0,NA,NA,NA
"Recessive only",0.3,2,"recessive",0,766326,800,0,765526,800,0.0010439421342875,1,0.998956057865713
"Recessive only",0.3,2,"recessive",0.1,1686,558,0,1128,800,0.330960854092527,0.6975,0.669039145907473
"Recessive only",0.3,2,"recessive",0.5,304,272,0,32,800,0.894736842105263,0.34,0.105263157894737
"Recessive only",0.3,2,"recessive",0.8,232,227,0,5,800,0.978448275862069,0.28375,0.021551724137931
"Recessive only",0.3,2,"recessive",0.9,213,210,0,3,800,0.985915492957746,0.2625,0.0140845070422535
"Recessive only",0.3,2,"recessive",0.95,196,195,0,1,800,0.994897959183674,0.24375,0.00510204081632653
"Recessive only",0.3,2,"recessive",0.99,163,162,0,1,800,0.993865030674847,0.2025,0.00613496932515337
"Recessive only",0.3,2,"recessive",1,15,15,0,0,800,1,0.01875,0
"Recessive only",0.3,2,"dominant",0,929710,0,800,928910,0,0,NA,1
"Recessive only",0.3,2,"dominant",0.1,12,0,0,12,0,0,NA,1
"Recessive only",0.3,2,"dominant",0.5,0,0,0,0,0,NA,NA,NA
"Recessive only",0.3,2,"dominant",0.8,0,0,0,0,0,NA,NA,NA
"Recessive only",0.3,2,"dominant",0.9,0,0,0,0,0,NA,NA,NA
"Recessive only",0.3,2,"dominant",0.95,0,0,0,0,0,NA,NA,NA
"Recessive only",0.3,2,"dominant",0.99,0,0,0,0,0,NA,NA,NA
"Recessive only",0.3,2,"dominant",1,0,0,0,0,0,NA,NA,NA
"Recessive only",0.3,3,"additive",0,930513,0,1200,929313,0,0,NA,1
"Recessive only",0.3,3,"additive",0.1,6,0,1,5,0,0,NA,1
"Recessive only",0.3,3,"additive",0.5,1,0,1,0,0,0,NA,1
"Recessive only",0.3,3,"additive",0.8,1,0,1,0,0,0,NA,1
"Recessive only",0.3,3,"additive",0.9,0,0,0,0,0,NA,NA,NA
"Recessive only",0.3,3,"additive",0.95,0,0,0,0,0,NA,NA,NA
"Recessive only",0.3,3,"additive",0.99,0,0,0,0,0,NA,NA,NA
"Recessive only",0.3,3,"additive",1,0,0,0,0,0,NA,NA,NA
"Recessive only",0.3,3,"recessive",0,766682,1200,0,765482,1200,0.0015651860875826,1,0.998434813912417
"Recessive only",0.3,3,"recessive",0.1,2303,742,0,1561,1200,0.322188449848024,0.618333333333333,0.677811550151976
"Recessive only",0.3,3,"recessive",0.5,411,352,0,59,1200,0.856447688564477,0.293333333333333,0.143552311435523
"Recessive only",0.3,3,"recessive",0.8,288,285,0,3,1200,0.989583333333333,0.2375,0.0104166666666667
"Recessive only",0.3,3,"recessive",0.9,258,257,0,1,1200,0.996124031007752,0.214166666666667,0.00387596899224806
"Recessive only",0.3,3,"recessive",0.95,242,242,0,0,1200,1,0.201666666666667,0
"Recessive only",0.3,3,"recessive",0.99,201,201,0,0,1200,1,0.1675,0
"Recessive only",0.3,3,"recessive",1,4,4,0,0,1200,1,0.00333333333333333,0
"Recessive only",0.3,3,"dominant",0,930513,0,1200,929313,0,0,NA,1
"Recessive only",0.3,3,"dominant",0.1,22,0,0,22,0,0,NA,1
"Recessive only",0.3,3,"dominant",0.5,4,0,0,4,0,0,NA,1
"Recessive only",0.3,3,"dominant",0.8,2,0,0,2,0,0,NA,1
"Recessive only",0.3,3,"dominant",0.9,1,0,0,1,0,0,NA,1
"Recessive only",0.3,3,"dominant",0.95,1,0,0,1,0,0,NA,1
"Recessive only",0.3,3,"dominant",0.99,0,0,0,0,0,NA,NA,NA
"Recessive only",0.3,3,"dominant",1,0,0,0,0,0,NA,NA,NA
"Recessive only",0.3,4,"additive",0,930513,0,1600,928913,0,0,NA,1
"Recessive only",0.3,4,"additive",0.1,28,0,5,23,0,0,NA,1
"Recessive only",0.3,4,"additive",0.5,2,0,1,1,0,0,NA,1
"Recessive only",0.3,4,"additive",0.8,1,0,1,0,0,0,NA,1
"Recessive only",0.3,4,"additive",0.9,1,0,1,0,0,0,NA,1
"Recessive only",0.3,4,"additive",0.95,1,0,1,0,0,0,NA,1
"Recessive only",0.3,4,"additive",0.99,0,0,0,0,0,NA,NA,NA
"Recessive only",0.3,4,"additive",1,0,0,0,0,0,NA,NA,NA
"Recessive only",0.3,4,"recessive",0,766682,1600,0,765082,1600,0.00208691478344346,1,0.997913085216557
"Recessive only",0.3,4,"recessive",0.1,2970,938,0,2032,1600,0.315824915824916,0.58625,0.684175084175084
"Recessive only",0.3,4,"recessive",0.5,461,407,0,54,1600,0.882863340563991,0.254375,0.117136659436009
"Recessive only",0.3,4,"recessive",0.8,329,324,0,5,1600,0.984802431610942,0.2025,0.0151975683890578
"Recessive only",0.3,4,"recessive",0.9,285,282,0,3,1600,0.989473684210526,0.17625,0.0105263157894737
"Recessive only",0.3,4,"recessive",0.95,261,258,0,3,1600,0.988505747126437,0.16125,0.0114942528735632
"Recessive only",0.3,4,"recessive",0.99,207,206,0,1,1600,0.995169082125604,0.12875,0.00483091787439614
"Recessive only",0.3,4,"recessive",1,0,0,0,0,1600,NA,0,NA
"Recessive only",0.3,4,"dominant",0,930513,0,1600,928913,0,0,NA,1
"Recessive only",0.3,4,"dominant",0.1,17,0,0,17,0,0,NA,1
"Recessive only",0.3,4,"dominant",0.5,1,0,0,1,0,0,NA,1
"Recessive only",0.3,4,"dominant",0.8,0,0,0,0,0,NA,NA,NA
"Recessive only",0.3,4,"dominant",0.9,0,0,0,0,0,NA,NA,NA
"Recessive only",0.3,4,"dominant",0.95,0,0,0,0,0,NA,NA,NA
"Recessive only",0.3,4,"dominant",0.99,0,0,0,0,0,NA,NA,NA
"Recessive only",0.3,4,"dominant",1,0,0,0,0,0,NA,NA,NA
"Recessive only",0.3,5,"additive",0,930513,0,2000,928513,0,0,NA,1
"Recessive only",0.3,5,"additive",0.1,45,0,9,36,0,0,NA,1
"Recessive only",0.3,5,"additive",0.5,2,0,2,0,0,0,NA,1
"Recessive only",0.3,5,"additive",0.8,1,0,1,0,0,0,NA,1
"Recessive only",0.3,5,"additive",0.9,0,0,0,0,0,NA,NA,NA
"Recessive only",0.3,5,"additive",0.95,0,0,0,0,0,NA,NA,NA
"Recessive only",0.3,5,"additive",0.99,0,0,0,0,0,NA,NA,NA
"Recessive only",0.3,5,"additive",1,0,0,0,0,0,NA,NA,NA
"Recessive only",0.3,5,"recessive",0,766682,2000,0,764682,2000,0.00260864347930433,1,0.997391356520696
"Recessive only",0.3,5,"recessive",0.1,3279,992,0,2287,2000,0.302531259530345,0.496,0.697468740469655
"Recessive only",0.3,5,"recessive",0.5,472,402,0,70,2000,0.851694915254237,0.201,0.148305084745763
"Recessive only",0.3,5,"recessive",0.8,316,300,0,16,2000,0.949367088607595,0.15,0.0506329113924051
"Recessive only",0.3,5,"recessive",0.9,276,269,0,7,2000,0.97463768115942,0.1345,0.0253623188405797
"Recessive only",0.3,5,"recessive",0.95,247,243,0,4,2000,0.983805668016194,0.1215,0.0161943319838057
"Recessive only",0.3,5,"recessive",0.99,185,184,0,1,2000,0.994594594594595,0.092,0.00540540540540541
"Recessive only",0.3,5,"recessive",1,0,0,0,0,2000,NA,0,NA
"Recessive only",0.3,5,"dominant",0,930513,0,2000,928513,0,0,NA,1
"Recessive only",0.3,5,"dominant",0.1,30,0,0,30,0,0,NA,1
"Recessive only",0.3,5,"dominant",0.5,1,0,0,1,0,0,NA,1
"Recessive only",0.3,5,"dominant",0.8,0,0,0,0,0,NA,NA,NA
"Recessive only",0.3,5,"dominant",0.9,0,0,0,0,0,NA,NA,NA
"Recessive only",0.3,5,"dominant",0.95,0,0,0,0,0,NA,NA,NA
"Recessive only",0.3,5,"dominant",0.99,0,0,0,0,0,NA,NA,NA
"Recessive only",0.3,5,"dominant",1,0,0,0,0,0,NA,NA,NA
"Recessive only",0.4,1,"additive",0,930513,0,400,930113,0,0,NA,1
"Recessive only",0.4,1,"additive",0.1,2,0,0,2,0,0,NA,1
"Recessive only",0.4,1,"additive",0.5,0,0,0,0,0,NA,NA,NA
"Recessive only",0.4,1,"additive",0.8,0,0,0,0,0,NA,NA,NA
"Recessive only",0.4,1,"additive",0.9,0,0,0,0,0,NA,NA,NA
"Recessive only",0.4,1,"additive",0.95,0,0,0,0,0,NA,NA,NA
"Recessive only",0.4,1,"additive",0.99,0,0,0,0,0,NA,NA,NA
"Recessive only",0.4,1,"additive",1,0,0,0,0,0,NA,NA,NA
"Recessive only",0.4,1,"recessive",0,766682,400,0,766282,400,0.000521728695860865,1,0.999478271304139
"Recessive only",0.4,1,"recessive",0.1,833,314,0,519,400,0.376950780312125,0.785,0.623049219687875
"Recessive only",0.4,1,"recessive",0.5,197,174,0,23,400,0.883248730964467,0.435,0.116751269035533
"Recessive only",0.4,1,"recessive",0.8,148,148,0,0,400,1,0.37,0
"Recessive only",0.4,1,"recessive",0.9,141,141,0,0,400,1,0.3525,0
"Recessive only",0.4,1,"recessive",0.95,134,134,0,0,400,1,0.335,0
"Recessive only",0.4,1,"recessive",0.99,118,118,0,0,400,1,0.295,0
"Recessive only",0.4,1,"recessive",1,46,46,0,0,400,1,0.115,0
"Recessive only",0.4,1,"dominant",0,930513,0,400,930113,0,0,NA,1
"Recessive only",0.4,1,"dominant",0.1,10,0,0,10,0,0,NA,1
"Recessive only",0.4,1,"dominant",0.5,0,0,0,0,0,NA,NA,NA
"Recessive only",0.4,1,"dominant",0.8,0,0,0,0,0,NA,NA,NA
"Recessive only",0.4,1,"dominant",0.9,0,0,0,0,0,NA,NA,NA
"Recessive only",0.4,1,"dominant",0.95,0,0,0,0,0,NA,NA,NA
"Recessive only",0.4,1,"dominant",0.99,0,0,0,0,0,NA,NA,NA
"Recessive only",0.4,1,"dominant",1,0,0,0,0,0,NA,NA,NA
"Recessive only",0.4,2,"additive",0,928221,0,800,927421,0,0,NA,1
"Recessive only",0.4,2,"additive",0.1,5,0,0,5,0,0,NA,1
"Recessive only",0.4,2,"additive",0.5,0,0,0,0,0,NA,NA,NA
"Recessive only",0.4,2,"additive",0.8,0,0,0,0,0,NA,NA,NA
"Recessive only",0.4,2,"additive",0.9,0,0,0,0,0,NA,NA,NA
"Recessive only",0.4,2,"additive",0.95,0,0,0,0,0,NA,NA,NA
"Recessive only",0.4,2,"additive",0.99,0,0,0,0,0,NA,NA,NA
"Recessive only",0.4,2,"additive",1,0,0,0,0,0,NA,NA,NA
"Recessive only",0.4,2,"recessive",0,765052,800,0,764252,800,0.00104568055504724,1,0.998954319444953
"Recessive only",0.4,2,"recessive",0.1,1699,590,0,1109,800,0.347263095938788,0.7375,0.652736904061212
"Recessive only",0.4,2,"recessive",0.5,337,302,0,35,800,0.896142433234421,0.3775,0.103857566765579
"Recessive only",0.4,2,"recessive",0.8,264,262,0,2,800,0.992424242424242,0.3275,0.00757575757575758
"Recessive only",0.4,2,"recessive",0.9,248,247,0,1,800,0.995967741935484,0.30875,0.00403225806451613
"Recessive only",0.4,2,"recessive",0.95,231,231,0,0,800,1,0.28875,0
"Recessive only",0.4,2,"recessive",0.99,204,204,0,0,800,1,0.255,0
"Recessive only",0.4,2,"recessive",1,53,53,0,0,800,1,0.06625,0
"Recessive only",0.4,2,"dominant",0,928221,0,800,927421,0,0,NA,1
"Recessive only",0.4,2,"dominant",0.1,9,0,0,9,0,0,NA,1
"Recessive only",0.4,2,"dominant",0.5,0,0,0,0,0,NA,NA,NA
"Recessive only",0.4,2,"dominant",0.8,0,0,0,0,0,NA,NA,NA
"Recessive only",0.4,2,"dominant",0.9,0,0,0,0,0,NA,NA,NA
"Recessive only",0.4,2,"dominant",0.95,0,0,0,0,0,NA,NA,NA
"Recessive only",0.4,2,"dominant",0.99,0,0,0,0,0,NA,NA,NA
"Recessive only",0.4,2,"dominant",1,0,0,0,0,0,NA,NA,NA
"Recessive only",0.4,3,"additive",0,930513,0,1200,929313,0,0,NA,1
"Recessive only",0.4,3,"additive",0.1,5,0,0,5,0,0,NA,1
"Recessive only",0.4,3,"additive",0.5,0,0,0,0,0,NA,NA,NA
"Recessive only",0.4,3,"additive",0.8,0,0,0,0,0,NA,NA,NA
"Recessive only",0.4,3,"additive",0.9,0,0,0,0,0,NA,NA,NA
"Recessive only",0.4,3,"additive",0.95,0,0,0,0,0,NA,NA,NA
"Recessive only",0.4,3,"additive",0.99,0,0,0,0,0,NA,NA,NA
"Recessive only",0.4,3,"additive",1,0,0,0,0,0,NA,NA,NA
"Recessive only",0.4,3,"recessive",0,766682,1200,0,765482,1200,0.0015651860875826,1,0.998434813912417
"Recessive only",0.4,3,"recessive",0.1,2398,805,0,1593,1200,0.335696413678065,0.670833333333333,0.664303586321935
"Recessive only",0.4,3,"recessive",0.5,474,408,0,66,1200,0.860759493670886,0.34,0.139240506329114
"Recessive only",0.4,3,"recessive",0.8,343,337,0,6,1200,0.982507288629738,0.280833333333333,0.0174927113702624
"Recessive only",0.4,3,"recessive",0.9,320,318,0,2,1200,0.99375,0.265,0.00625
"Recessive only",0.4,3,"recessive",0.95,294,293,0,1,1200,0.996598639455782,0.244166666666667,0.00340136054421769
"Recessive only",0.4,3,"recessive",0.99,257,257,0,0,1200,1,0.214166666666667,0
"Recessive only",0.4,3,"recessive",1,24,24,0,0,1200,1,0.02,0
"Recessive only",0.4,3,"dominant",0,930513,0,1200,929313,0,0,NA,1
"Recessive only",0.4,3,"dominant",0.1,9,0,0,9,0,0,NA,1
"Recessive only",0.4,3,"dominant",0.5,2,0,0,2,0,0,NA,1
"Recessive only",0.4,3,"dominant",0.8,1,0,0,1,0,0,NA,1
"Recessive only",0.4,3,"dominant",0.9,1,0,0,1,0,0,NA,1
"Recessive only",0.4,3,"dominant",0.95,1,0,0,1,0,0,NA,1
"Recessive only",0.4,3,"dominant",0.99,0,0,0,0,0,NA,NA,NA
"Recessive only",0.4,3,"dominant",1,0,0,0,0,0,NA,NA,NA
"Recessive only",0.4,4,"additive",0,930513,0,1600,928913,0,0,NA,1
"Recessive only",0.4,4,"additive",0.1,18,0,0,18,0,0,NA,1
"Recessive only",0.4,4,"additive",0.5,1,0,0,1,0,0,NA,1
"Recessive only",0.4,4,"additive",0.8,0,0,0,0,0,NA,NA,NA
"Recessive only",0.4,4,"additive",0.9,0,0,0,0,0,NA,NA,NA
"Recessive only",0.4,4,"additive",0.95,0,0,0,0,0,NA,NA,NA
"Recessive only",0.4,4,"additive",0.99,0,0,0,0,0,NA,NA,NA
"Recessive only",0.4,4,"additive",1,0,0,0,0,0,NA,NA,NA
"Recessive only",0.4,4,"recessive",0,766682,1600,0,765082,1600,0.00208691478344346,1,0.997913085216557
"Recessive only",0.4,4,"recessive",0.1,3122,1040,0,2082,1600,0.333119795003203,0.65,0.666880204996797
"Recessive only",0.4,4,"recessive",0.5,547,491,0,56,1600,0.897623400365631,0.306875,0.102376599634369
"Recessive only",0.4,4,"recessive",0.8,405,400,0,5,1600,0.987654320987654,0.25,0.0123456790123457
"Recessive only",0.4,4,"recessive",0.9,361,359,0,2,1600,0.994459833795014,0.224375,0.00554016620498615
"Recessive only",0.4,4,"recessive",0.95,345,344,0,1,1600,0.997101449275362,0.215,0.00289855072463768
"Recessive only",0.4,4,"recessive",0.99,289,289,0,0,1600,1,0.180625,0
"Recessive only",0.4,4,"recessive",1,9,9,0,0,1600,1,0.005625,0
"Recessive only",0.4,4,"dominant",0,930513,0,1600,928913,0,0,NA,1
"Recessive only",0.4,4,"dominant",0.1,8,0,0,8,0,0,NA,1
"Recessive only",0.4,4,"dominant",0.5,1,0,0,1,0,0,NA,1
"Recessive only",0.4,4,"dominant",0.8,0,0,0,0,0,NA,NA,NA
"Recessive only",0.4,4,"dominant",0.9,0,0,0,0,0,NA,NA,NA
"Recessive only",0.4,4,"dominant",0.95,0,0,0,0,0,NA,NA,NA
"Recessive only",0.4,4,"dominant",0.99,0,0,0,0,0,NA,NA,NA
"Recessive only",0.4,4,"dominant",1,0,0,0,0,0,NA,NA,NA
"Recessive only",0.4,5,"additive",0,930513,0,2000,928513,0,0,NA,1
"Recessive only",0.4,5,"additive",0.1,28,0,1,27,0,0,NA,1
"Recessive only",0.4,5,"additive",0.5,3,0,0,3,0,0,NA,1
"Recessive only",0.4,5,"additive",0.8,0,0,0,0,0,NA,NA,NA
"Recessive only",0.4,5,"additive",0.9,0,0,0,0,0,NA,NA,NA
"Recessive only",0.4,5,"additive",0.95,0,0,0,0,0,NA,NA,NA
"Recessive only",0.4,5,"additive",0.99,0,0,0,0,0,NA,NA,NA
"Recessive only",0.4,5,"additive",1,0,0,0,0,0,NA,NA,NA
"Recessive only",0.4,5,"recessive",0,766682,2000,0,764682,2000,0.00260864347930433,1,0.997391356520696
"Recessive only",0.4,5,"recessive",0.1,3808,1190,0,2618,2000,0.3125,0.595,0.6875
"Recessive only",0.4,5,"recessive",0.5,624,550,0,74,2000,0.881410256410256,0.275,0.118589743589744
"Recessive only",0.4,5,"recessive",0.8,457,441,0,16,2000,0.964989059080963,0.2205,0.0350109409190372
"Recessive only",0.4,5,"recessive",0.9,393,384,0,9,2000,0.977099236641221,0.192,0.0229007633587786
"Recessive only",0.4,5,"recessive",0.95,355,350,0,5,2000,0.985915492957746,0.175,0.0140845070422535
"Recessive only",0.4,5,"recessive",0.99,294,293,0,1,2000,0.996598639455782,0.1465,0.00340136054421769
"Recessive only",0.4,5,"recessive",1,4,4,0,0,2000,1,0.002,0
"Recessive only",0.4,5,"dominant",0,930513,0,2000,928513,0,0,NA,1
"Recessive only",0.4,5,"dominant",0.1,30,0,0,30,0,0,NA,1
"Recessive only",0.4,5,"dominant",0.5,0,0,0,0,0,NA,NA,NA
"Recessive only",0.4,5,"dominant",0.8,0,0,0,0,0,NA,NA,NA
"Recessive only",0.4,5,"dominant",0.9,0,0,0,0,0,NA,NA,NA
"Recessive only",0.4,5,"dominant",0.95,0,0,0,0,0,NA,NA,NA
"Recessive only",0.4,5,"dominant",0.99,0,0,0,0,0,NA,NA,NA
"Recessive only",0.4,5,"dominant",1,0,0,0,0,0,NA,NA,NA
