"scenario","configuration","design","all_additive","pve","K","coding","true_share","estimated_share","bias","lower","upper","pip_mass","n_replicates","n_seed_blocks","zero_pip_replicates"
"Dominant only","add0_rec0_dom1","add0_rec0_dom1",FALSE,0.1,1,"additive",0,0.299138634026668,0.299138634026668,0.288952059197183,0.308282753225269,389.866846442651,400,400,0
"Dominant only","add0_rec0_dom1","add0_rec0_dom1",FALSE,0.1,1,"recessive",0,0.20384896195747,0.20384896195747,0.191503668883633,0.212878185268598,265.675987347999,400,400,0
"Dominant only","add0_rec0_dom1","add0_rec0_dom1",FALSE,0.1,1,"dominant",1,0.497012404015862,-0.502987595984138,0.481224252561851,0.51873577719732,647.755376790517,400,400,0
"Recessive only","add0_rec1_dom0","add0_rec1_dom0",FALSE,0.1,1,"additive",0,0.264082634044798,0.264082634044798,0.253899935817986,0.272401949388892,404.324748215256,400,400,0
"Recessive only","add0_rec1_dom0","add0_rec1_dom0",FALSE,0.1,1,"recessive",1,0.471618991080788,-0.528381008919212,0.454309500938702,0.492111820374543,722.074098177638,400,400,0
"Recessive only","add0_rec1_dom0","add0_rec1_dom0",FALSE,0.1,1,"dominant",0,0.264298374874414,0.264298374874414,0.253415370220633,0.273228821363082,404.655059055004,400,400,0
"Additive only","add1_rec0_dom0","add1_rec0_dom0",FALSE,0.1,1,"additive",1,0.499544431308332,-0.500455568691669,0.484392554071729,0.519096319862703,631.091746425428,400,400,0
"Additive only","add1_rec0_dom0","add1_rec0_dom0",FALSE,0.1,1,"recessive",0,0.202645176637514,0.202645176637514,0.189941076111349,0.211771760077361,256.008655914578,400,400,0
"Additive only","add1_rec0_dom0","add1_rec0_dom0",FALSE,0.1,1,"dominant",0,0.297810392054154,0.297810392054154,0.287566293398303,0.307627731079648,376.234161859954,400,400,0
"Dominant only","add0_rec0_dom1","add0_rec0_dom1",FALSE,0.2,1,"additive",0,0.272281452362133,0.272281452362133,0.260679740280753,0.281852093231484,355.951959041632,400,400,0
"Dominant only","add0_rec0_dom1","add0_rec0_dom1",FALSE,0.2,1,"recessive",0,0.202488972055021,0.202488972055021,0.190181943427558,0.211111923280631,264.712655460093,400,400,0
"Dominant only","add0_rec0_dom1","add0_rec0_dom1",FALSE,0.2,1,"dominant",1,0.525229575582846,-0.474770424417154,0.507762258933177,0.548851014696864,686.629569342343,400,400,0
"Recessive only","add0_rec1_dom0","add0_rec1_dom0",FALSE,0.2,1,"additive",0,0.261972333180774,0.261972333180774,0.251526951644183,0.270831987639396,402.664501747115,400,400,0
"Recessive only","add0_rec1_dom0","add0_rec1_dom0",FALSE,0.2,1,"recessive",1,0.474520092142879,-0.525479907857121,0.457585942573733,0.495010510068359,729.360975457885,400,400,0
"Recessive only","add0_rec1_dom0","add0_rec1_dom0",FALSE,0.2,1,"dominant",0,0.263507574676347,0.263507574676347,0.253574394489461,0.272190944926145,405.024244260268,400,400,0
"Additive only","add1_rec0_dom0","add1_rec0_dom0",FALSE,0.2,1,"additive",1,0.53388525835834,-0.46611474164166,0.51569979767139,0.557769623862592,672.339878544553,400,400,0
"Additive only","add1_rec0_dom0","add1_rec0_dom0",FALSE,0.2,1,"recessive",0,0.199444269157095,0.199444269157095,0.187329135222264,0.208395390722881,251.166956948426,400,400,0
"Additive only","add1_rec0_dom0","add1_rec0_dom0",FALSE,0.2,1,"dominant",0,0.266670472484565,0.266670472484565,0.254744184211296,0.276732202167853,335.827203082935,400,400,0
"Dominant only","add0_rec0_dom1","add0_rec0_dom1",FALSE,0.3,1,"additive",0,0.263403394729907,0.263403394729907,0.250623161385626,0.273489608985011,353.02803414138,400,400,0
"Dominant only","add0_rec0_dom1","add0_rec0_dom1",FALSE,0.3,1,"recessive",0,0.205542884780405,0.205542884780405,0.19368856607549,0.214316415617221,275.480126671031,400,400,0
"Dominant only","add0_rec0_dom1","add0_rec0_dom1",FALSE,0.3,1,"dominant",1,0.531053720489688,-0.468946279510312,0.514318329537971,0.555645365425042,711.748043946731,400,400,0
"Recessive only","add0_rec1_dom0","add0_rec1_dom0",FALSE,0.3,1,"additive",0,0.262465542282559,0.262465542282559,0.251715314915557,0.271161586533819,405.78199618102,400,400,0
"Recessive only","add0_rec1_dom0","add0_rec1_dom0",FALSE,0.3,1,"recessive",1,0.473699549083783,-0.526300450916217,0.456073568888586,0.494856785852323,732.358034298965,400,400,0
"Recessive only","add0_rec1_dom0","add0_rec1_dom0",FALSE,0.3,1,"dominant",0,0.263834908633659,0.263834908633659,0.253659370245627,0.272778559456354,407.899090130268,400,400,0
"Additive only","add1_rec0_dom0","add1_rec0_dom0",FALSE,0.3,1,"additive",1,0.539830228369446,-0.460169771630554,0.522301849903618,0.563453839659584,697.082926409769,400,400,0
"Additive only","add1_rec0_dom0","add1_rec0_dom0",FALSE,0.3,1,"recessive",0,0.201942826618666,0.201942826618666,0.189861638077025,0.211289205703348,260.768829066868,400,400,0
"Additive only","add1_rec0_dom0","add1_rec0_dom0",FALSE,0.3,1,"dominant",0,0.258226945011888,0.258226945011888,0.246111201872744,0.26840469668266,333.448527049786,400,400,0
"Dominant only","add0_rec0_dom1","add0_rec0_dom1",FALSE,0.4,1,"additive",0,0.257693506634342,0.257693506634342,0.244741402030516,0.267633066878971,345.116582978297,400,400,0
"Dominant only","add0_rec0_dom1","add0_rec0_dom1",FALSE,0.4,1,"recessive",0,0.205779409849907,0.205779409849907,0.193137526717419,0.214591272214659,275.590517208732,400,400,0
"Dominant only","add0_rec0_dom1","add0_rec0_dom1",FALSE,0.4,1,"dominant",1,0.536527083515751,-0.463472916484249,0.518734942228536,0.561279477574504,718.545050500665,400,400,0
"Recessive only","add0_rec1_dom0","add0_rec1_dom0",FALSE,0.4,1,"additive",0,0.26283186937723,0.26283186937723,0.252182540985919,0.271386010186305,408.186065068785,400,400,0
"Recessive only","add0_rec1_dom0","add0_rec1_dom0",FALSE,0.4,1,"recessive",1,0.472981389657749,-0.527018610342251,0.455541413711049,0.494257474319968,734.554803999304,400,400,0
"Recessive only","add0_rec1_dom0","add0_rec1_dom0",FALSE,0.4,1,"dominant",0,0.264186740965021,0.264186740965021,0.253755704869966,0.273030362460613,410.290222770072,400,400,0
"Additive only","add1_rec0_dom0","add1_rec0_dom0",FALSE,0.4,1,"additive",1,0.544425404748492,-0.455574595251508,0.525278140532438,0.57189916234958,700.835621677908,400,400,0
"Additive only","add1_rec0_dom0","add1_rec0_dom0",FALSE,0.4,1,"recessive",0,0.201934869322029,0.201934869322029,0.189397259336213,0.211016649228134,259.949569666263,400,400,0
"Additive only","add1_rec0_dom0","add1_rec0_dom0",FALSE,0.4,1,"dominant",0,0.253639725929479,0.253639725929479,0.240119547037841,0.26417439608806,326.508927492317,400,400,0
"Dominant only","add0_rec0_dom2","add0_rec0_dom2",FALSE,0.1,2,"additive",0,0.31814917435586,0.31814917435586,0.308766157856876,0.327011553484236,492.2503849082,399,399,1
"Dominant only","add0_rec0_dom2","add0_rec0_dom2",FALSE,0.1,2,"recessive",0,0.169555722026788,0.169555722026788,0.156293913323656,0.179738360963815,262.341933151513,399,399,1
"Dominant only","add0_rec0_dom2","add0_rec0_dom2",FALSE,0.1,2,"dominant",1,0.512295103617352,-0.487704896382648,0.496268590417788,0.531072650552702,792.639058243032,399,399,1
"Recessive + Dominant","add0_rec1_dom1","add0_rec1_dom1",FALSE,0.1,2,"additive",0,0.270507367764665,0.270507367764665,0.25841073382322,0.280406565990085,432.562701093911,400,400,1
"Recessive + Dominant","add0_rec1_dom1","add0_rec1_dom1",FALSE,0.1,2,"recessive",0.5,0.363742754154318,-0.136257245845682,0.354951151874434,0.373313106869844,581.653466744808,400,400,1
"Recessive + Dominant","add0_rec1_dom1","add0_rec1_dom1",FALSE,0.1,2,"dominant",0.5,0.365749878081017,-0.134250121918983,0.358880478606653,0.373081040898464,584.863016837057,400,400,1
"Recessive only","add0_rec2_dom0","add0_rec2_dom0",FALSE,0.1,2,"additive",0,0.233424995939617,0.233424995939617,0.220203254527076,0.24420508447171,391.914490518728,400,400,4
"Recessive only","add0_rec2_dom0","add0_rec2_dom0",FALSE,0.1,2,"recessive",1,0.54152017290455,-0.45847982709545,0.520126601869016,0.566690152600324,909.19827079873,400,400,4
"Recessive only","add0_rec2_dom0","add0_rec2_dom0",FALSE,0.1,2,"dominant",0,0.225054831155833,0.225054831155833,0.212905068419687,0.235851413314534,377.861201779921,400,400,4
"Additive + Dominant","add1_rec0_dom1","add1_rec0_dom1",FALSE,0.1,2,"additive",0.5,0.416238468209896,-0.0837615317901041,0.40715937122024,0.427819161849803,637.358120964086,399,399,1
"Additive + Dominant","add1_rec0_dom1","add1_rec0_dom1",FALSE,0.1,2,"recessive",0,0.171063726690008,0.171063726690008,0.15799226609548,0.181277261779318,261.938440906615,399,399,1
"Additive + Dominant","add1_rec0_dom1","add1_rec0_dom1",FALSE,0.1,2,"dominant",0.5,0.412697805100096,-0.0873021948999042,0.403289730111362,0.423967575196712,631.936540406349,399,399,1
"Additive + Recessive","add1_rec1_dom0","add1_rec1_dom0",FALSE,0.1,2,"additive",0.5,0.368795910872124,-0.131204089127876,0.361147097701725,0.376638496344047,608.533922257919,400,400,1
"Additive + Recessive","add1_rec1_dom0","add1_rec1_dom0",FALSE,0.1,2,"recessive",0.5,0.367410762499168,-0.132589237500832,0.358608537185921,0.378042183295989,606.248349811328,400,400,1
"Additive + Recessive","add1_rec1_dom0","add1_rec1_dom0",FALSE,0.1,2,"dominant",0,0.263793326628708,0.263793326628708,0.252270142141512,0.272834584964486,435.273773343145,400,400,1
"Additive only","add2_rec0_dom0","add2_rec0_dom0",FALSE,0.1,2,"additive",1,0.501684919722856,-0.498315080277144,0.487800568822268,0.518816584044227,814.308574674724,399,399,0
"Additive only","add2_rec0_dom0","add2_rec0_dom0",FALSE,0.1,2,"recessive",0,0.179945169627042,0.179945169627042,0.168414759295338,0.189760914124702,292.077534799223,399,399,0
"Additive only","add2_rec0_dom0","add2_rec0_dom0",FALSE,0.1,2,"dominant",0,0.318369910650102,0.318369910650102,0.308104565575527,0.326239283342501,516.761293729978,399,399,0
"Dominant only","add0_rec0_dom2","add0_rec0_dom2",FALSE,0.2,2,"additive",0,0.25434135146141,0.25434135146141,0.242063285979205,0.265730127818813,383.640850011135,399,399,0
"Dominant only","add0_rec0_dom2","add0_rec0_dom2",FALSE,0.2,2,"recessive",0,0.143574482340796,0.143574482340796,0.130946282812274,0.154481796009454,216.563433860218,399,399,0
"Dominant only","add0_rec0_dom2","add0_rec0_dom2",FALSE,0.2,2,"dominant",1,0.602084166197794,-0.397915833802206,0.581600100518682,0.625327441059281,908.165659933647,399,399,0
"Recessive + Dominant","add0_rec1_dom1","add0_rec1_dom1",FALSE,0.2,2,"additive",0,0.204421788296636,0.204421788296636,0.189090549358628,0.216444470064497,316.107860740518,400,400,0
"Recessive + Dominant","add0_rec1_dom1","add0_rec1_dom1",FALSE,0.2,2,"recessive",0.5,0.396511454008148,-0.103488545991852,0.388178654815166,0.407138305130249,613.145929942393,400,400,0
"Recessive + Dominant","add0_rec1_dom1","add0_rec1_dom1",FALSE,0.2,2,"dominant",0.5,0.399066757695217,-0.100933242304783,0.39220007187932,0.406227517822262,617.097326654027,400,400,0
"Recessive only","add0_rec2_dom0","add0_rec2_dom0",FALSE,0.2,2,"additive",0,0.185208056265245,0.185208056265245,0.169361553083336,0.198531909349427,298.784427945738,400,400,1
"Recessive only","add0_rec2_dom0","add0_rec2_dom0",FALSE,0.2,2,"recessive",1,0.629279367680182,-0.370720632319818,0.603254233207145,0.660944829103818,1015.17655161343,400,400,1
"Recessive only","add0_rec2_dom0","add0_rec2_dom0",FALSE,0.2,2,"dominant",0,0.185512576054573,0.185512576054573,0.169501435624549,0.19797850180695,299.275690436621,400,400,1
"Additive + Dominant","add1_rec0_dom1","add1_rec0_dom1",FALSE,0.2,2,"additive",0.5,0.431401692518062,-0.0685983074819376,0.420602371403892,0.441835725766383,647.699601893419,399,399,0
"Additive + Dominant","add1_rec0_dom1","add1_rec0_dom1",FALSE,0.2,2,"recessive",0,0.142279896818129,0.142279896818129,0.129770114826637,0.153817747958277,213.616761651162,399,399,0
"Additive + Dominant","add1_rec0_dom1","add1_rec0_dom1",FALSE,0.2,2,"dominant",0.5,0.426318410663808,-0.0736815893361915,0.415855043757867,0.437818710196203,640.067643812554,399,399,0
"Additive + Recessive","add1_rec1_dom0","add1_rec1_dom0",FALSE,0.2,2,"additive",0.5,0.398110793455255,-0.101889206544745,0.39172293596219,0.405282528432359,621.177528281472,400,400,0
"Additive + Recessive","add1_rec1_dom0","add1_rec1_dom0",FALSE,0.2,2,"recessive",0.5,0.393942885770281,-0.106057114229719,0.386206322133879,0.402953488680214,614.67428688129,400,400,0
"Additive + Recessive","add1_rec1_dom0","add1_rec1_dom0",FALSE,0.2,2,"dominant",0,0.207946320774464,0.207946320774464,0.193592479690288,0.22062517863637,324.461390340138,400,400,0
"Additive only","add2_rec0_dom0","add2_rec0_dom0",FALSE,0.2,2,"additive",1,0.60935468674071,-0.39064531325929,0.587786375910826,0.63182905661169,911.213413166282,399,399,0
"Additive only","add2_rec0_dom0","add2_rec0_dom0",FALSE,0.2,2,"recessive",0,0.14117995800057,0.14117995800057,0.129032506354877,0.152909600788132,211.116898252581,399,399,0
"Additive only","add2_rec0_dom0","add2_rec0_dom0",FALSE,0.2,2,"dominant",0,0.24946535525872,0.24946535525872,0.237058489342537,0.260598977870675,373.04411171086,399,399,0
"Dominant only","add0_rec0_dom2","add0_rec0_dom2",FALSE,0.3,2,"additive",0,0.222925291651334,0.222925291651334,0.207288305967172,0.235983308371748,338.484161571611,399,399,0
"Dominant only","add0_rec0_dom2","add0_rec0_dom2",FALSE,0.3,2,"recessive",0,0.144864147351861,0.144864147351861,0.131909456693437,0.156447679127921,219.958081449426,399,399,0
"Dominant only","add0_rec0_dom2","add0_rec0_dom2",FALSE,0.3,2,"dominant",1,0.632210560996805,-0.367789439003195,0.609164996021034,0.658738432994357,959.932630750652,399,399,0
"Recessive + Dominant","add0_rec1_dom1","add0_rec1_dom1",FALSE,0.3,2,"additive",0,0.189506024236077,0.189506024236077,0.174061323721052,0.201573013994624,296.068159757986,400,400,0
"Recessive + Dominant","add0_rec1_dom1","add0_rec1_dom1",FALSE,0.3,2,"recessive",0.5,0.397243300874102,-0.102756699125898,0.388899418566744,0.408185810745359,620.619283951994,400,400,0
"Recessive + Dominant","add0_rec1_dom1","add0_rec1_dom1",FALSE,0.3,2,"dominant",0.5,0.413250674889821,-0.086749325110179,0.40673499745026,0.419868386171165,645.627849175693,400,400,0
"Recessive only","add0_rec2_dom0","add0_rec2_dom0",FALSE,0.3,2,"additive",0,0.184909901314759,0.184909901314759,0.169557207916459,0.198495319323445,305.827831531675,400,400,1
"Recessive only","add0_rec2_dom0","add0_rec2_dom0",FALSE,0.3,2,"recessive",1,0.629423812661111,-0.370576187338889,0.603024013719045,0.659665484744737,1041.02224040926,400,400,1
"Recessive only","add0_rec2_dom0","add0_rec2_dom0",FALSE,0.3,2,"dominant",0,0.18566628602413,0.18566628602413,0.170013729364806,0.198531256037007,307.078838069593,400,400,1
"Additive + Dominant","add1_rec0_dom1","add1_rec0_dom1",FALSE,0.3,2,"additive",0.5,0.432458837896585,-0.0675411621034146,0.422883703139998,0.442263288811874,642.807848902405,399,399,0
"Additive + Dominant","add1_rec0_dom1","add1_rec0_dom1",FALSE,0.3,2,"recessive",0,0.138053940064024,0.138053940064024,0.123733118319376,0.149801712997074,205.203706037517,399,399,0
"Additive + Dominant","add1_rec0_dom1","add1_rec0_dom1",FALSE,0.3,2,"dominant",0.5,0.42948722203939,-0.0705127779606096,0.41969463252481,0.440367374309733,638.390831999205,399,399,0
"Additive + Recessive","add1_rec1_dom0","add1_rec1_dom0",FALSE,0.3,2,"additive",0.5,0.410573622080864,-0.0894263779191363,0.404086011665351,0.418026587529352,641.833133634721,400,400,0
"Additive + Recessive","add1_rec1_dom0","add1_rec1_dom0",FALSE,0.3,2,"recessive",0.5,0.397495020373217,-0.102504979626783,0.389853057848882,0.40719499110968,621.387884680258,400,400,0
"Additive + Recessive","add1_rec1_dom0","add1_rec1_dom0",FALSE,0.3,2,"dominant",0,0.191931357545919,0.191931357545919,0.177945847834548,0.203860734635507,300.038526664533,400,400,0
"Additive only","add2_rec0_dom0","add2_rec0_dom0",FALSE,0.3,2,"additive",1,0.642588122073024,-0.357411877926976,0.61925959724264,0.669442104784655,966.699778707052,399,399,0
"Additive only","add2_rec0_dom0","add2_rec0_dom0",FALSE,0.3,2,"recessive",0,0.139371073428274,0.139371073428274,0.126063334447854,0.151241398188013,209.66771904627,399,399,0
"Additive only","add2_rec0_dom0","add2_rec0_dom0",FALSE,0.3,2,"dominant",0,0.218040804498702,0.218040804498702,0.2032966272309,0.231235363901987,328.017263652516,399,399,0
"Dominant only","add0_rec0_dom2","add0_rec0_dom2",FALSE,0.4,2,"additive",0,0.203371070055872,0.203371070055872,0.185885979081248,0.217841484166318,311.177947487422,399,399,0
"Dominant only","add0_rec0_dom2","add0_rec0_dom2",FALSE,0.4,2,"recessive",0,0.143378798755153,0.143378798755153,0.129395745018328,0.154800294780816,219.383810576319,399,399,0
"Dominant only","add0_rec0_dom2","add0_rec0_dom2",FALSE,0.4,2,"dominant",1,0.653250131188975,-0.346749868811025,0.627194882765962,0.683443971425042,999.537618420498,399,399,0
"Recessive + Dominant","add0_rec1_dom1","add0_rec1_dom1",FALSE,0.4,2,"additive",0,0.183750751320873,0.183750751320873,0.167694452467378,0.196558024686402,291.275828224176,400,400,0
"Recessive + Dominant","add0_rec1_dom1","add0_rec1_dom1",FALSE,0.4,2,"recessive",0.5,0.395830408731343,-0.104169591268657,0.387772564796944,0.405273966413958,627.457734516699,400,400,0
"Recessive + Dominant","add0_rec1_dom1","add0_rec1_dom1",FALSE,0.4,2,"dominant",0.5,0.420418839947784,-0.0795811600522158,0.414085034432938,0.427234583423718,666.434531160079,400,400,0
"Recessive only","add0_rec2_dom0","add0_rec2_dom0",FALSE,0.4,2,"additive",0,0.183076107292015,0.183076107292015,0.168318009766192,0.196015282060314,303.319372884841,400,400,0
"Recessive only","add0_rec2_dom0","add0_rec2_dom0",FALSE,0.4,2,"recessive",1,0.632897604198369,-0.367102395801631,0.606902842314498,0.662705522706937,1048.58087297851,400,400,0
"Recessive only","add0_rec2_dom0","add0_rec2_dom0",FALSE,0.4,2,"dominant",0,0.184026288509616,0.184026288509616,0.168827550576748,0.197135947986217,304.893627304562,400,400,0
"Additive + Dominant","add1_rec0_dom1","add1_rec0_dom1",FALSE,0.4,2,"additive",0.5,0.430431315426334,-0.0695686845736658,0.420845565703803,0.440040078976329,645.786685251762,399,399,0
"Additive + Dominant","add1_rec0_dom1","add1_rec0_dom1",FALSE,0.4,2,"recessive",0,0.138370873704349,0.138370873704349,0.124426998554863,0.150205285881412,207.601223847792,399,399,0
"Additive + Dominant","add1_rec0_dom1","add1_rec0_dom1",FALSE,0.4,2,"dominant",0.5,0.431197810869316,-0.0688021891306835,0.42254414564847,0.441407805019507,646.936677210162,399,399,0
"Additive + Recessive","add1_rec1_dom0","add1_rec1_dom0",FALSE,0.4,2,"additive",0.5,0.416375283067298,-0.0836247169327022,0.409821325444069,0.423502278184292,648.017964262269,400,400,0
"Additive + Recessive","add1_rec1_dom0","add1_rec1_dom0",FALSE,0.4,2,"recessive",0.5,0.400192172551447,-0.0998078274485532,0.392317413351224,0.409180994632078,622.831679777131,400,400,0
"Additive + Recessive","add1_rec1_dom0","add1_rec1_dom0",FALSE,0.4,2,"dominant",0,0.183432544381255,0.183432544381255,0.168848056313966,0.195802256548688,285.481844920601,400,400,0
"Additive only","add2_rec0_dom0","add2_rec0_dom0",FALSE,0.4,2,"additive",1,0.672828292206488,-0.327171707793512,0.64789761928913,0.700665965793477,986.647097564663,399,399,0
"Additive only","add2_rec0_dom0","add2_rec0_dom0",FALSE,0.4,2,"recessive",0,0.132927873771664,0.132927873771664,0.119341764993259,0.14483089710971,194.927743618136,399,399,0
"Additive only","add2_rec0_dom0","add2_rec0_dom0",FALSE,0.4,2,"dominant",0,0.194243834021847,0.194243834021847,0.178764872431322,0.207624430672015,284.842533046561,399,399,0
"Dominant only","add0_rec0_dom3","add0_rec0_dom3",FALSE,0.1,3,"additive",0,0.339013798176073,0.339013798176073,0.332708175675769,0.344296739521899,703.292143813739,400,400,1
"Dominant only","add0_rec0_dom3","add0_rec0_dom3",FALSE,0.1,3,"recessive",0,0.205475325153713,0.205475325153713,0.197430097600429,0.21349572646273,426.26342262661,400,400,1
"Dominant only","add0_rec0_dom3","add0_rec0_dom3",FALSE,0.1,3,"dominant",1,0.455510876670214,-0.544489123329786,0.444481962064468,0.46681733237952,944.968088931552,400,400,1
"Recessive + Dominant","add0_rec1_dom2","add0_rec1_dom2",FALSE,0.1,3,"additive",0,0.319460450677064,0.319460450677064,0.312657111502785,0.32584605216835,679.282957463154,400,400,0
"Recessive + Dominant","add0_rec1_dom2","add0_rec1_dom2",FALSE,0.1,3,"recessive",0.333333333333333,0.295603796403742,-0.0377295369295911,0.288484114060847,0.302213516379036,628.555492966023,400,400,0
"Recessive + Dominant","add0_rec1_dom2","add0_rec1_dom2",FALSE,0.1,3,"dominant",0.666666666666667,0.384935752919194,-0.281730913747473,0.377886210247906,0.392859528559138,818.50600323788,400,400,0
"Recessive + Dominant","add0_rec2_dom1","add0_rec2_dom1",FALSE,0.1,3,"additive",0,0.294043953806029,0.294043953806029,0.285188332211231,0.302210271269912,610.562440073264,400,400,2
"Recessive + Dominant","add0_rec2_dom1","add0_rec2_dom1",FALSE,0.1,3,"recessive",0.666666666666667,0.385534629683594,-0.281132036983072,0.373774322237055,0.397630494128516,800.536658501192,400,400,2
"Recessive + Dominant","add0_rec2_dom1","add0_rec2_dom1",FALSE,0.1,3,"dominant",0.333333333333333,0.320421416510376,-0.0129119168229571,0.313552573769601,0.327317954386704,665.333462511397,400,400,2
"Recessive only","add0_rec3_dom0","add0_rec3_dom0",FALSE,0.1,3,"additive",0,0.274955234084733,0.274955234084733,0.265323730188221,0.283544337179101,572.859761266196,400,400,2
"Recessive only","add0_rec3_dom0","add0_rec3_dom0",FALSE,0.1,3,"recessive",1,0.466545465338178,-0.533454534661822,0.449946493545993,0.484424280290817,972.0314100698,400,400,2
"Recessive only","add0_rec3_dom0","add0_rec3_dom0",FALSE,0.1,3,"dominant",0,0.25849930057709,0.25849930057709,0.249409128953235,0.266927692977728,538.574390514914,400,400,2
"Additive + Dominant","add1_rec0_dom2","add1_rec0_dom2",FALSE,0.1,3,"additive",0.333333333333333,0.378859497708125,0.0455261643747921,0.371811925175955,0.38522255836314,834.758583627498,400,400,1
"Additive + Dominant","add1_rec0_dom2","add1_rec0_dom2",FALSE,0.1,3,"recessive",0,0.212274213543284,0.212274213543284,0.204100424580517,0.219686790029572,467.71355320369,400,400,1
"Additive + Dominant","add1_rec0_dom2","add1_rec0_dom2",FALSE,0.1,3,"dominant",0.666666666666667,0.408866288748591,-0.257800377918076,0.401076388907456,0.417379866863237,900.873928602807,400,400,1
"Additive + Recessive + Dominant","add1_rec1_dom1","add1_rec1_dom1",FALSE,0.1,3,"additive",0.333333333333333,0.359658588670969,0.0263252553376352,0.352837367724303,0.366262977298847,794.940649396317,400,400,2
"Additive + Recessive + Dominant","add1_rec1_dom1","add1_rec1_dom1",FALSE,0.1,3,"recessive",0.333333333333333,0.296348482984771,-0.0369848503485627,0.289791467595999,0.304127928638047,655.008563488096,400,400,2
"Additive + Recessive + Dominant","add1_rec1_dom1","add1_rec1_dom1",FALSE,0.1,3,"dominant",0.333333333333333,0.343992928344261,0.0106595950109276,0.338022892207798,0.350477946897209,760.315394819878,400,400,2
"Additive + Recessive","add1_rec2_dom0","add1_rec2_dom0",FALSE,0.1,3,"additive",0.333333333333333,0.340828322457143,0.00749498912380919,0.334309153612249,0.346656297075941,742.781664762258,400,400,2
"Additive + Recessive","add1_rec2_dom0","add1_rec2_dom0",FALSE,0.1,3,"recessive",0.666666666666667,0.371156357412457,-0.295510309254209,0.361441853559526,0.382007708821647,808.876841743652,400,400,2
"Additive + Recessive","add1_rec2_dom0","add1_rec2_dom0",FALSE,0.1,3,"dominant",0,0.2880153201304,0.2880153201304,0.28041361337772,0.295495075199969,627.684041693437,400,400,2
"Additive + Dominant","add2_rec0_dom1","add2_rec0_dom1",FALSE,0.1,3,"additive",0.666666666666667,0.40710295882006,-0.259563707846607,0.399521689995521,0.414671403452711,914.876436061195,400,400,1
"Additive + Dominant","add2_rec0_dom1","add2_rec0_dom1",FALSE,0.1,3,"recessive",0,0.216877691260276,0.216877691260276,0.209331221646744,0.224113786649532,487.386016098894,400,400,1
"Additive + Dominant","add2_rec0_dom1","add2_rec0_dom1",FALSE,0.1,3,"dominant",0.333333333333333,0.376019349919664,0.0426860165863309,0.369570718795208,0.383383557808897,845.022703204187,400,400,1
"Additive + Recessive","add2_rec1_dom0","add2_rec1_dom0",FALSE,0.1,3,"additive",0.666666666666667,0.391780263590195,-0.274886403076472,0.385215895658104,0.398746985624544,885.492471973692,400,400,1
"Additive + Recessive","add2_rec1_dom0","add2_rec1_dom0",FALSE,0.1,3,"recessive",0.333333333333333,0.298515890923039,-0.0348174424102947,0.29265381229897,0.305027703226029,674.69854595168,400,400,1
"Additive + Recessive","add2_rec1_dom0","add2_rec1_dom0",FALSE,0.1,3,"dominant",0,0.309703845486766,0.309703845486766,0.302903730326636,0.315606022423677,699.985295856283,400,400,1
"Additive only","add3_rec0_dom0","add3_rec0_dom0",FALSE,0.1,3,"additive",1,0.439863976802893,-0.560136023197107,0.430364175615136,0.449393436555671,977.503868920323,400,400,1
"Additive only","add3_rec0_dom0","add3_rec0_dom0",FALSE,0.1,3,"recessive",0,0.217166596107021,0.217166596107021,0.209252531109867,0.224072009857431,482.606439922211,400,400,1
"Additive only","add3_rec0_dom0","add3_rec0_dom0",FALSE,0.1,3,"dominant",0,0.342969427090086,0.342969427090086,0.337655439114096,0.348887488453058,762.176399028412,400,400,1
"Dominant only","add0_rec0_dom3","add0_rec0_dom3",FALSE,0.2,3,"additive",0,0.271757598717508,0.271757598717508,0.259571533105818,0.281682902629322,478.932670898877,400,400,0
"Dominant only","add0_rec0_dom3","add0_rec0_dom3",FALSE,0.2,3,"recessive",0,0.120740161979317,0.120740161979317,0.107134264431901,0.133733908142004,212.786720718812,400,400,0
"Dominant only","add0_rec0_dom3","add0_rec0_dom3",FALSE,0.2,3,"dominant",1,0.607502239303175,-0.392497760696825,0.58863057867107,0.62957726305518,1070.63306203616,400,400,0
"Recessive + Dominant","add0_rec1_dom2","add0_rec1_dom2",FALSE,0.2,3,"additive",0,0.228175013184212,0.228175013184212,0.216068667179727,0.239712204275257,416.938148094299,400,400,0
"Recessive + Dominant","add0_rec1_dom2","add0_rec1_dom2",FALSE,0.2,3,"recessive",0.333333333333333,0.310370354614742,-0.0229629787185909,0.304163158230687,0.316478166006651,567.131514842815,400,400,0
"Recessive + Dominant","add0_rec1_dom2","add0_rec1_dom2",FALSE,0.2,3,"dominant",0.666666666666667,0.461454632201045,-0.205212034465621,0.450770766827878,0.472424266138813,843.203807001037,400,400,0
"Recessive + Dominant","add0_rec2_dom1","add0_rec2_dom1",FALSE,0.2,3,"additive",0,0.195501152485253,0.195501152485253,0.182705616365969,0.206645656584101,366.608787370804,400,400,0
"Recessive + Dominant","add0_rec2_dom1","add0_rec2_dom1",FALSE,0.2,3,"recessive",0.666666666666667,0.496665752372808,-0.170000914293859,0.483304504798326,0.51181924697709,931.360387861337,400,400,0
"Recessive + Dominant","add0_rec2_dom1","add0_rec2_dom1",FALSE,0.2,3,"dominant",0.333333333333333,0.307833095141939,-0.0255002381913939,0.299935335413634,0.31502968766318,577.256534235014,400,400,0
"Recessive only","add0_rec3_dom0","add0_rec3_dom0",FALSE,0.2,3,"additive",0,0.164843051528552,0.164843051528552,0.150110665640298,0.177859236654426,310.593919031042,400,400,0
"Recessive only","add0_rec3_dom0","add0_rec3_dom0",FALSE,0.2,3,"recessive",1,0.675711973523096,-0.324288026476904,0.649422267372743,0.70475279953688,1273.16273295503,400,400,0
"Recessive only","add0_rec3_dom0","add0_rec3_dom0",FALSE,0.2,3,"dominant",0,0.159444974948351,0.159444974948351,0.144571633686763,0.173316700437753,300.422973123844,400,400,0
"Additive + Dominant","add1_rec0_dom2","add1_rec0_dom2",FALSE,0.2,3,"additive",0.333333333333333,0.388645923968718,0.0553125906353848,0.378328507712836,0.398413882421725,693.854935085109,400,400,0
"Additive + Dominant","add1_rec0_dom2","add1_rec0_dom2",FALSE,0.2,3,"recessive",0,0.125460132102051,0.125460132102051,0.11211753005381,0.137120108865804,223.985706389255,400,400,0
"Additive + Dominant","add1_rec0_dom2","add1_rec0_dom2",FALSE,0.2,3,"dominant",0.666666666666667,0.485893943929231,-0.180772722737436,0.473239612476151,0.499643625146262,867.473168071615,400,400,0
"Additive + Recessive + Dominant","add1_rec1_dom1","add1_rec1_dom1",FALSE,0.2,3,"additive",0.333333333333333,0.348714948465576,0.0153816151322427,0.340151760517191,0.357574029612435,648.341345302557,400,400,0
"Additive + Recessive + Dominant","add1_rec1_dom1","add1_rec1_dom1",FALSE,0.2,3,"recessive",0.333333333333333,0.319203918735092,-0.014129414598241,0.313175932583444,0.325353520872089,593.473549124286,400,400,0
"Additive + Recessive + Dominant","add1_rec1_dom1","add1_rec1_dom1",FALSE,0.2,3,"dominant",0.333333333333333,0.332081132799332,-0.0012522005340016,0.32469353465136,0.339576082448789,617.415253736878,400,400,0
"Additive + Recessive","add1_rec2_dom0","add1_rec2_dom0",FALSE,0.2,3,"additive",0.333333333333333,0.316716897413925,-0.0166164359194079,0.309993922626811,0.323151738155516,608.147468871589,400,400,0
"Additive + Recessive","add1_rec2_dom0","add1_rec2_dom0",FALSE,0.2,3,"recessive",0.666666666666667,0.49355092693287,-0.173115739733796,0.478857291849746,0.507662289330121,947.697295042568,400,400,0
"Additive + Recessive","add1_rec2_dom0","add1_rec2_dom0",FALSE,0.2,3,"dominant",0,0.189732175653204,0.189732175653204,0.177258923067672,0.201489218733021,364.316344751875,400,400,0
"Additive + Dominant","add2_rec0_dom1","add2_rec0_dom1",FALSE,0.2,3,"additive",0.666666666666667,0.494183331585694,-0.172483335080972,0.480838269224612,0.509674419587165,876.351196789297,400,400,0
"Additive + Dominant","add2_rec0_dom1","add2_rec0_dom1",FALSE,0.2,3,"recessive",0,0.127564082541553,0.127564082541553,0.115247023349694,0.140198807940951,226.213490535816,400,400,0
"Additive + Dominant","add2_rec0_dom1","add2_rec0_dom1",FALSE,0.2,3,"dominant",0.333333333333333,0.378252585872753,0.0449192525394194,0.368680667063938,0.389146136095025,670.767476625731,400,400,0
"Additive + Recessive","add2_rec1_dom0","add2_rec1_dom0",FALSE,0.2,3,"additive",0.666666666666667,0.466840437032269,-0.199826229634397,0.456133051375856,0.478764399109567,892.206694979528,400,400,0
"Additive + Recessive","add2_rec1_dom0","add2_rec1_dom0",FALSE,0.2,3,"recessive",0.333333333333333,0.31533815088823,-0.0179951824451037,0.309972531703366,0.32087311016694,602.661610021361,400,400,0
"Additive + Recessive","add2_rec1_dom0","add2_rec1_dom0",FALSE,0.2,3,"dominant",0,0.217821412079501,0.217821412079501,0.205166163254493,0.229888342117479,416.291535074954,400,400,0
"Additive only","add3_rec0_dom0","add3_rec0_dom0",FALSE,0.2,3,"additive",1,0.599487545096483,-0.400512454903517,0.580287699832033,0.620688865956758,1073.25904749876,400,400,0
"Additive only","add3_rec0_dom0","add3_rec0_dom0",FALSE,0.2,3,"recessive",0,0.128862831484865,0.128862831484865,0.115444657403447,0.140775883540405,230.702373900328,400,400,0
"Additive only","add3_rec0_dom0","add3_rec0_dom0",FALSE,0.2,3,"dominant",0,0.271649623418652,0.271649623418652,0.260564333101786,0.28144701397722,486.332732795599,400,400,0
"Dominant only","add0_rec0_dom3","add0_rec0_dom3",FALSE,0.3,3,"additive",0,0.220755521068745,0.220755521068745,0.207706982560549,0.232789685219271,383.549613402671,400,400,0
"Dominant only","add0_rec0_dom3","add0_rec0_dom3",FALSE,0.3,3,"recessive",0,0.104169637921016,0.104169637921016,0.090461994116691,0.116458252142285,180.98856218622,400,400,0
"Dominant only","add0_rec0_dom3","add0_rec0_dom3",FALSE,0.3,3,"dominant",1,0.675074841010239,-0.324925158989761,0.653971226938051,0.699869856934315,1172.90246256951,400,400,0
"Recessive + Dominant","add0_rec1_dom2","add0_rec1_dom2",FALSE,0.3,3,"additive",0,0.186007501281913,0.186007501281913,0.1735908560727,0.197631364425778,351.238547189771,400,400,0
"Recessive + Dominant","add0_rec1_dom2","add0_rec1_dom2",FALSE,0.3,3,"recessive",0.333333333333333,0.315709275644168,-0.0176240576891656,0.311182880642224,0.320350240608455,596.154813904673,400,400,0
"Recessive + Dominant","add0_rec1_dom2","add0_rec1_dom2",FALSE,0.3,3,"dominant",0.666666666666667,0.498283223073919,-0.168383443592748,0.487076729823307,0.509481058765015,940.909770602556,400,400,0
"Recessive + Dominant","add0_rec2_dom1","add0_rec2_dom1",FALSE,0.3,3,"additive",0,0.171168631148781,0.171168631148781,0.158313048923864,0.183424269618848,332.962402585271,400,400,0
"Recessive + Dominant","add0_rec2_dom1","add0_rec2_dom1",FALSE,0.3,3,"recessive",0.666666666666667,0.507724426076267,-0.1589422405904,0.494668360118334,0.522013006813654,987.640922422516,400,400,0
"Recessive + Dominant","add0_rec2_dom1","add0_rec2_dom1",FALSE,0.3,3,"dominant",0.333333333333333,0.321106942774952,-0.0122263905583817,0.315034880327402,0.326642052015643,624.626944993363,400,400,0
"Recessive only","add0_rec3_dom0","add0_rec3_dom0",FALSE,0.3,3,"additive",0,0.153213059031827,0.153213059031827,0.139840838453856,0.164531197580555,304.304327498551,400,400,0
"Recessive only","add0_rec3_dom0","add0_rec3_dom0",FALSE,0.3,3,"recessive",1,0.692388249539479,-0.307611750460521,0.668562454459452,0.720212892240286,1375.18787220508,400,400,0
"Recessive only","add0_rec3_dom0","add0_rec3_dom0",FALSE,0.3,3,"dominant",0,0.154398691428693,0.154398691428693,0.140574235100116,0.166352392801431,306.659172911003,400,400,0
"Additive + Dominant","add1_rec0_dom2","add1_rec0_dom2",FALSE,0.3,3,"additive",0.333333333333333,0.379977294409068,0.0466439610757343,0.370626882154777,0.389583645614572,668.539605345953,400,400,0
"Additive + Dominant","add1_rec0_dom2","add1_rec0_dom2",FALSE,0.3,3,"recessive",0,0.108413795231498,0.108413795231498,0.0956259327542024,0.120037694073523,190.745386486423,400,400,0
"Additive + Dominant","add1_rec0_dom2","add1_rec0_dom2",FALSE,0.3,3,"dominant",0.666666666666667,0.511608910359434,-0.155057756307233,0.498864005213459,0.525098967552772,900.134887151844,400,400,0
"Additive + Recessive + Dominant","add1_rec1_dom1","add1_rec1_dom1",FALSE,0.3,3,"additive",0.333333333333333,0.345166138583752,0.0118328052504185,0.33808519834882,0.352321338358987,646.600873068029,400,400,0
"Additive + Recessive + Dominant","add1_rec1_dom1","add1_rec1_dom1",FALSE,0.3,3,"recessive",0.333333333333333,0.321510835727133,-0.0118224976062005,0.315913431771354,0.327154852721956,602.287315711165,400,400,0
"Additive + Recessive + Dominant","add1_rec1_dom1","add1_rec1_dom1",FALSE,0.3,3,"dominant",0.333333333333333,0.333323025689115,-1.03076442179439e-05,0.325774951610359,0.340304511944211,624.415130373408,400,400,0
"Additive + Recessive","add1_rec2_dom0","add1_rec2_dom0",FALSE,0.3,3,"additive",0.333333333333333,0.32245640599555,-0.0108769273377836,0.316292252651275,0.327560905948058,627.257065770205,400,400,0
"Additive + Recessive","add1_rec2_dom0","add1_rec2_dom0",FALSE,0.3,3,"recessive",0.666666666666667,0.510242220883499,-0.156424445783168,0.498664862386047,0.524439686907582,992.546689575995,400,400,0
"Additive + Recessive","add1_rec2_dom0","add1_rec2_dom0",FALSE,0.3,3,"dominant",0,0.167301373120952,0.167301373120952,0.152522590235751,0.179011191581895,325.442343374076,400,400,0
"Additive + Dominant","add2_rec0_dom1","add2_rec0_dom1",FALSE,0.3,3,"additive",0.666666666666667,0.526636580740101,-0.140030085926565,0.51129196745868,0.541729566432346,916.040570390291,400,400,0
"Additive + Dominant","add2_rec0_dom1","add2_rec0_dom1",FALSE,0.3,3,"recessive",0,0.109678717582262,0.109678717582262,0.0962782510782349,0.122732153927246,190.777015285448,400,400,0
"Additive + Dominant","add2_rec0_dom1","add2_rec0_dom1",FALSE,0.3,3,"dominant",0.333333333333333,0.363684701677637,0.0303513683443036,0.354184518366621,0.373439166656648,632.599317538516,400,400,0
"Additive + Recessive","add2_rec1_dom0","add2_rec1_dom0",FALSE,0.3,3,"additive",0.666666666666667,0.506741063597165,-0.159925603069502,0.494974229943626,0.519165014726581,933.604198924901,400,400,0
"Additive + Recessive","add2_rec1_dom0","add2_rec1_dom0",FALSE,0.3,3,"recessive",0.333333333333333,0.319987945939947,-0.0133453873933864,0.316221465888832,0.323584003929709,589.535980791117,400,400,0
"Additive + Recessive","add2_rec1_dom0","add2_rec1_dom0",FALSE,0.3,3,"dominant",0,0.173270990462888,0.173270990462888,0.159023986059341,0.185706504711992,319.229160352052,400,400,0
"Additive only","add3_rec0_dom0","add3_rec0_dom0",FALSE,0.3,3,"additive",1,0.670141566824335,-0.329858433175665,0.648227343352452,0.694155989290848,1180.37794099975,400,400,0
"Additive only","add3_rec0_dom0","add3_rec0_dom0",FALSE,0.3,3,"recessive",0,0.10946825560628,0.10946825560628,0.0960201510937076,0.122145590294485,192.815847507704,400,400,0
"Additive only","add3_rec0_dom0","add3_rec0_dom0",FALSE,0.3,3,"dominant",0,0.220390177569385,0.220390177569385,0.206685810161541,0.232248359703547,388.192162513794,400,400,0
"Dominant only","add0_rec0_dom3","add0_rec0_dom3",FALSE,0.4,3,"additive",0,0.186585578246687,0.186585578246687,0.173241680462691,0.19944959532752,330.898947811812,400,400,0
"Dominant only","add0_rec0_dom3","add0_rec0_dom3",FALSE,0.4,3,"recessive",0,0.105475051105892,0.105475051105892,0.0918984414936104,0.117536780554673,187.054025071504,400,400,0
"Dominant only","add0_rec0_dom3","add0_rec0_dom3",FALSE,0.4,3,"dominant",1,0.707939370647421,-0.292060629352579,0.684355781463622,0.73323783951454,1255.49034959216,400,400,0
"Recessive + Dominant","add0_rec1_dom2","add0_rec1_dom2",FALSE,0.4,3,"additive",0,0.169510626698212,0.169510626698212,0.155451820268112,0.181351153830821,328.713271933338,400,400,0
"Recessive + Dominant","add0_rec1_dom2","add0_rec1_dom2",FALSE,0.4,3,"recessive",0.333333333333333,0.317166210891352,-0.0161671224419818,0.313134247652536,0.321460562064436,615.045469181168,400,400,0
"Recessive + Dominant","add0_rec1_dom2","add0_rec1_dom2",FALSE,0.4,3,"dominant",0.666666666666667,0.513323162410437,-0.15334350425623,0.502527980224769,0.525354939084621,995.431021416211,400,400,0
"Recessive + Dominant","add0_rec2_dom1","add0_rec2_dom1",FALSE,0.4,3,"additive",0,0.157143090203843,0.157143090203843,0.144227464928885,0.169991277691678,306.470445796967,400,400,0
"Recessive + Dominant","add0_rec2_dom1","add0_rec2_dom1",FALSE,0.4,3,"recessive",0.666666666666667,0.513979731583685,-0.152686935082982,0.500815554913985,0.527349368190438,1002.39595177062,400,400,0
"Recessive + Dominant","add0_rec2_dom1","add0_rec2_dom1",FALSE,0.4,3,"dominant",0.333333333333333,0.328877178212472,-0.00445615512086106,0.32417434344887,0.332889760295824,641.397183219959,400,400,0
"Recessive only","add0_rec3_dom0","add0_rec3_dom0",FALSE,0.4,3,"additive",0,0.15207483756923,0.15207483756923,0.13882015455029,0.163546807949909,306.286219674652,400,400,0
"Recessive only","add0_rec3_dom0","add0_rec3_dom0",FALSE,0.4,3,"recessive",1,0.695343972405784,-0.304656027594216,0.673003615451619,0.721872035234287,1400.45703869169,400,400,0
"Recessive only","add0_rec3_dom0","add0_rec3_dom0",FALSE,0.4,3,"dominant",0,0.152581190024986,0.152581190024986,0.139529290802985,0.164251710241107,307.306038482126,400,400,0
"Additive + Dominant","add1_rec0_dom2","add1_rec0_dom2",FALSE,0.4,3,"additive",0.333333333333333,0.366625784166386,0.0332924508330527,0.358394609507242,0.375254772773157,644.694739329666,400,400,0
"Additive + Dominant","add1_rec0_dom2","add1_rec0_dom2",FALSE,0.4,3,"recessive",0,0.106120438527906,0.106120438527906,0.0927179708910397,0.11823800523045,186.607956693109,400,400,0
"Additive + Dominant","add1_rec0_dom2","add1_rec0_dom2",FALSE,0.4,3,"dominant",0.666666666666667,0.527253777305708,-0.139412889360959,0.514241829764048,0.540687762635794,927.15174764255,400,400,0
"Additive + Recessive + Dominant","add1_rec1_dom1","add1_rec1_dom1",FALSE,0.4,3,"additive",0.333333333333333,0.341518420887014,0.0081850875536808,0.335554551029211,0.347702335666079,658.203812127079,400,400,0
"Additive + Recessive + Dominant","add1_rec1_dom1","add1_rec1_dom1",FALSE,0.4,3,"recessive",0.333333333333333,0.32213085614627,-0.0112024771870637,0.317303931700456,0.326943282694463,620.838422034577,400,400,0
"Additive + Recessive + Dominant","add1_rec1_dom1","add1_rec1_dom1",FALSE,0.4,3,"dominant",0.333333333333333,0.336350722966716,0.00301738963338299,0.330521389351869,0.342037226792946,648.244178142397,400,400,0
"Additive + Recessive","add1_rec2_dom0","add1_rec2_dom0",FALSE,0.4,3,"additive",0.333333333333333,0.327985031335147,-0.00534830199818681,0.322642879211512,0.333288075250832,645.223648842618,400,400,0
"Additive + Recessive","add1_rec2_dom0","add1_rec2_dom0",FALSE,0.4,3,"recessive",0.666666666666667,0.512086253505666,-0.154580413161,0.499252128305117,0.526358814109398,1007.39402546529,400,400,0
"Additive + Recessive","add1_rec2_dom0","add1_rec2_dom0",FALSE,0.4,3,"dominant",0,0.159928715159187,0.159928715159187,0.145820886058696,0.172092795067362,314.617373633371,400,400,0
"Additive + Dominant","add2_rec0_dom1","add2_rec0_dom1",FALSE,0.4,3,"additive",0.666666666666667,0.535178358672155,-0.131488307994511,0.519622107507081,0.550972939474991,946.967308597191,400,400,0
"Additive + Dominant","add2_rec0_dom1","add2_rec0_dom1",FALSE,0.4,3,"recessive",0,0.106966912809673,0.106966912809673,0.0940163758844546,0.119676105036428,189.271796758841,400,400,0
"Additive + Dominant","add2_rec0_dom1","add2_rec0_dom1",FALSE,0.4,3,"dominant",0.333333333333333,0.357854728518172,0.0245213951848385,0.349035024277248,0.366859096533116,633.203349205725,400,400,0
"Additive + Recessive","add2_rec1_dom0","add2_rec1_dom0",FALSE,0.4,3,"additive",0.666666666666667,0.520155884878042,-0.146510781788625,0.50867767206931,0.534392653527177,983.270864332688,400,400,0
"Additive + Recessive","add2_rec1_dom0","add2_rec1_dom0",FALSE,0.4,3,"recessive",0.333333333333333,0.319713479430653,-0.0136198539026804,0.316207425175391,0.323135606788167,604.366803102298,400,400,0
"Additive + Recessive","add2_rec1_dom0","add2_rec1_dom0",FALSE,0.4,3,"dominant",0,0.160130635691305,0.160130635691305,0.145672702641243,0.173155985373627,302.701157748604,400,400,0
"Additive only","add3_rec0_dom0","add3_rec0_dom0",FALSE,0.4,3,"additive",1,0.724970060208168,-0.275029939791832,0.703088445919964,0.752848070273695,1238.57967922893,400,400,0
"Additive only","add3_rec0_dom0","add3_rec0_dom0",FALSE,0.4,3,"recessive",0,0.095398134245568,0.095398134245568,0.0816385236487983,0.107275783828012,162.983545112174,400,400,0
"Additive only","add3_rec0_dom0","add3_rec0_dom0",FALSE,0.4,3,"dominant",0,0.179631805546264,0.179631805546264,0.163250011152132,0.192420906862847,306.893092976722,400,400,0
"Dominant only","add0_rec0_dom4","add0_rec0_dom4",FALSE,0.1,4,"additive",0,0.352827468015071,0.352827468015071,0.348017704203232,0.357780063741752,879.171714900713,400,400,1
"Dominant only","add0_rec0_dom4","add0_rec0_dom4",FALSE,0.1,4,"recessive",0,0.222481677910091,0.222481677910091,0.216381054083707,0.227911603016596,554.377467838892,400,400,1
"Dominant only","add0_rec0_dom4","add0_rec0_dom4",FALSE,0.1,4,"dominant",1,0.424690854074839,-0.575309145925161,0.418225966930166,0.431829378945304,1058.24013243684,400,400,1
"Recessive + Dominant","add0_rec1_dom3","add0_rec1_dom3",FALSE,0.1,4,"additive",0,0.34265749924052,0.34265749924052,0.33748031394846,0.347670629558852,890.120980688125,400,400,1
"Recessive + Dominant","add0_rec1_dom3","add0_rec1_dom3",FALSE,0.1,4,"recessive",0.25,0.273074880997655,0.0230748809976553,0.266986072741373,0.278402126748436,709.36629553906,400,400,1
"Recessive + Dominant","add0_rec1_dom3","add0_rec1_dom3",FALSE,0.1,4,"dominant",0.75,0.384267619761824,-0.365732380238176,0.378993106893719,0.390421943208582,998.211541574921,400,400,1
"Recessive + Dominant","add0_rec2_dom2","add0_rec2_dom2",FALSE,0.1,4,"additive",0,0.331431095439043,0.331431095439043,0.325869204797954,0.336924924929963,841.078210009893,400,400,3
"Recessive + Dominant","add0_rec2_dom2","add0_rec2_dom2",FALSE,0.1,4,"recessive",0.5,0.320618439819062,-0.179381560180938,0.313880722793095,0.327729280161375,813.63875378669,400,400,3
"Recessive + Dominant","add0_rec2_dom2","add0_rec2_dom2",FALSE,0.1,4,"dominant",0.5,0.347950464741895,-0.152049535258105,0.342222266935785,0.354590388750664,882.999688576439,400,400,3
"Recessive + Dominant","add0_rec3_dom1","add0_rec3_dom1",FALSE,0.1,4,"additive",0,0.312355895904735,0.312355895904735,0.306073953202181,0.318290753155984,767.425272821576,400,400,4
"Recessive + Dominant","add0_rec3_dom1","add0_rec3_dom1",FALSE,0.1,4,"recessive",0.75,0.37184051929693,-0.37815948070307,0.361364244424063,0.383153767451489,913.572676901208,400,400,4
"Recessive + Dominant","add0_rec3_dom1","add0_rec3_dom1",FALSE,0.1,4,"dominant",0.25,0.315803584798335,0.0658035847983354,0.309548495330486,0.321692843227219,775.895878385502,400,400,4
"Recessive only","add0_rec4_dom0","add0_rec4_dom0",FALSE,0.1,4,"additive",0,0.286177454525581,0.286177454525581,0.277777441400684,0.293064804424106,668.516432888082,400,400,6
"Recessive only","add0_rec4_dom0","add0_rec4_dom0",FALSE,0.1,4,"recessive",1,0.442385297171604,-0.557614702828396,0.429308437004955,0.459535092487086,1033.42117329812,400,400,6
"Recessive only","add0_rec4_dom0","add0_rec4_dom0",FALSE,0.1,4,"dominant",0,0.271437248302815,0.271437248302815,0.262557854590995,0.278313132467917,634.083007304595,400,400,6
"Additive + Dominant","add1_rec0_dom3","add1_rec0_dom3",FALSE,0.1,4,"additive",0.25,0.367716522228917,0.117716522228917,0.36226306274832,0.372887713315312,954.098597900929,400,400,0
"Additive + Dominant","add1_rec0_dom3","add1_rec0_dom3",FALSE,0.1,4,"recessive",0,0.228341415949769,0.228341415949769,0.22264974940822,0.234126783070165,592.46787030353,400,400,0
"Additive + Dominant","add1_rec0_dom3","add1_rec0_dom3",FALSE,0.1,4,"dominant",0.75,0.403942061821314,-0.346057938178686,0.397819379277689,0.410575198236534,1048.09148221249,400,400,0
"Additive + Recessive + Dominant","add1_rec1_dom2","add1_rec1_dom2",FALSE,0.1,4,"additive",0.25,0.357407183142898,0.107407183142898,0.351878978319781,0.362817844212768,944.859333529515,400,400,2
"Additive + Recessive + Dominant","add1_rec1_dom2","add1_rec1_dom2",FALSE,0.1,4,"recessive",0.25,0.280785015007941,0.0307850150079408,0.27452863688029,0.286213512005,742.2971743671,400,400,2
"Additive + Recessive + Dominant","add1_rec1_dom2","add1_rec1_dom2",FALSE,0.1,4,"dominant",0.5,0.361807801849161,-0.138192198150839,0.356175959324793,0.367925087922398,956.49302712614,400,400,2
"Additive + Recessive + Dominant","add1_rec2_dom1","add1_rec2_dom1",FALSE,0.1,4,"additive",0.25,0.342086238907411,0.0920862389074109,0.336915789107855,0.347060030189592,877.69056065649,400,400,2
"Additive + Recessive + Dominant","add1_rec2_dom1","add1_rec2_dom1",FALSE,0.1,4,"recessive",0.5,0.329298649995948,-0.170701350004052,0.32125779644893,0.33701616685667,844.881447618229,400,400,2
"Additive + Recessive + Dominant","add1_rec2_dom1","add1_rec2_dom1",FALSE,0.1,4,"dominant",0.25,0.328615111096641,0.0786151110966412,0.323292470361101,0.334493066734623,843.127692069104,400,400,2
"Additive + Recessive","add1_rec3_dom0","add1_rec3_dom0",FALSE,0.1,4,"additive",0.25,0.319363792166143,0.0693637921661434,0.313770223431925,0.324157126312768,786.537294958248,400,400,2
"Additive + Recessive","add1_rec3_dom0","add1_rec3_dom0",FALSE,0.1,4,"recessive",0.75,0.38817526720098,-0.36182473279902,0.37931206991002,0.398701768845494,956.007951192912,400,400,2
"Additive + Recessive","add1_rec3_dom0","add1_rec3_dom0",FALSE,0.1,4,"dominant",0,0.292460940632877,0.292460940632877,0.285351663541011,0.297995768783785,720.280265856368,400,400,2
"Additive + Dominant","add2_rec0_dom2","add2_rec0_dom2",FALSE,0.1,4,"additive",0.5,0.383235994065027,-0.116764005934973,0.377693645861988,0.389083509576486,1009.6615115875,400,400,0
"Additive + Dominant","add2_rec0_dom2","add2_rec0_dom2",FALSE,0.1,4,"recessive",0,0.231187769354612,0.231187769354612,0.225351194697884,0.236835790931407,609.080034970599,400,400,0
"Additive + Dominant","add2_rec0_dom2","add2_rec0_dom2",FALSE,0.1,4,"dominant",0.5,0.385576236580361,-0.114423763419639,0.379927043831605,0.39113243699896,1015.82704100568,400,400,0
"Additive + Recessive + Dominant","add2_rec1_dom1","add2_rec1_dom1",FALSE,0.1,4,"additive",0.5,0.372662555743802,-0.127337444256198,0.367369353298137,0.37846807480218,994.11320228796,400,400,0
"Additive + Recessive + Dominant","add2_rec1_dom1","add2_rec1_dom1",FALSE,0.1,4,"recessive",0.25,0.282603400517246,0.0326034005172464,0.276618289050533,0.288296243040036,753.871745727005,400,400,0
"Additive + Recessive + Dominant","add2_rec1_dom1","add2_rec1_dom1",FALSE,0.1,4,"dominant",0.25,0.344734043738952,0.0947340437389521,0.339669456002361,0.350251278858334,919.611210938537,400,400,0
"Additive + Recessive","add2_rec2_dom0","add2_rec2_dom0",FALSE,0.1,4,"additive",0.5,0.355287413576938,-0.144712586423062,0.35092348917856,0.360105759817106,971.159698366772,400,400,0
"Additive + Recessive","add2_rec2_dom0","add2_rec2_dom0",FALSE,0.1,4,"recessive",0.5,0.333781497214056,-0.166218502785944,0.327302734114372,0.341000458471144,912.374392583474,400,400,0
"Additive + Recessive","add2_rec2_dom0","add2_rec2_dom0",FALSE,0.1,4,"dominant",0,0.310931089209006,0.310931089209006,0.305190428440051,0.315727667858516,849.913988702782,400,400,0
"Additive + Dominant","add3_rec0_dom1","add3_rec0_dom1",FALSE,0.1,4,"additive",0.75,0.399508059944699,-0.350491940055301,0.393752569442192,0.406249761198851,1060.12214497031,400,400,0
"Additive + Dominant","add3_rec0_dom1","add3_rec0_dom1",FALSE,0.1,4,"recessive",0,0.234135915694735,0.234135915694735,0.228168599892742,0.239519479067738,621.295773595276,400,400,0
"Additive + Dominant","add3_rec0_dom1","add3_rec0_dom1",FALSE,0.1,4,"dominant",0.25,0.366356024360566,0.116356024360566,0.36113533892623,0.371261483551283,972.150935882691,400,400,0
"Additive + Recessive","add3_rec1_dom0","add3_rec1_dom0",FALSE,0.1,4,"additive",0.75,0.382995011585547,-0.367004988414453,0.378148230612441,0.388653512109797,1061.05622924123,400,400,0
"Additive + Recessive","add3_rec1_dom0","add3_rec1_dom0",FALSE,0.1,4,"recessive",0.25,0.292576109159897,0.0425761091598971,0.287275345687456,0.297253775851935,810.558084989391,400,400,0
"Additive + Recessive","add3_rec1_dom0","add3_rec1_dom0",FALSE,0.1,4,"dominant",0,0.324428879254556,0.324428879254556,0.318874885899477,0.329281243625161,898.803568886451,400,400,0
"Additive only","add4_rec0_dom0","add4_rec0_dom0",FALSE,0.1,4,"additive",1,0.417555233126952,-0.582444766873048,0.411027721696129,0.425289126182916,1099.65810804713,400,400,0
"Additive only","add4_rec0_dom0","add4_rec0_dom0",FALSE,0.1,4,"recessive",0,0.235993262060869,0.235993262060869,0.230183360462737,0.24102294023703,621.503177259487,400,400,0
"Additive only","add4_rec0_dom0","add4_rec0_dom0",FALSE,0.1,4,"dominant",0,0.34645150481218,0.34645150481218,0.341093526339094,0.351248989559949,912.401943711271,400,400,0
"Dominant only","add0_rec0_dom4","add0_rec0_dom4",FALSE,0.2,4,"additive",0,0.297020887585084,0.297020887585084,0.286737854164496,0.307133652339608,585.800145350332,400,400,0
"Dominant only","add0_rec0_dom4","add0_rec0_dom4",FALSE,0.2,4,"recessive",0,0.121019081551306,0.121019081551306,0.108033788750389,0.13257095940945,238.680168722514,400,400,0
"Dominant only","add0_rec0_dom4","add0_rec0_dom4",FALSE,0.2,4,"dominant",1,0.581960030863609,-0.418039969136391,0.564959288228122,0.600888935643827,1147.77204202626,400,400,0
"Recessive + Dominant","add0_rec1_dom3","add0_rec1_dom3",FALSE,0.2,4,"additive",0,0.258107488965996,0.258107488965996,0.24624987323165,0.268869770066849,512.146547554858,400,400,0
"Recessive + Dominant","add0_rec1_dom3","add0_rec1_dom3",FALSE,0.2,4,"recessive",0.25,0.262932254774953,0.0129322547749532,0.25603139859728,0.270234491919299,521.720028594549,400,400,0
"Recessive + Dominant","add0_rec1_dom3","add0_rec1_dom3",FALSE,0.2,4,"dominant",0.75,0.478960256259051,-0.271039743740949,0.46739866151475,0.491805304283405,950.370880913802,400,400,0
"Recessive + Dominant","add0_rec2_dom2","add0_rec2_dom2",FALSE,0.2,4,"additive",0,0.225181969303905,0.225181969303905,0.212794299698433,0.236844467397506,441.422263457209,400,400,0
"Recessive + Dominant","add0_rec2_dom2","add0_rec2_dom2",FALSE,0.2,4,"recessive",0.5,0.404816548152111,-0.0951834518478893,0.394217932232219,0.415910083023413,793.558372025217,400,400,0
"Recessive + Dominant","add0_rec2_dom2","add0_rec2_dom2",FALSE,0.2,4,"dominant",0.5,0.370001482543985,-0.129998517456015,0.360595342941503,0.379541806703043,725.3107005502,400,400,0
"Recessive + Dominant","add0_rec3_dom1","add0_rec3_dom1",FALSE,0.2,4,"additive",0,0.197629367323468,0.197629367323468,0.185768842446129,0.209484334051511,396.487432866984,400,400,0
"Recessive + Dominant","add0_rec3_dom1","add0_rec3_dom1",FALSE,0.2,4,"recessive",0.75,0.54261757143979,-0.20738242856021,0.528252569994624,0.558786002940436,1088.60869638139,400,400,0
"Recessive + Dominant","add0_rec3_dom1","add0_rec3_dom1",FALSE,0.2,4,"dominant",0.25,0.259753061236742,0.0097530612367423,0.252274755800747,0.267819443553145,521.121055154371,400,400,0
"Recessive only","add0_rec4_dom0","add0_rec4_dom0",FALSE,0.2,4,"additive",0,0.149718203445852,0.149718203445852,0.135986938512636,0.160392792327797,292.287676446061,400,400,0
"Recessive only","add0_rec4_dom0","add0_rec4_dom0",FALSE,0.2,4,"recessive",1,0.709222677219386,-0.290777322780614,0.687205445047704,0.734903009334706,1384.58145794062,400,400,0
"Recessive only","add0_rec4_dom0","add0_rec4_dom0",FALSE,0.2,4,"dominant",0,0.141059119334762,0.141059119334762,0.128172277681401,0.153351745759268,275.382961343085,400,400,0
"Additive + Dominant","add1_rec0_dom3","add1_rec0_dom3",FALSE,0.2,4,"additive",0.25,0.363885219947447,0.113885219947447,0.354636672918348,0.373034875184348,722.75778910786,400,400,0
"Additive + Dominant","add1_rec0_dom3","add1_rec0_dom3",FALSE,0.2,4,"recessive",0,0.126042080530082,0.126042080530082,0.114157164088235,0.136464600318427,250.347885719661,400,400,0
"Additive + Dominant","add1_rec0_dom3","add1_rec0_dom3",FALSE,0.2,4,"dominant",0.75,0.510072699522471,-0.239927300477529,0.496404711136503,0.524861907359649,1013.1189627443,400,400,0
"Additive + Recessive + Dominant","add1_rec1_dom2","add1_rec1_dom2",FALSE,0.2,4,"additive",0.25,0.334902263191514,0.0849022631915137,0.325649237091248,0.34553870153185,696.285552772404,400,400,0
"Additive + Recessive + Dominant","add1_rec1_dom2","add1_rec1_dom2",FALSE,0.2,4,"recessive",0.25,0.269741203466217,0.0197412034662172,0.26162773728226,0.277439858557626,560.811089095464,400,400,0
"Additive + Recessive + Dominant","add1_rec1_dom2","add1_rec1_dom2",FALSE,0.2,4,"dominant",0.5,0.395356533342269,-0.104643466657731,0.385626777580029,0.405058798976504,821.974267169954,400,400,0
"Additive + Recessive + Dominant","add1_rec2_dom1","add1_rec2_dom1",FALSE,0.2,4,"additive",0.25,0.302914823111668,0.052914823111668,0.294221904462151,0.312019881106767,623.742092893646,400,400,0
"Additive + Recessive + Dominant","add1_rec2_dom1","add1_rec2_dom1",FALSE,0.2,4,"recessive",0.5,0.408489837172053,-0.0915101628279466,0.399908023504022,0.41944481409698,841.135152602134,400,400,0
"Additive + Recessive + Dominant","add1_rec2_dom1","add1_rec2_dom1",FALSE,0.2,4,"dominant",0.25,0.288595339716279,0.0385953397162785,0.280206142194768,0.296570274393678,594.256363372567,400,400,0
"Additive + Recessive","add1_rec3_dom0","add1_rec3_dom0",FALSE,0.2,4,"additive",0.25,0.265063564621033,0.0150635646210334,0.257408915210182,0.273072787092371,553.736868789594,400,400,0
"Additive + Recessive","add1_rec3_dom0","add1_rec3_dom0",FALSE,0.2,4,"recessive",0.75,0.54787966595394,-0.20212033404606,0.532166106278809,0.563375025509606,1144.56006480021,400,400,0
"Additive + Recessive","add1_rec3_dom0","add1_rec3_dom0",FALSE,0.2,4,"dominant",0,0.187056769425027,0.187056769425027,0.175604496338145,0.19799920246455,390.775057806992,400,400,0
"Additive + Dominant","add2_rec0_dom2","add2_rec0_dom2",FALSE,0.2,4,"additive",0.5,0.438810057502574,-0.0611899424974262,0.429092051491913,0.45078504305426,884.715044848613,400,400,0
"Additive + Dominant","add2_rec0_dom2","add2_rec0_dom2",FALSE,0.2,4,"recessive",0,0.128921330735689,0.128921330735689,0.117171083224762,0.139600798185516,259.927134653468,400,400,0
"Additive + Dominant","add2_rec0_dom2","add2_rec0_dom2",FALSE,0.2,4,"dominant",0.5,0.432268611761738,-0.0677313882382623,0.420640206307068,0.443969120141237,871.526387562779,400,400,0
"Additive + Recessive + Dominant","add2_rec1_dom1","add2_rec1_dom1",FALSE,0.2,4,"additive",0.5,0.407316958807474,-0.0926830411925261,0.397309442971047,0.418143630853956,870.436556052756,400,400,0
"Additive + Recessive + Dominant","add2_rec1_dom1","add2_rec1_dom1",FALSE,0.2,4,"recessive",0.25,0.273305999726767,0.0233059997267669,0.264664022737804,0.280404320402354,584.055065733633,400,400,0
"Additive + Recessive + Dominant","add2_rec1_dom1","add2_rec1_dom1",FALSE,0.2,4,"dominant",0.25,0.319377041465759,0.0693770414657592,0.309940520868707,0.328544970475201,682.508906257386,400,400,0
"Additive + Recessive","add2_rec2_dom0","add2_rec2_dom0",FALSE,0.2,4,"additive",0.5,0.375467937346778,-0.124532062653222,0.366824612273979,0.384802263259401,794.515536823824,400,400,0
"Additive + Recessive","add2_rec2_dom0","add2_rec2_dom0",FALSE,0.2,4,"recessive",0.5,0.41043487170255,-0.0895651282974501,0.400757570643672,0.420918514539209,868.50793366356,400,400,0
"Additive + Recessive","add2_rec2_dom0","add2_rec2_dom0",FALSE,0.2,4,"dominant",0,0.214097190950672,0.214097190950672,0.202243504921204,0.225615549863053,453.044128888003,400,400,0
"Additive + Dominant","add3_rec0_dom1","add3_rec0_dom1",FALSE,0.2,4,"additive",0.75,0.506344482138184,-0.243655517861816,0.494999415175311,0.520188251292193,1060.3174722846,400,400,0
"Additive + Dominant","add3_rec0_dom1","add3_rec0_dom1",FALSE,0.2,4,"recessive",0,0.136074577587345,0.136074577587345,0.125503513770339,0.14611394918253,284.948799166005,400,400,0
"Additive + Dominant","add3_rec0_dom1","add3_rec0_dom1",FALSE,0.2,4,"dominant",0.25,0.357580940274471,0.107580940274471,0.348462587715166,0.367838307510492,748.797176830902,400,400,0
"Additive + Recessive","add3_rec1_dom0","add3_rec1_dom0",FALSE,0.2,4,"additive",0.75,0.470568716823623,-0.279431283176377,0.459739499418233,0.483616899413449,1021.09542791709,400,400,0
"Additive + Recessive","add3_rec1_dom0","add3_rec1_dom0",FALSE,0.2,4,"recessive",0.25,0.284932499502468,0.0349324995024679,0.278067515891608,0.290714119338296,618.28009832623,400,400,0
"Additive + Recessive","add3_rec1_dom0","add3_rec1_dom0",FALSE,0.2,4,"dominant",0,0.24449878367391,0.24449878367391,0.232772290162653,0.25422360875814,530.54225921757,400,400,0
"Additive only","add4_rec0_dom0","add4_rec0_dom0",FALSE,0.2,4,"additive",1,0.578964296238918,-0.421035703761082,0.563531781087701,0.595940440077729,1193.2909411752,400,400,0
"Additive only","add4_rec0_dom0","add4_rec0_dom0",FALSE,0.2,4,"recessive",0,0.135918545963817,0.135918545963817,0.124988415670545,0.146044641469517,280.138811132143,400,400,0
"Additive only","add4_rec0_dom0","add4_rec0_dom0",FALSE,0.2,4,"dominant",0,0.285117157797265,0.285117157797265,0.274602211156778,0.294927398016984,587.648882294281,400,400,0
"Dominant only","add0_rec0_dom4","add0_rec0_dom4",FALSE,0.3,4,"additive",0,0.230732697947921,0.230732697947921,0.219657785883219,0.240938036783276,454.190357305141,400,400,0
"Dominant only","add0_rec0_dom4","add0_rec0_dom4",FALSE,0.3,4,"recessive",0,0.0867487464598317,0.0867487464598317,0.0742646333694361,0.0974945875100202,170.76229117408,400,400,0
"Dominant only","add0_rec0_dom4","add0_rec0_dom4",FALSE,0.3,4,"dominant",1,0.682518555592247,-0.317481444407753,0.665010967594826,0.702929077513286,1343.5171927899,400,400,0
"Recessive + Dominant","add0_rec1_dom3","add0_rec1_dom3",FALSE,0.3,4,"additive",0,0.189171139092074,0.189171139092074,0.176164509485432,0.201856419177394,378.624642559067,400,400,0
"Recessive + Dominant","add0_rec1_dom3","add0_rec1_dom3",FALSE,0.3,4,"recessive",0.25,0.263601952667029,0.0136019526670295,0.258498873374632,0.268649931046842,527.597368105122,400,400,0
"Recessive + Dominant","add0_rec1_dom3","add0_rec1_dom3",FALSE,0.3,4,"dominant",0.75,0.547226908240897,-0.202773091759103,0.532911300188985,0.559979833691703,1095.27062915537,400,400,0
"Recessive + Dominant","add0_rec2_dom2","add0_rec2_dom2",FALSE,0.3,4,"additive",0,0.16455370017545,0.16455370017545,0.150591115704423,0.176959757779014,331.333121530109,400,400,0
"Recessive + Dominant","add0_rec2_dom2","add0_rec2_dom2",FALSE,0.3,4,"recessive",0.5,0.43504527261012,-0.0649547273898802,0.426413387943821,0.444660604259878,875.974882528549,400,400,0
"Recessive + Dominant","add0_rec2_dom2","add0_rec2_dom2",FALSE,0.3,4,"dominant",0.5,0.40040102721443,-0.0995989727855702,0.391142792293789,0.409213785717226,806.217800446711,400,400,0
"Recessive + Dominant","add0_rec3_dom1","add0_rec3_dom1",FALSE,0.3,4,"additive",0,0.136455421489391,0.136455421489391,0.12332945545074,0.149784422245321,275.027506277997,400,400,0
"Recessive + Dominant","add0_rec3_dom1","add0_rec3_dom1",FALSE,0.3,4,"recessive",0.75,0.610915198746074,-0.139084801253926,0.595003497922349,0.627419055899032,1231.30676542246,400,400,0
"Recessive + Dominant","add0_rec3_dom1","add0_rec3_dom1",FALSE,0.3,4,"dominant",0.25,0.252629379764535,0.00262937976453509,0.2451346971861,0.260311488210216,509.177485004501,400,400,0
"Recessive only","add0_rec4_dom0","add0_rec4_dom0",FALSE,0.3,4,"additive",0,0.107548508973267,0.107548508973267,0.0952443932401046,0.119940364844034,219.768414038375,400,400,0
"Recessive only","add0_rec4_dom0","add0_rec4_dom0",FALSE,0.3,4,"recessive",1,0.786931887495123,-0.213068112504877,0.763068592309062,0.811853061771298,1608.04435618923,400,400,0
"Recessive only","add0_rec4_dom0","add0_rec4_dom0",FALSE,0.3,4,"dominant",0,0.10551960353161,0.10551960353161,0.093084688917371,0.117859517275663,215.622477145307,400,400,0
"Additive + Dominant","add1_rec0_dom3","add1_rec0_dom3",FALSE,0.3,4,"additive",0.25,0.341180553716842,0.0911805537168416,0.331425068097918,0.351076679997771,679.779708995081,400,400,0
"Additive + Dominant","add1_rec0_dom3","add1_rec0_dom3",FALSE,0.3,4,"recessive",0,0.0943757932785708,0.0943757932785708,0.0826946275270729,0.105670139945251,188.037532011075,400,400,0
"Additive + Dominant","add1_rec0_dom3","add1_rec0_dom3",FALSE,0.3,4,"dominant",0.75,0.564443653004588,-0.185556346995412,0.550359183012897,0.578744487144219,1124.61668170579,400,400,0
"Additive + Recessive + Dominant","add1_rec1_dom2","add1_rec1_dom2",FALSE,0.3,4,"additive",0.25,0.313648730647004,0.0636487306470044,0.303405914103388,0.324584396158858,635.289034976459,400,400,0
"Additive + Recessive + Dominant","add1_rec1_dom2","add1_rec1_dom2",FALSE,0.3,4,"recessive",0.25,0.265473652260163,0.0154736522601628,0.25900985691171,0.272183525102389,537.711407306298,400,400,0
"Additive + Recessive + Dominant","add1_rec1_dom2","add1_rec1_dom2",FALSE,0.3,4,"dominant",0.5,0.420877617092833,-0.0791223829071672,0.411142649844356,0.430607470546893,852.478932895853,400,400,0
"Additive + Recessive + Dominant","add1_rec2_dom1","add1_rec2_dom1",FALSE,0.3,4,"additive",0.25,0.285272590674514,0.0352725906745143,0.276847543690883,0.294443457461697,587.220787551487,400,400,0
"Additive + Recessive + Dominant","add1_rec2_dom1","add1_rec2_dom1",FALSE,0.3,4,"recessive",0.5,0.438047410617184,-0.0619525893828157,0.429840017826245,0.446542158599986,901.70087788421,400,400,0
"Additive + Recessive + Dominant","add1_rec2_dom1","add1_rec2_dom1",FALSE,0.3,4,"dominant",0.25,0.276679998708301,0.0266799987083015,0.268682901852918,0.285157883907585,569.533323748611,400,400,0
"Additive + Recessive","add1_rec3_dom0","add1_rec3_dom0",FALSE,0.3,4,"additive",0.25,0.253491004321229,0.00349100432122934,0.245989107885073,0.261154273770642,520.533727176955,400,400,0
"Additive + Recessive","add1_rec3_dom0","add1_rec3_dom0",FALSE,0.3,4,"recessive",0.75,0.612366871016662,-0.137633128983338,0.59543362309779,0.628038963959477,1257.47109102955,400,400,0
"Additive + Recessive","add1_rec3_dom0","add1_rec3_dom0",FALSE,0.3,4,"dominant",0,0.134142124662109,0.134142124662109,0.12142062475637,0.145861798195926,275.455534640269,400,400,0
"Additive + Dominant","add2_rec0_dom2","add2_rec0_dom2",FALSE,0.3,4,"additive",0.5,0.451850167302273,-0.0481498326977271,0.441651360903859,0.462485421265952,915.171024065508,400,400,0
"Additive + Dominant","add2_rec0_dom2","add2_rec0_dom2",FALSE,0.3,4,"recessive",0,0.0974519885251424,0.0974519885251424,0.0860796294642686,0.108029259878835,197.377897784671,400,400,0
"Additive + Dominant","add2_rec0_dom2","add2_rec0_dom2",FALSE,0.3,4,"dominant",0.5,0.450697844172585,-0.0493021558274153,0.439078140082683,0.462585422391659,912.837124877316,400,400,0
"Additive + Recessive + Dominant","add2_rec1_dom1","add2_rec1_dom1",FALSE,0.3,4,"additive",0.5,0.433376009251753,-0.0666239907482475,0.424304774905936,0.443022634272423,866.523812288454,400,400,0
"Additive + Recessive + Dominant","add2_rec1_dom1","add2_rec1_dom1",FALSE,0.3,4,"recessive",0.25,0.267057891138727,0.0170578911387271,0.261504583821249,0.272859845792577,533.975155502471,400,400,0
"Additive + Recessive + Dominant","add2_rec1_dom1","add2_rec1_dom1",FALSE,0.3,4,"dominant",0.25,0.29956609960952,0.0495660996095204,0.290761960071433,0.308580008634757,598.974454340944,400,400,0
"Additive + Recessive","add2_rec2_dom0","add2_rec2_dom0",FALSE,0.3,4,"additive",0.5,0.403418951936683,-0.0965810480633172,0.39590364648683,0.412025160988623,826.378139143907,400,400,0
"Additive + Recessive","add2_rec2_dom0","add2_rec2_dom0",FALSE,0.3,4,"recessive",0.5,0.438636801070251,-0.0613631989297495,0.42880160602724,0.448303287356244,898.519669659351,400,400,0
"Additive + Recessive","add2_rec2_dom0","add2_rec2_dom0",FALSE,0.3,4,"dominant",0,0.157944246993067,0.157944246993067,0.14553886142059,0.169437771338049,323.538773505866,400,400,0
"Additive + Dominant","add3_rec0_dom1","add3_rec0_dom1",FALSE,0.3,4,"additive",0.75,0.564979450375552,-0.185020549624448,0.551711414493895,0.579847751575352,1140.91880429818,400,400,0
"Additive + Dominant","add3_rec0_dom1","add3_rec0_dom1",FALSE,0.3,4,"recessive",0,0.0944968845967611,0.0944968845967611,0.0833465525634064,0.105565700558708,190.826892044259,400,400,0
"Additive + Dominant","add3_rec0_dom1","add3_rec0_dom1",FALSE,0.3,4,"dominant",0.25,0.340523665027687,0.0905236650276869,0.330222123231155,0.350844767071213,687.653068585724,400,400,0
"Additive + Recessive","add3_rec1_dom0","add3_rec1_dom0",FALSE,0.3,4,"additive",0.75,0.552650710753079,-0.197349289246921,0.540316668771431,0.565252497600149,1090.66906926694,400,400,0
"Additive + Recessive","add3_rec1_dom0","add3_rec1_dom0",FALSE,0.3,4,"recessive",0.25,0.271041358855616,0.0210413588556157,0.266942241514694,0.275832459070195,534.906444240477,400,400,0
"Additive + Recessive","add3_rec1_dom0","add3_rec1_dom0",FALSE,0.3,4,"dominant",0,0.176307930391305,0.176307930391305,0.163539979753233,0.187728824227867,347.947813334454,400,400,0
"Additive only","add4_rec0_dom0","add4_rec0_dom0",FALSE,0.3,4,"additive",1,0.684480469484244,-0.315519530515756,0.665942119107756,0.704848652259425,1360.34505417881,400,400,0
"Additive only","add4_rec0_dom0","add4_rec0_dom0",FALSE,0.3,4,"recessive",0,0.0908812524846364,0.0908812524846364,0.0796720178682306,0.102623343955312,180.618538945612,400,400,0
"Additive only","add4_rec0_dom0","add4_rec0_dom0",FALSE,0.3,4,"dominant",0,0.224638278031119,0.224638278031119,0.212121444895968,0.23619451293054,446.448926043332,400,400,0
"Dominant only","add0_rec0_dom4","add0_rec0_dom4",FALSE,0.4,4,"additive",0,0.193780668402459,0.193780668402459,0.181113916936128,0.204317502891433,394.041753030979,400,400,0
"Dominant only","add0_rec0_dom4","add0_rec0_dom4",FALSE,0.4,4,"recessive",0,0.0864106963697774,0.0864106963697774,0.0748292722756082,0.0970085619445487,175.711140635856,400,400,0
"Dominant only","add0_rec0_dom4","add0_rec0_dom4",FALSE,0.4,4,"dominant",1,0.719808635227764,-0.280191364772236,0.701345640445535,0.740915880086925,1463.6891223995,400,400,0
"Recessive + Dominant","add0_rec1_dom3","add0_rec1_dom3",FALSE,0.4,4,"additive",0,0.145702433350528,0.145702433350528,0.132783856074187,0.158857178612734,293.521210581154,400,400,0
"Recessive + Dominant","add0_rec1_dom3","add0_rec1_dom3",FALSE,0.4,4,"recessive",0.25,0.265755109164135,0.0157551091641352,0.261621152828943,0.27023416777545,535.370340537288,400,400,0
"Recessive + Dominant","add0_rec1_dom3","add0_rec1_dom3",FALSE,0.4,4,"dominant",0.75,0.588542457485337,-0.161457542514663,0.573296133254411,0.603303649921996,1185.6335589393,400,400,0
"Recessive + Dominant","add0_rec2_dom2","add0_rec2_dom2",FALSE,0.4,4,"additive",0,0.13007083749882,0.13007083749882,0.115796634032,0.142272917872809,261.516094749503,400,400,0
"Recessive + Dominant","add0_rec2_dom2","add0_rec2_dom2",FALSE,0.4,4,"recessive",0.5,0.447688227538031,-0.0523117724619691,0.439470596972049,0.457197684124162,900.107043072858,400,400,0
"Recessive + Dominant","add0_rec2_dom2","add0_rec2_dom2",FALSE,0.4,4,"dominant",0.5,0.42224093496315,-0.0777590650368504,0.413441195173927,0.430789143383521,848.943563971008,400,400,0
"Recessive + Dominant","add0_rec3_dom1","add0_rec3_dom1",FALSE,0.4,4,"additive",0,0.113442571407376,0.113442571407376,0.101210538885137,0.126105242800404,232.278091104443,400,400,0
"Recessive + Dominant","add0_rec3_dom1","add0_rec3_dom1",FALSE,0.4,4,"recessive",0.75,0.625344169909621,-0.124655830090379,0.609666628223715,0.641623903976365,1280.4165867176,400,400,0
"Recessive + Dominant","add0_rec3_dom1","add0_rec3_dom1",FALSE,0.4,4,"dominant",0.25,0.261213258683003,0.0112132586830029,0.254492155166662,0.26740725639588,534.844338816832,400,400,0
"Recessive only","add0_rec4_dom0","add0_rec4_dom0",FALSE,0.4,4,"additive",0,0.100899043450927,0.100899043450927,0.0881047689232495,0.112256366197982,210.218634620082,400,400,0
"Recessive only","add0_rec4_dom0","add0_rec4_dom0",FALSE,0.4,4,"recessive",1,0.797721578369392,-0.202278421630608,0.776122544390526,0.822818551971111,1662.01715374389,400,400,0
"Recessive only","add0_rec4_dom0","add0_rec4_dom0",FALSE,0.4,4,"dominant",0,0.101379378179682,0.101379378179682,0.0886691349441167,0.112129054648684,211.219390498295,400,400,0
"Additive + Dominant","add1_rec0_dom3","add1_rec0_dom3",FALSE,0.4,4,"additive",0.25,0.32526704952689,0.0752670495268895,0.315655402378801,0.334630116437459,661.741566553621,400,400,0
"Additive + Dominant","add1_rec0_dom3","add1_rec0_dom3",FALSE,0.4,4,"recessive",0,0.0878462073953277,0.0878462073953277,0.0769218756727012,0.0996096800136615,178.719261548725,400,400,0
"Additive + Dominant","add1_rec0_dom3","add1_rec0_dom3",FALSE,0.4,4,"dominant",0.75,0.586886743077783,-0.163113256922217,0.572983620448552,0.602494381834548,1193.99537493495,400,400,0
"Additive + Recessive + Dominant","add1_rec1_dom2","add1_rec1_dom2",FALSE,0.4,4,"additive",0.25,0.303112210540283,0.0531122105402826,0.293126940627233,0.313239985683014,617.279162975588,400,400,0
"Additive + Recessive + Dominant","add1_rec1_dom2","add1_rec1_dom2",FALSE,0.4,4,"recessive",0.25,0.264813267357877,0.0148132673578771,0.25951074730253,0.270346496428483,539.284483881843,400,400,0
"Additive + Recessive + Dominant","add1_rec1_dom2","add1_rec1_dom2",FALSE,0.4,4,"dominant",0.5,0.43207452210184,-0.0679254778981597,0.422703378578962,0.441423854148002,879.907143531772,400,400,0
"Additive + Recessive + Dominant","add1_rec2_dom1","add1_rec2_dom1",FALSE,0.4,4,"additive",0.25,0.284192627791025,0.0341926277910253,0.275840732115073,0.291733181454085,593.248457904109,400,400,0
"Additive + Recessive + Dominant","add1_rec2_dom1","add1_rec2_dom1",FALSE,0.4,4,"recessive",0.5,0.442049378060396,-0.0579506219396042,0.433830405436991,0.450401513586204,922.772395224258,400,400,0
"Additive + Recessive + Dominant","add1_rec2_dom1","add1_rec2_dom1",FALSE,0.4,4,"dominant",0.25,0.273757994148579,0.0237579941485789,0.26681244668881,0.280890134910053,571.466294287509,400,400,0
"Additive + Recessive","add1_rec3_dom0","add1_rec3_dom0",FALSE,0.4,4,"additive",0.25,0.26094255144215,0.0109425514421502,0.254067873886236,0.268459319372513,532.983956464127,400,400,0
"Additive + Recessive","add1_rec3_dom0","add1_rec3_dom0",FALSE,0.4,4,"recessive",0.75,0.627516806931952,-0.122483193068048,0.611691426953107,0.642296272171696,1281.72422879246,400,400,0
"Additive + Recessive","add1_rec3_dom0","add1_rec3_dom0",FALSE,0.4,4,"dominant",0,0.111540641625897,0.111540641625897,0.0994817249686935,0.122505666586336,227.825520030211,400,400,0
"Additive + Dominant","add2_rec0_dom2","add2_rec0_dom2",FALSE,0.4,4,"additive",0.5,0.456776685410111,-0.0432233145898893,0.447086523032644,0.466592314319689,931.567180709647,400,400,0
"Additive + Dominant","add2_rec0_dom2","add2_rec0_dom2",FALSE,0.4,4,"recessive",0,0.0870027122176754,0.0870027122176754,0.0767560441948395,0.0981871362939151,177.43653282554,400,400,0
"Additive + Dominant","add2_rec0_dom2","add2_rec0_dom2",FALSE,0.4,4,"dominant",0.5,0.456220602372214,-0.043779397627786,0.445633306948552,0.467501611277782,930.433084499397,400,400,0
"Additive + Recessive + Dominant","add2_rec1_dom1","add2_rec1_dom1",FALSE,0.4,4,"additive",0.5,0.44205232944124,-0.0579476705587604,0.43318818483175,0.450973271063652,907.745679508004,400,400,0
"Additive + Recessive + Dominant","add2_rec1_dom1","add2_rec1_dom1",FALSE,0.4,4,"recessive",0.25,0.267370137714105,0.0173701377141046,0.26236562622462,0.272256894831025,549.03926792156,400,400,0
"Additive + Recessive + Dominant","add2_rec1_dom1","add2_rec1_dom1",FALSE,0.4,4,"dominant",0.25,0.290577532844656,0.0405775328446558,0.282302832744324,0.299560805030005,596.695192931663,400,400,0
"Additive + Recessive","add2_rec2_dom0","add2_rec2_dom0",FALSE,0.4,4,"additive",0.5,0.424802659713926,-0.0751973402860738,0.417375098074482,0.432817821820939,858.33218520101,400,400,0
"Additive + Recessive","add2_rec2_dom0","add2_rec2_dom0",FALSE,0.4,4,"recessive",0.5,0.447423703526627,-0.052576296473373,0.438168161415517,0.455743064514636,904.03898463668,400,400,0
"Additive + Recessive","add2_rec2_dom0","add2_rec2_dom0",FALSE,0.4,4,"dominant",0,0.127773636759447,0.127773636759447,0.115552554852442,0.139525111453404,258.172170872641,400,400,0
"Additive + Dominant","add3_rec0_dom1","add3_rec0_dom1",FALSE,0.4,4,"additive",0.75,0.59099059814774,-0.15900940185226,0.57871903992581,0.606075039813341,1207.05249261619,400,400,0
"Additive + Dominant","add3_rec0_dom1","add3_rec0_dom1",FALSE,0.4,4,"recessive",0,0.0844066611157155,0.0844066611157155,0.0733951920427866,0.0941241591562871,172.394063479949,400,400,0
"Additive + Dominant","add3_rec0_dom1","add3_rec0_dom1",FALSE,0.4,4,"dominant",0.25,0.324602740736544,0.0746027407365441,0.314883663160565,0.333985024069537,662.97593996266,400,400,0
"Additive + Recessive","add3_rec1_dom0","add3_rec1_dom0",FALSE,0.4,4,"additive",0.75,0.5867319745266,-0.1632680254734,0.573765313778057,0.602276116606301,1175.53725015245,400,400,0
"Additive + Recessive","add3_rec1_dom0","add3_rec1_dom0",FALSE,0.4,4,"recessive",0.25,0.26915535114765,0.0191553511476498,0.265643597778331,0.272709032884038,539.261801109803,400,400,0
"Additive + Recessive","add3_rec1_dom0","add3_rec1_dom0",FALSE,0.4,4,"dominant",0,0.14411267432575,0.14411267432575,0.129618936834306,0.155721045054569,288.734591336521,400,400,0
"Additive only","add4_rec0_dom0","add4_rec0_dom0",FALSE,0.4,4,"additive",1,0.732630778179839,-0.267369221820161,0.714452342549492,0.754109443795673,1472.16916615607,400,400,0
"Additive only","add4_rec0_dom0","add4_rec0_dom0",FALSE,0.4,4,"recessive",0,0.0807039730365369,0.0807039730365369,0.0705192869040767,0.0906883949199117,162.168863538403,400,400,0
"Additive only","add4_rec0_dom0","add4_rec0_dom0",FALSE,0.4,4,"dominant",0,0.186665248783624,0.186665248783624,0.174865944866641,0.197951200207043,375.0904709939,400,400,0
"Dominant only","add0_rec0_dom5","add0_rec0_dom5",FALSE,0.1,5,"additive",0,0.357387360391795,0.357387360391795,0.353537337410351,0.361823203536412,1099.65174434969,400,400,0
"Dominant only","add0_rec0_dom5","add0_rec0_dom5",FALSE,0.1,5,"recessive",0,0.240935439147454,0.240935439147454,0.236598715226206,0.245187155262513,741.338685407626,400,400,0
"Dominant only","add0_rec0_dom5","add0_rec0_dom5",FALSE,0.1,5,"dominant",1,0.401677200460751,-0.598322799539249,0.396543527972301,0.406913375239096,1235.92796809583,400,400,0
"Recessive + Dominant","add0_rec1_dom4","add0_rec1_dom4",FALSE,0.1,5,"additive",0,0.348891016786057,0.348891016786057,0.344463848352742,0.35283593070463,1018.4302835287,400,400,3
"Recessive + Dominant","add0_rec1_dom4","add0_rec1_dom4",FALSE,0.1,5,"recessive",0.2,0.266411163820969,0.0664111638209692,0.262158974902612,0.2711784261398,777.667477955662,400,400,3
"Recessive + Dominant","add0_rec1_dom4","add0_rec1_dom4",FALSE,0.1,5,"dominant",0.8,0.384697819392974,-0.415302180607026,0.379422445567067,0.389823927049829,1122.95212667372,400,400,3
"Recessive + Dominant","add0_rec2_dom3","add0_rec2_dom3",FALSE,0.1,5,"additive",0,0.341049819158095,0.341049819158095,0.336649633124664,0.345323284836511,993.831637338428,400,400,2
"Recessive + Dominant","add0_rec2_dom3","add0_rec2_dom3",FALSE,0.1,5,"recessive",0.4,0.297791644051162,-0.102208355948838,0.292096556679778,0.303611403208895,867.775734124867,400,400,2
"Recessive + Dominant","add0_rec2_dom3","add0_rec2_dom3",FALSE,0.1,5,"dominant",0.6,0.361158536790742,-0.238841463209258,0.356411944159237,0.36538840226808,1052.42917543114,400,400,2
"Recessive + Dominant","add0_rec3_dom2","add0_rec3_dom2",FALSE,0.1,5,"additive",0,0.332788056341347,0.332788056341347,0.328026864715926,0.336644604313783,948.493166432508,400,400,3
"Recessive + Dominant","add0_rec3_dom2","add0_rec3_dom2",FALSE,0.1,5,"recessive",0.6,0.326397237003753,-0.273602762996247,0.320106983185034,0.333165612584236,930.278424785063,400,400,3
"Recessive + Dominant","add0_rec3_dom2","add0_rec3_dom2",FALSE,0.1,5,"dominant",0.4,0.3408147066549,-0.0591852933451,0.336014657331693,0.345319623873624,971.370258403438,400,400,3
"Recessive + Dominant","add0_rec4_dom1","add0_rec4_dom1",FALSE,0.1,5,"additive",0,0.321274728587299,0.321274728587299,0.315977694801557,0.325922873617712,895.485435788521,400,400,5
"Recessive + Dominant","add0_rec4_dom1","add0_rec4_dom1",FALSE,0.1,5,"recessive",0.8,0.359641972531115,-0.440358027468885,0.352387360531309,0.368398130557165,1002.42602309866,400,400,5
"Recessive + Dominant","add0_rec4_dom1","add0_rec4_dom1",FALSE,0.1,5,"dominant",0.2,0.319083298881586,0.119083298881586,0.314428409860974,0.323784845463298,889.377288429253,400,400,5
"Recessive only","add0_rec5_dom0","add0_rec5_dom0",FALSE,0.1,5,"additive",0,0.307006844863251,0.307006844863251,0.302170684087866,0.311672568933467,813.075304509836,400,400,5
"Recessive only","add0_rec5_dom0","add0_rec5_dom0",FALSE,0.1,5,"recessive",1,0.400487757584548,-0.599512242415452,0.391540175131825,0.409699624887179,1060.64965944183,400,400,5
"Recessive only","add0_rec5_dom0","add0_rec5_dom0",FALSE,0.1,5,"dominant",0,0.292505397552201,0.292505397552201,0.287337792862367,0.29783584032607,774.669748133668,400,400,5
"Additive + Dominant","add1_rec0_dom4","add1_rec0_dom4",FALSE,0.1,5,"additive",0.2,0.365642025256724,0.165642025256724,0.361487449295978,0.370374842970146,1137.82266141203,400,400,0
"Additive + Dominant","add1_rec0_dom4","add1_rec0_dom4",FALSE,0.1,5,"recessive",0,0.242939464449592,0.242939464449592,0.238926758616017,0.247128133369295,755.990856926164,400,400,0
"Additive + Dominant","add1_rec0_dom4","add1_rec0_dom4",FALSE,0.1,5,"dominant",0.8,0.391418510293684,-0.408581489706316,0.386271621526978,0.396201459551139,1218.0351828967,400,400,0
"Additive + Recessive + Dominant","add1_rec1_dom3","add1_rec1_dom3",FALSE,0.1,5,"additive",0.2,0.357765492118389,0.157765492118389,0.353543571074309,0.361611185182764,1043.27336832302,400,400,1
"Additive + Recessive + Dominant","add1_rec1_dom3","add1_rec1_dom3",FALSE,0.1,5,"recessive",0.2,0.269709061863007,0.0697090618630067,0.265177014394145,0.275160520053959,786.49363238182,400,400,1
"Additive + Recessive + Dominant","add1_rec1_dom3","add1_rec1_dom3",FALSE,0.1,5,"dominant",0.6,0.372525446018605,-0.227474553981395,0.367543058489928,0.37691018938661,1086.3145982935,400,400,1
"Additive + Recessive + Dominant","add1_rec2_dom2","add1_rec2_dom2",FALSE,0.1,5,"additive",0.2,0.350968862419386,0.150968862419386,0.346495359469704,0.355008027594033,1031.87364187455,400,400,1
"Additive + Recessive + Dominant","add1_rec2_dom2","add1_rec2_dom2",FALSE,0.1,5,"recessive",0.4,0.297980412346461,-0.102019587653539,0.292490691764979,0.303362376411451,876.083796082757,400,400,1
"Additive + Recessive + Dominant","add1_rec2_dom2","add1_rec2_dom2",FALSE,0.1,5,"dominant",0.4,0.351050725234153,-0.0489492747658473,0.346620748364707,0.35583234179142,1032.11432442463,400,400,1
"Additive + Recessive + Dominant","add1_rec3_dom1","add1_rec3_dom1",FALSE,0.1,5,"additive",0.2,0.340136179242747,0.140136179242747,0.335591791376287,0.344230813667891,989.477650457448,400,400,1
"Additive + Recessive + Dominant","add1_rec3_dom1","add1_rec3_dom1",FALSE,0.1,5,"recessive",0.6,0.329777474445202,-0.270222525554798,0.323123855682948,0.336738077071741,959.3435232744,400,400,1
"Additive + Recessive + Dominant","add1_rec3_dom1","add1_rec3_dom1",FALSE,0.1,5,"dominant",0.2,0.330086346312051,0.130086346312051,0.325916280381967,0.334471294108931,960.242051063424,400,400,1
"Additive + Recessive","add1_rec4_dom0","add1_rec4_dom0",FALSE,0.1,5,"additive",0.2,0.328090246391887,0.128090246391887,0.323375843496343,0.33241096926275,909.849205266476,400,400,2
"Additive + Recessive","add1_rec4_dom0","add1_rec4_dom0",FALSE,0.1,5,"recessive",0.8,0.366275545934295,-0.433724454065705,0.359249684816202,0.374169266822802,1015.74343657509,400,400,2
"Additive + Recessive","add1_rec4_dom0","add1_rec4_dom0",FALSE,0.1,5,"dominant",0,0.305634207673818,0.305634207673818,0.30118729586172,0.309901686974473,847.574848726589,400,400,2
"Additive + Dominant","add2_rec0_dom3","add2_rec0_dom3",FALSE,0.1,5,"additive",0.4,0.375024542236747,-0.0249754577632532,0.371117929321966,0.37959173968699,1168.87374999301,400,400,0
"Additive + Dominant","add2_rec0_dom3","add2_rec0_dom3",FALSE,0.1,5,"recessive",0,0.244506192493874,0.244506192493874,0.24039636460627,0.248419532612263,762.075112237344,400,400,0
"Additive + Dominant","add2_rec0_dom3","add2_rec0_dom3",FALSE,0.1,5,"dominant",0.6,0.380469265269379,-0.219530734730621,0.375854252661433,0.384642227968385,1185.84382291375,400,400,0
"Additive + Recessive + Dominant","add2_rec1_dom2","add2_rec1_dom2",FALSE,0.1,5,"additive",0.4,0.368232393121187,-0.0317676068788127,0.363777753480423,0.372538005564083,1102.09222720701,400,400,0
"Additive + Recessive + Dominant","add2_rec1_dom2","add2_rec1_dom2",FALSE,0.1,5,"recessive",0.2,0.270247259348875,0.0702472593488752,0.265654286731966,0.274802994953534,808.829993004917,400,400,0
"Additive + Recessive + Dominant","add2_rec1_dom2","add2_rec1_dom2",FALSE,0.1,5,"dominant",0.4,0.361520347529938,-0.0384796524700625,0.357225709526976,0.366017189388065,1082.00357283287,400,400,0
"Additive + Recessive + Dominant","add2_rec2_dom1","add2_rec2_dom1",FALSE,0.1,5,"additive",0.4,0.360162700030659,-0.0398372999693414,0.355610766041899,0.364378435268358,1053.46663521042,400,400,1
"Additive + Recessive + Dominant","add2_rec2_dom1","add2_rec2_dom1",FALSE,0.1,5,"recessive",0.4,0.299570692246561,-0.100429307753439,0.294489313406059,0.305251938585746,876.236570699234,400,400,1
"Additive + Recessive + Dominant","add2_rec2_dom1","add2_rec2_dom1",FALSE,0.1,5,"dominant",0.2,0.340266607722781,0.140266607722781,0.336355377705261,0.344437264385078,995.271076881834,400,400,1
"Additive + Recessive","add2_rec3_dom0","add2_rec3_dom0",FALSE,0.1,5,"additive",0.4,0.348570733617196,-0.0514292663828043,0.343833298922213,0.353114252473461,1007.71527945864,400,400,1
"Additive + Recessive","add2_rec3_dom0","add2_rec3_dom0",FALSE,0.1,5,"recessive",0.6,0.333917328965395,-0.266082671034605,0.327539021342567,0.340116335008635,965.352400594789,400,400,1
"Additive + Recessive","add2_rec3_dom0","add2_rec3_dom0",FALSE,0.1,5,"dominant",0,0.317511937417409,0.317511937417409,0.313580090115864,0.32133931720459,917.92454124225,400,400,1
"Additive + Dominant","add3_rec0_dom2","add3_rec0_dom2",FALSE,0.1,5,"additive",0.6,0.384905025896216,-0.215094974103784,0.380439901056691,0.389492339280009,1202.35281607984,400,400,0
"Additive + Dominant","add3_rec0_dom2","add3_rec0_dom2",FALSE,0.1,5,"recessive",0,0.246464536405268,0.246464536405268,0.242361995855494,0.250631101362841,769.897271984674,400,400,0
"Additive + Dominant","add3_rec0_dom2","add3_rec0_dom2",FALSE,0.1,5,"dominant",0.4,0.368630437698515,-0.0313695623014847,0.364328202124881,0.372510645138352,1151.51482843735,400,400,0
"Additive + Recessive + Dominant","add3_rec1_dom1","add3_rec1_dom1",FALSE,0.1,5,"additive",0.6,0.376074977112467,-0.223925022887533,0.372090870355707,0.38058989311097,1135.31542861891,400,400,1
"Additive + Recessive + Dominant","add3_rec1_dom1","add3_rec1_dom1",FALSE,0.1,5,"recessive",0.2,0.272939957889039,0.0729399578890386,0.267887350662446,0.277704467025386,823.965868873407,400,400,1
"Additive + Recessive + Dominant","add3_rec1_dom1","add3_rec1_dom1",FALSE,0.1,5,"dominant",0.2,0.350985064998494,0.150985064998494,0.346776917829232,0.35503003081985,1059.57264843078,400,400,1
"Additive + Recessive","add3_rec2_dom0","add3_rec2_dom0",FALSE,0.1,5,"additive",0.6,0.365197657026959,-0.234802342973041,0.361133889008333,0.369955935437964,1103.19698174723,400,400,1
"Additive + Recessive","add3_rec2_dom0","add3_rec2_dom0",FALSE,0.1,5,"recessive",0.4,0.306699858357872,-0.0933001416421282,0.301179080344013,0.312018981283256,926.485566192253,400,400,1
"Additive + Recessive","add3_rec2_dom0","add3_rec2_dom0",FALSE,0.1,5,"dominant",0,0.328102484615169,0.328102484615169,0.324407634831056,0.331512189151115,991.139082539352,400,400,1
"Additive + Dominant","add4_rec0_dom1","add4_rec0_dom1",FALSE,0.1,5,"additive",0.8,0.393209923009111,-0.406790076990889,0.388608047704394,0.397940011114862,1230.64246292535,400,400,0
"Additive + Dominant","add4_rec0_dom1","add4_rec0_dom1",FALSE,0.1,5,"recessive",0,0.247694051369162,0.247694051369162,0.243679384139349,0.251761313619913,775.216492748181,400,400,0
"Additive + Dominant","add4_rec0_dom1","add4_rec0_dom1",FALSE,0.1,5,"dominant",0.2,0.359096025621727,0.159096025621727,0.355211517319479,0.362861075284477,1123.87503859507,400,400,0
"Additive + Recessive","add4_rec1_dom0","add4_rec1_dom0",FALSE,0.1,5,"additive",0.8,0.385789497847484,-0.414210502152516,0.381145027769236,0.39039435836663,1157.69921529729,400,400,0
"Additive + Recessive","add4_rec1_dom0","add4_rec1_dom0",FALSE,0.1,5,"recessive",0.2,0.278136473097759,0.0781364730977593,0.273523567500396,0.282654844132868,834.647854458001,400,400,0
"Additive + Recessive","add4_rec1_dom0","add4_rec1_dom0",FALSE,0.1,5,"dominant",0,0.336074029054757,0.336074029054757,0.332147647926679,0.339949572373956,1008.51018985567,400,400,0
"Additive only","add5_rec0_dom0","add5_rec0_dom0",FALSE,0.1,5,"additive",1,0.401653530017662,-0.598346469982338,0.396723029086755,0.407467675947751,1272.69964223634,400,400,0
"Additive only","add5_rec0_dom0","add5_rec0_dom0",FALSE,0.1,5,"recessive",0,0.248806244098491,0.248806244098491,0.244610163843318,0.252744372440282,788.380019556635,400,400,0
"Additive only","add5_rec0_dom0","add5_rec0_dom0",FALSE,0.1,5,"dominant",0,0.349540225883847,0.349540225883847,0.345679754973927,0.353077638486657,1107.57079717442,400,400,0
"Dominant only","add0_rec0_dom5","add0_rec0_dom5",FALSE,0.2,5,"additive",0,0.324480188868484,0.324480188868484,0.316208944689817,0.332557576295529,806.128057371327,400,400,0
"Dominant only","add0_rec0_dom5","add0_rec0_dom5",FALSE,0.2,5,"recessive",0,0.151545453733645,0.151545453733645,0.142236225764502,0.160467059572797,376.494610187972,400,400,0
"Dominant only","add0_rec0_dom5","add0_rec0_dom5",FALSE,0.2,5,"dominant",1,0.523974357397872,-0.476025642602128,0.511511342952805,0.538192112794773,1301.74489947901,400,400,0
"Recessive + Dominant","add0_rec1_dom4","add0_rec1_dom4",FALSE,0.2,5,"additive",0,0.295835158774584,0.295835158774584,0.286287585781123,0.304977997738836,714.554492268718,400,400,0
"Recessive + Dominant","add0_rec1_dom4","add0_rec1_dom4",FALSE,0.2,5,"recessive",0.2,0.236360988043648,0.0363609880436477,0.227900589113298,0.243858994809206,570.901736302248,400,400,0
"Recessive + Dominant","add0_rec1_dom4","add0_rec1_dom4",FALSE,0.2,5,"dominant",0.8,0.467803853181768,-0.332196146818232,0.456258761856067,0.480432806256772,1129.92433413349,400,400,0
"Recessive + Dominant","add0_rec2_dom3","add0_rec2_dom3",FALSE,0.2,5,"additive",0,0.274477544403776,0.274477544403776,0.26500410509844,0.283799277706157,659.68200629729,400,400,0
"Recessive + Dominant","add0_rec2_dom3","add0_rec2_dom3",FALSE,0.2,5,"recessive",0.4,0.328036917762175,-0.071963082237825,0.319752990030404,0.337624564611468,788.40712641538,400,400,0
"Recessive + Dominant","add0_rec2_dom3","add0_rec2_dom3",FALSE,0.2,5,"dominant",0.6,0.397485537834049,-0.202514462165951,0.389056461976626,0.40606662620557,955.320617000229,400,400,0
"Recessive + Dominant","add0_rec3_dom2","add0_rec3_dom2",FALSE,0.2,5,"additive",0,0.25031152443395,0.25031152443395,0.24032448304233,0.260116237663159,577.859148125158,400,400,0
"Recessive + Dominant","add0_rec3_dom2","add0_rec3_dom2",FALSE,0.2,5,"recessive",0.6,0.420122893937157,-0.179877106062843,0.407681125577902,0.432885411971924,969.878866534019,400,400,0
"Recessive + Dominant","add0_rec3_dom2","add0_rec3_dom2",FALSE,0.2,5,"dominant",0.4,0.329565581628892,-0.0704344183711078,0.321100119088685,0.337899820073784,760.821886575567,400,400,0
"Recessive + Dominant","add0_rec4_dom1","add0_rec4_dom1",FALSE,0.2,5,"additive",0,0.224913933869236,0.224913933869236,0.213573270205974,0.235023964287774,522.14095370221,400,400,0
"Recessive + Dominant","add0_rec4_dom1","add0_rec4_dom1",FALSE,0.2,5,"recessive",0.8,0.516490505841854,-0.283509494158147,0.500837522963155,0.532996571129375,1199.04018687963,400,400,0
"Recessive + Dominant","add0_rec4_dom1","add0_rec4_dom1",FALSE,0.2,5,"dominant",0.2,0.25859556028891,0.0585955602889103,0.249926659247899,0.266967467672409,600.333337066216,400,400,0
"Recessive only","add0_rec5_dom0","add0_rec5_dom0",FALSE,0.2,5,"additive",0,0.198484271176,0.198484271176,0.187845065478609,0.209124000488002,464.941327560276,400,400,0
"Recessive only","add0_rec5_dom0","add0_rec5_dom0",FALSE,0.2,5,"recessive",1,0.618892306586853,-0.381107693413147,0.599195203643397,0.638876082740218,1449.73004125944,400,400,0
"Recessive only","add0_rec5_dom0","add0_rec5_dom0",FALSE,0.2,5,"dominant",0,0.182623422237147,0.182623422237147,0.172027274430288,0.192206588076582,427.787934406395,400,400,0
"Additive + Dominant","add1_rec0_dom4","add1_rec0_dom4",FALSE,0.2,5,"additive",0.2,0.363867337276578,0.163867337276578,0.356247332779649,0.372964546825476,908.359017639131,400,400,0
"Additive + Dominant","add1_rec0_dom4","add1_rec0_dom4",FALSE,0.2,5,"recessive",0,0.154164456078528,0.154164456078528,0.144397286424073,0.162963155214773,384.856401034753,400,400,0
"Additive + Dominant","add1_rec0_dom4","add1_rec0_dom4",FALSE,0.2,5,"dominant",0.8,0.481968206644894,-0.318031793355106,0.469750852957471,0.493916902850418,1203.18622165439,400,400,0
"Additive + Recessive + Dominant","add1_rec1_dom3","add1_rec1_dom3",FALSE,0.2,5,"additive",0.2,0.333761864795422,0.133761864795422,0.326056937222346,0.341690456700739,837.82619169688,400,400,0
"Additive + Recessive + Dominant","add1_rec1_dom3","add1_rec1_dom3",FALSE,0.2,5,"recessive",0.2,0.245878302446669,0.0458783024466687,0.238590537138498,0.253226909363847,617.216355397747,400,400,0
"Additive + Recessive + Dominant","add1_rec1_dom3","add1_rec1_dom3",FALSE,0.2,5,"dominant",0.6,0.420359832757909,-0.179640167242091,0.411085529998702,0.428739339351524,1055.20886287524,400,400,0
"Additive + Recessive + Dominant","add1_rec2_dom2","add1_rec2_dom2",FALSE,0.2,5,"additive",0.2,0.31491154727096,0.11491154727096,0.305504720493372,0.323652707590987,748.701338729405,400,400,0
"Additive + Recessive + Dominant","add1_rec2_dom2","add1_rec2_dom2",FALSE,0.2,5,"recessive",0.4,0.330296835329207,-0.0697031646707931,0.3212145978619,0.339259387840159,785.27981883206,400,400,0
"Additive + Recessive + Dominant","add1_rec2_dom2","add1_rec2_dom2",FALSE,0.2,5,"dominant",0.4,0.354791617399833,-0.0452083826001671,0.347090433945076,0.363730899533957,843.516095929841,400,400,0
"Additive + Recessive + Dominant","add1_rec3_dom1","add1_rec3_dom1",FALSE,0.2,5,"additive",0.2,0.294979672511063,0.0949796725110632,0.286470633826298,0.302915322696056,700.709197567462,400,400,0
"Additive + Recessive + Dominant","add1_rec3_dom1","add1_rec3_dom1",FALSE,0.2,5,"recessive",0.6,0.419860854657027,-0.180139145342973,0.407532851470394,0.432270652856777,997.35808929573,400,400,0
"Additive + Recessive + Dominant","add1_rec3_dom1","add1_rec3_dom1",FALSE,0.2,5,"dominant",0.2,0.28515947283191,0.0851594728319103,0.277460918078137,0.293488880300765,677.381813078372,400,400,0
"Additive + Recessive","add1_rec4_dom0","add1_rec4_dom0",FALSE,0.2,5,"additive",0.2,0.266638295661005,0.0666382956610053,0.258635306606386,0.274526914548784,621.130859054316,400,400,0
"Additive + Recessive","add1_rec4_dom0","add1_rec4_dom0",FALSE,0.2,5,"recessive",0.8,0.524833787372058,-0.275166212627942,0.509601355157855,0.54072336725011,1222.59430290385,400,400,0
"Additive + Recessive","add1_rec4_dom0","add1_rec4_dom0",FALSE,0.2,5,"dominant",0,0.208527916966937,0.208527916966937,0.198816314216646,0.217766829641883,485.763396744599,400,400,0
"Additive + Dominant","add2_rec0_dom3","add2_rec0_dom3",FALSE,0.2,5,"additive",0.4,0.405047723110821,0.00504772311082091,0.397029939248932,0.415169711101574,1031.78186024362,400,400,0
"Additive + Dominant","add2_rec0_dom3","add2_rec0_dom3",FALSE,0.2,5,"recessive",0,0.159428964393383,0.159428964393383,0.150339311649206,0.168040505502492,406.114894796019,400,400,0
"Additive + Dominant","add2_rec0_dom3","add2_rec0_dom3",FALSE,0.2,5,"dominant",0.6,0.435523312495797,-0.164476687504203,0.425330929176464,0.445192889915125,1109.41261463018,400,400,0
"Additive + Recessive + Dominant","add2_rec1_dom2","add2_rec1_dom2",FALSE,0.2,5,"additive",0.4,0.378067049321349,-0.0219329506786505,0.369732100346484,0.385570282504902,951.699626551655,400,400,0
"Additive + Recessive + Dominant","add2_rec1_dom2","add2_rec1_dom2",FALSE,0.2,5,"recessive",0.2,0.247669333571366,0.047669333571366,0.241021998408087,0.254934676127725,623.452407955871,400,400,0
"Additive + Recessive + Dominant","add2_rec1_dom2","add2_rec1_dom2",FALSE,0.2,5,"dominant",0.4,0.374263617107284,-0.0257363828927156,0.366566694764739,0.382178015482543,942.1253327214,400,400,0
"Additive + Recessive + Dominant","add2_rec2_dom1","add2_rec2_dom1",FALSE,0.2,5,"additive",0.4,0.360810626620421,-0.0391893733795787,0.352444315503477,0.368397696353526,908.960897768982,400,400,0
"Additive + Recessive + Dominant","add2_rec2_dom1","add2_rec2_dom1",FALSE,0.2,5,"recessive",0.4,0.32820807533287,-0.0717919246671305,0.320370383306934,0.336182059630697,826.82793908795,400,400,0
"Additive + Recessive + Dominant","add2_rec2_dom1","add2_rec2_dom1",FALSE,0.2,5,"dominant",0.2,0.310981298046709,0.110981298046709,0.303833051022868,0.31831816425206,783.429918651685,400,400,0
"Additive + Recessive","add2_rec3_dom0","add2_rec3_dom0",FALSE,0.2,5,"additive",0.4,0.333855037173503,-0.066144962826497,0.326556724007987,0.341198473553058,816.405879840859,400,400,0
"Additive + Recessive","add2_rec3_dom0","add2_rec3_dom0",FALSE,0.2,5,"recessive",0.6,0.426846843914658,-0.173153156085342,0.415943857957739,0.437981963038112,1043.80714490264,400,400,0
"Additive + Recessive","add2_rec3_dom0","add2_rec3_dom0",FALSE,0.2,5,"dominant",0,0.239298118911839,0.239298118911839,0.230142271725381,0.247038430012932,585.177306199974,400,400,0
"Additive + Dominant","add3_rec0_dom2","add3_rec0_dom2",FALSE,0.2,5,"additive",0.6,0.446803122832119,-0.153196877167881,0.438512884346188,0.456758421217967,1135.45171029659,400,400,0
"Additive + Dominant","add3_rec0_dom2","add3_rec0_dom2",FALSE,0.2,5,"recessive",0,0.16065244591067,0.16065244591067,0.150832136690471,0.169163174471546,408.262801111039,400,400,0
"Additive + Dominant","add3_rec0_dom2","add3_rec0_dom2",FALSE,0.2,5,"dominant",0.4,0.39254443125721,-0.0074555687427898,0.384508855905991,0.401064628009028,997.565198320855,400,400,0
"Additive + Recessive + Dominant","add3_rec1_dom1","add3_rec1_dom1",FALSE,0.2,5,"additive",0.6,0.422156437759471,-0.177843562240529,0.413080720329383,0.431791115942763,1045.3551063958,400,400,0
"Additive + Recessive + Dominant","add3_rec1_dom1","add3_rec1_dom1",FALSE,0.2,5,"recessive",0.2,0.247144278614744,0.0471442786147445,0.239583818835056,0.255120953302574,611.985298714383,400,400,0
"Additive + Recessive + Dominant","add3_rec1_dom1","add3_rec1_dom1",FALSE,0.2,5,"dominant",0.2,0.330699283625785,0.130699283625785,0.323328969866523,0.337856279470287,818.886445637039,400,400,0
"Additive + Recessive","add3_rec2_dom0","add3_rec2_dom0",FALSE,0.2,5,"additive",0.6,0.399574633521463,-0.200425366478537,0.391217131568775,0.408286688416923,1016.20126227354,400,400,0
"Additive + Recessive","add3_rec2_dom0","add3_rec2_dom0",FALSE,0.2,5,"recessive",0.4,0.336313514914014,-0.0636864850859856,0.328164454763305,0.345731961443322,855.315101870484,400,400,0
"Additive + Recessive","add3_rec2_dom0","add3_rec2_dom0",FALSE,0.2,5,"dominant",0,0.264111851564523,0.264111851564523,0.255562281827544,0.271410324484876,671.691279738989,400,400,0
"Additive + Dominant","add4_rec0_dom1","add4_rec0_dom1",FALSE,0.2,5,"additive",0.8,0.490917387934852,-0.309082612065148,0.480603281435086,0.502084118193515,1242.17246800491,400,400,0
"Additive + Dominant","add4_rec0_dom1","add4_rec0_dom1",FALSE,0.2,5,"recessive",0,0.159636016229045,0.159636016229045,0.150506770837541,0.16781956696324,403.928378043149,400,400,0
"Additive + Dominant","add4_rec0_dom1","add4_rec0_dom1",FALSE,0.2,5,"dominant",0.2,0.349446595836103,0.149446595836103,0.342095450914167,0.357185594741999,884.2077120382,400,400,0
"Additive + Recessive","add4_rec1_dom0","add4_rec1_dom0",FALSE,0.2,5,"additive",0.8,0.455429305821661,-0.344570694178339,0.446294400317566,0.465090364263843,1188.69514826975,400,400,0
"Additive + Recessive","add4_rec1_dom0","add4_rec1_dom0",FALSE,0.2,5,"recessive",0.2,0.261307750290458,0.0613077502904575,0.254160988923119,0.268006195710001,682.027377257056,400,400,0
"Additive + Recessive","add4_rec1_dom0","add4_rec1_dom0",FALSE,0.2,5,"dominant",0,0.283262943887882,0.283262943887882,0.274997004074991,0.290069548796113,739.331621351529,400,400,0
"Additive only","add5_rec0_dom0","add5_rec0_dom0",FALSE,0.2,5,"additive",1,0.530300265187655,-0.469699734812345,0.518438466047199,0.5439990757998,1355.61324177563,400,400,0
"Additive only","add5_rec0_dom0","add5_rec0_dom0",FALSE,0.2,5,"recessive",0,0.161941331114987,0.161941331114987,0.15329704608127,0.170728928890053,413.972662775427,400,400,0
"Additive only","add5_rec0_dom0","add5_rec0_dom0",FALSE,0.2,5,"dominant",0,0.307758403697358,0.307758403697358,0.299945068954023,0.314638956965118,786.726680538686,400,400,0
"Dominant only","add0_rec0_dom5","add0_rec0_dom5",FALSE,0.3,5,"additive",0,0.250627172547898,0.250627172547898,0.240160545806941,0.260994550584129,546.981295067444,400,400,0
"Dominant only","add0_rec0_dom5","add0_rec0_dom5",FALSE,0.3,5,"recessive",0,0.076924965242759,0.076924965242759,0.0669727233826157,0.0872736154911615,167.88489725096,400,400,0
"Dominant only","add0_rec0_dom5","add0_rec0_dom5",FALSE,0.3,5,"dominant",1,0.672447862209343,-0.327552137790657,0.656293311174907,0.689681223794552,1467.58389681912,400,400,0
"Recessive + Dominant","add0_rec1_dom4","add0_rec1_dom4",FALSE,0.3,5,"additive",0,0.209089262523185,0.209089262523185,0.196365450840911,0.222101008621626,466.558097447162,400,400,0
"Recessive + Dominant","add0_rec1_dom4","add0_rec1_dom4",FALSE,0.3,5,"recessive",0.2,0.222359360179996,0.0223593601799964,0.215427143480942,0.229828967713327,496.168759615974,400,400,0
"Recessive + Dominant","add0_rec1_dom4","add0_rec1_dom4",FALSE,0.3,5,"dominant",0.8,0.568551377296818,-0.231448622703182,0.554400928683916,0.582585260823568,1268.65552870346,400,400,0
"Recessive + Dominant","add0_rec2_dom3","add0_rec2_dom3",FALSE,0.3,5,"additive",0,0.176571574879375,0.176571574879375,0.163936451950526,0.187816016701976,396.132956262081,400,400,0
"Recessive + Dominant","add0_rec2_dom3","add0_rec2_dom3",FALSE,0.3,5,"recessive",0.4,0.367530343333116,-0.0324696566668843,0.360383988785636,0.37530110738648,824.543143595029,400,400,0
"Recessive + Dominant","add0_rec2_dom3","add0_rec2_dom3",FALSE,0.3,5,"dominant",0.6,0.45589808178751,-0.14410191821249,0.44567450107808,0.465150191410348,1022.7934763343,400,400,0
"Recessive + Dominant","add0_rec3_dom2","add0_rec3_dom2",FALSE,0.3,5,"additive",0,0.15496219683103,0.15496219683103,0.142353072607305,0.165987325366273,346.406685087735,400,400,0
"Recessive + Dominant","add0_rec3_dom2","add0_rec3_dom2",FALSE,0.3,5,"recessive",0.6,0.50703484563423,-0.0929651543657704,0.494315747362189,0.518453223758697,1133.4394045255,400,400,0
"Recessive + Dominant","add0_rec3_dom2","add0_rec3_dom2",FALSE,0.3,5,"dominant",0.4,0.338002957534741,-0.0619970424652592,0.330017399248271,0.345864766076567,755.580951121459,400,400,0
"Recessive + Dominant","add0_rec4_dom1","add0_rec4_dom1",FALSE,0.3,5,"additive",0,0.130265750073941,0.130265750073941,0.11846808135179,0.141552548163205,290.287438211429,400,400,0
"Recessive + Dominant","add0_rec4_dom1","add0_rec4_dom1",FALSE,0.3,5,"recessive",0.8,0.652533762378461,-0.147466237621539,0.63601390544964,0.669625428973455,1454.1224697957,400,400,0
"Recessive + Dominant","add0_rec4_dom1","add0_rec4_dom1",FALSE,0.3,5,"dominant",0.2,0.217200487547597,0.0172004875475973,0.208070783985781,0.226401565186401,484.014969957005,400,400,0
"Recessive only","add0_rec5_dom0","add0_rec5_dom0",FALSE,0.3,5,"additive",0,0.102897794361415,0.102897794361415,0.0904687925708359,0.11568463676751,230.83858104663,400,400,0
"Recessive only","add0_rec5_dom0","add0_rec5_dom0",FALSE,0.3,5,"recessive",1,0.80277528296731,-0.19722471703269,0.779170908381272,0.826352832120641,1800.92788547632,400,400,0
"Recessive only","add0_rec5_dom0","add0_rec5_dom0",FALSE,0.3,5,"dominant",0,0.0943269226712741,0.0943269226712741,0.0826561036106862,0.106519767999741,211.61088164293,400,400,0
"Additive + Dominant","add1_rec0_dom4","add1_rec0_dom4",FALSE,0.3,5,"additive",0.2,0.335443205771623,0.135443205771623,0.32444499673089,0.345747095898434,718.683704630162,400,400,0
"Additive + Dominant","add1_rec0_dom4","add1_rec0_dom4",FALSE,0.3,5,"recessive",0,0.076344310639562,0.076344310639562,0.0657024419569021,0.0870079991863762,163.566919984754,400,400,0
"Additive + Dominant","add1_rec0_dom4","add1_rec0_dom4",FALSE,0.3,5,"dominant",0.8,0.588212483588815,-0.211787516411185,0.572771236380118,0.603212190612384,1260.23934765019,400,400,0
"Additive + Recessive + Dominant","add1_rec1_dom3","add1_rec1_dom3",FALSE,0.3,5,"additive",0.2,0.294699103661689,0.0946991036616893,0.284463991660589,0.304535825212539,664.066031927713,400,400,0
"Additive + Recessive + Dominant","add1_rec1_dom3","add1_rec1_dom3",FALSE,0.3,5,"recessive",0.2,0.226529409589084,0.0265294095890835,0.219157110612058,0.233385753994962,510.454508587317,400,400,0
"Additive + Recessive + Dominant","add1_rec1_dom3","add1_rec1_dom3",FALSE,0.3,5,"dominant",0.6,0.478771486749227,-0.121228513250773,0.466361805197043,0.489891798033997,1078.84916328309,400,400,0
"Additive + Recessive + Dominant","add1_rec2_dom2","add1_rec2_dom2",FALSE,0.3,5,"additive",0.2,0.270658497280773,0.0706584972807728,0.260913716895028,0.280826922825546,602.054595418148,400,400,0
"Additive + Recessive + Dominant","add1_rec2_dom2","add1_rec2_dom2",FALSE,0.3,5,"recessive",0.4,0.366611799974911,-0.0333882000250894,0.357920169508034,0.375056402452782,815.493772140636,400,400,0
"Additive + Recessive + Dominant","add1_rec2_dom2","add1_rec2_dom2",FALSE,0.3,5,"dominant",0.4,0.362729702744317,-0.0372702972556835,0.354181724975606,0.371751417686758,806.858408754596,400,400,0
"Additive + Recessive + Dominant","add1_rec3_dom1","add1_rec3_dom1",FALSE,0.3,5,"additive",0.2,0.248301065042298,0.048301065042298,0.239523143325564,0.257616097284888,550.600536008487,400,400,0
"Additive + Recessive + Dominant","add1_rec3_dom1","add1_rec3_dom1",FALSE,0.3,5,"recessive",0.6,0.509234599224017,-0.0907654007759829,0.497627572392878,0.520388083174658,1129.2132123519,400,400,0
"Additive + Recessive + Dominant","add1_rec3_dom1","add1_rec3_dom1",FALSE,0.3,5,"dominant",0.2,0.242464335733685,0.0424643357336849,0.234235218702753,0.251438236862739,537.657755093264,400,400,0
"Additive + Recessive","add1_rec4_dom0","add1_rec4_dom0",FALSE,0.3,5,"additive",0.2,0.220275752071241,0.0202757520712413,0.210745347734371,0.229263191224026,487.120354208487,400,400,0
"Additive + Recessive","add1_rec4_dom0","add1_rec4_dom0",FALSE,0.3,5,"recessive",0.8,0.6600878986985,-0.1399121013015,0.642579581781824,0.677423995721866,1459.72603883679,400,400,0
"Additive + Recessive","add1_rec4_dom0","add1_rec4_dom0",FALSE,0.3,5,"dominant",0,0.119636349230259,0.119636349230259,0.108497352829794,0.131239380982063,264.565210947077,400,400,0
"Additive + Dominant","add2_rec0_dom3","add2_rec0_dom3",FALSE,0.3,5,"additive",0.4,0.422495696264338,0.0224956962643381,0.411100774003889,0.433958469933008,911.517213750318,400,400,0
"Additive + Dominant","add2_rec0_dom3","add2_rec0_dom3",FALSE,0.3,5,"recessive",0,0.0784461685815506,0.0784461685815506,0.0680818310172573,0.0881995891744058,169.244405675804,400,400,0
"Additive + Dominant","add2_rec0_dom3","add2_rec0_dom3",FALSE,0.3,5,"dominant",0.6,0.499058135154111,-0.100941864845889,0.487409845832062,0.512720762020754,1076.69754953076,400,400,0
"Additive + Recessive + Dominant","add2_rec1_dom2","add2_rec1_dom2",FALSE,0.3,5,"additive",0.4,0.383726397798234,-0.0162736022017658,0.37481858825159,0.393410429525519,881.536089572705,400,400,0
"Additive + Recessive + Dominant","add2_rec1_dom2","add2_rec1_dom2",FALSE,0.3,5,"recessive",0.2,0.231042026241837,0.0310420262418373,0.22378545861704,0.238864812875953,530.773711448634,400,400,0
"Additive + Recessive + Dominant","add2_rec1_dom2","add2_rec1_dom2",FALSE,0.3,5,"dominant",0.4,0.385231575959928,-0.0147684240400716,0.375828391925347,0.395367342997912,884.993940995968,400,400,0
"Additive + Recessive + Dominant","add2_rec2_dom1","add2_rec2_dom1",FALSE,0.3,5,"additive",0.4,0.365077845349021,-0.0349221546509791,0.355649019091372,0.373857866614101,814.615213975352,400,400,0
"Additive + Recessive + Dominant","add2_rec2_dom1","add2_rec2_dom1",FALSE,0.3,5,"recessive",0.4,0.365922794385726,-0.0340772056142736,0.358343684852882,0.373966038944316,816.500588147198,400,400,0
"Additive + Recessive + Dominant","add2_rec2_dom1","add2_rec2_dom1",FALSE,0.3,5,"dominant",0.2,0.268999360265253,0.0689993602652527,0.260795896892419,0.277850939233222,600.23081162928,400,400,0
"Additive + Recessive","add2_rec3_dom0","add2_rec3_dom0",FALSE,0.3,5,"additive",0.4,0.337484666617792,-0.0625153333822084,0.33045874803246,0.345252808073296,777.341822104204,400,400,0
"Additive + Recessive","add2_rec3_dom0","add2_rec3_dom0",FALSE,0.3,5,"recessive",0.6,0.507099910787813,-0.0929000892121871,0.494214561484162,0.519132640041911,1168.0233433749,400,400,0
"Additive + Recessive","add2_rec3_dom0","add2_rec3_dom0",FALSE,0.3,5,"dominant",0,0.155415422594396,0.155415422594396,0.144908473356437,0.166809802773169,357.974508866927,400,400,0
"Additive + Dominant","add3_rec0_dom2","add3_rec0_dom2",FALSE,0.3,5,"additive",0.6,0.506987046557838,-0.0930129534421621,0.495000701063957,0.519778514434883,1123.16479034412,400,400,0
"Additive + Dominant","add3_rec0_dom2","add3_rec0_dom2",FALSE,0.3,5,"recessive",0,0.0835175096947696,0.0835175096947696,0.0731474301415427,0.0933283527177202,185.022333219884,400,400,0
"Additive + Dominant","add3_rec0_dom2","add3_rec0_dom2",FALSE,0.3,5,"dominant",0.4,0.409495443747393,0.00949544374739253,0.398759448773045,0.420552859293501,907.184645734226,400,400,0
"Additive + Recessive + Dominant","add3_rec1_dom1","add3_rec1_dom1",FALSE,0.3,5,"additive",0.6,0.475591381020721,-0.124408618979279,0.46367168308666,0.487264787471158,1066.42419911243,400,400,0
"Additive + Recessive + Dominant","add3_rec1_dom1","add3_rec1_dom1",FALSE,0.3,5,"recessive",0.2,0.22731556798669,0.0273155679866899,0.220315122886753,0.234755615158102,509.71239641837,400,400,0
"Additive + Recessive + Dominant","add3_rec1_dom1","add3_rec1_dom1",FALSE,0.3,5,"dominant",0.2,0.297093050992589,0.0970930509925893,0.287688589303067,0.306833758312809,666.175274847627,400,400,0
"Additive + Recessive","add3_rec2_dom0","add3_rec2_dom0",FALSE,0.3,5,"additive",0.6,0.449603759225443,-0.150396240774557,0.43996504342573,0.459104188160572,1040.06618041891,400,400,0
"Additive + Recessive","add3_rec2_dom0","add3_rec2_dom0",FALSE,0.3,5,"recessive",0.4,0.369697225221044,-0.0303027747789556,0.36274128016754,0.377695412270581,855.218785558057,400,400,0
"Additive + Recessive","add3_rec2_dom0","add3_rec2_dom0",FALSE,0.3,5,"dominant",0,0.180699015553512,0.180699015553512,0.169839530095868,0.191399834136736,418.010150173057,400,400,0
"Additive + Dominant","add4_rec0_dom1","add4_rec0_dom1",FALSE,0.3,5,"additive",0.8,0.592522334925951,-0.207477665074049,0.57790874368153,0.608443063619598,1313.86018315002,400,400,0
"Additive + Dominant","add4_rec0_dom1","add4_rec0_dom1",FALSE,0.3,5,"recessive",0,0.085059673780656,0.085059673780656,0.0750179795384429,0.0948287478114795,188.611486832982,400,400,0
"Additive + Dominant","add4_rec0_dom1","add4_rec0_dom1",FALSE,0.3,5,"dominant",0.2,0.322417991293393,0.122417991293393,0.312117719814184,0.332043635033926,714.930283842447,400,400,0
"Additive + Recessive","add4_rec1_dom0","add4_rec1_dom0",FALSE,0.3,5,"additive",0.8,0.563109966103746,-0.236890033896254,0.549600252413509,0.57620941642081,1263.21774909555,400,400,0
"Additive + Recessive","add4_rec1_dom0","add4_rec1_dom0",FALSE,0.3,5,"recessive",0.2,0.235345610495373,0.0353456104953727,0.229032552332895,0.241815032996757,527.947950213885,400,400,0
"Additive + Recessive","add4_rec1_dom0","add4_rec1_dom0",FALSE,0.3,5,"dominant",0,0.201544423400881,0.201544423400881,0.189819450414361,0.212318138516855,452.122157653868,400,400,0
"Additive only","add5_rec0_dom0","add5_rec0_dom0",FALSE,0.3,5,"additive",1,0.676976179950638,-0.323023820049362,0.659587906286444,0.697654153983724,1495.69985606425,400,400,0
"Additive only","add5_rec0_dom0","add5_rec0_dom0",FALSE,0.3,5,"recessive",0,0.0837267168119221,0.0837267168119221,0.0726856949860807,0.093409274908997,184.984408599805,400,400,0
"Additive only","add5_rec0_dom0","add5_rec0_dom0",FALSE,0.3,5,"dominant",0,0.23929710323744,0.23929710323744,0.226708182743847,0.249833938481974,528.699019949164,400,400,0
"Dominant only","add0_rec0_dom5","add0_rec0_dom5",FALSE,0.4,5,"additive",0,0.195529388724177,0.195529388724177,0.183917847704904,0.207182962242362,430.481115676976,400,400,0
"Dominant only","add0_rec0_dom5","add0_rec0_dom5",FALSE,0.4,5,"recessive",0,0.0600414541903009,0.0600414541903009,0.0499472704651399,0.0707702274429265,132.188375135614,400,400,0
"Dominant only","add0_rec0_dom5","add0_rec0_dom5",FALSE,0.4,5,"dominant",1,0.744429157085522,-0.255570842914478,0.724349572323628,0.763611702581553,1638.94898959003,400,400,0
"Recessive + Dominant","add0_rec1_dom4","add0_rec1_dom4",FALSE,0.4,5,"additive",0,0.149819478348914,0.149819478348914,0.138872260401381,0.161213834302324,332.239743054909,400,400,0
"Recessive + Dominant","add0_rec1_dom4","add0_rec1_dom4",FALSE,0.4,5,"recessive",0.2,0.221246125871175,0.0212461258711754,0.215393739892654,0.227117305668697,490.635508956612,400,400,0
"Recessive + Dominant","add0_rec1_dom4","add0_rec1_dom4",FALSE,0.4,5,"dominant",0.8,0.628934395779911,-0.171065604220089,0.615607535092085,0.642052133630092,1394.72520098937,400,400,0
"Recessive + Dominant","add0_rec2_dom3","add0_rec2_dom3",FALSE,0.4,5,"additive",0,0.132841857859053,0.132841857859053,0.120301274742563,0.143153557798898,303.354911077473,400,400,0
"Recessive + Dominant","add0_rec2_dom3","add0_rec2_dom3",FALSE,0.4,5,"recessive",0.4,0.378724789836721,-0.0212752101632794,0.372730765822388,0.3852071933119,864.84807420904,400,400,0
"Recessive + Dominant","add0_rec2_dom3","add0_rec2_dom3",FALSE,0.4,5,"dominant",0.6,0.488433352304226,-0.111566647695774,0.478863288727329,0.498693437151658,1115.37627178272,400,400,0
"Recessive + Dominant","add0_rec3_dom2","add0_rec3_dom2",FALSE,0.4,5,"additive",0,0.115495993989555,0.115495993989555,0.103569494116099,0.126116899026255,261.778303815212,400,400,0
"Recessive + Dominant","add0_rec3_dom2","add0_rec3_dom2",FALSE,0.4,5,"recessive",0.6,0.52861270326684,-0.0713872967331596,0.518907156779833,0.538693901736743,1198.13105248379,400,400,0
"Recessive + Dominant","add0_rec3_dom2","add0_rec3_dom2",FALSE,0.4,5,"dominant",0.4,0.355891302743604,-0.0441086972563957,0.348533335058484,0.363547876809371,806.648078055695,400,400,0
"Recessive + Dominant","add0_rec4_dom1","add0_rec4_dom1",FALSE,0.4,5,"additive",0,0.100630589317271,0.100630589317271,0.0886922116839793,0.111386166491884,227.279350400157,400,400,0
"Recessive + Dominant","add0_rec4_dom1","add0_rec4_dom1",FALSE,0.4,5,"recessive",0.8,0.683711332277886,-0.116288667722114,0.666134555594468,0.700663975697997,1544.19713245855,400,400,0
"Recessive + Dominant","add0_rec4_dom1","add0_rec4_dom1",FALSE,0.4,5,"dominant",0.2,0.215658078404843,0.0156580784048428,0.207482169397122,0.223878331788682,487.074837789772,400,400,0
"Recessive only","add0_rec5_dom0","add0_rec5_dom0",FALSE,0.4,5,"additive",0,0.0803111665325989,0.0803111665325989,0.0680457536320429,0.0918499824546554,184.274958684074,400,400,0
"Recessive only","add0_rec5_dom0","add0_rec5_dom0",FALSE,0.4,5,"recessive",1,0.843485376504086,-0.156514623495914,0.821168117207552,0.866940689094745,1935.38756335733,400,400,0
"Recessive only","add0_rec5_dom0","add0_rec5_dom0",FALSE,0.4,5,"dominant",0,0.0762034569633154,0.0762034569633154,0.0647844967659893,0.0875078970842839,174.849768591005,400,400,0
"Additive + Dominant","add1_rec0_dom4","add1_rec0_dom4",FALSE,0.4,5,"additive",0.2,0.306805005816989,0.106805005816989,0.295459850818,0.316627749390271,673.319622407101,400,400,0
"Additive + Dominant","add1_rec0_dom4","add1_rec0_dom4",FALSE,0.4,5,"recessive",0,0.0640160192119671,0.0640160192119671,0.0532861368378099,0.0741332719785502,140.490673445917,400,400,0
"Additive + Dominant","add1_rec0_dom4","add1_rec0_dom4",FALSE,0.4,5,"dominant",0.8,0.629178974971044,-0.170821025028956,0.614446717540627,0.644331401685172,1380.80716357898,400,400,0
"Additive + Recessive + Dominant","add1_rec1_dom3","add1_rec1_dom3",FALSE,0.4,5,"additive",0.2,0.270617861269661,0.0706178612696615,0.261254901907559,0.279349172991337,605.257164073139,400,400,0
"Additive + Recessive + Dominant","add1_rec1_dom3","add1_rec1_dom3",FALSE,0.4,5,"recessive",0.2,0.223976880875543,0.023976880875543,0.218357418036981,0.229539178574361,500.941109728134,400,400,0
"Additive + Recessive + Dominant","add1_rec1_dom3","add1_rec1_dom3",FALSE,0.4,5,"dominant",0.6,0.505405257854796,-0.0945947421452045,0.494531711718079,0.515968491352797,1130.37680381351,400,400,0
"Additive + Recessive + Dominant","add1_rec2_dom2","add1_rec2_dom2",FALSE,0.4,5,"additive",0.2,0.252255925424822,0.0522559254248217,0.243488279666031,0.261109117562631,565.96053009406,400,400,0
"Additive + Recessive + Dominant","add1_rec2_dom2","add1_rec2_dom2",FALSE,0.4,5,"recessive",0.4,0.376859039146572,-0.0231409608534279,0.370039613681237,0.383830755285194,845.519649169537,400,400,0
"Additive + Recessive + Dominant","add1_rec2_dom2","add1_rec2_dom2",FALSE,0.4,5,"dominant",0.4,0.370885035428606,-0.0291149645713938,0.363784059576271,0.378751118540409,832.116394893905,400,400,0
"Additive + Recessive + Dominant","add1_rec3_dom1","add1_rec3_dom1",FALSE,0.4,5,"additive",0.2,0.238616292121357,0.0386162921213571,0.229081070640387,0.24711136345564,535.593292038708,400,400,0
"Additive + Recessive + Dominant","add1_rec3_dom1","add1_rec3_dom1",FALSE,0.4,5,"recessive",0.6,0.528515404647583,-0.071484595352417,0.517939776776429,0.539813038998735,1186.29496314696,400,400,0
"Additive + Recessive + Dominant","add1_rec3_dom1","add1_rec3_dom1",FALSE,0.4,5,"dominant",0.2,0.23286830323106,0.0328683032310599,0.224341703469738,0.241024379976475,522.691472699438,400,400,0
"Additive + Recessive","add1_rec4_dom0","add1_rec4_dom0",FALSE,0.4,5,"additive",0.2,0.217481150713686,0.0174811507136857,0.20887944258494,0.225814154102912,493.15755195968,400,400,0
"Additive + Recessive","add1_rec4_dom0","add1_rec4_dom0",FALSE,0.4,5,"recessive",0.8,0.690785139600655,-0.109214860399345,0.675080460801032,0.707060946089298,1566.41578940362,400,400,0
"Additive + Recessive","add1_rec4_dom0","add1_rec4_dom0",FALSE,0.4,5,"dominant",0,0.0917337096856591,0.0917337096856591,0.0807680902354135,0.102483847872008,208.014218944046,400,400,0
"Additive + Dominant","add2_rec0_dom3","add2_rec0_dom3",FALSE,0.4,5,"additive",0.4,0.415985829367707,0.0159858293677071,0.405314297144026,0.426679172335819,925.814427262739,400,400,0
"Additive + Dominant","add2_rec0_dom3","add2_rec0_dom3",FALSE,0.4,5,"recessive",0,0.0655608791768558,0.0655608791768558,0.0552502284931347,0.0753128813792122,145.911719873298,400,400,0
"Additive + Dominant","add2_rec0_dom3","add2_rec0_dom3",FALSE,0.4,5,"dominant",0.6,0.518453291455437,-0.0815467085445629,0.506531749031371,0.531971893732882,1153.86511559992,400,400,0
"Additive + Recessive + Dominant","add2_rec1_dom2","add2_rec1_dom2",FALSE,0.4,5,"additive",0.4,0.387095301087575,-0.0129046989124252,0.379945717754994,0.395452883774268,866.148745343363,400,400,0
"Additive + Recessive + Dominant","add2_rec1_dom2","add2_rec1_dom2",FALSE,0.4,5,"recessive",0.2,0.225809359810828,0.0258093598108279,0.219648202599723,0.232547105277843,505.26186481062,400,400,0
"Additive + Recessive + Dominant","add2_rec1_dom2","add2_rec1_dom2",FALSE,0.4,5,"dominant",0.4,0.387095339101597,-0.0129046608984028,0.378941020129164,0.395579123592924,866.148830401998,400,400,0
"Additive + Recessive + Dominant","add2_rec2_dom1","add2_rec2_dom1",FALSE,0.4,5,"additive",0.4,0.374103661831771,-0.0258963381682295,0.365882048114002,0.382145129704997,841.568424910627,400,400,0
"Additive + Recessive + Dominant","add2_rec2_dom1","add2_rec2_dom1",FALSE,0.4,5,"recessive",0.4,0.376190443128379,-0.0238095568716212,0.36937263391566,0.38271628488349,846.262763480639,400,400,0
"Additive + Recessive + Dominant","add2_rec2_dom1","add2_rec2_dom1",FALSE,0.4,5,"dominant",0.2,0.249705895039851,0.0497058950398507,0.241993776357231,0.257901937524977,561.728254010207,400,400,0
"Additive + Recessive","add2_rec3_dom0","add2_rec3_dom0",FALSE,0.4,5,"additive",0.4,0.351420043324216,-0.0485799566757845,0.344154586104358,0.358350196347201,800.388409445036,400,400,0
"Additive + Recessive","add2_rec3_dom0","add2_rec3_dom0",FALSE,0.4,5,"recessive",0.6,0.53715359319984,-0.0628464068001595,0.526115272886062,0.548310147245103,1223.41203427676,400,400,0
"Additive + Recessive","add2_rec3_dom0","add2_rec3_dom0",FALSE,0.4,5,"dominant",0,0.111426363475944,0.111426363475944,0.100530973508941,0.121436726863609,253.782820664201,400,400,0
"Additive + Dominant","add3_rec0_dom2","add3_rec0_dom2",FALSE,0.4,5,"additive",0.6,0.522026346179473,-0.0779736538205268,0.509291755645195,0.533312766558683,1183.18319129084,400,400,0
"Additive + Dominant","add3_rec0_dom2","add3_rec0_dom2",FALSE,0.4,5,"recessive",0,0.0696643903808423,0.0696643903808423,0.0592196772935095,0.0794752827729213,157.895739043405,400,400,0
"Additive + Dominant","add3_rec0_dom2","add3_rec0_dom2",FALSE,0.4,5,"dominant",0.4,0.408309263439685,0.00830926343968452,0.397930968885951,0.41832511094425,925.441140827187,400,400,0
"Additive + Recessive + Dominant","add3_rec1_dom1","add3_rec1_dom1",FALSE,0.4,5,"additive",0.6,0.509980836560033,-0.090019163439967,0.498608592252268,0.519906170452158,1141.62085140256,400,400,0
"Additive + Recessive + Dominant","add3_rec1_dom1","add3_rec1_dom1",FALSE,0.4,5,"recessive",0.2,0.223356665874872,0.0233566658748719,0.217771254351847,0.228754824949051,499.99648767683,400,400,0
"Additive + Recessive + Dominant","add3_rec1_dom1","add3_rec1_dom1",FALSE,0.4,5,"dominant",0.2,0.266662497565095,0.0666624975650951,0.258093210921761,0.27574662486554,596.939033162201,400,400,0
"Additive + Recessive","add3_rec2_dom0","add3_rec2_dom0",FALSE,0.4,5,"additive",0.6,0.485941792856008,-0.114058207143992,0.476565687390743,0.495087509669064,1105.30252270092,400,400,0
"Additive + Recessive","add3_rec2_dom0","add3_rec2_dom0",FALSE,0.4,5,"recessive",0.4,0.384872933248436,-0.0151270667515643,0.378695061903051,0.391093861831498,875.415595638739,400,400,0
"Additive + Recessive","add3_rec2_dom0","add3_rec2_dom0",FALSE,0.4,5,"dominant",0,0.129185273895556,0.129185273895556,0.117943628009865,0.139412141874921,293.839326503202,400,400,0
"Additive + Dominant","add4_rec0_dom1","add4_rec0_dom1",FALSE,0.4,5,"additive",0.8,0.63213372108085,-0.167866278919151,0.617257485336415,0.64634099924377,1428.94943705236,400,400,0
"Additive + Dominant","add4_rec0_dom1","add4_rec0_dom1",FALSE,0.4,5,"recessive",0,0.0694623252819215,0.0694623252819215,0.0592093457131245,0.0797318524616469,157.020812682218,400,400,0
"Additive + Dominant","add4_rec0_dom1","add4_rec0_dom1",FALSE,0.4,5,"dominant",0.2,0.298403953637229,0.0984039536372289,0.288625532233253,0.307491958793628,674.547405626507,400,400,0
"Additive + Recessive","add4_rec1_dom0","add4_rec1_dom0",FALSE,0.4,5,"additive",0.8,0.627803326322803,-0.172196673677197,0.616084226137771,0.641396744928823,1374.62263967189,400,400,0
"Additive + Recessive","add4_rec1_dom0","add4_rec1_dom0",FALSE,0.4,5,"recessive",0.2,0.228632817765919,0.0286328177659186,0.223372127842657,0.233686727735257,500.60876439417,400,400,0
"Additive + Recessive","add4_rec1_dom0","add4_rec1_dom0",FALSE,0.4,5,"dominant",0,0.143563855911279,0.143563855911279,0.132531502871321,0.153687018771362,314.343869010922,400,400,0
"Additive only","add5_rec0_dom0","add5_rec0_dom0",FALSE,0.4,5,"additive",1,0.737607087836058,-0.262392912163942,0.720255267010307,0.756490525177425,1662.21622667797,400,400,0
"Additive only","add5_rec0_dom0","add5_rec0_dom0",FALSE,0.4,5,"recessive",0,0.0664898837859663,0.0664898837859663,0.0564759763323971,0.0752946549221753,149.836634654913,400,400,0
"Additive only","add5_rec0_dom0","add5_rec0_dom0",FALSE,0.4,5,"dominant",0,0.195903028377975,0.195903028377975,0.183779021956907,0.206875787238315,441.47242887883,400,400,0
