gene,tissue,expected_coding,status,message,additive_n_cs,additive_cs_name,additive_component_index,additive_lead_predictor_index,additive_lead_predictor,additive_lead_snp,additive_lead_coding,additive_lead_pip,additive_cs_size,additive_lead_selection,additive_n_genotype_0,additive_n_genotype_1,additive_n_genotype_2,same_lead_snp,lead_comparison,log_lik_add,log_lik_mix,likelihood_statistic,n_cs,cs_name,component_index,lead_predictor_index,lead_predictor,lead_snp,lead_coding,lead_pip,cs_size,n_genotype_0,n_genotype_1,n_genotype_2,output_file
ZFP57,Blood Vessel,dominant,plotted,Four-panel SuSiE / SuSiE-mix comparison created,1,L1,1,1134,chr6_29676100_A_G_b38_A,chr6_29676100_A_G_b38_A,additive,0.0666632310198567,15,Single credible-set lead,282,136,32,TRUE,Same lead SNP; coding change only: additive -> dominant,-432.052785462999,-427.34902269438,9.40752553723792,1,L1,1,13002,chr6_29676100_A_G_b38_A__dominant,chr6_29676100_A_G_b38_A,dominant,0.0661380271503163,15,282,136,32,/project2/mstephens/wdenault/susie_mix/plot/one_cs_dominant/ZFP57_Blood_Vessel_add_vs_mix.png
ZFP57,Heart,dominant,plotted,Four-panel SuSiE / SuSiE-mix comparison created,1,L1,1,1134,chr6_29676100_A_G_b38_A,chr6_29676100_A_G_b38_A,additive,0.0666647384614407,15,Single credible-set lead,210,101,20,TRUE,Same lead SNP; coding change only: additive -> dominant,-317.066390864851,-310.295877351968,13.5410270257655,1,L1,1,12570,chr6_29676100_A_G_b38_A__dominant,chr6_29676100_A_G_b38_A,dominant,0.0666015707171844,15,210,101,20,/project2/mstephens/wdenault/susie_mix/plot/one_cs_dominant/ZFP57_Heart_add_vs_mix.png
ZFP57,Breast,dominant,plotted,Four-panel SuSiE / SuSiE-mix comparison created,1,L1,1,1136,chr6_29676263_C_T_b38_C,chr6_29676263_C_T_b38_C,additive,0.0706964434008992,14,Single credible-set lead,160,85,24,TRUE,Same lead SNP; coding change only: additive -> dominant,-248.02872831205,-245.387380355702,5.28269591269572,1,L1,1,12190,chr6_29676263_C_T_b38_C__dominant,chr6_29676263_C_T_b38_C,dominant,0.066985769783608,17,160,85,24,/project2/mstephens/wdenault/susie_mix/plot/one_cs_dominant/ZFP57_Breast_add_vs_mix.png
ZFP57,Salivary Gland,dominant,plotted,Four-panel SuSiE / SuSiE-mix comparison created,1,L1,1,1120,chr6_29676102_A_G_b38_A,chr6_29676102_A_G_b38_A,additive,0.140216945596354,16,Single credible-set lead,65,36,10,TRUE,Same lead SNP; coding change only: additive -> dominant,-121.46471823295,-114.768916922268,13.3916026213635,1,L1,1,11546,chr6_29676102_A_G_b38_A__dominant,chr6_29676102_A_G_b38_A,dominant,0.160355372618484,16,65,36,10,/project2/mstephens/wdenault/susie_mix/plot/one_cs_dominant/ZFP57_Salivary_Gland_add_vs_mix.png
CLEC12A,Nerve,dominant,plotted,Four-panel SuSiE / SuSiE-mix comparison created,1,L1,1,1209,chr12_9965254_T_C_b38_T,chr12_9965254_T_C_b38_T,additive,0.21934539409702,6,Single credible-set lead,188,146,20,TRUE,Same lead SNP; coding change only: additive -> dominant,-326.32711829417,-325.728388641318,1.1974593057048,1,L1,1,5663,chr12_9965254_T_C_b38_T__dominant,chr12_9965254_T_C_b38_T,dominant,0.127215848154287,11,188,146,20,/project2/mstephens/wdenault/susie_mix/plot/one_cs_dominant/CLEC12A_Nerve_add_vs_mix.png
CLEC12A,Adipose Tissue,dominant,plotted,Four-panel SuSiE / SuSiE-mix comparison created,1,L1,1,1209,chr12_9965254_T_C_b38_T,chr12_9965254_T_C_b38_T,additive,0.210559558809315,9,Single credible-set lead,248,194,28,FALSE,Different lead SNP; coding change: additive -> dominant,-543.710395986046,-531.705107558626,24.0105768548406,1,L1,1,5801,chr12_9964770_A_T_b38_A__dominant,chr12_9964770_A_T_b38_A,dominant,0.139606240039932,11,242,192,36,/project2/mstephens/wdenault/susie_mix/plot/one_cs_dominant/CLEC12A_Adipose_Tissue_add_vs_mix.png
CLEC12A,Lung,dominant,plotted,Four-panel SuSiE / SuSiE-mix comparison created,1,L1,1,1209,chr12_9965254_T_C_b38_T,chr12_9965254_T_C_b38_T,additive,0.123735280735883,13,Single credible-set lead,170,131,22,TRUE,Same lead SNP; coding change only: additive -> dominant,-401.758916530756,-400.061782847889,3.39426736573341,1,L1,1,5704,chr12_9965254_T_C_b38_T__dominant,chr12_9965254_T_C_b38_T,dominant,0.117747692609167,14,170,131,22,/project2/mstephens/wdenault/susie_mix/plot/one_cs_dominant/CLEC12A_Lung_add_vs_mix.png
CLEC12A,Blood,dominant,plotted,Four-panel SuSiE / SuSiE-mix comparison created,1,L1,1,1208,chr12_9965184_T_C_b38_T,chr12_9965184_T_C_b38_T,additive,0.135811258029018,13,Single credible-set lead,223,179,33,FALSE,Different lead SNP; coding change: additive -> dominant,-564.789972078888,-561.729477384063,6.1209893896505,1,L1,1,5774,chr12_9965254_T_C_b38_T__dominant,chr12_9965254_T_C_b38_T,dominant,0.104105746775697,16,227,180,28,/project2/mstephens/wdenault/susie_mix/plot/one_cs_dominant/CLEC12A_Blood_add_vs_mix.png
MDGA1,Blood,dominant,plotted,Four-panel SuSiE / SuSiE-mix comparison created,1,L1,1,1102,chr6_37695848_T_C_b38_T,chr6_37695848_T_C_b38_T,additive,0.904106063573882,2,Single credible-set lead,135,207,93,TRUE,Same lead SNP; coding change only: additive -> dominant,-445.271208473966,-432.950358013643,24.6417009206459,1,L1,1,5012,chr6_37695848_T_C_b38_T__dominant,chr6_37695848_T_C_b38_T,dominant,0.998025226267306,1,135,207,93,/project2/mstephens/wdenault/susie_mix/plot/one_cs_dominant/MDGA1_Blood_add_vs_mix.png
MDGA1,Small Intestine,dominant,plotted,Four-panel SuSiE / SuSiE-mix comparison created,1,L1,1,1102,chr6_37695848_T_C_b38_T,chr6_37695848_T_C_b38_T,additive,0.937402814255307,2,Single credible-set lead,36,57,22,TRUE,Same lead SNP; coding change only: additive -> dominant,-140.460188131371,-133.659992133355,13.600391996031,1,L1,1,4375,chr6_37695848_T_C_b38_T__dominant,chr6_37695848_T_C_b38_T,dominant,0.996338413102604,1,36,57,22,/project2/mstephens/wdenault/susie_mix/plot/one_cs_dominant/MDGA1_Small_Intestine_add_vs_mix.png
MDGA1,Adrenal Gland,dominant,plotted,Four-panel SuSiE / SuSiE-mix comparison created,1,L1,1,1102,chr6_37695848_T_C_b38_T,chr6_37695848_T_C_b38_T,additive,0.376316953898457,4,Single credible-set lead,48,66,27,TRUE,Same lead SNP; coding change only: additive -> dominant,-178.721868212899,-175.211670892821,7.02039464015434,1,L1,1,4549,chr6_37695848_T_C_b38_T__dominant,chr6_37695848_T_C_b38_T,dominant,0.453121594310912,4,48,66,27,/project2/mstephens/wdenault/susie_mix/plot/one_cs_dominant/MDGA1_Adrenal_Gland_add_vs_mix.png
PSG4,Skin,dominant,plotted,Four-panel SuSiE / SuSiE-mix comparison created,1,L1,1,2041,chr19_43189850_C_A_b38_C,chr19_43189850_C_A_b38_C,additive,0.0528053874028351,21,Single credible-set lead,220,229,73,TRUE,Same lead SNP; coding change only: additive -> dominant,-569.702657451893,-541.384519800156,56.6362753034725,1,L1,1,8119,chr19_43189850_C_A_b38_C__dominant,chr19_43189850_C_A_b38_C,dominant,0.0792811458350452,21,220,229,73,/project2/mstephens/wdenault/susie_mix/plot/one_cs_dominant/PSG4_Skin_add_vs_mix.png
PSG4,Salivary Gland,dominant,plotted,Four-panel SuSiE / SuSiE-mix comparison created,1,L1,1,2033,chr19_43189099_G_C_b38_G,chr19_43189099_G_C_b38_G,additive,0.0397659543532998,25,Single credible-set lead,56,40,15,FALSE,Different lead SNP; coding change: additive -> dominant,-119.721992290859,-118.222515346537,2.99895388864348,1,L1,1,7386,chr19_43271605_C_T_b38_C__dominant,chr19_43271605_C_T_b38_C,dominant,0.0945896289074604,50,59,43,9,/project2/mstephens/wdenault/susie_mix/plot/one_cs_dominant/PSG4_Salivary_Gland_add_vs_mix.png
ADARB2,Blood,dominant,plotted,Four-panel SuSiE / SuSiE-mix comparison created,1,L1,1,1,chr10_1240467_C_A_b38_C,chr10_1240467_C_A_b38_C,additive,0.999999886784624,1,Single credible-set lead,199,189,47,TRUE,Same lead SNP; coding change only: additive -> dominant,-452.530368525502,-452.330185529032,0.400365992941261,1,L1,1,6004,chr10_1240467_C_A_b38_C__dominant,chr10_1240467_C_A_b38_C,dominant,0.589024570948247,2,199,189,47,/project2/mstephens/wdenault/susie_mix/plot/one_cs_dominant/ADARB2_Blood_add_vs_mix.png
SLC44A5,Muscle,dominant,plotted,Four-panel SuSiE / SuSiE-mix comparison created,1,L1,1,422,chr1_75373613_C_G_b38_C,chr1_75373613_C_G_b38_C,additive,0.138001004466363,22,Single credible-set lead,147,248,82,FALSE,Different lead SNP; coding change: additive -> dominant,-545.083529791406,-542.877359779076,4.41234002465808,1,L1,1,4706,chr1_75388758_A_G_b38_A__dominant,chr1_75388758_A_G_b38_A,dominant,0.0735081233730103,30,149,242,86,/project2/mstephens/wdenault/susie_mix/plot/one_cs_dominant/SLC44A5_Muscle_add_vs_mix.png
SLC44A5,Colon,dominant,plotted,Four-panel SuSiE / SuSiE-mix comparison created,1,L1,1,414,chr1_75366316_C_T_b38_C,chr1_75366316_C_T_b38_C,additive,0.209177462852696,19,Single credible-set lead,109,165,58,TRUE,Same lead SNP; coding change only: additive -> dominant,-428.153187868303,-423.993225602879,8.31992453084888,1,L1,1,4543,chr1_75366316_C_T_b38_C__dominant,chr1_75366316_C_T_b38_C,dominant,0.225405090436837,11,109,165,58,/project2/mstephens/wdenault/susie_mix/plot/one_cs_dominant/SLC44A5_Colon_add_vs_mix.png
SLC44A5,Esophagus,dominant,plotted,Four-panel SuSiE / SuSiE-mix comparison created,1,L1,1,616,chr1_75445428_A_G_b38_A,chr1_75445428_A_G_b38_A,additive,0.14159704614731,28,Single credible-set lead,127,206,79,FALSE,Different lead SNP; coding change: additive -> dominant,-550.23399015392,-550.244309630213,-0.020638952584477,1,L1,1,4647,chr1_75388758_A_G_b38_A__dominant,chr1_75388758_A_G_b38_A,dominant,0.0870103063065976,56,133,199,80,/project2/mstephens/wdenault/susie_mix/plot/one_cs_dominant/SLC44A5_Esophagus_add_vs_mix.png
SLC44A5,Skin,dominant,plotted,Four-panel SuSiE / SuSiE-mix comparison created,1,L1,1,473,chr1_75388758_A_G_b38_A,chr1_75388758_A_G_b38_A,additive,0.149641884217429,31,Single credible-set lead,161,261,100,FALSE,Different lead SNP; coding change: additive -> dominant,-706.669230892137,-703.824672495832,5.68911679260941,1,L1,1,4712,chr1_75373613_C_G_b38_C__dominant,chr1_75373613_C_G_b38_C,dominant,0.0564229082697991,33,159,267,96,/project2/mstephens/wdenault/susie_mix/plot/one_cs_dominant/SLC44A5_Skin_add_vs_mix.png
SLC44A5,Small Intestine,dominant,plotted,Four-panel SuSiE / SuSiE-mix comparison created,1,L1,1,447,chr1_75384081_G_A_b38_G,chr1_75384081_G_A_b38_G,additive,0.31714624523573,32,Single credible-set lead,36,61,18,TRUE,Same lead SNP; coding change only: additive -> dominant,-136.231470159376,-134.966672401261,2.52959551622877,1,L1,1,4056,chr1_75384081_G_A_b38_G__dominant,chr1_75384081_G_A_b38_G,dominant,0.470847443499466,39,36,61,18,/project2/mstephens/wdenault/susie_mix/plot/one_cs_dominant/SLC44A5_Small_Intestine_add_vs_mix.png
RPS26,Blood,dominant,plotted,Four-panel SuSiE / SuSiE-mix comparison created,1,L1,1,601,chr12_56042145_C_G_b38_C,chr12_56042145_C_G_b38_C,additive,0.999347721820481,1,Single credible-set lead,129,228,78,TRUE,Same lead SNP; coding change only: additive -> dominant,-488.449372905791,-484.384197031425,8.13035174873176,1,L1,1,2383,chr12_56042145_C_G_b38_C__dominant,chr12_56042145_C_G_b38_C,dominant,0.968435783679907,1,129,228,78,/project2/mstephens/wdenault/susie_mix/plot/one_cs_dominant/RPS26_Blood_add_vs_mix.png
RPS26,Adrenal Gland,dominant,plotted,Four-panel SuSiE / SuSiE-mix comparison created,1,L1,1,601,chr12_56042145_C_G_b38_C,chr12_56042145_C_G_b38_C,additive,0.580720285727056,2,Single credible-set lead,43,70,28,FALSE,Different lead SNP; coding change: additive -> dominant,-160.034313495962,-152.697414474649,14.6737980426258,1,L1,1,2161,chr12_56007301_G_A_b38_G__dominant,chr12_56007301_G_A_b38_G,dominant,0.499766712262771,2,43,72,26,/project2/mstephens/wdenault/susie_mix/plot/one_cs_dominant/RPS26_Adrenal_Gland_add_vs_mix.png
FGFR4,Nerve,dominant,plotted,Four-panel SuSiE / SuSiE-mix comparison created,2,L1,1,682,chr5_177084094_T_C_b38_T,chr5_177084094_T_C_b38_T,additive,0.142773877217116,7,Highest-PIP credible-set lead,214,126,14,TRUE,Same lead SNP; coding change only: additive -> dominant,-371.063204692826,-375.38540476899,-8.64440015232913,1,L1,1,2926,chr5_177084094_T_C_b38_T__dominant,chr5_177084094_T_C_b38_T,dominant,0.141609122147778,7,214,126,14,/project2/mstephens/wdenault/susie_mix/plot/one_cs_dominant/FGFR4_Nerve_add_vs_mix.png
CRYM,Muscle,dominant,plotted,Four-panel SuSiE / SuSiE-mix comparison created,1,L1,1,781,chr16_21266117_C_T_b38_C,chr16_21266117_C_T_b38_C,additive,0.745603743040738,2,Single credible-set lead,335,124,18,TRUE,Same lead SNP; coding change only: additive -> dominant,-554.581386358178,-526.86224000683,55.4382927026957,1,L1,1,2816,chr16_21266117_C_T_b38_C__dominant,chr16_21266117_C_T_b38_C,dominant,0.882380400145996,2,335,124,18,/project2/mstephens/wdenault/susie_mix/plot/one_cs_dominant/CRYM_Muscle_add_vs_mix.png
USH1C,Thyroid,dominant,plotted,Four-panel SuSiE / SuSiE-mix comparison created,1,L1,1,922,chr11_17524831_T_C_b38_T,chr11_17524831_T_C_b38_T,additive,0.999999876562894,1,Single credible-set lead,155,176,59,TRUE,Same lead SNP; coding change only: additive -> dominant,-433.072095443639,-429.050800538924,8.04258980942927,1,L1,1,4334,chr11_17524831_T_C_b38_T__dominant,chr11_17524831_T_C_b38_T,dominant,0.985313509137546,1,155,176,59,/project2/mstephens/wdenault/susie_mix/plot/one_cs_dominant/USH1C_Thyroid_add_vs_mix.png
KNSTRN,Blood Vessel,dominant,plotted,Four-panel SuSiE / SuSiE-mix comparison created,1,L1,1,967,chr15_40382719_T_C_b38_T,chr15_40382719_T_C_b38_T,additive,0.108849732325385,9,Single credible-set lead,366,78,6,TRUE,Same lead SNP; coding change only: additive -> dominant,-520.874932025623,-520.128119765568,1.49362452010996,1,L1,1,4311,chr15_40382719_T_C_b38_T__dominant,chr15_40382719_T_C_b38_T,dominant,0.0798314085940763,18,366,78,6,/project2/mstephens/wdenault/susie_mix/plot/one_cs_dominant/KNSTRN_Blood_Vessel_add_vs_mix.png
KNSTRN,Adipose Tissue,dominant,plotted,Four-panel SuSiE / SuSiE-mix comparison created,1,L1,1,1028,chr15_40410915_A_G_b38_A,chr15_40410915_A_G_b38_A,additive,0.0588336419029827,23,Single credible-set lead,380,83,7,FALSE,Different lead SNP; coding change: additive -> dominant,-588.281532968489,-587.484985660905,1.59309461516818,1,L1,1,4412,chr15_40425248_A_T_b38_A__dominant,chr15_40425248_A_T_b38_A,dominant,0.0597545762238145,43,380,82,8,/project2/mstephens/wdenault/susie_mix/plot/one_cs_dominant/KNSTRN_Adipose_Tissue_add_vs_mix.png
KNSTRN,Muscle,dominant,plotted,Four-panel SuSiE / SuSiE-mix comparison created,1,L1,1,1028,chr15_40410915_A_G_b38_A,chr15_40410915_A_G_b38_A,additive,0.224073984907693,12,Single credible-set lead,385,86,6,TRUE,Same lead SNP; coding change only: additive -> dominant,-615.443256008355,-611.622223379101,7.64206525850705,1,L1,1,4321,chr15_40410915_A_G_b38_A__dominant,chr15_40410915_A_G_b38_A,dominant,0.251725854855595,13,385,86,6,/project2/mstephens/wdenault/susie_mix/plot/one_cs_dominant/KNSTRN_Muscle_add_vs_mix.png
KNSTRN,Pituitary,dominant,plotted,Four-panel SuSiE / SuSiE-mix comparison created,1,L1,1,967,chr15_40382719_T_C_b38_T,chr15_40382719_T_C_b38_T,additive,0.0798175463487202,23,Single credible-set lead,165,32,4,TRUE,Same lead SNP; coding change only: additive -> dominant,-229.664096194782,-228.439480156564,2.4492320764349,1,L1,1,3969,chr15_40382719_T_C_b38_T__dominant,chr15_40382719_T_C_b38_T,dominant,0.0647660554409508,38,165,32,4,/project2/mstephens/wdenault/susie_mix/plot/one_cs_dominant/KNSTRN_Pituitary_add_vs_mix.png
KNSTRN,Heart,dominant,plotted,Four-panel SuSiE / SuSiE-mix comparison created,1,L1,1,959,chr15_40379756_A_G_b38_A,chr15_40379756_A_G_b38_A,additive,0.131901953107339,23,Single credible-set lead,271,56,4,TRUE,Same lead SNP; coding change only: additive -> dominant,-428.94008650915,-428.420911938371,1.03834914155868,1,L1,1,4203,chr15_40379756_A_G_b38_A__dominant,chr15_40379756_A_G_b38_A,dominant,0.0959505378126119,43,271,56,4,/project2/mstephens/wdenault/susie_mix/plot/one_cs_dominant/KNSTRN_Heart_add_vs_mix.png
KNSTRN,Pancreas,dominant,plotted,Four-panel SuSiE / SuSiE-mix comparison created,1,L1,1,967,chr15_40382719_T_C_b38_T,chr15_40382719_T_C_b38_T,additive,0.0661776382953311,23,Single credible-set lead,139,39,2,TRUE,Same lead SNP; coding change only: additive -> dominant,-222.391170959252,-221.658813569066,1.46471478037188,1,L1,1,4029,chr15_40382719_T_C_b38_T__dominant,chr15_40382719_T_C_b38_T,dominant,0.0428303438504388,45,139,39,2,/project2/mstephens/wdenault/susie_mix/plot/one_cs_dominant/KNSTRN_Pancreas_add_vs_mix.png
KNSTRN,Lung,dominant,plotted,Four-panel SuSiE / SuSiE-mix comparison created,1,L1,1,967,chr15_40382719_T_C_b38_T,chr15_40382719_T_C_b38_T,additive,0.0571469236827455,25,Single credible-set lead,258,60,5,TRUE,Same lead SNP; coding change only: additive -> dominant,-428.508739857906,-427.290671534836,2.43613664614099,1,L1,1,4204,chr15_40382719_T_C_b38_T__dominant,chr15_40382719_T_C_b38_T,dominant,0.0464767649407257,44,258,60,5,/project2/mstephens/wdenault/susie_mix/plot/one_cs_dominant/KNSTRN_Lung_add_vs_mix.png
KNSTRN,Blood,dominant,plotted,Four-panel SuSiE / SuSiE-mix comparison created,1,L1,1,1028,chr15_40410915_A_G_b38_A,chr15_40410915_A_G_b38_A,additive,0.0529710198915608,27,Single credible-set lead,353,77,5,TRUE,Same lead SNP; coding change only: additive -> dominant,-594.045377403247,-593.34620768487,1.39833943675535,1,L1,1,4282,chr15_40410915_A_G_b38_A__dominant,chr15_40410915_A_G_b38_A,dominant,0.0401960876272565,50,353,77,5,/project2/mstephens/wdenault/susie_mix/plot/one_cs_dominant/KNSTRN_Blood_add_vs_mix.png
KNSTRN,Esophagus,dominant,plotted,Four-panel SuSiE / SuSiE-mix comparison created,1,L1,1,964,chr15_40380923_T_C_b38_T,chr15_40380923_T_C_b38_T,additive,0.0628742023529476,24,Single credible-set lead,333,74,5,TRUE,Same lead SNP; coding change only: additive -> dominant,-562.830206436341,-561.661232157618,2.33794855744623,1,L1,1,4216,chr15_40380923_T_C_b38_T__dominant,chr15_40380923_T_C_b38_T,dominant,0.0504104795781314,44,333,74,5,/project2/mstephens/wdenault/susie_mix/plot/one_cs_dominant/KNSTRN_Esophagus_add_vs_mix.png
KNSTRN,Brain,dominant,plotted,Four-panel SuSiE / SuSiE-mix comparison created,1,L1,1,942,chr15_40370572_C_T_b38_C,chr15_40370572_C_T_b38_C,additive,0.0752274983809417,31,Single credible-set lead,209,43,5,TRUE,Same lead SNP; coding change only: additive -> dominant,-345.391574964597,-345.247638147895,0.287873633404161,1,L1,1,4094,chr15_40370572_C_T_b38_C__dominant,chr15_40370572_C_T_b38_C,dominant,0.0517992506353857,62,209,43,5,/project2/mstephens/wdenault/susie_mix/plot/one_cs_dominant/KNSTRN_Brain_add_vs_mix.png
KNSTRN,Salivary Gland,dominant,plotted,Four-panel SuSiE / SuSiE-mix comparison created,1,L1,1,915,chr15_40357662_A_G_b38_A,chr15_40357662_A_G_b38_A,additive,0.0733996794913632,30,Single credible-set lead,84,24,3,TRUE,Same lead SNP; coding change only: additive -> dominant,-142.555530356203,-140.064483542345,4.98209362771615,1,L1,1,3859,chr15_40357662_A_G_b38_A__dominant,chr15_40357662_A_G_b38_A,dominant,0.0821877386382477,38,84,24,3,/project2/mstephens/wdenault/susie_mix/plot/one_cs_dominant/KNSTRN_Salivary_Gland_add_vs_mix.png
SNX19,Thyroid,dominant,plotted,Four-panel SuSiE / SuSiE-mix comparison created,1,L1,1,1285,chr11_130908615_A_G_b38_A,chr11_130908615_A_G_b38_A,additive,0.0243676690664284,48,Single credible-set lead,248,121,21,FALSE,Different lead SNP; coding change: additive -> dominant,-436.286545225141,-436.114431905342,0.344226639597991,1,L1,1,5792,chr11_130894514_T_C_b38_T__dominant,chr11_130894514_T_C_b38_T,dominant,0.0113477648428199,96,248,122,20,/project2/mstephens/wdenault/susie_mix/plot/one_cs_dominant/SNX19_Thyroid_add_vs_mix.png
INCENP,Thyroid,dominant,plotted,Four-panel SuSiE / SuSiE-mix comparison created,1,L1,1,1011,chr11_62127628_T_C_b38_T,chr11_62127628_T_C_b38_T,additive,0.971370207232024,1,Single credible-set lead,185,151,54,TRUE,Same lead SNP; coding change only: additive -> dominant,-436.246004259881,-434.523151233331,3.44570605310105,1,L1,1,4787,chr11_62127628_T_C_b38_T__dominant,chr11_62127628_T_C_b38_T,dominant,0.71420158119828,3,185,151,54,/project2/mstephens/wdenault/susie_mix/plot/one_cs_dominant/INCENP_Thyroid_add_vs_mix.png
TUBB2A,Blood,dominant,plotted,Four-panel SuSiE / SuSiE-mix comparison created,1,L1,1,1481,chr6_3162144_C_A_b38_C,chr6_3162144_C_A_b38_C,additive,0.999909317873404,1,Single credible-set lead,179,192,64,TRUE,Same lead SNP; coding change only: additive -> dominant,-500.548759506545,-492.055572810951,16.986373391187,1,L1,1,6298,chr6_3162144_C_A_b38_C__dominant,chr6_3162144_C_A_b38_C,dominant,0.999833056870743,1,179,192,64,/project2/mstephens/wdenault/susie_mix/plot/one_cs_dominant/TUBB2A_Blood_add_vs_mix.png
NOS2,Nerve,dominant,plotted,Four-panel SuSiE / SuSiE-mix comparison created,1,L1,1,1160,chr17_27879388_C_A_b38_C,chr17_27879388_C_A_b38_C,additive,0.661228381783667,3,Single credible-set lead,194,143,17,TRUE,Same lead SNP; coding change only: additive -> dominant,-388.766653111593,-384.80590382697,7.92149856924539,1,L1,1,3761,chr17_27879388_C_A_b38_C__dominant,chr17_27879388_C_A_b38_C,dominant,0.945847218562896,2,194,143,17,/project2/mstephens/wdenault/susie_mix/plot/one_cs_dominant/NOS2_Nerve_add_vs_mix.png
NOS2,Brain,dominant,plotted,Four-panel SuSiE / SuSiE-mix comparison created,1,L1,1,1187,chr17_27915700_C_G_b38_C,chr17_27915700_C_G_b38_C,additive,0.231206482636915,17,Single credible-set lead,135,109,13,TRUE,Same lead SNP; coding change only: additive -> dominant,-348.468704217986,-348.399216463597,0.138975508778117,1,L1,1,3738,chr17_27915700_C_G_b38_C__dominant,chr17_27915700_C_G_b38_C,dominant,0.139622213900882,34,135,109,13,/project2/mstephens/wdenault/susie_mix/plot/one_cs_dominant/NOS2_Brain_add_vs_mix.png
TREML4,Blood,dominant,plotted,Four-panel SuSiE / SuSiE-mix comparison created,1,L1,1,968,chr6_41228867_T_C_b38_T,chr6_41228867_T_C_b38_T,additive,0.0621662932719636,28,Single credible-set lead,256,154,25,FALSE,Different lead SNP; coding change: additive -> dominant,-503.228141207403,-485.027402378142,36.4014776585218,1,L1,1,4912,chr6_41223163_C_T_b38_C__dominant,chr6_41223163_C_T_b38_C,dominant,0.0382123402792912,29,256,154,25,/project2/mstephens/wdenault/susie_mix/plot/one_cs_dominant/TREML4_Blood_add_vs_mix.png
B4GALNT3,Blood,dominant,plotted,Four-panel SuSiE / SuSiE-mix comparison created,1,L1,1,1166,chr12_553672_T_C_b38_T,chr12_553672_T_C_b38_T,additive,0.999478521399724,1,Single credible-set lead,231,175,29,TRUE,Same lead SNP; coding change only: additive -> dominant,-505.29267436519,-505.369161550469,-0.152974370558013,1,L1,1,5088,chr12_553672_T_C_b38_T__dominant,chr12_553672_T_C_b38_T,dominant,0.489991874695733,2,231,175,29,/project2/mstephens/wdenault/susie_mix/plot/one_cs_dominant/B4GALNT3_Blood_add_vs_mix.png
B4GALNT3,Spleen,dominant,plotted,Four-panel SuSiE / SuSiE-mix comparison created,1,L1,1,1166,chr12_553672_T_C_b38_T,chr12_553672_T_C_b38_T,additive,0.999912663762187,1,Single credible-set lead,81,54,11,TRUE,Same lead SNP; coding change only: additive -> dominant,-151.260737079313,-147.419290641416,7.68289287579364,1,L1,1,4670,chr12_553672_T_C_b38_T__dominant,chr12_553672_T_C_b38_T,dominant,0.982278296225876,1,81,54,11,/project2/mstephens/wdenault/susie_mix/plot/one_cs_dominant/B4GALNT3_Spleen_add_vs_mix.png
B4GALNT3,Adipose Tissue,dominant,plotted,Four-panel SuSiE / SuSiE-mix comparison created,1,L1,1,1166,chr12_553672_T_C_b38_T,chr12_553672_T_C_b38_T,additive,0.696222252434287,2,Single credible-set lead,253,187,30,TRUE,Same lead SNP; coding change only: additive -> dominant,-643.996352275709,-642.964547728715,2.06360909398836,1,L1,1,5135,chr12_553672_T_C_b38_T__dominant,chr12_553672_T_C_b38_T,dominant,0.436451984942979,4,253,187,30,/project2/mstephens/wdenault/susie_mix/plot/one_cs_dominant/B4GALNT3_Adipose_Tissue_add_vs_mix.png
CYS1,Thyroid,dominant,plotted,Four-panel SuSiE / SuSiE-mix comparison created,1,L1,1,1723,chr2_10082702_G_A_b38_G,chr2_10082702_G_A_b38_G,additive,0.195142755192052,5,Single credible-set lead,330,55,5,TRUE,Same lead SNP; coding change only: additive -> dominant,-445.182461818645,-444.98887105995,0.387181517390104,1,L1,1,7811,chr2_10082702_G_A_b38_G__dominant,chr2_10082702_G_A_b38_G,dominant,0.113451696694603,10,330,55,5,/project2/mstephens/wdenault/susie_mix/plot/one_cs_dominant/CYS1_Thyroid_add_vs_mix.png
SIRPB1,Brain,dominant,plotted,Four-panel SuSiE / SuSiE-mix comparison created,1,L1,1,2098,chr20_1915598_A_G_b38_A,chr20_1915598_A_G_b38_A,additive,0.133365144527697,16,Single credible-set lead,107,115,35,TRUE,Same lead SNP; coding change only: additive -> dominant,-257.293924061398,-253.690553461961,7.20674119887349,1,L1,1,6423,chr20_1915598_A_G_b38_A__dominant,chr20_1915598_A_G_b38_A,dominant,0.101062242268349,16,107,115,35,/project2/mstephens/wdenault/susie_mix/plot/one_cs_dominant/SIRPB1_Brain_add_vs_mix.png
SIRPB1,Lung,dominant,plotted,Four-panel SuSiE / SuSiE-mix comparison created,1,L1,1,1224,chr20_1568756_A_T_b38_A,chr20_1568756_A_T_b38_A,additive,0.257897632924457,7,Single credible-set lead,196,111,16,FALSE,Different lead SNP; coding change: additive -> dominant,-415.870738854791,-412.304779358493,7.13191899259573,1,L1,1,5738,chr20_1615827_A_G_b38_A__dominant,chr20_1615827_A_G_b38_A,dominant,0.313147334461999,7,195,114,14,/project2/mstephens/wdenault/susie_mix/plot/one_cs_dominant/SIRPB1_Lung_add_vs_mix.png
SIRPB1,Liver,dominant,plotted,Four-panel SuSiE / SuSiE-mix comparison created,1,L1,1,2004,chr20_1904453_C_G_b38_C,chr20_1904453_C_G_b38_C,additive,0.0720936780113828,23,Single credible-set lead,58,64,18,TRUE,Same lead SNP; coding change only: additive -> dominant,-177.187840258226,-175.526487051294,3.32270641386492,1,L1,1,6024,chr20_1904453_C_G_b38_C__dominant,chr20_1904453_C_G_b38_C,dominant,0.238917846055611,71,58,64,18,/project2/mstephens/wdenault/susie_mix/plot/one_cs_dominant/SIRPB1_Liver_add_vs_mix.png
ADD2,Nerve,dominant,plotted,Four-panel SuSiE / SuSiE-mix comparison created,1,L1,1,1379,chr2_70739788_C_A_b38_C,chr2_70739788_C_A_b38_C,additive,0.333236150696768,3,Single credible-set lead,260,88,6,TRUE,Same lead SNP; coding change only: additive -> dominant,-396.037725303365,-391.841903877512,8.39164285170739,1,L1,1,6456,chr2_70739788_C_A_b38_C__dominant,chr2_70739788_C_A_b38_C,dominant,0.379525966931614,3,260,88,6,/project2/mstephens/wdenault/susie_mix/plot/one_cs_dominant/ADD2_Nerve_add_vs_mix.png
ADD2,Thyroid,dominant,plotted,Four-panel SuSiE / SuSiE-mix comparison created,1,L1,1,1174,chr2_70675370_C_T_b38_C,chr2_70675370_C_T_b38_C,additive,0.300597409840519,7,Single credible-set lead,316,71,3,TRUE,Same lead SNP; coding change only: additive -> dominant,-515.156565591352,-515.00743497018,0.298261242344552,1,L1,1,6342,chr2_70675370_C_T_b38_C__dominant,chr2_70675370_C_T_b38_C,dominant,0.1724389671221,13,316,71,3,/project2/mstephens/wdenault/susie_mix/plot/one_cs_dominant/ADD2_Thyroid_add_vs_mix.png
TPSD1,Lung,dominant,plotted,Four-panel SuSiE / SuSiE-mix comparison created,1,L1,1,1604,chr16_1244821_A_G_b38_A,chr16_1244821_A_G_b38_A,additive,0.439698198844397,4,Single credible-set lead,91,145,87,TRUE,Same lead SNP; coding change only: additive -> dominant,-354.987150788943,-347.232910921881,15.5084797341244,1,L1,1,6406,chr16_1244821_A_G_b38_A__dominant,chr16_1244821_A_G_b38_A,dominant,0.535793936298785,4,91,145,87,/project2/mstephens/wdenault/susie_mix/plot/one_cs_dominant/TPSD1_Lung_add_vs_mix.png
TPSD1,Nerve,dominant,plotted,Four-panel SuSiE / SuSiE-mix comparison created,1,L1,1,1598,chr16_1244024_A_G_b38_A,chr16_1244024_A_G_b38_A,additive,0.731182428045185,3,Single credible-set lead,106,153,95,TRUE,Same lead SNP; coding change only: additive -> dominant,-400.409081081022,-394.151214422216,12.515733317612,1,L1,1,6384,chr16_1244024_A_G_b38_A__dominant,chr16_1244024_A_G_b38_A,dominant,0.969835613145264,1,106,153,95,/project2/mstephens/wdenault/susie_mix/plot/one_cs_dominant/TPSD1_Nerve_add_vs_mix.png
TPSD1,Esophagus,dominant,plotted,Four-panel SuSiE / SuSiE-mix comparison created,1,L1,1,1598,chr16_1244024_A_G_b38_A,chr16_1244024_A_G_b38_A,additive,0.496536350611273,4,Single credible-set lead,108,188,116,TRUE,Same lead SNP; coding change only: additive -> dominant,-506.233441400257,-494.03197397344,24.4029348536335,1,L1,1,6528,chr16_1244024_A_G_b38_A__dominant,chr16_1244024_A_G_b38_A,dominant,0.731617054192127,2,108,188,116,/project2/mstephens/wdenault/susie_mix/plot/one_cs_dominant/TPSD1_Esophagus_add_vs_mix.png
TPSD1,Breast,dominant,plotted,Four-panel SuSiE / SuSiE-mix comparison created,1,L1,1,1594,chr16_1242940_G_A_b38_G,chr16_1242940_G_A_b38_G,additive,0.808304224953371,2,Single credible-set lead,77,122,70,TRUE,Same lead SNP; coding change only: additive -> dominant,-305.338053128015,-305.080544318229,0.515017619572291,1,L1,1,6266,chr16_1242940_G_A_b38_G__dominant,chr16_1242940_G_A_b38_G,dominant,0.484238596816594,4,77,122,70,/project2/mstephens/wdenault/susie_mix/plot/one_cs_dominant/TPSD1_Breast_add_vs_mix.png
TPSD1,Testis,dominant,plotted,Four-panel SuSiE / SuSiE-mix comparison created,1,L1,1,1598,chr16_1244024_A_G_b38_A,chr16_1244024_A_G_b38_A,additive,0.464792995110681,5,Single credible-set lead,63,91,57,TRUE,Same lead SNP; coding change only: additive -> dominant,-251.481145549474,-250.823105040364,1.3160810182215,1,L1,1,6116,chr16_1244024_A_G_b38_A__dominant,chr16_1244024_A_G_b38_A,dominant,0.433018892473748,6,63,91,57,/project2/mstephens/wdenault/susie_mix/plot/one_cs_dominant/TPSD1_Testis_add_vs_mix.png
TPSD1,Small Intestine,dominant,plotted,Four-panel SuSiE / SuSiE-mix comparison created,1,L1,1,1622,chr16_1247809_A_G_b38_A,chr16_1247809_A_G_b38_A,additive,0.296663991744416,4,Single credible-set lead,29,55,31,FALSE,Different lead SNP; coding change: additive -> dominant,-130.321003808807,-120.918299074038,18.8054094695383,1,L1,1,5874,chr16_1245817_T_A_b38_T__dominant,chr16_1245817_T_A_b38_T,dominant,0.998989157878647,1,36,53,26,/project2/mstephens/wdenault/susie_mix/plot/one_cs_dominant/TPSD1_Small_Intestine_add_vs_mix.png
RIMBP2,Nerve,dominant,plotted,Four-panel SuSiE / SuSiE-mix comparison created,1,L1,1,1628,chr12_130734946_G_A_b38_G,chr12_130734946_G_A_b38_G,additive,1,1,Single credible-set lead,286,63,5,TRUE,Same lead SNP; coding change only: additive -> dominant,-398.724656288905,-398.298519115041,0.852274347727189,1,L1,1,7273,chr12_130734946_G_A_b38_G__dominant,chr12_130734946_G_A_b38_G,dominant,0.656851750677259,2,286,63,5,/project2/mstephens/wdenault/susie_mix/plot/one_cs_dominant/RIMBP2_Nerve_add_vs_mix.png
TSTD1,Nerve,dominant,plotted,Four-panel SuSiE / SuSiE-mix comparison created,1,L1,1,1223,chr1_161038745_C_G_b38_C,chr1_161038745_C_G_b38_C,additive,0.999999999425373,1,Single credible-set lead,271,80,3,TRUE,Same lead SNP; coding change only: additive -> dominant,-402.393602919045,-402.176618129111,0.433969579867608,1,L1,1,5166,chr1_161038745_C_G_b38_C__dominant,chr1_161038745_C_G_b38_C,dominant,0.590476634903434,2,271,80,3,/project2/mstephens/wdenault/susie_mix/plot/one_cs_dominant/TSTD1_Nerve_add_vs_mix.png
TSTD1,Blood Vessel,dominant,plotted,Four-panel SuSiE / SuSiE-mix comparison created,1,L1,1,1223,chr1_161038745_C_G_b38_C,chr1_161038745_C_G_b38_C,additive,0.991922304407892,1,Single credible-set lead,349,97,4,TRUE,Same lead SNP; coding change only: additive -> dominant,-595.685574905145,-595.234301083539,0.902547643212074,1,L1,1,5242,chr1_161038745_C_G_b38_C__dominant,chr1_161038745_C_G_b38_C,dominant,0.657296507918213,2,349,97,4,/project2/mstephens/wdenault/susie_mix/plot/one_cs_dominant/TSTD1_Blood_Vessel_add_vs_mix.png
TSTD1,Esophagus,dominant,plotted,Four-panel SuSiE / SuSiE-mix comparison created,1,L1,1,1223,chr1_161038745_C_G_b38_C,chr1_161038745_C_G_b38_C,additive,0.691982363357194,18,Single credible-set lead,318,92,2,TRUE,Same lead SNP; coding change only: additive -> dominant,-570.70165811384,-569.976563354977,1.4501895177259,1,L1,1,5218,chr1_161038745_C_G_b38_C__dominant,chr1_161038745_C_G_b38_C,dominant,0.508012156712945,30,318,92,2,/project2/mstephens/wdenault/susie_mix/plot/one_cs_dominant/TSTD1_Esophagus_add_vs_mix.png
UPK3A,Thyroid,dominant,plotted,Four-panel SuSiE / SuSiE-mix comparison created,1,L1,1,1754,chr22_45280797_A_G_b38_A,chr22_45280797_A_G_b38_A,additive,0.492204323813729,2,Single credible-set lead,197,143,50,TRUE,Same lead SNP; coding change only: additive -> dominant,-454.510886772843,-454.017932826637,0.985907892412911,1,L1,1,7095,chr22_45280797_A_G_b38_A__dominant,chr22_45280797_A_G_b38_A,dominant,0.335843155294453,5,197,143,50,/project2/mstephens/wdenault/susie_mix/plot/one_cs_dominant/UPK3A_Thyroid_add_vs_mix.png
KIAA0930,Muscle,dominant,plotted,Four-panel SuSiE / SuSiE-mix comparison created,1,L1,1,1707,chr22_45212466_G_A_b38_G,chr22_45212466_G_A_b38_G,additive,0.999560379845017,1,Single credible-set lead,231,212,34,TRUE,Same lead SNP; coding change only: additive -> dominant,-580.727736073545,-567.59947791381,26.2565163194702,1,L1,1,7394,chr22_45212466_G_A_b38_G__dominant,chr22_45212466_G_A_b38_G,dominant,0.999918008662686,1,231,212,34,/project2/mstephens/wdenault/susie_mix/plot/one_cs_dominant/KIAA0930_Muscle_add_vs_mix.png
JUP,Blood,dominant,plotted,Four-panel SuSiE / SuSiE-mix comparison created,1,L1,1,1099,chr17_41787669_T_C_b38_T,chr17_41787669_T_C_b38_T,additive,0.175366938537882,9,Single credible-set lead,341,92,2,TRUE,Same lead SNP; coding change only: additive -> dominant,-521.84942814461,-519.795655404217,4.10754548078694,1,L1,1,4194,chr17_41787669_T_C_b38_T__dominant,chr17_41787669_T_C_b38_T,dominant,0.144877128026333,16,341,92,2,/project2/mstephens/wdenault/susie_mix/plot/one_cs_dominant/JUP_Blood_add_vs_mix.png
AOC1,Blood,dominant,plotted,Four-panel SuSiE / SuSiE-mix comparison created,1,L1,1,1548,chr7_150780504_T_G_b38_T,chr7_150780504_T_G_b38_T,additive,0.123902815185966,8,Single credible-set lead,183,197,55,TRUE,Same lead SNP; coding change only: additive -> dominant,-521.654780117191,-509.572030381479,24.1654994714229,1,L1,1,6954,chr7_150780504_T_G_b38_T__dominant,chr7_150780504_T_G_b38_T,dominant,0.124770811203185,8,183,197,55,/project2/mstephens/wdenault/susie_mix/plot/one_cs_dominant/AOC1_Blood_add_vs_mix.png
AOC1,Liver,dominant,plotted,Four-panel SuSiE / SuSiE-mix comparison created,1,L1,1,1735,chr7_150826456_A_G_b38_A,chr7_150826456_A_G_b38_A,additive,0.332717823562568,4,Single credible-set lead,43,68,29,FALSE,Different lead SNP; coding change: additive -> dominant,-149.728830655474,-145.656396668971,8.14486797300549,1,L1,1,6563,chr7_150825973_A_G_b38_A__dominant,chr7_150825973_A_G_b38_A,dominant,0.324240228188281,3,43,67,30,/project2/mstephens/wdenault/susie_mix/plot/one_cs_dominant/AOC1_Liver_add_vs_mix.png
ART3,Nerve,dominant,plotted,Four-panel SuSiE / SuSiE-mix comparison created,1,L1,1,1206,chr4_76050561_T_C_b38_T,chr4_76050561_T_C_b38_T,additive,0.0884910301413364,161,Single credible-set lead,114,172,68,FALSE,Different lead SNP; coding change: additive -> dominant,-410.091601138869,-408.404536039257,3.37413019922417,1,L1,1,6221,chr4_76051294_C_T_b38_C__dominant,chr4_76051294_C_T_b38_C,dominant,0.0312505436190073,268,113,170,71,/project2/mstephens/wdenault/susie_mix/plot/one_cs_dominant/ART3_Nerve_add_vs_mix.png
AMZ1,Lung,dominant,plotted,Four-panel SuSiE / SuSiE-mix comparison created,1,L1,1,1265,chr7_2694042_A_G_b38_A,chr7_2694042_A_G_b38_A,additive,0.999996316173995,1,Single credible-set lead,179,127,17,TRUE,Same lead SNP; coding change only: additive -> dominant,-364.47151611535,-355.599089250522,17.7448537296546,1,L1,1,6694,chr7_2694042_A_G_b38_A__dominant,chr7_2694042_A_G_b38_A,dominant,0.99987482906576,1,179,127,17,/project2/mstephens/wdenault/susie_mix/plot/one_cs_dominant/AMZ1_Lung_add_vs_mix.png
WFIKKN1,Thyroid,dominant,plotted,Four-panel SuSiE / SuSiE-mix comparison created,1,L1,1,1140,chr16_625215_G_A_b38_G,chr16_625215_G_A_b38_G,additive,0.934969737657948,2,Single credible-set lead,229,132,29,TRUE,Same lead SNP; coding change only: additive -> dominant,-460.999341691889,-460.185984187844,1.62671500808892,1,L1,1,6101,chr16_625215_G_A_b38_G__dominant,chr16_625215_G_A_b38_G,dominant,0.70830502482074,2,229,132,29,/project2/mstephens/wdenault/susie_mix/plot/one_cs_dominant/WFIKKN1_Thyroid_add_vs_mix.png
WFIKKN1,Pancreas,dominant,plotted,Four-panel SuSiE / SuSiE-mix comparison created,1,L1,1,1140,chr16_625215_G_A_b38_G,chr16_625215_G_A_b38_G,additive,0.241702120415341,4,Single credible-set lead,112,56,12,TRUE,Same lead SNP; coding change only: additive -> dominant,-213.509055035948,-208.798764018812,9.42058203427172,1,L1,1,5686,chr16_625215_G_A_b38_G__dominant,chr16_625215_G_A_b38_G,dominant,0.245905441293139,4,112,56,12,/project2/mstephens/wdenault/susie_mix/plot/one_cs_dominant/WFIKKN1_Pancreas_add_vs_mix.png
WFIKKN1,Testis,dominant,plotted,Four-panel SuSiE / SuSiE-mix comparison created,1,L1,1,1140,chr16_625215_G_A_b38_G,chr16_625215_G_A_b38_G,additive,0.252208533310626,5,Single credible-set lead,131,73,7,TRUE,Same lead SNP; coding change only: additive -> dominant,-268.399058526741,-267.849132107882,1.09985283771755,1,L1,1,5747,chr16_625215_G_A_b38_G__dominant,chr16_625215_G_A_b38_G,dominant,0.160999707903356,9,131,73,7,/project2/mstephens/wdenault/susie_mix/plot/one_cs_dominant/WFIKKN1_Testis_add_vs_mix.png
WFIKKN1,Ovary,dominant,plotted,Four-panel SuSiE / SuSiE-mix comparison created,1,L1,1,1140,chr16_625215_G_A_b38_G,chr16_625215_G_A_b38_G,additive,0.0705521216380722,20,Single credible-set lead,62,35,9,FALSE,Different lead SNP; coding change: additive -> dominant,-131.154672133689,-124.551758429616,13.2058274081472,1,L1,1,5435,chr16_622040_G_A_b38_G__dominant,chr16_622040_G_A_b38_G,dominant,0.0747214868316724,13,62,36,8,/project2/mstephens/wdenault/susie_mix/plot/one_cs_dominant/WFIKKN1_Ovary_add_vs_mix.png
WFIKKN1,Skin,dominant,plotted,Four-panel SuSiE / SuSiE-mix comparison created,1,L1,1,1140,chr16_625215_G_A_b38_G,chr16_625215_G_A_b38_G,additive,0.225983768568018,20,Single credible-set lead,315,169,38,TRUE,Same lead SNP; coding change only: additive -> dominant,-723.723381444071,-714.683884062397,18.0789947633489,1,L1,1,6177,chr16_625215_G_A_b38_G__dominant,chr16_625215_G_A_b38_G,dominant,0.610767487602728,9,315,169,38,/project2/mstephens/wdenault/susie_mix/plot/one_cs_dominant/WFIKKN1_Skin_add_vs_mix.png
TMEM176A,Blood,dominant,plotted,Four-panel SuSiE / SuSiE-mix comparison created,1,L1,1,1589,chr7_150780504_T_G_b38_T,chr7_150780504_T_G_b38_T,additive,0.120311584586486,8,Single credible-set lead,183,197,55,TRUE,Same lead SNP; coding change only: additive -> dominant,-525.549367215731,-524.58737984117,1.92397474912195,1,L1,1,6961,chr7_150780504_T_G_b38_T__dominant,chr7_150780504_T_G_b38_T,dominant,0.095320868547742,16,183,197,55,/project2/mstephens/wdenault/susie_mix/plot/one_cs_dominant/TMEM176A_Blood_add_vs_mix.png
TMEM176B,Blood,dominant,plotted,Four-panel SuSiE / SuSiE-mix comparison created,1,L1,1,1587,chr7_150780504_T_G_b38_T,chr7_150780504_T_G_b38_T,additive,0.119847025237461,8,Single credible-set lead,183,197,55,TRUE,Same lead SNP; coding change only: additive -> dominant,-525.918832566478,-522.170416734488,7.49683166397972,1,L1,1,6963,chr7_150780504_T_G_b38_T__dominant,chr7_150780504_T_G_b38_T,dominant,0.120121546652153,8,183,197,55,/project2/mstephens/wdenault/susie_mix/plot/one_cs_dominant/TMEM176B_Blood_add_vs_mix.png
FAM118A,Lung,dominant,plotted,Four-panel SuSiE / SuSiE-mix comparison created,1,L1,1,1946,chr22_45411657_G_C_b38_G,chr22_45411657_G_C_b38_G,additive,0.568221346714961,15,Single credible-set lead,249,71,3,FALSE,Different lead SNP; coding change: additive -> dominant,-369.145508114735,-366.503221788179,5.28457265311056,1,L1,1,6848,chr22_45335169_A_G_b38_A__dominant,chr22_45335169_A_G_b38_A,dominant,0.377589999308024,18,247,71,5,/project2/mstephens/wdenault/susie_mix/plot/one_cs_dominant/FAM118A_Lung_add_vs_mix.png
FAM118A,Blood,dominant,plotted,Four-panel SuSiE / SuSiE-mix comparison created,1,L1,1,1780,chr22_45340886_A_G_b38_A,chr22_45340886_A_G_b38_A,additive,0.128908492814121,16,Single credible-set lead,334,93,8,TRUE,Same lead SNP; coding change only: additive -> dominant,-542.885664165687,-538.853456735738,8.06441485989922,1,L1,1,7121,chr22_45340886_A_G_b38_A__dominant,chr22_45340886_A_G_b38_A,dominant,0.147017660841645,12,334,93,8,/project2/mstephens/wdenault/susie_mix/plot/one_cs_dominant/FAM118A_Blood_add_vs_mix.png
FAM118A,Pancreas,dominant,plotted,Four-panel SuSiE / SuSiE-mix comparison created,1,L1,1,1777,chr22_45340272_G_A_b38_G,chr22_45340272_G_A_b38_G,additive,0.0798946367778028,14,Single credible-set lead,132,44,4,FALSE,Different lead SNP; coding change: additive -> dominant,-188.499994897764,-188.059035202404,0.881919390720555,1,L1,1,6584,chr22_45333097_G_C_b38_G__dominant,chr22_45333097_G_C_b38_G,dominant,0.0459702309529568,29,132,43,5,/project2/mstephens/wdenault/susie_mix/plot/one_cs_dominant/FAM118A_Pancreas_add_vs_mix.png
FAM118A,Muscle,dominant,plotted,Four-panel SuSiE / SuSiE-mix comparison created,2,L1,1,1711,chr22_45315973_G_A_b38_G,chr22_45315973_G_A_b38_G,additive,0.22523862571724,28,Highest-PIP credible-set lead,372,99,6,FALSE,Different lead SNP; coding change: additive -> dominant,-626.39036995054,-630.080402280439,-7.38006465979674,1,L1,1,7157,chr22_45368994_T_C_b38_T__dominant,chr22_45368994_T_C_b38_T,dominant,0.205361958817916,33,371,99,7,/project2/mstephens/wdenault/susie_mix/plot/one_cs_dominant/FAM118A_Muscle_add_vs_mix.png
FAM118A,Salivary Gland,dominant,plotted,Four-panel SuSiE / SuSiE-mix comparison created,1,L1,1,1933,chr22_45405045_A_T_b38_A,chr22_45405045_A_T_b38_A,additive,0.0780543194991199,22,Single credible-set lead,86,23,2,FALSE,Different lead SNP; coding change: additive -> dominant,-117.247998939283,-117.398498872695,-0.300999866823986,1,L1,1,6538,chr22_45380333_G_A_b38_G__dominant,chr22_45380333_G_A_b38_G,dominant,0.117810724283544,50,85,22,4,/project2/mstephens/wdenault/susie_mix/plot/one_cs_dominant/FAM118A_Salivary_Gland_add_vs_mix.png
FAM118A,Small Intestine,dominant,plotted,Four-panel SuSiE / SuSiE-mix comparison created,1,L1,1,1804,chr22_45346879_A_G_b38_A,chr22_45346879_A_G_b38_A,additive,0.0678853625548616,39,Single credible-set lead,91,23,1,TRUE,Same lead SNP; coding change only: additive -> dominant,-131.527582291867,-129.556369231477,3.94242612078068,1,L1,1,6411,chr22_45346879_A_G_b38_A__dominant,chr22_45346879_A_G_b38_A,dominant,0.0577580504964846,58,91,23,1,/project2/mstephens/wdenault/susie_mix/plot/one_cs_dominant/FAM118A_Small_Intestine_add_vs_mix.png
FAM3B,Thyroid,dominant,plotted,Four-panel SuSiE / SuSiE-mix comparison created,2,L1,1,1360,chr21_41317710_G_T_b38_G,chr21_41317710_G_T_b38_G,additive,0.954833263278045,1,Highest-PIP credible-set lead,281,101,8,TRUE,Same lead SNP; coding change only: additive -> dominant,-438.52001591184,-457.5907564647,-38.1414811057207,1,L1,1,6725,chr21_41317710_G_T_b38_G__dominant,chr21_41317710_G_T_b38_G,dominant,0.471393638411185,5,281,101,8,/project2/mstephens/wdenault/susie_mix/plot/one_cs_dominant/FAM3B_Thyroid_add_vs_mix.png
FAM3B,Lung,dominant,plotted,Four-panel SuSiE / SuSiE-mix comparison created,1,L1,1,1360,chr21_41317710_G_T_b38_G,chr21_41317710_G_T_b38_G,additive,0.974011767543905,1,Single credible-set lead,235,78,10,TRUE,Same lead SNP; coding change only: additive -> dominant,-398.209693502134,-398.153501635753,0.1123837327616,1,L1,1,6660,chr21_41317710_G_T_b38_G__dominant,chr21_41317710_G_T_b38_G,dominant,0.506950644058546,2,235,78,10,/project2/mstephens/wdenault/susie_mix/plot/one_cs_dominant/FAM3B_Lung_add_vs_mix.png
FAM3B,Pituitary,dominant,plotted,Four-panel SuSiE / SuSiE-mix comparison created,1,L1,1,1338,chr21_41308782_G_A_b38_G,chr21_41308782_G_A_b38_G,additive,0.179911190910334,19,Single credible-set lead,150,48,3,FALSE,Different lead SNP; coding change: additive -> dominant,-265.238542052238,-264.678806021273,1.11947206192929,1,L1,1,6349,chr21_41306864_C_T_b38_C__dominant,chr21_41306864_C_T_b38_C,dominant,0.116660938115876,32,152,47,2,/project2/mstephens/wdenault/susie_mix/plot/one_cs_dominant/FAM3B_Pituitary_add_vs_mix.png
PRUNE2,Blood,dominant,plotted,Four-panel SuSiE / SuSiE-mix comparison created,1,L1,1,720,chr9_76700567_G_C_b38_G,chr9_76700567_G_C_b38_G,additive,0.453308509590182,13,Single credible-set lead,259,159,17,TRUE,Same lead SNP; coding change only: additive -> dominant,-529.151142978199,-513.052789112431,32.1967077315355,1,L1,1,5112,chr9_76700567_G_C_b38_G__dominant,chr9_76700567_G_C_b38_G,dominant,0.527099040670896,10,259,159,17,/project2/mstephens/wdenault/susie_mix/plot/one_cs_dominant/PRUNE2_Blood_add_vs_mix.png
PRUNE2,Spleen,dominant,plotted,Four-panel SuSiE / SuSiE-mix comparison created,1,L1,1,724,chr9_76702219_A_G_b38_A,chr9_76702219_A_G_b38_A,additive,0.130739134870298,20,Single credible-set lead,91,50,5,TRUE,Same lead SNP; coding change only: additive -> dominant,-190.620147079293,-189.929309093497,1.38167597159247,1,L1,1,4635,chr9_76702219_A_G_b38_A__dominant,chr9_76702219_A_G_b38_A,dominant,0.0999790862143768,37,91,50,5,/project2/mstephens/wdenault/susie_mix/plot/one_cs_dominant/PRUNE2_Spleen_add_vs_mix.png
CHRNE,Adipose Tissue,dominant,plotted,Four-panel SuSiE / SuSiE-mix comparison created,1,L1,1,1251,chr17_4902094_G_A_b38_G,chr17_4902094_G_A_b38_G,additive,0.185932688916449,24,Single credible-set lead,399,67,4,TRUE,Same lead SNP; coding change only: additive -> dominant,-580.392760222812,-579.579053834743,1.62741277613895,1,L1,1,5719,chr17_4902094_G_A_b38_G__dominant,chr17_4902094_G_A_b38_G,dominant,0.141186879281566,45,399,67,4,/project2/mstephens/wdenault/susie_mix/plot/one_cs_dominant/CHRNE_Adipose_Tissue_add_vs_mix.png
CHRNE,Thyroid,dominant,plotted,Four-panel SuSiE / SuSiE-mix comparison created,1,L1,1,1251,chr17_4902094_G_A_b38_G,chr17_4902094_G_A_b38_G,additive,0.484811605750666,24,Single credible-set lead,333,53,4,TRUE,Same lead SNP; coding change only: additive -> dominant,-473.975594770855,-472.864432575856,2.22232438999686,1,L1,1,5649,chr17_4902094_G_A_b38_G__dominant,chr17_4902094_G_A_b38_G,dominant,0.441206787232919,44,333,53,4,/project2/mstephens/wdenault/susie_mix/plot/one_cs_dominant/CHRNE_Thyroid_add_vs_mix.png
CHRNE,Breast,dominant,plotted,Four-panel SuSiE / SuSiE-mix comparison created,1,L1,1,1264,chr17_4905466_G_C_b38_G,chr17_4905466_G_C_b38_G,additive,0.06620185610083,38,Single credible-set lead,223,44,2,TRUE,Same lead SNP; coding change only: additive -> dominant,-334.662357715947,-334.354447940582,0.615819550729839,1,L1,1,5391,chr17_4905466_G_C_b38_G__dominant,chr17_4905466_G_C_b38_G,dominant,0.0381942365560317,74,223,44,2,/project2/mstephens/wdenault/susie_mix/plot/one_cs_dominant/CHRNE_Breast_add_vs_mix.png
CLHC1,Blood Vessel,dominant,plotted,Four-panel SuSiE / SuSiE-mix comparison created,1,L1,1,1188,chr2_55232237_T_G_b38_T,chr2_55232237_T_G_b38_T,additive,0.999887342544772,1,Single credible-set lead,316,120,14,TRUE,Same lead SNP; coding change only: additive -> dominant,-552.424275767408,-550.328551753546,4.19144802772325,1,L1,1,5286,chr2_55232237_T_G_b38_T__dominant,chr2_55232237_T_G_b38_T,dominant,0.910185130360431,2,316,120,14,/project2/mstephens/wdenault/susie_mix/plot/one_cs_dominant/CLHC1_Blood_Vessel_add_vs_mix.png
CLHC1,Breast,dominant,plotted,Four-panel SuSiE / SuSiE-mix comparison created,1,L1,1,1188,chr2_55232237_T_G_b38_T,chr2_55232237_T_G_b38_T,additive,0.661437083618205,14,Single credible-set lead,187,73,9,TRUE,Same lead SNP; coding change only: additive -> dominant,-352.946411489898,-352.498045846119,0.896731287558282,1,L1,1,4962,chr2_55232237_T_G_b38_T__dominant,chr2_55232237_T_G_b38_T,dominant,0.4397667009893,21,187,73,9,/project2/mstephens/wdenault/susie_mix/plot/one_cs_dominant/CLHC1_Breast_add_vs_mix.png
CLHC1,Adrenal Gland,dominant,plotted,Four-panel SuSiE / SuSiE-mix comparison created,1,L1,1,1188,chr2_55232237_T_G_b38_T,chr2_55232237_T_G_b38_T,additive,0.787764450439343,5,Single credible-set lead,99,34,8,TRUE,Same lead SNP; coding change only: additive -> dominant,-178.382884283246,-177.351596114989,2.06257633651262,1,L1,1,4680,chr2_55232237_T_G_b38_T__dominant,chr2_55232237_T_G_b38_T,dominant,0.662911892602843,4,99,34,8,/project2/mstephens/wdenault/susie_mix/plot/one_cs_dominant/CLHC1_Adrenal_Gland_add_vs_mix.png
CLHC1,Small Intestine,dominant,plotted,Four-panel SuSiE / SuSiE-mix comparison created,1,L1,1,1186,chr2_55232237_T_G_b38_T,chr2_55232237_T_G_b38_T,additive,0.479592765578335,6,Single credible-set lead,79,30,6,TRUE,Same lead SNP; coding change only: additive -> dominant,-144.841933534372,-144.746023848038,0.191819372669215,1,L1,1,4641,chr2_55232237_T_G_b38_T__dominant,chr2_55232237_T_G_b38_T,dominant,0.24379921653788,12,79,30,6,/project2/mstephens/wdenault/susie_mix/plot/one_cs_dominant/CLHC1_Small_Intestine_add_vs_mix.png
CLHC1,Pancreas,dominant,plotted,Four-panel SuSiE / SuSiE-mix comparison created,1,L1,1,1196,chr2_55236440_A_C_b38_A,chr2_55236440_A_C_b38_A,additive,0.85541848491767,3,Single credible-set lead,117,53,10,TRUE,Same lead SNP; coding change only: additive -> dominant,-236.87868114517,-236.376873319311,1.00361565171869,1,L1,1,4896,chr2_55236440_A_C_b38_A__dominant,chr2_55236440_A_C_b38_A,dominant,0.349113307267826,5,117,53,10,/project2/mstephens/wdenault/susie_mix/plot/one_cs_dominant/CLHC1_Pancreas_add_vs_mix.png
NBPF10,Skin,dominant,plotted,Four-panel SuSiE / SuSiE-mix comparison created,1,L1,1,368,chr1_146067922_C_T_b38_C,chr1_146067922_C_T_b38_C,additive,0.645005757592556,2,Single credible-set lead,422,92,8,TRUE,Same lead SNP; coding change only: additive -> dominant,-656.705581942679,-655.202751013455,3.00566185844787,1,L1,1,1641,chr1_146067922_C_T_b38_C__dominant,chr1_146067922_C_T_b38_C,dominant,0.64088488839683,4,422,92,8,/project2/mstephens/wdenault/susie_mix/plot/one_cs_dominant/NBPF10_Skin_add_vs_mix.png
NBPF10,Nerve,dominant,plotted,Four-panel SuSiE / SuSiE-mix comparison created,1,L1,1,286,chr1_146027599_C_G_b38_C,chr1_146027599_C_G_b38_C,additive,0.40904134439334,7,Single credible-set lead,288,63,3,TRUE,Same lead SNP; coding change only: additive -> dominant,-451.03970742493,-448.436677982859,5.20605888414275,1,L1,1,1529,chr1_146027599_C_G_b38_C__dominant,chr1_146027599_C_G_b38_C,dominant,0.533343918796377,10,288,63,3,/project2/mstephens/wdenault/susie_mix/plot/one_cs_dominant/NBPF10_Nerve_add_vs_mix.png
NBPF10,Thyroid,dominant,plotted,Four-panel SuSiE / SuSiE-mix comparison created,1,L1,1,286,chr1_146027599_C_G_b38_C,chr1_146027599_C_G_b38_C,additive,0.962771803756167,1,Single credible-set lead,310,75,5,TRUE,Same lead SNP; coding change only: additive -> dominant,-506.349374554708,-505.200912743168,2.29692362308106,1,L1,1,1517,chr1_146027599_C_G_b38_C__dominant,chr1_146027599_C_G_b38_C,dominant,0.719450855931136,3,310,75,5,/project2/mstephens/wdenault/susie_mix/plot/one_cs_dominant/NBPF10_Thyroid_add_vs_mix.png
NBPF10,Lung,dominant,plotted,Four-panel SuSiE / SuSiE-mix comparison created,1,L1,1,304,chr1_146039555_C_T_b38_C,chr1_146039555_C_T_b38_C,additive,0.233770565437849,7,Single credible-set lead,257,61,5,FALSE,Different lead SNP; coding change: additive -> dominant,-421.062601824832,-420.99301647147,0.139170706723576,1,L1,1,1522,chr1_146027599_C_G_b38_C__dominant,chr1_146027599_C_G_b38_C,dominant,0.135529705905363,13,261,57,5,/project2/mstephens/wdenault/susie_mix/plot/one_cs_dominant/NBPF10_Lung_add_vs_mix.png
NBPF10,Testis,dominant,plotted,Four-panel SuSiE / SuSiE-mix comparison created,1,L1,1,271,chr1_146008767_A_G_b38_A,chr1_146008767_A_G_b38_A,additive,0.17807510518025,8,Single credible-set lead,172,38,1,TRUE,Same lead SNP; coding change only: additive -> dominant,-263.089295661048,-262.670808838167,0.83697364576085,1,L1,1,1417,chr1_146008767_A_G_b38_A__dominant,chr1_146008767_A_G_b38_A,dominant,0.127626676815814,15,172,38,1,/project2/mstephens/wdenault/susie_mix/plot/one_cs_dominant/NBPF10_Testis_add_vs_mix.png
NBPF10,Esophagus,dominant,plotted,Four-panel SuSiE / SuSiE-mix comparison created,1,L1,1,368,chr1_146067922_C_T_b38_C,chr1_146067922_C_T_b38_C,additive,0.487891672966156,6,Single credible-set lead,329,79,4,TRUE,Same lead SNP; coding change only: additive -> dominant,-549.92153856519,-548.492995459891,2.85708621059848,1,L1,1,1599,chr1_146067922_C_T_b38_C__dominant,chr1_146067922_C_T_b38_C,dominant,0.447282073311873,10,329,79,4,/project2/mstephens/wdenault/susie_mix/plot/one_cs_dominant/NBPF10_Esophagus_add_vs_mix.png
NBPF10,Blood,dominant,plotted,Four-panel SuSiE / SuSiE-mix comparison created,1,L1,1,262,chr1_145996488_T_G_b38_T,chr1_145996488_T_G_b38_T,additive,0.749559686469203,7,Single credible-set lead,358,73,4,TRUE,Same lead SNP; coding change only: additive -> dominant,-595.832292110514,-593.150852549959,5.3628791211097,1,L1,1,1529,chr1_145996488_T_G_b38_T__dominant,chr1_145996488_T_G_b38_T,dominant,0.477689102467764,9,358,73,4,/project2/mstephens/wdenault/susie_mix/plot/one_cs_dominant/NBPF10_Blood_add_vs_mix.png
NBPF10,Muscle,dominant,plotted,Four-panel SuSiE / SuSiE-mix comparison created,1,L1,1,368,chr1_146067922_C_T_b38_C,chr1_146067922_C_T_b38_C,additive,0.189092561431716,8,Single credible-set lead,386,82,9,TRUE,Same lead SNP; coding change only: additive -> dominant,-657.383666365728,-657.497872749524,-0.228412767591408,1,L1,1,1641,chr1_146067922_C_T_b38_C__dominant,chr1_146067922_C_T_b38_C,dominant,0.124647625849989,14,386,82,9,/project2/mstephens/wdenault/susie_mix/plot/one_cs_dominant/NBPF10_Muscle_add_vs_mix.png
NBPF10,Pancreas,dominant,plotted,Four-panel SuSiE / SuSiE-mix comparison created,1,L1,1,336,chr1_146052506_C_T_b38_C,chr1_146052506_C_T_b38_C,additive,0.307647869225599,9,Single credible-set lead,152,28,0,FALSE,Different lead SNP; coding change: additive -> dominant,-237.556250954276,-237.172976269458,0.766549369636039,1,L1,1,1382,chr1_146014328_G_A_b38_G__dominant,chr1_146014328_G_A_b38_G,dominant,0.227774574221411,16,153,26,1,/project2/mstephens/wdenault/susie_mix/plot/one_cs_dominant/NBPF10_Pancreas_add_vs_mix.png
NBPF10,Prostate,dominant,plotted,Four-panel SuSiE / SuSiE-mix comparison created,1,L1,1,280,chr1_146023290_A_G_b38_A,chr1_146023290_A_G_b38_A,additive,0.127357828656139,10,Single credible-set lead,117,25,1,TRUE,Same lead SNP; coding change only: additive -> dominant,-186.397141468779,-186.097522160659,0.599238616239745,1,L1,1,1391,chr1_146023290_A_G_b38_A__dominant,chr1_146023290_A_G_b38_A,dominant,0.0770314012290738,18,117,25,1,/project2/mstephens/wdenault/susie_mix/plot/one_cs_dominant/NBPF10_Prostate_add_vs_mix.png
TIPIN,Thyroid,dominant,plotted,Four-panel SuSiE / SuSiE-mix comparison created,1,L1,1,1074,chr15_66335489_C_T_b38_C,chr15_66335489_C_T_b38_C,additive,0.0250813428965578,110,Single credible-set lead,335,54,1,TRUE,Same lead SNP; coding change only: additive -> dominant,-469.916842974557,-469.101336806093,1.63101233692748,1,L1,1,5553,chr15_66335489_C_T_b38_C__dominant,chr15_66335489_C_T_b38_C,dominant,0.0190944536187534,192,335,54,1,/project2/mstephens/wdenault/susie_mix/plot/one_cs_dominant/TIPIN_Thyroid_add_vs_mix.png
TIPIN,Nerve,dominant,plotted,Four-panel SuSiE / SuSiE-mix comparison created,1,L1,1,1074,chr15_66335489_C_T_b38_C,chr15_66335489_C_T_b38_C,additive,0.0231195726311211,119,Single credible-set lead,311,40,3,TRUE,Same lead SNP; coding change only: additive -> dominant,-457.548147252999,-457.299400267846,0.497493970305982,1,L1,1,5578,chr15_66335489_C_T_b38_C__dominant,chr15_66335489_C_T_b38_C,dominant,0.0141196159658312,234,311,40,3,/project2/mstephens/wdenault/susie_mix/plot/one_cs_dominant/TIPIN_Nerve_add_vs_mix.png
TIPIN,Muscle,dominant,plotted,Four-panel SuSiE / SuSiE-mix comparison created,1,L1,1,1198,chr15_66398152_C_T_b38_C,chr15_66398152_C_T_b38_C,additive,0.0285254081354364,130,Single credible-set lead,412,64,1,FALSE,Different lead SNP; coding change: additive -> dominant,-645.404062455507,-644.274890564978,2.25834378105787,1,L1,1,5712,chr15_66361927_C_T_b38_C__dominant,chr15_66361927_C_T_b38_C,dominant,0.00655054892763229,245,408,67,2,/project2/mstephens/wdenault/susie_mix/plot/one_cs_dominant/TIPIN_Muscle_add_vs_mix.png
TIPIN,Breast,dominant,plotted,Four-panel SuSiE / SuSiE-mix comparison created,1,L1,1,1226,chr15_66412111_G_A_b38_G,chr15_66412111_G_A_b38_G,additive,0.0238518943229957,127,Single credible-set lead,240,27,2,TRUE,Same lead SNP; coding change only: additive -> dominant,-355.897501529166,-355.704869914351,0.385263229631164,1,L1,1,5587,chr15_66412111_G_A_b38_G__dominant,chr15_66412111_G_A_b38_G,dominant,0.014329127410706,251,240,27,2,/project2/mstephens/wdenault/susie_mix/plot/one_cs_dominant/TIPIN_Breast_add_vs_mix.png
TIPIN,Heart,dominant,plotted,Four-panel SuSiE / SuSiE-mix comparison created,1,L1,1,1126,chr15_66366779_A_G_b38_A,chr15_66366779_A_G_b38_A,additive,0.0267853776995806,132,Single credible-set lead,284,45,2,FALSE,Different lead SNP; coding change: additive -> dominant,-446.123156435322,-445.550614212228,1.14508444618627,1,L1,1,5470,chr15_66306171_C_T_b38_C__dominant,chr15_66306171_C_T_b38_C,dominant,0.0176132173122732,253,283,45,3,/project2/mstephens/wdenault/susie_mix/plot/one_cs_dominant/TIPIN_Heart_add_vs_mix.png
TIPIN,Stomach,dominant,plotted,Four-panel SuSiE / SuSiE-mix comparison created,1,L1,1,1404,chr15_66498152_A_G_b38_A,chr15_66498152_A_G_b38_A,additive,0.0128156365152673,124,Single credible-set lead,163,26,0,FALSE,Different lead SNP; coding change: additive -> dominant,-250.202432534164,-249.880804958842,0.64325515064337,1,L1,1,5144,chr15_66361927_C_T_b38_C__dominant,chr15_66361927_C_T_b38_C,dominant,0.00492861265146416,244,162,26,1,/project2/mstephens/wdenault/susie_mix/plot/one_cs_dominant/TIPIN_Stomach_add_vs_mix.png
TIPIN,Skin,dominant,plotted,Four-panel SuSiE / SuSiE-mix comparison created,1,L1,1,1404,chr15_66498152_A_G_b38_A,chr15_66498152_A_G_b38_A,additive,0.0119077578818904,126,Single credible-set lead,453,66,3,FALSE,Different lead SNP; coding change: additive -> dominant,-722.79386081736,-722.761098579741,0.0655244752390445,1,L1,1,5878,chr15_66428866_G_A_b38_G__dominant,chr15_66428866_G_A_b38_G,dominant,0.00655408841754279,250,454,64,4,/project2/mstephens/wdenault/susie_mix/plot/one_cs_dominant/TIPIN_Skin_add_vs_mix.png
TIPIN,Esophagus,dominant,plotted,Four-panel SuSiE / SuSiE-mix comparison created,1,L1,1,1116,chr15_66361927_C_T_b38_C,chr15_66361927_C_T_b38_C,additive,0.123630804054102,133,Single credible-set lead,349,61,2,TRUE,Same lead SNP; coding change only: additive -> dominant,-569.124254323761,-568.613710084319,1.02108847888348,1,L1,1,5613,chr15_66361927_C_T_b38_C__dominant,chr15_66361927_C_T_b38_C,dominant,0.0943458424839612,255,349,61,2,/project2/mstephens/wdenault/susie_mix/plot/one_cs_dominant/TIPIN_Esophagus_add_vs_mix.png
SPINK5,Thyroid,dominant,plotted,Four-panel SuSiE / SuSiE-mix comparison created,1,L1,1,1059,chr5_148040461_A_G_b38_A,chr5_148040461_A_G_b38_A,additive,0.382820473399054,10,Single credible-set lead,131,181,78,TRUE,Same lead SNP; coding change only: additive -> dominant,-472.16569729343,-471.768839154718,0.793716277422732,1,L1,1,4664,chr5_148040461_A_G_b38_A__dominant,chr5_148040461_A_G_b38_A,dominant,0.265374503269504,18,131,181,78,/project2/mstephens/wdenault/susie_mix/plot/one_cs_dominant/SPINK5_Thyroid_add_vs_mix.png
SPINK5,Heart,dominant,plotted,Four-panel SuSiE / SuSiE-mix comparison created,1,L1,1,1010,chr5_148014061_C_T_b38_C,chr5_148014061_C_T_b38_C,additive,0.169217052032228,12,Single credible-set lead,109,156,66,FALSE,Different lead SNP; coding change: additive -> dominant,-410.707566338418,-399.816520119397,21.7820924380436,1,L1,1,4638,chr5_148047991_A_G_b38_A__dominant,chr5_148047991_A_G_b38_A,dominant,0.313270631555458,5,110,154,67,/project2/mstephens/wdenault/susie_mix/plot/one_cs_dominant/SPINK5_Heart_add_vs_mix.png
SPINK5,Breast,dominant,plotted,Four-panel SuSiE / SuSiE-mix comparison created,1,L1,1,1030,chr5_148025544_T_C_b38_T,chr5_148025544_T_C_b38_T,additive,0.0976744325084975,15,Single credible-set lead,91,122,56,FALSE,Different lead SNP; coding change: additive -> dominant,-355.036271750587,-354.051073486519,1.97039652813578,1,L1,1,4576,chr5_148047991_A_G_b38_A__dominant,chr5_148047991_A_G_b38_A,dominant,0.130795979067142,29,91,126,52,/project2/mstephens/wdenault/susie_mix/plot/one_cs_dominant/SPINK5_Breast_add_vs_mix.png
SPINK5,Small Intestine,dominant,plotted,Four-panel SuSiE / SuSiE-mix comparison created,1,L1,1,1154,chr5_148092655_C_A_b38_C,chr5_148092655_C_A_b38_C,additive,0.413350138064439,38,Single credible-set lead,39,59,17,FALSE,Different lead SNP; coding change: additive -> dominant,-145.429634735288,-145.191445280919,0.476378908736876,1,L1,1,4243,chr5_148065222_A_G_b38_A__dominant,chr5_148065222_A_G_b38_A,dominant,0.166787964248163,75,35,58,22,/project2/mstephens/wdenault/susie_mix/plot/one_cs_dominant/SPINK5_Small_Intestine_add_vs_mix.png
SPINK5,Pituitary,dominant,plotted,Four-panel SuSiE / SuSiE-mix comparison created,1,L1,1,1010,chr5_148014061_C_T_b38_C,chr5_148014061_C_T_b38_C,additive,0.118182933229467,38,Single credible-set lead,74,94,33,FALSE,Different lead SNP; coding change: additive -> dominant,-268.651394342533,-267.721863612026,1.85906146101388,1,L1,1,4460,chr5_148065561_A_G_b38_A__dominant,chr5_148065561_A_G_b38_A,dominant,0.079468921251502,65,84,91,26,/project2/mstephens/wdenault/susie_mix/plot/one_cs_dominant/SPINK5_Pituitary_add_vs_mix.png
TYW1B,Lung,dominant,plotted,Four-panel SuSiE / SuSiE-mix comparison created,1,L1,1,729,chr7_72723518_A_G_b38_A,chr7_72723518_A_G_b38_A,additive,0.184343765124518,15,Single credible-set lead,193,121,9,TRUE,Same lead SNP; coding change only: additive -> dominant,-377.061670848652,-374.5292099173,5.06492186270407,1,L1,1,2622,chr7_72723518_A_G_b38_A__dominant,chr7_72723518_A_G_b38_A,dominant,0.17475909365216,21,193,121,9,/project2/mstephens/wdenault/susie_mix/plot/one_cs_dominant/TYW1B_Lung_add_vs_mix.png
TYW1B,Liver,dominant,plotted,Four-panel SuSiE / SuSiE-mix comparison created,1,L1,1,775,chr7_72743715_A_G_b38_A,chr7_72743715_A_G_b38_A,additive,0.843782487366094,20,Single credible-set lead,87,47,6,FALSE,Different lead SNP; coding change: additive -> dominant,-141.847346411981,-140.793085872937,2.10852107808978,1,L1,1,2649,chr7_72811172_A_G_b38_A__dominant,chr7_72811172_A_G_b38_A,dominant,0.0485957860697539,33,86,47,7,/project2/mstephens/wdenault/susie_mix/plot/one_cs_dominant/TYW1B_Liver_add_vs_mix.png
TYW1B,Adrenal Gland,dominant,plotted,Four-panel SuSiE / SuSiE-mix comparison created,1,L1,1,728,chr7_72723022_A_G_b38_A,chr7_72723022_A_G_b38_A,additive,0.0660065835244796,24,Single credible-set lead,88,47,6,TRUE,Same lead SNP; coding change only: additive -> dominant,-143.259890800142,-142.809464124018,0.900853352248419,1,L1,1,2387,chr7_72723022_A_G_b38_A__dominant,chr7_72723022_A_G_b38_A,dominant,0.0455909862312113,40,88,47,6,/project2/mstephens/wdenault/susie_mix/plot/one_cs_dominant/TYW1B_Adrenal_Gland_add_vs_mix.png
TYW1B,Brain,dominant,plotted,Four-panel SuSiE / SuSiE-mix comparison created,1,L1,1,822,chr7_72764290_C_A_b38_C,chr7_72764290_C_A_b38_C,additive,0.0659836074990878,30,Single credible-set lead,157,89,11,TRUE,Same lead SNP; coding change only: additive -> dominant,-336.969647562133,-336.572862475501,0.793570173263902,1,L1,1,2654,chr7_72764290_C_A_b38_C__dominant,chr7_72764290_C_A_b38_C,dominant,0.0442208053010051,60,157,89,11,/project2/mstephens/wdenault/susie_mix/plot/one_cs_dominant/TYW1B_Brain_add_vs_mix.png
RPL3L,Pancreas,dominant,plotted,Four-panel SuSiE / SuSiE-mix comparison created,1,L1,1,1668,chr16_1954717_T_C_b38_T,chr16_1954717_T_C_b38_T,additive,0.999996379185312,1,Single credible-set lead,115,57,8,TRUE,Same lead SNP; coding change only: additive -> dominant,-173.425417764897,-173.400765184407,0.0493051609805661,1,L1,1,5917,chr16_1954717_T_C_b38_T__dominant,chr16_1954717_T_C_b38_T,dominant,0.51335225900159,2,115,57,8,/project2/mstephens/wdenault/susie_mix/plot/one_cs_dominant/RPL3L_Pancreas_add_vs_mix.png
ZNF660,Nerve,dominant,plotted,Four-panel SuSiE / SuSiE-mix comparison created,1,L1,1,836,chr3_44681856_A_C_b38_A,chr3_44681856_A_C_b38_A,additive,0.42825210630124,6,Single credible-set lead,260,87,7,TRUE,Same lead SNP; coding change only: additive -> dominant,-421.757745283935,-417.642680426832,8.23012971420621,1,L1,1,3342,chr3_44681856_A_C_b38_A__dominant,chr3_44681856_A_C_b38_A,dominant,0.549071176564354,6,260,87,7,/project2/mstephens/wdenault/susie_mix/plot/one_cs_dominant/ZNF660_Nerve_add_vs_mix.png
ZNF660,Heart,dominant,plotted,Four-panel SuSiE / SuSiE-mix comparison created,1,L1,1,833,chr3_44678306_G_A_b38_G,chr3_44678306_G_A_b38_G,additive,0.192480572079831,18,Single credible-set lead,239,85,7,TRUE,Same lead SNP; coding change only: additive -> dominant,-441.750706780549,-439.136818188581,5.22777718393513,1,L1,1,3333,chr3_44678306_G_A_b38_G__dominant,chr3_44678306_G_A_b38_G,dominant,0.178112143391319,21,239,85,7,/project2/mstephens/wdenault/susie_mix/plot/one_cs_dominant/ZNF660_Heart_add_vs_mix.png
ZNF660,Breast,dominant,plotted,Four-panel SuSiE / SuSiE-mix comparison created,1,L1,1,762,chr3_44590720_G_T_b38_G,chr3_44590720_G_T_b38_G,additive,0.221966373522001,36,Single credible-set lead,188,72,9,TRUE,Same lead SNP; coding change only: additive -> dominant,-354.439866302018,-352.743374819618,3.39298296480115,1,L1,1,3206,chr3_44590720_G_T_b38_G__dominant,chr3_44590720_G_T_b38_G,dominant,0.224603502195471,53,188,72,9,/project2/mstephens/wdenault/susie_mix/plot/one_cs_dominant/ZNF660_Breast_add_vs_mix.png
ZNF660,Lung,dominant,plotted,Four-panel SuSiE / SuSiE-mix comparison created,1,L1,1,535,chr3_44404368_C_T_b38_C,chr3_44404368_C_T_b38_C,additive,0.0506841810337938,37,Single credible-set lead,227,92,4,TRUE,Same lead SNP; coding change only: additive -> dominant,-430.668710531648,-430.158338768803,1.02074352568843,1,L1,1,2965,chr3_44404368_C_T_b38_C__dominant,chr3_44404368_C_T_b38_C,dominant,0.0347460886762969,68,227,92,4,/project2/mstephens/wdenault/susie_mix/plot/one_cs_dominant/ZNF660_Lung_add_vs_mix.png
ZNF660,Ovary,dominant,plotted,Four-panel SuSiE / SuSiE-mix comparison created,1,L1,1,762,chr3_44590720_G_T_b38_G,chr3_44590720_G_T_b38_G,additive,0.0508494253390885,59,Single credible-set lead,69,34,3,TRUE,Same lead SNP; coding change only: additive -> dominant,-130.497338022764,-129.866424119281,1.26182780696445,1,L1,1,2946,chr3_44590720_G_T_b38_G__dominant,chr3_44590720_G_T_b38_G,dominant,0.0433197581923771,104,69,34,3,/project2/mstephens/wdenault/susie_mix/plot/one_cs_dominant/ZNF660_Ovary_add_vs_mix.png
ZNF660,Uterus,dominant,plotted,Four-panel SuSiE / SuSiE-mix comparison created,1,L1,1,762,chr3_44590720_G_T_b38_G,chr3_44590720_G_T_b38_G,additive,0.132057309224752,39,Single credible-set lead,53,23,2,TRUE,Same lead SNP; coding change only: additive -> dominant,-93.0614665121985,-92.2444650512797,1.63400292183758,1,L1,1,2860,chr3_44590720_G_T_b38_G__dominant,chr3_44590720_G_T_b38_G,dominant,0.106343026750407,66,53,23,2,/project2/mstephens/wdenault/susie_mix/plot/one_cs_dominant/ZNF660_Uterus_add_vs_mix.png
ZNF660,Skin,dominant,plotted,Four-panel SuSiE / SuSiE-mix comparison created,1,L1,1,828,chr3_44667574_C_T_b38_C,chr3_44667574_C_T_b38_C,additive,0.236460100555526,34,Single credible-set lead,380,128,14,TRUE,Same lead SNP; coding change only: additive -> dominant,-725.604030277478,-725.276636361153,0.654787832650982,1,L1,1,3389,chr3_44667574_C_T_b38_C__dominant,chr3_44667574_C_T_b38_C,dominant,0.215051368121325,63,380,128,14,/project2/mstephens/wdenault/susie_mix/plot/one_cs_dominant/ZNF660_Skin_add_vs_mix.png
CLEC12B,Blood,dominant,plotted,Four-panel SuSiE / SuSiE-mix comparison created,1,L1,1,1077,chr12_9965254_T_C_b38_T,chr12_9965254_T_C_b38_T,additive,0.0981222668347829,12,Single credible-set lead,227,180,28,TRUE,Same lead SNP; coding change only: additive -> dominant,-536.711550377351,-536.690392654718,0.0423154452655581,1,L1,1,5680,chr12_9965254_T_C_b38_T__dominant,chr12_9965254_T_C_b38_T,dominant,0.0564747749158375,24,227,180,28,/project2/mstephens/wdenault/susie_mix/plot/one_cs_dominant/CLEC12B_Blood_add_vs_mix.png
SULT1A2,Blood,dominant,plotted,Four-panel SuSiE / SuSiE-mix comparison created,1,L1,1,476,chr16_28603413_T_C_b38_T,chr16_28603413_T_C_b38_T,additive,0.135289142140795,29,Single credible-set lead,177,199,59,TRUE,Same lead SNP; coding change only: additive -> dominant,-538.020838872486,-528.735133993753,18.5714097574676,1,L1,1,2070,chr16_28603413_T_C_b38_T__dominant,chr16_28603413_T_C_b38_T,dominant,0.432791959184853,23,177,199,59,/project2/mstephens/wdenault/susie_mix/plot/one_cs_dominant/SULT1A2_Blood_add_vs_mix.png
PRKCZ,Thyroid,dominant,plotted,Four-panel SuSiE / SuSiE-mix comparison created,1,L1,1,973,chr1_2061538_G_T_b38_G,chr1_2061538_G_T_b38_G,additive,0.99999998123089,1,Single credible-set lead,242,136,12,TRUE,Same lead SNP; coding change only: additive -> dominant,-473.642829076448,-472.709878756293,1.86590064030838,1,L1,1,4895,chr1_2061538_G_T_b38_G__dominant,chr1_2061538_G_T_b38_G,dominant,0.77090360606934,2,242,136,12,/project2/mstephens/wdenault/susie_mix/plot/one_cs_dominant/PRKCZ_Thyroid_add_vs_mix.png
C1QL4,Thyroid,dominant,plotted,Four-panel SuSiE / SuSiE-mix comparison created,1,L1,1,696,chr12_49332543_A_G_b38_A,chr12_49332543_A_G_b38_A,additive,0.717568159787274,2,Single credible-set lead,299,86,5,FALSE,Different lead SNP; coding change: additive -> dominant,-477.212167811346,-476.622156801405,1.18002201988134,1,L1,1,2916,chr12_49332934_C_T_b38_C__dominant,chr12_49332934_C_T_b38_C,dominant,0.414495379448339,4,297,87,6,/project2/mstephens/wdenault/susie_mix/plot/one_cs_dominant/C1QL4_Thyroid_add_vs_mix.png
FGFBP2,Testis,dominant,plotted,Four-panel SuSiE / SuSiE-mix comparison created,1,L1,1,1029,chr4_15963140_C_T_b38_C,chr4_15963140_C_T_b38_C,additive,0.498194834120726,2,Single credible-set lead,99,88,24,TRUE,Same lead SNP; coding change only: additive -> dominant,-222.936744484971,-214.368486048654,17.1365168726351,1,L1,1,5071,chr4_15963140_C_T_b38_C__dominant,chr4_15963140_C_T_b38_C,dominant,0.499900983571032,2,99,88,24,/project2/mstephens/wdenault/susie_mix/plot/one_cs_dominant/FGFBP2_Testis_add_vs_mix.png
AP3B2,Nerve,dominant,plotted,Four-panel SuSiE / SuSiE-mix comparison created,1,L1,1,801,chr15_82729563_C_T_b38_C,chr15_82729563_C_T_b38_C,additive,0.999454412809627,1,Single credible-set lead,226,116,12,TRUE,Same lead SNP; coding change only: additive -> dominant,-426.893164293624,-426.820406301708,0.145515983832411,1,L1,1,3317,chr15_82729563_C_T_b38_C__dominant,chr15_82729563_C_T_b38_C,dominant,0.534818490764312,2,226,116,12,/project2/mstephens/wdenault/susie_mix/plot/one_cs_dominant/AP3B2_Nerve_add_vs_mix.png
AP3B2,Skin,dominant,plotted,Four-panel SuSiE / SuSiE-mix comparison created,1,L1,1,561,chr15_82559444_T_C_b38_T,chr15_82559444_T_C_b38_T,additive,0.474289199073904,5,Single credible-set lead,319,169,34,FALSE,Different lead SNP; coding change: additive -> dominant,-697.949972173159,-697.837389872823,0.225164600670496,1,L1,1,3193,chr15_82546384_C_T_b38_C__dominant,chr15_82546384_C_T_b38_C,dominant,0.351210819017101,8,320,170,32,/project2/mstephens/wdenault/susie_mix/plot/one_cs_dominant/AP3B2_Skin_add_vs_mix.png
AP3B2,Blood,dominant,plotted,Four-panel SuSiE / SuSiE-mix comparison created,1,L1,1,801,chr15_82729563_C_T_b38_C,chr15_82729563_C_T_b38_C,additive,0.331013558979228,6,Single credible-set lead,270,143,22,TRUE,Same lead SNP; coding change only: additive -> dominant,-594.669869842837,-593.341575021859,2.65658964195609,1,L1,1,3405,chr15_82729563_C_T_b38_C__dominant,chr15_82729563_C_T_b38_C,dominant,0.342420546093732,9,270,143,22,/project2/mstephens/wdenault/susie_mix/plot/one_cs_dominant/AP3B2_Blood_add_vs_mix.png
AP3B2,Spleen,dominant,plotted,Four-panel SuSiE / SuSiE-mix comparison created,1,L1,1,779,chr15_82708330_T_A_b38_T,chr15_82708330_T_A_b38_T,additive,0.188875140809296,28,Single credible-set lead,89,48,9,TRUE,Same lead SNP; coding change only: additive -> dominant,-191.958687194303,-191.490084374969,0.93720563866782,1,L1,1,3125,chr15_82708330_T_A_b38_T__dominant,chr15_82708330_T_A_b38_T,dominant,0.0857051776691669,69,89,48,9,/project2/mstephens/wdenault/susie_mix/plot/one_cs_dominant/AP3B2_Spleen_add_vs_mix.png
DEFB1,Adipose Tissue,dominant,plotted,Four-panel SuSiE / SuSiE-mix comparison created,1,L1,1,1983,chr8_6872924_A_G_b38_A,chr8_6872924_A_G_b38_A,additive,0.0556497775259335,28,Single credible-set lead,307,146,17,FALSE,Different lead SNP; coding change: additive -> dominant,-592.146933551747,-589.353273356205,5.58732039108281,1,L1,1,8019,chr8_6874229_C_A_b38_C__dominant,chr8_6874229_C_A_b38_C,dominant,0.0407406186226666,38,313,140,17,/project2/mstephens/wdenault/susie_mix/plot/one_cs_dominant/DEFB1_Adipose_Tissue_add_vs_mix.png
DEFB1,Breast,dominant,plotted,Four-panel SuSiE / SuSiE-mix comparison created,1,L1,1,1940,chr8_6868159_A_G_b38_A,chr8_6868159_A_G_b38_A,additive,0.0437795425774683,45,Single credible-set lead,67,136,66,FALSE,Different lead SNP; coding change: additive -> dominant,-366.031596576237,-365.800714393498,0.461764365476711,1,L1,1,7667,chr8_6869092_T_G_b38_T__dominant,chr8_6869092_T_G_b38_T,dominant,0.0273796718325413,86,175,84,10,/project2/mstephens/wdenault/susie_mix/plot/one_cs_dominant/DEFB1_Breast_add_vs_mix.png
C4BPA,Blood,dominant,plotted,Four-panel SuSiE / SuSiE-mix comparison created,1,L1,1,732,chr1_207107419_C_T_b38_C,chr1_207107419_C_T_b38_C,additive,0.993145992124978,1,Single credible-set lead,354,73,8,TRUE,Same lead SNP; coding change only: additive -> dominant,-540.272273687722,-539.190038150684,2.16447107407498,1,L1,1,3401,chr1_207107419_C_T_b38_C__dominant,chr1_207107419_C_T_b38_C,dominant,0.790361243421913,2,354,73,8,/project2/mstephens/wdenault/susie_mix/plot/one_cs_dominant/C4BPA_Blood_add_vs_mix.png
CCDC82,Blood Vessel,dominant,plotted,Four-panel SuSiE / SuSiE-mix comparison created,1,L1,1,1021,chr11_96364768_C_T_b38_C,chr11_96364768_C_T_b38_C,additive,0.779437393271226,2,Single credible-set lead,346,94,10,TRUE,Same lead SNP; coding change only: additive -> dominant,-564.599510221235,-564.047894430646,1.10323158117808,1,L1,1,4935,chr11_96364768_C_T_b38_C__dominant,chr11_96364768_C_T_b38_C,dominant,0.568380381878556,4,346,94,10,/project2/mstephens/wdenault/susie_mix/plot/one_cs_dominant/CCDC82_Blood_Vessel_add_vs_mix.png
CCDC82,Nerve,dominant,plotted,Four-panel SuSiE / SuSiE-mix comparison created,1,L1,1,1047,chr11_96388691_C_T_b38_C,chr11_96388691_C_T_b38_C,additive,0.75497473912409,3,Single credible-set lead,272,75,7,TRUE,Same lead SNP; coding change only: additive -> dominant,-436.774456080119,-433.725277033719,6.0983580928015,1,L1,1,4889,chr11_96388691_C_T_b38_C__dominant,chr11_96388691_C_T_b38_C,dominant,0.657117243332317,3,272,75,7,/project2/mstephens/wdenault/susie_mix/plot/one_cs_dominant/CCDC82_Nerve_add_vs_mix.png
CCDC82,Liver,dominant,plotted,Four-panel SuSiE / SuSiE-mix comparison created,1,L1,1,1040,chr11_96374941_A_G_b38_A,chr11_96374941_A_G_b38_A,additive,0.509240560135501,7,Single credible-set lead,106,32,2,TRUE,Same lead SNP; coding change only: additive -> dominant,-181.46112602609,-181.032785972729,0.856680106723047,1,L1,1,4648,chr11_96374941_A_G_b38_A__dominant,chr11_96374941_A_G_b38_A,dominant,0.354932555250948,19,106,32,2,/project2/mstephens/wdenault/susie_mix/plot/one_cs_dominant/CCDC82_Liver_add_vs_mix.png
CCDC82,Uterus,dominant,plotted,Four-panel SuSiE / SuSiE-mix comparison created,1,L1,1,1016,chr11_96364768_C_T_b38_C,chr11_96364768_C_T_b38_C,additive,0.227188217511953,17,Single credible-set lead,62,14,2,TRUE,Same lead SNP; coding change only: additive -> dominant,-96.0207849097912,-95.6808158345735,0.679938150435305,1,L1,1,4158,chr11_96364768_C_T_b38_C__dominant,chr11_96364768_C_T_b38_C,dominant,0.141027077610471,22,62,14,2,/project2/mstephens/wdenault/susie_mix/plot/one_cs_dominant/CCDC82_Uterus_add_vs_mix.png
KNOP1,Adipose Tissue,dominant,plotted,Four-panel SuSiE / SuSiE-mix comparison created,1,L1,1,1305,chr16_19698429_C_T_b38_C,chr16_19698429_C_T_b38_C,additive,0.241062345680469,4,Single credible-set lead,329,127,14,TRUE,Same lead SNP; coding change only: additive -> dominant,-593.216161592913,-592.192304694595,2.04771379663657,1,L1,1,5344,chr16_19698429_C_T_b38_C__dominant,chr16_19698429_C_T_b38_C,dominant,0.189990862135069,8,329,127,14,/project2/mstephens/wdenault/susie_mix/plot/one_cs_dominant/KNOP1_Adipose_Tissue_add_vs_mix.png
KNOP1,Pituitary,dominant,plotted,Four-panel SuSiE / SuSiE-mix comparison created,1,L1,1,1305,chr16_19698429_C_T_b38_C,chr16_19698429_C_T_b38_C,additive,0.129837509248295,18,Single credible-set lead,149,47,5,TRUE,Same lead SNP; coding change only: additive -> dominant,-233.710758806268,-230.694896336505,6.03172493952593,1,L1,1,4934,chr16_19698429_C_T_b38_C__dominant,chr16_19698429_C_T_b38_C,dominant,0.131773272056267,19,149,47,5,/project2/mstephens/wdenault/susie_mix/plot/one_cs_dominant/KNOP1_Pituitary_add_vs_mix.png
KNOP1,Heart,dominant,plotted,Four-panel SuSiE / SuSiE-mix comparison created,1,L1,1,1305,chr16_19698429_C_T_b38_C,chr16_19698429_C_T_b38_C,additive,0.238713061777276,4,Single credible-set lead,237,85,9,TRUE,Same lead SNP; coding change only: additive -> dominant,-419.438576139547,-418.687480451779,1.50219137553472,1,L1,1,5220,chr16_19698429_C_T_b38_C__dominant,chr16_19698429_C_T_b38_C,dominant,0.17592095894386,8,237,85,9,/project2/mstephens/wdenault/susie_mix/plot/one_cs_dominant/KNOP1_Heart_add_vs_mix.png
KNOP1,Breast,dominant,plotted,Four-panel SuSiE / SuSiE-mix comparison created,1,L1,1,1328,chr16_19716676_A_G_b38_A,chr16_19716676_A_G_b38_A,additive,0.239773915384753,42,Single credible-set lead,175,76,18,FALSE,Different lead SNP; coding change: additive -> dominant,-350.221202843803,-347.170270528932,6.1018646297415,1,L1,1,5275,chr16_19803906_C_T_b38_C__dominant,chr16_19803906_C_T_b38_C,dominant,0.322068121072802,49,171,73,25,/project2/mstephens/wdenault/susie_mix/plot/one_cs_dominant/KNOP1_Breast_add_vs_mix.png
KNOP1,Brain,dominant,plotted,Four-panel SuSiE / SuSiE-mix comparison created,1,L1,1,1310,chr16_19701994_C_T_b38_C,chr16_19701994_C_T_b38_C,additive,0.112557445939678,32,Single credible-set lead,184,62,11,TRUE,Same lead SNP; coding change only: additive -> dominant,-345.407308949488,-342.877581952892,5.05945399319126,1,L1,1,5078,chr16_19701994_C_T_b38_C__dominant,chr16_19701994_C_T_b38_C,dominant,0.103432429878342,53,184,62,11,/project2/mstephens/wdenault/susie_mix/plot/one_cs_dominant/KNOP1_Brain_add_vs_mix.png
KNOP1,Colon,dominant,plotted,Four-panel SuSiE / SuSiE-mix comparison created,1,L1,1,1363,chr16_19771331_A_G_b38_A,chr16_19771331_A_G_b38_A,additive,0.0720592128681795,47,Single credible-set lead,228,94,10,FALSE,Different lead SNP; coding change: additive -> dominant,-452.519830985768,-452.360614302924,0.318433365686929,1,L1,1,5230,chr16_19703581_A_G_b38_A__dominant,chr16_19703581_A_G_b38_A,dominant,0.0713111958916922,83,213,101,18,/project2/mstephens/wdenault/susie_mix/plot/one_cs_dominant/KNOP1_Colon_add_vs_mix.png
CD22,Pituitary,dominant,plotted,Four-panel SuSiE / SuSiE-mix comparison created,1,L1,1,1321,chr19_35309759_G_T_b38_G,chr19_35309759_G_T_b38_G,additive,0.99980251550998,1,Single credible-set lead,133,61,7,TRUE,Same lead SNP; coding change only: additive -> dominant,-211.604765372647,-210.036011080462,3.1375085843693,1,L1,1,5415,chr19_35309759_G_T_b38_G__dominant,chr19_35309759_G_T_b38_G,dominant,0.86205627783853,2,133,61,7,/project2/mstephens/wdenault/susie_mix/plot/one_cs_dominant/CD22_Pituitary_add_vs_mix.png
CD22,Colon,dominant,plotted,Four-panel SuSiE / SuSiE-mix comparison created,1,L1,1,1321,chr19_35309759_G_T_b38_G,chr19_35309759_G_T_b38_G,additive,0.997134818601888,1,Single credible-set lead,229,89,14,TRUE,Same lead SNP; coding change only: additive -> dominant,-445.81893038952,-443.910625148387,3.81661048226601,1,L1,1,5589,chr19_35309759_G_T_b38_G__dominant,chr19_35309759_G_T_b38_G,dominant,0.892674182684312,2,229,89,14,/project2/mstephens/wdenault/susie_mix/plot/one_cs_dominant/CD22_Colon_add_vs_mix.png
CD22,Uterus,dominant,plotted,Four-panel SuSiE / SuSiE-mix comparison created,1,L1,1,1314,chr19_35309759_G_T_b38_G,chr19_35309759_G_T_b38_G,additive,0.996962427950427,1,Single credible-set lead,57,18,3,TRUE,Same lead SNP; coding change only: additive -> dominant,-85.4980386248825,-83.5668862008163,3.86230484813228,1,L1,1,4871,chr19_35309759_G_T_b38_G__dominant,chr19_35309759_G_T_b38_G,dominant,0.896609881328041,2,57,18,3,/project2/mstephens/wdenault/susie_mix/plot/one_cs_dominant/CD22_Uterus_add_vs_mix.png
CD22,Breast,dominant,plotted,Four-panel SuSiE / SuSiE-mix comparison created,1,L1,1,1321,chr19_35309759_G_T_b38_G,chr19_35309759_G_T_b38_G,additive,0.915967056157926,2,Single credible-set lead,181,77,11,TRUE,Same lead SNP; coding change only: additive -> dominant,-360.444889907386,-354.784956040045,11.3198677346833,1,L1,1,5529,chr19_35309759_G_T_b38_G__dominant,chr19_35309759_G_T_b38_G,dominant,0.983304062109704,1,181,77,11,/project2/mstephens/wdenault/susie_mix/plot/one_cs_dominant/CD22_Breast_add_vs_mix.png
CD22,Prostate,dominant,plotted,Four-panel SuSiE / SuSiE-mix comparison created,1,L1,1,1321,chr19_35309759_G_T_b38_G,chr19_35309759_G_T_b38_G,additive,0.767289675094519,4,Single credible-set lead,94,42,7,TRUE,Same lead SNP; coding change only: additive -> dominant,-187.4914293455,-186.524593247438,1.93367219612446,1,L1,1,5258,chr19_35309759_G_T_b38_G__dominant,chr19_35309759_G_T_b38_G,dominant,0.643644653057593,6,94,42,7,/project2/mstephens/wdenault/susie_mix/plot/one_cs_dominant/CD22_Prostate_add_vs_mix.png
ACCS,Blood,dominant,plotted,Four-panel SuSiE / SuSiE-mix comparison created,1,L1,1,1116,chr11_44066439_G_T_b38_G,chr11_44066439_G_T_b38_G,additive,0.999999999999758,1,Single credible-set lead,351,79,5,TRUE,Same lead SNP; coding change only: additive -> dominant,-545.235774264241,-544.373915399589,1.72371772930478,1,L1,1,4943,chr11_44066439_G_T_b38_G__dominant,chr11_44066439_G_T_b38_G,dominant,0.766231973832298,2,351,79,5,/project2/mstephens/wdenault/susie_mix/plot/one_cs_dominant/ACCS_Blood_add_vs_mix.png
ZNF334,Blood Vessel,dominant,plotted,Four-panel SuSiE / SuSiE-mix comparison created,1,L1,1,746,chr20_46496443_T_G_b38_T,chr20_46496443_T_G_b38_T,additive,0.735935684994016,7,Single credible-set lead,286,146,18,TRUE,Same lead SNP; coding change only: additive -> dominant,-567.524191688594,-567.378222363768,0.291938649650547,1,L1,1,4082,chr20_46496443_T_G_b38_T__dominant,chr20_46496443_T_G_b38_T,dominant,0.410464077052014,14,286,146,18,/project2/mstephens/wdenault/susie_mix/plot/one_cs_dominant/ZNF334_Blood_Vessel_add_vs_mix.png
ZNF334,Liver,dominant,plotted,Four-panel SuSiE / SuSiE-mix comparison created,1,L1,1,776,chr20_46523829_C_A_b38_C,chr20_46523829_C_A_b38_C,additive,0.148237909649308,18,Single credible-set lead,86,49,5,FALSE,Different lead SNP; coding change: additive -> dominant,-176.846547095559,-175.874135429591,1.94482333193605,1,L1,1,3657,chr20_46505128_C_T_b38_C__dominant,chr20_46505128_C_T_b38_C,dominant,0.0746819143450783,33,86,48,6,/project2/mstephens/wdenault/susie_mix/plot/one_cs_dominant/ZNF334_Liver_add_vs_mix.png
ZNF334,Breast,dominant,plotted,Four-panel SuSiE / SuSiE-mix comparison created,1,L1,1,751,chr20_46505128_C_T_b38_C,chr20_46505128_C_T_b38_C,additive,0.100751526434131,12,Single credible-set lead,166,92,11,FALSE,Different lead SNP; coding change: additive -> dominant,-362.672929006847,-360.157090856641,5.03167630041321,1,L1,1,3905,chr20_46496443_T_G_b38_T__dominant,chr20_46496443_T_G_b38_T,dominant,0.0959408997048757,18,166,93,10,/project2/mstephens/wdenault/susie_mix/plot/one_cs_dominant/ZNF334_Breast_add_vs_mix.png
ZNF334,Adrenal Gland,dominant,plotted,Four-panel SuSiE / SuSiE-mix comparison created,1,L1,1,770,chr20_46518622_T_A_b38_T,chr20_46518622_T_A_b38_T,additive,0.15717257489285,13,Single credible-set lead,86,49,6,TRUE,Same lead SNP; coding change only: additive -> dominant,-182.566861471747,-182.603077472785,-0.0724320020766527,1,L1,1,3730,chr20_46518622_T_A_b38_T__dominant,chr20_46518622_T_A_b38_T,dominant,0.100522929622173,26,86,49,6,/project2/mstephens/wdenault/susie_mix/plot/one_cs_dominant/ZNF334_Adrenal_Gland_add_vs_mix.png
FADS2,Blood,dominant,plotted,Four-panel SuSiE / SuSiE-mix comparison created,1,L1,1,421,chr11_61788567_A_C_b38_A,chr11_61788567_A_C_b38_A,additive,0.971041817047006,1,Single credible-set lead,305,122,8,TRUE,Same lead SNP; coding change only: additive -> dominant,-546.566755106273,-541.644965059551,9.84358009344419,1,L1,1,3383,chr11_61788567_A_C_b38_A__dominant,chr11_61788567_A_C_b38_A,dominant,0.974584657333837,1,305,122,8,/project2/mstephens/wdenault/susie_mix/plot/one_cs_dominant/FADS2_Blood_add_vs_mix.png
FADS2,Spleen,dominant,plotted,Four-panel SuSiE / SuSiE-mix comparison created,1,L1,1,421,chr11_61788567_A_C_b38_A,chr11_61788567_A_C_b38_A,additive,0.332504747786192,3,Single credible-set lead,110,33,3,TRUE,Same lead SNP; coding change only: additive -> dominant,-162.628046240891,-162.264796911184,0.726498659413664,1,L1,1,3085,chr11_61788567_A_C_b38_A__dominant,chr11_61788567_A_C_b38_A,dominant,0.212373015760704,6,110,33,3,/project2/mstephens/wdenault/susie_mix/plot/one_cs_dominant/FADS2_Spleen_add_vs_mix.png
FADS2,Adipose Tissue,dominant,plotted,Four-panel SuSiE / SuSiE-mix comparison created,1,L1,1,421,chr11_61788567_A_C_b38_A,chr11_61788567_A_C_b38_A,additive,0.307334908939814,10,Single credible-set lead,334,128,8,TRUE,Same lead SNP; coding change only: additive -> dominant,-650.125484762797,-648.680499358586,2.88997080842114,1,L1,1,3444,chr11_61788567_A_C_b38_A__dominant,chr11_61788567_A_C_b38_A,dominant,0.21777588168667,16,334,128,8,/project2/mstephens/wdenault/susie_mix/plot/one_cs_dominant/FADS2_Adipose_Tissue_add_vs_mix.png
ABCC6,Muscle,dominant,plotted,Four-panel SuSiE / SuSiE-mix comparison created,1,L1,1,1463,chr16_16223561_G_A_b38_G,chr16_16223561_G_A_b38_G,additive,0.999999999964841,1,Single credible-set lead,368,108,1,TRUE,Same lead SNP; coding change only: additive -> dominant,-607.76481542186,-606.430050929383,2.66952898495561,1,L1,1,4524,chr16_16223561_G_A_b38_G__dominant,chr16_16223561_G_A_b38_G,dominant,0.831562443587833,2,368,108,1,/project2/mstephens/wdenault/susie_mix/plot/one_cs_dominant/ABCC6_Muscle_add_vs_mix.png
ABCC6,Nerve,dominant,plotted,Four-panel SuSiE / SuSiE-mix comparison created,1,L1,1,1463,chr16_16223561_G_A_b38_G,chr16_16223561_G_A_b38_G,additive,0.99999999988994,1,Single credible-set lead,261,92,1,TRUE,Same lead SNP; coding change only: additive -> dominant,-433.714228486552,-432.680640178492,2.06717661612174,1,L1,1,4415,chr16_16223561_G_A_b38_G__dominant,chr16_16223561_G_A_b38_G,dominant,0.78688296280355,2,261,92,1,/project2/mstephens/wdenault/susie_mix/plot/one_cs_dominant/ABCC6_Nerve_add_vs_mix.png
ABCC6,Heart,dominant,plotted,Four-panel SuSiE / SuSiE-mix comparison created,1,L1,1,1463,chr16_16223561_G_A_b38_G,chr16_16223561_G_A_b38_G,additive,0.966059899097243,1,Single credible-set lead,254,76,1,TRUE,Same lead SNP; coding change only: additive -> dominant,-451.564688751256,-451.667144683436,-0.204911864360497,1,L1,1,4385,chr16_16223561_G_A_b38_G__dominant,chr16_16223561_G_A_b38_G,dominant,0.474155480951571,3,254,76,1,/project2/mstephens/wdenault/susie_mix/plot/one_cs_dominant/ABCC6_Heart_add_vs_mix.png
PMEL,Adipose Tissue,dominant,plotted,Four-panel SuSiE / SuSiE-mix comparison created,1,L1,1,744,chr12_55962775_A_G_b38_A,chr12_55962775_A_G_b38_A,additive,0.244059554064167,4,Single credible-set lead,406,61,3,TRUE,Same lead SNP; coding change only: additive -> dominant,-599.510178873748,-596.352144715094,6.31606831730801,1,L1,1,2737,chr12_55962775_A_G_b38_A__dominant,chr12_55962775_A_G_b38_A,dominant,0.238836088820478,4,406,61,3,/project2/mstephens/wdenault/susie_mix/plot/one_cs_dominant/PMEL_Adipose_Tissue_add_vs_mix.png
PMEL,Breast,dominant,plotted,Four-panel SuSiE / SuSiE-mix comparison created,1,L1,1,750,chr12_55967092_G_A_b38_G,chr12_55967092_G_A_b38_G,additive,0.499695352804577,6,Single credible-set lead,222,43,4,TRUE,Same lead SNP; coding change only: additive -> dominant,-361.313430680172,-360.336874725078,1.95311191018754,1,L1,1,2687,chr12_55967092_G_A_b38_G__dominant,chr12_55967092_G_A_b38_G,dominant,0.390077649198628,10,222,43,4,/project2/mstephens/wdenault/susie_mix/plot/one_cs_dominant/PMEL_Breast_add_vs_mix.png
PMEL,Small Intestine,dominant,plotted,Four-panel SuSiE / SuSiE-mix comparison created,1,L1,1,744,chr12_55962775_A_G_b38_A,chr12_55962775_A_G_b38_A,additive,0.21255296397908,5,Single credible-set lead,96,16,3,TRUE,Same lead SNP; coding change only: additive -> dominant,-144.308877889396,-143.713865169268,1.1900254402571,1,L1,1,2419,chr12_55962775_A_G_b38_A__dominant,chr12_55962775_A_G_b38_A,dominant,0.151298932018053,10,96,16,3,/project2/mstephens/wdenault/susie_mix/plot/one_cs_dominant/PMEL_Small_Intestine_add_vs_mix.png
HLA-DOB,Testis,dominant,plotted,Four-panel SuSiE / SuSiE-mix comparison created,1,L1,1,8970,chr6_32804110_C_T_b38_C,chr6_32804110_C_T_b38_C,additive,0.0362705429966194,57,Single credible-set lead,100,91,20,TRUE,Same lead SNP; coding change only: additive -> dominant,-233.594359974833,-224.174216339339,18.840287270988,1,L1,1,28811,chr6_32804110_C_T_b38_C__dominant,chr6_32804110_C_T_b38_C,dominant,0.0678137974260732,58,100,91,20,/project2/mstephens/wdenault/susie_mix/plot/one_cs_dominant/HLA-DOB_Testis_add_vs_mix.png
HLA-DOB,Thyroid,dominant,plotted,Four-panel SuSiE / SuSiE-mix comparison created,1,L1,1,9157,chr6_32829016_G_A_b38_G,chr6_32829016_G_A_b38_G,additive,0.996676435819596,1,Single credible-set lead,343,45,2,TRUE,Same lead SNP; coding change only: additive -> dominant,-518.123684162114,-517.961478894609,0.324410535011566,1,L1,1,30422,chr6_32829016_G_A_b38_G__dominant,chr6_32829016_G_A_b38_G,dominant,0.567981813324943,2,343,45,2,/project2/mstephens/wdenault/susie_mix/plot/one_cs_dominant/HLA-DOB_Thyroid_add_vs_mix.png
L3MBTL3,Thyroid,dominant,plotted,Four-panel SuSiE / SuSiE-mix comparison created,1,L1,1,1368,chr6_130053316_T_A_b38_T,chr6_130053316_T_A_b38_T,additive,0.999999916984594,1,Single credible-set lead,225,145,20,TRUE,Same lead SNP; coding change only: additive -> dominant,-487.971502350597,-487.914673326803,0.113658047588615,1,L1,1,5882,chr6_130053316_T_A_b38_T__dominant,chr6_130053316_T_A_b38_T,dominant,0.527641497253969,2,225,145,20,/project2/mstephens/wdenault/susie_mix/plot/one_cs_dominant/L3MBTL3_Thyroid_add_vs_mix.png
L3MBTL3,Pituitary,dominant,plotted,Four-panel SuSiE / SuSiE-mix comparison created,1,L1,1,1368,chr6_130053316_T_A_b38_T,chr6_130053316_T_A_b38_T,additive,0.996634873634958,1,Single credible-set lead,111,77,13,TRUE,Same lead SNP; coding change only: additive -> dominant,-255.397604999667,-255.126595726161,0.542018547010969,1,L1,1,5580,chr6_130053316_T_A_b38_T__dominant,chr6_130053316_T_A_b38_T,dominant,0.605915704145606,2,111,77,13,/project2/mstephens/wdenault/susie_mix/plot/one_cs_dominant/L3MBTL3_Pituitary_add_vs_mix.png
L3MBTL3,Prostate,dominant,plotted,Four-panel SuSiE / SuSiE-mix comparison created,1,L1,1,1368,chr6_130053316_T_A_b38_T,chr6_130053316_T_A_b38_T,additive,0.95808872295466,1,Single credible-set lead,86,50,7,TRUE,Same lead SNP; coding change only: additive -> dominant,-184.001618728221,-177.832247408082,12.3387426402769,1,L1,1,5332,chr6_130053316_T_A_b38_T__dominant,chr6_130053316_T_A_b38_T,dominant,0.994028451997284,1,86,50,7,/project2/mstephens/wdenault/susie_mix/plot/one_cs_dominant/L3MBTL3_Prostate_add_vs_mix.png
L3MBTL3,Pancreas,dominant,plotted,Four-panel SuSiE / SuSiE-mix comparison created,1,L1,1,1368,chr6_130053316_T_A_b38_T,chr6_130053316_T_A_b38_T,additive,0.468550305739439,42,Single credible-set lead,101,68,11,TRUE,Same lead SNP; coding change only: additive -> dominant,-241.862240899063,-236.933075045964,9.85833170619981,1,L1,1,5449,chr6_130053316_T_A_b38_T__dominant,chr6_130053316_T_A_b38_T,dominant,0.810761876266478,12,101,68,11,/project2/mstephens/wdenault/susie_mix/plot/one_cs_dominant/L3MBTL3_Pancreas_add_vs_mix.png
PKD2L1,Lung,dominant,plotted,Four-panel SuSiE / SuSiE-mix comparison created,1,L1,1,897,chr10_100339252_C_G_b38_C,chr10_100339252_C_G_b38_C,additive,0.46548879932073,5,Single credible-set lead,125,146,52,TRUE,Same lead SNP; coding change only: additive -> dominant,-394.22950547514,-392.164671453417,4.1296680434458,1,L1,1,3921,chr10_100339252_C_G_b38_C__dominant,chr10_100339252_C_G_b38_C,dominant,0.760686539548013,6,125,146,52,/project2/mstephens/wdenault/susie_mix/plot/one_cs_dominant/PKD2L1_Lung_add_vs_mix.png
SNX32,Colon,dominant,plotted,Four-panel SuSiE / SuSiE-mix comparison created,1,L1,1,708,chr11_65828226_G_A_b38_G,chr11_65828226_G_A_b38_G,additive,0.383005810051663,3,Single credible-set lead,228,95,9,FALSE,Different lead SNP; coding change: additive -> dominant,-407.208647843331,-406.189458504994,2.03837867667448,1,L1,1,3277,chr11_65895317_G_T_b38_G__dominant,chr11_65895317_G_T_b38_G,dominant,0.399218835780924,7,228,93,11,/project2/mstephens/wdenault/susie_mix/plot/one_cs_dominant/SNX32_Colon_add_vs_mix.png
PILRA,Breast,dominant,plotted,Four-panel SuSiE / SuSiE-mix comparison created,1,L1,1,572,chr7_100302845_T_C_b38_T,chr7_100302845_T_C_b38_T,additive,0.0727861991974206,38,Single credible-set lead,178,81,10,FALSE,Different lead SNP; coding change: additive -> dominant,-318.759577800399,-318.210312183079,1.09853123464165,1,L1,1,2760,chr7_100315523_G_T_b38_G__dominant,chr7_100315523_G_T_b38_G,dominant,0.0346617255803191,74,181,77,11,/project2/mstephens/wdenault/susie_mix/plot/one_cs_dominant/PILRA_Breast_add_vs_mix.png
PILRA,Ovary,dominant,plotted,Four-panel SuSiE / SuSiE-mix comparison created,1,L1,1,607,chr7_100341406_T_C_b38_T,chr7_100341406_T_C_b38_T,additive,0.0895826653839832,40,Single credible-set lead,68,34,4,TRUE,Same lead SNP; coding change only: additive -> dominant,-118.012390243867,-117.862583815637,0.299612856460044,1,L1,1,2546,chr7_100341406_T_C_b38_T__dominant,chr7_100341406_T_C_b38_T,dominant,0.0513508567107112,86,68,34,4,/project2/mstephens/wdenault/susie_mix/plot/one_cs_dominant/PILRA_Ovary_add_vs_mix.png
PILRA,Brain,dominant,plotted,Four-panel SuSiE / SuSiE-mix comparison created,1,L1,1,587,chr7_100324770_T_C_b38_T,chr7_100324770_T_C_b38_T,additive,0.319086181119486,88,Single credible-set lead,177,75,5,FALSE,Different lead SNP; coding change: additive -> dominant,-346.432355365625,-344.549408192943,3.76589434536436,1,L1,1,2827,chr7_100345660_A_G_b38_A__dominant,chr7_100345660_A_G_b38_A,dominant,0.0306371322092245,114,177,67,13,/project2/mstephens/wdenault/susie_mix/plot/one_cs_dominant/PILRA_Brain_add_vs_mix.png
NSA2,Adipose Tissue,dominant,plotted,Four-panel SuSiE / SuSiE-mix comparison created,1,L1,1,1321,chr5_74742980_C_A_b38_C,chr5_74742980_C_A_b38_C,additive,0.0658733263137056,29,Single credible-set lead,374,93,3,TRUE,Same lead SNP; coding change only: additive -> dominant,-603.917156143455,-600.397380037318,7.03955221227466,1,L1,1,5473,chr5_74742980_C_A_b38_C__dominant,chr5_74742980_C_A_b38_C,dominant,0.0723486382282249,35,374,93,3,/project2/mstephens/wdenault/susie_mix/plot/one_cs_dominant/NSA2_Adipose_Tissue_add_vs_mix.png
NSA2,Breast,dominant,plotted,Four-panel SuSiE / SuSiE-mix comparison created,1,L1,1,1320,chr5_74742164_C_T_b38_C,chr5_74742164_C_T_b38_C,additive,0.084012368901802,13,Single credible-set lead,208,58,3,TRUE,Same lead SNP; coding change only: additive -> dominant,-326.448721058559,-325.776209095185,1.34502392674835,1,L1,1,5284,chr5_74742164_C_T_b38_C__dominant,chr5_74742164_C_T_b38_C,dominant,0.0603849369508613,25,208,58,3,/project2/mstephens/wdenault/susie_mix/plot/one_cs_dominant/NSA2_Breast_add_vs_mix.png
NSA2,Colon,dominant,plotted,Four-panel SuSiE / SuSiE-mix comparison created,1,L1,1,1375,chr5_74774228_T_A_b38_T,chr5_74774228_T_A_b38_T,additive,0.0760650677322075,49,Single credible-set lead,256,71,5,TRUE,Same lead SNP; coding change only: additive -> dominant,-431.359184769409,-430.338127425082,2.04211468865515,1,L1,1,5445,chr5_74774228_T_A_b38_T__dominant,chr5_74774228_T_A_b38_T,dominant,0.0673936446602863,93,256,71,5,/project2/mstephens/wdenault/susie_mix/plot/one_cs_dominant/NSA2_Colon_add_vs_mix.png
NSA2,Brain,dominant,plotted,Four-panel SuSiE / SuSiE-mix comparison created,1,L1,1,1260,chr5_74706689_G_C_b38_G,chr5_74706689_G_C_b38_G,additive,0.0320973475738706,39,Single credible-set lead,202,53,2,FALSE,Different lead SNP; coding change: additive -> dominant,-337.200286476211,-337.378935821936,-0.357298691449614,1,L1,1,5230,chr5_74715991_T_G_b38_T__dominant,chr5_74715991_T_G_b38_T,dominant,0.0264618610616835,74,201,53,3,/project2/mstephens/wdenault/susie_mix/plot/one_cs_dominant/NSA2_Brain_add_vs_mix.png
NSA2,Spleen,dominant,plotted,Four-panel SuSiE / SuSiE-mix comparison created,1,L1,1,1373,chr5_74773486_A_T_b38_A,chr5_74773486_A_T_b38_A,additive,0.0806440095140404,43,Single credible-set lead,116,29,1,TRUE,Same lead SNP; coding change only: additive -> dominant,-187.623262423022,-187.013344337721,1.2198361706026,1,L1,1,4902,chr5_74773486_A_T_b38_A__dominant,chr5_74773486_A_T_b38_A,dominant,0.0659283379403564,68,116,29,1,/project2/mstephens/wdenault/susie_mix/plot/one_cs_dominant/NSA2_Spleen_add_vs_mix.png
HPSE2,Blood Vessel,dominant,plotted,Four-panel SuSiE / SuSiE-mix comparison created,1,L1,1,232,chr10_98942980_G_A_b38_G,chr10_98942980_G_A_b38_G,additive,0.0979084419010577,37,Single credible-set lead,353,88,9,TRUE,Same lead SNP; coding change only: additive -> dominant,-577.434443811262,-574.934185786497,5.00051604952932,1,L1,1,3693,chr10_98942980_G_A_b38_G__dominant,chr10_98942980_G_A_b38_G,dominant,0.131600611460653,55,353,88,9,/project2/mstephens/wdenault/susie_mix/plot/one_cs_dominant/HPSE2_Blood_Vessel_add_vs_mix.png
HPSE2,Lung,dominant,plotted,Four-panel SuSiE / SuSiE-mix comparison created,1,L1,1,303,chr10_98983970_T_G_b38_T,chr10_98983970_T_G_b38_T,additive,0.036648698117749,67,Single credible-set lead,255,61,7,TRUE,Same lead SNP; coding change only: additive -> dominant,-441.152940968666,-440.565223044109,1.17543584911311,1,L1,1,3573,chr10_98983970_T_G_b38_T__dominant,chr10_98983970_T_G_b38_T,dominant,0.0363869833566366,128,255,61,7,/project2/mstephens/wdenault/susie_mix/plot/one_cs_dominant/HPSE2_Lung_add_vs_mix.png
MAG,Spleen,dominant,plotted,Four-panel SuSiE / SuSiE-mix comparison created,1,L1,1,1353,chr19_35309759_G_T_b38_G,chr19_35309759_G_T_b38_G,additive,0.999999999999448,1,Single credible-set lead,102,39,5,TRUE,Same lead SNP; coding change only: additive -> dominant,-145.785414192952,-144.477222291677,2.61638380255039,1,L1,1,5230,chr19_35309759_G_T_b38_G__dominant,chr19_35309759_G_T_b38_G,dominant,0.8304702188568,2,102,39,5,/project2/mstephens/wdenault/susie_mix/plot/one_cs_dominant/MAG_Spleen_add_vs_mix.png
NFXL1,Blood,dominant,plotted,Four-panel SuSiE / SuSiE-mix comparison created,1,L1,1,1147,chr4_47953741_T_C_b38_T,chr4_47953741_T_C_b38_T,additive,0.168191269396202,29,Single credible-set lead,197,180,58,TRUE,Same lead SNP; coding change only: additive -> dominant,-558.628783297214,-555.165656601482,6.92625339146252,1,L1,1,5555,chr4_47953741_T_C_b38_T__dominant,chr4_47953741_T_C_b38_T,dominant,0.249642463200634,34,197,180,58,/project2/mstephens/wdenault/susie_mix/plot/one_cs_dominant/NFXL1_Blood_add_vs_mix.png
GM2A,Blood,dominant,plotted,Four-panel SuSiE / SuSiE-mix comparison created,1,L1,1,1405,chr5_151239432_C_T_b38_C,chr5_151239432_C_T_b38_C,additive,0.99932202284035,1,Single credible-set lead,305,121,9,TRUE,Same lead SNP; coding change only: additive -> dominant,-558.301258736711,-556.464873525639,3.67277042214482,1,L1,1,6219,chr5_151239432_C_T_b38_C__dominant,chr5_151239432_C_T_b38_C,dominant,0.887086525850584,2,305,121,9,/project2/mstephens/wdenault/susie_mix/plot/one_cs_dominant/GM2A_Blood_add_vs_mix.png
TTC38,Thyroid,dominant,plotted,Four-panel SuSiE / SuSiE-mix comparison created,1,L1,1,1149,chr22_46292311_C_A_b38_C,chr22_46292311_C_A_b38_C,additive,0.229198306869667,12,Single credible-set lead,353,34,3,TRUE,Same lead SNP; coding change only: additive -> dominant,-496.045712998789,-496.018600732462,0.054224532653393,1,L1,1,5757,chr22_46292311_C_A_b38_C__dominant,chr22_46292311_C_A_b38_C,dominant,0.140910406086054,22,353,34,3,/project2/mstephens/wdenault/susie_mix/plot/one_cs_dominant/TTC38_Thyroid_add_vs_mix.png
TTC38,Lung,dominant,plotted,Four-panel SuSiE / SuSiE-mix comparison created,1,L1,1,1144,chr22_46291323_G_A_b38_G,chr22_46291323_G_A_b38_G,additive,0.128162774830519,12,Single credible-set lead,289,31,3,TRUE,Same lead SNP; coding change only: additive -> dominant,-414.942450234748,-412.984705125219,3.91549021905826,1,L1,1,5627,chr22_46291323_G_A_b38_G__dominant,chr22_46291323_G_A_b38_G,dominant,0.0853024207176388,21,289,31,3,/project2/mstephens/wdenault/susie_mix/plot/one_cs_dominant/TTC38_Lung_add_vs_mix.png
TTC38,Blood Vessel,dominant,plotted,Four-panel SuSiE / SuSiE-mix comparison created,1,L1,1,1148,chr22_46291861_C_A_b38_C,chr22_46291861_C_A_b38_C,additive,0.115180856033887,13,Single credible-set lead,401,47,2,FALSE,Different lead SNP; coding change: additive -> dominant,-608.094566609249,-607.598429532257,0.992274153983544,1,L1,1,5814,chr22_46292311_C_A_b38_C__dominant,chr22_46292311_C_A_b38_C,dominant,0.088364244094134,23,402,45,3,/project2/mstephens/wdenault/susie_mix/plot/one_cs_dominant/TTC38_Blood_Vessel_add_vs_mix.png
TTC38,Muscle,dominant,plotted,Four-panel SuSiE / SuSiE-mix comparison created,1,L1,1,1149,chr22_46292311_C_A_b38_C,chr22_46292311_C_A_b38_C,additive,0.128651323432397,17,Single credible-set lead,432,42,3,TRUE,Same lead SNP; coding change only: additive -> dominant,-648.699170771006,-648.747964182875,-0.0975868237385384,1,L1,1,5836,chr22_46292311_C_A_b38_C__dominant,chr22_46292311_C_A_b38_C,dominant,0.0898753070620167,30,432,42,3,/project2/mstephens/wdenault/susie_mix/plot/one_cs_dominant/TTC38_Muscle_add_vs_mix.png
TTC38,Esophagus,dominant,plotted,Four-panel SuSiE / SuSiE-mix comparison created,1,L1,1,1148,chr22_46291861_C_A_b38_C,chr22_46291861_C_A_b38_C,additive,0.124503520680249,14,Single credible-set lead,372,39,1,FALSE,Different lead SNP; coding change: additive -> dominant,-561.041792895024,-560.37800417216,1.32757744572837,1,L1,1,5828,chr22_46292311_C_A_b38_C__dominant,chr22_46292311_C_A_b38_C,dominant,0.0898422038409837,26,373,37,2,/project2/mstephens/wdenault/susie_mix/plot/one_cs_dominant/TTC38_Esophagus_add_vs_mix.png
TTC38,Colon,dominant,plotted,Four-panel SuSiE / SuSiE-mix comparison created,1,L1,1,1152,chr22_46293450_G_A_b38_G,chr22_46293450_G_A_b38_G,additive,0.108621144231412,21,Single credible-set lead,299,32,1,FALSE,Different lead SNP; coding change: additive -> dominant,-453.556254834828,-452.628035675703,1.85643831825109,1,L1,1,5672,chr22_46293332_C_T_b38_C__dominant,chr22_46293332_C_T_b38_C,dominant,0.0697615201762862,31,299,31,2,/project2/mstephens/wdenault/susie_mix/plot/one_cs_dominant/TTC38_Colon_add_vs_mix.png
TOGARAM2,Thyroid,dominant,plotted,Four-panel SuSiE / SuSiE-mix comparison created,1,L1,1,1124,chr2_28958241_G_A_b38_G,chr2_28958241_G_A_b38_G,additive,0.46956946554812,10,Single credible-set lead,235,137,18,TRUE,Same lead SNP; coding change only: additive -> dominant,-496.313691331904,-492.418576295497,7.7902300728141,1,L1,1,5500,chr2_28958241_G_A_b38_G__dominant,chr2_28958241_G_A_b38_G,dominant,0.467556915399758,12,235,137,18,/project2/mstephens/wdenault/susie_mix/plot/one_cs_dominant/TOGARAM2_Thyroid_add_vs_mix.png
TOGARAM2,Adipose Tissue,dominant,plotted,Four-panel SuSiE / SuSiE-mix comparison created,1,L1,1,948,chr2_28902939_G_A_b38_G,chr2_28902939_G_A_b38_G,additive,0.190999753892488,10,Single credible-set lead,297,151,22,TRUE,Same lead SNP; coding change only: additive -> dominant,-619.803882421689,-619.254526807855,1.09871122766822,1,L1,1,5416,chr2_28902939_G_A_b38_G__dominant,chr2_28902939_G_A_b38_G,dominant,0.143231701089335,13,297,151,22,/project2/mstephens/wdenault/susie_mix/plot/one_cs_dominant/TOGARAM2_Adipose_Tissue_add_vs_mix.png
TOGARAM2,Skin,dominant,plotted,Four-panel SuSiE / SuSiE-mix comparison created,1,L1,1,1024,chr2_28921488_C_A_b38_C,chr2_28921488_C_A_b38_C,additive,0.131793995424638,15,Single credible-set lead,319,175,28,TRUE,Same lead SNP; coding change only: additive -> dominant,-718.504198730714,-718.188835577515,0.630726306398174,1,L1,1,5601,chr2_28921488_C_A_b38_C__dominant,chr2_28921488_C_A_b38_C,dominant,0.0921333001967896,28,319,175,28,/project2/mstephens/wdenault/susie_mix/plot/one_cs_dominant/TOGARAM2_Skin_add_vs_mix.png
TOGARAM2,Pituitary,dominant,plotted,Four-panel SuSiE / SuSiE-mix comparison created,1,L1,1,1052,chr2_28938307_G_C_b38_G,chr2_28938307_G_C_b38_G,additive,0.173401070818433,14,Single credible-set lead,110,75,16,FALSE,Different lead SNP; coding change: additive -> dominant,-265.800165878982,-264.109297678212,3.38173640154116,1,L1,1,4974,chr2_28898634_T_A_b38_T__dominant,chr2_28898634_T_A_b38_T,dominant,0.0707910235814532,23,115,72,14,/project2/mstephens/wdenault/susie_mix/plot/one_cs_dominant/TOGARAM2_Pituitary_add_vs_mix.png
TIMM10,Colon,dominant,plotted,Four-panel SuSiE / SuSiE-mix comparison created,1,L1,1,885,chr11_57556955_A_G_b38_A,chr11_57556955_A_G_b38_A,additive,0.316739344003534,8,Single credible-set lead,190,121,21,TRUE,Same lead SNP; coding change only: additive -> dominant,-415.094998252796,-413.687302040999,2.81539242359258,1,L1,1,3713,chr11_57556955_A_G_b38_A__dominant,chr11_57556955_A_G_b38_A,dominant,0.338708191461796,13,190,121,21,/project2/mstephens/wdenault/susie_mix/plot/one_cs_dominant/TIMM10_Colon_add_vs_mix.png
TIMM10,Nerve,dominant,plotted,Four-panel SuSiE / SuSiE-mix comparison created,1,L1,1,935,chr11_57585089_A_C_b38_A,chr11_57585089_A_C_b38_A,additive,0.668613114137029,12,Single credible-set lead,207,128,19,TRUE,Same lead SNP; coding change only: additive -> dominant,-474.070643784976,-473.519783787909,1.10171999413319,1,L1,1,3804,chr11_57585089_A_C_b38_A__dominant,chr11_57585089_A_C_b38_A,dominant,0.173621619714534,18,207,128,19,/project2/mstephens/wdenault/susie_mix/plot/one_cs_dominant/TIMM10_Nerve_add_vs_mix.png
TIMM10,Ovary,dominant,plotted,Four-panel SuSiE / SuSiE-mix comparison created,1,L1,1,885,chr11_57556955_A_G_b38_A,chr11_57556955_A_G_b38_A,additive,0.166559022735367,31,Single credible-set lead,58,40,8,TRUE,Same lead SNP; coding change only: additive -> dominant,-136.056082211083,-134.516987239723,3.07818994272174,1,L1,1,3499,chr11_57556955_A_G_b38_A__dominant,chr11_57556955_A_G_b38_A,dominant,0.171703844998532,35,58,40,8,/project2/mstephens/wdenault/susie_mix/plot/one_cs_dominant/TIMM10_Ovary_add_vs_mix.png
LCN8,Spleen,dominant,plotted,Four-panel SuSiE / SuSiE-mix comparison created,1,L1,1,1169,chr9_136754045_G_A_b38_G,chr9_136754045_G_A_b38_G,additive,0.184535909637682,8,Single credible-set lead,100,44,2,TRUE,Same lead SNP; coding change only: additive -> dominant,-150.624870166648,-146.744794623912,7.76015108547165,1,L1,1,4674,chr9_136754045_G_A_b38_G__dominant,chr9_136754045_G_A_b38_G,dominant,0.180742698245542,8,100,44,2,/project2/mstephens/wdenault/susie_mix/plot/one_cs_dominant/LCN8_Spleen_add_vs_mix.png
ACSL6,Colon,dominant,plotted,Four-panel SuSiE / SuSiE-mix comparison created,1,L1,1,411,chr5_131887951_C_T_b38_C,chr5_131887951_C_T_b38_C,additive,0.0899209344153626,68,Single credible-set lead,213,105,14,TRUE,Same lead SNP; coding change only: additive -> dominant,-416.796004039727,-415.44447537457,2.70305733031432,1,L1,1,3236,chr5_131887951_C_T_b38_C__dominant,chr5_131887951_C_T_b38_C,dominant,0.166745323673014,144,213,105,14,/project2/mstephens/wdenault/susie_mix/plot/one_cs_dominant/ACSL6_Colon_add_vs_mix.png
CCL26,Nerve,dominant,plotted,Four-panel SuSiE / SuSiE-mix comparison created,1,L1,1,1051,chr7_75809298_A_G_b38_A,chr7_75809298_A_G_b38_A,additive,0.458185223193579,3,Single credible-set lead,260,85,9,TRUE,Same lead SNP; coding change only: additive -> dominant,-446.657365784565,-444.277553778443,4.75962401224388,1,L1,1,4277,chr7_75809298_A_G_b38_A__dominant,chr7_75809298_A_G_b38_A,dominant,0.600872660379217,6,260,85,9,/project2/mstephens/wdenault/susie_mix/plot/one_cs_dominant/CCL26_Nerve_add_vs_mix.png
HES6,Pancreas,dominant,plotted,Four-panel SuSiE / SuSiE-mix comparison created,1,L1,1,1406,chr2_238237610_G_C_b38_G,chr2_238237610_G_C_b38_G,additive,0.0858266778852274,37,Single credible-set lead,90,69,21,FALSE,Different lead SNP; coding change: additive -> dominant,-200.541322818803,-199.067172371644,2.948300894319,1,L1,1,5530,chr2_238223432_C_T_b38_C__dominant,chr2_238223432_C_T_b38_C,dominant,0.0332298255210873,70,92,68,20,/project2/mstephens/wdenault/susie_mix/plot/one_cs_dominant/HES6_Pancreas_add_vs_mix.png
HES6,Brain,dominant,plotted,Four-panel SuSiE / SuSiE-mix comparison created,1,L1,1,1365,chr2_238231421_C_T_b38_C,chr2_238231421_C_T_b38_C,additive,0.0621243208458385,59,Single credible-set lead,119,114,24,FALSE,Different lead SNP; coding change: additive -> dominant,-349.042671562759,-347.694548537929,2.69624604965907,1,L1,1,5867,chr2_238235596_A_G_b38_A__dominant,chr2_238235596_A_G_b38_A,dominant,0.103329862746974,105,111,118,28,/project2/mstephens/wdenault/susie_mix/plot/one_cs_dominant/HES6_Brain_add_vs_mix.png
ITGB3BP,Brain,dominant,plotted,Four-panel SuSiE / SuSiE-mix comparison created,1,L1,1,1005,chr1_63599109_T_C_b38_T,chr1_63599109_T_C_b38_T,additive,0.109417568135767,21,Single credible-set lead,129,115,13,TRUE,Same lead SNP; coding change only: additive -> dominant,-310.253974042002,-303.519435579495,13.469076925014,1,L1,1,4675,chr1_63599109_T_C_b38_T__dominant,chr1_63599109_T_C_b38_T,dominant,0.117976770802436,21,129,115,13,/project2/mstephens/wdenault/susie_mix/plot/one_cs_dominant/ITGB3BP_Brain_add_vs_mix.png
ITGB3BP,Spleen,dominant,plotted,Four-panel SuSiE / SuSiE-mix comparison created,1,L1,1,748,chr1_63456211_T_C_b38_T,chr1_63456211_T_C_b38_T,additive,0.114313886006596,29,Single credible-set lead,83,50,13,TRUE,Same lead SNP; coding change only: additive -> dominant,-176.25486056891,-175.731707192794,1.046306752232,1,L1,1,4053,chr1_63456211_T_C_b38_T__dominant,chr1_63456211_T_C_b38_T,dominant,0.12611822671383,56,83,50,13,/project2/mstephens/wdenault/susie_mix/plot/one_cs_dominant/ITGB3BP_Spleen_add_vs_mix.png
ITGB3BP,Kidney,dominant,plotted,Four-panel SuSiE / SuSiE-mix comparison created,1,L1,1,609,chr1_63390980_A_G_b38_A,chr1_63390980_A_G_b38_A,additive,0.0338271744190547,29,Single credible-set lead,28,24,2,TRUE,Same lead SNP; coding change only: additive -> dominant,-59.8736094501928,-59.5728127426312,0.601593415123347,1,L1,1,3342,chr1_63390980_A_G_b38_A__dominant,chr1_63390980_A_G_b38_A,dominant,0.0208598874652576,56,28,24,2,/project2/mstephens/wdenault/susie_mix/plot/one_cs_dominant/ITGB3BP_Kidney_add_vs_mix.png
NAPRT,Blood Vessel,dominant,plotted,Four-panel SuSiE / SuSiE-mix comparison created,2,L1,1,1444,chr8_143580905_G_A_b38_G,chr8_143580905_G_A_b38_G,additive,0.999999971422649,1,Highest-PIP credible-set lead,312,119,19,FALSE,Different lead SNP; coding change: additive -> dominant,-560.588019661177,-580.711224939442,-40.2464105565293,1,L1,1,5700,chr8_143594692_C_T_b38_C__dominant,chr8_143594692_C_T_b38_C,dominant,0.203119185169044,6,247,150,53,/project2/mstephens/wdenault/susie_mix/plot/one_cs_dominant/NAPRT_Blood_Vessel_add_vs_mix.png
AMPH,Nerve,dominant,plotted,Four-panel SuSiE / SuSiE-mix comparison created,1,L1,1,1316,chr7_38471807_C_A_b38_C,chr7_38471807_C_A_b38_C,additive,0.0606336738665936,29,Single credible-set lead,282,67,5,FALSE,Different lead SNP; coding change: additive -> dominant,-448.846109760613,-447.796011147873,2.10019722547872,1,L1,1,6321,chr7_38470929_A_T_b38_A__dominant,chr7_38470929_A_T_b38_A,dominant,0.0301511848995106,53,283,67,4,/project2/mstephens/wdenault/susie_mix/plot/one_cs_dominant/AMPH_Nerve_add_vs_mix.png
AMPH,Skin,dominant,plotted,Four-panel SuSiE / SuSiE-mix comparison created,1,L1,1,1327,chr7_38475268_G_A_b38_G,chr7_38475268_G_A_b38_G,additive,0.0526488865056272,29,Single credible-set lead,412,104,6,FALSE,Different lead SNP; coding change: additive -> dominant,-695.627415677024,-694.473330177402,2.30817099924434,1,L1,1,6635,chr7_38466503_T_C_b38_T__dominant,chr7_38466503_T_C_b38_T,dominant,0.0491949150952206,50,413,102,7,/project2/mstephens/wdenault/susie_mix/plot/one_cs_dominant/AMPH_Skin_add_vs_mix.png
AMPH,Muscle,dominant,plotted,Four-panel SuSiE / SuSiE-mix comparison created,1,L1,1,1317,chr7_38472217_C_T_b38_C,chr7_38472217_C_T_b38_C,additive,0.045953009405084,31,Single credible-set lead,378,93,6,TRUE,Same lead SNP; coding change only: additive -> dominant,-649.62386455788,-649.242705150129,0.762318815501203,1,L1,1,6553,chr7_38472217_C_T_b38_C__dominant,chr7_38472217_C_T_b38_C,dominant,0.0241228243821733,62,378,93,6,/project2/mstephens/wdenault/susie_mix/plot/one_cs_dominant/AMPH_Muscle_add_vs_mix.png
AMPH,Thyroid,dominant,plotted,Four-panel SuSiE / SuSiE-mix comparison created,1,L1,1,1310,chr7_38470929_A_T_b38_A,chr7_38470929_A_T_b38_A,additive,0.0721385531034172,39,Single credible-set lead,302,82,6,TRUE,Same lead SNP; coding change only: additive -> dominant,-527.090211138104,-526.753397558495,0.673627159217858,1,L1,1,6518,chr7_38470929_A_T_b38_A__dominant,chr7_38470929_A_T_b38_A,dominant,0.0428104201047095,77,302,82,6,/project2/mstephens/wdenault/susie_mix/plot/one_cs_dominant/AMPH_Thyroid_add_vs_mix.png
DAGLB,Spleen,dominant,plotted,Four-panel SuSiE / SuSiE-mix comparison created,1,L1,1,887,chr7_6416460_C_T_b38_C,chr7_6416460_C_T_b38_C,additive,0.969870021969954,1,Single credible-set lead,87,57,2,TRUE,Same lead SNP; coding change only: additive -> dominant,-153.044802412182,-152.69379074722,0.70202332992568,1,L1,1,4958,chr7_6416460_C_T_b38_C__dominant,chr7_6416460_C_T_b38_C,dominant,0.602974291707226,2,87,57,2,/project2/mstephens/wdenault/susie_mix/plot/one_cs_dominant/DAGLB_Spleen_add_vs_mix.png
DAGLB,Colon,dominant,plotted,Four-panel SuSiE / SuSiE-mix comparison created,1,L1,1,887,chr7_6416460_C_T_b38_C,chr7_6416460_C_T_b38_C,additive,0.988439396022921,1,Single credible-set lead,191,130,11,TRUE,Same lead SNP; coding change only: additive -> dominant,-446.430023110708,-445.891066909616,1.07791240218342,1,L1,1,5299,chr7_6416460_C_T_b38_C__dominant,chr7_6416460_C_T_b38_C,dominant,0.674600967216288,2,191,130,11,/project2/mstephens/wdenault/susie_mix/plot/one_cs_dominant/DAGLB_Colon_add_vs_mix.png
DAGLB,Pituitary,dominant,plotted,Four-panel SuSiE / SuSiE-mix comparison created,1,L1,1,887,chr7_6416460_C_T_b38_C,chr7_6416460_C_T_b38_C,additive,0.742493313290551,27,Single credible-set lead,113,76,12,TRUE,Same lead SNP; coding change only: additive -> dominant,-263.50898047427,-263.413640719219,0.190679510100608,1,L1,1,5080,chr7_6416460_C_T_b38_C__dominant,chr7_6416460_C_T_b38_C,dominant,0.389847125311462,50,113,76,12,/project2/mstephens/wdenault/susie_mix/plot/one_cs_dominant/DAGLB_Pituitary_add_vs_mix.png
DAGLB,Skin,dominant,plotted,Four-panel SuSiE / SuSiE-mix comparison created,1,L1,1,921,chr7_6430991_G_C_b38_G,chr7_6430991_G_C_b38_G,additive,0.121103763792582,47,Single credible-set lead,328,177,17,FALSE,Different lead SNP; coding change: additive -> dominant,-726.786999856398,-724.947767699338,3.67846431411908,1,L1,1,5660,chr7_6421903_C_T_b38_C__dominant,chr7_6421903_C_T_b38_C,dominant,0.0628453307414288,75,336,172,14,/project2/mstephens/wdenault/susie_mix/plot/one_cs_dominant/DAGLB_Skin_add_vs_mix.png
DAGLB,Small Intestine,dominant,plotted,Four-panel SuSiE / SuSiE-mix comparison created,1,L1,1,897,chr7_6422283_C_A_b38_C,chr7_6422283_C_A_b38_C,additive,0.0337394136240826,46,Single credible-set lead,79,35,1,TRUE,Same lead SNP; coding change only: additive -> dominant,-148.231201479639,-148.212414230644,0.0375744979904198,1,L1,1,4855,chr7_6422283_C_A_b38_C__dominant,chr7_6422283_C_A_b38_C,dominant,0.0176008616768549,91,79,35,1,/project2/mstephens/wdenault/susie_mix/plot/one_cs_dominant/DAGLB_Small_Intestine_add_vs_mix.png
NT5E,Thyroid,dominant,plotted,Four-panel SuSiE / SuSiE-mix comparison created,1,L1,1,2003,chr6_85459919_A_G_b38_A,chr6_85459919_A_G_b38_A,additive,0.378789716569039,34,Single credible-set lead,283,99,8,TRUE,Same lead SNP; coding change only: additive -> dominant,-501.284359533573,-500.81792925899,0.932860549164502,1,L1,1,7039,chr6_85459919_A_G_b38_A__dominant,chr6_85459919_A_G_b38_A,dominant,0.162046839500658,77,283,99,8,/project2/mstephens/wdenault/susie_mix/plot/one_cs_dominant/NT5E_Thyroid_add_vs_mix.png
PSPH,Adipose Tissue,dominant,plotted,Four-panel SuSiE / SuSiE-mix comparison created,1,L1,1,565,chr7_55765720_A_C_b38_A,chr7_55765720_A_C_b38_A,additive,0.558155438998993,4,Single credible-set lead,280,145,45,FALSE,Different lead SNP; coding change: additive -> dominant,-614.323858291943,-614.127287660025,0.393141263837151,1,L1,1,4883,chr7_55738394_G_T_b38_G__dominant,chr7_55738394_G_T_b38_G,dominant,0.375363054432507,4,271,174,25,/project2/mstephens/wdenault/susie_mix/plot/one_cs_dominant/PSPH_Adipose_Tissue_add_vs_mix.png
PEX11G,Blood,dominant,plotted,Four-panel SuSiE / SuSiE-mix comparison created,1,L1,1,1434,chr19_7491138_A_G_b38_A,chr19_7491138_A_G_b38_A,additive,0.653143602004453,2,Single credible-set lead,264,156,15,TRUE,Same lead SNP; coding change only: additive -> dominant,-564.458177817974,-563.075967433927,2.7644207680944,1,L1,1,6778,chr19_7491138_A_G_b38_A__dominant,chr19_7491138_A_G_b38_A,dominant,0.41712179630392,5,264,156,15,/project2/mstephens/wdenault/susie_mix/plot/one_cs_dominant/PEX11G_Blood_add_vs_mix.png
C2orf74,Lung,dominant,plotted,Four-panel SuSiE / SuSiE-mix comparison created,1,L1,1,735,chr2_61155624_T_C_b38_T,chr2_61155624_T_C_b38_T,additive,0.0981271603203783,23,Single credible-set lead,93,167,63,FALSE,Different lead SNP; coding change: additive -> dominant,-405.975364552082,-404.926622227057,2.0974846500518,1,L1,1,3573,chr2_61151681_A_G_b38_A__dominant,chr2_61151681_A_G_b38_A,dominant,0.0629746550227393,39,95,164,64,/project2/mstephens/wdenault/susie_mix/plot/one_cs_dominant/C2orf74_Lung_add_vs_mix.png
FABP7,Muscle,dominant,plotted,Four-panel SuSiE / SuSiE-mix comparison created,1,L1,1,1097,chr6_122780228_T_G_b38_T,chr6_122780228_T_G_b38_T,additive,0.729839975877425,3,Single credible-set lead,330,133,14,TRUE,Same lead SNP; coding change only: additive -> dominant,-623.367554078137,-623.267070673609,0.200966809056354,1,L1,1,5074,chr6_122780228_T_G_b38_T__dominant,chr6_122780228_T_G_b38_T,dominant,0.410411497864474,6,330,133,14,/project2/mstephens/wdenault/susie_mix/plot/one_cs_dominant/FABP7_Muscle_add_vs_mix.png
ECEL1,Spleen,dominant,plotted,Four-panel SuSiE / SuSiE-mix comparison created,1,L1,1,901,chr2_232466332_C_A_b38_C,chr2_232466332_C_A_b38_C,additive,0.292383673782765,14,Single credible-set lead,113,30,3,FALSE,Different lead SNP; coding change: additive -> dominant,-154.880149643516,-152.959364812624,3.8415696617829,1,L1,1,4305,chr2_232456175_G_A_b38_G__dominant,chr2_232456175_G_A_b38_G,dominant,0.103159120390401,16,113,31,2,/project2/mstephens/wdenault/susie_mix/plot/one_cs_dominant/ECEL1_Spleen_add_vs_mix.png
LRRC15,Esophagus,dominant,plotted,Four-panel SuSiE / SuSiE-mix comparison created,1,L1,1,1487,chr3_194368588_G_C_b38_G,chr3_194368588_G_C_b38_G,additive,0.573323058272825,10,Single credible-set lead,313,87,12,TRUE,Same lead SNP; coding change only: additive -> dominant,-533.283490838157,-532.062787405557,2.44140686519813,1,L1,1,7166,chr3_194368588_G_C_b38_G__dominant,chr3_194368588_G_C_b38_G,dominant,0.502680226982727,18,313,87,12,/project2/mstephens/wdenault/susie_mix/plot/one_cs_dominant/LRRC15_Esophagus_add_vs_mix.png
LRRC15,Lung,dominant,plotted,Four-panel SuSiE / SuSiE-mix comparison created,1,L1,1,1452,chr3_194364872_T_G_b38_T,chr3_194364872_T_G_b38_T,additive,0.46312528979072,4,Single credible-set lead,125,143,55,TRUE,Same lead SNP; coding change only: additive -> dominant,-425.909364531438,-425.077342700775,1.66404366132736,1,L1,1,6917,chr3_194364872_T_G_b38_T__dominant,chr3_194364872_T_G_b38_T,dominant,0.388572481807808,9,125,143,55,/project2/mstephens/wdenault/susie_mix/plot/one_cs_dominant/LRRC15_Lung_add_vs_mix.png
ADGRG3,Testis,dominant,plotted,Four-panel SuSiE / SuSiE-mix comparison created,2,L1,1,988,chr16_57691319_G_A_b38_G,chr16_57691319_G_A_b38_G,additive,0.999999974601091,1,Highest-PIP credible-set lead,127,70,14,TRUE,Same lead SNP; coding change only: additive -> dominant,-235.417863429039,-246.468498796121,-22.1012707341649,1,L1,1,4260,chr16_57691319_G_A_b38_G__dominant,chr16_57691319_G_A_b38_G,dominant,0.820471762225094,2,127,70,14,/project2/mstephens/wdenault/susie_mix/plot/one_cs_dominant/ADGRG3_Testis_add_vs_mix.png
TNNI3,Adrenal Gland,dominant,plotted,Four-panel SuSiE / SuSiE-mix comparison created,1,L1,1,2477,chr19_55156942_C_G_b38_C,chr19_55156942_C_G_b38_C,additive,0.292764890197009,5,Single credible-set lead,85,45,11,TRUE,Same lead SNP; coding change only: additive -> dominant,-149.375471261586,-149.288796923417,0.173348676336673,1,L1,1,8000,chr19_55156942_C_G_b38_C__dominant,chr19_55156942_C_G_b38_C,dominant,0.158551930333716,7,85,45,11,/project2/mstephens/wdenault/susie_mix/plot/one_cs_dominant/TNNI3_Adrenal_Gland_add_vs_mix.png
SERPINA5,Muscle,dominant,plotted,Four-panel SuSiE / SuSiE-mix comparison created,1,L1,1,1629,chr14_94606311_A_G_b38_A,chr14_94606311_A_G_b38_A,additive,0.999961045347495,1,Single credible-set lead,113,237,127,TRUE,Same lead SNP; coding change only: additive -> dominant,-626.550136412524,-620.615778624157,11.8687155767336,1,L1,1,7762,chr14_94606311_A_G_b38_A__dominant,chr14_94606311_A_G_b38_A,dominant,0.997932656887454,1,113,237,127,/project2/mstephens/wdenault/susie_mix/plot/one_cs_dominant/SERPINA5_Muscle_add_vs_mix.png
RBP7,Testis,dominant,plotted,Four-panel SuSiE / SuSiE-mix comparison created,1,L1,1,517,chr1_9997599_C_A_b38_C,chr1_9997599_C_A_b38_C,additive,0.511674457367704,2,Single credible-set lead,150,50,11,FALSE,Different lead SNP; coding change: additive -> dominant,-248.845045838903,-248.731953850792,0.226183976221876,1,L1,1,2277,chr1_9998046_G_A_b38_G__dominant,chr1_9998046_G_A_b38_G,dominant,0.398318552165079,4,151,48,12,/project2/mstephens/wdenault/susie_mix/plot/one_cs_dominant/RBP7_Testis_add_vs_mix.png
GOLGA7B,Thyroid,dominant,plotted,Four-panel SuSiE / SuSiE-mix comparison created,1,L1,1,881,chr10_97818041_T_C_b38_T,chr10_97818041_T_C_b38_T,additive,0.996626404620598,1,Single credible-set lead,208,158,24,TRUE,Same lead SNP; coding change only: additive -> dominant,-503.351850906965,-503.060969289878,0.581763234175583,1,L1,1,4119,chr10_97818041_T_C_b38_T__dominant,chr10_97818041_T_C_b38_T,dominant,0.623384729308835,2,208,158,24,/project2/mstephens/wdenault/susie_mix/plot/one_cs_dominant/GOLGA7B_Thyroid_add_vs_mix.png
SLC22A31,Stomach,dominant,plotted,Four-panel SuSiE / SuSiE-mix comparison created,1,L1,1,1386,chr16_89185368_G_A_b38_G,chr16_89185368_G_A_b38_G,additive,0.402559211759006,5,Single credible-set lead,118,61,10,TRUE,Same lead SNP; coding change only: additive -> dominant,-218.843463211079,-213.977423383141,9.73207965587579,1,L1,1,5511,chr16_89185368_G_A_b38_G__dominant,chr16_89185368_G_A_b38_G,dominant,0.64692058625076,4,118,61,10,/project2/mstephens/wdenault/susie_mix/plot/one_cs_dominant/SLC22A31_Stomach_add_vs_mix.png
CES1,Blood Vessel,dominant,plotted,Four-panel SuSiE / SuSiE-mix comparison created,1,L1,1,1148,chr16_55832988_T_C_b38_T,chr16_55832988_T_C_b38_T,additive,0.999999010309457,1,Single credible-set lead,314,125,11,TRUE,Same lead SNP; coding change only: additive -> dominant,-589.417123069065,-588.635770066488,1.56270600515495,1,L1,1,5053,chr16_55832988_T_C_b38_T__dominant,chr16_55832988_T_C_b38_T,dominant,0.741245790012568,2,314,125,11,/project2/mstephens/wdenault/susie_mix/plot/one_cs_dominant/CES1_Blood_Vessel_add_vs_mix.png
CES1,Pancreas,dominant,plotted,Four-panel SuSiE / SuSiE-mix comparison created,1,L1,1,1148,chr16_55832988_T_C_b38_T,chr16_55832988_T_C_b38_T,additive,0.833238739345858,2,Single credible-set lead,133,43,4,TRUE,Same lead SNP; coding change only: additive -> dominant,-238.88572044688,-238.303806139317,1.16382861512602,1,L1,1,4758,chr16_55832988_T_C_b38_T__dominant,chr16_55832988_T_C_b38_T,dominant,0.403687818207967,4,133,43,4,/project2/mstephens/wdenault/susie_mix/plot/one_cs_dominant/CES1_Pancreas_add_vs_mix.png
CES1,Adrenal Gland,dominant,plotted,Four-panel SuSiE / SuSiE-mix comparison created,1,L1,1,1148,chr16_55832988_T_C_b38_T,chr16_55832988_T_C_b38_T,additive,0.610727362438259,7,Single credible-set lead,105,32,4,FALSE,Different lead SNP; coding change: additive -> dominant,-185.640519397829,-183.344873479675,4.59129183630807,1,L1,1,4500,chr16_55760753_A_G_b38_A__dominant,chr16_55760753_A_G_b38_A,dominant,0.436954440791443,3,107,33,1,/project2/mstephens/wdenault/susie_mix/plot/one_cs_dominant/CES1_Adrenal_Gland_add_vs_mix.png
RPA2,Pituitary,dominant,plotted,Four-panel SuSiE / SuSiE-mix comparison created,1,L1,1,321,chr1_27914572_G_A_b38_G,chr1_27914572_G_A_b38_G,additive,0.954693345530516,1,Single credible-set lead,170,31,0,FALSE,Different lead SNP; coding change: additive -> dominant,-236.027862164214,-235.57529858456,0.905127159308336,1,L1,1,2237,chr1_27893147_C_G_b38_C__dominant,chr1_27893147_C_G_b38_C,dominant,0.494922733784456,3,171,29,1,/project2/mstephens/wdenault/susie_mix/plot/one_cs_dominant/RPA2_Pituitary_add_vs_mix.png
RPA2,Brain,dominant,plotted,Four-panel SuSiE / SuSiE-mix comparison created,1,L1,1,321,chr1_27914572_G_A_b38_G,chr1_27914572_G_A_b38_G,additive,0.909475115307747,2,Single credible-set lead,216,41,0,FALSE,Different lead SNP; coding change: additive -> dominant,-343.378652598047,-342.601209504908,1.55488618627794,1,L1,1,2305,chr1_27893147_C_G_b38_C__dominant,chr1_27893147_C_G_b38_C,dominant,0.574012743135707,3,217,39,1,/project2/mstephens/wdenault/susie_mix/plot/one_cs_dominant/RPA2_Brain_add_vs_mix.png
TMC4,Testis,dominant,plotted,Four-panel SuSiE / SuSiE-mix comparison created,1,L1,1,1521,chr19_54167226_T_C_b38_T,chr19_54167226_T_C_b38_T,additive,0.578458285725557,4,Single credible-set lead,114,77,20,TRUE,Same lead SNP; coding change only: additive -> dominant,-250.928027936005,-249.615194606789,2.62566665843156,1,L1,1,7075,chr19_54167226_T_C_b38_T__dominant,chr19_54167226_T_C_b38_T,dominant,0.442552630082463,7,114,77,20,/project2/mstephens/wdenault/susie_mix/plot/one_cs_dominant/TMC4_Testis_add_vs_mix.png
SLC22A18,Thyroid,dominant,plotted,Four-panel SuSiE / SuSiE-mix comparison created,1,L1,1,1176,chr11_2921363_G_A_b38_G,chr11_2921363_G_A_b38_G,additive,0.929152013865069,2,Single credible-set lead,311,78,1,TRUE,Same lead SNP; coding change only: additive -> dominant,-504.865609915046,-502.82271213918,4.08579555173105,1,L1,1,5488,chr11_2921363_G_A_b38_G__dominant,chr11_2921363_G_A_b38_G,dominant,0.844627025486577,3,311,78,1,/project2/mstephens/wdenault/susie_mix/plot/one_cs_dominant/SLC22A18_Thyroid_add_vs_mix.png
POLB,Skin,dominant,plotted,Four-panel SuSiE / SuSiE-mix comparison created,1,L1,1,589,chr8_42329061_T_C_b38_T,chr8_42329061_T_C_b38_T,additive,0.246820609600042,8,Single credible-set lead,361,127,34,TRUE,Same lead SNP; coding change only: additive -> dominant,-692.860790101107,-686.003047111125,13.715485979963,1,L1,1,2673,chr8_42329061_T_C_b38_T__dominant,chr8_42329061_T_C_b38_T,dominant,0.271987440534209,9,361,127,34,/project2/mstephens/wdenault/susie_mix/plot/one_cs_dominant/POLB_Skin_add_vs_mix.png
SCUBE2,Pancreas,dominant,plotted,Four-panel SuSiE / SuSiE-mix comparison created,1,L1,1,849,chr11_9105448_G_C_b38_G,chr11_9105448_G_C_b38_G,additive,0.649680445681036,2,Single credible-set lead,102,69,9,TRUE,Same lead SNP; coding change only: additive -> dominant,-207.916193285303,-197.615308307806,20.6017699549939,1,L1,1,4127,chr11_9105448_G_C_b38_G__dominant,chr11_9105448_G_C_b38_G,dominant,0.57223755074805,2,102,69,9,/project2/mstephens/wdenault/susie_mix/plot/one_cs_dominant/SCUBE2_Pancreas_add_vs_mix.png
MSH2,Nerve,dominant,plotted,Four-panel SuSiE / SuSiE-mix comparison created,1,L1,1,1416,chr2_47403074_T_C_b38_T,chr2_47403074_T_C_b38_T,additive,0.542898257889191,14,Single credible-set lead,276,70,8,TRUE,Same lead SNP; coding change only: additive -> dominant,-456.163392491536,-456.046641315497,0.233502352076471,1,L1,1,5665,chr2_47403074_T_C_b38_T__dominant,chr2_47403074_T_C_b38_T,dominant,0.284660804691449,25,276,70,8,/project2/mstephens/wdenault/susie_mix/plot/one_cs_dominant/MSH2_Nerve_add_vs_mix.png
MSH2,Esophagus,dominant,plotted,Four-panel SuSiE / SuSiE-mix comparison created,1,L1,1,1455,chr2_47425316_C_T_b38_C,chr2_47425316_C_T_b38_C,additive,0.231718167771704,16,Single credible-set lead,316,86,10,TRUE,Same lead SNP; coding change only: additive -> dominant,-561.082849721696,-561.029555367056,0.10658870927864,1,L1,1,5744,chr2_47425316_C_T_b38_C__dominant,chr2_47425316_C_T_b38_C,dominant,0.128414875075177,31,316,86,10,/project2/mstephens/wdenault/susie_mix/plot/one_cs_dominant/MSH2_Esophagus_add_vs_mix.png
WDR97,Adipose Tissue,dominant,plotted,Four-panel SuSiE / SuSiE-mix comparison created,1,L1,1,743,chr8_144087969_C_T_b38_C,chr8_144087969_C_T_b38_C,additive,0.163847784342423,12,Single credible-set lead,391,78,1,TRUE,Same lead SNP; coding change only: additive -> dominant,-620.101679090992,-620.079298674878,0.0447608322288033,1,L1,1,3121,chr8_144087969_C_T_b38_C__dominant,chr8_144087969_C_T_b38_C,dominant,0.0846660505546455,23,391,78,1,/project2/mstephens/wdenault/susie_mix/plot/one_cs_dominant/WDR97_Adipose_Tissue_add_vs_mix.png
WDR97,Blood Vessel,dominant,plotted,Four-panel SuSiE / SuSiE-mix comparison created,1,L1,1,794,chr8_144121317_G_A_b38_G,chr8_144121317_G_A_b38_G,additive,0.221333017692074,21,Single credible-set lead,376,72,2,TRUE,Same lead SNP; coding change only: additive -> dominant,-614.965561582555,-613.900982547263,2.12915807058448,1,L1,1,3161,chr8_144121317_G_A_b38_G__dominant,chr8_144121317_G_A_b38_G,dominant,0.200052954467767,40,376,72,2,/project2/mstephens/wdenault/susie_mix/plot/one_cs_dominant/WDR97_Blood_Vessel_add_vs_mix.png
WDR97,Nerve,dominant,plotted,Four-panel SuSiE / SuSiE-mix comparison created,1,L1,1,731,chr8_144077486_A_G_b38_A,chr8_144077486_A_G_b38_A,additive,0.138752957612281,38,Single credible-set lead,298,54,2,FALSE,Different lead SNP; coding change: additive -> dominant,-487.231539439106,-487.235798725914,-0.00851857361521979,1,L1,1,3106,chr8_144127824_A_G_b38_A__dominant,chr8_144127824_A_G_b38_A,dominant,0.0590451077932956,105,300,53,1,/project2/mstephens/wdenault/susie_mix/plot/one_cs_dominant/WDR97_Nerve_add_vs_mix.png
AGT,Skin,dominant,plotted,Four-panel SuSiE / SuSiE-mix comparison created,1,L1,1,1283,chr1_230714140_T_G_b38_T,chr1_230714140_T_G_b38_T,additive,0.998695077380715,1,Single credible-set lead,361,155,6,TRUE,Same lead SNP; coding change only: additive -> dominant,-692.638285014439,-690.212226089646,4.85211784958619,1,L1,1,6250,chr1_230714140_T_G_b38_T__dominant,chr1_230714140_T_G_b38_T,dominant,0.929050728793981,2,361,155,6,/project2/mstephens/wdenault/susie_mix/plot/one_cs_dominant/AGT_Skin_add_vs_mix.png
AGT,Breast,dominant,plotted,Four-panel SuSiE / SuSiE-mix comparison created,1,L1,1,1295,chr1_230715882_G_A_b38_G,chr1_230715882_G_A_b38_G,additive,0.76677107489376,2,Single credible-set lead,191,75,3,TRUE,Same lead SNP; coding change only: additive -> dominant,-356.163818420852,-356.080513880073,0.166609081558931,1,L1,1,5952,chr1_230715882_G_A_b38_G__dominant,chr1_230715882_G_A_b38_G,dominant,0.417753209271846,4,191,75,3,/project2/mstephens/wdenault/susie_mix/plot/one_cs_dominant/AGT_Breast_add_vs_mix.png
AGT,Muscle,dominant,plotted,Four-panel SuSiE / SuSiE-mix comparison created,1,L1,1,1250,chr1_230705763_A_G_b38_A,chr1_230705763_A_G_b38_A,additive,0.405019242776012,10,Single credible-set lead,213,197,67,TRUE,Same lead SNP; coding change only: additive -> dominant,-661.376288911723,-659.123867452539,4.50484291836938,1,L1,1,6172,chr1_230705763_A_G_b38_A__dominant,chr1_230705763_A_G_b38_A,dominant,0.560697331446811,9,213,197,67,/project2/mstephens/wdenault/susie_mix/plot/one_cs_dominant/AGT_Muscle_add_vs_mix.png
TRAPPC4,Adipose Tissue,dominant,plotted,Four-panel SuSiE / SuSiE-mix comparison created,1,L1,1,1075,chr11_119024492_A_G_b38_A,chr11_119024492_A_G_b38_A,additive,0.404327328823793,7,Single credible-set lead,307,150,13,TRUE,Same lead SNP; coding change only: additive -> dominant,-620.632615495284,-620.366306520975,0.53261794861919,1,L1,1,4479,chr11_119024492_A_G_b38_A__dominant,chr11_119024492_A_G_b38_A,dominant,0.247067231746884,12,307,150,13,/project2/mstephens/wdenault/susie_mix/plot/one_cs_dominant/TRAPPC4_Adipose_Tissue_add_vs_mix.png
U2AF1L4,Lung,dominant,plotted,Four-panel SuSiE / SuSiE-mix comparison created,1,L1,1,1133,chr19_35741519_C_T_b38_C,chr19_35741519_C_T_b38_C,additive,0.106672486634723,9,Single credible-set lead,237,77,9,TRUE,Same lead SNP; coding change only: additive -> dominant,-411.394520952202,-410.804728152919,1.17958559856663,1,L1,1,4561,chr19_35741519_C_T_b38_C__dominant,chr19_35741519_C_T_b38_C,dominant,0.0744900416478173,18,237,77,9,/project2/mstephens/wdenault/susie_mix/plot/one_cs_dominant/U2AF1L4_Lung_add_vs_mix.png
U2AF1L4,Testis,dominant,plotted,Four-panel SuSiE / SuSiE-mix comparison created,1,L1,1,1152,chr19_35749713_G_A_b38_G,chr19_35749713_G_A_b38_G,additive,0.131798286058215,12,Single credible-set lead,150,57,4,FALSE,Different lead SNP; coding change: additive -> dominant,-280.137857695241,-278.977465931807,2.32078352686722,1,L1,1,4315,chr19_35741519_C_T_b38_C__dominant,chr19_35741519_C_T_b38_C,dominant,0.0752071657851728,23,149,59,3,/project2/mstephens/wdenault/susie_mix/plot/one_cs_dominant/U2AF1L4_Testis_add_vs_mix.png
U2AF1L4,Breast,dominant,plotted,Four-panel SuSiE / SuSiE-mix comparison created,1,L1,1,1133,chr19_35741519_C_T_b38_C,chr19_35741519_C_T_b38_C,additive,0.0895994273179376,14,Single credible-set lead,191,72,6,TRUE,Same lead SNP; coding change only: additive -> dominant,-364.165748408747,-362.805577924209,2.72034096907669,1,L1,1,4426,chr19_35741519_C_T_b38_C__dominant,chr19_35741519_C_T_b38_C,dominant,0.0735443770458466,22,191,72,6,/project2/mstephens/wdenault/susie_mix/plot/one_cs_dominant/U2AF1L4_Breast_add_vs_mix.png
U2AF1L4,Skin,dominant,plotted,Four-panel SuSiE / SuSiE-mix comparison created,1,L1,1,1133,chr19_35741519_C_T_b38_C,chr19_35741519_C_T_b38_C,additive,0.095583980129523,12,Single credible-set lead,383,128,11,TRUE,Same lead SNP; coding change only: additive -> dominant,-724.41033296019,-723.274003038617,2.27265984314613,1,L1,1,4740,chr19_35741519_C_T_b38_C__dominant,chr19_35741519_C_T_b38_C,dominant,0.0773353244088685,20,383,128,11,/project2/mstephens/wdenault/susie_mix/plot/one_cs_dominant/U2AF1L4_Skin_add_vs_mix.png
MRE11,Thyroid,dominant,plotted,Four-panel SuSiE / SuSiE-mix comparison created,1,L1,1,1030,chr11_94453355_T_C_b38_T,chr11_94453355_T_C_b38_T,additive,0.211739931270593,5,Single credible-set lead,189,173,28,TRUE,Same lead SNP; coding change only: additive -> dominant,-506.772505867833,-506.429668906034,0.685673923598756,1,L1,1,4329,chr11_94453355_T_C_b38_T__dominant,chr11_94453355_T_C_b38_T,dominant,0.134387448447366,10,189,173,28,/project2/mstephens/wdenault/susie_mix/plot/one_cs_dominant/MRE11_Thyroid_add_vs_mix.png
MRE11,Lung,dominant,plotted,Four-panel SuSiE / SuSiE-mix comparison created,1,L1,1,915,chr11_94395789_C_T_b38_C,chr11_94395789_C_T_b38_C,additive,0.425945756655199,6,Single credible-set lead,154,141,28,FALSE,Different lead SNP; coding change: additive -> dominant,-417.703511734609,-412.9115058285,9.584011812217,1,L1,1,4306,chr11_94453355_T_C_b38_T__dominant,chr11_94453355_T_C_b38_T,dominant,0.197466074593612,7,159,141,23,/project2/mstephens/wdenault/susie_mix/plot/one_cs_dominant/MRE11_Lung_add_vs_mix.png
MRE11,Nerve,dominant,plotted,Four-panel SuSiE / SuSiE-mix comparison created,1,L1,1,915,chr11_94395789_C_T_b38_C,chr11_94395789_C_T_b38_C,additive,0.156023892588439,7,Single credible-set lead,166,158,30,FALSE,Different lead SNP; coding change: additive -> dominant,-466.073166755802,-461.304556166561,9.53722117848122,1,L1,1,4233,chr11_94420759_G_A_b38_G__dominant,chr11_94420759_G_A_b38_G,dominant,0.176942669484088,8,168,157,29,/project2/mstephens/wdenault/susie_mix/plot/one_cs_dominant/MRE11_Nerve_add_vs_mix.png
MRE11,Skin,dominant,plotted,Four-panel SuSiE / SuSiE-mix comparison created,1,L1,1,971,chr11_94420759_G_A_b38_G,chr11_94420759_G_A_b38_G,additive,0.242938942402384,23,Single credible-set lead,249,226,47,TRUE,Same lead SNP; coding change only: additive -> dominant,-720.075852619289,-718.749646678693,2.6524118811933,1,L1,1,4302,chr11_94420759_G_A_b38_G__dominant,chr11_94420759_G_A_b38_G,dominant,0.267171561924754,36,249,226,47,/project2/mstephens/wdenault/susie_mix/plot/one_cs_dominant/MRE11_Skin_add_vs_mix.png
MRE11,Breast,dominant,plotted,Four-panel SuSiE / SuSiE-mix comparison created,1,L1,1,1067,chr11_94488198_A_G_b38_A,chr11_94488198_A_G_b38_A,additive,0.0832222428968481,37,Single credible-set lead,92,123,54,FALSE,Different lead SNP; coding change: additive -> dominant,-360.553989836267,-360.371209459163,0.365560754207422,1,L1,1,4264,chr11_94492342_G_A_b38_G__dominant,chr11_94492342_G_A_b38_G,dominant,0.0849075925859452,82,96,126,47,/project2/mstephens/wdenault/susie_mix/plot/one_cs_dominant/MRE11_Breast_add_vs_mix.png
MRE11,Testis,dominant,plotted,Four-panel SuSiE / SuSiE-mix comparison created,1,L1,1,1000,chr11_94436542_C_T_b38_C,chr11_94436542_C_T_b38_C,additive,0.450769792673853,11,Single credible-set lead,103,94,14,TRUE,Same lead SNP; coding change only: additive -> dominant,-280.176417299049,-279.950157805149,0.45251898779884,1,L1,1,4153,chr11_94436542_C_T_b38_C__dominant,chr11_94436542_C_T_b38_C,dominant,0.258566844671452,22,103,94,14,/project2/mstephens/wdenault/susie_mix/plot/one_cs_dominant/MRE11_Testis_add_vs_mix.png
MRE11,Esophagus,dominant,plotted,Four-panel SuSiE / SuSiE-mix comparison created,1,L1,1,1077,chr11_94494504_T_C_b38_T,chr11_94494504_T_C_b38_T,additive,0.11728447688501,48,Single credible-set lead,178,199,35,FALSE,Different lead SNP; coding change: additive -> dominant,-566.227841193278,-564.590768146359,3.27414609383959,1,L1,1,4213,chr11_94395789_C_T_b38_C__dominant,chr11_94395789_C_T_b38_C,dominant,0.104113100203239,55,189,188,35,/project2/mstephens/wdenault/susie_mix/plot/one_cs_dominant/MRE11_Esophagus_add_vs_mix.png
DIRAS1,Pancreas,dominant,plotted,Four-panel SuSiE / SuSiE-mix comparison created,1,L1,1,1600,chr19_2726656_C_T_b38_C,chr19_2726656_C_T_b38_C,additive,0.700635255430259,5,Single credible-set lead,139,35,6,TRUE,Same lead SNP; coding change only: additive -> dominant,-209.061230697052,-208.637374209932,0.847712974239641,1,L1,1,6845,chr19_2726656_C_T_b38_C__dominant,chr19_2726656_C_T_b38_C,dominant,0.467259548709035,6,139,35,6,/project2/mstephens/wdenault/susie_mix/plot/one_cs_dominant/DIRAS1_Pancreas_add_vs_mix.png
IGHMBP2,Spleen,dominant,plotted,Four-panel SuSiE / SuSiE-mix comparison created,1,L1,1,1001,chr11_68951752_C_T_b38_C,chr11_68951752_C_T_b38_C,additive,0.192202761058293,25,Single credible-set lead,84,47,15,FALSE,Different lead SNP; coding change: additive -> dominant,-161.838046994097,-161.343633238116,0.988827511960608,1,L1,1,4277,chr11_68914185_A_G_b38_A__dominant,chr11_68914185_A_G_b38_A,dominant,0.112421537770403,44,81,46,19,/project2/mstephens/wdenault/susie_mix/plot/one_cs_dominant/IGHMBP2_Spleen_add_vs_mix.png
AP3S2,Thyroid,dominant,plotted,Four-panel SuSiE / SuSiE-mix comparison created,1,L1,1,1069,chr15_89865615_C_G_b38_C,chr15_89865615_C_G_b38_C,additive,0.440474956295658,16,Single credible-set lead,230,129,31,TRUE,Same lead SNP; coding change only: additive -> dominant,-508.469945940946,-505.184268199733,6.57135548242752,1,L1,1,5403,chr15_89865615_C_G_b38_C__dominant,chr15_89865615_C_G_b38_C,dominant,0.59279743020387,17,230,129,31,/project2/mstephens/wdenault/susie_mix/plot/one_cs_dominant/AP3S2_Thyroid_add_vs_mix.png
AP3S2,Prostate,dominant,plotted,Four-panel SuSiE / SuSiE-mix comparison created,1,L1,1,1062,chr15_89859803_A_G_b38_A,chr15_89859803_A_G_b38_A,additive,0.19942744636006,35,Single credible-set lead,75,57,11,TRUE,Same lead SNP; coding change only: additive -> dominant,-182.264060617525,-181.327711244423,1.87269874620398,1,L1,1,5063,chr15_89859803_A_G_b38_A__dominant,chr15_89859803_A_G_b38_A,dominant,0.104752204160824,60,75,57,11,/project2/mstephens/wdenault/susie_mix/plot/one_cs_dominant/AP3S2_Prostate_add_vs_mix.png
DCHS2,Stomach,dominant,plotted,Four-panel SuSiE / SuSiE-mix comparison created,1,L1,1,960,chr4_154498959_T_C_b38_T,chr4_154498959_T_C_b38_T,additive,0.655569183722264,4,Single credible-set lead,98,77,14,TRUE,Same lead SNP; coding change only: additive -> dominant,-222.448026212538,-221.606960169537,1.68213208600315,1,L1,1,4299,chr4_154498959_T_C_b38_T__dominant,chr4_154498959_T_C_b38_T,dominant,0.5678813363265,7,98,77,14,/project2/mstephens/wdenault/susie_mix/plot/one_cs_dominant/DCHS2_Stomach_add_vs_mix.png
HLA-DQB1,Stomach,dominant,plotted,Four-panel SuSiE / SuSiE-mix comparison created,1,L1,1,5862,chr6_32645369_A_G_b38_A,chr6_32645369_A_G_b38_A,additive,0.0750067682613516,133,Single credible-set lead,70,82,37,FALSE,Different lead SNP; coding change: additive -> dominant,-223.816413446965,-222.812043995411,2.00873890310697,1,L1,1,26689,chr6_32644028_T_A_b38_T__dominant,chr6_32644028_T_A_b38_T,dominant,0.0192893381274056,226,69,89,31,/project2/mstephens/wdenault/susie_mix/plot/one_cs_dominant/HLA-DQB1_Stomach_add_vs_mix.png
HLA-DQB1,Vagina,dominant,plotted,Four-panel SuSiE / SuSiE-mix comparison created,1,L1,1,5946,chr6_32652956_G_T_b38_G,chr6_32652956_G_T_b38_G,additive,0.0258304967839124,168,Single credible-set lead,37,34,12,FALSE,Different lead SNP; coding change: additive -> dominant,-94.9978421415456,-94.1538043027383,1.68807567761465,1,L1,1,25400,chr6_32660974_C_T_b38_C__dominant,chr6_32660974_C_T_b38_C,dominant,0.0214684493653659,335,39,34,10,/project2/mstephens/wdenault/susie_mix/plot/one_cs_dominant/HLA-DQB1_Vagina_add_vs_mix.png
CCDC13,Thyroid,dominant,plotted,Four-panel SuSiE / SuSiE-mix comparison created,1,L1,1,983,chr3_42728165_A_T_b38_A,chr3_42728165_A_T_b38_A,additive,0.190286864568791,20,Single credible-set lead,263,116,11,TRUE,Same lead SNP; coding change only: additive -> dominant,-509.554402189592,-507.854632275747,3.399539827691,1,L1,1,4502,chr3_42728165_A_T_b38_A__dominant,chr3_42728165_A_T_b38_A,dominant,0.193184221330527,31,263,116,11,/project2/mstephens/wdenault/susie_mix/plot/one_cs_dominant/CCDC13_Thyroid_add_vs_mix.png
PRH1,Esophagus,dominant,plotted,Four-panel SuSiE / SuSiE-mix comparison created,1,L1,1,331,chr12_10873280_G_C_b38_G,chr12_10873280_G_C_b38_G,additive,0.0458887480981378,65,Single credible-set lead,125,194,93,FALSE,Different lead SNP; coding change: additive -> dominant,-541.209675269904,-538.83238836209,4.75457381562819,1,L1,1,5127,chr12_10875908_A_G_b38_A__dominant,chr12_10875908_A_G_b38_A,dominant,0.0344923485395053,63,127,195,90,/project2/mstephens/wdenault/susie_mix/plot/one_cs_dominant/PRH1_Esophagus_add_vs_mix.png
EPHB1,Blood Vessel,dominant,plotted,Four-panel SuSiE / SuSiE-mix comparison created,1,L1,1,1348,chr3_134798535_A_C_b38_A,chr3_134798535_A_C_b38_A,additive,0.999998057577096,1,Single credible-set lead,354,92,4,TRUE,Same lead SNP; coding change only: additive -> dominant,-594.363695587233,-593.169201456717,2.38898826103173,1,L1,1,5270,chr3_134798535_A_C_b38_A__dominant,chr3_134798535_A_C_b38_A,dominant,0.81170605391591,2,354,92,4,/project2/mstephens/wdenault/susie_mix/plot/one_cs_dominant/EPHB1_Blood_Vessel_add_vs_mix.png
EPHB1,Uterus,dominant,plotted,Four-panel SuSiE / SuSiE-mix comparison created,1,L1,1,1347,chr3_134798535_A_C_b38_A,chr3_134798535_A_C_b38_A,additive,0.999027185173755,1,Single credible-set lead,59,17,2,TRUE,Same lead SNP; coding change only: additive -> dominant,-90.800159566475,-90.7123600583707,0.175599016208537,1,L1,1,4667,chr3_134798535_A_C_b38_A__dominant,chr3_134798535_A_C_b38_A,dominant,0.548023550997388,2,59,17,2,/project2/mstephens/wdenault/susie_mix/plot/one_cs_dominant/EPHB1_Uterus_add_vs_mix.png
LRRC2,Adrenal Gland,dominant,plotted,Four-panel SuSiE / SuSiE-mix comparison created,1,L1,1,1389,chr3_46575847_G_A_b38_G,chr3_46575847_G_A_b38_G,additive,0.311686022305036,4,Single credible-set lead,81,51,9,TRUE,Same lead SNP; coding change only: additive -> dominant,-155.541909194904,-154.71033419918,1.66314999144686,1,L1,1,4628,chr3_46575847_G_A_b38_G__dominant,chr3_46575847_G_A_b38_G,dominant,0.241795432186355,6,81,51,9,/project2/mstephens/wdenault/susie_mix/plot/one_cs_dominant/LRRC2_Adrenal_Gland_add_vs_mix.png
SGCA,Thyroid,dominant,plotted,Four-panel SuSiE / SuSiE-mix comparison created,1,L1,1,818,chr17_50166375_G_A_b38_G,chr17_50166375_G_A_b38_G,additive,0.846914617128545,2,Single credible-set lead,153,170,67,TRUE,Same lead SNP; coding change only: additive -> dominant,-510.357740841902,-500.161249055467,20.3929835728687,1,L1,1,4164,chr17_50166375_G_A_b38_G__dominant,chr17_50166375_G_A_b38_G,dominant,0.851125104030319,2,153,170,67,/project2/mstephens/wdenault/susie_mix/plot/one_cs_dominant/SGCA_Thyroid_add_vs_mix.png
SGCA,Uterus,dominant,plotted,Four-panel SuSiE / SuSiE-mix comparison created,1,L1,1,848,chr17_50185660_C_T_b38_C,chr17_50185660_C_T_b38_C,additive,0.752331681093866,4,Single credible-set lead,29,34,15,TRUE,Same lead SNP; coding change only: additive -> dominant,-93.2968569932251,-91.1711671256007,4.25137973524889,1,L1,1,3551,chr17_50185660_C_T_b38_C__dominant,chr17_50185660_C_T_b38_C,dominant,0.755118510850521,5,29,34,15,/project2/mstephens/wdenault/susie_mix/plot/one_cs_dominant/SGCA_Uterus_add_vs_mix.png
CELSR2,Liver,dominant,plotted,Four-panel SuSiE / SuSiE-mix comparison created,1,L1,1,1241,chr1_109274968_G_T_b38_G,chr1_109274968_G_T_b38_G,additive,0.653083236891767,2,Single credible-set lead,81,53,6,TRUE,Same lead SNP; coding change only: additive -> dominant,-155.286420454613,-154.03685242723,2.49913605476502,1,L1,1,4240,chr1_109274968_G_T_b38_G__dominant,chr1_109274968_G_T_b38_G,dominant,0.583620693440676,4,81,53,6,/project2/mstephens/wdenault/susie_mix/plot/one_cs_dominant/CELSR2_Liver_add_vs_mix.png
TTC32,Colon,dominant,plotted,Four-panel SuSiE / SuSiE-mix comparison created,1,L1,1,1524,chr2_19907181_T_A_b38_T,chr2_19907181_T_A_b38_T,additive,0.0946204939241279,18,Single credible-set lead,278,52,2,TRUE,Same lead SNP; coding change only: additive -> dominant,-428.978224463381,-428.496901343263,0.962646240237518,1,L1,1,6031,chr2_19907181_T_A_b38_T__dominant,chr2_19907181_T_A_b38_T,dominant,0.0588367527244542,37,278,52,2,/project2/mstephens/wdenault/susie_mix/plot/one_cs_dominant/TTC32_Colon_add_vs_mix.png
TTC32,Esophagus,dominant,plotted,Four-panel SuSiE / SuSiE-mix comparison created,1,L1,1,1510,chr2_19901468_C_A_b38_C,chr2_19901468_C_A_b38_C,additive,0.542198457519181,10,Single credible-set lead,341,69,2,TRUE,Same lead SNP; coding change only: additive -> dominant,-553.33306379678,-553.283424360764,0.0992788720334374,1,L1,1,6070,chr2_19901468_C_A_b38_C__dominant,chr2_19901468_C_A_b38_C,dominant,0.285361082156933,19,341,69,2,/project2/mstephens/wdenault/susie_mix/plot/one_cs_dominant/TTC32_Esophagus_add_vs_mix.png
TTC32,Thyroid,dominant,plotted,Four-panel SuSiE / SuSiE-mix comparison created,1,L1,1,1505,chr2_19897175_C_A_b38_C,chr2_19897175_C_A_b38_C,additive,0.0938784126455007,27,Single credible-set lead,327,61,2,TRUE,Same lead SNP; coding change only: additive -> dominant,-534.923037574358,-534.829695230759,0.18668468719693,1,L1,1,6061,chr2_19897175_C_A_b38_C__dominant,chr2_19897175_C_A_b38_C,dominant,0.0434413742667633,54,327,61,2,/project2/mstephens/wdenault/susie_mix/plot/one_cs_dominant/TTC32_Thyroid_add_vs_mix.png
TTC32,Prostate,dominant,plotted,Four-panel SuSiE / SuSiE-mix comparison created,1,L1,1,1606,chr2_19955198_C_T_b38_C,chr2_19955198_C_T_b38_C,additive,0.133754337781921,27,Single credible-set lead,118,25,0,FALSE,Different lead SNP; coding change: additive -> dominant,-186.079027026595,-185.980255881748,0.197542289693047,1,L1,1,5458,chr2_19884372_A_G_b38_A__dominant,chr2_19884372_A_G_b38_A,dominant,0.0720007900954537,53,114,25,4,/project2/mstephens/wdenault/susie_mix/plot/one_cs_dominant/TTC32_Prostate_add_vs_mix.png
TTC32,Nerve,dominant,plotted,Four-panel SuSiE / SuSiE-mix comparison created,1,L1,1,1570,chr2_19930384_T_G_b38_T,chr2_19930384_T_G_b38_T,additive,0.0986599832473276,21,Single credible-set lead,297,55,2,TRUE,Same lead SNP; coding change only: additive -> dominant,-485.345681638245,-485.269632353882,0.152098568725705,1,L1,1,6091,chr2_19930384_T_G_b38_T__dominant,chr2_19930384_T_G_b38_T,dominant,0.0532232226883157,40,297,55,2,/project2/mstephens/wdenault/susie_mix/plot/one_cs_dominant/TTC32_Nerve_add_vs_mix.png
NFYA,Thyroid,dominant,plotted,Four-panel SuSiE / SuSiE-mix comparison created,1,L1,1,1232,chr6_41151782_G_C_b38_G,chr6_41151782_G_C_b38_G,additive,0.0310180657704044,66,Single credible-set lead,305,84,1,TRUE,Same lead SNP; coding change only: additive -> dominant,-511.737975040105,-510.178814314835,3.11832145053938,1,L1,1,5214,chr6_41151782_G_C_b38_G__dominant,chr6_41151782_G_C_b38_G,dominant,0.0273566896121534,111,305,84,1,/project2/mstephens/wdenault/susie_mix/plot/one_cs_dominant/NFYA_Thyroid_add_vs_mix.png
NMU,Thyroid,dominant,plotted,Four-panel SuSiE / SuSiE-mix comparison created,1,L1,1,1203,chr4_55656978_C_T_b38_C,chr4_55656978_C_T_b38_C,additive,0.0390800183084235,34,Single credible-set lead,343,45,2,TRUE,Same lead SNP; coding change only: additive -> dominant,-504.971175452254,-502.185905656474,5.57053959156087,1,L1,1,5262,chr4_55656978_C_T_b38_C__dominant,chr4_55656978_C_T_b38_C,dominant,0.0364656040473667,37,343,45,2,/project2/mstephens/wdenault/susie_mix/plot/one_cs_dominant/NMU_Thyroid_add_vs_mix.png
HLA-C,Pituitary,dominant,plotted,Four-panel SuSiE / SuSiE-mix comparison created,1,L1,1,4104,chr6_31268539_G_T_b38_G,chr6_31268539_G_T_b38_G,additive,0.167926111317252,7,Single credible-set lead,105,85,11,TRUE,Same lead SNP; coding change only: additive -> dominant,-242.766470955823,-241.828799693235,1.87534252517463,1,L1,1,19092,chr6_31268539_G_T_b38_G__dominant,chr6_31268539_G_T_b38_G,dominant,0.142129658174834,12,105,85,11,/project2/mstephens/wdenault/susie_mix/plot/one_cs_dominant/HLA-C_Pituitary_add_vs_mix.png
HLA-C,Pancreas,dominant,plotted,Four-panel SuSiE / SuSiE-mix comparison created,1,L1,1,6507,chr6_31357915_G_A_b38_G,chr6_31357915_G_A_b38_G,additive,0.0946626040733916,39,Single credible-set lead,103,71,6,FALSE,Different lead SNP; coding change: additive -> dominant,-235.623609910709,-234.788961348107,1.66929712520522,1,L1,1,20706,chr6_31338162_C_T_b38_C__dominant,chr6_31338162_C_T_b38_C,dominant,0.197764323953664,36,76,87,17,/project2/mstephens/wdenault/susie_mix/plot/one_cs_dominant/HLA-C_Pancreas_add_vs_mix.png
SCAMP5,Skin,dominant,plotted,Four-panel SuSiE / SuSiE-mix comparison created,1,L1,1,598,chr15_75019501_G_C_b38_G,chr15_75019501_G_C_b38_G,additive,0.221187419510508,15,Single credible-set lead,433,79,10,TRUE,Same lead SNP; coding change only: additive -> dominant,-699.64722316451,-698.016191757356,3.26206281430927,1,L1,1,2798,chr15_75019501_G_C_b38_G__dominant,chr15_75019501_G_C_b38_G,dominant,0.103879495642266,23,433,79,10,/project2/mstephens/wdenault/susie_mix/plot/one_cs_dominant/SCAMP5_Skin_add_vs_mix.png
SCAMP5,Liver,dominant,plotted,Four-panel SuSiE / SuSiE-mix comparison created,1,L1,1,573,chr15_75007427_G_A_b38_G,chr15_75007427_G_A_b38_G,additive,0.128367936589712,28,Single credible-set lead,114,22,4,FALSE,Different lead SNP; coding change: additive -> dominant,-159.631616150506,-156.772969495914,5.71729330918339,1,L1,1,2506,chr15_75003123_G_C_b38_G__dominant,chr15_75003123_G_C_b38_G,dominant,0.0750121365248421,31,115,21,4,/project2/mstephens/wdenault/susie_mix/plot/one_cs_dominant/SCAMP5_Liver_add_vs_mix.png
SCAMP5,Thyroid,dominant,plotted,Four-panel SuSiE / SuSiE-mix comparison created,1,L1,1,569,chr15_75006419_G_A_b38_G,chr15_75006419_G_A_b38_G,additive,0.301518759311834,11,Single credible-set lead,323,59,8,TRUE,Same lead SNP; coding change only: additive -> dominant,-519.326740333956,-515.976367771117,6.70074512567635,1,L1,1,2738,chr15_75006419_G_A_b38_G__dominant,chr15_75006419_G_A_b38_G,dominant,0.344246622340564,12,323,59,8,/project2/mstephens/wdenault/susie_mix/plot/one_cs_dominant/SCAMP5_Thyroid_add_vs_mix.png
SCAMP5,Esophagus,dominant,plotted,Four-panel SuSiE / SuSiE-mix comparison created,1,L1,1,530,chr15_74988485_T_C_b38_T,chr15_74988485_T_C_b38_T,additive,0.271654779181925,17,Single credible-set lead,345,57,10,TRUE,Same lead SNP; coding change only: additive -> dominant,-557.386785229984,-553.234763814275,8.30404283141752,1,L1,1,2703,chr15_74988485_T_C_b38_T__dominant,chr15_74988485_T_C_b38_T,dominant,0.420755126149457,23,345,57,10,/project2/mstephens/wdenault/susie_mix/plot/one_cs_dominant/SCAMP5_Esophagus_add_vs_mix.png
SCAMP5,Adipose Tissue,dominant,plotted,Four-panel SuSiE / SuSiE-mix comparison created,1,L1,1,533,chr15_74989751_A_C_b38_A,chr15_74989751_A_C_b38_A,additive,0.211351814159311,17,Single credible-set lead,397,67,6,FALSE,Different lead SNP; coding change: additive -> dominant,-643.810747272148,-639.843636987233,7.93422056982945,1,L1,1,2798,chr15_75026311_A_G_b38_A__dominant,chr15_75026311_A_G_b38_A,dominant,0.113568281919559,16,389,71,10,/project2/mstephens/wdenault/susie_mix/plot/one_cs_dominant/SCAMP5_Adipose_Tissue_add_vs_mix.png
SCAMP5,Breast,dominant,plotted,Four-panel SuSiE / SuSiE-mix comparison created,1,L1,1,530,chr15_74988485_T_C_b38_T,chr15_74988485_T_C_b38_T,additive,0.0846141700168015,34,Single credible-set lead,227,37,5,TRUE,Same lead SNP; coding change only: additive -> dominant,-362.244062088214,-362.194564791107,0.0989945942145596,1,L1,1,2612,chr15_74988485_T_C_b38_T__dominant,chr15_74988485_T_C_b38_T,dominant,0.0568130804822495,67,227,37,5,/project2/mstephens/wdenault/susie_mix/plot/one_cs_dominant/SCAMP5_Breast_add_vs_mix.png
REG3G,Adrenal Gland,dominant,plotted,Four-panel SuSiE / SuSiE-mix comparison created,1,L1,1,1020,chr2_79012090_C_T_b38_C,chr2_79012090_C_T_b38_C,additive,0.0231451621644845,42,Single credible-set lead,81,51,9,TRUE,Same lead SNP; coding change only: additive -> dominant,-157.732665974989,-156.654995912088,2.15534012580258,1,L1,1,5089,chr2_79012090_C_T_b38_C__dominant,chr2_79012090_C_T_b38_C,dominant,0.0185737187536057,77,81,51,9,/project2/mstephens/wdenault/susie_mix/plot/one_cs_dominant/REG3G_Adrenal_Gland_add_vs_mix.png
HLA-DRB5,Brain,dominant,plotted,Four-panel SuSiE / SuSiE-mix comparison created,1,L1,1,4402,chr6_32604628_C_T_b38_C,chr6_32604628_C_T_b38_C,additive,0.0421733360284259,47,Single credible-set lead,174,78,5,FALSE,Different lead SNP; coding change: additive -> dominant,-323.57816506923,-322.189514825924,2.77730048661192,1,L1,1,22022,chr6_32578085_C_T_b38_C__dominant,chr6_32578085_C_T_b38_C,dominant,0.0320638153054177,89,174,74,9,/project2/mstephens/wdenault/susie_mix/plot/one_cs_dominant/HLA-DRB5_Brain_add_vs_mix.png
HLA-DRB5,Ovary,dominant,plotted,Four-panel SuSiE / SuSiE-mix comparison created,1,L1,1,4670,chr6_32610508_A_C_b38_A,chr6_32610508_A_C_b38_A,additive,0.0293844656093638,43,Single credible-set lead,70,31,5,FALSE,Different lead SNP; coding change: additive -> dominant,-117.323403959508,-113.938984921194,6.76883807662665,1,L1,1,20840,chr6_32553964_T_C_b38_T__dominant,chr6_32553964_T_C_b38_T,dominant,0.021464983558823,47,70,30,6,/project2/mstephens/wdenault/susie_mix/plot/one_cs_dominant/HLA-DRB5_Ovary_add_vs_mix.png
HLA-DRB5,Uterus,dominant,plotted,Four-panel SuSiE / SuSiE-mix comparison created,1,L1,1,3733,chr6_32581819_T_C_b38_T,chr6_32581819_T_C_b38_T,additive,0.0739543352461772,44,Single credible-set lead,55,20,3,FALSE,Different lead SNP; coding change: additive -> dominant,-83.8126072259291,-80.5075751662262,6.61006411940576,1,L1,1,19596,chr6_32578085_C_T_b38_C__dominant,chr6_32578085_C_T_b38_C,dominant,0.0330065237227561,45,54,20,4,/project2/mstephens/wdenault/susie_mix/plot/one_cs_dominant/HLA-DRB5_Uterus_add_vs_mix.png
ZNF559,Pituitary,dominant,plotted,Four-panel SuSiE / SuSiE-mix comparison created,1,L1,1,1688,chr19_9324196_C_T_b38_C,chr19_9324196_C_T_b38_C,additive,0.712475609384618,2,Single credible-set lead,161,39,1,FALSE,Different lead SNP; coding change: additive -> dominant,-243.514917845403,-243.434611687456,0.160612315895378,1,L1,1,6347,chr19_9432353_T_C_b38_T__dominant,chr19_9432353_T_C_b38_T,dominant,0.426079561644215,3,157,41,3,/project2/mstephens/wdenault/susie_mix/plot/one_cs_dominant/ZNF559_Pituitary_add_vs_mix.png
MRPL23,Testis,dominant,plotted,Four-panel SuSiE / SuSiE-mix comparison created,1,L1,1,1573,chr11_1941470_C_T_b38_C,chr11_1941470_C_T_b38_C,additive,0.986304071943622,1,Single credible-set lead,154,51,6,TRUE,Same lead SNP; coding change only: additive -> dominant,-257.752492967767,-255.831976024724,3.84103388608537,1,L1,1,6170,chr11_1941470_C_T_b38_C__dominant,chr11_1941470_C_T_b38_C,dominant,0.888097143318522,2,154,51,6,/project2/mstephens/wdenault/susie_mix/plot/one_cs_dominant/MRPL23_Testis_add_vs_mix.png
MRPL23,Spleen,dominant,plotted,Four-panel SuSiE / SuSiE-mix comparison created,1,L1,1,1573,chr11_1941470_C_T_b38_C,chr11_1941470_C_T_b38_C,additive,0.977955677190521,1,Single credible-set lead,114,26,6,TRUE,Same lead SNP; coding change only: additive -> dominant,-177.421851502998,-171.697131793865,11.449439418266,1,L1,1,5916,chr11_1941470_C_T_b38_C__dominant,chr11_1941470_C_T_b38_C,dominant,0.995120811079068,1,114,26,6,/project2/mstephens/wdenault/susie_mix/plot/one_cs_dominant/MRPL23_Spleen_add_vs_mix.png
MRPL23,Liver,dominant,plotted,Four-panel SuSiE / SuSiE-mix comparison created,1,L1,1,1573,chr11_1941470_C_T_b38_C,chr11_1941470_C_T_b38_C,additive,0.970102894954744,1,Single credible-set lead,98,36,6,TRUE,Same lead SNP; coding change only: additive -> dominant,-171.43996502153,-171.425896656566,0.028136729927553,1,L1,1,5825,chr11_1941470_C_T_b38_C__dominant,chr11_1941470_C_T_b38_C,dominant,0.492415601552354,2,98,36,6,/project2/mstephens/wdenault/susie_mix/plot/one_cs_dominant/MRPL23_Liver_add_vs_mix.png
ADCY3,Blood,dominant,plotted,Four-panel SuSiE / SuSiE-mix comparison created,1,L1,1,673,chr2_24874203_G_C_b38_G,chr2_24874203_G_C_b38_G,additive,0.084955523034159,52,Single credible-set lead,127,204,104,TRUE,Same lead SNP; coding change only: additive -> dominant,-577.07143920516,-573.473012189398,7.19685403152494,1,L1,1,3695,chr2_24874203_G_C_b38_G__dominant,chr2_24874203_G_C_b38_G,dominant,0.0692974859268067,47,127,204,104,/project2/mstephens/wdenault/susie_mix/plot/one_cs_dominant/ADCY3_Blood_add_vs_mix.png
PWP2,Vagina,dominant,plotted,Four-panel SuSiE / SuSiE-mix comparison created,1,L1,1,914,chr21_44024948_C_G_b38_C,chr21_44024948_C_G_b38_C,additive,0.0796853942668354,12,Single credible-set lead,47,31,5,TRUE,Same lead SNP; coding change only: additive -> dominant,-76.8449497068871,-76.621056647879,0.447786118016296,1,L1,1,3645,chr21_44024948_C_G_b38_C__dominant,chr21_44024948_C_G_b38_C,dominant,0.0465596272164486,24,47,31,5,/project2/mstephens/wdenault/susie_mix/plot/one_cs_dominant/PWP2_Vagina_add_vs_mix.png
SNX16,Blood Vessel,dominant,plotted,Four-panel SuSiE / SuSiE-mix comparison created,1,L1,1,1167,chr8_81866327_A_G_b38_A,chr8_81866327_A_G_b38_A,additive,0.0380860204448888,47,Single credible-set lead,153,208,89,FALSE,Different lead SNP; coding change: additive -> dominant,-599.414912694874,-596.015778678434,6.79826803287961,1,L1,1,4375,chr8_81796584_A_G_b38_A__dominant,chr8_81796584_A_G_b38_A,dominant,0.0503570832240442,44,153,208,89,/project2/mstephens/wdenault/susie_mix/plot/one_cs_dominant/SNX16_Blood_Vessel_add_vs_mix.png
SNX16,Pituitary,dominant,plotted,Four-panel SuSiE / SuSiE-mix comparison created,1,L1,1,1207,chr8_81880349_A_T_b38_A,chr8_81880349_A_T_b38_A,additive,0.0567145753463213,45,Single credible-set lead,70,96,35,FALSE,Different lead SNP; coding change: additive -> dominant,-267.452285116315,-265.400605908094,4.10335841644212,1,L1,1,4102,chr8_81858255_G_A_b38_G__dominant,chr8_81858255_G_A_b38_G,dominant,0.0578181474267081,94,69,98,34,/project2/mstephens/wdenault/susie_mix/plot/one_cs_dominant/SNX16_Pituitary_add_vs_mix.png
NDUFA3,Muscle,dominant,plotted,Four-panel SuSiE / SuSiE-mix comparison created,1,L1,1,1696,chr19_54132915_A_G_b38_A,chr19_54132915_A_G_b38_A,additive,0.372190008750217,6,Single credible-set lead,345,120,12,TRUE,Same lead SNP; coding change only: additive -> dominant,-637.867233592196,-637.592166078943,0.550135026507178,1,L1,1,7608,chr19_54132915_A_G_b38_A__dominant,chr19_54132915_A_G_b38_A,dominant,0.253090823377714,11,345,120,12,/project2/mstephens/wdenault/susie_mix/plot/one_cs_dominant/NDUFA3_Muscle_add_vs_mix.png
NDUFA3,Nerve,dominant,plotted,Four-panel SuSiE / SuSiE-mix comparison created,1,L1,1,1696,chr19_54132915_A_G_b38_A,chr19_54132915_A_G_b38_A,additive,0.421248042651735,8,Single credible-set lead,257,90,7,TRUE,Same lead SNP; coding change only: additive -> dominant,-486.59011811163,-486.349691889981,0.480852443297636,1,L1,1,7447,chr19_54132915_A_G_b38_A__dominant,chr19_54132915_A_G_b38_A,dominant,0.289562669523505,15,257,90,7,/project2/mstephens/wdenault/susie_mix/plot/one_cs_dominant/NDUFA3_Nerve_add_vs_mix.png
CEP192,Prostate,dominant,plotted,Four-panel SuSiE / SuSiE-mix comparison created,1,L1,1,1174,chr18_12991394_T_C_b38_T,chr18_12991394_T_C_b38_T,additive,0.599765968636677,41,Single credible-set lead,62,65,16,TRUE,Same lead SNP; coding change only: additive -> dominant,-164.646573938038,-160.36079198752,8.57156390103683,1,L1,1,4630,chr18_12991394_T_C_b38_T__dominant,chr18_12991394_T_C_b38_T,dominant,0.921780546822854,2,62,65,16,/project2/mstephens/wdenault/susie_mix/plot/one_cs_dominant/CEP192_Prostate_add_vs_mix.png
NUDT13,Adipose Tissue,dominant,plotted,Four-panel SuSiE / SuSiE-mix comparison created,2,L1,1,484,chr10_73157651_G_A_b38_G,chr10_73157651_G_A_b38_G,additive,0.011242179828677,245,Highest-PIP credible-set lead,383,77,10,FALSE,Different lead SNP; coding change: additive -> dominant,-625.51523163665,-627.076212011631,-3.12196074996359,1,L1,1,2195,chr10_73217581_A_C_b38_A__dominant,chr10_73217581_A_C_b38_A,dominant,0.00987176967783521,664,381,81,8,/project2/mstephens/wdenault/susie_mix/plot/one_cs_dominant/NUDT13_Adipose_Tissue_add_vs_mix.png
NUDT13,Nerve,dominant,plotted,Four-panel SuSiE / SuSiE-mix comparison created,1,L1,1,449,chr10_73141177_T_C_b38_T,chr10_73141177_T_C_b38_T,additive,0.0129778752276869,216,Single credible-set lead,288,58,8,TRUE,Same lead SNP; coding change only: additive -> dominant,-464.089018535629,-464.074042178916,0.0299527134261552,1,L1,1,2047,chr10_73141177_T_C_b38_T__dominant,chr10_73141177_T_C_b38_T,dominant,0.00868302280705757,417,288,58,8,/project2/mstephens/wdenault/susie_mix/plot/one_cs_dominant/NUDT13_Nerve_add_vs_mix.png
NUDT13,Spleen,dominant,plotted,Four-panel SuSiE / SuSiE-mix comparison created,1,L1,1,299,chr10_73065438_T_C_b38_T,chr10_73065438_T_C_b38_T,additive,0.0127350490211048,462,Single credible-set lead,120,26,0,FALSE,Different lead SNP; coding change: additive -> dominant,-190.232170876934,-189.960987409091,0.542366935685664,1,L1,1,1823,chr10_73199486_A_G_b38_A__dominant,chr10_73199486_A_G_b38_A,dominant,0.00511187436115135,790,117,28,1,/project2/mstephens/wdenault/susie_mix/plot/one_cs_dominant/NUDT13_Spleen_add_vs_mix.png
NUDT13,Breast,dominant,plotted,Four-panel SuSiE / SuSiE-mix comparison created,1,L1,1,299,chr10_73065438_T_C_b38_T,chr10_73065438_T_C_b38_T,additive,0.0110595004520692,353,Single credible-set lead,232,36,1,FALSE,Different lead SNP; coding change: additive -> dominant,-366.898988794456,-366.892207929346,0.0135617302198625,1,L1,1,1607,chr10_73078499_G_A_b38_G__dominant,chr10_73078499_G_A_b38_G,dominant,0.0064529808768542,702,234,34,1,/project2/mstephens/wdenault/susie_mix/plot/one_cs_dominant/NUDT13_Breast_add_vs_mix.png
LRRC61,Nerve,dominant,plotted,Four-panel SuSiE / SuSiE-mix comparison created,1,L1,1,1173,chr7_150323292_G_A_b38_G,chr7_150323292_G_A_b38_G,additive,0.634478637127011,7,Single credible-set lead,213,118,23,TRUE,Same lead SNP; coding change only: additive -> dominant,-463.756005768216,-461.274648091044,4.96271535434335,1,L1,1,6398,chr7_150323292_G_A_b38_G__dominant,chr7_150323292_G_A_b38_G,dominant,0.788784177400245,8,213,118,23,/project2/mstephens/wdenault/susie_mix/plot/one_cs_dominant/LRRC61_Nerve_add_vs_mix.png
LRRC61,Skin,dominant,plotted,Four-panel SuSiE / SuSiE-mix comparison created,1,L1,1,1192,chr7_150329250_C_G_b38_C,chr7_150329250_C_G_b38_C,additive,0.0806114434272612,17,Single credible-set lead,311,180,31,FALSE,Different lead SNP; coding change: additive -> dominant,-710.364891426844,-709.989387566059,0.751007721570659,1,L1,1,6537,chr7_150319434_T_C_b38_T__dominant,chr7_150319434_T_C_b38_T,dominant,0.0583838453690148,26,297,187,38,/project2/mstephens/wdenault/susie_mix/plot/one_cs_dominant/LRRC61_Skin_add_vs_mix.png
LRRC61,Breast,dominant,plotted,Four-panel SuSiE / SuSiE-mix comparison created,1,L1,1,1177,chr7_150323437_C_T_b38_C,chr7_150323437_C_T_b38_C,additive,0.0896441156018686,53,Single credible-set lead,152,95,22,TRUE,Same lead SNP; coding change only: additive -> dominant,-365.482543774332,-364.370025007254,2.22503753415685,1,L1,1,6168,chr7_150323437_C_T_b38_C__dominant,chr7_150323437_C_T_b38_C,dominant,0.0870191286646237,87,152,95,22,/project2/mstephens/wdenault/susie_mix/plot/one_cs_dominant/LRRC61_Breast_add_vs_mix.png
ELMOD1,Muscle,dominant,plotted,Four-panel SuSiE / SuSiE-mix comparison created,2,L1,1,1272,chr11_107592152_A_C_b38_A,chr11_107592152_A_C_b38_A,additive,0.999999999994866,1,Highest-PIP credible-set lead,212,211,54,TRUE,Same lead SNP; coding change only: additive -> dominant,-630.728142866284,-635.433617536573,-9.41094934057878,1,L1,1,5622,chr11_107592152_A_C_b38_A__dominant,chr11_107592152_A_C_b38_A,dominant,0.920928458094892,2,212,211,54,/project2/mstephens/wdenault/susie_mix/plot/one_cs_dominant/ELMOD1_Muscle_add_vs_mix.png
FAHD1,Adipose Tissue,dominant,plotted,Four-panel SuSiE / SuSiE-mix comparison created,1,L1,1,1592,chr16_1856333_T_C_b38_T,chr16_1856333_T_C_b38_T,additive,0.0389097136520533,262,Single credible-set lead,318,144,8,TRUE,Same lead SNP; coding change only: additive -> dominant,-629.935906602586,-628.6097266207,2.6523599637726,1,L1,1,6333,chr16_1856333_T_C_b38_T__dominant,chr16_1856333_T_C_b38_T,dominant,0.0309682940409752,429,318,144,8,/project2/mstephens/wdenault/susie_mix/plot/one_cs_dominant/FAHD1_Adipose_Tissue_add_vs_mix.png
FAHD1,Nerve,dominant,plotted,Four-panel SuSiE / SuSiE-mix comparison created,1,L1,1,1531,chr16_1848594_A_G_b38_A,chr16_1848594_A_G_b38_A,additive,0.0237383270511365,230,Single credible-set lead,244,105,5,TRUE,Same lead SNP; coding change only: additive -> dominant,-465.051779899807,-464.839359201842,0.424841395929661,1,L1,1,5917,chr16_1848594_A_G_b38_A__dominant,chr16_1848594_A_G_b38_A,dominant,0.0150621607082805,441,244,105,5,/project2/mstephens/wdenault/susie_mix/plot/one_cs_dominant/FAHD1_Nerve_add_vs_mix.png
FAHD1,Pancreas,dominant,plotted,Four-panel SuSiE / SuSiE-mix comparison created,1,L1,1,1334,chr16_1821328_C_T_b38_C,chr16_1821328_C_T_b38_C,additive,0.0086154888192671,133,Single credible-set lead,118,55,7,FALSE,Different lead SNP; coding change: additive -> dominant,-220.284074418374,-220.418556040901,-0.268963245054692,1,L1,1,5537,chr16_1802774_T_C_b38_T__dominant,chr16_1802774_T_C_b38_T,dominant,0.0112956620386139,195,126,49,5,/project2/mstephens/wdenault/susie_mix/plot/one_cs_dominant/FAHD1_Pancreas_add_vs_mix.png
FAHD1,Breast,dominant,plotted,Four-panel SuSiE / SuSiE-mix comparison created,1,L1,1,1351,chr16_1824145_C_A_b38_C,chr16_1824145_C_A_b38_C,additive,0.0138504942124161,257,Single credible-set lead,185,79,5,TRUE,Same lead SNP; coding change only: additive -> dominant,-363.962401541738,-363.536370867824,0.852061347826975,1,L1,1,5743,chr16_1824145_C_A_b38_C__dominant,chr16_1824145_C_A_b38_C,dominant,0.00798365133278267,491,185,79,5,/project2/mstephens/wdenault/susie_mix/plot/one_cs_dominant/FAHD1_Breast_add_vs_mix.png
GLDN,Muscle,dominant,plotted,Four-panel SuSiE / SuSiE-mix comparison created,1,L1,1,953,chr15_51349344_G_A_b38_G,chr15_51349344_G_A_b38_G,additive,0.0806948707245772,19,Single credible-set lead,375,93,9,TRUE,Same lead SNP; coding change only: additive -> dominant,-638.208533891063,-638.105562175983,0.205943430160232,1,L1,1,4341,chr15_51349344_G_A_b38_G__dominant,chr15_51349344_G_A_b38_G,dominant,0.0427798717292205,39,375,93,9,/project2/mstephens/wdenault/susie_mix/plot/one_cs_dominant/GLDN_Muscle_add_vs_mix.png
MXRA7,Thyroid,dominant,plotted,Four-panel SuSiE / SuSiE-mix comparison created,1,L1,1,1162,chr17_76676325_G_T_b38_G,chr17_76676325_G_T_b38_G,additive,0.870406813708025,3,Single credible-set lead,307,78,5,TRUE,Same lead SNP; coding change only: additive -> dominant,-516.324880741348,-516.157296266227,0.335168950241496,1,L1,1,6078,chr17_76676325_G_T_b38_G__dominant,chr17_76676325_G_T_b38_G,dominant,0.432782704126118,7,307,78,5,/project2/mstephens/wdenault/susie_mix/plot/one_cs_dominant/MXRA7_Thyroid_add_vs_mix.png
IQGAP1,Blood Vessel,dominant,plotted,Four-panel SuSiE / SuSiE-mix comparison created,1,L1,1,1307,chr15_90440233_A_G_b38_A,chr15_90440233_A_G_b38_A,additive,0.486345828901616,15,Single credible-set lead,291,139,20,TRUE,Same lead SNP; coding change only: additive -> dominant,-602.384726292222,-602.175241035994,0.418970512455189,1,L1,1,5763,chr15_90440233_A_G_b38_A__dominant,chr15_90440233_A_G_b38_A,dominant,0.186604645277716,33,291,139,20,/project2/mstephens/wdenault/susie_mix/plot/one_cs_dominant/IQGAP1_Blood_Vessel_add_vs_mix.png
IQGAP1,Lung,dominant,plotted,Four-panel SuSiE / SuSiE-mix comparison created,1,L1,1,1307,chr15_90440233_A_G_b38_A,chr15_90440233_A_G_b38_A,additive,0.0972185190012436,85,Single credible-set lead,206,101,16,TRUE,Same lead SNP; coding change only: additive -> dominant,-437.824210764172,-437.297100986544,1.05421955525674,1,L1,1,5673,chr15_90440233_A_G_b38_A__dominant,chr15_90440233_A_G_b38_A,dominant,0.057636643773011,137,206,101,16,/project2/mstephens/wdenault/susie_mix/plot/one_cs_dominant/IQGAP1_Lung_add_vs_mix.png
AKR1C2,Brain,dominant,plotted,Four-panel SuSiE / SuSiE-mix comparison created,1,L1,1,1426,chr10_4940020_C_T_b38_C,chr10_4940020_C_T_b38_C,additive,0.142226623390011,37,Single credible-set lead,193,61,3,FALSE,Different lead SNP; coding change: additive -> dominant,-328.812054941522,-326.068285045655,5.48753979173489,1,L1,1,7919,chr10_4918128_C_G_b38_C__dominant,chr10_4918128_C_G_b38_C,dominant,0.0977581521089729,50,190,60,7,/project2/mstephens/wdenault/susie_mix/plot/one_cs_dominant/AKR1C2_Brain_add_vs_mix.png
AKR1C2,Skin,dominant,plotted,Four-panel SuSiE / SuSiE-mix comparison created,1,L1,1,1714,chr10_5003612_C_A_b38_C,chr10_5003612_C_A_b38_C,additive,0.129125186850004,37,Single credible-set lead,411,111,0,FALSE,Different lead SNP; coding change: additive -> dominant,-709.73612586649,-707.429600351788,4.61305102940423,1,L1,1,8474,chr10_4936552_G_A_b38_G__dominant,chr10_4936552_G_A_b38_G,dominant,0.181567865273769,54,408,105,9,/project2/mstephens/wdenault/susie_mix/plot/one_cs_dominant/AKR1C2_Skin_add_vs_mix.png
AKR1C2,Nerve,dominant,plotted,Four-panel SuSiE / SuSiE-mix comparison created,1,L1,1,1410,chr10_4936552_G_A_b38_G,chr10_4936552_G_A_b38_G,additive,0.180604592298004,40,Single credible-set lead,284,66,4,TRUE,Same lead SNP; coding change only: additive -> dominant,-480.787952314028,-480.188627342132,1.19864994379293,1,L1,1,8185,chr10_4936552_G_A_b38_G__dominant,chr10_4936552_G_A_b38_G,dominant,0.147369372263769,74,284,66,4,/project2/mstephens/wdenault/susie_mix/plot/one_cs_dominant/AKR1C2_Nerve_add_vs_mix.png
AKR1C2,Blood Vessel,dominant,plotted,Four-panel SuSiE / SuSiE-mix comparison created,1,L1,1,1336,chr10_4922448_T_C_b38_T,chr10_4922448_T_C_b38_T,additive,0.0757445063162117,40,Single credible-set lead,360,84,6,TRUE,Same lead SNP; coding change only: additive -> dominant,-616.299337436818,-616.022356207538,0.553962458558544,1,L1,1,8317,chr10_4922448_T_C_b38_T__dominant,chr10_4922448_T_C_b38_T,dominant,0.0467241585286202,75,360,84,6,/project2/mstephens/wdenault/susie_mix/plot/one_cs_dominant/AKR1C2_Blood_Vessel_add_vs_mix.png
CPAMD8,Blood Vessel,dominant,plotted,Four-panel SuSiE / SuSiE-mix comparison created,1,L1,1,747,chr19_16965078_G_A_b38_G,chr19_16965078_G_A_b38_G,additive,0.173266872731607,14,Single credible-set lead,294,137,19,TRUE,Same lead SNP; coding change only: additive -> dominant,-602.491759874986,-597.849794001362,9.28393174724715,1,L1,1,4885,chr19_16965078_G_A_b38_G__dominant,chr19_16965078_G_A_b38_G,dominant,0.242235627309064,14,294,137,19,/project2/mstephens/wdenault/susie_mix/plot/one_cs_dominant/CPAMD8_Blood_Vessel_add_vs_mix.png
CPAMD8,Blood,dominant,plotted,Four-panel SuSiE / SuSiE-mix comparison created,1,L1,1,730,chr19_16954377_T_C_b38_T,chr19_16954377_T_C_b38_T,additive,0.11233896060932,16,Single credible-set lead,277,136,22,TRUE,Same lead SNP; coding change only: additive -> dominant,-599.578401282068,-599.549857624309,0.0570873155172649,1,L1,1,4831,chr19_16954377_T_C_b38_T__dominant,chr19_16954377_T_C_b38_T,dominant,0.0899037763181536,32,277,136,22,/project2/mstephens/wdenault/susie_mix/plot/one_cs_dominant/CPAMD8_Blood_add_vs_mix.png
PPIL3,Testis,dominant,plotted,Four-panel SuSiE / SuSiE-mix comparison created,1,L1,1,935,chr2_200885129_G_C_b38_G,chr2_200885129_G_C_b38_G,additive,0.127824662852586,47,Single credible-set lead,151,56,4,TRUE,Same lead SNP; coding change only: additive -> dominant,-264.164310156165,-263.244874541768,1.83887122879412,1,L1,1,3370,chr2_200885129_G_C_b38_G__dominant,chr2_200885129_G_C_b38_G,dominant,0.126868411647891,63,151,56,4,/project2/mstephens/wdenault/susie_mix/plot/one_cs_dominant/PPIL3_Testis_add_vs_mix.png
PPIL3,Lung,dominant,plotted,Four-panel SuSiE / SuSiE-mix comparison created,1,L1,1,929,chr2_200877622_C_T_b38_C,chr2_200877622_C_T_b38_C,additive,0.323588445883453,27,Single credible-set lead,190,110,23,TRUE,Same lead SNP; coding change only: additive -> dominant,-435.374494358762,-435.201836181377,0.345316354769238,1,L1,1,3510,chr2_200877622_C_T_b38_C__dominant,chr2_200877622_C_T_b38_C,dominant,0.249184087878458,56,190,110,23,/project2/mstephens/wdenault/susie_mix/plot/one_cs_dominant/PPIL3_Lung_add_vs_mix.png
FRAS1,Spleen,dominant,plotted,Four-panel SuSiE / SuSiE-mix comparison created,1,L1,1,1456,chr4_78336556_T_C_b38_T,chr4_78336556_T_C_b38_T,additive,0.99999998383403,1,Single credible-set lead,109,33,4,TRUE,Same lead SNP; coding change only: additive -> dominant,-170.138616625827,-169.584131081025,1.10897108960364,1,L1,1,5139,chr4_78336556_T_C_b38_T__dominant,chr4_78336556_T_C_b38_T,dominant,0.690541003674943,2,109,33,4,/project2/mstephens/wdenault/susie_mix/plot/one_cs_dominant/FRAS1_Spleen_add_vs_mix.png
C2CD4C,Thyroid,dominant,plotted,Four-panel SuSiE / SuSiE-mix comparison created,1,L1,1,440,chr19_385465_G_A_b38_G,chr19_385465_G_A_b38_G,additive,0.999999999080221,1,Single credible-set lead,352,37,1,TRUE,Same lead SNP; coding change only: additive -> dominant,-516.783181951364,-516.731762116913,0.102839668903016,1,L1,1,4558,chr19_385465_G_A_b38_G__dominant,chr19_385465_G_A_b38_G,dominant,0.524180419511803,2,352,37,1,/project2/mstephens/wdenault/susie_mix/plot/one_cs_dominant/C2CD4C_Thyroid_add_vs_mix.png
RPL36AL,Colon,dominant,plotted,Four-panel SuSiE / SuSiE-mix comparison created,1,L1,1,953,chr14_49662797_A_C_b38_A,chr14_49662797_A_C_b38_A,additive,0.215385545569389,17,Single credible-set lead,179,132,21,TRUE,Same lead SNP; coding change only: additive -> dominant,-435.959414760787,-435.551438247424,0.81595302672622,1,L1,1,4179,chr14_49662797_A_C_b38_A__dominant,chr14_49662797_A_C_b38_A,dominant,0.273650375657554,19,179,132,21,/project2/mstephens/wdenault/susie_mix/plot/one_cs_dominant/RPL36AL_Colon_add_vs_mix.png
RRP7A,Skin,dominant,plotted,Four-panel SuSiE / SuSiE-mix comparison created,1,L1,1,950,chr22_42509675_T_C_b38_T,chr22_42509675_T_C_b38_T,additive,0.298333403023254,8,Single credible-set lead,308,193,21,TRUE,Same lead SNP; coding change only: additive -> dominant,-705.59868367921,-698.757962472224,13.681442413972,1,L1,1,5454,chr22_42509675_T_C_b38_T__dominant,chr22_42509675_T_C_b38_T,dominant,0.34597529576189,7,308,193,21,/project2/mstephens/wdenault/susie_mix/plot/one_cs_dominant/RRP7A_Skin_add_vs_mix.png
RRP7A,Colon,dominant,plotted,Four-panel SuSiE / SuSiE-mix comparison created,2,L2,2,1076,chr22_42547475_G_A_b38_G,chr22_42547475_G_A_b38_G,additive,0.63037304025741,17,Highest-PIP credible-set lead,214,105,13,TRUE,Same lead SNP; coding change only: additive -> dominant,-442.059837222821,-450.441416328048,-16.7631582104539,1,L1,1,5426,chr22_42547475_G_A_b38_G__dominant,chr22_42547475_G_A_b38_G,dominant,0.492405647031296,29,214,105,13,/project2/mstephens/wdenault/susie_mix/plot/one_cs_dominant/RRP7A_Colon_add_vs_mix.png
RRP7A,Testis,dominant,plotted,Four-panel SuSiE / SuSiE-mix comparison created,2,L1,1,986,chr22_42516130_G_T_b38_G,chr22_42516130_G_T_b38_G,additive,0.270768255647809,12,Highest-PIP credible-set lead,166,45,0,FALSE,Different lead SNP; coding change: additive -> dominant,-274.925135073522,-281.599049217467,-13.3478282878899,1,L1,1,5260,chr22_42550874_C_A_b38_C__dominant,chr22_42550874_C_A_b38_C,dominant,0.187994238618895,16,138,66,7,/project2/mstephens/wdenault/susie_mix/plot/one_cs_dominant/RRP7A_Testis_add_vs_mix.png
C7orf25,Spleen,dominant,plotted,Four-panel SuSiE / SuSiE-mix comparison created,1,L1,1,1229,chr7_42938543_G_C_b38_G,chr7_42938543_G_C_b38_G,additive,0.0367052134182472,41,Single credible-set lead,109,33,4,TRUE,Same lead SNP; coding change only: additive -> dominant,-171.470282035426,-171.55086127029,-0.161158469727468,1,L1,1,4838,chr7_42938543_G_C_b38_G__dominant,chr7_42938543_G_C_b38_G,dominant,0.0207180574606298,82,109,33,4,/project2/mstephens/wdenault/susie_mix/plot/one_cs_dominant/C7orf25_Spleen_add_vs_mix.png
C7orf25,Blood,dominant,plotted,Four-panel SuSiE / SuSiE-mix comparison created,1,L1,1,1168,chr7_42905432_C_T_b38_C,chr7_42905432_C_T_b38_C,additive,0.032131562276859,52,Single credible-set lead,329,89,17,FALSE,Different lead SNP; coding change: additive -> dominant,-585.458283200777,-583.715331590674,3.48590322020596,1,L1,1,5357,chr7_42938543_G_C_b38_G__dominant,chr7_42938543_G_C_b38_G,dominant,0.0292408972088347,86,329,90,16,/project2/mstephens/wdenault/susie_mix/plot/one_cs_dominant/C7orf25_Blood_add_vs_mix.png
NUP54,Nerve,dominant,plotted,Four-panel SuSiE / SuSiE-mix comparison created,2,L2,2,1345,chr4_76125359_C_A_b38_C,chr4_76125359_C_A_b38_C,additive,0.0487480623690205,170,Highest-PIP credible-set lead,239,101,14,FALSE,Different lead SNP; coding change: additive -> dominant,-460.436210520591,-466.74113074024,-12.6098404392973,1,L1,1,6533,chr4_76127204_G_A_b38_G__dominant,chr4_76127204_G_A_b38_G,dominant,0.0119910332939479,264,258,83,13,/project2/mstephens/wdenault/susie_mix/plot/one_cs_dominant/NUP54_Nerve_add_vs_mix.png
NUP54,Pituitary,dominant,plotted,Four-panel SuSiE / SuSiE-mix comparison created,1,L1,1,1303,chr4_76118820_T_C_b38_T,chr4_76118820_T_C_b38_T,additive,0.0093356732208556,154,Single credible-set lead,144,49,8,TRUE,Same lead SNP; coding change only: additive -> dominant,-261.756890586414,-260.97201542696,1.56975031890818,1,L1,1,6147,chr4_76118820_T_C_b38_T__dominant,chr4_76118820_T_C_b38_T,dominant,0.00715099519044193,298,144,49,8,/project2/mstephens/wdenault/susie_mix/plot/one_cs_dominant/NUP54_Pituitary_add_vs_mix.png
ZC3H3,Liver,dominant,plotted,Four-panel SuSiE / SuSiE-mix comparison created,1,L1,1,1440,chr8_143547232_T_A_b38_T,chr8_143547232_T_A_b38_T,additive,0.132982845617028,12,Single credible-set lead,33,70,37,FALSE,Different lead SNP; coding change: additive -> dominant,-163.087396709162,-154.102619306462,17.9695548054011,1,L1,1,5182,chr8_143535521_A_G_b38_A__dominant,chr8_143535521_A_G_b38_A,dominant,0.0871686433240786,16,39,70,31,/project2/mstephens/wdenault/susie_mix/plot/one_cs_dominant/ZC3H3_Liver_add_vs_mix.png
EPS8L1,Thyroid,dominant,plotted,Four-panel SuSiE / SuSiE-mix comparison created,1,L1,1,2826,chr19_55076454_G_A_b38_G,chr19_55076454_G_A_b38_G,additive,0.135504151034424,20,Single credible-set lead,268,117,5,FALSE,Different lead SNP; coding change: additive -> dominant,-518.722684801564,-517.07695120363,3.29146719586743,1,L1,1,9390,chr19_55082049_C_T_b38_C__dominant,chr19_55082049_C_T_b38_C,dominant,0.458861681839737,25,240,136,14,/project2/mstephens/wdenault/susie_mix/plot/one_cs_dominant/EPS8L1_Thyroid_add_vs_mix.png
TDRD9,Nerve,dominant,plotted,Four-panel SuSiE / SuSiE-mix comparison created,1,L1,1,1000,chr14_103984555_G_A_b38_G,chr14_103984555_G_A_b38_G,additive,0.100956607639331,22,Single credible-set lead,185,136,33,FALSE,Different lead SNP; coding change: additive -> dominant,-467.650996233851,-467.44344466357,0.415103140560973,1,L1,1,4843,chr14_103912869_G_T_b38_G__dominant,chr14_103912869_G_T_b38_G,dominant,0.0725907993856337,43,188,135,31,/project2/mstephens/wdenault/susie_mix/plot/one_cs_dominant/TDRD9_Nerve_add_vs_mix.png
TDRD9,Colon,dominant,plotted,Four-panel SuSiE / SuSiE-mix comparison created,1,L1,1,1087,chr14_104038949_C_T_b38_C,chr14_104038949_C_T_b38_C,additive,0.101019729738408,24,Single credible-set lead,174,127,31,TRUE,Same lead SNP; coding change only: additive -> dominant,-450.285050469898,-449.886131116104,0.797838707586607,1,L1,1,5004,chr14_104038949_C_T_b38_C__dominant,chr14_104038949_C_T_b38_C,dominant,0.0686477504091302,47,174,127,31,/project2/mstephens/wdenault/susie_mix/plot/one_cs_dominant/TDRD9_Colon_add_vs_mix.png
TDRD9,Adipose Tissue,dominant,plotted,Four-panel SuSiE / SuSiE-mix comparison created,1,L1,1,900,chr14_103903698_T_G_b38_T,chr14_103903698_T_G_b38_T,additive,0.166754254022462,27,Single credible-set lead,256,173,41,TRUE,Same lead SNP; coding change only: additive -> dominant,-649.905859428293,-647.886532674291,4.03865350800425,1,L1,1,4893,chr14_103903698_T_G_b38_T__dominant,chr14_103903698_T_G_b38_T,dominant,0.150646851277479,38,256,173,41,/project2/mstephens/wdenault/susie_mix/plot/one_cs_dominant/TDRD9_Adipose_Tissue_add_vs_mix.png
ZNF223,Nerve,dominant,plotted,Four-panel SuSiE / SuSiE-mix comparison created,1,L1,1,1181,chr19_44028614_G_A_b38_G,chr19_44028614_G_A_b38_G,additive,0.158736466209385,21,Single credible-set lead,243,102,9,FALSE,Different lead SNP; coding change: additive -> dominant,-467.795491452653,-467.67442133942,0.242140226465608,1,L1,1,5527,chr19_44063357_A_G_b38_A__dominant,chr19_44063357_A_G_b38_A,dominant,0.0975743810841219,45,243,100,11,/project2/mstephens/wdenault/susie_mix/plot/one_cs_dominant/ZNF223_Nerve_add_vs_mix.png
ZNF223,Breast,dominant,plotted,Four-panel SuSiE / SuSiE-mix comparison created,1,L1,1,1233,chr19_44058775_A_G_b38_A,chr19_44058775_A_G_b38_A,additive,0.0654003637766358,24,Single credible-set lead,173,85,11,FALSE,Different lead SNP; coding change: additive -> dominant,-356.574781696043,-356.471537622003,0.20648814807987,1,L1,1,5491,chr19_44040192_T_C_b38_T__dominant,chr19_44040192_T_C_b38_T,dominant,0.0321918479950997,48,173,86,10,/project2/mstephens/wdenault/susie_mix/plot/one_cs_dominant/ZNF223_Breast_add_vs_mix.png
ZNF223,Esophagus,dominant,plotted,Four-panel SuSiE / SuSiE-mix comparison created,1,L1,1,1232,chr19_44057943_A_G_b38_A,chr19_44057943_A_G_b38_A,additive,0.110412624701888,50,Single credible-set lead,296,107,9,TRUE,Same lead SNP; coding change only: additive -> dominant,-566.284117098872,-565.415742667166,1.73674886341269,1,L1,1,5598,chr19_44057943_A_G_b38_A__dominant,chr19_44057943_A_G_b38_A,dominant,0.109648156202943,85,296,107,9,/project2/mstephens/wdenault/susie_mix/plot/one_cs_dominant/ZNF223_Esophagus_add_vs_mix.png
ZNF223,Salivary Gland,dominant,plotted,Four-panel SuSiE / SuSiE-mix comparison created,1,L1,1,1177,chr19_44026639_T_C_b38_T,chr19_44026639_T_C_b38_T,additive,0.102369953210956,47,Single credible-set lead,73,37,1,FALSE,Different lead SNP; coding change: additive -> dominant,-141.662499148968,-141.704208041516,-0.0834177850955484,1,L1,1,5128,chr19_44076605_T_C_b38_T__dominant,chr19_44076605_T_C_b38_T,dominant,0.0799140575614555,95,67,40,4,/project2/mstephens/wdenault/susie_mix/plot/one_cs_dominant/ZNF223_Salivary_Gland_add_vs_mix.png
PON1,Pituitary,dominant,plotted,Four-panel SuSiE / SuSiE-mix comparison created,1,L1,1,666,chr7_95325551_C_T_b38_C,chr7_95325551_C_T_b38_C,additive,0.688599489015425,2,Single credible-set lead,102,83,16,FALSE,Different lead SNP; coding change: additive -> dominant,-250.146133687328,-241.491863918608,17.3085395374387,1,L1,1,3659,chr7_95324637_T_C_b38_T__dominant,chr7_95324637_T_C_b38_T,dominant,0.611550346728372,2,103,85,13,/project2/mstephens/wdenault/susie_mix/plot/one_cs_dominant/PON1_Pituitary_add_vs_mix.png
MTG1,Muscle,dominant,plotted,Four-panel SuSiE / SuSiE-mix comparison created,1,L1,1,1188,chr10_133412537_G_C_b38_G,chr10_133412537_G_C_b38_G,additive,0.423939417192222,10,Single credible-set lead,272,176,29,TRUE,Same lead SNP; coding change only: additive -> dominant,-643.087725203803,-642.791327893081,0.592794621443773,1,L1,1,4377,chr10_133412537_G_C_b38_G__dominant,chr10_133412537_G_C_b38_G,dominant,0.24432261798243,18,272,176,29,/project2/mstephens/wdenault/susie_mix/plot/one_cs_dominant/MTG1_Muscle_add_vs_mix.png
MTG1,Nerve,dominant,plotted,Four-panel SuSiE / SuSiE-mix comparison created,1,L1,1,1188,chr10_133412537_G_C_b38_G,chr10_133412537_G_C_b38_G,additive,0.316115752398369,13,Single credible-set lead,200,133,21,TRUE,Same lead SNP; coding change only: additive -> dominant,-471.786314857859,-471.339694044251,0.893241627215275,1,L1,1,4267,chr10_133412537_G_C_b38_G__dominant,chr10_133412537_G_C_b38_G,dominant,0.287273763633911,28,200,133,21,/project2/mstephens/wdenault/susie_mix/plot/one_cs_dominant/MTG1_Nerve_add_vs_mix.png
CHRNB1,Testis,dominant,plotted,Four-panel SuSiE / SuSiE-mix comparison created,1,L1,1,972,chr17_7453283_A_G_b38_A,chr17_7453283_A_G_b38_A,additive,0.241579105096063,25,Single credible-set lead,152,56,3,TRUE,Same lead SNP; coding change only: additive -> dominant,-265.984434540463,-265.307143550846,1.35458197923288,1,L1,1,4103,chr17_7453283_A_G_b38_A__dominant,chr17_7453283_A_G_b38_A,dominant,0.168070980545998,47,152,56,3,/project2/mstephens/wdenault/susie_mix/plot/one_cs_dominant/CHRNB1_Testis_add_vs_mix.png
CRELD1,Skin,dominant,plotted,Four-panel SuSiE / SuSiE-mix comparison created,1,L1,1,910,chr3_9933702_C_G_b38_C,chr3_9933702_C_G_b38_C,additive,0.999996928206046,1,Single credible-set lead,340,167,15,TRUE,Same lead SNP; coding change only: additive -> dominant,-705.955876848962,-704.518691229387,2.87437123914947,1,L1,1,4772,chr3_9933702_C_G_b38_C__dominant,chr3_9933702_C_G_b38_C,dominant,0.844826029194794,2,340,167,15,/project2/mstephens/wdenault/susie_mix/plot/one_cs_dominant/CRELD1_Skin_add_vs_mix.png
CRELD1,Ovary,dominant,plotted,Four-panel SuSiE / SuSiE-mix comparison created,1,L1,1,909,chr3_9933702_C_G_b38_C,chr3_9933702_C_G_b38_C,additive,0.999992554188463,1,Single credible-set lead,67,36,3,TRUE,Same lead SNP; coding change only: additive -> dominant,-128.547050050269,-127.671233336687,1.75163342716507,1,L1,1,3933,chr3_9933702_C_G_b38_C__dominant,chr3_9933702_C_G_b38_C,dominant,0.758226333587267,2,67,36,3,/project2/mstephens/wdenault/susie_mix/plot/one_cs_dominant/CRELD1_Ovary_add_vs_mix.png
MRPL35,Blood Vessel,dominant,plotted,Four-panel SuSiE / SuSiE-mix comparison created,1,L1,1,975,chr2_86113490_G_A_b38_G,chr2_86113490_G_A_b38_G,additive,0.126680761619623,10,Single credible-set lead,326,106,18,TRUE,Same lead SNP; coding change only: additive -> dominant,-604.080303299373,-603.9145457866,0.331515025545741,1,L1,1,4562,chr2_86113490_G_A_b38_G__dominant,chr2_86113490_G_A_b38_G,dominant,0.072681840471845,19,326,106,18,/project2/mstephens/wdenault/susie_mix/plot/one_cs_dominant/MRPL35_Blood_Vessel_add_vs_mix.png
SYPL2,Liver,dominant,plotted,Four-panel SuSiE / SuSiE-mix comparison created,1,L1,1,890,chr1_109452837_T_C_b38_T,chr1_109452837_T_C_b38_T,additive,0.0499995644742626,20,Single credible-set lead,66,68,6,TRUE,Same lead SNP; coding change only: additive -> dominant,-163.738373748478,-162.529045683884,2.41865612918696,1,L1,1,3780,chr1_109452837_T_C_b38_T__dominant,chr1_109452837_T_C_b38_T,dominant,0.0377358765433434,38,66,68,6,/project2/mstephens/wdenault/susie_mix/plot/one_cs_dominant/SYPL2_Liver_add_vs_mix.png
SYPL2,Muscle,dominant,plotted,Four-panel SuSiE / SuSiE-mix comparison created,1,L1,1,946,chr1_109480274_A_C_b38_A,chr1_109480274_A_C_b38_A,additive,0.133190479120287,53,Single credible-set lead,277,172,28,FALSE,Different lead SNP; coding change: additive -> dominant,-658.076590355973,-657.940395072799,0.272390566348804,1,L1,1,4089,chr1_109334263_C_T_b38_C__dominant,chr1_109334263_C_T_b38_C,dominant,0.0647363226921619,134,314,142,21,/project2/mstephens/wdenault/susie_mix/plot/one_cs_dominant/SYPL2_Muscle_add_vs_mix.png
ZNF718,Lung,dominant,plotted,Four-panel SuSiE / SuSiE-mix comparison created,1,L1,1,214,chr4_135134_A_C_b38_A,chr4_135134_A_C_b38_A,additive,0.186928449534223,15,Single credible-set lead,225,90,8,TRUE,Same lead SNP; coding change only: additive -> dominant,-424.506698112325,-422.521030874181,3.97133447628676,1,L1,1,2115,chr4_135134_A_C_b38_A__dominant,chr4_135134_A_C_b38_A,dominant,0.130268177425925,22,225,90,8,/project2/mstephens/wdenault/susie_mix/plot/one_cs_dominant/ZNF718_Lung_add_vs_mix.png
RAP1GAP,Blood,dominant,plotted,Four-panel SuSiE / SuSiE-mix comparison created,1,L1,1,1334,chr1_21682833_C_T_b38_C,chr1_21682833_C_T_b38_C,additive,0.331865015334104,6,Single credible-set lead,121,223,91,TRUE,Same lead SNP; coding change only: additive -> dominant,-583.304432617257,-579.078636424391,8.45159238573137,1,L1,1,5693,chr1_21682833_C_T_b38_C__dominant,chr1_21682833_C_T_b38_C,dominant,0.344889339963037,6,121,223,91,/project2/mstephens/wdenault/susie_mix/plot/one_cs_dominant/RAP1GAP_Blood_add_vs_mix.png
ITPK1,Thyroid,dominant,plotted,Four-panel SuSiE / SuSiE-mix comparison created,1,L1,1,1168,chr14_93087873_G_A_b38_G,chr14_93087873_G_A_b38_G,additive,0.281126428105612,12,Single credible-set lead,249,126,15,TRUE,Same lead SNP; coding change only: additive -> dominant,-519.900188680364,-519.300074805064,1.20022775060011,1,L1,1,4954,chr14_93087873_G_A_b38_G__dominant,chr14_93087873_G_A_b38_G,dominant,0.127092716390937,36,249,126,15,/project2/mstephens/wdenault/susie_mix/plot/one_cs_dominant/ITPK1_Thyroid_add_vs_mix.png
DOCK8,Testis,dominant,plotted,Four-panel SuSiE / SuSiE-mix comparison created,1,L1,1,1146,chr9_370199_A_G_b38_A,chr9_370199_A_G_b38_A,additive,0.999999998049644,1,Single credible-set lead,151,53,7,TRUE,Same lead SNP; coding change only: additive -> dominant,-264.980388818724,-264.406720764962,1.14733610752467,1,L1,1,5374,chr9_370199_A_G_b38_A__dominant,chr9_370199_A_G_b38_A,dominant,0.690512074068145,2,151,53,7,/project2/mstephens/wdenault/susie_mix/plot/one_cs_dominant/DOCK8_Testis_add_vs_mix.png
AMACR,Blood,dominant,plotted,Four-panel SuSiE / SuSiE-mix comparison created,1,L1,1,1145,chr5_34003078_C_G_b38_C,chr5_34003078_C_G_b38_C,additive,0.19367552220059,9,Single credible-set lead,324,103,8,FALSE,Different lead SNP; coding change: additive -> dominant,-583.878136382028,-580.583689088553,6.58889458695103,1,L1,1,5091,chr5_34001220_G_A_b38_G__dominant,chr5_34001220_G_A_b38_G,dominant,0.144502644638512,9,326,102,7,/project2/mstephens/wdenault/susie_mix/plot/one_cs_dominant/AMACR_Blood_add_vs_mix.png
POLR3H,Testis,dominant,plotted,Four-panel SuSiE / SuSiE-mix comparison created,1,L1,1,630,chr22_41481985_A_G_b38_A,chr22_41481985_A_G_b38_A,additive,0.073251238386254,94,Single credible-set lead,146,60,5,TRUE,Same lead SNP; coding change only: additive -> dominant,-267.309371086264,-260.443579926381,13.7315823197653,1,L1,1,3183,chr22_41481985_A_G_b38_A__dominant,chr22_41481985_A_G_b38_A,dominant,0.128679545972457,87,146,60,5,/project2/mstephens/wdenault/susie_mix/plot/one_cs_dominant/POLR3H_Testis_add_vs_mix.png
ALDH1L2,Testis,dominant,plotted,Four-panel SuSiE / SuSiE-mix comparison created,1,L1,1,1183,chr12_105201721_T_C_b38_T,chr12_105201721_T_C_b38_T,additive,0.0414570913408142,59,Single credible-set lead,149,55,7,FALSE,Different lead SNP; coding change: additive -> dominant,-266.479599985322,-263.359830553407,6.23953886382844,1,L1,1,5227,chr12_105204894_G_A_b38_G__dominant,chr12_105204894_G_A_b38_G,dominant,0.0496895237153892,66,145,57,9,/project2/mstephens/wdenault/susie_mix/plot/one_cs_dominant/ALDH1L2_Testis_add_vs_mix.png
ZNF232,Lung,dominant,plotted,Four-panel SuSiE / SuSiE-mix comparison created,1,L1,1,1050,chr17_5077692_A_G_b38_A,chr17_5077692_A_G_b38_A,additive,0.65234192297251,2,Single credible-set lead,278,43,2,TRUE,Same lead SNP; coding change only: additive -> dominant,-424.958860358264,-422.683001652162,4.55171741220352,1,L1,1,5304,chr17_5077692_A_G_b38_A__dominant,chr17_5077692_A_G_b38_A,dominant,0.872369676745121,2,278,43,2,/project2/mstephens/wdenault/susie_mix/plot/one_cs_dominant/ZNF232_Lung_add_vs_mix.png
ZNF232,Colon,dominant,plotted,Four-panel SuSiE / SuSiE-mix comparison created,2,L1,1,1383,chr17_5250721_G_A_b38_G,chr17_5250721_G_A_b38_G,additive,0.907111409098619,2,Highest-PIP credible-set lead,290,40,2,FALSE,Different lead SNP; coding change: additive -> dominant,-436.304430702106,-442.685091926519,-12.761322448826,1,L1,1,5092,chr17_5077692_A_G_b38_A__dominant,chr17_5077692_A_G_b38_A,dominant,0.458887110955791,4,290,40,2,/project2/mstephens/wdenault/susie_mix/plot/one_cs_dominant/ZNF232_Colon_add_vs_mix.png
SPX,Pancreas,dominant,plotted,Four-panel SuSiE / SuSiE-mix comparison created,1,L1,1,1550,chr12_21560374_T_A_b38_T,chr12_21560374_T_A_b38_T,additive,0.485478593660015,8,Single credible-set lead,112,63,5,FALSE,Different lead SNP; coding change: additive -> dominant,-222.801588639901,-222.134189884168,1.3347975114678,1,L1,1,4899,chr12_21550667_A_G_b38_A__dominant,chr12_21550667_A_G_b38_A,dominant,0.450965405148111,13,109,62,9,/project2/mstephens/wdenault/susie_mix/plot/one_cs_dominant/SPX_Pancreas_add_vs_mix.png
EPN2,Blood Vessel,dominant,plotted,Four-panel SuSiE / SuSiE-mix comparison created,1,L1,1,725,chr17_19301119_A_C_b38_A,chr17_19301119_A_C_b38_A,additive,0.306148474109287,4,Single credible-set lead,246,157,47,TRUE,Same lead SNP; coding change only: additive -> dominant,-605.490935433232,-605.394084274261,0.193702317941643,1,L1,1,2641,chr17_19301119_A_C_b38_A__dominant,chr17_19301119_A_C_b38_A,dominant,0.198168572569159,8,246,157,47,/project2/mstephens/wdenault/susie_mix/plot/one_cs_dominant/EPN2_Blood_Vessel_add_vs_mix.png
PNKD,Skin,dominant,plotted,Four-panel SuSiE / SuSiE-mix comparison created,1,L1,1,1037,chr2_218322880_C_A_b38_C,chr2_218322880_C_A_b38_C,additive,0.0765699170955385,18,Single credible-set lead,189,269,64,TRUE,Same lead SNP; coding change only: additive -> dominant,-708.188578678805,-708.35141750165,-0.325677645690348,1,L1,1,4003,chr2_218322880_C_A_b38_C__dominant,chr2_218322880_C_A_b38_C,dominant,0.0747893878406338,34,189,269,64,/project2/mstephens/wdenault/susie_mix/plot/one_cs_dominant/PNKD_Skin_add_vs_mix.png
IFT74,Thyroid,dominant,plotted,Four-panel SuSiE / SuSiE-mix comparison created,1,L1,1,1318,chr9_27023620_T_G_b38_T,chr9_27023620_T_G_b38_T,additive,0.0649093264940869,25,Single credible-set lead,343,43,4,TRUE,Same lead SNP; coding change only: additive -> dominant,-521.228443956878,-520.132328591996,2.19223072976456,1,L1,1,5849,chr9_27023620_T_G_b38_T__dominant,chr9_27023620_T_G_b38_T,dominant,0.0511553930464697,48,343,43,4,/project2/mstephens/wdenault/susie_mix/plot/one_cs_dominant/IFT74_Thyroid_add_vs_mix.png
IFT74,Breast,dominant,plotted,Four-panel SuSiE / SuSiE-mix comparison created,1,L1,1,1324,chr9_27029688_C_T_b38_C,chr9_27029688_C_T_b38_C,additive,0.233475245374106,33,Single credible-set lead,239,27,3,TRUE,Same lead SNP; coding change only: additive -> dominant,-358.504162070971,-357.777989334879,1.4523454721832,1,L1,1,5707,chr9_27029688_C_T_b38_C__dominant,chr9_27029688_C_T_b38_C,dominant,0.294166243867378,63,239,27,3,/project2/mstephens/wdenault/susie_mix/plot/one_cs_dominant/IFT74_Breast_add_vs_mix.png
IFT74,Small Intestine,dominant,plotted,Four-panel SuSiE / SuSiE-mix comparison created,1,L1,1,1244,chr9_26975151_G_T_b38_G,chr9_26975151_G_T_b38_G,additive,0.097061525977103,32,Single credible-set lead,94,19,2,TRUE,Same lead SNP; coding change only: additive -> dominant,-147.393692436318,-146.715612558269,1.35615975609664,1,L1,1,5175,chr9_26975151_G_T_b38_G__dominant,chr9_26975151_G_T_b38_G,dominant,0.070613747177515,63,94,19,2,/project2/mstephens/wdenault/susie_mix/plot/one_cs_dominant/IFT74_Small_Intestine_add_vs_mix.png
BDH2,Colon,dominant,plotted,Four-panel SuSiE / SuSiE-mix comparison created,1,L1,1,762,chr4_103079816_G_C_b38_G,chr4_103079816_G_C_b38_G,additive,0.454218465162364,5,Single credible-set lead,204,115,13,TRUE,Same lead SNP; coding change only: additive -> dominant,-438.99858497014,-439.061310700516,-0.125451460751719,1,L1,1,4194,chr4_103079816_G_C_b38_G__dominant,chr4_103079816_G_C_b38_G,dominant,0.285714028321699,11,204,115,13,/project2/mstephens/wdenault/susie_mix/plot/one_cs_dominant/BDH2_Colon_add_vs_mix.png
BDH2,Stomach,dominant,plotted,Four-panel SuSiE / SuSiE-mix comparison created,1,L1,1,791,chr4_103099265_T_C_b38_T,chr4_103099265_T_C_b38_T,additive,0.686401735942765,5,Single credible-set lead,80,88,21,FALSE,Different lead SNP; coding change: additive -> dominant,-246.669909631046,-244.863073357238,3.61367254761603,1,L1,1,3991,chr4_103089910_A_G_b38_A__dominant,chr4_103089910_A_G_b38_A,dominant,0.264366121057694,9,121,61,7,/project2/mstephens/wdenault/susie_mix/plot/one_cs_dominant/BDH2_Stomach_add_vs_mix.png
TACSTD2,Blood,dominant,plotted,Four-panel SuSiE / SuSiE-mix comparison created,1,L1,1,947,chr1_58493683_T_A_b38_T,chr1_58493683_T_A_b38_T,additive,0.149862124466855,75,Single credible-set lead,296,129,10,TRUE,Same lead SNP; coding change only: additive -> dominant,-586.951920926878,-586.576050337662,0.751741178433122,1,L1,1,5094,chr1_58493683_T_A_b38_T__dominant,chr1_58493683_T_A_b38_T,dominant,0.15339690952262,116,296,129,10,/project2/mstephens/wdenault/susie_mix/plot/one_cs_dominant/TACSTD2_Blood_add_vs_mix.png
DDT,Pancreas,dominant,plotted,Four-panel SuSiE / SuSiE-mix comparison created,1,L1,1,1511,chr22_23923472_C_T_b38_C,chr22_23923472_C_T_b38_C,additive,0.145813835100248,12,Single credible-set lead,57,81,42,FALSE,Different lead SNP; coding change: additive -> dominant,-223.209046739731,-222.100104388967,2.21788470152819,1,L1,1,5189,chr22_23949991_C_A_b38_C__dominant,chr22_23949991_C_A_b38_C,dominant,0.386140329024767,19,46,96,38,/project2/mstephens/wdenault/susie_mix/plot/one_cs_dominant/DDT_Pancreas_add_vs_mix.png
ZDHHC11B,Blood Vessel,dominant,plotted,Four-panel SuSiE / SuSiE-mix comparison created,1,L1,1,1293,chr5_762838_G_A_b38_G,chr5_762838_G_A_b38_G,additive,0.478610294590454,4,Single credible-set lead,349,100,1,TRUE,Same lead SNP; coding change only: additive -> dominant,-607.108947083878,-605.460974498523,3.29594517070996,1,L1,1,5593,chr5_762838_G_A_b38_G__dominant,chr5_762838_G_A_b38_G,dominant,0.660805476681371,5,349,100,1,/project2/mstephens/wdenault/susie_mix/plot/one_cs_dominant/ZDHHC11B_Blood_Vessel_add_vs_mix.png
ZDHHC11B,Thyroid,dominant,plotted,Four-panel SuSiE / SuSiE-mix comparison created,1,L1,1,1367,chr5_778901_C_T_b38_C,chr5_778901_C_T_b38_C,additive,0.94446708440987,2,Single credible-set lead,210,171,9,TRUE,Same lead SNP; coding change only: additive -> dominant,-531.266181315236,-528.415608687344,5.70114525578288,1,L1,1,5613,chr5_778901_C_T_b38_C__dominant,chr5_778901_C_T_b38_C,dominant,0.715528720638152,2,210,171,9,/project2/mstephens/wdenault/susie_mix/plot/one_cs_dominant/ZDHHC11B_Thyroid_add_vs_mix.png
ZDHHC11B,Colon,dominant,plotted,Four-panel SuSiE / SuSiE-mix comparison created,1,L1,1,1367,chr5_778901_C_T_b38_C,chr5_778901_C_T_b38_C,additive,0.634119348161967,4,Single credible-set lead,191,135,6,FALSE,Different lead SNP; coding change: additive -> dominant,-451.187612669558,-448.278377717369,5.81846990437646,1,L1,1,5509,chr5_778488_G_A_b38_G__dominant,chr5_778488_G_A_b38_G,dominant,0.751507303755247,3,191,137,4,/project2/mstephens/wdenault/susie_mix/plot/one_cs_dominant/ZDHHC11B_Colon_add_vs_mix.png
ZDHHC11B,Esophagus,dominant,plotted,Four-panel SuSiE / SuSiE-mix comparison created,1,L1,1,1367,chr5_778901_C_T_b38_C,chr5_778901_C_T_b38_C,additive,0.760010355539424,2,Single credible-set lead,228,176,8,TRUE,Same lead SNP; coding change only: additive -> dominant,-567.478401135061,-566.706416829334,1.54396861145483,1,L1,1,5635,chr5_778901_C_T_b38_C__dominant,chr5_778901_C_T_b38_C,dominant,0.454996680644167,4,228,176,8,/project2/mstephens/wdenault/susie_mix/plot/one_cs_dominant/ZDHHC11B_Esophagus_add_vs_mix.png
ZDHHC11B,Lung,dominant,plotted,Four-panel SuSiE / SuSiE-mix comparison created,1,L1,1,1194,chr5_721142_T_C_b38_T,chr5_721142_T_C_b38_T,additive,0.436973258093069,9,Single credible-set lead,220,101,2,TRUE,Same lead SNP; coding change only: additive -> dominant,-442.292766754462,-440.661272029754,3.2629894494155,1,L1,1,5376,chr5_721142_T_C_b38_T__dominant,chr5_721142_T_C_b38_T,dominant,0.533629146075106,14,220,101,2,/project2/mstephens/wdenault/susie_mix/plot/one_cs_dominant/ZDHHC11B_Lung_add_vs_mix.png
ZDHHC11B,Spleen,dominant,plotted,Four-panel SuSiE / SuSiE-mix comparison created,1,L1,1,1367,chr5_778901_C_T_b38_C,chr5_778901_C_T_b38_C,additive,0.965276172045704,1,Single credible-set lead,77,65,4,TRUE,Same lead SNP; coding change only: additive -> dominant,-190.741621312155,-189.501315201779,2.4806122207533,1,L1,1,5266,chr5_778901_C_T_b38_C__dominant,chr5_778901_C_T_b38_C,dominant,0.485505609552512,5,77,65,4,/project2/mstephens/wdenault/susie_mix/plot/one_cs_dominant/ZDHHC11B_Spleen_add_vs_mix.png
ACOT1,Colon,dominant,plotted,Four-panel SuSiE / SuSiE-mix comparison created,1,L1,1,807,chr14_73571367_G_A_b38_G,chr14_73571367_G_A_b38_G,additive,0.876507733575249,2,Single credible-set lead,177,121,34,TRUE,Same lead SNP; coding change only: additive -> dominant,-439.186846108471,-438.632586018783,1.10852017937577,1,L1,1,4374,chr14_73571367_G_A_b38_G__dominant,chr14_73571367_G_A_b38_G,dominant,0.627543904499656,3,177,121,34,/project2/mstephens/wdenault/susie_mix/plot/one_cs_dominant/ACOT1_Colon_add_vs_mix.png
ACOT1,Brain,dominant,plotted,Four-panel SuSiE / SuSiE-mix comparison created,1,L1,1,807,chr14_73571367_G_A_b38_G,chr14_73571367_G_A_b38_G,additive,0.759294385108166,2,Single credible-set lead,126,109,22,TRUE,Same lead SNP; coding change only: additive -> dominant,-341.411821130084,-340.295327129011,2.2329880021457,1,L1,1,4363,chr14_73571367_G_A_b38_G__dominant,chr14_73571367_G_A_b38_G,dominant,0.521243935449945,3,126,109,22,/project2/mstephens/wdenault/susie_mix/plot/one_cs_dominant/ACOT1_Brain_add_vs_mix.png
ACOT1,Skin,dominant,plotted,Four-panel SuSiE / SuSiE-mix comparison created,1,L1,1,807,chr14_73571367_G_A_b38_G,chr14_73571367_G_A_b38_G,additive,0.749515178147265,4,Single credible-set lead,269,205,48,TRUE,Same lead SNP; coding change only: additive -> dominant,-718.896542634067,-718.670444782031,0.452195704071073,1,L1,1,4632,chr14_73571367_G_A_b38_G__dominant,chr14_73571367_G_A_b38_G,dominant,0.482744936704519,7,269,205,48,/project2/mstephens/wdenault/susie_mix/plot/one_cs_dominant/ACOT1_Skin_add_vs_mix.png
PILRB,Skin,dominant,plotted,Four-panel SuSiE / SuSiE-mix comparison created,1,L1,1,599,chr7_100315523_G_T_b38_G,chr7_100315523_G_T_b38_G,additive,0.246146334737729,41,Single credible-set lead,353,149,20,FALSE,Different lead SNP; coding change: additive -> dominant,-710.533187294182,-707.338850173464,6.388674241437,1,L1,1,2962,chr7_100367166_T_G_b38_T__dominant,chr7_100367166_T_G_b38_T,dominant,0.0692870268797059,41,357,143,22,/project2/mstephens/wdenault/susie_mix/plot/one_cs_dominant/PILRB_Skin_add_vs_mix.png
PILRB,Breast,dominant,plotted,Four-panel SuSiE / SuSiE-mix comparison created,1,L1,1,595,chr7_100308061_A_G_b38_A,chr7_100308061_A_G_b38_A,additive,0.146725608595266,84,Single credible-set lead,168,86,15,TRUE,Same lead SNP; coding change only: additive -> dominant,-356.893926922339,-356.569210286721,0.649433271236148,1,L1,1,2761,chr7_100308061_A_G_b38_A__dominant,chr7_100308061_A_G_b38_A,dominant,0.105665764106449,144,168,86,15,/project2/mstephens/wdenault/susie_mix/plot/one_cs_dominant/PILRB_Breast_add_vs_mix.png
GTF2IRD2,Adipose Tissue,dominant,plotted,Four-panel SuSiE / SuSiE-mix comparison created,1,L1,1,467,chr7_74826031_T_C_b38_T,chr7_74826031_T_C_b38_T,additive,0.671372864553434,8,Single credible-set lead,204,224,42,TRUE,Same lead SNP; coding change only: additive -> dominant,-635.73251435503,-635.049347680655,1.36633334874932,1,L1,1,1730,chr7_74826031_T_C_b38_T__dominant,chr7_74826031_T_C_b38_T,dominant,0.510942765440776,6,204,224,42,/project2/mstephens/wdenault/susie_mix/plot/one_cs_dominant/GTF2IRD2_Adipose_Tissue_add_vs_mix.png
GTF2IRD2,Colon,dominant,plotted,Four-panel SuSiE / SuSiE-mix comparison created,1,L1,1,481,chr7_74869879_T_C_b38_T,chr7_74869879_T_C_b38_T,additive,0.482399399071451,15,Single credible-set lead,141,160,31,FALSE,Different lead SNP; coding change: additive -> dominant,-457.095570179171,-454.705518091126,4.78010417609175,1,L1,1,1715,chr7_74915273_G_A_b38_G__dominant,chr7_74915273_G_A_b38_G,dominant,0.272001958681579,14,129,162,41,/project2/mstephens/wdenault/susie_mix/plot/one_cs_dominant/GTF2IRD2_Colon_add_vs_mix.png
CLIC6,Esophagus,dominant,plotted,Four-panel SuSiE / SuSiE-mix comparison created,1,L1,1,993,chr21_34683596_G_A_b38_G,chr21_34683596_G_A_b38_G,additive,0.763057601883117,8,Single credible-set lead,285,119,8,TRUE,Same lead SNP; coding change only: additive -> dominant,-553.45475336104,-551.568266496793,3.77297372849421,1,L1,1,4524,chr21_34683596_G_A_b38_G__dominant,chr21_34683596_G_A_b38_G,dominant,0.780162466888958,5,285,119,8,/project2/mstephens/wdenault/susie_mix/plot/one_cs_dominant/CLIC6_Esophagus_add_vs_mix.png
GGT7,Muscle,dominant,plotted,Four-panel SuSiE / SuSiE-mix comparison created,1,L1,1,520,chr20_34861936_C_G_b38_C,chr20_34861936_C_G_b38_C,additive,0.598260852945716,17,Single credible-set lead,214,202,61,TRUE,Same lead SNP; coding change only: additive -> dominant,-646.036862127633,-644.63496611204,2.80379203118764,1,L1,1,3123,chr20_34861936_C_G_b38_C__dominant,chr20_34861936_C_G_b38_C,dominant,0.348716110652937,29,214,202,61,/project2/mstephens/wdenault/susie_mix/plot/one_cs_dominant/GGT7_Muscle_add_vs_mix.png
NTPCR,Adipose Tissue,dominant,plotted,Four-panel SuSiE / SuSiE-mix comparison created,1,L1,1,1273,chr1_232945311_A_T_b38_A,chr1_232945311_A_T_b38_A,additive,0.2683122182791,16,Single credible-set lead,286,163,21,TRUE,Same lead SNP; coding change only: additive -> dominant,-636.152851958954,-633.999032357053,4.30763920380332,1,L1,1,5738,chr1_232945311_A_T_b38_A__dominant,chr1_232945311_A_T_b38_A,dominant,0.298767492629533,30,286,163,21,/project2/mstephens/wdenault/susie_mix/plot/one_cs_dominant/NTPCR_Adipose_Tissue_add_vs_mix.png
NTPCR,Spleen,dominant,plotted,Four-panel SuSiE / SuSiE-mix comparison created,1,L1,1,1257,chr1_232937815_G_A_b38_G,chr1_232937815_G_A_b38_G,additive,0.0634456116652091,67,Single credible-set lead,96,47,3,TRUE,Same lead SNP; coding change only: additive -> dominant,-192.403199707887,-192.463254222996,-0.120109030218885,1,L1,1,5025,chr1_232937815_G_A_b38_G__dominant,chr1_232937815_G_A_b38_G,dominant,0.0402130664189875,136,96,47,3,/project2/mstephens/wdenault/susie_mix/plot/one_cs_dominant/NTPCR_Spleen_add_vs_mix.png
CXCR6,Muscle,dominant,plotted,Four-panel SuSiE / SuSiE-mix comparison created,1,L1,1,998,chr3_45985149_G_T_b38_G,chr3_45985149_G_T_b38_G,additive,0.0850639596714035,36,Single credible-set lead,173,224,80,FALSE,Different lead SNP; coding change: additive -> dominant,-646.048153048754,-645.103589931655,1.88912623419697,1,L1,1,5478,chr3_46072533_A_C_b38_A__dominant,chr3_46072533_A_C_b38_A,dominant,0.0325158982366557,58,171,231,75,/project2/mstephens/wdenault/susie_mix/plot/one_cs_dominant/CXCR6_Muscle_add_vs_mix.png
POMC,Muscle,dominant,plotted,Four-panel SuSiE / SuSiE-mix comparison created,2,L1,1,981,chr2_25161836_T_C_b38_T,chr2_25161836_T_C_b38_T,additive,0.63101442940919,3,Highest-PIP credible-set lead,434,39,4,FALSE,Different lead SNP; coding change: additive -> dominant,-632.63854432364,-645.122004553959,-24.966920460638,1,L1,1,3928,chr2_25170853_A_C_b38_A__dominant,chr2_25170853_A_C_b38_A,dominant,0.580892148787209,2,383,85,9,/project2/mstephens/wdenault/susie_mix/plot/one_cs_dominant/POMC_Muscle_add_vs_mix.png
POMC,Heart,dominant,plotted,Four-panel SuSiE / SuSiE-mix comparison created,1,L1,1,995,chr2_25170853_A_C_b38_A,chr2_25170853_A_C_b38_A,additive,0.992651593610428,1,Single credible-set lead,266,59,6,TRUE,Same lead SNP; coding change only: additive -> dominant,-448.15530774183,-447.759467574831,0.791680333997306,1,L1,1,3841,chr2_25170853_A_C_b38_A__dominant,chr2_25170853_A_C_b38_A,dominant,0.637585819022975,2,266,59,6,/project2/mstephens/wdenault/susie_mix/plot/one_cs_dominant/POMC_Heart_add_vs_mix.png
POMC,Blood Vessel,dominant,plotted,Four-panel SuSiE / SuSiE-mix comparison created,1,L1,1,995,chr2_25170853_A_C_b38_A,chr2_25170853_A_C_b38_A,additive,0.75216062945127,4,Single credible-set lead,363,77,10,TRUE,Same lead SNP; coding change only: additive -> dominant,-619.768098428881,-618.237161551992,3.06187375377772,1,L1,1,3917,chr2_25170853_A_C_b38_A__dominant,chr2_25170853_A_C_b38_A,dominant,0.648517141815552,6,363,77,10,/project2/mstephens/wdenault/susie_mix/plot/one_cs_dominant/POMC_Blood_Vessel_add_vs_mix.png
SPP1,Testis,dominant,plotted,Four-panel SuSiE / SuSiE-mix comparison created,1,L1,1,1506,chr4_87986105_C_T_b38_C,chr4_87986105_C_T_b38_C,additive,0.0995752461928411,11,Single credible-set lead,85,91,35,FALSE,Different lead SNP; coding change: additive -> dominant,-267.827714971939,-266.861956538863,1.93151686615136,1,L1,1,5607,chr4_87991109_T_C_b38_T__dominant,chr4_87991109_T_C_b38_T,dominant,0.122961660596515,20,84,92,35,/project2/mstephens/wdenault/susie_mix/plot/one_cs_dominant/SPP1_Testis_add_vs_mix.png
HLA-DQA2,Vagina,dominant,plotted,Four-panel SuSiE / SuSiE-mix comparison created,1,L1,1,5224,chr6_32632511_C_G_b38_C,chr6_32632511_C_G_b38_C,additive,0.0110481045726631,208,Single credible-set lead,36,38,9,TRUE,Same lead SNP; coding change only: additive -> dominant,-86.5162877938246,-84.9675778339948,3.09741991965956,1,L1,1,24275,chr6_32632511_C_G_b38_C__dominant,chr6_32632511_C_G_b38_C,dominant,0.0557643898287337,391,36,38,9,/project2/mstephens/wdenault/susie_mix/plot/one_cs_dominant/HLA-DQA2_Vagina_add_vs_mix.png
HLA-DQA2,Kidney,dominant,plotted,Four-panel SuSiE / SuSiE-mix comparison created,1,L1,1,5099,chr6_32632511_C_G_b38_C,chr6_32632511_C_G_b38_C,additive,0.0562212447445372,299,Single credible-set lead,23,28,3,TRUE,Same lead SNP; coding change only: additive -> dominant,-60.7653501596768,-55.8609720050431,9.80875630926755,1,L1,1,21011,chr6_32632511_C_G_b38_C__dominant,chr6_32632511_C_G_b38_C,dominant,0.211043435208035,332,23,28,3,/project2/mstephens/wdenault/susie_mix/plot/one_cs_dominant/HLA-DQA2_Kidney_add_vs_mix.png
PRPF4,Pituitary,dominant,plotted,Four-panel SuSiE / SuSiE-mix comparison created,1,L1,1,1607,chr9_113367872_C_A_b38_C,chr9_113367872_C_A_b38_C,additive,0.43889761411209,6,Single credible-set lead,132,60,9,TRUE,Same lead SNP; coding change only: additive -> dominant,-254.432989932672,-252.468487753754,3.92900435783514,1,L1,1,5676,chr9_113367872_C_A_b38_C__dominant,chr9_113367872_C_A_b38_C,dominant,0.714329415934245,6,132,60,9,/project2/mstephens/wdenault/susie_mix/plot/one_cs_dominant/PRPF4_Pituitary_add_vs_mix.png
PRPF4,Blood Vessel,dominant,plotted,Four-panel SuSiE / SuSiE-mix comparison created,1,L1,1,1300,chr9_113266543_G_A_b38_G,chr9_113266543_G_A_b38_G,additive,0.0693283222784197,40,Single credible-set lead,278,145,27,TRUE,Same lead SNP; coding change only: additive -> dominant,-622.079722647025,-621.65811082949,0.843223635070899,1,L1,1,5723,chr9_113266543_G_A_b38_G__dominant,chr9_113266543_G_A_b38_G,dominant,0.0521429514498182,65,278,145,27,/project2/mstephens/wdenault/susie_mix/plot/one_cs_dominant/PRPF4_Blood_Vessel_add_vs_mix.png
PRPF4,Adrenal Gland,dominant,plotted,Four-panel SuSiE / SuSiE-mix comparison created,1,L1,1,1300,chr9_113266543_G_A_b38_G,chr9_113266543_G_A_b38_G,additive,0.0536946888968249,46,Single credible-set lead,91,45,5,FALSE,Different lead SNP; coding change: additive -> dominant,-183.627022648837,-183.849950946569,-0.445856595462715,1,L1,1,5434,chr9_113367872_C_A_b38_C__dominant,chr9_113367872_C_A_b38_C,dominant,0.0459385092702476,96,90,44,7,/project2/mstephens/wdenault/susie_mix/plot/one_cs_dominant/PRPF4_Adrenal_Gland_add_vs_mix.png
IGFN1,Muscle,dominant,plotted,Four-panel SuSiE / SuSiE-mix comparison created,1,L1,1,1068,chr1_201172655_G_A_b38_G,chr1_201172655_G_A_b38_G,additive,0.200771749311879,14,Single credible-set lead,379,88,10,FALSE,Different lead SNP; coding change: additive -> dominant,-646.511209973361,-646.243032686638,0.536354573444442,1,L1,1,5786,chr1_201170488_G_A_b38_G__dominant,chr1_201170488_G_A_b38_G,dominant,0.135653133986989,26,378,88,11,/project2/mstephens/wdenault/susie_mix/plot/one_cs_dominant/IGFN1_Muscle_add_vs_mix.png
SMR3B,Salivary Gland,dominant,plotted,Four-panel SuSiE / SuSiE-mix comparison created,1,L1,1,1218,chr4_70383059_G_T_b38_G,chr4_70383059_G_T_b38_G,additive,0.847989937056104,6,Single credible-set lead,86,23,2,TRUE,Same lead SNP; coding change only: additive -> dominant,-125.185595418292,-125.041554686188,0.288081464207153,1,L1,1,4296,chr4_70383059_G_T_b38_G__dominant,chr4_70383059_G_T_b38_G,dominant,0.444986182791897,8,86,23,2,/project2/mstephens/wdenault/susie_mix/plot/one_cs_dominant/SMR3B_Salivary_Gland_add_vs_mix.png
COPG2,Adipose Tissue,dominant,plotted,Four-panel SuSiE / SuSiE-mix comparison created,1,L1,1,914,chr7_130663204_C_T_b38_C,chr7_130663204_C_T_b38_C,additive,0.104443278018046,22,Single credible-set lead,330,124,16,FALSE,Different lead SNP; coding change: additive -> dominant,-637.090134409929,-635.876386859729,2.42749510039857,1,L1,1,4409,chr7_130606429_T_C_b38_T__dominant,chr7_130606429_T_C_b38_T,dominant,0.0613567748872311,40,330,125,15,/project2/mstephens/wdenault/susie_mix/plot/one_cs_dominant/COPG2_Adipose_Tissue_add_vs_mix.png
COPG2,Colon,dominant,plotted,Four-panel SuSiE / SuSiE-mix comparison created,1,L1,1,810,chr7_130606429_T_C_b38_T,chr7_130606429_T_C_b38_T,additive,0.0804656883984801,41,Single credible-set lead,227,91,14,TRUE,Same lead SNP; coding change only: additive -> dominant,-456.566963644282,-456.577040331427,-0.0201533742890661,1,L1,1,4253,chr7_130606429_T_C_b38_T__dominant,chr7_130606429_T_C_b38_T,dominant,0.0449386535491849,87,227,91,14,/project2/mstephens/wdenault/susie_mix/plot/one_cs_dominant/COPG2_Colon_add_vs_mix.png
CAV2,Testis,dominant,plotted,Four-panel SuSiE / SuSiE-mix comparison created,1,L1,1,1378,chr7_116503608_C_A_b38_C,chr7_116503608_C_A_b38_C,additive,0.132114497080558,14,Single credible-set lead,108,83,20,TRUE,Same lead SNP; coding change only: additive -> dominant,-269.00486187496,-268.554736620843,0.900250508234876,1,L1,1,4032,chr7_116503608_C_A_b38_C__dominant,chr7_116503608_C_A_b38_C,dominant,0.0811658667602675,26,108,83,20,/project2/mstephens/wdenault/susie_mix/plot/one_cs_dominant/CAV2_Testis_add_vs_mix.png
STAP2,Nerve,dominant,plotted,Four-panel SuSiE / SuSiE-mix comparison created,1,L1,1,1077,chr19_4332108_A_T_b38_A,chr19_4332108_A_T_b38_A,additive,0.414768858039589,5,Single credible-set lead,161,150,43,TRUE,Same lead SNP; coding change only: additive -> dominant,-472.361460759307,-457.101511625098,30.5198982684177,1,L1,1,5308,chr19_4332108_A_T_b38_A__dominant,chr19_4332108_A_T_b38_A,dominant,0.57250821218472,3,161,150,43,/project2/mstephens/wdenault/susie_mix/plot/one_cs_dominant/STAP2_Nerve_add_vs_mix.png
STAP2,Brain,dominant,plotted,Four-panel SuSiE / SuSiE-mix comparison created,1,L1,1,1077,chr19_4332108_A_T_b38_A,chr19_4332108_A_T_b38_A,additive,0.267833272689861,4,Single credible-set lead,126,111,20,TRUE,Same lead SNP; coding change only: additive -> dominant,-349.413561715676,-348.436736904757,1.95364962183737,1,L1,1,5176,chr19_4332108_A_T_b38_A__dominant,chr19_4332108_A_T_b38_A,dominant,0.21512384482069,7,126,111,20,/project2/mstephens/wdenault/susie_mix/plot/one_cs_dominant/STAP2_Brain_add_vs_mix.png
ADCK2,Nerve,dominant,plotted,Four-panel SuSiE / SuSiE-mix comparison created,1,L1,1,1124,chr7_140679894_G_A_b38_G,chr7_140679894_G_A_b38_G,additive,0.0666306313704619,45,Single credible-set lead,285,67,2,TRUE,Same lead SNP; coding change only: additive -> dominant,-472.490452958938,-472.281861308613,0.417183300648958,1,L1,1,4066,chr7_140679894_G_A_b38_G__dominant,chr7_140679894_G_A_b38_G,dominant,0.0271831261535737,87,285,67,2,/project2/mstephens/wdenault/susie_mix/plot/one_cs_dominant/ADCK2_Nerve_add_vs_mix.png
ITIH4,Lung,dominant,plotted,Four-panel SuSiE / SuSiE-mix comparison created,1,L1,1,879,chr3_53022183_T_C_b38_T,chr3_53022183_T_C_b38_T,additive,0.0539088567875923,47,Single credible-set lead,184,129,10,FALSE,Different lead SNP; coding change: additive -> dominant,-428.82310715236,-426.666366521897,4.31348126092644,1,L1,1,3393,chr3_52826350_C_G_b38_C__dominant,chr3_52826350_C_G_b38_C,dominant,0.0601549446152567,68,181,131,11,/project2/mstephens/wdenault/susie_mix/plot/one_cs_dominant/ITIH4_Lung_add_vs_mix.png
ITIH4,Heart,dominant,plotted,Four-panel SuSiE / SuSiE-mix comparison created,1,L1,1,600,chr3_52840272_T_C_b38_T,chr3_52840272_T_C_b38_T,additive,0.174207031218321,22,Single credible-set lead,187,134,10,TRUE,Same lead SNP; coding change only: additive -> dominant,-448.284726287339,-444.600361411651,7.36872975137749,1,L1,1,3387,chr3_52840272_T_C_b38_T__dominant,chr3_52840272_T_C_b38_T,dominant,0.201703302154354,38,187,134,10,/project2/mstephens/wdenault/susie_mix/plot/one_cs_dominant/ITIH4_Heart_add_vs_mix.png
ITIH4,Nerve,dominant,plotted,Four-panel SuSiE / SuSiE-mix comparison created,2,L1,1,600,chr3_52840272_T_C_b38_T,chr3_52840272_T_C_b38_T,additive,0.115270612798925,22,Highest-PIP credible-set lead,192,147,15,TRUE,Same lead SNP; coding change only: additive -> dominant,-478.624341810082,-482.367638375976,-7.48659313178837,1,L1,1,3387,chr3_52840272_T_C_b38_T__dominant,chr3_52840272_T_C_b38_T,dominant,0.120591050543698,31,192,147,15,/project2/mstephens/wdenault/susie_mix/plot/one_cs_dominant/ITIH4_Nerve_add_vs_mix.png
ITIH4,Adipose Tissue,dominant,plotted,Four-panel SuSiE / SuSiE-mix comparison created,1,L1,1,577,chr3_52830677_T_G_b38_T,chr3_52830677_T_G_b38_T,additive,0.110895493963368,36,Single credible-set lead,236,202,32,TRUE,Same lead SNP; coding change only: additive -> dominant,-651.177948140281,-648.926529344545,4.50283759147374,1,L1,1,3400,chr3_52830677_T_G_b38_T__dominant,chr3_52830677_T_G_b38_T,dominant,0.418825168761957,51,236,202,32,/project2/mstephens/wdenault/susie_mix/plot/one_cs_dominant/ITIH4_Adipose_Tissue_add_vs_mix.png
TTF2,Blood Vessel,dominant,plotted,Four-panel SuSiE / SuSiE-mix comparison created,1,L1,1,681,chr1_117060977_T_A_b38_T,chr1_117060977_T_A_b38_T,additive,0.1454957981855,10,Single credible-set lead,404,44,2,TRUE,Same lead SNP; coding change only: additive -> dominant,-608.549893961365,-605.897199855209,5.30538821231266,1,L1,1,3801,chr1_117060977_T_A_b38_T__dominant,chr1_117060977_T_A_b38_T,dominant,0.149333012754501,13,404,44,2,/project2/mstephens/wdenault/susie_mix/plot/one_cs_dominant/TTF2_Blood_Vessel_add_vs_mix.png
XRRA1,Vagina,dominant,plotted,Four-panel SuSiE / SuSiE-mix comparison created,1,L1,1,969,chr11_74915321_G_A_b38_G,chr11_74915321_G_A_b38_G,additive,0.0574854147564237,35,Single credible-set lead,45,35,3,FALSE,Different lead SNP; coding change: additive -> dominant,-87.5633721228295,-85.5076926707216,4.11135890421582,1,L1,1,3523,chr11_74746011_A_G_b38_A__dominant,chr11_74746011_A_G_b38_A,dominant,0.0248487131287679,58,45,34,4,/project2/mstephens/wdenault/susie_mix/plot/one_cs_dominant/XRRA1_Vagina_add_vs_mix.png
XRRA1,Kidney,dominant,plotted,Four-panel SuSiE / SuSiE-mix comparison created,1,L1,1,738,chr11_74746011_A_G_b38_A,chr11_74746011_A_G_b38_A,additive,0.0300823146878746,32,Single credible-set lead,28,21,5,TRUE,Same lead SNP; coding change only: additive -> dominant,-56.0000169136775,-53.7894089882778,4.42121585079933,1,L1,1,3278,chr11_74746011_A_G_b38_A__dominant,chr11_74746011_A_G_b38_A,dominant,0.0251192398327559,51,28,21,5,/project2/mstephens/wdenault/susie_mix/plot/one_cs_dominant/XRRA1_Kidney_add_vs_mix.png
NAAA,Esophagus,dominant,plotted,Four-panel SuSiE / SuSiE-mix comparison created,2,L2,2,915,chr4_75917485_A_G_b38_A,chr4_75917485_A_G_b38_A,additive,0.0230659891870348,129,Highest-PIP credible-set lead,370,39,3,FALSE,Different lead SNP; coding change: additive -> dominant,-549.14470842394,-554.419727631703,-10.5500384155257,1,L1,1,6224,chr4_76036821_T_C_b38_T__dominant,chr4_76036821_T_C_b38_T,dominant,0.0327024833944004,402,148,178,86,/project2/mstephens/wdenault/susie_mix/plot/one_cs_dominant/NAAA_Esophagus_add_vs_mix.png
NAAA,Breast,dominant,plotted,Four-panel SuSiE / SuSiE-mix comparison created,1,L1,1,1025,chr4_75956249_G_A_b38_G,chr4_75956249_G_A_b38_G,additive,0.0747024856080074,196,Single credible-set lead,74,116,79,FALSE,Different lead SNP; coding change: additive -> dominant,-361.460824589714,-360.750417373511,1.42081443240488,1,L1,1,6397,chr4_76083025_G_A_b38_G__dominant,chr4_76083025_G_A_b38_G,dominant,0.0556413300927843,339,97,119,53,/project2/mstephens/wdenault/susie_mix/plot/one_cs_dominant/NAAA_Breast_add_vs_mix.png
LRP2BP,Testis,dominant,plotted,Four-panel SuSiE / SuSiE-mix comparison created,1,L1,1,1378,chr4_185378842_A_G_b38_A,chr4_185378842_A_G_b38_A,additive,0.999959876262959,1,Single credible-set lead,184,26,1,TRUE,Same lead SNP; coding change only: additive -> dominant,-269.068424158782,-269.025792865609,0.0852625863458343,1,L1,1,6274,chr4_185378842_A_G_b38_A__dominant,chr4_185378842_A_G_b38_A,dominant,0.520061951955604,2,184,26,1,/project2/mstephens/wdenault/susie_mix/plot/one_cs_dominant/LRP2BP_Testis_add_vs_mix.png
EBPL,Brain,dominant,plotted,Four-panel SuSiE / SuSiE-mix comparison created,1,L1,1,1154,chr13_49709253_T_C_b38_T,chr13_49709253_T_C_b38_T,additive,0.9557832747059,1,Single credible-set lead,157,87,13,TRUE,Same lead SNP; coding change only: additive -> dominant,-334.580614251244,-334.184727458502,0.791773585484407,1,L1,1,4679,chr13_49709253_T_C_b38_T__dominant,chr13_49709253_T_C_b38_T,dominant,0.621165952930688,3,157,87,13,/project2/mstephens/wdenault/susie_mix/plot/one_cs_dominant/EBPL_Brain_add_vs_mix.png
EBPL,Colon,dominant,plotted,Four-panel SuSiE / SuSiE-mix comparison created,1,L1,1,1115,chr13_49691102_C_T_b38_C,chr13_49691102_C_T_b38_C,additive,0.368638983866216,28,Single credible-set lead,262,65,5,TRUE,Same lead SNP; coding change only: additive -> dominant,-455.144258315527,-453.747804243182,2.79290814469164,1,L1,1,4820,chr13_49691102_C_T_b38_C__dominant,chr13_49691102_C_T_b38_C,dominant,0.331480308180937,34,262,65,5,/project2/mstephens/wdenault/susie_mix/plot/one_cs_dominant/EBPL_Colon_add_vs_mix.png
LINGO4,Muscle,dominant,plotted,Four-panel SuSiE / SuSiE-mix comparison created,1,L1,1,609,chr1_151793219_G_A_b38_G,chr1_151793219_G_A_b38_G,additive,0.981588178275033,1,Single credible-set lead,421,52,4,TRUE,Same lead SNP; coding change only: additive -> dominant,-646.806936434977,-645.842844646135,1.92818357768556,1,L1,1,3356,chr1_151793219_G_A_b38_G__dominant,chr1_151793219_G_A_b38_G,dominant,0.765508976037037,2,421,52,4,/project2/mstephens/wdenault/susie_mix/plot/one_cs_dominant/LINGO4_Muscle_add_vs_mix.png
MYOM2,Colon,dominant,plotted,Four-panel SuSiE / SuSiE-mix comparison created,1,L1,1,2248,chr8_2128379_A_G_b38_A,chr8_2128379_A_G_b38_A,additive,0.854836839198729,5,Single credible-set lead,94,168,70,TRUE,Same lead SNP; coding change only: additive -> dominant,-441.54303876034,-441.669114550807,-0.252151580933628,1,L1,1,8550,chr8_2128379_A_G_b38_A__dominant,chr8_2128379_A_G_b38_A,dominant,0.400865362669581,13,94,168,70,/project2/mstephens/wdenault/susie_mix/plot/one_cs_dominant/MYOM2_Colon_add_vs_mix.png
MYOM2,Skin,dominant,plotted,Four-panel SuSiE / SuSiE-mix comparison created,1,L1,1,2245,chr8_2127506_T_C_b38_T,chr8_2127506_T_C_b38_T,additive,0.49966139897137,11,Single credible-set lead,148,264,110,TRUE,Same lead SNP; coding change only: additive -> dominant,-726.676858163351,-725.373019504054,2.60767731859414,1,L1,1,8919,chr8_2127506_T_C_b38_T__dominant,chr8_2127506_T_C_b38_T,dominant,0.583814180394731,14,148,264,110,/project2/mstephens/wdenault/susie_mix/plot/one_cs_dominant/MYOM2_Skin_add_vs_mix.png
SCO2,Blood,dominant,plotted,Four-panel SuSiE / SuSiE-mix comparison created,2,L1,1,1377,chr22_50535671_A_G_b38_A,chr22_50535671_A_G_b38_A,additive,0.375347268209142,3,Highest-PIP credible-set lead,291,125,19,TRUE,Same lead SNP; coding change only: additive -> dominant,-580.968339478359,-587.32150436062,-12.7063297645216,1,L1,1,5051,chr22_50535671_A_G_b38_A__dominant,chr22_50535671_A_G_b38_A,dominant,0.270200997132892,9,291,125,19,/project2/mstephens/wdenault/susie_mix/plot/one_cs_dominant/SCO2_Blood_add_vs_mix.png
SCO2,Lung,dominant,plotted,Four-panel SuSiE / SuSiE-mix comparison created,1,L1,1,1344,chr22_50519033_C_T_b38_C,chr22_50519033_C_T_b38_C,additive,0.270190397801771,8,Single credible-set lead,196,108,19,FALSE,Different lead SNP; coding change: additive -> dominant,-441.541752789606,-439.31575609509,4.45199338903228,1,L1,1,4853,chr22_50519091_G_A_b38_G__dominant,chr22_50519091_G_A_b38_G,dominant,0.379727276605921,11,212,96,15,/project2/mstephens/wdenault/susie_mix/plot/one_cs_dominant/SCO2_Lung_add_vs_mix.png
SLC25A51,Lung,dominant,plotted,Four-panel SuSiE / SuSiE-mix comparison created,1,L1,1,1105,chr9_37871451_A_T_b38_A,chr9_37871451_A_T_b38_A,additive,0.880196749283363,6,Single credible-set lead,152,130,41,TRUE,Same lead SNP; coding change only: additive -> dominant,-429.052013927141,-426.967971035475,4.16808578333189,1,L1,1,5210,chr9_37871451_A_T_b38_A__dominant,chr9_37871451_A_T_b38_A,dominant,0.748235277503405,7,152,130,41,/project2/mstephens/wdenault/susie_mix/plot/one_cs_dominant/SLC25A51_Lung_add_vs_mix.png
SLC25A51,Colon,dominant,plotted,Four-panel SuSiE / SuSiE-mix comparison created,1,L1,1,1132,chr9_37880419_T_C_b38_T,chr9_37880419_T_C_b38_T,additive,0.309069879730061,51,Single credible-set lead,254,71,7,TRUE,Same lead SNP; coding change only: additive -> dominant,-450.453133303646,-449.608232324338,1.68980195861604,1,L1,1,5210,chr9_37880419_T_C_b38_T__dominant,chr9_37880419_T_C_b38_T,dominant,0.272250184976039,71,254,71,7,/project2/mstephens/wdenault/susie_mix/plot/one_cs_dominant/SLC25A51_Colon_add_vs_mix.png
SLC25A51,Skin,dominant,plotted,Four-panel SuSiE / SuSiE-mix comparison created,1,L1,1,1132,chr9_37880419_T_C_b38_T,chr9_37880419_T_C_b38_T,additive,0.102560304200863,73,Single credible-set lead,397,116,9,TRUE,Same lead SNP; coding change only: additive -> dominant,-723.330427130103,-722.322943769652,2.01496672090229,1,L1,1,5359,chr9_37880419_T_C_b38_T__dominant,chr9_37880419_T_C_b38_T,dominant,0.0890916448929188,134,397,116,9,/project2/mstephens/wdenault/susie_mix/plot/one_cs_dominant/SLC25A51_Skin_add_vs_mix.png
SLC25A51,Muscle,dominant,plotted,Four-panel SuSiE / SuSiE-mix comparison created,1,L1,1,855,chr9_37752910_T_C_b38_T,chr9_37752910_T_C_b38_T,additive,0.353776483444685,80,Single credible-set lead,217,196,64,FALSE,Different lead SNP; coding change: additive -> dominant,-660.749578176679,-660.327434230855,0.844287891649401,1,L1,1,5064,chr9_37749511_A_G_b38_A__dominant,chr9_37749511_A_G_b38_A,dominant,0.23973055787682,140,269,175,33,/project2/mstephens/wdenault/susie_mix/plot/one_cs_dominant/SLC25A51_Muscle_add_vs_mix.png
ATP6V1G2,Pituitary,dominant,plotted,Four-panel SuSiE / SuSiE-mix comparison created,1,L1,1,7427,chr6_31545625_G_A_b38_G,chr6_31545625_G_A_b38_G,additive,0.366239971935581,4,Single credible-set lead,124,75,2,TRUE,Same lead SNP; coding change only: additive -> dominant,-255.752140552252,-255.000602899824,1.50307530485571,1,L1,1,20495,chr6_31545625_G_A_b38_G__dominant,chr6_31545625_G_A_b38_G,dominant,0.263775406232028,8,124,75,2,/project2/mstephens/wdenault/susie_mix/plot/one_cs_dominant/ATP6V1G2_Pituitary_add_vs_mix.png
ATP6V1G2,Nerve,dominant,plotted,Four-panel SuSiE / SuSiE-mix comparison created,1,L1,1,7427,chr6_31545625_G_A_b38_G,chr6_31545625_G_A_b38_G,additive,0.789701059720377,4,Single credible-set lead,239,107,8,TRUE,Same lead SNP; coding change only: additive -> dominant,-478.654632483925,-478.608035856195,0.0931932554605055,1,L1,1,21580,chr6_31545625_G_A_b38_G__dominant,chr6_31545625_G_A_b38_G,dominant,0.412409774514285,7,239,107,8,/project2/mstephens/wdenault/susie_mix/plot/one_cs_dominant/ATP6V1G2_Nerve_add_vs_mix.png
GPR17,Adrenal Gland,dominant,plotted,Four-panel SuSiE / SuSiE-mix comparison created,1,L1,1,1001,chr2_127648067_C_T_b38_C,chr2_127648067_C_T_b38_C,additive,0.999953454571445,1,Single credible-set lead,120,20,1,TRUE,Same lead SNP; coding change only: additive -> dominant,-169.98524094854,-169.287247826039,1.39598624500098,1,L1,1,4195,chr2_127648067_C_T_b38_C__dominant,chr2_127648067_C_T_b38_C,dominant,0.722019318003605,2,120,20,1,/project2/mstephens/wdenault/susie_mix/plot/one_cs_dominant/GPR17_Adrenal_Gland_add_vs_mix.png
GSTT2B,Prostate,dominant,plotted,Four-panel SuSiE / SuSiE-mix comparison created,1,L1,1,1591,chr22_23924644_G_C_b38_G,chr22_23924644_G_C_b38_G,additive,0.408885440899179,4,Single credible-set lead,42,73,28,FALSE,Different lead SNP; coding change: additive -> dominant,-173.254286302031,-173.130703842236,0.24716491958975,1,L1,1,4907,chr22_23908608_C_G_b38_C__dominant,chr22_23908608_C_G_b38_C,dominant,0.152396183084651,12,47,72,24,/project2/mstephens/wdenault/susie_mix/plot/one_cs_dominant/GSTT2B_Prostate_add_vs_mix.png
IGSF22,Thyroid,dominant,plotted,Four-panel SuSiE / SuSiE-mix comparison created,1,L1,1,1101,chr11_18707103_T_C_b38_T,chr11_18707103_T_C_b38_T,additive,0.999999990275743,1,Single credible-set lead,168,177,45,TRUE,Same lead SNP; coding change only: additive -> dominant,-523.667284628043,-523.21140702723,0.911755201624374,1,L1,1,5631,chr11_18707103_T_C_b38_T__dominant,chr11_18707103_T_C_b38_T,dominant,0.66955264609833,2,168,177,45,/project2/mstephens/wdenault/susie_mix/plot/one_cs_dominant/IGSF22_Thyroid_add_vs_mix.png
IQCB1,Adipose Tissue,dominant,plotted,Four-panel SuSiE / SuSiE-mix comparison created,1,L1,1,594,chr3_121659058_C_A_b38_C,chr3_121659058_C_A_b38_C,additive,0.394032043058126,5,Single credible-set lead,346,115,9,TRUE,Same lead SNP; coding change only: additive -> dominant,-638.222492514634,-636.145564596487,4.15385583629359,1,L1,1,4592,chr3_121659058_C_A_b38_C__dominant,chr3_121659058_C_A_b38_C,dominant,0.384733098723164,9,346,115,9,/project2/mstephens/wdenault/susie_mix/plot/one_cs_dominant/IQCB1_Adipose_Tissue_add_vs_mix.png
IQCB1,Pituitary,dominant,plotted,Four-panel SuSiE / SuSiE-mix comparison created,1,L1,1,644,chr3_121693029_A_C_b38_A,chr3_121693029_A_C_b38_A,additive,0.209101737293005,78,Single credible-set lead,76,89,36,TRUE,Same lead SNP; coding change only: additive -> dominant,-267.636202236133,-265.618416817664,4.03557083693772,1,L1,1,4249,chr3_121693029_A_C_b38_A__dominant,chr3_121693029_A_C_b38_A,dominant,0.530444858631561,78,76,89,36,/project2/mstephens/wdenault/susie_mix/plot/one_cs_dominant/IQCB1_Pituitary_add_vs_mix.png
RTN4RL1,Nerve,dominant,plotted,Four-panel SuSiE / SuSiE-mix comparison created,1,L1,1,1257,chr17_2006529_C_T_b38_C,chr17_2006529_C_T_b38_C,additive,0.0938459188872459,29,Single credible-set lead,174,155,25,FALSE,Different lead SNP; coding change: additive -> dominant,-474.006864363531,-472.523697959989,2.96633280708329,1,L1,1,5306,chr17_2013484_C_A_b38_C__dominant,chr17_2013484_C_A_b38_C,dominant,0.234188112505278,50,182,149,23,/project2/mstephens/wdenault/susie_mix/plot/one_cs_dominant/RTN4RL1_Nerve_add_vs_mix.png
RTN4RL1,Thyroid,dominant,plotted,Four-panel SuSiE / SuSiE-mix comparison created,1,L1,1,1263,chr17_2008698_T_C_b38_T,chr17_2008698_T_C_b38_T,additive,0.046210302202069,30,Single credible-set lead,187,172,31,FALSE,Different lead SNP; coding change: additive -> dominant,-531.066225351635,-530.692470911442,0.747508880385567,1,L1,1,5280,chr17_2005886_A_G_b38_A__dominant,chr17_2005886_A_G_b38_A,dominant,0.0296752947444893,60,191,169,30,/project2/mstephens/wdenault/susie_mix/plot/one_cs_dominant/RTN4RL1_Thyroid_add_vs_mix.png
GNPDA2,Nerve,dominant,plotted,Four-panel SuSiE / SuSiE-mix comparison created,1,L1,1,861,chr4_44636914_C_A_b38_C,chr4_44636914_C_A_b38_C,additive,0.0586664349676516,20,Single credible-set lead,205,130,19,FALSE,Different lead SNP; coding change: additive -> dominant,-473.201456818814,-471.960397582065,2.48211847349842,1,L1,1,5306,chr4_44624789_C_A_b38_C__dominant,chr4_44624789_C_A_b38_C,dominant,0.0639297972112309,35,206,130,18,/project2/mstephens/wdenault/susie_mix/plot/one_cs_dominant/GNPDA2_Nerve_add_vs_mix.png
ARL16,Small Intestine,dominant,plotted,Four-panel SuSiE / SuSiE-mix comparison created,1,L1,1,1393,chr17_81667132_T_G_b38_T,chr17_81667132_T_G_b38_T,additive,0.0763588888746183,13,Single credible-set lead,87,27,1,TRUE,Same lead SNP; coding change only: additive -> dominant,-133.593796942875,-133.018488735616,1.15061641451695,1,L1,1,5098,chr17_81667132_T_G_b38_T__dominant,chr17_81667132_T_G_b38_T,dominant,0.0525185468454045,27,87,27,1,/project2/mstephens/wdenault/susie_mix/plot/one_cs_dominant/ARL16_Small_Intestine_add_vs_mix.png
ARL16,Vagina,dominant,plotted,Four-panel SuSiE / SuSiE-mix comparison created,1,L1,1,1438,chr17_81675526_T_C_b38_T,chr17_81675526_T_C_b38_T,additive,0.713674820748504,16,Single credible-set lead,45,35,3,TRUE,Same lead SNP; coding change only: additive -> dominant,-96.4939322396063,-96.7102877805608,-0.432711081909019,1,L1,1,4990,chr17_81675526_T_C_b38_T__dominant,chr17_81675526_T_C_b38_T,dominant,0.323172854721059,34,45,35,3,/project2/mstephens/wdenault/susie_mix/plot/one_cs_dominant/ARL16_Vagina_add_vs_mix.png
MPV17L,Adrenal Gland,dominant,plotted,Four-panel SuSiE / SuSiE-mix comparison created,1,L1,1,539,chr16_15404916_G_C_b38_G,chr16_15404916_G_C_b38_G,additive,0.484034817755609,2,Single credible-set lead,81,49,11,TRUE,Same lead SNP; coding change only: additive -> dominant,-170.7533041553,-170.108772399321,1.28906351195894,1,L1,1,2689,chr16_15404916_G_C_b38_G__dominant,chr16_15404916_G_C_b38_G,dominant,0.343625727910883,4,81,49,11,/project2/mstephens/wdenault/susie_mix/plot/one_cs_dominant/MPV17L_Adrenal_Gland_add_vs_mix.png
WDR31,Esophagus,dominant,plotted,Four-panel SuSiE / SuSiE-mix comparison created,1,L1,1,1168,chr9_113276955_C_A_b38_C,chr9_113276955_C_A_b38_C,additive,0.0638614647159286,33,Single credible-set lead,350,58,4,TRUE,Same lead SNP; coding change only: additive -> dominant,-556.305893193957,-556.324893316324,-0.0380002447325296,1,L1,1,5377,chr9_113276955_C_A_b38_C__dominant,chr9_113276955_C_A_b38_C,dominant,0.0330278070471179,65,350,58,4,/project2/mstephens/wdenault/susie_mix/plot/one_cs_dominant/WDR31_Esophagus_add_vs_mix.png
SVBP,Blood,dominant,plotted,Four-panel SuSiE / SuSiE-mix comparison created,1,L1,1,985,chr1_42799864_A_C_b38_A,chr1_42799864_A_C_b38_A,additive,0.180544677691308,16,Single credible-set lead,237,166,32,FALSE,Different lead SNP; coding change: additive -> dominant,-589.28545431281,-588.444588190398,1.68173224482234,1,L1,1,4775,chr1_42787339_G_A_b38_G__dominant,chr1_42787339_G_A_b38_G,dominant,0.1036935912166,26,276,137,22,/project2/mstephens/wdenault/susie_mix/plot/one_cs_dominant/SVBP_Blood_add_vs_mix.png
SLC35E2B,Pituitary,dominant,plotted,Four-panel SuSiE / SuSiE-mix comparison created,1,L1,1,767,chr1_1661177_A_G_b38_A,chr1_1661177_A_G_b38_A,additive,0.515992814250549,7,Single credible-set lead,120,73,8,TRUE,Same lead SNP; coding change only: additive -> dominant,-256.967522028102,-256.928582870267,0.0778783156695226,1,L1,1,3619,chr1_1661177_A_G_b38_A__dominant,chr1_1661177_A_G_b38_A,dominant,0.212949554261797,13,120,73,8,/project2/mstephens/wdenault/susie_mix/plot/one_cs_dominant/SLC35E2B_Pituitary_add_vs_mix.png
KLK6,Testis,dominant,plotted,Four-panel SuSiE / SuSiE-mix comparison created,1,L1,1,1420,chr19_50973025_A_G_b38_A,chr19_50973025_A_G_b38_A,additive,0.775509741437765,2,Single credible-set lead,158,47,6,TRUE,Same lead SNP; coding change only: additive -> dominant,-270.639724183494,-262.968353307547,15.3427417518944,1,L1,1,5924,chr19_50973025_A_G_b38_A__dominant,chr19_50973025_A_G_b38_A,dominant,0.837130009228546,2,158,47,6,/project2/mstephens/wdenault/susie_mix/plot/one_cs_dominant/KLK6_Testis_add_vs_mix.png
NT5DC3,Blood,dominant,plotted,Four-panel SuSiE / SuSiE-mix comparison created,1,L1,1,1158,chr12_103815194_A_T_b38_A,chr12_103815194_A_T_b38_A,additive,0.123964994657582,11,Single credible-set lead,305,118,12,FALSE,Different lead SNP; coding change: additive -> dominant,-588.772024407304,-588.777834888282,-0.0116209619573056,1,L1,1,5661,chr12_103798728_A_G_b38_A__dominant,chr12_103798728_A_G_b38_A,dominant,0.0803216578990033,23,300,120,15,/project2/mstephens/wdenault/susie_mix/plot/one_cs_dominant/NT5DC3_Blood_add_vs_mix.png
NT5DC3,Liver,dominant,plotted,Four-panel SuSiE / SuSiE-mix comparison created,1,L1,1,1039,chr12_103787094_G_A_b38_G,chr12_103787094_G_A_b38_G,additive,0.671979030148576,2,Single credible-set lead,85,46,9,TRUE,Same lead SNP; coding change only: additive -> dominant,-177.270963443203,-174.012609727846,6.51670743071429,1,L1,1,4941,chr12_103787094_G_A_b38_G__dominant,chr12_103787094_G_A_b38_G,dominant,0.86914578024114,2,85,46,9,/project2/mstephens/wdenault/susie_mix/plot/one_cs_dominant/NT5DC3_Liver_add_vs_mix.png
LRRC37A,Prostate,dominant,plotted,Four-panel SuSiE / SuSiE-mix comparison created,1,L1,1,2492,chr17_46491871_T_C_b38_T,chr17_46491871_T_C_b38_T,additive,0.309637290281318,4,Single credible-set lead,35,75,33,FALSE,Different lead SNP; coding change: additive -> dominant,-174.240140189785,-173.910426820197,0.65942673917607,1,L1,1,7312,chr17_46541752_G_A_b38_G__dominant,chr17_46541752_G_A_b38_G,dominant,0.404520083962602,5,36,73,34,/project2/mstephens/wdenault/susie_mix/plot/one_cs_dominant/LRRC37A_Prostate_add_vs_mix.png
ANXA5,Thyroid,dominant,plotted,Four-panel SuSiE / SuSiE-mix comparison created,1,L1,1,1534,chr4_121660079_C_T_b38_C,chr4_121660079_C_T_b38_C,additive,0.106565131522107,11,Single credible-set lead,217,148,25,TRUE,Same lead SNP; coding change only: additive -> dominant,-525.022471058295,-524.464622857219,1.1156964021518,1,L1,1,6102,chr4_121660079_C_T_b38_C__dominant,chr4_121660079_C_T_b38_C,dominant,0.0754359381452675,20,217,148,25,/project2/mstephens/wdenault/susie_mix/plot/one_cs_dominant/ANXA5_Thyroid_add_vs_mix.png
RASGRP3,Thyroid,dominant,plotted,Four-panel SuSiE / SuSiE-mix comparison created,1,L1,1,1544,chr2_33526597_C_T_b38_C,chr2_33526597_C_T_b38_C,additive,0.389155490605764,5,Single credible-set lead,316,71,3,TRUE,Same lead SNP; coding change only: additive -> dominant,-525.417395210347,-523.269714928356,4.29536056398206,1,L1,1,6991,chr2_33526597_C_T_b38_C__dominant,chr2_33526597_C_T_b38_C,dominant,0.359968041562067,8,316,71,3,/project2/mstephens/wdenault/susie_mix/plot/one_cs_dominant/RASGRP3_Thyroid_add_vs_mix.png
RASGRP3,Nerve,dominant,plotted,Four-panel SuSiE / SuSiE-mix comparison created,1,L1,1,1579,chr2_33537896_A_G_b38_A,chr2_33537896_A_G_b38_A,additive,0.24614718401543,9,Single credible-set lead,279,70,5,TRUE,Same lead SNP; coding change only: additive -> dominant,-482.087180534812,-481.999926326437,0.174508416750314,1,L1,1,6903,chr2_33537896_A_G_b38_A__dominant,chr2_33537896_A_G_b38_A,dominant,0.17573570642174,19,279,70,5,/project2/mstephens/wdenault/susie_mix/plot/one_cs_dominant/RASGRP3_Nerve_add_vs_mix.png
RASGRP3,Esophagus,dominant,plotted,Four-panel SuSiE / SuSiE-mix comparison created,1,L1,1,1544,chr2_33526597_C_T_b38_C,chr2_33526597_C_T_b38_C,additive,0.857895930583565,2,Single credible-set lead,325,81,6,TRUE,Same lead SNP; coding change only: additive -> dominant,-566.765648312877,-564.057725512993,5.41584559976741,1,L1,1,6946,chr2_33526597_C_T_b38_C__dominant,chr2_33526597_C_T_b38_C,dominant,0.856123014558903,3,325,81,6,/project2/mstephens/wdenault/susie_mix/plot/one_cs_dominant/RASGRP3_Esophagus_add_vs_mix.png
PDCD1LG2,Lung,dominant,plotted,Four-panel SuSiE / SuSiE-mix comparison created,1,L1,1,1145,chr9_5510644_A_G_b38_A,chr9_5510644_A_G_b38_A,additive,0.94356604267796,2,Single credible-set lead,145,137,41,TRUE,Same lead SNP; coding change only: additive -> dominant,-430.031840343131,-430.209091325901,-0.354501965540067,1,L1,1,4695,chr9_5510644_A_G_b38_A__dominant,chr9_5510644_A_G_b38_A,dominant,0.459751457407149,7,145,137,41,/project2/mstephens/wdenault/susie_mix/plot/one_cs_dominant/PDCD1LG2_Lung_add_vs_mix.png
THOC3,Heart,dominant,plotted,Four-panel SuSiE / SuSiE-mix comparison created,1,L1,1,640,chr5_175916488_T_C_b38_T,chr5_175916488_T_C_b38_T,additive,0.372373931032189,4,Single credible-set lead,215,98,18,FALSE,Different lead SNP; coding change: additive -> dominant,-441.655121822718,-440.456373950103,2.39749574523069,1,L1,1,3227,chr5_175914606_G_A_b38_G__dominant,chr5_175914606_G_A_b38_G,dominant,0.552293755959424,8,237,92,2,/project2/mstephens/wdenault/susie_mix/plot/one_cs_dominant/THOC3_Heart_add_vs_mix.png
THOC3,Spleen,dominant,plotted,Four-panel SuSiE / SuSiE-mix comparison created,1,L1,1,688,chr5_175954052_A_G_b38_A,chr5_175954052_A_G_b38_A,additive,0.615676219874813,3,Single credible-set lead,96,49,1,FALSE,Different lead SNP; coding change: additive -> dominant,-181.412638754909,-178.000832976635,6.82361155654684,1,L1,1,3039,chr5_175966824_T_C_b38_T__dominant,chr5_175966824_T_C_b38_T,dominant,0.853652121561265,3,90,53,3,/project2/mstephens/wdenault/susie_mix/plot/one_cs_dominant/THOC3_Spleen_add_vs_mix.png
THOC3,Adrenal Gland,dominant,plotted,Four-panel SuSiE / SuSiE-mix comparison created,1,L1,1,694,chr5_175966824_T_C_b38_T,chr5_175966824_T_C_b38_T,additive,0.765202476802242,6,Single credible-set lead,95,44,2,TRUE,Same lead SNP; coding change only: additive -> dominant,-176.006363064965,-172.999537051862,6.01365202620627,1,L1,1,3035,chr5_175966824_T_C_b38_T__dominant,chr5_175966824_T_C_b38_T,dominant,0.9071588443646,2,95,44,2,/project2/mstephens/wdenault/susie_mix/plot/one_cs_dominant/THOC3_Adrenal_Gland_add_vs_mix.png
THOC3,Colon,dominant,plotted,Four-panel SuSiE / SuSiE-mix comparison created,1,L1,1,640,chr5_175916488_T_C_b38_T,chr5_175916488_T_C_b38_T,additive,0.49072019822703,6,Single credible-set lead,226,97,9,FALSE,Different lead SNP; coding change: additive -> dominant,-447.658542062268,-447.015032340176,1.28701944418253,1,L1,1,3281,chr5_175966824_T_C_b38_T__dominant,chr5_175966824_T_C_b38_T,dominant,0.465366266707767,11,216,112,4,/project2/mstephens/wdenault/susie_mix/plot/one_cs_dominant/THOC3_Colon_add_vs_mix.png
THOC3,Pancreas,dominant,plotted,Four-panel SuSiE / SuSiE-mix comparison created,1,L1,1,694,chr5_175966824_T_C_b38_T,chr5_175966824_T_C_b38_T,additive,0.722661155125026,11,Single credible-set lead,110,68,2,TRUE,Same lead SNP; coding change only: additive -> dominant,-237.796921961347,-235.178005444042,5.23783303461141,1,L1,1,3167,chr5_175966824_T_C_b38_T__dominant,chr5_175966824_T_C_b38_T,dominant,0.844232928168919,3,110,68,2,/project2/mstephens/wdenault/susie_mix/plot/one_cs_dominant/THOC3_Pancreas_add_vs_mix.png
THOC3,Liver,dominant,plotted,Four-panel SuSiE / SuSiE-mix comparison created,1,L1,1,688,chr5_175954052_A_G_b38_A,chr5_175954052_A_G_b38_A,additive,0.327084114242304,8,Single credible-set lead,96,43,1,FALSE,Different lead SNP; coding change: additive -> dominant,-182.886315613224,-182.510559489642,0.751512247163419,1,L1,1,3047,chr5_175966824_T_C_b38_T__dominant,chr5_175966824_T_C_b38_T,dominant,0.342982848334544,10,91,48,1,/project2/mstephens/wdenault/susie_mix/plot/one_cs_dominant/THOC3_Liver_add_vs_mix.png
OGFOD3,Muscle,dominant,plotted,Four-panel SuSiE / SuSiE-mix comparison created,1,L1,1,1069,chr17_82415576_C_T_b38_C,chr17_82415576_C_T_b38_C,additive,0.959154654570696,1,Single credible-set lead,281,165,31,TRUE,Same lead SNP; coding change only: additive -> dominant,-648.654274828759,-645.790309462626,5.72793073226694,1,L1,1,5526,chr17_82415576_C_T_b38_C__dominant,chr17_82415576_C_T_b38_C,dominant,0.869168913630179,3,281,165,31,/project2/mstephens/wdenault/susie_mix/plot/one_cs_dominant/OGFOD3_Muscle_add_vs_mix.png
OGFOD3,Colon,dominant,plotted,Four-panel SuSiE / SuSiE-mix comparison created,1,L1,1,1069,chr17_82415576_C_T_b38_C,chr17_82415576_C_T_b38_C,additive,0.298033094477054,10,Single credible-set lead,193,114,25,TRUE,Same lead SNP; coding change only: additive -> dominant,-453.177909330767,-452.713151574633,0.929515512269859,1,L1,1,5429,chr17_82415576_C_T_b38_C__dominant,chr17_82415576_C_T_b38_C,dominant,0.163178374255746,17,193,114,25,/project2/mstephens/wdenault/susie_mix/plot/one_cs_dominant/OGFOD3_Colon_add_vs_mix.png
ZBED6CL,Colon,dominant,plotted,Four-panel SuSiE / SuSiE-mix comparison created,1,L1,1,1192,chr7_150329250_C_G_b38_C,chr7_150329250_C_G_b38_C,additive,0.125569836618641,29,Single credible-set lead,195,118,19,FALSE,Different lead SNP; coding change: additive -> dominant,-443.809315267826,-443.184947054952,1.24873642574789,1,L1,1,6324,chr7_150324195_C_T_b38_C__dominant,chr7_150324195_C_T_b38_C,dominant,0.0709047896976828,50,191,120,21,/project2/mstephens/wdenault/susie_mix/plot/one_cs_dominant/ZBED6CL_Colon_add_vs_mix.png
APOC2,Spleen,dominant,plotted,Four-panel SuSiE / SuSiE-mix comparison created,1,L1,1,1347,chr19_44990377_C_G_b38_C,chr19_44990377_C_G_b38_C,additive,0.666102011576459,10,Single credible-set lead,32,80,34,FALSE,Different lead SNP; coding change: additive -> dominant,-179.72866614287,-177.961799098792,3.53373408815736,1,L1,1,4883,chr19_44941485_A_G_b38_A__dominant,chr19_44941485_A_G_b38_A,dominant,0.399081041278691,13,41,79,26,/project2/mstephens/wdenault/susie_mix/plot/one_cs_dominant/APOC2_Spleen_add_vs_mix.png
APOC2,Lung,dominant,plotted,Four-panel SuSiE / SuSiE-mix comparison created,1,L1,1,1347,chr19_44990377_C_G_b38_C,chr19_44990377_C_G_b38_C,additive,0.31465244625893,11,Single credible-set lead,91,165,67,FALSE,Different lead SNP; coding change: additive -> dominant,-440.414437696974,-436.738980375742,7.35091464246284,1,L1,1,5187,chr19_44946027_T_G_b38_T__dominant,chr19_44946027_T_G_b38_T,dominant,0.461924838096544,12,95,163,65,/project2/mstephens/wdenault/susie_mix/plot/one_cs_dominant/APOC2_Lung_add_vs_mix.png
KANK3,Testis,dominant,plotted,Four-panel SuSiE / SuSiE-mix comparison created,1,L1,1,1447,chr19_8331182_A_G_b38_A,chr19_8331182_A_G_b38_A,additive,0.0947479769136937,27,Single credible-set lead,136,67,8,TRUE,Same lead SNP; coding change only: additive -> dominant,-272.106693357616,-268.803878214604,6.6056302860236,1,L1,1,5669,chr19_8331182_A_G_b38_A__dominant,chr19_8331182_A_G_b38_A,dominant,0.105370267036844,30,136,67,8,/project2/mstephens/wdenault/susie_mix/plot/one_cs_dominant/KANK3_Testis_add_vs_mix.png
FGG,Adrenal Gland,dominant,plotted,Four-panel SuSiE / SuSiE-mix comparison created,1,L1,1,823,chr4_154566069_G_C_b38_G,chr4_154566069_G_C_b38_G,additive,0.0675092957243355,27,Single credible-set lead,91,39,11,FALSE,Different lead SNP; coding change: additive -> dominant,-172.251193856582,-170.696790297442,3.10880711828099,1,L1,1,4016,chr4_154557126_A_G_b38_A__dominant,chr4_154557126_A_G_b38_A,dominant,0.0332340180266822,46,91,38,12,/project2/mstephens/wdenault/susie_mix/plot/one_cs_dominant/FGG_Adrenal_Gland_add_vs_mix.png
SAXO2,Breast,dominant,plotted,Four-panel SuSiE / SuSiE-mix comparison created,1,L1,1,891,chr15_82207784_G_A_b38_G,chr15_82207784_G_A_b38_G,additive,0.124775669310866,9,Single credible-set lead,237,31,1,TRUE,Same lead SNP; coding change only: additive -> dominant,-353.754812121525,-353.470060401526,0.569503439999153,1,L1,1,3887,chr15_82207784_G_A_b38_G__dominant,chr15_82207784_G_A_b38_G,dominant,0.0773542319107177,17,237,31,1,/project2/mstephens/wdenault/susie_mix/plot/one_cs_dominant/SAXO2_Breast_add_vs_mix.png
SAXO2,Salivary Gland,dominant,plotted,Four-panel SuSiE / SuSiE-mix comparison created,1,L1,1,891,chr15_82207784_G_A_b38_G,chr15_82207784_G_A_b38_G,additive,0.130854674565922,8,Single credible-set lead,95,14,2,FALSE,Different lead SNP; coding change: additive -> dominant,-133.384082334384,-132.377714305873,2.01273605702266,1,L1,1,4025,chr15_82471910_G_A_b38_G__dominant,chr15_82471910_G_A_b38_G,dominant,0.10746273652043,15,97,12,2,/project2/mstephens/wdenault/susie_mix/plot/one_cs_dominant/SAXO2_Salivary_Gland_add_vs_mix.png
NOL6,Colon,dominant,plotted,Four-panel SuSiE / SuSiE-mix comparison created,1,L1,1,1186,chr9_33467579_T_C_b38_T,chr9_33467579_T_C_b38_T,additive,0.99979935494291,1,Single credible-set lead,191,122,19,TRUE,Same lead SNP; coding change only: additive -> dominant,-443.115705032324,-441.531111237556,3.16918758953739,1,L1,1,5533,chr9_33467579_T_C_b38_T__dominant,chr9_33467579_T_C_b38_T,dominant,0.863234326795085,2,191,122,19,/project2/mstephens/wdenault/susie_mix/plot/one_cs_dominant/NOL6_Colon_add_vs_mix.png
NOL6,Esophagus,dominant,plotted,Four-panel SuSiE / SuSiE-mix comparison created,1,L1,1,1186,chr9_33467579_T_C_b38_T,chr9_33467579_T_C_b38_T,additive,0.631374633505677,4,Single credible-set lead,246,144,22,TRUE,Same lead SNP; coding change only: additive -> dominant,-567.937589717687,-561.756594036716,12.3619913619425,1,L1,1,5769,chr9_33467579_T_C_b38_T__dominant,chr9_33467579_T_C_b38_T,dominant,0.992198081346957,1,246,144,22,/project2/mstephens/wdenault/susie_mix/plot/one_cs_dominant/NOL6_Esophagus_add_vs_mix.png
NOL6,Adipose Tissue,dominant,plotted,Four-panel SuSiE / SuSiE-mix comparison created,1,L1,1,1186,chr9_33467579_T_C_b38_T,chr9_33467579_T_C_b38_T,additive,0.886412579267493,3,Single credible-set lead,271,175,24,TRUE,Same lead SNP; coding change only: additive -> dominant,-651.87393292849,-651.367149634712,1.01356658755435,1,L1,1,5801,chr9_33467579_T_C_b38_T__dominant,chr9_33467579_T_C_b38_T,dominant,0.56402093807822,5,271,175,24,/project2/mstephens/wdenault/susie_mix/plot/one_cs_dominant/NOL6_Adipose_Tissue_add_vs_mix.png
SDR39U1,Thyroid,dominant,plotted,Four-panel SuSiE / SuSiE-mix comparison created,1,L1,1,795,chr14_24442558_G_A_b38_G,chr14_24442558_G_A_b38_G,additive,0.0345641749950486,51,Single credible-set lead,314,65,11,TRUE,Same lead SNP; coding change only: additive -> dominant,-526.145823651774,-525.863149857606,0.565347588336181,1,L1,1,4714,chr14_24442558_G_A_b38_G__dominant,chr14_24442558_G_A_b38_G,dominant,0.0133147817077137,101,314,65,11,/project2/mstephens/wdenault/susie_mix/plot/one_cs_dominant/SDR39U1_Thyroid_add_vs_mix.png
MGMT,Pituitary,dominant,plotted,Four-panel SuSiE / SuSiE-mix comparison created,1,L1,1,1710,chr10_129572256_T_C_b38_T,chr10_129572256_T_C_b38_T,additive,0.337026224868171,27,Single credible-set lead,61,91,49,TRUE,Same lead SNP; coding change only: additive -> dominant,-258.854269378503,-253.942672986297,9.82319278441213,1,L1,1,5961,chr10_129572256_T_C_b38_T__dominant,chr10_129572256_T_C_b38_T,dominant,0.865695774535945,15,61,91,49,/project2/mstephens/wdenault/susie_mix/plot/one_cs_dominant/MGMT_Pituitary_add_vs_mix.png
MGMT,Adrenal Gland,dominant,plotted,Four-panel SuSiE / SuSiE-mix comparison created,1,L1,1,1807,chr10_129629397_G_T_b38_G,chr10_129629397_G_T_b38_G,additive,0.121892730227939,100,Single credible-set lead,77,55,9,FALSE,Different lead SNP; coding change: additive -> dominant,-185.163812108797,-184.706395282975,0.914833651644358,1,L1,1,5774,chr10_129645726_A_G_b38_A__dominant,chr10_129645726_A_G_b38_A,dominant,0.0971835583141298,136,54,64,23,/project2/mstephens/wdenault/susie_mix/plot/one_cs_dominant/MGMT_Adrenal_Gland_add_vs_mix.png
VNN2,Adipose Tissue,dominant,plotted,Four-panel SuSiE / SuSiE-mix comparison created,1,L1,1,1095,chr6_132733044_T_G_b38_T,chr6_132733044_T_G_b38_T,additive,0.178922100855364,12,Single credible-set lead,125,224,121,FALSE,Different lead SNP; coding change: additive -> dominant,-639.631336242287,-636.177225827185,6.90822083020407,1,L1,1,4962,chr6_132747454_C_T_b38_C__dominant,chr6_132747454_C_T_b38_C,dominant,0.234535773941057,6,167,207,96,/project2/mstephens/wdenault/susie_mix/plot/one_cs_dominant/VNN2_Adipose_Tissue_add_vs_mix.png
VNN2,Blood Vessel,dominant,plotted,Four-panel SuSiE / SuSiE-mix comparison created,1,L1,1,1102,chr6_132734097_G_A_b38_G,chr6_132734097_G_A_b38_G,additive,0.128941361143578,13,Single credible-set lead,148,200,102,FALSE,Different lead SNP; coding change: additive -> dominant,-613.538161911206,-610.094697888944,6.88692804452262,1,L1,1,4937,chr6_132738375_T_C_b38_T__dominant,chr6_132738375_T_C_b38_T,dominant,0.18791198344345,14,141,202,107,/project2/mstephens/wdenault/susie_mix/plot/one_cs_dominant/VNN2_Blood_Vessel_add_vs_mix.png
TPD52,Muscle,dominant,plotted,Four-panel SuSiE / SuSiE-mix comparison created,1,L1,1,701,chr8_80152077_A_G_b38_A,chr8_80152077_A_G_b38_A,additive,0.627126911916807,4,Single credible-set lead,391,78,8,TRUE,Same lead SNP; coding change only: additive -> dominant,-649.635933186296,-647.353923660357,4.56401905187659,1,L1,1,3729,chr8_80152077_A_G_b38_A__dominant,chr8_80152077_A_G_b38_A,dominant,0.632027263151243,5,391,78,8,/project2/mstephens/wdenault/susie_mix/plot/one_cs_dominant/TPD52_Muscle_add_vs_mix.png
LDHAL6A,Testis,dominant,plotted,Four-panel SuSiE / SuSiE-mix comparison created,1,L1,1,1059,chr11_18400136_C_A_b38_C,chr11_18400136_C_A_b38_C,additive,0.282101837264158,10,Single credible-set lead,162,47,2,FALSE,Different lead SNP; coding change: additive -> dominant,-272.320580057388,-268.844510239502,6.95213963577191,1,L1,1,5369,chr11_18380320_A_G_b38_A__dominant,chr11_18380320_A_G_b38_A,dominant,0.318187769141643,11,165,43,3,/project2/mstephens/wdenault/susie_mix/plot/one_cs_dominant/LDHAL6A_Testis_add_vs_mix.png
TDRD6,Pituitary,dominant,plotted,Four-panel SuSiE / SuSiE-mix comparison created,1,L1,1,651,chr6_46656919_A_T_b38_A,chr6_46656919_A_T_b38_A,additive,0.260434479500019,6,Single credible-set lead,100,90,11,FALSE,Different lead SNP; coding change: additive -> dominant,-257.700778432503,-257.451481917497,0.498593030013126,1,L1,1,3628,chr6_46657537_A_G_b38_A__dominant,chr6_46657537_A_G_b38_A,dominant,0.302662385918583,9,53,102,46,/project2/mstephens/wdenault/susie_mix/plot/one_cs_dominant/TDRD6_Pituitary_add_vs_mix.png
EMP2,Nerve,dominant,plotted,Four-panel SuSiE / SuSiE-mix comparison created,1,L1,1,1526,chr16_10529038_C_T_b38_C,chr16_10529038_C_T_b38_C,additive,0.241521329936241,8,Single credible-set lead,91,166,97,FALSE,Different lead SNP; coding change: additive -> dominant,-475.171948500887,-474.977142785636,0.389611430501873,1,L1,1,6982,chr16_10525053_G_C_b38_G__dominant,chr16_10525053_G_C_b38_G,dominant,0.191929852405446,16,103,170,81,/project2/mstephens/wdenault/susie_mix/plot/one_cs_dominant/EMP2_Nerve_add_vs_mix.png
FCGR3B,Skin,dominant,plotted,Four-panel SuSiE / SuSiE-mix comparison created,1,L1,1,1080,chr1_161614845_G_A_b38_G,chr1_161614845_G_A_b38_G,additive,0.402382137009806,5,Single credible-set lead,249,247,26,FALSE,Different lead SNP; coding change: additive -> dominant,-700.709970743198,-698.903856144444,3.61222919750776,1,L1,1,4608,chr1_161614875_G_A_b38_G__dominant,chr1_161614875_G_A_b38_G,dominant,0.190849047541881,7,254,241,27,/project2/mstephens/wdenault/susie_mix/plot/one_cs_dominant/FCGR3B_Skin_add_vs_mix.png
ARHGAP11A,Thyroid,dominant,plotted,Four-panel SuSiE / SuSiE-mix comparison created,1,L1,1,223,chr15_32609864_G_T_b38_G,chr15_32609864_G_T_b38_G,additive,0.219010752505381,12,Single credible-set lead,126,200,64,FALSE,Different lead SNP; coding change: additive -> dominant,-526.399547324957,-525.28314337703,2.23280789585351,1,L1,1,3207,chr15_32612101_C_T_b38_C__dominant,chr15_32612101_C_T_b38_C,dominant,0.334389112314185,20,152,188,50,/project2/mstephens/wdenault/susie_mix/plot/one_cs_dominant/ARHGAP11A_Thyroid_add_vs_mix.png
LRRC6,Blood,dominant,plotted,Four-panel SuSiE / SuSiE-mix comparison created,1,L1,1,1172,chr8_132709020_T_C_b38_T,chr8_132709020_T_C_b38_T,additive,0.129417036539565,16,Single credible-set lead,118,200,117,FALSE,Different lead SNP; coding change: additive -> dominant,-588.978034000383,-587.669938757972,2.6161904848218,1,L1,1,5438,chr8_132703106_C_T_b38_C__dominant,chr8_132703106_C_T_b38_C,dominant,0.0597526771149253,25,118,202,115,/project2/mstephens/wdenault/susie_mix/plot/one_cs_dominant/LRRC6_Blood_add_vs_mix.png
TLE6,Pancreas,dominant,plotted,Four-panel SuSiE / SuSiE-mix comparison created,1,L1,1,1539,chr19_2990223_C_T_b38_C,chr19_2990223_C_T_b38_C,additive,0.313819931958797,11,Single credible-set lead,89,68,23,TRUE,Same lead SNP; coding change only: additive -> dominant,-228.537472193569,-225.443458020917,6.18802834530334,1,L1,1,6719,chr19_2990223_C_T_b38_C__dominant,chr19_2990223_C_T_b38_C,dominant,0.296572839206603,12,89,68,23,/project2/mstephens/wdenault/susie_mix/plot/one_cs_dominant/TLE6_Pancreas_add_vs_mix.png
CPXM1,Spleen,dominant,plotted,Four-panel SuSiE / SuSiE-mix comparison created,1,L1,1,1536,chr20_2820394_C_A_b38_C,chr20_2820394_C_A_b38_C,additive,0.970753862284256,1,Single credible-set lead,68,69,9,FALSE,Different lead SNP; coding change: additive -> dominant,-179.314040093524,-176.399637115676,5.82880595569554,1,L1,1,5439,chr20_2816369_G_A_b38_G__dominant,chr20_2816369_G_A_b38_G,dominant,0.853708808534074,2,48,54,44,/project2/mstephens/wdenault/susie_mix/plot/one_cs_dominant/CPXM1_Spleen_add_vs_mix.png
TRIM9,Liver,dominant,plotted,Four-panel SuSiE / SuSiE-mix comparison created,1,L1,1,1065,chr14_51029484_T_C_b38_T,chr14_51029484_T_C_b38_T,additive,0.461767456710637,3,Single credible-set lead,111,22,7,TRUE,Same lead SNP; coding change only: additive -> dominant,-170.892420505038,-164.383861961548,13.017117086979,1,L1,1,5122,chr14_51029484_T_C_b38_T__dominant,chr14_51029484_T_C_b38_T,dominant,0.498884406877297,2,111,22,7,/project2/mstephens/wdenault/susie_mix/plot/one_cs_dominant/TRIM9_Liver_add_vs_mix.png
GPR27,Blood Vessel,dominant,plotted,Four-panel SuSiE / SuSiE-mix comparison created,1,L1,1,943,chr3_71735170_A_G_b38_A,chr3_71735170_A_G_b38_A,additive,0.924292933790482,2,Single credible-set lead,351,93,6,TRUE,Same lead SNP; coding change only: additive -> dominant,-611.123943150935,-610.213951936341,1.81998242918826,1,L1,1,5201,chr3_71735170_A_G_b38_A__dominant,chr3_71735170_A_G_b38_A,dominant,0.712092012906895,3,351,93,6,/project2/mstephens/wdenault/susie_mix/plot/one_cs_dominant/GPR27_Blood_Vessel_add_vs_mix.png
SDR42E1,Blood Vessel,dominant,plotted,Four-panel SuSiE / SuSiE-mix comparison created,1,L1,1,1867,chr16_81997843_T_C_b38_T,chr16_81997843_T_C_b38_T,additive,0.445947378000151,4,Single credible-set lead,207,190,53,TRUE,Same lead SNP; coding change only: additive -> dominant,-611.525188671754,-610.619427747975,1.81152184755911,1,L1,1,8113,chr16_81997843_T_C_b38_T__dominant,chr16_81997843_T_C_b38_T,dominant,0.528465585806585,8,207,190,53,/project2/mstephens/wdenault/susie_mix/plot/one_cs_dominant/SDR42E1_Blood_Vessel_add_vs_mix.png
TMEM45A,Blood,dominant,plotted,Four-panel SuSiE / SuSiE-mix comparison created,1,L1,1,608,chr3_100508123_A_G_b38_A,chr3_100508123_A_G_b38_A,additive,0.31971693919316,7,Single credible-set lead,148,213,74,TRUE,Same lead SNP; coding change only: additive -> dominant,-590.390721342334,-587.809665041638,5.16211260139289,1,L1,1,3774,chr3_100508123_A_G_b38_A__dominant,chr3_100508123_A_G_b38_A,dominant,0.1485757429151,10,148,213,74,/project2/mstephens/wdenault/susie_mix/plot/one_cs_dominant/TMEM45A_Blood_add_vs_mix.png
P4HA2,Thyroid,dominant,plotted,Four-panel SuSiE / SuSiE-mix comparison created,1,L1,1,555,chr5_132225679_C_A_b38_C,chr5_132225679_C_A_b38_C,additive,0.155143589455256,10,Single credible-set lead,130,193,67,FALSE,Different lead SNP; coding change: additive -> dominant,-526.429178815637,-525.54982333339,1.75871096449282,1,L1,1,3345,chr5_132232231_G_A_b38_G__dominant,chr5_132232231_G_A_b38_G,dominant,0.146258512973547,18,134,189,67,/project2/mstephens/wdenault/susie_mix/plot/one_cs_dominant/P4HA2_Thyroid_add_vs_mix.png
SLC2A14,Nerve,dominant,plotted,Four-panel SuSiE / SuSiE-mix comparison created,1,L1,1,1597,chr12_7929771_T_C_b38_T,chr12_7929771_T_C_b38_T,additive,0.999183095375205,1,Single credible-set lead,260,84,10,TRUE,Same lead SNP; coding change only: additive -> dominant,-474.820176560822,-474.600719950795,0.438913220055497,1,L1,1,7477,chr12_7929771_T_C_b38_T__dominant,chr12_7929771_T_C_b38_T,dominant,0.592770089320945,2,260,84,10,/project2/mstephens/wdenault/susie_mix/plot/one_cs_dominant/SLC2A14_Nerve_add_vs_mix.png
RPH3AL,Blood Vessel,dominant,plotted,Four-panel SuSiE / SuSiE-mix comparison created,1,L1,1,254,chr17_216884_G_A_b38_G,chr17_216884_G_A_b38_G,additive,0.981745185205015,1,Single credible-set lead,241,173,36,TRUE,Same lead SNP; coding change only: additive -> dominant,-611.201756981506,-611.069603676378,0.264306610255971,1,L1,1,3850,chr17_216884_G_A_b38_G__dominant,chr17_216884_G_A_b38_G,dominant,0.538043335372363,2,241,173,36,/project2/mstephens/wdenault/susie_mix/plot/one_cs_dominant/RPH3AL_Blood_Vessel_add_vs_mix.png
RPH3AL,Adrenal Gland,dominant,plotted,Four-panel SuSiE / SuSiE-mix comparison created,1,L1,1,249,chr17_215819_G_T_b38_G,chr17_215819_G_T_b38_G,additive,0.185364133722791,6,Single credible-set lead,84,49,8,TRUE,Same lead SNP; coding change only: additive -> dominant,-176.498663836968,-176.291785836698,0.413756000538456,1,L1,1,3461,chr17_215819_G_T_b38_G__dominant,chr17_215819_G_T_b38_G,dominant,0.111154890277898,10,84,49,8,/project2/mstephens/wdenault/susie_mix/plot/one_cs_dominant/RPH3AL_Adrenal_Gland_add_vs_mix.png
SYN2,Prostate,dominant,plotted,Four-panel SuSiE / SuSiE-mix comparison created,1,L1,1,1575,chr3_12093240_A_G_b38_A,chr3_12093240_A_G_b38_A,additive,0.129003714525843,19,Single credible-set lead,102,40,1,FALSE,Different lead SNP; coding change: additive -> dominant,-176.005446503662,-175.690484523534,0.629923960256122,1,L1,1,5018,chr3_12004864_C_G_b38_C__dominant,chr3_12004864_C_G_b38_C,dominant,0.220147452769369,35,105,36,2,/project2/mstephens/wdenault/susie_mix/plot/one_cs_dominant/SYN2_Prostate_add_vs_mix.png
SYN2,Blood Vessel,dominant,plotted,Four-panel SuSiE / SuSiE-mix comparison created,1,L1,1,1555,chr3_12080496_A_G_b38_A,chr3_12080496_A_G_b38_A,additive,0.0403038062987904,43,Single credible-set lead,377,72,1,TRUE,Same lead SNP; coding change only: additive -> dominant,-623.303024677423,-623.163325422817,0.279398509210978,1,L1,1,5666,chr3_12080496_A_G_b38_A__dominant,chr3_12080496_A_G_b38_A,dominant,0.0227000864167737,86,377,72,1,/project2/mstephens/wdenault/susie_mix/plot/one_cs_dominant/SYN2_Blood_Vessel_add_vs_mix.png
PCBP3,Heart,dominant,plotted,Four-panel SuSiE / SuSiE-mix comparison created,1,L1,1,1332,chr21_45655492_T_C_b38_T,chr21_45655492_T_C_b38_T,additive,0.207194404354111,50,Single credible-set lead,231,91,9,TRUE,Same lead SNP; coding change only: additive -> dominant,-444.01112644099,-443.657945859316,0.706361163347765,1,L1,1,6075,chr21_45655492_T_C_b38_T__dominant,chr21_45655492_T_C_b38_T,dominant,0.192542346366838,114,231,91,9,/project2/mstephens/wdenault/susie_mix/plot/one_cs_dominant/PCBP3_Heart_add_vs_mix.png
PCBP3,Adipose Tissue,dominant,plotted,Four-panel SuSiE / SuSiE-mix comparison created,1,L1,1,1373,chr21_45683302_A_G_b38_A,chr21_45683302_A_G_b38_A,additive,0.125786817473305,46,Single credible-set lead,332,127,11,FALSE,Different lead SNP; coding change: additive -> dominant,-641.155127864032,-640.958319998942,0.393615730181637,1,L1,1,6353,chr21_45779522_C_T_b38_C__dominant,chr21_45779522_C_T_b38_C,dominant,0.0506141616924826,115,340,121,9,/project2/mstephens/wdenault/susie_mix/plot/one_cs_dominant/PCBP3_Adipose_Tissue_add_vs_mix.png
PCBP3,Ovary,dominant,plotted,Four-panel SuSiE / SuSiE-mix comparison created,1,L1,1,1328,chr21_45647830_C_T_b38_C,chr21_45647830_C_T_b38_C,additive,0.0186166792954786,99,Single credible-set lead,81,24,1,TRUE,Same lead SNP; coding change only: additive -> dominant,-131.836395567527,-129.620575773153,4.43163958874703,1,L1,1,5332,chr21_45647830_C_T_b38_C__dominant,chr21_45647830_C_T_b38_C,dominant,0.0175688504363767,149,81,24,1,/project2/mstephens/wdenault/susie_mix/plot/one_cs_dominant/PCBP3_Ovary_add_vs_mix.png
LAMC2,Adipose Tissue,dominant,plotted,Four-panel SuSiE / SuSiE-mix comparison created,1,L1,1,853,chr1_183186170_G_A_b38_G,chr1_183186170_G_A_b38_G,additive,0.999607755170981,1,Single credible-set lead,242,194,34,TRUE,Same lead SNP; coding change only: additive -> dominant,-639.53623838114,-637.751769898746,3.56893696478687,1,L1,1,4329,chr1_183186170_G_A_b38_G__dominant,chr1_183186170_G_A_b38_G,dominant,0.883691834815315,2,242,194,34,/project2/mstephens/wdenault/susie_mix/plot/one_cs_dominant/LAMC2_Adipose_Tissue_add_vs_mix.png
LAMC2,Colon,dominant,plotted,Four-panel SuSiE / SuSiE-mix comparison created,1,L1,1,853,chr1_183186170_G_A_b38_G,chr1_183186170_G_A_b38_G,additive,0.998880960503352,1,Single credible-set lead,165,142,25,TRUE,Same lead SNP; coding change only: additive -> dominant,-453.730746403051,-451.759939335587,3.9416141349277,1,L1,1,4121,chr1_183186170_G_A_b38_G__dominant,chr1_183186170_G_A_b38_G,dominant,0.898892199251716,2,165,142,25,/project2/mstephens/wdenault/susie_mix/plot/one_cs_dominant/LAMC2_Colon_add_vs_mix.png
TWSG1,Blood Vessel,dominant,plotted,Four-panel SuSiE / SuSiE-mix comparison created,1,L1,1,1406,chr18_9357751_T_G_b38_T,chr18_9357751_T_G_b38_T,additive,0.551584974671936,12,Single credible-set lead,364,81,5,TRUE,Same lead SNP; coding change only: additive -> dominant,-612.203972143357,-612.131466779892,0.145010726929968,1,L1,1,6286,chr18_9357751_T_G_b38_T__dominant,chr18_9357751_T_G_b38_T,dominant,0.298497729486048,22,364,81,5,/project2/mstephens/wdenault/susie_mix/plot/one_cs_dominant/TWSG1_Blood_Vessel_add_vs_mix.png
TWSG1,Nerve,dominant,plotted,Four-panel SuSiE / SuSiE-mix comparison created,1,L1,1,1422,chr18_9365592_G_A_b38_G,chr18_9365592_G_A_b38_G,additive,0.516623767491014,20,Single credible-set lead,276,76,2,TRUE,Same lead SNP; coding change only: additive -> dominant,-487.737541514995,-487.603526608706,0.268029812577765,1,L1,1,6177,chr18_9365592_G_A_b38_G__dominant,chr18_9365592_G_A_b38_G,dominant,0.288955371877446,38,276,76,2,/project2/mstephens/wdenault/susie_mix/plot/one_cs_dominant/TWSG1_Nerve_add_vs_mix.png
ANKRD33B,Muscle,dominant,plotted,Four-panel SuSiE / SuSiE-mix comparison created,1,L1,1,1185,chr5_10590583_T_A_b38_T,chr5_10590583_T_A_b38_T,additive,0.227707439030043,6,Single credible-set lead,176,221,80,TRUE,Same lead SNP; coding change only: additive -> dominant,-649.95947757124,-644.668136088196,10.5826829660873,1,L1,1,5949,chr5_10590583_T_A_b38_T__dominant,chr5_10590583_T_A_b38_T,dominant,0.197935848958844,6,176,221,80,/project2/mstephens/wdenault/susie_mix/plot/one_cs_dominant/ANKRD33B_Muscle_add_vs_mix.png
ADRA2B,Thyroid,dominant,plotted,Four-panel SuSiE / SuSiE-mix comparison created,1,L1,1,404,chr2_96025125_T_C_b38_T,chr2_96025125_T_C_b38_T,additive,0.128825838514934,59,Single credible-set lead,156,187,47,FALSE,Different lead SNP; coding change: additive -> dominant,-528.055058920005,-526.98298502267,2.1441477946687,1,L1,1,1746,chr2_96160278_A_G_b38_A__dominant,chr2_96160278_A_G_b38_A,dominant,0.123515001479796,63,157,185,48,/project2/mstephens/wdenault/susie_mix/plot/one_cs_dominant/ADRA2B_Thyroid_add_vs_mix.png
KCNT1,Muscle,dominant,plotted,Four-panel SuSiE / SuSiE-mix comparison created,1,L1,1,1658,chr9_135746714_C_T_b38_C,chr9_135746714_C_T_b38_C,additive,0.253106729686038,20,Single credible-set lead,369,100,8,TRUE,Same lead SNP; coding change only: additive -> dominant,-651.241138885435,-650.712575520213,1.05712673044332,1,L1,1,6713,chr9_135746714_C_T_b38_C__dominant,chr9_135746714_C_T_b38_C,dominant,0.178631969147146,36,369,100,8,/project2/mstephens/wdenault/susie_mix/plot/one_cs_dominant/KCNT1_Muscle_add_vs_mix.png
LRRC37A2,Pancreas,dominant,plotted,Four-panel SuSiE / SuSiE-mix comparison created,1,L1,1,845,chr17_46207776_G_C_b38_G,chr17_46207776_G_C_b38_G,additive,0.00839155547581394,833,Single credible-set lead,123,51,6,FALSE,Different lead SNP; coding change: additive -> dominant,-230.308762686669,-229.468797611455,1.67993015042703,1,L1,1,4765,chr17_46291858_A_G_b38_A__dominant,chr17_46291858_A_G_b38_A,dominant,0.00553282374604469,1592,121,54,5,/project2/mstephens/wdenault/susie_mix/plot/one_cs_dominant/LRRC37A2_Pancreas_add_vs_mix.png
LRRC37A2,Ovary,dominant,plotted,Four-panel SuSiE / SuSiE-mix comparison created,1,L1,1,1345,chr17_46492787_G_A_b38_G,chr17_46492787_G_A_b38_G,additive,0.0634838985992341,848,Single credible-set lead,75,31,0,FALSE,Different lead SNP; coding change: additive -> dominant,-128.096965908291,-126.047656414828,4.09861898692566,1,L1,1,2802,chr17_46096446_G_A_b38_G__dominant,chr17_46096446_G_A_b38_G,dominant,0.00865621887247359,919,72,30,4,/project2/mstephens/wdenault/susie_mix/plot/one_cs_dominant/LRRC37A2_Ovary_add_vs_mix.png
CNIH1,Blood Vessel,dominant,plotted,Four-panel SuSiE / SuSiE-mix comparison created,1,L1,1,1008,chr14_54423661_C_A_b38_C,chr14_54423661_C_A_b38_C,additive,0.173219212578493,9,Single credible-set lead,357,87,6,FALSE,Different lead SNP; coding change: additive -> dominant,-612.282004361762,-610.096995301251,4.37001812102312,1,L1,1,4537,chr14_54460898_G_C_b38_G__dominant,chr14_54460898_G_C_b38_G,dominant,0.553257801823678,20,337,100,13,/project2/mstephens/wdenault/susie_mix/plot/one_cs_dominant/CNIH1_Blood_Vessel_add_vs_mix.png
CCDC163,Heart,dominant,plotted,Four-panel SuSiE / SuSiE-mix comparison created,1,L1,1,721,chr1_45515408_A_G_b38_A,chr1_45515408_A_G_b38_A,additive,0.0395841879620982,34,Single credible-set lead,163,138,30,FALSE,Different lead SNP; coding change: additive -> dominant,-443.245889740601,-440.85972220321,4.77233507478093,1,L1,1,3485,chr1_45513003_T_C_b38_T__dominant,chr1_45513003_T_C_b38_T,dominant,0.0293121273533246,49,163,139,29,/project2/mstephens/wdenault/susie_mix/plot/one_cs_dominant/CCDC163_Heart_add_vs_mix.png
TBKBP1,Testis,dominant,plotted,Four-panel SuSiE / SuSiE-mix comparison created,1,L1,1,859,chr17_47691870_T_C_b38_T,chr17_47691870_T_C_b38_T,additive,0.12950025980476,8,Single credible-set lead,89,92,30,FALSE,Different lead SNP; coding change: additive -> dominant,-272.724204343537,-272.580118601781,0.288171483513338,1,L1,1,3893,chr17_47698964_T_G_b38_T__dominant,chr17_47698964_T_G_b38_T,dominant,0.0801906606670784,17,91,90,30,/project2/mstephens/wdenault/susie_mix/plot/one_cs_dominant/TBKBP1_Testis_add_vs_mix.png
DRAM2,Colon,dominant,plotted,Four-panel SuSiE / SuSiE-mix comparison created,1,L1,1,1138,chr1_111139496_C_T_b38_C,chr1_111139496_C_T_b38_C,additive,0.29506063220834,11,Single credible-set lead,179,123,30,FALSE,Different lead SNP; coding change: additive -> dominant,-445.247471502044,-444.380199186572,1.73454463094515,1,L1,1,5562,chr1_111100230_G_A_b38_G__dominant,chr1_111100230_G_A_b38_G,dominant,0.383122675219859,22,191,117,24,/project2/mstephens/wdenault/susie_mix/plot/one_cs_dominant/DRAM2_Colon_add_vs_mix.png
DRAM2,Liver,dominant,plotted,Four-panel SuSiE / SuSiE-mix comparison created,1,L1,1,1193,chr1_111194776_G_A_b38_G,chr1_111194776_G_A_b38_G,additive,0.293716900732326,12,Single credible-set lead,62,63,15,FALSE,Different lead SNP; coding change: additive -> dominant,-178.852497211202,-177.110860418802,3.48327358480043,1,L1,1,5312,chr1_111139496_C_T_b38_C__dominant,chr1_111139496_C_T_b38_C,dominant,0.401744749903111,14,73,53,14,/project2/mstephens/wdenault/susie_mix/plot/one_cs_dominant/DRAM2_Liver_add_vs_mix.png
SYNM,Adipose Tissue,dominant,plotted,Four-panel SuSiE / SuSiE-mix comparison created,1,L1,1,1366,chr15_99166428_C_T_b38_C,chr15_99166428_C_T_b38_C,additive,0.843904298206516,4,Single credible-set lead,204,220,46,TRUE,Same lead SNP; coding change only: additive -> dominant,-640.920196388487,-640.601481880639,0.637429015695943,1,L1,1,5769,chr15_99166428_C_T_b38_C__dominant,chr15_99166428_C_T_b38_C,dominant,0.524851566378117,7,204,220,46,/project2/mstephens/wdenault/susie_mix/plot/one_cs_dominant/SYNM_Adipose_Tissue_add_vs_mix.png
PPCDC,Adipose Tissue,dominant,plotted,Four-panel SuSiE / SuSiE-mix comparison created,1,L1,1,454,chr15_74998371_C_T_b38_C,chr15_74998371_C_T_b38_C,additive,0.263882713364625,9,Single credible-set lead,409,57,4,TRUE,Same lead SNP; coding change only: additive -> dominant,-641.220924162116,-641.211677946162,0.0184924319082711,1,L1,1,2607,chr15_74998371_C_T_b38_C__dominant,chr15_74998371_C_T_b38_C,dominant,0.107353337364918,25,409,57,4,/project2/mstephens/wdenault/susie_mix/plot/one_cs_dominant/PPCDC_Adipose_Tissue_add_vs_mix.png
PPCDC,Thyroid,dominant,plotted,Four-panel SuSiE / SuSiE-mix comparison created,1,L1,1,440,chr15_74989751_A_C_b38_A,chr15_74989751_A_C_b38_A,additive,0.125218246426188,23,Single credible-set lead,330,55,5,TRUE,Same lead SNP; coding change only: additive -> dominant,-537.21818160976,-535.994561339994,2.44724053953178,1,L1,1,2577,chr15_74989751_A_C_b38_A__dominant,chr15_74989751_A_C_b38_A,dominant,0.106983183130382,34,330,55,5,/project2/mstephens/wdenault/susie_mix/plot/one_cs_dominant/PPCDC_Thyroid_add_vs_mix.png
ADGRB2,Thyroid,dominant,plotted,Four-panel SuSiE / SuSiE-mix comparison created,1,L1,1,987,chr1_31775367_C_T_b38_C,chr1_31775367_C_T_b38_C,additive,0.120023878354898,10,Single credible-set lead,301,83,6,FALSE,Different lead SNP; coding change: additive -> dominant,-527.122275568683,-526.289802565782,1.66494600580131,1,L1,1,3531,chr1_31712094_T_C_b38_T__dominant,chr1_31712094_T_C_b38_T,dominant,0.0949695258393886,18,294,86,10,/project2/mstephens/wdenault/susie_mix/plot/one_cs_dominant/ADGRB2_Thyroid_add_vs_mix.png
FAM178B,Blood Vessel,dominant,plotted,Four-panel SuSiE / SuSiE-mix comparison created,1,L1,1,326,chr2_96907035_G_A_b38_G,chr2_96907035_G_A_b38_G,additive,0.158658171157325,13,Single credible-set lead,331,108,11,FALSE,Different lead SNP; coding change: additive -> dominant,-612.862885210222,-612.96158192153,-0.197393422617779,1,L1,1,1789,chr2_96907061_T_C_b38_T__dominant,chr2_96907061_T_C_b38_T,dominant,0.144191207163413,25,304,127,19,/project2/mstephens/wdenault/susie_mix/plot/one_cs_dominant/FAM178B_Blood_Vessel_add_vs_mix.png
GALC,Liver,dominant,plotted,Four-panel SuSiE / SuSiE-mix comparison created,1,L1,1,834,chr14_87925148_A_G_b38_A,chr14_87925148_A_G_b38_A,additive,0.0142176228430606,155,Single credible-set lead,109,28,3,FALSE,Different lead SNP; coding change: additive -> dominant,-172.8190377338,-171.561889351046,2.51429676550782,1,L1,1,4661,chr14_87991585_G_C_b38_G__dominant,chr14_87991585_G_C_b38_G,dominant,0.0189264153156556,295,112,26,2,/project2/mstephens/wdenault/susie_mix/plot/one_cs_dominant/GALC_Liver_add_vs_mix.png
GALC,Skin,dominant,plotted,Four-panel SuSiE / SuSiE-mix comparison created,1,L1,1,1187,chr14_88007792_A_G_b38_A,chr14_88007792_A_G_b38_A,additive,0.0453604924429472,168,Single credible-set lead,396,117,9,FALSE,Different lead SNP; coding change: additive -> dominant,-718.706255639583,-718.029724128883,1.35306302140066,1,L1,1,5360,chr14_88029736_G_T_b38_G__dominant,chr14_88029736_G_T_b38_G,dominant,0.0215565336687007,311,383,125,14,/project2/mstephens/wdenault/susie_mix/plot/one_cs_dominant/GALC_Skin_add_vs_mix.png
ZDHHC22,Pituitary,dominant,plotted,Four-panel SuSiE / SuSiE-mix comparison created,1,L1,1,1144,chr14_77142976_A_G_b38_A,chr14_77142976_A_G_b38_A,additive,0.95795191082322,1,Single credible-set lead,82,93,26,TRUE,Same lead SNP; coding change only: additive -> dominant,-258.819686341701,-258.342707778283,0.953957126834894,1,L1,1,5207,chr14_77142976_A_G_b38_A__dominant,chr14_77142976_A_G_b38_A,dominant,0.642253429097401,3,82,93,26,/project2/mstephens/wdenault/susie_mix/plot/one_cs_dominant/ZDHHC22_Pituitary_add_vs_mix.png
LSG1,Pituitary,dominant,plotted,Four-panel SuSiE / SuSiE-mix comparison created,1,L1,1,1661,chr3_194681246_T_C_b38_T,chr3_194681246_T_C_b38_T,additive,0.116150599946254,10,Single credible-set lead,153,45,3,TRUE,Same lead SNP; coding change only: additive -> dominant,-258.860871985437,-257.924716823108,1.872310324659,1,L1,1,7315,chr3_194681246_T_C_b38_T__dominant,chr3_194681246_T_C_b38_T,dominant,0.103730480898733,18,153,45,3,/project2/mstephens/wdenault/susie_mix/plot/one_cs_dominant/LSG1_Pituitary_add_vs_mix.png
LSG1,Prostate,dominant,plotted,Four-panel SuSiE / SuSiE-mix comparison created,1,L1,1,1661,chr3_194681246_T_C_b38_T,chr3_194681246_T_C_b38_T,additive,0.145394299564683,9,Single credible-set lead,99,40,4,FALSE,Different lead SNP; coding change: additive -> dominant,-187.703099339027,-186.832357353286,1.74148397148133,1,L1,1,7220,chr3_194681947_C_T_b38_C__dominant,chr3_194681947_C_T_b38_C,dominant,0.124335441818148,14,101,38,4,/project2/mstephens/wdenault/susie_mix/plot/one_cs_dominant/LSG1_Prostate_add_vs_mix.png
CCDC30,Blood Vessel,dominant,plotted,Four-panel SuSiE / SuSiE-mix comparison created,1,L1,1,782,chr1_42452404_T_C_b38_T,chr1_42452404_T_C_b38_T,additive,0.0689253823274326,122,Single credible-set lead,332,103,15,TRUE,Same lead SNP; coding change only: additive -> dominant,-614.131270764038,-613.769353870534,0.723833787009198,1,L1,1,4175,chr1_42452404_T_C_b38_T__dominant,chr1_42452404_T_C_b38_T,dominant,0.0778116040985701,219,332,103,15,/project2/mstephens/wdenault/susie_mix/plot/one_cs_dominant/CCDC30_Blood_Vessel_add_vs_mix.png
DHRS2,Liver,dominant,plotted,Four-panel SuSiE / SuSiE-mix comparison created,1,L1,1,953,chr14_23667762_C_A_b38_C,chr14_23667762_C_A_b38_C,additive,0.149201631319908,10,Single credible-set lead,31,77,32,TRUE,Same lead SNP; coding change only: additive -> dominant,-172.480684889226,-170.275991227494,4.40938732346422,1,L1,1,3773,chr14_23667762_C_A_b38_C__dominant,chr14_23667762_C_A_b38_C,dominant,0.121943409086025,16,31,77,32,/project2/mstephens/wdenault/susie_mix/plot/one_cs_dominant/DHRS2_Liver_add_vs_mix.png
DCXR,Blood Vessel,dominant,plotted,Four-panel SuSiE / SuSiE-mix comparison created,1,L1,1,1080,chr17_82041022_A_G_b38_A,chr17_82041022_A_G_b38_A,additive,0.134082861324064,19,Single credible-set lead,317,107,26,FALSE,Different lead SNP; coding change: additive -> dominant,-612.953950388689,-611.190287499292,3.52732577879237,1,L1,1,5192,chr17_82039613_C_T_b38_C__dominant,chr17_82039613_C_T_b38_C,dominant,0.101765535622195,27,317,110,23,/project2/mstephens/wdenault/susie_mix/plot/one_cs_dominant/DCXR_Blood_Vessel_add_vs_mix.png
PYROXD2,Blood Vessel,dominant,plotted,Four-panel SuSiE / SuSiE-mix comparison created,1,L1,1,791,chr10_98388596_C_G_b38_C,chr10_98388596_C_G_b38_C,additive,0.159754344400669,15,Single credible-set lead,185,189,76,TRUE,Same lead SNP; coding change only: additive -> dominant,-613.116235170847,-612.751744398213,0.72898154526888,1,L1,1,4541,chr10_98388596_C_G_b38_C__dominant,chr10_98388596_C_G_b38_C,dominant,0.0938074702208939,29,185,189,76,/project2/mstephens/wdenault/susie_mix/plot/one_cs_dominant/PYROXD2_Blood_Vessel_add_vs_mix.png
ARSA,Skin,dominant,plotted,Four-panel SuSiE / SuSiE-mix comparison created,1,L1,1,1294,chr22_50625049_T_C_b38_T,chr22_50625049_T_C_b38_T,additive,0.996149364942056,1,Single credible-set lead,448,73,1,TRUE,Same lead SNP; coding change only: additive -> dominant,-714.62659668736,-714.367628105303,0.517937164114755,1,L1,1,4258,chr22_50625049_T_C_b38_T__dominant,chr22_50625049_T_C_b38_T,dominant,0.607649927959915,2,448,73,1,/project2/mstephens/wdenault/susie_mix/plot/one_cs_dominant/ARSA_Skin_add_vs_mix.png
ATAD3C,Liver,dominant,plotted,Four-panel SuSiE / SuSiE-mix comparison created,1,L1,1,1088,chr1_1456829_G_C_b38_G,chr1_1456829_G_C_b38_G,additive,0.976079148771513,1,Single credible-set lead,90,37,13,TRUE,Same lead SNP; coding change only: additive -> dominant,-172.396021992932,-171.105409579833,2.58122482619808,1,L1,1,3750,chr1_1456829_G_C_b38_G__dominant,chr1_1456829_G_C_b38_G,dominant,0.81222140179662,2,90,37,13,/project2/mstephens/wdenault/susie_mix/plot/one_cs_dominant/ATAD3C_Liver_add_vs_mix.png
CYFIP2,Colon,dominant,plotted,Four-panel SuSiE / SuSiE-mix comparison created,1,L1,1,1281,chr5_157384037_A_G_b38_A,chr5_157384037_A_G_b38_A,additive,0.249982563619307,4,Single credible-set lead,267,60,5,TRUE,Same lead SNP; coding change only: additive -> dominant,-444.952201574158,-439.672052427249,10.5602982938194,1,L1,1,5527,chr5_157384037_A_G_b38_A__dominant,chr5_157384037_A_G_b38_A,dominant,0.248782095868757,4,267,60,5,/project2/mstephens/wdenault/susie_mix/plot/one_cs_dominant/CYFIP2_Colon_add_vs_mix.png
ANO7,Brain,dominant,plotted,Four-panel SuSiE / SuSiE-mix comparison created,1,L1,1,1316,chr2_241217826_G_A_b38_G,chr2_241217826_G_A_b38_G,additive,0.550644619646655,4,Single credible-set lead,186,63,8,FALSE,Different lead SNP; coding change: additive -> dominant,-339.105062291854,-335.955213531595,6.29969752051761,1,L1,1,5665,chr2_241222584_G_T_b38_G__dominant,chr2_241222584_G_T_b38_G,dominant,0.79775117051169,4,186,62,9,/project2/mstephens/wdenault/susie_mix/plot/one_cs_dominant/ANO7_Brain_add_vs_mix.png
STOX1,Pancreas,dominant,plotted,Four-panel SuSiE / SuSiE-mix comparison created,1,L1,1,1080,chr10_68827241_G_C_b38_G,chr10_68827241_G_C_b38_G,additive,0.490248831753104,2,Single credible-set lead,135,42,3,TRUE,Same lead SNP; coding change only: additive -> dominant,-229.251264793414,-227.881018707099,2.74049217262916,1,L1,1,4289,chr10_68827241_G_C_b38_G__dominant,chr10_68827241_G_C_b38_G,dominant,0.400036609353365,5,135,42,3,/project2/mstephens/wdenault/susie_mix/plot/one_cs_dominant/STOX1_Pancreas_add_vs_mix.png
STOX1,Thyroid,dominant,plotted,Four-panel SuSiE / SuSiE-mix comparison created,1,L1,1,1079,chr10_68826702_T_C_b38_T,chr10_68826702_T_C_b38_T,additive,0.0698209141282117,40,Single credible-set lead,298,87,5,TRUE,Same lead SNP; coding change only: additive -> dominant,-537.956131977356,-537.69047421198,0.531315530751272,1,L1,1,4837,chr10_68826702_T_C_b38_T__dominant,chr10_68826702_T_C_b38_T,dominant,0.0415630333291503,82,298,87,5,/project2/mstephens/wdenault/susie_mix/plot/one_cs_dominant/STOX1_Thyroid_add_vs_mix.png
CAMLG,Pituitary,dominant,plotted,Four-panel SuSiE / SuSiE-mix comparison created,1,L1,1,514,chr5_134588220_T_G_b38_T,chr5_134588220_T_G_b38_T,additive,0.279120023885518,19,Single credible-set lead,162,37,2,TRUE,Same lead SNP; coding change only: additive -> dominant,-260.508783564806,-259.929036119886,1.15949488983892,1,L1,1,2402,chr5_134588220_T_G_b38_T__dominant,chr5_134588220_T_G_b38_T,dominant,0.184824810639759,47,162,37,2,/project2/mstephens/wdenault/susie_mix/plot/one_cs_dominant/CAMLG_Pituitary_add_vs_mix.png
ASAH2B,Skin,dominant,plotted,Four-panel SuSiE / SuSiE-mix comparison created,1,L1,1,1144,chr10_50768990_C_T_b38_C,chr10_50768990_C_T_b38_C,additive,0.300857010001285,19,Single credible-set lead,431,89,2,TRUE,Same lead SNP; coding change only: additive -> dominant,-715.839612907871,-715.357728022437,0.96376977086652,1,L1,1,4518,chr10_50768990_C_T_b38_C__dominant,chr10_50768990_C_T_b38_C,dominant,0.231531377504254,33,431,89,2,/project2/mstephens/wdenault/susie_mix/plot/one_cs_dominant/ASAH2B_Skin_add_vs_mix.png
ASAH2B,Lung,dominant,plotted,Four-panel SuSiE / SuSiE-mix comparison created,1,L1,1,1189,chr10_50783346_A_G_b38_A,chr10_50783346_A_G_b38_A,additive,0.118953437841061,30,Single credible-set lead,219,85,19,FALSE,Different lead SNP; coding change: additive -> dominant,-437.210300442571,-434.74884626986,4.92290834542291,1,L1,1,4470,chr10_50784054_G_A_b38_G__dominant,chr10_50784054_G_A_b38_G,dominant,0.0996010239660562,30,225,85,13,/project2/mstephens/wdenault/susie_mix/plot/one_cs_dominant/ASAH2B_Lung_add_vs_mix.png
TNNT1,Blood,dominant,plotted,Four-panel SuSiE / SuSiE-mix comparison created,1,L1,1,2513,chr19_55158504_C_G_b38_C,chr19_55158504_C_G_b38_C,additive,0.492108656689964,2,Single credible-set lead,271,146,18,TRUE,Same lead SNP; coding change only: additive -> dominant,-591.404118246054,-589.966104348953,2.87602779420195,1,L1,1,8880,chr19_55158504_C_G_b38_C__dominant,chr19_55158504_C_G_b38_C,dominant,0.415563635040253,4,271,146,18,/project2/mstephens/wdenault/susie_mix/plot/one_cs_dominant/TNNT1_Blood_add_vs_mix.png
TNNT1,Lung,dominant,plotted,Four-panel SuSiE / SuSiE-mix comparison created,1,L1,1,2508,chr19_55157141_A_T_b38_A,chr19_55157141_A_T_b38_A,additive,0.225962367952419,6,Single credible-set lead,185,120,18,FALSE,Different lead SNP; coding change: additive -> dominant,-440.590183101885,-440.251659019271,0.677048165228143,1,L1,1,8666,chr19_55158504_C_G_b38_C__dominant,chr19_55158504_C_G_b38_C,dominant,0.191994143139673,12,199,112,12,/project2/mstephens/wdenault/susie_mix/plot/one_cs_dominant/TNNT1_Lung_add_vs_mix.png
MAPRE1,Skin,dominant,plotted,Four-panel SuSiE / SuSiE-mix comparison created,1,L1,1,676,chr20_32769773_C_A_b38_C,chr20_32769773_C_A_b38_C,additive,0.068426089482474,40,Single credible-set lead,170,227,125,FALSE,Different lead SNP; coding change: additive -> dominant,-715.762129222436,-715.48558053506,0.553097374751133,1,L1,1,3998,chr20_32797463_G_T_b38_G__dominant,chr20_32797463_G_T_b38_G,dominant,0.126853273070916,61,186,222,114,/project2/mstephens/wdenault/susie_mix/plot/one_cs_dominant/MAPRE1_Skin_add_vs_mix.png
SLC2A11,Thyroid,dominant,plotted,Four-panel SuSiE / SuSiE-mix comparison created,1,L1,1,1739,chr22_23857600_C_T_b38_C,chr22_23857600_C_T_b38_C,additive,0.132519473952515,20,Single credible-set lead,321,67,2,TRUE,Same lead SNP; coding change only: additive -> dominant,-528.406298746957,-526.782083747887,3.24842999814155,1,L1,1,6175,chr22_23857600_C_T_b38_C__dominant,chr22_23857600_C_T_b38_C,dominant,0.127055171724056,30,321,67,2,/project2/mstephens/wdenault/susie_mix/plot/one_cs_dominant/SLC2A11_Thyroid_add_vs_mix.png
POLR1A,Blood Vessel,dominant,plotted,Four-panel SuSiE / SuSiE-mix comparison created,1,L1,1,1070,chr2_86085151_C_T_b38_C,chr2_86085151_C_T_b38_C,additive,0.245311046502248,4,Single credible-set lead,274,132,44,TRUE,Same lead SNP; coding change only: additive -> dominant,-612.830205006891,-612.323124590093,1.01416083359504,1,L1,1,4680,chr2_86085151_C_T_b38_C__dominant,chr2_86085151_C_T_b38_C,dominant,0.162378938556603,27,274,132,44,/project2/mstephens/wdenault/susie_mix/plot/one_cs_dominant/POLR1A_Blood_Vessel_add_vs_mix.png
POLR1A,Nerve,dominant,plotted,Four-panel SuSiE / SuSiE-mix comparison created,1,L1,1,1331,chr2_86228211_T_C_b38_T,chr2_86228211_T_C_b38_T,additive,0.13790022749815,42,Single credible-set lead,228,98,28,FALSE,Different lead SNP; coding change: additive -> dominant,-480.730598903022,-477.766309535497,5.9285787350517,1,L1,1,4916,chr2_86225506_A_G_b38_A__dominant,chr2_86225506_A_G_b38_A,dominant,0.429497455917967,50,226,96,32,/project2/mstephens/wdenault/susie_mix/plot/one_cs_dominant/POLR1A_Nerve_add_vs_mix.png
ZNF670,Adipose Tissue,dominant,plotted,Four-panel SuSiE / SuSiE-mix comparison created,1,L1,1,1146,chr1_247031006_G_A_b38_G,chr1_247031006_G_A_b38_G,additive,0.0640141835210754,44,Single credible-set lead,225,197,48,FALSE,Different lead SNP; coding change: additive -> dominant,-642.21518618591,-642.29733481138,-0.16429725094099,1,L1,1,6419,chr1_247033429_T_C_b38_T__dominant,chr1_247033429_T_C_b38_T,dominant,0.083939254709546,81,231,191,48,/project2/mstephens/wdenault/susie_mix/plot/one_cs_dominant/ZNF670_Adipose_Tissue_add_vs_mix.png
ZNF670,Colon,dominant,plotted,Four-panel SuSiE / SuSiE-mix comparison created,2,L2,2,1407,chr1_247098306_C_A_b38_C,chr1_247098306_C_A_b38_C,additive,0.974193916452032,1,Highest-PIP credible-set lead,85,165,82,FALSE,Different lead SNP; coding change: additive -> dominant,-443.542155683108,-454.997582432093,-22.9108534979698,1,L1,1,6238,chr1_247032282_C_T_b38_C__dominant,chr1_247032282_C_T_b38_C,dominant,0.0424751769324955,113,213,106,13,/project2/mstephens/wdenault/susie_mix/plot/one_cs_dominant/ZNF670_Colon_add_vs_mix.png
TUBB6,Blood,dominant,plotted,Four-panel SuSiE / SuSiE-mix comparison created,1,L1,1,1716,chr18_12312076_T_C_b38_T,chr18_12312076_T_C_b38_T,additive,0.0491045386722366,23,Single credible-set lead,320,106,9,TRUE,Same lead SNP; coding change only: additive -> dominant,-591.639035324359,-590.959296304778,1.35947803916156,1,L1,1,6836,chr18_12312076_T_C_b38_T__dominant,chr18_12312076_T_C_b38_T,dominant,0.0357029862058944,42,320,106,9,/project2/mstephens/wdenault/susie_mix/plot/one_cs_dominant/TUBB6_Blood_add_vs_mix.png
RBM19,Pituitary,dominant,plotted,Four-panel SuSiE / SuSiE-mix comparison created,1,L1,1,1141,chr12_113818332_T_C_b38_T,chr12_113818332_T_C_b38_T,additive,0.970024235042254,1,Single credible-set lead,71,98,32,TRUE,Same lead SNP; coding change only: additive -> dominant,-259.419698002899,-256.946322137009,4.94675173177848,1,L1,1,5938,chr12_113818332_T_C_b38_T__dominant,chr12_113818332_T_C_b38_T,dominant,0.927488849840114,2,71,98,32,/project2/mstephens/wdenault/susie_mix/plot/one_cs_dominant/RBM19_Pituitary_add_vs_mix.png
ADAL,Lung,dominant,plotted,Four-panel SuSiE / SuSiE-mix comparison created,1,L1,1,384,chr15_43335657_A_G_b38_A,chr15_43335657_A_G_b38_A,additive,0.0688796681120171,71,Single credible-set lead,219,75,29,TRUE,Same lead SNP; coding change only: additive -> dominant,-434.066006788636,-433.644439352897,0.84313487147756,1,L1,1,2139,chr15_43335657_A_G_b38_A__dominant,chr15_43335657_A_G_b38_A,dominant,0.0217461067135174,170,219,75,29,/project2/mstephens/wdenault/susie_mix/plot/one_cs_dominant/ADAL_Lung_add_vs_mix.png
FTCDNL1,Spleen,dominant,plotted,Four-panel SuSiE / SuSiE-mix comparison created,1,L1,1,415,chr2_199756040_T_C_b38_T,chr2_199756040_T_C_b38_T,additive,0.218408368739037,6,Single credible-set lead,60,61,25,TRUE,Same lead SNP; coding change only: additive -> dominant,-181.466785885576,-175.460514694963,12.0125423812274,1,L1,1,2385,chr2_199756040_T_C_b38_T__dominant,chr2_199756040_T_C_b38_T,dominant,0.181831932215559,6,60,61,25,/project2/mstephens/wdenault/susie_mix/plot/one_cs_dominant/FTCDNL1_Spleen_add_vs_mix.png
FTCDNL1,Adrenal Gland,dominant,plotted,Four-panel SuSiE / SuSiE-mix comparison created,1,L1,1,416,chr2_199756697_C_T_b38_C,chr2_199756697_C_T_b38_C,additive,0.200926896909132,17,Single credible-set lead,66,57,18,TRUE,Same lead SNP; coding change only: additive -> dominant,-181.169894015684,-179.38228993833,3.57520815470747,1,L1,1,2373,chr2_199756697_C_T_b38_C__dominant,chr2_199756697_C_T_b38_C,dominant,0.298574803220056,15,66,57,18,/project2/mstephens/wdenault/susie_mix/plot/one_cs_dominant/FTCDNL1_Adrenal_Gland_add_vs_mix.png
TRPV3,Testis,dominant,plotted,Four-panel SuSiE / SuSiE-mix comparison created,1,L1,1,1472,chr17_3530249_A_G_b38_A,chr17_3530249_A_G_b38_A,additive,0.142842368879061,7,Single credible-set lead,156,48,7,TRUE,Same lead SNP; coding change only: additive -> dominant,-273.625153006113,-273.440178120764,0.369949770696849,1,L1,1,6276,chr17_3530249_A_G_b38_A__dominant,chr17_3530249_A_G_b38_A,dominant,0.082752496366854,14,156,48,7,/project2/mstephens/wdenault/susie_mix/plot/one_cs_dominant/TRPV3_Testis_add_vs_mix.png
SKIV2L,Blood Vessel,dominant,plotted,Four-panel SuSiE / SuSiE-mix comparison created,1,L1,1,1473,chr6_31964400_C_T_b38_C,chr6_31964400_C_T_b38_C,additive,0.0908805009765477,12,Single credible-set lead,332,111,7,TRUE,Same lead SNP; coding change only: additive -> dominant,-613.14939905393,-611.989798367178,2.31920137350403,1,L1,1,8450,chr6_31964400_C_T_b38_C__dominant,chr6_31964400_C_T_b38_C,dominant,0.0775505495556967,21,332,111,7,/project2/mstephens/wdenault/susie_mix/plot/one_cs_dominant/SKIV2L_Blood_Vessel_add_vs_mix.png
SKIV2L,Stomach,dominant,plotted,Four-panel SuSiE / SuSiE-mix comparison created,1,L1,1,1473,chr6_31964400_C_T_b38_C,chr6_31964400_C_T_b38_C,additive,0.0341602979979838,48,Single credible-set lead,149,36,4,FALSE,Different lead SNP; coding change: additive -> dominant,-252.150600936275,-252.185318092414,-0.0694343122770533,1,L1,1,7683,chr6_31931520_T_C_b38_T__dominant,chr6_31931520_T_C_b38_T,dominant,0.0247668498543128,95,167,21,1,/project2/mstephens/wdenault/susie_mix/plot/one_cs_dominant/SKIV2L_Stomach_add_vs_mix.png
HRNR,Ovary,dominant,plotted,Four-panel SuSiE / SuSiE-mix comparison created,1,L1,1,975,chr1_152296539_A_G_b38_A,chr1_152296539_A_G_b38_A,additive,0.586272474627475,3,Single credible-set lead,72,29,5,TRUE,Same lead SNP; coding change only: additive -> dominant,-124.961001267262,-124.924565002701,0.0728725291208718,1,L1,1,3967,chr1_152296539_A_G_b38_A__dominant,chr1_152296539_A_G_b38_A,dominant,0.333201422641682,6,72,29,5,/project2/mstephens/wdenault/susie_mix/plot/one_cs_dominant/HRNR_Ovary_add_vs_mix.png
MORN4,Lung,dominant,plotted,Four-panel SuSiE / SuSiE-mix comparison created,1,L1,1,1039,chr10_97622569_C_G_b38_C,chr10_97622569_C_G_b38_C,additive,0.210385905315052,21,Single credible-set lead,210,103,10,TRUE,Same lead SNP; coding change only: additive -> dominant,-434.208507296084,-433.773301051012,0.87041249014419,1,L1,1,4372,chr10_97622569_C_G_b38_C__dominant,chr10_97622569_C_G_b38_C,dominant,0.196115169865087,39,210,103,10,/project2/mstephens/wdenault/susie_mix/plot/one_cs_dominant/MORN4_Lung_add_vs_mix.png
MORN4,Nerve,dominant,plotted,Four-panel SuSiE / SuSiE-mix comparison created,1,L1,1,1049,chr10_97633477_G_A_b38_G,chr10_97633477_G_A_b38_G,additive,0.354492709125495,16,Single credible-set lead,231,115,8,TRUE,Same lead SNP; coding change only: additive -> dominant,-482.589932504258,-482.269544685074,0.640775638367586,1,L1,1,4366,chr10_97633477_G_A_b38_G__dominant,chr10_97633477_G_A_b38_G,dominant,0.188022689486716,33,231,115,8,/project2/mstephens/wdenault/susie_mix/plot/one_cs_dominant/MORN4_Nerve_add_vs_mix.png
MORN4,Muscle,dominant,plotted,Four-panel SuSiE / SuSiE-mix comparison created,1,L1,1,1099,chr10_97671149_A_G_b38_A,chr10_97671149_A_G_b38_A,additive,0.122706118877967,22,Single credible-set lead,316,141,20,FALSE,Different lead SNP; coding change: additive -> dominant,-661.15427186235,-660.828848048635,0.650847627429357,1,L1,1,4514,chr10_97682003_A_G_b38_A__dominant,chr10_97682003_A_G_b38_A,dominant,0.0680293708373299,42,314,145,18,/project2/mstephens/wdenault/susie_mix/plot/one_cs_dominant/MORN4_Muscle_add_vs_mix.png
MORN4,Testis,dominant,plotted,Four-panel SuSiE / SuSiE-mix comparison created,1,L1,1,1135,chr10_97683079_G_A_b38_G,chr10_97683079_G_A_b38_G,additive,0.443026725656992,21,Single credible-set lead,136,68,7,TRUE,Same lead SNP; coding change only: additive -> dominant,-284.2142101563,-283.554230608912,1.31995909477723,1,L1,1,4322,chr10_97683079_G_A_b38_G__dominant,chr10_97683079_G_A_b38_G,dominant,0.296551474958198,38,136,68,7,/project2/mstephens/wdenault/susie_mix/plot/one_cs_dominant/MORN4_Testis_add_vs_mix.png
COX11,Testis,dominant,plotted,Four-panel SuSiE / SuSiE-mix comparison created,1,L1,1,1272,chr17_54920010_T_A_b38_T,chr17_54920010_T_A_b38_T,additive,0.23005126748606,38,Single credible-set lead,132,70,9,FALSE,Different lead SNP; coding change: additive -> dominant,-275.205276899998,-272.770017974421,4.8705178511542,1,L1,1,5288,chr17_54919068_G_A_b38_G__dominant,chr17_54919068_G_A_b38_G,dominant,0.265616137687393,15,133,70,8,/project2/mstephens/wdenault/susie_mix/plot/one_cs_dominant/COX11_Testis_add_vs_mix.png
ISCU,Muscle,dominant,plotted,Four-panel SuSiE / SuSiE-mix comparison created,1,L1,1,1125,chr12_108536333_A_G_b38_A,chr12_108536333_A_G_b38_A,additive,0.0318766461221572,42,Single credible-set lead,291,164,22,TRUE,Same lead SNP; coding change only: additive -> dominant,-651.96420047358,-652.138221957875,-0.348042968590107,1,L1,1,4848,chr12_108536333_A_G_b38_A__dominant,chr12_108536333_A_G_b38_A,dominant,0.0228518382944952,82,291,164,22,/project2/mstephens/wdenault/susie_mix/plot/one_cs_dominant/ISCU_Muscle_add_vs_mix.png
CYP1A1,Adipose Tissue,dominant,plotted,Four-panel SuSiE / SuSiE-mix comparison created,1,L1,1,671,chr15_74757602_G_A_b38_G,chr15_74757602_G_A_b38_G,additive,0.171773381245439,15,Single credible-set lead,168,202,100,TRUE,Same lead SNP; coding change only: additive -> dominant,-642.148635959146,-640.879788029367,2.53769585955774,1,L1,1,3269,chr15_74757602_G_A_b38_G__dominant,chr15_74757602_G_A_b38_G,dominant,0.143339138702029,24,168,202,100,/project2/mstephens/wdenault/susie_mix/plot/one_cs_dominant/CYP1A1_Adipose_Tissue_add_vs_mix.png
CYP1A1,Muscle,dominant,plotted,Four-panel SuSiE / SuSiE-mix comparison created,1,L1,1,666,chr15_74751897_G_A_b38_G,chr15_74751897_G_A_b38_G,additive,0.145736059661351,9,Single credible-set lead,167,205,105,TRUE,Same lead SNP; coding change only: additive -> dominant,-653.135321329064,-652.915815619115,0.439011419896588,1,L1,1,3263,chr15_74751897_G_A_b38_G__dominant,chr15_74751897_G_A_b38_G,dominant,0.103477560889956,23,167,205,105,/project2/mstephens/wdenault/susie_mix/plot/one_cs_dominant/CYP1A1_Muscle_add_vs_mix.png
CYP1A1,Nerve,dominant,plotted,Four-panel SuSiE / SuSiE-mix comparison created,1,L1,1,742,chr15_74821981_T_C_b38_T,chr15_74821981_T_C_b38_T,additive,0.177004624398345,25,Single credible-set lead,138,149,67,FALSE,Different lead SNP; coding change: additive -> dominant,-485.102379739766,-483.735276670801,2.7342061379295,1,L1,1,3267,chr15_74769575_A_G_b38_A__dominant,chr15_74769575_A_G_b38_A,dominant,0.10237256668238,32,127,147,80,/project2/mstephens/wdenault/susie_mix/plot/one_cs_dominant/CYP1A1_Nerve_add_vs_mix.png
MFSD13A,Pituitary,dominant,plotted,Four-panel SuSiE / SuSiE-mix comparison created,1,L1,1,498,chr10_102462620_G_C_b38_G,chr10_102462620_G_C_b38_G,additive,0.86820864925168,7,Single credible-set lead,146,53,2,TRUE,Same lead SNP; coding change only: additive -> dominant,-260.451525752196,-259.588615260388,1.72582098361477,1,L1,1,2896,chr10_102462620_G_C_b38_G__dominant,chr10_102462620_G_C_b38_G,dominant,0.66100324838929,6,146,53,2,/project2/mstephens/wdenault/susie_mix/plot/one_cs_dominant/MFSD13A_Pituitary_add_vs_mix.png
CCDC122,Heart,dominant,plotted,Four-panel SuSiE / SuSiE-mix comparison created,1,L1,1,894,chr13_43818617_C_T_b38_C,chr13_43818617_C_T_b38_C,additive,0.25557378752089,51,Single credible-set lead,106,134,91,TRUE,Same lead SNP; coding change only: additive -> dominant,-446.520728554937,-444.516157179662,4.00914275055106,1,L1,1,4322,chr13_43818617_C_T_b38_C__dominant,chr13_43818617_C_T_b38_C,dominant,0.0807688377243693,46,106,134,91,/project2/mstephens/wdenault/susie_mix/plot/one_cs_dominant/CCDC122_Heart_add_vs_mix.png
TTC23,Thyroid,dominant,plotted,Four-panel SuSiE / SuSiE-mix comparison created,1,L1,1,1222,chr15_99235708_A_T_b38_A,chr15_99235708_A_T_b38_A,additive,0.25418331358343,5,Single credible-set lead,334,55,1,TRUE,Same lead SNP; coding change only: additive -> dominant,-528.481323327379,-528.395447539945,0.171751574869177,1,L1,1,5500,chr15_99235708_A_T_b38_A__dominant,chr15_99235708_A_T_b38_A,dominant,0.13562306036615,9,334,55,1,/project2/mstephens/wdenault/susie_mix/plot/one_cs_dominant/TTC23_Thyroid_add_vs_mix.png
IL1RL1,Brain,dominant,plotted,Four-panel SuSiE / SuSiE-mix comparison created,1,L1,1,1023,chr2_102303577_T_C_b38_T,chr2_102303577_T_C_b38_T,additive,0.117149606025778,22,Single credible-set lead,75,125,57,FALSE,Different lead SNP; coding change: additive -> dominant,-339.671099560462,-335.692484248903,7.95723062311822,1,L1,1,5330,chr2_102302141_C_G_b38_C__dominant,chr2_102302141_C_G_b38_C,dominant,0.0560262348594659,49,75,124,58,/project2/mstephens/wdenault/susie_mix/plot/one_cs_dominant/IL1RL1_Brain_add_vs_mix.png
SPG21,Skin,dominant,plotted,Four-panel SuSiE / SuSiE-mix comparison created,1,L1,1,789,chr15_65023199_A_C_b38_A,chr15_65023199_A_C_b38_A,additive,0.125716643874351,24,Single credible-set lead,196,238,88,FALSE,Different lead SNP; coding change: additive -> dominant,-716.623491047136,-715.810607132866,1.62576782853921,1,L1,1,3234,chr15_64989286_A_G_b38_A__dominant,chr15_64989286_A_G_b38_A,dominant,0.222583192152976,42,197,251,74,/project2/mstephens/wdenault/susie_mix/plot/one_cs_dominant/SPG21_Skin_add_vs_mix.png
CYP11A1,Muscle,dominant,plotted,Four-panel SuSiE / SuSiE-mix comparison created,1,L1,1,779,chr15_74377542_G_C_b38_G,chr15_74377542_G_C_b38_G,additive,0.0599075675867017,16,Single credible-set lead,433,43,1,TRUE,Same lead SNP; coding change only: additive -> dominant,-651.729040823322,-651.682650084992,0.0927814766598658,1,L1,1,3125,chr15_74377542_G_C_b38_G__dominant,chr15_74377542_G_C_b38_G,dominant,0.031394711414111,32,433,43,1,/project2/mstephens/wdenault/susie_mix/plot/one_cs_dominant/CYP11A1_Muscle_add_vs_mix.png
MRPS36,Testis,dominant,plotted,Four-panel SuSiE / SuSiE-mix comparison created,1,L1,1,932,chr5_69166611_C_T_b38_C,chr5_69166611_C_T_b38_C,additive,0.302439196242066,46,Single credible-set lead,65,107,39,FALSE,Different lead SNP; coding change: additive -> dominant,-275.819184359294,-275.547230895097,0.543906928394335,1,L1,1,3636,chr5_69217772_G_T_b38_G__dominant,chr5_69217772_G_T_b38_G,dominant,0.135899311784951,74,72,105,34,/project2/mstephens/wdenault/susie_mix/plot/one_cs_dominant/MRPS36_Testis_add_vs_mix.png
TXLNB,Nerve,dominant,plotted,Four-panel SuSiE / SuSiE-mix comparison created,1,L1,1,1047,chr6_139280495_A_T_b38_A,chr6_139280495_A_T_b38_A,additive,0.15058792932853,23,Single credible-set lead,189,142,23,FALSE,Different lead SNP; coding change: additive -> dominant,-478.274989300691,-476.110046594912,4.32988541155692,1,L1,1,4962,chr6_139289537_T_G_b38_T__dominant,chr6_139289537_T_G_b38_T,dominant,0.0807904350307328,31,177,141,36,/project2/mstephens/wdenault/susie_mix/plot/one_cs_dominant/TXLNB_Nerve_add_vs_mix.png
FKBP1B,Nerve,dominant,plotted,Four-panel SuSiE / SuSiE-mix comparison created,1,L1,1,1047,chr2_24036482_T_C_b38_T,chr2_24036482_T_C_b38_T,additive,0.02393585443728,129,Single credible-set lead,269,80,5,TRUE,Same lead SNP; coding change only: additive -> dominant,-478.327347301716,-477.236275951953,2.18214269952466,1,L1,1,4263,chr2_24036482_T_C_b38_T__dominant,chr2_24036482_T_C_b38_T,dominant,0.0211379980625785,237,269,80,5,/project2/mstephens/wdenault/susie_mix/plot/one_cs_dominant/FKBP1B_Nerve_add_vs_mix.png
BAK1,Blood,dominant,plotted,Four-panel SuSiE / SuSiE-mix comparison created,1,L1,1,1917,chr6_33579060_T_C_b38_T,chr6_33579060_T_C_b38_T,additive,0.376809389193878,3,Single credible-set lead,217,180,38,TRUE,Same lead SNP; coding change only: additive -> dominant,-592.394637330721,-591.061881424989,2.66551181146315,1,L1,1,8460,chr6_33579060_T_C_b38_T__dominant,chr6_33579060_T_C_b38_T,dominant,0.315751936805255,6,217,180,38,/project2/mstephens/wdenault/susie_mix/plot/one_cs_dominant/BAK1_Blood_add_vs_mix.png
TNNI1,Pancreas,dominant,plotted,Four-panel SuSiE / SuSiE-mix comparison created,1,L1,1,1245,chr1_201400120_A_G_b38_A,chr1_201400120_A_G_b38_A,additive,0.384747890669556,6,Single credible-set lead,65,85,30,FALSE,Different lead SNP; coding change: additive -> dominant,-230.970870822965,-230.30288145907,1.33597872778898,1,L1,1,5212,chr1_201406685_A_G_b38_A__dominant,chr1_201406685_A_G_b38_A,dominant,0.242331131705055,13,51,82,47,/project2/mstephens/wdenault/susie_mix/plot/one_cs_dominant/TNNI1_Pancreas_add_vs_mix.png
CARS2,Nerve,dominant,plotted,Four-panel SuSiE / SuSiE-mix comparison created,1,L1,1,1863,chr13_110714768_C_T_b38_C,chr13_110714768_C_T_b38_C,additive,0.173216225369077,11,Single credible-set lead,168,141,45,TRUE,Same lead SNP; coding change only: additive -> dominant,-478.010321362599,-475.048718662684,5.92320539982916,1,L1,1,7619,chr13_110714768_C_T_b38_C__dominant,chr13_110714768_C_T_b38_C,dominant,0.314214280970327,12,168,141,45,/project2/mstephens/wdenault/susie_mix/plot/one_cs_dominant/CARS2_Nerve_add_vs_mix.png
CARS2,Thyroid,dominant,plotted,Four-panel SuSiE / SuSiE-mix comparison created,1,L1,1,1830,chr13_110700007_C_T_b38_C,chr13_110700007_C_T_b38_C,additive,0.55083426791948,19,Single credible-set lead,201,154,35,TRUE,Same lead SNP; coding change only: additive -> dominant,-534.534650306424,-531.914278736686,5.24074313947472,1,L1,1,7571,chr13_110700007_C_T_b38_C__dominant,chr13_110700007_C_T_b38_C,dominant,0.204595989102807,19,201,154,35,/project2/mstephens/wdenault/susie_mix/plot/one_cs_dominant/CARS2_Thyroid_add_vs_mix.png
USP6,Salivary Gland,dominant,plotted,Four-panel SuSiE / SuSiE-mix comparison created,1,L1,1,1391,chr17_5250721_G_A_b38_G,chr17_5250721_G_A_b38_G,additive,0.9996519059511,1,Single credible-set lead,94,16,1,TRUE,Same lead SNP; coding change only: additive -> dominant,-132.148604367293,-131.927348912988,0.442510908608369,1,L1,1,4912,chr17_5250721_G_A_b38_G__dominant,chr17_5250721_G_A_b38_G,dominant,0.59037731171773,2,94,16,1,/project2/mstephens/wdenault/susie_mix/plot/one_cs_dominant/USP6_Salivary_Gland_add_vs_mix.png
USP6,Stomach,dominant,plotted,Four-panel SuSiE / SuSiE-mix comparison created,1,L1,1,1391,chr17_5250721_G_A_b38_G,chr17_5250721_G_A_b38_G,additive,0.639532948327909,2,Single credible-set lead,166,22,1,TRUE,Same lead SNP; coding change only: additive -> dominant,-244.085611176217,-243.98789434628,0.195433659873686,1,L1,1,5260,chr17_5250721_G_A_b38_G__dominant,chr17_5250721_G_A_b38_G,dominant,0.35915951609436,4,166,22,1,/project2/mstephens/wdenault/susie_mix/plot/one_cs_dominant/USP6_Stomach_add_vs_mix.png
USP6,Spleen,dominant,plotted,Four-panel SuSiE / SuSiE-mix comparison created,1,L1,1,1391,chr17_5250721_G_A_b38_G,chr17_5250721_G_A_b38_G,additive,0.905701018108448,2,Single credible-set lead,131,14,1,TRUE,Same lead SNP; coding change only: additive -> dominant,-187.538991860465,-187.515903711792,0.0461762973462783,1,L1,1,5120,chr17_5250721_G_A_b38_G__dominant,chr17_5250721_G_A_b38_G,dominant,0.463167058508325,3,131,14,1,/project2/mstephens/wdenault/susie_mix/plot/one_cs_dominant/USP6_Spleen_add_vs_mix.png
PTPN5,Lung,dominant,plotted,Four-panel SuSiE / SuSiE-mix comparison created,1,L1,1,1169,chr11_18809319_C_T_b38_C,chr11_18809319_C_T_b38_C,additive,0.579281325981676,8,Single credible-set lead,291,31,1,TRUE,Same lead SNP; coding change only: additive -> dominant,-434.379468182809,-430.477326302325,7.804283760967,1,L1,1,5520,chr11_18809319_C_T_b38_C__dominant,chr11_18809319_C_T_b38_C,dominant,0.915129284563103,2,291,31,1,/project2/mstephens/wdenault/susie_mix/plot/one_cs_dominant/PTPN5_Lung_add_vs_mix.png
ATP7B,Thyroid,dominant,plotted,Four-panel SuSiE / SuSiE-mix comparison created,2,L1,1,628,chr13_51997720_G_C_b38_G,chr13_51997720_G_C_b38_G,additive,0.140013711841866,27,Highest-PIP credible-set lead,315,74,1,TRUE,Same lead SNP; coding change only: additive -> dominant,-524.87214081084,-528.987047440239,-8.22981325879687,1,L1,1,2689,chr13_51997720_G_C_b38_G__dominant,chr13_51997720_G_C_b38_G,dominant,0.109942471850646,53,315,74,1,/project2/mstephens/wdenault/susie_mix/plot/one_cs_dominant/ATP7B_Thyroid_add_vs_mix.png
ATP7B,Muscle,dominant,plotted,Four-panel SuSiE / SuSiE-mix comparison created,1,L1,1,651,chr13_52011745_A_G_b38_A,chr13_52011745_A_G_b38_A,additive,0.0755916109643566,31,Single credible-set lead,386,88,3,TRUE,Same lead SNP; coding change only: additive -> dominant,-660.079647735235,-659.889101772683,0.381091925105466,1,L1,1,2772,chr13_52011745_A_G_b38_A__dominant,chr13_52011745_A_G_b38_A,dominant,0.0451738802060285,61,386,88,3,/project2/mstephens/wdenault/susie_mix/plot/one_cs_dominant/ATP7B_Muscle_add_vs_mix.png
ATP7B,Pituitary,dominant,plotted,Four-panel SuSiE / SuSiE-mix comparison created,1,L1,1,628,chr13_51997720_G_C_b38_G,chr13_51997720_G_C_b38_G,additive,0.200519247144147,28,Single credible-set lead,154,46,1,TRUE,Same lead SNP; coding change only: additive -> dominant,-269.547502737971,-269.204447564218,0.686110347505178,1,L1,1,2647,chr13_51997720_G_C_b38_G__dominant,chr13_51997720_G_C_b38_G,dominant,0.109715714184356,51,154,46,1,/project2/mstephens/wdenault/susie_mix/plot/one_cs_dominant/ATP7B_Pituitary_add_vs_mix.png
NELFCD,Blood Vessel,dominant,plotted,Four-panel SuSiE / SuSiE-mix comparison created,1,L1,1,1021,chr20_58989640_C_T_b38_C,chr20_58989640_C_T_b38_C,additive,0.998393041372949,1,Single credible-set lead,378,64,8,TRUE,Same lead SNP; coding change only: additive -> dominant,-613.699153671857,-613.481871305227,0.434564733260686,1,L1,1,4388,chr20_58989640_C_T_b38_C__dominant,chr20_58989640_C_T_b38_C,dominant,0.587225436669648,2,378,64,8,/project2/mstephens/wdenault/susie_mix/plot/one_cs_dominant/NELFCD_Blood_Vessel_add_vs_mix.png
ULK4,Colon,dominant,plotted,Four-panel SuSiE / SuSiE-mix comparison created,1,L1,1,1232,chr3_41928988_T_C_b38_T,chr3_41928988_T_C_b38_T,additive,0.0255413030986903,278,Single credible-set lead,200,114,18,FALSE,Different lead SNP; coding change: additive -> dominant,-447.971446646782,-446.474460633456,2.99397202665261,1,L1,1,5975,chr3_41934043_A_T_b38_A__dominant,chr3_41934043_A_T_b38_A,dominant,0.0118321639958909,412,198,106,28,/project2/mstephens/wdenault/susie_mix/plot/one_cs_dominant/ULK4_Colon_add_vs_mix.png
MGME1,Adipose Tissue,dominant,plotted,Four-panel SuSiE / SuSiE-mix comparison created,1,L1,1,1238,chr20_17929079_C_T_b38_C,chr20_17929079_C_T_b38_C,additive,0.171971382645692,20,Single credible-set lead,369,93,8,TRUE,Same lead SNP; coding change only: additive -> dominant,-643.333108846997,-643.029544361236,0.607128971522343,1,L1,1,6164,chr20_17929079_C_T_b38_C__dominant,chr20_17929079_C_T_b38_C,dominant,0.110141715348032,37,369,93,8,/project2/mstephens/wdenault/susie_mix/plot/one_cs_dominant/MGME1_Adipose_Tissue_add_vs_mix.png
MGME1,Blood Vessel,dominant,plotted,Four-panel SuSiE / SuSiE-mix comparison created,1,L1,1,1364,chr20_17971314_T_C_b38_T,chr20_17971314_T_C_b38_T,additive,0.154946083969688,12,Single credible-set lead,333,105,12,TRUE,Same lead SNP; coding change only: additive -> dominant,-621.602031064085,-621.031951460048,1.14015920807469,1,L1,1,6281,chr20_17971314_T_C_b38_T__dominant,chr20_17971314_T_C_b38_T,dominant,0.105079952222108,23,333,105,12,/project2/mstephens/wdenault/susie_mix/plot/one_cs_dominant/MGME1_Blood_Vessel_add_vs_mix.png
RIMKLB,Adipose Tissue,dominant,plotted,Four-panel SuSiE / SuSiE-mix comparison created,1,L1,1,2092,chr12_8679358_T_A_b38_T,chr12_8679358_T_A_b38_T,additive,0.593351916007792,5,Single credible-set lead,257,170,43,TRUE,Same lead SNP; coding change only: additive -> dominant,-642.7867251861,-642.062147194341,1.44915598351872,1,L1,1,7306,chr12_8679358_T_A_b38_T__dominant,chr12_8679358_T_A_b38_T,dominant,0.454525187969173,6,257,170,43,/project2/mstephens/wdenault/susie_mix/plot/one_cs_dominant/RIMKLB_Adipose_Tissue_add_vs_mix.png
CPN2,Spleen,dominant,plotted,Four-panel SuSiE / SuSiE-mix comparison created,1,L1,1,1565,chr3_194367504_C_T_b38_C,chr3_194367504_C_T_b38_C,additive,0.522415568825223,11,Single credible-set lead,118,27,1,TRUE,Same lead SNP; coding change only: additive -> dominant,-182.768333440799,-182.060915584054,1.41483571349033,1,L1,1,6570,chr3_194367504_C_T_b38_C__dominant,chr3_194367504_C_T_b38_C,dominant,0.303418639943859,13,118,27,1,/project2/mstephens/wdenault/susie_mix/plot/one_cs_dominant/CPN2_Spleen_add_vs_mix.png
ATP6V0E2,Skin,dominant,plotted,Four-panel SuSiE / SuSiE-mix comparison created,2,L1,1,1093,chr7_149874377_A_G_b38_A,chr7_149874377_A_G_b38_A,additive,0.754819879593893,2,Highest-PIP credible-set lead,440,74,8,TRUE,Same lead SNP; coding change only: additive -> dominant,-711.929935007988,-715.905710688345,-7.95155136071435,1,L1,1,5197,chr7_149874377_A_G_b38_A__dominant,chr7_149874377_A_G_b38_A,dominant,0.570290084219197,4,440,74,8,/project2/mstephens/wdenault/susie_mix/plot/one_cs_dominant/ATP6V0E2_Skin_add_vs_mix.png
ATP6V0E2,Lung,dominant,plotted,Four-panel SuSiE / SuSiE-mix comparison created,1,L1,1,1093,chr7_149874377_A_G_b38_A,chr7_149874377_A_G_b38_A,additive,0.819064361107507,2,Single credible-set lead,268,49,6,TRUE,Same lead SNP; coding change only: additive -> dominant,-435.861045372024,-435.566498930382,0.589092883283684,1,L1,1,5053,chr7_149874377_A_G_b38_A__dominant,chr7_149874377_A_G_b38_A,dominant,0.529532954816241,3,268,49,6,/project2/mstephens/wdenault/susie_mix/plot/one_cs_dominant/ATP6V0E2_Lung_add_vs_mix.png
ATP6V0E2,Colon,dominant,plotted,Four-panel SuSiE / SuSiE-mix comparison created,1,L1,1,1068,chr7_149863960_C_G_b38_C,chr7_149863960_C_G_b38_C,additive,0.197009048042436,19,Single credible-set lead,150,148,34,FALSE,Different lead SNP; coding change: additive -> dominant,-457.03958801483,-455.39526709587,3.28864183792007,1,L1,1,5007,chr7_149859429_C_T_b38_C__dominant,chr7_149859429_C_T_b38_C,dominant,0.261534402313825,31,125,162,45,/project2/mstephens/wdenault/susie_mix/plot/one_cs_dominant/ATP6V0E2_Colon_add_vs_mix.png
CCDC40,Ovary,dominant,plotted,Four-panel SuSiE / SuSiE-mix comparison created,1,L1,1,1174,chr17_80036614_C_A_b38_C,chr17_80036614_C_A_b38_C,additive,0.249835413949514,4,Single credible-set lead,73,31,2,TRUE,Same lead SNP; coding change only: additive -> dominant,-125.322042536736,-124.803829645532,1.03642578240817,1,L1,1,5031,chr17_80036614_C_A_b38_C__dominant,chr17_80036614_C_A_b38_C,dominant,0.170113079095917,8,73,31,2,/project2/mstephens/wdenault/susie_mix/plot/one_cs_dominant/CCDC40_Ovary_add_vs_mix.png
CCDC40,Breast,dominant,plotted,Four-panel SuSiE / SuSiE-mix comparison created,1,L1,1,1198,chr17_80045011_A_G_b38_A,chr17_80045011_A_G_b38_A,additive,0.242413613698228,13,Single credible-set lead,145,108,16,TRUE,Same lead SNP; coding change only: additive -> dominant,-367.335423314033,-367.287347090338,0.0961524473902955,1,L1,1,5506,chr17_80045011_A_G_b38_A__dominant,chr17_80045011_A_G_b38_A,dominant,0.141763148118455,30,145,108,16,/project2/mstephens/wdenault/susie_mix/plot/one_cs_dominant/CCDC40_Breast_add_vs_mix.png
TTC4,Breast,dominant,plotted,Four-panel SuSiE / SuSiE-mix comparison created,1,L1,1,1195,chr1_54723205_T_C_b38_T,chr1_54723205_T_C_b38_T,additive,0.0303419199408619,89,Single credible-set lead,230,37,2,TRUE,Same lead SNP; coding change only: additive -> dominant,-358.061890418753,-357.719149305518,0.685482226468821,1,L1,1,5544,chr1_54723205_T_C_b38_T__dominant,chr1_54723205_T_C_b38_T,dominant,0.0250409476020337,175,230,37,2,/project2/mstephens/wdenault/susie_mix/plot/one_cs_dominant/TTC4_Breast_add_vs_mix.png
TTC4,Adipose Tissue,dominant,plotted,Four-panel SuSiE / SuSiE-mix comparison created,1,L1,1,1195,chr1_54723205_T_C_b38_T,chr1_54723205_T_C_b38_T,additive,0.106699225896303,51,Single credible-set lead,401,67,2,TRUE,Same lead SNP; coding change only: additive -> dominant,-653.107294750585,-652.348607241518,1.51737501813318,1,L1,1,5780,chr1_54723205_T_C_b38_T__dominant,chr1_54723205_T_C_b38_T,dominant,0.07047403693384,144,401,67,2,/project2/mstephens/wdenault/susie_mix/plot/one_cs_dominant/TTC4_Adipose_Tissue_add_vs_mix.png
C1GALT1,Ovary,dominant,plotted,Four-panel SuSiE / SuSiE-mix comparison created,1,L1,1,2270,chr7_7219270_T_C_b38_T,chr7_7219270_T_C_b38_T,additive,0.266090978062606,19,Single credible-set lead,73,31,2,FALSE,Different lead SNP; coding change: additive -> dominant,-126.516066385678,-125.761679296405,1.50877417854599,1,L1,1,7250,chr7_7216556_G_T_b38_G__dominant,chr7_7216556_G_T_b38_G,dominant,0.0765195209729118,29,72,30,4,/project2/mstephens/wdenault/susie_mix/plot/one_cs_dominant/C1GALT1_Ovary_add_vs_mix.png
C1GALT1,Blood Vessel,dominant,plotted,Four-panel SuSiE / SuSiE-mix comparison created,1,L1,1,2143,chr7_7187064_G_C_b38_G,chr7_7187064_G_C_b38_G,additive,0.274575310467582,12,Single credible-set lead,146,207,97,FALSE,Different lead SNP; coding change: additive -> dominant,-621.938470157811,-614.528833989131,14.8192723373609,1,L1,1,8384,chr7_7182337_T_G_b38_T__dominant,chr7_7182337_T_G_b38_T,dominant,0.423352412048545,9,141,211,98,/project2/mstephens/wdenault/susie_mix/plot/one_cs_dominant/C1GALT1_Blood_Vessel_add_vs_mix.png
C1GALT1,Spleen,dominant,plotted,Four-panel SuSiE / SuSiE-mix comparison created,1,L1,1,2327,chr7_7237584_C_G_b38_C,chr7_7237584_C_G_b38_C,additive,0.94866347320203,2,Single credible-set lead,113,32,1,TRUE,Same lead SNP; coding change only: additive -> dominant,-189.948914902057,-187.126286871355,5.64525606140489,1,L1,1,7697,chr7_7237584_C_G_b38_C__dominant,chr7_7237584_C_G_b38_C,dominant,0.929805431568935,2,113,32,1,/project2/mstephens/wdenault/susie_mix/plot/one_cs_dominant/C1GALT1_Spleen_add_vs_mix.png
GNAL,Nerve,dominant,plotted,Four-panel SuSiE / SuSiE-mix comparison created,1,L1,1,1394,chr18_11693957_A_G_b38_A,chr18_11693957_A_G_b38_A,additive,0.17820366509678,19,Single credible-set lead,179,147,28,FALSE,Different lead SNP; coding change: additive -> dominant,-478.801775137189,-477.006870523947,3.58980922648459,1,L1,1,6453,chr18_11691517_G_A_b38_G__dominant,chr18_11691517_G_A_b38_G,dominant,0.134047710622135,27,182,151,21,/project2/mstephens/wdenault/susie_mix/plot/one_cs_dominant/GNAL_Nerve_add_vs_mix.png
GNAL,Muscle,dominant,plotted,Four-panel SuSiE / SuSiE-mix comparison created,1,L1,1,1764,chr18_11857635_A_G_b38_A,chr18_11857635_A_G_b38_A,additive,0.626674906162611,10,Single credible-set lead,389,80,8,TRUE,Same lead SNP; coding change only: additive -> dominant,-660.945965085082,-660.165867812745,1.56019454467378,1,L1,1,7046,chr18_11857635_A_G_b38_A__dominant,chr18_11857635_A_G_b38_A,dominant,0.17439570667261,15,389,80,8,/project2/mstephens/wdenault/susie_mix/plot/one_cs_dominant/GNAL_Muscle_add_vs_mix.png
TUBB8,Testis,dominant,plotted,Four-panel SuSiE / SuSiE-mix comparison created,1,L1,1,81,chr10_55083_A_G_b38_A,chr10_55083_A_G_b38_A,additive,0.292612092807657,20,Single credible-set lead,133,70,8,FALSE,Different lead SNP; coding change: additive -> dominant,-276.364160734644,-276.083633737058,0.561053995171164,1,L1,1,1395,chr10_18828_T_C_b38_T__dominant,chr10_18828_T_C_b38_T,dominant,0.159144931014744,39,136,73,2,/project2/mstephens/wdenault/susie_mix/plot/one_cs_dominant/TUBB8_Testis_add_vs_mix.png
SMOC1,Blood Vessel,dominant,plotted,Four-panel SuSiE / SuSiE-mix comparison created,1,L1,1,1167,chr14_70015716_T_C_b38_T,chr14_70015716_T_C_b38_T,additive,0.730484838539842,3,Single credible-set lead,215,192,43,TRUE,Same lead SNP; coding change only: additive -> dominant,-614.726568975235,-613.828221941817,1.79669406683593,1,L1,1,4979,chr14_70015716_T_C_b38_T__dominant,chr14_70015716_T_C_b38_T,dominant,0.63668297552208,6,215,192,43,/project2/mstephens/wdenault/susie_mix/plot/one_cs_dominant/SMOC1_Blood_Vessel_add_vs_mix.png
MICB,Skin,dominant,plotted,Four-panel SuSiE / SuSiE-mix comparison created,1,L1,1,7716,chr6_31508136_A_T_b38_A,chr6_31508136_A_T_b38_A,additive,0.0660773775234678,23,Single credible-set lead,225,250,47,FALSE,Different lead SNP; coding change: additive -> dominant,-716.776406658351,-715.509480384829,2.53385254704426,1,L1,1,22971,chr6_31494468_C_T_b38_C__dominant,chr6_31494468_C_T_b38_C,dominant,0.0347631385161461,41,225,252,45,/project2/mstephens/wdenault/susie_mix/plot/one_cs_dominant/MICB_Skin_add_vs_mix.png
EFCAB2,Esophagus,dominant,plotted,Four-panel SuSiE / SuSiE-mix comparison created,1,L1,1,1140,chr1_244970360_G_C_b38_G,chr1_244970360_G_C_b38_G,additive,0.980164171346211,1,Single credible-set lead,143,183,86,TRUE,Same lead SNP; coding change only: additive -> dominant,-560.302528678755,-557.522101778933,5.56085379964384,1,L1,1,5441,chr1_244970360_G_C_b38_G__dominant,chr1_244970360_G_C_b38_G,dominant,0.950878693416058,1,143,183,86,/project2/mstephens/wdenault/susie_mix/plot/one_cs_dominant/EFCAB2_Esophagus_add_vs_mix.png
ACP6,Blood Vessel,dominant,plotted,Four-panel SuSiE / SuSiE-mix comparison created,1,L1,1,1166,chr1_147657928_T_C_b38_T,chr1_147657928_T_C_b38_T,additive,0.32425873829502,15,Single credible-set lead,172,195,83,TRUE,Same lead SNP; coding change only: additive -> dominant,-615.56538239256,-612.710988138538,5.70878850804547,1,L1,1,4619,chr1_147657928_T_C_b38_T__dominant,chr1_147657928_T_C_b38_T,dominant,0.547423118966804,14,172,195,83,/project2/mstephens/wdenault/susie_mix/plot/one_cs_dominant/ACP6_Blood_Vessel_add_vs_mix.png
ACP6,Esophagus,dominant,plotted,Four-panel SuSiE / SuSiE-mix comparison created,1,L1,1,1145,chr1_147647471_G_A_b38_G,chr1_147647471_G_A_b38_G,additive,0.203801767974863,15,Single credible-set lead,147,186,79,TRUE,Same lead SNP; coding change only: additive -> dominant,-567.381750333839,-566.733712103034,1.29607646161026,1,L1,1,4588,chr1_147647471_G_A_b38_G__dominant,chr1_147647471_G_A_b38_G,dominant,0.285991290506161,24,147,186,79,/project2/mstephens/wdenault/susie_mix/plot/one_cs_dominant/ACP6_Esophagus_add_vs_mix.png
GNB4,Heart,dominant,plotted,Four-panel SuSiE / SuSiE-mix comparison created,1,L1,1,929,chr3_179455191_G_T_b38_G,chr3_179455191_G_T_b38_G,additive,0.926090881313311,2,Single credible-set lead,224,97,10,TRUE,Same lead SNP; coding change only: additive -> dominant,-445.537615785775,-444.878054330373,1.31912291080528,1,L1,1,4190,chr3_179455191_G_T_b38_G__dominant,chr3_179455191_G_T_b38_G,dominant,0.66596997528823,3,224,97,10,/project2/mstephens/wdenault/susie_mix/plot/one_cs_dominant/GNB4_Heart_add_vs_mix.png
SLC6A12,Pancreas,dominant,plotted,Four-panel SuSiE / SuSiE-mix comparison created,1,L1,1,455,chr12_210625_G_A_b38_G,chr12_210625_G_A_b38_G,additive,0.639424285012026,5,Single credible-set lead,68,77,35,FALSE,Different lead SNP; coding change: additive -> dominant,-231.593497715966,-231.098792660746,0.989410110438484,1,L1,1,3318,chr12_209435_C_T_b38_C__dominant,chr12_209435_C_T_b38_C,dominant,0.395871667764245,6,66,76,38,/project2/mstephens/wdenault/susie_mix/plot/one_cs_dominant/SLC6A12_Pancreas_add_vs_mix.png
CNDP1,Testis,dominant,plotted,Four-panel SuSiE / SuSiE-mix comparison created,1,L1,1,1405,chr18_74545200_T_C_b38_T,chr18_74545200_T_C_b38_T,additive,0.335766699165661,9,Single credible-set lead,141,62,8,TRUE,Same lead SNP; coding change only: additive -> dominant,-276.019994147021,-271.404815131549,9.23035803094376,1,L1,1,4957,chr18_74545200_T_C_b38_T__dominant,chr18_74545200_T_C_b38_T,dominant,0.531758383500348,9,141,62,8,/project2/mstephens/wdenault/susie_mix/plot/one_cs_dominant/CNDP1_Testis_add_vs_mix.png
CD320,Pituitary,dominant,plotted,Four-panel SuSiE / SuSiE-mix comparison created,1,L1,1,1469,chr19_8315010_A_G_b38_A,chr19_8315010_A_G_b38_A,additive,0.202284552467615,34,Single credible-set lead,170,27,4,FALSE,Different lead SNP; coding change: additive -> dominant,-262.452820813689,-260.876227755679,3.15318611601958,1,L1,1,5596,chr19_8309704_T_C_b38_T__dominant,chr19_8309704_T_C_b38_T,dominant,0.192321982870994,61,170,28,3,/project2/mstephens/wdenault/susie_mix/plot/one_cs_dominant/CD320_Pituitary_add_vs_mix.png
MIER2,Adipose Tissue,dominant,plotted,Four-panel SuSiE / SuSiE-mix comparison created,1,L1,1,169,chr19_297217_G_A_b38_G,chr19_297217_G_A_b38_G,additive,0.57012028042388,10,Single credible-set lead,268,169,33,TRUE,Same lead SNP; coding change only: additive -> dominant,-643.73421378207,-642.432206112692,2.60401533875574,1,L1,1,4099,chr19_297217_G_A_b38_G__dominant,chr19_297217_G_A_b38_G,dominant,0.529366829363227,9,268,169,33,/project2/mstephens/wdenault/susie_mix/plot/one_cs_dominant/MIER2_Adipose_Tissue_add_vs_mix.png
TBC1D9B,Adipose Tissue,dominant,plotted,Four-panel SuSiE / SuSiE-mix comparison created,1,L1,1,1162,chr5_179908060_A_G_b38_A,chr5_179908060_A_G_b38_A,additive,0.955034557742109,1,Single credible-set lead,385,81,4,TRUE,Same lead SNP; coding change only: additive -> dominant,-642.924907280689,-642.84024099603,0.169332569317476,1,L1,1,5841,chr5_179908060_A_G_b38_A__dominant,chr5_179908060_A_G_b38_A,dominant,0.51645578319055,3,385,81,4,/project2/mstephens/wdenault/susie_mix/plot/one_cs_dominant/TBC1D9B_Adipose_Tissue_add_vs_mix.png
TBC1D9B,Colon,dominant,plotted,Four-panel SuSiE / SuSiE-mix comparison created,1,L1,1,1125,chr5_179874260_A_G_b38_A,chr5_179874260_A_G_b38_A,additive,0.836645628727119,2,Single credible-set lead,274,57,1,TRUE,Same lead SNP; coding change only: additive -> dominant,-452.350961296613,-452.169076083563,0.363770426100814,1,L1,1,5681,chr5_179874260_A_G_b38_A__dominant,chr5_179874260_A_G_b38_A,dominant,0.487246979517195,4,274,57,1,/project2/mstephens/wdenault/susie_mix/plot/one_cs_dominant/TBC1D9B_Colon_add_vs_mix.png
TBC1D9B,Lung,dominant,plotted,Four-panel SuSiE / SuSiE-mix comparison created,1,L1,1,1127,chr5_179877329_T_C_b38_T,chr5_179877329_T_C_b38_T,additive,0.905086908509135,2,Single credible-set lead,260,62,1,TRUE,Same lead SNP; coding change only: additive -> dominant,-443.193189864376,-442.091320348277,2.20373903219843,1,L1,1,5640,chr5_179877329_T_C_b38_T__dominant,chr5_179877329_T_C_b38_T,dominant,0.741504403396381,2,260,62,1,/project2/mstephens/wdenault/susie_mix/plot/one_cs_dominant/TBC1D9B_Lung_add_vs_mix.png
CLUAP1,Thyroid,dominant,plotted,Four-panel SuSiE / SuSiE-mix comparison created,1,L1,1,1313,chr16_3597097_G_A_b38_G,chr16_3597097_G_A_b38_G,additive,0.310562973436584,8,Single credible-set lead,204,157,29,FALSE,Different lead SNP; coding change: additive -> dominant,-529.947398182902,-529.48178237987,0.93123160606342,1,L1,1,4452,chr16_3533173_C_T_b38_C__dominant,chr16_3533173_C_T_b38_C,dominant,0.195417254473396,15,233,133,24,/project2/mstephens/wdenault/susie_mix/plot/one_cs_dominant/CLUAP1_Thyroid_add_vs_mix.png
KRT7,Adipose Tissue,dominant,plotted,Four-panel SuSiE / SuSiE-mix comparison created,1,L1,1,1037,chr12_52227364_G_A_b38_G,chr12_52227364_G_A_b38_G,additive,0.295131947181125,12,Single credible-set lead,223,200,47,TRUE,Same lead SNP; coding change only: additive -> dominant,-643.832266468996,-643.122205808628,1.42012132073637,1,L1,1,6380,chr12_52227364_G_A_b38_G__dominant,chr12_52227364_G_A_b38_G,dominant,0.267331455656828,21,223,200,47,/project2/mstephens/wdenault/susie_mix/plot/one_cs_dominant/KRT7_Adipose_Tissue_add_vs_mix.png
CBWD1,Adrenal Gland,dominant,plotted,Four-panel SuSiE / SuSiE-mix comparison created,1,L1,1,361,chr9_186620_A_T_b38_A,chr9_186620_A_T_b38_A,additive,0.216772209762596,10,Single credible-set lead,51,66,24,FALSE,Different lead SNP; coding change: additive -> dominant,-176.37257601129,-176.1409764734,0.463199075778391,1,L1,1,4197,chr9_194968_T_C_b38_T__dominant,chr9_194968_T_C_b38_T,dominant,0.217951708889319,19,53,64,24,/project2/mstephens/wdenault/susie_mix/plot/one_cs_dominant/CBWD1_Adrenal_Gland_add_vs_mix.png
DIP2B,Thyroid,dominant,plotted,Four-panel SuSiE / SuSiE-mix comparison created,1,L1,1,645,chr12_50559014_T_C_b38_T,chr12_50559014_T_C_b38_T,additive,0.0579385365610956,61,Single credible-set lead,196,166,28,TRUE,Same lead SNP; coding change only: additive -> dominant,-530.675719299174,-530.76824742769,-0.185056257032102,1,L1,1,3160,chr12_50559014_T_C_b38_T__dominant,chr12_50559014_T_C_b38_T,dominant,0.0500554864099669,134,196,166,28,/project2/mstephens/wdenault/susie_mix/plot/one_cs_dominant/DIP2B_Thyroid_add_vs_mix.png
MZT2A,Colon,dominant,plotted,Four-panel SuSiE / SuSiE-mix comparison created,1,L1,1,878,chr2_131471969_A_G_b38_A,chr2_131471969_A_G_b38_A,additive,0.410273237908098,49,Single credible-set lead,275,48,9,TRUE,Same lead SNP; coding change only: additive -> dominant,-449.115932131168,-443.994978117644,10.2419080270483,1,L1,1,5477,chr2_131471969_A_G_b38_A__dominant,chr2_131471969_A_G_b38_A,dominant,0.902574416758516,5,275,48,9,/project2/mstephens/wdenault/susie_mix/plot/one_cs_dominant/MZT2A_Colon_add_vs_mix.png
MZT2A,Brain,dominant,plotted,Four-panel SuSiE / SuSiE-mix comparison created,1,L1,1,887,chr2_131473357_T_C_b38_T,chr2_131473357_T_C_b38_T,additive,0.0560203145746824,69,Single credible-set lead,199,47,11,TRUE,Same lead SNP; coding change only: additive -> dominant,-347.083708921112,-343.735167960951,6.69708192032203,1,L1,1,5305,chr2_131473357_T_C_b38_T__dominant,chr2_131473357_T_C_b38_T,dominant,0.159712898522436,73,199,47,11,/project2/mstephens/wdenault/susie_mix/plot/one_cs_dominant/MZT2A_Brain_add_vs_mix.png
ATP23,Prostate,dominant,plotted,Four-panel SuSiE / SuSiE-mix comparison created,1,L1,1,626,chr12_57931817_G_T_b38_G,chr12_57931817_G_T_b38_G,additive,0.250283531778997,13,Single credible-set lead,71,67,5,TRUE,Same lead SNP; coding change only: additive -> dominant,-179.664557544477,-179.197371708506,0.934371671941676,1,L1,1,3405,chr12_57931817_G_T_b38_G__dominant,chr12_57931817_G_T_b38_G,dominant,0.189078728754534,25,71,67,5,/project2/mstephens/wdenault/susie_mix/plot/one_cs_dominant/ATP23_Prostate_add_vs_mix.png
MC1R,Pituitary,dominant,plotted,Four-panel SuSiE / SuSiE-mix comparison created,1,L1,1,1365,chr16_89906008_C_A_b38_C,chr16_89906008_C_A_b38_C,additive,0.127913923523573,11,Single credible-set lead,158,41,2,TRUE,Same lead SNP; coding change only: additive -> dominant,-261.414359411456,-261.095932330037,0.63685416283829,1,L1,1,4572,chr16_89906008_C_A_b38_C__dominant,chr16_89906008_C_A_b38_C,dominant,0.0801242546726748,18,158,41,2,/project2/mstephens/wdenault/susie_mix/plot/one_cs_dominant/MC1R_Pituitary_add_vs_mix.png
EXOSC6,Pancreas,dominant,plotted,Four-panel SuSiE / SuSiE-mix comparison created,1,L1,1,920,chr16_70405202_C_T_b38_C,chr16_70405202_C_T_b38_C,additive,0.30090793717531,9,Single credible-set lead,47,84,49,FALSE,Different lead SNP; coding change: additive -> dominant,-232.207453312992,-230.66737361174,3.08015940250459,1,L1,1,3205,chr16_70359853_G_A_b38_G__dominant,chr16_70359853_G_A_b38_G,dominant,0.155895605405451,13,48,84,48,/project2/mstephens/wdenault/susie_mix/plot/one_cs_dominant/EXOSC6_Pancreas_add_vs_mix.png
GBP3,Ovary,dominant,plotted,Four-panel SuSiE / SuSiE-mix comparison created,1,L1,1,677,chr1_88993078_T_C_b38_T,chr1_88993078_T_C_b38_T,additive,0.168782395893419,15,Single credible-set lead,55,45,6,FALSE,Different lead SNP; coding change: additive -> dominant,-126.729690367297,-126.539270920631,0.380838893332509,1,L1,1,3363,chr1_89031622_G_A_b38_G__dominant,chr1_89031622_G_A_b38_G,dominant,0.118679416855307,26,52,46,8,/project2/mstephens/wdenault/susie_mix/plot/one_cs_dominant/GBP3_Ovary_add_vs_mix.png
CDC16,Breast,dominant,plotted,Four-panel SuSiE / SuSiE-mix comparison created,1,L1,1,1364,chr13_114239439_C_T_b38_C,chr13_114239439_C_T_b38_C,additive,0.230026138989586,34,Single credible-set lead,130,100,39,TRUE,Same lead SNP; coding change only: additive -> dominant,-358.886397710782,-357.529511172868,2.7137730758277,1,L1,1,3939,chr13_114239439_C_T_b38_C__dominant,chr13_114239439_C_T_b38_C,dominant,0.252091437651378,23,130,100,39,/project2/mstephens/wdenault/susie_mix/plot/one_cs_dominant/CDC16_Breast_add_vs_mix.png
NPHP3,Pancreas,dominant,plotted,Four-panel SuSiE / SuSiE-mix comparison created,1,L1,1,959,chr3_132718546_C_T_b38_C,chr3_132718546_C_T_b38_C,additive,0.268879749151955,5,Single credible-set lead,121,53,6,TRUE,Same lead SNP; coding change only: additive -> dominant,-231.609268068301,-226.95703126097,9.30447361466349,1,L1,1,4933,chr3_132718546_C_T_b38_C__dominant,chr3_132718546_C_T_b38_C,dominant,0.260139086061364,5,121,53,6,/project2/mstephens/wdenault/susie_mix/plot/one_cs_dominant/NPHP3_Pancreas_add_vs_mix.png
NPHP3,Breast,dominant,plotted,Four-panel SuSiE / SuSiE-mix comparison created,1,L1,1,975,chr3_132728413_A_T_b38_A,chr3_132728413_A_T_b38_A,additive,0.273531209122611,5,Single credible-set lead,98,130,41,FALSE,Different lead SNP; coding change: additive -> dominant,-366.716793139228,-366.749020297174,-0.0644543158936131,1,L1,1,5045,chr3_132717480_G_T_b38_G__dominant,chr3_132717480_G_T_b38_G,dominant,0.159898458935914,10,116,117,36,/project2/mstephens/wdenault/susie_mix/plot/one_cs_dominant/NPHP3_Breast_add_vs_mix.png
COLEC11,Pituitary,dominant,plotted,Four-panel SuSiE / SuSiE-mix comparison created,1,L1,1,1475,chr2_3616879_A_G_b38_A,chr2_3616879_A_G_b38_A,additive,0.245460392376469,8,Single credible-set lead,84,84,33,TRUE,Same lead SNP; coding change only: additive -> dominant,-261.860521458794,-261.676180124747,0.368682668095175,1,L1,1,6397,chr2_3616879_A_G_b38_A__dominant,chr2_3616879_A_G_b38_A,dominant,0.163723333547392,13,84,84,33,/project2/mstephens/wdenault/susie_mix/plot/one_cs_dominant/COLEC11_Pituitary_add_vs_mix.png
MMP16,Pituitary,dominant,plotted,Four-panel SuSiE / SuSiE-mix comparison created,1,L1,1,620,chr8_88312619_G_A_b38_G,chr8_88312619_G_A_b38_G,additive,0.020885070595094,128,Single credible-set lead,92,81,28,FALSE,Different lead SNP; coding change: additive -> dominant,-262.316140837568,-262.34209557485,-0.0519094745653774,1,L1,1,3207,chr8_88389036_A_C_b38_A__dominant,chr8_88389036_A_C_b38_A,dominant,0.0119957401031879,244,96,75,30,/project2/mstephens/wdenault/susie_mix/plot/one_cs_dominant/MMP16_Pituitary_add_vs_mix.png
LRRC57,Nerve,dominant,plotted,Four-panel SuSiE / SuSiE-mix comparison created,1,L1,1,889,chr15_42523682_C_G_b38_C,chr15_42523682_C_G_b38_C,additive,0.19673809872518,24,Single credible-set lead,285,65,4,TRUE,Same lead SNP; coding change only: additive -> dominant,-479.933655422186,-479.72079883824,0.425713167891217,1,L1,1,3068,chr15_42523682_C_G_b38_C__dominant,chr15_42523682_C_G_b38_C,dominant,0.129812045291148,42,285,65,4,/project2/mstephens/wdenault/susie_mix/plot/one_cs_dominant/LRRC57_Nerve_add_vs_mix.png
LRRC57,Esophagus,dominant,plotted,Four-panel SuSiE / SuSiE-mix comparison created,1,L1,1,853,chr15_42493039_A_G_b38_A,chr15_42493039_A_G_b38_A,additive,0.126041941449783,60,Single credible-set lead,347,61,4,TRUE,Same lead SNP; coding change only: additive -> dominant,-571.032389651138,-570.677052120703,0.710675060870017,1,L1,1,3036,chr15_42493039_A_G_b38_A__dominant,chr15_42493039_A_G_b38_A,dominant,0.115583287329516,122,347,61,4,/project2/mstephens/wdenault/susie_mix/plot/one_cs_dominant/LRRC57_Esophagus_add_vs_mix.png
GTF2H1,Thyroid,dominant,plotted,Four-panel SuSiE / SuSiE-mix comparison created,1,L1,1,1192,chr11_18359780_T_C_b38_T,chr11_18359780_T_C_b38_T,additive,0.0866373815888801,20,Single credible-set lead,182,169,39,FALSE,Different lead SNP; coding change: additive -> dominant,-530.274131123423,-529.091881786105,2.3644986746358,1,L1,1,5460,chr11_18327115_G_T_b38_G__dominant,chr11_18327115_G_T_b38_G,dominant,0.0564583476648221,36,182,170,38,/project2/mstephens/wdenault/susie_mix/plot/one_cs_dominant/GTF2H1_Thyroid_add_vs_mix.png
GTF2H1,Blood Vessel,dominant,plotted,Four-panel SuSiE / SuSiE-mix comparison created,1,L1,1,1186,chr11_18355205_T_C_b38_T,chr11_18355205_T_C_b38_T,additive,0.112973003610286,23,Single credible-set lead,217,190,43,FALSE,Different lead SNP; coding change: additive -> dominant,-622.417934055975,-620.327407646632,4.18105281868452,1,L1,1,5532,chr11_18327115_G_T_b38_G__dominant,chr11_18327115_G_T_b38_G,dominant,0.0811805675818003,32,217,191,42,/project2/mstephens/wdenault/susie_mix/plot/one_cs_dominant/GTF2H1_Blood_Vessel_add_vs_mix.png
ACSF3,Liver,dominant,plotted,Four-panel SuSiE / SuSiE-mix comparison created,1,L1,1,1492,chr16_89102797_C_G_b38_C,chr16_89102797_C_G_b38_C,additive,0.218655445235919,25,Single credible-set lead,81,52,7,TRUE,Same lead SNP; coding change only: additive -> dominant,-176.385018254058,-176.218779045735,0.332478416645301,1,L1,1,5468,chr16_89102797_C_G_b38_C__dominant,chr16_89102797_C_G_b38_C,dominant,0.165414964736207,50,81,52,7,/project2/mstephens/wdenault/susie_mix/plot/one_cs_dominant/ACSF3_Liver_add_vs_mix.png
ACSF3,Skin,dominant,plotted,Four-panel SuSiE / SuSiE-mix comparison created,1,L1,1,1407,chr16_89086691_T_C_b38_T,chr16_89086691_T_C_b38_T,additive,0.156770796315051,12,Single credible-set lead,317,176,29,FALSE,Different lead SNP; coding change: additive -> dominant,-725.329590071356,-725.327297140643,0.00458586142553941,1,L1,1,5973,chr16_89095282_A_G_b38_A__dominant,chr16_89095282_A_G_b38_A,dominant,0.074473892502448,24,279,194,49,/project2/mstephens/wdenault/susie_mix/plot/one_cs_dominant/ACSF3_Skin_add_vs_mix.png
WASHC2C,Spleen,dominant,plotted,Four-panel SuSiE / SuSiE-mix comparison created,1,L1,1,1448,chr10_45765238_C_T_b38_C,chr10_45765238_C_T_b38_C,additive,0.425531710002285,4,Single credible-set lead,107,37,2,TRUE,Same lead SNP; coding change only: additive -> dominant,-183.900699337236,-183.413414449084,0.974569776303838,1,L1,1,4342,chr10_45765238_C_T_b38_C__dominant,chr10_45765238_C_T_b38_C,dominant,0.34614906947618,7,107,37,2,/project2/mstephens/wdenault/susie_mix/plot/one_cs_dominant/WASHC2C_Spleen_add_vs_mix.png
ABHD8,Muscle,dominant,plotted,Four-panel SuSiE / SuSiE-mix comparison created,1,L1,1,1371,chr19_17326935_T_C_b38_T,chr19_17326935_T_C_b38_T,additive,0.278540829967807,18,Single credible-set lead,144,239,94,TRUE,Same lead SNP; coding change only: additive -> dominant,-654.829475433378,-654.421832434545,0.815285997666479,1,L1,1,6248,chr19_17326935_T_C_b38_T__dominant,chr19_17326935_T_C_b38_T,dominant,0.238812428888722,34,144,239,94,/project2/mstephens/wdenault/susie_mix/plot/one_cs_dominant/ABHD8_Muscle_add_vs_mix.png
GCNT1,Testis,dominant,plotted,Four-panel SuSiE / SuSiE-mix comparison created,1,L1,1,1584,chr9_76486311_T_G_b38_T,chr9_76486311_T_G_b38_T,additive,0.0344219043550538,28,Single credible-set lead,167,39,5,TRUE,Same lead SNP; coding change only: additive -> dominant,-275.936969983161,-274.874924747229,2.12409047186543,1,L1,1,5930,chr9_76486311_T_G_b38_T__dominant,chr9_76486311_T_G_b38_T,dominant,0.0276367197193512,52,167,39,5,/project2/mstephens/wdenault/susie_mix/plot/one_cs_dominant/GCNT1_Testis_add_vs_mix.png
SERPINF2,Brain,dominant,plotted,Four-panel SuSiE / SuSiE-mix comparison created,1,L1,1,1402,chr17_1734897_G_A_b38_G,chr17_1734897_G_A_b38_G,additive,0.486525090939564,4,Single credible-set lead,156,89,12,TRUE,Same lead SNP; coding change only: additive -> dominant,-341.798383224104,-336.639996149524,10.3167741491602,1,L1,1,5893,chr17_1734897_G_A_b38_G__dominant,chr17_1734897_G_A_b38_G,dominant,0.82742615183242,4,156,89,12,/project2/mstephens/wdenault/susie_mix/plot/one_cs_dominant/SERPINF2_Brain_add_vs_mix.png
SERPINF2,Colon,dominant,plotted,Four-panel SuSiE / SuSiE-mix comparison created,1,L1,1,1413,chr17_1737415_C_T_b38_C,chr17_1737415_C_T_b38_C,additive,0.215029212014889,7,Single credible-set lead,215,107,10,TRUE,Same lead SNP; coding change only: additive -> dominant,-451.724452048251,-451.426753287818,0.595397520865049,1,L1,1,6020,chr17_1737415_C_T_b38_C__dominant,chr17_1737415_C_T_b38_C,dominant,0.140631932523196,14,215,107,10,/project2/mstephens/wdenault/susie_mix/plot/one_cs_dominant/SERPINF2_Colon_add_vs_mix.png
INTU,Testis,dominant,plotted,Four-panel SuSiE / SuSiE-mix comparison created,1,L1,1,620,chr4_127639806_T_C_b38_T,chr4_127639806_T_C_b38_T,additive,0.193790440984036,31,Single credible-set lead,60,103,48,TRUE,Same lead SNP; coding change only: additive -> dominant,-277.55755448141,-277.214137955378,0.686833052065595,1,L1,1,2207,chr4_127639806_T_C_b38_T__dominant,chr4_127639806_T_C_b38_T,dominant,0.14211150171883,63,60,103,48,/project2/mstephens/wdenault/susie_mix/plot/one_cs_dominant/INTU_Testis_add_vs_mix.png
SLC41A3,Skin,dominant,plotted,Four-panel SuSiE / SuSiE-mix comparison created,1,L1,1,2252,chr3_126057595_G_A_b38_G,chr3_126057595_G_A_b38_G,additive,0.170850607909045,14,Single credible-set lead,236,235,51,FALSE,Different lead SNP; coding change: additive -> dominant,-718.100736772278,-717.665371561791,0.870730420973359,1,L1,1,9268,chr3_126051298_C_T_b38_C__dominant,chr3_126051298_C_T_b38_C,dominant,0.0951186639935748,23,236,236,50,/project2/mstephens/wdenault/susie_mix/plot/one_cs_dominant/SLC41A3_Skin_add_vs_mix.png
SLC41A3,Blood Vessel,dominant,plotted,Four-panel SuSiE / SuSiE-mix comparison created,1,L1,1,2280,chr3_126065001_G_T_b38_G,chr3_126065001_G_T_b38_G,additive,0.107678889685743,15,Single credible-set lead,202,200,48,FALSE,Different lead SNP; coding change: additive -> dominant,-620.662592251433,-620.033750162654,1.25768417755717,1,L1,1,9261,chr3_126068283_C_T_b38_C__dominant,chr3_126068283_C_T_b38_C,dominant,0.0573490654049177,29,195,198,57,/project2/mstephens/wdenault/susie_mix/plot/one_cs_dominant/SLC41A3_Blood_Vessel_add_vs_mix.png
CSGALNACT2,Testis,dominant,plotted,Four-panel SuSiE / SuSiE-mix comparison created,1,L1,1,1346,chr10_43114918_G_A_b38_G,chr10_43114918_G_A_b38_G,additive,0.0924365311921876,66,Single credible-set lead,144,59,8,TRUE,Same lead SNP; coding change only: additive -> dominant,-277.770560801145,-276.957170665487,1.62678027131528,1,L1,1,5267,chr10_43114918_G_A_b38_G__dominant,chr10_43114918_G_A_b38_G,dominant,0.0722838999480341,115,144,59,8,/project2/mstephens/wdenault/susie_mix/plot/one_cs_dominant/CSGALNACT2_Testis_add_vs_mix.png
BSND,Pituitary,dominant,plotted,Four-panel SuSiE / SuSiE-mix comparison created,1,L1,1,1385,chr1_54990763_C_T_b38_C,chr1_54990763_C_T_b38_C,additive,0.0604378935867627,22,Single credible-set lead,139,56,6,TRUE,Same lead SNP; coding change only: additive -> dominant,-262.179604218192,-262.089236487862,0.180735460660799,1,L1,1,5598,chr1_54990763_C_T_b38_C__dominant,chr1_54990763_C_T_b38_C,dominant,0.0337935763561664,44,139,56,6,/project2/mstephens/wdenault/susie_mix/plot/one_cs_dominant/BSND_Pituitary_add_vs_mix.png
CHRNG,Muscle,dominant,plotted,Four-panel SuSiE / SuSiE-mix comparison created,1,L1,1,1024,chr2_232537797_C_T_b38_C,chr2_232537797_C_T_b38_C,additive,0.261248519318683,10,Single credible-set lead,262,188,27,FALSE,Different lead SNP; coding change: additive -> dominant,-654.38120748563,-654.041162461086,0.680090049087312,1,L1,1,5036,chr2_232537398_C_T_b38_C__dominant,chr2_232537398_C_T_b38_C,dominant,0.122130986525567,19,265,187,25,/project2/mstephens/wdenault/susie_mix/plot/one_cs_dominant/CHRNG_Muscle_add_vs_mix.png
HLA-DRB1,Testis,dominant,plotted,Four-panel SuSiE / SuSiE-mix comparison created,1,L1,1,5057,chr6_32620208_A_G_b38_A,chr6_32620208_A_G_b38_A,additive,0.0371574488890669,103,Single credible-set lead,143,62,6,TRUE,Same lead SNP; coding change only: additive -> dominant,-277.391202769627,-277.281870539528,0.218664460198056,1,L1,1,24582,chr6_32620208_A_G_b38_A__dominant,chr6_32620208_A_G_b38_A,dominant,0.0176547362390362,190,143,62,6,/project2/mstephens/wdenault/susie_mix/plot/one_cs_dominant/HLA-DRB1_Testis_add_vs_mix.png
AHCYL2,Pancreas,dominant,plotted,Four-panel SuSiE / SuSiE-mix comparison created,1,L1,1,1080,chr7_129293651_C_A_b38_C,chr7_129293651_C_A_b38_C,additive,0.116680665187663,25,Single credible-set lead,106,66,8,FALSE,Different lead SNP; coding change: additive -> dominant,-233.053107441277,-232.355407746016,1.39539939052253,1,L1,1,3993,chr7_129274096_A_G_b38_A__dominant,chr7_129274096_A_G_b38_A,dominant,0.0876445352672904,47,108,61,11,/project2/mstephens/wdenault/susie_mix/plot/one_cs_dominant/AHCYL2_Pancreas_add_vs_mix.png
CAMK1D,Lung,dominant,plotted,Four-panel SuSiE / SuSiE-mix comparison created,1,L1,1,1091,chr10_12265895_C_T_b38_C,chr10_12265895_C_T_b38_C,additive,0.963648744217665,1,Single credible-set lead,207,98,18,TRUE,Same lead SNP; coding change only: additive -> dominant,-435.358155184487,-435.500285416584,-0.284260464195086,1,L1,1,6027,chr10_12265895_C_T_b38_C__dominant,chr10_12265895_C_T_b38_C,dominant,0.41484552105633,4,207,98,18,/project2/mstephens/wdenault/susie_mix/plot/one_cs_dominant/CAMK1D_Lung_add_vs_mix.png
CARD11,Testis,dominant,plotted,Four-panel SuSiE / SuSiE-mix comparison created,1,L1,1,1239,chr7_2943155_C_T_b38_C,chr7_2943155_C_T_b38_C,additive,0.43712104070794,4,Single credible-set lead,86,88,37,FALSE,Different lead SNP; coding change: additive -> dominant,-276.889633757409,-275.834457995564,2.11035152369186,1,L1,1,7315,chr7_2942824_G_C_b38_G__dominant,chr7_2942824_G_C_b38_G,dominant,0.380132579731307,8,91,88,32,/project2/mstephens/wdenault/susie_mix/plot/one_cs_dominant/CARD11_Testis_add_vs_mix.png
TDP1,Nerve,dominant,plotted,Four-panel SuSiE / SuSiE-mix comparison created,1,L1,1,1102,chr14_89999280_A_G_b38_A,chr14_89999280_A_G_b38_A,additive,0.241878945841596,8,Single credible-set lead,305,47,2,TRUE,Same lead SNP; coding change only: additive -> dominant,-480.003644159785,-479.7062504204,0.594787478769717,1,L1,1,4932,chr14_89999280_A_G_b38_A__dominant,chr14_89999280_A_G_b38_A,dominant,0.158792361081557,16,305,47,2,/project2/mstephens/wdenault/susie_mix/plot/one_cs_dominant/TDP1_Nerve_add_vs_mix.png
TDP1,Blood Vessel,dominant,plotted,Four-panel SuSiE / SuSiE-mix comparison created,1,L1,1,1102,chr14_89999280_A_G_b38_A,chr14_89999280_A_G_b38_A,additive,0.239353868904809,9,Single credible-set lead,392,57,1,TRUE,Same lead SNP; coding change only: additive -> dominant,-623.822499414818,-623.180197637169,1.2846035552966,1,L1,1,4974,chr14_89999280_A_G_b38_A__dominant,chr14_89999280_A_G_b38_A,dominant,0.179025528610209,18,392,57,1,/project2/mstephens/wdenault/susie_mix/plot/one_cs_dominant/TDP1_Blood_Vessel_add_vs_mix.png
DNASE2B,Prostate,dominant,plotted,Four-panel SuSiE / SuSiE-mix comparison created,1,L1,1,643,chr1_84406240_A_G_b38_A,chr1_84406240_A_G_b38_A,additive,0.122304135555599,22,Single credible-set lead,39,63,41,TRUE,Same lead SNP; coding change only: additive -> dominant,-180.381619006347,-179.073014404971,2.61720920275104,1,L1,1,3446,chr1_84406240_A_G_b38_A__dominant,chr1_84406240_A_G_b38_A,dominant,0.221661126894846,39,39,63,41,/project2/mstephens/wdenault/susie_mix/plot/one_cs_dominant/DNASE2B_Prostate_add_vs_mix.png
C12orf29,Muscle,dominant,plotted,Four-panel SuSiE / SuSiE-mix comparison created,1,L1,1,671,chr12_87997792_A_T_b38_A,chr12_87997792_A_T_b38_A,additive,0.223304669453805,6,Single credible-set lead,377,94,6,TRUE,Same lead SNP; coding change only: additive -> dominant,-654.142545435317,-653.376386019173,1.53231883228796,1,L1,1,2806,chr12_87997792_A_T_b38_A__dominant,chr12_87997792_A_T_b38_A,dominant,0.164141115386065,10,377,94,6,/project2/mstephens/wdenault/susie_mix/plot/one_cs_dominant/C12orf29_Muscle_add_vs_mix.png
KLRC3,Brain,dominant,plotted,Four-panel SuSiE / SuSiE-mix comparison created,1,L1,1,1552,chr12_10475429_T_A_b38_T,chr12_10475429_T_A_b38_T,additive,0.0898342127287111,32,Single credible-set lead,153,87,17,TRUE,Same lead SNP; coding change only: additive -> dominant,-342.561402392829,-341.596921073019,1.92896263962007,1,L1,1,6214,chr12_10475429_T_A_b38_T__dominant,chr12_10475429_T_A_b38_T,dominant,0.0887034477872308,49,153,87,17,/project2/mstephens/wdenault/susie_mix/plot/one_cs_dominant/KLRC3_Brain_add_vs_mix.png
LACTB,Adipose Tissue,dominant,plotted,Four-panel SuSiE / SuSiE-mix comparison created,1,L1,1,1227,chr15_63130573_T_C_b38_T,chr15_63130573_T_C_b38_T,additive,0.465480139267569,14,Single credible-set lead,137,221,112,TRUE,Same lead SNP; coding change only: additive -> dominant,-645.354644471551,-645.205094703004,0.299099537095117,1,L1,1,5007,chr15_63130573_T_C_b38_T__dominant,chr15_63130573_T_C_b38_T,dominant,0.293304583395642,42,137,221,112,/project2/mstephens/wdenault/susie_mix/plot/one_cs_dominant/LACTB_Adipose_Tissue_add_vs_mix.png
GLDC,Esophagus,dominant,plotted,Four-panel SuSiE / SuSiE-mix comparison created,1,L1,1,918,chr9_6622365_A_C_b38_A,chr9_6622365_A_C_b38_A,additive,0.466676433227675,3,Single credible-set lead,179,181,52,TRUE,Same lead SNP; coding change only: additive -> dominant,-562.127710136085,-560.786077992054,2.68326428806313,1,L1,1,6138,chr9_6622365_A_C_b38_A__dominant,chr9_6622365_A_C_b38_A,dominant,0.428732393252172,5,179,181,52,/project2/mstephens/wdenault/susie_mix/plot/one_cs_dominant/GLDC_Esophagus_add_vs_mix.png
DNM1,Spleen,dominant,plotted,Four-panel SuSiE / SuSiE-mix comparison created,1,L1,1,743,chr9_128211442_T_C_b38_T,chr9_128211442_T_C_b38_T,additive,0.822876367344919,4,Single credible-set lead,126,17,3,TRUE,Same lead SNP; coding change only: additive -> dominant,-184.467017735661,-184.164660424225,0.604714622872677,1,L1,1,2712,chr9_128211442_T_C_b38_T__dominant,chr9_128211442_T_C_b38_T,dominant,0.487282965380932,4,126,17,3,/project2/mstephens/wdenault/susie_mix/plot/one_cs_dominant/DNM1_Spleen_add_vs_mix.png
DNM1,Liver,dominant,plotted,Four-panel SuSiE / SuSiE-mix comparison created,1,L1,1,894,chr9_128318593_C_T_b38_C,chr9_128318593_C_T_b38_C,additive,0.411419042509785,7,Single credible-set lead,118,20,2,TRUE,Same lead SNP; coding change only: additive -> dominant,-180.107486751477,-179.096985064673,2.02100337360764,1,L1,1,2794,chr9_128318593_C_T_b38_C__dominant,chr9_128318593_C_T_b38_C,dominant,0.330831297150462,11,118,20,2,/project2/mstephens/wdenault/susie_mix/plot/one_cs_dominant/DNM1_Liver_add_vs_mix.png
GTF2I,Nerve,dominant,plotted,Four-panel SuSiE / SuSiE-mix comparison created,1,L1,1,729,chr7_74720592_C_T_b38_C,chr7_74720592_C_T_b38_C,additive,0.399606762971784,9,Single credible-set lead,255,85,14,TRUE,Same lead SNP; coding change only: additive -> dominant,-480.238848549584,-478.813580624455,2.85053585025844,1,L1,1,2452,chr7_74720592_C_T_b38_C__dominant,chr7_74720592_C_T_b38_C,dominant,0.57531516727801,10,255,85,14,/project2/mstephens/wdenault/susie_mix/plot/one_cs_dominant/GTF2I_Nerve_add_vs_mix.png
GTF2I,Adipose Tissue,dominant,plotted,Four-panel SuSiE / SuSiE-mix comparison created,1,L1,1,734,chr7_74726591_C_G_b38_C,chr7_74726591_C_G_b38_C,additive,0.13091413209372,34,Single credible-set lead,283,160,27,FALSE,Different lead SNP; coding change: additive -> dominant,-646.743181086156,-646.838810728643,-0.191259284973967,1,L1,1,2495,chr7_74720592_C_T_b38_C__dominant,chr7_74720592_C_T_b38_C,dominant,0.106924860717184,62,332,119,19,/project2/mstephens/wdenault/susie_mix/plot/one_cs_dominant/GTF2I_Adipose_Tissue_add_vs_mix.png
GTF2I,Skin,dominant,plotted,Four-panel SuSiE / SuSiE-mix comparison created,1,L1,1,684,chr7_74673141_T_C_b38_T,chr7_74673141_T_C_b38_T,additive,0.218919023733144,15,Single credible-set lead,345,155,22,FALSE,Different lead SNP; coding change: additive -> dominant,-725.606389428633,-723.251353049958,4.71007275734996,1,L1,1,2495,chr7_74693042_A_G_b38_A__dominant,chr7_74693042_A_G_b38_A,dominant,0.296457410944931,11,345,156,21,/project2/mstephens/wdenault/susie_mix/plot/one_cs_dominant/GTF2I_Skin_add_vs_mix.png
PLGLB1,Liver,dominant,plotted,Four-panel SuSiE / SuSiE-mix comparison created,1,L1,1,550,chr2_86892988_C_T_b38_C,chr2_86892988_C_T_b38_C,additive,0.206854288323275,7,Single credible-set lead,74,52,14,TRUE,Same lead SNP; coding change only: additive -> dominant,-175.869056222235,-175.802909579144,0.132293286181266,1,L1,1,2490,chr2_86892988_C_T_b38_C__dominant,chr2_86892988_C_T_b38_C,dominant,0.155061478872588,14,74,52,14,/project2/mstephens/wdenault/susie_mix/plot/one_cs_dominant/PLGLB1_Liver_add_vs_mix.png
AMPD1,Muscle,dominant,plotted,Four-panel SuSiE / SuSiE-mix comparison created,1,L1,1,888,chr1_114693436_G_A_b38_G,chr1_114693436_G_A_b38_G,additive,0.886085127779313,2,Single credible-set lead,385,85,7,TRUE,Same lead SNP; coding change only: additive -> dominant,-654.217838693722,-654.066337462961,0.303002461523192,1,L1,1,3996,chr1_114693436_G_A_b38_G__dominant,chr1_114693436_G_A_b38_G,dominant,0.503852029923045,3,385,85,7,/project2/mstephens/wdenault/susie_mix/plot/one_cs_dominant/AMPD1_Muscle_add_vs_mix.png
GMPPB,Adipose Tissue,dominant,plotted,Four-panel SuSiE / SuSiE-mix comparison created,1,L1,1,554,chr3_49731986_G_C_b38_G,chr3_49731986_G_C_b38_G,additive,0.535212232323248,3,Single credible-set lead,334,119,17,TRUE,Same lead SNP; coding change only: additive -> dominant,-644.594873537743,-644.132478880831,0.924789313825613,1,L1,1,2634,chr3_49731986_G_C_b38_G__dominant,chr3_49731986_G_C_b38_G,dominant,0.368375433909745,6,334,119,17,/project2/mstephens/wdenault/susie_mix/plot/one_cs_dominant/GMPPB_Adipose_Tissue_add_vs_mix.png
GMPPB,Colon,dominant,plotted,Four-panel SuSiE / SuSiE-mix comparison created,1,L1,1,429,chr3_49624201_C_T_b38_C,chr3_49624201_C_T_b38_C,additive,0.173659415086102,45,Single credible-set lead,240,82,10,TRUE,Same lead SNP; coding change only: additive -> dominant,-455.377940028109,-454.557307767777,1.64126452066296,1,L1,1,2464,chr3_49624201_C_T_b38_C__dominant,chr3_49624201_C_T_b38_C,dominant,0.155159805344438,90,240,82,10,/project2/mstephens/wdenault/susie_mix/plot/one_cs_dominant/GMPPB_Colon_add_vs_mix.png
TADA2A,Skin,dominant,plotted,Four-panel SuSiE / SuSiE-mix comparison created,1,L1,1,650,chr17_37485474_A_G_b38_A,chr17_37485474_A_G_b38_A,additive,0.140282982682035,42,Single credible-set lead,236,227,59,FALSE,Different lead SNP; coding change: additive -> dominant,-719.583705026846,-715.582893123708,8.00162380627603,1,L1,1,3385,chr17_37514090_A_G_b38_A__dominant,chr17_37514090_A_G_b38_A,dominant,0.0595505763558458,43,236,228,58,/project2/mstephens/wdenault/susie_mix/plot/one_cs_dominant/TADA2A_Skin_add_vs_mix.png
ZSWIM7,Blood Vessel,dominant,plotted,Four-panel SuSiE / SuSiE-mix comparison created,1,L1,1,1025,chr17_15976596_C_T_b38_C,chr17_15976596_C_T_b38_C,additive,0.154365683195082,37,Single credible-set lead,152,212,86,TRUE,Same lead SNP; coding change only: additive -> dominant,-617.116006139998,-614.842136068,4.54774014399641,1,L1,1,4190,chr17_15976596_C_T_b38_C__dominant,chr17_15976596_C_T_b38_C,dominant,0.154775484317183,24,152,212,86,/project2/mstephens/wdenault/susie_mix/plot/one_cs_dominant/ZSWIM7_Blood_Vessel_add_vs_mix.png
TDGF1,Ovary,dominant,plotted,Four-panel SuSiE / SuSiE-mix comparison created,1,L1,1,1400,chr3_46575847_G_A_b38_G,chr3_46575847_G_A_b38_G,additive,0.262862876948623,5,Single credible-set lead,46,50,10,TRUE,Same lead SNP; coding change only: additive -> dominant,-127.437565167965,-122.158632465083,10.5578654057643,1,L1,1,4576,chr3_46575847_G_A_b38_G__dominant,chr3_46575847_G_A_b38_G,dominant,0.277044623769282,6,46,50,10,/project2/mstephens/wdenault/susie_mix/plot/one_cs_dominant/TDGF1_Ovary_add_vs_mix.png
TM7SF3,Thyroid,dominant,plotted,Four-panel SuSiE / SuSiE-mix comparison created,1,L1,1,1114,chr12_26950516_G_A_b38_G,chr12_26950516_G_A_b38_G,additive,0.499199678985972,2,Single credible-set lead,323,63,4,TRUE,Same lead SNP; coding change only: additive -> dominant,-530.596597934982,-530.441130932302,0.310934005359968,1,L1,1,5410,chr12_26950516_G_A_b38_G__dominant,chr12_26950516_G_A_b38_G,dominant,0.282523549218238,4,323,63,4,/project2/mstephens/wdenault/susie_mix/plot/one_cs_dominant/TM7SF3_Thyroid_add_vs_mix.png
TM7SF3,Colon,dominant,plotted,Four-panel SuSiE / SuSiE-mix comparison created,1,L1,1,1114,chr12_26950516_G_A_b38_G,chr12_26950516_G_A_b38_G,additive,0.496083593862817,2,Single credible-set lead,272,56,4,TRUE,Same lead SNP; coding change only: additive -> dominant,-453.674287207673,-451.99578075608,3.35701290318548,1,L1,1,5275,chr12_26950516_G_A_b38_G__dominant,chr12_26950516_G_A_b38_G,dominant,0.431877445893659,4,272,56,4,/project2/mstephens/wdenault/susie_mix/plot/one_cs_dominant/TM7SF3_Colon_add_vs_mix.png
PSMD13,Testis,dominant,plotted,Four-panel SuSiE / SuSiE-mix comparison created,1,L1,1,197,chr11_236811_G_A_b38_G,chr11_236811_G_A_b38_G,additive,0.0506703858314892,43,Single credible-set lead,128,76,7,TRUE,Same lead SNP; coding change only: additive -> dominant,-277.345150291463,-276.540105524713,1.61008953350154,1,L1,1,3270,chr11_236811_G_A_b38_G__dominant,chr11_236811_G_A_b38_G,dominant,0.0420335785367582,81,128,76,7,/project2/mstephens/wdenault/susie_mix/plot/one_cs_dominant/PSMD13_Testis_add_vs_mix.png
ZNF682,Stomach,dominant,plotted,Four-panel SuSiE / SuSiE-mix comparison created,1,L1,1,775,chr19_19975461_T_C_b38_T,chr19_19975461_T_C_b38_T,additive,0.139524583277102,20,Single credible-set lead,80,81,28,FALSE,Different lead SNP; coding change: additive -> dominant,-245.909179931966,-244.222743971818,3.37287192029589,1,L1,1,4211,chr19_19974589_C_A_b38_C__dominant,chr19_19974589_C_A_b38_C,dominant,0.131670159233453,14,81,80,28,/project2/mstephens/wdenault/susie_mix/plot/one_cs_dominant/ZNF682_Stomach_add_vs_mix.png
RYBP,Blood,dominant,plotted,Four-panel SuSiE / SuSiE-mix comparison created,1,L1,1,1274,chr3_72455503_A_G_b38_A,chr3_72455503_A_G_b38_A,additive,0.488143502473365,6,Single credible-set lead,183,191,61,TRUE,Same lead SNP; coding change only: additive -> dominant,-595.563703096449,-591.171310275801,8.78478564129659,1,L1,1,5103,chr3_72455503_A_G_b38_A__dominant,chr3_72455503_A_G_b38_A,dominant,0.720076408025722,6,183,191,61,/project2/mstephens/wdenault/susie_mix/plot/one_cs_dominant/RYBP_Blood_add_vs_mix.png
CC2D1A,Testis,dominant,plotted,Four-panel SuSiE / SuSiE-mix comparison created,1,L1,1,991,chr19_13877602_A_G_b38_A,chr19_13877602_A_G_b38_A,additive,0.151355574506912,24,Single credible-set lead,121,70,20,FALSE,Different lead SNP; coding change: additive -> dominant,-277.789375084787,-277.57475879166,0.429232586255012,1,L1,1,4424,chr19_13918456_A_C_b38_A__dominant,chr19_13918456_A_C_b38_A,dominant,0.121004302080314,38,125,63,23,/project2/mstephens/wdenault/susie_mix/plot/one_cs_dominant/CC2D1A_Testis_add_vs_mix.png
ZNF561,Skin,dominant,plotted,Four-panel SuSiE / SuSiE-mix comparison created,1,L1,1,1679,chr19_9800956_C_A_b38_C,chr19_9800956_C_A_b38_C,additive,0.0432902124207828,111,Single credible-set lead,376,135,11,TRUE,Same lead SNP; coding change only: additive -> dominant,-719.996390936743,-719.842939383856,0.306903105774381,1,L1,1,6292,chr19_9800956_C_A_b38_C__dominant,chr19_9800956_C_A_b38_C,dominant,0.0449895666025778,219,376,135,11,/project2/mstephens/wdenault/susie_mix/plot/one_cs_dominant/ZNF561_Skin_add_vs_mix.png
POLR1B,Skin,dominant,plotted,Four-panel SuSiE / SuSiE-mix comparison created,1,L1,1,667,chr2_112549989_A_G_b38_A,chr2_112549989_A_G_b38_A,additive,0.0713973824683273,19,Single credible-set lead,402,111,9,FALSE,Different lead SNP; coding change: additive -> dominant,-718.510377116059,-718.256476026516,0.507802179086411,1,L1,1,3825,chr2_112544150_G_A_b38_G__dominant,chr2_112544150_G_A_b38_G,dominant,0.0418602243969487,34,402,110,10,/project2/mstephens/wdenault/susie_mix/plot/one_cs_dominant/POLR1B_Skin_add_vs_mix.png
POLR1B,Esophagus,dominant,plotted,Four-panel SuSiE / SuSiE-mix comparison created,1,L1,1,648,chr2_112544150_G_A_b38_G,chr2_112544150_G_A_b38_G,additive,0.0819889526204398,13,Single credible-set lead,319,88,5,TRUE,Same lead SNP; coding change only: additive -> dominant,-565.730066816122,-565.641540901572,0.177051829098446,1,L1,1,3699,chr2_112544150_G_A_b38_G__dominant,chr2_112544150_G_A_b38_G,dominant,0.0445258548380001,24,319,88,5,/project2/mstephens/wdenault/susie_mix/plot/one_cs_dominant/POLR1B_Esophagus_add_vs_mix.png
POLR1B,Liver,dominant,plotted,Four-panel SuSiE / SuSiE-mix comparison created,1,L1,1,636,chr2_112539293_C_T_b38_C,chr2_112539293_C_T_b38_C,additive,0.112072281115176,18,Single credible-set lead,111,27,2,TRUE,Same lead SNP; coding change only: additive -> dominant,-183.611590932685,-183.663258432799,-0.103335000229606,1,L1,1,3409,chr2_112539293_C_T_b38_C__dominant,chr2_112539293_C_T_b38_C,dominant,0.0658743600182618,35,111,27,2,/project2/mstephens/wdenault/susie_mix/plot/one_cs_dominant/POLR1B_Liver_add_vs_mix.png
ZSCAN31,Heart,dominant,plotted,Four-panel SuSiE / SuSiE-mix comparison created,1,L1,1,847,chr6_28354216_T_C_b38_T,chr6_28354216_T_C_b38_T,additive,0.293432451545193,54,Single credible-set lead,114,148,69,TRUE,Same lead SNP; coding change only: additive -> dominant,-449.256772763191,-448.920020196299,0.673505133783237,1,L1,1,3974,chr6_28354216_T_C_b38_T__dominant,chr6_28354216_T_C_b38_T,dominant,0.246220593054216,101,114,148,69,/project2/mstephens/wdenault/susie_mix/plot/one_cs_dominant/ZSCAN31_Heart_add_vs_mix.png
ZNF780A,Blood Vessel,dominant,plotted,Four-panel SuSiE / SuSiE-mix comparison created,2,L1,1,975,chr19_40088638_C_T_b38_C,chr19_40088638_C_T_b38_C,additive,0.128316841351834,23,Highest-PIP credible-set lead,411,36,3,TRUE,Same lead SNP; coding change only: additive -> dominant,-612.166712884718,-615.246879201651,-6.16033263386476,1,L1,1,4293,chr19_40088638_C_T_b38_C__dominant,chr19_40088638_C_T_b38_C,dominant,0.121633571386432,37,411,36,3,/project2/mstephens/wdenault/susie_mix/plot/one_cs_dominant/ZNF780A_Blood_Vessel_add_vs_mix.png
CNGA1,Colon,dominant,plotted,Four-panel SuSiE / SuSiE-mix comparison created,1,L1,1,750,chr4_47858375_C_T_b38_C,chr4_47858375_C_T_b38_C,additive,0.040729510238818,33,Single credible-set lead,184,121,27,FALSE,Different lead SNP; coding change: additive -> dominant,-448.674654130057,-445.204775123848,6.93975801241709,1,L1,1,4840,chr4_47837912_C_T_b38_C__dominant,chr4_47837912_C_T_b38_C,dominant,0.105606047726541,27,185,119,28,/project2/mstephens/wdenault/susie_mix/plot/one_cs_dominant/CNGA1_Colon_add_vs_mix.png
TENM4,Thyroid,dominant,plotted,Four-panel SuSiE / SuSiE-mix comparison created,1,L1,1,587,chr11_79222024_A_G_b38_A,chr11_79222024_A_G_b38_A,additive,0.99994940374564,1,Single credible-set lead,302,78,10,TRUE,Same lead SNP; coding change only: additive -> dominant,-530.879216454217,-530.469035142348,0.820362623739584,1,L1,1,4575,chr11_79222024_A_G_b38_A__dominant,chr11_79222024_A_G_b38_A,dominant,0.651497468986776,2,302,78,10,/project2/mstephens/wdenault/susie_mix/plot/one_cs_dominant/TENM4_Thyroid_add_vs_mix.png
PRSS22,Thyroid,dominant,plotted,Four-panel SuSiE / SuSiE-mix comparison created,1,L1,1,494,chr16_2853067_A_C_b38_A,chr16_2853067_A_C_b38_A,additive,0.205528182613977,9,Single credible-set lead,209,148,33,FALSE,Different lead SNP; coding change: additive -> dominant,-531.576513691341,-530.570195511509,2.01263635966257,1,L1,1,3706,chr16_2864788_T_C_b38_T__dominant,chr16_2864788_T_C_b38_T,dominant,0.104740500811335,18,212,146,32,/project2/mstephens/wdenault/susie_mix/plot/one_cs_dominant/PRSS22_Thyroid_add_vs_mix.png
RBPMS2,Blood,dominant,plotted,Four-panel SuSiE / SuSiE-mix comparison created,1,L1,1,321,chr15_64578217_C_T_b38_C,chr15_64578217_C_T_b38_C,additive,0.0615031754138059,37,Single credible-set lead,387,46,2,FALSE,Different lead SNP; coding change: additive -> dominant,-595.694633409017,-595.611635069782,0.165996678470719,1,L1,1,2591,chr15_64735863_T_G_b38_T__dominant,chr15_64735863_T_G_b38_T,dominant,0.0316443635914582,73,391,43,1,/project2/mstephens/wdenault/susie_mix/plot/one_cs_dominant/RBPMS2_Blood_add_vs_mix.png
SLC44A3,Liver,dominant,plotted,Four-panel SuSiE / SuSiE-mix comparison created,1,L1,1,925,chr1_94812684_G_A_b38_G,chr1_94812684_G_A_b38_G,additive,0.0901819934255853,37,Single credible-set lead,49,64,27,FALSE,Different lead SNP; coding change: additive -> dominant,-177.103605489119,-174.334567946151,5.53807508593673,1,L1,1,4229,chr1_94811135_C_T_b38_C__dominant,chr1_94811135_C_T_b38_C,dominant,0.110358775491364,36,49,64,27,/project2/mstephens/wdenault/susie_mix/plot/one_cs_dominant/SLC44A3_Liver_add_vs_mix.png
SPAG7,Adipose Tissue,dominant,plotted,Four-panel SuSiE / SuSiE-mix comparison created,1,L1,1,1212,chr17_4967598_G_A_b38_G,chr17_4967598_G_A_b38_G,additive,0.234242311549568,8,Single credible-set lead,406,58,6,TRUE,Same lead SNP; coding change only: additive -> dominant,-644.894565501893,-644.464377171356,0.860376661075406,1,L1,1,5486,chr17_4967598_G_A_b38_G__dominant,chr17_4967598_G_A_b38_G,dominant,0.15449505068372,13,406,58,6,/project2/mstephens/wdenault/susie_mix/plot/one_cs_dominant/SPAG7_Adipose_Tissue_add_vs_mix.png
SPAG7,Esophagus,dominant,plotted,Four-panel SuSiE / SuSiE-mix comparison created,1,L1,1,1206,chr17_4962633_G_A_b38_G,chr17_4962633_G_A_b38_G,additive,0.141394626122111,23,Single credible-set lead,357,49,6,TRUE,Same lead SNP; coding change only: additive -> dominant,-569.789106029814,-569.690939571024,0.196332917580548,1,L1,1,5444,chr17_4962633_G_A_b38_G__dominant,chr17_4962633_G_A_b38_G,dominant,0.0779982470267094,46,357,49,6,/project2/mstephens/wdenault/susie_mix/plot/one_cs_dominant/SPAG7_Esophagus_add_vs_mix.png
UBASH3B,Testis,dominant,plotted,Four-panel SuSiE / SuSiE-mix comparison created,1,L1,1,879,chr11_122654259_A_G_b38_A,chr11_122654259_A_G_b38_A,additive,0.977155224377677,1,Single credible-set lead,159,51,1,TRUE,Same lead SNP; coding change only: additive -> dominant,-277.003944877018,-275.989244613678,2.02940052667964,1,L1,1,4435,chr11_122654259_A_G_b38_A__dominant,chr11_122654259_A_G_b38_A,dominant,0.763069542691134,2,159,51,1,/project2/mstephens/wdenault/susie_mix/plot/one_cs_dominant/UBASH3B_Testis_add_vs_mix.png
TF,Pancreas,dominant,plotted,Four-panel SuSiE / SuSiE-mix comparison created,1,L1,1,1175,chr3_133744613_G_A_b38_G,chr3_133744613_G_A_b38_G,additive,0.197710154110587,17,Single credible-set lead,48,91,41,TRUE,Same lead SNP; coding change only: additive -> dominant,-233.905951358244,-232.448690912025,2.9145208924383,1,L1,1,5030,chr3_133744613_G_A_b38_G__dominant,chr3_133744613_G_A_b38_G,dominant,0.279812314426898,31,48,91,41,/project2/mstephens/wdenault/susie_mix/plot/one_cs_dominant/TF_Pancreas_add_vs_mix.png
CMBL,Blood,dominant,plotted,Four-panel SuSiE / SuSiE-mix comparison created,1,L1,1,1370,chr5_10286630_C_T_b38_C,chr5_10286630_C_T_b38_C,additive,0.69538068483725,2,Single credible-set lead,251,152,32,TRUE,Same lead SNP; coding change only: additive -> dominant,-595.107604101003,-592.859364114657,4.4964799726913,1,L1,1,5957,chr5_10286630_C_T_b38_C__dominant,chr5_10286630_C_T_b38_C,dominant,0.602740934709851,3,251,152,32,/project2/mstephens/wdenault/susie_mix/plot/one_cs_dominant/CMBL_Blood_add_vs_mix.png
CHCHD4,Muscle,dominant,plotted,Four-panel SuSiE / SuSiE-mix comparison created,1,L1,1,1090,chr3_14116720_G_A_b38_G,chr3_14116720_G_A_b38_G,additive,0.625659560978572,9,Single credible-set lead,126,224,127,TRUE,Same lead SNP; coding change only: additive -> dominant,-655.610244350195,-653.401192051895,4.41810459659973,1,L1,1,5721,chr3_14116720_G_A_b38_G__dominant,chr3_14116720_G_A_b38_G,dominant,0.790391075562325,5,126,224,127,/project2/mstephens/wdenault/susie_mix/plot/one_cs_dominant/CHCHD4_Muscle_add_vs_mix.png
IBA57,Blood,dominant,plotted,Four-panel SuSiE / SuSiE-mix comparison created,1,L1,1,957,chr1_228198673_C_T_b38_C,chr1_228198673_C_T_b38_C,additive,0.407040127475473,19,Single credible-set lead,187,183,65,FALSE,Different lead SNP; coding change: additive -> dominant,-596.086899358688,-596.162559406453,-0.151320095530082,1,L1,1,3685,chr1_228138673_C_T_b38_C__dominant,chr1_228138673_C_T_b38_C,dominant,0.16659226963371,30,197,184,54,/project2/mstephens/wdenault/susie_mix/plot/one_cs_dominant/IBA57_Blood_add_vs_mix.png
A1BG,Blood Vessel,dominant,plotted,Four-panel SuSiE / SuSiE-mix comparison created,1,L1,1,1154,chr19_58329124_C_T_b38_C,chr19_58329124_C_T_b38_C,additive,0.313219576792604,34,Single credible-set lead,386,59,5,TRUE,Same lead SNP; coding change only: additive -> dominant,-618.048349486693,-616.756881026955,2.58293691947733,1,L1,1,4211,chr19_58329124_C_T_b38_C__dominant,chr19_58329124_C_T_b38_C,dominant,0.25859190184582,57,386,59,5,/project2/mstephens/wdenault/susie_mix/plot/one_cs_dominant/A1BG_Blood_Vessel_add_vs_mix.png
CASP3,Testis,dominant,plotted,Four-panel SuSiE / SuSiE-mix comparison created,1,L1,1,1297,chr4_184636131_T_C_b38_T,chr4_184636131_T_C_b38_T,additive,0.23624967984855,11,Single credible-set lead,57,99,55,FALSE,Different lead SNP; coding change: additive -> dominant,-277.853257730818,-277.554961736449,0.596591988738965,1,L1,1,6682,chr4_184648878_C_A_b38_C__dominant,chr4_184648878_C_A_b38_C,dominant,0.247078251073116,11,65,102,44,/project2/mstephens/wdenault/susie_mix/plot/one_cs_dominant/CASP3_Testis_add_vs_mix.png
NSG1,Blood,dominant,plotted,Four-panel SuSiE / SuSiE-mix comparison created,1,L1,1,2633,chr4_4348631_G_A_b38_G,chr4_4348631_G_A_b38_G,additive,0.554292356565505,5,Single credible-set lead,150,201,84,TRUE,Same lead SNP; coding change only: additive -> dominant,-595.818626912947,-593.243118549327,5.15101672724063,1,L1,1,9890,chr4_4348631_G_A_b38_G__dominant,chr4_4348631_G_A_b38_G,dominant,0.583295910980218,7,150,201,84,/project2/mstephens/wdenault/susie_mix/plot/one_cs_dominant/NSG1_Blood_add_vs_mix.png
CNIH4,Nerve,dominant,plotted,Four-panel SuSiE / SuSiE-mix comparison created,1,L1,1,952,chr1_224356827_A_G_b38_A,chr1_224356827_A_G_b38_A,additive,0.041267048929517,71,Single credible-set lead,190,138,26,TRUE,Same lead SNP; coding change only: additive -> dominant,-480.97820097003,-479.65482625806,2.64674942394083,1,L1,1,4209,chr1_224356827_A_G_b38_A__dominant,chr1_224356827_A_G_b38_A,dominant,0.0365584337213297,112,190,138,26,/project2/mstephens/wdenault/susie_mix/plot/one_cs_dominant/CNIH4_Nerve_add_vs_mix.png
DHX8,Skin,dominant,plotted,Four-panel SuSiE / SuSiE-mix comparison created,1,L1,1,558,chr17_43391878_G_A_b38_G,chr17_43391878_G_A_b38_G,additive,0.670381523628492,8,Single credible-set lead,309,189,24,TRUE,Same lead SNP; coding change only: additive -> dominant,-719.285656312669,-719.228972239434,0.113368146470748,1,L1,1,3665,chr17_43391878_G_A_b38_G__dominant,chr17_43391878_G_A_b38_G,dominant,0.364204461576112,17,309,189,24,/project2/mstephens/wdenault/susie_mix/plot/one_cs_dominant/DHX8_Skin_add_vs_mix.png
FLT3,Pancreas,dominant,plotted,Four-panel SuSiE / SuSiE-mix comparison created,1,L1,1,1537,chr13_28074765_C_T_b38_C,chr13_28074765_C_T_b38_C,additive,0.0546544883136998,19,Single credible-set lead,111,63,6,TRUE,Same lead SNP; coding change only: additive -> dominant,-233.167424292386,-231.632884725294,3.06907913418411,1,L1,1,5610,chr13_28074765_C_T_b38_C__dominant,chr13_28074765_C_T_b38_C,dominant,0.0448382714223031,34,111,63,6,/project2/mstephens/wdenault/susie_mix/plot/one_cs_dominant/FLT3_Pancreas_add_vs_mix.png
PIGB,Esophagus,dominant,plotted,Four-panel SuSiE / SuSiE-mix comparison created,1,L1,1,1391,chr15_55324032_T_C_b38_T,chr15_55324032_T_C_b38_T,additive,0.0627261247834164,28,Single credible-set lead,168,176,68,TRUE,Same lead SNP; coding change only: additive -> dominant,-563.019893908259,-563.003201546252,0.0333847240142404,1,L1,1,6055,chr15_55324032_T_C_b38_T__dominant,chr15_55324032_T_C_b38_T,dominant,0.036230376364081,53,168,176,68,/project2/mstephens/wdenault/susie_mix/plot/one_cs_dominant/PIGB_Esophagus_add_vs_mix.png
ZNF143,Thyroid,dominant,plotted,Four-panel SuSiE / SuSiE-mix comparison created,1,L1,1,1012,chr11_9460054_G_C_b38_G,chr11_9460054_G_C_b38_G,additive,0.0323408026624301,51,Single credible-set lead,337,52,1,FALSE,Different lead SNP; coding change: additive -> dominant,-531.71056743807,-531.543976046654,0.333182782832409,1,L1,1,4965,chr11_9489808_A_G_b38_A__dominant,chr11_9489808_A_G_b38_A,dominant,0.0304510302758269,101,336,52,2,/project2/mstephens/wdenault/susie_mix/plot/one_cs_dominant/ZNF143_Thyroid_add_vs_mix.png
CEP63,Muscle,dominant,plotted,Four-panel SuSiE / SuSiE-mix comparison created,1,L1,1,981,chr3_134491114_A_G_b38_A,chr3_134491114_A_G_b38_A,additive,0.14831981338185,88,Single credible-set lead,287,161,29,FALSE,Different lead SNP; coding change: additive -> dominant,-656.22512329883,-656.084734773571,0.280777050517372,1,L1,1,5344,chr3_134655381_G_A_b38_G__dominant,chr3_134655381_G_A_b38_G,dominant,0.102907180743073,99,167,237,73,/project2/mstephens/wdenault/susie_mix/plot/one_cs_dominant/CEP63_Muscle_add_vs_mix.png
CEP63,Breast,dominant,plotted,Four-panel SuSiE / SuSiE-mix comparison created,1,L1,1,1243,chr3_134617253_A_T_b38_A,chr3_134617253_A_T_b38_A,additive,0.162032331944584,130,Single credible-set lead,111,125,33,FALSE,Different lead SNP; coding change: additive -> dominant,-366.181977065055,-362.565432866297,7.23308839751576,1,L1,1,5144,chr3_134615671_G_A_b38_G__dominant,chr3_134615671_G_A_b38_G,dominant,0.0902752474566789,94,112,122,35,/project2/mstephens/wdenault/susie_mix/plot/one_cs_dominant/CEP63_Breast_add_vs_mix.png
NLRC3,Muscle,dominant,plotted,Four-panel SuSiE / SuSiE-mix comparison created,1,L1,1,1100,chr16_3584745_C_A_b38_C,chr16_3584745_C_A_b38_C,additive,0.951064053636315,1,Single credible-set lead,359,115,3,TRUE,Same lead SNP; coding change only: additive -> dominant,-654.909654255904,-653.831029188992,2.15725013382371,1,L1,1,4378,chr16_3584745_C_A_b38_C__dominant,chr16_3584745_C_A_b38_C,dominant,0.760165342768246,2,359,115,3,/project2/mstephens/wdenault/susie_mix/plot/one_cs_dominant/NLRC3_Muscle_add_vs_mix.png
C1orf112,Thyroid,dominant,plotted,Four-panel SuSiE / SuSiE-mix comparison created,1,L1,1,1902,chr1_169829604_C_G_b38_C,chr1_169829604_C_G_b38_C,additive,0.178929931058304,15,Single credible-set lead,218,146,26,TRUE,Same lead SNP; coding change only: additive -> dominant,-532.221830391159,-532.155437976189,0.132784829938828,1,L1,1,6202,chr1_169829604_C_G_b38_C__dominant,chr1_169829604_C_G_b38_C,dominant,0.130524863552762,27,218,146,26,/project2/mstephens/wdenault/susie_mix/plot/one_cs_dominant/C1orf112_Thyroid_add_vs_mix.png
HAUS4,Lung,dominant,plotted,Four-panel SuSiE / SuSiE-mix comparison created,1,L1,1,1458,chr14_22929781_T_G_b38_T,chr14_22929781_T_G_b38_T,additive,0.0507650709746041,60,Single credible-set lead,103,150,70,FALSE,Different lead SNP; coding change: additive -> dominant,-437.061108592978,-436.735243182026,0.651730821902675,1,L1,1,5562,chr14_22906882_C_T_b38_C__dominant,chr14_22906882_C_T_b38_C,dominant,0.02528038285282,105,118,155,50,/project2/mstephens/wdenault/susie_mix/plot/one_cs_dominant/HAUS4_Lung_add_vs_mix.png
ITPA,Adipose Tissue,dominant,plotted,Four-panel SuSiE / SuSiE-mix comparison created,1,L1,1,997,chr20_3213247_A_C_b38_A,chr20_3213247_A_C_b38_A,additive,0.181943934678391,109,Single credible-set lead,373,88,9,TRUE,Same lead SNP; coding change only: additive -> dominant,-646.852975513873,-645.165372651031,3.37520572568383,1,L1,1,4890,chr20_3213247_A_C_b38_A__dominant,chr20_3213247_A_C_b38_A,dominant,0.281244041441569,66,373,88,9,/project2/mstephens/wdenault/susie_mix/plot/one_cs_dominant/ITPA_Adipose_Tissue_add_vs_mix.png
ITPA,Nerve,dominant,plotted,Four-panel SuSiE / SuSiE-mix comparison created,1,L1,1,908,chr20_3188331_G_A_b38_G,chr20_3188331_G_A_b38_G,additive,0.197174249231199,20,Single credible-set lead,293,59,2,FALSE,Different lead SNP; coding change: additive -> dominant,-487.29218244202,-486.209020453106,2.16632397782882,1,L1,1,4749,chr20_3203925_T_C_b38_T__dominant,chr20_3203925_T_C_b38_T,dominant,0.248590068471362,35,275,74,5,/project2/mstephens/wdenault/susie_mix/plot/one_cs_dominant/ITPA_Nerve_add_vs_mix.png
SAAL1,Blood Vessel,dominant,plotted,Four-panel SuSiE / SuSiE-mix comparison created,1,L1,1,855,chr11_18099992_G_A_b38_G,chr11_18099992_G_A_b38_G,additive,0.0692319382716456,16,Single credible-set lead,267,164,19,TRUE,Same lead SNP; coding change only: additive -> dominant,-616.708798015246,-616.35391133144,0.709773367611433,1,L1,1,5015,chr11_18099992_G_A_b38_G__dominant,chr11_18099992_G_A_b38_G,dominant,0.0457634139982522,32,267,164,19,/project2/mstephens/wdenault/susie_mix/plot/one_cs_dominant/SAAL1_Blood_Vessel_add_vs_mix.png
ZNF419,Nerve,dominant,plotted,Four-panel SuSiE / SuSiE-mix comparison created,1,L1,1,1420,chr19_57491207_G_C_b38_G,chr19_57491207_G_C_b38_G,additive,0.108022242245236,30,Single credible-set lead,153,165,36,FALSE,Different lead SNP; coding change: additive -> dominant,-480.9357621316,-479.934725879837,2.00207250352651,1,L1,1,5924,chr19_57490144_T_A_b38_T__dominant,chr19_57490144_T_A_b38_T,dominant,0.0824857956060996,22,153,166,35,/project2/mstephens/wdenault/susie_mix/plot/one_cs_dominant/ZNF419_Nerve_add_vs_mix.png
APOBEC3D,Nerve,dominant,plotted,Four-panel SuSiE / SuSiE-mix comparison created,1,L1,1,819,chr22_39024088_A_G_b38_A,chr22_39024088_A_G_b38_A,additive,0.258355925461494,15,Single credible-set lead,158,152,44,TRUE,Same lead SNP; coding change only: additive -> dominant,-481.215592858169,-476.651776703762,9.12763230881433,1,L1,1,4544,chr22_39024088_A_G_b38_A__dominant,chr22_39024088_A_G_b38_A,dominant,0.921672429244215,3,158,152,44,/project2/mstephens/wdenault/susie_mix/plot/one_cs_dominant/APOBEC3D_Nerve_add_vs_mix.png
CTNS,Blood Vessel,dominant,plotted,Four-panel SuSiE / SuSiE-mix comparison created,1,L1,1,1733,chr17_3661485_C_T_b38_C,chr17_3661485_C_T_b38_C,additive,0.408550418618217,12,Single credible-set lead,273,155,22,TRUE,Same lead SNP; coding change only: additive -> dominant,-617.368892789227,-617.129225320202,0.479334938049988,1,L1,1,7373,chr17_3661485_C_T_b38_C__dominant,chr17_3661485_C_T_b38_C,dominant,0.235061854134975,15,273,155,22,/project2/mstephens/wdenault/susie_mix/plot/one_cs_dominant/CTNS_Blood_Vessel_add_vs_mix.png
CCDC80,Blood,dominant,plotted,Four-panel SuSiE / SuSiE-mix comparison created,1,L1,1,1062,chr3_112487577_A_C_b38_A,chr3_112487577_A_C_b38_A,additive,0.474446560697987,8,Single credible-set lead,344,77,14,TRUE,Same lead SNP; coding change only: additive -> dominant,-596.331512628056,-596.295125344131,0.072774567850729,1,L1,1,5271,chr3_112487577_A_C_b38_A__dominant,chr3_112487577_A_C_b38_A,dominant,0.235789726884843,15,344,77,14,/project2/mstephens/wdenault/susie_mix/plot/one_cs_dominant/CCDC80_Blood_add_vs_mix.png
POGLUT1,Skin,dominant,plotted,Four-panel SuSiE / SuSiE-mix comparison created,1,L1,1,1147,chr3_119417420_C_G_b38_C,chr3_119417420_C_G_b38_C,additive,0.0580274926098957,27,Single credible-set lead,462,58,2,FALSE,Different lead SNP; coding change: additive -> dominant,-719.21489736616,-719.24709920928,-0.0644036862399844,1,L1,1,5458,chr3_119508812_T_C_b38_T__dominant,chr3_119508812_T_C_b38_T,dominant,0.0438416846353417,52,465,56,1,/project2/mstephens/wdenault/susie_mix/plot/one_cs_dominant/POGLUT1_Skin_add_vs_mix.png
POGLUT1,Esophagus,dominant,plotted,Four-panel SuSiE / SuSiE-mix comparison created,1,L1,1,1434,chr3_119531422_C_T_b38_C,chr3_119531422_C_T_b38_C,additive,0.0447233128627067,30,Single credible-set lead,361,50,1,TRUE,Same lead SNP; coding change only: additive -> dominant,-565.76256986464,-565.653936202557,0.217267324165732,1,L1,1,5421,chr3_119531422_C_T_b38_C__dominant,chr3_119531422_C_T_b38_C,dominant,0.0237390608431485,60,361,50,1,/project2/mstephens/wdenault/susie_mix/plot/one_cs_dominant/POGLUT1_Esophagus_add_vs_mix.png
AQP3,Colon,dominant,plotted,Four-panel SuSiE / SuSiE-mix comparison created,1,L1,1,1121,chr9_33430709_T_A_b38_T,chr9_33430709_T_A_b38_T,additive,0.360786699710943,4,Single credible-set lead,129,150,53,TRUE,Same lead SNP; coding change only: additive -> dominant,-449.528971991517,-448.508065433342,2.04181311635011,1,L1,1,5423,chr9_33430709_T_A_b38_T__dominant,chr9_33430709_T_A_b38_T,dominant,0.248795077702928,7,129,150,53,/project2/mstephens/wdenault/susie_mix/plot/one_cs_dominant/AQP3_Colon_add_vs_mix.png
TPD52L1,Spleen,dominant,plotted,Four-panel SuSiE / SuSiE-mix comparison created,1,L1,1,1125,chr6_125252166_C_A_b38_C,chr6_125252166_C_A_b38_C,additive,0.233372558827401,15,Single credible-set lead,89,50,7,TRUE,Same lead SNP; coding change only: additive -> dominant,-185.690701837915,-182.916710301741,5.54798307234876,1,L1,1,3930,chr6_125252166_C_A_b38_C__dominant,chr6_125252166_C_A_b38_C,dominant,0.407312364620319,13,89,50,7,/project2/mstephens/wdenault/susie_mix/plot/one_cs_dominant/TPD52L1_Spleen_add_vs_mix.png
DACT2,Liver,dominant,plotted,Four-panel SuSiE / SuSiE-mix comparison created,1,L1,1,1557,chr6_168320011_T_C_b38_T,chr6_168320011_T_C_b38_T,additive,0.199848905266625,6,Single credible-set lead,71,58,11,TRUE,Same lead SNP; coding change only: additive -> dominant,-176.868187907047,-173.22269777692,7.29098026025292,1,L1,1,6537,chr6_168320011_T_C_b38_T__dominant,chr6_168320011_T_C_b38_T,dominant,0.178154347706932,9,71,58,11,/project2/mstephens/wdenault/susie_mix/plot/one_cs_dominant/DACT2_Liver_add_vs_mix.png
C11orf54,Nerve,dominant,plotted,Four-panel SuSiE / SuSiE-mix comparison created,1,L1,1,1077,chr11_93764960_C_G_b38_C,chr11_93764960_C_G_b38_C,additive,0.0362598262138382,39,Single credible-set lead,125,169,60,FALSE,Different lead SNP; coding change: additive -> dominant,-480.979121062142,-481.124932414989,-0.291622705693612,1,L1,1,4995,chr11_93767703_G_A_b38_G__dominant,chr11_93767703_G_A_b38_G,dominant,0.0218512374895805,81,126,167,61,/project2/mstephens/wdenault/susie_mix/plot/one_cs_dominant/C11orf54_Nerve_add_vs_mix.png
MCFD2,Breast,dominant,plotted,Four-panel SuSiE / SuSiE-mix comparison created,1,L1,1,1268,chr2_46923436_T_C_b38_T,chr2_46923436_T_C_b38_T,additive,0.385039259771825,5,Single credible-set lead,184,75,10,TRUE,Same lead SNP; coding change only: additive -> dominant,-360.391375095154,-360.313953959384,0.154842271540588,1,L1,1,5685,chr2_46923436_T_C_b38_T__dominant,chr2_46923436_T_C_b38_T,dominant,0.221772649722287,9,184,75,10,/project2/mstephens/wdenault/susie_mix/plot/one_cs_dominant/MCFD2_Breast_add_vs_mix.png
NBPF12,Muscle,dominant,plotted,Four-panel SuSiE / SuSiE-mix comparison created,1,L1,1,428,chr1_146932160_C_T_b38_C,chr1_146932160_C_T_b38_C,additive,0.0905588440459644,14,Single credible-set lead,326,133,18,FALSE,Different lead SNP; coding change: additive -> dominant,-655.315744525308,-654.569311955601,1.4928651394132,1,L1,1,3998,chr1_146964213_A_G_b38_A__dominant,chr1_146964213_A_G_b38_A,dominant,0.0667519448762517,26,327,131,19,/project2/mstephens/wdenault/susie_mix/plot/one_cs_dominant/NBPF12_Muscle_add_vs_mix.png
CANT1,Testis,dominant,plotted,Four-panel SuSiE / SuSiE-mix comparison created,1,L1,1,1166,chr17_78991681_T_C_b38_T,chr17_78991681_T_C_b38_T,additive,0.382483609697349,5,Single credible-set lead,113,84,14,TRUE,Same lead SNP; coding change only: additive -> dominant,-277.983070660269,-277.523143902363,0.919853515812292,1,L1,1,6320,chr17_78991681_T_C_b38_T__dominant,chr17_78991681_T_C_b38_T,dominant,0.267396319757715,9,113,84,14,/project2/mstephens/wdenault/susie_mix/plot/one_cs_dominant/CANT1_Testis_add_vs_mix.png
GATC,Colon,dominant,plotted,Four-panel SuSiE / SuSiE-mix comparison created,1,L1,1,670,chr12_120460243_C_T_b38_C,chr12_120460243_C_T_b38_C,additive,0.0945009225876061,20,Single credible-set lead,267,61,4,TRUE,Same lead SNP; coding change only: additive -> dominant,-449.961165915365,-450.020817458525,-0.119303086320201,1,L1,1,3567,chr12_120460243_C_T_b38_C__dominant,chr12_120460243_C_T_b38_C,dominant,0.0503844500999124,43,267,61,4,/project2/mstephens/wdenault/susie_mix/plot/one_cs_dominant/GATC_Colon_add_vs_mix.png
APOBEC3G,Thyroid,dominant,plotted,Four-panel SuSiE / SuSiE-mix comparison created,1,L1,1,857,chr22_39076172_C_A_b38_C,chr22_39076172_C_A_b38_C,additive,0.235871761433941,9,Single credible-set lead,180,176,34,TRUE,Same lead SNP; coding change only: additive -> dominant,-532.229401651871,-532.297261680245,-0.13572005674655,1,L1,1,4718,chr22_39076172_C_A_b38_C__dominant,chr22_39076172_C_A_b38_C,dominant,0.117297991894279,17,180,176,34,/project2/mstephens/wdenault/susie_mix/plot/one_cs_dominant/APOBEC3G_Thyroid_add_vs_mix.png
APOBEC3G,Esophagus,dominant,plotted,Four-panel SuSiE / SuSiE-mix comparison created,1,L1,1,857,chr22_39076172_C_A_b38_C,chr22_39076172_C_A_b38_C,additive,0.294019028840373,9,Single credible-set lead,183,191,38,TRUE,Same lead SNP; coding change only: additive -> dominant,-564.824992547171,-563.794954562289,2.06007596976292,1,L1,1,4697,chr22_39076172_C_A_b38_C__dominant,chr22_39076172_C_A_b38_C,dominant,0.244029135069318,15,183,191,38,/project2/mstephens/wdenault/susie_mix/plot/one_cs_dominant/APOBEC3G_Esophagus_add_vs_mix.png
APOBEC3G,Blood Vessel,dominant,plotted,Four-panel SuSiE / SuSiE-mix comparison created,1,L1,1,876,chr22_39084254_C_T_b38_C,chr22_39084254_C_T_b38_C,additive,0.151574003969891,11,Single credible-set lead,196,212,42,TRUE,Same lead SNP; coding change only: additive -> dominant,-619.087647915416,-615.18381706443,7.80766170197308,1,L1,1,4774,chr22_39084254_C_T_b38_C__dominant,chr22_39084254_C_T_b38_C,dominant,0.219198838684147,12,196,212,42,/project2/mstephens/wdenault/susie_mix/plot/one_cs_dominant/APOBEC3G_Blood_Vessel_add_vs_mix.png
RNF185,Thyroid,dominant,plotted,Four-panel SuSiE / SuSiE-mix comparison created,1,L1,1,1155,chr22_31387920_T_A_b38_T,chr22_31387920_T_A_b38_T,additive,0.0285403024229802,180,Single credible-set lead,93,194,103,FALSE,Different lead SNP; coding change: additive -> dominant,-533.135330349183,-532.513141696706,1.24437730495515,1,L1,1,3758,chr22_31365887_T_C_b38_T__dominant,chr22_31365887_T_C_b38_T,dominant,0.123548681086441,267,133,187,70,/project2/mstephens/wdenault/susie_mix/plot/one_cs_dominant/RNF185_Thyroid_add_vs_mix.png
SVIP,Adipose Tissue,dominant,plotted,Four-panel SuSiE / SuSiE-mix comparison created,1,L1,1,932,chr11_22829626_C_T_b38_C,chr11_22829626_C_T_b38_C,additive,0.267566590136737,7,Single credible-set lead,247,194,29,TRUE,Same lead SNP; coding change only: additive -> dominant,-645.725275457686,-644.884654321892,1.68124227158773,1,L1,1,5834,chr11_22829626_C_T_b38_C__dominant,chr11_22829626_C_T_b38_C,dominant,0.451582754093893,9,247,194,29,/project2/mstephens/wdenault/susie_mix/plot/one_cs_dominant/SVIP_Adipose_Tissue_add_vs_mix.png
SVIP,Colon,dominant,plotted,Four-panel SuSiE / SuSiE-mix comparison created,1,L1,1,932,chr11_22829626_C_T_b38_C,chr11_22829626_C_T_b38_C,additive,0.497882138132649,2,Single credible-set lead,169,143,20,FALSE,Different lead SNP; coding change: additive -> dominant,-452.176655727525,-449.964888043526,4.42353536799874,1,L1,1,5748,chr11_22810510_T_C_b38_T__dominant,chr11_22810510_T_C_b38_T,dominant,0.508676188793735,4,169,141,22,/project2/mstephens/wdenault/susie_mix/plot/one_cs_dominant/SVIP_Colon_add_vs_mix.png
SVIP,Blood Vessel,dominant,plotted,Four-panel SuSiE / SuSiE-mix comparison created,1,L1,1,894,chr11_22793485_G_A_b38_G,chr11_22793485_G_A_b38_G,additive,0.382477214287784,18,Single credible-set lead,167,216,67,TRUE,Same lead SNP; coding change only: additive -> dominant,-624.250530624169,-622.883384263655,2.7342927210284,1,L1,1,5771,chr11_22793485_G_A_b38_G__dominant,chr11_22793485_G_A_b38_G,dominant,0.328027867702135,19,167,216,67,/project2/mstephens/wdenault/susie_mix/plot/one_cs_dominant/SVIP_Blood_Vessel_add_vs_mix.png
KLHL36,Thyroid,dominant,plotted,Four-panel SuSiE / SuSiE-mix comparison created,1,L1,1,2589,chr16_84658217_C_T_b38_C,chr16_84658217_C_T_b38_C,additive,0.747569522023804,5,Single credible-set lead,186,171,33,TRUE,Same lead SNP; coding change only: additive -> dominant,-532.349298149939,-532.184941614306,0.32871307126652,1,L1,1,10799,chr16_84658217_C_T_b38_C__dominant,chr16_84658217_C_T_b38_C,dominant,0.390216625768729,8,186,171,33,/project2/mstephens/wdenault/susie_mix/plot/one_cs_dominant/KLHL36_Thyroid_add_vs_mix.png
MISP3,Testis,dominant,plotted,Four-panel SuSiE / SuSiE-mix comparison created,1,L1,1,608,chr19_13908521_T_C_b38_T,chr19_13908521_T_C_b38_T,additive,0.103220164896099,53,Single credible-set lead,120,70,21,FALSE,Different lead SNP; coding change: additive -> dominant,-279.141986712759,-274.898142313656,8.48768879820682,1,L1,1,3840,chr19_13918456_A_C_b38_A__dominant,chr19_13918456_A_C_b38_A,dominant,0.103439101360425,53,125,63,23,/project2/mstephens/wdenault/susie_mix/plot/one_cs_dominant/MISP3_Testis_add_vs_mix.png
ACSM1,Salivary Gland,dominant,plotted,Four-panel SuSiE / SuSiE-mix comparison created,1,L1,1,941,chr16_20606682_C_T_b38_C,chr16_20606682_C_T_b38_C,additive,0.112755816898503,60,Single credible-set lead,65,34,12,TRUE,Same lead SNP; coding change only: additive -> dominant,-137.337423330194,-136.92000963162,0.834827397148445,1,L1,1,3982,chr16_20606682_C_T_b38_C__dominant,chr16_20606682_C_T_b38_C,dominant,0.101578954850586,106,65,34,12,/project2/mstephens/wdenault/susie_mix/plot/one_cs_dominant/ACSM1_Salivary_Gland_add_vs_mix.png
ACSM1,Breast,dominant,plotted,Four-panel SuSiE / SuSiE-mix comparison created,1,L1,1,299,chr16_20323485_A_T_b38_A,chr16_20323485_A_T_b38_A,additive,0.985054136244476,1,Single credible-set lead,242,25,2,TRUE,Same lead SNP; coding change only: additive -> dominant,-363.998382273068,-363.208436154018,1.57989223809875,1,L1,1,3664,chr16_20323485_A_T_b38_A__dominant,chr16_20323485_A_T_b38_A,dominant,0.714731298465632,3,242,25,2,/project2/mstephens/wdenault/susie_mix/plot/one_cs_dominant/ACSM1_Breast_add_vs_mix.png
CCL23,Esophagus,dominant,plotted,Four-panel SuSiE / SuSiE-mix comparison created,1,L1,1,835,chr17_35985301_T_C_b38_T,chr17_35985301_T_C_b38_T,additive,0.999832550809835,1,Single credible-set lead,366,45,1,TRUE,Same lead SNP; coding change only: additive -> dominant,-562.901828296618,-562.736215438422,0.331225716392055,1,L1,1,3410,chr17_35985301_T_C_b38_T__dominant,chr17_35985301_T_C_b38_T,dominant,0.570116609235919,2,366,45,1,/project2/mstephens/wdenault/susie_mix/plot/one_cs_dominant/CCL23_Esophagus_add_vs_mix.png
CLEC4F,Esophagus,dominant,plotted,Four-panel SuSiE / SuSiE-mix comparison created,1,L1,1,1658,chr2_70891627_A_G_b38_A,chr2_70891627_A_G_b38_A,additive,0.121965338577841,11,Single credible-set lead,178,176,58,FALSE,Different lead SNP; coding change: additive -> dominant,-564.381049264605,-563.759867135885,1.2423642574397,1,L1,1,6818,chr2_70888369_T_G_b38_T__dominant,chr2_70888369_T_G_b38_T,dominant,0.190514303707767,22,311,90,11,/project2/mstephens/wdenault/susie_mix/plot/one_cs_dominant/CLEC4F_Esophagus_add_vs_mix.png
ERMARD,Thyroid,dominant,plotted,Four-panel SuSiE / SuSiE-mix comparison created,1,L1,1,1088,chr6_169784843_T_C_b38_T,chr6_169784843_T_C_b38_T,additive,0.0474122270209292,35,Single credible-set lead,232,126,32,FALSE,Different lead SNP; coding change: additive -> dominant,-532.327970233572,-531.427156264021,1.80162793910108,1,L1,1,5613,chr6_169768555_A_G_b38_A__dominant,chr6_169768555_A_G_b38_A,dominant,0.0490021568140361,66,236,122,32,/project2/mstephens/wdenault/susie_mix/plot/one_cs_dominant/ERMARD_Thyroid_add_vs_mix.png
PPA1,Thyroid,dominant,plotted,Four-panel SuSiE / SuSiE-mix comparison created,1,L1,1,1363,chr10_70244698_G_A_b38_G,chr10_70244698_G_A_b38_G,additive,0.144225983404332,21,Single credible-set lead,222,133,35,FALSE,Different lead SNP; coding change: additive -> dominant,-532.792527663672,-532.223702364114,1.13765059911589,1,L1,1,6243,chr10_70240822_C_T_b38_C__dominant,chr10_70240822_C_T_b38_C,dominant,0.0993115632646024,43,237,126,27,/project2/mstephens/wdenault/susie_mix/plot/one_cs_dominant/PPA1_Thyroid_add_vs_mix.png
CDH20,Muscle,dominant,plotted,Four-panel SuSiE / SuSiE-mix comparison created,1,L1,1,704,chr18_61334469_A_T_b38_A,chr18_61334469_A_T_b38_A,additive,0.546424677527412,2,Single credible-set lead,219,211,47,FALSE,Different lead SNP; coding change: additive -> dominant,-655.453751338655,-652.308647029261,6.29020861878803,1,L1,1,3854,chr18_61335062_A_G_b38_A__dominant,chr18_61335062_A_G_b38_A,dominant,0.767975358496605,2,239,204,34,/project2/mstephens/wdenault/susie_mix/plot/one_cs_dominant/CDH20_Muscle_add_vs_mix.png
TSPAN15,Nerve,dominant,plotted,Four-panel SuSiE / SuSiE-mix comparison created,2,L1,1,1374,chr10_69494765_C_T_b38_C,chr10_69494765_C_T_b38_C,additive,0.984262724551882,1,Highest-PIP credible-set lead,267,79,8,TRUE,Same lead SNP; coding change only: additive -> dominant,-476.698152203986,-480.125936757331,-6.85556910669106,1,L1,1,6601,chr10_69494765_C_T_b38_C__dominant,chr10_69494765_C_T_b38_C,dominant,0.720792685567217,2,267,79,8,/project2/mstephens/wdenault/susie_mix/plot/one_cs_dominant/TSPAN15_Nerve_add_vs_mix.png
PCGF2,Colon,dominant,plotted,Four-panel SuSiE / SuSiE-mix comparison created,1,L1,1,862,chr17_38731894_C_T_b38_C,chr17_38731894_C_T_b38_C,additive,0.274595211281782,5,Single credible-set lead,261,59,12,FALSE,Different lead SNP; coding change: additive -> dominant,-449.85140127737,-448.88896822659,1.92486610156038,1,L1,1,4223,chr17_38839928_A_G_b38_A__dominant,chr17_38839928_A_G_b38_A,dominant,0.418634461384738,9,262,65,5,/project2/mstephens/wdenault/susie_mix/plot/one_cs_dominant/PCGF2_Colon_add_vs_mix.png
CHST9,Heart,dominant,plotted,Four-panel SuSiE / SuSiE-mix comparison created,1,L1,1,858,chr18_27047712_A_G_b38_A,chr18_27047712_A_G_b38_A,additive,0.101360483739915,16,Single credible-set lead,105,152,74,FALSE,Different lead SNP; coding change: additive -> dominant,-448.556847532065,-444.081514192096,8.95066667993785,1,L1,1,4343,chr18_27060921_C_T_b38_C__dominant,chr18_27060921_C_T_b38_C,dominant,0.171300711552537,17,121,141,69,/project2/mstephens/wdenault/susie_mix/plot/one_cs_dominant/CHST9_Heart_add_vs_mix.png
CHST9,Nerve,dominant,plotted,Four-panel SuSiE / SuSiE-mix comparison created,1,L1,1,1221,chr18_27241491_T_C_b38_T,chr18_27241491_T_C_b38_T,additive,0.443439808647779,10,Single credible-set lead,283,69,2,TRUE,Same lead SNP; coding change only: additive -> dominant,-487.663390049095,-487.474833242097,0.377113613996016,1,L1,1,4649,chr18_27241491_T_C_b38_T__dominant,chr18_27241491_T_C_b38_T,dominant,0.213790131270748,18,283,69,2,/project2/mstephens/wdenault/susie_mix/plot/one_cs_dominant/CHST9_Nerve_add_vs_mix.png
C1orf50,Blood Vessel,dominant,plotted,Four-panel SuSiE / SuSiE-mix comparison created,1,L1,1,784,chr1_42615599_G_A_b38_G,chr1_42615599_G_A_b38_G,additive,0.233241879725415,25,Single credible-set lead,295,129,26,TRUE,Same lead SNP; coding change only: additive -> dominant,-617.959761375967,-617.389003322719,1.14151610649628,1,L1,1,4584,chr1_42615599_G_A_b38_G__dominant,chr1_42615599_G_A_b38_G,dominant,0.165945881946203,43,295,129,26,/project2/mstephens/wdenault/susie_mix/plot/one_cs_dominant/C1orf50_Blood_Vessel_add_vs_mix.png
HDAC10,Pituitary,dominant,plotted,Four-panel SuSiE / SuSiE-mix comparison created,1,L1,1,1482,chr22_50245867_T_C_b38_T,chr22_50245867_T_C_b38_T,additive,0.387762151779812,8,Single credible-set lead,118,72,11,TRUE,Same lead SNP; coding change only: additive -> dominant,-264.53347120343,-262.93963240811,3.18767759064031,1,L1,1,5795,chr22_50245867_T_C_b38_T__dominant,chr22_50245867_T_C_b38_T,dominant,0.243136024368014,12,118,72,11,/project2/mstephens/wdenault/susie_mix/plot/one_cs_dominant/HDAC10_Pituitary_add_vs_mix.png
ELP5,Blood Vessel,dominant,plotted,Four-panel SuSiE / SuSiE-mix comparison created,1,L1,1,1102,chr17_7254884_T_G_b38_T,chr17_7254884_T_G_b38_T,additive,0.107600634238665,24,Single credible-set lead,197,193,60,FALSE,Different lead SNP; coding change: additive -> dominant,-617.896308814817,-617.640657099981,0.511303429670988,1,L1,1,4892,chr17_7265674_T_C_b38_T__dominant,chr17_7265674_T_C_b38_T,dominant,0.0905102359949909,39,193,194,63,/project2/mstephens/wdenault/susie_mix/plot/one_cs_dominant/ELP5_Blood_Vessel_add_vs_mix.png
GCFC2,Muscle,dominant,plotted,Four-panel SuSiE / SuSiE-mix comparison created,1,L1,1,1401,chr2_75697787_T_G_b38_T,chr2_75697787_T_G_b38_T,additive,0.12127051397846,42,Single credible-set lead,341,118,18,TRUE,Same lead SNP; coding change only: additive -> dominant,-656.794687969789,-656.346259551401,0.896856836776578,1,L1,1,6467,chr2_75697787_T_G_b38_T__dominant,chr2_75697787_T_G_b38_T,dominant,0.180622225116769,50,341,118,18,/project2/mstephens/wdenault/susie_mix/plot/one_cs_dominant/GCFC2_Muscle_add_vs_mix.png
CIB2,Blood Vessel,dominant,plotted,Four-panel SuSiE / SuSiE-mix comparison created,1,L1,1,1462,chr15_78116113_G_A_b38_G,chr15_78116113_G_A_b38_G,additive,0.152756098379232,9,Single credible-set lead,230,177,43,TRUE,Same lead SNP; coding change only: additive -> dominant,-617.352070939249,-616.887745656505,0.928650565487942,1,L1,1,5969,chr15_78116113_G_A_b38_G__dominant,chr15_78116113_G_A_b38_G,dominant,0.120422608868305,16,230,177,43,/project2/mstephens/wdenault/susie_mix/plot/one_cs_dominant/CIB2_Blood_Vessel_add_vs_mix.png
CIB2,Adrenal Gland,dominant,plotted,Four-panel SuSiE / SuSiE-mix comparison created,1,L1,1,1481,chr15_78127134_A_G_b38_A,chr15_78127134_A_G_b38_A,additive,0.488327090225075,2,Single credible-set lead,83,45,13,TRUE,Same lead SNP; coding change only: additive -> dominant,-182.064437121382,-180.434572570779,3.25972910120464,1,L1,1,5569,chr15_78127134_A_G_b38_A__dominant,chr15_78127134_A_G_b38_A,dominant,0.427062451491308,4,83,45,13,/project2/mstephens/wdenault/susie_mix/plot/one_cs_dominant/CIB2_Adrenal_Gland_add_vs_mix.png
ZNF605,Blood Vessel,dominant,plotted,Four-panel SuSiE / SuSiE-mix comparison created,1,L1,1,1312,chr12_132946235_A_G_b38_A,chr12_132946235_A_G_b38_A,additive,0.117702254276843,24,Single credible-set lead,203,201,46,FALSE,Different lead SNP; coding change: additive -> dominant,-618.162635955371,-617.956751469458,0.411768971826859,1,L1,1,5193,chr12_132946236_C_G_b38_C__dominant,chr12_132946236_C_G_b38_C,dominant,0.055646268555782,43,248,173,29,/project2/mstephens/wdenault/susie_mix/plot/one_cs_dominant/ZNF605_Blood_Vessel_add_vs_mix.png
KHNYN,Colon,dominant,plotted,Four-panel SuSiE / SuSiE-mix comparison created,1,L1,1,770,chr14_24429988_C_T_b38_C,chr14_24429988_C_T_b38_C,additive,0.528045833386905,8,Single credible-set lead,240,81,11,TRUE,Same lead SNP; coding change only: additive -> dominant,-450.59084492571,-449.439250056901,2.30318973761734,1,L1,1,4614,chr14_24429988_C_T_b38_C__dominant,chr14_24429988_C_T_b38_C,dominant,0.414555676364199,13,240,81,11,/project2/mstephens/wdenault/susie_mix/plot/one_cs_dominant/KHNYN_Colon_add_vs_mix.png
KHNYN,Adipose Tissue,dominant,plotted,Four-panel SuSiE / SuSiE-mix comparison created,1,L1,1,765,chr14_24429487_C_T_b38_C,chr14_24429487_C_T_b38_C,additive,0.147903653958863,11,Single credible-set lead,227,194,49,FALSE,Different lead SNP; coding change: additive -> dominant,-649.189395997687,-648.791838099825,0.795115795724087,1,L1,1,4867,chr14_24434515_T_C_b38_T__dominant,chr14_24434515_T_C_b38_T,dominant,0.218254913393827,20,349,108,13,/project2/mstephens/wdenault/susie_mix/plot/one_cs_dominant/KHNYN_Adipose_Tissue_add_vs_mix.png
KHNYN,Blood Vessel,dominant,plotted,Four-panel SuSiE / SuSiE-mix comparison created,1,L1,1,780,chr14_24434515_T_C_b38_T,chr14_24434515_T_C_b38_T,additive,0.443585754772425,9,Single credible-set lead,330,110,10,TRUE,Same lead SNP; coding change only: additive -> dominant,-623.458854598546,-622.433232425396,2.05124434630011,1,L1,1,4848,chr14_24434515_T_C_b38_T__dominant,chr14_24434515_T_C_b38_T,dominant,0.408720845815328,7,330,110,10,/project2/mstephens/wdenault/susie_mix/plot/one_cs_dominant/KHNYN_Blood_Vessel_add_vs_mix.png
ARIH2,Thyroid,dominant,plotted,Four-panel SuSiE / SuSiE-mix comparison created,1,L1,1,284,chr3_48840974_T_G_b38_T,chr3_48840974_T_G_b38_T,additive,0.0681735505826542,68,Single credible-set lead,178,161,51,FALSE,Different lead SNP; coding change: additive -> dominant,-533.521376499458,-532.395017382129,2.25271823465801,1,L1,1,1660,chr3_48948966_A_T_b38_A__dominant,chr3_48948966_A_T_b38_A,dominant,0.026465332832749,118,179,165,46,/project2/mstephens/wdenault/susie_mix/plot/one_cs_dominant/ARIH2_Thyroid_add_vs_mix.png
PRELID3A,Spleen,dominant,plotted,Four-panel SuSiE / SuSiE-mix comparison created,1,L1,1,1649,chr18_12444108_T_C_b38_T,chr18_12444108_T_C_b38_T,additive,0.14237415644457,20,Single credible-set lead,107,36,3,FALSE,Different lead SNP; coding change: additive -> dominant,-186.183081061744,-186.107237919845,0.151686283798767,1,L1,1,6007,chr18_12439063_A_C_b38_A__dominant,chr18_12439063_A_C_b38_A,dominant,0.0551212184775869,33,108,35,3,/project2/mstephens/wdenault/susie_mix/plot/one_cs_dominant/PRELID3A_Spleen_add_vs_mix.png
PRELID3A,Lung,dominant,plotted,Four-panel SuSiE / SuSiE-mix comparison created,1,L1,1,1686,chr18_12473121_C_A_b38_C,chr18_12473121_C_A_b38_C,additive,0.184452281581359,20,Single credible-set lead,229,89,5,TRUE,Same lead SNP; coding change only: additive -> dominant,-442.177812813658,-442.058469151972,0.238687323371551,1,L1,1,6508,chr18_12473121_C_A_b38_C__dominant,chr18_12473121_C_A_b38_C,dominant,0.0863120221420718,41,229,89,5,/project2/mstephens/wdenault/susie_mix/plot/one_cs_dominant/PRELID3A_Lung_add_vs_mix.png
PRELID3A,Adrenal Gland,dominant,plotted,Four-panel SuSiE / SuSiE-mix comparison created,1,L1,1,1875,chr18_12575369_T_G_b38_T,chr18_12575369_T_G_b38_T,additive,0.100474979716043,31,Single credible-set lead,81,53,7,FALSE,Different lead SNP; coding change: additive -> dominant,-183.855273498605,-183.950678866787,-0.190810736363289,1,L1,1,5941,chr18_12439063_A_C_b38_A__dominant,chr18_12439063_A_C_b38_A,dominant,0.0892362983157141,59,96,44,1,/project2/mstephens/wdenault/susie_mix/plot/one_cs_dominant/PRELID3A_Adrenal_Gland_add_vs_mix.png
ABCA10,Testis,dominant,plotted,Four-panel SuSiE / SuSiE-mix comparison created,1,L1,1,985,chr17_69221655_C_G_b38_C,chr17_69221655_C_G_b38_C,additive,0.0914949745476751,41,Single credible-set lead,108,88,15,TRUE,Same lead SNP; coding change only: additive -> dominant,-279.184021513623,-277.106479623651,4.15508377994297,1,L1,1,4239,chr17_69221655_C_G_b38_C__dominant,chr17_69221655_C_G_b38_C,dominant,0.116099464878944,58,108,88,15,/project2/mstephens/wdenault/susie_mix/plot/one_cs_dominant/ABCA10_Testis_add_vs_mix.png
PAAF1,Blood Vessel,dominant,plotted,Four-panel SuSiE / SuSiE-mix comparison created,1,L1,1,901,chr11_73900304_G_C_b38_G,chr11_73900304_G_C_b38_G,additive,0.459575831287385,3,Single credible-set lead,401,48,1,TRUE,Same lead SNP; coding change only: additive -> dominant,-617.501087199547,-616.841193013128,1.31978837283759,1,L1,1,3508,chr11_73900304_G_C_b38_G__dominant,chr11_73900304_G_C_b38_G,dominant,0.329294685636036,5,401,48,1,/project2/mstephens/wdenault/susie_mix/plot/one_cs_dominant/PAAF1_Blood_Vessel_add_vs_mix.png
PAAF1,Colon,dominant,plotted,Four-panel SuSiE / SuSiE-mix comparison created,1,L1,1,901,chr11_73900304_G_C_b38_G,chr11_73900304_G_C_b38_G,additive,0.3864968925662,5,Single credible-set lead,299,32,1,TRUE,Same lead SNP; coding change only: additive -> dominant,-453.738266293704,-453.612522763864,0.251487059679675,1,L1,1,3470,chr11_73900304_G_C_b38_G__dominant,chr11_73900304_G_C_b38_G,dominant,0.218029624287225,8,299,32,1,/project2/mstephens/wdenault/susie_mix/plot/one_cs_dominant/PAAF1_Colon_add_vs_mix.png
PADI4,Lung,dominant,plotted,Four-panel SuSiE / SuSiE-mix comparison created,1,L1,1,1465,chr1_17316559_G_A_b38_G,chr1_17316559_G_A_b38_G,additive,0.23113581083563,5,Single credible-set lead,146,134,43,FALSE,Different lead SNP; coding change: additive -> dominant,-437.245447421513,-437.070949005316,0.34899683239405,1,L1,1,5857,chr1_17334395_C_A_b38_C__dominant,chr1_17334395_C_A_b38_C,dominant,0.150145987320838,10,144,134,45,/project2/mstephens/wdenault/susie_mix/plot/one_cs_dominant/PADI4_Lung_add_vs_mix.png
MAP3K21,Skin,dominant,plotted,Four-panel SuSiE / SuSiE-mix comparison created,1,L1,1,1095,chr1_233332820_G_A_b38_G,chr1_233332820_G_A_b38_G,additive,0.0606395501509524,28,Single credible-set lead,312,178,32,FALSE,Different lead SNP; coding change: additive -> dominant,-720.060225842628,-718.920106989311,2.28023770663458,1,L1,1,5703,chr1_233329981_T_G_b38_T__dominant,chr1_233329981_T_G_b38_T,dominant,0.0483623620023717,50,312,179,31,/project2/mstephens/wdenault/susie_mix/plot/one_cs_dominant/MAP3K21_Skin_add_vs_mix.png
TMPRSS5,Brain,dominant,plotted,Four-panel SuSiE / SuSiE-mix comparison created,1,L1,1,1080,chr11_113711782_T_C_b38_T,chr11_113711782_T_C_b38_T,additive,0.151519980150383,7,Single credible-set lead,135,98,24,TRUE,Same lead SNP; coding change only: additive -> dominant,-343.593168489791,-341.696464067934,3.79340884371493,1,L1,1,4434,chr11_113711782_T_C_b38_T__dominant,chr11_113711782_T_C_b38_T,dominant,0.140163091767617,12,135,98,24,/project2/mstephens/wdenault/susie_mix/plot/one_cs_dominant/TMPRSS5_Brain_add_vs_mix.png
THBS3,Blood,dominant,plotted,Four-panel SuSiE / SuSiE-mix comparison created,1,L1,1,787,chr1_155208991_T_A_b38_T,chr1_155208991_T_A_b38_T,additive,0.865531694917871,2,Single credible-set lead,157,211,67,TRUE,Same lead SNP; coding change only: additive -> dominant,-596.435833935202,-595.829703255673,1.21226135905795,1,L1,1,2744,chr1_155208991_T_A_b38_T__dominant,chr1_155208991_T_A_b38_T,dominant,0.635623692737007,4,157,211,67,/project2/mstephens/wdenault/susie_mix/plot/one_cs_dominant/THBS3_Blood_add_vs_mix.png
KCNG2,Testis,dominant,plotted,Four-panel SuSiE / SuSiE-mix comparison created,1,L1,1,1585,chr18_79872923_G_A_b38_G,chr18_79872923_G_A_b38_G,additive,0.0850620441698704,25,Single credible-set lead,171,33,7,TRUE,Same lead SNP; coding change only: additive -> dominant,-278.979662592085,-278.974728834902,0.00986751436596478,1,L1,1,5994,chr18_79872923_G_A_b38_G__dominant,chr18_79872923_G_A_b38_G,dominant,0.0534233140455618,46,171,33,7,/project2/mstephens/wdenault/susie_mix/plot/one_cs_dominant/KCNG2_Testis_add_vs_mix.png
MED31,Spleen,dominant,plotted,Four-panel SuSiE / SuSiE-mix comparison created,1,L1,1,1295,chr17_6577663_C_G_b38_C,chr17_6577663_C_G_b38_C,additive,0.471475859939367,9,Single credible-set lead,115,30,1,TRUE,Same lead SNP; coding change only: additive -> dominant,-187.042428907551,-184.518211366616,5.04843508187014,1,L1,1,5735,chr17_6577663_C_G_b38_C__dominant,chr17_6577663_C_G_b38_C,dominant,0.778507329141197,8,115,30,1,/project2/mstephens/wdenault/susie_mix/plot/one_cs_dominant/MED31_Spleen_add_vs_mix.png
USP36,Blood Vessel,dominant,plotted,Four-panel SuSiE / SuSiE-mix comparison created,1,L1,1,1362,chr17_78804100_G_C_b38_G,chr17_78804100_G_C_b38_G,additive,0.163700693860886,15,Single credible-set lead,129,215,106,TRUE,Same lead SNP; coding change only: additive -> dominant,-618.269280842572,-615.431856657649,5.67484836984613,1,L1,1,6935,chr17_78804100_G_C_b38_G__dominant,chr17_78804100_G_C_b38_G,dominant,0.202192072011541,19,129,215,106,/project2/mstephens/wdenault/susie_mix/plot/one_cs_dominant/USP36_Blood_Vessel_add_vs_mix.png
LPIN3,Blood Vessel,dominant,plotted,Four-panel SuSiE / SuSiE-mix comparison created,1,L1,1,709,chr20_41340873_C_A_b38_C,chr20_41340873_C_A_b38_C,additive,0.458991392690787,4,Single credible-set lead,212,192,46,TRUE,Same lead SNP; coding change only: additive -> dominant,-618.013643500073,-617.666547399068,0.694192202010527,1,L1,1,3297,chr20_41340873_C_A_b38_C__dominant,chr20_41340873_C_A_b38_C,dominant,0.331416453661699,8,212,192,46,/project2/mstephens/wdenault/susie_mix/plot/one_cs_dominant/LPIN3_Blood_Vessel_add_vs_mix.png
AFAP1,Skin,dominant,plotted,Four-panel SuSiE / SuSiE-mix comparison created,1,L1,1,2001,chr4_7929884_G_C_b38_G,chr4_7929884_G_C_b38_G,additive,0.450988196388245,7,Single credible-set lead,219,217,86,TRUE,Same lead SNP; coding change only: additive -> dominant,-720.520500779687,-719.000753328594,3.03949490218565,1,L1,1,8574,chr4_7929884_G_C_b38_G__dominant,chr4_7929884_G_C_b38_G,dominant,0.436877391788294,10,219,217,86,/project2/mstephens/wdenault/susie_mix/plot/one_cs_dominant/AFAP1_Skin_add_vs_mix.png
PDCD6,Thyroid,dominant,plotted,Four-panel SuSiE / SuSiE-mix comparison created,1,L1,1,412,chr5_201697_T_C_b38_T,chr5_201697_T_C_b38_T,additive,0.0450267600572173,296,Single credible-set lead,285,101,4,FALSE,Different lead SNP; coding change: additive -> dominant,-534.576936571443,-533.198296550569,2.75728004174812,1,L1,1,4774,chr5_294246_T_C_b38_T__dominant,chr5_294246_T_C_b38_T,dominant,0.0739644385783348,510,275,98,17,/project2/mstephens/wdenault/susie_mix/plot/one_cs_dominant/PDCD6_Thyroid_add_vs_mix.png
EFCAB1,Brain,dominant,plotted,Four-panel SuSiE / SuSiE-mix comparison created,1,L1,1,794,chr8_48735351_C_A_b38_C,chr8_48735351_C_A_b38_C,additive,0.45090202299374,3,Single credible-set lead,84,117,56,TRUE,Same lead SNP; coding change only: additive -> dominant,-343.883334322245,-343.682869870417,0.400928903654062,1,L1,1,3633,chr8_48735351_C_A_b38_C__dominant,chr8_48735351_C_A_b38_C,dominant,0.209976229723683,6,84,117,56,/project2/mstephens/wdenault/susie_mix/plot/one_cs_dominant/EFCAB1_Brain_add_vs_mix.png
EFCAB1,Skin,dominant,plotted,Four-panel SuSiE / SuSiE-mix comparison created,1,L1,1,838,chr8_48799857_T_C_b38_T,chr8_48799857_T_C_b38_T,additive,0.437025631633043,3,Single credible-set lead,165,233,124,FALSE,Different lead SNP; coding change: additive -> dominant,-720.579288944982,-719.808941567035,1.54069475589267,1,L1,1,3943,chr8_48735351_C_A_b38_C__dominant,chr8_48735351_C_A_b38_C,dominant,0.437430355672428,6,167,234,121,/project2/mstephens/wdenault/susie_mix/plot/one_cs_dominant/EFCAB1_Skin_add_vs_mix.png
DNAJA4,Nerve,dominant,plotted,Four-panel SuSiE / SuSiE-mix comparison created,1,L1,1,1516,chr15_78265378_C_G_b38_C,chr15_78265378_C_G_b38_C,additive,0.788865201030311,4,Single credible-set lead,212,127,15,TRUE,Same lead SNP; coding change only: additive -> dominant,-481.820729605358,-481.129525365272,1.38240848017085,1,L1,1,6179,chr15_78265378_C_G_b38_C__dominant,chr15_78265378_C_G_b38_C,dominant,0.31655435317354,6,212,127,15,/project2/mstephens/wdenault/susie_mix/plot/one_cs_dominant/DNAJA4_Nerve_add_vs_mix.png
SLC26A1,Pancreas,dominant,plotted,Four-panel SuSiE / SuSiE-mix comparison created,1,L1,1,1066,chr4_993555_G_T_b38_G,chr4_993555_G_T_b38_G,additive,0.66927234219599,8,Single credible-set lead,43,96,41,FALSE,Different lead SNP; coding change: additive -> dominant,-235.197793038086,-233.681133548812,3.03331897854935,1,L1,1,4667,chr4_905380_C_T_b38_C__dominant,chr4_905380_C_T_b38_C,dominant,0.576168787676759,18,99,68,13,/project2/mstephens/wdenault/susie_mix/plot/one_cs_dominant/SLC26A1_Pancreas_add_vs_mix.png
SLC26A1,Breast,dominant,plotted,Four-panel SuSiE / SuSiE-mix comparison created,1,L1,1,1060,chr4_989272_T_C_b38_T,chr4_989272_T_C_b38_T,additive,0.221724178556405,6,Single credible-set lead,112,124,33,TRUE,Same lead SNP; coding change only: additive -> dominant,-361.936368856981,-361.59024165015,0.692254413660862,1,L1,1,4971,chr4_989272_T_C_b38_T__dominant,chr4_989272_T_C_b38_T,dominant,0.121281367148248,13,112,124,33,/project2/mstephens/wdenault/susie_mix/plot/one_cs_dominant/SLC26A1_Breast_add_vs_mix.png
INPP5B,Pancreas,dominant,plotted,Four-panel SuSiE / SuSiE-mix comparison created,1,L1,1,770,chr1_37783821_G_A_b38_G,chr1_37783821_G_A_b38_G,additive,0.292331045910607,22,Single credible-set lead,102,59,19,FALSE,Different lead SNP; coding change: additive -> dominant,-235.227993420501,-234.554747222606,1.34649239579187,1,L1,1,4026,chr1_37781423_A_G_b38_A__dominant,chr1_37781423_A_G_b38_A,dominant,0.188961976815272,25,106,55,19,/project2/mstephens/wdenault/susie_mix/plot/one_cs_dominant/INPP5B_Pancreas_add_vs_mix.png
ZFP1,Thyroid,dominant,plotted,Four-panel SuSiE / SuSiE-mix comparison created,1,L1,1,1201,chr16_75138442_A_G_b38_A,chr16_75138442_A_G_b38_A,additive,0.0948899459184216,36,Single credible-set lead,131,181,78,FALSE,Different lead SNP; coding change: additive -> dominant,-533.512492653094,-529.107528728574,8.80992784904151,1,L1,1,5603,chr16_75126468_A_G_b38_A__dominant,chr16_75126468_A_G_b38_A,dominant,0.0746919214883838,31,183,159,48,/project2/mstephens/wdenault/susie_mix/plot/one_cs_dominant/ZFP1_Thyroid_add_vs_mix.png
DBNDD1,Thyroid,dominant,plotted,Four-panel SuSiE / SuSiE-mix comparison created,1,L1,1,1644,chr16_90034097_G_C_b38_G,chr16_90034097_G_C_b38_G,additive,0.145464920848015,27,Single credible-set lead,337,48,5,FALSE,Different lead SNP; coding change: additive -> dominant,-533.378222597065,-532.180414895272,2.39561540358636,1,L1,1,4575,chr16_89987283_C_G_b38_C__dominant,chr16_89987283_C_G_b38_C,dominant,0.188344022568502,38,332,52,6,/project2/mstephens/wdenault/susie_mix/plot/one_cs_dominant/DBNDD1_Thyroid_add_vs_mix.png
DBNDD1,Adipose Tissue,dominant,plotted,Four-panel SuSiE / SuSiE-mix comparison created,1,L1,1,1519,chr16_89999548_G_C_b38_G,chr16_89999548_G_C_b38_G,additive,0.190639952079432,29,Single credible-set lead,395,67,8,TRUE,Same lead SNP; coding change only: additive -> dominant,-647.897134735257,-646.741311052556,2.31164736540222,1,L1,1,4706,chr16_89999548_G_C_b38_G__dominant,chr16_89999548_G_C_b38_G,dominant,0.218089217541162,47,395,67,8,/project2/mstephens/wdenault/susie_mix/plot/one_cs_dominant/DBNDD1_Adipose_Tissue_add_vs_mix.png
DBNDD1,Lung,dominant,plotted,Four-panel SuSiE / SuSiE-mix comparison created,1,L1,1,1572,chr16_90016831_A_G_b38_A,chr16_90016831_A_G_b38_A,additive,0.16614876914828,28,Single credible-set lead,271,49,3,TRUE,Same lead SNP; coding change only: additive -> dominant,-443.046443138131,-442.884002206921,0.324881862419488,1,L1,1,4575,chr16_90016831_A_G_b38_A__dominant,chr16_90016831_A_G_b38_A,dominant,0.071761812534578,59,271,49,3,/project2/mstephens/wdenault/susie_mix/plot/one_cs_dominant/DBNDD1_Lung_add_vs_mix.png
SPATA5L1,Blood,dominant,plotted,Four-panel SuSiE / SuSiE-mix comparison created,1,L1,1,864,chr15_45326532_G_A_b38_G,chr15_45326532_G_A_b38_G,additive,0.110879186387215,81,Single credible-set lead,247,164,24,TRUE,Same lead SNP; coding change only: additive -> dominant,-598.348263654111,-598.334794591594,0.0269381250350307,1,L1,1,4207,chr15_45326532_G_A_b38_G__dominant,chr15_45326532_G_A_b38_G,dominant,0.0620697964729278,174,247,164,24,/project2/mstephens/wdenault/susie_mix/plot/one_cs_dominant/SPATA5L1_Blood_add_vs_mix.png
SPATA5L1,Heart,dominant,plotted,Four-panel SuSiE / SuSiE-mix comparison created,1,L1,1,892,chr15_45346096_C_T_b38_C,chr15_45346096_C_T_b38_C,additive,0.0146906927469458,94,Single credible-set lead,178,130,23,FALSE,Different lead SNP; coding change: additive -> dominant,-452.640414043464,-452.370454965644,0.539918155640294,1,L1,1,4161,chr15_45340920_T_C_b38_T__dominant,chr15_45340920_T_C_b38_T,dominant,0.00776496950020023,175,180,131,20,/project2/mstephens/wdenault/susie_mix/plot/one_cs_dominant/SPATA5L1_Heart_add_vs_mix.png
SPATA5L1,Lung,dominant,plotted,Four-panel SuSiE / SuSiE-mix comparison created,1,L1,1,928,chr15_45357109_G_T_b38_G,chr15_45357109_G_T_b38_G,additive,0.0181285507836008,85,Single credible-set lead,178,122,23,TRUE,Same lead SNP; coding change only: additive -> dominant,-443.768791841745,-443.425252777514,0.687078128460257,1,L1,1,4176,chr15_45357109_G_T_b38_G__dominant,chr15_45357109_G_T_b38_G,dominant,0.0124350055036696,172,178,122,23,/project2/mstephens/wdenault/susie_mix/plot/one_cs_dominant/SPATA5L1_Lung_add_vs_mix.png
PTTG1IP,Adipose Tissue,dominant,plotted,Four-panel SuSiE / SuSiE-mix comparison created,1,L1,1,1397,chr21_44849795_A_C_b38_A,chr21_44849795_A_C_b38_A,additive,0.249550348631772,7,Single credible-set lead,392,72,6,TRUE,Same lead SNP; coding change only: additive -> dominant,-646.302285525977,-645.591824108711,1.42092283453007,1,L1,1,6569,chr21_44849795_A_C_b38_A__dominant,chr21_44849795_A_C_b38_A,dominant,0.187958418070367,12,392,72,6,/project2/mstephens/wdenault/susie_mix/plot/one_cs_dominant/PTTG1IP_Adipose_Tissue_add_vs_mix.png
PRIM2,Muscle,dominant,plotted,Four-panel SuSiE / SuSiE-mix comparison created,1,L1,1,1277,chr6_57646338_A_G_b38_A,chr6_57646338_A_G_b38_A,additive,0.0343360192517806,105,Single credible-set lead,171,222,84,FALSE,Different lead SNP; coding change: additive -> dominant,-657.1624088268,-656.381110932102,1.56259578939671,1,L1,1,3478,chr6_57361896_A_G_b38_A__dominant,chr6_57361896_A_G_b38_A,dominant,0.132900116919703,179,157,217,103,/project2/mstephens/wdenault/susie_mix/plot/one_cs_dominant/PRIM2_Muscle_add_vs_mix.png
GOLGA8M,Adipose Tissue,dominant,plotted,Four-panel SuSiE / SuSiE-mix comparison created,1,L1,1,180,chr15_28694651_G_T_b38_G,chr15_28694651_G_T_b38_G,additive,0.999957552167216,1,Single credible-set lead,320,142,8,TRUE,Same lead SNP; coding change only: additive -> dominant,-646.01523063842,-645.507132423219,1.01619643040249,1,L1,1,2292,chr15_28694651_G_T_b38_G__dominant,chr15_28694651_G_T_b38_G,dominant,0.686748811908659,2,320,142,8,/project2/mstephens/wdenault/susie_mix/plot/one_cs_dominant/GOLGA8M_Adipose_Tissue_add_vs_mix.png
FKRP,Muscle,dominant,plotted,Four-panel SuSiE / SuSiE-mix comparison created,1,L1,1,1240,chr19_46714844_G_T_b38_G,chr19_46714844_G_T_b38_G,additive,0.336327370747803,4,Single credible-set lead,190,226,61,TRUE,Same lead SNP; coding change only: additive -> dominant,-656.313309731091,-655.967265812709,0.692087836764813,1,L1,1,4737,chr19_46714844_G_T_b38_G__dominant,chr19_46714844_G_T_b38_G,dominant,0.241141886635123,6,190,226,61,/project2/mstephens/wdenault/susie_mix/plot/one_cs_dominant/FKRP_Muscle_add_vs_mix.png
ZNF695,Testis,dominant,plotted,Four-panel SuSiE / SuSiE-mix comparison created,1,L1,1,1324,chr1_247008088_C_G_b38_C,chr1_247008088_C_G_b38_C,additive,0.745788699224201,27,Single credible-set lead,166,42,3,TRUE,Same lead SNP; coding change only: additive -> dominant,-279.606576109209,-279.179207927526,0.854736363366442,1,L1,1,6321,chr1_247008088_C_G_b38_C__dominant,chr1_247008088_C_G_b38_C,dominant,0.478371643745675,48,166,42,3,/project2/mstephens/wdenault/susie_mix/plot/one_cs_dominant/ZNF695_Testis_add_vs_mix.png
ZNF502,Nerve,dominant,plotted,Four-panel SuSiE / SuSiE-mix comparison created,1,L1,1,669,chr3_44721338_A_G_b38_A,chr3_44721338_A_G_b38_A,additive,0.648838007460045,28,Single credible-set lead,228,110,16,TRUE,Same lead SNP; coding change only: additive -> dominant,-482.941353926602,-481.98793184642,1.90684416036288,1,L1,1,3717,chr3_44721338_A_G_b38_A__dominant,chr3_44721338_A_G_b38_A,dominant,0.487946457647048,19,228,110,16,/project2/mstephens/wdenault/susie_mix/plot/one_cs_dominant/ZNF502_Nerve_add_vs_mix.png
PIP5KL1,Colon,dominant,plotted,Four-panel SuSiE / SuSiE-mix comparison created,1,L1,1,639,chr9_127919613_T_C_b38_T,chr9_127919613_T_C_b38_T,additive,0.109542573098108,26,Single credible-set lead,234,85,13,FALSE,Different lead SNP; coding change: additive -> dominant,-451.235678715791,-450.86630395819,0.738749515202358,1,L1,1,3090,chr9_127924270_A_G_b38_A__dominant,chr9_127924270_A_G_b38_A,dominant,0.147425367381147,53,238,83,11,/project2/mstephens/wdenault/susie_mix/plot/one_cs_dominant/PIP5KL1_Colon_add_vs_mix.png
PTPN7,Adrenal Gland,dominant,plotted,Four-panel SuSiE / SuSiE-mix comparison created,1,L1,1,1044,chr1_202171187_A_C_b38_A,chr1_202171187_A_C_b38_A,additive,0.184786230443131,10,Single credible-set lead,87,49,5,FALSE,Different lead SNP; coding change: additive -> dominant,-179.684672462781,-179.697162383446,-0.0249798413300368,1,L1,1,3963,chr1_202161038_G_A_b38_G__dominant,chr1_202161038_G_A_b38_G,dominant,0.168561753116631,19,75,55,11,/project2/mstephens/wdenault/susie_mix/plot/one_cs_dominant/PTPN7_Adrenal_Gland_add_vs_mix.png
UVSSA,Testis,dominant,plotted,Four-panel SuSiE / SuSiE-mix comparison created,1,L1,1,1274,chr4_1375305_C_G_b38_C,chr4_1375305_C_G_b38_C,additive,0.0776564276365502,20,Single credible-set lead,118,76,17,FALSE,Different lead SNP; coding change: additive -> dominant,-278.965737364972,-278.626224891498,0.679024946947834,1,L1,1,5356,chr4_1317727_T_C_b38_T__dominant,chr4_1317727_T_C_b38_T,dominant,0.0404340943433879,38,124,75,12,/project2/mstephens/wdenault/susie_mix/plot/one_cs_dominant/UVSSA_Testis_add_vs_mix.png
LINC00672,Pituitary,dominant,plotted,Four-panel SuSiE / SuSiE-mix comparison created,1,L1,1,1052,chr17_38994252_G_T_b38_G,chr17_38994252_G_T_b38_G,additive,0.56722340941938,3,Single credible-set lead,146,54,1,TRUE,Same lead SNP; coding change only: additive -> dominant,-264.745395800785,-264.487353841179,0.516083919210587,1,L1,1,4049,chr17_38994252_G_T_b38_G__dominant,chr17_38994252_G_T_b38_G,dominant,0.41168583424362,7,146,54,1,/project2/mstephens/wdenault/susie_mix/plot/one_cs_dominant/LINC00672_Pituitary_add_vs_mix.png
IL18,Muscle,dominant,plotted,Four-panel SuSiE / SuSiE-mix comparison created,1,L1,1,395,chr11_112162406_C_T_b38_C,chr11_112162406_C_T_b38_C,additive,0.0903086885834013,22,Single credible-set lead,306,155,16,FALSE,Different lead SNP; coding change: additive -> dominant,-656.808363183404,-655.104819331287,3.40708770423271,1,L1,1,2856,chr11_112166291_G_T_b38_G__dominant,chr11_112166291_G_T_b38_G,dominant,0.0717677094484781,34,303,159,15,/project2/mstephens/wdenault/susie_mix/plot/one_cs_dominant/IL18_Muscle_add_vs_mix.png
ASPSCR1,Thyroid,dominant,plotted,Four-panel SuSiE / SuSiE-mix comparison created,1,L1,1,1171,chr17_81996668_T_A_b38_T,chr17_81996668_T_A_b38_T,additive,0.277645198800668,19,Single credible-set lead,126,175,89,TRUE,Same lead SNP; coding change only: additive -> dominant,-533.990469113149,-533.431365059533,1.11820810723248,1,L1,1,5308,chr17_81996668_T_A_b38_T__dominant,chr17_81996668_T_A_b38_T,dominant,0.312103090177247,17,126,175,89,/project2/mstephens/wdenault/susie_mix/plot/one_cs_dominant/ASPSCR1_Thyroid_add_vs_mix.png
MASTL,Liver,dominant,plotted,Four-panel SuSiE / SuSiE-mix comparison created,1,L1,1,1613,chr10_27166676_C_T_b38_C,chr10_27166676_C_T_b38_C,additive,0.208479927401445,39,Single credible-set lead,64,56,20,TRUE,Same lead SNP; coding change only: additive -> dominant,-179.978644052655,-178.275897909844,3.40549228562304,1,L1,1,6523,chr10_27166676_C_T_b38_C__dominant,chr10_27166676_C_T_b38_C,dominant,0.496528950379695,73,64,56,20,/project2/mstephens/wdenault/susie_mix/plot/one_cs_dominant/MASTL_Liver_add_vs_mix.png
HLA-A,Nerve,dominant,plotted,Four-panel SuSiE / SuSiE-mix comparison created,1,L1,1,3799,chr6_29945567_G_T_b38_G,chr6_29945567_G_T_b38_G,additive,0.146744932484138,168,Single credible-set lead,274,76,4,TRUE,Same lead SNP; coding change only: additive -> dominant,-483.736214461257,-483.150632694853,1.17116353280755,1,L1,1,16634,chr6_29945567_G_T_b38_G__dominant,chr6_29945567_G_T_b38_G,dominant,0.110446950423489,204,274,76,4,/project2/mstephens/wdenault/susie_mix/plot/one_cs_dominant/HLA-A_Nerve_add_vs_mix.png
GOLGA6L9,Pancreas,dominant,plotted,Four-panel SuSiE / SuSiE-mix comparison created,1,L1,1,953,chr15_82403397_G_A_b38_G,chr15_82403397_G_A_b38_G,additive,0.219085906062696,36,Single credible-set lead,77,88,15,FALSE,Different lead SNP; coding change: additive -> dominant,-236.101712348391,-232.643634290719,6.9161561153432,1,L1,1,3809,chr15_82472234_T_C_b38_T__dominant,chr15_82472234_T_C_b38_T,dominant,0.515540928662315,34,110,58,12,/project2/mstephens/wdenault/susie_mix/plot/one_cs_dominant/GOLGA6L9_Pancreas_add_vs_mix.png
GOLGA6L9,Salivary Gland,dominant,plotted,Four-panel SuSiE / SuSiE-mix comparison created,1,L1,1,829,chr15_82334321_T_C_b38_T,chr15_82334321_T_C_b38_T,additive,0.298521965235607,42,Single credible-set lead,76,27,8,FALSE,Different lead SNP; coding change: additive -> dominant,-142.671099236682,-136.996454614634,11.3492892440968,1,L1,1,3623,chr15_82428961_T_A_b38_T__dominant,chr15_82428961_T_A_b38_T,dominant,0.0708028421404102,32,74,30,7,/project2/mstephens/wdenault/susie_mix/plot/one_cs_dominant/GOLGA6L9_Salivary_Gland_add_vs_mix.png
EYA4,Nerve,dominant,plotted,Four-panel SuSiE / SuSiE-mix comparison created,1,L1,1,810,chr6_133166301_C_G_b38_C,chr6_133166301_C_G_b38_C,additive,0.992727324355456,1,Single credible-set lead,136,153,65,TRUE,Same lead SNP; coding change only: additive -> dominant,-481.75155473749,-478.665974271929,6.17116093112122,1,L1,1,4272,chr6_133166301_C_G_b38_C__dominant,chr6_133166301_C_G_b38_C,dominant,0.956466075255516,1,136,153,65,/project2/mstephens/wdenault/susie_mix/plot/one_cs_dominant/EYA4_Nerve_add_vs_mix.png
FABP4,Spleen,dominant,plotted,Four-panel SuSiE / SuSiE-mix comparison created,1,L1,1,860,chr8_81483588_T_G_b38_T,chr8_81483588_T_G_b38_T,additive,0.212819737339477,23,Single credible-set lead,115,26,5,TRUE,Same lead SNP; coding change only: additive -> dominant,-187.632297400368,-187.311200960868,0.64219287900039,1,L1,1,3783,chr8_81483588_T_G_b38_T__dominant,chr8_81483588_T_G_b38_T,dominant,0.161793633415611,42,115,26,5,/project2/mstephens/wdenault/susie_mix/plot/one_cs_dominant/FABP4_Spleen_add_vs_mix.png
C19orf44,Skin,dominant,plotted,Four-panel SuSiE / SuSiE-mix comparison created,1,L1,1,1238,chr19_16495931_G_C_b38_G,chr19_16495931_G_C_b38_G,additive,0.156648011689748,9,Single credible-set lead,388,123,11,TRUE,Same lead SNP; coding change only: additive -> dominant,-720.360763987492,-719.881035283956,0.959457407073387,1,L1,1,4997,chr19_16495931_G_C_b38_G__dominant,chr19_16495931_G_C_b38_G,dominant,0.102069902561754,16,388,123,11,/project2/mstephens/wdenault/susie_mix/plot/one_cs_dominant/C19orf44_Skin_add_vs_mix.png
ARMC2,Pituitary,dominant,plotted,Four-panel SuSiE / SuSiE-mix comparison created,1,L1,1,677,chr6_108868461_C_G_b38_C,chr6_108868461_C_G_b38_C,additive,0.0665154045675575,41,Single credible-set lead,113,76,12,FALSE,Different lead SNP; coding change: additive -> dominant,-265.534949082858,-264.700611400113,1.66867536549012,1,L1,1,3266,chr6_108867818_C_G_b38_C__dominant,chr6_108867818_C_G_b38_C,dominant,0.0584446833593834,85,113,77,11,/project2/mstephens/wdenault/susie_mix/plot/one_cs_dominant/ARMC2_Pituitary_add_vs_mix.png
LIPT1,Adipose Tissue,dominant,plotted,Four-panel SuSiE / SuSiE-mix comparison created,1,L1,1,660,chr2_99137826_G_A_b38_G,chr2_99137826_G_A_b38_G,additive,0.0274844075542862,111,Single credible-set lead,197,205,68,TRUE,Same lead SNP; coding change only: additive -> dominant,-647.563830991405,-647.433828396008,0.260005190793208,1,L1,1,3392,chr2_99137826_G_A_b38_G__dominant,chr2_99137826_G_A_b38_G,dominant,0.027260618426364,218,197,205,68,/project2/mstephens/wdenault/susie_mix/plot/one_cs_dominant/LIPT1_Adipose_Tissue_add_vs_mix.png
LIPT1,Colon,dominant,plotted,Four-panel SuSiE / SuSiE-mix comparison created,1,L1,1,637,chr2_99122498_A_G_b38_A,chr2_99122498_A_G_b38_A,additive,0.0766098364746592,107,Single credible-set lead,143,143,46,TRUE,Same lead SNP; coding change only: additive -> dominant,-457.962921283792,-457.459264894625,1.00731277833575,1,L1,1,3334,chr2_99122498_A_G_b38_A__dominant,chr2_99122498_A_G_b38_A,dominant,0.0524950656057571,195,143,143,46,/project2/mstephens/wdenault/susie_mix/plot/one_cs_dominant/LIPT1_Colon_add_vs_mix.png
MXD3,Thyroid,dominant,plotted,Four-panel SuSiE / SuSiE-mix comparison created,1,L1,1,554,chr5_177283546_C_G_b38_C,chr5_177283546_C_G_b38_C,additive,0.251022330151795,6,Single credible-set lead,241,131,18,FALSE,Different lead SNP; coding change: additive -> dominant,-533.112093186561,-533.039100541762,0.145985289597547,1,L1,1,2849,chr5_177313243_A_G_b38_A__dominant,chr5_177313243_A_G_b38_A,dominant,0.177120861000681,8,203,148,39,/project2/mstephens/wdenault/susie_mix/plot/one_cs_dominant/MXD3_Thyroid_add_vs_mix.png
TLCD2,Muscle,dominant,plotted,Four-panel SuSiE / SuSiE-mix comparison created,1,L1,1,1512,chr17_1714314_T_C_b38_T,chr17_1714314_T_C_b38_T,additive,0.195476761069669,6,Single credible-set lead,228,208,41,FALSE,Different lead SNP; coding change: additive -> dominant,-656.377596884528,-651.546032714597,9.66312833986194,1,L1,1,6465,chr17_1717440_A_G_b38_A__dominant,chr17_1717440_A_G_b38_A,dominant,0.228491395737196,5,225,210,42,/project2/mstephens/wdenault/susie_mix/plot/one_cs_dominant/TLCD2_Muscle_add_vs_mix.png
PROCA1,Blood Vessel,dominant,plotted,Four-panel SuSiE / SuSiE-mix comparison created,2,L2,2,422,chr17_28629975_C_T_b38_C,chr17_28629975_C_T_b38_C,additive,0.0588904861421126,525,Highest-PIP credible-set lead,243,173,34,FALSE,Different lead SNP; coding change: additive -> dominant,-614.234460641339,-618.113189429147,-7.75745757561504,1,L1,1,2288,chr17_28728293_C_T_b38_C__dominant,chr17_28728293_C_T_b38_C,dominant,0.0399872408920771,69,365,81,4,/project2/mstephens/wdenault/susie_mix/plot/one_cs_dominant/PROCA1_Blood_Vessel_add_vs_mix.png
PROCA1,Adipose Tissue,dominant,plotted,Four-panel SuSiE / SuSiE-mix comparison created,1,L1,1,457,chr17_28708935_G_A_b38_G,chr17_28708935_G_A_b38_G,additive,0.046964368338528,37,Single credible-set lead,378,87,5,TRUE,Same lead SNP; coding change only: additive -> dominant,-650.862054957319,-650.60791332116,0.508283272318067,1,L1,1,2323,chr17_28708935_G_A_b38_G__dominant,chr17_28708935_G_A_b38_G,dominant,0.0295045462527705,73,378,87,5,/project2/mstephens/wdenault/susie_mix/plot/one_cs_dominant/PROCA1_Adipose_Tissue_add_vs_mix.png
PROCA1,Nerve,dominant,plotted,Four-panel SuSiE / SuSiE-mix comparison created,1,L1,1,421,chr17_28629519_T_C_b38_T,chr17_28629519_T_C_b38_T,additive,0.129584138550918,43,Single credible-set lead,147,144,63,TRUE,Same lead SNP; coding change only: additive -> dominant,-488.152875165575,-485.64325276827,5.01924479460854,1,L1,1,2225,chr17_28629519_T_C_b38_T__dominant,chr17_28629519_T_C_b38_T,dominant,0.172789968728556,49,147,144,63,/project2/mstephens/wdenault/susie_mix/plot/one_cs_dominant/PROCA1_Nerve_add_vs_mix.png
UHRF1BP1,Skin,dominant,plotted,Four-panel SuSiE / SuSiE-mix comparison created,1,L1,1,802,chr6_34752547_T_C_b38_T,chr6_34752547_T_C_b38_T,additive,0.0179342819503937,182,Single credible-set lead,209,240,73,FALSE,Different lead SNP; coding change: additive -> dominant,-721.280025545087,-721.515798894798,-0.471546699421651,1,L1,1,4078,chr6_34777905_G_A_b38_G__dominant,chr6_34777905_G_A_b38_G,dominant,0.0144941838595921,374,212,242,68,/project2/mstephens/wdenault/susie_mix/plot/one_cs_dominant/UHRF1BP1_Skin_add_vs_mix.png
SEC31B,Colon,dominant,plotted,Four-panel SuSiE / SuSiE-mix comparison created,1,L1,1,905,chr10_100541557_G_T_b38_G,chr10_100541557_G_T_b38_G,additive,0.0498777893296615,158,Single credible-set lead,230,91,11,TRUE,Same lead SNP; coding change only: additive -> dominant,-452.453741065272,-451.944394330954,1.018693468636,1,L1,1,3845,chr10_100541557_G_T_b38_G__dominant,chr10_100541557_G_T_b38_G,dominant,0.0466820436626234,286,230,91,11,/project2/mstephens/wdenault/susie_mix/plot/one_cs_dominant/SEC31B_Colon_add_vs_mix.png
PGBD5,Nerve,dominant,plotted,Four-panel SuSiE / SuSiE-mix comparison created,1,L1,1,1053,chr1_230366313_G_A_b38_G,chr1_230366313_G_A_b38_G,additive,0.072750075379321,26,Single credible-set lead,191,127,36,FALSE,Different lead SNP; coding change: additive -> dominant,-482.620288688945,-481.588695063214,2.06318725146127,1,L1,1,5708,chr1_230365141_A_G_b38_A__dominant,chr1_230365141_A_G_b38_A,dominant,0.0408274779690082,44,189,129,36,/project2/mstephens/wdenault/susie_mix/plot/one_cs_dominant/PGBD5_Nerve_add_vs_mix.png
OCEL1,Salivary Gland,dominant,plotted,Four-panel SuSiE / SuSiE-mix comparison created,1,L1,1,1229,chr19_17226746_C_A_b38_C,chr19_17226746_C_A_b38_C,additive,0.733942774731105,2,Single credible-set lead,61,40,10,TRUE,Same lead SNP; coding change only: additive -> dominant,-137.036044085725,-136.510944316212,1.05019953902655,1,L1,1,5301,chr19_17226746_C_A_b38_C__dominant,chr19_17226746_C_A_b38_C,dominant,0.523694656849879,4,61,40,10,/project2/mstephens/wdenault/susie_mix/plot/one_cs_dominant/OCEL1_Salivary_Gland_add_vs_mix.png
C1orf56,Skin,dominant,plotted,Four-panel SuSiE / SuSiE-mix comparison created,1,L1,1,765,chr1_151135661_T_G_b38_T,chr1_151135661_T_G_b38_T,additive,0.193345999049876,30,Single credible-set lead,327,166,29,TRUE,Same lead SNP; coding change only: additive -> dominant,-721.925198468838,-721.226273983911,1.39784896985384,1,L1,1,2965,chr1_151135661_T_G_b38_T__dominant,chr1_151135661_T_G_b38_T,dominant,0.101479038032705,54,327,166,29,/project2/mstephens/wdenault/susie_mix/plot/one_cs_dominant/C1orf56_Skin_add_vs_mix.png
DOC2B,Nerve,dominant,plotted,Four-panel SuSiE / SuSiE-mix comparison created,2,L1,1,425,chr17_253493_A_G_b38_A,chr17_253493_A_G_b38_A,additive,0.926037119068981,2,Highest-PIP credible-set lead,254,86,14,TRUE,Same lead SNP; coding change only: additive -> dominant,-475.318475178596,-480.828099003404,-11.0192476496162,1,L1,1,2957,chr17_253493_A_G_b38_A__dominant,chr17_253493_A_G_b38_A,dominant,0.774940019049634,2,254,86,14,/project2/mstephens/wdenault/susie_mix/plot/one_cs_dominant/DOC2B_Nerve_add_vs_mix.png
ITGA7,Testis,dominant,plotted,Four-panel SuSiE / SuSiE-mix comparison created,1,L1,1,1107,chr12_55723916_C_G_b38_C,chr12_55723916_C_G_b38_C,additive,0.565841673298814,7,Single credible-set lead,184,26,1,TRUE,Same lead SNP; coding change only: additive -> dominant,-279.844398842101,-279.461865605625,0.765066472952299,1,L1,1,3531,chr12_55723916_C_G_b38_C__dominant,chr12_55723916_C_G_b38_C,dominant,0.389671611617569,10,184,26,1,/project2/mstephens/wdenault/susie_mix/plot/one_cs_dominant/ITGA7_Testis_add_vs_mix.png
MRPS9,Blood Vessel,dominant,plotted,Four-panel SuSiE / SuSiE-mix comparison created,1,L1,1,731,chr2_105053306_A_C_b38_A,chr2_105053306_A_C_b38_A,additive,0.0258571601259656,120,Single credible-set lead,274,146,30,FALSE,Different lead SNP; coding change: additive -> dominant,-619.39795935516,-618.878577986263,1.03876273779315,1,L1,1,4615,chr2_105051702_T_C_b38_T__dominant,chr2_105051702_T_C_b38_T,dominant,0.0121054877345065,227,275,144,31,/project2/mstephens/wdenault/susie_mix/plot/one_cs_dominant/MRPS9_Blood_Vessel_add_vs_mix.png
MRPS9,Pituitary,dominant,plotted,Four-panel SuSiE / SuSiE-mix comparison created,1,L1,1,619,chr2_104992000_C_G_b38_C,chr2_104992000_C_G_b38_C,additive,0.106947872158067,102,Single credible-set lead,126,67,8,FALSE,Different lead SNP; coding change: additive -> dominant,-267.41639199527,-265.375257472435,4.08226904567186,1,L1,1,4246,chr2_104999260_C_A_b38_C__dominant,chr2_104999260_C_A_b38_C,dominant,0.142913917989881,143,128,65,8,/project2/mstephens/wdenault/susie_mix/plot/one_cs_dominant/MRPS9_Pituitary_add_vs_mix.png
LRRC20,Skin,dominant,plotted,Four-panel SuSiE / SuSiE-mix comparison created,1,L1,1,1214,chr10_70388981_G_A_b38_G,chr10_70388981_G_A_b38_G,additive,0.152722217799341,14,Single credible-set lead,188,237,97,TRUE,Same lead SNP; coding change only: additive -> dominant,-721.153298716627,-718.340260851724,5.62607572980733,1,L1,1,5992,chr10_70388981_G_A_b38_G__dominant,chr10_70388981_G_A_b38_G,dominant,0.295661267195005,20,188,237,97,/project2/mstephens/wdenault/susie_mix/plot/one_cs_dominant/LRRC20_Skin_add_vs_mix.png
C4A,Esophagus,dominant,plotted,Four-panel SuSiE / SuSiE-mix comparison created,1,L1,1,1743,chr6_32233502_G_C_b38_G,chr6_32233502_G_C_b38_G,additive,0.193734006156099,5,Single credible-set lead,314,94,4,TRUE,Same lead SNP; coding change only: additive -> dominant,-564.539593468639,-564.46089630601,0.157394325258792,1,L1,1,9550,chr6_32233502_G_C_b38_G__dominant,chr6_32233502_G_C_b38_G,dominant,0.0997277847150392,10,314,94,4,/project2/mstephens/wdenault/susie_mix/plot/one_cs_dominant/C4A_Esophagus_add_vs_mix.png
SCN8A,Nerve,dominant,plotted,Four-panel SuSiE / SuSiE-mix comparison created,1,L1,1,921,chr12_51593694_C_T_b38_C,chr12_51593694_C_T_b38_C,additive,0.953278975593417,1,Single credible-set lead,237,104,13,TRUE,Same lead SNP; coding change only: additive -> dominant,-482.415033677168,-482.281192703878,0.26768194657825,1,L1,1,3703,chr12_51593694_C_T_b38_C__dominant,chr12_51593694_C_T_b38_C,dominant,0.526402250691319,2,237,104,13,/project2/mstephens/wdenault/susie_mix/plot/one_cs_dominant/SCN8A_Nerve_add_vs_mix.png
CEP104,Skin,dominant,plotted,Four-panel SuSiE / SuSiE-mix comparison created,1,L1,1,1311,chr1_3831521_A_G_b38_A,chr1_3831521_A_G_b38_A,additive,0.0630078991854739,81,Single credible-set lead,221,247,54,FALSE,Different lead SNP; coding change: additive -> dominant,-722.167209673141,-721.980800878561,0.372817589161059,1,L1,1,7124,chr1_3852915_T_C_b38_T__dominant,chr1_3852915_T_C_b38_T,dominant,0.0454624536838687,167,199,246,77,/project2/mstephens/wdenault/susie_mix/plot/one_cs_dominant/CEP104_Skin_add_vs_mix.png
CEP104,Adrenal Gland,dominant,plotted,Four-panel SuSiE / SuSiE-mix comparison created,1,L1,1,1384,chr1_3846325_C_T_b38_C,chr1_3846325_C_T_b38_C,additive,0.0816897907800138,44,Single credible-set lead,74,62,5,FALSE,Different lead SNP; coding change: additive -> dominant,-180.934622249271,-179.606774658117,2.6556951823087,1,L1,1,6448,chr1_3849191_T_C_b38_T__dominant,chr1_3849191_T_C_b38_T,dominant,0.260044547840786,70,61,65,15,/project2/mstephens/wdenault/susie_mix/plot/one_cs_dominant/CEP104_Adrenal_Gland_add_vs_mix.png
NDUFV3,Pancreas,dominant,plotted,Four-panel SuSiE / SuSiE-mix comparison created,1,L1,1,1448,chr21_42834171_G_A_b38_G,chr21_42834171_G_A_b38_G,additive,0.112220456671405,34,Single credible-set lead,110,61,9,TRUE,Same lead SNP; coding change only: additive -> dominant,-236.42670400835,-236.008850086719,0.835707843262014,1,L1,1,5656,chr21_42834171_G_A_b38_G__dominant,chr21_42834171_G_A_b38_G,dominant,0.185815510863571,62,110,61,9,/project2/mstephens/wdenault/susie_mix/plot/one_cs_dominant/NDUFV3_Pancreas_add_vs_mix.png
NDUFV3,Esophagus,dominant,plotted,Four-panel SuSiE / SuSiE-mix comparison created,1,L1,1,1725,chr21_42903610_C_T_b38_C,chr21_42903610_C_T_b38_C,additive,0.347900323885749,27,Single credible-set lead,374,36,2,TRUE,Same lead SNP; coding change only: additive -> dominant,-569.567046935431,-569.155496570926,0.823100729010548,1,L1,1,6316,chr21_42903610_C_T_b38_C__dominant,chr21_42903610_C_T_b38_C,dominant,0.266417479851439,52,374,36,2,/project2/mstephens/wdenault/susie_mix/plot/one_cs_dominant/NDUFV3_Esophagus_add_vs_mix.png
FCGBP,Salivary Gland,dominant,plotted,Four-panel SuSiE / SuSiE-mix comparison created,1,L1,1,1285,chr19_39934157_T_C_b38_T,chr19_39934157_T_C_b38_T,additive,0.424135009511909,3,Single credible-set lead,75,31,5,TRUE,Same lead SNP; coding change only: additive -> dominant,-137.333913972685,-130.746307668341,13.1752126086889,1,L1,1,4099,chr19_39934157_T_C_b38_T__dominant,chr19_39934157_T_C_b38_T,dominant,0.475309416774814,2,75,31,5,/project2/mstephens/wdenault/susie_mix/plot/one_cs_dominant/FCGBP_Salivary_Gland_add_vs_mix.png
KRT34,Skin,dominant,plotted,Four-panel SuSiE / SuSiE-mix comparison created,1,L1,1,1375,chr17_41334247_A_C_b38_A,chr17_41334247_A_C_b38_A,additive,0.173188794219113,7,Single credible-set lead,469,51,2,TRUE,Same lead SNP; coding change only: additive -> dominant,-720.851527017483,-720.086739632262,1.5295747704422,1,L1,1,5955,chr17_41334247_A_C_b38_A__dominant,chr17_41334247_A_C_b38_A,dominant,0.12857279577374,13,469,51,2,/project2/mstephens/wdenault/susie_mix/plot/one_cs_dominant/KRT34_Skin_add_vs_mix.png
ING5,Skin,dominant,plotted,Four-panel SuSiE / SuSiE-mix comparison created,1,L1,1,1243,chr2_241702616_C_T_b38_C,chr2_241702616_C_T_b38_C,additive,0.317910785482618,9,Single credible-set lead,189,249,84,TRUE,Same lead SNP; coding change only: additive -> dominant,-721.625998560673,-721.721531197154,-0.191065272962987,1,L1,1,4931,chr2_241702616_C_T_b38_C__dominant,chr2_241702616_C_T_b38_C,dominant,0.174863286835431,21,189,249,84,/project2/mstephens/wdenault/susie_mix/plot/one_cs_dominant/ING5_Skin_add_vs_mix.png
ARHGAP40,Salivary Gland,dominant,plotted,Four-panel SuSiE / SuSiE-mix comparison created,1,L1,1,821,chr20_38601843_C_A_b38_C,chr20_38601843_C_A_b38_C,additive,0.300732246526214,7,Single credible-set lead,52,46,13,TRUE,Same lead SNP; coding change only: additive -> dominant,-137.735587237522,-136.293271597935,2.88463127917402,1,L1,1,3607,chr20_38601843_C_A_b38_C__dominant,chr20_38601843_C_A_b38_C,dominant,0.234431749599669,12,52,46,13,/project2/mstephens/wdenault/susie_mix/plot/one_cs_dominant/ARHGAP40_Salivary_Gland_add_vs_mix.png
SLC29A4,Liver,dominant,plotted,Four-panel SuSiE / SuSiE-mix comparison created,1,L1,1,1756,chr7_5287233_T_G_b38_T,chr7_5287233_T_G_b38_T,additive,0.206221859532477,8,Single credible-set lead,127,11,2,TRUE,Same lead SNP; coding change only: additive -> dominant,-179.057629323053,-178.394361642879,1.32653536034866,1,L1,1,6358,chr7_5287233_T_G_b38_T__dominant,chr7_5287233_T_G_b38_T,dominant,0.144392320512361,14,127,11,2,/project2/mstephens/wdenault/susie_mix/plot/one_cs_dominant/SLC29A4_Liver_add_vs_mix.png
RASGRF2,Spleen,dominant,plotted,Four-panel SuSiE / SuSiE-mix comparison created,1,L1,1,1280,chr5_80994161_C_T_b38_C,chr5_80994161_C_T_b38_C,additive,0.119004449919646,11,Single credible-set lead,75,62,9,TRUE,Same lead SNP; coding change only: additive -> dominant,-187.361868465531,-186.717168783074,1.28939936491304,1,L1,1,4767,chr5_80994161_C_T_b38_C__dominant,chr5_80994161_C_T_b38_C,dominant,0.0926243915468401,20,75,62,9,/project2/mstephens/wdenault/susie_mix/plot/one_cs_dominant/RASGRF2_Spleen_add_vs_mix.png
ERAP1,Breast,dominant,plotted,Four-panel SuSiE / SuSiE-mix comparison created,1,L1,1,1071,chr5_96781596_G_A_b38_G,chr5_96781596_G_A_b38_G,additive,0.499134584732707,12,Single credible-set lead,182,76,11,TRUE,Same lead SNP; coding change only: additive -> dominant,-362.891866077199,-359.211286925695,7.36115830300923,1,L1,1,5187,chr5_96781596_G_A_b38_G__dominant,chr5_96781596_G_A_b38_G,dominant,0.664535805550263,6,182,76,11,/project2/mstephens/wdenault/susie_mix/plot/one_cs_dominant/ERAP1_Breast_add_vs_mix.png
ERAP1,Blood,dominant,plotted,Four-panel SuSiE / SuSiE-mix comparison created,1,L1,1,1094,chr5_96784751_C_T_b38_C,chr5_96784751_C_T_b38_C,additive,0.123945734793099,40,Single credible-set lead,312,108,15,TRUE,Same lead SNP; coding change only: additive -> dominant,-601.982008506619,-599.767677225743,4.42866256175284,1,L1,1,5392,chr5_96784751_C_T_b38_C__dominant,chr5_96784751_C_T_b38_C,dominant,0.341624342145113,50,312,108,15,/project2/mstephens/wdenault/susie_mix/plot/one_cs_dominant/ERAP1_Blood_add_vs_mix.png
CPLX1,Breast,dominant,plotted,Four-panel SuSiE / SuSiE-mix comparison created,1,L1,1,931,chr4_785606_A_G_b38_A,chr4_785606_A_G_b38_A,additive,0.207940636057766,30,Single credible-set lead,114,115,40,FALSE,Different lead SNP; coding change: additive -> dominant,-363.185798104824,-361.332308341655,3.70697952633884,1,L1,1,4804,chr4_777799_A_G_b38_A__dominant,chr4_777799_A_G_b38_A,dominant,0.0787424825686363,24,114,115,40,/project2/mstephens/wdenault/susie_mix/plot/one_cs_dominant/CPLX1_Breast_add_vs_mix.png
UCHL1,Pituitary,dominant,plotted,Four-panel SuSiE / SuSiE-mix comparison created,1,L1,1,1172,chr4_41236359_C_T_b38_C,chr4_41236359_C_T_b38_C,additive,0.174035334489133,11,Single credible-set lead,170,30,1,TRUE,Same lead SNP; coding change only: additive -> dominant,-265.87675378698,-265.344470287572,1.06456699881562,1,L1,1,4989,chr4_41236359_C_T_b38_C__dominant,chr4_41236359_C_T_b38_C,dominant,0.120337970406424,21,170,30,1,/project2/mstephens/wdenault/susie_mix/plot/one_cs_dominant/UCHL1_Pituitary_add_vs_mix.png
UCHL1,Nerve,dominant,plotted,Four-panel SuSiE / SuSiE-mix comparison created,1,L1,1,1190,chr4_41240346_T_C_b38_T,chr4_41240346_T_C_b38_T,additive,0.13732650252176,24,Single credible-set lead,291,61,2,TRUE,Same lead SNP; coding change only: additive -> dominant,-484.313843606285,-483.467615387085,1.69245643839929,1,L1,1,5251,chr4_41240346_T_C_b38_T__dominant,chr4_41240346_T_C_b38_T,dominant,0.129622903650394,41,291,61,2,/project2/mstephens/wdenault/susie_mix/plot/one_cs_dominant/UCHL1_Nerve_add_vs_mix.png
DNAL4,Thyroid,dominant,plotted,Four-panel SuSiE / SuSiE-mix comparison created,1,L1,1,628,chr22_38794091_G_T_b38_G,chr22_38794091_G_T_b38_G,additive,0.999918504707247,1,Single credible-set lead,318,69,3,TRUE,Same lead SNP; coding change only: additive -> dominant,-533.539742619669,-530.284429698245,6.51062584284819,1,L1,1,4034,chr22_38794091_G_T_b38_G__dominant,chr22_38794091_G_T_b38_G,dominant,0.965498250063971,1,318,69,3,/project2/mstephens/wdenault/susie_mix/plot/one_cs_dominant/DNAL4_Thyroid_add_vs_mix.png
ZNF117,Blood Vessel,dominant,plotted,Four-panel SuSiE / SuSiE-mix comparison created,1,L1,1,1351,chr7_65055772_C_T_b38_C,chr7_65055772_C_T_b38_C,additive,0.0964563268162851,132,Single credible-set lead,138,202,110,FALSE,Different lead SNP; coding change: additive -> dominant,-621.004246562619,-620.448064406909,1.11236431141879,1,L1,1,5264,chr7_65052851_G_T_b38_G__dominant,chr7_65052851_G_T_b38_G,dominant,0.0185225124526335,239,169,211,70,/project2/mstephens/wdenault/susie_mix/plot/one_cs_dominant/ZNF117_Blood_Vessel_add_vs_mix.png
SPACA6,Blood,dominant,plotted,Four-panel SuSiE / SuSiE-mix comparison created,1,L1,1,1585,chr19_51712043_A_C_b38_A,chr19_51712043_A_C_b38_A,additive,0.40164786825176,8,Single credible-set lead,291,122,22,FALSE,Different lead SNP; coding change: additive -> dominant,-598.364513353462,-596.908107623716,2.91281145949256,1,L1,1,6925,chr19_51699897_C_T_b38_C__dominant,chr19_51699897_C_T_b38_C,dominant,0.246308459583106,12,295,120,20,/project2/mstephens/wdenault/susie_mix/plot/one_cs_dominant/SPACA6_Blood_add_vs_mix.png
DCTN5,Colon,dominant,plotted,Four-panel SuSiE / SuSiE-mix comparison created,1,L1,1,791,chr16_23642022_C_T_b38_C,chr16_23642022_C_T_b38_C,additive,0.103191995905858,18,Single credible-set lead,209,110,13,FALSE,Different lead SNP; coding change: additive -> dominant,-452.1450048392,-451.963354644333,0.363300389735173,1,L1,1,4034,chr16_23659276_G_A_b38_G__dominant,chr16_23659276_G_A_b38_G,dominant,0.0532539704763191,32,204,113,15,/project2/mstephens/wdenault/susie_mix/plot/one_cs_dominant/DCTN5_Colon_add_vs_mix.png
PEBP4,Muscle,dominant,plotted,Four-panel SuSiE / SuSiE-mix comparison created,1,L1,1,806,chr8_22927534_C_T_b38_C,chr8_22927534_C_T_b38_C,additive,0.263548871373292,7,Single credible-set lead,313,147,17,TRUE,Same lead SNP; coding change only: additive -> dominant,-657.63704303639,-656.981283067686,1.31151993740923,1,L1,1,5434,chr8_22927534_C_T_b38_C__dominant,chr8_22927534_C_T_b38_C,dominant,0.221533798647214,13,313,147,17,/project2/mstephens/wdenault/susie_mix/plot/one_cs_dominant/PEBP4_Muscle_add_vs_mix.png
TMCC2,Blood Vessel,dominant,plotted,Four-panel SuSiE / SuSiE-mix comparison created,1,L1,1,1011,chr1_205244755_T_G_b38_T,chr1_205244755_T_G_b38_T,additive,0.0987078265303619,19,Single credible-set lead,276,155,19,FALSE,Different lead SNP; coding change: additive -> dominant,-619.424038295892,-618.478369706526,1.89133717873187,1,L1,1,5128,chr1_205292029_C_T_b38_C__dominant,chr1_205292029_C_T_b38_C,dominant,0.1158887536077,36,288,142,20,/project2/mstephens/wdenault/susie_mix/plot/one_cs_dominant/TMCC2_Blood_Vessel_add_vs_mix.png
SPIRE2,Testis,dominant,plotted,Four-panel SuSiE / SuSiE-mix comparison created,1,L1,1,1249,chr16_89818414_C_G_b38_C,chr16_89818414_C_G_b38_C,additive,0.433256763298545,4,Single credible-set lead,97,88,26,TRUE,Same lead SNP; coding change only: additive -> dominant,-279.861428962476,-278.984775774144,1.75330637666298,1,L1,1,4674,chr16_89818414_C_G_b38_C__dominant,chr16_89818414_C_G_b38_C,dominant,0.301797620804102,7,97,88,26,/project2/mstephens/wdenault/susie_mix/plot/one_cs_dominant/SPIRE2_Testis_add_vs_mix.png
FAM153A,Blood,dominant,plotted,Four-panel SuSiE / SuSiE-mix comparison created,1,L1,1,618,chr5_177724328_T_G_b38_T,chr5_177724328_T_G_b38_T,additive,0.124715935450445,25,Single credible-set lead,337,90,8,TRUE,Same lead SNP; coding change only: additive -> dominant,-598.354119164086,-598.396112932944,-0.0839875377150747,1,L1,1,3764,chr5_177724328_T_G_b38_T__dominant,chr5_177724328_T_G_b38_T,dominant,0.0788085597881464,46,337,90,8,/project2/mstephens/wdenault/susie_mix/plot/one_cs_dominant/FAM153A_Blood_add_vs_mix.png
FAM153A,Ovary,dominant,plotted,Four-panel SuSiE / SuSiE-mix comparison created,1,L1,1,720,chr5_177792938_G_A_b38_G,chr5_177792938_G_A_b38_G,additive,0.358272877963277,23,Single credible-set lead,52,40,14,FALSE,Different lead SNP; coding change: additive -> dominant,-135.297212197008,-133.923849682746,2.74672502852332,1,L1,1,3428,chr5_177790993_G_A_b38_G__dominant,chr5_177790993_G_A_b38_G,dominant,0.148207842226929,37,52,44,10,/project2/mstephens/wdenault/susie_mix/plot/one_cs_dominant/FAM153A_Ovary_add_vs_mix.png
TNS2,Blood Vessel,dominant,plotted,Four-panel SuSiE / SuSiE-mix comparison created,1,L1,1,1399,chr12_53049494_T_G_b38_T,chr12_53049494_T_G_b38_T,additive,0.363035863060775,7,Single credible-set lead,135,202,113,FALSE,Different lead SNP; coding change: additive -> dominant,-619.564121012003,-615.438117032137,8.25200795973046,1,L1,1,5016,chr12_53056216_C_T_b38_C__dominant,chr12_53056216_C_T_b38_C,dominant,0.599351180652036,10,159,212,79,/project2/mstephens/wdenault/susie_mix/plot/one_cs_dominant/TNS2_Blood_Vessel_add_vs_mix.png
DCTD,Muscle,dominant,plotted,Four-panel SuSiE / SuSiE-mix comparison created,1,L1,1,1645,chr4_182970578_A_C_b38_A,chr4_182970578_A_C_b38_A,additive,0.185157055017804,29,Single credible-set lead,241,191,45,FALSE,Different lead SNP; coding change: additive -> dominant,-658.398720805178,-657.937939045486,0.9215635193857,1,L1,1,6170,chr4_182921155_C_T_b38_C__dominant,chr4_182921155_C_T_b38_C,dominant,0.283644097055576,43,268,177,32,/project2/mstephens/wdenault/susie_mix/plot/one_cs_dominant/DCTD_Muscle_add_vs_mix.png
CLDN1,Lung,dominant,plotted,Four-panel SuSiE / SuSiE-mix comparison created,1,L1,1,1681,chr3_190343238_G_C_b38_G,chr3_190343238_G_C_b38_G,additive,0.756616636960657,9,Single credible-set lead,101,147,75,TRUE,Same lead SNP; coding change only: additive -> dominant,-439.428722158149,-438.229303281089,2.39883775412045,1,L1,1,6711,chr3_190343238_G_C_b38_G__dominant,chr3_190343238_G_C_b38_G,dominant,0.4839691350378,12,101,147,75,/project2/mstephens/wdenault/susie_mix/plot/one_cs_dominant/CLDN1_Lung_add_vs_mix.png
CLDN1,Spleen,dominant,plotted,Four-panel SuSiE / SuSiE-mix comparison created,1,L1,1,1326,chr3_190227976_A_G_b38_A,chr3_190227976_A_G_b38_A,additive,0.127604594093609,28,Single credible-set lead,49,76,21,TRUE,Same lead SNP; coding change only: additive -> dominant,-191.125043162488,-190.639421354879,0.971243615218782,1,L1,1,5908,chr3_190227976_A_G_b38_A__dominant,chr3_190227976_A_G_b38_A,dominant,0.0397436929324064,53,49,76,21,/project2/mstephens/wdenault/susie_mix/plot/one_cs_dominant/CLDN1_Spleen_add_vs_mix.png
CCDC154,Thyroid,dominant,plotted,Four-panel SuSiE / SuSiE-mix comparison created,1,L1,1,1463,chr16_1441426_C_T_b38_C,chr16_1441426_C_T_b38_C,additive,0.115303671832048,39,Single credible-set lead,341,47,2,TRUE,Same lead SNP; coding change only: additive -> dominant,-534.660355302691,-533.609586338531,2.10153792832011,1,L1,1,6978,chr16_1441426_C_T_b38_C__dominant,chr16_1441426_C_T_b38_C,dominant,0.102807057247187,64,341,47,2,/project2/mstephens/wdenault/susie_mix/plot/one_cs_dominant/CCDC154_Thyroid_add_vs_mix.png
KATNAL2,Thyroid,dominant,plotted,Four-panel SuSiE / SuSiE-mix comparison created,1,L1,1,891,chr18_46776717_T_G_b38_T,chr18_46776717_T_G_b38_T,additive,0.188984883104441,91,Single credible-set lead,308,72,10,TRUE,Same lead SNP; coding change only: additive -> dominant,-535.915190522266,-535.60253467492,0.625311694691163,1,L1,1,4101,chr18_46776717_T_G_b38_T__dominant,chr18_46776717_T_G_b38_T,dominant,0.131193736722778,170,308,72,10,/project2/mstephens/wdenault/susie_mix/plot/one_cs_dominant/KATNAL2_Thyroid_add_vs_mix.png
KATNAL2,Blood Vessel,dominant,plotted,Four-panel SuSiE / SuSiE-mix comparison created,1,L1,1,894,chr18_46777809_C_T_b38_C,chr18_46777809_C_T_b38_C,additive,0.308748972678146,86,Single credible-set lead,359,79,12,TRUE,Same lead SNP; coding change only: additive -> dominant,-622.708598098518,-621.282471356985,2.85225348306562,1,L1,1,4344,chr18_46777809_C_T_b38_C__dominant,chr18_46777809_C_T_b38_C,dominant,0.293110818563856,96,359,79,12,/project2/mstephens/wdenault/susie_mix/plot/one_cs_dominant/KATNAL2_Blood_Vessel_add_vs_mix.png
DCAF4,Colon,dominant,plotted,Four-panel SuSiE / SuSiE-mix comparison created,1,L1,1,1069,chr14_72926683_G_A_b38_G,chr14_72926683_G_A_b38_G,additive,0.334338652160715,30,Single credible-set lead,214,107,11,TRUE,Same lead SNP; coding change only: additive -> dominant,-453.193338678907,-452.414705711749,1.55726593431655,1,L1,1,4486,chr14_72926683_G_A_b38_G__dominant,chr14_72926683_G_A_b38_G,dominant,0.272906104144388,52,214,107,11,/project2/mstephens/wdenault/susie_mix/plot/one_cs_dominant/DCAF4_Colon_add_vs_mix.png
DUS3L,Testis,dominant,plotted,Four-panel SuSiE / SuSiE-mix comparison created,1,L1,1,1192,chr19_5795230_G_A_b38_G,chr19_5795230_G_A_b38_G,additive,0.0656222582965885,25,Single credible-set lead,148,56,7,FALSE,Different lead SNP; coding change: additive -> dominant,-280.171531423794,-277.681213231902,4.98063638378415,1,L1,1,4646,chr19_5798274_T_C_b38_T__dominant,chr19_5798274_T_C_b38_T,dominant,0.177228353909063,34,128,70,13,/project2/mstephens/wdenault/susie_mix/plot/one_cs_dominant/DUS3L_Testis_add_vs_mix.png
DUS3L,Esophagus,dominant,plotted,Four-panel SuSiE / SuSiE-mix comparison created,1,L1,1,1190,chr19_5794229_A_C_b38_A,chr19_5794229_A_C_b38_A,additive,0.0899593235993639,25,Single credible-set lead,240,137,35,FALSE,Different lead SNP; coding change: additive -> dominant,-566.256423647798,-565.65322944406,1.20638840747461,1,L1,1,4873,chr19_5777312_A_G_b38_A__dominant,chr19_5777312_A_G_b38_A,dominant,0.0864355540586923,42,242,131,39,/project2/mstephens/wdenault/susie_mix/plot/one_cs_dominant/DUS3L_Esophagus_add_vs_mix.png
DUS3L,Pituitary,dominant,plotted,Four-panel SuSiE / SuSiE-mix comparison created,1,L1,1,1150,chr19_5777312_A_G_b38_A,chr19_5777312_A_G_b38_A,additive,0.153802434289331,16,Single credible-set lead,122,64,15,TRUE,Same lead SNP; coding change only: additive -> dominant,-269.709315318405,-269.596414567602,0.225801501606043,1,L1,1,4591,chr19_5777312_A_G_b38_A__dominant,chr19_5777312_A_G_b38_A,dominant,0.103630469634761,29,122,64,15,/project2/mstephens/wdenault/susie_mix/plot/one_cs_dominant/DUS3L_Pituitary_add_vs_mix.png
P2RX6,Pituitary,dominant,plotted,Four-panel SuSiE / SuSiE-mix comparison created,1,L1,1,1234,chr22_21015165_A_G_b38_A,chr22_21015165_A_G_b38_A,additive,0.85695697960521,3,Single credible-set lead,168,31,2,TRUE,Same lead SNP; coding change only: additive -> dominant,-265.868030498367,-265.376557472104,0.982946052525904,1,L1,1,3869,chr22_21015165_A_G_b38_A__dominant,chr22_21015165_A_G_b38_A,dominant,0.574118727987432,5,168,31,2,/project2/mstephens/wdenault/susie_mix/plot/one_cs_dominant/P2RX6_Pituitary_add_vs_mix.png
HBG2,Lung,dominant,plotted,Four-panel SuSiE / SuSiE-mix comparison created,1,L1,1,1058,chr11_5256061_C_T_b38_C,chr11_5256061_C_T_b38_C,additive,0.17202679460044,11,Single credible-set lead,167,126,30,TRUE,Same lead SNP; coding change only: additive -> dominant,-439.230976680467,-437.151477216092,4.15899892875018,1,L1,1,9142,chr11_5256061_C_T_b38_C__dominant,chr11_5256061_C_T_b38_C,dominant,0.145510133215783,20,167,126,30,/project2/mstephens/wdenault/susie_mix/plot/one_cs_dominant/HBG2_Lung_add_vs_mix.png
HBG2,Blood,dominant,plotted,Four-panel SuSiE / SuSiE-mix comparison created,1,L1,1,1025,chr11_5242916_T_G_b38_T,chr11_5242916_T_G_b38_T,additive,0.198491458277987,18,Single credible-set lead,217,173,45,TRUE,Same lead SNP; coding change only: additive -> dominant,-600.173328031669,-596.824784518322,6.69708702669414,1,L1,1,9283,chr11_5242916_T_G_b38_T__dominant,chr11_5242916_T_G_b38_T,dominant,0.247141151385371,17,217,173,45,/project2/mstephens/wdenault/susie_mix/plot/one_cs_dominant/HBG2_Blood_add_vs_mix.png
STOML1,Nerve,dominant,plotted,Four-panel SuSiE / SuSiE-mix comparison created,1,L1,1,929,chr15_73974979_T_C_b38_T,chr15_73974979_T_C_b38_T,additive,0.248573620261883,22,Single credible-set lead,125,176,53,TRUE,Same lead SNP; coding change only: additive -> dominant,-483.862479060981,-479.066796734462,9.59136465303766,1,L1,1,3856,chr15_73974979_T_C_b38_T__dominant,chr15_73974979_T_C_b38_T,dominant,0.479427775300454,12,125,176,53,/project2/mstephens/wdenault/susie_mix/plot/one_cs_dominant/STOML1_Nerve_add_vs_mix.png
SNRNP25,Colon,dominant,plotted,Four-panel SuSiE / SuSiE-mix comparison created,1,L1,1,104,chr16_53923_C_G_b38_C,chr16_53923_C_G_b38_C,additive,0.880821727275364,3,Single credible-set lead,133,139,60,TRUE,Same lead SNP; coding change only: additive -> dominant,-451.93089387172,-447.559486076389,8.74281559066276,1,L1,1,2120,chr16_53923_C_G_b38_C__dominant,chr16_53923_C_G_b38_C,dominant,0.903302368185869,2,133,139,60,/project2/mstephens/wdenault/susie_mix/plot/one_cs_dominant/SNRNP25_Colon_add_vs_mix.png
SNRNP25,Esophagus,dominant,plotted,Four-panel SuSiE / SuSiE-mix comparison created,1,L1,1,52,chr16_41309_C_T_b38_C,chr16_41309_C_T_b38_C,additive,0.798701838637729,3,Single credible-set lead,156,163,93,TRUE,Same lead SNP; coding change only: additive -> dominant,-567.554254312276,-563.880043689038,7.34842124647707,1,L1,1,2105,chr16_41309_C_T_b38_C__dominant,chr16_41309_C_T_b38_C,dominant,0.753420857500213,3,156,163,93,/project2/mstephens/wdenault/susie_mix/plot/one_cs_dominant/SNRNP25_Esophagus_add_vs_mix.png
PRR15L,Testis,dominant,plotted,Four-panel SuSiE / SuSiE-mix comparison created,1,L1,1,828,chr17_47933527_C_A_b38_C,chr17_47933527_C_A_b38_C,additive,0.0474498371867798,42,Single credible-set lead,139,69,3,TRUE,Same lead SNP; coding change only: additive -> dominant,-280.51019499435,-280.432920062276,0.154549864149089,1,L1,1,3811,chr17_47933527_C_A_b38_C__dominant,chr17_47933527_C_A_b38_C,dominant,0.043557452417483,90,139,69,3,/project2/mstephens/wdenault/susie_mix/plot/one_cs_dominant/PRR15L_Testis_add_vs_mix.png
PDF,Nerve,dominant,plotted,Four-panel SuSiE / SuSiE-mix comparison created,1,L1,1,637,chr16_69321733_G_A_b38_G,chr16_69321733_G_A_b38_G,additive,0.0954161803449603,48,Single credible-set lead,241,99,14,TRUE,Same lead SNP; coding change only: additive -> dominant,-484.244631694043,-482.999284790384,2.49069380731771,1,L1,1,3197,chr16_69321733_G_A_b38_G__dominant,chr16_69321733_G_A_b38_G,dominant,0.130082219962896,88,241,99,14,/project2/mstephens/wdenault/susie_mix/plot/one_cs_dominant/PDF_Nerve_add_vs_mix.png
ZNF436,Salivary Gland,dominant,plotted,Four-panel SuSiE / SuSiE-mix comparison created,1,L1,1,740,chr1_23358996_C_T_b38_C,chr1_23358996_C_T_b38_C,additive,0.15836599282675,10,Single credible-set lead,97,13,1,TRUE,Same lead SNP; coding change only: additive -> dominant,-138.126325602739,-137.052936856984,2.14677749150951,1,L1,1,3064,chr1_23358996_C_T_b38_C__dominant,chr1_23358996_C_T_b38_C,dominant,0.124530915701818,18,97,13,1,/project2/mstephens/wdenault/susie_mix/plot/one_cs_dominant/ZNF436_Salivary_Gland_add_vs_mix.png
EPPIN,Testis,dominant,plotted,Four-panel SuSiE / SuSiE-mix comparison created,1,L1,1,976,chr20_45542073_C_A_b38_C,chr20_45542073_C_A_b38_C,additive,0.698789869209981,6,Single credible-set lead,160,47,4,TRUE,Same lead SNP; coding change only: additive -> dominant,-280.593279967378,-280.39989920989,0.386761514977138,1,L1,1,4909,chr20_45542073_C_A_b38_C__dominant,chr20_45542073_C_A_b38_C,dominant,0.404852037078054,10,160,47,4,/project2/mstephens/wdenault/susie_mix/plot/one_cs_dominant/EPPIN_Testis_add_vs_mix.png
NUDT2,Blood,dominant,plotted,Four-panel SuSiE / SuSiE-mix comparison created,1,L1,1,1127,chr9_34337969_G_A_b38_G,chr9_34337969_G_A_b38_G,additive,0.0939583221449324,27,Single credible-set lead,290,129,16,TRUE,Same lead SNP; coding change only: additive -> dominant,-598.356370730167,-597.564550452615,1.58364055510333,1,L1,1,4557,chr9_34337969_G_A_b38_G__dominant,chr9_34337969_G_A_b38_G,dominant,0.0770261644498919,47,290,129,16,/project2/mstephens/wdenault/susie_mix/plot/one_cs_dominant/NUDT2_Blood_add_vs_mix.png
PROCR,Spleen,dominant,plotted,Four-panel SuSiE / SuSiE-mix comparison created,1,L1,1,797,chr20_35145275_T_C_b38_T,chr20_35145275_T_C_b38_T,additive,0.194310439329175,17,Single credible-set lead,89,55,2,TRUE,Same lead SNP; coding change only: additive -> dominant,-188.348586984595,-186.532256765738,3.6326604377121,1,L1,1,3281,chr20_35145275_T_C_b38_T__dominant,chr20_35145275_T_C_b38_T,dominant,0.0937761316388026,27,89,55,2,/project2/mstephens/wdenault/susie_mix/plot/one_cs_dominant/PROCR_Spleen_add_vs_mix.png
CCHCR1,Thyroid,dominant,plotted,Four-panel SuSiE / SuSiE-mix comparison created,1,L1,1,2920,chr6_31186856_T_C_b38_T,chr6_31186856_T_C_b38_T,additive,0.0498593596864637,24,Single credible-set lead,235,134,21,FALSE,Different lead SNP; coding change: additive -> dominant,-534.315962487319,-532.890239296831,2.85144638097677,1,L1,1,19136,chr6_31170330_G_A_b38_G__dominant,chr6_31170330_G_A_b38_G,dominant,0.0913746259243154,45,236,131,23,/project2/mstephens/wdenault/susie_mix/plot/one_cs_dominant/CCHCR1_Thyroid_add_vs_mix.png
APOE,Testis,dominant,plotted,Four-panel SuSiE / SuSiE-mix comparison created,1,L1,1,1329,chr19_44935906_C_G_b38_C,chr19_44935906_C_G_b38_C,additive,0.999967359071403,1,Single credible-set lead,132,66,13,TRUE,Same lead SNP; coding change only: additive -> dominant,-279.857070580563,-279.156614954357,1.4009112524127,1,L1,1,5238,chr19_44935906_C_G_b38_C__dominant,chr19_44935906_C_G_b38_C,dominant,0.725181099765151,2,132,66,13,/project2/mstephens/wdenault/susie_mix/plot/one_cs_dominant/APOE_Testis_add_vs_mix.png
HAP1,Nerve,dominant,plotted,Four-panel SuSiE / SuSiE-mix comparison created,1,L1,1,1049,chr17_41721287_T_C_b38_T,chr17_41721287_T_C_b38_T,additive,0.553461432381309,16,Single credible-set lead,274,74,6,TRUE,Same lead SNP; coding change only: additive -> dominant,-484.202650505901,-484.113224590278,0.178851831244288,1,L1,1,4198,chr17_41721287_T_C_b38_T__dominant,chr17_41721287_T_C_b38_T,dominant,0.282976686635594,24,274,74,6,/project2/mstephens/wdenault/susie_mix/plot/one_cs_dominant/HAP1_Nerve_add_vs_mix.png
C6orf118,Testis,dominant,plotted,Four-panel SuSiE / SuSiE-mix comparison created,1,L1,1,1693,chr6_165255384_G_T_b38_G,chr6_165255384_G_T_b38_G,additive,0.19612654642996,18,Single credible-set lead,76,86,49,FALSE,Different lead SNP; coding change: additive -> dominant,-280.972464726836,-280.203979731645,1.53696999038141,1,L1,1,6976,chr6_165253244_A_G_b38_A__dominant,chr6_165253244_A_G_b38_A,dominant,0.116536691479876,25,153,51,7,/project2/mstephens/wdenault/susie_mix/plot/one_cs_dominant/C6orf118_Testis_add_vs_mix.png
WDR18,Salivary Gland,dominant,plotted,Four-panel SuSiE / SuSiE-mix comparison created,2,L1,1,1885,chr19_990394_T_C_b38_T,chr19_990394_T_C_b38_T,additive,0.269949632355207,18,Highest-PIP credible-set lead,37,51,23,TRUE,Same lead SNP; coding change only: additive -> dominant,-128.009772635927,-137.286279065246,-18.5530128586375,1,L1,1,6320,chr19_990394_T_C_b38_T__dominant,chr19_990394_T_C_b38_T,dominant,0.269424128734306,15,37,51,23,/project2/mstephens/wdenault/susie_mix/plot/one_cs_dominant/WDR18_Salivary_Gland_add_vs_mix.png
WDR18,Uterus,dominant,plotted,Four-panel SuSiE / SuSiE-mix comparison created,1,L1,1,1908,chr19_997225_T_G_b38_T,chr19_997225_T_G_b38_T,additive,0.10225155770302,37,Single credible-set lead,23,37,18,FALSE,Different lead SNP; coding change: additive -> dominant,-96.0210032604933,-95.1553726527704,1.73126121544584,1,L1,1,6089,chr19_992903_C_T_b38_C__dominant,chr19_992903_C_T_b38_C,dominant,0.135042752251172,66,20,39,19,/project2/mstephens/wdenault/susie_mix/plot/one_cs_dominant/WDR18_Uterus_add_vs_mix.png
PLEKHA6,Lung,dominant,plotted,Four-panel SuSiE / SuSiE-mix comparison created,1,L1,1,1068,chr1_204344328_G_C_b38_G,chr1_204344328_G_C_b38_G,additive,0.170037998874457,9,Single credible-set lead,133,151,39,TRUE,Same lead SNP; coding change only: additive -> dominant,-439.35352875735,-439.585469125745,-0.463880736790088,1,L1,1,4565,chr1_204344328_G_C_b38_G__dominant,chr1_204344328_G_C_b38_G,dominant,0.0780941318729773,28,133,151,39,/project2/mstephens/wdenault/susie_mix/plot/one_cs_dominant/PLEKHA6_Lung_add_vs_mix.png
WFIKKN2,Pituitary,dominant,plotted,Four-panel SuSiE / SuSiE-mix comparison created,1,L1,1,899,chr17_50794492_A_T_b38_A,chr17_50794492_A_T_b38_A,additive,0.224033162134901,10,Single credible-set lead,139,61,1,TRUE,Same lead SNP; coding change only: additive -> dominant,-266.310199202788,-265.783536118689,1.05332616819862,1,L1,1,3879,chr17_50794492_A_T_b38_A__dominant,chr17_50794492_A_T_b38_A,dominant,0.152504507041581,18,139,61,1,/project2/mstephens/wdenault/susie_mix/plot/one_cs_dominant/WFIKKN2_Pituitary_add_vs_mix.png
ZDHHC2,Pancreas,dominant,plotted,Four-panel SuSiE / SuSiE-mix comparison created,1,L1,1,1719,chr8_17184195_C_T_b38_C,chr8_17184195_C_T_b38_C,additive,0.47864807999596,4,Single credible-set lead,133,44,3,TRUE,Same lead SNP; coding change only: additive -> dominant,-236.548340252084,-234.916763785228,3.26315293371192,1,L1,1,7254,chr8_17184195_C_T_b38_C__dominant,chr8_17184195_C_T_b38_C,dominant,0.513338235354407,7,133,44,3,/project2/mstephens/wdenault/susie_mix/plot/one_cs_dominant/ZDHHC2_Pancreas_add_vs_mix.png
ARHGEF17,Blood,dominant,plotted,Four-panel SuSiE / SuSiE-mix comparison created,1,L1,1,436,chr11_73301056_T_G_b38_T,chr11_73301056_T_G_b38_T,additive,0.195283868719101,34,Single credible-set lead,334,90,11,TRUE,Same lead SNP; coding change only: additive -> dominant,-598.802655911878,-598.740959181013,0.123393461728483,1,L1,1,2587,chr11_73301056_T_G_b38_T__dominant,chr11_73301056_T_G_b38_T,dominant,0.108938004421179,68,334,90,11,/project2/mstephens/wdenault/susie_mix/plot/one_cs_dominant/ARHGEF17_Blood_add_vs_mix.png
PSORS1C1,Ovary,dominant,plotted,Four-panel SuSiE / SuSiE-mix comparison created,1,L1,1,2308,chr6_31114584_C_T_b38_C,chr6_31114584_C_T_b38_C,additive,0.287418385002056,6,Single credible-set lead,73,29,4,TRUE,Same lead SNP; coding change only: additive -> dominant,-131.06509526375,-130.872118501118,0.385953525264199,1,L1,1,16117,chr6_31114584_C_T_b38_C__dominant,chr6_31114584_C_T_b38_C,dominant,0.16839955216498,10,73,29,4,/project2/mstephens/wdenault/susie_mix/plot/one_cs_dominant/PSORS1C1_Ovary_add_vs_mix.png
PSORS1C1,Small Intestine,dominant,plotted,Four-panel SuSiE / SuSiE-mix comparison created,1,L1,1,2441,chr6_31125810_G_A_b38_G,chr6_31125810_G_A_b38_G,additive,0.0473274623239354,50,Single credible-set lead,66,41,8,TRUE,Same lead SNP; coding change only: additive -> dominant,-146.060849565212,-145.792551141682,0.536596847061276,1,L1,1,16420,chr6_31125810_G_A_b38_G__dominant,chr6_31125810_G_A_b38_G,dominant,0.0327227829633541,97,66,41,8,/project2/mstephens/wdenault/susie_mix/plot/one_cs_dominant/PSORS1C1_Small_Intestine_add_vs_mix.png
EPN3,Thyroid,dominant,plotted,Four-panel SuSiE / SuSiE-mix comparison created,2,L1,1,1013,chr17_50523402_G_A_b38_G,chr17_50523402_G_A_b38_G,additive,0.117557869931481,21,Highest-PIP credible-set lead,115,203,72,FALSE,Different lead SNP; coding change: additive -> dominant,-529.695453006276,-534.428987314814,-9.46706861707526,1,L1,1,4469,chr17_50523967_G_A_b38_G__dominant,chr17_50523967_G_A_b38_G,dominant,0.0829092223397168,37,216,147,27,/project2/mstephens/wdenault/susie_mix/plot/one_cs_dominant/EPN3_Thyroid_add_vs_mix.png
LYSMD4,Salivary Gland,dominant,plotted,Four-panel SuSiE / SuSiE-mix comparison created,1,L1,1,1167,chr15_99734267_A_T_b38_A,chr15_99734267_A_T_b38_A,additive,0.376948573618203,10,Single credible-set lead,61,37,13,FALSE,Different lead SNP; coding change: additive -> dominant,-138.928449387492,-137.751608267867,2.35368223925053,1,L1,1,5726,chr15_99723294_T_C_b38_T__dominant,chr15_99723294_T_C_b38_T,dominant,0.327559190439926,13,63,38,10,/project2/mstephens/wdenault/susie_mix/plot/one_cs_dominant/LYSMD4_Salivary_Gland_add_vs_mix.png
LSS,Muscle,dominant,plotted,Four-panel SuSiE / SuSiE-mix comparison created,1,L1,1,1701,chr21_46298850_G_C_b38_G,chr21_46298850_G_C_b38_G,additive,0.140893349967495,21,Single credible-set lead,201,211,65,FALSE,Different lead SNP; coding change: additive -> dominant,-658.39064639802,-657.579586441661,1.62211991271761,1,L1,1,6720,chr21_46299019_T_C_b38_T__dominant,chr21_46299019_T_C_b38_T,dominant,0.152620022553742,35,202,216,59,/project2/mstephens/wdenault/susie_mix/plot/one_cs_dominant/LSS_Muscle_add_vs_mix.png
LSS,Spleen,dominant,plotted,Four-panel SuSiE / SuSiE-mix comparison created,1,L1,1,1371,chr21_46194529_A_G_b38_A,chr21_46194529_A_G_b38_A,additive,0.392003061741816,4,Single credible-set lead,80,56,10,FALSE,Different lead SNP; coding change: additive -> dominant,-189.911614955326,-189.968591514389,-0.113953118125153,1,L1,1,5957,chr21_46288340_T_C_b38_T__dominant,chr21_46288340_T_C_b38_T,dominant,0.239866943922071,23,89,50,7,/project2/mstephens/wdenault/susie_mix/plot/one_cs_dominant/LSS_Spleen_add_vs_mix.png
MRAP2,Ovary,dominant,plotted,Four-panel SuSiE / SuSiE-mix comparison created,1,L1,1,539,chr6_84040452_G_C_b38_G,chr6_84040452_G_C_b38_G,additive,0.245436705186677,4,Single credible-set lead,85,19,2,TRUE,Same lead SNP; coding change only: additive -> dominant,-130.873822407322,-130.484153335248,0.779338144149335,1,L1,1,2576,chr6_84040452_G_C_b38_G__dominant,chr6_84040452_G_C_b38_G,dominant,0.157956750177728,8,85,19,2,/project2/mstephens/wdenault/susie_mix/plot/one_cs_dominant/MRAP2_Ovary_add_vs_mix.png
CPVL,Pancreas,dominant,plotted,Four-panel SuSiE / SuSiE-mix comparison created,1,L1,1,1145,chr7_29149254_G_A_b38_G,chr7_29149254_G_A_b38_G,additive,0.24453220298889,5,Single credible-set lead,79,77,24,TRUE,Same lead SNP; coding change only: additive -> dominant,-236.230489964096,-235.999804313514,0.461371301163979,1,L1,1,5703,chr7_29149254_G_A_b38_G__dominant,chr7_29149254_G_A_b38_G,dominant,0.129741528191299,9,79,77,24,/project2/mstephens/wdenault/susie_mix/plot/one_cs_dominant/CPVL_Pancreas_add_vs_mix.png
RIPK3,Nerve,dominant,plotted,Four-panel SuSiE / SuSiE-mix comparison created,1,L1,1,730,chr14_24349156_T_C_b38_T,chr14_24349156_T_C_b38_T,additive,0.129044394837145,28,Single credible-set lead,311,41,2,TRUE,Same lead SNP; coding change only: additive -> dominant,-484.047318596864,-483.50782109348,1.07899500676797,1,L1,1,4492,chr14_24349156_T_C_b38_T__dominant,chr14_24349156_T_C_b38_T,dominant,0.0842892387953729,45,311,41,2,/project2/mstephens/wdenault/susie_mix/plot/one_cs_dominant/RIPK3_Nerve_add_vs_mix.png
MYEF2,Blood,dominant,plotted,Four-panel SuSiE / SuSiE-mix comparison created,1,L1,1,787,chr15_48361429_C_T_b38_C,chr15_48361429_C_T_b38_C,additive,0.63482438181055,19,Single credible-set lead,319,107,9,TRUE,Same lead SNP; coding change only: additive -> dominant,-599.306184174122,-598.303778757803,2.0048108326373,1,L1,1,2949,chr15_48361429_C_T_b38_C__dominant,chr15_48361429_C_T_b38_C,dominant,0.269749188075454,20,319,107,9,/project2/mstephens/wdenault/susie_mix/plot/one_cs_dominant/MYEF2_Blood_add_vs_mix.png
ADK,Blood,dominant,plotted,Four-panel SuSiE / SuSiE-mix comparison created,1,L1,1,461,chr10_74081698_G_A_b38_G,chr10_74081698_G_A_b38_G,additive,0.264591250557481,11,Single credible-set lead,312,118,5,TRUE,Same lead SNP; coding change only: additive -> dominant,-598.561374845489,-597.804349337096,1.51405101678643,1,L1,1,2554,chr10_74081698_G_A_b38_G__dominant,chr10_74081698_G_A_b38_G,dominant,0.19977183968809,16,312,118,5,/project2/mstephens/wdenault/susie_mix/plot/one_cs_dominant/ADK_Blood_add_vs_mix.png
BBS2,Spleen,dominant,plotted,Four-panel SuSiE / SuSiE-mix comparison created,1,L1,1,631,chr16_56384424_C_G_b38_C,chr16_56384424_C_G_b38_C,additive,0.106208284214495,20,Single credible-set lead,79,58,9,TRUE,Same lead SNP; coding change only: additive -> dominant,-188.426726971088,-188.548973975326,-0.244494008476636,1,L1,1,4121,chr16_56384424_C_G_b38_C__dominant,chr16_56384424_C_G_b38_C,dominant,0.064951587510806,39,79,58,9,/project2/mstephens/wdenault/susie_mix/plot/one_cs_dominant/BBS2_Spleen_add_vs_mix.png
SPATA20,Esophagus,dominant,plotted,Four-panel SuSiE / SuSiE-mix comparison created,1,L1,1,1062,chr17_50556996_T_C_b38_T,chr17_50556996_T_C_b38_T,additive,0.302959261424104,7,Single credible-set lead,155,185,72,FALSE,Different lead SNP; coding change: additive -> dominant,-566.115006358295,-565.779750867046,0.670510982498399,1,L1,1,4508,chr17_50559173_G_A_b38_G__dominant,chr17_50559173_G_A_b38_G,dominant,0.20547101508131,13,169,182,61,/project2/mstephens/wdenault/susie_mix/plot/one_cs_dominant/SPATA20_Esophagus_add_vs_mix.png
HAGH,Blood Vessel,dominant,plotted,Four-panel SuSiE / SuSiE-mix comparison created,1,L1,1,1583,chr16_1855200_G_T_b38_G,chr16_1855200_G_T_b38_G,additive,0.0768634273267074,63,Single credible-set lead,215,184,51,FALSE,Different lead SNP; coding change: additive -> dominant,-620.541026603637,-618.808661794942,3.46472961739096,1,L1,1,6087,chr16_1829064_A_T_b38_A__dominant,chr16_1829064_A_T_b38_A,dominant,0.185248356397062,91,189,185,76,/project2/mstephens/wdenault/susie_mix/plot/one_cs_dominant/HAGH_Blood_Vessel_add_vs_mix.png
HAGH,Adipose Tissue,dominant,plotted,Four-panel SuSiE / SuSiE-mix comparison created,1,L1,1,1057,chr16_1788835_C_G_b38_C,chr16_1788835_C_G_b38_C,additive,0.122584912892478,83,Single credible-set lead,236,188,46,FALSE,Different lead SNP; coding change: additive -> dominant,-652.810908574479,-650.599530525918,4.42275609712306,1,L1,1,6269,chr16_1848096_C_T_b38_C__dominant,chr16_1848096_C_T_b38_C,dominant,0.128506922542716,109,184,213,73,/project2/mstephens/wdenault/susie_mix/plot/one_cs_dominant/HAGH_Adipose_Tissue_add_vs_mix.png
HAGH,Pancreas,dominant,plotted,Four-panel SuSiE / SuSiE-mix comparison created,1,L1,1,1501,chr16_1844911_C_T_b38_C,chr16_1844911_C_T_b38_C,additive,0.219147564186292,135,Single credible-set lead,81,80,19,FALSE,Different lead SNP; coding change: additive -> dominant,-241.781023083809,-239.135440436681,5.29116529425596,1,L1,1,5549,chr16_1804037_C_T_b38_C__dominant,chr16_1804037_C_T_b38_C,dominant,0.230198065699168,47,85,79,16,/project2/mstephens/wdenault/susie_mix/plot/one_cs_dominant/HAGH_Pancreas_add_vs_mix.png
VPS37B,Blood Vessel,dominant,plotted,Four-panel SuSiE / SuSiE-mix comparison created,1,L1,1,819,chr12_122893022_C_T_b38_C,chr12_122893022_C_T_b38_C,additive,0.0821439806018949,44,Single credible-set lead,329,102,19,FALSE,Different lead SNP; coding change: additive -> dominant,-620.61940697109,-618.795580871981,3.64765219821948,1,L1,1,3161,chr12_122892923_T_C_b38_T__dominant,chr12_122892923_T_C_b38_T,dominant,0.0897841959870662,72,330,102,18,/project2/mstephens/wdenault/susie_mix/plot/one_cs_dominant/VPS37B_Blood_Vessel_add_vs_mix.png
ATP6V1D,Colon,dominant,plotted,Four-panel SuSiE / SuSiE-mix comparison created,1,L1,1,287,chr14_67213372_T_A_b38_T,chr14_67213372_T_A_b38_T,additive,0.13624484932935,182,Single credible-set lead,287,42,3,TRUE,Same lead SNP; coding change only: additive -> dominant,-454.969110321779,-454.423163353884,1.09189393578833,1,L1,1,2647,chr14_67213372_T_A_b38_T__dominant,chr14_67213372_T_A_b38_T,dominant,0.0674143056658699,356,287,42,3,/project2/mstephens/wdenault/susie_mix/plot/one_cs_dominant/ATP6V1D_Colon_add_vs_mix.png
VARS2,Breast,dominant,plotted,Four-panel SuSiE / SuSiE-mix comparison created,1,L1,1,1825,chr6_30963468_C_T_b38_C,chr6_30963468_C_T_b38_C,additive,0.0794184377961632,67,Single credible-set lead,115,122,32,FALSE,Different lead SNP; coding change: additive -> dominant,-363.868889026077,-363.579999884921,0.577778282313375,1,L1,1,16311,chr6_30951924_T_C_b38_T__dominant,chr6_30951924_T_C_b38_T,dominant,0.0559003628489672,134,117,119,33,/project2/mstephens/wdenault/susie_mix/plot/one_cs_dominant/VARS2_Breast_add_vs_mix.png
ZNF550,Lung,dominant,plotted,Four-panel SuSiE / SuSiE-mix comparison created,1,L1,1,1420,chr19_57559827_C_T_b38_C,chr19_57559827_C_T_b38_C,additive,0.279606070427559,9,Single credible-set lead,213,95,15,TRUE,Same lead SNP; coding change only: additive -> dominant,-439.900442385986,-439.585378221352,0.630128329267109,1,L1,1,5866,chr19_57559827_C_T_b38_C__dominant,chr19_57559827_C_T_b38_C,dominant,0.173261543826839,17,213,95,15,/project2/mstephens/wdenault/susie_mix/plot/one_cs_dominant/ZNF550_Lung_add_vs_mix.png
ZNF550,Adipose Tissue,dominant,plotted,Four-panel SuSiE / SuSiE-mix comparison created,1,L1,1,1420,chr19_57559827_C_T_b38_C,chr19_57559827_C_T_b38_C,additive,0.240886489160294,9,Single credible-set lead,306,142,22,TRUE,Same lead SNP; coding change only: additive -> dominant,-652.461686420262,-651.884290810504,1.15479121951739,1,L1,1,5976,chr19_57559827_C_T_b38_C__dominant,chr19_57559827_C_T_b38_C,dominant,0.213628051952473,17,306,142,22,/project2/mstephens/wdenault/susie_mix/plot/one_cs_dominant/ZNF550_Adipose_Tissue_add_vs_mix.png
GAA,Lung,dominant,plotted,Four-panel SuSiE / SuSiE-mix comparison created,1,L1,1,1313,chr17_80102793_A_C_b38_A,chr17_80102793_A_C_b38_A,additive,0.226826390855423,21,Single credible-set lead,137,145,41,FALSE,Different lead SNP; coding change: additive -> dominant,-440.062012675519,-439.614899042942,0.894227265154541,1,L1,1,5863,chr17_80121706_C_T_b38_C__dominant,chr17_80121706_C_T_b38_C,dominant,0.215626306003448,35,122,138,63,/project2/mstephens/wdenault/susie_mix/plot/one_cs_dominant/GAA_Lung_add_vs_mix.png
HOXB2,Skin,dominant,plotted,Four-panel SuSiE / SuSiE-mix comparison created,1,L1,1,974,chr17_48541219_C_T_b38_C,chr17_48541219_C_T_b38_C,additive,0.723993570163569,16,Single credible-set lead,336,167,19,TRUE,Same lead SNP; coding change only: additive -> dominant,-722.780971440486,-722.927307024052,-0.292671167131857,1,L1,1,4508,chr17_48541219_C_T_b38_C__dominant,chr17_48541219_C_T_b38_C,dominant,0.332096238888783,33,336,167,19,/project2/mstephens/wdenault/susie_mix/plot/one_cs_dominant/HOXB2_Skin_add_vs_mix.png
NDUFAF8,Thyroid,dominant,plotted,Four-panel SuSiE / SuSiE-mix comparison created,1,L1,1,1654,chr17_81239341_C_T_b38_C,chr17_81239341_C_T_b38_C,additive,0.252437934959892,22,Single credible-set lead,334,54,2,TRUE,Same lead SNP; coding change only: additive -> dominant,-535.682073157046,-534.66650293196,2.03114045017082,1,L1,1,7292,chr17_81239341_C_T_b38_C__dominant,chr17_81239341_C_T_b38_C,dominant,0.238251012848853,40,334,54,2,/project2/mstephens/wdenault/susie_mix/plot/one_cs_dominant/NDUFAF8_Thyroid_add_vs_mix.png
AKIRIN1,Nerve,dominant,plotted,Four-panel SuSiE / SuSiE-mix comparison created,1,L1,1,973,chr1_39008125_G_A_b38_G,chr1_39008125_G_A_b38_G,additive,0.115137889537279,25,Single credible-set lead,249,94,11,TRUE,Same lead SNP; coding change only: additive -> dominant,-483.998069895182,-482.537584914503,2.92096996135876,1,L1,1,3769,chr1_39008125_G_A_b38_G__dominant,chr1_39008125_G_A_b38_G,dominant,0.117274585448197,24,249,94,11,/project2/mstephens/wdenault/susie_mix/plot/one_cs_dominant/AKIRIN1_Nerve_add_vs_mix.png
EXOSC7,Testis,dominant,plotted,Four-panel SuSiE / SuSiE-mix comparison created,1,L1,1,633,chr3_45023707_T_C_b38_T,chr3_45023707_T_C_b38_T,additive,0.045621605492311,47,Single credible-set lead,70,112,29,TRUE,Same lead SNP; coding change only: additive -> dominant,-280.979875084778,-279.768781377881,2.42218741379429,1,L1,1,3689,chr3_45023707_T_C_b38_T__dominant,chr3_45023707_T_C_b38_T,dominant,0.0361621894771104,73,70,112,29,/project2/mstephens/wdenault/susie_mix/plot/one_cs_dominant/EXOSC7_Testis_add_vs_mix.png
RPS18,Blood Vessel,dominant,plotted,Four-panel SuSiE / SuSiE-mix comparison created,1,L1,1,3393,chr6_33272092_C_T_b38_C,chr6_33272092_C_T_b38_C,additive,0.537372534491562,2,Single credible-set lead,390,58,2,TRUE,Same lead SNP; coding change only: additive -> dominant,-619.670356604478,-619.259901884359,0.820909440237529,1,L1,1,11976,chr6_33272092_C_T_b38_C__dominant,chr6_33272092_C_T_b38_C,dominant,0.470987918671831,4,390,58,2,/project2/mstephens/wdenault/susie_mix/plot/one_cs_dominant/RPS18_Blood_Vessel_add_vs_mix.png
RPS18,Prostate,dominant,plotted,Four-panel SuSiE / SuSiE-mix comparison created,1,L1,1,3472,chr6_33340603_G_A_b38_G,chr6_33340603_G_A_b38_G,additive,0.616701075411929,2,Single credible-set lead,122,20,1,TRUE,Same lead SNP; coding change only: additive -> dominant,-186.92286183302,-186.803316662787,0.239090340466646,1,L1,1,11040,chr6_33340603_G_A_b38_G__dominant,chr6_33340603_G_A_b38_G,dominant,0.403672287483114,4,122,20,1,/project2/mstephens/wdenault/susie_mix/plot/one_cs_dominant/RPS18_Prostate_add_vs_mix.png
TPO,Thyroid,dominant,plotted,Four-panel SuSiE / SuSiE-mix comparison created,1,L1,1,1881,chr2_1405227_T_A_b38_T,chr2_1405227_T_A_b38_T,additive,0.135900241942881,16,Single credible-set lead,137,183,70,FALSE,Different lead SNP; coding change: additive -> dominant,-535.053609049605,-534.737104982221,0.633008134767806,1,L1,1,8006,chr2_1403274_T_C_b38_T__dominant,chr2_1403274_T_C_b38_T,dominant,0.118952073546343,31,96,192,102,/project2/mstephens/wdenault/susie_mix/plot/one_cs_dominant/TPO_Thyroid_add_vs_mix.png
GATA3,Thyroid,dominant,plotted,Four-panel SuSiE / SuSiE-mix comparison created,1,L1,1,3058,chr10_8534469_T_C_b38_T,chr10_8534469_T_C_b38_T,additive,0.113703971212767,30,Single credible-set lead,280,101,9,FALSE,Different lead SNP; coding change: additive -> dominant,-535.4540611882,-534.790381546308,1.32735928378361,1,L1,1,8585,chr10_8531916_C_T_b38_C__dominant,chr10_8531916_C_T_b38_C,dominant,0.0723554872540411,53,280,100,10,/project2/mstephens/wdenault/susie_mix/plot/one_cs_dominant/GATA3_Thyroid_add_vs_mix.png
NMRAL1,Testis,dominant,plotted,Four-panel SuSiE / SuSiE-mix comparison created,1,L1,1,1064,chr16_4460425_T_C_b38_T,chr16_4460425_T_C_b38_T,additive,0.146967526062007,38,Single credible-set lead,108,91,12,FALSE,Different lead SNP; coding change: additive -> dominant,-281.934842975093,-281.221229356492,1.42722723720271,1,L1,1,4886,chr16_4405674_G_A_b38_G__dominant,chr16_4405674_G_A_b38_G,dominant,0.0900159455709412,80,117,75,19,/project2/mstephens/wdenault/susie_mix/plot/one_cs_dominant/NMRAL1_Testis_add_vs_mix.png
IQCG,Nerve,dominant,plotted,Four-panel SuSiE / SuSiE-mix comparison created,1,L1,1,915,chr3_197900301_G_A_b38_G,chr3_197900301_G_A_b38_G,additive,0.212715842208183,8,Single credible-set lead,304,47,3,TRUE,Same lead SNP; coding change only: additive -> dominant,-483.825755662824,-483.87565699195,-0.09980265825061,1,L1,1,3280,chr3_197900301_G_A_b38_G__dominant,chr3_197900301_G_A_b38_G,dominant,0.109886600754645,20,304,47,3,/project2/mstephens/wdenault/susie_mix/plot/one_cs_dominant/IQCG_Nerve_add_vs_mix.png
FBXW8,Blood,dominant,plotted,Four-panel SuSiE / SuSiE-mix comparison created,1,L1,1,1002,chr12_116889122_T_C_b38_T,chr12_116889122_T_C_b38_T,additive,0.178458175996615,12,Single credible-set lead,336,89,10,FALSE,Different lead SNP; coding change: additive -> dominant,-598.963927438478,-597.849691195731,2.2284724854951,1,L1,1,4609,chr12_116892678_T_C_b38_T__dominant,chr12_116892678_T_C_b38_T,dominant,0.208472358188416,18,336,91,8,/project2/mstephens/wdenault/susie_mix/plot/one_cs_dominant/FBXW8_Blood_add_vs_mix.png
RP9,Pituitary,dominant,plotted,Four-panel SuSiE / SuSiE-mix comparison created,1,L1,1,963,chr7_32963989_A_G_b38_A,chr7_32963989_A_G_b38_A,additive,0.153735277241049,20,Single credible-set lead,118,70,13,FALSE,Different lead SNP; coding change: additive -> dominant,-267.13268750721,-265.350932085722,3.56351084297535,1,L1,1,4907,chr7_32911942_G_A_b38_G__dominant,chr7_32911942_G_A_b38_G,dominant,0.165487148938395,29,127,62,12,/project2/mstephens/wdenault/susie_mix/plot/one_cs_dominant/RP9_Pituitary_add_vs_mix.png
SLC25A30,Skin,dominant,plotted,Four-panel SuSiE / SuSiE-mix comparison created,1,L1,1,529,chr13_45335203_T_C_b38_T,chr13_45335203_T_C_b38_T,additive,0.0885518454728531,26,Single credible-set lead,210,239,73,FALSE,Different lead SNP; coding change: additive -> dominant,-722.763114402742,-721.554936463344,2.41635587879523,1,L1,1,3666,chr13_45334032_C_T_b38_C__dominant,chr13_45334032_C_T_b38_C,dominant,0.0636378851796662,45,200,240,82,/project2/mstephens/wdenault/susie_mix/plot/one_cs_dominant/SLC25A30_Skin_add_vs_mix.png
AKR1C3,Adipose Tissue,dominant,plotted,Four-panel SuSiE / SuSiE-mix comparison created,1,L1,1,1791,chr10_5019979_C_T_b38_C,chr10_5019979_C_T_b38_C,additive,0.302715287309463,10,Single credible-set lead,312,143,15,TRUE,Same lead SNP; coding change only: additive -> dominant,-649.083412619459,-648.88598963602,0.394845966879529,1,L1,1,8839,chr10_5019979_C_T_b38_C__dominant,chr10_5019979_C_T_b38_C,dominant,0.277359786832869,16,312,143,15,/project2/mstephens/wdenault/susie_mix/plot/one_cs_dominant/AKR1C3_Adipose_Tissue_add_vs_mix.png
XKR9,Testis,dominant,plotted,Four-panel SuSiE / SuSiE-mix comparison created,1,L1,1,489,chr8_70562120_A_G_b38_A,chr8_70562120_A_G_b38_A,additive,0.0271285744240511,326,Single credible-set lead,82,100,29,FALSE,Different lead SNP; coding change: additive -> dominant,-282.908705200239,-281.32268077169,3.17204885709634,1,L1,1,3836,chr8_70695432_G_T_b38_G__dominant,chr8_70695432_G_T_b38_G,dominant,0.0376306956284996,424,86,90,35,/project2/mstephens/wdenault/susie_mix/plot/one_cs_dominant/XKR9_Testis_add_vs_mix.png
ZNF302,Nerve,dominant,plotted,Four-panel SuSiE / SuSiE-mix comparison created,1,L1,1,950,chr19_34665529_A_G_b38_A,chr19_34665529_A_G_b38_A,additive,0.190959531824837,20,Single credible-set lead,277,71,6,TRUE,Same lead SNP; coding change only: additive -> dominant,-484.683793261463,-484.554262426352,0.259061670222081,1,L1,1,4905,chr19_34665529_A_G_b38_A__dominant,chr19_34665529_A_G_b38_A,dominant,0.110937454114785,40,277,71,6,/project2/mstephens/wdenault/susie_mix/plot/one_cs_dominant/ZNF302_Nerve_add_vs_mix.png
SLC38A10,Adipose Tissue,dominant,plotted,Four-panel SuSiE / SuSiE-mix comparison created,1,L1,1,1564,chr17_81292555_C_T_b38_C,chr17_81292555_C_T_b38_C,additive,0.140958014189891,12,Single credible-set lead,374,91,5,TRUE,Same lead SNP; coding change only: additive -> dominant,-648.641661869495,-648.42786162605,0.42760048688956,1,L1,1,6921,chr17_81292555_C_T_b38_C__dominant,chr17_81292555_C_T_b38_C,dominant,0.0822796213739087,23,374,91,5,/project2/mstephens/wdenault/susie_mix/plot/one_cs_dominant/SLC38A10_Adipose_Tissue_add_vs_mix.png
SLC38A10,Breast,dominant,plotted,Four-panel SuSiE / SuSiE-mix comparison created,1,L1,1,1570,chr17_81294933_T_C_b38_T,chr17_81294933_T_C_b38_T,additive,0.211065828284066,7,Single credible-set lead,221,47,1,TRUE,Same lead SNP; coding change only: additive -> dominant,-366.609927728765,-366.48723385311,0.245387751308954,1,L1,1,6630,chr17_81294933_T_C_b38_T__dominant,chr17_81294933_T_C_b38_T,dominant,0.118338114393841,13,221,47,1,/project2/mstephens/wdenault/susie_mix/plot/one_cs_dominant/SLC38A10_Breast_add_vs_mix.png
RDH13,Liver,dominant,plotted,Four-panel SuSiE / SuSiE-mix comparison created,1,L1,1,2649,chr19_55043182_A_C_b38_A,chr19_55043182_A_C_b38_A,additive,0.201897184151214,8,Single credible-set lead,96,40,4,FALSE,Different lead SNP; coding change: additive -> dominant,-180.206675310086,-179.893482853112,0.626384913949437,1,L1,1,8397,chr19_55032727_A_G_b38_A__dominant,chr19_55032727_A_G_b38_A,dominant,0.128181280586629,16,97,39,4,/project2/mstephens/wdenault/susie_mix/plot/one_cs_dominant/RDH13_Liver_add_vs_mix.png
ANXA3,Pituitary,dominant,plotted,Four-panel SuSiE / SuSiE-mix comparison created,1,L1,1,1565,chr4_78589819_T_C_b38_T,chr4_78589819_T_C_b38_T,additive,0.222718642203348,11,Single credible-set lead,97,75,29,TRUE,Same lead SNP; coding change only: additive -> dominant,-267.171280763945,-267.071367385629,0.19982675663266,1,L1,1,5311,chr4_78589819_T_C_b38_T__dominant,chr4_78589819_T_C_b38_T,dominant,0.186311333681101,21,97,75,29,/project2/mstephens/wdenault/susie_mix/plot/one_cs_dominant/ANXA3_Pituitary_add_vs_mix.png
PDE8B,Nerve,dominant,plotted,Four-panel SuSiE / SuSiE-mix comparison created,1,L1,1,1818,chr5_77502934_A_G_b38_A,chr5_77502934_A_G_b38_A,additive,0.219890883036924,6,Single credible-set lead,258,86,10,FALSE,Different lead SNP; coding change: additive -> dominant,-483.934158417146,-481.886574778441,4.09516727740981,1,L1,1,5749,chr5_77443145_T_C_b38_T__dominant,chr5_77443145_T_C_b38_T,dominant,0.186744680752706,9,258,84,12,/project2/mstephens/wdenault/susie_mix/plot/one_cs_dominant/PDE8B_Nerve_add_vs_mix.png
OBSCN,Nerve,dominant,plotted,Four-panel SuSiE / SuSiE-mix comparison created,1,L1,1,1077,chr1_228277669_T_G_b38_T,chr1_228277669_T_G_b38_T,additive,0.0710430949681863,46,Single credible-set lead,165,153,36,TRUE,Same lead SNP; coding change only: additive -> dominant,-484.802805757738,-483.409220912501,2.78716969047287,1,L1,1,3701,chr1_228277669_T_G_b38_T__dominant,chr1_228277669_T_G_b38_T,dominant,0.166616492125602,84,165,153,36,/project2/mstephens/wdenault/susie_mix/plot/one_cs_dominant/OBSCN_Nerve_add_vs_mix.png
TYW1,Skin,dominant,plotted,Four-panel SuSiE / SuSiE-mix comparison created,1,L1,1,1653,chr7_67150131_C_A_b38_C,chr7_67150131_C_A_b38_C,additive,0.0792541575660257,336,Single credible-set lead,316,180,26,TRUE,Same lead SNP; coding change only: additive -> dominant,-724.742683456084,-723.671633038857,2.1421008344555,1,L1,1,7437,chr7_67150131_C_A_b38_C__dominant,chr7_67150131_C_A_b38_C,dominant,0.0655298597730696,499,316,180,26,/project2/mstephens/wdenault/susie_mix/plot/one_cs_dominant/TYW1_Skin_add_vs_mix.png
TYW1,Brain,dominant,plotted,Four-panel SuSiE / SuSiE-mix comparison created,1,L1,1,1412,chr7_67109222_C_T_b38_C,chr7_67109222_C_T_b38_C,additive,0.0164568989024441,597,Single credible-set lead,145,101,11,FALSE,Different lead SNP; coding change: additive -> dominant,-349.833761842999,-349.268712438066,1.13009880986624,1,L1,1,6897,chr7_67138626_C_T_b38_C__dominant,chr7_67138626_C_T_b38_C,dominant,0.0141897131300903,1112,148,99,10,/project2/mstephens/wdenault/susie_mix/plot/one_cs_dominant/TYW1_Brain_add_vs_mix.png
LRRC56,Nerve,dominant,plotted,Four-panel SuSiE / SuSiE-mix comparison created,1,L1,1,1156,chr11_519077_C_T_b38_C,chr11_519077_C_T_b38_C,additive,0.440203757763259,50,Single credible-set lead,228,117,9,TRUE,Same lead SNP; coding change only: additive -> dominant,-485.11734705146,-484.768623350401,0.697447402117632,1,L1,1,5548,chr11_519077_C_T_b38_C__dominant,chr11_519077_C_T_b38_C,dominant,0.238441039369426,97,228,117,9,/project2/mstephens/wdenault/susie_mix/plot/one_cs_dominant/LRRC56_Nerve_add_vs_mix.png
ARPIN,Esophagus,dominant,plotted,Four-panel SuSiE / SuSiE-mix comparison created,1,L1,1,1132,chr15_89912947_G_A_b38_G,chr15_89912947_G_A_b38_G,additive,0.997720095996635,1,Single credible-set lead,217,150,45,TRUE,Same lead SNP; coding change only: additive -> dominant,-565.972493955692,-565.974544618365,-0.00410132534557306,1,L1,1,5487,chr15_89912947_G_A_b38_G__dominant,chr15_89912947_G_A_b38_G,dominant,0.507954031267543,2,217,150,45,/project2/mstephens/wdenault/susie_mix/plot/one_cs_dominant/ARPIN_Esophagus_add_vs_mix.png
ZBTB14,Breast,dominant,plotted,Four-panel SuSiE / SuSiE-mix comparison created,1,L1,1,1422,chr18_5316703_G_A_b38_G,chr18_5316703_G_A_b38_G,additive,0.999926580996877,1,Single credible-set lead,123,126,20,TRUE,Same lead SNP; coding change only: additive -> dominant,-363.008795430428,-361.280352242597,3.45688637566263,1,L1,1,5741,chr18_5316703_G_A_b38_G__dominant,chr18_5316703_G_A_b38_G,dominant,0.877981857258057,2,123,126,20,/project2/mstephens/wdenault/susie_mix/plot/one_cs_dominant/ZBTB14_Breast_add_vs_mix.png
LY86,Colon,dominant,plotted,Four-panel SuSiE / SuSiE-mix comparison created,1,L1,1,1462,chr6_6571714_T_C_b38_T,chr6_6571714_T_C_b38_T,additive,0.222944758516208,15,Single credible-set lead,180,128,24,TRUE,Same lead SNP; coding change only: additive -> dominant,-453.41247713457,-453.215748610175,0.39345704878906,1,L1,1,7080,chr6_6571714_T_C_b38_T__dominant,chr6_6571714_T_C_b38_T,dominant,0.128859363431144,28,180,128,24,/project2/mstephens/wdenault/susie_mix/plot/one_cs_dominant/LY86_Colon_add_vs_mix.png
PAK4,Pancreas,dominant,plotted,Four-panel SuSiE / SuSiE-mix comparison created,1,L1,1,1543,chr19_39168846_G_T_b38_G,chr19_39168846_G_T_b38_G,additive,0.64108840405807,16,Single credible-set lead,75,81,24,TRUE,Same lead SNP; coding change only: additive -> dominant,-237.961523194148,-234.88377137574,6.15550363681604,1,L1,1,5507,chr19_39168846_G_T_b38_G__dominant,chr19_39168846_G_T_b38_G,dominant,0.432345697553092,18,75,81,24,/project2/mstephens/wdenault/susie_mix/plot/one_cs_dominant/PAK4_Pancreas_add_vs_mix.png
TRMT61B,Muscle,dominant,plotted,Four-panel SuSiE / SuSiE-mix comparison created,1,L1,1,915,chr2_28769154_T_G_b38_T,chr2_28769154_T_G_b38_T,additive,0.127177948235288,36,Single credible-set lead,153,216,108,FALSE,Different lead SNP; coding change: additive -> dominant,-659.646618339406,-657.842359907886,3.6085168630409,1,L1,1,5353,chr2_28789708_T_C_b38_T__dominant,chr2_28789708_T_C_b38_T,dominant,0.159308069577216,55,166,219,92,/project2/mstephens/wdenault/susie_mix/plot/one_cs_dominant/TRMT61B_Muscle_add_vs_mix.png
ZNF761,Colon,dominant,plotted,Four-panel SuSiE / SuSiE-mix comparison created,1,L1,1,1859,chr19_53402594_C_T_b38_C,chr19_53402594_C_T_b38_C,additive,0.224212698780326,20,Single credible-set lead,134,150,48,TRUE,Same lead SNP; coding change only: additive -> dominant,-453.760377290791,-449.919244597489,7.68226538660406,1,L1,1,8889,chr19_53402594_C_T_b38_C__dominant,chr19_53402594_C_T_b38_C,dominant,0.784474549401756,11,134,150,48,/project2/mstephens/wdenault/susie_mix/plot/one_cs_dominant/ZNF761_Colon_add_vs_mix.png
PHACTR4,Thyroid,dominant,plotted,Four-panel SuSiE / SuSiE-mix comparison created,1,L1,1,829,chr1_28381101_C_T_b38_C,chr1_28381101_C_T_b38_C,additive,0.0142791236000825,185,Single credible-set lead,180,148,62,FALSE,Different lead SNP; coding change: additive -> dominant,-535.904575401974,-534.79050635627,2.22813809140735,1,L1,1,3601,chr1_28385655_T_C_b38_T__dominant,chr1_28385655_T_C_b38_T,dominant,0.0133348686074493,345,182,145,63,/project2/mstephens/wdenault/susie_mix/plot/one_cs_dominant/PHACTR4_Thyroid_add_vs_mix.png
ZNF772,Salivary Gland,dominant,plotted,Four-panel SuSiE / SuSiE-mix comparison created,1,L1,1,1446,chr19_57492120_A_G_b38_A,chr19_57492120_A_G_b38_A,additive,0.185485057314478,14,Single credible-set lead,48,51,12,TRUE,Same lead SNP; coding change only: additive -> dominant,-139.361047512172,-139.218657624037,0.284779776270682,1,L1,1,5452,chr19_57492120_A_G_b38_A__dominant,chr19_57492120_A_G_b38_A,dominant,0.102204645238627,24,48,51,12,/project2/mstephens/wdenault/susie_mix/plot/one_cs_dominant/ZNF772_Salivary_Gland_add_vs_mix.png
LCA5L,Ovary,dominant,plotted,Four-panel SuSiE / SuSiE-mix comparison created,1,L1,1,1291,chr21_39436582_C_T_b38_C,chr21_39436582_C_T_b38_C,additive,0.16639837564045,28,Single credible-set lead,30,57,19,FALSE,Different lead SNP; coding change: additive -> dominant,-132.88004788234,-130.941013926179,3.87806791232276,1,L1,1,6117,chr21_39464515_G_A_b38_G__dominant,chr21_39464515_G_A_b38_G,dominant,0.0982496696960697,26,31,55,20,/project2/mstephens/wdenault/susie_mix/plot/one_cs_dominant/LCA5L_Ovary_add_vs_mix.png
PCDH9,Testis,dominant,plotted,Four-panel SuSiE / SuSiE-mix comparison created,1,L1,1,771,chr13_67230073_A_G_b38_A,chr13_67230073_A_G_b38_A,additive,0.222367555364897,9,Single credible-set lead,160,47,4,TRUE,Same lead SNP; coding change only: additive -> dominant,-281.378366562949,-281.216356789341,0.324019547215471,1,L1,1,3510,chr13_67230073_A_G_b38_A__dominant,chr13_67230073_A_G_b38_A,dominant,0.162320518825607,15,160,47,4,/project2/mstephens/wdenault/susie_mix/plot/one_cs_dominant/PCDH9_Testis_add_vs_mix.png
GPR63,Nerve,dominant,plotted,Four-panel SuSiE / SuSiE-mix comparison created,1,L1,1,977,chr6_96827864_T_C_b38_T,chr6_96827864_T_C_b38_T,additive,0.0690396653571522,72,Single credible-set lead,184,143,27,TRUE,Same lead SNP; coding change only: additive -> dominant,-485.410409204957,-485.46508756871,-0.109356727505087,1,L1,1,4496,chr6_96827864_T_C_b38_T__dominant,chr6_96827864_T_C_b38_T,dominant,0.0408253463193756,137,184,143,27,/project2/mstephens/wdenault/susie_mix/plot/one_cs_dominant/GPR63_Nerve_add_vs_mix.png
AS3MT,Esophagus,dominant,plotted,Four-panel SuSiE / SuSiE-mix comparison created,1,L1,1,1411,chr10_103177343_G_C_b38_G,chr10_103177343_G_C_b38_G,additive,0.029840975916161,164,Single credible-set lead,177,197,38,FALSE,Different lead SNP; coding change: additive -> dominant,-567.618826841309,-567.243261680035,0.751130322548761,1,L1,1,3660,chr10_102832492_A_C_b38_A__dominant,chr10_102832492_A_C_b38_A,dominant,0.0237626019352768,275,208,176,28,/project2/mstephens/wdenault/susie_mix/plot/one_cs_dominant/AS3MT_Esophagus_add_vs_mix.png
AS3MT,Pancreas,dominant,plotted,Four-panel SuSiE / SuSiE-mix comparison created,1,L1,1,862,chr10_102876898_G_C_b38_G,chr10_102876898_G_C_b38_G,additive,0.836568215986308,14,Single credible-set lead,132,45,3,TRUE,Same lead SNP; coding change only: additive -> dominant,-240.56877549134,-239.162438031197,2.81267492028496,1,L1,1,3611,chr10_102876898_G_C_b38_G__dominant,chr10_102876898_G_C_b38_G,dominant,0.663193098166253,3,132,45,3,/project2/mstephens/wdenault/susie_mix/plot/one_cs_dominant/AS3MT_Pancreas_add_vs_mix.png
PTGDR,Blood Vessel,dominant,plotted,Four-panel SuSiE / SuSiE-mix comparison created,1,L1,1,1769,chr14_52266312_A_G_b38_A,chr14_52266312_A_G_b38_A,additive,0.485163759527539,2,Single credible-set lead,323,120,7,TRUE,Same lead SNP; coding change only: additive -> dominant,-620.177647235042,-619.877632052427,0.600030365230168,1,L1,1,6730,chr14_52266312_A_G_b38_A__dominant,chr14_52266312_A_G_b38_A,dominant,0.299022070116177,4,323,120,7,/project2/mstephens/wdenault/susie_mix/plot/one_cs_dominant/PTGDR_Blood_Vessel_add_vs_mix.png
PRDM15,Skin,dominant,plotted,Four-panel SuSiE / SuSiE-mix comparison created,1,L1,1,1497,chr21_41804153_A_G_b38_A,chr21_41804153_A_G_b38_A,additive,0.364860099146321,9,Single credible-set lead,445,76,1,TRUE,Same lead SNP; coding change only: additive -> dominant,-723.256590545673,-723.191857317095,0.129466457157605,1,L1,1,7614,chr21_41804153_A_G_b38_A__dominant,chr21_41804153_A_G_b38_A,dominant,0.18823535181801,18,445,76,1,/project2/mstephens/wdenault/susie_mix/plot/one_cs_dominant/PRDM15_Skin_add_vs_mix.png
ZNF528,Colon,dominant,plotted,Four-panel SuSiE / SuSiE-mix comparison created,1,L1,1,1389,chr19_52409611_G_T_b38_G,chr19_52409611_G_T_b38_G,additive,0.217566846920321,11,Single credible-set lead,177,124,31,TRUE,Same lead SNP; coding change only: additive -> dominant,-453.353820715315,-452.991360040767,0.724921349096348,1,L1,1,7791,chr19_52409611_G_T_b38_G__dominant,chr19_52409611_G_T_b38_G,dominant,0.108307485426628,22,177,124,31,/project2/mstephens/wdenault/susie_mix/plot/one_cs_dominant/ZNF528_Colon_add_vs_mix.png
ZNF528,Testis,dominant,plotted,Four-panel SuSiE / SuSiE-mix comparison created,1,L1,1,1397,chr19_52414337_G_A_b38_G,chr19_52414337_G_A_b38_G,additive,0.331346686864166,12,Single credible-set lead,125,68,18,FALSE,Different lead SNP; coding change: additive -> dominant,-282.503876791403,-279.843141996872,5.32146958906321,1,L1,1,7315,chr19_52420955_G_T_b38_G__dominant,chr19_52420955_G_T_b38_G,dominant,0.369311484153615,12,151,48,12,/project2/mstephens/wdenault/susie_mix/plot/one_cs_dominant/ZNF528_Testis_add_vs_mix.png
ZNF528,Thyroid,dominant,plotted,Four-panel SuSiE / SuSiE-mix comparison created,1,L1,1,1401,chr19_52417804_A_G_b38_A,chr19_52417804_A_G_b38_A,additive,0.216317443827165,10,Single credible-set lead,206,140,44,FALSE,Different lead SNP; coding change: additive -> dominant,-538.747027831282,-538.810297726999,-0.126539791435107,1,L1,1,7872,chr19_52414373_A_G_b38_A__dominant,chr19_52414373_A_G_b38_A,dominant,0.136305495872653,20,213,142,35,/project2/mstephens/wdenault/susie_mix/plot/one_cs_dominant/ZNF528_Thyroid_add_vs_mix.png
NAPG,Pituitary,dominant,plotted,Four-panel SuSiE / SuSiE-mix comparison created,1,L1,1,1588,chr18_10558770_C_A_b38_C,chr18_10558770_C_A_b38_C,additive,0.314826968347443,23,Single credible-set lead,166,33,2,TRUE,Same lead SNP; coding change only: additive -> dominant,-268.159857727242,-267.939625268676,0.44046491713334,1,L1,1,6968,chr18_10558770_C_A_b38_C__dominant,chr18_10558770_C_A_b38_C,dominant,0.158372284581837,42,166,33,2,/project2/mstephens/wdenault/susie_mix/plot/one_cs_dominant/NAPG_Pituitary_add_vs_mix.png
ADAMTS12,Testis,dominant,plotted,Four-panel SuSiE / SuSiE-mix comparison created,1,L1,1,391,chr5_33577743_T_G_b38_T,chr5_33577743_T_G_b38_T,additive,0.800775793811041,2,Single credible-set lead,178,31,2,TRUE,Same lead SNP; coding change only: additive -> dominant,-281.209137796923,-278.058492055344,6.30129148315723,1,L1,1,3932,chr5_33577743_T_G_b38_T__dominant,chr5_33577743_T_G_b38_T,dominant,0.906372558799499,3,178,31,2,/project2/mstephens/wdenault/susie_mix/plot/one_cs_dominant/ADAMTS12_Testis_add_vs_mix.png
STK32C,Blood,dominant,plotted,Four-panel SuSiE / SuSiE-mix comparison created,2,L1,1,1322,chr10_132226387_A_G_b38_A,chr10_132226387_A_G_b38_A,additive,0.847177466040724,7,Highest-PIP credible-set lead,160,186,89,FALSE,Different lead SNP; coding change: additive -> dominant,-590.862036413111,-598.448590431966,-15.1731080377101,1,L1,1,6053,chr10_132232171_C_A_b38_C__dominant,chr10_132232171_C_A_b38_C,dominant,0.170137762818878,10,216,180,39,/project2/mstephens/wdenault/susie_mix/plot/one_cs_dominant/STK32C_Blood_add_vs_mix.png
CLGN,Liver,dominant,plotted,Four-panel SuSiE / SuSiE-mix comparison created,1,L1,1,737,chr4_140407497_C_T_b38_C,chr4_140407497_C_T_b38_C,additive,0.209539208847493,11,Single credible-set lead,108,30,2,TRUE,Same lead SNP; coding change only: additive -> dominant,-180.814105869655,-180.730359896004,0.167491947301585,1,L1,1,3672,chr4_140407497_C_T_b38_C__dominant,chr4_140407497_C_T_b38_C,dominant,0.121993980052472,17,108,30,2,/project2/mstephens/wdenault/susie_mix/plot/one_cs_dominant/CLGN_Liver_add_vs_mix.png
CSGALNACT1,Pancreas,dominant,plotted,Four-panel SuSiE / SuSiE-mix comparison created,1,L1,1,469,chr8_19419045_C_G_b38_C,chr8_19419045_C_G_b38_C,additive,0.268989805474404,53,Single credible-set lead,66,77,37,TRUE,Same lead SNP; coding change only: additive -> dominant,-238.504813642393,-237.978828358438,1.0519705679111,1,L1,1,5557,chr8_19419045_C_G_b38_C__dominant,chr8_19419045_C_G_b38_C,dominant,0.143175294611909,85,66,77,37,/project2/mstephens/wdenault/susie_mix/plot/one_cs_dominant/CSGALNACT1_Pancreas_add_vs_mix.png
VWA5A,Nerve,dominant,plotted,Four-panel SuSiE / SuSiE-mix comparison created,2,L1,1,1570,chr11_124174143_C_T_b38_C,chr11_124174143_C_T_b38_C,additive,0.0688980930218961,65,Highest-PIP credible-set lead,267,78,9,TRUE,Same lead SNP; coding change only: additive -> dominant,-482.06798914663,-484.471783685826,-4.80758907839277,1,L1,1,6883,chr11_124174143_C_T_b38_C__dominant,chr11_124174143_C_T_b38_C,dominant,0.0672289036508146,103,267,78,9,/project2/mstephens/wdenault/susie_mix/plot/one_cs_dominant/VWA5A_Nerve_add_vs_mix.png
NDUFA6,Blood Vessel,dominant,plotted,Four-panel SuSiE / SuSiE-mix comparison created,1,L1,1,972,chr22_42185242_C_T_b38_C,chr22_42185242_C_T_b38_C,additive,0.93805414454742,2,Single credible-set lead,401,46,3,FALSE,Different lead SNP; coding change: additive -> dominant,-620.442101635191,-619.868077561321,1.14804814774038,1,L1,1,3898,chr22_41888256_C_T_b38_C__dominant,chr22_41888256_C_T_b38_C,dominant,0.42492363398719,4,343,100,7,/project2/mstephens/wdenault/susie_mix/plot/one_cs_dominant/NDUFA6_Blood_Vessel_add_vs_mix.png
NDUFA6,Skin,dominant,plotted,Four-panel SuSiE / SuSiE-mix comparison created,1,L1,1,972,chr22_42185242_C_T_b38_C,chr22_42185242_C_T_b38_C,additive,0.398877284341946,3,Single credible-set lead,461,57,4,TRUE,Same lead SNP; coding change only: additive -> dominant,-722.744803262004,-722.044197704356,1.40121111529766,1,L1,1,4503,chr22_42185242_C_T_b38_C__dominant,chr22_42185242_C_T_b38_C,dominant,0.351634771252621,6,461,57,4,/project2/mstephens/wdenault/susie_mix/plot/one_cs_dominant/NDUFA6_Skin_add_vs_mix.png
NDUFA6,Thyroid,dominant,plotted,Four-panel SuSiE / SuSiE-mix comparison created,1,L1,1,972,chr22_42185242_C_T_b38_C,chr22_42185242_C_T_b38_C,additive,0.93179645130078,2,Single credible-set lead,345,41,4,TRUE,Same lead SNP; coding change only: additive -> dominant,-536.700909182759,-536.003598920723,1.39462052407043,1,L1,1,4397,chr22_42185242_C_T_b38_C__dominant,chr22_42185242_C_T_b38_C,dominant,0.663470931811325,2,345,41,4,/project2/mstephens/wdenault/susie_mix/plot/one_cs_dominant/NDUFA6_Thyroid_add_vs_mix.png
KREMEN1,Thyroid,dominant,plotted,Four-panel SuSiE / SuSiE-mix comparison created,1,L1,1,803,chr22_29099266_G_A_b38_G,chr22_29099266_G_A_b38_G,additive,0.229579284515534,38,Single credible-set lead,217,138,35,FALSE,Different lead SNP; coding change: additive -> dominant,-536.748505181793,-531.752292688672,9.99242498624062,1,L1,1,3653,chr22_29088437_G_T_b38_G__dominant,chr22_29088437_G_T_b38_G,dominant,0.283238647476672,17,217,137,36,/project2/mstephens/wdenault/susie_mix/plot/one_cs_dominant/KREMEN1_Thyroid_add_vs_mix.png
MAP1B,Thyroid,dominant,plotted,Four-panel SuSiE / SuSiE-mix comparison created,1,L1,1,1508,chr5_72210702_C_T_b38_C,chr5_72210702_C_T_b38_C,additive,0.4887812784468,24,Single credible-set lead,203,154,33,TRUE,Same lead SNP; coding change only: additive -> dominant,-536.819633581503,-532.088309662516,9.46264783797506,1,L1,1,5274,chr5_72210702_C_T_b38_C__dominant,chr5_72210702_C_T_b38_C,dominant,0.391922313693182,20,203,154,33,/project2/mstephens/wdenault/susie_mix/plot/one_cs_dominant/MAP1B_Thyroid_add_vs_mix.png
SLC16A3,Muscle,dominant,plotted,Four-panel SuSiE / SuSiE-mix comparison created,1,L1,1,935,chr17_82231714_A_T_b38_A,chr17_82231714_A_T_b38_A,additive,0.0751000479125161,51,Single credible-set lead,274,177,26,TRUE,Same lead SNP; coding change only: additive -> dominant,-659.92371381981,-659.200509779564,1.44640808049257,1,L1,1,4853,chr17_82231714_A_T_b38_A__dominant,chr17_82231714_A_T_b38_A,dominant,0.0942634522423469,94,274,177,26,/project2/mstephens/wdenault/susie_mix/plot/one_cs_dominant/SLC16A3_Muscle_add_vs_mix.png
SLC39A4,Heart,dominant,plotted,Four-panel SuSiE / SuSiE-mix comparison created,1,L1,1,617,chr8_144413722_T_C_b38_T,chr8_144413722_T_C_b38_T,additive,0.995334802585774,1,Single credible-set lead,273,51,7,TRUE,Same lead SNP; coding change only: additive -> dominant,-451.423109947625,-451.366663087504,0.112893720241914,1,L1,1,2613,chr8_144413722_T_C_b38_T__dominant,chr8_144413722_T_C_b38_T,dominant,0.529963814257432,2,273,51,7,/project2/mstephens/wdenault/susie_mix/plot/one_cs_dominant/SLC39A4_Heart_add_vs_mix.png
CHD1L,Pituitary,dominant,plotted,Four-panel SuSiE / SuSiE-mix comparison created,1,L1,1,1448,chr1_147348458_C_T_b38_C,chr1_147348458_C_T_b38_C,additive,0.0394492628370594,111,Single credible-set lead,118,72,11,FALSE,Different lead SNP; coding change: additive -> dominant,-268.464632427934,-268.437438037106,0.0543887816554616,1,L1,1,4757,chr1_147126253_G_A_b38_G__dominant,chr1_147126253_G_A_b38_G,dominant,0.0339707689309557,268,98,85,18,/project2/mstephens/wdenault/susie_mix/plot/one_cs_dominant/CHD1L_Pituitary_add_vs_mix.png
ALDH16A1,Spleen,dominant,plotted,Four-panel SuSiE / SuSiE-mix comparison created,1,L1,1,1137,chr19_49461720_C_G_b38_C,chr19_49461720_C_G_b38_C,additive,0.816618606867045,11,Single credible-set lead,76,54,16,TRUE,Same lead SNP; coding change only: additive -> dominant,-189.595594149723,-189.118543235404,0.954101828638045,1,L1,1,4327,chr19_49461720_C_G_b38_C__dominant,chr19_49461720_C_G_b38_C,dominant,0.482592066994243,17,76,54,16,/project2/mstephens/wdenault/susie_mix/plot/one_cs_dominant/ALDH16A1_Spleen_add_vs_mix.png
RALGAPA1,Ovary,dominant,plotted,Four-panel SuSiE / SuSiE-mix comparison created,1,L1,1,804,chr14_35809913_C_T_b38_C,chr14_35809913_C_T_b38_C,additive,0.0350017411251367,46,Single credible-set lead,76,29,1,FALSE,Different lead SNP; coding change: additive -> dominant,-132.535656243325,-130.725286456979,3.62073957269212,1,L1,1,3253,chr14_35642403_C_T_b38_C__dominant,chr14_35642403_C_T_b38_C,dominant,0.0310327014309609,86,79,26,1,/project2/mstephens/wdenault/susie_mix/plot/one_cs_dominant/RALGAPA1_Ovary_add_vs_mix.png
RALGAPA1,Esophagus,dominant,plotted,Four-panel SuSiE / SuSiE-mix comparison created,1,L1,1,531,chr14_35505071_C_G_b38_C,chr14_35505071_C_G_b38_C,additive,0.229552852540085,62,Single credible-set lead,287,114,11,TRUE,Same lead SNP; coding change only: additive -> dominant,-569.803306400308,-568.484010970937,2.63859085874265,1,L1,1,3433,chr14_35505071_C_G_b38_C__dominant,chr14_35505071_C_G_b38_C,dominant,0.282471139403054,92,287,114,11,/project2/mstephens/wdenault/susie_mix/plot/one_cs_dominant/RALGAPA1_Esophagus_add_vs_mix.png
ATG10,Ovary,dominant,plotted,Four-panel SuSiE / SuSiE-mix comparison created,1,L1,1,830,chr5_81966104_A_G_b38_A,chr5_81966104_A_G_b38_A,additive,0.03920964862585,43,Single credible-set lead,66,33,7,TRUE,Same lead SNP; coding change only: additive -> dominant,-132.500510994415,-129.719832485396,5.56135701803839,1,L1,1,3076,chr5_81966104_A_G_b38_A__dominant,chr5_81966104_A_G_b38_A,dominant,0.0809997362606795,53,66,33,7,/project2/mstephens/wdenault/susie_mix/plot/one_cs_dominant/ATG10_Ovary_add_vs_mix.png
HAGHL,Adrenal Gland,dominant,plotted,Four-panel SuSiE / SuSiE-mix comparison created,1,L1,1,1204,chr16_728024_T_C_b38_T,chr16_728024_T_C_b38_T,additive,0.209906053718893,19,Single credible-set lead,91,42,8,TRUE,Same lead SNP; coding change only: additive -> dominant,-182.784675947926,-180.385801081975,4.79774973190189,1,L1,1,5727,chr16_728024_T_C_b38_T__dominant,chr16_728024_T_C_b38_T,dominant,0.393859375392768,23,91,42,8,/project2/mstephens/wdenault/susie_mix/plot/one_cs_dominant/HAGHL_Adrenal_Gland_add_vs_mix.png
HAGHL,Nerve,dominant,plotted,Four-panel SuSiE / SuSiE-mix comparison created,1,L1,1,1169,chr16_714520_G_C_b38_G,chr16_714520_G_C_b38_G,additive,0.178877480485825,16,Single credible-set lead,191,131,32,FALSE,Different lead SNP; coding change: additive -> dominant,-487.334505292423,-486.331196001886,2.00661858107355,1,L1,1,6163,chr16_730339_A_G_b38_A__dominant,chr16_730339_A_G_b38_A,dominant,0.330380600186911,28,208,118,28,/project2/mstephens/wdenault/susie_mix/plot/one_cs_dominant/HAGHL_Nerve_add_vs_mix.png
PRMT7,Adrenal Gland,dominant,plotted,Four-panel SuSiE / SuSiE-mix comparison created,1,L1,1,403,chr16_68289751_G_A_b38_G,chr16_68289751_G_A_b38_G,additive,0.385830576524221,33,Single credible-set lead,95,40,6,TRUE,Same lead SNP; coding change only: additive -> dominant,-183.555722150325,-183.42287849603,0.265687308590088,1,L1,1,2369,chr16_68289751_G_A_b38_G__dominant,chr16_68289751_G_A_b38_G,dominant,0.207118034410552,63,95,40,6,/project2/mstephens/wdenault/susie_mix/plot/one_cs_dominant/PRMT7_Adrenal_Gland_add_vs_mix.png
DIP2A,Pancreas,dominant,plotted,Four-panel SuSiE / SuSiE-mix comparison created,1,L1,1,1369,chr21_46370753_C_T_b38_C,chr21_46370753_C_T_b38_C,additive,0.168867214181146,32,Single credible-set lead,129,46,5,FALSE,Different lead SNP; coding change: additive -> dominant,-238.568129827284,-238.714266422419,-0.292273190268361,1,L1,1,5278,chr21_46475183_A_G_b38_A__dominant,chr21_46475183_A_G_b38_A,dominant,0.113643305132566,68,109,62,9,/project2/mstephens/wdenault/susie_mix/plot/one_cs_dominant/DIP2A_Pancreas_add_vs_mix.png
STX1B,Blood Vessel,dominant,plotted,Four-panel SuSiE / SuSiE-mix comparison created,1,L1,1,342,chr16_31038702_C_A_b38_C,chr16_31038702_C_A_b38_C,additive,0.194358417357099,28,Single credible-set lead,163,213,74,TRUE,Same lead SNP; coding change only: additive -> dominant,-621.704129906561,-620.336657597913,2.73494461729638,1,L1,1,2042,chr16_31038702_C_A_b38_C__dominant,chr16_31038702_C_A_b38_C,dominant,0.168180730197191,32,163,213,74,/project2/mstephens/wdenault/susie_mix/plot/one_cs_dominant/STX1B_Blood_Vessel_add_vs_mix.png
SCRN2,Skin,dominant,plotted,Four-panel SuSiE / SuSiE-mix comparison created,1,L1,1,845,chr17_47834936_C_T_b38_C,chr17_47834936_C_T_b38_C,additive,0.147668885394451,12,Single credible-set lead,356,149,17,TRUE,Same lead SNP; coding change only: additive -> dominant,-723.150782230593,-722.774042449336,0.753479562514031,1,L1,1,4063,chr17_47834936_C_T_b38_C__dominant,chr17_47834936_C_T_b38_C,dominant,0.184215844459808,28,356,149,17,/project2/mstephens/wdenault/susie_mix/plot/one_cs_dominant/SCRN2_Skin_add_vs_mix.png
SCRN2,Spleen,dominant,plotted,Four-panel SuSiE / SuSiE-mix comparison created,1,L1,1,795,chr17_47815493_A_C_b38_A,chr17_47815493_A_C_b38_A,additive,0.410092376486022,6,Single credible-set lead,108,36,2,TRUE,Same lead SNP; coding change only: additive -> dominant,-191.575973718337,-191.290982883102,0.569981670469815,1,L1,1,3599,chr17_47815493_A_C_b38_A__dominant,chr17_47815493_A_C_b38_A,dominant,0.256986624656234,10,108,36,2,/project2/mstephens/wdenault/susie_mix/plot/one_cs_dominant/SCRN2_Spleen_add_vs_mix.png
SCRN2,Lung,dominant,plotted,Four-panel SuSiE / SuSiE-mix comparison created,1,L1,1,848,chr17_47836481_C_A_b38_C,chr17_47836481_C_A_b38_C,additive,0.186185390876453,15,Single credible-set lead,262,56,5,TRUE,Same lead SNP; coding change only: additive -> dominant,-444.042493450106,-443.796893840792,0.491199218627571,1,L1,1,3932,chr17_47836481_C_A_b38_C__dominant,chr17_47836481_C_A_b38_C,dominant,0.0835081040665283,29,262,56,5,/project2/mstephens/wdenault/susie_mix/plot/one_cs_dominant/SCRN2_Lung_add_vs_mix.png
GPR137B,Heart,dominant,plotted,Four-panel SuSiE / SuSiE-mix comparison created,1,L1,1,902,chr1_236163895_A_G_b38_A,chr1_236163895_A_G_b38_A,additive,0.143868171789478,35,Single credible-set lead,222,107,2,FALSE,Different lead SNP; coding change: additive -> dominant,-452.640480036907,-450.420182332167,4.44059540947922,1,L1,1,5636,chr1_236161581_G_C_b38_G__dominant,chr1_236161581_G_C_b38_G,dominant,0.416833980855201,48,206,111,14,/project2/mstephens/wdenault/susie_mix/plot/one_cs_dominant/GPR137B_Heart_add_vs_mix.png
GPR137B,Blood,dominant,plotted,Four-panel SuSiE / SuSiE-mix comparison created,1,L1,1,870,chr1_236143525_A_G_b38_A,chr1_236143525_A_G_b38_A,additive,0.587242587052925,5,Single credible-set lead,181,199,55,TRUE,Same lead SNP; coding change only: additive -> dominant,-602.141992278531,-601.919560351561,0.444863853938841,1,L1,1,5766,chr1_236143525_A_G_b38_A__dominant,chr1_236143525_A_G_b38_A,dominant,0.390327432675296,9,181,199,55,/project2/mstephens/wdenault/susie_mix/plot/one_cs_dominant/GPR137B_Blood_add_vs_mix.png
TMEM140,Muscle,dominant,plotted,Four-panel SuSiE / SuSiE-mix comparison created,1,L1,1,1147,chr7_135172272_T_C_b38_T,chr7_135172272_T_C_b38_T,additive,0.0194588798412492,127,Single credible-set lead,124,240,113,FALSE,Different lead SNP; coding change: additive -> dominant,-659.64714714591,-659.759136766101,-0.22397924038296,1,L1,1,4628,chr7_135044493_T_C_b38_T__dominant,chr7_135044493_T_C_b38_T,dominant,0.0145515648929716,255,132,233,112,/project2/mstephens/wdenault/susie_mix/plot/one_cs_dominant/TMEM140_Muscle_add_vs_mix.png
ALDH7A1,Adipose Tissue,dominant,plotted,Four-panel SuSiE / SuSiE-mix comparison created,1,L1,1,1358,chr5_126632609_C_T_b38_C,chr5_126632609_C_T_b38_C,additive,0.339000626647664,15,Single credible-set lead,427,39,4,TRUE,Same lead SNP; coding change only: additive -> dominant,-649.906083360347,-649.224045066534,1.36407658762664,1,L1,1,5170,chr5_126632609_C_T_b38_C__dominant,chr5_126632609_C_T_b38_C,dominant,0.414181214650625,17,427,39,4,/project2/mstephens/wdenault/susie_mix/plot/one_cs_dominant/ALDH7A1_Adipose_Tissue_add_vs_mix.png
MAN2B1,Testis,dominant,plotted,Four-panel SuSiE / SuSiE-mix comparison created,1,L1,1,958,chr19_12595149_T_C_b38_T,chr19_12595149_T_C_b38_T,additive,0.0906879762154847,37,Single credible-set lead,79,97,35,FALSE,Different lead SNP; coding change: additive -> dominant,-282.259307160341,-280.777585257343,2.96344380599624,1,L1,1,3501,chr19_12594540_A_G_b38_A__dominant,chr19_12594540_A_G_b38_A,dominant,0.116764244483993,50,87,92,32,/project2/mstephens/wdenault/susie_mix/plot/one_cs_dominant/MAN2B1_Testis_add_vs_mix.png
PAOX,Blood Vessel,dominant,plotted,Four-panel SuSiE / SuSiE-mix comparison created,1,L1,1,1174,chr10_133387019_C_T_b38_C,chr10_133387019_C_T_b38_C,additive,0.424655757456658,4,Single credible-set lead,380,64,6,TRUE,Same lead SNP; coding change only: additive -> dominant,-620.98060115378,-620.819045688657,0.32311093024623,1,L1,1,4415,chr10_133387019_C_T_b38_C__dominant,chr10_133387019_C_T_b38_C,dominant,0.260667798991963,8,380,64,6,/project2/mstephens/wdenault/susie_mix/plot/one_cs_dominant/PAOX_Blood_Vessel_add_vs_mix.png
MS4A14,Liver,dominant,plotted,Four-panel SuSiE / SuSiE-mix comparison created,1,L1,1,911,chr11_60376903_G_A_b38_G,chr11_60376903_G_A_b38_G,additive,0.138905309447348,20,Single credible-set lead,82,46,12,FALSE,Different lead SNP; coding change: additive -> dominant,-181.149950791728,-179.625010738221,3.04988010701436,1,L1,1,4288,chr11_60394054_A_G_b38_A__dominant,chr11_60394054_A_G_b38_A,dominant,0.137817921640966,33,83,45,12,/project2/mstephens/wdenault/susie_mix/plot/one_cs_dominant/MS4A14_Liver_add_vs_mix.png
ICMT,Nerve,dominant,plotted,Four-panel SuSiE / SuSiE-mix comparison created,1,L1,1,1144,chr1_6243564_C_T_b38_C,chr1_6243564_C_T_b38_C,additive,0.696588407888763,4,Single credible-set lead,293,59,2,TRUE,Same lead SNP; coding change only: additive -> dominant,-484.919641320264,-483.377326693654,3.0846292532201,1,L1,1,4681,chr1_6243564_C_T_b38_C__dominant,chr1_6243564_C_T_b38_C,dominant,0.716301811092231,6,293,59,2,/project2/mstephens/wdenault/susie_mix/plot/one_cs_dominant/ICMT_Nerve_add_vs_mix.png
PTGER2,Nerve,dominant,plotted,Four-panel SuSiE / SuSiE-mix comparison created,1,L1,1,1776,chr14_52326413_T_C_b38_T,chr14_52326413_T_C_b38_T,additive,0.149018457033113,17,Single credible-set lead,259,90,5,FALSE,Different lead SNP; coding change: additive -> dominant,-484.967350834283,-484.983304322935,-0.0319069773049705,1,L1,1,6480,chr14_52325782_A_G_b38_A__dominant,chr14_52325782_A_G_b38_A,dominant,0.112298264655555,42,219,114,21,/project2/mstephens/wdenault/susie_mix/plot/one_cs_dominant/PTGER2_Nerve_add_vs_mix.png
PCDHB11,Blood Vessel,dominant,plotted,Four-panel SuSiE / SuSiE-mix comparison created,1,L1,1,754,chr5_141178745_T_C_b38_T,chr5_141178745_T_C_b38_T,additive,0.0529580974452658,77,Single credible-set lead,186,187,77,TRUE,Same lead SNP; coding change only: additive -> dominant,-621.873240232572,-619.631358033005,4.48376439913386,1,L1,1,3557,chr5_141178745_T_C_b38_T__dominant,chr5_141178745_T_C_b38_T,dominant,0.475414763621398,137,186,187,77,/project2/mstephens/wdenault/susie_mix/plot/one_cs_dominant/PCDHB11_Blood_Vessel_add_vs_mix.png
METTL26,Muscle,dominant,plotted,Four-panel SuSiE / SuSiE-mix comparison created,1,L1,1,1160,chr16_636337_G_A_b38_G,chr16_636337_G_A_b38_G,additive,0.661615584970448,2,Single credible-set lead,374,98,5,TRUE,Same lead SNP; coding change only: additive -> dominant,-659.032038903714,-658.553224102629,0.957629602171437,1,L1,1,6153,chr16_636337_G_A_b38_G__dominant,chr16_636337_G_A_b38_G,dominant,0.540524028185425,4,374,98,5,/project2/mstephens/wdenault/susie_mix/plot/one_cs_dominant/METTL26_Muscle_add_vs_mix.png
EML6,Pancreas,dominant,plotted,Four-panel SuSiE / SuSiE-mix comparison created,1,L1,1,1120,chr2_54710432_C_T_b38_C,chr2_54710432_C_T_b38_C,additive,0.847813224492537,14,Single credible-set lead,87,75,18,TRUE,Same lead SNP; coding change only: additive -> dominant,-238.018519693956,-237.631992269119,0.773054849674907,1,L1,1,5124,chr2_54710432_C_T_b38_C__dominant,chr2_54710432_C_T_b38_C,dominant,0.512983673517388,15,87,75,18,/project2/mstephens/wdenault/susie_mix/plot/one_cs_dominant/EML6_Pancreas_add_vs_mix.png
TOMM7,Testis,dominant,plotted,Four-panel SuSiE / SuSiE-mix comparison created,1,L1,1,1454,chr7_22822512_A_C_b38_A,chr7_22822512_A_C_b38_A,additive,0.111755483891476,19,Single credible-set lead,101,84,26,TRUE,Same lead SNP; coding change only: additive -> dominant,-281.807887310483,-281.690221419771,0.235331781425657,1,L1,1,5626,chr7_22822512_A_C_b38_A__dominant,chr7_22822512_A_C_b38_A,dominant,0.0672583189259622,33,101,84,26,/project2/mstephens/wdenault/susie_mix/plot/one_cs_dominant/TOMM7_Testis_add_vs_mix.png
TAMM41,Pancreas,dominant,plotted,Four-panel SuSiE / SuSiE-mix comparison created,1,L1,1,1040,chr3_11794065_C_T_b38_C,chr3_11794065_C_T_b38_C,additive,0.102756400642151,27,Single credible-set lead,50,82,48,TRUE,Same lead SNP; coding change only: additive -> dominant,-238.180373888377,-234.226613299786,7.90752117718262,1,L1,1,4820,chr3_11794065_C_T_b38_C__dominant,chr3_11794065_C_T_b38_C,dominant,0.235235609854383,24,50,82,48,/project2/mstephens/wdenault/susie_mix/plot/one_cs_dominant/TAMM41_Pancreas_add_vs_mix.png
TAMM41,Breast,dominant,plotted,Four-panel SuSiE / SuSiE-mix comparison created,1,L1,1,1086,chr3_11818635_A_G_b38_A,chr3_11818635_A_G_b38_A,additive,0.161334928580045,30,Single credible-set lead,75,130,64,TRUE,Same lead SNP; coding change only: additive -> dominant,-365.140341506931,-364.375536783588,1.52960944668553,1,L1,1,5029,chr3_11818635_A_G_b38_A__dominant,chr3_11818635_A_G_b38_A,dominant,0.189739308460111,49,75,130,64,/project2/mstephens/wdenault/susie_mix/plot/one_cs_dominant/TAMM41_Breast_add_vs_mix.png
MAPT,Lung,dominant,plotted,Four-panel SuSiE / SuSiE-mix comparison created,1,L1,1,1923,chr17_45941153_T_C_b38_T,chr17_45941153_T_C_b38_T,additive,0.08808279330062,2302,Single credible-set lead,203,108,12,TRUE,Same lead SNP; coding change only: additive -> dominant,-444.514444155533,-443.473298030379,2.08229225030698,1,L1,1,8727,chr17_45941153_T_C_b38_T__dominant,chr17_45941153_T_C_b38_T,dominant,0.0545488430200765,3787,203,108,12,/project2/mstephens/wdenault/susie_mix/plot/one_cs_dominant/MAPT_Lung_add_vs_mix.png
TMEM80,Prostate,dominant,plotted,Four-panel SuSiE / SuSiE-mix comparison created,1,L1,1,1583,chr11_671921_T_C_b38_T,chr11_671921_T_C_b38_T,additive,0.119262336319642,31,Single credible-set lead,98,37,8,FALSE,Different lead SNP; coding change: additive -> dominant,-185.631884671062,-185.536103714538,0.191561913047963,1,L1,1,6343,chr11_669109_G_C_b38_G__dominant,chr11_669109_G_C_b38_G,dominant,0.0525619966069145,59,98,36,9,/project2/mstephens/wdenault/susie_mix/plot/one_cs_dominant/TMEM80_Prostate_add_vs_mix.png
TMEM80,Pancreas,dominant,plotted,Four-panel SuSiE / SuSiE-mix comparison created,1,L1,1,1691,chr11_706510_C_G_b38_C,chr11_706510_C_G_b38_C,additive,0.169490920015425,55,Single credible-set lead,123,50,7,TRUE,Same lead SNP; coding change only: additive -> dominant,-241.003434260461,-239.142266581378,3.72233535816599,1,L1,1,6642,chr11_706510_C_G_b38_C__dominant,chr11_706510_C_G_b38_C,dominant,0.467448880713826,76,123,50,7,/project2/mstephens/wdenault/susie_mix/plot/one_cs_dominant/TMEM80_Pancreas_add_vs_mix.png
GUF1,Pituitary,dominant,plotted,Four-panel SuSiE / SuSiE-mix comparison created,1,L1,1,1106,chr4_44741551_A_G_b38_A,chr4_44741551_A_G_b38_A,additive,0.159159303350896,10,Single credible-set lead,145,51,5,TRUE,Same lead SNP; coding change only: additive -> dominant,-267.500511753337,-266.97607040248,1.048882701715,1,L1,1,5041,chr4_44741551_A_G_b38_A__dominant,chr4_44741551_A_G_b38_A,dominant,0.116618728973839,16,145,51,5,/project2/mstephens/wdenault/susie_mix/plot/one_cs_dominant/GUF1_Pituitary_add_vs_mix.png
DMKN,Pituitary,dominant,plotted,Four-panel SuSiE / SuSiE-mix comparison created,1,L1,1,1479,chr19_35534023_G_C_b38_G,chr19_35534023_G_C_b38_G,additive,0.259055986858589,10,Single credible-set lead,77,99,25,TRUE,Same lead SNP; coding change only: additive -> dominant,-267.920321146235,-267.75044977525,0.339742741971008,1,L1,1,5129,chr19_35534023_G_C_b38_G__dominant,chr19_35534023_G_C_b38_G,dominant,0.191276899782878,18,77,99,25,/project2/mstephens/wdenault/susie_mix/plot/one_cs_dominant/DMKN_Pituitary_add_vs_mix.png
PDCD5,Pancreas,dominant,plotted,Four-panel SuSiE / SuSiE-mix comparison created,1,L1,1,915,chr19_32581163_G_A_b38_G,chr19_32581163_G_A_b38_G,additive,0.999094074654892,1,Single credible-set lead,92,74,14,TRUE,Same lead SNP; coding change only: additive -> dominant,-237.273813143704,-232.683088986237,9.18144831493328,1,L1,1,4993,chr19_32581163_G_A_b38_G__dominant,chr19_32581163_G_A_b38_G,dominant,0.990942373235208,1,92,74,14,/project2/mstephens/wdenault/susie_mix/plot/one_cs_dominant/PDCD5_Pancreas_add_vs_mix.png
FAM118B,Blood,dominant,plotted,Four-panel SuSiE / SuSiE-mix comparison created,1,L1,1,1536,chr11_126236162_A_G_b38_A,chr11_126236162_A_G_b38_A,additive,0.0934308704459355,24,Single credible-set lead,320,108,7,TRUE,Same lead SNP; coding change only: additive -> dominant,-600.09744605726,-598.359762529879,3.47536705476205,1,L1,1,6346,chr11_126236162_A_G_b38_A__dominant,chr11_126236162_A_G_b38_A,dominant,0.112663893244312,41,320,108,7,/project2/mstephens/wdenault/susie_mix/plot/one_cs_dominant/FAM118B_Blood_add_vs_mix.png
TMEM204,Blood,dominant,plotted,Four-panel SuSiE / SuSiE-mix comparison created,1,L1,1,1853,chr16_1727121_C_G_b38_C,chr16_1727121_C_G_b38_C,additive,0.0864026516489568,47,Single credible-set lead,378,51,6,FALSE,Different lead SNP; coding change: additive -> dominant,-600.439015764904,-600.159391785337,0.559247959135064,1,L1,1,7145,chr16_1563347_A_G_b38_A__dominant,chr16_1563347_A_G_b38_A,dominant,0.0418201214160158,87,329,99,7,/project2/mstephens/wdenault/susie_mix/plot/one_cs_dominant/TMEM204_Blood_add_vs_mix.png
GABRB3,Colon,dominant,plotted,Four-panel SuSiE / SuSiE-mix comparison created,1,L1,1,351,chr15_26617679_A_C_b38_A,chr15_26617679_A_C_b38_A,additive,0.0915616287216132,34,Single credible-set lead,121,151,60,FALSE,Different lead SNP; coding change: additive -> dominant,-454.177217844195,-453.274784801866,1.80486608465776,1,L1,1,4484,chr15_26632677_G_A_b38_G__dominant,chr15_26632677_G_A_b38_G,dominant,0.0865456742769822,58,124,148,60,/project2/mstephens/wdenault/susie_mix/plot/one_cs_dominant/GABRB3_Colon_add_vs_mix.png
PINK1,Muscle,dominant,plotted,Four-panel SuSiE / SuSiE-mix comparison created,1,L1,1,1265,chr1_20615023_G_T_b38_G,chr1_20615023_G_T_b38_G,additive,0.124738107473107,29,Single credible-set lead,358,108,11,FALSE,Different lead SNP; coding change: additive -> dominant,-660.05720215738,-659.567892702369,0.97861891002276,1,L1,1,5026,chr1_20641518_A_G_b38_A__dominant,chr1_20641518_A_G_b38_A,dominant,0.0496609366422918,56,348,116,13,/project2/mstephens/wdenault/susie_mix/plot/one_cs_dominant/PINK1_Muscle_add_vs_mix.png
LGI2,Testis,dominant,plotted,Four-panel SuSiE / SuSiE-mix comparison created,1,L1,1,985,chr4_24996482_T_A_b38_T,chr4_24996482_T_A_b38_T,additive,0.138821371167451,15,Single credible-set lead,151,56,4,FALSE,Different lead SNP; coding change: additive -> dominant,-281.900526628723,-281.92430229902,-0.047551340594282,1,L1,1,4804,chr4_24998431_G_A_b38_G__dominant,chr4_24998431_G_A_b38_G,dominant,0.140644447190175,23,113,77,21,/project2/mstephens/wdenault/susie_mix/plot/one_cs_dominant/LGI2_Testis_add_vs_mix.png
HPCAL1,Blood,dominant,plotted,Four-panel SuSiE / SuSiE-mix comparison created,1,L1,1,2117,chr2_10407911_T_G_b38_T,chr2_10407911_T_G_b38_T,additive,0.260743791260168,9,Single credible-set lead,234,180,21,FALSE,Different lead SNP; coding change: additive -> dominant,-600.218142099955,-599.642417992556,1.15144821479794,1,L1,1,8327,chr2_10407034_C_T_b38_C__dominant,chr2_10407034_C_T_b38_C,dominant,0.166161966402681,18,231,180,24,/project2/mstephens/wdenault/susie_mix/plot/one_cs_dominant/HPCAL1_Blood_add_vs_mix.png
PRR9,Testis,dominant,plotted,Four-panel SuSiE / SuSiE-mix comparison created,1,L1,1,1018,chr1_153209639_T_C_b38_T,chr1_153209639_T_C_b38_T,additive,0.0401534498746724,39,Single credible-set lead,144,63,4,FALSE,Different lead SNP; coding change: additive -> dominant,-281.843354856157,-281.84472044133,-0.0027311703443047,1,L1,1,4353,chr1_153219643_A_G_b38_A__dominant,chr1_153219643_A_G_b38_A,dominant,0.0555200845782605,76,142,64,5,/project2/mstephens/wdenault/susie_mix/plot/one_cs_dominant/PRR9_Testis_add_vs_mix.png
WDR72,Pituitary,dominant,plotted,Four-panel SuSiE / SuSiE-mix comparison created,1,L1,1,1126,chr15_53759797_G_C_b38_G,chr15_53759797_G_C_b38_G,additive,0.293067429016106,48,Single credible-set lead,85,92,24,TRUE,Same lead SNP; coding change only: additive -> dominant,-269.114209629613,-268.893111849672,0.442195559882407,1,L1,1,5788,chr15_53759797_G_C_b38_G__dominant,chr15_53759797_G_C_b38_G,dominant,0.231055275908065,77,85,92,24,/project2/mstephens/wdenault/susie_mix/plot/one_cs_dominant/WDR72_Pituitary_add_vs_mix.png
SLC27A6,Heart,dominant,plotted,Four-panel SuSiE / SuSiE-mix comparison created,1,L1,1,1839,chr5_128917644_C_A_b38_C,chr5_128917644_C_A_b38_C,additive,0.036663061927138,79,Single credible-set lead,210,108,13,TRUE,Same lead SNP; coding change only: additive -> dominant,-452.628298321973,-444.639587822085,15.9774209997753,1,L1,1,6447,chr5_128917644_C_A_b38_C__dominant,chr5_128917644_C_A_b38_C,dominant,0.057994226363426,35,210,108,13,/project2/mstephens/wdenault/susie_mix/plot/one_cs_dominant/SLC27A6_Heart_add_vs_mix.png
CASP9,Lung,dominant,plotted,Four-panel SuSiE / SuSiE-mix comparison created,1,L1,1,1440,chr1_15483211_T_C_b38_T,chr1_15483211_T_C_b38_T,additive,0.069075590141304,96,Single credible-set lead,88,162,73,FALSE,Different lead SNP; coding change: additive -> dominant,-441.984474099787,-441.925111366978,0.118725465617672,1,L1,1,6365,chr1_15502731_T_C_b38_T__dominant,chr1_15502731_T_C_b38_T,dominant,0.075653230411642,188,90,167,66,/project2/mstephens/wdenault/susie_mix/plot/one_cs_dominant/CASP9_Lung_add_vs_mix.png
SARDH,Prostate,dominant,plotted,Four-panel SuSiE / SuSiE-mix comparison created,1,L1,1,1774,chr9_133731628_C_T_b38_C,chr9_133731628_C_T_b38_C,additive,0.521479495768609,9,Single credible-set lead,63,63,17,TRUE,Same lead SNP; coding change only: additive -> dominant,-185.783047005976,-184.559837869368,2.44641827321789,1,L1,1,7187,chr9_133731628_C_T_b38_C__dominant,chr9_133731628_C_T_b38_C,dominant,0.428053150863089,12,63,63,17,/project2/mstephens/wdenault/susie_mix/plot/one_cs_dominant/SARDH_Prostate_add_vs_mix.png
POU6F2,Testis,dominant,plotted,Four-panel SuSiE / SuSiE-mix comparison created,1,L1,1,2083,chr7_39293480_A_G_b38_A,chr7_39293480_A_G_b38_A,additive,0.298416691969554,34,Single credible-set lead,84,93,34,FALSE,Different lead SNP; coding change: additive -> dominant,-282.621291378381,-279.484718016509,6.27314672374416,1,L1,1,6318,chr7_39295080_T_C_b38_T__dominant,chr7_39295080_T_C_b38_T,dominant,0.0924144531190377,14,152,55,4,/project2/mstephens/wdenault/susie_mix/plot/one_cs_dominant/POU6F2_Testis_add_vs_mix.png
LIMD1,Skin,dominant,plotted,Four-panel SuSiE / SuSiE-mix comparison created,1,L1,1,1356,chr3_45635906_G_A_b38_G,chr3_45635906_G_A_b38_G,additive,0.203486527100353,19,Single credible-set lead,201,249,72,FALSE,Different lead SNP; coding change: additive -> dominant,-723.910051511312,-723.254722552264,1.31065791809442,1,L1,1,5607,chr3_45641193_G_A_b38_G__dominant,chr3_45641193_G_A_b38_G,dominant,0.068869253727732,32,278,205,39,/project2/mstephens/wdenault/susie_mix/plot/one_cs_dominant/LIMD1_Skin_add_vs_mix.png
INTS4,Skin,dominant,plotted,Four-panel SuSiE / SuSiE-mix comparison created,1,L1,1,629,chr11_77884034_C_T_b38_C,chr11_77884034_C_T_b38_C,additive,0.0461006375492533,198,Single credible-set lead,433,86,3,TRUE,Same lead SNP; coding change only: additive -> dominant,-724.834393290564,-723.113521029437,3.44174452225298,1,L1,1,4415,chr11_77884034_C_T_b38_C__dominant,chr11_77884034_C_T_b38_C,dominant,0.0450721021080812,316,433,86,3,/project2/mstephens/wdenault/susie_mix/plot/one_cs_dominant/INTS4_Skin_add_vs_mix.png
TIMM17A,Colon,dominant,plotted,Four-panel SuSiE / SuSiE-mix comparison created,1,L1,1,1050,chr1_201969867_C_T_b38_C,chr1_201969867_C_T_b38_C,additive,0.55535791375215,3,Single credible-set lead,106,150,76,TRUE,Same lead SNP; coding change only: additive -> dominant,-453.758666531823,-453.433543957267,0.650245149111584,1,L1,1,4591,chr1_201969867_C_T_b38_C__dominant,chr1_201969867_C_T_b38_C,dominant,0.368375065901061,7,106,150,76,/project2/mstephens/wdenault/susie_mix/plot/one_cs_dominant/TIMM17A_Colon_add_vs_mix.png
OTUD3,Adipose Tissue,dominant,plotted,Four-panel SuSiE / SuSiE-mix comparison created,1,L1,1,1370,chr1_19906593_G_A_b38_G,chr1_19906593_G_A_b38_G,additive,0.262368068118152,5,Single credible-set lead,420,48,2,TRUE,Same lead SNP; coding change only: additive -> dominant,-649.305522608844,-648.502382930283,1.60627935712273,1,L1,1,6032,chr1_19906593_G_A_b38_G__dominant,chr1_19906593_G_A_b38_G,dominant,0.194963279287822,9,420,48,2,/project2/mstephens/wdenault/susie_mix/plot/one_cs_dominant/OTUD3_Adipose_Tissue_add_vs_mix.png
ADAT2,Thyroid,dominant,plotted,Four-panel SuSiE / SuSiE-mix comparison created,1,L1,1,823,chr6_143493670_A_G_b38_A,chr6_143493670_A_G_b38_A,additive,0.0300180218563179,66,Single credible-set lead,191,169,30,FALSE,Different lead SNP; coding change: additive -> dominant,-536.218826740311,-535.215785197015,2.00608308659184,1,L1,1,4181,chr6_143416154_A_G_b38_A__dominant,chr6_143416154_A_G_b38_A,dominant,0.0218943556160411,111,186,172,32,/project2/mstephens/wdenault/susie_mix/plot/one_cs_dominant/ADAT2_Thyroid_add_vs_mix.png
PRR4,Esophagus,dominant,plotted,Four-panel SuSiE / SuSiE-mix comparison created,1,L1,1,1315,chr12_10906291_T_A_b38_T,chr12_10906291_T_A_b38_T,additive,0.0166663837594,215,Single credible-set lead,126,197,89,FALSE,Different lead SNP; coding change: additive -> dominant,-567.892413755767,-567.639777234893,0.505273041747387,1,L1,1,8099,chr12_11171577_C_A_b38_C__dominant,chr12_11171577_C_A_b38_C,dominant,0.0184824483637482,304,135,193,84,/project2/mstephens/wdenault/susie_mix/plot/one_cs_dominant/PRR4_Esophagus_add_vs_mix.png
SMARCB1,Muscle,dominant,plotted,Four-panel SuSiE / SuSiE-mix comparison created,1,L1,1,1753,chr22_23803131_C_T_b38_C,chr22_23803131_C_T_b38_C,additive,0.0290042398323814,104,Single credible-set lead,353,111,13,FALSE,Different lead SNP; coding change: additive -> dominant,-660.00076438338,-659.65540383249,0.690721101780127,1,L1,1,6889,chr22_23815350_T_C_b38_T__dominant,chr22_23815350_T_C_b38_T,dominant,0.0238448810775499,201,346,116,15,/project2/mstephens/wdenault/susie_mix/plot/one_cs_dominant/SMARCB1_Muscle_add_vs_mix.png
RHPN2,Pituitary,dominant,plotted,Four-panel SuSiE / SuSiE-mix comparison created,1,L1,1,1356,chr19_33036982_T_C_b38_T,chr19_33036982_T_C_b38_T,additive,0.388068316722252,99,Single credible-set lead,146,51,4,TRUE,Same lead SNP; coding change only: additive -> dominant,-269.572299044591,-267.603470984825,3.93765611953188,1,L1,1,6028,chr19_33036982_T_C_b38_T__dominant,chr19_33036982_T_C_b38_T,dominant,0.553006571446212,115,146,51,4,/project2/mstephens/wdenault/susie_mix/plot/one_cs_dominant/RHPN2_Pituitary_add_vs_mix.png
HLCS,Lung,dominant,plotted,Four-panel SuSiE / SuSiE-mix comparison created,1,L1,1,1097,chr21_36967155_C_T_b38_C,chr21_36967155_C_T_b38_C,additive,0.0447472007213442,30,Single credible-set lead,116,143,64,TRUE,Same lead SNP; coding change only: additive -> dominant,-440.785031403078,-440.755118554475,0.0598256972066338,1,L1,1,5196,chr21_36967155_C_T_b38_C__dominant,chr21_36967155_C_T_b38_C,dominant,0.0256282643141705,59,116,143,64,/project2/mstephens/wdenault/susie_mix/plot/one_cs_dominant/HLCS_Lung_add_vs_mix.png
NDST2,Lung,dominant,plotted,Four-panel SuSiE / SuSiE-mix comparison created,1,L1,1,353,chr10_73689749_T_C_b38_T,chr10_73689749_T_C_b38_T,additive,0.161122791486185,24,Single credible-set lead,182,114,27,TRUE,Same lead SNP; coding change only: additive -> dominant,-441.367175855657,-440.913736166899,0.906879377514997,1,L1,1,2396,chr10_73689749_T_C_b38_T__dominant,chr10_73689749_T_C_b38_T,dominant,0.0989695237636008,26,182,114,27,/project2/mstephens/wdenault/susie_mix/plot/one_cs_dominant/NDST2_Lung_add_vs_mix.png
DLG2,Muscle,dominant,plotted,Four-panel SuSiE / SuSiE-mix comparison created,1,L1,1,586,chr11_85688026_C_T_b38_C,chr11_85688026_C_T_b38_C,additive,0.0968763693510503,54,Single credible-set lead,427,49,1,TRUE,Same lead SNP; coding change only: additive -> dominant,-660.412563658107,-660.241681385004,0.341764546205923,1,L1,1,3141,chr11_85688026_C_T_b38_C__dominant,chr11_85688026_C_T_b38_C,dominant,0.0564458765567778,105,427,49,1,/project2/mstephens/wdenault/susie_mix/plot/one_cs_dominant/DLG2_Muscle_add_vs_mix.png
IL1R2,Skin,dominant,plotted,Four-panel SuSiE / SuSiE-mix comparison created,1,L1,1,885,chr2_101997119_A_C_b38_A,chr2_101997119_A_C_b38_A,additive,0.809466154838691,2,Single credible-set lead,287,201,34,FALSE,Different lead SNP; coding change: additive -> dominant,-723.281212109269,-722.553028906102,1.45636640633506,1,L1,1,5358,chr2_101996388_A_G_b38_A__dominant,chr2_101996388_A_G_b38_A,dominant,0.609136619623151,4,279,200,43,/project2/mstephens/wdenault/susie_mix/plot/one_cs_dominant/IL1R2_Skin_add_vs_mix.png
FGFR3,Nerve,dominant,plotted,Four-panel SuSiE / SuSiE-mix comparison created,1,L1,1,1340,chr4_1755508_T_G_b38_T,chr4_1755508_T_G_b38_T,additive,0.761004549795275,12,Single credible-set lead,232,110,12,TRUE,Same lead SNP; coding change only: additive -> dominant,-485.499890831797,-481.850661817942,7.29845802771115,1,L1,1,4951,chr4_1755508_T_G_b38_T__dominant,chr4_1755508_T_G_b38_T,dominant,0.403765514280487,18,232,110,12,/project2/mstephens/wdenault/susie_mix/plot/one_cs_dominant/FGFR3_Nerve_add_vs_mix.png
MRPL21,Stomach,dominant,plotted,Four-panel SuSiE / SuSiE-mix comparison created,1,L1,1,734,chr11_68835285_A_G_b38_A,chr11_68835285_A_G_b38_A,additive,0.14777969372219,66,Single credible-set lead,90,74,25,TRUE,Same lead SNP; coding change only: additive -> dominant,-252.110839985235,-251.247844775236,1.72599041999831,1,L1,1,4169,chr11_68835285_A_G_b38_A__dominant,chr11_68835285_A_G_b38_A,dominant,0.146017980499019,87,90,74,25,/project2/mstephens/wdenault/susie_mix/plot/one_cs_dominant/MRPL21_Stomach_add_vs_mix.png
XIRP2,Muscle,dominant,plotted,Four-panel SuSiE / SuSiE-mix comparison created,1,L1,1,1592,chr2_167156111_G_T_b38_G,chr2_167156111_G_T_b38_G,additive,0.0422915052669183,250,Single credible-set lead,393,82,2,TRUE,Same lead SNP; coding change only: additive -> dominant,-661.515527805248,-660.547791047198,1.93547351609959,1,L1,1,5181,chr2_167156111_G_T_b38_G__dominant,chr2_167156111_G_T_b38_G,dominant,0.0235540414165255,468,393,82,2,/project2/mstephens/wdenault/susie_mix/plot/one_cs_dominant/XIRP2_Muscle_add_vs_mix.png
KCNK2,Ovary,dominant,plotted,Four-panel SuSiE / SuSiE-mix comparison created,1,L1,1,1176,chr1_215017050_G_A_b38_G,chr1_215017050_G_A_b38_G,additive,0.0471986976462568,64,Single credible-set lead,32,45,29,FALSE,Different lead SNP; coding change: additive -> dominant,-133.240390941774,-128.569685831258,9.3414102210325,1,L1,1,3915,chr1_215021453_C_T_b38_C__dominant,chr1_215021453_C_T_b38_C,dominant,0.0313896815538667,61,32,44,30,/project2/mstephens/wdenault/susie_mix/plot/one_cs_dominant/KCNK2_Ovary_add_vs_mix.png
CHURC1,Heart,dominant,plotted,Four-panel SuSiE / SuSiE-mix comparison created,1,L1,1,1166,chr14_64948648_C_T_b38_C,chr14_64948648_C_T_b38_C,additive,0.191734054318856,53,Single credible-set lead,231,94,6,FALSE,Different lead SNP; coding change: additive -> dominant,-454.122776293026,-449.97816057279,8.2892314404711,1,L1,1,4607,chr14_64908462_A_G_b38_A__dominant,chr14_64908462_A_G_b38_A,dominant,0.0197717049465285,49,196,115,20,/project2/mstephens/wdenault/susie_mix/plot/one_cs_dominant/CHURC1_Heart_add_vs_mix.png
NICN1,Thyroid,dominant,plotted,Four-panel SuSiE / SuSiE-mix comparison created,1,L1,1,155,chr3_49176633_G_A_b38_G,chr3_49176633_G_A_b38_G,additive,0.0371869422015997,97,Single credible-set lead,228,144,18,FALSE,Different lead SNP; coding change: additive -> dominant,-536.873503166088,-536.777364599256,0.192277133664902,1,L1,1,2076,chr3_49331950_C_T_b38_C__dominant,chr3_49331950_C_T_b38_C,dominant,0.0331678829925958,200,206,153,31,/project2/mstephens/wdenault/susie_mix/plot/one_cs_dominant/NICN1_Thyroid_add_vs_mix.png
USP40,Testis,dominant,plotted,Four-panel SuSiE / SuSiE-mix comparison created,1,L1,1,984,chr2_233470437_C_G_b38_C,chr2_233470437_C_G_b38_C,additive,0.151294218719382,67,Single credible-set lead,145,62,4,TRUE,Same lead SNP; coding change only: additive -> dominant,-283.455904932094,-283.386148563062,0.139512738065605,1,L1,1,4943,chr2_233470437_C_G_b38_C__dominant,chr2_233470437_C_G_b38_C,dominant,0.068487409488651,133,145,62,4,/project2/mstephens/wdenault/susie_mix/plot/one_cs_dominant/USP40_Testis_add_vs_mix.png
GTPBP4,Testis,dominant,plotted,Four-panel SuSiE / SuSiE-mix comparison created,1,L1,1,973,chr10_988288_G_A_b38_G,chr10_988288_G_A_b38_G,additive,0.53494914692968,19,Single credible-set lead,144,58,9,TRUE,Same lead SNP; coding change only: additive -> dominant,-283.116253854149,-283.141300646963,-0.0500935856282467,1,L1,1,5028,chr10_988288_G_A_b38_G__dominant,chr10_988288_G_A_b38_G,dominant,0.235626515116616,38,144,58,9,/project2/mstephens/wdenault/susie_mix/plot/one_cs_dominant/GTPBP4_Testis_add_vs_mix.png
VCPKMT,Thyroid,dominant,plotted,Four-panel SuSiE / SuSiE-mix comparison created,1,L1,1,1017,chr14_50202812_T_C_b38_T,chr14_50202812_T_C_b38_T,additive,0.17333601784981,25,Single credible-set lead,143,183,64,TRUE,Same lead SNP; coding change only: additive -> dominant,-536.605039952875,-534.117914934255,4.9742500372397,1,L1,1,3996,chr14_50202812_T_C_b38_T__dominant,chr14_50202812_T_C_b38_T,dominant,0.253417673065975,18,143,183,64,/project2/mstephens/wdenault/susie_mix/plot/one_cs_dominant/VCPKMT_Thyroid_add_vs_mix.png
CDC26,Colon,dominant,plotted,Four-panel SuSiE / SuSiE-mix comparison created,1,L1,1,1343,chr9_113285673_T_C_b38_T,chr9_113285673_T_C_b38_T,additive,0.246109862694642,27,Single credible-set lead,149,145,38,TRUE,Same lead SNP; coding change only: additive -> dominant,-454.857462849176,-454.746871590103,0.221182518146975,1,L1,1,5550,chr9_113285673_T_C_b38_T__dominant,chr9_113285673_T_C_b38_T,dominant,0.124214770609515,46,149,145,38,/project2/mstephens/wdenault/susie_mix/plot/one_cs_dominant/CDC26_Colon_add_vs_mix.png
CD180,Blood,dominant,plotted,Four-panel SuSiE / SuSiE-mix comparison created,1,L1,1,798,chr5_67205012_A_T_b38_A,chr5_67205012_A_T_b38_A,additive,0.778105190578343,2,Single credible-set lead,392,40,3,TRUE,Same lead SNP; coding change only: additive -> dominant,-599.843694499382,-599.303632100398,1.08012479796844,1,L1,1,4098,chr5_67205012_A_T_b38_A__dominant,chr5_67205012_A_T_b38_A,dominant,0.554185973259206,4,392,40,3,/project2/mstephens/wdenault/susie_mix/plot/one_cs_dominant/CD180_Blood_add_vs_mix.png
EXOC2,Esophagus,dominant,plotted,Four-panel SuSiE / SuSiE-mix comparison created,1,L1,1,1214,chr6_693473_C_G_b38_C,chr6_693473_C_G_b38_C,additive,0.284553710913035,21,Single credible-set lead,219,150,43,FALSE,Different lead SNP; coding change: additive -> dominant,-568.013041436851,-567.506866002035,1.01235086963334,1,L1,1,5854,chr6_709555_T_C_b38_T__dominant,chr6_709555_T_C_b38_T,dominant,0.332195186195334,29,322,78,12,/project2/mstephens/wdenault/susie_mix/plot/one_cs_dominant/EXOC2_Esophagus_add_vs_mix.png
PGPEP1L,Muscle,dominant,plotted,Four-panel SuSiE / SuSiE-mix comparison created,1,L1,1,996,chr15_99004951_A_G_b38_A,chr15_99004951_A_G_b38_A,additive,0.331720851810176,27,Single credible-set lead,331,125,21,TRUE,Same lead SNP; coding change only: additive -> dominant,-660.875993791112,-660.135409819599,1.48116794302496,1,L1,1,5506,chr15_99004951_A_G_b38_A__dominant,chr15_99004951_A_G_b38_A,dominant,0.357907801262007,32,331,125,21,/project2/mstephens/wdenault/susie_mix/plot/one_cs_dominant/PGPEP1L_Muscle_add_vs_mix.png
KYAT3,Nerve,dominant,plotted,Four-panel SuSiE / SuSiE-mix comparison created,1,L1,1,640,chr1_88942390_C_A_b38_C,chr1_88942390_C_A_b38_C,additive,0.061622685609366,44,Single credible-set lead,87,181,86,FALSE,Different lead SNP; coding change: additive -> dominant,-485.589806040407,-483.882719320279,3.41417344025535,1,L1,1,3753,chr1_88911246_T_C_b38_T__dominant,chr1_88911246_T_C_b38_T,dominant,0.0530765096042347,69,90,178,86,/project2/mstephens/wdenault/susie_mix/plot/one_cs_dominant/KYAT3_Nerve_add_vs_mix.png
FAM47E,Testis,dominant,plotted,Four-panel SuSiE / SuSiE-mix comparison created,1,L1,1,1772,chr4_76265443_C_G_b38_C,chr4_76265443_C_G_b38_C,additive,0.151846741010116,46,Single credible-set lead,102,78,31,TRUE,Same lead SNP; coding change only: additive -> dominant,-283.228743412523,-283.203962795965,0.0495612331153552,1,L1,1,6665,chr4_76265443_C_G_b38_C__dominant,chr4_76265443_C_G_b38_C,dominant,0.117536950537501,67,102,78,31,/project2/mstephens/wdenault/susie_mix/plot/one_cs_dominant/FAM47E_Testis_add_vs_mix.png
FAM47E,Heart,dominant,plotted,Four-panel SuSiE / SuSiE-mix comparison created,1,L1,1,1762,chr4_76262493_A_G_b38_A,chr4_76262493_A_G_b38_A,additive,0.247839760238233,13,Single credible-set lead,280,44,7,TRUE,Same lead SNP; coding change only: additive -> dominant,-453.300613037293,-452.754068276315,1.09308952195579,1,L1,1,6888,chr4_76262493_A_G_b38_A__dominant,chr4_76262493_A_G_b38_A,dominant,0.185321779665896,16,280,44,7,/project2/mstephens/wdenault/susie_mix/plot/one_cs_dominant/FAM47E_Heart_add_vs_mix.png
HSPG2,Nerve,dominant,plotted,Four-panel SuSiE / SuSiE-mix comparison created,1,L1,1,1072,chr1_21834161_T_C_b38_T,chr1_21834161_T_C_b38_T,additive,0.0311212181343298,31,Single credible-set lead,324,29,1,TRUE,Same lead SNP; coding change only: additive -> dominant,-484.625275409906,-483.212102164434,2.82634649094473,1,L1,1,5806,chr1_21834161_T_C_b38_T__dominant,chr1_21834161_T_C_b38_T,dominant,0.0262239012996593,57,324,29,1,/project2/mstephens/wdenault/susie_mix/plot/one_cs_dominant/HSPG2_Nerve_add_vs_mix.png
ENDOG,Blood Vessel,dominant,plotted,Four-panel SuSiE / SuSiE-mix comparison created,1,L1,1,401,chr9_128805716_G_A_b38_G,chr9_128805716_G_A_b38_G,additive,0.0692205370059407,55,Single credible-set lead,200,182,68,TRUE,Same lead SNP; coding change only: additive -> dominant,-621.892942994978,-618.180296665033,7.42529265988924,1,L1,1,2491,chr9_128805716_G_A_b38_G__dominant,chr9_128805716_G_A_b38_G,dominant,0.183678612127689,45,200,182,68,/project2/mstephens/wdenault/susie_mix/plot/one_cs_dominant/ENDOG_Blood_Vessel_add_vs_mix.png
ENDOG,Adipose Tissue,dominant,plotted,Four-panel SuSiE / SuSiE-mix comparison created,1,L1,1,449,chr9_128823529_C_G_b38_C,chr9_128823529_C_G_b38_C,additive,0.104371205872437,45,Single credible-set lead,209,188,73,FALSE,Different lead SNP; coding change: additive -> dominant,-652.641762104695,-650.942051004748,3.39942219989462,1,L1,1,2463,chr9_128798831_G_A_b38_G__dominant,chr9_128798831_G_A_b38_G,dominant,0.178085973130232,88,240,177,53,/project2/mstephens/wdenault/susie_mix/plot/one_cs_dominant/ENDOG_Adipose_Tissue_add_vs_mix.png
RHOBTB1,Testis,dominant,plotted,Four-panel SuSiE / SuSiE-mix comparison created,1,L1,1,1016,chr10_60938206_G_A_b38_G,chr10_60938206_G_A_b38_G,additive,0.323862323549882,35,Single credible-set lead,66,109,36,TRUE,Same lead SNP; coding change only: additive -> dominant,-283.033395475948,-281.467736720712,3.13131751047285,1,L1,1,3861,chr10_60938206_G_A_b38_G__dominant,chr10_60938206_G_A_b38_G,dominant,0.125227734916778,51,66,109,36,/project2/mstephens/wdenault/susie_mix/plot/one_cs_dominant/RHOBTB1_Testis_add_vs_mix.png
HEATR3,Pancreas,dominant,plotted,Four-panel SuSiE / SuSiE-mix comparison created,1,L1,1,1050,chr16_50060704_T_G_b38_T,chr16_50060704_T_G_b38_T,additive,0.178020196643595,28,Single credible-set lead,114,56,10,FALSE,Different lead SNP; coding change: additive -> dominant,-238.543966349286,-238.415233397235,0.257465904101593,1,L1,1,4064,chr16_50053730_A_G_b38_A__dominant,chr16_50053730_A_G_b38_A,dominant,0.120372916179157,39,115,57,8,/project2/mstephens/wdenault/susie_mix/plot/one_cs_dominant/HEATR3_Pancreas_add_vs_mix.png
GLIPR2,Nerve,dominant,plotted,Four-panel SuSiE / SuSiE-mix comparison created,1,L1,1,1042,chr9_36141468_G_A_b38_G,chr9_36141468_G_A_b38_G,additive,0.948900871454011,2,Single credible-set lead,275,72,7,TRUE,Same lead SNP; coding change only: additive -> dominant,-484.895203852319,-484.525611443865,0.739184816907482,1,L1,1,4286,chr9_36141468_G_A_b38_G__dominant,chr9_36141468_G_A_b38_G,dominant,0.591427426732499,2,275,72,7,/project2/mstephens/wdenault/susie_mix/plot/one_cs_dominant/GLIPR2_Nerve_add_vs_mix.png
ANO5,Ovary,dominant,plotted,Four-panel SuSiE / SuSiE-mix comparison created,1,L1,1,2194,chr11_22201012_C_G_b38_C,chr11_22201012_C_G_b38_C,additive,0.0554382427621631,28,Single credible-set lead,73,30,3,TRUE,Same lead SNP; coding change only: additive -> dominant,-133.002832480248,-132.713697574976,0.578269810543304,1,L1,1,5887,chr11_22201012_C_G_b38_C__dominant,chr11_22201012_C_G_b38_C,dominant,0.0316209596142801,61,73,30,3,/project2/mstephens/wdenault/susie_mix/plot/one_cs_dominant/ANO5_Ovary_add_vs_mix.png
CHMP6,Pancreas,dominant,plotted,Four-panel SuSiE / SuSiE-mix comparison created,1,L1,1,1605,chr17_80990283_C_A_b38_C,chr17_80990283_C_A_b38_C,additive,0.835795578975241,3,Single credible-set lead,59,80,41,TRUE,Same lead SNP; coding change only: additive -> dominant,-238.223688958393,-238.23133179309,-0.0152856693933927,1,L1,1,6733,chr17_80990283_C_A_b38_C__dominant,chr17_80990283_C_A_b38_C,dominant,0.343348022629987,6,59,80,41,/project2/mstephens/wdenault/susie_mix/plot/one_cs_dominant/CHMP6_Pancreas_add_vs_mix.png
LRRK2,Liver,dominant,plotted,Four-panel SuSiE / SuSiE-mix comparison created,1,L1,1,636,chr12_40107231_G_C_b38_G,chr12_40107231_G_C_b38_G,additive,0.0837983436931958,28,Single credible-set lead,121,19,0,FALSE,Different lead SNP; coding change: additive -> dominant,-181.692310344594,-181.155325734198,1.07396922079181,1,L1,1,4142,chr12_40044743_G_A_b38_G__dominant,chr12_40044743_G_A_b38_G,dominant,0.0528857994351845,54,120,19,1,/project2/mstephens/wdenault/susie_mix/plot/one_cs_dominant/LRRK2_Liver_add_vs_mix.png
SULT1A1,Muscle,dominant,plotted,Four-panel SuSiE / SuSiE-mix comparison created,1,L1,1,511,chr16_28609479_C_G_b38_C,chr16_28609479_C_G_b38_C,additive,0.977640874569751,1,Single credible-set lead,163,242,72,TRUE,Same lead SNP; coding change only: additive -> dominant,-659.449142103715,-654.014462412997,10.8693593814362,1,L1,1,2222,chr16_28609479_C_G_b38_C__dominant,chr16_28609479_C_G_b38_C,dominant,0.970335869949054,1,163,242,72,/project2/mstephens/wdenault/susie_mix/plot/one_cs_dominant/SULT1A1_Muscle_add_vs_mix.png
TMEM220,Stomach,dominant,plotted,Four-panel SuSiE / SuSiE-mix comparison created,1,L1,1,1127,chr17_10732788_G_C_b38_G,chr17_10732788_G_C_b38_G,additive,0.0662993904000111,79,Single credible-set lead,52,106,31,FALSE,Different lead SNP; coding change: additive -> dominant,-252.168828045252,-243.678954824066,16.9797464423711,1,L1,1,4631,chr17_10730041_C_T_b38_C__dominant,chr17_10730041_C_T_b38_C,dominant,0.248074674383913,45,51,102,36,/project2/mstephens/wdenault/susie_mix/plot/one_cs_dominant/TMEM220_Stomach_add_vs_mix.png
CHPT1,Lung,dominant,plotted,Four-panel SuSiE / SuSiE-mix comparison created,1,L1,1,1136,chr12_101695614_T_A_b38_T,chr12_101695614_T_A_b38_T,additive,0.499206859473078,2,Single credible-set lead,255,63,5,TRUE,Same lead SNP; coding change only: additive -> dominant,-440.703114810601,-440.699310983336,0.0076076545298065,1,L1,1,4686,chr12_101695614_T_A_b38_T__dominant,chr12_101695614_T_A_b38_T,dominant,0.25111823364455,4,255,63,5,/project2/mstephens/wdenault/susie_mix/plot/one_cs_dominant/CHPT1_Lung_add_vs_mix.png
FRA10AC1,Breast,dominant,plotted,Four-panel SuSiE / SuSiE-mix comparison created,1,L1,1,1685,chr10_93724487_A_G_b38_A,chr10_93724487_A_G_b38_A,additive,0.244665073583548,83,Single credible-set lead,183,78,8,FALSE,Different lead SNP; coding change: additive -> dominant,-365.969152596331,-363.558769498936,4.82076619479062,1,L1,1,5872,chr10_93700616_T_G_b38_T__dominant,chr10_93700616_T_G_b38_T,dominant,0.601286079033631,76,201,63,5,/project2/mstephens/wdenault/susie_mix/plot/one_cs_dominant/FRA10AC1_Breast_add_vs_mix.png
ERV3-1,Blood,dominant,plotted,Four-panel SuSiE / SuSiE-mix comparison created,1,L1,1,1237,chr7_65021904_T_C_b38_T,chr7_65021904_T_C_b38_T,additive,0.0920179634384979,136,Single credible-set lead,167,201,67,FALSE,Different lead SNP; coding change: additive -> dominant,-601.905110499198,-601.839707514621,0.130805969153698,1,L1,1,5173,chr7_65017679_G_A_b38_G__dominant,chr7_65017679_G_A_b38_G,dominant,0.0626031589375213,232,168,198,69,/project2/mstephens/wdenault/susie_mix/plot/one_cs_dominant/ERV3-1_Blood_add_vs_mix.png
USP24,Nerve,dominant,plotted,Four-panel SuSiE / SuSiE-mix comparison created,1,L1,1,1255,chr1_55157959_T_G_b38_T,chr1_55157959_T_G_b38_T,additive,0.164900932804684,49,Single credible-set lead,208,111,35,TRUE,Same lead SNP; coding change only: additive -> dominant,-486.411189402321,-485.259038126729,2.30430255118358,1,L1,1,5988,chr1_55157959_T_G_b38_T__dominant,chr1_55157959_T_G_b38_T,dominant,0.380545512421993,75,208,111,35,/project2/mstephens/wdenault/susie_mix/plot/one_cs_dominant/USP24_Nerve_add_vs_mix.png
ITPKC,Nerve,dominant,plotted,Four-panel SuSiE / SuSiE-mix comparison created,1,L1,1,862,chr19_40699260_T_C_b38_T,chr19_40699260_T_C_b38_T,additive,0.29571901373093,16,Single credible-set lead,112,169,73,TRUE,Same lead SNP; coding change only: additive -> dominant,-485.714569809988,-483.493874258899,4.44139110217793,1,L1,1,5049,chr19_40699260_T_C_b38_T__dominant,chr19_40699260_T_C_b38_T,dominant,0.271981043690224,11,112,169,73,/project2/mstephens/wdenault/susie_mix/plot/one_cs_dominant/ITPKC_Nerve_add_vs_mix.png
GOSR2,Skin,dominant,plotted,Four-panel SuSiE / SuSiE-mix comparison created,1,L1,1,399,chr17_46946691_C_T_b38_C,chr17_46946691_C_T_b38_C,additive,0.127119941041447,31,Single credible-set lead,206,254,62,FALSE,Different lead SNP; coding change: additive -> dominant,-724.326252562114,-721.394885224023,5.86273467618071,1,L1,1,3025,chr17_46933355_G_A_b38_G__dominant,chr17_46933355_G_A_b38_G,dominant,0.289885815358887,39,187,260,75,/project2/mstephens/wdenault/susie_mix/plot/one_cs_dominant/GOSR2_Skin_add_vs_mix.png
CHRNA7,Thyroid,dominant,plotted,Four-panel SuSiE / SuSiE-mix comparison created,1,L1,1,12,chr15_31433020_G_A_b38_G,chr15_31433020_G_A_b38_G,additive,0.258802963806272,31,Single credible-set lead,350,39,1,TRUE,Same lead SNP; coding change only: additive -> dominant,-537.724801134694,-537.197073874753,1.05545451988155,1,L1,1,2944,chr15_31433020_G_A_b38_G__dominant,chr15_31433020_G_A_b38_G,dominant,0.221127510361054,57,350,39,1,/project2/mstephens/wdenault/susie_mix/plot/one_cs_dominant/CHRNA7_Thyroid_add_vs_mix.png
NEK6,Muscle,dominant,plotted,Four-panel SuSiE / SuSiE-mix comparison created,1,L1,1,840,chr9_124140411_G_T_b38_G,chr9_124140411_G_T_b38_G,additive,0.179256573440545,10,Single credible-set lead,164,226,87,TRUE,Same lead SNP; coding change only: additive -> dominant,-659.999198789438,-659.936079815604,0.12623794766796,1,L1,1,3726,chr9_124140411_G_T_b38_G__dominant,chr9_124140411_G_T_b38_G,dominant,0.15199368087825,21,164,226,87,/project2/mstephens/wdenault/susie_mix/plot/one_cs_dominant/NEK6_Muscle_add_vs_mix.png
B3GALT6,Skin,dominant,plotted,Four-panel SuSiE / SuSiE-mix comparison created,1,L1,1,1239,chr1_1236303_A_G_b38_A,chr1_1236303_A_G_b38_A,additive,0.224942741735835,22,Single credible-set lead,383,128,11,TRUE,Same lead SNP; coding change only: additive -> dominant,-724.451671300298,-722.799261034517,3.30482053156152,1,L1,1,4439,chr1_1236303_A_G_b38_A__dominant,chr1_1236303_A_G_b38_A,dominant,0.324620082433695,34,383,128,11,/project2/mstephens/wdenault/susie_mix/plot/one_cs_dominant/B3GALT6_Skin_add_vs_mix.png
B3GALT6,Esophagus,dominant,plotted,Four-panel SuSiE / SuSiE-mix comparison created,1,L1,1,1143,chr1_1211917_G_A_b38_G,chr1_1211917_G_A_b38_G,additive,0.0486798801619514,65,Single credible-set lead,340,69,3,TRUE,Same lead SNP; coding change only: additive -> dominant,-570.341984104927,-570.278765303719,0.126437602416672,1,L1,1,4224,chr1_1211917_G_A_b38_G__dominant,chr1_1211917_G_A_b38_G,dominant,0.0399545254739462,131,340,69,3,/project2/mstephens/wdenault/susie_mix/plot/one_cs_dominant/B3GALT6_Esophagus_add_vs_mix.png
TRPM4,Lung,dominant,plotted,Four-panel SuSiE / SuSiE-mix comparison created,1,L1,1,1339,chr19_49166304_C_G_b38_C,chr19_49166304_C_G_b38_C,additive,0.99913541759041,1,Single credible-set lead,276,45,2,TRUE,Same lead SNP; coding change only: additive -> dominant,-440.785876082148,-440.687105907464,0.197540349366818,1,L1,1,5497,chr19_49166304_C_G_b38_C__dominant,chr19_49166304_C_G_b38_C,dominant,0.543489657292314,2,276,45,2,/project2/mstephens/wdenault/susie_mix/plot/one_cs_dominant/TRPM4_Lung_add_vs_mix.png
PPP2R2D,Nerve,dominant,plotted,Four-panel SuSiE / SuSiE-mix comparison created,1,L1,1,1719,chr10_131938153_T_C_b38_T,chr10_131938153_T_C_b38_T,additive,0.507483281736225,18,Single credible-set lead,91,191,72,TRUE,Same lead SNP; coding change only: additive -> dominant,-486.299068277429,-485.835992345682,0.926151863493942,1,L1,1,7633,chr10_131938153_T_C_b38_T__dominant,chr10_131938153_T_C_b38_T,dominant,0.365481244251469,26,91,191,72,/project2/mstephens/wdenault/susie_mix/plot/one_cs_dominant/PPP2R2D_Nerve_add_vs_mix.png
POLR2D,Pituitary,dominant,plotted,Four-panel SuSiE / SuSiE-mix comparison created,1,L1,1,960,chr2_127843916_T_C_b38_T,chr2_127843916_T_C_b38_T,additive,0.0954745119752323,12,Single credible-set lead,53,104,44,TRUE,Same lead SNP; coding change only: additive -> dominant,-267.856894762404,-266.717662826382,2.27846387204534,1,L1,1,4279,chr2_127843916_T_C_b38_T__dominant,chr2_127843916_T_C_b38_T,dominant,0.0920652976362666,20,53,104,44,/project2/mstephens/wdenault/susie_mix/plot/one_cs_dominant/POLR2D_Pituitary_add_vs_mix.png
ENPP1,Pancreas,dominant,plotted,Four-panel SuSiE / SuSiE-mix comparison created,1,L1,1,1168,chr6_131891554_A_G_b38_A,chr6_131891554_A_G_b38_A,additive,0.390336881638081,4,Single credible-set lead,80,74,26,FALSE,Different lead SNP; coding change: additive -> dominant,-238.152104670049,-238.131715625227,0.0407780896457552,1,L1,1,4356,chr6_131882950_G_C_b38_G__dominant,chr6_131882950_G_C_b38_G,dominant,0.206548829429575,7,80,81,19,/project2/mstephens/wdenault/susie_mix/plot/one_cs_dominant/ENPP1_Pancreas_add_vs_mix.png
WDR25,Adipose Tissue,dominant,plotted,Four-panel SuSiE / SuSiE-mix comparison created,1,L1,1,892,chr14_100377141_G_A_b38_G,chr14_100377141_G_A_b38_G,additive,0.126897646508554,14,Single credible-set lead,150,203,117,FALSE,Different lead SNP; coding change: additive -> dominant,-649.991266052251,-650.162057509146,-0.341582913789807,1,L1,1,3915,chr14_100339490_T_C_b38_T__dominant,chr14_100339490_T_C_b38_T,dominant,0.119802711293103,31,150,203,117,/project2/mstephens/wdenault/susie_mix/plot/one_cs_dominant/WDR25_Adipose_Tissue_add_vs_mix.png
WDR25,Colon,dominant,plotted,Four-panel SuSiE / SuSiE-mix comparison created,1,L1,1,797,chr14_100338448_G_C_b38_G,chr14_100338448_G_C_b38_G,additive,0.131850631129017,17,Single credible-set lead,101,139,92,TRUE,Same lead SNP; coding change only: additive -> dominant,-456.695037219618,-452.375652881564,8.63876867610634,1,L1,1,3789,chr14_100338448_G_C_b38_G__dominant,chr14_100338448_G_C_b38_G,dominant,0.16151519918855,13,101,139,92,/project2/mstephens/wdenault/susie_mix/plot/one_cs_dominant/WDR25_Colon_add_vs_mix.png
CACFD1,Thyroid,dominant,plotted,Four-panel SuSiE / SuSiE-mix comparison created,1,L1,1,1543,chr9_133473476_C_A_b38_C,chr9_133473476_C_A_b38_C,additive,0.527563992750246,16,Single credible-set lead,345,43,2,TRUE,Same lead SNP; coding change only: additive -> dominant,-537.323314764522,-536.734112563808,1.17840440142913,1,L1,1,7255,chr9_133473476_C_A_b38_C__dominant,chr9_133473476_C_A_b38_C,dominant,0.381610749425937,20,345,43,2,/project2/mstephens/wdenault/susie_mix/plot/one_cs_dominant/CACFD1_Thyroid_add_vs_mix.png
LTA4H,Muscle,dominant,plotted,Four-panel SuSiE / SuSiE-mix comparison created,1,L1,1,1522,chr12_96038395_C_T_b38_C,chr12_96038395_C_T_b38_C,additive,0.192465961564649,16,Single credible-set lead,406,69,2,TRUE,Same lead SNP; coding change only: additive -> dominant,-660.370557868203,-660.223382564668,0.294350607070328,1,L1,1,6223,chr12_96038395_C_T_b38_C__dominant,chr12_96038395_C_T_b38_C,dominant,0.112259501197015,28,406,69,2,/project2/mstephens/wdenault/susie_mix/plot/one_cs_dominant/LTA4H_Muscle_add_vs_mix.png
FAM227B,Muscle,dominant,plotted,Four-panel SuSiE / SuSiE-mix comparison created,1,L1,1,6,chr15_49126771_G_A_b38_G,chr15_49126771_G_A_b38_G,additive,0.0419853978197083,115,Single credible-set lead,296,156,25,FALSE,Different lead SNP; coding change: additive -> dominant,-660.889760936279,-659.889435418668,2.00065103522047,1,L1,1,3567,chr15_49299893_A_G_b38_A__dominant,chr15_49299893_A_G_b38_A,dominant,0.0150064559579817,186,298,154,25,/project2/mstephens/wdenault/susie_mix/plot/one_cs_dominant/FAM227B_Muscle_add_vs_mix.png
LSM7,Lung,dominant,plotted,Four-panel SuSiE / SuSiE-mix comparison created,1,L1,1,1107,chr19_2328282_G_A_b38_G,chr19_2328282_G_A_b38_G,additive,0.262834109034526,16,Single credible-set lead,181,119,23,FALSE,Different lead SNP; coding change: additive -> dominant,-442.083977436374,-440.859649590923,2.44865569090041,1,L1,1,5801,chr19_2324385_A_G_b38_A__dominant,chr19_2324385_A_G_b38_A,dominant,0.121341395387143,18,185,115,23,/project2/mstephens/wdenault/susie_mix/plot/one_cs_dominant/LSM7_Lung_add_vs_mix.png
POLM,Pituitary,dominant,plotted,Four-panel SuSiE / SuSiE-mix comparison created,1,L1,1,1143,chr7_44071590_T_C_b38_T,chr7_44071590_T_C_b38_T,additive,0.120198858705279,17,Single credible-set lead,170,30,1,TRUE,Same lead SNP; coding change only: additive -> dominant,-268.253764257027,-268.182118160931,0.143292192190415,1,L1,1,4569,chr7_44071590_T_C_b38_T__dominant,chr7_44071590_T_C_b38_T,dominant,0.0638018553495172,32,170,30,1,/project2/mstephens/wdenault/susie_mix/plot/one_cs_dominant/POLM_Pituitary_add_vs_mix.png
GRIP2,Blood Vessel,dominant,plotted,Four-panel SuSiE / SuSiE-mix comparison created,1,L1,1,1198,chr3_14525115_G_A_b38_G,chr3_14525115_G_A_b38_G,additive,0.199037709460045,14,Single credible-set lead,298,143,9,FALSE,Different lead SNP; coding change: additive -> dominant,-621.926310530021,-621.568407472398,0.715806115245186,1,L1,1,5748,chr3_14528990_G_A_b38_G__dominant,chr3_14528990_G_A_b38_G,dominant,0.13778301147645,26,297,145,8,/project2/mstephens/wdenault/susie_mix/plot/one_cs_dominant/GRIP2_Blood_Vessel_add_vs_mix.png
ITGA2,Testis,dominant,plotted,Four-panel SuSiE / SuSiE-mix comparison created,1,L1,1,1200,chr5_52944389_A_C_b38_A,chr5_52944389_A_C_b38_A,additive,0.0807333056379709,17,Single credible-set lead,95,82,34,TRUE,Same lead SNP; coding change only: additive -> dominant,-282.381903181319,-282.061636244804,0.640533873029654,1,L1,1,5843,chr5_52944389_A_C_b38_A__dominant,chr5_52944389_A_C_b38_A,dominant,0.101269310422569,32,95,82,34,/project2/mstephens/wdenault/susie_mix/plot/one_cs_dominant/ITGA2_Testis_add_vs_mix.png
NEIL2,Adipose Tissue,dominant,plotted,Four-panel SuSiE / SuSiE-mix comparison created,1,L1,1,1500,chr8_11764492_G_A_b38_G,chr8_11764492_G_A_b38_G,additive,0.51155926895754,4,Single credible-set lead,165,231,74,FALSE,Different lead SNP; coding change: additive -> dominant,-649.948535660091,-649.566850899913,0.763369520356264,1,L1,1,7007,chr8_11787242_A_G_b38_A__dominant,chr8_11787242_A_G_b38_A,dominant,0.485883748427353,5,147,232,91,/project2/mstephens/wdenault/susie_mix/plot/one_cs_dominant/NEIL2_Adipose_Tissue_add_vs_mix.png
NEIL2,Spleen,dominant,plotted,Four-panel SuSiE / SuSiE-mix comparison created,1,L1,1,1456,chr8_11756807_T_C_b38_T,chr8_11756807_T_C_b38_T,additive,0.71334396565293,5,Single credible-set lead,56,62,28,FALSE,Different lead SNP; coding change: additive -> dominant,-190.737953790371,-187.909840434724,5.65622671129336,1,L1,1,6550,chr8_11774397_A_G_b38_A__dominant,chr8_11774397_A_G_b38_A,dominant,0.590134128505044,4,66,68,12,/project2/mstephens/wdenault/susie_mix/plot/one_cs_dominant/NEIL2_Spleen_add_vs_mix.png
PLIN4,Testis,dominant,plotted,Four-panel SuSiE / SuSiE-mix comparison created,1,L1,1,1158,chr19_4519720_G_A_b38_G,chr19_4519720_G_A_b38_G,additive,0.996277048370976,1,Single credible-set lead,115,81,15,TRUE,Same lead SNP; coding change only: additive -> dominant,-282.004993255304,-278.487087241867,7.03581202687383,1,L1,1,5441,chr19_4519720_G_A_b38_G__dominant,chr19_4519720_G_A_b38_G,dominant,0.973586673347683,1,115,81,15,/project2/mstephens/wdenault/susie_mix/plot/one_cs_dominant/PLIN4_Testis_add_vs_mix.png
FBF1,Colon,dominant,plotted,Four-panel SuSiE / SuSiE-mix comparison created,1,L1,1,841,chr17_75842027_G_A_b38_G,chr17_75842027_G_A_b38_G,additive,0.528208442052839,8,Single credible-set lead,194,124,14,TRUE,Same lead SNP; coding change only: additive -> dominant,-454.702742719079,-454.177511209745,1.05046301866855,1,L1,1,4069,chr17_75842027_G_A_b38_G__dominant,chr17_75842027_G_A_b38_G,dominant,0.263924418745065,14,194,124,14,/project2/mstephens/wdenault/susie_mix/plot/one_cs_dominant/FBF1_Colon_add_vs_mix.png
FBF1,Pituitary,dominant,plotted,Four-panel SuSiE / SuSiE-mix comparison created,1,L1,1,976,chr17_75940572_G_C_b38_G,chr17_75940572_G_C_b38_G,additive,0.0827124113522899,19,Single credible-set lead,111,77,13,FALSE,Different lead SNP; coding change: additive -> dominant,-269.817037643616,-269.760636597898,0.11280209143672,1,L1,1,4019,chr17_75930040_C_A_b38_C__dominant,chr17_75930040_C_A_b38_C,dominant,0.0493793271763657,35,125,66,10,/project2/mstephens/wdenault/susie_mix/plot/one_cs_dominant/FBF1_Pituitary_add_vs_mix.png
CCDC180,Muscle,dominant,plotted,Four-panel SuSiE / SuSiE-mix comparison created,1,L1,1,372,chr9_97206088_C_T_b38_C,chr9_97206088_C_T_b38_C,additive,0.0189452751842321,100,Single credible-set lead,282,163,32,FALSE,Different lead SNP; coding change: additive -> dominant,-660.334895656153,-660.271455445638,0.126880421029,1,L1,1,3579,chr9_97334288_T_C_b38_T__dominant,chr9_97334288_T_C_b38_T,dominant,0.00996802498368088,204,279,166,32,/project2/mstephens/wdenault/susie_mix/plot/one_cs_dominant/CCDC180_Muscle_add_vs_mix.png
RBP5,Nerve,dominant,plotted,Four-panel SuSiE / SuSiE-mix comparison created,1,L1,1,698,chr12_7091187_T_C_b38_T,chr12_7091187_T_C_b38_T,additive,0.325890134311556,6,Single credible-set lead,171,150,33,TRUE,Same lead SNP; coding change only: additive -> dominant,-485.596267386962,-485.47978865247,0.232957468985319,1,L1,1,4002,chr12_7091187_T_C_b38_T__dominant,chr12_7091187_T_C_b38_T,dominant,0.279004438839584,9,171,150,33,/project2/mstephens/wdenault/susie_mix/plot/one_cs_dominant/RBP5_Nerve_add_vs_mix.png
RBP5,Skin,dominant,plotted,Four-panel SuSiE / SuSiE-mix comparison created,1,L1,1,696,chr12_7090574_T_C_b38_T,chr12_7090574_T_C_b38_T,additive,0.45526087577983,4,Single credible-set lead,468,50,4,TRUE,Same lead SNP; coding change only: additive -> dominant,-725.003534632925,-724.373199369419,1.26067052701092,1,L1,1,4168,chr12_7090574_T_C_b38_T__dominant,chr12_7090574_T_C_b38_T,dominant,0.513302677284746,4,468,50,4,/project2/mstephens/wdenault/susie_mix/plot/one_cs_dominant/RBP5_Skin_add_vs_mix.png
CRTAC1,Heart,dominant,plotted,Four-panel SuSiE / SuSiE-mix comparison created,1,L1,1,704,chr10_97926217_G_T_b38_G,chr10_97926217_G_T_b38_G,additive,0.272723143259933,9,Single credible-set lead,206,106,19,TRUE,Same lead SNP; coding change only: additive -> dominant,-453.204858609914,-452.744118070984,0.921481077861472,1,L1,1,4110,chr10_97926217_G_T_b38_G__dominant,chr10_97926217_G_T_b38_G,dominant,0.155685744135899,16,206,106,19,/project2/mstephens/wdenault/susie_mix/plot/one_cs_dominant/CRTAC1_Heart_add_vs_mix.png
DAP,Lung,dominant,plotted,Four-panel SuSiE / SuSiE-mix comparison created,1,L1,1,887,chr5_10680885_G_A_b38_G,chr5_10680885_G_A_b38_G,additive,0.999146839007376,1,Single credible-set lead,282,39,2,TRUE,Same lead SNP; coding change only: additive -> dominant,-441.049857575121,-440.772907282923,0.553900584395706,1,L1,1,5307,chr5_10680885_G_A_b38_G__dominant,chr5_10680885_G_A_b38_G,dominant,0.609475393849152,2,282,39,2,/project2/mstephens/wdenault/susie_mix/plot/one_cs_dominant/DAP_Lung_add_vs_mix.png
KLRG1,Breast,dominant,plotted,Four-panel SuSiE / SuSiE-mix comparison created,1,L1,1,1007,chr12_8932074_A_T_b38_A,chr12_8932074_A_T_b38_A,additive,0.0440679372808601,58,Single credible-set lead,92,134,43,TRUE,Same lead SNP; coding change only: additive -> dominant,-365.424499432997,-359.56895694694,11.7110849721139,1,L1,1,5033,chr12_8932074_A_T_b38_A__dominant,chr12_8932074_A_T_b38_A,dominant,0.101793634957849,49,92,134,43,/project2/mstephens/wdenault/susie_mix/plot/one_cs_dominant/KLRG1_Breast_add_vs_mix.png
AKAP3,Pancreas,dominant,plotted,Four-panel SuSiE / SuSiE-mix comparison created,1,L1,1,998,chr12_4633663_G_T_b38_G,chr12_4633663_G_T_b38_G,additive,0.424976843779132,9,Single credible-set lead,55,80,45,TRUE,Same lead SNP; coding change only: additive -> dominant,-239.021771039597,-235.716676300934,6.61018947732538,1,L1,1,4819,chr12_4633663_G_T_b38_G__dominant,chr12_4633663_G_T_b38_G,dominant,0.67919739852534,7,55,80,45,/project2/mstephens/wdenault/susie_mix/plot/one_cs_dominant/AKAP3_Pancreas_add_vs_mix.png
ANKDD1A,Thyroid,dominant,plotted,Four-panel SuSiE / SuSiE-mix comparison created,1,L1,1,824,chr15_64972827_A_G_b38_A,chr15_64972827_A_G_b38_A,additive,0.205308611684225,9,Single credible-set lead,347,39,4,TRUE,Same lead SNP; coding change only: additive -> dominant,-536.681860727231,-536.683571739302,-0.00342202414208259,1,L1,1,3141,chr15_64972827_A_G_b38_A__dominant,chr15_64972827_A_G_b38_A,dominant,0.111384106663002,17,347,39,4,/project2/mstephens/wdenault/susie_mix/plot/one_cs_dominant/ANKDD1A_Thyroid_add_vs_mix.png
EMID1,Pancreas,dominant,plotted,Four-panel SuSiE / SuSiE-mix comparison created,1,L1,1,871,chr22_29241669_G_C_b38_G,chr22_29241669_G_C_b38_G,additive,0.255099938386837,24,Single credible-set lead,70,74,36,FALSE,Different lead SNP; coding change: additive -> dominant,-238.957385756276,-237.581378722615,2.75201406732174,1,L1,1,3776,chr22_29242481_G_A_b38_G__dominant,chr22_29242481_G_A_b38_G,dominant,0.151569162908344,13,81,70,29,/project2/mstephens/wdenault/susie_mix/plot/one_cs_dominant/EMID1_Pancreas_add_vs_mix.png
SLFN13,Nerve,dominant,plotted,Four-panel SuSiE / SuSiE-mix comparison created,1,L1,1,874,chr17_35447616_C_T_b38_C,chr17_35447616_C_T_b38_C,additive,0.984521115974876,1,Single credible-set lead,168,155,31,TRUE,Same lead SNP; coding change only: additive -> dominant,-485.196087793412,-484.622576395319,1.14702279618541,1,L1,1,3946,chr17_35447616_C_T_b38_C__dominant,chr17_35447616_C_T_b38_C,dominant,0.683650010373401,2,168,155,31,/project2/mstephens/wdenault/susie_mix/plot/one_cs_dominant/SLFN13_Nerve_add_vs_mix.png
OVOL1,Pancreas,dominant,plotted,Four-panel SuSiE / SuSiE-mix comparison created,1,L1,1,676,chr11_65804384_A_G_b38_A,chr11_65804384_A_G_b38_A,additive,0.186438325158523,16,Single credible-set lead,56,86,38,TRUE,Same lead SNP; coding change only: additive -> dominant,-239.126523571872,-239.075005285782,0.103036572179462,1,L1,1,3016,chr11_65804384_A_G_b38_A__dominant,chr11_65804384_A_G_b38_A,dominant,0.0934992508992956,34,56,86,38,/project2/mstephens/wdenault/susie_mix/plot/one_cs_dominant/OVOL1_Pancreas_add_vs_mix.png
CLP1,Testis,dominant,plotted,Four-panel SuSiE / SuSiE-mix comparison created,1,L1,1,754,chr11_57657710_G_T_b38_G,chr11_57657710_G_T_b38_G,additive,0.172964127333394,16,Single credible-set lead,190,20,1,FALSE,Different lead SNP; coding change: additive -> dominant,-283.367820671611,-279.12449148753,8.48665836816235,1,L1,1,4142,chr11_57974792_C_G_b38_C__dominant,chr11_57974792_C_G_b38_C,dominant,0.0674852545720963,15,180,26,5,/project2/mstephens/wdenault/susie_mix/plot/one_cs_dominant/CLP1_Testis_add_vs_mix.png
PNLDC1,Brain,dominant,plotted,Four-panel SuSiE / SuSiE-mix comparison created,1,L1,1,1226,chr6_159735234_A_G_b38_A,chr6_159735234_A_G_b38_A,additive,0.284756808442933,14,Single credible-set lead,148,88,21,TRUE,Same lead SNP; coding change only: additive -> dominant,-348.673107804154,-347.91054181367,1.5251319809679,1,L1,1,5640,chr6_159735234_A_G_b38_A__dominant,chr6_159735234_A_G_b38_A,dominant,0.267836973524096,21,148,88,21,/project2/mstephens/wdenault/susie_mix/plot/one_cs_dominant/PNLDC1_Brain_add_vs_mix.png
GLRX5,Thyroid,dominant,plotted,Four-panel SuSiE / SuSiE-mix comparison created,1,L1,1,1370,chr14_95526766_C_G_b38_C,chr14_95526766_C_G_b38_C,additive,0.831438681915579,11,Single credible-set lead,134,191,65,TRUE,Same lead SNP; coding change only: additive -> dominant,-537.051154134624,-534.78590571038,4.5304968484877,1,L1,1,6508,chr14_95526766_C_G_b38_C__dominant,chr14_95526766_C_G_b38_C,dominant,0.83152607490592,5,134,191,65,/project2/mstephens/wdenault/susie_mix/plot/one_cs_dominant/GLRX5_Thyroid_add_vs_mix.png
GLRX5,Nerve,dominant,plotted,Four-panel SuSiE / SuSiE-mix comparison created,1,L1,1,1387,chr14_95531658_G_A_b38_G,chr14_95531658_G_A_b38_G,additive,0.087462664147947,13,Single credible-set lead,119,168,67,FALSE,Different lead SNP; coding change: additive -> dominant,-486.249208842471,-485.894895415458,0.708626854026761,1,L1,1,6512,chr14_95530485_A_G_b38_A__dominant,chr14_95530485_A_G_b38_A,dominant,0.0584553892047434,25,119,167,68,/project2/mstephens/wdenault/susie_mix/plot/one_cs_dominant/GLRX5_Nerve_add_vs_mix.png
PRTG,Muscle,dominant,plotted,Four-panel SuSiE / SuSiE-mix comparison created,1,L1,1,1146,chr15_55746357_A_G_b38_A,chr15_55746357_A_G_b38_A,additive,0.159489536524615,33,Single credible-set lead,148,202,127,FALSE,Different lead SNP; coding change: additive -> dominant,-661.262558314813,-660.777651379273,0.969813871080078,1,L1,1,5662,chr15_55682756_T_C_b38_T__dominant,chr15_55682756_T_C_b38_T,dominant,0.095500745793023,57,145,195,137,/project2/mstephens/wdenault/susie_mix/plot/one_cs_dominant/PRTG_Muscle_add_vs_mix.png
RASGEF1A,Lung,dominant,plotted,Four-panel SuSiE / SuSiE-mix comparison created,1,L1,1,1348,chr10_43226033_T_G_b38_T,chr10_43226033_T_G_b38_T,additive,0.534771276451687,36,Single credible-set lead,108,161,54,TRUE,Same lead SNP; coding change only: additive -> dominant,-443.059256529536,-441.992441785291,2.13362948849101,1,L1,1,5763,chr10_43226033_T_G_b38_T__dominant,chr10_43226033_T_G_b38_T,dominant,0.486706731275973,63,108,161,54,/project2/mstephens/wdenault/susie_mix/plot/one_cs_dominant/RASGEF1A_Lung_add_vs_mix.png
SLC6A2,Skin,dominant,plotted,Four-panel SuSiE / SuSiE-mix comparison created,1,L1,1,1288,chr16_55660341_A_C_b38_A,chr16_55660341_A_C_b38_A,additive,0.262303393614294,8,Single credible-set lead,226,227,69,FALSE,Different lead SNP; coding change: additive -> dominant,-715.587177808023,-715.479933204313,0.214489207420002,1,L1,1,5670,chr16_55659943_G_C_b38_G__dominant,chr16_55659943_G_C_b38_G,dominant,0.149989375307945,10,222,228,72,/project2/mstephens/wdenault/susie_mix/plot/one_cs_dominant/SLC6A2_Skin_add_vs_mix.png
PIP5K1C,Muscle,dominant,plotted,Four-panel SuSiE / SuSiE-mix comparison created,1,L1,1,1195,chr19_3650890_G_A_b38_G,chr19_3650890_G_A_b38_G,additive,0.934141079419733,2,Single credible-set lead,368,99,10,TRUE,Same lead SNP; coding change only: additive -> dominant,-660.05417836613,-659.523223376085,1.06190998009015,1,L1,1,5544,chr19_3650890_G_A_b38_G__dominant,chr19_3650890_G_A_b38_G,dominant,0.635471966658556,2,368,99,10,/project2/mstephens/wdenault/susie_mix/plot/one_cs_dominant/PIP5K1C_Muscle_add_vs_mix.png
ZNF575,Salivary Gland,dominant,plotted,Four-panel SuSiE / SuSiE-mix comparison created,1,L1,1,1848,chr19_43574316_T_G_b38_T,chr19_43574316_T_G_b38_T,additive,0.207431145974263,21,Single credible-set lead,71,34,6,TRUE,Same lead SNP; coding change only: additive -> dominant,-141.622554950399,-141.385889536093,0.473330828612689,1,L1,1,6442,chr19_43574316_T_G_b38_T__dominant,chr19_43574316_T_G_b38_T,dominant,0.154673261949456,42,71,34,6,/project2/mstephens/wdenault/susie_mix/plot/one_cs_dominant/ZNF575_Salivary_Gland_add_vs_mix.png
FTCD,Nerve,dominant,plotted,Four-panel SuSiE / SuSiE-mix comparison created,1,L1,1,1179,chr21_46130463_G_T_b38_G,chr21_46130463_G_T_b38_G,additive,0.606161621977684,8,Single credible-set lead,178,148,28,TRUE,Same lead SNP; coding change only: additive -> dominant,-486.243689901321,-484.847104619802,2.79317056303773,1,L1,1,6205,chr21_46130463_G_T_b38_G__dominant,chr21_46130463_G_T_b38_G,dominant,0.486683390430381,13,178,148,28,/project2/mstephens/wdenault/susie_mix/plot/one_cs_dominant/FTCD_Nerve_add_vs_mix.png
ZCCHC9,Muscle,dominant,plotted,Four-panel SuSiE / SuSiE-mix comparison created,1,L1,1,1179,chr5_81269361_C_G_b38_C,chr5_81269361_C_G_b38_C,additive,0.418547943501532,3,Single credible-set lead,413,61,3,TRUE,Same lead SNP; coding change only: additive -> dominant,-660.191431310325,-659.490111261066,1.40264009851762,1,L1,1,4841,chr5_81269361_C_G_b38_C__dominant,chr5_81269361_C_G_b38_C,dominant,0.321271285321341,6,413,61,3,/project2/mstephens/wdenault/susie_mix/plot/one_cs_dominant/ZCCHC9_Muscle_add_vs_mix.png
EXOC3,Colon,dominant,plotted,Four-panel SuSiE / SuSiE-mix comparison created,1,L1,1,1296,chr5_437471_G_A_b38_G,chr5_437471_G_A_b38_G,additive,0.053052312009945,36,Single credible-set lead,149,139,44,TRUE,Same lead SNP; coding change only: additive -> dominant,-454.758749150662,-452.666720334394,4.18405763253725,1,L1,1,5535,chr5_437471_G_A_b38_G__dominant,chr5_437471_G_A_b38_G,dominant,0.0559915039820415,55,149,139,44,/project2/mstephens/wdenault/susie_mix/plot/one_cs_dominant/EXOC3_Colon_add_vs_mix.png
HEATR6,Muscle,dominant,plotted,Four-panel SuSiE / SuSiE-mix comparison created,1,L1,1,557,chr17_60078969_A_G_b38_A,chr17_60078969_A_G_b38_A,additive,0.268386151738108,13,Single credible-set lead,364,104,9,TRUE,Same lead SNP; coding change only: additive -> dominant,-660.789885998479,-659.415412920747,2.74894615546441,1,L1,1,1943,chr17_60078969_A_G_b38_A__dominant,chr17_60078969_A_G_b38_A,dominant,0.213063539236168,17,364,104,9,/project2/mstephens/wdenault/susie_mix/plot/one_cs_dominant/HEATR6_Muscle_add_vs_mix.png
ANAPC13,Heart,dominant,plotted,Four-panel SuSiE / SuSiE-mix comparison created,1,L1,1,1240,chr3_134617151_T_C_b38_T,chr3_134617151_T_C_b38_T,additive,0.0645670739732697,108,Single credible-set lead,137,152,42,FALSE,Different lead SNP; coding change: additive -> dominant,-453.997605060357,-453.40149797971,1.19221416129301,1,L1,1,5188,chr3_134625340_C_T_b38_C__dominant,chr3_134625340_C_T_b38_C,dominant,0.0516023480839641,185,154,142,35,/project2/mstephens/wdenault/susie_mix/plot/one_cs_dominant/ANAPC13_Heart_add_vs_mix.png
SNAPC1,Testis,dominant,plotted,Four-panel SuSiE / SuSiE-mix comparison created,1,L1,1,758,chr14_61761581_A_G_b38_A,chr14_61761581_A_G_b38_A,additive,0.878168091894573,16,Single credible-set lead,147,56,8,TRUE,Same lead SNP; coding change only: additive -> dominant,-282.896918364467,-281.651225969017,2.49138479090004,1,L1,1,3764,chr14_61761581_A_G_b38_A__dominant,chr14_61761581_A_G_b38_A,dominant,0.732417791168478,4,147,56,8,/project2/mstephens/wdenault/susie_mix/plot/one_cs_dominant/SNAPC1_Testis_add_vs_mix.png
SNAPC1,Pituitary,dominant,plotted,Four-panel SuSiE / SuSiE-mix comparison created,1,L1,1,781,chr14_61769187_G_A_b38_G,chr14_61769187_G_A_b38_G,additive,0.211016981516677,31,Single credible-set lead,161,39,1,TRUE,Same lead SNP; coding change only: additive -> dominant,-270.703822890306,-270.300867732155,0.805910316302288,1,L1,1,3746,chr14_61769187_G_A_b38_G__dominant,chr14_61769187_G_A_b38_G,dominant,0.137709956928773,57,161,39,1,/project2/mstephens/wdenault/susie_mix/plot/one_cs_dominant/SNAPC1_Pituitary_add_vs_mix.png
SEC16B,Muscle,dominant,plotted,Four-panel SuSiE / SuSiE-mix comparison created,1,L1,1,1026,chr1_177969302_G_A_b38_G,chr1_177969302_G_A_b38_G,additive,0.867818534312344,17,Single credible-set lead,312,141,24,TRUE,Same lead SNP; coding change only: additive -> dominant,-660.527734028805,-660.213337536463,0.628792984684196,1,L1,1,4098,chr1_177969302_G_A_b38_G__dominant,chr1_177969302_G_A_b38_G,dominant,0.534354881064452,29,312,141,24,/project2/mstephens/wdenault/susie_mix/plot/one_cs_dominant/SEC16B_Muscle_add_vs_mix.png
PHOSPHO2,Skin,dominant,plotted,Four-panel SuSiE / SuSiE-mix comparison created,1,L1,1,809,chr2_169548945_G_A_b38_G,chr2_169548945_G_A_b38_G,additive,0.0721308968140833,42,Single credible-set lead,434,85,3,FALSE,Different lead SNP; coding change: additive -> dominant,-724.586758465432,-724.471893410628,0.229730109607317,1,L1,1,5959,chr2_169689661_C_T_b38_C__dominant,chr2_169689661_C_T_b38_C,dominant,0.0337050167402221,94,447,73,2,/project2/mstephens/wdenault/susie_mix/plot/one_cs_dominant/PHOSPHO2_Skin_add_vs_mix.png
ZNF443,Testis,dominant,plotted,Four-panel SuSiE / SuSiE-mix comparison created,1,L1,1,747,chr19_12421711_T_A_b38_T,chr19_12421711_T_A_b38_T,additive,0.0675030711636639,55,Single credible-set lead,76,100,35,FALSE,Different lead SNP; coding change: additive -> dominant,-283.656156665182,-283.511677193852,0.288958942660202,1,L1,1,3253,chr19_12409083_G_A_b38_G__dominant,chr19_12409083_G_A_b38_G,dominant,0.0524450490479928,106,64,103,44,/project2/mstephens/wdenault/susie_mix/plot/one_cs_dominant/ZNF443_Testis_add_vs_mix.png
ZNF586,Adipose Tissue,dominant,plotted,Four-panel SuSiE / SuSiE-mix comparison created,1,L1,1,1190,chr19_57740100_G_A_b38_G,chr19_57740100_G_A_b38_G,additive,0.366395575928408,3,Single credible-set lead,265,172,33,TRUE,Same lead SNP; coding change only: additive -> dominant,-650.041460253021,-647.048205835355,5.98650883533264,1,L1,1,5672,chr19_57740100_G_A_b38_G__dominant,chr19_57740100_G_A_b38_G,dominant,0.385558424885728,3,265,172,33,/project2/mstephens/wdenault/susie_mix/plot/one_cs_dominant/ZNF586_Adipose_Tissue_add_vs_mix.png
CHIA,Lung,dominant,plotted,Four-panel SuSiE / SuSiE-mix comparison created,1,L1,1,1100,chr1_111273841_T_C_b38_T,chr1_111273841_T_C_b38_T,additive,0.166035835328928,33,Single credible-set lead,111,158,54,FALSE,Different lead SNP; coding change: additive -> dominant,-440.31813202593,-440.395679593273,-0.155095134686349,1,L1,1,5407,chr1_111262852_A_G_b38_A__dominant,chr1_111262852_A_G_b38_A,dominant,0.120440776200059,45,166,129,28,/project2/mstephens/wdenault/susie_mix/plot/one_cs_dominant/CHIA_Lung_add_vs_mix.png
PPP1R3C,Blood Vessel,dominant,plotted,Four-panel SuSiE / SuSiE-mix comparison created,1,L1,1,810,chr10_91668529_C_T_b38_C,chr10_91668529_C_T_b38_C,additive,0.0334405247647029,62,Single credible-set lead,193,204,53,FALSE,Different lead SNP; coding change: additive -> dominant,-622.390046949474,-618.42477781097,7.93053827700669,1,L1,1,3702,chr10_91633251_G_C_b38_G__dominant,chr10_91633251_G_C_b38_G,dominant,0.0262349156757128,64,194,208,48,/project2/mstephens/wdenault/susie_mix/plot/one_cs_dominant/PPP1R3C_Blood_Vessel_add_vs_mix.png
IL17RC,Esophagus,dominant,plotted,Four-panel SuSiE / SuSiE-mix comparison created,1,L1,1,786,chr3_9865713_C_T_b38_C,chr3_9865713_C_T_b38_C,additive,0.2534997668575,35,Single credible-set lead,108,198,106,FALSE,Different lead SNP; coding change: additive -> dominant,-569.311190645649,-568.480648498491,1.66108429431642,1,L1,1,4634,chr3_9916214_G_A_b38_G__dominant,chr3_9916214_G_A_b38_G,dominant,0.12871428584949,59,124,204,84,/project2/mstephens/wdenault/susie_mix/plot/one_cs_dominant/IL17RC_Esophagus_add_vs_mix.png
AURKC,Adipose Tissue,dominant,plotted,Four-panel SuSiE / SuSiE-mix comparison created,1,L1,1,1206,chr19_57223264_C_T_b38_C,chr19_57223264_C_T_b38_C,additive,0.202891489305649,10,Single credible-set lead,184,223,63,TRUE,Same lead SNP; coding change only: additive -> dominant,-650.66636618878,-650.034344182157,1.26404401324635,1,L1,1,5904,chr19_57223264_C_T_b38_C__dominant,chr19_57223264_C_T_b38_C,dominant,0.146996219965637,18,184,223,63,/project2/mstephens/wdenault/susie_mix/plot/one_cs_dominant/AURKC_Adipose_Tissue_add_vs_mix.png
AURKC,Colon,dominant,plotted,Four-panel SuSiE / SuSiE-mix comparison created,1,L1,1,1191,chr19_57219939_T_C_b38_T,chr19_57219939_T_C_b38_T,additive,0.141503596010137,10,Single credible-set lead,146,140,46,TRUE,Same lead SNP; coding change only: additive -> dominant,-456.082226135332,-455.409591148009,1.34526997464639,1,L1,1,5753,chr19_57219939_T_C_b38_T__dominant,chr19_57219939_T_C_b38_T,dominant,0.141741536774778,18,146,140,46,/project2/mstephens/wdenault/susie_mix/plot/one_cs_dominant/AURKC_Colon_add_vs_mix.png
GPAT2,Colon,dominant,plotted,Four-panel SuSiE / SuSiE-mix comparison created,1,L1,1,427,chr2_96025125_T_C_b38_T,chr2_96025125_T_C_b38_T,additive,0.12293478714578,62,Single credible-set lead,126,163,43,FALSE,Different lead SNP; coding change: additive -> dominant,-455.859460019965,-455.415510257563,0.887899524803174,1,L1,1,1712,chr2_96138165_T_C_b38_T__dominant,chr2_96138165_T_C_b38_T,dominant,0.0701327473592558,118,127,166,39,/project2/mstephens/wdenault/susie_mix/plot/one_cs_dominant/GPAT2_Colon_add_vs_mix.png
B4GALT1,Muscle,dominant,plotted,Four-panel SuSiE / SuSiE-mix comparison created,1,L1,1,1257,chr9_33118906_A_G_b38_A,chr9_33118906_A_G_b38_A,additive,0.161830548180869,43,Single credible-set lead,141,247,89,FALSE,Different lead SNP; coding change: additive -> dominant,-661.414732119581,-660.592358378334,1.64474748249427,1,L1,1,6015,chr9_33123388_A_G_b38_A__dominant,chr9_33123388_A_G_b38_A,dominant,0.0871774040269358,60,149,241,87,/project2/mstephens/wdenault/susie_mix/plot/one_cs_dominant/B4GALT1_Muscle_add_vs_mix.png
ISOC1,Testis,dominant,plotted,Four-panel SuSiE / SuSiE-mix comparison created,1,L1,1,1148,chr5_128957460_G_T_b38_G,chr5_128957460_G_T_b38_G,additive,0.012954285492739,308,Single credible-set lead,99,97,15,FALSE,Different lead SNP; coding change: additive -> dominant,-283.853252608389,-279.883374341483,7.93975653381165,1,L1,1,5725,chr5_128936714_T_A_b38_T__dominant,chr5_128936714_T_A_b38_T,dominant,0.0101950516146834,247,100,96,15,/project2/mstephens/wdenault/susie_mix/plot/one_cs_dominant/ISOC1_Testis_add_vs_mix.png
CFAP70,Esophagus,dominant,plotted,Four-panel SuSiE / SuSiE-mix comparison created,1,L1,1,201,chr10_73099594_C_T_b38_C,chr10_73099594_C_T_b38_C,additive,0.0211038423125807,284,Single credible-set lead,328,75,9,TRUE,Same lead SNP; coding change only: additive -> dominant,-569.583981032424,-569.27241276316,0.623136538527206,1,L1,1,1935,chr10_73099594_C_T_b38_C__dominant,chr10_73099594_C_T_b38_C,dominant,0.0137752237983871,548,328,75,9,/project2/mstephens/wdenault/susie_mix/plot/one_cs_dominant/CFAP70_Esophagus_add_vs_mix.png
CFAP70,Thyroid,dominant,plotted,Four-panel SuSiE / SuSiE-mix comparison created,1,L1,1,900,chr10_73603437_A_G_b38_A,chr10_73603437_A_G_b38_A,additive,0.00989583712754538,291,Single credible-set lead,328,60,2,TRUE,Same lead SNP; coding change only: additive -> dominant,-538.722079100616,-537.571208112459,2.30174197631368,1,L1,1,2575,chr10_73603437_A_G_b38_A__dominant,chr10_73603437_A_G_b38_A,dominant,0.00966058953986215,542,328,60,2,/project2/mstephens/wdenault/susie_mix/plot/one_cs_dominant/CFAP70_Thyroid_add_vs_mix.png
ADCYAP1,Esophagus,dominant,plotted,Four-panel SuSiE / SuSiE-mix comparison created,2,L2,2,2017,chr18_986807_T_C_b38_T,chr18_986807_T_C_b38_T,additive,0.365307067623867,1054,Highest-PIP credible-set lead,334,70,8,FALSE,Different lead SNP; coding change: additive -> dominant,-561.009855992678,-566.870048803349,-11.7203856213412,1,L1,1,6930,chr18_968471_G_A_b38_G__dominant,chr18_968471_G_A_b38_G,dominant,0.0580642220452573,27,229,163,20,/project2/mstephens/wdenault/susie_mix/plot/one_cs_dominant/ADCYAP1_Esophagus_add_vs_mix.png
PAQR6,Thyroid,dominant,plotted,Four-panel SuSiE / SuSiE-mix comparison created,1,L1,1,583,chr1_156242034_T_C_b38_T,chr1_156242034_T_C_b38_T,additive,0.132857114386623,24,Single credible-set lead,246,130,14,FALSE,Different lead SNP; coding change: additive -> dominant,-537.602117773124,-537.490333273644,0.223568998959081,1,L1,1,2849,chr1_156248323_G_A_b38_G__dominant,chr1_156248323_G_A_b38_G,dominant,0.102364867169943,30,243,132,15,/project2/mstephens/wdenault/susie_mix/plot/one_cs_dominant/PAQR6_Thyroid_add_vs_mix.png
KANSL2,Adrenal Gland,dominant,plotted,Four-panel SuSiE / SuSiE-mix comparison created,1,L1,1,1373,chr12_48642250_G_A_b38_G,chr12_48642250_G_A_b38_G,additive,0.0479810888527558,27,Single credible-set lead,82,49,10,FALSE,Different lead SNP; coding change: additive -> dominant,-183.391343135975,-183.025313410715,0.732059450520808,1,L1,1,4668,chr12_48642009_T_C_b38_T__dominant,chr12_48642009_T_C_b38_T,dominant,0.167529306740826,75,63,56,22,/project2/mstephens/wdenault/susie_mix/plot/one_cs_dominant/KANSL2_Adrenal_Gland_add_vs_mix.png
DDO,Spleen,dominant,plotted,Four-panel SuSiE / SuSiE-mix comparison created,1,L1,1,931,chr6_110416044_C_T_b38_C,chr6_110416044_C_T_b38_C,additive,0.30223143883189,16,Single credible-set lead,49,71,26,TRUE,Same lead SNP; coding change only: additive -> dominant,-191.57315199964,-191.17400544558,0.798293108120788,1,L1,1,3836,chr6_110416044_C_T_b38_C__dominant,chr6_110416044_C_T_b38_C,dominant,0.183158804932442,28,49,71,26,/project2/mstephens/wdenault/susie_mix/plot/one_cs_dominant/DDO_Spleen_add_vs_mix.png
MAN2C1,Uterus,dominant,plotted,Four-panel SuSiE / SuSiE-mix comparison created,1,L1,1,719,chr15_75336500_C_G_b38_C,chr15_75336500_C_G_b38_C,additive,0.121507574777087,50,Single credible-set lead,38,32,8,FALSE,Different lead SNP; coding change: additive -> dominant,-94.813505552766,-91.0969545010843,7.43310210336341,1,L1,1,2924,chr15_75458042_T_C_b38_T__dominant,chr15_75458042_T_C_b38_T,dominant,0.670627400075697,39,38,35,5,/project2/mstephens/wdenault/susie_mix/plot/one_cs_dominant/MAN2C1_Uterus_add_vs_mix.png
MAN2C1,Salivary Gland,dominant,plotted,Four-panel SuSiE / SuSiE-mix comparison created,1,L1,1,835,chr15_75475956_T_C_b38_T,chr15_75475956_T_C_b38_T,additive,0.0497759181108479,79,Single credible-set lead,51,48,12,FALSE,Different lead SNP; coding change: additive -> dominant,-143.136460574505,-143.043933255728,0.185054637553321,1,L1,1,3172,chr15_75426328_G_T_b38_G__dominant,chr15_75426328_G_T_b38_G,dominant,0.0485117328080518,148,61,41,9,/project2/mstephens/wdenault/susie_mix/plot/one_cs_dominant/MAN2C1_Salivary_Gland_add_vs_mix.png
CLEC2D,Blood Vessel,dominant,plotted,Four-panel SuSiE / SuSiE-mix comparison created,1,L1,1,1291,chr12_9658707_G_A_b38_G,chr12_9658707_G_A_b38_G,additive,0.0822800873382856,41,Single credible-set lead,357,90,3,TRUE,Same lead SNP; coding change only: additive -> dominant,-622.924280292462,-622.590834133168,0.66689231858777,1,L1,1,6073,chr12_9658707_G_A_b38_G__dominant,chr12_9658707_G_A_b38_G,dominant,0.0754101727480778,81,357,90,3,/project2/mstephens/wdenault/susie_mix/plot/one_cs_dominant/CLEC2D_Blood_Vessel_add_vs_mix.png
RNF224,Testis,dominant,plotted,Four-panel SuSiE / SuSiE-mix comparison created,1,L1,1,935,chr9_137240629_T_G_b38_T,chr9_137240629_T_G_b38_T,additive,0.655239832483298,7,Single credible-set lead,160,47,4,TRUE,Same lead SNP; coding change only: additive -> dominant,-283.367519249992,-281.765736906015,3.20356468795501,1,L1,1,3692,chr9_137240629_T_G_b38_T__dominant,chr9_137240629_T_G_b38_T,dominant,0.550099642585722,9,160,47,4,/project2/mstephens/wdenault/susie_mix/plot/one_cs_dominant/RNF224_Testis_add_vs_mix.png
NOMO1,Blood Vessel,dominant,plotted,Four-panel SuSiE / SuSiE-mix comparison created,1,L1,1,417,chr16_14895987_G_A_b38_G,chr16_14895987_G_A_b38_G,additive,0.181506400581939,35,Single credible-set lead,316,133,1,FALSE,Different lead SNP; coding change: additive -> dominant,-623.246039151463,-621.900821139488,2.69043602394959,1,L1,1,1796,chr16_14819249_A_G_b38_A__dominant,chr16_14819249_A_G_b38_A,dominant,0.20127687741741,50,296,135,19,/project2/mstephens/wdenault/susie_mix/plot/one_cs_dominant/NOMO1_Blood_Vessel_add_vs_mix.png
ABO,Adrenal Gland,dominant,plotted,Four-panel SuSiE / SuSiE-mix comparison created,1,L1,1,1213,chr9_133261662_G_A_b38_G,chr9_133261662_G_A_b38_G,additive,0.0926164775040141,82,Single credible-set lead,57,58,26,TRUE,Same lead SNP; coding change only: additive -> dominant,-185.082604061083,-182.943900036871,4.277408048425,1,L1,1,5933,chr9_133261662_G_A_b38_G__dominant,chr9_133261662_G_A_b38_G,dominant,0.100269556346445,79,57,58,26,/project2/mstephens/wdenault/susie_mix/plot/one_cs_dominant/ABO_Adrenal_Gland_add_vs_mix.png
MRPL34,Muscle,dominant,plotted,Four-panel SuSiE / SuSiE-mix comparison created,1,L1,1,1335,chr19_17305548_G_A_b38_G,chr19_17305548_G_A_b38_G,additive,0.0725891835990326,44,Single credible-set lead,176,211,90,FALSE,Different lead SNP; coding change: additive -> dominant,-660.882440444151,-661.002694895698,-0.240508903095133,1,L1,1,6268,chr19_17342752_A_T_b38_A__dominant,chr19_17342752_A_T_b38_A,dominant,0.123565153808255,93,348,119,10,/project2/mstephens/wdenault/susie_mix/plot/one_cs_dominant/MRPL34_Muscle_add_vs_mix.png
MRPS21,Nerve,dominant,plotted,Four-panel SuSiE / SuSiE-mix comparison created,1,L1,1,814,chr1_150396861_G_A_b38_G,chr1_150396861_G_A_b38_G,additive,0.0290968498068696,116,Single credible-set lead,146,160,48,TRUE,Same lead SNP; coding change only: additive -> dominant,-486.651623824351,-486.621176952631,0.0608937434387826,1,L1,1,3579,chr1_150396861_G_A_b38_G__dominant,chr1_150396861_G_A_b38_G,dominant,0.0239137600937931,239,146,160,48,/project2/mstephens/wdenault/susie_mix/plot/one_cs_dominant/MRPS21_Nerve_add_vs_mix.png
CYP2C8,Thyroid,dominant,plotted,Four-panel SuSiE / SuSiE-mix comparison created,1,L1,1,1549,chr10_95183433_A_G_b38_A,chr10_95183433_A_G_b38_A,additive,0.105637023773406,190,Single credible-set lead,261,114,15,FALSE,Different lead SNP; coding change: additive -> dominant,-538.650631625712,-537.838414174905,1.62443490161331,1,L1,1,5516,chr10_95055546_A_C_b38_A__dominant,chr10_95055546_A_C_b38_A,dominant,0.0673448705467294,219,198,149,43,/project2/mstephens/wdenault/susie_mix/plot/one_cs_dominant/CYP2C8_Thyroid_add_vs_mix.png
RNF215,Heart,dominant,plotted,Four-panel SuSiE / SuSiE-mix comparison created,1,L1,1,766,chr22_30393660_C_T_b38_C,chr22_30393660_C_T_b38_C,additive,0.0632502358449074,80,Single credible-set lead,202,115,14,TRUE,Same lead SNP; coding change only: additive -> dominant,-454.222886990304,-452.609200791933,3.227372396742,1,L1,1,3985,chr22_30393660_C_T_b38_C__dominant,chr22_30393660_C_T_b38_C,dominant,0.0411143599914421,117,202,115,14,/project2/mstephens/wdenault/susie_mix/plot/one_cs_dominant/RNF215_Heart_add_vs_mix.png
DPM2,Thyroid,dominant,plotted,Four-panel SuSiE / SuSiE-mix comparison created,1,L1,1,644,chr9_127938681_T_C_b38_T,chr9_127938681_T_C_b38_T,additive,0.179523274432843,48,Single credible-set lead,274,104,12,TRUE,Same lead SNP; coding change only: additive -> dominant,-538.493481452878,-537.405206221643,2.17655046247,1,L1,1,3113,chr9_127938681_T_C_b38_T__dominant,chr9_127938681_T_C_b38_T,dominant,0.23337773074583,62,274,104,12,/project2/mstephens/wdenault/susie_mix/plot/one_cs_dominant/DPM2_Thyroid_add_vs_mix.png
DPM2,Brain,dominant,plotted,Four-panel SuSiE / SuSiE-mix comparison created,1,L1,1,630,chr9_127931965_A_G_b38_A,chr9_127931965_A_G_b38_A,additive,0.0758980590314506,23,Single credible-set lead,208,45,4,TRUE,Same lead SNP; coding change only: additive -> dominant,-348.827590657441,-348.918861288577,-0.182541262272593,1,L1,1,2964,chr9_127931965_A_G_b38_A__dominant,chr9_127931965_A_G_b38_A,dominant,0.058464130832379,49,208,45,4,/project2/mstephens/wdenault/susie_mix/plot/one_cs_dominant/DPM2_Brain_add_vs_mix.png
GLB1L,Breast,dominant,plotted,Four-panel SuSiE / SuSiE-mix comparison created,1,L1,1,609,chr2_219266168_G_A_b38_G,chr2_219266168_G_A_b38_G,additive,0.383294929339292,4,Single credible-set lead,179,79,11,FALSE,Different lead SNP; coding change: additive -> dominant,-365.172983063733,-364.082924388605,2.1801173502563,1,L1,1,2975,chr2_219243701_C_T_b38_C__dominant,chr2_219243701_C_T_b38_C,dominant,0.357308519479175,6,181,77,11,/project2/mstephens/wdenault/susie_mix/plot/one_cs_dominant/GLB1L_Breast_add_vs_mix.png
ZNF132,Nerve,dominant,plotted,Four-panel SuSiE / SuSiE-mix comparison created,1,L1,1,1260,chr19_58442326_A_G_b38_A,chr19_58442326_A_G_b38_A,additive,0.110500047727828,38,Single credible-set lead,106,161,87,FALSE,Different lead SNP; coding change: additive -> dominant,-486.737789120266,-487.077890329762,-0.68020241899228,1,L1,1,3820,chr19_58401421_C_A_b38_C__dominant,chr19_58401421_C_A_b38_C,dominant,0.041223844142852,129,246,93,15,/project2/mstephens/wdenault/susie_mix/plot/one_cs_dominant/ZNF132_Nerve_add_vs_mix.png
TBL2,Blood Vessel,dominant,plotted,Four-panel SuSiE / SuSiE-mix comparison created,1,L1,1,431,chr7_73618285_C_T_b38_C,chr7_73618285_C_T_b38_C,additive,0.364085185726118,4,Single credible-set lead,383,65,2,TRUE,Same lead SNP; coding change only: additive -> dominant,-622.116933712743,-621.978610799464,0.276645826559161,1,L1,1,2382,chr7_73618285_C_T_b38_C__dominant,chr7_73618285_C_T_b38_C,dominant,0.202681035547488,8,383,65,2,/project2/mstephens/wdenault/susie_mix/plot/one_cs_dominant/TBL2_Blood_Vessel_add_vs_mix.png
APOA1,Heart,dominant,plotted,Four-panel SuSiE / SuSiE-mix comparison created,1,L1,1,1465,chr11_116814675_G_A_b38_G,chr11_116814675_G_A_b38_G,additive,0.541763422643921,3,Single credible-set lead,260,69,2,TRUE,Same lead SNP; coding change only: additive -> dominant,-453.280536277532,-450.564166995689,5.43273856368649,1,L1,1,5649,chr11_116814675_G_A_b38_G__dominant,chr11_116814675_G_A_b38_G,dominant,0.544779773123532,4,260,69,2,/project2/mstephens/wdenault/susie_mix/plot/one_cs_dominant/APOA1_Heart_add_vs_mix.png
SLFN12,Esophagus,dominant,plotted,Four-panel SuSiE / SuSiE-mix comparison created,1,L1,1,854,chr17_35433192_C_T_b38_C,chr17_35433192_C_T_b38_C,additive,0.733382752605631,12,Single credible-set lead,322,81,9,TRUE,Same lead SNP; coding change only: additive -> dominant,-568.889797095017,-568.730494128234,0.31860593356646,1,L1,1,3906,chr17_35433192_C_T_b38_C__dominant,chr17_35433192_C_T_b38_C,dominant,0.404378410101498,25,322,81,9,/project2/mstephens/wdenault/susie_mix/plot/one_cs_dominant/SLFN12_Esophagus_add_vs_mix.png
SLFN12,Stomach,dominant,plotted,Four-panel SuSiE / SuSiE-mix comparison created,1,L1,1,854,chr17_35433192_C_T_b38_C,chr17_35433192_C_T_b38_C,additive,0.845292591563059,8,Single credible-set lead,148,39,2,TRUE,Same lead SNP; coding change only: additive -> dominant,-253.090150664051,-252.306796902627,1.56670752284776,1,L1,1,3632,chr17_35433192_C_T_b38_C__dominant,chr17_35433192_C_T_b38_C,dominant,0.625865332646137,12,148,39,2,/project2/mstephens/wdenault/susie_mix/plot/one_cs_dominant/SLFN12_Stomach_add_vs_mix.png
SNX8,Thyroid,dominant,plotted,Four-panel SuSiE / SuSiE-mix comparison created,1,L1,1,948,chr7_2305456_T_C_b38_T,chr7_2305456_T_C_b38_T,additive,0.161840215300745,16,Single credible-set lead,132,191,67,FALSE,Different lead SNP; coding change: additive -> dominant,-537.561557581361,-537.505789210672,0.111536741377677,1,L1,1,5587,chr7_2282768_G_A_b38_G__dominant,chr7_2282768_G_A_b38_G,dominant,0.103870355127952,26,259,115,16,/project2/mstephens/wdenault/susie_mix/plot/one_cs_dominant/SNX8_Thyroid_add_vs_mix.png
CBX8,Skin,dominant,plotted,Four-panel SuSiE / SuSiE-mix comparison created,2,L1,1,1444,chr17_79823090_G_C_b38_G,chr17_79823090_G_C_b38_G,additive,0.360191761290807,6,Highest-PIP credible-set lead,195,231,96,FALSE,Different lead SNP; coding change: additive -> dominant,-717.43840857752,-724.269237460712,-13.6616577663847,1,L1,1,6673,chr17_79799519_T_C_b38_T__dominant,chr17_79799519_T_C_b38_T,dominant,0.256582454543085,8,137,259,126,/project2/mstephens/wdenault/susie_mix/plot/one_cs_dominant/CBX8_Skin_add_vs_mix.png
CPT1B,Blood,dominant,plotted,Four-panel SuSiE / SuSiE-mix comparison created,1,L1,1,1383,chr22_50584979_A_G_b38_A,chr22_50584979_A_G_b38_A,additive,0.139294577666201,33,Single credible-set lead,385,49,1,FALSE,Different lead SNP; coding change: additive -> dominant,-601.846151245408,-601.741093154495,0.210116181827061,1,L1,1,4618,chr22_50568287_G_A_b38_G__dominant,chr22_50568287_G_A_b38_G,dominant,0.104537000975472,58,338,94,3,/project2/mstephens/wdenault/susie_mix/plot/one_cs_dominant/CPT1B_Blood_add_vs_mix.png
LNP1,Skin,dominant,plotted,Four-panel SuSiE / SuSiE-mix comparison created,1,L1,1,491,chr3_100357844_C_G_b38_C,chr3_100357844_C_G_b38_C,additive,0.209367653791178,23,Single credible-set lead,249,220,53,FALSE,Different lead SNP; coding change: additive -> dominant,-725.45241437202,-725.118020874772,0.668786994495804,1,L1,1,3456,chr3_100350848_T_C_b38_T__dominant,chr3_100350848_T_C_b38_T,dominant,0.120282268831584,42,258,214,50,/project2/mstephens/wdenault/susie_mix/plot/one_cs_dominant/LNP1_Skin_add_vs_mix.png
TMED8,Nerve,dominant,plotted,Four-panel SuSiE / SuSiE-mix comparison created,1,L1,1,1290,chr14_77423203_C_T_b38_C,chr14_77423203_C_T_b38_C,additive,0.0509505849493948,49,Single credible-set lead,246,97,11,FALSE,Different lead SNP; coding change: additive -> dominant,-486.495371739451,-485.799289114324,1.39216525025358,1,L1,1,5904,chr14_77368176_G_T_b38_G__dominant,chr14_77368176_G_T_b38_G,dominant,0.0574157365387238,93,230,109,15,/project2/mstephens/wdenault/susie_mix/plot/one_cs_dominant/TMED8_Nerve_add_vs_mix.png
ZNF468,Muscle,dominant,plotted,Four-panel SuSiE / SuSiE-mix comparison created,1,L1,1,2260,chr19_52858141_A_G_b38_A,chr19_52858141_A_G_b38_A,additive,0.228210304026517,24,Single credible-set lead,202,198,77,FALSE,Different lead SNP; coding change: additive -> dominant,-661.021226028426,-660.941375932112,0.159700192628179,1,L1,1,10082,chr19_52870227_A_T_b38_A__dominant,chr19_52870227_A_T_b38_A,dominant,0.109876174587044,29,299,153,25,/project2/mstephens/wdenault/susie_mix/plot/one_cs_dominant/ZNF468_Muscle_add_vs_mix.png
CRYL1,Skin,dominant,plotted,Four-panel SuSiE / SuSiE-mix comparison created,1,L1,1,1456,chr13_20541830_A_G_b38_A,chr13_20541830_A_G_b38_A,additive,0.245992603011693,12,Single credible-set lead,341,164,17,FALSE,Different lead SNP; coding change: additive -> dominant,-725.005392547683,-723.720997989137,2.56878911709146,1,L1,1,6041,chr13_20528584_G_C_b38_G__dominant,chr13_20528584_G_C_b38_G,dominant,0.180354626437058,21,334,165,23,/project2/mstephens/wdenault/susie_mix/plot/one_cs_dominant/CRYL1_Skin_add_vs_mix.png
ZNF667,Adipose Tissue,dominant,plotted,Four-panel SuSiE / SuSiE-mix comparison created,1,L1,1,1406,chr19_56471241_T_C_b38_T,chr19_56471241_T_C_b38_T,additive,0.350361847300098,7,Single credible-set lead,320,132,18,FALSE,Different lead SNP; coding change: additive -> dominant,-651.008781096182,-650.281262441595,1.45503730917289,1,L1,1,6418,chr19_56470013_T_C_b38_T__dominant,chr19_56470013_T_C_b38_T,dominant,0.271246943017178,10,320,133,17,/project2/mstephens/wdenault/susie_mix/plot/one_cs_dominant/ZNF667_Adipose_Tissue_add_vs_mix.png
MYO18A,Nerve,dominant,plotted,Four-panel SuSiE / SuSiE-mix comparison created,1,L1,1,543,chr17_29185327_G_A_b38_G,chr17_29185327_G_A_b38_G,additive,0.0581574398723354,36,Single credible-set lead,303,48,3,TRUE,Same lead SNP; coding change only: additive -> dominant,-486.397563261135,-485.057802879858,2.67952076255313,1,L1,1,2642,chr17_29185327_G_A_b38_G__dominant,chr17_29185327_G_A_b38_G,dominant,0.0511236534488131,65,303,48,3,/project2/mstephens/wdenault/susie_mix/plot/one_cs_dominant/MYO18A_Nerve_add_vs_mix.png
CX3CR1,Testis,dominant,plotted,Four-panel SuSiE / SuSiE-mix comparison created,1,L1,1,1247,chr3_39394374_G_C_b38_G,chr3_39394374_G_C_b38_G,additive,0.0209396472755404,124,Single credible-set lead,96,91,24,TRUE,Same lead SNP; coding change only: additive -> dominant,-283.7414478944,-283.498372446683,0.486150895433525,1,L1,1,4988,chr3_39394374_G_C_b38_G__dominant,chr3_39394374_G_C_b38_G,dominant,0.0163980548167627,242,96,91,24,/project2/mstephens/wdenault/susie_mix/plot/one_cs_dominant/CX3CR1_Testis_add_vs_mix.png
SKAP1,Thyroid,dominant,plotted,Four-panel SuSiE / SuSiE-mix comparison created,1,L1,1,652,chr17_48251610_G_C_b38_G,chr17_48251610_G_C_b38_G,additive,0.0202913897359345,49,Single credible-set lead,339,50,1,TRUE,Same lead SNP; coding change only: additive -> dominant,-536.832005670708,-535.322885268587,3.01824080424376,1,L1,1,4131,chr17_48251610_G_C_b38_G__dominant,chr17_48251610_G_C_b38_G,dominant,0.0176226163546415,93,339,50,1,/project2/mstephens/wdenault/susie_mix/plot/one_cs_dominant/SKAP1_Thyroid_add_vs_mix.png
PEX5,Muscle,dominant,plotted,Four-panel SuSiE / SuSiE-mix comparison created,1,L1,1,905,chr12_7212102_A_T_b38_A,chr12_7212102_A_T_b38_A,additive,0.191647721849193,7,Single credible-set lead,338,121,18,TRUE,Same lead SNP; coding change only: additive -> dominant,-660.606605998711,-660.368297616374,0.476616764673963,1,L1,1,4623,chr12_7212102_A_T_b38_A__dominant,chr12_7212102_A_T_b38_A,dominant,0.115424251454855,15,338,121,18,/project2/mstephens/wdenault/susie_mix/plot/one_cs_dominant/PEX5_Muscle_add_vs_mix.png
CAST,Breast,dominant,plotted,Four-panel SuSiE / SuSiE-mix comparison created,2,L2,2,1133,chr5_96663822_A_G_b38_A,chr5_96663822_A_G_b38_A,additive,0.646634635442781,11,Highest-PIP credible-set lead,168,85,16,FALSE,Different lead SNP; coding change: additive -> dominant,-355.736542694424,-363.896589863798,-16.3200943387485,1,L1,1,4752,chr5_96660029_G_T_b38_G__dominant,chr5_96660029_G_T_b38_G,dominant,0.205063415390656,13,164,86,19,/project2/mstephens/wdenault/susie_mix/plot/one_cs_dominant/CAST_Breast_add_vs_mix.png
CAST,Lung,dominant,plotted,Four-panel SuSiE / SuSiE-mix comparison created,1,L1,1,1124,chr5_96660029_G_T_b38_G,chr5_96660029_G_T_b38_G,additive,0.31105146303409,10,Single credible-set lead,212,97,14,TRUE,Same lead SNP; coding change only: additive -> dominant,-442.994877457166,-441.383569496861,3.22261592061079,1,L1,1,4785,chr5_96660029_G_T_b38_G__dominant,chr5_96660029_G_T_b38_G,dominant,0.348502532769482,16,212,97,14,/project2/mstephens/wdenault/susie_mix/plot/one_cs_dominant/CAST_Lung_add_vs_mix.png
NSMCE4A,Pancreas,dominant,plotted,Four-panel SuSiE / SuSiE-mix comparison created,1,L1,1,1117,chr10_121964774_T_G_b38_T,chr10_121964774_T_G_b38_T,additive,0.021911235530265,68,Single credible-set lead,128,45,7,FALSE,Different lead SNP; coding change: additive -> dominant,-239.222356747378,-239.095498565031,0.253716364693958,1,L1,1,5365,chr10_121970459_G_A_b38_G__dominant,chr10_121970459_G_A_b38_G,dominant,0.0134369028771792,133,130,43,7,/project2/mstephens/wdenault/susie_mix/plot/one_cs_dominant/NSMCE4A_Pancreas_add_vs_mix.png
CBWD5,Blood Vessel,dominant,plotted,Four-panel SuSiE / SuSiE-mix comparison created,2,L1,1,464,chr9_65669636_A_T_b38_A,chr9_65669636_A_T_b38_A,additive,0.602160901151464,6,Highest-PIP credible-set lead,292,154,4,TRUE,Same lead SNP; coding change only: additive -> dominant,-615.931980295471,-621.842708357253,-11.8214561235627,1,L1,1,1261,chr9_65669636_A_T_b38_A__dominant,chr9_65669636_A_T_b38_A,dominant,0.536255671937392,12,292,154,4,/project2/mstephens/wdenault/susie_mix/plot/one_cs_dominant/CBWD5_Blood_Vessel_add_vs_mix.png
TSPAN11,Brain,dominant,plotted,Four-panel SuSiE / SuSiE-mix comparison created,1,L1,1,1210,chr12_30884721_A_G_b38_A,chr12_30884721_A_G_b38_A,additive,0.106360440420384,10,Single credible-set lead,181,70,6,TRUE,Same lead SNP; coding change only: additive -> dominant,-348.112631618489,-345.998229064055,4.22880510886671,1,L1,1,5956,chr12_30884721_A_G_b38_A__dominant,chr12_30884721_A_G_b38_A,dominant,0.0972940406192094,15,181,70,6,/project2/mstephens/wdenault/susie_mix/plot/one_cs_dominant/TSPAN11_Brain_add_vs_mix.png
CHDH,Muscle,dominant,plotted,Four-panel SuSiE / SuSiE-mix comparison created,1,L1,1,730,chr3_53803944_G_C_b38_G,chr3_53803944_G_C_b38_G,additive,0.254306070664343,13,Single credible-set lead,248,196,33,TRUE,Same lead SNP; coding change only: additive -> dominant,-661.261742940797,-660.735933424541,1.05161903251155,1,L1,1,4438,chr3_53803944_G_C_b38_G__dominant,chr3_53803944_G_C_b38_G,dominant,0.271398111615435,26,248,196,33,/project2/mstephens/wdenault/susie_mix/plot/one_cs_dominant/CHDH_Muscle_add_vs_mix.png
ATP6V1E2,Blood,dominant,plotted,Four-panel SuSiE / SuSiE-mix comparison created,1,L1,1,1342,chr2_46545167_T_C_b38_T,chr2_46545167_T_C_b38_T,additive,0.29602254031743,11,Single credible-set lead,254,158,23,TRUE,Same lead SNP; coding change only: additive -> dominant,-601.654224655038,-601.738180382728,-0.167911455380363,1,L1,1,6318,chr2_46545167_T_C_b38_T__dominant,chr2_46545167_T_C_b38_T,dominant,0.163452744345481,24,254,158,23,/project2/mstephens/wdenault/susie_mix/plot/one_cs_dominant/ATP6V1E2_Blood_add_vs_mix.png
CDRT4,Pituitary,dominant,plotted,Four-panel SuSiE / SuSiE-mix comparison created,1,L1,1,1312,chr17_15542625_T_C_b38_T,chr17_15542625_T_C_b38_T,additive,0.12054475525539,32,Single credible-set lead,54,109,38,FALSE,Different lead SNP; coding change: additive -> dominant,-269.812896780103,-267.098958998615,5.42787556297549,1,L1,1,4966,chr17_15490272_G_A_b38_G__dominant,chr17_15490272_G_A_b38_G,dominant,0.100152669901196,33,47,116,38,/project2/mstephens/wdenault/susie_mix/plot/one_cs_dominant/CDRT4_Pituitary_add_vs_mix.png
ICA1L,Thyroid,dominant,plotted,Four-panel SuSiE / SuSiE-mix comparison created,1,L1,1,659,chr2_202914553_T_C_b38_T,chr2_202914553_T_C_b38_T,additive,0.0145121018463641,222,Single credible-set lead,319,67,4,TRUE,Same lead SNP; coding change only: additive -> dominant,-538.085342688131,-537.372518729592,1.42564791707719,1,L1,1,2505,chr2_202914553_T_C_b38_T__dominant,chr2_202914553_T_C_b38_T,dominant,0.0128510719595546,429,319,67,4,/project2/mstephens/wdenault/susie_mix/plot/one_cs_dominant/ICA1L_Thyroid_add_vs_mix.png
STK19,Nerve,dominant,plotted,Four-panel SuSiE / SuSiE-mix comparison created,1,L1,1,1409,chr6_31980671_A_G_b38_A,chr6_31980671_A_G_b38_A,additive,0.821230591396451,8,Single credible-set lead,269,80,5,TRUE,Same lead SNP; coding change only: additive -> dominant,-486.501016379777,-484.106671912032,4.78868893549054,1,L1,1,8542,chr6_31980671_A_G_b38_A__dominant,chr6_31980671_A_G_b38_A,dominant,0.848463383233538,2,269,80,5,/project2/mstephens/wdenault/susie_mix/plot/one_cs_dominant/STK19_Nerve_add_vs_mix.png
ZNF736,Spleen,dominant,plotted,Four-panel SuSiE / SuSiE-mix comparison created,1,L1,1,1220,chr7_64291905_T_G_b38_T,chr7_64291905_T_G_b38_T,additive,0.188971319188296,19,Single credible-set lead,71,63,12,FALSE,Different lead SNP; coding change: additive -> dominant,-191.56652446169,-190.281477588177,2.57009374702528,1,L1,1,5618,chr7_64292783_T_C_b38_T__dominant,chr7_64292783_T_C_b38_T,dominant,0.183001446175817,21,66,62,18,/project2/mstephens/wdenault/susie_mix/plot/one_cs_dominant/ZNF736_Spleen_add_vs_mix.png
RHOD,Uterus,dominant,plotted,Four-panel SuSiE / SuSiE-mix comparison created,1,L1,1,305,chr11_67056790_C_T_b38_C,chr11_67056790_C_T_b38_C,additive,0.329539611802648,3,Single credible-set lead,66,10,2,TRUE,Same lead SNP; coding change only: additive -> dominant,-93.7496720963484,-93.4768121082048,0.545719976287245,1,L1,1,1044,chr11_67056790_C_T_b38_C__dominant,chr11_67056790_C_T_b38_C,dominant,0.199808305108119,6,66,10,2,/project2/mstephens/wdenault/susie_mix/plot/one_cs_dominant/RHOD_Uterus_add_vs_mix.png
ITPR1,Testis,dominant,plotted,Four-panel SuSiE / SuSiE-mix comparison created,1,L1,1,1263,chr3_4510491_A_G_b38_A,chr3_4510491_A_G_b38_A,additive,0.298589613068669,21,Single credible-set lead,76,103,32,TRUE,Same lead SNP; coding change only: additive -> dominant,-284.274765562069,-284.186061786608,0.177407550921657,1,L1,1,5645,chr3_4510491_A_G_b38_A__dominant,chr3_4510491_A_G_b38_A,dominant,0.214270005298193,37,76,103,32,/project2/mstephens/wdenault/susie_mix/plot/one_cs_dominant/ITPR1_Testis_add_vs_mix.png
TSGA10,Ovary,dominant,plotted,Four-panel SuSiE / SuSiE-mix comparison created,1,L1,1,754,chr2_99208639_A_G_b38_A,chr2_99208639_A_G_b38_A,additive,0.0108836492347658,185,Single credible-set lead,47,44,15,FALSE,Different lead SNP; coding change: additive -> dominant,-134.363828628725,-133.597884851946,1.53188755355649,1,L1,1,2714,chr2_98974250_C_A_b38_C__dominant,chr2_98974250_C_A_b38_C,dominant,0.0141493650142075,331,54,42,10,/project2/mstephens/wdenault/susie_mix/plot/one_cs_dominant/TSGA10_Ovary_add_vs_mix.png
C12orf73,Adipose Tissue,dominant,plotted,Four-panel SuSiE / SuSiE-mix comparison created,1,L1,1,1495,chr12_103960952_T_A_b38_T,chr12_103960952_T_A_b38_T,additive,0.0608869043805771,44,Single credible-set lead,289,148,33,TRUE,Same lead SNP; coding change only: additive -> dominant,-651.866209363599,-650.425657183866,2.88110435946601,1,L1,1,6148,chr12_103960952_T_A_b38_T__dominant,chr12_103960952_T_A_b38_T,dominant,0.134032918499606,62,289,148,33,/project2/mstephens/wdenault/susie_mix/plot/one_cs_dominant/C12orf73_Adipose_Tissue_add_vs_mix.png
PRMT6,Thyroid,dominant,plotted,Four-panel SuSiE / SuSiE-mix comparison created,1,L1,1,855,chr1_107050337_A_G_b38_A,chr1_107050337_A_G_b38_A,additive,0.107398429637241,14,Single credible-set lead,182,169,39,FALSE,Different lead SNP; coding change: additive -> dominant,-537.296778514732,-535.050472231166,4.49261256713157,1,L1,1,3845,chr1_107071301_A_C_b38_A__dominant,chr1_107071301_A_C_b38_A,dominant,0.10083862201268,27,182,172,36,/project2/mstephens/wdenault/susie_mix/plot/one_cs_dominant/PRMT6_Thyroid_add_vs_mix.png
MAF1,Blood,dominant,plotted,Four-panel SuSiE / SuSiE-mix comparison created,1,L1,1,717,chr8_144058080_C_T_b38_C,chr8_144058080_C_T_b38_C,additive,0.259018176941331,14,Single credible-set lead,370,64,1,TRUE,Same lead SNP; coding change only: additive -> dominant,-601.564278767101,-601.447702178512,0.23315317717811,1,L1,1,3084,chr8_144058080_C_T_b38_C__dominant,chr8_144058080_C_T_b38_C,dominant,0.14996779289124,27,370,64,1,/project2/mstephens/wdenault/susie_mix/plot/one_cs_dominant/MAF1_Blood_add_vs_mix.png
SHC2,Adrenal Gland,dominant,plotted,Four-panel SuSiE / SuSiE-mix comparison created,1,L1,1,632,chr19_455661_A_G_b38_A,chr19_455661_A_G_b38_A,additive,0.3521572016552,11,Single credible-set lead,103,36,2,TRUE,Same lead SNP; coding change only: additive -> dominant,-184.504338933325,-183.530752613724,1.94717263920086,1,L1,1,4426,chr19_455661_A_G_b38_A__dominant,chr19_455661_A_G_b38_A,dominant,0.196825822662059,18,103,36,2,/project2/mstephens/wdenault/susie_mix/plot/one_cs_dominant/SHC2_Adrenal_Gland_add_vs_mix.png
FBP1,Pituitary,dominant,plotted,Four-panel SuSiE / SuSiE-mix comparison created,1,L1,1,1343,chr9_94633382_C_T_b38_C,chr9_94633382_C_T_b38_C,additive,0.0507433610915955,23,Single credible-set lead,172,28,1,TRUE,Same lead SNP; coding change only: additive -> dominant,-268.811540412441,-268.592095740028,0.43888934482527,1,L1,1,4598,chr9_94633382_C_T_b38_C__dominant,chr9_94633382_C_T_b38_C,dominant,0.0288586089774473,48,172,28,1,/project2/mstephens/wdenault/susie_mix/plot/one_cs_dominant/FBP1_Pituitary_add_vs_mix.png
METTL6,Blood Vessel,dominant,plotted,Four-panel SuSiE / SuSiE-mix comparison created,1,L1,1,856,chr3_15420851_T_C_b38_T,chr3_15420851_T_C_b38_T,additive,0.424461007310574,3,Single credible-set lead,321,116,13,TRUE,Same lead SNP; coding change only: additive -> dominant,-622.216037868282,-621.65182501061,1.12842571534566,1,L1,1,3959,chr3_15420851_T_C_b38_T__dominant,chr3_15420851_T_C_b38_T,dominant,0.296527748510268,5,321,116,13,/project2/mstephens/wdenault/susie_mix/plot/one_cs_dominant/METTL6_Blood_Vessel_add_vs_mix.png
APIP,Uterus,dominant,plotted,Four-panel SuSiE / SuSiE-mix comparison created,1,L1,1,1338,chr11_34884440_T_C_b38_T,chr11_34884440_T_C_b38_T,additive,0.0202831810744801,52,Single credible-set lead,44,28,6,FALSE,Different lead SNP; coding change: additive -> dominant,-93.9140681807842,-93.9661795660034,-0.104222770438213,1,L1,1,5526,chr11_34840350_A_G_b38_A__dominant,chr11_34840350_A_G_b38_A,dominant,0.0141787103026939,109,43,27,8,/project2/mstephens/wdenault/susie_mix/plot/one_cs_dominant/APIP_Uterus_add_vs_mix.png
ZDHHC11,Pituitary,dominant,plotted,Four-panel SuSiE / SuSiE-mix comparison created,1,L1,1,1253,chr5_794845_G_A_b38_G,chr5_794845_G_A_b38_G,additive,0.807987452016441,3,Single credible-set lead,166,35,0,FALSE,Different lead SNP; coding change: additive -> dominant,-269.125422365439,-269.089865075708,0.0711145794630284,1,L1,1,5140,chr5_793466_C_A_b38_C__dominant,chr5_793466_C_A_b38_C,dominant,0.281158565030195,7,163,34,4,/project2/mstephens/wdenault/susie_mix/plot/one_cs_dominant/ZDHHC11_Pituitary_add_vs_mix.png
ZDHHC11,Spleen,dominant,plotted,Four-panel SuSiE / SuSiE-mix comparison created,1,L1,1,1239,chr5_793466_C_A_b38_C,chr5_793466_C_A_b38_C,additive,0.687155461645497,9,Single credible-set lead,106,37,3,TRUE,Same lead SNP; coding change only: additive -> dominant,-192.716635563861,-189.757591441,5.91808824572081,1,L1,1,5053,chr5_793466_C_A_b38_C__dominant,chr5_793466_C_A_b38_C,dominant,0.679019816244582,7,106,37,3,/project2/mstephens/wdenault/susie_mix/plot/one_cs_dominant/ZDHHC11_Spleen_add_vs_mix.png
FBN2,Spleen,dominant,plotted,Four-panel SuSiE / SuSiE-mix comparison created,1,L1,1,434,chr5_128465630_A_G_b38_A,chr5_128465630_A_G_b38_A,additive,0.0873361129884314,140,Single credible-set lead,117,28,1,TRUE,Same lead SNP; coding change only: additive -> dominant,-192.61796921023,-192.585017562696,0.0659032950691199,1,L1,1,4831,chr5_128465630_A_G_b38_A__dominant,chr5_128465630_A_G_b38_A,dominant,0.0478841978326872,288,117,28,1,/project2/mstephens/wdenault/susie_mix/plot/one_cs_dominant/FBN2_Spleen_add_vs_mix.png
NT5M,Nerve,dominant,plotted,Four-panel SuSiE / SuSiE-mix comparison created,1,L1,1,1160,chr17_17304918_G_A_b38_G,chr17_17304918_G_A_b38_G,additive,0.704418103090155,3,Single credible-set lead,306,42,6,TRUE,Same lead SNP; coding change only: additive -> dominant,-486.315050604253,-485.259043346423,2.11201451565944,1,L1,1,4752,chr17_17304918_G_A_b38_G__dominant,chr17_17304918_G_A_b38_G,dominant,0.5874072149265,5,306,42,6,/project2/mstephens/wdenault/susie_mix/plot/one_cs_dominant/NT5M_Nerve_add_vs_mix.png
NT5M,Skin,dominant,plotted,Four-panel SuSiE / SuSiE-mix comparison created,1,L1,1,1162,chr17_17305651_G_A_b38_G,chr17_17305651_G_A_b38_G,additive,0.645136198969679,3,Single credible-set lead,463,52,7,TRUE,Same lead SNP; coding change only: additive -> dominant,-724.944663429566,-722.043980245641,5.80136636785005,1,L1,1,4884,chr17_17305651_G_A_b38_G__dominant,chr17_17305651_G_A_b38_G,dominant,0.492013155960482,3,463,52,7,/project2/mstephens/wdenault/susie_mix/plot/one_cs_dominant/NT5M_Skin_add_vs_mix.png
IRF1,Muscle,dominant,plotted,Four-panel SuSiE / SuSiE-mix comparison created,1,L1,1,778,chr5_132419959_C_T_b38_C,chr5_132419959_C_T_b38_C,additive,0.216405334445738,16,Single credible-set lead,282,177,18,TRUE,Same lead SNP; coding change only: additive -> dominant,-661.391782701652,-661.205524193965,0.372517015375479,1,L1,1,3929,chr5_132419959_C_T_b38_C__dominant,chr5_132419959_C_T_b38_C,dominant,0.119030429745482,50,282,177,18,/project2/mstephens/wdenault/susie_mix/plot/one_cs_dominant/IRF1_Muscle_add_vs_mix.png
RNF135,Liver,dominant,plotted,Four-panel SuSiE / SuSiE-mix comparison created,1,L1,1,943,chr17_31070834_G_A_b38_G,chr17_31070834_G_A_b38_G,additive,0.0361389176762302,92,Single credible-set lead,58,57,25,FALSE,Different lead SNP; coding change: additive -> dominant,-183.138986095232,-182.165763580518,1.94644502942828,1,L1,1,3262,chr17_31345743_C_T_b38_C__dominant,chr17_31345743_C_T_b38_C,dominant,0.0455476375020989,104,33,84,23,/project2/mstephens/wdenault/susie_mix/plot/one_cs_dominant/RNF135_Liver_add_vs_mix.png
NELL2,Adipose Tissue,dominant,plotted,Four-panel SuSiE / SuSiE-mix comparison created,1,L1,1,973,chr12_45029998_C_T_b38_C,chr12_45029998_C_T_b38_C,additive,0.0432102394198996,74,Single credible-set lead,184,216,70,FALSE,Different lead SNP; coding change: additive -> dominant,-651.631671268503,-651.21073668227,0.841869172465522,1,L1,1,3482,chr12_45027698_G_A_b38_G__dominant,chr12_45027698_G_A_b38_G,dominant,0.0248697044040602,119,162,232,76,/project2/mstephens/wdenault/susie_mix/plot/one_cs_dominant/NELL2_Adipose_Tissue_add_vs_mix.png
AMTN,Salivary Gland,dominant,plotted,Four-panel SuSiE / SuSiE-mix comparison created,1,L1,1,1574,chr4_70517222_A_G_b38_A,chr4_70517222_A_G_b38_A,additive,0.0701571701171349,14,Single credible-set lead,47,51,13,TRUE,Same lead SNP; coding change only: additive -> dominant,-140.895230823221,-137.359725338926,7.07101096859088,1,L1,1,4395,chr4_70517222_A_G_b38_A__dominant,chr4_70517222_A_G_b38_A,dominant,0.0691084239462714,14,47,51,13,/project2/mstephens/wdenault/susie_mix/plot/one_cs_dominant/AMTN_Salivary_Gland_add_vs_mix.png
TOR3A,Esophagus,dominant,plotted,Four-panel SuSiE / SuSiE-mix comparison created,1,L1,1,986,chr1_179095990_C_T_b38_C,chr1_179095990_C_T_b38_C,additive,0.631910566632618,3,Single credible-set lead,200,164,48,TRUE,Same lead SNP; coding change only: additive -> dominant,-568.931194406237,-568.784976130144,0.292436552186018,1,L1,1,5884,chr1_179095990_C_T_b38_C__dominant,chr1_179095990_C_T_b38_C,dominant,0.376793186957646,5,200,164,48,/project2/mstephens/wdenault/susie_mix/plot/one_cs_dominant/TOR3A_Esophagus_add_vs_mix.png
ADAMTS18,Brain,dominant,plotted,Four-panel SuSiE / SuSiE-mix comparison created,1,L1,1,1490,chr16_77355191_T_A_b38_T,chr16_77355191_T_A_b38_T,additive,0.099366013773389,22,Single credible-set lead,89,126,42,TRUE,Same lead SNP; coding change only: additive -> dominant,-349.07522564325,-344.716029448267,8.71839238996631,1,L1,1,8087,chr16_77355191_T_A_b38_T__dominant,chr16_77355191_T_A_b38_T,dominant,0.120610808141675,22,89,126,42,/project2/mstephens/wdenault/susie_mix/plot/one_cs_dominant/ADAMTS18_Brain_add_vs_mix.png
AP4M1,Nerve,dominant,plotted,Four-panel SuSiE / SuSiE-mix comparison created,1,L1,1,404,chr7_100025819_C_T_b38_C,chr7_100025819_C_T_b38_C,additive,0.163775521824595,16,Single credible-set lead,180,136,38,TRUE,Same lead SNP; coding change only: additive -> dominant,-486.890843274456,-486.076722607893,1.62824133312699,1,L1,1,2226,chr7_100025819_C_T_b38_C__dominant,chr7_100025819_C_T_b38_C,dominant,0.305865505814307,30,180,136,38,/project2/mstephens/wdenault/susie_mix/plot/one_cs_dominant/AP4M1_Nerve_add_vs_mix.png
NSUN2,Uterus,dominant,plotted,Four-panel SuSiE / SuSiE-mix comparison created,1,L1,1,1448,chr5_6600942_A_T_b38_A,chr5_6600942_A_T_b38_A,additive,0.0742747086948037,19,Single credible-set lead,33,34,11,TRUE,Same lead SNP; coding change only: additive -> dominant,-94.3549934666874,-94.08520421157,0.539578510234804,1,L1,1,5691,chr5_6600942_A_T_b38_A__dominant,chr5_6600942_A_T_b38_A,dominant,0.0449986212250546,36,33,34,11,/project2/mstephens/wdenault/susie_mix/plot/one_cs_dominant/NSUN2_Uterus_add_vs_mix.png
WDR27,Testis,dominant,plotted,Four-panel SuSiE / SuSiE-mix comparison created,1,L1,1,1194,chr6_169737848_A_G_b38_A,chr6_169737848_A_G_b38_A,additive,0.0291610302670625,109,Single credible-set lead,105,84,22,FALSE,Different lead SNP; coding change: additive -> dominant,-284.085841816699,-284.142845182922,-0.114006732444864,1,L1,1,5453,chr6_169670627_A_G_b38_A__dominant,chr6_169670627_A_G_b38_A,dominant,0.0258534321304613,216,111,84,16,/project2/mstephens/wdenault/susie_mix/plot/one_cs_dominant/WDR27_Testis_add_vs_mix.png
GRK4,Colon,dominant,plotted,Four-panel SuSiE / SuSiE-mix comparison created,1,L1,1,901,chr4_2996383_C_T_b38_C,chr4_2996383_C_T_b38_C,additive,0.0699899329920406,45,Single credible-set lead,150,141,41,FALSE,Different lead SNP; coding change: additive -> dominant,-455.753128304812,-455.619905814572,0.266444980481765,1,L1,1,3798,chr4_2963617_G_T_b38_G__dominant,chr4_2963617_G_T_b38_G,dominant,0.0542803868962125,78,141,146,45,/project2/mstephens/wdenault/susie_mix/plot/one_cs_dominant/GRK4_Colon_add_vs_mix.png
UBE2QL1,Adrenal Gland,dominant,plotted,Four-panel SuSiE / SuSiE-mix comparison created,1,L1,1,1502,chr5_6522462_A_C_b38_A,chr5_6522462_A_C_b38_A,additive,0.531500604215326,21,Single credible-set lead,66,64,11,FALSE,Different lead SNP; coding change: additive -> dominant,-184.8279221107,-184.181955354782,1.29193351183551,1,L1,1,5987,chr5_6522681_T_C_b38_T__dominant,chr5_6522681_T_C_b38_T,dominant,0.430471670857546,16,62,63,16,/project2/mstephens/wdenault/susie_mix/plot/one_cs_dominant/UBE2QL1_Adrenal_Gland_add_vs_mix.png
ARHGEF7,Nerve,dominant,plotted,Four-panel SuSiE / SuSiE-mix comparison created,1,L1,1,1718,chr13_111273040_T_C_b38_T,chr13_111273040_T_C_b38_T,additive,0.526142079743829,3,Single credible-set lead,167,146,41,FALSE,Different lead SNP; coding change: additive -> dominant,-486.620569689899,-486.471887993201,0.297363393397063,1,L1,1,6893,chr13_111280751_C_G_b38_C__dominant,chr13_111280751_C_G_b38_C,dominant,0.273440145279744,6,182,137,35,/project2/mstephens/wdenault/susie_mix/plot/one_cs_dominant/ARHGEF7_Nerve_add_vs_mix.png
MUC20,Colon,dominant,plotted,Four-panel SuSiE / SuSiE-mix comparison created,2,L2,2,1319,chr3_195749685_G_C_b38_G,chr3_195749685_G_C_b38_G,additive,0.425475259488092,493,Highest-PIP credible-set lead,227,105,0,FALSE,Different lead SNP; coding change: additive -> dominant,-448.534763105564,-456.026569423281,-14.9836126354342,1,L1,1,5806,chr3_195715269_A_T_b38_A__dominant,chr3_195715269_A_T_b38_A,dominant,0.163019677916214,76,229,99,4,/project2/mstephens/wdenault/susie_mix/plot/one_cs_dominant/MUC20_Colon_add_vs_mix.png
ACKR1,Spleen,dominant,plotted,Four-panel SuSiE / SuSiE-mix comparison created,1,L1,1,779,chr1_158933969_T_G_b38_T,chr1_158933969_T_G_b38_T,additive,0.682979190777562,18,Single credible-set lead,123,19,4,TRUE,Same lead SNP; coding change only: additive -> dominant,-191.807928561274,-187.123002555968,9.36985201061043,1,L1,1,4394,chr1_158933969_T_G_b38_T__dominant,chr1_158933969_T_G_b38_T,dominant,0.964871634428021,1,123,19,4,/project2/mstephens/wdenault/susie_mix/plot/one_cs_dominant/ACKR1_Spleen_add_vs_mix.png
TMEM51,Skin,dominant,plotted,Four-panel SuSiE / SuSiE-mix comparison created,1,L1,1,1499,chr1_15149019_C_T_b38_C,chr1_15149019_C_T_b38_C,additive,0.135201196737063,25,Single credible-set lead,451,64,7,FALSE,Different lead SNP; coding change: additive -> dominant,-725.563394039916,-725.049777711781,1.02723265627037,1,L1,1,7053,chr1_15148420_T_C_b38_T__dominant,chr1_15148420_T_C_b38_T,dominant,0.0761218364164533,41,457,59,6,/project2/mstephens/wdenault/susie_mix/plot/one_cs_dominant/TMEM51_Skin_add_vs_mix.png
SNX21,Muscle,dominant,plotted,Four-panel SuSiE / SuSiE-mix comparison created,1,L1,1,1259,chr20_45789832_G_C_b38_G,chr20_45789832_G_C_b38_G,additive,0.0711496744697311,183,Single credible-set lead,238,198,41,TRUE,Same lead SNP; coding change only: additive -> dominant,-662.294612609251,-661.424417058044,1.7403911024137,1,L1,1,5230,chr20_45789832_G_C_b38_G__dominant,chr20_45789832_G_C_b38_G,dominant,0.0668530138748078,235,238,198,41,/project2/mstephens/wdenault/susie_mix/plot/one_cs_dominant/SNX21_Muscle_add_vs_mix.png
CD38,Thyroid,dominant,plotted,Four-panel SuSiE / SuSiE-mix comparison created,1,L1,1,1099,chr4_15790560_C_G_b38_C,chr4_15790560_C_G_b38_C,additive,0.15529016540486,16,Single credible-set lead,239,136,15,FALSE,Different lead SNP; coding change: additive -> dominant,-538.177488329596,-537.752207307534,0.850562044123535,1,L1,1,4827,chr4_15751628_A_C_b38_A__dominant,chr4_15751628_A_C_b38_A,dominant,0.260558203131591,23,249,116,25,/project2/mstephens/wdenault/susie_mix/plot/one_cs_dominant/CD38_Thyroid_add_vs_mix.png
MLST8,Skin,dominant,plotted,Four-panel SuSiE / SuSiE-mix comparison created,1,L1,1,1586,chr16_2205762_A_C_b38_A,chr16_2205762_A_C_b38_A,additive,0.996558908019773,1,Single credible-set lead,415,103,4,TRUE,Same lead SNP; coding change only: additive -> dominant,-724.474373368173,-724.466397989895,0.0159507565542754,1,L1,1,5448,chr16_2205762_A_C_b38_A__dominant,chr16_2205762_A_C_b38_A,dominant,0.505956108270938,2,415,103,4,/project2/mstephens/wdenault/susie_mix/plot/one_cs_dominant/MLST8_Skin_add_vs_mix.png
ASPHD2,Esophagus,dominant,plotted,Four-panel SuSiE / SuSiE-mix comparison created,1,L1,1,1218,chr22_26435658_C_T_b38_C,chr22_26435658_C_T_b38_C,additive,0.341117900647988,10,Single credible-set lead,122,196,94,TRUE,Same lead SNP; coding change only: additive -> dominant,-569.143185177409,-568.936599591106,0.413171172606099,1,L1,1,5828,chr22_26435658_C_T_b38_C__dominant,chr22_26435658_C_T_b38_C,dominant,0.224874723832431,21,122,196,94,/project2/mstephens/wdenault/susie_mix/plot/one_cs_dominant/ASPHD2_Esophagus_add_vs_mix.png
RNASET2,Blood,dominant,plotted,Four-panel SuSiE / SuSiE-mix comparison created,1,L1,1,1463,chr6_166968316_A_G_b38_A,chr6_166968316_A_G_b38_A,additive,0.145781267826808,27,Single credible-set lead,166,221,48,FALSE,Different lead SNP; coding change: additive -> dominant,-602.002631902425,-601.578380818993,0.848502166863682,1,L1,1,7414,chr6_166956865_G_T_b38_G__dominant,chr6_166956865_G_T_b38_G,dominant,0.0958101419276338,75,167,221,47,/project2/mstephens/wdenault/susie_mix/plot/one_cs_dominant/RNASET2_Blood_add_vs_mix.png
ZNF71,Skin,dominant,plotted,Four-panel SuSiE / SuSiE-mix comparison created,2,L1,1,1097,chr19_56562245_G_A_b38_G,chr19_56562245_G_A_b38_G,additive,0.225238650614022,11,Highest-PIP credible-set lead,269,213,40,TRUE,Same lead SNP; coding change only: additive -> dominant,-717.775054586208,-724.407895641588,-13.2656821107591,1,L1,1,5823,chr19_56562245_G_A_b38_G__dominant,chr19_56562245_G_A_b38_G,dominant,0.109392436990799,20,269,213,40,/project2/mstephens/wdenault/susie_mix/plot/one_cs_dominant/ZNF71_Skin_add_vs_mix.png
MAPK12,Colon,dominant,plotted,Four-panel SuSiE / SuSiE-mix comparison created,1,L1,1,1487,chr22_50256841_A_C_b38_A,chr22_50256841_A_C_b38_A,additive,0.209714003544682,11,Single credible-set lead,181,126,25,FALSE,Different lead SNP; coding change: additive -> dominant,-455.479518069194,-453.950022695131,3.0589907481251,1,L1,1,5976,chr22_50255125_A_G_b38_A__dominant,chr22_50255125_A_G_b38_A,dominant,0.229610775169182,15,180,126,26,/project2/mstephens/wdenault/susie_mix/plot/one_cs_dominant/MAPK12_Colon_add_vs_mix.png
GSKIP,Blood Vessel,dominant,plotted,Four-panel SuSiE / SuSiE-mix comparison created,2,L1,1,1209,chr14_96313558_A_G_b38_A,chr14_96313558_A_G_b38_A,additive,0.200679143298634,21,Highest-PIP credible-set lead,152,218,80,TRUE,Same lead SNP; coding change only: additive -> dominant,-616.692409942727,-622.694265093115,-12.0037103007762,1,L1,1,5536,chr14_96313558_A_G_b38_A__dominant,chr14_96313558_A_G_b38_A,dominant,0.286836277569918,40,152,218,80,/project2/mstephens/wdenault/susie_mix/plot/one_cs_dominant/GSKIP_Blood_Vessel_add_vs_mix.png
IGSF9B,Testis,dominant,plotted,Four-panel SuSiE / SuSiE-mix comparison created,1,L1,1,1108,chr11_133938143_C_G_b38_C,chr11_133938143_C_G_b38_C,additive,0.0865176959073015,24,Single credible-set lead,132,68,11,TRUE,Same lead SNP; coding change only: additive -> dominant,-283.936493677232,-284.126694996766,-0.380402639067142,1,L1,1,4743,chr11_133938143_C_G_b38_C__dominant,chr11_133938143_C_G_b38_C,dominant,0.084960113833056,53,132,68,11,/project2/mstephens/wdenault/susie_mix/plot/one_cs_dominant/IGSF9B_Testis_add_vs_mix.png
CMTM6,Thyroid,dominant,plotted,Four-panel SuSiE / SuSiE-mix comparison created,1,L1,1,1324,chr3_32477247_T_C_b38_T,chr3_32477247_T_C_b38_T,additive,0.33836786406173,15,Single credible-set lead,111,170,109,FALSE,Different lead SNP; coding change: additive -> dominant,-538.223646980621,-535.318572605294,5.81014875065466,1,L1,1,5577,chr3_32591109_C_T_b38_C__dominant,chr3_32591109_C_T_b38_C,dominant,0.614179428641588,13,107,196,87,/project2/mstephens/wdenault/susie_mix/plot/one_cs_dominant/CMTM6_Thyroid_add_vs_mix.png
ATP6V1B1,Nerve,dominant,plotted,Four-panel SuSiE / SuSiE-mix comparison created,1,L1,1,1340,chr2_70882105_C_T_b38_C,chr2_70882105_C_T_b38_C,additive,0.259103631581134,11,Single credible-set lead,149,146,59,FALSE,Different lead SNP; coding change: additive -> dominant,-486.855994870186,-486.632587499932,0.446814740509126,1,L1,1,6234,chr2_70883976_C_T_b38_C__dominant,chr2_70883976_C_T_b38_C,dominant,0.168590308167557,12,105,150,99,/project2/mstephens/wdenault/susie_mix/plot/one_cs_dominant/ATP6V1B1_Nerve_add_vs_mix.png
UMAD1,Lung,dominant,plotted,Four-panel SuSiE / SuSiE-mix comparison created,1,L1,1,2398,chr7_7879232_A_T_b38_A,chr7_7879232_A_T_b38_A,additive,0.661962615707579,7,Single credible-set lead,198,102,23,TRUE,Same lead SNP; coding change only: additive -> dominant,-443.089534351658,-442.003113929906,2.17284084350376,1,L1,1,7787,chr7_7879232_A_T_b38_A__dominant,chr7_7879232_A_T_b38_A,dominant,0.612833024242336,11,198,102,23,/project2/mstephens/wdenault/susie_mix/plot/one_cs_dominant/UMAD1_Lung_add_vs_mix.png
CENPP,Stomach,dominant,plotted,Four-panel SuSiE / SuSiE-mix comparison created,1,L1,1,1095,chr9_92355137_C_T_b38_C,chr9_92355137_C_T_b38_C,additive,0.205687267423166,28,Single credible-set lead,127,57,5,TRUE,Same lead SNP; coding change only: additive -> dominant,-253.221494758933,-251.038461158399,4.36606720106721,1,L1,1,3778,chr9_92355137_C_T_b38_C__dominant,chr9_92355137_C_T_b38_C,dominant,0.107060490609066,29,127,57,5,/project2/mstephens/wdenault/susie_mix/plot/one_cs_dominant/CENPP_Stomach_add_vs_mix.png
AGAP6,Prostate,dominant,plotted,Four-panel SuSiE / SuSiE-mix comparison created,1,L1,1,875,chr10_50017565_G_T_b38_G,chr10_50017565_G_T_b38_G,additive,0.0517752398631227,79,Single credible-set lead,91,47,5,FALSE,Different lead SNP; coding change: additive -> dominant,-188.064840876321,-186.009087643298,4.1115064660458,1,L1,1,4318,chr10_50001312_A_G_b38_A__dominant,chr10_50001312_A_G_b38_A,dominant,0.035052380124728,125,92,45,6,/project2/mstephens/wdenault/susie_mix/plot/one_cs_dominant/AGAP6_Prostate_add_vs_mix.png
PRKCI,Lung,dominant,plotted,Four-panel SuSiE / SuSiE-mix comparison created,1,L1,1,893,chr3_170309619_C_T_b38_C,chr3_170309619_C_T_b38_C,additive,0.828052325180192,2,Single credible-set lead,279,41,3,TRUE,Same lead SNP; coding change only: additive -> dominant,-442.440369321562,-442.072815165504,0.735108312117518,1,L1,1,3970,chr3_170309619_C_T_b38_C__dominant,chr3_170309619_C_T_b38_C,dominant,0.531819497020985,4,279,41,3,/project2/mstephens/wdenault/susie_mix/plot/one_cs_dominant/PRKCI_Lung_add_vs_mix.png
RAB24,Nerve,dominant,plotted,Four-panel SuSiE / SuSiE-mix comparison created,1,L1,1,587,chr5_177303677_C_G_b38_C,chr5_177303677_C_G_b38_C,additive,0.445350551900784,13,Single credible-set lead,258,86,10,FALSE,Different lead SNP; coding change: additive -> dominant,-487.504471465284,-487.268040743358,0.472861443851571,1,L1,1,2737,chr5_177290117_T_C_b38_T__dominant,chr5_177290117_T_C_b38_T,dominant,0.175342722076628,21,168,153,33,/project2/mstephens/wdenault/susie_mix/plot/one_cs_dominant/RAB24_Nerve_add_vs_mix.png
ZNF211,Muscle,dominant,plotted,Four-panel SuSiE / SuSiE-mix comparison created,1,L1,1,1376,chr19_57643439_T_C_b38_T,chr19_57643439_T_C_b38_T,additive,0.0510618559922449,52,Single credible-set lead,331,132,14,TRUE,Same lead SNP; coding change only: additive -> dominant,-661.828401830694,-660.153537455873,3.34972874964296,1,L1,1,6004,chr19_57643439_T_C_b38_T__dominant,chr19_57643439_T_C_b38_T,dominant,0.0533892805723835,91,331,132,14,/project2/mstephens/wdenault/susie_mix/plot/one_cs_dominant/ZNF211_Muscle_add_vs_mix.png
ZNF211,Adipose Tissue,dominant,plotted,Four-panel SuSiE / SuSiE-mix comparison created,1,L1,1,1382,chr19_57644703_A_G_b38_A,chr19_57644703_A_G_b38_A,additive,0.0399992869265908,53,Single credible-set lead,335,121,14,TRUE,Same lead SNP; coding change only: additive -> dominant,-651.952875565472,-648.539841268739,6.82606859346493,1,L1,1,6034,chr19_57644703_A_G_b38_A__dominant,chr19_57644703_A_G_b38_A,dominant,0.0565601559522021,54,335,121,14,/project2/mstephens/wdenault/susie_mix/plot/one_cs_dominant/ZNF211_Adipose_Tissue_add_vs_mix.png
EPG5,Muscle,dominant,plotted,Four-panel SuSiE / SuSiE-mix comparison created,1,L1,1,1322,chr18_45976986_C_T_b38_C,chr18_45976986_C_T_b38_C,additive,0.127268721011324,28,Single credible-set lead,318,136,23,FALSE,Different lead SNP; coding change: additive -> dominant,-661.707081595578,-660.596276289572,2.22161061201064,1,L1,1,5380,chr18_45953254_C_A_b38_C__dominant,chr18_45953254_C_A_b38_C,dominant,0.130260359199809,45,398,73,6,/project2/mstephens/wdenault/susie_mix/plot/one_cs_dominant/EPG5_Muscle_add_vs_mix.png
MFSD4B,Thyroid,dominant,plotted,Four-panel SuSiE / SuSiE-mix comparison created,1,L1,1,1079,chr6_111255468_T_G_b38_T,chr6_111255468_T_G_b38_T,additive,0.369588508830124,30,Single credible-set lead,196,147,47,TRUE,Same lead SNP; coding change only: additive -> dominant,-538.699741852416,-537.729134660553,1.94121438372576,1,L1,1,4372,chr6_111255468_T_G_b38_T__dominant,chr6_111255468_T_G_b38_T,dominant,0.201223237303786,50,196,147,47,/project2/mstephens/wdenault/susie_mix/plot/one_cs_dominant/MFSD4B_Thyroid_add_vs_mix.png
HERC2,Blood,dominant,plotted,Four-panel SuSiE / SuSiE-mix comparison created,1,L1,1,663,chr15_28136577_C_A_b38_C,chr15_28136577_C_A_b38_C,additive,0.790246257077259,13,Single credible-set lead,344,82,9,TRUE,Same lead SNP; coding change only: additive -> dominant,-602.09207569363,-601.859226256622,0.465698874015516,1,L1,1,2656,chr15_28136577_C_A_b38_C__dominant,chr15_28136577_C_A_b38_C,dominant,0.446105263493949,14,344,82,9,/project2/mstephens/wdenault/susie_mix/plot/one_cs_dominant/HERC2_Blood_add_vs_mix.png
EML3,Nerve,dominant,plotted,Four-panel SuSiE / SuSiE-mix comparison created,1,L1,1,1093,chr11_62610749_A_G_b38_A,chr11_62610749_A_G_b38_A,additive,0.32187891227076,19,Single credible-set lead,152,151,51,TRUE,Same lead SNP; coding change only: additive -> dominant,-487.332462484502,-487.491990741652,-0.3190565143002,1,L1,1,4383,chr11_62610749_A_G_b38_A__dominant,chr11_62610749_A_G_b38_A,dominant,0.148047174081283,42,152,151,51,/project2/mstephens/wdenault/susie_mix/plot/one_cs_dominant/EML3_Nerve_add_vs_mix.png
ANKEF1,Spleen,dominant,plotted,Four-panel SuSiE / SuSiE-mix comparison created,1,L1,1,1466,chr20_10035081_C_A_b38_C,chr20_10035081_C_A_b38_C,additive,0.234821452144033,5,Single credible-set lead,92,52,2,TRUE,Same lead SNP; coding change only: additive -> dominant,-191.068990535176,-190.892163517171,0.353654036010425,1,L1,1,5858,chr20_10035081_C_A_b38_C__dominant,chr20_10035081_C_A_b38_C,dominant,0.13317584642104,10,92,52,2,/project2/mstephens/wdenault/susie_mix/plot/one_cs_dominant/ANKEF1_Spleen_add_vs_mix.png
LRRC27,Skin,dominant,plotted,Four-panel SuSiE / SuSiE-mix comparison created,1,L1,1,1643,chr10_132330501_T_C_b38_T,chr10_132330501_T_C_b38_T,additive,0.651130260433495,9,Single credible-set lead,336,167,19,TRUE,Same lead SNP; coding change only: additive -> dominant,-725.646692619083,-725.351824255476,0.589736727213676,1,L1,1,6467,chr10_132330501_T_C_b38_T__dominant,chr10_132330501_T_C_b38_T,dominant,0.405648502711317,15,336,167,19,/project2/mstephens/wdenault/susie_mix/plot/one_cs_dominant/LRRC27_Skin_add_vs_mix.png
CYTH2,Nerve,dominant,plotted,Four-panel SuSiE / SuSiE-mix comparison created,1,L1,1,1559,chr19_48466622_T_C_b38_T,chr19_48466622_T_C_b38_T,additive,0.528779137733009,5,Single credible-set lead,287,61,6,TRUE,Same lead SNP; coding change only: additive -> dominant,-487.004420667516,-483.087969732401,7.83290187023033,1,L1,1,6634,chr19_48466622_T_C_b38_T__dominant,chr19_48466622_T_C_b38_T,dominant,0.590468232432161,5,287,61,6,/project2/mstephens/wdenault/susie_mix/plot/one_cs_dominant/CYTH2_Nerve_add_vs_mix.png
EIF3C,Blood Vessel,dominant,plotted,Four-panel SuSiE / SuSiE-mix comparison created,1,L1,1,223,chr16_28481454_G_A_b38_G,chr16_28481454_G_A_b38_G,additive,0.0786561479364718,56,Single credible-set lead,177,219,54,FALSE,Different lead SNP; coding change: additive -> dominant,-623.881952805044,-619.993667006475,7.77657159713681,1,L1,1,2735,chr16_28961947_A_G_b38_A__dominant,chr16_28961947_A_G_b38_A,dominant,0.302208905500461,28,244,168,38,/project2/mstephens/wdenault/susie_mix/plot/one_cs_dominant/EIF3C_Blood_Vessel_add_vs_mix.png
CABLES2,Blood Vessel,dominant,plotted,Four-panel SuSiE / SuSiE-mix comparison created,1,L1,1,1211,chr20_62410571_T_C_b38_T,chr20_62410571_T_C_b38_T,additive,0.669339208971879,20,Single credible-set lead,129,217,104,TRUE,Same lead SNP; coding change only: additive -> dominant,-623.647661671945,-621.412892526132,4.4695382916259,1,L1,1,6208,chr20_62410571_T_C_b38_T__dominant,chr20_62410571_T_C_b38_T,dominant,0.749234515676639,9,129,217,104,/project2/mstephens/wdenault/susie_mix/plot/one_cs_dominant/CABLES2_Blood_Vessel_add_vs_mix.png
CYBRD1,Nerve,dominant,plotted,Four-panel SuSiE / SuSiE-mix comparison created,1,L1,1,1009,chr2_171574121_A_G_b38_A,chr2_171574121_A_G_b38_A,additive,0.384189319159449,23,Single credible-set lead,210,125,19,TRUE,Same lead SNP; coding change only: additive -> dominant,-487.972156666493,-486.406668724395,3.130975884196,1,L1,1,4320,chr2_171574121_A_G_b38_A__dominant,chr2_171574121_A_G_b38_A,dominant,0.311557455629732,34,210,125,19,/project2/mstephens/wdenault/susie_mix/plot/one_cs_dominant/CYBRD1_Nerve_add_vs_mix.png
ACAT1,Muscle,dominant,plotted,Four-panel SuSiE / SuSiE-mix comparison created,1,L1,1,1097,chr11_108116051_T_A_b38_T,chr11_108116051_T_A_b38_T,additive,0.165607844122193,15,Single credible-set lead,270,183,24,FALSE,Different lead SNP; coding change: additive -> dominant,-661.616163748807,-661.36041854401,0.511490409593307,1,L1,1,4367,chr11_108134071_A_C_b38_A__dominant,chr11_108134071_A_C_b38_A,dominant,0.0872530900739534,34,275,178,24,/project2/mstephens/wdenault/susie_mix/plot/one_cs_dominant/ACAT1_Muscle_add_vs_mix.png
CENPK,Blood,dominant,plotted,Four-panel SuSiE / SuSiE-mix comparison created,1,L1,1,871,chr5_65533997_C_G_b38_C,chr5_65533997_C_G_b38_C,additive,0.0199424277494309,146,Single credible-set lead,175,204,56,FALSE,Different lead SNP; coding change: additive -> dominant,-602.030140244481,-601.754525664797,0.551229159368177,1,L1,1,4268,chr5_65542931_G_C_b38_G__dominant,chr5_65542931_G_C_b38_G,dominant,0.0151671386851876,262,176,206,53,/project2/mstephens/wdenault/susie_mix/plot/one_cs_dominant/CENPK_Blood_add_vs_mix.png
CEP57,Muscle,dominant,plotted,Four-panel SuSiE / SuSiE-mix comparison created,1,L1,1,1053,chr11_95814763_T_A_b38_T,chr11_95814763_T_A_b38_T,additive,0.038408247974735,97,Single credible-set lead,222,195,60,FALSE,Different lead SNP; coding change: additive -> dominant,-662.170972664536,-661.569176040307,1.20359324845845,1,L1,1,4935,chr11_95927222_C_T_b38_C__dominant,chr11_95927222_C_T_b38_C,dominant,0.0582680544068915,177,211,207,59,/project2/mstephens/wdenault/susie_mix/plot/one_cs_dominant/CEP57_Muscle_add_vs_mix.png
TMTC4,Colon,dominant,plotted,Four-panel SuSiE / SuSiE-mix comparison created,1,L1,1,825,chr13_100681605_C_G_b38_C,chr13_100681605_C_G_b38_C,additive,0.0715148284181149,50,Single credible-set lead,85,167,80,FALSE,Different lead SNP; coding change: additive -> dominant,-456.201340176114,-456.344943583939,-0.287206815649142,1,L1,1,4777,chr13_100651835_G_A_b38_G__dominant,chr13_100651835_G_A_b38_G,dominant,0.0605407562549456,102,97,172,63,/project2/mstephens/wdenault/susie_mix/plot/one_cs_dominant/TMTC4_Colon_add_vs_mix.png
TTC3,Spleen,dominant,plotted,Four-panel SuSiE / SuSiE-mix comparison created,1,L1,1,1330,chr21_37128389_G_C_b38_G,chr21_37128389_G_C_b38_G,additive,0.0438197807570253,169,Single credible-set lead,45,70,31,FALSE,Different lead SNP; coding change: additive -> dominant,-192.969664331834,-187.793104319285,10.3531200250993,1,L1,1,4873,chr21_37072769_T_C_b38_T__dominant,chr21_37072769_T_C_b38_T,dominant,0.194952658020069,97,43,69,34,/project2/mstephens/wdenault/susie_mix/plot/one_cs_dominant/TTC3_Spleen_add_vs_mix.png
FRRS1L,Vagina,dominant,plotted,Four-panel SuSiE / SuSiE-mix comparison created,1,L1,1,1492,chr9_109167344_C_G_b38_C,chr9_109167344_C_G_b38_C,additive,0.823615400842472,2,Single credible-set lead,48,31,4,TRUE,Same lead SNP; coding change only: additive -> dominant,-101.957921965133,-100.042500956911,3.83084201644306,1,L1,1,5154,chr9_109167344_C_G_b38_C__dominant,chr9_109167344_C_G_b38_C,dominant,0.771513986359949,3,48,31,4,/project2/mstephens/wdenault/susie_mix/plot/one_cs_dominant/FRRS1L_Vagina_add_vs_mix.png
ATRAID,Blood Vessel,dominant,plotted,Four-panel SuSiE / SuSiE-mix comparison created,1,L1,1,690,chr2_27220751_A_G_b38_A,chr2_27220751_A_G_b38_A,additive,0.0769149372148547,36,Single credible-set lead,263,166,21,FALSE,Different lead SNP; coding change: additive -> dominant,-623.724133298246,-623.268872764901,0.910521066690762,1,L1,1,2946,chr2_27310002_A_G_b38_A__dominant,chr2_27310002_A_G_b38_A,dominant,0.0294362617234502,76,279,152,19,/project2/mstephens/wdenault/susie_mix/plot/one_cs_dominant/ATRAID_Blood_Vessel_add_vs_mix.png
TNFAIP6,Blood,dominant,plotted,Four-panel SuSiE / SuSiE-mix comparison created,1,L1,1,1293,chr2_151319745_G_A_b38_G,chr2_151319745_G_A_b38_G,additive,0.0581062038281525,34,Single credible-set lead,194,202,39,FALSE,Different lead SNP; coding change: additive -> dominant,-602.080340967664,-600.729594578949,2.70149277743008,1,L1,1,4845,chr2_151315236_A_T_b38_A__dominant,chr2_151315236_A_T_b38_A,dominant,0.047025979176565,61,194,203,38,/project2/mstephens/wdenault/susie_mix/plot/one_cs_dominant/TNFAIP6_Blood_add_vs_mix.png
BARD1,Blood,dominant,plotted,Four-panel SuSiE / SuSiE-mix comparison created,1,L1,1,790,chr2_214711667_C_T_b38_C,chr2_214711667_C_T_b38_C,additive,0.264908225566743,9,Single credible-set lead,286,135,14,TRUE,Same lead SNP; coding change only: additive -> dominant,-602.098588365321,-602.047683121098,0.1018104884472,1,L1,1,4360,chr2_214711667_C_T_b38_C__dominant,chr2_214711667_C_T_b38_C,dominant,0.122953081339687,20,286,135,14,/project2/mstephens/wdenault/susie_mix/plot/one_cs_dominant/BARD1_Blood_add_vs_mix.png
NPAP1,Pituitary,dominant,plotted,Four-panel SuSiE / SuSiE-mix comparison created,1,L1,1,1300,chr15_24427120_G_C_b38_G,chr15_24427120_G_C_b38_G,additive,0.522844877781914,102,Single credible-set lead,165,29,7,TRUE,Same lead SNP; coding change only: additive -> dominant,-271.421770752758,-270.026108698167,2.79132410918191,1,L1,1,6948,chr15_24427120_G_C_b38_G__dominant,chr15_24427120_G_C_b38_G,dominant,0.462816910753974,142,165,29,7,/project2/mstephens/wdenault/susie_mix/plot/one_cs_dominant/NPAP1_Pituitary_add_vs_mix.png
CATSPER2,Esophagus,dominant,plotted,Four-panel SuSiE / SuSiE-mix comparison created,1,L1,1,597,chr15_43738327_T_G_b38_T,chr15_43738327_T_G_b38_T,additive,0.0433923988524885,89,Single credible-set lead,317,85,10,FALSE,Different lead SNP; coding change: additive -> dominant,-569.857924276245,-569.862338159705,-0.00882776691923937,1,L1,1,2344,chr15_43755440_G_T_b38_G__dominant,chr15_43755440_G_T_b38_G,dominant,0.0330183645312357,160,315,85,12,/project2/mstephens/wdenault/susie_mix/plot/one_cs_dominant/CATSPER2_Esophagus_add_vs_mix.png
RPS8,Nerve,dominant,plotted,Four-panel SuSiE / SuSiE-mix comparison created,1,L1,1,646,chr1_44704489_G_A_b38_G,chr1_44704489_G_A_b38_G,additive,0.24118297965047,10,Single credible-set lead,313,41,0,FALSE,Different lead SNP; coding change: additive -> dominant,-487.126961327565,-487.077461692154,0.0989992708219916,1,L1,1,3746,chr1_44811349_G_T_b38_G__dominant,chr1_44811349_G_T_b38_G,dominant,0.113025896883045,19,314,39,1,/project2/mstephens/wdenault/susie_mix/plot/one_cs_dominant/RPS8_Nerve_add_vs_mix.png
RPL13,Muscle,dominant,plotted,Four-panel SuSiE / SuSiE-mix comparison created,1,L1,1,1106,chr16_89567043_G_C_b38_G,chr16_89567043_G_C_b38_G,additive,0.224925379764836,34,Single credible-set lead,330,133,14,TRUE,Same lead SNP; coding change only: additive -> dominant,-662.724752372973,-662.759896901911,-0.0702890578741062,1,L1,1,5823,chr16_89567043_G_C_b38_G__dominant,chr16_89567043_G_C_b38_G,dominant,0.135140351466075,66,330,133,14,/project2/mstephens/wdenault/susie_mix/plot/one_cs_dominant/RPL13_Muscle_add_vs_mix.png
DNAJC18,Heart,dominant,plotted,Four-panel SuSiE / SuSiE-mix comparison created,1,L1,1,385,chr5_139374341_G_A_b38_G,chr5_139374341_G_A_b38_G,additive,0.0921848908267389,31,Single credible-set lead,146,137,48,FALSE,Different lead SNP; coding change: additive -> dominant,-454.59230026748,-454.518704055879,0.147192423202,1,L1,1,2116,chr5_139439484_T_C_b38_T__dominant,chr5_139439484_T_C_b38_T,dominant,0.0920093640222882,55,162,138,31,/project2/mstephens/wdenault/susie_mix/plot/one_cs_dominant/DNAJC18_Heart_add_vs_mix.png
TUSC1,Adipose Tissue,dominant,plotted,Four-panel SuSiE / SuSiE-mix comparison created,1,L1,1,1254,chr9_25681417_C_T_b38_C,chr9_25681417_C_T_b38_C,additive,0.293158184618917,7,Single credible-set lead,123,249,98,FALSE,Different lead SNP; coding change: additive -> dominant,-651.66829502908,-651.633677180111,0.0692356979388933,1,L1,1,5082,chr9_25677217_T_C_b38_T__dominant,chr9_25677217_T_C_b38_T,dominant,0.245382902042948,14,140,247,83,/project2/mstephens/wdenault/susie_mix/plot/one_cs_dominant/TUSC1_Adipose_Tissue_add_vs_mix.png
MRPL37,Testis,dominant,plotted,Four-panel SuSiE / SuSiE-mix comparison created,1,L1,1,941,chr1_54216816_C_G_b38_C,chr1_54216816_C_G_b38_C,additive,0.371490817382919,11,Single credible-set lead,157,53,1,FALSE,Different lead SNP; coding change: additive -> dominant,-284.545800503732,-283.154544317824,2.78251237181473,1,L1,1,4348,chr1_54207424_C_T_b38_C__dominant,chr1_54207424_C_T_b38_C,dominant,0.124917260170407,19,154,55,2,/project2/mstephens/wdenault/susie_mix/plot/one_cs_dominant/MRPL37_Testis_add_vs_mix.png
FSIP2,Thyroid,dominant,plotted,Four-panel SuSiE / SuSiE-mix comparison created,1,L1,1,1260,chr2_185977761_A_C_b38_A,chr2_185977761_A_C_b38_A,additive,0.445714769092586,142,Single credible-set lead,206,153,31,TRUE,Same lead SNP; coding change only: additive -> dominant,-539.945834630267,-536.797628732951,6.29641179463329,1,L1,1,4585,chr2_185977761_A_C_b38_A__dominant,chr2_185977761_A_C_b38_A,dominant,0.679503335450185,37,206,153,31,/project2/mstephens/wdenault/susie_mix/plot/one_cs_dominant/FSIP2_Thyroid_add_vs_mix.png
GPR89B,Adipose Tissue,dominant,plotted,Four-panel SuSiE / SuSiE-mix comparison created,1,L1,1,913,chr1_147979458_T_C_b38_T,chr1_147979458_T_C_b38_T,additive,0.896406003104159,5,Single credible-set lead,410,59,1,TRUE,Same lead SNP; coding change only: additive -> dominant,-651.514894905546,-650.630754613972,1.76828058314754,1,L1,1,3688,chr1_147979458_T_C_b38_T__dominant,chr1_147979458_T_C_b38_T,dominant,0.682111163488263,8,410,59,1,/project2/mstephens/wdenault/susie_mix/plot/one_cs_dominant/GPR89B_Adipose_Tissue_add_vs_mix.png
AIF1L,Blood Vessel,dominant,plotted,Four-panel SuSiE / SuSiE-mix comparison created,1,L1,1,1111,chr9_131101000_C_T_b38_C,chr9_131101000_C_T_b38_C,additive,0.378049529856546,6,Single credible-set lead,125,217,108,TRUE,Same lead SNP; coding change only: additive -> dominant,-623.273531806041,-619.608953112643,7.32915738679594,1,L1,1,4767,chr9_131101000_C_T_b38_C__dominant,chr9_131101000_C_T_b38_C,dominant,0.324257164449542,6,125,217,108,/project2/mstephens/wdenault/susie_mix/plot/one_cs_dominant/AIF1L_Blood_Vessel_add_vs_mix.png
ERVK3-1,Colon,dominant,plotted,Four-panel SuSiE / SuSiE-mix comparison created,1,L1,1,1235,chr19_58315155_T_G_b38_T,chr19_58315155_T_G_b38_T,additive,0.99837037754517,1,Single credible-set lead,290,41,1,TRUE,Same lead SNP; coding change only: additive -> dominant,-455.192343728826,-455.16018751303,0.0643124315911337,1,L1,1,4305,chr19_58315155_T_G_b38_T__dominant,chr19_58315155_T_G_b38_T,dominant,0.515395354104449,2,290,41,1,/project2/mstephens/wdenault/susie_mix/plot/one_cs_dominant/ERVK3-1_Colon_add_vs_mix.png
LTBR,Esophagus,dominant,plotted,Four-panel SuSiE / SuSiE-mix comparison created,1,L1,1,1329,chr12_6384185_A_G_b38_A,chr12_6384185_A_G_b38_A,additive,0.967673944828635,1,Single credible-set lead,254,134,24,TRUE,Same lead SNP; coding change only: additive -> dominant,-568.891536443188,-568.95859912807,-0.134125369763751,1,L1,1,5437,chr12_6384185_A_G_b38_A__dominant,chr12_6384185_A_G_b38_A,dominant,0.479531027355758,3,254,134,24,/project2/mstephens/wdenault/susie_mix/plot/one_cs_dominant/LTBR_Esophagus_add_vs_mix.png
LTBR,Pituitary,dominant,plotted,Four-panel SuSiE / SuSiE-mix comparison created,1,L1,1,1329,chr12_6384185_A_G_b38_A,chr12_6384185_A_G_b38_A,additive,0.909454961928831,5,Single credible-set lead,132,57,12,TRUE,Same lead SNP; coding change only: additive -> dominant,-270.252599740816,-270.267106718562,-0.0290139554917914,1,L1,1,5101,chr12_6384185_A_G_b38_A__dominant,chr12_6384185_A_G_b38_A,dominant,0.476399942406636,10,132,57,12,/project2/mstephens/wdenault/susie_mix/plot/one_cs_dominant/LTBR_Pituitary_add_vs_mix.png
LBR,Blood Vessel,dominant,plotted,Four-panel SuSiE / SuSiE-mix comparison created,1,L1,1,894,chr1_225435374_C_T_b38_C,chr1_225435374_C_T_b38_C,additive,0.792993916369965,10,Single credible-set lead,349,96,5,TRUE,Same lead SNP; coding change only: additive -> dominant,-623.522270354548,-620.257758953656,6.52902280178319,1,L1,1,4039,chr1_225435374_C_T_b38_C__dominant,chr1_225435374_C_T_b38_C,dominant,0.866093459567374,4,349,96,5,/project2/mstephens/wdenault/susie_mix/plot/one_cs_dominant/LBR_Blood_Vessel_add_vs_mix.png
RARRES2,Skin,dominant,plotted,Four-panel SuSiE / SuSiE-mix comparison created,1,L1,1,1173,chr7_150338094_C_T_b38_C,chr7_150338094_C_T_b38_C,additive,0.142458307795747,35,Single credible-set lead,312,180,30,FALSE,Different lead SNP; coding change: additive -> dominant,-726.267785354968,-724.727950354872,3.07967000019244,1,L1,1,6665,chr7_150324195_C_T_b38_C__dominant,chr7_150324195_C_T_b38_C,dominant,0.0510505218789854,56,299,188,35,/project2/mstephens/wdenault/susie_mix/plot/one_cs_dominant/RARRES2_Skin_add_vs_mix.png
ASAP1,Pituitary,dominant,plotted,Four-panel SuSiE / SuSiE-mix comparison created,1,L1,1,381,chr8_130130823_C_T_b38_C,chr8_130130823_C_T_b38_C,additive,0.484891991318125,54,Single credible-set lead,151,44,6,TRUE,Same lead SNP; coding change only: additive -> dominant,-271.276103915287,-271.040598570983,0.471010688608885,1,L1,1,4360,chr8_130130823_C_T_b38_C__dominant,chr8_130130823_C_T_b38_C,dominant,0.29405423648471,98,151,44,6,/project2/mstephens/wdenault/susie_mix/plot/one_cs_dominant/ASAP1_Pituitary_add_vs_mix.png
AHI1,Pancreas,dominant,plotted,Four-panel SuSiE / SuSiE-mix comparison created,1,L1,1,460,chr6_135302695_C_T_b38_C,chr6_135302695_C_T_b38_C,additive,0.975185374856682,1,Single credible-set lead,109,57,14,TRUE,Same lead SNP; coding change only: additive -> dominant,-239.549743848449,-239.410999998177,0.277487700544611,1,L1,1,2572,chr6_135302695_C_T_b38_C__dominant,chr6_135302695_C_T_b38_C,dominant,0.547425012011573,2,109,57,14,/project2/mstephens/wdenault/susie_mix/plot/one_cs_dominant/AHI1_Pancreas_add_vs_mix.png
TRMO,Breast,dominant,plotted,Four-panel SuSiE / SuSiE-mix comparison created,1,L1,1,524,chr9_97760248_G_T_b38_G,chr9_97760248_G_T_b38_G,additive,0.475532079019687,22,Single credible-set lead,109,118,42,FALSE,Different lead SNP; coding change: additive -> dominant,-367.4262708214,-366.467102551394,1.91833654001255,1,L1,1,4007,chr9_97709760_C_G_b38_C__dominant,chr9_97709760_C_G_b38_C,dominant,0.189210222592321,30,131,119,19,/project2/mstephens/wdenault/susie_mix/plot/one_cs_dominant/TRMO_Breast_add_vs_mix.png
CCNE1,Skin,dominant,plotted,Four-panel SuSiE / SuSiE-mix comparison created,1,L1,1,1573,chr19_29805946_T_C_b38_T,chr19_29805946_T_C_b38_T,additive,0.100408820290368,34,Single credible-set lead,283,194,45,FALSE,Different lead SNP; coding change: additive -> dominant,-726.106583936105,-724.124703999288,3.96375987363444,1,L1,1,6043,chr19_29807893_A_G_b38_A__dominant,chr19_29807893_A_G_b38_A,dominant,0.0697976835745339,49,267,207,48,/project2/mstephens/wdenault/susie_mix/plot/one_cs_dominant/CCNE1_Skin_add_vs_mix.png
CPE,Liver,dominant,plotted,Four-panel SuSiE / SuSiE-mix comparison created,1,L1,1,1203,chr4_165340648_T_C_b38_T,chr4_165340648_T_C_b38_T,additive,0.524483814019094,4,Single credible-set lead,61,58,21,TRUE,Same lead SNP; coding change only: additive -> dominant,-183.261697624621,-182.748652120638,1.02609100796599,1,L1,1,5392,chr4_165340648_T_C_b38_T__dominant,chr4_165340648_T_C_b38_T,dominant,0.396447996305765,7,61,58,21,/project2/mstephens/wdenault/susie_mix/plot/one_cs_dominant/CPE_Liver_add_vs_mix.png
MCM8,Skin,dominant,plotted,Four-panel SuSiE / SuSiE-mix comparison created,1,L1,1,1623,chr20_5980812_T_C_b38_T,chr20_5980812_T_C_b38_T,additive,0.381894160621208,10,Single credible-set lead,341,140,41,TRUE,Same lead SNP; coding change only: additive -> dominant,-725.549955554114,-724.931646210147,1.23661868793511,1,L1,1,6656,chr20_5980812_T_C_b38_T__dominant,chr20_5980812_T_C_b38_T,dominant,0.232422582766511,7,341,140,41,/project2/mstephens/wdenault/susie_mix/plot/one_cs_dominant/MCM8_Skin_add_vs_mix.png
OXCT1,Muscle,dominant,plotted,Four-panel SuSiE / SuSiE-mix comparison created,1,L1,1,1346,chr5_41935839_C_A_b38_C,chr5_41935839_C_A_b38_C,additive,0.0722341288590311,146,Single credible-set lead,412,61,4,FALSE,Different lead SNP; coding change: additive -> dominant,-662.679418085691,-662.768915496497,-0.178994821611468,1,L1,1,4722,chr5_41947177_G_A_b38_G__dominant,chr5_41947177_G_A_b38_G,dominant,0.0389981141105371,290,418,56,3,/project2/mstephens/wdenault/susie_mix/plot/one_cs_dominant/OXCT1_Muscle_add_vs_mix.png
PCDHA10,Nerve,dominant,plotted,Four-panel SuSiE / SuSiE-mix comparison created,1,L1,1,580,chr5_140840654_A_T_b38_A,chr5_140840654_A_T_b38_A,additive,0.0928337237252519,31,Single credible-set lead,248,97,9,FALSE,Different lead SNP; coding change: additive -> dominant,-487.46225758448,-487.309533196684,0.305448775591913,1,L1,1,3109,chr5_140861804_T_C_b38_T__dominant,chr5_140861804_T_C_b38_T,dominant,0.0633169424332343,58,265,83,6,/project2/mstephens/wdenault/susie_mix/plot/one_cs_dominant/PCDHA10_Nerve_add_vs_mix.png
CDK11A,Colon,dominant,plotted,Four-panel SuSiE / SuSiE-mix comparison created,1,L1,1,692,chr1_1680672_C_T_b38_C,chr1_1680672_C_T_b38_C,additive,0.961789358692528,1,Single credible-set lead,95,170,67,FALSE,Different lead SNP; coding change: additive -> dominant,-455.51811359474,-455.21967755791,0.59687207365937,1,L1,1,3755,chr1_1679993_A_G_b38_A__dominant,chr1_1679993_A_G_b38_A,dominant,0.400625432160218,3,98,163,71,/project2/mstephens/wdenault/susie_mix/plot/one_cs_dominant/CDK11A_Colon_add_vs_mix.png
GPR89A,Thyroid,dominant,plotted,Four-panel SuSiE / SuSiE-mix comparison created,1,L1,1,173,chr1_145607901_C_T_b38_C,chr1_145607901_C_T_b38_C,additive,0.419659610807691,5,Single credible-set lead,356,32,2,TRUE,Same lead SNP; coding change only: additive -> dominant,-538.042711869596,-537.91472545224,0.255972834712111,1,L1,1,1128,chr1_145607901_C_T_b38_C__dominant,chr1_145607901_C_T_b38_C,dominant,0.219870301327216,8,356,32,2,/project2/mstephens/wdenault/susie_mix/plot/one_cs_dominant/GPR89A_Thyroid_add_vs_mix.png
NTRK3,Pituitary,dominant,plotted,Four-panel SuSiE / SuSiE-mix comparison created,1,L1,1,670,chr15_88141224_C_G_b38_C,chr15_88141224_C_G_b38_C,additive,0.218580789175276,12,Single credible-set lead,71,98,32,FALSE,Different lead SNP; coding change: additive -> dominant,-270.301447255137,-268.826813640745,2.94926722878256,1,L1,1,3816,chr15_88125932_T_C_b38_T__dominant,chr15_88125932_T_C_b38_T,dominant,0.285217072996641,19,41,106,54,/project2/mstephens/wdenault/susie_mix/plot/one_cs_dominant/NTRK3_Pituitary_add_vs_mix.png
C17orf100,Spleen,dominant,plotted,Four-panel SuSiE / SuSiE-mix comparison created,1,L1,1,1290,chr17_6575887_A_G_b38_A,chr17_6575887_A_G_b38_A,additive,0.305819771451363,7,Single credible-set lead,100,42,4,TRUE,Same lead SNP; coding change only: additive -> dominant,-191.890747923631,-191.65227465014,0.47694654698148,1,L1,1,5727,chr17_6575887_A_G_b38_A__dominant,chr17_6575887_A_G_b38_A,dominant,0.131058000064673,14,100,42,4,/project2/mstephens/wdenault/susie_mix/plot/one_cs_dominant/C17orf100_Spleen_add_vs_mix.png
UQCC2,Thyroid,dominant,plotted,Four-panel SuSiE / SuSiE-mix comparison created,1,L1,1,1419,chr6_33767515_G_A_b38_G,chr6_33767515_G_A_b38_G,additive,0.141511116747042,27,Single credible-set lead,96,192,102,FALSE,Different lead SNP; coding change: additive -> dominant,-538.746738290324,-538.728241642755,0.0369932951389274,1,L1,1,6071,chr6_33735453_G_A_b38_G__dominant,chr6_33735453_G_A_b38_G,dominant,0.157776619916537,44,169,155,66,/project2/mstephens/wdenault/susie_mix/plot/one_cs_dominant/UQCC2_Thyroid_add_vs_mix.png
POLR1D,Lung,dominant,plotted,Four-panel SuSiE / SuSiE-mix comparison created,1,L1,1,1176,chr13_27626803_T_C_b38_T,chr13_27626803_T_C_b38_T,additive,0.329884719121689,5,Single credible-set lead,254,66,3,FALSE,Different lead SNP; coding change: additive -> dominant,-443.093776821908,-441.123903508998,3.93974662581923,1,L1,1,6073,chr13_27621896_G_C_b38_G__dominant,chr13_27621896_G_C_b38_G,dominant,0.299663708353926,8,258,62,3,/project2/mstephens/wdenault/susie_mix/plot/one_cs_dominant/POLR1D_Lung_add_vs_mix.png
IFITM2,Thyroid,dominant,plotted,Four-panel SuSiE / SuSiE-mix comparison created,1,L1,1,504,chr11_308015_T_C_b38_T,chr11_308015_T_C_b38_T,additive,0.995709518677708,1,Single credible-set lead,290,98,2,TRUE,Same lead SNP; coding change only: additive -> dominant,-537.682568321342,-537.580355695489,0.204425251707335,1,L1,1,3919,chr11_308015_T_C_b38_T__dominant,chr11_308015_T_C_b38_T,dominant,0.544947193842276,2,290,98,2,/project2/mstephens/wdenault/susie_mix/plot/one_cs_dominant/IFITM2_Thyroid_add_vs_mix.png
SPSB2,Pancreas,dominant,plotted,Four-panel SuSiE / SuSiE-mix comparison created,1,L1,1,969,chr12_6898337_T_C_b38_T,chr12_6898337_T_C_b38_T,additive,0.0889538692689894,21,Single credible-set lead,70,83,27,FALSE,Different lead SNP; coding change: additive -> dominant,-240.199453474171,-239.145975924153,2.10695510003592,1,L1,1,4072,chr12_6886522_A_C_b38_A__dominant,chr12_6886522_A_C_b38_A,dominant,0.0873292879466663,33,71,80,29,/project2/mstephens/wdenault/susie_mix/plot/one_cs_dominant/SPSB2_Pancreas_add_vs_mix.png
EFCAB6,Nerve,dominant,plotted,Four-panel SuSiE / SuSiE-mix comparison created,1,L1,1,1160,chr22_43819093_G_T_b38_G,chr22_43819093_G_T_b38_G,additive,0.252992360683443,8,Single credible-set lead,205,136,13,TRUE,Same lead SNP; coding change only: additive -> dominant,-487.321968535985,-484.680994057755,5.28194895645845,1,L1,1,5961,chr22_43819093_G_T_b38_G__dominant,chr22_43819093_G_T_b38_G,dominant,0.265900812638688,14,205,136,13,/project2/mstephens/wdenault/susie_mix/plot/one_cs_dominant/EFCAB6_Nerve_add_vs_mix.png
SCART1,Pituitary,dominant,plotted,Four-panel SuSiE / SuSiE-mix comparison created,1,L1,1,1031,chr10_133411456_A_G_b38_A,chr10_133411456_A_G_b38_A,additive,0.86704920882873,3,Single credible-set lead,115,74,12,TRUE,Same lead SNP; coding change only: additive -> dominant,-269.899077971485,-268.322055734917,3.15404447313551,1,L1,1,3581,chr10_133411456_A_G_b38_A__dominant,chr10_133411456_A_G_b38_A,dominant,0.794879698205541,2,115,74,12,/project2/mstephens/wdenault/susie_mix/plot/one_cs_dominant/SCART1_Pituitary_add_vs_mix.png
TRIM22,Nerve,dominant,plotted,Four-panel SuSiE / SuSiE-mix comparison created,1,L1,1,2399,chr11_5684324_C_A_b38_C,chr11_5684324_C_A_b38_C,additive,0.453394165571267,8,Single credible-set lead,307,45,2,TRUE,Same lead SNP; coding change only: additive -> dominant,-487.678113613939,-484.740011888327,5.87620345122264,1,L1,1,10230,chr11_5684324_C_A_b38_C__dominant,chr11_5684324_C_A_b38_C,dominant,0.465958331753489,8,307,45,2,/project2/mstephens/wdenault/susie_mix/plot/one_cs_dominant/TRIM22_Nerve_add_vs_mix.png
RGS2,Pancreas,dominant,plotted,Four-panel SuSiE / SuSiE-mix comparison created,1,L1,1,947,chr1_192842780_C_A_b38_C,chr1_192842780_C_A_b38_C,additive,0.0348851110091031,85,Single credible-set lead,93,75,12,FALSE,Different lead SNP; coding change: additive -> dominant,-240.654542414331,-239.327879591697,2.65332564526852,1,L1,1,3400,chr1_192885611_A_C_b38_A__dominant,chr1_192885611_A_C_b38_A,dominant,0.0470695470605946,138,82,78,20,/project2/mstephens/wdenault/susie_mix/plot/one_cs_dominant/RGS2_Pancreas_add_vs_mix.png
MMP17,Pancreas,dominant,plotted,Four-panel SuSiE / SuSiE-mix comparison created,1,L1,1,1617,chr12_131791220_C_T_b38_C,chr12_131791220_C_T_b38_C,additive,0.491442563365661,2,Single credible-set lead,155,24,1,TRUE,Same lead SNP; coding change only: additive -> dominant,-239.750147467569,-239.679677908861,0.140939117415769,1,L1,1,6027,chr12_131791220_C_T_b38_C__dominant,chr12_131791220_C_T_b38_C,dominant,0.263741798438606,4,155,24,1,/project2/mstephens/wdenault/susie_mix/plot/one_cs_dominant/MMP17_Pancreas_add_vs_mix.png
CAND1,Nerve,dominant,plotted,Four-panel SuSiE / SuSiE-mix comparison created,1,L1,1,1160,chr12_67314763_C_T_b38_C,chr12_67314763_C_T_b38_C,additive,0.0869126850054346,116,Single credible-set lead,237,107,10,FALSE,Different lead SNP; coding change: additive -> dominant,-488.684067729021,-488.379169360799,0.609796736445105,1,L1,1,4710,chr12_67280895_C_A_b38_C__dominant,chr12_67280895_C_A_b38_C,dominant,0.060266337219434,224,237,106,11,/project2/mstephens/wdenault/susie_mix/plot/one_cs_dominant/CAND1_Nerve_add_vs_mix.png
TPST2,Blood Vessel,dominant,plotted,Four-panel SuSiE / SuSiE-mix comparison created,1,L1,1,1251,chr22_26588507_T_C_b38_T,chr22_26588507_T_C_b38_T,additive,0.125586353295962,22,Single credible-set lead,331,108,11,TRUE,Same lead SNP; coding change only: additive -> dominant,-623.700675041137,-623.644394932182,0.112560217909049,1,L1,1,6517,chr22_26588507_T_C_b38_T__dominant,chr22_26588507_T_C_b38_T,dominant,0.0837244331405803,37,331,108,11,/project2/mstephens/wdenault/susie_mix/plot/one_cs_dominant/TPST2_Blood_Vessel_add_vs_mix.png
SPATA6L,Skin,dominant,plotted,Four-panel SuSiE / SuSiE-mix comparison created,1,L1,1,1783,chr9_4671443_C_T_b38_C,chr9_4671443_C_T_b38_C,additive,0.215165232183979,42,Single credible-set lead,196,242,84,FALSE,Different lead SNP; coding change: additive -> dominant,-727.100826040025,-723.567590824033,7.06647043198427,1,L1,1,7684,chr9_4676405_G_C_b38_G__dominant,chr9_4676405_G_C_b38_G,dominant,0.0437026979755483,38,197,246,79,/project2/mstephens/wdenault/susie_mix/plot/one_cs_dominant/SPATA6L_Skin_add_vs_mix.png
TAS2R4,Small Intestine,dominant,plotted,Four-panel SuSiE / SuSiE-mix comparison created,1,L1,1,549,chr7_141737464_G_C_b38_G,chr7_141737464_G_C_b38_G,additive,0.0458669766850965,145,Single credible-set lead,36,51,28,FALSE,Different lead SNP; coding change: additive -> dominant,-149.275970969966,-149.197911803875,0.156118332183041,1,L1,1,3339,chr7_141825022_G_A_b38_G__dominant,chr7_141825022_G_A_b38_G,dominant,0.061827585773833,293,39,52,24,/project2/mstephens/wdenault/susie_mix/plot/one_cs_dominant/TAS2R4_Small_Intestine_add_vs_mix.png
SLC51A,Esophagus,dominant,plotted,Four-panel SuSiE / SuSiE-mix comparison created,1,L1,1,2031,chr3_196310928_G_T_b38_G,chr3_196310928_G_T_b38_G,additive,0.8643380326423,5,Single credible-set lead,241,152,19,TRUE,Same lead SNP; coding change only: additive -> dominant,-569.584563132454,-569.559897952761,0.0493303593866585,1,L1,1,7047,chr3_196310928_G_T_b38_G__dominant,chr3_196310928_G_T_b38_G,dominant,0.44149353388495,8,241,152,19,/project2/mstephens/wdenault/susie_mix/plot/one_cs_dominant/SLC51A_Esophagus_add_vs_mix.png
RGL3,Thyroid,dominant,plotted,Four-panel SuSiE / SuSiE-mix comparison created,1,L1,1,1047,chr19_11391615_A_G_b38_A,chr19_11391615_A_G_b38_A,additive,0.0532392297832669,39,Single credible-set lead,306,79,5,FALSE,Different lead SNP; coding change: additive -> dominant,-538.592177197511,-538.644761093158,-0.105167791294207,1,L1,1,4518,chr19_11392105_C_T_b38_C__dominant,chr19_11392105_C_T_b38_C,dominant,0.0570844683940841,71,343,46,1,/project2/mstephens/wdenault/susie_mix/plot/one_cs_dominant/RGL3_Thyroid_add_vs_mix.png
NDUFS5,Prostate,dominant,plotted,Four-panel SuSiE / SuSiE-mix comparison created,1,L1,1,1020,chr1_39026790_C_T_b38_C,chr1_39026790_C_T_b38_C,additive,0.0750558756564895,22,Single credible-set lead,72,55,16,TRUE,Same lead SNP; coding change only: additive -> dominant,-187.630276334832,-187.130997817702,0.998557034260784,1,L1,1,3599,chr1_39026790_C_T_b38_C__dominant,chr1_39026790_C_T_b38_C,dominant,0.0538994254925701,38,72,55,16,/project2/mstephens/wdenault/susie_mix/plot/one_cs_dominant/NDUFS5_Prostate_add_vs_mix.png
CILP2,Adipose Tissue,dominant,plotted,Four-panel SuSiE / SuSiE-mix comparison created,1,L1,1,885,chr19_19623068_T_C_b38_T,chr19_19623068_T_C_b38_T,additive,0.115390551436737,22,Single credible-set lead,282,150,38,FALSE,Different lead SNP; coding change: additive -> dominant,-652.35327979315,-651.609349664524,1.48786025725076,1,L1,1,3916,chr19_19572162_T_C_b38_T__dominant,chr19_19572162_T_C_b38_T,dominant,0.119988331502527,37,327,120,23,/project2/mstephens/wdenault/susie_mix/plot/one_cs_dominant/CILP2_Adipose_Tissue_add_vs_mix.png
PTGDS,Thyroid,dominant,plotted,Four-panel SuSiE / SuSiE-mix comparison created,1,L1,1,995,chr9_136966741_G_A_b38_G,chr9_136966741_G_A_b38_G,additive,0.0932746417469821,26,Single credible-set lead,221,147,22,TRUE,Same lead SNP; coding change only: additive -> dominant,-538.785757509869,-538.216658613935,1.13819779186838,1,L1,1,4388,chr9_136966741_G_A_b38_G__dominant,chr9_136966741_G_A_b38_G,dominant,0.112853176575428,47,221,147,22,/project2/mstephens/wdenault/susie_mix/plot/one_cs_dominant/PTGDS_Thyroid_add_vs_mix.png
SERPINB11,Prostate,dominant,plotted,Four-panel SuSiE / SuSiE-mix comparison created,1,L1,1,1044,chr18_63702943_T_C_b38_T,chr18_63702943_T_C_b38_T,additive,0.129999922903267,80,Single credible-set lead,73,58,12,TRUE,Same lead SNP; coding change only: additive -> dominant,-189.369570810175,-188.346674420045,2.04579278026017,1,L1,1,4660,chr18_63702943_T_C_b38_T__dominant,chr18_63702943_T_C_b38_T,dominant,0.209184568926871,152,73,58,12,/project2/mstephens/wdenault/susie_mix/plot/one_cs_dominant/SERPINB11_Prostate_add_vs_mix.png
TRAPPC12,Muscle,dominant,plotted,Four-panel SuSiE / SuSiE-mix comparison created,1,L1,1,1359,chr2_3379891_C_T_b38_C,chr2_3379891_C_T_b38_C,additive,0.187935412902807,14,Single credible-set lead,158,224,95,FALSE,Different lead SNP; coding change: additive -> dominant,-662.34324556473,-662.383029818041,-0.0795685066218539,1,L1,1,6729,chr2_3381054_G_A_b38_G__dominant,chr2_3381054_G_A_b38_G,dominant,0.176227192609537,36,120,246,111,/project2/mstephens/wdenault/susie_mix/plot/one_cs_dominant/TRAPPC12_Muscle_add_vs_mix.png
UBXN6,Blood Vessel,dominant,plotted,Four-panel SuSiE / SuSiE-mix comparison created,1,L1,1,1065,chr19_4458066_A_G_b38_A,chr19_4458066_A_G_b38_A,additive,0.0592659684981686,32,Single credible-set lead,254,172,24,TRUE,Same lead SNP; coding change only: additive -> dominant,-623.702993226357,-623.334112143406,0.737762165901359,1,L1,1,5596,chr19_4458066_A_G_b38_A__dominant,chr19_4458066_A_G_b38_A,dominant,0.0699994307643521,59,254,172,24,/project2/mstephens/wdenault/susie_mix/plot/one_cs_dominant/UBXN6_Blood_Vessel_add_vs_mix.png
TNFRSF10A,Liver,dominant,plotted,Four-panel SuSiE / SuSiE-mix comparison created,1,L1,1,1107,chr8_23227756_T_C_b38_T,chr8_23227756_T_C_b38_T,additive,0.194118988638632,6,Single credible-set lead,74,54,12,TRUE,Same lead SNP; coding change only: additive -> dominant,-183.098263497663,-182.951002946958,0.294521101408577,1,L1,1,5943,chr8_23227756_T_C_b38_T__dominant,chr8_23227756_T_C_b38_T,dominant,0.110189442112386,11,74,54,12,/project2/mstephens/wdenault/susie_mix/plot/one_cs_dominant/TNFRSF10A_Liver_add_vs_mix.png
IFIT5,Skin,dominant,plotted,Four-panel SuSiE / SuSiE-mix comparison created,1,L1,1,1155,chr10_89401598_T_C_b38_T,chr10_89401598_T_C_b38_T,additive,0.509815875626905,16,Single credible-set lead,261,209,52,TRUE,Same lead SNP; coding change only: additive -> dominant,-726.607666839336,-722.773550666942,7.66823234478807,1,L1,1,5617,chr10_89401598_T_C_b38_T__dominant,chr10_89401598_T_C_b38_T,dominant,0.836248722206274,9,261,209,52,/project2/mstephens/wdenault/susie_mix/plot/one_cs_dominant/IFIT5_Skin_add_vs_mix.png
LRRC36,Pancreas,dominant,plotted,Four-panel SuSiE / SuSiE-mix comparison created,1,L1,1,332,chr16_67694466_T_A_b38_T,chr16_67694466_T_A_b38_T,additive,0.290927624820953,35,Single credible-set lead,166,12,2,TRUE,Same lead SNP; coding change only: additive -> dominant,-241.776822133113,-241.588076184378,0.377491897470406,1,L1,1,875,chr16_67694466_T_A_b38_T__dominant,chr16_67694466_T_A_b38_T,dominant,0.141851642567259,84,166,12,2,/project2/mstephens/wdenault/susie_mix/plot/one_cs_dominant/LRRC36_Pancreas_add_vs_mix.png
FMN1,Heart,dominant,plotted,Four-panel SuSiE / SuSiE-mix comparison created,1,L1,1,1273,chr15_33111215_C_A_b38_C,chr15_33111215_C_A_b38_C,additive,0.997289556322619,1,Single credible-set lead,288,39,4,TRUE,Same lead SNP; coding change only: additive -> dominant,-454.209288000357,-453.486473860313,1.44562828008998,1,L1,1,6767,chr15_33111215_C_A_b38_C__dominant,chr15_33111215_C_A_b38_C,dominant,0.723037821291552,2,288,39,4,/project2/mstephens/wdenault/susie_mix/plot/one_cs_dominant/FMN1_Heart_add_vs_mix.png
LBHD1,Breast,dominant,plotted,Four-panel SuSiE / SuSiE-mix comparison created,1,L1,1,911,chr11_62656384_C_G_b38_C,chr11_62656384_C_G_b38_C,additive,0.10427182265516,38,Single credible-set lead,123,117,29,FALSE,Different lead SNP; coding change: additive -> dominant,-367.26838391656,-363.810585227487,6.91559737814646,1,L1,1,4129,chr11_62680091_C_A_b38_C__dominant,chr11_62680091_C_A_b38_C,dominant,0.280740648098931,34,133,113,23,/project2/mstephens/wdenault/susie_mix/plot/one_cs_dominant/LBHD1_Breast_add_vs_mix.png
STYXL1,Colon,dominant,plotted,Four-panel SuSiE / SuSiE-mix comparison created,1,L1,1,1507,chr7_76207064_A_T_b38_A,chr7_76207064_A_T_b38_A,additive,0.196702913244782,46,Single credible-set lead,227,92,13,TRUE,Same lead SNP; coding change only: additive -> dominant,-457.018824181358,-456.816883930409,0.403880501897561,1,L1,1,5134,chr7_76207064_A_T_b38_A__dominant,chr7_76207064_A_T_b38_A,dominant,0.119854828464984,78,227,92,13,/project2/mstephens/wdenault/susie_mix/plot/one_cs_dominant/STYXL1_Colon_add_vs_mix.png
SETX,Colon,dominant,plotted,Four-panel SuSiE / SuSiE-mix comparison created,1,L1,1,828,chr9_132365561_G_T_b38_G,chr9_132365561_G_T_b38_G,additive,0.491537423291112,18,Single credible-set lead,242,80,10,TRUE,Same lead SNP; coding change only: additive -> dominant,-457.158222484167,-456.721364296204,0.873716375926165,1,L1,1,4073,chr9_132365561_G_T_b38_G__dominant,chr9_132365561_G_T_b38_G,dominant,0.279274515529417,32,242,80,10,/project2/mstephens/wdenault/susie_mix/plot/one_cs_dominant/SETX_Colon_add_vs_mix.png
HIP1,Blood,dominant,plotted,Four-panel SuSiE / SuSiE-mix comparison created,1,L1,1,421,chr7_75618352_T_C_b38_T,chr7_75618352_T_C_b38_T,additive,0.187559144302725,9,Single credible-set lead,286,121,28,FALSE,Different lead SNP; coding change: additive -> dominant,-602.445774428362,-601.856559031818,1.17843079308818,1,L1,1,3624,chr7_75616808_T_C_b38_T__dominant,chr7_75616808_T_C_b38_T,dominant,0.0852296039581563,16,289,120,26,/project2/mstephens/wdenault/susie_mix/plot/one_cs_dominant/HIP1_Blood_add_vs_mix.png
TCP11L1,Blood,dominant,plotted,Four-panel SuSiE / SuSiE-mix comparison created,1,L1,1,1180,chr11_33067181_G_A_b38_G,chr11_33067181_G_A_b38_G,additive,0.0775487839401078,21,Single credible-set lead,198,199,38,FALSE,Different lead SNP; coding change: additive -> dominant,-602.33040723228,-600.675713667944,3.30938712867146,1,L1,1,4621,chr11_33078061_A_G_b38_A__dominant,chr11_33078061_A_G_b38_A,dominant,0.0745524442696532,34,210,194,31,/project2/mstephens/wdenault/susie_mix/plot/one_cs_dominant/TCP11L1_Blood_add_vs_mix.png
RIC8A,Pituitary,dominant,plotted,Four-panel SuSiE / SuSiE-mix comparison created,1,L1,1,132,chr11_225171_C_T_b38_C,chr11_225171_C_T_b38_C,additive,0.0696601495189458,52,Single credible-set lead,121,68,12,FALSE,Different lead SNP; coding change: additive -> dominant,-270.887520544973,-269.790021077669,2.19499893460909,1,L1,1,2985,chr11_219793_C_T_b38_C__dominant,chr11_219793_C_T_b38_C,dominant,0.0658657231770237,95,118,73,10,/project2/mstephens/wdenault/susie_mix/plot/one_cs_dominant/RIC8A_Pituitary_add_vs_mix.png
AARD,Testis,dominant,plotted,Four-panel SuSiE / SuSiE-mix comparison created,1,L1,1,913,chr8_116938529_G_C_b38_G,chr8_116938529_G_C_b38_G,additive,0.398970172319086,3,Single credible-set lead,108,88,15,TRUE,Same lead SNP; coding change only: additive -> dominant,-284.184792370441,-284.236772908921,-0.103961076958853,1,L1,1,3800,chr8_116938529_G_C_b38_G__dominant,chr8_116938529_G_C_b38_G,dominant,0.227682059943536,6,108,88,15,/project2/mstephens/wdenault/susie_mix/plot/one_cs_dominant/AARD_Testis_add_vs_mix.png
MFSD11,Uterus,dominant,plotted,Four-panel SuSiE / SuSiE-mix comparison created,1,L1,1,527,chr17_76498410_A_G_b38_A,chr17_76498410_A_G_b38_A,additive,0.55635090548266,2,Single credible-set lead,27,36,15,TRUE,Same lead SNP; coding change only: additive -> dominant,-95.0941064484294,-93.5416344955533,3.10494390575209,1,L1,1,4507,chr17_76498410_A_G_b38_A__dominant,chr17_76498410_A_G_b38_A,dominant,0.427498872555455,4,27,36,15,/project2/mstephens/wdenault/susie_mix/plot/one_cs_dominant/MFSD11_Uterus_add_vs_mix.png
COQ8B,Nerve,dominant,plotted,Four-panel SuSiE / SuSiE-mix comparison created,1,L1,1,883,chr19_40715608_G_C_b38_G,chr19_40715608_G_C_b38_G,additive,0.185287708554439,26,Single credible-set lead,110,169,75,TRUE,Same lead SNP; coding change only: additive -> dominant,-488.025560832857,-487.865978149981,0.319165365751815,1,L1,1,5068,chr19_40715608_G_C_b38_G__dominant,chr19_40715608_G_C_b38_G,dominant,0.176067639353656,44,110,169,75,/project2/mstephens/wdenault/susie_mix/plot/one_cs_dominant/COQ8B_Nerve_add_vs_mix.png
PSTK,Skin,dominant,plotted,Four-panel SuSiE / SuSiE-mix comparison created,1,L1,1,1235,chr10_123026269_T_A_b38_T,chr10_123026269_T_A_b38_T,additive,0.350279667685588,9,Single credible-set lead,343,149,30,TRUE,Same lead SNP; coding change only: additive -> dominant,-725.98474534749,-724.390452607418,3.18858548014305,1,L1,1,5467,chr10_123026269_T_A_b38_T__dominant,chr10_123026269_T_A_b38_T,dominant,0.342140327612207,7,343,149,30,/project2/mstephens/wdenault/susie_mix/plot/one_cs_dominant/PSTK_Skin_add_vs_mix.png
VAMP3,Blood Vessel,dominant,plotted,Four-panel SuSiE / SuSiE-mix comparison created,1,L1,1,1227,chr1_7813015_T_C_b38_T,chr1_7813015_T_C_b38_T,additive,0.0795075560270762,24,Single credible-set lead,307,126,17,TRUE,Same lead SNP; coding change only: additive -> dominant,-623.875211953857,-623.243813015761,1.26279787619296,1,L1,1,5359,chr1_7813015_T_C_b38_T__dominant,chr1_7813015_T_C_b38_T,dominant,0.0816198503608905,43,307,126,17,/project2/mstephens/wdenault/susie_mix/plot/one_cs_dominant/VAMP3_Blood_Vessel_add_vs_mix.png
IGSF11,Heart,dominant,plotted,Four-panel SuSiE / SuSiE-mix comparison created,1,L1,1,1251,chr3_119217544_A_G_b38_A,chr3_119217544_A_G_b38_A,additive,0.81224957887101,5,Single credible-set lead,295,33,3,TRUE,Same lead SNP; coding change only: additive -> dominant,-454.897555693337,-454.760726438968,0.273658508738549,1,L1,1,5477,chr3_119217544_A_G_b38_A__dominant,chr3_119217544_A_G_b38_A,dominant,0.439817151002078,8,295,33,3,/project2/mstephens/wdenault/susie_mix/plot/one_cs_dominant/IGSF11_Heart_add_vs_mix.png
CARD19,Adrenal Gland,dominant,plotted,Four-panel SuSiE / SuSiE-mix comparison created,1,L1,1,976,chr9_93113786_C_T_b38_C,chr9_93113786_C_T_b38_C,additive,0.104956180356123,13,Single credible-set lead,77,48,16,FALSE,Different lead SNP; coding change: additive -> dominant,-184.806016595444,-183.811389838341,1.98925351420417,1,L1,1,4047,chr9_93095438_G_A_b38_G__dominant,chr9_93095438_G_A_b38_G,dominant,0.0757258722410424,22,77,49,15,/project2/mstephens/wdenault/susie_mix/plot/one_cs_dominant/CARD19_Adrenal_Gland_add_vs_mix.png
RPSA,Nerve,dominant,plotted,Four-panel SuSiE / SuSiE-mix comparison created,1,L1,1,1020,chr3_39405803_A_C_b38_A,chr3_39405803_A_C_b38_A,additive,0.0386201023288488,141,Single credible-set lead,86,172,96,FALSE,Different lead SNP; coding change: additive -> dominant,-488.546738337412,-486.804523053131,3.48443056856104,1,L1,1,5079,chr3_39406572_G_A_b38_G__dominant,chr3_39406572_G_A_b38_G,dominant,0.214714810300741,251,188,145,21,/project2/mstephens/wdenault/susie_mix/plot/one_cs_dominant/RPSA_Nerve_add_vs_mix.png
PAPSS1,Blood,dominant,plotted,Four-panel SuSiE / SuSiE-mix comparison created,1,L1,1,858,chr4_107688472_A_C_b38_A,chr4_107688472_A_C_b38_A,additive,0.165407282691525,12,Single credible-set lead,207,171,57,TRUE,Same lead SNP; coding change only: additive -> dominant,-602.389328725276,-596.595784895265,11.5870876600225,1,L1,1,3911,chr4_107688472_A_C_b38_A__dominant,chr4_107688472_A_C_b38_A,dominant,0.217083832136825,5,207,171,57,/project2/mstephens/wdenault/susie_mix/plot/one_cs_dominant/PAPSS1_Blood_add_vs_mix.png
LIG3,Esophagus,dominant,plotted,Four-panel SuSiE / SuSiE-mix comparison created,1,L1,1,1129,chr17_35084975_A_G_b38_A,chr17_35084975_A_G_b38_A,additive,0.255818120783712,20,Single credible-set lead,307,89,16,TRUE,Same lead SNP; coding change only: additive -> dominant,-570.333660561413,-569.499961504877,1.66739811307275,1,L1,1,4673,chr17_35084975_A_G_b38_A__dominant,chr17_35084975_A_G_b38_A,dominant,0.148501379892597,25,307,89,16,/project2/mstephens/wdenault/susie_mix/plot/one_cs_dominant/LIG3_Esophagus_add_vs_mix.png
GFM1,Muscle,dominant,plotted,Four-panel SuSiE / SuSiE-mix comparison created,1,L1,1,1432,chr3_158715019_T_C_b38_T,chr3_158715019_T_C_b38_T,additive,0.0481422235253085,50,Single credible-set lead,290,171,16,FALSE,Different lead SNP; coding change: additive -> dominant,-662.244430827564,-662.37558372957,-0.262305804012385,1,L1,1,5855,chr3_158706772_T_C_b38_T__dominant,chr3_158706772_T_C_b38_T,dominant,0.0304871841071755,97,305,156,16,/project2/mstephens/wdenault/susie_mix/plot/one_cs_dominant/GFM1_Muscle_add_vs_mix.png
HS6ST3,Blood Vessel,dominant,plotted,Four-panel SuSiE / SuSiE-mix comparison created,1,L1,1,495,chr13_96067337_T_C_b38_T,chr13_96067337_T_C_b38_T,additive,0.0528254705879195,71,Single credible-set lead,160,214,76,FALSE,Different lead SNP; coding change: additive -> dominant,-624.273810191268,-624.145561255322,0.256497871893089,1,L1,1,3059,chr13_95995173_T_C_b38_T__dominant,chr13_95995173_T_C_b38_T,dominant,0.0393861979379817,124,164,211,75,/project2/mstephens/wdenault/susie_mix/plot/one_cs_dominant/HS6ST3_Blood_Vessel_add_vs_mix.png
MAP3K10,Adipose Tissue,dominant,plotted,Four-panel SuSiE / SuSiE-mix comparison created,1,L1,1,910,chr19_40195363_A_C_b38_A,chr19_40195363_A_C_b38_A,additive,0.482160448493855,2,Single credible-set lead,232,193,45,TRUE,Same lead SNP; coding change only: additive -> dominant,-651.697299280125,-651.269014354494,0.856569851262748,1,L1,1,4180,chr19_40195363_A_C_b38_A__dominant,chr19_40195363_A_C_b38_A,dominant,0.296680186946029,5,232,193,45,/project2/mstephens/wdenault/susie_mix/plot/one_cs_dominant/MAP3K10_Adipose_Tissue_add_vs_mix.png
CELSR1,Pancreas,dominant,plotted,Four-panel SuSiE / SuSiE-mix comparison created,1,L1,1,616,chr22_46364584_C_G_b38_C,chr22_46364584_C_G_b38_C,additive,0.0906795500862156,69,Single credible-set lead,111,58,11,FALSE,Different lead SNP; coding change: additive -> dominant,-241.557833005167,-240.412405206774,2.29085559678566,1,L1,1,5195,chr22_46411337_T_C_b38_T__dominant,chr22_46411337_T_C_b38_T,dominant,0.104896053575685,98,136,37,7,/project2/mstephens/wdenault/susie_mix/plot/one_cs_dominant/CELSR1_Pancreas_add_vs_mix.png
SMG7,Spleen,dominant,plotted,Four-panel SuSiE / SuSiE-mix comparison created,1,L1,1,1194,chr1_183481487_G_C_b38_G,chr1_183481487_G_C_b38_G,additive,0.0881400779071301,22,Single credible-set lead,57,62,27,FALSE,Different lead SNP; coding change: additive -> dominant,-192.228980944648,-192.153869210441,0.150223468414424,1,L1,1,4973,chr1_183450068_T_C_b38_T__dominant,chr1_183450068_T_C_b38_T,dominant,0.0693750028793796,45,58,60,28,/project2/mstephens/wdenault/susie_mix/plot/one_cs_dominant/SMG7_Spleen_add_vs_mix.png
NUDT18,Pancreas,dominant,plotted,Four-panel SuSiE / SuSiE-mix comparison created,1,L1,1,1030,chr8_22102127_A_G_b38_A,chr8_22102127_A_G_b38_A,additive,0.280746099660721,6,Single credible-set lead,100,58,22,TRUE,Same lead SNP; coding change only: additive -> dominant,-240.415171596944,-239.201152839397,2.42803751509462,1,L1,1,4372,chr8_22102127_A_G_b38_A__dominant,chr8_22102127_A_G_b38_A,dominant,0.31386761159551,9,100,58,22,/project2/mstephens/wdenault/susie_mix/plot/one_cs_dominant/NUDT18_Pancreas_add_vs_mix.png
SRP14,Thyroid,dominant,plotted,Four-panel SuSiE / SuSiE-mix comparison created,1,L1,1,1023,chr15_40038363_C_T_b38_C,chr15_40038363_C_T_b38_C,additive,0.306355324107224,15,Single credible-set lead,333,54,3,FALSE,Different lead SNP; coding change: additive -> dominant,-539.213524013114,-538.711729789655,1.00358844691937,1,L1,1,4510,chr15_40031874_G_C_b38_G__dominant,chr15_40031874_G_C_b38_G,dominant,0.226376083870572,19,329,56,5,/project2/mstephens/wdenault/susie_mix/plot/one_cs_dominant/SRP14_Thyroid_add_vs_mix.png
FOLH1,Spleen,dominant,plotted,Four-panel SuSiE / SuSiE-mix comparison created,1,L1,1,1871,chr11_49331093_T_C_b38_T,chr11_49331093_T_C_b38_T,additive,0.145138967760306,123,Single credible-set lead,92,50,4,TRUE,Same lead SNP; coding change only: additive -> dominant,-193.877138018381,-193.885334015752,-0.0163919947436852,1,L1,1,5233,chr11_49331093_T_C_b38_T__dominant,chr11_49331093_T_C_b38_T,dominant,0.0788145050267446,214,92,50,4,/project2/mstephens/wdenault/susie_mix/plot/one_cs_dominant/FOLH1_Spleen_add_vs_mix.png
SLC2A3,Testis,dominant,plotted,Four-panel SuSiE / SuSiE-mix comparison created,1,L1,1,1243,chr12_7825711_A_G_b38_A,chr12_7825711_A_G_b38_A,additive,0.0828216417121643,31,Single credible-set lead,70,108,33,FALSE,Different lead SNP; coding change: additive -> dominant,-284.888197552177,-283.140965565601,3.49446397315194,1,L1,1,6815,chr12_7817327_G_C_b38_G__dominant,chr12_7817327_G_C_b38_G,dominant,0.0700392304497895,44,80,105,26,/project2/mstephens/wdenault/susie_mix/plot/one_cs_dominant/SLC2A3_Testis_add_vs_mix.png
C11orf21,Colon,dominant,plotted,Four-panel SuSiE / SuSiE-mix comparison created,1,L1,1,1099,chr11_2289640_G_C_b38_G,chr11_2289640_G_C_b38_G,additive,0.163235573638989,12,Single credible-set lead,261,59,12,FALSE,Different lead SNP; coding change: additive -> dominant,-456.461960909751,-454.933781597001,3.05635862549957,1,L1,1,5223,chr11_2287532_A_G_b38_A__dominant,chr11_2287532_A_G_b38_A,dominant,0.0800077398124145,21,267,56,9,/project2/mstephens/wdenault/susie_mix/plot/one_cs_dominant/C11orf21_Colon_add_vs_mix.png
LRWD1,Nerve,dominant,plotted,Four-panel SuSiE / SuSiE-mix comparison created,1,L1,1,1112,chr7_102473977_T_G_b38_T,chr7_102473977_T_G_b38_T,additive,0.208055977715867,16,Single credible-set lead,179,142,33,FALSE,Different lead SNP; coding change: additive -> dominant,-487.85823304606,-487.335988583973,1.04448892417361,1,L1,1,3798,chr7_102470736_C_T_b38_C__dominant,chr7_102470736_C_T_b38_C,dominant,0.110699467812582,22,179,139,36,/project2/mstephens/wdenault/susie_mix/plot/one_cs_dominant/LRWD1_Nerve_add_vs_mix.png
TFB1M,Pituitary,dominant,plotted,Four-panel SuSiE / SuSiE-mix comparison created,1,L1,1,948,chr6_155232698_C_T_b38_C,chr6_155232698_C_T_b38_C,additive,0.118317447013202,67,Single credible-set lead,109,74,18,FALSE,Different lead SNP; coding change: additive -> dominant,-271.356151786907,-270.990954100911,0.730395371991222,1,L1,1,4535,chr6_155292598_T_C_b38_T__dominant,chr6_155292598_T_C_b38_T,dominant,0.0851803275200837,139,109,75,17,/project2/mstephens/wdenault/susie_mix/plot/one_cs_dominant/TFB1M_Pituitary_add_vs_mix.png
TPGS2,Adipose Tissue,dominant,plotted,Four-panel SuSiE / SuSiE-mix comparison created,1,L1,1,889,chr18_36781799_G_C_b38_G,chr18_36781799_G_C_b38_G,additive,0.155741012087594,42,Single credible-set lead,231,199,40,FALSE,Different lead SNP; coding change: additive -> dominant,-653.488404378454,-652.672636517439,1.63153572202964,1,L1,1,4248,chr18_36818951_C_T_b38_C__dominant,chr18_36818951_C_T_b38_C,dominant,0.165134610130401,70,245,191,34,/project2/mstephens/wdenault/susie_mix/plot/one_cs_dominant/TPGS2_Adipose_Tissue_add_vs_mix.png
ARSG,Blood Vessel,dominant,plotted,Four-panel SuSiE / SuSiE-mix comparison created,1,L1,1,1086,chr17_68263052_A_G_b38_A,chr17_68263052_A_G_b38_A,additive,0.163963834825633,13,Single credible-set lead,241,170,39,FALSE,Different lead SNP; coding change: additive -> dominant,-624.039004556863,-623.786434783934,0.505139545859265,1,L1,1,5085,chr17_68257730_A_C_b38_A__dominant,chr17_68257730_A_C_b38_A,dominant,0.123931029375361,27,238,170,42,/project2/mstephens/wdenault/susie_mix/plot/one_cs_dominant/ARSG_Blood_Vessel_add_vs_mix.png
DPPA4,Pituitary,dominant,plotted,Four-panel SuSiE / SuSiE-mix comparison created,1,L1,1,1184,chr3_109342161_A_T_b38_A,chr3_109342161_A_T_b38_A,additive,0.997927274136645,1,Single credible-set lead,166,31,4,TRUE,Same lead SNP; coding change only: additive -> dominant,-269.858469734094,-269.421354514204,0.874230439781172,1,L1,1,4976,chr3_109342161_A_T_b38_A__dominant,chr3_109342161_A_T_b38_A,dominant,0.656248597007388,2,166,31,4,/project2/mstephens/wdenault/susie_mix/plot/one_cs_dominant/DPPA4_Pituitary_add_vs_mix.png
ADAM32,Adrenal Gland,dominant,plotted,Four-panel SuSiE / SuSiE-mix comparison created,1,L1,1,971,chr8_39107752_C_T_b38_C,chr8_39107752_C_T_b38_C,additive,0.136410532219058,23,Single credible-set lead,56,65,20,TRUE,Same lead SNP; coding change only: additive -> dominant,-186.071949897639,-186.32428849006,-0.504677184840773,1,L1,1,3561,chr8_39107752_C_T_b38_C__dominant,chr8_39107752_C_T_b38_C,dominant,0.0899196272496141,86,56,65,20,/project2/mstephens/wdenault/susie_mix/plot/one_cs_dominant/ADAM32_Adrenal_Gland_add_vs_mix.png
GGA3,Breast,dominant,plotted,Four-panel SuSiE / SuSiE-mix comparison created,1,L1,1,797,chr17_75255453_C_G_b38_C,chr17_75255453_C_G_b38_C,additive,0.283430111036499,14,Single credible-set lead,96,133,40,FALSE,Different lead SNP; coding change: additive -> dominant,-367.676739129256,-367.481006072226,0.391466114059767,1,L1,1,4523,chr17_75497793_G_C_b38_G__dominant,chr17_75497793_G_C_b38_G,dominant,0.269847559432554,29,182,79,8,/project2/mstephens/wdenault/susie_mix/plot/one_cs_dominant/GGA3_Breast_add_vs_mix.png
DNMBP,Spleen,dominant,plotted,Four-panel SuSiE / SuSiE-mix comparison created,1,L1,1,1084,chr10_100033337_C_T_b38_C,chr10_100033337_C_T_b38_C,additive,0.351963985136568,23,Single credible-set lead,71,60,15,TRUE,Same lead SNP; coding change only: additive -> dominant,-193.316028734375,-193.219998479315,0.192060510120825,1,L1,1,4079,chr10_100033337_C_T_b38_C__dominant,chr10_100033337_C_T_b38_C,dominant,0.215524546386687,46,71,60,15,/project2/mstephens/wdenault/susie_mix/plot/one_cs_dominant/DNMBP_Spleen_add_vs_mix.png
RBM44,Spleen,dominant,plotted,Four-panel SuSiE / SuSiE-mix comparison created,1,L1,1,1502,chr2_237778573_T_A_b38_T,chr2_237778573_T_A_b38_T,additive,0.183768574405492,25,Single credible-set lead,91,53,2,FALSE,Different lead SNP; coding change: additive -> dominant,-192.705924577757,-192.493025004665,0.425799146183863,1,L1,1,6090,chr2_237771415_G_A_b38_G__dominant,chr2_237771415_G_A_b38_G,dominant,0.167852509966213,46,83,59,4,/project2/mstephens/wdenault/susie_mix/plot/one_cs_dominant/RBM44_Spleen_add_vs_mix.png
ST6GALNAC3,Thyroid,dominant,plotted,Four-panel SuSiE / SuSiE-mix comparison created,1,L1,1,1192,chr1_76035253_T_C_b38_T,chr1_76035253_T_C_b38_T,additive,0.120617891665331,34,Single credible-set lead,245,126,19,TRUE,Same lead SNP; coding change only: additive -> dominant,-539.447940855196,-539.090153066411,0.715575577570689,1,L1,1,5728,chr1_76035253_T_C_b38_T__dominant,chr1_76035253_T_C_b38_T,dominant,0.0880856386427137,48,245,126,19,/project2/mstephens/wdenault/susie_mix/plot/one_cs_dominant/ST6GALNAC3_Thyroid_add_vs_mix.png
IFI27L1,Esophagus,dominant,plotted,Four-panel SuSiE / SuSiE-mix comparison created,1,L1,1,1254,chr14_94095958_A_G_b38_A,chr14_94095958_A_G_b38_A,additive,0.0850207575256248,24,Single credible-set lead,194,174,44,FALSE,Different lead SNP; coding change: additive -> dominant,-570.186132460451,-570.356860079651,-0.341455238399021,1,L1,1,5792,chr14_94028643_A_G_b38_A__dominant,chr14_94028643_A_G_b38_A,dominant,0.0660912478395522,47,161,170,81,/project2/mstephens/wdenault/susie_mix/plot/one_cs_dominant/IFI27L1_Esophagus_add_vs_mix.png
EPCAM,Brain,dominant,plotted,Four-panel SuSiE / SuSiE-mix comparison created,1,L1,1,1528,chr2_47364630_C_G_b38_C,chr2_47364630_C_G_b38_C,additive,0.213655595347361,14,Single credible-set lead,218,38,1,FALSE,Different lead SNP; coding change: additive -> dominant,-350.34468512664,-349.670202574512,1.34896510425665,1,L1,1,5622,chr2_47372002_A_C_b38_A__dominant,chr2_47372002_A_C_b38_A,dominant,0.126708407935498,27,214,41,2,/project2/mstephens/wdenault/susie_mix/plot/one_cs_dominant/EPCAM_Brain_add_vs_mix.png
TNNI3K,Skin,dominant,plotted,Four-panel SuSiE / SuSiE-mix comparison created,1,L1,1,742,chr1_74244027_C_G_b38_C,chr1_74244027_C_G_b38_C,additive,0.0935738457732361,35,Single credible-set lead,208,239,75,FALSE,Different lead SNP; coding change: additive -> dominant,-726.555114470221,-723.948654232013,5.21292047641691,1,L1,1,2908,chr1_74019139_C_A_b38_C__dominant,chr1_74019139_C_A_b38_C,dominant,0.0520164491864008,55,213,236,73,/project2/mstephens/wdenault/susie_mix/plot/one_cs_dominant/TNNI3K_Skin_add_vs_mix.png
TBC1D4,Thyroid,dominant,plotted,Four-panel SuSiE / SuSiE-mix comparison created,1,L1,1,537,chr13_75311388_C_G_b38_C,chr13_75311388_C_G_b38_C,additive,0.17472794853755,11,Single credible-set lead,157,186,47,FALSE,Different lead SNP; coding change: additive -> dominant,-538.793306439377,-538.343718003098,0.899176872558428,1,L1,1,4021,chr13_75310154_G_A_b38_G__dominant,chr13_75310154_G_A_b38_G,dominant,0.0912065041261795,20,157,185,48,/project2/mstephens/wdenault/susie_mix/plot/one_cs_dominant/TBC1D4_Thyroid_add_vs_mix.png
ZNF160,Spleen,dominant,plotted,Four-panel SuSiE / SuSiE-mix comparison created,1,L1,1,3240,chr19_53371559_A_G_b38_A,chr19_53371559_A_G_b38_A,additive,0.662013936087954,3,Single credible-set lead,116,27,3,TRUE,Same lead SNP; coding change only: additive -> dominant,-192.280946522627,-191.537504441133,1.48688416298739,1,L1,1,10510,chr19_53371559_A_G_b38_A__dominant,chr19_53371559_A_G_b38_A,dominant,0.413481960311918,5,116,27,3,/project2/mstephens/wdenault/susie_mix/plot/one_cs_dominant/ZNF160_Spleen_add_vs_mix.png
RDH8,Testis,dominant,plotted,Four-panel SuSiE / SuSiE-mix comparison created,1,L1,1,1257,chr19_10023751_A_G_b38_A,chr19_10023751_A_G_b38_A,additive,0.147607106970604,18,Single credible-set lead,56,113,42,FALSE,Different lead SNP; coding change: additive -> dominant,-284.998973380514,-284.651321195854,0.695304369320411,1,L1,1,4944,chr19_10021323_T_C_b38_T__dominant,chr19_10021323_T_C_b38_T,dominant,0.0568303860282419,33,57,111,43,/project2/mstephens/wdenault/susie_mix/plot/one_cs_dominant/RDH8_Testis_add_vs_mix.png
VPS8,Thyroid,dominant,plotted,Four-panel SuSiE / SuSiE-mix comparison created,1,L1,1,1367,chr3_184837443_A_G_b38_A,chr3_184837443_A_G_b38_A,additive,0.111250915021856,59,Single credible-set lead,339,47,4,FALSE,Different lead SNP; coding change: additive -> dominant,-539.559021362743,-538.804828526397,1.50838567269216,1,L1,1,5559,chr3_185070264_A_G_b38_A__dominant,chr3_185070264_A_G_b38_A,dominant,0.0970928881683493,83,335,51,4,/project2/mstephens/wdenault/susie_mix/plot/one_cs_dominant/VPS8_Thyroid_add_vs_mix.png
WDR6,Lung,dominant,plotted,Four-panel SuSiE / SuSiE-mix comparison created,1,L1,1,273,chr3_48948966_A_T_b38_A,chr3_48948966_A_T_b38_A,additive,0.0617252537257362,80,Single credible-set lead,144,143,36,TRUE,Same lead SNP; coding change only: additive -> dominant,-444.659711304724,-444.38180860099,0.555805407468483,1,L1,1,1574,chr3_48948966_A_T_b38_A__dominant,chr3_48948966_A_T_b38_A,dominant,0.073462516576434,148,144,143,36,/project2/mstephens/wdenault/susie_mix/plot/one_cs_dominant/WDR6_Lung_add_vs_mix.png
MBOAT1,Liver,dominant,plotted,Four-panel SuSiE / SuSiE-mix comparison created,1,L1,1,1318,chr6_20202539_G_A_b38_G,chr6_20202539_G_A_b38_G,additive,0.661681069328186,4,Single credible-set lead,48,69,23,TRUE,Same lead SNP; coding change only: additive -> dominant,-183.890860270932,-183.152211493098,1.47729755566814,1,L1,1,5171,chr6_20202539_G_A_b38_G__dominant,chr6_20202539_G_A_b38_G,dominant,0.448168881108776,4,48,69,23,/project2/mstephens/wdenault/susie_mix/plot/one_cs_dominant/MBOAT1_Liver_add_vs_mix.png
TRMT12,Colon,dominant,plotted,Four-panel SuSiE / SuSiE-mix comparison created,1,L1,1,1455,chr8_124596635_A_C_b38_A,chr8_124596635_A_C_b38_A,additive,0.204177284715362,24,Single credible-set lead,228,85,19,TRUE,Same lead SNP; coding change only: additive -> dominant,-456.965468155565,-454.231185137178,5.46856603677259,1,L1,1,5740,chr8_124596635_A_C_b38_A__dominant,chr8_124596635_A_C_b38_A,dominant,0.3575912958898,13,228,85,19,/project2/mstephens/wdenault/susie_mix/plot/one_cs_dominant/TRMT12_Colon_add_vs_mix.png
NBPF19,Adipose Tissue,dominant,plotted,Four-panel SuSiE / SuSiE-mix comparison created,1,L1,1,284,chr1_149594493_C_T_b38_C,chr1_149594493_C_T_b38_C,additive,0.550831925100753,11,Single credible-set lead,418,51,1,TRUE,Same lead SNP; coding change only: additive -> dominant,-652.797343908413,-652.755854457986,0.0829789008548687,1,L1,1,1205,chr1_149594493_C_T_b38_C__dominant,chr1_149594493_C_T_b38_C,dominant,0.27983265086214,18,418,51,1,/project2/mstephens/wdenault/susie_mix/plot/one_cs_dominant/NBPF19_Adipose_Tissue_add_vs_mix.png
PSMG1,Nerve,dominant,plotted,Four-panel SuSiE / SuSiE-mix comparison created,1,L1,1,1451,chr21_39182192_C_G_b38_C,chr21_39182192_C_G_b38_C,additive,0.0341992858094212,131,Single credible-set lead,221,113,20,FALSE,Different lead SNP; coding change: additive -> dominant,-488.528978087712,-488.212585810272,0.632784554880118,1,L1,1,6436,chr21_39220685_C_T_b38_C__dominant,chr21_39220685_C_T_b38_C,dominant,0.0310275800658609,221,92,192,70,/project2/mstephens/wdenault/susie_mix/plot/one_cs_dominant/PSMG1_Nerve_add_vs_mix.png
PDHX,Nerve,dominant,plotted,Four-panel SuSiE / SuSiE-mix comparison created,1,L1,1,1455,chr11_34907366_G_C_b38_G,chr11_34907366_G_C_b38_G,additive,0.0445773647090433,39,Single credible-set lead,154,154,46,FALSE,Different lead SNP; coding change: additive -> dominant,-487.797921426004,-487.927907699789,-0.259972547568964,1,L1,1,6465,chr11_34877192_C_A_b38_C__dominant,chr11_34877192_C_A_b38_C,dominant,0.0354816238669424,79,159,148,47,/project2/mstephens/wdenault/susie_mix/plot/one_cs_dominant/PDHX_Nerve_add_vs_mix.png
SAP25,Blood Vessel,dominant,plotted,Four-panel SuSiE / SuSiE-mix comparison created,1,L1,1,527,chr7_100579551_T_C_b38_T,chr7_100579551_T_C_b38_T,additive,0.148551810770378,31,Single credible-set lead,376,68,6,TRUE,Same lead SNP; coding change only: additive -> dominant,-624.609690489871,-623.666284098191,1.88681278335866,1,L1,1,3152,chr7_100579551_T_C_b38_T__dominant,chr7_100579551_T_C_b38_T,dominant,0.13148776108381,51,376,68,6,/project2/mstephens/wdenault/susie_mix/plot/one_cs_dominant/SAP25_Blood_Vessel_add_vs_mix.png
TRIM38,Thyroid,dominant,plotted,Four-panel SuSiE / SuSiE-mix comparison created,1,L1,1,1324,chr6_25963738_C_T_b38_C,chr6_25963738_C_T_b38_C,additive,0.304323731185973,261,Single credible-set lead,195,152,43,TRUE,Same lead SNP; coding change only: additive -> dominant,-540.98527875934,-539.524157055173,2.92224340833445,1,L1,1,6031,chr6_25963738_C_T_b38_C__dominant,chr6_25963738_C_T_b38_C,dominant,0.430048220626476,288,195,152,43,/project2/mstephens/wdenault/susie_mix/plot/one_cs_dominant/TRIM38_Thyroid_add_vs_mix.png
PXK,Spleen,dominant,plotted,Four-panel SuSiE / SuSiE-mix comparison created,1,L1,1,1621,chr3_58479456_A_G_b38_A,chr3_58479456_A_G_b38_A,additive,0.18945879227653,32,Single credible-set lead,63,66,17,TRUE,Same lead SNP; coding change only: additive -> dominant,-193.17396457693,-187.411801264857,11.5243266241469,1,L1,1,5229,chr3_58479456_A_G_b38_A__dominant,chr3_58479456_A_G_b38_A,dominant,0.917039565198451,6,63,66,17,/project2/mstephens/wdenault/susie_mix/plot/one_cs_dominant/PXK_Spleen_add_vs_mix.png
NAP1L5,Nerve,dominant,plotted,Four-panel SuSiE / SuSiE-mix comparison created,1,L1,1,711,chr4_88705240_A_G_b38_A,chr4_88705240_A_G_b38_A,additive,0.235683568721329,16,Single credible-set lead,271,77,6,TRUE,Same lead SNP; coding change only: additive -> dominant,-488.287354198623,-487.407807673925,1.75909304939614,1,L1,1,4282,chr4_88705240_A_G_b38_A__dominant,chr4_88705240_A_G_b38_A,dominant,0.197768074803408,31,271,77,6,/project2/mstephens/wdenault/susie_mix/plot/one_cs_dominant/NAP1L5_Nerve_add_vs_mix.png
CLCNKA,Thyroid,dominant,plotted,Four-panel SuSiE / SuSiE-mix comparison created,1,L1,1,1124,chr1_16013277_C_G_b38_C,chr1_16013277_C_G_b38_C,additive,0.318138001081504,43,Single credible-set lead,144,182,64,TRUE,Same lead SNP; coding change only: additive -> dominant,-540.371884170993,-539.796450369166,1.15086760365443,1,L1,1,5536,chr1_16013277_C_G_b38_C__dominant,chr1_16013277_C_G_b38_C,dominant,0.262718734466686,53,144,182,64,/project2/mstephens/wdenault/susie_mix/plot/one_cs_dominant/CLCNKA_Thyroid_add_vs_mix.png
CEP89,Nerve,dominant,plotted,Four-panel SuSiE / SuSiE-mix comparison created,1,L1,1,1326,chr19_32972032_C_T_b38_C,chr19_32972032_C_T_b38_C,additive,0.157070665913981,24,Single credible-set lead,279,67,8,FALSE,Different lead SNP; coding change: additive -> dominant,-488.164875726302,-487.326401576032,1.67694830054063,1,L1,1,6414,chr19_32967331_C_A_b38_C__dominant,chr19_32967331_C_A_b38_C,dominant,0.189465851533678,30,285,63,6,/project2/mstephens/wdenault/susie_mix/plot/one_cs_dominant/CEP89_Nerve_add_vs_mix.png
RHBDL1,Lung,dominant,plotted,Four-panel SuSiE / SuSiE-mix comparison created,1,L1,1,1207,chr16_690466_A_G_b38_A,chr16_690466_A_G_b38_A,additive,0.065966605382488,41,Single credible-set lead,166,106,51,TRUE,Same lead SNP; coding change only: additive -> dominant,-444.321717832704,-444.521907028835,-0.400378392260336,1,L1,1,6065,chr16_690466_A_G_b38_A__dominant,chr16_690466_A_G_b38_A,dominant,0.0718665616325835,85,166,106,51,/project2/mstephens/wdenault/susie_mix/plot/one_cs_dominant/RHBDL1_Lung_add_vs_mix.png
NQO2,Lung,dominant,plotted,Four-panel SuSiE / SuSiE-mix comparison created,1,L1,1,1726,chr6_3015873_C_T_b38_C,chr6_3015873_C_T_b38_C,additive,0.128879719939202,15,Single credible-set lead,205,97,21,FALSE,Different lead SNP; coding change: additive -> dominant,-443.897268643456,-443.643695585744,0.507146115422529,1,L1,1,6970,chr6_3003736_A_G_b38_A__dominant,chr6_3003736_A_G_b38_A,dominant,0.219875048135086,27,158,131,34,/project2/mstephens/wdenault/susie_mix/plot/one_cs_dominant/NQO2_Lung_add_vs_mix.png
TSLP,Esophagus,dominant,plotted,Four-panel SuSiE / SuSiE-mix comparison created,1,L1,1,1122,chr5_111232760_T_C_b38_T,chr5_111232760_T_C_b38_T,additive,0.263835391802688,20,Single credible-set lead,236,152,24,FALSE,Different lead SNP; coding change: additive -> dominant,-571.08905950325,-568.826840701852,4.52443760279607,1,L1,1,3638,chr5_111089365_G_C_b38_G__dominant,chr5_111089365_G_C_b38_G,dominant,0.590967156612602,29,130,214,68,/project2/mstephens/wdenault/susie_mix/plot/one_cs_dominant/TSLP_Esophagus_add_vs_mix.png
