tissue,model,analysis_set,distance_to_tss_kb,bin_lower_kb,bin_upper_kb,count,proportion,percentage,n_cs_total,n_cs_in_window
Adipose Tissue,SuSiE,CSs without a shared biological lead SNP,-200,-205,-195,0,0,0,33,29
Adipose Tissue,SuSiE,CSs without a shared biological lead SNP,-190,-195,-185,0,0,0,33,29
Adipose Tissue,SuSiE,CSs without a shared biological lead SNP,-180,-185,-175,0,0,0,33,29
Adipose Tissue,SuSiE,CSs without a shared biological lead SNP,-170,-175,-165,0,0,0,33,29
Adipose Tissue,SuSiE,CSs without a shared biological lead SNP,-160,-165,-155,0,0,0,33,29
Adipose Tissue,SuSiE,CSs without a shared biological lead SNP,-150,-155,-145,0,0,0,33,29
Adipose Tissue,SuSiE,CSs without a shared biological lead SNP,-140,-145,-135,0,0,0,33,29
Adipose Tissue,SuSiE,CSs without a shared biological lead SNP,-130,-135,-125,1,0.0344827586206897,3.44827586206897,33,29
Adipose Tissue,SuSiE,CSs without a shared biological lead SNP,-120,-125,-115,2,0.0689655172413793,6.89655172413793,33,29
Adipose Tissue,SuSiE,CSs without a shared biological lead SNP,-110,-115,-105,0,0,0,33,29
Adipose Tissue,SuSiE,CSs without a shared biological lead SNP,-100,-105,-95,1,0.0344827586206897,3.44827586206897,33,29
Adipose Tissue,SuSiE,CSs without a shared biological lead SNP,-90,-95,-85,2,0.0689655172413793,6.89655172413793,33,29
Adipose Tissue,SuSiE,CSs without a shared biological lead SNP,-80,-85,-75,1,0.0344827586206897,3.44827586206897,33,29
Adipose Tissue,SuSiE,CSs without a shared biological lead SNP,-70,-75,-65,0,0,0,33,29
Adipose Tissue,SuSiE,CSs without a shared biological lead SNP,-60,-65,-55,0,0,0,33,29
Adipose Tissue,SuSiE,CSs without a shared biological lead SNP,-50,-55,-45,0,0,0,33,29
Adipose Tissue,SuSiE,CSs without a shared biological lead SNP,-40,-45,-35,0,0,0,33,29
Adipose Tissue,SuSiE,CSs without a shared biological lead SNP,-30,-35,-25,1,0.0344827586206897,3.44827586206897,33,29
Adipose Tissue,SuSiE,CSs without a shared biological lead SNP,-20,-25,-15,2,0.0689655172413793,6.89655172413793,33,29
Adipose Tissue,SuSiE,CSs without a shared biological lead SNP,-10,-15,-5,1,0.0344827586206897,3.44827586206897,33,29
Adipose Tissue,SuSiE,CSs without a shared biological lead SNP,0,-5,5,4,0.137931034482759,13.7931034482759,33,29
Adipose Tissue,SuSiE,CSs without a shared biological lead SNP,10,5,15,2,0.0689655172413793,6.89655172413793,33,29
Adipose Tissue,SuSiE,CSs without a shared biological lead SNP,20,15,25,3,0.103448275862069,10.3448275862069,33,29
Adipose Tissue,SuSiE,CSs without a shared biological lead SNP,30,25,35,4,0.137931034482759,13.7931034482759,33,29
Adipose Tissue,SuSiE,CSs without a shared biological lead SNP,40,35,45,1,0.0344827586206897,3.44827586206897,33,29
Adipose Tissue,SuSiE,CSs without a shared biological lead SNP,50,45,55,2,0.0689655172413793,6.89655172413793,33,29
Adipose Tissue,SuSiE,CSs without a shared biological lead SNP,60,55,65,0,0,0,33,29
Adipose Tissue,SuSiE,CSs without a shared biological lead SNP,70,65,75,0,0,0,33,29
Adipose Tissue,SuSiE,CSs without a shared biological lead SNP,80,75,85,0,0,0,33,29
Adipose Tissue,SuSiE,CSs without a shared biological lead SNP,90,85,95,0,0,0,33,29
Adipose Tissue,SuSiE,CSs without a shared biological lead SNP,100,95,105,1,0.0344827586206897,3.44827586206897,33,29
Adipose Tissue,SuSiE,CSs without a shared biological lead SNP,110,105,115,0,0,0,33,29
Adipose Tissue,SuSiE,CSs without a shared biological lead SNP,120,115,125,0,0,0,33,29
Adipose Tissue,SuSiE,CSs without a shared biological lead SNP,130,125,135,0,0,0,33,29
Adipose Tissue,SuSiE,CSs without a shared biological lead SNP,140,135,145,0,0,0,33,29
Adipose Tissue,SuSiE,CSs without a shared biological lead SNP,150,145,155,1,0.0344827586206897,3.44827586206897,33,29
Adipose Tissue,SuSiE,CSs without a shared biological lead SNP,160,155,165,0,0,0,33,29
Adipose Tissue,SuSiE,CSs without a shared biological lead SNP,170,165,175,0,0,0,33,29
Adipose Tissue,SuSiE,CSs without a shared biological lead SNP,180,175,185,0,0,0,33,29
Adipose Tissue,SuSiE,CSs without a shared biological lead SNP,190,185,195,0,0,0,33,29
Adipose Tissue,SuSiE,CSs without a shared biological lead SNP,200,195,205,0,0,0,33,29
Adipose Tissue,Weighted SuSiE-mix,CSs without a shared biological lead SNP,-200,-205,-195,0,0,0,30,25
Adipose Tissue,Weighted SuSiE-mix,CSs without a shared biological lead SNP,-190,-195,-185,0,0,0,30,25
Adipose Tissue,Weighted SuSiE-mix,CSs without a shared biological lead SNP,-180,-185,-175,0,0,0,30,25
Adipose Tissue,Weighted SuSiE-mix,CSs without a shared biological lead SNP,-170,-175,-165,0,0,0,30,25
Adipose Tissue,Weighted SuSiE-mix,CSs without a shared biological lead SNP,-160,-165,-155,0,0,0,30,25
Adipose Tissue,Weighted SuSiE-mix,CSs without a shared biological lead SNP,-150,-155,-145,0,0,0,30,25
Adipose Tissue,Weighted SuSiE-mix,CSs without a shared biological lead SNP,-140,-145,-135,0,0,0,30,25
Adipose Tissue,Weighted SuSiE-mix,CSs without a shared biological lead SNP,-130,-135,-125,0,0,0,30,25
Adipose Tissue,Weighted SuSiE-mix,CSs without a shared biological lead SNP,-120,-125,-115,1,0.04,4,30,25
Adipose Tissue,Weighted SuSiE-mix,CSs without a shared biological lead SNP,-110,-115,-105,0,0,0,30,25
Adipose Tissue,Weighted SuSiE-mix,CSs without a shared biological lead SNP,-100,-105,-95,1,0.04,4,30,25
Adipose Tissue,Weighted SuSiE-mix,CSs without a shared biological lead SNP,-90,-95,-85,1,0.04,4,30,25
Adipose Tissue,Weighted SuSiE-mix,CSs without a shared biological lead SNP,-80,-85,-75,2,0.08,8,30,25
Adipose Tissue,Weighted SuSiE-mix,CSs without a shared biological lead SNP,-70,-75,-65,3,0.12,12,30,25
Adipose Tissue,Weighted SuSiE-mix,CSs without a shared biological lead SNP,-60,-65,-55,1,0.04,4,30,25
Adipose Tissue,Weighted SuSiE-mix,CSs without a shared biological lead SNP,-50,-55,-45,0,0,0,30,25
Adipose Tissue,Weighted SuSiE-mix,CSs without a shared biological lead SNP,-40,-45,-35,1,0.04,4,30,25
Adipose Tissue,Weighted SuSiE-mix,CSs without a shared biological lead SNP,-30,-35,-25,1,0.04,4,30,25
Adipose Tissue,Weighted SuSiE-mix,CSs without a shared biological lead SNP,-20,-25,-15,1,0.04,4,30,25
Adipose Tissue,Weighted SuSiE-mix,CSs without a shared biological lead SNP,-10,-15,-5,3,0.12,12,30,25
Adipose Tissue,Weighted SuSiE-mix,CSs without a shared biological lead SNP,0,-5,5,3,0.12,12,30,25
Adipose Tissue,Weighted SuSiE-mix,CSs without a shared biological lead SNP,10,5,15,1,0.04,4,30,25
Adipose Tissue,Weighted SuSiE-mix,CSs without a shared biological lead SNP,20,15,25,1,0.04,4,30,25
Adipose Tissue,Weighted SuSiE-mix,CSs without a shared biological lead SNP,30,25,35,2,0.08,8,30,25
Adipose Tissue,Weighted SuSiE-mix,CSs without a shared biological lead SNP,40,35,45,0,0,0,30,25
Adipose Tissue,Weighted SuSiE-mix,CSs without a shared biological lead SNP,50,45,55,0,0,0,30,25
Adipose Tissue,Weighted SuSiE-mix,CSs without a shared biological lead SNP,60,55,65,1,0.04,4,30,25
Adipose Tissue,Weighted SuSiE-mix,CSs without a shared biological lead SNP,70,65,75,1,0.04,4,30,25
Adipose Tissue,Weighted SuSiE-mix,CSs without a shared biological lead SNP,80,75,85,0,0,0,30,25
Adipose Tissue,Weighted SuSiE-mix,CSs without a shared biological lead SNP,90,85,95,0,0,0,30,25
Adipose Tissue,Weighted SuSiE-mix,CSs without a shared biological lead SNP,100,95,105,0,0,0,30,25
Adipose Tissue,Weighted SuSiE-mix,CSs without a shared biological lead SNP,110,105,115,0,0,0,30,25
Adipose Tissue,Weighted SuSiE-mix,CSs without a shared biological lead SNP,120,115,125,0,0,0,30,25
Adipose Tissue,Weighted SuSiE-mix,CSs without a shared biological lead SNP,130,125,135,0,0,0,30,25
Adipose Tissue,Weighted SuSiE-mix,CSs without a shared biological lead SNP,140,135,145,0,0,0,30,25
Adipose Tissue,Weighted SuSiE-mix,CSs without a shared biological lead SNP,150,145,155,0,0,0,30,25
Adipose Tissue,Weighted SuSiE-mix,CSs without a shared biological lead SNP,160,155,165,0,0,0,30,25
Adipose Tissue,Weighted SuSiE-mix,CSs without a shared biological lead SNP,170,165,175,0,0,0,30,25
Adipose Tissue,Weighted SuSiE-mix,CSs without a shared biological lead SNP,180,175,185,0,0,0,30,25
Adipose Tissue,Weighted SuSiE-mix,CSs without a shared biological lead SNP,190,185,195,0,0,0,30,25
Adipose Tissue,Weighted SuSiE-mix,CSs without a shared biological lead SNP,200,195,205,1,0.04,4,30,25
Adrenal Gland,SuSiE,CSs without a shared biological lead SNP,-200,-205,-195,0,0,0,6,5
Adrenal Gland,SuSiE,CSs without a shared biological lead SNP,-190,-195,-185,0,0,0,6,5
Adrenal Gland,SuSiE,CSs without a shared biological lead SNP,-180,-185,-175,0,0,0,6,5
Adrenal Gland,SuSiE,CSs without a shared biological lead SNP,-170,-175,-165,0,0,0,6,5
Adrenal Gland,SuSiE,CSs without a shared biological lead SNP,-160,-165,-155,0,0,0,6,5
Adrenal Gland,SuSiE,CSs without a shared biological lead SNP,-150,-155,-145,0,0,0,6,5
Adrenal Gland,SuSiE,CSs without a shared biological lead SNP,-140,-145,-135,0,0,0,6,5
Adrenal Gland,SuSiE,CSs without a shared biological lead SNP,-130,-135,-125,0,0,0,6,5
Adrenal Gland,SuSiE,CSs without a shared biological lead SNP,-120,-125,-115,0,0,0,6,5
Adrenal Gland,SuSiE,CSs without a shared biological lead SNP,-110,-115,-105,0,0,0,6,5
Adrenal Gland,SuSiE,CSs without a shared biological lead SNP,-100,-105,-95,1,0.2,20,6,5
Adrenal Gland,SuSiE,CSs without a shared biological lead SNP,-90,-95,-85,0,0,0,6,5
Adrenal Gland,SuSiE,CSs without a shared biological lead SNP,-80,-85,-75,0,0,0,6,5
Adrenal Gland,SuSiE,CSs without a shared biological lead SNP,-70,-75,-65,0,0,0,6,5
Adrenal Gland,SuSiE,CSs without a shared biological lead SNP,-60,-65,-55,0,0,0,6,5
Adrenal Gland,SuSiE,CSs without a shared biological lead SNP,-50,-55,-45,0,0,0,6,5
Adrenal Gland,SuSiE,CSs without a shared biological lead SNP,-40,-45,-35,0,0,0,6,5
Adrenal Gland,SuSiE,CSs without a shared biological lead SNP,-30,-35,-25,1,0.2,20,6,5
Adrenal Gland,SuSiE,CSs without a shared biological lead SNP,-20,-25,-15,0,0,0,6,5
Adrenal Gland,SuSiE,CSs without a shared biological lead SNP,-10,-15,-5,2,0.4,40,6,5
Adrenal Gland,SuSiE,CSs without a shared biological lead SNP,0,-5,5,0,0,0,6,5
Adrenal Gland,SuSiE,CSs without a shared biological lead SNP,10,5,15,0,0,0,6,5
Adrenal Gland,SuSiE,CSs without a shared biological lead SNP,20,15,25,0,0,0,6,5
Adrenal Gland,SuSiE,CSs without a shared biological lead SNP,30,25,35,1,0.2,20,6,5
Adrenal Gland,SuSiE,CSs without a shared biological lead SNP,40,35,45,0,0,0,6,5
Adrenal Gland,SuSiE,CSs without a shared biological lead SNP,50,45,55,0,0,0,6,5
Adrenal Gland,SuSiE,CSs without a shared biological lead SNP,60,55,65,0,0,0,6,5
Adrenal Gland,SuSiE,CSs without a shared biological lead SNP,70,65,75,0,0,0,6,5
Adrenal Gland,SuSiE,CSs without a shared biological lead SNP,80,75,85,0,0,0,6,5
Adrenal Gland,SuSiE,CSs without a shared biological lead SNP,90,85,95,0,0,0,6,5
Adrenal Gland,SuSiE,CSs without a shared biological lead SNP,100,95,105,0,0,0,6,5
Adrenal Gland,SuSiE,CSs without a shared biological lead SNP,110,105,115,0,0,0,6,5
Adrenal Gland,SuSiE,CSs without a shared biological lead SNP,120,115,125,0,0,0,6,5
Adrenal Gland,SuSiE,CSs without a shared biological lead SNP,130,125,135,0,0,0,6,5
Adrenal Gland,SuSiE,CSs without a shared biological lead SNP,140,135,145,0,0,0,6,5
Adrenal Gland,SuSiE,CSs without a shared biological lead SNP,150,145,155,0,0,0,6,5
Adrenal Gland,SuSiE,CSs without a shared biological lead SNP,160,155,165,0,0,0,6,5
Adrenal Gland,SuSiE,CSs without a shared biological lead SNP,170,165,175,0,0,0,6,5
Adrenal Gland,SuSiE,CSs without a shared biological lead SNP,180,175,185,0,0,0,6,5
Adrenal Gland,SuSiE,CSs without a shared biological lead SNP,190,185,195,0,0,0,6,5
Adrenal Gland,SuSiE,CSs without a shared biological lead SNP,200,195,205,0,0,0,6,5
Adrenal Gland,Weighted SuSiE-mix,CSs without a shared biological lead SNP,-200,-205,-195,0,0,0,4,4
Adrenal Gland,Weighted SuSiE-mix,CSs without a shared biological lead SNP,-190,-195,-185,0,0,0,4,4
Adrenal Gland,Weighted SuSiE-mix,CSs without a shared biological lead SNP,-180,-185,-175,0,0,0,4,4
Adrenal Gland,Weighted SuSiE-mix,CSs without a shared biological lead SNP,-170,-175,-165,0,0,0,4,4
Adrenal Gland,Weighted SuSiE-mix,CSs without a shared biological lead SNP,-160,-165,-155,0,0,0,4,4
Adrenal Gland,Weighted SuSiE-mix,CSs without a shared biological lead SNP,-150,-155,-145,0,0,0,4,4
Adrenal Gland,Weighted SuSiE-mix,CSs without a shared biological lead SNP,-140,-145,-135,0,0,0,4,4
Adrenal Gland,Weighted SuSiE-mix,CSs without a shared biological lead SNP,-130,-135,-125,0,0,0,4,4
Adrenal Gland,Weighted SuSiE-mix,CSs without a shared biological lead SNP,-120,-125,-115,0,0,0,4,4
Adrenal Gland,Weighted SuSiE-mix,CSs without a shared biological lead SNP,-110,-115,-105,0,0,0,4,4
Adrenal Gland,Weighted SuSiE-mix,CSs without a shared biological lead SNP,-100,-105,-95,1,0.25,25,4,4
Adrenal Gland,Weighted SuSiE-mix,CSs without a shared biological lead SNP,-90,-95,-85,0,0,0,4,4
Adrenal Gland,Weighted SuSiE-mix,CSs without a shared biological lead SNP,-80,-85,-75,0,0,0,4,4
Adrenal Gland,Weighted SuSiE-mix,CSs without a shared biological lead SNP,-70,-75,-65,0,0,0,4,4
Adrenal Gland,Weighted SuSiE-mix,CSs without a shared biological lead SNP,-60,-65,-55,0,0,0,4,4
Adrenal Gland,Weighted SuSiE-mix,CSs without a shared biological lead SNP,-50,-55,-45,0,0,0,4,4
Adrenal Gland,Weighted SuSiE-mix,CSs without a shared biological lead SNP,-40,-45,-35,1,0.25,25,4,4
Adrenal Gland,Weighted SuSiE-mix,CSs without a shared biological lead SNP,-30,-35,-25,0,0,0,4,4
Adrenal Gland,Weighted SuSiE-mix,CSs without a shared biological lead SNP,-20,-25,-15,1,0.25,25,4,4
Adrenal Gland,Weighted SuSiE-mix,CSs without a shared biological lead SNP,-10,-15,-5,1,0.25,25,4,4
Adrenal Gland,Weighted SuSiE-mix,CSs without a shared biological lead SNP,0,-5,5,0,0,0,4,4
Adrenal Gland,Weighted SuSiE-mix,CSs without a shared biological lead SNP,10,5,15,0,0,0,4,4
Adrenal Gland,Weighted SuSiE-mix,CSs without a shared biological lead SNP,20,15,25,0,0,0,4,4
Adrenal Gland,Weighted SuSiE-mix,CSs without a shared biological lead SNP,30,25,35,0,0,0,4,4
Adrenal Gland,Weighted SuSiE-mix,CSs without a shared biological lead SNP,40,35,45,0,0,0,4,4
Adrenal Gland,Weighted SuSiE-mix,CSs without a shared biological lead SNP,50,45,55,0,0,0,4,4
Adrenal Gland,Weighted SuSiE-mix,CSs without a shared biological lead SNP,60,55,65,0,0,0,4,4
Adrenal Gland,Weighted SuSiE-mix,CSs without a shared biological lead SNP,70,65,75,0,0,0,4,4
Adrenal Gland,Weighted SuSiE-mix,CSs without a shared biological lead SNP,80,75,85,0,0,0,4,4
Adrenal Gland,Weighted SuSiE-mix,CSs without a shared biological lead SNP,90,85,95,0,0,0,4,4
Adrenal Gland,Weighted SuSiE-mix,CSs without a shared biological lead SNP,100,95,105,0,0,0,4,4
Adrenal Gland,Weighted SuSiE-mix,CSs without a shared biological lead SNP,110,105,115,0,0,0,4,4
Adrenal Gland,Weighted SuSiE-mix,CSs without a shared biological lead SNP,120,115,125,0,0,0,4,4
Adrenal Gland,Weighted SuSiE-mix,CSs without a shared biological lead SNP,130,125,135,0,0,0,4,4
Adrenal Gland,Weighted SuSiE-mix,CSs without a shared biological lead SNP,140,135,145,0,0,0,4,4
Adrenal Gland,Weighted SuSiE-mix,CSs without a shared biological lead SNP,150,145,155,0,0,0,4,4
Adrenal Gland,Weighted SuSiE-mix,CSs without a shared biological lead SNP,160,155,165,0,0,0,4,4
Adrenal Gland,Weighted SuSiE-mix,CSs without a shared biological lead SNP,170,165,175,0,0,0,4,4
Adrenal Gland,Weighted SuSiE-mix,CSs without a shared biological lead SNP,180,175,185,0,0,0,4,4
Adrenal Gland,Weighted SuSiE-mix,CSs without a shared biological lead SNP,190,185,195,0,0,0,4,4
Adrenal Gland,Weighted SuSiE-mix,CSs without a shared biological lead SNP,200,195,205,0,0,0,4,4
Blood,SuSiE,CSs without a shared biological lead SNP,-200,-205,-195,0,0,0,27,24
Blood,SuSiE,CSs without a shared biological lead SNP,-190,-195,-185,0,0,0,27,24
Blood,SuSiE,CSs without a shared biological lead SNP,-180,-185,-175,0,0,0,27,24
Blood,SuSiE,CSs without a shared biological lead SNP,-170,-175,-165,0,0,0,27,24
Blood,SuSiE,CSs without a shared biological lead SNP,-160,-165,-155,0,0,0,27,24
Blood,SuSiE,CSs without a shared biological lead SNP,-150,-155,-145,0,0,0,27,24
Blood,SuSiE,CSs without a shared biological lead SNP,-140,-145,-135,0,0,0,27,24
Blood,SuSiE,CSs without a shared biological lead SNP,-130,-135,-125,0,0,0,27,24
Blood,SuSiE,CSs without a shared biological lead SNP,-120,-125,-115,1,0.0416666666666667,4.16666666666667,27,24
Blood,SuSiE,CSs without a shared biological lead SNP,-110,-115,-105,0,0,0,27,24
Blood,SuSiE,CSs without a shared biological lead SNP,-100,-105,-95,0,0,0,27,24
Blood,SuSiE,CSs without a shared biological lead SNP,-90,-95,-85,0,0,0,27,24
Blood,SuSiE,CSs without a shared biological lead SNP,-80,-85,-75,0,0,0,27,24
Blood,SuSiE,CSs without a shared biological lead SNP,-70,-75,-65,0,0,0,27,24
Blood,SuSiE,CSs without a shared biological lead SNP,-60,-65,-55,1,0.0416666666666667,4.16666666666667,27,24
Blood,SuSiE,CSs without a shared biological lead SNP,-50,-55,-45,2,0.0833333333333333,8.33333333333333,27,24
Blood,SuSiE,CSs without a shared biological lead SNP,-40,-45,-35,0,0,0,27,24
Blood,SuSiE,CSs without a shared biological lead SNP,-30,-35,-25,2,0.0833333333333333,8.33333333333333,27,24
Blood,SuSiE,CSs without a shared biological lead SNP,-20,-25,-15,1,0.0416666666666667,4.16666666666667,27,24
Blood,SuSiE,CSs without a shared biological lead SNP,-10,-15,-5,4,0.166666666666667,16.6666666666667,27,24
Blood,SuSiE,CSs without a shared biological lead SNP,0,-5,5,2,0.0833333333333333,8.33333333333333,27,24
Blood,SuSiE,CSs without a shared biological lead SNP,10,5,15,2,0.0833333333333333,8.33333333333333,27,24
Blood,SuSiE,CSs without a shared biological lead SNP,20,15,25,3,0.125,12.5,27,24
Blood,SuSiE,CSs without a shared biological lead SNP,30,25,35,2,0.0833333333333333,8.33333333333333,27,24
Blood,SuSiE,CSs without a shared biological lead SNP,40,35,45,0,0,0,27,24
Blood,SuSiE,CSs without a shared biological lead SNP,50,45,55,1,0.0416666666666667,4.16666666666667,27,24
Blood,SuSiE,CSs without a shared biological lead SNP,60,55,65,2,0.0833333333333333,8.33333333333333,27,24
Blood,SuSiE,CSs without a shared biological lead SNP,70,65,75,0,0,0,27,24
Blood,SuSiE,CSs without a shared biological lead SNP,80,75,85,0,0,0,27,24
Blood,SuSiE,CSs without a shared biological lead SNP,90,85,95,0,0,0,27,24
Blood,SuSiE,CSs without a shared biological lead SNP,100,95,105,1,0.0416666666666667,4.16666666666667,27,24
Blood,SuSiE,CSs without a shared biological lead SNP,110,105,115,0,0,0,27,24
Blood,SuSiE,CSs without a shared biological lead SNP,120,115,125,0,0,0,27,24
Blood,SuSiE,CSs without a shared biological lead SNP,130,125,135,0,0,0,27,24
Blood,SuSiE,CSs without a shared biological lead SNP,140,135,145,0,0,0,27,24
Blood,SuSiE,CSs without a shared biological lead SNP,150,145,155,0,0,0,27,24
Blood,SuSiE,CSs without a shared biological lead SNP,160,155,165,0,0,0,27,24
Blood,SuSiE,CSs without a shared biological lead SNP,170,165,175,0,0,0,27,24
Blood,SuSiE,CSs without a shared biological lead SNP,180,175,185,0,0,0,27,24
Blood,SuSiE,CSs without a shared biological lead SNP,190,185,195,0,0,0,27,24
Blood,SuSiE,CSs without a shared biological lead SNP,200,195,205,0,0,0,27,24
Blood,Weighted SuSiE-mix,CSs without a shared biological lead SNP,-200,-205,-195,0,0,0,22,20
Blood,Weighted SuSiE-mix,CSs without a shared biological lead SNP,-190,-195,-185,0,0,0,22,20
Blood,Weighted SuSiE-mix,CSs without a shared biological lead SNP,-180,-185,-175,0,0,0,22,20
Blood,Weighted SuSiE-mix,CSs without a shared biological lead SNP,-170,-175,-165,0,0,0,22,20
Blood,Weighted SuSiE-mix,CSs without a shared biological lead SNP,-160,-165,-155,0,0,0,22,20
Blood,Weighted SuSiE-mix,CSs without a shared biological lead SNP,-150,-155,-145,0,0,0,22,20
Blood,Weighted SuSiE-mix,CSs without a shared biological lead SNP,-140,-145,-135,0,0,0,22,20
Blood,Weighted SuSiE-mix,CSs without a shared biological lead SNP,-130,-135,-125,0,0,0,22,20
Blood,Weighted SuSiE-mix,CSs without a shared biological lead SNP,-120,-125,-115,1,0.05,5,22,20
Blood,Weighted SuSiE-mix,CSs without a shared biological lead SNP,-110,-115,-105,0,0,0,22,20
Blood,Weighted SuSiE-mix,CSs without a shared biological lead SNP,-100,-105,-95,2,0.1,10,22,20
Blood,Weighted SuSiE-mix,CSs without a shared biological lead SNP,-90,-95,-85,0,0,0,22,20
Blood,Weighted SuSiE-mix,CSs without a shared biological lead SNP,-80,-85,-75,0,0,0,22,20
Blood,Weighted SuSiE-mix,CSs without a shared biological lead SNP,-70,-75,-65,0,0,0,22,20
Blood,Weighted SuSiE-mix,CSs without a shared biological lead SNP,-60,-65,-55,1,0.05,5,22,20
Blood,Weighted SuSiE-mix,CSs without a shared biological lead SNP,-50,-55,-45,1,0.05,5,22,20
Blood,Weighted SuSiE-mix,CSs without a shared biological lead SNP,-40,-45,-35,1,0.05,5,22,20
Blood,Weighted SuSiE-mix,CSs without a shared biological lead SNP,-30,-35,-25,1,0.05,5,22,20
Blood,Weighted SuSiE-mix,CSs without a shared biological lead SNP,-20,-25,-15,1,0.05,5,22,20
Blood,Weighted SuSiE-mix,CSs without a shared biological lead SNP,-10,-15,-5,5,0.25,25,22,20
Blood,Weighted SuSiE-mix,CSs without a shared biological lead SNP,0,-5,5,0,0,0,22,20
Blood,Weighted SuSiE-mix,CSs without a shared biological lead SNP,10,5,15,3,0.15,15,22,20
Blood,Weighted SuSiE-mix,CSs without a shared biological lead SNP,20,15,25,0,0,0,22,20
Blood,Weighted SuSiE-mix,CSs without a shared biological lead SNP,30,25,35,1,0.05,5,22,20
Blood,Weighted SuSiE-mix,CSs without a shared biological lead SNP,40,35,45,2,0.1,10,22,20
Blood,Weighted SuSiE-mix,CSs without a shared biological lead SNP,50,45,55,1,0.05,5,22,20
Blood,Weighted SuSiE-mix,CSs without a shared biological lead SNP,60,55,65,0,0,0,22,20
Blood,Weighted SuSiE-mix,CSs without a shared biological lead SNP,70,65,75,0,0,0,22,20
Blood,Weighted SuSiE-mix,CSs without a shared biological lead SNP,80,75,85,0,0,0,22,20
Blood,Weighted SuSiE-mix,CSs without a shared biological lead SNP,90,85,95,0,0,0,22,20
Blood,Weighted SuSiE-mix,CSs without a shared biological lead SNP,100,95,105,0,0,0,22,20
Blood,Weighted SuSiE-mix,CSs without a shared biological lead SNP,110,105,115,0,0,0,22,20
Blood,Weighted SuSiE-mix,CSs without a shared biological lead SNP,120,115,125,0,0,0,22,20
Blood,Weighted SuSiE-mix,CSs without a shared biological lead SNP,130,125,135,0,0,0,22,20
Blood,Weighted SuSiE-mix,CSs without a shared biological lead SNP,140,135,145,0,0,0,22,20
Blood,Weighted SuSiE-mix,CSs without a shared biological lead SNP,150,145,155,0,0,0,22,20
Blood,Weighted SuSiE-mix,CSs without a shared biological lead SNP,160,155,165,0,0,0,22,20
Blood,Weighted SuSiE-mix,CSs without a shared biological lead SNP,170,165,175,0,0,0,22,20
Blood,Weighted SuSiE-mix,CSs without a shared biological lead SNP,180,175,185,0,0,0,22,20
Blood,Weighted SuSiE-mix,CSs without a shared biological lead SNP,190,185,195,0,0,0,22,20
Blood,Weighted SuSiE-mix,CSs without a shared biological lead SNP,200,195,205,0,0,0,22,20
Blood Vessel,SuSiE,CSs without a shared biological lead SNP,-200,-205,-195,0,0,0,27,20
Blood Vessel,SuSiE,CSs without a shared biological lead SNP,-190,-195,-185,0,0,0,27,20
Blood Vessel,SuSiE,CSs without a shared biological lead SNP,-180,-185,-175,0,0,0,27,20
Blood Vessel,SuSiE,CSs without a shared biological lead SNP,-170,-175,-165,0,0,0,27,20
Blood Vessel,SuSiE,CSs without a shared biological lead SNP,-160,-165,-155,0,0,0,27,20
Blood Vessel,SuSiE,CSs without a shared biological lead SNP,-150,-155,-145,1,0.05,5,27,20
Blood Vessel,SuSiE,CSs without a shared biological lead SNP,-140,-145,-135,0,0,0,27,20
Blood Vessel,SuSiE,CSs without a shared biological lead SNP,-130,-135,-125,1,0.05,5,27,20
Blood Vessel,SuSiE,CSs without a shared biological lead SNP,-120,-125,-115,0,0,0,27,20
Blood Vessel,SuSiE,CSs without a shared biological lead SNP,-110,-115,-105,0,0,0,27,20
Blood Vessel,SuSiE,CSs without a shared biological lead SNP,-100,-105,-95,0,0,0,27,20
Blood Vessel,SuSiE,CSs without a shared biological lead SNP,-90,-95,-85,0,0,0,27,20
Blood Vessel,SuSiE,CSs without a shared biological lead SNP,-80,-85,-75,1,0.05,5,27,20
Blood Vessel,SuSiE,CSs without a shared biological lead SNP,-70,-75,-65,0,0,0,27,20
Blood Vessel,SuSiE,CSs without a shared biological lead SNP,-60,-65,-55,0,0,0,27,20
Blood Vessel,SuSiE,CSs without a shared biological lead SNP,-50,-55,-45,0,0,0,27,20
Blood Vessel,SuSiE,CSs without a shared biological lead SNP,-40,-45,-35,0,0,0,27,20
Blood Vessel,SuSiE,CSs without a shared biological lead SNP,-30,-35,-25,1,0.05,5,27,20
Blood Vessel,SuSiE,CSs without a shared biological lead SNP,-20,-25,-15,1,0.05,5,27,20
Blood Vessel,SuSiE,CSs without a shared biological lead SNP,-10,-15,-5,1,0.05,5,27,20
Blood Vessel,SuSiE,CSs without a shared biological lead SNP,0,-5,5,2,0.1,10,27,20
Blood Vessel,SuSiE,CSs without a shared biological lead SNP,10,5,15,2,0.1,10,27,20
Blood Vessel,SuSiE,CSs without a shared biological lead SNP,20,15,25,2,0.1,10,27,20
Blood Vessel,SuSiE,CSs without a shared biological lead SNP,30,25,35,2,0.1,10,27,20
Blood Vessel,SuSiE,CSs without a shared biological lead SNP,40,35,45,3,0.15,15,27,20
Blood Vessel,SuSiE,CSs without a shared biological lead SNP,50,45,55,0,0,0,27,20
Blood Vessel,SuSiE,CSs without a shared biological lead SNP,60,55,65,0,0,0,27,20
Blood Vessel,SuSiE,CSs without a shared biological lead SNP,70,65,75,1,0.05,5,27,20
Blood Vessel,SuSiE,CSs without a shared biological lead SNP,80,75,85,0,0,0,27,20
Blood Vessel,SuSiE,CSs without a shared biological lead SNP,90,85,95,1,0.05,5,27,20
Blood Vessel,SuSiE,CSs without a shared biological lead SNP,100,95,105,1,0.05,5,27,20
Blood Vessel,SuSiE,CSs without a shared biological lead SNP,110,105,115,0,0,0,27,20
Blood Vessel,SuSiE,CSs without a shared biological lead SNP,120,115,125,0,0,0,27,20
Blood Vessel,SuSiE,CSs without a shared biological lead SNP,130,125,135,0,0,0,27,20
Blood Vessel,SuSiE,CSs without a shared biological lead SNP,140,135,145,0,0,0,27,20
Blood Vessel,SuSiE,CSs without a shared biological lead SNP,150,145,155,0,0,0,27,20
Blood Vessel,SuSiE,CSs without a shared biological lead SNP,160,155,165,0,0,0,27,20
Blood Vessel,SuSiE,CSs without a shared biological lead SNP,170,165,175,0,0,0,27,20
Blood Vessel,SuSiE,CSs without a shared biological lead SNP,180,175,185,0,0,0,27,20
Blood Vessel,SuSiE,CSs without a shared biological lead SNP,190,185,195,0,0,0,27,20
Blood Vessel,SuSiE,CSs without a shared biological lead SNP,200,195,205,0,0,0,27,20
Blood Vessel,Weighted SuSiE-mix,CSs without a shared biological lead SNP,-200,-205,-195,0,0,0,19,15
Blood Vessel,Weighted SuSiE-mix,CSs without a shared biological lead SNP,-190,-195,-185,0,0,0,19,15
Blood Vessel,Weighted SuSiE-mix,CSs without a shared biological lead SNP,-180,-185,-175,1,0.0666666666666667,6.66666666666667,19,15
Blood Vessel,Weighted SuSiE-mix,CSs without a shared biological lead SNP,-170,-175,-165,0,0,0,19,15
Blood Vessel,Weighted SuSiE-mix,CSs without a shared biological lead SNP,-160,-165,-155,0,0,0,19,15
Blood Vessel,Weighted SuSiE-mix,CSs without a shared biological lead SNP,-150,-155,-145,0,0,0,19,15
Blood Vessel,Weighted SuSiE-mix,CSs without a shared biological lead SNP,-140,-145,-135,1,0.0666666666666667,6.66666666666667,19,15
Blood Vessel,Weighted SuSiE-mix,CSs without a shared biological lead SNP,-130,-135,-125,0,0,0,19,15
Blood Vessel,Weighted SuSiE-mix,CSs without a shared biological lead SNP,-120,-125,-115,0,0,0,19,15
Blood Vessel,Weighted SuSiE-mix,CSs without a shared biological lead SNP,-110,-115,-105,0,0,0,19,15
Blood Vessel,Weighted SuSiE-mix,CSs without a shared biological lead SNP,-100,-105,-95,0,0,0,19,15
Blood Vessel,Weighted SuSiE-mix,CSs without a shared biological lead SNP,-90,-95,-85,0,0,0,19,15
Blood Vessel,Weighted SuSiE-mix,CSs without a shared biological lead SNP,-80,-85,-75,0,0,0,19,15
Blood Vessel,Weighted SuSiE-mix,CSs without a shared biological lead SNP,-70,-75,-65,1,0.0666666666666667,6.66666666666667,19,15
Blood Vessel,Weighted SuSiE-mix,CSs without a shared biological lead SNP,-60,-65,-55,0,0,0,19,15
Blood Vessel,Weighted SuSiE-mix,CSs without a shared biological lead SNP,-50,-55,-45,1,0.0666666666666667,6.66666666666667,19,15
Blood Vessel,Weighted SuSiE-mix,CSs without a shared biological lead SNP,-40,-45,-35,0,0,0,19,15
Blood Vessel,Weighted SuSiE-mix,CSs without a shared biological lead SNP,-30,-35,-25,1,0.0666666666666667,6.66666666666667,19,15
Blood Vessel,Weighted SuSiE-mix,CSs without a shared biological lead SNP,-20,-25,-15,1,0.0666666666666667,6.66666666666667,19,15
Blood Vessel,Weighted SuSiE-mix,CSs without a shared biological lead SNP,-10,-15,-5,0,0,0,19,15
Blood Vessel,Weighted SuSiE-mix,CSs without a shared biological lead SNP,0,-5,5,2,0.133333333333333,13.3333333333333,19,15
Blood Vessel,Weighted SuSiE-mix,CSs without a shared biological lead SNP,10,5,15,1,0.0666666666666667,6.66666666666667,19,15
Blood Vessel,Weighted SuSiE-mix,CSs without a shared biological lead SNP,20,15,25,3,0.2,20,19,15
Blood Vessel,Weighted SuSiE-mix,CSs without a shared biological lead SNP,30,25,35,2,0.133333333333333,13.3333333333333,19,15
Blood Vessel,Weighted SuSiE-mix,CSs without a shared biological lead SNP,40,35,45,0,0,0,19,15
Blood Vessel,Weighted SuSiE-mix,CSs without a shared biological lead SNP,50,45,55,0,0,0,19,15
Blood Vessel,Weighted SuSiE-mix,CSs without a shared biological lead SNP,60,55,65,0,0,0,19,15
Blood Vessel,Weighted SuSiE-mix,CSs without a shared biological lead SNP,70,65,75,0,0,0,19,15
Blood Vessel,Weighted SuSiE-mix,CSs without a shared biological lead SNP,80,75,85,0,0,0,19,15
Blood Vessel,Weighted SuSiE-mix,CSs without a shared biological lead SNP,90,85,95,0,0,0,19,15
Blood Vessel,Weighted SuSiE-mix,CSs without a shared biological lead SNP,100,95,105,1,0.0666666666666667,6.66666666666667,19,15
Blood Vessel,Weighted SuSiE-mix,CSs without a shared biological lead SNP,110,105,115,0,0,0,19,15
Blood Vessel,Weighted SuSiE-mix,CSs without a shared biological lead SNP,120,115,125,0,0,0,19,15
Blood Vessel,Weighted SuSiE-mix,CSs without a shared biological lead SNP,130,125,135,0,0,0,19,15
Blood Vessel,Weighted SuSiE-mix,CSs without a shared biological lead SNP,140,135,145,0,0,0,19,15
Blood Vessel,Weighted SuSiE-mix,CSs without a shared biological lead SNP,150,145,155,0,0,0,19,15
Blood Vessel,Weighted SuSiE-mix,CSs without a shared biological lead SNP,160,155,165,0,0,0,19,15
Blood Vessel,Weighted SuSiE-mix,CSs without a shared biological lead SNP,170,165,175,0,0,0,19,15
Blood Vessel,Weighted SuSiE-mix,CSs without a shared biological lead SNP,180,175,185,0,0,0,19,15
Blood Vessel,Weighted SuSiE-mix,CSs without a shared biological lead SNP,190,185,195,0,0,0,19,15
Blood Vessel,Weighted SuSiE-mix,CSs without a shared biological lead SNP,200,195,205,0,0,0,19,15
Brain,SuSiE,CSs without a shared biological lead SNP,-200,-205,-195,0,0,0,4,4
Brain,SuSiE,CSs without a shared biological lead SNP,-190,-195,-185,0,0,0,4,4
Brain,SuSiE,CSs without a shared biological lead SNP,-180,-185,-175,0,0,0,4,4
Brain,SuSiE,CSs without a shared biological lead SNP,-170,-175,-165,0,0,0,4,4
Brain,SuSiE,CSs without a shared biological lead SNP,-160,-165,-155,0,0,0,4,4
Brain,SuSiE,CSs without a shared biological lead SNP,-150,-155,-145,0,0,0,4,4
Brain,SuSiE,CSs without a shared biological lead SNP,-140,-145,-135,0,0,0,4,4
Brain,SuSiE,CSs without a shared biological lead SNP,-130,-135,-125,0,0,0,4,4
Brain,SuSiE,CSs without a shared biological lead SNP,-120,-125,-115,0,0,0,4,4
Brain,SuSiE,CSs without a shared biological lead SNP,-110,-115,-105,0,0,0,4,4
Brain,SuSiE,CSs without a shared biological lead SNP,-100,-105,-95,0,0,0,4,4
Brain,SuSiE,CSs without a shared biological lead SNP,-90,-95,-85,0,0,0,4,4
Brain,SuSiE,CSs without a shared biological lead SNP,-80,-85,-75,1,0.25,25,4,4
Brain,SuSiE,CSs without a shared biological lead SNP,-70,-75,-65,0,0,0,4,4
Brain,SuSiE,CSs without a shared biological lead SNP,-60,-65,-55,0,0,0,4,4
Brain,SuSiE,CSs without a shared biological lead SNP,-50,-55,-45,0,0,0,4,4
Brain,SuSiE,CSs without a shared biological lead SNP,-40,-45,-35,0,0,0,4,4
Brain,SuSiE,CSs without a shared biological lead SNP,-30,-35,-25,0,0,0,4,4
Brain,SuSiE,CSs without a shared biological lead SNP,-20,-25,-15,0,0,0,4,4
Brain,SuSiE,CSs without a shared biological lead SNP,-10,-15,-5,1,0.25,25,4,4
Brain,SuSiE,CSs without a shared biological lead SNP,0,-5,5,0,0,0,4,4
Brain,SuSiE,CSs without a shared biological lead SNP,10,5,15,0,0,0,4,4
Brain,SuSiE,CSs without a shared biological lead SNP,20,15,25,0,0,0,4,4
Brain,SuSiE,CSs without a shared biological lead SNP,30,25,35,1,0.25,25,4,4
Brain,SuSiE,CSs without a shared biological lead SNP,40,35,45,0,0,0,4,4
Brain,SuSiE,CSs without a shared biological lead SNP,50,45,55,1,0.25,25,4,4
Brain,SuSiE,CSs without a shared biological lead SNP,60,55,65,0,0,0,4,4
Brain,SuSiE,CSs without a shared biological lead SNP,70,65,75,0,0,0,4,4
Brain,SuSiE,CSs without a shared biological lead SNP,80,75,85,0,0,0,4,4
Brain,SuSiE,CSs without a shared biological lead SNP,90,85,95,0,0,0,4,4
Brain,SuSiE,CSs without a shared biological lead SNP,100,95,105,0,0,0,4,4
Brain,SuSiE,CSs without a shared biological lead SNP,110,105,115,0,0,0,4,4
Brain,SuSiE,CSs without a shared biological lead SNP,120,115,125,0,0,0,4,4
Brain,SuSiE,CSs without a shared biological lead SNP,130,125,135,0,0,0,4,4
Brain,SuSiE,CSs without a shared biological lead SNP,140,135,145,0,0,0,4,4
Brain,SuSiE,CSs without a shared biological lead SNP,150,145,155,0,0,0,4,4
Brain,SuSiE,CSs without a shared biological lead SNP,160,155,165,0,0,0,4,4
Brain,SuSiE,CSs without a shared biological lead SNP,170,165,175,0,0,0,4,4
Brain,SuSiE,CSs without a shared biological lead SNP,180,175,185,0,0,0,4,4
Brain,SuSiE,CSs without a shared biological lead SNP,190,185,195,0,0,0,4,4
Brain,SuSiE,CSs without a shared biological lead SNP,200,195,205,0,0,0,4,4
Brain,Weighted SuSiE-mix,CSs without a shared biological lead SNP,-200,-205,-195,0,0,0,4,4
Brain,Weighted SuSiE-mix,CSs without a shared biological lead SNP,-190,-195,-185,0,0,0,4,4
Brain,Weighted SuSiE-mix,CSs without a shared biological lead SNP,-180,-185,-175,0,0,0,4,4
Brain,Weighted SuSiE-mix,CSs without a shared biological lead SNP,-170,-175,-165,0,0,0,4,4
Brain,Weighted SuSiE-mix,CSs without a shared biological lead SNP,-160,-165,-155,0,0,0,4,4
Brain,Weighted SuSiE-mix,CSs without a shared biological lead SNP,-150,-155,-145,0,0,0,4,4
Brain,Weighted SuSiE-mix,CSs without a shared biological lead SNP,-140,-145,-135,0,0,0,4,4
Brain,Weighted SuSiE-mix,CSs without a shared biological lead SNP,-130,-135,-125,0,0,0,4,4
Brain,Weighted SuSiE-mix,CSs without a shared biological lead SNP,-120,-125,-115,0,0,0,4,4
Brain,Weighted SuSiE-mix,CSs without a shared biological lead SNP,-110,-115,-105,0,0,0,4,4
Brain,Weighted SuSiE-mix,CSs without a shared biological lead SNP,-100,-105,-95,1,0.25,25,4,4
Brain,Weighted SuSiE-mix,CSs without a shared biological lead SNP,-90,-95,-85,0,0,0,4,4
Brain,Weighted SuSiE-mix,CSs without a shared biological lead SNP,-80,-85,-75,0,0,0,4,4
Brain,Weighted SuSiE-mix,CSs without a shared biological lead SNP,-70,-75,-65,0,0,0,4,4
Brain,Weighted SuSiE-mix,CSs without a shared biological lead SNP,-60,-65,-55,0,0,0,4,4
Brain,Weighted SuSiE-mix,CSs without a shared biological lead SNP,-50,-55,-45,0,0,0,4,4
Brain,Weighted SuSiE-mix,CSs without a shared biological lead SNP,-40,-45,-35,0,0,0,4,4
Brain,Weighted SuSiE-mix,CSs without a shared biological lead SNP,-30,-35,-25,0,0,0,4,4
Brain,Weighted SuSiE-mix,CSs without a shared biological lead SNP,-20,-25,-15,0,0,0,4,4
Brain,Weighted SuSiE-mix,CSs without a shared biological lead SNP,-10,-15,-5,1,0.25,25,4,4
Brain,Weighted SuSiE-mix,CSs without a shared biological lead SNP,0,-5,5,0,0,0,4,4
Brain,Weighted SuSiE-mix,CSs without a shared biological lead SNP,10,5,15,0,0,0,4,4
Brain,Weighted SuSiE-mix,CSs without a shared biological lead SNP,20,15,25,0,0,0,4,4
Brain,Weighted SuSiE-mix,CSs without a shared biological lead SNP,30,25,35,1,0.25,25,4,4
Brain,Weighted SuSiE-mix,CSs without a shared biological lead SNP,40,35,45,0,0,0,4,4
Brain,Weighted SuSiE-mix,CSs without a shared biological lead SNP,50,45,55,0,0,0,4,4
Brain,Weighted SuSiE-mix,CSs without a shared biological lead SNP,60,55,65,0,0,0,4,4
Brain,Weighted SuSiE-mix,CSs without a shared biological lead SNP,70,65,75,0,0,0,4,4
Brain,Weighted SuSiE-mix,CSs without a shared biological lead SNP,80,75,85,0,0,0,4,4
Brain,Weighted SuSiE-mix,CSs without a shared biological lead SNP,90,85,95,0,0,0,4,4
Brain,Weighted SuSiE-mix,CSs without a shared biological lead SNP,100,95,105,0,0,0,4,4
Brain,Weighted SuSiE-mix,CSs without a shared biological lead SNP,110,105,115,1,0.25,25,4,4
Brain,Weighted SuSiE-mix,CSs without a shared biological lead SNP,120,115,125,0,0,0,4,4
Brain,Weighted SuSiE-mix,CSs without a shared biological lead SNP,130,125,135,0,0,0,4,4
Brain,Weighted SuSiE-mix,CSs without a shared biological lead SNP,140,135,145,0,0,0,4,4
Brain,Weighted SuSiE-mix,CSs without a shared biological lead SNP,150,145,155,0,0,0,4,4
Brain,Weighted SuSiE-mix,CSs without a shared biological lead SNP,160,155,165,0,0,0,4,4
Brain,Weighted SuSiE-mix,CSs without a shared biological lead SNP,170,165,175,0,0,0,4,4
Brain,Weighted SuSiE-mix,CSs without a shared biological lead SNP,180,175,185,0,0,0,4,4
Brain,Weighted SuSiE-mix,CSs without a shared biological lead SNP,190,185,195,0,0,0,4,4
Brain,Weighted SuSiE-mix,CSs without a shared biological lead SNP,200,195,205,0,0,0,4,4
Breast,SuSiE,CSs without a shared biological lead SNP,-200,-205,-195,0,0,0,6,3
Breast,SuSiE,CSs without a shared biological lead SNP,-190,-195,-185,0,0,0,6,3
Breast,SuSiE,CSs without a shared biological lead SNP,-180,-185,-175,1,0.333333333333333,33.3333333333333,6,3
Breast,SuSiE,CSs without a shared biological lead SNP,-170,-175,-165,0,0,0,6,3
Breast,SuSiE,CSs without a shared biological lead SNP,-160,-165,-155,0,0,0,6,3
Breast,SuSiE,CSs without a shared biological lead SNP,-150,-155,-145,0,0,0,6,3
Breast,SuSiE,CSs without a shared biological lead SNP,-140,-145,-135,0,0,0,6,3
Breast,SuSiE,CSs without a shared biological lead SNP,-130,-135,-125,0,0,0,6,3
Breast,SuSiE,CSs without a shared biological lead SNP,-120,-125,-115,0,0,0,6,3
Breast,SuSiE,CSs without a shared biological lead SNP,-110,-115,-105,0,0,0,6,3
Breast,SuSiE,CSs without a shared biological lead SNP,-100,-105,-95,0,0,0,6,3
Breast,SuSiE,CSs without a shared biological lead SNP,-90,-95,-85,0,0,0,6,3
Breast,SuSiE,CSs without a shared biological lead SNP,-80,-85,-75,0,0,0,6,3
Breast,SuSiE,CSs without a shared biological lead SNP,-70,-75,-65,0,0,0,6,3
Breast,SuSiE,CSs without a shared biological lead SNP,-60,-65,-55,0,0,0,6,3
Breast,SuSiE,CSs without a shared biological lead SNP,-50,-55,-45,0,0,0,6,3
Breast,SuSiE,CSs without a shared biological lead SNP,-40,-45,-35,1,0.333333333333333,33.3333333333333,6,3
Breast,SuSiE,CSs without a shared biological lead SNP,-30,-35,-25,0,0,0,6,3
Breast,SuSiE,CSs without a shared biological lead SNP,-20,-25,-15,0,0,0,6,3
Breast,SuSiE,CSs without a shared biological lead SNP,-10,-15,-5,0,0,0,6,3
Breast,SuSiE,CSs without a shared biological lead SNP,0,-5,5,0,0,0,6,3
Breast,SuSiE,CSs without a shared biological lead SNP,10,5,15,0,0,0,6,3
Breast,SuSiE,CSs without a shared biological lead SNP,20,15,25,0,0,0,6,3
Breast,SuSiE,CSs without a shared biological lead SNP,30,25,35,0,0,0,6,3
Breast,SuSiE,CSs without a shared biological lead SNP,40,35,45,0,0,0,6,3
Breast,SuSiE,CSs without a shared biological lead SNP,50,45,55,0,0,0,6,3
Breast,SuSiE,CSs without a shared biological lead SNP,60,55,65,0,0,0,6,3
Breast,SuSiE,CSs without a shared biological lead SNP,70,65,75,0,0,0,6,3
Breast,SuSiE,CSs without a shared biological lead SNP,80,75,85,0,0,0,6,3
Breast,SuSiE,CSs without a shared biological lead SNP,90,85,95,0,0,0,6,3
Breast,SuSiE,CSs without a shared biological lead SNP,100,95,105,0,0,0,6,3
Breast,SuSiE,CSs without a shared biological lead SNP,110,105,115,0,0,0,6,3
Breast,SuSiE,CSs without a shared biological lead SNP,120,115,125,0,0,0,6,3
Breast,SuSiE,CSs without a shared biological lead SNP,130,125,135,0,0,0,6,3
Breast,SuSiE,CSs without a shared biological lead SNP,140,135,145,0,0,0,6,3
Breast,SuSiE,CSs without a shared biological lead SNP,150,145,155,1,0.333333333333333,33.3333333333333,6,3
Breast,SuSiE,CSs without a shared biological lead SNP,160,155,165,0,0,0,6,3
Breast,SuSiE,CSs without a shared biological lead SNP,170,165,175,0,0,0,6,3
Breast,SuSiE,CSs without a shared biological lead SNP,180,175,185,0,0,0,6,3
Breast,SuSiE,CSs without a shared biological lead SNP,190,185,195,0,0,0,6,3
Breast,SuSiE,CSs without a shared biological lead SNP,200,195,205,0,0,0,6,3
Breast,Weighted SuSiE-mix,CSs without a shared biological lead SNP,-200,-205,-195,0,0,0,1,1
Breast,Weighted SuSiE-mix,CSs without a shared biological lead SNP,-190,-195,-185,0,0,0,1,1
Breast,Weighted SuSiE-mix,CSs without a shared biological lead SNP,-180,-185,-175,0,0,0,1,1
Breast,Weighted SuSiE-mix,CSs without a shared biological lead SNP,-170,-175,-165,0,0,0,1,1
Breast,Weighted SuSiE-mix,CSs without a shared biological lead SNP,-160,-165,-155,0,0,0,1,1
Breast,Weighted SuSiE-mix,CSs without a shared biological lead SNP,-150,-155,-145,0,0,0,1,1
Breast,Weighted SuSiE-mix,CSs without a shared biological lead SNP,-140,-145,-135,0,0,0,1,1
Breast,Weighted SuSiE-mix,CSs without a shared biological lead SNP,-130,-135,-125,0,0,0,1,1
Breast,Weighted SuSiE-mix,CSs without a shared biological lead SNP,-120,-125,-115,0,0,0,1,1
Breast,Weighted SuSiE-mix,CSs without a shared biological lead SNP,-110,-115,-105,1,1,100,1,1
Breast,Weighted SuSiE-mix,CSs without a shared biological lead SNP,-100,-105,-95,0,0,0,1,1
Breast,Weighted SuSiE-mix,CSs without a shared biological lead SNP,-90,-95,-85,0,0,0,1,1
Breast,Weighted SuSiE-mix,CSs without a shared biological lead SNP,-80,-85,-75,0,0,0,1,1
Breast,Weighted SuSiE-mix,CSs without a shared biological lead SNP,-70,-75,-65,0,0,0,1,1
Breast,Weighted SuSiE-mix,CSs without a shared biological lead SNP,-60,-65,-55,0,0,0,1,1
Breast,Weighted SuSiE-mix,CSs without a shared biological lead SNP,-50,-55,-45,0,0,0,1,1
Breast,Weighted SuSiE-mix,CSs without a shared biological lead SNP,-40,-45,-35,0,0,0,1,1
Breast,Weighted SuSiE-mix,CSs without a shared biological lead SNP,-30,-35,-25,0,0,0,1,1
Breast,Weighted SuSiE-mix,CSs without a shared biological lead SNP,-20,-25,-15,0,0,0,1,1
Breast,Weighted SuSiE-mix,CSs without a shared biological lead SNP,-10,-15,-5,0,0,0,1,1
Breast,Weighted SuSiE-mix,CSs without a shared biological lead SNP,0,-5,5,0,0,0,1,1
Breast,Weighted SuSiE-mix,CSs without a shared biological lead SNP,10,5,15,0,0,0,1,1
Breast,Weighted SuSiE-mix,CSs without a shared biological lead SNP,20,15,25,0,0,0,1,1
Breast,Weighted SuSiE-mix,CSs without a shared biological lead SNP,30,25,35,0,0,0,1,1
Breast,Weighted SuSiE-mix,CSs without a shared biological lead SNP,40,35,45,0,0,0,1,1
Breast,Weighted SuSiE-mix,CSs without a shared biological lead SNP,50,45,55,0,0,0,1,1
Breast,Weighted SuSiE-mix,CSs without a shared biological lead SNP,60,55,65,0,0,0,1,1
Breast,Weighted SuSiE-mix,CSs without a shared biological lead SNP,70,65,75,0,0,0,1,1
Breast,Weighted SuSiE-mix,CSs without a shared biological lead SNP,80,75,85,0,0,0,1,1
Breast,Weighted SuSiE-mix,CSs without a shared biological lead SNP,90,85,95,0,0,0,1,1
Breast,Weighted SuSiE-mix,CSs without a shared biological lead SNP,100,95,105,0,0,0,1,1
Breast,Weighted SuSiE-mix,CSs without a shared biological lead SNP,110,105,115,0,0,0,1,1
Breast,Weighted SuSiE-mix,CSs without a shared biological lead SNP,120,115,125,0,0,0,1,1
Breast,Weighted SuSiE-mix,CSs without a shared biological lead SNP,130,125,135,0,0,0,1,1
Breast,Weighted SuSiE-mix,CSs without a shared biological lead SNP,140,135,145,0,0,0,1,1
Breast,Weighted SuSiE-mix,CSs without a shared biological lead SNP,150,145,155,0,0,0,1,1
Breast,Weighted SuSiE-mix,CSs without a shared biological lead SNP,160,155,165,0,0,0,1,1
Breast,Weighted SuSiE-mix,CSs without a shared biological lead SNP,170,165,175,0,0,0,1,1
Breast,Weighted SuSiE-mix,CSs without a shared biological lead SNP,180,175,185,0,0,0,1,1
Breast,Weighted SuSiE-mix,CSs without a shared biological lead SNP,190,185,195,0,0,0,1,1
Breast,Weighted SuSiE-mix,CSs without a shared biological lead SNP,200,195,205,0,0,0,1,1
Colon,SuSiE,CSs without a shared biological lead SNP,-200,-205,-195,0,0,0,23,18
Colon,SuSiE,CSs without a shared biological lead SNP,-190,-195,-185,0,0,0,23,18
Colon,SuSiE,CSs without a shared biological lead SNP,-180,-185,-175,0,0,0,23,18
Colon,SuSiE,CSs without a shared biological lead SNP,-170,-175,-165,0,0,0,23,18
Colon,SuSiE,CSs without a shared biological lead SNP,-160,-165,-155,1,0.0555555555555556,5.55555555555556,23,18
Colon,SuSiE,CSs without a shared biological lead SNP,-150,-155,-145,0,0,0,23,18
Colon,SuSiE,CSs without a shared biological lead SNP,-140,-145,-135,1,0.0555555555555556,5.55555555555556,23,18
Colon,SuSiE,CSs without a shared biological lead SNP,-130,-135,-125,0,0,0,23,18
Colon,SuSiE,CSs without a shared biological lead SNP,-120,-125,-115,1,0.0555555555555556,5.55555555555556,23,18
Colon,SuSiE,CSs without a shared biological lead SNP,-110,-115,-105,1,0.0555555555555556,5.55555555555556,23,18
Colon,SuSiE,CSs without a shared biological lead SNP,-100,-105,-95,0,0,0,23,18
Colon,SuSiE,CSs without a shared biological lead SNP,-90,-95,-85,0,0,0,23,18
Colon,SuSiE,CSs without a shared biological lead SNP,-80,-85,-75,0,0,0,23,18
Colon,SuSiE,CSs without a shared biological lead SNP,-70,-75,-65,0,0,0,23,18
Colon,SuSiE,CSs without a shared biological lead SNP,-60,-65,-55,0,0,0,23,18
Colon,SuSiE,CSs without a shared biological lead SNP,-50,-55,-45,1,0.0555555555555556,5.55555555555556,23,18
Colon,SuSiE,CSs without a shared biological lead SNP,-40,-45,-35,0,0,0,23,18
Colon,SuSiE,CSs without a shared biological lead SNP,-30,-35,-25,0,0,0,23,18
Colon,SuSiE,CSs without a shared biological lead SNP,-20,-25,-15,0,0,0,23,18
Colon,SuSiE,CSs without a shared biological lead SNP,-10,-15,-5,2,0.111111111111111,11.1111111111111,23,18
Colon,SuSiE,CSs without a shared biological lead SNP,0,-5,5,2,0.111111111111111,11.1111111111111,23,18
Colon,SuSiE,CSs without a shared biological lead SNP,10,5,15,0,0,0,23,18
Colon,SuSiE,CSs without a shared biological lead SNP,20,15,25,1,0.0555555555555556,5.55555555555556,23,18
Colon,SuSiE,CSs without a shared biological lead SNP,30,25,35,2,0.111111111111111,11.1111111111111,23,18
Colon,SuSiE,CSs without a shared biological lead SNP,40,35,45,1,0.0555555555555556,5.55555555555556,23,18
Colon,SuSiE,CSs without a shared biological lead SNP,50,45,55,0,0,0,23,18
Colon,SuSiE,CSs without a shared biological lead SNP,60,55,65,2,0.111111111111111,11.1111111111111,23,18
Colon,SuSiE,CSs without a shared biological lead SNP,70,65,75,0,0,0,23,18
Colon,SuSiE,CSs without a shared biological lead SNP,80,75,85,0,0,0,23,18
Colon,SuSiE,CSs without a shared biological lead SNP,90,85,95,1,0.0555555555555556,5.55555555555556,23,18
Colon,SuSiE,CSs without a shared biological lead SNP,100,95,105,0,0,0,23,18
Colon,SuSiE,CSs without a shared biological lead SNP,110,105,115,0,0,0,23,18
Colon,SuSiE,CSs without a shared biological lead SNP,120,115,125,0,0,0,23,18
Colon,SuSiE,CSs without a shared biological lead SNP,130,125,135,0,0,0,23,18
Colon,SuSiE,CSs without a shared biological lead SNP,140,135,145,1,0.0555555555555556,5.55555555555556,23,18
Colon,SuSiE,CSs without a shared biological lead SNP,150,145,155,1,0.0555555555555556,5.55555555555556,23,18
Colon,SuSiE,CSs without a shared biological lead SNP,160,155,165,0,0,0,23,18
Colon,SuSiE,CSs without a shared biological lead SNP,170,165,175,0,0,0,23,18
Colon,SuSiE,CSs without a shared biological lead SNP,180,175,185,0,0,0,23,18
Colon,SuSiE,CSs without a shared biological lead SNP,190,185,195,0,0,0,23,18
Colon,SuSiE,CSs without a shared biological lead SNP,200,195,205,0,0,0,23,18
Colon,Weighted SuSiE-mix,CSs without a shared biological lead SNP,-200,-205,-195,0,0,0,17,14
Colon,Weighted SuSiE-mix,CSs without a shared biological lead SNP,-190,-195,-185,0,0,0,17,14
Colon,Weighted SuSiE-mix,CSs without a shared biological lead SNP,-180,-185,-175,1,0.0714285714285714,7.14285714285714,17,14
Colon,Weighted SuSiE-mix,CSs without a shared biological lead SNP,-170,-175,-165,0,0,0,17,14
Colon,Weighted SuSiE-mix,CSs without a shared biological lead SNP,-160,-165,-155,1,0.0714285714285714,7.14285714285714,17,14
Colon,Weighted SuSiE-mix,CSs without a shared biological lead SNP,-150,-155,-145,0,0,0,17,14
Colon,Weighted SuSiE-mix,CSs without a shared biological lead SNP,-140,-145,-135,0,0,0,17,14
Colon,Weighted SuSiE-mix,CSs without a shared biological lead SNP,-130,-135,-125,0,0,0,17,14
Colon,Weighted SuSiE-mix,CSs without a shared biological lead SNP,-120,-125,-115,0,0,0,17,14
Colon,Weighted SuSiE-mix,CSs without a shared biological lead SNP,-110,-115,-105,1,0.0714285714285714,7.14285714285714,17,14
Colon,Weighted SuSiE-mix,CSs without a shared biological lead SNP,-100,-105,-95,0,0,0,17,14
Colon,Weighted SuSiE-mix,CSs without a shared biological lead SNP,-90,-95,-85,1,0.0714285714285714,7.14285714285714,17,14
Colon,Weighted SuSiE-mix,CSs without a shared biological lead SNP,-80,-85,-75,0,0,0,17,14
Colon,Weighted SuSiE-mix,CSs without a shared biological lead SNP,-70,-75,-65,0,0,0,17,14
Colon,Weighted SuSiE-mix,CSs without a shared biological lead SNP,-60,-65,-55,1,0.0714285714285714,7.14285714285714,17,14
Colon,Weighted SuSiE-mix,CSs without a shared biological lead SNP,-50,-55,-45,0,0,0,17,14
Colon,Weighted SuSiE-mix,CSs without a shared biological lead SNP,-40,-45,-35,0,0,0,17,14
Colon,Weighted SuSiE-mix,CSs without a shared biological lead SNP,-30,-35,-25,1,0.0714285714285714,7.14285714285714,17,14
Colon,Weighted SuSiE-mix,CSs without a shared biological lead SNP,-20,-25,-15,0,0,0,17,14
Colon,Weighted SuSiE-mix,CSs without a shared biological lead SNP,-10,-15,-5,2,0.142857142857143,14.2857142857143,17,14
Colon,Weighted SuSiE-mix,CSs without a shared biological lead SNP,0,-5,5,2,0.142857142857143,14.2857142857143,17,14
Colon,Weighted SuSiE-mix,CSs without a shared biological lead SNP,10,5,15,0,0,0,17,14
Colon,Weighted SuSiE-mix,CSs without a shared biological lead SNP,20,15,25,1,0.0714285714285714,7.14285714285714,17,14
Colon,Weighted SuSiE-mix,CSs without a shared biological lead SNP,30,25,35,0,0,0,17,14
Colon,Weighted SuSiE-mix,CSs without a shared biological lead SNP,40,35,45,0,0,0,17,14
Colon,Weighted SuSiE-mix,CSs without a shared biological lead SNP,50,45,55,0,0,0,17,14
Colon,Weighted SuSiE-mix,CSs without a shared biological lead SNP,60,55,65,2,0.142857142857143,14.2857142857143,17,14
Colon,Weighted SuSiE-mix,CSs without a shared biological lead SNP,70,65,75,1,0.0714285714285714,7.14285714285714,17,14
Colon,Weighted SuSiE-mix,CSs without a shared biological lead SNP,80,75,85,0,0,0,17,14
Colon,Weighted SuSiE-mix,CSs without a shared biological lead SNP,90,85,95,0,0,0,17,14
Colon,Weighted SuSiE-mix,CSs without a shared biological lead SNP,100,95,105,0,0,0,17,14
Colon,Weighted SuSiE-mix,CSs without a shared biological lead SNP,110,105,115,0,0,0,17,14
Colon,Weighted SuSiE-mix,CSs without a shared biological lead SNP,120,115,125,0,0,0,17,14
Colon,Weighted SuSiE-mix,CSs without a shared biological lead SNP,130,125,135,0,0,0,17,14
Colon,Weighted SuSiE-mix,CSs without a shared biological lead SNP,140,135,145,0,0,0,17,14
Colon,Weighted SuSiE-mix,CSs without a shared biological lead SNP,150,145,155,0,0,0,17,14
Colon,Weighted SuSiE-mix,CSs without a shared biological lead SNP,160,155,165,0,0,0,17,14
Colon,Weighted SuSiE-mix,CSs without a shared biological lead SNP,170,165,175,0,0,0,17,14
Colon,Weighted SuSiE-mix,CSs without a shared biological lead SNP,180,175,185,0,0,0,17,14
Colon,Weighted SuSiE-mix,CSs without a shared biological lead SNP,190,185,195,0,0,0,17,14
Colon,Weighted SuSiE-mix,CSs without a shared biological lead SNP,200,195,205,0,0,0,17,14
Esophagus,SuSiE,CSs without a shared biological lead SNP,-200,-205,-195,0,0,0,16,13
Esophagus,SuSiE,CSs without a shared biological lead SNP,-190,-195,-185,0,0,0,16,13
Esophagus,SuSiE,CSs without a shared biological lead SNP,-180,-185,-175,0,0,0,16,13
Esophagus,SuSiE,CSs without a shared biological lead SNP,-170,-175,-165,0,0,0,16,13
Esophagus,SuSiE,CSs without a shared biological lead SNP,-160,-165,-155,0,0,0,16,13
Esophagus,SuSiE,CSs without a shared biological lead SNP,-150,-155,-145,1,0.0769230769230769,7.69230769230769,16,13
Esophagus,SuSiE,CSs without a shared biological lead SNP,-140,-145,-135,0,0,0,16,13
Esophagus,SuSiE,CSs without a shared biological lead SNP,-130,-135,-125,0,0,0,16,13
Esophagus,SuSiE,CSs without a shared biological lead SNP,-120,-125,-115,0,0,0,16,13
Esophagus,SuSiE,CSs without a shared biological lead SNP,-110,-115,-105,0,0,0,16,13
Esophagus,SuSiE,CSs without a shared biological lead SNP,-100,-105,-95,0,0,0,16,13
Esophagus,SuSiE,CSs without a shared biological lead SNP,-90,-95,-85,0,0,0,16,13
Esophagus,SuSiE,CSs without a shared biological lead SNP,-80,-85,-75,0,0,0,16,13
Esophagus,SuSiE,CSs without a shared biological lead SNP,-70,-75,-65,1,0.0769230769230769,7.69230769230769,16,13
Esophagus,SuSiE,CSs without a shared biological lead SNP,-60,-65,-55,0,0,0,16,13
Esophagus,SuSiE,CSs without a shared biological lead SNP,-50,-55,-45,0,0,0,16,13
Esophagus,SuSiE,CSs without a shared biological lead SNP,-40,-45,-35,0,0,0,16,13
Esophagus,SuSiE,CSs without a shared biological lead SNP,-30,-35,-25,1,0.0769230769230769,7.69230769230769,16,13
Esophagus,SuSiE,CSs without a shared biological lead SNP,-20,-25,-15,3,0.230769230769231,23.0769230769231,16,13
Esophagus,SuSiE,CSs without a shared biological lead SNP,-10,-15,-5,1,0.0769230769230769,7.69230769230769,16,13
Esophagus,SuSiE,CSs without a shared biological lead SNP,0,-5,5,2,0.153846153846154,15.3846153846154,16,13
Esophagus,SuSiE,CSs without a shared biological lead SNP,10,5,15,0,0,0,16,13
Esophagus,SuSiE,CSs without a shared biological lead SNP,20,15,25,1,0.0769230769230769,7.69230769230769,16,13
Esophagus,SuSiE,CSs without a shared biological lead SNP,30,25,35,0,0,0,16,13
Esophagus,SuSiE,CSs without a shared biological lead SNP,40,35,45,0,0,0,16,13
Esophagus,SuSiE,CSs without a shared biological lead SNP,50,45,55,0,0,0,16,13
Esophagus,SuSiE,CSs without a shared biological lead SNP,60,55,65,0,0,0,16,13
Esophagus,SuSiE,CSs without a shared biological lead SNP,70,65,75,2,0.153846153846154,15.3846153846154,16,13
Esophagus,SuSiE,CSs without a shared biological lead SNP,80,75,85,1,0.0769230769230769,7.69230769230769,16,13
Esophagus,SuSiE,CSs without a shared biological lead SNP,90,85,95,0,0,0,16,13
Esophagus,SuSiE,CSs without a shared biological lead SNP,100,95,105,0,0,0,16,13
Esophagus,SuSiE,CSs without a shared biological lead SNP,110,105,115,0,0,0,16,13
Esophagus,SuSiE,CSs without a shared biological lead SNP,120,115,125,0,0,0,16,13
Esophagus,SuSiE,CSs without a shared biological lead SNP,130,125,135,0,0,0,16,13
Esophagus,SuSiE,CSs without a shared biological lead SNP,140,135,145,0,0,0,16,13
Esophagus,SuSiE,CSs without a shared biological lead SNP,150,145,155,0,0,0,16,13
Esophagus,SuSiE,CSs without a shared biological lead SNP,160,155,165,0,0,0,16,13
Esophagus,SuSiE,CSs without a shared biological lead SNP,170,165,175,0,0,0,16,13
Esophagus,SuSiE,CSs without a shared biological lead SNP,180,175,185,0,0,0,16,13
Esophagus,SuSiE,CSs without a shared biological lead SNP,190,185,195,0,0,0,16,13
Esophagus,SuSiE,CSs without a shared biological lead SNP,200,195,205,0,0,0,16,13
Esophagus,Weighted SuSiE-mix,CSs without a shared biological lead SNP,-200,-205,-195,0,0,0,8,8
Esophagus,Weighted SuSiE-mix,CSs without a shared biological lead SNP,-190,-195,-185,0,0,0,8,8
Esophagus,Weighted SuSiE-mix,CSs without a shared biological lead SNP,-180,-185,-175,0,0,0,8,8
Esophagus,Weighted SuSiE-mix,CSs without a shared biological lead SNP,-170,-175,-165,0,0,0,8,8
Esophagus,Weighted SuSiE-mix,CSs without a shared biological lead SNP,-160,-165,-155,0,0,0,8,8
Esophagus,Weighted SuSiE-mix,CSs without a shared biological lead SNP,-150,-155,-145,0,0,0,8,8
Esophagus,Weighted SuSiE-mix,CSs without a shared biological lead SNP,-140,-145,-135,0,0,0,8,8
Esophagus,Weighted SuSiE-mix,CSs without a shared biological lead SNP,-130,-135,-125,0,0,0,8,8
Esophagus,Weighted SuSiE-mix,CSs without a shared biological lead SNP,-120,-125,-115,0,0,0,8,8
Esophagus,Weighted SuSiE-mix,CSs without a shared biological lead SNP,-110,-115,-105,0,0,0,8,8
Esophagus,Weighted SuSiE-mix,CSs without a shared biological lead SNP,-100,-105,-95,0,0,0,8,8
Esophagus,Weighted SuSiE-mix,CSs without a shared biological lead SNP,-90,-95,-85,0,0,0,8,8
Esophagus,Weighted SuSiE-mix,CSs without a shared biological lead SNP,-80,-85,-75,0,0,0,8,8
Esophagus,Weighted SuSiE-mix,CSs without a shared biological lead SNP,-70,-75,-65,0,0,0,8,8
Esophagus,Weighted SuSiE-mix,CSs without a shared biological lead SNP,-60,-65,-55,0,0,0,8,8
Esophagus,Weighted SuSiE-mix,CSs without a shared biological lead SNP,-50,-55,-45,0,0,0,8,8
Esophagus,Weighted SuSiE-mix,CSs without a shared biological lead SNP,-40,-45,-35,0,0,0,8,8
Esophagus,Weighted SuSiE-mix,CSs without a shared biological lead SNP,-30,-35,-25,1,0.125,12.5,8,8
Esophagus,Weighted SuSiE-mix,CSs without a shared biological lead SNP,-20,-25,-15,0,0,0,8,8
Esophagus,Weighted SuSiE-mix,CSs without a shared biological lead SNP,-10,-15,-5,1,0.125,12.5,8,8
Esophagus,Weighted SuSiE-mix,CSs without a shared biological lead SNP,0,-5,5,4,0.5,50,8,8
Esophagus,Weighted SuSiE-mix,CSs without a shared biological lead SNP,10,5,15,0,0,0,8,8
Esophagus,Weighted SuSiE-mix,CSs without a shared biological lead SNP,20,15,25,0,0,0,8,8
Esophagus,Weighted SuSiE-mix,CSs without a shared biological lead SNP,30,25,35,0,0,0,8,8
Esophagus,Weighted SuSiE-mix,CSs without a shared biological lead SNP,40,35,45,0,0,0,8,8
Esophagus,Weighted SuSiE-mix,CSs without a shared biological lead SNP,50,45,55,0,0,0,8,8
Esophagus,Weighted SuSiE-mix,CSs without a shared biological lead SNP,60,55,65,0,0,0,8,8
Esophagus,Weighted SuSiE-mix,CSs without a shared biological lead SNP,70,65,75,2,0.25,25,8,8
Esophagus,Weighted SuSiE-mix,CSs without a shared biological lead SNP,80,75,85,0,0,0,8,8
Esophagus,Weighted SuSiE-mix,CSs without a shared biological lead SNP,90,85,95,0,0,0,8,8
Esophagus,Weighted SuSiE-mix,CSs without a shared biological lead SNP,100,95,105,0,0,0,8,8
Esophagus,Weighted SuSiE-mix,CSs without a shared biological lead SNP,110,105,115,0,0,0,8,8
Esophagus,Weighted SuSiE-mix,CSs without a shared biological lead SNP,120,115,125,0,0,0,8,8
Esophagus,Weighted SuSiE-mix,CSs without a shared biological lead SNP,130,125,135,0,0,0,8,8
Esophagus,Weighted SuSiE-mix,CSs without a shared biological lead SNP,140,135,145,0,0,0,8,8
Esophagus,Weighted SuSiE-mix,CSs without a shared biological lead SNP,150,145,155,0,0,0,8,8
Esophagus,Weighted SuSiE-mix,CSs without a shared biological lead SNP,160,155,165,0,0,0,8,8
Esophagus,Weighted SuSiE-mix,CSs without a shared biological lead SNP,170,165,175,0,0,0,8,8
Esophagus,Weighted SuSiE-mix,CSs without a shared biological lead SNP,180,175,185,0,0,0,8,8
Esophagus,Weighted SuSiE-mix,CSs without a shared biological lead SNP,190,185,195,0,0,0,8,8
Esophagus,Weighted SuSiE-mix,CSs without a shared biological lead SNP,200,195,205,0,0,0,8,8
Heart,SuSiE,CSs without a shared biological lead SNP,-200,-205,-195,0,0,0,16,15
Heart,SuSiE,CSs without a shared biological lead SNP,-190,-195,-185,0,0,0,16,15
Heart,SuSiE,CSs without a shared biological lead SNP,-180,-185,-175,0,0,0,16,15
Heart,SuSiE,CSs without a shared biological lead SNP,-170,-175,-165,0,0,0,16,15
Heart,SuSiE,CSs without a shared biological lead SNP,-160,-165,-155,0,0,0,16,15
Heart,SuSiE,CSs without a shared biological lead SNP,-150,-155,-145,0,0,0,16,15
Heart,SuSiE,CSs without a shared biological lead SNP,-140,-145,-135,1,0.0666666666666667,6.66666666666667,16,15
Heart,SuSiE,CSs without a shared biological lead SNP,-130,-135,-125,0,0,0,16,15
Heart,SuSiE,CSs without a shared biological lead SNP,-120,-125,-115,0,0,0,16,15
Heart,SuSiE,CSs without a shared biological lead SNP,-110,-115,-105,0,0,0,16,15
Heart,SuSiE,CSs without a shared biological lead SNP,-100,-105,-95,0,0,0,16,15
Heart,SuSiE,CSs without a shared biological lead SNP,-90,-95,-85,0,0,0,16,15
Heart,SuSiE,CSs without a shared biological lead SNP,-80,-85,-75,0,0,0,16,15
Heart,SuSiE,CSs without a shared biological lead SNP,-70,-75,-65,1,0.0666666666666667,6.66666666666667,16,15
Heart,SuSiE,CSs without a shared biological lead SNP,-60,-65,-55,0,0,0,16,15
Heart,SuSiE,CSs without a shared biological lead SNP,-50,-55,-45,0,0,0,16,15
Heart,SuSiE,CSs without a shared biological lead SNP,-40,-45,-35,0,0,0,16,15
Heart,SuSiE,CSs without a shared biological lead SNP,-30,-35,-25,0,0,0,16,15
Heart,SuSiE,CSs without a shared biological lead SNP,-20,-25,-15,2,0.133333333333333,13.3333333333333,16,15
Heart,SuSiE,CSs without a shared biological lead SNP,-10,-15,-5,1,0.0666666666666667,6.66666666666667,16,15
Heart,SuSiE,CSs without a shared biological lead SNP,0,-5,5,4,0.266666666666667,26.6666666666667,16,15
Heart,SuSiE,CSs without a shared biological lead SNP,10,5,15,3,0.2,20,16,15
Heart,SuSiE,CSs without a shared biological lead SNP,20,15,25,0,0,0,16,15
Heart,SuSiE,CSs without a shared biological lead SNP,30,25,35,0,0,0,16,15
Heart,SuSiE,CSs without a shared biological lead SNP,40,35,45,2,0.133333333333333,13.3333333333333,16,15
Heart,SuSiE,CSs without a shared biological lead SNP,50,45,55,0,0,0,16,15
Heart,SuSiE,CSs without a shared biological lead SNP,60,55,65,0,0,0,16,15
Heart,SuSiE,CSs without a shared biological lead SNP,70,65,75,0,0,0,16,15
Heart,SuSiE,CSs without a shared biological lead SNP,80,75,85,0,0,0,16,15
Heart,SuSiE,CSs without a shared biological lead SNP,90,85,95,0,0,0,16,15
Heart,SuSiE,CSs without a shared biological lead SNP,100,95,105,1,0.0666666666666667,6.66666666666667,16,15
Heart,SuSiE,CSs without a shared biological lead SNP,110,105,115,0,0,0,16,15
Heart,SuSiE,CSs without a shared biological lead SNP,120,115,125,0,0,0,16,15
Heart,SuSiE,CSs without a shared biological lead SNP,130,125,135,0,0,0,16,15
Heart,SuSiE,CSs without a shared biological lead SNP,140,135,145,0,0,0,16,15
Heart,SuSiE,CSs without a shared biological lead SNP,150,145,155,0,0,0,16,15
Heart,SuSiE,CSs without a shared biological lead SNP,160,155,165,0,0,0,16,15
Heart,SuSiE,CSs without a shared biological lead SNP,170,165,175,0,0,0,16,15
Heart,SuSiE,CSs without a shared biological lead SNP,180,175,185,0,0,0,16,15
Heart,SuSiE,CSs without a shared biological lead SNP,190,185,195,0,0,0,16,15
Heart,SuSiE,CSs without a shared biological lead SNP,200,195,205,0,0,0,16,15
Heart,Weighted SuSiE-mix,CSs without a shared biological lead SNP,-200,-205,-195,0,0,0,7,7
Heart,Weighted SuSiE-mix,CSs without a shared biological lead SNP,-190,-195,-185,0,0,0,7,7
Heart,Weighted SuSiE-mix,CSs without a shared biological lead SNP,-180,-185,-175,0,0,0,7,7
Heart,Weighted SuSiE-mix,CSs without a shared biological lead SNP,-170,-175,-165,0,0,0,7,7
Heart,Weighted SuSiE-mix,CSs without a shared biological lead SNP,-160,-165,-155,0,0,0,7,7
Heart,Weighted SuSiE-mix,CSs without a shared biological lead SNP,-150,-155,-145,0,0,0,7,7
Heart,Weighted SuSiE-mix,CSs without a shared biological lead SNP,-140,-145,-135,0,0,0,7,7
Heart,Weighted SuSiE-mix,CSs without a shared biological lead SNP,-130,-135,-125,0,0,0,7,7
Heart,Weighted SuSiE-mix,CSs without a shared biological lead SNP,-120,-125,-115,1,0.142857142857143,14.2857142857143,7,7
Heart,Weighted SuSiE-mix,CSs without a shared biological lead SNP,-110,-115,-105,0,0,0,7,7
Heart,Weighted SuSiE-mix,CSs without a shared biological lead SNP,-100,-105,-95,0,0,0,7,7
Heart,Weighted SuSiE-mix,CSs without a shared biological lead SNP,-90,-95,-85,0,0,0,7,7
Heart,Weighted SuSiE-mix,CSs without a shared biological lead SNP,-80,-85,-75,0,0,0,7,7
Heart,Weighted SuSiE-mix,CSs without a shared biological lead SNP,-70,-75,-65,0,0,0,7,7
Heart,Weighted SuSiE-mix,CSs without a shared biological lead SNP,-60,-65,-55,0,0,0,7,7
Heart,Weighted SuSiE-mix,CSs without a shared biological lead SNP,-50,-55,-45,0,0,0,7,7
Heart,Weighted SuSiE-mix,CSs without a shared biological lead SNP,-40,-45,-35,0,0,0,7,7
Heart,Weighted SuSiE-mix,CSs without a shared biological lead SNP,-30,-35,-25,0,0,0,7,7
Heart,Weighted SuSiE-mix,CSs without a shared biological lead SNP,-20,-25,-15,0,0,0,7,7
Heart,Weighted SuSiE-mix,CSs without a shared biological lead SNP,-10,-15,-5,0,0,0,7,7
Heart,Weighted SuSiE-mix,CSs without a shared biological lead SNP,0,-5,5,1,0.142857142857143,14.2857142857143,7,7
Heart,Weighted SuSiE-mix,CSs without a shared biological lead SNP,10,5,15,1,0.142857142857143,14.2857142857143,7,7
Heart,Weighted SuSiE-mix,CSs without a shared biological lead SNP,20,15,25,3,0.428571428571429,42.8571428571429,7,7
Heart,Weighted SuSiE-mix,CSs without a shared biological lead SNP,30,25,35,1,0.142857142857143,14.2857142857143,7,7
Heart,Weighted SuSiE-mix,CSs without a shared biological lead SNP,40,35,45,0,0,0,7,7
Heart,Weighted SuSiE-mix,CSs without a shared biological lead SNP,50,45,55,0,0,0,7,7
Heart,Weighted SuSiE-mix,CSs without a shared biological lead SNP,60,55,65,0,0,0,7,7
Heart,Weighted SuSiE-mix,CSs without a shared biological lead SNP,70,65,75,0,0,0,7,7
Heart,Weighted SuSiE-mix,CSs without a shared biological lead SNP,80,75,85,0,0,0,7,7
Heart,Weighted SuSiE-mix,CSs without a shared biological lead SNP,90,85,95,0,0,0,7,7
Heart,Weighted SuSiE-mix,CSs without a shared biological lead SNP,100,95,105,0,0,0,7,7
Heart,Weighted SuSiE-mix,CSs without a shared biological lead SNP,110,105,115,0,0,0,7,7
Heart,Weighted SuSiE-mix,CSs without a shared biological lead SNP,120,115,125,0,0,0,7,7
Heart,Weighted SuSiE-mix,CSs without a shared biological lead SNP,130,125,135,0,0,0,7,7
Heart,Weighted SuSiE-mix,CSs without a shared biological lead SNP,140,135,145,0,0,0,7,7
Heart,Weighted SuSiE-mix,CSs without a shared biological lead SNP,150,145,155,0,0,0,7,7
Heart,Weighted SuSiE-mix,CSs without a shared biological lead SNP,160,155,165,0,0,0,7,7
Heart,Weighted SuSiE-mix,CSs without a shared biological lead SNP,170,165,175,0,0,0,7,7
Heart,Weighted SuSiE-mix,CSs without a shared biological lead SNP,180,175,185,0,0,0,7,7
Heart,Weighted SuSiE-mix,CSs without a shared biological lead SNP,190,185,195,0,0,0,7,7
Heart,Weighted SuSiE-mix,CSs without a shared biological lead SNP,200,195,205,0,0,0,7,7
Kidney,SuSiE,CSs without a shared biological lead SNP,-200,-205,-195,0,,,0,0
Kidney,SuSiE,CSs without a shared biological lead SNP,-190,-195,-185,0,,,0,0
Kidney,SuSiE,CSs without a shared biological lead SNP,-180,-185,-175,0,,,0,0
Kidney,SuSiE,CSs without a shared biological lead SNP,-170,-175,-165,0,,,0,0
Kidney,SuSiE,CSs without a shared biological lead SNP,-160,-165,-155,0,,,0,0
Kidney,SuSiE,CSs without a shared biological lead SNP,-150,-155,-145,0,,,0,0
Kidney,SuSiE,CSs without a shared biological lead SNP,-140,-145,-135,0,,,0,0
Kidney,SuSiE,CSs without a shared biological lead SNP,-130,-135,-125,0,,,0,0
Kidney,SuSiE,CSs without a shared biological lead SNP,-120,-125,-115,0,,,0,0
Kidney,SuSiE,CSs without a shared biological lead SNP,-110,-115,-105,0,,,0,0
Kidney,SuSiE,CSs without a shared biological lead SNP,-100,-105,-95,0,,,0,0
Kidney,SuSiE,CSs without a shared biological lead SNP,-90,-95,-85,0,,,0,0
Kidney,SuSiE,CSs without a shared biological lead SNP,-80,-85,-75,0,,,0,0
Kidney,SuSiE,CSs without a shared biological lead SNP,-70,-75,-65,0,,,0,0
Kidney,SuSiE,CSs without a shared biological lead SNP,-60,-65,-55,0,,,0,0
Kidney,SuSiE,CSs without a shared biological lead SNP,-50,-55,-45,0,,,0,0
Kidney,SuSiE,CSs without a shared biological lead SNP,-40,-45,-35,0,,,0,0
Kidney,SuSiE,CSs without a shared biological lead SNP,-30,-35,-25,0,,,0,0
Kidney,SuSiE,CSs without a shared biological lead SNP,-20,-25,-15,0,,,0,0
Kidney,SuSiE,CSs without a shared biological lead SNP,-10,-15,-5,0,,,0,0
Kidney,SuSiE,CSs without a shared biological lead SNP,0,-5,5,0,,,0,0
Kidney,SuSiE,CSs without a shared biological lead SNP,10,5,15,0,,,0,0
Kidney,SuSiE,CSs without a shared biological lead SNP,20,15,25,0,,,0,0
Kidney,SuSiE,CSs without a shared biological lead SNP,30,25,35,0,,,0,0
Kidney,SuSiE,CSs without a shared biological lead SNP,40,35,45,0,,,0,0
Kidney,SuSiE,CSs without a shared biological lead SNP,50,45,55,0,,,0,0
Kidney,SuSiE,CSs without a shared biological lead SNP,60,55,65,0,,,0,0
Kidney,SuSiE,CSs without a shared biological lead SNP,70,65,75,0,,,0,0
Kidney,SuSiE,CSs without a shared biological lead SNP,80,75,85,0,,,0,0
Kidney,SuSiE,CSs without a shared biological lead SNP,90,85,95,0,,,0,0
Kidney,SuSiE,CSs without a shared biological lead SNP,100,95,105,0,,,0,0
Kidney,SuSiE,CSs without a shared biological lead SNP,110,105,115,0,,,0,0
Kidney,SuSiE,CSs without a shared biological lead SNP,120,115,125,0,,,0,0
Kidney,SuSiE,CSs without a shared biological lead SNP,130,125,135,0,,,0,0
Kidney,SuSiE,CSs without a shared biological lead SNP,140,135,145,0,,,0,0
Kidney,SuSiE,CSs without a shared biological lead SNP,150,145,155,0,,,0,0
Kidney,SuSiE,CSs without a shared biological lead SNP,160,155,165,0,,,0,0
Kidney,SuSiE,CSs without a shared biological lead SNP,170,165,175,0,,,0,0
Kidney,SuSiE,CSs without a shared biological lead SNP,180,175,185,0,,,0,0
Kidney,SuSiE,CSs without a shared biological lead SNP,190,185,195,0,,,0,0
Kidney,SuSiE,CSs without a shared biological lead SNP,200,195,205,0,,,0,0
Kidney,Weighted SuSiE-mix,CSs without a shared biological lead SNP,-200,-205,-195,0,,,0,0
Kidney,Weighted SuSiE-mix,CSs without a shared biological lead SNP,-190,-195,-185,0,,,0,0
Kidney,Weighted SuSiE-mix,CSs without a shared biological lead SNP,-180,-185,-175,0,,,0,0
Kidney,Weighted SuSiE-mix,CSs without a shared biological lead SNP,-170,-175,-165,0,,,0,0
Kidney,Weighted SuSiE-mix,CSs without a shared biological lead SNP,-160,-165,-155,0,,,0,0
Kidney,Weighted SuSiE-mix,CSs without a shared biological lead SNP,-150,-155,-145,0,,,0,0
Kidney,Weighted SuSiE-mix,CSs without a shared biological lead SNP,-140,-145,-135,0,,,0,0
Kidney,Weighted SuSiE-mix,CSs without a shared biological lead SNP,-130,-135,-125,0,,,0,0
Kidney,Weighted SuSiE-mix,CSs without a shared biological lead SNP,-120,-125,-115,0,,,0,0
Kidney,Weighted SuSiE-mix,CSs without a shared biological lead SNP,-110,-115,-105,0,,,0,0
Kidney,Weighted SuSiE-mix,CSs without a shared biological lead SNP,-100,-105,-95,0,,,0,0
Kidney,Weighted SuSiE-mix,CSs without a shared biological lead SNP,-90,-95,-85,0,,,0,0
Kidney,Weighted SuSiE-mix,CSs without a shared biological lead SNP,-80,-85,-75,0,,,0,0
Kidney,Weighted SuSiE-mix,CSs without a shared biological lead SNP,-70,-75,-65,0,,,0,0
Kidney,Weighted SuSiE-mix,CSs without a shared biological lead SNP,-60,-65,-55,0,,,0,0
Kidney,Weighted SuSiE-mix,CSs without a shared biological lead SNP,-50,-55,-45,0,,,0,0
Kidney,Weighted SuSiE-mix,CSs without a shared biological lead SNP,-40,-45,-35,0,,,0,0
Kidney,Weighted SuSiE-mix,CSs without a shared biological lead SNP,-30,-35,-25,0,,,0,0
Kidney,Weighted SuSiE-mix,CSs without a shared biological lead SNP,-20,-25,-15,0,,,0,0
Kidney,Weighted SuSiE-mix,CSs without a shared biological lead SNP,-10,-15,-5,0,,,0,0
Kidney,Weighted SuSiE-mix,CSs without a shared biological lead SNP,0,-5,5,0,,,0,0
Kidney,Weighted SuSiE-mix,CSs without a shared biological lead SNP,10,5,15,0,,,0,0
Kidney,Weighted SuSiE-mix,CSs without a shared biological lead SNP,20,15,25,0,,,0,0
Kidney,Weighted SuSiE-mix,CSs without a shared biological lead SNP,30,25,35,0,,,0,0
Kidney,Weighted SuSiE-mix,CSs without a shared biological lead SNP,40,35,45,0,,,0,0
Kidney,Weighted SuSiE-mix,CSs without a shared biological lead SNP,50,45,55,0,,,0,0
Kidney,Weighted SuSiE-mix,CSs without a shared biological lead SNP,60,55,65,0,,,0,0
Kidney,Weighted SuSiE-mix,CSs without a shared biological lead SNP,70,65,75,0,,,0,0
Kidney,Weighted SuSiE-mix,CSs without a shared biological lead SNP,80,75,85,0,,,0,0
Kidney,Weighted SuSiE-mix,CSs without a shared biological lead SNP,90,85,95,0,,,0,0
Kidney,Weighted SuSiE-mix,CSs without a shared biological lead SNP,100,95,105,0,,,0,0
Kidney,Weighted SuSiE-mix,CSs without a shared biological lead SNP,110,105,115,0,,,0,0
Kidney,Weighted SuSiE-mix,CSs without a shared biological lead SNP,120,115,125,0,,,0,0
Kidney,Weighted SuSiE-mix,CSs without a shared biological lead SNP,130,125,135,0,,,0,0
Kidney,Weighted SuSiE-mix,CSs without a shared biological lead SNP,140,135,145,0,,,0,0
Kidney,Weighted SuSiE-mix,CSs without a shared biological lead SNP,150,145,155,0,,,0,0
Kidney,Weighted SuSiE-mix,CSs without a shared biological lead SNP,160,155,165,0,,,0,0
Kidney,Weighted SuSiE-mix,CSs without a shared biological lead SNP,170,165,175,0,,,0,0
Kidney,Weighted SuSiE-mix,CSs without a shared biological lead SNP,180,175,185,0,,,0,0
Kidney,Weighted SuSiE-mix,CSs without a shared biological lead SNP,190,185,195,0,,,0,0
Kidney,Weighted SuSiE-mix,CSs without a shared biological lead SNP,200,195,205,0,,,0,0
Liver,SuSiE,CSs without a shared biological lead SNP,-200,-205,-195,0,0,0,7,7
Liver,SuSiE,CSs without a shared biological lead SNP,-190,-195,-185,0,0,0,7,7
Liver,SuSiE,CSs without a shared biological lead SNP,-180,-185,-175,0,0,0,7,7
Liver,SuSiE,CSs without a shared biological lead SNP,-170,-175,-165,0,0,0,7,7
Liver,SuSiE,CSs without a shared biological lead SNP,-160,-165,-155,0,0,0,7,7
Liver,SuSiE,CSs without a shared biological lead SNP,-150,-155,-145,0,0,0,7,7
Liver,SuSiE,CSs without a shared biological lead SNP,-140,-145,-135,0,0,0,7,7
Liver,SuSiE,CSs without a shared biological lead SNP,-130,-135,-125,0,0,0,7,7
Liver,SuSiE,CSs without a shared biological lead SNP,-120,-125,-115,0,0,0,7,7
Liver,SuSiE,CSs without a shared biological lead SNP,-110,-115,-105,0,0,0,7,7
Liver,SuSiE,CSs without a shared biological lead SNP,-100,-105,-95,0,0,0,7,7
Liver,SuSiE,CSs without a shared biological lead SNP,-90,-95,-85,0,0,0,7,7
Liver,SuSiE,CSs without a shared biological lead SNP,-80,-85,-75,0,0,0,7,7
Liver,SuSiE,CSs without a shared biological lead SNP,-70,-75,-65,0,0,0,7,7
Liver,SuSiE,CSs without a shared biological lead SNP,-60,-65,-55,0,0,0,7,7
Liver,SuSiE,CSs without a shared biological lead SNP,-50,-55,-45,0,0,0,7,7
Liver,SuSiE,CSs without a shared biological lead SNP,-40,-45,-35,0,0,0,7,7
Liver,SuSiE,CSs without a shared biological lead SNP,-30,-35,-25,0,0,0,7,7
Liver,SuSiE,CSs without a shared biological lead SNP,-20,-25,-15,0,0,0,7,7
Liver,SuSiE,CSs without a shared biological lead SNP,-10,-15,-5,0,0,0,7,7
Liver,SuSiE,CSs without a shared biological lead SNP,0,-5,5,2,0.285714285714286,28.5714285714286,7,7
Liver,SuSiE,CSs without a shared biological lead SNP,10,5,15,2,0.285714285714286,28.5714285714286,7,7
Liver,SuSiE,CSs without a shared biological lead SNP,20,15,25,1,0.142857142857143,14.2857142857143,7,7
Liver,SuSiE,CSs without a shared biological lead SNP,30,25,35,0,0,0,7,7
Liver,SuSiE,CSs without a shared biological lead SNP,40,35,45,0,0,0,7,7
Liver,SuSiE,CSs without a shared biological lead SNP,50,45,55,2,0.285714285714286,28.5714285714286,7,7
Liver,SuSiE,CSs without a shared biological lead SNP,60,55,65,0,0,0,7,7
Liver,SuSiE,CSs without a shared biological lead SNP,70,65,75,0,0,0,7,7
Liver,SuSiE,CSs without a shared biological lead SNP,80,75,85,0,0,0,7,7
Liver,SuSiE,CSs without a shared biological lead SNP,90,85,95,0,0,0,7,7
Liver,SuSiE,CSs without a shared biological lead SNP,100,95,105,0,0,0,7,7
Liver,SuSiE,CSs without a shared biological lead SNP,110,105,115,0,0,0,7,7
Liver,SuSiE,CSs without a shared biological lead SNP,120,115,125,0,0,0,7,7
Liver,SuSiE,CSs without a shared biological lead SNP,130,125,135,0,0,0,7,7
Liver,SuSiE,CSs without a shared biological lead SNP,140,135,145,0,0,0,7,7
Liver,SuSiE,CSs without a shared biological lead SNP,150,145,155,0,0,0,7,7
Liver,SuSiE,CSs without a shared biological lead SNP,160,155,165,0,0,0,7,7
Liver,SuSiE,CSs without a shared biological lead SNP,170,165,175,0,0,0,7,7
Liver,SuSiE,CSs without a shared biological lead SNP,180,175,185,0,0,0,7,7
Liver,SuSiE,CSs without a shared biological lead SNP,190,185,195,0,0,0,7,7
Liver,SuSiE,CSs without a shared biological lead SNP,200,195,205,0,0,0,7,7
Liver,Weighted SuSiE-mix,CSs without a shared biological lead SNP,-200,-205,-195,0,0,0,6,6
Liver,Weighted SuSiE-mix,CSs without a shared biological lead SNP,-190,-195,-185,0,0,0,6,6
Liver,Weighted SuSiE-mix,CSs without a shared biological lead SNP,-180,-185,-175,0,0,0,6,6
Liver,Weighted SuSiE-mix,CSs without a shared biological lead SNP,-170,-175,-165,0,0,0,6,6
Liver,Weighted SuSiE-mix,CSs without a shared biological lead SNP,-160,-165,-155,0,0,0,6,6
Liver,Weighted SuSiE-mix,CSs without a shared biological lead SNP,-150,-155,-145,0,0,0,6,6
Liver,Weighted SuSiE-mix,CSs without a shared biological lead SNP,-140,-145,-135,0,0,0,6,6
Liver,Weighted SuSiE-mix,CSs without a shared biological lead SNP,-130,-135,-125,0,0,0,6,6
Liver,Weighted SuSiE-mix,CSs without a shared biological lead SNP,-120,-125,-115,0,0,0,6,6
Liver,Weighted SuSiE-mix,CSs without a shared biological lead SNP,-110,-115,-105,0,0,0,6,6
Liver,Weighted SuSiE-mix,CSs without a shared biological lead SNP,-100,-105,-95,0,0,0,6,6
Liver,Weighted SuSiE-mix,CSs without a shared biological lead SNP,-90,-95,-85,0,0,0,6,6
Liver,Weighted SuSiE-mix,CSs without a shared biological lead SNP,-80,-85,-75,0,0,0,6,6
Liver,Weighted SuSiE-mix,CSs without a shared biological lead SNP,-70,-75,-65,0,0,0,6,6
Liver,Weighted SuSiE-mix,CSs without a shared biological lead SNP,-60,-65,-55,0,0,0,6,6
Liver,Weighted SuSiE-mix,CSs without a shared biological lead SNP,-50,-55,-45,0,0,0,6,6
Liver,Weighted SuSiE-mix,CSs without a shared biological lead SNP,-40,-45,-35,0,0,0,6,6
Liver,Weighted SuSiE-mix,CSs without a shared biological lead SNP,-30,-35,-25,0,0,0,6,6
Liver,Weighted SuSiE-mix,CSs without a shared biological lead SNP,-20,-25,-15,0,0,0,6,6
Liver,Weighted SuSiE-mix,CSs without a shared biological lead SNP,-10,-15,-5,1,0.166666666666667,16.6666666666667,6,6
Liver,Weighted SuSiE-mix,CSs without a shared biological lead SNP,0,-5,5,3,0.5,50,6,6
Liver,Weighted SuSiE-mix,CSs without a shared biological lead SNP,10,5,15,0,0,0,6,6
Liver,Weighted SuSiE-mix,CSs without a shared biological lead SNP,20,15,25,1,0.166666666666667,16.6666666666667,6,6
Liver,Weighted SuSiE-mix,CSs without a shared biological lead SNP,30,25,35,0,0,0,6,6
Liver,Weighted SuSiE-mix,CSs without a shared biological lead SNP,40,35,45,0,0,0,6,6
Liver,Weighted SuSiE-mix,CSs without a shared biological lead SNP,50,45,55,1,0.166666666666667,16.6666666666667,6,6
Liver,Weighted SuSiE-mix,CSs without a shared biological lead SNP,60,55,65,0,0,0,6,6
Liver,Weighted SuSiE-mix,CSs without a shared biological lead SNP,70,65,75,0,0,0,6,6
Liver,Weighted SuSiE-mix,CSs without a shared biological lead SNP,80,75,85,0,0,0,6,6
Liver,Weighted SuSiE-mix,CSs without a shared biological lead SNP,90,85,95,0,0,0,6,6
Liver,Weighted SuSiE-mix,CSs without a shared biological lead SNP,100,95,105,0,0,0,6,6
Liver,Weighted SuSiE-mix,CSs without a shared biological lead SNP,110,105,115,0,0,0,6,6
Liver,Weighted SuSiE-mix,CSs without a shared biological lead SNP,120,115,125,0,0,0,6,6
Liver,Weighted SuSiE-mix,CSs without a shared biological lead SNP,130,125,135,0,0,0,6,6
Liver,Weighted SuSiE-mix,CSs without a shared biological lead SNP,140,135,145,0,0,0,6,6
Liver,Weighted SuSiE-mix,CSs without a shared biological lead SNP,150,145,155,0,0,0,6,6
Liver,Weighted SuSiE-mix,CSs without a shared biological lead SNP,160,155,165,0,0,0,6,6
Liver,Weighted SuSiE-mix,CSs without a shared biological lead SNP,170,165,175,0,0,0,6,6
Liver,Weighted SuSiE-mix,CSs without a shared biological lead SNP,180,175,185,0,0,0,6,6
Liver,Weighted SuSiE-mix,CSs without a shared biological lead SNP,190,185,195,0,0,0,6,6
Liver,Weighted SuSiE-mix,CSs without a shared biological lead SNP,200,195,205,0,0,0,6,6
Lung,SuSiE,CSs without a shared biological lead SNP,-200,-205,-195,0,0,0,16,14
Lung,SuSiE,CSs without a shared biological lead SNP,-190,-195,-185,0,0,0,16,14
Lung,SuSiE,CSs without a shared biological lead SNP,-180,-185,-175,0,0,0,16,14
Lung,SuSiE,CSs without a shared biological lead SNP,-170,-175,-165,0,0,0,16,14
Lung,SuSiE,CSs without a shared biological lead SNP,-160,-165,-155,0,0,0,16,14
Lung,SuSiE,CSs without a shared biological lead SNP,-150,-155,-145,0,0,0,16,14
Lung,SuSiE,CSs without a shared biological lead SNP,-140,-145,-135,0,0,0,16,14
Lung,SuSiE,CSs without a shared biological lead SNP,-130,-135,-125,0,0,0,16,14
Lung,SuSiE,CSs without a shared biological lead SNP,-120,-125,-115,0,0,0,16,14
Lung,SuSiE,CSs without a shared biological lead SNP,-110,-115,-105,0,0,0,16,14
Lung,SuSiE,CSs without a shared biological lead SNP,-100,-105,-95,2,0.142857142857143,14.2857142857143,16,14
Lung,SuSiE,CSs without a shared biological lead SNP,-90,-95,-85,0,0,0,16,14
Lung,SuSiE,CSs without a shared biological lead SNP,-80,-85,-75,0,0,0,16,14
Lung,SuSiE,CSs without a shared biological lead SNP,-70,-75,-65,1,0.0714285714285714,7.14285714285714,16,14
Lung,SuSiE,CSs without a shared biological lead SNP,-60,-65,-55,0,0,0,16,14
Lung,SuSiE,CSs without a shared biological lead SNP,-50,-55,-45,1,0.0714285714285714,7.14285714285714,16,14
Lung,SuSiE,CSs without a shared biological lead SNP,-40,-45,-35,0,0,0,16,14
Lung,SuSiE,CSs without a shared biological lead SNP,-30,-35,-25,2,0.142857142857143,14.2857142857143,16,14
Lung,SuSiE,CSs without a shared biological lead SNP,-20,-25,-15,1,0.0714285714285714,7.14285714285714,16,14
Lung,SuSiE,CSs without a shared biological lead SNP,-10,-15,-5,0,0,0,16,14
Lung,SuSiE,CSs without a shared biological lead SNP,0,-5,5,3,0.214285714285714,21.4285714285714,16,14
Lung,SuSiE,CSs without a shared biological lead SNP,10,5,15,2,0.142857142857143,14.2857142857143,16,14
Lung,SuSiE,CSs without a shared biological lead SNP,20,15,25,1,0.0714285714285714,7.14285714285714,16,14
Lung,SuSiE,CSs without a shared biological lead SNP,30,25,35,0,0,0,16,14
Lung,SuSiE,CSs without a shared biological lead SNP,40,35,45,1,0.0714285714285714,7.14285714285714,16,14
Lung,SuSiE,CSs without a shared biological lead SNP,50,45,55,0,0,0,16,14
Lung,SuSiE,CSs without a shared biological lead SNP,60,55,65,0,0,0,16,14
Lung,SuSiE,CSs without a shared biological lead SNP,70,65,75,0,0,0,16,14
Lung,SuSiE,CSs without a shared biological lead SNP,80,75,85,0,0,0,16,14
Lung,SuSiE,CSs without a shared biological lead SNP,90,85,95,0,0,0,16,14
Lung,SuSiE,CSs without a shared biological lead SNP,100,95,105,0,0,0,16,14
Lung,SuSiE,CSs without a shared biological lead SNP,110,105,115,0,0,0,16,14
Lung,SuSiE,CSs without a shared biological lead SNP,120,115,125,0,0,0,16,14
Lung,SuSiE,CSs without a shared biological lead SNP,130,125,135,0,0,0,16,14
Lung,SuSiE,CSs without a shared biological lead SNP,140,135,145,0,0,0,16,14
Lung,SuSiE,CSs without a shared biological lead SNP,150,145,155,0,0,0,16,14
Lung,SuSiE,CSs without a shared biological lead SNP,160,155,165,0,0,0,16,14
Lung,SuSiE,CSs without a shared biological lead SNP,170,165,175,0,0,0,16,14
Lung,SuSiE,CSs without a shared biological lead SNP,180,175,185,0,0,0,16,14
Lung,SuSiE,CSs without a shared biological lead SNP,190,185,195,0,0,0,16,14
Lung,SuSiE,CSs without a shared biological lead SNP,200,195,205,0,0,0,16,14
Lung,Weighted SuSiE-mix,CSs without a shared biological lead SNP,-200,-205,-195,0,0,0,12,10
Lung,Weighted SuSiE-mix,CSs without a shared biological lead SNP,-190,-195,-185,0,0,0,12,10
Lung,Weighted SuSiE-mix,CSs without a shared biological lead SNP,-180,-185,-175,0,0,0,12,10
Lung,Weighted SuSiE-mix,CSs without a shared biological lead SNP,-170,-175,-165,0,0,0,12,10
Lung,Weighted SuSiE-mix,CSs without a shared biological lead SNP,-160,-165,-155,0,0,0,12,10
Lung,Weighted SuSiE-mix,CSs without a shared biological lead SNP,-150,-155,-145,0,0,0,12,10
Lung,Weighted SuSiE-mix,CSs without a shared biological lead SNP,-140,-145,-135,0,0,0,12,10
Lung,Weighted SuSiE-mix,CSs without a shared biological lead SNP,-130,-135,-125,0,0,0,12,10
Lung,Weighted SuSiE-mix,CSs without a shared biological lead SNP,-120,-125,-115,0,0,0,12,10
Lung,Weighted SuSiE-mix,CSs without a shared biological lead SNP,-110,-115,-105,0,0,0,12,10
Lung,Weighted SuSiE-mix,CSs without a shared biological lead SNP,-100,-105,-95,1,0.1,10,12,10
Lung,Weighted SuSiE-mix,CSs without a shared biological lead SNP,-90,-95,-85,0,0,0,12,10
Lung,Weighted SuSiE-mix,CSs without a shared biological lead SNP,-80,-85,-75,0,0,0,12,10
Lung,Weighted SuSiE-mix,CSs without a shared biological lead SNP,-70,-75,-65,0,0,0,12,10
Lung,Weighted SuSiE-mix,CSs without a shared biological lead SNP,-60,-65,-55,0,0,0,12,10
Lung,Weighted SuSiE-mix,CSs without a shared biological lead SNP,-50,-55,-45,1,0.1,10,12,10
Lung,Weighted SuSiE-mix,CSs without a shared biological lead SNP,-40,-45,-35,1,0.1,10,12,10
Lung,Weighted SuSiE-mix,CSs without a shared biological lead SNP,-30,-35,-25,0,0,0,12,10
Lung,Weighted SuSiE-mix,CSs without a shared biological lead SNP,-20,-25,-15,1,0.1,10,12,10
Lung,Weighted SuSiE-mix,CSs without a shared biological lead SNP,-10,-15,-5,0,0,0,12,10
Lung,Weighted SuSiE-mix,CSs without a shared biological lead SNP,0,-5,5,3,0.3,30,12,10
Lung,Weighted SuSiE-mix,CSs without a shared biological lead SNP,10,5,15,2,0.2,20,12,10
Lung,Weighted SuSiE-mix,CSs without a shared biological lead SNP,20,15,25,0,0,0,12,10
Lung,Weighted SuSiE-mix,CSs without a shared biological lead SNP,30,25,35,0,0,0,12,10
Lung,Weighted SuSiE-mix,CSs without a shared biological lead SNP,40,35,45,0,0,0,12,10
Lung,Weighted SuSiE-mix,CSs without a shared biological lead SNP,50,45,55,1,0.1,10,12,10
Lung,Weighted SuSiE-mix,CSs without a shared biological lead SNP,60,55,65,0,0,0,12,10
Lung,Weighted SuSiE-mix,CSs without a shared biological lead SNP,70,65,75,0,0,0,12,10
Lung,Weighted SuSiE-mix,CSs without a shared biological lead SNP,80,75,85,0,0,0,12,10
Lung,Weighted SuSiE-mix,CSs without a shared biological lead SNP,90,85,95,0,0,0,12,10
Lung,Weighted SuSiE-mix,CSs without a shared biological lead SNP,100,95,105,0,0,0,12,10
Lung,Weighted SuSiE-mix,CSs without a shared biological lead SNP,110,105,115,0,0,0,12,10
Lung,Weighted SuSiE-mix,CSs without a shared biological lead SNP,120,115,125,0,0,0,12,10
Lung,Weighted SuSiE-mix,CSs without a shared biological lead SNP,130,125,135,0,0,0,12,10
Lung,Weighted SuSiE-mix,CSs without a shared biological lead SNP,140,135,145,0,0,0,12,10
Lung,Weighted SuSiE-mix,CSs without a shared biological lead SNP,150,145,155,0,0,0,12,10
Lung,Weighted SuSiE-mix,CSs without a shared biological lead SNP,160,155,165,0,0,0,12,10
Lung,Weighted SuSiE-mix,CSs without a shared biological lead SNP,170,165,175,0,0,0,12,10
Lung,Weighted SuSiE-mix,CSs without a shared biological lead SNP,180,175,185,0,0,0,12,10
Lung,Weighted SuSiE-mix,CSs without a shared biological lead SNP,190,185,195,0,0,0,12,10
Lung,Weighted SuSiE-mix,CSs without a shared biological lead SNP,200,195,205,0,0,0,12,10
Muscle,SuSiE,CSs without a shared biological lead SNP,-200,-205,-195,0,0,0,42,33
Muscle,SuSiE,CSs without a shared biological lead SNP,-190,-195,-185,0,0,0,42,33
Muscle,SuSiE,CSs without a shared biological lead SNP,-180,-185,-175,0,0,0,42,33
Muscle,SuSiE,CSs without a shared biological lead SNP,-170,-175,-165,1,0.0303030303030303,3.03030303030303,42,33
Muscle,SuSiE,CSs without a shared biological lead SNP,-160,-165,-155,0,0,0,42,33
Muscle,SuSiE,CSs without a shared biological lead SNP,-150,-155,-145,0,0,0,42,33
Muscle,SuSiE,CSs without a shared biological lead SNP,-140,-145,-135,0,0,0,42,33
Muscle,SuSiE,CSs without a shared biological lead SNP,-130,-135,-125,0,0,0,42,33
Muscle,SuSiE,CSs without a shared biological lead SNP,-120,-125,-115,0,0,0,42,33
Muscle,SuSiE,CSs without a shared biological lead SNP,-110,-115,-105,0,0,0,42,33
Muscle,SuSiE,CSs without a shared biological lead SNP,-100,-105,-95,0,0,0,42,33
Muscle,SuSiE,CSs without a shared biological lead SNP,-90,-95,-85,0,0,0,42,33
Muscle,SuSiE,CSs without a shared biological lead SNP,-80,-85,-75,0,0,0,42,33
Muscle,SuSiE,CSs without a shared biological lead SNP,-70,-75,-65,1,0.0303030303030303,3.03030303030303,42,33
Muscle,SuSiE,CSs without a shared biological lead SNP,-60,-65,-55,1,0.0303030303030303,3.03030303030303,42,33
Muscle,SuSiE,CSs without a shared biological lead SNP,-50,-55,-45,1,0.0303030303030303,3.03030303030303,42,33
Muscle,SuSiE,CSs without a shared biological lead SNP,-40,-45,-35,2,0.0606060606060606,6.06060606060606,42,33
Muscle,SuSiE,CSs without a shared biological lead SNP,-30,-35,-25,0,0,0,42,33
Muscle,SuSiE,CSs without a shared biological lead SNP,-20,-25,-15,0,0,0,42,33
Muscle,SuSiE,CSs without a shared biological lead SNP,-10,-15,-5,6,0.181818181818182,18.1818181818182,42,33
Muscle,SuSiE,CSs without a shared biological lead SNP,0,-5,5,3,0.0909090909090909,9.09090909090909,42,33
Muscle,SuSiE,CSs without a shared biological lead SNP,10,5,15,5,0.151515151515152,15.1515151515152,42,33
Muscle,SuSiE,CSs without a shared biological lead SNP,20,15,25,3,0.0909090909090909,9.09090909090909,42,33
Muscle,SuSiE,CSs without a shared biological lead SNP,30,25,35,1,0.0303030303030303,3.03030303030303,42,33
Muscle,SuSiE,CSs without a shared biological lead SNP,40,35,45,3,0.0909090909090909,9.09090909090909,42,33
Muscle,SuSiE,CSs without a shared biological lead SNP,50,45,55,0,0,0,42,33
Muscle,SuSiE,CSs without a shared biological lead SNP,60,55,65,3,0.0909090909090909,9.09090909090909,42,33
Muscle,SuSiE,CSs without a shared biological lead SNP,70,65,75,2,0.0606060606060606,6.06060606060606,42,33
Muscle,SuSiE,CSs without a shared biological lead SNP,80,75,85,0,0,0,42,33
Muscle,SuSiE,CSs without a shared biological lead SNP,90,85,95,0,0,0,42,33
Muscle,SuSiE,CSs without a shared biological lead SNP,100,95,105,0,0,0,42,33
Muscle,SuSiE,CSs without a shared biological lead SNP,110,105,115,0,0,0,42,33
Muscle,SuSiE,CSs without a shared biological lead SNP,120,115,125,0,0,0,42,33
Muscle,SuSiE,CSs without a shared biological lead SNP,130,125,135,0,0,0,42,33
Muscle,SuSiE,CSs without a shared biological lead SNP,140,135,145,0,0,0,42,33
Muscle,SuSiE,CSs without a shared biological lead SNP,150,145,155,1,0.0303030303030303,3.03030303030303,42,33
Muscle,SuSiE,CSs without a shared biological lead SNP,160,155,165,0,0,0,42,33
Muscle,SuSiE,CSs without a shared biological lead SNP,170,165,175,0,0,0,42,33
Muscle,SuSiE,CSs without a shared biological lead SNP,180,175,185,0,0,0,42,33
Muscle,SuSiE,CSs without a shared biological lead SNP,190,185,195,0,0,0,42,33
Muscle,SuSiE,CSs without a shared biological lead SNP,200,195,205,0,0,0,42,33
Muscle,Weighted SuSiE-mix,CSs without a shared biological lead SNP,-200,-205,-195,0,0,0,31,29
Muscle,Weighted SuSiE-mix,CSs without a shared biological lead SNP,-190,-195,-185,1,0.0344827586206897,3.44827586206897,31,29
Muscle,Weighted SuSiE-mix,CSs without a shared biological lead SNP,-180,-185,-175,0,0,0,31,29
Muscle,Weighted SuSiE-mix,CSs without a shared biological lead SNP,-170,-175,-165,0,0,0,31,29
Muscle,Weighted SuSiE-mix,CSs without a shared biological lead SNP,-160,-165,-155,0,0,0,31,29
Muscle,Weighted SuSiE-mix,CSs without a shared biological lead SNP,-150,-155,-145,0,0,0,31,29
Muscle,Weighted SuSiE-mix,CSs without a shared biological lead SNP,-140,-145,-135,0,0,0,31,29
Muscle,Weighted SuSiE-mix,CSs without a shared biological lead SNP,-130,-135,-125,0,0,0,31,29
Muscle,Weighted SuSiE-mix,CSs without a shared biological lead SNP,-120,-125,-115,0,0,0,31,29
Muscle,Weighted SuSiE-mix,CSs without a shared biological lead SNP,-110,-115,-105,0,0,0,31,29
Muscle,Weighted SuSiE-mix,CSs without a shared biological lead SNP,-100,-105,-95,0,0,0,31,29
Muscle,Weighted SuSiE-mix,CSs without a shared biological lead SNP,-90,-95,-85,1,0.0344827586206897,3.44827586206897,31,29
Muscle,Weighted SuSiE-mix,CSs without a shared biological lead SNP,-80,-85,-75,0,0,0,31,29
Muscle,Weighted SuSiE-mix,CSs without a shared biological lead SNP,-70,-75,-65,0,0,0,31,29
Muscle,Weighted SuSiE-mix,CSs without a shared biological lead SNP,-60,-65,-55,1,0.0344827586206897,3.44827586206897,31,29
Muscle,Weighted SuSiE-mix,CSs without a shared biological lead SNP,-50,-55,-45,1,0.0344827586206897,3.44827586206897,31,29
Muscle,Weighted SuSiE-mix,CSs without a shared biological lead SNP,-40,-45,-35,1,0.0344827586206897,3.44827586206897,31,29
Muscle,Weighted SuSiE-mix,CSs without a shared biological lead SNP,-30,-35,-25,1,0.0344827586206897,3.44827586206897,31,29
Muscle,Weighted SuSiE-mix,CSs without a shared biological lead SNP,-20,-25,-15,0,0,0,31,29
Muscle,Weighted SuSiE-mix,CSs without a shared biological lead SNP,-10,-15,-5,2,0.0689655172413793,6.89655172413793,31,29
Muscle,Weighted SuSiE-mix,CSs without a shared biological lead SNP,0,-5,5,5,0.172413793103448,17.2413793103448,31,29
Muscle,Weighted SuSiE-mix,CSs without a shared biological lead SNP,10,5,15,6,0.206896551724138,20.6896551724138,31,29
Muscle,Weighted SuSiE-mix,CSs without a shared biological lead SNP,20,15,25,2,0.0689655172413793,6.89655172413793,31,29
Muscle,Weighted SuSiE-mix,CSs without a shared biological lead SNP,30,25,35,4,0.137931034482759,13.7931034482759,31,29
Muscle,Weighted SuSiE-mix,CSs without a shared biological lead SNP,40,35,45,0,0,0,31,29
Muscle,Weighted SuSiE-mix,CSs without a shared biological lead SNP,50,45,55,0,0,0,31,29
Muscle,Weighted SuSiE-mix,CSs without a shared biological lead SNP,60,55,65,2,0.0689655172413793,6.89655172413793,31,29
Muscle,Weighted SuSiE-mix,CSs without a shared biological lead SNP,70,65,75,0,0,0,31,29
Muscle,Weighted SuSiE-mix,CSs without a shared biological lead SNP,80,75,85,0,0,0,31,29
Muscle,Weighted SuSiE-mix,CSs without a shared biological lead SNP,90,85,95,1,0.0344827586206897,3.44827586206897,31,29
Muscle,Weighted SuSiE-mix,CSs without a shared biological lead SNP,100,95,105,0,0,0,31,29
Muscle,Weighted SuSiE-mix,CSs without a shared biological lead SNP,110,105,115,1,0.0344827586206897,3.44827586206897,31,29
Muscle,Weighted SuSiE-mix,CSs without a shared biological lead SNP,120,115,125,0,0,0,31,29
Muscle,Weighted SuSiE-mix,CSs without a shared biological lead SNP,130,125,135,0,0,0,31,29
Muscle,Weighted SuSiE-mix,CSs without a shared biological lead SNP,140,135,145,0,0,0,31,29
Muscle,Weighted SuSiE-mix,CSs without a shared biological lead SNP,150,145,155,0,0,0,31,29
Muscle,Weighted SuSiE-mix,CSs without a shared biological lead SNP,160,155,165,0,0,0,31,29
Muscle,Weighted SuSiE-mix,CSs without a shared biological lead SNP,170,165,175,0,0,0,31,29
Muscle,Weighted SuSiE-mix,CSs without a shared biological lead SNP,180,175,185,0,0,0,31,29
Muscle,Weighted SuSiE-mix,CSs without a shared biological lead SNP,190,185,195,0,0,0,31,29
Muscle,Weighted SuSiE-mix,CSs without a shared biological lead SNP,200,195,205,0,0,0,31,29
Nerve,SuSiE,CSs without a shared biological lead SNP,-200,-205,-195,0,0,0,48,36
Nerve,SuSiE,CSs without a shared biological lead SNP,-190,-195,-185,0,0,0,48,36
Nerve,SuSiE,CSs without a shared biological lead SNP,-180,-185,-175,0,0,0,48,36
Nerve,SuSiE,CSs without a shared biological lead SNP,-170,-175,-165,0,0,0,48,36
Nerve,SuSiE,CSs without a shared biological lead SNP,-160,-165,-155,0,0,0,48,36
Nerve,SuSiE,CSs without a shared biological lead SNP,-150,-155,-145,0,0,0,48,36
Nerve,SuSiE,CSs without a shared biological lead SNP,-140,-145,-135,0,0,0,48,36
Nerve,SuSiE,CSs without a shared biological lead SNP,-130,-135,-125,0,0,0,48,36
Nerve,SuSiE,CSs without a shared biological lead SNP,-120,-125,-115,0,0,0,48,36
Nerve,SuSiE,CSs without a shared biological lead SNP,-110,-115,-105,0,0,0,48,36
Nerve,SuSiE,CSs without a shared biological lead SNP,-100,-105,-95,2,0.0555555555555556,5.55555555555556,48,36
Nerve,SuSiE,CSs without a shared biological lead SNP,-90,-95,-85,1,0.0277777777777778,2.77777777777778,48,36
Nerve,SuSiE,CSs without a shared biological lead SNP,-80,-85,-75,1,0.0277777777777778,2.77777777777778,48,36
Nerve,SuSiE,CSs without a shared biological lead SNP,-70,-75,-65,1,0.0277777777777778,2.77777777777778,48,36
Nerve,SuSiE,CSs without a shared biological lead SNP,-60,-65,-55,1,0.0277777777777778,2.77777777777778,48,36
Nerve,SuSiE,CSs without a shared biological lead SNP,-50,-55,-45,0,0,0,48,36
Nerve,SuSiE,CSs without a shared biological lead SNP,-40,-45,-35,2,0.0555555555555556,5.55555555555556,48,36
Nerve,SuSiE,CSs without a shared biological lead SNP,-30,-35,-25,2,0.0555555555555556,5.55555555555556,48,36
Nerve,SuSiE,CSs without a shared biological lead SNP,-20,-25,-15,1,0.0277777777777778,2.77777777777778,48,36
Nerve,SuSiE,CSs without a shared biological lead SNP,-10,-15,-5,3,0.0833333333333333,8.33333333333333,48,36
Nerve,SuSiE,CSs without a shared biological lead SNP,0,-5,5,4,0.111111111111111,11.1111111111111,48,36
Nerve,SuSiE,CSs without a shared biological lead SNP,10,5,15,5,0.138888888888889,13.8888888888889,48,36
Nerve,SuSiE,CSs without a shared biological lead SNP,20,15,25,2,0.0555555555555556,5.55555555555556,48,36
Nerve,SuSiE,CSs without a shared biological lead SNP,30,25,35,2,0.0555555555555556,5.55555555555556,48,36
Nerve,SuSiE,CSs without a shared biological lead SNP,40,35,45,2,0.0555555555555556,5.55555555555556,48,36
Nerve,SuSiE,CSs without a shared biological lead SNP,50,45,55,0,0,0,48,36
Nerve,SuSiE,CSs without a shared biological lead SNP,60,55,65,1,0.0277777777777778,2.77777777777778,48,36
Nerve,SuSiE,CSs without a shared biological lead SNP,70,65,75,1,0.0277777777777778,2.77777777777778,48,36
Nerve,SuSiE,CSs without a shared biological lead SNP,80,75,85,0,0,0,48,36
Nerve,SuSiE,CSs without a shared biological lead SNP,90,85,95,1,0.0277777777777778,2.77777777777778,48,36
Nerve,SuSiE,CSs without a shared biological lead SNP,100,95,105,0,0,0,48,36
Nerve,SuSiE,CSs without a shared biological lead SNP,110,105,115,0,0,0,48,36
Nerve,SuSiE,CSs without a shared biological lead SNP,120,115,125,0,0,0,48,36
Nerve,SuSiE,CSs without a shared biological lead SNP,130,125,135,1,0.0277777777777778,2.77777777777778,48,36
Nerve,SuSiE,CSs without a shared biological lead SNP,140,135,145,3,0.0833333333333333,8.33333333333333,48,36
Nerve,SuSiE,CSs without a shared biological lead SNP,150,145,155,0,0,0,48,36
Nerve,SuSiE,CSs without a shared biological lead SNP,160,155,165,0,0,0,48,36
Nerve,SuSiE,CSs without a shared biological lead SNP,170,165,175,0,0,0,48,36
Nerve,SuSiE,CSs without a shared biological lead SNP,180,175,185,0,0,0,48,36
Nerve,SuSiE,CSs without a shared biological lead SNP,190,185,195,0,0,0,48,36
Nerve,SuSiE,CSs without a shared biological lead SNP,200,195,205,0,0,0,48,36
Nerve,Weighted SuSiE-mix,CSs without a shared biological lead SNP,-200,-205,-195,1,0.0454545454545455,4.54545454545455,25,22
Nerve,Weighted SuSiE-mix,CSs without a shared biological lead SNP,-190,-195,-185,0,0,0,25,22
Nerve,Weighted SuSiE-mix,CSs without a shared biological lead SNP,-180,-185,-175,0,0,0,25,22
Nerve,Weighted SuSiE-mix,CSs without a shared biological lead SNP,-170,-175,-165,0,0,0,25,22
Nerve,Weighted SuSiE-mix,CSs without a shared biological lead SNP,-160,-165,-155,0,0,0,25,22
Nerve,Weighted SuSiE-mix,CSs without a shared biological lead SNP,-150,-155,-145,0,0,0,25,22
Nerve,Weighted SuSiE-mix,CSs without a shared biological lead SNP,-140,-145,-135,0,0,0,25,22
Nerve,Weighted SuSiE-mix,CSs without a shared biological lead SNP,-130,-135,-125,0,0,0,25,22
Nerve,Weighted SuSiE-mix,CSs without a shared biological lead SNP,-120,-125,-115,0,0,0,25,22
Nerve,Weighted SuSiE-mix,CSs without a shared biological lead SNP,-110,-115,-105,0,0,0,25,22
Nerve,Weighted SuSiE-mix,CSs without a shared biological lead SNP,-100,-105,-95,2,0.0909090909090909,9.09090909090909,25,22
Nerve,Weighted SuSiE-mix,CSs without a shared biological lead SNP,-90,-95,-85,0,0,0,25,22
Nerve,Weighted SuSiE-mix,CSs without a shared biological lead SNP,-80,-85,-75,0,0,0,25,22
Nerve,Weighted SuSiE-mix,CSs without a shared biological lead SNP,-70,-75,-65,2,0.0909090909090909,9.09090909090909,25,22
Nerve,Weighted SuSiE-mix,CSs without a shared biological lead SNP,-60,-65,-55,0,0,0,25,22
Nerve,Weighted SuSiE-mix,CSs without a shared biological lead SNP,-50,-55,-45,0,0,0,25,22
Nerve,Weighted SuSiE-mix,CSs without a shared biological lead SNP,-40,-45,-35,1,0.0454545454545455,4.54545454545455,25,22
Nerve,Weighted SuSiE-mix,CSs without a shared biological lead SNP,-30,-35,-25,1,0.0454545454545455,4.54545454545455,25,22
Nerve,Weighted SuSiE-mix,CSs without a shared biological lead SNP,-20,-25,-15,0,0,0,25,22
Nerve,Weighted SuSiE-mix,CSs without a shared biological lead SNP,-10,-15,-5,2,0.0909090909090909,9.09090909090909,25,22
Nerve,Weighted SuSiE-mix,CSs without a shared biological lead SNP,0,-5,5,1,0.0454545454545455,4.54545454545455,25,22
Nerve,Weighted SuSiE-mix,CSs without a shared biological lead SNP,10,5,15,5,0.227272727272727,22.7272727272727,25,22
Nerve,Weighted SuSiE-mix,CSs without a shared biological lead SNP,20,15,25,2,0.0909090909090909,9.09090909090909,25,22
Nerve,Weighted SuSiE-mix,CSs without a shared biological lead SNP,30,25,35,2,0.0909090909090909,9.09090909090909,25,22
Nerve,Weighted SuSiE-mix,CSs without a shared biological lead SNP,40,35,45,1,0.0454545454545455,4.54545454545455,25,22
Nerve,Weighted SuSiE-mix,CSs without a shared biological lead SNP,50,45,55,1,0.0454545454545455,4.54545454545455,25,22
Nerve,Weighted SuSiE-mix,CSs without a shared biological lead SNP,60,55,65,0,0,0,25,22
Nerve,Weighted SuSiE-mix,CSs without a shared biological lead SNP,70,65,75,0,0,0,25,22
Nerve,Weighted SuSiE-mix,CSs without a shared biological lead SNP,80,75,85,1,0.0454545454545455,4.54545454545455,25,22
Nerve,Weighted SuSiE-mix,CSs without a shared biological lead SNP,90,85,95,0,0,0,25,22
Nerve,Weighted SuSiE-mix,CSs without a shared biological lead SNP,100,95,105,0,0,0,25,22
Nerve,Weighted SuSiE-mix,CSs without a shared biological lead SNP,110,105,115,0,0,0,25,22
Nerve,Weighted SuSiE-mix,CSs without a shared biological lead SNP,120,115,125,0,0,0,25,22
Nerve,Weighted SuSiE-mix,CSs without a shared biological lead SNP,130,125,135,0,0,0,25,22
Nerve,Weighted SuSiE-mix,CSs without a shared biological lead SNP,140,135,145,0,0,0,25,22
Nerve,Weighted SuSiE-mix,CSs without a shared biological lead SNP,150,145,155,0,0,0,25,22
Nerve,Weighted SuSiE-mix,CSs without a shared biological lead SNP,160,155,165,0,0,0,25,22
Nerve,Weighted SuSiE-mix,CSs without a shared biological lead SNP,170,165,175,0,0,0,25,22
Nerve,Weighted SuSiE-mix,CSs without a shared biological lead SNP,180,175,185,0,0,0,25,22
Nerve,Weighted SuSiE-mix,CSs without a shared biological lead SNP,190,185,195,0,0,0,25,22
Nerve,Weighted SuSiE-mix,CSs without a shared biological lead SNP,200,195,205,0,0,0,25,22
Ovary,SuSiE,CSs without a shared biological lead SNP,-200,-205,-195,0,0,0,5,5
Ovary,SuSiE,CSs without a shared biological lead SNP,-190,-195,-185,0,0,0,5,5
Ovary,SuSiE,CSs without a shared biological lead SNP,-180,-185,-175,0,0,0,5,5
Ovary,SuSiE,CSs without a shared biological lead SNP,-170,-175,-165,0,0,0,5,5
Ovary,SuSiE,CSs without a shared biological lead SNP,-160,-165,-155,0,0,0,5,5
Ovary,SuSiE,CSs without a shared biological lead SNP,-150,-155,-145,0,0,0,5,5
Ovary,SuSiE,CSs without a shared biological lead SNP,-140,-145,-135,0,0,0,5,5
Ovary,SuSiE,CSs without a shared biological lead SNP,-130,-135,-125,0,0,0,5,5
Ovary,SuSiE,CSs without a shared biological lead SNP,-120,-125,-115,0,0,0,5,5
Ovary,SuSiE,CSs without a shared biological lead SNP,-110,-115,-105,0,0,0,5,5
Ovary,SuSiE,CSs without a shared biological lead SNP,-100,-105,-95,0,0,0,5,5
Ovary,SuSiE,CSs without a shared biological lead SNP,-90,-95,-85,1,0.2,20,5,5
Ovary,SuSiE,CSs without a shared biological lead SNP,-80,-85,-75,0,0,0,5,5
Ovary,SuSiE,CSs without a shared biological lead SNP,-70,-75,-65,0,0,0,5,5
Ovary,SuSiE,CSs without a shared biological lead SNP,-60,-65,-55,0,0,0,5,5
Ovary,SuSiE,CSs without a shared biological lead SNP,-50,-55,-45,0,0,0,5,5
Ovary,SuSiE,CSs without a shared biological lead SNP,-40,-45,-35,0,0,0,5,5
Ovary,SuSiE,CSs without a shared biological lead SNP,-30,-35,-25,0,0,0,5,5
Ovary,SuSiE,CSs without a shared biological lead SNP,-20,-25,-15,0,0,0,5,5
Ovary,SuSiE,CSs without a shared biological lead SNP,-10,-15,-5,1,0.2,20,5,5
Ovary,SuSiE,CSs without a shared biological lead SNP,0,-5,5,0,0,0,5,5
Ovary,SuSiE,CSs without a shared biological lead SNP,10,5,15,1,0.2,20,5,5
Ovary,SuSiE,CSs without a shared biological lead SNP,20,15,25,0,0,0,5,5
Ovary,SuSiE,CSs without a shared biological lead SNP,30,25,35,0,0,0,5,5
Ovary,SuSiE,CSs without a shared biological lead SNP,40,35,45,0,0,0,5,5
Ovary,SuSiE,CSs without a shared biological lead SNP,50,45,55,0,0,0,5,5
Ovary,SuSiE,CSs without a shared biological lead SNP,60,55,65,1,0.2,20,5,5
Ovary,SuSiE,CSs without a shared biological lead SNP,70,65,75,0,0,0,5,5
Ovary,SuSiE,CSs without a shared biological lead SNP,80,75,85,1,0.2,20,5,5
Ovary,SuSiE,CSs without a shared biological lead SNP,90,85,95,0,0,0,5,5
Ovary,SuSiE,CSs without a shared biological lead SNP,100,95,105,0,0,0,5,5
Ovary,SuSiE,CSs without a shared biological lead SNP,110,105,115,0,0,0,5,5
Ovary,SuSiE,CSs without a shared biological lead SNP,120,115,125,0,0,0,5,5
Ovary,SuSiE,CSs without a shared biological lead SNP,130,125,135,0,0,0,5,5
Ovary,SuSiE,CSs without a shared biological lead SNP,140,135,145,0,0,0,5,5
Ovary,SuSiE,CSs without a shared biological lead SNP,150,145,155,0,0,0,5,5
Ovary,SuSiE,CSs without a shared biological lead SNP,160,155,165,0,0,0,5,5
Ovary,SuSiE,CSs without a shared biological lead SNP,170,165,175,0,0,0,5,5
Ovary,SuSiE,CSs without a shared biological lead SNP,180,175,185,0,0,0,5,5
Ovary,SuSiE,CSs without a shared biological lead SNP,190,185,195,0,0,0,5,5
Ovary,SuSiE,CSs without a shared biological lead SNP,200,195,205,0,0,0,5,5
Ovary,Weighted SuSiE-mix,CSs without a shared biological lead SNP,-200,-205,-195,0,0,0,4,4
Ovary,Weighted SuSiE-mix,CSs without a shared biological lead SNP,-190,-195,-185,0,0,0,4,4
Ovary,Weighted SuSiE-mix,CSs without a shared biological lead SNP,-180,-185,-175,0,0,0,4,4
Ovary,Weighted SuSiE-mix,CSs without a shared biological lead SNP,-170,-175,-165,0,0,0,4,4
Ovary,Weighted SuSiE-mix,CSs without a shared biological lead SNP,-160,-165,-155,0,0,0,4,4
Ovary,Weighted SuSiE-mix,CSs without a shared biological lead SNP,-150,-155,-145,0,0,0,4,4
Ovary,Weighted SuSiE-mix,CSs without a shared biological lead SNP,-140,-145,-135,0,0,0,4,4
Ovary,Weighted SuSiE-mix,CSs without a shared biological lead SNP,-130,-135,-125,0,0,0,4,4
Ovary,Weighted SuSiE-mix,CSs without a shared biological lead SNP,-120,-125,-115,0,0,0,4,4
Ovary,Weighted SuSiE-mix,CSs without a shared biological lead SNP,-110,-115,-105,0,0,0,4,4
Ovary,Weighted SuSiE-mix,CSs without a shared biological lead SNP,-100,-105,-95,0,0,0,4,4
Ovary,Weighted SuSiE-mix,CSs without a shared biological lead SNP,-90,-95,-85,0,0,0,4,4
Ovary,Weighted SuSiE-mix,CSs without a shared biological lead SNP,-80,-85,-75,0,0,0,4,4
Ovary,Weighted SuSiE-mix,CSs without a shared biological lead SNP,-70,-75,-65,0,0,0,4,4
Ovary,Weighted SuSiE-mix,CSs without a shared biological lead SNP,-60,-65,-55,0,0,0,4,4
Ovary,Weighted SuSiE-mix,CSs without a shared biological lead SNP,-50,-55,-45,0,0,0,4,4
Ovary,Weighted SuSiE-mix,CSs without a shared biological lead SNP,-40,-45,-35,0,0,0,4,4
Ovary,Weighted SuSiE-mix,CSs without a shared biological lead SNP,-30,-35,-25,0,0,0,4,4
Ovary,Weighted SuSiE-mix,CSs without a shared biological lead SNP,-20,-25,-15,0,0,0,4,4
Ovary,Weighted SuSiE-mix,CSs without a shared biological lead SNP,-10,-15,-5,1,0.25,25,4,4
Ovary,Weighted SuSiE-mix,CSs without a shared biological lead SNP,0,-5,5,0,0,0,4,4
Ovary,Weighted SuSiE-mix,CSs without a shared biological lead SNP,10,5,15,0,0,0,4,4
Ovary,Weighted SuSiE-mix,CSs without a shared biological lead SNP,20,15,25,2,0.5,50,4,4
Ovary,Weighted SuSiE-mix,CSs without a shared biological lead SNP,30,25,35,0,0,0,4,4
Ovary,Weighted SuSiE-mix,CSs without a shared biological lead SNP,40,35,45,0,0,0,4,4
Ovary,Weighted SuSiE-mix,CSs without a shared biological lead SNP,50,45,55,1,0.25,25,4,4
Ovary,Weighted SuSiE-mix,CSs without a shared biological lead SNP,60,55,65,0,0,0,4,4
Ovary,Weighted SuSiE-mix,CSs without a shared biological lead SNP,70,65,75,0,0,0,4,4
Ovary,Weighted SuSiE-mix,CSs without a shared biological lead SNP,80,75,85,0,0,0,4,4
Ovary,Weighted SuSiE-mix,CSs without a shared biological lead SNP,90,85,95,0,0,0,4,4
Ovary,Weighted SuSiE-mix,CSs without a shared biological lead SNP,100,95,105,0,0,0,4,4
Ovary,Weighted SuSiE-mix,CSs without a shared biological lead SNP,110,105,115,0,0,0,4,4
Ovary,Weighted SuSiE-mix,CSs without a shared biological lead SNP,120,115,125,0,0,0,4,4
Ovary,Weighted SuSiE-mix,CSs without a shared biological lead SNP,130,125,135,0,0,0,4,4
Ovary,Weighted SuSiE-mix,CSs without a shared biological lead SNP,140,135,145,0,0,0,4,4
Ovary,Weighted SuSiE-mix,CSs without a shared biological lead SNP,150,145,155,0,0,0,4,4
Ovary,Weighted SuSiE-mix,CSs without a shared biological lead SNP,160,155,165,0,0,0,4,4
Ovary,Weighted SuSiE-mix,CSs without a shared biological lead SNP,170,165,175,0,0,0,4,4
Ovary,Weighted SuSiE-mix,CSs without a shared biological lead SNP,180,175,185,0,0,0,4,4
Ovary,Weighted SuSiE-mix,CSs without a shared biological lead SNP,190,185,195,0,0,0,4,4
Ovary,Weighted SuSiE-mix,CSs without a shared biological lead SNP,200,195,205,0,0,0,4,4
Pancreas,SuSiE,CSs without a shared biological lead SNP,-200,-205,-195,0,0,0,11,9
Pancreas,SuSiE,CSs without a shared biological lead SNP,-190,-195,-185,0,0,0,11,9
Pancreas,SuSiE,CSs without a shared biological lead SNP,-180,-185,-175,0,0,0,11,9
Pancreas,SuSiE,CSs without a shared biological lead SNP,-170,-175,-165,0,0,0,11,9
Pancreas,SuSiE,CSs without a shared biological lead SNP,-160,-165,-155,1,0.111111111111111,11.1111111111111,11,9
Pancreas,SuSiE,CSs without a shared biological lead SNP,-150,-155,-145,0,0,0,11,9
Pancreas,SuSiE,CSs without a shared biological lead SNP,-140,-145,-135,0,0,0,11,9
Pancreas,SuSiE,CSs without a shared biological lead SNP,-130,-135,-125,0,0,0,11,9
Pancreas,SuSiE,CSs without a shared biological lead SNP,-120,-125,-115,0,0,0,11,9
Pancreas,SuSiE,CSs without a shared biological lead SNP,-110,-115,-105,0,0,0,11,9
Pancreas,SuSiE,CSs without a shared biological lead SNP,-100,-105,-95,0,0,0,11,9
Pancreas,SuSiE,CSs without a shared biological lead SNP,-90,-95,-85,0,0,0,11,9
Pancreas,SuSiE,CSs without a shared biological lead SNP,-80,-85,-75,0,0,0,11,9
Pancreas,SuSiE,CSs without a shared biological lead SNP,-70,-75,-65,0,0,0,11,9
Pancreas,SuSiE,CSs without a shared biological lead SNP,-60,-65,-55,0,0,0,11,9
Pancreas,SuSiE,CSs without a shared biological lead SNP,-50,-55,-45,0,0,0,11,9
Pancreas,SuSiE,CSs without a shared biological lead SNP,-40,-45,-35,0,0,0,11,9
Pancreas,SuSiE,CSs without a shared biological lead SNP,-30,-35,-25,1,0.111111111111111,11.1111111111111,11,9
Pancreas,SuSiE,CSs without a shared biological lead SNP,-20,-25,-15,3,0.333333333333333,33.3333333333333,11,9
Pancreas,SuSiE,CSs without a shared biological lead SNP,-10,-15,-5,0,0,0,11,9
Pancreas,SuSiE,CSs without a shared biological lead SNP,0,-5,5,2,0.222222222222222,22.2222222222222,11,9
Pancreas,SuSiE,CSs without a shared biological lead SNP,10,5,15,0,0,0,11,9
Pancreas,SuSiE,CSs without a shared biological lead SNP,20,15,25,0,0,0,11,9
Pancreas,SuSiE,CSs without a shared biological lead SNP,30,25,35,0,0,0,11,9
Pancreas,SuSiE,CSs without a shared biological lead SNP,40,35,45,0,0,0,11,9
Pancreas,SuSiE,CSs without a shared biological lead SNP,50,45,55,1,0.111111111111111,11.1111111111111,11,9
Pancreas,SuSiE,CSs without a shared biological lead SNP,60,55,65,0,0,0,11,9
Pancreas,SuSiE,CSs without a shared biological lead SNP,70,65,75,0,0,0,11,9
Pancreas,SuSiE,CSs without a shared biological lead SNP,80,75,85,0,0,0,11,9
Pancreas,SuSiE,CSs without a shared biological lead SNP,90,85,95,0,0,0,11,9
Pancreas,SuSiE,CSs without a shared biological lead SNP,100,95,105,0,0,0,11,9
Pancreas,SuSiE,CSs without a shared biological lead SNP,110,105,115,0,0,0,11,9
Pancreas,SuSiE,CSs without a shared biological lead SNP,120,115,125,0,0,0,11,9
Pancreas,SuSiE,CSs without a shared biological lead SNP,130,125,135,0,0,0,11,9
Pancreas,SuSiE,CSs without a shared biological lead SNP,140,135,145,0,0,0,11,9
Pancreas,SuSiE,CSs without a shared biological lead SNP,150,145,155,0,0,0,11,9
Pancreas,SuSiE,CSs without a shared biological lead SNP,160,155,165,0,0,0,11,9
Pancreas,SuSiE,CSs without a shared biological lead SNP,170,165,175,0,0,0,11,9
Pancreas,SuSiE,CSs without a shared biological lead SNP,180,175,185,0,0,0,11,9
Pancreas,SuSiE,CSs without a shared biological lead SNP,190,185,195,0,0,0,11,9
Pancreas,SuSiE,CSs without a shared biological lead SNP,200,195,205,1,0.111111111111111,11.1111111111111,11,9
Pancreas,Weighted SuSiE-mix,CSs without a shared biological lead SNP,-200,-205,-195,0,0,0,5,4
Pancreas,Weighted SuSiE-mix,CSs without a shared biological lead SNP,-190,-195,-185,0,0,0,5,4
Pancreas,Weighted SuSiE-mix,CSs without a shared biological lead SNP,-180,-185,-175,0,0,0,5,4
Pancreas,Weighted SuSiE-mix,CSs without a shared biological lead SNP,-170,-175,-165,0,0,0,5,4
Pancreas,Weighted SuSiE-mix,CSs without a shared biological lead SNP,-160,-165,-155,0,0,0,5,4
Pancreas,Weighted SuSiE-mix,CSs without a shared biological lead SNP,-150,-155,-145,0,0,0,5,4
Pancreas,Weighted SuSiE-mix,CSs without a shared biological lead SNP,-140,-145,-135,0,0,0,5,4
Pancreas,Weighted SuSiE-mix,CSs without a shared biological lead SNP,-130,-135,-125,0,0,0,5,4
Pancreas,Weighted SuSiE-mix,CSs without a shared biological lead SNP,-120,-125,-115,0,0,0,5,4
Pancreas,Weighted SuSiE-mix,CSs without a shared biological lead SNP,-110,-115,-105,1,0.25,25,5,4
Pancreas,Weighted SuSiE-mix,CSs without a shared biological lead SNP,-100,-105,-95,0,0,0,5,4
Pancreas,Weighted SuSiE-mix,CSs without a shared biological lead SNP,-90,-95,-85,0,0,0,5,4
Pancreas,Weighted SuSiE-mix,CSs without a shared biological lead SNP,-80,-85,-75,0,0,0,5,4
Pancreas,Weighted SuSiE-mix,CSs without a shared biological lead SNP,-70,-75,-65,0,0,0,5,4
Pancreas,Weighted SuSiE-mix,CSs without a shared biological lead SNP,-60,-65,-55,0,0,0,5,4
Pancreas,Weighted SuSiE-mix,CSs without a shared biological lead SNP,-50,-55,-45,0,0,0,5,4
Pancreas,Weighted SuSiE-mix,CSs without a shared biological lead SNP,-40,-45,-35,0,0,0,5,4
Pancreas,Weighted SuSiE-mix,CSs without a shared biological lead SNP,-30,-35,-25,0,0,0,5,4
Pancreas,Weighted SuSiE-mix,CSs without a shared biological lead SNP,-20,-25,-15,1,0.25,25,5,4
Pancreas,Weighted SuSiE-mix,CSs without a shared biological lead SNP,-10,-15,-5,0,0,0,5,4
Pancreas,Weighted SuSiE-mix,CSs without a shared biological lead SNP,0,-5,5,1,0.25,25,5,4
Pancreas,Weighted SuSiE-mix,CSs without a shared biological lead SNP,10,5,15,0,0,0,5,4
Pancreas,Weighted SuSiE-mix,CSs without a shared biological lead SNP,20,15,25,0,0,0,5,4
Pancreas,Weighted SuSiE-mix,CSs without a shared biological lead SNP,30,25,35,0,0,0,5,4
Pancreas,Weighted SuSiE-mix,CSs without a shared biological lead SNP,40,35,45,1,0.25,25,5,4
Pancreas,Weighted SuSiE-mix,CSs without a shared biological lead SNP,50,45,55,0,0,0,5,4
Pancreas,Weighted SuSiE-mix,CSs without a shared biological lead SNP,60,55,65,0,0,0,5,4
Pancreas,Weighted SuSiE-mix,CSs without a shared biological lead SNP,70,65,75,0,0,0,5,4
Pancreas,Weighted SuSiE-mix,CSs without a shared biological lead SNP,80,75,85,0,0,0,5,4
Pancreas,Weighted SuSiE-mix,CSs without a shared biological lead SNP,90,85,95,0,0,0,5,4
Pancreas,Weighted SuSiE-mix,CSs without a shared biological lead SNP,100,95,105,0,0,0,5,4
Pancreas,Weighted SuSiE-mix,CSs without a shared biological lead SNP,110,105,115,0,0,0,5,4
Pancreas,Weighted SuSiE-mix,CSs without a shared biological lead SNP,120,115,125,0,0,0,5,4
Pancreas,Weighted SuSiE-mix,CSs without a shared biological lead SNP,130,125,135,0,0,0,5,4
Pancreas,Weighted SuSiE-mix,CSs without a shared biological lead SNP,140,135,145,0,0,0,5,4
Pancreas,Weighted SuSiE-mix,CSs without a shared biological lead SNP,150,145,155,0,0,0,5,4
Pancreas,Weighted SuSiE-mix,CSs without a shared biological lead SNP,160,155,165,0,0,0,5,4
Pancreas,Weighted SuSiE-mix,CSs without a shared biological lead SNP,170,165,175,0,0,0,5,4
Pancreas,Weighted SuSiE-mix,CSs without a shared biological lead SNP,180,175,185,0,0,0,5,4
Pancreas,Weighted SuSiE-mix,CSs without a shared biological lead SNP,190,185,195,0,0,0,5,4
Pancreas,Weighted SuSiE-mix,CSs without a shared biological lead SNP,200,195,205,0,0,0,5,4
Pituitary,SuSiE,CSs without a shared biological lead SNP,-200,-205,-195,0,0,0,8,6
Pituitary,SuSiE,CSs without a shared biological lead SNP,-190,-195,-185,0,0,0,8,6
Pituitary,SuSiE,CSs without a shared biological lead SNP,-180,-185,-175,0,0,0,8,6
Pituitary,SuSiE,CSs without a shared biological lead SNP,-170,-175,-165,0,0,0,8,6
Pituitary,SuSiE,CSs without a shared biological lead SNP,-160,-165,-155,1,0.166666666666667,16.6666666666667,8,6
Pituitary,SuSiE,CSs without a shared biological lead SNP,-150,-155,-145,0,0,0,8,6
Pituitary,SuSiE,CSs without a shared biological lead SNP,-140,-145,-135,0,0,0,8,6
Pituitary,SuSiE,CSs without a shared biological lead SNP,-130,-135,-125,0,0,0,8,6
Pituitary,SuSiE,CSs without a shared biological lead SNP,-120,-125,-115,0,0,0,8,6
Pituitary,SuSiE,CSs without a shared biological lead SNP,-110,-115,-105,0,0,0,8,6
Pituitary,SuSiE,CSs without a shared biological lead SNP,-100,-105,-95,0,0,0,8,6
Pituitary,SuSiE,CSs without a shared biological lead SNP,-90,-95,-85,0,0,0,8,6
Pituitary,SuSiE,CSs without a shared biological lead SNP,-80,-85,-75,0,0,0,8,6
Pituitary,SuSiE,CSs without a shared biological lead SNP,-70,-75,-65,1,0.166666666666667,16.6666666666667,8,6
Pituitary,SuSiE,CSs without a shared biological lead SNP,-60,-65,-55,0,0,0,8,6
Pituitary,SuSiE,CSs without a shared biological lead SNP,-50,-55,-45,0,0,0,8,6
Pituitary,SuSiE,CSs without a shared biological lead SNP,-40,-45,-35,1,0.166666666666667,16.6666666666667,8,6
Pituitary,SuSiE,CSs without a shared biological lead SNP,-30,-35,-25,0,0,0,8,6
Pituitary,SuSiE,CSs without a shared biological lead SNP,-20,-25,-15,0,0,0,8,6
Pituitary,SuSiE,CSs without a shared biological lead SNP,-10,-15,-5,1,0.166666666666667,16.6666666666667,8,6
Pituitary,SuSiE,CSs without a shared biological lead SNP,0,-5,5,0,0,0,8,6
Pituitary,SuSiE,CSs without a shared biological lead SNP,10,5,15,0,0,0,8,6
Pituitary,SuSiE,CSs without a shared biological lead SNP,20,15,25,0,0,0,8,6
Pituitary,SuSiE,CSs without a shared biological lead SNP,30,25,35,1,0.166666666666667,16.6666666666667,8,6
Pituitary,SuSiE,CSs without a shared biological lead SNP,40,35,45,0,0,0,8,6
Pituitary,SuSiE,CSs without a shared biological lead SNP,50,45,55,0,0,0,8,6
Pituitary,SuSiE,CSs without a shared biological lead SNP,60,55,65,0,0,0,8,6
Pituitary,SuSiE,CSs without a shared biological lead SNP,70,65,75,0,0,0,8,6
Pituitary,SuSiE,CSs without a shared biological lead SNP,80,75,85,0,0,0,8,6
Pituitary,SuSiE,CSs without a shared biological lead SNP,90,85,95,0,0,0,8,6
Pituitary,SuSiE,CSs without a shared biological lead SNP,100,95,105,0,0,0,8,6
Pituitary,SuSiE,CSs without a shared biological lead SNP,110,105,115,0,0,0,8,6
Pituitary,SuSiE,CSs without a shared biological lead SNP,120,115,125,1,0.166666666666667,16.6666666666667,8,6
Pituitary,SuSiE,CSs without a shared biological lead SNP,130,125,135,0,0,0,8,6
Pituitary,SuSiE,CSs without a shared biological lead SNP,140,135,145,0,0,0,8,6
Pituitary,SuSiE,CSs without a shared biological lead SNP,150,145,155,0,0,0,8,6
Pituitary,SuSiE,CSs without a shared biological lead SNP,160,155,165,0,0,0,8,6
Pituitary,SuSiE,CSs without a shared biological lead SNP,170,165,175,0,0,0,8,6
Pituitary,SuSiE,CSs without a shared biological lead SNP,180,175,185,0,0,0,8,6
Pituitary,SuSiE,CSs without a shared biological lead SNP,190,185,195,0,0,0,8,6
Pituitary,SuSiE,CSs without a shared biological lead SNP,200,195,205,0,0,0,8,6
Pituitary,Weighted SuSiE-mix,CSs without a shared biological lead SNP,-200,-205,-195,0,0,0,5,3
Pituitary,Weighted SuSiE-mix,CSs without a shared biological lead SNP,-190,-195,-185,0,0,0,5,3
Pituitary,Weighted SuSiE-mix,CSs without a shared biological lead SNP,-180,-185,-175,0,0,0,5,3
Pituitary,Weighted SuSiE-mix,CSs without a shared biological lead SNP,-170,-175,-165,0,0,0,5,3
Pituitary,Weighted SuSiE-mix,CSs without a shared biological lead SNP,-160,-165,-155,0,0,0,5,3
Pituitary,Weighted SuSiE-mix,CSs without a shared biological lead SNP,-150,-155,-145,0,0,0,5,3
Pituitary,Weighted SuSiE-mix,CSs without a shared biological lead SNP,-140,-145,-135,0,0,0,5,3
Pituitary,Weighted SuSiE-mix,CSs without a shared biological lead SNP,-130,-135,-125,0,0,0,5,3
Pituitary,Weighted SuSiE-mix,CSs without a shared biological lead SNP,-120,-125,-115,0,0,0,5,3
Pituitary,Weighted SuSiE-mix,CSs without a shared biological lead SNP,-110,-115,-105,0,0,0,5,3
Pituitary,Weighted SuSiE-mix,CSs without a shared biological lead SNP,-100,-105,-95,0,0,0,5,3
Pituitary,Weighted SuSiE-mix,CSs without a shared biological lead SNP,-90,-95,-85,0,0,0,5,3
Pituitary,Weighted SuSiE-mix,CSs without a shared biological lead SNP,-80,-85,-75,0,0,0,5,3
Pituitary,Weighted SuSiE-mix,CSs without a shared biological lead SNP,-70,-75,-65,0,0,0,5,3
Pituitary,Weighted SuSiE-mix,CSs without a shared biological lead SNP,-60,-65,-55,0,0,0,5,3
Pituitary,Weighted SuSiE-mix,CSs without a shared biological lead SNP,-50,-55,-45,0,0,0,5,3
Pituitary,Weighted SuSiE-mix,CSs without a shared biological lead SNP,-40,-45,-35,0,0,0,5,3
Pituitary,Weighted SuSiE-mix,CSs without a shared biological lead SNP,-30,-35,-25,0,0,0,5,3
Pituitary,Weighted SuSiE-mix,CSs without a shared biological lead SNP,-20,-25,-15,0,0,0,5,3
Pituitary,Weighted SuSiE-mix,CSs without a shared biological lead SNP,-10,-15,-5,1,0.333333333333333,33.3333333333333,5,3
Pituitary,Weighted SuSiE-mix,CSs without a shared biological lead SNP,0,-5,5,1,0.333333333333333,33.3333333333333,5,3
Pituitary,Weighted SuSiE-mix,CSs without a shared biological lead SNP,10,5,15,0,0,0,5,3
Pituitary,Weighted SuSiE-mix,CSs without a shared biological lead SNP,20,15,25,0,0,0,5,3
Pituitary,Weighted SuSiE-mix,CSs without a shared biological lead SNP,30,25,35,1,0.333333333333333,33.3333333333333,5,3
Pituitary,Weighted SuSiE-mix,CSs without a shared biological lead SNP,40,35,45,0,0,0,5,3
Pituitary,Weighted SuSiE-mix,CSs without a shared biological lead SNP,50,45,55,0,0,0,5,3
Pituitary,Weighted SuSiE-mix,CSs without a shared biological lead SNP,60,55,65,0,0,0,5,3
Pituitary,Weighted SuSiE-mix,CSs without a shared biological lead SNP,70,65,75,0,0,0,5,3
Pituitary,Weighted SuSiE-mix,CSs without a shared biological lead SNP,80,75,85,0,0,0,5,3
Pituitary,Weighted SuSiE-mix,CSs without a shared biological lead SNP,90,85,95,0,0,0,5,3
Pituitary,Weighted SuSiE-mix,CSs without a shared biological lead SNP,100,95,105,0,0,0,5,3
Pituitary,Weighted SuSiE-mix,CSs without a shared biological lead SNP,110,105,115,0,0,0,5,3
Pituitary,Weighted SuSiE-mix,CSs without a shared biological lead SNP,120,115,125,0,0,0,5,3
Pituitary,Weighted SuSiE-mix,CSs without a shared biological lead SNP,130,125,135,0,0,0,5,3
Pituitary,Weighted SuSiE-mix,CSs without a shared biological lead SNP,140,135,145,0,0,0,5,3
Pituitary,Weighted SuSiE-mix,CSs without a shared biological lead SNP,150,145,155,0,0,0,5,3
Pituitary,Weighted SuSiE-mix,CSs without a shared biological lead SNP,160,155,165,0,0,0,5,3
Pituitary,Weighted SuSiE-mix,CSs without a shared biological lead SNP,170,165,175,0,0,0,5,3
Pituitary,Weighted SuSiE-mix,CSs without a shared biological lead SNP,180,175,185,0,0,0,5,3
Pituitary,Weighted SuSiE-mix,CSs without a shared biological lead SNP,190,185,195,0,0,0,5,3
Pituitary,Weighted SuSiE-mix,CSs without a shared biological lead SNP,200,195,205,0,0,0,5,3
Prostate,SuSiE,CSs without a shared biological lead SNP,-200,-205,-195,0,0,0,2,2
Prostate,SuSiE,CSs without a shared biological lead SNP,-190,-195,-185,0,0,0,2,2
Prostate,SuSiE,CSs without a shared biological lead SNP,-180,-185,-175,0,0,0,2,2
Prostate,SuSiE,CSs without a shared biological lead SNP,-170,-175,-165,0,0,0,2,2
Prostate,SuSiE,CSs without a shared biological lead SNP,-160,-165,-155,0,0,0,2,2
Prostate,SuSiE,CSs without a shared biological lead SNP,-150,-155,-145,0,0,0,2,2
Prostate,SuSiE,CSs without a shared biological lead SNP,-140,-145,-135,0,0,0,2,2
Prostate,SuSiE,CSs without a shared biological lead SNP,-130,-135,-125,0,0,0,2,2
Prostate,SuSiE,CSs without a shared biological lead SNP,-120,-125,-115,2,1,100,2,2
Prostate,SuSiE,CSs without a shared biological lead SNP,-110,-115,-105,0,0,0,2,2
Prostate,SuSiE,CSs without a shared biological lead SNP,-100,-105,-95,0,0,0,2,2
Prostate,SuSiE,CSs without a shared biological lead SNP,-90,-95,-85,0,0,0,2,2
Prostate,SuSiE,CSs without a shared biological lead SNP,-80,-85,-75,0,0,0,2,2
Prostate,SuSiE,CSs without a shared biological lead SNP,-70,-75,-65,0,0,0,2,2
Prostate,SuSiE,CSs without a shared biological lead SNP,-60,-65,-55,0,0,0,2,2
Prostate,SuSiE,CSs without a shared biological lead SNP,-50,-55,-45,0,0,0,2,2
Prostate,SuSiE,CSs without a shared biological lead SNP,-40,-45,-35,0,0,0,2,2
Prostate,SuSiE,CSs without a shared biological lead SNP,-30,-35,-25,0,0,0,2,2
Prostate,SuSiE,CSs without a shared biological lead SNP,-20,-25,-15,0,0,0,2,2
Prostate,SuSiE,CSs without a shared biological lead SNP,-10,-15,-5,0,0,0,2,2
Prostate,SuSiE,CSs without a shared biological lead SNP,0,-5,5,0,0,0,2,2
Prostate,SuSiE,CSs without a shared biological lead SNP,10,5,15,0,0,0,2,2
Prostate,SuSiE,CSs without a shared biological lead SNP,20,15,25,0,0,0,2,2
Prostate,SuSiE,CSs without a shared biological lead SNP,30,25,35,0,0,0,2,2
Prostate,SuSiE,CSs without a shared biological lead SNP,40,35,45,0,0,0,2,2
Prostate,SuSiE,CSs without a shared biological lead SNP,50,45,55,0,0,0,2,2
Prostate,SuSiE,CSs without a shared biological lead SNP,60,55,65,0,0,0,2,2
Prostate,SuSiE,CSs without a shared biological lead SNP,70,65,75,0,0,0,2,2
Prostate,SuSiE,CSs without a shared biological lead SNP,80,75,85,0,0,0,2,2
Prostate,SuSiE,CSs without a shared biological lead SNP,90,85,95,0,0,0,2,2
Prostate,SuSiE,CSs without a shared biological lead SNP,100,95,105,0,0,0,2,2
Prostate,SuSiE,CSs without a shared biological lead SNP,110,105,115,0,0,0,2,2
Prostate,SuSiE,CSs without a shared biological lead SNP,120,115,125,0,0,0,2,2
Prostate,SuSiE,CSs without a shared biological lead SNP,130,125,135,0,0,0,2,2
Prostate,SuSiE,CSs without a shared biological lead SNP,140,135,145,0,0,0,2,2
Prostate,SuSiE,CSs without a shared biological lead SNP,150,145,155,0,0,0,2,2
Prostate,SuSiE,CSs without a shared biological lead SNP,160,155,165,0,0,0,2,2
Prostate,SuSiE,CSs without a shared biological lead SNP,170,165,175,0,0,0,2,2
Prostate,SuSiE,CSs without a shared biological lead SNP,180,175,185,0,0,0,2,2
Prostate,SuSiE,CSs without a shared biological lead SNP,190,185,195,0,0,0,2,2
Prostate,SuSiE,CSs without a shared biological lead SNP,200,195,205,0,0,0,2,2
Prostate,Weighted SuSiE-mix,CSs without a shared biological lead SNP,-200,-205,-195,0,0,0,2,2
Prostate,Weighted SuSiE-mix,CSs without a shared biological lead SNP,-190,-195,-185,0,0,0,2,2
Prostate,Weighted SuSiE-mix,CSs without a shared biological lead SNP,-180,-185,-175,0,0,0,2,2
Prostate,Weighted SuSiE-mix,CSs without a shared biological lead SNP,-170,-175,-165,0,0,0,2,2
Prostate,Weighted SuSiE-mix,CSs without a shared biological lead SNP,-160,-165,-155,0,0,0,2,2
Prostate,Weighted SuSiE-mix,CSs without a shared biological lead SNP,-150,-155,-145,0,0,0,2,2
Prostate,Weighted SuSiE-mix,CSs without a shared biological lead SNP,-140,-145,-135,0,0,0,2,2
Prostate,Weighted SuSiE-mix,CSs without a shared biological lead SNP,-130,-135,-125,0,0,0,2,2
Prostate,Weighted SuSiE-mix,CSs without a shared biological lead SNP,-120,-125,-115,0,0,0,2,2
Prostate,Weighted SuSiE-mix,CSs without a shared biological lead SNP,-110,-115,-105,1,0.5,50,2,2
Prostate,Weighted SuSiE-mix,CSs without a shared biological lead SNP,-100,-105,-95,0,0,0,2,2
Prostate,Weighted SuSiE-mix,CSs without a shared biological lead SNP,-90,-95,-85,0,0,0,2,2
Prostate,Weighted SuSiE-mix,CSs without a shared biological lead SNP,-80,-85,-75,0,0,0,2,2
Prostate,Weighted SuSiE-mix,CSs without a shared biological lead SNP,-70,-75,-65,1,0.5,50,2,2
Prostate,Weighted SuSiE-mix,CSs without a shared biological lead SNP,-60,-65,-55,0,0,0,2,2
Prostate,Weighted SuSiE-mix,CSs without a shared biological lead SNP,-50,-55,-45,0,0,0,2,2
Prostate,Weighted SuSiE-mix,CSs without a shared biological lead SNP,-40,-45,-35,0,0,0,2,2
Prostate,Weighted SuSiE-mix,CSs without a shared biological lead SNP,-30,-35,-25,0,0,0,2,2
Prostate,Weighted SuSiE-mix,CSs without a shared biological lead SNP,-20,-25,-15,0,0,0,2,2
Prostate,Weighted SuSiE-mix,CSs without a shared biological lead SNP,-10,-15,-5,0,0,0,2,2
Prostate,Weighted SuSiE-mix,CSs without a shared biological lead SNP,0,-5,5,0,0,0,2,2
Prostate,Weighted SuSiE-mix,CSs without a shared biological lead SNP,10,5,15,0,0,0,2,2
Prostate,Weighted SuSiE-mix,CSs without a shared biological lead SNP,20,15,25,0,0,0,2,2
Prostate,Weighted SuSiE-mix,CSs without a shared biological lead SNP,30,25,35,0,0,0,2,2
Prostate,Weighted SuSiE-mix,CSs without a shared biological lead SNP,40,35,45,0,0,0,2,2
Prostate,Weighted SuSiE-mix,CSs without a shared biological lead SNP,50,45,55,0,0,0,2,2
Prostate,Weighted SuSiE-mix,CSs without a shared biological lead SNP,60,55,65,0,0,0,2,2
Prostate,Weighted SuSiE-mix,CSs without a shared biological lead SNP,70,65,75,0,0,0,2,2
Prostate,Weighted SuSiE-mix,CSs without a shared biological lead SNP,80,75,85,0,0,0,2,2
Prostate,Weighted SuSiE-mix,CSs without a shared biological lead SNP,90,85,95,0,0,0,2,2
Prostate,Weighted SuSiE-mix,CSs without a shared biological lead SNP,100,95,105,0,0,0,2,2
Prostate,Weighted SuSiE-mix,CSs without a shared biological lead SNP,110,105,115,0,0,0,2,2
Prostate,Weighted SuSiE-mix,CSs without a shared biological lead SNP,120,115,125,0,0,0,2,2
Prostate,Weighted SuSiE-mix,CSs without a shared biological lead SNP,130,125,135,0,0,0,2,2
Prostate,Weighted SuSiE-mix,CSs without a shared biological lead SNP,140,135,145,0,0,0,2,2
Prostate,Weighted SuSiE-mix,CSs without a shared biological lead SNP,150,145,155,0,0,0,2,2
Prostate,Weighted SuSiE-mix,CSs without a shared biological lead SNP,160,155,165,0,0,0,2,2
Prostate,Weighted SuSiE-mix,CSs without a shared biological lead SNP,170,165,175,0,0,0,2,2
Prostate,Weighted SuSiE-mix,CSs without a shared biological lead SNP,180,175,185,0,0,0,2,2
Prostate,Weighted SuSiE-mix,CSs without a shared biological lead SNP,190,185,195,0,0,0,2,2
Prostate,Weighted SuSiE-mix,CSs without a shared biological lead SNP,200,195,205,0,0,0,2,2
Salivary Gland,SuSiE,CSs without a shared biological lead SNP,-200,-205,-195,0,0,0,8,8
Salivary Gland,SuSiE,CSs without a shared biological lead SNP,-190,-195,-185,0,0,0,8,8
Salivary Gland,SuSiE,CSs without a shared biological lead SNP,-180,-185,-175,0,0,0,8,8
Salivary Gland,SuSiE,CSs without a shared biological lead SNP,-170,-175,-165,0,0,0,8,8
Salivary Gland,SuSiE,CSs without a shared biological lead SNP,-160,-165,-155,1,0.125,12.5,8,8
Salivary Gland,SuSiE,CSs without a shared biological lead SNP,-150,-155,-145,0,0,0,8,8
Salivary Gland,SuSiE,CSs without a shared biological lead SNP,-140,-145,-135,0,0,0,8,8
Salivary Gland,SuSiE,CSs without a shared biological lead SNP,-130,-135,-125,0,0,0,8,8
Salivary Gland,SuSiE,CSs without a shared biological lead SNP,-120,-125,-115,0,0,0,8,8
Salivary Gland,SuSiE,CSs without a shared biological lead SNP,-110,-115,-105,0,0,0,8,8
Salivary Gland,SuSiE,CSs without a shared biological lead SNP,-100,-105,-95,1,0.125,12.5,8,8
Salivary Gland,SuSiE,CSs without a shared biological lead SNP,-90,-95,-85,0,0,0,8,8
Salivary Gland,SuSiE,CSs without a shared biological lead SNP,-80,-85,-75,0,0,0,8,8
Salivary Gland,SuSiE,CSs without a shared biological lead SNP,-70,-75,-65,0,0,0,8,8
Salivary Gland,SuSiE,CSs without a shared biological lead SNP,-60,-65,-55,0,0,0,8,8
Salivary Gland,SuSiE,CSs without a shared biological lead SNP,-50,-55,-45,0,0,0,8,8
Salivary Gland,SuSiE,CSs without a shared biological lead SNP,-40,-45,-35,2,0.25,25,8,8
Salivary Gland,SuSiE,CSs without a shared biological lead SNP,-30,-35,-25,0,0,0,8,8
Salivary Gland,SuSiE,CSs without a shared biological lead SNP,-20,-25,-15,2,0.25,25,8,8
Salivary Gland,SuSiE,CSs without a shared biological lead SNP,-10,-15,-5,0,0,0,8,8
Salivary Gland,SuSiE,CSs without a shared biological lead SNP,0,-5,5,1,0.125,12.5,8,8
Salivary Gland,SuSiE,CSs without a shared biological lead SNP,10,5,15,0,0,0,8,8
Salivary Gland,SuSiE,CSs without a shared biological lead SNP,20,15,25,0,0,0,8,8
Salivary Gland,SuSiE,CSs without a shared biological lead SNP,30,25,35,0,0,0,8,8
Salivary Gland,SuSiE,CSs without a shared biological lead SNP,40,35,45,0,0,0,8,8
Salivary Gland,SuSiE,CSs without a shared biological lead SNP,50,45,55,0,0,0,8,8
Salivary Gland,SuSiE,CSs without a shared biological lead SNP,60,55,65,0,0,0,8,8
Salivary Gland,SuSiE,CSs without a shared biological lead SNP,70,65,75,0,0,0,8,8
Salivary Gland,SuSiE,CSs without a shared biological lead SNP,80,75,85,0,0,0,8,8
Salivary Gland,SuSiE,CSs without a shared biological lead SNP,90,85,95,0,0,0,8,8
Salivary Gland,SuSiE,CSs without a shared biological lead SNP,100,95,105,0,0,0,8,8
Salivary Gland,SuSiE,CSs without a shared biological lead SNP,110,105,115,0,0,0,8,8
Salivary Gland,SuSiE,CSs without a shared biological lead SNP,120,115,125,0,0,0,8,8
Salivary Gland,SuSiE,CSs without a shared biological lead SNP,130,125,135,0,0,0,8,8
Salivary Gland,SuSiE,CSs without a shared biological lead SNP,140,135,145,1,0.125,12.5,8,8
Salivary Gland,SuSiE,CSs without a shared biological lead SNP,150,145,155,0,0,0,8,8
Salivary Gland,SuSiE,CSs without a shared biological lead SNP,160,155,165,0,0,0,8,8
Salivary Gland,SuSiE,CSs without a shared biological lead SNP,170,165,175,0,0,0,8,8
Salivary Gland,SuSiE,CSs without a shared biological lead SNP,180,175,185,0,0,0,8,8
Salivary Gland,SuSiE,CSs without a shared biological lead SNP,190,185,195,0,0,0,8,8
Salivary Gland,SuSiE,CSs without a shared biological lead SNP,200,195,205,0,0,0,8,8
Salivary Gland,Weighted SuSiE-mix,CSs without a shared biological lead SNP,-200,-205,-195,0,0,0,6,6
Salivary Gland,Weighted SuSiE-mix,CSs without a shared biological lead SNP,-190,-195,-185,0,0,0,6,6
Salivary Gland,Weighted SuSiE-mix,CSs without a shared biological lead SNP,-180,-185,-175,0,0,0,6,6
Salivary Gland,Weighted SuSiE-mix,CSs without a shared biological lead SNP,-170,-175,-165,0,0,0,6,6
Salivary Gland,Weighted SuSiE-mix,CSs without a shared biological lead SNP,-160,-165,-155,0,0,0,6,6
Salivary Gland,Weighted SuSiE-mix,CSs without a shared biological lead SNP,-150,-155,-145,0,0,0,6,6
Salivary Gland,Weighted SuSiE-mix,CSs without a shared biological lead SNP,-140,-145,-135,0,0,0,6,6
Salivary Gland,Weighted SuSiE-mix,CSs without a shared biological lead SNP,-130,-135,-125,0,0,0,6,6
Salivary Gland,Weighted SuSiE-mix,CSs without a shared biological lead SNP,-120,-125,-115,0,0,0,6,6
Salivary Gland,Weighted SuSiE-mix,CSs without a shared biological lead SNP,-110,-115,-105,1,0.166666666666667,16.6666666666667,6,6
Salivary Gland,Weighted SuSiE-mix,CSs without a shared biological lead SNP,-100,-105,-95,0,0,0,6,6
Salivary Gland,Weighted SuSiE-mix,CSs without a shared biological lead SNP,-90,-95,-85,0,0,0,6,6
Salivary Gland,Weighted SuSiE-mix,CSs without a shared biological lead SNP,-80,-85,-75,0,0,0,6,6
Salivary Gland,Weighted SuSiE-mix,CSs without a shared biological lead SNP,-70,-75,-65,1,0.166666666666667,16.6666666666667,6,6
Salivary Gland,Weighted SuSiE-mix,CSs without a shared biological lead SNP,-60,-65,-55,0,0,0,6,6
Salivary Gland,Weighted SuSiE-mix,CSs without a shared biological lead SNP,-50,-55,-45,1,0.166666666666667,16.6666666666667,6,6
Salivary Gland,Weighted SuSiE-mix,CSs without a shared biological lead SNP,-40,-45,-35,0,0,0,6,6
Salivary Gland,Weighted SuSiE-mix,CSs without a shared biological lead SNP,-30,-35,-25,0,0,0,6,6
Salivary Gland,Weighted SuSiE-mix,CSs without a shared biological lead SNP,-20,-25,-15,0,0,0,6,6
Salivary Gland,Weighted SuSiE-mix,CSs without a shared biological lead SNP,-10,-15,-5,0,0,0,6,6
Salivary Gland,Weighted SuSiE-mix,CSs without a shared biological lead SNP,0,-5,5,1,0.166666666666667,16.6666666666667,6,6
Salivary Gland,Weighted SuSiE-mix,CSs without a shared biological lead SNP,10,5,15,0,0,0,6,6
Salivary Gland,Weighted SuSiE-mix,CSs without a shared biological lead SNP,20,15,25,0,0,0,6,6
Salivary Gland,Weighted SuSiE-mix,CSs without a shared biological lead SNP,30,25,35,0,0,0,6,6
Salivary Gland,Weighted SuSiE-mix,CSs without a shared biological lead SNP,40,35,45,0,0,0,6,6
Salivary Gland,Weighted SuSiE-mix,CSs without a shared biological lead SNP,50,45,55,0,0,0,6,6
Salivary Gland,Weighted SuSiE-mix,CSs without a shared biological lead SNP,60,55,65,0,0,0,6,6
Salivary Gland,Weighted SuSiE-mix,CSs without a shared biological lead SNP,70,65,75,1,0.166666666666667,16.6666666666667,6,6
Salivary Gland,Weighted SuSiE-mix,CSs without a shared biological lead SNP,80,75,85,1,0.166666666666667,16.6666666666667,6,6
Salivary Gland,Weighted SuSiE-mix,CSs without a shared biological lead SNP,90,85,95,0,0,0,6,6
Salivary Gland,Weighted SuSiE-mix,CSs without a shared biological lead SNP,100,95,105,0,0,0,6,6
Salivary Gland,Weighted SuSiE-mix,CSs without a shared biological lead SNP,110,105,115,0,0,0,6,6
Salivary Gland,Weighted SuSiE-mix,CSs without a shared biological lead SNP,120,115,125,0,0,0,6,6
Salivary Gland,Weighted SuSiE-mix,CSs without a shared biological lead SNP,130,125,135,0,0,0,6,6
Salivary Gland,Weighted SuSiE-mix,CSs without a shared biological lead SNP,140,135,145,0,0,0,6,6
Salivary Gland,Weighted SuSiE-mix,CSs without a shared biological lead SNP,150,145,155,0,0,0,6,6
Salivary Gland,Weighted SuSiE-mix,CSs without a shared biological lead SNP,160,155,165,0,0,0,6,6
Salivary Gland,Weighted SuSiE-mix,CSs without a shared biological lead SNP,170,165,175,0,0,0,6,6
Salivary Gland,Weighted SuSiE-mix,CSs without a shared biological lead SNP,180,175,185,0,0,0,6,6
Salivary Gland,Weighted SuSiE-mix,CSs without a shared biological lead SNP,190,185,195,0,0,0,6,6
Salivary Gland,Weighted SuSiE-mix,CSs without a shared biological lead SNP,200,195,205,0,0,0,6,6
Skin,SuSiE,CSs without a shared biological lead SNP,-200,-205,-195,0,0,0,35,31
Skin,SuSiE,CSs without a shared biological lead SNP,-190,-195,-185,0,0,0,35,31
Skin,SuSiE,CSs without a shared biological lead SNP,-180,-185,-175,1,0.032258064516129,3.2258064516129,35,31
Skin,SuSiE,CSs without a shared biological lead SNP,-170,-175,-165,1,0.032258064516129,3.2258064516129,35,31
Skin,SuSiE,CSs without a shared biological lead SNP,-160,-165,-155,0,0,0,35,31
Skin,SuSiE,CSs without a shared biological lead SNP,-150,-155,-145,1,0.032258064516129,3.2258064516129,35,31
Skin,SuSiE,CSs without a shared biological lead SNP,-140,-145,-135,0,0,0,35,31
Skin,SuSiE,CSs without a shared biological lead SNP,-130,-135,-125,0,0,0,35,31
Skin,SuSiE,CSs without a shared biological lead SNP,-120,-125,-115,0,0,0,35,31
Skin,SuSiE,CSs without a shared biological lead SNP,-110,-115,-105,0,0,0,35,31
Skin,SuSiE,CSs without a shared biological lead SNP,-100,-105,-95,0,0,0,35,31
Skin,SuSiE,CSs without a shared biological lead SNP,-90,-95,-85,0,0,0,35,31
Skin,SuSiE,CSs without a shared biological lead SNP,-80,-85,-75,0,0,0,35,31
Skin,SuSiE,CSs without a shared biological lead SNP,-70,-75,-65,0,0,0,35,31
Skin,SuSiE,CSs without a shared biological lead SNP,-60,-65,-55,3,0.0967741935483871,9.67741935483871,35,31
Skin,SuSiE,CSs without a shared biological lead SNP,-50,-55,-45,1,0.032258064516129,3.2258064516129,35,31
Skin,SuSiE,CSs without a shared biological lead SNP,-40,-45,-35,2,0.0645161290322581,6.45161290322581,35,31
Skin,SuSiE,CSs without a shared biological lead SNP,-30,-35,-25,0,0,0,35,31
Skin,SuSiE,CSs without a shared biological lead SNP,-20,-25,-15,4,0.129032258064516,12.9032258064516,35,31
Skin,SuSiE,CSs without a shared biological lead SNP,-10,-15,-5,2,0.0645161290322581,6.45161290322581,35,31
Skin,SuSiE,CSs without a shared biological lead SNP,0,-5,5,6,0.193548387096774,19.3548387096774,35,31
Skin,SuSiE,CSs without a shared biological lead SNP,10,5,15,2,0.0645161290322581,6.45161290322581,35,31
Skin,SuSiE,CSs without a shared biological lead SNP,20,15,25,1,0.032258064516129,3.2258064516129,35,31
Skin,SuSiE,CSs without a shared biological lead SNP,30,25,35,2,0.0645161290322581,6.45161290322581,35,31
Skin,SuSiE,CSs without a shared biological lead SNP,40,35,45,0,0,0,35,31
Skin,SuSiE,CSs without a shared biological lead SNP,50,45,55,2,0.0645161290322581,6.45161290322581,35,31
Skin,SuSiE,CSs without a shared biological lead SNP,60,55,65,1,0.032258064516129,3.2258064516129,35,31
Skin,SuSiE,CSs without a shared biological lead SNP,70,65,75,0,0,0,35,31
Skin,SuSiE,CSs without a shared biological lead SNP,80,75,85,1,0.032258064516129,3.2258064516129,35,31
Skin,SuSiE,CSs without a shared biological lead SNP,90,85,95,0,0,0,35,31
Skin,SuSiE,CSs without a shared biological lead SNP,100,95,105,0,0,0,35,31
Skin,SuSiE,CSs without a shared biological lead SNP,110,105,115,1,0.032258064516129,3.2258064516129,35,31
Skin,SuSiE,CSs without a shared biological lead SNP,120,115,125,0,0,0,35,31
Skin,SuSiE,CSs without a shared biological lead SNP,130,125,135,0,0,0,35,31
Skin,SuSiE,CSs without a shared biological lead SNP,140,135,145,0,0,0,35,31
Skin,SuSiE,CSs without a shared biological lead SNP,150,145,155,0,0,0,35,31
Skin,SuSiE,CSs without a shared biological lead SNP,160,155,165,0,0,0,35,31
Skin,SuSiE,CSs without a shared biological lead SNP,170,165,175,0,0,0,35,31
Skin,SuSiE,CSs without a shared biological lead SNP,180,175,185,0,0,0,35,31
Skin,SuSiE,CSs without a shared biological lead SNP,190,185,195,0,0,0,35,31
Skin,SuSiE,CSs without a shared biological lead SNP,200,195,205,0,0,0,35,31
Skin,Weighted SuSiE-mix,CSs without a shared biological lead SNP,-200,-205,-195,0,0,0,24,22
Skin,Weighted SuSiE-mix,CSs without a shared biological lead SNP,-190,-195,-185,1,0.0454545454545455,4.54545454545455,24,22
Skin,Weighted SuSiE-mix,CSs without a shared biological lead SNP,-180,-185,-175,0,0,0,24,22
Skin,Weighted SuSiE-mix,CSs without a shared biological lead SNP,-170,-175,-165,0,0,0,24,22
Skin,Weighted SuSiE-mix,CSs without a shared biological lead SNP,-160,-165,-155,0,0,0,24,22
Skin,Weighted SuSiE-mix,CSs without a shared biological lead SNP,-150,-155,-145,0,0,0,24,22
Skin,Weighted SuSiE-mix,CSs without a shared biological lead SNP,-140,-145,-135,0,0,0,24,22
Skin,Weighted SuSiE-mix,CSs without a shared biological lead SNP,-130,-135,-125,0,0,0,24,22
Skin,Weighted SuSiE-mix,CSs without a shared biological lead SNP,-120,-125,-115,0,0,0,24,22
Skin,Weighted SuSiE-mix,CSs without a shared biological lead SNP,-110,-115,-105,0,0,0,24,22
Skin,Weighted SuSiE-mix,CSs without a shared biological lead SNP,-100,-105,-95,0,0,0,24,22
Skin,Weighted SuSiE-mix,CSs without a shared biological lead SNP,-90,-95,-85,0,0,0,24,22
Skin,Weighted SuSiE-mix,CSs without a shared biological lead SNP,-80,-85,-75,2,0.0909090909090909,9.09090909090909,24,22
Skin,Weighted SuSiE-mix,CSs without a shared biological lead SNP,-70,-75,-65,0,0,0,24,22
Skin,Weighted SuSiE-mix,CSs without a shared biological lead SNP,-60,-65,-55,0,0,0,24,22
Skin,Weighted SuSiE-mix,CSs without a shared biological lead SNP,-50,-55,-45,1,0.0454545454545455,4.54545454545455,24,22
Skin,Weighted SuSiE-mix,CSs without a shared biological lead SNP,-40,-45,-35,2,0.0909090909090909,9.09090909090909,24,22
Skin,Weighted SuSiE-mix,CSs without a shared biological lead SNP,-30,-35,-25,0,0,0,24,22
Skin,Weighted SuSiE-mix,CSs without a shared biological lead SNP,-20,-25,-15,2,0.0909090909090909,9.09090909090909,24,22
Skin,Weighted SuSiE-mix,CSs without a shared biological lead SNP,-10,-15,-5,2,0.0909090909090909,9.09090909090909,24,22
Skin,Weighted SuSiE-mix,CSs without a shared biological lead SNP,0,-5,5,4,0.181818181818182,18.1818181818182,24,22
Skin,Weighted SuSiE-mix,CSs without a shared biological lead SNP,10,5,15,4,0.181818181818182,18.1818181818182,24,22
Skin,Weighted SuSiE-mix,CSs without a shared biological lead SNP,20,15,25,0,0,0,24,22
Skin,Weighted SuSiE-mix,CSs without a shared biological lead SNP,30,25,35,0,0,0,24,22
Skin,Weighted SuSiE-mix,CSs without a shared biological lead SNP,40,35,45,0,0,0,24,22
Skin,Weighted SuSiE-mix,CSs without a shared biological lead SNP,50,45,55,0,0,0,24,22
Skin,Weighted SuSiE-mix,CSs without a shared biological lead SNP,60,55,65,2,0.0909090909090909,9.09090909090909,24,22
Skin,Weighted SuSiE-mix,CSs without a shared biological lead SNP,70,65,75,0,0,0,24,22
Skin,Weighted SuSiE-mix,CSs without a shared biological lead SNP,80,75,85,0,0,0,24,22
Skin,Weighted SuSiE-mix,CSs without a shared biological lead SNP,90,85,95,0,0,0,24,22
Skin,Weighted SuSiE-mix,CSs without a shared biological lead SNP,100,95,105,0,0,0,24,22
Skin,Weighted SuSiE-mix,CSs without a shared biological lead SNP,110,105,115,1,0.0454545454545455,4.54545454545455,24,22
Skin,Weighted SuSiE-mix,CSs without a shared biological lead SNP,120,115,125,0,0,0,24,22
Skin,Weighted SuSiE-mix,CSs without a shared biological lead SNP,130,125,135,0,0,0,24,22
Skin,Weighted SuSiE-mix,CSs without a shared biological lead SNP,140,135,145,0,0,0,24,22
Skin,Weighted SuSiE-mix,CSs without a shared biological lead SNP,150,145,155,0,0,0,24,22
Skin,Weighted SuSiE-mix,CSs without a shared biological lead SNP,160,155,165,0,0,0,24,22
Skin,Weighted SuSiE-mix,CSs without a shared biological lead SNP,170,165,175,0,0,0,24,22
Skin,Weighted SuSiE-mix,CSs without a shared biological lead SNP,180,175,185,0,0,0,24,22
Skin,Weighted SuSiE-mix,CSs without a shared biological lead SNP,190,185,195,0,0,0,24,22
Skin,Weighted SuSiE-mix,CSs without a shared biological lead SNP,200,195,205,1,0.0454545454545455,4.54545454545455,24,22
Small Intestine,SuSiE,CSs without a shared biological lead SNP,-200,-205,-195,0,0,0,4,4
Small Intestine,SuSiE,CSs without a shared biological lead SNP,-190,-195,-185,1,0.25,25,4,4
Small Intestine,SuSiE,CSs without a shared biological lead SNP,-180,-185,-175,0,0,0,4,4
Small Intestine,SuSiE,CSs without a shared biological lead SNP,-170,-175,-165,0,0,0,4,4
Small Intestine,SuSiE,CSs without a shared biological lead SNP,-160,-165,-155,0,0,0,4,4
Small Intestine,SuSiE,CSs without a shared biological lead SNP,-150,-155,-145,0,0,0,4,4
Small Intestine,SuSiE,CSs without a shared biological lead SNP,-140,-145,-135,0,0,0,4,4
Small Intestine,SuSiE,CSs without a shared biological lead SNP,-130,-135,-125,0,0,0,4,4
Small Intestine,SuSiE,CSs without a shared biological lead SNP,-120,-125,-115,0,0,0,4,4
Small Intestine,SuSiE,CSs without a shared biological lead SNP,-110,-115,-105,0,0,0,4,4
Small Intestine,SuSiE,CSs without a shared biological lead SNP,-100,-105,-95,0,0,0,4,4
Small Intestine,SuSiE,CSs without a shared biological lead SNP,-90,-95,-85,0,0,0,4,4
Small Intestine,SuSiE,CSs without a shared biological lead SNP,-80,-85,-75,0,0,0,4,4
Small Intestine,SuSiE,CSs without a shared biological lead SNP,-70,-75,-65,0,0,0,4,4
Small Intestine,SuSiE,CSs without a shared biological lead SNP,-60,-65,-55,0,0,0,4,4
Small Intestine,SuSiE,CSs without a shared biological lead SNP,-50,-55,-45,0,0,0,4,4
Small Intestine,SuSiE,CSs without a shared biological lead SNP,-40,-45,-35,0,0,0,4,4
Small Intestine,SuSiE,CSs without a shared biological lead SNP,-30,-35,-25,0,0,0,4,4
Small Intestine,SuSiE,CSs without a shared biological lead SNP,-20,-25,-15,1,0.25,25,4,4
Small Intestine,SuSiE,CSs without a shared biological lead SNP,-10,-15,-5,1,0.25,25,4,4
Small Intestine,SuSiE,CSs without a shared biological lead SNP,0,-5,5,1,0.25,25,4,4
Small Intestine,SuSiE,CSs without a shared biological lead SNP,10,5,15,0,0,0,4,4
Small Intestine,SuSiE,CSs without a shared biological lead SNP,20,15,25,0,0,0,4,4
Small Intestine,SuSiE,CSs without a shared biological lead SNP,30,25,35,0,0,0,4,4
Small Intestine,SuSiE,CSs without a shared biological lead SNP,40,35,45,0,0,0,4,4
Small Intestine,SuSiE,CSs without a shared biological lead SNP,50,45,55,0,0,0,4,4
Small Intestine,SuSiE,CSs without a shared biological lead SNP,60,55,65,0,0,0,4,4
Small Intestine,SuSiE,CSs without a shared biological lead SNP,70,65,75,0,0,0,4,4
Small Intestine,SuSiE,CSs without a shared biological lead SNP,80,75,85,0,0,0,4,4
Small Intestine,SuSiE,CSs without a shared biological lead SNP,90,85,95,0,0,0,4,4
Small Intestine,SuSiE,CSs without a shared biological lead SNP,100,95,105,0,0,0,4,4
Small Intestine,SuSiE,CSs without a shared biological lead SNP,110,105,115,0,0,0,4,4
Small Intestine,SuSiE,CSs without a shared biological lead SNP,120,115,125,0,0,0,4,4
Small Intestine,SuSiE,CSs without a shared biological lead SNP,130,125,135,0,0,0,4,4
Small Intestine,SuSiE,CSs without a shared biological lead SNP,140,135,145,0,0,0,4,4
Small Intestine,SuSiE,CSs without a shared biological lead SNP,150,145,155,0,0,0,4,4
Small Intestine,SuSiE,CSs without a shared biological lead SNP,160,155,165,0,0,0,4,4
Small Intestine,SuSiE,CSs without a shared biological lead SNP,170,165,175,0,0,0,4,4
Small Intestine,SuSiE,CSs without a shared biological lead SNP,180,175,185,0,0,0,4,4
Small Intestine,SuSiE,CSs without a shared biological lead SNP,190,185,195,0,0,0,4,4
Small Intestine,SuSiE,CSs without a shared biological lead SNP,200,195,205,0,0,0,4,4
Small Intestine,Weighted SuSiE-mix,CSs without a shared biological lead SNP,-200,-205,-195,0,0,0,4,4
Small Intestine,Weighted SuSiE-mix,CSs without a shared biological lead SNP,-190,-195,-185,0,0,0,4,4
Small Intestine,Weighted SuSiE-mix,CSs without a shared biological lead SNP,-180,-185,-175,0,0,0,4,4
Small Intestine,Weighted SuSiE-mix,CSs without a shared biological lead SNP,-170,-175,-165,0,0,0,4,4
Small Intestine,Weighted SuSiE-mix,CSs without a shared biological lead SNP,-160,-165,-155,0,0,0,4,4
Small Intestine,Weighted SuSiE-mix,CSs without a shared biological lead SNP,-150,-155,-145,0,0,0,4,4
Small Intestine,Weighted SuSiE-mix,CSs without a shared biological lead SNP,-140,-145,-135,0,0,0,4,4
Small Intestine,Weighted SuSiE-mix,CSs without a shared biological lead SNP,-130,-135,-125,1,0.25,25,4,4
Small Intestine,Weighted SuSiE-mix,CSs without a shared biological lead SNP,-120,-125,-115,0,0,0,4,4
Small Intestine,Weighted SuSiE-mix,CSs without a shared biological lead SNP,-110,-115,-105,0,0,0,4,4
Small Intestine,Weighted SuSiE-mix,CSs without a shared biological lead SNP,-100,-105,-95,0,0,0,4,4
Small Intestine,Weighted SuSiE-mix,CSs without a shared biological lead SNP,-90,-95,-85,0,0,0,4,4
Small Intestine,Weighted SuSiE-mix,CSs without a shared biological lead SNP,-80,-85,-75,0,0,0,4,4
Small Intestine,Weighted SuSiE-mix,CSs without a shared biological lead SNP,-70,-75,-65,0,0,0,4,4
Small Intestine,Weighted SuSiE-mix,CSs without a shared biological lead SNP,-60,-65,-55,0,0,0,4,4
Small Intestine,Weighted SuSiE-mix,CSs without a shared biological lead SNP,-50,-55,-45,0,0,0,4,4
Small Intestine,Weighted SuSiE-mix,CSs without a shared biological lead SNP,-40,-45,-35,0,0,0,4,4
Small Intestine,Weighted SuSiE-mix,CSs without a shared biological lead SNP,-30,-35,-25,1,0.25,25,4,4
Small Intestine,Weighted SuSiE-mix,CSs without a shared biological lead SNP,-20,-25,-15,0,0,0,4,4
Small Intestine,Weighted SuSiE-mix,CSs without a shared biological lead SNP,-10,-15,-5,1,0.25,25,4,4
Small Intestine,Weighted SuSiE-mix,CSs without a shared biological lead SNP,0,-5,5,1,0.25,25,4,4
Small Intestine,Weighted SuSiE-mix,CSs without a shared biological lead SNP,10,5,15,0,0,0,4,4
Small Intestine,Weighted SuSiE-mix,CSs without a shared biological lead SNP,20,15,25,0,0,0,4,4
Small Intestine,Weighted SuSiE-mix,CSs without a shared biological lead SNP,30,25,35,0,0,0,4,4
Small Intestine,Weighted SuSiE-mix,CSs without a shared biological lead SNP,40,35,45,0,0,0,4,4
Small Intestine,Weighted SuSiE-mix,CSs without a shared biological lead SNP,50,45,55,0,0,0,4,4
Small Intestine,Weighted SuSiE-mix,CSs without a shared biological lead SNP,60,55,65,0,0,0,4,4
Small Intestine,Weighted SuSiE-mix,CSs without a shared biological lead SNP,70,65,75,0,0,0,4,4
Small Intestine,Weighted SuSiE-mix,CSs without a shared biological lead SNP,80,75,85,0,0,0,4,4
Small Intestine,Weighted SuSiE-mix,CSs without a shared biological lead SNP,90,85,95,0,0,0,4,4
Small Intestine,Weighted SuSiE-mix,CSs without a shared biological lead SNP,100,95,105,0,0,0,4,4
Small Intestine,Weighted SuSiE-mix,CSs without a shared biological lead SNP,110,105,115,0,0,0,4,4
Small Intestine,Weighted SuSiE-mix,CSs without a shared biological lead SNP,120,115,125,0,0,0,4,4
Small Intestine,Weighted SuSiE-mix,CSs without a shared biological lead SNP,130,125,135,0,0,0,4,4
Small Intestine,Weighted SuSiE-mix,CSs without a shared biological lead SNP,140,135,145,0,0,0,4,4
Small Intestine,Weighted SuSiE-mix,CSs without a shared biological lead SNP,150,145,155,0,0,0,4,4
Small Intestine,Weighted SuSiE-mix,CSs without a shared biological lead SNP,160,155,165,0,0,0,4,4
Small Intestine,Weighted SuSiE-mix,CSs without a shared biological lead SNP,170,165,175,0,0,0,4,4
Small Intestine,Weighted SuSiE-mix,CSs without a shared biological lead SNP,180,175,185,0,0,0,4,4
Small Intestine,Weighted SuSiE-mix,CSs without a shared biological lead SNP,190,185,195,0,0,0,4,4
Small Intestine,Weighted SuSiE-mix,CSs without a shared biological lead SNP,200,195,205,0,0,0,4,4
Spleen,SuSiE,CSs without a shared biological lead SNP,-200,-205,-195,0,0,0,14,14
Spleen,SuSiE,CSs without a shared biological lead SNP,-190,-195,-185,0,0,0,14,14
Spleen,SuSiE,CSs without a shared biological lead SNP,-180,-185,-175,0,0,0,14,14
Spleen,SuSiE,CSs without a shared biological lead SNP,-170,-175,-165,0,0,0,14,14
Spleen,SuSiE,CSs without a shared biological lead SNP,-160,-165,-155,0,0,0,14,14
Spleen,SuSiE,CSs without a shared biological lead SNP,-150,-155,-145,0,0,0,14,14
Spleen,SuSiE,CSs without a shared biological lead SNP,-140,-145,-135,1,0.0714285714285714,7.14285714285714,14,14
Spleen,SuSiE,CSs without a shared biological lead SNP,-130,-135,-125,0,0,0,14,14
Spleen,SuSiE,CSs without a shared biological lead SNP,-120,-125,-115,0,0,0,14,14
Spleen,SuSiE,CSs without a shared biological lead SNP,-110,-115,-105,1,0.0714285714285714,7.14285714285714,14,14
Spleen,SuSiE,CSs without a shared biological lead SNP,-100,-105,-95,0,0,0,14,14
Spleen,SuSiE,CSs without a shared biological lead SNP,-90,-95,-85,0,0,0,14,14
Spleen,SuSiE,CSs without a shared biological lead SNP,-80,-85,-75,1,0.0714285714285714,7.14285714285714,14,14
Spleen,SuSiE,CSs without a shared biological lead SNP,-70,-75,-65,0,0,0,14,14
Spleen,SuSiE,CSs without a shared biological lead SNP,-60,-65,-55,0,0,0,14,14
Spleen,SuSiE,CSs without a shared biological lead SNP,-50,-55,-45,0,0,0,14,14
Spleen,SuSiE,CSs without a shared biological lead SNP,-40,-45,-35,0,0,0,14,14
Spleen,SuSiE,CSs without a shared biological lead SNP,-30,-35,-25,3,0.214285714285714,21.4285714285714,14,14
Spleen,SuSiE,CSs without a shared biological lead SNP,-20,-25,-15,0,0,0,14,14
Spleen,SuSiE,CSs without a shared biological lead SNP,-10,-15,-5,0,0,0,14,14
Spleen,SuSiE,CSs without a shared biological lead SNP,0,-5,5,4,0.285714285714286,28.5714285714286,14,14
Spleen,SuSiE,CSs without a shared biological lead SNP,10,5,15,1,0.0714285714285714,7.14285714285714,14,14
Spleen,SuSiE,CSs without a shared biological lead SNP,20,15,25,1,0.0714285714285714,7.14285714285714,14,14
Spleen,SuSiE,CSs without a shared biological lead SNP,30,25,35,0,0,0,14,14
Spleen,SuSiE,CSs without a shared biological lead SNP,40,35,45,0,0,0,14,14
Spleen,SuSiE,CSs without a shared biological lead SNP,50,45,55,0,0,0,14,14
Spleen,SuSiE,CSs without a shared biological lead SNP,60,55,65,1,0.0714285714285714,7.14285714285714,14,14
Spleen,SuSiE,CSs without a shared biological lead SNP,70,65,75,0,0,0,14,14
Spleen,SuSiE,CSs without a shared biological lead SNP,80,75,85,0,0,0,14,14
Spleen,SuSiE,CSs without a shared biological lead SNP,90,85,95,0,0,0,14,14
Spleen,SuSiE,CSs without a shared biological lead SNP,100,95,105,1,0.0714285714285714,7.14285714285714,14,14
Spleen,SuSiE,CSs without a shared biological lead SNP,110,105,115,0,0,0,14,14
Spleen,SuSiE,CSs without a shared biological lead SNP,120,115,125,0,0,0,14,14
Spleen,SuSiE,CSs without a shared biological lead SNP,130,125,135,0,0,0,14,14
Spleen,SuSiE,CSs without a shared biological lead SNP,140,135,145,0,0,0,14,14
Spleen,SuSiE,CSs without a shared biological lead SNP,150,145,155,0,0,0,14,14
Spleen,SuSiE,CSs without a shared biological lead SNP,160,155,165,0,0,0,14,14
Spleen,SuSiE,CSs without a shared biological lead SNP,170,165,175,0,0,0,14,14
Spleen,SuSiE,CSs without a shared biological lead SNP,180,175,185,0,0,0,14,14
Spleen,SuSiE,CSs without a shared biological lead SNP,190,185,195,0,0,0,14,14
Spleen,SuSiE,CSs without a shared biological lead SNP,200,195,205,0,0,0,14,14
Spleen,Weighted SuSiE-mix,CSs without a shared biological lead SNP,-200,-205,-195,0,0,0,9,9
Spleen,Weighted SuSiE-mix,CSs without a shared biological lead SNP,-190,-195,-185,0,0,0,9,9
Spleen,Weighted SuSiE-mix,CSs without a shared biological lead SNP,-180,-185,-175,0,0,0,9,9
Spleen,Weighted SuSiE-mix,CSs without a shared biological lead SNP,-170,-175,-165,0,0,0,9,9
Spleen,Weighted SuSiE-mix,CSs without a shared biological lead SNP,-160,-165,-155,0,0,0,9,9
Spleen,Weighted SuSiE-mix,CSs without a shared biological lead SNP,-150,-155,-145,0,0,0,9,9
Spleen,Weighted SuSiE-mix,CSs without a shared biological lead SNP,-140,-145,-135,0,0,0,9,9
Spleen,Weighted SuSiE-mix,CSs without a shared biological lead SNP,-130,-135,-125,0,0,0,9,9
Spleen,Weighted SuSiE-mix,CSs without a shared biological lead SNP,-120,-125,-115,0,0,0,9,9
Spleen,Weighted SuSiE-mix,CSs without a shared biological lead SNP,-110,-115,-105,0,0,0,9,9
Spleen,Weighted SuSiE-mix,CSs without a shared biological lead SNP,-100,-105,-95,1,0.111111111111111,11.1111111111111,9,9
Spleen,Weighted SuSiE-mix,CSs without a shared biological lead SNP,-90,-95,-85,0,0,0,9,9
Spleen,Weighted SuSiE-mix,CSs without a shared biological lead SNP,-80,-85,-75,0,0,0,9,9
Spleen,Weighted SuSiE-mix,CSs without a shared biological lead SNP,-70,-75,-65,1,0.111111111111111,11.1111111111111,9,9
Spleen,Weighted SuSiE-mix,CSs without a shared biological lead SNP,-60,-65,-55,0,0,0,9,9
Spleen,Weighted SuSiE-mix,CSs without a shared biological lead SNP,-50,-55,-45,1,0.111111111111111,11.1111111111111,9,9
Spleen,Weighted SuSiE-mix,CSs without a shared biological lead SNP,-40,-45,-35,0,0,0,9,9
Spleen,Weighted SuSiE-mix,CSs without a shared biological lead SNP,-30,-35,-25,0,0,0,9,9
Spleen,Weighted SuSiE-mix,CSs without a shared biological lead SNP,-20,-25,-15,0,0,0,9,9
Spleen,Weighted SuSiE-mix,CSs without a shared biological lead SNP,-10,-15,-5,1,0.111111111111111,11.1111111111111,9,9
Spleen,Weighted SuSiE-mix,CSs without a shared biological lead SNP,0,-5,5,2,0.222222222222222,22.2222222222222,9,9
Spleen,Weighted SuSiE-mix,CSs without a shared biological lead SNP,10,5,15,1,0.111111111111111,11.1111111111111,9,9
Spleen,Weighted SuSiE-mix,CSs without a shared biological lead SNP,20,15,25,1,0.111111111111111,11.1111111111111,9,9
Spleen,Weighted SuSiE-mix,CSs without a shared biological lead SNP,30,25,35,0,0,0,9,9
Spleen,Weighted SuSiE-mix,CSs without a shared biological lead SNP,40,35,45,0,0,0,9,9
Spleen,Weighted SuSiE-mix,CSs without a shared biological lead SNP,50,45,55,0,0,0,9,9
Spleen,Weighted SuSiE-mix,CSs without a shared biological lead SNP,60,55,65,0,0,0,9,9
Spleen,Weighted SuSiE-mix,CSs without a shared biological lead SNP,70,65,75,0,0,0,9,9
Spleen,Weighted SuSiE-mix,CSs without a shared biological lead SNP,80,75,85,0,0,0,9,9
Spleen,Weighted SuSiE-mix,CSs without a shared biological lead SNP,90,85,95,0,0,0,9,9
Spleen,Weighted SuSiE-mix,CSs without a shared biological lead SNP,100,95,105,0,0,0,9,9
Spleen,Weighted SuSiE-mix,CSs without a shared biological lead SNP,110,105,115,0,0,0,9,9
Spleen,Weighted SuSiE-mix,CSs without a shared biological lead SNP,120,115,125,0,0,0,9,9
Spleen,Weighted SuSiE-mix,CSs without a shared biological lead SNP,130,125,135,0,0,0,9,9
Spleen,Weighted SuSiE-mix,CSs without a shared biological lead SNP,140,135,145,0,0,0,9,9
Spleen,Weighted SuSiE-mix,CSs without a shared biological lead SNP,150,145,155,0,0,0,9,9
Spleen,Weighted SuSiE-mix,CSs without a shared biological lead SNP,160,155,165,1,0.111111111111111,11.1111111111111,9,9
Spleen,Weighted SuSiE-mix,CSs without a shared biological lead SNP,170,165,175,0,0,0,9,9
Spleen,Weighted SuSiE-mix,CSs without a shared biological lead SNP,180,175,185,0,0,0,9,9
Spleen,Weighted SuSiE-mix,CSs without a shared biological lead SNP,190,185,195,0,0,0,9,9
Spleen,Weighted SuSiE-mix,CSs without a shared biological lead SNP,200,195,205,0,0,0,9,9
Stomach,SuSiE,CSs without a shared biological lead SNP,-200,-205,-195,0,0,0,3,3
Stomach,SuSiE,CSs without a shared biological lead SNP,-190,-195,-185,0,0,0,3,3
Stomach,SuSiE,CSs without a shared biological lead SNP,-180,-185,-175,1,0.333333333333333,33.3333333333333,3,3
Stomach,SuSiE,CSs without a shared biological lead SNP,-170,-175,-165,0,0,0,3,3
Stomach,SuSiE,CSs without a shared biological lead SNP,-160,-165,-155,0,0,0,3,3
Stomach,SuSiE,CSs without a shared biological lead SNP,-150,-155,-145,0,0,0,3,3
Stomach,SuSiE,CSs without a shared biological lead SNP,-140,-145,-135,0,0,0,3,3
Stomach,SuSiE,CSs without a shared biological lead SNP,-130,-135,-125,0,0,0,3,3
Stomach,SuSiE,CSs without a shared biological lead SNP,-120,-125,-115,0,0,0,3,3
Stomach,SuSiE,CSs without a shared biological lead SNP,-110,-115,-105,0,0,0,3,3
Stomach,SuSiE,CSs without a shared biological lead SNP,-100,-105,-95,0,0,0,3,3
Stomach,SuSiE,CSs without a shared biological lead SNP,-90,-95,-85,0,0,0,3,3
Stomach,SuSiE,CSs without a shared biological lead SNP,-80,-85,-75,0,0,0,3,3
Stomach,SuSiE,CSs without a shared biological lead SNP,-70,-75,-65,0,0,0,3,3
Stomach,SuSiE,CSs without a shared biological lead SNP,-60,-65,-55,0,0,0,3,3
Stomach,SuSiE,CSs without a shared biological lead SNP,-50,-55,-45,0,0,0,3,3
Stomach,SuSiE,CSs without a shared biological lead SNP,-40,-45,-35,0,0,0,3,3
Stomach,SuSiE,CSs without a shared biological lead SNP,-30,-35,-25,0,0,0,3,3
Stomach,SuSiE,CSs without a shared biological lead SNP,-20,-25,-15,0,0,0,3,3
Stomach,SuSiE,CSs without a shared biological lead SNP,-10,-15,-5,1,0.333333333333333,33.3333333333333,3,3
Stomach,SuSiE,CSs without a shared biological lead SNP,0,-5,5,1,0.333333333333333,33.3333333333333,3,3
Stomach,SuSiE,CSs without a shared biological lead SNP,10,5,15,0,0,0,3,3
Stomach,SuSiE,CSs without a shared biological lead SNP,20,15,25,0,0,0,3,3
Stomach,SuSiE,CSs without a shared biological lead SNP,30,25,35,0,0,0,3,3
Stomach,SuSiE,CSs without a shared biological lead SNP,40,35,45,0,0,0,3,3
Stomach,SuSiE,CSs without a shared biological lead SNP,50,45,55,0,0,0,3,3
Stomach,SuSiE,CSs without a shared biological lead SNP,60,55,65,0,0,0,3,3
Stomach,SuSiE,CSs without a shared biological lead SNP,70,65,75,0,0,0,3,3
Stomach,SuSiE,CSs without a shared biological lead SNP,80,75,85,0,0,0,3,3
Stomach,SuSiE,CSs without a shared biological lead SNP,90,85,95,0,0,0,3,3
Stomach,SuSiE,CSs without a shared biological lead SNP,100,95,105,0,0,0,3,3
Stomach,SuSiE,CSs without a shared biological lead SNP,110,105,115,0,0,0,3,3
Stomach,SuSiE,CSs without a shared biological lead SNP,120,115,125,0,0,0,3,3
Stomach,SuSiE,CSs without a shared biological lead SNP,130,125,135,0,0,0,3,3
Stomach,SuSiE,CSs without a shared biological lead SNP,140,135,145,0,0,0,3,3
Stomach,SuSiE,CSs without a shared biological lead SNP,150,145,155,0,0,0,3,3
Stomach,SuSiE,CSs without a shared biological lead SNP,160,155,165,0,0,0,3,3
Stomach,SuSiE,CSs without a shared biological lead SNP,170,165,175,0,0,0,3,3
Stomach,SuSiE,CSs without a shared biological lead SNP,180,175,185,0,0,0,3,3
Stomach,SuSiE,CSs without a shared biological lead SNP,190,185,195,0,0,0,3,3
Stomach,SuSiE,CSs without a shared biological lead SNP,200,195,205,0,0,0,3,3
Stomach,Weighted SuSiE-mix,CSs without a shared biological lead SNP,-200,-205,-195,0,0,0,4,3
Stomach,Weighted SuSiE-mix,CSs without a shared biological lead SNP,-190,-195,-185,0,0,0,4,3
Stomach,Weighted SuSiE-mix,CSs without a shared biological lead SNP,-180,-185,-175,0,0,0,4,3
Stomach,Weighted SuSiE-mix,CSs without a shared biological lead SNP,-170,-175,-165,0,0,0,4,3
Stomach,Weighted SuSiE-mix,CSs without a shared biological lead SNP,-160,-165,-155,0,0,0,4,3
Stomach,Weighted SuSiE-mix,CSs without a shared biological lead SNP,-150,-155,-145,0,0,0,4,3
Stomach,Weighted SuSiE-mix,CSs without a shared biological lead SNP,-140,-145,-135,0,0,0,4,3
Stomach,Weighted SuSiE-mix,CSs without a shared biological lead SNP,-130,-135,-125,0,0,0,4,3
Stomach,Weighted SuSiE-mix,CSs without a shared biological lead SNP,-120,-125,-115,0,0,0,4,3
Stomach,Weighted SuSiE-mix,CSs without a shared biological lead SNP,-110,-115,-105,1,0.333333333333333,33.3333333333333,4,3
Stomach,Weighted SuSiE-mix,CSs without a shared biological lead SNP,-100,-105,-95,1,0.333333333333333,33.3333333333333,4,3
Stomach,Weighted SuSiE-mix,CSs without a shared biological lead SNP,-90,-95,-85,0,0,0,4,3
Stomach,Weighted SuSiE-mix,CSs without a shared biological lead SNP,-80,-85,-75,0,0,0,4,3
Stomach,Weighted SuSiE-mix,CSs without a shared biological lead SNP,-70,-75,-65,0,0,0,4,3
Stomach,Weighted SuSiE-mix,CSs without a shared biological lead SNP,-60,-65,-55,0,0,0,4,3
Stomach,Weighted SuSiE-mix,CSs without a shared biological lead SNP,-50,-55,-45,0,0,0,4,3
Stomach,Weighted SuSiE-mix,CSs without a shared biological lead SNP,-40,-45,-35,0,0,0,4,3
Stomach,Weighted SuSiE-mix,CSs without a shared biological lead SNP,-30,-35,-25,0,0,0,4,3
Stomach,Weighted SuSiE-mix,CSs without a shared biological lead SNP,-20,-25,-15,0,0,0,4,3
Stomach,Weighted SuSiE-mix,CSs without a shared biological lead SNP,-10,-15,-5,0,0,0,4,3
Stomach,Weighted SuSiE-mix,CSs without a shared biological lead SNP,0,-5,5,1,0.333333333333333,33.3333333333333,4,3
Stomach,Weighted SuSiE-mix,CSs without a shared biological lead SNP,10,5,15,0,0,0,4,3
Stomach,Weighted SuSiE-mix,CSs without a shared biological lead SNP,20,15,25,0,0,0,4,3
Stomach,Weighted SuSiE-mix,CSs without a shared biological lead SNP,30,25,35,0,0,0,4,3
Stomach,Weighted SuSiE-mix,CSs without a shared biological lead SNP,40,35,45,0,0,0,4,3
Stomach,Weighted SuSiE-mix,CSs without a shared biological lead SNP,50,45,55,0,0,0,4,3
Stomach,Weighted SuSiE-mix,CSs without a shared biological lead SNP,60,55,65,0,0,0,4,3
Stomach,Weighted SuSiE-mix,CSs without a shared biological lead SNP,70,65,75,0,0,0,4,3
Stomach,Weighted SuSiE-mix,CSs without a shared biological lead SNP,80,75,85,0,0,0,4,3
Stomach,Weighted SuSiE-mix,CSs without a shared biological lead SNP,90,85,95,0,0,0,4,3
Stomach,Weighted SuSiE-mix,CSs without a shared biological lead SNP,100,95,105,0,0,0,4,3
Stomach,Weighted SuSiE-mix,CSs without a shared biological lead SNP,110,105,115,0,0,0,4,3
Stomach,Weighted SuSiE-mix,CSs without a shared biological lead SNP,120,115,125,0,0,0,4,3
Stomach,Weighted SuSiE-mix,CSs without a shared biological lead SNP,130,125,135,0,0,0,4,3
Stomach,Weighted SuSiE-mix,CSs without a shared biological lead SNP,140,135,145,0,0,0,4,3
Stomach,Weighted SuSiE-mix,CSs without a shared biological lead SNP,150,145,155,0,0,0,4,3
Stomach,Weighted SuSiE-mix,CSs without a shared biological lead SNP,160,155,165,0,0,0,4,3
Stomach,Weighted SuSiE-mix,CSs without a shared biological lead SNP,170,165,175,0,0,0,4,3
Stomach,Weighted SuSiE-mix,CSs without a shared biological lead SNP,180,175,185,0,0,0,4,3
Stomach,Weighted SuSiE-mix,CSs without a shared biological lead SNP,190,185,195,0,0,0,4,3
Stomach,Weighted SuSiE-mix,CSs without a shared biological lead SNP,200,195,205,0,0,0,4,3
Testis,SuSiE,CSs without a shared biological lead SNP,-200,-205,-195,0,0,0,21,17
Testis,SuSiE,CSs without a shared biological lead SNP,-190,-195,-185,0,0,0,21,17
Testis,SuSiE,CSs without a shared biological lead SNP,-180,-185,-175,0,0,0,21,17
Testis,SuSiE,CSs without a shared biological lead SNP,-170,-175,-165,0,0,0,21,17
Testis,SuSiE,CSs without a shared biological lead SNP,-160,-165,-155,1,0.0588235294117647,5.88235294117647,21,17
Testis,SuSiE,CSs without a shared biological lead SNP,-150,-155,-145,0,0,0,21,17
Testis,SuSiE,CSs without a shared biological lead SNP,-140,-145,-135,1,0.0588235294117647,5.88235294117647,21,17
Testis,SuSiE,CSs without a shared biological lead SNP,-130,-135,-125,0,0,0,21,17
Testis,SuSiE,CSs without a shared biological lead SNP,-120,-125,-115,0,0,0,21,17
Testis,SuSiE,CSs without a shared biological lead SNP,-110,-115,-105,1,0.0588235294117647,5.88235294117647,21,17
Testis,SuSiE,CSs without a shared biological lead SNP,-100,-105,-95,0,0,0,21,17
Testis,SuSiE,CSs without a shared biological lead SNP,-90,-95,-85,0,0,0,21,17
Testis,SuSiE,CSs without a shared biological lead SNP,-80,-85,-75,1,0.0588235294117647,5.88235294117647,21,17
Testis,SuSiE,CSs without a shared biological lead SNP,-70,-75,-65,1,0.0588235294117647,5.88235294117647,21,17
Testis,SuSiE,CSs without a shared biological lead SNP,-60,-65,-55,1,0.0588235294117647,5.88235294117647,21,17
Testis,SuSiE,CSs without a shared biological lead SNP,-50,-55,-45,0,0,0,21,17
Testis,SuSiE,CSs without a shared biological lead SNP,-40,-45,-35,2,0.117647058823529,11.7647058823529,21,17
Testis,SuSiE,CSs without a shared biological lead SNP,-30,-35,-25,0,0,0,21,17
Testis,SuSiE,CSs without a shared biological lead SNP,-20,-25,-15,1,0.0588235294117647,5.88235294117647,21,17
Testis,SuSiE,CSs without a shared biological lead SNP,-10,-15,-5,1,0.0588235294117647,5.88235294117647,21,17
Testis,SuSiE,CSs without a shared biological lead SNP,0,-5,5,1,0.0588235294117647,5.88235294117647,21,17
Testis,SuSiE,CSs without a shared biological lead SNP,10,5,15,1,0.0588235294117647,5.88235294117647,21,17
Testis,SuSiE,CSs without a shared biological lead SNP,20,15,25,1,0.0588235294117647,5.88235294117647,21,17
Testis,SuSiE,CSs without a shared biological lead SNP,30,25,35,1,0.0588235294117647,5.88235294117647,21,17
Testis,SuSiE,CSs without a shared biological lead SNP,40,35,45,1,0.0588235294117647,5.88235294117647,21,17
Testis,SuSiE,CSs without a shared biological lead SNP,50,45,55,0,0,0,21,17
Testis,SuSiE,CSs without a shared biological lead SNP,60,55,65,0,0,0,21,17
Testis,SuSiE,CSs without a shared biological lead SNP,70,65,75,0,0,0,21,17
Testis,SuSiE,CSs without a shared biological lead SNP,80,75,85,0,0,0,21,17
Testis,SuSiE,CSs without a shared biological lead SNP,90,85,95,0,0,0,21,17
Testis,SuSiE,CSs without a shared biological lead SNP,100,95,105,1,0.0588235294117647,5.88235294117647,21,17
Testis,SuSiE,CSs without a shared biological lead SNP,110,105,115,0,0,0,21,17
Testis,SuSiE,CSs without a shared biological lead SNP,120,115,125,0,0,0,21,17
Testis,SuSiE,CSs without a shared biological lead SNP,130,125,135,0,0,0,21,17
Testis,SuSiE,CSs without a shared biological lead SNP,140,135,145,0,0,0,21,17
Testis,SuSiE,CSs without a shared biological lead SNP,150,145,155,0,0,0,21,17
Testis,SuSiE,CSs without a shared biological lead SNP,160,155,165,0,0,0,21,17
Testis,SuSiE,CSs without a shared biological lead SNP,170,165,175,0,0,0,21,17
Testis,SuSiE,CSs without a shared biological lead SNP,180,175,185,0,0,0,21,17
Testis,SuSiE,CSs without a shared biological lead SNP,190,185,195,1,0.0588235294117647,5.88235294117647,21,17
Testis,SuSiE,CSs without a shared biological lead SNP,200,195,205,0,0,0,21,17
Testis,Weighted SuSiE-mix,CSs without a shared biological lead SNP,-200,-205,-195,0,0,0,15,14
Testis,Weighted SuSiE-mix,CSs without a shared biological lead SNP,-190,-195,-185,0,0,0,15,14
Testis,Weighted SuSiE-mix,CSs without a shared biological lead SNP,-180,-185,-175,0,0,0,15,14
Testis,Weighted SuSiE-mix,CSs without a shared biological lead SNP,-170,-175,-165,0,0,0,15,14
Testis,Weighted SuSiE-mix,CSs without a shared biological lead SNP,-160,-165,-155,2,0.142857142857143,14.2857142857143,15,14
Testis,Weighted SuSiE-mix,CSs without a shared biological lead SNP,-150,-155,-145,1,0.0714285714285714,7.14285714285714,15,14
Testis,Weighted SuSiE-mix,CSs without a shared biological lead SNP,-140,-145,-135,0,0,0,15,14
Testis,Weighted SuSiE-mix,CSs without a shared biological lead SNP,-130,-135,-125,0,0,0,15,14
Testis,Weighted SuSiE-mix,CSs without a shared biological lead SNP,-120,-125,-115,0,0,0,15,14
Testis,Weighted SuSiE-mix,CSs without a shared biological lead SNP,-110,-115,-105,1,0.0714285714285714,7.14285714285714,15,14
Testis,Weighted SuSiE-mix,CSs without a shared biological lead SNP,-100,-105,-95,0,0,0,15,14
Testis,Weighted SuSiE-mix,CSs without a shared biological lead SNP,-90,-95,-85,0,0,0,15,14
Testis,Weighted SuSiE-mix,CSs without a shared biological lead SNP,-80,-85,-75,1,0.0714285714285714,7.14285714285714,15,14
Testis,Weighted SuSiE-mix,CSs without a shared biological lead SNP,-70,-75,-65,0,0,0,15,14
Testis,Weighted SuSiE-mix,CSs without a shared biological lead SNP,-60,-65,-55,1,0.0714285714285714,7.14285714285714,15,14
Testis,Weighted SuSiE-mix,CSs without a shared biological lead SNP,-50,-55,-45,1,0.0714285714285714,7.14285714285714,15,14
Testis,Weighted SuSiE-mix,CSs without a shared biological lead SNP,-40,-45,-35,0,0,0,15,14
Testis,Weighted SuSiE-mix,CSs without a shared biological lead SNP,-30,-35,-25,0,0,0,15,14
Testis,Weighted SuSiE-mix,CSs without a shared biological lead SNP,-20,-25,-15,2,0.142857142857143,14.2857142857143,15,14
Testis,Weighted SuSiE-mix,CSs without a shared biological lead SNP,-10,-15,-5,0,0,0,15,14
Testis,Weighted SuSiE-mix,CSs without a shared biological lead SNP,0,-5,5,3,0.214285714285714,21.4285714285714,15,14
Testis,Weighted SuSiE-mix,CSs without a shared biological lead SNP,10,5,15,0,0,0,15,14
Testis,Weighted SuSiE-mix,CSs without a shared biological lead SNP,20,15,25,0,0,0,15,14
Testis,Weighted SuSiE-mix,CSs without a shared biological lead SNP,30,25,35,0,0,0,15,14
Testis,Weighted SuSiE-mix,CSs without a shared biological lead SNP,40,35,45,0,0,0,15,14
Testis,Weighted SuSiE-mix,CSs without a shared biological lead SNP,50,45,55,0,0,0,15,14
Testis,Weighted SuSiE-mix,CSs without a shared biological lead SNP,60,55,65,0,0,0,15,14
Testis,Weighted SuSiE-mix,CSs without a shared biological lead SNP,70,65,75,0,0,0,15,14
Testis,Weighted SuSiE-mix,CSs without a shared biological lead SNP,80,75,85,0,0,0,15,14
Testis,Weighted SuSiE-mix,CSs without a shared biological lead SNP,90,85,95,0,0,0,15,14
Testis,Weighted SuSiE-mix,CSs without a shared biological lead SNP,100,95,105,1,0.0714285714285714,7.14285714285714,15,14
Testis,Weighted SuSiE-mix,CSs without a shared biological lead SNP,110,105,115,0,0,0,15,14
Testis,Weighted SuSiE-mix,CSs without a shared biological lead SNP,120,115,125,0,0,0,15,14
Testis,Weighted SuSiE-mix,CSs without a shared biological lead SNP,130,125,135,0,0,0,15,14
Testis,Weighted SuSiE-mix,CSs without a shared biological lead SNP,140,135,145,0,0,0,15,14
Testis,Weighted SuSiE-mix,CSs without a shared biological lead SNP,150,145,155,0,0,0,15,14
Testis,Weighted SuSiE-mix,CSs without a shared biological lead SNP,160,155,165,0,0,0,15,14
Testis,Weighted SuSiE-mix,CSs without a shared biological lead SNP,170,165,175,0,0,0,15,14
Testis,Weighted SuSiE-mix,CSs without a shared biological lead SNP,180,175,185,1,0.0714285714285714,7.14285714285714,15,14
Testis,Weighted SuSiE-mix,CSs without a shared biological lead SNP,190,185,195,0,0,0,15,14
Testis,Weighted SuSiE-mix,CSs without a shared biological lead SNP,200,195,205,0,0,0,15,14
Thyroid,SuSiE,CSs without a shared biological lead SNP,-200,-205,-195,0,0,0,56,50
Thyroid,SuSiE,CSs without a shared biological lead SNP,-190,-195,-185,0,0,0,56,50
Thyroid,SuSiE,CSs without a shared biological lead SNP,-180,-185,-175,0,0,0,56,50
Thyroid,SuSiE,CSs without a shared biological lead SNP,-170,-175,-165,0,0,0,56,50
Thyroid,SuSiE,CSs without a shared biological lead SNP,-160,-165,-155,0,0,0,56,50
Thyroid,SuSiE,CSs without a shared biological lead SNP,-150,-155,-145,0,0,0,56,50
Thyroid,SuSiE,CSs without a shared biological lead SNP,-140,-145,-135,1,0.02,2,56,50
Thyroid,SuSiE,CSs without a shared biological lead SNP,-130,-135,-125,0,0,0,56,50
Thyroid,SuSiE,CSs without a shared biological lead SNP,-120,-125,-115,1,0.02,2,56,50
Thyroid,SuSiE,CSs without a shared biological lead SNP,-110,-115,-105,2,0.04,4,56,50
Thyroid,SuSiE,CSs without a shared biological lead SNP,-100,-105,-95,0,0,0,56,50
Thyroid,SuSiE,CSs without a shared biological lead SNP,-90,-95,-85,3,0.06,6,56,50
Thyroid,SuSiE,CSs without a shared biological lead SNP,-80,-85,-75,0,0,0,56,50
Thyroid,SuSiE,CSs without a shared biological lead SNP,-70,-75,-65,1,0.02,2,56,50
Thyroid,SuSiE,CSs without a shared biological lead SNP,-60,-65,-55,0,0,0,56,50
Thyroid,SuSiE,CSs without a shared biological lead SNP,-50,-55,-45,4,0.08,8,56,50
Thyroid,SuSiE,CSs without a shared biological lead SNP,-40,-45,-35,0,0,0,56,50
Thyroid,SuSiE,CSs without a shared biological lead SNP,-30,-35,-25,4,0.08,8,56,50
Thyroid,SuSiE,CSs without a shared biological lead SNP,-20,-25,-15,3,0.06,6,56,50
Thyroid,SuSiE,CSs without a shared biological lead SNP,-10,-15,-5,5,0.1,10,56,50
Thyroid,SuSiE,CSs without a shared biological lead SNP,0,-5,5,3,0.06,6,56,50
Thyroid,SuSiE,CSs without a shared biological lead SNP,10,5,15,2,0.04,4,56,50
Thyroid,SuSiE,CSs without a shared biological lead SNP,20,15,25,3,0.06,6,56,50
Thyroid,SuSiE,CSs without a shared biological lead SNP,30,25,35,1,0.02,2,56,50
Thyroid,SuSiE,CSs without a shared biological lead SNP,40,35,45,4,0.08,8,56,50
Thyroid,SuSiE,CSs without a shared biological lead SNP,50,45,55,0,0,0,56,50
Thyroid,SuSiE,CSs without a shared biological lead SNP,60,55,65,2,0.04,4,56,50
Thyroid,SuSiE,CSs without a shared biological lead SNP,70,65,75,2,0.04,4,56,50
Thyroid,SuSiE,CSs without a shared biological lead SNP,80,75,85,1,0.02,2,56,50
Thyroid,SuSiE,CSs without a shared biological lead SNP,90,85,95,0,0,0,56,50
Thyroid,SuSiE,CSs without a shared biological lead SNP,100,95,105,2,0.04,4,56,50
Thyroid,SuSiE,CSs without a shared biological lead SNP,110,105,115,2,0.04,4,56,50
Thyroid,SuSiE,CSs without a shared biological lead SNP,120,115,125,0,0,0,56,50
Thyroid,SuSiE,CSs without a shared biological lead SNP,130,125,135,0,0,0,56,50
Thyroid,SuSiE,CSs without a shared biological lead SNP,140,135,145,1,0.02,2,56,50
Thyroid,SuSiE,CSs without a shared biological lead SNP,150,145,155,0,0,0,56,50
Thyroid,SuSiE,CSs without a shared biological lead SNP,160,155,165,0,0,0,56,50
Thyroid,SuSiE,CSs without a shared biological lead SNP,170,165,175,1,0.02,2,56,50
Thyroid,SuSiE,CSs without a shared biological lead SNP,180,175,185,1,0.02,2,56,50
Thyroid,SuSiE,CSs without a shared biological lead SNP,190,185,195,0,0,0,56,50
Thyroid,SuSiE,CSs without a shared biological lead SNP,200,195,205,1,0.02,2,56,50
Thyroid,Weighted SuSiE-mix,CSs without a shared biological lead SNP,-200,-205,-195,0,0,0,35,31
Thyroid,Weighted SuSiE-mix,CSs without a shared biological lead SNP,-190,-195,-185,0,0,0,35,31
Thyroid,Weighted SuSiE-mix,CSs without a shared biological lead SNP,-180,-185,-175,0,0,0,35,31
Thyroid,Weighted SuSiE-mix,CSs without a shared biological lead SNP,-170,-175,-165,0,0,0,35,31
Thyroid,Weighted SuSiE-mix,CSs without a shared biological lead SNP,-160,-165,-155,1,0.032258064516129,3.2258064516129,35,31
Thyroid,Weighted SuSiE-mix,CSs without a shared biological lead SNP,-150,-155,-145,0,0,0,35,31
Thyroid,Weighted SuSiE-mix,CSs without a shared biological lead SNP,-140,-145,-135,0,0,0,35,31
Thyroid,Weighted SuSiE-mix,CSs without a shared biological lead SNP,-130,-135,-125,0,0,0,35,31
Thyroid,Weighted SuSiE-mix,CSs without a shared biological lead SNP,-120,-125,-115,0,0,0,35,31
Thyroid,Weighted SuSiE-mix,CSs without a shared biological lead SNP,-110,-115,-105,1,0.032258064516129,3.2258064516129,35,31
Thyroid,Weighted SuSiE-mix,CSs without a shared biological lead SNP,-100,-105,-95,1,0.032258064516129,3.2258064516129,35,31
Thyroid,Weighted SuSiE-mix,CSs without a shared biological lead SNP,-90,-95,-85,3,0.0967741935483871,9.67741935483871,35,31
Thyroid,Weighted SuSiE-mix,CSs without a shared biological lead SNP,-80,-85,-75,0,0,0,35,31
Thyroid,Weighted SuSiE-mix,CSs without a shared biological lead SNP,-70,-75,-65,1,0.032258064516129,3.2258064516129,35,31
Thyroid,Weighted SuSiE-mix,CSs without a shared biological lead SNP,-60,-65,-55,0,0,0,35,31
Thyroid,Weighted SuSiE-mix,CSs without a shared biological lead SNP,-50,-55,-45,0,0,0,35,31
Thyroid,Weighted SuSiE-mix,CSs without a shared biological lead SNP,-40,-45,-35,1,0.032258064516129,3.2258064516129,35,31
Thyroid,Weighted SuSiE-mix,CSs without a shared biological lead SNP,-30,-35,-25,0,0,0,35,31
Thyroid,Weighted SuSiE-mix,CSs without a shared biological lead SNP,-20,-25,-15,4,0.129032258064516,12.9032258064516,35,31
Thyroid,Weighted SuSiE-mix,CSs without a shared biological lead SNP,-10,-15,-5,2,0.0645161290322581,6.45161290322581,35,31
Thyroid,Weighted SuSiE-mix,CSs without a shared biological lead SNP,0,-5,5,1,0.032258064516129,3.2258064516129,35,31
Thyroid,Weighted SuSiE-mix,CSs without a shared biological lead SNP,10,5,15,2,0.0645161290322581,6.45161290322581,35,31
Thyroid,Weighted SuSiE-mix,CSs without a shared biological lead SNP,20,15,25,3,0.0967741935483871,9.67741935483871,35,31
Thyroid,Weighted SuSiE-mix,CSs without a shared biological lead SNP,30,25,35,3,0.0967741935483871,9.67741935483871,35,31
Thyroid,Weighted SuSiE-mix,CSs without a shared biological lead SNP,40,35,45,0,0,0,35,31
Thyroid,Weighted SuSiE-mix,CSs without a shared biological lead SNP,50,45,55,1,0.032258064516129,3.2258064516129,35,31
Thyroid,Weighted SuSiE-mix,CSs without a shared biological lead SNP,60,55,65,0,0,0,35,31
Thyroid,Weighted SuSiE-mix,CSs without a shared biological lead SNP,70,65,75,0,0,0,35,31
Thyroid,Weighted SuSiE-mix,CSs without a shared biological lead SNP,80,75,85,1,0.032258064516129,3.2258064516129,35,31
Thyroid,Weighted SuSiE-mix,CSs without a shared biological lead SNP,90,85,95,2,0.0645161290322581,6.45161290322581,35,31
Thyroid,Weighted SuSiE-mix,CSs without a shared biological lead SNP,100,95,105,0,0,0,35,31
Thyroid,Weighted SuSiE-mix,CSs without a shared biological lead SNP,110,105,115,0,0,0,35,31
Thyroid,Weighted SuSiE-mix,CSs without a shared biological lead SNP,120,115,125,0,0,0,35,31
Thyroid,Weighted SuSiE-mix,CSs without a shared biological lead SNP,130,125,135,0,0,0,35,31
Thyroid,Weighted SuSiE-mix,CSs without a shared biological lead SNP,140,135,145,1,0.032258064516129,3.2258064516129,35,31
Thyroid,Weighted SuSiE-mix,CSs without a shared biological lead SNP,150,145,155,1,0.032258064516129,3.2258064516129,35,31
Thyroid,Weighted SuSiE-mix,CSs without a shared biological lead SNP,160,155,165,2,0.0645161290322581,6.45161290322581,35,31
Thyroid,Weighted SuSiE-mix,CSs without a shared biological lead SNP,170,165,175,0,0,0,35,31
Thyroid,Weighted SuSiE-mix,CSs without a shared biological lead SNP,180,175,185,0,0,0,35,31
Thyroid,Weighted SuSiE-mix,CSs without a shared biological lead SNP,190,185,195,0,0,0,35,31
Thyroid,Weighted SuSiE-mix,CSs without a shared biological lead SNP,200,195,205,0,0,0,35,31
Uterus,SuSiE,CSs without a shared biological lead SNP,-200,-205,-195,0,0,0,3,3
Uterus,SuSiE,CSs without a shared biological lead SNP,-190,-195,-185,0,0,0,3,3
Uterus,SuSiE,CSs without a shared biological lead SNP,-180,-185,-175,0,0,0,3,3
Uterus,SuSiE,CSs without a shared biological lead SNP,-170,-175,-165,0,0,0,3,3
Uterus,SuSiE,CSs without a shared biological lead SNP,-160,-165,-155,0,0,0,3,3
Uterus,SuSiE,CSs without a shared biological lead SNP,-150,-155,-145,0,0,0,3,3
Uterus,SuSiE,CSs without a shared biological lead SNP,-140,-145,-135,0,0,0,3,3
Uterus,SuSiE,CSs without a shared biological lead SNP,-130,-135,-125,0,0,0,3,3
Uterus,SuSiE,CSs without a shared biological lead SNP,-120,-125,-115,0,0,0,3,3
Uterus,SuSiE,CSs without a shared biological lead SNP,-110,-115,-105,0,0,0,3,3
Uterus,SuSiE,CSs without a shared biological lead SNP,-100,-105,-95,0,0,0,3,3
Uterus,SuSiE,CSs without a shared biological lead SNP,-90,-95,-85,0,0,0,3,3
Uterus,SuSiE,CSs without a shared biological lead SNP,-80,-85,-75,0,0,0,3,3
Uterus,SuSiE,CSs without a shared biological lead SNP,-70,-75,-65,0,0,0,3,3
Uterus,SuSiE,CSs without a shared biological lead SNP,-60,-65,-55,0,0,0,3,3
Uterus,SuSiE,CSs without a shared biological lead SNP,-50,-55,-45,0,0,0,3,3
Uterus,SuSiE,CSs without a shared biological lead SNP,-40,-45,-35,0,0,0,3,3
Uterus,SuSiE,CSs without a shared biological lead SNP,-30,-35,-25,1,0.333333333333333,33.3333333333333,3,3
Uterus,SuSiE,CSs without a shared biological lead SNP,-20,-25,-15,0,0,0,3,3
Uterus,SuSiE,CSs without a shared biological lead SNP,-10,-15,-5,0,0,0,3,3
Uterus,SuSiE,CSs without a shared biological lead SNP,0,-5,5,0,0,0,3,3
Uterus,SuSiE,CSs without a shared biological lead SNP,10,5,15,0,0,0,3,3
Uterus,SuSiE,CSs without a shared biological lead SNP,20,15,25,1,0.333333333333333,33.3333333333333,3,3
Uterus,SuSiE,CSs without a shared biological lead SNP,30,25,35,0,0,0,3,3
Uterus,SuSiE,CSs without a shared biological lead SNP,40,35,45,0,0,0,3,3
Uterus,SuSiE,CSs without a shared biological lead SNP,50,45,55,1,0.333333333333333,33.3333333333333,3,3
Uterus,SuSiE,CSs without a shared biological lead SNP,60,55,65,0,0,0,3,3
Uterus,SuSiE,CSs without a shared biological lead SNP,70,65,75,0,0,0,3,3
Uterus,SuSiE,CSs without a shared biological lead SNP,80,75,85,0,0,0,3,3
Uterus,SuSiE,CSs without a shared biological lead SNP,90,85,95,0,0,0,3,3
Uterus,SuSiE,CSs without a shared biological lead SNP,100,95,105,0,0,0,3,3
Uterus,SuSiE,CSs without a shared biological lead SNP,110,105,115,0,0,0,3,3
Uterus,SuSiE,CSs without a shared biological lead SNP,120,115,125,0,0,0,3,3
Uterus,SuSiE,CSs without a shared biological lead SNP,130,125,135,0,0,0,3,3
Uterus,SuSiE,CSs without a shared biological lead SNP,140,135,145,0,0,0,3,3
Uterus,SuSiE,CSs without a shared biological lead SNP,150,145,155,0,0,0,3,3
Uterus,SuSiE,CSs without a shared biological lead SNP,160,155,165,0,0,0,3,3
Uterus,SuSiE,CSs without a shared biological lead SNP,170,165,175,0,0,0,3,3
Uterus,SuSiE,CSs without a shared biological lead SNP,180,175,185,0,0,0,3,3
Uterus,SuSiE,CSs without a shared biological lead SNP,190,185,195,0,0,0,3,3
Uterus,SuSiE,CSs without a shared biological lead SNP,200,195,205,0,0,0,3,3
Uterus,Weighted SuSiE-mix,CSs without a shared biological lead SNP,-200,-205,-195,0,0,0,3,3
Uterus,Weighted SuSiE-mix,CSs without a shared biological lead SNP,-190,-195,-185,0,0,0,3,3
Uterus,Weighted SuSiE-mix,CSs without a shared biological lead SNP,-180,-185,-175,0,0,0,3,3
Uterus,Weighted SuSiE-mix,CSs without a shared biological lead SNP,-170,-175,-165,0,0,0,3,3
Uterus,Weighted SuSiE-mix,CSs without a shared biological lead SNP,-160,-165,-155,0,0,0,3,3
Uterus,Weighted SuSiE-mix,CSs without a shared biological lead SNP,-150,-155,-145,0,0,0,3,3
Uterus,Weighted SuSiE-mix,CSs without a shared biological lead SNP,-140,-145,-135,0,0,0,3,3
Uterus,Weighted SuSiE-mix,CSs without a shared biological lead SNP,-130,-135,-125,0,0,0,3,3
Uterus,Weighted SuSiE-mix,CSs without a shared biological lead SNP,-120,-125,-115,0,0,0,3,3
Uterus,Weighted SuSiE-mix,CSs without a shared biological lead SNP,-110,-115,-105,0,0,0,3,3
Uterus,Weighted SuSiE-mix,CSs without a shared biological lead SNP,-100,-105,-95,0,0,0,3,3
Uterus,Weighted SuSiE-mix,CSs without a shared biological lead SNP,-90,-95,-85,0,0,0,3,3
Uterus,Weighted SuSiE-mix,CSs without a shared biological lead SNP,-80,-85,-75,0,0,0,3,3
Uterus,Weighted SuSiE-mix,CSs without a shared biological lead SNP,-70,-75,-65,0,0,0,3,3
Uterus,Weighted SuSiE-mix,CSs without a shared biological lead SNP,-60,-65,-55,0,0,0,3,3
Uterus,Weighted SuSiE-mix,CSs without a shared biological lead SNP,-50,-55,-45,0,0,0,3,3
Uterus,Weighted SuSiE-mix,CSs without a shared biological lead SNP,-40,-45,-35,0,0,0,3,3
Uterus,Weighted SuSiE-mix,CSs without a shared biological lead SNP,-30,-35,-25,0,0,0,3,3
Uterus,Weighted SuSiE-mix,CSs without a shared biological lead SNP,-20,-25,-15,0,0,0,3,3
Uterus,Weighted SuSiE-mix,CSs without a shared biological lead SNP,-10,-15,-5,0,0,0,3,3
Uterus,Weighted SuSiE-mix,CSs without a shared biological lead SNP,0,-5,5,0,0,0,3,3
Uterus,Weighted SuSiE-mix,CSs without a shared biological lead SNP,10,5,15,1,0.333333333333333,33.3333333333333,3,3
Uterus,Weighted SuSiE-mix,CSs without a shared biological lead SNP,20,15,25,0,0,0,3,3
Uterus,Weighted SuSiE-mix,CSs without a shared biological lead SNP,30,25,35,0,0,0,3,3
Uterus,Weighted SuSiE-mix,CSs without a shared biological lead SNP,40,35,45,0,0,0,3,3
Uterus,Weighted SuSiE-mix,CSs without a shared biological lead SNP,50,45,55,1,0.333333333333333,33.3333333333333,3,3
Uterus,Weighted SuSiE-mix,CSs without a shared biological lead SNP,60,55,65,0,0,0,3,3
Uterus,Weighted SuSiE-mix,CSs without a shared biological lead SNP,70,65,75,0,0,0,3,3
Uterus,Weighted SuSiE-mix,CSs without a shared biological lead SNP,80,75,85,0,0,0,3,3
Uterus,Weighted SuSiE-mix,CSs without a shared biological lead SNP,90,85,95,1,0.333333333333333,33.3333333333333,3,3
Uterus,Weighted SuSiE-mix,CSs without a shared biological lead SNP,100,95,105,0,0,0,3,3
Uterus,Weighted SuSiE-mix,CSs without a shared biological lead SNP,110,105,115,0,0,0,3,3
Uterus,Weighted SuSiE-mix,CSs without a shared biological lead SNP,120,115,125,0,0,0,3,3
Uterus,Weighted SuSiE-mix,CSs without a shared biological lead SNP,130,125,135,0,0,0,3,3
Uterus,Weighted SuSiE-mix,CSs without a shared biological lead SNP,140,135,145,0,0,0,3,3
Uterus,Weighted SuSiE-mix,CSs without a shared biological lead SNP,150,145,155,0,0,0,3,3
Uterus,Weighted SuSiE-mix,CSs without a shared biological lead SNP,160,155,165,0,0,0,3,3
Uterus,Weighted SuSiE-mix,CSs without a shared biological lead SNP,170,165,175,0,0,0,3,3
Uterus,Weighted SuSiE-mix,CSs without a shared biological lead SNP,180,175,185,0,0,0,3,3
Uterus,Weighted SuSiE-mix,CSs without a shared biological lead SNP,190,185,195,0,0,0,3,3
Uterus,Weighted SuSiE-mix,CSs without a shared biological lead SNP,200,195,205,0,0,0,3,3
Vagina,SuSiE,CSs without a shared biological lead SNP,-200,-205,-195,0,,,0,0
Vagina,SuSiE,CSs without a shared biological lead SNP,-190,-195,-185,0,,,0,0
Vagina,SuSiE,CSs without a shared biological lead SNP,-180,-185,-175,0,,,0,0
Vagina,SuSiE,CSs without a shared biological lead SNP,-170,-175,-165,0,,,0,0
Vagina,SuSiE,CSs without a shared biological lead SNP,-160,-165,-155,0,,,0,0
Vagina,SuSiE,CSs without a shared biological lead SNP,-150,-155,-145,0,,,0,0
Vagina,SuSiE,CSs without a shared biological lead SNP,-140,-145,-135,0,,,0,0
Vagina,SuSiE,CSs without a shared biological lead SNP,-130,-135,-125,0,,,0,0
Vagina,SuSiE,CSs without a shared biological lead SNP,-120,-125,-115,0,,,0,0
Vagina,SuSiE,CSs without a shared biological lead SNP,-110,-115,-105,0,,,0,0
Vagina,SuSiE,CSs without a shared biological lead SNP,-100,-105,-95,0,,,0,0
Vagina,SuSiE,CSs without a shared biological lead SNP,-90,-95,-85,0,,,0,0
Vagina,SuSiE,CSs without a shared biological lead SNP,-80,-85,-75,0,,,0,0
Vagina,SuSiE,CSs without a shared biological lead SNP,-70,-75,-65,0,,,0,0
Vagina,SuSiE,CSs without a shared biological lead SNP,-60,-65,-55,0,,,0,0
Vagina,SuSiE,CSs without a shared biological lead SNP,-50,-55,-45,0,,,0,0
Vagina,SuSiE,CSs without a shared biological lead SNP,-40,-45,-35,0,,,0,0
Vagina,SuSiE,CSs without a shared biological lead SNP,-30,-35,-25,0,,,0,0
Vagina,SuSiE,CSs without a shared biological lead SNP,-20,-25,-15,0,,,0,0
Vagina,SuSiE,CSs without a shared biological lead SNP,-10,-15,-5,0,,,0,0
Vagina,SuSiE,CSs without a shared biological lead SNP,0,-5,5,0,,,0,0
Vagina,SuSiE,CSs without a shared biological lead SNP,10,5,15,0,,,0,0
Vagina,SuSiE,CSs without a shared biological lead SNP,20,15,25,0,,,0,0
Vagina,SuSiE,CSs without a shared biological lead SNP,30,25,35,0,,,0,0
Vagina,SuSiE,CSs without a shared biological lead SNP,40,35,45,0,,,0,0
Vagina,SuSiE,CSs without a shared biological lead SNP,50,45,55,0,,,0,0
Vagina,SuSiE,CSs without a shared biological lead SNP,60,55,65,0,,,0,0
Vagina,SuSiE,CSs without a shared biological lead SNP,70,65,75,0,,,0,0
Vagina,SuSiE,CSs without a shared biological lead SNP,80,75,85,0,,,0,0
Vagina,SuSiE,CSs without a shared biological lead SNP,90,85,95,0,,,0,0
Vagina,SuSiE,CSs without a shared biological lead SNP,100,95,105,0,,,0,0
Vagina,SuSiE,CSs without a shared biological lead SNP,110,105,115,0,,,0,0
Vagina,SuSiE,CSs without a shared biological lead SNP,120,115,125,0,,,0,0
Vagina,SuSiE,CSs without a shared biological lead SNP,130,125,135,0,,,0,0
Vagina,SuSiE,CSs without a shared biological lead SNP,140,135,145,0,,,0,0
Vagina,SuSiE,CSs without a shared biological lead SNP,150,145,155,0,,,0,0
Vagina,SuSiE,CSs without a shared biological lead SNP,160,155,165,0,,,0,0
Vagina,SuSiE,CSs without a shared biological lead SNP,170,165,175,0,,,0,0
Vagina,SuSiE,CSs without a shared biological lead SNP,180,175,185,0,,,0,0
Vagina,SuSiE,CSs without a shared biological lead SNP,190,185,195,0,,,0,0
Vagina,SuSiE,CSs without a shared biological lead SNP,200,195,205,0,,,0,0
Vagina,Weighted SuSiE-mix,CSs without a shared biological lead SNP,-200,-205,-195,0,,,0,0
Vagina,Weighted SuSiE-mix,CSs without a shared biological lead SNP,-190,-195,-185,0,,,0,0
Vagina,Weighted SuSiE-mix,CSs without a shared biological lead SNP,-180,-185,-175,0,,,0,0
Vagina,Weighted SuSiE-mix,CSs without a shared biological lead SNP,-170,-175,-165,0,,,0,0
Vagina,Weighted SuSiE-mix,CSs without a shared biological lead SNP,-160,-165,-155,0,,,0,0
Vagina,Weighted SuSiE-mix,CSs without a shared biological lead SNP,-150,-155,-145,0,,,0,0
Vagina,Weighted SuSiE-mix,CSs without a shared biological lead SNP,-140,-145,-135,0,,,0,0
Vagina,Weighted SuSiE-mix,CSs without a shared biological lead SNP,-130,-135,-125,0,,,0,0
Vagina,Weighted SuSiE-mix,CSs without a shared biological lead SNP,-120,-125,-115,0,,,0,0
Vagina,Weighted SuSiE-mix,CSs without a shared biological lead SNP,-110,-115,-105,0,,,0,0
Vagina,Weighted SuSiE-mix,CSs without a shared biological lead SNP,-100,-105,-95,0,,,0,0
Vagina,Weighted SuSiE-mix,CSs without a shared biological lead SNP,-90,-95,-85,0,,,0,0
Vagina,Weighted SuSiE-mix,CSs without a shared biological lead SNP,-80,-85,-75,0,,,0,0
Vagina,Weighted SuSiE-mix,CSs without a shared biological lead SNP,-70,-75,-65,0,,,0,0
Vagina,Weighted SuSiE-mix,CSs without a shared biological lead SNP,-60,-65,-55,0,,,0,0
Vagina,Weighted SuSiE-mix,CSs without a shared biological lead SNP,-50,-55,-45,0,,,0,0
Vagina,Weighted SuSiE-mix,CSs without a shared biological lead SNP,-40,-45,-35,0,,,0,0
Vagina,Weighted SuSiE-mix,CSs without a shared biological lead SNP,-30,-35,-25,0,,,0,0
Vagina,Weighted SuSiE-mix,CSs without a shared biological lead SNP,-20,-25,-15,0,,,0,0
Vagina,Weighted SuSiE-mix,CSs without a shared biological lead SNP,-10,-15,-5,0,,,0,0
Vagina,Weighted SuSiE-mix,CSs without a shared biological lead SNP,0,-5,5,0,,,0,0
Vagina,Weighted SuSiE-mix,CSs without a shared biological lead SNP,10,5,15,0,,,0,0
Vagina,Weighted SuSiE-mix,CSs without a shared biological lead SNP,20,15,25,0,,,0,0
Vagina,Weighted SuSiE-mix,CSs without a shared biological lead SNP,30,25,35,0,,,0,0
Vagina,Weighted SuSiE-mix,CSs without a shared biological lead SNP,40,35,45,0,,,0,0
Vagina,Weighted SuSiE-mix,CSs without a shared biological lead SNP,50,45,55,0,,,0,0
Vagina,Weighted SuSiE-mix,CSs without a shared biological lead SNP,60,55,65,0,,,0,0
Vagina,Weighted SuSiE-mix,CSs without a shared biological lead SNP,70,65,75,0,,,0,0
Vagina,Weighted SuSiE-mix,CSs without a shared biological lead SNP,80,75,85,0,,,0,0
Vagina,Weighted SuSiE-mix,CSs without a shared biological lead SNP,90,85,95,0,,,0,0
Vagina,Weighted SuSiE-mix,CSs without a shared biological lead SNP,100,95,105,0,,,0,0
Vagina,Weighted SuSiE-mix,CSs without a shared biological lead SNP,110,105,115,0,,,0,0
Vagina,Weighted SuSiE-mix,CSs without a shared biological lead SNP,120,115,125,0,,,0,0
Vagina,Weighted SuSiE-mix,CSs without a shared biological lead SNP,130,125,135,0,,,0,0
Vagina,Weighted SuSiE-mix,CSs without a shared biological lead SNP,140,135,145,0,,,0,0
Vagina,Weighted SuSiE-mix,CSs without a shared biological lead SNP,150,145,155,0,,,0,0
Vagina,Weighted SuSiE-mix,CSs without a shared biological lead SNP,160,155,165,0,,,0,0
Vagina,Weighted SuSiE-mix,CSs without a shared biological lead SNP,170,165,175,0,,,0,0
Vagina,Weighted SuSiE-mix,CSs without a shared biological lead SNP,180,175,185,0,,,0,0
Vagina,Weighted SuSiE-mix,CSs without a shared biological lead SNP,190,185,195,0,,,0,0
Vagina,Weighted SuSiE-mix,CSs without a shared biological lead SNP,200,195,205,0,,,0,0
